ts,videoBitrate,videoIndex,videoPendingIndex,videoPendingMaxIndex,videoMaxIndex,videoBufferLength,videoDroppedFrames,videoLatencyCount,videoLatency,videoDownloadCount,videoDownload,videoRatioCount,videoRatio,videoMtp,videoEtp,videoLiveLatency,videoPlaybackRate,audioBitrate,audioIndex,audioPendingIndex,audioPendingMaxIndex,audioMaxIndex,audioBufferLength,audioDroppedFrames,audioLatencyCount,audioLatency,audioDownloadCount,audioDownload,audioRatioCount,audioRatio,audioMtp,audioEtp,audioLiveLatency,audioPlaybackRate
1723801015,772,0,4,8,0,0,0,0,,0,,0,,0,0,0,1,0,0,0,0,0,0,0,0,,0,,0,,0,0,0,1
1723801015,772,0,4,8,0,0,0,0,,0,,0,,0,0,0,1,0,0,0,0,0,0,0,0,,0,,0,,0,0,0,1
1723801015,772,0,4,8,0,0,0,0,,0,,0,,0,0,0,1,0,0,0,0,0,0,0,0,,0,,0,,0,0,0,1
1723801015,772,0,4,8,0,0,0,0,,0,,0,,0,0,0,1,0,0,0,0,0,0,0,0,,0,,0,,0,0,0,1
1723801015,772,0,4,8,0,0,0,0,,0,,0,,0,0,0,1,0,0,0,0,0,0,0,0,,0,,0,,0,0,0,1
1723801015,772,0,4,8,0,0,0,0,,0,,0,,0,0,0,1,0,0,0,0,0,0,0,0,,0,,0,,0,0,0,1
1723801015,772,0,4,8,0,0,0,0,,0,,0,,0,0,0,1,0,0,0,0,0,0,0,0,,0,,0,,0,0,0,1
1723801015,772,0,4,8,8,0,0,0,,0,,0,,0,0,0,1,0,0,0,0,-1,0,0,0,,0,,0,,0,0,0,1
1723801015,772,0,4,8,8,0,0,0,,0,,0,,0,0,0,1,0,0,0,0,-1,0,0,0,,0,,0,,0,0,0,1
1723801016,772,0,4,8,8,0,0,0,,0,,0,,0,0,0,1,0,0,0,0,-1,0,0,0,,0,,0,,0,0,0,1
1723801016,772,0,4,8,8,0,0,0,,0,,0,,0,0,0,1,0,0,0,0,-1,0,0,0,,0,,0,,0,0,0,1
1723801016,772,0,4,8,8,0,0,0,,0,,0,,0,0,0,1,0,0,0,0,-1,0,0,0,,0,,0,,0,0,0,1
1723801016,772,0,4,8,8,0,0,0,,0,,0,,0,0,0,1,0,0,0,0,-1,0,0,0,,0,,0,,0,0,0,1
1723801016,772,0,4,8,8,0,0,0,,0,,0,,0,0,0,1,0,0,0,0,-1,0,0,0,,0,,0,,0,0,0,1
1723801016,772,0,4,8,8,0,0,0,,0,,0,,0,0,0,1,0,0,0,0,-1,0,0,0,,0,,0,,0,0,0,1
1723801016,772,0,4,8,8,0,0,0,,0,,0,,0,0,0,1,0,0,0,0,-1,0,0,0,,0,,0,,0,0,0,1
1723801016,772,0,4,8,8,0,0,0,,0,,0,,0,0,0,1,0,0,0,0,-1,0,0,0,,0,,0,,0,0,0,1
1723801016,772,0,4,8,8,0,0,0,,0,,0,,0,0,0,1,0,0,0,0,-1,0,0,0,,0,,0,,0,0,0,1
1723801016,772,4,4,8,8,0,0,0,,0,,0,,0,0,0,1,0,0,0,0,-1,0,0,0,,0,,0,,0,0,0,1
1723801017,772,4,4,8,8,0,0,0,,0,,0,,0,0,0,1,0,0,0,0,-1,0,0,0,,0,,0,,0,0,0,1
1723801017,772,4,4,8,8,0,0,0,,0,,0,,0,0,0,1,0,0,0,0,-1,0,0,0,,0,,0,,0,0,0,1
1723801017,772,4,4,8,8,0,0,0,,0,,0,,0,0,0,1,0,0,0,0,-1,0,0,0,,0,,0,,0,0,0,1
1723801017,772,4,4,8,8,0,0,0,,0,,0,,0,0,0,1,0,0,0,0,-1,0,0,0,,0,,0,,0,0,0,1
1723801017,772,4,4,8,8,0,0,0,,0,,0,,0,0,0,1,0,0,0,0,-1,0,0,0,,0,,0,,0,0,0,1
1723801017,772,4,4,8,8,0,0,0,,0,,0,,0,0,0,1,0,0,0,0,-1,0,0,0,,0,,0,,0,0,0,1
1723801017,772,4,4,8,8,0,0,0,,0,,0,,0,0,0,1,0,0,0,0,-1,0,0,0,,0,,0,,0,0,0,1
1723801017,772,4,4,8,8,0,0,0,,0,,0,,0,0,0,1,0,0,0,0,-1,0,0,0,,0,,0,,0,0,0,1
1723801017,772,4,4,8,8,3.962,0,0,0.31 | 0.31 | 0.31,0,1.75 | 1.75 | 1.75,0,2.29 | 2.29 | 2.29,0.957,0.000,0,1,0,0,0,0,-1,0,0,0,,0,,0,,0,0,0,1
1723801017,772,4,4,8,8,3.962,0,0,0.31 | 0.31 | 0.31,0,1.75 | 1.75 | 1.75,0,2.29 | 2.29 | 2.29,0.957,0.000,0,1,0,0,0,0,-1,0,0,0,,0,,0,,0,0,0,1
1723801018,772,4,4,8,8,3.962,0,0,0.31 | 0.31 | 0.31,0,1.75 | 1.75 | 1.75,0,2.29 | 2.29 | 2.29,0.957,0.000,0,1,0,0,0,0,-1,0,0,0,,0,,0,,0,0,0,1
1723801018,772,4,4,8,8,3.962,0,0,0.31 | 0.31 | 0.31,0,1.75 | 1.75 | 1.75,0,2.29 | 2.29 | 2.29,0.957,0.000,0,1,0,0,0,0,-1,0,0,0,,0,,0,,0,0,0,1
1723801018,580,4,3,8,8,3.962,0,0,0.31 | 0.31 | 0.31,0,1.75 | 1.75 | 1.75,0,2.29 | 2.29 | 2.29,0.957,0.000,0,1,0,0,0,0,-1,0,0,0,,0,,0,,0,0,0,1
1723801018,580,4,3,8,8,3.962,0,0,0.31 | 0.31 | 0.31,0,1.75 | 1.75 | 1.75,0,2.29 | 2.29 | 2.29,0.957,0.000,0,1,0,0,0,0,-1,0,0,0,,0,,0,,0,0,0,1
1723801018,580,4,3,8,8,3.962,0,0,0.31 | 0.31 | 0.31,0,1.75 | 1.75 | 1.75,0,2.29 | 2.29 | 2.29,0.957,0.000,0,1,0,0,0,0,-1,0,0,0,,0,,0,,0,0,0,1
1723801018,580,4,3,8,8,3.962,0,0,0.31 | 0.31 | 0.31,0,1.75 | 1.75 | 1.75,0,2.29 | 2.29 | 2.29,0.957,0.000,0,1,0,0,0,0,-1,0,0,0,,0,,0,,0,0,0,1
1723801018,580,4,3,8,8,3.962,0,0,0.31 | 0.31 | 0.31,0,1.75 | 1.75 | 1.75,0,2.29 | 2.29 | 2.29,0.957,0.000,0,1,0,0,0,0,-1,0,0,0,,0,,0,,0,0,0,1
1723801018,580,4,3,8,8,3.962,0,0,0.31 | 0.31 | 0.31,0,1.75 | 1.75 | 1.75,0,2.29 | 2.29 | 2.29,0.957,0.000,0,1,0,0,0,0,-1,0,0,0,,0,,0,,0,0,0,1
1723801018,580,4,3,8,8,6.099,0,0,0.31 | 0.31 | 0.31,0,1.11 | 1.43 | 1.75,0,2.29 | 2.80 | 3.61,0.791,0.000,0,1,0,0,0,0,-1,0,0,0,,0,,0,,0,0,0,1
1723801018,580,4,3,8,8,6.099,0,0,0.31 | 0.31 | 0.31,0,1.11 | 1.43 | 1.75,0,2.29 | 2.80 | 3.61,0.791,0.000,0,1,0,0,0,0,-1,0,0,0,,0,,0,,0,0,0,1
1723801019,580,4,3,8,8,6.099,0,0,0.31 | 0.31 | 0.31,0,1.11 | 1.43 | 1.75,0,2.29 | 2.80 | 3.61,0.791,0.000,0,1,0,0,0,0,-1,0,0,0,,0,,0,,0,0,0,1
1723801019,580,4,3,8,8,6.099,0,0,0.31 | 0.31 | 0.31,0,1.11 | 1.43 | 1.75,0,2.29 | 2.80 | 3.61,0.791,0.000,0,1,0,0,0,0,-1,0,0,0,,0,,0,,0,0,0,1
1723801019,580,4,3,8,8,6.099,0,0,0.31 | 0.31 | 0.31,0,1.11 | 1.43 | 1.75,0,2.29 | 2.80 | 3.61,0.791,0.000,0,1,0,0,0,0,-1,0,0,0,,0,,0,,0,0,0,1
1723801019,580,4,3,8,8,6.099,0,0,0.31 | 0.31 | 0.31,0,1.11 | 1.43 | 1.75,0,2.29 | 2.80 | 3.61,0.791,0.000,0,1,0,0,0,0,-1,0,0,0,,0,,0,,0,0,0,1
1723801019,580,4,3,8,8,6.099,0,0,0.31 | 0.31 | 0.31,0,1.11 | 1.43 | 1.75,0,2.29 | 2.80 | 3.61,0.791,0.000,0,1,0,0,0,0,-1,0,0,0,,0,,0,,0,0,0,1
1723801019,580,4,3,8,8,6.099,0,0,0.31 | 0.31 | 0.31,0,1.11 | 1.43 | 1.75,0,2.29 | 2.80 | 3.61,0.791,0.000,0,1,0,0,0,0,-1,0,0,0,,0,,0,,0,0,0,1
1723801019,580,4,3,8,8,6.099,0,0,0.31 | 0.31 | 0.31,0,1.11 | 1.43 | 1.75,0,2.29 | 2.80 | 3.61,0.791,0.000,0,1,0,0,0,0,-1,0,0,0,,0,,0,,0,0,0,1
1723801019,580,4,3,8,8,6.099,0,0,0.31 | 0.31 | 0.31,0,1.11 | 1.43 | 1.75,0,2.29 | 2.80 | 3.61,0.791,0.000,0,1,0,0,0,0,-1,0,0,0,,0,,0,,0,0,0,1
1723801019,580,4,3,8,8,5.303,0,0,0.31 | 0.31 | 0.31,0,1.11 | 1.43 | 1.75,0,2.29 | 2.80 | 3.61,0.791,0.000,0,1,0,0,0,0,-1,0,0,0,,0,,0,,0,0,0,1
1723801019,580,4,3,8,8,5.303,0,0,0.31 | 0.31 | 0.31,0,1.11 | 1.43 | 1.75,0,2.29 | 2.80 | 3.61,0.791,0.000,0,1,0,0,0,0,-1,0,0,0,,0,,0,,0,0,0,1
1723801020,580,4,3,8,8,5.303,0,0,0.31 | 0.31 | 0.31,0,1.11 | 1.43 | 1.75,0,2.29 | 2.80 | 3.61,0.791,0.000,0,1,0,0,0,0,-1,0,0,0,,0,,0,,0,0,0,1
1723801020,580,4,3,8,8,5.303,0,0,0.31 | 0.31 | 0.31,0,1.11 | 1.43 | 1.75,0,2.29 | 2.80 | 3.61,0.791,0.000,0,1,0,0,0,0,-1,0,0,0,,0,,0,,0,0,0,1
1723801020,580,4,3,8,8,5.303,0,0,0.31 | 0.31 | 0.31,0,1.11 | 1.43 | 1.75,0,2.29 | 2.80 | 3.61,0.791,0.000,0,1,0,0,0,0,-1,0,0,0,,0,,0,,0,0,0,1
1723801020,580,4,3,8,8,5.303,0,0,0.31 | 0.31 | 0.31,0,1.11 | 1.43 | 1.75,0,2.29 | 2.80 | 3.61,0.791,0.000,0,1,0,0,0,0,-1,0,0,0,,0,,0,,0,0,0,1
1723801020,580,4,3,8,8,5.303,0,0,0.31 | 0.31 | 0.31,0,1.11 | 1.43 | 1.75,0,2.29 | 2.80 | 3.61,0.791,0.000,0,1,0,0,0,0,-1,0,0,0,,0,,0,,0,0,0,1
1723801020,580,4,3,8,8,5.303,0,0,0.31 | 0.31 | 0.31,0,1.11 | 1.43 | 1.75,0,2.29 | 2.80 | 3.61,0.791,0.000,0,1,0,0,0,0,-1,0,0,0,,0,,0,,0,0,0,1
1723801020,580,4,3,8,8,5.303,0,0,0.31 | 0.31 | 0.31,0,1.11 | 1.43 | 1.75,0,2.29 | 2.80 | 3.61,0.791,0.000,0,1,0,0,0,0,-1,0,0,0,,0,,0,,0,0,0,1
1723801020,580,4,3,8,8,5.303,0,0,0.31 | 0.31 | 0.31,0,1.11 | 1.43 | 1.75,0,2.29 | 2.80 | 3.61,0.791,0.000,0,1,0,0,0,0,-1,0,0,0,,0,,0,,0,0,0,1
1723801020,580,4,3,8,8,4.24,0,0,0.31 | 0.31 | 0.31,0,1.11 | 1.43 | 1.75,0,2.29 | 2.80 | 3.61,0.791,0.000,0,1,0,0,0,0,-1,0,0,0,,0,,0,,0,0,0,1
1723801020,580,4,3,8,8,4.24,0,0,0.31 | 0.31 | 0.31,0,1.11 | 1.43 | 1.75,0,2.29 | 2.80 | 3.61,0.791,0.000,0,1,0,0,0,0,-1,0,0,0,,0,,0,,0,0,0,1
1723801021,580,4,3,8,8,4.24,0,0,0.31 | 0.31 | 0.31,0,1.11 | 1.43 | 1.75,0,2.29 | 2.80 | 3.61,0.791,0.000,0,1,0,0,0,0,-1,0,0,0,,0,,0,,0,0,0,1
1723801021,580,4,3,8,8,4.24,0,0,0.31 | 0.31 | 0.31,0,1.11 | 1.43 | 1.75,0,2.29 | 2.80 | 3.61,0.791,0.000,0,1,0,0,0,0,-1,0,0,0,,0,,0,,0,0,0,1
1723801021,580,4,3,8,8,4.24,0,0,0.31 | 0.31 | 0.31,0,1.11 | 1.43 | 1.75,0,2.29 | 2.80 | 3.61,0.791,0.000,0,1,0,0,0,0,-1,0,0,0,,0,,0,,0,0,0,1
1723801021,580,4,3,8,8,4.24,0,0,0.31 | 0.31 | 0.31,0,1.11 | 1.43 | 1.75,0,2.29 | 2.80 | 3.61,0.791,0.000,0,1,0,0,0,0,-1,0,0,0,,0,,0,,0,0,0,1
1723801021,580,4,3,8,8,4.24,0,0,0.31 | 0.31 | 0.31,0,1.11 | 1.43 | 1.75,0,2.29 | 2.80 | 3.61,0.791,0.000,0,1,0,0,0,0,-1,0,0,0,,0,,0,,0,0,0,1
1723801021,580,4,3,8,8,4.24,0,0,0.31 | 0.31 | 0.31,0,1.11 | 1.43 | 1.75,0,2.29 | 2.80 | 3.61,0.791,0.000,0,1,0,0,0,0,-1,0,0,0,,0,,0,,0,0,0,1
1723801021,580,4,3,8,8,4.24,0,0,0.31 | 0.31 | 0.31,0,1.11 | 1.43 | 1.75,0,2.29 | 2.80 | 3.61,0.791,0.000,0,1,0,0,0,0,-1,0,0,0,,0,,0,,0,0,0,1
1723801021,580,4,3,8,8,4.24,0,0,0.31 | 0.31 | 0.31,0,1.11 | 1.43 | 1.75,0,2.29 | 2.80 | 3.61,0.791,0.000,0,1,0,0,0,0,-1,0,0,0,,0,,0,,0,0,0,1
1723801021,580,4,3,8,8,3.178,0,0,0.31 | 0.31 | 0.31,0,1.11 | 1.43 | 1.75,0,2.29 | 2.80 | 3.61,0.791,0.000,0,1,0,0,0,0,-1,0,0,0,,0,,0,,0,0,0,1
1723801021,580,4,3,8,8,3.178,0,0,0.31 | 0.31 | 0.31,0,1.11 | 1.43 | 1.75,0,2.29 | 2.80 | 3.61,0.791,0.000,0,1,0,0,0,0,-1,0,0,0,,0,,0,,0,0,0,1
1723801022,580,4,3,8,8,3.178,0,0,0.31 | 0.31 | 0.31,0,1.11 | 1.43 | 1.75,0,2.29 | 2.80 | 3.61,0.791,0.000,0,1,0,0,0,0,-1,0,0,0,,0,,0,,0,0,0,1
1723801022,580,4,3,8,8,3.178,0,0,0.31 | 0.31 | 0.31,0,1.11 | 1.43 | 1.75,0,2.29 | 2.80 | 3.61,0.791,0.000,0,1,0,0,0,0,-1,0,0,0,,0,,0,,0,0,0,1
1723801022,580,4,3,8,8,3.178,0,0,0.31 | 0.31 | 0.31,0,1.11 | 1.43 | 1.75,0,2.29 | 2.80 | 3.61,0.791,0.000,0,1,0,0,0,0,-1,0,0,0,,0,,0,,0,0,0,1
1723801022,580,4,3,8,8,3.178,0,0,0.31 | 0.31 | 0.31,0,1.11 | 1.43 | 1.75,0,2.29 | 2.80 | 3.61,0.791,0.000,0,1,0,0,0,0,-1,0,0,0,,0,,0,,0,0,0,1
1723801022,580,4,3,8,8,3.178,0,0,0.31 | 0.31 | 0.31,0,1.11 | 1.43 | 1.75,0,2.29 | 2.80 | 3.61,0.791,0.000,0,1,0,0,0,0,-1,0,0,0,,0,,0,,0,0,0,1
1723801022,580,4,3,8,8,3.178,0,0,0.31 | 0.31 | 0.31,0,1.11 | 1.43 | 1.75,0,2.29 | 2.80 | 3.61,0.791,0.000,0,1,0,0,0,0,-1,0,0,0,,0,,0,,0,0,0,1
1723801022,580,4,3,8,8,3.178,0,0,0.31 | 0.31 | 0.31,0,1.11 | 1.43 | 1.75,0,2.29 | 2.80 | 3.61,0.791,0.000,0,1,0,0,0,0,-1,0,0,0,,0,,0,,0,0,0,1
1723801022,580,4,3,8,8,3.178,0,0,0.31 | 0.31 | 0.31,0,1.11 | 1.43 | 1.75,0,2.29 | 2.80 | 3.61,0.791,0.000,0,1,0,0,0,0,-1,0,0,0,,0,,0,,0,0,0,1
1723801022,580,4,3,8,8,6.915,0,0,0.31 | 0.31 | 0.31,0,1.11 | 2.11 | 3.48,0,1.15 | 1.89 | 3.61,0.845,0.000,0,1,0,0,0,0,-1,0,0,0,,0,,0,,0,0,0,1
1723801022,580,4,3,8,8,6.915,0,0,0.31 | 0.31 | 0.31,0,1.11 | 2.11 | 3.48,0,1.15 | 1.89 | 3.61,0.845,0.000,0,1,0,0,0,0,-1,0,0,0,,0,,0,,0,0,0,1
1723801023,580,4,3,8,8,6.915,0,0,0.31 | 0.31 | 0.31,0,1.11 | 2.11 | 3.48,0,1.15 | 1.89 | 3.61,0.845,0.000,0,1,0,0,0,0,-1,0,0,0,,0,,0,,0,0,0,1
1723801023,580,4,3,8,8,6.915,0,0,0.31 | 0.31 | 0.31,0,1.11 | 2.11 | 3.48,0,1.15 | 1.89 | 3.61,0.845,0.000,0,1,0,0,0,0,-1,0,0,0,,0,,0,,0,0,0,1
1723801023,580,4,3,8,8,6.915,0,0,0.31 | 0.31 | 0.31,0,1.11 | 2.11 | 3.48,0,1.15 | 1.89 | 3.61,0.845,0.000,0,1,0,0,0,0,-1,0,0,0,,0,,0,,0,0,0,1
1723801023,580,4,3,8,8,6.915,0,0,0.31 | 0.31 | 0.31,0,1.11 | 2.11 | 3.48,0,1.15 | 1.89 | 3.61,0.845,0.000,0,1,0,0,0,0,-1,0,0,0,,0,,0,,0,0,0,1
1723801023,580,4,3,8,8,6.915,0,0,0.31 | 0.31 | 0.31,0,1.11 | 2.11 | 3.48,0,1.15 | 1.89 | 3.61,0.845,0.000,0,1,0,0,0,0,-1,0,0,0,,0,,0,,0,0,0,1
1723801023,580,4,3,8,8,6.915,0,0,0.31 | 0.31 | 0.31,0,1.11 | 2.11 | 3.48,0,1.15 | 1.89 | 3.61,0.845,0.000,0,1,0,0,0,0,-1,0,0,0,,0,,0,,0,0,0,1
1723801023,580,4,3,8,8,6.915,0,0,0.31 | 0.31 | 0.31,0,1.11 | 2.11 | 3.48,0,1.15 | 1.89 | 3.61,0.845,0.000,0,1,0,0,0,0,-1,0,0,0,,0,,0,,0,0,0,1
1723801023,580,4,3,8,8,6.915,0,0,0.31 | 0.31 | 0.31,0,1.11 | 2.11 | 3.48,0,1.15 | 1.89 | 3.61,0.845,0.000,0,1,0,0,0,0,-1,0,0,0,,0,,0,,0,0,0,1
1723801023,580,4,3,8,8,6.118,0,0,0.31 | 0.31 | 0.31,0,1.11 | 2.11 | 3.48,0,1.15 | 1.89 | 3.61,0.845,0.000,0,1,0,0,0,0,-1,0,0,0,,0,,0,,0,0,0,1
1723801023,580,4,3,8,8,6.118,0,0,0.31 | 0.31 | 0.31,0,1.11 | 2.11 | 3.48,0,1.15 | 1.89 | 3.61,0.845,0.000,0,1,0,0,0,0,-1,0,0,0,,0,,0,,0,0,0,1
1723801024,580,4,3,8,8,6.118,0,0,0.31 | 0.31 | 0.31,0,1.11 | 2.11 | 3.48,0,1.15 | 1.89 | 3.61,0.845,0.000,0,1,0,0,0,0,-1,0,0,0,,0,,0,,0,0,0,1
1723801024,580,4,3,8,8,6.118,0,0,0.31 | 0.31 | 0.31,0,1.11 | 2.11 | 3.48,0,1.15 | 1.89 | 3.61,0.845,0.000,0,1,0,0,0,0,-1,0,0,0,,0,,0,,0,0,0,1
1723801024,580,4,3,8,8,6.118,0,0,0.31 | 0.31 | 0.31,0,1.11 | 2.11 | 3.48,0,1.15 | 1.89 | 3.61,0.845,0.000,0,1,0,0,0,0,-1,0,0,0,,0,,0,,0,0,0,1
1723801024,580,4,3,8,8,6.118,0,0,0.31 | 0.31 | 0.31,0,1.11 | 2.11 | 3.48,0,1.15 | 1.89 | 3.61,0.845,0.000,0,1,0,0,0,0,-1,0,0,0,,0,,0,,0,0,0,1
1723801024,580,4,3,8,8,6.118,0,0,0.31 | 0.31 | 0.31,0,1.11 | 2.11 | 3.48,0,1.15 | 1.89 | 3.61,0.845,0.000,0,1,0,0,0,0,-1,0,0,0,,0,,0,,0,0,0,1
1723801024,580,4,3,8,8,6.118,0,0,0.31 | 0.31 | 0.31,0,1.11 | 2.11 | 3.48,0,1.15 | 1.89 | 3.61,0.845,0.000,0,1,0,0,0,0,-1,0,0,0,,0,,0,,0,0,0,1
1723801024,580,4,3,8,8,6.118,0,0,0.31 | 0.31 | 0.31,0,1.11 | 2.11 | 3.48,0,1.15 | 1.89 | 3.61,0.845,0.000,0,1,0,0,0,0,-1,0,0,0,,0,,0,,0,0,0,1
1723801024,580,4,3,8,8,6.118,0,0,0.31 | 0.31 | 0.31,0,1.11 | 2.11 | 3.48,0,1.15 | 1.89 | 3.61,0.845,0.000,0,1,0,0,0,0,-1,0,0,0,,0,,0,,0,0,0,1
1723801024,580,3,3,8,8,8.255,0,0,0.31 | 0.31 | 0.31,0,1.11 | 2.06 | 3.48,0,1.15 | 1.94 | 3.61,0.873,0.000,0,1,0,0,0,0,-1,0,0,0,,0,,0,,0,0,0,1
1723801024,580,3,3,8,8,8.255,0,0,0.31 | 0.31 | 0.31,0,1.11 | 2.06 | 3.48,0,1.15 | 1.94 | 3.61,0.873,0.000,0,1,0,0,0,0,-1,0,0,0,,0,,0,,0,0,0,1
1723801025,580,3,3,8,8,8.255,0,0,0.31 | 0.31 | 0.31,0,1.11 | 2.06 | 3.48,0,1.15 | 1.94 | 3.61,0.873,0.000,0,1,0,0,0,0,-1,0,0,0,,0,,0,,0,0,0,1
1723801025,580,3,3,8,8,8.255,0,0,0.31 | 0.31 | 0.31,0,1.11 | 2.06 | 3.48,0,1.15 | 1.94 | 3.61,0.873,0.000,0,1,0,0,0,0,-1,0,0,0,,0,,0,,0,0,0,1
1723801025,580,3,3,8,8,8.255,0,0,0.31 | 0.31 | 0.31,0,1.11 | 2.06 | 3.48,0,1.15 | 1.94 | 3.61,0.873,0.000,0,1,0,0,0,0,-1,0,0,0,,0,,0,,0,0,0,1
1723801025,580,3,3,8,8,8.255,0,0,0.31 | 0.31 | 0.31,0,1.11 | 2.06 | 3.48,0,1.15 | 1.94 | 3.61,0.873,0.000,0,1,0,0,0,0,-1,0,0,0,,0,,0,,0,0,0,1
1723801025,580,3,3,8,8,8.255,0,0,0.31 | 0.31 | 0.31,0,1.11 | 2.06 | 3.48,0,1.15 | 1.94 | 3.61,0.873,0.000,0,1,0,0,0,0,-1,0,0,0,,0,,0,,0,0,0,1
1723801025,580,3,3,8,8,8.255,0,0,0.31 | 0.31 | 0.31,0,1.11 | 2.06 | 3.48,0,1.15 | 1.94 | 3.61,0.873,0.000,0,1,0,0,0,0,-1,0,0,0,,0,,0,,0,0,0,1
1723801025,580,3,3,8,8,8.255,0,0,0.31 | 0.31 | 0.31,0,1.11 | 2.06 | 3.48,0,1.15 | 1.94 | 3.61,0.873,0.000,0,1,0,0,0,0,-1,0,0,0,,0,,0,,0,0,0,1
1723801025,580,3,3,8,8,8.255,0,0,0.31 | 0.31 | 0.31,0,1.11 | 2.06 | 3.48,0,1.15 | 1.94 | 3.61,0.873,0.000,0,1,0,0,0,0,-1,0,0,0,,0,,0,,0,0,0,1
1723801025,580,3,3,8,8,7.193,0,0,0.31 | 0.31 | 0.31,0,1.11 | 2.06 | 3.48,0,1.15 | 1.94 | 3.61,0.873,0.000,0,1,0,0,0,0,-1,0,0,0,,0,,0,,0,0,0,1
1723801025,580,3,3,8,8,7.193,0,0,0.31 | 0.31 | 0.31,0,1.11 | 2.06 | 3.48,0,1.15 | 1.94 | 3.61,0.873,0.000,0,1,0,0,0,0,-1,0,0,0,,0,,0,,0,0,0,1
1723801026,580,3,3,8,8,7.193,0,0,0.31 | 0.31 | 0.31,0,1.11 | 2.06 | 3.48,0,1.15 | 1.94 | 3.61,0.873,0.000,0,1,0,0,0,0,-1,0,0,0,,0,,0,,0,0,0,1
1723801026,580,3,3,8,8,7.193,0,0,0.31 | 0.31 | 0.31,0,1.11 | 2.06 | 3.48,0,1.15 | 1.94 | 3.61,0.873,0.000,0,1,0,0,0,0,-1,0,0,0,,0,,0,,0,0,0,1
1723801026,580,3,3,8,8,7.193,0,0,0.31 | 0.31 | 0.31,0,1.11 | 2.06 | 3.48,0,1.15 | 1.94 | 3.61,0.873,0.000,0,1,0,0,0,0,-1,0,0,0,,0,,0,,0,0,0,1
1723801026,580,3,3,8,8,7.193,0,0,0.31 | 0.31 | 0.31,0,1.11 | 2.06 | 3.48,0,1.15 | 1.94 | 3.61,0.873,0.000,0,1,0,0,0,0,-1,0,0,0,,0,,0,,0,0,0,1
1723801026,580,3,3,8,8,7.193,0,0,0.31 | 0.31 | 0.31,0,1.11 | 2.06 | 3.48,0,1.15 | 1.94 | 3.61,0.873,0.000,0,1,0,0,0,0,-1,0,0,0,,0,,0,,0,0,0,1
1723801026,580,3,3,8,8,7.193,0,0,0.31 | 0.31 | 0.31,0,1.11 | 2.06 | 3.48,0,1.15 | 1.94 | 3.61,0.873,0.000,0,1,0,0,0,0,-1,0,0,0,,0,,0,,0,0,0,1
1723801026,580,3,3,8,8,7.193,0,0,0.31 | 0.31 | 0.31,0,1.11 | 2.06 | 3.48,0,1.15 | 1.94 | 3.61,0.873,0.000,0,1,0,0,0,0,-1,0,0,0,,0,,0,,0,0,0,1
1723801026,580,3,3,8,8,7.193,0,0,0.31 | 0.31 | 0.31,0,1.11 | 2.06 | 3.48,0,1.15 | 1.94 | 3.61,0.873,0.000,0,1,0,0,0,0,-1,0,0,0,,0,,0,,0,0,0,1
1723801026,580,3,3,8,8,6.131,0,0,0.31 | 0.31 | 0.31,0,1.11 | 2.06 | 3.48,0,1.15 | 1.94 | 3.61,0.873,0.000,0,1,0,0,0,0,-1,0,0,0,,0,,0,,0,0,0,1
1723801026,580,3,3,8,8,6.131,0,0,0.31 | 0.31 | 0.31,0,1.11 | 2.06 | 3.48,0,1.15 | 1.94 | 3.61,0.873,0.000,0,1,0,0,0,0,-1,0,0,0,,0,,0,,0,0,0,1
1723801027,580,3,3,8,8,6.131,0,0,0.31 | 0.31 | 0.31,0,1.11 | 2.06 | 3.48,0,1.15 | 1.94 | 3.61,0.873,0.000,0,1,0,0,0,0,-1,0,0,0,,0,,0,,0,0,0,1
1723801027,580,3,3,8,8,6.131,0,0,0.31 | 0.31 | 0.31,0,1.11 | 2.06 | 3.48,0,1.15 | 1.94 | 3.61,0.873,0.000,0,1,0,0,0,0,-1,0,0,0,,0,,0,,0,0,0,1
1723801027,580,3,3,8,8,6.131,0,0,0.31 | 0.31 | 0.31,0,1.11 | 2.06 | 3.48,0,1.15 | 1.94 | 3.61,0.873,0.000,0,1,0,0,0,0,-1,0,0,0,,0,,0,,0,0,0,1
1723801027,580,3,3,8,8,6.131,0,0,0.31 | 0.31 | 0.31,0,1.11 | 2.06 | 3.48,0,1.15 | 1.94 | 3.61,0.873,0.000,0,1,0,0,0,0,-1,0,0,0,,0,,0,,0,0,0,1
1723801027,580,3,3,8,8,6.131,0,0,0.31 | 0.31 | 0.31,0,1.11 | 2.06 | 3.48,0,1.15 | 1.94 | 3.61,0.873,0.000,0,1,0,0,0,0,-1,0,0,0,,0,,0,,0,0,0,1
1723801027,580,3,3,8,8,6.131,0,0,0.31 | 0.31 | 0.31,0,1.11 | 2.06 | 3.48,0,1.15 | 1.94 | 3.61,0.873,0.000,0,1,0,0,0,0,-1,0,0,0,,0,,0,,0,0,0,1
1723801027,580,3,3,8,8,6.131,0,0,0.31 | 0.31 | 0.31,0,1.11 | 2.06 | 3.48,0,1.15 | 1.94 | 3.61,0.873,0.000,0,1,0,0,0,0,-1,0,0,0,,0,,0,,0,0,0,1
1723801027,580,3,3,8,8,6.131,0,0,0.31 | 0.31 | 0.31,0,1.11 | 2.06 | 3.48,0,1.15 | 1.94 | 3.61,0.873,0.000,0,1,0,0,0,0,-1,0,0,0,,0,,0,,0,0,0,1
1723801027,580,3,3,8,8,9.868,0,0,0.31 | 0.31 | 0.31,0,1.11 | 2.33 | 3.48,0,1.15 | 1.71 | 3.61,0.879,0.000,0,1,0,0,0,0,-1,0,0,0,,0,,0,,0,0,0,1
1723801027,580,3,3,8,8,9.868,0,0,0.31 | 0.31 | 0.31,0,1.11 | 2.33 | 3.48,0,1.15 | 1.71 | 3.61,0.879,0.000,0,1,0,0,0,0,-1,0,0,0,,0,,0,,0,0,0,1
1723801028,580,3,3,8,8,9.868,0,0,0.31 | 0.31 | 0.31,0,1.11 | 2.33 | 3.48,0,1.15 | 1.71 | 3.61,0.879,0.000,0,1,0,0,0,0,-1,0,0,0,,0,,0,,0,0,0,1
1723801028,580,3,3,8,8,9.868,0,0,0.31 | 0.31 | 0.31,0,1.11 | 2.33 | 3.48,0,1.15 | 1.71 | 3.61,0.879,0.000,0,1,0,0,0,0,-1,0,0,0,,0,,0,,0,0,0,1
1723801028,580,3,3,8,8,9.868,0,0,0.31 | 0.31 | 0.31,0,1.11 | 2.33 | 3.48,0,1.15 | 1.71 | 3.61,0.879,0.000,0,1,0,0,0,0,-1,0,0,0,,0,,0,,0,0,0,1
1723801028,580,3,3,8,8,9.868,0,0,0.31 | 0.31 | 0.31,0,1.11 | 2.33 | 3.48,0,1.15 | 1.71 | 3.61,0.879,0.000,0,1,0,0,0,0,-1,0,0,0,,0,,0,,0,0,0,1
1723801028,580,3,3,8,8,9.868,0,0,0.31 | 0.31 | 0.31,0,1.11 | 2.33 | 3.48,0,1.15 | 1.71 | 3.61,0.879,0.000,0,1,0,0,0,0,-1,0,0,0,,0,,0,,0,0,0,1
1723801028,580,3,3,8,8,9.868,0,0,0.31 | 0.31 | 0.31,0,1.11 | 2.33 | 3.48,0,1.15 | 1.71 | 3.61,0.879,0.000,0,1,0,0,0,0,-1,0,0,0,,0,,0,,0,0,0,1
1723801028,580,3,3,8,8,9.868,0,0,0.31 | 0.31 | 0.31,0,1.11 | 2.33 | 3.48,0,1.15 | 1.71 | 3.61,0.879,0.000,0,1,0,0,0,0,-1,0,0,0,,0,,0,,0,0,0,1
1723801028,580,3,3,8,8,9.868,0,0,0.31 | 0.31 | 0.31,0,1.11 | 2.33 | 3.48,0,1.15 | 1.71 | 3.61,0.879,0.000,0,1,0,0,0,0,-1,0,0,0,,0,,0,,0,0,0,1
1723801028,580,3,3,8,8,9.071,0,0,0.31 | 0.31 | 0.31,0,1.11 | 2.33 | 3.48,0,1.15 | 1.71 | 3.61,0.879,0.000,0,1,0,0,0,0,-1,0,0,0,,0,,0,,0,0,0,1
1723801028,580,3,3,8,8,9.071,0,0,0.31 | 0.31 | 0.31,0,1.11 | 2.33 | 3.48,0,1.15 | 1.71 | 3.61,0.879,0.000,0,1,0,0,0,0,-1,0,0,0,,0,,0,,0,0,0,1
1723801029,580,3,3,8,8,9.071,0,0,0.31 | 0.31 | 0.31,0,1.11 | 2.33 | 3.48,0,1.15 | 1.71 | 3.61,0.879,0.000,0,1,0,0,0,0,-1,0,0,0,,0,,0,,0,0,0,1
1723801029,580,3,3,8,8,9.071,0,0,0.31 | 0.31 | 0.31,0,1.11 | 2.33 | 3.48,0,1.15 | 1.71 | 3.61,0.879,0.000,0,1,0,0,0,0,-1,0,0,0,,0,,0,,0,0,0,1
1723801029,580,3,3,8,8,9.071,0,0,0.31 | 0.31 | 0.31,0,1.11 | 2.33 | 3.48,0,1.15 | 1.71 | 3.61,0.879,0.000,0,1,0,0,0,0,-1,0,0,0,,0,,0,,0,0,0,1
1723801029,580,3,3,8,8,9.071,0,0,0.31 | 0.31 | 0.31,0,1.11 | 2.33 | 3.48,0,1.15 | 1.71 | 3.61,0.879,0.000,0,1,0,0,0,0,-1,0,0,0,,0,,0,,0,0,0,1
1723801029,580,3,3,8,8,9.071,0,0,0.31 | 0.31 | 0.31,0,1.11 | 2.33 | 3.48,0,1.15 | 1.71 | 3.61,0.879,0.000,0,1,0,0,0,0,-1,0,0,0,,0,,0,,0,0,0,1
1723801029,580,3,3,8,8,9.071,0,0,0.31 | 0.31 | 0.31,0,1.11 | 2.33 | 3.48,0,1.15 | 1.71 | 3.61,0.879,0.000,0,1,0,0,0,0,-1,0,0,0,,0,,0,,0,0,0,1
1723801029,580,3,3,8,8,9.071,0,0,0.31 | 0.31 | 0.31,0,1.11 | 2.33 | 3.48,0,1.15 | 1.71 | 3.61,0.879,0.000,0,1,0,0,0,0,-1,0,0,0,,0,,0,,0,0,0,1
1723801029,580,3,3,8,8,9.071,0,0,0.31 | 0.31 | 0.31,0,1.11 | 2.33 | 3.48,0,1.15 | 1.71 | 3.61,0.879,0.000,0,1,0,0,0,0,-1,0,0,0,,0,,0,,0,0,0,1
1723801029,580,3,3,8,8,8.009,0,0,0.31 | 0.31 | 0.31,0,1.11 | 2.33 | 3.48,0,1.15 | 1.71 | 3.61,0.879,0.000,0,1,0,0,0,0,-1,0,0,0,,0,,0,,0,0,0,1
1723801029,580,3,3,8,8,8.009,0,0,0.31 | 0.31 | 0.31,0,1.11 | 2.33 | 3.48,0,1.15 | 1.71 | 3.61,0.879,0.000,0,1,0,0,0,0,-1,0,0,0,,0,,0,,0,0,0,1
1723801030,580,3,3,8,8,8.009,0,0,0.31 | 0.31 | 0.31,0,1.11 | 2.33 | 3.48,0,1.15 | 1.71 | 3.61,0.879,0.000,0,1,0,0,0,0,-1,0,0,0,,0,,0,,0,0,0,1
1723801030,580,3,3,8,8,8.009,0,0,0.31 | 0.31 | 0.31,0,1.11 | 2.33 | 3.48,0,1.15 | 1.71 | 3.61,0.879,0.000,0,1,0,0,0,0,-1,0,0,0,,0,,0,,0,0,0,1
1723801030,580,3,3,8,8,8.009,0,0,0.31 | 0.31 | 0.31,0,1.11 | 2.33 | 3.48,0,1.15 | 1.71 | 3.61,0.879,0.000,0,1,0,0,0,0,-1,0,0,0,,0,,0,,0,0,0,1
1723801030,580,3,3,8,8,8.009,0,0,0.31 | 0.31 | 0.31,0,1.11 | 2.33 | 3.48,0,1.15 | 1.71 | 3.61,0.879,0.000,0,1,0,0,0,0,-1,0,0,0,,0,,0,,0,0,0,1
1723801030,580,3,3,8,8,8.009,0,0,0.31 | 0.31 | 0.31,0,1.11 | 2.33 | 3.48,0,1.15 | 1.71 | 3.61,0.879,0.000,0,1,0,0,0,0,-1,0,0,0,,0,,0,,0,0,0,1
1723801030,580,3,3,8,8,8.009,0,0,0.31 | 0.31 | 0.31,0,1.11 | 2.33 | 3.48,0,1.15 | 1.71 | 3.61,0.879,0.000,0,1,0,0,0,0,-1,0,0,0,,0,,0,,0,0,0,1
1723801030,580,3,3,8,8,8.009,0,0,0.31 | 0.31 | 0.31,0,1.11 | 2.33 | 3.48,0,1.15 | 1.71 | 3.61,0.879,0.000,0,1,0,0,0,0,-1,0,0,0,,0,,0,,0,0,0,1
1723801030,580,3,3,8,8,8.009,0,0,0.31 | 0.31 | 0.31,0,1.11 | 2.33 | 3.48,0,1.15 | 1.71 | 3.61,0.879,0.000,0,1,0,0,0,0,-1,0,0,0,,0,,0,,0,0,0,1
1723801030,580,3,3,8,8,10.146,0,0,0.31 | 0.31 | 0.32,0,1.90 | 2.66 | 3.48,0,1.15 | 1.50 | 2.10,0.943,0.000,0,1,0,0,0,0,-1,0,0,0,,0,,0,,0,0,0,1
1723801030,580,3,3,8,8,10.146,0,0,0.31 | 0.31 | 0.32,0,1.90 | 2.66 | 3.48,0,1.15 | 1.50 | 2.10,0.943,0.000,0,1,0,0,0,0,-1,0,0,0,,0,,0,,0,0,0,1
1723801031,580,3,3,8,8,10.146,0,0,0.31 | 0.31 | 0.32,0,1.90 | 2.66 | 3.48,0,1.15 | 1.50 | 2.10,0.943,0.000,0,1,0,0,0,0,-1,0,0,0,,0,,0,,0,0,0,1
1723801031,580,3,3,8,8,10.146,0,0,0.31 | 0.31 | 0.32,0,1.90 | 2.66 | 3.48,0,1.15 | 1.50 | 2.10,0.943,0.000,0,1,0,0,0,0,-1,0,0,0,,0,,0,,0,0,0,1
1723801031,580,3,3,8,8,10.146,0,0,0.31 | 0.31 | 0.32,0,1.90 | 2.66 | 3.48,0,1.15 | 1.50 | 2.10,0.943,0.000,0,1,0,0,0,0,-1,0,0,0,,0,,0,,0,0,0,1
1723801031,580,3,3,8,8,10.146,0,0,0.31 | 0.31 | 0.32,0,1.90 | 2.66 | 3.48,0,1.15 | 1.50 | 2.10,0.943,0.000,0,1,0,0,0,0,-1,0,0,0,,0,,0,,0,0,0,1
1723801031,580,3,3,8,8,10.146,0,0,0.31 | 0.31 | 0.32,0,1.90 | 2.66 | 3.48,0,1.15 | 1.50 | 2.10,0.943,0.000,0,1,0,0,0,0,-1,0,0,0,,0,,0,,0,0,0,1
1723801031,580,3,3,8,8,10.146,0,0,0.31 | 0.31 | 0.32,0,1.90 | 2.66 | 3.48,0,1.15 | 1.50 | 2.10,0.943,0.000,0,1,0,0,0,0,-1,0,0,0,,0,,0,,0,0,0,1
1723801031,580,3,3,8,8,10.146,0,0,0.31 | 0.31 | 0.32,0,1.90 | 2.66 | 3.48,0,1.15 | 1.50 | 2.10,0.943,0.000,0,1,0,0,0,0,-1,0,0,0,,0,,0,,0,0,0,1
1723801031,580,3,3,8,8,10.146,0,0,0.31 | 0.31 | 0.32,0,1.90 | 2.66 | 3.48,0,1.15 | 1.50 | 2.10,0.943,0.000,0,1,0,0,0,0,-1,0,0,0,,0,,0,,0,0,0,1
1723801031,580,3,3,8,8,9.084,0,0,0.31 | 0.31 | 0.32,0,1.90 | 2.66 | 3.48,0,1.15 | 1.50 | 2.10,0.943,0.000,0,1,0,0,0,0,-1,0,0,0,,0,,0,,0,0,0,1
1723801031,580,3,3,8,8,9.084,0,0,0.31 | 0.31 | 0.32,0,1.90 | 2.66 | 3.48,0,1.15 | 1.50 | 2.10,0.943,0.000,0,1,0,0,0,0,-1,0,0,0,,0,,0,,0,0,0,1
1723801032,580,3,3,8,8,9.084,0,0,0.31 | 0.31 | 0.32,0,1.90 | 2.66 | 3.48,0,1.15 | 1.50 | 2.10,0.943,0.000,0,1,0,0,0,0,-1,0,0,0,,0,,0,,0,0,0,1
1723801032,580,3,3,8,8,9.084,0,0,0.31 | 0.31 | 0.32,0,1.90 | 2.66 | 3.48,0,1.15 | 1.50 | 2.10,0.943,0.000,0,1,0,0,0,0,-1,0,0,0,,0,,0,,0,0,0,1
1723801032,580,3,3,8,8,9.084,0,0,0.31 | 0.31 | 0.32,0,1.90 | 2.66 | 3.48,0,1.15 | 1.50 | 2.10,0.943,0.000,0,1,0,0,0,0,-1,0,0,0,,0,,0,,0,0,0,1
1723801032,580,3,3,8,8,9.084,0,0,0.31 | 0.31 | 0.32,0,1.90 | 2.66 | 3.48,0,1.15 | 1.50 | 2.10,0.943,0.000,0,1,0,0,0,0,-1,0,0,0,,0,,0,,0,0,0,1
1723801032,580,3,3,8,8,9.084,0,0,0.31 | 0.31 | 0.32,0,1.90 | 2.66 | 3.48,0,1.15 | 1.50 | 2.10,0.943,0.000,0,1,0,0,0,0,-1,0,0,0,,0,,0,,0,0,0,1
1723801032,580,3,3,8,8,9.084,0,0,0.31 | 0.31 | 0.32,0,1.90 | 2.66 | 3.48,0,1.15 | 1.50 | 2.10,0.943,0.000,0,1,0,0,0,0,-1,0,0,0,,0,,0,,0,0,0,1
1723801032,580,3,3,8,8,9.084,0,0,0.31 | 0.31 | 0.32,0,1.90 | 2.66 | 3.48,0,1.15 | 1.50 | 2.10,0.943,0.000,0,1,0,0,0,0,-1,0,0,0,,0,,0,,0,0,0,1
1723801032,580,3,3,8,8,9.084,0,0,0.31 | 0.31 | 0.32,0,1.90 | 2.66 | 3.48,0,1.15 | 1.50 | 2.10,0.943,0.000,0,1,0,0,0,0,-1,0,0,0,,0,,0,,0,0,0,1
1723801032,580,3,3,8,8,8.287,0,0,0.31 | 0.31 | 0.32,0,1.90 | 2.66 | 3.48,0,1.15 | 1.50 | 2.10,0.943,0.000,0,1,0,0,0,0,-1,0,0,0,,0,,0,,0,0,0,1
1723801032,580,3,3,8,8,8.287,0,0,0.31 | 0.31 | 0.32,0,1.90 | 2.66 | 3.48,0,1.15 | 1.50 | 2.10,0.943,0.000,0,1,0,0,0,0,-1,0,0,0,,0,,0,,0,0,0,1
1723801033,580,3,3,8,8,8.287,0,0,0.31 | 0.31 | 0.32,0,1.90 | 2.66 | 3.48,0,1.15 | 1.50 | 2.10,0.943,0.000,0,1,0,0,0,0,-1,0,0,0,,0,,0,,0,0,0,1
1723801033,580,3,3,8,8,8.287,0,0,0.31 | 0.31 | 0.32,0,1.90 | 2.66 | 3.48,0,1.15 | 1.50 | 2.10,0.943,0.000,0,1,0,0,0,0,-1,0,0,0,,0,,0,,0,0,0,1
1723801033,580,3,3,8,8,8.287,0,0,0.31 | 0.31 | 0.32,0,1.90 | 2.66 | 3.48,0,1.15 | 1.50 | 2.10,0.943,0.000,0,1,0,0,0,0,-1,0,0,0,,0,,0,,0,0,0,1
1723801033,580,3,3,8,8,8.287,0,0,0.31 | 0.31 | 0.32,0,1.90 | 2.66 | 3.48,0,1.15 | 1.50 | 2.10,0.943,0.000,0,1,0,0,0,0,-1,0,0,0,,0,,0,,0,0,0,1
1723801033,580,3,3,8,8,8.287,0,0,0.31 | 0.31 | 0.32,0,1.90 | 2.66 | 3.48,0,1.15 | 1.50 | 2.10,0.943,0.000,0,1,0,0,0,0,-1,0,0,0,,0,,0,,0,0,0,1
1723801033,580,3,3,8,8,8.287,0,0,0.31 | 0.31 | 0.32,0,1.90 | 2.66 | 3.48,0,1.15 | 1.50 | 2.10,0.943,0.000,0,1,0,0,0,0,-1,0,0,0,,0,,0,,0,0,0,1
1723801033,580,3,3,8,8,8.287,0,0,0.31 | 0.31 | 0.32,0,1.90 | 2.66 | 3.48,0,1.15 | 1.50 | 2.10,0.943,0.000,0,1,0,0,0,0,-1,0,0,0,,0,,0,,0,0,0,1
1723801033,580,3,3,8,8,8.287,0,0,0.31 | 0.31 | 0.32,0,1.90 | 2.66 | 3.48,0,1.15 | 1.50 | 2.10,0.943,0.000,0,1,0,0,0,0,-1,0,0,0,,0,,0,,0,0,0,1
1723801033,580,3,3,8,8,12.018,0,0,0.31 | 0.31 | 0.32,0,1.90 | 2.50 | 2.84,0,1.41 | 1.60 | 2.10,0.933,0.000,0,1,0,0,0,0,-1,0,0,0,,0,,0,,0,0,0,1
1723801033,580,3,3,8,8,12.018,0,0,0.31 | 0.31 | 0.32,0,1.90 | 2.50 | 2.84,0,1.41 | 1.60 | 2.10,0.933,0.000,0,1,0,0,0,0,-1,0,0,0,,0,,0,,0,0,0,1
1723801034,580,3,3,8,8,12.018,0,0,0.31 | 0.31 | 0.32,0,1.90 | 2.50 | 2.84,0,1.41 | 1.60 | 2.10,0.933,0.000,0,1,0,0,0,0,-1,0,0,0,,0,,0,,0,0,0,1
1723801034,580,3,3,8,8,12.018,0,0,0.31 | 0.31 | 0.32,0,1.90 | 2.50 | 2.84,0,1.41 | 1.60 | 2.10,0.933,0.000,0,1,0,0,0,0,-1,0,0,0,,0,,0,,0,0,0,1
1723801034,580,3,3,8,8,12.018,0,0,0.31 | 0.31 | 0.32,0,1.90 | 2.50 | 2.84,0,1.41 | 1.60 | 2.10,0.933,0.000,0,1,0,0,0,0,-1,0,0,0,,0,,0,,0,0,0,1
1723801034,580,3,3,8,8,12.018,0,0,0.31 | 0.31 | 0.32,0,1.90 | 2.50 | 2.84,0,1.41 | 1.60 | 2.10,0.933,0.000,0,1,0,0,0,0,-1,0,0,0,,0,,0,,0,0,0,1
1723801034,580,3,3,8,8,12.018,0,0,0.31 | 0.31 | 0.32,0,1.90 | 2.50 | 2.84,0,1.41 | 1.60 | 2.10,0.933,0.000,0,1,0,0,0,0,-1,0,0,0,,0,,0,,0,0,0,1
1723801034,580,3,3,8,8,12.018,0,0,0.31 | 0.31 | 0.32,0,1.90 | 2.50 | 2.84,0,1.41 | 1.60 | 2.10,0.933,0.000,0,1,0,0,0,0,-1,0,0,0,,0,,0,,0,0,0,1
1723801034,580,3,3,8,8,12.018,0,0,0.31 | 0.31 | 0.32,0,1.90 | 2.50 | 2.84,0,1.41 | 1.60 | 2.10,0.933,0.000,0,1,0,0,0,0,-1,0,0,0,,0,,0,,0,0,0,1
1723801034,580,3,3,8,8,12.018,0,0,0.31 | 0.31 | 0.32,0,1.90 | 2.50 | 2.84,0,1.41 | 1.60 | 2.10,0.933,0.000,0,1,0,0,0,0,-1,0,0,0,,0,,0,,0,0,0,1
1723801034,580,3,3,8,8,10.962,0,0,0.31 | 0.31 | 0.32,0,1.90 | 2.50 | 2.84,0,1.41 | 1.60 | 2.10,0.933,0.000,0,1,0,0,0,0,-1,0,0,0,,0,,0,,0,0,0,1
1723801034,580,3,3,8,8,10.962,0,0,0.31 | 0.31 | 0.32,0,1.90 | 2.50 | 2.84,0,1.41 | 1.60 | 2.10,0.933,0.000,0,1,0,0,0,0,-1,0,0,0,,0,,0,,0,0,0,1
1723801035,580,3,3,8,8,10.962,0,0,0.31 | 0.31 | 0.32,0,1.90 | 2.50 | 2.84,0,1.41 | 1.60 | 2.10,0.933,0.000,0,1,0,0,0,0,-1,0,0,0,,0,,0,,0,0,0,1
1723801035,580,3,3,8,8,10.962,0,0,0.31 | 0.31 | 0.32,0,1.90 | 2.50 | 2.84,0,1.41 | 1.60 | 2.10,0.933,0.000,0,1,0,0,0,0,-1,0,0,0,,0,,0,,0,0,0,1
1723801035,580,3,3,8,8,10.962,0,0,0.31 | 0.31 | 0.32,0,1.90 | 2.50 | 2.84,0,1.41 | 1.60 | 2.10,0.933,0.000,0,1,0,0,0,0,-1,0,0,0,,0,,0,,0,0,0,1
1723801035,580,3,3,8,8,10.962,0,0,0.31 | 0.31 | 0.32,0,1.90 | 2.50 | 2.84,0,1.41 | 1.60 | 2.10,0.933,0.000,0,1,0,0,0,0,-1,0,0,0,,0,,0,,0,0,0,1
1723801035,580,3,3,8,8,10.962,0,0,0.31 | 0.31 | 0.32,0,1.90 | 2.50 | 2.84,0,1.41 | 1.60 | 2.10,0.933,0.000,0,1,0,0,0,0,-1,0,0,0,,0,,0,,0,0,0,1
1723801035,580,3,3,8,8,10.962,0,0,0.31 | 0.31 | 0.32,0,1.90 | 2.50 | 2.84,0,1.41 | 1.60 | 2.10,0.933,0.000,0,1,0,0,0,0,-1,0,0,0,,0,,0,,0,0,0,1
1723801035,580,3,3,8,8,10.962,0,0,0.31 | 0.31 | 0.32,0,1.90 | 2.50 | 2.84,0,1.41 | 1.60 | 2.10,0.933,0.000,0,1,0,0,0,0,-1,0,0,0,,0,,0,,0,0,0,1
1723801035,580,3,3,8,8,10.962,0,0,0.31 | 0.31 | 0.32,0,1.90 | 2.50 | 2.84,0,1.41 | 1.60 | 2.10,0.933,0.000,0,1,0,0,0,0,-1,0,0,0,,0,,0,,0,0,0,1
1723801035,580,3,3,8,8,9.899,0,0,0.31 | 0.31 | 0.32,0,1.90 | 2.50 | 2.84,0,1.41 | 1.60 | 2.10,0.933,0.000,0,1,0,0,0,0,-1,0,0,0,,0,,0,,0,0,0,1
1723801035,580,3,3,8,8,9.899,0,0,0.31 | 0.31 | 0.32,0,1.90 | 2.50 | 2.84,0,1.41 | 1.60 | 2.10,0.933,0.000,0,1,0,0,0,0,-1,0,0,0,,0,,0,,0,0,0,1
1723801036,580,3,3,8,8,9.899,0,0,0.31 | 0.31 | 0.32,0,1.90 | 2.50 | 2.84,0,1.41 | 1.60 | 2.10,0.933,0.000,0,1,0,0,0,0,-1,0,0,0,,0,,0,,0,0,0,1
1723801036,580,3,3,8,8,9.899,0,0,0.31 | 0.31 | 0.32,0,1.90 | 2.50 | 2.84,0,1.41 | 1.60 | 2.10,0.933,0.000,0,1,0,0,0,0,-1,0,0,0,,0,,0,,0,0,0,1
1723801036,580,3,3,8,8,9.899,0,0,0.31 | 0.31 | 0.32,0,1.90 | 2.50 | 2.84,0,1.41 | 1.60 | 2.10,0.933,0.000,0,1,0,0,0,0,-1,0,0,0,,0,,0,,0,0,0,1
1723801036,580,3,3,8,8,9.899,0,0,0.31 | 0.31 | 0.32,0,1.90 | 2.50 | 2.84,0,1.41 | 1.60 | 2.10,0.933,0.000,0,1,0,0,0,0,-1,0,0,0,,0,,0,,0,0,0,1
1723801036,580,3,3,8,8,9.899,0,0,0.31 | 0.31 | 0.32,0,1.90 | 2.50 | 2.84,0,1.41 | 1.60 | 2.10,0.933,0.000,0,1,0,0,0,0,-1,0,0,0,,0,,0,,0,0,0,1
1723801036,580,3,3,8,8,9.899,0,0,0.31 | 0.31 | 0.32,0,1.90 | 2.50 | 2.84,0,1.41 | 1.60 | 2.10,0.933,0.000,0,1,0,0,0,0,-1,0,0,0,,0,,0,,0,0,0,1
1723801036,580,3,3,8,8,9.899,0,0,0.31 | 0.31 | 0.32,0,1.90 | 2.50 | 2.84,0,1.41 | 1.60 | 2.10,0.933,0.000,0,1,0,0,0,0,-1,0,0,0,,0,,0,,0,0,0,1
1723801036,580,3,3,8,8,9.899,0,0,0.31 | 0.31 | 0.32,0,1.90 | 2.50 | 2.84,0,1.41 | 1.60 | 2.10,0.933,0.000,0,1,0,0,0,0,-1,0,0,0,,0,,0,,0,0,0,1
1723801036,580,3,3,8,8,12.162,0,0,0.31 | 0.31 | 0.32,0,2.04 | 2.53 | 2.84,0,1.41 | 1.58 | 1.96,0.933,0.000,0,1,0,0,0,0,-1,0,0,0,,0,,0,,0,0,0,1
1723801036,580,3,3,8,8,12.162,0,0,0.31 | 0.31 | 0.32,0,2.04 | 2.53 | 2.84,0,1.41 | 1.58 | 1.96,0.933,0.000,0,1,0,0,0,0,-1,0,0,0,,0,,0,,0,0,0,1
1723801037,580,3,3,8,8,12.162,0,0,0.31 | 0.31 | 0.32,0,2.04 | 2.53 | 2.84,0,1.41 | 1.58 | 1.96,0.933,0.000,0,1,0,0,0,0,-1,0,0,0,,0,,0,,0,0,0,1
1723801037,580,3,3,8,8,12.162,0,0,0.31 | 0.31 | 0.32,0,2.04 | 2.53 | 2.84,0,1.41 | 1.58 | 1.96,0.933,0.000,0,1,0,0,0,0,-1,0,0,0,,0,,0,,0,0,0,1
1723801037,580,3,3,8,8,12.162,0,0,0.31 | 0.31 | 0.32,0,2.04 | 2.53 | 2.84,0,1.41 | 1.58 | 1.96,0.933,0.000,0,1,0,0,0,0,-1,0,0,0,,0,,0,,0,0,0,1
1723801037,580,3,3,8,8,12.162,0,0,0.31 | 0.31 | 0.32,0,2.04 | 2.53 | 2.84,0,1.41 | 1.58 | 1.96,0.933,0.000,0,1,0,0,0,0,-1,0,0,0,,0,,0,,0,0,0,1
1723801037,580,3,3,8,8,12.162,0,0,0.31 | 0.31 | 0.32,0,2.04 | 2.53 | 2.84,0,1.41 | 1.58 | 1.96,0.933,0.000,0,1,0,0,0,0,-1,0,0,0,,0,,0,,0,0,0,1
1723801037,580,3,3,8,8,12.162,0,0,0.31 | 0.31 | 0.32,0,2.04 | 2.53 | 2.84,0,1.41 | 1.58 | 1.96,0.933,0.000,0,1,0,0,0,0,-1,0,0,0,,0,,0,,0,0,0,1
1723801037,580,3,3,8,8,12.162,0,0,0.31 | 0.31 | 0.32,0,2.04 | 2.53 | 2.84,0,1.41 | 1.58 | 1.96,0.933,0.000,0,1,0,0,0,0,-1,0,0,0,,0,,0,,0,0,0,1
1723801037,580,3,3,8,8,12.162,0,0,0.31 | 0.31 | 0.32,0,2.04 | 2.53 | 2.84,0,1.41 | 1.58 | 1.96,0.933,0.000,0,1,0,0,0,0,-1,0,0,0,,0,,0,,0,0,0,1
1723801037,580,3,3,8,8,11.24,0,0,0.31 | 0.31 | 0.32,0,2.04 | 2.53 | 2.84,0,1.41 | 1.58 | 1.96,0.933,0.000,0,1,0,0,0,0,-1,0,0,0,,0,,0,,0,0,0,1
1723801037,580,3,3,8,8,11.24,0,0,0.31 | 0.31 | 0.32,0,2.04 | 2.53 | 2.84,0,1.41 | 1.58 | 1.96,0.933,0.000,0,1,0,0,0,0,-1,0,0,0,,0,,0,,0,0,0,1
1723801038,580,3,3,8,8,11.24,0,0,0.31 | 0.31 | 0.32,0,2.04 | 2.53 | 2.84,0,1.41 | 1.58 | 1.96,0.933,0.000,0,1,0,0,0,0,-1,0,0,0,,0,,0,,0,0,0,1
1723801038,580,3,3,8,8,11.24,0,0,0.31 | 0.31 | 0.32,0,2.04 | 2.53 | 2.84,0,1.41 | 1.58 | 1.96,0.933,0.000,0,1,0,0,0,0,-1,0,0,0,,0,,0,,0,0,0,1
1723801038,580,3,3,8,8,11.24,0,0,0.31 | 0.31 | 0.32,0,2.04 | 2.53 | 2.84,0,1.41 | 1.58 | 1.96,0.933,0.000,0,1,0,0,0,0,-1,0,0,0,,0,,0,,0,0,0,1
1723801038,580,3,3,8,8,11.24,0,0,0.31 | 0.31 | 0.32,0,2.04 | 2.53 | 2.84,0,1.41 | 1.58 | 1.96,0.933,0.000,0,1,0,0,0,0,-1,0,0,0,,0,,0,,0,0,0,1
1723801038,580,3,3,8,8,11.24,0,0,0.31 | 0.31 | 0.32,0,2.04 | 2.53 | 2.84,0,1.41 | 1.58 | 1.96,0.933,0.000,0,1,0,0,0,0,-1,0,0,0,,0,,0,,0,0,0,1
1723801038,580,3,3,8,8,11.24,0,0,0.31 | 0.31 | 0.32,0,2.04 | 2.53 | 2.84,0,1.41 | 1.58 | 1.96,0.933,0.000,0,1,0,0,0,0,-1,0,0,0,,0,,0,,0,0,0,1
1723801038,580,3,3,8,8,11.24,0,0,0.31 | 0.31 | 0.32,0,2.04 | 2.53 | 2.84,0,1.41 | 1.58 | 1.96,0.933,0.000,0,1,0,0,0,0,-1,0,0,0,,0,,0,,0,0,0,1
1723801038,580,3,3,8,8,11.24,0,0,0.31 | 0.31 | 0.32,0,2.04 | 2.53 | 2.84,0,1.41 | 1.58 | 1.96,0.933,0.000,0,1,0,0,0,0,-1,0,0,0,,0,,0,,0,0,0,1
1723801038,580,3,3,8,8,10.178,0,0,0.31 | 0.31 | 0.32,0,2.04 | 2.53 | 2.84,0,1.41 | 1.58 | 1.96,0.933,0.000,0,1,0,0,0,0,-1,0,0,0,,0,,0,,0,0,0,1
1723801038,580,3,3,8,8,10.178,0,0,0.31 | 0.31 | 0.32,0,2.04 | 2.53 | 2.84,0,1.41 | 1.58 | 1.96,0.933,0.000,0,1,0,0,0,0,-1,0,0,0,,0,,0,,0,0,0,1
1723801039,580,3,3,8,8,10.178,0,0,0.31 | 0.31 | 0.32,0,2.04 | 2.53 | 2.84,0,1.41 | 1.58 | 1.96,0.933,0.000,0,1,0,0,0,0,-1,0,0,0,,0,,0,,0,0,0,1
1723801039,580,3,3,8,8,10.178,0,0,0.31 | 0.31 | 0.32,0,2.04 | 2.53 | 2.84,0,1.41 | 1.58 | 1.96,0.933,0.000,0,1,0,0,0,0,-1,0,0,0,,0,,0,,0,0,0,1
1723801039,580,3,3,8,8,10.178,0,0,0.31 | 0.31 | 0.32,0,2.04 | 2.53 | 2.84,0,1.41 | 1.58 | 1.96,0.933,0.000,0,1,0,0,0,0,-1,0,0,0,,0,,0,,0,0,0,1
1723801039,580,3,3,8,8,10.178,0,0,0.31 | 0.31 | 0.32,0,2.04 | 2.53 | 2.84,0,1.41 | 1.58 | 1.96,0.933,0.000,0,1,0,0,0,0,-1,0,0,0,,0,,0,,0,0,0,1
1723801039,580,3,3,8,8,10.178,0,0,0.31 | 0.31 | 0.32,0,2.04 | 2.53 | 2.84,0,1.41 | 1.58 | 1.96,0.933,0.000,0,1,0,0,0,0,-1,0,0,0,,0,,0,,0,0,0,1
1723801039,580,3,3,8,8,10.178,0,0,0.31 | 0.31 | 0.32,0,2.04 | 2.53 | 2.84,0,1.41 | 1.58 | 1.96,0.933,0.000,0,1,0,0,0,0,-1,0,0,0,,0,,0,,0,0,0,1
1723801039,580,3,3,8,8,10.178,0,0,0.31 | 0.31 | 0.32,0,2.04 | 2.53 | 2.84,0,1.41 | 1.58 | 1.96,0.933,0.000,0,1,0,0,0,0,-1,0,0,0,,0,,0,,0,0,0,1
1723801039,580,3,3,8,8,10.178,0,0,0.31 | 0.31 | 0.32,0,2.04 | 2.53 | 2.84,0,1.41 | 1.58 | 1.96,0.933,0.000,0,1,0,0,0,0,-1,0,0,0,,0,,0,,0,0,0,1
1723801039,580,3,3,8,8,9.115,0,0,0.31 | 0.31 | 0.32,0,2.04 | 2.53 | 2.84,0,1.41 | 1.58 | 1.96,0.933,0.000,0,1,0,0,0,0,-1,0,0,0,,0,,0,,0,0,0,1
1723801039,580,3,3,8,8,9.115,0,0,0.31 | 0.31 | 0.32,0,2.04 | 2.53 | 2.84,0,1.41 | 1.58 | 1.96,0.933,0.000,0,1,0,0,0,0,-1,0,0,0,,0,,0,,0,0,0,1
1723801040,580,3,3,8,8,9.115,0,0,0.31 | 0.31 | 0.32,0,2.04 | 2.53 | 2.84,0,1.41 | 1.58 | 1.96,0.933,0.000,0,1,0,0,0,0,-1,0,0,0,,0,,0,,0,0,0,1
1723801040,580,3,3,8,8,9.115,0,0,0.31 | 0.31 | 0.32,0,2.04 | 2.53 | 2.84,0,1.41 | 1.58 | 1.96,0.933,0.000,0,1,0,0,0,0,-1,0,0,0,,0,,0,,0,0,0,1
1723801040,580,3,3,8,8,9.115,0,0,0.31 | 0.31 | 0.32,0,2.04 | 2.53 | 2.84,0,1.41 | 1.58 | 1.96,0.933,0.000,0,1,0,0,0,0,-1,0,0,0,,0,,0,,0,0,0,1
1723801040,580,3,3,8,8,9.115,0,0,0.31 | 0.31 | 0.32,0,2.04 | 2.53 | 2.84,0,1.41 | 1.58 | 1.96,0.933,0.000,0,1,0,0,0,0,-1,0,0,0,,0,,0,,0,0,0,1
1723801040,580,3,3,8,8,9.115,0,0,0.31 | 0.31 | 0.32,0,2.04 | 2.53 | 2.84,0,1.41 | 1.58 | 1.96,0.933,0.000,0,1,0,0,0,0,-1,0,0,0,,0,,0,,0,0,0,1
1723801040,580,3,3,8,8,9.115,0,0,0.31 | 0.31 | 0.32,0,2.04 | 2.53 | 2.84,0,1.41 | 1.58 | 1.96,0.933,0.000,0,1,0,0,0,0,-1,0,0,0,,0,,0,,0,0,0,1
1723801040,580,3,3,8,8,9.115,0,0,0.31 | 0.31 | 0.32,0,2.04 | 2.53 | 2.84,0,1.41 | 1.58 | 1.96,0.933,0.000,0,1,0,0,0,0,-1,0,0,0,,0,,0,,0,0,0,1
1723801040,580,3,3,8,8,9.115,0,0,0.31 | 0.31 | 0.32,0,2.04 | 2.53 | 2.84,0,1.41 | 1.58 | 1.96,0.933,0.000,0,1,0,0,0,0,-1,0,0,0,,0,,0,,0,0,0,1
1723801040,580,3,3,8,8,8.318,0,0,0.31 | 0.31 | 0.32,0,2.04 | 2.53 | 2.84,0,1.41 | 1.58 | 1.96,0.933,0.000,0,1,0,0,0,0,-1,0,0,0,,0,,0,,0,0,0,1
1723801040,580,3,3,8,8,8.318,0,0,0.31 | 0.31 | 0.32,0,2.04 | 2.53 | 2.84,0,1.41 | 1.58 | 1.96,0.933,0.000,0,1,0,0,0,0,-1,0,0,0,,0,,0,,0,0,0,1
1723801041,580,3,3,8,8,8.318,0,0,0.31 | 0.31 | 0.32,0,2.04 | 2.53 | 2.84,0,1.41 | 1.58 | 1.96,0.933,0.000,0,1,0,0,0,0,-1,0,0,0,,0,,0,,0,0,0,1
1723801041,580,3,3,8,8,8.318,0,0,0.31 | 0.31 | 0.32,0,2.04 | 2.53 | 2.84,0,1.41 | 1.58 | 1.96,0.933,0.000,0,1,0,0,0,0,-1,0,0,0,,0,,0,,0,0,0,1
1723801041,580,3,3,8,8,8.318,0,0,0.31 | 0.31 | 0.32,0,2.04 | 2.53 | 2.84,0,1.41 | 1.58 | 1.96,0.933,0.000,0,1,0,0,0,0,-1,0,0,0,,0,,0,,0,0,0,1
1723801041,580,3,3,8,8,8.318,0,0,0.31 | 0.31 | 0.32,0,2.04 | 2.53 | 2.84,0,1.41 | 1.58 | 1.96,0.933,0.000,0,1,0,0,0,0,-1,0,0,0,,0,,0,,0,0,0,1
1723801041,580,3,3,8,8,8.318,0,0,0.31 | 0.31 | 0.32,0,2.04 | 2.53 | 2.84,0,1.41 | 1.58 | 1.96,0.933,0.000,0,1,0,0,0,0,-1,0,0,0,,0,,0,,0,0,0,1
1723801041,580,3,3,8,8,8.318,0,0,0.31 | 0.31 | 0.32,0,2.04 | 2.53 | 2.84,0,1.41 | 1.58 | 1.96,0.933,0.000,0,1,0,0,0,0,-1,0,0,0,,0,,0,,0,0,0,1
1723801041,580,3,3,8,8,8.318,0,0,0.31 | 0.31 | 0.32,0,2.04 | 2.53 | 2.84,0,1.41 | 1.58 | 1.96,0.933,0.000,0,1,0,0,0,0,-1,0,0,0,,0,,0,,0,0,0,1
1723801041,580,3,3,8,8,8.318,0,0,0.31 | 0.31 | 0.32,0,2.04 | 2.53 | 2.84,0,1.41 | 1.58 | 1.96,0.933,0.000,0,1,0,0,0,0,-1,0,0,0,,0,,0,,0,0,0,1
1723801041,580,3,3,8,8,12.056,0,0,0.31 | 0.32 | 0.34,0,2.04 | 2.57 | 3.00,0,1.33 | 1.56 | 1.96,0.922,0.000,0,1,0,0,0,0,-1,0,0,0,,0,,0,,0,0,0,1
1723801041,580,3,3,8,8,12.056,0,0,0.31 | 0.32 | 0.34,0,2.04 | 2.57 | 3.00,0,1.33 | 1.56 | 1.96,0.922,0.000,0,1,0,0,0,0,-1,0,0,0,,0,,0,,0,0,0,1
1723801042,580,3,3,8,8,12.056,0,0,0.31 | 0.32 | 0.34,0,2.04 | 2.57 | 3.00,0,1.33 | 1.56 | 1.96,0.922,0.000,0,1,0,0,0,0,-1,0,0,0,,0,,0,,0,0,0,1
1723801042,580,3,3,8,8,12.056,0,0,0.31 | 0.32 | 0.34,0,2.04 | 2.57 | 3.00,0,1.33 | 1.56 | 1.96,0.922,0.000,0,1,0,0,0,0,-1,0,0,0,,0,,0,,0,0,0,1
1723801042,580,3,3,8,8,12.056,0,0,0.31 | 0.32 | 0.34,0,2.04 | 2.57 | 3.00,0,1.33 | 1.56 | 1.96,0.922,0.000,0,1,0,0,0,0,-1,0,0,0,,0,,0,,0,0,0,1
1723801042,580,3,3,8,8,12.056,0,0,0.31 | 0.32 | 0.34,0,2.04 | 2.57 | 3.00,0,1.33 | 1.56 | 1.96,0.922,0.000,0,1,0,0,0,0,-1,0,0,0,,0,,0,,0,0,0,1
1723801042,580,3,3,8,8,12.056,0,0,0.31 | 0.32 | 0.34,0,2.04 | 2.57 | 3.00,0,1.33 | 1.56 | 1.96,0.922,0.000,0,1,0,0,0,0,-1,0,0,0,,0,,0,,0,0,0,1
1723801042,580,3,3,8,8,12.056,0,0,0.31 | 0.32 | 0.34,0,2.04 | 2.57 | 3.00,0,1.33 | 1.56 | 1.96,0.922,0.000,0,1,0,0,0,0,-1,0,0,0,,0,,0,,0,0,0,1
1723801042,580,3,3,8,8,12.056,0,0,0.31 | 0.32 | 0.34,0,2.04 | 2.57 | 3.00,0,1.33 | 1.56 | 1.96,0.922,0.000,0,1,0,0,0,0,-1,0,0,0,,0,,0,,0,0,0,1
1723801042,580,3,3,8,8,12.056,0,0,0.31 | 0.32 | 0.34,0,2.04 | 2.57 | 3.00,0,1.33 | 1.56 | 1.96,0.922,0.000,0,1,0,0,0,0,-1,0,0,0,,0,,0,,0,0,0,1
1723801042,580,3,3,8,8,10.993,0,0,0.31 | 0.32 | 0.34,0,2.04 | 2.57 | 3.00,0,1.33 | 1.56 | 1.96,0.922,0.000,0,1,0,0,0,0,-1,0,0,0,,0,,0,,0,0,0,1
1723801042,580,3,3,8,8,10.993,0,0,0.31 | 0.32 | 0.34,0,2.04 | 2.57 | 3.00,0,1.33 | 1.56 | 1.96,0.922,0.000,0,1,0,0,0,0,-1,0,0,0,,0,,0,,0,0,0,1
1723801043,580,3,3,8,8,10.993,0,0,0.31 | 0.32 | 0.34,0,2.04 | 2.57 | 3.00,0,1.33 | 1.56 | 1.96,0.922,0.000,0,1,0,0,0,0,-1,0,0,0,,0,,0,,0,0,0,1
1723801043,580,3,3,8,8,10.993,0,0,0.31 | 0.32 | 0.34,0,2.04 | 2.57 | 3.00,0,1.33 | 1.56 | 1.96,0.922,0.000,0,1,0,0,0,0,-1,0,0,0,,0,,0,,0,0,0,1
1723801043,580,3,3,8,8,10.993,0,0,0.31 | 0.32 | 0.34,0,2.04 | 2.57 | 3.00,0,1.33 | 1.56 | 1.96,0.922,0.000,0,1,0,0,0,0,-1,0,0,0,,0,,0,,0,0,0,1
1723801043,580,3,3,8,8,10.993,0,0,0.31 | 0.32 | 0.34,0,2.04 | 2.57 | 3.00,0,1.33 | 1.56 | 1.96,0.922,0.000,0,1,0,0,0,0,-1,0,0,0,,0,,0,,0,0,0,1
1723801043,580,3,3,8,8,10.993,0,0,0.31 | 0.32 | 0.34,0,2.04 | 2.57 | 3.00,0,1.33 | 1.56 | 1.96,0.922,0.000,0,1,0,0,0,0,-1,0,0,0,,0,,0,,0,0,0,1
1723801043,580,3,3,8,8,10.993,0,0,0.31 | 0.32 | 0.34,0,2.04 | 2.57 | 3.00,0,1.33 | 1.56 | 1.96,0.922,0.000,0,1,0,0,0,0,-1,0,0,0,,0,,0,,0,0,0,1
1723801043,580,3,3,8,8,10.993,0,0,0.31 | 0.32 | 0.34,0,2.04 | 2.57 | 3.00,0,1.33 | 1.56 | 1.96,0.922,0.000,0,1,0,0,0,0,-1,0,0,0,,0,,0,,0,0,0,1
1723801043,580,3,3,8,8,10.993,0,0,0.31 | 0.32 | 0.34,0,2.04 | 2.57 | 3.00,0,1.33 | 1.56 | 1.96,0.922,0.000,0,1,0,0,0,0,-1,0,0,0,,0,,0,,0,0,0,1
1723801043,580,3,3,8,8,9.931,0,0,0.31 | 0.32 | 0.34,0,2.04 | 2.57 | 3.00,0,1.33 | 1.56 | 1.96,0.922,0.000,0,1,0,0,0,0,-1,0,0,0,,0,,0,,0,0,0,1
1723801043,580,3,3,8,8,9.931,0,0,0.31 | 0.32 | 0.34,0,2.04 | 2.57 | 3.00,0,1.33 | 1.56 | 1.96,0.922,0.000,0,1,0,0,0,0,-1,0,0,0,,0,,0,,0,0,0,1
1723801044,580,3,3,8,8,9.931,0,0,0.31 | 0.32 | 0.34,0,2.04 | 2.57 | 3.00,0,1.33 | 1.56 | 1.96,0.922,0.000,0,1,0,0,0,0,-1,0,0,0,,0,,0,,0,0,0,1
1723801044,580,3,3,8,8,9.931,0,0,0.31 | 0.32 | 0.34,0,2.04 | 2.57 | 3.00,0,1.33 | 1.56 | 1.96,0.922,0.000,0,1,0,0,0,0,-1,0,0,0,,0,,0,,0,0,0,1
1723801044,580,3,3,8,8,9.931,0,0,0.31 | 0.32 | 0.34,0,2.04 | 2.57 | 3.00,0,1.33 | 1.56 | 1.96,0.922,0.000,0,1,0,0,0,0,-1,0,0,0,,0,,0,,0,0,0,1
1723801044,580,3,3,8,8,9.931,0,0,0.31 | 0.32 | 0.34,0,2.04 | 2.57 | 3.00,0,1.33 | 1.56 | 1.96,0.922,0.000,0,1,0,0,0,0,-1,0,0,0,,0,,0,,0,0,0,1
1723801044,580,3,3,8,8,9.931,0,0,0.31 | 0.32 | 0.34,0,2.04 | 2.57 | 3.00,0,1.33 | 1.56 | 1.96,0.922,0.000,0,1,0,0,0,0,-1,0,0,0,,0,,0,,0,0,0,1
1723801044,580,3,3,8,8,9.931,0,0,0.31 | 0.32 | 0.34,0,2.04 | 2.57 | 3.00,0,1.33 | 1.56 | 1.96,0.922,0.000,0,1,0,0,0,0,-1,0,0,0,,0,,0,,0,0,0,1
1723801044,580,3,3,8,8,9.931,0,0,0.31 | 0.32 | 0.34,0,2.04 | 2.57 | 3.00,0,1.33 | 1.56 | 1.96,0.922,0.000,0,1,0,0,0,0,-1,0,0,0,,0,,0,,0,0,0,1
1723801044,580,3,3,8,8,9.931,0,0,0.31 | 0.32 | 0.34,0,2.04 | 2.57 | 3.00,0,1.33 | 1.56 | 1.96,0.922,0.000,0,1,0,0,0,0,-1,0,0,0,,0,,0,,0,0,0,1
1723801044,580,3,3,8,8,12.07,0,0,0.31 | 0.32 | 0.34,0,1.86 | 2.43 | 3.00,0,1.33 | 1.65 | 2.15,0.916,0.000,0,1,0,0,0,0,-1,0,0,0,,0,,0,,0,0,0,1
1723801044,580,3,3,8,8,12.07,0,0,0.31 | 0.32 | 0.34,0,1.86 | 2.43 | 3.00,0,1.33 | 1.65 | 2.15,0.916,0.000,0,1,0,0,0,0,-1,0,0,0,,0,,0,,0,0,0,1
1723801045,580,3,3,8,8,12.07,0,0,0.31 | 0.32 | 0.34,0,1.86 | 2.43 | 3.00,0,1.33 | 1.65 | 2.15,0.916,0.000,0,1,0,0,0,0,-1,0,0,0,,0,,0,,0,0,0,1
1723801045,580,3,3,8,8,12.07,0,0,0.31 | 0.32 | 0.34,0,1.86 | 2.43 | 3.00,0,1.33 | 1.65 | 2.15,0.916,0.000,0,1,0,0,0,0,-1,0,0,0,,0,,0,,0,0,0,1
1723801045,580,3,3,8,8,12.07,0,0,0.31 | 0.32 | 0.34,0,1.86 | 2.43 | 3.00,0,1.33 | 1.65 | 2.15,0.916,0.000,0,1,0,0,0,0,-1,0,0,0,,0,,0,,0,0,0,1
1723801045,580,3,3,8,8,12.07,0,0,0.31 | 0.32 | 0.34,0,1.86 | 2.43 | 3.00,0,1.33 | 1.65 | 2.15,0.916,0.000,0,1,0,0,0,0,-1,0,0,0,,0,,0,,0,0,0,1
1723801045,580,3,3,8,8,12.07,0,0,0.31 | 0.32 | 0.34,0,1.86 | 2.43 | 3.00,0,1.33 | 1.65 | 2.15,0.916,0.000,0,1,0,0,0,0,-1,0,0,0,,0,,0,,0,0,0,1
1723801045,580,3,3,8,8,12.07,0,0,0.31 | 0.32 | 0.34,0,1.86 | 2.43 | 3.00,0,1.33 | 1.65 | 2.15,0.916,0.000,0,1,0,0,0,0,-1,0,0,0,,0,,0,,0,0,0,1
1723801045,580,3,3,8,8,12.07,0,0,0.31 | 0.32 | 0.34,0,1.86 | 2.43 | 3.00,0,1.33 | 1.65 | 2.15,0.916,0.000,0,1,0,0,0,0,-1,0,0,0,,0,,0,,0,0,0,1
1723801045,580,3,3,8,8,12.07,0,0,0.31 | 0.32 | 0.34,0,1.86 | 2.43 | 3.00,0,1.33 | 1.65 | 2.15,0.916,0.000,0,1,0,0,0,0,-1,0,0,0,,0,,0,,0,0,0,1
1723801045,580,3,3,8,8,11.271,0,0,0.31 | 0.32 | 0.34,0,1.86 | 2.43 | 3.00,0,1.33 | 1.65 | 2.15,0.916,0.000,0,1,0,0,0,0,-1,0,0,0,,0,,0,,0,0,0,1
1723801045,580,3,3,8,8,11.271,0,0,0.31 | 0.32 | 0.34,0,1.86 | 2.43 | 3.00,0,1.33 | 1.65 | 2.15,0.916,0.000,0,1,0,0,0,0,-1,0,0,0,,0,,0,,0,0,0,1
1723801046,580,3,3,8,8,11.271,0,0,0.31 | 0.32 | 0.34,0,1.86 | 2.43 | 3.00,0,1.33 | 1.65 | 2.15,0.916,0.000,0,1,0,0,0,0,-1,0,0,0,,0,,0,,0,0,0,1
1723801046,580,3,3,8,8,11.271,0,0,0.31 | 0.32 | 0.34,0,1.86 | 2.43 | 3.00,0,1.33 | 1.65 | 2.15,0.916,0.000,0,1,0,0,0,0,-1,0,0,0,,0,,0,,0,0,0,1
1723801046,580,3,3,8,8,11.271,0,0,0.31 | 0.32 | 0.34,0,1.86 | 2.43 | 3.00,0,1.33 | 1.65 | 2.15,0.916,0.000,0,1,0,0,0,0,-1,0,0,0,,0,,0,,0,0,0,1
1723801046,580,3,3,8,8,11.271,0,0,0.31 | 0.32 | 0.34,0,1.86 | 2.43 | 3.00,0,1.33 | 1.65 | 2.15,0.916,0.000,0,1,0,0,0,0,-1,0,0,0,,0,,0,,0,0,0,1
1723801046,580,3,3,8,8,11.271,0,0,0.31 | 0.32 | 0.34,0,1.86 | 2.43 | 3.00,0,1.33 | 1.65 | 2.15,0.916,0.000,0,1,0,0,0,0,-1,0,0,0,,0,,0,,0,0,0,1
1723801046,580,3,3,8,8,11.271,0,0,0.31 | 0.32 | 0.34,0,1.86 | 2.43 | 3.00,0,1.33 | 1.65 | 2.15,0.916,0.000,0,1,0,0,0,0,-1,0,0,0,,0,,0,,0,0,0,1
1723801046,580,3,3,8,8,11.271,0,0,0.31 | 0.32 | 0.34,0,1.86 | 2.43 | 3.00,0,1.33 | 1.65 | 2.15,0.916,0.000,0,1,0,0,0,0,-1,0,0,0,,0,,0,,0,0,0,1
1723801046,580,3,3,8,8,11.271,0,0,0.31 | 0.32 | 0.34,0,1.86 | 2.43 | 3.00,0,1.33 | 1.65 | 2.15,0.916,0.000,0,1,0,0,0,0,-1,0,0,0,,0,,0,,0,0,0,1
1723801046,580,3,3,8,8,10.209,0,0,0.31 | 0.32 | 0.34,0,1.86 | 2.43 | 3.00,0,1.33 | 1.65 | 2.15,0.916,0.000,0,1,0,0,0,0,-1,0,0,0,,0,,0,,0,0,0,1
1723801046,580,3,3,8,8,10.209,0,0,0.31 | 0.32 | 0.34,0,1.86 | 2.43 | 3.00,0,1.33 | 1.65 | 2.15,0.916,0.000,0,1,0,0,0,0,-1,0,0,0,,0,,0,,0,0,0,1
1723801047,580,3,3,8,8,10.209,0,0,0.31 | 0.32 | 0.34,0,1.86 | 2.43 | 3.00,0,1.33 | 1.65 | 2.15,0.916,0.000,0,1,0,0,0,0,-1,0,0,0,,0,,0,,0,0,0,1
1723801047,580,3,3,8,8,10.209,0,0,0.31 | 0.32 | 0.34,0,1.86 | 2.43 | 3.00,0,1.33 | 1.65 | 2.15,0.916,0.000,0,1,0,0,0,0,-1,0,0,0,,0,,0,,0,0,0,1
1723801047,580,3,3,8,8,10.209,0,0,0.31 | 0.32 | 0.34,0,1.86 | 2.43 | 3.00,0,1.33 | 1.65 | 2.15,0.916,0.000,0,1,0,0,0,0,-1,0,0,0,,0,,0,,0,0,0,1
1723801047,580,3,3,8,8,10.209,0,0,0.31 | 0.32 | 0.34,0,1.86 | 2.43 | 3.00,0,1.33 | 1.65 | 2.15,0.916,0.000,0,1,0,0,0,0,-1,0,0,0,,0,,0,,0,0,0,1
1723801047,580,3,3,8,8,10.209,0,0,0.31 | 0.32 | 0.34,0,1.86 | 2.43 | 3.00,0,1.33 | 1.65 | 2.15,0.916,0.000,0,1,0,0,0,0,-1,0,0,0,,0,,0,,0,0,0,1
1723801047,580,3,3,8,8,10.209,0,0,0.31 | 0.32 | 0.34,0,1.86 | 2.43 | 3.00,0,1.33 | 1.65 | 2.15,0.916,0.000,0,1,0,0,0,0,-1,0,0,0,,0,,0,,0,0,0,1
1723801047,580,3,3,8,8,10.209,0,0,0.31 | 0.32 | 0.34,0,1.86 | 2.43 | 3.00,0,1.33 | 1.65 | 2.15,0.916,0.000,0,1,0,0,0,0,-1,0,0,0,,0,,0,,0,0,0,1
1723801047,580,3,3,8,8,10.209,0,0,0.31 | 0.32 | 0.34,0,1.86 | 2.43 | 3.00,0,1.33 | 1.65 | 2.15,0.916,0.000,0,1,0,0,0,0,-1,0,0,0,,0,,0,,0,0,0,1
1723801047,580,3,3,8,8,9.146,0,0,0.31 | 0.32 | 0.34,0,1.86 | 2.43 | 3.00,0,1.33 | 1.65 | 2.15,0.916,0.000,0,1,0,0,0,0,-1,0,0,0,,0,,0,,0,0,0,1
1723801047,580,3,3,8,8,9.146,0,0,0.31 | 0.32 | 0.34,0,1.86 | 2.43 | 3.00,0,1.33 | 1.65 | 2.15,0.916,0.000,0,1,0,0,0,0,-1,0,0,0,,0,,0,,0,0,0,1
1723801048,580,3,3,8,8,9.146,0,0,0.31 | 0.32 | 0.34,0,1.86 | 2.43 | 3.00,0,1.33 | 1.65 | 2.15,0.916,0.000,0,1,0,0,0,0,-1,0,0,0,,0,,0,,0,0,0,1
1723801048,580,3,3,8,8,9.146,0,0,0.31 | 0.32 | 0.34,0,1.86 | 2.43 | 3.00,0,1.33 | 1.65 | 2.15,0.916,0.000,0,1,0,0,0,0,-1,0,0,0,,0,,0,,0,0,0,1
1723801048,580,3,3,8,8,9.146,0,0,0.31 | 0.32 | 0.34,0,1.86 | 2.43 | 3.00,0,1.33 | 1.65 | 2.15,0.916,0.000,0,1,0,0,0,0,-1,0,0,0,,0,,0,,0,0,0,1
1723801048,580,3,3,8,8,9.146,0,0,0.31 | 0.32 | 0.34,0,1.86 | 2.43 | 3.00,0,1.33 | 1.65 | 2.15,0.916,0.000,0,1,0,0,0,0,-1,0,0,0,,0,,0,,0,0,0,1
1723801048,580,3,3,8,8,9.146,0,0,0.31 | 0.32 | 0.34,0,1.86 | 2.43 | 3.00,0,1.33 | 1.65 | 2.15,0.916,0.000,0,1,0,0,0,0,-1,0,0,0,,0,,0,,0,0,0,1
1723801048,580,3,3,8,8,9.146,0,0,0.31 | 0.32 | 0.34,0,1.86 | 2.43 | 3.00,0,1.33 | 1.65 | 2.15,0.916,0.000,0,1,0,0,0,0,-1,0,0,0,,0,,0,,0,0,0,1
1723801048,580,3,3,8,8,9.146,0,0,0.31 | 0.32 | 0.34,0,1.86 | 2.43 | 3.00,0,1.33 | 1.65 | 2.15,0.916,0.000,0,1,0,0,0,0,-1,0,0,0,,0,,0,,0,0,0,1
1723801048,580,3,3,8,8,9.146,0,0,0.31 | 0.32 | 0.34,0,1.86 | 2.43 | 3.00,0,1.33 | 1.65 | 2.15,0.916,0.000,0,1,0,0,0,0,-1,0,0,0,,0,,0,,0,0,0,1
1723801048,580,3,3,8,8,8.084,0,0,0.31 | 0.32 | 0.34,0,1.86 | 2.43 | 3.00,0,1.33 | 1.65 | 2.15,0.916,0.000,0,1,0,0,0,0,-1,0,0,0,,0,,0,,0,0,0,1
1723801048,580,3,3,8,8,8.084,0,0,0.31 | 0.32 | 0.34,0,1.86 | 2.43 | 3.00,0,1.33 | 1.65 | 2.15,0.916,0.000,0,1,0,0,0,0,-1,0,0,0,,0,,0,,0,0,0,1
1723801049,580,3,3,8,8,8.084,0,0,0.31 | 0.32 | 0.34,0,1.86 | 2.43 | 3.00,0,1.33 | 1.65 | 2.15,0.916,0.000,0,1,0,0,0,0,-1,0,0,0,,0,,0,,0,0,0,1
1723801049,580,3,3,8,8,8.084,0,0,0.31 | 0.32 | 0.34,0,1.86 | 2.43 | 3.00,0,1.33 | 1.65 | 2.15,0.916,0.000,0,1,0,0,0,0,-1,0,0,0,,0,,0,,0,0,0,1
1723801049,580,3,3,8,8,8.084,0,0,0.31 | 0.32 | 0.34,0,1.86 | 2.43 | 3.00,0,1.33 | 1.65 | 2.15,0.916,0.000,0,1,0,0,0,0,-1,0,0,0,,0,,0,,0,0,0,1
1723801049,580,3,3,8,8,8.084,0,0,0.31 | 0.32 | 0.34,0,1.86 | 2.43 | 3.00,0,1.33 | 1.65 | 2.15,0.916,0.000,0,1,0,0,0,0,-1,0,0,0,,0,,0,,0,0,0,1
1723801049,580,3,3,8,8,8.084,0,0,0.31 | 0.32 | 0.34,0,1.86 | 2.43 | 3.00,0,1.33 | 1.65 | 2.15,0.916,0.000,0,1,0,0,0,0,-1,0,0,0,,0,,0,,0,0,0,1
1723801049,580,3,3,8,8,8.084,0,0,0.31 | 0.32 | 0.34,0,1.86 | 2.43 | 3.00,0,1.33 | 1.65 | 2.15,0.916,0.000,0,1,0,0,0,0,-1,0,0,0,,0,,0,,0,0,0,1
1723801049,580,3,3,8,8,8.084,0,0,0.31 | 0.32 | 0.34,0,1.86 | 2.43 | 3.00,0,1.33 | 1.65 | 2.15,0.916,0.000,0,1,0,0,0,0,-1,0,0,0,,0,,0,,0,0,0,1
1723801049,580,3,3,8,8,8.084,0,0,0.31 | 0.32 | 0.34,0,1.86 | 2.43 | 3.00,0,1.33 | 1.65 | 2.15,0.916,0.000,0,1,0,0,0,0,-1,0,0,0,,0,,0,,0,0,0,1
1723801049,580,3,3,8,8,12.087,0,0,0.31 | 0.32 | 0.34,0,1.86 | 2.62 | 3.58,0,1.12 | 1.53 | 2.15,0.908,0.000,0,1,0,0,0,0,-1,0,0,0,,0,,0,,0,0,0,1
1723801049,580,3,3,8,8,12.087,0,0,0.31 | 0.32 | 0.34,0,1.86 | 2.62 | 3.58,0,1.12 | 1.53 | 2.15,0.908,0.000,0,1,0,0,0,0,-1,0,0,0,,0,,0,,0,0,0,1
1723801050,580,3,3,8,8,12.087,0,0,0.31 | 0.32 | 0.34,0,1.86 | 2.62 | 3.58,0,1.12 | 1.53 | 2.15,0.908,0.000,0,1,0,0,0,0,-1,0,0,0,,0,,0,,0,0,0,1
1723801050,580,3,3,8,8,12.087,0,0,0.31 | 0.32 | 0.34,0,1.86 | 2.62 | 3.58,0,1.12 | 1.53 | 2.15,0.908,0.000,0,1,0,0,0,0,-1,0,0,0,,0,,0,,0,0,0,1
1723801050,580,3,3,8,8,12.087,0,0,0.31 | 0.32 | 0.34,0,1.86 | 2.62 | 3.58,0,1.12 | 1.53 | 2.15,0.908,0.000,0,1,0,0,0,0,-1,0,0,0,,0,,0,,0,0,0,1
1723801050,580,3,3,8,8,12.087,0,0,0.31 | 0.32 | 0.34,0,1.86 | 2.62 | 3.58,0,1.12 | 1.53 | 2.15,0.908,0.000,0,1,0,0,0,0,-1,0,0,0,,0,,0,,0,0,0,1
1723801050,580,3,3,8,8,12.087,0,0,0.31 | 0.32 | 0.34,0,1.86 | 2.62 | 3.58,0,1.12 | 1.53 | 2.15,0.908,0.000,0,1,0,0,0,0,-1,0,0,0,,0,,0,,0,0,0,1
1723801050,580,3,3,8,8,12.087,0,0,0.31 | 0.32 | 0.34,0,1.86 | 2.62 | 3.58,0,1.12 | 1.53 | 2.15,0.908,0.000,0,1,0,0,0,0,-1,0,0,0,,0,,0,,0,0,0,1
1723801050,580,3,3,8,8,12.087,0,0,0.31 | 0.32 | 0.34,0,1.86 | 2.62 | 3.58,0,1.12 | 1.53 | 2.15,0.908,0.000,0,1,0,0,0,0,-1,0,0,0,,0,,0,,0,0,0,1
1723801050,580,3,3,8,8,12.087,0,0,0.31 | 0.32 | 0.34,0,1.86 | 2.62 | 3.58,0,1.12 | 1.53 | 2.15,0.908,0.000,0,1,0,0,0,0,-1,0,0,0,,0,,0,,0,0,0,1
1723801050,580,3,3,8,8,11.024,0,0,0.31 | 0.32 | 0.34,0,1.86 | 2.62 | 3.58,0,1.12 | 1.53 | 2.15,0.908,0.000,0,1,0,0,0,0,-1,0,0,0,,0,,0,,0,0,0,1
1723801050,580,3,3,8,8,11.024,0,0,0.31 | 0.32 | 0.34,0,1.86 | 2.62 | 3.58,0,1.12 | 1.53 | 2.15,0.908,0.000,0,1,0,0,0,0,-1,0,0,0,,0,,0,,0,0,0,1
1723801051,580,3,3,8,8,11.024,0,0,0.31 | 0.32 | 0.34,0,1.86 | 2.62 | 3.58,0,1.12 | 1.53 | 2.15,0.908,0.000,0,1,0,0,0,0,-1,0,0,0,,0,,0,,0,0,0,1
1723801051,580,3,3,8,8,11.024,0,0,0.31 | 0.32 | 0.34,0,1.86 | 2.62 | 3.58,0,1.12 | 1.53 | 2.15,0.908,0.000,0,1,0,0,0,0,-1,0,0,0,,0,,0,,0,0,0,1
1723801051,580,3,3,8,8,11.024,0,0,0.31 | 0.32 | 0.34,0,1.86 | 2.62 | 3.58,0,1.12 | 1.53 | 2.15,0.908,0.000,0,1,0,0,0,0,-1,0,0,0,,0,,0,,0,0,0,1
1723801051,580,3,3,8,8,11.024,0,0,0.31 | 0.32 | 0.34,0,1.86 | 2.62 | 3.58,0,1.12 | 1.53 | 2.15,0.908,0.000,0,1,0,0,0,0,-1,0,0,0,,0,,0,,0,0,0,1
1723801051,580,3,3,8,8,11.024,0,0,0.31 | 0.32 | 0.34,0,1.86 | 2.62 | 3.58,0,1.12 | 1.53 | 2.15,0.908,0.000,0,1,0,0,0,0,-1,0,0,0,,0,,0,,0,0,0,1
1723801051,580,3,3,8,8,11.024,0,0,0.31 | 0.32 | 0.34,0,1.86 | 2.62 | 3.58,0,1.12 | 1.53 | 2.15,0.908,0.000,0,1,0,0,0,0,-1,0,0,0,,0,,0,,0,0,0,1
1723801051,580,3,3,8,8,11.024,0,0,0.31 | 0.32 | 0.34,0,1.86 | 2.62 | 3.58,0,1.12 | 1.53 | 2.15,0.908,0.000,0,1,0,0,0,0,-1,0,0,0,,0,,0,,0,0,0,1
1723801051,580,3,3,8,8,11.024,0,0,0.31 | 0.32 | 0.34,0,1.86 | 2.62 | 3.58,0,1.12 | 1.53 | 2.15,0.908,0.000,0,1,0,0,0,0,-1,0,0,0,,0,,0,,0,0,0,1
1723801051,580,3,3,8,8,9.962,0,0,0.31 | 0.32 | 0.34,0,1.86 | 2.62 | 3.58,0,1.12 | 1.53 | 2.15,0.908,0.000,0,1,0,0,0,0,-1,0,0,0,,0,,0,,0,0,0,1
1723801051,580,3,3,8,8,9.962,0,0,0.31 | 0.32 | 0.34,0,1.86 | 2.62 | 3.58,0,1.12 | 1.53 | 2.15,0.908,0.000,0,1,0,0,0,0,-1,0,0,0,,0,,0,,0,0,0,1
1723801052,580,3,3,8,8,9.962,0,0,0.31 | 0.32 | 0.34,0,1.86 | 2.62 | 3.58,0,1.12 | 1.53 | 2.15,0.908,0.000,0,1,0,0,0,0,-1,0,0,0,,0,,0,,0,0,0,1
1723801052,580,3,3,8,8,9.962,0,0,0.31 | 0.32 | 0.34,0,1.86 | 2.62 | 3.58,0,1.12 | 1.53 | 2.15,0.908,0.000,0,1,0,0,0,0,-1,0,0,0,,0,,0,,0,0,0,1
1723801052,580,3,3,8,8,9.962,0,0,0.31 | 0.32 | 0.34,0,1.86 | 2.62 | 3.58,0,1.12 | 1.53 | 2.15,0.908,0.000,0,1,0,0,0,0,-1,0,0,0,,0,,0,,0,0,0,1
1723801052,580,3,3,8,8,9.962,0,0,0.31 | 0.32 | 0.34,0,1.86 | 2.62 | 3.58,0,1.12 | 1.53 | 2.15,0.908,0.000,0,1,0,0,0,0,-1,0,0,0,,0,,0,,0,0,0,1
1723801052,580,3,3,8,8,9.962,0,0,0.31 | 0.32 | 0.34,0,1.86 | 2.62 | 3.58,0,1.12 | 1.53 | 2.15,0.908,0.000,0,1,0,0,0,0,-1,0,0,0,,0,,0,,0,0,0,1
1723801052,580,3,3,8,8,9.962,0,0,0.31 | 0.32 | 0.34,0,1.86 | 2.62 | 3.58,0,1.12 | 1.53 | 2.15,0.908,0.000,0,1,0,0,0,0,-1,0,0,0,,0,,0,,0,0,0,1
1723801052,580,3,3,8,8,9.962,0,0,0.31 | 0.32 | 0.34,0,1.86 | 2.62 | 3.58,0,1.12 | 1.53 | 2.15,0.908,0.000,0,1,0,0,0,0,-1,0,0,0,,0,,0,,0,0,0,1
1723801052,580,3,3,8,8,9.962,0,0,0.31 | 0.32 | 0.34,0,1.86 | 2.62 | 3.58,0,1.12 | 1.53 | 2.15,0.908,0.000,0,1,0,0,0,0,-1,0,0,0,,0,,0,,0,0,0,1
1723801052,580,3,3,8,8,12.099,0,0,0.31 | 0.32 | 0.34,0,1.86 | 2.62 | 3.58,0,1.12 | 1.53 | 2.15,0.908,0.000,0,1,0,0,0,0,-1,0,0,0,,0,,0,,0,0,0,1
1723801052,580,3,3,8,8,12.099,0,0,0.31 | 0.32 | 0.34,0,1.86 | 2.62 | 3.58,0,1.12 | 1.53 | 2.15,0.908,0.000,0,1,0,0,0,0,-1,0,0,0,,0,,0,,0,0,0,1
1723801053,580,3,3,8,8,12.099,0,0,0.31 | 0.32 | 0.34,0,1.86 | 2.62 | 3.58,0,1.12 | 1.53 | 2.15,0.908,0.000,0,1,0,0,0,0,-1,0,0,0,,0,,0,,0,0,0,1
1723801053,580,3,3,8,8,12.099,0,0,0.31 | 0.32 | 0.34,0,1.86 | 2.62 | 3.58,0,1.12 | 1.53 | 2.15,0.908,0.000,0,1,0,0,0,0,-1,0,0,0,,0,,0,,0,0,0,1
1723801053,580,3,3,8,8,12.099,0,0,0.31 | 0.32 | 0.34,0,1.86 | 2.62 | 3.58,0,1.12 | 1.53 | 2.15,0.908,0.000,0,1,0,0,0,0,-1,0,0,0,,0,,0,,0,0,0,1
1723801053,580,3,3,8,8,12.099,0,0,0.31 | 0.32 | 0.34,0,1.86 | 2.62 | 3.58,0,1.12 | 1.53 | 2.15,0.908,0.000,0,1,0,0,0,0,-1,0,0,0,,0,,0,,0,0,0,1
1723801053,580,3,3,8,8,12.099,0,0,0.31 | 0.32 | 0.34,0,1.86 | 2.62 | 3.58,0,1.12 | 1.53 | 2.15,0.908,0.000,0,1,0,0,0,0,-1,0,0,0,,0,,0,,0,0,0,1
1723801053,580,3,3,8,8,12.099,0,0,0.31 | 0.32 | 0.34,0,1.86 | 2.62 | 3.58,0,1.12 | 1.53 | 2.15,0.908,0.000,0,1,0,0,0,0,-1,0,0,0,,0,,0,,0,0,0,1
1723801053,580,3,3,8,8,12.099,0,0,0.31 | 0.32 | 0.34,0,1.86 | 2.62 | 3.58,0,1.12 | 1.53 | 2.15,0.908,0.000,0,1,0,0,0,0,-1,0,0,0,,0,,0,,0,0,0,1
1723801053,580,3,3,8,8,12.099,0,0,0.31 | 0.32 | 0.34,0,1.86 | 2.62 | 3.58,0,1.12 | 1.53 | 2.15,0.908,0.000,0,1,0,0,0,0,-1,0,0,0,,0,,0,,0,0,0,1
1723801053,580,3,3,8,8,11.303,0,0,0.31 | 0.32 | 0.34,0,1.86 | 2.62 | 3.58,0,1.12 | 1.53 | 2.15,0.908,0.000,0,1,0,0,0,0,-1,0,0,0,,0,,0,,0,0,0,1
1723801053,580,3,3,8,8,11.303,0,0,0.31 | 0.32 | 0.34,0,1.86 | 2.62 | 3.58,0,1.12 | 1.53 | 2.15,0.908,0.000,0,1,0,0,0,0,-1,0,0,0,,0,,0,,0,0,0,1
1723801054,580,3,3,8,8,11.303,0,0,0.31 | 0.32 | 0.34,0,1.86 | 2.62 | 3.58,0,1.12 | 1.53 | 2.15,0.908,0.000,0,1,0,0,0,0,-1,0,0,0,,0,,0,,0,0,0,1
1723801054,580,3,3,8,8,11.303,0,0,0.31 | 0.32 | 0.34,0,1.86 | 2.62 | 3.58,0,1.12 | 1.53 | 2.15,0.908,0.000,0,1,0,0,0,0,-1,0,0,0,,0,,0,,0,0,0,1
1723801054,580,3,3,8,8,11.303,0,0,0.31 | 0.32 | 0.34,0,1.86 | 2.62 | 3.58,0,1.12 | 1.53 | 2.15,0.908,0.000,0,1,0,0,0,0,-1,0,0,0,,0,,0,,0,0,0,1
1723801054,580,3,3,8,8,11.303,0,0,0.31 | 0.32 | 0.34,0,1.86 | 2.62 | 3.58,0,1.12 | 1.53 | 2.15,0.908,0.000,0,1,0,0,0,0,-1,0,0,0,,0,,0,,0,0,0,1
1723801054,580,3,3,8,8,11.303,0,0,0.31 | 0.32 | 0.34,0,1.86 | 2.62 | 3.58,0,1.12 | 1.53 | 2.15,0.908,0.000,0,1,0,0,0,0,-1,0,0,0,,0,,0,,0,0,0,1
1723801054,580,3,3,8,8,11.303,0,0,0.31 | 0.32 | 0.34,0,1.86 | 2.62 | 3.58,0,1.12 | 1.53 | 2.15,0.908,0.000,0,1,0,0,0,0,-1,0,0,0,,0,,0,,0,0,0,1
1723801054,580,3,3,8,8,11.303,0,0,0.31 | 0.32 | 0.34,0,1.86 | 2.62 | 3.58,0,1.12 | 1.53 | 2.15,0.908,0.000,0,1,0,0,0,0,-1,0,0,0,,0,,0,,0,0,0,1
1723801054,580,3,3,8,8,11.303,0,0,0.31 | 0.32 | 0.34,0,1.86 | 2.62 | 3.58,0,1.12 | 1.53 | 2.15,0.908,0.000,0,1,0,0,0,0,-1,0,0,0,,0,,0,,0,0,0,1
1723801054,580,3,3,8,8,10.071,0,0,0.31 | 0.32 | 0.34,0,1.86 | 2.62 | 3.58,0,1.12 | 1.53 | 2.15,0.908,0.000,0,1,0,0,0,0,-1,0,0,0,,0,,0,,0,0,0,1
1723801054,580,3,3,8,8,10.071,0,0,0.31 | 0.32 | 0.34,0,1.86 | 2.62 | 3.58,0,1.12 | 1.53 | 2.15,0.908,0.000,0,1,0,0,0,0,-1,0,0,0,,0,,0,,0,0,0,1
1723801055,580,3,3,8,8,10.071,0,0,0.31 | 0.32 | 0.34,0,1.86 | 2.62 | 3.58,0,1.12 | 1.53 | 2.15,0.908,0.000,0,1,0,0,0,0,-1,0,0,0,,0,,0,,0,0,0,1
1723801055,580,3,3,8,8,10.071,0,0,0.31 | 0.32 | 0.34,0,1.86 | 2.62 | 3.58,0,1.12 | 1.53 | 2.15,0.908,0.000,0,1,0,0,0,0,-1,0,0,0,,0,,0,,0,0,0,1
1723801055,580,3,3,8,8,10.071,0,0,0.31 | 0.32 | 0.34,0,1.86 | 2.62 | 3.58,0,1.12 | 1.53 | 2.15,0.908,0.000,0,1,0,0,0,0,-1,0,0,0,,0,,0,,0,0,0,1
1723801055,580,3,3,8,8,10.071,0,0,0.31 | 0.32 | 0.34,0,1.86 | 2.62 | 3.58,0,1.12 | 1.53 | 2.15,0.908,0.000,0,1,0,0,0,0,-1,0,0,0,,0,,0,,0,0,0,1
1723801055,580,3,3,8,8,10.071,0,0,0.31 | 0.32 | 0.34,0,1.86 | 2.62 | 3.58,0,1.12 | 1.53 | 2.15,0.908,0.000,0,1,0,0,0,0,-1,0,0,0,,0,,0,,0,0,0,1
1723801055,580,3,3,8,8,10.071,0,0,0.31 | 0.32 | 0.34,0,1.86 | 2.62 | 3.58,0,1.12 | 1.53 | 2.15,0.908,0.000,0,1,0,0,0,0,-1,0,0,0,,0,,0,,0,0,0,1
1723801055,580,3,3,8,8,10.071,0,0,0.31 | 0.32 | 0.34,0,1.86 | 2.62 | 3.58,0,1.12 | 1.53 | 2.15,0.908,0.000,0,1,0,0,0,0,-1,0,0,0,,0,,0,,0,0,0,1
1723801055,580,3,3,8,8,10.071,0,0,0.31 | 0.32 | 0.34,0,1.86 | 2.62 | 3.58,0,1.12 | 1.53 | 2.15,0.908,0.000,0,1,0,0,0,0,-1,0,0,0,,0,,0,,0,0,0,1
1723801055,580,3,3,8,8,9.178,0,0,0.31 | 0.32 | 0.34,0,1.86 | 2.62 | 3.58,0,1.12 | 1.53 | 2.15,0.908,0.000,0,1,0,0,0,0,-1,0,0,0,,0,,0,,0,0,0,1
1723801055,580,3,3,8,8,9.178,0,0,0.31 | 0.32 | 0.34,0,1.86 | 2.62 | 3.58,0,1.12 | 1.53 | 2.15,0.908,0.000,0,1,0,0,0,0,-1,0,0,0,,0,,0,,0,0,0,1
1723801056,580,3,3,8,8,9.178,0,0,0.31 | 0.32 | 0.34,0,1.86 | 2.62 | 3.58,0,1.12 | 1.53 | 2.15,0.908,0.000,0,1,0,0,0,0,-1,0,0,0,,0,,0,,0,0,0,1
1723801056,580,3,3,8,8,9.178,0,0,0.31 | 0.32 | 0.34,0,1.86 | 2.62 | 3.58,0,1.12 | 1.53 | 2.15,0.908,0.000,0,1,0,0,0,0,-1,0,0,0,,0,,0,,0,0,0,1
1723801056,580,3,3,8,8,9.178,0,0,0.31 | 0.32 | 0.34,0,1.86 | 2.62 | 3.58,0,1.12 | 1.53 | 2.15,0.908,0.000,0,1,0,0,0,0,-1,0,0,0,,0,,0,,0,0,0,1
1723801056,580,3,3,8,8,9.178,0,0,0.31 | 0.32 | 0.34,0,1.86 | 2.62 | 3.58,0,1.12 | 1.53 | 2.15,0.908,0.000,0,1,0,0,0,0,-1,0,0,0,,0,,0,,0,0,0,1
1723801056,580,3,3,8,8,9.178,0,0,0.31 | 0.32 | 0.34,0,1.86 | 2.62 | 3.58,0,1.12 | 1.53 | 2.15,0.908,0.000,0,1,0,0,0,0,-1,0,0,0,,0,,0,,0,0,0,1
1723801056,580,3,3,8,8,9.178,0,0,0.31 | 0.32 | 0.34,0,1.86 | 2.62 | 3.58,0,1.12 | 1.53 | 2.15,0.908,0.000,0,1,0,0,0,0,-1,0,0,0,,0,,0,,0,0,0,1
1723801056,580,3,3,8,8,9.178,0,0,0.31 | 0.32 | 0.34,0,1.86 | 2.62 | 3.58,0,1.12 | 1.53 | 2.15,0.908,0.000,0,1,0,0,0,0,-1,0,0,0,,0,,0,,0,0,0,1
1723801056,580,3,3,8,8,9.178,0,0,0.31 | 0.32 | 0.34,0,1.86 | 2.62 | 3.58,0,1.12 | 1.53 | 2.15,0.908,0.000,0,1,0,0,0,0,-1,0,0,0,,0,,0,,0,0,0,1
1723801056,580,3,3,8,8,12.915,0,0,0.30 | 0.31 | 0.31,0,1.86 | 2.61 | 3.58,0,1.12 | 1.53 | 2.15,0.931,0.000,0,1,0,0,0,0,-1,0,0,0,,0,,0,,0,0,0,1
1723801056,580,3,3,8,8,12.915,0,0,0.30 | 0.31 | 0.31,0,1.86 | 2.61 | 3.58,0,1.12 | 1.53 | 2.15,0.931,0.000,0,1,0,0,0,0,-1,0,0,0,,0,,0,,0,0,0,1
1723801057,580,3,3,8,8,12.915,0,0,0.30 | 0.31 | 0.31,0,1.86 | 2.61 | 3.58,0,1.12 | 1.53 | 2.15,0.931,0.000,0,1,0,0,0,0,-1,0,0,0,,0,,0,,0,0,0,1
1723801057,580,3,3,8,8,12.915,0,0,0.30 | 0.31 | 0.31,0,1.86 | 2.61 | 3.58,0,1.12 | 1.53 | 2.15,0.931,0.000,0,1,0,0,0,0,-1,0,0,0,,0,,0,,0,0,0,1
1723801057,580,3,3,8,8,12.915,0,0,0.30 | 0.31 | 0.31,0,1.86 | 2.61 | 3.58,0,1.12 | 1.53 | 2.15,0.931,0.000,0,1,0,0,0,0,-1,0,0,0,,0,,0,,0,0,0,1
1723801057,580,3,3,8,8,12.915,0,0,0.30 | 0.31 | 0.31,0,1.86 | 2.61 | 3.58,0,1.12 | 1.53 | 2.15,0.931,0.000,0,1,0,0,0,0,-1,0,0,0,,0,,0,,0,0,0,1
1723801057,580,3,3,8,8,12.915,0,0,0.30 | 0.31 | 0.31,0,1.86 | 2.61 | 3.58,0,1.12 | 1.53 | 2.15,0.931,0.000,0,1,0,0,0,0,-1,0,0,0,,0,,0,,0,0,0,1
1723801057,580,3,3,8,8,12.915,0,0,0.30 | 0.31 | 0.31,0,1.86 | 2.61 | 3.58,0,1.12 | 1.53 | 2.15,0.931,0.000,0,1,0,0,0,0,-1,0,0,0,,0,,0,,0,0,0,1
1723801057,580,3,3,8,8,12.915,0,0,0.30 | 0.31 | 0.31,0,1.86 | 2.61 | 3.58,0,1.12 | 1.53 | 2.15,0.931,0.000,0,1,0,0,0,0,-1,0,0,0,,0,,0,,0,0,0,1
1723801057,580,3,3,8,8,12.915,0,0,0.30 | 0.31 | 0.31,0,1.86 | 2.61 | 3.58,0,1.12 | 1.53 | 2.15,0.931,0.000,0,1,0,0,0,0,-1,0,0,0,,0,,0,,0,0,0,1
1723801057,580,3,3,8,8,12.118,0,0,0.30 | 0.31 | 0.31,0,1.86 | 2.61 | 3.58,0,1.12 | 1.53 | 2.15,0.931,0.000,0,1,0,0,0,0,-1,0,0,0,,0,,0,,0,0,0,1
1723801057,580,3,3,8,8,12.118,0,0,0.30 | 0.31 | 0.31,0,1.86 | 2.61 | 3.58,0,1.12 | 1.53 | 2.15,0.931,0.000,0,1,0,0,0,0,-1,0,0,0,,0,,0,,0,0,0,1
1723801058,772,3,4,8,8,12.118,0,0,0.30 | 0.31 | 0.31,0,1.86 | 2.61 | 3.58,0,1.12 | 1.53 | 2.15,0.931,0.000,0,1,0,0,0,0,-1,0,0,0,,0,,0,,0,0,0,1
1723801058,772,3,4,8,8,12.118,0,0,0.30 | 0.31 | 0.31,0,1.86 | 2.61 | 3.58,0,1.12 | 1.53 | 2.15,0.931,0.000,0,1,0,0,0,0,-1,0,0,0,,0,,0,,0,0,0,1
1723801058,772,3,4,8,8,12.118,0,0,0.30 | 0.31 | 0.31,0,1.86 | 2.61 | 3.58,0,1.12 | 1.53 | 2.15,0.931,0.000,0,1,0,0,0,0,-1,0,0,0,,0,,0,,0,0,0,1
1723801058,772,3,4,8,8,12.118,0,0,0.30 | 0.31 | 0.31,0,1.86 | 2.61 | 3.58,0,1.12 | 1.53 | 2.15,0.931,0.000,0,1,0,0,0,0,-1,0,0,0,,0,,0,,0,0,0,1
1723801058,772,3,4,8,8,12.118,0,0,0.30 | 0.31 | 0.31,0,1.86 | 2.61 | 3.58,0,1.12 | 1.53 | 2.15,0.931,0.000,0,1,0,0,0,0,-1,0,0,0,,0,,0,,0,0,0,1
1723801058,772,3,4,8,8,12.118,0,0,0.30 | 0.31 | 0.31,0,1.86 | 2.61 | 3.58,0,1.12 | 1.53 | 2.15,0.931,0.000,0,1,0,0,0,0,-1,0,0,0,,0,,0,,0,0,0,1
1723801058,772,3,4,8,8,12.118,0,0,0.30 | 0.31 | 0.31,0,1.86 | 2.61 | 3.58,0,1.12 | 1.53 | 2.15,0.931,0.000,0,1,0,0,0,0,-1,0,0,0,,0,,0,,0,0,0,1
1723801058,772,3,4,8,8,12.118,0,0,0.30 | 0.31 | 0.31,0,1.86 | 2.61 | 3.58,0,1.12 | 1.53 | 2.15,0.931,0.000,0,1,0,0,0,0,-1,0,0,0,,0,,0,,0,0,0,1
1723801058,772,3,4,8,8,11.04,0,0,0.30 | 0.31 | 0.31,0,1.86 | 2.61 | 3.58,0,1.12 | 1.53 | 2.15,0.931,0.000,0,1,0,0,0,0,-1,0,0,0,,0,,0,,0,0,0,1
1723801058,772,3,4,8,8,11.04,0,0,0.30 | 0.31 | 0.31,0,1.86 | 2.61 | 3.58,0,1.12 | 1.53 | 2.15,0.931,0.000,0,1,0,0,0,0,-1,0,0,0,,0,,0,,0,0,0,1
1723801059,772,3,4,8,8,11.04,0,0,0.30 | 0.31 | 0.31,0,1.86 | 2.61 | 3.58,0,1.12 | 1.53 | 2.15,0.931,0.000,0,1,0,0,0,0,-1,0,0,0,,0,,0,,0,0,0,1
1723801059,772,3,4,8,8,11.04,0,0,0.30 | 0.31 | 0.31,0,1.86 | 2.61 | 3.58,0,1.12 | 1.53 | 2.15,0.931,0.000,0,1,0,0,0,0,-1,0,0,0,,0,,0,,0,0,0,1
1723801059,772,3,4,8,8,11.04,0,0,0.30 | 0.31 | 0.31,0,1.86 | 2.61 | 3.58,0,1.12 | 1.53 | 2.15,0.931,0.000,0,1,0,0,0,0,-1,0,0,0,,0,,0,,0,0,0,1
1723801059,772,3,4,8,8,11.04,0,0,0.30 | 0.31 | 0.31,0,1.86 | 2.61 | 3.58,0,1.12 | 1.53 | 2.15,0.931,0.000,0,1,0,0,0,0,-1,0,0,0,,0,,0,,0,0,0,1
1723801059,772,3,4,8,8,11.04,0,0,0.30 | 0.31 | 0.31,0,1.86 | 2.61 | 3.58,0,1.12 | 1.53 | 2.15,0.931,0.000,0,1,0,0,0,0,-1,0,0,0,,0,,0,,0,0,0,1
1723801059,772,3,4,8,8,11.04,0,0,0.30 | 0.31 | 0.31,0,1.86 | 2.61 | 3.58,0,1.12 | 1.53 | 2.15,0.931,0.000,0,1,0,0,0,0,-1,0,0,0,,0,,0,,0,0,0,1
1723801059,772,3,4,8,8,11.04,0,0,0.30 | 0.31 | 0.31,0,1.86 | 2.61 | 3.58,0,1.12 | 1.53 | 2.15,0.931,0.000,0,1,0,0,0,0,-1,0,0,0,,0,,0,,0,0,0,1
1723801059,772,3,4,8,8,11.04,0,0,0.30 | 0.31 | 0.31,0,1.86 | 2.61 | 3.58,0,1.12 | 1.53 | 2.15,0.931,0.000,0,1,0,0,0,0,-1,0,0,0,,0,,0,,0,0,0,1
1723801059,772,3,4,8,8,9.993,0,0,0.30 | 0.31 | 0.31,0,1.86 | 2.61 | 3.58,0,1.12 | 1.53 | 2.15,0.931,0.000,0,1,0,0,0,0,-1,0,0,0,,0,,0,,0,0,0,1
1723801059,772,3,4,8,8,9.993,0,0,0.30 | 0.31 | 0.31,0,1.86 | 2.61 | 3.58,0,1.12 | 1.53 | 2.15,0.931,0.000,0,1,0,0,0,0,-1,0,0,0,,0,,0,,0,0,0,1
1723801060,772,3,4,8,8,9.993,0,0,0.30 | 0.31 | 0.31,0,1.86 | 2.61 | 3.58,0,1.12 | 1.53 | 2.15,0.931,0.000,0,1,0,0,0,0,-1,0,0,0,,0,,0,,0,0,0,1
1723801060,772,3,4,8,8,9.993,0,0,0.30 | 0.31 | 0.31,0,1.86 | 2.61 | 3.58,0,1.12 | 1.53 | 2.15,0.931,0.000,0,1,0,0,0,0,-1,0,0,0,,0,,0,,0,0,0,1
1723801060,772,3,4,8,8,9.993,0,0,0.30 | 0.31 | 0.31,0,1.86 | 2.61 | 3.58,0,1.12 | 1.53 | 2.15,0.931,0.000,0,1,0,0,0,0,-1,0,0,0,,0,,0,,0,0,0,1
1723801060,772,3,4,8,8,9.993,0,0,0.30 | 0.31 | 0.31,0,1.86 | 2.61 | 3.58,0,1.12 | 1.53 | 2.15,0.931,0.000,0,1,0,0,0,0,-1,0,0,0,,0,,0,,0,0,0,1
1723801060,772,3,4,8,8,9.993,0,0,0.30 | 0.31 | 0.31,0,1.86 | 2.61 | 3.58,0,1.12 | 1.53 | 2.15,0.931,0.000,0,1,0,0,0,0,-1,0,0,0,,0,,0,,0,0,0,1
1723801060,772,3,4,8,8,9.993,0,0,0.30 | 0.31 | 0.31,0,1.86 | 2.61 | 3.58,0,1.12 | 1.53 | 2.15,0.931,0.000,0,1,0,0,0,0,-1,0,0,0,,0,,0,,0,0,0,1
1723801060,772,3,4,8,8,9.993,0,0,0.30 | 0.31 | 0.31,0,1.86 | 2.61 | 3.58,0,1.12 | 1.53 | 2.15,0.931,0.000,0,1,0,0,0,0,-1,0,0,0,,0,,0,,0,0,0,1
1723801060,772,3,4,8,8,9.993,0,0,0.30 | 0.31 | 0.31,0,1.86 | 2.61 | 3.58,0,1.12 | 1.53 | 2.15,0.931,0.000,0,1,0,0,0,0,-1,0,0,0,,0,,0,,0,0,0,1
1723801060,772,3,4,8,8,8.931,0,0,0.30 | 0.31 | 0.31,0,1.86 | 2.61 | 3.58,0,1.12 | 1.53 | 2.15,0.931,0.000,0,1,0,0,0,0,-1,0,0,0,,0,,0,,0,0,0,1
1723801060,772,3,4,8,8,8.931,0,0,0.30 | 0.31 | 0.31,0,1.86 | 2.61 | 3.58,0,1.12 | 1.53 | 2.15,0.931,0.000,0,1,0,0,0,0,-1,0,0,0,,0,,0,,0,0,0,1
1723801061,772,3,4,8,8,8.931,0,0,0.30 | 0.31 | 0.31,0,1.86 | 2.61 | 3.58,0,1.12 | 1.53 | 2.15,0.931,0.000,0,1,0,0,0,0,-1,0,0,0,,0,,0,,0,0,0,1
1723801061,772,3,4,8,8,8.931,0,0,0.30 | 0.31 | 0.31,0,1.86 | 2.61 | 3.58,0,1.12 | 1.53 | 2.15,0.931,0.000,0,1,0,0,0,0,-1,0,0,0,,0,,0,,0,0,0,1
1723801061,772,3,4,8,8,8.931,0,0,0.30 | 0.31 | 0.31,0,1.86 | 2.61 | 3.58,0,1.12 | 1.53 | 2.15,0.931,0.000,0,1,0,0,0,0,-1,0,0,0,,0,,0,,0,0,0,1
1723801061,772,3,4,8,8,8.931,0,0,0.30 | 0.31 | 0.31,0,1.86 | 2.61 | 3.58,0,1.12 | 1.53 | 2.15,0.931,0.000,0,1,0,0,0,0,-1,0,0,0,,0,,0,,0,0,0,1
1723801061,772,3,4,8,8,8.931,0,0,0.30 | 0.31 | 0.31,0,1.86 | 2.61 | 3.58,0,1.12 | 1.53 | 2.15,0.931,0.000,0,1,0,0,0,0,-1,0,0,0,,0,,0,,0,0,0,1
1723801061,772,4,4,8,8,8.931,0,0,0.30 | 0.31 | 0.31,0,1.86 | 2.61 | 3.58,0,1.12 | 1.53 | 2.15,0.931,0.000,0,1,0,0,0,0,-1,0,0,0,,0,,0,,0,0,0,1
1723801061,772,4,4,8,8,8.931,0,0,0.30 | 0.31 | 0.31,0,1.86 | 2.61 | 3.58,0,1.12 | 1.53 | 2.15,0.931,0.000,0,1,0,0,0,0,-1,0,0,0,,0,,0,,0,0,0,1
1723801061,772,4,4,8,8,8.931,0,0,0.30 | 0.31 | 0.31,0,1.86 | 2.61 | 3.58,0,1.12 | 1.53 | 2.15,0.931,0.000,0,1,0,0,0,0,-1,0,0,0,,0,,0,,0,0,0,1
1723801061,772,4,4,8,8,7.868,0,0,0.30 | 0.31 | 0.31,0,2.04 | 2.82 | 3.58,0,1.12 | 1.42 | 1.96,0.937,0.000,0,1,0,0,0,0,-1,0,0,0,,0,,0,,0,0,0,1
1723801061,772,4,4,8,8,7.868,0,0,0.30 | 0.31 | 0.31,0,2.04 | 2.82 | 3.58,0,1.12 | 1.42 | 1.96,0.937,0.000,0,1,0,0,0,0,-1,0,0,0,,0,,0,,0,0,0,1
1723801062,772,4,4,8,8,7.868,0,0,0.30 | 0.31 | 0.31,0,2.04 | 2.82 | 3.58,0,1.12 | 1.42 | 1.96,0.937,0.000,0,1,0,0,0,0,-1,0,0,0,,0,,0,,0,0,0,1
1723801062,772,4,4,8,8,7.868,0,0,0.30 | 0.31 | 0.31,0,2.04 | 2.82 | 3.58,0,1.12 | 1.42 | 1.96,0.937,0.000,0,1,0,0,0,0,-1,0,0,0,,0,,0,,0,0,0,1
1723801062,772,4,4,8,8,7.868,0,0,0.30 | 0.31 | 0.31,0,2.04 | 2.82 | 3.58,0,1.12 | 1.42 | 1.96,0.937,0.000,0,1,0,0,0,0,-1,0,0,0,,0,,0,,0,0,0,1
1723801062,772,4,4,8,8,7.868,0,0,0.30 | 0.31 | 0.31,0,2.04 | 2.82 | 3.58,0,1.12 | 1.42 | 1.96,0.937,0.000,0,1,0,0,0,0,-1,0,0,0,,0,,0,,0,0,0,1
1723801062,772,4,4,8,8,7.868,0,0,0.30 | 0.31 | 0.31,0,2.04 | 2.82 | 3.58,0,1.12 | 1.42 | 1.96,0.937,0.000,0,1,0,0,0,0,-1,0,0,0,,0,,0,,0,0,0,1
1723801062,772,4,4,8,8,7.868,0,0,0.30 | 0.31 | 0.31,0,2.04 | 2.82 | 3.58,0,1.12 | 1.42 | 1.96,0.937,0.000,0,1,0,0,0,0,-1,0,0,0,,0,,0,,0,0,0,1
1723801062,772,4,4,8,8,7.868,0,0,0.30 | 0.31 | 0.31,0,2.04 | 2.82 | 3.58,0,1.12 | 1.42 | 1.96,0.937,0.000,0,1,0,0,0,0,-1,0,0,0,,0,,0,,0,0,0,1
1723801062,772,4,4,8,8,7.868,0,0,0.30 | 0.31 | 0.31,0,2.04 | 2.82 | 3.58,0,1.12 | 1.42 | 1.96,0.937,0.000,0,1,0,0,0,0,-1,0,0,0,,0,,0,,0,0,0,1
1723801062,772,4,4,8,8,7.071,0,0,0.30 | 0.31 | 0.31,0,2.04 | 2.82 | 3.58,0,1.12 | 1.42 | 1.96,0.937,0.000,0,1,0,0,0,0,-1,0,0,0,,0,,0,,0,0,0,1
1723801062,772,4,4,8,8,7.071,0,0,0.30 | 0.31 | 0.31,0,2.04 | 2.82 | 3.58,0,1.12 | 1.42 | 1.96,0.937,0.000,0,1,0,0,0,0,-1,0,0,0,,0,,0,,0,0,0,1
1723801063,772,4,4,8,8,7.071,0,0,0.30 | 0.31 | 0.31,0,2.04 | 2.82 | 3.58,0,1.12 | 1.42 | 1.96,0.937,0.000,0,1,0,0,0,0,-1,0,0,0,,0,,0,,0,0,0,1
1723801063,772,4,4,8,8,7.071,0,0,0.30 | 0.31 | 0.31,0,2.04 | 2.82 | 3.58,0,1.12 | 1.42 | 1.96,0.937,0.000,0,1,0,0,0,0,-1,0,0,0,,0,,0,,0,0,0,1
1723801063,772,4,4,8,8,7.071,0,0,0.30 | 0.31 | 0.31,0,2.04 | 2.82 | 3.58,0,1.12 | 1.42 | 1.96,0.937,0.000,0,1,0,0,0,0,-1,0,0,0,,0,,0,,0,0,0,1
1723801063,772,4,4,8,8,7.071,0,0,0.30 | 0.31 | 0.31,0,2.04 | 2.82 | 3.58,0,1.12 | 1.42 | 1.96,0.937,0.000,0,1,0,0,0,0,-1,0,0,0,,0,,0,,0,0,0,1
1723801063,772,4,4,8,8,7.071,0,0,0.30 | 0.31 | 0.31,0,2.04 | 2.82 | 3.58,0,1.12 | 1.42 | 1.96,0.937,0.000,0,1,0,0,0,0,-1,0,0,0,,0,,0,,0,0,0,1
1723801063,772,4,4,8,8,7.071,0,0,0.30 | 0.31 | 0.31,0,2.04 | 2.82 | 3.58,0,1.12 | 1.42 | 1.96,0.937,0.000,0,1,0,0,0,0,-1,0,0,0,,0,,0,,0,0,0,1
1723801063,772,4,4,8,8,7.071,0,0,0.30 | 0.31 | 0.31,0,2.04 | 2.82 | 3.58,0,1.12 | 1.42 | 1.96,0.937,0.000,0,1,0,0,0,0,-1,0,0,0,,0,,0,,0,0,0,1
1723801063,772,4,4,8,8,7.071,0,0,0.30 | 0.31 | 0.31,0,2.04 | 2.82 | 3.58,0,1.12 | 1.42 | 1.96,0.937,0.000,0,1,0,0,0,0,-1,0,0,0,,0,,0,,0,0,0,1
1723801063,772,4,4,8,8,6.009,0,0,0.30 | 0.31 | 0.31,0,2.04 | 2.82 | 3.58,0,1.12 | 1.42 | 1.96,0.937,0.000,0,1,0,0,0,0,-1,0,0,0,,0,,0,,0,0,0,1
1723801063,772,4,4,8,8,6.009,0,0,0.30 | 0.31 | 0.31,0,2.04 | 2.82 | 3.58,0,1.12 | 1.42 | 1.96,0.937,0.000,0,1,0,0,0,0,-1,0,0,0,,0,,0,,0,0,0,1
1723801064,772,4,4,8,8,6.009,0,0,0.30 | 0.31 | 0.31,0,2.04 | 2.82 | 3.58,0,1.12 | 1.42 | 1.96,0.937,0.000,0,1,0,0,0,0,-1,0,0,0,,0,,0,,0,0,0,1
1723801064,772,4,4,8,8,6.009,0,0,0.30 | 0.31 | 0.31,0,2.04 | 2.82 | 3.58,0,1.12 | 1.42 | 1.96,0.937,0.000,0,1,0,0,0,0,-1,0,0,0,,0,,0,,0,0,0,1
1723801064,772,4,4,8,8,6.009,0,0,0.30 | 0.31 | 0.31,0,2.04 | 2.82 | 3.58,0,1.12 | 1.42 | 1.96,0.937,0.000,0,1,0,0,0,0,-1,0,0,0,,0,,0,,0,0,0,1
1723801064,772,4,4,8,8,6.009,0,0,0.30 | 0.31 | 0.31,0,2.04 | 2.82 | 3.58,0,1.12 | 1.42 | 1.96,0.937,0.000,0,1,0,0,0,0,-1,0,0,0,,0,,0,,0,0,0,1
1723801064,772,4,4,8,8,6.009,0,0,0.30 | 0.31 | 0.31,0,2.04 | 2.82 | 3.58,0,1.12 | 1.42 | 1.96,0.937,0.000,0,1,0,0,0,0,-1,0,0,0,,0,,0,,0,0,0,1
1723801064,772,4,4,8,8,6.009,0,0,0.30 | 0.31 | 0.31,0,2.04 | 2.82 | 3.58,0,1.12 | 1.42 | 1.96,0.937,0.000,0,1,0,0,0,0,-1,0,0,0,,0,,0,,0,0,0,1
1723801064,772,4,4,8,8,6.009,0,0,0.30 | 0.31 | 0.31,0,2.04 | 2.82 | 3.58,0,1.12 | 1.42 | 1.96,0.937,0.000,0,1,0,0,0,0,-1,0,0,0,,0,,0,,0,0,0,1
1723801064,772,4,4,8,8,6.009,0,0,0.30 | 0.31 | 0.31,0,2.04 | 2.82 | 3.58,0,1.12 | 1.42 | 1.96,0.937,0.000,0,1,0,0,0,0,-1,0,0,0,,0,,0,,0,0,0,1
1723801064,772,4,4,8,8,4.871,0,0,0.30 | 0.31 | 0.31,0,2.04 | 2.82 | 3.58,0,1.12 | 1.42 | 1.96,0.937,0.000,0,1,0,0,0,0,-1,0,0,0,,0,,0,,0,0,0,1
1723801064,772,3,4,8,8,4.871,0,0,0.30 | 0.31 | 0.31,0,2.04 | 2.82 | 3.58,0,1.12 | 1.42 | 1.96,0.937,0.000,0,1,0,0,0,0,-1,0,0,0,,0,,0,,0,0,0,1
1723801065,772,3,4,8,8,4.871,0,0,0.30 | 0.31 | 0.31,0,2.04 | 2.82 | 3.58,0,1.12 | 1.42 | 1.96,0.937,0.000,0,1,0,0,0,0,-1,0,0,0,,0,,0,,0,0,0,1
1723801065,772,3,4,8,8,4.871,0,0,0.30 | 0.31 | 0.31,0,2.04 | 2.82 | 3.58,0,1.12 | 1.42 | 1.96,0.937,0.000,0,1,0,0,0,0,-1,0,0,0,,0,,0,,0,0,0,1
1723801065,772,3,4,8,8,4.871,0,0,0.30 | 0.31 | 0.31,0,2.04 | 2.82 | 3.58,0,1.12 | 1.42 | 1.96,0.937,0.000,0,1,0,0,0,0,-1,0,0,0,,0,,0,,0,0,0,1
1723801065,772,3,4,8,8,4.871,0,0,0.30 | 0.31 | 0.31,0,2.04 | 2.82 | 3.58,0,1.12 | 1.42 | 1.96,0.937,0.000,0,1,0,0,0,0,-1,0,0,0,,0,,0,,0,0,0,1
1723801065,772,3,4,8,8,4.871,0,0,0.30 | 0.31 | 0.31,0,2.04 | 2.82 | 3.58,0,1.12 | 1.42 | 1.96,0.937,0.000,0,1,0,0,0,0,-1,0,0,0,,0,,0,,0,0,0,1
1723801065,772,3,4,8,8,4.871,0,0,0.30 | 0.31 | 0.31,0,2.04 | 2.82 | 3.58,0,1.12 | 1.42 | 1.96,0.937,0.000,0,1,0,0,0,0,-1,0,0,0,,0,,0,,0,0,0,1
1723801065,772,3,4,8,8,4.871,0,0,0.30 | 0.31 | 0.31,0,2.04 | 2.82 | 3.58,0,1.12 | 1.42 | 1.96,0.937,0.000,0,1,0,0,0,0,-1,0,0,0,,0,,0,,0,0,0,1
1723801065,772,3,4,8,8,4.871,0,0,0.30 | 0.31 | 0.31,0,2.04 | 2.82 | 3.58,0,1.12 | 1.42 | 1.96,0.937,0.000,0,1,0,0,0,0,-1,0,0,0,,0,,0,,0,0,0,1
1723801065,387,3,2,8,8,3.884,0,0,0.30 | 0.31 | 0.31,0,2.04 | 2.94 | 4.03,0,0.99 | 1.36 | 1.96,0.954,0.000,0,1,0,0,0,0,-1,0,0,0,,0,,0,,0,0,0,1
1723801065,387,3,2,8,8,3.884,0,0,0.30 | 0.31 | 0.31,0,2.04 | 2.94 | 4.03,0,0.99 | 1.36 | 1.96,0.954,0.000,0,1,0,0,0,0,-1,0,0,0,,0,,0,,0,0,0,1
1723801066,387,4,2,8,8,3.884,0,0,0.30 | 0.31 | 0.31,0,2.04 | 2.94 | 4.03,0,0.99 | 1.36 | 1.96,0.954,0.000,0,1,0,0,0,0,-1,0,0,0,,0,,0,,0,0,0,1
1723801066,387,4,2,8,8,3.884,0,0,0.30 | 0.31 | 0.31,0,2.04 | 2.94 | 4.03,0,0.99 | 1.36 | 1.96,0.954,0.000,0,1,0,0,0,0,-1,0,0,0,,0,,0,,0,0,0,1
1723801066,387,4,2,8,8,3.884,0,0,0.30 | 0.31 | 0.31,0,2.04 | 2.94 | 4.03,0,0.99 | 1.36 | 1.96,0.954,0.000,0,1,0,0,0,0,-1,0,0,0,,0,,0,,0,0,0,1
1723801066,387,4,2,8,8,3.884,0,0,0.30 | 0.31 | 0.31,0,2.04 | 2.94 | 4.03,0,0.99 | 1.36 | 1.96,0.954,0.000,0,1,0,0,0,0,-1,0,0,0,,0,,0,,0,0,0,1
1723801066,387,4,2,8,8,3.884,0,0,0.30 | 0.31 | 0.31,0,2.04 | 2.94 | 4.03,0,0.99 | 1.36 | 1.96,0.954,0.000,0,1,0,0,0,0,-1,0,0,0,,0,,0,,0,0,0,1
1723801066,387,4,2,8,8,3.884,0,0,0.30 | 0.31 | 0.31,0,2.04 | 2.94 | 4.03,0,0.99 | 1.36 | 1.96,0.954,0.000,0,1,0,0,0,0,-1,0,0,0,,0,,0,,0,0,0,1
1723801066,387,4,2,8,8,3.884,0,0,0.30 | 0.31 | 0.31,0,2.04 | 2.94 | 4.03,0,0.99 | 1.36 | 1.96,0.954,0.000,0,1,0,0,0,0,-1,0,0,0,,0,,0,,0,0,0,1
1723801066,387,4,2,8,8,3.884,0,0,0.30 | 0.31 | 0.31,0,2.04 | 2.94 | 4.03,0,0.99 | 1.36 | 1.96,0.954,0.000,0,1,0,0,0,0,-1,0,0,0,,0,,0,,0,0,0,1
1723801066,387,4,2,8,8,3.087,0,0,0.30 | 0.31 | 0.31,0,2.04 | 2.94 | 4.03,0,0.99 | 1.36 | 1.96,0.954,0.000,0,1,0,0,0,0,-1,0,0,0,,0,,0,,0,0,0,1
1723801066,387,4,2,8,8,3.087,0,0,0.30 | 0.31 | 0.31,0,2.04 | 2.94 | 4.03,0,0.99 | 1.36 | 1.96,0.954,0.000,0,1,0,0,0,0,-1,0,0,0,,0,,0,,0,0,0,1
1723801067,387,4,2,8,8,3.087,0,0,0.30 | 0.31 | 0.31,0,2.04 | 2.94 | 4.03,0,0.99 | 1.36 | 1.96,0.954,0.000,0,1,0,0,0,0,-1,0,0,0,,0,,0,,0,0,0,1
1723801067,387,4,2,8,8,3.087,0,0,0.30 | 0.31 | 0.31,0,2.04 | 2.94 | 4.03,0,0.99 | 1.36 | 1.96,0.954,0.000,0,1,0,0,0,0,-1,0,0,0,,0,,0,,0,0,0,1
1723801067,387,4,2,8,8,3.087,0,0,0.30 | 0.31 | 0.31,0,2.04 | 2.94 | 4.03,0,0.99 | 1.36 | 1.96,0.954,0.000,0,1,0,0,0,0,-1,0,0,0,,0,,0,,0,0,0,1
1723801067,387,4,2,8,8,3.087,0,0,0.30 | 0.31 | 0.31,0,2.04 | 2.94 | 4.03,0,0.99 | 1.36 | 1.96,0.954,0.000,0,1,0,0,0,0,-1,0,0,0,,0,,0,,0,0,0,1
1723801067,580,4,3,8,8,3.087,0,0,0.30 | 0.31 | 0.31,0,2.04 | 2.94 | 4.03,0,0.99 | 1.36 | 1.96,0.954,0.000,0,1,0,0,0,0,-1,0,0,0,,0,,0,,0,0,0,1
1723801067,580,4,3,8,8,3.087,0,0,0.30 | 0.31 | 0.31,0,2.04 | 2.94 | 4.03,0,0.99 | 1.36 | 1.96,0.954,0.000,0,1,0,0,0,0,-1,0,0,0,,0,,0,,0,0,0,1
1723801067,580,4,3,8,8,3.087,0,0,0.30 | 0.31 | 0.31,0,2.04 | 2.94 | 4.03,0,0.99 | 1.36 | 1.96,0.954,0.000,0,1,0,0,0,0,-1,0,0,0,,0,,0,,0,0,0,1
1723801067,580,4,3,8,8,3.087,0,0,0.30 | 0.31 | 0.31,0,2.04 | 2.94 | 4.03,0,0.99 | 1.36 | 1.96,0.954,0.000,0,1,0,0,0,0,-1,0,0,0,,0,,0,,0,0,0,1
1723801067,580,4,3,8,8,5.224,0,0,0.30 | 0.31 | 0.32,0,1.01 | 2.68 | 4.03,0,0.99 | 1.49 | 3.94,0.957,0.000,0,1,0,0,0,0,-1,0,0,0,,0,,0,,0,0,0,1
1723801067,580,4,3,8,8,5.224,0,0,0.30 | 0.31 | 0.32,0,1.01 | 2.68 | 4.03,0,0.99 | 1.49 | 3.94,0.957,0.000,0,1,0,0,0,0,-1,0,0,0,,0,,0,,0,0,0,1
1723801068,580,4,3,8,8,5.224,0,0,0.30 | 0.31 | 0.32,0,1.01 | 2.68 | 4.03,0,0.99 | 1.49 | 3.94,0.957,0.000,0,1,0,0,0,0,-1,0,0,0,,0,,0,,0,0,0,1
1723801068,580,4,3,8,8,5.224,0,0,0.30 | 0.31 | 0.32,0,1.01 | 2.68 | 4.03,0,0.99 | 1.49 | 3.94,0.957,0.000,0,1,0,0,0,0,-1,0,0,0,,0,,0,,0,0,0,1
1723801068,580,4,3,8,8,5.224,0,0,0.30 | 0.31 | 0.32,0,1.01 | 2.68 | 4.03,0,0.99 | 1.49 | 3.94,0.957,0.000,0,1,0,0,0,0,-1,0,0,0,,0,,0,,0,0,0,1
1723801068,580,4,3,8,8,5.224,0,0,0.30 | 0.31 | 0.32,0,1.01 | 2.68 | 4.03,0,0.99 | 1.49 | 3.94,0.957,0.000,0,1,0,0,0,0,-1,0,0,0,,0,,0,,0,0,0,1
1723801068,580,4,3,8,8,5.224,0,0,0.30 | 0.31 | 0.32,0,1.01 | 2.68 | 4.03,0,0.99 | 1.49 | 3.94,0.957,0.000,0,1,0,0,0,0,-1,0,0,0,,0,,0,,0,0,0,1
1723801068,580,4,3,8,8,5.224,0,0,0.30 | 0.31 | 0.32,0,1.01 | 2.68 | 4.03,0,0.99 | 1.49 | 3.94,0.957,0.000,0,1,0,0,0,0,-1,0,0,0,,0,,0,,0,0,0,1
1723801068,580,4,3,8,8,5.224,0,0,0.30 | 0.31 | 0.32,0,1.01 | 2.68 | 4.03,0,0.99 | 1.49 | 3.94,0.957,0.000,0,1,0,0,0,0,-1,0,0,0,,0,,0,,0,0,0,1
1723801068,580,4,3,8,8,5.224,0,0,0.30 | 0.31 | 0.32,0,1.01 | 2.68 | 4.03,0,0.99 | 1.49 | 3.94,0.957,0.000,0,1,0,0,0,0,-1,0,0,0,,0,,0,,0,0,0,1
1723801068,580,4,3,8,8,4.162,0,0,0.30 | 0.31 | 0.32,0,1.01 | 2.68 | 4.03,0,0.99 | 1.49 | 3.94,0.957,0.000,0,1,0,0,0,0,-1,0,0,0,,0,,0,,0,0,0,1
1723801068,580,2,3,8,8,4.162,0,0,0.30 | 0.31 | 0.32,0,1.01 | 2.68 | 4.03,0,0.99 | 1.49 | 3.94,0.957,0.000,0,1,0,0,0,0,-1,0,0,0,,0,,0,,0,0,0,1
1723801069,580,2,3,8,8,4.162,0,0,0.30 | 0.31 | 0.32,0,1.01 | 2.68 | 4.03,0,0.99 | 1.49 | 3.94,0.957,0.000,0,1,0,0,0,0,-1,0,0,0,,0,,0,,0,0,0,1
1723801069,580,2,3,8,8,4.162,0,0,0.30 | 0.31 | 0.32,0,1.01 | 2.68 | 4.03,0,0.99 | 1.49 | 3.94,0.957,0.000,0,1,0,0,0,0,-1,0,0,0,,0,,0,,0,0,0,1
1723801069,580,2,3,8,8,4.162,0,0,0.30 | 0.31 | 0.32,0,1.01 | 2.68 | 4.03,0,0.99 | 1.49 | 3.94,0.957,0.000,0,1,0,0,0,0,-1,0,0,0,,0,,0,,0,0,0,1
1723801069,580,2,3,8,8,4.162,0,0,0.30 | 0.31 | 0.32,0,1.01 | 2.68 | 4.03,0,0.99 | 1.49 | 3.94,0.957,0.000,0,1,0,0,0,0,-1,0,0,0,,0,,0,,0,0,0,1
1723801069,580,2,3,8,8,4.162,0,0,0.30 | 0.31 | 0.32,0,1.01 | 2.68 | 4.03,0,0.99 | 1.49 | 3.94,0.957,0.000,0,1,0,0,0,0,-1,0,0,0,,0,,0,,0,0,0,1
1723801069,580,2,3,8,8,4.162,0,0,0.30 | 0.31 | 0.32,0,1.01 | 2.68 | 4.03,0,0.99 | 1.49 | 3.94,0.957,0.000,0,1,0,0,0,0,-1,0,0,0,,0,,0,,0,0,0,1
1723801069,580,2,3,8,8,4.162,0,0,0.30 | 0.31 | 0.32,0,1.01 | 2.68 | 4.03,0,0.99 | 1.49 | 3.94,0.957,0.000,0,1,0,0,0,0,-1,0,0,0,,0,,0,,0,0,0,1
1723801069,580,2,3,8,8,4.162,0,0,0.30 | 0.31 | 0.32,0,1.01 | 2.68 | 4.03,0,0.99 | 1.49 | 3.94,0.957,0.000,0,1,0,0,0,0,-1,0,0,0,,0,,0,,0,0,0,1
1723801069,580,2,3,8,8,3.099,0,0,0.30 | 0.31 | 0.32,0,1.01 | 2.68 | 4.03,0,0.99 | 1.49 | 3.94,0.957,0.000,0,1,0,0,0,0,-1,0,0,0,,0,,0,,0,0,0,1
1723801069,580,2,3,8,8,3.099,0,0,0.30 | 0.31 | 0.32,0,1.01 | 2.68 | 4.03,0,0.99 | 1.49 | 3.94,0.957,0.000,0,1,0,0,0,0,-1,0,0,0,,0,,0,,0,0,0,1
1723801070,580,2,3,8,8,3.099,0,0,0.30 | 0.31 | 0.32,0,1.01 | 2.68 | 4.03,0,0.99 | 1.49 | 3.94,0.957,0.000,0,1,0,0,0,0,-1,0,0,0,,0,,0,,0,0,0,1
1723801070,580,2,3,8,8,3.099,0,0,0.30 | 0.31 | 0.32,0,1.01 | 2.68 | 4.03,0,0.99 | 1.49 | 3.94,0.957,0.000,0,1,0,0,0,0,-1,0,0,0,,0,,0,,0,0,0,1
1723801070,580,2,3,8,8,3.099,0,0,0.30 | 0.31 | 0.32,0,1.01 | 2.68 | 4.03,0,0.99 | 1.49 | 3.94,0.957,0.000,0,1,0,0,0,0,-1,0,0,0,,0,,0,,0,0,0,1
1723801070,580,2,3,8,8,3.099,0,0,0.30 | 0.31 | 0.32,0,1.01 | 2.68 | 4.03,0,0.99 | 1.49 | 3.94,0.957,0.000,0,1,0,0,0,0,-1,0,0,0,,0,,0,,0,0,0,1
1723801070,580,2,3,8,8,3.099,0,0,0.30 | 0.31 | 0.32,0,1.01 | 2.68 | 4.03,0,0.99 | 1.49 | 3.94,0.957,0.000,0,1,0,0,0,0,-1,0,0,0,,0,,0,,0,0,0,1
1723801070,580,2,3,8,8,3.099,0,0,0.30 | 0.31 | 0.32,0,1.01 | 2.68 | 4.03,0,0.99 | 1.49 | 3.94,0.957,0.000,0,1,0,0,0,0,-1,0,0,0,,0,,0,,0,0,0,1
1723801070,580,2,3,8,8,3.099,0,0,0.30 | 0.31 | 0.32,0,1.01 | 2.68 | 4.03,0,0.99 | 1.49 | 3.94,0.957,0.000,0,1,0,0,0,0,-1,0,0,0,,0,,0,,0,0,0,1
1723801070,580,2,3,8,8,3.099,0,0,0.30 | 0.31 | 0.32,0,1.01 | 2.68 | 4.03,0,0.99 | 1.49 | 3.94,0.957,0.000,0,1,0,0,0,0,-1,0,0,0,,0,,0,,0,0,0,1
1723801070,580,2,3,8,8,2.303,0,0,0.30 | 0.31 | 0.32,0,1.01 | 2.68 | 4.03,0,0.99 | 1.49 | 3.94,0.957,0.000,0,1,0,0,0,0,-1,0,0,0,,0,,0,,0,0,0,1
1723801070,580,2,3,8,8,2.303,0,0,0.30 | 0.31 | 0.32,0,1.01 | 2.68 | 4.03,0,0.99 | 1.49 | 3.94,0.957,0.000,0,1,0,0,0,0,-1,0,0,0,,0,,0,,0,0,0,1
1723801071,580,2,3,8,8,2.303,0,0,0.30 | 0.31 | 0.32,0,1.01 | 2.68 | 4.03,0,0.99 | 1.49 | 3.94,0.957,0.000,0,1,0,0,0,0,-1,0,0,0,,0,,0,,0,0,0,1
1723801071,580,2,3,8,8,2.303,0,0,0.30 | 0.31 | 0.32,0,1.01 | 2.68 | 4.03,0,0.99 | 1.49 | 3.94,0.957,0.000,0,1,0,0,0,0,-1,0,0,0,,0,,0,,0,0,0,1
1723801071,580,2,3,8,8,2.303,0,0,0.30 | 0.31 | 0.32,0,1.01 | 2.68 | 4.03,0,0.99 | 1.49 | 3.94,0.957,0.000,0,1,0,0,0,0,-1,0,0,0,,0,,0,,0,0,0,1
1723801071,580,2,3,8,8,2.303,0,0,0.30 | 0.31 | 0.32,0,1.01 | 2.68 | 4.03,0,0.99 | 1.49 | 3.94,0.957,0.000,0,1,0,0,0,0,-1,0,0,0,,0,,0,,0,0,0,1
1723801071,580,2,3,8,8,2.303,0,0,0.30 | 0.31 | 0.32,0,1.01 | 2.68 | 4.03,0,0.99 | 1.49 | 3.94,0.957,0.000,0,1,0,0,0,0,-1,0,0,0,,0,,0,,0,0,0,1
1723801071,580,2,3,8,8,2.303,0,0,0.30 | 0.31 | 0.32,0,1.01 | 2.68 | 4.03,0,0.99 | 1.49 | 3.94,0.957,0.000,0,1,0,0,0,0,-1,0,0,0,,0,,0,,0,0,0,1
1723801071,580,2,3,8,8,2.303,0,0,0.30 | 0.31 | 0.32,0,1.01 | 2.68 | 4.03,0,0.99 | 1.49 | 3.94,0.957,0.000,0,1,0,0,0,0,-1,0,0,0,,0,,0,,0,0,0,1
1723801071,580,2,3,8,8,2.303,0,0,0.30 | 0.31 | 0.32,0,1.01 | 2.68 | 4.03,0,0.99 | 1.49 | 3.94,0.957,0.000,0,1,0,0,0,0,-1,0,0,0,,0,,0,,0,0,0,1
1723801071,580,2,3,8,8,6.04,0,0,0.31 | 0.31 | 0.32,0,1.01 | 2.69 | 4.03,0,0.99 | 1.49 | 3.94,0.957,0.000,0,1,0,0,0,0,-1,0,0,0,,0,,0,,0,0,0,1
1723801071,580,2,3,8,8,6.04,0,0,0.31 | 0.31 | 0.32,0,1.01 | 2.69 | 4.03,0,0.99 | 1.49 | 3.94,0.957,0.000,0,1,0,0,0,0,-1,0,0,0,,0,,0,,0,0,0,1
1723801072,580,2,3,8,8,6.04,0,0,0.31 | 0.31 | 0.32,0,1.01 | 2.69 | 4.03,0,0.99 | 1.49 | 3.94,0.957,0.000,0,1,0,0,0,0,-1,0,0,0,,0,,0,,0,0,0,1
1723801072,580,2,3,8,8,6.04,0,0,0.31 | 0.31 | 0.32,0,1.01 | 2.69 | 4.03,0,0.99 | 1.49 | 3.94,0.957,0.000,0,1,0,0,0,0,-1,0,0,0,,0,,0,,0,0,0,1
1723801072,580,2,3,8,8,6.04,0,0,0.31 | 0.31 | 0.32,0,1.01 | 2.69 | 4.03,0,0.99 | 1.49 | 3.94,0.957,0.000,0,1,0,0,0,0,-1,0,0,0,,0,,0,,0,0,0,1
1723801072,580,2,3,8,8,6.04,0,0,0.31 | 0.31 | 0.32,0,1.01 | 2.69 | 4.03,0,0.99 | 1.49 | 3.94,0.957,0.000,0,1,0,0,0,0,-1,0,0,0,,0,,0,,0,0,0,1
1723801072,580,2,3,8,8,6.04,0,0,0.31 | 0.31 | 0.32,0,1.01 | 2.69 | 4.03,0,0.99 | 1.49 | 3.94,0.957,0.000,0,1,0,0,0,0,-1,0,0,0,,0,,0,,0,0,0,1
1723801072,580,2,3,8,8,6.04,0,0,0.31 | 0.31 | 0.32,0,1.01 | 2.69 | 4.03,0,0.99 | 1.49 | 3.94,0.957,0.000,0,1,0,0,0,0,-1,0,0,0,,0,,0,,0,0,0,1
1723801072,580,2,3,8,8,6.04,0,0,0.31 | 0.31 | 0.32,0,1.01 | 2.69 | 4.03,0,0.99 | 1.49 | 3.94,0.957,0.000,0,1,0,0,0,0,-1,0,0,0,,0,,0,,0,0,0,1
1723801072,580,2,3,8,8,6.04,0,0,0.31 | 0.31 | 0.32,0,1.01 | 2.69 | 4.03,0,0.99 | 1.49 | 3.94,0.957,0.000,0,1,0,0,0,0,-1,0,0,0,,0,,0,,0,0,0,1
1723801072,580,2,3,8,8,4.978,0,0,0.31 | 0.31 | 0.32,0,1.01 | 2.69 | 4.03,0,0.99 | 1.49 | 3.94,0.957,0.000,0,1,0,0,0,0,-1,0,0,0,,0,,0,,0,0,0,1
1723801072,580,3,3,8,8,4.978,0,0,0.31 | 0.31 | 0.32,0,1.01 | 2.69 | 4.03,0,0.99 | 1.49 | 3.94,0.957,0.000,0,1,0,0,0,0,-1,0,0,0,,0,,0,,0,0,0,1
1723801073,580,3,3,8,8,4.978,0,0,0.31 | 0.31 | 0.32,0,1.01 | 2.69 | 4.03,0,0.99 | 1.49 | 3.94,0.957,0.000,0,1,0,0,0,0,-1,0,0,0,,0,,0,,0,0,0,1
1723801073,580,3,3,8,8,4.978,0,0,0.31 | 0.31 | 0.32,0,1.01 | 2.69 | 4.03,0,0.99 | 1.49 | 3.94,0.957,0.000,0,1,0,0,0,0,-1,0,0,0,,0,,0,,0,0,0,1
1723801073,580,3,3,8,8,4.978,0,0,0.31 | 0.31 | 0.32,0,1.01 | 2.69 | 4.03,0,0.99 | 1.49 | 3.94,0.957,0.000,0,1,0,0,0,0,-1,0,0,0,,0,,0,,0,0,0,1
1723801073,580,3,3,8,8,4.978,0,0,0.31 | 0.31 | 0.32,0,1.01 | 2.69 | 4.03,0,0.99 | 1.49 | 3.94,0.957,0.000,0,1,0,0,0,0,-1,0,0,0,,0,,0,,0,0,0,1
1723801073,580,3,3,8,8,4.978,0,0,0.31 | 0.31 | 0.32,0,1.01 | 2.69 | 4.03,0,0.99 | 1.49 | 3.94,0.957,0.000,0,1,0,0,0,0,-1,0,0,0,,0,,0,,0,0,0,1
1723801073,580,3,3,8,8,4.978,0,0,0.31 | 0.31 | 0.32,0,1.01 | 2.69 | 4.03,0,0.99 | 1.49 | 3.94,0.957,0.000,0,1,0,0,0,0,-1,0,0,0,,0,,0,,0,0,0,1
1723801073,580,3,3,8,8,4.978,0,0,0.31 | 0.31 | 0.32,0,1.01 | 2.69 | 4.03,0,0.99 | 1.49 | 3.94,0.957,0.000,0,1,0,0,0,0,-1,0,0,0,,0,,0,,0,0,0,1
1723801073,580,3,3,8,8,4.978,0,0,0.31 | 0.31 | 0.32,0,1.01 | 2.69 | 4.03,0,0.99 | 1.49 | 3.94,0.957,0.000,0,1,0,0,0,0,-1,0,0,0,,0,,0,,0,0,0,1
1723801073,580,3,3,8,8,3.915,0,0,0.31 | 0.31 | 0.32,0,1.01 | 2.69 | 4.03,0,0.99 | 1.49 | 3.94,0.957,0.000,0,1,0,0,0,0,-1,0,0,0,,0,,0,,0,0,0,1
1723801073,580,3,3,8,8,3.915,0,0,0.31 | 0.31 | 0.32,0,1.01 | 2.69 | 4.03,0,0.99 | 1.49 | 3.94,0.957,0.000,0,1,0,0,0,0,-1,0,0,0,,0,,0,,0,0,0,1
1723801074,580,3,3,8,8,3.915,0,0,0.31 | 0.31 | 0.32,0,1.01 | 2.69 | 4.03,0,0.99 | 1.49 | 3.94,0.957,0.000,0,1,0,0,0,0,-1,0,0,0,,0,,0,,0,0,0,1
1723801074,580,3,3,8,8,3.915,0,0,0.31 | 0.31 | 0.32,0,1.01 | 2.69 | 4.03,0,0.99 | 1.49 | 3.94,0.957,0.000,0,1,0,0,0,0,-1,0,0,0,,0,,0,,0,0,0,1
1723801074,580,3,3,8,8,3.915,0,0,0.31 | 0.31 | 0.32,0,1.01 | 2.69 | 4.03,0,0.99 | 1.49 | 3.94,0.957,0.000,0,1,0,0,0,0,-1,0,0,0,,0,,0,,0,0,0,1
1723801074,580,3,3,8,8,3.915,0,0,0.31 | 0.31 | 0.32,0,1.01 | 2.69 | 4.03,0,0.99 | 1.49 | 3.94,0.957,0.000,0,1,0,0,0,0,-1,0,0,0,,0,,0,,0,0,0,1
1723801074,580,3,3,8,8,3.915,0,0,0.31 | 0.31 | 0.32,0,1.01 | 2.69 | 4.03,0,0.99 | 1.49 | 3.94,0.957,0.000,0,1,0,0,0,0,-1,0,0,0,,0,,0,,0,0,0,1
1723801074,580,3,3,8,8,3.915,0,0,0.31 | 0.31 | 0.32,0,1.01 | 2.69 | 4.03,0,0.99 | 1.49 | 3.94,0.957,0.000,0,1,0,0,0,0,-1,0,0,0,,0,,0,,0,0,0,1
1723801074,580,3,3,8,8,3.915,0,0,0.31 | 0.31 | 0.32,0,1.01 | 2.69 | 4.03,0,0.99 | 1.49 | 3.94,0.957,0.000,0,1,0,0,0,0,-1,0,0,0,,0,,0,,0,0,0,1
1723801074,580,3,3,8,8,3.915,0,0,0.31 | 0.31 | 0.32,0,1.01 | 2.69 | 4.03,0,0.99 | 1.49 | 3.94,0.957,0.000,0,1,0,0,0,0,-1,0,0,0,,0,,0,,0,0,0,1
1723801074,580,3,3,8,8,6.067,0,0,0.31 | 0.31 | 0.32,0,1.01 | 2.67 | 4.03,0,0.99 | 1.50 | 3.94,0.939,0.000,0,1,0,0,0,0,-1,0,0,0,,0,,0,,0,0,0,1
1723801074,580,3,3,8,8,6.067,0,0,0.31 | 0.31 | 0.32,0,1.01 | 2.67 | 4.03,0,0.99 | 1.50 | 3.94,0.939,0.000,0,1,0,0,0,0,-1,0,0,0,,0,,0,,0,0,0,1
1723801075,580,3,3,8,8,6.067,0,0,0.31 | 0.31 | 0.32,0,1.01 | 2.67 | 4.03,0,0.99 | 1.50 | 3.94,0.939,0.000,0,1,0,0,0,0,-1,0,0,0,,0,,0,,0,0,0,1
1723801075,580,3,3,8,8,6.067,0,0,0.31 | 0.31 | 0.32,0,1.01 | 2.67 | 4.03,0,0.99 | 1.50 | 3.94,0.939,0.000,0,1,0,0,0,0,-1,0,0,0,,0,,0,,0,0,0,1
1723801075,580,3,3,8,8,6.067,0,0,0.31 | 0.31 | 0.32,0,1.01 | 2.67 | 4.03,0,0.99 | 1.50 | 3.94,0.939,0.000,0,1,0,0,0,0,-1,0,0,0,,0,,0,,0,0,0,1
1723801075,580,3,3,8,8,6.067,0,0,0.31 | 0.31 | 0.32,0,1.01 | 2.67 | 4.03,0,0.99 | 1.50 | 3.94,0.939,0.000,0,1,0,0,0,0,-1,0,0,0,,0,,0,,0,0,0,1
1723801075,580,3,3,8,8,6.067,0,0,0.31 | 0.31 | 0.32,0,1.01 | 2.67 | 4.03,0,0.99 | 1.50 | 3.94,0.939,0.000,0,1,0,0,0,0,-1,0,0,0,,0,,0,,0,0,0,1
1723801075,580,3,3,8,8,6.067,0,0,0.31 | 0.31 | 0.32,0,1.01 | 2.67 | 4.03,0,0.99 | 1.50 | 3.94,0.939,0.000,0,1,0,0,0,0,-1,0,0,0,,0,,0,,0,0,0,1
1723801075,580,3,3,8,8,6.067,0,0,0.31 | 0.31 | 0.32,0,1.01 | 2.67 | 4.03,0,0.99 | 1.50 | 3.94,0.939,0.000,0,1,0,0,0,0,-1,0,0,0,,0,,0,,0,0,0,1
1723801075,580,3,3,8,8,6.067,0,0,0.31 | 0.31 | 0.32,0,1.01 | 2.67 | 4.03,0,0.99 | 1.50 | 3.94,0.939,0.000,0,1,0,0,0,0,-1,0,0,0,,0,,0,,0,0,0,1
1723801075,580,3,3,8,8,5.256,0,0,0.31 | 0.31 | 0.32,0,1.01 | 2.67 | 4.03,0,0.99 | 1.50 | 3.94,0.939,0.000,0,1,0,0,0,0,-1,0,0,0,,0,,0,,0,0,0,1
1723801075,580,3,3,8,8,5.256,0,0,0.31 | 0.31 | 0.32,0,1.01 | 2.67 | 4.03,0,0.99 | 1.50 | 3.94,0.939,0.000,0,1,0,0,0,0,-1,0,0,0,,0,,0,,0,0,0,1
1723801076,580,3,3,8,8,5.256,0,0,0.31 | 0.31 | 0.32,0,1.01 | 2.67 | 4.03,0,0.99 | 1.50 | 3.94,0.939,0.000,0,1,0,0,0,0,-1,0,0,0,,0,,0,,0,0,0,1
1723801076,580,3,3,8,8,5.256,0,0,0.31 | 0.31 | 0.32,0,1.01 | 2.67 | 4.03,0,0.99 | 1.50 | 3.94,0.939,0.000,0,1,0,0,0,0,-1,0,0,0,,0,,0,,0,0,0,1
1723801076,580,3,3,8,8,5.256,0,0,0.31 | 0.31 | 0.32,0,1.01 | 2.67 | 4.03,0,0.99 | 1.50 | 3.94,0.939,0.000,0,1,0,0,0,0,-1,0,0,0,,0,,0,,0,0,0,1
1723801076,580,3,3,8,8,5.256,0,0,0.31 | 0.31 | 0.32,0,1.01 | 2.67 | 4.03,0,0.99 | 1.50 | 3.94,0.939,0.000,0,1,0,0,0,0,-1,0,0,0,,0,,0,,0,0,0,1
1723801076,580,3,3,8,8,5.256,0,0,0.31 | 0.31 | 0.32,0,1.01 | 2.67 | 4.03,0,0.99 | 1.50 | 3.94,0.939,0.000,0,1,0,0,0,0,-1,0,0,0,,0,,0,,0,0,0,1
1723801076,580,3,3,8,8,5.256,0,0,0.31 | 0.31 | 0.32,0,1.01 | 2.67 | 4.03,0,0.99 | 1.50 | 3.94,0.939,0.000,0,1,0,0,0,0,-1,0,0,0,,0,,0,,0,0,0,1
1723801076,580,3,3,8,8,5.256,0,0,0.31 | 0.31 | 0.32,0,1.01 | 2.67 | 4.03,0,0.99 | 1.50 | 3.94,0.939,0.000,0,1,0,0,0,0,-1,0,0,0,,0,,0,,0,0,0,1
1723801076,580,3,3,8,8,5.256,0,0,0.31 | 0.31 | 0.32,0,1.01 | 2.67 | 4.03,0,0.99 | 1.50 | 3.94,0.939,0.000,0,1,0,0,0,0,-1,0,0,0,,0,,0,,0,0,0,1
1723801076,580,3,3,8,8,4.193,0,0,0.31 | 0.31 | 0.32,0,1.01 | 2.67 | 4.03,0,0.99 | 1.50 | 3.94,0.939,0.000,0,1,0,0,0,0,-1,0,0,0,,0,,0,,0,0,0,1
1723801076,580,3,3,8,8,4.193,0,0,0.31 | 0.31 | 0.32,0,1.01 | 2.67 | 4.03,0,0.99 | 1.50 | 3.94,0.939,0.000,0,1,0,0,0,0,-1,0,0,0,,0,,0,,0,0,0,1
1723801077,580,3,3,8,8,4.193,0,0,0.31 | 0.31 | 0.32,0,1.01 | 2.67 | 4.03,0,0.99 | 1.50 | 3.94,0.939,0.000,0,1,0,0,0,0,-1,0,0,0,,0,,0,,0,0,0,1
1723801077,580,3,3,8,8,4.193,0,0,0.31 | 0.31 | 0.32,0,1.01 | 2.67 | 4.03,0,0.99 | 1.50 | 3.94,0.939,0.000,0,1,0,0,0,0,-1,0,0,0,,0,,0,,0,0,0,1
1723801077,580,3,3,8,8,4.193,0,0,0.31 | 0.31 | 0.32,0,1.01 | 2.67 | 4.03,0,0.99 | 1.50 | 3.94,0.939,0.000,0,1,0,0,0,0,-1,0,0,0,,0,,0,,0,0,0,1
1723801077,580,3,3,8,8,4.193,0,0,0.31 | 0.31 | 0.32,0,1.01 | 2.67 | 4.03,0,0.99 | 1.50 | 3.94,0.939,0.000,0,1,0,0,0,0,-1,0,0,0,,0,,0,,0,0,0,1
1723801077,580,3,3,8,8,4.193,0,0,0.31 | 0.31 | 0.32,0,1.01 | 2.67 | 4.03,0,0.99 | 1.50 | 3.94,0.939,0.000,0,1,0,0,0,0,-1,0,0,0,,0,,0,,0,0,0,1
1723801077,580,3,3,8,8,4.193,0,0,0.31 | 0.31 | 0.32,0,1.01 | 2.67 | 4.03,0,0.99 | 1.50 | 3.94,0.939,0.000,0,1,0,0,0,0,-1,0,0,0,,0,,0,,0,0,0,1
1723801077,580,3,3,8,8,4.193,0,0,0.31 | 0.31 | 0.32,0,1.01 | 2.67 | 4.03,0,0.99 | 1.50 | 3.94,0.939,0.000,0,1,0,0,0,0,-1,0,0,0,,0,,0,,0,0,0,1
1723801077,580,3,3,8,8,4.193,0,0,0.31 | 0.31 | 0.32,0,1.01 | 2.67 | 4.03,0,0.99 | 1.50 | 3.94,0.939,0.000,0,1,0,0,0,0,-1,0,0,0,,0,,0,,0,0,0,1
1723801077,580,3,3,8,8,7.931,0,0,0.30 | 0.31 | 0.32,0,1.01 | 2.45 | 3.13,0,1.28 | 1.63 | 3.94,0.927,0.000,0,1,0,0,0,0,-1,0,0,0,,0,,0,,0,0,0,1
1723801077,580,3,3,8,8,7.931,0,0,0.30 | 0.31 | 0.32,0,1.01 | 2.45 | 3.13,0,1.28 | 1.63 | 3.94,0.927,0.000,0,1,0,0,0,0,-1,0,0,0,,0,,0,,0,0,0,1
1723801078,580,3,3,8,8,7.931,0,0,0.30 | 0.31 | 0.32,0,1.01 | 2.45 | 3.13,0,1.28 | 1.63 | 3.94,0.927,0.000,0,1,0,0,0,0,-1,0,0,0,,0,,0,,0,0,0,1
1723801078,580,3,3,8,8,7.931,0,0,0.30 | 0.31 | 0.32,0,1.01 | 2.45 | 3.13,0,1.28 | 1.63 | 3.94,0.927,0.000,0,1,0,0,0,0,-1,0,0,0,,0,,0,,0,0,0,1
1723801078,580,3,3,8,8,7.931,0,0,0.30 | 0.31 | 0.32,0,1.01 | 2.45 | 3.13,0,1.28 | 1.63 | 3.94,0.927,0.000,0,1,0,0,0,0,-1,0,0,0,,0,,0,,0,0,0,1
1723801078,580,3,3,8,8,7.931,0,0,0.30 | 0.31 | 0.32,0,1.01 | 2.45 | 3.13,0,1.28 | 1.63 | 3.94,0.927,0.000,0,1,0,0,0,0,-1,0,0,0,,0,,0,,0,0,0,1
1723801078,580,3,3,8,8,7.931,0,0,0.30 | 0.31 | 0.32,0,1.01 | 2.45 | 3.13,0,1.28 | 1.63 | 3.94,0.927,0.000,0,1,0,0,0,0,-1,0,0,0,,0,,0,,0,0,0,1
1723801078,580,3,3,8,8,7.931,0,0,0.30 | 0.31 | 0.32,0,1.01 | 2.45 | 3.13,0,1.28 | 1.63 | 3.94,0.927,0.000,0,1,0,0,0,0,-1,0,0,0,,0,,0,,0,0,0,1
1723801078,580,3,3,8,8,7.931,0,0,0.30 | 0.31 | 0.32,0,1.01 | 2.45 | 3.13,0,1.28 | 1.63 | 3.94,0.927,0.000,0,1,0,0,0,0,-1,0,0,0,,0,,0,,0,0,0,1
1723801078,580,3,3,8,8,7.931,0,0,0.30 | 0.31 | 0.32,0,1.01 | 2.45 | 3.13,0,1.28 | 1.63 | 3.94,0.927,0.000,0,1,0,0,0,0,-1,0,0,0,,0,,0,,0,0,0,1
1723801078,580,3,3,8,8,6.868,0,0,0.30 | 0.31 | 0.32,0,1.01 | 2.45 | 3.13,0,1.28 | 1.63 | 3.94,0.927,0.000,0,1,0,0,0,0,-1,0,0,0,,0,,0,,0,0,0,1
1723801078,580,3,3,8,8,6.868,0,0,0.30 | 0.31 | 0.32,0,1.01 | 2.45 | 3.13,0,1.28 | 1.63 | 3.94,0.927,0.000,0,1,0,0,0,0,-1,0,0,0,,0,,0,,0,0,0,1
1723801079,580,3,3,8,8,6.868,0,0,0.30 | 0.31 | 0.32,0,1.01 | 2.45 | 3.13,0,1.28 | 1.63 | 3.94,0.927,0.000,0,1,0,0,0,0,-1,0,0,0,,0,,0,,0,0,0,1
1723801079,580,3,3,8,8,6.868,0,0,0.30 | 0.31 | 0.32,0,1.01 | 2.45 | 3.13,0,1.28 | 1.63 | 3.94,0.927,0.000,0,1,0,0,0,0,-1,0,0,0,,0,,0,,0,0,0,1
1723801079,580,3,3,8,8,6.868,0,0,0.30 | 0.31 | 0.32,0,1.01 | 2.45 | 3.13,0,1.28 | 1.63 | 3.94,0.927,0.000,0,1,0,0,0,0,-1,0,0,0,,0,,0,,0,0,0,1
1723801079,580,3,3,8,8,6.868,0,0,0.30 | 0.31 | 0.32,0,1.01 | 2.45 | 3.13,0,1.28 | 1.63 | 3.94,0.927,0.000,0,1,0,0,0,0,-1,0,0,0,,0,,0,,0,0,0,1
1723801079,580,3,3,8,8,6.868,0,0,0.30 | 0.31 | 0.32,0,1.01 | 2.45 | 3.13,0,1.28 | 1.63 | 3.94,0.927,0.000,0,1,0,0,0,0,-1,0,0,0,,0,,0,,0,0,0,1
1723801079,580,3,3,8,8,6.868,0,0,0.30 | 0.31 | 0.32,0,1.01 | 2.45 | 3.13,0,1.28 | 1.63 | 3.94,0.927,0.000,0,1,0,0,0,0,-1,0,0,0,,0,,0,,0,0,0,1
1723801079,580,3,3,8,8,6.868,0,0,0.30 | 0.31 | 0.32,0,1.01 | 2.45 | 3.13,0,1.28 | 1.63 | 3.94,0.927,0.000,0,1,0,0,0,0,-1,0,0,0,,0,,0,,0,0,0,1
1723801079,580,3,3,8,8,6.868,0,0,0.30 | 0.31 | 0.32,0,1.01 | 2.45 | 3.13,0,1.28 | 1.63 | 3.94,0.927,0.000,0,1,0,0,0,0,-1,0,0,0,,0,,0,,0,0,0,1
1723801079,580,3,3,8,8,6.071,0,0,0.30 | 0.31 | 0.32,0,1.01 | 2.45 | 3.13,0,1.28 | 1.63 | 3.94,0.927,0.000,0,1,0,0,0,0,-1,0,0,0,,0,,0,,0,0,0,1
1723801079,580,3,3,8,8,6.071,0,0,0.30 | 0.31 | 0.32,0,1.01 | 2.45 | 3.13,0,1.28 | 1.63 | 3.94,0.927,0.000,0,1,0,0,0,0,-1,0,0,0,,0,,0,,0,0,0,1
1723801080,580,3,3,8,8,6.071,0,0,0.30 | 0.31 | 0.32,0,1.01 | 2.45 | 3.13,0,1.28 | 1.63 | 3.94,0.927,0.000,0,1,0,0,0,0,-1,0,0,0,,0,,0,,0,0,0,1
1723801080,580,3,3,8,8,6.071,0,0,0.30 | 0.31 | 0.32,0,1.01 | 2.45 | 3.13,0,1.28 | 1.63 | 3.94,0.927,0.000,0,1,0,0,0,0,-1,0,0,0,,0,,0,,0,0,0,1
1723801080,580,3,3,8,8,6.071,0,0,0.30 | 0.31 | 0.32,0,1.01 | 2.45 | 3.13,0,1.28 | 1.63 | 3.94,0.927,0.000,0,1,0,0,0,0,-1,0,0,0,,0,,0,,0,0,0,1
1723801080,580,3,3,8,8,6.071,0,0,0.30 | 0.31 | 0.32,0,1.01 | 2.45 | 3.13,0,1.28 | 1.63 | 3.94,0.927,0.000,0,1,0,0,0,0,-1,0,0,0,,0,,0,,0,0,0,1
1723801080,580,3,3,8,8,6.071,0,0,0.30 | 0.31 | 0.32,0,1.01 | 2.45 | 3.13,0,1.28 | 1.63 | 3.94,0.927,0.000,0,1,0,0,0,0,-1,0,0,0,,0,,0,,0,0,0,1
1723801080,580,3,3,8,8,6.071,0,0,0.30 | 0.31 | 0.32,0,1.01 | 2.45 | 3.13,0,1.28 | 1.63 | 3.94,0.927,0.000,0,1,0,0,0,0,-1,0,0,0,,0,,0,,0,0,0,1
1723801080,580,3,3,8,8,6.071,0,0,0.30 | 0.31 | 0.32,0,1.01 | 2.45 | 3.13,0,1.28 | 1.63 | 3.94,0.927,0.000,0,1,0,0,0,0,-1,0,0,0,,0,,0,,0,0,0,1
1723801080,580,3,3,8,8,6.071,0,0,0.30 | 0.31 | 0.32,0,1.01 | 2.45 | 3.13,0,1.28 | 1.63 | 3.94,0.927,0.000,0,1,0,0,0,0,-1,0,0,0,,0,,0,,0,0,0,1
1723801080,580,3,3,8,8,8.209,0,0,0.30 | 0.31 | 0.31,0,2.07 | 2.71 | 3.13,0,1.28 | 1.48 | 1.94,0.925,0.000,0,1,0,0,0,0,-1,0,0,0,,0,,0,,0,0,0,1
1723801080,580,3,3,8,8,8.209,0,0,0.30 | 0.31 | 0.31,0,2.07 | 2.71 | 3.13,0,1.28 | 1.48 | 1.94,0.925,0.000,0,1,0,0,0,0,-1,0,0,0,,0,,0,,0,0,0,1
1723801081,580,3,3,8,8,8.209,0,0,0.30 | 0.31 | 0.31,0,2.07 | 2.71 | 3.13,0,1.28 | 1.48 | 1.94,0.925,0.000,0,1,0,0,0,0,-1,0,0,0,,0,,0,,0,0,0,1
1723801081,580,3,3,8,8,8.209,0,0,0.30 | 0.31 | 0.31,0,2.07 | 2.71 | 3.13,0,1.28 | 1.48 | 1.94,0.925,0.000,0,1,0,0,0,0,-1,0,0,0,,0,,0,,0,0,0,1
1723801081,580,3,3,8,8,8.209,0,0,0.30 | 0.31 | 0.31,0,2.07 | 2.71 | 3.13,0,1.28 | 1.48 | 1.94,0.925,0.000,0,1,0,0,0,0,-1,0,0,0,,0,,0,,0,0,0,1
1723801081,580,3,3,8,8,8.209,0,0,0.30 | 0.31 | 0.31,0,2.07 | 2.71 | 3.13,0,1.28 | 1.48 | 1.94,0.925,0.000,0,1,0,0,0,0,-1,0,0,0,,0,,0,,0,0,0,1
1723801081,580,3,3,8,8,8.209,0,0,0.30 | 0.31 | 0.31,0,2.07 | 2.71 | 3.13,0,1.28 | 1.48 | 1.94,0.925,0.000,0,1,0,0,0,0,-1,0,0,0,,0,,0,,0,0,0,1
1723801081,580,3,3,8,8,8.209,0,0,0.30 | 0.31 | 0.31,0,2.07 | 2.71 | 3.13,0,1.28 | 1.48 | 1.94,0.925,0.000,0,1,0,0,0,0,-1,0,0,0,,0,,0,,0,0,0,1
1723801081,580,3,3,8,8,8.209,0,0,0.30 | 0.31 | 0.31,0,2.07 | 2.71 | 3.13,0,1.28 | 1.48 | 1.94,0.925,0.000,0,1,0,0,0,0,-1,0,0,0,,0,,0,,0,0,0,1
1723801081,580,3,3,8,8,8.209,0,0,0.30 | 0.31 | 0.31,0,2.07 | 2.71 | 3.13,0,1.28 | 1.48 | 1.94,0.925,0.000,0,1,0,0,0,0,-1,0,0,0,,0,,0,,0,0,0,1
1723801081,580,3,3,8,8,7.146,0,0,0.30 | 0.31 | 0.31,0,2.07 | 2.71 | 3.13,0,1.28 | 1.48 | 1.94,0.925,0.000,0,1,0,0,0,0,-1,0,0,0,,0,,0,,0,0,0,1
1723801081,580,3,3,8,8,7.146,0,0,0.30 | 0.31 | 0.31,0,2.07 | 2.71 | 3.13,0,1.28 | 1.48 | 1.94,0.925,0.000,0,1,0,0,0,0,-1,0,0,0,,0,,0,,0,0,0,1
1723801082,580,3,3,8,8,7.146,0,0,0.30 | 0.31 | 0.31,0,2.07 | 2.71 | 3.13,0,1.28 | 1.48 | 1.94,0.925,0.000,0,1,0,0,0,0,-1,0,0,0,,0,,0,,0,0,0,1
1723801082,580,3,3,8,8,7.146,0,0,0.30 | 0.31 | 0.31,0,2.07 | 2.71 | 3.13,0,1.28 | 1.48 | 1.94,0.925,0.000,0,1,0,0,0,0,-1,0,0,0,,0,,0,,0,0,0,1
1723801082,580,3,3,8,8,7.146,0,0,0.30 | 0.31 | 0.31,0,2.07 | 2.71 | 3.13,0,1.28 | 1.48 | 1.94,0.925,0.000,0,1,0,0,0,0,-1,0,0,0,,0,,0,,0,0,0,1
1723801082,580,3,3,8,8,7.146,0,0,0.30 | 0.31 | 0.31,0,2.07 | 2.71 | 3.13,0,1.28 | 1.48 | 1.94,0.925,0.000,0,1,0,0,0,0,-1,0,0,0,,0,,0,,0,0,0,1
1723801082,580,3,3,8,8,7.146,0,0,0.30 | 0.31 | 0.31,0,2.07 | 2.71 | 3.13,0,1.28 | 1.48 | 1.94,0.925,0.000,0,1,0,0,0,0,-1,0,0,0,,0,,0,,0,0,0,1
1723801082,580,3,3,8,8,7.146,0,0,0.30 | 0.31 | 0.31,0,2.07 | 2.71 | 3.13,0,1.28 | 1.48 | 1.94,0.925,0.000,0,1,0,0,0,0,-1,0,0,0,,0,,0,,0,0,0,1
1723801082,580,3,3,8,8,7.146,0,0,0.30 | 0.31 | 0.31,0,2.07 | 2.71 | 3.13,0,1.28 | 1.48 | 1.94,0.925,0.000,0,1,0,0,0,0,-1,0,0,0,,0,,0,,0,0,0,1
1723801082,580,3,3,8,8,7.146,0,0,0.30 | 0.31 | 0.31,0,2.07 | 2.71 | 3.13,0,1.28 | 1.48 | 1.94,0.925,0.000,0,1,0,0,0,0,-1,0,0,0,,0,,0,,0,0,0,1
1723801082,580,3,3,8,8,6.084,0,0,0.30 | 0.31 | 0.31,0,2.07 | 2.71 | 3.13,0,1.28 | 1.48 | 1.94,0.925,0.000,0,1,0,0,0,0,-1,0,0,0,,0,,0,,0,0,0,1
1723801082,580,3,3,8,8,6.084,0,0,0.30 | 0.31 | 0.31,0,2.07 | 2.71 | 3.13,0,1.28 | 1.48 | 1.94,0.925,0.000,0,1,0,0,0,0,-1,0,0,0,,0,,0,,0,0,0,1
1723801083,580,3,3,8,8,6.084,0,0,0.30 | 0.31 | 0.31,0,2.07 | 2.71 | 3.13,0,1.28 | 1.48 | 1.94,0.925,0.000,0,1,0,0,0,0,-1,0,0,0,,0,,0,,0,0,0,1
1723801083,580,3,3,8,8,6.084,0,0,0.30 | 0.31 | 0.31,0,2.07 | 2.71 | 3.13,0,1.28 | 1.48 | 1.94,0.925,0.000,0,1,0,0,0,0,-1,0,0,0,,0,,0,,0,0,0,1
1723801083,580,3,3,8,8,6.084,0,0,0.30 | 0.31 | 0.31,0,2.07 | 2.71 | 3.13,0,1.28 | 1.48 | 1.94,0.925,0.000,0,1,0,0,0,0,-1,0,0,0,,0,,0,,0,0,0,1
1723801083,580,3,3,8,8,6.084,0,0,0.30 | 0.31 | 0.31,0,2.07 | 2.71 | 3.13,0,1.28 | 1.48 | 1.94,0.925,0.000,0,1,0,0,0,0,-1,0,0,0,,0,,0,,0,0,0,1
1723801083,580,3,3,8,8,6.084,0,0,0.30 | 0.31 | 0.31,0,2.07 | 2.71 | 3.13,0,1.28 | 1.48 | 1.94,0.925,0.000,0,1,0,0,0,0,-1,0,0,0,,0,,0,,0,0,0,1
1723801083,580,3,3,8,8,6.084,0,0,0.30 | 0.31 | 0.31,0,2.07 | 2.71 | 3.13,0,1.28 | 1.48 | 1.94,0.925,0.000,0,1,0,0,0,0,-1,0,0,0,,0,,0,,0,0,0,1
1723801083,580,3,3,8,8,6.084,0,0,0.30 | 0.31 | 0.31,0,2.07 | 2.71 | 3.13,0,1.28 | 1.48 | 1.94,0.925,0.000,0,1,0,0,0,0,-1,0,0,0,,0,,0,,0,0,0,1
1723801083,580,3,3,8,8,6.084,0,0,0.30 | 0.31 | 0.31,0,2.07 | 2.71 | 3.13,0,1.28 | 1.48 | 1.94,0.925,0.000,0,1,0,0,0,0,-1,0,0,0,,0,,0,,0,0,0,1
1723801083,580,3,3,8,8,10.087,0,0,0.30 | 0.31 | 0.31,0,2.07 | 2.71 | 3.13,0,1.28 | 1.48 | 1.94,0.925,0.000,0,1,0,0,0,0,-1,0,0,0,,0,,0,,0,0,0,1
1723801083,580,3,3,8,8,10.087,0,0,0.30 | 0.31 | 0.31,0,2.07 | 2.71 | 3.13,0,1.28 | 1.48 | 1.94,0.925,0.000,0,1,0,0,0,0,-1,0,0,0,,0,,0,,0,0,0,1
1723801084,580,3,3,8,8,10.087,0,0,0.30 | 0.31 | 0.31,0,2.07 | 2.71 | 3.13,0,1.28 | 1.48 | 1.94,0.925,0.000,0,1,0,0,0,0,-1,0,0,0,,0,,0,,0,0,0,1
1723801084,580,3,3,8,8,10.087,0,0,0.30 | 0.31 | 0.31,0,2.07 | 2.71 | 3.13,0,1.28 | 1.48 | 1.94,0.925,0.000,0,1,0,0,0,0,-1,0,0,0,,0,,0,,0,0,0,1
1723801084,580,3,3,8,8,10.087,0,0,0.30 | 0.31 | 0.31,0,2.07 | 2.71 | 3.13,0,1.28 | 1.48 | 1.94,0.925,0.000,0,1,0,0,0,0,-1,0,0,0,,0,,0,,0,0,0,1
1723801084,580,3,3,8,8,10.087,0,0,0.30 | 0.31 | 0.31,0,2.07 | 2.71 | 3.13,0,1.28 | 1.48 | 1.94,0.925,0.000,0,1,0,0,0,0,-1,0,0,0,,0,,0,,0,0,0,1
1723801084,580,3,3,8,8,10.087,0,0,0.30 | 0.31 | 0.31,0,2.07 | 2.71 | 3.13,0,1.28 | 1.48 | 1.94,0.925,0.000,0,1,0,0,0,0,-1,0,0,0,,0,,0,,0,0,0,1
1723801084,580,3,3,8,8,10.087,0,0,0.30 | 0.31 | 0.31,0,2.07 | 2.71 | 3.13,0,1.28 | 1.48 | 1.94,0.925,0.000,0,1,0,0,0,0,-1,0,0,0,,0,,0,,0,0,0,1
1723801084,580,3,3,8,8,10.087,0,0,0.30 | 0.31 | 0.31,0,2.07 | 2.71 | 3.13,0,1.28 | 1.48 | 1.94,0.925,0.000,0,1,0,0,0,0,-1,0,0,0,,0,,0,,0,0,0,1
1723801084,580,3,3,8,8,10.087,0,0,0.30 | 0.31 | 0.31,0,2.07 | 2.71 | 3.13,0,1.28 | 1.48 | 1.94,0.925,0.000,0,1,0,0,0,0,-1,0,0,0,,0,,0,,0,0,0,1
1723801084,580,3,3,8,8,8.871,0,0,0.30 | 0.31 | 0.31,0,2.07 | 2.71 | 3.13,0,1.28 | 1.48 | 1.94,0.925,0.000,0,1,0,0,0,0,-1,0,0,0,,0,,0,,0,0,0,1
1723801084,580,3,3,8,8,8.871,0,0,0.30 | 0.31 | 0.31,0,2.07 | 2.71 | 3.13,0,1.28 | 1.48 | 1.94,0.925,0.000,0,1,0,0,0,0,-1,0,0,0,,0,,0,,0,0,0,1
1723801085,580,3,3,8,8,8.871,0,0,0.30 | 0.31 | 0.31,0,2.07 | 2.71 | 3.13,0,1.28 | 1.48 | 1.94,0.925,0.000,0,1,0,0,0,0,-1,0,0,0,,0,,0,,0,0,0,1
1723801085,580,3,3,8,8,8.871,0,0,0.30 | 0.31 | 0.31,0,2.07 | 2.71 | 3.13,0,1.28 | 1.48 | 1.94,0.925,0.000,0,1,0,0,0,0,-1,0,0,0,,0,,0,,0,0,0,1
1723801085,580,3,3,8,8,8.871,0,0,0.30 | 0.31 | 0.31,0,2.07 | 2.71 | 3.13,0,1.28 | 1.48 | 1.94,0.925,0.000,0,1,0,0,0,0,-1,0,0,0,,0,,0,,0,0,0,1
1723801085,580,3,3,8,8,8.871,0,0,0.30 | 0.31 | 0.31,0,2.07 | 2.71 | 3.13,0,1.28 | 1.48 | 1.94,0.925,0.000,0,1,0,0,0,0,-1,0,0,0,,0,,0,,0,0,0,1
1723801085,580,3,3,8,8,8.871,0,0,0.30 | 0.31 | 0.31,0,2.07 | 2.71 | 3.13,0,1.28 | 1.48 | 1.94,0.925,0.000,0,1,0,0,0,0,-1,0,0,0,,0,,0,,0,0,0,1
1723801085,580,3,3,8,8,8.871,0,0,0.30 | 0.31 | 0.31,0,2.07 | 2.71 | 3.13,0,1.28 | 1.48 | 1.94,0.925,0.000,0,1,0,0,0,0,-1,0,0,0,,0,,0,,0,0,0,1
1723801085,772,3,4,8,8,8.871,0,0,0.30 | 0.31 | 0.31,0,2.07 | 2.71 | 3.13,0,1.28 | 1.48 | 1.94,0.925,0.000,0,1,0,0,0,0,-1,0,0,0,,0,,0,,0,0,0,1
1723801085,772,3,4,8,8,8.871,0,0,0.30 | 0.31 | 0.31,0,2.07 | 2.71 | 3.13,0,1.28 | 1.48 | 1.94,0.925,0.000,0,1,0,0,0,0,-1,0,0,0,,0,,0,,0,0,0,1
1723801085,772,3,4,8,8,11.162,0,0,0.30 | 0.31 | 0.31,0,2.06 | 2.56 | 3.13,0,1.28 | 1.56 | 1.94,0.943,0.000,0,1,0,0,0,0,-1,0,0,0,,0,,0,,0,0,0,1
1723801085,772,3,4,8,8,11.162,0,0,0.30 | 0.31 | 0.31,0,2.06 | 2.56 | 3.13,0,1.28 | 1.56 | 1.94,0.943,0.000,0,1,0,0,0,0,-1,0,0,0,,0,,0,,0,0,0,1
1723801086,772,3,4,8,8,11.162,0,0,0.30 | 0.31 | 0.31,0,2.06 | 2.56 | 3.13,0,1.28 | 1.56 | 1.94,0.943,0.000,0,1,0,0,0,0,-1,0,0,0,,0,,0,,0,0,0,1
1723801086,772,3,4,8,8,11.162,0,0,0.30 | 0.31 | 0.31,0,2.06 | 2.56 | 3.13,0,1.28 | 1.56 | 1.94,0.943,0.000,0,1,0,0,0,0,-1,0,0,0,,0,,0,,0,0,0,1
1723801086,772,3,4,8,8,11.162,0,0,0.30 | 0.31 | 0.31,0,2.06 | 2.56 | 3.13,0,1.28 | 1.56 | 1.94,0.943,0.000,0,1,0,0,0,0,-1,0,0,0,,0,,0,,0,0,0,1
1723801086,772,3,4,8,8,11.162,0,0,0.30 | 0.31 | 0.31,0,2.06 | 2.56 | 3.13,0,1.28 | 1.56 | 1.94,0.943,0.000,0,1,0,0,0,0,-1,0,0,0,,0,,0,,0,0,0,1
1723801086,772,3,4,8,8,11.162,0,0,0.30 | 0.31 | 0.31,0,2.06 | 2.56 | 3.13,0,1.28 | 1.56 | 1.94,0.943,0.000,0,1,0,0,0,0,-1,0,0,0,,0,,0,,0,0,0,1
1723801086,772,3,4,8,8,11.162,0,0,0.30 | 0.31 | 0.31,0,2.06 | 2.56 | 3.13,0,1.28 | 1.56 | 1.94,0.943,0.000,0,1,0,0,0,0,-1,0,0,0,,0,,0,,0,0,0,1
1723801086,772,3,4,8,8,11.162,0,0,0.30 | 0.31 | 0.31,0,2.06 | 2.56 | 3.13,0,1.28 | 1.56 | 1.94,0.943,0.000,0,1,0,0,0,0,-1,0,0,0,,0,,0,,0,0,0,1
1723801086,772,3,4,8,8,11.162,0,0,0.30 | 0.31 | 0.31,0,2.06 | 2.56 | 3.13,0,1.28 | 1.56 | 1.94,0.943,0.000,0,1,0,0,0,0,-1,0,0,0,,0,,0,,0,0,0,1
1723801086,772,3,4,8,8,10.099,0,0,0.30 | 0.31 | 0.31,0,2.06 | 2.56 | 3.13,0,1.28 | 1.56 | 1.94,0.943,0.000,0,1,0,0,0,0,-1,0,0,0,,0,,0,,0,0,0,1
1723801086,772,3,4,8,8,10.099,0,0,0.30 | 0.31 | 0.31,0,2.06 | 2.56 | 3.13,0,1.28 | 1.56 | 1.94,0.943,0.000,0,1,0,0,0,0,-1,0,0,0,,0,,0,,0,0,0,1
1723801087,772,3,4,8,8,10.099,0,0,0.30 | 0.31 | 0.31,0,2.06 | 2.56 | 3.13,0,1.28 | 1.56 | 1.94,0.943,0.000,0,1,0,0,0,0,-1,0,0,0,,0,,0,,0,0,0,1
1723801087,772,3,4,8,8,10.099,0,0,0.30 | 0.31 | 0.31,0,2.06 | 2.56 | 3.13,0,1.28 | 1.56 | 1.94,0.943,0.000,0,1,0,0,0,0,-1,0,0,0,,0,,0,,0,0,0,1
1723801087,772,3,4,8,8,10.099,0,0,0.30 | 0.31 | 0.31,0,2.06 | 2.56 | 3.13,0,1.28 | 1.56 | 1.94,0.943,0.000,0,1,0,0,0,0,-1,0,0,0,,0,,0,,0,0,0,1
1723801087,772,3,4,8,8,10.099,0,0,0.30 | 0.31 | 0.31,0,2.06 | 2.56 | 3.13,0,1.28 | 1.56 | 1.94,0.943,0.000,0,1,0,0,0,0,-1,0,0,0,,0,,0,,0,0,0,1
1723801087,772,3,4,8,8,10.099,0,0,0.30 | 0.31 | 0.31,0,2.06 | 2.56 | 3.13,0,1.28 | 1.56 | 1.94,0.943,0.000,0,1,0,0,0,0,-1,0,0,0,,0,,0,,0,0,0,1
1723801087,772,3,4,8,8,10.099,0,0,0.30 | 0.31 | 0.31,0,2.06 | 2.56 | 3.13,0,1.28 | 1.56 | 1.94,0.943,0.000,0,1,0,0,0,0,-1,0,0,0,,0,,0,,0,0,0,1
1723801087,772,3,4,8,8,10.099,0,0,0.30 | 0.31 | 0.31,0,2.06 | 2.56 | 3.13,0,1.28 | 1.56 | 1.94,0.943,0.000,0,1,0,0,0,0,-1,0,0,0,,0,,0,,0,0,0,1
1723801087,772,3,4,8,8,10.099,0,0,0.30 | 0.31 | 0.31,0,2.06 | 2.56 | 3.13,0,1.28 | 1.56 | 1.94,0.943,0.000,0,1,0,0,0,0,-1,0,0,0,,0,,0,,0,0,0,1
1723801087,772,3,4,8,8,9.303,0,0,0.30 | 0.31 | 0.31,0,2.06 | 2.56 | 3.13,0,1.28 | 1.56 | 1.94,0.943,0.000,0,1,0,0,0,0,-1,0,0,0,,0,,0,,0,0,0,1
1723801087,772,3,4,8,8,9.303,0,0,0.30 | 0.31 | 0.31,0,2.06 | 2.56 | 3.13,0,1.28 | 1.56 | 1.94,0.943,0.000,0,1,0,0,0,0,-1,0,0,0,,0,,0,,0,0,0,1
1723801088,772,3,4,8,8,9.303,0,0,0.30 | 0.31 | 0.31,0,2.06 | 2.56 | 3.13,0,1.28 | 1.56 | 1.94,0.943,0.000,0,1,0,0,0,0,-1,0,0,0,,0,,0,,0,0,0,1
1723801088,772,3,4,8,8,9.303,0,0,0.30 | 0.31 | 0.31,0,2.06 | 2.56 | 3.13,0,1.28 | 1.56 | 1.94,0.943,0.000,0,1,0,0,0,0,-1,0,0,0,,0,,0,,0,0,0,1
1723801088,772,3,4,8,8,9.303,0,0,0.30 | 0.31 | 0.31,0,2.06 | 2.56 | 3.13,0,1.28 | 1.56 | 1.94,0.943,0.000,0,1,0,0,0,0,-1,0,0,0,,0,,0,,0,0,0,1
1723801088,772,3,4,8,8,9.303,0,0,0.30 | 0.31 | 0.31,0,2.06 | 2.56 | 3.13,0,1.28 | 1.56 | 1.94,0.943,0.000,0,1,0,0,0,0,-1,0,0,0,,0,,0,,0,0,0,1
1723801088,772,3,4,8,8,9.303,0,0,0.30 | 0.31 | 0.31,0,2.06 | 2.56 | 3.13,0,1.28 | 1.56 | 1.94,0.943,0.000,0,1,0,0,0,0,-1,0,0,0,,0,,0,,0,0,0,1
1723801088,772,3,4,8,8,9.303,0,0,0.30 | 0.31 | 0.31,0,2.06 | 2.56 | 3.13,0,1.28 | 1.56 | 1.94,0.943,0.000,0,1,0,0,0,0,-1,0,0,0,,0,,0,,0,0,0,1
1723801088,772,3,4,8,8,9.303,0,0,0.30 | 0.31 | 0.31,0,2.06 | 2.56 | 3.13,0,1.28 | 1.56 | 1.94,0.943,0.000,0,1,0,0,0,0,-1,0,0,0,,0,,0,,0,0,0,1
1723801088,772,3,4,8,8,9.303,0,0,0.30 | 0.31 | 0.31,0,2.06 | 2.56 | 3.13,0,1.28 | 1.56 | 1.94,0.943,0.000,0,1,0,0,0,0,-1,0,0,0,,0,,0,,0,0,0,1
1723801088,772,3,4,8,8,8.24,0,0,0.30 | 0.31 | 0.31,0,2.06 | 2.56 | 3.13,0,1.28 | 1.56 | 1.94,0.943,0.000,0,1,0,0,0,0,-1,0,0,0,,0,,0,,0,0,0,1
1723801088,772,3,4,8,8,8.24,0,0,0.30 | 0.31 | 0.31,0,2.06 | 2.56 | 3.13,0,1.28 | 1.56 | 1.94,0.943,0.000,0,1,0,0,0,0,-1,0,0,0,,0,,0,,0,0,0,1
1723801089,772,3,4,8,8,8.24,0,0,0.30 | 0.31 | 0.31,0,2.06 | 2.56 | 3.13,0,1.28 | 1.56 | 1.94,0.943,0.000,0,1,0,0,0,0,-1,0,0,0,,0,,0,,0,0,0,1
1723801089,772,3,4,8,8,8.24,0,0,0.30 | 0.31 | 0.31,0,2.06 | 2.56 | 3.13,0,1.28 | 1.56 | 1.94,0.943,0.000,0,1,0,0,0,0,-1,0,0,0,,0,,0,,0,0,0,1
1723801089,772,3,4,8,8,8.24,0,0,0.30 | 0.31 | 0.31,0,2.06 | 2.56 | 3.13,0,1.28 | 1.56 | 1.94,0.943,0.000,0,1,0,0,0,0,-1,0,0,0,,0,,0,,0,0,0,1
1723801089,772,3,4,8,8,8.24,0,0,0.30 | 0.31 | 0.31,0,2.06 | 2.56 | 3.13,0,1.28 | 1.56 | 1.94,0.943,0.000,0,1,0,0,0,0,-1,0,0,0,,0,,0,,0,0,0,1
1723801089,772,3,4,8,8,8.24,0,0,0.30 | 0.31 | 0.31,0,2.06 | 2.56 | 3.13,0,1.28 | 1.56 | 1.94,0.943,0.000,0,1,0,0,0,0,-1,0,0,0,,0,,0,,0,0,0,1
1723801089,772,3,4,8,8,8.24,0,0,0.30 | 0.31 | 0.31,0,2.06 | 2.56 | 3.13,0,1.28 | 1.56 | 1.94,0.943,0.000,0,1,0,0,0,0,-1,0,0,0,,0,,0,,0,0,0,1
1723801089,772,3,4,8,8,8.24,0,0,0.30 | 0.31 | 0.31,0,2.06 | 2.56 | 3.13,0,1.28 | 1.56 | 1.94,0.943,0.000,0,1,0,0,0,0,-1,0,0,0,,0,,0,,0,0,0,1
1723801089,772,3,4,8,8,8.24,0,0,0.30 | 0.31 | 0.31,0,2.06 | 2.56 | 3.13,0,1.28 | 1.56 | 1.94,0.943,0.000,0,1,0,0,0,0,-1,0,0,0,,0,,0,,0,0,0,1
1723801089,772,3,4,8,8,7.178,0,0,0.30 | 0.31 | 0.31,0,2.06 | 2.56 | 3.13,0,1.28 | 1.56 | 1.94,0.943,0.000,0,1,0,0,0,0,-1,0,0,0,,0,,0,,0,0,0,1
1723801089,772,3,4,8,8,7.178,0,0,0.30 | 0.31 | 0.31,0,2.06 | 2.56 | 3.13,0,1.28 | 1.56 | 1.94,0.943,0.000,0,1,0,0,0,0,-1,0,0,0,,0,,0,,0,0,0,1
1723801090,772,3,4,8,8,7.178,0,0,0.30 | 0.31 | 0.31,0,2.06 | 2.56 | 3.13,0,1.28 | 1.56 | 1.94,0.943,0.000,0,1,0,0,0,0,-1,0,0,0,,0,,0,,0,0,0,1
1723801090,772,3,4,8,8,7.178,0,0,0.30 | 0.31 | 0.31,0,2.06 | 2.56 | 3.13,0,1.28 | 1.56 | 1.94,0.943,0.000,0,1,0,0,0,0,-1,0,0,0,,0,,0,,0,0,0,1
1723801090,580,3,3,8,8,7.178,0,0,0.30 | 0.31 | 0.31,0,2.06 | 2.56 | 3.13,0,1.28 | 1.56 | 1.94,0.943,0.000,0,1,0,0,0,0,-1,0,0,0,,0,,0,,0,0,0,1
1723801090,580,3,3,8,8,7.178,0,0,0.30 | 0.31 | 0.31,0,2.06 | 2.56 | 3.13,0,1.28 | 1.56 | 1.94,0.943,0.000,0,1,0,0,0,0,-1,0,0,0,,0,,0,,0,0,0,1
1723801090,580,4,3,8,8,7.178,0,0,0.30 | 0.31 | 0.31,0,2.06 | 2.56 | 3.13,0,1.28 | 1.56 | 1.94,0.943,0.000,0,1,0,0,0,0,-1,0,0,0,,0,,0,,0,0,0,1
1723801090,580,4,3,8,8,7.178,0,0,0.30 | 0.31 | 0.31,0,2.06 | 2.56 | 3.13,0,1.28 | 1.56 | 1.94,0.943,0.000,0,1,0,0,0,0,-1,0,0,0,,0,,0,,0,0,0,1
1723801090,580,4,3,8,8,7.178,0,0,0.30 | 0.31 | 0.31,0,2.06 | 2.56 | 3.13,0,1.28 | 1.56 | 1.94,0.943,0.000,0,1,0,0,0,0,-1,0,0,0,,0,,0,,0,0,0,1
1723801090,580,4,3,8,8,7.178,0,0,0.30 | 0.31 | 0.31,0,2.06 | 2.56 | 3.13,0,1.28 | 1.56 | 1.94,0.943,0.000,0,1,0,0,0,0,-1,0,0,0,,0,,0,,0,0,0,1
1723801090,580,4,3,8,8,6.115,0,0,0.31 | 0.31 | 0.31,0,2.06 | 2.78 | 4.01,0,1.00 | 1.44 | 1.94,0.954,0.000,0,1,0,0,0,0,-1,0,0,0,,0,,0,,0,0,0,1
1723801090,580,4,3,8,8,6.115,0,0,0.31 | 0.31 | 0.31,0,2.06 | 2.78 | 4.01,0,1.00 | 1.44 | 1.94,0.954,0.000,0,1,0,0,0,0,-1,0,0,0,,0,,0,,0,0,0,1
1723801091,580,4,3,8,8,6.115,0,0,0.31 | 0.31 | 0.31,0,2.06 | 2.78 | 4.01,0,1.00 | 1.44 | 1.94,0.954,0.000,0,1,0,0,0,0,-1,0,0,0,,0,,0,,0,0,0,1
1723801091,580,4,3,8,8,6.115,0,0,0.31 | 0.31 | 0.31,0,2.06 | 2.78 | 4.01,0,1.00 | 1.44 | 1.94,0.954,0.000,0,1,0,0,0,0,-1,0,0,0,,0,,0,,0,0,0,1
1723801091,580,4,3,8,8,6.115,0,0,0.31 | 0.31 | 0.31,0,2.06 | 2.78 | 4.01,0,1.00 | 1.44 | 1.94,0.954,0.000,0,1,0,0,0,0,-1,0,0,0,,0,,0,,0,0,0,1
1723801091,580,4,3,8,8,6.115,0,0,0.31 | 0.31 | 0.31,0,2.06 | 2.78 | 4.01,0,1.00 | 1.44 | 1.94,0.954,0.000,0,1,0,0,0,0,-1,0,0,0,,0,,0,,0,0,0,1
1723801091,580,4,3,8,8,6.115,0,0,0.31 | 0.31 | 0.31,0,2.06 | 2.78 | 4.01,0,1.00 | 1.44 | 1.94,0.954,0.000,0,1,0,0,0,0,-1,0,0,0,,0,,0,,0,0,0,1
1723801091,580,4,3,8,8,6.115,0,0,0.31 | 0.31 | 0.31,0,2.06 | 2.78 | 4.01,0,1.00 | 1.44 | 1.94,0.954,0.000,0,1,0,0,0,0,-1,0,0,0,,0,,0,,0,0,0,1
1723801091,580,4,3,8,8,6.115,0,0,0.31 | 0.31 | 0.31,0,2.06 | 2.78 | 4.01,0,1.00 | 1.44 | 1.94,0.954,0.000,0,1,0,0,0,0,-1,0,0,0,,0,,0,,0,0,0,1
1723801091,580,4,3,8,8,6.115,0,0,0.31 | 0.31 | 0.31,0,2.06 | 2.78 | 4.01,0,1.00 | 1.44 | 1.94,0.954,0.000,0,1,0,0,0,0,-1,0,0,0,,0,,0,,0,0,0,1
1723801091,580,4,3,8,8,5.318,0,0,0.31 | 0.31 | 0.31,0,2.06 | 2.78 | 4.01,0,1.00 | 1.44 | 1.94,0.954,0.000,0,1,0,0,0,0,-1,0,0,0,,0,,0,,0,0,0,1
1723801091,580,4,3,8,8,5.318,0,0,0.31 | 0.31 | 0.31,0,2.06 | 2.78 | 4.01,0,1.00 | 1.44 | 1.94,0.954,0.000,0,1,0,0,0,0,-1,0,0,0,,0,,0,,0,0,0,1
1723801092,580,4,3,8,8,5.318,0,0,0.31 | 0.31 | 0.31,0,2.06 | 2.78 | 4.01,0,1.00 | 1.44 | 1.94,0.954,0.000,0,1,0,0,0,0,-1,0,0,0,,0,,0,,0,0,0,1
1723801092,580,4,3,8,8,5.318,0,0,0.31 | 0.31 | 0.31,0,2.06 | 2.78 | 4.01,0,1.00 | 1.44 | 1.94,0.954,0.000,0,1,0,0,0,0,-1,0,0,0,,0,,0,,0,0,0,1
1723801092,580,4,3,8,8,5.318,0,0,0.31 | 0.31 | 0.31,0,2.06 | 2.78 | 4.01,0,1.00 | 1.44 | 1.94,0.954,0.000,0,1,0,0,0,0,-1,0,0,0,,0,,0,,0,0,0,1
1723801092,580,4,3,8,8,5.318,0,0,0.31 | 0.31 | 0.31,0,2.06 | 2.78 | 4.01,0,1.00 | 1.44 | 1.94,0.954,0.000,0,1,0,0,0,0,-1,0,0,0,,0,,0,,0,0,0,1
1723801092,580,4,3,8,8,5.318,0,0,0.31 | 0.31 | 0.31,0,2.06 | 2.78 | 4.01,0,1.00 | 1.44 | 1.94,0.954,0.000,0,1,0,0,0,0,-1,0,0,0,,0,,0,,0,0,0,1
1723801092,580,4,3,8,8,5.318,0,0,0.31 | 0.31 | 0.31,0,2.06 | 2.78 | 4.01,0,1.00 | 1.44 | 1.94,0.954,0.000,0,1,0,0,0,0,-1,0,0,0,,0,,0,,0,0,0,1
1723801092,580,4,3,8,8,5.318,0,0,0.31 | 0.31 | 0.31,0,2.06 | 2.78 | 4.01,0,1.00 | 1.44 | 1.94,0.954,0.000,0,1,0,0,0,0,-1,0,0,0,,0,,0,,0,0,0,1
1723801092,580,4,3,8,8,5.318,0,0,0.31 | 0.31 | 0.31,0,2.06 | 2.78 | 4.01,0,1.00 | 1.44 | 1.94,0.954,0.000,0,1,0,0,0,0,-1,0,0,0,,0,,0,,0,0,0,1
1723801092,580,3,3,8,8,4.256,0,0,0.31 | 0.31 | 0.31,0,2.06 | 2.78 | 4.01,0,1.00 | 1.44 | 1.94,0.954,0.000,0,1,0,0,0,0,-1,0,0,0,,0,,0,,0,0,0,1
1723801092,387,3,2,8,8,4.256,0,0,0.31 | 0.31 | 0.31,0,2.06 | 2.78 | 4.01,0,1.00 | 1.44 | 1.94,0.954,0.000,0,1,0,0,0,0,-1,0,0,0,,0,,0,,0,0,0,1
1723801093,387,3,2,8,8,4.256,0,0,0.31 | 0.31 | 0.31,0,2.06 | 2.78 | 4.01,0,1.00 | 1.44 | 1.94,0.954,0.000,0,1,0,0,0,0,-1,0,0,0,,0,,0,,0,0,0,1
1723801093,387,3,2,8,8,4.256,0,0,0.31 | 0.31 | 0.31,0,2.06 | 2.78 | 4.01,0,1.00 | 1.44 | 1.94,0.954,0.000,0,1,0,0,0,0,-1,0,0,0,,0,,0,,0,0,0,1
1723801093,387,3,2,8,8,4.256,0,0,0.31 | 0.31 | 0.31,0,2.06 | 2.78 | 4.01,0,1.00 | 1.44 | 1.94,0.954,0.000,0,1,0,0,0,0,-1,0,0,0,,0,,0,,0,0,0,1
1723801093,387,3,2,8,8,4.256,0,0,0.31 | 0.31 | 0.31,0,2.06 | 2.78 | 4.01,0,1.00 | 1.44 | 1.94,0.954,0.000,0,1,0,0,0,0,-1,0,0,0,,0,,0,,0,0,0,1
1723801093,387,3,2,8,8,4.256,0,0,0.31 | 0.31 | 0.31,0,2.06 | 2.78 | 4.01,0,1.00 | 1.44 | 1.94,0.954,0.000,0,1,0,0,0,0,-1,0,0,0,,0,,0,,0,0,0,1
1723801093,387,3,2,8,8,4.256,0,0,0.31 | 0.31 | 0.31,0,2.06 | 2.78 | 4.01,0,1.00 | 1.44 | 1.94,0.954,0.000,0,1,0,0,0,0,-1,0,0,0,,0,,0,,0,0,0,1
1723801093,387,3,2,8,8,4.256,0,0,0.31 | 0.31 | 0.31,0,2.06 | 2.78 | 4.01,0,1.00 | 1.44 | 1.94,0.954,0.000,0,1,0,0,0,0,-1,0,0,0,,0,,0,,0,0,0,1
1723801093,387,3,2,8,8,4.256,0,0,0.31 | 0.31 | 0.31,0,2.06 | 2.78 | 4.01,0,1.00 | 1.44 | 1.94,0.954,0.000,0,1,0,0,0,0,-1,0,0,0,,0,,0,,0,0,0,1
1723801093,387,3,2,8,8,3.193,0,0,0.30 | 0.31 | 0.31,0,2.06 | 2.78 | 4.01,0,1.00 | 1.44 | 1.94,0.954,0.000,0,1,0,0,0,0,-1,0,0,0,,0,,0,,0,0,0,1
1723801093,387,3,2,8,8,3.193,0,0,0.30 | 0.31 | 0.31,0,2.06 | 2.78 | 4.01,0,1.00 | 1.44 | 1.94,0.954,0.000,0,1,0,0,0,0,-1,0,0,0,,0,,0,,0,0,0,1
1723801094,387,3,2,8,8,3.193,0,0,0.30 | 0.31 | 0.31,0,2.06 | 2.78 | 4.01,0,1.00 | 1.44 | 1.94,0.954,0.000,0,1,0,0,0,0,-1,0,0,0,,0,,0,,0,0,0,1
1723801094,387,3,2,8,8,3.193,0,0,0.30 | 0.31 | 0.31,0,2.06 | 2.78 | 4.01,0,1.00 | 1.44 | 1.94,0.954,0.000,0,1,0,0,0,0,-1,0,0,0,,0,,0,,0,0,0,1
1723801094,387,3,2,8,8,3.193,0,0,0.30 | 0.31 | 0.31,0,2.06 | 2.78 | 4.01,0,1.00 | 1.44 | 1.94,0.954,0.000,0,1,0,0,0,0,-1,0,0,0,,0,,0,,0,0,0,1
1723801094,387,3,2,8,8,3.193,0,0,0.30 | 0.31 | 0.31,0,2.06 | 2.78 | 4.01,0,1.00 | 1.44 | 1.94,0.954,0.000,0,1,0,0,0,0,-1,0,0,0,,0,,0,,0,0,0,1
1723801094,387,3,2,8,8,3.193,0,0,0.30 | 0.31 | 0.31,0,2.06 | 2.78 | 4.01,0,1.00 | 1.44 | 1.94,0.954,0.000,0,1,0,0,0,0,-1,0,0,0,,0,,0,,0,0,0,1
1723801094,387,3,2,8,8,3.193,0,0,0.30 | 0.31 | 0.31,0,2.06 | 2.78 | 4.01,0,1.00 | 1.44 | 1.94,0.954,0.000,0,1,0,0,0,0,-1,0,0,0,,0,,0,,0,0,0,1
1723801094,387,3,2,8,8,3.193,0,0,0.30 | 0.31 | 0.31,0,2.06 | 2.78 | 4.01,0,1.00 | 1.44 | 1.94,0.954,0.000,0,1,0,0,0,0,-1,0,0,0,,0,,0,,0,0,0,1
1723801094,387,3,2,8,8,3.193,0,0,0.30 | 0.31 | 0.31,0,2.06 | 2.78 | 4.01,0,1.00 | 1.44 | 1.94,0.954,0.000,0,1,0,0,0,0,-1,0,0,0,,0,,0,,0,0,0,1
1723801094,387,3,2,8,8,2.071,0,0,0.30 | 0.31 | 0.31,0,2.06 | 2.78 | 4.01,0,1.00 | 1.44 | 1.94,0.954,0.000,0,1,0,0,0,0,-1,0,0,0,,0,,0,,0,0,0,1
1723801094,387,3,2,8,8,2.071,0,0,0.30 | 0.31 | 0.31,0,2.06 | 2.78 | 4.01,0,1.00 | 1.44 | 1.94,0.954,0.000,0,1,0,0,0,0,-1,0,0,0,,0,,0,,0,0,0,1
1723801095,387,3,2,8,8,2.071,0,0,0.30 | 0.31 | 0.31,0,2.06 | 2.78 | 4.01,0,1.00 | 1.44 | 1.94,0.954,0.000,0,1,0,0,0,0,-1,0,0,0,,0,,0,,0,0,0,1
1723801095,387,3,2,8,8,2.071,0,0,0.30 | 0.31 | 0.31,0,2.06 | 2.78 | 4.01,0,1.00 | 1.44 | 1.94,0.954,0.000,0,1,0,0,0,0,-1,0,0,0,,0,,0,,0,0,0,1
1723801095,387,3,2,8,8,2.071,0,0,0.30 | 0.31 | 0.31,0,2.06 | 2.78 | 4.01,0,1.00 | 1.44 | 1.94,0.954,0.000,0,1,0,0,0,0,-1,0,0,0,,0,,0,,0,0,0,1
1723801095,387,3,2,8,8,2.071,0,0,0.30 | 0.31 | 0.31,0,2.06 | 2.78 | 4.01,0,1.00 | 1.44 | 1.94,0.954,0.000,0,1,0,0,0,0,-1,0,0,0,,0,,0,,0,0,0,1
1723801095,387,3,2,8,8,2.071,0,0,0.30 | 0.31 | 0.31,0,2.06 | 2.78 | 4.01,0,1.00 | 1.44 | 1.94,0.954,0.000,0,1,0,0,0,0,-1,0,0,0,,0,,0,,0,0,0,1
1723801095,387,3,2,8,8,2.071,0,0,0.30 | 0.31 | 0.31,0,2.06 | 2.78 | 4.01,0,1.00 | 1.44 | 1.94,0.954,0.000,0,1,0,0,0,0,-1,0,0,0,,0,,0,,0,0,0,1
1723801095,387,3,2,8,8,2.071,0,0,0.30 | 0.31 | 0.31,0,2.06 | 2.78 | 4.01,0,1.00 | 1.44 | 1.94,0.954,0.000,0,1,0,0,0,0,-1,0,0,0,,0,,0,,0,0,0,1
1723801095,387,3,2,8,8,2.071,0,0,0.30 | 0.31 | 0.31,0,2.06 | 2.78 | 4.01,0,1.00 | 1.44 | 1.94,0.954,0.000,0,1,0,0,0,0,-1,0,0,0,,0,,0,,0,0,0,1
1723801095,387,3,2,8,8,5.868,0,0,0.30 | 0.31 | 0.31,0,1.71 | 2.46 | 4.01,0,1.00 | 1.63 | 2.33,0.955,0.000,0,1,0,0,0,0,-1,0,0,0,,0,,0,,0,0,0,1
1723801095,387,3,2,8,8,5.868,0,0,0.30 | 0.31 | 0.31,0,1.71 | 2.46 | 4.01,0,1.00 | 1.63 | 2.33,0.955,0.000,0,1,0,0,0,0,-1,0,0,0,,0,,0,,0,0,0,1
1723801096,387,3,2,8,8,5.868,0,0,0.30 | 0.31 | 0.31,0,1.71 | 2.46 | 4.01,0,1.00 | 1.63 | 2.33,0.955,0.000,0,1,0,0,0,0,-1,0,0,0,,0,,0,,0,0,0,1
1723801096,387,3,2,8,8,5.868,0,0,0.30 | 0.31 | 0.31,0,1.71 | 2.46 | 4.01,0,1.00 | 1.63 | 2.33,0.955,0.000,0,1,0,0,0,0,-1,0,0,0,,0,,0,,0,0,0,1
1723801096,387,3,2,8,8,5.868,0,0,0.30 | 0.31 | 0.31,0,1.71 | 2.46 | 4.01,0,1.00 | 1.63 | 2.33,0.955,0.000,0,1,0,0,0,0,-1,0,0,0,,0,,0,,0,0,0,1
1723801096,387,3,2,8,8,5.868,0,0,0.30 | 0.31 | 0.31,0,1.71 | 2.46 | 4.01,0,1.00 | 1.63 | 2.33,0.955,0.000,0,1,0,0,0,0,-1,0,0,0,,0,,0,,0,0,0,1
1723801096,387,3,2,8,8,5.868,0,0,0.30 | 0.31 | 0.31,0,1.71 | 2.46 | 4.01,0,1.00 | 1.63 | 2.33,0.955,0.000,0,1,0,0,0,0,-1,0,0,0,,0,,0,,0,0,0,1
1723801096,387,3,2,8,8,5.868,0,0,0.30 | 0.31 | 0.31,0,1.71 | 2.46 | 4.01,0,1.00 | 1.63 | 2.33,0.955,0.000,0,1,0,0,0,0,-1,0,0,0,,0,,0,,0,0,0,1
1723801096,387,3,2,8,8,5.868,0,0,0.30 | 0.31 | 0.31,0,1.71 | 2.46 | 4.01,0,1.00 | 1.63 | 2.33,0.955,0.000,0,1,0,0,0,0,-1,0,0,0,,0,,0,,0,0,0,1
1723801096,387,3,2,8,8,5.868,0,0,0.30 | 0.31 | 0.31,0,1.71 | 2.46 | 4.01,0,1.00 | 1.63 | 2.33,0.955,0.000,0,1,0,0,0,0,-1,0,0,0,,0,,0,,0,0,0,1
1723801096,387,3,2,8,8,5.071,0,0,0.30 | 0.31 | 0.31,0,1.71 | 2.46 | 4.01,0,1.00 | 1.63 | 2.33,0.955,0.000,0,1,0,0,0,0,-1,0,0,0,,0,,0,,0,0,0,1
1723801096,387,3,2,8,8,5.071,0,0,0.30 | 0.31 | 0.31,0,1.71 | 2.46 | 4.01,0,1.00 | 1.63 | 2.33,0.955,0.000,0,1,0,0,0,0,-1,0,0,0,,0,,0,,0,0,0,1
1723801097,387,3,2,8,8,5.071,0,0,0.30 | 0.31 | 0.31,0,1.71 | 2.46 | 4.01,0,1.00 | 1.63 | 2.33,0.955,0.000,0,1,0,0,0,0,-1,0,0,0,,0,,0,,0,0,0,1
1723801097,387,2,2,8,8,5.071,0,0,0.30 | 0.31 | 0.31,0,1.71 | 2.46 | 4.01,0,1.00 | 1.63 | 2.33,0.955,0.000,0,1,0,0,0,0,-1,0,0,0,,0,,0,,0,0,0,1
1723801097,387,2,2,8,8,5.071,0,0,0.30 | 0.31 | 0.31,0,1.71 | 2.46 | 4.01,0,1.00 | 1.63 | 2.33,0.955,0.000,0,1,0,0,0,0,-1,0,0,0,,0,,0,,0,0,0,1
1723801097,387,2,2,8,8,5.071,0,0,0.30 | 0.31 | 0.31,0,1.71 | 2.46 | 4.01,0,1.00 | 1.63 | 2.33,0.955,0.000,0,1,0,0,0,0,-1,0,0,0,,0,,0,,0,0,0,1
1723801097,387,2,2,8,8,5.071,0,0,0.30 | 0.31 | 0.31,0,1.71 | 2.46 | 4.01,0,1.00 | 1.63 | 2.33,0.955,0.000,0,1,0,0,0,0,-1,0,0,0,,0,,0,,0,0,0,1
1723801097,387,2,2,8,8,5.071,0,0,0.30 | 0.31 | 0.31,0,1.71 | 2.46 | 4.01,0,1.00 | 1.63 | 2.33,0.955,0.000,0,1,0,0,0,0,-1,0,0,0,,0,,0,,0,0,0,1
1723801097,387,2,2,8,8,5.071,0,0,0.30 | 0.31 | 0.31,0,1.71 | 2.46 | 4.01,0,1.00 | 1.63 | 2.33,0.955,0.000,0,1,0,0,0,0,-1,0,0,0,,0,,0,,0,0,0,1
1723801097,387,2,2,8,8,5.071,0,0,0.30 | 0.31 | 0.31,0,1.71 | 2.46 | 4.01,0,1.00 | 1.63 | 2.33,0.955,0.000,0,1,0,0,0,0,-1,0,0,0,,0,,0,,0,0,0,1
1723801097,387,2,2,8,8,7.209,0,0,0.30 | 0.31 | 0.31,0,1.38 | 2.29 | 4.01,0,1.00 | 1.75 | 2.91,0.956,0.000,0,1,0,0,0,0,-1,0,0,0,,0,,0,,0,0,0,1
1723801097,387,2,2,8,8,7.209,0,0,0.30 | 0.31 | 0.31,0,1.38 | 2.29 | 4.01,0,1.00 | 1.75 | 2.91,0.956,0.000,0,1,0,0,0,0,-1,0,0,0,,0,,0,,0,0,0,1
1723801098,387,2,2,8,8,7.209,0,0,0.30 | 0.31 | 0.31,0,1.38 | 2.29 | 4.01,0,1.00 | 1.75 | 2.91,0.956,0.000,0,1,0,0,0,0,-1,0,0,0,,0,,0,,0,0,0,1
1723801098,387,2,2,8,8,7.209,0,0,0.30 | 0.31 | 0.31,0,1.38 | 2.29 | 4.01,0,1.00 | 1.75 | 2.91,0.956,0.000,0,1,0,0,0,0,-1,0,0,0,,0,,0,,0,0,0,1
1723801098,387,2,2,8,8,7.209,0,0,0.30 | 0.31 | 0.31,0,1.38 | 2.29 | 4.01,0,1.00 | 1.75 | 2.91,0.956,0.000,0,1,0,0,0,0,-1,0,0,0,,0,,0,,0,0,0,1
1723801098,387,2,2,8,8,7.209,0,0,0.30 | 0.31 | 0.31,0,1.38 | 2.29 | 4.01,0,1.00 | 1.75 | 2.91,0.956,0.000,0,1,0,0,0,0,-1,0,0,0,,0,,0,,0,0,0,1
1723801098,387,2,2,8,8,7.209,0,0,0.30 | 0.31 | 0.31,0,1.38 | 2.29 | 4.01,0,1.00 | 1.75 | 2.91,0.956,0.000,0,1,0,0,0,0,-1,0,0,0,,0,,0,,0,0,0,1
1723801098,387,2,2,8,8,7.209,0,0,0.30 | 0.31 | 0.31,0,1.38 | 2.29 | 4.01,0,1.00 | 1.75 | 2.91,0.956,0.000,0,1,0,0,0,0,-1,0,0,0,,0,,0,,0,0,0,1
1723801098,387,2,2,8,8,7.209,0,0,0.30 | 0.31 | 0.31,0,1.38 | 2.29 | 4.01,0,1.00 | 1.75 | 2.91,0.956,0.000,0,1,0,0,0,0,-1,0,0,0,,0,,0,,0,0,0,1
1723801098,387,2,2,8,8,7.209,0,0,0.30 | 0.31 | 0.31,0,1.38 | 2.29 | 4.01,0,1.00 | 1.75 | 2.91,0.956,0.000,0,1,0,0,0,0,-1,0,0,0,,0,,0,,0,0,0,1
1723801098,387,2,2,8,8,6.146,0,0,0.30 | 0.31 | 0.31,0,1.38 | 2.29 | 4.01,0,1.00 | 1.75 | 2.91,0.956,0.000,0,1,0,0,0,0,-1,0,0,0,,0,,0,,0,0,0,1
1723801098,387,2,2,8,8,6.146,0,0,0.30 | 0.31 | 0.31,0,1.38 | 2.29 | 4.01,0,1.00 | 1.75 | 2.91,0.956,0.000,0,1,0,0,0,0,-1,0,0,0,,0,,0,,0,0,0,1
1723801099,387,2,2,8,8,6.146,0,0,0.30 | 0.31 | 0.31,0,1.38 | 2.29 | 4.01,0,1.00 | 1.75 | 2.91,0.956,0.000,0,1,0,0,0,0,-1,0,0,0,,0,,0,,0,0,0,1
1723801099,387,2,2,8,8,6.146,0,0,0.30 | 0.31 | 0.31,0,1.38 | 2.29 | 4.01,0,1.00 | 1.75 | 2.91,0.956,0.000,0,1,0,0,0,0,-1,0,0,0,,0,,0,,0,0,0,1
1723801099,387,2,2,8,8,6.146,0,0,0.30 | 0.31 | 0.31,0,1.38 | 2.29 | 4.01,0,1.00 | 1.75 | 2.91,0.956,0.000,0,1,0,0,0,0,-1,0,0,0,,0,,0,,0,0,0,1
1723801099,387,2,2,8,8,6.146,0,0,0.30 | 0.31 | 0.31,0,1.38 | 2.29 | 4.01,0,1.00 | 1.75 | 2.91,0.956,0.000,0,1,0,0,0,0,-1,0,0,0,,0,,0,,0,0,0,1
1723801099,387,2,2,8,8,6.146,0,0,0.30 | 0.31 | 0.31,0,1.38 | 2.29 | 4.01,0,1.00 | 1.75 | 2.91,0.956,0.000,0,1,0,0,0,0,-1,0,0,0,,0,,0,,0,0,0,1
1723801099,387,2,2,8,8,6.146,0,0,0.30 | 0.31 | 0.31,0,1.38 | 2.29 | 4.01,0,1.00 | 1.75 | 2.91,0.956,0.000,0,1,0,0,0,0,-1,0,0,0,,0,,0,,0,0,0,1
1723801099,387,2,2,8,8,6.146,0,0,0.30 | 0.31 | 0.31,0,1.38 | 2.29 | 4.01,0,1.00 | 1.75 | 2.91,0.956,0.000,0,1,0,0,0,0,-1,0,0,0,,0,,0,,0,0,0,1
1723801099,387,2,2,8,8,6.146,0,0,0.30 | 0.31 | 0.31,0,1.38 | 2.29 | 4.01,0,1.00 | 1.75 | 2.91,0.956,0.000,0,1,0,0,0,0,-1,0,0,0,,0,,0,,0,0,0,1
1723801099,387,2,2,8,8,9.884,0,0,0.30 | 0.31 | 0.31,0,1.38 | 1.86 | 2.30,0,1.74 | 2.15 | 2.91,0.925,0.000,0,1,0,0,0,0,-1,0,0,0,,0,,0,,0,0,0,1
1723801099,387,2,2,8,8,9.884,0,0,0.30 | 0.31 | 0.31,0,1.38 | 1.86 | 2.30,0,1.74 | 2.15 | 2.91,0.925,0.000,0,1,0,0,0,0,-1,0,0,0,,0,,0,,0,0,0,1
1723801100,387,2,2,8,8,9.884,0,0,0.30 | 0.31 | 0.31,0,1.38 | 1.86 | 2.30,0,1.74 | 2.15 | 2.91,0.925,0.000,0,1,0,0,0,0,-1,0,0,0,,0,,0,,0,0,0,1
1723801100,387,2,2,8,8,9.884,0,0,0.30 | 0.31 | 0.31,0,1.38 | 1.86 | 2.30,0,1.74 | 2.15 | 2.91,0.925,0.000,0,1,0,0,0,0,-1,0,0,0,,0,,0,,0,0,0,1
1723801100,387,2,2,8,8,9.884,0,0,0.30 | 0.31 | 0.31,0,1.38 | 1.86 | 2.30,0,1.74 | 2.15 | 2.91,0.925,0.000,0,1,0,0,0,0,-1,0,0,0,,0,,0,,0,0,0,1
1723801100,387,2,2,8,8,9.884,0,0,0.30 | 0.31 | 0.31,0,1.38 | 1.86 | 2.30,0,1.74 | 2.15 | 2.91,0.925,0.000,0,1,0,0,0,0,-1,0,0,0,,0,,0,,0,0,0,1
1723801100,387,2,2,8,8,9.884,0,0,0.30 | 0.31 | 0.31,0,1.38 | 1.86 | 2.30,0,1.74 | 2.15 | 2.91,0.925,0.000,0,1,0,0,0,0,-1,0,0,0,,0,,0,,0,0,0,1
1723801100,387,2,2,8,8,9.884,0,0,0.30 | 0.31 | 0.31,0,1.38 | 1.86 | 2.30,0,1.74 | 2.15 | 2.91,0.925,0.000,0,1,0,0,0,0,-1,0,0,0,,0,,0,,0,0,0,1
1723801100,387,2,2,8,8,9.884,0,0,0.30 | 0.31 | 0.31,0,1.38 | 1.86 | 2.30,0,1.74 | 2.15 | 2.91,0.925,0.000,0,1,0,0,0,0,-1,0,0,0,,0,,0,,0,0,0,1
1723801100,387,2,2,8,8,9.884,0,0,0.30 | 0.31 | 0.31,0,1.38 | 1.86 | 2.30,0,1.74 | 2.15 | 2.91,0.925,0.000,0,1,0,0,0,0,-1,0,0,0,,0,,0,,0,0,0,1
1723801100,387,2,2,8,8,9.087,0,0,0.30 | 0.31 | 0.31,0,1.38 | 1.86 | 2.30,0,1.74 | 2.15 | 2.91,0.925,0.000,0,1,0,0,0,0,-1,0,0,0,,0,,0,,0,0,0,1
1723801100,387,2,2,8,8,9.087,0,0,0.30 | 0.31 | 0.31,0,1.38 | 1.86 | 2.30,0,1.74 | 2.15 | 2.91,0.925,0.000,0,1,0,0,0,0,-1,0,0,0,,0,,0,,0,0,0,1
1723801101,387,2,2,8,8,9.087,0,0,0.30 | 0.31 | 0.31,0,1.38 | 1.86 | 2.30,0,1.74 | 2.15 | 2.91,0.925,0.000,0,1,0,0,0,0,-1,0,0,0,,0,,0,,0,0,0,1
1723801101,387,2,2,8,8,9.087,0,0,0.30 | 0.31 | 0.31,0,1.38 | 1.86 | 2.30,0,1.74 | 2.15 | 2.91,0.925,0.000,0,1,0,0,0,0,-1,0,0,0,,0,,0,,0,0,0,1
1723801101,387,2,2,8,8,9.087,0,0,0.30 | 0.31 | 0.31,0,1.38 | 1.86 | 2.30,0,1.74 | 2.15 | 2.91,0.925,0.000,0,1,0,0,0,0,-1,0,0,0,,0,,0,,0,0,0,1
1723801101,387,2,2,8,8,9.087,0,0,0.30 | 0.31 | 0.31,0,1.38 | 1.86 | 2.30,0,1.74 | 2.15 | 2.91,0.925,0.000,0,1,0,0,0,0,-1,0,0,0,,0,,0,,0,0,0,1
1723801101,387,2,2,8,8,9.087,0,0,0.30 | 0.31 | 0.31,0,1.38 | 1.86 | 2.30,0,1.74 | 2.15 | 2.91,0.925,0.000,0,1,0,0,0,0,-1,0,0,0,,0,,0,,0,0,0,1
1723801101,387,2,2,8,8,9.087,0,0,0.30 | 0.31 | 0.31,0,1.38 | 1.86 | 2.30,0,1.74 | 2.15 | 2.91,0.925,0.000,0,1,0,0,0,0,-1,0,0,0,,0,,0,,0,0,0,1
1723801101,387,2,2,8,8,9.087,0,0,0.30 | 0.31 | 0.31,0,1.38 | 1.86 | 2.30,0,1.74 | 2.15 | 2.91,0.925,0.000,0,1,0,0,0,0,-1,0,0,0,,0,,0,,0,0,0,1
1723801101,387,2,2,8,8,9.087,0,0,0.30 | 0.31 | 0.31,0,1.38 | 1.86 | 2.30,0,1.74 | 2.15 | 2.91,0.925,0.000,0,1,0,0,0,0,-1,0,0,0,,0,,0,,0,0,0,1
1723801101,387,2,2,8,8,11.224,0,0,0.31 | 0.31 | 0.31,0,1.36 | 1.69 | 2.30,0,1.74 | 2.37 | 2.94,0.926,0.000,0,1,0,0,0,0,-1,0,0,0,,0,,0,,0,0,0,1
1723801101,387,2,2,8,8,11.224,0,0,0.31 | 0.31 | 0.31,0,1.36 | 1.69 | 2.30,0,1.74 | 2.37 | 2.94,0.926,0.000,0,1,0,0,0,0,-1,0,0,0,,0,,0,,0,0,0,1
1723801102,387,2,2,8,8,11.224,0,0,0.31 | 0.31 | 0.31,0,1.36 | 1.69 | 2.30,0,1.74 | 2.37 | 2.94,0.926,0.000,0,1,0,0,0,0,-1,0,0,0,,0,,0,,0,0,0,1
1723801102,387,2,2,8,8,11.224,0,0,0.31 | 0.31 | 0.31,0,1.36 | 1.69 | 2.30,0,1.74 | 2.37 | 2.94,0.926,0.000,0,1,0,0,0,0,-1,0,0,0,,0,,0,,0,0,0,1
1723801102,387,2,2,8,8,11.224,0,0,0.31 | 0.31 | 0.31,0,1.36 | 1.69 | 2.30,0,1.74 | 2.37 | 2.94,0.926,0.000,0,1,0,0,0,0,-1,0,0,0,,0,,0,,0,0,0,1
1723801102,387,2,2,8,8,11.224,0,0,0.31 | 0.31 | 0.31,0,1.36 | 1.69 | 2.30,0,1.74 | 2.37 | 2.94,0.926,0.000,0,1,0,0,0,0,-1,0,0,0,,0,,0,,0,0,0,1
1723801102,387,2,2,8,8,11.224,0,0,0.31 | 0.31 | 0.31,0,1.36 | 1.69 | 2.30,0,1.74 | 2.37 | 2.94,0.926,0.000,0,1,0,0,0,0,-1,0,0,0,,0,,0,,0,0,0,1
1723801102,387,2,2,8,8,11.224,0,0,0.31 | 0.31 | 0.31,0,1.36 | 1.69 | 2.30,0,1.74 | 2.37 | 2.94,0.926,0.000,0,1,0,0,0,0,-1,0,0,0,,0,,0,,0,0,0,1
1723801102,387,2,2,8,8,11.224,0,0,0.31 | 0.31 | 0.31,0,1.36 | 1.69 | 2.30,0,1.74 | 2.37 | 2.94,0.926,0.000,0,1,0,0,0,0,-1,0,0,0,,0,,0,,0,0,0,1
1723801102,387,2,2,8,8,11.224,0,0,0.31 | 0.31 | 0.31,0,1.36 | 1.69 | 2.30,0,1.74 | 2.37 | 2.94,0.926,0.000,0,1,0,0,0,0,-1,0,0,0,,0,,0,,0,0,0,1
1723801102,387,2,2,8,8,10.162,0,0,0.31 | 0.31 | 0.31,0,1.36 | 1.69 | 2.30,0,1.74 | 2.37 | 2.94,0.926,0.000,0,1,0,0,0,0,-1,0,0,0,,0,,0,,0,0,0,1
1723801102,387,2,2,8,8,10.162,0,0,0.31 | 0.31 | 0.31,0,1.36 | 1.69 | 2.30,0,1.74 | 2.37 | 2.94,0.926,0.000,0,1,0,0,0,0,-1,0,0,0,,0,,0,,0,0,0,1
1723801103,387,2,2,8,8,10.162,0,0,0.31 | 0.31 | 0.31,0,1.36 | 1.69 | 2.30,0,1.74 | 2.37 | 2.94,0.926,0.000,0,1,0,0,0,0,-1,0,0,0,,0,,0,,0,0,0,1
1723801103,387,2,2,8,8,10.162,0,0,0.31 | 0.31 | 0.31,0,1.36 | 1.69 | 2.30,0,1.74 | 2.37 | 2.94,0.926,0.000,0,1,0,0,0,0,-1,0,0,0,,0,,0,,0,0,0,1
1723801103,387,2,2,8,8,10.162,0,0,0.31 | 0.31 | 0.31,0,1.36 | 1.69 | 2.30,0,1.74 | 2.37 | 2.94,0.926,0.000,0,1,0,0,0,0,-1,0,0,0,,0,,0,,0,0,0,1
1723801103,387,2,2,8,8,10.162,0,0,0.31 | 0.31 | 0.31,0,1.36 | 1.69 | 2.30,0,1.74 | 2.37 | 2.94,0.926,0.000,0,1,0,0,0,0,-1,0,0,0,,0,,0,,0,0,0,1
1723801103,387,2,2,8,8,10.162,0,0,0.31 | 0.31 | 0.31,0,1.36 | 1.69 | 2.30,0,1.74 | 2.37 | 2.94,0.926,0.000,0,1,0,0,0,0,-1,0,0,0,,0,,0,,0,0,0,1
1723801103,387,2,2,8,8,10.162,0,0,0.31 | 0.31 | 0.31,0,1.36 | 1.69 | 2.30,0,1.74 | 2.37 | 2.94,0.926,0.000,0,1,0,0,0,0,-1,0,0,0,,0,,0,,0,0,0,1
1723801103,387,2,2,8,8,10.162,0,0,0.31 | 0.31 | 0.31,0,1.36 | 1.69 | 2.30,0,1.74 | 2.37 | 2.94,0.926,0.000,0,1,0,0,0,0,-1,0,0,0,,0,,0,,0,0,0,1
1723801103,387,2,2,8,8,10.162,0,0,0.31 | 0.31 | 0.31,0,1.36 | 1.69 | 2.30,0,1.74 | 2.37 | 2.94,0.926,0.000,0,1,0,0,0,0,-1,0,0,0,,0,,0,,0,0,0,1
1723801103,387,2,2,8,8,9.099,0,0,0.31 | 0.31 | 0.31,0,1.36 | 1.69 | 2.30,0,1.74 | 2.37 | 2.94,0.926,0.000,0,1,0,0,0,0,-1,0,0,0,,0,,0,,0,0,0,1
1723801103,387,2,2,8,8,9.099,0,0,0.31 | 0.31 | 0.31,0,1.36 | 1.69 | 2.30,0,1.74 | 2.37 | 2.94,0.926,0.000,0,1,0,0,0,0,-1,0,0,0,,0,,0,,0,0,0,1
1723801104,387,2,2,8,8,9.099,0,0,0.31 | 0.31 | 0.31,0,1.36 | 1.69 | 2.30,0,1.74 | 2.37 | 2.94,0.926,0.000,0,1,0,0,0,0,-1,0,0,0,,0,,0,,0,0,0,1
1723801104,387,2,2,8,8,9.099,0,0,0.31 | 0.31 | 0.31,0,1.36 | 1.69 | 2.30,0,1.74 | 2.37 | 2.94,0.926,0.000,0,1,0,0,0,0,-1,0,0,0,,0,,0,,0,0,0,1
1723801104,387,2,2,8,8,9.099,0,0,0.31 | 0.31 | 0.31,0,1.36 | 1.69 | 2.30,0,1.74 | 2.37 | 2.94,0.926,0.000,0,1,0,0,0,0,-1,0,0,0,,0,,0,,0,0,0,1
1723801104,387,2,2,8,8,9.099,0,0,0.31 | 0.31 | 0.31,0,1.36 | 1.69 | 2.30,0,1.74 | 2.37 | 2.94,0.926,0.000,0,1,0,0,0,0,-1,0,0,0,,0,,0,,0,0,0,1
1723801104,387,2,2,8,8,9.099,0,0,0.31 | 0.31 | 0.31,0,1.36 | 1.69 | 2.30,0,1.74 | 2.37 | 2.94,0.926,0.000,0,1,0,0,0,0,-1,0,0,0,,0,,0,,0,0,0,1
1723801104,387,2,2,8,8,9.099,0,0,0.31 | 0.31 | 0.31,0,1.36 | 1.69 | 2.30,0,1.74 | 2.37 | 2.94,0.926,0.000,0,1,0,0,0,0,-1,0,0,0,,0,,0,,0,0,0,1
1723801104,387,2,2,8,8,9.099,0,0,0.31 | 0.31 | 0.31,0,1.36 | 1.69 | 2.30,0,1.74 | 2.37 | 2.94,0.926,0.000,0,1,0,0,0,0,-1,0,0,0,,0,,0,,0,0,0,1
1723801104,387,2,2,8,8,9.099,0,0,0.31 | 0.31 | 0.31,0,1.36 | 1.69 | 2.30,0,1.74 | 2.37 | 2.94,0.926,0.000,0,1,0,0,0,0,-1,0,0,0,,0,,0,,0,0,0,1
1723801104,387,2,2,8,8,12.871,0,0,0.31 | 0.31 | 0.31,0,1.36 | 1.85 | 2.36,0,1.69 | 2.16 | 2.94,0.909,0.000,0,1,0,0,0,0,-1,0,0,0,,0,,0,,0,0,0,1
1723801104,387,2,2,8,8,12.871,0,0,0.31 | 0.31 | 0.31,0,1.36 | 1.85 | 2.36,0,1.69 | 2.16 | 2.94,0.909,0.000,0,1,0,0,0,0,-1,0,0,0,,0,,0,,0,0,0,1
1723801105,387,2,2,8,8,12.871,0,0,0.31 | 0.31 | 0.31,0,1.36 | 1.85 | 2.36,0,1.69 | 2.16 | 2.94,0.909,0.000,0,1,0,0,0,0,-1,0,0,0,,0,,0,,0,0,0,1
1723801105,387,2,2,8,8,12.871,0,0,0.31 | 0.31 | 0.31,0,1.36 | 1.85 | 2.36,0,1.69 | 2.16 | 2.94,0.909,0.000,0,1,0,0,0,0,-1,0,0,0,,0,,0,,0,0,0,1
1723801105,387,2,2,8,8,12.871,0,0,0.31 | 0.31 | 0.31,0,1.36 | 1.85 | 2.36,0,1.69 | 2.16 | 2.94,0.909,0.000,0,1,0,0,0,0,-1,0,0,0,,0,,0,,0,0,0,1
1723801105,387,2,2,8,8,12.871,0,0,0.31 | 0.31 | 0.31,0,1.36 | 1.85 | 2.36,0,1.69 | 2.16 | 2.94,0.909,0.000,0,1,0,0,0,0,-1,0,0,0,,0,,0,,0,0,0,1
1723801105,387,2,2,8,8,12.871,0,0,0.31 | 0.31 | 0.31,0,1.36 | 1.85 | 2.36,0,1.69 | 2.16 | 2.94,0.909,0.000,0,1,0,0,0,0,-1,0,0,0,,0,,0,,0,0,0,1
1723801105,387,2,2,8,8,12.871,0,0,0.31 | 0.31 | 0.31,0,1.36 | 1.85 | 2.36,0,1.69 | 2.16 | 2.94,0.909,0.000,0,1,0,0,0,0,-1,0,0,0,,0,,0,,0,0,0,1
1723801105,387,2,2,8,8,12.871,0,0,0.31 | 0.31 | 0.31,0,1.36 | 1.85 | 2.36,0,1.69 | 2.16 | 2.94,0.909,0.000,0,1,0,0,0,0,-1,0,0,0,,0,,0,,0,0,0,1
1723801105,387,2,2,8,8,12.871,0,0,0.31 | 0.31 | 0.31,0,1.36 | 1.85 | 2.36,0,1.69 | 2.16 | 2.94,0.909,0.000,0,1,0,0,0,0,-1,0,0,0,,0,,0,,0,0,0,1
1723801105,387,2,2,8,8,12.04,0,0,0.31 | 0.31 | 0.31,0,1.36 | 1.85 | 2.36,0,1.69 | 2.16 | 2.94,0.909,0.000,0,1,0,0,0,0,-1,0,0,0,,0,,0,,0,0,0,1
1723801105,387,2,2,8,8,12.04,0,0,0.31 | 0.31 | 0.31,0,1.36 | 1.85 | 2.36,0,1.69 | 2.16 | 2.94,0.909,0.000,0,1,0,0,0,0,-1,0,0,0,,0,,0,,0,0,0,1
1723801106,387,2,2,8,8,12.04,0,0,0.31 | 0.31 | 0.31,0,1.36 | 1.85 | 2.36,0,1.69 | 2.16 | 2.94,0.909,0.000,0,1,0,0,0,0,-1,0,0,0,,0,,0,,0,0,0,1
1723801106,387,2,2,8,8,12.04,0,0,0.31 | 0.31 | 0.31,0,1.36 | 1.85 | 2.36,0,1.69 | 2.16 | 2.94,0.909,0.000,0,1,0,0,0,0,-1,0,0,0,,0,,0,,0,0,0,1
1723801106,387,2,2,8,8,12.04,0,0,0.31 | 0.31 | 0.31,0,1.36 | 1.85 | 2.36,0,1.69 | 2.16 | 2.94,0.909,0.000,0,1,0,0,0,0,-1,0,0,0,,0,,0,,0,0,0,1
1723801106,387,2,2,8,8,12.04,0,0,0.31 | 0.31 | 0.31,0,1.36 | 1.85 | 2.36,0,1.69 | 2.16 | 2.94,0.909,0.000,0,1,0,0,0,0,-1,0,0,0,,0,,0,,0,0,0,1
1723801106,387,2,2,8,8,12.04,0,0,0.31 | 0.31 | 0.31,0,1.36 | 1.85 | 2.36,0,1.69 | 2.16 | 2.94,0.909,0.000,0,1,0,0,0,0,-1,0,0,0,,0,,0,,0,0,0,1
1723801106,387,2,2,8,8,12.04,0,0,0.31 | 0.31 | 0.31,0,1.36 | 1.85 | 2.36,0,1.69 | 2.16 | 2.94,0.909,0.000,0,1,0,0,0,0,-1,0,0,0,,0,,0,,0,0,0,1
1723801106,387,2,2,8,8,12.04,0,0,0.31 | 0.31 | 0.31,0,1.36 | 1.85 | 2.36,0,1.69 | 2.16 | 2.94,0.909,0.000,0,1,0,0,0,0,-1,0,0,0,,0,,0,,0,0,0,1
1723801106,387,2,2,8,8,12.04,0,0,0.31 | 0.31 | 0.31,0,1.36 | 1.85 | 2.36,0,1.69 | 2.16 | 2.94,0.909,0.000,0,1,0,0,0,0,-1,0,0,0,,0,,0,,0,0,0,1
1723801106,387,2,2,8,8,10.978,0,0,0.31 | 0.31 | 0.31,0,1.36 | 1.85 | 2.36,0,1.69 | 2.16 | 2.94,0.909,0.000,0,1,0,0,0,0,-1,0,0,0,,0,,0,,0,0,0,1
1723801106,387,2,2,8,8,10.978,0,0,0.31 | 0.31 | 0.31,0,1.36 | 1.85 | 2.36,0,1.69 | 2.16 | 2.94,0.909,0.000,0,1,0,0,0,0,-1,0,0,0,,0,,0,,0,0,0,1
1723801107,387,2,2,8,8,10.978,0,0,0.31 | 0.31 | 0.31,0,1.36 | 1.85 | 2.36,0,1.69 | 2.16 | 2.94,0.909,0.000,0,1,0,0,0,0,-1,0,0,0,,0,,0,,0,0,0,1
1723801107,387,2,2,8,8,10.978,0,0,0.31 | 0.31 | 0.31,0,1.36 | 1.85 | 2.36,0,1.69 | 2.16 | 2.94,0.909,0.000,0,1,0,0,0,0,-1,0,0,0,,0,,0,,0,0,0,1
1723801107,387,2,2,8,8,10.978,0,0,0.31 | 0.31 | 0.31,0,1.36 | 1.85 | 2.36,0,1.69 | 2.16 | 2.94,0.909,0.000,0,1,0,0,0,0,-1,0,0,0,,0,,0,,0,0,0,1
1723801107,387,2,2,8,8,10.978,0,0,0.31 | 0.31 | 0.31,0,1.36 | 1.85 | 2.36,0,1.69 | 2.16 | 2.94,0.909,0.000,0,1,0,0,0,0,-1,0,0,0,,0,,0,,0,0,0,1
1723801107,387,2,2,8,8,10.978,0,0,0.31 | 0.31 | 0.31,0,1.36 | 1.85 | 2.36,0,1.69 | 2.16 | 2.94,0.909,0.000,0,1,0,0,0,0,-1,0,0,0,,0,,0,,0,0,0,1
1723801107,387,2,2,8,8,10.978,0,0,0.31 | 0.31 | 0.31,0,1.36 | 1.85 | 2.36,0,1.69 | 2.16 | 2.94,0.909,0.000,0,1,0,0,0,0,-1,0,0,0,,0,,0,,0,0,0,1
1723801107,387,2,2,8,8,10.978,0,0,0.31 | 0.31 | 0.31,0,1.36 | 1.85 | 2.36,0,1.69 | 2.16 | 2.94,0.909,0.000,0,1,0,0,0,0,-1,0,0,0,,0,,0,,0,0,0,1
1723801107,387,2,2,8,8,10.978,0,0,0.31 | 0.31 | 0.31,0,1.36 | 1.85 | 2.36,0,1.69 | 2.16 | 2.94,0.909,0.000,0,1,0,0,0,0,-1,0,0,0,,0,,0,,0,0,0,1
1723801107,387,2,2,8,8,13.086,0,0,0.30 | 0.31 | 0.31,0,1.36 | 1.88 | 2.36,0,1.69 | 2.12 | 2.94,0.908,0.000,0,1,0,0,0,0,-1,0,0,0,,0,,0,,0,0,0,1
1723801107,387,2,2,8,8,13.086,0,0,0.30 | 0.31 | 0.31,0,1.36 | 1.88 | 2.36,0,1.69 | 2.12 | 2.94,0.908,0.000,0,1,0,0,0,0,-1,0,0,0,,0,,0,,0,0,0,1
1723801108,387,2,2,8,8,13.086,0,0,0.30 | 0.31 | 0.31,0,1.36 | 1.88 | 2.36,0,1.69 | 2.12 | 2.94,0.908,0.000,0,1,0,0,0,0,-1,0,0,0,,0,,0,,0,0,0,1
1723801108,387,2,2,8,8,13.086,0,0,0.30 | 0.31 | 0.31,0,1.36 | 1.88 | 2.36,0,1.69 | 2.12 | 2.94,0.908,0.000,0,1,0,0,0,0,-1,0,0,0,,0,,0,,0,0,0,1
1723801108,387,2,2,8,8,13.086,0,0,0.30 | 0.31 | 0.31,0,1.36 | 1.88 | 2.36,0,1.69 | 2.12 | 2.94,0.908,0.000,0,1,0,0,0,0,-1,0,0,0,,0,,0,,0,0,0,1
1723801108,387,2,2,8,8,13.086,0,0,0.30 | 0.31 | 0.31,0,1.36 | 1.88 | 2.36,0,1.69 | 2.12 | 2.94,0.908,0.000,0,1,0,0,0,0,-1,0,0,0,,0,,0,,0,0,0,1
1723801108,387,2,2,8,8,13.086,0,0,0.30 | 0.31 | 0.31,0,1.36 | 1.88 | 2.36,0,1.69 | 2.12 | 2.94,0.908,0.000,0,1,0,0,0,0,-1,0,0,0,,0,,0,,0,0,0,1
1723801108,387,2,2,8,8,13.086,0,0,0.30 | 0.31 | 0.31,0,1.36 | 1.88 | 2.36,0,1.69 | 2.12 | 2.94,0.908,0.000,0,1,0,0,0,0,-1,0,0,0,,0,,0,,0,0,0,1
1723801108,387,2,2,8,8,13.086,0,0,0.30 | 0.31 | 0.31,0,1.36 | 1.88 | 2.36,0,1.69 | 2.12 | 2.94,0.908,0.000,0,1,0,0,0,0,-1,0,0,0,,0,,0,,0,0,0,1
1723801108,387,2,2,8,8,13.086,0,0,0.30 | 0.31 | 0.31,0,1.36 | 1.88 | 2.36,0,1.69 | 2.12 | 2.94,0.908,0.000,0,1,0,0,0,0,-1,0,0,0,,0,,0,,0,0,0,1
1723801108,387,2,2,8,8,12.318,0,0,0.30 | 0.31 | 0.31,0,1.36 | 1.88 | 2.36,0,1.69 | 2.12 | 2.94,0.908,0.000,0,1,0,0,0,0,-1,0,0,0,,0,,0,,0,0,0,1
1723801108,387,2,2,8,8,12.318,0,0,0.30 | 0.31 | 0.31,0,1.36 | 1.88 | 2.36,0,1.69 | 2.12 | 2.94,0.908,0.000,0,1,0,0,0,0,-1,0,0,0,,0,,0,,0,0,0,1
1723801109,387,2,2,8,8,12.318,0,0,0.30 | 0.31 | 0.31,0,1.36 | 1.88 | 2.36,0,1.69 | 2.12 | 2.94,0.908,0.000,0,1,0,0,0,0,-1,0,0,0,,0,,0,,0,0,0,1
1723801109,387,2,2,8,8,12.318,0,0,0.30 | 0.31 | 0.31,0,1.36 | 1.88 | 2.36,0,1.69 | 2.12 | 2.94,0.908,0.000,0,1,0,0,0,0,-1,0,0,0,,0,,0,,0,0,0,1
1723801109,387,2,2,8,8,12.318,0,0,0.30 | 0.31 | 0.31,0,1.36 | 1.88 | 2.36,0,1.69 | 2.12 | 2.94,0.908,0.000,0,1,0,0,0,0,-1,0,0,0,,0,,0,,0,0,0,1
1723801109,387,2,2,8,8,12.318,0,0,0.30 | 0.31 | 0.31,0,1.36 | 1.88 | 2.36,0,1.69 | 2.12 | 2.94,0.908,0.000,0,1,0,0,0,0,-1,0,0,0,,0,,0,,0,0,0,1
1723801109,387,2,2,8,8,12.318,0,0,0.30 | 0.31 | 0.31,0,1.36 | 1.88 | 2.36,0,1.69 | 2.12 | 2.94,0.908,0.000,0,1,0,0,0,0,-1,0,0,0,,0,,0,,0,0,0,1
1723801109,387,2,2,8,8,12.318,0,0,0.30 | 0.31 | 0.31,0,1.36 | 1.88 | 2.36,0,1.69 | 2.12 | 2.94,0.908,0.000,0,1,0,0,0,0,-1,0,0,0,,0,,0,,0,0,0,1
1723801109,387,2,2,8,8,12.318,0,0,0.30 | 0.31 | 0.31,0,1.36 | 1.88 | 2.36,0,1.69 | 2.12 | 2.94,0.908,0.000,0,1,0,0,0,0,-1,0,0,0,,0,,0,,0,0,0,1
1723801109,387,2,2,8,8,12.318,0,0,0.30 | 0.31 | 0.31,0,1.36 | 1.88 | 2.36,0,1.69 | 2.12 | 2.94,0.908,0.000,0,1,0,0,0,0,-1,0,0,0,,0,,0,,0,0,0,1
1723801109,387,2,2,8,8,11.256,0,0,0.30 | 0.31 | 0.31,0,1.36 | 1.88 | 2.36,0,1.69 | 2.12 | 2.94,0.908,0.000,0,1,0,0,0,0,-1,0,0,0,,0,,0,,0,0,0,1
1723801109,387,2,2,8,8,11.256,0,0,0.30 | 0.31 | 0.31,0,1.36 | 1.88 | 2.36,0,1.69 | 2.12 | 2.94,0.908,0.000,0,1,0,0,0,0,-1,0,0,0,,0,,0,,0,0,0,1
1723801110,387,2,2,8,8,11.256,0,0,0.30 | 0.31 | 0.31,0,1.36 | 1.88 | 2.36,0,1.69 | 2.12 | 2.94,0.908,0.000,0,1,0,0,0,0,-1,0,0,0,,0,,0,,0,0,0,1
1723801110,387,2,2,8,8,11.256,0,0,0.30 | 0.31 | 0.31,0,1.36 | 1.88 | 2.36,0,1.69 | 2.12 | 2.94,0.908,0.000,0,1,0,0,0,0,-1,0,0,0,,0,,0,,0,0,0,1
1723801110,387,2,2,8,8,11.256,0,0,0.30 | 0.31 | 0.31,0,1.36 | 1.88 | 2.36,0,1.69 | 2.12 | 2.94,0.908,0.000,0,1,0,0,0,0,-1,0,0,0,,0,,0,,0,0,0,1
1723801110,387,2,2,8,8,11.256,0,0,0.30 | 0.31 | 0.31,0,1.36 | 1.88 | 2.36,0,1.69 | 2.12 | 2.94,0.908,0.000,0,1,0,0,0,0,-1,0,0,0,,0,,0,,0,0,0,1
1723801110,387,2,2,8,8,11.256,0,0,0.30 | 0.31 | 0.31,0,1.36 | 1.88 | 2.36,0,1.69 | 2.12 | 2.94,0.908,0.000,0,1,0,0,0,0,-1,0,0,0,,0,,0,,0,0,0,1
1723801110,387,2,2,8,8,11.256,0,0,0.30 | 0.31 | 0.31,0,1.36 | 1.88 | 2.36,0,1.69 | 2.12 | 2.94,0.908,0.000,0,1,0,0,0,0,-1,0,0,0,,0,,0,,0,0,0,1
1723801110,387,2,2,8,8,11.256,0,0,0.30 | 0.31 | 0.31,0,1.36 | 1.88 | 2.36,0,1.69 | 2.12 | 2.94,0.908,0.000,0,1,0,0,0,0,-1,0,0,0,,0,,0,,0,0,0,1
1723801110,387,2,2,8,8,11.256,0,0,0.30 | 0.31 | 0.31,0,1.36 | 1.88 | 2.36,0,1.69 | 2.12 | 2.94,0.908,0.000,0,1,0,0,0,0,-1,0,0,0,,0,,0,,0,0,0,1
1723801110,387,2,2,8,8,10.193,0,0,0.30 | 0.31 | 0.31,0,1.36 | 1.88 | 2.36,0,1.69 | 2.12 | 2.94,0.908,0.000,0,1,0,0,0,0,-1,0,0,0,,0,,0,,0,0,0,1
1723801110,387,2,2,8,8,10.193,0,0,0.30 | 0.31 | 0.31,0,1.36 | 1.88 | 2.36,0,1.69 | 2.12 | 2.94,0.908,0.000,0,1,0,0,0,0,-1,0,0,0,,0,,0,,0,0,0,1
1723801111,387,2,2,8,8,10.193,0,0,0.30 | 0.31 | 0.31,0,1.36 | 1.88 | 2.36,0,1.69 | 2.12 | 2.94,0.908,0.000,0,1,0,0,0,0,-1,0,0,0,,0,,0,,0,0,0,1
1723801111,387,2,2,8,8,10.193,0,0,0.30 | 0.31 | 0.31,0,1.36 | 1.88 | 2.36,0,1.69 | 2.12 | 2.94,0.908,0.000,0,1,0,0,0,0,-1,0,0,0,,0,,0,,0,0,0,1
1723801111,387,2,2,8,8,10.193,0,0,0.30 | 0.31 | 0.31,0,1.36 | 1.88 | 2.36,0,1.69 | 2.12 | 2.94,0.908,0.000,0,1,0,0,0,0,-1,0,0,0,,0,,0,,0,0,0,1
1723801111,387,2,2,8,8,10.193,0,0,0.30 | 0.31 | 0.31,0,1.36 | 1.88 | 2.36,0,1.69 | 2.12 | 2.94,0.908,0.000,0,1,0,0,0,0,-1,0,0,0,,0,,0,,0,0,0,1
1723801111,387,2,2,8,8,10.193,0,0,0.30 | 0.31 | 0.31,0,1.36 | 1.88 | 2.36,0,1.69 | 2.12 | 2.94,0.908,0.000,0,1,0,0,0,0,-1,0,0,0,,0,,0,,0,0,0,1
1723801111,387,2,2,8,8,10.193,0,0,0.30 | 0.31 | 0.31,0,1.36 | 1.88 | 2.36,0,1.69 | 2.12 | 2.94,0.908,0.000,0,1,0,0,0,0,-1,0,0,0,,0,,0,,0,0,0,1
1723801111,387,2,2,8,8,10.193,0,0,0.30 | 0.31 | 0.31,0,1.36 | 1.88 | 2.36,0,1.69 | 2.12 | 2.94,0.908,0.000,0,1,0,0,0,0,-1,0,0,0,,0,,0,,0,0,0,1
1723801111,387,2,2,8,8,10.193,0,0,0.30 | 0.31 | 0.31,0,1.36 | 1.88 | 2.36,0,1.69 | 2.12 | 2.94,0.908,0.000,0,1,0,0,0,0,-1,0,0,0,,0,,0,,0,0,0,1
1723801111,387,2,2,8,8,13.931,0,0,0.30 | 0.31 | 0.31,0,1.36 | 1.81 | 2.36,0,1.69 | 2.20 | 2.94,0.940,0.000,0,1,0,0,0,0,-1,0,0,0,,0,,0,,0,0,0,1
1723801111,387,2,2,8,8,13.931,0,0,0.30 | 0.31 | 0.31,0,1.36 | 1.81 | 2.36,0,1.69 | 2.20 | 2.94,0.940,0.000,0,1,0,0,0,0,-1,0,0,0,,0,,0,,0,0,0,1
1723801112,387,2,2,8,8,13.931,0,0,0.30 | 0.31 | 0.31,0,1.36 | 1.81 | 2.36,0,1.69 | 2.20 | 2.94,0.940,0.000,0,1,0,0,0,0,-1,0,0,0,,0,,0,,0,0,0,1
1723801112,387,2,2,8,8,13.931,0,0,0.30 | 0.31 | 0.31,0,1.36 | 1.81 | 2.36,0,1.69 | 2.20 | 2.94,0.940,0.000,0,1,0,0,0,0,-1,0,0,0,,0,,0,,0,0,0,1
1723801112,387,2,2,8,8,13.931,0,0,0.30 | 0.31 | 0.31,0,1.36 | 1.81 | 2.36,0,1.69 | 2.20 | 2.94,0.940,0.000,0,1,0,0,0,0,-1,0,0,0,,0,,0,,0,0,0,1
1723801112,387,2,2,8,8,13.931,0,0,0.30 | 0.31 | 0.31,0,1.36 | 1.81 | 2.36,0,1.69 | 2.20 | 2.94,0.940,0.000,0,1,0,0,0,0,-1,0,0,0,,0,,0,,0,0,0,1
1723801112,387,2,2,8,8,13.931,0,0,0.30 | 0.31 | 0.31,0,1.36 | 1.81 | 2.36,0,1.69 | 2.20 | 2.94,0.940,0.000,0,1,0,0,0,0,-1,0,0,0,,0,,0,,0,0,0,1
1723801112,387,2,2,8,8,13.931,0,0,0.30 | 0.31 | 0.31,0,1.36 | 1.81 | 2.36,0,1.69 | 2.20 | 2.94,0.940,0.000,0,1,0,0,0,0,-1,0,0,0,,0,,0,,0,0,0,1
1723801112,387,2,2,8,8,13.931,0,0,0.30 | 0.31 | 0.31,0,1.36 | 1.81 | 2.36,0,1.69 | 2.20 | 2.94,0.940,0.000,0,1,0,0,0,0,-1,0,0,0,,0,,0,,0,0,0,1
1723801112,387,2,2,8,8,13.931,0,0,0.30 | 0.31 | 0.31,0,1.36 | 1.81 | 2.36,0,1.69 | 2.20 | 2.94,0.940,0.000,0,1,0,0,0,0,-1,0,0,0,,0,,0,,0,0,0,1
1723801112,387,2,2,8,8,12.868,0,0,0.30 | 0.31 | 0.31,0,1.36 | 1.81 | 2.36,0,1.69 | 2.20 | 2.94,0.940,0.000,0,1,0,0,0,0,-1,0,0,0,,0,,0,,0,0,0,1
1723801112,387,2,2,8,8,12.868,0,0,0.30 | 0.31 | 0.31,0,1.36 | 1.81 | 2.36,0,1.69 | 2.20 | 2.94,0.940,0.000,0,1,0,0,0,0,-1,0,0,0,,0,,0,,0,0,0,1
1723801113,387,2,2,8,8,12.868,0,0,0.30 | 0.31 | 0.31,0,1.36 | 1.81 | 2.36,0,1.69 | 2.20 | 2.94,0.940,0.000,0,1,0,0,0,0,-1,0,0,0,,0,,0,,0,0,0,1
1723801113,387,2,2,8,8,12.868,0,0,0.30 | 0.31 | 0.31,0,1.36 | 1.81 | 2.36,0,1.69 | 2.20 | 2.94,0.940,0.000,0,1,0,0,0,0,-1,0,0,0,,0,,0,,0,0,0,1
1723801113,387,2,2,8,8,12.868,0,0,0.30 | 0.31 | 0.31,0,1.36 | 1.81 | 2.36,0,1.69 | 2.20 | 2.94,0.940,0.000,0,1,0,0,0,0,-1,0,0,0,,0,,0,,0,0,0,1
1723801113,387,2,2,8,8,12.868,0,0,0.30 | 0.31 | 0.31,0,1.36 | 1.81 | 2.36,0,1.69 | 2.20 | 2.94,0.940,0.000,0,1,0,0,0,0,-1,0,0,0,,0,,0,,0,0,0,1
1723801113,387,2,2,8,8,12.868,0,0,0.30 | 0.31 | 0.31,0,1.36 | 1.81 | 2.36,0,1.69 | 2.20 | 2.94,0.940,0.000,0,1,0,0,0,0,-1,0,0,0,,0,,0,,0,0,0,1
1723801113,387,2,2,8,8,12.868,0,0,0.30 | 0.31 | 0.31,0,1.36 | 1.81 | 2.36,0,1.69 | 2.20 | 2.94,0.940,0.000,0,1,0,0,0,0,-1,0,0,0,,0,,0,,0,0,0,1
1723801113,387,2,2,8,8,12.868,0,0,0.30 | 0.31 | 0.31,0,1.36 | 1.81 | 2.36,0,1.69 | 2.20 | 2.94,0.940,0.000,0,1,0,0,0,0,-1,0,0,0,,0,,0,,0,0,0,1
1723801113,387,2,2,8,8,12.868,0,0,0.30 | 0.31 | 0.31,0,1.36 | 1.81 | 2.36,0,1.69 | 2.20 | 2.94,0.940,0.000,0,1,0,0,0,0,-1,0,0,0,,0,,0,,0,0,0,1
1723801113,387,2,2,8,8,12.071,0,0,0.30 | 0.31 | 0.31,0,1.36 | 1.81 | 2.36,0,1.69 | 2.20 | 2.94,0.940,0.000,0,1,0,0,0,0,-1,0,0,0,,0,,0,,0,0,0,1
1723801113,387,2,2,8,8,12.071,0,0,0.30 | 0.31 | 0.31,0,1.36 | 1.81 | 2.36,0,1.69 | 2.20 | 2.94,0.940,0.000,0,1,0,0,0,0,-1,0,0,0,,0,,0,,0,0,0,1
1723801114,387,2,2,8,8,12.071,0,0,0.30 | 0.31 | 0.31,0,1.36 | 1.81 | 2.36,0,1.69 | 2.20 | 2.94,0.940,0.000,0,1,0,0,0,0,-1,0,0,0,,0,,0,,0,0,0,1
1723801114,387,2,2,8,8,12.071,0,0,0.30 | 0.31 | 0.31,0,1.36 | 1.81 | 2.36,0,1.69 | 2.20 | 2.94,0.940,0.000,0,1,0,0,0,0,-1,0,0,0,,0,,0,,0,0,0,1
1723801114,387,2,2,8,8,12.071,0,0,0.30 | 0.31 | 0.31,0,1.36 | 1.81 | 2.36,0,1.69 | 2.20 | 2.94,0.940,0.000,0,1,0,0,0,0,-1,0,0,0,,0,,0,,0,0,0,1
1723801114,387,2,2,8,8,12.071,0,0,0.30 | 0.31 | 0.31,0,1.36 | 1.81 | 2.36,0,1.69 | 2.20 | 2.94,0.940,0.000,0,1,0,0,0,0,-1,0,0,0,,0,,0,,0,0,0,1
1723801114,387,2,2,8,8,12.071,0,0,0.30 | 0.31 | 0.31,0,1.36 | 1.81 | 2.36,0,1.69 | 2.20 | 2.94,0.940,0.000,0,1,0,0,0,0,-1,0,0,0,,0,,0,,0,0,0,1
1723801114,387,2,2,8,8,12.071,0,0,0.30 | 0.31 | 0.31,0,1.36 | 1.81 | 2.36,0,1.69 | 2.20 | 2.94,0.940,0.000,0,1,0,0,0,0,-1,0,0,0,,0,,0,,0,0,0,1
1723801114,387,2,2,8,8,12.071,0,0,0.30 | 0.31 | 0.31,0,1.36 | 1.81 | 2.36,0,1.69 | 2.20 | 2.94,0.940,0.000,0,1,0,0,0,0,-1,0,0,0,,0,,0,,0,0,0,1
1723801114,387,2,2,8,8,12.071,0,0,0.30 | 0.31 | 0.31,0,1.36 | 1.81 | 2.36,0,1.69 | 2.20 | 2.94,0.940,0.000,0,1,0,0,0,0,-1,0,0,0,,0,,0,,0,0,0,1
1723801114,387,2,2,8,8,10.87,0,0,0.30 | 0.31 | 0.31,0,1.36 | 1.81 | 2.36,0,1.69 | 2.20 | 2.94,0.940,0.000,0,1,0,0,0,0,-1,0,0,0,,0,,0,,0,0,0,1
1723801114,387,2,2,8,8,10.87,0,0,0.30 | 0.31 | 0.31,0,1.36 | 1.81 | 2.36,0,1.69 | 2.20 | 2.94,0.940,0.000,0,1,0,0,0,0,-1,0,0,0,,0,,0,,0,0,0,1
1723801115,387,2,2,8,8,10.87,0,0,0.30 | 0.31 | 0.31,0,1.36 | 1.81 | 2.36,0,1.69 | 2.20 | 2.94,0.940,0.000,0,1,0,0,0,0,-1,0,0,0,,0,,0,,0,0,0,1
1723801115,387,2,2,8,8,10.87,0,0,0.30 | 0.31 | 0.31,0,1.36 | 1.81 | 2.36,0,1.69 | 2.20 | 2.94,0.940,0.000,0,1,0,0,0,0,-1,0,0,0,,0,,0,,0,0,0,1
1723801115,387,2,2,8,8,10.87,0,0,0.30 | 0.31 | 0.31,0,1.36 | 1.81 | 2.36,0,1.69 | 2.20 | 2.94,0.940,0.000,0,1,0,0,0,0,-1,0,0,0,,0,,0,,0,0,0,1
1723801115,387,2,2,8,8,10.87,0,0,0.30 | 0.31 | 0.31,0,1.36 | 1.81 | 2.36,0,1.69 | 2.20 | 2.94,0.940,0.000,0,1,0,0,0,0,-1,0,0,0,,0,,0,,0,0,0,1
1723801115,387,2,2,8,8,10.87,0,0,0.30 | 0.31 | 0.31,0,1.36 | 1.81 | 2.36,0,1.69 | 2.20 | 2.94,0.940,0.000,0,1,0,0,0,0,-1,0,0,0,,0,,0,,0,0,0,1
1723801115,387,2,2,8,8,10.87,0,0,0.30 | 0.31 | 0.31,0,1.36 | 1.81 | 2.36,0,1.69 | 2.20 | 2.94,0.940,0.000,0,1,0,0,0,0,-1,0,0,0,,0,,0,,0,0,0,1
1723801115,387,2,2,8,8,10.87,0,0,0.30 | 0.31 | 0.31,0,1.36 | 1.81 | 2.36,0,1.69 | 2.20 | 2.94,0.940,0.000,0,1,0,0,0,0,-1,0,0,0,,0,,0,,0,0,0,1
1723801115,387,2,2,8,8,10.87,0,0,0.30 | 0.31 | 0.31,0,1.36 | 1.81 | 2.36,0,1.69 | 2.20 | 2.94,0.940,0.000,0,1,0,0,0,0,-1,0,0,0,,0,,0,,0,0,0,1
1723801115,387,2,2,8,8,9.946,0,0,0.30 | 0.31 | 0.31,0,1.36 | 1.81 | 2.36,0,1.69 | 2.20 | 2.94,0.940,0.000,0,1,0,0,0,0,-1,0,0,0,,0,,0,,0,0,0,1
1723801115,387,2,2,8,8,9.946,0,0,0.30 | 0.31 | 0.31,0,1.36 | 1.81 | 2.36,0,1.69 | 2.20 | 2.94,0.940,0.000,0,1,0,0,0,0,-1,0,0,0,,0,,0,,0,0,0,1
1723801116,387,2,2,8,8,9.946,0,0,0.30 | 0.31 | 0.31,0,1.36 | 1.81 | 2.36,0,1.69 | 2.20 | 2.94,0.940,0.000,0,1,0,0,0,0,-1,0,0,0,,0,,0,,0,0,0,1
1723801116,387,2,2,8,8,9.946,0,0,0.30 | 0.31 | 0.31,0,1.36 | 1.81 | 2.36,0,1.69 | 2.20 | 2.94,0.940,0.000,0,1,0,0,0,0,-1,0,0,0,,0,,0,,0,0,0,1
1723801116,387,2,2,8,8,9.946,0,0,0.30 | 0.31 | 0.31,0,1.36 | 1.81 | 2.36,0,1.69 | 2.20 | 2.94,0.940,0.000,0,1,0,0,0,0,-1,0,0,0,,0,,0,,0,0,0,1
1723801116,387,2,2,8,8,9.946,0,0,0.30 | 0.31 | 0.31,0,1.36 | 1.81 | 2.36,0,1.69 | 2.20 | 2.94,0.940,0.000,0,1,0,0,0,0,-1,0,0,0,,0,,0,,0,0,0,1
1723801116,387,2,2,8,8,9.946,0,0,0.30 | 0.31 | 0.31,0,1.36 | 1.81 | 2.36,0,1.69 | 2.20 | 2.94,0.940,0.000,0,1,0,0,0,0,-1,0,0,0,,0,,0,,0,0,0,1
1723801116,387,2,2,8,8,9.946,0,0,0.30 | 0.31 | 0.31,0,1.36 | 1.81 | 2.36,0,1.69 | 2.20 | 2.94,0.940,0.000,0,1,0,0,0,0,-1,0,0,0,,0,,0,,0,0,0,1
1723801116,387,2,2,8,8,9.946,0,0,0.30 | 0.31 | 0.31,0,1.36 | 1.81 | 2.36,0,1.69 | 2.20 | 2.94,0.940,0.000,0,1,0,0,0,0,-1,0,0,0,,0,,0,,0,0,0,1
1723801116,387,2,2,8,8,9.946,0,0,0.30 | 0.31 | 0.31,0,1.36 | 1.81 | 2.36,0,1.69 | 2.20 | 2.94,0.940,0.000,0,1,0,0,0,0,-1,0,0,0,,0,,0,,0,0,0,1
1723801116,387,2,2,8,8,12.084,0,0,0.30 | 0.31 | 0.31,0,1.51 | 1.86 | 2.36,0,1.69 | 2.15 | 2.65,0.914,0.000,0,1,0,0,0,0,-1,0,0,0,,0,,0,,0,0,0,1
1723801116,387,2,2,8,8,12.084,0,0,0.30 | 0.31 | 0.31,0,1.51 | 1.86 | 2.36,0,1.69 | 2.15 | 2.65,0.914,0.000,0,1,0,0,0,0,-1,0,0,0,,0,,0,,0,0,0,1
1723801117,387,2,2,8,8,12.084,0,0,0.30 | 0.31 | 0.31,0,1.51 | 1.86 | 2.36,0,1.69 | 2.15 | 2.65,0.914,0.000,0,1,0,0,0,0,-1,0,0,0,,0,,0,,0,0,0,1
1723801117,387,2,2,8,8,12.084,0,0,0.30 | 0.31 | 0.31,0,1.51 | 1.86 | 2.36,0,1.69 | 2.15 | 2.65,0.914,0.000,0,1,0,0,0,0,-1,0,0,0,,0,,0,,0,0,0,1
1723801117,387,2,2,8,8,12.084,0,0,0.30 | 0.31 | 0.31,0,1.51 | 1.86 | 2.36,0,1.69 | 2.15 | 2.65,0.914,0.000,0,1,0,0,0,0,-1,0,0,0,,0,,0,,0,0,0,1
1723801117,387,2,2,8,8,12.084,0,0,0.30 | 0.31 | 0.31,0,1.51 | 1.86 | 2.36,0,1.69 | 2.15 | 2.65,0.914,0.000,0,1,0,0,0,0,-1,0,0,0,,0,,0,,0,0,0,1
1723801117,580,2,3,8,8,12.084,0,0,0.30 | 0.31 | 0.31,0,1.51 | 1.86 | 2.36,0,1.69 | 2.15 | 2.65,0.914,0.000,0,1,0,0,0,0,-1,0,0,0,,0,,0,,0,0,0,1
1723801117,580,2,3,8,8,12.084,0,0,0.30 | 0.31 | 0.31,0,1.51 | 1.86 | 2.36,0,1.69 | 2.15 | 2.65,0.914,0.000,0,1,0,0,0,0,-1,0,0,0,,0,,0,,0,0,0,1
1723801117,580,2,3,8,8,12.084,0,0,0.30 | 0.31 | 0.31,0,1.51 | 1.86 | 2.36,0,1.69 | 2.15 | 2.65,0.914,0.000,0,1,0,0,0,0,-1,0,0,0,,0,,0,,0,0,0,1
1723801117,580,2,3,8,8,12.084,0,0,0.30 | 0.31 | 0.31,0,1.51 | 1.86 | 2.36,0,1.69 | 2.15 | 2.65,0.914,0.000,0,1,0,0,0,0,-1,0,0,0,,0,,0,,0,0,0,1
1723801117,580,2,3,8,8,11.07,0,0,0.30 | 0.31 | 0.31,0,1.51 | 1.86 | 2.36,0,1.69 | 2.15 | 2.65,0.914,0.000,0,1,0,0,0,0,-1,0,0,0,,0,,0,,0,0,0,1
1723801117,580,2,3,8,8,11.07,0,0,0.30 | 0.31 | 0.31,0,1.51 | 1.86 | 2.36,0,1.69 | 2.15 | 2.65,0.914,0.000,0,1,0,0,0,0,-1,0,0,0,,0,,0,,0,0,0,1
1723801118,580,2,3,8,8,11.07,0,0,0.30 | 0.31 | 0.31,0,1.51 | 1.86 | 2.36,0,1.69 | 2.15 | 2.65,0.914,0.000,0,1,0,0,0,0,-1,0,0,0,,0,,0,,0,0,0,1
1723801118,580,2,3,8,8,11.07,0,0,0.30 | 0.31 | 0.31,0,1.51 | 1.86 | 2.36,0,1.69 | 2.15 | 2.65,0.914,0.000,0,1,0,0,0,0,-1,0,0,0,,0,,0,,0,0,0,1
1723801118,580,2,3,8,8,11.07,0,0,0.30 | 0.31 | 0.31,0,1.51 | 1.86 | 2.36,0,1.69 | 2.15 | 2.65,0.914,0.000,0,1,0,0,0,0,-1,0,0,0,,0,,0,,0,0,0,1
1723801118,580,2,3,8,8,11.07,0,0,0.30 | 0.31 | 0.31,0,1.51 | 1.86 | 2.36,0,1.69 | 2.15 | 2.65,0.914,0.000,0,1,0,0,0,0,-1,0,0,0,,0,,0,,0,0,0,1
1723801118,580,2,3,8,8,11.07,0,0,0.30 | 0.31 | 0.31,0,1.51 | 1.86 | 2.36,0,1.69 | 2.15 | 2.65,0.914,0.000,0,1,0,0,0,0,-1,0,0,0,,0,,0,,0,0,0,1
1723801118,580,2,3,8,8,11.07,0,0,0.30 | 0.31 | 0.31,0,1.51 | 1.86 | 2.36,0,1.69 | 2.15 | 2.65,0.914,0.000,0,1,0,0,0,0,-1,0,0,0,,0,,0,,0,0,0,1
1723801118,580,2,3,8,8,11.07,0,0,0.30 | 0.31 | 0.31,0,1.51 | 1.86 | 2.36,0,1.69 | 2.15 | 2.65,0.914,0.000,0,1,0,0,0,0,-1,0,0,0,,0,,0,,0,0,0,1
1723801118,580,2,3,8,8,11.07,0,0,0.30 | 0.31 | 0.31,0,1.51 | 1.86 | 2.36,0,1.69 | 2.15 | 2.65,0.914,0.000,0,1,0,0,0,0,-1,0,0,0,,0,,0,,0,0,0,1
1723801118,580,2,3,8,8,10.224,0,0,0.30 | 0.31 | 0.31,0,1.51 | 1.86 | 2.36,0,1.69 | 2.15 | 2.65,0.914,0.000,0,1,0,0,0,0,-1,0,0,0,,0,,0,,0,0,0,1
1723801118,580,2,3,8,8,10.224,0,0,0.30 | 0.31 | 0.31,0,1.51 | 1.86 | 2.36,0,1.69 | 2.15 | 2.65,0.914,0.000,0,1,0,0,0,0,-1,0,0,0,,0,,0,,0,0,0,1
1723801119,580,2,3,8,8,10.224,0,0,0.30 | 0.31 | 0.31,0,1.51 | 1.86 | 2.36,0,1.69 | 2.15 | 2.65,0.914,0.000,0,1,0,0,0,0,-1,0,0,0,,0,,0,,0,0,0,1
1723801119,580,2,3,8,8,10.224,0,0,0.30 | 0.31 | 0.31,0,1.51 | 1.86 | 2.36,0,1.69 | 2.15 | 2.65,0.914,0.000,0,1,0,0,0,0,-1,0,0,0,,0,,0,,0,0,0,1
1723801119,580,2,3,8,8,10.224,0,0,0.30 | 0.31 | 0.31,0,1.51 | 1.86 | 2.36,0,1.69 | 2.15 | 2.65,0.914,0.000,0,1,0,0,0,0,-1,0,0,0,,0,,0,,0,0,0,1
1723801119,580,2,3,8,8,10.224,0,0,0.30 | 0.31 | 0.31,0,1.51 | 1.86 | 2.36,0,1.69 | 2.15 | 2.65,0.914,0.000,0,1,0,0,0,0,-1,0,0,0,,0,,0,,0,0,0,1
1723801119,580,2,3,8,8,10.224,0,0,0.30 | 0.31 | 0.31,0,1.51 | 1.86 | 2.36,0,1.69 | 2.15 | 2.65,0.914,0.000,0,1,0,0,0,0,-1,0,0,0,,0,,0,,0,0,0,1
1723801119,580,2,3,8,8,10.224,0,0,0.30 | 0.31 | 0.31,0,1.51 | 1.86 | 2.36,0,1.69 | 2.15 | 2.65,0.914,0.000,0,1,0,0,0,0,-1,0,0,0,,0,,0,,0,0,0,1
1723801119,580,2,3,8,8,10.224,0,0,0.30 | 0.31 | 0.31,0,1.51 | 1.86 | 2.36,0,1.69 | 2.15 | 2.65,0.914,0.000,0,1,0,0,0,0,-1,0,0,0,,0,,0,,0,0,0,1
1723801119,580,2,3,8,8,10.224,0,0,0.30 | 0.31 | 0.31,0,1.51 | 1.86 | 2.36,0,1.69 | 2.15 | 2.65,0.914,0.000,0,1,0,0,0,0,-1,0,0,0,,0,,0,,0,0,0,1
1723801119,580,2,3,8,8,9.162,0,0,0.30 | 0.31 | 0.31,0,1.51 | 1.86 | 2.36,0,1.69 | 2.15 | 2.65,0.914,0.000,0,1,0,0,0,0,-1,0,0,0,,0,,0,,0,0,0,1
1723801119,580,2,3,8,8,9.162,0,0,0.30 | 0.31 | 0.31,0,1.51 | 1.86 | 2.36,0,1.69 | 2.15 | 2.65,0.914,0.000,0,1,0,0,0,0,-1,0,0,0,,0,,0,,0,0,0,1
1723801120,580,2,3,8,8,9.162,0,0,0.30 | 0.31 | 0.31,0,1.51 | 1.86 | 2.36,0,1.69 | 2.15 | 2.65,0.914,0.000,0,1,0,0,0,0,-1,0,0,0,,0,,0,,0,0,0,1
1723801120,580,2,3,8,8,9.162,0,0,0.30 | 0.31 | 0.31,0,1.51 | 1.86 | 2.36,0,1.69 | 2.15 | 2.65,0.914,0.000,0,1,0,0,0,0,-1,0,0,0,,0,,0,,0,0,0,1
1723801120,580,2,3,8,8,9.162,0,0,0.30 | 0.31 | 0.31,0,1.51 | 1.86 | 2.36,0,1.69 | 2.15 | 2.65,0.914,0.000,0,1,0,0,0,0,-1,0,0,0,,0,,0,,0,0,0,1
1723801120,580,2,3,8,8,9.162,0,0,0.30 | 0.31 | 0.31,0,1.51 | 1.86 | 2.36,0,1.69 | 2.15 | 2.65,0.914,0.000,0,1,0,0,0,0,-1,0,0,0,,0,,0,,0,0,0,1
1723801120,580,2,3,8,8,9.162,0,0,0.30 | 0.31 | 0.31,0,1.51 | 1.86 | 2.36,0,1.69 | 2.15 | 2.65,0.914,0.000,0,1,0,0,0,0,-1,0,0,0,,0,,0,,0,0,0,1
1723801120,580,2,3,8,8,9.162,0,0,0.30 | 0.31 | 0.31,0,1.51 | 1.86 | 2.36,0,1.69 | 2.15 | 2.65,0.914,0.000,0,1,0,0,0,0,-1,0,0,0,,0,,0,,0,0,0,1
1723801120,580,2,3,8,8,9.162,0,0,0.30 | 0.31 | 0.31,0,1.51 | 1.86 | 2.36,0,1.69 | 2.15 | 2.65,0.914,0.000,0,1,0,0,0,0,-1,0,0,0,,0,,0,,0,0,0,1
1723801120,580,2,3,8,8,9.162,0,0,0.30 | 0.31 | 0.31,0,1.51 | 1.86 | 2.36,0,1.69 | 2.15 | 2.65,0.914,0.000,0,1,0,0,0,0,-1,0,0,0,,0,,0,,0,0,0,1
1723801120,580,2,3,8,8,8.099,0,0,0.30 | 0.31 | 0.31,0,1.51 | 1.86 | 2.36,0,1.69 | 2.15 | 2.65,0.914,0.000,0,1,0,0,0,0,-1,0,0,0,,0,,0,,0,0,0,1
1723801120,580,2,3,8,8,8.099,0,0,0.30 | 0.31 | 0.31,0,1.51 | 1.86 | 2.36,0,1.69 | 2.15 | 2.65,0.914,0.000,0,1,0,0,0,0,-1,0,0,0,,0,,0,,0,0,0,1
1723801121,580,2,3,8,8,8.099,0,0,0.30 | 0.31 | 0.31,0,1.51 | 1.86 | 2.36,0,1.69 | 2.15 | 2.65,0.914,0.000,0,1,0,0,0,0,-1,0,0,0,,0,,0,,0,0,0,1
1723801121,580,2,3,8,8,8.099,0,0,0.30 | 0.31 | 0.31,0,1.51 | 1.86 | 2.36,0,1.69 | 2.15 | 2.65,0.914,0.000,0,1,0,0,0,0,-1,0,0,0,,0,,0,,0,0,0,1
1723801121,580,2,3,8,8,8.099,0,0,0.30 | 0.31 | 0.31,0,1.51 | 1.86 | 2.36,0,1.69 | 2.15 | 2.65,0.914,0.000,0,1,0,0,0,0,-1,0,0,0,,0,,0,,0,0,0,1
1723801121,580,2,3,8,8,8.099,0,0,0.30 | 0.31 | 0.31,0,1.51 | 1.86 | 2.36,0,1.69 | 2.15 | 2.65,0.914,0.000,0,1,0,0,0,0,-1,0,0,0,,0,,0,,0,0,0,1
1723801121,580,2,3,8,8,8.099,0,0,0.30 | 0.31 | 0.31,0,1.51 | 1.86 | 2.36,0,1.69 | 2.15 | 2.65,0.914,0.000,0,1,0,0,0,0,-1,0,0,0,,0,,0,,0,0,0,1
1723801121,580,3,3,8,8,8.099,0,0,0.30 | 0.31 | 0.31,0,1.51 | 1.86 | 2.36,0,1.69 | 2.15 | 2.65,0.914,0.000,0,1,0,0,0,0,-1,0,0,0,,0,,0,,0,0,0,1
1723801121,580,3,3,8,8,8.099,0,0,0.30 | 0.31 | 0.31,0,1.51 | 1.86 | 2.36,0,1.69 | 2.15 | 2.65,0.914,0.000,0,1,0,0,0,0,-1,0,0,0,,0,,0,,0,0,0,1
1723801121,580,3,3,8,8,8.099,0,0,0.30 | 0.31 | 0.31,0,1.51 | 1.86 | 2.36,0,1.69 | 2.15 | 2.65,0.914,0.000,0,1,0,0,0,0,-1,0,0,0,,0,,0,,0,0,0,1
1723801121,580,3,3,8,8,7.303,0,0,0.30 | 0.31 | 0.31,0,1.51 | 2.09 | 3.27,0,1.22 | 1.92 | 2.65,0.914,0.000,0,1,0,0,0,0,-1,0,0,0,,0,,0,,0,0,0,1
1723801121,580,3,3,8,8,7.303,0,0,0.30 | 0.31 | 0.31,0,1.51 | 2.09 | 3.27,0,1.22 | 1.92 | 2.65,0.914,0.000,0,1,0,0,0,0,-1,0,0,0,,0,,0,,0,0,0,1
1723801122,580,3,3,8,8,7.303,0,0,0.30 | 0.31 | 0.31,0,1.51 | 2.09 | 3.27,0,1.22 | 1.92 | 2.65,0.914,0.000,0,1,0,0,0,0,-1,0,0,0,,0,,0,,0,0,0,1
1723801122,580,3,3,8,8,7.303,0,0,0.30 | 0.31 | 0.31,0,1.51 | 2.09 | 3.27,0,1.22 | 1.92 | 2.65,0.914,0.000,0,1,0,0,0,0,-1,0,0,0,,0,,0,,0,0,0,1
1723801122,580,3,3,8,8,7.303,0,0,0.30 | 0.31 | 0.31,0,1.51 | 2.09 | 3.27,0,1.22 | 1.92 | 2.65,0.914,0.000,0,1,0,0,0,0,-1,0,0,0,,0,,0,,0,0,0,1
1723801122,580,3,3,8,8,7.303,0,0,0.30 | 0.31 | 0.31,0,1.51 | 2.09 | 3.27,0,1.22 | 1.92 | 2.65,0.914,0.000,0,1,0,0,0,0,-1,0,0,0,,0,,0,,0,0,0,1
1723801122,580,3,3,8,8,7.303,0,0,0.30 | 0.31 | 0.31,0,1.51 | 2.09 | 3.27,0,1.22 | 1.92 | 2.65,0.914,0.000,0,1,0,0,0,0,-1,0,0,0,,0,,0,,0,0,0,1
1723801122,580,3,3,8,8,7.303,0,0,0.30 | 0.31 | 0.31,0,1.51 | 2.09 | 3.27,0,1.22 | 1.92 | 2.65,0.914,0.000,0,1,0,0,0,0,-1,0,0,0,,0,,0,,0,0,0,1
1723801122,580,3,3,8,8,7.303,0,0,0.30 | 0.31 | 0.31,0,1.51 | 2.09 | 3.27,0,1.22 | 1.92 | 2.65,0.914,0.000,0,1,0,0,0,0,-1,0,0,0,,0,,0,,0,0,0,1
1723801122,580,3,3,8,8,7.303,0,0,0.30 | 0.31 | 0.31,0,1.51 | 2.09 | 3.27,0,1.22 | 1.92 | 2.65,0.914,0.000,0,1,0,0,0,0,-1,0,0,0,,0,,0,,0,0,0,1
1723801122,580,3,3,8,8,6.24,0,0,0.30 | 0.31 | 0.31,0,1.51 | 2.09 | 3.27,0,1.22 | 1.92 | 2.65,0.914,0.000,0,1,0,0,0,0,-1,0,0,0,,0,,0,,0,0,0,1
1723801122,580,3,3,8,8,6.24,0,0,0.30 | 0.31 | 0.31,0,1.51 | 2.09 | 3.27,0,1.22 | 1.92 | 2.65,0.914,0.000,0,1,0,0,0,0,-1,0,0,0,,0,,0,,0,0,0,1
1723801123,580,3,3,8,8,6.24,0,0,0.30 | 0.31 | 0.31,0,1.51 | 2.09 | 3.27,0,1.22 | 1.92 | 2.65,0.914,0.000,0,1,0,0,0,0,-1,0,0,0,,0,,0,,0,0,0,1
1723801123,580,3,3,8,8,6.24,0,0,0.30 | 0.31 | 0.31,0,1.51 | 2.09 | 3.27,0,1.22 | 1.92 | 2.65,0.914,0.000,0,1,0,0,0,0,-1,0,0,0,,0,,0,,0,0,0,1
1723801123,580,3,3,8,8,6.24,0,0,0.30 | 0.31 | 0.31,0,1.51 | 2.09 | 3.27,0,1.22 | 1.92 | 2.65,0.914,0.000,0,1,0,0,0,0,-1,0,0,0,,0,,0,,0,0,0,1
1723801123,580,3,3,8,8,6.24,0,0,0.30 | 0.31 | 0.31,0,1.51 | 2.09 | 3.27,0,1.22 | 1.92 | 2.65,0.914,0.000,0,1,0,0,0,0,-1,0,0,0,,0,,0,,0,0,0,1
1723801123,580,3,3,8,8,6.24,0,0,0.30 | 0.31 | 0.31,0,1.51 | 2.09 | 3.27,0,1.22 | 1.92 | 2.65,0.914,0.000,0,1,0,0,0,0,-1,0,0,0,,0,,0,,0,0,0,1
1723801123,580,3,3,8,8,6.24,0,0,0.30 | 0.31 | 0.31,0,1.51 | 2.09 | 3.27,0,1.22 | 1.92 | 2.65,0.914,0.000,0,1,0,0,0,0,-1,0,0,0,,0,,0,,0,0,0,1
1723801123,580,3,3,8,8,6.24,0,0,0.30 | 0.31 | 0.31,0,1.51 | 2.09 | 3.27,0,1.22 | 1.92 | 2.65,0.914,0.000,0,1,0,0,0,0,-1,0,0,0,,0,,0,,0,0,0,1
1723801123,387,3,2,8,8,6.24,0,0,0.30 | 0.31 | 0.31,0,1.51 | 2.09 | 3.27,0,1.22 | 1.92 | 2.65,0.914,0.000,0,1,0,0,0,0,-1,0,0,0,,0,,0,,0,0,0,1
1723801123,387,3,2,8,8,5.128,0,0,0.30 | 0.31 | 0.31,0,1.54 | 2.22 | 3.27,0,1.22 | 1.80 | 2.59,0.913,0.000,0,1,0,0,0,0,-1,0,0,0,,0,,0,,0,0,0,1
1723801123,387,3,2,8,8,5.128,0,0,0.30 | 0.31 | 0.31,0,1.54 | 2.22 | 3.27,0,1.22 | 1.80 | 2.59,0.913,0.000,0,1,0,0,0,0,-1,0,0,0,,0,,0,,0,0,0,1
1723801124,387,3,2,8,8,5.128,0,0,0.30 | 0.31 | 0.31,0,1.54 | 2.22 | 3.27,0,1.22 | 1.80 | 2.59,0.913,0.000,0,1,0,0,0,0,-1,0,0,0,,0,,0,,0,0,0,1
1723801124,387,3,2,8,8,5.128,0,0,0.30 | 0.31 | 0.31,0,1.54 | 2.22 | 3.27,0,1.22 | 1.80 | 2.59,0.913,0.000,0,1,0,0,0,0,-1,0,0,0,,0,,0,,0,0,0,1
1723801124,387,3,2,8,8,5.128,0,0,0.30 | 0.31 | 0.31,0,1.54 | 2.22 | 3.27,0,1.22 | 1.80 | 2.59,0.913,0.000,0,1,0,0,0,0,-1,0,0,0,,0,,0,,0,0,0,1
1723801124,387,3,2,8,8,5.128,0,0,0.30 | 0.31 | 0.31,0,1.54 | 2.22 | 3.27,0,1.22 | 1.80 | 2.59,0.913,0.000,0,1,0,0,0,0,-1,0,0,0,,0,,0,,0,0,0,1
1723801124,387,3,2,8,8,5.128,0,0,0.30 | 0.31 | 0.31,0,1.54 | 2.22 | 3.27,0,1.22 | 1.80 | 2.59,0.913,0.000,0,1,0,0,0,0,-1,0,0,0,,0,,0,,0,0,0,1
1723801124,387,3,2,8,8,5.128,0,0,0.30 | 0.31 | 0.31,0,1.54 | 2.22 | 3.27,0,1.22 | 1.80 | 2.59,0.913,0.000,0,1,0,0,0,0,-1,0,0,0,,0,,0,,0,0,0,1
1723801124,387,3,2,8,8,5.128,0,0,0.30 | 0.31 | 0.31,0,1.54 | 2.22 | 3.27,0,1.22 | 1.80 | 2.59,0.913,0.000,0,1,0,0,0,0,-1,0,0,0,,0,,0,,0,0,0,1
1723801124,387,3,2,8,8,5.128,0,0,0.30 | 0.31 | 0.31,0,1.54 | 2.22 | 3.27,0,1.22 | 1.80 | 2.59,0.913,0.000,0,1,0,0,0,0,-1,0,0,0,,0,,0,,0,0,0,1
1723801124,387,3,2,8,8,4.071,0,0,0.30 | 0.31 | 0.31,0,1.54 | 2.22 | 3.27,0,1.22 | 1.80 | 2.59,0.913,0.000,0,1,0,0,0,0,-1,0,0,0,,0,,0,,0,0,0,1
1723801124,387,3,2,8,8,4.071,0,0,0.30 | 0.31 | 0.31,0,1.54 | 2.22 | 3.27,0,1.22 | 1.80 | 2.59,0.913,0.000,0,1,0,0,0,0,-1,0,0,0,,0,,0,,0,0,0,1
1723801125,387,3,2,8,8,4.071,0,0,0.30 | 0.31 | 0.31,0,1.54 | 2.22 | 3.27,0,1.22 | 1.80 | 2.59,0.913,0.000,0,1,0,0,0,0,-1,0,0,0,,0,,0,,0,0,0,1
1723801125,387,3,2,8,8,4.071,0,0,0.30 | 0.31 | 0.31,0,1.54 | 2.22 | 3.27,0,1.22 | 1.80 | 2.59,0.913,0.000,0,1,0,0,0,0,-1,0,0,0,,0,,0,,0,0,0,1
1723801125,387,3,2,8,8,4.071,0,0,0.30 | 0.31 | 0.31,0,1.54 | 2.22 | 3.27,0,1.22 | 1.80 | 2.59,0.913,0.000,0,1,0,0,0,0,-1,0,0,0,,0,,0,,0,0,0,1
1723801125,387,3,2,8,8,4.071,0,0,0.30 | 0.31 | 0.31,0,1.54 | 2.22 | 3.27,0,1.22 | 1.80 | 2.59,0.913,0.000,0,1,0,0,0,0,-1,0,0,0,,0,,0,,0,0,0,1
1723801125,387,3,2,8,8,4.071,0,0,0.30 | 0.31 | 0.31,0,1.54 | 2.22 | 3.27,0,1.22 | 1.80 | 2.59,0.913,0.000,0,1,0,0,0,0,-1,0,0,0,,0,,0,,0,0,0,1
1723801125,387,3,2,8,8,4.071,0,0,0.30 | 0.31 | 0.31,0,1.54 | 2.22 | 3.27,0,1.22 | 1.80 | 2.59,0.913,0.000,0,1,0,0,0,0,-1,0,0,0,,0,,0,,0,0,0,1
1723801125,387,3,2,8,8,4.071,0,0,0.30 | 0.31 | 0.31,0,1.54 | 2.22 | 3.27,0,1.22 | 1.80 | 2.59,0.913,0.000,0,1,0,0,0,0,-1,0,0,0,,0,,0,,0,0,0,1
1723801125,387,3,2,8,8,4.071,0,0,0.30 | 0.31 | 0.31,0,1.54 | 2.22 | 3.27,0,1.22 | 1.80 | 2.59,0.913,0.000,0,1,0,0,0,0,-1,0,0,0,,0,,0,,0,0,0,1
1723801125,387,3,2,8,8,3.318,0,0,0.30 | 0.31 | 0.31,0,1.54 | 2.22 | 3.27,0,1.22 | 1.80 | 2.59,0.913,0.000,0,1,0,0,0,0,-1,0,0,0,,0,,0,,0,0,0,1
1723801125,387,3,2,8,8,3.318,0,0,0.30 | 0.31 | 0.31,0,1.54 | 2.22 | 3.27,0,1.22 | 1.80 | 2.59,0.913,0.000,0,1,0,0,0,0,-1,0,0,0,,0,,0,,0,0,0,1
1723801126,387,3,2,8,8,3.318,0,0,0.30 | 0.31 | 0.31,0,1.54 | 2.22 | 3.27,0,1.22 | 1.80 | 2.59,0.913,0.000,0,1,0,0,0,0,-1,0,0,0,,0,,0,,0,0,0,1
1723801126,387,3,2,8,8,3.318,0,0,0.30 | 0.31 | 0.31,0,1.54 | 2.22 | 3.27,0,1.22 | 1.80 | 2.59,0.913,0.000,0,1,0,0,0,0,-1,0,0,0,,0,,0,,0,0,0,1
1723801126,387,3,2,8,8,3.318,0,0,0.30 | 0.31 | 0.31,0,1.54 | 2.22 | 3.27,0,1.22 | 1.80 | 2.59,0.913,0.000,0,1,0,0,0,0,-1,0,0,0,,0,,0,,0,0,0,1
1723801126,387,3,2,8,8,3.318,0,0,0.30 | 0.31 | 0.31,0,1.54 | 2.22 | 3.27,0,1.22 | 1.80 | 2.59,0.913,0.000,0,1,0,0,0,0,-1,0,0,0,,0,,0,,0,0,0,1
1723801126,387,3,2,8,8,3.318,0,0,0.30 | 0.31 | 0.31,0,1.54 | 2.22 | 3.27,0,1.22 | 1.80 | 2.59,0.913,0.000,0,1,0,0,0,0,-1,0,0,0,,0,,0,,0,0,0,1
1723801126,387,3,2,8,8,3.318,0,0,0.30 | 0.31 | 0.31,0,1.54 | 2.22 | 3.27,0,1.22 | 1.80 | 2.59,0.913,0.000,0,1,0,0,0,0,-1,0,0,0,,0,,0,,0,0,0,1
1723801126,387,3,2,8,8,3.318,0,0,0.30 | 0.31 | 0.31,0,1.54 | 2.22 | 3.27,0,1.22 | 1.80 | 2.59,0.913,0.000,0,1,0,0,0,0,-1,0,0,0,,0,,0,,0,0,0,1
1723801126,387,3,2,8,8,3.318,0,0,0.30 | 0.31 | 0.31,0,1.54 | 2.22 | 3.27,0,1.22 | 1.80 | 2.59,0.913,0.000,0,1,0,0,0,0,-1,0,0,0,,0,,0,,0,0,0,1
1723801126,387,3,2,8,8,6.968,0,0,0.31 | 0.31 | 0.31,0,1.54 | 2.29 | 3.27,0,1.22 | 1.74 | 2.59,0.878,0.000,0,1,0,0,0,0,-1,0,0,0,,0,,0,,0,0,0,1
1723801126,387,3,2,8,8,6.968,0,0,0.31 | 0.31 | 0.31,0,1.54 | 2.29 | 3.27,0,1.22 | 1.74 | 2.59,0.878,0.000,0,1,0,0,0,0,-1,0,0,0,,0,,0,,0,0,0,1
1723801127,387,3,2,8,8,6.968,0,0,0.31 | 0.31 | 0.31,0,1.54 | 2.29 | 3.27,0,1.22 | 1.74 | 2.59,0.878,0.000,0,1,0,0,0,0,-1,0,0,0,,0,,0,,0,0,0,1
1723801127,387,3,2,8,8,6.968,0,0,0.31 | 0.31 | 0.31,0,1.54 | 2.29 | 3.27,0,1.22 | 1.74 | 2.59,0.878,0.000,0,1,0,0,0,0,-1,0,0,0,,0,,0,,0,0,0,1
1723801127,387,3,2,8,8,6.968,0,0,0.31 | 0.31 | 0.31,0,1.54 | 2.29 | 3.27,0,1.22 | 1.74 | 2.59,0.878,0.000,0,1,0,0,0,0,-1,0,0,0,,0,,0,,0,0,0,1
1723801127,387,3,2,8,8,6.968,0,0,0.31 | 0.31 | 0.31,0,1.54 | 2.29 | 3.27,0,1.22 | 1.74 | 2.59,0.878,0.000,0,1,0,0,0,0,-1,0,0,0,,0,,0,,0,0,0,1
1723801127,387,3,2,8,8,6.968,0,0,0.31 | 0.31 | 0.31,0,1.54 | 2.29 | 3.27,0,1.22 | 1.74 | 2.59,0.878,0.000,0,1,0,0,0,0,-1,0,0,0,,0,,0,,0,0,0,1
1723801127,387,3,2,8,8,6.968,0,0,0.31 | 0.31 | 0.31,0,1.54 | 2.29 | 3.27,0,1.22 | 1.74 | 2.59,0.878,0.000,0,1,0,0,0,0,-1,0,0,0,,0,,0,,0,0,0,1
1723801127,387,3,2,8,8,6.968,0,0,0.31 | 0.31 | 0.31,0,1.54 | 2.29 | 3.27,0,1.22 | 1.74 | 2.59,0.878,0.000,0,1,0,0,0,0,-1,0,0,0,,0,,0,,0,0,0,1
1723801127,387,3,2,8,8,6.968,0,0,0.31 | 0.31 | 0.31,0,1.54 | 2.29 | 3.27,0,1.22 | 1.74 | 2.59,0.878,0.000,0,1,0,0,0,0,-1,0,0,0,,0,,0,,0,0,0,1
1723801127,387,3,2,8,8,5.993,0,0,0.31 | 0.31 | 0.31,0,1.54 | 2.29 | 3.27,0,1.22 | 1.74 | 2.59,0.878,0.000,0,1,0,0,0,0,-1,0,0,0,,0,,0,,0,0,0,1
1723801127,387,3,2,8,8,5.993,0,0,0.31 | 0.31 | 0.31,0,1.54 | 2.29 | 3.27,0,1.22 | 1.74 | 2.59,0.878,0.000,0,1,0,0,0,0,-1,0,0,0,,0,,0,,0,0,0,1
1723801128,387,3,2,8,8,5.993,0,0,0.31 | 0.31 | 0.31,0,1.54 | 2.29 | 3.27,0,1.22 | 1.74 | 2.59,0.878,0.000,0,1,0,0,0,0,-1,0,0,0,,0,,0,,0,0,0,1
1723801128,387,3,2,8,8,5.993,0,0,0.31 | 0.31 | 0.31,0,1.54 | 2.29 | 3.27,0,1.22 | 1.74 | 2.59,0.878,0.000,0,1,0,0,0,0,-1,0,0,0,,0,,0,,0,0,0,1
1723801128,387,3,2,8,8,5.993,0,0,0.31 | 0.31 | 0.31,0,1.54 | 2.29 | 3.27,0,1.22 | 1.74 | 2.59,0.878,0.000,0,1,0,0,0,0,-1,0,0,0,,0,,0,,0,0,0,1
1723801128,387,3,2,8,8,5.993,0,0,0.31 | 0.31 | 0.31,0,1.54 | 2.29 | 3.27,0,1.22 | 1.74 | 2.59,0.878,0.000,0,1,0,0,0,0,-1,0,0,0,,0,,0,,0,0,0,1
1723801128,387,3,2,8,8,5.993,0,0,0.31 | 0.31 | 0.31,0,1.54 | 2.29 | 3.27,0,1.22 | 1.74 | 2.59,0.878,0.000,0,1,0,0,0,0,-1,0,0,0,,0,,0,,0,0,0,1
1723801128,387,3,2,8,8,5.993,0,0,0.31 | 0.31 | 0.31,0,1.54 | 2.29 | 3.27,0,1.22 | 1.74 | 2.59,0.878,0.000,0,1,0,0,0,0,-1,0,0,0,,0,,0,,0,0,0,1
1723801128,387,3,2,8,8,5.993,0,0,0.31 | 0.31 | 0.31,0,1.54 | 2.29 | 3.27,0,1.22 | 1.74 | 2.59,0.878,0.000,0,1,0,0,0,0,-1,0,0,0,,0,,0,,0,0,0,1
1723801128,387,3,2,8,8,5.993,0,0,0.31 | 0.31 | 0.31,0,1.54 | 2.29 | 3.27,0,1.22 | 1.74 | 2.59,0.878,0.000,0,1,0,0,0,0,-1,0,0,0,,0,,0,,0,0,0,1
1723801128,387,3,2,8,8,8.131,0,0,0.31 | 0.31 | 0.31,0,1.24 | 2.22 | 3.27,0,1.22 | 1.80 | 3.23,0.904,0.000,0,1,0,0,0,0,-1,0,0,0,,0,,0,,0,0,0,1
1723801128,387,3,2,8,8,8.131,0,0,0.31 | 0.31 | 0.31,0,1.24 | 2.22 | 3.27,0,1.22 | 1.80 | 3.23,0.904,0.000,0,1,0,0,0,0,-1,0,0,0,,0,,0,,0,0,0,1
1723801129,387,2,2,8,8,8.131,0,0,0.31 | 0.31 | 0.31,0,1.24 | 2.22 | 3.27,0,1.22 | 1.80 | 3.23,0.904,0.000,0,1,0,0,0,0,-1,0,0,0,,0,,0,,0,0,0,1
1723801129,387,2,2,8,8,8.131,0,0,0.31 | 0.31 | 0.31,0,1.24 | 2.22 | 3.27,0,1.22 | 1.80 | 3.23,0.904,0.000,0,1,0,0,0,0,-1,0,0,0,,0,,0,,0,0,0,1
1723801129,387,2,2,8,8,8.131,0,0,0.31 | 0.31 | 0.31,0,1.24 | 2.22 | 3.27,0,1.22 | 1.80 | 3.23,0.904,0.000,0,1,0,0,0,0,-1,0,0,0,,0,,0,,0,0,0,1
1723801129,387,2,2,8,8,8.131,0,0,0.31 | 0.31 | 0.31,0,1.24 | 2.22 | 3.27,0,1.22 | 1.80 | 3.23,0.904,0.000,0,1,0,0,0,0,-1,0,0,0,,0,,0,,0,0,0,1
1723801129,387,2,2,8,8,8.131,0,0,0.31 | 0.31 | 0.31,0,1.24 | 2.22 | 3.27,0,1.22 | 1.80 | 3.23,0.904,0.000,0,1,0,0,0,0,-1,0,0,0,,0,,0,,0,0,0,1
1723801129,387,2,2,8,8,8.131,0,0,0.31 | 0.31 | 0.31,0,1.24 | 2.22 | 3.27,0,1.22 | 1.80 | 3.23,0.904,0.000,0,1,0,0,0,0,-1,0,0,0,,0,,0,,0,0,0,1
1723801129,387,2,2,8,8,8.131,0,0,0.31 | 0.31 | 0.31,0,1.24 | 2.22 | 3.27,0,1.22 | 1.80 | 3.23,0.904,0.000,0,1,0,0,0,0,-1,0,0,0,,0,,0,,0,0,0,1
1723801129,387,2,2,8,8,8.131,0,0,0.31 | 0.31 | 0.31,0,1.24 | 2.22 | 3.27,0,1.22 | 1.80 | 3.23,0.904,0.000,0,1,0,0,0,0,-1,0,0,0,,0,,0,,0,0,0,1
1723801129,387,2,2,8,8,7.068,0,0,0.31 | 0.31 | 0.31,0,1.24 | 2.22 | 3.27,0,1.22 | 1.80 | 3.23,0.904,0.000,0,1,0,0,0,0,-1,0,0,0,,0,,0,,0,0,0,1
1723801129,387,2,2,8,8,7.068,0,0,0.31 | 0.31 | 0.31,0,1.24 | 2.22 | 3.27,0,1.22 | 1.80 | 3.23,0.904,0.000,0,1,0,0,0,0,-1,0,0,0,,0,,0,,0,0,0,1
1723801130,387,2,2,8,8,7.068,0,0,0.31 | 0.31 | 0.31,0,1.24 | 2.22 | 3.27,0,1.22 | 1.80 | 3.23,0.904,0.000,0,1,0,0,0,0,-1,0,0,0,,0,,0,,0,0,0,1
1723801130,387,2,2,8,8,7.068,0,0,0.31 | 0.31 | 0.31,0,1.24 | 2.22 | 3.27,0,1.22 | 1.80 | 3.23,0.904,0.000,0,1,0,0,0,0,-1,0,0,0,,0,,0,,0,0,0,1
1723801130,387,2,2,8,8,7.068,0,0,0.31 | 0.31 | 0.31,0,1.24 | 2.22 | 3.27,0,1.22 | 1.80 | 3.23,0.904,0.000,0,1,0,0,0,0,-1,0,0,0,,0,,0,,0,0,0,1
1723801130,387,2,2,8,8,7.068,0,0,0.31 | 0.31 | 0.31,0,1.24 | 2.22 | 3.27,0,1.22 | 1.80 | 3.23,0.904,0.000,0,1,0,0,0,0,-1,0,0,0,,0,,0,,0,0,0,1
1723801130,387,2,2,8,8,7.068,0,0,0.31 | 0.31 | 0.31,0,1.24 | 2.22 | 3.27,0,1.22 | 1.80 | 3.23,0.904,0.000,0,1,0,0,0,0,-1,0,0,0,,0,,0,,0,0,0,1
1723801130,387,2,2,8,8,7.068,0,0,0.31 | 0.31 | 0.31,0,1.24 | 2.22 | 3.27,0,1.22 | 1.80 | 3.23,0.904,0.000,0,1,0,0,0,0,-1,0,0,0,,0,,0,,0,0,0,1
1723801130,387,2,2,8,8,7.068,0,0,0.31 | 0.31 | 0.31,0,1.24 | 2.22 | 3.27,0,1.22 | 1.80 | 3.23,0.904,0.000,0,1,0,0,0,0,-1,0,0,0,,0,,0,,0,0,0,1
1723801130,387,2,2,8,8,7.068,0,0,0.31 | 0.31 | 0.31,0,1.24 | 2.22 | 3.27,0,1.22 | 1.80 | 3.23,0.904,0.000,0,1,0,0,0,0,-1,0,0,0,,0,,0,,0,0,0,1
1723801130,387,2,2,8,8,11.071,0,0,0.30 | 0.31 | 0.31,0,1.24 | 1.82 | 2.32,0,1.72 | 2.20 | 3.23,0.921,0.000,0,1,0,0,0,0,-1,0,0,0,,0,,0,,0,0,0,1
1723801130,387,2,2,8,8,11.071,0,0,0.30 | 0.31 | 0.31,0,1.24 | 1.82 | 2.32,0,1.72 | 2.20 | 3.23,0.921,0.000,0,1,0,0,0,0,-1,0,0,0,,0,,0,,0,0,0,1
1723801131,387,2,2,8,8,11.071,0,0,0.30 | 0.31 | 0.31,0,1.24 | 1.82 | 2.32,0,1.72 | 2.20 | 3.23,0.921,0.000,0,1,0,0,0,0,-1,0,0,0,,0,,0,,0,0,0,1
1723801131,387,2,2,8,8,11.071,0,0,0.30 | 0.31 | 0.31,0,1.24 | 1.82 | 2.32,0,1.72 | 2.20 | 3.23,0.921,0.000,0,1,0,0,0,0,-1,0,0,0,,0,,0,,0,0,0,1
1723801131,387,2,2,8,8,11.071,0,0,0.30 | 0.31 | 0.31,0,1.24 | 1.82 | 2.32,0,1.72 | 2.20 | 3.23,0.921,0.000,0,1,0,0,0,0,-1,0,0,0,,0,,0,,0,0,0,1
1723801131,387,2,2,8,8,11.071,0,0,0.30 | 0.31 | 0.31,0,1.24 | 1.82 | 2.32,0,1.72 | 2.20 | 3.23,0.921,0.000,0,1,0,0,0,0,-1,0,0,0,,0,,0,,0,0,0,1
1723801131,387,2,2,8,8,11.071,0,0,0.30 | 0.31 | 0.31,0,1.24 | 1.82 | 2.32,0,1.72 | 2.20 | 3.23,0.921,0.000,0,1,0,0,0,0,-1,0,0,0,,0,,0,,0,0,0,1
1723801131,387,2,2,8,8,11.071,0,0,0.30 | 0.31 | 0.31,0,1.24 | 1.82 | 2.32,0,1.72 | 2.20 | 3.23,0.921,0.000,0,1,0,0,0,0,-1,0,0,0,,0,,0,,0,0,0,1
1723801131,387,2,2,8,8,11.071,0,0,0.30 | 0.31 | 0.31,0,1.24 | 1.82 | 2.32,0,1.72 | 2.20 | 3.23,0.921,0.000,0,1,0,0,0,0,-1,0,0,0,,0,,0,,0,0,0,1
1723801131,387,2,2,8,8,11.071,0,0,0.30 | 0.31 | 0.31,0,1.24 | 1.82 | 2.32,0,1.72 | 2.20 | 3.23,0.921,0.000,0,1,0,0,0,0,-1,0,0,0,,0,,0,,0,0,0,1
1723801131,387,2,2,8,8,10.009,0,0,0.30 | 0.31 | 0.31,0,1.24 | 1.82 | 2.32,0,1.72 | 2.20 | 3.23,0.921,0.000,0,1,0,0,0,0,-1,0,0,0,,0,,0,,0,0,0,1
1723801131,387,2,2,8,8,10.009,0,0,0.30 | 0.31 | 0.31,0,1.24 | 1.82 | 2.32,0,1.72 | 2.20 | 3.23,0.921,0.000,0,1,0,0,0,0,-1,0,0,0,,0,,0,,0,0,0,1
1723801132,387,2,2,8,8,10.009,0,0,0.30 | 0.31 | 0.31,0,1.24 | 1.82 | 2.32,0,1.72 | 2.20 | 3.23,0.921,0.000,0,1,0,0,0,0,-1,0,0,0,,0,,0,,0,0,0,1
1723801132,387,2,2,8,8,10.009,0,0,0.30 | 0.31 | 0.31,0,1.24 | 1.82 | 2.32,0,1.72 | 2.20 | 3.23,0.921,0.000,0,1,0,0,0,0,-1,0,0,0,,0,,0,,0,0,0,1
1723801132,387,2,2,8,8,10.009,0,0,0.30 | 0.31 | 0.31,0,1.24 | 1.82 | 2.32,0,1.72 | 2.20 | 3.23,0.921,0.000,0,1,0,0,0,0,-1,0,0,0,,0,,0,,0,0,0,1
1723801132,387,2,2,8,8,10.009,0,0,0.30 | 0.31 | 0.31,0,1.24 | 1.82 | 2.32,0,1.72 | 2.20 | 3.23,0.921,0.000,0,1,0,0,0,0,-1,0,0,0,,0,,0,,0,0,0,1
1723801132,387,2,2,8,8,10.009,0,0,0.30 | 0.31 | 0.31,0,1.24 | 1.82 | 2.32,0,1.72 | 2.20 | 3.23,0.921,0.000,0,1,0,0,0,0,-1,0,0,0,,0,,0,,0,0,0,1
1723801132,387,2,2,8,8,10.009,0,0,0.30 | 0.31 | 0.31,0,1.24 | 1.82 | 2.32,0,1.72 | 2.20 | 3.23,0.921,0.000,0,1,0,0,0,0,-1,0,0,0,,0,,0,,0,0,0,1
1723801132,387,2,2,8,8,10.009,0,0,0.30 | 0.31 | 0.31,0,1.24 | 1.82 | 2.32,0,1.72 | 2.20 | 3.23,0.921,0.000,0,1,0,0,0,0,-1,0,0,0,,0,,0,,0,0,0,1
1723801132,387,2,2,8,8,10.009,0,0,0.30 | 0.31 | 0.31,0,1.24 | 1.82 | 2.32,0,1.72 | 2.20 | 3.23,0.921,0.000,0,1,0,0,0,0,-1,0,0,0,,0,,0,,0,0,0,1
1723801132,387,2,2,8,8,12.146,0,0,0.30 | 0.31 | 0.31,0,1.24 | 1.75 | 2.32,0,1.72 | 2.29 | 3.23,0.880,0.000,0,1,0,0,0,0,-1,0,0,0,,0,,0,,0,0,0,1
1723801132,387,2,2,8,8,12.146,0,0,0.30 | 0.31 | 0.31,0,1.24 | 1.75 | 2.32,0,1.72 | 2.29 | 3.23,0.880,0.000,0,1,0,0,0,0,-1,0,0,0,,0,,0,,0,0,0,1
1723801133,387,2,2,8,8,12.146,0,0,0.30 | 0.31 | 0.31,0,1.24 | 1.75 | 2.32,0,1.72 | 2.29 | 3.23,0.880,0.000,0,1,0,0,0,0,-1,0,0,0,,0,,0,,0,0,0,1
1723801133,387,2,2,8,8,12.146,0,0,0.30 | 0.31 | 0.31,0,1.24 | 1.75 | 2.32,0,1.72 | 2.29 | 3.23,0.880,0.000,0,1,0,0,0,0,-1,0,0,0,,0,,0,,0,0,0,1
1723801133,387,2,2,8,8,12.146,0,0,0.30 | 0.31 | 0.31,0,1.24 | 1.75 | 2.32,0,1.72 | 2.29 | 3.23,0.880,0.000,0,1,0,0,0,0,-1,0,0,0,,0,,0,,0,0,0,1
1723801133,387,2,2,8,8,12.146,0,0,0.30 | 0.31 | 0.31,0,1.24 | 1.75 | 2.32,0,1.72 | 2.29 | 3.23,0.880,0.000,0,1,0,0,0,0,-1,0,0,0,,0,,0,,0,0,0,1
1723801133,387,2,2,8,8,12.146,0,0,0.30 | 0.31 | 0.31,0,1.24 | 1.75 | 2.32,0,1.72 | 2.29 | 3.23,0.880,0.000,0,1,0,0,0,0,-1,0,0,0,,0,,0,,0,0,0,1
1723801133,387,2,2,8,8,12.146,0,0,0.30 | 0.31 | 0.31,0,1.24 | 1.75 | 2.32,0,1.72 | 2.29 | 3.23,0.880,0.000,0,1,0,0,0,0,-1,0,0,0,,0,,0,,0,0,0,1
1723801133,387,2,2,8,8,12.146,0,0,0.30 | 0.31 | 0.31,0,1.24 | 1.75 | 2.32,0,1.72 | 2.29 | 3.23,0.880,0.000,0,1,0,0,0,0,-1,0,0,0,,0,,0,,0,0,0,1
1723801133,387,2,2,8,8,12.146,0,0,0.30 | 0.31 | 0.31,0,1.24 | 1.75 | 2.32,0,1.72 | 2.29 | 3.23,0.880,0.000,0,1,0,0,0,0,-1,0,0,0,,0,,0,,0,0,0,1
1723801133,387,2,2,8,8,11.084,0,0,0.30 | 0.31 | 0.31,0,1.24 | 1.75 | 2.32,0,1.72 | 2.29 | 3.23,0.880,0.000,0,1,0,0,0,0,-1,0,0,0,,0,,0,,0,0,0,1
1723801133,387,2,2,8,8,11.084,0,0,0.30 | 0.31 | 0.31,0,1.24 | 1.75 | 2.32,0,1.72 | 2.29 | 3.23,0.880,0.000,0,1,0,0,0,0,-1,0,0,0,,0,,0,,0,0,0,1
1723801134,387,2,2,8,8,11.084,0,0,0.30 | 0.31 | 0.31,0,1.24 | 1.75 | 2.32,0,1.72 | 2.29 | 3.23,0.880,0.000,0,1,0,0,0,0,-1,0,0,0,,0,,0,,0,0,0,1
1723801134,387,2,2,8,8,11.084,0,0,0.30 | 0.31 | 0.31,0,1.24 | 1.75 | 2.32,0,1.72 | 2.29 | 3.23,0.880,0.000,0,1,0,0,0,0,-1,0,0,0,,0,,0,,0,0,0,1
1723801134,387,2,2,8,8,11.084,0,0,0.30 | 0.31 | 0.31,0,1.24 | 1.75 | 2.32,0,1.72 | 2.29 | 3.23,0.880,0.000,0,1,0,0,0,0,-1,0,0,0,,0,,0,,0,0,0,1
1723801134,387,2,2,8,8,11.084,0,0,0.30 | 0.31 | 0.31,0,1.24 | 1.75 | 2.32,0,1.72 | 2.29 | 3.23,0.880,0.000,0,1,0,0,0,0,-1,0,0,0,,0,,0,,0,0,0,1
1723801134,387,2,2,8,8,11.084,0,0,0.30 | 0.31 | 0.31,0,1.24 | 1.75 | 2.32,0,1.72 | 2.29 | 3.23,0.880,0.000,0,1,0,0,0,0,-1,0,0,0,,0,,0,,0,0,0,1
1723801134,387,2,2,8,8,11.084,0,0,0.30 | 0.31 | 0.31,0,1.24 | 1.75 | 2.32,0,1.72 | 2.29 | 3.23,0.880,0.000,0,1,0,0,0,0,-1,0,0,0,,0,,0,,0,0,0,1
1723801134,387,2,2,8,8,11.084,0,0,0.30 | 0.31 | 0.31,0,1.24 | 1.75 | 2.32,0,1.72 | 2.29 | 3.23,0.880,0.000,0,1,0,0,0,0,-1,0,0,0,,0,,0,,0,0,0,1
1723801134,387,2,2,8,8,11.084,0,0,0.30 | 0.31 | 0.31,0,1.24 | 1.75 | 2.32,0,1.72 | 2.29 | 3.23,0.880,0.000,0,1,0,0,0,0,-1,0,0,0,,0,,0,,0,0,0,1
1723801134,387,2,2,8,8,10.071,0,0,0.30 | 0.31 | 0.31,0,1.24 | 1.75 | 2.32,0,1.72 | 2.29 | 3.23,0.880,0.000,0,1,0,0,0,0,-1,0,0,0,,0,,0,,0,0,0,1
1723801134,387,2,2,8,8,10.071,0,0,0.30 | 0.31 | 0.31,0,1.24 | 1.75 | 2.32,0,1.72 | 2.29 | 3.23,0.880,0.000,0,1,0,0,0,0,-1,0,0,0,,0,,0,,0,0,0,1
1723801135,387,2,2,8,8,10.071,0,0,0.30 | 0.31 | 0.31,0,1.24 | 1.75 | 2.32,0,1.72 | 2.29 | 3.23,0.880,0.000,0,1,0,0,0,0,-1,0,0,0,,0,,0,,0,0,0,1
1723801135,387,2,2,8,8,10.071,0,0,0.30 | 0.31 | 0.31,0,1.24 | 1.75 | 2.32,0,1.72 | 2.29 | 3.23,0.880,0.000,0,1,0,0,0,0,-1,0,0,0,,0,,0,,0,0,0,1
1723801135,387,2,2,8,8,10.071,0,0,0.30 | 0.31 | 0.31,0,1.24 | 1.75 | 2.32,0,1.72 | 2.29 | 3.23,0.880,0.000,0,1,0,0,0,0,-1,0,0,0,,0,,0,,0,0,0,1
1723801135,387,2,2,8,8,10.071,0,0,0.30 | 0.31 | 0.31,0,1.24 | 1.75 | 2.32,0,1.72 | 2.29 | 3.23,0.880,0.000,0,1,0,0,0,0,-1,0,0,0,,0,,0,,0,0,0,1
1723801135,387,2,2,8,8,10.071,0,0,0.30 | 0.31 | 0.31,0,1.24 | 1.75 | 2.32,0,1.72 | 2.29 | 3.23,0.880,0.000,0,1,0,0,0,0,-1,0,0,0,,0,,0,,0,0,0,1
1723801135,387,2,2,8,8,10.071,0,0,0.30 | 0.31 | 0.31,0,1.24 | 1.75 | 2.32,0,1.72 | 2.29 | 3.23,0.880,0.000,0,1,0,0,0,0,-1,0,0,0,,0,,0,,0,0,0,1
1723801135,387,2,2,8,8,10.071,0,0,0.30 | 0.31 | 0.31,0,1.24 | 1.75 | 2.32,0,1.72 | 2.29 | 3.23,0.880,0.000,0,1,0,0,0,0,-1,0,0,0,,0,,0,,0,0,0,1
1723801135,387,2,2,8,8,10.071,0,0,0.30 | 0.31 | 0.31,0,1.24 | 1.75 | 2.32,0,1.72 | 2.29 | 3.23,0.880,0.000,0,1,0,0,0,0,-1,0,0,0,,0,,0,,0,0,0,1
1723801135,387,2,2,8,8,9.224,0,0,0.30 | 0.31 | 0.31,0,1.24 | 1.75 | 2.32,0,1.72 | 2.29 | 3.23,0.880,0.000,0,1,0,0,0,0,-1,0,0,0,,0,,0,,0,0,0,1
1723801135,387,2,2,8,8,9.224,0,0,0.30 | 0.31 | 0.31,0,1.24 | 1.75 | 2.32,0,1.72 | 2.29 | 3.23,0.880,0.000,0,1,0,0,0,0,-1,0,0,0,,0,,0,,0,0,0,1
1723801136,387,2,2,8,8,9.224,0,0,0.30 | 0.31 | 0.31,0,1.24 | 1.75 | 2.32,0,1.72 | 2.29 | 3.23,0.880,0.000,0,1,0,0,0,0,-1,0,0,0,,0,,0,,0,0,0,1
1723801136,387,2,2,8,8,9.224,0,0,0.30 | 0.31 | 0.31,0,1.24 | 1.75 | 2.32,0,1.72 | 2.29 | 3.23,0.880,0.000,0,1,0,0,0,0,-1,0,0,0,,0,,0,,0,0,0,1
1723801136,387,2,2,8,8,9.224,0,0,0.30 | 0.31 | 0.31,0,1.24 | 1.75 | 2.32,0,1.72 | 2.29 | 3.23,0.880,0.000,0,1,0,0,0,0,-1,0,0,0,,0,,0,,0,0,0,1
1723801136,387,2,2,8,8,9.224,0,0,0.30 | 0.31 | 0.31,0,1.24 | 1.75 | 2.32,0,1.72 | 2.29 | 3.23,0.880,0.000,0,1,0,0,0,0,-1,0,0,0,,0,,0,,0,0,0,1
1723801136,387,2,2,8,8,9.224,0,0,0.30 | 0.31 | 0.31,0,1.24 | 1.75 | 2.32,0,1.72 | 2.29 | 3.23,0.880,0.000,0,1,0,0,0,0,-1,0,0,0,,0,,0,,0,0,0,1
1723801136,387,2,2,8,8,9.224,0,0,0.30 | 0.31 | 0.31,0,1.24 | 1.75 | 2.32,0,1.72 | 2.29 | 3.23,0.880,0.000,0,1,0,0,0,0,-1,0,0,0,,0,,0,,0,0,0,1
1723801136,387,2,2,8,8,9.224,0,0,0.30 | 0.31 | 0.31,0,1.24 | 1.75 | 2.32,0,1.72 | 2.29 | 3.23,0.880,0.000,0,1,0,0,0,0,-1,0,0,0,,0,,0,,0,0,0,1
1723801136,387,2,2,8,8,9.224,0,0,0.30 | 0.31 | 0.31,0,1.24 | 1.75 | 2.32,0,1.72 | 2.29 | 3.23,0.880,0.000,0,1,0,0,0,0,-1,0,0,0,,0,,0,,0,0,0,1
1723801136,387,2,2,8,8,12.962,0,0,0.30 | 0.31 | 0.31,0,1.24 | 1.74 | 2.31,0,1.73 | 2.29 | 3.23,0.893,0.000,0,1,0,0,0,0,-1,0,0,0,,0,,0,,0,0,0,1
1723801136,387,2,2,8,8,12.962,0,0,0.30 | 0.31 | 0.31,0,1.24 | 1.74 | 2.31,0,1.73 | 2.29 | 3.23,0.893,0.000,0,1,0,0,0,0,-1,0,0,0,,0,,0,,0,0,0,1
1723801137,387,2,2,8,8,12.962,0,0,0.30 | 0.31 | 0.31,0,1.24 | 1.74 | 2.31,0,1.73 | 2.29 | 3.23,0.893,0.000,0,1,0,0,0,0,-1,0,0,0,,0,,0,,0,0,0,1
1723801137,387,2,2,8,8,12.962,0,0,0.30 | 0.31 | 0.31,0,1.24 | 1.74 | 2.31,0,1.73 | 2.29 | 3.23,0.893,0.000,0,1,0,0,0,0,-1,0,0,0,,0,,0,,0,0,0,1
1723801137,387,2,2,8,8,12.962,0,0,0.30 | 0.31 | 0.31,0,1.24 | 1.74 | 2.31,0,1.73 | 2.29 | 3.23,0.893,0.000,0,1,0,0,0,0,-1,0,0,0,,0,,0,,0,0,0,1
1723801137,387,2,2,8,8,12.962,0,0,0.30 | 0.31 | 0.31,0,1.24 | 1.74 | 2.31,0,1.73 | 2.29 | 3.23,0.893,0.000,0,1,0,0,0,0,-1,0,0,0,,0,,0,,0,0,0,1
1723801137,387,2,2,8,8,12.962,0,0,0.30 | 0.31 | 0.31,0,1.24 | 1.74 | 2.31,0,1.73 | 2.29 | 3.23,0.893,0.000,0,1,0,0,0,0,-1,0,0,0,,0,,0,,0,0,0,1
1723801137,387,2,2,8,8,12.962,0,0,0.30 | 0.31 | 0.31,0,1.24 | 1.74 | 2.31,0,1.73 | 2.29 | 3.23,0.893,0.000,0,1,0,0,0,0,-1,0,0,0,,0,,0,,0,0,0,1
1723801137,387,2,2,8,8,12.962,0,0,0.30 | 0.31 | 0.31,0,1.24 | 1.74 | 2.31,0,1.73 | 2.29 | 3.23,0.893,0.000,0,1,0,0,0,0,-1,0,0,0,,0,,0,,0,0,0,1
1723801137,387,2,2,8,8,12.962,0,0,0.30 | 0.31 | 0.31,0,1.24 | 1.74 | 2.31,0,1.73 | 2.29 | 3.23,0.893,0.000,0,1,0,0,0,0,-1,0,0,0,,0,,0,,0,0,0,1
1723801137,387,2,2,8,8,11.899,0,0,0.30 | 0.31 | 0.31,0,1.24 | 1.74 | 2.31,0,1.73 | 2.29 | 3.23,0.893,0.000,0,1,0,0,0,0,-1,0,0,0,,0,,0,,0,0,0,1
1723801137,387,2,2,8,8,11.899,0,0,0.30 | 0.31 | 0.31,0,1.24 | 1.74 | 2.31,0,1.73 | 2.29 | 3.23,0.893,0.000,0,1,0,0,0,0,-1,0,0,0,,0,,0,,0,0,0,1
1723801138,387,2,2,8,8,11.899,0,0,0.30 | 0.31 | 0.31,0,1.24 | 1.74 | 2.31,0,1.73 | 2.29 | 3.23,0.893,0.000,0,1,0,0,0,0,-1,0,0,0,,0,,0,,0,0,0,1
1723801138,387,2,2,8,8,11.899,0,0,0.30 | 0.31 | 0.31,0,1.24 | 1.74 | 2.31,0,1.73 | 2.29 | 3.23,0.893,0.000,0,1,0,0,0,0,-1,0,0,0,,0,,0,,0,0,0,1
1723801138,387,2,2,8,8,11.899,0,0,0.30 | 0.31 | 0.31,0,1.24 | 1.74 | 2.31,0,1.73 | 2.29 | 3.23,0.893,0.000,0,1,0,0,0,0,-1,0,0,0,,0,,0,,0,0,0,1
1723801138,387,2,2,8,8,11.899,0,0,0.30 | 0.31 | 0.31,0,1.24 | 1.74 | 2.31,0,1.73 | 2.29 | 3.23,0.893,0.000,0,1,0,0,0,0,-1,0,0,0,,0,,0,,0,0,0,1
1723801138,387,2,2,8,8,11.899,0,0,0.30 | 0.31 | 0.31,0,1.24 | 1.74 | 2.31,0,1.73 | 2.29 | 3.23,0.893,0.000,0,1,0,0,0,0,-1,0,0,0,,0,,0,,0,0,0,1
1723801138,387,2,2,8,8,11.899,0,0,0.30 | 0.31 | 0.31,0,1.24 | 1.74 | 2.31,0,1.73 | 2.29 | 3.23,0.893,0.000,0,1,0,0,0,0,-1,0,0,0,,0,,0,,0,0,0,1
1723801138,387,2,2,8,8,11.899,0,0,0.30 | 0.31 | 0.31,0,1.24 | 1.74 | 2.31,0,1.73 | 2.29 | 3.23,0.893,0.000,0,1,0,0,0,0,-1,0,0,0,,0,,0,,0,0,0,1
1723801138,387,2,2,8,8,11.899,0,0,0.30 | 0.31 | 0.31,0,1.24 | 1.74 | 2.31,0,1.73 | 2.29 | 3.23,0.893,0.000,0,1,0,0,0,0,-1,0,0,0,,0,,0,,0,0,0,1
1723801138,387,2,2,8,8,11.102,0,0,0.30 | 0.31 | 0.31,0,1.24 | 1.74 | 2.31,0,1.73 | 2.29 | 3.23,0.893,0.000,0,1,0,0,0,0,-1,0,0,0,,0,,0,,0,0,0,1
1723801138,387,2,2,8,8,11.102,0,0,0.30 | 0.31 | 0.31,0,1.24 | 1.74 | 2.31,0,1.73 | 2.29 | 3.23,0.893,0.000,0,1,0,0,0,0,-1,0,0,0,,0,,0,,0,0,0,1
1723801139,387,2,2,8,8,11.102,0,0,0.30 | 0.31 | 0.31,0,1.24 | 1.74 | 2.31,0,1.73 | 2.29 | 3.23,0.893,0.000,0,1,0,0,0,0,-1,0,0,0,,0,,0,,0,0,0,1
1723801139,387,2,2,8,8,11.102,0,0,0.30 | 0.31 | 0.31,0,1.24 | 1.74 | 2.31,0,1.73 | 2.29 | 3.23,0.893,0.000,0,1,0,0,0,0,-1,0,0,0,,0,,0,,0,0,0,1
1723801139,387,2,2,8,8,11.102,0,0,0.30 | 0.31 | 0.31,0,1.24 | 1.74 | 2.31,0,1.73 | 2.29 | 3.23,0.893,0.000,0,1,0,0,0,0,-1,0,0,0,,0,,0,,0,0,0,1
1723801139,387,2,2,8,8,11.102,0,0,0.30 | 0.31 | 0.31,0,1.24 | 1.74 | 2.31,0,1.73 | 2.29 | 3.23,0.893,0.000,0,1,0,0,0,0,-1,0,0,0,,0,,0,,0,0,0,1
1723801139,387,2,2,8,8,11.102,0,0,0.30 | 0.31 | 0.31,0,1.24 | 1.74 | 2.31,0,1.73 | 2.29 | 3.23,0.893,0.000,0,1,0,0,0,0,-1,0,0,0,,0,,0,,0,0,0,1
1723801139,387,2,2,8,8,11.102,0,0,0.30 | 0.31 | 0.31,0,1.24 | 1.74 | 2.31,0,1.73 | 2.29 | 3.23,0.893,0.000,0,1,0,0,0,0,-1,0,0,0,,0,,0,,0,0,0,1
1723801139,387,2,2,8,8,11.102,0,0,0.30 | 0.31 | 0.31,0,1.24 | 1.74 | 2.31,0,1.73 | 2.29 | 3.23,0.893,0.000,0,1,0,0,0,0,-1,0,0,0,,0,,0,,0,0,0,1
1723801139,387,2,2,8,8,11.102,0,0,0.30 | 0.31 | 0.31,0,1.24 | 1.74 | 2.31,0,1.73 | 2.29 | 3.23,0.893,0.000,0,1,0,0,0,0,-1,0,0,0,,0,,0,,0,0,0,1
1723801139,387,2,2,8,8,13.221,0,0,0.30 | 0.31 | 0.31,0,1.42 | 1.79 | 2.31,0,1.73 | 2.23 | 2.81,0.893,0.000,0,1,0,0,0,0,-1,0,0,0,,0,,0,,0,0,0,1
1723801139,387,2,2,8,8,13.221,0,0,0.30 | 0.31 | 0.31,0,1.42 | 1.79 | 2.31,0,1.73 | 2.23 | 2.81,0.893,0.000,0,1,0,0,0,0,-1,0,0,0,,0,,0,,0,0,0,1
1723801140,387,2,2,8,8,13.221,0,0,0.30 | 0.31 | 0.31,0,1.42 | 1.79 | 2.31,0,1.73 | 2.23 | 2.81,0.893,0.000,0,1,0,0,0,0,-1,0,0,0,,0,,0,,0,0,0,1
1723801140,387,2,2,8,8,13.221,0,0,0.30 | 0.31 | 0.31,0,1.42 | 1.79 | 2.31,0,1.73 | 2.23 | 2.81,0.893,0.000,0,1,0,0,0,0,-1,0,0,0,,0,,0,,0,0,0,1
1723801140,387,2,2,8,8,13.221,0,0,0.30 | 0.31 | 0.31,0,1.42 | 1.79 | 2.31,0,1.73 | 2.23 | 2.81,0.893,0.000,0,1,0,0,0,0,-1,0,0,0,,0,,0,,0,0,0,1
1723801140,387,2,2,8,8,13.221,0,0,0.30 | 0.31 | 0.31,0,1.42 | 1.79 | 2.31,0,1.73 | 2.23 | 2.81,0.893,0.000,0,1,0,0,0,0,-1,0,0,0,,0,,0,,0,0,0,1
1723801140,387,2,2,8,8,13.221,0,0,0.30 | 0.31 | 0.31,0,1.42 | 1.79 | 2.31,0,1.73 | 2.23 | 2.81,0.893,0.000,0,1,0,0,0,0,-1,0,0,0,,0,,0,,0,0,0,1
1723801140,387,2,2,8,8,13.221,0,0,0.30 | 0.31 | 0.31,0,1.42 | 1.79 | 2.31,0,1.73 | 2.23 | 2.81,0.893,0.000,0,1,0,0,0,0,-1,0,0,0,,0,,0,,0,0,0,1
1723801140,387,2,2,8,8,13.221,0,0,0.30 | 0.31 | 0.31,0,1.42 | 1.79 | 2.31,0,1.73 | 2.23 | 2.81,0.893,0.000,0,1,0,0,0,0,-1,0,0,0,,0,,0,,0,0,0,1
1723801140,387,2,2,8,8,13.221,0,0,0.30 | 0.31 | 0.31,0,1.42 | 1.79 | 2.31,0,1.73 | 2.23 | 2.81,0.893,0.000,0,1,0,0,0,0,-1,0,0,0,,0,,0,,0,0,0,1
1723801140,387,2,2,8,8,12.178,0,0,0.30 | 0.31 | 0.31,0,1.42 | 1.79 | 2.31,0,1.73 | 2.23 | 2.81,0.893,0.000,0,1,0,0,0,0,-1,0,0,0,,0,,0,,0,0,0,1
1723801140,387,2,2,8,8,12.178,0,0,0.30 | 0.31 | 0.31,0,1.42 | 1.79 | 2.31,0,1.73 | 2.23 | 2.81,0.893,0.000,0,1,0,0,0,0,-1,0,0,0,,0,,0,,0,0,0,1
1723801141,387,2,2,8,8,12.178,0,0,0.30 | 0.31 | 0.31,0,1.42 | 1.79 | 2.31,0,1.73 | 2.23 | 2.81,0.893,0.000,0,1,0,0,0,0,-1,0,0,0,,0,,0,,0,0,0,1
1723801141,387,2,2,8,8,12.178,0,0,0.30 | 0.31 | 0.31,0,1.42 | 1.79 | 2.31,0,1.73 | 2.23 | 2.81,0.893,0.000,0,1,0,0,0,0,-1,0,0,0,,0,,0,,0,0,0,1
1723801141,387,2,2,8,8,12.178,0,0,0.30 | 0.31 | 0.31,0,1.42 | 1.79 | 2.31,0,1.73 | 2.23 | 2.81,0.893,0.000,0,1,0,0,0,0,-1,0,0,0,,0,,0,,0,0,0,1
1723801141,387,2,2,8,8,12.178,0,0,0.30 | 0.31 | 0.31,0,1.42 | 1.79 | 2.31,0,1.73 | 2.23 | 2.81,0.893,0.000,0,1,0,0,0,0,-1,0,0,0,,0,,0,,0,0,0,1
1723801141,387,2,2,8,8,12.178,0,0,0.30 | 0.31 | 0.31,0,1.42 | 1.79 | 2.31,0,1.73 | 2.23 | 2.81,0.893,0.000,0,1,0,0,0,0,-1,0,0,0,,0,,0,,0,0,0,1
1723801141,387,2,2,8,8,12.178,0,0,0.30 | 0.31 | 0.31,0,1.42 | 1.79 | 2.31,0,1.73 | 2.23 | 2.81,0.893,0.000,0,1,0,0,0,0,-1,0,0,0,,0,,0,,0,0,0,1
1723801141,387,2,2,8,8,12.178,0,0,0.30 | 0.31 | 0.31,0,1.42 | 1.79 | 2.31,0,1.73 | 2.23 | 2.81,0.893,0.000,0,1,0,0,0,0,-1,0,0,0,,0,,0,,0,0,0,1
1723801141,387,2,2,8,8,12.178,0,0,0.30 | 0.31 | 0.31,0,1.42 | 1.79 | 2.31,0,1.73 | 2.23 | 2.81,0.893,0.000,0,1,0,0,0,0,-1,0,0,0,,0,,0,,0,0,0,1
1723801141,387,2,2,8,8,11.115,0,0,0.30 | 0.31 | 0.31,0,1.42 | 1.79 | 2.31,0,1.73 | 2.23 | 2.81,0.893,0.000,0,1,0,0,0,0,-1,0,0,0,,0,,0,,0,0,0,1
1723801141,387,2,2,8,8,11.115,0,0,0.30 | 0.31 | 0.31,0,1.42 | 1.79 | 2.31,0,1.73 | 2.23 | 2.81,0.893,0.000,0,1,0,0,0,0,-1,0,0,0,,0,,0,,0,0,0,1
1723801142,387,2,2,8,8,11.115,0,0,0.30 | 0.31 | 0.31,0,1.42 | 1.79 | 2.31,0,1.73 | 2.23 | 2.81,0.893,0.000,0,1,0,0,0,0,-1,0,0,0,,0,,0,,0,0,0,1
1723801142,387,2,2,8,8,11.115,0,0,0.30 | 0.31 | 0.31,0,1.42 | 1.79 | 2.31,0,1.73 | 2.23 | 2.81,0.893,0.000,0,1,0,0,0,0,-1,0,0,0,,0,,0,,0,0,0,1
1723801142,387,2,2,8,8,11.115,0,0,0.30 | 0.31 | 0.31,0,1.42 | 1.79 | 2.31,0,1.73 | 2.23 | 2.81,0.893,0.000,0,1,0,0,0,0,-1,0,0,0,,0,,0,,0,0,0,1
1723801142,387,2,2,8,8,11.115,0,0,0.30 | 0.31 | 0.31,0,1.42 | 1.79 | 2.31,0,1.73 | 2.23 | 2.81,0.893,0.000,0,1,0,0,0,0,-1,0,0,0,,0,,0,,0,0,0,1
1723801142,387,2,2,8,8,11.115,0,0,0.30 | 0.31 | 0.31,0,1.42 | 1.79 | 2.31,0,1.73 | 2.23 | 2.81,0.893,0.000,0,1,0,0,0,0,-1,0,0,0,,0,,0,,0,0,0,1
1723801142,387,2,2,8,8,11.115,0,0,0.30 | 0.31 | 0.31,0,1.42 | 1.79 | 2.31,0,1.73 | 2.23 | 2.81,0.893,0.000,0,1,0,0,0,0,-1,0,0,0,,0,,0,,0,0,0,1
1723801142,387,2,2,8,8,11.115,0,0,0.30 | 0.31 | 0.31,0,1.42 | 1.79 | 2.31,0,1.73 | 2.23 | 2.81,0.893,0.000,0,1,0,0,0,0,-1,0,0,0,,0,,0,,0,0,0,1
1723801142,387,2,2,8,8,11.115,0,0,0.30 | 0.31 | 0.31,0,1.42 | 1.79 | 2.31,0,1.73 | 2.23 | 2.81,0.893,0.000,0,1,0,0,0,0,-1,0,0,0,,0,,0,,0,0,0,1
1723801142,387,2,2,8,8,10.318,0,0,0.30 | 0.31 | 0.31,0,1.42 | 1.79 | 2.31,0,1.73 | 2.23 | 2.81,0.893,0.000,0,1,0,0,0,0,-1,0,0,0,,0,,0,,0,0,0,1
1723801142,387,2,2,8,8,10.318,0,0,0.30 | 0.31 | 0.31,0,1.42 | 1.79 | 2.31,0,1.73 | 2.23 | 2.81,0.893,0.000,0,1,0,0,0,0,-1,0,0,0,,0,,0,,0,0,0,1
1723801143,387,2,2,8,8,10.318,0,0,0.30 | 0.31 | 0.31,0,1.42 | 1.79 | 2.31,0,1.73 | 2.23 | 2.81,0.893,0.000,0,1,0,0,0,0,-1,0,0,0,,0,,0,,0,0,0,1
1723801143,387,2,2,8,8,10.318,0,0,0.30 | 0.31 | 0.31,0,1.42 | 1.79 | 2.31,0,1.73 | 2.23 | 2.81,0.893,0.000,0,1,0,0,0,0,-1,0,0,0,,0,,0,,0,0,0,1
1723801143,387,2,2,8,8,10.318,0,0,0.30 | 0.31 | 0.31,0,1.42 | 1.79 | 2.31,0,1.73 | 2.23 | 2.81,0.893,0.000,0,1,0,0,0,0,-1,0,0,0,,0,,0,,0,0,0,1
1723801143,387,2,2,8,8,10.318,0,0,0.30 | 0.31 | 0.31,0,1.42 | 1.79 | 2.31,0,1.73 | 2.23 | 2.81,0.893,0.000,0,1,0,0,0,0,-1,0,0,0,,0,,0,,0,0,0,1
1723801143,387,2,2,8,8,10.318,0,0,0.30 | 0.31 | 0.31,0,1.42 | 1.79 | 2.31,0,1.73 | 2.23 | 2.81,0.893,0.000,0,1,0,0,0,0,-1,0,0,0,,0,,0,,0,0,0,1
1723801143,387,2,2,8,8,10.318,0,0,0.30 | 0.31 | 0.31,0,1.42 | 1.79 | 2.31,0,1.73 | 2.23 | 2.81,0.893,0.000,0,1,0,0,0,0,-1,0,0,0,,0,,0,,0,0,0,1
1723801143,387,2,2,8,8,10.318,0,0,0.30 | 0.31 | 0.31,0,1.42 | 1.79 | 2.31,0,1.73 | 2.23 | 2.81,0.893,0.000,0,1,0,0,0,0,-1,0,0,0,,0,,0,,0,0,0,1
1723801143,387,2,2,8,8,10.318,0,0,0.30 | 0.31 | 0.31,0,1.42 | 1.79 | 2.31,0,1.73 | 2.23 | 2.81,0.893,0.000,0,1,0,0,0,0,-1,0,0,0,,0,,0,,0,0,0,1
1723801143,387,2,2,8,8,13.868,0,0,0.30 | 0.31 | 0.31,0,1.42 | 1.89 | 2.31,0,1.73 | 2.11 | 2.81,0.901,0.000,0,1,0,0,0,0,-1,0,0,0,,0,,0,,0,0,0,1
1723801143,387,2,2,8,8,13.868,0,0,0.30 | 0.31 | 0.31,0,1.42 | 1.89 | 2.31,0,1.73 | 2.11 | 2.81,0.901,0.000,0,1,0,0,0,0,-1,0,0,0,,0,,0,,0,0,0,1
1723801144,387,2,2,8,8,13.868,0,0,0.30 | 0.31 | 0.31,0,1.42 | 1.89 | 2.31,0,1.73 | 2.11 | 2.81,0.901,0.000,0,1,0,0,0,0,-1,0,0,0,,0,,0,,0,0,0,1
1723801144,387,2,2,8,8,13.868,0,0,0.30 | 0.31 | 0.31,0,1.42 | 1.89 | 2.31,0,1.73 | 2.11 | 2.81,0.901,0.000,0,1,0,0,0,0,-1,0,0,0,,0,,0,,0,0,0,1
1723801144,387,2,2,8,8,13.868,0,0,0.30 | 0.31 | 0.31,0,1.42 | 1.89 | 2.31,0,1.73 | 2.11 | 2.81,0.901,0.000,0,1,0,0,0,0,-1,0,0,0,,0,,0,,0,0,0,1
1723801144,387,2,2,8,8,13.868,0,0,0.30 | 0.31 | 0.31,0,1.42 | 1.89 | 2.31,0,1.73 | 2.11 | 2.81,0.901,0.000,0,1,0,0,0,0,-1,0,0,0,,0,,0,,0,0,0,1
1723801144,387,2,2,8,8,13.868,0,0,0.30 | 0.31 | 0.31,0,1.42 | 1.89 | 2.31,0,1.73 | 2.11 | 2.81,0.901,0.000,0,1,0,0,0,0,-1,0,0,0,,0,,0,,0,0,0,1
1723801144,387,2,2,8,8,13.868,0,0,0.30 | 0.31 | 0.31,0,1.42 | 1.89 | 2.31,0,1.73 | 2.11 | 2.81,0.901,0.000,0,1,0,0,0,0,-1,0,0,0,,0,,0,,0,0,0,1
1723801144,387,2,2,8,8,13.868,0,0,0.30 | 0.31 | 0.31,0,1.42 | 1.89 | 2.31,0,1.73 | 2.11 | 2.81,0.901,0.000,0,1,0,0,0,0,-1,0,0,0,,0,,0,,0,0,0,1
1723801144,387,2,2,8,8,13.868,0,0,0.30 | 0.31 | 0.31,0,1.42 | 1.89 | 2.31,0,1.73 | 2.11 | 2.81,0.901,0.000,0,1,0,0,0,0,-1,0,0,0,,0,,0,,0,0,0,1
1723801144,387,2,2,8,8,12.871,0,0,0.30 | 0.31 | 0.31,0,1.42 | 1.89 | 2.31,0,1.73 | 2.11 | 2.81,0.901,0.000,0,1,0,0,0,0,-1,0,0,0,,0,,0,,0,0,0,1
1723801144,387,2,2,8,8,12.871,0,0,0.30 | 0.31 | 0.31,0,1.42 | 1.89 | 2.31,0,1.73 | 2.11 | 2.81,0.901,0.000,0,1,0,0,0,0,-1,0,0,0,,0,,0,,0,0,0,1
1723801145,387,2,2,8,8,12.871,0,0,0.30 | 0.31 | 0.31,0,1.42 | 1.89 | 2.31,0,1.73 | 2.11 | 2.81,0.901,0.000,0,1,0,0,0,0,-1,0,0,0,,0,,0,,0,0,0,1
1723801145,387,2,2,8,8,12.871,0,0,0.30 | 0.31 | 0.31,0,1.42 | 1.89 | 2.31,0,1.73 | 2.11 | 2.81,0.901,0.000,0,1,0,0,0,0,-1,0,0,0,,0,,0,,0,0,0,1
1723801145,387,2,2,8,8,12.871,0,0,0.30 | 0.31 | 0.31,0,1.42 | 1.89 | 2.31,0,1.73 | 2.11 | 2.81,0.901,0.000,0,1,0,0,0,0,-1,0,0,0,,0,,0,,0,0,0,1
1723801145,387,2,2,8,8,12.871,0,0,0.30 | 0.31 | 0.31,0,1.42 | 1.89 | 2.31,0,1.73 | 2.11 | 2.81,0.901,0.000,0,1,0,0,0,0,-1,0,0,0,,0,,0,,0,0,0,1
1723801145,387,2,2,8,8,12.871,0,0,0.30 | 0.31 | 0.31,0,1.42 | 1.89 | 2.31,0,1.73 | 2.11 | 2.81,0.901,0.000,0,1,0,0,0,0,-1,0,0,0,,0,,0,,0,0,0,1
1723801145,387,2,2,8,8,12.871,0,0,0.30 | 0.31 | 0.31,0,1.42 | 1.89 | 2.31,0,1.73 | 2.11 | 2.81,0.901,0.000,0,1,0,0,0,0,-1,0,0,0,,0,,0,,0,0,0,1
1723801145,387,2,2,8,8,12.871,0,0,0.30 | 0.31 | 0.31,0,1.42 | 1.89 | 2.31,0,1.73 | 2.11 | 2.81,0.901,0.000,0,1,0,0,0,0,-1,0,0,0,,0,,0,,0,0,0,1
1723801145,387,2,2,8,8,12.871,0,0,0.30 | 0.31 | 0.31,0,1.42 | 1.89 | 2.31,0,1.73 | 2.11 | 2.81,0.901,0.000,0,1,0,0,0,0,-1,0,0,0,,0,,0,,0,0,0,1
1723801145,387,2,2,8,8,11.931,0,0,0.30 | 0.31 | 0.31,0,1.42 | 1.89 | 2.31,0,1.73 | 2.11 | 2.81,0.901,0.000,0,1,0,0,0,0,-1,0,0,0,,0,,0,,0,0,0,1
1723801145,387,2,2,8,8,11.931,0,0,0.30 | 0.31 | 0.31,0,1.42 | 1.89 | 2.31,0,1.73 | 2.11 | 2.81,0.901,0.000,0,1,0,0,0,0,-1,0,0,0,,0,,0,,0,0,0,1
1723801146,387,2,2,8,8,11.931,0,0,0.30 | 0.31 | 0.31,0,1.42 | 1.89 | 2.31,0,1.73 | 2.11 | 2.81,0.901,0.000,0,1,0,0,0,0,-1,0,0,0,,0,,0,,0,0,0,1
1723801146,387,2,2,8,8,11.931,0,0,0.30 | 0.31 | 0.31,0,1.42 | 1.89 | 2.31,0,1.73 | 2.11 | 2.81,0.901,0.000,0,1,0,0,0,0,-1,0,0,0,,0,,0,,0,0,0,1
1723801146,387,2,2,8,8,11.931,0,0,0.30 | 0.31 | 0.31,0,1.42 | 1.89 | 2.31,0,1.73 | 2.11 | 2.81,0.901,0.000,0,1,0,0,0,0,-1,0,0,0,,0,,0,,0,0,0,1
1723801146,387,2,2,8,8,11.931,0,0,0.30 | 0.31 | 0.31,0,1.42 | 1.89 | 2.31,0,1.73 | 2.11 | 2.81,0.901,0.000,0,1,0,0,0,0,-1,0,0,0,,0,,0,,0,0,0,1
1723801146,387,2,2,8,8,11.931,0,0,0.30 | 0.31 | 0.31,0,1.42 | 1.89 | 2.31,0,1.73 | 2.11 | 2.81,0.901,0.000,0,1,0,0,0,0,-1,0,0,0,,0,,0,,0,0,0,1
1723801146,387,2,2,8,8,11.931,0,0,0.30 | 0.31 | 0.31,0,1.42 | 1.89 | 2.31,0,1.73 | 2.11 | 2.81,0.901,0.000,0,1,0,0,0,0,-1,0,0,0,,0,,0,,0,0,0,1
1723801146,387,2,2,8,8,11.931,0,0,0.30 | 0.31 | 0.31,0,1.42 | 1.89 | 2.31,0,1.73 | 2.11 | 2.81,0.901,0.000,0,1,0,0,0,0,-1,0,0,0,,0,,0,,0,0,0,1
1723801146,387,2,2,8,8,11.931,0,0,0.30 | 0.31 | 0.31,0,1.42 | 1.89 | 2.31,0,1.73 | 2.11 | 2.81,0.901,0.000,0,1,0,0,0,0,-1,0,0,0,,0,,0,,0,0,0,1
1723801146,387,2,2,8,8,10.868,0,0,0.30 | 0.31 | 0.31,0,1.42 | 1.89 | 2.31,0,1.73 | 2.11 | 2.81,0.901,0.000,0,1,0,0,0,0,-1,0,0,0,,0,,0,,0,0,0,1
1723801146,387,2,2,8,8,10.868,0,0,0.30 | 0.31 | 0.31,0,1.42 | 1.89 | 2.31,0,1.73 | 2.11 | 2.81,0.901,0.000,0,1,0,0,0,0,-1,0,0,0,,0,,0,,0,0,0,1
1723801147,387,2,2,8,8,10.868,0,0,0.30 | 0.31 | 0.31,0,1.42 | 1.89 | 2.31,0,1.73 | 2.11 | 2.81,0.901,0.000,0,1,0,0,0,0,-1,0,0,0,,0,,0,,0,0,0,1
1723801147,387,2,2,8,8,10.868,0,0,0.30 | 0.31 | 0.31,0,1.42 | 1.89 | 2.31,0,1.73 | 2.11 | 2.81,0.901,0.000,0,1,0,0,0,0,-1,0,0,0,,0,,0,,0,0,0,1
1723801147,387,2,2,8,8,10.868,0,0,0.30 | 0.31 | 0.31,0,1.42 | 1.89 | 2.31,0,1.73 | 2.11 | 2.81,0.901,0.000,0,1,0,0,0,0,-1,0,0,0,,0,,0,,0,0,0,1
1723801147,387,2,2,8,8,10.868,0,0,0.30 | 0.31 | 0.31,0,1.42 | 1.89 | 2.31,0,1.73 | 2.11 | 2.81,0.901,0.000,0,1,0,0,0,0,-1,0,0,0,,0,,0,,0,0,0,1
1723801147,387,2,2,8,8,10.868,0,0,0.30 | 0.31 | 0.31,0,1.42 | 1.89 | 2.31,0,1.73 | 2.11 | 2.81,0.901,0.000,0,1,0,0,0,0,-1,0,0,0,,0,,0,,0,0,0,1
1723801147,387,2,2,8,8,10.868,0,0,0.30 | 0.31 | 0.31,0,1.42 | 1.89 | 2.31,0,1.73 | 2.11 | 2.81,0.901,0.000,0,1,0,0,0,0,-1,0,0,0,,0,,0,,0,0,0,1
1723801147,387,2,2,8,8,10.868,0,0,0.30 | 0.31 | 0.31,0,1.42 | 1.89 | 2.31,0,1.73 | 2.11 | 2.81,0.901,0.000,0,1,0,0,0,0,-1,0,0,0,,0,,0,,0,0,0,1
1723801147,387,2,2,8,8,10.868,0,0,0.30 | 0.31 | 0.31,0,1.42 | 1.89 | 2.31,0,1.73 | 2.11 | 2.81,0.901,0.000,0,1,0,0,0,0,-1,0,0,0,,0,,0,,0,0,0,1
1723801147,387,2,2,8,8,13.113,0,0,0.30 | 0.31 | 0.31,0,1.39 | 1.80 | 2.31,0,1.73 | 2.22 | 2.89,0.933,0.000,0,1,0,0,0,0,-1,0,0,0,,0,,0,,0,0,0,1
1723801147,387,2,2,8,8,13.113,0,0,0.30 | 0.31 | 0.31,0,1.39 | 1.80 | 2.31,0,1.73 | 2.22 | 2.89,0.933,0.000,0,1,0,0,0,0,-1,0,0,0,,0,,0,,0,0,0,1
1723801148,387,2,2,8,8,13.113,0,0,0.30 | 0.31 | 0.31,0,1.39 | 1.80 | 2.31,0,1.73 | 2.22 | 2.89,0.933,0.000,0,1,0,0,0,0,-1,0,0,0,,0,,0,,0,0,0,1
1723801148,387,2,2,8,8,13.113,0,0,0.30 | 0.31 | 0.31,0,1.39 | 1.80 | 2.31,0,1.73 | 2.22 | 2.89,0.933,0.000,0,1,0,0,0,0,-1,0,0,0,,0,,0,,0,0,0,1
1723801148,387,2,2,8,8,13.113,0,0,0.30 | 0.31 | 0.31,0,1.39 | 1.80 | 2.31,0,1.73 | 2.22 | 2.89,0.933,0.000,0,1,0,0,0,0,-1,0,0,0,,0,,0,,0,0,0,1
1723801148,387,2,2,8,8,13.113,0,0,0.30 | 0.31 | 0.31,0,1.39 | 1.80 | 2.31,0,1.73 | 2.22 | 2.89,0.933,0.000,0,1,0,0,0,0,-1,0,0,0,,0,,0,,0,0,0,1
1723801148,387,2,2,8,8,13.113,0,0,0.30 | 0.31 | 0.31,0,1.39 | 1.80 | 2.31,0,1.73 | 2.22 | 2.89,0.933,0.000,0,1,0,0,0,0,-1,0,0,0,,0,,0,,0,0,0,1
1723801148,387,2,2,8,8,13.113,0,0,0.30 | 0.31 | 0.31,0,1.39 | 1.80 | 2.31,0,1.73 | 2.22 | 2.89,0.933,0.000,0,1,0,0,0,0,-1,0,0,0,,0,,0,,0,0,0,1
1723801148,387,2,2,8,8,13.113,0,0,0.30 | 0.31 | 0.31,0,1.39 | 1.80 | 2.31,0,1.73 | 2.22 | 2.89,0.933,0.000,0,1,0,0,0,0,-1,0,0,0,,0,,0,,0,0,0,1
1723801148,387,2,2,8,8,13.113,0,0,0.30 | 0.31 | 0.31,0,1.39 | 1.80 | 2.31,0,1.73 | 2.22 | 2.89,0.933,0.000,0,1,0,0,0,0,-1,0,0,0,,0,,0,,0,0,0,1
1723801148,387,2,2,8,8,12.209,0,0,0.30 | 0.31 | 0.31,0,1.39 | 1.80 | 2.31,0,1.73 | 2.22 | 2.89,0.933,0.000,0,1,0,0,0,0,-1,0,0,0,,0,,0,,0,0,0,1
1723801148,387,2,2,8,8,12.209,0,0,0.30 | 0.31 | 0.31,0,1.39 | 1.80 | 2.31,0,1.73 | 2.22 | 2.89,0.933,0.000,0,1,0,0,0,0,-1,0,0,0,,0,,0,,0,0,0,1
1723801149,387,2,2,8,8,12.209,0,0,0.30 | 0.31 | 0.31,0,1.39 | 1.80 | 2.31,0,1.73 | 2.22 | 2.89,0.933,0.000,0,1,0,0,0,0,-1,0,0,0,,0,,0,,0,0,0,1
1723801149,387,2,2,8,8,12.209,0,0,0.30 | 0.31 | 0.31,0,1.39 | 1.80 | 2.31,0,1.73 | 2.22 | 2.89,0.933,0.000,0,1,0,0,0,0,-1,0,0,0,,0,,0,,0,0,0,1
1723801149,772,2,4,8,8,12.209,0,0,0.30 | 0.31 | 0.31,0,1.39 | 1.80 | 2.31,0,1.73 | 2.22 | 2.89,0.933,0.000,0,1,0,0,0,0,-1,0,0,0,,0,,0,,0,0,0,1
1723801149,772,2,4,8,8,12.209,0,0,0.30 | 0.31 | 0.31,0,1.39 | 1.80 | 2.31,0,1.73 | 2.22 | 2.89,0.933,0.000,0,1,0,0,0,0,-1,0,0,0,,0,,0,,0,0,0,1
1723801149,772,2,4,8,8,12.209,0,0,0.30 | 0.31 | 0.31,0,1.39 | 1.80 | 2.31,0,1.73 | 2.22 | 2.89,0.933,0.000,0,1,0,0,0,0,-1,0,0,0,,0,,0,,0,0,0,1
1723801149,772,2,4,8,8,12.209,0,0,0.30 | 0.31 | 0.31,0,1.39 | 1.80 | 2.31,0,1.73 | 2.22 | 2.89,0.933,0.000,0,1,0,0,0,0,-1,0,0,0,,0,,0,,0,0,0,1
1723801149,772,2,4,8,8,12.209,0,0,0.30 | 0.31 | 0.31,0,1.39 | 1.80 | 2.31,0,1.73 | 2.22 | 2.89,0.933,0.000,0,1,0,0,0,0,-1,0,0,0,,0,,0,,0,0,0,1
1723801149,772,2,4,8,8,12.209,0,0,0.30 | 0.31 | 0.31,0,1.39 | 1.80 | 2.31,0,1.73 | 2.22 | 2.89,0.933,0.000,0,1,0,0,0,0,-1,0,0,0,,0,,0,,0,0,0,1
1723801149,772,2,4,8,8,11.146,0,0,0.30 | 0.31 | 0.31,0,1.39 | 1.80 | 2.31,0,1.73 | 2.22 | 2.89,0.933,0.000,0,1,0,0,0,0,-1,0,0,0,,0,,0,,0,0,0,1
1723801149,772,2,4,8,8,11.146,0,0,0.30 | 0.31 | 0.31,0,1.39 | 1.80 | 2.31,0,1.73 | 2.22 | 2.89,0.933,0.000,0,1,0,0,0,0,-1,0,0,0,,0,,0,,0,0,0,1
1723801150,772,2,4,8,8,11.146,0,0,0.30 | 0.31 | 0.31,0,1.39 | 1.80 | 2.31,0,1.73 | 2.22 | 2.89,0.933,0.000,0,1,0,0,0,0,-1,0,0,0,,0,,0,,0,0,0,1
1723801150,772,2,4,8,8,11.146,0,0,0.30 | 0.31 | 0.31,0,1.39 | 1.80 | 2.31,0,1.73 | 2.22 | 2.89,0.933,0.000,0,1,0,0,0,0,-1,0,0,0,,0,,0,,0,0,0,1
1723801150,772,2,4,8,8,11.146,0,0,0.30 | 0.31 | 0.31,0,1.39 | 1.80 | 2.31,0,1.73 | 2.22 | 2.89,0.933,0.000,0,1,0,0,0,0,-1,0,0,0,,0,,0,,0,0,0,1
1723801150,772,2,4,8,8,11.146,0,0,0.30 | 0.31 | 0.31,0,1.39 | 1.80 | 2.31,0,1.73 | 2.22 | 2.89,0.933,0.000,0,1,0,0,0,0,-1,0,0,0,,0,,0,,0,0,0,1
1723801150,772,2,4,8,8,11.146,0,0,0.30 | 0.31 | 0.31,0,1.39 | 1.80 | 2.31,0,1.73 | 2.22 | 2.89,0.933,0.000,0,1,0,0,0,0,-1,0,0,0,,0,,0,,0,0,0,1
1723801150,772,2,4,8,8,11.146,0,0,0.30 | 0.31 | 0.31,0,1.39 | 1.80 | 2.31,0,1.73 | 2.22 | 2.89,0.933,0.000,0,1,0,0,0,0,-1,0,0,0,,0,,0,,0,0,0,1
1723801150,772,2,4,8,8,11.146,0,0,0.30 | 0.31 | 0.31,0,1.39 | 1.80 | 2.31,0,1.73 | 2.22 | 2.89,0.933,0.000,0,1,0,0,0,0,-1,0,0,0,,0,,0,,0,0,0,1
1723801150,772,2,4,8,8,11.146,0,0,0.30 | 0.31 | 0.31,0,1.39 | 1.80 | 2.31,0,1.73 | 2.22 | 2.89,0.933,0.000,0,1,0,0,0,0,-1,0,0,0,,0,,0,,0,0,0,1
1723801150,772,2,4,8,8,10.084,0,0,0.30 | 0.31 | 0.31,0,1.39 | 1.80 | 2.31,0,1.73 | 2.22 | 2.89,0.933,0.000,0,1,0,0,0,0,-1,0,0,0,,0,,0,,0,0,0,1
1723801150,772,2,4,8,8,10.084,0,0,0.30 | 0.31 | 0.31,0,1.39 | 1.80 | 2.31,0,1.73 | 2.22 | 2.89,0.933,0.000,0,1,0,0,0,0,-1,0,0,0,,0,,0,,0,0,0,1
1723801151,772,2,4,8,8,10.084,0,0,0.30 | 0.31 | 0.31,0,1.39 | 1.80 | 2.31,0,1.73 | 2.22 | 2.89,0.933,0.000,0,1,0,0,0,0,-1,0,0,0,,0,,0,,0,0,0,1
1723801151,772,2,4,8,8,10.084,0,0,0.30 | 0.31 | 0.31,0,1.39 | 1.80 | 2.31,0,1.73 | 2.22 | 2.89,0.933,0.000,0,1,0,0,0,0,-1,0,0,0,,0,,0,,0,0,0,1
1723801151,772,2,4,8,8,10.084,0,0,0.30 | 0.31 | 0.31,0,1.39 | 1.80 | 2.31,0,1.73 | 2.22 | 2.89,0.933,0.000,0,1,0,0,0,0,-1,0,0,0,,0,,0,,0,0,0,1
1723801151,772,2,4,8,8,10.084,0,0,0.30 | 0.31 | 0.31,0,1.39 | 1.80 | 2.31,0,1.73 | 2.22 | 2.89,0.933,0.000,0,1,0,0,0,0,-1,0,0,0,,0,,0,,0,0,0,1
1723801151,772,2,4,8,8,10.084,0,0,0.30 | 0.31 | 0.31,0,1.39 | 1.80 | 2.31,0,1.73 | 2.22 | 2.89,0.933,0.000,0,1,0,0,0,0,-1,0,0,0,,0,,0,,0,0,0,1
1723801151,772,2,4,8,8,10.084,0,0,0.30 | 0.31 | 0.31,0,1.39 | 1.80 | 2.31,0,1.73 | 2.22 | 2.89,0.933,0.000,0,1,0,0,0,0,-1,0,0,0,,0,,0,,0,0,0,1
1723801151,772,2,4,8,8,10.084,0,0,0.30 | 0.31 | 0.31,0,1.39 | 1.80 | 2.31,0,1.73 | 2.22 | 2.89,0.933,0.000,0,1,0,0,0,0,-1,0,0,0,,0,,0,,0,0,0,1
1723801151,772,2,4,8,8,10.084,0,0,0.30 | 0.31 | 0.31,0,1.39 | 1.80 | 2.31,0,1.73 | 2.22 | 2.89,0.933,0.000,0,1,0,0,0,0,-1,0,0,0,,0,,0,,0,0,0,1
1723801151,772,2,4,8,8,9.287,0,0,0.30 | 0.31 | 0.31,0,1.39 | 1.80 | 2.31,0,1.73 | 2.22 | 2.89,0.933,0.000,0,1,0,0,0,0,-1,0,0,0,,0,,0,,0,0,0,1
1723801151,772,2,4,8,8,9.287,0,0,0.30 | 0.31 | 0.31,0,1.39 | 1.80 | 2.31,0,1.73 | 2.22 | 2.89,0.933,0.000,0,1,0,0,0,0,-1,0,0,0,,0,,0,,0,0,0,1
1723801152,772,2,4,8,8,9.287,0,0,0.30 | 0.31 | 0.31,0,1.39 | 1.80 | 2.31,0,1.73 | 2.22 | 2.89,0.933,0.000,0,1,0,0,0,0,-1,0,0,0,,0,,0,,0,0,0,1
1723801152,772,2,4,8,8,9.287,0,0,0.30 | 0.31 | 0.31,0,1.39 | 1.80 | 2.31,0,1.73 | 2.22 | 2.89,0.933,0.000,0,1,0,0,0,0,-1,0,0,0,,0,,0,,0,0,0,1
1723801152,772,2,4,8,8,9.287,0,0,0.30 | 0.31 | 0.31,0,1.39 | 1.80 | 2.31,0,1.73 | 2.22 | 2.89,0.933,0.000,0,1,0,0,0,0,-1,0,0,0,,0,,0,,0,0,0,1
1723801152,772,2,4,8,8,9.287,0,0,0.30 | 0.31 | 0.31,0,1.39 | 1.80 | 2.31,0,1.73 | 2.22 | 2.89,0.933,0.000,0,1,0,0,0,0,-1,0,0,0,,0,,0,,0,0,0,1
1723801152,772,2,4,8,8,9.287,0,0,0.30 | 0.31 | 0.31,0,1.39 | 1.80 | 2.31,0,1.73 | 2.22 | 2.89,0.933,0.000,0,1,0,0,0,0,-1,0,0,0,,0,,0,,0,0,0,1
1723801152,772,2,4,8,8,9.287,0,0,0.30 | 0.31 | 0.31,0,1.39 | 1.80 | 2.31,0,1.73 | 2.22 | 2.89,0.933,0.000,0,1,0,0,0,0,-1,0,0,0,,0,,0,,0,0,0,1
1723801152,772,2,4,8,8,9.287,0,0,0.30 | 0.31 | 0.31,0,1.39 | 1.80 | 2.31,0,1.73 | 2.22 | 2.89,0.933,0.000,0,1,0,0,0,0,-1,0,0,0,,0,,0,,0,0,0,1
1723801152,772,2,4,8,8,9.287,0,0,0.30 | 0.31 | 0.31,0,1.39 | 1.80 | 2.31,0,1.73 | 2.22 | 2.89,0.933,0.000,0,1,0,0,0,0,-1,0,0,0,,0,,0,,0,0,0,1
1723801152,772,2,4,8,8,8.224,0,0,0.30 | 0.31 | 0.31,0,1.39 | 1.80 | 2.31,0,1.73 | 2.22 | 2.89,0.933,0.000,0,1,0,0,0,0,-1,0,0,0,,0,,0,,0,0,0,1
1723801152,772,2,4,8,8,8.224,0,0,0.30 | 0.31 | 0.31,0,1.39 | 1.80 | 2.31,0,1.73 | 2.22 | 2.89,0.933,0.000,0,1,0,0,0,0,-1,0,0,0,,0,,0,,0,0,0,1
1723801153,772,2,4,8,8,8.224,0,0,0.30 | 0.31 | 0.31,0,1.39 | 1.80 | 2.31,0,1.73 | 2.22 | 2.89,0.933,0.000,0,1,0,0,0,0,-1,0,0,0,,0,,0,,0,0,0,1
1723801153,772,2,4,8,8,8.224,0,0,0.30 | 0.31 | 0.31,0,1.39 | 1.80 | 2.31,0,1.73 | 2.22 | 2.89,0.933,0.000,0,1,0,0,0,0,-1,0,0,0,,0,,0,,0,0,0,1
1723801153,772,2,4,8,8,8.224,0,0,0.30 | 0.31 | 0.31,0,1.39 | 1.80 | 2.31,0,1.73 | 2.22 | 2.89,0.933,0.000,0,1,0,0,0,0,-1,0,0,0,,0,,0,,0,0,0,1
1723801153,772,2,4,8,8,8.224,0,0,0.30 | 0.31 | 0.31,0,1.39 | 1.80 | 2.31,0,1.73 | 2.22 | 2.89,0.933,0.000,0,1,0,0,0,0,-1,0,0,0,,0,,0,,0,0,0,1
1723801153,772,2,4,8,8,8.224,0,0,0.30 | 0.31 | 0.31,0,1.39 | 1.80 | 2.31,0,1.73 | 2.22 | 2.89,0.933,0.000,0,1,0,0,0,0,-1,0,0,0,,0,,0,,0,0,0,1
1723801153,772,2,4,8,8,8.224,0,0,0.30 | 0.31 | 0.31,0,1.39 | 1.80 | 2.31,0,1.73 | 2.22 | 2.89,0.933,0.000,0,1,0,0,0,0,-1,0,0,0,,0,,0,,0,0,0,1
1723801153,772,2,4,8,8,8.224,0,0,0.30 | 0.31 | 0.31,0,1.39 | 1.80 | 2.31,0,1.73 | 2.22 | 2.89,0.933,0.000,0,1,0,0,0,0,-1,0,0,0,,0,,0,,0,0,0,1
1723801153,772,2,4,8,8,8.224,0,0,0.30 | 0.31 | 0.31,0,1.39 | 1.80 | 2.31,0,1.73 | 2.22 | 2.89,0.933,0.000,0,1,0,0,0,0,-1,0,0,0,,0,,0,,0,0,0,1
1723801153,580,2,3,8,8,7.162,0,0,0.30 | 0.31 | 0.31,0,1.39 | 1.80 | 2.31,0,1.73 | 2.22 | 2.89,0.933,0.000,0,1,0,0,0,0,-1,0,0,0,,0,,0,,0,0,0,1
1723801153,580,4,3,8,8,7.162,0,0,0.30 | 0.31 | 0.31,0,1.39 | 1.80 | 2.31,0,1.73 | 2.22 | 2.89,0.933,0.000,0,1,0,0,0,0,-1,0,0,0,,0,,0,,0,0,0,1
1723801154,580,4,3,8,8,7.162,0,0,0.30 | 0.31 | 0.31,0,1.39 | 1.80 | 2.31,0,1.73 | 2.22 | 2.89,0.933,0.000,0,1,0,0,0,0,-1,0,0,0,,0,,0,,0,0,0,1
1723801154,580,4,3,8,8,7.162,0,0,0.30 | 0.31 | 0.31,0,1.39 | 1.80 | 2.31,0,1.73 | 2.22 | 2.89,0.933,0.000,0,1,0,0,0,0,-1,0,0,0,,0,,0,,0,0,0,1
1723801154,580,4,3,8,8,7.162,0,0,0.30 | 0.31 | 0.31,0,1.39 | 1.80 | 2.31,0,1.73 | 2.22 | 2.89,0.933,0.000,0,1,0,0,0,0,-1,0,0,0,,0,,0,,0,0,0,1
1723801154,580,4,3,8,8,7.162,0,0,0.30 | 0.31 | 0.31,0,1.39 | 1.80 | 2.31,0,1.73 | 2.22 | 2.89,0.933,0.000,0,1,0,0,0,0,-1,0,0,0,,0,,0,,0,0,0,1
1723801154,580,4,3,8,8,7.162,0,0,0.30 | 0.31 | 0.31,0,1.39 | 1.80 | 2.31,0,1.73 | 2.22 | 2.89,0.933,0.000,0,1,0,0,0,0,-1,0,0,0,,0,,0,,0,0,0,1
1723801154,580,4,3,8,8,7.162,0,0,0.30 | 0.31 | 0.31,0,1.39 | 1.80 | 2.31,0,1.73 | 2.22 | 2.89,0.933,0.000,0,1,0,0,0,0,-1,0,0,0,,0,,0,,0,0,0,1
1723801154,580,4,3,8,8,7.162,0,0,0.30 | 0.31 | 0.31,0,1.39 | 1.80 | 2.31,0,1.73 | 2.22 | 2.89,0.933,0.000,0,1,0,0,0,0,-1,0,0,0,,0,,0,,0,0,0,1
1723801154,580,4,3,8,8,7.162,0,0,0.30 | 0.31 | 0.31,0,1.39 | 1.80 | 2.31,0,1.73 | 2.22 | 2.89,0.933,0.000,0,1,0,0,0,0,-1,0,0,0,,0,,0,,0,0,0,1
1723801154,580,4,3,8,8,6.071,0,0,0.30 | 0.31 | 0.31,0,1.39 | 2.22 | 3.96,0,1.01 | 1.80 | 2.89,0.925,0.000,0,1,0,0,0,0,-1,0,0,0,,0,,0,,0,0,0,1
1723801154,580,4,3,8,8,6.071,0,0,0.30 | 0.31 | 0.31,0,1.39 | 2.22 | 3.96,0,1.01 | 1.80 | 2.89,0.925,0.000,0,1,0,0,0,0,-1,0,0,0,,0,,0,,0,0,0,1
1723801155,580,4,3,8,8,6.071,0,0,0.30 | 0.31 | 0.31,0,1.39 | 2.22 | 3.96,0,1.01 | 1.80 | 2.89,0.925,0.000,0,1,0,0,0,0,-1,0,0,0,,0,,0,,0,0,0,1
1723801155,580,4,3,8,8,6.071,0,0,0.30 | 0.31 | 0.31,0,1.39 | 2.22 | 3.96,0,1.01 | 1.80 | 2.89,0.925,0.000,0,1,0,0,0,0,-1,0,0,0,,0,,0,,0,0,0,1
1723801155,580,4,3,8,8,6.071,0,0,0.30 | 0.31 | 0.31,0,1.39 | 2.22 | 3.96,0,1.01 | 1.80 | 2.89,0.925,0.000,0,1,0,0,0,0,-1,0,0,0,,0,,0,,0,0,0,1
1723801155,580,4,3,8,8,6.071,0,0,0.30 | 0.31 | 0.31,0,1.39 | 2.22 | 3.96,0,1.01 | 1.80 | 2.89,0.925,0.000,0,1,0,0,0,0,-1,0,0,0,,0,,0,,0,0,0,1
1723801155,580,4,3,8,8,6.071,0,0,0.30 | 0.31 | 0.31,0,1.39 | 2.22 | 3.96,0,1.01 | 1.80 | 2.89,0.925,0.000,0,1,0,0,0,0,-1,0,0,0,,0,,0,,0,0,0,1
1723801155,580,4,3,8,8,6.071,0,0,0.30 | 0.31 | 0.31,0,1.39 | 2.22 | 3.96,0,1.01 | 1.80 | 2.89,0.925,0.000,0,1,0,0,0,0,-1,0,0,0,,0,,0,,0,0,0,1
1723801155,580,4,3,8,8,6.071,0,0,0.30 | 0.31 | 0.31,0,1.39 | 2.22 | 3.96,0,1.01 | 1.80 | 2.89,0.925,0.000,0,1,0,0,0,0,-1,0,0,0,,0,,0,,0,0,0,1
1723801155,580,4,3,8,8,6.071,0,0,0.30 | 0.31 | 0.31,0,1.39 | 2.22 | 3.96,0,1.01 | 1.80 | 2.89,0.925,0.000,0,1,0,0,0,0,-1,0,0,0,,0,,0,,0,0,0,1
1723801155,580,4,3,8,8,5.303,0,0,0.30 | 0.31 | 0.31,0,1.39 | 2.22 | 3.96,0,1.01 | 1.80 | 2.89,0.925,0.000,0,1,0,0,0,0,-1,0,0,0,,0,,0,,0,0,0,1
1723801155,580,4,3,8,8,5.303,0,0,0.30 | 0.31 | 0.31,0,1.39 | 2.22 | 3.96,0,1.01 | 1.80 | 2.89,0.925,0.000,0,1,0,0,0,0,-1,0,0,0,,0,,0,,0,0,0,1
1723801156,580,4,3,8,8,5.303,0,0,0.30 | 0.31 | 0.31,0,1.39 | 2.22 | 3.96,0,1.01 | 1.80 | 2.89,0.925,0.000,0,1,0,0,0,0,-1,0,0,0,,0,,0,,0,0,0,1
1723801156,580,4,3,8,8,5.303,0,0,0.30 | 0.31 | 0.31,0,1.39 | 2.22 | 3.96,0,1.01 | 1.80 | 2.89,0.925,0.000,0,1,0,0,0,0,-1,0,0,0,,0,,0,,0,0,0,1
1723801156,580,4,3,8,8,5.303,0,0,0.30 | 0.31 | 0.31,0,1.39 | 2.22 | 3.96,0,1.01 | 1.80 | 2.89,0.925,0.000,0,1,0,0,0,0,-1,0,0,0,,0,,0,,0,0,0,1
1723801156,580,4,3,8,8,5.303,0,0,0.30 | 0.31 | 0.31,0,1.39 | 2.22 | 3.96,0,1.01 | 1.80 | 2.89,0.925,0.000,0,1,0,0,0,0,-1,0,0,0,,0,,0,,0,0,0,1
1723801156,580,4,3,8,8,5.303,0,0,0.30 | 0.31 | 0.31,0,1.39 | 2.22 | 3.96,0,1.01 | 1.80 | 2.89,0.925,0.000,0,1,0,0,0,0,-1,0,0,0,,0,,0,,0,0,0,1
1723801156,580,4,3,8,8,5.303,0,0,0.30 | 0.31 | 0.31,0,1.39 | 2.22 | 3.96,0,1.01 | 1.80 | 2.89,0.925,0.000,0,1,0,0,0,0,-1,0,0,0,,0,,0,,0,0,0,1
1723801156,387,4,2,8,8,5.303,0,0,0.30 | 0.31 | 0.31,0,1.39 | 2.22 | 3.96,0,1.01 | 1.80 | 2.89,0.925,0.000,0,1,0,0,0,0,-1,0,0,0,,0,,0,,0,0,0,1
1723801156,387,4,2,8,8,5.303,0,0,0.30 | 0.31 | 0.31,0,1.39 | 2.22 | 3.96,0,1.01 | 1.80 | 2.89,0.925,0.000,0,1,0,0,0,0,-1,0,0,0,,0,,0,,0,0,0,1
1723801156,387,3,2,8,8,4.13,0,0,0.30 | 0.31 | 0.31,0,1.39 | 2.39 | 3.96,0,1.01 | 1.67 | 2.89,0.924,0.000,0,1,0,0,0,0,-1,0,0,0,,0,,0,,0,0,0,1
1723801156,387,3,2,8,8,4.13,0,0,0.30 | 0.31 | 0.31,0,1.39 | 2.39 | 3.96,0,1.01 | 1.67 | 2.89,0.924,0.000,0,1,0,0,0,0,-1,0,0,0,,0,,0,,0,0,0,1
1723801157,387,3,2,8,8,4.13,0,0,0.30 | 0.31 | 0.31,0,1.39 | 2.39 | 3.96,0,1.01 | 1.67 | 2.89,0.924,0.000,0,1,0,0,0,0,-1,0,0,0,,0,,0,,0,0,0,1
1723801157,387,3,2,8,8,4.13,0,0,0.30 | 0.31 | 0.31,0,1.39 | 2.39 | 3.96,0,1.01 | 1.67 | 2.89,0.924,0.000,0,1,0,0,0,0,-1,0,0,0,,0,,0,,0,0,0,1
1723801157,387,3,2,8,8,4.13,0,0,0.30 | 0.31 | 0.31,0,1.39 | 2.39 | 3.96,0,1.01 | 1.67 | 2.89,0.924,0.000,0,1,0,0,0,0,-1,0,0,0,,0,,0,,0,0,0,1
1723801157,387,3,2,8,8,4.13,0,0,0.30 | 0.31 | 0.31,0,1.39 | 2.39 | 3.96,0,1.01 | 1.67 | 2.89,0.924,0.000,0,1,0,0,0,0,-1,0,0,0,,0,,0,,0,0,0,1
1723801157,387,3,2,8,8,4.13,0,0,0.30 | 0.31 | 0.31,0,1.39 | 2.39 | 3.96,0,1.01 | 1.67 | 2.89,0.924,0.000,0,1,0,0,0,0,-1,0,0,0,,0,,0,,0,0,0,1
1723801157,387,3,2,8,8,4.13,0,0,0.30 | 0.31 | 0.31,0,1.39 | 2.39 | 3.96,0,1.01 | 1.67 | 2.89,0.924,0.000,0,1,0,0,0,0,-1,0,0,0,,0,,0,,0,0,0,1
1723801157,387,3,2,8,8,4.13,0,0,0.30 | 0.31 | 0.31,0,1.39 | 2.39 | 3.96,0,1.01 | 1.67 | 2.89,0.924,0.000,0,1,0,0,0,0,-1,0,0,0,,0,,0,,0,0,0,1
1723801157,387,3,2,8,8,4.13,0,0,0.30 | 0.31 | 0.31,0,1.39 | 2.39 | 3.96,0,1.01 | 1.67 | 2.89,0.924,0.000,0,1,0,0,0,0,-1,0,0,0,,0,,0,,0,0,0,1
1723801157,387,3,2,8,8,3.178,0,0,0.30 | 0.31 | 0.31,0,1.39 | 2.39 | 3.96,0,1.01 | 1.67 | 2.89,0.924,0.000,0,1,0,0,0,0,-1,0,0,0,,0,,0,,0,0,0,1
1723801157,387,3,2,8,8,3.178,0,0,0.30 | 0.31 | 0.31,0,1.39 | 2.39 | 3.96,0,1.01 | 1.67 | 2.89,0.924,0.000,0,1,0,0,0,0,-1,0,0,0,,0,,0,,0,0,0,1
1723801158,387,3,2,8,8,3.178,0,0,0.30 | 0.31 | 0.31,0,1.39 | 2.39 | 3.96,0,1.01 | 1.67 | 2.89,0.924,0.000,0,1,0,0,0,0,-1,0,0,0,,0,,0,,0,0,0,1
1723801158,387,3,2,8,8,3.178,0,0,0.30 | 0.31 | 0.31,0,1.39 | 2.39 | 3.96,0,1.01 | 1.67 | 2.89,0.924,0.000,0,1,0,0,0,0,-1,0,0,0,,0,,0,,0,0,0,1
1723801158,387,3,2,8,8,3.178,0,0,0.30 | 0.31 | 0.31,0,1.39 | 2.39 | 3.96,0,1.01 | 1.67 | 2.89,0.924,0.000,0,1,0,0,0,0,-1,0,0,0,,0,,0,,0,0,0,1
1723801158,387,3,2,8,8,3.178,0,0,0.30 | 0.31 | 0.31,0,1.39 | 2.39 | 3.96,0,1.01 | 1.67 | 2.89,0.924,0.000,0,1,0,0,0,0,-1,0,0,0,,0,,0,,0,0,0,1
1723801158,387,3,2,8,8,3.178,0,0,0.30 | 0.31 | 0.31,0,1.39 | 2.39 | 3.96,0,1.01 | 1.67 | 2.89,0.924,0.000,0,1,0,0,0,0,-1,0,0,0,,0,,0,,0,0,0,1
1723801158,387,3,2,8,8,3.178,0,0,0.30 | 0.31 | 0.31,0,1.39 | 2.39 | 3.96,0,1.01 | 1.67 | 2.89,0.924,0.000,0,1,0,0,0,0,-1,0,0,0,,0,,0,,0,0,0,1
1723801158,387,3,2,8,8,3.178,0,0,0.30 | 0.31 | 0.31,0,1.39 | 2.39 | 3.96,0,1.01 | 1.67 | 2.89,0.924,0.000,0,1,0,0,0,0,-1,0,0,0,,0,,0,,0,0,0,1
1723801158,387,3,2,8,8,3.178,0,0,0.30 | 0.31 | 0.31,0,1.39 | 2.39 | 3.96,0,1.01 | 1.67 | 2.89,0.924,0.000,0,1,0,0,0,0,-1,0,0,0,,0,,0,,0,0,0,1
1723801158,387,3,2,8,8,2.115,0,0,0.30 | 0.31 | 0.31,0,1.39 | 2.39 | 3.96,0,1.01 | 1.67 | 2.89,0.924,0.000,0,1,0,0,0,0,-1,0,0,0,,0,,0,,0,0,0,1
1723801158,387,3,2,8,8,2.115,0,0,0.30 | 0.31 | 0.31,0,1.39 | 2.39 | 3.96,0,1.01 | 1.67 | 2.89,0.924,0.000,0,1,0,0,0,0,-1,0,0,0,,0,,0,,0,0,0,1
1723801159,387,3,2,8,8,2.115,0,0,0.30 | 0.31 | 0.31,0,1.39 | 2.39 | 3.96,0,1.01 | 1.67 | 2.89,0.924,0.000,0,1,0,0,0,0,-1,0,0,0,,0,,0,,0,0,0,1
1723801159,387,3,2,8,8,2.115,0,0,0.30 | 0.31 | 0.31,0,1.39 | 2.39 | 3.96,0,1.01 | 1.67 | 2.89,0.924,0.000,0,1,0,0,0,0,-1,0,0,0,,0,,0,,0,0,0,1
1723801159,387,3,2,8,8,2.115,0,0,0.30 | 0.31 | 0.31,0,1.39 | 2.39 | 3.96,0,1.01 | 1.67 | 2.89,0.924,0.000,0,1,0,0,0,0,-1,0,0,0,,0,,0,,0,0,0,1
1723801159,387,3,2,8,8,2.115,0,0,0.30 | 0.31 | 0.31,0,1.39 | 2.39 | 3.96,0,1.01 | 1.67 | 2.89,0.924,0.000,0,1,0,0,0,0,-1,0,0,0,,0,,0,,0,0,0,1
1723801159,387,3,2,8,8,2.115,0,0,0.30 | 0.31 | 0.31,0,1.39 | 2.39 | 3.96,0,1.01 | 1.67 | 2.89,0.924,0.000,0,1,0,0,0,0,-1,0,0,0,,0,,0,,0,0,0,1
1723801159,387,3,2,8,8,2.115,0,0,0.30 | 0.31 | 0.31,0,1.39 | 2.39 | 3.96,0,1.01 | 1.67 | 2.89,0.924,0.000,0,1,0,0,0,0,-1,0,0,0,,0,,0,,0,0,0,1
1723801159,387,3,2,8,8,2.115,0,0,0.30 | 0.31 | 0.31,0,1.39 | 2.39 | 3.96,0,1.01 | 1.67 | 2.89,0.924,0.000,0,1,0,0,0,0,-1,0,0,0,,0,,0,,0,0,0,1
1723801159,387,3,2,8,8,2.115,0,0,0.30 | 0.31 | 0.31,0,1.39 | 2.39 | 3.96,0,1.01 | 1.67 | 2.89,0.924,0.000,0,1,0,0,0,0,-1,0,0,0,,0,,0,,0,0,0,1
1723801159,387,3,2,8,8,6.118,0,0,0.30 | 0.31 | 0.31,0,1.39 | 2.33 | 3.96,0,1.01 | 1.71 | 2.89,0.936,0.000,0,1,0,0,0,0,-1,0,0,0,,0,,0,,0,0,0,1
1723801159,387,3,2,8,8,6.118,0,0,0.30 | 0.31 | 0.31,0,1.39 | 2.33 | 3.96,0,1.01 | 1.71 | 2.89,0.936,0.000,0,1,0,0,0,0,-1,0,0,0,,0,,0,,0,0,0,1
1723801160,387,3,2,8,8,6.118,0,0,0.30 | 0.31 | 0.31,0,1.39 | 2.33 | 3.96,0,1.01 | 1.71 | 2.89,0.936,0.000,0,1,0,0,0,0,-1,0,0,0,,0,,0,,0,0,0,1
1723801160,387,3,2,8,8,6.118,0,0,0.30 | 0.31 | 0.31,0,1.39 | 2.33 | 3.96,0,1.01 | 1.71 | 2.89,0.936,0.000,0,1,0,0,0,0,-1,0,0,0,,0,,0,,0,0,0,1
1723801160,387,3,2,8,8,6.118,0,0,0.30 | 0.31 | 0.31,0,1.39 | 2.33 | 3.96,0,1.01 | 1.71 | 2.89,0.936,0.000,0,1,0,0,0,0,-1,0,0,0,,0,,0,,0,0,0,1
1723801160,387,3,2,8,8,6.118,0,0,0.30 | 0.31 | 0.31,0,1.39 | 2.33 | 3.96,0,1.01 | 1.71 | 2.89,0.936,0.000,0,1,0,0,0,0,-1,0,0,0,,0,,0,,0,0,0,1
1723801160,387,3,2,8,8,6.118,0,0,0.30 | 0.31 | 0.31,0,1.39 | 2.33 | 3.96,0,1.01 | 1.71 | 2.89,0.936,0.000,0,1,0,0,0,0,-1,0,0,0,,0,,0,,0,0,0,1
1723801160,387,3,2,8,8,6.118,0,0,0.30 | 0.31 | 0.31,0,1.39 | 2.33 | 3.96,0,1.01 | 1.71 | 2.89,0.936,0.000,0,1,0,0,0,0,-1,0,0,0,,0,,0,,0,0,0,1
1723801160,387,3,2,8,8,6.118,0,0,0.30 | 0.31 | 0.31,0,1.39 | 2.33 | 3.96,0,1.01 | 1.71 | 2.89,0.936,0.000,0,1,0,0,0,0,-1,0,0,0,,0,,0,,0,0,0,1
1723801160,387,3,2,8,8,6.118,0,0,0.30 | 0.31 | 0.31,0,1.39 | 2.33 | 3.96,0,1.01 | 1.71 | 2.89,0.936,0.000,0,1,0,0,0,0,-1,0,0,0,,0,,0,,0,0,0,1
1723801160,387,2,2,8,8,5.056,0,0,0.30 | 0.31 | 0.31,0,1.39 | 2.33 | 3.96,0,1.01 | 1.71 | 2.89,0.936,0.000,0,1,0,0,0,0,-1,0,0,0,,0,,0,,0,0,0,1
1723801160,387,2,2,8,8,5.056,0,0,0.30 | 0.31 | 0.31,0,1.39 | 2.33 | 3.96,0,1.01 | 1.71 | 2.89,0.936,0.000,0,1,0,0,0,0,-1,0,0,0,,0,,0,,0,0,0,1
1723801161,387,2,2,8,8,5.056,0,0,0.30 | 0.31 | 0.31,0,1.39 | 2.33 | 3.96,0,1.01 | 1.71 | 2.89,0.936,0.000,0,1,0,0,0,0,-1,0,0,0,,0,,0,,0,0,0,1
1723801161,387,2,2,8,8,5.056,0,0,0.30 | 0.31 | 0.31,0,1.39 | 2.33 | 3.96,0,1.01 | 1.71 | 2.89,0.936,0.000,0,1,0,0,0,0,-1,0,0,0,,0,,0,,0,0,0,1
1723801161,387,2,2,8,8,5.056,0,0,0.30 | 0.31 | 0.31,0,1.39 | 2.33 | 3.96,0,1.01 | 1.71 | 2.89,0.936,0.000,0,1,0,0,0,0,-1,0,0,0,,0,,0,,0,0,0,1
1723801161,387,2,2,8,8,5.056,0,0,0.30 | 0.31 | 0.31,0,1.39 | 2.33 | 3.96,0,1.01 | 1.71 | 2.89,0.936,0.000,0,1,0,0,0,0,-1,0,0,0,,0,,0,,0,0,0,1
1723801161,387,2,2,8,8,5.056,0,0,0.30 | 0.31 | 0.31,0,1.39 | 2.33 | 3.96,0,1.01 | 1.71 | 2.89,0.936,0.000,0,1,0,0,0,0,-1,0,0,0,,0,,0,,0,0,0,1
1723801161,387,2,2,8,8,5.056,0,0,0.30 | 0.31 | 0.31,0,1.39 | 2.33 | 3.96,0,1.01 | 1.71 | 2.89,0.936,0.000,0,1,0,0,0,0,-1,0,0,0,,0,,0,,0,0,0,1
1723801161,387,2,2,8,8,5.056,0,0,0.30 | 0.31 | 0.31,0,1.39 | 2.33 | 3.96,0,1.01 | 1.71 | 2.89,0.936,0.000,0,1,0,0,0,0,-1,0,0,0,,0,,0,,0,0,0,1
1723801161,387,2,2,8,8,5.056,0,0,0.30 | 0.31 | 0.31,0,1.39 | 2.33 | 3.96,0,1.01 | 1.71 | 2.89,0.936,0.000,0,1,0,0,0,0,-1,0,0,0,,0,,0,,0,0,0,1
1723801161,387,2,2,8,8,7.193,0,0,0.31 | 0.31 | 0.31,0,1.42 | 2.34 | 3.96,0,1.01 | 1.71 | 2.81,0.936,0.000,0,1,0,0,0,0,-1,0,0,0,,0,,0,,0,0,0,1
1723801161,387,2,2,8,8,7.193,0,0,0.31 | 0.31 | 0.31,0,1.42 | 2.34 | 3.96,0,1.01 | 1.71 | 2.81,0.936,0.000,0,1,0,0,0,0,-1,0,0,0,,0,,0,,0,0,0,1
1723801162,387,2,2,8,8,7.193,0,0,0.31 | 0.31 | 0.31,0,1.42 | 2.34 | 3.96,0,1.01 | 1.71 | 2.81,0.936,0.000,0,1,0,0,0,0,-1,0,0,0,,0,,0,,0,0,0,1
1723801162,387,2,2,8,8,7.193,0,0,0.31 | 0.31 | 0.31,0,1.42 | 2.34 | 3.96,0,1.01 | 1.71 | 2.81,0.936,0.000,0,1,0,0,0,0,-1,0,0,0,,0,,0,,0,0,0,1
1723801162,387,2,2,8,8,7.193,0,0,0.31 | 0.31 | 0.31,0,1.42 | 2.34 | 3.96,0,1.01 | 1.71 | 2.81,0.936,0.000,0,1,0,0,0,0,-1,0,0,0,,0,,0,,0,0,0,1
1723801162,387,2,2,8,8,7.193,0,0,0.31 | 0.31 | 0.31,0,1.42 | 2.34 | 3.96,0,1.01 | 1.71 | 2.81,0.936,0.000,0,1,0,0,0,0,-1,0,0,0,,0,,0,,0,0,0,1
1723801162,387,2,2,8,8,7.193,0,0,0.31 | 0.31 | 0.31,0,1.42 | 2.34 | 3.96,0,1.01 | 1.71 | 2.81,0.936,0.000,0,1,0,0,0,0,-1,0,0,0,,0,,0,,0,0,0,1
1723801162,387,2,2,8,8,7.193,0,0,0.31 | 0.31 | 0.31,0,1.42 | 2.34 | 3.96,0,1.01 | 1.71 | 2.81,0.936,0.000,0,1,0,0,0,0,-1,0,0,0,,0,,0,,0,0,0,1
1723801162,387,2,2,8,8,7.193,0,0,0.31 | 0.31 | 0.31,0,1.42 | 2.34 | 3.96,0,1.01 | 1.71 | 2.81,0.936,0.000,0,1,0,0,0,0,-1,0,0,0,,0,,0,,0,0,0,1
1723801162,387,2,2,8,8,7.193,0,0,0.31 | 0.31 | 0.31,0,1.42 | 2.34 | 3.96,0,1.01 | 1.71 | 2.81,0.936,0.000,0,1,0,0,0,0,-1,0,0,0,,0,,0,,0,0,0,1
1723801162,387,2,2,8,8,6.131,0,0,0.31 | 0.31 | 0.31,0,1.42 | 2.34 | 3.96,0,1.01 | 1.71 | 2.81,0.936,0.000,0,1,0,0,0,0,-1,0,0,0,,0,,0,,0,0,0,1
1723801162,387,2,2,8,8,6.131,0,0,0.31 | 0.31 | 0.31,0,1.42 | 2.34 | 3.96,0,1.01 | 1.71 | 2.81,0.936,0.000,0,1,0,0,0,0,-1,0,0,0,,0,,0,,0,0,0,1
1723801163,387,2,2,8,8,6.131,0,0,0.31 | 0.31 | 0.31,0,1.42 | 2.34 | 3.96,0,1.01 | 1.71 | 2.81,0.936,0.000,0,1,0,0,0,0,-1,0,0,0,,0,,0,,0,0,0,1
1723801163,387,2,2,8,8,6.131,0,0,0.31 | 0.31 | 0.31,0,1.42 | 2.34 | 3.96,0,1.01 | 1.71 | 2.81,0.936,0.000,0,1,0,0,0,0,-1,0,0,0,,0,,0,,0,0,0,1
1723801163,387,2,2,8,8,6.131,0,0,0.31 | 0.31 | 0.31,0,1.42 | 2.34 | 3.96,0,1.01 | 1.71 | 2.81,0.936,0.000,0,1,0,0,0,0,-1,0,0,0,,0,,0,,0,0,0,1
1723801163,387,2,2,8,8,6.131,0,0,0.31 | 0.31 | 0.31,0,1.42 | 2.34 | 3.96,0,1.01 | 1.71 | 2.81,0.936,0.000,0,1,0,0,0,0,-1,0,0,0,,0,,0,,0,0,0,1
1723801163,387,2,2,8,8,6.131,0,0,0.31 | 0.31 | 0.31,0,1.42 | 2.34 | 3.96,0,1.01 | 1.71 | 2.81,0.936,0.000,0,1,0,0,0,0,-1,0,0,0,,0,,0,,0,0,0,1
1723801163,387,2,2,8,8,6.131,0,0,0.31 | 0.31 | 0.31,0,1.42 | 2.34 | 3.96,0,1.01 | 1.71 | 2.81,0.936,0.000,0,1,0,0,0,0,-1,0,0,0,,0,,0,,0,0,0,1
1723801163,387,2,2,8,8,6.131,0,0,0.31 | 0.31 | 0.31,0,1.42 | 2.34 | 3.96,0,1.01 | 1.71 | 2.81,0.936,0.000,0,1,0,0,0,0,-1,0,0,0,,0,,0,,0,0,0,1
1723801163,387,2,2,8,8,6.131,0,0,0.31 | 0.31 | 0.31,0,1.42 | 2.34 | 3.96,0,1.01 | 1.71 | 2.81,0.936,0.000,0,1,0,0,0,0,-1,0,0,0,,0,,0,,0,0,0,1
1723801163,387,2,2,8,8,9.868,0,0,0.31 | 0.31 | 0.31,0,1.42 | 1.93 | 2.28,0,1.75 | 2.08 | 2.81,0.944,0.000,0,1,0,0,0,0,-1,0,0,0,,0,,0,,0,0,0,1
1723801163,387,2,2,8,8,9.868,0,0,0.31 | 0.31 | 0.31,0,1.42 | 1.93 | 2.28,0,1.75 | 2.08 | 2.81,0.944,0.000,0,1,0,0,0,0,-1,0,0,0,,0,,0,,0,0,0,1
1723801164,387,2,2,8,8,9.868,0,0,0.31 | 0.31 | 0.31,0,1.42 | 1.93 | 2.28,0,1.75 | 2.08 | 2.81,0.944,0.000,0,1,0,0,0,0,-1,0,0,0,,0,,0,,0,0,0,1
1723801164,387,2,2,8,8,9.868,0,0,0.31 | 0.31 | 0.31,0,1.42 | 1.93 | 2.28,0,1.75 | 2.08 | 2.81,0.944,0.000,0,1,0,0,0,0,-1,0,0,0,,0,,0,,0,0,0,1
1723801164,387,2,2,8,8,9.868,0,0,0.31 | 0.31 | 0.31,0,1.42 | 1.93 | 2.28,0,1.75 | 2.08 | 2.81,0.944,0.000,0,1,0,0,0,0,-1,0,0,0,,0,,0,,0,0,0,1
1723801164,387,2,2,8,8,9.868,0,0,0.31 | 0.31 | 0.31,0,1.42 | 1.93 | 2.28,0,1.75 | 2.08 | 2.81,0.944,0.000,0,1,0,0,0,0,-1,0,0,0,,0,,0,,0,0,0,1
1723801164,387,2,2,8,8,9.868,0,0,0.31 | 0.31 | 0.31,0,1.42 | 1.93 | 2.28,0,1.75 | 2.08 | 2.81,0.944,0.000,0,1,0,0,0,0,-1,0,0,0,,0,,0,,0,0,0,1
1723801164,387,2,2,8,8,9.868,0,0,0.31 | 0.31 | 0.31,0,1.42 | 1.93 | 2.28,0,1.75 | 2.08 | 2.81,0.944,0.000,0,1,0,0,0,0,-1,0,0,0,,0,,0,,0,0,0,1
1723801164,387,2,2,8,8,9.868,0,0,0.31 | 0.31 | 0.31,0,1.42 | 1.93 | 2.28,0,1.75 | 2.08 | 2.81,0.944,0.000,0,1,0,0,0,0,-1,0,0,0,,0,,0,,0,0,0,1
1723801164,387,2,2,8,8,9.868,0,0,0.31 | 0.31 | 0.31,0,1.42 | 1.93 | 2.28,0,1.75 | 2.08 | 2.81,0.944,0.000,0,1,0,0,0,0,-1,0,0,0,,0,,0,,0,0,0,1
1723801164,387,2,2,8,8,8.871,0,0,0.31 | 0.31 | 0.31,0,1.42 | 1.93 | 2.28,0,1.75 | 2.08 | 2.81,0.944,0.000,0,1,0,0,0,0,-1,0,0,0,,0,,0,,0,0,0,1
1723801164,387,2,2,8,8,8.871,0,0,0.31 | 0.31 | 0.31,0,1.42 | 1.93 | 2.28,0,1.75 | 2.08 | 2.81,0.944,0.000,0,1,0,0,0,0,-1,0,0,0,,0,,0,,0,0,0,1
1723801165,387,2,2,8,8,8.871,0,0,0.31 | 0.31 | 0.31,0,1.42 | 1.93 | 2.28,0,1.75 | 2.08 | 2.81,0.944,0.000,0,1,0,0,0,0,-1,0,0,0,,0,,0,,0,0,0,1
1723801165,387,2,2,8,8,8.871,0,0,0.31 | 0.31 | 0.31,0,1.42 | 1.93 | 2.28,0,1.75 | 2.08 | 2.81,0.944,0.000,0,1,0,0,0,0,-1,0,0,0,,0,,0,,0,0,0,1
1723801165,387,2,2,8,8,8.871,0,0,0.31 | 0.31 | 0.31,0,1.42 | 1.93 | 2.28,0,1.75 | 2.08 | 2.81,0.944,0.000,0,1,0,0,0,0,-1,0,0,0,,0,,0,,0,0,0,1
1723801165,387,2,2,8,8,8.871,0,0,0.31 | 0.31 | 0.31,0,1.42 | 1.93 | 2.28,0,1.75 | 2.08 | 2.81,0.944,0.000,0,1,0,0,0,0,-1,0,0,0,,0,,0,,0,0,0,1
1723801165,387,2,2,8,8,8.871,0,0,0.31 | 0.31 | 0.31,0,1.42 | 1.93 | 2.28,0,1.75 | 2.08 | 2.81,0.944,0.000,0,1,0,0,0,0,-1,0,0,0,,0,,0,,0,0,0,1
1723801165,387,2,2,8,8,8.871,0,0,0.31 | 0.31 | 0.31,0,1.42 | 1.93 | 2.28,0,1.75 | 2.08 | 2.81,0.944,0.000,0,1,0,0,0,0,-1,0,0,0,,0,,0,,0,0,0,1
1723801165,387,2,2,8,8,8.871,0,0,0.31 | 0.31 | 0.31,0,1.42 | 1.93 | 2.28,0,1.75 | 2.08 | 2.81,0.944,0.000,0,1,0,0,0,0,-1,0,0,0,,0,,0,,0,0,0,1
1723801165,387,2,2,8,8,8.871,0,0,0.31 | 0.31 | 0.31,0,1.42 | 1.93 | 2.28,0,1.75 | 2.08 | 2.81,0.944,0.000,0,1,0,0,0,0,-1,0,0,0,,0,,0,,0,0,0,1
1723801165,387,2,2,8,8,11.209,0,0,0.30 | 0.31 | 0.31,0,1.42 | 1.75 | 2.28,0,1.75 | 2.29 | 2.81,0.926,0.000,0,1,0,0,0,0,-1,0,0,0,,0,,0,,0,0,0,1
1723801165,387,2,2,8,8,11.209,0,0,0.30 | 0.31 | 0.31,0,1.42 | 1.75 | 2.28,0,1.75 | 2.29 | 2.81,0.926,0.000,0,1,0,0,0,0,-1,0,0,0,,0,,0,,0,0,0,1
1723801166,387,2,2,8,8,11.209,0,0,0.30 | 0.31 | 0.31,0,1.42 | 1.75 | 2.28,0,1.75 | 2.29 | 2.81,0.926,0.000,0,1,0,0,0,0,-1,0,0,0,,0,,0,,0,0,0,1
1723801166,387,2,2,8,8,11.209,0,0,0.30 | 0.31 | 0.31,0,1.42 | 1.75 | 2.28,0,1.75 | 2.29 | 2.81,0.926,0.000,0,1,0,0,0,0,-1,0,0,0,,0,,0,,0,0,0,1
1723801166,387,2,2,8,8,11.209,0,0,0.30 | 0.31 | 0.31,0,1.42 | 1.75 | 2.28,0,1.75 | 2.29 | 2.81,0.926,0.000,0,1,0,0,0,0,-1,0,0,0,,0,,0,,0,0,0,1
1723801166,387,2,2,8,8,11.209,0,0,0.30 | 0.31 | 0.31,0,1.42 | 1.75 | 2.28,0,1.75 | 2.29 | 2.81,0.926,0.000,0,1,0,0,0,0,-1,0,0,0,,0,,0,,0,0,0,1
1723801166,387,2,2,8,8,11.209,0,0,0.30 | 0.31 | 0.31,0,1.42 | 1.75 | 2.28,0,1.75 | 2.29 | 2.81,0.926,0.000,0,1,0,0,0,0,-1,0,0,0,,0,,0,,0,0,0,1
1723801166,387,2,2,8,8,11.209,0,0,0.30 | 0.31 | 0.31,0,1.42 | 1.75 | 2.28,0,1.75 | 2.29 | 2.81,0.926,0.000,0,1,0,0,0,0,-1,0,0,0,,0,,0,,0,0,0,1
1723801166,387,2,2,8,8,11.209,0,0,0.30 | 0.31 | 0.31,0,1.42 | 1.75 | 2.28,0,1.75 | 2.29 | 2.81,0.926,0.000,0,1,0,0,0,0,-1,0,0,0,,0,,0,,0,0,0,1
1723801166,387,2,2,8,8,11.209,0,0,0.30 | 0.31 | 0.31,0,1.42 | 1.75 | 2.28,0,1.75 | 2.29 | 2.81,0.926,0.000,0,1,0,0,0,0,-1,0,0,0,,0,,0,,0,0,0,1
1723801166,387,2,2,8,8,10.146,0,0,0.30 | 0.31 | 0.31,0,1.42 | 1.75 | 2.28,0,1.75 | 2.29 | 2.81,0.926,0.000,0,1,0,0,0,0,-1,0,0,0,,0,,0,,0,0,0,1
1723801166,387,2,2,8,8,10.146,0,0,0.30 | 0.31 | 0.31,0,1.42 | 1.75 | 2.28,0,1.75 | 2.29 | 2.81,0.926,0.000,0,1,0,0,0,0,-1,0,0,0,,0,,0,,0,0,0,1
1723801167,387,2,2,8,8,10.146,0,0,0.30 | 0.31 | 0.31,0,1.42 | 1.75 | 2.28,0,1.75 | 2.29 | 2.81,0.926,0.000,0,1,0,0,0,0,-1,0,0,0,,0,,0,,0,0,0,1
1723801167,387,2,2,8,8,10.146,0,0,0.30 | 0.31 | 0.31,0,1.42 | 1.75 | 2.28,0,1.75 | 2.29 | 2.81,0.926,0.000,0,1,0,0,0,0,-1,0,0,0,,0,,0,,0,0,0,1
1723801167,387,2,2,8,8,10.146,0,0,0.30 | 0.31 | 0.31,0,1.42 | 1.75 | 2.28,0,1.75 | 2.29 | 2.81,0.926,0.000,0,1,0,0,0,0,-1,0,0,0,,0,,0,,0,0,0,1
1723801167,387,2,2,8,8,10.146,0,0,0.30 | 0.31 | 0.31,0,1.42 | 1.75 | 2.28,0,1.75 | 2.29 | 2.81,0.926,0.000,0,1,0,0,0,0,-1,0,0,0,,0,,0,,0,0,0,1
1723801167,387,2,2,8,8,10.146,0,0,0.30 | 0.31 | 0.31,0,1.42 | 1.75 | 2.28,0,1.75 | 2.29 | 2.81,0.926,0.000,0,1,0,0,0,0,-1,0,0,0,,0,,0,,0,0,0,1
1723801167,387,2,2,8,8,10.146,0,0,0.30 | 0.31 | 0.31,0,1.42 | 1.75 | 2.28,0,1.75 | 2.29 | 2.81,0.926,0.000,0,1,0,0,0,0,-1,0,0,0,,0,,0,,0,0,0,1
1723801167,387,2,2,8,8,10.146,0,0,0.30 | 0.31 | 0.31,0,1.42 | 1.75 | 2.28,0,1.75 | 2.29 | 2.81,0.926,0.000,0,1,0,0,0,0,-1,0,0,0,,0,,0,,0,0,0,1
1723801167,387,2,2,8,8,10.146,0,0,0.30 | 0.31 | 0.31,0,1.42 | 1.75 | 2.28,0,1.75 | 2.29 | 2.81,0.926,0.000,0,1,0,0,0,0,-1,0,0,0,,0,,0,,0,0,0,1
1723801167,387,2,2,8,8,13.884,0,0,0.30 | 0.31 | 0.31,0,1.42 | 1.80 | 2.28,0,1.75 | 2.22 | 2.81,0.938,0.000,0,1,0,0,0,0,-1,0,0,0,,0,,0,,0,0,0,1
1723801167,387,2,2,8,8,13.884,0,0,0.30 | 0.31 | 0.31,0,1.42 | 1.80 | 2.28,0,1.75 | 2.22 | 2.81,0.938,0.000,0,1,0,0,0,0,-1,0,0,0,,0,,0,,0,0,0,1
1723801168,387,2,2,8,8,13.884,0,0,0.30 | 0.31 | 0.31,0,1.42 | 1.80 | 2.28,0,1.75 | 2.22 | 2.81,0.938,0.000,0,1,0,0,0,0,-1,0,0,0,,0,,0,,0,0,0,1
1723801168,387,2,2,8,8,13.884,0,0,0.30 | 0.31 | 0.31,0,1.42 | 1.80 | 2.28,0,1.75 | 2.22 | 2.81,0.938,0.000,0,1,0,0,0,0,-1,0,0,0,,0,,0,,0,0,0,1
1723801168,387,2,2,8,8,13.884,0,0,0.30 | 0.31 | 0.31,0,1.42 | 1.80 | 2.28,0,1.75 | 2.22 | 2.81,0.938,0.000,0,1,0,0,0,0,-1,0,0,0,,0,,0,,0,0,0,1
1723801168,387,2,2,8,8,13.884,0,0,0.30 | 0.31 | 0.31,0,1.42 | 1.80 | 2.28,0,1.75 | 2.22 | 2.81,0.938,0.000,0,1,0,0,0,0,-1,0,0,0,,0,,0,,0,0,0,1
1723801168,387,2,2,8,8,13.884,0,0,0.30 | 0.31 | 0.31,0,1.42 | 1.80 | 2.28,0,1.75 | 2.22 | 2.81,0.938,0.000,0,1,0,0,0,0,-1,0,0,0,,0,,0,,0,0,0,1
1723801168,387,2,2,8,8,13.884,0,0,0.30 | 0.31 | 0.31,0,1.42 | 1.80 | 2.28,0,1.75 | 2.22 | 2.81,0.938,0.000,0,1,0,0,0,0,-1,0,0,0,,0,,0,,0,0,0,1
1723801168,387,2,2,8,8,13.884,0,0,0.30 | 0.31 | 0.31,0,1.42 | 1.80 | 2.28,0,1.75 | 2.22 | 2.81,0.938,0.000,0,1,0,0,0,0,-1,0,0,0,,0,,0,,0,0,0,1
1723801168,387,2,2,8,8,13.884,0,0,0.30 | 0.31 | 0.31,0,1.42 | 1.80 | 2.28,0,1.75 | 2.22 | 2.81,0.938,0.000,0,1,0,0,0,0,-1,0,0,0,,0,,0,,0,0,0,1
1723801168,387,2,2,8,8,13.087,0,0,0.30 | 0.31 | 0.31,0,1.42 | 1.80 | 2.28,0,1.75 | 2.22 | 2.81,0.938,0.000,0,1,0,0,0,0,-1,0,0,0,,0,,0,,0,0,0,1
1723801168,387,2,2,8,8,13.087,0,0,0.30 | 0.31 | 0.31,0,1.42 | 1.80 | 2.28,0,1.75 | 2.22 | 2.81,0.938,0.000,0,1,0,0,0,0,-1,0,0,0,,0,,0,,0,0,0,1
1723801169,387,2,2,8,8,13.087,0,0,0.30 | 0.31 | 0.31,0,1.42 | 1.80 | 2.28,0,1.75 | 2.22 | 2.81,0.938,0.000,0,1,0,0,0,0,-1,0,0,0,,0,,0,,0,0,0,1
1723801169,387,2,2,8,8,13.087,0,0,0.30 | 0.31 | 0.31,0,1.42 | 1.80 | 2.28,0,1.75 | 2.22 | 2.81,0.938,0.000,0,1,0,0,0,0,-1,0,0,0,,0,,0,,0,0,0,1
1723801169,387,2,2,8,8,13.087,0,0,0.30 | 0.31 | 0.31,0,1.42 | 1.80 | 2.28,0,1.75 | 2.22 | 2.81,0.938,0.000,0,1,0,0,0,0,-1,0,0,0,,0,,0,,0,0,0,1
1723801169,387,2,2,8,8,13.087,0,0,0.30 | 0.31 | 0.31,0,1.42 | 1.80 | 2.28,0,1.75 | 2.22 | 2.81,0.938,0.000,0,1,0,0,0,0,-1,0,0,0,,0,,0,,0,0,0,1
1723801169,387,2,2,8,8,13.087,0,0,0.30 | 0.31 | 0.31,0,1.42 | 1.80 | 2.28,0,1.75 | 2.22 | 2.81,0.938,0.000,0,1,0,0,0,0,-1,0,0,0,,0,,0,,0,0,0,1
1723801169,387,2,2,8,8,13.087,0,0,0.30 | 0.31 | 0.31,0,1.42 | 1.80 | 2.28,0,1.75 | 2.22 | 2.81,0.938,0.000,0,1,0,0,0,0,-1,0,0,0,,0,,0,,0,0,0,1
1723801169,387,2,2,8,8,13.087,0,0,0.30 | 0.31 | 0.31,0,1.42 | 1.80 | 2.28,0,1.75 | 2.22 | 2.81,0.938,0.000,0,1,0,0,0,0,-1,0,0,0,,0,,0,,0,0,0,1
1723801169,387,2,2,8,8,13.087,0,0,0.30 | 0.31 | 0.31,0,1.42 | 1.80 | 2.28,0,1.75 | 2.22 | 2.81,0.938,0.000,0,1,0,0,0,0,-1,0,0,0,,0,,0,,0,0,0,1
1723801169,387,2,2,8,8,12.024,0,0,0.30 | 0.31 | 0.31,0,1.42 | 1.80 | 2.28,0,1.75 | 2.22 | 2.81,0.938,0.000,0,1,0,0,0,0,-1,0,0,0,,0,,0,,0,0,0,1
1723801169,387,2,2,8,8,12.024,0,0,0.30 | 0.31 | 0.31,0,1.42 | 1.80 | 2.28,0,1.75 | 2.22 | 2.81,0.938,0.000,0,1,0,0,0,0,-1,0,0,0,,0,,0,,0,0,0,1
1723801170,387,2,2,8,8,12.024,0,0,0.30 | 0.31 | 0.31,0,1.42 | 1.80 | 2.28,0,1.75 | 2.22 | 2.81,0.938,0.000,0,1,0,0,0,0,-1,0,0,0,,0,,0,,0,0,0,1
1723801170,387,2,2,8,8,12.024,0,0,0.30 | 0.31 | 0.31,0,1.42 | 1.80 | 2.28,0,1.75 | 2.22 | 2.81,0.938,0.000,0,1,0,0,0,0,-1,0,0,0,,0,,0,,0,0,0,1
1723801170,387,2,2,8,8,12.024,0,0,0.30 | 0.31 | 0.31,0,1.42 | 1.80 | 2.28,0,1.75 | 2.22 | 2.81,0.938,0.000,0,1,0,0,0,0,-1,0,0,0,,0,,0,,0,0,0,1
1723801170,387,2,2,8,8,12.024,0,0,0.30 | 0.31 | 0.31,0,1.42 | 1.80 | 2.28,0,1.75 | 2.22 | 2.81,0.938,0.000,0,1,0,0,0,0,-1,0,0,0,,0,,0,,0,0,0,1
1723801170,387,2,2,8,8,12.024,0,0,0.30 | 0.31 | 0.31,0,1.42 | 1.80 | 2.28,0,1.75 | 2.22 | 2.81,0.938,0.000,0,1,0,0,0,0,-1,0,0,0,,0,,0,,0,0,0,1
1723801170,387,2,2,8,8,12.024,0,0,0.30 | 0.31 | 0.31,0,1.42 | 1.80 | 2.28,0,1.75 | 2.22 | 2.81,0.938,0.000,0,1,0,0,0,0,-1,0,0,0,,0,,0,,0,0,0,1
1723801170,387,2,2,8,8,12.024,0,0,0.30 | 0.31 | 0.31,0,1.42 | 1.80 | 2.28,0,1.75 | 2.22 | 2.81,0.938,0.000,0,1,0,0,0,0,-1,0,0,0,,0,,0,,0,0,0,1
1723801170,387,2,2,8,8,12.024,0,0,0.30 | 0.31 | 0.31,0,1.42 | 1.80 | 2.28,0,1.75 | 2.22 | 2.81,0.938,0.000,0,1,0,0,0,0,-1,0,0,0,,0,,0,,0,0,0,1
1723801170,387,2,2,8,8,10.962,0,0,0.30 | 0.31 | 0.31,0,1.42 | 1.80 | 2.28,0,1.75 | 2.22 | 2.81,0.938,0.000,0,1,0,0,0,0,-1,0,0,0,,0,,0,,0,0,0,1
1723801170,387,2,2,8,8,10.962,0,0,0.30 | 0.31 | 0.31,0,1.42 | 1.80 | 2.28,0,1.75 | 2.22 | 2.81,0.938,0.000,0,1,0,0,0,0,-1,0,0,0,,0,,0,,0,0,0,1
1723801171,387,2,2,8,8,10.962,0,0,0.30 | 0.31 | 0.31,0,1.42 | 1.80 | 2.28,0,1.75 | 2.22 | 2.81,0.938,0.000,0,1,0,0,0,0,-1,0,0,0,,0,,0,,0,0,0,1
1723801171,387,2,2,8,8,10.962,0,0,0.30 | 0.31 | 0.31,0,1.42 | 1.80 | 2.28,0,1.75 | 2.22 | 2.81,0.938,0.000,0,1,0,0,0,0,-1,0,0,0,,0,,0,,0,0,0,1
1723801171,387,2,2,8,8,10.962,0,0,0.30 | 0.31 | 0.31,0,1.42 | 1.80 | 2.28,0,1.75 | 2.22 | 2.81,0.938,0.000,0,1,0,0,0,0,-1,0,0,0,,0,,0,,0,0,0,1
1723801171,387,2,2,8,8,10.962,0,0,0.30 | 0.31 | 0.31,0,1.42 | 1.80 | 2.28,0,1.75 | 2.22 | 2.81,0.938,0.000,0,1,0,0,0,0,-1,0,0,0,,0,,0,,0,0,0,1
1723801171,387,2,2,8,8,10.962,0,0,0.30 | 0.31 | 0.31,0,1.42 | 1.80 | 2.28,0,1.75 | 2.22 | 2.81,0.938,0.000,0,1,0,0,0,0,-1,0,0,0,,0,,0,,0,0,0,1
1723801171,387,2,2,8,8,10.962,0,0,0.30 | 0.31 | 0.31,0,1.42 | 1.80 | 2.28,0,1.75 | 2.22 | 2.81,0.938,0.000,0,1,0,0,0,0,-1,0,0,0,,0,,0,,0,0,0,1
1723801171,387,2,2,8,8,10.962,0,0,0.30 | 0.31 | 0.31,0,1.42 | 1.80 | 2.28,0,1.75 | 2.22 | 2.81,0.938,0.000,0,1,0,0,0,0,-1,0,0,0,,0,,0,,0,0,0,1
1723801171,387,2,2,8,8,10.962,0,0,0.30 | 0.31 | 0.31,0,1.42 | 1.80 | 2.28,0,1.75 | 2.22 | 2.81,0.938,0.000,0,1,0,0,0,0,-1,0,0,0,,0,,0,,0,0,0,1
1723801171,387,2,2,8,8,13.099,0,0,0.30 | 0.31 | 0.31,0,1.08 | 1.71 | 2.28,0,1.75 | 2.34 | 3.72,0.939,0.000,0,1,0,0,0,0,-1,0,0,0,,0,,0,,0,0,0,1
1723801171,387,2,2,8,8,13.099,0,0,0.30 | 0.31 | 0.31,0,1.08 | 1.71 | 2.28,0,1.75 | 2.34 | 3.72,0.939,0.000,0,1,0,0,0,0,-1,0,0,0,,0,,0,,0,0,0,1
1723801172,387,2,2,8,8,13.099,0,0,0.30 | 0.31 | 0.31,0,1.08 | 1.71 | 2.28,0,1.75 | 2.34 | 3.72,0.939,0.000,0,1,0,0,0,0,-1,0,0,0,,0,,0,,0,0,0,1
1723801172,387,2,2,8,8,13.099,0,0,0.30 | 0.31 | 0.31,0,1.08 | 1.71 | 2.28,0,1.75 | 2.34 | 3.72,0.939,0.000,0,1,0,0,0,0,-1,0,0,0,,0,,0,,0,0,0,1
1723801172,387,2,2,8,8,13.099,0,0,0.30 | 0.31 | 0.31,0,1.08 | 1.71 | 2.28,0,1.75 | 2.34 | 3.72,0.939,0.000,0,1,0,0,0,0,-1,0,0,0,,0,,0,,0,0,0,1
1723801172,387,2,2,8,8,13.099,0,0,0.30 | 0.31 | 0.31,0,1.08 | 1.71 | 2.28,0,1.75 | 2.34 | 3.72,0.939,0.000,0,1,0,0,0,0,-1,0,0,0,,0,,0,,0,0,0,1
1723801172,387,2,2,8,8,13.099,0,0,0.30 | 0.31 | 0.31,0,1.08 | 1.71 | 2.28,0,1.75 | 2.34 | 3.72,0.939,0.000,0,1,0,0,0,0,-1,0,0,0,,0,,0,,0,0,0,1
1723801172,387,2,2,8,8,13.099,0,0,0.30 | 0.31 | 0.31,0,1.08 | 1.71 | 2.28,0,1.75 | 2.34 | 3.72,0.939,0.000,0,1,0,0,0,0,-1,0,0,0,,0,,0,,0,0,0,1
1723801172,387,2,2,8,8,13.099,0,0,0.30 | 0.31 | 0.31,0,1.08 | 1.71 | 2.28,0,1.75 | 2.34 | 3.72,0.939,0.000,0,1,0,0,0,0,-1,0,0,0,,0,,0,,0,0,0,1
1723801172,387,2,2,8,8,13.099,0,0,0.30 | 0.31 | 0.31,0,1.08 | 1.71 | 2.28,0,1.75 | 2.34 | 3.72,0.939,0.000,0,1,0,0,0,0,-1,0,0,0,,0,,0,,0,0,0,1
1723801172,387,2,2,8,8,12.303,0,0,0.30 | 0.31 | 0.31,0,1.08 | 1.71 | 2.28,0,1.75 | 2.34 | 3.72,0.939,0.000,0,1,0,0,0,0,-1,0,0,0,,0,,0,,0,0,0,1
1723801172,387,2,2,8,8,12.303,0,0,0.30 | 0.31 | 0.31,0,1.08 | 1.71 | 2.28,0,1.75 | 2.34 | 3.72,0.939,0.000,0,1,0,0,0,0,-1,0,0,0,,0,,0,,0,0,0,1
1723801173,387,2,2,8,8,12.303,0,0,0.30 | 0.31 | 0.31,0,1.08 | 1.71 | 2.28,0,1.75 | 2.34 | 3.72,0.939,0.000,0,1,0,0,0,0,-1,0,0,0,,0,,0,,0,0,0,1
1723801173,387,2,2,8,8,12.303,0,0,0.30 | 0.31 | 0.31,0,1.08 | 1.71 | 2.28,0,1.75 | 2.34 | 3.72,0.939,0.000,0,1,0,0,0,0,-1,0,0,0,,0,,0,,0,0,0,1
1723801173,387,2,2,8,8,12.303,0,0,0.30 | 0.31 | 0.31,0,1.08 | 1.71 | 2.28,0,1.75 | 2.34 | 3.72,0.939,0.000,0,1,0,0,0,0,-1,0,0,0,,0,,0,,0,0,0,1
1723801173,387,2,2,8,8,12.303,0,0,0.30 | 0.31 | 0.31,0,1.08 | 1.71 | 2.28,0,1.75 | 2.34 | 3.72,0.939,0.000,0,1,0,0,0,0,-1,0,0,0,,0,,0,,0,0,0,1
1723801173,387,2,2,8,8,12.303,0,0,0.30 | 0.31 | 0.31,0,1.08 | 1.71 | 2.28,0,1.75 | 2.34 | 3.72,0.939,0.000,0,1,0,0,0,0,-1,0,0,0,,0,,0,,0,0,0,1
1723801173,387,2,2,8,8,12.303,0,0,0.30 | 0.31 | 0.31,0,1.08 | 1.71 | 2.28,0,1.75 | 2.34 | 3.72,0.939,0.000,0,1,0,0,0,0,-1,0,0,0,,0,,0,,0,0,0,1
1723801173,387,2,2,8,8,12.303,0,0,0.30 | 0.31 | 0.31,0,1.08 | 1.71 | 2.28,0,1.75 | 2.34 | 3.72,0.939,0.000,0,1,0,0,0,0,-1,0,0,0,,0,,0,,0,0,0,1
1723801173,387,2,2,8,8,12.303,0,0,0.30 | 0.31 | 0.31,0,1.08 | 1.71 | 2.28,0,1.75 | 2.34 | 3.72,0.939,0.000,0,1,0,0,0,0,-1,0,0,0,,0,,0,,0,0,0,1
1723801173,387,2,2,8,8,11.24,0,0,0.30 | 0.31 | 0.31,0,1.08 | 1.71 | 2.28,0,1.75 | 2.34 | 3.72,0.939,0.000,0,1,0,0,0,0,-1,0,0,0,,0,,0,,0,0,0,1
1723801173,387,2,2,8,8,11.24,0,0,0.30 | 0.31 | 0.31,0,1.08 | 1.71 | 2.28,0,1.75 | 2.34 | 3.72,0.939,0.000,0,1,0,0,0,0,-1,0,0,0,,0,,0,,0,0,0,1
1723801174,387,2,2,8,8,11.24,0,0,0.30 | 0.31 | 0.31,0,1.08 | 1.71 | 2.28,0,1.75 | 2.34 | 3.72,0.939,0.000,0,1,0,0,0,0,-1,0,0,0,,0,,0,,0,0,0,1
1723801174,387,2,2,8,8,11.24,0,0,0.30 | 0.31 | 0.31,0,1.08 | 1.71 | 2.28,0,1.75 | 2.34 | 3.72,0.939,0.000,0,1,0,0,0,0,-1,0,0,0,,0,,0,,0,0,0,1
1723801174,387,2,2,8,8,11.24,0,0,0.30 | 0.31 | 0.31,0,1.08 | 1.71 | 2.28,0,1.75 | 2.34 | 3.72,0.939,0.000,0,1,0,0,0,0,-1,0,0,0,,0,,0,,0,0,0,1
1723801174,387,2,2,8,8,11.24,0,0,0.30 | 0.31 | 0.31,0,1.08 | 1.71 | 2.28,0,1.75 | 2.34 | 3.72,0.939,0.000,0,1,0,0,0,0,-1,0,0,0,,0,,0,,0,0,0,1
1723801174,387,2,2,8,8,11.24,0,0,0.30 | 0.31 | 0.31,0,1.08 | 1.71 | 2.28,0,1.75 | 2.34 | 3.72,0.939,0.000,0,1,0,0,0,0,-1,0,0,0,,0,,0,,0,0,0,1
1723801174,387,2,2,8,8,11.24,0,0,0.30 | 0.31 | 0.31,0,1.08 | 1.71 | 2.28,0,1.75 | 2.34 | 3.72,0.939,0.000,0,1,0,0,0,0,-1,0,0,0,,0,,0,,0,0,0,1
1723801174,387,2,2,8,8,11.24,0,0,0.30 | 0.31 | 0.31,0,1.08 | 1.71 | 2.28,0,1.75 | 2.34 | 3.72,0.939,0.000,0,1,0,0,0,0,-1,0,0,0,,0,,0,,0,0,0,1
1723801174,387,2,2,8,8,11.24,0,0,0.30 | 0.31 | 0.31,0,1.08 | 1.71 | 2.28,0,1.75 | 2.34 | 3.72,0.939,0.000,0,1,0,0,0,0,-1,0,0,0,,0,,0,,0,0,0,1
1723801174,387,2,2,8,8,10.071,0,0,0.30 | 0.31 | 0.31,0,1.08 | 1.71 | 2.28,0,1.75 | 2.34 | 3.72,0.939,0.000,0,1,0,0,0,0,-1,0,0,0,,0,,0,,0,0,0,1
1723801174,387,2,2,8,8,10.071,0,0,0.30 | 0.31 | 0.31,0,1.08 | 1.71 | 2.28,0,1.75 | 2.34 | 3.72,0.939,0.000,0,1,0,0,0,0,-1,0,0,0,,0,,0,,0,0,0,1
1723801175,387,2,2,8,8,10.071,0,0,0.30 | 0.31 | 0.31,0,1.08 | 1.71 | 2.28,0,1.75 | 2.34 | 3.72,0.939,0.000,0,1,0,0,0,0,-1,0,0,0,,0,,0,,0,0,0,1
1723801175,387,2,2,8,8,10.071,0,0,0.30 | 0.31 | 0.31,0,1.08 | 1.71 | 2.28,0,1.75 | 2.34 | 3.72,0.939,0.000,0,1,0,0,0,0,-1,0,0,0,,0,,0,,0,0,0,1
1723801175,387,2,2,8,8,10.071,0,0,0.30 | 0.31 | 0.31,0,1.08 | 1.71 | 2.28,0,1.75 | 2.34 | 3.72,0.939,0.000,0,1,0,0,0,0,-1,0,0,0,,0,,0,,0,0,0,1
1723801175,387,2,2,8,8,10.071,0,0,0.30 | 0.31 | 0.31,0,1.08 | 1.71 | 2.28,0,1.75 | 2.34 | 3.72,0.939,0.000,0,1,0,0,0,0,-1,0,0,0,,0,,0,,0,0,0,1
1723801175,387,2,2,8,8,10.071,0,0,0.30 | 0.31 | 0.31,0,1.08 | 1.71 | 2.28,0,1.75 | 2.34 | 3.72,0.939,0.000,0,1,0,0,0,0,-1,0,0,0,,0,,0,,0,0,0,1
1723801175,387,2,2,8,8,10.071,0,0,0.30 | 0.31 | 0.31,0,1.08 | 1.71 | 2.28,0,1.75 | 2.34 | 3.72,0.939,0.000,0,1,0,0,0,0,-1,0,0,0,,0,,0,,0,0,0,1
1723801175,387,2,2,8,8,10.071,0,0,0.30 | 0.31 | 0.31,0,1.08 | 1.71 | 2.28,0,1.75 | 2.34 | 3.72,0.939,0.000,0,1,0,0,0,0,-1,0,0,0,,0,,0,,0,0,0,1
1723801175,387,2,2,8,8,10.071,0,0,0.30 | 0.31 | 0.31,0,1.08 | 1.71 | 2.28,0,1.75 | 2.34 | 3.72,0.939,0.000,0,1,0,0,0,0,-1,0,0,0,,0,,0,,0,0,0,1
1723801175,387,2,2,8,8,9.115,0,0,0.30 | 0.31 | 0.31,0,1.08 | 1.71 | 2.28,0,1.75 | 2.34 | 3.72,0.939,0.000,0,1,0,0,0,0,-1,0,0,0,,0,,0,,0,0,0,1
1723801175,387,2,2,8,8,9.115,0,0,0.30 | 0.31 | 0.31,0,1.08 | 1.71 | 2.28,0,1.75 | 2.34 | 3.72,0.939,0.000,0,1,0,0,0,0,-1,0,0,0,,0,,0,,0,0,0,1
1723801176,387,2,2,8,8,9.115,0,0,0.30 | 0.31 | 0.31,0,1.08 | 1.71 | 2.28,0,1.75 | 2.34 | 3.72,0.939,0.000,0,1,0,0,0,0,-1,0,0,0,,0,,0,,0,0,0,1
1723801176,387,2,2,8,8,9.115,0,0,0.30 | 0.31 | 0.31,0,1.08 | 1.71 | 2.28,0,1.75 | 2.34 | 3.72,0.939,0.000,0,1,0,0,0,0,-1,0,0,0,,0,,0,,0,0,0,1
1723801176,387,2,2,8,8,9.115,0,0,0.30 | 0.31 | 0.31,0,1.08 | 1.71 | 2.28,0,1.75 | 2.34 | 3.72,0.939,0.000,0,1,0,0,0,0,-1,0,0,0,,0,,0,,0,0,0,1
1723801176,387,2,2,8,8,9.115,0,0,0.30 | 0.31 | 0.31,0,1.08 | 1.71 | 2.28,0,1.75 | 2.34 | 3.72,0.939,0.000,0,1,0,0,0,0,-1,0,0,0,,0,,0,,0,0,0,1
1723801176,387,2,2,8,8,9.115,0,0,0.30 | 0.31 | 0.31,0,1.08 | 1.71 | 2.28,0,1.75 | 2.34 | 3.72,0.939,0.000,0,1,0,0,0,0,-1,0,0,0,,0,,0,,0,0,0,1
1723801176,387,2,2,8,8,9.115,0,0,0.30 | 0.31 | 0.31,0,1.08 | 1.71 | 2.28,0,1.75 | 2.34 | 3.72,0.939,0.000,0,1,0,0,0,0,-1,0,0,0,,0,,0,,0,0,0,1
1723801176,387,2,2,8,8,9.115,0,0,0.30 | 0.31 | 0.31,0,1.08 | 1.71 | 2.28,0,1.75 | 2.34 | 3.72,0.939,0.000,0,1,0,0,0,0,-1,0,0,0,,0,,0,,0,0,0,1
1723801176,387,2,2,8,8,9.115,0,0,0.30 | 0.31 | 0.31,0,1.08 | 1.71 | 2.28,0,1.75 | 2.34 | 3.72,0.939,0.000,0,1,0,0,0,0,-1,0,0,0,,0,,0,,0,0,0,1
1723801176,387,2,2,8,8,13.118,0,0,0.30 | 0.31 | 0.31,0,1.08 | 1.68 | 2.13,0,1.87 | 2.39 | 3.72,0.921,0.000,0,1,0,0,0,0,-1,0,0,0,,0,,0,,0,0,0,1
1723801176,387,2,2,8,8,13.118,0,0,0.30 | 0.31 | 0.31,0,1.08 | 1.68 | 2.13,0,1.87 | 2.39 | 3.72,0.921,0.000,0,1,0,0,0,0,-1,0,0,0,,0,,0,,0,0,0,1
1723801177,387,2,2,8,8,13.118,0,0,0.30 | 0.31 | 0.31,0,1.08 | 1.68 | 2.13,0,1.87 | 2.39 | 3.72,0.921,0.000,0,1,0,0,0,0,-1,0,0,0,,0,,0,,0,0,0,1
1723801177,387,2,2,8,8,13.118,0,0,0.30 | 0.31 | 0.31,0,1.08 | 1.68 | 2.13,0,1.87 | 2.39 | 3.72,0.921,0.000,0,1,0,0,0,0,-1,0,0,0,,0,,0,,0,0,0,1
1723801177,387,2,2,8,8,13.118,0,0,0.30 | 0.31 | 0.31,0,1.08 | 1.68 | 2.13,0,1.87 | 2.39 | 3.72,0.921,0.000,0,1,0,0,0,0,-1,0,0,0,,0,,0,,0,0,0,1
1723801177,387,2,2,8,8,13.118,0,0,0.30 | 0.31 | 0.31,0,1.08 | 1.68 | 2.13,0,1.87 | 2.39 | 3.72,0.921,0.000,0,1,0,0,0,0,-1,0,0,0,,0,,0,,0,0,0,1
1723801177,387,2,2,8,8,13.118,0,0,0.30 | 0.31 | 0.31,0,1.08 | 1.68 | 2.13,0,1.87 | 2.39 | 3.72,0.921,0.000,0,1,0,0,0,0,-1,0,0,0,,0,,0,,0,0,0,1
1723801177,387,2,2,8,8,13.118,0,0,0.30 | 0.31 | 0.31,0,1.08 | 1.68 | 2.13,0,1.87 | 2.39 | 3.72,0.921,0.000,0,1,0,0,0,0,-1,0,0,0,,0,,0,,0,0,0,1
1723801177,387,2,2,8,8,13.118,0,0,0.30 | 0.31 | 0.31,0,1.08 | 1.68 | 2.13,0,1.87 | 2.39 | 3.72,0.921,0.000,0,1,0,0,0,0,-1,0,0,0,,0,,0,,0,0,0,1
1723801177,387,2,2,8,8,13.118,0,0,0.30 | 0.31 | 0.31,0,1.08 | 1.68 | 2.13,0,1.87 | 2.39 | 3.72,0.921,0.000,0,1,0,0,0,0,-1,0,0,0,,0,,0,,0,0,0,1
1723801177,387,2,2,8,8,12.056,0,0,0.30 | 0.31 | 0.31,0,1.08 | 1.68 | 2.13,0,1.87 | 2.39 | 3.72,0.921,0.000,0,1,0,0,0,0,-1,0,0,0,,0,,0,,0,0,0,1
1723801177,387,2,2,8,8,12.056,0,0,0.30 | 0.31 | 0.31,0,1.08 | 1.68 | 2.13,0,1.87 | 2.39 | 3.72,0.921,0.000,0,1,0,0,0,0,-1,0,0,0,,0,,0,,0,0,0,1
1723801178,387,2,2,8,8,12.056,0,0,0.30 | 0.31 | 0.31,0,1.08 | 1.68 | 2.13,0,1.87 | 2.39 | 3.72,0.921,0.000,0,1,0,0,0,0,-1,0,0,0,,0,,0,,0,0,0,1
1723801178,387,2,2,8,8,12.056,0,0,0.30 | 0.31 | 0.31,0,1.08 | 1.68 | 2.13,0,1.87 | 2.39 | 3.72,0.921,0.000,0,1,0,0,0,0,-1,0,0,0,,0,,0,,0,0,0,1
1723801178,387,2,2,8,8,12.056,0,0,0.30 | 0.31 | 0.31,0,1.08 | 1.68 | 2.13,0,1.87 | 2.39 | 3.72,0.921,0.000,0,1,0,0,0,0,-1,0,0,0,,0,,0,,0,0,0,1
1723801178,387,2,2,8,8,12.056,0,0,0.30 | 0.31 | 0.31,0,1.08 | 1.68 | 2.13,0,1.87 | 2.39 | 3.72,0.921,0.000,0,1,0,0,0,0,-1,0,0,0,,0,,0,,0,0,0,1
1723801178,387,2,2,8,8,12.056,0,0,0.30 | 0.31 | 0.31,0,1.08 | 1.68 | 2.13,0,1.87 | 2.39 | 3.72,0.921,0.000,0,1,0,0,0,0,-1,0,0,0,,0,,0,,0,0,0,1
1723801178,387,2,2,8,8,12.056,0,0,0.30 | 0.31 | 0.31,0,1.08 | 1.68 | 2.13,0,1.87 | 2.39 | 3.72,0.921,0.000,0,1,0,0,0,0,-1,0,0,0,,0,,0,,0,0,0,1
1723801178,387,2,2,8,8,12.056,0,0,0.30 | 0.31 | 0.31,0,1.08 | 1.68 | 2.13,0,1.87 | 2.39 | 3.72,0.921,0.000,0,1,0,0,0,0,-1,0,0,0,,0,,0,,0,0,0,1
1723801178,387,2,2,8,8,12.056,0,0,0.30 | 0.31 | 0.31,0,1.08 | 1.68 | 2.13,0,1.87 | 2.39 | 3.72,0.921,0.000,0,1,0,0,0,0,-1,0,0,0,,0,,0,,0,0,0,1
1723801178,387,2,2,8,8,10.993,0,0,0.30 | 0.31 | 0.31,0,1.08 | 1.68 | 2.13,0,1.87 | 2.39 | 3.72,0.921,0.000,0,1,0,0,0,0,-1,0,0,0,,0,,0,,0,0,0,1
1723801178,387,2,2,8,8,10.993,0,0,0.30 | 0.31 | 0.31,0,1.08 | 1.68 | 2.13,0,1.87 | 2.39 | 3.72,0.921,0.000,0,1,0,0,0,0,-1,0,0,0,,0,,0,,0,0,0,1
1723801179,387,2,2,8,8,10.993,0,0,0.30 | 0.31 | 0.31,0,1.08 | 1.68 | 2.13,0,1.87 | 2.39 | 3.72,0.921,0.000,0,1,0,0,0,0,-1,0,0,0,,0,,0,,0,0,0,1
1723801179,387,2,2,8,8,10.993,0,0,0.30 | 0.31 | 0.31,0,1.08 | 1.68 | 2.13,0,1.87 | 2.39 | 3.72,0.921,0.000,0,1,0,0,0,0,-1,0,0,0,,0,,0,,0,0,0,1
1723801179,387,2,2,8,8,10.993,0,0,0.30 | 0.31 | 0.31,0,1.08 | 1.68 | 2.13,0,1.87 | 2.39 | 3.72,0.921,0.000,0,1,0,0,0,0,-1,0,0,0,,0,,0,,0,0,0,1
1723801179,387,2,2,8,8,10.993,0,0,0.30 | 0.31 | 0.31,0,1.08 | 1.68 | 2.13,0,1.87 | 2.39 | 3.72,0.921,0.000,0,1,0,0,0,0,-1,0,0,0,,0,,0,,0,0,0,1
1723801179,387,2,2,8,8,10.993,0,0,0.30 | 0.31 | 0.31,0,1.08 | 1.68 | 2.13,0,1.87 | 2.39 | 3.72,0.921,0.000,0,1,0,0,0,0,-1,0,0,0,,0,,0,,0,0,0,1
1723801179,387,2,2,8,8,10.993,0,0,0.30 | 0.31 | 0.31,0,1.08 | 1.68 | 2.13,0,1.87 | 2.39 | 3.72,0.921,0.000,0,1,0,0,0,0,-1,0,0,0,,0,,0,,0,0,0,1
1723801179,387,2,2,8,8,10.993,0,0,0.30 | 0.31 | 0.31,0,1.08 | 1.68 | 2.13,0,1.87 | 2.39 | 3.72,0.921,0.000,0,1,0,0,0,0,-1,0,0,0,,0,,0,,0,0,0,1
1723801179,387,2,2,8,8,10.993,0,0,0.30 | 0.31 | 0.31,0,1.08 | 1.68 | 2.13,0,1.87 | 2.39 | 3.72,0.921,0.000,0,1,0,0,0,0,-1,0,0,0,,0,,0,,0,0,0,1
1723801179,387,2,2,8,8,9.931,0,0,0.30 | 0.31 | 0.31,0,1.08 | 1.68 | 2.13,0,1.87 | 2.39 | 3.72,0.921,0.000,0,1,0,0,0,0,-1,0,0,0,,0,,0,,0,0,0,1
1723801179,387,2,2,8,8,9.931,0,0,0.30 | 0.31 | 0.31,0,1.08 | 1.68 | 2.13,0,1.87 | 2.39 | 3.72,0.921,0.000,0,1,0,0,0,0,-1,0,0,0,,0,,0,,0,0,0,1
1723801180,387,2,2,8,8,9.931,0,0,0.30 | 0.31 | 0.31,0,1.08 | 1.68 | 2.13,0,1.87 | 2.39 | 3.72,0.921,0.000,0,1,0,0,0,0,-1,0,0,0,,0,,0,,0,0,0,1
1723801180,387,2,2,8,8,9.931,0,0,0.30 | 0.31 | 0.31,0,1.08 | 1.68 | 2.13,0,1.87 | 2.39 | 3.72,0.921,0.000,0,1,0,0,0,0,-1,0,0,0,,0,,0,,0,0,0,1
1723801180,387,2,2,8,8,9.931,0,0,0.30 | 0.31 | 0.31,0,1.08 | 1.68 | 2.13,0,1.87 | 2.39 | 3.72,0.921,0.000,0,1,0,0,0,0,-1,0,0,0,,0,,0,,0,0,0,1
1723801180,387,2,2,8,8,9.931,0,0,0.30 | 0.31 | 0.31,0,1.08 | 1.68 | 2.13,0,1.87 | 2.39 | 3.72,0.921,0.000,0,1,0,0,0,0,-1,0,0,0,,0,,0,,0,0,0,1
1723801180,387,2,2,8,8,9.931,0,0,0.30 | 0.31 | 0.31,0,1.08 | 1.68 | 2.13,0,1.87 | 2.39 | 3.72,0.921,0.000,0,1,0,0,0,0,-1,0,0,0,,0,,0,,0,0,0,1
1723801180,387,2,2,8,8,9.931,0,0,0.30 | 0.31 | 0.31,0,1.08 | 1.68 | 2.13,0,1.87 | 2.39 | 3.72,0.921,0.000,0,1,0,0,0,0,-1,0,0,0,,0,,0,,0,0,0,1
1723801180,387,2,2,8,8,9.931,0,0,0.30 | 0.31 | 0.31,0,1.08 | 1.68 | 2.13,0,1.87 | 2.39 | 3.72,0.921,0.000,0,1,0,0,0,0,-1,0,0,0,,0,,0,,0,0,0,1
1723801180,387,2,2,8,8,9.931,0,0,0.30 | 0.31 | 0.31,0,1.08 | 1.68 | 2.13,0,1.87 | 2.39 | 3.72,0.921,0.000,0,1,0,0,0,0,-1,0,0,0,,0,,0,,0,0,0,1
1723801180,387,2,2,8,8,12.068,0,0,0.30 | 0.31 | 0.31,0,1.08 | 1.70 | 2.13,0,1.87 | 2.36 | 3.72,0.940,0.000,0,1,0,0,0,0,-1,0,0,0,,0,,0,,0,0,0,1
1723801180,387,2,2,8,8,12.068,0,0,0.30 | 0.31 | 0.31,0,1.08 | 1.70 | 2.13,0,1.87 | 2.36 | 3.72,0.940,0.000,0,1,0,0,0,0,-1,0,0,0,,0,,0,,0,0,0,1
1723801181,387,2,2,8,8,12.068,0,0,0.30 | 0.31 | 0.31,0,1.08 | 1.70 | 2.13,0,1.87 | 2.36 | 3.72,0.940,0.000,0,1,0,0,0,0,-1,0,0,0,,0,,0,,0,0,0,1
1723801181,772,2,4,8,8,12.068,0,0,0.30 | 0.31 | 0.31,0,1.08 | 1.70 | 2.13,0,1.87 | 2.36 | 3.72,0.940,0.000,0,1,0,0,0,0,-1,0,0,0,,0,,0,,0,0,0,1
1723801181,772,2,4,8,8,12.068,0,0,0.30 | 0.31 | 0.31,0,1.08 | 1.70 | 2.13,0,1.87 | 2.36 | 3.72,0.940,0.000,0,1,0,0,0,0,-1,0,0,0,,0,,0,,0,0,0,1
1723801181,772,2,4,8,8,12.068,0,0,0.30 | 0.31 | 0.31,0,1.08 | 1.70 | 2.13,0,1.87 | 2.36 | 3.72,0.940,0.000,0,1,0,0,0,0,-1,0,0,0,,0,,0,,0,0,0,1
1723801181,772,2,4,8,8,12.068,0,0,0.30 | 0.31 | 0.31,0,1.08 | 1.70 | 2.13,0,1.87 | 2.36 | 3.72,0.940,0.000,0,1,0,0,0,0,-1,0,0,0,,0,,0,,0,0,0,1
1723801181,772,2,4,8,8,12.068,0,0,0.30 | 0.31 | 0.31,0,1.08 | 1.70 | 2.13,0,1.87 | 2.36 | 3.72,0.940,0.000,0,1,0,0,0,0,-1,0,0,0,,0,,0,,0,0,0,1
1723801181,772,2,4,8,8,12.068,0,0,0.30 | 0.31 | 0.31,0,1.08 | 1.70 | 2.13,0,1.87 | 2.36 | 3.72,0.940,0.000,0,1,0,0,0,0,-1,0,0,0,,0,,0,,0,0,0,1
1723801181,772,2,4,8,8,12.068,0,0,0.30 | 0.31 | 0.31,0,1.08 | 1.70 | 2.13,0,1.87 | 2.36 | 3.72,0.940,0.000,0,1,0,0,0,0,-1,0,0,0,,0,,0,,0,0,0,1
1723801181,772,2,4,8,8,11.271,0,0,0.30 | 0.31 | 0.31,0,1.08 | 1.70 | 2.13,0,1.87 | 2.36 | 3.72,0.940,0.000,0,1,0,0,0,0,-1,0,0,0,,0,,0,,0,0,0,1
1723801181,772,2,4,8,8,11.271,0,0,0.30 | 0.31 | 0.31,0,1.08 | 1.70 | 2.13,0,1.87 | 2.36 | 3.72,0.940,0.000,0,1,0,0,0,0,-1,0,0,0,,0,,0,,0,0,0,1
1723801182,772,2,4,8,8,11.271,0,0,0.30 | 0.31 | 0.31,0,1.08 | 1.70 | 2.13,0,1.87 | 2.36 | 3.72,0.940,0.000,0,1,0,0,0,0,-1,0,0,0,,0,,0,,0,0,0,1
1723801182,772,2,4,8,8,11.271,0,0,0.30 | 0.31 | 0.31,0,1.08 | 1.70 | 2.13,0,1.87 | 2.36 | 3.72,0.940,0.000,0,1,0,0,0,0,-1,0,0,0,,0,,0,,0,0,0,1
1723801182,772,2,4,8,8,11.271,0,0,0.30 | 0.31 | 0.31,0,1.08 | 1.70 | 2.13,0,1.87 | 2.36 | 3.72,0.940,0.000,0,1,0,0,0,0,-1,0,0,0,,0,,0,,0,0,0,1
1723801182,772,2,4,8,8,11.271,0,0,0.30 | 0.31 | 0.31,0,1.08 | 1.70 | 2.13,0,1.87 | 2.36 | 3.72,0.940,0.000,0,1,0,0,0,0,-1,0,0,0,,0,,0,,0,0,0,1
1723801182,772,2,4,8,8,11.271,0,0,0.30 | 0.31 | 0.31,0,1.08 | 1.70 | 2.13,0,1.87 | 2.36 | 3.72,0.940,0.000,0,1,0,0,0,0,-1,0,0,0,,0,,0,,0,0,0,1
1723801182,772,2,4,8,8,11.271,0,0,0.30 | 0.31 | 0.31,0,1.08 | 1.70 | 2.13,0,1.87 | 2.36 | 3.72,0.940,0.000,0,1,0,0,0,0,-1,0,0,0,,0,,0,,0,0,0,1
1723801182,772,2,4,8,8,11.271,0,0,0.30 | 0.31 | 0.31,0,1.08 | 1.70 | 2.13,0,1.87 | 2.36 | 3.72,0.940,0.000,0,1,0,0,0,0,-1,0,0,0,,0,,0,,0,0,0,1
1723801182,772,2,4,8,8,11.271,0,0,0.30 | 0.31 | 0.31,0,1.08 | 1.70 | 2.13,0,1.87 | 2.36 | 3.72,0.940,0.000,0,1,0,0,0,0,-1,0,0,0,,0,,0,,0,0,0,1
1723801182,772,2,4,8,8,10.209,0,0,0.30 | 0.31 | 0.31,0,1.08 | 1.70 | 2.13,0,1.87 | 2.36 | 3.72,0.940,0.000,0,1,0,0,0,0,-1,0,0,0,,0,,0,,0,0,0,1
1723801182,772,2,4,8,8,10.209,0,0,0.30 | 0.31 | 0.31,0,1.08 | 1.70 | 2.13,0,1.87 | 2.36 | 3.72,0.940,0.000,0,1,0,0,0,0,-1,0,0,0,,0,,0,,0,0,0,1
1723801183,772,2,4,8,8,10.209,0,0,0.30 | 0.31 | 0.31,0,1.08 | 1.70 | 2.13,0,1.87 | 2.36 | 3.72,0.940,0.000,0,1,0,0,0,0,-1,0,0,0,,0,,0,,0,0,0,1
1723801183,772,2,4,8,8,10.209,0,0,0.30 | 0.31 | 0.31,0,1.08 | 1.70 | 2.13,0,1.87 | 2.36 | 3.72,0.940,0.000,0,1,0,0,0,0,-1,0,0,0,,0,,0,,0,0,0,1
1723801183,772,2,4,8,8,10.209,0,0,0.30 | 0.31 | 0.31,0,1.08 | 1.70 | 2.13,0,1.87 | 2.36 | 3.72,0.940,0.000,0,1,0,0,0,0,-1,0,0,0,,0,,0,,0,0,0,1
1723801183,772,2,4,8,8,10.209,0,0,0.30 | 0.31 | 0.31,0,1.08 | 1.70 | 2.13,0,1.87 | 2.36 | 3.72,0.940,0.000,0,1,0,0,0,0,-1,0,0,0,,0,,0,,0,0,0,1
1723801183,772,2,4,8,8,10.209,0,0,0.30 | 0.31 | 0.31,0,1.08 | 1.70 | 2.13,0,1.87 | 2.36 | 3.72,0.940,0.000,0,1,0,0,0,0,-1,0,0,0,,0,,0,,0,0,0,1
1723801183,772,2,4,8,8,10.209,0,0,0.30 | 0.31 | 0.31,0,1.08 | 1.70 | 2.13,0,1.87 | 2.36 | 3.72,0.940,0.000,0,1,0,0,0,0,-1,0,0,0,,0,,0,,0,0,0,1
1723801183,772,2,4,8,8,10.209,0,0,0.30 | 0.31 | 0.31,0,1.08 | 1.70 | 2.13,0,1.87 | 2.36 | 3.72,0.940,0.000,0,1,0,0,0,0,-1,0,0,0,,0,,0,,0,0,0,1
1723801183,772,2,4,8,8,10.209,0,0,0.30 | 0.31 | 0.31,0,1.08 | 1.70 | 2.13,0,1.87 | 2.36 | 3.72,0.940,0.000,0,1,0,0,0,0,-1,0,0,0,,0,,0,,0,0,0,1
1723801183,772,2,4,8,8,9.146,0,0,0.30 | 0.31 | 0.31,0,1.08 | 1.70 | 2.13,0,1.87 | 2.36 | 3.72,0.940,0.000,0,1,0,0,0,0,-1,0,0,0,,0,,0,,0,0,0,1
1723801183,772,2,4,8,8,9.146,0,0,0.30 | 0.31 | 0.31,0,1.08 | 1.70 | 2.13,0,1.87 | 2.36 | 3.72,0.940,0.000,0,1,0,0,0,0,-1,0,0,0,,0,,0,,0,0,0,1
1723801184,772,2,4,8,8,9.146,0,0,0.30 | 0.31 | 0.31,0,1.08 | 1.70 | 2.13,0,1.87 | 2.36 | 3.72,0.940,0.000,0,1,0,0,0,0,-1,0,0,0,,0,,0,,0,0,0,1
1723801184,772,2,4,8,8,9.146,0,0,0.30 | 0.31 | 0.31,0,1.08 | 1.70 | 2.13,0,1.87 | 2.36 | 3.72,0.940,0.000,0,1,0,0,0,0,-1,0,0,0,,0,,0,,0,0,0,1
1723801184,772,2,4,8,8,9.146,0,0,0.30 | 0.31 | 0.31,0,1.08 | 1.70 | 2.13,0,1.87 | 2.36 | 3.72,0.940,0.000,0,1,0,0,0,0,-1,0,0,0,,0,,0,,0,0,0,1
1723801184,772,2,4,8,8,9.146,0,0,0.30 | 0.31 | 0.31,0,1.08 | 1.70 | 2.13,0,1.87 | 2.36 | 3.72,0.940,0.000,0,1,0,0,0,0,-1,0,0,0,,0,,0,,0,0,0,1
1723801184,772,2,4,8,8,9.146,0,0,0.30 | 0.31 | 0.31,0,1.08 | 1.70 | 2.13,0,1.87 | 2.36 | 3.72,0.940,0.000,0,1,0,0,0,0,-1,0,0,0,,0,,0,,0,0,0,1
1723801184,772,2,4,8,8,9.146,0,0,0.30 | 0.31 | 0.31,0,1.08 | 1.70 | 2.13,0,1.87 | 2.36 | 3.72,0.940,0.000,0,1,0,0,0,0,-1,0,0,0,,0,,0,,0,0,0,1
1723801184,772,2,4,8,8,9.146,0,0,0.30 | 0.31 | 0.31,0,1.08 | 1.70 | 2.13,0,1.87 | 2.36 | 3.72,0.940,0.000,0,1,0,0,0,0,-1,0,0,0,,0,,0,,0,0,0,1
1723801184,772,2,4,8,8,9.146,0,0,0.30 | 0.31 | 0.31,0,1.08 | 1.70 | 2.13,0,1.87 | 2.36 | 3.72,0.940,0.000,0,1,0,0,0,0,-1,0,0,0,,0,,0,,0,0,0,1
1723801184,772,2,4,8,8,8.071,0,0,0.30 | 0.31 | 0.31,0,1.08 | 1.70 | 2.13,0,1.87 | 2.36 | 3.72,0.940,0.000,0,1,0,0,0,0,-1,0,0,0,,0,,0,,0,0,0,1
1723801184,772,2,4,8,8,8.071,0,0,0.30 | 0.31 | 0.31,0,1.08 | 1.70 | 2.13,0,1.87 | 2.36 | 3.72,0.940,0.000,0,1,0,0,0,0,-1,0,0,0,,0,,0,,0,0,0,1
1723801185,772,2,4,8,8,8.071,0,0,0.30 | 0.31 | 0.31,0,1.08 | 1.70 | 2.13,0,1.87 | 2.36 | 3.72,0.940,0.000,0,1,0,0,0,0,-1,0,0,0,,0,,0,,0,0,0,1
1723801185,772,2,4,8,8,8.071,0,0,0.30 | 0.31 | 0.31,0,1.08 | 1.70 | 2.13,0,1.87 | 2.36 | 3.72,0.940,0.000,0,1,0,0,0,0,-1,0,0,0,,0,,0,,0,0,0,1
1723801185,772,2,4,8,8,8.071,0,0,0.30 | 0.31 | 0.31,0,1.08 | 1.70 | 2.13,0,1.87 | 2.36 | 3.72,0.940,0.000,0,1,0,0,0,0,-1,0,0,0,,0,,0,,0,0,0,1
1723801185,772,2,4,8,8,8.071,0,0,0.30 | 0.31 | 0.31,0,1.08 | 1.70 | 2.13,0,1.87 | 2.36 | 3.72,0.940,0.000,0,1,0,0,0,0,-1,0,0,0,,0,,0,,0,0,0,1
1723801185,772,2,4,8,8,8.071,0,0,0.30 | 0.31 | 0.31,0,1.08 | 1.70 | 2.13,0,1.87 | 2.36 | 3.72,0.940,0.000,0,1,0,0,0,0,-1,0,0,0,,0,,0,,0,0,0,1
1723801185,772,2,4,8,8,8.071,0,0,0.30 | 0.31 | 0.31,0,1.08 | 1.70 | 2.13,0,1.87 | 2.36 | 3.72,0.940,0.000,0,1,0,0,0,0,-1,0,0,0,,0,,0,,0,0,0,1
1723801185,772,2,4,8,8,8.071,0,0,0.30 | 0.31 | 0.31,0,1.08 | 1.70 | 2.13,0,1.87 | 2.36 | 3.72,0.940,0.000,0,1,0,0,0,0,-1,0,0,0,,0,,0,,0,0,0,1
1723801185,772,2,4,8,8,8.071,0,0,0.30 | 0.31 | 0.31,0,1.08 | 1.70 | 2.13,0,1.87 | 2.36 | 3.72,0.940,0.000,0,1,0,0,0,0,-1,0,0,0,,0,,0,,0,0,0,1
1723801185,772,2,4,8,8,7.287,0,0,0.30 | 0.31 | 0.31,0,1.08 | 1.70 | 2.13,0,1.87 | 2.36 | 3.72,0.940,0.000,0,1,0,0,0,0,-1,0,0,0,,0,,0,,0,0,0,1
1723801185,580,2,3,8,8,7.287,0,0,0.30 | 0.31 | 0.31,0,1.08 | 1.70 | 2.13,0,1.87 | 2.36 | 3.72,0.940,0.000,0,1,0,0,0,0,-1,0,0,0,,0,,0,,0,0,0,1
1723801186,580,2,3,8,8,7.287,0,0,0.30 | 0.31 | 0.31,0,1.08 | 1.70 | 2.13,0,1.87 | 2.36 | 3.72,0.940,0.000,0,1,0,0,0,0,-1,0,0,0,,0,,0,,0,0,0,1
1723801186,580,4,3,8,8,7.287,0,0,0.30 | 0.31 | 0.31,0,1.08 | 1.70 | 2.13,0,1.87 | 2.36 | 3.72,0.940,0.000,0,1,0,0,0,0,-1,0,0,0,,0,,0,,0,0,0,1
1723801186,580,4,3,8,8,7.287,0,0,0.30 | 0.31 | 0.31,0,1.08 | 1.70 | 2.13,0,1.87 | 2.36 | 3.72,0.940,0.000,0,1,0,0,0,0,-1,0,0,0,,0,,0,,0,0,0,1
1723801186,580,4,3,8,8,7.287,0,0,0.30 | 0.31 | 0.31,0,1.08 | 1.70 | 2.13,0,1.87 | 2.36 | 3.72,0.940,0.000,0,1,0,0,0,0,-1,0,0,0,,0,,0,,0,0,0,1
1723801186,580,4,3,8,8,7.287,0,0,0.30 | 0.31 | 0.31,0,1.08 | 1.70 | 2.13,0,1.87 | 2.36 | 3.72,0.940,0.000,0,1,0,0,0,0,-1,0,0,0,,0,,0,,0,0,0,1
1723801186,580,4,3,8,8,7.287,0,0,0.30 | 0.31 | 0.31,0,1.08 | 1.70 | 2.13,0,1.87 | 2.36 | 3.72,0.940,0.000,0,1,0,0,0,0,-1,0,0,0,,0,,0,,0,0,0,1
1723801186,580,4,3,8,8,7.287,0,0,0.30 | 0.31 | 0.31,0,1.08 | 1.70 | 2.13,0,1.87 | 2.36 | 3.72,0.940,0.000,0,1,0,0,0,0,-1,0,0,0,,0,,0,,0,0,0,1
1723801186,580,4,3,8,8,7.287,0,0,0.30 | 0.31 | 0.31,0,1.08 | 1.70 | 2.13,0,1.87 | 2.36 | 3.72,0.940,0.000,0,1,0,0,0,0,-1,0,0,0,,0,,0,,0,0,0,1
1723801186,580,4,3,8,8,6.224,0,0,0.30 | 0.31 | 0.31,0,1.08 | 2.21 | 4.13,0,0.97 | 1.81 | 3.72,0.935,0.000,0,1,0,0,0,0,-1,0,0,0,,0,,0,,0,0,0,1
1723801186,580,4,3,8,8,6.224,0,0,0.30 | 0.31 | 0.31,0,1.08 | 2.21 | 4.13,0,0.97 | 1.81 | 3.72,0.935,0.000,0,1,0,0,0,0,-1,0,0,0,,0,,0,,0,0,0,1
1723801187,580,4,3,8,8,6.224,0,0,0.30 | 0.31 | 0.31,0,1.08 | 2.21 | 4.13,0,0.97 | 1.81 | 3.72,0.935,0.000,0,1,0,0,0,0,-1,0,0,0,,0,,0,,0,0,0,1
1723801187,580,4,3,8,8,6.224,0,0,0.30 | 0.31 | 0.31,0,1.08 | 2.21 | 4.13,0,0.97 | 1.81 | 3.72,0.935,0.000,0,1,0,0,0,0,-1,0,0,0,,0,,0,,0,0,0,1
1723801187,580,4,3,8,8,6.224,0,0,0.30 | 0.31 | 0.31,0,1.08 | 2.21 | 4.13,0,0.97 | 1.81 | 3.72,0.935,0.000,0,1,0,0,0,0,-1,0,0,0,,0,,0,,0,0,0,1
1723801187,580,4,3,8,8,6.224,0,0,0.30 | 0.31 | 0.31,0,1.08 | 2.21 | 4.13,0,0.97 | 1.81 | 3.72,0.935,0.000,0,1,0,0,0,0,-1,0,0,0,,0,,0,,0,0,0,1
1723801187,580,4,3,8,8,6.224,0,0,0.30 | 0.31 | 0.31,0,1.08 | 2.21 | 4.13,0,0.97 | 1.81 | 3.72,0.935,0.000,0,1,0,0,0,0,-1,0,0,0,,0,,0,,0,0,0,1
1723801187,580,4,3,8,8,6.224,0,0,0.30 | 0.31 | 0.31,0,1.08 | 2.21 | 4.13,0,0.97 | 1.81 | 3.72,0.935,0.000,0,1,0,0,0,0,-1,0,0,0,,0,,0,,0,0,0,1
1723801187,580,4,3,8,8,6.224,0,0,0.30 | 0.31 | 0.31,0,1.08 | 2.21 | 4.13,0,0.97 | 1.81 | 3.72,0.935,0.000,0,1,0,0,0,0,-1,0,0,0,,0,,0,,0,0,0,1
1723801187,580,4,3,8,8,6.224,0,0,0.30 | 0.31 | 0.31,0,1.08 | 2.21 | 4.13,0,0.97 | 1.81 | 3.72,0.935,0.000,0,1,0,0,0,0,-1,0,0,0,,0,,0,,0,0,0,1
1723801187,580,4,3,8,8,5.162,0,0,0.30 | 0.31 | 0.31,0,1.08 | 2.21 | 4.13,0,0.97 | 1.81 | 3.72,0.935,0.000,0,1,0,0,0,0,-1,0,0,0,,0,,0,,0,0,0,1
1723801187,580,4,3,8,8,5.162,0,0,0.30 | 0.31 | 0.31,0,1.08 | 2.21 | 4.13,0,0.97 | 1.81 | 3.72,0.935,0.000,0,1,0,0,0,0,-1,0,0,0,,0,,0,,0,0,0,1
1723801188,580,4,3,8,8,5.162,0,0,0.30 | 0.31 | 0.31,0,1.08 | 2.21 | 4.13,0,0.97 | 1.81 | 3.72,0.935,0.000,0,1,0,0,0,0,-1,0,0,0,,0,,0,,0,0,0,1
1723801188,580,4,3,8,8,5.162,0,0,0.30 | 0.31 | 0.31,0,1.08 | 2.21 | 4.13,0,0.97 | 1.81 | 3.72,0.935,0.000,0,1,0,0,0,0,-1,0,0,0,,0,,0,,0,0,0,1
1723801188,580,4,3,8,8,5.162,0,0,0.30 | 0.31 | 0.31,0,1.08 | 2.21 | 4.13,0,0.97 | 1.81 | 3.72,0.935,0.000,0,1,0,0,0,0,-1,0,0,0,,0,,0,,0,0,0,1
1723801188,580,4,3,8,8,5.162,0,0,0.30 | 0.31 | 0.31,0,1.08 | 2.21 | 4.13,0,0.97 | 1.81 | 3.72,0.935,0.000,0,1,0,0,0,0,-1,0,0,0,,0,,0,,0,0,0,1
1723801188,580,4,3,8,8,5.162,0,0,0.30 | 0.31 | 0.31,0,1.08 | 2.21 | 4.13,0,0.97 | 1.81 | 3.72,0.935,0.000,0,1,0,0,0,0,-1,0,0,0,,0,,0,,0,0,0,1
1723801188,580,4,3,8,8,5.162,0,0,0.30 | 0.31 | 0.31,0,1.08 | 2.21 | 4.13,0,0.97 | 1.81 | 3.72,0.935,0.000,0,1,0,0,0,0,-1,0,0,0,,0,,0,,0,0,0,1
1723801188,580,4,3,8,8,5.162,0,0,0.30 | 0.31 | 0.31,0,1.08 | 2.21 | 4.13,0,0.97 | 1.81 | 3.72,0.935,0.000,0,1,0,0,0,0,-1,0,0,0,,0,,0,,0,0,0,1
1723801188,580,4,3,8,8,5.162,0,0,0.30 | 0.31 | 0.31,0,1.08 | 2.21 | 4.13,0,0.97 | 1.81 | 3.72,0.935,0.000,0,1,0,0,0,0,-1,0,0,0,,0,,0,,0,0,0,1
1723801188,580,4,3,8,8,4.099,0,0,0.30 | 0.31 | 0.31,0,1.08 | 2.21 | 4.13,0,0.97 | 1.81 | 3.72,0.935,0.000,0,1,0,0,0,0,-1,0,0,0,,0,,0,,0,0,0,1
1723801188,387,4,2,8,8,4.099,0,0,0.30 | 0.31 | 0.31,0,1.08 | 2.21 | 4.13,0,0.97 | 1.81 | 3.72,0.935,0.000,0,1,0,0,0,0,-1,0,0,0,,0,,0,,0,0,0,1
1723801189,387,3,2,8,8,4.099,0,0,0.30 | 0.31 | 0.31,0,1.08 | 2.21 | 4.13,0,0.97 | 1.81 | 3.72,0.935,0.000,0,1,0,0,0,0,-1,0,0,0,,0,,0,,0,0,0,1
1723801189,387,3,2,8,8,4.099,0,0,0.30 | 0.31 | 0.31,0,1.08 | 2.21 | 4.13,0,0.97 | 1.81 | 3.72,0.935,0.000,0,1,0,0,0,0,-1,0,0,0,,0,,0,,0,0,0,1
1723801189,387,3,2,8,8,4.099,0,0,0.30 | 0.31 | 0.31,0,1.08 | 2.21 | 4.13,0,0.97 | 1.81 | 3.72,0.935,0.000,0,1,0,0,0,0,-1,0,0,0,,0,,0,,0,0,0,1
1723801189,387,3,2,8,8,4.099,0,0,0.30 | 0.31 | 0.31,0,1.08 | 2.21 | 4.13,0,0.97 | 1.81 | 3.72,0.935,0.000,0,1,0,0,0,0,-1,0,0,0,,0,,0,,0,0,0,1
1723801189,387,3,2,8,8,4.099,0,0,0.30 | 0.31 | 0.31,0,1.08 | 2.21 | 4.13,0,0.97 | 1.81 | 3.72,0.935,0.000,0,1,0,0,0,0,-1,0,0,0,,0,,0,,0,0,0,1
1723801189,387,3,2,8,8,4.099,0,0,0.30 | 0.31 | 0.31,0,1.08 | 2.21 | 4.13,0,0.97 | 1.81 | 3.72,0.935,0.000,0,1,0,0,0,0,-1,0,0,0,,0,,0,,0,0,0,1
1723801189,387,3,2,8,8,4.099,0,0,0.30 | 0.31 | 0.31,0,1.08 | 2.21 | 4.13,0,0.97 | 1.81 | 3.72,0.935,0.000,0,1,0,0,0,0,-1,0,0,0,,0,,0,,0,0,0,1
1723801189,387,3,2,8,8,4.099,0,0,0.30 | 0.31 | 0.31,0,1.08 | 2.21 | 4.13,0,0.97 | 1.81 | 3.72,0.935,0.000,0,1,0,0,0,0,-1,0,0,0,,0,,0,,0,0,0,1
1723801189,387,3,2,8,8,3.303,0,0,0.30 | 0.31 | 0.31,0,1.51 | 2.52 | 4.13,0,0.97 | 1.59 | 2.65,0.933,0.000,0,1,0,0,0,0,-1,0,0,0,,0,,0,,0,0,0,1
1723801189,387,3,2,8,8,3.303,0,0,0.30 | 0.31 | 0.31,0,1.51 | 2.52 | 4.13,0,0.97 | 1.59 | 2.65,0.933,0.000,0,1,0,0,0,0,-1,0,0,0,,0,,0,,0,0,0,1
1723801190,387,3,2,8,8,3.303,0,0,0.30 | 0.31 | 0.31,0,1.51 | 2.52 | 4.13,0,0.97 | 1.59 | 2.65,0.933,0.000,0,1,0,0,0,0,-1,0,0,0,,0,,0,,0,0,0,1
1723801190,387,3,2,8,8,3.303,0,0,0.30 | 0.31 | 0.31,0,1.51 | 2.52 | 4.13,0,0.97 | 1.59 | 2.65,0.933,0.000,0,1,0,0,0,0,-1,0,0,0,,0,,0,,0,0,0,1
1723801190,387,3,2,8,8,3.303,0,0,0.30 | 0.31 | 0.31,0,1.51 | 2.52 | 4.13,0,0.97 | 1.59 | 2.65,0.933,0.000,0,1,0,0,0,0,-1,0,0,0,,0,,0,,0,0,0,1
1723801190,387,3,2,8,8,3.303,0,0,0.30 | 0.31 | 0.31,0,1.51 | 2.52 | 4.13,0,0.97 | 1.59 | 2.65,0.933,0.000,0,1,0,0,0,0,-1,0,0,0,,0,,0,,0,0,0,1
1723801190,387,3,2,8,8,3.303,0,0,0.30 | 0.31 | 0.31,0,1.51 | 2.52 | 4.13,0,0.97 | 1.59 | 2.65,0.933,0.000,0,1,0,0,0,0,-1,0,0,0,,0,,0,,0,0,0,1
1723801190,387,3,2,8,8,3.303,0,0,0.30 | 0.31 | 0.31,0,1.51 | 2.52 | 4.13,0,0.97 | 1.59 | 2.65,0.933,0.000,0,1,0,0,0,0,-1,0,0,0,,0,,0,,0,0,0,1
1723801190,387,3,2,8,8,3.303,0,0,0.30 | 0.31 | 0.31,0,1.51 | 2.52 | 4.13,0,0.97 | 1.59 | 2.65,0.933,0.000,0,1,0,0,0,0,-1,0,0,0,,0,,0,,0,0,0,1
1723801190,387,3,2,8,8,3.303,0,0,0.30 | 0.31 | 0.31,0,1.51 | 2.52 | 4.13,0,0.97 | 1.59 | 2.65,0.933,0.000,0,1,0,0,0,0,-1,0,0,0,,0,,0,,0,0,0,1
1723801190,387,3,2,8,8,2.24,0,0,0.30 | 0.31 | 0.31,0,1.51 | 2.52 | 4.13,0,0.97 | 1.59 | 2.65,0.933,0.000,0,1,0,0,0,0,-1,0,0,0,,0,,0,,0,0,0,1
1723801190,387,3,2,8,8,2.24,0,0,0.30 | 0.31 | 0.31,0,1.51 | 2.52 | 4.13,0,0.97 | 1.59 | 2.65,0.933,0.000,0,1,0,0,0,0,-1,0,0,0,,0,,0,,0,0,0,1
1723801191,387,3,2,8,8,2.24,0,0,0.30 | 0.31 | 0.31,0,1.51 | 2.52 | 4.13,0,0.97 | 1.59 | 2.65,0.933,0.000,0,1,0,0,0,0,-1,0,0,0,,0,,0,,0,0,0,1
1723801191,387,3,2,8,8,2.24,0,0,0.30 | 0.31 | 0.31,0,1.51 | 2.52 | 4.13,0,0.97 | 1.59 | 2.65,0.933,0.000,0,1,0,0,0,0,-1,0,0,0,,0,,0,,0,0,0,1
1723801191,387,3,2,8,8,2.24,0,0,0.30 | 0.31 | 0.31,0,1.51 | 2.52 | 4.13,0,0.97 | 1.59 | 2.65,0.933,0.000,0,1,0,0,0,0,-1,0,0,0,,0,,0,,0,0,0,1
1723801191,387,3,2,8,8,2.24,0,0,0.30 | 0.31 | 0.31,0,1.51 | 2.52 | 4.13,0,0.97 | 1.59 | 2.65,0.933,0.000,0,1,0,0,0,0,-1,0,0,0,,0,,0,,0,0,0,1
1723801191,387,3,2,8,8,2.24,0,0,0.30 | 0.31 | 0.31,0,1.51 | 2.52 | 4.13,0,0.97 | 1.59 | 2.65,0.933,0.000,0,1,0,0,0,0,-1,0,0,0,,0,,0,,0,0,0,1
1723801191,387,3,2,8,8,2.24,0,0,0.30 | 0.31 | 0.31,0,1.51 | 2.52 | 4.13,0,0.97 | 1.59 | 2.65,0.933,0.000,0,1,0,0,0,0,-1,0,0,0,,0,,0,,0,0,0,1
1723801191,387,3,2,8,8,2.24,0,0,0.30 | 0.31 | 0.31,0,1.51 | 2.52 | 4.13,0,0.97 | 1.59 | 2.65,0.933,0.000,0,1,0,0,0,0,-1,0,0,0,,0,,0,,0,0,0,1
1723801191,387,3,2,8,8,2.24,0,0,0.30 | 0.31 | 0.31,0,1.51 | 2.52 | 4.13,0,0.97 | 1.59 | 2.65,0.933,0.000,0,1,0,0,0,0,-1,0,0,0,,0,,0,,0,0,0,1
1723801191,387,3,2,8,8,5.978,0,0,0.31 | 0.31 | 0.31,0,1.51 | 2.52 | 4.13,0,0.97 | 1.59 | 2.65,0.951,0.000,0,1,0,0,0,0,-1,0,0,0,,0,,0,,0,0,0,1
1723801191,387,3,2,8,8,5.978,0,0,0.31 | 0.31 | 0.31,0,1.51 | 2.52 | 4.13,0,0.97 | 1.59 | 2.65,0.951,0.000,0,1,0,0,0,0,-1,0,0,0,,0,,0,,0,0,0,1
1723801192,387,3,2,8,8,5.978,0,0,0.31 | 0.31 | 0.31,0,1.51 | 2.52 | 4.13,0,0.97 | 1.59 | 2.65,0.951,0.000,0,1,0,0,0,0,-1,0,0,0,,0,,0,,0,0,0,1
1723801192,387,3,2,8,8,5.978,0,0,0.31 | 0.31 | 0.31,0,1.51 | 2.52 | 4.13,0,0.97 | 1.59 | 2.65,0.951,0.000,0,1,0,0,0,0,-1,0,0,0,,0,,0,,0,0,0,1
1723801192,387,3,2,8,8,5.978,0,0,0.31 | 0.31 | 0.31,0,1.51 | 2.52 | 4.13,0,0.97 | 1.59 | 2.65,0.951,0.000,0,1,0,0,0,0,-1,0,0,0,,0,,0,,0,0,0,1
1723801192,387,3,2,8,8,5.978,0,0,0.31 | 0.31 | 0.31,0,1.51 | 2.52 | 4.13,0,0.97 | 1.59 | 2.65,0.951,0.000,0,1,0,0,0,0,-1,0,0,0,,0,,0,,0,0,0,1
1723801192,387,3,2,8,8,5.978,0,0,0.31 | 0.31 | 0.31,0,1.51 | 2.52 | 4.13,0,0.97 | 1.59 | 2.65,0.951,0.000,0,1,0,0,0,0,-1,0,0,0,,0,,0,,0,0,0,1
1723801192,387,3,2,8,8,5.978,0,0,0.31 | 0.31 | 0.31,0,1.51 | 2.52 | 4.13,0,0.97 | 1.59 | 2.65,0.951,0.000,0,1,0,0,0,0,-1,0,0,0,,0,,0,,0,0,0,1
1723801192,387,3,2,8,8,5.978,0,0,0.31 | 0.31 | 0.31,0,1.51 | 2.52 | 4.13,0,0.97 | 1.59 | 2.65,0.951,0.000,0,1,0,0,0,0,-1,0,0,0,,0,,0,,0,0,0,1
1723801192,387,3,2,8,8,5.978,0,0,0.31 | 0.31 | 0.31,0,1.51 | 2.52 | 4.13,0,0.97 | 1.59 | 2.65,0.951,0.000,0,1,0,0,0,0,-1,0,0,0,,0,,0,,0,0,0,1
1723801192,387,3,2,8,8,4.915,0,0,0.31 | 0.31 | 0.31,0,1.51 | 2.52 | 4.13,0,0.97 | 1.59 | 2.65,0.951,0.000,0,1,0,0,0,0,-1,0,0,0,,0,,0,,0,0,0,1
1723801192,387,3,2,8,8,4.915,0,0,0.31 | 0.31 | 0.31,0,1.51 | 2.52 | 4.13,0,0.97 | 1.59 | 2.65,0.951,0.000,0,1,0,0,0,0,-1,0,0,0,,0,,0,,0,0,0,1
1723801193,387,2,2,8,8,4.915,0,0,0.31 | 0.31 | 0.31,0,1.51 | 2.52 | 4.13,0,0.97 | 1.59 | 2.65,0.951,0.000,0,1,0,0,0,0,-1,0,0,0,,0,,0,,0,0,0,1
1723801193,387,2,2,8,8,4.915,0,0,0.31 | 0.31 | 0.31,0,1.51 | 2.52 | 4.13,0,0.97 | 1.59 | 2.65,0.951,0.000,0,1,0,0,0,0,-1,0,0,0,,0,,0,,0,0,0,1
1723801193,387,2,2,8,8,4.915,0,0,0.31 | 0.31 | 0.31,0,1.51 | 2.52 | 4.13,0,0.97 | 1.59 | 2.65,0.951,0.000,0,1,0,0,0,0,-1,0,0,0,,0,,0,,0,0,0,1
1723801193,387,2,2,8,8,4.915,0,0,0.31 | 0.31 | 0.31,0,1.51 | 2.52 | 4.13,0,0.97 | 1.59 | 2.65,0.951,0.000,0,1,0,0,0,0,-1,0,0,0,,0,,0,,0,0,0,1
1723801193,387,2,2,8,8,4.915,0,0,0.31 | 0.31 | 0.31,0,1.51 | 2.52 | 4.13,0,0.97 | 1.59 | 2.65,0.951,0.000,0,1,0,0,0,0,-1,0,0,0,,0,,0,,0,0,0,1
1723801193,387,2,2,8,8,4.915,0,0,0.31 | 0.31 | 0.31,0,1.51 | 2.52 | 4.13,0,0.97 | 1.59 | 2.65,0.951,0.000,0,1,0,0,0,0,-1,0,0,0,,0,,0,,0,0,0,1
1723801193,387,2,2,8,8,4.915,0,0,0.31 | 0.31 | 0.31,0,1.51 | 2.52 | 4.13,0,0.97 | 1.59 | 2.65,0.951,0.000,0,1,0,0,0,0,-1,0,0,0,,0,,0,,0,0,0,1
1723801193,387,2,2,8,8,4.915,0,0,0.31 | 0.31 | 0.31,0,1.51 | 2.52 | 4.13,0,0.97 | 1.59 | 2.65,0.951,0.000,0,1,0,0,0,0,-1,0,0,0,,0,,0,,0,0,0,1
1723801193,387,2,2,8,8,7.318,0,0,0.31 | 0.31 | 0.31,0,1.24 | 2.45 | 4.13,0,0.97 | 1.63 | 3.24,0.952,0.000,0,1,0,0,0,0,-1,0,0,0,,0,,0,,0,0,0,1
1723801193,387,2,2,8,8,7.318,0,0,0.31 | 0.31 | 0.31,0,1.24 | 2.45 | 4.13,0,0.97 | 1.63 | 3.24,0.952,0.000,0,1,0,0,0,0,-1,0,0,0,,0,,0,,0,0,0,1
1723801194,387,2,2,8,8,7.318,0,0,0.31 | 0.31 | 0.31,0,1.24 | 2.45 | 4.13,0,0.97 | 1.63 | 3.24,0.952,0.000,0,1,0,0,0,0,-1,0,0,0,,0,,0,,0,0,0,1
1723801194,387,2,2,8,8,7.318,0,0,0.31 | 0.31 | 0.31,0,1.24 | 2.45 | 4.13,0,0.97 | 1.63 | 3.24,0.952,0.000,0,1,0,0,0,0,-1,0,0,0,,0,,0,,0,0,0,1
1723801194,387,2,2,8,8,7.318,0,0,0.31 | 0.31 | 0.31,0,1.24 | 2.45 | 4.13,0,0.97 | 1.63 | 3.24,0.952,0.000,0,1,0,0,0,0,-1,0,0,0,,0,,0,,0,0,0,1
1723801194,387,2,2,8,8,7.318,0,0,0.31 | 0.31 | 0.31,0,1.24 | 2.45 | 4.13,0,0.97 | 1.63 | 3.24,0.952,0.000,0,1,0,0,0,0,-1,0,0,0,,0,,0,,0,0,0,1
1723801194,387,2,2,8,8,7.318,0,0,0.31 | 0.31 | 0.31,0,1.24 | 2.45 | 4.13,0,0.97 | 1.63 | 3.24,0.952,0.000,0,1,0,0,0,0,-1,0,0,0,,0,,0,,0,0,0,1
1723801194,387,2,2,8,8,7.318,0,0,0.31 | 0.31 | 0.31,0,1.24 | 2.45 | 4.13,0,0.97 | 1.63 | 3.24,0.952,0.000,0,1,0,0,0,0,-1,0,0,0,,0,,0,,0,0,0,1
1723801194,387,2,2,8,8,7.318,0,0,0.31 | 0.31 | 0.31,0,1.24 | 2.45 | 4.13,0,0.97 | 1.63 | 3.24,0.952,0.000,0,1,0,0,0,0,-1,0,0,0,,0,,0,,0,0,0,1
1723801194,387,2,2,8,8,7.318,0,0,0.31 | 0.31 | 0.31,0,1.24 | 2.45 | 4.13,0,0.97 | 1.63 | 3.24,0.952,0.000,0,1,0,0,0,0,-1,0,0,0,,0,,0,,0,0,0,1
1723801194,387,2,2,8,8,6.071,0,0,0.31 | 0.31 | 0.31,0,1.24 | 2.45 | 4.13,0,0.97 | 1.63 | 3.24,0.952,0.000,0,1,0,0,0,0,-1,0,0,0,,0,,0,,0,0,0,1
1723801194,387,2,2,8,8,6.071,0,0,0.31 | 0.31 | 0.31,0,1.24 | 2.45 | 4.13,0,0.97 | 1.63 | 3.24,0.952,0.000,0,1,0,0,0,0,-1,0,0,0,,0,,0,,0,0,0,1
1723801195,387,2,2,8,8,6.071,0,0,0.31 | 0.31 | 0.31,0,1.24 | 2.45 | 4.13,0,0.97 | 1.63 | 3.24,0.952,0.000,0,1,0,0,0,0,-1,0,0,0,,0,,0,,0,0,0,1
1723801195,387,2,2,8,8,6.071,0,0,0.31 | 0.31 | 0.31,0,1.24 | 2.45 | 4.13,0,0.97 | 1.63 | 3.24,0.952,0.000,0,1,0,0,0,0,-1,0,0,0,,0,,0,,0,0,0,1
1723801195,387,2,2,8,8,6.071,0,0,0.31 | 0.31 | 0.31,0,1.24 | 2.45 | 4.13,0,0.97 | 1.63 | 3.24,0.952,0.000,0,1,0,0,0,0,-1,0,0,0,,0,,0,,0,0,0,1
1723801195,387,2,2,8,8,6.071,0,0,0.31 | 0.31 | 0.31,0,1.24 | 2.45 | 4.13,0,0.97 | 1.63 | 3.24,0.952,0.000,0,1,0,0,0,0,-1,0,0,0,,0,,0,,0,0,0,1
1723801195,387,2,2,8,8,6.071,0,0,0.31 | 0.31 | 0.31,0,1.24 | 2.45 | 4.13,0,0.97 | 1.63 | 3.24,0.952,0.000,0,1,0,0,0,0,-1,0,0,0,,0,,0,,0,0,0,1
1723801195,387,2,2,8,8,6.071,0,0,0.31 | 0.31 | 0.31,0,1.24 | 2.45 | 4.13,0,0.97 | 1.63 | 3.24,0.952,0.000,0,1,0,0,0,0,-1,0,0,0,,0,,0,,0,0,0,1
1723801195,387,2,2,8,8,6.071,0,0,0.31 | 0.31 | 0.31,0,1.24 | 2.45 | 4.13,0,0.97 | 1.63 | 3.24,0.952,0.000,0,1,0,0,0,0,-1,0,0,0,,0,,0,,0,0,0,1
1723801195,387,2,2,8,8,6.071,0,0,0.31 | 0.31 | 0.31,0,1.24 | 2.45 | 4.13,0,0.97 | 1.63 | 3.24,0.952,0.000,0,1,0,0,0,0,-1,0,0,0,,0,,0,,0,0,0,1
1723801195,387,2,2,8,8,9.993,0,0,0.30 | 0.31 | 0.31,0,1.24 | 1.87 | 2.32,0,1.73 | 2.14 | 3.24,0.958,0.000,0,1,0,0,0,0,-1,0,0,0,,0,,0,,0,0,0,1
1723801195,387,2,2,8,8,9.993,0,0,0.30 | 0.31 | 0.31,0,1.24 | 1.87 | 2.32,0,1.73 | 2.14 | 3.24,0.958,0.000,0,1,0,0,0,0,-1,0,0,0,,0,,0,,0,0,0,1
1723801196,387,2,2,8,8,9.993,0,0,0.30 | 0.31 | 0.31,0,1.24 | 1.87 | 2.32,0,1.73 | 2.14 | 3.24,0.958,0.000,0,1,0,0,0,0,-1,0,0,0,,0,,0,,0,0,0,1
1723801196,387,2,2,8,8,9.993,0,0,0.30 | 0.31 | 0.31,0,1.24 | 1.87 | 2.32,0,1.73 | 2.14 | 3.24,0.958,0.000,0,1,0,0,0,0,-1,0,0,0,,0,,0,,0,0,0,1
1723801196,387,2,2,8,8,9.993,0,0,0.30 | 0.31 | 0.31,0,1.24 | 1.87 | 2.32,0,1.73 | 2.14 | 3.24,0.958,0.000,0,1,0,0,0,0,-1,0,0,0,,0,,0,,0,0,0,1
1723801196,387,2,2,8,8,9.993,0,0,0.30 | 0.31 | 0.31,0,1.24 | 1.87 | 2.32,0,1.73 | 2.14 | 3.24,0.958,0.000,0,1,0,0,0,0,-1,0,0,0,,0,,0,,0,0,0,1
1723801196,387,2,2,8,8,9.993,0,0,0.30 | 0.31 | 0.31,0,1.24 | 1.87 | 2.32,0,1.73 | 2.14 | 3.24,0.958,0.000,0,1,0,0,0,0,-1,0,0,0,,0,,0,,0,0,0,1
1723801196,387,2,2,8,8,9.993,0,0,0.30 | 0.31 | 0.31,0,1.24 | 1.87 | 2.32,0,1.73 | 2.14 | 3.24,0.958,0.000,0,1,0,0,0,0,-1,0,0,0,,0,,0,,0,0,0,1
1723801196,387,2,2,8,8,9.993,0,0,0.30 | 0.31 | 0.31,0,1.24 | 1.87 | 2.32,0,1.73 | 2.14 | 3.24,0.958,0.000,0,1,0,0,0,0,-1,0,0,0,,0,,0,,0,0,0,1
1723801196,387,2,2,8,8,9.993,0,0,0.30 | 0.31 | 0.31,0,1.24 | 1.87 | 2.32,0,1.73 | 2.14 | 3.24,0.958,0.000,0,1,0,0,0,0,-1,0,0,0,,0,,0,,0,0,0,1
1723801196,387,2,2,8,8,8.931,0,0,0.30 | 0.31 | 0.31,0,1.24 | 1.87 | 2.32,0,1.73 | 2.14 | 3.24,0.958,0.000,0,1,0,0,0,0,-1,0,0,0,,0,,0,,0,0,0,1
1723801196,387,2,2,8,8,8.931,0,0,0.30 | 0.31 | 0.31,0,1.24 | 1.87 | 2.32,0,1.73 | 2.14 | 3.24,0.958,0.000,0,1,0,0,0,0,-1,0,0,0,,0,,0,,0,0,0,1
1723801197,387,2,2,8,8,8.931,0,0,0.30 | 0.31 | 0.31,0,1.24 | 1.87 | 2.32,0,1.73 | 2.14 | 3.24,0.958,0.000,0,1,0,0,0,0,-1,0,0,0,,0,,0,,0,0,0,1
1723801197,387,2,2,8,8,8.931,0,0,0.30 | 0.31 | 0.31,0,1.24 | 1.87 | 2.32,0,1.73 | 2.14 | 3.24,0.958,0.000,0,1,0,0,0,0,-1,0,0,0,,0,,0,,0,0,0,1
1723801197,387,2,2,8,8,8.931,0,0,0.30 | 0.31 | 0.31,0,1.24 | 1.87 | 2.32,0,1.73 | 2.14 | 3.24,0.958,0.000,0,1,0,0,0,0,-1,0,0,0,,0,,0,,0,0,0,1
1723801197,387,2,2,8,8,8.931,0,0,0.30 | 0.31 | 0.31,0,1.24 | 1.87 | 2.32,0,1.73 | 2.14 | 3.24,0.958,0.000,0,1,0,0,0,0,-1,0,0,0,,0,,0,,0,0,0,1
1723801197,387,2,2,8,8,8.931,0,0,0.30 | 0.31 | 0.31,0,1.24 | 1.87 | 2.32,0,1.73 | 2.14 | 3.24,0.958,0.000,0,1,0,0,0,0,-1,0,0,0,,0,,0,,0,0,0,1
1723801197,387,2,2,8,8,8.931,0,0,0.30 | 0.31 | 0.31,0,1.24 | 1.87 | 2.32,0,1.73 | 2.14 | 3.24,0.958,0.000,0,1,0,0,0,0,-1,0,0,0,,0,,0,,0,0,0,1
1723801197,387,2,2,8,8,8.931,0,0,0.30 | 0.31 | 0.31,0,1.24 | 1.87 | 2.32,0,1.73 | 2.14 | 3.24,0.958,0.000,0,1,0,0,0,0,-1,0,0,0,,0,,0,,0,0,0,1
1723801197,387,2,2,8,8,8.931,0,0,0.30 | 0.31 | 0.31,0,1.24 | 1.87 | 2.32,0,1.73 | 2.14 | 3.24,0.958,0.000,0,1,0,0,0,0,-1,0,0,0,,0,,0,,0,0,0,1
1723801197,387,2,2,8,8,11.067,0,0,0.30 | 0.31 | 0.31,0,1.24 | 1.63 | 2.13,0,1.88 | 2.45 | 3.24,0.959,0.000,0,1,0,0,0,0,-1,0,0,0,,0,,0,,0,0,0,1
1723801197,387,2,2,8,8,11.067,0,0,0.30 | 0.31 | 0.31,0,1.24 | 1.63 | 2.13,0,1.88 | 2.45 | 3.24,0.959,0.000,0,1,0,0,0,0,-1,0,0,0,,0,,0,,0,0,0,1
1723801198,387,2,2,8,8,11.067,0,0,0.30 | 0.31 | 0.31,0,1.24 | 1.63 | 2.13,0,1.88 | 2.45 | 3.24,0.959,0.000,0,1,0,0,0,0,-1,0,0,0,,0,,0,,0,0,0,1
1723801198,387,2,2,8,8,11.067,0,0,0.30 | 0.31 | 0.31,0,1.24 | 1.63 | 2.13,0,1.88 | 2.45 | 3.24,0.959,0.000,0,1,0,0,0,0,-1,0,0,0,,0,,0,,0,0,0,1
1723801198,387,2,2,8,8,11.067,0,0,0.30 | 0.31 | 0.31,0,1.24 | 1.63 | 2.13,0,1.88 | 2.45 | 3.24,0.959,0.000,0,1,0,0,0,0,-1,0,0,0,,0,,0,,0,0,0,1
1723801198,387,2,2,8,8,11.067,0,0,0.30 | 0.31 | 0.31,0,1.24 | 1.63 | 2.13,0,1.88 | 2.45 | 3.24,0.959,0.000,0,1,0,0,0,0,-1,0,0,0,,0,,0,,0,0,0,1
1723801198,387,2,2,8,8,11.067,0,0,0.30 | 0.31 | 0.31,0,1.24 | 1.63 | 2.13,0,1.88 | 2.45 | 3.24,0.959,0.000,0,1,0,0,0,0,-1,0,0,0,,0,,0,,0,0,0,1
1723801198,387,2,2,8,8,11.067,0,0,0.30 | 0.31 | 0.31,0,1.24 | 1.63 | 2.13,0,1.88 | 2.45 | 3.24,0.959,0.000,0,1,0,0,0,0,-1,0,0,0,,0,,0,,0,0,0,1
1723801198,387,2,2,8,8,11.067,0,0,0.30 | 0.31 | 0.31,0,1.24 | 1.63 | 2.13,0,1.88 | 2.45 | 3.24,0.959,0.000,0,1,0,0,0,0,-1,0,0,0,,0,,0,,0,0,0,1
1723801198,387,2,2,8,8,11.067,0,0,0.30 | 0.31 | 0.31,0,1.24 | 1.63 | 2.13,0,1.88 | 2.45 | 3.24,0.959,0.000,0,1,0,0,0,0,-1,0,0,0,,0,,0,,0,0,0,1
1723801198,387,2,2,8,8,10.271,0,0,0.30 | 0.31 | 0.31,0,1.24 | 1.63 | 2.13,0,1.88 | 2.45 | 3.24,0.959,0.000,0,1,0,0,0,0,-1,0,0,0,,0,,0,,0,0,0,1
1723801198,387,2,2,8,8,10.271,0,0,0.30 | 0.31 | 0.31,0,1.24 | 1.63 | 2.13,0,1.88 | 2.45 | 3.24,0.959,0.000,0,1,0,0,0,0,-1,0,0,0,,0,,0,,0,0,0,1
1723801199,387,2,2,8,8,10.271,0,0,0.30 | 0.31 | 0.31,0,1.24 | 1.63 | 2.13,0,1.88 | 2.45 | 3.24,0.959,0.000,0,1,0,0,0,0,-1,0,0,0,,0,,0,,0,0,0,1
1723801199,387,2,2,8,8,10.271,0,0,0.30 | 0.31 | 0.31,0,1.24 | 1.63 | 2.13,0,1.88 | 2.45 | 3.24,0.959,0.000,0,1,0,0,0,0,-1,0,0,0,,0,,0,,0,0,0,1
1723801199,387,2,2,8,8,10.271,0,0,0.30 | 0.31 | 0.31,0,1.24 | 1.63 | 2.13,0,1.88 | 2.45 | 3.24,0.959,0.000,0,1,0,0,0,0,-1,0,0,0,,0,,0,,0,0,0,1
1723801199,387,2,2,8,8,10.271,0,0,0.30 | 0.31 | 0.31,0,1.24 | 1.63 | 2.13,0,1.88 | 2.45 | 3.24,0.959,0.000,0,1,0,0,0,0,-1,0,0,0,,0,,0,,0,0,0,1
1723801199,387,2,2,8,8,10.271,0,0,0.30 | 0.31 | 0.31,0,1.24 | 1.63 | 2.13,0,1.88 | 2.45 | 3.24,0.959,0.000,0,1,0,0,0,0,-1,0,0,0,,0,,0,,0,0,0,1
1723801199,387,2,2,8,8,10.271,0,0,0.30 | 0.31 | 0.31,0,1.24 | 1.63 | 2.13,0,1.88 | 2.45 | 3.24,0.959,0.000,0,1,0,0,0,0,-1,0,0,0,,0,,0,,0,0,0,1
1723801199,387,2,2,8,8,10.271,0,0,0.30 | 0.31 | 0.31,0,1.24 | 1.63 | 2.13,0,1.88 | 2.45 | 3.24,0.959,0.000,0,1,0,0,0,0,-1,0,0,0,,0,,0,,0,0,0,1
1723801199,387,2,2,8,8,10.271,0,0,0.30 | 0.31 | 0.31,0,1.24 | 1.63 | 2.13,0,1.88 | 2.45 | 3.24,0.959,0.000,0,1,0,0,0,0,-1,0,0,0,,0,,0,,0,0,0,1
1723801199,387,2,2,8,8,13.995,0,0,0.30 | 0.31 | 0.31,0,1.24 | 1.69 | 2.37,0,1.69 | 2.36 | 3.24,0.953,0.000,0,1,0,0,0,0,-1,0,0,0,,0,,0,,0,0,0,1
1723801199,387,2,2,8,8,13.995,0,0,0.30 | 0.31 | 0.31,0,1.24 | 1.69 | 2.37,0,1.69 | 2.36 | 3.24,0.953,0.000,0,1,0,0,0,0,-1,0,0,0,,0,,0,,0,0,0,1
1723801200,387,2,2,8,8,13.995,0,0,0.30 | 0.31 | 0.31,0,1.24 | 1.69 | 2.37,0,1.69 | 2.36 | 3.24,0.953,0.000,0,1,0,0,0,0,-1,0,0,0,,0,,0,,0,0,0,1
1723801200,387,2,2,8,8,13.995,0,0,0.30 | 0.31 | 0.31,0,1.24 | 1.69 | 2.37,0,1.69 | 2.36 | 3.24,0.953,0.000,0,1,0,0,0,0,-1,0,0,0,,0,,0,,0,0,0,1
1723801200,387,2,2,8,8,13.995,0,0,0.30 | 0.31 | 0.31,0,1.24 | 1.69 | 2.37,0,1.69 | 2.36 | 3.24,0.953,0.000,0,1,0,0,0,0,-1,0,0,0,,0,,0,,0,0,0,1
1723801200,387,2,2,8,8,13.995,0,0,0.30 | 0.31 | 0.31,0,1.24 | 1.69 | 2.37,0,1.69 | 2.36 | 3.24,0.953,0.000,0,1,0,0,0,0,-1,0,0,0,,0,,0,,0,0,0,1
1723801200,387,2,2,8,8,13.995,0,0,0.30 | 0.31 | 0.31,0,1.24 | 1.69 | 2.37,0,1.69 | 2.36 | 3.24,0.953,0.000,0,1,0,0,0,0,-1,0,0,0,,0,,0,,0,0,0,1
1723801200,387,2,2,8,8,13.995,0,0,0.30 | 0.31 | 0.31,0,1.24 | 1.69 | 2.37,0,1.69 | 2.36 | 3.24,0.953,0.000,0,1,0,0,0,0,-1,0,0,0,,0,,0,,0,0,0,1
1723801200,387,2,2,8,8,13.995,0,0,0.30 | 0.31 | 0.31,0,1.24 | 1.69 | 2.37,0,1.69 | 2.36 | 3.24,0.953,0.000,0,1,0,0,0,0,-1,0,0,0,,0,,0,,0,0,0,1
1723801200,387,2,2,8,8,13.995,0,0,0.30 | 0.31 | 0.31,0,1.24 | 1.69 | 2.37,0,1.69 | 2.36 | 3.24,0.953,0.000,0,1,0,0,0,0,-1,0,0,0,,0,,0,,0,0,0,1
1723801200,387,2,2,8,8,12.946,0,0,0.30 | 0.31 | 0.31,0,1.24 | 1.69 | 2.37,0,1.69 | 2.36 | 3.24,0.953,0.000,0,1,0,0,0,0,-1,0,0,0,,0,,0,,0,0,0,1
1723801200,387,2,2,8,8,12.946,0,0,0.30 | 0.31 | 0.31,0,1.24 | 1.69 | 2.37,0,1.69 | 2.36 | 3.24,0.953,0.000,0,1,0,0,0,0,-1,0,0,0,,0,,0,,0,0,0,1
1723801201,387,2,2,8,8,12.946,0,0,0.30 | 0.31 | 0.31,0,1.24 | 1.69 | 2.37,0,1.69 | 2.36 | 3.24,0.953,0.000,0,1,0,0,0,0,-1,0,0,0,,0,,0,,0,0,0,1
1723801201,387,2,2,8,8,12.946,0,0,0.30 | 0.31 | 0.31,0,1.24 | 1.69 | 2.37,0,1.69 | 2.36 | 3.24,0.953,0.000,0,1,0,0,0,0,-1,0,0,0,,0,,0,,0,0,0,1
1723801201,387,2,2,8,8,12.946,0,0,0.30 | 0.31 | 0.31,0,1.24 | 1.69 | 2.37,0,1.69 | 2.36 | 3.24,0.953,0.000,0,1,0,0,0,0,-1,0,0,0,,0,,0,,0,0,0,1
1723801201,387,2,2,8,8,12.946,0,0,0.30 | 0.31 | 0.31,0,1.24 | 1.69 | 2.37,0,1.69 | 2.36 | 3.24,0.953,0.000,0,1,0,0,0,0,-1,0,0,0,,0,,0,,0,0,0,1
1723801201,387,2,2,8,8,12.946,0,0,0.30 | 0.31 | 0.31,0,1.24 | 1.69 | 2.37,0,1.69 | 2.36 | 3.24,0.953,0.000,0,1,0,0,0,0,-1,0,0,0,,0,,0,,0,0,0,1
1723801201,387,2,2,8,8,12.946,0,0,0.30 | 0.31 | 0.31,0,1.24 | 1.69 | 2.37,0,1.69 | 2.36 | 3.24,0.953,0.000,0,1,0,0,0,0,-1,0,0,0,,0,,0,,0,0,0,1
1723801201,387,2,2,8,8,12.946,0,0,0.30 | 0.31 | 0.31,0,1.24 | 1.69 | 2.37,0,1.69 | 2.36 | 3.24,0.953,0.000,0,1,0,0,0,0,-1,0,0,0,,0,,0,,0,0,0,1
1723801201,387,2,2,8,8,12.946,0,0,0.30 | 0.31 | 0.31,0,1.24 | 1.69 | 2.37,0,1.69 | 2.36 | 3.24,0.953,0.000,0,1,0,0,0,0,-1,0,0,0,,0,,0,,0,0,0,1
1723801201,387,2,2,8,8,11.884,0,0,0.30 | 0.31 | 0.31,0,1.24 | 1.69 | 2.37,0,1.69 | 2.36 | 3.24,0.953,0.000,0,1,0,0,0,0,-1,0,0,0,,0,,0,,0,0,0,1
1723801201,387,2,2,8,8,11.884,0,0,0.30 | 0.31 | 0.31,0,1.24 | 1.69 | 2.37,0,1.69 | 2.36 | 3.24,0.953,0.000,0,1,0,0,0,0,-1,0,0,0,,0,,0,,0,0,0,1
1723801202,387,2,2,8,8,11.884,0,0,0.30 | 0.31 | 0.31,0,1.24 | 1.69 | 2.37,0,1.69 | 2.36 | 3.24,0.953,0.000,0,1,0,0,0,0,-1,0,0,0,,0,,0,,0,0,0,1
1723801202,387,2,2,8,8,11.884,0,0,0.30 | 0.31 | 0.31,0,1.24 | 1.69 | 2.37,0,1.69 | 2.36 | 3.24,0.953,0.000,0,1,0,0,0,0,-1,0,0,0,,0,,0,,0,0,0,1
1723801202,387,2,2,8,8,11.884,0,0,0.30 | 0.31 | 0.31,0,1.24 | 1.69 | 2.37,0,1.69 | 2.36 | 3.24,0.953,0.000,0,1,0,0,0,0,-1,0,0,0,,0,,0,,0,0,0,1
1723801202,387,2,2,8,8,11.884,0,0,0.30 | 0.31 | 0.31,0,1.24 | 1.69 | 2.37,0,1.69 | 2.36 | 3.24,0.953,0.000,0,1,0,0,0,0,-1,0,0,0,,0,,0,,0,0,0,1
1723801202,387,2,2,8,8,11.884,0,0,0.30 | 0.31 | 0.31,0,1.24 | 1.69 | 2.37,0,1.69 | 2.36 | 3.24,0.953,0.000,0,1,0,0,0,0,-1,0,0,0,,0,,0,,0,0,0,1
1723801202,387,2,2,8,8,11.884,0,0,0.30 | 0.31 | 0.31,0,1.24 | 1.69 | 2.37,0,1.69 | 2.36 | 3.24,0.953,0.000,0,1,0,0,0,0,-1,0,0,0,,0,,0,,0,0,0,1
1723801202,387,2,2,8,8,11.884,0,0,0.30 | 0.31 | 0.31,0,1.24 | 1.69 | 2.37,0,1.69 | 2.36 | 3.24,0.953,0.000,0,1,0,0,0,0,-1,0,0,0,,0,,0,,0,0,0,1
1723801202,387,2,2,8,8,11.884,0,0,0.30 | 0.31 | 0.31,0,1.24 | 1.69 | 2.37,0,1.69 | 2.36 | 3.24,0.953,0.000,0,1,0,0,0,0,-1,0,0,0,,0,,0,,0,0,0,1
1723801202,387,2,2,8,8,11.087,0,0,0.30 | 0.31 | 0.31,0,1.24 | 1.69 | 2.37,0,1.69 | 2.36 | 3.24,0.953,0.000,0,1,0,0,0,0,-1,0,0,0,,0,,0,,0,0,0,1
1723801202,387,2,2,8,8,11.087,0,0,0.30 | 0.31 | 0.31,0,1.24 | 1.69 | 2.37,0,1.69 | 2.36 | 3.24,0.953,0.000,0,1,0,0,0,0,-1,0,0,0,,0,,0,,0,0,0,1
1723801203,387,2,2,8,8,11.087,0,0,0.30 | 0.31 | 0.31,0,1.24 | 1.69 | 2.37,0,1.69 | 2.36 | 3.24,0.953,0.000,0,1,0,0,0,0,-1,0,0,0,,0,,0,,0,0,0,1
1723801203,387,2,2,8,8,11.087,0,0,0.30 | 0.31 | 0.31,0,1.24 | 1.69 | 2.37,0,1.69 | 2.36 | 3.24,0.953,0.000,0,1,0,0,0,0,-1,0,0,0,,0,,0,,0,0,0,1
1723801203,387,2,2,8,8,11.087,0,0,0.30 | 0.31 | 0.31,0,1.24 | 1.69 | 2.37,0,1.69 | 2.36 | 3.24,0.953,0.000,0,1,0,0,0,0,-1,0,0,0,,0,,0,,0,0,0,1
1723801203,387,2,2,8,8,11.087,0,0,0.30 | 0.31 | 0.31,0,1.24 | 1.69 | 2.37,0,1.69 | 2.36 | 3.24,0.953,0.000,0,1,0,0,0,0,-1,0,0,0,,0,,0,,0,0,0,1
1723801203,387,2,2,8,8,11.087,0,0,0.30 | 0.31 | 0.31,0,1.24 | 1.69 | 2.37,0,1.69 | 2.36 | 3.24,0.953,0.000,0,1,0,0,0,0,-1,0,0,0,,0,,0,,0,0,0,1
1723801203,387,2,2,8,8,11.087,0,0,0.30 | 0.31 | 0.31,0,1.24 | 1.69 | 2.37,0,1.69 | 2.36 | 3.24,0.953,0.000,0,1,0,0,0,0,-1,0,0,0,,0,,0,,0,0,0,1
1723801203,387,2,2,8,8,11.087,0,0,0.30 | 0.31 | 0.31,0,1.24 | 1.69 | 2.37,0,1.69 | 2.36 | 3.24,0.953,0.000,0,1,0,0,0,0,-1,0,0,0,,0,,0,,0,0,0,1
1723801203,387,2,2,8,8,11.087,0,0,0.30 | 0.31 | 0.31,0,1.24 | 1.69 | 2.37,0,1.69 | 2.36 | 3.24,0.953,0.000,0,1,0,0,0,0,-1,0,0,0,,0,,0,,0,0,0,1
1723801203,387,2,2,8,8,10.024,0,0,0.30 | 0.31 | 0.31,0,1.24 | 1.69 | 2.37,0,1.69 | 2.36 | 3.24,0.953,0.000,0,1,0,0,0,0,-1,0,0,0,,0,,0,,0,0,0,1
1723801203,387,2,2,8,8,10.024,0,0,0.30 | 0.31 | 0.31,0,1.24 | 1.69 | 2.37,0,1.69 | 2.36 | 3.24,0.953,0.000,0,1,0,0,0,0,-1,0,0,0,,0,,0,,0,0,0,1
1723801204,387,2,2,8,8,10.024,0,0,0.30 | 0.31 | 0.31,0,1.24 | 1.69 | 2.37,0,1.69 | 2.36 | 3.24,0.953,0.000,0,1,0,0,0,0,-1,0,0,0,,0,,0,,0,0,0,1
1723801204,387,2,2,8,8,10.024,0,0,0.30 | 0.31 | 0.31,0,1.24 | 1.69 | 2.37,0,1.69 | 2.36 | 3.24,0.953,0.000,0,1,0,0,0,0,-1,0,0,0,,0,,0,,0,0,0,1
1723801204,387,2,2,8,8,10.024,0,0,0.30 | 0.31 | 0.31,0,1.24 | 1.69 | 2.37,0,1.69 | 2.36 | 3.24,0.953,0.000,0,1,0,0,0,0,-1,0,0,0,,0,,0,,0,0,0,1
1723801204,387,2,2,8,8,10.024,0,0,0.30 | 0.31 | 0.31,0,1.24 | 1.69 | 2.37,0,1.69 | 2.36 | 3.24,0.953,0.000,0,1,0,0,0,0,-1,0,0,0,,0,,0,,0,0,0,1
1723801204,387,2,2,8,8,10.024,0,0,0.30 | 0.31 | 0.31,0,1.24 | 1.69 | 2.37,0,1.69 | 2.36 | 3.24,0.953,0.000,0,1,0,0,0,0,-1,0,0,0,,0,,0,,0,0,0,1
1723801204,387,2,2,8,8,10.024,0,0,0.30 | 0.31 | 0.31,0,1.24 | 1.69 | 2.37,0,1.69 | 2.36 | 3.24,0.953,0.000,0,1,0,0,0,0,-1,0,0,0,,0,,0,,0,0,0,1
1723801204,387,2,2,8,8,10.024,0,0,0.30 | 0.31 | 0.31,0,1.24 | 1.69 | 2.37,0,1.69 | 2.36 | 3.24,0.953,0.000,0,1,0,0,0,0,-1,0,0,0,,0,,0,,0,0,0,1
1723801204,387,2,2,8,8,10.024,0,0,0.30 | 0.31 | 0.31,0,1.24 | 1.69 | 2.37,0,1.69 | 2.36 | 3.24,0.953,0.000,0,1,0,0,0,0,-1,0,0,0,,0,,0,,0,0,0,1
1723801204,387,2,2,8,8,12.071,0,0,0.30 | 0.31 | 0.31,0,1.35 | 1.73 | 2.37,0,1.69 | 2.31 | 2.97,0.952,0.000,0,1,0,0,0,0,-1,0,0,0,,0,,0,,0,0,0,1
1723801204,387,2,2,8,8,12.071,0,0,0.30 | 0.31 | 0.31,0,1.35 | 1.73 | 2.37,0,1.69 | 2.31 | 2.97,0.952,0.000,0,1,0,0,0,0,-1,0,0,0,,0,,0,,0,0,0,1
1723801205,387,2,2,8,8,12.071,0,0,0.30 | 0.31 | 0.31,0,1.35 | 1.73 | 2.37,0,1.69 | 2.31 | 2.97,0.952,0.000,0,1,0,0,0,0,-1,0,0,0,,0,,0,,0,0,0,1
1723801205,387,2,2,8,8,12.071,0,0,0.30 | 0.31 | 0.31,0,1.35 | 1.73 | 2.37,0,1.69 | 2.31 | 2.97,0.952,0.000,0,1,0,0,0,0,-1,0,0,0,,0,,0,,0,0,0,1
1723801205,387,2,2,8,8,12.071,0,0,0.30 | 0.31 | 0.31,0,1.35 | 1.73 | 2.37,0,1.69 | 2.31 | 2.97,0.952,0.000,0,1,0,0,0,0,-1,0,0,0,,0,,0,,0,0,0,1
1723801205,387,2,2,8,8,12.071,0,0,0.30 | 0.31 | 0.31,0,1.35 | 1.73 | 2.37,0,1.69 | 2.31 | 2.97,0.952,0.000,0,1,0,0,0,0,-1,0,0,0,,0,,0,,0,0,0,1
1723801205,387,2,2,8,8,12.071,0,0,0.30 | 0.31 | 0.31,0,1.35 | 1.73 | 2.37,0,1.69 | 2.31 | 2.97,0.952,0.000,0,1,0,0,0,0,-1,0,0,0,,0,,0,,0,0,0,1
1723801205,387,2,2,8,8,12.071,0,0,0.30 | 0.31 | 0.31,0,1.35 | 1.73 | 2.37,0,1.69 | 2.31 | 2.97,0.952,0.000,0,1,0,0,0,0,-1,0,0,0,,0,,0,,0,0,0,1
1723801205,387,2,2,8,8,12.071,0,0,0.30 | 0.31 | 0.31,0,1.35 | 1.73 | 2.37,0,1.69 | 2.31 | 2.97,0.952,0.000,0,1,0,0,0,0,-1,0,0,0,,0,,0,,0,0,0,1
1723801205,387,2,2,8,8,12.071,0,0,0.30 | 0.31 | 0.31,0,1.35 | 1.73 | 2.37,0,1.69 | 2.31 | 2.97,0.952,0.000,0,1,0,0,0,0,-1,0,0,0,,0,,0,,0,0,0,1
1723801205,387,2,2,8,8,11.099,0,0,0.30 | 0.31 | 0.31,0,1.35 | 1.73 | 2.37,0,1.69 | 2.31 | 2.97,0.952,0.000,0,1,0,0,0,0,-1,0,0,0,,0,,0,,0,0,0,1
1723801205,387,2,2,8,8,11.099,0,0,0.30 | 0.31 | 0.31,0,1.35 | 1.73 | 2.37,0,1.69 | 2.31 | 2.97,0.952,0.000,0,1,0,0,0,0,-1,0,0,0,,0,,0,,0,0,0,1
1723801206,387,2,2,8,8,11.099,0,0,0.30 | 0.31 | 0.31,0,1.35 | 1.73 | 2.37,0,1.69 | 2.31 | 2.97,0.952,0.000,0,1,0,0,0,0,-1,0,0,0,,0,,0,,0,0,0,1
1723801206,387,2,2,8,8,11.099,0,0,0.30 | 0.31 | 0.31,0,1.35 | 1.73 | 2.37,0,1.69 | 2.31 | 2.97,0.952,0.000,0,1,0,0,0,0,-1,0,0,0,,0,,0,,0,0,0,1
1723801206,387,2,2,8,8,11.099,0,0,0.30 | 0.31 | 0.31,0,1.35 | 1.73 | 2.37,0,1.69 | 2.31 | 2.97,0.952,0.000,0,1,0,0,0,0,-1,0,0,0,,0,,0,,0,0,0,1
1723801206,387,2,2,8,8,11.099,0,0,0.30 | 0.31 | 0.31,0,1.35 | 1.73 | 2.37,0,1.69 | 2.31 | 2.97,0.952,0.000,0,1,0,0,0,0,-1,0,0,0,,0,,0,,0,0,0,1
1723801206,387,2,2,8,8,11.099,0,0,0.30 | 0.31 | 0.31,0,1.35 | 1.73 | 2.37,0,1.69 | 2.31 | 2.97,0.952,0.000,0,1,0,0,0,0,-1,0,0,0,,0,,0,,0,0,0,1
1723801206,387,2,2,8,8,11.099,0,0,0.30 | 0.31 | 0.31,0,1.35 | 1.73 | 2.37,0,1.69 | 2.31 | 2.97,0.952,0.000,0,1,0,0,0,0,-1,0,0,0,,0,,0,,0,0,0,1
1723801206,387,2,2,8,8,11.099,0,0,0.30 | 0.31 | 0.31,0,1.35 | 1.73 | 2.37,0,1.69 | 2.31 | 2.97,0.952,0.000,0,1,0,0,0,0,-1,0,0,0,,0,,0,,0,0,0,1
1723801206,387,2,2,8,8,11.099,0,0,0.30 | 0.31 | 0.31,0,1.35 | 1.73 | 2.37,0,1.69 | 2.31 | 2.97,0.952,0.000,0,1,0,0,0,0,-1,0,0,0,,0,,0,,0,0,0,1
1723801206,387,2,2,8,8,10.302,0,0,0.30 | 0.31 | 0.31,0,1.35 | 1.73 | 2.37,0,1.69 | 2.31 | 2.97,0.952,0.000,0,1,0,0,0,0,-1,0,0,0,,0,,0,,0,0,0,1
1723801206,387,2,2,8,8,10.302,0,0,0.30 | 0.31 | 0.31,0,1.35 | 1.73 | 2.37,0,1.69 | 2.31 | 2.97,0.952,0.000,0,1,0,0,0,0,-1,0,0,0,,0,,0,,0,0,0,1
1723801207,387,2,2,8,8,10.302,0,0,0.30 | 0.31 | 0.31,0,1.35 | 1.73 | 2.37,0,1.69 | 2.31 | 2.97,0.952,0.000,0,1,0,0,0,0,-1,0,0,0,,0,,0,,0,0,0,1
1723801207,387,2,2,8,8,10.302,0,0,0.30 | 0.31 | 0.31,0,1.35 | 1.73 | 2.37,0,1.69 | 2.31 | 2.97,0.952,0.000,0,1,0,0,0,0,-1,0,0,0,,0,,0,,0,0,0,1
1723801207,387,2,2,8,8,10.302,0,0,0.30 | 0.31 | 0.31,0,1.35 | 1.73 | 2.37,0,1.69 | 2.31 | 2.97,0.952,0.000,0,1,0,0,0,0,-1,0,0,0,,0,,0,,0,0,0,1
1723801207,387,2,2,8,8,10.302,0,0,0.30 | 0.31 | 0.31,0,1.35 | 1.73 | 2.37,0,1.69 | 2.31 | 2.97,0.952,0.000,0,1,0,0,0,0,-1,0,0,0,,0,,0,,0,0,0,1
1723801207,387,2,2,8,8,10.302,0,0,0.30 | 0.31 | 0.31,0,1.35 | 1.73 | 2.37,0,1.69 | 2.31 | 2.97,0.952,0.000,0,1,0,0,0,0,-1,0,0,0,,0,,0,,0,0,0,1
1723801207,387,2,2,8,8,10.302,0,0,0.30 | 0.31 | 0.31,0,1.35 | 1.73 | 2.37,0,1.69 | 2.31 | 2.97,0.952,0.000,0,1,0,0,0,0,-1,0,0,0,,0,,0,,0,0,0,1
1723801207,387,2,2,8,8,10.302,0,0,0.30 | 0.31 | 0.31,0,1.35 | 1.73 | 2.37,0,1.69 | 2.31 | 2.97,0.952,0.000,0,1,0,0,0,0,-1,0,0,0,,0,,0,,0,0,0,1
1723801207,387,2,2,8,8,10.302,0,0,0.30 | 0.31 | 0.31,0,1.35 | 1.73 | 2.37,0,1.69 | 2.31 | 2.97,0.952,0.000,0,1,0,0,0,0,-1,0,0,0,,0,,0,,0,0,0,1
1723801207,387,2,2,8,8,13.899,0,0,0.31 | 0.31 | 0.31,0,1.35 | 1.78 | 2.37,0,1.69 | 2.25 | 2.97,0.951,0.000,0,1,0,0,0,0,-1,0,0,0,,0,,0,,0,0,0,1
1723801207,387,2,2,8,8,13.899,0,0,0.31 | 0.31 | 0.31,0,1.35 | 1.78 | 2.37,0,1.69 | 2.25 | 2.97,0.951,0.000,0,1,0,0,0,0,-1,0,0,0,,0,,0,,0,0,0,1
1723801208,387,2,2,8,8,13.899,0,0,0.31 | 0.31 | 0.31,0,1.35 | 1.78 | 2.37,0,1.69 | 2.25 | 2.97,0.951,0.000,0,1,0,0,0,0,-1,0,0,0,,0,,0,,0,0,0,1
1723801208,387,2,2,8,8,13.899,0,0,0.31 | 0.31 | 0.31,0,1.35 | 1.78 | 2.37,0,1.69 | 2.25 | 2.97,0.951,0.000,0,1,0,0,0,0,-1,0,0,0,,0,,0,,0,0,0,1
1723801208,387,2,2,8,8,13.899,0,0,0.31 | 0.31 | 0.31,0,1.35 | 1.78 | 2.37,0,1.69 | 2.25 | 2.97,0.951,0.000,0,1,0,0,0,0,-1,0,0,0,,0,,0,,0,0,0,1
1723801208,387,2,2,8,8,13.899,0,0,0.31 | 0.31 | 0.31,0,1.35 | 1.78 | 2.37,0,1.69 | 2.25 | 2.97,0.951,0.000,0,1,0,0,0,0,-1,0,0,0,,0,,0,,0,0,0,1
1723801208,387,2,2,8,8,13.899,0,0,0.31 | 0.31 | 0.31,0,1.35 | 1.78 | 2.37,0,1.69 | 2.25 | 2.97,0.951,0.000,0,1,0,0,0,0,-1,0,0,0,,0,,0,,0,0,0,1
1723801208,387,2,2,8,8,13.899,0,0,0.31 | 0.31 | 0.31,0,1.35 | 1.78 | 2.37,0,1.69 | 2.25 | 2.97,0.951,0.000,0,1,0,0,0,0,-1,0,0,0,,0,,0,,0,0,0,1
1723801208,387,2,2,8,8,13.899,0,0,0.31 | 0.31 | 0.31,0,1.35 | 1.78 | 2.37,0,1.69 | 2.25 | 2.97,0.951,0.000,0,1,0,0,0,0,-1,0,0,0,,0,,0,,0,0,0,1
1723801208,387,2,2,8,8,13.899,0,0,0.31 | 0.31 | 0.31,0,1.35 | 1.78 | 2.37,0,1.69 | 2.25 | 2.97,0.951,0.000,0,1,0,0,0,0,-1,0,0,0,,0,,0,,0,0,0,1
1723801208,387,2,2,8,8,12.978,0,0,0.31 | 0.31 | 0.31,0,1.35 | 1.78 | 2.37,0,1.69 | 2.25 | 2.97,0.951,0.000,0,1,0,0,0,0,-1,0,0,0,,0,,0,,0,0,0,1
1723801208,387,2,2,8,8,12.978,0,0,0.31 | 0.31 | 0.31,0,1.35 | 1.78 | 2.37,0,1.69 | 2.25 | 2.97,0.951,0.000,0,1,0,0,0,0,-1,0,0,0,,0,,0,,0,0,0,1
1723801209,387,2,2,8,8,12.978,0,0,0.31 | 0.31 | 0.31,0,1.35 | 1.78 | 2.37,0,1.69 | 2.25 | 2.97,0.951,0.000,0,1,0,0,0,0,-1,0,0,0,,0,,0,,0,0,0,1
1723801209,387,2,2,8,8,12.978,0,0,0.31 | 0.31 | 0.31,0,1.35 | 1.78 | 2.37,0,1.69 | 2.25 | 2.97,0.951,0.000,0,1,0,0,0,0,-1,0,0,0,,0,,0,,0,0,0,1
1723801209,387,2,2,8,8,12.978,0,0,0.31 | 0.31 | 0.31,0,1.35 | 1.78 | 2.37,0,1.69 | 2.25 | 2.97,0.951,0.000,0,1,0,0,0,0,-1,0,0,0,,0,,0,,0,0,0,1
1723801209,387,2,2,8,8,12.978,0,0,0.31 | 0.31 | 0.31,0,1.35 | 1.78 | 2.37,0,1.69 | 2.25 | 2.97,0.951,0.000,0,1,0,0,0,0,-1,0,0,0,,0,,0,,0,0,0,1
1723801209,387,2,2,8,8,12.978,0,0,0.31 | 0.31 | 0.31,0,1.35 | 1.78 | 2.37,0,1.69 | 2.25 | 2.97,0.951,0.000,0,1,0,0,0,0,-1,0,0,0,,0,,0,,0,0,0,1
1723801209,387,2,2,8,8,12.978,0,0,0.31 | 0.31 | 0.31,0,1.35 | 1.78 | 2.37,0,1.69 | 2.25 | 2.97,0.951,0.000,0,1,0,0,0,0,-1,0,0,0,,0,,0,,0,0,0,1
1723801209,387,2,2,8,8,12.978,0,0,0.31 | 0.31 | 0.31,0,1.35 | 1.78 | 2.37,0,1.69 | 2.25 | 2.97,0.951,0.000,0,1,0,0,0,0,-1,0,0,0,,0,,0,,0,0,0,1
1723801209,387,2,2,8,8,12.978,0,0,0.31 | 0.31 | 0.31,0,1.35 | 1.78 | 2.37,0,1.69 | 2.25 | 2.97,0.951,0.000,0,1,0,0,0,0,-1,0,0,0,,0,,0,,0,0,0,1
1723801209,387,2,2,8,8,11.915,0,0,0.31 | 0.31 | 0.31,0,1.35 | 1.78 | 2.37,0,1.69 | 2.25 | 2.97,0.951,0.000,0,1,0,0,0,0,-1,0,0,0,,0,,0,,0,0,0,1
1723801209,387,2,2,8,8,11.915,0,0,0.31 | 0.31 | 0.31,0,1.35 | 1.78 | 2.37,0,1.69 | 2.25 | 2.97,0.951,0.000,0,1,0,0,0,0,-1,0,0,0,,0,,0,,0,0,0,1
1723801210,387,2,2,8,8,11.915,0,0,0.31 | 0.31 | 0.31,0,1.35 | 1.78 | 2.37,0,1.69 | 2.25 | 2.97,0.951,0.000,0,1,0,0,0,0,-1,0,0,0,,0,,0,,0,0,0,1
1723801210,387,2,2,8,8,11.915,0,0,0.31 | 0.31 | 0.31,0,1.35 | 1.78 | 2.37,0,1.69 | 2.25 | 2.97,0.951,0.000,0,1,0,0,0,0,-1,0,0,0,,0,,0,,0,0,0,1
1723801210,387,2,2,8,8,11.915,0,0,0.31 | 0.31 | 0.31,0,1.35 | 1.78 | 2.37,0,1.69 | 2.25 | 2.97,0.951,0.000,0,1,0,0,0,0,-1,0,0,0,,0,,0,,0,0,0,1
1723801210,387,2,2,8,8,11.915,0,0,0.31 | 0.31 | 0.31,0,1.35 | 1.78 | 2.37,0,1.69 | 2.25 | 2.97,0.951,0.000,0,1,0,0,0,0,-1,0,0,0,,0,,0,,0,0,0,1
1723801210,387,2,2,8,8,11.915,0,0,0.31 | 0.31 | 0.31,0,1.35 | 1.78 | 2.37,0,1.69 | 2.25 | 2.97,0.951,0.000,0,1,0,0,0,0,-1,0,0,0,,0,,0,,0,0,0,1
1723801210,387,2,2,8,8,11.915,0,0,0.31 | 0.31 | 0.31,0,1.35 | 1.78 | 2.37,0,1.69 | 2.25 | 2.97,0.951,0.000,0,1,0,0,0,0,-1,0,0,0,,0,,0,,0,0,0,1
1723801210,387,2,2,8,8,11.915,0,0,0.31 | 0.31 | 0.31,0,1.35 | 1.78 | 2.37,0,1.69 | 2.25 | 2.97,0.951,0.000,0,1,0,0,0,0,-1,0,0,0,,0,,0,,0,0,0,1
1723801210,387,2,2,8,8,11.915,0,0,0.31 | 0.31 | 0.31,0,1.35 | 1.78 | 2.37,0,1.69 | 2.25 | 2.97,0.951,0.000,0,1,0,0,0,0,-1,0,0,0,,0,,0,,0,0,0,1
1723801210,387,2,2,8,8,11.118,0,0,0.31 | 0.31 | 0.31,0,1.35 | 1.78 | 2.37,0,1.69 | 2.25 | 2.97,0.951,0.000,0,1,0,0,0,0,-1,0,0,0,,0,,0,,0,0,0,1
1723801210,387,2,2,8,8,11.118,0,0,0.31 | 0.31 | 0.31,0,1.35 | 1.78 | 2.37,0,1.69 | 2.25 | 2.97,0.951,0.000,0,1,0,0,0,0,-1,0,0,0,,0,,0,,0,0,0,1
1723801211,387,2,2,8,8,11.118,0,0,0.31 | 0.31 | 0.31,0,1.35 | 1.78 | 2.37,0,1.69 | 2.25 | 2.97,0.951,0.000,0,1,0,0,0,0,-1,0,0,0,,0,,0,,0,0,0,1
1723801211,387,2,2,8,8,11.118,0,0,0.31 | 0.31 | 0.31,0,1.35 | 1.78 | 2.37,0,1.69 | 2.25 | 2.97,0.951,0.000,0,1,0,0,0,0,-1,0,0,0,,0,,0,,0,0,0,1
1723801211,387,2,2,8,8,11.118,0,0,0.31 | 0.31 | 0.31,0,1.35 | 1.78 | 2.37,0,1.69 | 2.25 | 2.97,0.951,0.000,0,1,0,0,0,0,-1,0,0,0,,0,,0,,0,0,0,1
1723801211,387,2,2,8,8,11.118,0,0,0.31 | 0.31 | 0.31,0,1.35 | 1.78 | 2.37,0,1.69 | 2.25 | 2.97,0.951,0.000,0,1,0,0,0,0,-1,0,0,0,,0,,0,,0,0,0,1
1723801211,387,2,2,8,8,11.118,0,0,0.31 | 0.31 | 0.31,0,1.35 | 1.78 | 2.37,0,1.69 | 2.25 | 2.97,0.951,0.000,0,1,0,0,0,0,-1,0,0,0,,0,,0,,0,0,0,1
1723801211,387,2,2,8,8,11.118,0,0,0.31 | 0.31 | 0.31,0,1.35 | 1.78 | 2.37,0,1.69 | 2.25 | 2.97,0.951,0.000,0,1,0,0,0,0,-1,0,0,0,,0,,0,,0,0,0,1
1723801211,387,2,2,8,8,11.118,0,0,0.31 | 0.31 | 0.31,0,1.35 | 1.78 | 2.37,0,1.69 | 2.25 | 2.97,0.951,0.000,0,1,0,0,0,0,-1,0,0,0,,0,,0,,0,0,0,1
1723801211,387,2,2,8,8,11.118,0,0,0.31 | 0.31 | 0.31,0,1.35 | 1.78 | 2.37,0,1.69 | 2.25 | 2.97,0.951,0.000,0,1,0,0,0,0,-1,0,0,0,,0,,0,,0,0,0,1
1723801211,387,2,2,8,8,10.056,0,0,0.31 | 0.31 | 0.31,0,1.35 | 1.78 | 2.37,0,1.69 | 2.25 | 2.97,0.951,0.000,0,1,0,0,0,0,-1,0,0,0,,0,,0,,0,0,0,1
1723801211,387,2,2,8,8,10.056,0,0,0.31 | 0.31 | 0.31,0,1.35 | 1.78 | 2.37,0,1.69 | 2.25 | 2.97,0.951,0.000,0,1,0,0,0,0,-1,0,0,0,,0,,0,,0,0,0,1
1723801212,387,2,2,8,8,10.056,0,0,0.31 | 0.31 | 0.31,0,1.35 | 1.78 | 2.37,0,1.69 | 2.25 | 2.97,0.951,0.000,0,1,0,0,0,0,-1,0,0,0,,0,,0,,0,0,0,1
1723801212,387,2,2,8,8,10.056,0,0,0.31 | 0.31 | 0.31,0,1.35 | 1.78 | 2.37,0,1.69 | 2.25 | 2.97,0.951,0.000,0,1,0,0,0,0,-1,0,0,0,,0,,0,,0,0,0,1
1723801212,387,2,2,8,8,10.056,0,0,0.31 | 0.31 | 0.31,0,1.35 | 1.78 | 2.37,0,1.69 | 2.25 | 2.97,0.951,0.000,0,1,0,0,0,0,-1,0,0,0,,0,,0,,0,0,0,1
1723801212,387,2,2,8,8,10.056,0,0,0.31 | 0.31 | 0.31,0,1.35 | 1.78 | 2.37,0,1.69 | 2.25 | 2.97,0.951,0.000,0,1,0,0,0,0,-1,0,0,0,,0,,0,,0,0,0,1
1723801212,387,2,2,8,8,10.056,0,0,0.31 | 0.31 | 0.31,0,1.35 | 1.78 | 2.37,0,1.69 | 2.25 | 2.97,0.951,0.000,0,1,0,0,0,0,-1,0,0,0,,0,,0,,0,0,0,1
1723801212,387,2,2,8,8,10.056,0,0,0.31 | 0.31 | 0.31,0,1.35 | 1.78 | 2.37,0,1.69 | 2.25 | 2.97,0.951,0.000,0,1,0,0,0,0,-1,0,0,0,,0,,0,,0,0,0,1
1723801212,387,2,2,8,8,10.056,0,0,0.31 | 0.31 | 0.31,0,1.35 | 1.78 | 2.37,0,1.69 | 2.25 | 2.97,0.951,0.000,0,1,0,0,0,0,-1,0,0,0,,0,,0,,0,0,0,1
1723801212,387,2,2,8,8,10.056,0,0,0.31 | 0.31 | 0.31,0,1.35 | 1.78 | 2.37,0,1.69 | 2.25 | 2.97,0.951,0.000,0,1,0,0,0,0,-1,0,0,0,,0,,0,,0,0,0,1
1723801212,387,2,2,8,8,12.193,0,0,0.31 | 0.31 | 0.31,0,1.39 | 1.83 | 2.37,0,1.69 | 2.18 | 2.87,0.919,0.000,0,1,0,0,0,0,-1,0,0,0,,0,,0,,0,0,0,1
1723801212,387,2,2,8,8,12.193,0,0,0.31 | 0.31 | 0.31,0,1.39 | 1.83 | 2.37,0,1.69 | 2.18 | 2.87,0.919,0.000,0,1,0,0,0,0,-1,0,0,0,,0,,0,,0,0,0,1
1723801213,580,2,3,8,8,12.193,0,0,0.31 | 0.31 | 0.31,0,1.39 | 1.83 | 2.37,0,1.69 | 2.18 | 2.87,0.919,0.000,0,1,0,0,0,0,-1,0,0,0,,0,,0,,0,0,0,1
1723801213,580,2,3,8,8,12.193,0,0,0.31 | 0.31 | 0.31,0,1.39 | 1.83 | 2.37,0,1.69 | 2.18 | 2.87,0.919,0.000,0,1,0,0,0,0,-1,0,0,0,,0,,0,,0,0,0,1
1723801213,580,2,3,8,8,12.193,0,0,0.31 | 0.31 | 0.31,0,1.39 | 1.83 | 2.37,0,1.69 | 2.18 | 2.87,0.919,0.000,0,1,0,0,0,0,-1,0,0,0,,0,,0,,0,0,0,1
1723801213,580,2,3,8,8,12.193,0,0,0.31 | 0.31 | 0.31,0,1.39 | 1.83 | 2.37,0,1.69 | 2.18 | 2.87,0.919,0.000,0,1,0,0,0,0,-1,0,0,0,,0,,0,,0,0,0,1
1723801213,580,2,3,8,8,12.193,0,0,0.31 | 0.31 | 0.31,0,1.39 | 1.83 | 2.37,0,1.69 | 2.18 | 2.87,0.919,0.000,0,1,0,0,0,0,-1,0,0,0,,0,,0,,0,0,0,1
1723801213,580,2,3,8,8,12.193,0,0,0.31 | 0.31 | 0.31,0,1.39 | 1.83 | 2.37,0,1.69 | 2.18 | 2.87,0.919,0.000,0,1,0,0,0,0,-1,0,0,0,,0,,0,,0,0,0,1
1723801213,580,2,3,8,8,12.193,0,0,0.31 | 0.31 | 0.31,0,1.39 | 1.83 | 2.37,0,1.69 | 2.18 | 2.87,0.919,0.000,0,1,0,0,0,0,-1,0,0,0,,0,,0,,0,0,0,1
1723801213,580,2,3,8,8,12.193,0,0,0.31 | 0.31 | 0.31,0,1.39 | 1.83 | 2.37,0,1.69 | 2.18 | 2.87,0.919,0.000,0,1,0,0,0,0,-1,0,0,0,,0,,0,,0,0,0,1
1723801213,580,2,3,8,8,11.131,0,0,0.31 | 0.31 | 0.31,0,1.39 | 1.83 | 2.37,0,1.69 | 2.18 | 2.87,0.919,0.000,0,1,0,0,0,0,-1,0,0,0,,0,,0,,0,0,0,1
1723801213,580,2,3,8,8,11.131,0,0,0.31 | 0.31 | 0.31,0,1.39 | 1.83 | 2.37,0,1.69 | 2.18 | 2.87,0.919,0.000,0,1,0,0,0,0,-1,0,0,0,,0,,0,,0,0,0,1
1723801214,580,2,3,8,8,11.131,0,0,0.31 | 0.31 | 0.31,0,1.39 | 1.83 | 2.37,0,1.69 | 2.18 | 2.87,0.919,0.000,0,1,0,0,0,0,-1,0,0,0,,0,,0,,0,0,0,1
1723801214,580,2,3,8,8,11.131,0,0,0.31 | 0.31 | 0.31,0,1.39 | 1.83 | 2.37,0,1.69 | 2.18 | 2.87,0.919,0.000,0,1,0,0,0,0,-1,0,0,0,,0,,0,,0,0,0,1
1723801214,580,2,3,8,8,11.131,0,0,0.31 | 0.31 | 0.31,0,1.39 | 1.83 | 2.37,0,1.69 | 2.18 | 2.87,0.919,0.000,0,1,0,0,0,0,-1,0,0,0,,0,,0,,0,0,0,1
1723801214,580,2,3,8,8,11.131,0,0,0.31 | 0.31 | 0.31,0,1.39 | 1.83 | 2.37,0,1.69 | 2.18 | 2.87,0.919,0.000,0,1,0,0,0,0,-1,0,0,0,,0,,0,,0,0,0,1
1723801214,580,2,3,8,8,11.131,0,0,0.31 | 0.31 | 0.31,0,1.39 | 1.83 | 2.37,0,1.69 | 2.18 | 2.87,0.919,0.000,0,1,0,0,0,0,-1,0,0,0,,0,,0,,0,0,0,1
1723801214,580,2,3,8,8,11.131,0,0,0.31 | 0.31 | 0.31,0,1.39 | 1.83 | 2.37,0,1.69 | 2.18 | 2.87,0.919,0.000,0,1,0,0,0,0,-1,0,0,0,,0,,0,,0,0,0,1
1723801214,580,2,3,8,8,11.131,0,0,0.31 | 0.31 | 0.31,0,1.39 | 1.83 | 2.37,0,1.69 | 2.18 | 2.87,0.919,0.000,0,1,0,0,0,0,-1,0,0,0,,0,,0,,0,0,0,1
1723801214,580,2,3,8,8,11.131,0,0,0.31 | 0.31 | 0.31,0,1.39 | 1.83 | 2.37,0,1.69 | 2.18 | 2.87,0.919,0.000,0,1,0,0,0,0,-1,0,0,0,,0,,0,,0,0,0,1
1723801214,580,2,3,8,8,10.066,0,0,0.31 | 0.31 | 0.31,0,1.39 | 1.83 | 2.37,0,1.69 | 2.18 | 2.87,0.919,0.000,0,1,0,0,0,0,-1,0,0,0,,0,,0,,0,0,0,1
1723801214,580,2,3,8,8,10.066,0,0,0.31 | 0.31 | 0.31,0,1.39 | 1.83 | 2.37,0,1.69 | 2.18 | 2.87,0.919,0.000,0,1,0,0,0,0,-1,0,0,0,,0,,0,,0,0,0,1
1723801215,580,2,3,8,8,10.066,0,0,0.31 | 0.31 | 0.31,0,1.39 | 1.83 | 2.37,0,1.69 | 2.18 | 2.87,0.919,0.000,0,1,0,0,0,0,-1,0,0,0,,0,,0,,0,0,0,1
1723801215,580,2,3,8,8,10.066,0,0,0.31 | 0.31 | 0.31,0,1.39 | 1.83 | 2.37,0,1.69 | 2.18 | 2.87,0.919,0.000,0,1,0,0,0,0,-1,0,0,0,,0,,0,,0,0,0,1
1723801215,580,2,3,8,8,10.066,0,0,0.31 | 0.31 | 0.31,0,1.39 | 1.83 | 2.37,0,1.69 | 2.18 | 2.87,0.919,0.000,0,1,0,0,0,0,-1,0,0,0,,0,,0,,0,0,0,1
1723801215,580,2,3,8,8,10.066,0,0,0.31 | 0.31 | 0.31,0,1.39 | 1.83 | 2.37,0,1.69 | 2.18 | 2.87,0.919,0.000,0,1,0,0,0,0,-1,0,0,0,,0,,0,,0,0,0,1
1723801215,580,2,3,8,8,10.066,0,0,0.31 | 0.31 | 0.31,0,1.39 | 1.83 | 2.37,0,1.69 | 2.18 | 2.87,0.919,0.000,0,1,0,0,0,0,-1,0,0,0,,0,,0,,0,0,0,1
1723801215,580,2,3,8,8,10.066,0,0,0.31 | 0.31 | 0.31,0,1.39 | 1.83 | 2.37,0,1.69 | 2.18 | 2.87,0.919,0.000,0,1,0,0,0,0,-1,0,0,0,,0,,0,,0,0,0,1
1723801215,580,2,3,8,8,10.066,0,0,0.31 | 0.31 | 0.31,0,1.39 | 1.83 | 2.37,0,1.69 | 2.18 | 2.87,0.919,0.000,0,1,0,0,0,0,-1,0,0,0,,0,,0,,0,0,0,1
1723801215,580,2,3,8,8,10.066,0,0,0.31 | 0.31 | 0.31,0,1.39 | 1.83 | 2.37,0,1.69 | 2.18 | 2.87,0.919,0.000,0,1,0,0,0,0,-1,0,0,0,,0,,0,,0,0,0,1
1723801215,580,2,3,8,8,9.271,0,0,0.31 | 0.31 | 0.31,0,1.39 | 1.83 | 2.37,0,1.69 | 2.18 | 2.87,0.919,0.000,0,1,0,0,0,0,-1,0,0,0,,0,,0,,0,0,0,1
1723801215,580,2,3,8,8,9.271,0,0,0.31 | 0.31 | 0.31,0,1.39 | 1.83 | 2.37,0,1.69 | 2.18 | 2.87,0.919,0.000,0,1,0,0,0,0,-1,0,0,0,,0,,0,,0,0,0,1
1723801216,580,2,3,8,8,9.271,0,0,0.31 | 0.31 | 0.31,0,1.39 | 1.83 | 2.37,0,1.69 | 2.18 | 2.87,0.919,0.000,0,1,0,0,0,0,-1,0,0,0,,0,,0,,0,0,0,1
1723801216,580,2,3,8,8,9.271,0,0,0.31 | 0.31 | 0.31,0,1.39 | 1.83 | 2.37,0,1.69 | 2.18 | 2.87,0.919,0.000,0,1,0,0,0,0,-1,0,0,0,,0,,0,,0,0,0,1
1723801216,580,2,3,8,8,9.271,0,0,0.31 | 0.31 | 0.31,0,1.39 | 1.83 | 2.37,0,1.69 | 2.18 | 2.87,0.919,0.000,0,1,0,0,0,0,-1,0,0,0,,0,,0,,0,0,0,1
1723801216,580,2,3,8,8,9.271,0,0,0.31 | 0.31 | 0.31,0,1.39 | 1.83 | 2.37,0,1.69 | 2.18 | 2.87,0.919,0.000,0,1,0,0,0,0,-1,0,0,0,,0,,0,,0,0,0,1
1723801216,580,2,3,8,8,9.271,0,0,0.31 | 0.31 | 0.31,0,1.39 | 1.83 | 2.37,0,1.69 | 2.18 | 2.87,0.919,0.000,0,1,0,0,0,0,-1,0,0,0,,0,,0,,0,0,0,1
1723801216,580,2,3,8,8,9.271,0,0,0.31 | 0.31 | 0.31,0,1.39 | 1.83 | 2.37,0,1.69 | 2.18 | 2.87,0.919,0.000,0,1,0,0,0,0,-1,0,0,0,,0,,0,,0,0,0,1
1723801216,580,2,3,8,8,9.271,0,0,0.31 | 0.31 | 0.31,0,1.39 | 1.83 | 2.37,0,1.69 | 2.18 | 2.87,0.919,0.000,0,1,0,0,0,0,-1,0,0,0,,0,,0,,0,0,0,1
1723801216,580,2,3,8,8,9.271,0,0,0.31 | 0.31 | 0.31,0,1.39 | 1.83 | 2.37,0,1.69 | 2.18 | 2.87,0.919,0.000,0,1,0,0,0,0,-1,0,0,0,,0,,0,,0,0,0,1
1723801216,580,2,3,8,8,8.209,0,0,0.31 | 0.31 | 0.31,0,1.39 | 1.83 | 2.37,0,1.69 | 2.18 | 2.87,0.919,0.000,0,1,0,0,0,0,-1,0,0,0,,0,,0,,0,0,0,1
1723801216,580,2,3,8,8,8.209,0,0,0.31 | 0.31 | 0.31,0,1.39 | 1.83 | 2.37,0,1.69 | 2.18 | 2.87,0.919,0.000,0,1,0,0,0,0,-1,0,0,0,,0,,0,,0,0,0,1
1723801217,580,2,3,8,8,8.209,0,0,0.31 | 0.31 | 0.31,0,1.39 | 1.83 | 2.37,0,1.69 | 2.18 | 2.87,0.919,0.000,0,1,0,0,0,0,-1,0,0,0,,0,,0,,0,0,0,1
1723801217,580,3,3,8,8,8.209,0,0,0.31 | 0.31 | 0.31,0,1.39 | 1.83 | 2.37,0,1.69 | 2.18 | 2.87,0.919,0.000,0,1,0,0,0,0,-1,0,0,0,,0,,0,,0,0,0,1
1723801217,580,3,3,8,8,8.209,0,0,0.31 | 0.31 | 0.31,0,1.39 | 1.83 | 2.37,0,1.69 | 2.18 | 2.87,0.919,0.000,0,1,0,0,0,0,-1,0,0,0,,0,,0,,0,0,0,1
1723801217,580,3,3,8,8,8.209,0,0,0.31 | 0.31 | 0.31,0,1.39 | 1.83 | 2.37,0,1.69 | 2.18 | 2.87,0.919,0.000,0,1,0,0,0,0,-1,0,0,0,,0,,0,,0,0,0,1
1723801217,580,3,3,8,8,8.209,0,0,0.31 | 0.31 | 0.31,0,1.39 | 1.83 | 2.37,0,1.69 | 2.18 | 2.87,0.919,0.000,0,1,0,0,0,0,-1,0,0,0,,0,,0,,0,0,0,1
1723801217,580,3,3,8,8,8.209,0,0,0.31 | 0.31 | 0.31,0,1.39 | 1.83 | 2.37,0,1.69 | 2.18 | 2.87,0.919,0.000,0,1,0,0,0,0,-1,0,0,0,,0,,0,,0,0,0,1
1723801217,580,3,3,8,8,8.209,0,0,0.31 | 0.31 | 0.31,0,1.39 | 1.83 | 2.37,0,1.69 | 2.18 | 2.87,0.919,0.000,0,1,0,0,0,0,-1,0,0,0,,0,,0,,0,0,0,1
1723801217,580,3,3,8,8,8.209,0,0,0.31 | 0.31 | 0.31,0,1.39 | 1.83 | 2.37,0,1.69 | 2.18 | 2.87,0.919,0.000,0,1,0,0,0,0,-1,0,0,0,,0,,0,,0,0,0,1
1723801217,580,3,3,8,8,7.146,0,0,0.31 | 0.31 | 0.32,0,1.39 | 2.07 | 3.30,0,1.21 | 1.94 | 2.87,0.906,0.000,0,1,0,0,0,0,-1,0,0,0,,0,,0,,0,0,0,1
1723801217,580,3,3,8,8,7.146,0,0,0.31 | 0.31 | 0.32,0,1.39 | 2.07 | 3.30,0,1.21 | 1.94 | 2.87,0.906,0.000,0,1,0,0,0,0,-1,0,0,0,,0,,0,,0,0,0,1
1723801218,580,3,3,8,8,7.146,0,0,0.31 | 0.31 | 0.32,0,1.39 | 2.07 | 3.30,0,1.21 | 1.94 | 2.87,0.906,0.000,0,1,0,0,0,0,-1,0,0,0,,0,,0,,0,0,0,1
1723801218,580,3,3,8,8,7.146,0,0,0.31 | 0.31 | 0.32,0,1.39 | 2.07 | 3.30,0,1.21 | 1.94 | 2.87,0.906,0.000,0,1,0,0,0,0,-1,0,0,0,,0,,0,,0,0,0,1
1723801218,580,3,3,8,8,7.146,0,0,0.31 | 0.31 | 0.32,0,1.39 | 2.07 | 3.30,0,1.21 | 1.94 | 2.87,0.906,0.000,0,1,0,0,0,0,-1,0,0,0,,0,,0,,0,0,0,1
1723801218,580,3,3,8,8,7.146,0,0,0.31 | 0.31 | 0.32,0,1.39 | 2.07 | 3.30,0,1.21 | 1.94 | 2.87,0.906,0.000,0,1,0,0,0,0,-1,0,0,0,,0,,0,,0,0,0,1
1723801218,580,3,3,8,8,7.146,0,0,0.31 | 0.31 | 0.32,0,1.39 | 2.07 | 3.30,0,1.21 | 1.94 | 2.87,0.906,0.000,0,1,0,0,0,0,-1,0,0,0,,0,,0,,0,0,0,1
1723801218,580,3,3,8,8,7.146,0,0,0.31 | 0.31 | 0.32,0,1.39 | 2.07 | 3.30,0,1.21 | 1.94 | 2.87,0.906,0.000,0,1,0,0,0,0,-1,0,0,0,,0,,0,,0,0,0,1
1723801218,580,3,3,8,8,7.146,0,0,0.31 | 0.31 | 0.32,0,1.39 | 2.07 | 3.30,0,1.21 | 1.94 | 2.87,0.906,0.000,0,1,0,0,0,0,-1,0,0,0,,0,,0,,0,0,0,1
1723801218,580,3,3,8,8,7.146,0,0,0.31 | 0.31 | 0.32,0,1.39 | 2.07 | 3.30,0,1.21 | 1.94 | 2.87,0.906,0.000,0,1,0,0,0,0,-1,0,0,0,,0,,0,,0,0,0,1
1723801218,580,3,3,8,8,6.084,0,0,0.31 | 0.31 | 0.32,0,1.39 | 2.07 | 3.30,0,1.21 | 1.94 | 2.87,0.906,0.000,0,1,0,0,0,0,-1,0,0,0,,0,,0,,0,0,0,1
1723801218,580,3,3,8,8,6.084,0,0,0.31 | 0.31 | 0.32,0,1.39 | 2.07 | 3.30,0,1.21 | 1.94 | 2.87,0.906,0.000,0,1,0,0,0,0,-1,0,0,0,,0,,0,,0,0,0,1
1723801219,580,3,3,8,8,6.084,0,0,0.31 | 0.31 | 0.32,0,1.39 | 2.07 | 3.30,0,1.21 | 1.94 | 2.87,0.906,0.000,0,1,0,0,0,0,-1,0,0,0,,0,,0,,0,0,0,1
1723801219,580,3,3,8,8,6.084,0,0,0.31 | 0.31 | 0.32,0,1.39 | 2.07 | 3.30,0,1.21 | 1.94 | 2.87,0.906,0.000,0,1,0,0,0,0,-1,0,0,0,,0,,0,,0,0,0,1
1723801219,580,3,3,8,8,6.084,0,0,0.31 | 0.31 | 0.32,0,1.39 | 2.07 | 3.30,0,1.21 | 1.94 | 2.87,0.906,0.000,0,1,0,0,0,0,-1,0,0,0,,0,,0,,0,0,0,1
1723801219,387,3,2,8,8,6.084,0,0,0.31 | 0.31 | 0.32,0,1.39 | 2.07 | 3.30,0,1.21 | 1.94 | 2.87,0.906,0.000,0,1,0,0,0,0,-1,0,0,0,,0,,0,,0,0,0,1
1723801219,387,3,2,8,8,6.084,0,0,0.31 | 0.31 | 0.32,0,1.39 | 2.07 | 3.30,0,1.21 | 1.94 | 2.87,0.906,0.000,0,1,0,0,0,0,-1,0,0,0,,0,,0,,0,0,0,1
1723801219,387,3,2,8,8,6.084,0,0,0.31 | 0.31 | 0.32,0,1.39 | 2.07 | 3.30,0,1.21 | 1.94 | 2.87,0.906,0.000,0,1,0,0,0,0,-1,0,0,0,,0,,0,,0,0,0,1
1723801219,387,3,2,8,8,6.084,0,0,0.31 | 0.31 | 0.32,0,1.39 | 2.07 | 3.30,0,1.21 | 1.94 | 2.87,0.906,0.000,0,1,0,0,0,0,-1,0,0,0,,0,,0,,0,0,0,1
1723801219,387,3,2,8,8,6.084,0,0,0.31 | 0.31 | 0.32,0,1.39 | 2.07 | 3.30,0,1.21 | 1.94 | 2.87,0.906,0.000,0,1,0,0,0,0,-1,0,0,0,,0,,0,,0,0,0,1
1723801219,387,3,2,8,8,5.18,0,0,0.31 | 0.31 | 0.32,0,1.56 | 2.23 | 3.30,0,1.21 | 1.79 | 2.56,0.905,0.000,0,1,0,0,0,0,-1,0,0,0,,0,,0,,0,0,0,1
1723801219,387,3,2,8,8,5.18,0,0,0.31 | 0.31 | 0.32,0,1.56 | 2.23 | 3.30,0,1.21 | 1.79 | 2.56,0.905,0.000,0,1,0,0,0,0,-1,0,0,0,,0,,0,,0,0,0,1
1723801220,387,3,2,8,8,5.18,0,0,0.31 | 0.31 | 0.32,0,1.56 | 2.23 | 3.30,0,1.21 | 1.79 | 2.56,0.905,0.000,0,1,0,0,0,0,-1,0,0,0,,0,,0,,0,0,0,1
1723801220,387,3,2,8,8,5.18,0,0,0.31 | 0.31 | 0.32,0,1.56 | 2.23 | 3.30,0,1.21 | 1.79 | 2.56,0.905,0.000,0,1,0,0,0,0,-1,0,0,0,,0,,0,,0,0,0,1
1723801220,387,3,2,8,8,5.18,0,0,0.31 | 0.31 | 0.32,0,1.56 | 2.23 | 3.30,0,1.21 | 1.79 | 2.56,0.905,0.000,0,1,0,0,0,0,-1,0,0,0,,0,,0,,0,0,0,1
1723801220,387,3,2,8,8,5.18,0,0,0.31 | 0.31 | 0.32,0,1.56 | 2.23 | 3.30,0,1.21 | 1.79 | 2.56,0.905,0.000,0,1,0,0,0,0,-1,0,0,0,,0,,0,,0,0,0,1
1723801220,387,3,2,8,8,5.18,0,0,0.31 | 0.31 | 0.32,0,1.56 | 2.23 | 3.30,0,1.21 | 1.79 | 2.56,0.905,0.000,0,1,0,0,0,0,-1,0,0,0,,0,,0,,0,0,0,1
1723801220,387,3,2,8,8,5.18,0,0,0.31 | 0.31 | 0.32,0,1.56 | 2.23 | 3.30,0,1.21 | 1.79 | 2.56,0.905,0.000,0,1,0,0,0,0,-1,0,0,0,,0,,0,,0,0,0,1
1723801220,387,3,2,8,8,5.18,0,0,0.31 | 0.31 | 0.32,0,1.56 | 2.23 | 3.30,0,1.21 | 1.79 | 2.56,0.905,0.000,0,1,0,0,0,0,-1,0,0,0,,0,,0,,0,0,0,1
1723801220,387,3,2,8,8,5.18,0,0,0.31 | 0.31 | 0.32,0,1.56 | 2.23 | 3.30,0,1.21 | 1.79 | 2.56,0.905,0.000,0,1,0,0,0,0,-1,0,0,0,,0,,0,,0,0,0,1
1723801220,387,3,2,8,8,4.224,0,0,0.31 | 0.31 | 0.32,0,1.56 | 2.23 | 3.30,0,1.21 | 1.79 | 2.56,0.905,0.000,0,1,0,0,0,0,-1,0,0,0,,0,,0,,0,0,0,1
1723801220,387,3,2,8,8,4.224,0,0,0.31 | 0.31 | 0.32,0,1.56 | 2.23 | 3.30,0,1.21 | 1.79 | 2.56,0.905,0.000,0,1,0,0,0,0,-1,0,0,0,,0,,0,,0,0,0,1
1723801221,387,3,2,8,8,4.224,0,0,0.31 | 0.31 | 0.32,0,1.56 | 2.23 | 3.30,0,1.21 | 1.79 | 2.56,0.905,0.000,0,1,0,0,0,0,-1,0,0,0,,0,,0,,0,0,0,1
1723801221,387,3,2,8,8,4.224,0,0,0.31 | 0.31 | 0.32,0,1.56 | 2.23 | 3.30,0,1.21 | 1.79 | 2.56,0.905,0.000,0,1,0,0,0,0,-1,0,0,0,,0,,0,,0,0,0,1
1723801221,387,3,2,8,8,4.224,0,0,0.31 | 0.31 | 0.32,0,1.56 | 2.23 | 3.30,0,1.21 | 1.79 | 2.56,0.905,0.000,0,1,0,0,0,0,-1,0,0,0,,0,,0,,0,0,0,1
1723801221,387,3,2,8,8,4.224,0,0,0.31 | 0.31 | 0.32,0,1.56 | 2.23 | 3.30,0,1.21 | 1.79 | 2.56,0.905,0.000,0,1,0,0,0,0,-1,0,0,0,,0,,0,,0,0,0,1
1723801221,387,3,2,8,8,4.224,0,0,0.31 | 0.31 | 0.32,0,1.56 | 2.23 | 3.30,0,1.21 | 1.79 | 2.56,0.905,0.000,0,1,0,0,0,0,-1,0,0,0,,0,,0,,0,0,0,1
1723801221,387,3,2,8,8,4.224,0,0,0.31 | 0.31 | 0.32,0,1.56 | 2.23 | 3.30,0,1.21 | 1.79 | 2.56,0.905,0.000,0,1,0,0,0,0,-1,0,0,0,,0,,0,,0,0,0,1
1723801221,387,3,2,8,8,4.224,0,0,0.31 | 0.31 | 0.32,0,1.56 | 2.23 | 3.30,0,1.21 | 1.79 | 2.56,0.905,0.000,0,1,0,0,0,0,-1,0,0,0,,0,,0,,0,0,0,1
1723801221,387,3,2,8,8,4.224,0,0,0.31 | 0.31 | 0.32,0,1.56 | 2.23 | 3.30,0,1.21 | 1.79 | 2.56,0.905,0.000,0,1,0,0,0,0,-1,0,0,0,,0,,0,,0,0,0,1
1723801221,387,3,2,8,8,3.162,0,0,0.31 | 0.31 | 0.32,0,1.56 | 2.23 | 3.30,0,1.21 | 1.79 | 2.56,0.905,0.000,0,1,0,0,0,0,-1,0,0,0,,0,,0,,0,0,0,1
1723801221,387,3,2,8,8,3.162,0,0,0.31 | 0.31 | 0.32,0,1.56 | 2.23 | 3.30,0,1.21 | 1.79 | 2.56,0.905,0.000,0,1,0,0,0,0,-1,0,0,0,,0,,0,,0,0,0,1
1723801222,387,3,2,8,8,3.162,0,0,0.31 | 0.31 | 0.32,0,1.56 | 2.23 | 3.30,0,1.21 | 1.79 | 2.56,0.905,0.000,0,1,0,0,0,0,-1,0,0,0,,0,,0,,0,0,0,1
1723801222,387,3,2,8,8,3.162,0,0,0.31 | 0.31 | 0.32,0,1.56 | 2.23 | 3.30,0,1.21 | 1.79 | 2.56,0.905,0.000,0,1,0,0,0,0,-1,0,0,0,,0,,0,,0,0,0,1
1723801222,387,3,2,8,8,3.162,0,0,0.31 | 0.31 | 0.32,0,1.56 | 2.23 | 3.30,0,1.21 | 1.79 | 2.56,0.905,0.000,0,1,0,0,0,0,-1,0,0,0,,0,,0,,0,0,0,1
1723801222,387,3,2,8,8,3.162,0,0,0.31 | 0.31 | 0.32,0,1.56 | 2.23 | 3.30,0,1.21 | 1.79 | 2.56,0.905,0.000,0,1,0,0,0,0,-1,0,0,0,,0,,0,,0,0,0,1
1723801222,387,3,2,8,8,3.162,0,0,0.31 | 0.31 | 0.32,0,1.56 | 2.23 | 3.30,0,1.21 | 1.79 | 2.56,0.905,0.000,0,1,0,0,0,0,-1,0,0,0,,0,,0,,0,0,0,1
1723801222,387,3,2,8,8,3.162,0,0,0.31 | 0.31 | 0.32,0,1.56 | 2.23 | 3.30,0,1.21 | 1.79 | 2.56,0.905,0.000,0,1,0,0,0,0,-1,0,0,0,,0,,0,,0,0,0,1
1723801222,387,3,2,8,8,3.162,0,0,0.31 | 0.31 | 0.32,0,1.56 | 2.23 | 3.30,0,1.21 | 1.79 | 2.56,0.905,0.000,0,1,0,0,0,0,-1,0,0,0,,0,,0,,0,0,0,1
1723801222,387,3,2,8,8,3.162,0,0,0.31 | 0.31 | 0.32,0,1.56 | 2.23 | 3.30,0,1.21 | 1.79 | 2.56,0.905,0.000,0,1,0,0,0,0,-1,0,0,0,,0,,0,,0,0,0,1
1723801222,387,3,2,8,8,6.899,0,0,0.31 | 0.31 | 0.32,0,1.56 | 2.27 | 3.30,0,1.21 | 1.76 | 2.56,0.887,0.000,0,1,0,0,0,0,-1,0,0,0,,0,,0,,0,0,0,1
1723801222,387,3,2,8,8,6.899,0,0,0.31 | 0.31 | 0.32,0,1.56 | 2.27 | 3.30,0,1.21 | 1.76 | 2.56,0.887,0.000,0,1,0,0,0,0,-1,0,0,0,,0,,0,,0,0,0,1
1723801223,387,3,2,8,8,6.899,0,0,0.31 | 0.31 | 0.32,0,1.56 | 2.27 | 3.30,0,1.21 | 1.76 | 2.56,0.887,0.000,0,1,0,0,0,0,-1,0,0,0,,0,,0,,0,0,0,1
1723801223,387,3,2,8,8,6.899,0,0,0.31 | 0.31 | 0.32,0,1.56 | 2.27 | 3.30,0,1.21 | 1.76 | 2.56,0.887,0.000,0,1,0,0,0,0,-1,0,0,0,,0,,0,,0,0,0,1
1723801223,387,3,2,8,8,6.899,0,0,0.31 | 0.31 | 0.32,0,1.56 | 2.27 | 3.30,0,1.21 | 1.76 | 2.56,0.887,0.000,0,1,0,0,0,0,-1,0,0,0,,0,,0,,0,0,0,1
1723801223,387,3,2,8,8,6.899,0,0,0.31 | 0.31 | 0.32,0,1.56 | 2.27 | 3.30,0,1.21 | 1.76 | 2.56,0.887,0.000,0,1,0,0,0,0,-1,0,0,0,,0,,0,,0,0,0,1
1723801223,387,3,2,8,8,6.899,0,0,0.31 | 0.31 | 0.32,0,1.56 | 2.27 | 3.30,0,1.21 | 1.76 | 2.56,0.887,0.000,0,1,0,0,0,0,-1,0,0,0,,0,,0,,0,0,0,1
1723801223,387,3,2,8,8,6.899,0,0,0.31 | 0.31 | 0.32,0,1.56 | 2.27 | 3.30,0,1.21 | 1.76 | 2.56,0.887,0.000,0,1,0,0,0,0,-1,0,0,0,,0,,0,,0,0,0,1
1723801223,387,3,2,8,8,6.899,0,0,0.31 | 0.31 | 0.32,0,1.56 | 2.27 | 3.30,0,1.21 | 1.76 | 2.56,0.887,0.000,0,1,0,0,0,0,-1,0,0,0,,0,,0,,0,0,0,1
1723801223,387,3,2,8,8,6.899,0,0,0.31 | 0.31 | 0.32,0,1.56 | 2.27 | 3.30,0,1.21 | 1.76 | 2.56,0.887,0.000,0,1,0,0,0,0,-1,0,0,0,,0,,0,,0,0,0,1
1723801223,387,3,2,8,8,9.112,0,0,0.31 | 0.31 | 0.32,0,1.27 | 2.20 | 3.30,0,1.21 | 1.82 | 3.15,0.920,0.000,0,1,0,0,0,0,-1,0,0,0,,0,,0,,0,0,0,1
1723801223,387,3,2,8,8,9.112,0,0,0.31 | 0.31 | 0.32,0,1.27 | 2.20 | 3.30,0,1.21 | 1.82 | 3.15,0.920,0.000,0,1,0,0,0,0,-1,0,0,0,,0,,0,,0,0,0,1
1723801224,387,3,2,8,8,9.112,0,0,0.31 | 0.31 | 0.32,0,1.27 | 2.20 | 3.30,0,1.21 | 1.82 | 3.15,0.920,0.000,0,1,0,0,0,0,-1,0,0,0,,0,,0,,0,0,0,1
1723801224,387,3,2,8,8,9.112,0,0,0.31 | 0.31 | 0.32,0,1.27 | 2.20 | 3.30,0,1.21 | 1.82 | 3.15,0.920,0.000,0,1,0,0,0,0,-1,0,0,0,,0,,0,,0,0,0,1
1723801224,387,3,2,8,8,9.112,0,0,0.31 | 0.31 | 0.32,0,1.27 | 2.20 | 3.30,0,1.21 | 1.82 | 3.15,0.920,0.000,0,1,0,0,0,0,-1,0,0,0,,0,,0,,0,0,0,1
1723801224,387,3,2,8,8,9.112,0,0,0.31 | 0.31 | 0.32,0,1.27 | 2.20 | 3.30,0,1.21 | 1.82 | 3.15,0.920,0.000,0,1,0,0,0,0,-1,0,0,0,,0,,0,,0,0,0,1
1723801224,387,3,2,8,8,9.112,0,0,0.31 | 0.31 | 0.32,0,1.27 | 2.20 | 3.30,0,1.21 | 1.82 | 3.15,0.920,0.000,0,1,0,0,0,0,-1,0,0,0,,0,,0,,0,0,0,1
1723801224,387,3,2,8,8,9.112,0,0,0.31 | 0.31 | 0.32,0,1.27 | 2.20 | 3.30,0,1.21 | 1.82 | 3.15,0.920,0.000,0,1,0,0,0,0,-1,0,0,0,,0,,0,,0,0,0,1
1723801224,387,3,2,8,8,9.112,0,0,0.31 | 0.31 | 0.32,0,1.27 | 2.20 | 3.30,0,1.21 | 1.82 | 3.15,0.920,0.000,0,1,0,0,0,0,-1,0,0,0,,0,,0,,0,0,0,1
1723801224,387,3,2,8,8,9.112,0,0,0.31 | 0.31 | 0.32,0,1.27 | 2.20 | 3.30,0,1.21 | 1.82 | 3.15,0.920,0.000,0,1,0,0,0,0,-1,0,0,0,,0,,0,,0,0,0,1
1723801224,387,2,2,8,8,8.071,0,0,0.31 | 0.31 | 0.32,0,1.27 | 2.20 | 3.30,0,1.21 | 1.82 | 3.15,0.920,0.000,0,1,0,0,0,0,-1,0,0,0,,0,,0,,0,0,0,1
1723801224,387,2,2,8,8,8.071,0,0,0.31 | 0.31 | 0.32,0,1.27 | 2.20 | 3.30,0,1.21 | 1.82 | 3.15,0.920,0.000,0,1,0,0,0,0,-1,0,0,0,,0,,0,,0,0,0,1
1723801225,387,2,2,8,8,8.071,0,0,0.31 | 0.31 | 0.32,0,1.27 | 2.20 | 3.30,0,1.21 | 1.82 | 3.15,0.920,0.000,0,1,0,0,0,0,-1,0,0,0,,0,,0,,0,0,0,1
1723801225,387,2,2,8,8,8.071,0,0,0.31 | 0.31 | 0.32,0,1.27 | 2.20 | 3.30,0,1.21 | 1.82 | 3.15,0.920,0.000,0,1,0,0,0,0,-1,0,0,0,,0,,0,,0,0,0,1
1723801225,387,2,2,8,8,8.071,0,0,0.31 | 0.31 | 0.32,0,1.27 | 2.20 | 3.30,0,1.21 | 1.82 | 3.15,0.920,0.000,0,1,0,0,0,0,-1,0,0,0,,0,,0,,0,0,0,1
1723801225,387,2,2,8,8,8.071,0,0,0.31 | 0.31 | 0.32,0,1.27 | 2.20 | 3.30,0,1.21 | 1.82 | 3.15,0.920,0.000,0,1,0,0,0,0,-1,0,0,0,,0,,0,,0,0,0,1
1723801225,387,2,2,8,8,8.071,0,0,0.31 | 0.31 | 0.32,0,1.27 | 2.20 | 3.30,0,1.21 | 1.82 | 3.15,0.920,0.000,0,1,0,0,0,0,-1,0,0,0,,0,,0,,0,0,0,1
1723801225,387,2,2,8,8,8.071,0,0,0.31 | 0.31 | 0.32,0,1.27 | 2.20 | 3.30,0,1.21 | 1.82 | 3.15,0.920,0.000,0,1,0,0,0,0,-1,0,0,0,,0,,0,,0,0,0,1
1723801225,387,2,2,8,8,8.071,0,0,0.31 | 0.31 | 0.32,0,1.27 | 2.20 | 3.30,0,1.21 | 1.82 | 3.15,0.920,0.000,0,1,0,0,0,0,-1,0,0,0,,0,,0,,0,0,0,1
1723801225,387,2,2,8,8,8.071,0,0,0.31 | 0.31 | 0.32,0,1.27 | 2.20 | 3.30,0,1.21 | 1.82 | 3.15,0.920,0.000,0,1,0,0,0,0,-1,0,0,0,,0,,0,,0,0,0,1
1723801225,387,2,2,8,8,7.178,0,0,0.31 | 0.31 | 0.32,0,1.27 | 2.20 | 3.30,0,1.21 | 1.82 | 3.15,0.920,0.000,0,1,0,0,0,0,-1,0,0,0,,0,,0,,0,0,0,1
1723801225,387,2,2,8,8,7.178,0,0,0.31 | 0.31 | 0.32,0,1.27 | 2.20 | 3.30,0,1.21 | 1.82 | 3.15,0.920,0.000,0,1,0,0,0,0,-1,0,0,0,,0,,0,,0,0,0,1
1723801226,387,2,2,8,8,7.178,0,0,0.31 | 0.31 | 0.32,0,1.27 | 2.20 | 3.30,0,1.21 | 1.82 | 3.15,0.920,0.000,0,1,0,0,0,0,-1,0,0,0,,0,,0,,0,0,0,1
1723801226,387,2,2,8,8,7.178,0,0,0.31 | 0.31 | 0.32,0,1.27 | 2.20 | 3.30,0,1.21 | 1.82 | 3.15,0.920,0.000,0,1,0,0,0,0,-1,0,0,0,,0,,0,,0,0,0,1
1723801226,387,2,2,8,8,7.178,0,0,0.31 | 0.31 | 0.32,0,1.27 | 2.20 | 3.30,0,1.21 | 1.82 | 3.15,0.920,0.000,0,1,0,0,0,0,-1,0,0,0,,0,,0,,0,0,0,1
1723801226,387,2,2,8,8,7.178,0,0,0.31 | 0.31 | 0.32,0,1.27 | 2.20 | 3.30,0,1.21 | 1.82 | 3.15,0.920,0.000,0,1,0,0,0,0,-1,0,0,0,,0,,0,,0,0,0,1
1723801226,387,2,2,8,8,7.178,0,0,0.31 | 0.31 | 0.32,0,1.27 | 2.20 | 3.30,0,1.21 | 1.82 | 3.15,0.920,0.000,0,1,0,0,0,0,-1,0,0,0,,0,,0,,0,0,0,1
1723801226,387,2,2,8,8,7.178,0,0,0.31 | 0.31 | 0.32,0,1.27 | 2.20 | 3.30,0,1.21 | 1.82 | 3.15,0.920,0.000,0,1,0,0,0,0,-1,0,0,0,,0,,0,,0,0,0,1
1723801226,387,2,2,8,8,7.178,0,0,0.31 | 0.31 | 0.32,0,1.27 | 2.20 | 3.30,0,1.21 | 1.82 | 3.15,0.920,0.000,0,1,0,0,0,0,-1,0,0,0,,0,,0,,0,0,0,1
1723801226,387,2,2,8,8,7.178,0,0,0.31 | 0.31 | 0.32,0,1.27 | 2.20 | 3.30,0,1.21 | 1.82 | 3.15,0.920,0.000,0,1,0,0,0,0,-1,0,0,0,,0,,0,,0,0,0,1
1723801226,387,2,2,8,8,10.915,0,0,0.31 | 0.31 | 0.31,0,1.27 | 1.86 | 2.18,0,1.84 | 2.15 | 3.15,0.939,0.000,0,1,0,0,0,0,-1,0,0,0,,0,,0,,0,0,0,1
1723801226,387,2,2,8,8,10.915,0,0,0.31 | 0.31 | 0.31,0,1.27 | 1.86 | 2.18,0,1.84 | 2.15 | 3.15,0.939,0.000,0,1,0,0,0,0,-1,0,0,0,,0,,0,,0,0,0,1
1723801227,387,2,2,8,8,10.915,0,0,0.31 | 0.31 | 0.31,0,1.27 | 1.86 | 2.18,0,1.84 | 2.15 | 3.15,0.939,0.000,0,1,0,0,0,0,-1,0,0,0,,0,,0,,0,0,0,1
1723801227,387,2,2,8,8,10.915,0,0,0.31 | 0.31 | 0.31,0,1.27 | 1.86 | 2.18,0,1.84 | 2.15 | 3.15,0.939,0.000,0,1,0,0,0,0,-1,0,0,0,,0,,0,,0,0,0,1
1723801227,387,2,2,8,8,10.915,0,0,0.31 | 0.31 | 0.31,0,1.27 | 1.86 | 2.18,0,1.84 | 2.15 | 3.15,0.939,0.000,0,1,0,0,0,0,-1,0,0,0,,0,,0,,0,0,0,1
1723801227,387,2,2,8,8,10.915,0,0,0.31 | 0.31 | 0.31,0,1.27 | 1.86 | 2.18,0,1.84 | 2.15 | 3.15,0.939,0.000,0,1,0,0,0,0,-1,0,0,0,,0,,0,,0,0,0,1
1723801227,387,2,2,8,8,10.915,0,0,0.31 | 0.31 | 0.31,0,1.27 | 1.86 | 2.18,0,1.84 | 2.15 | 3.15,0.939,0.000,0,1,0,0,0,0,-1,0,0,0,,0,,0,,0,0,0,1
1723801227,387,2,2,8,8,10.915,0,0,0.31 | 0.31 | 0.31,0,1.27 | 1.86 | 2.18,0,1.84 | 2.15 | 3.15,0.939,0.000,0,1,0,0,0,0,-1,0,0,0,,0,,0,,0,0,0,1
1723801227,387,2,2,8,8,10.915,0,0,0.31 | 0.31 | 0.31,0,1.27 | 1.86 | 2.18,0,1.84 | 2.15 | 3.15,0.939,0.000,0,1,0,0,0,0,-1,0,0,0,,0,,0,,0,0,0,1
1723801227,387,2,2,8,8,10.915,0,0,0.31 | 0.31 | 0.31,0,1.27 | 1.86 | 2.18,0,1.84 | 2.15 | 3.15,0.939,0.000,0,1,0,0,0,0,-1,0,0,0,,0,,0,,0,0,0,1
1723801227,387,2,2,8,8,10.118,0,0,0.31 | 0.31 | 0.31,0,1.27 | 1.86 | 2.18,0,1.84 | 2.15 | 3.15,0.939,0.000,0,1,0,0,0,0,-1,0,0,0,,0,,0,,0,0,0,1
1723801227,387,2,2,8,8,10.118,0,0,0.31 | 0.31 | 0.31,0,1.27 | 1.86 | 2.18,0,1.84 | 2.15 | 3.15,0.939,0.000,0,1,0,0,0,0,-1,0,0,0,,0,,0,,0,0,0,1
1723801228,387,2,2,8,8,10.118,0,0,0.31 | 0.31 | 0.31,0,1.27 | 1.86 | 2.18,0,1.84 | 2.15 | 3.15,0.939,0.000,0,1,0,0,0,0,-1,0,0,0,,0,,0,,0,0,0,1
1723801228,387,2,2,8,8,10.118,0,0,0.31 | 0.31 | 0.31,0,1.27 | 1.86 | 2.18,0,1.84 | 2.15 | 3.15,0.939,0.000,0,1,0,0,0,0,-1,0,0,0,,0,,0,,0,0,0,1
1723801228,387,2,2,8,8,10.118,0,0,0.31 | 0.31 | 0.31,0,1.27 | 1.86 | 2.18,0,1.84 | 2.15 | 3.15,0.939,0.000,0,1,0,0,0,0,-1,0,0,0,,0,,0,,0,0,0,1
1723801228,387,2,2,8,8,10.118,0,0,0.31 | 0.31 | 0.31,0,1.27 | 1.86 | 2.18,0,1.84 | 2.15 | 3.15,0.939,0.000,0,1,0,0,0,0,-1,0,0,0,,0,,0,,0,0,0,1
1723801228,387,2,2,8,8,10.118,0,0,0.31 | 0.31 | 0.31,0,1.27 | 1.86 | 2.18,0,1.84 | 2.15 | 3.15,0.939,0.000,0,1,0,0,0,0,-1,0,0,0,,0,,0,,0,0,0,1
1723801228,387,2,2,8,8,10.118,0,0,0.31 | 0.31 | 0.31,0,1.27 | 1.86 | 2.18,0,1.84 | 2.15 | 3.15,0.939,0.000,0,1,0,0,0,0,-1,0,0,0,,0,,0,,0,0,0,1
1723801228,387,2,2,8,8,10.118,0,0,0.31 | 0.31 | 0.31,0,1.27 | 1.86 | 2.18,0,1.84 | 2.15 | 3.15,0.939,0.000,0,1,0,0,0,0,-1,0,0,0,,0,,0,,0,0,0,1
1723801228,387,2,2,8,8,10.118,0,0,0.31 | 0.31 | 0.31,0,1.27 | 1.86 | 2.18,0,1.84 | 2.15 | 3.15,0.939,0.000,0,1,0,0,0,0,-1,0,0,0,,0,,0,,0,0,0,1
1723801228,387,2,2,8,8,12.256,0,0,0.31 | 0.31 | 0.31,0,1.27 | 1.75 | 2.18,0,1.84 | 2.29 | 3.15,0.900,0.000,0,1,0,0,0,0,-1,0,0,0,,0,,0,,0,0,0,1
1723801228,387,2,2,8,8,12.256,0,0,0.31 | 0.31 | 0.31,0,1.27 | 1.75 | 2.18,0,1.84 | 2.29 | 3.15,0.900,0.000,0,1,0,0,0,0,-1,0,0,0,,0,,0,,0,0,0,1
1723801229,387,2,2,8,8,12.256,0,0,0.31 | 0.31 | 0.31,0,1.27 | 1.75 | 2.18,0,1.84 | 2.29 | 3.15,0.900,0.000,0,1,0,0,0,0,-1,0,0,0,,0,,0,,0,0,0,1
1723801229,387,2,2,8,8,12.256,0,0,0.31 | 0.31 | 0.31,0,1.27 | 1.75 | 2.18,0,1.84 | 2.29 | 3.15,0.900,0.000,0,1,0,0,0,0,-1,0,0,0,,0,,0,,0,0,0,1
1723801229,387,2,2,8,8,12.256,0,0,0.31 | 0.31 | 0.31,0,1.27 | 1.75 | 2.18,0,1.84 | 2.29 | 3.15,0.900,0.000,0,1,0,0,0,0,-1,0,0,0,,0,,0,,0,0,0,1
1723801229,387,2,2,8,8,12.256,0,0,0.31 | 0.31 | 0.31,0,1.27 | 1.75 | 2.18,0,1.84 | 2.29 | 3.15,0.900,0.000,0,1,0,0,0,0,-1,0,0,0,,0,,0,,0,0,0,1
1723801229,387,2,2,8,8,12.256,0,0,0.31 | 0.31 | 0.31,0,1.27 | 1.75 | 2.18,0,1.84 | 2.29 | 3.15,0.900,0.000,0,1,0,0,0,0,-1,0,0,0,,0,,0,,0,0,0,1
1723801229,387,2,2,8,8,12.256,0,0,0.31 | 0.31 | 0.31,0,1.27 | 1.75 | 2.18,0,1.84 | 2.29 | 3.15,0.900,0.000,0,1,0,0,0,0,-1,0,0,0,,0,,0,,0,0,0,1
1723801229,387,2,2,8,8,12.256,0,0,0.31 | 0.31 | 0.31,0,1.27 | 1.75 | 2.18,0,1.84 | 2.29 | 3.15,0.900,0.000,0,1,0,0,0,0,-1,0,0,0,,0,,0,,0,0,0,1
1723801229,387,2,2,8,8,12.256,0,0,0.31 | 0.31 | 0.31,0,1.27 | 1.75 | 2.18,0,1.84 | 2.29 | 3.15,0.900,0.000,0,1,0,0,0,0,-1,0,0,0,,0,,0,,0,0,0,1
1723801229,387,2,2,8,8,11.193,0,0,0.31 | 0.31 | 0.31,0,1.27 | 1.75 | 2.18,0,1.84 | 2.29 | 3.15,0.900,0.000,0,1,0,0,0,0,-1,0,0,0,,0,,0,,0,0,0,1
1723801229,387,2,2,8,8,11.193,0,0,0.31 | 0.31 | 0.31,0,1.27 | 1.75 | 2.18,0,1.84 | 2.29 | 3.15,0.900,0.000,0,1,0,0,0,0,-1,0,0,0,,0,,0,,0,0,0,1
1723801230,387,2,2,8,8,11.193,0,0,0.31 | 0.31 | 0.31,0,1.27 | 1.75 | 2.18,0,1.84 | 2.29 | 3.15,0.900,0.000,0,1,0,0,0,0,-1,0,0,0,,0,,0,,0,0,0,1
1723801230,387,2,2,8,8,11.193,0,0,0.31 | 0.31 | 0.31,0,1.27 | 1.75 | 2.18,0,1.84 | 2.29 | 3.15,0.900,0.000,0,1,0,0,0,0,-1,0,0,0,,0,,0,,0,0,0,1
1723801230,387,2,2,8,8,11.193,0,0,0.31 | 0.31 | 0.31,0,1.27 | 1.75 | 2.18,0,1.84 | 2.29 | 3.15,0.900,0.000,0,1,0,0,0,0,-1,0,0,0,,0,,0,,0,0,0,1
1723801230,387,2,2,8,8,11.193,0,0,0.31 | 0.31 | 0.31,0,1.27 | 1.75 | 2.18,0,1.84 | 2.29 | 3.15,0.900,0.000,0,1,0,0,0,0,-1,0,0,0,,0,,0,,0,0,0,1
1723801230,387,2,2,8,8,11.193,0,0,0.31 | 0.31 | 0.31,0,1.27 | 1.75 | 2.18,0,1.84 | 2.29 | 3.15,0.900,0.000,0,1,0,0,0,0,-1,0,0,0,,0,,0,,0,0,0,1
1723801230,387,2,2,8,8,11.193,0,0,0.31 | 0.31 | 0.31,0,1.27 | 1.75 | 2.18,0,1.84 | 2.29 | 3.15,0.900,0.000,0,1,0,0,0,0,-1,0,0,0,,0,,0,,0,0,0,1
1723801230,387,2,2,8,8,11.193,0,0,0.31 | 0.31 | 0.31,0,1.27 | 1.75 | 2.18,0,1.84 | 2.29 | 3.15,0.900,0.000,0,1,0,0,0,0,-1,0,0,0,,0,,0,,0,0,0,1
1723801230,387,2,2,8,8,11.193,0,0,0.31 | 0.31 | 0.31,0,1.27 | 1.75 | 2.18,0,1.84 | 2.29 | 3.15,0.900,0.000,0,1,0,0,0,0,-1,0,0,0,,0,,0,,0,0,0,1
1723801230,387,2,2,8,8,10.131,0,0,0.31 | 0.31 | 0.31,0,1.27 | 1.75 | 2.18,0,1.84 | 2.29 | 3.15,0.900,0.000,0,1,0,0,0,0,-1,0,0,0,,0,,0,,0,0,0,1
1723801230,387,2,2,8,8,10.131,0,0,0.31 | 0.31 | 0.31,0,1.27 | 1.75 | 2.18,0,1.84 | 2.29 | 3.15,0.900,0.000,0,1,0,0,0,0,-1,0,0,0,,0,,0,,0,0,0,1
1723801231,387,2,2,8,8,10.131,0,0,0.31 | 0.31 | 0.31,0,1.27 | 1.75 | 2.18,0,1.84 | 2.29 | 3.15,0.900,0.000,0,1,0,0,0,0,-1,0,0,0,,0,,0,,0,0,0,1
1723801231,387,2,2,8,8,10.131,0,0,0.31 | 0.31 | 0.31,0,1.27 | 1.75 | 2.18,0,1.84 | 2.29 | 3.15,0.900,0.000,0,1,0,0,0,0,-1,0,0,0,,0,,0,,0,0,0,1
1723801231,387,2,2,8,8,10.131,0,0,0.31 | 0.31 | 0.31,0,1.27 | 1.75 | 2.18,0,1.84 | 2.29 | 3.15,0.900,0.000,0,1,0,0,0,0,-1,0,0,0,,0,,0,,0,0,0,1
1723801231,387,2,2,8,8,10.131,0,0,0.31 | 0.31 | 0.31,0,1.27 | 1.75 | 2.18,0,1.84 | 2.29 | 3.15,0.900,0.000,0,1,0,0,0,0,-1,0,0,0,,0,,0,,0,0,0,1
1723801231,387,2,2,8,8,10.131,0,0,0.31 | 0.31 | 0.31,0,1.27 | 1.75 | 2.18,0,1.84 | 2.29 | 3.15,0.900,0.000,0,1,0,0,0,0,-1,0,0,0,,0,,0,,0,0,0,1
1723801231,387,2,2,8,8,10.131,0,0,0.31 | 0.31 | 0.31,0,1.27 | 1.75 | 2.18,0,1.84 | 2.29 | 3.15,0.900,0.000,0,1,0,0,0,0,-1,0,0,0,,0,,0,,0,0,0,1
1723801231,387,2,2,8,8,10.131,0,0,0.31 | 0.31 | 0.31,0,1.27 | 1.75 | 2.18,0,1.84 | 2.29 | 3.15,0.900,0.000,0,1,0,0,0,0,-1,0,0,0,,0,,0,,0,0,0,1
1723801231,387,2,2,8,8,10.131,0,0,0.31 | 0.31 | 0.31,0,1.27 | 1.75 | 2.18,0,1.84 | 2.29 | 3.15,0.900,0.000,0,1,0,0,0,0,-1,0,0,0,,0,,0,,0,0,0,1
1723801231,387,2,2,8,8,13.868,0,0,0.30 | 0.31 | 0.31,0,1.27 | 1.76 | 2.20,0,1.82 | 2.28 | 3.15,0.918,0.000,0,1,0,0,0,0,-1,0,0,0,,0,,0,,0,0,0,1
1723801231,387,2,2,8,8,13.868,0,0,0.30 | 0.31 | 0.31,0,1.27 | 1.76 | 2.20,0,1.82 | 2.28 | 3.15,0.918,0.000,0,1,0,0,0,0,-1,0,0,0,,0,,0,,0,0,0,1
1723801232,387,2,2,8,8,13.868,0,0,0.30 | 0.31 | 0.31,0,1.27 | 1.76 | 2.20,0,1.82 | 2.28 | 3.15,0.918,0.000,0,1,0,0,0,0,-1,0,0,0,,0,,0,,0,0,0,1
1723801232,387,2,2,8,8,13.868,0,0,0.30 | 0.31 | 0.31,0,1.27 | 1.76 | 2.20,0,1.82 | 2.28 | 3.15,0.918,0.000,0,1,0,0,0,0,-1,0,0,0,,0,,0,,0,0,0,1
1723801232,387,2,2,8,8,13.868,0,0,0.30 | 0.31 | 0.31,0,1.27 | 1.76 | 2.20,0,1.82 | 2.28 | 3.15,0.918,0.000,0,1,0,0,0,0,-1,0,0,0,,0,,0,,0,0,0,1
1723801232,387,2,2,8,8,13.868,0,0,0.30 | 0.31 | 0.31,0,1.27 | 1.76 | 2.20,0,1.82 | 2.28 | 3.15,0.918,0.000,0,1,0,0,0,0,-1,0,0,0,,0,,0,,0,0,0,1
1723801232,387,2,2,8,8,13.868,0,0,0.30 | 0.31 | 0.31,0,1.27 | 1.76 | 2.20,0,1.82 | 2.28 | 3.15,0.918,0.000,0,1,0,0,0,0,-1,0,0,0,,0,,0,,0,0,0,1
1723801232,387,2,2,8,8,13.868,0,0,0.30 | 0.31 | 0.31,0,1.27 | 1.76 | 2.20,0,1.82 | 2.28 | 3.15,0.918,0.000,0,1,0,0,0,0,-1,0,0,0,,0,,0,,0,0,0,1
1723801232,387,2,2,8,8,13.868,0,0,0.30 | 0.31 | 0.31,0,1.27 | 1.76 | 2.20,0,1.82 | 2.28 | 3.15,0.918,0.000,0,1,0,0,0,0,-1,0,0,0,,0,,0,,0,0,0,1
1723801232,387,2,2,8,8,13.868,0,0,0.30 | 0.31 | 0.31,0,1.27 | 1.76 | 2.20,0,1.82 | 2.28 | 3.15,0.918,0.000,0,1,0,0,0,0,-1,0,0,0,,0,,0,,0,0,0,1
1723801232,387,2,2,8,8,13.071,0,0,0.30 | 0.31 | 0.31,0,1.27 | 1.76 | 2.20,0,1.82 | 2.28 | 3.15,0.918,0.000,0,1,0,0,0,0,-1,0,0,0,,0,,0,,0,0,0,1
1723801232,387,2,2,8,8,13.071,0,0,0.30 | 0.31 | 0.31,0,1.27 | 1.76 | 2.20,0,1.82 | 2.28 | 3.15,0.918,0.000,0,1,0,0,0,0,-1,0,0,0,,0,,0,,0,0,0,1
1723801233,387,2,2,8,8,13.071,0,0,0.30 | 0.31 | 0.31,0,1.27 | 1.76 | 2.20,0,1.82 | 2.28 | 3.15,0.918,0.000,0,1,0,0,0,0,-1,0,0,0,,0,,0,,0,0,0,1
1723801233,387,2,2,8,8,13.071,0,0,0.30 | 0.31 | 0.31,0,1.27 | 1.76 | 2.20,0,1.82 | 2.28 | 3.15,0.918,0.000,0,1,0,0,0,0,-1,0,0,0,,0,,0,,0,0,0,1
1723801233,387,2,2,8,8,13.071,0,0,0.30 | 0.31 | 0.31,0,1.27 | 1.76 | 2.20,0,1.82 | 2.28 | 3.15,0.918,0.000,0,1,0,0,0,0,-1,0,0,0,,0,,0,,0,0,0,1
1723801233,387,2,2,8,8,13.071,0,0,0.30 | 0.31 | 0.31,0,1.27 | 1.76 | 2.20,0,1.82 | 2.28 | 3.15,0.918,0.000,0,1,0,0,0,0,-1,0,0,0,,0,,0,,0,0,0,1
1723801233,387,2,2,8,8,13.071,0,0,0.30 | 0.31 | 0.31,0,1.27 | 1.76 | 2.20,0,1.82 | 2.28 | 3.15,0.918,0.000,0,1,0,0,0,0,-1,0,0,0,,0,,0,,0,0,0,1
1723801233,387,2,2,8,8,13.071,0,0,0.30 | 0.31 | 0.31,0,1.27 | 1.76 | 2.20,0,1.82 | 2.28 | 3.15,0.918,0.000,0,1,0,0,0,0,-1,0,0,0,,0,,0,,0,0,0,1
1723801233,387,2,2,8,8,13.071,0,0,0.30 | 0.31 | 0.31,0,1.27 | 1.76 | 2.20,0,1.82 | 2.28 | 3.15,0.918,0.000,0,1,0,0,0,0,-1,0,0,0,,0,,0,,0,0,0,1
1723801233,387,2,2,8,8,13.071,0,0,0.30 | 0.31 | 0.31,0,1.27 | 1.76 | 2.20,0,1.82 | 2.28 | 3.15,0.918,0.000,0,1,0,0,0,0,-1,0,0,0,,0,,0,,0,0,0,1
1723801233,387,2,2,8,8,12.009,0,0,0.30 | 0.31 | 0.31,0,1.27 | 1.76 | 2.20,0,1.82 | 2.28 | 3.15,0.918,0.000,0,1,0,0,0,0,-1,0,0,0,,0,,0,,0,0,0,1
1723801233,387,2,2,8,8,12.009,0,0,0.30 | 0.31 | 0.31,0,1.27 | 1.76 | 2.20,0,1.82 | 2.28 | 3.15,0.918,0.000,0,1,0,0,0,0,-1,0,0,0,,0,,0,,0,0,0,1
1723801234,387,2,2,8,8,12.009,0,0,0.30 | 0.31 | 0.31,0,1.27 | 1.76 | 2.20,0,1.82 | 2.28 | 3.15,0.918,0.000,0,1,0,0,0,0,-1,0,0,0,,0,,0,,0,0,0,1
1723801234,387,2,2,8,8,12.009,0,0,0.30 | 0.31 | 0.31,0,1.27 | 1.76 | 2.20,0,1.82 | 2.28 | 3.15,0.918,0.000,0,1,0,0,0,0,-1,0,0,0,,0,,0,,0,0,0,1
1723801234,387,2,2,8,8,12.009,0,0,0.30 | 0.31 | 0.31,0,1.27 | 1.76 | 2.20,0,1.82 | 2.28 | 3.15,0.918,0.000,0,1,0,0,0,0,-1,0,0,0,,0,,0,,0,0,0,1
1723801234,387,2,2,8,8,12.009,0,0,0.30 | 0.31 | 0.31,0,1.27 | 1.76 | 2.20,0,1.82 | 2.28 | 3.15,0.918,0.000,0,1,0,0,0,0,-1,0,0,0,,0,,0,,0,0,0,1
1723801234,387,2,2,8,8,12.009,0,0,0.30 | 0.31 | 0.31,0,1.27 | 1.76 | 2.20,0,1.82 | 2.28 | 3.15,0.918,0.000,0,1,0,0,0,0,-1,0,0,0,,0,,0,,0,0,0,1
1723801234,387,2,2,8,8,12.009,0,0,0.30 | 0.31 | 0.31,0,1.27 | 1.76 | 2.20,0,1.82 | 2.28 | 3.15,0.918,0.000,0,1,0,0,0,0,-1,0,0,0,,0,,0,,0,0,0,1
1723801234,387,2,2,8,8,12.009,0,0,0.30 | 0.31 | 0.31,0,1.27 | 1.76 | 2.20,0,1.82 | 2.28 | 3.15,0.918,0.000,0,1,0,0,0,0,-1,0,0,0,,0,,0,,0,0,0,1
1723801234,387,2,2,8,8,12.009,0,0,0.30 | 0.31 | 0.31,0,1.27 | 1.76 | 2.20,0,1.82 | 2.28 | 3.15,0.918,0.000,0,1,0,0,0,0,-1,0,0,0,,0,,0,,0,0,0,1
1723801234,387,2,2,8,8,10.87,0,0,0.30 | 0.31 | 0.31,0,1.27 | 1.76 | 2.20,0,1.82 | 2.28 | 3.15,0.918,0.000,0,1,0,0,0,0,-1,0,0,0,,0,,0,,0,0,0,1
1723801234,387,2,2,8,8,10.87,0,0,0.30 | 0.31 | 0.31,0,1.27 | 1.76 | 2.20,0,1.82 | 2.28 | 3.15,0.918,0.000,0,1,0,0,0,0,-1,0,0,0,,0,,0,,0,0,0,1
1723801235,387,2,2,8,8,10.87,0,0,0.30 | 0.31 | 0.31,0,1.27 | 1.76 | 2.20,0,1.82 | 2.28 | 3.15,0.918,0.000,0,1,0,0,0,0,-1,0,0,0,,0,,0,,0,0,0,1
1723801235,387,2,2,8,8,10.87,0,0,0.30 | 0.31 | 0.31,0,1.27 | 1.76 | 2.20,0,1.82 | 2.28 | 3.15,0.918,0.000,0,1,0,0,0,0,-1,0,0,0,,0,,0,,0,0,0,1
1723801235,387,2,2,8,8,10.87,0,0,0.30 | 0.31 | 0.31,0,1.27 | 1.76 | 2.20,0,1.82 | 2.28 | 3.15,0.918,0.000,0,1,0,0,0,0,-1,0,0,0,,0,,0,,0,0,0,1
1723801235,387,2,2,8,8,10.87,0,0,0.30 | 0.31 | 0.31,0,1.27 | 1.76 | 2.20,0,1.82 | 2.28 | 3.15,0.918,0.000,0,1,0,0,0,0,-1,0,0,0,,0,,0,,0,0,0,1
1723801235,387,2,2,8,8,10.87,0,0,0.30 | 0.31 | 0.31,0,1.27 | 1.76 | 2.20,0,1.82 | 2.28 | 3.15,0.918,0.000,0,1,0,0,0,0,-1,0,0,0,,0,,0,,0,0,0,1
1723801235,387,2,2,8,8,10.87,0,0,0.30 | 0.31 | 0.31,0,1.27 | 1.76 | 2.20,0,1.82 | 2.28 | 3.15,0.918,0.000,0,1,0,0,0,0,-1,0,0,0,,0,,0,,0,0,0,1
1723801235,387,2,2,8,8,10.87,0,0,0.30 | 0.31 | 0.31,0,1.27 | 1.76 | 2.20,0,1.82 | 2.28 | 3.15,0.918,0.000,0,1,0,0,0,0,-1,0,0,0,,0,,0,,0,0,0,1
1723801235,387,2,2,8,8,10.87,0,0,0.30 | 0.31 | 0.31,0,1.27 | 1.76 | 2.20,0,1.82 | 2.28 | 3.15,0.918,0.000,0,1,0,0,0,0,-1,0,0,0,,0,,0,,0,0,0,1
1723801235,387,2,2,8,8,13.068,0,0,0.30 | 0.31 | 0.31,0,1.31 | 1.76 | 2.20,0,1.82 | 2.27 | 3.06,0.919,0.000,0,1,0,0,0,0,-1,0,0,0,,0,,0,,0,0,0,1
1723801235,387,2,2,8,8,13.068,0,0,0.30 | 0.31 | 0.31,0,1.31 | 1.76 | 2.20,0,1.82 | 2.27 | 3.06,0.919,0.000,0,1,0,0,0,0,-1,0,0,0,,0,,0,,0,0,0,1
1723801236,387,2,2,8,8,13.068,0,0,0.30 | 0.31 | 0.31,0,1.31 | 1.76 | 2.20,0,1.82 | 2.27 | 3.06,0.919,0.000,0,1,0,0,0,0,-1,0,0,0,,0,,0,,0,0,0,1
1723801236,387,2,2,8,8,13.068,0,0,0.30 | 0.31 | 0.31,0,1.31 | 1.76 | 2.20,0,1.82 | 2.27 | 3.06,0.919,0.000,0,1,0,0,0,0,-1,0,0,0,,0,,0,,0,0,0,1
1723801236,387,2,2,8,8,13.068,0,0,0.30 | 0.31 | 0.31,0,1.31 | 1.76 | 2.20,0,1.82 | 2.27 | 3.06,0.919,0.000,0,1,0,0,0,0,-1,0,0,0,,0,,0,,0,0,0,1
1723801236,387,2,2,8,8,13.068,0,0,0.30 | 0.31 | 0.31,0,1.31 | 1.76 | 2.20,0,1.82 | 2.27 | 3.06,0.919,0.000,0,1,0,0,0,0,-1,0,0,0,,0,,0,,0,0,0,1
1723801236,387,2,2,8,8,13.068,0,0,0.30 | 0.31 | 0.31,0,1.31 | 1.76 | 2.20,0,1.82 | 2.27 | 3.06,0.919,0.000,0,1,0,0,0,0,-1,0,0,0,,0,,0,,0,0,0,1
1723801236,387,2,2,8,8,13.068,0,0,0.30 | 0.31 | 0.31,0,1.31 | 1.76 | 2.20,0,1.82 | 2.27 | 3.06,0.919,0.000,0,1,0,0,0,0,-1,0,0,0,,0,,0,,0,0,0,1
1723801236,387,2,2,8,8,13.068,0,0,0.30 | 0.31 | 0.31,0,1.31 | 1.76 | 2.20,0,1.82 | 2.27 | 3.06,0.919,0.000,0,1,0,0,0,0,-1,0,0,0,,0,,0,,0,0,0,1
1723801236,387,2,2,8,8,13.068,0,0,0.30 | 0.31 | 0.31,0,1.31 | 1.76 | 2.20,0,1.82 | 2.27 | 3.06,0.919,0.000,0,1,0,0,0,0,-1,0,0,0,,0,,0,,0,0,0,1
1723801236,387,2,2,8,8,12.287,0,0,0.30 | 0.31 | 0.31,0,1.31 | 1.76 | 2.20,0,1.82 | 2.27 | 3.06,0.919,0.000,0,1,0,0,0,0,-1,0,0,0,,0,,0,,0,0,0,1
1723801236,387,2,2,8,8,12.287,0,0,0.30 | 0.31 | 0.31,0,1.31 | 1.76 | 2.20,0,1.82 | 2.27 | 3.06,0.919,0.000,0,1,0,0,0,0,-1,0,0,0,,0,,0,,0,0,0,1
1723801237,387,2,2,8,8,12.287,0,0,0.30 | 0.31 | 0.31,0,1.31 | 1.76 | 2.20,0,1.82 | 2.27 | 3.06,0.919,0.000,0,1,0,0,0,0,-1,0,0,0,,0,,0,,0,0,0,1
1723801237,387,2,2,8,8,12.287,0,0,0.30 | 0.31 | 0.31,0,1.31 | 1.76 | 2.20,0,1.82 | 2.27 | 3.06,0.919,0.000,0,1,0,0,0,0,-1,0,0,0,,0,,0,,0,0,0,1
1723801237,387,2,2,8,8,12.287,0,0,0.30 | 0.31 | 0.31,0,1.31 | 1.76 | 2.20,0,1.82 | 2.27 | 3.06,0.919,0.000,0,1,0,0,0,0,-1,0,0,0,,0,,0,,0,0,0,1
1723801237,387,2,2,8,8,12.287,0,0,0.30 | 0.31 | 0.31,0,1.31 | 1.76 | 2.20,0,1.82 | 2.27 | 3.06,0.919,0.000,0,1,0,0,0,0,-1,0,0,0,,0,,0,,0,0,0,1
1723801237,387,2,2,8,8,12.287,0,0,0.30 | 0.31 | 0.31,0,1.31 | 1.76 | 2.20,0,1.82 | 2.27 | 3.06,0.919,0.000,0,1,0,0,0,0,-1,0,0,0,,0,,0,,0,0,0,1
1723801237,387,2,2,8,8,12.287,0,0,0.30 | 0.31 | 0.31,0,1.31 | 1.76 | 2.20,0,1.82 | 2.27 | 3.06,0.919,0.000,0,1,0,0,0,0,-1,0,0,0,,0,,0,,0,0,0,1
1723801237,387,2,2,8,8,12.287,0,0,0.30 | 0.31 | 0.31,0,1.31 | 1.76 | 2.20,0,1.82 | 2.27 | 3.06,0.919,0.000,0,1,0,0,0,0,-1,0,0,0,,0,,0,,0,0,0,1
1723801237,387,2,2,8,8,12.287,0,0,0.30 | 0.31 | 0.31,0,1.31 | 1.76 | 2.20,0,1.82 | 2.27 | 3.06,0.919,0.000,0,1,0,0,0,0,-1,0,0,0,,0,,0,,0,0,0,1
1723801237,387,2,2,8,8,11.224,0,0,0.30 | 0.31 | 0.31,0,1.31 | 1.76 | 2.20,0,1.82 | 2.27 | 3.06,0.919,0.000,0,1,0,0,0,0,-1,0,0,0,,0,,0,,0,0,0,1
1723801237,387,2,2,8,8,11.224,0,0,0.30 | 0.31 | 0.31,0,1.31 | 1.76 | 2.20,0,1.82 | 2.27 | 3.06,0.919,0.000,0,1,0,0,0,0,-1,0,0,0,,0,,0,,0,0,0,1
1723801238,387,2,2,8,8,11.224,0,0,0.30 | 0.31 | 0.31,0,1.31 | 1.76 | 2.20,0,1.82 | 2.27 | 3.06,0.919,0.000,0,1,0,0,0,0,-1,0,0,0,,0,,0,,0,0,0,1
1723801238,387,2,2,8,8,11.224,0,0,0.30 | 0.31 | 0.31,0,1.31 | 1.76 | 2.20,0,1.82 | 2.27 | 3.06,0.919,0.000,0,1,0,0,0,0,-1,0,0,0,,0,,0,,0,0,0,1
1723801238,387,2,2,8,8,11.224,0,0,0.30 | 0.31 | 0.31,0,1.31 | 1.76 | 2.20,0,1.82 | 2.27 | 3.06,0.919,0.000,0,1,0,0,0,0,-1,0,0,0,,0,,0,,0,0,0,1
1723801238,387,2,2,8,8,11.224,0,0,0.30 | 0.31 | 0.31,0,1.31 | 1.76 | 2.20,0,1.82 | 2.27 | 3.06,0.919,0.000,0,1,0,0,0,0,-1,0,0,0,,0,,0,,0,0,0,1
1723801238,387,2,2,8,8,11.224,0,0,0.30 | 0.31 | 0.31,0,1.31 | 1.76 | 2.20,0,1.82 | 2.27 | 3.06,0.919,0.000,0,1,0,0,0,0,-1,0,0,0,,0,,0,,0,0,0,1
1723801238,387,2,2,8,8,11.224,0,0,0.30 | 0.31 | 0.31,0,1.31 | 1.76 | 2.20,0,1.82 | 2.27 | 3.06,0.919,0.000,0,1,0,0,0,0,-1,0,0,0,,0,,0,,0,0,0,1
1723801238,387,2,2,8,8,11.224,0,0,0.30 | 0.31 | 0.31,0,1.31 | 1.76 | 2.20,0,1.82 | 2.27 | 3.06,0.919,0.000,0,1,0,0,0,0,-1,0,0,0,,0,,0,,0,0,0,1
1723801238,387,2,2,8,8,11.224,0,0,0.30 | 0.31 | 0.31,0,1.31 | 1.76 | 2.20,0,1.82 | 2.27 | 3.06,0.919,0.000,0,1,0,0,0,0,-1,0,0,0,,0,,0,,0,0,0,1
1723801238,387,2,2,8,8,10.162,0,0,0.30 | 0.31 | 0.31,0,1.31 | 1.76 | 2.20,0,1.82 | 2.27 | 3.06,0.919,0.000,0,1,0,0,0,0,-1,0,0,0,,0,,0,,0,0,0,1
1723801238,387,2,2,8,8,10.162,0,0,0.30 | 0.31 | 0.31,0,1.31 | 1.76 | 2.20,0,1.82 | 2.27 | 3.06,0.919,0.000,0,1,0,0,0,0,-1,0,0,0,,0,,0,,0,0,0,1
1723801239,387,2,2,8,8,10.162,0,0,0.30 | 0.31 | 0.31,0,1.31 | 1.76 | 2.20,0,1.82 | 2.27 | 3.06,0.919,0.000,0,1,0,0,0,0,-1,0,0,0,,0,,0,,0,0,0,1
1723801239,387,2,2,8,8,10.162,0,0,0.30 | 0.31 | 0.31,0,1.31 | 1.76 | 2.20,0,1.82 | 2.27 | 3.06,0.919,0.000,0,1,0,0,0,0,-1,0,0,0,,0,,0,,0,0,0,1
1723801239,387,2,2,8,8,10.162,0,0,0.30 | 0.31 | 0.31,0,1.31 | 1.76 | 2.20,0,1.82 | 2.27 | 3.06,0.919,0.000,0,1,0,0,0,0,-1,0,0,0,,0,,0,,0,0,0,1
1723801239,387,2,2,8,8,10.162,0,0,0.30 | 0.31 | 0.31,0,1.31 | 1.76 | 2.20,0,1.82 | 2.27 | 3.06,0.919,0.000,0,1,0,0,0,0,-1,0,0,0,,0,,0,,0,0,0,1
1723801239,387,2,2,8,8,10.162,0,0,0.30 | 0.31 | 0.31,0,1.31 | 1.76 | 2.20,0,1.82 | 2.27 | 3.06,0.919,0.000,0,1,0,0,0,0,-1,0,0,0,,0,,0,,0,0,0,1
1723801239,387,2,2,8,8,10.162,0,0,0.30 | 0.31 | 0.31,0,1.31 | 1.76 | 2.20,0,1.82 | 2.27 | 3.06,0.919,0.000,0,1,0,0,0,0,-1,0,0,0,,0,,0,,0,0,0,1
1723801239,387,2,2,8,8,10.162,0,0,0.30 | 0.31 | 0.31,0,1.31 | 1.76 | 2.20,0,1.82 | 2.27 | 3.06,0.919,0.000,0,1,0,0,0,0,-1,0,0,0,,0,,0,,0,0,0,1
1723801239,387,2,2,8,8,10.162,0,0,0.30 | 0.31 | 0.31,0,1.31 | 1.76 | 2.20,0,1.82 | 2.27 | 3.06,0.919,0.000,0,1,0,0,0,0,-1,0,0,0,,0,,0,,0,0,0,1
1723801239,387,2,2,8,8,9.099,0,0,0.30 | 0.31 | 0.31,0,1.31 | 1.76 | 2.20,0,1.82 | 2.27 | 3.06,0.919,0.000,0,1,0,0,0,0,-1,0,0,0,,0,,0,,0,0,0,1
1723801239,387,2,2,8,8,9.099,0,0,0.30 | 0.31 | 0.31,0,1.31 | 1.76 | 2.20,0,1.82 | 2.27 | 3.06,0.919,0.000,0,1,0,0,0,0,-1,0,0,0,,0,,0,,0,0,0,1
1723801240,387,2,2,8,8,9.099,0,0,0.30 | 0.31 | 0.31,0,1.31 | 1.76 | 2.20,0,1.82 | 2.27 | 3.06,0.919,0.000,0,1,0,0,0,0,-1,0,0,0,,0,,0,,0,0,0,1
1723801240,387,2,2,8,8,9.099,0,0,0.30 | 0.31 | 0.31,0,1.31 | 1.76 | 2.20,0,1.82 | 2.27 | 3.06,0.919,0.000,0,1,0,0,0,0,-1,0,0,0,,0,,0,,0,0,0,1
1723801240,387,2,2,8,8,9.099,0,0,0.30 | 0.31 | 0.31,0,1.31 | 1.76 | 2.20,0,1.82 | 2.27 | 3.06,0.919,0.000,0,1,0,0,0,0,-1,0,0,0,,0,,0,,0,0,0,1
1723801240,387,2,2,8,8,9.099,0,0,0.30 | 0.31 | 0.31,0,1.31 | 1.76 | 2.20,0,1.82 | 2.27 | 3.06,0.919,0.000,0,1,0,0,0,0,-1,0,0,0,,0,,0,,0,0,0,1
1723801240,387,2,2,8,8,9.099,0,0,0.30 | 0.31 | 0.31,0,1.31 | 1.76 | 2.20,0,1.82 | 2.27 | 3.06,0.919,0.000,0,1,0,0,0,0,-1,0,0,0,,0,,0,,0,0,0,1
1723801240,387,2,2,8,8,9.099,0,0,0.30 | 0.31 | 0.31,0,1.31 | 1.76 | 2.20,0,1.82 | 2.27 | 3.06,0.919,0.000,0,1,0,0,0,0,-1,0,0,0,,0,,0,,0,0,0,1
1723801240,387,2,2,8,8,9.099,0,0,0.30 | 0.31 | 0.31,0,1.31 | 1.76 | 2.20,0,1.82 | 2.27 | 3.06,0.919,0.000,0,1,0,0,0,0,-1,0,0,0,,0,,0,,0,0,0,1
1723801240,387,2,2,8,8,9.099,0,0,0.30 | 0.31 | 0.31,0,1.31 | 1.76 | 2.20,0,1.82 | 2.27 | 3.06,0.919,0.000,0,1,0,0,0,0,-1,0,0,0,,0,,0,,0,0,0,1
1723801240,387,2,2,8,8,13.103,0,0,0.30 | 0.31 | 0.31,0,1.31 | 1.81 | 2.20,0,1.82 | 2.21 | 3.06,0.891,0.000,0,1,0,0,0,0,-1,0,0,0,,0,,0,,0,0,0,1
1723801240,387,2,2,8,8,13.103,0,0,0.30 | 0.31 | 0.31,0,1.31 | 1.81 | 2.20,0,1.82 | 2.21 | 3.06,0.891,0.000,0,1,0,0,0,0,-1,0,0,0,,0,,0,,0,0,0,1
1723801241,387,2,2,8,8,13.103,0,0,0.30 | 0.31 | 0.31,0,1.31 | 1.81 | 2.20,0,1.82 | 2.21 | 3.06,0.891,0.000,0,1,0,0,0,0,-1,0,0,0,,0,,0,,0,0,0,1
1723801241,387,2,2,8,8,13.103,0,0,0.30 | 0.31 | 0.31,0,1.31 | 1.81 | 2.20,0,1.82 | 2.21 | 3.06,0.891,0.000,0,1,0,0,0,0,-1,0,0,0,,0,,0,,0,0,0,1
1723801241,387,2,2,8,8,13.103,0,0,0.30 | 0.31 | 0.31,0,1.31 | 1.81 | 2.20,0,1.82 | 2.21 | 3.06,0.891,0.000,0,1,0,0,0,0,-1,0,0,0,,0,,0,,0,0,0,1
1723801241,387,2,2,8,8,13.103,0,0,0.30 | 0.31 | 0.31,0,1.31 | 1.81 | 2.20,0,1.82 | 2.21 | 3.06,0.891,0.000,0,1,0,0,0,0,-1,0,0,0,,0,,0,,0,0,0,1
1723801241,387,2,2,8,8,13.103,0,0,0.30 | 0.31 | 0.31,0,1.31 | 1.81 | 2.20,0,1.82 | 2.21 | 3.06,0.891,0.000,0,1,0,0,0,0,-1,0,0,0,,0,,0,,0,0,0,1
1723801241,387,2,2,8,8,13.103,0,0,0.30 | 0.31 | 0.31,0,1.31 | 1.81 | 2.20,0,1.82 | 2.21 | 3.06,0.891,0.000,0,1,0,0,0,0,-1,0,0,0,,0,,0,,0,0,0,1
1723801241,387,2,2,8,8,13.103,0,0,0.30 | 0.31 | 0.31,0,1.31 | 1.81 | 2.20,0,1.82 | 2.21 | 3.06,0.891,0.000,0,1,0,0,0,0,-1,0,0,0,,0,,0,,0,0,0,1
1723801241,387,2,2,8,8,13.103,0,0,0.30 | 0.31 | 0.31,0,1.31 | 1.81 | 2.20,0,1.82 | 2.21 | 3.06,0.891,0.000,0,1,0,0,0,0,-1,0,0,0,,0,,0,,0,0,0,1
1723801241,387,2,2,8,8,12.04,0,0,0.30 | 0.31 | 0.31,0,1.31 | 1.81 | 2.20,0,1.82 | 2.21 | 3.06,0.891,0.000,0,1,0,0,0,0,-1,0,0,0,,0,,0,,0,0,0,1
1723801241,387,2,2,8,8,12.04,0,0,0.30 | 0.31 | 0.31,0,1.31 | 1.81 | 2.20,0,1.82 | 2.21 | 3.06,0.891,0.000,0,1,0,0,0,0,-1,0,0,0,,0,,0,,0,0,0,1
1723801242,387,2,2,8,8,12.04,0,0,0.30 | 0.31 | 0.31,0,1.31 | 1.81 | 2.20,0,1.82 | 2.21 | 3.06,0.891,0.000,0,1,0,0,0,0,-1,0,0,0,,0,,0,,0,0,0,1
1723801242,387,2,2,8,8,12.04,0,0,0.30 | 0.31 | 0.31,0,1.31 | 1.81 | 2.20,0,1.82 | 2.21 | 3.06,0.891,0.000,0,1,0,0,0,0,-1,0,0,0,,0,,0,,0,0,0,1
1723801242,387,2,2,8,8,12.04,0,0,0.30 | 0.31 | 0.31,0,1.31 | 1.81 | 2.20,0,1.82 | 2.21 | 3.06,0.891,0.000,0,1,0,0,0,0,-1,0,0,0,,0,,0,,0,0,0,1
1723801242,387,2,2,8,8,12.04,0,0,0.30 | 0.31 | 0.31,0,1.31 | 1.81 | 2.20,0,1.82 | 2.21 | 3.06,0.891,0.000,0,1,0,0,0,0,-1,0,0,0,,0,,0,,0,0,0,1
1723801242,387,2,2,8,8,12.04,0,0,0.30 | 0.31 | 0.31,0,1.31 | 1.81 | 2.20,0,1.82 | 2.21 | 3.06,0.891,0.000,0,1,0,0,0,0,-1,0,0,0,,0,,0,,0,0,0,1
1723801242,387,2,2,8,8,12.04,0,0,0.30 | 0.31 | 0.31,0,1.31 | 1.81 | 2.20,0,1.82 | 2.21 | 3.06,0.891,0.000,0,1,0,0,0,0,-1,0,0,0,,0,,0,,0,0,0,1
1723801242,387,2,2,8,8,12.04,0,0,0.30 | 0.31 | 0.31,0,1.31 | 1.81 | 2.20,0,1.82 | 2.21 | 3.06,0.891,0.000,0,1,0,0,0,0,-1,0,0,0,,0,,0,,0,0,0,1
1723801242,387,2,2,8,8,12.04,0,0,0.30 | 0.31 | 0.31,0,1.31 | 1.81 | 2.20,0,1.82 | 2.21 | 3.06,0.891,0.000,0,1,0,0,0,0,-1,0,0,0,,0,,0,,0,0,0,1
1723801242,387,2,2,8,8,10.978,0,0,0.30 | 0.31 | 0.31,0,1.31 | 1.81 | 2.20,0,1.82 | 2.21 | 3.06,0.891,0.000,0,1,0,0,0,0,-1,0,0,0,,0,,0,,0,0,0,1
1723801242,387,2,2,8,8,10.978,0,0,0.30 | 0.31 | 0.31,0,1.31 | 1.81 | 2.20,0,1.82 | 2.21 | 3.06,0.891,0.000,0,1,0,0,0,0,-1,0,0,0,,0,,0,,0,0,0,1
1723801243,387,2,2,8,8,10.978,0,0,0.30 | 0.31 | 0.31,0,1.31 | 1.81 | 2.20,0,1.82 | 2.21 | 3.06,0.891,0.000,0,1,0,0,0,0,-1,0,0,0,,0,,0,,0,0,0,1
1723801243,387,2,2,8,8,10.978,0,0,0.30 | 0.31 | 0.31,0,1.31 | 1.81 | 2.20,0,1.82 | 2.21 | 3.06,0.891,0.000,0,1,0,0,0,0,-1,0,0,0,,0,,0,,0,0,0,1
1723801243,387,2,2,8,8,10.978,0,0,0.30 | 0.31 | 0.31,0,1.31 | 1.81 | 2.20,0,1.82 | 2.21 | 3.06,0.891,0.000,0,1,0,0,0,0,-1,0,0,0,,0,,0,,0,0,0,1
1723801243,387,2,2,8,8,10.978,0,0,0.30 | 0.31 | 0.31,0,1.31 | 1.81 | 2.20,0,1.82 | 2.21 | 3.06,0.891,0.000,0,1,0,0,0,0,-1,0,0,0,,0,,0,,0,0,0,1
1723801243,387,2,2,8,8,10.978,0,0,0.30 | 0.31 | 0.31,0,1.31 | 1.81 | 2.20,0,1.82 | 2.21 | 3.06,0.891,0.000,0,1,0,0,0,0,-1,0,0,0,,0,,0,,0,0,0,1
1723801243,387,2,2,8,8,10.978,0,0,0.30 | 0.31 | 0.31,0,1.31 | 1.81 | 2.20,0,1.82 | 2.21 | 3.06,0.891,0.000,0,1,0,0,0,0,-1,0,0,0,,0,,0,,0,0,0,1
1723801243,387,2,2,8,8,10.978,0,0,0.30 | 0.31 | 0.31,0,1.31 | 1.81 | 2.20,0,1.82 | 2.21 | 3.06,0.891,0.000,0,1,0,0,0,0,-1,0,0,0,,0,,0,,0,0,0,1
1723801243,387,2,2,8,8,10.978,0,0,0.30 | 0.31 | 0.31,0,1.31 | 1.81 | 2.20,0,1.82 | 2.21 | 3.06,0.891,0.000,0,1,0,0,0,0,-1,0,0,0,,0,,0,,0,0,0,1
1723801243,387,2,2,8,8,13.115,0,0,0.30 | 0.31 | 0.31,0,1.18 | 1.70 | 2.20,0,1.82 | 2.35 | 3.39,0.931,0.000,0,1,0,0,0,0,-1,0,0,0,,0,,0,,0,0,0,1
1723801243,387,2,2,8,8,13.115,0,0,0.30 | 0.31 | 0.31,0,1.18 | 1.70 | 2.20,0,1.82 | 2.35 | 3.39,0.931,0.000,0,1,0,0,0,0,-1,0,0,0,,0,,0,,0,0,0,1
1723801244,387,2,2,8,8,13.115,0,0,0.30 | 0.31 | 0.31,0,1.18 | 1.70 | 2.20,0,1.82 | 2.35 | 3.39,0.931,0.000,0,1,0,0,0,0,-1,0,0,0,,0,,0,,0,0,0,1
1723801244,387,2,2,8,8,13.115,0,0,0.30 | 0.31 | 0.31,0,1.18 | 1.70 | 2.20,0,1.82 | 2.35 | 3.39,0.931,0.000,0,1,0,0,0,0,-1,0,0,0,,0,,0,,0,0,0,1
1723801244,387,2,2,8,8,13.115,0,0,0.30 | 0.31 | 0.31,0,1.18 | 1.70 | 2.20,0,1.82 | 2.35 | 3.39,0.931,0.000,0,1,0,0,0,0,-1,0,0,0,,0,,0,,0,0,0,1
1723801244,387,2,2,8,8,13.115,0,0,0.30 | 0.31 | 0.31,0,1.18 | 1.70 | 2.20,0,1.82 | 2.35 | 3.39,0.931,0.000,0,1,0,0,0,0,-1,0,0,0,,0,,0,,0,0,0,1
1723801244,387,2,2,8,8,13.115,0,0,0.30 | 0.31 | 0.31,0,1.18 | 1.70 | 2.20,0,1.82 | 2.35 | 3.39,0.931,0.000,0,1,0,0,0,0,-1,0,0,0,,0,,0,,0,0,0,1
1723801244,387,2,2,8,8,13.115,0,0,0.30 | 0.31 | 0.31,0,1.18 | 1.70 | 2.20,0,1.82 | 2.35 | 3.39,0.931,0.000,0,1,0,0,0,0,-1,0,0,0,,0,,0,,0,0,0,1
1723801244,387,2,2,8,8,13.115,0,0,0.30 | 0.31 | 0.31,0,1.18 | 1.70 | 2.20,0,1.82 | 2.35 | 3.39,0.931,0.000,0,1,0,0,0,0,-1,0,0,0,,0,,0,,0,0,0,1
1723801244,387,2,2,8,8,13.115,0,0,0.30 | 0.31 | 0.31,0,1.18 | 1.70 | 2.20,0,1.82 | 2.35 | 3.39,0.931,0.000,0,1,0,0,0,0,-1,0,0,0,,0,,0,,0,0,0,1
1723801244,387,2,2,8,8,12.071,0,0,0.30 | 0.31 | 0.31,0,1.18 | 1.70 | 2.20,0,1.82 | 2.35 | 3.39,0.931,0.000,0,1,0,0,0,0,-1,0,0,0,,0,,0,,0,0,0,1
1723801244,387,2,2,8,8,12.071,0,0,0.30 | 0.31 | 0.31,0,1.18 | 1.70 | 2.20,0,1.82 | 2.35 | 3.39,0.931,0.000,0,1,0,0,0,0,-1,0,0,0,,0,,0,,0,0,0,1
1723801245,387,2,2,8,8,12.071,0,0,0.30 | 0.31 | 0.31,0,1.18 | 1.70 | 2.20,0,1.82 | 2.35 | 3.39,0.931,0.000,0,1,0,0,0,0,-1,0,0,0,,0,,0,,0,0,0,1
1723801245,387,2,2,8,8,12.071,0,0,0.30 | 0.31 | 0.31,0,1.18 | 1.70 | 2.20,0,1.82 | 2.35 | 3.39,0.931,0.000,0,1,0,0,0,0,-1,0,0,0,,0,,0,,0,0,0,1
1723801245,387,2,2,8,8,12.071,0,0,0.30 | 0.31 | 0.31,0,1.18 | 1.70 | 2.20,0,1.82 | 2.35 | 3.39,0.931,0.000,0,1,0,0,0,0,-1,0,0,0,,0,,0,,0,0,0,1
1723801245,387,2,2,8,8,12.071,0,0,0.30 | 0.31 | 0.31,0,1.18 | 1.70 | 2.20,0,1.82 | 2.35 | 3.39,0.931,0.000,0,1,0,0,0,0,-1,0,0,0,,0,,0,,0,0,0,1
1723801245,387,2,2,8,8,12.071,0,0,0.30 | 0.31 | 0.31,0,1.18 | 1.70 | 2.20,0,1.82 | 2.35 | 3.39,0.931,0.000,0,1,0,0,0,0,-1,0,0,0,,0,,0,,0,0,0,1
1723801245,772,2,4,8,8,12.071,0,0,0.30 | 0.31 | 0.31,0,1.18 | 1.70 | 2.20,0,1.82 | 2.35 | 3.39,0.931,0.000,0,1,0,0,0,0,-1,0,0,0,,0,,0,,0,0,0,1
1723801245,772,2,4,8,8,12.071,0,0,0.30 | 0.31 | 0.31,0,1.18 | 1.70 | 2.20,0,1.82 | 2.35 | 3.39,0.931,0.000,0,1,0,0,0,0,-1,0,0,0,,0,,0,,0,0,0,1
1723801245,772,2,4,8,8,12.071,0,0,0.30 | 0.31 | 0.31,0,1.18 | 1.70 | 2.20,0,1.82 | 2.35 | 3.39,0.931,0.000,0,1,0,0,0,0,-1,0,0,0,,0,,0,,0,0,0,1
1723801245,772,2,4,8,8,11.256,0,0,0.30 | 0.31 | 0.31,0,1.18 | 1.70 | 2.20,0,1.82 | 2.35 | 3.39,0.931,0.000,0,1,0,0,0,0,-1,0,0,0,,0,,0,,0,0,0,1
1723801245,772,2,4,8,8,11.256,0,0,0.30 | 0.31 | 0.31,0,1.18 | 1.70 | 2.20,0,1.82 | 2.35 | 3.39,0.931,0.000,0,1,0,0,0,0,-1,0,0,0,,0,,0,,0,0,0,1
1723801246,772,2,4,8,8,11.256,0,0,0.30 | 0.31 | 0.31,0,1.18 | 1.70 | 2.20,0,1.82 | 2.35 | 3.39,0.931,0.000,0,1,0,0,0,0,-1,0,0,0,,0,,0,,0,0,0,1
1723801246,772,2,4,8,8,11.256,0,0,0.30 | 0.31 | 0.31,0,1.18 | 1.70 | 2.20,0,1.82 | 2.35 | 3.39,0.931,0.000,0,1,0,0,0,0,-1,0,0,0,,0,,0,,0,0,0,1
1723801246,772,2,4,8,8,11.256,0,0,0.30 | 0.31 | 0.31,0,1.18 | 1.70 | 2.20,0,1.82 | 2.35 | 3.39,0.931,0.000,0,1,0,0,0,0,-1,0,0,0,,0,,0,,0,0,0,1
1723801246,772,2,4,8,8,11.256,0,0,0.30 | 0.31 | 0.31,0,1.18 | 1.70 | 2.20,0,1.82 | 2.35 | 3.39,0.931,0.000,0,1,0,0,0,0,-1,0,0,0,,0,,0,,0,0,0,1
1723801246,772,2,4,8,8,11.256,0,0,0.30 | 0.31 | 0.31,0,1.18 | 1.70 | 2.20,0,1.82 | 2.35 | 3.39,0.931,0.000,0,1,0,0,0,0,-1,0,0,0,,0,,0,,0,0,0,1
1723801246,772,2,4,8,8,11.256,0,0,0.30 | 0.31 | 0.31,0,1.18 | 1.70 | 2.20,0,1.82 | 2.35 | 3.39,0.931,0.000,0,1,0,0,0,0,-1,0,0,0,,0,,0,,0,0,0,1
1723801246,772,2,4,8,8,11.256,0,0,0.30 | 0.31 | 0.31,0,1.18 | 1.70 | 2.20,0,1.82 | 2.35 | 3.39,0.931,0.000,0,1,0,0,0,0,-1,0,0,0,,0,,0,,0,0,0,1
1723801246,772,2,4,8,8,11.256,0,0,0.30 | 0.31 | 0.31,0,1.18 | 1.70 | 2.20,0,1.82 | 2.35 | 3.39,0.931,0.000,0,1,0,0,0,0,-1,0,0,0,,0,,0,,0,0,0,1
1723801246,772,2,4,8,8,10.193,0,0,0.30 | 0.31 | 0.31,0,1.18 | 1.70 | 2.20,0,1.82 | 2.35 | 3.39,0.931,0.000,0,1,0,0,0,0,-1,0,0,0,,0,,0,,0,0,0,1
1723801246,772,2,4,8,8,10.193,0,0,0.30 | 0.31 | 0.31,0,1.18 | 1.70 | 2.20,0,1.82 | 2.35 | 3.39,0.931,0.000,0,1,0,0,0,0,-1,0,0,0,,0,,0,,0,0,0,1
1723801247,772,2,4,8,8,10.193,0,0,0.30 | 0.31 | 0.31,0,1.18 | 1.70 | 2.20,0,1.82 | 2.35 | 3.39,0.931,0.000,0,1,0,0,0,0,-1,0,0,0,,0,,0,,0,0,0,1
1723801247,772,2,4,8,8,10.193,0,0,0.30 | 0.31 | 0.31,0,1.18 | 1.70 | 2.20,0,1.82 | 2.35 | 3.39,0.931,0.000,0,1,0,0,0,0,-1,0,0,0,,0,,0,,0,0,0,1
1723801247,772,2,4,8,8,10.193,0,0,0.30 | 0.31 | 0.31,0,1.18 | 1.70 | 2.20,0,1.82 | 2.35 | 3.39,0.931,0.000,0,1,0,0,0,0,-1,0,0,0,,0,,0,,0,0,0,1
1723801247,772,2,4,8,8,10.193,0,0,0.30 | 0.31 | 0.31,0,1.18 | 1.70 | 2.20,0,1.82 | 2.35 | 3.39,0.931,0.000,0,1,0,0,0,0,-1,0,0,0,,0,,0,,0,0,0,1
1723801247,772,2,4,8,8,10.193,0,0,0.30 | 0.31 | 0.31,0,1.18 | 1.70 | 2.20,0,1.82 | 2.35 | 3.39,0.931,0.000,0,1,0,0,0,0,-1,0,0,0,,0,,0,,0,0,0,1
1723801247,772,2,4,8,8,10.193,0,0,0.30 | 0.31 | 0.31,0,1.18 | 1.70 | 2.20,0,1.82 | 2.35 | 3.39,0.931,0.000,0,1,0,0,0,0,-1,0,0,0,,0,,0,,0,0,0,1
1723801247,772,2,4,8,8,10.193,0,0,0.30 | 0.31 | 0.31,0,1.18 | 1.70 | 2.20,0,1.82 | 2.35 | 3.39,0.931,0.000,0,1,0,0,0,0,-1,0,0,0,,0,,0,,0,0,0,1
1723801247,772,2,4,8,8,10.193,0,0,0.30 | 0.31 | 0.31,0,1.18 | 1.70 | 2.20,0,1.82 | 2.35 | 3.39,0.931,0.000,0,1,0,0,0,0,-1,0,0,0,,0,,0,,0,0,0,1
1723801247,772,2,4,8,8,9.131,0,0,0.30 | 0.31 | 0.31,0,1.18 | 1.70 | 2.20,0,1.82 | 2.35 | 3.39,0.931,0.000,0,1,0,0,0,0,-1,0,0,0,,0,,0,,0,0,0,1
1723801247,772,2,4,8,8,9.131,0,0,0.30 | 0.31 | 0.31,0,1.18 | 1.70 | 2.20,0,1.82 | 2.35 | 3.39,0.931,0.000,0,1,0,0,0,0,-1,0,0,0,,0,,0,,0,0,0,1
1723801248,772,2,4,8,8,9.131,0,0,0.30 | 0.31 | 0.31,0,1.18 | 1.70 | 2.20,0,1.82 | 2.35 | 3.39,0.931,0.000,0,1,0,0,0,0,-1,0,0,0,,0,,0,,0,0,0,1
1723801248,772,2,4,8,8,9.131,0,0,0.30 | 0.31 | 0.31,0,1.18 | 1.70 | 2.20,0,1.82 | 2.35 | 3.39,0.931,0.000,0,1,0,0,0,0,-1,0,0,0,,0,,0,,0,0,0,1
1723801248,772,2,4,8,8,9.131,0,0,0.30 | 0.31 | 0.31,0,1.18 | 1.70 | 2.20,0,1.82 | 2.35 | 3.39,0.931,0.000,0,1,0,0,0,0,-1,0,0,0,,0,,0,,0,0,0,1
1723801248,772,2,4,8,8,9.131,0,0,0.30 | 0.31 | 0.31,0,1.18 | 1.70 | 2.20,0,1.82 | 2.35 | 3.39,0.931,0.000,0,1,0,0,0,0,-1,0,0,0,,0,,0,,0,0,0,1
1723801248,772,2,4,8,8,9.131,0,0,0.30 | 0.31 | 0.31,0,1.18 | 1.70 | 2.20,0,1.82 | 2.35 | 3.39,0.931,0.000,0,1,0,0,0,0,-1,0,0,0,,0,,0,,0,0,0,1
1723801248,772,2,4,8,8,9.131,0,0,0.30 | 0.31 | 0.31,0,1.18 | 1.70 | 2.20,0,1.82 | 2.35 | 3.39,0.931,0.000,0,1,0,0,0,0,-1,0,0,0,,0,,0,,0,0,0,1
1723801248,772,2,4,8,8,9.131,0,0,0.30 | 0.31 | 0.31,0,1.18 | 1.70 | 2.20,0,1.82 | 2.35 | 3.39,0.931,0.000,0,1,0,0,0,0,-1,0,0,0,,0,,0,,0,0,0,1
1723801248,772,2,4,8,8,9.131,0,0,0.30 | 0.31 | 0.31,0,1.18 | 1.70 | 2.20,0,1.82 | 2.35 | 3.39,0.931,0.000,0,1,0,0,0,0,-1,0,0,0,,0,,0,,0,0,0,1
1723801248,772,2,4,8,8,8.068,0,0,0.30 | 0.31 | 0.31,0,1.18 | 1.70 | 2.20,0,1.82 | 2.35 | 3.39,0.931,0.000,0,1,0,0,0,0,-1,0,0,0,,0,,0,,0,0,0,1
1723801248,772,2,4,8,8,8.068,0,0,0.30 | 0.31 | 0.31,0,1.18 | 1.70 | 2.20,0,1.82 | 2.35 | 3.39,0.931,0.000,0,1,0,0,0,0,-1,0,0,0,,0,,0,,0,0,0,1
1723801249,772,2,4,8,8,8.068,0,0,0.30 | 0.31 | 0.31,0,1.18 | 1.70 | 2.20,0,1.82 | 2.35 | 3.39,0.931,0.000,0,1,0,0,0,0,-1,0,0,0,,0,,0,,0,0,0,1
1723801249,772,2,4,8,8,8.068,0,0,0.30 | 0.31 | 0.31,0,1.18 | 1.70 | 2.20,0,1.82 | 2.35 | 3.39,0.931,0.000,0,1,0,0,0,0,-1,0,0,0,,0,,0,,0,0,0,1
1723801249,772,2,4,8,8,8.068,0,0,0.30 | 0.31 | 0.31,0,1.18 | 1.70 | 2.20,0,1.82 | 2.35 | 3.39,0.931,0.000,0,1,0,0,0,0,-1,0,0,0,,0,,0,,0,0,0,1
1723801249,772,2,4,8,8,8.068,0,0,0.30 | 0.31 | 0.31,0,1.18 | 1.70 | 2.20,0,1.82 | 2.35 | 3.39,0.931,0.000,0,1,0,0,0,0,-1,0,0,0,,0,,0,,0,0,0,1
1723801249,772,2,4,8,8,8.068,0,0,0.30 | 0.31 | 0.31,0,1.18 | 1.70 | 2.20,0,1.82 | 2.35 | 3.39,0.931,0.000,0,1,0,0,0,0,-1,0,0,0,,0,,0,,0,0,0,1
1723801249,772,2,4,8,8,8.068,0,0,0.30 | 0.31 | 0.31,0,1.18 | 1.70 | 2.20,0,1.82 | 2.35 | 3.39,0.931,0.000,0,1,0,0,0,0,-1,0,0,0,,0,,0,,0,0,0,1
1723801249,772,2,4,8,8,8.068,0,0,0.30 | 0.31 | 0.31,0,1.18 | 1.70 | 2.20,0,1.82 | 2.35 | 3.39,0.931,0.000,0,1,0,0,0,0,-1,0,0,0,,0,,0,,0,0,0,1
1723801249,772,2,4,8,8,8.068,0,0,0.30 | 0.31 | 0.31,0,1.18 | 1.70 | 2.20,0,1.82 | 2.35 | 3.39,0.931,0.000,0,1,0,0,0,0,-1,0,0,0,,0,,0,,0,0,0,1
1723801249,772,2,4,8,8,7.271,0,0,0.30 | 0.31 | 0.31,0,1.18 | 1.70 | 2.20,0,1.82 | 2.35 | 3.39,0.931,0.000,0,1,0,0,0,0,-1,0,0,0,,0,,0,,0,0,0,1
1723801249,580,2,3,8,8,7.271,0,0,0.30 | 0.31 | 0.31,0,1.18 | 1.70 | 2.20,0,1.82 | 2.35 | 3.39,0.931,0.000,0,1,0,0,0,0,-1,0,0,0,,0,,0,,0,0,0,1
1723801250,580,2,3,8,8,7.271,0,0,0.30 | 0.31 | 0.31,0,1.18 | 1.70 | 2.20,0,1.82 | 2.35 | 3.39,0.931,0.000,0,1,0,0,0,0,-1,0,0,0,,0,,0,,0,0,0,1
1723801250,580,4,3,8,8,7.271,0,0,0.30 | 0.31 | 0.31,0,1.18 | 1.70 | 2.20,0,1.82 | 2.35 | 3.39,0.931,0.000,0,1,0,0,0,0,-1,0,0,0,,0,,0,,0,0,0,1
1723801250,580,4,3,8,8,7.271,0,0,0.30 | 0.31 | 0.31,0,1.18 | 1.70 | 2.20,0,1.82 | 2.35 | 3.39,0.931,0.000,0,1,0,0,0,0,-1,0,0,0,,0,,0,,0,0,0,1
1723801250,580,4,3,8,8,7.271,0,0,0.30 | 0.31 | 0.31,0,1.18 | 1.70 | 2.20,0,1.82 | 2.35 | 3.39,0.931,0.000,0,1,0,0,0,0,-1,0,0,0,,0,,0,,0,0,0,1
1723801250,580,4,3,8,8,7.271,0,0,0.30 | 0.31 | 0.31,0,1.18 | 1.70 | 2.20,0,1.82 | 2.35 | 3.39,0.931,0.000,0,1,0,0,0,0,-1,0,0,0,,0,,0,,0,0,0,1
1723801250,580,4,3,8,8,7.271,0,0,0.30 | 0.31 | 0.31,0,1.18 | 1.70 | 2.20,0,1.82 | 2.35 | 3.39,0.931,0.000,0,1,0,0,0,0,-1,0,0,0,,0,,0,,0,0,0,1
1723801250,580,4,3,8,8,7.271,0,0,0.30 | 0.31 | 0.31,0,1.18 | 1.70 | 2.20,0,1.82 | 2.35 | 3.39,0.931,0.000,0,1,0,0,0,0,-1,0,0,0,,0,,0,,0,0,0,1
1723801250,580,4,3,8,8,7.271,0,0,0.30 | 0.31 | 0.31,0,1.18 | 1.70 | 2.20,0,1.82 | 2.35 | 3.39,0.931,0.000,0,1,0,0,0,0,-1,0,0,0,,0,,0,,0,0,0,1
1723801250,580,4,3,8,8,6.209,0,0,0.31 | 0.31 | 0.31,0,1.18 | 2.10 | 3.77,0,1.06 | 1.91 | 3.39,0.930,0.000,0,1,0,0,0,0,-1,0,0,0,,0,,0,,0,0,0,1
1723801250,580,4,3,8,8,6.209,0,0,0.31 | 0.31 | 0.31,0,1.18 | 2.10 | 3.77,0,1.06 | 1.91 | 3.39,0.930,0.000,0,1,0,0,0,0,-1,0,0,0,,0,,0,,0,0,0,1
1723801251,580,4,3,8,8,6.209,0,0,0.31 | 0.31 | 0.31,0,1.18 | 2.10 | 3.77,0,1.06 | 1.91 | 3.39,0.930,0.000,0,1,0,0,0,0,-1,0,0,0,,0,,0,,0,0,0,1
1723801251,580,4,3,8,8,6.209,0,0,0.31 | 0.31 | 0.31,0,1.18 | 2.10 | 3.77,0,1.06 | 1.91 | 3.39,0.930,0.000,0,1,0,0,0,0,-1,0,0,0,,0,,0,,0,0,0,1
1723801251,580,4,3,8,8,6.209,0,0,0.31 | 0.31 | 0.31,0,1.18 | 2.10 | 3.77,0,1.06 | 1.91 | 3.39,0.930,0.000,0,1,0,0,0,0,-1,0,0,0,,0,,0,,0,0,0,1
1723801251,580,4,3,8,8,6.209,0,0,0.31 | 0.31 | 0.31,0,1.18 | 2.10 | 3.77,0,1.06 | 1.91 | 3.39,0.930,0.000,0,1,0,0,0,0,-1,0,0,0,,0,,0,,0,0,0,1
1723801251,580,4,3,8,8,6.209,0,0,0.31 | 0.31 | 0.31,0,1.18 | 2.10 | 3.77,0,1.06 | 1.91 | 3.39,0.930,0.000,0,1,0,0,0,0,-1,0,0,0,,0,,0,,0,0,0,1
1723801251,580,4,3,8,8,6.209,0,0,0.31 | 0.31 | 0.31,0,1.18 | 2.10 | 3.77,0,1.06 | 1.91 | 3.39,0.930,0.000,0,1,0,0,0,0,-1,0,0,0,,0,,0,,0,0,0,1
1723801251,580,4,3,8,8,6.209,0,0,0.31 | 0.31 | 0.31,0,1.18 | 2.10 | 3.77,0,1.06 | 1.91 | 3.39,0.930,0.000,0,1,0,0,0,0,-1,0,0,0,,0,,0,,0,0,0,1
1723801251,580,4,3,8,8,6.209,0,0,0.31 | 0.31 | 0.31,0,1.18 | 2.10 | 3.77,0,1.06 | 1.91 | 3.39,0.930,0.000,0,1,0,0,0,0,-1,0,0,0,,0,,0,,0,0,0,1
1723801251,580,4,3,8,8,5.146,0,0,0.31 | 0.31 | 0.31,0,1.18 | 2.10 | 3.77,0,1.06 | 1.91 | 3.39,0.930,0.000,0,1,0,0,0,0,-1,0,0,0,,0,,0,,0,0,0,1
1723801251,580,4,3,8,8,5.146,0,0,0.31 | 0.31 | 0.31,0,1.18 | 2.10 | 3.77,0,1.06 | 1.91 | 3.39,0.930,0.000,0,1,0,0,0,0,-1,0,0,0,,0,,0,,0,0,0,1
1723801252,580,4,3,8,8,5.146,0,0,0.31 | 0.31 | 0.31,0,1.18 | 2.10 | 3.77,0,1.06 | 1.91 | 3.39,0.930,0.000,0,1,0,0,0,0,-1,0,0,0,,0,,0,,0,0,0,1
1723801252,580,4,3,8,8,5.146,0,0,0.31 | 0.31 | 0.31,0,1.18 | 2.10 | 3.77,0,1.06 | 1.91 | 3.39,0.930,0.000,0,1,0,0,0,0,-1,0,0,0,,0,,0,,0,0,0,1
1723801252,580,4,3,8,8,5.146,0,0,0.31 | 0.31 | 0.31,0,1.18 | 2.10 | 3.77,0,1.06 | 1.91 | 3.39,0.930,0.000,0,1,0,0,0,0,-1,0,0,0,,0,,0,,0,0,0,1
1723801252,580,4,3,8,8,5.146,0,0,0.31 | 0.31 | 0.31,0,1.18 | 2.10 | 3.77,0,1.06 | 1.91 | 3.39,0.930,0.000,0,1,0,0,0,0,-1,0,0,0,,0,,0,,0,0,0,1
1723801252,387,4,2,8,8,5.146,0,0,0.31 | 0.31 | 0.31,0,1.18 | 2.10 | 3.77,0,1.06 | 1.91 | 3.39,0.930,0.000,0,1,0,0,0,0,-1,0,0,0,,0,,0,,0,0,0,1
1723801252,387,4,2,8,8,5.146,0,0,0.31 | 0.31 | 0.31,0,1.18 | 2.10 | 3.77,0,1.06 | 1.91 | 3.39,0.930,0.000,0,1,0,0,0,0,-1,0,0,0,,0,,0,,0,0,0,1
1723801252,387,4,2,8,8,5.146,0,0,0.31 | 0.31 | 0.31,0,1.18 | 2.10 | 3.77,0,1.06 | 1.91 | 3.39,0.930,0.000,0,1,0,0,0,0,-1,0,0,0,,0,,0,,0,0,0,1
1723801252,387,4,2,8,8,5.146,0,0,0.31 | 0.31 | 0.31,0,1.18 | 2.10 | 3.77,0,1.06 | 1.91 | 3.39,0.930,0.000,0,1,0,0,0,0,-1,0,0,0,,0,,0,,0,0,0,1
1723801252,387,4,2,8,8,4.068,0,0,0.31 | 0.31 | 0.31,0,1.18 | 2.25 | 3.77,0,1.06 | 1.78 | 3.39,0.901,0.000,0,1,0,0,0,0,-1,0,0,0,,0,,0,,0,0,0,1
1723801252,387,4,2,8,8,4.068,0,0,0.31 | 0.31 | 0.31,0,1.18 | 2.25 | 3.77,0,1.06 | 1.78 | 3.39,0.901,0.000,0,1,0,0,0,0,-1,0,0,0,,0,,0,,0,0,0,1
1723801253,387,3,2,8,8,4.068,0,0,0.31 | 0.31 | 0.31,0,1.18 | 2.25 | 3.77,0,1.06 | 1.78 | 3.39,0.901,0.000,0,1,0,0,0,0,-1,0,0,0,,0,,0,,0,0,0,1
1723801253,387,3,2,8,8,4.068,0,0,0.31 | 0.31 | 0.31,0,1.18 | 2.25 | 3.77,0,1.06 | 1.78 | 3.39,0.901,0.000,0,1,0,0,0,0,-1,0,0,0,,0,,0,,0,0,0,1
1723801253,387,3,2,8,8,4.068,0,0,0.31 | 0.31 | 0.31,0,1.18 | 2.25 | 3.77,0,1.06 | 1.78 | 3.39,0.901,0.000,0,1,0,0,0,0,-1,0,0,0,,0,,0,,0,0,0,1
1723801253,387,3,2,8,8,4.068,0,0,0.31 | 0.31 | 0.31,0,1.18 | 2.25 | 3.77,0,1.06 | 1.78 | 3.39,0.901,0.000,0,1,0,0,0,0,-1,0,0,0,,0,,0,,0,0,0,1
1723801253,387,3,2,8,8,4.068,0,0,0.31 | 0.31 | 0.31,0,1.18 | 2.25 | 3.77,0,1.06 | 1.78 | 3.39,0.901,0.000,0,1,0,0,0,0,-1,0,0,0,,0,,0,,0,0,0,1
1723801253,387,3,2,8,8,4.068,0,0,0.31 | 0.31 | 0.31,0,1.18 | 2.25 | 3.77,0,1.06 | 1.78 | 3.39,0.901,0.000,0,1,0,0,0,0,-1,0,0,0,,0,,0,,0,0,0,1
1723801253,387,3,2,8,8,4.068,0,0,0.31 | 0.31 | 0.31,0,1.18 | 2.25 | 3.77,0,1.06 | 1.78 | 3.39,0.901,0.000,0,1,0,0,0,0,-1,0,0,0,,0,,0,,0,0,0,1
1723801253,387,3,2,8,8,4.068,0,0,0.31 | 0.31 | 0.31,0,1.18 | 2.25 | 3.77,0,1.06 | 1.78 | 3.39,0.901,0.000,0,1,0,0,0,0,-1,0,0,0,,0,,0,,0,0,0,1
1723801253,387,3,2,8,8,3.287,0,0,0.31 | 0.31 | 0.31,0,1.18 | 2.25 | 3.77,0,1.06 | 1.78 | 3.39,0.901,0.000,0,1,0,0,0,0,-1,0,0,0,,0,,0,,0,0,0,1
1723801253,387,3,2,8,8,3.287,0,0,0.31 | 0.31 | 0.31,0,1.18 | 2.25 | 3.77,0,1.06 | 1.78 | 3.39,0.901,0.000,0,1,0,0,0,0,-1,0,0,0,,0,,0,,0,0,0,1
1723801254,387,3,2,8,8,3.287,0,0,0.31 | 0.31 | 0.31,0,1.18 | 2.25 | 3.77,0,1.06 | 1.78 | 3.39,0.901,0.000,0,1,0,0,0,0,-1,0,0,0,,0,,0,,0,0,0,1
1723801254,387,3,2,8,8,3.287,0,0,0.31 | 0.31 | 0.31,0,1.18 | 2.25 | 3.77,0,1.06 | 1.78 | 3.39,0.901,0.000,0,1,0,0,0,0,-1,0,0,0,,0,,0,,0,0,0,1
1723801254,387,3,2,8,8,3.287,0,0,0.31 | 0.31 | 0.31,0,1.18 | 2.25 | 3.77,0,1.06 | 1.78 | 3.39,0.901,0.000,0,1,0,0,0,0,-1,0,0,0,,0,,0,,0,0,0,1
1723801254,387,3,2,8,8,3.287,0,0,0.31 | 0.31 | 0.31,0,1.18 | 2.25 | 3.77,0,1.06 | 1.78 | 3.39,0.901,0.000,0,1,0,0,0,0,-1,0,0,0,,0,,0,,0,0,0,1
1723801254,387,3,2,8,8,3.287,0,0,0.31 | 0.31 | 0.31,0,1.18 | 2.25 | 3.77,0,1.06 | 1.78 | 3.39,0.901,0.000,0,1,0,0,0,0,-1,0,0,0,,0,,0,,0,0,0,1
1723801254,387,3,2,8,8,3.287,0,0,0.31 | 0.31 | 0.31,0,1.18 | 2.25 | 3.77,0,1.06 | 1.78 | 3.39,0.901,0.000,0,1,0,0,0,0,-1,0,0,0,,0,,0,,0,0,0,1
1723801254,387,3,2,8,8,3.287,0,0,0.31 | 0.31 | 0.31,0,1.18 | 2.25 | 3.77,0,1.06 | 1.78 | 3.39,0.901,0.000,0,1,0,0,0,0,-1,0,0,0,,0,,0,,0,0,0,1
1723801254,387,3,2,8,8,3.287,0,0,0.31 | 0.31 | 0.31,0,1.18 | 2.25 | 3.77,0,1.06 | 1.78 | 3.39,0.901,0.000,0,1,0,0,0,0,-1,0,0,0,,0,,0,,0,0,0,1
1723801254,387,3,2,8,8,2.071,0,0,0.31 | 0.31 | 0.31,0,1.18 | 2.25 | 3.77,0,1.06 | 1.78 | 3.39,0.901,0.000,0,1,0,0,0,0,-1,0,0,0,,0,,0,,0,0,0,1
1723801254,387,3,2,8,8,2.071,0,0,0.31 | 0.31 | 0.31,0,1.18 | 2.25 | 3.77,0,1.06 | 1.78 | 3.39,0.901,0.000,0,1,0,0,0,0,-1,0,0,0,,0,,0,,0,0,0,1
1723801255,387,3,2,8,8,2.071,0,0,0.31 | 0.31 | 0.31,0,1.18 | 2.25 | 3.77,0,1.06 | 1.78 | 3.39,0.901,0.000,0,1,0,0,0,0,-1,0,0,0,,0,,0,,0,0,0,1
1723801255,387,3,2,8,8,2.071,0,0,0.31 | 0.31 | 0.31,0,1.18 | 2.25 | 3.77,0,1.06 | 1.78 | 3.39,0.901,0.000,0,1,0,0,0,0,-1,0,0,0,,0,,0,,0,0,0,1
1723801255,387,3,2,8,8,2.071,0,0,0.31 | 0.31 | 0.31,0,1.18 | 2.25 | 3.77,0,1.06 | 1.78 | 3.39,0.901,0.000,0,1,0,0,0,0,-1,0,0,0,,0,,0,,0,0,0,1
1723801255,387,3,2,8,8,2.071,0,0,0.31 | 0.31 | 0.31,0,1.18 | 2.25 | 3.77,0,1.06 | 1.78 | 3.39,0.901,0.000,0,1,0,0,0,0,-1,0,0,0,,0,,0,,0,0,0,1
1723801255,387,3,2,8,8,2.071,0,0,0.31 | 0.31 | 0.31,0,1.18 | 2.25 | 3.77,0,1.06 | 1.78 | 3.39,0.901,0.000,0,1,0,0,0,0,-1,0,0,0,,0,,0,,0,0,0,1
1723801255,387,3,2,8,8,2.071,0,0,0.31 | 0.31 | 0.31,0,1.18 | 2.25 | 3.77,0,1.06 | 1.78 | 3.39,0.901,0.000,0,1,0,0,0,0,-1,0,0,0,,0,,0,,0,0,0,1
1723801255,387,3,2,8,8,2.071,0,0,0.31 | 0.31 | 0.31,0,1.18 | 2.25 | 3.77,0,1.06 | 1.78 | 3.39,0.901,0.000,0,1,0,0,0,0,-1,0,0,0,,0,,0,,0,0,0,1
1723801255,387,3,2,8,8,2.071,0,0,0.31 | 0.31 | 0.31,0,1.18 | 2.25 | 3.77,0,1.06 | 1.78 | 3.39,0.901,0.000,0,1,0,0,0,0,-1,0,0,0,,0,,0,,0,0,0,1
1723801255,387,3,2,8,8,5.962,0,0,0.31 | 0.31 | 0.32,0,1.18 | 2.25 | 3.77,0,1.06 | 1.78 | 3.39,0.929,0.000,0,1,0,0,0,0,-1,0,0,0,,0,,0,,0,0,0,1
1723801255,387,3,2,8,8,5.962,0,0,0.31 | 0.31 | 0.32,0,1.18 | 2.25 | 3.77,0,1.06 | 1.78 | 3.39,0.929,0.000,0,1,0,0,0,0,-1,0,0,0,,0,,0,,0,0,0,1
1723801256,387,3,2,8,8,5.962,0,0,0.31 | 0.31 | 0.32,0,1.18 | 2.25 | 3.77,0,1.06 | 1.78 | 3.39,0.929,0.000,0,1,0,0,0,0,-1,0,0,0,,0,,0,,0,0,0,1
1723801256,387,3,2,8,8,5.962,0,0,0.31 | 0.31 | 0.32,0,1.18 | 2.25 | 3.77,0,1.06 | 1.78 | 3.39,0.929,0.000,0,1,0,0,0,0,-1,0,0,0,,0,,0,,0,0,0,1
1723801256,387,3,2,8,8,5.962,0,0,0.31 | 0.31 | 0.32,0,1.18 | 2.25 | 3.77,0,1.06 | 1.78 | 3.39,0.929,0.000,0,1,0,0,0,0,-1,0,0,0,,0,,0,,0,0,0,1
1723801256,387,3,2,8,8,5.962,0,0,0.31 | 0.31 | 0.32,0,1.18 | 2.25 | 3.77,0,1.06 | 1.78 | 3.39,0.929,0.000,0,1,0,0,0,0,-1,0,0,0,,0,,0,,0,0,0,1
1723801256,387,3,2,8,8,5.962,0,0,0.31 | 0.31 | 0.32,0,1.18 | 2.25 | 3.77,0,1.06 | 1.78 | 3.39,0.929,0.000,0,1,0,0,0,0,-1,0,0,0,,0,,0,,0,0,0,1
1723801256,387,3,2,8,8,5.962,0,0,0.31 | 0.31 | 0.32,0,1.18 | 2.25 | 3.77,0,1.06 | 1.78 | 3.39,0.929,0.000,0,1,0,0,0,0,-1,0,0,0,,0,,0,,0,0,0,1
1723801256,387,3,2,8,8,5.962,0,0,0.31 | 0.31 | 0.32,0,1.18 | 2.25 | 3.77,0,1.06 | 1.78 | 3.39,0.929,0.000,0,1,0,0,0,0,-1,0,0,0,,0,,0,,0,0,0,1
1723801256,387,3,2,8,8,5.962,0,0,0.31 | 0.31 | 0.32,0,1.18 | 2.25 | 3.77,0,1.06 | 1.78 | 3.39,0.929,0.000,0,1,0,0,0,0,-1,0,0,0,,0,,0,,0,0,0,1
1723801256,387,3,2,8,8,4.899,0,0,0.31 | 0.31 | 0.32,0,1.18 | 2.25 | 3.77,0,1.06 | 1.78 | 3.39,0.929,0.000,0,1,0,0,0,0,-1,0,0,0,,0,,0,,0,0,0,1
1723801256,387,3,2,8,8,4.899,0,0,0.31 | 0.31 | 0.32,0,1.18 | 2.25 | 3.77,0,1.06 | 1.78 | 3.39,0.929,0.000,0,1,0,0,0,0,-1,0,0,0,,0,,0,,0,0,0,1
1723801257,387,2,2,8,8,4.899,0,0,0.31 | 0.31 | 0.32,0,1.18 | 2.25 | 3.77,0,1.06 | 1.78 | 3.39,0.929,0.000,0,1,0,0,0,0,-1,0,0,0,,0,,0,,0,0,0,1
1723801257,387,2,2,8,8,4.899,0,0,0.31 | 0.31 | 0.32,0,1.18 | 2.25 | 3.77,0,1.06 | 1.78 | 3.39,0.929,0.000,0,1,0,0,0,0,-1,0,0,0,,0,,0,,0,0,0,1
1723801257,387,2,2,8,8,4.899,0,0,0.31 | 0.31 | 0.32,0,1.18 | 2.25 | 3.77,0,1.06 | 1.78 | 3.39,0.929,0.000,0,1,0,0,0,0,-1,0,0,0,,0,,0,,0,0,0,1
1723801257,387,2,2,8,8,4.899,0,0,0.31 | 0.31 | 0.32,0,1.18 | 2.25 | 3.77,0,1.06 | 1.78 | 3.39,0.929,0.000,0,1,0,0,0,0,-1,0,0,0,,0,,0,,0,0,0,1
1723801257,387,2,2,8,8,4.899,0,0,0.31 | 0.31 | 0.32,0,1.18 | 2.25 | 3.77,0,1.06 | 1.78 | 3.39,0.929,0.000,0,1,0,0,0,0,-1,0,0,0,,0,,0,,0,0,0,1
1723801257,387,2,2,8,8,4.899,0,0,0.31 | 0.31 | 0.32,0,1.18 | 2.25 | 3.77,0,1.06 | 1.78 | 3.39,0.929,0.000,0,1,0,0,0,0,-1,0,0,0,,0,,0,,0,0,0,1
1723801257,387,2,2,8,8,4.899,0,0,0.31 | 0.31 | 0.32,0,1.18 | 2.25 | 3.77,0,1.06 | 1.78 | 3.39,0.929,0.000,0,1,0,0,0,0,-1,0,0,0,,0,,0,,0,0,0,1
1723801257,387,2,2,8,8,4.899,0,0,0.31 | 0.31 | 0.32,0,1.18 | 2.25 | 3.77,0,1.06 | 1.78 | 3.39,0.929,0.000,0,1,0,0,0,0,-1,0,0,0,,0,,0,,0,0,0,1
1723801257,387,2,2,8,8,7.303,0,0,0.31 | 0.31 | 0.32,0,1.48 | 2.32 | 3.77,0,1.06 | 1.72 | 2.71,0.928,0.000,0,1,0,0,0,0,-1,0,0,0,,0,,0,,0,0,0,1
1723801257,387,2,2,8,8,7.303,0,0,0.31 | 0.31 | 0.32,0,1.48 | 2.32 | 3.77,0,1.06 | 1.72 | 2.71,0.928,0.000,0,1,0,0,0,0,-1,0,0,0,,0,,0,,0,0,0,1
1723801258,387,2,2,8,8,7.303,0,0,0.31 | 0.31 | 0.32,0,1.48 | 2.32 | 3.77,0,1.06 | 1.72 | 2.71,0.928,0.000,0,1,0,0,0,0,-1,0,0,0,,0,,0,,0,0,0,1
1723801258,387,2,2,8,8,7.303,0,0,0.31 | 0.31 | 0.32,0,1.48 | 2.32 | 3.77,0,1.06 | 1.72 | 2.71,0.928,0.000,0,1,0,0,0,0,-1,0,0,0,,0,,0,,0,0,0,1
1723801258,387,2,2,8,8,7.303,0,0,0.31 | 0.31 | 0.32,0,1.48 | 2.32 | 3.77,0,1.06 | 1.72 | 2.71,0.928,0.000,0,1,0,0,0,0,-1,0,0,0,,0,,0,,0,0,0,1
1723801258,387,2,2,8,8,7.303,0,0,0.31 | 0.31 | 0.32,0,1.48 | 2.32 | 3.77,0,1.06 | 1.72 | 2.71,0.928,0.000,0,1,0,0,0,0,-1,0,0,0,,0,,0,,0,0,0,1
1723801258,387,2,2,8,8,7.303,0,0,0.31 | 0.31 | 0.32,0,1.48 | 2.32 | 3.77,0,1.06 | 1.72 | 2.71,0.928,0.000,0,1,0,0,0,0,-1,0,0,0,,0,,0,,0,0,0,1
1723801258,387,2,2,8,8,7.303,0,0,0.31 | 0.31 | 0.32,0,1.48 | 2.32 | 3.77,0,1.06 | 1.72 | 2.71,0.928,0.000,0,1,0,0,0,0,-1,0,0,0,,0,,0,,0,0,0,1
1723801258,387,2,2,8,8,7.303,0,0,0.31 | 0.31 | 0.32,0,1.48 | 2.32 | 3.77,0,1.06 | 1.72 | 2.71,0.928,0.000,0,1,0,0,0,0,-1,0,0,0,,0,,0,,0,0,0,1
1723801258,387,2,2,8,8,7.303,0,0,0.31 | 0.31 | 0.32,0,1.48 | 2.32 | 3.77,0,1.06 | 1.72 | 2.71,0.928,0.000,0,1,0,0,0,0,-1,0,0,0,,0,,0,,0,0,0,1
1723801258,387,2,2,8,8,6.24,0,0,0.31 | 0.31 | 0.32,0,1.48 | 2.32 | 3.77,0,1.06 | 1.72 | 2.71,0.928,0.000,0,1,0,0,0,0,-1,0,0,0,,0,,0,,0,0,0,1
1723801258,387,2,2,8,8,6.24,0,0,0.31 | 0.31 | 0.32,0,1.48 | 2.32 | 3.77,0,1.06 | 1.72 | 2.71,0.928,0.000,0,1,0,0,0,0,-1,0,0,0,,0,,0,,0,0,0,1
1723801259,387,2,2,8,8,6.24,0,0,0.31 | 0.31 | 0.32,0,1.48 | 2.32 | 3.77,0,1.06 | 1.72 | 2.71,0.928,0.000,0,1,0,0,0,0,-1,0,0,0,,0,,0,,0,0,0,1
1723801259,387,2,2,8,8,6.24,0,0,0.31 | 0.31 | 0.32,0,1.48 | 2.32 | 3.77,0,1.06 | 1.72 | 2.71,0.928,0.000,0,1,0,0,0,0,-1,0,0,0,,0,,0,,0,0,0,1
1723801259,387,2,2,8,8,6.24,0,0,0.31 | 0.31 | 0.32,0,1.48 | 2.32 | 3.77,0,1.06 | 1.72 | 2.71,0.928,0.000,0,1,0,0,0,0,-1,0,0,0,,0,,0,,0,0,0,1
1723801259,387,2,2,8,8,6.24,0,0,0.31 | 0.31 | 0.32,0,1.48 | 2.32 | 3.77,0,1.06 | 1.72 | 2.71,0.928,0.000,0,1,0,0,0,0,-1,0,0,0,,0,,0,,0,0,0,1
1723801259,387,2,2,8,8,6.24,0,0,0.31 | 0.31 | 0.32,0,1.48 | 2.32 | 3.77,0,1.06 | 1.72 | 2.71,0.928,0.000,0,1,0,0,0,0,-1,0,0,0,,0,,0,,0,0,0,1
1723801259,387,2,2,8,8,6.24,0,0,0.31 | 0.31 | 0.32,0,1.48 | 2.32 | 3.77,0,1.06 | 1.72 | 2.71,0.928,0.000,0,1,0,0,0,0,-1,0,0,0,,0,,0,,0,0,0,1
1723801259,387,2,2,8,8,6.24,0,0,0.31 | 0.31 | 0.32,0,1.48 | 2.32 | 3.77,0,1.06 | 1.72 | 2.71,0.928,0.000,0,1,0,0,0,0,-1,0,0,0,,0,,0,,0,0,0,1
1723801259,387,2,2,8,8,6.24,0,0,0.31 | 0.31 | 0.32,0,1.48 | 2.32 | 3.77,0,1.06 | 1.72 | 2.71,0.928,0.000,0,1,0,0,0,0,-1,0,0,0,,0,,0,,0,0,0,1
1723801259,387,2,2,8,8,9.977,0,0,0.31 | 0.31 | 0.32,0,1.48 | 1.95 | 2.28,0,1.76 | 2.05 | 2.71,0.904,0.000,0,1,0,0,0,0,-1,0,0,0,,0,,0,,0,0,0,1
1723801259,387,2,2,8,8,9.977,0,0,0.31 | 0.31 | 0.32,0,1.48 | 1.95 | 2.28,0,1.76 | 2.05 | 2.71,0.904,0.000,0,1,0,0,0,0,-1,0,0,0,,0,,0,,0,0,0,1
1723801260,387,2,2,8,8,9.977,0,0,0.31 | 0.31 | 0.32,0,1.48 | 1.95 | 2.28,0,1.76 | 2.05 | 2.71,0.904,0.000,0,1,0,0,0,0,-1,0,0,0,,0,,0,,0,0,0,1
1723801260,387,2,2,8,8,9.977,0,0,0.31 | 0.31 | 0.32,0,1.48 | 1.95 | 2.28,0,1.76 | 2.05 | 2.71,0.904,0.000,0,1,0,0,0,0,-1,0,0,0,,0,,0,,0,0,0,1
1723801260,387,2,2,8,8,9.977,0,0,0.31 | 0.31 | 0.32,0,1.48 | 1.95 | 2.28,0,1.76 | 2.05 | 2.71,0.904,0.000,0,1,0,0,0,0,-1,0,0,0,,0,,0,,0,0,0,1
1723801260,387,2,2,8,8,9.977,0,0,0.31 | 0.31 | 0.32,0,1.48 | 1.95 | 2.28,0,1.76 | 2.05 | 2.71,0.904,0.000,0,1,0,0,0,0,-1,0,0,0,,0,,0,,0,0,0,1
1723801260,387,2,2,8,8,9.977,0,0,0.31 | 0.31 | 0.32,0,1.48 | 1.95 | 2.28,0,1.76 | 2.05 | 2.71,0.904,0.000,0,1,0,0,0,0,-1,0,0,0,,0,,0,,0,0,0,1
1723801260,387,2,2,8,8,9.977,0,0,0.31 | 0.31 | 0.32,0,1.48 | 1.95 | 2.28,0,1.76 | 2.05 | 2.71,0.904,0.000,0,1,0,0,0,0,-1,0,0,0,,0,,0,,0,0,0,1
1723801260,387,2,2,8,8,9.977,0,0,0.31 | 0.31 | 0.32,0,1.48 | 1.95 | 2.28,0,1.76 | 2.05 | 2.71,0.904,0.000,0,1,0,0,0,0,-1,0,0,0,,0,,0,,0,0,0,1
1723801260,387,2,2,8,8,9.977,0,0,0.31 | 0.31 | 0.32,0,1.48 | 1.95 | 2.28,0,1.76 | 2.05 | 2.71,0.904,0.000,0,1,0,0,0,0,-1,0,0,0,,0,,0,,0,0,0,1
1723801260,387,2,2,8,8,8.915,0,0,0.31 | 0.31 | 0.32,0,1.48 | 1.95 | 2.28,0,1.76 | 2.05 | 2.71,0.904,0.000,0,1,0,0,0,0,-1,0,0,0,,0,,0,,0,0,0,1
1723801260,387,2,2,8,8,8.915,0,0,0.31 | 0.31 | 0.32,0,1.48 | 1.95 | 2.28,0,1.76 | 2.05 | 2.71,0.904,0.000,0,1,0,0,0,0,-1,0,0,0,,0,,0,,0,0,0,1
1723801261,387,2,2,8,8,8.915,0,0,0.31 | 0.31 | 0.32,0,1.48 | 1.95 | 2.28,0,1.76 | 2.05 | 2.71,0.904,0.000,0,1,0,0,0,0,-1,0,0,0,,0,,0,,0,0,0,1
1723801261,387,2,2,8,8,8.915,0,0,0.31 | 0.31 | 0.32,0,1.48 | 1.95 | 2.28,0,1.76 | 2.05 | 2.71,0.904,0.000,0,1,0,0,0,0,-1,0,0,0,,0,,0,,0,0,0,1
1723801261,387,2,2,8,8,8.915,0,0,0.31 | 0.31 | 0.32,0,1.48 | 1.95 | 2.28,0,1.76 | 2.05 | 2.71,0.904,0.000,0,1,0,0,0,0,-1,0,0,0,,0,,0,,0,0,0,1
1723801261,387,2,2,8,8,8.915,0,0,0.31 | 0.31 | 0.32,0,1.48 | 1.95 | 2.28,0,1.76 | 2.05 | 2.71,0.904,0.000,0,1,0,0,0,0,-1,0,0,0,,0,,0,,0,0,0,1
1723801261,387,2,2,8,8,8.915,0,0,0.31 | 0.31 | 0.32,0,1.48 | 1.95 | 2.28,0,1.76 | 2.05 | 2.71,0.904,0.000,0,1,0,0,0,0,-1,0,0,0,,0,,0,,0,0,0,1
1723801261,387,2,2,8,8,8.915,0,0,0.31 | 0.31 | 0.32,0,1.48 | 1.95 | 2.28,0,1.76 | 2.05 | 2.71,0.904,0.000,0,1,0,0,0,0,-1,0,0,0,,0,,0,,0,0,0,1
1723801261,387,2,2,8,8,8.915,0,0,0.31 | 0.31 | 0.32,0,1.48 | 1.95 | 2.28,0,1.76 | 2.05 | 2.71,0.904,0.000,0,1,0,0,0,0,-1,0,0,0,,0,,0,,0,0,0,1
1723801261,387,2,2,8,8,8.915,0,0,0.31 | 0.31 | 0.32,0,1.48 | 1.95 | 2.28,0,1.76 | 2.05 | 2.71,0.904,0.000,0,1,0,0,0,0,-1,0,0,0,,0,,0,,0,0,0,1
1723801261,387,2,2,8,8,11.193,0,0,0.31 | 0.31 | 0.32,0,1.43 | 1.82 | 2.28,0,1.76 | 2.19 | 2.79,0.932,0.000,0,1,0,0,0,0,-1,0,0,0,,0,,0,,0,0,0,1
1723801261,387,2,2,8,8,11.193,0,0,0.31 | 0.31 | 0.32,0,1.43 | 1.82 | 2.28,0,1.76 | 2.19 | 2.79,0.932,0.000,0,1,0,0,0,0,-1,0,0,0,,0,,0,,0,0,0,1
1723801262,387,2,2,8,8,11.193,0,0,0.31 | 0.31 | 0.32,0,1.43 | 1.82 | 2.28,0,1.76 | 2.19 | 2.79,0.932,0.000,0,1,0,0,0,0,-1,0,0,0,,0,,0,,0,0,0,1
1723801262,387,2,2,8,8,11.193,0,0,0.31 | 0.31 | 0.32,0,1.43 | 1.82 | 2.28,0,1.76 | 2.19 | 2.79,0.932,0.000,0,1,0,0,0,0,-1,0,0,0,,0,,0,,0,0,0,1
1723801262,387,2,2,8,8,11.193,0,0,0.31 | 0.31 | 0.32,0,1.43 | 1.82 | 2.28,0,1.76 | 2.19 | 2.79,0.932,0.000,0,1,0,0,0,0,-1,0,0,0,,0,,0,,0,0,0,1
1723801262,387,2,2,8,8,11.193,0,0,0.31 | 0.31 | 0.32,0,1.43 | 1.82 | 2.28,0,1.76 | 2.19 | 2.79,0.932,0.000,0,1,0,0,0,0,-1,0,0,0,,0,,0,,0,0,0,1
1723801262,387,2,2,8,8,11.193,0,0,0.31 | 0.31 | 0.32,0,1.43 | 1.82 | 2.28,0,1.76 | 2.19 | 2.79,0.932,0.000,0,1,0,0,0,0,-1,0,0,0,,0,,0,,0,0,0,1
1723801262,387,2,2,8,8,11.193,0,0,0.31 | 0.31 | 0.32,0,1.43 | 1.82 | 2.28,0,1.76 | 2.19 | 2.79,0.932,0.000,0,1,0,0,0,0,-1,0,0,0,,0,,0,,0,0,0,1
1723801262,387,2,2,8,8,11.193,0,0,0.31 | 0.31 | 0.32,0,1.43 | 1.82 | 2.28,0,1.76 | 2.19 | 2.79,0.932,0.000,0,1,0,0,0,0,-1,0,0,0,,0,,0,,0,0,0,1
1723801262,387,2,2,8,8,11.193,0,0,0.31 | 0.31 | 0.32,0,1.43 | 1.82 | 2.28,0,1.76 | 2.19 | 2.79,0.932,0.000,0,1,0,0,0,0,-1,0,0,0,,0,,0,,0,0,0,1
1723801262,387,2,2,8,8,10.256,0,0,0.31 | 0.31 | 0.32,0,1.43 | 1.82 | 2.28,0,1.76 | 2.19 | 2.79,0.932,0.000,0,1,0,0,0,0,-1,0,0,0,,0,,0,,0,0,0,1
1723801262,387,2,2,8,8,10.256,0,0,0.31 | 0.31 | 0.32,0,1.43 | 1.82 | 2.28,0,1.76 | 2.19 | 2.79,0.932,0.000,0,1,0,0,0,0,-1,0,0,0,,0,,0,,0,0,0,1
1723801263,387,2,2,8,8,10.256,0,0,0.31 | 0.31 | 0.32,0,1.43 | 1.82 | 2.28,0,1.76 | 2.19 | 2.79,0.932,0.000,0,1,0,0,0,0,-1,0,0,0,,0,,0,,0,0,0,1
1723801263,387,2,2,8,8,10.256,0,0,0.31 | 0.31 | 0.32,0,1.43 | 1.82 | 2.28,0,1.76 | 2.19 | 2.79,0.932,0.000,0,1,0,0,0,0,-1,0,0,0,,0,,0,,0,0,0,1
1723801263,387,2,2,8,8,10.256,0,0,0.31 | 0.31 | 0.32,0,1.43 | 1.82 | 2.28,0,1.76 | 2.19 | 2.79,0.932,0.000,0,1,0,0,0,0,-1,0,0,0,,0,,0,,0,0,0,1
1723801263,387,2,2,8,8,10.256,0,0,0.31 | 0.31 | 0.32,0,1.43 | 1.82 | 2.28,0,1.76 | 2.19 | 2.79,0.932,0.000,0,1,0,0,0,0,-1,0,0,0,,0,,0,,0,0,0,1
1723801263,387,2,2,8,8,10.256,0,0,0.31 | 0.31 | 0.32,0,1.43 | 1.82 | 2.28,0,1.76 | 2.19 | 2.79,0.932,0.000,0,1,0,0,0,0,-1,0,0,0,,0,,0,,0,0,0,1
1723801263,387,2,2,8,8,10.256,0,0,0.31 | 0.31 | 0.32,0,1.43 | 1.82 | 2.28,0,1.76 | 2.19 | 2.79,0.932,0.000,0,1,0,0,0,0,-1,0,0,0,,0,,0,,0,0,0,1
1723801263,387,2,2,8,8,10.256,0,0,0.31 | 0.31 | 0.32,0,1.43 | 1.82 | 2.28,0,1.76 | 2.19 | 2.79,0.932,0.000,0,1,0,0,0,0,-1,0,0,0,,0,,0,,0,0,0,1
1723801263,387,2,2,8,8,10.256,0,0,0.31 | 0.31 | 0.32,0,1.43 | 1.82 | 2.28,0,1.76 | 2.19 | 2.79,0.932,0.000,0,1,0,0,0,0,-1,0,0,0,,0,,0,,0,0,0,1
1723801263,387,2,2,8,8,13.945,0,0,0.30 | 0.31 | 0.31,0,1.43 | 1.81 | 2.28,0,1.76 | 2.21 | 2.79,0.932,0.000,0,1,0,0,0,0,-1,0,0,0,,0,,0,,0,0,0,1
1723801263,387,2,2,8,8,13.945,0,0,0.30 | 0.31 | 0.31,0,1.43 | 1.81 | 2.28,0,1.76 | 2.21 | 2.79,0.932,0.000,0,1,0,0,0,0,-1,0,0,0,,0,,0,,0,0,0,1
1723801264,387,2,2,8,8,13.945,0,0,0.30 | 0.31 | 0.31,0,1.43 | 1.81 | 2.28,0,1.76 | 2.21 | 2.79,0.932,0.000,0,1,0,0,0,0,-1,0,0,0,,0,,0,,0,0,0,1
1723801264,387,2,2,8,8,13.945,0,0,0.30 | 0.31 | 0.31,0,1.43 | 1.81 | 2.28,0,1.76 | 2.21 | 2.79,0.932,0.000,0,1,0,0,0,0,-1,0,0,0,,0,,0,,0,0,0,1
1723801264,387,2,2,8,8,13.945,0,0,0.30 | 0.31 | 0.31,0,1.43 | 1.81 | 2.28,0,1.76 | 2.21 | 2.79,0.932,0.000,0,1,0,0,0,0,-1,0,0,0,,0,,0,,0,0,0,1
1723801264,387,2,2,8,8,13.945,0,0,0.30 | 0.31 | 0.31,0,1.43 | 1.81 | 2.28,0,1.76 | 2.21 | 2.79,0.932,0.000,0,1,0,0,0,0,-1,0,0,0,,0,,0,,0,0,0,1
1723801264,387,2,2,8,8,13.945,0,0,0.30 | 0.31 | 0.31,0,1.43 | 1.81 | 2.28,0,1.76 | 2.21 | 2.79,0.932,0.000,0,1,0,0,0,0,-1,0,0,0,,0,,0,,0,0,0,1
1723801264,387,2,2,8,8,13.945,0,0,0.30 | 0.31 | 0.31,0,1.43 | 1.81 | 2.28,0,1.76 | 2.21 | 2.79,0.932,0.000,0,1,0,0,0,0,-1,0,0,0,,0,,0,,0,0,0,1
1723801264,387,2,2,8,8,13.945,0,0,0.30 | 0.31 | 0.31,0,1.43 | 1.81 | 2.28,0,1.76 | 2.21 | 2.79,0.932,0.000,0,1,0,0,0,0,-1,0,0,0,,0,,0,,0,0,0,1
1723801264,387,2,2,8,8,13.945,0,0,0.30 | 0.31 | 0.31,0,1.43 | 1.81 | 2.28,0,1.76 | 2.21 | 2.79,0.932,0.000,0,1,0,0,0,0,-1,0,0,0,,0,,0,,0,0,0,1
1723801264,387,2,2,8,8,12.871,0,0,0.30 | 0.31 | 0.31,0,1.43 | 1.81 | 2.28,0,1.76 | 2.21 | 2.79,0.932,0.000,0,1,0,0,0,0,-1,0,0,0,,0,,0,,0,0,0,1
1723801264,387,2,2,8,8,12.871,0,0,0.30 | 0.31 | 0.31,0,1.43 | 1.81 | 2.28,0,1.76 | 2.21 | 2.79,0.932,0.000,0,1,0,0,0,0,-1,0,0,0,,0,,0,,0,0,0,1
1723801265,387,2,2,8,8,12.871,0,0,0.30 | 0.31 | 0.31,0,1.43 | 1.81 | 2.28,0,1.76 | 2.21 | 2.79,0.932,0.000,0,1,0,0,0,0,-1,0,0,0,,0,,0,,0,0,0,1
1723801265,387,2,2,8,8,12.871,0,0,0.30 | 0.31 | 0.31,0,1.43 | 1.81 | 2.28,0,1.76 | 2.21 | 2.79,0.932,0.000,0,1,0,0,0,0,-1,0,0,0,,0,,0,,0,0,0,1
1723801265,387,2,2,8,8,12.871,0,0,0.30 | 0.31 | 0.31,0,1.43 | 1.81 | 2.28,0,1.76 | 2.21 | 2.79,0.932,0.000,0,1,0,0,0,0,-1,0,0,0,,0,,0,,0,0,0,1
1723801265,387,2,2,8,8,12.871,0,0,0.30 | 0.31 | 0.31,0,1.43 | 1.81 | 2.28,0,1.76 | 2.21 | 2.79,0.932,0.000,0,1,0,0,0,0,-1,0,0,0,,0,,0,,0,0,0,1
1723801265,387,2,2,8,8,12.871,0,0,0.30 | 0.31 | 0.31,0,1.43 | 1.81 | 2.28,0,1.76 | 2.21 | 2.79,0.932,0.000,0,1,0,0,0,0,-1,0,0,0,,0,,0,,0,0,0,1
1723801265,387,2,2,8,8,12.871,0,0,0.30 | 0.31 | 0.31,0,1.43 | 1.81 | 2.28,0,1.76 | 2.21 | 2.79,0.932,0.000,0,1,0,0,0,0,-1,0,0,0,,0,,0,,0,0,0,1
1723801265,387,2,2,8,8,12.871,0,0,0.30 | 0.31 | 0.31,0,1.43 | 1.81 | 2.28,0,1.76 | 2.21 | 2.79,0.932,0.000,0,1,0,0,0,0,-1,0,0,0,,0,,0,,0,0,0,1
1723801265,387,2,2,8,8,12.871,0,0,0.30 | 0.31 | 0.31,0,1.43 | 1.81 | 2.28,0,1.76 | 2.21 | 2.79,0.932,0.000,0,1,0,0,0,0,-1,0,0,0,,0,,0,,0,0,0,1
1723801265,387,2,2,8,8,11.868,0,0,0.30 | 0.31 | 0.31,0,1.43 | 1.81 | 2.28,0,1.76 | 2.21 | 2.79,0.932,0.000,0,1,0,0,0,0,-1,0,0,0,,0,,0,,0,0,0,1
1723801265,387,2,2,8,8,11.868,0,0,0.30 | 0.31 | 0.31,0,1.43 | 1.81 | 2.28,0,1.76 | 2.21 | 2.79,0.932,0.000,0,1,0,0,0,0,-1,0,0,0,,0,,0,,0,0,0,1
1723801266,387,2,2,8,8,11.868,0,0,0.30 | 0.31 | 0.31,0,1.43 | 1.81 | 2.28,0,1.76 | 2.21 | 2.79,0.932,0.000,0,1,0,0,0,0,-1,0,0,0,,0,,0,,0,0,0,1
1723801266,387,2,2,8,8,11.868,0,0,0.30 | 0.31 | 0.31,0,1.43 | 1.81 | 2.28,0,1.76 | 2.21 | 2.79,0.932,0.000,0,1,0,0,0,0,-1,0,0,0,,0,,0,,0,0,0,1
1723801266,387,2,2,8,8,11.868,0,0,0.30 | 0.31 | 0.31,0,1.43 | 1.81 | 2.28,0,1.76 | 2.21 | 2.79,0.932,0.000,0,1,0,0,0,0,-1,0,0,0,,0,,0,,0,0,0,1
1723801266,387,2,2,8,8,11.868,0,0,0.30 | 0.31 | 0.31,0,1.43 | 1.81 | 2.28,0,1.76 | 2.21 | 2.79,0.932,0.000,0,1,0,0,0,0,-1,0,0,0,,0,,0,,0,0,0,1
1723801266,387,2,2,8,8,11.868,0,0,0.30 | 0.31 | 0.31,0,1.43 | 1.81 | 2.28,0,1.76 | 2.21 | 2.79,0.932,0.000,0,1,0,0,0,0,-1,0,0,0,,0,,0,,0,0,0,1
1723801266,387,2,2,8,8,11.868,0,0,0.30 | 0.31 | 0.31,0,1.43 | 1.81 | 2.28,0,1.76 | 2.21 | 2.79,0.932,0.000,0,1,0,0,0,0,-1,0,0,0,,0,,0,,0,0,0,1
1723801266,387,2,2,8,8,11.868,0,0,0.30 | 0.31 | 0.31,0,1.43 | 1.81 | 2.28,0,1.76 | 2.21 | 2.79,0.932,0.000,0,1,0,0,0,0,-1,0,0,0,,0,,0,,0,0,0,1
1723801266,387,2,2,8,8,11.868,0,0,0.30 | 0.31 | 0.31,0,1.43 | 1.81 | 2.28,0,1.76 | 2.21 | 2.79,0.932,0.000,0,1,0,0,0,0,-1,0,0,0,,0,,0,,0,0,0,1
1723801266,387,2,2,8,8,11.071,0,0,0.30 | 0.31 | 0.31,0,1.43 | 1.81 | 2.28,0,1.76 | 2.21 | 2.79,0.932,0.000,0,1,0,0,0,0,-1,0,0,0,,0,,0,,0,0,0,1
1723801266,387,2,2,8,8,11.071,0,0,0.30 | 0.31 | 0.31,0,1.43 | 1.81 | 2.28,0,1.76 | 2.21 | 2.79,0.932,0.000,0,1,0,0,0,0,-1,0,0,0,,0,,0,,0,0,0,1
1723801267,387,2,2,8,8,11.071,0,0,0.30 | 0.31 | 0.31,0,1.43 | 1.81 | 2.28,0,1.76 | 2.21 | 2.79,0.932,0.000,0,1,0,0,0,0,-1,0,0,0,,0,,0,,0,0,0,1
1723801267,387,2,2,8,8,11.071,0,0,0.30 | 0.31 | 0.31,0,1.43 | 1.81 | 2.28,0,1.76 | 2.21 | 2.79,0.932,0.000,0,1,0,0,0,0,-1,0,0,0,,0,,0,,0,0,0,1
1723801267,387,2,2,8,8,11.071,0,0,0.30 | 0.31 | 0.31,0,1.43 | 1.81 | 2.28,0,1.76 | 2.21 | 2.79,0.932,0.000,0,1,0,0,0,0,-1,0,0,0,,0,,0,,0,0,0,1
1723801267,387,2,2,8,8,11.071,0,0,0.30 | 0.31 | 0.31,0,1.43 | 1.81 | 2.28,0,1.76 | 2.21 | 2.79,0.932,0.000,0,1,0,0,0,0,-1,0,0,0,,0,,0,,0,0,0,1
1723801267,387,2,2,8,8,11.071,0,0,0.30 | 0.31 | 0.31,0,1.43 | 1.81 | 2.28,0,1.76 | 2.21 | 2.79,0.932,0.000,0,1,0,0,0,0,-1,0,0,0,,0,,0,,0,0,0,1
1723801267,387,2,2,8,8,11.071,0,0,0.30 | 0.31 | 0.31,0,1.43 | 1.81 | 2.28,0,1.76 | 2.21 | 2.79,0.932,0.000,0,1,0,0,0,0,-1,0,0,0,,0,,0,,0,0,0,1
1723801267,387,2,2,8,8,11.071,0,0,0.30 | 0.31 | 0.31,0,1.43 | 1.81 | 2.28,0,1.76 | 2.21 | 2.79,0.932,0.000,0,1,0,0,0,0,-1,0,0,0,,0,,0,,0,0,0,1
1723801267,387,2,2,8,8,11.071,0,0,0.30 | 0.31 | 0.31,0,1.43 | 1.81 | 2.28,0,1.76 | 2.21 | 2.79,0.932,0.000,0,1,0,0,0,0,-1,0,0,0,,0,,0,,0,0,0,1
1723801267,387,2,2,8,8,10.009,0,0,0.30 | 0.31 | 0.31,0,1.43 | 1.81 | 2.28,0,1.76 | 2.21 | 2.79,0.932,0.000,0,1,0,0,0,0,-1,0,0,0,,0,,0,,0,0,0,1
1723801267,387,2,2,8,8,10.009,0,0,0.30 | 0.31 | 0.31,0,1.43 | 1.81 | 2.28,0,1.76 | 2.21 | 2.79,0.932,0.000,0,1,0,0,0,0,-1,0,0,0,,0,,0,,0,0,0,1
1723801268,387,2,2,8,8,10.009,0,0,0.30 | 0.31 | 0.31,0,1.43 | 1.81 | 2.28,0,1.76 | 2.21 | 2.79,0.932,0.000,0,1,0,0,0,0,-1,0,0,0,,0,,0,,0,0,0,1
1723801268,387,2,2,8,8,10.009,0,0,0.30 | 0.31 | 0.31,0,1.43 | 1.81 | 2.28,0,1.76 | 2.21 | 2.79,0.932,0.000,0,1,0,0,0,0,-1,0,0,0,,0,,0,,0,0,0,1
1723801268,387,2,2,8,8,10.009,0,0,0.30 | 0.31 | 0.31,0,1.43 | 1.81 | 2.28,0,1.76 | 2.21 | 2.79,0.932,0.000,0,1,0,0,0,0,-1,0,0,0,,0,,0,,0,0,0,1
1723801268,387,2,2,8,8,10.009,0,0,0.30 | 0.31 | 0.31,0,1.43 | 1.81 | 2.28,0,1.76 | 2.21 | 2.79,0.932,0.000,0,1,0,0,0,0,-1,0,0,0,,0,,0,,0,0,0,1
1723801268,387,2,2,8,8,10.009,0,0,0.30 | 0.31 | 0.31,0,1.43 | 1.81 | 2.28,0,1.76 | 2.21 | 2.79,0.932,0.000,0,1,0,0,0,0,-1,0,0,0,,0,,0,,0,0,0,1
1723801268,387,2,2,8,8,10.009,0,0,0.30 | 0.31 | 0.31,0,1.43 | 1.81 | 2.28,0,1.76 | 2.21 | 2.79,0.932,0.000,0,1,0,0,0,0,-1,0,0,0,,0,,0,,0,0,0,1
1723801268,387,2,2,8,8,10.009,0,0,0.30 | 0.31 | 0.31,0,1.43 | 1.81 | 2.28,0,1.76 | 2.21 | 2.79,0.932,0.000,0,1,0,0,0,0,-1,0,0,0,,0,,0,,0,0,0,1
1723801268,387,2,2,8,8,10.009,0,0,0.30 | 0.31 | 0.31,0,1.43 | 1.81 | 2.28,0,1.76 | 2.21 | 2.79,0.932,0.000,0,1,0,0,0,0,-1,0,0,0,,0,,0,,0,0,0,1
1723801268,387,2,2,8,8,12.146,0,0,0.30 | 0.31 | 0.31,0,1.43 | 1.84 | 2.28,0,1.76 | 2.17 | 2.79,0.898,0.000,0,1,0,0,0,0,-1,0,0,0,,0,,0,,0,0,0,1
1723801268,387,2,2,8,8,12.146,0,0,0.30 | 0.31 | 0.31,0,1.43 | 1.84 | 2.28,0,1.76 | 2.17 | 2.79,0.898,0.000,0,1,0,0,0,0,-1,0,0,0,,0,,0,,0,0,0,1
1723801269,387,2,2,8,8,12.146,0,0,0.30 | 0.31 | 0.31,0,1.43 | 1.84 | 2.28,0,1.76 | 2.17 | 2.79,0.898,0.000,0,1,0,0,0,0,-1,0,0,0,,0,,0,,0,0,0,1
1723801269,387,2,2,8,8,12.146,0,0,0.30 | 0.31 | 0.31,0,1.43 | 1.84 | 2.28,0,1.76 | 2.17 | 2.79,0.898,0.000,0,1,0,0,0,0,-1,0,0,0,,0,,0,,0,0,0,1
1723801269,387,2,2,8,8,12.146,0,0,0.30 | 0.31 | 0.31,0,1.43 | 1.84 | 2.28,0,1.76 | 2.17 | 2.79,0.898,0.000,0,1,0,0,0,0,-1,0,0,0,,0,,0,,0,0,0,1
1723801269,387,2,2,8,8,12.146,0,0,0.30 | 0.31 | 0.31,0,1.43 | 1.84 | 2.28,0,1.76 | 2.17 | 2.79,0.898,0.000,0,1,0,0,0,0,-1,0,0,0,,0,,0,,0,0,0,1
1723801269,387,2,2,8,8,12.146,0,0,0.30 | 0.31 | 0.31,0,1.43 | 1.84 | 2.28,0,1.76 | 2.17 | 2.79,0.898,0.000,0,1,0,0,0,0,-1,0,0,0,,0,,0,,0,0,0,1
1723801269,387,2,2,8,8,12.146,0,0,0.30 | 0.31 | 0.31,0,1.43 | 1.84 | 2.28,0,1.76 | 2.17 | 2.79,0.898,0.000,0,1,0,0,0,0,-1,0,0,0,,0,,0,,0,0,0,1
1723801269,387,2,2,8,8,12.146,0,0,0.30 | 0.31 | 0.31,0,1.43 | 1.84 | 2.28,0,1.76 | 2.17 | 2.79,0.898,0.000,0,1,0,0,0,0,-1,0,0,0,,0,,0,,0,0,0,1
1723801269,387,2,2,8,8,12.146,0,0,0.30 | 0.31 | 0.31,0,1.43 | 1.84 | 2.28,0,1.76 | 2.17 | 2.79,0.898,0.000,0,1,0,0,0,0,-1,0,0,0,,0,,0,,0,0,0,1
1723801269,387,2,2,8,8,11.084,0,0,0.30 | 0.31 | 0.31,0,1.43 | 1.84 | 2.28,0,1.76 | 2.17 | 2.79,0.898,0.000,0,1,0,0,0,0,-1,0,0,0,,0,,0,,0,0,0,1
1723801269,387,2,2,8,8,11.084,0,0,0.30 | 0.31 | 0.31,0,1.43 | 1.84 | 2.28,0,1.76 | 2.17 | 2.79,0.898,0.000,0,1,0,0,0,0,-1,0,0,0,,0,,0,,0,0,0,1
1723801270,387,2,2,8,8,11.084,0,0,0.30 | 0.31 | 0.31,0,1.43 | 1.84 | 2.28,0,1.76 | 2.17 | 2.79,0.898,0.000,0,1,0,0,0,0,-1,0,0,0,,0,,0,,0,0,0,1
1723801270,387,2,2,8,8,11.084,0,0,0.30 | 0.31 | 0.31,0,1.43 | 1.84 | 2.28,0,1.76 | 2.17 | 2.79,0.898,0.000,0,1,0,0,0,0,-1,0,0,0,,0,,0,,0,0,0,1
1723801270,387,2,2,8,8,11.084,0,0,0.30 | 0.31 | 0.31,0,1.43 | 1.84 | 2.28,0,1.76 | 2.17 | 2.79,0.898,0.000,0,1,0,0,0,0,-1,0,0,0,,0,,0,,0,0,0,1
1723801270,387,2,2,8,8,11.084,0,0,0.30 | 0.31 | 0.31,0,1.43 | 1.84 | 2.28,0,1.76 | 2.17 | 2.79,0.898,0.000,0,1,0,0,0,0,-1,0,0,0,,0,,0,,0,0,0,1
1723801270,387,2,2,8,8,11.084,0,0,0.30 | 0.31 | 0.31,0,1.43 | 1.84 | 2.28,0,1.76 | 2.17 | 2.79,0.898,0.000,0,1,0,0,0,0,-1,0,0,0,,0,,0,,0,0,0,1
1723801270,387,2,2,8,8,11.084,0,0,0.30 | 0.31 | 0.31,0,1.43 | 1.84 | 2.28,0,1.76 | 2.17 | 2.79,0.898,0.000,0,1,0,0,0,0,-1,0,0,0,,0,,0,,0,0,0,1
1723801270,387,2,2,8,8,11.084,0,0,0.30 | 0.31 | 0.31,0,1.43 | 1.84 | 2.28,0,1.76 | 2.17 | 2.79,0.898,0.000,0,1,0,0,0,0,-1,0,0,0,,0,,0,,0,0,0,1
1723801270,387,2,2,8,8,11.084,0,0,0.30 | 0.31 | 0.31,0,1.43 | 1.84 | 2.28,0,1.76 | 2.17 | 2.79,0.898,0.000,0,1,0,0,0,0,-1,0,0,0,,0,,0,,0,0,0,1
1723801270,387,2,2,8,8,10.287,0,0,0.30 | 0.31 | 0.31,0,1.43 | 1.84 | 2.28,0,1.76 | 2.17 | 2.79,0.898,0.000,0,1,0,0,0,0,-1,0,0,0,,0,,0,,0,0,0,1
1723801270,387,2,2,8,8,10.287,0,0,0.30 | 0.31 | 0.31,0,1.43 | 1.84 | 2.28,0,1.76 | 2.17 | 2.79,0.898,0.000,0,1,0,0,0,0,-1,0,0,0,,0,,0,,0,0,0,1
1723801271,387,2,2,8,8,10.287,0,0,0.30 | 0.31 | 0.31,0,1.43 | 1.84 | 2.28,0,1.76 | 2.17 | 2.79,0.898,0.000,0,1,0,0,0,0,-1,0,0,0,,0,,0,,0,0,0,1
1723801271,387,2,2,8,8,10.287,0,0,0.30 | 0.31 | 0.31,0,1.43 | 1.84 | 2.28,0,1.76 | 2.17 | 2.79,0.898,0.000,0,1,0,0,0,0,-1,0,0,0,,0,,0,,0,0,0,1
1723801271,387,2,2,8,8,10.287,0,0,0.30 | 0.31 | 0.31,0,1.43 | 1.84 | 2.28,0,1.76 | 2.17 | 2.79,0.898,0.000,0,1,0,0,0,0,-1,0,0,0,,0,,0,,0,0,0,1
1723801271,387,2,2,8,8,10.287,0,0,0.30 | 0.31 | 0.31,0,1.43 | 1.84 | 2.28,0,1.76 | 2.17 | 2.79,0.898,0.000,0,1,0,0,0,0,-1,0,0,0,,0,,0,,0,0,0,1
1723801271,387,2,2,8,8,10.287,0,0,0.30 | 0.31 | 0.31,0,1.43 | 1.84 | 2.28,0,1.76 | 2.17 | 2.79,0.898,0.000,0,1,0,0,0,0,-1,0,0,0,,0,,0,,0,0,0,1
1723801271,387,2,2,8,8,10.287,0,0,0.30 | 0.31 | 0.31,0,1.43 | 1.84 | 2.28,0,1.76 | 2.17 | 2.79,0.898,0.000,0,1,0,0,0,0,-1,0,0,0,,0,,0,,0,0,0,1
1723801271,387,2,2,8,8,10.287,0,0,0.30 | 0.31 | 0.31,0,1.43 | 1.84 | 2.28,0,1.76 | 2.17 | 2.79,0.898,0.000,0,1,0,0,0,0,-1,0,0,0,,0,,0,,0,0,0,1
1723801271,387,2,2,8,8,10.287,0,0,0.30 | 0.31 | 0.31,0,1.43 | 1.84 | 2.28,0,1.76 | 2.17 | 2.79,0.898,0.000,0,1,0,0,0,0,-1,0,0,0,,0,,0,,0,0,0,1
1723801271,387,2,2,8,8,13.931,0,0,0.30 | 0.31 | 0.31,0,1.43 | 1.78 | 2.06,0,1.94 | 2.25 | 2.79,0.923,0.000,0,1,0,0,0,0,-1,0,0,0,,0,,0,,0,0,0,1
1723801271,387,2,2,8,8,13.931,0,0,0.30 | 0.31 | 0.31,0,1.43 | 1.78 | 2.06,0,1.94 | 2.25 | 2.79,0.923,0.000,0,1,0,0,0,0,-1,0,0,0,,0,,0,,0,0,0,1
1723801272,387,2,2,8,8,13.931,0,0,0.30 | 0.31 | 0.31,0,1.43 | 1.78 | 2.06,0,1.94 | 2.25 | 2.79,0.923,0.000,0,1,0,0,0,0,-1,0,0,0,,0,,0,,0,0,0,1
1723801272,387,2,2,8,8,13.931,0,0,0.30 | 0.31 | 0.31,0,1.43 | 1.78 | 2.06,0,1.94 | 2.25 | 2.79,0.923,0.000,0,1,0,0,0,0,-1,0,0,0,,0,,0,,0,0,0,1
1723801272,387,2,2,8,8,13.931,0,0,0.30 | 0.31 | 0.31,0,1.43 | 1.78 | 2.06,0,1.94 | 2.25 | 2.79,0.923,0.000,0,1,0,0,0,0,-1,0,0,0,,0,,0,,0,0,0,1
1723801272,387,2,2,8,8,13.931,0,0,0.30 | 0.31 | 0.31,0,1.43 | 1.78 | 2.06,0,1.94 | 2.25 | 2.79,0.923,0.000,0,1,0,0,0,0,-1,0,0,0,,0,,0,,0,0,0,1
1723801272,387,2,2,8,8,13.931,0,0,0.30 | 0.31 | 0.31,0,1.43 | 1.78 | 2.06,0,1.94 | 2.25 | 2.79,0.923,0.000,0,1,0,0,0,0,-1,0,0,0,,0,,0,,0,0,0,1
1723801272,387,2,2,8,8,13.931,0,0,0.30 | 0.31 | 0.31,0,1.43 | 1.78 | 2.06,0,1.94 | 2.25 | 2.79,0.923,0.000,0,1,0,0,0,0,-1,0,0,0,,0,,0,,0,0,0,1
1723801272,387,2,2,8,8,13.931,0,0,0.30 | 0.31 | 0.31,0,1.43 | 1.78 | 2.06,0,1.94 | 2.25 | 2.79,0.923,0.000,0,1,0,0,0,0,-1,0,0,0,,0,,0,,0,0,0,1
1723801272,387,2,2,8,8,13.931,0,0,0.30 | 0.31 | 0.31,0,1.43 | 1.78 | 2.06,0,1.94 | 2.25 | 2.79,0.923,0.000,0,1,0,0,0,0,-1,0,0,0,,0,,0,,0,0,0,1
1723801272,387,2,2,8,8,12.962,0,0,0.30 | 0.31 | 0.31,0,1.43 | 1.78 | 2.06,0,1.94 | 2.25 | 2.79,0.923,0.000,0,1,0,0,0,0,-1,0,0,0,,0,,0,,0,0,0,1
1723801272,387,2,2,8,8,12.962,0,0,0.30 | 0.31 | 0.31,0,1.43 | 1.78 | 2.06,0,1.94 | 2.25 | 2.79,0.923,0.000,0,1,0,0,0,0,-1,0,0,0,,0,,0,,0,0,0,1
1723801273,387,2,2,8,8,12.962,0,0,0.30 | 0.31 | 0.31,0,1.43 | 1.78 | 2.06,0,1.94 | 2.25 | 2.79,0.923,0.000,0,1,0,0,0,0,-1,0,0,0,,0,,0,,0,0,0,1
1723801273,387,2,2,8,8,12.962,0,0,0.30 | 0.31 | 0.31,0,1.43 | 1.78 | 2.06,0,1.94 | 2.25 | 2.79,0.923,0.000,0,1,0,0,0,0,-1,0,0,0,,0,,0,,0,0,0,1
1723801273,387,2,2,8,8,12.962,0,0,0.30 | 0.31 | 0.31,0,1.43 | 1.78 | 2.06,0,1.94 | 2.25 | 2.79,0.923,0.000,0,1,0,0,0,0,-1,0,0,0,,0,,0,,0,0,0,1
1723801273,387,2,2,8,8,12.962,0,0,0.30 | 0.31 | 0.31,0,1.43 | 1.78 | 2.06,0,1.94 | 2.25 | 2.79,0.923,0.000,0,1,0,0,0,0,-1,0,0,0,,0,,0,,0,0,0,1
1723801273,387,2,2,8,8,12.962,0,0,0.30 | 0.31 | 0.31,0,1.43 | 1.78 | 2.06,0,1.94 | 2.25 | 2.79,0.923,0.000,0,1,0,0,0,0,-1,0,0,0,,0,,0,,0,0,0,1
1723801273,387,2,2,8,8,12.962,0,0,0.30 | 0.31 | 0.31,0,1.43 | 1.78 | 2.06,0,1.94 | 2.25 | 2.79,0.923,0.000,0,1,0,0,0,0,-1,0,0,0,,0,,0,,0,0,0,1
1723801273,387,2,2,8,8,12.962,0,0,0.30 | 0.31 | 0.31,0,1.43 | 1.78 | 2.06,0,1.94 | 2.25 | 2.79,0.923,0.000,0,1,0,0,0,0,-1,0,0,0,,0,,0,,0,0,0,1
1723801273,387,2,2,8,8,12.962,0,0,0.30 | 0.31 | 0.31,0,1.43 | 1.78 | 2.06,0,1.94 | 2.25 | 2.79,0.923,0.000,0,1,0,0,0,0,-1,0,0,0,,0,,0,,0,0,0,1
1723801273,387,2,2,8,8,11.899,0,0,0.30 | 0.31 | 0.31,0,1.43 | 1.78 | 2.06,0,1.94 | 2.25 | 2.79,0.923,0.000,0,1,0,0,0,0,-1,0,0,0,,0,,0,,0,0,0,1
1723801273,387,2,2,8,8,11.899,0,0,0.30 | 0.31 | 0.31,0,1.43 | 1.78 | 2.06,0,1.94 | 2.25 | 2.79,0.923,0.000,0,1,0,0,0,0,-1,0,0,0,,0,,0,,0,0,0,1
1723801274,387,2,2,8,8,11.899,0,0,0.30 | 0.31 | 0.31,0,1.43 | 1.78 | 2.06,0,1.94 | 2.25 | 2.79,0.923,0.000,0,1,0,0,0,0,-1,0,0,0,,0,,0,,0,0,0,1
1723801274,387,2,2,8,8,11.899,0,0,0.30 | 0.31 | 0.31,0,1.43 | 1.78 | 2.06,0,1.94 | 2.25 | 2.79,0.923,0.000,0,1,0,0,0,0,-1,0,0,0,,0,,0,,0,0,0,1
1723801274,387,2,2,8,8,11.899,0,0,0.30 | 0.31 | 0.31,0,1.43 | 1.78 | 2.06,0,1.94 | 2.25 | 2.79,0.923,0.000,0,1,0,0,0,0,-1,0,0,0,,0,,0,,0,0,0,1
1723801274,387,2,2,8,8,11.899,0,0,0.30 | 0.31 | 0.31,0,1.43 | 1.78 | 2.06,0,1.94 | 2.25 | 2.79,0.923,0.000,0,1,0,0,0,0,-1,0,0,0,,0,,0,,0,0,0,1
1723801274,387,2,2,8,8,11.899,0,0,0.30 | 0.31 | 0.31,0,1.43 | 1.78 | 2.06,0,1.94 | 2.25 | 2.79,0.923,0.000,0,1,0,0,0,0,-1,0,0,0,,0,,0,,0,0,0,1
1723801274,387,2,2,8,8,11.899,0,0,0.30 | 0.31 | 0.31,0,1.43 | 1.78 | 2.06,0,1.94 | 2.25 | 2.79,0.923,0.000,0,1,0,0,0,0,-1,0,0,0,,0,,0,,0,0,0,1
1723801274,387,2,2,8,8,11.899,0,0,0.30 | 0.31 | 0.31,0,1.43 | 1.78 | 2.06,0,1.94 | 2.25 | 2.79,0.923,0.000,0,1,0,0,0,0,-1,0,0,0,,0,,0,,0,0,0,1
1723801274,387,2,2,8,8,11.899,0,0,0.30 | 0.31 | 0.31,0,1.43 | 1.78 | 2.06,0,1.94 | 2.25 | 2.79,0.923,0.000,0,1,0,0,0,0,-1,0,0,0,,0,,0,,0,0,0,1
1723801274,387,2,2,8,8,10.871,0,0,0.30 | 0.31 | 0.31,0,1.43 | 1.78 | 2.06,0,1.94 | 2.25 | 2.79,0.923,0.000,0,1,0,0,0,0,-1,0,0,0,,0,,0,,0,0,0,1
1723801274,387,2,2,8,8,10.871,0,0,0.30 | 0.31 | 0.31,0,1.43 | 1.78 | 2.06,0,1.94 | 2.25 | 2.79,0.923,0.000,0,1,0,0,0,0,-1,0,0,0,,0,,0,,0,0,0,1
1723801275,387,2,2,8,8,10.871,0,0,0.30 | 0.31 | 0.31,0,1.43 | 1.78 | 2.06,0,1.94 | 2.25 | 2.79,0.923,0.000,0,1,0,0,0,0,-1,0,0,0,,0,,0,,0,0,0,1
1723801275,387,2,2,8,8,10.871,0,0,0.30 | 0.31 | 0.31,0,1.43 | 1.78 | 2.06,0,1.94 | 2.25 | 2.79,0.923,0.000,0,1,0,0,0,0,-1,0,0,0,,0,,0,,0,0,0,1
1723801275,387,2,2,8,8,10.871,0,0,0.30 | 0.31 | 0.31,0,1.43 | 1.78 | 2.06,0,1.94 | 2.25 | 2.79,0.923,0.000,0,1,0,0,0,0,-1,0,0,0,,0,,0,,0,0,0,1
1723801275,387,2,2,8,8,10.871,0,0,0.30 | 0.31 | 0.31,0,1.43 | 1.78 | 2.06,0,1.94 | 2.25 | 2.79,0.923,0.000,0,1,0,0,0,0,-1,0,0,0,,0,,0,,0,0,0,1
1723801275,387,2,2,8,8,10.871,0,0,0.30 | 0.31 | 0.31,0,1.43 | 1.78 | 2.06,0,1.94 | 2.25 | 2.79,0.923,0.000,0,1,0,0,0,0,-1,0,0,0,,0,,0,,0,0,0,1
1723801275,387,2,2,8,8,10.871,0,0,0.30 | 0.31 | 0.31,0,1.43 | 1.78 | 2.06,0,1.94 | 2.25 | 2.79,0.923,0.000,0,1,0,0,0,0,-1,0,0,0,,0,,0,,0,0,0,1
1723801275,387,2,2,8,8,10.871,0,0,0.30 | 0.31 | 0.31,0,1.43 | 1.78 | 2.06,0,1.94 | 2.25 | 2.79,0.923,0.000,0,1,0,0,0,0,-1,0,0,0,,0,,0,,0,0,0,1
1723801275,387,2,2,8,8,10.871,0,0,0.30 | 0.31 | 0.31,0,1.43 | 1.78 | 2.06,0,1.94 | 2.25 | 2.79,0.923,0.000,0,1,0,0,0,0,-1,0,0,0,,0,,0,,0,0,0,1
1723801275,387,2,2,8,8,13.178,0,0,0.30 | 0.31 | 0.31,0,1.09 | 1.69 | 2.06,0,1.94 | 2.37 | 3.68,0.924,0.000,0,1,0,0,0,0,-1,0,0,0,,0,,0,,0,0,0,1
1723801275,387,2,2,8,8,13.178,0,0,0.30 | 0.31 | 0.31,0,1.09 | 1.69 | 2.06,0,1.94 | 2.37 | 3.68,0.924,0.000,0,1,0,0,0,0,-1,0,0,0,,0,,0,,0,0,0,1
1723801276,387,2,2,8,8,13.178,0,0,0.30 | 0.31 | 0.31,0,1.09 | 1.69 | 2.06,0,1.94 | 2.37 | 3.68,0.924,0.000,0,1,0,0,0,0,-1,0,0,0,,0,,0,,0,0,0,1
1723801276,387,2,2,8,8,13.178,0,0,0.30 | 0.31 | 0.31,0,1.09 | 1.69 | 2.06,0,1.94 | 2.37 | 3.68,0.924,0.000,0,1,0,0,0,0,-1,0,0,0,,0,,0,,0,0,0,1
1723801276,387,2,2,8,8,13.178,0,0,0.30 | 0.31 | 0.31,0,1.09 | 1.69 | 2.06,0,1.94 | 2.37 | 3.68,0.924,0.000,0,1,0,0,0,0,-1,0,0,0,,0,,0,,0,0,0,1
1723801276,387,2,2,8,8,13.178,0,0,0.30 | 0.31 | 0.31,0,1.09 | 1.69 | 2.06,0,1.94 | 2.37 | 3.68,0.924,0.000,0,1,0,0,0,0,-1,0,0,0,,0,,0,,0,0,0,1
1723801276,387,2,2,8,8,13.178,0,0,0.30 | 0.31 | 0.31,0,1.09 | 1.69 | 2.06,0,1.94 | 2.37 | 3.68,0.924,0.000,0,1,0,0,0,0,-1,0,0,0,,0,,0,,0,0,0,1
1723801276,387,2,2,8,8,13.178,0,0,0.30 | 0.31 | 0.31,0,1.09 | 1.69 | 2.06,0,1.94 | 2.37 | 3.68,0.924,0.000,0,1,0,0,0,0,-1,0,0,0,,0,,0,,0,0,0,1
1723801276,387,2,2,8,8,13.178,0,0,0.30 | 0.31 | 0.31,0,1.09 | 1.69 | 2.06,0,1.94 | 2.37 | 3.68,0.924,0.000,0,1,0,0,0,0,-1,0,0,0,,0,,0,,0,0,0,1
1723801276,387,2,2,8,8,13.178,0,0,0.30 | 0.31 | 0.31,0,1.09 | 1.69 | 2.06,0,1.94 | 2.37 | 3.68,0.924,0.000,0,1,0,0,0,0,-1,0,0,0,,0,,0,,0,0,0,1
1723801276,387,2,2,8,8,12.177,0,0,0.30 | 0.31 | 0.31,0,1.09 | 1.69 | 2.06,0,1.94 | 2.37 | 3.68,0.924,0.000,0,1,0,0,0,0,-1,0,0,0,,0,,0,,0,0,0,1
1723801276,387,2,2,8,8,12.177,0,0,0.30 | 0.31 | 0.31,0,1.09 | 1.69 | 2.06,0,1.94 | 2.37 | 3.68,0.924,0.000,0,1,0,0,0,0,-1,0,0,0,,0,,0,,0,0,0,1
1723801277,387,2,2,8,8,12.177,0,0,0.30 | 0.31 | 0.31,0,1.09 | 1.69 | 2.06,0,1.94 | 2.37 | 3.68,0.924,0.000,0,1,0,0,0,0,-1,0,0,0,,0,,0,,0,0,0,1
1723801277,387,2,2,8,8,12.177,0,0,0.30 | 0.31 | 0.31,0,1.09 | 1.69 | 2.06,0,1.94 | 2.37 | 3.68,0.924,0.000,0,1,0,0,0,0,-1,0,0,0,,0,,0,,0,0,0,1
1723801277,387,2,2,8,8,12.177,0,0,0.30 | 0.31 | 0.31,0,1.09 | 1.69 | 2.06,0,1.94 | 2.37 | 3.68,0.924,0.000,0,1,0,0,0,0,-1,0,0,0,,0,,0,,0,0,0,1
1723801277,580,2,3,8,8,12.177,0,0,0.30 | 0.31 | 0.31,0,1.09 | 1.69 | 2.06,0,1.94 | 2.37 | 3.68,0.924,0.000,0,1,0,0,0,0,-1,0,0,0,,0,,0,,0,0,0,1
1723801277,580,2,3,8,8,12.177,0,0,0.30 | 0.31 | 0.31,0,1.09 | 1.69 | 2.06,0,1.94 | 2.37 | 3.68,0.924,0.000,0,1,0,0,0,0,-1,0,0,0,,0,,0,,0,0,0,1
1723801277,580,2,3,8,8,12.177,0,0,0.30 | 0.31 | 0.31,0,1.09 | 1.69 | 2.06,0,1.94 | 2.37 | 3.68,0.924,0.000,0,1,0,0,0,0,-1,0,0,0,,0,,0,,0,0,0,1
1723801277,580,2,3,8,8,12.177,0,0,0.30 | 0.31 | 0.31,0,1.09 | 1.69 | 2.06,0,1.94 | 2.37 | 3.68,0.924,0.000,0,1,0,0,0,0,-1,0,0,0,,0,,0,,0,0,0,1
1723801277,580,2,3,8,8,12.177,0,0,0.30 | 0.31 | 0.31,0,1.09 | 1.69 | 2.06,0,1.94 | 2.37 | 3.68,0.924,0.000,0,1,0,0,0,0,-1,0,0,0,,0,,0,,0,0,0,1
1723801277,580,2,3,8,8,11.115,0,0,0.30 | 0.31 | 0.31,0,1.09 | 1.69 | 2.06,0,1.94 | 2.37 | 3.68,0.924,0.000,0,1,0,0,0,0,-1,0,0,0,,0,,0,,0,0,0,1
1723801277,580,2,3,8,8,11.115,0,0,0.30 | 0.31 | 0.31,0,1.09 | 1.69 | 2.06,0,1.94 | 2.37 | 3.68,0.924,0.000,0,1,0,0,0,0,-1,0,0,0,,0,,0,,0,0,0,1
1723801278,580,2,3,8,8,11.115,0,0,0.30 | 0.31 | 0.31,0,1.09 | 1.69 | 2.06,0,1.94 | 2.37 | 3.68,0.924,0.000,0,1,0,0,0,0,-1,0,0,0,,0,,0,,0,0,0,1
1723801278,580,2,3,8,8,11.115,0,0,0.30 | 0.31 | 0.31,0,1.09 | 1.69 | 2.06,0,1.94 | 2.37 | 3.68,0.924,0.000,0,1,0,0,0,0,-1,0,0,0,,0,,0,,0,0,0,1
1723801278,580,2,3,8,8,11.115,0,0,0.30 | 0.31 | 0.31,0,1.09 | 1.69 | 2.06,0,1.94 | 2.37 | 3.68,0.924,0.000,0,1,0,0,0,0,-1,0,0,0,,0,,0,,0,0,0,1
1723801278,580,2,3,8,8,11.115,0,0,0.30 | 0.31 | 0.31,0,1.09 | 1.69 | 2.06,0,1.94 | 2.37 | 3.68,0.924,0.000,0,1,0,0,0,0,-1,0,0,0,,0,,0,,0,0,0,1
1723801278,580,2,3,8,8,11.115,0,0,0.30 | 0.31 | 0.31,0,1.09 | 1.69 | 2.06,0,1.94 | 2.37 | 3.68,0.924,0.000,0,1,0,0,0,0,-1,0,0,0,,0,,0,,0,0,0,1
1723801278,580,2,3,8,8,11.115,0,0,0.30 | 0.31 | 0.31,0,1.09 | 1.69 | 2.06,0,1.94 | 2.37 | 3.68,0.924,0.000,0,1,0,0,0,0,-1,0,0,0,,0,,0,,0,0,0,1
1723801278,580,2,3,8,8,11.115,0,0,0.30 | 0.31 | 0.31,0,1.09 | 1.69 | 2.06,0,1.94 | 2.37 | 3.68,0.924,0.000,0,1,0,0,0,0,-1,0,0,0,,0,,0,,0,0,0,1
1723801278,580,2,3,8,8,11.115,0,0,0.30 | 0.31 | 0.31,0,1.09 | 1.69 | 2.06,0,1.94 | 2.37 | 3.68,0.924,0.000,0,1,0,0,0,0,-1,0,0,0,,0,,0,,0,0,0,1
1723801278,580,2,3,8,8,10.318,0,0,0.30 | 0.31 | 0.31,0,1.09 | 1.69 | 2.06,0,1.94 | 2.37 | 3.68,0.924,0.000,0,1,0,0,0,0,-1,0,0,0,,0,,0,,0,0,0,1
1723801278,580,2,3,8,8,10.318,0,0,0.30 | 0.31 | 0.31,0,1.09 | 1.69 | 2.06,0,1.94 | 2.37 | 3.68,0.924,0.000,0,1,0,0,0,0,-1,0,0,0,,0,,0,,0,0,0,1
1723801279,580,2,3,8,8,10.318,0,0,0.30 | 0.31 | 0.31,0,1.09 | 1.69 | 2.06,0,1.94 | 2.37 | 3.68,0.924,0.000,0,1,0,0,0,0,-1,0,0,0,,0,,0,,0,0,0,1
1723801279,580,2,3,8,8,10.318,0,0,0.30 | 0.31 | 0.31,0,1.09 | 1.69 | 2.06,0,1.94 | 2.37 | 3.68,0.924,0.000,0,1,0,0,0,0,-1,0,0,0,,0,,0,,0,0,0,1
1723801279,580,2,3,8,8,10.318,0,0,0.30 | 0.31 | 0.31,0,1.09 | 1.69 | 2.06,0,1.94 | 2.37 | 3.68,0.924,0.000,0,1,0,0,0,0,-1,0,0,0,,0,,0,,0,0,0,1
1723801279,580,2,3,8,8,10.318,0,0,0.30 | 0.31 | 0.31,0,1.09 | 1.69 | 2.06,0,1.94 | 2.37 | 3.68,0.924,0.000,0,1,0,0,0,0,-1,0,0,0,,0,,0,,0,0,0,1
1723801279,580,2,3,8,8,10.318,0,0,0.30 | 0.31 | 0.31,0,1.09 | 1.69 | 2.06,0,1.94 | 2.37 | 3.68,0.924,0.000,0,1,0,0,0,0,-1,0,0,0,,0,,0,,0,0,0,1
1723801279,580,2,3,8,8,10.318,0,0,0.30 | 0.31 | 0.31,0,1.09 | 1.69 | 2.06,0,1.94 | 2.37 | 3.68,0.924,0.000,0,1,0,0,0,0,-1,0,0,0,,0,,0,,0,0,0,1
1723801279,580,2,3,8,8,10.318,0,0,0.30 | 0.31 | 0.31,0,1.09 | 1.69 | 2.06,0,1.94 | 2.37 | 3.68,0.924,0.000,0,1,0,0,0,0,-1,0,0,0,,0,,0,,0,0,0,1
1723801279,580,2,3,8,8,10.318,0,0,0.30 | 0.31 | 0.31,0,1.09 | 1.69 | 2.06,0,1.94 | 2.37 | 3.68,0.924,0.000,0,1,0,0,0,0,-1,0,0,0,,0,,0,,0,0,0,1
1723801279,580,2,3,8,8,9.256,0,0,0.30 | 0.31 | 0.31,0,1.09 | 1.69 | 2.06,0,1.94 | 2.37 | 3.68,0.924,0.000,0,1,0,0,0,0,-1,0,0,0,,0,,0,,0,0,0,1
1723801279,580,2,3,8,8,9.256,0,0,0.30 | 0.31 | 0.31,0,1.09 | 1.69 | 2.06,0,1.94 | 2.37 | 3.68,0.924,0.000,0,1,0,0,0,0,-1,0,0,0,,0,,0,,0,0,0,1
1723801280,580,2,3,8,8,9.256,0,0,0.30 | 0.31 | 0.31,0,1.09 | 1.69 | 2.06,0,1.94 | 2.37 | 3.68,0.924,0.000,0,1,0,0,0,0,-1,0,0,0,,0,,0,,0,0,0,1
1723801280,580,2,3,8,8,9.256,0,0,0.30 | 0.31 | 0.31,0,1.09 | 1.69 | 2.06,0,1.94 | 2.37 | 3.68,0.924,0.000,0,1,0,0,0,0,-1,0,0,0,,0,,0,,0,0,0,1
1723801280,580,2,3,8,8,9.256,0,0,0.30 | 0.31 | 0.31,0,1.09 | 1.69 | 2.06,0,1.94 | 2.37 | 3.68,0.924,0.000,0,1,0,0,0,0,-1,0,0,0,,0,,0,,0,0,0,1
1723801280,580,2,3,8,8,9.256,0,0,0.30 | 0.31 | 0.31,0,1.09 | 1.69 | 2.06,0,1.94 | 2.37 | 3.68,0.924,0.000,0,1,0,0,0,0,-1,0,0,0,,0,,0,,0,0,0,1
1723801280,580,2,3,8,8,9.256,0,0,0.30 | 0.31 | 0.31,0,1.09 | 1.69 | 2.06,0,1.94 | 2.37 | 3.68,0.924,0.000,0,1,0,0,0,0,-1,0,0,0,,0,,0,,0,0,0,1
1723801280,580,2,3,8,8,9.256,0,0,0.30 | 0.31 | 0.31,0,1.09 | 1.69 | 2.06,0,1.94 | 2.37 | 3.68,0.924,0.000,0,1,0,0,0,0,-1,0,0,0,,0,,0,,0,0,0,1
1723801280,580,2,3,8,8,9.256,0,0,0.30 | 0.31 | 0.31,0,1.09 | 1.69 | 2.06,0,1.94 | 2.37 | 3.68,0.924,0.000,0,1,0,0,0,0,-1,0,0,0,,0,,0,,0,0,0,1
1723801280,580,2,3,8,8,9.256,0,0,0.30 | 0.31 | 0.31,0,1.09 | 1.69 | 2.06,0,1.94 | 2.37 | 3.68,0.924,0.000,0,1,0,0,0,0,-1,0,0,0,,0,,0,,0,0,0,1
1723801280,580,2,3,8,8,8.193,0,0,0.30 | 0.31 | 0.31,0,1.09 | 1.69 | 2.06,0,1.94 | 2.37 | 3.68,0.924,0.000,0,1,0,0,0,0,-1,0,0,0,,0,,0,,0,0,0,1
1723801281,580,2,3,8,8,8.193,0,0,0.30 | 0.31 | 0.31,0,1.09 | 1.69 | 2.06,0,1.94 | 2.37 | 3.68,0.924,0.000,0,1,0,0,0,0,-1,0,0,0,,0,,0,,0,0,0,1
1723801281,580,2,3,8,8,8.193,0,0,0.30 | 0.31 | 0.31,0,1.09 | 1.69 | 2.06,0,1.94 | 2.37 | 3.68,0.924,0.000,0,1,0,0,0,0,-1,0,0,0,,0,,0,,0,0,0,1
1723801281,580,2,3,8,8,8.193,0,0,0.30 | 0.31 | 0.31,0,1.09 | 1.69 | 2.06,0,1.94 | 2.37 | 3.68,0.924,0.000,0,1,0,0,0,0,-1,0,0,0,,0,,0,,0,0,0,1
1723801281,580,3,3,8,8,8.193,0,0,0.30 | 0.31 | 0.31,0,1.09 | 1.69 | 2.06,0,1.94 | 2.37 | 3.68,0.924,0.000,0,1,0,0,0,0,-1,0,0,0,,0,,0,,0,0,0,1
1723801281,580,3,3,8,8,8.193,0,0,0.30 | 0.31 | 0.31,0,1.09 | 1.69 | 2.06,0,1.94 | 2.37 | 3.68,0.924,0.000,0,1,0,0,0,0,-1,0,0,0,,0,,0,,0,0,0,1
1723801281,580,3,3,8,8,8.193,0,0,0.30 | 0.31 | 0.31,0,1.09 | 1.69 | 2.06,0,1.94 | 2.37 | 3.68,0.924,0.000,0,1,0,0,0,0,-1,0,0,0,,0,,0,,0,0,0,1
1723801281,580,3,3,8,8,8.193,0,0,0.30 | 0.31 | 0.31,0,1.09 | 1.69 | 2.06,0,1.94 | 2.37 | 3.68,0.924,0.000,0,1,0,0,0,0,-1,0,0,0,,0,,0,,0,0,0,1
1723801281,580,3,3,8,8,8.193,0,0,0.30 | 0.31 | 0.31,0,1.09 | 1.69 | 2.06,0,1.94 | 2.37 | 3.68,0.924,0.000,0,1,0,0,0,0,-1,0,0,0,,0,,0,,0,0,0,1
1723801281,580,3,3,8,8,8.193,0,0,0.30 | 0.31 | 0.31,0,1.09 | 1.69 | 2.06,0,1.94 | 2.37 | 3.68,0.924,0.000,0,1,0,0,0,0,-1,0,0,0,,0,,0,,0,0,0,1
1723801281,580,3,3,8,8,7.131,0,0,0.31 | 0.31 | 0.31,0,1.09 | 1.93 | 3.01,0,1.33 | 2.08 | 3.68,0.923,0.000,0,1,0,0,0,0,-1,0,0,0,,0,,0,,0,0,0,1
1723801281,580,3,3,8,8,7.131,0,0,0.31 | 0.31 | 0.31,0,1.09 | 1.93 | 3.01,0,1.33 | 2.08 | 3.68,0.923,0.000,0,1,0,0,0,0,-1,0,0,0,,0,,0,,0,0,0,1
1723801282,580,3,3,8,8,7.131,0,0,0.31 | 0.31 | 0.31,0,1.09 | 1.93 | 3.01,0,1.33 | 2.08 | 3.68,0.923,0.000,0,1,0,0,0,0,-1,0,0,0,,0,,0,,0,0,0,1
1723801282,580,3,3,8,8,7.131,0,0,0.31 | 0.31 | 0.31,0,1.09 | 1.93 | 3.01,0,1.33 | 2.08 | 3.68,0.923,0.000,0,1,0,0,0,0,-1,0,0,0,,0,,0,,0,0,0,1
1723801282,580,3,3,8,8,7.131,0,0,0.31 | 0.31 | 0.31,0,1.09 | 1.93 | 3.01,0,1.33 | 2.08 | 3.68,0.923,0.000,0,1,0,0,0,0,-1,0,0,0,,0,,0,,0,0,0,1
1723801282,580,3,3,8,8,7.131,0,0,0.31 | 0.31 | 0.31,0,1.09 | 1.93 | 3.01,0,1.33 | 2.08 | 3.68,0.923,0.000,0,1,0,0,0,0,-1,0,0,0,,0,,0,,0,0,0,1
1723801282,580,3,3,8,8,7.131,0,0,0.31 | 0.31 | 0.31,0,1.09 | 1.93 | 3.01,0,1.33 | 2.08 | 3.68,0.923,0.000,0,1,0,0,0,0,-1,0,0,0,,0,,0,,0,0,0,1
1723801282,580,3,3,8,8,7.131,0,0,0.31 | 0.31 | 0.31,0,1.09 | 1.93 | 3.01,0,1.33 | 2.08 | 3.68,0.923,0.000,0,1,0,0,0,0,-1,0,0,0,,0,,0,,0,0,0,1
1723801282,580,3,3,8,8,7.131,0,0,0.31 | 0.31 | 0.31,0,1.09 | 1.93 | 3.01,0,1.33 | 2.08 | 3.68,0.923,0.000,0,1,0,0,0,0,-1,0,0,0,,0,,0,,0,0,0,1
1723801282,580,3,3,8,8,7.131,0,0,0.31 | 0.31 | 0.31,0,1.09 | 1.93 | 3.01,0,1.33 | 2.08 | 3.68,0.923,0.000,0,1,0,0,0,0,-1,0,0,0,,0,,0,,0,0,0,1
1723801282,580,3,3,8,8,6.068,0,0,0.31 | 0.31 | 0.31,0,1.09 | 1.93 | 3.01,0,1.33 | 2.08 | 3.68,0.923,0.000,0,1,0,0,0,0,-1,0,0,0,,0,,0,,0,0,0,1
1723801282,580,3,3,8,8,6.068,0,0,0.31 | 0.31 | 0.31,0,1.09 | 1.93 | 3.01,0,1.33 | 2.08 | 3.68,0.923,0.000,0,1,0,0,0,0,-1,0,0,0,,0,,0,,0,0,0,1
1723801283,580,3,3,8,8,6.068,0,0,0.31 | 0.31 | 0.31,0,1.09 | 1.93 | 3.01,0,1.33 | 2.08 | 3.68,0.923,0.000,0,1,0,0,0,0,-1,0,0,0,,0,,0,,0,0,0,1
1723801283,580,3,3,8,8,6.068,0,0,0.31 | 0.31 | 0.31,0,1.09 | 1.93 | 3.01,0,1.33 | 2.08 | 3.68,0.923,0.000,0,1,0,0,0,0,-1,0,0,0,,0,,0,,0,0,0,1
1723801283,580,3,3,8,8,6.068,0,0,0.31 | 0.31 | 0.31,0,1.09 | 1.93 | 3.01,0,1.33 | 2.08 | 3.68,0.923,0.000,0,1,0,0,0,0,-1,0,0,0,,0,,0,,0,0,0,1
1723801283,580,3,3,8,8,6.068,0,0,0.31 | 0.31 | 0.31,0,1.09 | 1.93 | 3.01,0,1.33 | 2.08 | 3.68,0.923,0.000,0,1,0,0,0,0,-1,0,0,0,,0,,0,,0,0,0,1
1723801283,580,3,3,8,8,6.068,0,0,0.31 | 0.31 | 0.31,0,1.09 | 1.93 | 3.01,0,1.33 | 2.08 | 3.68,0.923,0.000,0,1,0,0,0,0,-1,0,0,0,,0,,0,,0,0,0,1
1723801283,580,3,3,8,8,6.068,0,0,0.31 | 0.31 | 0.31,0,1.09 | 1.93 | 3.01,0,1.33 | 2.08 | 3.68,0.923,0.000,0,1,0,0,0,0,-1,0,0,0,,0,,0,,0,0,0,1
1723801283,580,3,3,8,8,6.068,0,0,0.31 | 0.31 | 0.31,0,1.09 | 1.93 | 3.01,0,1.33 | 2.08 | 3.68,0.923,0.000,0,1,0,0,0,0,-1,0,0,0,,0,,0,,0,0,0,1
1723801283,580,3,3,8,8,6.068,0,0,0.31 | 0.31 | 0.31,0,1.09 | 1.93 | 3.01,0,1.33 | 2.08 | 3.68,0.923,0.000,0,1,0,0,0,0,-1,0,0,0,,0,,0,,0,0,0,1
1723801283,580,3,3,8,8,5.271,0,0,0.31 | 0.31 | 0.31,0,1.09 | 1.94 | 3.01,0,1.33 | 2.06 | 3.68,0.957,0.000,0,1,0,0,0,0,-1,0,0,0,,0,,0,,0,0,0,1
1723801283,580,3,3,8,8,5.271,0,0,0.31 | 0.31 | 0.31,0,1.09 | 1.94 | 3.01,0,1.33 | 2.06 | 3.68,0.957,0.000,0,1,0,0,0,0,-1,0,0,0,,0,,0,,0,0,0,1
1723801284,580,3,3,8,8,5.271,0,0,0.31 | 0.31 | 0.31,0,1.09 | 1.94 | 3.01,0,1.33 | 2.06 | 3.68,0.957,0.000,0,1,0,0,0,0,-1,0,0,0,,0,,0,,0,0,0,1
1723801284,580,3,3,8,8,5.271,0,0,0.31 | 0.31 | 0.31,0,1.09 | 1.94 | 3.01,0,1.33 | 2.06 | 3.68,0.957,0.000,0,1,0,0,0,0,-1,0,0,0,,0,,0,,0,0,0,1
1723801284,580,3,3,8,8,5.271,0,0,0.31 | 0.31 | 0.31,0,1.09 | 1.94 | 3.01,0,1.33 | 2.06 | 3.68,0.957,0.000,0,1,0,0,0,0,-1,0,0,0,,0,,0,,0,0,0,1
1723801284,580,3,3,8,8,5.271,0,0,0.31 | 0.31 | 0.31,0,1.09 | 1.94 | 3.01,0,1.33 | 2.06 | 3.68,0.957,0.000,0,1,0,0,0,0,-1,0,0,0,,0,,0,,0,0,0,1
1723801284,580,3,3,8,8,5.271,0,0,0.31 | 0.31 | 0.31,0,1.09 | 1.94 | 3.01,0,1.33 | 2.06 | 3.68,0.957,0.000,0,1,0,0,0,0,-1,0,0,0,,0,,0,,0,0,0,1
1723801284,580,3,3,8,8,5.271,0,0,0.31 | 0.31 | 0.31,0,1.09 | 1.94 | 3.01,0,1.33 | 2.06 | 3.68,0.957,0.000,0,1,0,0,0,0,-1,0,0,0,,0,,0,,0,0,0,1
1723801284,580,3,3,8,8,5.271,0,0,0.31 | 0.31 | 0.31,0,1.09 | 1.94 | 3.01,0,1.33 | 2.06 | 3.68,0.957,0.000,0,1,0,0,0,0,-1,0,0,0,,0,,0,,0,0,0,1
1723801284,580,3,3,8,8,5.271,0,0,0.31 | 0.31 | 0.31,0,1.09 | 1.94 | 3.01,0,1.33 | 2.06 | 3.68,0.957,0.000,0,1,0,0,0,0,-1,0,0,0,,0,,0,,0,0,0,1
1723801284,580,3,3,8,8,4.071,0,0,0.31 | 0.31 | 0.31,0,1.09 | 1.94 | 3.01,0,1.33 | 2.06 | 3.68,0.957,0.000,0,1,0,0,0,0,-1,0,0,0,,0,,0,,0,0,0,1
1723801284,580,3,3,8,8,4.071,0,0,0.31 | 0.31 | 0.31,0,1.09 | 1.94 | 3.01,0,1.33 | 2.06 | 3.68,0.957,0.000,0,1,0,0,0,0,-1,0,0,0,,0,,0,,0,0,0,1
1723801285,580,3,3,8,8,4.071,0,0,0.31 | 0.31 | 0.31,0,1.09 | 1.94 | 3.01,0,1.33 | 2.06 | 3.68,0.957,0.000,0,1,0,0,0,0,-1,0,0,0,,0,,0,,0,0,0,1
1723801285,580,3,3,8,8,4.071,0,0,0.31 | 0.31 | 0.31,0,1.09 | 1.94 | 3.01,0,1.33 | 2.06 | 3.68,0.957,0.000,0,1,0,0,0,0,-1,0,0,0,,0,,0,,0,0,0,1
1723801285,580,3,3,8,8,4.071,0,0,0.31 | 0.31 | 0.31,0,1.09 | 1.94 | 3.01,0,1.33 | 2.06 | 3.68,0.957,0.000,0,1,0,0,0,0,-1,0,0,0,,0,,0,,0,0,0,1
1723801285,580,3,3,8,8,4.071,0,0,0.31 | 0.31 | 0.31,0,1.09 | 1.94 | 3.01,0,1.33 | 2.06 | 3.68,0.957,0.000,0,1,0,0,0,0,-1,0,0,0,,0,,0,,0,0,0,1
1723801285,580,3,3,8,8,4.071,0,0,0.31 | 0.31 | 0.31,0,1.09 | 1.94 | 3.01,0,1.33 | 2.06 | 3.68,0.957,0.000,0,1,0,0,0,0,-1,0,0,0,,0,,0,,0,0,0,1
1723801285,580,3,3,8,8,4.071,0,0,0.31 | 0.31 | 0.31,0,1.09 | 1.94 | 3.01,0,1.33 | 2.06 | 3.68,0.957,0.000,0,1,0,0,0,0,-1,0,0,0,,0,,0,,0,0,0,1
1723801285,580,3,3,8,8,4.071,0,0,0.31 | 0.31 | 0.31,0,1.09 | 1.94 | 3.01,0,1.33 | 2.06 | 3.68,0.957,0.000,0,1,0,0,0,0,-1,0,0,0,,0,,0,,0,0,0,1
1723801285,580,3,3,8,8,4.071,0,0,0.31 | 0.31 | 0.31,0,1.09 | 1.94 | 3.01,0,1.33 | 2.06 | 3.68,0.957,0.000,0,1,0,0,0,0,-1,0,0,0,,0,,0,,0,0,0,1
1723801285,580,3,3,8,8,3.146,0,0,0.31 | 0.31 | 0.31,0,1.09 | 1.94 | 3.01,0,1.33 | 2.06 | 3.68,0.957,0.000,0,1,0,0,0,0,-1,0,0,0,,0,,0,,0,0,0,1
1723801285,580,3,3,8,8,3.146,0,0,0.31 | 0.31 | 0.31,0,1.09 | 1.94 | 3.01,0,1.33 | 2.06 | 3.68,0.957,0.000,0,1,0,0,0,0,-1,0,0,0,,0,,0,,0,0,0,1
1723801286,580,3,3,8,8,3.146,0,0,0.31 | 0.31 | 0.31,0,1.09 | 1.94 | 3.01,0,1.33 | 2.06 | 3.68,0.957,0.000,0,1,0,0,0,0,-1,0,0,0,,0,,0,,0,0,0,1
1723801286,772,3,4,8,8,3.146,0,0,0.31 | 0.31 | 0.31,0,1.09 | 1.94 | 3.01,0,1.33 | 2.06 | 3.68,0.957,0.000,0,1,0,0,0,0,-1,0,0,0,,0,,0,,0,0,0,1
1723801286,772,3,4,8,8,3.146,0,0,0.31 | 0.31 | 0.31,0,1.09 | 1.94 | 3.01,0,1.33 | 2.06 | 3.68,0.957,0.000,0,1,0,0,0,0,-1,0,0,0,,0,,0,,0,0,0,1
1723801286,772,3,4,8,8,3.146,0,0,0.31 | 0.31 | 0.31,0,1.09 | 1.94 | 3.01,0,1.33 | 2.06 | 3.68,0.957,0.000,0,1,0,0,0,0,-1,0,0,0,,0,,0,,0,0,0,1
1723801286,772,3,4,8,8,3.146,0,0,0.31 | 0.31 | 0.31,0,1.09 | 1.94 | 3.01,0,1.33 | 2.06 | 3.68,0.957,0.000,0,1,0,0,0,0,-1,0,0,0,,0,,0,,0,0,0,1
1723801286,772,3,4,8,8,3.146,0,0,0.31 | 0.31 | 0.31,0,1.09 | 1.94 | 3.01,0,1.33 | 2.06 | 3.68,0.957,0.000,0,1,0,0,0,0,-1,0,0,0,,0,,0,,0,0,0,1
1723801286,772,3,4,8,8,3.146,0,0,0.31 | 0.31 | 0.31,0,1.09 | 1.94 | 3.01,0,1.33 | 2.06 | 3.68,0.957,0.000,0,1,0,0,0,0,-1,0,0,0,,0,,0,,0,0,0,1
1723801286,772,3,4,8,8,3.146,0,0,0.31 | 0.31 | 0.31,0,1.09 | 1.94 | 3.01,0,1.33 | 2.06 | 3.68,0.957,0.000,0,1,0,0,0,0,-1,0,0,0,,0,,0,,0,0,0,1
1723801286,772,3,4,8,8,6.884,0,0,0.31 | 0.31 | 0.31,0,1.09 | 2.15 | 3.01,0,1.33 | 1.86 | 3.68,0.957,0.000,0,1,0,0,0,0,-1,0,0,0,,0,,0,,0,0,0,1
1723801286,772,3,4,8,8,6.884,0,0,0.31 | 0.31 | 0.31,0,1.09 | 2.15 | 3.01,0,1.33 | 1.86 | 3.68,0.957,0.000,0,1,0,0,0,0,-1,0,0,0,,0,,0,,0,0,0,1
1723801287,772,3,4,8,8,6.884,0,0,0.31 | 0.31 | 0.31,0,1.09 | 2.15 | 3.01,0,1.33 | 1.86 | 3.68,0.957,0.000,0,1,0,0,0,0,-1,0,0,0,,0,,0,,0,0,0,1
1723801287,772,3,4,8,8,6.884,0,0,0.31 | 0.31 | 0.31,0,1.09 | 2.15 | 3.01,0,1.33 | 1.86 | 3.68,0.957,0.000,0,1,0,0,0,0,-1,0,0,0,,0,,0,,0,0,0,1
1723801287,772,3,4,8,8,6.884,0,0,0.31 | 0.31 | 0.31,0,1.09 | 2.15 | 3.01,0,1.33 | 1.86 | 3.68,0.957,0.000,0,1,0,0,0,0,-1,0,0,0,,0,,0,,0,0,0,1
1723801287,772,3,4,8,8,6.884,0,0,0.31 | 0.31 | 0.31,0,1.09 | 2.15 | 3.01,0,1.33 | 1.86 | 3.68,0.957,0.000,0,1,0,0,0,0,-1,0,0,0,,0,,0,,0,0,0,1
1723801287,772,3,4,8,8,6.884,0,0,0.31 | 0.31 | 0.31,0,1.09 | 2.15 | 3.01,0,1.33 | 1.86 | 3.68,0.957,0.000,0,1,0,0,0,0,-1,0,0,0,,0,,0,,0,0,0,1
1723801287,772,3,4,8,8,6.884,0,0,0.31 | 0.31 | 0.31,0,1.09 | 2.15 | 3.01,0,1.33 | 1.86 | 3.68,0.957,0.000,0,1,0,0,0,0,-1,0,0,0,,0,,0,,0,0,0,1
1723801287,772,3,4,8,8,6.884,0,0,0.31 | 0.31 | 0.31,0,1.09 | 2.15 | 3.01,0,1.33 | 1.86 | 3.68,0.957,0.000,0,1,0,0,0,0,-1,0,0,0,,0,,0,,0,0,0,1
1723801287,772,3,4,8,8,6.884,0,0,0.31 | 0.31 | 0.31,0,1.09 | 2.15 | 3.01,0,1.33 | 1.86 | 3.68,0.957,0.000,0,1,0,0,0,0,-1,0,0,0,,0,,0,,0,0,0,1
1723801287,772,3,4,8,8,6.087,0,0,0.31 | 0.31 | 0.31,0,1.09 | 2.15 | 3.01,0,1.33 | 1.86 | 3.68,0.957,0.000,0,1,0,0,0,0,-1,0,0,0,,0,,0,,0,0,0,1
1723801287,772,3,4,8,8,6.087,0,0,0.31 | 0.31 | 0.31,0,1.09 | 2.15 | 3.01,0,1.33 | 1.86 | 3.68,0.957,0.000,0,1,0,0,0,0,-1,0,0,0,,0,,0,,0,0,0,1
1723801288,772,3,4,8,8,6.087,0,0,0.31 | 0.31 | 0.31,0,1.09 | 2.15 | 3.01,0,1.33 | 1.86 | 3.68,0.957,0.000,0,1,0,0,0,0,-1,0,0,0,,0,,0,,0,0,0,1
1723801288,772,3,4,8,8,6.087,0,0,0.31 | 0.31 | 0.31,0,1.09 | 2.15 | 3.01,0,1.33 | 1.86 | 3.68,0.957,0.000,0,1,0,0,0,0,-1,0,0,0,,0,,0,,0,0,0,1
1723801288,772,3,4,8,8,6.087,0,0,0.31 | 0.31 | 0.31,0,1.09 | 2.15 | 3.01,0,1.33 | 1.86 | 3.68,0.957,0.000,0,1,0,0,0,0,-1,0,0,0,,0,,0,,0,0,0,1
1723801288,772,3,4,8,8,6.087,0,0,0.31 | 0.31 | 0.31,0,1.09 | 2.15 | 3.01,0,1.33 | 1.86 | 3.68,0.957,0.000,0,1,0,0,0,0,-1,0,0,0,,0,,0,,0,0,0,1
1723801288,772,3,4,8,8,6.087,0,0,0.31 | 0.31 | 0.31,0,1.09 | 2.15 | 3.01,0,1.33 | 1.86 | 3.68,0.957,0.000,0,1,0,0,0,0,-1,0,0,0,,0,,0,,0,0,0,1
1723801288,772,3,4,8,8,6.087,0,0,0.31 | 0.31 | 0.31,0,1.09 | 2.15 | 3.01,0,1.33 | 1.86 | 3.68,0.957,0.000,0,1,0,0,0,0,-1,0,0,0,,0,,0,,0,0,0,1
1723801288,772,3,4,8,8,6.087,0,0,0.31 | 0.31 | 0.31,0,1.09 | 2.15 | 3.01,0,1.33 | 1.86 | 3.68,0.957,0.000,0,1,0,0,0,0,-1,0,0,0,,0,,0,,0,0,0,1
1723801288,772,3,4,8,8,6.087,0,0,0.31 | 0.31 | 0.31,0,1.09 | 2.15 | 3.01,0,1.33 | 1.86 | 3.68,0.957,0.000,0,1,0,0,0,0,-1,0,0,0,,0,,0,,0,0,0,1
1723801288,772,3,4,8,8,5.024,0,0,0.31 | 0.31 | 0.31,0,1.09 | 2.15 | 3.01,0,1.33 | 1.86 | 3.68,0.957,0.000,0,1,0,0,0,0,-1,0,0,0,,0,,0,,0,0,0,1
1723801288,772,3,4,8,8,5.024,0,0,0.31 | 0.31 | 0.31,0,1.09 | 2.15 | 3.01,0,1.33 | 1.86 | 3.68,0.957,0.000,0,1,0,0,0,0,-1,0,0,0,,0,,0,,0,0,0,1
1723801289,772,3,4,8,8,5.024,0,0,0.31 | 0.31 | 0.31,0,1.09 | 2.15 | 3.01,0,1.33 | 1.86 | 3.68,0.957,0.000,0,1,0,0,0,0,-1,0,0,0,,0,,0,,0,0,0,1
1723801289,772,3,4,8,8,5.024,0,0,0.31 | 0.31 | 0.31,0,1.09 | 2.15 | 3.01,0,1.33 | 1.86 | 3.68,0.957,0.000,0,1,0,0,0,0,-1,0,0,0,,0,,0,,0,0,0,1
1723801289,772,3,4,8,8,5.024,0,0,0.31 | 0.31 | 0.31,0,1.09 | 2.15 | 3.01,0,1.33 | 1.86 | 3.68,0.957,0.000,0,1,0,0,0,0,-1,0,0,0,,0,,0,,0,0,0,1
1723801289,772,3,4,8,8,5.024,0,0,0.31 | 0.31 | 0.31,0,1.09 | 2.15 | 3.01,0,1.33 | 1.86 | 3.68,0.957,0.000,0,1,0,0,0,0,-1,0,0,0,,0,,0,,0,0,0,1
1723801289,772,3,4,8,8,5.024,0,0,0.31 | 0.31 | 0.31,0,1.09 | 2.15 | 3.01,0,1.33 | 1.86 | 3.68,0.957,0.000,0,1,0,0,0,0,-1,0,0,0,,0,,0,,0,0,0,1
1723801289,772,3,4,8,8,5.024,0,0,0.31 | 0.31 | 0.31,0,1.09 | 2.15 | 3.01,0,1.33 | 1.86 | 3.68,0.957,0.000,0,1,0,0,0,0,-1,0,0,0,,0,,0,,0,0,0,1
1723801289,772,3,4,8,8,5.024,0,0,0.31 | 0.31 | 0.31,0,1.09 | 2.15 | 3.01,0,1.33 | 1.86 | 3.68,0.957,0.000,0,1,0,0,0,0,-1,0,0,0,,0,,0,,0,0,0,1
1723801289,772,3,4,8,8,5.024,0,0,0.31 | 0.31 | 0.31,0,1.09 | 2.15 | 3.01,0,1.33 | 1.86 | 3.68,0.957,0.000,0,1,0,0,0,0,-1,0,0,0,,0,,0,,0,0,0,1
1723801289,772,3,4,8,8,3.962,0,0,0.31 | 0.31 | 0.31,0,1.09 | 2.15 | 3.01,0,1.33 | 1.86 | 3.68,0.957,0.000,0,1,0,0,0,0,-1,0,0,0,,0,,0,,0,0,0,1
1723801289,772,3,4,8,8,3.962,0,0,0.31 | 0.31 | 0.31,0,1.09 | 2.15 | 3.01,0,1.33 | 1.86 | 3.68,0.957,0.000,0,1,0,0,0,0,-1,0,0,0,,0,,0,,0,0,0,1
1723801290,772,3,4,8,8,3.962,0,0,0.31 | 0.31 | 0.31,0,1.09 | 2.15 | 3.01,0,1.33 | 1.86 | 3.68,0.957,0.000,0,1,0,0,0,0,-1,0,0,0,,0,,0,,0,0,0,1
1723801290,772,3,4,8,8,3.962,0,0,0.31 | 0.31 | 0.31,0,1.09 | 2.15 | 3.01,0,1.33 | 1.86 | 3.68,0.957,0.000,0,1,0,0,0,0,-1,0,0,0,,0,,0,,0,0,0,1
1723801290,772,3,4,8,8,3.962,0,0,0.31 | 0.31 | 0.31,0,1.09 | 2.15 | 3.01,0,1.33 | 1.86 | 3.68,0.957,0.000,0,1,0,0,0,0,-1,0,0,0,,0,,0,,0,0,0,1
1723801290,772,3,4,8,8,3.962,0,0,0.31 | 0.31 | 0.31,0,1.09 | 2.15 | 3.01,0,1.33 | 1.86 | 3.68,0.957,0.000,0,1,0,0,0,0,-1,0,0,0,,0,,0,,0,0,0,1
1723801290,772,3,4,8,8,3.962,0,0,0.31 | 0.31 | 0.31,0,1.09 | 2.15 | 3.01,0,1.33 | 1.86 | 3.68,0.957,0.000,0,1,0,0,0,0,-1,0,0,0,,0,,0,,0,0,0,1
1723801290,194,3,1,8,8,3.962,0,0,0.31 | 0.31 | 0.31,0,1.09 | 2.15 | 3.01,0,1.33 | 1.86 | 3.68,0.957,0.000,0,1,0,0,0,0,-1,0,0,0,,0,,0,,0,0,0,1
1723801290,194,3,1,8,8,3.962,0,0,0.31 | 0.31 | 0.31,0,1.09 | 2.15 | 3.01,0,1.33 | 1.86 | 3.68,0.957,0.000,0,1,0,0,0,0,-1,0,0,0,,0,,0,,0,0,0,1
1723801290,194,4,1,8,8,3.962,0,0,0.31 | 0.31 | 0.31,0,1.09 | 2.15 | 3.01,0,1.33 | 1.86 | 3.68,0.957,0.000,0,1,0,0,0,0,-1,0,0,0,,0,,0,,0,0,0,1
1723801290,194,4,1,8,8,2.884,0,0,0.31 | 0.31 | 0.31,0,1.66 | 2.83 | 3.81,0,1.05 | 1.41 | 2.41,0.954,0.000,0,1,0,0,0,0,-1,0,0,0,,0,,0,,0,0,0,1
1723801290,194,4,1,8,8,2.884,0,0,0.31 | 0.31 | 0.31,0,1.66 | 2.83 | 3.81,0,1.05 | 1.41 | 2.41,0.954,0.000,0,1,0,0,0,0,-1,0,0,0,,0,,0,,0,0,0,1
1723801291,194,4,1,8,8,2.884,0,0,0.31 | 0.31 | 0.31,0,1.66 | 2.83 | 3.81,0,1.05 | 1.41 | 2.41,0.954,0.000,0,1,0,0,0,0,-1,0,0,0,,0,,0,,0,0,0,1
1723801291,194,4,1,8,8,2.884,0,0,0.31 | 0.31 | 0.31,0,1.66 | 2.83 | 3.81,0,1.05 | 1.41 | 2.41,0.954,0.000,0,1,0,0,0,0,-1,0,0,0,,0,,0,,0,0,0,1
1723801291,194,4,1,8,8,2.884,0,0,0.31 | 0.31 | 0.31,0,1.66 | 2.83 | 3.81,0,1.05 | 1.41 | 2.41,0.954,0.000,0,1,0,0,0,0,-1,0,0,0,,0,,0,,0,0,0,1
1723801291,194,4,1,8,8,2.884,0,0,0.31 | 0.31 | 0.31,0,1.66 | 2.83 | 3.81,0,1.05 | 1.41 | 2.41,0.954,0.000,0,1,0,0,0,0,-1,0,0,0,,0,,0,,0,0,0,1
1723801291,194,4,1,8,8,2.884,0,0,0.31 | 0.31 | 0.31,0,1.66 | 2.83 | 3.81,0,1.05 | 1.41 | 2.41,0.954,0.000,0,1,0,0,0,0,-1,0,0,0,,0,,0,,0,0,0,1
1723801291,194,4,1,8,8,2.884,0,0,0.31 | 0.31 | 0.31,0,1.66 | 2.83 | 3.81,0,1.05 | 1.41 | 2.41,0.954,0.000,0,1,0,0,0,0,-1,0,0,0,,0,,0,,0,0,0,1
1723801291,194,4,1,8,8,2.884,0,0,0.31 | 0.31 | 0.31,0,1.66 | 2.83 | 3.81,0,1.05 | 1.41 | 2.41,0.954,0.000,0,1,0,0,0,0,-1,0,0,0,,0,,0,,0,0,0,1
1723801291,194,4,1,8,8,2.884,0,0,0.31 | 0.31 | 0.31,0,1.66 | 2.83 | 3.81,0,1.05 | 1.41 | 2.41,0.954,0.000,0,1,0,0,0,0,-1,0,0,0,,0,,0,,0,0,0,1
1723801291,387,4,2,8,8,2.103,0,0,0.31 | 0.31 | 0.31,0,1.66 | 2.83 | 3.81,0,1.05 | 1.41 | 2.41,0.954,0.000,0,1,0,0,0,0,-1,0,0,0,,0,,0,,0,0,0,1
1723801291,387,4,2,8,8,2.103,0,0,0.31 | 0.31 | 0.31,0,1.66 | 2.83 | 3.81,0,1.05 | 1.41 | 2.41,0.954,0.000,0,1,0,0,0,0,-1,0,0,0,,0,,0,,0,0,0,1
1723801292,387,4,2,8,8,2.103,0,0,0.31 | 0.31 | 0.31,0,1.66 | 2.83 | 3.81,0,1.05 | 1.41 | 2.41,0.954,0.000,0,1,0,0,0,0,-1,0,0,0,,0,,0,,0,0,0,1
1723801292,387,4,2,8,8,2.103,0,0,0.31 | 0.31 | 0.31,0,1.66 | 2.83 | 3.81,0,1.05 | 1.41 | 2.41,0.954,0.000,0,1,0,0,0,0,-1,0,0,0,,0,,0,,0,0,0,1
1723801292,387,4,2,8,8,2.103,0,0,0.31 | 0.31 | 0.31,0,1.66 | 2.83 | 3.81,0,1.05 | 1.41 | 2.41,0.954,0.000,0,1,0,0,0,0,-1,0,0,0,,0,,0,,0,0,0,1
1723801292,387,4,2,8,8,2.103,0,0,0.31 | 0.31 | 0.31,0,1.66 | 2.83 | 3.81,0,1.05 | 1.41 | 2.41,0.954,0.000,0,1,0,0,0,0,-1,0,0,0,,0,,0,,0,0,0,1
1723801292,387,4,2,8,8,2.103,0,0,0.31 | 0.31 | 0.31,0,1.66 | 2.83 | 3.81,0,1.05 | 1.41 | 2.41,0.954,0.000,0,1,0,0,0,0,-1,0,0,0,,0,,0,,0,0,0,1
1723801292,387,4,2,8,8,2.103,0,0,0.31 | 0.31 | 0.31,0,1.66 | 2.83 | 3.81,0,1.05 | 1.41 | 2.41,0.954,0.000,0,1,0,0,0,0,-1,0,0,0,,0,,0,,0,0,0,1
1723801292,387,4,2,8,8,2.103,0,0,0.31 | 0.31 | 0.31,0,1.66 | 2.83 | 3.81,0,1.05 | 1.41 | 2.41,0.954,0.000,0,1,0,0,0,0,-1,0,0,0,,0,,0,,0,0,0,1
1723801292,387,4,2,8,8,2.103,0,0,0.31 | 0.31 | 0.31,0,1.66 | 2.83 | 3.81,0,1.05 | 1.41 | 2.41,0.954,0.000,0,1,0,0,0,0,-1,0,0,0,,0,,0,,0,0,0,1
1723801292,387,1,2,8,8,4.24,0,0,0.31 | 0.31 | 0.31,0,0.69 | 2.25 | 3.81,0,1.05 | 1.78 | 5.83,0.959,0.000,0,1,0,0,0,0,-1,0,0,0,,0,,0,,0,0,0,1
1723801292,387,1,2,8,8,4.24,0,0,0.31 | 0.31 | 0.31,0,0.69 | 2.25 | 3.81,0,1.05 | 1.78 | 5.83,0.959,0.000,0,1,0,0,0,0,-1,0,0,0,,0,,0,,0,0,0,1
1723801293,387,1,2,8,8,4.24,0,0,0.31 | 0.31 | 0.31,0,0.69 | 2.25 | 3.81,0,1.05 | 1.78 | 5.83,0.959,0.000,0,1,0,0,0,0,-1,0,0,0,,0,,0,,0,0,0,1
1723801293,387,1,2,8,8,4.24,0,0,0.31 | 0.31 | 0.31,0,0.69 | 2.25 | 3.81,0,1.05 | 1.78 | 5.83,0.959,0.000,0,1,0,0,0,0,-1,0,0,0,,0,,0,,0,0,0,1
1723801293,387,1,2,8,8,4.24,0,0,0.31 | 0.31 | 0.31,0,0.69 | 2.25 | 3.81,0,1.05 | 1.78 | 5.83,0.959,0.000,0,1,0,0,0,0,-1,0,0,0,,0,,0,,0,0,0,1
1723801293,387,1,2,8,8,4.24,0,0,0.31 | 0.31 | 0.31,0,0.69 | 2.25 | 3.81,0,1.05 | 1.78 | 5.83,0.959,0.000,0,1,0,0,0,0,-1,0,0,0,,0,,0,,0,0,0,1
1723801293,387,1,2,8,8,4.24,0,0,0.31 | 0.31 | 0.31,0,0.69 | 2.25 | 3.81,0,1.05 | 1.78 | 5.83,0.959,0.000,0,1,0,0,0,0,-1,0,0,0,,0,,0,,0,0,0,1
1723801293,387,1,2,8,8,4.24,0,0,0.31 | 0.31 | 0.31,0,0.69 | 2.25 | 3.81,0,1.05 | 1.78 | 5.83,0.959,0.000,0,1,0,0,0,0,-1,0,0,0,,0,,0,,0,0,0,1
1723801293,387,1,2,8,8,4.24,0,0,0.31 | 0.31 | 0.31,0,0.69 | 2.25 | 3.81,0,1.05 | 1.78 | 5.83,0.959,0.000,0,1,0,0,0,0,-1,0,0,0,,0,,0,,0,0,0,1
1723801293,387,1,2,8,8,4.24,0,0,0.31 | 0.31 | 0.31,0,0.69 | 2.25 | 3.81,0,1.05 | 1.78 | 5.83,0.959,0.000,0,1,0,0,0,0,-1,0,0,0,,0,,0,,0,0,0,1
1723801293,387,1,2,8,8,3.177,0,0,0.31 | 0.31 | 0.31,0,0.69 | 2.25 | 3.81,0,1.05 | 1.78 | 5.83,0.959,0.000,0,1,0,0,0,0,-1,0,0,0,,0,,0,,0,0,0,1
1723801293,387,1,2,8,8,3.177,0,0,0.31 | 0.31 | 0.31,0,0.69 | 2.25 | 3.81,0,1.05 | 1.78 | 5.83,0.959,0.000,0,1,0,0,0,0,-1,0,0,0,,0,,0,,0,0,0,1
1723801294,387,1,2,8,8,3.177,0,0,0.31 | 0.31 | 0.31,0,0.69 | 2.25 | 3.81,0,1.05 | 1.78 | 5.83,0.959,0.000,0,1,0,0,0,0,-1,0,0,0,,0,,0,,0,0,0,1
1723801294,387,1,2,8,8,3.177,0,0,0.31 | 0.31 | 0.31,0,0.69 | 2.25 | 3.81,0,1.05 | 1.78 | 5.83,0.959,0.000,0,1,0,0,0,0,-1,0,0,0,,0,,0,,0,0,0,1
1723801294,387,1,2,8,8,3.177,0,0,0.31 | 0.31 | 0.31,0,0.69 | 2.25 | 3.81,0,1.05 | 1.78 | 5.83,0.959,0.000,0,1,0,0,0,0,-1,0,0,0,,0,,0,,0,0,0,1
1723801294,387,1,2,8,8,3.177,0,0,0.31 | 0.31 | 0.31,0,0.69 | 2.25 | 3.81,0,1.05 | 1.78 | 5.83,0.959,0.000,0,1,0,0,0,0,-1,0,0,0,,0,,0,,0,0,0,1
1723801294,387,1,2,8,8,3.177,0,0,0.31 | 0.31 | 0.31,0,0.69 | 2.25 | 3.81,0,1.05 | 1.78 | 5.83,0.959,0.000,0,1,0,0,0,0,-1,0,0,0,,0,,0,,0,0,0,1
1723801294,387,1,2,8,8,3.177,0,0,0.31 | 0.31 | 0.31,0,0.69 | 2.25 | 3.81,0,1.05 | 1.78 | 5.83,0.959,0.000,0,1,0,0,0,0,-1,0,0,0,,0,,0,,0,0,0,1
1723801294,387,1,2,8,8,3.177,0,0,0.31 | 0.31 | 0.31,0,0.69 | 2.25 | 3.81,0,1.05 | 1.78 | 5.83,0.959,0.000,0,1,0,0,0,0,-1,0,0,0,,0,,0,,0,0,0,1
1723801294,387,1,2,8,8,3.177,0,0,0.31 | 0.31 | 0.31,0,0.69 | 2.25 | 3.81,0,1.05 | 1.78 | 5.83,0.959,0.000,0,1,0,0,0,0,-1,0,0,0,,0,,0,,0,0,0,1
1723801294,580,1,3,8,8,2.071,0,0,0.31 | 0.31 | 0.31,0,0.69 | 2.25 | 3.81,0,1.05 | 1.78 | 5.83,0.959,0.000,0,1,0,0,0,0,-1,0,0,0,,0,,0,,0,0,0,1
1723801294,580,1,3,8,8,2.071,0,0,0.31 | 0.31 | 0.31,0,0.69 | 2.25 | 3.81,0,1.05 | 1.78 | 5.83,0.959,0.000,0,1,0,0,0,0,-1,0,0,0,,0,,0,,0,0,0,1
1723801295,580,1,3,8,8,2.071,0,0,0.31 | 0.31 | 0.31,0,0.69 | 2.25 | 3.81,0,1.05 | 1.78 | 5.83,0.959,0.000,0,1,0,0,0,0,-1,0,0,0,,0,,0,,0,0,0,1
1723801295,580,1,3,8,8,2.071,0,0,0.31 | 0.31 | 0.31,0,0.69 | 2.25 | 3.81,0,1.05 | 1.78 | 5.83,0.959,0.000,0,1,0,0,0,0,-1,0,0,0,,0,,0,,0,0,0,1
1723801295,580,1,3,8,8,2.071,0,0,0.31 | 0.31 | 0.31,0,0.69 | 2.25 | 3.81,0,1.05 | 1.78 | 5.83,0.959,0.000,0,1,0,0,0,0,-1,0,0,0,,0,,0,,0,0,0,1
1723801295,580,1,3,8,8,2.071,0,0,0.31 | 0.31 | 0.31,0,0.69 | 2.25 | 3.81,0,1.05 | 1.78 | 5.83,0.959,0.000,0,1,0,0,0,0,-1,0,0,0,,0,,0,,0,0,0,1
1723801295,580,1,3,8,8,2.071,0,0,0.31 | 0.31 | 0.31,0,0.69 | 2.25 | 3.81,0,1.05 | 1.78 | 5.83,0.959,0.000,0,1,0,0,0,0,-1,0,0,0,,0,,0,,0,0,0,1
1723801295,580,1,3,8,8,2.071,0,0,0.31 | 0.31 | 0.31,0,0.69 | 2.25 | 3.81,0,1.05 | 1.78 | 5.83,0.959,0.000,0,1,0,0,0,0,-1,0,0,0,,0,,0,,0,0,0,1
1723801295,580,1,3,8,8,2.071,0,0,0.31 | 0.31 | 0.31,0,0.69 | 2.25 | 3.81,0,1.05 | 1.78 | 5.83,0.959,0.000,0,1,0,0,0,0,-1,0,0,0,,0,,0,,0,0,0,1
1723801295,580,1,3,8,8,2.071,0,0,0.31 | 0.31 | 0.31,0,0.69 | 2.25 | 3.81,0,1.05 | 1.78 | 5.83,0.959,0.000,0,1,0,0,0,0,-1,0,0,0,,0,,0,,0,0,0,1
1723801295,580,1,3,8,8,6.118,0,0,0.31 | 0.31 | 0.31,0,0.69 | 2.41 | 3.81,0,1.05 | 1.66 | 5.83,0.958,0.000,0,1,0,0,0,0,-1,0,0,0,,0,,0,,0,0,0,1
1723801295,580,1,3,8,8,6.118,0,0,0.31 | 0.31 | 0.31,0,0.69 | 2.41 | 3.81,0,1.05 | 1.66 | 5.83,0.958,0.000,0,1,0,0,0,0,-1,0,0,0,,0,,0,,0,0,0,1
1723801296,580,1,3,8,8,6.118,0,0,0.31 | 0.31 | 0.31,0,0.69 | 2.41 | 3.81,0,1.05 | 1.66 | 5.83,0.958,0.000,0,1,0,0,0,0,-1,0,0,0,,0,,0,,0,0,0,1
1723801296,580,1,3,8,8,6.118,0,0,0.31 | 0.31 | 0.31,0,0.69 | 2.41 | 3.81,0,1.05 | 1.66 | 5.83,0.958,0.000,0,1,0,0,0,0,-1,0,0,0,,0,,0,,0,0,0,1
1723801296,580,1,3,8,8,6.118,0,0,0.31 | 0.31 | 0.31,0,0.69 | 2.41 | 3.81,0,1.05 | 1.66 | 5.83,0.958,0.000,0,1,0,0,0,0,-1,0,0,0,,0,,0,,0,0,0,1
1723801296,580,1,3,8,8,6.118,0,0,0.31 | 0.31 | 0.31,0,0.69 | 2.41 | 3.81,0,1.05 | 1.66 | 5.83,0.958,0.000,0,1,0,0,0,0,-1,0,0,0,,0,,0,,0,0,0,1
1723801296,580,1,3,8,8,6.118,0,0,0.31 | 0.31 | 0.31,0,0.69 | 2.41 | 3.81,0,1.05 | 1.66 | 5.83,0.958,0.000,0,1,0,0,0,0,-1,0,0,0,,0,,0,,0,0,0,1
1723801296,580,1,3,8,8,6.118,0,0,0.31 | 0.31 | 0.31,0,0.69 | 2.41 | 3.81,0,1.05 | 1.66 | 5.83,0.958,0.000,0,1,0,0,0,0,-1,0,0,0,,0,,0,,0,0,0,1
1723801296,580,1,3,8,8,6.118,0,0,0.31 | 0.31 | 0.31,0,0.69 | 2.41 | 3.81,0,1.05 | 1.66 | 5.83,0.958,0.000,0,1,0,0,0,0,-1,0,0,0,,0,,0,,0,0,0,1
1723801296,580,1,3,8,8,6.118,0,0,0.31 | 0.31 | 0.31,0,0.69 | 2.41 | 3.81,0,1.05 | 1.66 | 5.83,0.958,0.000,0,1,0,0,0,0,-1,0,0,0,,0,,0,,0,0,0,1
1723801296,580,2,3,8,8,5.056,0,0,0.31 | 0.31 | 0.31,0,0.69 | 2.41 | 3.81,0,1.05 | 1.66 | 5.83,0.958,0.000,0,1,0,0,0,0,-1,0,0,0,,0,,0,,0,0,0,1
1723801296,580,2,3,8,8,5.056,0,0,0.31 | 0.31 | 0.31,0,0.69 | 2.41 | 3.81,0,1.05 | 1.66 | 5.83,0.958,0.000,0,1,0,0,0,0,-1,0,0,0,,0,,0,,0,0,0,1
1723801297,580,2,3,8,8,5.056,0,0,0.31 | 0.31 | 0.31,0,0.69 | 2.41 | 3.81,0,1.05 | 1.66 | 5.83,0.958,0.000,0,1,0,0,0,0,-1,0,0,0,,0,,0,,0,0,0,1
1723801297,580,2,3,8,8,5.056,0,0,0.31 | 0.31 | 0.31,0,0.69 | 2.41 | 3.81,0,1.05 | 1.66 | 5.83,0.958,0.000,0,1,0,0,0,0,-1,0,0,0,,0,,0,,0,0,0,1
1723801297,580,2,3,8,8,5.056,0,0,0.31 | 0.31 | 0.31,0,0.69 | 2.41 | 3.81,0,1.05 | 1.66 | 5.83,0.958,0.000,0,1,0,0,0,0,-1,0,0,0,,0,,0,,0,0,0,1
1723801297,580,2,3,8,8,5.056,0,0,0.31 | 0.31 | 0.31,0,0.69 | 2.41 | 3.81,0,1.05 | 1.66 | 5.83,0.958,0.000,0,1,0,0,0,0,-1,0,0,0,,0,,0,,0,0,0,1
1723801297,580,2,3,8,8,5.056,0,0,0.31 | 0.31 | 0.31,0,0.69 | 2.41 | 3.81,0,1.05 | 1.66 | 5.83,0.958,0.000,0,1,0,0,0,0,-1,0,0,0,,0,,0,,0,0,0,1
1723801297,580,2,3,8,8,5.056,0,0,0.31 | 0.31 | 0.31,0,0.69 | 2.41 | 3.81,0,1.05 | 1.66 | 5.83,0.958,0.000,0,1,0,0,0,0,-1,0,0,0,,0,,0,,0,0,0,1
1723801297,580,2,3,8,8,5.056,0,0,0.31 | 0.31 | 0.31,0,0.69 | 2.41 | 3.81,0,1.05 | 1.66 | 5.83,0.958,0.000,0,1,0,0,0,0,-1,0,0,0,,0,,0,,0,0,0,1
1723801297,580,2,3,8,8,5.056,0,0,0.31 | 0.31 | 0.31,0,0.69 | 2.41 | 3.81,0,1.05 | 1.66 | 5.83,0.958,0.000,0,1,0,0,0,0,-1,0,0,0,,0,,0,,0,0,0,1
1723801297,580,2,3,8,8,3.993,0,0,0.31 | 0.31 | 0.31,0,0.69 | 2.41 | 3.81,0,1.05 | 1.66 | 5.83,0.958,0.000,0,1,0,0,0,0,-1,0,0,0,,0,,0,,0,0,0,1
1723801297,580,2,3,8,8,3.993,0,0,0.31 | 0.31 | 0.31,0,0.69 | 2.41 | 3.81,0,1.05 | 1.66 | 5.83,0.958,0.000,0,1,0,0,0,0,-1,0,0,0,,0,,0,,0,0,0,1
1723801298,580,2,3,8,8,3.993,0,0,0.31 | 0.31 | 0.31,0,0.69 | 2.41 | 3.81,0,1.05 | 1.66 | 5.83,0.958,0.000,0,1,0,0,0,0,-1,0,0,0,,0,,0,,0,0,0,1
1723801298,580,2,3,8,8,3.993,0,0,0.31 | 0.31 | 0.31,0,0.69 | 2.41 | 3.81,0,1.05 | 1.66 | 5.83,0.958,0.000,0,1,0,0,0,0,-1,0,0,0,,0,,0,,0,0,0,1
1723801298,580,2,3,8,8,3.993,0,0,0.31 | 0.31 | 0.31,0,0.69 | 2.41 | 3.81,0,1.05 | 1.66 | 5.83,0.958,0.000,0,1,0,0,0,0,-1,0,0,0,,0,,0,,0,0,0,1
1723801298,580,2,3,8,8,3.993,0,0,0.31 | 0.31 | 0.31,0,0.69 | 2.41 | 3.81,0,1.05 | 1.66 | 5.83,0.958,0.000,0,1,0,0,0,0,-1,0,0,0,,0,,0,,0,0,0,1
1723801298,580,2,3,8,8,3.993,0,0,0.31 | 0.31 | 0.31,0,0.69 | 2.41 | 3.81,0,1.05 | 1.66 | 5.83,0.958,0.000,0,1,0,0,0,0,-1,0,0,0,,0,,0,,0,0,0,1
1723801298,580,2,3,8,8,3.993,0,0,0.31 | 0.31 | 0.31,0,0.69 | 2.41 | 3.81,0,1.05 | 1.66 | 5.83,0.958,0.000,0,1,0,0,0,0,-1,0,0,0,,0,,0,,0,0,0,1
1723801298,580,2,3,8,8,3.993,0,0,0.31 | 0.31 | 0.31,0,0.69 | 2.41 | 3.81,0,1.05 | 1.66 | 5.83,0.958,0.000,0,1,0,0,0,0,-1,0,0,0,,0,,0,,0,0,0,1
1723801298,580,2,3,8,8,3.993,0,0,0.31 | 0.31 | 0.31,0,0.69 | 2.41 | 3.81,0,1.05 | 1.66 | 5.83,0.958,0.000,0,1,0,0,0,0,-1,0,0,0,,0,,0,,0,0,0,1
1723801298,580,2,3,8,8,2.931,0,0,0.31 | 0.31 | 0.31,0,0.69 | 2.41 | 3.81,0,1.05 | 1.66 | 5.83,0.958,0.000,0,1,0,0,0,0,-1,0,0,0,,0,,0,,0,0,0,1
1723801299,194,2,1,8,8,2.931,0,0,0.31 | 0.31 | 0.31,0,0.69 | 2.41 | 3.81,0,1.05 | 1.66 | 5.83,0.958,0.000,0,1,0,0,0,0,-1,0,0,0,,0,,0,,0,0,0,1
1723801299,194,3,1,8,8,2.931,0,0,0.31 | 0.31 | 0.31,0,0.69 | 2.41 | 3.81,0,1.05 | 1.66 | 5.83,0.958,0.000,0,1,0,0,0,0,-1,0,0,0,,0,,0,,0,0,0,1
1723801299,194,3,1,8,8,2.931,0,0,0.31 | 0.31 | 0.31,0,0.69 | 2.41 | 3.81,0,1.05 | 1.66 | 5.83,0.958,0.000,0,1,0,0,0,0,-1,0,0,0,,0,,0,,0,0,0,1
1723801299,194,3,1,8,8,2.931,0,0,0.31 | 0.31 | 0.31,0,0.69 | 2.41 | 3.81,0,1.05 | 1.66 | 5.83,0.958,0.000,0,1,0,0,0,0,-1,0,0,0,,0,,0,,0,0,0,1
1723801299,194,3,1,8,8,2.931,0,0,0.31 | 0.31 | 0.31,0,0.69 | 2.41 | 3.81,0,1.05 | 1.66 | 5.83,0.958,0.000,0,1,0,0,0,0,-1,0,0,0,,0,,0,,0,0,0,1
1723801299,194,3,1,8,8,2.931,0,0,0.31 | 0.31 | 0.31,0,0.69 | 2.41 | 3.81,0,1.05 | 1.66 | 5.83,0.958,0.000,0,1,0,0,0,0,-1,0,0,0,,0,,0,,0,0,0,1
1723801299,194,3,1,8,8,2.931,0,0,0.31 | 0.31 | 0.31,0,0.69 | 2.41 | 3.81,0,1.05 | 1.66 | 5.83,0.958,0.000,0,1,0,0,0,0,-1,0,0,0,,0,,0,,0,0,0,1
1723801299,194,3,1,8,8,2.931,0,0,0.31 | 0.31 | 0.31,0,0.69 | 2.41 | 3.81,0,1.05 | 1.66 | 5.83,0.958,0.000,0,1,0,0,0,0,-1,0,0,0,,0,,0,,0,0,0,1
1723801299,194,3,1,8,8,2.931,0,0,0.31 | 0.31 | 0.31,0,0.69 | 2.41 | 3.81,0,1.05 | 1.66 | 5.83,0.958,0.000,0,1,0,0,0,0,-1,0,0,0,,0,,0,,0,0,0,1
1723801299,194,3,1,8,8,1.868,0,0,0.31 | 0.31 | 0.32,0,0.69 | 2.58 | 3.81,0,1.05 | 1.55 | 5.83,0.959,0.000,0,1,0,0,0,0,-1,0,0,0,,0,,0,,0,0,0,1
1723801299,194,3,1,8,8,1.868,0,0,0.31 | 0.31 | 0.32,0,0.69 | 2.58 | 3.81,0,1.05 | 1.55 | 5.83,0.959,0.000,0,1,0,0,0,0,-1,0,0,0,,0,,0,,0,0,0,1
1723801300,194,3,1,8,8,1.868,0,0,0.31 | 0.31 | 0.32,0,0.69 | 2.58 | 3.81,0,1.05 | 1.55 | 5.83,0.959,0.000,0,1,0,0,0,0,-1,0,0,0,,0,,0,,0,0,0,1
1723801300,194,3,1,8,8,1.868,0,0,0.31 | 0.31 | 0.32,0,0.69 | 2.58 | 3.81,0,1.05 | 1.55 | 5.83,0.959,0.000,0,1,0,0,0,0,-1,0,0,0,,0,,0,,0,0,0,1
1723801300,387,3,2,8,8,1.868,0,0,0.31 | 0.31 | 0.32,0,0.69 | 2.58 | 3.81,0,1.05 | 1.55 | 5.83,0.959,0.000,0,1,0,0,0,0,-1,0,0,0,,0,,0,,0,0,0,1
1723801300,387,3,2,8,8,1.868,0,0,0.31 | 0.31 | 0.32,0,0.69 | 2.58 | 3.81,0,1.05 | 1.55 | 5.83,0.959,0.000,0,1,0,0,0,0,-1,0,0,0,,0,,0,,0,0,0,1
1723801300,387,3,2,8,8,1.868,0,0,0.31 | 0.31 | 0.32,0,0.69 | 2.58 | 3.81,0,1.05 | 1.55 | 5.83,0.959,0.000,0,1,0,0,0,0,-1,0,0,0,,0,,0,,0,0,0,1
1723801300,387,3,2,8,8,1.868,0,0,0.31 | 0.31 | 0.32,0,0.69 | 2.58 | 3.81,0,1.05 | 1.55 | 5.83,0.959,0.000,0,1,0,0,0,0,-1,0,0,0,,0,,0,,0,0,0,1
1723801300,387,3,2,8,8,1.868,0,0,0.31 | 0.31 | 0.32,0,0.69 | 2.58 | 3.81,0,1.05 | 1.55 | 5.83,0.959,0.000,0,1,0,0,0,0,-1,0,0,0,,0,,0,,0,0,0,1
1723801300,387,3,2,8,8,1.868,0,0,0.31 | 0.31 | 0.32,0,0.69 | 2.58 | 3.81,0,1.05 | 1.55 | 5.83,0.959,0.000,0,1,0,0,0,0,-1,0,0,0,,0,,0,,0,0,0,1
1723801300,387,3,2,8,8,4.264,0,0,0.31 | 0.31 | 0.32,0,0.65 | 1.79 | 3.51,0,1.14 | 2.23 | 6.17,0.964,0.000,0,1,0,0,0,0,-1,0,0,0,,0,,0,,0,0,0,1
1723801300,387,3,2,8,8,4.264,0,0,0.31 | 0.31 | 0.32,0,0.65 | 1.79 | 3.51,0,1.14 | 2.23 | 6.17,0.964,0.000,0,1,0,0,0,0,-1,0,0,0,,0,,0,,0,0,0,1
1723801301,387,3,2,8,8,4.264,0,0,0.31 | 0.31 | 0.32,0,0.65 | 1.79 | 3.51,0,1.14 | 2.23 | 6.17,0.964,0.000,0,1,0,0,0,0,-1,0,0,0,,0,,0,,0,0,0,1
1723801301,387,1,2,8,8,4.264,0,0,0.31 | 0.31 | 0.32,0,0.65 | 1.79 | 3.51,0,1.14 | 2.23 | 6.17,0.964,0.000,0,1,0,0,0,0,-1,0,0,0,,0,,0,,0,0,0,1
1723801301,387,1,2,8,8,4.264,0,0,0.31 | 0.31 | 0.32,0,0.65 | 1.79 | 3.51,0,1.14 | 2.23 | 6.17,0.964,0.000,0,1,0,0,0,0,-1,0,0,0,,0,,0,,0,0,0,1
1723801301,387,1,2,8,8,4.264,0,0,0.31 | 0.31 | 0.32,0,0.65 | 1.79 | 3.51,0,1.14 | 2.23 | 6.17,0.964,0.000,0,1,0,0,0,0,-1,0,0,0,,0,,0,,0,0,0,1
1723801301,387,1,2,8,8,4.264,0,0,0.31 | 0.31 | 0.32,0,0.65 | 1.79 | 3.51,0,1.14 | 2.23 | 6.17,0.964,0.000,0,1,0,0,0,0,-1,0,0,0,,0,,0,,0,0,0,1
1723801301,387,1,2,8,8,4.264,0,0,0.31 | 0.31 | 0.32,0,0.65 | 1.79 | 3.51,0,1.14 | 2.23 | 6.17,0.964,0.000,0,1,0,0,0,0,-1,0,0,0,,0,,0,,0,0,0,1
1723801301,387,1,2,8,8,4.264,0,0,0.31 | 0.31 | 0.32,0,0.65 | 1.79 | 3.51,0,1.14 | 2.23 | 6.17,0.964,0.000,0,1,0,0,0,0,-1,0,0,0,,0,,0,,0,0,0,1
1723801301,387,1,2,8,8,4.264,0,0,0.31 | 0.31 | 0.32,0,0.65 | 1.79 | 3.51,0,1.14 | 2.23 | 6.17,0.964,0.000,0,1,0,0,0,0,-1,0,0,0,,0,,0,,0,0,0,1
1723801301,387,1,2,8,8,3.209,0,0,0.31 | 0.31 | 0.32,0,0.65 | 1.79 | 3.51,0,1.14 | 2.23 | 6.17,0.964,0.000,0,1,0,0,0,0,-1,0,0,0,,0,,0,,0,0,0,1
1723801301,387,1,2,8,8,3.209,0,0,0.31 | 0.31 | 0.32,0,0.65 | 1.79 | 3.51,0,1.14 | 2.23 | 6.17,0.964,0.000,0,1,0,0,0,0,-1,0,0,0,,0,,0,,0,0,0,1
1723801302,387,1,2,8,8,3.209,0,0,0.31 | 0.31 | 0.32,0,0.65 | 1.79 | 3.51,0,1.14 | 2.23 | 6.17,0.964,0.000,0,1,0,0,0,0,-1,0,0,0,,0,,0,,0,0,0,1
1723801302,387,1,2,8,8,3.209,0,0,0.31 | 0.31 | 0.32,0,0.65 | 1.79 | 3.51,0,1.14 | 2.23 | 6.17,0.964,0.000,0,1,0,0,0,0,-1,0,0,0,,0,,0,,0,0,0,1
1723801302,387,1,2,8,8,3.209,0,0,0.31 | 0.31 | 0.32,0,0.65 | 1.79 | 3.51,0,1.14 | 2.23 | 6.17,0.964,0.000,0,1,0,0,0,0,-1,0,0,0,,0,,0,,0,0,0,1
1723801302,387,1,2,8,8,3.209,0,0,0.31 | 0.31 | 0.32,0,0.65 | 1.79 | 3.51,0,1.14 | 2.23 | 6.17,0.964,0.000,0,1,0,0,0,0,-1,0,0,0,,0,,0,,0,0,0,1
1723801302,387,1,2,8,8,3.209,0,0,0.31 | 0.31 | 0.32,0,0.65 | 1.79 | 3.51,0,1.14 | 2.23 | 6.17,0.964,0.000,0,1,0,0,0,0,-1,0,0,0,,0,,0,,0,0,0,1
1723801302,387,1,2,8,8,3.209,0,0,0.31 | 0.31 | 0.32,0,0.65 | 1.79 | 3.51,0,1.14 | 2.23 | 6.17,0.964,0.000,0,1,0,0,0,0,-1,0,0,0,,0,,0,,0,0,0,1
1723801302,387,1,2,8,8,3.209,0,0,0.31 | 0.31 | 0.32,0,0.65 | 1.79 | 3.51,0,1.14 | 2.23 | 6.17,0.964,0.000,0,1,0,0,0,0,-1,0,0,0,,0,,0,,0,0,0,1
1723801302,387,1,2,8,8,3.209,0,0,0.31 | 0.31 | 0.32,0,0.65 | 1.79 | 3.51,0,1.14 | 2.23 | 6.17,0.964,0.000,0,1,0,0,0,0,-1,0,0,0,,0,,0,,0,0,0,1
1723801302,387,1,2,8,8,2.146,0,0,0.31 | 0.31 | 0.32,0,0.65 | 1.79 | 3.51,0,1.14 | 2.23 | 6.17,0.964,0.000,0,1,0,0,0,0,-1,0,0,0,,0,,0,,0,0,0,1
1723801302,387,1,2,8,8,2.146,0,0,0.31 | 0.31 | 0.32,0,0.65 | 1.79 | 3.51,0,1.14 | 2.23 | 6.17,0.964,0.000,0,1,0,0,0,0,-1,0,0,0,,0,,0,,0,0,0,1
1723801303,387,1,2,8,8,2.146,0,0,0.31 | 0.31 | 0.32,0,0.65 | 1.79 | 3.51,0,1.14 | 2.23 | 6.17,0.964,0.000,0,1,0,0,0,0,-1,0,0,0,,0,,0,,0,0,0,1
1723801303,387,1,2,8,8,2.146,0,0,0.31 | 0.31 | 0.32,0,0.65 | 1.79 | 3.51,0,1.14 | 2.23 | 6.17,0.964,0.000,0,1,0,0,0,0,-1,0,0,0,,0,,0,,0,0,0,1
1723801303,387,1,2,8,8,2.146,0,0,0.31 | 0.31 | 0.32,0,0.65 | 1.79 | 3.51,0,1.14 | 2.23 | 6.17,0.964,0.000,0,1,0,0,0,0,-1,0,0,0,,0,,0,,0,0,0,1
1723801303,387,1,2,8,8,2.146,0,0,0.31 | 0.31 | 0.32,0,0.65 | 1.79 | 3.51,0,1.14 | 2.23 | 6.17,0.964,0.000,0,1,0,0,0,0,-1,0,0,0,,0,,0,,0,0,0,1
1723801303,387,1,2,8,8,2.146,0,0,0.31 | 0.31 | 0.32,0,0.65 | 1.79 | 3.51,0,1.14 | 2.23 | 6.17,0.964,0.000,0,1,0,0,0,0,-1,0,0,0,,0,,0,,0,0,0,1
1723801303,387,1,2,8,8,2.146,0,0,0.31 | 0.31 | 0.32,0,0.65 | 1.79 | 3.51,0,1.14 | 2.23 | 6.17,0.964,0.000,0,1,0,0,0,0,-1,0,0,0,,0,,0,,0,0,0,1
1723801303,387,1,2,8,8,2.146,0,0,0.31 | 0.31 | 0.32,0,0.65 | 1.79 | 3.51,0,1.14 | 2.23 | 6.17,0.964,0.000,0,1,0,0,0,0,-1,0,0,0,,0,,0,,0,0,0,1
1723801303,387,1,2,8,8,2.146,0,0,0.31 | 0.31 | 0.32,0,0.65 | 1.79 | 3.51,0,1.14 | 2.23 | 6.17,0.964,0.000,0,1,0,0,0,0,-1,0,0,0,,0,,0,,0,0,0,1
1723801303,387,1,2,8,8,5.884,0,0,0.31 | 0.31 | 0.32,0,0.65 | 2.10 | 3.51,0,1.14 | 1.91 | 6.17,0.960,0.000,0,1,0,0,0,0,-1,0,0,0,,0,,0,,0,0,0,1
1723801303,387,1,2,8,8,5.884,0,0,0.31 | 0.31 | 0.32,0,0.65 | 2.10 | 3.51,0,1.14 | 1.91 | 6.17,0.960,0.000,0,1,0,0,0,0,-1,0,0,0,,0,,0,,0,0,0,1
1723801304,387,1,2,8,8,5.884,0,0,0.31 | 0.31 | 0.32,0,0.65 | 2.10 | 3.51,0,1.14 | 1.91 | 6.17,0.960,0.000,0,1,0,0,0,0,-1,0,0,0,,0,,0,,0,0,0,1
1723801304,387,1,2,8,8,5.884,0,0,0.31 | 0.31 | 0.32,0,0.65 | 2.10 | 3.51,0,1.14 | 1.91 | 6.17,0.960,0.000,0,1,0,0,0,0,-1,0,0,0,,0,,0,,0,0,0,1
1723801304,387,1,2,8,8,5.884,0,0,0.31 | 0.31 | 0.32,0,0.65 | 2.10 | 3.51,0,1.14 | 1.91 | 6.17,0.960,0.000,0,1,0,0,0,0,-1,0,0,0,,0,,0,,0,0,0,1
1723801304,387,1,2,8,8,5.884,0,0,0.31 | 0.31 | 0.32,0,0.65 | 2.10 | 3.51,0,1.14 | 1.91 | 6.17,0.960,0.000,0,1,0,0,0,0,-1,0,0,0,,0,,0,,0,0,0,1
1723801304,387,1,2,8,8,5.884,0,0,0.31 | 0.31 | 0.32,0,0.65 | 2.10 | 3.51,0,1.14 | 1.91 | 6.17,0.960,0.000,0,1,0,0,0,0,-1,0,0,0,,0,,0,,0,0,0,1
1723801304,387,1,2,8,8,5.884,0,0,0.31 | 0.31 | 0.32,0,0.65 | 2.10 | 3.51,0,1.14 | 1.91 | 6.17,0.960,0.000,0,1,0,0,0,0,-1,0,0,0,,0,,0,,0,0,0,1
1723801304,387,1,2,8,8,5.884,0,0,0.31 | 0.31 | 0.32,0,0.65 | 2.10 | 3.51,0,1.14 | 1.91 | 6.17,0.960,0.000,0,1,0,0,0,0,-1,0,0,0,,0,,0,,0,0,0,1
1723801304,387,1,2,8,8,5.884,0,0,0.31 | 0.31 | 0.32,0,0.65 | 2.10 | 3.51,0,1.14 | 1.91 | 6.17,0.960,0.000,0,1,0,0,0,0,-1,0,0,0,,0,,0,,0,0,0,1
1723801304,387,1,2,8,8,8.068,0,0,0.31 | 0.31 | 0.32,0,0.65 | 1.87 | 3.51,0,1.14 | 2.13 | 6.17,0.961,0.000,0,1,0,0,0,0,-1,0,0,0,,0,,0,,0,0,0,1
1723801304,387,1,2,8,8,8.068,0,0,0.31 | 0.31 | 0.32,0,0.65 | 1.87 | 3.51,0,1.14 | 2.13 | 6.17,0.961,0.000,0,1,0,0,0,0,-1,0,0,0,,0,,0,,0,0,0,1
1723801305,387,1,2,8,8,8.068,0,0,0.31 | 0.31 | 0.32,0,0.65 | 1.87 | 3.51,0,1.14 | 2.13 | 6.17,0.961,0.000,0,1,0,0,0,0,-1,0,0,0,,0,,0,,0,0,0,1
1723801305,387,2,2,8,8,8.068,0,0,0.31 | 0.31 | 0.32,0,0.65 | 1.87 | 3.51,0,1.14 | 2.13 | 6.17,0.961,0.000,0,1,0,0,0,0,-1,0,0,0,,0,,0,,0,0,0,1
1723801305,387,2,2,8,8,8.068,0,0,0.31 | 0.31 | 0.32,0,0.65 | 1.87 | 3.51,0,1.14 | 2.13 | 6.17,0.961,0.000,0,1,0,0,0,0,-1,0,0,0,,0,,0,,0,0,0,1
1723801305,387,2,2,8,8,8.068,0,0,0.31 | 0.31 | 0.32,0,0.65 | 1.87 | 3.51,0,1.14 | 2.13 | 6.17,0.961,0.000,0,1,0,0,0,0,-1,0,0,0,,0,,0,,0,0,0,1
1723801305,387,2,2,8,8,8.068,0,0,0.31 | 0.31 | 0.32,0,0.65 | 1.87 | 3.51,0,1.14 | 2.13 | 6.17,0.961,0.000,0,1,0,0,0,0,-1,0,0,0,,0,,0,,0,0,0,1
1723801305,387,2,2,8,8,8.068,0,0,0.31 | 0.31 | 0.32,0,0.65 | 1.87 | 3.51,0,1.14 | 2.13 | 6.17,0.961,0.000,0,1,0,0,0,0,-1,0,0,0,,0,,0,,0,0,0,1
1723801305,387,2,2,8,8,8.068,0,0,0.31 | 0.31 | 0.32,0,0.65 | 1.87 | 3.51,0,1.14 | 2.13 | 6.17,0.961,0.000,0,1,0,0,0,0,-1,0,0,0,,0,,0,,0,0,0,1
1723801305,387,2,2,8,8,8.068,0,0,0.31 | 0.31 | 0.32,0,0.65 | 1.87 | 3.51,0,1.14 | 2.13 | 6.17,0.961,0.000,0,1,0,0,0,0,-1,0,0,0,,0,,0,,0,0,0,1
1723801305,387,2,2,8,8,7.224,0,0,0.31 | 0.31 | 0.32,0,0.65 | 1.87 | 3.51,0,1.14 | 2.13 | 6.17,0.961,0.000,0,1,0,0,0,0,-1,0,0,0,,0,,0,,0,0,0,1
1723801305,387,2,2,8,8,7.224,0,0,0.31 | 0.31 | 0.32,0,0.65 | 1.87 | 3.51,0,1.14 | 2.13 | 6.17,0.961,0.000,0,1,0,0,0,0,-1,0,0,0,,0,,0,,0,0,0,1
1723801306,387,2,2,8,8,7.224,0,0,0.31 | 0.31 | 0.32,0,0.65 | 1.87 | 3.51,0,1.14 | 2.13 | 6.17,0.961,0.000,0,1,0,0,0,0,-1,0,0,0,,0,,0,,0,0,0,1
1723801306,387,2,2,8,8,7.224,0,0,0.31 | 0.31 | 0.32,0,0.65 | 1.87 | 3.51,0,1.14 | 2.13 | 6.17,0.961,0.000,0,1,0,0,0,0,-1,0,0,0,,0,,0,,0,0,0,1
1723801306,387,2,2,8,8,7.224,0,0,0.31 | 0.31 | 0.32,0,0.65 | 1.87 | 3.51,0,1.14 | 2.13 | 6.17,0.961,0.000,0,1,0,0,0,0,-1,0,0,0,,0,,0,,0,0,0,1
1723801306,387,2,2,8,8,7.224,0,0,0.31 | 0.31 | 0.32,0,0.65 | 1.87 | 3.51,0,1.14 | 2.13 | 6.17,0.961,0.000,0,1,0,0,0,0,-1,0,0,0,,0,,0,,0,0,0,1
1723801306,387,2,2,8,8,7.224,0,0,0.31 | 0.31 | 0.32,0,0.65 | 1.87 | 3.51,0,1.14 | 2.13 | 6.17,0.961,0.000,0,1,0,0,0,0,-1,0,0,0,,0,,0,,0,0,0,1
1723801306,387,2,2,8,8,7.224,0,0,0.31 | 0.31 | 0.32,0,0.65 | 1.87 | 3.51,0,1.14 | 2.13 | 6.17,0.961,0.000,0,1,0,0,0,0,-1,0,0,0,,0,,0,,0,0,0,1
1723801306,387,2,2,8,8,7.224,0,0,0.31 | 0.31 | 0.32,0,0.65 | 1.87 | 3.51,0,1.14 | 2.13 | 6.17,0.961,0.000,0,1,0,0,0,0,-1,0,0,0,,0,,0,,0,0,0,1
1723801306,387,2,2,8,8,7.224,0,0,0.31 | 0.31 | 0.32,0,0.65 | 1.87 | 3.51,0,1.14 | 2.13 | 6.17,0.961,0.000,0,1,0,0,0,0,-1,0,0,0,,0,,0,,0,0,0,1
1723801306,387,2,2,8,8,6.162,0,0,0.31 | 0.31 | 0.32,0,0.65 | 1.87 | 3.51,0,1.14 | 2.13 | 6.17,0.961,0.000,0,1,0,0,0,0,-1,0,0,0,,0,,0,,0,0,0,1
1723801306,387,2,2,8,8,6.162,0,0,0.31 | 0.31 | 0.32,0,0.65 | 1.87 | 3.51,0,1.14 | 2.13 | 6.17,0.961,0.000,0,1,0,0,0,0,-1,0,0,0,,0,,0,,0,0,0,1
1723801307,387,2,2,8,8,6.162,0,0,0.31 | 0.31 | 0.32,0,0.65 | 1.87 | 3.51,0,1.14 | 2.13 | 6.17,0.961,0.000,0,1,0,0,0,0,-1,0,0,0,,0,,0,,0,0,0,1
1723801307,387,2,2,8,8,6.162,0,0,0.31 | 0.31 | 0.32,0,0.65 | 1.87 | 3.51,0,1.14 | 2.13 | 6.17,0.961,0.000,0,1,0,0,0,0,-1,0,0,0,,0,,0,,0,0,0,1
1723801307,387,2,2,8,8,6.162,0,0,0.31 | 0.31 | 0.32,0,0.65 | 1.87 | 3.51,0,1.14 | 2.13 | 6.17,0.961,0.000,0,1,0,0,0,0,-1,0,0,0,,0,,0,,0,0,0,1
1723801307,387,2,2,8,8,6.162,0,0,0.31 | 0.31 | 0.32,0,0.65 | 1.87 | 3.51,0,1.14 | 2.13 | 6.17,0.961,0.000,0,1,0,0,0,0,-1,0,0,0,,0,,0,,0,0,0,1
1723801307,387,2,2,8,8,6.162,0,0,0.31 | 0.31 | 0.32,0,0.65 | 1.87 | 3.51,0,1.14 | 2.13 | 6.17,0.961,0.000,0,1,0,0,0,0,-1,0,0,0,,0,,0,,0,0,0,1
1723801307,387,2,2,8,8,6.162,0,0,0.31 | 0.31 | 0.32,0,0.65 | 1.87 | 3.51,0,1.14 | 2.13 | 6.17,0.961,0.000,0,1,0,0,0,0,-1,0,0,0,,0,,0,,0,0,0,1
1723801307,387,2,2,8,8,6.162,0,0,0.31 | 0.31 | 0.32,0,0.65 | 1.87 | 3.51,0,1.14 | 2.13 | 6.17,0.961,0.000,0,1,0,0,0,0,-1,0,0,0,,0,,0,,0,0,0,1
1723801307,387,2,2,8,8,6.162,0,0,0.31 | 0.31 | 0.32,0,0.65 | 1.87 | 3.51,0,1.14 | 2.13 | 6.17,0.961,0.000,0,1,0,0,0,0,-1,0,0,0,,0,,0,,0,0,0,1
1723801307,387,2,2,8,8,9.899,0,0,0.31 | 0.31 | 0.31,0,0.65 | 1.58 | 2.33,0,1.71 | 2.53 | 6.17,0.916,0.000,0,1,0,0,0,0,-1,0,0,0,,0,,0,,0,0,0,1
1723801307,387,2,2,8,8,9.899,0,0,0.31 | 0.31 | 0.31,0,0.65 | 1.58 | 2.33,0,1.71 | 2.53 | 6.17,0.916,0.000,0,1,0,0,0,0,-1,0,0,0,,0,,0,,0,0,0,1
1723801308,387,2,2,8,8,9.899,0,0,0.31 | 0.31 | 0.31,0,0.65 | 1.58 | 2.33,0,1.71 | 2.53 | 6.17,0.916,0.000,0,1,0,0,0,0,-1,0,0,0,,0,,0,,0,0,0,1
1723801308,387,2,2,8,8,9.899,0,0,0.31 | 0.31 | 0.31,0,0.65 | 1.58 | 2.33,0,1.71 | 2.53 | 6.17,0.916,0.000,0,1,0,0,0,0,-1,0,0,0,,0,,0,,0,0,0,1
1723801308,387,2,2,8,8,9.899,0,0,0.31 | 0.31 | 0.31,0,0.65 | 1.58 | 2.33,0,1.71 | 2.53 | 6.17,0.916,0.000,0,1,0,0,0,0,-1,0,0,0,,0,,0,,0,0,0,1
1723801308,387,2,2,8,8,9.899,0,0,0.31 | 0.31 | 0.31,0,0.65 | 1.58 | 2.33,0,1.71 | 2.53 | 6.17,0.916,0.000,0,1,0,0,0,0,-1,0,0,0,,0,,0,,0,0,0,1
1723801308,387,2,2,8,8,9.899,0,0,0.31 | 0.31 | 0.31,0,0.65 | 1.58 | 2.33,0,1.71 | 2.53 | 6.17,0.916,0.000,0,1,0,0,0,0,-1,0,0,0,,0,,0,,0,0,0,1
1723801308,387,2,2,8,8,9.899,0,0,0.31 | 0.31 | 0.31,0,0.65 | 1.58 | 2.33,0,1.71 | 2.53 | 6.17,0.916,0.000,0,1,0,0,0,0,-1,0,0,0,,0,,0,,0,0,0,1
1723801308,387,2,2,8,8,9.899,0,0,0.31 | 0.31 | 0.31,0,0.65 | 1.58 | 2.33,0,1.71 | 2.53 | 6.17,0.916,0.000,0,1,0,0,0,0,-1,0,0,0,,0,,0,,0,0,0,1
1723801308,387,2,2,8,8,9.899,0,0,0.31 | 0.31 | 0.31,0,0.65 | 1.58 | 2.33,0,1.71 | 2.53 | 6.17,0.916,0.000,0,1,0,0,0,0,-1,0,0,0,,0,,0,,0,0,0,1
1723801308,387,2,2,8,8,12.099,0,0,0.31 | 0.31 | 0.31,0,1.23 | 1.73 | 2.33,0,1.71 | 2.32 | 3.25,0.913,0.000,0,1,0,0,0,0,-1,0,0,0,,0,,0,,0,0,0,1
1723801308,387,2,2,8,8,12.099,0,0,0.31 | 0.31 | 0.31,0,1.23 | 1.73 | 2.33,0,1.71 | 2.32 | 3.25,0.913,0.000,0,1,0,0,0,0,-1,0,0,0,,0,,0,,0,0,0,1
1723801309,387,2,2,8,8,12.099,0,0,0.31 | 0.31 | 0.31,0,1.23 | 1.73 | 2.33,0,1.71 | 2.32 | 3.25,0.913,0.000,0,1,0,0,0,0,-1,0,0,0,,0,,0,,0,0,0,1
1723801309,387,2,2,8,8,12.099,0,0,0.31 | 0.31 | 0.31,0,1.23 | 1.73 | 2.33,0,1.71 | 2.32 | 3.25,0.913,0.000,0,1,0,0,0,0,-1,0,0,0,,0,,0,,0,0,0,1
1723801309,387,2,2,8,8,12.099,0,0,0.31 | 0.31 | 0.31,0,1.23 | 1.73 | 2.33,0,1.71 | 2.32 | 3.25,0.913,0.000,0,1,0,0,0,0,-1,0,0,0,,0,,0,,0,0,0,1
1723801309,387,2,2,8,8,12.099,0,0,0.31 | 0.31 | 0.31,0,1.23 | 1.73 | 2.33,0,1.71 | 2.32 | 3.25,0.913,0.000,0,1,0,0,0,0,-1,0,0,0,,0,,0,,0,0,0,1
1723801309,387,2,2,8,8,12.099,0,0,0.31 | 0.31 | 0.31,0,1.23 | 1.73 | 2.33,0,1.71 | 2.32 | 3.25,0.913,0.000,0,1,0,0,0,0,-1,0,0,0,,0,,0,,0,0,0,1
1723801309,387,2,2,8,8,12.099,0,0,0.31 | 0.31 | 0.31,0,1.23 | 1.73 | 2.33,0,1.71 | 2.32 | 3.25,0.913,0.000,0,1,0,0,0,0,-1,0,0,0,,0,,0,,0,0,0,1
1723801309,387,2,2,8,8,12.099,0,0,0.31 | 0.31 | 0.31,0,1.23 | 1.73 | 2.33,0,1.71 | 2.32 | 3.25,0.913,0.000,0,1,0,0,0,0,-1,0,0,0,,0,,0,,0,0,0,1
1723801309,387,2,2,8,8,12.099,0,0,0.31 | 0.31 | 0.31,0,1.23 | 1.73 | 2.33,0,1.71 | 2.32 | 3.25,0.913,0.000,0,1,0,0,0,0,-1,0,0,0,,0,,0,,0,0,0,1
1723801309,387,2,2,8,8,11.24,0,0,0.31 | 0.31 | 0.31,0,1.23 | 1.73 | 2.33,0,1.71 | 2.32 | 3.25,0.913,0.000,0,1,0,0,0,0,-1,0,0,0,,0,,0,,0,0,0,1
1723801309,387,2,2,8,8,11.24,0,0,0.31 | 0.31 | 0.31,0,1.23 | 1.73 | 2.33,0,1.71 | 2.32 | 3.25,0.913,0.000,0,1,0,0,0,0,-1,0,0,0,,0,,0,,0,0,0,1
1723801310,387,2,2,8,8,11.24,0,0,0.31 | 0.31 | 0.31,0,1.23 | 1.73 | 2.33,0,1.71 | 2.32 | 3.25,0.913,0.000,0,1,0,0,0,0,-1,0,0,0,,0,,0,,0,0,0,1
1723801310,387,2,2,8,8,11.24,0,0,0.31 | 0.31 | 0.31,0,1.23 | 1.73 | 2.33,0,1.71 | 2.32 | 3.25,0.913,0.000,0,1,0,0,0,0,-1,0,0,0,,0,,0,,0,0,0,1
1723801310,387,2,2,8,8,11.24,0,0,0.31 | 0.31 | 0.31,0,1.23 | 1.73 | 2.33,0,1.71 | 2.32 | 3.25,0.913,0.000,0,1,0,0,0,0,-1,0,0,0,,0,,0,,0,0,0,1
1723801310,387,2,2,8,8,11.24,0,0,0.31 | 0.31 | 0.31,0,1.23 | 1.73 | 2.33,0,1.71 | 2.32 | 3.25,0.913,0.000,0,1,0,0,0,0,-1,0,0,0,,0,,0,,0,0,0,1
1723801310,387,2,2,8,8,11.24,0,0,0.31 | 0.31 | 0.31,0,1.23 | 1.73 | 2.33,0,1.71 | 2.32 | 3.25,0.913,0.000,0,1,0,0,0,0,-1,0,0,0,,0,,0,,0,0,0,1
1723801310,387,2,2,8,8,11.24,0,0,0.31 | 0.31 | 0.31,0,1.23 | 1.73 | 2.33,0,1.71 | 2.32 | 3.25,0.913,0.000,0,1,0,0,0,0,-1,0,0,0,,0,,0,,0,0,0,1
1723801310,387,2,2,8,8,11.24,0,0,0.31 | 0.31 | 0.31,0,1.23 | 1.73 | 2.33,0,1.71 | 2.32 | 3.25,0.913,0.000,0,1,0,0,0,0,-1,0,0,0,,0,,0,,0,0,0,1
1723801310,387,2,2,8,8,11.24,0,0,0.31 | 0.31 | 0.31,0,1.23 | 1.73 | 2.33,0,1.71 | 2.32 | 3.25,0.913,0.000,0,1,0,0,0,0,-1,0,0,0,,0,,0,,0,0,0,1
1723801310,387,2,2,8,8,10.177,0,0,0.31 | 0.31 | 0.31,0,1.23 | 1.73 | 2.33,0,1.71 | 2.32 | 3.25,0.913,0.000,0,1,0,0,0,0,-1,0,0,0,,0,,0,,0,0,0,1
1723801310,387,2,2,8,8,10.177,0,0,0.31 | 0.31 | 0.31,0,1.23 | 1.73 | 2.33,0,1.71 | 2.32 | 3.25,0.913,0.000,0,1,0,0,0,0,-1,0,0,0,,0,,0,,0,0,0,1
1723801311,387,2,2,8,8,10.177,0,0,0.31 | 0.31 | 0.31,0,1.23 | 1.73 | 2.33,0,1.71 | 2.32 | 3.25,0.913,0.000,0,1,0,0,0,0,-1,0,0,0,,0,,0,,0,0,0,1
1723801311,387,2,2,8,8,10.177,0,0,0.31 | 0.31 | 0.31,0,1.23 | 1.73 | 2.33,0,1.71 | 2.32 | 3.25,0.913,0.000,0,1,0,0,0,0,-1,0,0,0,,0,,0,,0,0,0,1
1723801311,387,2,2,8,8,10.177,0,0,0.31 | 0.31 | 0.31,0,1.23 | 1.73 | 2.33,0,1.71 | 2.32 | 3.25,0.913,0.000,0,1,0,0,0,0,-1,0,0,0,,0,,0,,0,0,0,1
1723801311,387,2,2,8,8,10.177,0,0,0.31 | 0.31 | 0.31,0,1.23 | 1.73 | 2.33,0,1.71 | 2.32 | 3.25,0.913,0.000,0,1,0,0,0,0,-1,0,0,0,,0,,0,,0,0,0,1
1723801311,387,2,2,8,8,10.177,0,0,0.31 | 0.31 | 0.31,0,1.23 | 1.73 | 2.33,0,1.71 | 2.32 | 3.25,0.913,0.000,0,1,0,0,0,0,-1,0,0,0,,0,,0,,0,0,0,1
1723801311,387,2,2,8,8,10.177,0,0,0.31 | 0.31 | 0.31,0,1.23 | 1.73 | 2.33,0,1.71 | 2.32 | 3.25,0.913,0.000,0,1,0,0,0,0,-1,0,0,0,,0,,0,,0,0,0,1
1723801311,387,2,2,8,8,10.177,0,0,0.31 | 0.31 | 0.31,0,1.23 | 1.73 | 2.33,0,1.71 | 2.32 | 3.25,0.913,0.000,0,1,0,0,0,0,-1,0,0,0,,0,,0,,0,0,0,1
1723801311,387,2,2,8,8,10.177,0,0,0.31 | 0.31 | 0.31,0,1.23 | 1.73 | 2.33,0,1.71 | 2.32 | 3.25,0.913,0.000,0,1,0,0,0,0,-1,0,0,0,,0,,0,,0,0,0,1
1723801311,387,2,2,8,8,9.115,0,0,0.31 | 0.31 | 0.31,0,1.23 | 1.73 | 2.33,0,1.71 | 2.32 | 3.25,0.913,0.000,0,1,0,0,0,0,-1,0,0,0,,0,,0,,0,0,0,1
1723801311,387,2,2,8,8,9.115,0,0,0.31 | 0.31 | 0.31,0,1.23 | 1.73 | 2.33,0,1.71 | 2.32 | 3.25,0.913,0.000,0,1,0,0,0,0,-1,0,0,0,,0,,0,,0,0,0,1
1723801312,387,2,2,8,8,9.115,0,0,0.31 | 0.31 | 0.31,0,1.23 | 1.73 | 2.33,0,1.71 | 2.32 | 3.25,0.913,0.000,0,1,0,0,0,0,-1,0,0,0,,0,,0,,0,0,0,1
1723801312,387,2,2,8,8,9.115,0,0,0.31 | 0.31 | 0.31,0,1.23 | 1.73 | 2.33,0,1.71 | 2.32 | 3.25,0.913,0.000,0,1,0,0,0,0,-1,0,0,0,,0,,0,,0,0,0,1
1723801312,387,2,2,8,8,9.115,0,0,0.31 | 0.31 | 0.31,0,1.23 | 1.73 | 2.33,0,1.71 | 2.32 | 3.25,0.913,0.000,0,1,0,0,0,0,-1,0,0,0,,0,,0,,0,0,0,1
1723801312,387,2,2,8,8,9.115,0,0,0.31 | 0.31 | 0.31,0,1.23 | 1.73 | 2.33,0,1.71 | 2.32 | 3.25,0.913,0.000,0,1,0,0,0,0,-1,0,0,0,,0,,0,,0,0,0,1
1723801312,387,2,2,8,8,9.115,0,0,0.31 | 0.31 | 0.31,0,1.23 | 1.73 | 2.33,0,1.71 | 2.32 | 3.25,0.913,0.000,0,1,0,0,0,0,-1,0,0,0,,0,,0,,0,0,0,1
1723801312,387,2,2,8,8,9.115,0,0,0.31 | 0.31 | 0.31,0,1.23 | 1.73 | 2.33,0,1.71 | 2.32 | 3.25,0.913,0.000,0,1,0,0,0,0,-1,0,0,0,,0,,0,,0,0,0,1
1723801312,387,2,2,8,8,9.115,0,0,0.31 | 0.31 | 0.31,0,1.23 | 1.73 | 2.33,0,1.71 | 2.32 | 3.25,0.913,0.000,0,1,0,0,0,0,-1,0,0,0,,0,,0,,0,0,0,1
1723801312,387,2,2,8,8,9.115,0,0,0.31 | 0.31 | 0.31,0,1.23 | 1.73 | 2.33,0,1.71 | 2.32 | 3.25,0.913,0.000,0,1,0,0,0,0,-1,0,0,0,,0,,0,,0,0,0,1
1723801312,387,2,2,8,8,13.118,0,0,0.30 | 0.31 | 0.31,0,1.23 | 1.81 | 2.33,0,1.71 | 2.21 | 3.25,0.912,0.000,0,1,0,0,0,0,-1,0,0,0,,0,,0,,0,0,0,1
1723801312,387,2,2,8,8,13.118,0,0,0.30 | 0.31 | 0.31,0,1.23 | 1.81 | 2.33,0,1.71 | 2.21 | 3.25,0.912,0.000,0,1,0,0,0,0,-1,0,0,0,,0,,0,,0,0,0,1
1723801313,387,2,2,8,8,13.118,0,0,0.30 | 0.31 | 0.31,0,1.23 | 1.81 | 2.33,0,1.71 | 2.21 | 3.25,0.912,0.000,0,1,0,0,0,0,-1,0,0,0,,0,,0,,0,0,0,1
1723801313,387,2,2,8,8,13.118,0,0,0.30 | 0.31 | 0.31,0,1.23 | 1.81 | 2.33,0,1.71 | 2.21 | 3.25,0.912,0.000,0,1,0,0,0,0,-1,0,0,0,,0,,0,,0,0,0,1
1723801313,387,2,2,8,8,13.118,0,0,0.30 | 0.31 | 0.31,0,1.23 | 1.81 | 2.33,0,1.71 | 2.21 | 3.25,0.912,0.000,0,1,0,0,0,0,-1,0,0,0,,0,,0,,0,0,0,1
1723801313,387,2,2,8,8,13.118,0,0,0.30 | 0.31 | 0.31,0,1.23 | 1.81 | 2.33,0,1.71 | 2.21 | 3.25,0.912,0.000,0,1,0,0,0,0,-1,0,0,0,,0,,0,,0,0,0,1
1723801313,387,2,2,8,8,13.118,0,0,0.30 | 0.31 | 0.31,0,1.23 | 1.81 | 2.33,0,1.71 | 2.21 | 3.25,0.912,0.000,0,1,0,0,0,0,-1,0,0,0,,0,,0,,0,0,0,1
1723801313,387,2,2,8,8,13.118,0,0,0.30 | 0.31 | 0.31,0,1.23 | 1.81 | 2.33,0,1.71 | 2.21 | 3.25,0.912,0.000,0,1,0,0,0,0,-1,0,0,0,,0,,0,,0,0,0,1
1723801313,387,2,2,8,8,13.118,0,0,0.30 | 0.31 | 0.31,0,1.23 | 1.81 | 2.33,0,1.71 | 2.21 | 3.25,0.912,0.000,0,1,0,0,0,0,-1,0,0,0,,0,,0,,0,0,0,1
1723801313,387,2,2,8,8,13.118,0,0,0.30 | 0.31 | 0.31,0,1.23 | 1.81 | 2.33,0,1.71 | 2.21 | 3.25,0.912,0.000,0,1,0,0,0,0,-1,0,0,0,,0,,0,,0,0,0,1
1723801313,387,2,2,8,8,12.056,0,0,0.30 | 0.31 | 0.31,0,1.23 | 1.81 | 2.33,0,1.71 | 2.21 | 3.25,0.912,0.000,0,1,0,0,0,0,-1,0,0,0,,0,,0,,0,0,0,1
1723801313,387,2,2,8,8,12.056,0,0,0.30 | 0.31 | 0.31,0,1.23 | 1.81 | 2.33,0,1.71 | 2.21 | 3.25,0.912,0.000,0,1,0,0,0,0,-1,0,0,0,,0,,0,,0,0,0,1
1723801314,387,2,2,8,8,12.056,0,0,0.30 | 0.31 | 0.31,0,1.23 | 1.81 | 2.33,0,1.71 | 2.21 | 3.25,0.912,0.000,0,1,0,0,0,0,-1,0,0,0,,0,,0,,0,0,0,1
1723801314,387,2,2,8,8,12.056,0,0,0.30 | 0.31 | 0.31,0,1.23 | 1.81 | 2.33,0,1.71 | 2.21 | 3.25,0.912,0.000,0,1,0,0,0,0,-1,0,0,0,,0,,0,,0,0,0,1
1723801314,387,2,2,8,8,12.056,0,0,0.30 | 0.31 | 0.31,0,1.23 | 1.81 | 2.33,0,1.71 | 2.21 | 3.25,0.912,0.000,0,1,0,0,0,0,-1,0,0,0,,0,,0,,0,0,0,1
1723801314,387,2,2,8,8,12.056,0,0,0.30 | 0.31 | 0.31,0,1.23 | 1.81 | 2.33,0,1.71 | 2.21 | 3.25,0.912,0.000,0,1,0,0,0,0,-1,0,0,0,,0,,0,,0,0,0,1
1723801314,387,2,2,8,8,12.056,0,0,0.30 | 0.31 | 0.31,0,1.23 | 1.81 | 2.33,0,1.71 | 2.21 | 3.25,0.912,0.000,0,1,0,0,0,0,-1,0,0,0,,0,,0,,0,0,0,1
1723801314,387,2,2,8,8,12.056,0,0,0.30 | 0.31 | 0.31,0,1.23 | 1.81 | 2.33,0,1.71 | 2.21 | 3.25,0.912,0.000,0,1,0,0,0,0,-1,0,0,0,,0,,0,,0,0,0,1
1723801314,387,2,2,8,8,12.056,0,0,0.30 | 0.31 | 0.31,0,1.23 | 1.81 | 2.33,0,1.71 | 2.21 | 3.25,0.912,0.000,0,1,0,0,0,0,-1,0,0,0,,0,,0,,0,0,0,1
1723801314,387,2,2,8,8,12.056,0,0,0.30 | 0.31 | 0.31,0,1.23 | 1.81 | 2.33,0,1.71 | 2.21 | 3.25,0.912,0.000,0,1,0,0,0,0,-1,0,0,0,,0,,0,,0,0,0,1
1723801314,387,2,2,8,8,10.871,0,0,0.30 | 0.31 | 0.31,0,1.23 | 1.81 | 2.33,0,1.71 | 2.21 | 3.25,0.912,0.000,0,1,0,0,0,0,-1,0,0,0,,0,,0,,0,0,0,1
1723801314,387,2,2,8,8,10.871,0,0,0.30 | 0.31 | 0.31,0,1.23 | 1.81 | 2.33,0,1.71 | 2.21 | 3.25,0.912,0.000,0,1,0,0,0,0,-1,0,0,0,,0,,0,,0,0,0,1
1723801315,387,2,2,8,8,10.871,0,0,0.30 | 0.31 | 0.31,0,1.23 | 1.81 | 2.33,0,1.71 | 2.21 | 3.25,0.912,0.000,0,1,0,0,0,0,-1,0,0,0,,0,,0,,0,0,0,1
1723801315,387,2,2,8,8,10.871,0,0,0.30 | 0.31 | 0.31,0,1.23 | 1.81 | 2.33,0,1.71 | 2.21 | 3.25,0.912,0.000,0,1,0,0,0,0,-1,0,0,0,,0,,0,,0,0,0,1
1723801315,387,2,2,8,8,10.871,0,0,0.30 | 0.31 | 0.31,0,1.23 | 1.81 | 2.33,0,1.71 | 2.21 | 3.25,0.912,0.000,0,1,0,0,0,0,-1,0,0,0,,0,,0,,0,0,0,1
1723801315,387,2,2,8,8,10.871,0,0,0.30 | 0.31 | 0.31,0,1.23 | 1.81 | 2.33,0,1.71 | 2.21 | 3.25,0.912,0.000,0,1,0,0,0,0,-1,0,0,0,,0,,0,,0,0,0,1
1723801315,387,2,2,8,8,10.871,0,0,0.30 | 0.31 | 0.31,0,1.23 | 1.81 | 2.33,0,1.71 | 2.21 | 3.25,0.912,0.000,0,1,0,0,0,0,-1,0,0,0,,0,,0,,0,0,0,1
1723801315,387,2,2,8,8,10.871,0,0,0.30 | 0.31 | 0.31,0,1.23 | 1.81 | 2.33,0,1.71 | 2.21 | 3.25,0.912,0.000,0,1,0,0,0,0,-1,0,0,0,,0,,0,,0,0,0,1
1723801315,387,2,2,8,8,10.871,0,0,0.30 | 0.31 | 0.31,0,1.23 | 1.81 | 2.33,0,1.71 | 2.21 | 3.25,0.912,0.000,0,1,0,0,0,0,-1,0,0,0,,0,,0,,0,0,0,1
1723801315,387,2,2,8,8,10.871,0,0,0.30 | 0.31 | 0.31,0,1.23 | 1.81 | 2.33,0,1.71 | 2.21 | 3.25,0.912,0.000,0,1,0,0,0,0,-1,0,0,0,,0,,0,,0,0,0,1
1723801315,387,2,2,8,8,9.931,4,0,0.30 | 0.31 | 0.31,0,1.23 | 1.81 | 2.33,0,1.71 | 2.21 | 3.25,0.912,0.000,0,1,0,0,0,0,-1,0,4,0,,0,,0,,0,0,0,1
1723801315,387,2,2,8,8,9.931,4,0,0.30 | 0.31 | 0.31,0,1.23 | 1.81 | 2.33,0,1.71 | 2.21 | 3.25,0.912,0.000,0,1,0,0,0,0,-1,0,4,0,,0,,0,,0,0,0,1
1723801316,387,2,2,8,8,9.931,4,0,0.30 | 0.31 | 0.31,0,1.23 | 1.81 | 2.33,0,1.71 | 2.21 | 3.25,0.912,0.000,0,1,0,0,0,0,-1,0,4,0,,0,,0,,0,0,0,1
1723801316,387,2,2,8,8,9.931,4,0,0.30 | 0.31 | 0.31,0,1.23 | 1.81 | 2.33,0,1.71 | 2.21 | 3.25,0.912,0.000,0,1,0,0,0,0,-1,0,4,0,,0,,0,,0,0,0,1
1723801316,387,2,2,8,8,9.931,4,0,0.30 | 0.31 | 0.31,0,1.23 | 1.81 | 2.33,0,1.71 | 2.21 | 3.25,0.912,0.000,0,1,0,0,0,0,-1,0,4,0,,0,,0,,0,0,0,1
1723801316,387,2,2,8,8,9.931,4,0,0.30 | 0.31 | 0.31,0,1.23 | 1.81 | 2.33,0,1.71 | 2.21 | 3.25,0.912,0.000,0,1,0,0,0,0,-1,0,4,0,,0,,0,,0,0,0,1
1723801316,387,2,2,8,8,9.931,4,0,0.30 | 0.31 | 0.31,0,1.23 | 1.81 | 2.33,0,1.71 | 2.21 | 3.25,0.912,0.000,0,1,0,0,0,0,-1,0,4,0,,0,,0,,0,0,0,1
1723801316,387,2,2,8,8,9.931,4,0,0.30 | 0.31 | 0.31,0,1.23 | 1.81 | 2.33,0,1.71 | 2.21 | 3.25,0.912,0.000,0,1,0,0,0,0,-1,0,4,0,,0,,0,,0,0,0,1
1723801316,387,2,2,8,8,9.931,4,0,0.30 | 0.31 | 0.31,0,1.23 | 1.81 | 2.33,0,1.71 | 2.21 | 3.25,0.912,0.000,0,1,0,0,0,0,-1,0,4,0,,0,,0,,0,0,0,1
1723801316,387,2,2,8,8,9.931,4,0,0.30 | 0.31 | 0.31,0,1.23 | 1.81 | 2.33,0,1.71 | 2.21 | 3.25,0.912,0.000,0,1,0,0,0,0,-1,0,4,0,,0,,0,,0,0,0,1
1723801316,387,2,2,8,8,12.068,4,0,0.30 | 0.31 | 0.31,0,1.23 | 1.83 | 2.33,0,1.71 | 2.18 | 3.25,0.906,0.000,0,1,0,0,0,0,-1,0,4,0,,0,,0,,0,0,0,1
1723801316,387,2,2,8,8,12.068,4,0,0.30 | 0.31 | 0.31,0,1.23 | 1.83 | 2.33,0,1.71 | 2.18 | 3.25,0.906,0.000,0,1,0,0,0,0,-1,0,4,0,,0,,0,,0,0,0,1
1723801317,387,2,2,8,8,12.068,4,0,0.30 | 0.31 | 0.31,0,1.23 | 1.83 | 2.33,0,1.71 | 2.18 | 3.25,0.906,0.000,0,1,0,0,0,0,-1,0,4,0,,0,,0,,0,0,0,1
1723801317,580,2,3,8,8,12.068,4,0,0.30 | 0.31 | 0.31,0,1.23 | 1.83 | 2.33,0,1.71 | 2.18 | 3.25,0.906,0.000,0,1,0,0,0,0,-1,0,4,0,,0,,0,,0,0,0,1
1723801317,580,2,3,8,8,12.068,4,0,0.30 | 0.31 | 0.31,0,1.23 | 1.83 | 2.33,0,1.71 | 2.18 | 3.25,0.906,0.000,0,1,0,0,0,0,-1,0,4,0,,0,,0,,0,0,0,1
1723801317,580,2,3,8,8,12.068,4,0,0.30 | 0.31 | 0.31,0,1.23 | 1.83 | 2.33,0,1.71 | 2.18 | 3.25,0.906,0.000,0,1,0,0,0,0,-1,0,4,0,,0,,0,,0,0,0,1
1723801317,580,2,3,8,8,12.068,4,0,0.30 | 0.31 | 0.31,0,1.23 | 1.83 | 2.33,0,1.71 | 2.18 | 3.25,0.906,0.000,0,1,0,0,0,0,-1,0,4,0,,0,,0,,0,0,0,1
1723801317,580,2,3,8,8,12.068,4,0,0.30 | 0.31 | 0.31,0,1.23 | 1.83 | 2.33,0,1.71 | 2.18 | 3.25,0.906,0.000,0,1,0,0,0,0,-1,0,4,0,,0,,0,,0,0,0,1
1723801317,580,2,3,8,8,12.068,4,0,0.30 | 0.31 | 0.31,0,1.23 | 1.83 | 2.33,0,1.71 | 2.18 | 3.25,0.906,0.000,0,1,0,0,0,0,-1,0,4,0,,0,,0,,0,0,0,1
1723801317,580,2,3,8,8,12.068,4,0,0.30 | 0.31 | 0.31,0,1.23 | 1.83 | 2.33,0,1.71 | 2.18 | 3.25,0.906,0.000,0,1,0,0,0,0,-1,0,4,0,,0,,0,,0,0,0,1
1723801317,580,2,3,8,8,11.131,4,0,0.30 | 0.31 | 0.31,0,1.23 | 1.83 | 2.33,0,1.71 | 2.18 | 3.25,0.906,0.000,0,1,0,0,0,0,-1,0,4,0,,0,,0,,0,0,0,1
1723801317,580,2,3,8,8,11.131,4,0,0.30 | 0.31 | 0.31,0,1.23 | 1.83 | 2.33,0,1.71 | 2.18 | 3.25,0.906,0.000,0,1,0,0,0,0,-1,0,4,0,,0,,0,,0,0,0,1
1723801318,580,2,3,8,8,11.131,4,0,0.30 | 0.31 | 0.31,0,1.23 | 1.83 | 2.33,0,1.71 | 2.18 | 3.25,0.906,0.000,0,1,0,0,0,0,-1,0,4,0,,0,,0,,0,0,0,1
1723801318,580,2,3,8,8,11.131,4,0,0.30 | 0.31 | 0.31,0,1.23 | 1.83 | 2.33,0,1.71 | 2.18 | 3.25,0.906,0.000,0,1,0,0,0,0,-1,0,4,0,,0,,0,,0,0,0,1
1723801318,580,2,3,8,8,11.131,4,0,0.30 | 0.31 | 0.31,0,1.23 | 1.83 | 2.33,0,1.71 | 2.18 | 3.25,0.906,0.000,0,1,0,0,0,0,-1,0,4,0,,0,,0,,0,0,0,1
1723801318,580,2,3,8,8,11.131,4,0,0.30 | 0.31 | 0.31,0,1.23 | 1.83 | 2.33,0,1.71 | 2.18 | 3.25,0.906,0.000,0,1,0,0,0,0,-1,0,4,0,,0,,0,,0,0,0,1
1723801318,580,2,3,8,8,11.131,4,0,0.30 | 0.31 | 0.31,0,1.23 | 1.83 | 2.33,0,1.71 | 2.18 | 3.25,0.906,0.000,0,1,0,0,0,0,-1,0,4,0,,0,,0,,0,0,0,1
1723801318,580,2,3,8,8,11.131,4,0,0.30 | 0.31 | 0.31,0,1.23 | 1.83 | 2.33,0,1.71 | 2.18 | 3.25,0.906,0.000,0,1,0,0,0,0,-1,0,4,0,,0,,0,,0,0,0,1
1723801318,580,2,3,8,8,11.131,4,0,0.30 | 0.31 | 0.31,0,1.23 | 1.83 | 2.33,0,1.71 | 2.18 | 3.25,0.906,0.000,0,1,0,0,0,0,-1,0,4,0,,0,,0,,0,0,0,1
1723801318,580,2,3,8,8,11.131,4,0,0.30 | 0.31 | 0.31,0,1.23 | 1.83 | 2.33,0,1.71 | 2.18 | 3.25,0.906,0.000,0,1,0,0,0,0,-1,0,4,0,,0,,0,,0,0,0,1
1723801318,580,2,3,8,8,10.209,4,0,0.30 | 0.31 | 0.31,0,1.23 | 1.83 | 2.33,0,1.71 | 2.18 | 3.25,0.906,0.000,0,1,0,0,0,0,-1,0,4,0,,0,,0,,0,0,0,1
1723801318,580,2,3,8,8,10.209,4,0,0.30 | 0.31 | 0.31,0,1.23 | 1.83 | 2.33,0,1.71 | 2.18 | 3.25,0.906,0.000,0,1,0,0,0,0,-1,0,4,0,,0,,0,,0,0,0,1
1723801319,580,2,3,8,8,10.209,4,0,0.30 | 0.31 | 0.31,0,1.23 | 1.83 | 2.33,0,1.71 | 2.18 | 3.25,0.906,0.000,0,1,0,0,0,0,-1,0,4,0,,0,,0,,0,0,0,1
1723801319,580,2,3,8,8,10.209,4,0,0.30 | 0.31 | 0.31,0,1.23 | 1.83 | 2.33,0,1.71 | 2.18 | 3.25,0.906,0.000,0,1,0,0,0,0,-1,0,4,0,,0,,0,,0,0,0,1
1723801319,580,2,3,8,8,10.209,4,0,0.30 | 0.31 | 0.31,0,1.23 | 1.83 | 2.33,0,1.71 | 2.18 | 3.25,0.906,0.000,0,1,0,0,0,0,-1,0,4,0,,0,,0,,0,0,0,1
1723801319,580,2,3,8,8,10.209,4,0,0.30 | 0.31 | 0.31,0,1.23 | 1.83 | 2.33,0,1.71 | 2.18 | 3.25,0.906,0.000,0,1,0,0,0,0,-1,0,4,0,,0,,0,,0,0,0,1
1723801319,580,2,3,8,8,10.209,4,0,0.30 | 0.31 | 0.31,0,1.23 | 1.83 | 2.33,0,1.71 | 2.18 | 3.25,0.906,0.000,0,1,0,0,0,0,-1,0,4,0,,0,,0,,0,0,0,1
1723801319,580,2,3,8,8,10.209,4,0,0.30 | 0.31 | 0.31,0,1.23 | 1.83 | 2.33,0,1.71 | 2.18 | 3.25,0.906,0.000,0,1,0,0,0,0,-1,0,4,0,,0,,0,,0,0,0,1
1723801319,580,2,3,8,8,10.209,4,0,0.30 | 0.31 | 0.31,0,1.23 | 1.83 | 2.33,0,1.71 | 2.18 | 3.25,0.906,0.000,0,1,0,0,0,0,-1,0,4,0,,0,,0,,0,0,0,1
1723801319,580,2,3,8,8,10.209,4,0,0.30 | 0.31 | 0.31,0,1.23 | 1.83 | 2.33,0,1.71 | 2.18 | 3.25,0.906,0.000,0,1,0,0,0,0,-1,0,4,0,,0,,0,,0,0,0,1
1723801319,580,2,3,8,8,9.146,4,0,0.30 | 0.31 | 0.31,0,1.23 | 1.83 | 2.33,0,1.71 | 2.18 | 3.25,0.906,0.000,0,1,0,0,0,0,-1,0,4,0,,0,,0,,0,0,0,1
1723801319,580,2,3,8,8,9.146,4,0,0.30 | 0.31 | 0.31,0,1.23 | 1.83 | 2.33,0,1.71 | 2.18 | 3.25,0.906,0.000,0,1,0,0,0,0,-1,0,4,0,,0,,0,,0,0,0,1
1723801320,580,2,3,8,8,9.146,4,0,0.30 | 0.31 | 0.31,0,1.23 | 1.83 | 2.33,0,1.71 | 2.18 | 3.25,0.906,0.000,0,1,0,0,0,0,-1,0,4,0,,0,,0,,0,0,0,1
1723801320,580,2,3,8,8,9.146,4,0,0.30 | 0.31 | 0.31,0,1.23 | 1.83 | 2.33,0,1.71 | 2.18 | 3.25,0.906,0.000,0,1,0,0,0,0,-1,0,4,0,,0,,0,,0,0,0,1
1723801320,580,2,3,8,8,9.146,4,0,0.30 | 0.31 | 0.31,0,1.23 | 1.83 | 2.33,0,1.71 | 2.18 | 3.25,0.906,0.000,0,1,0,0,0,0,-1,0,4,0,,0,,0,,0,0,0,1
1723801320,580,2,3,8,8,9.146,4,0,0.30 | 0.31 | 0.31,0,1.23 | 1.83 | 2.33,0,1.71 | 2.18 | 3.25,0.906,0.000,0,1,0,0,0,0,-1,0,4,0,,0,,0,,0,0,0,1
1723801320,580,2,3,8,8,9.146,4,0,0.30 | 0.31 | 0.31,0,1.23 | 1.83 | 2.33,0,1.71 | 2.18 | 3.25,0.906,0.000,0,1,0,0,0,0,-1,0,4,0,,0,,0,,0,0,0,1
1723801320,580,2,3,8,8,9.146,4,0,0.30 | 0.31 | 0.31,0,1.23 | 1.83 | 2.33,0,1.71 | 2.18 | 3.25,0.906,0.000,0,1,0,0,0,0,-1,0,4,0,,0,,0,,0,0,0,1
1723801320,580,2,3,8,8,9.146,4,0,0.30 | 0.31 | 0.31,0,1.23 | 1.83 | 2.33,0,1.71 | 2.18 | 3.25,0.906,0.000,0,1,0,0,0,0,-1,0,4,0,,0,,0,,0,0,0,1
1723801320,580,2,3,8,8,9.146,4,0,0.30 | 0.31 | 0.31,0,1.23 | 1.83 | 2.33,0,1.71 | 2.18 | 3.25,0.906,0.000,0,1,0,0,0,0,-1,0,4,0,,0,,0,,0,0,0,1
1723801320,580,2,3,8,8,8.084,4,0,0.30 | 0.31 | 0.31,0,1.23 | 1.83 | 2.33,0,1.71 | 2.18 | 3.25,0.906,0.000,0,1,0,0,0,0,-1,0,4,0,,0,,0,,0,0,0,1
1723801320,580,2,3,8,8,8.084,4,0,0.30 | 0.31 | 0.31,0,1.23 | 1.83 | 2.33,0,1.71 | 2.18 | 3.25,0.906,0.000,0,1,0,0,0,0,-1,0,4,0,,0,,0,,0,0,0,1
1723801321,580,2,3,8,8,8.084,4,0,0.30 | 0.31 | 0.31,0,1.23 | 1.83 | 2.33,0,1.71 | 2.18 | 3.25,0.906,0.000,0,1,0,0,0,0,-1,0,4,0,,0,,0,,0,0,0,1
1723801321,580,2,3,8,8,8.084,4,0,0.30 | 0.31 | 0.31,0,1.23 | 1.83 | 2.33,0,1.71 | 2.18 | 3.25,0.906,0.000,0,1,0,0,0,0,-1,0,4,0,,0,,0,,0,0,0,1
1723801321,580,2,3,8,8,8.084,4,0,0.30 | 0.31 | 0.31,0,1.23 | 1.83 | 2.33,0,1.71 | 2.18 | 3.25,0.906,0.000,0,1,0,0,0,0,-1,0,4,0,,0,,0,,0,0,0,1
1723801321,580,2,3,8,8,8.084,4,0,0.30 | 0.31 | 0.31,0,1.23 | 1.83 | 2.33,0,1.71 | 2.18 | 3.25,0.906,0.000,0,1,0,0,0,0,-1,0,4,0,,0,,0,,0,0,0,1
1723801321,580,2,3,8,8,8.084,4,0,0.30 | 0.31 | 0.31,0,1.23 | 1.83 | 2.33,0,1.71 | 2.18 | 3.25,0.906,0.000,0,1,0,0,0,0,-1,0,4,0,,0,,0,,0,0,0,1
1723801321,580,3,3,8,8,8.084,4,0,0.30 | 0.31 | 0.31,0,1.23 | 1.83 | 2.33,0,1.71 | 2.18 | 3.25,0.906,0.000,0,1,0,0,0,0,-1,0,4,0,,0,,0,,0,0,0,1
1723801321,580,3,3,8,8,8.084,4,0,0.30 | 0.31 | 0.31,0,1.23 | 1.83 | 2.33,0,1.71 | 2.18 | 3.25,0.906,0.000,0,1,0,0,0,0,-1,0,4,0,,0,,0,,0,0,0,1
1723801321,580,3,3,8,8,8.084,4,0,0.30 | 0.31 | 0.31,0,1.23 | 1.83 | 2.33,0,1.71 | 2.18 | 3.25,0.906,0.000,0,1,0,0,0,0,-1,0,4,0,,0,,0,,0,0,0,1
1723801321,580,3,3,8,8,7.178,4,0,0.30 | 0.31 | 0.33,0,1.23 | 2.17 | 3.67,0,1.09 | 1.85 | 3.25,0.929,0.000,0,1,0,0,0,0,-1,0,4,0,,0,,0,,0,0,0,1
1723801321,580,3,3,8,8,7.178,4,0,0.30 | 0.31 | 0.33,0,1.23 | 2.17 | 3.67,0,1.09 | 1.85 | 3.25,0.929,0.000,0,1,0,0,0,0,-1,0,4,0,,0,,0,,0,0,0,1
1723801322,580,3,3,8,8,7.178,4,0,0.30 | 0.31 | 0.33,0,1.23 | 2.17 | 3.67,0,1.09 | 1.85 | 3.25,0.929,0.000,0,1,0,0,0,0,-1,0,4,0,,0,,0,,0,0,0,1
1723801322,580,3,3,8,8,7.178,4,0,0.30 | 0.31 | 0.33,0,1.23 | 2.17 | 3.67,0,1.09 | 1.85 | 3.25,0.929,0.000,0,1,0,0,0,0,-1,0,4,0,,0,,0,,0,0,0,1
1723801322,580,3,3,8,8,7.178,4,0,0.30 | 0.31 | 0.33,0,1.23 | 2.17 | 3.67,0,1.09 | 1.85 | 3.25,0.929,0.000,0,1,0,0,0,0,-1,0,4,0,,0,,0,,0,0,0,1
1723801322,580,3,3,8,8,7.178,4,0,0.30 | 0.31 | 0.33,0,1.23 | 2.17 | 3.67,0,1.09 | 1.85 | 3.25,0.929,0.000,0,1,0,0,0,0,-1,0,4,0,,0,,0,,0,0,0,1
1723801322,580,3,3,8,8,7.178,4,0,0.30 | 0.31 | 0.33,0,1.23 | 2.17 | 3.67,0,1.09 | 1.85 | 3.25,0.929,0.000,0,1,0,0,0,0,-1,0,4,0,,0,,0,,0,0,0,1
1723801322,580,3,3,8,8,7.178,4,0,0.30 | 0.31 | 0.33,0,1.23 | 2.17 | 3.67,0,1.09 | 1.85 | 3.25,0.929,0.000,0,1,0,0,0,0,-1,0,4,0,,0,,0,,0,0,0,1
1723801322,580,3,3,8,8,7.178,4,0,0.30 | 0.31 | 0.33,0,1.23 | 2.17 | 3.67,0,1.09 | 1.85 | 3.25,0.929,0.000,0,1,0,0,0,0,-1,0,4,0,,0,,0,,0,0,0,1
1723801322,580,3,3,8,8,7.178,4,0,0.30 | 0.31 | 0.33,0,1.23 | 2.17 | 3.67,0,1.09 | 1.85 | 3.25,0.929,0.000,0,1,0,0,0,0,-1,0,4,0,,0,,0,,0,0,0,1
1723801322,580,3,3,8,8,6.224,4,0,0.30 | 0.31 | 0.33,0,1.23 | 2.17 | 3.67,0,1.09 | 1.85 | 3.25,0.929,0.000,0,1,0,0,0,0,-1,0,4,0,,0,,0,,0,0,0,1
1723801322,580,3,3,8,8,6.224,4,0,0.30 | 0.31 | 0.33,0,1.23 | 2.17 | 3.67,0,1.09 | 1.85 | 3.25,0.929,0.000,0,1,0,0,0,0,-1,0,4,0,,0,,0,,0,0,0,1
1723801323,580,3,3,8,8,6.224,4,0,0.30 | 0.31 | 0.33,0,1.23 | 2.17 | 3.67,0,1.09 | 1.85 | 3.25,0.929,0.000,0,1,0,0,0,0,-1,0,4,0,,0,,0,,0,0,0,1
1723801323,580,3,3,8,8,6.224,4,0,0.30 | 0.31 | 0.33,0,1.23 | 2.17 | 3.67,0,1.09 | 1.85 | 3.25,0.929,0.000,0,1,0,0,0,0,-1,0,4,0,,0,,0,,0,0,0,1
1723801323,580,3,3,8,8,6.224,4,0,0.30 | 0.31 | 0.33,0,1.23 | 2.17 | 3.67,0,1.09 | 1.85 | 3.25,0.929,0.000,0,1,0,0,0,0,-1,0,4,0,,0,,0,,0,0,0,1
1723801323,580,3,3,8,8,6.224,4,0,0.30 | 0.31 | 0.33,0,1.23 | 2.17 | 3.67,0,1.09 | 1.85 | 3.25,0.929,0.000,0,1,0,0,0,0,-1,0,4,0,,0,,0,,0,0,0,1
1723801323,580,3,3,8,8,6.224,4,0,0.30 | 0.31 | 0.33,0,1.23 | 2.17 | 3.67,0,1.09 | 1.85 | 3.25,0.929,0.000,0,1,0,0,0,0,-1,0,4,0,,0,,0,,0,0,0,1
1723801323,580,3,3,8,8,6.224,4,0,0.30 | 0.31 | 0.33,0,1.23 | 2.17 | 3.67,0,1.09 | 1.85 | 3.25,0.929,0.000,0,1,0,0,0,0,-1,0,4,0,,0,,0,,0,0,0,1
1723801323,580,3,3,8,8,6.224,4,0,0.30 | 0.31 | 0.33,0,1.23 | 2.17 | 3.67,0,1.09 | 1.85 | 3.25,0.929,0.000,0,1,0,0,0,0,-1,0,4,0,,0,,0,,0,0,0,1
1723801323,580,3,3,8,8,6.224,4,0,0.30 | 0.31 | 0.33,0,1.23 | 2.17 | 3.67,0,1.09 | 1.85 | 3.25,0.929,0.000,0,1,0,0,0,0,-1,0,4,0,,0,,0,,0,0,0,1
1723801323,580,3,3,8,8,5.162,4,0,0.30 | 0.31 | 0.33,0,1.23 | 2.17 | 3.67,0,1.09 | 1.85 | 3.25,0.929,0.000,0,1,0,0,0,0,-1,0,4,0,,0,,0,,0,0,0,1
1723801323,580,3,3,8,8,5.162,4,0,0.30 | 0.31 | 0.33,0,1.23 | 2.17 | 3.67,0,1.09 | 1.85 | 3.25,0.929,0.000,0,1,0,0,0,0,-1,0,4,0,,0,,0,,0,0,0,1
1723801324,387,3,2,8,8,5.162,4,0,0.30 | 0.31 | 0.33,0,1.23 | 2.17 | 3.67,0,1.09 | 1.85 | 3.25,0.929,0.000,0,1,0,0,0,0,-1,0,4,0,,0,,0,,0,0,0,1
1723801324,387,3,2,8,8,5.162,4,0,0.30 | 0.31 | 0.33,0,1.23 | 2.17 | 3.67,0,1.09 | 1.85 | 3.25,0.929,0.000,0,1,0,0,0,0,-1,0,4,0,,0,,0,,0,0,0,1
1723801324,387,3,2,8,8,5.162,4,0,0.30 | 0.31 | 0.33,0,1.23 | 2.17 | 3.67,0,1.09 | 1.85 | 3.25,0.929,0.000,0,1,0,0,0,0,-1,0,4,0,,0,,0,,0,0,0,1
1723801324,387,3,2,8,8,5.162,4,0,0.30 | 0.31 | 0.33,0,1.23 | 2.17 | 3.67,0,1.09 | 1.85 | 3.25,0.929,0.000,0,1,0,0,0,0,-1,0,4,0,,0,,0,,0,0,0,1
1723801324,387,3,2,8,8,5.162,4,0,0.30 | 0.31 | 0.33,0,1.23 | 2.17 | 3.67,0,1.09 | 1.85 | 3.25,0.929,0.000,0,1,0,0,0,0,-1,0,4,0,,0,,0,,0,0,0,1
1723801324,387,3,2,8,8,5.162,4,0,0.30 | 0.31 | 0.33,0,1.23 | 2.17 | 3.67,0,1.09 | 1.85 | 3.25,0.929,0.000,0,1,0,0,0,0,-1,0,4,0,,0,,0,,0,0,0,1
1723801324,387,3,2,8,8,5.162,4,0,0.30 | 0.31 | 0.33,0,1.23 | 2.17 | 3.67,0,1.09 | 1.85 | 3.25,0.929,0.000,0,1,0,0,0,0,-1,0,4,0,,0,,0,,0,0,0,1
1723801324,387,3,2,8,8,5.162,4,0,0.30 | 0.31 | 0.33,0,1.23 | 2.17 | 3.67,0,1.09 | 1.85 | 3.25,0.929,0.000,0,1,0,0,0,0,-1,0,4,0,,0,,0,,0,0,0,1
1723801324,387,3,2,8,8,4.071,4,0,0.30 | 0.32 | 0.33,0,1.51 | 2.42 | 3.67,0,1.09 | 1.65 | 2.64,0.929,0.000,0,1,0,0,0,0,-1,0,4,0,,0,,0,,0,0,0,1
1723801324,387,3,2,8,8,4.071,4,0,0.30 | 0.32 | 0.33,0,1.51 | 2.42 | 3.67,0,1.09 | 1.65 | 2.64,0.929,0.000,0,1,0,0,0,0,-1,0,4,0,,0,,0,,0,0,0,1
1723801325,387,3,2,8,8,4.071,4,0,0.30 | 0.32 | 0.33,0,1.51 | 2.42 | 3.67,0,1.09 | 1.65 | 2.64,0.929,0.000,0,1,0,0,0,0,-1,0,4,0,,0,,0,,0,0,0,1
1723801325,387,3,2,8,8,4.071,4,0,0.30 | 0.32 | 0.33,0,1.51 | 2.42 | 3.67,0,1.09 | 1.65 | 2.64,0.929,0.000,0,1,0,0,0,0,-1,0,4,0,,0,,0,,0,0,0,1
1723801325,387,3,2,8,8,4.071,4,0,0.30 | 0.32 | 0.33,0,1.51 | 2.42 | 3.67,0,1.09 | 1.65 | 2.64,0.929,0.000,0,1,0,0,0,0,-1,0,4,0,,0,,0,,0,0,0,1
1723801325,387,3,2,8,8,4.071,4,0,0.30 | 0.32 | 0.33,0,1.51 | 2.42 | 3.67,0,1.09 | 1.65 | 2.64,0.929,0.000,0,1,0,0,0,0,-1,0,4,0,,0,,0,,0,0,0,1
1723801325,387,3,2,8,8,4.071,4,0,0.30 | 0.32 | 0.33,0,1.51 | 2.42 | 3.67,0,1.09 | 1.65 | 2.64,0.929,0.000,0,1,0,0,0,0,-1,0,4,0,,0,,0,,0,0,0,1
1723801325,387,3,2,8,8,4.071,4,0,0.30 | 0.32 | 0.33,0,1.51 | 2.42 | 3.67,0,1.09 | 1.65 | 2.64,0.929,0.000,0,1,0,0,0,0,-1,0,4,0,,0,,0,,0,0,0,1
1723801325,387,3,2,8,8,4.071,4,0,0.30 | 0.32 | 0.33,0,1.51 | 2.42 | 3.67,0,1.09 | 1.65 | 2.64,0.929,0.000,0,1,0,0,0,0,-1,0,4,0,,0,,0,,0,0,0,1
1723801325,387,3,2,8,8,4.071,4,0,0.30 | 0.32 | 0.33,0,1.51 | 2.42 | 3.67,0,1.09 | 1.65 | 2.64,0.929,0.000,0,1,0,0,0,0,-1,0,4,0,,0,,0,,0,0,0,1
1723801325,387,3,2,8,8,3.303,4,0,0.30 | 0.32 | 0.33,0,1.51 | 2.42 | 3.67,0,1.09 | 1.65 | 2.64,0.929,0.000,0,1,0,0,0,0,-1,0,4,0,,0,,0,,0,0,0,1
1723801325,387,3,2,8,8,3.303,4,0,0.30 | 0.32 | 0.33,0,1.51 | 2.42 | 3.67,0,1.09 | 1.65 | 2.64,0.929,0.000,0,1,0,0,0,0,-1,0,4,0,,0,,0,,0,0,0,1
1723801326,387,3,2,8,8,3.303,4,0,0.30 | 0.32 | 0.33,0,1.51 | 2.42 | 3.67,0,1.09 | 1.65 | 2.64,0.929,0.000,0,1,0,0,0,0,-1,0,4,0,,0,,0,,0,0,0,1
1723801326,387,3,2,8,8,3.303,4,0,0.30 | 0.32 | 0.33,0,1.51 | 2.42 | 3.67,0,1.09 | 1.65 | 2.64,0.929,0.000,0,1,0,0,0,0,-1,0,4,0,,0,,0,,0,0,0,1
1723801326,387,3,2,8,8,3.303,4,0,0.30 | 0.32 | 0.33,0,1.51 | 2.42 | 3.67,0,1.09 | 1.65 | 2.64,0.929,0.000,0,1,0,0,0,0,-1,0,4,0,,0,,0,,0,0,0,1
1723801326,387,3,2,8,8,3.303,4,0,0.30 | 0.32 | 0.33,0,1.51 | 2.42 | 3.67,0,1.09 | 1.65 | 2.64,0.929,0.000,0,1,0,0,0,0,-1,0,4,0,,0,,0,,0,0,0,1
1723801326,387,3,2,8,8,3.303,4,0,0.30 | 0.32 | 0.33,0,1.51 | 2.42 | 3.67,0,1.09 | 1.65 | 2.64,0.929,0.000,0,1,0,0,0,0,-1,0,4,0,,0,,0,,0,0,0,1
1723801326,387,3,2,8,8,3.303,4,0,0.30 | 0.32 | 0.33,0,1.51 | 2.42 | 3.67,0,1.09 | 1.65 | 2.64,0.929,0.000,0,1,0,0,0,0,-1,0,4,0,,0,,0,,0,0,0,1
1723801326,387,3,2,8,8,3.303,4,0,0.30 | 0.32 | 0.33,0,1.51 | 2.42 | 3.67,0,1.09 | 1.65 | 2.64,0.929,0.000,0,1,0,0,0,0,-1,0,4,0,,0,,0,,0,0,0,1
1723801326,387,3,2,8,8,3.303,4,0,0.30 | 0.32 | 0.33,0,1.51 | 2.42 | 3.67,0,1.09 | 1.65 | 2.64,0.929,0.000,0,1,0,0,0,0,-1,0,4,0,,0,,0,,0,0,0,1
1723801326,387,3,2,8,8,6.931,4,0,0.31 | 0.32 | 0.33,0,1.51 | 2.36 | 3.67,0,1.09 | 1.69 | 2.64,0.926,0.000,0,1,0,0,0,0,-1,0,4,0,,0,,0,,0,0,0,1
1723801326,387,3,2,8,8,6.931,4,0,0.31 | 0.32 | 0.33,0,1.51 | 2.36 | 3.67,0,1.09 | 1.69 | 2.64,0.926,0.000,0,1,0,0,0,0,-1,0,4,0,,0,,0,,0,0,0,1
1723801327,387,3,2,8,8,6.931,4,0,0.31 | 0.32 | 0.33,0,1.51 | 2.36 | 3.67,0,1.09 | 1.69 | 2.64,0.926,0.000,0,1,0,0,0,0,-1,0,4,0,,0,,0,,0,0,0,1
1723801327,387,3,2,8,8,6.931,4,0,0.31 | 0.32 | 0.33,0,1.51 | 2.36 | 3.67,0,1.09 | 1.69 | 2.64,0.926,0.000,0,1,0,0,0,0,-1,0,4,0,,0,,0,,0,0,0,1
1723801327,387,3,2,8,8,6.931,4,0,0.31 | 0.32 | 0.33,0,1.51 | 2.36 | 3.67,0,1.09 | 1.69 | 2.64,0.926,0.000,0,1,0,0,0,0,-1,0,4,0,,0,,0,,0,0,0,1
1723801327,387,3,2,8,8,6.931,4,0,0.31 | 0.32 | 0.33,0,1.51 | 2.36 | 3.67,0,1.09 | 1.69 | 2.64,0.926,0.000,0,1,0,0,0,0,-1,0,4,0,,0,,0,,0,0,0,1
1723801327,387,3,2,8,8,6.931,4,0,0.31 | 0.32 | 0.33,0,1.51 | 2.36 | 3.67,0,1.09 | 1.69 | 2.64,0.926,0.000,0,1,0,0,0,0,-1,0,4,0,,0,,0,,0,0,0,1
1723801327,387,3,2,8,8,6.931,4,0,0.31 | 0.32 | 0.33,0,1.51 | 2.36 | 3.67,0,1.09 | 1.69 | 2.64,0.926,0.000,0,1,0,0,0,0,-1,0,4,0,,0,,0,,0,0,0,1
1723801327,387,3,2,8,8,6.931,4,0,0.31 | 0.32 | 0.33,0,1.51 | 2.36 | 3.67,0,1.09 | 1.69 | 2.64,0.926,0.000,0,1,0,0,0,0,-1,0,4,0,,0,,0,,0,0,0,1
1723801327,387,3,2,8,8,6.931,4,0,0.31 | 0.32 | 0.33,0,1.51 | 2.36 | 3.67,0,1.09 | 1.69 | 2.64,0.926,0.000,0,1,0,0,0,0,-1,0,4,0,,0,,0,,0,0,0,1
1723801327,387,3,2,8,8,5.978,4,0,0.31 | 0.32 | 0.33,0,1.51 | 2.36 | 3.67,0,1.09 | 1.69 | 2.64,0.926,0.000,0,1,0,0,0,0,-1,0,4,0,,0,,0,,0,0,0,1
1723801327,387,3,2,8,8,5.978,4,0,0.31 | 0.32 | 0.33,0,1.51 | 2.36 | 3.67,0,1.09 | 1.69 | 2.64,0.926,0.000,0,1,0,0,0,0,-1,0,4,0,,0,,0,,0,0,0,1
1723801328,387,3,2,8,8,5.978,4,0,0.31 | 0.32 | 0.33,0,1.51 | 2.36 | 3.67,0,1.09 | 1.69 | 2.64,0.926,0.000,0,1,0,0,0,0,-1,0,4,0,,0,,0,,0,0,0,1
1723801328,387,3,2,8,8,5.978,4,0,0.31 | 0.32 | 0.33,0,1.51 | 2.36 | 3.67,0,1.09 | 1.69 | 2.64,0.926,0.000,0,1,0,0,0,0,-1,0,4,0,,0,,0,,0,0,0,1
1723801328,387,3,2,8,8,5.978,4,0,0.31 | 0.32 | 0.33,0,1.51 | 2.36 | 3.67,0,1.09 | 1.69 | 2.64,0.926,0.000,0,1,0,0,0,0,-1,0,4,0,,0,,0,,0,0,0,1
1723801328,387,3,2,8,8,5.978,4,0,0.31 | 0.32 | 0.33,0,1.51 | 2.36 | 3.67,0,1.09 | 1.69 | 2.64,0.926,0.000,0,1,0,0,0,0,-1,0,4,0,,0,,0,,0,0,0,1
1723801328,387,3,2,8,8,5.978,4,0,0.31 | 0.32 | 0.33,0,1.51 | 2.36 | 3.67,0,1.09 | 1.69 | 2.64,0.926,0.000,0,1,0,0,0,0,-1,0,4,0,,0,,0,,0,0,0,1
1723801328,387,3,2,8,8,5.978,4,0,0.31 | 0.32 | 0.33,0,1.51 | 2.36 | 3.67,0,1.09 | 1.69 | 2.64,0.926,0.000,0,1,0,0,0,0,-1,0,4,0,,0,,0,,0,0,0,1
1723801328,387,3,2,8,8,5.978,4,0,0.31 | 0.32 | 0.33,0,1.51 | 2.36 | 3.67,0,1.09 | 1.69 | 2.64,0.926,0.000,0,1,0,0,0,0,-1,0,4,0,,0,,0,,0,0,0,1
1723801328,387,3,2,8,8,5.978,4,0,0.31 | 0.32 | 0.33,0,1.51 | 2.36 | 3.67,0,1.09 | 1.69 | 2.64,0.926,0.000,0,1,0,0,0,0,-1,0,4,0,,0,,0,,0,0,0,1
1723801328,387,3,2,8,8,8.115,4,0,0.31 | 0.32 | 0.33,0,1.37 | 2.33 | 3.67,0,1.09 | 1.72 | 2.92,0.933,0.000,0,1,0,0,0,0,-1,0,4,0,,0,,0,,0,0,0,1
1723801328,387,3,2,8,8,8.115,4,0,0.31 | 0.32 | 0.33,0,1.37 | 2.33 | 3.67,0,1.09 | 1.72 | 2.92,0.933,0.000,0,1,0,0,0,0,-1,0,4,0,,0,,0,,0,0,0,1
1723801329,387,2,2,8,8,8.115,4,0,0.31 | 0.32 | 0.33,0,1.37 | 2.33 | 3.67,0,1.09 | 1.72 | 2.92,0.933,0.000,0,1,0,0,0,0,-1,0,4,0,,0,,0,,0,0,0,1
1723801329,387,2,2,8,8,8.115,4,0,0.31 | 0.32 | 0.33,0,1.37 | 2.33 | 3.67,0,1.09 | 1.72 | 2.92,0.933,0.000,0,1,0,0,0,0,-1,0,4,0,,0,,0,,0,0,0,1
1723801329,387,2,2,8,8,8.115,4,0,0.31 | 0.32 | 0.33,0,1.37 | 2.33 | 3.67,0,1.09 | 1.72 | 2.92,0.933,0.000,0,1,0,0,0,0,-1,0,4,0,,0,,0,,0,0,0,1
1723801329,387,2,2,8,8,8.115,4,0,0.31 | 0.32 | 0.33,0,1.37 | 2.33 | 3.67,0,1.09 | 1.72 | 2.92,0.933,0.000,0,1,0,0,0,0,-1,0,4,0,,0,,0,,0,0,0,1
1723801329,387,2,2,8,8,8.115,4,0,0.31 | 0.32 | 0.33,0,1.37 | 2.33 | 3.67,0,1.09 | 1.72 | 2.92,0.933,0.000,0,1,0,0,0,0,-1,0,4,0,,0,,0,,0,0,0,1
