ts,videoBitrate,videoIndex,videoPendingIndex,videoPendingMaxIndex,videoMaxIndex,videoBufferLength,videoDroppedFrames,videoLatencyCount,videoLatency,videoDownloadCount,videoDownload,videoRatioCount,videoRatio,videoMtp,videoEtp,videoLiveLatency,videoPlaybackRate,audioBitrate,audioIndex,audioPendingIndex,audioPendingMaxIndex,audioMaxIndex,audioBufferLength,audioDroppedFrames,audioLatencyCount,audioLatency,audioDownloadCount,audioDownload,audioRatioCount,audioRatio,audioMtp,audioEtp,Throughput,audioLiveLatency,audioPlaybackRate
17254810321,2406,4,7,8,0,0,0,0,,0,,0,,0,0,0,1,0,0,0,0,0,0,0,0,,0,,0,,0,0,3018,0,1
17254810322,2406,4,7,8,0,0,0,0,,0,,0,,0,0,0,1,0,0,0,0,0,0,0,0,,0,,0,,0,0,3018,0,1
17254810323,2406,4,7,8,8,4.685,0,0,0.21 | 0.21 | 0.21,0,0.55 | 0.55 | 0.55,0,7.22 | 7.22 | 7.22,3.018,0.000,0,1,0,0,0,0,-1,0,0,0,,0,,0,,0,0,3018,0,1
17254810324,2406,4,7,8,8,4.685,0,0,0.21 | 0.21 | 0.21,0,0.55 | 0.55 | 0.55,0,7.22 | 7.22 | 7.22,3.018,0.000,0,1,0,0,0,0,-1,0,0,0,,0,,0,,0,0,3018,0,1
17254810325,2406,4,7,8,8,4.685,0,0,0.21 | 0.21 | 0.21,0,0.55 | 0.55 | 0.55,0,7.22 | 7.22 | 7.22,3.018,0.000,0,1,0,0,0,0,-1,0,0,0,,0,,0,,0,0,3018,0,1
17254810326,2406,4,7,8,8,4.685,0,0,0.21 | 0.21 | 0.21,0,0.55 | 0.55 | 0.55,0,7.22 | 7.22 | 7.22,3.018,0.000,0,1,0,0,0,0,-1,0,0,0,,0,,0,,0,0,3018,0,1
17254810327,2406,4,7,8,8,4.685,0,0,0.21 | 0.21 | 0.21,0,0.55 | 0.55 | 0.55,0,7.22 | 7.22 | 7.22,3.018,0.000,0,1,0,0,0,0,-1,0,0,0,,0,,0,,0,0,3018,0,1
17254810328,2406,4,7,8,8,4.685,0,0,0.21 | 0.21 | 0.21,0,0.55 | 0.55 | 0.55,0,7.22 | 7.22 | 7.22,3.018,0.000,0,1,0,0,0,0,-1,0,0,0,,0,,0,,0,0,3018,0,1
17254810329,2406,4,7,8,8,4.685,0,0,0.21 | 0.21 | 0.21,0,0.55 | 0.55 | 0.55,0,7.22 | 7.22 | 7.22,3.018,0.000,0,1,0,0,0,0,-1,0,0,0,,0,,0,,0,0,3018,0,1
17254810330,2406,4,7,8,8,4.685,0,0,0.21 | 0.21 | 0.21,0,0.55 | 0.55 | 0.55,0,7.22 | 7.22 | 7.22,3.018,0.000,0,1,0,0,0,0,-1,0,0,0,,0,,0,,0,0,3018,0,1
17254810331,2406,4,7,8,8,4.685,0,0,0.21 | 0.21 | 0.21,0,0.55 | 0.55 | 0.55,0,7.22 | 7.22 | 7.22,3.018,0.000,0,1,0,0,0,0,-1,0,0,0,,0,,0,,0,0,3018,0,1
17254810332,2406,4,7,8,8,4.685,0,0,0.21 | 0.21 | 0.21,0,0.55 | 0.55 | 0.55,0,7.22 | 7.22 | 7.22,3.018,0.000,0,1,0,0,0,0,-1,0,0,0,,0,,0,,0,0,3018,0,1
17254810333,2406,4,7,8,8,3.748,1,0,0.21 | 0.21 | 0.21,0,0.55 | 0.55 | 0.55,0,7.22 | 7.22 | 7.22,3.018,0.000,0,1,0,0,0,0,-1,0,1,0,,0,,0,,0,0,3018,0,1
17254810334,2406,4,7,8,8,3.748,1,0,0.21 | 0.21 | 0.21,0,0.55 | 0.55 | 0.55,0,7.22 | 7.22 | 7.22,3.018,0.000,0,1,0,0,0,0,-1,0,1,0,,0,,0,,0,0,3018,0,1
17254810335,2406,4,7,8,8,3.748,1,0,0.21 | 0.21 | 0.21,0,0.55 | 0.55 | 0.55,0,7.22 | 7.22 | 7.22,3.018,0.000,0,1,0,0,0,0,-1,0,1,0,,0,,0,,0,0,3018,0,1
17254810336,1446,4,6,8,8,3.748,1,0,0.21 | 0.21 | 0.21,0,0.55 | 0.55 | 0.55,0,7.22 | 7.22 | 7.22,3.018,0.000,0,1,0,0,0,0,-1,0,1,0,,0,,0,,0,0,2147,0,1
17254810337,1446,4,6,8,8,3.748,1,0,0.21 | 0.21 | 0.21,0,0.55 | 0.55 | 0.55,0,7.22 | 7.22 | 7.22,3.018,0.000,0,1,0,0,0,0,-1,0,1,0,,0,,0,,0,0,2147,0,1
17254810338,1446,4,6,8,8,3.748,1,0,0.21 | 0.21 | 0.21,0,0.55 | 0.55 | 0.55,0,7.22 | 7.22 | 7.22,3.018,0.000,0,1,0,0,0,0,-1,0,1,0,,0,,0,,0,0,2147,0,1
17254810339,1446,4,6,8,8,3.748,1,0,0.21 | 0.21 | 0.21,0,0.55 | 0.55 | 0.55,0,7.22 | 7.22 | 7.22,3.018,0.000,0,1,0,0,0,0,-1,0,1,0,,0,,0,,0,0,2147,0,1
17254810340,1446,4,6,8,8,3.748,1,0,0.21 | 0.21 | 0.21,0,0.55 | 0.55 | 0.55,0,7.22 | 7.22 | 7.22,3.018,0.000,0,1,0,0,0,0,-1,0,1,0,,0,,0,,0,0,2147,0,1
17254810341,1446,4,6,8,8,3.748,1,0,0.21 | 0.21 | 0.21,0,0.55 | 0.55 | 0.55,0,7.22 | 7.22 | 7.22,3.018,0.000,0,1,0,0,0,0,-1,0,1,0,,0,,0,,0,0,2147,0,1
17254810342,1446,4,6,8,8,3.748,1,0,0.21 | 0.21 | 0.21,0,0.55 | 0.55 | 0.55,0,7.22 | 7.22 | 7.22,3.018,0.000,0,1,0,0,0,0,-1,0,1,0,,0,,0,,0,0,2147,0,1
17254810343,1446,4,6,8,8,5.885,1,0,0.14 | 0.17 | 0.21,0,0.55 | 0.91 | 1.27,0,3.15 | 4.39 | 7.22,2.147,0.000,0,1,0,0,0,0,-1,0,1,0,,0,,0,,0,0,2147,0,1
17254810344,1446,4,6,8,8,5.885,1,0,0.14 | 0.17 | 0.21,0,0.55 | 0.91 | 1.27,0,3.15 | 4.39 | 7.22,2.147,0.000,0,1,0,0,0,0,-1,0,1,0,,0,,0,,0,0,2147,0,1
17254810345,1446,4,6,8,8,5.885,1,0,0.14 | 0.17 | 0.21,0,0.55 | 0.91 | 1.27,0,3.15 | 4.39 | 7.22,2.147,0.000,0,1,0,0,0,0,-1,0,1,0,,0,,0,,0,0,2147,0,1
17254810346,1446,4,6,8,8,5.885,1,0,0.14 | 0.17 | 0.21,0,0.55 | 0.91 | 1.27,0,3.15 | 4.39 | 7.22,2.147,0.000,0,1,0,0,0,0,-1,0,1,0,,0,,0,,0,0,2147,0,1
17254810347,1446,4,6,8,8,5.885,1,0,0.14 | 0.17 | 0.21,0,0.55 | 0.91 | 1.27,0,3.15 | 4.39 | 7.22,2.147,0.000,0,1,0,0,0,0,-1,0,1,0,,0,,0,,0,0,2147,0,1
17254810348,1446,4,6,8,8,5.885,1,0,0.14 | 0.17 | 0.21,0,0.55 | 0.91 | 1.27,0,3.15 | 4.39 | 7.22,2.147,0.000,0,1,0,0,0,0,-1,0,1,0,,0,,0,,0,0,2147,0,1
17254810349,1446,4,6,8,8,5.885,1,0,0.14 | 0.17 | 0.21,0,0.55 | 0.91 | 1.27,0,3.15 | 4.39 | 7.22,2.147,0.000,0,1,0,0,0,0,-1,0,1,0,,0,,0,,0,0,2147,0,1
17254810350,1446,4,6,8,8,5.885,1,0,0.14 | 0.17 | 0.21,0,0.55 | 0.91 | 1.27,0,3.15 | 4.39 | 7.22,2.147,0.000,0,1,0,0,0,0,-1,0,1,0,,0,,0,,0,0,2147,0,1
17254810351,1446,4,6,8,8,5.885,1,0,0.14 | 0.17 | 0.21,0,0.55 | 0.91 | 1.27,0,3.15 | 4.39 | 7.22,2.147,0.000,0,1,0,0,0,0,-1,0,1,0,,0,,0,,0,0,2147,0,1
17254810352,1446,4,6,8,8,5.885,1,0,0.14 | 0.17 | 0.21,0,0.55 | 0.91 | 1.27,0,3.15 | 4.39 | 7.22,2.147,0.000,0,1,0,0,0,0,-1,0,1,0,,0,,0,,0,0,2147,0,1
17254810353,1446,4,6,8,8,4.822,1,0,0.14 | 0.17 | 0.21,0,0.55 | 0.91 | 1.27,0,3.15 | 4.39 | 7.22,2.147,0.000,0,1,0,0,0,0,-1,0,1,0,,0,,0,,0,0,2147,0,1
17254810354,1446,4,6,8,8,4.822,1,0,0.14 | 0.17 | 0.21,0,0.55 | 0.91 | 1.27,0,3.15 | 4.39 | 7.22,2.147,0.000,0,1,0,0,0,0,-1,0,1,0,,0,,0,,0,0,2147,0,1
17254810355,1446,4,6,8,8,4.822,1,0,0.14 | 0.17 | 0.21,0,0.55 | 0.91 | 1.27,0,3.15 | 4.39 | 7.22,2.147,0.000,0,1,0,0,0,0,-1,0,1,0,,0,,0,,0,0,2147,0,1
17254810356,1446,4,6,8,8,4.822,1,0,0.14 | 0.17 | 0.21,0,0.55 | 0.91 | 1.27,0,3.15 | 4.39 | 7.22,2.147,0.000,0,1,0,0,0,0,-1,0,1,0,,0,,0,,0,0,2147,0,1
17254810357,1446,4,6,8,8,4.822,1,0,0.14 | 0.17 | 0.21,0,0.55 | 0.91 | 1.27,0,3.15 | 4.39 | 7.22,2.147,0.000,0,1,0,0,0,0,-1,0,1,0,,0,,0,,0,0,2147,0,1
17254810358,1446,4,6,8,8,4.822,1,0,0.14 | 0.17 | 0.21,0,0.55 | 0.91 | 1.27,0,3.15 | 4.39 | 7.22,2.147,0.000,0,1,0,0,0,0,-1,0,1,0,,0,,0,,0,0,2147,0,1
17254810359,1446,4,6,8,8,4.822,1,0,0.14 | 0.17 | 0.21,0,0.55 | 0.91 | 1.27,0,3.15 | 4.39 | 7.22,2.147,0.000,0,1,0,0,0,0,-1,0,1,0,,0,,0,,0,0,2147,0,1
17254810360,1446,4,6,8,8,4.822,1,0,0.14 | 0.17 | 0.21,0,0.55 | 0.91 | 1.27,0,3.15 | 4.39 | 7.22,2.147,0.000,0,1,0,0,0,0,-1,0,1,0,,0,,0,,0,0,2147,0,1
17254810361,1446,4,6,8,8,4.822,1,0,0.14 | 0.17 | 0.21,0,0.55 | 0.91 | 1.27,0,3.15 | 4.39 | 7.22,2.147,0.000,0,1,0,0,0,0,-1,0,1,0,,0,,0,,0,0,2147,0,1
17254810362,1446,4,6,8,8,4.822,1,0,0.14 | 0.17 | 0.21,0,0.55 | 0.91 | 1.27,0,3.15 | 4.39 | 7.22,2.147,0.000,0,1,0,0,0,0,-1,0,1,0,,0,,0,,0,0,2147,0,1
17254810363,1446,4,6,8,8,4.026,1,0,0.14 | 0.17 | 0.21,0,0.55 | 0.91 | 1.27,0,3.15 | 4.39 | 7.22,2.147,0.000,0,1,0,0,0,0,-1,0,1,0,,0,,0,,0,0,2147,0,1
17254810364,1446,7,6,8,8,4.026,1,0,0.14 | 0.17 | 0.21,0,0.55 | 0.91 | 1.27,0,3.15 | 4.39 | 7.22,2.147,0.000,0,1,0,0,0,0,-1,0,1,0,,0,,0,,0,0,2147,0,1
17254810365,1446,7,6,8,8,4.026,1,0,0.14 | 0.17 | 0.21,0,0.55 | 0.91 | 1.27,0,3.15 | 4.39 | 7.22,2.147,0.000,0,1,0,0,0,0,-1,0,1,0,,0,,0,,0,0,2147,0,1
17254810366,1446,7,6,8,8,4.026,1,0,0.14 | 0.17 | 0.21,0,0.55 | 0.91 | 1.27,0,3.15 | 4.39 | 7.22,2.147,0.000,0,1,0,0,0,0,-1,0,1,0,,0,,0,,0,0,2147,0,1
17254810367,1446,7,6,8,8,4.026,1,0,0.14 | 0.17 | 0.21,0,0.55 | 0.91 | 1.27,0,3.15 | 4.39 | 7.22,2.147,0.000,0,1,0,0,0,0,-1,0,1,0,,0,,0,,0,0,2147,0,1
17254810368,772,7,4,8,8,4.026,1,0,0.14 | 0.17 | 0.21,0,0.55 | 0.91 | 1.27,0,3.15 | 4.39 | 7.22,2.147,0.000,0,1,0,0,0,0,-1,0,1,0,,0,,0,,0,0,2147,0,1
17254810369,772,7,4,8,8,4.026,1,0,0.14 | 0.17 | 0.21,0,0.55 | 0.91 | 1.27,0,3.15 | 4.39 | 7.22,2.147,0.000,0,1,0,0,0,0,-1,0,1,0,,0,,0,,0,0,2147,0,1
17254810370,772,7,4,8,8,4.026,1,0,0.14 | 0.17 | 0.21,0,0.55 | 0.91 | 1.27,0,3.15 | 4.39 | 7.22,2.147,0.000,0,1,0,0,0,0,-1,0,1,0,,0,,0,,0,0,2147,0,1
17254810371,772,7,4,8,8,4.026,1,0,0.14 | 0.17 | 0.21,0,0.55 | 0.91 | 1.27,0,3.15 | 4.39 | 7.22,2.147,0.000,0,1,0,0,0,0,-1,0,1,0,,0,,0,,0,0,2147,0,1
17254810372,772,7,4,8,8,4.026,1,0,0.14 | 0.17 | 0.21,0,0.55 | 0.91 | 1.27,0,3.15 | 4.39 | 7.22,2.147,0.000,0,1,0,0,0,0,-1,0,1,0,,0,,0,,0,0,2147,0,1
17254810373,772,7,4,8,8,2.854,1,0,0.14 | 0.17 | 0.21,0,0.55 | 0.91 | 1.27,0,3.15 | 4.39 | 7.22,2.147,0.000,0,1,0,0,0,0,-1,0,1,0,,0,,0,,0,0,2147,0,1
17254810374,772,7,4,8,8,2.854,1,0,0.14 | 0.17 | 0.21,0,0.55 | 0.91 | 1.27,0,3.15 | 4.39 | 7.22,2.147,0.000,0,1,0,0,0,0,-1,0,1,0,,0,,0,,0,0,2147,0,1
17254810375,772,7,4,8,8,2.854,1,0,0.14 | 0.17 | 0.21,0,0.55 | 0.91 | 1.27,0,3.15 | 4.39 | 7.22,2.147,0.000,0,1,0,0,0,0,-1,0,1,0,,0,,0,,0,0,2147,0,1
17254810376,772,7,4,8,8,2.854,1,0,0.14 | 0.17 | 0.21,0,0.55 | 0.91 | 1.27,0,3.15 | 4.39 | 7.22,2.147,0.000,0,1,0,0,0,0,-1,0,1,0,,0,,0,,0,0,2147,0,1
17254810377,772,7,4,8,8,2.854,1,0,0.14 | 0.17 | 0.21,0,0.55 | 0.91 | 1.27,0,3.15 | 4.39 | 7.22,2.147,0.000,0,1,0,0,0,0,-1,0,1,0,,0,,0,,0,0,2147,0,1
17254810378,772,7,4,8,8,2.854,1,0,0.14 | 0.17 | 0.21,0,0.55 | 0.91 | 1.27,0,3.15 | 4.39 | 7.22,2.147,0.000,0,1,0,0,0,0,-1,0,1,0,,0,,0,,0,0,2147,0,1
17254810379,772,7,4,8,8,2.854,1,0,0.14 | 0.17 | 0.21,0,0.55 | 0.91 | 1.27,0,3.15 | 4.39 | 7.22,2.147,0.000,0,1,0,0,0,0,-1,0,1,0,,0,,0,,0,0,2147,0,1
17254810380,772,7,4,8,8,2.854,1,0,0.14 | 0.17 | 0.21,0,0.55 | 0.91 | 1.27,0,3.15 | 4.39 | 7.22,2.147,0.000,0,1,0,0,0,0,-1,0,1,0,,0,,0,,0,0,2147,0,1
17254810381,772,7,4,8,8,2.854,1,0,0.14 | 0.17 | 0.21,0,0.55 | 0.91 | 1.27,0,3.15 | 4.39 | 7.22,2.147,0.000,0,1,0,0,0,0,-1,0,1,0,,0,,0,,0,0,2147,0,1
17254810382,772,7,4,8,8,2.854,1,0,0.14 | 0.17 | 0.21,0,0.55 | 0.91 | 1.27,0,3.15 | 4.39 | 7.22,2.147,0.000,0,1,0,0,0,0,-1,0,1,0,,0,,0,,0,0,2147,0,1
17254810383,772,7,4,8,8,1.901,1,0,0.14 | 0.17 | 0.21,0,0.55 | 0.91 | 1.27,0,3.15 | 4.39 | 7.22,2.147,0.000,0,1,0,0,0,0,-1,0,1,0,,0,,0,,0,0,2147,0,1
17254810384,772,7,4,8,8,1.901,1,0,0.14 | 0.17 | 0.21,0,0.55 | 0.91 | 1.27,0,3.15 | 4.39 | 7.22,2.147,0.000,0,1,0,0,0,0,-1,0,1,0,,0,,0,,0,0,2147,0,1
17254810385,772,7,4,8,8,1.901,1,0,0.14 | 0.17 | 0.21,0,0.55 | 0.91 | 1.27,0,3.15 | 4.39 | 7.22,2.147,0.000,0,1,0,0,0,0,-1,0,1,0,,0,,0,,0,0,2147,0,1
17254810386,772,7,4,8,8,1.901,1,0,0.14 | 0.17 | 0.21,0,0.55 | 0.91 | 1.27,0,3.15 | 4.39 | 7.22,2.147,0.000,0,1,0,0,0,0,-1,0,1,0,,0,,0,,0,0,2147,0,1
17254810387,772,7,4,8,8,1.901,1,0,0.14 | 0.17 | 0.21,0,0.55 | 0.91 | 1.27,0,3.15 | 4.39 | 7.22,2.147,0.000,0,1,0,0,0,0,-1,0,1,0,,0,,0,,0,0,2147,0,1
17254810388,772,7,4,8,8,1.901,1,0,0.14 | 0.17 | 0.21,0,0.55 | 0.91 | 1.27,0,3.15 | 4.39 | 7.22,2.147,0.000,0,1,0,0,0,0,-1,0,1,0,,0,,0,,0,0,2147,0,1
17254810389,772,7,4,8,8,1.901,1,0,0.14 | 0.17 | 0.21,0,0.55 | 0.91 | 1.27,0,3.15 | 4.39 | 7.22,2.147,0.000,0,1,0,0,0,0,-1,0,1,0,,0,,0,,0,0,2147,0,1
17254810390,772,7,4,8,8,1.901,1,0,0.14 | 0.17 | 0.21,0,0.55 | 0.91 | 1.27,0,3.15 | 4.39 | 7.22,2.147,0.000,0,1,0,0,0,0,-1,0,1,0,,0,,0,,0,0,2147,0,1
17254810391,772,7,4,8,8,1.901,1,0,0.14 | 0.17 | 0.21,0,0.55 | 0.91 | 1.27,0,3.15 | 4.39 | 7.22,2.147,0.000,0,1,0,0,0,0,-1,0,1,0,,0,,0,,0,0,2147,0,1
17254810392,772,7,4,8,8,1.901,1,0,0.14 | 0.17 | 0.21,0,0.55 | 0.91 | 1.27,0,3.15 | 4.39 | 7.22,2.147,0.000,0,1,0,0,0,0,-1,0,1,0,,0,,0,,0,0,2147,0,1
17254810393,772,7,4,8,8,0.838,1,0,0.14 | 0.17 | 0.21,0,0.55 | 0.91 | 1.27,0,3.15 | 4.39 | 7.22,2.147,0.000,0,1,0,0,0,0,-1,0,1,0,,0,,0,,0,0,2147,0,1
17254810394,772,7,4,8,8,0.838,1,0,0.14 | 0.17 | 0.21,0,0.55 | 0.91 | 1.27,0,3.15 | 4.39 | 7.22,2.147,0.000,0,1,0,0,0,0,-1,0,1,0,,0,,0,,0,0,2147,0,1
17254810395,772,7,4,8,8,0.838,1,0,0.14 | 0.17 | 0.21,0,0.55 | 0.91 | 1.27,0,3.15 | 4.39 | 7.22,2.147,0.000,0,1,0,0,0,0,-1,0,1,0,,0,,0,,0,0,2147,0,1
17254810396,772,7,4,8,8,0.838,1,0,0.14 | 0.17 | 0.21,0,0.55 | 0.91 | 1.27,0,3.15 | 4.39 | 7.22,2.147,0.000,0,1,0,0,0,0,-1,0,1,0,,0,,0,,0,0,2147,0,1
17254810397,772,7,4,8,8,0.838,1,0,0.14 | 0.17 | 0.21,0,0.55 | 0.91 | 1.27,0,3.15 | 4.39 | 7.22,2.147,0.000,0,1,0,0,0,0,-1,0,1,0,,0,,0,,0,0,2147,0,1
17254810398,772,7,4,8,8,0.838,1,0,0.14 | 0.17 | 0.21,0,0.55 | 0.91 | 1.27,0,3.15 | 4.39 | 7.22,2.147,0.000,0,1,0,0,0,0,-1,0,1,0,,0,,0,,0,0,2147,0,1
17254810399,772,7,4,8,8,0.838,1,0,0.14 | 0.17 | 0.21,0,0.55 | 0.91 | 1.27,0,3.15 | 4.39 | 7.22,2.147,0.000,0,1,0,0,0,0,-1,0,1,0,,0,,0,,0,0,2147,0,1
17254810400,772,7,4,8,8,0.838,1,0,0.14 | 0.17 | 0.21,0,0.55 | 0.91 | 1.27,0,3.15 | 4.39 | 7.22,2.147,0.000,0,1,0,0,0,0,-1,0,1,0,,0,,0,,0,0,2147,0,1
17254810401,772,7,4,8,8,0.838,1,0,0.14 | 0.17 | 0.21,0,0.55 | 0.91 | 1.27,0,3.15 | 4.39 | 7.22,2.147,0.000,0,1,0,0,0,0,-1,0,1,0,,0,,0,,0,0,2147,0,1
17254810402,772,7,4,8,8,0.838,1,0,0.14 | 0.17 | 0.21,0,0.55 | 0.91 | 1.27,0,3.15 | 4.39 | 7.22,2.147,0.000,0,1,0,0,0,0,-1,0,1,0,,0,,0,,0,0,2147,0,1
17254810403,772,7,4,8,8,0.12,1,0,0.14 | 0.17 | 0.21,0,0.55 | 0.91 | 1.27,0,3.15 | 4.39 | 7.22,2.147,0.000,0,1,0,0,0,0,-1,0,1,0,,0,,0,,0,0,2147,0,1
17254810404,772,7,4,8,8,0.12,1,0,0.14 | 0.17 | 0.21,0,0.55 | 0.91 | 1.27,0,3.15 | 4.39 | 7.22,2.147,0.000,0,1,0,0,0,0,-1,0,1,0,,0,,0,,0,0,2147,0,1
17254810405,772,7,4,8,8,0.12,1,0,0.14 | 0.17 | 0.21,0,0.55 | 0.91 | 1.27,0,3.15 | 4.39 | 7.22,2.147,0.000,0,1,0,0,0,0,-1,0,1,0,,0,,0,,0,0,2147,0,1
17254810406,772,7,4,8,8,0.12,1,0,0.14 | 0.17 | 0.21,0,0.55 | 0.91 | 1.27,0,3.15 | 4.39 | 7.22,2.147,0.000,0,1,0,0,0,0,-1,0,1,0,,0,,0,,0,0,2147,0,1
17254810407,772,7,4,8,8,0.12,1,0,0.14 | 0.17 | 0.21,0,0.55 | 0.91 | 1.27,0,3.15 | 4.39 | 7.22,2.147,0.000,0,1,0,0,0,0,-1,0,1,0,,0,,0,,0,0,2147,0,1
17254810408,772,7,4,8,8,0.12,1,0,0.14 | 0.17 | 0.21,0,0.55 | 0.91 | 1.27,0,3.15 | 4.39 | 7.22,2.147,0.000,0,1,0,0,0,0,-1,0,1,0,,0,,0,,0,0,2147,0,1
17254810409,772,7,4,8,8,0.12,1,0,0.14 | 0.17 | 0.21,0,0.55 | 0.91 | 1.27,0,3.15 | 4.39 | 7.22,2.147,0.000,0,1,0,0,0,0,-1,0,1,0,,0,,0,,0,0,2147,0,1
17254810410,772,7,4,8,8,0.12,1,0,0.14 | 0.17 | 0.21,0,0.55 | 0.91 | 1.27,0,3.15 | 4.39 | 7.22,2.147,0.000,0,1,0,0,0,0,-1,0,1,0,,0,,0,,0,0,2147,0,1
17254810411,772,7,4,8,8,0.12,1,0,0.14 | 0.17 | 0.21,0,0.55 | 0.91 | 1.27,0,3.15 | 4.39 | 7.22,2.147,0.000,0,1,0,0,0,0,-1,0,1,0,,0,,0,,0,0,2147,0,1
17254810412,772,7,4,8,8,0.12,1,0,0.14 | 0.17 | 0.21,0,0.55 | 0.91 | 1.27,0,3.15 | 4.39 | 7.22,2.147,0.000,0,1,0,0,0,0,-1,0,1,0,,0,,0,,0,0,2147,0,1
17254810413,772,7,4,8,8,0.12,1,0,0.14 | 0.17 | 0.21,0,0.55 | 0.91 | 1.27,0,3.15 | 4.39 | 7.22,2.147,0.000,0,1,0,0,0,0,-1,0,1,0,,0,,0,,0,0,2147,0,1
17254810414,772,7,4,8,8,0.12,1,0,0.14 | 0.17 | 0.21,0,0.55 | 0.91 | 1.27,0,3.15 | 4.39 | 7.22,2.147,0.000,0,1,0,0,0,0,-1,0,1,0,,0,,0,,0,0,2147,0,1
17254810415,772,7,4,8,8,0.12,1,0,0.14 | 0.17 | 0.21,0,0.55 | 0.91 | 1.27,0,3.15 | 4.39 | 7.22,2.147,0.000,0,1,0,0,0,0,-1,0,1,0,,0,,0,,0,0,2147,0,1
17254810416,772,7,4,8,8,0.12,1,0,0.14 | 0.17 | 0.21,0,0.55 | 0.91 | 1.27,0,3.15 | 4.39 | 7.22,2.147,0.000,0,1,0,0,0,0,-1,0,1,0,,0,,0,,0,0,2147,0,1
17254810417,772,7,4,8,8,0.12,1,0,0.14 | 0.17 | 0.21,0,0.55 | 0.91 | 1.27,0,3.15 | 4.39 | 7.22,2.147,0.000,0,1,0,0,0,0,-1,0,1,0,,0,,0,,0,0,2147,0,1
17254810418,772,7,4,8,8,0.12,1,0,0.14 | 0.17 | 0.21,0,0.55 | 0.91 | 1.27,0,3.15 | 4.39 | 7.22,2.147,0.000,0,1,0,0,0,0,-1,0,1,0,,0,,0,,0,0,2147,0,1
17254810419,772,7,4,8,8,0.12,1,0,0.14 | 0.17 | 0.21,0,0.55 | 0.91 | 1.27,0,3.15 | 4.39 | 7.22,2.147,0.000,0,1,0,0,0,0,-1,0,1,0,,0,,0,,0,0,2147,0,1
17254810420,772,7,4,8,8,0.12,1,0,0.14 | 0.17 | 0.21,0,0.55 | 0.91 | 1.27,0,3.15 | 4.39 | 7.22,2.147,0.000,0,1,0,0,0,0,-1,0,1,0,,0,,0,,0,0,2147,0,1
17254810421,772,7,4,8,8,0.12,1,0,0.14 | 0.17 | 0.21,0,0.55 | 0.91 | 1.27,0,3.15 | 4.39 | 7.22,2.147,0.000,0,1,0,0,0,0,-1,0,1,0,,0,,0,,0,0,2147,0,1
17254810422,772,7,4,8,8,0.12,1,0,0.14 | 0.17 | 0.21,0,0.55 | 0.91 | 1.27,0,3.15 | 4.39 | 7.22,2.147,0.000,0,1,0,0,0,0,-1,0,1,0,,0,,0,,0,0,2147,0,1
17254810423,772,7,4,8,8,0.12,1,0,0.14 | 0.17 | 0.21,0,0.55 | 0.91 | 1.27,0,3.15 | 4.39 | 7.22,2.147,0.000,0,1,0,0,0,0,-1,0,1,0,,0,,0,,0,0,2147,0,1
17254810424,772,7,4,8,8,0.12,1,0,0.14 | 0.17 | 0.21,0,0.55 | 0.91 | 1.27,0,3.15 | 4.39 | 7.22,2.147,0.000,0,1,0,0,0,0,-1,0,1,0,,0,,0,,0,0,2147,0,1
17254810425,772,7,4,8,8,0.12,1,0,0.14 | 0.17 | 0.21,0,0.55 | 0.91 | 1.27,0,3.15 | 4.39 | 7.22,2.147,0.000,0,1,0,0,0,0,-1,0,1,0,,0,,0,,0,0,2147,0,1
17254810426,772,7,4,8,8,0.12,1,0,0.14 | 0.17 | 0.21,0,0.55 | 0.91 | 1.27,0,3.15 | 4.39 | 7.22,2.147,0.000,0,1,0,0,0,0,-1,0,1,0,,0,,0,,0,0,2147,0,1
17254810427,772,7,4,8,8,0.12,1,0,0.14 | 0.17 | 0.21,0,0.55 | 0.91 | 1.27,0,3.15 | 4.39 | 7.22,2.147,0.000,0,1,0,0,0,0,-1,0,1,0,,0,,0,,0,0,2147,0,1
17254810428,772,7,4,8,8,0.12,1,0,0.14 | 0.17 | 0.21,0,0.55 | 0.91 | 1.27,0,3.15 | 4.39 | 7.22,2.147,0.000,0,1,0,0,0,0,-1,0,1,0,,0,,0,,0,0,2147,0,1
17254810429,772,7,4,8,8,0.12,1,0,0.14 | 0.17 | 0.21,0,0.55 | 0.91 | 1.27,0,3.15 | 4.39 | 7.22,2.147,0.000,0,1,0,0,0,0,-1,0,1,0,,0,,0,,0,0,2147,0,1
17254810430,194,7,1,8,8,0.12,1,0,0.14 | 0.17 | 0.21,0,0.55 | 0.91 | 1.27,0,3.15 | 4.39 | 7.22,2.147,0.000,0,1,0,0,0,0,-1,0,1,0,,0,,0,,0,0,1571,0,1
17254810431,194,4,1,8,8,0.12,1,0,0.14 | 0.17 | 0.21,0,0.55 | 0.91 | 1.27,0,3.15 | 4.39 | 7.22,2.147,0.000,0,1,0,0,0,0,-1,0,1,0,,0,,0,,0,0,1571,0,1
17254810432,194,4,1,8,8,0.12,1,0,0.14 | 0.17 | 0.21,0,0.55 | 0.91 | 1.27,0,3.15 | 4.39 | 7.22,2.147,0.000,0,1,0,0,0,0,-1,0,1,0,,0,,0,,0,0,1571,0,1
17254810433,194,4,1,8,8,3.198,2,0,0.14 | 0.19 | 0.23,0,0.55 | 2.50 | 5.68,0,0.70 | 1.60 | 7.22,1.571,0.000,0,1,0,0,0,0,-1,0,2,0,,0,,0,,0,0,1571,0,1
17254810434,194,4,1,8,8,3.198,2,0,0.14 | 0.19 | 0.23,0,0.55 | 2.50 | 5.68,0,0.70 | 1.60 | 7.22,1.571,0.000,0,1,0,0,0,0,-1,0,2,0,,0,,0,,0,0,1571,0,1
17254810435,194,4,1,8,8,3.198,2,0,0.14 | 0.19 | 0.23,0,0.55 | 2.50 | 5.68,0,0.70 | 1.60 | 7.22,1.571,0.000,0,1,0,0,0,0,-1,0,2,0,,0,,0,,0,0,1571,0,1
17254810436,194,4,1,8,8,3.198,2,0,0.14 | 0.19 | 0.23,0,0.55 | 2.50 | 5.68,0,0.70 | 1.60 | 7.22,1.571,0.000,0,1,0,0,0,0,-1,0,2,0,,0,,0,,0,0,1571,0,1
17254810437,194,4,1,8,8,3.198,2,0,0.14 | 0.19 | 0.23,0,0.55 | 2.50 | 5.68,0,0.70 | 1.60 | 7.22,1.571,0.000,0,1,0,0,0,0,-1,0,2,0,,0,,0,,0,0,1571,0,1
17254810438,194,4,1,8,8,3.198,2,0,0.14 | 0.19 | 0.23,0,0.55 | 2.50 | 5.68,0,0.70 | 1.60 | 7.22,1.571,0.000,0,1,0,0,0,0,-1,0,2,0,,0,,0,,0,0,1571,0,1
17254810439,194,4,1,8,8,3.198,2,0,0.14 | 0.19 | 0.23,0,0.55 | 2.50 | 5.68,0,0.70 | 1.60 | 7.22,1.571,0.000,0,1,0,0,0,0,-1,0,2,0,,0,,0,,0,0,1571,0,1
17254810440,194,4,1,8,8,3.198,2,0,0.14 | 0.19 | 0.23,0,0.55 | 2.50 | 5.68,0,0.70 | 1.60 | 7.22,1.571,0.000,0,1,0,0,0,0,-1,0,2,0,,0,,0,,0,0,1571,0,1
17254810441,194,4,1,8,8,3.198,2,0,0.14 | 0.19 | 0.23,0,0.55 | 2.50 | 5.68,0,0.70 | 1.60 | 7.22,1.571,0.000,0,1,0,0,0,0,-1,0,2,0,,0,,0,,0,0,1571,0,1
17254810442,194,4,1,8,8,3.198,2,0,0.14 | 0.19 | 0.23,0,0.55 | 2.50 | 5.68,0,0.70 | 1.60 | 7.22,1.571,0.000,0,1,0,0,0,0,-1,0,2,0,,0,,0,,0,0,1571,0,1
17254810443,194,4,1,8,8,2.14,2,0,0.14 | 0.19 | 0.23,0,0.55 | 2.50 | 5.68,0,0.70 | 1.60 | 7.22,1.571,0.000,0,1,0,0,0,0,-1,0,2,0,,0,,0,,0,0,1571,0,1
17254810444,194,4,1,8,8,2.14,2,0,0.14 | 0.19 | 0.23,0,0.55 | 2.50 | 5.68,0,0.70 | 1.60 | 7.22,1.571,0.000,0,1,0,0,0,0,-1,0,2,0,,0,,0,,0,0,1571,0,1
17254810445,194,4,1,8,8,2.14,2,0,0.14 | 0.19 | 0.23,0,0.55 | 2.50 | 5.68,0,0.70 | 1.60 | 7.22,1.571,0.000,0,1,0,0,0,0,-1,0,2,0,,0,,0,,0,0,1571,0,1
17254810446,194,4,1,8,8,2.14,2,0,0.14 | 0.19 | 0.23,0,0.55 | 2.50 | 5.68,0,0.70 | 1.60 | 7.22,1.571,0.000,0,1,0,0,0,0,-1,0,2,0,,0,,0,,0,0,1571,0,1
17254810447,194,4,1,8,8,2.14,2,0,0.14 | 0.19 | 0.23,0,0.55 | 2.50 | 5.68,0,0.70 | 1.60 | 7.22,1.571,0.000,0,1,0,0,0,0,-1,0,2,0,,0,,0,,0,0,1571,0,1
17254810448,194,4,1,8,8,2.14,2,0,0.14 | 0.19 | 0.23,0,0.55 | 2.50 | 5.68,0,0.70 | 1.60 | 7.22,1.571,0.000,0,1,0,0,0,0,-1,0,2,0,,0,,0,,0,0,1571,0,1
17254810449,194,4,1,8,8,2.14,2,0,0.14 | 0.19 | 0.23,0,0.55 | 2.50 | 5.68,0,0.70 | 1.60 | 7.22,1.571,0.000,0,1,0,0,0,0,-1,0,2,0,,0,,0,,0,0,1571,0,1
17254810450,194,4,1,8,8,2.14,2,0,0.14 | 0.19 | 0.23,0,0.55 | 2.50 | 5.68,0,0.70 | 1.60 | 7.22,1.571,0.000,0,1,0,0,0,0,-1,0,2,0,,0,,0,,0,0,1571,0,1
17254810451,194,4,1,8,8,2.14,2,0,0.14 | 0.19 | 0.23,0,0.55 | 2.50 | 5.68,0,0.70 | 1.60 | 7.22,1.571,0.000,0,1,0,0,0,0,-1,0,2,0,,0,,0,,0,0,1571,0,1
17254810452,194,4,1,8,8,2.14,2,0,0.14 | 0.19 | 0.23,0,0.55 | 2.50 | 5.68,0,0.70 | 1.60 | 7.22,1.571,0.000,0,1,0,0,0,0,-1,0,2,0,,0,,0,,0,0,1571,0,1
17254810453,194,4,1,8,8,1.077,2,0,0.14 | 0.19 | 0.23,0,0.55 | 2.50 | 5.68,0,0.70 | 1.60 | 7.22,1.571,0.000,0,1,0,0,0,0,-1,0,2,0,,0,,0,,0,0,1571,0,1
17254810454,194,4,1,8,8,1.077,2,0,0.14 | 0.19 | 0.23,0,0.55 | 2.50 | 5.68,0,0.70 | 1.60 | 7.22,1.571,0.000,0,1,0,0,0,0,-1,0,2,0,,0,,0,,0,0,1571,0,1
17254810455,194,4,1,8,8,1.077,2,0,0.14 | 0.19 | 0.23,0,0.55 | 2.50 | 5.68,0,0.70 | 1.60 | 7.22,1.571,0.000,0,1,0,0,0,0,-1,0,2,0,,0,,0,,0,0,1571,0,1
17254810456,194,4,1,8,8,1.077,2,0,0.14 | 0.19 | 0.23,0,0.55 | 2.50 | 5.68,0,0.70 | 1.60 | 7.22,1.571,0.000,0,1,0,0,0,0,-1,0,2,0,,0,,0,,0,0,1571,0,1
17254810457,194,4,1,8,8,1.077,2,0,0.14 | 0.19 | 0.23,0,0.55 | 2.50 | 5.68,0,0.70 | 1.60 | 7.22,1.571,0.000,0,1,0,0,0,0,-1,0,2,0,,0,,0,,0,0,1571,0,1
17254810458,194,4,1,8,8,1.077,2,0,0.14 | 0.19 | 0.23,0,0.55 | 2.50 | 5.68,0,0.70 | 1.60 | 7.22,1.571,0.000,0,1,0,0,0,0,-1,0,2,0,,0,,0,,0,0,1356.5,0,1
17254810459,194,4,1,8,8,1.077,2,0,0.14 | 0.19 | 0.23,0,0.55 | 2.50 | 5.68,0,0.70 | 1.60 | 7.22,1.571,0.000,0,1,0,0,0,0,-1,0,2,0,,0,,0,,0,0,1356.5,0,1
17254810460,194,4,1,8,8,1.077,2,0,0.14 | 0.19 | 0.23,0,0.55 | 2.50 | 5.68,0,0.70 | 1.60 | 7.22,1.571,0.000,0,1,0,0,0,0,-1,0,2,0,,0,,0,,0,0,1356.5,0,1
17254810461,194,4,1,8,8,1.077,2,0,0.14 | 0.19 | 0.23,0,0.55 | 2.50 | 5.68,0,0.70 | 1.60 | 7.22,1.571,0.000,0,1,0,0,0,0,-1,0,2,0,,0,,0,,0,0,1356.5,0,1
17254810462,194,4,1,8,8,1.077,2,0,0.14 | 0.19 | 0.23,0,0.55 | 2.50 | 5.68,0,0.70 | 1.60 | 7.22,1.571,0.000,0,1,0,0,0,0,-1,0,2,0,,0,,0,,0,0,1356.5,0,1
17254810463,194,4,1,8,8,0.137,2,0,0.11 | 0.17 | 0.23,0,0.55 | 4.85 | 11.92,0,0.34 | 0.82 | 7.22,1.357,0.000,0,1,0,0,0,0,-1,0,2,0,,0,,0,,0,0,1356.5,0,1
17254810464,194,4,1,8,8,0.137,2,0,0.11 | 0.17 | 0.23,0,0.55 | 4.85 | 11.92,0,0.34 | 0.82 | 7.22,1.357,0.000,0,1,0,0,0,0,-1,0,2,0,,0,,0,,0,0,1356.5,0,1
17254810465,194,4,1,8,8,0.137,2,0,0.11 | 0.17 | 0.23,0,0.55 | 4.85 | 11.92,0,0.34 | 0.82 | 7.22,1.357,0.000,0,1,0,0,0,0,-1,0,2,0,,0,,0,,0,0,1356.5,0,1
17254810466,194,4,1,8,8,0.137,2,0,0.11 | 0.17 | 0.23,0,0.55 | 4.85 | 11.92,0,0.34 | 0.82 | 7.22,1.357,0.000,0,1,0,0,0,0,-1,0,2,0,,0,,0,,0,0,1356.5,0,1
17254810467,194,4,1,8,8,0.137,2,0,0.11 | 0.17 | 0.23,0,0.55 | 4.85 | 11.92,0,0.34 | 0.82 | 7.22,1.357,0.000,0,1,0,0,0,0,-1,0,2,0,,0,,0,,0,0,1356.5,0,1
17254810468,194,4,1,8,8,0.137,2,0,0.11 | 0.17 | 0.23,0,0.55 | 4.85 | 11.92,0,0.34 | 0.82 | 7.22,1.357,0.000,0,1,0,0,0,0,-1,0,2,0,,0,,0,,0,0,1356.5,0,1
17254810469,194,4,1,8,8,0.137,2,0,0.11 | 0.17 | 0.23,0,0.55 | 4.85 | 11.92,0,0.34 | 0.82 | 7.22,1.357,0.000,0,1,0,0,0,0,-1,0,2,0,,0,,0,,0,0,1356.5,0,1
17254810470,194,4,1,8,8,0.137,2,0,0.11 | 0.17 | 0.23,0,0.55 | 4.85 | 11.92,0,0.34 | 0.82 | 7.22,1.357,0.000,0,1,0,0,0,0,-1,0,2,0,,0,,0,,0,0,1356.5,0,1
17254810471,194,4,1,8,8,0.137,2,0,0.11 | 0.17 | 0.23,0,0.55 | 4.85 | 11.92,0,0.34 | 0.82 | 7.22,1.357,0.000,0,1,0,0,0,0,-1,0,2,0,,0,,0,,0,0,1356.5,0,1
17254810472,194,4,1,8,8,0.137,2,0,0.11 | 0.17 | 0.23,0,0.55 | 4.85 | 11.92,0,0.34 | 0.82 | 7.22,1.357,0.000,0,1,0,0,0,0,-1,0,2,0,,0,,0,,0,0,1236,0,1
17254810473,194,4,1,8,8,4.928,3,0,0.11 | 0.15 | 0.23,0,1.16 | 5.01 | 11.92,0,0.34 | 0.80 | 3.45,1.236,0.000,0,1,0,0,0,0,-1,0,3,0,,0,,0,,0,0,1236,0,1
17254810474,194,4,1,8,8,4.928,3,0,0.11 | 0.15 | 0.23,0,1.16 | 5.01 | 11.92,0,0.34 | 0.80 | 3.45,1.236,0.000,0,1,0,0,0,0,-1,0,3,0,,0,,0,,0,0,1236,0,1
17254810475,194,1,1,8,8,4.928,3,0,0.11 | 0.15 | 0.23,0,1.16 | 5.01 | 11.92,0,0.34 | 0.80 | 3.45,1.236,0.000,0,1,0,0,0,0,-1,0,3,0,,0,,0,,0,0,1236,0,1
17254810476,194,1,1,8,8,4.928,3,0,0.11 | 0.15 | 0.23,0,1.16 | 5.01 | 11.92,0,0.34 | 0.80 | 3.45,1.236,0.000,0,1,0,0,0,0,-1,0,3,0,,0,,0,,0,0,1236,0,1
17254810477,194,1,1,8,8,4.928,3,0,0.11 | 0.15 | 0.23,0,1.16 | 5.01 | 11.92,0,0.34 | 0.80 | 3.45,1.236,0.000,0,1,0,0,0,0,-1,0,3,0,,0,,0,,0,0,1236,0,1
17254810478,194,1,1,8,8,4.928,3,0,0.11 | 0.15 | 0.23,0,1.16 | 5.01 | 11.92,0,0.34 | 0.80 | 3.45,1.236,0.000,0,1,0,0,0,0,-1,0,3,0,,0,,0,,0,0,1236,0,1
17254810479,194,1,1,8,8,4.928,3,0,0.11 | 0.15 | 0.23,0,1.16 | 5.01 | 11.92,0,0.34 | 0.80 | 3.45,1.236,0.000,0,1,0,0,0,0,-1,0,3,0,,0,,0,,0,0,1236,0,1
17254810480,194,1,1,8,8,4.928,3,0,0.11 | 0.15 | 0.23,0,1.16 | 5.01 | 11.92,0,0.34 | 0.80 | 3.45,1.236,0.000,0,1,0,0,0,0,-1,0,3,0,,0,,0,,0,0,1236,0,1
17254810481,194,1,1,8,8,4.928,3,0,0.11 | 0.15 | 0.23,0,1.16 | 5.01 | 11.92,0,0.34 | 0.80 | 3.45,1.236,0.000,0,1,0,0,0,0,-1,0,3,0,,0,,0,,0,0,1236,0,1
17254810482,194,1,1,8,8,4.928,3,0,0.11 | 0.15 | 0.23,0,1.16 | 5.01 | 11.92,0,0.34 | 0.80 | 3.45,1.236,0.000,0,1,0,0,0,0,-1,0,3,0,,0,,0,,0,0,1236,0,1
17254810483,194,1,1,8,8,3.866,3,0,0.11 | 0.15 | 0.23,0,1.16 | 5.01 | 11.92,0,0.34 | 0.80 | 3.45,1.236,0.000,0,1,0,0,0,0,-1,0,3,0,,0,,0,,0,0,1236,0,1
17254810484,194,1,1,8,8,3.866,3,0,0.11 | 0.15 | 0.23,0,1.16 | 5.01 | 11.92,0,0.34 | 0.80 | 3.45,1.236,0.000,0,1,0,0,0,0,-1,0,3,0,,0,,0,,0,0,1152.5,0,1
17254810485,194,1,1,8,8,3.866,3,0,0.11 | 0.15 | 0.23,0,1.16 | 5.01 | 11.92,0,0.34 | 0.80 | 3.45,1.236,0.000,0,1,0,0,0,0,-1,0,3,0,,0,,0,,0,0,1152.5,0,1
17254810486,194,1,1,8,8,3.866,3,0,0.11 | 0.15 | 0.23,0,1.16 | 5.01 | 11.92,0,0.34 | 0.80 | 3.45,1.236,0.000,0,1,0,0,0,0,-1,0,3,0,,0,,0,,0,0,1152.5,0,1
17254810487,194,1,1,8,8,3.866,3,0,0.11 | 0.15 | 0.23,0,1.16 | 5.01 | 11.92,0,0.34 | 0.80 | 3.45,1.236,0.000,0,1,0,0,0,0,-1,0,3,0,,0,,0,,0,0,1152.5,0,1
17254810488,194,1,1,8,8,3.866,3,0,0.11 | 0.15 | 0.23,0,1.16 | 5.01 | 11.92,0,0.34 | 0.80 | 3.45,1.236,0.000,0,1,0,0,0,0,-1,0,3,0,,0,,0,,0,0,1152.5,0,1
17254810489,194,1,1,8,8,3.866,3,0,0.11 | 0.15 | 0.23,0,1.16 | 5.01 | 11.92,0,0.34 | 0.80 | 3.45,1.236,0.000,0,1,0,0,0,0,-1,0,3,0,,0,,0,,0,0,1152.5,0,1
17254810490,194,1,1,8,8,3.866,3,0,0.11 | 0.15 | 0.23,0,1.16 | 5.01 | 11.92,0,0.34 | 0.80 | 3.45,1.236,0.000,0,1,0,0,0,0,-1,0,3,0,,0,,0,,0,0,1152.5,0,1
17254810491,194,1,1,8,8,3.866,3,0,0.11 | 0.15 | 0.23,0,1.16 | 5.01 | 11.92,0,0.34 | 0.80 | 3.45,1.236,0.000,0,1,0,0,0,0,-1,0,3,0,,0,,0,,0,0,1152.5,0,1
17254810492,194,1,1,8,8,3.866,3,0,0.11 | 0.15 | 0.23,0,1.16 | 5.01 | 11.92,0,0.34 | 0.80 | 3.45,1.236,0.000,0,1,0,0,0,0,-1,0,3,0,,0,,0,,0,0,1152.5,0,1
17254810493,194,1,1,8,8,6.269,3,0,0.11 | 0.14 | 0.23,0,1.09 | 4.96 | 11.92,0,0.34 | 0.81 | 3.67,1.153,0.000,0,1,0,0,0,0,-1,0,3,0,,0,,0,,0,0,1152.5,0,1
17254810494,194,1,1,8,8,6.269,3,0,0.11 | 0.14 | 0.23,0,1.09 | 4.96 | 11.92,0,0.34 | 0.81 | 3.67,1.153,0.000,0,1,0,0,0,0,-1,0,3,0,,0,,0,,0,0,1152.5,0,1
17254810495,194,1,1,8,8,6.269,3,0,0.11 | 0.14 | 0.23,0,1.09 | 4.96 | 11.92,0,0.34 | 0.81 | 3.67,1.153,0.000,0,1,0,0,0,0,-1,0,3,0,,0,,0,,0,0,1152.5,0,1
17254810496,194,1,1,8,8,6.269,3,0,0.11 | 0.14 | 0.23,0,1.09 | 4.96 | 11.92,0,0.34 | 0.81 | 3.67,1.153,0.000,0,1,0,0,0,0,-1,0,3,0,,0,,0,,0,0,1152.5,0,1
17254810497,194,1,1,8,8,6.269,3,0,0.11 | 0.14 | 0.23,0,1.09 | 4.96 | 11.92,0,0.34 | 0.81 | 3.67,1.153,0.000,0,1,0,0,0,0,-1,0,3,0,,0,,0,,0,0,1152.5,0,1
17254810498,194,1,1,8,8,6.269,3,0,0.11 | 0.14 | 0.23,0,1.09 | 4.96 | 11.92,0,0.34 | 0.81 | 3.67,1.153,0.000,0,1,0,0,0,0,-1,0,3,0,,0,,0,,0,0,1152.5,0,1
17254810499,194,1,1,8,8,6.269,3,0,0.11 | 0.14 | 0.23,0,1.09 | 4.96 | 11.92,0,0.34 | 0.81 | 3.67,1.153,0.000,0,1,0,0,0,0,-1,0,3,0,,0,,0,,0,0,709.25,0,1
17254810500,194,1,1,8,8,6.269,3,0,0.11 | 0.14 | 0.23,0,1.09 | 4.96 | 11.92,0,0.34 | 0.81 | 3.67,1.153,0.000,0,1,0,0,0,0,-1,0,3,0,,0,,0,,0,0,709.25,0,1
17254810501,194,1,1,8,8,6.269,3,0,0.11 | 0.14 | 0.23,0,1.09 | 4.96 | 11.92,0,0.34 | 0.81 | 3.67,1.153,0.000,0,1,0,0,0,0,-1,0,3,0,,0,,0,,0,0,709.25,0,1
17254810502,194,1,1,8,8,6.269,3,0,0.11 | 0.14 | 0.23,0,1.09 | 4.96 | 11.92,0,0.34 | 0.81 | 3.67,1.153,0.000,0,1,0,0,0,0,-1,0,3,0,,0,,0,,0,0,709.25,0,1
17254810503,194,1,1,8,8,9.928,3,0,0.11 | 0.11 | 0.11,0,1.09 | 3.88 | 11.92,0,0.34 | 1.03 | 3.67,0.709,0.000,0,1,0,0,0,0,-1,0,3,0,,0,,0,,0,0,709.25,0,1
17254810504,194,1,1,8,8,9.928,3,0,0.11 | 0.11 | 0.11,0,1.09 | 3.88 | 11.92,0,0.34 | 1.03 | 3.67,0.709,0.000,0,1,0,0,0,0,-1,0,3,0,,0,,0,,0,0,709.25,0,1
17254810505,194,1,1,8,8,9.928,3,0,0.11 | 0.11 | 0.11,0,1.09 | 3.88 | 11.92,0,0.34 | 1.03 | 3.67,0.709,0.000,0,1,0,0,0,0,-1,0,3,0,,0,,0,,0,0,709.25,0,1
17254810506,194,1,1,8,8,9.928,3,0,0.11 | 0.11 | 0.11,0,1.09 | 3.88 | 11.92,0,0.34 | 1.03 | 3.67,0.709,0.000,0,1,0,0,0,0,-1,0,3,0,,0,,0,,0,0,709.25,0,1
17254810507,194,1,1,8,8,9.928,3,0,0.11 | 0.11 | 0.11,0,1.09 | 3.88 | 11.92,0,0.34 | 1.03 | 3.67,0.709,0.000,0,1,0,0,0,0,-1,0,3,0,,0,,0,,0,0,709.25,0,1
17254810508,194,1,1,8,8,9.928,3,0,0.11 | 0.11 | 0.11,0,1.09 | 3.88 | 11.92,0,0.34 | 1.03 | 3.67,0.709,0.000,0,1,0,0,0,0,-1,0,3,0,,0,,0,,0,0,723,0,1
17254810509,194,1,1,8,8,9.928,3,0,0.11 | 0.11 | 0.11,0,1.09 | 3.88 | 11.92,0,0.34 | 1.03 | 3.67,0.709,0.000,0,1,0,0,0,0,-1,0,3,0,,0,,0,,0,0,723,0,1
17254810510,194,1,1,8,8,9.928,3,0,0.11 | 0.11 | 0.11,0,1.09 | 3.88 | 11.92,0,0.34 | 1.03 | 3.67,0.709,0.000,0,1,0,0,0,0,-1,0,3,0,,0,,0,,0,0,723,0,1
17254810511,194,1,1,8,8,9.928,3,0,0.11 | 0.11 | 0.11,0,1.09 | 3.88 | 11.92,0,0.34 | 1.03 | 3.67,0.709,0.000,0,1,0,0,0,0,-1,0,3,0,,0,,0,,0,0,723,0,1
17254810512,194,1,1,8,8,9.928,3,0,0.11 | 0.11 | 0.11,0,1.09 | 3.88 | 11.92,0,0.34 | 1.03 | 3.67,0.709,0.000,0,1,0,0,0,0,-1,0,3,0,,0,,0,,0,0,723,0,1
17254810513,194,1,1,8,8,12.144,3,0,0.11 | 0.11 | 0.11,0,0.86 | 1.12 | 1.36,0,2.93 | 3.57 | 4.64,0.723,0.000,0,1,0,0,0,0,-1,0,3,0,,0,,0,,0,0,723,0,1
17254810514,194,1,1,8,8,12.144,3,0,0.11 | 0.11 | 0.11,0,0.86 | 1.12 | 1.36,0,2.93 | 3.57 | 4.64,0.723,0.000,0,1,0,0,0,0,-1,0,3,0,,0,,0,,0,0,723,0,1
17254810515,194,1,1,8,8,12.144,3,0,0.11 | 0.11 | 0.11,0,0.86 | 1.12 | 1.36,0,2.93 | 3.57 | 4.64,0.723,0.000,0,1,0,0,0,0,-1,0,3,0,,0,,0,,0,0,723,0,1
17254810516,194,1,1,8,8,12.144,3,0,0.11 | 0.11 | 0.11,0,0.86 | 1.12 | 1.36,0,2.93 | 3.57 | 4.64,0.723,0.000,0,1,0,0,0,0,-1,0,3,0,,0,,0,,0,0,723,0,1
17254810517,194,1,1,8,8,12.144,3,0,0.11 | 0.11 | 0.11,0,0.86 | 1.12 | 1.36,0,2.93 | 3.57 | 4.64,0.723,0.000,0,1,0,0,0,0,-1,0,3,0,,0,,0,,0,0,723,0,1
17254810518,387,1,2,8,8,12.144,3,0,0.11 | 0.11 | 0.11,0,0.86 | 1.12 | 1.36,0,2.93 | 3.57 | 4.64,0.723,0.000,0,1,0,0,0,0,-1,0,3,0,,0,,0,,0,0,723,0,1
17254810519,387,1,2,8,8,12.144,3,0,0.11 | 0.11 | 0.11,0,0.86 | 1.12 | 1.36,0,2.93 | 3.57 | 4.64,0.723,0.000,0,1,0,0,0,0,-1,0,3,0,,0,,0,,0,0,723,0,1
17254810520,387,1,2,8,8,12.144,3,0,0.11 | 0.11 | 0.11,0,0.86 | 1.12 | 1.36,0,2.93 | 3.57 | 4.64,0.723,0.000,0,1,0,0,0,0,-1,0,3,0,,0,,0,,0,0,723,0,1
17254810521,387,1,2,8,8,12.144,3,0,0.11 | 0.11 | 0.11,0,0.86 | 1.12 | 1.36,0,2.93 | 3.57 | 4.64,0.723,0.000,0,1,0,0,0,0,-1,0,3,0,,0,,0,,0,0,723,0,1
17254810522,387,1,2,8,8,12.144,3,0,0.11 | 0.11 | 0.11,0,0.86 | 1.12 | 1.36,0,2.93 | 3.57 | 4.64,0.723,0.000,0,1,0,0,0,0,-1,0,3,0,,0,,0,,0,0,723,0,1
17254810523,387,1,2,8,8,11.081,3,0,0.11 | 0.11 | 0.11,0,0.86 | 1.12 | 1.36,0,2.93 | 3.57 | 4.64,0.723,0.000,0,1,0,0,0,0,-1,0,3,0,,0,,0,,0,0,723,0,1
17254810524,387,1,2,8,8,11.081,3,0,0.11 | 0.11 | 0.11,0,0.86 | 1.12 | 1.36,0,2.93 | 3.57 | 4.64,0.723,0.000,0,1,0,0,0,0,-1,0,3,0,,0,,0,,0,0,723,0,1
17254810525,387,1,2,8,8,11.081,3,0,0.11 | 0.11 | 0.11,0,0.86 | 1.12 | 1.36,0,2.93 | 3.57 | 4.64,0.723,0.000,0,1,0,0,0,0,-1,0,3,0,,0,,0,,0,0,723,0,1
17254810526,387,1,2,8,8,11.081,3,0,0.11 | 0.11 | 0.11,0,0.86 | 1.12 | 1.36,0,2.93 | 3.57 | 4.64,0.723,0.000,0,1,0,0,0,0,-1,0,3,0,,0,,0,,0,0,723,0,1
17254810527,387,1,2,8,8,11.081,3,0,0.11 | 0.11 | 0.11,0,0.86 | 1.12 | 1.36,0,2.93 | 3.57 | 4.64,0.723,0.000,0,1,0,0,0,0,-1,0,3,0,,0,,0,,0,0,723,0,1
17254810528,387,1,2,8,8,11.081,3,0,0.11 | 0.11 | 0.11,0,0.86 | 1.12 | 1.36,0,2.93 | 3.57 | 4.64,0.723,0.000,0,1,0,0,0,0,-1,0,3,0,,0,,0,,0,0,723,0,1
17254810529,387,1,2,8,8,11.081,3,0,0.11 | 0.11 | 0.11,0,0.86 | 1.12 | 1.36,0,2.93 | 3.57 | 4.64,0.723,0.000,0,1,0,0,0,0,-1,0,3,0,,0,,0,,0,0,723,0,1
17254810530,387,1,2,8,8,11.081,3,0,0.11 | 0.11 | 0.11,0,0.86 | 1.12 | 1.36,0,2.93 | 3.57 | 4.64,0.723,0.000,0,1,0,0,0,0,-1,0,3,0,,0,,0,,0,0,723,0,1
17254810531,387,1,2,8,8,11.081,3,0,0.11 | 0.11 | 0.11,0,0.86 | 1.12 | 1.36,0,2.93 | 3.57 | 4.64,0.723,0.000,0,1,0,0,0,0,-1,0,3,0,,0,,0,,0,0,723,0,1
17254810532,387,1,2,8,8,11.081,3,0,0.11 | 0.11 | 0.11,0,0.86 | 1.12 | 1.36,0,2.93 | 3.57 | 4.64,0.723,0.000,0,1,0,0,0,0,-1,0,3,0,,0,,0,,0,0,723,0,1
17254810533,387,1,2,8,8,10.019,3,0,0.11 | 0.11 | 0.11,0,0.86 | 1.12 | 1.36,0,2.93 | 3.57 | 4.64,0.723,0.000,0,1,0,0,0,0,-1,0,3,0,,0,,0,,0,0,723,0,1
17254810534,387,1,2,8,8,10.019,3,0,0.11 | 0.11 | 0.11,0,0.86 | 1.12 | 1.36,0,2.93 | 3.57 | 4.64,0.723,0.000,0,1,0,0,0,0,-1,0,3,0,,0,,0,,0,0,723,0,1
17254810535,387,1,2,8,8,10.019,3,0,0.11 | 0.11 | 0.11,0,0.86 | 1.12 | 1.36,0,2.93 | 3.57 | 4.64,0.723,0.000,0,1,0,0,0,0,-1,0,3,0,,0,,0,,0,0,723,0,1
17254810536,387,1,2,8,8,10.019,3,0,0.11 | 0.11 | 0.11,0,0.86 | 1.12 | 1.36,0,2.93 | 3.57 | 4.64,0.723,0.000,0,1,0,0,0,0,-1,0,3,0,,0,,0,,0,0,723,0,1
17254810537,387,1,2,8,8,10.019,3,0,0.11 | 0.11 | 0.11,0,0.86 | 1.12 | 1.36,0,2.93 | 3.57 | 4.64,0.723,0.000,0,1,0,0,0,0,-1,0,3,0,,0,,0,,0,0,723,0,1
17254810538,387,1,2,8,8,10.019,3,0,0.11 | 0.11 | 0.11,0,0.86 | 1.12 | 1.36,0,2.93 | 3.57 | 4.64,0.723,0.000,0,1,0,0,0,0,-1,0,3,0,,0,,0,,0,0,723,0,1
17254810539,387,1,2,8,8,10.019,3,0,0.11 | 0.11 | 0.11,0,0.86 | 1.12 | 1.36,0,2.93 | 3.57 | 4.64,0.723,0.000,0,1,0,0,0,0,-1,0,3,0,,0,,0,,0,0,723,0,1
17254810540,387,1,2,8,8,10.019,3,0,0.11 | 0.11 | 0.11,0,0.86 | 1.12 | 1.36,0,2.93 | 3.57 | 4.64,0.723,0.000,0,1,0,0,0,0,-1,0,3,0,,0,,0,,0,0,751.75,0,1
17254810541,387,1,2,8,8,10.019,3,0,0.11 | 0.11 | 0.11,0,0.86 | 1.12 | 1.36,0,2.93 | 3.57 | 4.64,0.723,0.000,0,1,0,0,0,0,-1,0,3,0,,0,,0,,0,0,751.75,0,1
17254810542,387,1,2,8,8,10.019,3,0,0.11 | 0.11 | 0.11,0,0.86 | 1.12 | 1.36,0,2.93 | 3.57 | 4.64,0.723,0.000,0,1,0,0,0,0,-1,0,3,0,,0,,0,,0,0,751.75,0,1
17254810543,387,1,2,8,8,9.175,3,0,0.11 | 0.11 | 0.11,0,0.86 | 1.31 | 1.93,0,2.07 | 3.05 | 4.64,0.752,0.000,0,1,0,0,0,0,-1,0,3,0,,0,,0,,0,0,751.75,0,1
17254810544,387,1,2,8,8,9.175,3,0,0.11 | 0.11 | 0.11,0,0.86 | 1.31 | 1.93,0,2.07 | 3.05 | 4.64,0.752,0.000,0,1,0,0,0,0,-1,0,3,0,,0,,0,,0,0,751.75,0,1
17254810545,387,1,2,8,8,9.175,3,0,0.11 | 0.11 | 0.11,0,0.86 | 1.31 | 1.93,0,2.07 | 3.05 | 4.64,0.752,0.000,0,1,0,0,0,0,-1,0,3,0,,0,,0,,0,0,751.75,0,1
17254810546,387,1,2,8,8,9.175,3,0,0.11 | 0.11 | 0.11,0,0.86 | 1.31 | 1.93,0,2.07 | 3.05 | 4.64,0.752,0.000,0,1,0,0,0,0,-1,0,3,0,,0,,0,,0,0,751.75,0,1
17254810547,387,1,2,8,8,9.175,3,0,0.11 | 0.11 | 0.11,0,0.86 | 1.31 | 1.93,0,2.07 | 3.05 | 4.64,0.752,0.000,0,1,0,0,0,0,-1,0,3,0,,0,,0,,0,0,751.75,0,1
17254810548,387,1,2,8,8,9.175,3,0,0.11 | 0.11 | 0.11,0,0.86 | 1.31 | 1.93,0,2.07 | 3.05 | 4.64,0.752,0.000,0,1,0,0,0,0,-1,0,3,0,,0,,0,,0,0,751.75,0,1
17254810549,387,1,2,8,8,9.175,3,0,0.11 | 0.11 | 0.11,0,0.86 | 1.31 | 1.93,0,2.07 | 3.05 | 4.64,0.752,0.000,0,1,0,0,0,0,-1,0,3,0,,0,,0,,0,0,751.75,0,1
17254810550,387,1,2,8,8,9.175,3,0,0.11 | 0.11 | 0.11,0,0.86 | 1.31 | 1.93,0,2.07 | 3.05 | 4.64,0.752,0.000,0,1,0,0,0,0,-1,0,3,0,,0,,0,,0,0,751.75,0,1
17254810551,387,1,2,8,8,9.175,3,0,0.11 | 0.11 | 0.11,0,0.86 | 1.31 | 1.93,0,2.07 | 3.05 | 4.64,0.752,0.000,0,1,0,0,0,0,-1,0,3,0,,0,,0,,0,0,751.75,0,1
17254810552,387,1,2,8,8,9.175,3,0,0.11 | 0.11 | 0.11,0,0.86 | 1.31 | 1.93,0,2.07 | 3.05 | 4.64,0.752,0.000,0,1,0,0,0,0,-1,0,3,0,,0,,0,,0,0,751.75,0,1
17254810553,387,1,2,8,8,8.16,3,0,0.11 | 0.11 | 0.11,0,0.86 | 1.31 | 1.93,0,2.07 | 3.05 | 4.64,0.752,0.000,0,1,0,0,0,0,-1,0,3,0,,0,,0,,0,0,751.75,0,1
17254810554,580,2,3,8,8,8.16,3,0,0.11 | 0.11 | 0.11,0,0.86 | 1.31 | 1.93,0,2.07 | 3.05 | 4.64,0.752,0.000,0,1,0,0,0,0,-1,0,3,0,,0,,0,,0,0,830.5,0,1
17254810555,580,2,3,8,8,8.16,3,0,0.11 | 0.11 | 0.11,0,0.86 | 1.31 | 1.93,0,2.07 | 3.05 | 4.64,0.752,0.000,0,1,0,0,0,0,-1,0,3,0,,0,,0,,0,0,830.5,0,1
17254810556,580,2,3,8,8,8.16,3,0,0.11 | 0.11 | 0.11,0,0.86 | 1.31 | 1.93,0,2.07 | 3.05 | 4.64,0.752,0.000,0,1,0,0,0,0,-1,0,3,0,,0,,0,,0,0,830.5,0,1
17254810557,580,2,3,8,8,8.16,3,0,0.11 | 0.11 | 0.11,0,0.86 | 1.31 | 1.93,0,2.07 | 3.05 | 4.64,0.752,0.000,0,1,0,0,0,0,-1,0,3,0,,0,,0,,0,0,830.5,0,1
17254810558,580,2,3,8,8,8.16,3,0,0.11 | 0.11 | 0.11,0,0.86 | 1.31 | 1.93,0,2.07 | 3.05 | 4.64,0.752,0.000,0,1,0,0,0,0,-1,0,3,0,,0,,0,,0,0,830.5,0,1
17254810559,580,2,3,8,8,8.16,3,0,0.11 | 0.11 | 0.11,0,0.86 | 1.31 | 1.93,0,2.07 | 3.05 | 4.64,0.752,0.000,0,1,0,0,0,0,-1,0,3,0,,0,,0,,0,0,830.5,0,1
17254810560,580,2,3,8,8,8.16,3,0,0.11 | 0.11 | 0.11,0,0.86 | 1.31 | 1.93,0,2.07 | 3.05 | 4.64,0.752,0.000,0,1,0,0,0,0,-1,0,3,0,,0,,0,,0,0,830.5,0,1
17254810561,580,2,3,8,8,8.16,3,0,0.11 | 0.11 | 0.11,0,0.86 | 1.31 | 1.93,0,2.07 | 3.05 | 4.64,0.752,0.000,0,1,0,0,0,0,-1,0,3,0,,0,,0,,0,0,830.5,0,1
17254810562,580,2,3,8,8,8.16,3,0,0.11 | 0.11 | 0.11,0,0.86 | 1.31 | 1.93,0,2.07 | 3.05 | 4.64,0.752,0.000,0,1,0,0,0,0,-1,0,3,0,,0,,0,,0,0,830.5,0,1
17254810563,580,2,3,8,8,7.097,3,0,0.11 | 0.11 | 0.11,0,0.86 | 1.35 | 1.93,0,2.07 | 2.96 | 4.64,0.831,0.000,0,1,0,0,0,0,-1,0,3,0,,0,,0,,0,0,830.5,0,1
17254810564,580,2,3,8,8,7.097,3,0,0.11 | 0.11 | 0.11,0,0.86 | 1.35 | 1.93,0,2.07 | 2.96 | 4.64,0.831,0.000,0,1,0,0,0,0,-1,0,3,0,,0,,0,,0,0,830.5,0,1
17254810565,580,2,3,8,8,7.097,3,0,0.11 | 0.11 | 0.11,0,0.86 | 1.35 | 1.93,0,2.07 | 2.96 | 4.64,0.831,0.000,0,1,0,0,0,0,-1,0,3,0,,0,,0,,0,0,830.5,0,1
17254810566,580,2,3,8,8,7.097,3,0,0.11 | 0.11 | 0.11,0,0.86 | 1.35 | 1.93,0,2.07 | 2.96 | 4.64,0.831,0.000,0,1,0,0,0,0,-1,0,3,0,,0,,0,,0,0,830.5,0,1
17254810567,580,2,3,8,8,7.097,3,0,0.11 | 0.11 | 0.11,0,0.86 | 1.35 | 1.93,0,2.07 | 2.96 | 4.64,0.831,0.000,0,1,0,0,0,0,-1,0,3,0,,0,,0,,0,0,830.5,0,1
17254810568,580,2,3,8,8,7.097,3,0,0.11 | 0.11 | 0.11,0,0.86 | 1.35 | 1.93,0,2.07 | 2.96 | 4.64,0.831,0.000,0,1,0,0,0,0,-1,0,3,0,,0,,0,,0,0,830.5,0,1
17254810569,580,2,3,8,8,7.097,3,0,0.11 | 0.11 | 0.11,0,0.86 | 1.35 | 1.93,0,2.07 | 2.96 | 4.64,0.831,0.000,0,1,0,0,0,0,-1,0,3,0,,0,,0,,0,0,830.5,0,1
17254810570,580,2,3,8,8,7.097,3,0,0.11 | 0.11 | 0.11,0,0.86 | 1.35 | 1.93,0,2.07 | 2.96 | 4.64,0.831,0.000,0,1,0,0,0,0,-1,0,3,0,,0,,0,,0,0,830.5,0,1
17254810571,580,2,3,8,8,7.097,3,0,0.11 | 0.11 | 0.11,0,0.86 | 1.35 | 1.93,0,2.07 | 2.96 | 4.64,0.831,0.000,0,1,0,0,0,0,-1,0,3,0,,0,,0,,0,0,830.5,0,1
17254810572,580,2,3,8,8,7.097,3,0,0.11 | 0.11 | 0.11,0,0.86 | 1.35 | 1.93,0,2.07 | 2.96 | 4.64,0.831,0.000,0,1,0,0,0,0,-1,0,3,0,,0,,0,,0,0,830.5,0,1
17254810573,580,2,3,8,8,6.035,3,0,0.11 | 0.11 | 0.11,0,0.86 | 1.35 | 1.93,0,2.07 | 2.96 | 4.64,0.831,0.000,0,1,0,0,0,0,-1,0,3,0,,0,,0,,0,0,830.5,0,1
17254810574,580,2,3,8,8,6.035,3,0,0.11 | 0.11 | 0.11,0,0.86 | 1.35 | 1.93,0,2.07 | 2.96 | 4.64,0.831,0.000,0,1,0,0,0,0,-1,0,3,0,,0,,0,,0,0,830.5,0,1
17254810575,580,2,3,8,8,6.035,3,0,0.11 | 0.11 | 0.11,0,0.86 | 1.35 | 1.93,0,2.07 | 2.96 | 4.64,0.831,0.000,0,1,0,0,0,0,-1,0,3,0,,0,,0,,0,0,830.5,0,1
17254810576,580,2,3,8,8,6.035,3,0,0.11 | 0.11 | 0.11,0,0.86 | 1.35 | 1.93,0,2.07 | 2.96 | 4.64,0.831,0.000,0,1,0,0,0,0,-1,0,3,0,,0,,0,,0,0,830.5,0,1
17254810577,580,2,3,8,8,6.035,3,0,0.11 | 0.11 | 0.11,0,0.86 | 1.35 | 1.93,0,2.07 | 2.96 | 4.64,0.831,0.000,0,1,0,0,0,0,-1,0,3,0,,0,,0,,0,0,830.5,0,1
17254810578,580,2,3,8,8,6.035,3,0,0.11 | 0.11 | 0.11,0,0.86 | 1.35 | 1.93,0,2.07 | 2.96 | 4.64,0.831,0.000,0,1,0,0,0,0,-1,0,3,0,,0,,0,,0,0,893,0,1
17254810579,580,2,3,8,8,6.035,3,0,0.11 | 0.11 | 0.11,0,0.86 | 1.35 | 1.93,0,2.07 | 2.96 | 4.64,0.831,0.000,0,1,0,0,0,0,-1,0,3,0,,0,,0,,0,0,893,0,1
17254810580,580,2,3,8,8,6.035,3,0,0.11 | 0.11 | 0.11,0,0.86 | 1.35 | 1.93,0,2.07 | 2.96 | 4.64,0.831,0.000,0,1,0,0,0,0,-1,0,3,0,,0,,0,,0,0,893,0,1
17254810581,580,2,3,8,8,6.035,3,0,0.11 | 0.11 | 0.11,0,0.86 | 1.35 | 1.93,0,2.07 | 2.96 | 4.64,0.831,0.000,0,1,0,0,0,0,-1,0,3,0,,0,,0,,0,0,893,0,1
17254810582,580,2,3,8,8,6.035,3,0,0.11 | 0.11 | 0.11,0,0.86 | 1.35 | 1.93,0,2.07 | 2.96 | 4.64,0.831,0.000,0,1,0,0,0,0,-1,0,3,0,,0,,0,,0,0,893,0,1
17254810583,580,2,3,8,8,5.222,3,0,0.11 | 0.11 | 0.11,0,0.86 | 1.56 | 2.21,0,1.81 | 2.56 | 4.64,0.893,0.000,0,1,0,0,0,0,-1,0,3,0,,0,,0,,0,0,893,0,1
17254810584,580,2,3,8,8,5.222,3,0,0.11 | 0.11 | 0.11,0,0.86 | 1.56 | 2.21,0,1.81 | 2.56 | 4.64,0.893,0.000,0,1,0,0,0,0,-1,0,3,0,,0,,0,,0,0,893,0,1
17254810585,580,2,3,8,8,5.222,3,0,0.11 | 0.11 | 0.11,0,0.86 | 1.56 | 2.21,0,1.81 | 2.56 | 4.64,0.893,0.000,0,1,0,0,0,0,-1,0,3,0,,0,,0,,0,0,893,0,1
17254810586,580,2,3,8,8,5.222,3,0,0.11 | 0.11 | 0.11,0,0.86 | 1.56 | 2.21,0,1.81 | 2.56 | 4.64,0.893,0.000,0,1,0,0,0,0,-1,0,3,0,,0,,0,,0,0,893,0,1
17254810587,580,2,3,8,8,5.222,3,0,0.11 | 0.11 | 0.11,0,0.86 | 1.56 | 2.21,0,1.81 | 2.56 | 4.64,0.893,0.000,0,1,0,0,0,0,-1,0,3,0,,0,,0,,0,0,893,0,1
17254810588,580,2,3,8,8,5.222,3,0,0.11 | 0.11 | 0.11,0,0.86 | 1.56 | 2.21,0,1.81 | 2.56 | 4.64,0.893,0.000,0,1,0,0,0,0,-1,0,3,0,,0,,0,,0,0,893,0,1
17254810589,580,2,3,8,8,5.222,3,0,0.11 | 0.11 | 0.11,0,0.86 | 1.56 | 2.21,0,1.81 | 2.56 | 4.64,0.893,0.000,0,1,0,0,0,0,-1,0,3,0,,0,,0,,0,0,893,0,1
17254810590,580,2,3,8,8,5.222,3,0,0.11 | 0.11 | 0.11,0,0.86 | 1.56 | 2.21,0,1.81 | 2.56 | 4.64,0.893,0.000,0,1,0,0,0,0,-1,0,3,0,,0,,0,,0,0,893,0,1
17254810591,580,2,3,8,8,5.222,3,0,0.11 | 0.11 | 0.11,0,0.86 | 1.56 | 2.21,0,1.81 | 2.56 | 4.64,0.893,0.000,0,1,0,0,0,0,-1,0,3,0,,0,,0,,0,0,893,0,1
17254810592,580,2,3,8,8,5.222,3,0,0.11 | 0.11 | 0.11,0,0.86 | 1.56 | 2.21,0,1.81 | 2.56 | 4.64,0.893,0.000,0,1,0,0,0,0,-1,0,3,0,,0,,0,,0,0,893,0,1
17254810593,580,2,3,8,8,4.175,3,0,0.11 | 0.11 | 0.11,0,0.86 | 1.56 | 2.21,0,1.81 | 2.56 | 4.64,0.893,0.000,0,1,0,0,0,0,-1,0,3,0,,0,,0,,0,0,893,0,1
17254810594,580,3,3,8,8,4.175,3,0,0.11 | 0.11 | 0.11,0,0.86 | 1.56 | 2.21,0,1.81 | 2.56 | 4.64,0.893,0.000,0,1,0,0,0,0,-1,0,3,0,,0,,0,,0,0,893,0,1
17254810595,580,3,3,8,8,4.175,3,0,0.11 | 0.11 | 0.11,0,0.86 | 1.56 | 2.21,0,1.81 | 2.56 | 4.64,0.893,0.000,0,1,0,0,0,0,-1,0,3,0,,0,,0,,0,0,893,0,1
17254810596,580,3,3,8,8,4.175,3,0,0.11 | 0.11 | 0.11,0,0.86 | 1.56 | 2.21,0,1.81 | 2.56 | 4.64,0.893,0.000,0,1,0,0,0,0,-1,0,3,0,,0,,0,,0,0,893,0,1
17254810597,580,3,3,8,8,4.175,3,0,0.11 | 0.11 | 0.11,0,0.86 | 1.56 | 2.21,0,1.81 | 2.56 | 4.64,0.893,0.000,0,1,0,0,0,0,-1,0,3,0,,0,,0,,0,0,893,0,1
17254810598,580,3,3,8,8,4.175,3,0,0.11 | 0.11 | 0.11,0,0.86 | 1.56 | 2.21,0,1.81 | 2.56 | 4.64,0.893,0.000,0,1,0,0,0,0,-1,0,3,0,,0,,0,,0,0,893,0,1
17254810599,580,3,3,8,8,4.175,3,0,0.11 | 0.11 | 0.11,0,0.86 | 1.56 | 2.21,0,1.81 | 2.56 | 4.64,0.893,0.000,0,1,0,0,0,0,-1,0,3,0,,0,,0,,0,0,893,0,1
17254810600,580,3,3,8,8,4.175,3,0,0.11 | 0.11 | 0.11,0,0.86 | 1.56 | 2.21,0,1.81 | 2.56 | 4.64,0.893,0.000,0,1,0,0,0,0,-1,0,3,0,,0,,0,,0,0,893,0,1
17254810601,580,3,3,8,8,4.175,3,0,0.11 | 0.11 | 0.11,0,0.86 | 1.56 | 2.21,0,1.81 | 2.56 | 4.64,0.893,0.000,0,1,0,0,0,0,-1,0,3,0,,0,,0,,0,0,893,0,1
17254810602,580,3,3,8,8,4.175,3,0,0.11 | 0.11 | 0.11,0,0.86 | 1.56 | 2.21,0,1.81 | 2.56 | 4.64,0.893,0.000,0,1,0,0,0,0,-1,0,3,0,,0,,0,,0,0,893,0,1
17254810603,580,3,3,8,8,3.113,3,0,0.11 | 0.11 | 0.11,0,0.86 | 1.56 | 2.21,0,1.81 | 2.56 | 4.64,0.893,0.000,0,1,0,0,0,0,-1,0,3,0,,0,,0,,0,0,893,0,1
17254810604,580,3,3,8,8,3.113,3,0,0.11 | 0.11 | 0.11,0,0.86 | 1.56 | 2.21,0,1.81 | 2.56 | 4.64,0.893,0.000,0,1,0,0,0,0,-1,0,3,0,,0,,0,,0,0,893,0,1
17254810605,772,3,4,8,8,3.113,3,0,0.11 | 0.11 | 0.11,0,0.86 | 1.56 | 2.21,0,1.81 | 2.56 | 4.64,0.893,0.000,0,1,0,0,0,0,-1,0,3,0,,0,,0,,0,0,952,0,1
17254810606,772,3,4,8,8,3.113,3,0,0.11 | 0.11 | 0.11,0,0.86 | 1.56 | 2.21,0,1.81 | 2.56 | 4.64,0.893,0.000,0,1,0,0,0,0,-1,0,3,0,,0,,0,,0,0,952,0,1
17254810607,772,3,4,8,8,3.113,3,0,0.11 | 0.11 | 0.11,0,0.86 | 1.56 | 2.21,0,1.81 | 2.56 | 4.64,0.893,0.000,0,1,0,0,0,0,-1,0,3,0,,0,,0,,0,0,952,0,1
17254810608,772,3,4,8,8,3.113,3,0,0.11 | 0.11 | 0.11,0,0.86 | 1.56 | 2.21,0,1.81 | 2.56 | 4.64,0.893,0.000,0,1,0,0,0,0,-1,0,3,0,,0,,0,,0,0,952,0,1
17254810609,772,3,4,8,8,3.113,3,0,0.11 | 0.11 | 0.11,0,0.86 | 1.56 | 2.21,0,1.81 | 2.56 | 4.64,0.893,0.000,0,1,0,0,0,0,-1,0,3,0,,0,,0,,0,0,952,0,1
17254810610,772,3,4,8,8,3.113,3,0,0.11 | 0.11 | 0.11,0,0.86 | 1.56 | 2.21,0,1.81 | 2.56 | 4.64,0.893,0.000,0,1,0,0,0,0,-1,0,3,0,,0,,0,,0,0,952,0,1
17254810611,772,3,4,8,8,3.113,3,0,0.11 | 0.11 | 0.11,0,0.86 | 1.56 | 2.21,0,1.81 | 2.56 | 4.64,0.893,0.000,0,1,0,0,0,0,-1,0,3,0,,0,,0,,0,0,952,0,1
17254810612,772,3,4,8,8,3.113,3,0,0.11 | 0.11 | 0.11,0,0.86 | 1.56 | 2.21,0,1.81 | 2.56 | 4.64,0.893,0.000,0,1,0,0,0,0,-1,0,3,0,,0,,0,,0,0,952,0,1
17254810613,772,3,4,8,8,6.812,3,0,0.10 | 0.11 | 0.11,0,1.25 | 1.99 | 2.57,0,1.56 | 2.01 | 3.20,0.952,0.000,0,1,0,0,0,0,-1,0,3,0,,0,,0,,0,0,952,0,1
17254810614,772,3,4,8,8,6.812,3,0,0.10 | 0.11 | 0.11,0,1.25 | 1.99 | 2.57,0,1.56 | 2.01 | 3.20,0.952,0.000,0,1,0,0,0,0,-1,0,3,0,,0,,0,,0,0,952,0,1
17254810615,772,3,4,8,8,6.812,3,0,0.10 | 0.11 | 0.11,0,1.25 | 1.99 | 2.57,0,1.56 | 2.01 | 3.20,0.952,0.000,0,1,0,0,0,0,-1,0,3,0,,0,,0,,0,0,952,0,1
17254810616,772,3,4,8,8,6.812,3,0,0.10 | 0.11 | 0.11,0,1.25 | 1.99 | 2.57,0,1.56 | 2.01 | 3.20,0.952,0.000,0,1,0,0,0,0,-1,0,3,0,,0,,0,,0,0,952,0,1
17254810617,772,3,4,8,8,6.812,3,0,0.10 | 0.11 | 0.11,0,1.25 | 1.99 | 2.57,0,1.56 | 2.01 | 3.20,0.952,0.000,0,1,0,0,0,0,-1,0,3,0,,0,,0,,0,0,952,0,1
17254810618,772,3,4,8,8,6.812,3,0,0.10 | 0.11 | 0.11,0,1.25 | 1.99 | 2.57,0,1.56 | 2.01 | 3.20,0.952,0.000,0,1,0,0,0,0,-1,0,3,0,,0,,0,,0,0,952,0,1
17254810619,772,3,4,8,8,6.812,3,0,0.10 | 0.11 | 0.11,0,1.25 | 1.99 | 2.57,0,1.56 | 2.01 | 3.20,0.952,0.000,0,1,0,0,0,0,-1,0,3,0,,0,,0,,0,0,952,0,1
17254810620,772,3,4,8,8,6.812,3,0,0.10 | 0.11 | 0.11,0,1.25 | 1.99 | 2.57,0,1.56 | 2.01 | 3.20,0.952,0.000,0,1,0,0,0,0,-1,0,3,0,,0,,0,,0,0,952,0,1
17254810621,772,3,4,8,8,6.812,3,0,0.10 | 0.11 | 0.11,0,1.25 | 1.99 | 2.57,0,1.56 | 2.01 | 3.20,0.952,0.000,0,1,0,0,0,0,-1,0,3,0,,0,,0,,0,0,952,0,1
17254810622,772,3,4,8,8,6.812,3,0,0.10 | 0.11 | 0.11,0,1.25 | 1.99 | 2.57,0,1.56 | 2.01 | 3.20,0.952,0.000,0,1,0,0,0,0,-1,0,3,0,,0,,0,,0,0,952,0,1
17254810623,772,3,4,8,8,6.053,3,0,0.10 | 0.11 | 0.11,0,1.25 | 1.99 | 2.57,0,1.56 | 2.01 | 3.20,0.952,0.000,0,1,0,0,0,0,-1,0,3,0,,0,,0,,0,0,952,0,1
17254810624,772,3,4,8,8,6.053,3,0,0.10 | 0.11 | 0.11,0,1.25 | 1.99 | 2.57,0,1.56 | 2.01 | 3.20,0.952,0.000,0,1,0,0,0,0,-1,0,3,0,,0,,0,,0,0,952,0,1
17254810625,772,3,4,8,8,6.053,3,0,0.10 | 0.11 | 0.11,0,1.25 | 1.99 | 2.57,0,1.56 | 2.01 | 3.20,0.952,0.000,0,1,0,0,0,0,-1,0,3,0,,0,,0,,0,0,952,0,1
17254810626,772,3,4,8,8,6.053,3,0,0.10 | 0.11 | 0.11,0,1.25 | 1.99 | 2.57,0,1.56 | 2.01 | 3.20,0.952,0.000,0,1,0,0,0,0,-1,0,3,0,,0,,0,,0,0,952,0,1
17254810627,772,3,4,8,8,6.053,3,0,0.10 | 0.11 | 0.11,0,1.25 | 1.99 | 2.57,0,1.56 | 2.01 | 3.20,0.952,0.000,0,1,0,0,0,0,-1,0,3,0,,0,,0,,0,0,952,0,1
17254810628,772,3,4,8,8,6.053,3,0,0.10 | 0.11 | 0.11,0,1.25 | 1.99 | 2.57,0,1.56 | 2.01 | 3.20,0.952,0.000,0,1,0,0,0,0,-1,0,3,0,,0,,0,,0,0,952,0,1
17254810629,772,3,4,8,8,6.053,3,0,0.10 | 0.11 | 0.11,0,1.25 | 1.99 | 2.57,0,1.56 | 2.01 | 3.20,0.952,0.000,0,1,0,0,0,0,-1,0,3,0,,0,,0,,0,0,952,0,1
17254810630,772,3,4,8,8,6.053,3,0,0.10 | 0.11 | 0.11,0,1.25 | 1.99 | 2.57,0,1.56 | 2.01 | 3.20,0.952,0.000,0,1,0,0,0,0,-1,0,3,0,,0,,0,,0,0,952,0,1
17254810631,772,3,4,8,8,6.053,3,0,0.10 | 0.11 | 0.11,0,1.25 | 1.99 | 2.57,0,1.56 | 2.01 | 3.20,0.952,0.000,0,1,0,0,0,0,-1,0,3,0,,0,,0,,0,0,952,0,1
17254810632,772,3,4,8,8,6.053,3,0,0.10 | 0.11 | 0.11,0,1.25 | 1.99 | 2.57,0,1.56 | 2.01 | 3.20,0.952,0.000,0,1,0,0,0,0,-1,0,3,0,,0,,0,,0,0,952,0,1
17254810633,772,3,4,8,8,4.991,3,0,0.10 | 0.11 | 0.11,0,1.25 | 1.99 | 2.57,0,1.56 | 2.01 | 3.20,0.952,0.000,0,1,0,0,0,0,-1,0,3,0,,0,,0,,0,0,952,0,1
17254810634,772,3,4,8,8,4.991,3,0,0.10 | 0.11 | 0.11,0,1.25 | 1.99 | 2.57,0,1.56 | 2.01 | 3.20,0.952,0.000,0,1,0,0,0,0,-1,0,3,0,,0,,0,,0,0,952,0,1
17254810635,772,3,4,8,8,4.991,3,0,0.10 | 0.11 | 0.11,0,1.25 | 1.99 | 2.57,0,1.56 | 2.01 | 3.20,0.952,0.000,0,1,0,0,0,0,-1,0,3,0,,0,,0,,0,0,952,0,1
17254810636,772,3,4,8,8,4.991,3,0,0.10 | 0.11 | 0.11,0,1.25 | 1.99 | 2.57,0,1.56 | 2.01 | 3.20,0.952,0.000,0,1,0,0,0,0,-1,0,3,0,,0,,0,,0,0,952,0,1
17254810637,772,3,4,8,8,4.991,3,0,0.10 | 0.11 | 0.11,0,1.25 | 1.99 | 2.57,0,1.56 | 2.01 | 3.20,0.952,0.000,0,1,0,0,0,0,-1,0,3,0,,0,,0,,0,0,952,0,1
17254810638,772,3,4,8,8,4.991,3,0,0.10 | 0.11 | 0.11,0,1.25 | 1.99 | 2.57,0,1.56 | 2.01 | 3.20,0.952,0.000,0,1,0,0,0,0,-1,0,3,0,,0,,0,,0,0,952,0,1
17254810639,772,3,4,8,8,4.991,3,0,0.10 | 0.11 | 0.11,0,1.25 | 1.99 | 2.57,0,1.56 | 2.01 | 3.20,0.952,0.000,0,1,0,0,0,0,-1,0,3,0,,0,,0,,0,0,952,0,1
17254810640,772,3,4,8,8,4.991,3,0,0.10 | 0.11 | 0.11,0,1.25 | 1.99 | 2.57,0,1.56 | 2.01 | 3.20,0.952,0.000,0,1,0,0,0,0,-1,0,3,0,,0,,0,,0,0,952,0,1
17254810641,772,3,4,8,8,4.991,3,0,0.10 | 0.11 | 0.11,0,1.25 | 1.99 | 2.57,0,1.56 | 2.01 | 3.20,0.952,0.000,0,1,0,0,0,0,-1,0,3,0,,0,,0,,0,0,952,0,1
17254810642,772,3,4,8,8,4.991,3,0,0.10 | 0.11 | 0.11,0,1.25 | 1.99 | 2.57,0,1.56 | 2.01 | 3.20,0.952,0.000,0,1,0,0,0,0,-1,0,3,0,,0,,0,,0,0,952,0,1
17254810643,772,3,4,8,8,3.928,3,0,0.10 | 0.11 | 0.11,0,1.25 | 1.99 | 2.57,0,1.56 | 2.01 | 3.20,0.952,0.000,0,1,0,0,0,0,-1,0,3,0,,0,,0,,0,0,952,0,1
17254810644,772,3,4,8,8,3.928,3,0,0.10 | 0.11 | 0.11,0,1.25 | 1.99 | 2.57,0,1.56 | 2.01 | 3.20,0.952,0.000,0,1,0,0,0,0,-1,0,3,0,,0,,0,,0,0,952,0,1
17254810645,772,3,4,8,8,3.928,3,0,0.10 | 0.11 | 0.11,0,1.25 | 1.99 | 2.57,0,1.56 | 2.01 | 3.20,0.952,0.000,0,1,0,0,0,0,-1,0,3,0,,0,,0,,0,0,952,0,1
17254810646,387,3,2,8,8,3.928,3,0,0.10 | 0.11 | 0.11,0,1.25 | 1.99 | 2.57,0,1.56 | 2.01 | 3.20,0.952,0.000,0,1,0,0,0,0,-1,0,3,0,,0,,0,,0,0,978,0,1
17254810647,387,4,2,8,8,3.928,3,0,0.10 | 0.11 | 0.11,0,1.25 | 1.99 | 2.57,0,1.56 | 2.01 | 3.20,0.952,0.000,0,1,0,0,0,0,-1,0,3,0,,0,,0,,0,0,978,0,1
17254810648,387,4,2,8,8,3.928,3,0,0.10 | 0.11 | 0.11,0,1.25 | 1.99 | 2.57,0,1.56 | 2.01 | 3.20,0.952,0.000,0,1,0,0,0,0,-1,0,3,0,,0,,0,,0,0,978,0,1
17254810649,387,4,2,8,8,3.928,3,0,0.10 | 0.11 | 0.11,0,1.25 | 1.99 | 2.57,0,1.56 | 2.01 | 3.20,0.952,0.000,0,1,0,0,0,0,-1,0,3,0,,0,,0,,0,0,978,0,1
17254810650,387,4,2,8,8,3.928,3,0,0.10 | 0.11 | 0.11,0,1.25 | 1.99 | 2.57,0,1.56 | 2.01 | 3.20,0.952,0.000,0,1,0,0,0,0,-1,0,3,0,,0,,0,,0,0,978,0,1
17254810651,387,4,2,8,8,3.928,3,0,0.10 | 0.11 | 0.11,0,1.25 | 1.99 | 2.57,0,1.56 | 2.01 | 3.20,0.952,0.000,0,1,0,0,0,0,-1,0,3,0,,0,,0,,0,0,978,0,1
17254810652,387,4,2,8,8,3.928,3,0,0.10 | 0.11 | 0.11,0,1.25 | 1.99 | 2.57,0,1.56 | 2.01 | 3.20,0.952,0.000,0,1,0,0,0,0,-1,0,3,0,,0,,0,,0,0,978,0,1
17254810653,387,4,2,8,8,2.866,3,0,0.10 | 0.11 | 0.11,0,1.25 | 2.48 | 3.88,0,1.03 | 1.61 | 3.20,0.978,0.000,0,1,0,0,0,0,-1,0,3,0,,0,,0,,0,0,978,0,1
17254810654,387,4,2,8,8,2.866,3,0,0.10 | 0.11 | 0.11,0,1.25 | 2.48 | 3.88,0,1.03 | 1.61 | 3.20,0.978,0.000,0,1,0,0,0,0,-1,0,3,0,,0,,0,,0,0,978,0,1
17254810655,387,4,2,8,8,2.866,3,0,0.10 | 0.11 | 0.11,0,1.25 | 2.48 | 3.88,0,1.03 | 1.61 | 3.20,0.978,0.000,0,1,0,0,0,0,-1,0,3,0,,0,,0,,0,0,978,0,1
17254810656,387,4,2,8,8,2.866,3,0,0.10 | 0.11 | 0.11,0,1.25 | 2.48 | 3.88,0,1.03 | 1.61 | 3.20,0.978,0.000,0,1,0,0,0,0,-1,0,3,0,,0,,0,,0,0,978,0,1
17254810657,387,4,2,8,8,2.866,3,0,0.10 | 0.11 | 0.11,0,1.25 | 2.48 | 3.88,0,1.03 | 1.61 | 3.20,0.978,0.000,0,1,0,0,0,0,-1,0,3,0,,0,,0,,0,0,978,0,1
17254810658,387,4,2,8,8,2.866,3,0,0.10 | 0.11 | 0.11,0,1.25 | 2.48 | 3.88,0,1.03 | 1.61 | 3.20,0.978,0.000,0,1,0,0,0,0,-1,0,3,0,,0,,0,,0,0,978,0,1
17254810659,387,4,2,8,8,2.866,3,0,0.10 | 0.11 | 0.11,0,1.25 | 2.48 | 3.88,0,1.03 | 1.61 | 3.20,0.978,0.000,0,1,0,0,0,0,-1,0,3,0,,0,,0,,0,0,955.25,0,1
17254810660,580,4,3,8,8,2.866,3,0,0.10 | 0.11 | 0.11,0,1.25 | 2.48 | 3.88,0,1.03 | 1.61 | 3.20,0.978,0.000,0,1,0,0,0,0,-1,0,3,0,,0,,0,,0,0,955.25,0,1
17254810661,580,4,3,8,8,2.866,3,0,0.10 | 0.11 | 0.11,0,1.25 | 2.48 | 3.88,0,1.03 | 1.61 | 3.20,0.978,0.000,0,1,0,0,0,0,-1,0,3,0,,0,,0,,0,0,955.25,0,1
17254810662,580,4,3,8,8,2.866,3,0,0.10 | 0.11 | 0.11,0,1.25 | 2.48 | 3.88,0,1.03 | 1.61 | 3.20,0.978,0.000,0,1,0,0,0,0,-1,0,3,0,,0,,0,,0,0,955.25,0,1
17254810663,580,4,3,8,8,5.252,3,0,0.10 | 0.11 | 0.11,0,1.13 | 2.45 | 3.88,0,1.03 | 1.63 | 3.54,0.955,0.000,0,1,0,0,0,0,-1,0,3,0,,0,,0,,0,0,955.25,0,1
17254810664,580,4,3,8,8,5.252,3,0,0.10 | 0.11 | 0.11,0,1.13 | 2.45 | 3.88,0,1.03 | 1.63 | 3.54,0.955,0.000,0,1,0,0,0,0,-1,0,3,0,,0,,0,,0,0,955.25,0,1
17254810665,580,4,3,8,8,5.252,3,0,0.10 | 0.11 | 0.11,0,1.13 | 2.45 | 3.88,0,1.03 | 1.63 | 3.54,0.955,0.000,0,1,0,0,0,0,-1,0,3,0,,0,,0,,0,0,955.25,0,1
17254810666,580,4,3,8,8,5.252,3,0,0.10 | 0.11 | 0.11,0,1.13 | 2.45 | 3.88,0,1.03 | 1.63 | 3.54,0.955,0.000,0,1,0,0,0,0,-1,0,3,0,,0,,0,,0,0,955.25,0,1
17254810667,580,4,3,8,8,5.252,3,0,0.10 | 0.11 | 0.11,0,1.13 | 2.45 | 3.88,0,1.03 | 1.63 | 3.54,0.955,0.000,0,1,0,0,0,0,-1,0,3,0,,0,,0,,0,0,955.25,0,1
17254810668,580,4,3,8,8,5.252,3,0,0.10 | 0.11 | 0.11,0,1.13 | 2.45 | 3.88,0,1.03 | 1.63 | 3.54,0.955,0.000,0,1,0,0,0,0,-1,0,3,0,,0,,0,,0,0,955.25,0,1
17254810669,580,4,3,8,8,5.252,3,0,0.10 | 0.11 | 0.11,0,1.13 | 2.45 | 3.88,0,1.03 | 1.63 | 3.54,0.955,0.000,0,1,0,0,0,0,-1,0,3,0,,0,,0,,0,0,955.25,0,1
17254810670,580,4,3,8,8,5.252,3,0,0.10 | 0.11 | 0.11,0,1.13 | 2.45 | 3.88,0,1.03 | 1.63 | 3.54,0.955,0.000,0,1,0,0,0,0,-1,0,3,0,,0,,0,,0,0,955.25,0,1
17254810671,580,4,3,8,8,5.252,3,0,0.10 | 0.11 | 0.11,0,1.13 | 2.45 | 3.88,0,1.03 | 1.63 | 3.54,0.955,0.000,0,1,0,0,0,0,-1,0,3,0,,0,,0,,0,0,955.25,0,1
17254810672,580,4,3,8,8,5.252,3,0,0.10 | 0.11 | 0.11,0,1.13 | 2.45 | 3.88,0,1.03 | 1.63 | 3.54,0.955,0.000,0,1,0,0,0,0,-1,0,3,0,,0,,0,,0,0,955.25,0,1
17254810673,580,4,3,8,8,4.206,3,0,0.10 | 0.11 | 0.11,0,1.13 | 2.45 | 3.88,0,1.03 | 1.63 | 3.54,0.955,0.000,0,1,0,0,0,0,-1,0,3,0,,0,,0,,0,0,955.25,0,1
17254810674,580,2,3,8,8,4.206,3,0,0.10 | 0.11 | 0.11,0,1.13 | 2.45 | 3.88,0,1.03 | 1.63 | 3.54,0.955,0.000,0,1,0,0,0,0,-1,0,3,0,,0,,0,,0,0,955.25,0,1
17254810675,580,2,3,8,8,4.206,3,0,0.10 | 0.11 | 0.11,0,1.13 | 2.45 | 3.88,0,1.03 | 1.63 | 3.54,0.955,0.000,0,1,0,0,0,0,-1,0,3,0,,0,,0,,0,0,955.25,0,1
17254810676,580,2,3,8,8,4.206,3,0,0.10 | 0.11 | 0.11,0,1.13 | 2.45 | 3.88,0,1.03 | 1.63 | 3.54,0.955,0.000,0,1,0,0,0,0,-1,0,3,0,,0,,0,,0,0,955.25,0,1
17254810677,580,2,3,8,8,4.206,3,0,0.10 | 0.11 | 0.11,0,1.13 | 2.45 | 3.88,0,1.03 | 1.63 | 3.54,0.955,0.000,0,1,0,0,0,0,-1,0,3,0,,0,,0,,0,0,955.25,0,1
17254810678,580,2,3,8,8,4.206,3,0,0.10 | 0.11 | 0.11,0,1.13 | 2.45 | 3.88,0,1.03 | 1.63 | 3.54,0.955,0.000,0,1,0,0,0,0,-1,0,3,0,,0,,0,,0,0,955.25,0,1
17254810679,580,2,3,8,8,4.206,3,0,0.10 | 0.11 | 0.11,0,1.13 | 2.45 | 3.88,0,1.03 | 1.63 | 3.54,0.955,0.000,0,1,0,0,0,0,-1,0,3,0,,0,,0,,0,0,955.25,0,1
17254810680,580,2,3,8,8,4.206,3,0,0.10 | 0.11 | 0.11,0,1.13 | 2.45 | 3.88,0,1.03 | 1.63 | 3.54,0.955,0.000,0,1,0,0,0,0,-1,0,3,0,,0,,0,,0,0,955.25,0,1
17254810681,580,2,3,8,8,4.206,3,0,0.10 | 0.11 | 0.11,0,1.13 | 2.45 | 3.88,0,1.03 | 1.63 | 3.54,0.955,0.000,0,1,0,0,0,0,-1,0,3,0,,0,,0,,0,0,955.25,0,1
17254810682,580,2,3,8,8,4.206,3,0,0.10 | 0.11 | 0.11,0,1.13 | 2.45 | 3.88,0,1.03 | 1.63 | 3.54,0.955,0.000,0,1,0,0,0,0,-1,0,3,0,,0,,0,,0,0,955.25,0,1
17254810683,580,2,3,8,8,3.144,3,0,0.10 | 0.11 | 0.11,0,1.13 | 2.45 | 3.88,0,1.03 | 1.63 | 3.54,0.955,0.000,0,1,0,0,0,0,-1,0,3,0,,0,,0,,0,0,955.25,0,1
17254810684,580,2,3,8,8,3.144,3,0,0.10 | 0.11 | 0.11,0,1.13 | 2.45 | 3.88,0,1.03 | 1.63 | 3.54,0.955,0.000,0,1,0,0,0,0,-1,0,3,0,,0,,0,,0,0,955.25,0,1
17254810685,580,2,3,8,8,3.144,3,0,0.10 | 0.11 | 0.11,0,1.13 | 2.45 | 3.88,0,1.03 | 1.63 | 3.54,0.955,0.000,0,1,0,0,0,0,-1,0,3,0,,0,,0,,0,0,955.25,0,1
17254810686,580,2,3,8,8,3.144,3,0,0.10 | 0.11 | 0.11,0,1.13 | 2.45 | 3.88,0,1.03 | 1.63 | 3.54,0.955,0.000,0,1,0,0,0,0,-1,0,3,0,,0,,0,,0,0,955.25,0,1
17254810687,580,2,3,8,8,3.144,3,0,0.10 | 0.11 | 0.11,0,1.13 | 2.45 | 3.88,0,1.03 | 1.63 | 3.54,0.955,0.000,0,1,0,0,0,0,-1,0,3,0,,0,,0,,0,0,955.25,0,1
17254810688,580,2,3,8,8,3.144,3,0,0.10 | 0.11 | 0.11,0,1.13 | 2.45 | 3.88,0,1.03 | 1.63 | 3.54,0.955,0.000,0,1,0,0,0,0,-1,0,3,0,,0,,0,,0,0,955.25,0,1
17254810689,580,2,3,8,8,3.144,3,0,0.10 | 0.11 | 0.11,0,1.13 | 2.45 | 3.88,0,1.03 | 1.63 | 3.54,0.955,0.000,0,1,0,0,0,0,-1,0,3,0,,0,,0,,0,0,955.25,0,1
17254810690,580,2,3,8,8,3.144,3,0,0.10 | 0.11 | 0.11,0,1.13 | 2.45 | 3.88,0,1.03 | 1.63 | 3.54,0.955,0.000,0,1,0,0,0,0,-1,0,3,0,,0,,0,,0,0,955.25,0,1
17254810691,580,2,3,8,8,3.144,3,0,0.10 | 0.11 | 0.11,0,1.13 | 2.45 | 3.88,0,1.03 | 1.63 | 3.54,0.955,0.000,0,1,0,0,0,0,-1,0,3,0,,0,,0,,0,0,1008,0,1
17254810692,580,2,3,8,8,3.144,3,0,0.10 | 0.11 | 0.11,0,1.13 | 2.45 | 3.88,0,1.03 | 1.63 | 3.54,0.955,0.000,0,1,0,0,0,0,-1,0,3,0,,0,,0,,0,0,1008,0,1
17254810693,580,2,3,8,8,6.881,3,0,0.10 | 0.11 | 0.11,0,1.13 | 2.62 | 3.88,0,1.03 | 1.53 | 3.54,1.008,0.000,0,1,0,0,0,0,-1,0,3,0,,0,,0,,0,0,1008,0,1
17254810694,580,2,3,8,8,6.881,3,0,0.10 | 0.11 | 0.11,0,1.13 | 2.62 | 3.88,0,1.03 | 1.53 | 3.54,1.008,0.000,0,1,0,0,0,0,-1,0,3,0,,0,,0,,0,0,1008,0,1
17254810695,580,2,3,8,8,6.881,3,0,0.10 | 0.11 | 0.11,0,1.13 | 2.62 | 3.88,0,1.03 | 1.53 | 3.54,1.008,0.000,0,1,0,0,0,0,-1,0,3,0,,0,,0,,0,0,1008,0,1
17254810696,580,2,3,8,8,6.881,3,0,0.10 | 0.11 | 0.11,0,1.13 | 2.62 | 3.88,0,1.03 | 1.53 | 3.54,1.008,0.000,0,1,0,0,0,0,-1,0,3,0,,0,,0,,0,0,1008,0,1
17254810697,580,2,3,8,8,6.881,3,0,0.10 | 0.11 | 0.11,0,1.13 | 2.62 | 3.88,0,1.03 | 1.53 | 3.54,1.008,0.000,0,1,0,0,0,0,-1,0,3,0,,0,,0,,0,0,1008,0,1
17254810698,580,2,3,8,8,6.881,3,0,0.10 | 0.11 | 0.11,0,1.13 | 2.62 | 3.88,0,1.03 | 1.53 | 3.54,1.008,0.000,0,1,0,0,0,0,-1,0,3,0,,0,,0,,0,0,1008,0,1
17254810699,580,2,3,8,8,6.881,3,0,0.10 | 0.11 | 0.11,0,1.13 | 2.62 | 3.88,0,1.03 | 1.53 | 3.54,1.008,0.000,0,1,0,0,0,0,-1,0,3,0,,0,,0,,0,0,1008,0,1
17254810700,580,2,3,8,8,6.881,3,0,0.10 | 0.11 | 0.11,0,1.13 | 2.62 | 3.88,0,1.03 | 1.53 | 3.54,1.008,0.000,0,1,0,0,0,0,-1,0,3,0,,0,,0,,0,0,1008,0,1
17254810701,580,2,3,8,8,6.881,3,0,0.10 | 0.11 | 0.11,0,1.13 | 2.62 | 3.88,0,1.03 | 1.53 | 3.54,1.008,0.000,0,1,0,0,0,0,-1,0,3,0,,0,,0,,0,0,1008,0,1
17254810702,580,2,3,8,8,6.881,3,0,0.10 | 0.11 | 0.11,0,1.13 | 2.62 | 3.88,0,1.03 | 1.53 | 3.54,1.008,0.000,0,1,0,0,0,0,-1,0,3,0,,0,,0,,0,0,1008,0,1
17254810703,580,2,3,8,8,5.819,3,0,0.10 | 0.11 | 0.11,0,1.13 | 2.62 | 3.88,0,1.03 | 1.53 | 3.54,1.008,0.000,0,1,0,0,0,0,-1,0,3,0,,0,,0,,0,0,1008,0,1
17254810704,580,2,3,8,8,5.819,3,0,0.10 | 0.11 | 0.11,0,1.13 | 2.62 | 3.88,0,1.03 | 1.53 | 3.54,1.008,0.000,0,1,0,0,0,0,-1,0,3,0,,0,,0,,0,0,1008,0,1
17254810705,580,2,3,8,8,5.819,3,0,0.10 | 0.11 | 0.11,0,1.13 | 2.62 | 3.88,0,1.03 | 1.53 | 3.54,1.008,0.000,0,1,0,0,0,0,-1,0,3,0,,0,,0,,0,0,1008,0,1
17254810706,580,2,3,8,8,5.819,3,0,0.10 | 0.11 | 0.11,0,1.13 | 2.62 | 3.88,0,1.03 | 1.53 | 3.54,1.008,0.000,0,1,0,0,0,0,-1,0,3,0,,0,,0,,0,0,1008,0,1
17254810707,580,2,3,8,8,5.819,3,0,0.10 | 0.11 | 0.11,0,1.13 | 2.62 | 3.88,0,1.03 | 1.53 | 3.54,1.008,0.000,0,1,0,0,0,0,-1,0,3,0,,0,,0,,0,0,1008,0,1
17254810708,580,2,3,8,8,5.819,3,0,0.10 | 0.11 | 0.11,0,1.13 | 2.62 | 3.88,0,1.03 | 1.53 | 3.54,1.008,0.000,0,1,0,0,0,0,-1,0,3,0,,0,,0,,0,0,1008,0,1
17254810709,580,2,3,8,8,5.819,3,0,0.10 | 0.11 | 0.11,0,1.13 | 2.62 | 3.88,0,1.03 | 1.53 | 3.54,1.008,0.000,0,1,0,0,0,0,-1,0,3,0,,0,,0,,0,0,1034.5,0,1
17254810710,580,2,3,8,8,5.819,3,0,0.10 | 0.11 | 0.11,0,1.13 | 2.62 | 3.88,0,1.03 | 1.53 | 3.54,1.008,0.000,0,1,0,0,0,0,-1,0,3,0,,0,,0,,0,0,1034.5,0,1
17254810711,580,2,3,8,8,5.819,3,0,0.10 | 0.11 | 0.11,0,1.13 | 2.62 | 3.88,0,1.03 | 1.53 | 3.54,1.008,0.000,0,1,0,0,0,0,-1,0,3,0,,0,,0,,0,0,1034.5,0,1
17254810712,580,2,3,8,8,5.819,3,0,0.10 | 0.11 | 0.11,0,1.13 | 2.62 | 3.88,0,1.03 | 1.53 | 3.54,1.008,0.000,0,1,0,0,0,0,-1,0,3,0,,0,,0,,0,0,1034.5,0,1
17254810713,580,2,3,8,8,8.012,3,0,0.11 | 0.11 | 0.11,0,1.13 | 2.41 | 3.88,0,1.03 | 1.66 | 3.54,1.034,0.000,0,1,0,0,0,0,-1,0,3,0,,0,,0,,0,0,1034.5,0,1
17254810714,580,3,3,8,8,8.012,3,0,0.11 | 0.11 | 0.11,0,1.13 | 2.41 | 3.88,0,1.03 | 1.66 | 3.54,1.034,0.000,0,1,0,0,0,0,-1,0,3,0,,0,,0,,0,0,1034.5,0,1
17254810715,580,3,3,8,8,8.012,3,0,0.11 | 0.11 | 0.11,0,1.13 | 2.41 | 3.88,0,1.03 | 1.66 | 3.54,1.034,0.000,0,1,0,0,0,0,-1,0,3,0,,0,,0,,0,0,1034.5,0,1
17254810716,580,3,3,8,8,8.012,3,0,0.11 | 0.11 | 0.11,0,1.13 | 2.41 | 3.88,0,1.03 | 1.66 | 3.54,1.034,0.000,0,1,0,0,0,0,-1,0,3,0,,0,,0,,0,0,1034.5,0,1
17254810717,580,3,3,8,8,8.012,3,0,0.11 | 0.11 | 0.11,0,1.13 | 2.41 | 3.88,0,1.03 | 1.66 | 3.54,1.034,0.000,0,1,0,0,0,0,-1,0,3,0,,0,,0,,0,0,1034.5,0,1
17254810718,580,3,3,8,8,8.012,3,0,0.11 | 0.11 | 0.11,0,1.13 | 2.41 | 3.88,0,1.03 | 1.66 | 3.54,1.034,0.000,0,1,0,0,0,0,-1,0,3,0,,0,,0,,0,0,1034.5,0,1
17254810719,580,3,3,8,8,8.012,3,0,0.11 | 0.11 | 0.11,0,1.13 | 2.41 | 3.88,0,1.03 | 1.66 | 3.54,1.034,0.000,0,1,0,0,0,0,-1,0,3,0,,0,,0,,0,0,1034.5,0,1
17254810720,580,3,3,8,8,8.012,3,0,0.11 | 0.11 | 0.11,0,1.13 | 2.41 | 3.88,0,1.03 | 1.66 | 3.54,1.034,0.000,0,1,0,0,0,0,-1,0,3,0,,0,,0,,0,0,1034.5,0,1
17254810721,580,3,3,8,8,8.012,3,0,0.11 | 0.11 | 0.11,0,1.13 | 2.41 | 3.88,0,1.03 | 1.66 | 3.54,1.034,0.000,0,1,0,0,0,0,-1,0,3,0,,0,,0,,0,0,1034.5,0,1
17254810722,580,3,3,8,8,8.012,3,0,0.11 | 0.11 | 0.11,0,1.13 | 2.41 | 3.88,0,1.03 | 1.66 | 3.54,1.034,0.000,0,1,0,0,0,0,-1,0,3,0,,0,,0,,0,0,1034.5,0,1
17254810723,580,3,3,8,8,7.16,3,0,0.11 | 0.11 | 0.11,0,1.13 | 2.41 | 3.88,0,1.03 | 1.66 | 3.54,1.034,0.000,0,1,0,0,0,0,-1,0,3,0,,0,,0,,0,0,1034.5,0,1
17254810724,580,3,3,8,8,7.16,3,0,0.11 | 0.11 | 0.11,0,1.13 | 2.41 | 3.88,0,1.03 | 1.66 | 3.54,1.034,0.000,0,1,0,0,0,0,-1,0,3,0,,0,,0,,0,0,1034.5,0,1
17254810725,580,3,3,8,8,7.16,3,0,0.11 | 0.11 | 0.11,0,1.13 | 2.41 | 3.88,0,1.03 | 1.66 | 3.54,1.034,0.000,0,1,0,0,0,0,-1,0,3,0,,0,,0,,0,0,1034.5,0,1
17254810726,580,3,3,8,8,7.16,3,0,0.11 | 0.11 | 0.11,0,1.13 | 2.41 | 3.88,0,1.03 | 1.66 | 3.54,1.034,0.000,0,1,0,0,0,0,-1,0,3,0,,0,,0,,0,0,1034.5,0,1
17254810727,580,3,3,8,8,7.16,3,0,0.11 | 0.11 | 0.11,0,1.13 | 2.41 | 3.88,0,1.03 | 1.66 | 3.54,1.034,0.000,0,1,0,0,0,0,-1,0,3,0,,0,,0,,0,0,1034.5,0,1
17254810728,580,3,3,8,8,7.16,3,0,0.11 | 0.11 | 0.11,0,1.13 | 2.41 | 3.88,0,1.03 | 1.66 | 3.54,1.034,0.000,0,1,0,0,0,0,-1,0,3,0,,0,,0,,0,0,1034.5,0,1
17254810729,580,3,3,8,8,7.16,3,0,0.11 | 0.11 | 0.11,0,1.13 | 2.41 | 3.88,0,1.03 | 1.66 | 3.54,1.034,0.000,0,1,0,0,0,0,-1,0,3,0,,0,,0,,0,0,1034.5,0,1
17254810730,580,3,3,8,8,7.16,3,0,0.11 | 0.11 | 0.11,0,1.13 | 2.41 | 3.88,0,1.03 | 1.66 | 3.54,1.034,0.000,0,1,0,0,0,0,-1,0,3,0,,0,,0,,0,0,1034.5,0,1
17254810731,580,3,3,8,8,7.16,3,0,0.11 | 0.11 | 0.11,0,1.13 | 2.41 | 3.88,0,1.03 | 1.66 | 3.54,1.034,0.000,0,1,0,0,0,0,-1,0,3,0,,0,,0,,0,0,1034.5,0,1
17254810732,580,3,3,8,8,7.16,3,0,0.11 | 0.11 | 0.11,0,1.13 | 2.41 | 3.88,0,1.03 | 1.66 | 3.54,1.034,0.000,0,1,0,0,0,0,-1,0,3,0,,0,,0,,0,0,1034.5,0,1
17254810733,580,3,3,8,8,6.097,3,0,0.11 | 0.11 | 0.11,0,1.13 | 2.41 | 3.88,0,1.03 | 1.66 | 3.54,1.034,0.000,0,1,0,0,0,0,-1,0,3,0,,0,,0,,0,0,1034.5,0,1
17254810734,580,3,3,8,8,6.097,3,0,0.11 | 0.11 | 0.11,0,1.13 | 2.41 | 3.88,0,1.03 | 1.66 | 3.54,1.034,0.000,0,1,0,0,0,0,-1,0,3,0,,0,,0,,0,0,1034.5,0,1
17254810735,580,3,3,8,8,6.097,3,0,0.11 | 0.11 | 0.11,0,1.13 | 2.41 | 3.88,0,1.03 | 1.66 | 3.54,1.034,0.000,0,1,0,0,0,0,-1,0,3,0,,0,,0,,0,0,1034.5,0,1
17254810736,580,3,3,8,8,6.097,3,0,0.11 | 0.11 | 0.11,0,1.13 | 2.41 | 3.88,0,1.03 | 1.66 | 3.54,1.034,0.000,0,1,0,0,0,0,-1,0,3,0,,0,,0,,0,0,1034.5,0,1
17254810737,580,3,3,8,8,6.097,3,0,0.11 | 0.11 | 0.11,0,1.13 | 2.41 | 3.88,0,1.03 | 1.66 | 3.54,1.034,0.000,0,1,0,0,0,0,-1,0,3,0,,0,,0,,0,0,1034.5,0,1
17254810738,580,3,3,8,8,6.097,3,0,0.11 | 0.11 | 0.11,0,1.13 | 2.41 | 3.88,0,1.03 | 1.66 | 3.54,1.034,0.000,0,1,0,0,0,0,-1,0,3,0,,0,,0,,0,0,1034.5,0,1
17254810739,580,3,3,8,8,6.097,3,0,0.11 | 0.11 | 0.11,0,1.13 | 2.41 | 3.88,0,1.03 | 1.66 | 3.54,1.034,0.000,0,1,0,0,0,0,-1,0,3,0,,0,,0,,0,0,1038.25,0,1
17254810740,580,3,3,8,8,6.097,3,0,0.11 | 0.11 | 0.11,0,1.13 | 2.41 | 3.88,0,1.03 | 1.66 | 3.54,1.034,0.000,0,1,0,0,0,0,-1,0,3,0,,0,,0,,0,0,1038.25,0,1
17254810741,580,3,3,8,8,6.097,3,0,0.11 | 0.11 | 0.11,0,1.13 | 2.41 | 3.88,0,1.03 | 1.66 | 3.54,1.034,0.000,0,1,0,0,0,0,-1,0,3,0,,0,,0,,0,0,1038.25,0,1
17254810742,580,3,3,8,8,6.097,3,0,0.11 | 0.11 | 0.11,0,1.13 | 2.41 | 3.88,0,1.03 | 1.66 | 3.54,1.034,0.000,0,1,0,0,0,0,-1,0,3,0,,0,,0,,0,0,1038.25,0,1
17254810743,580,3,3,8,8,9.834,3,0,0.11 | 0.11 | 0.13,0,1.13 | 2.16 | 2.88,0,1.39 | 1.85 | 3.54,1.038,0.000,0,1,0,0,0,0,-1,0,3,0,,0,,0,,0,0,1038.25,0,1
17254810744,580,3,3,8,8,9.834,3,0,0.11 | 0.11 | 0.13,0,1.13 | 2.16 | 2.88,0,1.39 | 1.85 | 3.54,1.038,0.000,0,1,0,0,0,0,-1,0,3,0,,0,,0,,0,0,1038.25,0,1
17254810745,580,3,3,8,8,9.834,3,0,0.11 | 0.11 | 0.13,0,1.13 | 2.16 | 2.88,0,1.39 | 1.85 | 3.54,1.038,0.000,0,1,0,0,0,0,-1,0,3,0,,0,,0,,0,0,1038.25,0,1
17254810746,580,3,3,8,8,9.834,3,0,0.11 | 0.11 | 0.13,0,1.13 | 2.16 | 2.88,0,1.39 | 1.85 | 3.54,1.038,0.000,0,1,0,0,0,0,-1,0,3,0,,0,,0,,0,0,1038.25,0,1
17254810747,580,3,3,8,8,9.834,3,0,0.11 | 0.11 | 0.13,0,1.13 | 2.16 | 2.88,0,1.39 | 1.85 | 3.54,1.038,0.000,0,1,0,0,0,0,-1,0,3,0,,0,,0,,0,0,1038.25,0,1
17254810748,580,3,3,8,8,9.834,3,0,0.11 | 0.11 | 0.13,0,1.13 | 2.16 | 2.88,0,1.39 | 1.85 | 3.54,1.038,0.000,0,1,0,0,0,0,-1,0,3,0,,0,,0,,0,0,1038.25,0,1
17254810749,580,3,3,8,8,9.834,3,0,0.11 | 0.11 | 0.13,0,1.13 | 2.16 | 2.88,0,1.39 | 1.85 | 3.54,1.038,0.000,0,1,0,0,0,0,-1,0,3,0,,0,,0,,0,0,1038.25,0,1
17254810750,580,3,3,8,8,9.834,3,0,0.11 | 0.11 | 0.13,0,1.13 | 2.16 | 2.88,0,1.39 | 1.85 | 3.54,1.038,0.000,0,1,0,0,0,0,-1,0,3,0,,0,,0,,0,0,1038.25,0,1
17254810751,580,3,3,8,8,9.834,3,0,0.11 | 0.11 | 0.13,0,1.13 | 2.16 | 2.88,0,1.39 | 1.85 | 3.54,1.038,0.000,0,1,0,0,0,0,-1,0,3,0,,0,,0,,0,0,1038.25,0,1
17254810752,580,3,3,8,8,9.834,3,0,0.11 | 0.11 | 0.13,0,1.13 | 2.16 | 2.88,0,1.39 | 1.85 | 3.54,1.038,0.000,0,1,0,0,0,0,-1,0,3,0,,0,,0,,0,0,1038.25,0,1
17254810753,580,3,3,8,8,9.038,3,0,0.11 | 0.11 | 0.13,0,1.13 | 2.16 | 2.88,0,1.39 | 1.85 | 3.54,1.038,0.000,0,1,0,0,0,0,-1,0,3,0,,0,,0,,0,0,1038.25,0,1
17254810754,580,3,3,8,8,9.038,3,0,0.11 | 0.11 | 0.13,0,1.13 | 2.16 | 2.88,0,1.39 | 1.85 | 3.54,1.038,0.000,0,1,0,0,0,0,-1,0,3,0,,0,,0,,0,0,1038.25,0,1
17254810755,580,3,3,8,8,9.038,3,0,0.11 | 0.11 | 0.13,0,1.13 | 2.16 | 2.88,0,1.39 | 1.85 | 3.54,1.038,0.000,0,1,0,0,0,0,-1,0,3,0,,0,,0,,0,0,1038.25,0,1
17254810756,580,3,3,8,8,9.038,3,0,0.11 | 0.11 | 0.13,0,1.13 | 2.16 | 2.88,0,1.39 | 1.85 | 3.54,1.038,0.000,0,1,0,0,0,0,-1,0,3,0,,0,,0,,0,0,1038.25,0,1
17254810757,580,3,3,8,8,9.038,3,0,0.11 | 0.11 | 0.13,0,1.13 | 2.16 | 2.88,0,1.39 | 1.85 | 3.54,1.038,0.000,0,1,0,0,0,0,-1,0,3,0,,0,,0,,0,0,1014.75,0,1
17254810758,580,3,3,8,8,9.038,3,0,0.11 | 0.11 | 0.13,0,1.13 | 2.16 | 2.88,0,1.39 | 1.85 | 3.54,1.038,0.000,0,1,0,0,0,0,-1,0,3,0,,0,,0,,0,0,1014.75,0,1
17254810759,580,3,3,8,8,9.038,3,0,0.11 | 0.11 | 0.13,0,1.13 | 2.16 | 2.88,0,1.39 | 1.85 | 3.54,1.038,0.000,0,1,0,0,0,0,-1,0,3,0,,0,,0,,0,0,1014.75,0,1
17254810760,580,3,3,8,8,9.038,3,0,0.11 | 0.11 | 0.13,0,1.13 | 2.16 | 2.88,0,1.39 | 1.85 | 3.54,1.038,0.000,0,1,0,0,0,0,-1,0,3,0,,0,,0,,0,0,1014.75,0,1
17254810761,580,3,3,8,8,9.038,3,0,0.11 | 0.11 | 0.13,0,1.13 | 2.16 | 2.88,0,1.39 | 1.85 | 3.54,1.038,0.000,0,1,0,0,0,0,-1,0,3,0,,0,,0,,0,0,1014.75,0,1
17254810762,580,3,3,8,8,9.038,3,0,0.11 | 0.11 | 0.13,0,1.13 | 2.16 | 2.88,0,1.39 | 1.85 | 3.54,1.038,0.000,0,1,0,0,0,0,-1,0,3,0,,0,,0,,0,0,1014.75,0,1
17254810763,580,3,3,8,8,11.175,3,0,0.11 | 0.11 | 0.13,0,1.69 | 2.30 | 2.88,0,1.39 | 1.74 | 2.37,1.015,0.000,0,1,0,0,0,0,-1,0,3,0,,0,,0,,0,0,1014.75,0,1
17254810764,580,3,3,8,8,11.175,3,0,0.11 | 0.11 | 0.13,0,1.69 | 2.30 | 2.88,0,1.39 | 1.74 | 2.37,1.015,0.000,0,1,0,0,0,0,-1,0,3,0,,0,,0,,0,0,1014.75,0,1
17254810765,580,3,3,8,8,11.175,3,0,0.11 | 0.11 | 0.13,0,1.69 | 2.30 | 2.88,0,1.39 | 1.74 | 2.37,1.015,0.000,0,1,0,0,0,0,-1,0,3,0,,0,,0,,0,0,1014.75,0,1
17254810766,580,3,3,8,8,11.175,3,0,0.11 | 0.11 | 0.13,0,1.69 | 2.30 | 2.88,0,1.39 | 1.74 | 2.37,1.015,0.000,0,1,0,0,0,0,-1,0,3,0,,0,,0,,0,0,1014.75,0,1
17254810767,580,3,3,8,8,11.175,3,0,0.11 | 0.11 | 0.13,0,1.69 | 2.30 | 2.88,0,1.39 | 1.74 | 2.37,1.015,0.000,0,1,0,0,0,0,-1,0,3,0,,0,,0,,0,0,1014.75,0,1
17254810768,580,3,3,8,8,11.175,3,0,0.11 | 0.11 | 0.13,0,1.69 | 2.30 | 2.88,0,1.39 | 1.74 | 2.37,1.015,0.000,0,1,0,0,0,0,-1,0,3,0,,0,,0,,0,0,1014.75,0,1
17254810769,580,3,3,8,8,11.175,3,0,0.11 | 0.11 | 0.13,0,1.69 | 2.30 | 2.88,0,1.39 | 1.74 | 2.37,1.015,0.000,0,1,0,0,0,0,-1,0,3,0,,0,,0,,0,0,1014.75,0,1
17254810770,580,3,3,8,8,11.175,3,0,0.11 | 0.11 | 0.13,0,1.69 | 2.30 | 2.88,0,1.39 | 1.74 | 2.37,1.015,0.000,0,1,0,0,0,0,-1,0,3,0,,0,,0,,0,0,1014.75,0,1
17254810771,580,3,3,8,8,11.175,3,0,0.11 | 0.11 | 0.13,0,1.69 | 2.30 | 2.88,0,1.39 | 1.74 | 2.37,1.015,0.000,0,1,0,0,0,0,-1,0,3,0,,0,,0,,0,0,1014.75,0,1
17254810772,580,3,3,8,8,11.175,3,0,0.11 | 0.11 | 0.13,0,1.69 | 2.30 | 2.88,0,1.39 | 1.74 | 2.37,1.015,0.000,0,1,0,0,0,0,-1,0,3,0,,0,,0,,0,0,1014.75,0,1
17254810773,580,3,3,8,8,10.113,3,0,0.11 | 0.11 | 0.13,0,1.69 | 2.30 | 2.88,0,1.39 | 1.74 | 2.37,1.015,0.000,0,1,0,0,0,0,-1,0,3,0,,0,,0,,0,0,1014.75,0,1
17254810774,580,3,3,8,8,10.113,3,0,0.11 | 0.11 | 0.13,0,1.69 | 2.30 | 2.88,0,1.39 | 1.74 | 2.37,1.015,0.000,0,1,0,0,0,0,-1,0,3,0,,0,,0,,0,0,1014.75,0,1
17254810775,580,3,3,8,8,10.113,3,0,0.11 | 0.11 | 0.13,0,1.69 | 2.30 | 2.88,0,1.39 | 1.74 | 2.37,1.015,0.000,0,1,0,0,0,0,-1,0,3,0,,0,,0,,0,0,1014.75,0,1
17254810776,580,3,3,8,8,10.113,3,0,0.11 | 0.11 | 0.13,0,1.69 | 2.30 | 2.88,0,1.39 | 1.74 | 2.37,1.015,0.000,0,1,0,0,0,0,-1,0,3,0,,0,,0,,0,0,1014.75,0,1
17254810777,580,3,3,8,8,10.113,3,0,0.11 | 0.11 | 0.13,0,1.69 | 2.30 | 2.88,0,1.39 | 1.74 | 2.37,1.015,0.000,0,1,0,0,0,0,-1,0,3,0,,0,,0,,0,0,1014.75,0,1
17254810778,580,3,3,8,8,10.113,3,0,0.11 | 0.11 | 0.13,0,1.69 | 2.30 | 2.88,0,1.39 | 1.74 | 2.37,1.015,0.000,0,1,0,0,0,0,-1,0,3,0,,0,,0,,0,0,1014.75,0,1
17254810779,580,3,3,8,8,10.113,3,0,0.11 | 0.11 | 0.13,0,1.69 | 2.30 | 2.88,0,1.39 | 1.74 | 2.37,1.015,0.000,0,1,0,0,0,0,-1,0,3,0,,0,,0,,0,0,1014.75,0,1
17254810780,580,3,3,8,8,10.113,3,0,0.11 | 0.11 | 0.13,0,1.69 | 2.30 | 2.88,0,1.39 | 1.74 | 2.37,1.015,0.000,0,1,0,0,0,0,-1,0,3,0,,0,,0,,0,0,1014.75,0,1
17254810781,580,3,3,8,8,10.113,3,0,0.11 | 0.11 | 0.13,0,1.69 | 2.30 | 2.88,0,1.39 | 1.74 | 2.37,1.015,0.000,0,1,0,0,0,0,-1,0,3,0,,0,,0,,0,0,1014.75,0,1
17254810782,580,3,3,8,8,10.113,3,0,0.11 | 0.11 | 0.13,0,1.69 | 2.30 | 2.88,0,1.39 | 1.74 | 2.37,1.015,0.000,0,1,0,0,0,0,-1,0,3,0,,0,,0,,0,0,1014.75,0,1
17254810783,580,3,3,8,8,9.05,3,0,0.11 | 0.11 | 0.13,0,1.69 | 2.30 | 2.88,0,1.39 | 1.74 | 2.37,1.015,0.000,0,1,0,0,0,0,-1,0,3,0,,0,,0,,0,0,1014.75,0,1
17254810784,580,3,3,8,8,9.05,3,0,0.11 | 0.11 | 0.13,0,1.69 | 2.30 | 2.88,0,1.39 | 1.74 | 2.37,1.015,0.000,0,1,0,0,0,0,-1,0,3,0,,0,,0,,0,0,1014.75,0,1
17254810785,580,3,3,8,8,9.05,3,0,0.11 | 0.11 | 0.13,0,1.69 | 2.30 | 2.88,0,1.39 | 1.74 | 2.37,1.015,0.000,0,1,0,0,0,0,-1,0,3,0,,0,,0,,0,0,1014.75,0,1
17254810786,580,3,3,8,8,9.05,3,0,0.11 | 0.11 | 0.13,0,1.69 | 2.30 | 2.88,0,1.39 | 1.74 | 2.37,1.015,0.000,0,1,0,0,0,0,-1,0,3,0,,0,,0,,0,0,1014.75,0,1
17254810787,580,3,3,8,8,9.05,3,0,0.11 | 0.11 | 0.13,0,1.69 | 2.30 | 2.88,0,1.39 | 1.74 | 2.37,1.015,0.000,0,1,0,0,0,0,-1,0,3,0,,0,,0,,0,0,1014.75,0,1
17254810788,580,3,3,8,8,9.05,3,0,0.11 | 0.11 | 0.13,0,1.69 | 2.30 | 2.88,0,1.39 | 1.74 | 2.37,1.015,0.000,0,1,0,0,0,0,-1,0,3,0,,0,,0,,0,0,1014.75,0,1
17254810789,580,3,3,8,8,9.05,3,0,0.11 | 0.11 | 0.13,0,1.69 | 2.30 | 2.88,0,1.39 | 1.74 | 2.37,1.015,0.000,0,1,0,0,0,0,-1,0,3,0,,0,,0,,0,0,1014.75,0,1
17254810790,580,3,3,8,8,9.05,3,0,0.11 | 0.11 | 0.13,0,1.69 | 2.30 | 2.88,0,1.39 | 1.74 | 2.37,1.015,0.000,0,1,0,0,0,0,-1,0,3,0,,0,,0,,0,0,1014.75,0,1
17254810791,580,3,3,8,8,9.05,3,0,0.11 | 0.11 | 0.13,0,1.69 | 2.30 | 2.88,0,1.39 | 1.74 | 2.37,1.015,0.000,0,1,0,0,0,0,-1,0,3,0,,0,,0,,0,0,961.5,0,1
17254810792,580,3,3,8,8,9.05,3,0,0.11 | 0.11 | 0.13,0,1.69 | 2.30 | 2.88,0,1.39 | 1.74 | 2.37,1.015,0.000,0,1,0,0,0,0,-1,0,3,0,,0,,0,,0,0,961.5,0,1
17254810793,580,3,3,8,8,13.04,3,0,0.11 | 0.11 | 0.13,0,1.69 | 2.39 | 3.24,0,1.24 | 1.67 | 2.37,0.962,0.000,0,1,0,0,0,0,-1,0,3,0,,0,,0,,0,0,961.5,0,1
17254810794,580,3,3,8,8,13.04,3,0,0.11 | 0.11 | 0.13,0,1.69 | 2.39 | 3.24,0,1.24 | 1.67 | 2.37,0.962,0.000,0,1,0,0,0,0,-1,0,3,0,,0,,0,,0,0,961.5,0,1
17254810795,580,3,3,8,8,13.04,3,0,0.11 | 0.11 | 0.13,0,1.69 | 2.39 | 3.24,0,1.24 | 1.67 | 2.37,0.962,0.000,0,1,0,0,0,0,-1,0,3,0,,0,,0,,0,0,961.5,0,1
17254810796,580,3,3,8,8,13.04,3,0,0.11 | 0.11 | 0.13,0,1.69 | 2.39 | 3.24,0,1.24 | 1.67 | 2.37,0.962,0.000,0,1,0,0,0,0,-1,0,3,0,,0,,0,,0,0,961.5,0,1
17254810797,580,3,3,8,8,13.04,3,0,0.11 | 0.11 | 0.13,0,1.69 | 2.39 | 3.24,0,1.24 | 1.67 | 2.37,0.962,0.000,0,1,0,0,0,0,-1,0,3,0,,0,,0,,0,0,961.5,0,1
17254810798,580,3,3,8,8,13.04,3,0,0.11 | 0.11 | 0.13,0,1.69 | 2.39 | 3.24,0,1.24 | 1.67 | 2.37,0.962,0.000,0,1,0,0,0,0,-1,0,3,0,,0,,0,,0,0,961.5,0,1
17254810799,580,3,3,8,8,13.04,3,0,0.11 | 0.11 | 0.13,0,1.69 | 2.39 | 3.24,0,1.24 | 1.67 | 2.37,0.962,0.000,0,1,0,0,0,0,-1,0,3,0,,0,,0,,0,0,961.5,0,1
17254810800,580,3,3,8,8,13.04,3,0,0.11 | 0.11 | 0.13,0,1.69 | 2.39 | 3.24,0,1.24 | 1.67 | 2.37,0.962,0.000,0,1,0,0,0,0,-1,0,3,0,,0,,0,,0,0,961.5,0,1
17254810801,580,3,3,8,8,13.04,3,0,0.11 | 0.11 | 0.13,0,1.69 | 2.39 | 3.24,0,1.24 | 1.67 | 2.37,0.962,0.000,0,1,0,0,0,0,-1,0,3,0,,0,,0,,0,0,961.5,0,1
17254810802,580,3,3,8,8,13.04,3,0,0.11 | 0.11 | 0.13,0,1.69 | 2.39 | 3.24,0,1.24 | 1.67 | 2.37,0.962,0.000,0,1,0,0,0,0,-1,0,3,0,,0,,0,,0,0,961.5,0,1
17254810803,580,3,3,8,8,11.991,3,0,0.11 | 0.11 | 0.13,0,1.69 | 2.39 | 3.24,0,1.24 | 1.67 | 2.37,0.962,0.000,0,1,0,0,0,0,-1,0,3,0,,0,,0,,0,0,961.5,0,1
17254810804,580,3,3,8,8,11.991,3,0,0.11 | 0.11 | 0.13,0,1.69 | 2.39 | 3.24,0,1.24 | 1.67 | 2.37,0.962,0.000,0,1,0,0,0,0,-1,0,3,0,,0,,0,,0,0,961.5,0,1
17254810805,580,3,3,8,8,11.991,3,0,0.11 | 0.11 | 0.13,0,1.69 | 2.39 | 3.24,0,1.24 | 1.67 | 2.37,0.962,0.000,0,1,0,0,0,0,-1,0,3,0,,0,,0,,0,0,961.5,0,1
17254810806,580,3,3,8,8,11.991,3,0,0.11 | 0.11 | 0.13,0,1.69 | 2.39 | 3.24,0,1.24 | 1.67 | 2.37,0.962,0.000,0,1,0,0,0,0,-1,0,3,0,,0,,0,,0,0,961.5,0,1
17254810807,580,3,3,8,8,11.991,3,0,0.11 | 0.11 | 0.13,0,1.69 | 2.39 | 3.24,0,1.24 | 1.67 | 2.37,0.962,0.000,0,1,0,0,0,0,-1,0,3,0,,0,,0,,0,0,961.5,0,1
17254810808,580,3,3,8,8,11.991,3,0,0.11 | 0.11 | 0.13,0,1.69 | 2.39 | 3.24,0,1.24 | 1.67 | 2.37,0.962,0.000,0,1,0,0,0,0,-1,0,3,0,,0,,0,,0,0,961.5,0,1
17254810809,580,3,3,8,8,11.991,3,0,0.11 | 0.11 | 0.13,0,1.69 | 2.39 | 3.24,0,1.24 | 1.67 | 2.37,0.962,0.000,0,1,0,0,0,0,-1,0,3,0,,0,,0,,0,0,961.5,0,1
17254810810,580,3,3,8,8,11.991,3,0,0.11 | 0.11 | 0.13,0,1.69 | 2.39 | 3.24,0,1.24 | 1.67 | 2.37,0.962,0.000,0,1,0,0,0,0,-1,0,3,0,,0,,0,,0,0,961.5,0,1
17254810811,580,3,3,8,8,11.991,3,0,0.11 | 0.11 | 0.13,0,1.69 | 2.39 | 3.24,0,1.24 | 1.67 | 2.37,0.962,0.000,0,1,0,0,0,0,-1,0,3,0,,0,,0,,0,0,961.5,0,1
17254810812,580,3,3,8,8,11.991,3,0,0.11 | 0.11 | 0.13,0,1.69 | 2.39 | 3.24,0,1.24 | 1.67 | 2.37,0.962,0.000,0,1,0,0,0,0,-1,0,3,0,,0,,0,,0,0,961.5,0,1
17254810813,580,3,3,8,8,10.812,3,0,0.11 | 0.11 | 0.13,0,1.69 | 2.39 | 3.24,0,1.24 | 1.67 | 2.37,0.962,0.000,0,1,0,0,0,0,-1,0,3,0,,0,,0,,0,0,961.5,0,1
17254810814,580,3,3,8,8,10.812,3,0,0.11 | 0.11 | 0.13,0,1.69 | 2.39 | 3.24,0,1.24 | 1.67 | 2.37,0.962,0.000,0,1,0,0,0,0,-1,0,3,0,,0,,0,,0,0,961.5,0,1
17254810815,580,3,3,8,8,10.812,3,0,0.11 | 0.11 | 0.13,0,1.69 | 2.39 | 3.24,0,1.24 | 1.67 | 2.37,0.962,0.000,0,1,0,0,0,0,-1,0,3,0,,0,,0,,0,0,961.5,0,1
17254810816,580,3,3,8,8,10.812,3,0,0.11 | 0.11 | 0.13,0,1.69 | 2.39 | 3.24,0,1.24 | 1.67 | 2.37,0.962,0.000,0,1,0,0,0,0,-1,0,3,0,,0,,0,,0,0,961.5,0,1
17254810817,580,3,3,8,8,10.812,3,0,0.11 | 0.11 | 0.13,0,1.69 | 2.39 | 3.24,0,1.24 | 1.67 | 2.37,0.962,0.000,0,1,0,0,0,0,-1,0,3,0,,0,,0,,0,0,961.5,0,1
17254810818,580,3,3,8,8,10.812,3,0,0.11 | 0.11 | 0.13,0,1.69 | 2.39 | 3.24,0,1.24 | 1.67 | 2.37,0.962,0.000,0,1,0,0,0,0,-1,0,3,0,,0,,0,,0,0,961.5,0,1
17254810819,580,3,3,8,8,10.812,3,0,0.11 | 0.11 | 0.13,0,1.69 | 2.39 | 3.24,0,1.24 | 1.67 | 2.37,0.962,0.000,0,1,0,0,0,0,-1,0,3,0,,0,,0,,0,0,961.5,0,1
17254810820,580,3,3,8,8,10.812,3,0,0.11 | 0.11 | 0.13,0,1.69 | 2.39 | 3.24,0,1.24 | 1.67 | 2.37,0.962,0.000,0,1,0,0,0,0,-1,0,3,0,,0,,0,,0,0,961.5,0,1
17254810821,580,3,3,8,8,10.812,3,0,0.11 | 0.11 | 0.13,0,1.69 | 2.39 | 3.24,0,1.24 | 1.67 | 2.37,0.962,0.000,0,1,0,0,0,0,-1,0,3,0,,0,,0,,0,0,961.5,0,1
17254810822,580,3,3,8,8,10.812,3,0,0.11 | 0.11 | 0.13,0,1.69 | 2.39 | 3.24,0,1.24 | 1.67 | 2.37,0.962,0.000,0,1,0,0,0,0,-1,0,3,0,,0,,0,,0,0,961.5,0,1
17254810823,580,3,3,8,8,9.866,3,0,0.11 | 0.11 | 0.13,0,1.69 | 2.39 | 3.24,0,1.24 | 1.67 | 2.37,0.962,0.000,0,1,0,0,0,0,-1,0,3,0,,0,,0,,0,0,961.5,0,1
17254810824,580,3,3,8,8,9.866,3,0,0.11 | 0.11 | 0.13,0,1.69 | 2.39 | 3.24,0,1.24 | 1.67 | 2.37,0.962,0.000,0,1,0,0,0,0,-1,0,3,0,,0,,0,,0,0,961.5,0,1
17254810825,580,3,3,8,8,9.866,3,0,0.11 | 0.11 | 0.13,0,1.69 | 2.39 | 3.24,0,1.24 | 1.67 | 2.37,0.962,0.000,0,1,0,0,0,0,-1,0,3,0,,0,,0,,0,0,961.5,0,1
17254810826,580,3,3,8,8,9.866,3,0,0.11 | 0.11 | 0.13,0,1.69 | 2.39 | 3.24,0,1.24 | 1.67 | 2.37,0.962,0.000,0,1,0,0,0,0,-1,0,3,0,,0,,0,,0,0,961.5,0,1
17254810827,580,3,3,8,8,9.866,3,0,0.11 | 0.11 | 0.13,0,1.69 | 2.39 | 3.24,0,1.24 | 1.67 | 2.37,0.962,0.000,0,1,0,0,0,0,-1,0,3,0,,0,,0,,0,0,961.5,0,1
17254810828,580,3,3,8,8,9.866,3,0,0.11 | 0.11 | 0.13,0,1.69 | 2.39 | 3.24,0,1.24 | 1.67 | 2.37,0.962,0.000,0,1,0,0,0,0,-1,0,3,0,,0,,0,,0,0,961.5,0,1
17254810829,580,3,3,8,8,9.866,3,0,0.11 | 0.11 | 0.13,0,1.69 | 2.39 | 3.24,0,1.24 | 1.67 | 2.37,0.962,0.000,0,1,0,0,0,0,-1,0,3,0,,0,,0,,0,0,961.5,0,1
17254810830,580,3,3,8,8,9.866,3,0,0.11 | 0.11 | 0.13,0,1.69 | 2.39 | 3.24,0,1.24 | 1.67 | 2.37,0.962,0.000,0,1,0,0,0,0,-1,0,3,0,,0,,0,,0,0,961.5,0,1
17254810831,580,3,3,8,8,9.866,3,0,0.11 | 0.11 | 0.13,0,1.69 | 2.39 | 3.24,0,1.24 | 1.67 | 2.37,0.962,0.000,0,1,0,0,0,0,-1,0,3,0,,0,,0,,0,0,961.5,0,1
17254810832,580,3,3,8,8,9.866,3,0,0.11 | 0.11 | 0.13,0,1.69 | 2.39 | 3.24,0,1.24 | 1.67 | 2.37,0.962,0.000,0,1,0,0,0,0,-1,0,3,0,,0,,0,,0,0,961.5,0,1
17254810833,580,3,3,8,8,9.069,3,0,0.11 | 0.11 | 0.13,0,1.69 | 2.39 | 3.24,0,1.24 | 1.67 | 2.37,0.962,0.000,0,1,0,0,0,0,-1,0,3,0,,0,,0,,0,0,961.5,0,1
17254810834,580,3,3,8,8,9.069,3,0,0.11 | 0.11 | 0.13,0,1.69 | 2.39 | 3.24,0,1.24 | 1.67 | 2.37,0.962,0.000,0,1,0,0,0,0,-1,0,3,0,,0,,0,,0,0,961.5,0,1
17254810835,580,3,3,8,8,9.069,3,0,0.11 | 0.11 | 0.13,0,1.69 | 2.39 | 3.24,0,1.24 | 1.67 | 2.37,0.962,0.000,0,1,0,0,0,0,-1,0,3,0,,0,,0,,0,0,961.5,0,1
17254810836,772,3,4,8,8,9.069,3,0,0.11 | 0.11 | 0.13,0,1.69 | 2.39 | 3.24,0,1.24 | 1.67 | 2.37,0.962,0.000,0,1,0,0,0,0,-1,0,3,0,,0,,0,,0,0,885.25,0,1
17254810837,772,3,4,8,8,9.069,3,0,0.11 | 0.11 | 0.13,0,1.69 | 2.39 | 3.24,0,1.24 | 1.67 | 2.37,0.962,0.000,0,1,0,0,0,0,-1,0,3,0,,0,,0,,0,0,885.25,0,1
17254810838,772,3,4,8,8,9.069,3,0,0.11 | 0.11 | 0.13,0,1.69 | 2.39 | 3.24,0,1.24 | 1.67 | 2.37,0.962,0.000,0,1,0,0,0,0,-1,0,3,0,,0,,0,,0,0,885.25,0,1
17254810839,772,3,4,8,8,9.069,3,0,0.11 | 0.11 | 0.13,0,1.69 | 2.39 | 3.24,0,1.24 | 1.67 | 2.37,0.962,0.000,0,1,0,0,0,0,-1,0,3,0,,0,,0,,0,0,885.25,0,1
17254810840,772,3,4,8,8,9.069,3,0,0.11 | 0.11 | 0.13,0,1.69 | 2.39 | 3.24,0,1.24 | 1.67 | 2.37,0.962,0.000,0,1,0,0,0,0,-1,0,3,0,,0,,0,,0,0,885.25,0,1
17254810841,772,3,4,8,8,9.069,3,0,0.11 | 0.11 | 0.13,0,1.69 | 2.39 | 3.24,0,1.24 | 1.67 | 2.37,0.962,0.000,0,1,0,0,0,0,-1,0,3,0,,0,,0,,0,0,885.25,0,1
17254810842,772,3,4,8,8,9.069,3,0,0.11 | 0.11 | 0.13,0,1.69 | 2.39 | 3.24,0,1.24 | 1.67 | 2.37,0.962,0.000,0,1,0,0,0,0,-1,0,3,0,,0,,0,,0,0,885.25,0,1
17254810843,772,3,4,8,8,11.206,3,0,0.11 | 0.11 | 0.13,0,1.69 | 2.68 | 3.24,0,1.24 | 1.49 | 2.37,0.885,0.000,0,1,0,0,0,0,-1,0,3,0,,0,,0,,0,0,885.25,0,1
17254810844,772,3,4,8,8,11.206,3,0,0.11 | 0.11 | 0.13,0,1.69 | 2.68 | 3.24,0,1.24 | 1.49 | 2.37,0.885,0.000,0,1,0,0,0,0,-1,0,3,0,,0,,0,,0,0,885.25,0,1
17254810845,772,3,4,8,8,11.206,3,0,0.11 | 0.11 | 0.13,0,1.69 | 2.68 | 3.24,0,1.24 | 1.49 | 2.37,0.885,0.000,0,1,0,0,0,0,-1,0,3,0,,0,,0,,0,0,885.25,0,1
17254810846,772,3,4,8,8,11.206,3,0,0.11 | 0.11 | 0.13,0,1.69 | 2.68 | 3.24,0,1.24 | 1.49 | 2.37,0.885,0.000,0,1,0,0,0,0,-1,0,3,0,,0,,0,,0,0,885.25,0,1
17254810847,772,3,4,8,8,11.206,3,0,0.11 | 0.11 | 0.13,0,1.69 | 2.68 | 3.24,0,1.24 | 1.49 | 2.37,0.885,0.000,0,1,0,0,0,0,-1,0,3,0,,0,,0,,0,0,885.25,0,1
17254810848,772,3,4,8,8,11.206,3,0,0.11 | 0.11 | 0.13,0,1.69 | 2.68 | 3.24,0,1.24 | 1.49 | 2.37,0.885,0.000,0,1,0,0,0,0,-1,0,3,0,,0,,0,,0,0,885.25,0,1
17254810849,772,3,4,8,8,11.206,3,0,0.11 | 0.11 | 0.13,0,1.69 | 2.68 | 3.24,0,1.24 | 1.49 | 2.37,0.885,0.000,0,1,0,0,0,0,-1,0,3,0,,0,,0,,0,0,885.25,0,1
17254810850,772,3,4,8,8,11.206,3,0,0.11 | 0.11 | 0.13,0,1.69 | 2.68 | 3.24,0,1.24 | 1.49 | 2.37,0.885,0.000,0,1,0,0,0,0,-1,0,3,0,,0,,0,,0,0,885.25,0,1
17254810851,772,3,4,8,8,11.206,3,0,0.11 | 0.11 | 0.13,0,1.69 | 2.68 | 3.24,0,1.24 | 1.49 | 2.37,0.885,0.000,0,1,0,0,0,0,-1,0,3,0,,0,,0,,0,0,885.25,0,1
17254810852,772,3,4,8,8,11.206,3,0,0.11 | 0.11 | 0.13,0,1.69 | 2.68 | 3.24,0,1.24 | 1.49 | 2.37,0.885,0.000,0,1,0,0,0,0,-1,0,3,0,,0,,0,,0,0,885.25,0,1
17254810853,772,3,4,8,8,10.144,3,0,0.11 | 0.11 | 0.13,0,1.69 | 2.68 | 3.24,0,1.24 | 1.49 | 2.37,0.885,0.000,0,1,0,0,0,0,-1,0,3,0,,0,,0,,0,0,885.25,0,1
17254810854,772,3,4,8,8,10.144,3,0,0.11 | 0.11 | 0.13,0,1.69 | 2.68 | 3.24,0,1.24 | 1.49 | 2.37,0.885,0.000,0,1,0,0,0,0,-1,0,3,0,,0,,0,,0,0,885.25,0,1
17254810855,772,3,4,8,8,10.144,3,0,0.11 | 0.11 | 0.13,0,1.69 | 2.68 | 3.24,0,1.24 | 1.49 | 2.37,0.885,0.000,0,1,0,0,0,0,-1,0,3,0,,0,,0,,0,0,885.25,0,1
17254810856,772,3,4,8,8,10.144,3,0,0.11 | 0.11 | 0.13,0,1.69 | 2.68 | 3.24,0,1.24 | 1.49 | 2.37,0.885,0.000,0,1,0,0,0,0,-1,0,3,0,,0,,0,,0,0,885.25,0,1
17254810857,772,3,4,8,8,10.144,3,0,0.11 | 0.11 | 0.13,0,1.69 | 2.68 | 3.24,0,1.24 | 1.49 | 2.37,0.885,0.000,0,1,0,0,0,0,-1,0,3,0,,0,,0,,0,0,885.25,0,1
17254810858,772,3,4,8,8,10.144,3,0,0.11 | 0.11 | 0.13,0,1.69 | 2.68 | 3.24,0,1.24 | 1.49 | 2.37,0.885,0.000,0,1,0,0,0,0,-1,0,3,0,,0,,0,,0,0,885.25,0,1
17254810859,772,3,4,8,8,10.144,3,0,0.11 | 0.11 | 0.13,0,1.69 | 2.68 | 3.24,0,1.24 | 1.49 | 2.37,0.885,0.000,0,1,0,0,0,0,-1,0,3,0,,0,,0,,0,0,885.25,0,1
17254810860,772,3,4,8,8,10.144,3,0,0.11 | 0.11 | 0.13,0,1.69 | 2.68 | 3.24,0,1.24 | 1.49 | 2.37,0.885,0.000,0,1,0,0,0,0,-1,0,3,0,,0,,0,,0,0,885.25,0,1
17254810861,772,3,4,8,8,10.144,3,0,0.11 | 0.11 | 0.13,0,1.69 | 2.68 | 3.24,0,1.24 | 1.49 | 2.37,0.885,0.000,0,1,0,0,0,0,-1,0,3,0,,0,,0,,0,0,885.25,0,1
17254810862,772,3,4,8,8,10.144,3,0,0.11 | 0.11 | 0.13,0,1.69 | 2.68 | 3.24,0,1.24 | 1.49 | 2.37,0.885,0.000,0,1,0,0,0,0,-1,0,3,0,,0,,0,,0,0,885.25,0,1
17254810863,772,3,4,8,8,9.081,3,0,0.11 | 0.11 | 0.13,0,1.69 | 2.68 | 3.24,0,1.24 | 1.49 | 2.37,0.885,0.000,0,1,0,0,0,0,-1,0,3,0,,0,,0,,0,0,885.25,0,1
17254810864,772,3,4,8,8,9.081,3,0,0.11 | 0.11 | 0.13,0,1.69 | 2.68 | 3.24,0,1.24 | 1.49 | 2.37,0.885,0.000,0,1,0,0,0,0,-1,0,3,0,,0,,0,,0,0,885.25,0,1
17254810865,772,3,4,8,8,9.081,3,0,0.11 | 0.11 | 0.13,0,1.69 | 2.68 | 3.24,0,1.24 | 1.49 | 2.37,0.885,0.000,0,1,0,0,0,0,-1,0,3,0,,0,,0,,0,0,885.25,0,1
17254810866,772,3,4,8,8,9.081,3,0,0.11 | 0.11 | 0.13,0,1.69 | 2.68 | 3.24,0,1.24 | 1.49 | 2.37,0.885,0.000,0,1,0,0,0,0,-1,0,3,0,,0,,0,,0,0,885.25,0,1
17254810867,772,3,4,8,8,9.081,3,0,0.11 | 0.11 | 0.13,0,1.69 | 2.68 | 3.24,0,1.24 | 1.49 | 2.37,0.885,0.000,0,1,0,0,0,0,-1,0,3,0,,0,,0,,0,0,885.25,0,1
17254810868,772,3,4,8,8,9.081,3,0,0.11 | 0.11 | 0.13,0,1.69 | 2.68 | 3.24,0,1.24 | 1.49 | 2.37,0.885,0.000,0,1,0,0,0,0,-1,0,3,0,,0,,0,,0,0,885.25,0,1
17254810869,772,3,4,8,8,9.081,3,0,0.11 | 0.11 | 0.13,0,1.69 | 2.68 | 3.24,0,1.24 | 1.49 | 2.37,0.885,0.000,0,1,0,0,0,0,-1,0,3,0,,0,,0,,0,0,885.25,0,1
17254810870,772,3,4,8,8,9.081,3,0,0.11 | 0.11 | 0.13,0,1.69 | 2.68 | 3.24,0,1.24 | 1.49 | 2.37,0.885,0.000,0,1,0,0,0,0,-1,0,3,0,,0,,0,,0,0,885.25,0,1
17254810871,772,3,4,8,8,9.081,3,0,0.11 | 0.11 | 0.13,0,1.69 | 2.68 | 3.24,0,1.24 | 1.49 | 2.37,0.885,0.000,0,1,0,0,0,0,-1,0,3,0,,0,,0,,0,0,885.25,0,1
17254810872,772,3,4,8,8,9.081,3,0,0.11 | 0.11 | 0.13,0,1.69 | 2.68 | 3.24,0,1.24 | 1.49 | 2.37,0.885,0.000,0,1,0,0,0,0,-1,0,3,0,,0,,0,,0,0,885.25,0,1
17254810873,772,3,4,8,8,8.019,3,0,0.11 | 0.11 | 0.13,0,1.69 | 2.68 | 3.24,0,1.24 | 1.49 | 2.37,0.885,0.000,0,1,0,0,0,0,-1,0,3,0,,0,,0,,0,0,885.25,0,1
17254810874,772,3,4,8,8,8.019,3,0,0.11 | 0.11 | 0.13,0,1.69 | 2.68 | 3.24,0,1.24 | 1.49 | 2.37,0.885,0.000,0,1,0,0,0,0,-1,0,3,0,,0,,0,,0,0,885.25,0,1
17254810875,772,3,4,8,8,8.019,3,0,0.11 | 0.11 | 0.13,0,1.69 | 2.68 | 3.24,0,1.24 | 1.49 | 2.37,0.885,0.000,0,1,0,0,0,0,-1,0,3,0,,0,,0,,0,0,885.25,0,1
17254810876,772,3,4,8,8,8.019,3,0,0.11 | 0.11 | 0.13,0,1.69 | 2.68 | 3.24,0,1.24 | 1.49 | 2.37,0.885,0.000,0,1,0,0,0,0,-1,0,3,0,,0,,0,,0,0,885.25,0,1
17254810877,772,3,4,8,8,8.019,3,0,0.11 | 0.11 | 0.13,0,1.69 | 2.68 | 3.24,0,1.24 | 1.49 | 2.37,0.885,0.000,0,1,0,0,0,0,-1,0,3,0,,0,,0,,0,0,885.25,0,1
17254810878,772,4,4,8,8,8.019,3,0,0.11 | 0.11 | 0.13,0,1.69 | 2.68 | 3.24,0,1.24 | 1.49 | 2.37,0.885,0.000,0,1,0,0,0,0,-1,0,3,0,,0,,0,,0,0,882,0,1
17254810879,772,4,4,8,8,8.019,3,0,0.11 | 0.11 | 0.13,0,1.69 | 2.68 | 3.24,0,1.24 | 1.49 | 2.37,0.885,0.000,0,1,0,0,0,0,-1,0,3,0,,0,,0,,0,0,882,0,1
17254810880,772,4,4,8,8,8.019,3,0,0.11 | 0.11 | 0.13,0,1.69 | 2.68 | 3.24,0,1.24 | 1.49 | 2.37,0.885,0.000,0,1,0,0,0,0,-1,0,3,0,,0,,0,,0,0,882,0,1
17254810881,772,4,4,8,8,8.019,3,0,0.11 | 0.11 | 0.13,0,1.69 | 2.68 | 3.24,0,1.24 | 1.49 | 2.37,0.885,0.000,0,1,0,0,0,0,-1,0,3,0,,0,,0,,0,0,882,0,1
17254810882,772,4,4,8,8,8.019,3,0,0.11 | 0.11 | 0.13,0,1.69 | 2.68 | 3.24,0,1.24 | 1.49 | 2.37,0.885,0.000,0,1,0,0,0,0,-1,0,3,0,,0,,0,,0,0,882,0,1
17254810883,772,4,4,8,8,7.222,3,0,0.11 | 0.11 | 0.11,0,1.69 | 2.92 | 3.85,0,1.04 | 1.37 | 2.37,0.882,0.000,0,1,0,0,0,0,-1,0,3,0,,0,,0,,0,0,882,0,1
17254810884,772,4,4,8,8,7.222,3,0,0.11 | 0.11 | 0.11,0,1.69 | 2.92 | 3.85,0,1.04 | 1.37 | 2.37,0.882,0.000,0,1,0,0,0,0,-1,0,3,0,,0,,0,,0,0,882,0,1
17254810885,772,4,4,8,8,7.222,3,0,0.11 | 0.11 | 0.11,0,1.69 | 2.92 | 3.85,0,1.04 | 1.37 | 2.37,0.882,0.000,0,1,0,0,0,0,-1,0,3,0,,0,,0,,0,0,882,0,1
17254810886,772,4,4,8,8,7.222,3,0,0.11 | 0.11 | 0.11,0,1.69 | 2.92 | 3.85,0,1.04 | 1.37 | 2.37,0.882,0.000,0,1,0,0,0,0,-1,0,3,0,,0,,0,,0,0,882,0,1
17254810887,772,4,4,8,8,7.222,3,0,0.11 | 0.11 | 0.11,0,1.69 | 2.92 | 3.85,0,1.04 | 1.37 | 2.37,0.882,0.000,0,1,0,0,0,0,-1,0,3,0,,0,,0,,0,0,882,0,1
17254810888,772,4,4,8,8,7.222,3,0,0.11 | 0.11 | 0.11,0,1.69 | 2.92 | 3.85,0,1.04 | 1.37 | 2.37,0.882,0.000,0,1,0,0,0,0,-1,0,3,0,,0,,0,,0,0,882,0,1
17254810889,772,4,4,8,8,7.222,3,0,0.11 | 0.11 | 0.11,0,1.69 | 2.92 | 3.85,0,1.04 | 1.37 | 2.37,0.882,0.000,0,1,0,0,0,0,-1,0,3,0,,0,,0,,0,0,882,0,1
17254810890,772,4,4,8,8,7.222,3,0,0.11 | 0.11 | 0.11,0,1.69 | 2.92 | 3.85,0,1.04 | 1.37 | 2.37,0.882,0.000,0,1,0,0,0,0,-1,0,3,0,,0,,0,,0,0,882,0,1
17254810891,772,4,4,8,8,7.222,3,0,0.11 | 0.11 | 0.11,0,1.69 | 2.92 | 3.85,0,1.04 | 1.37 | 2.37,0.882,0.000,0,1,0,0,0,0,-1,0,3,0,,0,,0,,0,0,882,0,1
17254810892,772,4,4,8,8,7.222,3,0,0.11 | 0.11 | 0.11,0,1.69 | 2.92 | 3.85,0,1.04 | 1.37 | 2.37,0.882,0.000,0,1,0,0,0,0,-1,0,3,0,,0,,0,,0,0,882,0,1
17254810893,772,4,4,8,8,6.16,3,0,0.11 | 0.11 | 0.11,0,1.69 | 2.92 | 3.85,0,1.04 | 1.37 | 2.37,0.882,0.000,0,1,0,0,0,0,-1,0,3,0,,0,,0,,0,0,882,0,1
17254810894,772,4,4,8,8,6.16,3,0,0.11 | 0.11 | 0.11,0,1.69 | 2.92 | 3.85,0,1.04 | 1.37 | 2.37,0.882,0.000,0,1,0,0,0,0,-1,0,3,0,,0,,0,,0,0,882,0,1
17254810895,772,4,4,8,8,6.16,3,0,0.11 | 0.11 | 0.11,0,1.69 | 2.92 | 3.85,0,1.04 | 1.37 | 2.37,0.882,0.000,0,1,0,0,0,0,-1,0,3,0,,0,,0,,0,0,882,0,1
17254810896,772,4,4,8,8,6.16,3,0,0.11 | 0.11 | 0.11,0,1.69 | 2.92 | 3.85,0,1.04 | 1.37 | 2.37,0.882,0.000,0,1,0,0,0,0,-1,0,3,0,,0,,0,,0,0,882,0,1
17254810897,772,4,4,8,8,6.16,3,0,0.11 | 0.11 | 0.11,0,1.69 | 2.92 | 3.85,0,1.04 | 1.37 | 2.37,0.882,0.000,0,1,0,0,0,0,-1,0,3,0,,0,,0,,0,0,882,0,1
17254810898,772,4,4,8,8,6.16,3,0,0.11 | 0.11 | 0.11,0,1.69 | 2.92 | 3.85,0,1.04 | 1.37 | 2.37,0.882,0.000,0,1,0,0,0,0,-1,0,3,0,,0,,0,,0,0,882,0,1
17254810899,772,4,4,8,8,6.16,3,0,0.11 | 0.11 | 0.11,0,1.69 | 2.92 | 3.85,0,1.04 | 1.37 | 2.37,0.882,0.000,0,1,0,0,0,0,-1,0,3,0,,0,,0,,0,0,882,0,1
17254810900,772,4,4,8,8,6.16,3,0,0.11 | 0.11 | 0.11,0,1.69 | 2.92 | 3.85,0,1.04 | 1.37 | 2.37,0.882,0.000,0,1,0,0,0,0,-1,0,3,0,,0,,0,,0,0,882,0,1
17254810901,772,4,4,8,8,6.16,3,0,0.11 | 0.11 | 0.11,0,1.69 | 2.92 | 3.85,0,1.04 | 1.37 | 2.37,0.882,0.000,0,1,0,0,0,0,-1,0,3,0,,0,,0,,0,0,882,0,1
17254810902,772,4,4,8,8,6.16,3,0,0.11 | 0.11 | 0.11,0,1.69 | 2.92 | 3.85,0,1.04 | 1.37 | 2.37,0.882,0.000,0,1,0,0,0,0,-1,0,3,0,,0,,0,,0,0,882,0,1
17254810903,772,4,4,8,8,5.097,3,0,0.11 | 0.11 | 0.11,0,1.69 | 2.92 | 3.85,0,1.04 | 1.37 | 2.37,0.882,0.000,0,1,0,0,0,0,-1,0,3,0,,0,,0,,0,0,882,0,1
17254810904,772,4,4,8,8,5.097,3,0,0.11 | 0.11 | 0.11,0,1.69 | 2.92 | 3.85,0,1.04 | 1.37 | 2.37,0.882,0.000,0,1,0,0,0,0,-1,0,3,0,,0,,0,,0,0,882,0,1
17254810905,772,4,4,8,8,5.097,3,0,0.11 | 0.11 | 0.11,0,1.69 | 2.92 | 3.85,0,1.04 | 1.37 | 2.37,0.882,0.000,0,1,0,0,0,0,-1,0,3,0,,0,,0,,0,0,882,0,1
17254810906,772,4,4,8,8,5.097,3,0,0.11 | 0.11 | 0.11,0,1.69 | 2.92 | 3.85,0,1.04 | 1.37 | 2.37,0.882,0.000,0,1,0,0,0,0,-1,0,3,0,,0,,0,,0,0,882,0,1
17254810907,772,4,4,8,8,5.097,3,0,0.11 | 0.11 | 0.11,0,1.69 | 2.92 | 3.85,0,1.04 | 1.37 | 2.37,0.882,0.000,0,1,0,0,0,0,-1,0,3,0,,0,,0,,0,0,882,0,1
17254810908,772,4,4,8,8,5.097,3,0,0.11 | 0.11 | 0.11,0,1.69 | 2.92 | 3.85,0,1.04 | 1.37 | 2.37,0.882,0.000,0,1,0,0,0,0,-1,0,3,0,,0,,0,,0,0,882,0,1
17254810909,772,4,4,8,8,5.097,3,0,0.11 | 0.11 | 0.11,0,1.69 | 2.92 | 3.85,0,1.04 | 1.37 | 2.37,0.882,0.000,0,1,0,0,0,0,-1,0,3,0,,0,,0,,0,0,882,0,1
17254810910,772,4,4,8,8,5.097,3,0,0.11 | 0.11 | 0.11,0,1.69 | 2.92 | 3.85,0,1.04 | 1.37 | 2.37,0.882,0.000,0,1,0,0,0,0,-1,0,3,0,,0,,0,,0,0,882,0,1
17254810911,387,4,2,8,8,5.097,3,0,0.11 | 0.11 | 0.11,0,1.69 | 2.92 | 3.85,0,1.04 | 1.37 | 2.37,0.882,0.000,0,1,0,0,0,0,-1,0,3,0,,0,,0,,0,0,916.25,0,1
17254810912,387,4,2,8,8,5.097,3,0,0.11 | 0.11 | 0.11,0,1.69 | 2.92 | 3.85,0,1.04 | 1.37 | 2.37,0.882,0.000,0,1,0,0,0,0,-1,0,3,0,,0,,0,,0,0,916.25,0,1
17254810913,387,4,2,8,8,4.012,3,0,0.11 | 0.11 | 0.11,0,2.90 | 3.27 | 3.85,0,1.04 | 1.22 | 1.38,0.916,0.000,0,1,0,0,0,0,-1,0,3,0,,0,,0,,0,0,916.25,0,1
17254810914,387,4,2,8,8,4.012,3,0,0.11 | 0.11 | 0.11,0,2.90 | 3.27 | 3.85,0,1.04 | 1.22 | 1.38,0.916,0.000,0,1,0,0,0,0,-1,0,3,0,,0,,0,,0,0,916.25,0,1
17254810915,387,4,2,8,8,4.012,3,0,0.11 | 0.11 | 0.11,0,2.90 | 3.27 | 3.85,0,1.04 | 1.22 | 1.38,0.916,0.000,0,1,0,0,0,0,-1,0,3,0,,0,,0,,0,0,916.25,0,1
17254810916,387,4,2,8,8,4.012,3,0,0.11 | 0.11 | 0.11,0,2.90 | 3.27 | 3.85,0,1.04 | 1.22 | 1.38,0.916,0.000,0,1,0,0,0,0,-1,0,3,0,,0,,0,,0,0,916.25,0,1
17254810917,387,4,2,8,8,4.012,3,0,0.11 | 0.11 | 0.11,0,2.90 | 3.27 | 3.85,0,1.04 | 1.22 | 1.38,0.916,0.000,0,1,0,0,0,0,-1,0,3,0,,0,,0,,0,0,916.25,0,1
17254810918,387,4,2,8,8,4.012,3,0,0.11 | 0.11 | 0.11,0,2.90 | 3.27 | 3.85,0,1.04 | 1.22 | 1.38,0.916,0.000,0,1,0,0,0,0,-1,0,3,0,,0,,0,,0,0,916.25,0,1
17254810919,387,4,2,8,8,4.012,3,0,0.11 | 0.11 | 0.11,0,2.90 | 3.27 | 3.85,0,1.04 | 1.22 | 1.38,0.916,0.000,0,1,0,0,0,0,-1,0,3,0,,0,,0,,0,0,916.25,0,1
17254810920,387,4,2,8,8,4.012,3,0,0.11 | 0.11 | 0.11,0,2.90 | 3.27 | 3.85,0,1.04 | 1.22 | 1.38,0.916,0.000,0,1,0,0,0,0,-1,0,3,0,,0,,0,,0,0,916.25,0,1
17254810921,387,4,2,8,8,4.012,3,0,0.11 | 0.11 | 0.11,0,2.90 | 3.27 | 3.85,0,1.04 | 1.22 | 1.38,0.916,0.000,0,1,0,0,0,0,-1,0,3,0,,0,,0,,0,0,916.25,0,1
17254810922,387,4,2,8,8,4.012,3,0,0.11 | 0.11 | 0.11,0,2.90 | 3.27 | 3.85,0,1.04 | 1.22 | 1.38,0.916,0.000,0,1,0,0,0,0,-1,0,3,0,,0,,0,,0,0,916.25,0,1
17254810923,387,4,2,8,8,3.238,3,0,0.11 | 0.11 | 0.11,0,2.90 | 3.27 | 3.85,0,1.04 | 1.22 | 1.38,0.916,0.000,0,1,0,0,0,0,-1,0,3,0,,0,,0,,0,0,916.25,0,1
17254810924,387,4,2,8,8,3.238,3,0,0.11 | 0.11 | 0.11,0,2.90 | 3.27 | 3.85,0,1.04 | 1.22 | 1.38,0.916,0.000,0,1,0,0,0,0,-1,0,3,0,,0,,0,,0,0,916.25,0,1
17254810925,387,4,2,8,8,3.238,3,0,0.11 | 0.11 | 0.11,0,2.90 | 3.27 | 3.85,0,1.04 | 1.22 | 1.38,0.916,0.000,0,1,0,0,0,0,-1,0,3,0,,0,,0,,0,0,916.25,0,1
17254810926,387,4,2,8,8,3.238,3,0,0.11 | 0.11 | 0.11,0,2.90 | 3.27 | 3.85,0,1.04 | 1.22 | 1.38,0.916,0.000,0,1,0,0,0,0,-1,0,3,0,,0,,0,,0,0,916.25,0,1
17254810927,387,4,2,8,8,3.238,3,0,0.11 | 0.11 | 0.11,0,2.90 | 3.27 | 3.85,0,1.04 | 1.22 | 1.38,0.916,0.000,0,1,0,0,0,0,-1,0,3,0,,0,,0,,0,0,916.25,0,1
17254810928,387,4,2,8,8,3.238,3,0,0.11 | 0.11 | 0.11,0,2.90 | 3.27 | 3.85,0,1.04 | 1.22 | 1.38,0.916,0.000,0,1,0,0,0,0,-1,0,3,0,,0,,0,,0,0,916.25,0,1
17254810929,387,4,2,8,8,3.238,3,0,0.11 | 0.11 | 0.11,0,2.90 | 3.27 | 3.85,0,1.04 | 1.22 | 1.38,0.916,0.000,0,1,0,0,0,0,-1,0,3,0,,0,,0,,0,0,916.25,0,1
17254810930,387,4,2,8,8,3.238,3,0,0.11 | 0.11 | 0.11,0,2.90 | 3.27 | 3.85,0,1.04 | 1.22 | 1.38,0.916,0.000,0,1,0,0,0,0,-1,0,3,0,,0,,0,,0,0,916.25,0,1
17254810931,387,4,2,8,8,3.238,3,0,0.11 | 0.11 | 0.11,0,2.90 | 3.27 | 3.85,0,1.04 | 1.22 | 1.38,0.916,0.000,0,1,0,0,0,0,-1,0,3,0,,0,,0,,0,0,916.25,0,1
17254810932,387,4,2,8,8,3.238,3,0,0.11 | 0.11 | 0.11,0,2.90 | 3.27 | 3.85,0,1.04 | 1.22 | 1.38,0.916,0.000,0,1,0,0,0,0,-1,0,3,0,,0,,0,,0,0,916.25,0,1
17254810933,387,4,2,8,8,2.175,3,0,0.11 | 0.11 | 0.11,0,2.90 | 3.27 | 3.85,0,1.04 | 1.22 | 1.38,0.916,0.000,0,1,0,0,0,0,-1,0,3,0,,0,,0,,0,0,916.25,0,1
17254810934,387,4,2,8,8,2.175,3,0,0.11 | 0.11 | 0.11,0,2.90 | 3.27 | 3.85,0,1.04 | 1.22 | 1.38,0.916,0.000,0,1,0,0,0,0,-1,0,3,0,,0,,0,,0,0,916.25,0,1
17254810935,580,4,3,8,8,2.175,3,0,0.11 | 0.11 | 0.11,0,2.90 | 3.27 | 3.85,0,1.04 | 1.22 | 1.38,0.916,0.000,0,1,0,0,0,0,-1,0,3,0,,0,,0,,0,0,909.75,0,1
17254810936,580,4,3,8,8,2.175,3,0,0.11 | 0.11 | 0.11,0,2.90 | 3.27 | 3.85,0,1.04 | 1.22 | 1.38,0.916,0.000,0,1,0,0,0,0,-1,0,3,0,,0,,0,,0,0,909.75,0,1
17254810937,580,4,3,8,8,2.175,3,0,0.11 | 0.11 | 0.11,0,2.90 | 3.27 | 3.85,0,1.04 | 1.22 | 1.38,0.916,0.000,0,1,0,0,0,0,-1,0,3,0,,0,,0,,0,0,909.75,0,1
17254810938,580,4,3,8,8,2.175,3,0,0.11 | 0.11 | 0.11,0,2.90 | 3.27 | 3.85,0,1.04 | 1.22 | 1.38,0.916,0.000,0,1,0,0,0,0,-1,0,3,0,,0,,0,,0,0,909.75,0,1
17254810939,580,4,3,8,8,2.175,3,0,0.11 | 0.11 | 0.11,0,2.90 | 3.27 | 3.85,0,1.04 | 1.22 | 1.38,0.916,0.000,0,1,0,0,0,0,-1,0,3,0,,0,,0,,0,0,909.75,0,1
17254810940,580,4,3,8,8,2.175,3,0,0.11 | 0.11 | 0.11,0,2.90 | 3.27 | 3.85,0,1.04 | 1.22 | 1.38,0.916,0.000,0,1,0,0,0,0,-1,0,3,0,,0,,0,,0,0,909.75,0,1
17254810941,580,4,3,8,8,2.175,3,0,0.11 | 0.11 | 0.11,0,2.90 | 3.27 | 3.85,0,1.04 | 1.22 | 1.38,0.916,0.000,0,1,0,0,0,0,-1,0,3,0,,0,,0,,0,0,909.75,0,1
17254810942,580,4,3,8,8,2.175,3,0,0.11 | 0.11 | 0.11,0,2.90 | 3.27 | 3.85,0,1.04 | 1.22 | 1.38,0.916,0.000,0,1,0,0,0,0,-1,0,3,0,,0,,0,,0,0,909.75,0,1
17254810943,580,4,3,8,8,5.913,3,0,0.11 | 0.11 | 0.11,0,2.21 | 3.02 | 3.85,0,1.04 | 1.33 | 1.81,0.910,0.000,0,1,0,0,0,0,-1,0,3,0,,0,,0,,0,0,909.75,0,1
17254810944,580,4,3,8,8,5.913,3,0,0.11 | 0.11 | 0.11,0,2.21 | 3.02 | 3.85,0,1.04 | 1.33 | 1.81,0.910,0.000,0,1,0,0,0,0,-1,0,3,0,,0,,0,,0,0,909.75,0,1
17254810945,580,4,3,8,8,5.913,3,0,0.11 | 0.11 | 0.11,0,2.21 | 3.02 | 3.85,0,1.04 | 1.33 | 1.81,0.910,0.000,0,1,0,0,0,0,-1,0,3,0,,0,,0,,0,0,909.75,0,1
17254810946,580,4,3,8,8,5.913,3,0,0.11 | 0.11 | 0.11,0,2.21 | 3.02 | 3.85,0,1.04 | 1.33 | 1.81,0.910,0.000,0,1,0,0,0,0,-1,0,3,0,,0,,0,,0,0,909.75,0,1
17254810947,580,4,3,8,8,5.913,3,0,0.11 | 0.11 | 0.11,0,2.21 | 3.02 | 3.85,0,1.04 | 1.33 | 1.81,0.910,0.000,0,1,0,0,0,0,-1,0,3,0,,0,,0,,0,0,909.75,0,1
17254810948,580,4,3,8,8,5.913,3,0,0.11 | 0.11 | 0.11,0,2.21 | 3.02 | 3.85,0,1.04 | 1.33 | 1.81,0.910,0.000,0,1,0,0,0,0,-1,0,3,0,,0,,0,,0,0,909.75,0,1
17254810949,580,4,3,8,8,5.913,3,0,0.11 | 0.11 | 0.11,0,2.21 | 3.02 | 3.85,0,1.04 | 1.33 | 1.81,0.910,0.000,0,1,0,0,0,0,-1,0,3,0,,0,,0,,0,0,909.75,0,1
17254810950,580,4,3,8,8,5.913,3,0,0.11 | 0.11 | 0.11,0,2.21 | 3.02 | 3.85,0,1.04 | 1.33 | 1.81,0.910,0.000,0,1,0,0,0,0,-1,0,3,0,,0,,0,,0,0,909.75,0,1
17254810951,580,4,3,8,8,5.913,3,0,0.11 | 0.11 | 0.11,0,2.21 | 3.02 | 3.85,0,1.04 | 1.33 | 1.81,0.910,0.000,0,1,0,0,0,0,-1,0,3,0,,0,,0,,0,0,909.75,0,1
17254810952,580,4,3,8,8,5.913,3,0,0.11 | 0.11 | 0.11,0,2.21 | 3.02 | 3.85,0,1.04 | 1.33 | 1.81,0.910,0.000,0,1,0,0,0,0,-1,0,3,0,,0,,0,,0,0,909.75,0,1
17254810953,580,4,3,8,8,4.85,3,0,0.11 | 0.11 | 0.11,0,2.21 | 3.02 | 3.85,0,1.04 | 1.33 | 1.81,0.910,0.000,0,1,0,0,0,0,-1,0,3,0,,0,,0,,0,0,909.75,0,1
17254810954,580,4,3,8,8,4.85,3,0,0.11 | 0.11 | 0.11,0,2.21 | 3.02 | 3.85,0,1.04 | 1.33 | 1.81,0.910,0.000,0,1,0,0,0,0,-1,0,3,0,,0,,0,,0,0,909.75,0,1
17254810955,580,2,3,8,8,4.85,3,0,0.11 | 0.11 | 0.11,0,2.21 | 3.02 | 3.85,0,1.04 | 1.33 | 1.81,0.910,0.000,0,1,0,0,0,0,-1,0,3,0,,0,,0,,0,0,983.5,0,1
17254810956,580,2,3,8,8,4.85,3,0,0.11 | 0.11 | 0.11,0,2.21 | 3.02 | 3.85,0,1.04 | 1.33 | 1.81,0.910,0.000,0,1,0,0,0,0,-1,0,3,0,,0,,0,,0,0,983.5,0,1
17254810957,580,2,3,8,8,4.85,3,0,0.11 | 0.11 | 0.11,0,2.21 | 3.02 | 3.85,0,1.04 | 1.33 | 1.81,0.910,0.000,0,1,0,0,0,0,-1,0,3,0,,0,,0,,0,0,983.5,0,1
17254810958,580,2,3,8,8,4.85,3,0,0.11 | 0.11 | 0.11,0,2.21 | 3.02 | 3.85,0,1.04 | 1.33 | 1.81,0.910,0.000,0,1,0,0,0,0,-1,0,3,0,,0,,0,,0,0,983.5,0,1
17254810959,580,2,3,8,8,4.85,3,0,0.11 | 0.11 | 0.11,0,2.21 | 3.02 | 3.85,0,1.04 | 1.33 | 1.81,0.910,0.000,0,1,0,0,0,0,-1,0,3,0,,0,,0,,0,0,983.5,0,1
17254810960,580,2,3,8,8,4.85,3,0,0.11 | 0.11 | 0.11,0,2.21 | 3.02 | 3.85,0,1.04 | 1.33 | 1.81,0.910,0.000,0,1,0,0,0,0,-1,0,3,0,,0,,0,,0,0,983.5,0,1
17254810961,580,2,3,8,8,4.85,3,0,0.11 | 0.11 | 0.11,0,2.21 | 3.02 | 3.85,0,1.04 | 1.33 | 1.81,0.910,0.000,0,1,0,0,0,0,-1,0,3,0,,0,,0,,0,0,983.5,0,1
17254810962,580,2,3,8,8,4.85,3,0,0.11 | 0.11 | 0.11,0,2.21 | 3.02 | 3.85,0,1.04 | 1.33 | 1.81,0.910,0.000,0,1,0,0,0,0,-1,0,3,0,,0,,0,,0,0,983.5,0,1
17254810963,580,2,3,8,8,7.253,3,0,0.11 | 0.11 | 0.11,0,1.80 | 2.74 | 3.85,0,1.04 | 1.46 | 2.23,0.984,0.000,0,1,0,0,0,0,-1,0,3,0,,0,,0,,0,0,983.5,0,1
17254810964,580,2,3,8,8,7.253,3,0,0.11 | 0.11 | 0.11,0,1.80 | 2.74 | 3.85,0,1.04 | 1.46 | 2.23,0.984,0.000,0,1,0,0,0,0,-1,0,3,0,,0,,0,,0,0,983.5,0,1
17254810965,580,2,3,8,8,7.253,3,0,0.11 | 0.11 | 0.11,0,1.80 | 2.74 | 3.85,0,1.04 | 1.46 | 2.23,0.984,0.000,0,1,0,0,0,0,-1,0,3,0,,0,,0,,0,0,983.5,0,1
17254810966,580,2,3,8,8,7.253,3,0,0.11 | 0.11 | 0.11,0,1.80 | 2.74 | 3.85,0,1.04 | 1.46 | 2.23,0.984,0.000,0,1,0,0,0,0,-1,0,3,0,,0,,0,,0,0,983.5,0,1
17254810967,580,2,3,8,8,7.253,3,0,0.11 | 0.11 | 0.11,0,1.80 | 2.74 | 3.85,0,1.04 | 1.46 | 2.23,0.984,0.000,0,1,0,0,0,0,-1,0,3,0,,0,,0,,0,0,983.5,0,1
17254810968,580,2,3,8,8,7.253,3,0,0.11 | 0.11 | 0.11,0,1.80 | 2.74 | 3.85,0,1.04 | 1.46 | 2.23,0.984,0.000,0,1,0,0,0,0,-1,0,3,0,,0,,0,,0,0,983.5,0,1
17254810969,580,2,3,8,8,7.253,3,0,0.11 | 0.11 | 0.11,0,1.80 | 2.74 | 3.85,0,1.04 | 1.46 | 2.23,0.984,0.000,0,1,0,0,0,0,-1,0,3,0,,0,,0,,0,0,983.5,0,1
17254810970,580,2,3,8,8,7.253,3,0,0.11 | 0.11 | 0.11,0,1.80 | 2.74 | 3.85,0,1.04 | 1.46 | 2.23,0.984,0.000,0,1,0,0,0,0,-1,0,3,0,,0,,0,,0,0,983.5,0,1
17254810971,580,2,3,8,8,7.253,3,0,0.11 | 0.11 | 0.11,0,1.80 | 2.74 | 3.85,0,1.04 | 1.46 | 2.23,0.984,0.000,0,1,0,0,0,0,-1,0,3,0,,0,,0,,0,0,983.5,0,1
17254810972,580,2,3,8,8,7.253,3,0,0.11 | 0.11 | 0.11,0,1.80 | 2.74 | 3.85,0,1.04 | 1.46 | 2.23,0.984,0.000,0,1,0,0,0,0,-1,0,3,0,,0,,0,,0,0,983.5,0,1
17254810973,580,2,3,8,8,6.191,3,0,0.11 | 0.11 | 0.11,0,1.80 | 2.74 | 3.85,0,1.04 | 1.46 | 2.23,0.984,0.000,0,1,0,0,0,0,-1,0,3,0,,0,,0,,0,0,983.5,0,1
17254810974,580,2,3,8,8,6.191,3,0,0.11 | 0.11 | 0.11,0,1.80 | 2.74 | 3.85,0,1.04 | 1.46 | 2.23,0.984,0.000,0,1,0,0,0,0,-1,0,3,0,,0,,0,,0,0,983.5,0,1
17254810975,580,2,3,8,8,6.191,3,0,0.11 | 0.11 | 0.11,0,1.80 | 2.74 | 3.85,0,1.04 | 1.46 | 2.23,0.984,0.000,0,1,0,0,0,0,-1,0,3,0,,0,,0,,0,0,983.5,0,1
17254810976,580,2,3,8,8,6.191,3,0,0.11 | 0.11 | 0.11,0,1.80 | 2.74 | 3.85,0,1.04 | 1.46 | 2.23,0.984,0.000,0,1,0,0,0,0,-1,0,3,0,,0,,0,,0,0,983.5,0,1
17254810977,580,2,3,8,8,6.191,3,0,0.11 | 0.11 | 0.11,0,1.80 | 2.74 | 3.85,0,1.04 | 1.46 | 2.23,0.984,0.000,0,1,0,0,0,0,-1,0,3,0,,0,,0,,0,0,983.5,0,1
17254810978,580,2,3,8,8,6.191,3,0,0.11 | 0.11 | 0.11,0,1.80 | 2.74 | 3.85,0,1.04 | 1.46 | 2.23,0.984,0.000,0,1,0,0,0,0,-1,0,3,0,,0,,0,,0,0,983.5,0,1
17254810979,580,2,3,8,8,6.191,3,0,0.11 | 0.11 | 0.11,0,1.80 | 2.74 | 3.85,0,1.04 | 1.46 | 2.23,0.984,0.000,0,1,0,0,0,0,-1,0,3,0,,0,,0,,0,0,983.5,0,1
17254810980,580,2,3,8,8,6.191,3,0,0.11 | 0.11 | 0.11,0,1.80 | 2.74 | 3.85,0,1.04 | 1.46 | 2.23,0.984,0.000,0,1,0,0,0,0,-1,0,3,0,,0,,0,,0,0,983.5,0,1
17254810981,580,2,3,8,8,6.191,3,0,0.11 | 0.11 | 0.11,0,1.80 | 2.74 | 3.85,0,1.04 | 1.46 | 2.23,0.984,0.000,0,1,0,0,0,0,-1,0,3,0,,0,,0,,0,0,983.5,0,1
17254810982,580,2,3,8,8,6.191,3,0,0.11 | 0.11 | 0.11,0,1.80 | 2.74 | 3.85,0,1.04 | 1.46 | 2.23,0.984,0.000,0,1,0,0,0,0,-1,0,3,0,,0,,0,,0,0,983.5,0,1
17254810983,580,2,3,8,8,5.128,3,0,0.11 | 0.11 | 0.11,0,1.80 | 2.74 | 3.85,0,1.04 | 1.46 | 2.23,0.984,0.000,0,1,0,0,0,0,-1,0,3,0,,0,,0,,0,0,983.5,0,1
17254810984,580,2,3,8,8,5.128,3,0,0.11 | 0.11 | 0.11,0,1.80 | 2.74 | 3.85,0,1.04 | 1.46 | 2.23,0.984,0.000,0,1,0,0,0,0,-1,0,3,0,,0,,0,,0,0,983.5,0,1
17254810985,580,2,3,8,8,5.128,3,0,0.11 | 0.11 | 0.11,0,1.80 | 2.74 | 3.85,0,1.04 | 1.46 | 2.23,0.984,0.000,0,1,0,0,0,0,-1,0,3,0,,0,,0,,0,0,983.5,0,1
17254810986,580,2,3,8,8,5.128,3,0,0.11 | 0.11 | 0.11,0,1.80 | 2.74 | 3.85,0,1.04 | 1.46 | 2.23,0.984,0.000,0,1,0,0,0,0,-1,0,3,0,,0,,0,,0,0,983.5,0,1
17254810987,580,2,3,8,8,5.128,3,0,0.11 | 0.11 | 0.11,0,1.80 | 2.74 | 3.85,0,1.04 | 1.46 | 2.23,0.984,0.000,0,1,0,0,0,0,-1,0,3,0,,0,,0,,0,0,978.25,0,1
17254810988,580,2,3,8,8,5.128,3,0,0.11 | 0.11 | 0.11,0,1.80 | 2.74 | 3.85,0,1.04 | 1.46 | 2.23,0.984,0.000,0,1,0,0,0,0,-1,0,3,0,,0,,0,,0,0,978.25,0,1
17254810989,580,2,3,8,8,5.128,3,0,0.11 | 0.11 | 0.11,0,1.80 | 2.74 | 3.85,0,1.04 | 1.46 | 2.23,0.984,0.000,0,1,0,0,0,0,-1,0,3,0,,0,,0,,0,0,978.25,0,1
17254810990,580,2,3,8,8,5.128,3,0,0.11 | 0.11 | 0.11,0,1.80 | 2.74 | 3.85,0,1.04 | 1.46 | 2.23,0.984,0.000,0,1,0,0,0,0,-1,0,3,0,,0,,0,,0,0,978.25,0,1
17254810991,580,2,3,8,8,5.128,3,0,0.11 | 0.11 | 0.11,0,1.80 | 2.74 | 3.85,0,1.04 | 1.46 | 2.23,0.984,0.000,0,1,0,0,0,0,-1,0,3,0,,0,,0,,0,0,978.25,0,1
17254810992,580,2,3,8,8,5.128,3,0,0.11 | 0.11 | 0.11,0,1.80 | 2.74 | 3.85,0,1.04 | 1.46 | 2.23,0.984,0.000,0,1,0,0,0,0,-1,0,3,0,,0,,0,,0,0,978.25,0,1
17254810993,580,2,3,8,8,8.866,3,0,0.11 | 0.11 | 0.11,0,1.80 | 2.53 | 3.10,0,1.29 | 1.58 | 2.23,0.978,0.000,0,1,0,0,0,0,-1,0,3,0,,0,,0,,0,0,978.25,0,1
17254810994,580,2,3,8,8,8.866,3,0,0.11 | 0.11 | 0.11,0,1.80 | 2.53 | 3.10,0,1.29 | 1.58 | 2.23,0.978,0.000,0,1,0,0,0,0,-1,0,3,0,,0,,0,,0,0,978.25,0,1
17254810995,580,3,3,8,8,8.866,3,0,0.11 | 0.11 | 0.11,0,1.80 | 2.53 | 3.10,0,1.29 | 1.58 | 2.23,0.978,0.000,0,1,0,0,0,0,-1,0,3,0,,0,,0,,0,0,978.25,0,1
17254810996,580,3,3,8,8,8.866,3,0,0.11 | 0.11 | 0.11,0,1.80 | 2.53 | 3.10,0,1.29 | 1.58 | 2.23,0.978,0.000,0,1,0,0,0,0,-1,0,3,0,,0,,0,,0,0,978.25,0,1
17254810997,580,3,3,8,8,8.866,3,0,0.11 | 0.11 | 0.11,0,1.80 | 2.53 | 3.10,0,1.29 | 1.58 | 2.23,0.978,0.000,0,1,0,0,0,0,-1,0,3,0,,0,,0,,0,0,978.25,0,1
17254810998,580,3,3,8,8,8.866,3,0,0.11 | 0.11 | 0.11,0,1.80 | 2.53 | 3.10,0,1.29 | 1.58 | 2.23,0.978,0.000,0,1,0,0,0,0,-1,0,3,0,,0,,0,,0,0,978.25,0,1
17254810999,580,3,3,8,8,8.866,3,0,0.11 | 0.11 | 0.11,0,1.80 | 2.53 | 3.10,0,1.29 | 1.58 | 2.23,0.978,0.000,0,1,0,0,0,0,-1,0,3,0,,0,,0,,0,0,978.25,0,1
17254811000,580,3,3,8,8,8.866,3,0,0.11 | 0.11 | 0.11,0,1.80 | 2.53 | 3.10,0,1.29 | 1.58 | 2.23,0.978,0.000,0,1,0,0,0,0,-1,0,3,0,,0,,0,,0,0,978.25,0,1
17254811001,580,3,3,8,8,8.866,3,0,0.11 | 0.11 | 0.11,0,1.80 | 2.53 | 3.10,0,1.29 | 1.58 | 2.23,0.978,0.000,0,1,0,0,0,0,-1,0,3,0,,0,,0,,0,0,978.25,0,1
17254811002,580,3,3,8,8,8.866,3,0,0.11 | 0.11 | 0.11,0,1.80 | 2.53 | 3.10,0,1.29 | 1.58 | 2.23,0.978,0.000,0,1,0,0,0,0,-1,0,3,0,,0,,0,,0,0,978.25,0,1
17254811003,580,3,3,8,8,8.069,3,0,0.11 | 0.11 | 0.11,0,1.80 | 2.53 | 3.10,0,1.29 | 1.58 | 2.23,0.978,0.000,0,1,0,0,0,0,-1,0,3,0,,0,,0,,0,0,978.25,0,1
17254811004,580,3,3,8,8,8.069,3,0,0.11 | 0.11 | 0.11,0,1.80 | 2.53 | 3.10,0,1.29 | 1.58 | 2.23,0.978,0.000,0,1,0,0,0,0,-1,0,3,0,,0,,0,,0,0,978.25,0,1
17254811005,580,3,3,8,8,8.069,3,0,0.11 | 0.11 | 0.11,0,1.80 | 2.53 | 3.10,0,1.29 | 1.58 | 2.23,0.978,0.000,0,1,0,0,0,0,-1,0,3,0,,0,,0,,0,0,1005.25,0,1
17254811006,580,3,3,8,8,8.069,3,0,0.11 | 0.11 | 0.11,0,1.80 | 2.53 | 3.10,0,1.29 | 1.58 | 2.23,0.978,0.000,0,1,0,0,0,0,-1,0,3,0,,0,,0,,0,0,1005.25,0,1
17254811007,580,3,3,8,8,8.069,3,0,0.11 | 0.11 | 0.11,0,1.80 | 2.53 | 3.10,0,1.29 | 1.58 | 2.23,0.978,0.000,0,1,0,0,0,0,-1,0,3,0,,0,,0,,0,0,1005.25,0,1
17254811008,580,3,3,8,8,8.069,3,0,0.11 | 0.11 | 0.11,0,1.80 | 2.53 | 3.10,0,1.29 | 1.58 | 2.23,0.978,0.000,0,1,0,0,0,0,-1,0,3,0,,0,,0,,0,0,1005.25,0,1
17254811009,580,3,3,8,8,8.069,3,0,0.11 | 0.11 | 0.11,0,1.80 | 2.53 | 3.10,0,1.29 | 1.58 | 2.23,0.978,0.000,0,1,0,0,0,0,-1,0,3,0,,0,,0,,0,0,1005.25,0,1
17254811010,580,3,3,8,8,8.069,3,0,0.11 | 0.11 | 0.11,0,1.80 | 2.53 | 3.10,0,1.29 | 1.58 | 2.23,0.978,0.000,0,1,0,0,0,0,-1,0,3,0,,0,,0,,0,0,1005.25,0,1
17254811011,580,3,3,8,8,8.069,3,0,0.11 | 0.11 | 0.11,0,1.80 | 2.53 | 3.10,0,1.29 | 1.58 | 2.23,0.978,0.000,0,1,0,0,0,0,-1,0,3,0,,0,,0,,0,0,1005.25,0,1
17254811012,580,3,3,8,8,8.069,3,0,0.11 | 0.11 | 0.11,0,1.80 | 2.53 | 3.10,0,1.29 | 1.58 | 2.23,0.978,0.000,0,1,0,0,0,0,-1,0,3,0,,0,,0,,0,0,1005.25,0,1
17254811013,580,3,3,8,8,10.012,3,0,0.11 | 0.11 | 0.11,0,1.77 | 2.19 | 3.00,0,1.34 | 1.82 | 2.25,1.005,0.000,0,1,0,0,0,0,-1,0,3,0,,0,,0,,0,0,1005.25,0,1
17254811014,580,3,3,8,8,10.012,3,0,0.11 | 0.11 | 0.11,0,1.77 | 2.19 | 3.00,0,1.34 | 1.82 | 2.25,1.005,0.000,0,1,0,0,0,0,-1,0,3,0,,0,,0,,0,0,1005.25,0,1
17254811015,580,3,3,8,8,10.012,3,0,0.11 | 0.11 | 0.11,0,1.77 | 2.19 | 3.00,0,1.34 | 1.82 | 2.25,1.005,0.000,0,1,0,0,0,0,-1,0,3,0,,0,,0,,0,0,1005.25,0,1
17254811016,580,3,3,8,8,10.012,3,0,0.11 | 0.11 | 0.11,0,1.77 | 2.19 | 3.00,0,1.34 | 1.82 | 2.25,1.005,0.000,0,1,0,0,0,0,-1,0,3,0,,0,,0,,0,0,1005.25,0,1
17254811017,580,3,3,8,8,10.012,3,0,0.11 | 0.11 | 0.11,0,1.77 | 2.19 | 3.00,0,1.34 | 1.82 | 2.25,1.005,0.000,0,1,0,0,0,0,-1,0,3,0,,0,,0,,0,0,1005.25,0,1
17254811018,580,3,3,8,8,10.012,3,0,0.11 | 0.11 | 0.11,0,1.77 | 2.19 | 3.00,0,1.34 | 1.82 | 2.25,1.005,0.000,0,1,0,0,0,0,-1,0,3,0,,0,,0,,0,0,1005.25,0,1
17254811019,580,3,3,8,8,10.012,3,0,0.11 | 0.11 | 0.11,0,1.77 | 2.19 | 3.00,0,1.34 | 1.82 | 2.25,1.005,0.000,0,1,0,0,0,0,-1,0,3,0,,0,,0,,0,0,1005.25,0,1
17254811020,580,3,3,8,8,10.012,3,0,0.11 | 0.11 | 0.11,0,1.77 | 2.19 | 3.00,0,1.34 | 1.82 | 2.25,1.005,0.000,0,1,0,0,0,0,-1,0,3,0,,0,,0,,0,0,1005.25,0,1
17254811021,580,3,3,8,8,10.012,3,0,0.11 | 0.11 | 0.11,0,1.77 | 2.19 | 3.00,0,1.34 | 1.82 | 2.25,1.005,0.000,0,1,0,0,0,0,-1,0,3,0,,0,,0,,0,0,1005.25,0,1
17254811022,580,3,3,8,8,10.012,3,0,0.11 | 0.11 | 0.11,0,1.77 | 2.19 | 3.00,0,1.34 | 1.82 | 2.25,1.005,0.000,0,1,0,0,0,0,-1,0,3,0,,0,,0,,0,0,1005.25,0,1
17254811023,580,3,3,8,8,9.144,3,0,0.11 | 0.11 | 0.11,0,1.77 | 2.19 | 3.00,0,1.34 | 1.82 | 2.25,1.005,0.000,0,1,0,0,0,0,-1,0,3,0,,0,,0,,0,0,1005.25,0,1
17254811024,580,3,3,8,8,9.144,3,0,0.11 | 0.11 | 0.11,0,1.77 | 2.19 | 3.00,0,1.34 | 1.82 | 2.25,1.005,0.000,0,1,0,0,0,0,-1,0,3,0,,0,,0,,0,0,1005.25,0,1
17254811025,580,3,3,8,8,9.144,3,0,0.11 | 0.11 | 0.11,0,1.77 | 2.19 | 3.00,0,1.34 | 1.82 | 2.25,1.005,0.000,0,1,0,0,0,0,-1,0,3,0,,0,,0,,0,0,1005.25,0,1
17254811026,580,3,3,8,8,9.144,3,0,0.11 | 0.11 | 0.11,0,1.77 | 2.19 | 3.00,0,1.34 | 1.82 | 2.25,1.005,0.000,0,1,0,0,0,0,-1,0,3,0,,0,,0,,0,0,1005.25,0,1
17254811027,580,3,3,8,8,9.144,3,0,0.11 | 0.11 | 0.11,0,1.77 | 2.19 | 3.00,0,1.34 | 1.82 | 2.25,1.005,0.000,0,1,0,0,0,0,-1,0,3,0,,0,,0,,0,0,1005.25,0,1
17254811028,580,3,3,8,8,9.144,3,0,0.11 | 0.11 | 0.11,0,1.77 | 2.19 | 3.00,0,1.34 | 1.82 | 2.25,1.005,0.000,0,1,0,0,0,0,-1,0,3,0,,0,,0,,0,0,1005.25,0,1
17254811029,580,3,3,8,8,9.144,3,0,0.11 | 0.11 | 0.11,0,1.77 | 2.19 | 3.00,0,1.34 | 1.82 | 2.25,1.005,0.000,0,1,0,0,0,0,-1,0,3,0,,0,,0,,0,0,1005.25,0,1
17254811030,580,3,3,8,8,9.144,3,0,0.11 | 0.11 | 0.11,0,1.77 | 2.19 | 3.00,0,1.34 | 1.82 | 2.25,1.005,0.000,0,1,0,0,0,0,-1,0,3,0,,0,,0,,0,0,1005.25,0,1
17254811031,580,3,3,8,8,9.144,3,0,0.11 | 0.11 | 0.11,0,1.77 | 2.19 | 3.00,0,1.34 | 1.82 | 2.25,1.005,0.000,0,1,0,0,0,0,-1,0,3,0,,0,,0,,0,0,1005.25,0,1
17254811032,580,3,3,8,8,9.144,3,0,0.11 | 0.11 | 0.11,0,1.77 | 2.19 | 3.00,0,1.34 | 1.82 | 2.25,1.005,0.000,0,1,0,0,0,0,-1,0,3,0,,0,,0,,0,0,1005.25,0,1
17254811033,580,3,3,8,8,8.081,3,0,0.11 | 0.11 | 0.11,0,1.77 | 2.19 | 3.00,0,1.34 | 1.82 | 2.25,1.005,0.000,0,1,0,0,0,0,-1,0,3,0,,0,,0,,0,0,1005.25,0,1
17254811034,580,3,3,8,8,8.081,3,0,0.11 | 0.11 | 0.11,0,1.77 | 2.19 | 3.00,0,1.34 | 1.82 | 2.25,1.005,0.000,0,1,0,0,0,0,-1,0,3,0,,0,,0,,0,0,1005.25,0,1
17254811035,580,3,3,8,8,8.081,3,0,0.11 | 0.11 | 0.11,0,1.77 | 2.19 | 3.00,0,1.34 | 1.82 | 2.25,1.005,0.000,0,1,0,0,0,0,-1,0,3,0,,0,,0,,0,0,1008.25,0,1
17254811036,580,3,3,8,8,8.081,3,0,0.11 | 0.11 | 0.11,0,1.77 | 2.19 | 3.00,0,1.34 | 1.82 | 2.25,1.005,0.000,0,1,0,0,0,0,-1,0,3,0,,0,,0,,0,0,1008.25,0,1
17254811037,580,3,3,8,8,8.081,3,0,0.11 | 0.11 | 0.11,0,1.77 | 2.19 | 3.00,0,1.34 | 1.82 | 2.25,1.005,0.000,0,1,0,0,0,0,-1,0,3,0,,0,,0,,0,0,1008.25,0,1
17254811038,580,3,3,8,8,8.081,3,0,0.11 | 0.11 | 0.11,0,1.77 | 2.19 | 3.00,0,1.34 | 1.82 | 2.25,1.005,0.000,0,1,0,0,0,0,-1,0,3,0,,0,,0,,0,0,1008.25,0,1
17254811039,580,3,3,8,8,8.081,3,0,0.11 | 0.11 | 0.11,0,1.77 | 2.19 | 3.00,0,1.34 | 1.82 | 2.25,1.005,0.000,0,1,0,0,0,0,-1,0,3,0,,0,,0,,0,0,1008.25,0,1
17254811040,580,3,3,8,8,8.081,3,0,0.11 | 0.11 | 0.11,0,1.77 | 2.19 | 3.00,0,1.34 | 1.82 | 2.25,1.005,0.000,0,1,0,0,0,0,-1,0,3,0,,0,,0,,0,0,1008.25,0,1
17254811041,580,3,3,8,8,8.081,3,0,0.11 | 0.11 | 0.11,0,1.77 | 2.19 | 3.00,0,1.34 | 1.82 | 2.25,1.005,0.000,0,1,0,0,0,0,-1,0,3,0,,0,,0,,0,0,1008.25,0,1
17254811042,580,3,3,8,8,8.081,3,0,0.11 | 0.11 | 0.11,0,1.77 | 2.19 | 3.00,0,1.34 | 1.82 | 2.25,1.005,0.000,0,1,0,0,0,0,-1,0,3,0,,0,,0,,0,0,1008.25,0,1
17254811043,580,3,3,8,8,11.819,3,0,0.11 | 0.11 | 0.11,0,1.77 | 2.35 | 3.00,0,1.34 | 1.71 | 2.25,1.008,0.000,0,1,0,0,0,0,-1,0,3,0,,0,,0,,0,0,1008.25,0,1
17254811044,580,3,3,8,8,11.819,3,0,0.11 | 0.11 | 0.11,0,1.77 | 2.35 | 3.00,0,1.34 | 1.71 | 2.25,1.008,0.000,0,1,0,0,0,0,-1,0,3,0,,0,,0,,0,0,1008.25,0,1
17254811045,580,3,3,8,8,11.819,3,0,0.11 | 0.11 | 0.11,0,1.77 | 2.35 | 3.00,0,1.34 | 1.71 | 2.25,1.008,0.000,0,1,0,0,0,0,-1,0,3,0,,0,,0,,0,0,1008.25,0,1
17254811046,580,3,3,8,8,11.819,3,0,0.11 | 0.11 | 0.11,0,1.77 | 2.35 | 3.00,0,1.34 | 1.71 | 2.25,1.008,0.000,0,1,0,0,0,0,-1,0,3,0,,0,,0,,0,0,1008.25,0,1
17254811047,580,3,3,8,8,11.819,3,0,0.11 | 0.11 | 0.11,0,1.77 | 2.35 | 3.00,0,1.34 | 1.71 | 2.25,1.008,0.000,0,1,0,0,0,0,-1,0,3,0,,0,,0,,0,0,1008.25,0,1
17254811048,580,3,3,8,8,11.819,3,0,0.11 | 0.11 | 0.11,0,1.77 | 2.35 | 3.00,0,1.34 | 1.71 | 2.25,1.008,0.000,0,1,0,0,0,0,-1,0,3,0,,0,,0,,0,0,1008.25,0,1
17254811049,580,3,3,8,8,11.819,3,0,0.11 | 0.11 | 0.11,0,1.77 | 2.35 | 3.00,0,1.34 | 1.71 | 2.25,1.008,0.000,0,1,0,0,0,0,-1,0,3,0,,0,,0,,0,0,1008.25,0,1
17254811050,580,3,3,8,8,11.819,3,0,0.11 | 0.11 | 0.11,0,1.77 | 2.35 | 3.00,0,1.34 | 1.71 | 2.25,1.008,0.000,0,1,0,0,0,0,-1,0,3,0,,0,,0,,0,0,1008.25,0,1
17254811051,580,3,3,8,8,11.819,3,0,0.11 | 0.11 | 0.11,0,1.77 | 2.35 | 3.00,0,1.34 | 1.71 | 2.25,1.008,0.000,0,1,0,0,0,0,-1,0,3,0,,0,,0,,0,0,1008.25,0,1
17254811052,580,3,3,8,8,11.819,3,0,0.11 | 0.11 | 0.11,0,1.77 | 2.35 | 3.00,0,1.34 | 1.71 | 2.25,1.008,0.000,0,1,0,0,0,0,-1,0,3,0,,0,,0,,0,0,1008.25,0,1
17254811053,580,3,3,8,8,11.022,3,0,0.11 | 0.11 | 0.11,0,1.77 | 2.35 | 3.00,0,1.34 | 1.71 | 2.25,1.008,0.000,0,1,0,0,0,0,-1,0,3,0,,0,,0,,0,0,1008.25,0,1
17254811054,580,3,3,8,8,11.022,3,0,0.11 | 0.11 | 0.11,0,1.77 | 2.35 | 3.00,0,1.34 | 1.71 | 2.25,1.008,0.000,0,1,0,0,0,0,-1,0,3,0,,0,,0,,0,0,1008.25,0,1
17254811055,580,3,3,8,8,11.022,3,0,0.11 | 0.11 | 0.11,0,1.77 | 2.35 | 3.00,0,1.34 | 1.71 | 2.25,1.008,0.000,0,1,0,0,0,0,-1,0,3,0,,0,,0,,0,0,1008.25,0,1
17254811056,580,3,3,8,8,11.022,3,0,0.11 | 0.11 | 0.11,0,1.77 | 2.35 | 3.00,0,1.34 | 1.71 | 2.25,1.008,0.000,0,1,0,0,0,0,-1,0,3,0,,0,,0,,0,0,1008.25,0,1
17254811057,580,3,3,8,8,11.022,3,0,0.11 | 0.11 | 0.11,0,1.77 | 2.35 | 3.00,0,1.34 | 1.71 | 2.25,1.008,0.000,0,1,0,0,0,0,-1,0,3,0,,0,,0,,0,0,1008.25,0,1
17254811058,580,3,3,8,8,11.022,3,0,0.11 | 0.11 | 0.11,0,1.77 | 2.35 | 3.00,0,1.34 | 1.71 | 2.25,1.008,0.000,0,1,0,0,0,0,-1,0,3,0,,0,,0,,0,0,1008.25,0,1
17254811059,580,3,3,8,8,11.022,3,0,0.11 | 0.11 | 0.11,0,1.77 | 2.35 | 3.00,0,1.34 | 1.71 | 2.25,1.008,0.000,0,1,0,0,0,0,-1,0,3,0,,0,,0,,0,0,1008.25,0,1
17254811060,580,3,3,8,8,11.022,3,0,0.11 | 0.11 | 0.11,0,1.77 | 2.35 | 3.00,0,1.34 | 1.71 | 2.25,1.008,0.000,0,1,0,0,0,0,-1,0,3,0,,0,,0,,0,0,1008.25,0,1
17254811061,580,3,3,8,8,11.022,3,0,0.11 | 0.11 | 0.11,0,1.77 | 2.35 | 3.00,0,1.34 | 1.71 | 2.25,1.008,0.000,0,1,0,0,0,0,-1,0,3,0,,0,,0,,0,0,1008.25,0,1
17254811062,580,3,3,8,8,11.022,3,0,0.11 | 0.11 | 0.11,0,1.77 | 2.35 | 3.00,0,1.34 | 1.71 | 2.25,1.008,0.000,0,1,0,0,0,0,-1,0,3,0,,0,,0,,0,0,1008.25,0,1
17254811063,580,3,3,8,8,9.96,3,0,0.11 | 0.11 | 0.11,0,1.77 | 2.35 | 3.00,0,1.34 | 1.71 | 2.25,1.008,0.000,0,1,0,0,0,0,-1,0,3,0,,0,,0,,0,0,1008.25,0,1
17254811064,580,3,3,8,8,9.96,3,0,0.11 | 0.11 | 0.11,0,1.77 | 2.35 | 3.00,0,1.34 | 1.71 | 2.25,1.008,0.000,0,1,0,0,0,0,-1,0,3,0,,0,,0,,0,0,1008.25,0,1
17254811065,580,3,3,8,8,9.96,3,0,0.11 | 0.11 | 0.11,0,1.77 | 2.35 | 3.00,0,1.34 | 1.71 | 2.25,1.008,0.000,0,1,0,0,0,0,-1,0,3,0,,0,,0,,0,0,1008.25,0,1
17254811066,580,3,3,8,8,9.96,3,0,0.11 | 0.11 | 0.11,0,1.77 | 2.35 | 3.00,0,1.34 | 1.71 | 2.25,1.008,0.000,0,1,0,0,0,0,-1,0,3,0,,0,,0,,0,0,974.5,0,1
17254811067,580,3,3,8,8,9.96,3,0,0.11 | 0.11 | 0.11,0,1.77 | 2.35 | 3.00,0,1.34 | 1.71 | 2.25,1.008,0.000,0,1,0,0,0,0,-1,0,3,0,,0,,0,,0,0,974.5,0,1
17254811068,580,3,3,8,8,9.96,3,0,0.11 | 0.11 | 0.11,0,1.77 | 2.35 | 3.00,0,1.34 | 1.71 | 2.25,1.008,0.000,0,1,0,0,0,0,-1,0,3,0,,0,,0,,0,0,974.5,0,1
17254811069,580,3,3,8,8,9.96,3,0,0.11 | 0.11 | 0.11,0,1.77 | 2.35 | 3.00,0,1.34 | 1.71 | 2.25,1.008,0.000,0,1,0,0,0,0,-1,0,3,0,,0,,0,,0,0,974.5,0,1
17254811070,580,3,3,8,8,9.96,3,0,0.11 | 0.11 | 0.11,0,1.77 | 2.35 | 3.00,0,1.34 | 1.71 | 2.25,1.008,0.000,0,1,0,0,0,0,-1,0,3,0,,0,,0,,0,0,974.5,0,1
17254811071,580,3,3,8,8,9.96,3,0,0.11 | 0.11 | 0.11,0,1.77 | 2.35 | 3.00,0,1.34 | 1.71 | 2.25,1.008,0.000,0,1,0,0,0,0,-1,0,3,0,,0,,0,,0,0,974.5,0,1
17254811072,580,3,3,8,8,9.96,3,0,0.11 | 0.11 | 0.11,0,1.77 | 2.35 | 3.00,0,1.34 | 1.71 | 2.25,1.008,0.000,0,1,0,0,0,0,-1,0,3,0,,0,,0,,0,0,974.5,0,1
17254811073,580,3,3,8,8,12.097,3,0,0.11 | 0.11 | 0.11,0,1.77 | 2.41 | 3.00,0,1.34 | 1.66 | 2.25,0.975,0.000,0,1,0,0,0,0,-1,0,3,0,,0,,0,,0,0,974.5,0,1
17254811074,580,3,3,8,8,12.097,3,0,0.11 | 0.11 | 0.11,0,1.77 | 2.41 | 3.00,0,1.34 | 1.66 | 2.25,0.975,0.000,0,1,0,0,0,0,-1,0,3,0,,0,,0,,0,0,974.5,0,1
17254811075,580,3,3,8,8,12.097,3,0,0.11 | 0.11 | 0.11,0,1.77 | 2.41 | 3.00,0,1.34 | 1.66 | 2.25,0.975,0.000,0,1,0,0,0,0,-1,0,3,0,,0,,0,,0,0,974.5,0,1
17254811076,580,3,3,8,8,12.097,3,0,0.11 | 0.11 | 0.11,0,1.77 | 2.41 | 3.00,0,1.34 | 1.66 | 2.25,0.975,0.000,0,1,0,0,0,0,-1,0,3,0,,0,,0,,0,0,974.5,0,1
17254811077,580,3,3,8,8,12.097,3,0,0.11 | 0.11 | 0.11,0,1.77 | 2.41 | 3.00,0,1.34 | 1.66 | 2.25,0.975,0.000,0,1,0,0,0,0,-1,0,3,0,,0,,0,,0,0,974.5,0,1
17254811078,580,3,3,8,8,12.097,3,0,0.11 | 0.11 | 0.11,0,1.77 | 2.41 | 3.00,0,1.34 | 1.66 | 2.25,0.975,0.000,0,1,0,0,0,0,-1,0,3,0,,0,,0,,0,0,974.5,0,1
17254811079,580,3,3,8,8,12.097,3,0,0.11 | 0.11 | 0.11,0,1.77 | 2.41 | 3.00,0,1.34 | 1.66 | 2.25,0.975,0.000,0,1,0,0,0,0,-1,0,3,0,,0,,0,,0,0,974.5,0,1
17254811080,580,3,3,8,8,12.097,3,0,0.11 | 0.11 | 0.11,0,1.77 | 2.41 | 3.00,0,1.34 | 1.66 | 2.25,0.975,0.000,0,1,0,0,0,0,-1,0,3,0,,0,,0,,0,0,974.5,0,1
17254811081,580,3,3,8,8,12.097,3,0,0.11 | 0.11 | 0.11,0,1.77 | 2.41 | 3.00,0,1.34 | 1.66 | 2.25,0.975,0.000,0,1,0,0,0,0,-1,0,3,0,,0,,0,,0,0,974.5,0,1
17254811082,580,3,3,8,8,12.097,3,0,0.11 | 0.11 | 0.11,0,1.77 | 2.41 | 3.00,0,1.34 | 1.66 | 2.25,0.975,0.000,0,1,0,0,0,0,-1,0,3,0,,0,,0,,0,0,974.5,0,1
17254811083,580,3,3,8,8,11.035,3,0,0.11 | 0.11 | 0.11,0,1.77 | 2.41 | 3.00,0,1.34 | 1.66 | 2.25,0.975,0.000,0,1,0,0,0,0,-1,0,3,0,,0,,0,,0,0,974.5,0,1
17254811084,580,3,3,8,8,11.035,3,0,0.11 | 0.11 | 0.11,0,1.77 | 2.41 | 3.00,0,1.34 | 1.66 | 2.25,0.975,0.000,0,1,0,0,0,0,-1,0,3,0,,0,,0,,0,0,974.5,0,1
17254811085,580,3,3,8,8,11.035,3,0,0.11 | 0.11 | 0.11,0,1.77 | 2.41 | 3.00,0,1.34 | 1.66 | 2.25,0.975,0.000,0,1,0,0,0,0,-1,0,3,0,,0,,0,,0,0,974.5,0,1
17254811086,580,3,3,8,8,11.035,3,0,0.11 | 0.11 | 0.11,0,1.77 | 2.41 | 3.00,0,1.34 | 1.66 | 2.25,0.975,0.000,0,1,0,0,0,0,-1,0,3,0,,0,,0,,0,0,974.5,0,1
17254811087,580,3,3,8,8,11.035,3,0,0.11 | 0.11 | 0.11,0,1.77 | 2.41 | 3.00,0,1.34 | 1.66 | 2.25,0.975,0.000,0,1,0,0,0,0,-1,0,3,0,,0,,0,,0,0,974.5,0,1
17254811088,580,3,3,8,8,11.035,3,0,0.11 | 0.11 | 0.11,0,1.77 | 2.41 | 3.00,0,1.34 | 1.66 | 2.25,0.975,0.000,0,1,0,0,0,0,-1,0,3,0,,0,,0,,0,0,974.5,0,1
17254811089,580,3,3,8,8,11.035,3,0,0.11 | 0.11 | 0.11,0,1.77 | 2.41 | 3.00,0,1.34 | 1.66 | 2.25,0.975,0.000,0,1,0,0,0,0,-1,0,3,0,,0,,0,,0,0,974.5,0,1
17254811090,580,3,3,8,8,11.035,3,0,0.11 | 0.11 | 0.11,0,1.77 | 2.41 | 3.00,0,1.34 | 1.66 | 2.25,0.975,0.000,0,1,0,0,0,0,-1,0,3,0,,0,,0,,0,0,974.5,0,1
17254811091,580,3,3,8,8,11.035,3,0,0.11 | 0.11 | 0.11,0,1.77 | 2.41 | 3.00,0,1.34 | 1.66 | 2.25,0.975,0.000,0,1,0,0,0,0,-1,0,3,0,,0,,0,,0,0,974.5,0,1
17254811092,580,3,3,8,8,11.035,3,0,0.11 | 0.11 | 0.11,0,1.77 | 2.41 | 3.00,0,1.34 | 1.66 | 2.25,0.975,0.000,0,1,0,0,0,0,-1,0,3,0,,0,,0,,0,0,974.5,0,1
17254811093,580,3,3,8,8,10.238,3,0,0.11 | 0.11 | 0.11,0,1.77 | 2.41 | 3.00,0,1.34 | 1.66 | 2.25,0.975,0.000,0,1,0,0,0,0,-1,0,3,0,,0,,0,,0,0,974.5,0,1
17254811094,580,3,3,8,8,10.238,3,0,0.11 | 0.11 | 0.11,0,1.77 | 2.41 | 3.00,0,1.34 | 1.66 | 2.25,0.975,0.000,0,1,0,0,0,0,-1,0,3,0,,0,,0,,0,0,974.5,0,1
17254811095,580,3,3,8,8,10.238,3,0,0.11 | 0.11 | 0.11,0,1.77 | 2.41 | 3.00,0,1.34 | 1.66 | 2.25,0.975,0.000,0,1,0,0,0,0,-1,0,3,0,,0,,0,,0,0,974.5,0,1
17254811096,580,3,3,8,8,10.238,3,0,0.11 | 0.11 | 0.11,0,1.77 | 2.41 | 3.00,0,1.34 | 1.66 | 2.25,0.975,0.000,0,1,0,0,0,0,-1,0,3,0,,0,,0,,0,0,974.5,0,1
17254811097,580,3,3,8,8,10.238,3,0,0.11 | 0.11 | 0.11,0,1.77 | 2.41 | 3.00,0,1.34 | 1.66 | 2.25,0.975,0.000,0,1,0,0,0,0,-1,0,3,0,,0,,0,,0,0,974.5,0,1
17254811098,580,3,3,8,8,10.238,3,0,0.11 | 0.11 | 0.11,0,1.77 | 2.41 | 3.00,0,1.34 | 1.66 | 2.25,0.975,0.000,0,1,0,0,0,0,-1,0,3,0,,0,,0,,0,0,974.5,0,1
17254811099,580,3,3,8,8,10.238,3,0,0.11 | 0.11 | 0.11,0,1.77 | 2.41 | 3.00,0,1.34 | 1.66 | 2.25,0.975,0.000,0,1,0,0,0,0,-1,0,3,0,,0,,0,,0,0,974.5,0,1
17254811100,580,3,3,8,8,10.238,3,0,0.11 | 0.11 | 0.11,0,1.77 | 2.41 | 3.00,0,1.34 | 1.66 | 2.25,0.975,0.000,0,1,0,0,0,0,-1,0,3,0,,0,,0,,0,0,974.5,0,1
17254811101,580,3,3,8,8,10.238,3,0,0.11 | 0.11 | 0.11,0,1.77 | 2.41 | 3.00,0,1.34 | 1.66 | 2.25,0.975,0.000,0,1,0,0,0,0,-1,0,3,0,,0,,0,,0,0,974.5,0,1
17254811102,580,3,3,8,8,10.238,3,0,0.11 | 0.11 | 0.11,0,1.77 | 2.41 | 3.00,0,1.34 | 1.66 | 2.25,0.975,0.000,0,1,0,0,0,0,-1,0,3,0,,0,,0,,0,0,974.5,0,1
17254811103,580,3,3,8,8,9.175,3,0,0.11 | 0.11 | 0.11,0,1.77 | 2.41 | 3.00,0,1.34 | 1.66 | 2.25,0.975,0.000,0,1,0,0,0,0,-1,0,3,0,,0,,0,,0,0,974.5,0,1
17254811104,580,3,3,8,8,9.175,3,0,0.11 | 0.11 | 0.11,0,1.77 | 2.41 | 3.00,0,1.34 | 1.66 | 2.25,0.975,0.000,0,1,0,0,0,0,-1,0,3,0,,0,,0,,0,0,974.5,0,1
17254811105,580,3,3,8,8,9.175,3,0,0.11 | 0.11 | 0.11,0,1.77 | 2.41 | 3.00,0,1.34 | 1.66 | 2.25,0.975,0.000,0,1,0,0,0,0,-1,0,3,0,,0,,0,,0,0,974.5,0,1
17254811106,580,3,3,8,8,9.175,3,0,0.11 | 0.11 | 0.11,0,1.77 | 2.41 | 3.00,0,1.34 | 1.66 | 2.25,0.975,0.000,0,1,0,0,0,0,-1,0,3,0,,0,,0,,0,0,974.5,0,1
17254811107,580,3,3,8,8,9.175,3,0,0.11 | 0.11 | 0.11,0,1.77 | 2.41 | 3.00,0,1.34 | 1.66 | 2.25,0.975,0.000,0,1,0,0,0,0,-1,0,3,0,,0,,0,,0,0,974.5,0,1
17254811108,580,3,3,8,8,9.175,3,0,0.11 | 0.11 | 0.11,0,1.77 | 2.41 | 3.00,0,1.34 | 1.66 | 2.25,0.975,0.000,0,1,0,0,0,0,-1,0,3,0,,0,,0,,0,0,974.5,0,1
17254811109,580,3,3,8,8,9.175,3,0,0.11 | 0.11 | 0.11,0,1.77 | 2.41 | 3.00,0,1.34 | 1.66 | 2.25,0.975,0.000,0,1,0,0,0,0,-1,0,3,0,,0,,0,,0,0,974.5,0,1
17254811110,580,3,3,8,8,9.175,3,0,0.11 | 0.11 | 0.11,0,1.77 | 2.41 | 3.00,0,1.34 | 1.66 | 2.25,0.975,0.000,0,1,0,0,0,0,-1,0,3,0,,0,,0,,0,0,957,0,1
17254811111,580,3,3,8,8,9.175,3,0,0.11 | 0.11 | 0.11,0,1.77 | 2.41 | 3.00,0,1.34 | 1.66 | 2.25,0.975,0.000,0,1,0,0,0,0,-1,0,3,0,,0,,0,,0,0,957,0,1
17254811112,580,3,3,8,8,9.175,3,0,0.11 | 0.11 | 0.11,0,1.77 | 2.41 | 3.00,0,1.34 | 1.66 | 2.25,0.975,0.000,0,1,0,0,0,0,-1,0,3,0,,0,,0,,0,0,957,0,1
17254811113,580,3,3,8,8,12.812,3,0,0.10 | 0.11 | 0.11,0,1.77 | 2.47 | 3.26,0,1.23 | 1.62 | 2.25,0.957,0.000,0,1,0,0,0,0,-1,0,3,0,,0,,0,,0,0,957,0,1
17254811114,580,3,3,8,8,12.812,3,0,0.10 | 0.11 | 0.11,0,1.77 | 2.47 | 3.26,0,1.23 | 1.62 | 2.25,0.957,0.000,0,1,0,0,0,0,-1,0,3,0,,0,,0,,0,0,957,0,1
17254811115,580,3,3,8,8,12.812,3,0,0.10 | 0.11 | 0.11,0,1.77 | 2.47 | 3.26,0,1.23 | 1.62 | 2.25,0.957,0.000,0,1,0,0,0,0,-1,0,3,0,,0,,0,,0,0,957,0,1
17254811116,580,3,3,8,8,12.812,3,0,0.10 | 0.11 | 0.11,0,1.77 | 2.47 | 3.26,0,1.23 | 1.62 | 2.25,0.957,0.000,0,1,0,0,0,0,-1,0,3,0,,0,,0,,0,0,957,0,1
17254811117,580,3,3,8,8,12.812,3,0,0.10 | 0.11 | 0.11,0,1.77 | 2.47 | 3.26,0,1.23 | 1.62 | 2.25,0.957,0.000,0,1,0,0,0,0,-1,0,3,0,,0,,0,,0,0,957,0,1
17254811118,580,3,3,8,8,12.812,3,0,0.10 | 0.11 | 0.11,0,1.77 | 2.47 | 3.26,0,1.23 | 1.62 | 2.25,0.957,0.000,0,1,0,0,0,0,-1,0,3,0,,0,,0,,0,0,957,0,1
17254811119,580,3,3,8,8,12.812,3,0,0.10 | 0.11 | 0.11,0,1.77 | 2.47 | 3.26,0,1.23 | 1.62 | 2.25,0.957,0.000,0,1,0,0,0,0,-1,0,3,0,,0,,0,,0,0,957,0,1
17254811120,580,3,3,8,8,12.812,3,0,0.10 | 0.11 | 0.11,0,1.77 | 2.47 | 3.26,0,1.23 | 1.62 | 2.25,0.957,0.000,0,1,0,0,0,0,-1,0,3,0,,0,,0,,0,0,957,0,1
17254811121,580,3,3,8,8,12.812,3,0,0.10 | 0.11 | 0.11,0,1.77 | 2.47 | 3.26,0,1.23 | 1.62 | 2.25,0.957,0.000,0,1,0,0,0,0,-1,0,3,0,,0,,0,,0,0,957,0,1
17254811122,580,3,3,8,8,12.812,3,0,0.10 | 0.11 | 0.11,0,1.77 | 2.47 | 3.26,0,1.23 | 1.62 | 2.25,0.957,0.000,0,1,0,0,0,0,-1,0,3,0,,0,,0,,0,0,957,0,1
17254811123,580,3,3,8,8,11.85,3,0,0.10 | 0.11 | 0.11,0,1.77 | 2.47 | 3.26,0,1.23 | 1.62 | 2.25,0.957,0.000,0,1,0,0,0,0,-1,0,3,0,,0,,0,,0,0,957,0,1
17254811124,580,3,3,8,8,11.85,3,0,0.10 | 0.11 | 0.11,0,1.77 | 2.47 | 3.26,0,1.23 | 1.62 | 2.25,0.957,0.000,0,1,0,0,0,0,-1,0,3,0,,0,,0,,0,0,957,0,1
17254811125,772,3,4,8,8,11.85,3,0,0.10 | 0.11 | 0.11,0,1.77 | 2.47 | 3.26,0,1.23 | 1.62 | 2.25,0.957,0.000,0,1,0,0,0,0,-1,0,3,0,,0,,0,,0,0,957,0,1
17254811126,772,3,4,8,8,11.85,3,0,0.10 | 0.11 | 0.11,0,1.77 | 2.47 | 3.26,0,1.23 | 1.62 | 2.25,0.957,0.000,0,1,0,0,0,0,-1,0,3,0,,0,,0,,0,0,957,0,1
17254811127,772,3,4,8,8,11.85,3,0,0.10 | 0.11 | 0.11,0,1.77 | 2.47 | 3.26,0,1.23 | 1.62 | 2.25,0.957,0.000,0,1,0,0,0,0,-1,0,3,0,,0,,0,,0,0,957,0,1
17254811128,772,3,4,8,8,11.85,3,0,0.10 | 0.11 | 0.11,0,1.77 | 2.47 | 3.26,0,1.23 | 1.62 | 2.25,0.957,0.000,0,1,0,0,0,0,-1,0,3,0,,0,,0,,0,0,957,0,1
17254811129,772,3,4,8,8,11.85,3,0,0.10 | 0.11 | 0.11,0,1.77 | 2.47 | 3.26,0,1.23 | 1.62 | 2.25,0.957,0.000,0,1,0,0,0,0,-1,0,3,0,,0,,0,,0,0,957,0,1
17254811130,772,3,4,8,8,11.85,3,0,0.10 | 0.11 | 0.11,0,1.77 | 2.47 | 3.26,0,1.23 | 1.62 | 2.25,0.957,0.000,0,1,0,0,0,0,-1,0,3,0,,0,,0,,0,0,957,0,1
17254811131,772,3,4,8,8,11.85,3,0,0.10 | 0.11 | 0.11,0,1.77 | 2.47 | 3.26,0,1.23 | 1.62 | 2.25,0.957,0.000,0,1,0,0,0,0,-1,0,3,0,,0,,0,,0,0,957,0,1
17254811132,772,3,4,8,8,11.85,3,0,0.10 | 0.11 | 0.11,0,1.77 | 2.47 | 3.26,0,1.23 | 1.62 | 2.25,0.957,0.000,0,1,0,0,0,0,-1,0,3,0,,0,,0,,0,0,957,0,1
17254811133,772,3,4,8,8,11.053,3,0,0.10 | 0.11 | 0.11,0,1.77 | 2.47 | 3.26,0,1.23 | 1.62 | 2.25,0.957,0.000,0,1,0,0,0,0,-1,0,3,0,,0,,0,,0,0,957,0,1
17254811134,772,3,4,8,8,11.053,3,0,0.10 | 0.11 | 0.11,0,1.77 | 2.47 | 3.26,0,1.23 | 1.62 | 2.25,0.957,0.000,0,1,0,0,0,0,-1,0,3,0,,0,,0,,0,0,957,0,1
17254811135,772,3,4,8,8,11.053,3,0,0.10 | 0.11 | 0.11,0,1.77 | 2.47 | 3.26,0,1.23 | 1.62 | 2.25,0.957,0.000,0,1,0,0,0,0,-1,0,3,0,,0,,0,,0,0,957,0,1
17254811136,772,3,4,8,8,11.053,3,0,0.10 | 0.11 | 0.11,0,1.77 | 2.47 | 3.26,0,1.23 | 1.62 | 2.25,0.957,0.000,0,1,0,0,0,0,-1,0,3,0,,0,,0,,0,0,957,0,1
17254811137,772,3,4,8,8,11.053,3,0,0.10 | 0.11 | 0.11,0,1.77 | 2.47 | 3.26,0,1.23 | 1.62 | 2.25,0.957,0.000,0,1,0,0,0,0,-1,0,3,0,,0,,0,,0,0,957,0,1
17254811138,772,3,4,8,8,11.053,3,0,0.10 | 0.11 | 0.11,0,1.77 | 2.47 | 3.26,0,1.23 | 1.62 | 2.25,0.957,0.000,0,1,0,0,0,0,-1,0,3,0,,0,,0,,0,0,957,0,1
17254811139,772,3,4,8,8,11.053,3,0,0.10 | 0.11 | 0.11,0,1.77 | 2.47 | 3.26,0,1.23 | 1.62 | 2.25,0.957,0.000,0,1,0,0,0,0,-1,0,3,0,,0,,0,,0,0,957,0,1
17254811140,772,3,4,8,8,11.053,3,0,0.10 | 0.11 | 0.11,0,1.77 | 2.47 | 3.26,0,1.23 | 1.62 | 2.25,0.957,0.000,0,1,0,0,0,0,-1,0,3,0,,0,,0,,0,0,957,0,1
17254811141,772,3,4,8,8,11.053,3,0,0.10 | 0.11 | 0.11,0,1.77 | 2.47 | 3.26,0,1.23 | 1.62 | 2.25,0.957,0.000,0,1,0,0,0,0,-1,0,3,0,,0,,0,,0,0,957,0,1
17254811142,772,3,4,8,8,11.053,3,0,0.10 | 0.11 | 0.11,0,1.77 | 2.47 | 3.26,0,1.23 | 1.62 | 2.25,0.957,0.000,0,1,0,0,0,0,-1,0,3,0,,0,,0,,0,0,957,0,1
17254811143,772,3,4,8,8,9.991,3,0,0.10 | 0.11 | 0.11,0,1.77 | 2.47 | 3.26,0,1.23 | 1.62 | 2.25,0.957,0.000,0,1,0,0,0,0,-1,0,3,0,,0,,0,,0,0,957,0,1
17254811144,772,3,4,8,8,9.991,3,0,0.10 | 0.11 | 0.11,0,1.77 | 2.47 | 3.26,0,1.23 | 1.62 | 2.25,0.957,0.000,0,1,0,0,0,0,-1,0,3,0,,0,,0,,0,0,957,0,1
17254811145,772,3,4,8,8,9.991,3,0,0.10 | 0.11 | 0.11,0,1.77 | 2.47 | 3.26,0,1.23 | 1.62 | 2.25,0.957,0.000,0,1,0,0,0,0,-1,0,3,0,,0,,0,,0,0,957,0,1
17254811146,772,3,4,8,8,9.991,3,0,0.10 | 0.11 | 0.11,0,1.77 | 2.47 | 3.26,0,1.23 | 1.62 | 2.25,0.957,0.000,0,1,0,0,0,0,-1,0,3,0,,0,,0,,0,0,957,0,1
17254811147,772,3,4,8,8,9.991,3,0,0.10 | 0.11 | 0.11,0,1.77 | 2.47 | 3.26,0,1.23 | 1.62 | 2.25,0.957,0.000,0,1,0,0,0,0,-1,0,3,0,,0,,0,,0,0,957,0,1
17254811148,772,3,4,8,8,9.991,3,0,0.10 | 0.11 | 0.11,0,1.77 | 2.47 | 3.26,0,1.23 | 1.62 | 2.25,0.957,0.000,0,1,0,0,0,0,-1,0,3,0,,0,,0,,0,0,957,0,1
17254811149,772,3,4,8,8,9.991,3,0,0.10 | 0.11 | 0.11,0,1.77 | 2.47 | 3.26,0,1.23 | 1.62 | 2.25,0.957,0.000,0,1,0,0,0,0,-1,0,3,0,,0,,0,,0,0,957,0,1
17254811150,772,3,4,8,8,9.991,3,0,0.10 | 0.11 | 0.11,0,1.77 | 2.47 | 3.26,0,1.23 | 1.62 | 2.25,0.957,0.000,0,1,0,0,0,0,-1,0,3,0,,0,,0,,0,0,957,0,1
17254811151,772,3,4,8,8,9.991,3,0,0.10 | 0.11 | 0.11,0,1.77 | 2.47 | 3.26,0,1.23 | 1.62 | 2.25,0.957,0.000,0,1,0,0,0,0,-1,0,3,0,,0,,0,,0,0,957,0,1
17254811152,772,3,4,8,8,9.991,3,0,0.10 | 0.11 | 0.11,0,1.77 | 2.47 | 3.26,0,1.23 | 1.62 | 2.25,0.957,0.000,0,1,0,0,0,0,-1,0,3,0,,0,,0,,0,0,957,0,1
17254811153,772,3,4,8,8,8.835,3,0,0.10 | 0.11 | 0.11,0,2.04 | 2.67 | 3.26,0,1.23 | 1.50 | 1.96,0.926,0.000,0,1,0,0,0,0,-1,0,3,0,,0,,0,,0,0,926.5,0,1
17254811154,772,3,4,8,8,8.835,3,0,0.10 | 0.11 | 0.11,0,2.04 | 2.67 | 3.26,0,1.23 | 1.50 | 1.96,0.926,0.000,0,1,0,0,0,0,-1,0,3,0,,0,,0,,0,0,926.5,0,1
17254811155,772,4,4,8,8,8.835,3,0,0.10 | 0.11 | 0.11,0,2.04 | 2.67 | 3.26,0,1.23 | 1.50 | 1.96,0.926,0.000,0,1,0,0,0,0,-1,0,3,0,,0,,0,,0,0,926.5,0,1
17254811156,772,4,4,8,8,8.835,3,0,0.10 | 0.11 | 0.11,0,2.04 | 2.67 | 3.26,0,1.23 | 1.50 | 1.96,0.926,0.000,0,1,0,0,0,0,-1,0,3,0,,0,,0,,0,0,926.5,0,1
17254811157,772,4,4,8,8,8.835,3,0,0.10 | 0.11 | 0.11,0,2.04 | 2.67 | 3.26,0,1.23 | 1.50 | 1.96,0.926,0.000,0,1,0,0,0,0,-1,0,3,0,,0,,0,,0,0,926.5,0,1
17254811158,772,4,4,8,8,8.835,3,0,0.10 | 0.11 | 0.11,0,2.04 | 2.67 | 3.26,0,1.23 | 1.50 | 1.96,0.926,0.000,0,1,0,0,0,0,-1,0,3,0,,0,,0,,0,0,926.5,0,1
17254811159,772,4,4,8,8,8.835,3,0,0.10 | 0.11 | 0.11,0,2.04 | 2.67 | 3.26,0,1.23 | 1.50 | 1.96,0.926,0.000,0,1,0,0,0,0,-1,0,3,0,,0,,0,,0,0,926.5,0,1
17254811160,772,4,4,8,8,8.835,3,0,0.10 | 0.11 | 0.11,0,2.04 | 2.67 | 3.26,0,1.23 | 1.50 | 1.96,0.926,0.000,0,1,0,0,0,0,-1,0,3,0,,0,,0,,0,0,926.5,0,1
17254811161,772,4,4,8,8,8.835,3,0,0.10 | 0.11 | 0.11,0,2.04 | 2.67 | 3.26,0,1.23 | 1.50 | 1.96,0.926,0.000,0,1,0,0,0,0,-1,0,3,0,,0,,0,,0,0,926.5,0,1
17254811162,772,4,4,8,8,8.835,3,0,0.10 | 0.11 | 0.11,0,2.04 | 2.67 | 3.26,0,1.23 | 1.50 | 1.96,0.926,0.000,0,1,0,0,0,0,-1,0,3,0,,0,,0,,0,0,926.5,0,1
17254811163,772,4,4,8,8,7.866,3,0,0.10 | 0.11 | 0.11,0,2.04 | 2.67 | 3.26,0,1.23 | 1.50 | 1.96,0.926,0.000,0,1,0,0,0,0,-1,0,3,0,,0,,0,,0,0,926.5,0,1
17254811164,772,4,4,8,8,7.866,3,0,0.10 | 0.11 | 0.11,0,2.04 | 2.67 | 3.26,0,1.23 | 1.50 | 1.96,0.926,0.000,0,1,0,0,0,0,-1,0,3,0,,0,,0,,0,0,926.5,0,1
17254811165,772,4,4,8,8,7.866,3,0,0.10 | 0.11 | 0.11,0,2.04 | 2.67 | 3.26,0,1.23 | 1.50 | 1.96,0.926,0.000,0,1,0,0,0,0,-1,0,3,0,,0,,0,,0,0,926.5,0,1
17254811166,772,4,4,8,8,7.866,3,0,0.10 | 0.11 | 0.11,0,2.04 | 2.67 | 3.26,0,1.23 | 1.50 | 1.96,0.926,0.000,0,1,0,0,0,0,-1,0,3,0,,0,,0,,0,0,926.5,0,1
17254811167,772,4,4,8,8,7.866,3,0,0.10 | 0.11 | 0.11,0,2.04 | 2.67 | 3.26,0,1.23 | 1.50 | 1.96,0.926,0.000,0,1,0,0,0,0,-1,0,3,0,,0,,0,,0,0,926.5,0,1
17254811168,772,4,4,8,8,7.866,3,0,0.10 | 0.11 | 0.11,0,2.04 | 2.67 | 3.26,0,1.23 | 1.50 | 1.96,0.926,0.000,0,1,0,0,0,0,-1,0,3,0,,0,,0,,0,0,926.5,0,1
17254811169,772,4,4,8,8,7.866,3,0,0.10 | 0.11 | 0.11,0,2.04 | 2.67 | 3.26,0,1.23 | 1.50 | 1.96,0.926,0.000,0,1,0,0,0,0,-1,0,3,0,,0,,0,,0,0,926.5,0,1
17254811170,772,4,4,8,8,7.866,3,0,0.10 | 0.11 | 0.11,0,2.04 | 2.67 | 3.26,0,1.23 | 1.50 | 1.96,0.926,0.000,0,1,0,0,0,0,-1,0,3,0,,0,,0,,0,0,926.5,0,1
17254811171,772,4,4,8,8,7.866,3,0,0.10 | 0.11 | 0.11,0,2.04 | 2.67 | 3.26,0,1.23 | 1.50 | 1.96,0.926,0.000,0,1,0,0,0,0,-1,0,3,0,,0,,0,,0,0,926.5,0,1
17254811172,772,4,4,8,8,7.866,3,0,0.10 | 0.11 | 0.11,0,2.04 | 2.67 | 3.26,0,1.23 | 1.50 | 1.96,0.926,0.000,0,1,0,0,0,0,-1,0,3,0,,0,,0,,0,0,926.5,0,1
17254811173,772,4,4,8,8,7.069,3,0,0.10 | 0.11 | 0.11,0,2.04 | 2.67 | 3.26,0,1.23 | 1.50 | 1.96,0.926,0.000,0,1,0,0,0,0,-1,0,3,0,,0,,0,,0,0,926.5,0,1
17254811174,772,4,4,8,8,7.069,3,0,0.10 | 0.11 | 0.11,0,2.04 | 2.67 | 3.26,0,1.23 | 1.50 | 1.96,0.926,0.000,0,1,0,0,0,0,-1,0,3,0,,0,,0,,0,0,926.5,0,1
17254811175,772,4,4,8,8,7.069,3,0,0.10 | 0.11 | 0.11,0,2.04 | 2.67 | 3.26,0,1.23 | 1.50 | 1.96,0.926,0.000,0,1,0,0,0,0,-1,0,3,0,,0,,0,,0,0,926.5,0,1
17254811176,772,4,4,8,8,7.069,3,0,0.10 | 0.11 | 0.11,0,2.04 | 2.67 | 3.26,0,1.23 | 1.50 | 1.96,0.926,0.000,0,1,0,0,0,0,-1,0,3,0,,0,,0,,0,0,926.5,0,1
17254811177,772,4,4,8,8,7.069,3,0,0.10 | 0.11 | 0.11,0,2.04 | 2.67 | 3.26,0,1.23 | 1.50 | 1.96,0.926,0.000,0,1,0,0,0,0,-1,0,3,0,,0,,0,,0,0,926.5,0,1
17254811178,772,4,4,8,8,7.069,3,0,0.10 | 0.11 | 0.11,0,2.04 | 2.67 | 3.26,0,1.23 | 1.50 | 1.96,0.926,0.000,0,1,0,0,0,0,-1,0,3,0,,0,,0,,0,0,926.5,0,1
17254811179,772,4,4,8,8,7.069,3,0,0.10 | 0.11 | 0.11,0,2.04 | 2.67 | 3.26,0,1.23 | 1.50 | 1.96,0.926,0.000,0,1,0,0,0,0,-1,0,3,0,,0,,0,,0,0,926.5,0,1
17254811180,772,4,4,8,8,7.069,3,0,0.10 | 0.11 | 0.11,0,2.04 | 2.67 | 3.26,0,1.23 | 1.50 | 1.96,0.926,0.000,0,1,0,0,0,0,-1,0,3,0,,0,,0,,0,0,926.5,0,1
17254811181,772,4,4,8,8,7.069,3,0,0.10 | 0.11 | 0.11,0,2.04 | 2.67 | 3.26,0,1.23 | 1.50 | 1.96,0.926,0.000,0,1,0,0,0,0,-1,0,3,0,,0,,0,,0,0,926.5,0,1
17254811182,772,4,4,8,8,7.069,3,0,0.10 | 0.11 | 0.11,0,2.04 | 2.67 | 3.26,0,1.23 | 1.50 | 1.96,0.926,0.000,0,1,0,0,0,0,-1,0,3,0,,0,,0,,0,0,926.5,0,1
17254811183,772,4,4,8,8,6.006,3,0,0.10 | 0.11 | 0.11,0,2.04 | 2.67 | 3.26,0,1.23 | 1.50 | 1.96,0.926,0.000,0,1,0,0,0,0,-1,0,3,0,,0,,0,,0,0,926.5,0,1
17254811184,772,4,4,8,8,6.006,3,0,0.10 | 0.11 | 0.11,0,2.04 | 2.67 | 3.26,0,1.23 | 1.50 | 1.96,0.926,0.000,0,1,0,0,0,0,-1,0,3,0,,0,,0,,0,0,926.5,0,1
17254811185,772,4,4,8,8,6.006,3,0,0.10 | 0.11 | 0.11,0,2.04 | 2.67 | 3.26,0,1.23 | 1.50 | 1.96,0.926,0.000,0,1,0,0,0,0,-1,0,3,0,,0,,0,,0,0,926.5,0,1
17254811186,772,4,4,8,8,6.006,3,0,0.10 | 0.11 | 0.11,0,2.04 | 2.67 | 3.26,0,1.23 | 1.50 | 1.96,0.926,0.000,0,1,0,0,0,0,-1,0,3,0,,0,,0,,0,0,926.5,0,1
17254811187,772,4,4,8,8,6.006,3,0,0.10 | 0.11 | 0.11,0,2.04 | 2.67 | 3.26,0,1.23 | 1.50 | 1.96,0.926,0.000,0,1,0,0,0,0,-1,0,3,0,,0,,0,,0,0,926.5,0,1
17254811188,772,4,4,8,8,6.006,3,0,0.10 | 0.11 | 0.11,0,2.04 | 2.67 | 3.26,0,1.23 | 1.50 | 1.96,0.926,0.000,0,1,0,0,0,0,-1,0,3,0,,0,,0,,0,0,926.5,0,1
17254811189,772,4,4,8,8,6.006,3,0,0.10 | 0.11 | 0.11,0,2.04 | 2.67 | 3.26,0,1.23 | 1.50 | 1.96,0.926,0.000,0,1,0,0,0,0,-1,0,3,0,,0,,0,,0,0,926.5,0,1
17254811190,772,4,4,8,8,6.006,3,0,0.10 | 0.11 | 0.11,0,2.04 | 2.67 | 3.26,0,1.23 | 1.50 | 1.96,0.926,0.000,0,1,0,0,0,0,-1,0,3,0,,0,,0,,0,0,926.5,0,1
17254811191,772,4,4,8,8,6.006,3,0,0.10 | 0.11 | 0.11,0,2.04 | 2.67 | 3.26,0,1.23 | 1.50 | 1.96,0.926,0.000,0,1,0,0,0,0,-1,0,3,0,,0,,0,,0,0,926.5,0,1
17254811192,772,4,4,8,8,6.006,3,0,0.10 | 0.11 | 0.11,0,2.04 | 2.67 | 3.26,0,1.23 | 1.50 | 1.96,0.926,0.000,0,1,0,0,0,0,-1,0,3,0,,0,,0,,0,0,926.5,0,1
17254811193,772,4,4,8,8,4.944,3,0,0.10 | 0.11 | 0.11,0,2.04 | 2.67 | 3.26,0,1.23 | 1.50 | 1.96,0.926,0.000,0,1,0,0,0,0,-1,0,3,0,,0,,0,,0,0,926.5,0,1
17254811194,772,4,4,8,8,4.944,3,0,0.10 | 0.11 | 0.11,0,2.04 | 2.67 | 3.26,0,1.23 | 1.50 | 1.96,0.926,0.000,0,1,0,0,0,0,-1,0,3,0,,0,,0,,0,0,926.5,0,1
17254811195,772,3,4,8,8,4.944,3,0,0.10 | 0.11 | 0.11,0,2.04 | 2.67 | 3.26,0,1.23 | 1.50 | 1.96,0.926,0.000,0,1,0,0,0,0,-1,0,3,0,,0,,0,,0,0,926.5,0,1
17254811196,772,3,4,8,8,4.944,3,0,0.10 | 0.11 | 0.11,0,2.04 | 2.67 | 3.26,0,1.23 | 1.50 | 1.96,0.926,0.000,0,1,0,0,0,0,-1,0,3,0,,0,,0,,0,0,926.5,0,1
17254811197,772,3,4,8,8,4.944,3,0,0.10 | 0.11 | 0.11,0,2.04 | 2.67 | 3.26,0,1.23 | 1.50 | 1.96,0.926,0.000,0,1,0,0,0,0,-1,0,3,0,,0,,0,,0,0,926.5,0,1
17254811198,772,3,4,8,8,4.944,3,0,0.10 | 0.11 | 0.11,0,2.04 | 2.67 | 3.26,0,1.23 | 1.50 | 1.96,0.926,0.000,0,1,0,0,0,0,-1,0,3,0,,0,,0,,0,0,926.5,0,1
17254811199,387,3,2,8,8,4.944,3,0,0.10 | 0.11 | 0.11,0,2.04 | 2.67 | 3.26,0,1.23 | 1.50 | 1.96,0.926,0.000,0,1,0,0,0,0,-1,0,3,0,,0,,0,,0,0,920.75,0,1
17254811200,387,4,2,8,8,4.944,3,0,0.10 | 0.11 | 0.11,0,2.04 | 2.67 | 3.26,0,1.23 | 1.50 | 1.96,0.926,0.000,0,1,0,0,0,0,-1,0,3,0,,0,,0,,0,0,920.75,0,1
17254811201,387,4,2,8,8,4.944,3,0,0.10 | 0.11 | 0.11,0,2.04 | 2.67 | 3.26,0,1.23 | 1.50 | 1.96,0.926,0.000,0,1,0,0,0,0,-1,0,3,0,,0,,0,,0,0,920.75,0,1
17254811202,387,4,2,8,8,4.944,3,0,0.10 | 0.11 | 0.11,0,2.04 | 2.67 | 3.26,0,1.23 | 1.50 | 1.96,0.926,0.000,0,1,0,0,0,0,-1,0,3,0,,0,,0,,0,0,920.75,0,1
17254811203,387,4,2,8,8,3.835,3,0,0.10 | 0.11 | 0.11,0,2.04 | 3.08 | 4.48,0,0.89 | 1.30 | 1.96,0.921,0.000,0,1,0,0,0,0,-1,0,3,0,,0,,0,,0,0,920.75,0,1
17254811204,387,4,2,8,8,3.835,3,0,0.10 | 0.11 | 0.11,0,2.04 | 3.08 | 4.48,0,0.89 | 1.30 | 1.96,0.921,0.000,0,1,0,0,0,0,-1,0,3,0,,0,,0,,0,0,920.75,0,1
17254811205,387,4,2,8,8,3.835,3,0,0.10 | 0.11 | 0.11,0,2.04 | 3.08 | 4.48,0,0.89 | 1.30 | 1.96,0.921,0.000,0,1,0,0,0,0,-1,0,3,0,,0,,0,,0,0,920.75,0,1
17254811206,387,4,2,8,8,3.835,3,0,0.10 | 0.11 | 0.11,0,2.04 | 3.08 | 4.48,0,0.89 | 1.30 | 1.96,0.921,0.000,0,1,0,0,0,0,-1,0,3,0,,0,,0,,0,0,920.75,0,1
17254811207,387,4,2,8,8,3.835,3,0,0.10 | 0.11 | 0.11,0,2.04 | 3.08 | 4.48,0,0.89 | 1.30 | 1.96,0.921,0.000,0,1,0,0,0,0,-1,0,3,0,,0,,0,,0,0,920.75,0,1
17254811208,387,4,2,8,8,3.835,3,0,0.10 | 0.11 | 0.11,0,2.04 | 3.08 | 4.48,0,0.89 | 1.30 | 1.96,0.921,0.000,0,1,0,0,0,0,-1,0,3,0,,0,,0,,0,0,920.75,0,1
17254811209,387,4,2,8,8,3.835,3,0,0.10 | 0.11 | 0.11,0,2.04 | 3.08 | 4.48,0,0.89 | 1.30 | 1.96,0.921,0.000,0,1,0,0,0,0,-1,0,3,0,,0,,0,,0,0,920.75,0,1
17254811210,387,4,2,8,8,3.835,3,0,0.10 | 0.11 | 0.11,0,2.04 | 3.08 | 4.48,0,0.89 | 1.30 | 1.96,0.921,0.000,0,1,0,0,0,0,-1,0,3,0,,0,,0,,0,0,920.75,0,1
17254811211,387,4,2,8,8,3.835,3,0,0.10 | 0.11 | 0.11,0,2.04 | 3.08 | 4.48,0,0.89 | 1.30 | 1.96,0.921,0.000,0,1,0,0,0,0,-1,0,3,0,,0,,0,,0,0,920.75,0,1
17254811212,387,4,2,8,8,3.835,3,0,0.10 | 0.11 | 0.11,0,2.04 | 3.08 | 4.48,0,0.89 | 1.30 | 1.96,0.921,0.000,0,1,0,0,0,0,-1,0,3,0,,0,,0,,0,0,920.75,0,1
17254811213,387,4,2,8,8,2.812,3,0,0.10 | 0.11 | 0.11,0,2.04 | 3.08 | 4.48,0,0.89 | 1.30 | 1.96,0.921,0.000,0,1,0,0,0,0,-1,0,3,0,,0,,0,,0,0,920.75,0,1
17254811214,387,4,2,8,8,2.812,3,0,0.10 | 0.11 | 0.11,0,2.04 | 3.08 | 4.48,0,0.89 | 1.30 | 1.96,0.921,0.000,0,1,0,0,0,0,-1,0,3,0,,0,,0,,0,0,920.75,0,1
17254811215,387,4,2,8,8,2.812,3,0,0.10 | 0.11 | 0.11,0,2.04 | 3.08 | 4.48,0,0.89 | 1.30 | 1.96,0.921,0.000,0,1,0,0,0,0,-1,0,3,0,,0,,0,,0,0,920.75,0,1
17254811216,387,4,2,8,8,2.812,3,0,0.10 | 0.11 | 0.11,0,2.04 | 3.08 | 4.48,0,0.89 | 1.30 | 1.96,0.921,0.000,0,1,0,0,0,0,-1,0,3,0,,0,,0,,0,0,920.75,0,1
17254811217,580,4,3,8,8,2.812,3,0,0.10 | 0.11 | 0.11,0,2.04 | 3.08 | 4.48,0,0.89 | 1.30 | 1.96,0.921,0.000,0,1,0,0,0,0,-1,0,3,0,,0,,0,,0,0,886.25,0,1
17254811218,580,4,3,8,8,2.812,3,0,0.10 | 0.11 | 0.11,0,2.04 | 3.08 | 4.48,0,0.89 | 1.30 | 1.96,0.921,0.000,0,1,0,0,0,0,-1,0,3,0,,0,,0,,0,0,886.25,0,1
17254811219,580,4,3,8,8,2.812,3,0,0.10 | 0.11 | 0.11,0,2.04 | 3.08 | 4.48,0,0.89 | 1.30 | 1.96,0.921,0.000,0,1,0,0,0,0,-1,0,3,0,,0,,0,,0,0,886.25,0,1
17254811220,580,4,3,8,8,2.812,3,0,0.10 | 0.11 | 0.11,0,2.04 | 3.08 | 4.48,0,0.89 | 1.30 | 1.96,0.921,0.000,0,1,0,0,0,0,-1,0,3,0,,0,,0,,0,0,886.25,0,1
17254811221,580,4,3,8,8,2.812,3,0,0.10 | 0.11 | 0.11,0,2.04 | 3.08 | 4.48,0,0.89 | 1.30 | 1.96,0.921,0.000,0,1,0,0,0,0,-1,0,3,0,,0,,0,,0,0,886.25,0,1
17254811222,580,4,3,8,8,2.812,3,0,0.10 | 0.11 | 0.11,0,2.04 | 3.08 | 4.48,0,0.89 | 1.30 | 1.96,0.921,0.000,0,1,0,0,0,0,-1,0,3,0,,0,,0,,0,0,886.25,0,1
17254811223,580,4,3,8,8,5.222,3,0,0.10 | 0.11 | 0.11,0,1.58 | 2.97 | 4.48,0,0.89 | 1.35 | 2.53,0.886,0.000,0,1,0,0,0,0,-1,0,3,0,,0,,0,,0,0,886.25,0,1
17254811224,580,4,3,8,8,5.222,3,0,0.10 | 0.11 | 0.11,0,1.58 | 2.97 | 4.48,0,0.89 | 1.35 | 2.53,0.886,0.000,0,1,0,0,0,0,-1,0,3,0,,0,,0,,0,0,886.25,0,1
17254811225,580,4,3,8,8,5.222,3,0,0.10 | 0.11 | 0.11,0,1.58 | 2.97 | 4.48,0,0.89 | 1.35 | 2.53,0.886,0.000,0,1,0,0,0,0,-1,0,3,0,,0,,0,,0,0,886.25,0,1
17254811226,580,4,3,8,8,5.222,3,0,0.10 | 0.11 | 0.11,0,1.58 | 2.97 | 4.48,0,0.89 | 1.35 | 2.53,0.886,0.000,0,1,0,0,0,0,-1,0,3,0,,0,,0,,0,0,886.25,0,1
17254811227,580,4,3,8,8,5.222,3,0,0.10 | 0.11 | 0.11,0,1.58 | 2.97 | 4.48,0,0.89 | 1.35 | 2.53,0.886,0.000,0,1,0,0,0,0,-1,0,3,0,,0,,0,,0,0,886.25,0,1
17254811228,580,4,3,8,8,5.222,3,0,0.10 | 0.11 | 0.11,0,1.58 | 2.97 | 4.48,0,0.89 | 1.35 | 2.53,0.886,0.000,0,1,0,0,0,0,-1,0,3,0,,0,,0,,0,0,886.25,0,1
17254811229,580,4,3,8,8,5.222,3,0,0.10 | 0.11 | 0.11,0,1.58 | 2.97 | 4.48,0,0.89 | 1.35 | 2.53,0.886,0.000,0,1,0,0,0,0,-1,0,3,0,,0,,0,,0,0,886.25,0,1
17254811230,580,4,3,8,8,5.222,3,0,0.10 | 0.11 | 0.11,0,1.58 | 2.97 | 4.48,0,0.89 | 1.35 | 2.53,0.886,0.000,0,1,0,0,0,0,-1,0,3,0,,0,,0,,0,0,886.25,0,1
17254811231,580,4,3,8,8,5.222,3,0,0.10 | 0.11 | 0.11,0,1.58 | 2.97 | 4.48,0,0.89 | 1.35 | 2.53,0.886,0.000,0,1,0,0,0,0,-1,0,3,0,,0,,0,,0,0,886.25,0,1
17254811232,580,4,3,8,8,5.222,3,0,0.10 | 0.11 | 0.11,0,1.58 | 2.97 | 4.48,0,0.89 | 1.35 | 2.53,0.886,0.000,0,1,0,0,0,0,-1,0,3,0,,0,,0,,0,0,886.25,0,1
17254811233,580,4,3,8,8,4.16,3,0,0.10 | 0.11 | 0.11,0,1.58 | 2.97 | 4.48,0,0.89 | 1.35 | 2.53,0.886,0.000,0,1,0,0,0,0,-1,0,3,0,,0,,0,,0,0,886.25,0,1
17254811234,580,2,3,8,8,4.16,3,0,0.10 | 0.11 | 0.11,0,1.58 | 2.97 | 4.48,0,0.89 | 1.35 | 2.53,0.886,0.000,0,1,0,0,0,0,-1,0,3,0,,0,,0,,0,0,886.25,0,1
17254811235,580,2,3,8,8,4.16,3,0,0.10 | 0.11 | 0.11,0,1.58 | 2.97 | 4.48,0,0.89 | 1.35 | 2.53,0.886,0.000,0,1,0,0,0,0,-1,0,3,0,,0,,0,,0,0,886.25,0,1
17254811236,580,2,3,8,8,4.16,3,0,0.10 | 0.11 | 0.11,0,1.58 | 2.97 | 4.48,0,0.89 | 1.35 | 2.53,0.886,0.000,0,1,0,0,0,0,-1,0,3,0,,0,,0,,0,0,886.25,0,1
17254811237,580,2,3,8,8,4.16,3,0,0.10 | 0.11 | 0.11,0,1.58 | 2.97 | 4.48,0,0.89 | 1.35 | 2.53,0.886,0.000,0,1,0,0,0,0,-1,0,3,0,,0,,0,,0,0,886.25,0,1
17254811238,580,2,3,8,8,4.16,3,0,0.10 | 0.11 | 0.11,0,1.58 | 2.97 | 4.48,0,0.89 | 1.35 | 2.53,0.886,0.000,0,1,0,0,0,0,-1,0,3,0,,0,,0,,0,0,886.25,0,1
17254811239,580,2,3,8,8,4.16,3,0,0.10 | 0.11 | 0.11,0,1.58 | 2.97 | 4.48,0,0.89 | 1.35 | 2.53,0.886,0.000,0,1,0,0,0,0,-1,0,3,0,,0,,0,,0,0,886.25,0,1
17254811240,580,2,3,8,8,4.16,3,0,0.10 | 0.11 | 0.11,0,1.58 | 2.97 | 4.48,0,0.89 | 1.35 | 2.53,0.886,0.000,0,1,0,0,0,0,-1,0,3,0,,0,,0,,0,0,886.25,0,1
17254811241,580,2,3,8,8,4.16,3,0,0.10 | 0.11 | 0.11,0,1.58 | 2.97 | 4.48,0,0.89 | 1.35 | 2.53,0.886,0.000,0,1,0,0,0,0,-1,0,3,0,,0,,0,,0,0,886.25,0,1
17254811242,580,2,3,8,8,4.16,3,0,0.10 | 0.11 | 0.11,0,1.58 | 2.97 | 4.48,0,0.89 | 1.35 | 2.53,0.886,0.000,0,1,0,0,0,0,-1,0,3,0,,0,,0,,0,0,886.25,0,1
17254811243,580,2,3,8,8,3.097,3,0,0.10 | 0.11 | 0.11,0,1.58 | 2.97 | 4.48,0,0.89 | 1.35 | 2.53,0.886,0.000,0,1,0,0,0,0,-1,0,3,0,,0,,0,,0,0,886.25,0,1
17254811244,580,2,3,8,8,3.097,3,0,0.10 | 0.11 | 0.11,0,1.58 | 2.97 | 4.48,0,0.89 | 1.35 | 2.53,0.886,0.000,0,1,0,0,0,0,-1,0,3,0,,0,,0,,0,0,886.25,0,1
17254811245,580,2,3,8,8,3.097,3,0,0.10 | 0.11 | 0.11,0,1.58 | 2.97 | 4.48,0,0.89 | 1.35 | 2.53,0.886,0.000,0,1,0,0,0,0,-1,0,3,0,,0,,0,,0,0,886.25,0,1
17254811246,580,2,3,8,8,3.097,3,0,0.10 | 0.11 | 0.11,0,1.58 | 2.97 | 4.48,0,0.89 | 1.35 | 2.53,0.886,0.000,0,1,0,0,0,0,-1,0,3,0,,0,,0,,0,0,886.25,0,1
17254811247,580,2,3,8,8,3.097,3,0,0.10 | 0.11 | 0.11,0,1.58 | 2.97 | 4.48,0,0.89 | 1.35 | 2.53,0.886,0.000,0,1,0,0,0,0,-1,0,3,0,,0,,0,,0,0,886.25,0,1
17254811248,580,2,3,8,8,3.097,3,0,0.10 | 0.11 | 0.11,0,1.58 | 2.97 | 4.48,0,0.89 | 1.35 | 2.53,0.886,0.000,0,1,0,0,0,0,-1,0,3,0,,0,,0,,0,0,886.25,0,1
17254811249,580,2,3,8,8,3.097,3,0,0.10 | 0.11 | 0.11,0,1.58 | 2.97 | 4.48,0,0.89 | 1.35 | 2.53,0.886,0.000,0,1,0,0,0,0,-1,0,3,0,,0,,0,,0,0,886.25,0,1
17254811250,580,2,3,8,8,3.097,3,0,0.10 | 0.11 | 0.11,0,1.58 | 2.97 | 4.48,0,0.89 | 1.35 | 2.53,0.886,0.000,0,1,0,0,0,0,-1,0,3,0,,0,,0,,0,0,886.25,0,1
17254811251,580,2,3,8,8,3.097,3,0,0.10 | 0.11 | 0.11,0,1.58 | 2.97 | 4.48,0,0.89 | 1.35 | 2.53,0.886,0.000,0,1,0,0,0,0,-1,0,3,0,,0,,0,,0,0,886.25,0,1
17254811252,580,2,3,8,8,3.097,3,0,0.10 | 0.11 | 0.11,0,1.58 | 2.97 | 4.48,0,0.89 | 1.35 | 2.53,0.886,0.000,0,1,0,0,0,0,-1,0,3,0,,0,,0,,0,0,886.25,0,1
17254811253,580,2,3,8,8,2.035,3,0,0.10 | 0.11 | 0.11,0,1.58 | 2.97 | 4.48,0,0.89 | 1.35 | 2.53,0.886,0.000,0,1,0,0,0,0,-1,0,3,0,,0,,0,,0,0,886.25,0,1
17254811254,580,2,3,8,8,2.035,3,0,0.10 | 0.11 | 0.11,0,1.58 | 2.97 | 4.48,0,0.89 | 1.35 | 2.53,0.886,0.000,0,1,0,0,0,0,-1,0,3,0,,0,,0,,0,0,886.25,0,1
17254811255,580,2,3,8,8,2.035,3,0,0.10 | 0.11 | 0.11,0,1.58 | 2.97 | 4.48,0,0.89 | 1.35 | 2.53,0.886,0.000,0,1,0,0,0,0,-1,0,3,0,,0,,0,,0,0,886.5,0,1
17254811256,580,2,3,8,8,2.035,3,0,0.10 | 0.11 | 0.11,0,1.58 | 2.97 | 4.48,0,0.89 | 1.35 | 2.53,0.886,0.000,0,1,0,0,0,0,-1,0,3,0,,0,,0,,0,0,886.5,0,1
17254811257,580,2,3,8,8,2.035,3,0,0.10 | 0.11 | 0.11,0,1.58 | 2.97 | 4.48,0,0.89 | 1.35 | 2.53,0.886,0.000,0,1,0,0,0,0,-1,0,3,0,,0,,0,,0,0,886.5,0,1
17254811258,580,2,3,8,8,2.035,3,0,0.10 | 0.11 | 0.11,0,1.58 | 2.97 | 4.48,0,0.89 | 1.35 | 2.53,0.886,0.000,0,1,0,0,0,0,-1,0,3,0,,0,,0,,0,0,886.5,0,1
17254811259,580,2,3,8,8,2.035,3,0,0.10 | 0.11 | 0.11,0,1.58 | 2.97 | 4.48,0,0.89 | 1.35 | 2.53,0.886,0.000,0,1,0,0,0,0,-1,0,3,0,,0,,0,,0,0,886.5,0,1
17254811260,580,2,3,8,8,2.035,3,0,0.10 | 0.11 | 0.11,0,1.58 | 2.97 | 4.48,0,0.89 | 1.35 | 2.53,0.886,0.000,0,1,0,0,0,0,-1,0,3,0,,0,,0,,0,0,886.5,0,1
17254811261,580,2,3,8,8,2.035,3,0,0.10 | 0.11 | 0.11,0,1.58 | 2.97 | 4.48,0,0.89 | 1.35 | 2.53,0.886,0.000,0,1,0,0,0,0,-1,0,3,0,,0,,0,,0,0,886.5,0,1
17254811262,580,2,3,8,8,2.035,3,0,0.10 | 0.11 | 0.11,0,1.58 | 2.97 | 4.48,0,0.89 | 1.35 | 2.53,0.886,0.000,0,1,0,0,0,0,-1,0,3,0,,0,,0,,0,0,886.5,0,1
17254811263,580,2,3,8,8,6.038,3,0,0.10 | 0.11 | 0.11,0,1.58 | 3.04 | 4.48,0,0.89 | 1.32 | 2.53,0.886,0.000,0,1,0,0,0,0,-1,0,3,0,,0,,0,,0,0,886.5,0,1
17254811264,580,2,3,8,8,6.038,3,0,0.10 | 0.11 | 0.11,0,1.58 | 3.04 | 4.48,0,0.89 | 1.32 | 2.53,0.886,0.000,0,1,0,0,0,0,-1,0,3,0,,0,,0,,0,0,886.5,0,1
17254811265,580,2,3,8,8,6.038,3,0,0.10 | 0.11 | 0.11,0,1.58 | 3.04 | 4.48,0,0.89 | 1.32 | 2.53,0.886,0.000,0,1,0,0,0,0,-1,0,3,0,,0,,0,,0,0,886.5,0,1
17254811266,580,2,3,8,8,6.038,3,0,0.10 | 0.11 | 0.11,0,1.58 | 3.04 | 4.48,0,0.89 | 1.32 | 2.53,0.886,0.000,0,1,0,0,0,0,-1,0,3,0,,0,,0,,0,0,886.5,0,1
17254811267,580,2,3,8,8,6.038,3,0,0.10 | 0.11 | 0.11,0,1.58 | 3.04 | 4.48,0,0.89 | 1.32 | 2.53,0.886,0.000,0,1,0,0,0,0,-1,0,3,0,,0,,0,,0,0,886.5,0,1
17254811268,580,2,3,8,8,6.038,3,0,0.10 | 0.11 | 0.11,0,1.58 | 3.04 | 4.48,0,0.89 | 1.32 | 2.53,0.886,0.000,0,1,0,0,0,0,-1,0,3,0,,0,,0,,0,0,886.5,0,1
17254811269,580,2,3,8,8,6.038,3,0,0.10 | 0.11 | 0.11,0,1.58 | 3.04 | 4.48,0,0.89 | 1.32 | 2.53,0.886,0.000,0,1,0,0,0,0,-1,0,3,0,,0,,0,,0,0,886.5,0,1
17254811270,580,2,3,8,8,6.038,3,0,0.10 | 0.11 | 0.11,0,1.58 | 3.04 | 4.48,0,0.89 | 1.32 | 2.53,0.886,0.000,0,1,0,0,0,0,-1,0,3,0,,0,,0,,0,0,886.5,0,1
17254811271,580,2,3,8,8,6.038,3,0,0.10 | 0.11 | 0.11,0,1.58 | 3.04 | 4.48,0,0.89 | 1.32 | 2.53,0.886,0.000,0,1,0,0,0,0,-1,0,3,0,,0,,0,,0,0,886.5,0,1
17254811272,580,2,3,8,8,6.038,3,0,0.10 | 0.11 | 0.11,0,1.58 | 3.04 | 4.48,0,0.89 | 1.32 | 2.53,0.886,0.000,0,1,0,0,0,0,-1,0,3,0,,0,,0,,0,0,886.5,0,1
17254811273,580,2,3,8,8,4.975,3,0,0.10 | 0.11 | 0.11,0,1.58 | 3.04 | 4.48,0,0.89 | 1.32 | 2.53,0.886,0.000,0,1,0,0,0,0,-1,0,3,0,,0,,0,,0,0,886.5,0,1
17254811274,580,3,3,8,8,4.975,3,0,0.10 | 0.11 | 0.11,0,1.58 | 3.04 | 4.48,0,0.89 | 1.32 | 2.53,0.886,0.000,0,1,0,0,0,0,-1,0,3,0,,0,,0,,0,0,886.5,0,1
17254811275,580,3,3,8,8,4.975,3,0,0.10 | 0.11 | 0.11,0,1.58 | 3.04 | 4.48,0,0.89 | 1.32 | 2.53,0.886,0.000,0,1,0,0,0,0,-1,0,3,0,,0,,0,,0,0,886.5,0,1
17254811276,580,3,3,8,8,4.975,3,0,0.10 | 0.11 | 0.11,0,1.58 | 3.04 | 4.48,0,0.89 | 1.32 | 2.53,0.886,0.000,0,1,0,0,0,0,-1,0,3,0,,0,,0,,0,0,886.5,0,1
17254811277,580,3,3,8,8,4.975,3,0,0.10 | 0.11 | 0.11,0,1.58 | 3.04 | 4.48,0,0.89 | 1.32 | 2.53,0.886,0.000,0,1,0,0,0,0,-1,0,3,0,,0,,0,,0,0,886.5,0,1
17254811278,580,3,3,8,8,4.975,3,0,0.10 | 0.11 | 0.11,0,1.58 | 3.04 | 4.48,0,0.89 | 1.32 | 2.53,0.886,0.000,0,1,0,0,0,0,-1,0,3,0,,0,,0,,0,0,886.5,0,1
17254811279,580,3,3,8,8,4.975,3,0,0.10 | 0.11 | 0.11,0,1.58 | 3.04 | 4.48,0,0.89 | 1.32 | 2.53,0.886,0.000,0,1,0,0,0,0,-1,0,3,0,,0,,0,,0,0,886.5,0,1
17254811280,580,3,3,8,8,4.975,3,0,0.10 | 0.11 | 0.11,0,1.58 | 3.04 | 4.48,0,0.89 | 1.32 | 2.53,0.886,0.000,0,1,0,0,0,0,-1,0,3,0,,0,,0,,0,0,886.5,0,1
17254811281,580,3,3,8,8,4.975,3,0,0.10 | 0.11 | 0.11,0,1.58 | 3.04 | 4.48,0,0.89 | 1.32 | 2.53,0.886,0.000,0,1,0,0,0,0,-1,0,3,0,,0,,0,,0,0,886.5,0,1
17254811282,580,3,3,8,8,4.975,3,0,0.10 | 0.11 | 0.11,0,1.58 | 3.04 | 4.48,0,0.89 | 1.32 | 2.53,0.886,0.000,0,1,0,0,0,0,-1,0,3,0,,0,,0,,0,0,848.5,0,1
17254811283,580,3,3,8,8,7.113,3,0,0.10 | 0.11 | 0.11,0,1.58 | 3.05 | 4.48,0,0.89 | 1.31 | 2.53,0.849,0.000,0,1,0,0,0,0,-1,0,3,0,,0,,0,,0,0,848.5,0,1
17254811284,580,3,3,8,8,7.113,3,0,0.10 | 0.11 | 0.11,0,1.58 | 3.05 | 4.48,0,0.89 | 1.31 | 2.53,0.849,0.000,0,1,0,0,0,0,-1,0,3,0,,0,,0,,0,0,848.5,0,1
17254811285,580,3,3,8,8,7.113,3,0,0.10 | 0.11 | 0.11,0,1.58 | 3.05 | 4.48,0,0.89 | 1.31 | 2.53,0.849,0.000,0,1,0,0,0,0,-1,0,3,0,,0,,0,,0,0,848.5,0,1
17254811286,580,3,3,8,8,7.113,3,0,0.10 | 0.11 | 0.11,0,1.58 | 3.05 | 4.48,0,0.89 | 1.31 | 2.53,0.849,0.000,0,1,0,0,0,0,-1,0,3,0,,0,,0,,0,0,848.5,0,1
17254811287,580,3,3,8,8,7.113,3,0,0.10 | 0.11 | 0.11,0,1.58 | 3.05 | 4.48,0,0.89 | 1.31 | 2.53,0.849,0.000,0,1,0,0,0,0,-1,0,3,0,,0,,0,,0,0,848.5,0,1
17254811288,580,3,3,8,8,7.113,3,0,0.10 | 0.11 | 0.11,0,1.58 | 3.05 | 4.48,0,0.89 | 1.31 | 2.53,0.849,0.000,0,1,0,0,0,0,-1,0,3,0,,0,,0,,0,0,848.5,0,1
17254811289,580,3,3,8,8,7.113,3,0,0.10 | 0.11 | 0.11,0,1.58 | 3.05 | 4.48,0,0.89 | 1.31 | 2.53,0.849,0.000,0,1,0,0,0,0,-1,0,3,0,,0,,0,,0,0,848.5,0,1
17254811290,580,3,3,8,8,7.113,3,0,0.10 | 0.11 | 0.11,0,1.58 | 3.05 | 4.48,0,0.89 | 1.31 | 2.53,0.849,0.000,0,1,0,0,0,0,-1,0,3,0,,0,,0,,0,0,848.5,0,1
17254811291,580,3,3,8,8,7.113,3,0,0.10 | 0.11 | 0.11,0,1.58 | 3.05 | 4.48,0,0.89 | 1.31 | 2.53,0.849,0.000,0,1,0,0,0,0,-1,0,3,0,,0,,0,,0,0,848.5,0,1
17254811292,580,3,3,8,8,7.113,3,0,0.10 | 0.11 | 0.11,0,1.58 | 3.05 | 4.48,0,0.89 | 1.31 | 2.53,0.849,0.000,0,1,0,0,0,0,-1,0,3,0,,0,,0,,0,0,848.5,0,1
17254811293,580,3,3,8,8,6.05,3,0,0.10 | 0.11 | 0.11,0,1.58 | 3.05 | 4.48,0,0.89 | 1.31 | 2.53,0.849,0.000,0,1,0,0,0,0,-1,0,3,0,,0,,0,,0,0,848.5,0,1
17254811294,580,3,3,8,8,6.05,3,0,0.10 | 0.11 | 0.11,0,1.58 | 3.05 | 4.48,0,0.89 | 1.31 | 2.53,0.849,0.000,0,1,0,0,0,0,-1,0,3,0,,0,,0,,0,0,848.5,0,1
17254811295,580,3,3,8,8,6.05,3,0,0.10 | 0.11 | 0.11,0,1.58 | 3.05 | 4.48,0,0.89 | 1.31 | 2.53,0.849,0.000,0,1,0,0,0,0,-1,0,3,0,,0,,0,,0,0,848.5,0,1
17254811296,580,3,3,8,8,6.05,3,0,0.10 | 0.11 | 0.11,0,1.58 | 3.05 | 4.48,0,0.89 | 1.31 | 2.53,0.849,0.000,0,1,0,0,0,0,-1,0,3,0,,0,,0,,0,0,848.5,0,1
17254811297,580,3,3,8,8,6.05,3,0,0.10 | 0.11 | 0.11,0,1.58 | 3.05 | 4.48,0,0.89 | 1.31 | 2.53,0.849,0.000,0,1,0,0,0,0,-1,0,3,0,,0,,0,,0,0,848.5,0,1
17254811298,580,3,3,8,8,6.05,3,0,0.10 | 0.11 | 0.11,0,1.58 | 3.05 | 4.48,0,0.89 | 1.31 | 2.53,0.849,0.000,0,1,0,0,0,0,-1,0,3,0,,0,,0,,0,0,848.5,0,1
17254811299,580,3,3,8,8,6.05,3,0,0.10 | 0.11 | 0.11,0,1.58 | 3.05 | 4.48,0,0.89 | 1.31 | 2.53,0.849,0.000,0,1,0,0,0,0,-1,0,3,0,,0,,0,,0,0,848.5,0,1
17254811300,580,3,3,8,8,6.05,3,0,0.10 | 0.11 | 0.11,0,1.58 | 3.05 | 4.48,0,0.89 | 1.31 | 2.53,0.849,0.000,0,1,0,0,0,0,-1,0,3,0,,0,,0,,0,0,848.5,0,1
17254811301,580,3,3,8,8,6.05,3,0,0.10 | 0.11 | 0.11,0,1.58 | 3.05 | 4.48,0,0.89 | 1.31 | 2.53,0.849,0.000,0,1,0,0,0,0,-1,0,3,0,,0,,0,,0,0,848.5,0,1
17254811302,580,3,3,8,8,6.05,3,0,0.10 | 0.11 | 0.11,0,1.58 | 3.05 | 4.48,0,0.89 | 1.31 | 2.53,0.849,0.000,0,1,0,0,0,0,-1,0,3,0,,0,,0,,0,0,848.5,0,1
17254811303,580,3,3,8,8,5.253,3,0,0.10 | 0.11 | 0.11,0,1.58 | 3.05 | 4.48,0,0.89 | 1.31 | 2.53,0.849,0.000,0,1,0,0,0,0,-1,0,3,0,,0,,0,,0,0,848.5,0,1
17254811304,580,3,3,8,8,5.253,3,0,0.10 | 0.11 | 0.11,0,1.58 | 3.05 | 4.48,0,0.89 | 1.31 | 2.53,0.849,0.000,0,1,0,0,0,0,-1,0,3,0,,0,,0,,0,0,848.5,0,1
17254811305,580,3,3,8,8,5.253,3,0,0.10 | 0.11 | 0.11,0,1.58 | 3.05 | 4.48,0,0.89 | 1.31 | 2.53,0.849,0.000,0,1,0,0,0,0,-1,0,3,0,,0,,0,,0,0,848.5,0,1
17254811306,580,3,3,8,8,5.253,3,0,0.10 | 0.11 | 0.11,0,1.58 | 3.05 | 4.48,0,0.89 | 1.31 | 2.53,0.849,0.000,0,1,0,0,0,0,-1,0,3,0,,0,,0,,0,0,848.5,0,1
17254811307,580,3,3,8,8,5.253,3,0,0.10 | 0.11 | 0.11,0,1.58 | 3.05 | 4.48,0,0.89 | 1.31 | 2.53,0.849,0.000,0,1,0,0,0,0,-1,0,3,0,,0,,0,,0,0,848.5,0,1
17254811308,580,3,3,8,8,5.253,3,0,0.10 | 0.11 | 0.11,0,1.58 | 3.05 | 4.48,0,0.89 | 1.31 | 2.53,0.849,0.000,0,1,0,0,0,0,-1,0,3,0,,0,,0,,0,0,848.5,0,1
17254811309,580,3,3,8,8,5.253,3,0,0.10 | 0.11 | 0.11,0,1.58 | 3.05 | 4.48,0,0.89 | 1.31 | 2.53,0.849,0.000,0,1,0,0,0,0,-1,0,3,0,,0,,0,,0,0,848.5,0,1
17254811310,580,3,3,8,8,5.253,3,0,0.10 | 0.11 | 0.11,0,1.58 | 3.05 | 4.48,0,0.89 | 1.31 | 2.53,0.849,0.000,0,1,0,0,0,0,-1,0,3,0,,0,,0,,0,0,848.5,0,1
17254811311,580,3,3,8,8,5.253,3,0,0.10 | 0.11 | 0.11,0,1.58 | 3.05 | 4.48,0,0.89 | 1.31 | 2.53,0.849,0.000,0,1,0,0,0,0,-1,0,3,0,,0,,0,,0,0,848.5,0,1
17254811312,580,3,3,8,8,5.253,3,0,0.10 | 0.11 | 0.11,0,1.58 | 3.05 | 4.48,0,0.89 | 1.31 | 2.53,0.849,0.000,0,1,0,0,0,0,-1,0,3,0,,0,,0,,0,0,848.5,0,1
17254811313,580,3,3,8,8,4.012,3,0,0.10 | 0.11 | 0.11,0,1.58 | 3.05 | 4.48,0,0.89 | 1.31 | 2.53,0.849,0.000,0,1,0,0,0,0,-1,0,3,0,,0,,0,,0,0,848.5,0,1
17254811314,580,3,3,8,8,4.012,3,0,0.10 | 0.11 | 0.11,0,1.58 | 3.05 | 4.48,0,0.89 | 1.31 | 2.53,0.849,0.000,0,1,0,0,0,0,-1,0,3,0,,0,,0,,0,0,848.5,0,1
17254811315,580,3,3,8,8,4.012,3,0,0.10 | 0.11 | 0.11,0,1.58 | 3.05 | 4.48,0,0.89 | 1.31 | 2.53,0.849,0.000,0,1,0,0,0,0,-1,0,3,0,,0,,0,,0,0,848.5,0,1
17254811316,580,3,3,8,8,4.012,3,0,0.10 | 0.11 | 0.11,0,1.58 | 3.05 | 4.48,0,0.89 | 1.31 | 2.53,0.849,0.000,0,1,0,0,0,0,-1,0,3,0,,0,,0,,0,0,848.5,0,1
17254811317,580,3,3,8,8,4.012,3,0,0.10 | 0.11 | 0.11,0,1.58 | 3.05 | 4.48,0,0.89 | 1.31 | 2.53,0.849,0.000,0,1,0,0,0,0,-1,0,3,0,,0,,0,,0,0,848.5,0,1
17254811318,580,3,3,8,8,4.012,3,0,0.10 | 0.11 | 0.11,0,1.58 | 3.05 | 4.48,0,0.89 | 1.31 | 2.53,0.849,0.000,0,1,0,0,0,0,-1,0,3,0,,0,,0,,0,0,846.5,0,1
17254811319,580,3,3,8,8,4.012,3,0,0.10 | 0.11 | 0.11,0,1.58 | 3.05 | 4.48,0,0.89 | 1.31 | 2.53,0.849,0.000,0,1,0,0,0,0,-1,0,3,0,,0,,0,,0,0,846.5,0,1
17254811320,580,3,3,8,8,4.012,3,0,0.10 | 0.11 | 0.11,0,1.58 | 3.05 | 4.48,0,0.89 | 1.31 | 2.53,0.849,0.000,0,1,0,0,0,0,-1,0,3,0,,0,,0,,0,0,846.5,0,1
17254811321,580,3,3,8,8,4.012,3,0,0.10 | 0.11 | 0.11,0,1.58 | 3.05 | 4.48,0,0.89 | 1.31 | 2.53,0.849,0.000,0,1,0,0,0,0,-1,0,3,0,,0,,0,,0,0,846.5,0,1
17254811322,580,3,3,8,8,4.012,3,0,0.10 | 0.11 | 0.11,0,1.58 | 3.05 | 4.48,0,0.89 | 1.31 | 2.53,0.849,0.000,0,1,0,0,0,0,-1,0,3,0,,0,,0,,0,0,846.5,0,1
17254811323,580,3,3,8,8,7.928,3,0,0.10 | 0.11 | 0.11,0,1.58 | 2.80 | 3.56,0,1.13 | 1.43 | 2.53,0.847,0.000,0,1,0,0,0,0,-1,0,3,0,,0,,0,,0,0,846.5,0,1
17254811324,580,3,3,8,8,7.928,3,0,0.10 | 0.11 | 0.11,0,1.58 | 2.80 | 3.56,0,1.13 | 1.43 | 2.53,0.847,0.000,0,1,0,0,0,0,-1,0,3,0,,0,,0,,0,0,846.5,0,1
17254811325,580,3,3,8,8,7.928,3,0,0.10 | 0.11 | 0.11,0,1.58 | 2.80 | 3.56,0,1.13 | 1.43 | 2.53,0.847,0.000,0,1,0,0,0,0,-1,0,3,0,,0,,0,,0,0,846.5,0,1
17254811326,580,3,3,8,8,7.928,3,0,0.10 | 0.11 | 0.11,0,1.58 | 2.80 | 3.56,0,1.13 | 1.43 | 2.53,0.847,0.000,0,1,0,0,0,0,-1,0,3,0,,0,,0,,0,0,846.5,0,1
17254811327,580,3,3,8,8,7.928,3,0,0.10 | 0.11 | 0.11,0,1.58 | 2.80 | 3.56,0,1.13 | 1.43 | 2.53,0.847,0.000,0,1,0,0,0,0,-1,0,3,0,,0,,0,,0,0,846.5,0,1
17254811328,580,3,3,8,8,7.928,3,0,0.10 | 0.11 | 0.11,0,1.58 | 2.80 | 3.56,0,1.13 | 1.43 | 2.53,0.847,0.000,0,1,0,0,0,0,-1,0,3,0,,0,,0,,0,0,846.5,0,1
17254811329,580,3,3,8,8,7.928,3,0,0.10 | 0.11 | 0.11,0,1.58 | 2.80 | 3.56,0,1.13 | 1.43 | 2.53,0.847,0.000,0,1,0,0,0,0,-1,0,3,0,,0,,0,,0,0,846.5,0,1
17254811330,580,3,3,8,8,7.928,3,0,0.10 | 0.11 | 0.11,0,1.58 | 2.80 | 3.56,0,1.13 | 1.43 | 2.53,0.847,0.000,0,1,0,0,0,0,-1,0,3,0,,0,,0,,0,0,846.5,0,1
17254811331,580,3,3,8,8,7.928,3,0,0.10 | 0.11 | 0.11,0,1.58 | 2.80 | 3.56,0,1.13 | 1.43 | 2.53,0.847,0.000,0,1,0,0,0,0,-1,0,3,0,,0,,0,,0,0,846.5,0,1
17254811332,580,3,3,8,8,7.928,3,0,0.10 | 0.11 | 0.11,0,1.58 | 2.80 | 3.56,0,1.13 | 1.43 | 2.53,0.847,0.000,0,1,0,0,0,0,-1,0,3,0,,0,,0,,0,0,846.5,0,1
17254811333,580,3,3,8,8,6.866,3,0,0.10 | 0.11 | 0.11,0,1.58 | 2.80 | 3.56,0,1.13 | 1.43 | 2.53,0.847,0.000,0,1,0,0,0,0,-1,0,3,0,,0,,0,,0,0,846.5,0,1
17254811334,580,3,3,8,8,6.866,3,0,0.10 | 0.11 | 0.11,0,1.58 | 2.80 | 3.56,0,1.13 | 1.43 | 2.53,0.847,0.000,0,1,0,0,0,0,-1,0,3,0,,0,,0,,0,0,846.5,0,1
17254811335,580,3,3,8,8,6.866,3,0,0.10 | 0.11 | 0.11,0,1.58 | 2.80 | 3.56,0,1.13 | 1.43 | 2.53,0.847,0.000,0,1,0,0,0,0,-1,0,3,0,,0,,0,,0,0,846.5,0,1
17254811336,580,3,3,8,8,6.866,3,0,0.10 | 0.11 | 0.11,0,1.58 | 2.80 | 3.56,0,1.13 | 1.43 | 2.53,0.847,0.000,0,1,0,0,0,0,-1,0,3,0,,0,,0,,0,0,846.5,0,1
17254811337,580,3,3,8,8,6.866,3,0,0.10 | 0.11 | 0.11,0,1.58 | 2.80 | 3.56,0,1.13 | 1.43 | 2.53,0.847,0.000,0,1,0,0,0,0,-1,0,3,0,,0,,0,,0,0,846.5,0,1
17254811338,580,3,3,8,8,6.866,3,0,0.10 | 0.11 | 0.11,0,1.58 | 2.80 | 3.56,0,1.13 | 1.43 | 2.53,0.847,0.000,0,1,0,0,0,0,-1,0,3,0,,0,,0,,0,0,846.5,0,1
17254811339,580,3,3,8,8,6.866,3,0,0.10 | 0.11 | 0.11,0,1.58 | 2.80 | 3.56,0,1.13 | 1.43 | 2.53,0.847,0.000,0,1,0,0,0,0,-1,0,3,0,,0,,0,,0,0,846.5,0,1
17254811340,580,3,3,8,8,6.866,3,0,0.10 | 0.11 | 0.11,0,1.58 | 2.80 | 3.56,0,1.13 | 1.43 | 2.53,0.847,0.000,0,1,0,0,0,0,-1,0,3,0,,0,,0,,0,0,846.5,0,1
17254811341,580,3,3,8,8,6.866,3,0,0.10 | 0.11 | 0.11,0,1.58 | 2.80 | 3.56,0,1.13 | 1.43 | 2.53,0.847,0.000,0,1,0,0,0,0,-1,0,3,0,,0,,0,,0,0,857.25,0,1
17254811342,580,3,3,8,8,6.866,3,0,0.10 | 0.11 | 0.11,0,1.58 | 2.80 | 3.56,0,1.13 | 1.43 | 2.53,0.847,0.000,0,1,0,0,0,0,-1,0,3,0,,0,,0,,0,0,857.25,0,1
17254811343,580,3,3,8,8,9.019,3,0,0.11 | 0.11 | 0.11,0,2.23 | 2.96 | 3.56,0,1.13 | 1.35 | 1.79,0.857,0.000,0,1,0,0,0,0,-1,0,3,0,,0,,0,,0,0,857.25,0,1
17254811344,580,3,3,8,8,9.019,3,0,0.11 | 0.11 | 0.11,0,2.23 | 2.96 | 3.56,0,1.13 | 1.35 | 1.79,0.857,0.000,0,1,0,0,0,0,-1,0,3,0,,0,,0,,0,0,857.25,0,1
17254811345,580,3,3,8,8,9.019,3,0,0.11 | 0.11 | 0.11,0,2.23 | 2.96 | 3.56,0,1.13 | 1.35 | 1.79,0.857,0.000,0,1,0,0,0,0,-1,0,3,0,,0,,0,,0,0,857.25,0,1
17254811346,580,3,3,8,8,9.019,3,0,0.11 | 0.11 | 0.11,0,2.23 | 2.96 | 3.56,0,1.13 | 1.35 | 1.79,0.857,0.000,0,1,0,0,0,0,-1,0,3,0,,0,,0,,0,0,857.25,0,1
17254811347,580,3,3,8,8,9.019,3,0,0.11 | 0.11 | 0.11,0,2.23 | 2.96 | 3.56,0,1.13 | 1.35 | 1.79,0.857,0.000,0,1,0,0,0,0,-1,0,3,0,,0,,0,,0,0,857.25,0,1
17254811348,580,3,3,8,8,9.019,3,0,0.11 | 0.11 | 0.11,0,2.23 | 2.96 | 3.56,0,1.13 | 1.35 | 1.79,0.857,0.000,0,1,0,0,0,0,-1,0,3,0,,0,,0,,0,0,857.25,0,1
17254811349,580,3,3,8,8,9.019,3,0,0.11 | 0.11 | 0.11,0,2.23 | 2.96 | 3.56,0,1.13 | 1.35 | 1.79,0.857,0.000,0,1,0,0,0,0,-1,0,3,0,,0,,0,,0,0,857.25,0,1
17254811350,580,3,3,8,8,9.019,3,0,0.11 | 0.11 | 0.11,0,2.23 | 2.96 | 3.56,0,1.13 | 1.35 | 1.79,0.857,0.000,0,1,0,0,0,0,-1,0,3,0,,0,,0,,0,0,857.25,0,1
17254811351,580,3,3,8,8,9.019,3,0,0.11 | 0.11 | 0.11,0,2.23 | 2.96 | 3.56,0,1.13 | 1.35 | 1.79,0.857,0.000,0,1,0,0,0,0,-1,0,3,0,,0,,0,,0,0,857.25,0,1
17254811352,580,3,3,8,8,9.019,3,0,0.11 | 0.11 | 0.11,0,2.23 | 2.96 | 3.56,0,1.13 | 1.35 | 1.79,0.857,0.000,0,1,0,0,0,0,-1,0,3,0,,0,,0,,0,0,857.25,0,1
17254811353,580,3,3,8,8,8.206,3,0,0.11 | 0.11 | 0.11,0,2.23 | 2.96 | 3.56,0,1.13 | 1.35 | 1.79,0.857,0.000,0,1,0,0,0,0,-1,0,3,0,,0,,0,,0,0,857.25,0,1
17254811354,580,3,3,8,8,8.206,3,0,0.11 | 0.11 | 0.11,0,2.23 | 2.96 | 3.56,0,1.13 | 1.35 | 1.79,0.857,0.000,0,1,0,0,0,0,-1,0,3,0,,0,,0,,0,0,857.25,0,1
17254811355,580,3,3,8,8,8.206,3,0,0.11 | 0.11 | 0.11,0,2.23 | 2.96 | 3.56,0,1.13 | 1.35 | 1.79,0.857,0.000,0,1,0,0,0,0,-1,0,3,0,,0,,0,,0,0,857.25,0,1
17254811356,580,3,3,8,8,8.206,3,0,0.11 | 0.11 | 0.11,0,2.23 | 2.96 | 3.56,0,1.13 | 1.35 | 1.79,0.857,0.000,0,1,0,0,0,0,-1,0,3,0,,0,,0,,0,0,857.25,0,1
17254811357,580,3,3,8,8,8.206,3,0,0.11 | 0.11 | 0.11,0,2.23 | 2.96 | 3.56,0,1.13 | 1.35 | 1.79,0.857,0.000,0,1,0,0,0,0,-1,0,3,0,,0,,0,,0,0,857.25,0,1
17254811358,580,3,3,8,8,8.206,3,0,0.11 | 0.11 | 0.11,0,2.23 | 2.96 | 3.56,0,1.13 | 1.35 | 1.79,0.857,0.000,0,1,0,0,0,0,-1,0,3,0,,0,,0,,0,0,857.25,0,1
17254811359,580,3,3,8,8,8.206,3,0,0.11 | 0.11 | 0.11,0,2.23 | 2.96 | 3.56,0,1.13 | 1.35 | 1.79,0.857,0.000,0,1,0,0,0,0,-1,0,3,0,,0,,0,,0,0,857.25,0,1
17254811360,580,3,3,8,8,8.206,3,0,0.11 | 0.11 | 0.11,0,2.23 | 2.96 | 3.56,0,1.13 | 1.35 | 1.79,0.857,0.000,0,1,0,0,0,0,-1,0,3,0,,0,,0,,0,0,857.25,0,1
17254811361,580,3,3,8,8,8.206,3,0,0.11 | 0.11 | 0.11,0,2.23 | 2.96 | 3.56,0,1.13 | 1.35 | 1.79,0.857,0.000,0,1,0,0,0,0,-1,0,3,0,,0,,0,,0,0,857.25,0,1
17254811362,580,3,3,8,8,8.206,3,0,0.11 | 0.11 | 0.11,0,2.23 | 2.96 | 3.56,0,1.13 | 1.35 | 1.79,0.857,0.000,0,1,0,0,0,0,-1,0,3,0,,0,,0,,0,0,857.25,0,1
17254811363,580,3,3,8,8,7.144,3,0,0.11 | 0.11 | 0.11,0,2.23 | 2.96 | 3.56,0,1.13 | 1.35 | 1.79,0.857,0.000,0,1,0,0,0,0,-1,0,3,0,,0,,0,,0,0,857.25,0,1
17254811364,580,3,3,8,8,7.144,3,0,0.11 | 0.11 | 0.11,0,2.23 | 2.96 | 3.56,0,1.13 | 1.35 | 1.79,0.857,0.000,0,1,0,0,0,0,-1,0,3,0,,0,,0,,0,0,857.25,0,1
17254811365,580,3,3,8,8,7.144,3,0,0.11 | 0.11 | 0.11,0,2.23 | 2.96 | 3.56,0,1.13 | 1.35 | 1.79,0.857,0.000,0,1,0,0,0,0,-1,0,3,0,,0,,0,,0,0,857.25,0,1
17254811366,580,3,3,8,8,7.144,3,0,0.11 | 0.11 | 0.11,0,2.23 | 2.96 | 3.56,0,1.13 | 1.35 | 1.79,0.857,0.000,0,1,0,0,0,0,-1,0,3,0,,0,,0,,0,0,857.25,0,1
17254811367,580,3,3,8,8,7.144,3,0,0.11 | 0.11 | 0.11,0,2.23 | 2.96 | 3.56,0,1.13 | 1.35 | 1.79,0.857,0.000,0,1,0,0,0,0,-1,0,3,0,,0,,0,,0,0,857.25,0,1
17254811368,580,3,3,8,8,7.144,3,0,0.11 | 0.11 | 0.11,0,2.23 | 2.96 | 3.56,0,1.13 | 1.35 | 1.79,0.857,0.000,0,1,0,0,0,0,-1,0,3,0,,0,,0,,0,0,857.25,0,1
17254811369,580,3,3,8,8,7.144,3,0,0.11 | 0.11 | 0.11,0,2.23 | 2.96 | 3.56,0,1.13 | 1.35 | 1.79,0.857,0.000,0,1,0,0,0,0,-1,0,3,0,,0,,0,,0,0,857.25,0,1
17254811370,580,3,3,8,8,7.144,3,0,0.11 | 0.11 | 0.11,0,2.23 | 2.96 | 3.56,0,1.13 | 1.35 | 1.79,0.857,0.000,0,1,0,0,0,0,-1,0,3,0,,0,,0,,0,0,857.25,0,1
17254811371,580,3,3,8,8,7.144,3,0,0.11 | 0.11 | 0.11,0,2.23 | 2.96 | 3.56,0,1.13 | 1.35 | 1.79,0.857,0.000,0,1,0,0,0,0,-1,0,3,0,,0,,0,,0,0,857.25,0,1
17254811372,580,3,3,8,8,7.144,3,0,0.11 | 0.11 | 0.11,0,2.23 | 2.96 | 3.56,0,1.13 | 1.35 | 1.79,0.857,0.000,0,1,0,0,0,0,-1,0,3,0,,0,,0,,0,0,857.25,0,1
17254811373,580,3,3,8,8,6.08,3,0,0.11 | 0.11 | 0.11,0,2.23 | 2.96 | 3.56,0,1.13 | 1.35 | 1.79,0.857,0.000,0,1,0,0,0,0,-1,0,3,0,,0,,0,,0,0,857.25,0,1
17254811374,580,3,3,8,8,6.08,3,0,0.11 | 0.11 | 0.11,0,2.23 | 2.96 | 3.56,0,1.13 | 1.35 | 1.79,0.857,0.000,0,1,0,0,0,0,-1,0,3,0,,0,,0,,0,0,868.5,0,1
17254811375,580,3,3,8,8,6.08,3,0,0.11 | 0.11 | 0.11,0,2.23 | 2.96 | 3.56,0,1.13 | 1.35 | 1.79,0.857,0.000,0,1,0,0,0,0,-1,0,3,0,,0,,0,,0,0,868.5,0,1
17254811376,580,3,3,8,8,6.08,3,0,0.11 | 0.11 | 0.11,0,2.23 | 2.96 | 3.56,0,1.13 | 1.35 | 1.79,0.857,0.000,0,1,0,0,0,0,-1,0,3,0,,0,,0,,0,0,868.5,0,1
17254811377,580,3,3,8,8,6.08,3,0,0.11 | 0.11 | 0.11,0,2.23 | 2.96 | 3.56,0,1.13 | 1.35 | 1.79,0.857,0.000,0,1,0,0,0,0,-1,0,3,0,,0,,0,,0,0,868.5,0,1
17254811378,580,3,3,8,8,6.08,3,0,0.11 | 0.11 | 0.11,0,2.23 | 2.96 | 3.56,0,1.13 | 1.35 | 1.79,0.857,0.000,0,1,0,0,0,0,-1,0,3,0,,0,,0,,0,0,868.5,0,1
17254811379,580,3,3,8,8,6.08,3,0,0.11 | 0.11 | 0.11,0,2.23 | 2.96 | 3.56,0,1.13 | 1.35 | 1.79,0.857,0.000,0,1,0,0,0,0,-1,0,3,0,,0,,0,,0,0,868.5,0,1
17254811380,580,3,3,8,8,6.08,3,0,0.11 | 0.11 | 0.11,0,2.23 | 2.96 | 3.56,0,1.13 | 1.35 | 1.79,0.857,0.000,0,1,0,0,0,0,-1,0,3,0,,0,,0,,0,0,868.5,0,1
17254811381,580,3,3,8,8,6.08,3,0,0.11 | 0.11 | 0.11,0,2.23 | 2.96 | 3.56,0,1.13 | 1.35 | 1.79,0.857,0.000,0,1,0,0,0,0,-1,0,3,0,,0,,0,,0,0,868.5,0,1
17254811382,580,3,3,8,8,6.08,3,0,0.11 | 0.11 | 0.11,0,2.23 | 2.96 | 3.56,0,1.13 | 1.35 | 1.79,0.857,0.000,0,1,0,0,0,0,-1,0,3,0,,0,,0,,0,0,868.5,0,1
17254811383,580,3,3,8,8,9.819,3,0,0.11 | 0.11 | 0.11,0,2.23 | 2.85 | 3.47,0,1.15 | 1.40 | 1.79,0.869,0.000,0,1,0,0,0,0,-1,0,3,0,,0,,0,,0,0,868.5,0,1
17254811384,580,3,3,8,8,9.819,3,0,0.11 | 0.11 | 0.11,0,2.23 | 2.85 | 3.47,0,1.15 | 1.40 | 1.79,0.869,0.000,0,1,0,0,0,0,-1,0,3,0,,0,,0,,0,0,868.5,0,1
17254811385,580,3,3,8,8,9.819,3,0,0.11 | 0.11 | 0.11,0,2.23 | 2.85 | 3.47,0,1.15 | 1.40 | 1.79,0.869,0.000,0,1,0,0,0,0,-1,0,3,0,,0,,0,,0,0,868.5,0,1
17254811386,580,3,3,8,8,9.819,3,0,0.11 | 0.11 | 0.11,0,2.23 | 2.85 | 3.47,0,1.15 | 1.40 | 1.79,0.869,0.000,0,1,0,0,0,0,-1,0,3,0,,0,,0,,0,0,868.5,0,1
17254811387,580,3,3,8,8,9.819,3,0,0.11 | 0.11 | 0.11,0,2.23 | 2.85 | 3.47,0,1.15 | 1.40 | 1.79,0.869,0.000,0,1,0,0,0,0,-1,0,3,0,,0,,0,,0,0,868.5,0,1
17254811388,580,3,3,8,8,9.819,3,0,0.11 | 0.11 | 0.11,0,2.23 | 2.85 | 3.47,0,1.15 | 1.40 | 1.79,0.869,0.000,0,1,0,0,0,0,-1,0,3,0,,0,,0,,0,0,868.5,0,1
17254811389,580,3,3,8,8,9.819,3,0,0.11 | 0.11 | 0.11,0,2.23 | 2.85 | 3.47,0,1.15 | 1.40 | 1.79,0.869,0.000,0,1,0,0,0,0,-1,0,3,0,,0,,0,,0,0,868.5,0,1
17254811390,580,3,3,8,8,9.819,3,0,0.11 | 0.11 | 0.11,0,2.23 | 2.85 | 3.47,0,1.15 | 1.40 | 1.79,0.869,0.000,0,1,0,0,0,0,-1,0,3,0,,0,,0,,0,0,868.5,0,1
17254811391,580,3,3,8,8,9.819,3,0,0.11 | 0.11 | 0.11,0,2.23 | 2.85 | 3.47,0,1.15 | 1.40 | 1.79,0.869,0.000,0,1,0,0,0,0,-1,0,3,0,,0,,0,,0,0,868.5,0,1
17254811392,580,3,3,8,8,9.819,3,0,0.11 | 0.11 | 0.11,0,2.23 | 2.85 | 3.47,0,1.15 | 1.40 | 1.79,0.869,0.000,0,1,0,0,0,0,-1,0,3,0,,0,,0,,0,0,868.5,0,1
17254811393,580,3,3,8,8,9.022,3,0,0.11 | 0.11 | 0.11,0,2.23 | 2.85 | 3.47,0,1.15 | 1.40 | 1.79,0.869,0.000,0,1,0,0,0,0,-1,0,3,0,,0,,0,,0,0,868.5,0,1
17254811394,580,3,3,8,8,9.022,3,0,0.11 | 0.11 | 0.11,0,2.23 | 2.85 | 3.47,0,1.15 | 1.40 | 1.79,0.869,0.000,0,1,0,0,0,0,-1,0,3,0,,0,,0,,0,0,868.5,0,1
17254811395,580,3,3,8,8,9.022,3,0,0.11 | 0.11 | 0.11,0,2.23 | 2.85 | 3.47,0,1.15 | 1.40 | 1.79,0.869,0.000,0,1,0,0,0,0,-1,0,3,0,,0,,0,,0,0,876.75,0,1
17254811396,580,3,3,8,8,9.022,3,0,0.11 | 0.11 | 0.11,0,2.23 | 2.85 | 3.47,0,1.15 | 1.40 | 1.79,0.869,0.000,0,1,0,0,0,0,-1,0,3,0,,0,,0,,0,0,876.75,0,1
17254811397,580,3,3,8,8,9.022,3,0,0.11 | 0.11 | 0.11,0,2.23 | 2.85 | 3.47,0,1.15 | 1.40 | 1.79,0.869,0.000,0,1,0,0,0,0,-1,0,3,0,,0,,0,,0,0,876.75,0,1
17254811398,580,3,3,8,8,9.022,3,0,0.11 | 0.11 | 0.11,0,2.23 | 2.85 | 3.47,0,1.15 | 1.40 | 1.79,0.869,0.000,0,1,0,0,0,0,-1,0,3,0,,0,,0,,0,0,876.75,0,1
17254811399,580,3,3,8,8,9.022,3,0,0.11 | 0.11 | 0.11,0,2.23 | 2.85 | 3.47,0,1.15 | 1.40 | 1.79,0.869,0.000,0,1,0,0,0,0,-1,0,3,0,,0,,0,,0,0,876.75,0,1
17254811400,580,3,3,8,8,9.022,3,0,0.11 | 0.11 | 0.11,0,2.23 | 2.85 | 3.47,0,1.15 | 1.40 | 1.79,0.869,0.000,0,1,0,0,0,0,-1,0,3,0,,0,,0,,0,0,876.75,0,1
17254811401,580,3,3,8,8,9.022,3,0,0.11 | 0.11 | 0.11,0,2.23 | 2.85 | 3.47,0,1.15 | 1.40 | 1.79,0.869,0.000,0,1,0,0,0,0,-1,0,3,0,,0,,0,,0,0,876.75,0,1
17254811402,580,3,3,8,8,9.022,3,0,0.11 | 0.11 | 0.11,0,2.23 | 2.85 | 3.47,0,1.15 | 1.40 | 1.79,0.869,0.000,0,1,0,0,0,0,-1,0,3,0,,0,,0,,0,0,876.75,0,1
17254811403,580,3,3,8,8,11.16,3,0,0.11 | 0.11 | 0.11,0,2.04 | 2.72 | 3.47,0,1.15 | 1.47 | 1.96,0.877,0.000,0,1,0,0,0,0,-1,0,3,0,,0,,0,,0,0,876.75,0,1
17254811404,580,3,3,8,8,11.16,3,0,0.11 | 0.11 | 0.11,0,2.04 | 2.72 | 3.47,0,1.15 | 1.47 | 1.96,0.877,0.000,0,1,0,0,0,0,-1,0,3,0,,0,,0,,0,0,876.75,0,1
17254811405,580,3,3,8,8,11.16,3,0,0.11 | 0.11 | 0.11,0,2.04 | 2.72 | 3.47,0,1.15 | 1.47 | 1.96,0.877,0.000,0,1,0,0,0,0,-1,0,3,0,,0,,0,,0,0,876.75,0,1
17254811406,580,3,3,8,8,11.16,3,0,0.11 | 0.11 | 0.11,0,2.04 | 2.72 | 3.47,0,1.15 | 1.47 | 1.96,0.877,0.000,0,1,0,0,0,0,-1,0,3,0,,0,,0,,0,0,876.75,0,1
17254811407,580,3,3,8,8,11.16,3,0,0.11 | 0.11 | 0.11,0,2.04 | 2.72 | 3.47,0,1.15 | 1.47 | 1.96,0.877,0.000,0,1,0,0,0,0,-1,0,3,0,,0,,0,,0,0,876.75,0,1
17254811408,580,3,3,8,8,11.16,3,0,0.11 | 0.11 | 0.11,0,2.04 | 2.72 | 3.47,0,1.15 | 1.47 | 1.96,0.877,0.000,0,1,0,0,0,0,-1,0,3,0,,0,,0,,0,0,876.75,0,1
17254811409,580,3,3,8,8,11.16,3,0,0.11 | 0.11 | 0.11,0,2.04 | 2.72 | 3.47,0,1.15 | 1.47 | 1.96,0.877,0.000,0,1,0,0,0,0,-1,0,3,0,,0,,0,,0,0,876.75,0,1
17254811410,580,3,3,8,8,11.16,3,0,0.11 | 0.11 | 0.11,0,2.04 | 2.72 | 3.47,0,1.15 | 1.47 | 1.96,0.877,0.000,0,1,0,0,0,0,-1,0,3,0,,0,,0,,0,0,876.75,0,1
17254811411,580,3,3,8,8,11.16,3,0,0.11 | 0.11 | 0.11,0,2.04 | 2.72 | 3.47,0,1.15 | 1.47 | 1.96,0.877,0.000,0,1,0,0,0,0,-1,0,3,0,,0,,0,,0,0,876.75,0,1
17254811412,580,3,3,8,8,11.16,3,0,0.11 | 0.11 | 0.11,0,2.04 | 2.72 | 3.47,0,1.15 | 1.47 | 1.96,0.877,0.000,0,1,0,0,0,0,-1,0,3,0,,0,,0,,0,0,876.75,0,1
17254811413,580,3,3,8,8,10.012,3,0,0.11 | 0.11 | 0.11,0,2.04 | 2.72 | 3.47,0,1.15 | 1.47 | 1.96,0.877,0.000,0,1,0,0,0,0,-1,0,3,0,,0,,0,,0,0,876.75,0,1
17254811414,580,3,3,8,8,10.012,3,0,0.11 | 0.11 | 0.11,0,2.04 | 2.72 | 3.47,0,1.15 | 1.47 | 1.96,0.877,0.000,0,1,0,0,0,0,-1,0,3,0,,0,,0,,0,0,876.75,0,1
17254811415,580,3,3,8,8,10.012,3,0,0.11 | 0.11 | 0.11,0,2.04 | 2.72 | 3.47,0,1.15 | 1.47 | 1.96,0.877,0.000,0,1,0,0,0,0,-1,0,3,0,,0,,0,,0,0,876.75,0,1
17254811416,580,3,3,8,8,10.012,3,0,0.11 | 0.11 | 0.11,0,2.04 | 2.72 | 3.47,0,1.15 | 1.47 | 1.96,0.877,0.000,0,1,0,0,0,0,-1,0,3,0,,0,,0,,0,0,876.75,0,1
17254811417,580,3,3,8,8,10.012,3,0,0.11 | 0.11 | 0.11,0,2.04 | 2.72 | 3.47,0,1.15 | 1.47 | 1.96,0.877,0.000,0,1,0,0,0,0,-1,0,3,0,,0,,0,,0,0,876.75,0,1
17254811418,580,3,3,8,8,10.012,3,0,0.11 | 0.11 | 0.11,0,2.04 | 2.72 | 3.47,0,1.15 | 1.47 | 1.96,0.877,0.000,0,1,0,0,0,0,-1,0,3,0,,0,,0,,0,0,943,0,1
17254811419,580,3,3,8,8,10.012,3,0,0.11 | 0.11 | 0.11,0,2.04 | 2.72 | 3.47,0,1.15 | 1.47 | 1.96,0.877,0.000,0,1,0,0,0,0,-1,0,3,0,,0,,0,,0,0,943,0,1
17254811420,580,3,3,8,8,10.012,3,0,0.11 | 0.11 | 0.11,0,2.04 | 2.72 | 3.47,0,1.15 | 1.47 | 1.96,0.877,0.000,0,1,0,0,0,0,-1,0,3,0,,0,,0,,0,0,943,0,1
17254811421,580,3,3,8,8,10.012,3,0,0.11 | 0.11 | 0.11,0,2.04 | 2.72 | 3.47,0,1.15 | 1.47 | 1.96,0.877,0.000,0,1,0,0,0,0,-1,0,3,0,,0,,0,,0,0,943,0,1
17254811422,580,3,3,8,8,10.012,3,0,0.11 | 0.11 | 0.11,0,2.04 | 2.72 | 3.47,0,1.15 | 1.47 | 1.96,0.877,0.000,0,1,0,0,0,0,-1,0,3,0,,0,,0,,0,0,943,0,1
17254811423,580,3,3,8,8,13.835,3,0,0.11 | 0.11 | 0.11,0,2.04 | 2.38 | 3.14,0,1.28 | 1.68 | 1.96,0.943,0.000,0,1,0,0,0,0,-1,0,3,0,,0,,0,,0,0,943,0,1
17254811424,580,3,3,8,8,13.835,3,0,0.11 | 0.11 | 0.11,0,2.04 | 2.38 | 3.14,0,1.28 | 1.68 | 1.96,0.943,0.000,0,1,0,0,0,0,-1,0,3,0,,0,,0,,0,0,943,0,1
17254811425,580,3,3,8,8,13.835,3,0,0.11 | 0.11 | 0.11,0,2.04 | 2.38 | 3.14,0,1.28 | 1.68 | 1.96,0.943,0.000,0,1,0,0,0,0,-1,0,3,0,,0,,0,,0,0,943,0,1
17254811426,580,3,3,8,8,13.835,3,0,0.11 | 0.11 | 0.11,0,2.04 | 2.38 | 3.14,0,1.28 | 1.68 | 1.96,0.943,0.000,0,1,0,0,0,0,-1,0,3,0,,0,,0,,0,0,943,0,1
17254811427,580,3,3,8,8,13.835,3,0,0.11 | 0.11 | 0.11,0,2.04 | 2.38 | 3.14,0,1.28 | 1.68 | 1.96,0.943,0.000,0,1,0,0,0,0,-1,0,3,0,,0,,0,,0,0,943,0,1
17254811428,580,3,3,8,8,13.835,3,0,0.11 | 0.11 | 0.11,0,2.04 | 2.38 | 3.14,0,1.28 | 1.68 | 1.96,0.943,0.000,0,1,0,0,0,0,-1,0,3,0,,0,,0,,0,0,943,0,1
17254811429,580,3,3,8,8,13.835,3,0,0.11 | 0.11 | 0.11,0,2.04 | 2.38 | 3.14,0,1.28 | 1.68 | 1.96,0.943,0.000,0,1,0,0,0,0,-1,0,3,0,,0,,0,,0,0,943,0,1
17254811430,580,3,3,8,8,13.835,3,0,0.11 | 0.11 | 0.11,0,2.04 | 2.38 | 3.14,0,1.28 | 1.68 | 1.96,0.943,0.000,0,1,0,0,0,0,-1,0,3,0,,0,,0,,0,0,943,0,1
17254811431,580,3,3,8,8,13.835,3,0,0.11 | 0.11 | 0.11,0,2.04 | 2.38 | 3.14,0,1.28 | 1.68 | 1.96,0.943,0.000,0,1,0,0,0,0,-1,0,3,0,,0,,0,,0,0,943,0,1
17254811432,580,3,3,8,8,13.835,3,0,0.11 | 0.11 | 0.11,0,2.04 | 2.38 | 3.14,0,1.28 | 1.68 | 1.96,0.943,0.000,0,1,0,0,0,0,-1,0,3,0,,0,,0,,0,0,943,0,1
17254811433,580,3,3,8,8,13.038,3,0,0.11 | 0.11 | 0.11,0,2.04 | 2.38 | 3.14,0,1.28 | 1.68 | 1.96,0.943,0.000,0,1,0,0,0,0,-1,0,3,0,,0,,0,,0,0,943,0,1
17254811434,580,3,3,8,8,13.038,3,0,0.11 | 0.11 | 0.11,0,2.04 | 2.38 | 3.14,0,1.28 | 1.68 | 1.96,0.943,0.000,0,1,0,0,0,0,-1,0,3,0,,0,,0,,0,0,943,0,1
17254811435,580,3,3,8,8,13.038,3,0,0.11 | 0.11 | 0.11,0,2.04 | 2.38 | 3.14,0,1.28 | 1.68 | 1.96,0.943,0.000,0,1,0,0,0,0,-1,0,3,0,,0,,0,,0,0,943,0,1
17254811436,580,3,3,8,8,13.038,3,0,0.11 | 0.11 | 0.11,0,2.04 | 2.38 | 3.14,0,1.28 | 1.68 | 1.96,0.943,0.000,0,1,0,0,0,0,-1,0,3,0,,0,,0,,0,0,943,0,1
17254811437,580,3,3,8,8,13.038,3,0,0.11 | 0.11 | 0.11,0,2.04 | 2.38 | 3.14,0,1.28 | 1.68 | 1.96,0.943,0.000,0,1,0,0,0,0,-1,0,3,0,,0,,0,,0,0,943,0,1
17254811438,580,3,3,8,8,13.038,3,0,0.11 | 0.11 | 0.11,0,2.04 | 2.38 | 3.14,0,1.28 | 1.68 | 1.96,0.943,0.000,0,1,0,0,0,0,-1,0,3,0,,0,,0,,0,0,943,0,1
17254811439,580,3,3,8,8,13.038,3,0,0.11 | 0.11 | 0.11,0,2.04 | 2.38 | 3.14,0,1.28 | 1.68 | 1.96,0.943,0.000,0,1,0,0,0,0,-1,0,3,0,,0,,0,,0,0,943,0,1
17254811440,580,3,3,8,8,13.038,3,0,0.11 | 0.11 | 0.11,0,2.04 | 2.38 | 3.14,0,1.28 | 1.68 | 1.96,0.943,0.000,0,1,0,0,0,0,-1,0,3,0,,0,,0,,0,0,943,0,1
17254811441,580,3,3,8,8,13.038,3,0,0.11 | 0.11 | 0.11,0,2.04 | 2.38 | 3.14,0,1.28 | 1.68 | 1.96,0.943,0.000,0,1,0,0,0,0,-1,0,3,0,,0,,0,,0,0,943,0,1
17254811442,580,3,3,8,8,13.038,3,0,0.11 | 0.11 | 0.11,0,2.04 | 2.38 | 3.14,0,1.28 | 1.68 | 1.96,0.943,0.000,0,1,0,0,0,0,-1,0,3,0,,0,,0,,0,0,943,0,1
17254811443,772,3,4,8,8,11.975,3,0,0.11 | 0.11 | 0.11,0,2.04 | 2.38 | 3.14,0,1.28 | 1.68 | 1.96,0.943,0.000,0,1,0,0,0,0,-1,0,3,0,,0,,0,,0,0,943,0,1
17254811444,772,3,4,8,8,11.975,3,0,0.11 | 0.11 | 0.11,0,2.04 | 2.38 | 3.14,0,1.28 | 1.68 | 1.96,0.943,0.000,0,1,0,0,0,0,-1,0,3,0,,0,,0,,0,0,943,0,1
17254811445,772,3,4,8,8,11.975,3,0,0.11 | 0.11 | 0.11,0,2.04 | 2.38 | 3.14,0,1.28 | 1.68 | 1.96,0.943,0.000,0,1,0,0,0,0,-1,0,3,0,,0,,0,,0,0,943,0,1
17254811446,772,3,4,8,8,11.975,3,0,0.11 | 0.11 | 0.11,0,2.04 | 2.38 | 3.14,0,1.28 | 1.68 | 1.96,0.943,0.000,0,1,0,0,0,0,-1,0,3,0,,0,,0,,0,0,943,0,1
17254811447,772,3,4,8,8,11.975,3,0,0.11 | 0.11 | 0.11,0,2.04 | 2.38 | 3.14,0,1.28 | 1.68 | 1.96,0.943,0.000,0,1,0,0,0,0,-1,0,3,0,,0,,0,,0,0,943,0,1
17254811448,772,3,4,8,8,11.975,3,0,0.11 | 0.11 | 0.11,0,2.04 | 2.38 | 3.14,0,1.28 | 1.68 | 1.96,0.943,0.000,0,1,0,0,0,0,-1,0,3,0,,0,,0,,0,0,943,0,1
17254811449,772,3,4,8,8,11.975,3,0,0.11 | 0.11 | 0.11,0,2.04 | 2.38 | 3.14,0,1.28 | 1.68 | 1.96,0.943,0.000,0,1,0,0,0,0,-1,0,3,0,,0,,0,,0,0,943,0,1
17254811450,772,3,4,8,8,11.975,3,0,0.11 | 0.11 | 0.11,0,2.04 | 2.38 | 3.14,0,1.28 | 1.68 | 1.96,0.943,0.000,0,1,0,0,0,0,-1,0,3,0,,0,,0,,0,0,943,0,1
17254811451,772,3,4,8,8,11.975,3,0,0.11 | 0.11 | 0.11,0,2.04 | 2.38 | 3.14,0,1.28 | 1.68 | 1.96,0.943,0.000,0,1,0,0,0,0,-1,0,3,0,,0,,0,,0,0,943,0,1
17254811452,772,3,4,8,8,11.975,3,0,0.11 | 0.11 | 0.11,0,2.04 | 2.38 | 3.14,0,1.28 | 1.68 | 1.96,0.943,0.000,0,1,0,0,0,0,-1,0,3,0,,0,,0,,0,0,943,0,1
17254811453,772,3,4,8,8,10.913,3,0,0.11 | 0.11 | 0.11,0,2.04 | 2.38 | 3.14,0,1.28 | 1.68 | 1.96,0.943,0.000,0,1,0,0,0,0,-1,0,3,0,,0,,0,,0,0,943,0,1
17254811454,772,3,4,8,8,10.913,3,0,0.11 | 0.11 | 0.11,0,2.04 | 2.38 | 3.14,0,1.28 | 1.68 | 1.96,0.943,0.000,0,1,0,0,0,0,-1,0,3,0,,0,,0,,0,0,943,0,1
17254811455,772,3,4,8,8,10.913,3,0,0.11 | 0.11 | 0.11,0,2.04 | 2.38 | 3.14,0,1.28 | 1.68 | 1.96,0.943,0.000,0,1,0,0,0,0,-1,0,3,0,,0,,0,,0,0,943,0,1
17254811456,772,3,4,8,8,10.913,3,0,0.11 | 0.11 | 0.11,0,2.04 | 2.38 | 3.14,0,1.28 | 1.68 | 1.96,0.943,0.000,0,1,0,0,0,0,-1,0,3,0,,0,,0,,0,0,943,0,1
17254811457,772,3,4,8,8,10.913,3,0,0.11 | 0.11 | 0.11,0,2.04 | 2.38 | 3.14,0,1.28 | 1.68 | 1.96,0.943,0.000,0,1,0,0,0,0,-1,0,3,0,,0,,0,,0,0,943,0,1
17254811458,772,3,4,8,8,10.913,3,0,0.11 | 0.11 | 0.11,0,2.04 | 2.38 | 3.14,0,1.28 | 1.68 | 1.96,0.943,0.000,0,1,0,0,0,0,-1,0,3,0,,0,,0,,0,0,943,0,1
17254811459,772,3,4,8,8,10.913,3,0,0.11 | 0.11 | 0.11,0,2.04 | 2.38 | 3.14,0,1.28 | 1.68 | 1.96,0.943,0.000,0,1,0,0,0,0,-1,0,3,0,,0,,0,,0,0,943,0,1
17254811460,772,3,4,8,8,10.913,3,0,0.11 | 0.11 | 0.11,0,2.04 | 2.38 | 3.14,0,1.28 | 1.68 | 1.96,0.943,0.000,0,1,0,0,0,0,-1,0,3,0,,0,,0,,0,0,943,0,1
17254811461,772,3,4,8,8,10.913,3,0,0.11 | 0.11 | 0.11,0,2.04 | 2.38 | 3.14,0,1.28 | 1.68 | 1.96,0.943,0.000,0,1,0,0,0,0,-1,0,3,0,,0,,0,,0,0,943,0,1
17254811462,772,3,4,8,8,10.913,3,0,0.11 | 0.11 | 0.11,0,2.04 | 2.38 | 3.14,0,1.28 | 1.68 | 1.96,0.943,0.000,0,1,0,0,0,0,-1,0,3,0,,0,,0,,0,0,943,0,1
17254811463,772,3,4,8,8,9.85,3,0,0.11 | 0.11 | 0.11,0,2.04 | 2.38 | 3.14,0,1.28 | 1.68 | 1.96,0.943,0.000,0,1,0,0,0,0,-1,0,3,0,,0,,0,,0,0,943,0,1
17254811464,772,3,4,8,8,9.85,3,0,0.11 | 0.11 | 0.11,0,2.04 | 2.38 | 3.14,0,1.28 | 1.68 | 1.96,0.943,0.000,0,1,0,0,0,0,-1,0,3,0,,0,,0,,0,0,943,0,1
17254811465,772,3,4,8,8,9.85,3,0,0.11 | 0.11 | 0.11,0,2.04 | 2.38 | 3.14,0,1.28 | 1.68 | 1.96,0.943,0.000,0,1,0,0,0,0,-1,0,3,0,,0,,0,,0,0,943,0,1
17254811466,772,3,4,8,8,9.85,3,0,0.11 | 0.11 | 0.11,0,2.04 | 2.38 | 3.14,0,1.28 | 1.68 | 1.96,0.943,0.000,0,1,0,0,0,0,-1,0,3,0,,0,,0,,0,0,943,0,1
17254811467,772,3,4,8,8,9.85,3,0,0.11 | 0.11 | 0.11,0,2.04 | 2.38 | 3.14,0,1.28 | 1.68 | 1.96,0.943,0.000,0,1,0,0,0,0,-1,0,3,0,,0,,0,,0,0,943,0,1
17254811468,772,3,4,8,8,9.85,3,0,0.11 | 0.11 | 0.11,0,2.04 | 2.38 | 3.14,0,1.28 | 1.68 | 1.96,0.943,0.000,0,1,0,0,0,0,-1,0,3,0,,0,,0,,0,0,943,0,1
17254811469,772,3,4,8,8,9.85,3,0,0.11 | 0.11 | 0.11,0,2.04 | 2.38 | 3.14,0,1.28 | 1.68 | 1.96,0.943,0.000,0,1,0,0,0,0,-1,0,3,0,,0,,0,,0,0,943,0,1
17254811470,772,3,4,8,8,9.85,3,0,0.11 | 0.11 | 0.11,0,2.04 | 2.38 | 3.14,0,1.28 | 1.68 | 1.96,0.943,0.000,0,1,0,0,0,0,-1,0,3,0,,0,,0,,0,0,943,0,1
17254811471,772,3,4,8,8,9.85,3,0,0.11 | 0.11 | 0.11,0,2.04 | 2.38 | 3.14,0,1.28 | 1.68 | 1.96,0.943,0.000,0,1,0,0,0,0,-1,0,3,0,,0,,0,,0,0,943,0,1
17254811472,772,3,4,8,8,9.85,3,0,0.11 | 0.11 | 0.11,0,2.04 | 2.38 | 3.14,0,1.28 | 1.68 | 1.96,0.943,0.000,0,1,0,0,0,0,-1,0,3,0,,0,,0,,0,0,943,0,1
17254811473,772,3,4,8,8,9.053,3,0,0.11 | 0.11 | 0.11,0,2.04 | 2.38 | 3.14,0,1.28 | 1.68 | 1.96,0.943,0.000,0,1,0,0,0,0,-1,0,3,0,,0,,0,,0,0,943,0,1
17254811474,772,3,4,8,8,9.053,3,0,0.11 | 0.11 | 0.11,0,2.04 | 2.38 | 3.14,0,1.28 | 1.68 | 1.96,0.943,0.000,0,1,0,0,0,0,-1,0,3,0,,0,,0,,0,0,943,0,1
17254811475,772,3,4,8,8,9.053,3,0,0.11 | 0.11 | 0.11,0,2.04 | 2.38 | 3.14,0,1.28 | 1.68 | 1.96,0.943,0.000,0,1,0,0,0,0,-1,0,3,0,,0,,0,,0,0,943,0,1
17254811476,772,3,4,8,8,9.053,3,0,0.11 | 0.11 | 0.11,0,2.04 | 2.38 | 3.14,0,1.28 | 1.68 | 1.96,0.943,0.000,0,1,0,0,0,0,-1,0,3,0,,0,,0,,0,0,943,0,1
17254811477,772,3,4,8,8,9.053,3,0,0.11 | 0.11 | 0.11,0,2.04 | 2.38 | 3.14,0,1.28 | 1.68 | 1.96,0.943,0.000,0,1,0,0,0,0,-1,0,3,0,,0,,0,,0,0,915.8,0,1
17254811478,772,3,4,8,8,9.053,3,0,0.11 | 0.11 | 0.11,0,2.04 | 2.38 | 3.14,0,1.28 | 1.68 | 1.96,0.943,0.000,0,1,0,0,0,0,-1,0,3,0,,0,,0,,0,0,915.8,0,1
17254811479,772,4,4,8,8,9.053,3,0,0.11 | 0.11 | 0.11,0,2.04 | 2.38 | 3.14,0,1.28 | 1.68 | 1.96,0.943,0.000,0,1,0,0,0,0,-1,0,3,0,,0,,0,,0,0,915.8,0,1
17254811480,772,4,4,8,8,9.053,3,0,0.11 | 0.11 | 0.11,0,2.04 | 2.38 | 3.14,0,1.28 | 1.68 | 1.96,0.943,0.000,0,1,0,0,0,0,-1,0,3,0,,0,,0,,0,0,915.8,0,1
17254811481,772,4,4,8,8,9.053,3,0,0.11 | 0.11 | 0.11,0,2.04 | 2.38 | 3.14,0,1.28 | 1.68 | 1.96,0.943,0.000,0,1,0,0,0,0,-1,0,3,0,,0,,0,,0,0,915.8,0,1
17254811482,772,4,4,8,8,9.053,3,0,0.11 | 0.11 | 0.11,0,2.04 | 2.38 | 3.14,0,1.28 | 1.68 | 1.96,0.943,0.000,0,1,0,0,0,0,-1,0,3,0,,0,,0,,0,0,915.8,0,1
17254811483,772,4,4,8,8,7.991,3,0,0.11 | 0.14 | 0.22,0,2.04 | 2.60 | 3.14,0,1.28 | 1.54 | 1.96,0.916,0.000,0,1,0,0,0,0,-1,0,3,0,,0,,0,,0,0,915.8,0,1
17254811484,772,4,4,8,8,7.991,3,0,0.11 | 0.14 | 0.22,0,2.04 | 2.60 | 3.14,0,1.28 | 1.54 | 1.96,0.916,0.000,0,1,0,0,0,0,-1,0,3,0,,0,,0,,0,0,915.8,0,1
17254811485,772,4,4,8,8,7.991,3,0,0.11 | 0.14 | 0.22,0,2.04 | 2.60 | 3.14,0,1.28 | 1.54 | 1.96,0.916,0.000,0,1,0,0,0,0,-1,0,3,0,,0,,0,,0,0,915.8,0,1
17254811486,772,4,4,8,8,7.991,3,0,0.11 | 0.14 | 0.22,0,2.04 | 2.60 | 3.14,0,1.28 | 1.54 | 1.96,0.916,0.000,0,1,0,0,0,0,-1,0,3,0,,0,,0,,0,0,915.8,0,1
17254811487,772,4,4,8,8,7.991,3,0,0.11 | 0.14 | 0.22,0,2.04 | 2.60 | 3.14,0,1.28 | 1.54 | 1.96,0.916,0.000,0,1,0,0,0,0,-1,0,3,0,,0,,0,,0,0,915.8,0,1
17254811488,772,4,4,8,8,7.991,3,0,0.11 | 0.14 | 0.22,0,2.04 | 2.60 | 3.14,0,1.28 | 1.54 | 1.96,0.916,0.000,0,1,0,0,0,0,-1,0,3,0,,0,,0,,0,0,915.8,0,1
17254811489,772,4,4,8,8,7.991,3,0,0.11 | 0.14 | 0.22,0,2.04 | 2.60 | 3.14,0,1.28 | 1.54 | 1.96,0.916,0.000,0,1,0,0,0,0,-1,0,3,0,,0,,0,,0,0,915.8,0,1
17254811490,772,4,4,8,8,7.991,3,0,0.11 | 0.14 | 0.22,0,2.04 | 2.60 | 3.14,0,1.28 | 1.54 | 1.96,0.916,0.000,0,1,0,0,0,0,-1,0,3,0,,0,,0,,0,0,915.8,0,1
17254811491,772,4,4,8,8,7.991,3,0,0.11 | 0.14 | 0.22,0,2.04 | 2.60 | 3.14,0,1.28 | 1.54 | 1.96,0.916,0.000,0,1,0,0,0,0,-1,0,3,0,,0,,0,,0,0,915.8,0,1
17254811492,772,4,4,8,8,7.991,3,0,0.11 | 0.14 | 0.22,0,2.04 | 2.60 | 3.14,0,1.28 | 1.54 | 1.96,0.916,0.000,0,1,0,0,0,0,-1,0,3,0,,0,,0,,0,0,915.8,0,1
17254811493,772,4,4,8,8,6.928,3,0,0.11 | 0.14 | 0.22,0,2.04 | 2.60 | 3.14,0,1.28 | 1.54 | 1.96,0.916,0.000,0,1,0,0,0,0,-1,0,3,0,,0,,0,,0,0,915.8,0,1
17254811494,772,4,4,8,8,6.928,3,0,0.11 | 0.14 | 0.22,0,2.04 | 2.60 | 3.14,0,1.28 | 1.54 | 1.96,0.916,0.000,0,1,0,0,0,0,-1,0,3,0,,0,,0,,0,0,915.8,0,1
17254811495,772,4,4,8,8,6.928,3,0,0.11 | 0.14 | 0.22,0,2.04 | 2.60 | 3.14,0,1.28 | 1.54 | 1.96,0.916,0.000,0,1,0,0,0,0,-1,0,3,0,,0,,0,,0,0,915.8,0,1
17254811496,772,4,4,8,8,6.928,3,0,0.11 | 0.14 | 0.22,0,2.04 | 2.60 | 3.14,0,1.28 | 1.54 | 1.96,0.916,0.000,0,1,0,0,0,0,-1,0,3,0,,0,,0,,0,0,915.8,0,1
17254811497,772,4,4,8,8,6.928,3,0,0.11 | 0.14 | 0.22,0,2.04 | 2.60 | 3.14,0,1.28 | 1.54 | 1.96,0.916,0.000,0,1,0,0,0,0,-1,0,3,0,,0,,0,,0,0,915.8,0,1
17254811498,772,4,4,8,8,6.928,3,0,0.11 | 0.14 | 0.22,0,2.04 | 2.60 | 3.14,0,1.28 | 1.54 | 1.96,0.916,0.000,0,1,0,0,0,0,-1,0,3,0,,0,,0,,0,0,915.8,0,1
17254811499,772,4,4,8,8,6.928,3,0,0.11 | 0.14 | 0.22,0,2.04 | 2.60 | 3.14,0,1.28 | 1.54 | 1.96,0.916,0.000,0,1,0,0,0,0,-1,0,3,0,,0,,0,,0,0,915.8,0,1
17254811500,772,4,4,8,8,6.928,3,0,0.11 | 0.14 | 0.22,0,2.04 | 2.60 | 3.14,0,1.28 | 1.54 | 1.96,0.916,0.000,0,1,0,0,0,0,-1,0,3,0,,0,,0,,0,0,915.8,0,1
17254811501,772,4,4,8,8,6.928,3,0,0.11 | 0.14 | 0.22,0,2.04 | 2.60 | 3.14,0,1.28 | 1.54 | 1.96,0.916,0.000,0,1,0,0,0,0,-1,0,3,0,,0,,0,,0,0,915.8,0,1
17254811502,772,4,4,8,8,6.928,3,0,0.11 | 0.14 | 0.22,0,2.04 | 2.60 | 3.14,0,1.28 | 1.54 | 1.96,0.916,0.000,0,1,0,0,0,0,-1,0,3,0,,0,,0,,0,0,915.8,0,1
17254811503,772,4,4,8,8,5.866,3,0,0.11 | 0.14 | 0.22,0,2.04 | 2.60 | 3.14,0,1.28 | 1.54 | 1.96,0.916,0.000,0,1,0,0,0,0,-1,0,3,0,,0,,0,,0,0,915.8,0,1
17254811504,772,4,4,8,8,5.866,3,0,0.11 | 0.14 | 0.22,0,2.04 | 2.60 | 3.14,0,1.28 | 1.54 | 1.96,0.916,0.000,0,1,0,0,0,0,-1,0,3,0,,0,,0,,0,0,915.8,0,1
17254811505,772,4,4,8,8,5.866,3,0,0.11 | 0.14 | 0.22,0,2.04 | 2.60 | 3.14,0,1.28 | 1.54 | 1.96,0.916,0.000,0,1,0,0,0,0,-1,0,3,0,,0,,0,,0,0,915.8,0,1
17254811506,772,4,4,8,8,5.866,3,0,0.11 | 0.14 | 0.22,0,2.04 | 2.60 | 3.14,0,1.28 | 1.54 | 1.96,0.916,0.000,0,1,0,0,0,0,-1,0,3,0,,0,,0,,0,0,915.8,0,1
17254811507,772,4,4,8,8,5.866,3,0,0.11 | 0.14 | 0.22,0,2.04 | 2.60 | 3.14,0,1.28 | 1.54 | 1.96,0.916,0.000,0,1,0,0,0,0,-1,0,3,0,,0,,0,,0,0,915.8,0,1
17254811508,772,4,4,8,8,5.866,3,0,0.11 | 0.14 | 0.22,0,2.04 | 2.60 | 3.14,0,1.28 | 1.54 | 1.96,0.916,0.000,0,1,0,0,0,0,-1,0,3,0,,0,,0,,0,0,915.8,0,1
17254811509,772,4,4,8,8,5.866,3,0,0.11 | 0.14 | 0.22,0,2.04 | 2.60 | 3.14,0,1.28 | 1.54 | 1.96,0.916,0.000,0,1,0,0,0,0,-1,0,3,0,,0,,0,,0,0,915.8,0,1
17254811510,772,4,4,8,8,5.866,3,0,0.11 | 0.14 | 0.22,0,2.04 | 2.60 | 3.14,0,1.28 | 1.54 | 1.96,0.916,0.000,0,1,0,0,0,0,-1,0,3,0,,0,,0,,0,0,915.8,0,1
17254811511,772,4,4,8,8,5.866,3,0,0.11 | 0.14 | 0.22,0,2.04 | 2.60 | 3.14,0,1.28 | 1.54 | 1.96,0.916,0.000,0,1,0,0,0,0,-1,0,3,0,,0,,0,,0,0,915.8,0,1
17254811512,772,4,4,8,8,5.866,3,0,0.11 | 0.14 | 0.22,0,2.04 | 2.60 | 3.14,0,1.28 | 1.54 | 1.96,0.916,0.000,0,1,0,0,0,0,-1,0,3,0,,0,,0,,0,0,915.8,0,1
17254811513,387,4,2,8,8,4.812,3,0,0.11 | 0.14 | 0.22,0,2.04 | 2.68 | 3.49,0,1.15 | 1.49 | 1.96,0.936,0.000,0,1,0,0,0,0,-1,0,3,0,,0,,0,,0,0,935.8,0,1
17254811514,387,4,2,8,8,4.812,3,0,0.11 | 0.14 | 0.22,0,2.04 | 2.68 | 3.49,0,1.15 | 1.49 | 1.96,0.936,0.000,0,1,0,0,0,0,-1,0,3,0,,0,,0,,0,0,935.8,0,1
17254811515,387,4,2,8,8,4.812,3,0,0.11 | 0.14 | 0.22,0,2.04 | 2.68 | 3.49,0,1.15 | 1.49 | 1.96,0.936,0.000,0,1,0,0,0,0,-1,0,3,0,,0,,0,,0,0,935.8,0,1
17254811516,387,4,2,8,8,4.812,3,0,0.11 | 0.14 | 0.22,0,2.04 | 2.68 | 3.49,0,1.15 | 1.49 | 1.96,0.936,0.000,0,1,0,0,0,0,-1,0,3,0,,0,,0,,0,0,935.8,0,1
17254811517,387,4,2,8,8,4.812,3,0,0.11 | 0.14 | 0.22,0,2.04 | 2.68 | 3.49,0,1.15 | 1.49 | 1.96,0.936,0.000,0,1,0,0,0,0,-1,0,3,0,,0,,0,,0,0,935.8,0,1
17254811518,387,4,2,8,8,4.812,3,0,0.11 | 0.14 | 0.22,0,2.04 | 2.68 | 3.49,0,1.15 | 1.49 | 1.96,0.936,0.000,0,1,0,0,0,0,-1,0,3,0,,0,,0,,0,0,935.8,0,1
17254811519,387,4,2,8,8,4.812,3,0,0.11 | 0.14 | 0.22,0,2.04 | 2.68 | 3.49,0,1.15 | 1.49 | 1.96,0.936,0.000,0,1,0,0,0,0,-1,0,3,0,,0,,0,,0,0,935.8,0,1
17254811520,387,4,2,8,8,4.812,3,0,0.11 | 0.14 | 0.22,0,2.04 | 2.68 | 3.49,0,1.15 | 1.49 | 1.96,0.936,0.000,0,1,0,0,0,0,-1,0,3,0,,0,,0,,0,0,935.8,0,1
17254811521,387,4,2,8,8,4.812,3,0,0.11 | 0.14 | 0.22,0,2.04 | 2.68 | 3.49,0,1.15 | 1.49 | 1.96,0.936,0.000,0,1,0,0,0,0,-1,0,3,0,,0,,0,,0,0,935.8,0,1
17254811522,387,4,2,8,8,4.812,3,0,0.11 | 0.14 | 0.22,0,2.04 | 2.68 | 3.49,0,1.15 | 1.49 | 1.96,0.936,0.000,0,1,0,0,0,0,-1,0,3,0,,0,,0,,0,0,935.8,0,1
17254811523,387,4,2,8,8,4.007,3,0,0.11 | 0.14 | 0.22,0,2.04 | 2.68 | 3.49,0,1.15 | 1.49 | 1.96,0.936,0.000,0,1,0,0,0,0,-1,0,3,0,,0,,0,,0,0,935.8,0,1
17254811524,387,4,2,8,8,4.007,3,0,0.11 | 0.14 | 0.22,0,2.04 | 2.68 | 3.49,0,1.15 | 1.49 | 1.96,0.936,0.000,0,1,0,0,0,0,-1,0,3,0,,0,,0,,0,0,935.8,0,1
17254811525,387,4,2,8,8,4.007,3,0,0.11 | 0.14 | 0.22,0,2.04 | 2.68 | 3.49,0,1.15 | 1.49 | 1.96,0.936,0.000,0,1,0,0,0,0,-1,0,3,0,,0,,0,,0,0,935.8,0,1
17254811526,387,4,2,8,8,4.007,3,0,0.11 | 0.14 | 0.22,0,2.04 | 2.68 | 3.49,0,1.15 | 1.49 | 1.96,0.936,0.000,0,1,0,0,0,0,-1,0,3,0,,0,,0,,0,0,935.8,0,1
17254811527,387,4,2,8,8,4.007,3,0,0.11 | 0.14 | 0.22,0,2.04 | 2.68 | 3.49,0,1.15 | 1.49 | 1.96,0.936,0.000,0,1,0,0,0,0,-1,0,3,0,,0,,0,,0,0,935.8,0,1
17254811528,387,4,2,8,8,4.007,3,0,0.11 | 0.14 | 0.22,0,2.04 | 2.68 | 3.49,0,1.15 | 1.49 | 1.96,0.936,0.000,0,1,0,0,0,0,-1,0,3,0,,0,,0,,0,0,935.8,0,1
17254811529,580,4,3,8,8,4.007,3,0,0.11 | 0.14 | 0.22,0,2.04 | 2.68 | 3.49,0,1.15 | 1.49 | 1.96,0.936,0.000,0,1,0,0,0,0,-1,0,3,0,,0,,0,,0,0,941.6,0,1
17254811530,580,4,3,8,8,4.007,3,0,0.11 | 0.14 | 0.22,0,2.04 | 2.68 | 3.49,0,1.15 | 1.49 | 1.96,0.936,0.000,0,1,0,0,0,0,-1,0,3,0,,0,,0,,0,0,941.6,0,1
17254811531,580,4,3,8,8,4.007,3,0,0.11 | 0.14 | 0.22,0,2.04 | 2.68 | 3.49,0,1.15 | 1.49 | 1.96,0.936,0.000,0,1,0,0,0,0,-1,0,3,0,,0,,0,,0,0,941.6,0,1
17254811532,580,4,3,8,8,4.007,3,0,0.11 | 0.14 | 0.22,0,2.04 | 2.68 | 3.49,0,1.15 | 1.49 | 1.96,0.936,0.000,0,1,0,0,0,0,-1,0,3,0,,0,,0,,0,0,941.6,0,1
17254811533,580,4,3,8,8,6.144,3,0,0.11 | 0.14 | 0.22,0,1.30 | 2.50 | 3.49,0,1.15 | 1.60 | 3.07,0.942,0.000,0,1,0,0,0,0,-1,0,3,0,,0,,0,,0,0,941.6,0,1
17254811534,580,4,3,8,8,6.144,3,0,0.11 | 0.14 | 0.22,0,1.30 | 2.50 | 3.49,0,1.15 | 1.60 | 3.07,0.942,0.000,0,1,0,0,0,0,-1,0,3,0,,0,,0,,0,0,941.6,0,1
17254811535,580,4,3,8,8,6.144,3,0,0.11 | 0.14 | 0.22,0,1.30 | 2.50 | 3.49,0,1.15 | 1.60 | 3.07,0.942,0.000,0,1,0,0,0,0,-1,0,3,0,,0,,0,,0,0,941.6,0,1
17254811536,580,4,3,8,8,6.144,3,0,0.11 | 0.14 | 0.22,0,1.30 | 2.50 | 3.49,0,1.15 | 1.60 | 3.07,0.942,0.000,0,1,0,0,0,0,-1,0,3,0,,0,,0,,0,0,941.6,0,1
17254811537,580,4,3,8,8,6.144,3,0,0.11 | 0.14 | 0.22,0,1.30 | 2.50 | 3.49,0,1.15 | 1.60 | 3.07,0.942,0.000,0,1,0,0,0,0,-1,0,3,0,,0,,0,,0,0,941.6,0,1
17254811538,580,4,3,8,8,6.144,3,0,0.11 | 0.14 | 0.22,0,1.30 | 2.50 | 3.49,0,1.15 | 1.60 | 3.07,0.942,0.000,0,1,0,0,0,0,-1,0,3,0,,0,,0,,0,0,941.6,0,1
17254811539,580,4,3,8,8,6.144,3,0,0.11 | 0.14 | 0.22,0,1.30 | 2.50 | 3.49,0,1.15 | 1.60 | 3.07,0.942,0.000,0,1,0,0,0,0,-1,0,3,0,,0,,0,,0,0,941.6,0,1
17254811540,580,4,3,8,8,6.144,3,0,0.11 | 0.14 | 0.22,0,1.30 | 2.50 | 3.49,0,1.15 | 1.60 | 3.07,0.942,0.000,0,1,0,0,0,0,-1,0,3,0,,0,,0,,0,0,941.6,0,1
17254811541,580,4,3,8,8,6.144,3,0,0.11 | 0.14 | 0.22,0,1.30 | 2.50 | 3.49,0,1.15 | 1.60 | 3.07,0.942,0.000,0,1,0,0,0,0,-1,0,3,0,,0,,0,,0,0,941.6,0,1
17254811542,580,4,3,8,8,6.144,3,0,0.11 | 0.14 | 0.22,0,1.30 | 2.50 | 3.49,0,1.15 | 1.60 | 3.07,0.942,0.000,0,1,0,0,0,0,-1,0,3,0,,0,,0,,0,0,941.6,0,1
17254811543,580,4,3,8,8,5.081,3,0,0.11 | 0.14 | 0.22,0,1.30 | 2.50 | 3.49,0,1.15 | 1.60 | 3.07,0.942,0.000,0,1,0,0,0,0,-1,0,3,0,,0,,0,,0,0,941.6,0,1
17254811544,580,4,3,8,8,5.081,3,0,0.11 | 0.14 | 0.22,0,1.30 | 2.50 | 3.49,0,1.15 | 1.60 | 3.07,0.942,0.000,0,1,0,0,0,0,-1,0,3,0,,0,,0,,0,0,941.6,0,1
17254811545,580,4,3,8,8,5.081,3,0,0.11 | 0.14 | 0.22,0,1.30 | 2.50 | 3.49,0,1.15 | 1.60 | 3.07,0.942,0.000,0,1,0,0,0,0,-1,0,3,0,,0,,0,,0,0,941.6,0,1
17254811546,580,4,3,8,8,5.081,3,0,0.11 | 0.14 | 0.22,0,1.30 | 2.50 | 3.49,0,1.15 | 1.60 | 3.07,0.942,0.000,0,1,0,0,0,0,-1,0,3,0,,0,,0,,0,0,941.6,0,1
17254811547,580,4,3,8,8,5.081,3,0,0.11 | 0.14 | 0.22,0,1.30 | 2.50 | 3.49,0,1.15 | 1.60 | 3.07,0.942,0.000,0,1,0,0,0,0,-1,0,3,0,,0,,0,,0,0,941.6,0,1
17254811548,580,4,3,8,8,5.081,3,0,0.11 | 0.14 | 0.22,0,1.30 | 2.50 | 3.49,0,1.15 | 1.60 | 3.07,0.942,0.000,0,1,0,0,0,0,-1,0,3,0,,0,,0,,0,0,941.6,0,1
17254811549,580,4,3,8,8,5.081,3,0,0.11 | 0.14 | 0.22,0,1.30 | 2.50 | 3.49,0,1.15 | 1.60 | 3.07,0.942,0.000,0,1,0,0,0,0,-1,0,3,0,,0,,0,,0,0,941.6,0,1
17254811550,580,4,3,8,8,5.081,3,0,0.11 | 0.14 | 0.22,0,1.30 | 2.50 | 3.49,0,1.15 | 1.60 | 3.07,0.942,0.000,0,1,0,0,0,0,-1,0,3,0,,0,,0,,0,0,941.6,0,1
17254811551,387,4,2,8,8,5.081,3,0,0.11 | 0.14 | 0.22,0,1.30 | 2.50 | 3.49,0,1.15 | 1.60 | 3.07,0.942,0.000,0,1,0,0,0,0,-1,0,3,0,,0,,0,,0,0,923.25,0,1
17254811552,387,4,2,8,8,5.081,3,0,0.11 | 0.14 | 0.22,0,1.30 | 2.50 | 3.49,0,1.15 | 1.60 | 3.07,0.942,0.000,0,1,0,0,0,0,-1,0,3,0,,0,,0,,0,0,923.25,0,1
17254811553,387,4,2,8,8,4.019,3,0,0.11 | 0.13 | 0.22,0,1.30 | 2.47 | 3.49,0,1.15 | 1.62 | 3.07,0.923,0.000,0,1,0,0,0,0,-1,0,3,0,,0,,0,,0,0,923.25,0,1
17254811554,387,4,2,8,8,4.019,3,0,0.11 | 0.13 | 0.22,0,1.30 | 2.47 | 3.49,0,1.15 | 1.62 | 3.07,0.923,0.000,0,1,0,0,0,0,-1,0,3,0,,0,,0,,0,0,923.25,0,1
17254811555,387,4,2,8,8,4.019,3,0,0.11 | 0.13 | 0.22,0,1.30 | 2.47 | 3.49,0,1.15 | 1.62 | 3.07,0.923,0.000,0,1,0,0,0,0,-1,0,3,0,,0,,0,,0,0,923.25,0,1
17254811556,387,3,2,8,8,4.019,3,0,0.11 | 0.13 | 0.22,0,1.30 | 2.47 | 3.49,0,1.15 | 1.62 | 3.07,0.923,0.000,0,1,0,0,0,0,-1,0,3,0,,0,,0,,0,0,923.25,0,1
17254811557,387,3,2,8,8,4.019,3,0,0.11 | 0.13 | 0.22,0,1.30 | 2.47 | 3.49,0,1.15 | 1.62 | 3.07,0.923,0.000,0,1,0,0,0,0,-1,0,3,0,,0,,0,,0,0,923.25,0,1
17254811558,387,3,2,8,8,4.019,3,0,0.11 | 0.13 | 0.22,0,1.30 | 2.47 | 3.49,0,1.15 | 1.62 | 3.07,0.923,0.000,0,1,0,0,0,0,-1,0,3,0,,0,,0,,0,0,923.25,0,1
17254811559,387,3,2,8,8,4.019,3,0,0.11 | 0.13 | 0.22,0,1.30 | 2.47 | 3.49,0,1.15 | 1.62 | 3.07,0.923,0.000,0,1,0,0,0,0,-1,0,3,0,,0,,0,,0,0,923.25,0,1
17254811560,387,3,2,8,8,4.019,3,0,0.11 | 0.13 | 0.22,0,1.30 | 2.47 | 3.49,0,1.15 | 1.62 | 3.07,0.923,0.000,0,1,0,0,0,0,-1,0,3,0,,0,,0,,0,0,923.25,0,1
17254811561,387,3,2,8,8,4.019,3,0,0.11 | 0.13 | 0.22,0,1.30 | 2.47 | 3.49,0,1.15 | 1.62 | 3.07,0.923,0.000,0,1,0,0,0,0,-1,0,3,0,,0,,0,,0,0,923.25,0,1
17254811562,387,3,2,8,8,4.019,3,0,0.11 | 0.13 | 0.22,0,1.30 | 2.47 | 3.49,0,1.15 | 1.62 | 3.07,0.923,0.000,0,1,0,0,0,0,-1,0,3,0,,0,,0,,0,0,923.25,0,1
17254811563,387,3,2,8,8,3.222,3,0,0.11 | 0.13 | 0.22,0,1.30 | 2.47 | 3.49,0,1.15 | 1.62 | 3.07,0.923,0.000,0,1,0,0,0,0,-1,0,3,0,,0,,0,,0,0,923.25,0,1
17254811564,387,3,2,8,8,3.222,3,0,0.11 | 0.13 | 0.22,0,1.30 | 2.47 | 3.49,0,1.15 | 1.62 | 3.07,0.923,0.000,0,1,0,0,0,0,-1,0,3,0,,0,,0,,0,0,923.25,0,1
17254811565,387,3,2,8,8,3.222,3,0,0.11 | 0.13 | 0.22,0,1.30 | 2.47 | 3.49,0,1.15 | 1.62 | 3.07,0.923,0.000,0,1,0,0,0,0,-1,0,3,0,,0,,0,,0,0,923.25,0,1
17254811566,387,3,2,8,8,3.222,3,0,0.11 | 0.13 | 0.22,0,1.30 | 2.47 | 3.49,0,1.15 | 1.62 | 3.07,0.923,0.000,0,1,0,0,0,0,-1,0,3,0,,0,,0,,0,0,923.25,0,1
17254811567,387,3,2,8,8,3.222,3,0,0.11 | 0.13 | 0.22,0,1.30 | 2.47 | 3.49,0,1.15 | 1.62 | 3.07,0.923,0.000,0,1,0,0,0,0,-1,0,3,0,,0,,0,,0,0,923.25,0,1
17254811568,387,3,2,8,8,3.222,3,0,0.11 | 0.13 | 0.22,0,1.30 | 2.47 | 3.49,0,1.15 | 1.62 | 3.07,0.923,0.000,0,1,0,0,0,0,-1,0,3,0,,0,,0,,0,0,923.25,0,1
17254811569,387,3,2,8,8,3.222,3,0,0.11 | 0.13 | 0.22,0,1.30 | 2.47 | 3.49,0,1.15 | 1.62 | 3.07,0.923,0.000,0,1,0,0,0,0,-1,0,3,0,,0,,0,,0,0,923.25,0,1
17254811570,387,3,2,8,8,3.222,3,0,0.11 | 0.13 | 0.22,0,1.30 | 2.47 | 3.49,0,1.15 | 1.62 | 3.07,0.923,0.000,0,1,0,0,0,0,-1,0,3,0,,0,,0,,0,0,923.25,0,1
17254811571,387,3,2,8,8,3.222,3,0,0.11 | 0.13 | 0.22,0,1.30 | 2.47 | 3.49,0,1.15 | 1.62 | 3.07,0.923,0.000,0,1,0,0,0,0,-1,0,3,0,,0,,0,,0,0,923.25,0,1
17254811572,387,3,2,8,8,3.222,3,0,0.11 | 0.13 | 0.22,0,1.30 | 2.47 | 3.49,0,1.15 | 1.62 | 3.07,0.923,0.000,0,1,0,0,0,0,-1,0,3,0,,0,,0,,0,0,923.25,0,1
17254811573,387,3,2,8,8,6.853,3,0,0.11 | 0.11 | 0.11,0,1.30 | 2.19 | 3.49,0,1.15 | 1.83 | 3.07,0.999,0.000,0,1,0,0,0,0,-1,0,3,0,,0,,0,,0,0,999,0,1
17254811574,387,3,2,8,8,6.853,3,0,0.11 | 0.11 | 0.11,0,1.30 | 2.19 | 3.49,0,1.15 | 1.83 | 3.07,0.999,0.000,0,1,0,0,0,0,-1,0,3,0,,0,,0,,0,0,999,0,1
17254811575,387,3,2,8,8,6.853,3,0,0.11 | 0.11 | 0.11,0,1.30 | 2.19 | 3.49,0,1.15 | 1.83 | 3.07,0.999,0.000,0,1,0,0,0,0,-1,0,3,0,,0,,0,,0,0,999,0,1
17254811576,387,3,2,8,8,6.853,3,0,0.11 | 0.11 | 0.11,0,1.30 | 2.19 | 3.49,0,1.15 | 1.83 | 3.07,0.999,0.000,0,1,0,0,0,0,-1,0,3,0,,0,,0,,0,0,999,0,1
17254811577,387,3,2,8,8,6.853,3,0,0.11 | 0.11 | 0.11,0,1.30 | 2.19 | 3.49,0,1.15 | 1.83 | 3.07,0.999,0.000,0,1,0,0,0,0,-1,0,3,0,,0,,0,,0,0,999,0,1
17254811578,387,3,2,8,8,6.853,3,0,0.11 | 0.11 | 0.11,0,1.30 | 2.19 | 3.49,0,1.15 | 1.83 | 3.07,0.999,0.000,0,1,0,0,0,0,-1,0,3,0,,0,,0,,0,0,999,0,1
17254811579,387,3,2,8,8,6.853,3,0,0.11 | 0.11 | 0.11,0,1.30 | 2.19 | 3.49,0,1.15 | 1.83 | 3.07,0.999,0.000,0,1,0,0,0,0,-1,0,3,0,,0,,0,,0,0,999,0,1
17254811580,387,3,2,8,8,6.853,3,0,0.11 | 0.11 | 0.11,0,1.30 | 2.19 | 3.49,0,1.15 | 1.83 | 3.07,0.999,0.000,0,1,0,0,0,0,-1,0,3,0,,0,,0,,0,0,999,0,1
17254811581,387,3,2,8,8,6.853,3,0,0.11 | 0.11 | 0.11,0,1.30 | 2.19 | 3.49,0,1.15 | 1.83 | 3.07,0.999,0.000,0,1,0,0,0,0,-1,0,3,0,,0,,0,,0,0,999,0,1
17254811582,387,3,2,8,8,6.853,3,0,0.11 | 0.11 | 0.11,0,1.30 | 2.19 | 3.49,0,1.15 | 1.83 | 3.07,0.999,0.000,0,1,0,0,0,0,-1,0,3,0,,0,,0,,0,0,999,0,1
17254811583,387,3,2,8,8,5.897,3,0,0.11 | 0.11 | 0.11,0,1.30 | 2.19 | 3.49,0,1.15 | 1.83 | 3.07,0.999,0.000,0,1,0,0,0,0,-1,0,3,0,,0,,0,,0,0,999,0,1
17254811584,387,3,2,8,8,5.897,3,0,0.11 | 0.11 | 0.11,0,1.30 | 2.19 | 3.49,0,1.15 | 1.83 | 3.07,0.999,0.000,0,1,0,0,0,0,-1,0,3,0,,0,,0,,0,0,999,0,1
17254811585,387,3,2,8,8,5.897,3,0,0.11 | 0.11 | 0.11,0,1.30 | 2.19 | 3.49,0,1.15 | 1.83 | 3.07,0.999,0.000,0,1,0,0,0,0,-1,0,3,0,,0,,0,,0,0,999,0,1
17254811586,387,3,2,8,8,5.897,3,0,0.11 | 0.11 | 0.11,0,1.30 | 2.19 | 3.49,0,1.15 | 1.83 | 3.07,0.999,0.000,0,1,0,0,0,0,-1,0,3,0,,0,,0,,0,0,999,0,1
17254811587,387,3,2,8,8,5.897,3,0,0.11 | 0.11 | 0.11,0,1.30 | 2.19 | 3.49,0,1.15 | 1.83 | 3.07,0.999,0.000,0,1,0,0,0,0,-1,0,3,0,,0,,0,,0,0,999,0,1
17254811588,387,3,2,8,8,5.897,3,0,0.11 | 0.11 | 0.11,0,1.30 | 2.19 | 3.49,0,1.15 | 1.83 | 3.07,0.999,0.000,0,1,0,0,0,0,-1,0,3,0,,0,,0,,0,0,999,0,1
17254811589,387,3,2,8,8,5.897,3,0,0.11 | 0.11 | 0.11,0,1.30 | 2.19 | 3.49,0,1.15 | 1.83 | 3.07,0.999,0.000,0,1,0,0,0,0,-1,0,3,0,,0,,0,,0,0,989.5,0,1
17254811590,387,3,2,8,8,5.897,3,0,0.11 | 0.11 | 0.11,0,1.30 | 2.19 | 3.49,0,1.15 | 1.83 | 3.07,0.999,0.000,0,1,0,0,0,0,-1,0,3,0,,0,,0,,0,0,989.5,0,1
17254811591,387,3,2,8,8,5.897,3,0,0.11 | 0.11 | 0.11,0,1.30 | 2.19 | 3.49,0,1.15 | 1.83 | 3.07,0.999,0.000,0,1,0,0,0,0,-1,0,3,0,,0,,0,,0,0,989.5,0,1
17254811592,387,3,2,8,8,5.897,3,0,0.11 | 0.11 | 0.11,0,1.30 | 2.19 | 3.49,0,1.15 | 1.83 | 3.07,0.999,0.000,0,1,0,0,0,0,-1,0,3,0,,0,,0,,0,0,989.5,0,1
17254811593,387,3,2,8,8,8.035,3,0,0.11 | 0.11 | 0.11,0,1.30 | 1.68 | 1.99,0,2.01 | 2.38 | 3.07,0.990,0.000,0,1,0,0,0,0,-1,0,3,0,,0,,0,,0,0,989.5,0,1
17254811594,387,3,2,8,8,8.035,3,0,0.11 | 0.11 | 0.11,0,1.30 | 1.68 | 1.99,0,2.01 | 2.38 | 3.07,0.990,0.000,0,1,0,0,0,0,-1,0,3,0,,0,,0,,0,0,989.5,0,1
17254811595,387,3,2,8,8,8.035,3,0,0.11 | 0.11 | 0.11,0,1.30 | 1.68 | 1.99,0,2.01 | 2.38 | 3.07,0.990,0.000,0,1,0,0,0,0,-1,0,3,0,,0,,0,,0,0,989.5,0,1
17254811596,387,2,2,8,8,8.035,3,0,0.11 | 0.11 | 0.11,0,1.30 | 1.68 | 1.99,0,2.01 | 2.38 | 3.07,0.990,0.000,0,1,0,0,0,0,-1,0,3,0,,0,,0,,0,0,989.5,0,1
17254811597,387,2,2,8,8,8.035,3,0,0.11 | 0.11 | 0.11,0,1.30 | 1.68 | 1.99,0,2.01 | 2.38 | 3.07,0.990,0.000,0,1,0,0,0,0,-1,0,3,0,,0,,0,,0,0,989.5,0,1
17254811598,387,2,2,8,8,8.035,3,0,0.11 | 0.11 | 0.11,0,1.30 | 1.68 | 1.99,0,2.01 | 2.38 | 3.07,0.990,0.000,0,1,0,0,0,0,-1,0,3,0,,0,,0,,0,0,989.5,0,1
17254811599,387,2,2,8,8,8.035,3,0,0.11 | 0.11 | 0.11,0,1.30 | 1.68 | 1.99,0,2.01 | 2.38 | 3.07,0.990,0.000,0,1,0,0,0,0,-1,0,3,0,,0,,0,,0,0,989.5,0,1
17254811600,387,2,2,8,8,8.035,3,0,0.11 | 0.11 | 0.11,0,1.30 | 1.68 | 1.99,0,2.01 | 2.38 | 3.07,0.990,0.000,0,1,0,0,0,0,-1,0,3,0,,0,,0,,0,0,989.5,0,1
17254811601,387,2,2,8,8,8.035,3,0,0.11 | 0.11 | 0.11,0,1.30 | 1.68 | 1.99,0,2.01 | 2.38 | 3.07,0.990,0.000,0,1,0,0,0,0,-1,0,3,0,,0,,0,,0,0,989.5,0,1
17254811602,387,2,2,8,8,8.035,3,0,0.11 | 0.11 | 0.11,0,1.30 | 1.68 | 1.99,0,2.01 | 2.38 | 3.07,0.990,0.000,0,1,0,0,0,0,-1,0,3,0,,0,,0,,0,0,989.5,0,1
17254811603,387,2,2,8,8,7.238,3,0,0.11 | 0.11 | 0.11,0,1.30 | 1.68 | 1.99,0,2.01 | 2.38 | 3.07,0.990,0.000,0,1,0,0,0,0,-1,0,3,0,,0,,0,,0,0,989.5,0,1
17254811604,387,2,2,8,8,7.238,3,0,0.11 | 0.11 | 0.11,0,1.30 | 1.68 | 1.99,0,2.01 | 2.38 | 3.07,0.990,0.000,0,1,0,0,0,0,-1,0,3,0,,0,,0,,0,0,989.5,0,1
17254811605,387,2,2,8,8,7.238,3,0,0.11 | 0.11 | 0.11,0,1.30 | 1.68 | 1.99,0,2.01 | 2.38 | 3.07,0.990,0.000,0,1,0,0,0,0,-1,0,3,0,,0,,0,,0,0,989.5,0,1
17254811606,387,2,2,8,8,7.238,3,0,0.11 | 0.11 | 0.11,0,1.30 | 1.68 | 1.99,0,2.01 | 2.38 | 3.07,0.990,0.000,0,1,0,0,0,0,-1,0,3,0,,0,,0,,0,0,989.5,0,1
17254811607,387,2,2,8,8,7.238,3,0,0.11 | 0.11 | 0.11,0,1.30 | 1.68 | 1.99,0,2.01 | 2.38 | 3.07,0.990,0.000,0,1,0,0,0,0,-1,0,3,0,,0,,0,,0,0,989.5,0,1
17254811608,387,2,2,8,8,7.238,3,0,0.11 | 0.11 | 0.11,0,1.30 | 1.68 | 1.99,0,2.01 | 2.38 | 3.07,0.990,0.000,0,1,0,0,0,0,-1,0,3,0,,0,,0,,0,0,989.5,0,1
17254811609,387,2,2,8,8,7.238,3,0,0.11 | 0.11 | 0.11,0,1.30 | 1.68 | 1.99,0,2.01 | 2.38 | 3.07,0.990,0.000,0,1,0,0,0,0,-1,0,3,0,,0,,0,,0,0,989.5,0,1
17254811610,387,2,2,8,8,7.238,3,0,0.11 | 0.11 | 0.11,0,1.30 | 1.68 | 1.99,0,2.01 | 2.38 | 3.07,0.990,0.000,0,1,0,0,0,0,-1,0,3,0,,0,,0,,0,0,989.5,0,1
17254811611,387,2,2,8,8,7.238,3,0,0.11 | 0.11 | 0.11,0,1.30 | 1.68 | 1.99,0,2.01 | 2.38 | 3.07,0.990,0.000,0,1,0,0,0,0,-1,0,3,0,,0,,0,,0,0,964.5,0,1
17254811612,387,2,2,8,8,7.238,3,0,0.11 | 0.11 | 0.11,0,1.30 | 1.68 | 1.99,0,2.01 | 2.38 | 3.07,0.990,0.000,0,1,0,0,0,0,-1,0,3,0,,0,,0,,0,0,964.5,0,1
17254811613,387,2,2,8,8,10.812,3,0,0.11 | 0.11 | 0.11,0,1.47 | 1.88 | 2.10,0,1.90 | 2.13 | 2.73,0.965,0.000,0,1,0,0,0,0,-1,0,3,0,,0,,0,,0,0,964.5,0,1
17254811614,387,2,2,8,8,10.812,3,0,0.11 | 0.11 | 0.11,0,1.47 | 1.88 | 2.10,0,1.90 | 2.13 | 2.73,0.965,0.000,0,1,0,0,0,0,-1,0,3,0,,0,,0,,0,0,964.5,0,1
17254811615,387,2,2,8,8,10.812,3,0,0.11 | 0.11 | 0.11,0,1.47 | 1.88 | 2.10,0,1.90 | 2.13 | 2.73,0.965,0.000,0,1,0,0,0,0,-1,0,3,0,,0,,0,,0,0,964.5,0,1
17254811616,387,2,2,8,8,10.812,3,0,0.11 | 0.11 | 0.11,0,1.47 | 1.88 | 2.10,0,1.90 | 2.13 | 2.73,0.965,0.000,0,1,0,0,0,0,-1,0,3,0,,0,,0,,0,0,964.5,0,1
17254811617,387,2,2,8,8,10.812,3,0,0.11 | 0.11 | 0.11,0,1.47 | 1.88 | 2.10,0,1.90 | 2.13 | 2.73,0.965,0.000,0,1,0,0,0,0,-1,0,3,0,,0,,0,,0,0,964.5,0,1
17254811618,387,2,2,8,8,10.812,3,0,0.11 | 0.11 | 0.11,0,1.47 | 1.88 | 2.10,0,1.90 | 2.13 | 2.73,0.965,0.000,0,1,0,0,0,0,-1,0,3,0,,0,,0,,0,0,964.5,0,1
17254811619,387,2,2,8,8,10.812,3,0,0.11 | 0.11 | 0.11,0,1.47 | 1.88 | 2.10,0,1.90 | 2.13 | 2.73,0.965,0.000,0,1,0,0,0,0,-1,0,3,0,,0,,0,,0,0,964.5,0,1
17254811620,387,2,2,8,8,10.812,3,0,0.11 | 0.11 | 0.11,0,1.47 | 1.88 | 2.10,0,1.90 | 2.13 | 2.73,0.965,0.000,0,1,0,0,0,0,-1,0,3,0,,0,,0,,0,0,964.5,0,1
17254811621,387,2,2,8,8,10.812,3,0,0.11 | 0.11 | 0.11,0,1.47 | 1.88 | 2.10,0,1.90 | 2.13 | 2.73,0.965,0.000,0,1,0,0,0,0,-1,0,3,0,,0,,0,,0,0,964.5,0,1
17254811622,387,2,2,8,8,10.812,3,0,0.11 | 0.11 | 0.11,0,1.47 | 1.88 | 2.10,0,1.90 | 2.13 | 2.73,0.965,0.000,0,1,0,0,0,0,-1,0,3,0,,0,,0,,0,0,964.5,0,1
17254811623,387,2,2,8,8,9.913,3,0,0.11 | 0.11 | 0.11,0,1.47 | 1.88 | 2.10,0,1.90 | 2.13 | 2.73,0.965,0.000,0,1,0,0,0,0,-1,0,3,0,,0,,0,,0,0,964.5,0,1
17254811624,387,2,2,8,8,9.913,3,0,0.11 | 0.11 | 0.11,0,1.47 | 1.88 | 2.10,0,1.90 | 2.13 | 2.73,0.965,0.000,0,1,0,0,0,0,-1,0,3,0,,0,,0,,0,0,964.5,0,1
17254811625,387,2,2,8,8,9.913,3,0,0.11 | 0.11 | 0.11,0,1.47 | 1.88 | 2.10,0,1.90 | 2.13 | 2.73,0.965,0.000,0,1,0,0,0,0,-1,0,3,0,,0,,0,,0,0,978.25,0,1
17254811626,387,2,2,8,8,9.913,3,0,0.11 | 0.11 | 0.11,0,1.47 | 1.88 | 2.10,0,1.90 | 2.13 | 2.73,0.965,0.000,0,1,0,0,0,0,-1,0,3,0,,0,,0,,0,0,978.25,0,1
17254811627,387,2,2,8,8,9.913,3,0,0.11 | 0.11 | 0.11,0,1.47 | 1.88 | 2.10,0,1.90 | 2.13 | 2.73,0.965,0.000,0,1,0,0,0,0,-1,0,3,0,,0,,0,,0,0,978.25,0,1
17254811628,387,2,2,8,8,9.913,3,0,0.11 | 0.11 | 0.11,0,1.47 | 1.88 | 2.10,0,1.90 | 2.13 | 2.73,0.965,0.000,0,1,0,0,0,0,-1,0,3,0,,0,,0,,0,0,978.25,0,1
17254811629,387,2,2,8,8,9.913,3,0,0.11 | 0.11 | 0.11,0,1.47 | 1.88 | 2.10,0,1.90 | 2.13 | 2.73,0.965,0.000,0,1,0,0,0,0,-1,0,3,0,,0,,0,,0,0,978.25,0,1
17254811630,387,2,2,8,8,9.913,3,0,0.11 | 0.11 | 0.11,0,1.47 | 1.88 | 2.10,0,1.90 | 2.13 | 2.73,0.965,0.000,0,1,0,0,0,0,-1,0,3,0,,0,,0,,0,0,978.25,0,1
17254811631,387,2,2,8,8,9.913,3,0,0.11 | 0.11 | 0.11,0,1.47 | 1.88 | 2.10,0,1.90 | 2.13 | 2.73,0.965,0.000,0,1,0,0,0,0,-1,0,3,0,,0,,0,,0,0,978.25,0,1
17254811632,387,2,2,8,8,9.913,3,0,0.11 | 0.11 | 0.11,0,1.47 | 1.88 | 2.10,0,1.90 | 2.13 | 2.73,0.965,0.000,0,1,0,0,0,0,-1,0,3,0,,0,,0,,0,0,978.25,0,1
17254811633,387,2,2,8,8,12.05,3,0,0.11 | 0.11 | 0.11,0,1.31 | 1.72 | 2.10,0,1.90 | 2.33 | 3.05,0.978,0.000,0,1,0,0,0,0,-1,0,3,0,,0,,0,,0,0,978.25,0,1
17254811634,387,2,2,8,8,12.05,3,0,0.11 | 0.11 | 0.11,0,1.31 | 1.72 | 2.10,0,1.90 | 2.33 | 3.05,0.978,0.000,0,1,0,0,0,0,-1,0,3,0,,0,,0,,0,0,978.25,0,1
17254811635,387,2,2,8,8,12.05,3,0,0.11 | 0.11 | 0.11,0,1.31 | 1.72 | 2.10,0,1.90 | 2.33 | 3.05,0.978,0.000,0,1,0,0,0,0,-1,0,3,0,,0,,0,,0,0,978.25,0,1
17254811636,387,2,2,8,8,12.05,3,0,0.11 | 0.11 | 0.11,0,1.31 | 1.72 | 2.10,0,1.90 | 2.33 | 3.05,0.978,0.000,0,1,0,0,0,0,-1,0,3,0,,0,,0,,0,0,978.25,0,1
17254811637,387,2,2,8,8,12.05,3,0,0.11 | 0.11 | 0.11,0,1.31 | 1.72 | 2.10,0,1.90 | 2.33 | 3.05,0.978,0.000,0,1,0,0,0,0,-1,0,3,0,,0,,0,,0,0,978.25,0,1
17254811638,387,2,2,8,8,12.05,3,0,0.11 | 0.11 | 0.11,0,1.31 | 1.72 | 2.10,0,1.90 | 2.33 | 3.05,0.978,0.000,0,1,0,0,0,0,-1,0,3,0,,0,,0,,0,0,978.25,0,1
17254811639,387,2,2,8,8,12.05,3,0,0.11 | 0.11 | 0.11,0,1.31 | 1.72 | 2.10,0,1.90 | 2.33 | 3.05,0.978,0.000,0,1,0,0,0,0,-1,0,3,0,,0,,0,,0,0,978.25,0,1
17254811640,387,2,2,8,8,12.05,3,0,0.11 | 0.11 | 0.11,0,1.31 | 1.72 | 2.10,0,1.90 | 2.33 | 3.05,0.978,0.000,0,1,0,0,0,0,-1,0,3,0,,0,,0,,0,0,978.25,0,1
17254811641,387,2,2,8,8,12.05,3,0,0.11 | 0.11 | 0.11,0,1.31 | 1.72 | 2.10,0,1.90 | 2.33 | 3.05,0.978,0.000,0,1,0,0,0,0,-1,0,3,0,,0,,0,,0,0,978.25,0,1
17254811642,387,2,2,8,8,12.05,3,0,0.11 | 0.11 | 0.11,0,1.31 | 1.72 | 2.10,0,1.90 | 2.33 | 3.05,0.978,0.000,0,1,0,0,0,0,-1,0,3,0,,0,,0,,0,0,978.25,0,1
17254811643,387,2,2,8,8,11.253,3,0,0.11 | 0.11 | 0.11,0,1.31 | 1.72 | 2.10,0,1.90 | 2.33 | 3.05,0.978,0.000,0,1,0,0,0,0,-1,0,3,0,,0,,0,,0,0,978.25,0,1
17254811644,387,2,2,8,8,11.253,3,0,0.11 | 0.11 | 0.11,0,1.31 | 1.72 | 2.10,0,1.90 | 2.33 | 3.05,0.978,0.000,0,1,0,0,0,0,-1,0,3,0,,0,,0,,0,0,978.25,0,1
17254811645,387,2,2,8,8,11.253,3,0,0.11 | 0.11 | 0.11,0,1.31 | 1.72 | 2.10,0,1.90 | 2.33 | 3.05,0.978,0.000,0,1,0,0,0,0,-1,0,3,0,,0,,0,,0,0,978.25,0,1
17254811646,387,2,2,8,8,11.253,3,0,0.11 | 0.11 | 0.11,0,1.31 | 1.72 | 2.10,0,1.90 | 2.33 | 3.05,0.978,0.000,0,1,0,0,0,0,-1,0,3,0,,0,,0,,0,0,978.25,0,1
17254811647,387,2,2,8,8,11.253,3,0,0.11 | 0.11 | 0.11,0,1.31 | 1.72 | 2.10,0,1.90 | 2.33 | 3.05,0.978,0.000,0,1,0,0,0,0,-1,0,3,0,,0,,0,,0,0,978.25,0,1
17254811648,387,2,2,8,8,11.253,3,0,0.11 | 0.11 | 0.11,0,1.31 | 1.72 | 2.10,0,1.90 | 2.33 | 3.05,0.978,0.000,0,1,0,0,0,0,-1,0,3,0,,0,,0,,0,0,978.25,0,1
17254811649,387,2,2,8,8,11.253,3,0,0.11 | 0.11 | 0.11,0,1.31 | 1.72 | 2.10,0,1.90 | 2.33 | 3.05,0.978,0.000,0,1,0,0,0,0,-1,0,3,0,,0,,0,,0,0,978.25,0,1
17254811650,387,2,2,8,8,11.253,3,0,0.11 | 0.11 | 0.11,0,1.31 | 1.72 | 2.10,0,1.90 | 2.33 | 3.05,0.978,0.000,0,1,0,0,0,0,-1,0,3,0,,0,,0,,0,0,978.25,0,1
17254811651,387,2,2,8,8,11.253,3,0,0.11 | 0.11 | 0.11,0,1.31 | 1.72 | 2.10,0,1.90 | 2.33 | 3.05,0.978,0.000,0,1,0,0,0,0,-1,0,3,0,,0,,0,,0,0,978.25,0,1
17254811652,387,2,2,8,8,11.253,3,0,0.11 | 0.11 | 0.11,0,1.31 | 1.72 | 2.10,0,1.90 | 2.33 | 3.05,0.978,0.000,0,1,0,0,0,0,-1,0,3,0,,0,,0,,0,0,978.25,0,1
17254811653,387,2,2,8,8,10.191,3,0,0.11 | 0.11 | 0.11,0,1.31 | 1.72 | 2.10,0,1.90 | 2.33 | 3.05,0.978,0.000,0,1,0,0,0,0,-1,0,3,0,,0,,0,,0,0,978.25,0,1
17254811654,387,2,2,8,8,10.191,3,0,0.11 | 0.11 | 0.11,0,1.31 | 1.72 | 2.10,0,1.90 | 2.33 | 3.05,0.978,0.000,0,1,0,0,0,0,-1,0,3,0,,0,,0,,0,0,978.25,0,1
17254811655,387,2,2,8,8,10.191,3,0,0.11 | 0.11 | 0.11,0,1.31 | 1.72 | 2.10,0,1.90 | 2.33 | 3.05,0.978,0.000,0,1,0,0,0,0,-1,0,3,0,,0,,0,,0,0,978.25,0,1
17254811656,387,2,2,8,8,10.191,3,0,0.11 | 0.11 | 0.11,0,1.31 | 1.72 | 2.10,0,1.90 | 2.33 | 3.05,0.978,0.000,0,1,0,0,0,0,-1,0,3,0,,0,,0,,0,0,987,0,1
17254811657,387,2,2,8,8,10.191,3,0,0.11 | 0.11 | 0.11,0,1.31 | 1.72 | 2.10,0,1.90 | 2.33 | 3.05,0.978,0.000,0,1,0,0,0,0,-1,0,3,0,,0,,0,,0,0,987,0,1
17254811658,387,2,2,8,8,10.191,3,0,0.11 | 0.11 | 0.11,0,1.31 | 1.72 | 2.10,0,1.90 | 2.33 | 3.05,0.978,0.000,0,1,0,0,0,0,-1,0,3,0,,0,,0,,0,0,987,0,1
17254811659,387,2,2,8,8,10.191,3,0,0.11 | 0.11 | 0.11,0,1.31 | 1.72 | 2.10,0,1.90 | 2.33 | 3.05,0.978,0.000,0,1,0,0,0,0,-1,0,3,0,,0,,0,,0,0,987,0,1
17254811660,387,2,2,8,8,10.191,3,0,0.11 | 0.11 | 0.11,0,1.31 | 1.72 | 2.10,0,1.90 | 2.33 | 3.05,0.978,0.000,0,1,0,0,0,0,-1,0,3,0,,0,,0,,0,0,987,0,1
17254811661,387,2,2,8,8,10.191,3,0,0.11 | 0.11 | 0.11,0,1.31 | 1.72 | 2.10,0,1.90 | 2.33 | 3.05,0.978,0.000,0,1,0,0,0,0,-1,0,3,0,,0,,0,,0,0,987,0,1
17254811662,387,2,2,8,8,10.191,3,0,0.11 | 0.11 | 0.11,0,1.31 | 1.72 | 2.10,0,1.90 | 2.33 | 3.05,0.978,0.000,0,1,0,0,0,0,-1,0,3,0,,0,,0,,0,0,987,0,1
17254811663,387,2,2,8,8,13.928,3,0,0.11 | 0.11 | 0.11,0,1.31 | 1.59 | 2.10,0,1.90 | 2.52 | 3.05,0.987,0.000,0,1,0,0,0,0,-1,0,3,0,,0,,0,,0,0,987,0,1
17254811664,387,2,2,8,8,13.928,3,0,0.11 | 0.11 | 0.11,0,1.31 | 1.59 | 2.10,0,1.90 | 2.52 | 3.05,0.987,0.000,0,1,0,0,0,0,-1,0,3,0,,0,,0,,0,0,987,0,1
17254811665,387,2,2,8,8,13.928,3,0,0.11 | 0.11 | 0.11,0,1.31 | 1.59 | 2.10,0,1.90 | 2.52 | 3.05,0.987,0.000,0,1,0,0,0,0,-1,0,3,0,,0,,0,,0,0,987,0,1
17254811666,387,2,2,8,8,13.928,3,0,0.11 | 0.11 | 0.11,0,1.31 | 1.59 | 2.10,0,1.90 | 2.52 | 3.05,0.987,0.000,0,1,0,0,0,0,-1,0,3,0,,0,,0,,0,0,987,0,1
17254811667,387,2,2,8,8,13.928,3,0,0.11 | 0.11 | 0.11,0,1.31 | 1.59 | 2.10,0,1.90 | 2.52 | 3.05,0.987,0.000,0,1,0,0,0,0,-1,0,3,0,,0,,0,,0,0,987,0,1
17254811668,387,2,2,8,8,13.928,3,0,0.11 | 0.11 | 0.11,0,1.31 | 1.59 | 2.10,0,1.90 | 2.52 | 3.05,0.987,0.000,0,1,0,0,0,0,-1,0,3,0,,0,,0,,0,0,987,0,1
17254811669,387,2,2,8,8,13.928,3,0,0.11 | 0.11 | 0.11,0,1.31 | 1.59 | 2.10,0,1.90 | 2.52 | 3.05,0.987,0.000,0,1,0,0,0,0,-1,0,3,0,,0,,0,,0,0,987,0,1
17254811670,387,2,2,8,8,13.928,3,0,0.11 | 0.11 | 0.11,0,1.31 | 1.59 | 2.10,0,1.90 | 2.52 | 3.05,0.987,0.000,0,1,0,0,0,0,-1,0,3,0,,0,,0,,0,0,987,0,1
17254811671,387,2,2,8,8,13.928,3,0,0.11 | 0.11 | 0.11,0,1.31 | 1.59 | 2.10,0,1.90 | 2.52 | 3.05,0.987,0.000,0,1,0,0,0,0,-1,0,3,0,,0,,0,,0,0,987,0,1
17254811672,387,2,2,8,8,13.928,3,0,0.11 | 0.11 | 0.11,0,1.31 | 1.59 | 2.10,0,1.90 | 2.52 | 3.05,0.987,0.000,0,1,0,0,0,0,-1,0,3,0,,0,,0,,0,0,987,0,1
17254811673,387,2,2,8,8,12.866,3,0,0.11 | 0.11 | 0.11,0,1.31 | 1.59 | 2.10,0,1.90 | 2.52 | 3.05,0.987,0.000,0,1,0,0,0,0,-1,0,3,0,,0,,0,,0,0,987,0,1
17254811674,387,2,2,8,8,12.866,3,0,0.11 | 0.11 | 0.11,0,1.31 | 1.59 | 2.10,0,1.90 | 2.52 | 3.05,0.987,0.000,0,1,0,0,0,0,-1,0,3,0,,0,,0,,0,0,987,0,1
17254811675,387,2,2,8,8,12.866,3,0,0.11 | 0.11 | 0.11,0,1.31 | 1.59 | 2.10,0,1.90 | 2.52 | 3.05,0.987,0.000,0,1,0,0,0,0,-1,0,3,0,,0,,0,,0,0,987,0,1
17254811676,387,2,2,8,8,12.866,3,0,0.11 | 0.11 | 0.11,0,1.31 | 1.59 | 2.10,0,1.90 | 2.52 | 3.05,0.987,0.000,0,1,0,0,0,0,-1,0,3,0,,0,,0,,0,0,987,0,1
17254811677,387,2,2,8,8,12.866,3,0,0.11 | 0.11 | 0.11,0,1.31 | 1.59 | 2.10,0,1.90 | 2.52 | 3.05,0.987,0.000,0,1,0,0,0,0,-1,0,3,0,,0,,0,,0,0,987,0,1
17254811678,387,2,2,8,8,12.866,3,0,0.11 | 0.11 | 0.11,0,1.31 | 1.59 | 2.10,0,1.90 | 2.52 | 3.05,0.987,0.000,0,1,0,0,0,0,-1,0,3,0,,0,,0,,0,0,987,0,1
17254811679,387,2,2,8,8,12.866,3,0,0.11 | 0.11 | 0.11,0,1.31 | 1.59 | 2.10,0,1.90 | 2.52 | 3.05,0.987,0.000,0,1,0,0,0,0,-1,0,3,0,,0,,0,,0,0,987,0,1
17254811680,387,2,2,8,8,12.866,3,0,0.11 | 0.11 | 0.11,0,1.31 | 1.59 | 2.10,0,1.90 | 2.52 | 3.05,0.987,0.000,0,1,0,0,0,0,-1,0,3,0,,0,,0,,0,0,987,0,1
17254811681,387,2,2,8,8,12.866,3,0,0.11 | 0.11 | 0.11,0,1.31 | 1.59 | 2.10,0,1.90 | 2.52 | 3.05,0.987,0.000,0,1,0,0,0,0,-1,0,3,0,,0,,0,,0,0,987,0,1
17254811682,387,2,2,8,8,12.866,3,0,0.11 | 0.11 | 0.11,0,1.31 | 1.59 | 2.10,0,1.90 | 2.52 | 3.05,0.987,0.000,0,1,0,0,0,0,-1,0,3,0,,0,,0,,0,0,987,0,1
17254811683,387,2,2,8,8,12.069,3,0,0.11 | 0.11 | 0.11,0,1.31 | 1.59 | 2.10,0,1.90 | 2.52 | 3.05,0.987,0.000,0,1,0,0,0,0,-1,0,3,0,,0,,0,,0,0,987,0,1
17254811684,387,2,2,8,8,12.069,3,0,0.11 | 0.11 | 0.11,0,1.31 | 1.59 | 2.10,0,1.90 | 2.52 | 3.05,0.987,0.000,0,1,0,0,0,0,-1,0,3,0,,0,,0,,0,0,987,0,1
17254811685,387,2,2,8,8,12.069,3,0,0.11 | 0.11 | 0.11,0,1.31 | 1.59 | 2.10,0,1.90 | 2.52 | 3.05,0.987,0.000,0,1,0,0,0,0,-1,0,3,0,,0,,0,,0,0,987,0,1
17254811686,387,2,2,8,8,12.069,3,0,0.11 | 0.11 | 0.11,0,1.31 | 1.59 | 2.10,0,1.90 | 2.52 | 3.05,0.987,0.000,0,1,0,0,0,0,-1,0,3,0,,0,,0,,0,0,987,0,1
17254811687,387,2,2,8,8,12.069,3,0,0.11 | 0.11 | 0.11,0,1.31 | 1.59 | 2.10,0,1.90 | 2.52 | 3.05,0.987,0.000,0,1,0,0,0,0,-1,0,3,0,,0,,0,,0,0,987,0,1
17254811688,387,2,2,8,8,12.069,3,0,0.11 | 0.11 | 0.11,0,1.31 | 1.59 | 2.10,0,1.90 | 2.52 | 3.05,0.987,0.000,0,1,0,0,0,0,-1,0,3,0,,0,,0,,0,0,987,0,1
17254811689,387,2,2,8,8,12.069,3,0,0.11 | 0.11 | 0.11,0,1.31 | 1.59 | 2.10,0,1.90 | 2.52 | 3.05,0.987,0.000,0,1,0,0,0,0,-1,0,3,0,,0,,0,,0,0,987,0,1
17254811690,387,2,2,8,8,12.069,3,0,0.11 | 0.11 | 0.11,0,1.31 | 1.59 | 2.10,0,1.90 | 2.52 | 3.05,0.987,0.000,0,1,0,0,0,0,-1,0,3,0,,0,,0,,0,0,987,0,1
17254811691,387,2,2,8,8,12.069,3,0,0.11 | 0.11 | 0.11,0,1.31 | 1.59 | 2.10,0,1.90 | 2.52 | 3.05,0.987,0.000,0,1,0,0,0,0,-1,0,3,0,,0,,0,,0,0,987,0,1
17254811692,387,2,2,8,8,12.069,3,0,0.11 | 0.11 | 0.11,0,1.31 | 1.59 | 2.10,0,1.90 | 2.52 | 3.05,0.987,0.000,0,1,0,0,0,0,-1,0,3,0,,0,,0,,0,0,987,0,1
17254811693,387,2,2,8,8,11.006,3,0,0.11 | 0.11 | 0.11,0,1.31 | 1.59 | 2.10,0,1.90 | 2.52 | 3.05,0.987,0.000,0,1,0,0,0,0,-1,0,3,0,,0,,0,,0,0,987,0,1
17254811694,387,2,2,8,8,11.006,3,0,0.11 | 0.11 | 0.11,0,1.31 | 1.59 | 2.10,0,1.90 | 2.52 | 3.05,0.987,0.000,0,1,0,0,0,0,-1,0,3,0,,0,,0,,0,0,987,0,1
17254811695,387,2,2,8,8,11.006,3,0,0.11 | 0.11 | 0.11,0,1.31 | 1.59 | 2.10,0,1.90 | 2.52 | 3.05,0.987,0.000,0,1,0,0,0,0,-1,0,3,0,,0,,0,,0,0,987,0,1
17254811696,387,2,2,8,8,11.006,3,0,0.11 | 0.11 | 0.11,0,1.31 | 1.59 | 2.10,0,1.90 | 2.52 | 3.05,0.987,0.000,0,1,0,0,0,0,-1,0,3,0,,0,,0,,0,0,987,0,1
17254811697,387,2,2,8,8,11.006,3,0,0.11 | 0.11 | 0.11,0,1.31 | 1.59 | 2.10,0,1.90 | 2.52 | 3.05,0.987,0.000,0,1,0,0,0,0,-1,0,3,0,,0,,0,,0,0,987,0,1
17254811698,387,2,2,8,8,11.006,3,0,0.11 | 0.11 | 0.11,0,1.31 | 1.59 | 2.10,0,1.90 | 2.52 | 3.05,0.987,0.000,0,1,0,0,0,0,-1,0,3,0,,0,,0,,0,0,987,0,1
17254811699,387,2,2,8,8,11.006,3,0,0.11 | 0.11 | 0.11,0,1.31 | 1.59 | 2.10,0,1.90 | 2.52 | 3.05,0.987,0.000,0,1,0,0,0,0,-1,0,3,0,,0,,0,,0,0,987,0,1
17254811700,387,2,2,8,8,11.006,3,0,0.11 | 0.11 | 0.11,0,1.31 | 1.59 | 2.10,0,1.90 | 2.52 | 3.05,0.987,0.000,0,1,0,0,0,0,-1,0,3,0,,0,,0,,0,0,987,0,1
17254811701,387,2,2,8,8,11.006,3,0,0.11 | 0.11 | 0.11,0,1.31 | 1.59 | 2.10,0,1.90 | 2.52 | 3.05,0.987,0.000,0,1,0,0,0,0,-1,0,3,0,,0,,0,,0,0,987,0,1
17254811702,387,2,2,8,8,11.006,3,0,0.11 | 0.11 | 0.11,0,1.31 | 1.59 | 2.10,0,1.90 | 2.52 | 3.05,0.987,0.000,0,1,0,0,0,0,-1,0,3,0,,0,,0,,0,0,987,0,1
17254811703,387,2,2,8,8,9.944,3,0,0.11 | 0.11 | 0.11,0,1.31 | 1.59 | 2.10,0,1.90 | 2.52 | 3.05,0.987,0.000,0,1,0,0,0,0,-1,0,3,0,,0,,0,,0,0,987,0,1
17254811704,387,2,2,8,8,9.944,3,0,0.11 | 0.11 | 0.11,0,1.31 | 1.59 | 2.10,0,1.90 | 2.52 | 3.05,0.987,0.000,0,1,0,0,0,0,-1,0,3,0,,0,,0,,0,0,987,0,1
17254811705,387,2,2,8,8,9.944,3,0,0.11 | 0.11 | 0.11,0,1.31 | 1.59 | 2.10,0,1.90 | 2.52 | 3.05,0.987,0.000,0,1,0,0,0,0,-1,0,3,0,,0,,0,,0,0,940.4,0,1
17254811706,387,2,2,8,8,9.944,3,0,0.11 | 0.11 | 0.11,0,1.31 | 1.59 | 2.10,0,1.90 | 2.52 | 3.05,0.987,0.000,0,1,0,0,0,0,-1,0,3,0,,0,,0,,0,0,940.4,0,1
17254811707,387,2,2,8,8,9.944,3,0,0.11 | 0.11 | 0.11,0,1.31 | 1.59 | 2.10,0,1.90 | 2.52 | 3.05,0.987,0.000,0,1,0,0,0,0,-1,0,3,0,,0,,0,,0,0,940.4,0,1
17254811708,387,2,2,8,8,9.944,3,0,0.11 | 0.11 | 0.11,0,1.31 | 1.59 | 2.10,0,1.90 | 2.52 | 3.05,0.987,0.000,0,1,0,0,0,0,-1,0,3,0,,0,,0,,0,0,940.4,0,1
17254811709,387,2,2,8,8,9.944,3,0,0.11 | 0.11 | 0.11,0,1.31 | 1.59 | 2.10,0,1.90 | 2.52 | 3.05,0.987,0.000,0,1,0,0,0,0,-1,0,3,0,,0,,0,,0,0,940.4,0,1
17254811710,387,2,2,8,8,9.944,3,0,0.11 | 0.11 | 0.11,0,1.31 | 1.59 | 2.10,0,1.90 | 2.52 | 3.05,0.987,0.000,0,1,0,0,0,0,-1,0,3,0,,0,,0,,0,0,940.4,0,1
17254811711,387,2,2,8,8,9.944,3,0,0.11 | 0.11 | 0.11,0,1.31 | 1.59 | 2.10,0,1.90 | 2.52 | 3.05,0.987,0.000,0,1,0,0,0,0,-1,0,3,0,,0,,0,,0,0,940.4,0,1
17254811712,387,2,2,8,8,9.944,3,0,0.11 | 0.11 | 0.11,0,1.31 | 1.59 | 2.10,0,1.90 | 2.52 | 3.05,0.987,0.000,0,1,0,0,0,0,-1,0,3,0,,0,,0,,0,0,940.4,0,1
17254811713,387,2,2,8,8,12.012,3,0,0.10 | 0.11 | 0.11,0,1.31 | 1.68 | 2.10,0,1.90 | 2.39 | 3.05,0.940,0.000,0,1,0,0,0,0,-1,0,3,0,,0,,0,,0,0,940.4,0,1
17254811714,387,2,2,8,8,12.012,3,0,0.10 | 0.11 | 0.11,0,1.31 | 1.68 | 2.10,0,1.90 | 2.39 | 3.05,0.940,0.000,0,1,0,0,0,0,-1,0,3,0,,0,,0,,0,0,940.4,0,1
17254811715,387,2,2,8,8,12.012,3,0,0.10 | 0.11 | 0.11,0,1.31 | 1.68 | 2.10,0,1.90 | 2.39 | 3.05,0.940,0.000,0,1,0,0,0,0,-1,0,3,0,,0,,0,,0,0,940.4,0,1
17254811716,387,2,2,8,8,12.012,3,0,0.10 | 0.11 | 0.11,0,1.31 | 1.68 | 2.10,0,1.90 | 2.39 | 3.05,0.940,0.000,0,1,0,0,0,0,-1,0,3,0,,0,,0,,0,0,940.4,0,1
17254811717,387,2,2,8,8,12.012,3,0,0.10 | 0.11 | 0.11,0,1.31 | 1.68 | 2.10,0,1.90 | 2.39 | 3.05,0.940,0.000,0,1,0,0,0,0,-1,0,3,0,,0,,0,,0,0,940.4,0,1
17254811718,387,2,2,8,8,12.012,3,0,0.10 | 0.11 | 0.11,0,1.31 | 1.68 | 2.10,0,1.90 | 2.39 | 3.05,0.940,0.000,0,1,0,0,0,0,-1,0,3,0,,0,,0,,0,0,940.4,0,1
17254811719,387,2,2,8,8,12.012,3,0,0.10 | 0.11 | 0.11,0,1.31 | 1.68 | 2.10,0,1.90 | 2.39 | 3.05,0.940,0.000,0,1,0,0,0,0,-1,0,3,0,,0,,0,,0,0,940.4,0,1
17254811720,387,2,2,8,8,12.012,3,0,0.10 | 0.11 | 0.11,0,1.31 | 1.68 | 2.10,0,1.90 | 2.39 | 3.05,0.940,0.000,0,1,0,0,0,0,-1,0,3,0,,0,,0,,0,0,940.4,0,1
17254811721,387,2,2,8,8,12.012,3,0,0.10 | 0.11 | 0.11,0,1.31 | 1.68 | 2.10,0,1.90 | 2.39 | 3.05,0.940,0.000,0,1,0,0,0,0,-1,0,3,0,,0,,0,,0,0,940.4,0,1
17254811722,387,2,2,8,8,12.012,3,0,0.10 | 0.11 | 0.11,0,1.31 | 1.68 | 2.10,0,1.90 | 2.39 | 3.05,0.940,0.000,0,1,0,0,0,0,-1,0,3,0,,0,,0,,0,0,940.4,0,1
17254811723,387,2,2,8,8,11.019,3,0,0.10 | 0.11 | 0.11,0,1.31 | 1.68 | 2.10,0,1.90 | 2.39 | 3.05,0.940,0.000,0,1,0,0,0,0,-1,0,3,0,,0,,0,,0,0,940.4,0,1
17254811724,387,2,2,8,8,11.019,3,0,0.10 | 0.11 | 0.11,0,1.31 | 1.68 | 2.10,0,1.90 | 2.39 | 3.05,0.940,0.000,0,1,0,0,0,0,-1,0,3,0,,0,,0,,0,0,940.4,0,1
17254811725,387,2,2,8,8,11.019,3,0,0.10 | 0.11 | 0.11,0,1.31 | 1.68 | 2.10,0,1.90 | 2.39 | 3.05,0.940,0.000,0,1,0,0,0,0,-1,0,3,0,,0,,0,,0,0,940.4,0,1
17254811726,387,2,2,8,8,11.019,3,0,0.10 | 0.11 | 0.11,0,1.31 | 1.68 | 2.10,0,1.90 | 2.39 | 3.05,0.940,0.000,0,1,0,0,0,0,-1,0,3,0,,0,,0,,0,0,940.4,0,1
17254811727,387,2,2,8,8,11.019,3,0,0.10 | 0.11 | 0.11,0,1.31 | 1.68 | 2.10,0,1.90 | 2.39 | 3.05,0.940,0.000,0,1,0,0,0,0,-1,0,3,0,,0,,0,,0,0,940.4,0,1
17254811728,387,2,2,8,8,11.019,3,0,0.10 | 0.11 | 0.11,0,1.31 | 1.68 | 2.10,0,1.90 | 2.39 | 3.05,0.940,0.000,0,1,0,0,0,0,-1,0,3,0,,0,,0,,0,0,940.4,0,1
17254811729,387,2,2,8,8,11.019,3,0,0.10 | 0.11 | 0.11,0,1.31 | 1.68 | 2.10,0,1.90 | 2.39 | 3.05,0.940,0.000,0,1,0,0,0,0,-1,0,3,0,,0,,0,,0,0,940.4,0,1
17254811730,387,2,2,8,8,11.019,3,0,0.10 | 0.11 | 0.11,0,1.31 | 1.68 | 2.10,0,1.90 | 2.39 | 3.05,0.940,0.000,0,1,0,0,0,0,-1,0,3,0,,0,,0,,0,0,940.4,0,1
17254811731,387,2,2,8,8,11.019,3,0,0.10 | 0.11 | 0.11,0,1.31 | 1.68 | 2.10,0,1.90 | 2.39 | 3.05,0.940,0.000,0,1,0,0,0,0,-1,0,3,0,,0,,0,,0,0,940.4,0,1
17254811732,387,2,2,8,8,11.019,3,0,0.10 | 0.11 | 0.11,0,1.31 | 1.68 | 2.10,0,1.90 | 2.39 | 3.05,0.940,0.000,0,1,0,0,0,0,-1,0,3,0,,0,,0,,0,0,940.4,0,1
17254811733,387,2,2,8,8,10.222,3,0,0.10 | 0.11 | 0.11,0,1.31 | 1.68 | 2.10,0,1.90 | 2.39 | 3.05,0.940,0.000,0,1,0,0,0,0,-1,0,3,0,,0,,0,,0,0,940.4,0,1
17254811734,387,2,2,8,8,10.222,3,0,0.10 | 0.11 | 0.11,0,1.31 | 1.68 | 2.10,0,1.90 | 2.39 | 3.05,0.940,0.000,0,1,0,0,0,0,-1,0,3,0,,0,,0,,0,0,940.4,0,1
17254811735,387,2,2,8,8,10.222,3,0,0.10 | 0.11 | 0.11,0,1.31 | 1.68 | 2.10,0,1.90 | 2.39 | 3.05,0.940,0.000,0,1,0,0,0,0,-1,0,3,0,,0,,0,,0,0,940.4,0,1
17254811736,387,2,2,8,8,10.222,3,0,0.10 | 0.11 | 0.11,0,1.31 | 1.68 | 2.10,0,1.90 | 2.39 | 3.05,0.940,0.000,0,1,0,0,0,0,-1,0,3,0,,0,,0,,0,0,940.4,0,1
17254811737,387,2,2,8,8,10.222,3,0,0.10 | 0.11 | 0.11,0,1.31 | 1.68 | 2.10,0,1.90 | 2.39 | 3.05,0.940,0.000,0,1,0,0,0,0,-1,0,3,0,,0,,0,,0,0,940.4,0,1
17254811738,387,2,2,8,8,10.222,3,0,0.10 | 0.11 | 0.11,0,1.31 | 1.68 | 2.10,0,1.90 | 2.39 | 3.05,0.940,0.000,0,1,0,0,0,0,-1,0,3,0,,0,,0,,0,0,940.4,0,1
17254811739,387,2,2,8,8,10.222,3,0,0.10 | 0.11 | 0.11,0,1.31 | 1.68 | 2.10,0,1.90 | 2.39 | 3.05,0.940,0.000,0,1,0,0,0,0,-1,0,3,0,,0,,0,,0,0,940.4,0,1
17254811740,387,2,2,8,8,10.222,3,0,0.10 | 0.11 | 0.11,0,1.31 | 1.68 | 2.10,0,1.90 | 2.39 | 3.05,0.940,0.000,0,1,0,0,0,0,-1,0,3,0,,0,,0,,0,0,940.4,0,1
17254811741,387,2,2,8,8,10.222,3,0,0.10 | 0.11 | 0.11,0,1.31 | 1.68 | 2.10,0,1.90 | 2.39 | 3.05,0.940,0.000,0,1,0,0,0,0,-1,0,3,0,,0,,0,,0,0,940.4,0,1
17254811742,387,2,2,8,8,10.222,3,0,0.10 | 0.11 | 0.11,0,1.31 | 1.68 | 2.10,0,1.90 | 2.39 | 3.05,0.940,0.000,0,1,0,0,0,0,-1,0,3,0,,0,,0,,0,0,940.4,0,1
17254811743,387,2,2,8,8,9.16,3,0,0.10 | 0.11 | 0.11,0,1.31 | 1.68 | 2.10,0,1.90 | 2.39 | 3.05,0.940,0.000,0,1,0,0,0,0,-1,0,3,0,,0,,0,,0,0,912.8,0,1
17254811744,387,2,2,8,8,9.16,3,0,0.10 | 0.11 | 0.11,0,1.31 | 1.68 | 2.10,0,1.90 | 2.39 | 3.05,0.940,0.000,0,1,0,0,0,0,-1,0,3,0,,0,,0,,0,0,912.8,0,1
17254811745,387,2,2,8,8,9.16,3,0,0.10 | 0.11 | 0.11,0,1.31 | 1.68 | 2.10,0,1.90 | 2.39 | 3.05,0.940,0.000,0,1,0,0,0,0,-1,0,3,0,,0,,0,,0,0,912.8,0,1
17254811746,387,2,2,8,8,9.16,3,0,0.10 | 0.11 | 0.11,0,1.31 | 1.68 | 2.10,0,1.90 | 2.39 | 3.05,0.940,0.000,0,1,0,0,0,0,-1,0,3,0,,0,,0,,0,0,912.8,0,1
17254811747,387,2,2,8,8,9.16,3,0,0.10 | 0.11 | 0.11,0,1.31 | 1.68 | 2.10,0,1.90 | 2.39 | 3.05,0.940,0.000,0,1,0,0,0,0,-1,0,3,0,,0,,0,,0,0,912.8,0,1
17254811748,387,2,2,8,8,9.16,3,0,0.10 | 0.11 | 0.11,0,1.31 | 1.68 | 2.10,0,1.90 | 2.39 | 3.05,0.940,0.000,0,1,0,0,0,0,-1,0,3,0,,0,,0,,0,0,912.8,0,1
17254811749,387,2,2,8,8,9.16,3,0,0.10 | 0.11 | 0.11,0,1.31 | 1.68 | 2.10,0,1.90 | 2.39 | 3.05,0.940,0.000,0,1,0,0,0,0,-1,0,3,0,,0,,0,,0,0,912.8,0,1
17254811750,387,2,2,8,8,9.16,3,0,0.10 | 0.11 | 0.11,0,1.31 | 1.68 | 2.10,0,1.90 | 2.39 | 3.05,0.940,0.000,0,1,0,0,0,0,-1,0,3,0,,0,,0,,0,0,912.8,0,1
17254811751,387,2,2,8,8,9.16,3,0,0.10 | 0.11 | 0.11,0,1.31 | 1.68 | 2.10,0,1.90 | 2.39 | 3.05,0.940,0.000,0,1,0,0,0,0,-1,0,3,0,,0,,0,,0,0,912.8,0,1
17254811752,387,2,2,8,8,9.16,3,0,0.10 | 0.11 | 0.11,0,1.31 | 1.68 | 2.10,0,1.90 | 2.39 | 3.05,0.940,0.000,0,1,0,0,0,0,-1,0,3,0,,0,,0,,0,0,912.8,0,1
17254811753,387,2,2,8,8,12.897,3,0,0.10 | 0.11 | 0.11,0,1.31 | 1.84 | 2.75,0,1.46 | 2.18 | 3.05,0.913,0.000,0,1,0,0,0,0,-1,0,3,0,,0,,0,,0,0,912.8,0,1
17254811754,387,2,2,8,8,12.897,3,0,0.10 | 0.11 | 0.11,0,1.31 | 1.84 | 2.75,0,1.46 | 2.18 | 3.05,0.913,0.000,0,1,0,0,0,0,-1,0,3,0,,0,,0,,0,0,912.8,0,1
17254811755,387,2,2,8,8,12.897,3,0,0.10 | 0.11 | 0.11,0,1.31 | 1.84 | 2.75,0,1.46 | 2.18 | 3.05,0.913,0.000,0,1,0,0,0,0,-1,0,3,0,,0,,0,,0,0,912.8,0,1
17254811756,387,2,2,8,8,12.897,3,0,0.10 | 0.11 | 0.11,0,1.31 | 1.84 | 2.75,0,1.46 | 2.18 | 3.05,0.913,0.000,0,1,0,0,0,0,-1,0,3,0,,0,,0,,0,0,912.8,0,1
17254811757,387,2,2,8,8,12.897,3,0,0.10 | 0.11 | 0.11,0,1.31 | 1.84 | 2.75,0,1.46 | 2.18 | 3.05,0.913,0.000,0,1,0,0,0,0,-1,0,3,0,,0,,0,,0,0,912.8,0,1
17254811758,387,2,2,8,8,12.897,3,0,0.10 | 0.11 | 0.11,0,1.31 | 1.84 | 2.75,0,1.46 | 2.18 | 3.05,0.913,0.000,0,1,0,0,0,0,-1,0,3,0,,0,,0,,0,0,912.8,0,1
17254811759,387,2,2,8,8,12.897,3,0,0.10 | 0.11 | 0.11,0,1.31 | 1.84 | 2.75,0,1.46 | 2.18 | 3.05,0.913,0.000,0,1,0,0,0,0,-1,0,3,0,,0,,0,,0,0,912.8,0,1
17254811760,387,2,2,8,8,12.897,3,0,0.10 | 0.11 | 0.11,0,1.31 | 1.84 | 2.75,0,1.46 | 2.18 | 3.05,0.913,0.000,0,1,0,0,0,0,-1,0,3,0,,0,,0,,0,0,912.8,0,1
17254811761,387,2,2,8,8,12.897,3,0,0.10 | 0.11 | 0.11,0,1.31 | 1.84 | 2.75,0,1.46 | 2.18 | 3.05,0.913,0.000,0,1,0,0,0,0,-1,0,3,0,,0,,0,,0,0,912.8,0,1
17254811762,387,2,2,8,8,12.897,3,0,0.10 | 0.11 | 0.11,0,1.31 | 1.84 | 2.75,0,1.46 | 2.18 | 3.05,0.913,0.000,0,1,0,0,0,0,-1,0,3,0,,0,,0,,0,0,912.8,0,1
17254811763,387,2,2,8,8,11.835,3,0,0.10 | 0.11 | 0.11,0,1.31 | 1.84 | 2.75,0,1.46 | 2.18 | 3.05,0.913,0.000,0,1,0,0,0,0,-1,0,3,0,,0,,0,,0,0,912.8,0,1
17254811764,387,2,2,8,8,11.835,3,0,0.10 | 0.11 | 0.11,0,1.31 | 1.84 | 2.75,0,1.46 | 2.18 | 3.05,0.913,0.000,0,1,0,0,0,0,-1,0,3,0,,0,,0,,0,0,912.8,0,1
17254811765,387,2,2,8,8,11.835,3,0,0.10 | 0.11 | 0.11,0,1.31 | 1.84 | 2.75,0,1.46 | 2.18 | 3.05,0.913,0.000,0,1,0,0,0,0,-1,0,3,0,,0,,0,,0,0,912.8,0,1
17254811766,387,2,2,8,8,11.835,3,0,0.10 | 0.11 | 0.11,0,1.31 | 1.84 | 2.75,0,1.46 | 2.18 | 3.05,0.913,0.000,0,1,0,0,0,0,-1,0,3,0,,0,,0,,0,0,912.8,0,1
17254811767,387,2,2,8,8,11.835,3,0,0.10 | 0.11 | 0.11,0,1.31 | 1.84 | 2.75,0,1.46 | 2.18 | 3.05,0.913,0.000,0,1,0,0,0,0,-1,0,3,0,,0,,0,,0,0,912.8,0,1
17254811768,387,2,2,8,8,11.835,3,0,0.10 | 0.11 | 0.11,0,1.31 | 1.84 | 2.75,0,1.46 | 2.18 | 3.05,0.913,0.000,0,1,0,0,0,0,-1,0,3,0,,0,,0,,0,0,912.8,0,1
17254811769,387,2,2,8,8,11.835,3,0,0.10 | 0.11 | 0.11,0,1.31 | 1.84 | 2.75,0,1.46 | 2.18 | 3.05,0.913,0.000,0,1,0,0,0,0,-1,0,3,0,,0,,0,,0,0,912.8,0,1
17254811770,387,2,2,8,8,11.835,3,0,0.10 | 0.11 | 0.11,0,1.31 | 1.84 | 2.75,0,1.46 | 2.18 | 3.05,0.913,0.000,0,1,0,0,0,0,-1,0,3,0,,0,,0,,0,0,912.8,0,1
17254811771,387,2,2,8,8,11.835,3,0,0.10 | 0.11 | 0.11,0,1.31 | 1.84 | 2.75,0,1.46 | 2.18 | 3.05,0.913,0.000,0,1,0,0,0,0,-1,0,3,0,,0,,0,,0,0,912.8,0,1
17254811772,387,2,2,8,8,11.835,3,0,0.10 | 0.11 | 0.11,0,1.31 | 1.84 | 2.75,0,1.46 | 2.18 | 3.05,0.913,0.000,0,1,0,0,0,0,-1,0,3,0,,0,,0,,0,0,912.8,0,1
17254811773,387,2,2,8,8,11.038,3,0,0.10 | 0.11 | 0.11,0,1.31 | 1.84 | 2.75,0,1.46 | 2.18 | 3.05,0.913,0.000,0,1,0,0,0,0,-1,0,3,0,,0,,0,,0,0,912.8,0,1
17254811774,387,2,2,8,8,11.038,3,0,0.10 | 0.11 | 0.11,0,1.31 | 1.84 | 2.75,0,1.46 | 2.18 | 3.05,0.913,0.000,0,1,0,0,0,0,-1,0,3,0,,0,,0,,0,0,912.8,0,1
17254811775,387,2,2,8,8,11.038,3,0,0.10 | 0.11 | 0.11,0,1.31 | 1.84 | 2.75,0,1.46 | 2.18 | 3.05,0.913,0.000,0,1,0,0,0,0,-1,0,3,0,,0,,0,,0,0,912.8,0,1
17254811776,387,2,2,8,8,11.038,3,0,0.10 | 0.11 | 0.11,0,1.31 | 1.84 | 2.75,0,1.46 | 2.18 | 3.05,0.913,0.000,0,1,0,0,0,0,-1,0,3,0,,0,,0,,0,0,912.8,0,1
17254811777,387,2,2,8,8,11.038,3,0,0.10 | 0.11 | 0.11,0,1.31 | 1.84 | 2.75,0,1.46 | 2.18 | 3.05,0.913,0.000,0,1,0,0,0,0,-1,0,3,0,,0,,0,,0,0,939.4,0,1
17254811778,387,2,2,8,8,11.038,3,0,0.10 | 0.11 | 0.11,0,1.31 | 1.84 | 2.75,0,1.46 | 2.18 | 3.05,0.913,0.000,0,1,0,0,0,0,-1,0,3,0,,0,,0,,0,0,939.4,0,1
17254811779,387,2,2,8,8,11.038,3,0,0.10 | 0.11 | 0.11,0,1.31 | 1.84 | 2.75,0,1.46 | 2.18 | 3.05,0.913,0.000,0,1,0,0,0,0,-1,0,3,0,,0,,0,,0,0,939.4,0,1
17254811780,387,2,2,8,8,11.038,3,0,0.10 | 0.11 | 0.11,0,1.31 | 1.84 | 2.75,0,1.46 | 2.18 | 3.05,0.913,0.000,0,1,0,0,0,0,-1,0,3,0,,0,,0,,0,0,939.4,0,1
17254811781,387,2,2,8,8,11.038,3,0,0.10 | 0.11 | 0.11,0,1.31 | 1.84 | 2.75,0,1.46 | 2.18 | 3.05,0.913,0.000,0,1,0,0,0,0,-1,0,3,0,,0,,0,,0,0,939.4,0,1
17254811782,387,2,2,8,8,11.038,3,0,0.10 | 0.11 | 0.11,0,1.31 | 1.84 | 2.75,0,1.46 | 2.18 | 3.05,0.913,0.000,0,1,0,0,0,0,-1,0,3,0,,0,,0,,0,0,939.4,0,1
17254811783,387,2,2,8,8,13.175,3,0,0.10 | 0.11 | 0.11,0,1.27 | 1.83 | 2.75,0,1.46 | 2.19 | 3.16,0.939,0.000,0,1,0,0,0,0,-1,0,3,0,,0,,0,,0,0,939.4,0,1
17254811784,387,2,2,8,8,13.175,3,0,0.10 | 0.11 | 0.11,0,1.27 | 1.83 | 2.75,0,1.46 | 2.19 | 3.16,0.939,0.000,0,1,0,0,0,0,-1,0,3,0,,0,,0,,0,0,939.4,0,1
17254811785,387,2,2,8,8,13.175,3,0,0.10 | 0.11 | 0.11,0,1.27 | 1.83 | 2.75,0,1.46 | 2.19 | 3.16,0.939,0.000,0,1,0,0,0,0,-1,0,3,0,,0,,0,,0,0,939.4,0,1
17254811786,387,2,2,8,8,13.175,3,0,0.10 | 0.11 | 0.11,0,1.27 | 1.83 | 2.75,0,1.46 | 2.19 | 3.16,0.939,0.000,0,1,0,0,0,0,-1,0,3,0,,0,,0,,0,0,939.4,0,1
17254811787,387,2,2,8,8,13.175,3,0,0.10 | 0.11 | 0.11,0,1.27 | 1.83 | 2.75,0,1.46 | 2.19 | 3.16,0.939,0.000,0,1,0,0,0,0,-1,0,3,0,,0,,0,,0,0,939.4,0,1
17254811788,387,2,2,8,8,13.175,3,0,0.10 | 0.11 | 0.11,0,1.27 | 1.83 | 2.75,0,1.46 | 2.19 | 3.16,0.939,0.000,0,1,0,0,0,0,-1,0,3,0,,0,,0,,0,0,939.4,0,1
17254811789,387,2,2,8,8,13.175,3,0,0.10 | 0.11 | 0.11,0,1.27 | 1.83 | 2.75,0,1.46 | 2.19 | 3.16,0.939,0.000,0,1,0,0,0,0,-1,0,3,0,,0,,0,,0,0,939.4,0,1
17254811790,387,2,2,8,8,13.175,3,0,0.10 | 0.11 | 0.11,0,1.27 | 1.83 | 2.75,0,1.46 | 2.19 | 3.16,0.939,0.000,0,1,0,0,0,0,-1,0,3,0,,0,,0,,0,0,939.4,0,1
17254811791,387,2,2,8,8,13.175,3,0,0.10 | 0.11 | 0.11,0,1.27 | 1.83 | 2.75,0,1.46 | 2.19 | 3.16,0.939,0.000,0,1,0,0,0,0,-1,0,3,0,,0,,0,,0,0,939.4,0,1
17254811792,387,2,2,8,8,13.175,3,0,0.10 | 0.11 | 0.11,0,1.27 | 1.83 | 2.75,0,1.46 | 2.19 | 3.16,0.939,0.000,0,1,0,0,0,0,-1,0,3,0,,0,,0,,0,0,939.4,0,1
17254811793,387,2,2,8,8,12.113,3,0,0.10 | 0.11 | 0.11,0,1.27 | 1.83 | 2.75,0,1.46 | 2.19 | 3.16,0.939,0.000,0,1,0,0,0,0,-1,0,3,0,,0,,0,,0,0,939.4,0,1
17254811794,387,2,2,8,8,12.113,3,0,0.10 | 0.11 | 0.11,0,1.27 | 1.83 | 2.75,0,1.46 | 2.19 | 3.16,0.939,0.000,0,1,0,0,0,0,-1,0,3,0,,0,,0,,0,0,939.4,0,1
17254811795,387,2,2,8,8,12.113,3,0,0.10 | 0.11 | 0.11,0,1.27 | 1.83 | 2.75,0,1.46 | 2.19 | 3.16,0.939,0.000,0,1,0,0,0,0,-1,0,3,0,,0,,0,,0,0,939.4,0,1
17254811796,387,2,2,8,8,12.113,3,0,0.10 | 0.11 | 0.11,0,1.27 | 1.83 | 2.75,0,1.46 | 2.19 | 3.16,0.939,0.000,0,1,0,0,0,0,-1,0,3,0,,0,,0,,0,0,939.4,0,1
17254811797,772,2,4,8,8,12.113,3,0,0.10 | 0.11 | 0.11,0,1.27 | 1.83 | 2.75,0,1.46 | 2.19 | 3.16,0.939,0.000,0,1,0,0,0,0,-1,0,3,0,,0,,0,,0,0,939.4,0,1
17254811798,772,2,4,8,8,12.113,3,0,0.10 | 0.11 | 0.11,0,1.27 | 1.83 | 2.75,0,1.46 | 2.19 | 3.16,0.939,0.000,0,1,0,0,0,0,-1,0,3,0,,0,,0,,0,0,939.4,0,1
17254811799,772,2,4,8,8,12.113,3,0,0.10 | 0.11 | 0.11,0,1.27 | 1.83 | 2.75,0,1.46 | 2.19 | 3.16,0.939,0.000,0,1,0,0,0,0,-1,0,3,0,,0,,0,,0,0,939.4,0,1
17254811800,772,2,4,8,8,12.113,3,0,0.10 | 0.11 | 0.11,0,1.27 | 1.83 | 2.75,0,1.46 | 2.19 | 3.16,0.939,0.000,0,1,0,0,0,0,-1,0,3,0,,0,,0,,0,0,939.4,0,1
17254811801,772,2,4,8,8,12.113,3,0,0.10 | 0.11 | 0.11,0,1.27 | 1.83 | 2.75,0,1.46 | 2.19 | 3.16,0.939,0.000,0,1,0,0,0,0,-1,0,3,0,,0,,0,,0,0,939.4,0,1
17254811802,772,2,4,8,8,12.113,3,0,0.10 | 0.11 | 0.11,0,1.27 | 1.83 | 2.75,0,1.46 | 2.19 | 3.16,0.939,0.000,0,1,0,0,0,0,-1,0,3,0,,0,,0,,0,0,939.4,0,1
17254811803,772,2,4,8,8,11.05,3,0,0.10 | 0.11 | 0.11,0,1.27 | 1.83 | 2.75,0,1.46 | 2.19 | 3.16,0.939,0.000,0,1,0,0,0,0,-1,0,3,0,,0,,0,,0,0,939.4,0,1
17254811804,772,2,4,8,8,11.05,3,0,0.10 | 0.11 | 0.11,0,1.27 | 1.83 | 2.75,0,1.46 | 2.19 | 3.16,0.939,0.000,0,1,0,0,0,0,-1,0,3,0,,0,,0,,0,0,939.4,0,1
17254811805,772,2,4,8,8,11.05,3,0,0.10 | 0.11 | 0.11,0,1.27 | 1.83 | 2.75,0,1.46 | 2.19 | 3.16,0.939,0.000,0,1,0,0,0,0,-1,0,3,0,,0,,0,,0,0,939.4,0,1
17254811806,772,2,4,8,8,11.05,3,0,0.10 | 0.11 | 0.11,0,1.27 | 1.83 | 2.75,0,1.46 | 2.19 | 3.16,0.939,0.000,0,1,0,0,0,0,-1,0,3,0,,0,,0,,0,0,939.4,0,1
17254811807,772,2,4,8,8,11.05,3,0,0.10 | 0.11 | 0.11,0,1.27 | 1.83 | 2.75,0,1.46 | 2.19 | 3.16,0.939,0.000,0,1,0,0,0,0,-1,0,3,0,,0,,0,,0,0,939.4,0,1
17254811808,772,2,4,8,8,11.05,3,0,0.10 | 0.11 | 0.11,0,1.27 | 1.83 | 2.75,0,1.46 | 2.19 | 3.16,0.939,0.000,0,1,0,0,0,0,-1,0,3,0,,0,,0,,0,0,939.4,0,1
17254811809,772,2,4,8,8,11.05,3,0,0.10 | 0.11 | 0.11,0,1.27 | 1.83 | 2.75,0,1.46 | 2.19 | 3.16,0.939,0.000,0,1,0,0,0,0,-1,0,3,0,,0,,0,,0,0,939.4,0,1
17254811810,772,2,4,8,8,11.05,3,0,0.10 | 0.11 | 0.11,0,1.27 | 1.83 | 2.75,0,1.46 | 2.19 | 3.16,0.939,0.000,0,1,0,0,0,0,-1,0,3,0,,0,,0,,0,0,939.4,0,1
17254811811,772,2,4,8,8,11.05,3,0,0.10 | 0.11 | 0.11,0,1.27 | 1.83 | 2.75,0,1.46 | 2.19 | 3.16,0.939,0.000,0,1,0,0,0,0,-1,0,3,0,,0,,0,,0,0,939.4,0,1
17254811812,772,2,4,8,8,11.05,3,0,0.10 | 0.11 | 0.11,0,1.27 | 1.83 | 2.75,0,1.46 | 2.19 | 3.16,0.939,0.000,0,1,0,0,0,0,-1,0,3,0,,0,,0,,0,0,939.4,0,1
17254811813,772,2,4,8,8,10.012,3,0,0.10 | 0.11 | 0.11,0,1.27 | 1.83 | 2.75,0,1.46 | 2.19 | 3.16,0.939,0.000,0,1,0,0,0,0,-1,0,3,0,,0,,0,,0,0,939.4,0,1
17254811814,772,2,4,8,8,10.012,3,0,0.10 | 0.11 | 0.11,0,1.27 | 1.83 | 2.75,0,1.46 | 2.19 | 3.16,0.939,0.000,0,1,0,0,0,0,-1,0,3,0,,0,,0,,0,0,939.4,0,1
17254811815,772,2,4,8,8,10.012,3,0,0.10 | 0.11 | 0.11,0,1.27 | 1.83 | 2.75,0,1.46 | 2.19 | 3.16,0.939,0.000,0,1,0,0,0,0,-1,0,3,0,,0,,0,,0,0,939.4,0,1
17254811816,772,2,4,8,8,10.012,3,0,0.10 | 0.11 | 0.11,0,1.27 | 1.83 | 2.75,0,1.46 | 2.19 | 3.16,0.939,0.000,0,1,0,0,0,0,-1,0,3,0,,0,,0,,0,0,939.4,0,1
17254811817,772,2,4,8,8,10.012,3,0,0.10 | 0.11 | 0.11,0,1.27 | 1.83 | 2.75,0,1.46 | 2.19 | 3.16,0.939,0.000,0,1,0,0,0,0,-1,0,3,0,,0,,0,,0,0,939.4,0,1
17254811818,772,2,4,8,8,10.012,3,0,0.10 | 0.11 | 0.11,0,1.27 | 1.83 | 2.75,0,1.46 | 2.19 | 3.16,0.939,0.000,0,1,0,0,0,0,-1,0,3,0,,0,,0,,0,0,939.4,0,1
17254811819,772,2,4,8,8,10.012,3,0,0.10 | 0.11 | 0.11,0,1.27 | 1.83 | 2.75,0,1.46 | 2.19 | 3.16,0.939,0.000,0,1,0,0,0,0,-1,0,3,0,,0,,0,,0,0,939.4,0,1
17254811820,772,2,4,8,8,10.012,3,0,0.10 | 0.11 | 0.11,0,1.27 | 1.83 | 2.75,0,1.46 | 2.19 | 3.16,0.939,0.000,0,1,0,0,0,0,-1,0,3,0,,0,,0,,0,0,939.4,0,1
17254811821,772,2,4,8,8,10.012,3,0,0.10 | 0.11 | 0.11,0,1.27 | 1.83 | 2.75,0,1.46 | 2.19 | 3.16,0.939,0.000,0,1,0,0,0,0,-1,0,3,0,,0,,0,,0,0,939.4,0,1
17254811822,772,2,4,8,8,10.012,3,0,0.10 | 0.11 | 0.11,0,1.27 | 1.83 | 2.75,0,1.46 | 2.19 | 3.16,0.939,0.000,0,1,0,0,0,0,-1,0,3,0,,0,,0,,0,0,939.4,0,1
17254811823,772,2,4,8,8,9.191,3,0,0.10 | 0.11 | 0.11,0,1.27 | 1.83 | 2.75,0,1.46 | 2.19 | 3.16,0.939,0.000,0,1,0,0,0,0,-1,0,3,0,,0,,0,,0,0,939.4,0,1
17254811824,772,2,4,8,8,9.191,3,0,0.10 | 0.11 | 0.11,0,1.27 | 1.83 | 2.75,0,1.46 | 2.19 | 3.16,0.939,0.000,0,1,0,0,0,0,-1,0,3,0,,0,,0,,0,0,939.4,0,1
17254811825,772,2,4,8,8,9.191,3,0,0.10 | 0.11 | 0.11,0,1.27 | 1.83 | 2.75,0,1.46 | 2.19 | 3.16,0.939,0.000,0,1,0,0,0,0,-1,0,3,0,,0,,0,,0,0,939.4,0,1
17254811826,772,2,4,8,8,9.191,3,0,0.10 | 0.11 | 0.11,0,1.27 | 1.83 | 2.75,0,1.46 | 2.19 | 3.16,0.939,0.000,0,1,0,0,0,0,-1,0,3,0,,0,,0,,0,0,939.4,0,1
17254811827,772,2,4,8,8,9.191,3,0,0.10 | 0.11 | 0.11,0,1.27 | 1.83 | 2.75,0,1.46 | 2.19 | 3.16,0.939,0.000,0,1,0,0,0,0,-1,0,3,0,,0,,0,,0,0,939.4,0,1
17254811828,772,2,4,8,8,9.191,3,0,0.10 | 0.11 | 0.11,0,1.27 | 1.83 | 2.75,0,1.46 | 2.19 | 3.16,0.939,0.000,0,1,0,0,0,0,-1,0,3,0,,0,,0,,0,0,939.4,0,1
17254811829,772,2,4,8,8,9.191,3,0,0.10 | 0.11 | 0.11,0,1.27 | 1.83 | 2.75,0,1.46 | 2.19 | 3.16,0.939,0.000,0,1,0,0,0,0,-1,0,3,0,,0,,0,,0,0,939.4,0,1
17254811830,772,2,4,8,8,9.191,3,0,0.10 | 0.11 | 0.11,0,1.27 | 1.83 | 2.75,0,1.46 | 2.19 | 3.16,0.939,0.000,0,1,0,0,0,0,-1,0,3,0,,0,,0,,0,0,939.4,0,1
17254811831,772,2,4,8,8,9.191,3,0,0.10 | 0.11 | 0.11,0,1.27 | 1.83 | 2.75,0,1.46 | 2.19 | 3.16,0.939,0.000,0,1,0,0,0,0,-1,0,3,0,,0,,0,,0,0,939.4,0,1
17254811832,772,2,4,8,8,9.191,3,0,0.10 | 0.11 | 0.11,0,1.27 | 1.83 | 2.75,0,1.46 | 2.19 | 3.16,0.939,0.000,0,1,0,0,0,0,-1,0,3,0,,0,,0,,0,0,939.4,0,1
17254811833,772,2,4,8,8,8.128,3,0,0.10 | 0.11 | 0.11,0,1.27 | 1.83 | 2.75,0,1.46 | 2.19 | 3.16,0.939,0.000,0,1,0,0,0,0,-1,0,3,0,,0,,0,,0,0,939.4,0,1
17254811834,772,2,4,8,8,8.128,3,0,0.10 | 0.11 | 0.11,0,1.27 | 1.83 | 2.75,0,1.46 | 2.19 | 3.16,0.939,0.000,0,1,0,0,0,0,-1,0,3,0,,0,,0,,0,0,939.4,0,1
17254811835,772,2,4,8,8,8.128,3,0,0.10 | 0.11 | 0.11,0,1.27 | 1.83 | 2.75,0,1.46 | 2.19 | 3.16,0.939,0.000,0,1,0,0,0,0,-1,0,3,0,,0,,0,,0,0,939.4,0,1
17254811836,772,2,4,8,8,8.128,3,0,0.10 | 0.11 | 0.11,0,1.27 | 1.83 | 2.75,0,1.46 | 2.19 | 3.16,0.939,0.000,0,1,0,0,0,0,-1,0,3,0,,0,,0,,0,0,939.4,0,1
17254811837,772,2,4,8,8,8.128,3,0,0.10 | 0.11 | 0.11,0,1.27 | 1.83 | 2.75,0,1.46 | 2.19 | 3.16,0.939,0.000,0,1,0,0,0,0,-1,0,3,0,,0,,0,,0,0,939.4,0,1
17254811838,772,2,4,8,8,8.128,3,0,0.10 | 0.11 | 0.11,0,1.27 | 1.83 | 2.75,0,1.46 | 2.19 | 3.16,0.939,0.000,0,1,0,0,0,0,-1,0,3,0,,0,,0,,0,0,939.4,0,1
17254811839,772,2,4,8,8,8.128,3,0,0.10 | 0.11 | 0.11,0,1.27 | 1.83 | 2.75,0,1.46 | 2.19 | 3.16,0.939,0.000,0,1,0,0,0,0,-1,0,3,0,,0,,0,,0,0,939.4,0,1
17254811840,772,2,4,8,8,8.128,3,0,0.10 | 0.11 | 0.11,0,1.27 | 1.83 | 2.75,0,1.46 | 2.19 | 3.16,0.939,0.000,0,1,0,0,0,0,-1,0,3,0,,0,,0,,0,0,939.4,0,1
17254811841,772,2,4,8,8,8.128,3,0,0.10 | 0.11 | 0.11,0,1.27 | 1.83 | 2.75,0,1.46 | 2.19 | 3.16,0.939,0.000,0,1,0,0,0,0,-1,0,3,0,,0,,0,,0,0,939.4,0,1
17254811842,580,2,3,8,8,8.128,3,0,0.10 | 0.11 | 0.11,0,1.27 | 1.83 | 2.75,0,1.46 | 2.19 | 3.16,0.939,0.000,0,1,0,0,0,0,-1,0,3,0,,0,,0,,0,0,882.75,0,1
17254811843,580,4,3,8,8,7.035,3,0,0.10 | 0.11 | 0.11,0,1.27 | 2.52 | 4.24,0,0.94 | 1.59 | 3.16,0.883,0.000,0,1,0,0,0,0,-1,0,3,0,,0,,0,,0,0,882.75,0,1
17254811844,580,4,3,8,8,7.035,3,0,0.10 | 0.11 | 0.11,0,1.27 | 2.52 | 4.24,0,0.94 | 1.59 | 3.16,0.883,0.000,0,1,0,0,0,0,-1,0,3,0,,0,,0,,0,0,882.75,0,1
17254811845,580,4,3,8,8,7.035,3,0,0.10 | 0.11 | 0.11,0,1.27 | 2.52 | 4.24,0,0.94 | 1.59 | 3.16,0.883,0.000,0,1,0,0,0,0,-1,0,3,0,,0,,0,,0,0,882.75,0,1
17254811846,580,4,3,8,8,7.035,3,0,0.10 | 0.11 | 0.11,0,1.27 | 2.52 | 4.24,0,0.94 | 1.59 | 3.16,0.883,0.000,0,1,0,0,0,0,-1,0,3,0,,0,,0,,0,0,882.75,0,1
17254811847,580,4,3,8,8,7.035,3,0,0.10 | 0.11 | 0.11,0,1.27 | 2.52 | 4.24,0,0.94 | 1.59 | 3.16,0.883,0.000,0,1,0,0,0,0,-1,0,3,0,,0,,0,,0,0,882.75,0,1
17254811848,580,4,3,8,8,7.035,3,0,0.10 | 0.11 | 0.11,0,1.27 | 2.52 | 4.24,0,0.94 | 1.59 | 3.16,0.883,0.000,0,1,0,0,0,0,-1,0,3,0,,0,,0,,0,0,882.75,0,1
17254811849,580,4,3,8,8,7.035,3,0,0.10 | 0.11 | 0.11,0,1.27 | 2.52 | 4.24,0,0.94 | 1.59 | 3.16,0.883,0.000,0,1,0,0,0,0,-1,0,3,0,,0,,0,,0,0,882.75,0,1
17254811850,580,4,3,8,8,7.035,3,0,0.10 | 0.11 | 0.11,0,1.27 | 2.52 | 4.24,0,0.94 | 1.59 | 3.16,0.883,0.000,0,1,0,0,0,0,-1,0,3,0,,0,,0,,0,0,882.75,0,1
17254811851,580,4,3,8,8,7.035,3,0,0.10 | 0.11 | 0.11,0,1.27 | 2.52 | 4.24,0,0.94 | 1.59 | 3.16,0.883,0.000,0,1,0,0,0,0,-1,0,3,0,,0,,0,,0,0,882.75,0,1
17254811852,580,4,3,8,8,7.035,3,0,0.10 | 0.11 | 0.11,0,1.27 | 2.52 | 4.24,0,0.94 | 1.59 | 3.16,0.883,0.000,0,1,0,0,0,0,-1,0,3,0,,0,,0,,0,0,882.75,0,1
17254811853,580,4,3,8,8,6.269,3,0,0.10 | 0.11 | 0.11,0,1.27 | 2.52 | 4.24,0,0.94 | 1.59 | 3.16,0.883,0.000,0,1,0,0,0,0,-1,0,3,0,,0,,0,,0,0,882.75,0,1
17254811854,580,4,3,8,8,6.269,3,0,0.10 | 0.11 | 0.11,0,1.27 | 2.52 | 4.24,0,0.94 | 1.59 | 3.16,0.883,0.000,0,1,0,0,0,0,-1,0,3,0,,0,,0,,0,0,882.75,0,1
17254811855,580,4,3,8,8,6.269,3,0,0.10 | 0.11 | 0.11,0,1.27 | 2.52 | 4.24,0,0.94 | 1.59 | 3.16,0.883,0.000,0,1,0,0,0,0,-1,0,3,0,,0,,0,,0,0,882.75,0,1
17254811856,580,4,3,8,8,6.269,3,0,0.10 | 0.11 | 0.11,0,1.27 | 2.52 | 4.24,0,0.94 | 1.59 | 3.16,0.883,0.000,0,1,0,0,0,0,-1,0,3,0,,0,,0,,0,0,882.75,0,1
17254811857,580,4,3,8,8,6.269,3,0,0.10 | 0.11 | 0.11,0,1.27 | 2.52 | 4.24,0,0.94 | 1.59 | 3.16,0.883,0.000,0,1,0,0,0,0,-1,0,3,0,,0,,0,,0,0,882.75,0,1
17254811858,580,4,3,8,8,6.269,3,0,0.10 | 0.11 | 0.11,0,1.27 | 2.52 | 4.24,0,0.94 | 1.59 | 3.16,0.883,0.000,0,1,0,0,0,0,-1,0,3,0,,0,,0,,0,0,882.75,0,1
17254811859,580,4,3,8,8,6.269,3,0,0.10 | 0.11 | 0.11,0,1.27 | 2.52 | 4.24,0,0.94 | 1.59 | 3.16,0.883,0.000,0,1,0,0,0,0,-1,0,3,0,,0,,0,,0,0,882.75,0,1
17254811860,580,4,3,8,8,6.269,3,0,0.10 | 0.11 | 0.11,0,1.27 | 2.52 | 4.24,0,0.94 | 1.59 | 3.16,0.883,0.000,0,1,0,0,0,0,-1,0,3,0,,0,,0,,0,0,882.75,0,1
17254811861,580,4,3,8,8,6.269,3,0,0.10 | 0.11 | 0.11,0,1.27 | 2.52 | 4.24,0,0.94 | 1.59 | 3.16,0.883,0.000,0,1,0,0,0,0,-1,0,3,0,,0,,0,,0,0,882.75,0,1
17254811862,580,4,3,8,8,6.269,3,0,0.10 | 0.11 | 0.11,0,1.27 | 2.52 | 4.24,0,0.94 | 1.59 | 3.16,0.883,0.000,0,1,0,0,0,0,-1,0,3,0,,0,,0,,0,0,973.5,0,1
17254811863,580,4,3,8,8,5.145,3,0,0.10 | 0.11 | 0.11,0,1.27 | 2.50 | 4.24,0,0.94 | 1.60 | 3.16,0.974,0.000,0,1,0,0,0,0,-1,0,3,0,,0,,0,,0,0,973.5,0,1
17254811864,580,4,3,8,8,5.145,3,0,0.10 | 0.11 | 0.11,0,1.27 | 2.50 | 4.24,0,0.94 | 1.60 | 3.16,0.974,0.000,0,1,0,0,0,0,-1,0,3,0,,0,,0,,0,0,973.5,0,1
17254811865,580,4,3,8,8,5.145,3,0,0.10 | 0.11 | 0.11,0,1.27 | 2.50 | 4.24,0,0.94 | 1.60 | 3.16,0.974,0.000,0,1,0,0,0,0,-1,0,3,0,,0,,0,,0,0,973.5,0,1
17254811866,580,4,3,8,8,5.145,3,0,0.10 | 0.11 | 0.11,0,1.27 | 2.50 | 4.24,0,0.94 | 1.60 | 3.16,0.974,0.000,0,1,0,0,0,0,-1,0,3,0,,0,,0,,0,0,973.5,0,1
17254811867,580,4,3,8,8,5.145,3,0,0.10 | 0.11 | 0.11,0,1.27 | 2.50 | 4.24,0,0.94 | 1.60 | 3.16,0.974,0.000,0,1,0,0,0,0,-1,0,3,0,,0,,0,,0,0,973.5,0,1
17254811868,580,4,3,8,8,5.145,3,0,0.10 | 0.11 | 0.11,0,1.27 | 2.50 | 4.24,0,0.94 | 1.60 | 3.16,0.974,0.000,0,1,0,0,0,0,-1,0,3,0,,0,,0,,0,0,973.5,0,1
17254811869,580,4,3,8,8,5.145,3,0,0.10 | 0.11 | 0.11,0,1.27 | 2.50 | 4.24,0,0.94 | 1.60 | 3.16,0.974,0.000,0,1,0,0,0,0,-1,0,3,0,,0,,0,,0,0,973.5,0,1
17254811870,580,4,3,8,8,5.145,3,0,0.10 | 0.11 | 0.11,0,1.27 | 2.50 | 4.24,0,0.94 | 1.60 | 3.16,0.974,0.000,0,1,0,0,0,0,-1,0,3,0,,0,,0,,0,0,973.5,0,1
17254811871,580,4,3,8,8,5.145,3,0,0.10 | 0.11 | 0.11,0,1.27 | 2.50 | 4.24,0,0.94 | 1.60 | 3.16,0.974,0.000,0,1,0,0,0,0,-1,0,3,0,,0,,0,,0,0,973.5,0,1
17254811872,580,4,3,8,8,5.145,3,0,0.10 | 0.11 | 0.11,0,1.27 | 2.50 | 4.24,0,0.94 | 1.60 | 3.16,0.974,0.000,0,1,0,0,0,0,-1,0,3,0,,0,,0,,0,0,973.5,0,1
17254811873,580,4,3,8,8,4.128,3,0,0.10 | 0.11 | 0.11,0,1.27 | 2.50 | 4.24,0,0.94 | 1.60 | 3.16,0.974,0.000,0,1,0,0,0,0,-1,0,3,0,,0,,0,,0,0,973.5,0,1
17254811874,580,4,3,8,8,4.128,3,0,0.10 | 0.11 | 0.11,0,1.27 | 2.50 | 4.24,0,0.94 | 1.60 | 3.16,0.974,0.000,0,1,0,0,0,0,-1,0,3,0,,0,,0,,0,0,973.5,0,1
17254811875,580,3,3,8,8,4.128,3,0,0.10 | 0.11 | 0.11,0,1.27 | 2.50 | 4.24,0,0.94 | 1.60 | 3.16,0.974,0.000,0,1,0,0,0,0,-1,0,3,0,,0,,0,,0,0,973.5,0,1
17254811876,580,3,3,8,8,4.128,3,0,0.10 | 0.11 | 0.11,0,1.27 | 2.50 | 4.24,0,0.94 | 1.60 | 3.16,0.974,0.000,0,1,0,0,0,0,-1,0,3,0,,0,,0,,0,0,973.5,0,1
17254811877,580,3,3,8,8,4.128,3,0,0.10 | 0.11 | 0.11,0,1.27 | 2.50 | 4.24,0,0.94 | 1.60 | 3.16,0.974,0.000,0,1,0,0,0,0,-1,0,3,0,,0,,0,,0,0,973.5,0,1
17254811878,580,3,3,8,8,4.128,3,0,0.10 | 0.11 | 0.11,0,1.27 | 2.50 | 4.24,0,0.94 | 1.60 | 3.16,0.974,0.000,0,1,0,0,0,0,-1,0,3,0,,0,,0,,0,0,973.5,0,1
17254811879,580,3,3,8,8,4.128,3,0,0.10 | 0.11 | 0.11,0,1.27 | 2.50 | 4.24,0,0.94 | 1.60 | 3.16,0.974,0.000,0,1,0,0,0,0,-1,0,3,0,,0,,0,,0,0,973.5,0,1
17254811880,580,3,3,8,8,4.128,3,0,0.10 | 0.11 | 0.11,0,1.27 | 2.50 | 4.24,0,0.94 | 1.60 | 3.16,0.974,0.000,0,1,0,0,0,0,-1,0,3,0,,0,,0,,0,0,973.5,0,1
17254811881,580,3,3,8,8,4.128,3,0,0.10 | 0.11 | 0.11,0,1.27 | 2.50 | 4.24,0,0.94 | 1.60 | 3.16,0.974,0.000,0,1,0,0,0,0,-1,0,3,0,,0,,0,,0,0,973.5,0,1
17254811882,580,3,3,8,8,4.128,3,0,0.10 | 0.11 | 0.11,0,1.27 | 2.50 | 4.24,0,0.94 | 1.60 | 3.16,0.974,0.000,0,1,0,0,0,0,-1,0,3,0,,0,,0,,0,0,973.5,0,1
17254811883,580,3,3,8,8,3.066,3,0,0.10 | 0.11 | 0.11,0,1.27 | 2.50 | 4.24,0,0.94 | 1.60 | 3.16,0.974,0.000,0,1,0,0,0,0,-1,0,3,0,,0,,0,,0,0,973.5,0,1
17254811884,580,3,3,8,8,3.066,3,0,0.10 | 0.11 | 0.11,0,1.27 | 2.50 | 4.24,0,0.94 | 1.60 | 3.16,0.974,0.000,0,1,0,0,0,0,-1,0,3,0,,0,,0,,0,0,973.5,0,1
17254811885,580,3,3,8,8,3.066,3,0,0.10 | 0.11 | 0.11,0,1.27 | 2.50 | 4.24,0,0.94 | 1.60 | 3.16,0.974,0.000,0,1,0,0,0,0,-1,0,3,0,,0,,0,,0,0,973.5,0,1
17254811886,580,3,3,8,8,3.066,3,0,0.10 | 0.11 | 0.11,0,1.27 | 2.50 | 4.24,0,0.94 | 1.60 | 3.16,0.974,0.000,0,1,0,0,0,0,-1,0,3,0,,0,,0,,0,0,973.5,0,1
17254811887,580,3,3,8,8,3.066,3,0,0.10 | 0.11 | 0.11,0,1.27 | 2.50 | 4.24,0,0.94 | 1.60 | 3.16,0.974,0.000,0,1,0,0,0,0,-1,0,3,0,,0,,0,,0,0,973.5,0,1
17254811888,580,3,3,8,8,3.066,3,0,0.10 | 0.11 | 0.11,0,1.27 | 2.50 | 4.24,0,0.94 | 1.60 | 3.16,0.974,0.000,0,1,0,0,0,0,-1,0,3,0,,0,,0,,0,0,973.5,0,1
17254811889,580,3,3,8,8,3.066,3,0,0.10 | 0.11 | 0.11,0,1.27 | 2.50 | 4.24,0,0.94 | 1.60 | 3.16,0.974,0.000,0,1,0,0,0,0,-1,0,3,0,,0,,0,,0,0,973.5,0,1
17254811890,580,3,3,8,8,3.066,3,0,0.10 | 0.11 | 0.11,0,1.27 | 2.50 | 4.24,0,0.94 | 1.60 | 3.16,0.974,0.000,0,1,0,0,0,0,-1,0,3,0,,0,,0,,0,0,973.5,0,1
17254811891,580,3,3,8,8,3.066,3,0,0.10 | 0.11 | 0.11,0,1.27 | 2.50 | 4.24,0,0.94 | 1.60 | 3.16,0.974,0.000,0,1,0,0,0,0,-1,0,3,0,,0,,0,,0,0,973.5,0,1
17254811892,580,3,3,8,8,3.066,3,0,0.10 | 0.11 | 0.11,0,1.27 | 2.50 | 4.24,0,0.94 | 1.60 | 3.16,0.974,0.000,0,1,0,0,0,0,-1,0,3,0,,0,,0,,0,0,973.5,0,1
17254811893,580,3,3,8,8,2.269,3,0,0.10 | 0.11 | 0.11,0,1.27 | 2.50 | 4.24,0,0.94 | 1.60 | 3.16,0.974,0.000,0,1,0,0,0,0,-1,0,3,0,,0,,0,,0,0,973.5,0,1
17254811894,580,3,3,8,8,2.269,3,0,0.10 | 0.11 | 0.11,0,1.27 | 2.50 | 4.24,0,0.94 | 1.60 | 3.16,0.974,0.000,0,1,0,0,0,0,-1,0,3,0,,0,,0,,0,0,1000.75,0,1
17254811895,580,3,3,8,8,2.269,3,0,0.10 | 0.11 | 0.11,0,1.27 | 2.50 | 4.24,0,0.94 | 1.60 | 3.16,0.974,0.000,0,1,0,0,0,0,-1,0,3,0,,0,,0,,0,0,1000.75,0,1
17254811896,580,3,3,8,8,2.269,3,0,0.10 | 0.11 | 0.11,0,1.27 | 2.50 | 4.24,0,0.94 | 1.60 | 3.16,0.974,0.000,0,1,0,0,0,0,-1,0,3,0,,0,,0,,0,0,1000.75,0,1
17254811897,580,3,3,8,8,2.269,3,0,0.10 | 0.11 | 0.11,0,1.27 | 2.50 | 4.24,0,0.94 | 1.60 | 3.16,0.974,0.000,0,1,0,0,0,0,-1,0,3,0,,0,,0,,0,0,1000.75,0,1
17254811898,580,3,3,8,8,2.269,3,0,0.10 | 0.11 | 0.11,0,1.27 | 2.50 | 4.24,0,0.94 | 1.60 | 3.16,0.974,0.000,0,1,0,0,0,0,-1,0,3,0,,0,,0,,0,0,1000.75,0,1
17254811899,580,3,3,8,8,2.269,3,0,0.10 | 0.11 | 0.11,0,1.27 | 2.50 | 4.24,0,0.94 | 1.60 | 3.16,0.974,0.000,0,1,0,0,0,0,-1,0,3,0,,0,,0,,0,0,1000.75,0,1
17254811900,580,3,3,8,8,2.269,3,0,0.10 | 0.11 | 0.11,0,1.27 | 2.50 | 4.24,0,0.94 | 1.60 | 3.16,0.974,0.000,0,1,0,0,0,0,-1,0,3,0,,0,,0,,0,0,1000.75,0,1
17254811901,580,3,3,8,8,2.269,3,0,0.10 | 0.11 | 0.11,0,1.27 | 2.50 | 4.24,0,0.94 | 1.60 | 3.16,0.974,0.000,0,1,0,0,0,0,-1,0,3,0,,0,,0,,0,0,1000.75,0,1
17254811902,580,3,3,8,8,2.269,3,0,0.10 | 0.11 | 0.11,0,1.27 | 2.50 | 4.24,0,0.94 | 1.60 | 3.16,0.974,0.000,0,1,0,0,0,0,-1,0,3,0,,0,,0,,0,0,1000.75,0,1
17254811903,580,3,3,8,8,6.006,3,0,0.11 | 0.11 | 0.11,0,1.27 | 2.60 | 4.24,0,0.94 | 1.54 | 3.16,1.001,0.000,0,1,0,0,0,0,-1,0,3,0,,0,,0,,0,0,1000.75,0,1
17254811904,580,3,3,8,8,6.006,3,0,0.11 | 0.11 | 0.11,0,1.27 | 2.60 | 4.24,0,0.94 | 1.54 | 3.16,1.001,0.000,0,1,0,0,0,0,-1,0,3,0,,0,,0,,0,0,1000.75,0,1
17254811905,580,3,3,8,8,6.006,3,0,0.11 | 0.11 | 0.11,0,1.27 | 2.60 | 4.24,0,0.94 | 1.54 | 3.16,1.001,0.000,0,1,0,0,0,0,-1,0,3,0,,0,,0,,0,0,1000.75,0,1
17254811906,580,3,3,8,8,6.006,3,0,0.11 | 0.11 | 0.11,0,1.27 | 2.60 | 4.24,0,0.94 | 1.54 | 3.16,1.001,0.000,0,1,0,0,0,0,-1,0,3,0,,0,,0,,0,0,1000.75,0,1
17254811907,580,3,3,8,8,6.006,3,0,0.11 | 0.11 | 0.11,0,1.27 | 2.60 | 4.24,0,0.94 | 1.54 | 3.16,1.001,0.000,0,1,0,0,0,0,-1,0,3,0,,0,,0,,0,0,1000.75,0,1
17254811908,580,3,3,8,8,6.006,3,0,0.11 | 0.11 | 0.11,0,1.27 | 2.60 | 4.24,0,0.94 | 1.54 | 3.16,1.001,0.000,0,1,0,0,0,0,-1,0,3,0,,0,,0,,0,0,1000.75,0,1
17254811909,580,3,3,8,8,6.006,3,0,0.11 | 0.11 | 0.11,0,1.27 | 2.60 | 4.24,0,0.94 | 1.54 | 3.16,1.001,0.000,0,1,0,0,0,0,-1,0,3,0,,0,,0,,0,0,1000.75,0,1
17254811910,580,3,3,8,8,6.006,3,0,0.11 | 0.11 | 0.11,0,1.27 | 2.60 | 4.24,0,0.94 | 1.54 | 3.16,1.001,0.000,0,1,0,0,0,0,-1,0,3,0,,0,,0,,0,0,1000.75,0,1
17254811911,580,3,3,8,8,6.006,3,0,0.11 | 0.11 | 0.11,0,1.27 | 2.60 | 4.24,0,0.94 | 1.54 | 3.16,1.001,0.000,0,1,0,0,0,0,-1,0,3,0,,0,,0,,0,0,1000.75,0,1
17254811912,580,3,3,8,8,6.006,3,0,0.11 | 0.11 | 0.11,0,1.27 | 2.60 | 4.24,0,0.94 | 1.54 | 3.16,1.001,0.000,0,1,0,0,0,0,-1,0,3,0,,0,,0,,0,0,983,0,1
17254811913,580,3,3,8,8,8.012,3,0,0.11 | 0.11 | 0.11,0,1.69 | 2.70 | 4.24,0,0.94 | 1.48 | 2.37,0.983,0.000,0,1,0,0,0,0,-1,0,3,0,,0,,0,,0,0,983,0,1
17254811914,580,3,3,8,8,8.012,3,0,0.11 | 0.11 | 0.11,0,1.69 | 2.70 | 4.24,0,0.94 | 1.48 | 2.37,0.983,0.000,0,1,0,0,0,0,-1,0,3,0,,0,,0,,0,0,983,0,1
17254811915,580,3,3,8,8,8.012,3,0,0.11 | 0.11 | 0.11,0,1.69 | 2.70 | 4.24,0,0.94 | 1.48 | 2.37,0.983,0.000,0,1,0,0,0,0,-1,0,3,0,,0,,0,,0,0,983,0,1
17254811916,580,3,3,8,8,8.012,3,0,0.11 | 0.11 | 0.11,0,1.69 | 2.70 | 4.24,0,0.94 | 1.48 | 2.37,0.983,0.000,0,1,0,0,0,0,-1,0,3,0,,0,,0,,0,0,983,0,1
17254811917,580,3,3,8,8,8.012,3,0,0.11 | 0.11 | 0.11,0,1.69 | 2.70 | 4.24,0,0.94 | 1.48 | 2.37,0.983,0.000,0,1,0,0,0,0,-1,0,3,0,,0,,0,,0,0,983,0,1
17254811918,580,3,3,8,8,8.012,3,0,0.11 | 0.11 | 0.11,0,1.69 | 2.70 | 4.24,0,0.94 | 1.48 | 2.37,0.983,0.000,0,1,0,0,0,0,-1,0,3,0,,0,,0,,0,0,983,0,1
17254811919,580,3,3,8,8,8.012,3,0,0.11 | 0.11 | 0.11,0,1.69 | 2.70 | 4.24,0,0.94 | 1.48 | 2.37,0.983,0.000,0,1,0,0,0,0,-1,0,3,0,,0,,0,,0,0,983,0,1
17254811920,580,3,3,8,8,8.012,3,0,0.11 | 0.11 | 0.11,0,1.69 | 2.70 | 4.24,0,0.94 | 1.48 | 2.37,0.983,0.000,0,1,0,0,0,0,-1,0,3,0,,0,,0,,0,0,983,0,1
17254811921,580,3,3,8,8,8.012,3,0,0.11 | 0.11 | 0.11,0,1.69 | 2.70 | 4.24,0,0.94 | 1.48 | 2.37,0.983,0.000,0,1,0,0,0,0,-1,0,3,0,,0,,0,,0,0,983,0,1
17254811922,580,3,3,8,8,8.012,3,0,0.11 | 0.11 | 0.11,0,1.69 | 2.70 | 4.24,0,0.94 | 1.48 | 2.37,0.983,0.000,0,1,0,0,0,0,-1,0,3,0,,0,,0,,0,0,983,0,1
17254811923,580,3,3,8,8,7.081,3,0,0.11 | 0.11 | 0.11,0,1.69 | 2.70 | 4.24,0,0.94 | 1.48 | 2.37,0.983,0.000,0,1,0,0,0,0,-1,0,3,0,,0,,0,,0,0,983,0,1
17254811924,580,3,3,8,8,7.081,3,0,0.11 | 0.11 | 0.11,0,1.69 | 2.70 | 4.24,0,0.94 | 1.48 | 2.37,0.983,0.000,0,1,0,0,0,0,-1,0,3,0,,0,,0,,0,0,983,0,1
17254811925,580,3,3,8,8,7.081,3,0,0.11 | 0.11 | 0.11,0,1.69 | 2.70 | 4.24,0,0.94 | 1.48 | 2.37,0.983,0.000,0,1,0,0,0,0,-1,0,3,0,,0,,0,,0,0,983,0,1
17254811926,580,3,3,8,8,7.081,3,0,0.11 | 0.11 | 0.11,0,1.69 | 2.70 | 4.24,0,0.94 | 1.48 | 2.37,0.983,0.000,0,1,0,0,0,0,-1,0,3,0,,0,,0,,0,0,983,0,1
17254811927,580,3,3,8,8,7.081,3,0,0.11 | 0.11 | 0.11,0,1.69 | 2.70 | 4.24,0,0.94 | 1.48 | 2.37,0.983,0.000,0,1,0,0,0,0,-1,0,3,0,,0,,0,,0,0,983,0,1
17254811928,580,3,3,8,8,7.081,3,0,0.11 | 0.11 | 0.11,0,1.69 | 2.70 | 4.24,0,0.94 | 1.48 | 2.37,0.983,0.000,0,1,0,0,0,0,-1,0,3,0,,0,,0,,0,0,983,0,1
17254811929,580,3,3,8,8,7.081,3,0,0.11 | 0.11 | 0.11,0,1.69 | 2.70 | 4.24,0,0.94 | 1.48 | 2.37,0.983,0.000,0,1,0,0,0,0,-1,0,3,0,,0,,0,,0,0,983,0,1
17254811930,580,3,3,8,8,7.081,3,0,0.11 | 0.11 | 0.11,0,1.69 | 2.70 | 4.24,0,0.94 | 1.48 | 2.37,0.983,0.000,0,1,0,0,0,0,-1,0,3,0,,0,,0,,0,0,983,0,1
17254811931,580,3,3,8,8,7.081,3,0,0.11 | 0.11 | 0.11,0,1.69 | 2.70 | 4.24,0,0.94 | 1.48 | 2.37,0.983,0.000,0,1,0,0,0,0,-1,0,3,0,,0,,0,,0,0,983,0,1
17254811932,580,3,3,8,8,7.081,3,0,0.11 | 0.11 | 0.11,0,1.69 | 2.70 | 4.24,0,0.94 | 1.48 | 2.37,0.983,0.000,0,1,0,0,0,0,-1,0,3,0,,0,,0,,0,0,983,0,1
17254811933,580,3,3,8,8,6.019,3,0,0.11 | 0.11 | 0.11,0,1.69 | 2.70 | 4.24,0,0.94 | 1.48 | 2.37,0.983,0.000,0,1,0,0,0,0,-1,0,3,0,,0,,0,,0,0,983,0,1
17254811934,580,3,3,8,8,6.019,3,0,0.11 | 0.11 | 0.11,0,1.69 | 2.70 | 4.24,0,0.94 | 1.48 | 2.37,0.983,0.000,0,1,0,0,0,0,-1,0,3,0,,0,,0,,0,0,983,0,1
17254811935,580,3,3,8,8,6.019,3,0,0.11 | 0.11 | 0.11,0,1.69 | 2.70 | 4.24,0,0.94 | 1.48 | 2.37,0.983,0.000,0,1,0,0,0,0,-1,0,3,0,,0,,0,,0,0,983,0,1
17254811936,580,3,3,8,8,6.019,3,0,0.11 | 0.11 | 0.11,0,1.69 | 2.70 | 4.24,0,0.94 | 1.48 | 2.37,0.983,0.000,0,1,0,0,0,0,-1,0,3,0,,0,,0,,0,0,983,0,1
17254811937,580,3,3,8,8,6.019,3,0,0.11 | 0.11 | 0.11,0,1.69 | 2.70 | 4.24,0,0.94 | 1.48 | 2.37,0.983,0.000,0,1,0,0,0,0,-1,0,3,0,,0,,0,,0,0,983,0,1
17254811938,580,3,3,8,8,6.019,3,0,0.11 | 0.11 | 0.11,0,1.69 | 2.70 | 4.24,0,0.94 | 1.48 | 2.37,0.983,0.000,0,1,0,0,0,0,-1,0,3,0,,0,,0,,0,0,983,0,1
17254811939,580,3,3,8,8,6.019,3,0,0.11 | 0.11 | 0.11,0,1.69 | 2.70 | 4.24,0,0.94 | 1.48 | 2.37,0.983,0.000,0,1,0,0,0,0,-1,0,3,0,,0,,0,,0,0,983,0,1
17254811940,580,3,3,8,8,6.019,3,0,0.11 | 0.11 | 0.11,0,1.69 | 2.70 | 4.24,0,0.94 | 1.48 | 2.37,0.983,0.000,0,1,0,0,0,0,-1,0,3,0,,0,,0,,0,0,993.25,0,1
17254811941,580,3,3,8,8,6.019,3,0,0.11 | 0.11 | 0.11,0,1.69 | 2.70 | 4.24,0,0.94 | 1.48 | 2.37,0.983,0.000,0,1,0,0,0,0,-1,0,3,0,,0,,0,,0,0,993.25,0,1
17254811942,580,3,3,8,8,6.019,3,0,0.11 | 0.11 | 0.11,0,1.69 | 2.70 | 4.24,0,0.94 | 1.48 | 2.37,0.983,0.000,0,1,0,0,0,0,-1,0,3,0,,0,,0,,0,0,993.25,0,1
17254811943,580,3,3,8,8,10.022,3,0,0.11 | 0.11 | 0.11,0,1.69 | 2.31 | 3.13,0,1.28 | 1.73 | 2.37,0.993,0.000,0,1,0,0,0,0,-1,0,3,0,,0,,0,,0,0,993.25,0,1
17254811944,580,3,3,8,8,10.022,3,0,0.11 | 0.11 | 0.11,0,1.69 | 2.31 | 3.13,0,1.28 | 1.73 | 2.37,0.993,0.000,0,1,0,0,0,0,-1,0,3,0,,0,,0,,0,0,993.25,0,1
17254811945,580,3,3,8,8,10.022,3,0,0.11 | 0.11 | 0.11,0,1.69 | 2.31 | 3.13,0,1.28 | 1.73 | 2.37,0.993,0.000,0,1,0,0,0,0,-1,0,3,0,,0,,0,,0,0,993.25,0,1
17254811946,580,3,3,8,8,10.022,3,0,0.11 | 0.11 | 0.11,0,1.69 | 2.31 | 3.13,0,1.28 | 1.73 | 2.37,0.993,0.000,0,1,0,0,0,0,-1,0,3,0,,0,,0,,0,0,993.25,0,1
17254811947,580,3,3,8,8,10.022,3,0,0.11 | 0.11 | 0.11,0,1.69 | 2.31 | 3.13,0,1.28 | 1.73 | 2.37,0.993,0.000,0,1,0,0,0,0,-1,0,3,0,,0,,0,,0,0,993.25,0,1
17254811948,580,3,3,8,8,10.022,3,0,0.11 | 0.11 | 0.11,0,1.69 | 2.31 | 3.13,0,1.28 | 1.73 | 2.37,0.993,0.000,0,1,0,0,0,0,-1,0,3,0,,0,,0,,0,0,993.25,0,1
17254811949,580,3,3,8,8,10.022,3,0,0.11 | 0.11 | 0.11,0,1.69 | 2.31 | 3.13,0,1.28 | 1.73 | 2.37,0.993,0.000,0,1,0,0,0,0,-1,0,3,0,,0,,0,,0,0,993.25,0,1
17254811950,580,3,3,8,8,10.022,3,0,0.11 | 0.11 | 0.11,0,1.69 | 2.31 | 3.13,0,1.28 | 1.73 | 2.37,0.993,0.000,0,1,0,0,0,0,-1,0,3,0,,0,,0,,0,0,993.25,0,1
17254811951,580,3,3,8,8,10.022,3,0,0.11 | 0.11 | 0.11,0,1.69 | 2.31 | 3.13,0,1.28 | 1.73 | 2.37,0.993,0.000,0,1,0,0,0,0,-1,0,3,0,,0,,0,,0,0,993.25,0,1
17254811952,580,3,3,8,8,10.022,3,0,0.11 | 0.11 | 0.11,0,1.69 | 2.31 | 3.13,0,1.28 | 1.73 | 2.37,0.993,0.000,0,1,0,0,0,0,-1,0,3,0,,0,,0,,0,0,993.25,0,1
17254811953,580,3,3,8,8,8.96,3,0,0.11 | 0.11 | 0.11,0,1.69 | 2.31 | 3.13,0,1.28 | 1.73 | 2.37,0.993,0.000,0,1,0,0,0,0,-1,0,3,0,,0,,0,,0,0,993.25,0,1
17254811954,580,3,3,8,8,8.96,3,0,0.11 | 0.11 | 0.11,0,1.69 | 2.31 | 3.13,0,1.28 | 1.73 | 2.37,0.993,0.000,0,1,0,0,0,0,-1,0,3,0,,0,,0,,0,0,993.25,0,1
17254811955,580,3,3,8,8,8.96,3,0,0.11 | 0.11 | 0.11,0,1.69 | 2.31 | 3.13,0,1.28 | 1.73 | 2.37,0.993,0.000,0,1,0,0,0,0,-1,0,3,0,,0,,0,,0,0,993.25,0,1
17254811956,580,3,3,8,8,8.96,3,0,0.11 | 0.11 | 0.11,0,1.69 | 2.31 | 3.13,0,1.28 | 1.73 | 2.37,0.993,0.000,0,1,0,0,0,0,-1,0,3,0,,0,,0,,0,0,993.25,0,1
17254811957,580,3,3,8,8,8.96,3,0,0.11 | 0.11 | 0.11,0,1.69 | 2.31 | 3.13,0,1.28 | 1.73 | 2.37,0.993,0.000,0,1,0,0,0,0,-1,0,3,0,,0,,0,,0,0,993.25,0,1
17254811958,580,3,3,8,8,8.96,3,0,0.11 | 0.11 | 0.11,0,1.69 | 2.31 | 3.13,0,1.28 | 1.73 | 2.37,0.993,0.000,0,1,0,0,0,0,-1,0,3,0,,0,,0,,0,0,993.25,0,1
17254811959,580,3,3,8,8,8.96,3,0,0.11 | 0.11 | 0.11,0,1.69 | 2.31 | 3.13,0,1.28 | 1.73 | 2.37,0.993,0.000,0,1,0,0,0,0,-1,0,3,0,,0,,0,,0,0,993.25,0,1
17254811960,580,3,3,8,8,8.96,3,0,0.11 | 0.11 | 0.11,0,1.69 | 2.31 | 3.13,0,1.28 | 1.73 | 2.37,0.993,0.000,0,1,0,0,0,0,-1,0,3,0,,0,,0,,0,0,993.25,0,1
17254811961,580,3,3,8,8,8.96,3,0,0.11 | 0.11 | 0.11,0,1.69 | 2.31 | 3.13,0,1.28 | 1.73 | 2.37,0.993,0.000,0,1,0,0,0,0,-1,0,3,0,,0,,0,,0,0,993.25,0,1
17254811962,580,3,3,8,8,8.96,3,0,0.11 | 0.11 | 0.11,0,1.69 | 2.31 | 3.13,0,1.28 | 1.73 | 2.37,0.993,0.000,0,1,0,0,0,0,-1,0,3,0,,0,,0,,0,0,982.75,0,1
17254811963,580,3,3,8,8,11.097,3,0,0.11 | 0.11 | 0.11,0,1.69 | 2.39 | 3.13,0,1.28 | 1.67 | 2.37,0.983,0.000,0,1,0,0,0,0,-1,0,3,0,,0,,0,,0,0,982.75,0,1
17254811964,580,3,3,8,8,11.097,3,0,0.11 | 0.11 | 0.11,0,1.69 | 2.39 | 3.13,0,1.28 | 1.67 | 2.37,0.983,0.000,0,1,0,0,0,0,-1,0,3,0,,0,,0,,0,0,982.75,0,1
17254811965,580,3,3,8,8,11.097,3,0,0.11 | 0.11 | 0.11,0,1.69 | 2.39 | 3.13,0,1.28 | 1.67 | 2.37,0.983,0.000,0,1,0,0,0,0,-1,0,3,0,,0,,0,,0,0,982.75,0,1
17254811966,580,3,3,8,8,11.097,3,0,0.11 | 0.11 | 0.11,0,1.69 | 2.39 | 3.13,0,1.28 | 1.67 | 2.37,0.983,0.000,0,1,0,0,0,0,-1,0,3,0,,0,,0,,0,0,982.75,0,1
17254811967,580,3,3,8,8,11.097,3,0,0.11 | 0.11 | 0.11,0,1.69 | 2.39 | 3.13,0,1.28 | 1.67 | 2.37,0.983,0.000,0,1,0,0,0,0,-1,0,3,0,,0,,0,,0,0,982.75,0,1
17254811968,580,3,3,8,8,11.097,3,0,0.11 | 0.11 | 0.11,0,1.69 | 2.39 | 3.13,0,1.28 | 1.67 | 2.37,0.983,0.000,0,1,0,0,0,0,-1,0,3,0,,0,,0,,0,0,982.75,0,1
17254811969,580,3,3,8,8,11.097,3,0,0.11 | 0.11 | 0.11,0,1.69 | 2.39 | 3.13,0,1.28 | 1.67 | 2.37,0.983,0.000,0,1,0,0,0,0,-1,0,3,0,,0,,0,,0,0,982.75,0,1
17254811970,580,3,3,8,8,11.097,3,0,0.11 | 0.11 | 0.11,0,1.69 | 2.39 | 3.13,0,1.28 | 1.67 | 2.37,0.983,0.000,0,1,0,0,0,0,-1,0,3,0,,0,,0,,0,0,982.75,0,1
17254811971,580,3,3,8,8,11.097,3,0,0.11 | 0.11 | 0.11,0,1.69 | 2.39 | 3.13,0,1.28 | 1.67 | 2.37,0.983,0.000,0,1,0,0,0,0,-1,0,3,0,,0,,0,,0,0,982.75,0,1
17254811972,580,3,3,8,8,11.097,3,0,0.11 | 0.11 | 0.11,0,1.69 | 2.39 | 3.13,0,1.28 | 1.67 | 2.37,0.983,0.000,0,1,0,0,0,0,-1,0,3,0,,0,,0,,0,0,982.75,0,1
17254811973,580,3,3,8,8,10.035,3,0,0.11 | 0.11 | 0.11,0,1.69 | 2.39 | 3.13,0,1.28 | 1.67 | 2.37,0.983,0.000,0,1,0,0,0,0,-1,0,3,0,,0,,0,,0,0,982.75,0,1
17254811974,580,3,3,8,8,10.035,3,0,0.11 | 0.11 | 0.11,0,1.69 | 2.39 | 3.13,0,1.28 | 1.67 | 2.37,0.983,0.000,0,1,0,0,0,0,-1,0,3,0,,0,,0,,0,0,982.75,0,1
17254811975,580,3,3,8,8,10.035,3,0,0.11 | 0.11 | 0.11,0,1.69 | 2.39 | 3.13,0,1.28 | 1.67 | 2.37,0.983,0.000,0,1,0,0,0,0,-1,0,3,0,,0,,0,,0,0,982.75,0,1
17254811976,580,3,3,8,8,10.035,3,0,0.11 | 0.11 | 0.11,0,1.69 | 2.39 | 3.13,0,1.28 | 1.67 | 2.37,0.983,0.000,0,1,0,0,0,0,-1,0,3,0,,0,,0,,0,0,982.75,0,1
17254811977,580,3,3,8,8,10.035,3,0,0.11 | 0.11 | 0.11,0,1.69 | 2.39 | 3.13,0,1.28 | 1.67 | 2.37,0.983,0.000,0,1,0,0,0,0,-1,0,3,0,,0,,0,,0,0,982.75,0,1
17254811978,580,3,3,8,8,10.035,3,0,0.11 | 0.11 | 0.11,0,1.69 | 2.39 | 3.13,0,1.28 | 1.67 | 2.37,0.983,0.000,0,1,0,0,0,0,-1,0,3,0,,0,,0,,0,0,982.75,0,1
17254811979,580,3,3,8,8,10.035,3,0,0.11 | 0.11 | 0.11,0,1.69 | 2.39 | 3.13,0,1.28 | 1.67 | 2.37,0.983,0.000,0,1,0,0,0,0,-1,0,3,0,,0,,0,,0,0,982.75,0,1
17254811980,580,3,3,8,8,10.035,3,0,0.11 | 0.11 | 0.11,0,1.69 | 2.39 | 3.13,0,1.28 | 1.67 | 2.37,0.983,0.000,0,1,0,0,0,0,-1,0,3,0,,0,,0,,0,0,982.75,0,1
17254811981,580,3,3,8,8,10.035,3,0,0.11 | 0.11 | 0.11,0,1.69 | 2.39 | 3.13,0,1.28 | 1.67 | 2.37,0.983,0.000,0,1,0,0,0,0,-1,0,3,0,,0,,0,,0,0,982.75,0,1
17254811982,580,3,3,8,8,10.035,3,0,0.11 | 0.11 | 0.11,0,1.69 | 2.39 | 3.13,0,1.28 | 1.67 | 2.37,0.983,0.000,0,1,0,0,0,0,-1,0,3,0,,0,,0,,0,0,982.75,0,1
17254811983,580,3,3,8,8,9.238,3,0,0.11 | 0.11 | 0.11,0,1.69 | 2.39 | 3.13,0,1.28 | 1.67 | 2.37,0.983,0.000,0,1,0,0,0,0,-1,0,3,0,,0,,0,,0,0,982.75,0,1
17254811984,580,3,3,8,8,9.238,3,0,0.11 | 0.11 | 0.11,0,1.69 | 2.39 | 3.13,0,1.28 | 1.67 | 2.37,0.983,0.000,0,1,0,0,0,0,-1,0,3,0,,0,,0,,0,0,982.75,0,1
17254811985,580,3,3,8,8,9.238,3,0,0.11 | 0.11 | 0.11,0,1.69 | 2.39 | 3.13,0,1.28 | 1.67 | 2.37,0.983,0.000,0,1,0,0,0,0,-1,0,3,0,,0,,0,,0,0,982.75,0,1
17254811986,580,3,3,8,8,9.238,3,0,0.11 | 0.11 | 0.11,0,1.69 | 2.39 | 3.13,0,1.28 | 1.67 | 2.37,0.983,0.000,0,1,0,0,0,0,-1,0,3,0,,0,,0,,0,0,982.75,0,1
17254811987,580,3,3,8,8,9.238,3,0,0.11 | 0.11 | 0.11,0,1.69 | 2.39 | 3.13,0,1.28 | 1.67 | 2.37,0.983,0.000,0,1,0,0,0,0,-1,0,3,0,,0,,0,,0,0,982.75,0,1
17254811988,580,3,3,8,8,9.238,3,0,0.11 | 0.11 | 0.11,0,1.69 | 2.39 | 3.13,0,1.28 | 1.67 | 2.37,0.983,0.000,0,1,0,0,0,0,-1,0,3,0,,0,,0,,0,0,982.75,0,1
17254811989,580,3,3,8,8,9.238,3,0,0.11 | 0.11 | 0.11,0,1.69 | 2.39 | 3.13,0,1.28 | 1.67 | 2.37,0.983,0.000,0,1,0,0,0,0,-1,0,3,0,,0,,0,,0,0,982.75,0,1
17254811990,580,3,3,8,8,9.238,3,0,0.11 | 0.11 | 0.11,0,1.69 | 2.39 | 3.13,0,1.28 | 1.67 | 2.37,0.983,0.000,0,1,0,0,0,0,-1,0,3,0,,0,,0,,0,0,982.75,0,1
17254811991,580,3,3,8,8,9.238,3,0,0.11 | 0.11 | 0.11,0,1.69 | 2.39 | 3.13,0,1.28 | 1.67 | 2.37,0.983,0.000,0,1,0,0,0,0,-1,0,3,0,,0,,0,,0,0,982.75,0,1
17254811992,580,3,3,8,8,9.238,3,0,0.11 | 0.11 | 0.11,0,1.69 | 2.39 | 3.13,0,1.28 | 1.67 | 2.37,0.983,0.000,0,1,0,0,0,0,-1,0,3,0,,0,,0,,0,0,982.75,0,1
17254811993,580,3,3,8,8,12.854,3,0,0.11 | 0.11 | 0.11,0,1.69 | 2.34 | 2.95,0,1.36 | 1.71 | 2.37,1.016,0.000,0,1,0,0,0,0,-1,0,3,0,,0,,0,,0,0,1016.5,0,1
17254811994,580,3,3,8,8,12.854,3,0,0.11 | 0.11 | 0.11,0,1.69 | 2.34 | 2.95,0,1.36 | 1.71 | 2.37,1.016,0.000,0,1,0,0,0,0,-1,0,3,0,,0,,0,,0,0,1016.5,0,1
17254811995,580,3,3,8,8,12.854,3,0,0.11 | 0.11 | 0.11,0,1.69 | 2.34 | 2.95,0,1.36 | 1.71 | 2.37,1.016,0.000,0,1,0,0,0,0,-1,0,3,0,,0,,0,,0,0,1016.5,0,1
17254811996,580,3,3,8,8,12.854,3,0,0.11 | 0.11 | 0.11,0,1.69 | 2.34 | 2.95,0,1.36 | 1.71 | 2.37,1.016,0.000,0,1,0,0,0,0,-1,0,3,0,,0,,0,,0,0,1016.5,0,1
17254811997,580,3,3,8,8,12.854,3,0,0.11 | 0.11 | 0.11,0,1.69 | 2.34 | 2.95,0,1.36 | 1.71 | 2.37,1.016,0.000,0,1,0,0,0,0,-1,0,3,0,,0,,0,,0,0,1016.5,0,1
17254811998,580,3,3,8,8,12.854,3,0,0.11 | 0.11 | 0.11,0,1.69 | 2.34 | 2.95,0,1.36 | 1.71 | 2.37,1.016,0.000,0,1,0,0,0,0,-1,0,3,0,,0,,0,,0,0,1016.5,0,1
17254811999,580,3,3,8,8,12.854,3,0,0.11 | 0.11 | 0.11,0,1.69 | 2.34 | 2.95,0,1.36 | 1.71 | 2.37,1.016,0.000,0,1,0,0,0,0,-1,0,3,0,,0,,0,,0,0,1016.5,0,1
17254812000,580,3,3,8,8,12.854,3,0,0.11 | 0.11 | 0.11,0,1.69 | 2.34 | 2.95,0,1.36 | 1.71 | 2.37,1.016,0.000,0,1,0,0,0,0,-1,0,3,0,,0,,0,,0,0,1016.5,0,1
17254812001,580,3,3,8,8,12.854,3,0,0.11 | 0.11 | 0.11,0,1.69 | 2.34 | 2.95,0,1.36 | 1.71 | 2.37,1.016,0.000,0,1,0,0,0,0,-1,0,3,0,,0,,0,,0,0,1016.5,0,1
17254812002,580,3,3,8,8,12.854,3,0,0.11 | 0.11 | 0.11,0,1.69 | 2.34 | 2.95,0,1.36 | 1.71 | 2.37,1.016,0.000,0,1,0,0,0,0,-1,0,3,0,,0,,0,,0,0,1016.5,0,1
17254812003,580,3,3,8,8,11.913,3,0,0.11 | 0.11 | 0.11,0,1.69 | 2.34 | 2.95,0,1.36 | 1.71 | 2.37,1.016,0.000,0,1,0,0,0,0,-1,0,3,0,,0,,0,,0,0,1016.5,0,1
17254812004,580,3,3,8,8,11.913,3,0,0.11 | 0.11 | 0.11,0,1.69 | 2.34 | 2.95,0,1.36 | 1.71 | 2.37,1.016,0.000,0,1,0,0,0,0,-1,0,3,0,,0,,0,,0,0,1016.5,0,1
17254812005,580,3,3,8,8,11.913,3,0,0.11 | 0.11 | 0.11,0,1.69 | 2.34 | 2.95,0,1.36 | 1.71 | 2.37,1.016,0.000,0,1,0,0,0,0,-1,0,3,0,,0,,0,,0,0,1016.5,0,1
17254812006,580,3,3,8,8,11.913,3,0,0.11 | 0.11 | 0.11,0,1.69 | 2.34 | 2.95,0,1.36 | 1.71 | 2.37,1.016,0.000,0,1,0,0,0,0,-1,0,3,0,,0,,0,,0,0,1016.5,0,1
17254812007,580,3,3,8,8,11.913,3,0,0.11 | 0.11 | 0.11,0,1.69 | 2.34 | 2.95,0,1.36 | 1.71 | 2.37,1.016,0.000,0,1,0,0,0,0,-1,0,3,0,,0,,0,,0,0,1016.5,0,1
17254812008,580,3,3,8,8,11.913,3,0,0.11 | 0.11 | 0.11,0,1.69 | 2.34 | 2.95,0,1.36 | 1.71 | 2.37,1.016,0.000,0,1,0,0,0,0,-1,0,3,0,,0,,0,,0,0,1016.5,0,1
17254812009,580,3,3,8,8,11.913,3,0,0.11 | 0.11 | 0.11,0,1.69 | 2.34 | 2.95,0,1.36 | 1.71 | 2.37,1.016,0.000,0,1,0,0,0,0,-1,0,3,0,,0,,0,,0,0,1016.5,0,1
17254812010,580,3,3,8,8,11.913,3,0,0.11 | 0.11 | 0.11,0,1.69 | 2.34 | 2.95,0,1.36 | 1.71 | 2.37,1.016,0.000,0,1,0,0,0,0,-1,0,3,0,,0,,0,,0,0,1016.5,0,1
17254812011,580,3,3,8,8,11.913,3,0,0.11 | 0.11 | 0.11,0,1.69 | 2.34 | 2.95,0,1.36 | 1.71 | 2.37,1.016,0.000,0,1,0,0,0,0,-1,0,3,0,,0,,0,,0,0,1016.5,0,1
17254812012,580,3,3,8,8,11.913,3,0,0.11 | 0.11 | 0.11,0,1.69 | 2.34 | 2.95,0,1.36 | 1.71 | 2.37,1.016,0.000,0,1,0,0,0,0,-1,0,3,0,,0,,0,,0,0,1016.5,0,1
17254812013,580,3,3,8,8,10.812,3,0,0.11 | 0.11 | 0.11,0,1.69 | 2.34 | 2.95,0,1.36 | 1.71 | 2.37,1.016,0.000,0,1,0,0,0,0,-1,0,3,0,,0,,0,,0,0,1016.5,0,1
17254812014,580,3,3,8,8,10.812,3,0,0.11 | 0.11 | 0.11,0,1.69 | 2.34 | 2.95,0,1.36 | 1.71 | 2.37,1.016,0.000,0,1,0,0,0,0,-1,0,3,0,,0,,0,,0,0,1016.5,0,1
17254812015,580,3,3,8,8,10.812,3,0,0.11 | 0.11 | 0.11,0,1.69 | 2.34 | 2.95,0,1.36 | 1.71 | 2.37,1.016,0.000,0,1,0,0,0,0,-1,0,3,0,,0,,0,,0,0,1016.5,0,1
17254812016,580,3,3,8,8,10.812,3,0,0.11 | 0.11 | 0.11,0,1.69 | 2.34 | 2.95,0,1.36 | 1.71 | 2.37,1.016,0.000,0,1,0,0,0,0,-1,0,3,0,,0,,0,,0,0,1016.5,0,1
17254812017,580,3,3,8,8,10.812,3,0,0.11 | 0.11 | 0.11,0,1.69 | 2.34 | 2.95,0,1.36 | 1.71 | 2.37,1.016,0.000,0,1,0,0,0,0,-1,0,3,0,,0,,0,,0,0,1016.5,0,1
17254812018,580,3,3,8,8,10.812,3,0,0.11 | 0.11 | 0.11,0,1.69 | 2.34 | 2.95,0,1.36 | 1.71 | 2.37,1.016,0.000,0,1,0,0,0,0,-1,0,3,0,,0,,0,,0,0,1016.5,0,1
17254812019,580,3,3,8,8,10.812,3,0,0.11 | 0.11 | 0.11,0,1.69 | 2.34 | 2.95,0,1.36 | 1.71 | 2.37,1.016,0.000,0,1,0,0,0,0,-1,0,3,0,,0,,0,,0,0,1016.5,0,1
17254812020,580,3,3,8,8,10.812,3,0,0.11 | 0.11 | 0.11,0,1.69 | 2.34 | 2.95,0,1.36 | 1.71 | 2.37,1.016,0.000,0,1,0,0,0,0,-1,0,3,0,,0,,0,,0,0,1016.5,0,1
17254812021,580,3,3,8,8,10.812,3,0,0.11 | 0.11 | 0.11,0,1.69 | 2.34 | 2.95,0,1.36 | 1.71 | 2.37,1.016,0.000,0,1,0,0,0,0,-1,0,3,0,,0,,0,,0,0,1016.5,0,1
17254812022,580,3,3,8,8,10.812,3,0,0.11 | 0.11 | 0.11,0,1.69 | 2.34 | 2.95,0,1.36 | 1.71 | 2.37,1.016,0.000,0,1,0,0,0,0,-1,0,3,0,,0,,0,,0,0,1016.5,0,1
17254812023,580,3,3,8,8,10.053,3,0,0.11 | 0.11 | 0.11,0,1.69 | 2.34 | 2.95,0,1.36 | 1.71 | 2.37,1.016,0.000,0,1,0,0,0,0,-1,0,3,0,,0,,0,,0,0,1016.5,0,1
17254812024,580,3,3,8,8,10.053,3,0,0.11 | 0.11 | 0.11,0,1.69 | 2.34 | 2.95,0,1.36 | 1.71 | 2.37,1.016,0.000,0,1,0,0,0,0,-1,0,3,0,,0,,0,,0,0,1016.5,0,1
17254812025,580,3,3,8,8,10.053,3,0,0.11 | 0.11 | 0.11,0,1.69 | 2.34 | 2.95,0,1.36 | 1.71 | 2.37,1.016,0.000,0,1,0,0,0,0,-1,0,3,0,,0,,0,,0,0,1016.5,0,1
17254812026,580,3,3,8,8,10.053,3,0,0.11 | 0.11 | 0.11,0,1.69 | 2.34 | 2.95,0,1.36 | 1.71 | 2.37,1.016,0.000,0,1,0,0,0,0,-1,0,3,0,,0,,0,,0,0,1016.5,0,1
17254812027,580,3,3,8,8,10.053,3,0,0.11 | 0.11 | 0.11,0,1.69 | 2.34 | 2.95,0,1.36 | 1.71 | 2.37,1.016,0.000,0,1,0,0,0,0,-1,0,3,0,,0,,0,,0,0,986,0,1
17254812028,580,3,3,8,8,10.053,3,0,0.11 | 0.11 | 0.11,0,1.69 | 2.34 | 2.95,0,1.36 | 1.71 | 2.37,1.016,0.000,0,1,0,0,0,0,-1,0,3,0,,0,,0,,0,0,986,0,1
17254812029,580,3,3,8,8,10.053,3,0,0.11 | 0.11 | 0.11,0,1.69 | 2.34 | 2.95,0,1.36 | 1.71 | 2.37,1.016,0.000,0,1,0,0,0,0,-1,0,3,0,,0,,0,,0,0,986,0,1
17254812030,580,3,3,8,8,10.053,3,0,0.11 | 0.11 | 0.11,0,1.69 | 2.34 | 2.95,0,1.36 | 1.71 | 2.37,1.016,0.000,0,1,0,0,0,0,-1,0,3,0,,0,,0,,0,0,986,0,1
17254812031,580,3,3,8,8,10.053,3,0,0.11 | 0.11 | 0.11,0,1.69 | 2.34 | 2.95,0,1.36 | 1.71 | 2.37,1.016,0.000,0,1,0,0,0,0,-1,0,3,0,,0,,0,,0,0,986,0,1
17254812032,580,3,3,8,8,10.053,3,0,0.11 | 0.11 | 0.11,0,1.69 | 2.34 | 2.95,0,1.36 | 1.71 | 2.37,1.016,0.000,0,1,0,0,0,0,-1,0,3,0,,0,,0,,0,0,986,0,1
17254812033,580,3,3,8,8,12.191,3,0,0.11 | 0.11 | 0.11,0,2.06 | 2.49 | 2.95,0,1.36 | 1.61 | 1.95,0.986,0.000,0,1,0,0,0,0,-1,0,3,0,,0,,0,,0,0,986,0,1
17254812034,580,3,3,8,8,12.191,3,0,0.11 | 0.11 | 0.11,0,2.06 | 2.49 | 2.95,0,1.36 | 1.61 | 1.95,0.986,0.000,0,1,0,0,0,0,-1,0,3,0,,0,,0,,0,0,986,0,1
17254812035,580,3,3,8,8,12.191,3,0,0.11 | 0.11 | 0.11,0,2.06 | 2.49 | 2.95,0,1.36 | 1.61 | 1.95,0.986,0.000,0,1,0,0,0,0,-1,0,3,0,,0,,0,,0,0,986,0,1
17254812036,580,3,3,8,8,12.191,3,0,0.11 | 0.11 | 0.11,0,2.06 | 2.49 | 2.95,0,1.36 | 1.61 | 1.95,0.986,0.000,0,1,0,0,0,0,-1,0,3,0,,0,,0,,0,0,986,0,1
17254812037,580,3,3,8,8,12.191,3,0,0.11 | 0.11 | 0.11,0,2.06 | 2.49 | 2.95,0,1.36 | 1.61 | 1.95,0.986,0.000,0,1,0,0,0,0,-1,0,3,0,,0,,0,,0,0,986,0,1
17254812038,580,3,3,8,8,12.191,3,0,0.11 | 0.11 | 0.11,0,2.06 | 2.49 | 2.95,0,1.36 | 1.61 | 1.95,0.986,0.000,0,1,0,0,0,0,-1,0,3,0,,0,,0,,0,0,986,0,1
17254812039,580,3,3,8,8,12.191,3,0,0.11 | 0.11 | 0.11,0,2.06 | 2.49 | 2.95,0,1.36 | 1.61 | 1.95,0.986,0.000,0,1,0,0,0,0,-1,0,3,0,,0,,0,,0,0,986,0,1
17254812040,580,3,3,8,8,12.191,3,0,0.11 | 0.11 | 0.11,0,2.06 | 2.49 | 2.95,0,1.36 | 1.61 | 1.95,0.986,0.000,0,1,0,0,0,0,-1,0,3,0,,0,,0,,0,0,986,0,1
17254812041,580,3,3,8,8,12.191,3,0,0.11 | 0.11 | 0.11,0,2.06 | 2.49 | 2.95,0,1.36 | 1.61 | 1.95,0.986,0.000,0,1,0,0,0,0,-1,0,3,0,,0,,0,,0,0,986,0,1
17254812042,580,3,3,8,8,12.191,3,0,0.11 | 0.11 | 0.11,0,2.06 | 2.49 | 2.95,0,1.36 | 1.61 | 1.95,0.986,0.000,0,1,0,0,0,0,-1,0,3,0,,0,,0,,0,0,986,0,1
17254812043,580,3,3,8,8,11.128,3,0,0.11 | 0.11 | 0.11,0,2.06 | 2.49 | 2.95,0,1.36 | 1.61 | 1.95,0.986,0.000,0,1,0,0,0,0,-1,0,3,0,,0,,0,,0,0,986,0,1
17254812044,580,3,3,8,8,11.128,3,0,0.11 | 0.11 | 0.11,0,2.06 | 2.49 | 2.95,0,1.36 | 1.61 | 1.95,0.986,0.000,0,1,0,0,0,0,-1,0,3,0,,0,,0,,0,0,986,0,1
17254812045,580,3,3,8,8,11.128,3,0,0.11 | 0.11 | 0.11,0,2.06 | 2.49 | 2.95,0,1.36 | 1.61 | 1.95,0.986,0.000,0,1,0,0,0,0,-1,0,3,0,,0,,0,,0,0,986,0,1
17254812046,580,3,3,8,8,11.128,3,0,0.11 | 0.11 | 0.11,0,2.06 | 2.49 | 2.95,0,1.36 | 1.61 | 1.95,0.986,0.000,0,1,0,0,0,0,-1,0,3,0,,0,,0,,0,0,986,0,1
17254812047,580,3,3,8,8,11.128,3,0,0.11 | 0.11 | 0.11,0,2.06 | 2.49 | 2.95,0,1.36 | 1.61 | 1.95,0.986,0.000,0,1,0,0,0,0,-1,0,3,0,,0,,0,,0,0,986,0,1
17254812048,580,3,3,8,8,11.128,3,0,0.11 | 0.11 | 0.11,0,2.06 | 2.49 | 2.95,0,1.36 | 1.61 | 1.95,0.986,0.000,0,1,0,0,0,0,-1,0,3,0,,0,,0,,0,0,986,0,1
17254812049,580,3,3,8,8,11.128,3,0,0.11 | 0.11 | 0.11,0,2.06 | 2.49 | 2.95,0,1.36 | 1.61 | 1.95,0.986,0.000,0,1,0,0,0,0,-1,0,3,0,,0,,0,,0,0,986,0,1
17254812050,580,3,3,8,8,11.128,3,0,0.11 | 0.11 | 0.11,0,2.06 | 2.49 | 2.95,0,1.36 | 1.61 | 1.95,0.986,0.000,0,1,0,0,0,0,-1,0,3,0,,0,,0,,0,0,986,0,1
17254812051,580,3,3,8,8,11.128,3,0,0.11 | 0.11 | 0.11,0,2.06 | 2.49 | 2.95,0,1.36 | 1.61 | 1.95,0.986,0.000,0,1,0,0,0,0,-1,0,3,0,,0,,0,,0,0,986,0,1
17254812052,580,3,3,8,8,11.128,3,0,0.11 | 0.11 | 0.11,0,2.06 | 2.49 | 2.95,0,1.36 | 1.61 | 1.95,0.986,0.000,0,1,0,0,0,0,-1,0,3,0,,0,,0,,0,0,986,0,1
17254812053,580,3,3,8,8,10.066,3,0,0.11 | 0.11 | 0.11,0,2.06 | 2.49 | 2.95,0,1.36 | 1.61 | 1.95,0.986,0.000,0,1,0,0,0,0,-1,0,3,0,,0,,0,,0,0,986,0,1
17254812054,580,3,3,8,8,10.066,3,0,0.11 | 0.11 | 0.11,0,2.06 | 2.49 | 2.95,0,1.36 | 1.61 | 1.95,0.986,0.000,0,1,0,0,0,0,-1,0,3,0,,0,,0,,0,0,986,0,1
17254812055,580,3,3,8,8,10.066,3,0,0.11 | 0.11 | 0.11,0,2.06 | 2.49 | 2.95,0,1.36 | 1.61 | 1.95,0.986,0.000,0,1,0,0,0,0,-1,0,3,0,,0,,0,,0,0,986,0,1
17254812056,580,3,3,8,8,10.066,3,0,0.11 | 0.11 | 0.11,0,2.06 | 2.49 | 2.95,0,1.36 | 1.61 | 1.95,0.986,0.000,0,1,0,0,0,0,-1,0,3,0,,0,,0,,0,0,986,0,1
17254812057,580,3,3,8,8,10.066,3,0,0.11 | 0.11 | 0.11,0,2.06 | 2.49 | 2.95,0,1.36 | 1.61 | 1.95,0.986,0.000,0,1,0,0,0,0,-1,0,3,0,,0,,0,,0,0,986,0,1
17254812058,580,3,3,8,8,10.066,3,0,0.11 | 0.11 | 0.11,0,2.06 | 2.49 | 2.95,0,1.36 | 1.61 | 1.95,0.986,0.000,0,1,0,0,0,0,-1,0,3,0,,0,,0,,0,0,986,0,1
17254812059,580,3,3,8,8,10.066,3,0,0.11 | 0.11 | 0.11,0,2.06 | 2.49 | 2.95,0,1.36 | 1.61 | 1.95,0.986,0.000,0,1,0,0,0,0,-1,0,3,0,,0,,0,,0,0,986,0,1
17254812060,580,3,3,8,8,10.066,3,0,0.11 | 0.11 | 0.11,0,2.06 | 2.49 | 2.95,0,1.36 | 1.61 | 1.95,0.986,0.000,0,1,0,0,0,0,-1,0,3,0,,0,,0,,0,0,986,0,1
17254812061,580,3,3,8,8,10.066,3,0,0.11 | 0.11 | 0.11,0,2.06 | 2.49 | 2.95,0,1.36 | 1.61 | 1.95,0.986,0.000,0,1,0,0,0,0,-1,0,3,0,,0,,0,,0,0,986,0,1
17254812062,580,3,3,8,8,10.066,3,0,0.11 | 0.11 | 0.11,0,2.06 | 2.49 | 2.95,0,1.36 | 1.61 | 1.95,0.986,0.000,0,1,0,0,0,0,-1,0,3,0,,0,,0,,0,0,986,0,1
17254812063,580,3,3,8,8,13.863,3,0,0.11 | 0.14 | 0.22,0,2.06 | 2.42 | 2.95,0,1.36 | 1.66 | 1.95,1.003,0.000,0,1,0,0,0,0,-1,0,3,0,,0,,0,,0,0,1003,0,1
17254812064,580,3,3,8,8,13.863,3,0,0.11 | 0.14 | 0.22,0,2.06 | 2.42 | 2.95,0,1.36 | 1.66 | 1.95,1.003,0.000,0,1,0,0,0,0,-1,0,3,0,,0,,0,,0,0,1003,0,1
17254812065,580,3,3,8,8,13.863,3,0,0.11 | 0.14 | 0.22,0,2.06 | 2.42 | 2.95,0,1.36 | 1.66 | 1.95,1.003,0.000,0,1,0,0,0,0,-1,0,3,0,,0,,0,,0,0,1003,0,1
17254812066,580,3,3,8,8,13.863,3,0,0.11 | 0.14 | 0.22,0,2.06 | 2.42 | 2.95,0,1.36 | 1.66 | 1.95,1.003,0.000,0,1,0,0,0,0,-1,0,3,0,,0,,0,,0,0,1003,0,1
17254812067,580,3,3,8,8,13.863,3,0,0.11 | 0.14 | 0.22,0,2.06 | 2.42 | 2.95,0,1.36 | 1.66 | 1.95,1.003,0.000,0,1,0,0,0,0,-1,0,3,0,,0,,0,,0,0,1003,0,1
17254812068,580,3,3,8,8,13.863,3,0,0.11 | 0.14 | 0.22,0,2.06 | 2.42 | 2.95,0,1.36 | 1.66 | 1.95,1.003,0.000,0,1,0,0,0,0,-1,0,3,0,,0,,0,,0,0,1003,0,1
17254812069,580,3,3,8,8,13.863,3,0,0.11 | 0.14 | 0.22,0,2.06 | 2.42 | 2.95,0,1.36 | 1.66 | 1.95,1.003,0.000,0,1,0,0,0,0,-1,0,3,0,,0,,0,,0,0,1003,0,1
17254812070,580,3,3,8,8,13.863,3,0,0.11 | 0.14 | 0.22,0,2.06 | 2.42 | 2.95,0,1.36 | 1.66 | 1.95,1.003,0.000,0,1,0,0,0,0,-1,0,3,0,,0,,0,,0,0,1003,0,1
17254812071,580,3,3,8,8,13.863,3,0,0.11 | 0.14 | 0.22,0,2.06 | 2.42 | 2.95,0,1.36 | 1.66 | 1.95,1.003,0.000,0,1,0,0,0,0,-1,0,3,0,,0,,0,,0,0,1003,0,1
17254812072,580,3,3,8,8,13.863,3,0,0.11 | 0.14 | 0.22,0,2.06 | 2.42 | 2.95,0,1.36 | 1.66 | 1.95,1.003,0.000,0,1,0,0,0,0,-1,0,3,0,,0,,0,,0,0,1003,0,1
17254812073,580,3,3,8,8,13.006,3,0,0.11 | 0.14 | 0.22,0,2.06 | 2.42 | 2.95,0,1.36 | 1.66 | 1.95,1.003,0.000,0,1,0,0,0,0,-1,0,3,0,,0,,0,,0,0,1003,0,1
17254812074,580,3,3,8,8,13.006,3,0,0.11 | 0.14 | 0.22,0,2.06 | 2.42 | 2.95,0,1.36 | 1.66 | 1.95,1.003,0.000,0,1,0,0,0,0,-1,0,3,0,,0,,0,,0,0,1003,0,1
17254812075,580,3,3,8,8,13.006,3,0,0.11 | 0.14 | 0.22,0,2.06 | 2.42 | 2.95,0,1.36 | 1.66 | 1.95,1.003,0.000,0,1,0,0,0,0,-1,0,3,0,,0,,0,,0,0,1003,0,1
17254812076,580,3,3,8,8,13.006,3,0,0.11 | 0.14 | 0.22,0,2.06 | 2.42 | 2.95,0,1.36 | 1.66 | 1.95,1.003,0.000,0,1,0,0,0,0,-1,0,3,0,,0,,0,,0,0,1003,0,1
17254812077,580,3,3,8,8,13.006,3,0,0.11 | 0.14 | 0.22,0,2.06 | 2.42 | 2.95,0,1.36 | 1.66 | 1.95,1.003,0.000,0,1,0,0,0,0,-1,0,3,0,,0,,0,,0,0,1003,0,1
17254812078,580,3,3,8,8,13.006,3,0,0.11 | 0.14 | 0.22,0,2.06 | 2.42 | 2.95,0,1.36 | 1.66 | 1.95,1.003,0.000,0,1,0,0,0,0,-1,0,3,0,,0,,0,,0,0,1003,0,1
17254812079,580,3,3,8,8,13.006,3,0,0.11 | 0.14 | 0.22,0,2.06 | 2.42 | 2.95,0,1.36 | 1.66 | 1.95,1.003,0.000,0,1,0,0,0,0,-1,0,3,0,,0,,0,,0,0,1003,0,1
17254812080,580,3,3,8,8,13.006,3,0,0.11 | 0.14 | 0.22,0,2.06 | 2.42 | 2.95,0,1.36 | 1.66 | 1.95,1.003,0.000,0,1,0,0,0,0,-1,0,3,0,,0,,0,,0,0,1003,0,1
17254812081,580,3,3,8,8,13.006,3,0,0.11 | 0.14 | 0.22,0,2.06 | 2.42 | 2.95,0,1.36 | 1.66 | 1.95,1.003,0.000,0,1,0,0,0,0,-1,0,3,0,,0,,0,,0,0,1003,0,1
17254812082,580,3,3,8,8,13.006,3,0,0.11 | 0.14 | 0.22,0,2.06 | 2.42 | 2.95,0,1.36 | 1.66 | 1.95,1.003,0.000,0,1,0,0,0,0,-1,0,3,0,,0,,0,,0,0,1003,0,1
17254812083,580,3,3,8,8,11.944,3,0,0.11 | 0.14 | 0.22,0,2.06 | 2.42 | 2.95,0,1.36 | 1.66 | 1.95,1.003,0.000,0,1,0,0,0,0,-1,0,3,0,,0,,0,,0,0,1003,0,1
17254812084,580,3,3,8,8,11.944,3,0,0.11 | 0.14 | 0.22,0,2.06 | 2.42 | 2.95,0,1.36 | 1.66 | 1.95,1.003,0.000,0,1,0,0,0,0,-1,0,3,0,,0,,0,,0,0,1003,0,1
17254812085,580,3,3,8,8,11.944,3,0,0.11 | 0.14 | 0.22,0,2.06 | 2.42 | 2.95,0,1.36 | 1.66 | 1.95,1.003,0.000,0,1,0,0,0,0,-1,0,3,0,,0,,0,,0,0,1003,0,1
17254812086,580,3,3,8,8,11.944,3,0,0.11 | 0.14 | 0.22,0,2.06 | 2.42 | 2.95,0,1.36 | 1.66 | 1.95,1.003,0.000,0,1,0,0,0,0,-1,0,3,0,,0,,0,,0,0,1003,0,1
17254812087,580,3,3,8,8,11.944,3,0,0.11 | 0.14 | 0.22,0,2.06 | 2.42 | 2.95,0,1.36 | 1.66 | 1.95,1.003,0.000,0,1,0,0,0,0,-1,0,3,0,,0,,0,,0,0,1003,0,1
17254812088,580,3,3,8,8,11.944,3,0,0.11 | 0.14 | 0.22,0,2.06 | 2.42 | 2.95,0,1.36 | 1.66 | 1.95,1.003,0.000,0,1,0,0,0,0,-1,0,3,0,,0,,0,,0,0,1003,0,1
17254812089,580,3,3,8,8,11.944,3,0,0.11 | 0.14 | 0.22,0,2.06 | 2.42 | 2.95,0,1.36 | 1.66 | 1.95,1.003,0.000,0,1,0,0,0,0,-1,0,3,0,,0,,0,,0,0,1003,0,1
17254812090,580,3,3,8,8,11.944,3,0,0.11 | 0.14 | 0.22,0,2.06 | 2.42 | 2.95,0,1.36 | 1.66 | 1.95,1.003,0.000,0,1,0,0,0,0,-1,0,3,0,,0,,0,,0,0,1003,0,1
17254812091,580,3,3,8,8,11.944,3,0,0.11 | 0.14 | 0.22,0,2.06 | 2.42 | 2.95,0,1.36 | 1.66 | 1.95,1.003,0.000,0,1,0,0,0,0,-1,0,3,0,,0,,0,,0,0,1003,0,1
17254812092,580,3,3,8,8,11.944,3,0,0.11 | 0.14 | 0.22,0,2.06 | 2.42 | 2.95,0,1.36 | 1.66 | 1.95,1.003,0.000,0,1,0,0,0,0,-1,0,3,0,,0,,0,,0,0,1003,0,1
17254812093,580,3,3,8,8,10.882,3,0,0.11 | 0.14 | 0.22,0,2.06 | 2.42 | 2.95,0,1.36 | 1.66 | 1.95,1.003,0.000,0,1,0,0,0,0,-1,0,3,0,,0,,0,,0,0,1003,0,1
17254812094,580,3,3,8,8,10.882,3,0,0.11 | 0.14 | 0.22,0,2.06 | 2.42 | 2.95,0,1.36 | 1.66 | 1.95,1.003,0.000,0,1,0,0,0,0,-1,0,3,0,,0,,0,,0,0,1003,0,1
17254812095,580,3,3,8,8,10.882,3,0,0.11 | 0.14 | 0.22,0,2.06 | 2.42 | 2.95,0,1.36 | 1.66 | 1.95,1.003,0.000,0,1,0,0,0,0,-1,0,3,0,,0,,0,,0,0,1003,0,1
17254812096,580,3,3,8,8,10.882,3,0,0.11 | 0.14 | 0.22,0,2.06 | 2.42 | 2.95,0,1.36 | 1.66 | 1.95,1.003,0.000,0,1,0,0,0,0,-1,0,3,0,,0,,0,,0,0,1003,0,1
17254812097,580,3,3,8,8,10.882,3,0,0.11 | 0.14 | 0.22,0,2.06 | 2.42 | 2.95,0,1.36 | 1.66 | 1.95,1.003,0.000,0,1,0,0,0,0,-1,0,3,0,,0,,0,,0,0,1003,0,1
17254812098,580,3,3,8,8,10.882,3,0,0.11 | 0.14 | 0.22,0,2.06 | 2.42 | 2.95,0,1.36 | 1.66 | 1.95,1.003,0.000,0,1,0,0,0,0,-1,0,3,0,,0,,0,,0,0,1003,0,1
17254812099,580,3,3,8,8,10.882,3,0,0.11 | 0.14 | 0.22,0,2.06 | 2.42 | 2.95,0,1.36 | 1.66 | 1.95,1.003,0.000,0,1,0,0,0,0,-1,0,3,0,,0,,0,,0,0,1003,0,1
17254812100,580,3,3,8,8,10.882,3,0,0.11 | 0.14 | 0.22,0,2.06 | 2.42 | 2.95,0,1.36 | 1.66 | 1.95,1.003,0.000,0,1,0,0,0,0,-1,0,3,0,,0,,0,,0,0,1003,0,1
17254812101,580,3,3,8,8,10.882,3,0,0.11 | 0.14 | 0.22,0,2.06 | 2.42 | 2.95,0,1.36 | 1.66 | 1.95,1.003,0.000,0,1,0,0,0,0,-1,0,3,0,,0,,0,,0,0,1019.8,0,1
17254812102,580,3,3,8,8,10.882,3,0,0.11 | 0.14 | 0.22,0,2.06 | 2.42 | 2.95,0,1.36 | 1.66 | 1.95,1.003,0.000,0,1,0,0,0,0,-1,0,3,0,,0,,0,,0,0,1019.8,0,1
17254812103,580,3,3,8,8,13.019,3,0,0.11 | 0.14 | 0.22,0,1.76 | 2.34 | 2.95,0,1.36 | 1.71 | 2.27,1.020,0.000,0,1,0,0,0,0,-1,0,3,0,,0,,0,,0,0,1019.8,0,1
17254812104,580,3,3,8,8,13.019,3,0,0.11 | 0.14 | 0.22,0,1.76 | 2.34 | 2.95,0,1.36 | 1.71 | 2.27,1.020,0.000,0,1,0,0,0,0,-1,0,3,0,,0,,0,,0,0,1019.8,0,1
17254812105,580,3,3,8,8,13.019,3,0,0.11 | 0.14 | 0.22,0,1.76 | 2.34 | 2.95,0,1.36 | 1.71 | 2.27,1.020,0.000,0,1,0,0,0,0,-1,0,3,0,,0,,0,,0,0,1019.8,0,1
17254812106,580,3,3,8,8,13.019,3,0,0.11 | 0.14 | 0.22,0,1.76 | 2.34 | 2.95,0,1.36 | 1.71 | 2.27,1.020,0.000,0,1,0,0,0,0,-1,0,3,0,,0,,0,,0,0,1019.8,0,1
17254812107,580,3,3,8,8,13.019,3,0,0.11 | 0.14 | 0.22,0,1.76 | 2.34 | 2.95,0,1.36 | 1.71 | 2.27,1.020,0.000,0,1,0,0,0,0,-1,0,3,0,,0,,0,,0,0,1019.8,0,1
17254812108,580,3,3,8,8,13.019,3,0,0.11 | 0.14 | 0.22,0,1.76 | 2.34 | 2.95,0,1.36 | 1.71 | 2.27,1.020,0.000,0,1,0,0,0,0,-1,0,3,0,,0,,0,,0,0,1019.8,0,1
17254812109,580,3,3,8,8,13.019,3,0,0.11 | 0.14 | 0.22,0,1.76 | 2.34 | 2.95,0,1.36 | 1.71 | 2.27,1.020,0.000,0,1,0,0,0,0,-1,0,3,0,,0,,0,,0,0,1019.8,0,1
17254812110,580,3,3,8,8,13.019,3,0,0.11 | 0.14 | 0.22,0,1.76 | 2.34 | 2.95,0,1.36 | 1.71 | 2.27,1.020,0.000,0,1,0,0,0,0,-1,0,3,0,,0,,0,,0,0,1019.8,0,1
17254812111,580,3,3,8,8,13.019,3,0,0.11 | 0.14 | 0.22,0,1.76 | 2.34 | 2.95,0,1.36 | 1.71 | 2.27,1.020,0.000,0,1,0,0,0,0,-1,0,3,0,,0,,0,,0,0,1019.8,0,1
17254812112,580,3,3,8,8,13.019,3,0,0.11 | 0.14 | 0.22,0,1.76 | 2.34 | 2.95,0,1.36 | 1.71 | 2.27,1.020,0.000,0,1,0,0,0,0,-1,0,3,0,,0,,0,,0,0,1019.8,0,1
17254812113,580,3,3,8,8,12.01,3,0,0.11 | 0.14 | 0.22,0,1.76 | 2.34 | 2.95,0,1.36 | 1.71 | 2.27,1.020,0.000,0,1,0,0,0,0,-1,0,3,0,,0,,0,,0,0,1019.8,0,1
17254812114,580,3,3,8,8,12.01,3,0,0.11 | 0.14 | 0.22,0,1.76 | 2.34 | 2.95,0,1.36 | 1.71 | 2.27,1.020,0.000,0,1,0,0,0,0,-1,0,3,0,,0,,0,,0,0,1019.8,0,1
17254812115,580,3,3,8,8,12.01,3,0,0.11 | 0.14 | 0.22,0,1.76 | 2.34 | 2.95,0,1.36 | 1.71 | 2.27,1.020,0.000,0,1,0,0,0,0,-1,0,3,0,,0,,0,,0,0,1019.8,0,1
17254812116,772,3,4,8,8,12.01,3,0,0.11 | 0.14 | 0.22,0,1.76 | 2.34 | 2.95,0,1.36 | 1.71 | 2.27,1.020,0.000,0,1,0,0,0,0,-1,0,3,0,,0,,0,,0,0,1019.8,0,1
17254812117,772,3,4,8,8,12.01,3,0,0.11 | 0.14 | 0.22,0,1.76 | 2.34 | 2.95,0,1.36 | 1.71 | 2.27,1.020,0.000,0,1,0,0,0,0,-1,0,3,0,,0,,0,,0,0,1019.8,0,1
17254812118,772,3,4,8,8,12.01,3,0,0.11 | 0.14 | 0.22,0,1.76 | 2.34 | 2.95,0,1.36 | 1.71 | 2.27,1.020,0.000,0,1,0,0,0,0,-1,0,3,0,,0,,0,,0,0,1019.8,0,1
17254812119,772,3,4,8,8,12.01,3,0,0.11 | 0.14 | 0.22,0,1.76 | 2.34 | 2.95,0,1.36 | 1.71 | 2.27,1.020,0.000,0,1,0,0,0,0,-1,0,3,0,,0,,0,,0,0,1019.8,0,1
17254812120,772,3,4,8,8,12.01,3,0,0.11 | 0.14 | 0.22,0,1.76 | 2.34 | 2.95,0,1.36 | 1.71 | 2.27,1.020,0.000,0,1,0,0,0,0,-1,0,3,0,,0,,0,,0,0,1019.8,0,1
17254812121,772,3,4,8,8,12.01,3,0,0.11 | 0.14 | 0.22,0,1.76 | 2.34 | 2.95,0,1.36 | 1.71 | 2.27,1.020,0.000,0,1,0,0,0,0,-1,0,3,0,,0,,0,,0,0,1019.8,0,1
17254812122,772,3,4,8,8,12.01,3,0,0.11 | 0.14 | 0.22,0,1.76 | 2.34 | 2.95,0,1.36 | 1.71 | 2.27,1.020,0.000,0,1,0,0,0,0,-1,0,3,0,,0,,0,,0,0,1019.8,0,1
17254812123,772,3,4,8,8,11.16,3,0,0.11 | 0.14 | 0.22,0,1.76 | 2.34 | 2.95,0,1.36 | 1.71 | 2.27,1.020,0.000,0,1,0,0,0,0,-1,0,3,0,,0,,0,,0,0,1019.8,0,1
17254812124,772,3,4,8,8,11.16,3,0,0.11 | 0.14 | 0.22,0,1.76 | 2.34 | 2.95,0,1.36 | 1.71 | 2.27,1.020,0.000,0,1,0,0,0,0,-1,0,3,0,,0,,0,,0,0,1019.8,0,1
17254812125,772,3,4,8,8,11.16,3,0,0.11 | 0.14 | 0.22,0,1.76 | 2.34 | 2.95,0,1.36 | 1.71 | 2.27,1.020,0.000,0,1,0,0,0,0,-1,0,3,0,,0,,0,,0,0,1019.8,0,1
17254812126,772,3,4,8,8,11.16,3,0,0.11 | 0.14 | 0.22,0,1.76 | 2.34 | 2.95,0,1.36 | 1.71 | 2.27,1.020,0.000,0,1,0,0,0,0,-1,0,3,0,,0,,0,,0,0,1019.8,0,1
17254812127,772,3,4,8,8,11.16,3,0,0.11 | 0.14 | 0.22,0,1.76 | 2.34 | 2.95,0,1.36 | 1.71 | 2.27,1.020,0.000,0,1,0,0,0,0,-1,0,3,0,,0,,0,,0,0,1019.8,0,1
17254812128,772,3,4,8,8,11.16,3,0,0.11 | 0.14 | 0.22,0,1.76 | 2.34 | 2.95,0,1.36 | 1.71 | 2.27,1.020,0.000,0,1,0,0,0,0,-1,0,3,0,,0,,0,,0,0,1019.8,0,1
17254812129,772,3,4,8,8,11.16,3,0,0.11 | 0.14 | 0.22,0,1.76 | 2.34 | 2.95,0,1.36 | 1.71 | 2.27,1.020,0.000,0,1,0,0,0,0,-1,0,3,0,,0,,0,,0,0,1019.8,0,1
17254812130,772,3,4,8,8,11.16,3,0,0.11 | 0.14 | 0.22,0,1.76 | 2.34 | 2.95,0,1.36 | 1.71 | 2.27,1.020,0.000,0,1,0,0,0,0,-1,0,3,0,,0,,0,,0,0,1019.8,0,1
17254812131,772,3,4,8,8,11.16,3,0,0.11 | 0.14 | 0.22,0,1.76 | 2.34 | 2.95,0,1.36 | 1.71 | 2.27,1.020,0.000,0,1,0,0,0,0,-1,0,3,0,,0,,0,,0,0,1019.8,0,1
17254812132,772,3,4,8,8,11.16,3,0,0.11 | 0.14 | 0.22,0,1.76 | 2.34 | 2.95,0,1.36 | 1.71 | 2.27,1.020,0.000,0,1,0,0,0,0,-1,0,3,0,,0,,0,,0,0,1019.8,0,1
17254812133,772,3,4,8,8,10.097,3,0,0.11 | 0.14 | 0.22,0,1.76 | 2.34 | 2.95,0,1.36 | 1.71 | 2.27,1.020,0.000,0,1,0,0,0,0,-1,0,3,0,,0,,0,,0,0,1019.8,0,1
17254812134,772,3,4,8,8,10.097,3,0,0.11 | 0.14 | 0.22,0,1.76 | 2.34 | 2.95,0,1.36 | 1.71 | 2.27,1.020,0.000,0,1,0,0,0,0,-1,0,3,0,,0,,0,,0,0,1019.8,0,1
17254812135,772,3,4,8,8,10.097,3,0,0.11 | 0.14 | 0.22,0,1.76 | 2.34 | 2.95,0,1.36 | 1.71 | 2.27,1.020,0.000,0,1,0,0,0,0,-1,0,3,0,,0,,0,,0,0,1019.8,0,1
17254812136,772,3,4,8,8,10.097,3,0,0.11 | 0.14 | 0.22,0,1.76 | 2.34 | 2.95,0,1.36 | 1.71 | 2.27,1.020,0.000,0,1,0,0,0,0,-1,0,3,0,,0,,0,,0,0,1019.8,0,1
17254812137,772,3,4,8,8,10.097,3,0,0.11 | 0.14 | 0.22,0,1.76 | 2.34 | 2.95,0,1.36 | 1.71 | 2.27,1.020,0.000,0,1,0,0,0,0,-1,0,3,0,,0,,0,,0,0,1019.8,0,1
17254812138,772,3,4,8,8,10.097,3,0,0.11 | 0.14 | 0.22,0,1.76 | 2.34 | 2.95,0,1.36 | 1.71 | 2.27,1.020,0.000,0,1,0,0,0,0,-1,0,3,0,,0,,0,,0,0,1019.8,0,1
17254812139,772,3,4,8,8,10.097,3,0,0.11 | 0.14 | 0.22,0,1.76 | 2.34 | 2.95,0,1.36 | 1.71 | 2.27,1.020,0.000,0,1,0,0,0,0,-1,0,3,0,,0,,0,,0,0,1019.8,0,1
17254812140,772,3,4,8,8,10.097,3,0,0.11 | 0.14 | 0.22,0,1.76 | 2.34 | 2.95,0,1.36 | 1.71 | 2.27,1.020,0.000,0,1,0,0,0,0,-1,0,3,0,,0,,0,,0,0,1019.8,0,1
17254812141,772,3,4,8,8,10.097,3,0,0.11 | 0.14 | 0.22,0,1.76 | 2.34 | 2.95,0,1.36 | 1.71 | 2.27,1.020,0.000,0,1,0,0,0,0,-1,0,3,0,,0,,0,,0,0,1019.8,0,1
17254812142,772,3,4,8,8,10.097,3,0,0.11 | 0.14 | 0.22,0,1.76 | 2.34 | 2.95,0,1.36 | 1.71 | 2.27,1.020,0.000,0,1,0,0,0,0,-1,0,3,0,,0,,0,,0,0,1019.8,0,1
17254812143,772,3,4,8,8,9.035,3,0,0.11 | 0.14 | 0.22,0,1.76 | 2.34 | 2.95,0,1.36 | 1.71 | 2.27,1.020,0.000,0,1,0,0,0,0,-1,0,3,0,,0,,0,,0,0,1019.8,0,1
17254812144,772,3,4,8,8,9.035,3,0,0.11 | 0.14 | 0.22,0,1.76 | 2.34 | 2.95,0,1.36 | 1.71 | 2.27,1.020,0.000,0,1,0,0,0,0,-1,0,3,0,,0,,0,,0,0,1019.8,0,1
17254812145,772,3,4,8,8,9.035,3,0,0.11 | 0.14 | 0.22,0,1.76 | 2.34 | 2.95,0,1.36 | 1.71 | 2.27,1.020,0.000,0,1,0,0,0,0,-1,0,3,0,,0,,0,,0,0,1019.8,0,1
17254812146,772,3,4,8,8,9.035,3,0,0.11 | 0.14 | 0.22,0,1.76 | 2.34 | 2.95,0,1.36 | 1.71 | 2.27,1.020,0.000,0,1,0,0,0,0,-1,0,3,0,,0,,0,,0,0,1019.8,0,1
17254812147,772,3,4,8,8,9.035,3,0,0.11 | 0.14 | 0.22,0,1.76 | 2.34 | 2.95,0,1.36 | 1.71 | 2.27,1.020,0.000,0,1,0,0,0,0,-1,0,3,0,,0,,0,,0,0,1019.8,0,1
17254812148,772,3,4,8,8,9.035,3,0,0.11 | 0.14 | 0.22,0,1.76 | 2.34 | 2.95,0,1.36 | 1.71 | 2.27,1.020,0.000,0,1,0,0,0,0,-1,0,3,0,,0,,0,,0,0,1019.8,0,1
17254812149,772,3,4,8,8,9.035,3,0,0.11 | 0.14 | 0.22,0,1.76 | 2.34 | 2.95,0,1.36 | 1.71 | 2.27,1.020,0.000,0,1,0,0,0,0,-1,0,3,0,,0,,0,,0,0,1019.8,0,1
17254812150,772,3,4,8,8,9.035,3,0,0.11 | 0.14 | 0.22,0,1.76 | 2.34 | 2.95,0,1.36 | 1.71 | 2.27,1.020,0.000,0,1,0,0,0,0,-1,0,3,0,,0,,0,,0,0,1019.8,0,1
17254812151,772,3,4,8,8,9.035,3,0,0.11 | 0.14 | 0.22,0,1.76 | 2.34 | 2.95,0,1.36 | 1.71 | 2.27,1.020,0.000,0,1,0,0,0,0,-1,0,3,0,,0,,0,,0,0,1019.8,0,1
17254812152,772,3,4,8,8,9.035,3,0,0.11 | 0.14 | 0.22,0,1.76 | 2.34 | 2.95,0,1.36 | 1.71 | 2.27,1.020,0.000,0,1,0,0,0,0,-1,0,3,0,,0,,0,,0,0,1019.8,0,1
17254812153,772,3,4,8,8,8.238,3,0,0.11 | 0.14 | 0.22,0,1.76 | 2.34 | 2.95,0,1.36 | 1.71 | 2.27,1.020,0.000,0,1,0,0,0,0,-1,0,3,0,,0,,0,,0,0,1019.8,0,1
17254812154,772,3,4,8,8,8.238,3,0,0.11 | 0.14 | 0.22,0,1.76 | 2.34 | 2.95,0,1.36 | 1.71 | 2.27,1.020,0.000,0,1,0,0,0,0,-1,0,3,0,,0,,0,,0,0,1019.8,0,1
17254812155,772,3,4,8,8,8.238,3,0,0.11 | 0.14 | 0.22,0,1.76 | 2.34 | 2.95,0,1.36 | 1.71 | 2.27,1.020,0.000,0,1,0,0,0,0,-1,0,3,0,,0,,0,,0,0,1019.8,0,1
17254812156,772,3,4,8,8,8.238,3,0,0.11 | 0.14 | 0.22,0,1.76 | 2.34 | 2.95,0,1.36 | 1.71 | 2.27,1.020,0.000,0,1,0,0,0,0,-1,0,3,0,,0,,0,,0,0,1019.8,0,1
17254812157,772,3,4,8,8,8.238,3,0,0.11 | 0.14 | 0.22,0,1.76 | 2.34 | 2.95,0,1.36 | 1.71 | 2.27,1.020,0.000,0,1,0,0,0,0,-1,0,3,0,,0,,0,,0,0,1019.8,0,1
17254812158,772,3,4,8,8,8.238,3,0,0.11 | 0.14 | 0.22,0,1.76 | 2.34 | 2.95,0,1.36 | 1.71 | 2.27,1.020,0.000,0,1,0,0,0,0,-1,0,3,0,,0,,0,,0,0,1019.8,0,1
17254812159,772,4,4,8,8,8.238,3,0,0.11 | 0.14 | 0.22,0,1.76 | 2.34 | 2.95,0,1.36 | 1.71 | 2.27,1.020,0.000,0,1,0,0,0,0,-1,0,3,0,,0,,0,,0,0,981.2,0,1
17254812160,772,4,4,8,8,8.238,3,0,0.11 | 0.14 | 0.22,0,1.76 | 2.34 | 2.95,0,1.36 | 1.71 | 2.27,1.020,0.000,0,1,0,0,0,0,-1,0,3,0,,0,,0,,0,0,981.2,0,1
17254812161,772,4,4,8,8,8.238,3,0,0.11 | 0.14 | 0.22,0,1.76 | 2.34 | 2.95,0,1.36 | 1.71 | 2.27,1.020,0.000,0,1,0,0,0,0,-1,0,3,0,,0,,0,,0,0,981.2,0,1
17254812162,772,4,4,8,8,8.238,3,0,0.11 | 0.14 | 0.22,0,1.76 | 2.34 | 2.95,0,1.36 | 1.71 | 2.27,1.020,0.000,0,1,0,0,0,0,-1,0,3,0,,0,,0,,0,0,981.2,0,1
17254812163,772,4,4,8,8,7.16,4,0,0.11 | 0.13 | 0.22,0,1.76 | 2.59 | 3.92,0,1.02 | 1.55 | 2.27,0.981,0.000,0,1,0,0,0,0,-1,0,4,0,,0,,0,,0,0,981.2,0,1
17254812164,772,4,4,8,8,7.16,4,0,0.11 | 0.13 | 0.22,0,1.76 | 2.59 | 3.92,0,1.02 | 1.55 | 2.27,0.981,0.000,0,1,0,0,0,0,-1,0,4,0,,0,,0,,0,0,981.2,0,1
17254812165,772,4,4,8,8,7.16,4,0,0.11 | 0.13 | 0.22,0,1.76 | 2.59 | 3.92,0,1.02 | 1.55 | 2.27,0.981,0.000,0,1,0,0,0,0,-1,0,4,0,,0,,0,,0,0,981.2,0,1
17254812166,772,4,4,8,8,7.16,4,0,0.11 | 0.13 | 0.22,0,1.76 | 2.59 | 3.92,0,1.02 | 1.55 | 2.27,0.981,0.000,0,1,0,0,0,0,-1,0,4,0,,0,,0,,0,0,981.2,0,1
17254812167,772,4,4,8,8,7.16,4,0,0.11 | 0.13 | 0.22,0,1.76 | 2.59 | 3.92,0,1.02 | 1.55 | 2.27,0.981,0.000,0,1,0,0,0,0,-1,0,4,0,,0,,0,,0,0,981.2,0,1
17254812168,772,4,4,8,8,7.16,4,0,0.11 | 0.13 | 0.22,0,1.76 | 2.59 | 3.92,0,1.02 | 1.55 | 2.27,0.981,0.000,0,1,0,0,0,0,-1,0,4,0,,0,,0,,0,0,981.2,0,1
17254812169,772,4,4,8,8,7.16,4,0,0.11 | 0.13 | 0.22,0,1.76 | 2.59 | 3.92,0,1.02 | 1.55 | 2.27,0.981,0.000,0,1,0,0,0,0,-1,0,4,0,,0,,0,,0,0,981.2,0,1
17254812170,772,4,4,8,8,7.16,4,0,0.11 | 0.13 | 0.22,0,1.76 | 2.59 | 3.92,0,1.02 | 1.55 | 2.27,0.981,0.000,0,1,0,0,0,0,-1,0,4,0,,0,,0,,0,0,981.2,0,1
17254812171,772,4,4,8,8,7.16,4,0,0.11 | 0.13 | 0.22,0,1.76 | 2.59 | 3.92,0,1.02 | 1.55 | 2.27,0.981,0.000,0,1,0,0,0,0,-1,0,4,0,,0,,0,,0,0,981.2,0,1
17254812172,772,4,4,8,8,7.16,4,0,0.11 | 0.13 | 0.22,0,1.76 | 2.59 | 3.92,0,1.02 | 1.55 | 2.27,0.981,0.000,0,1,0,0,0,0,-1,0,4,0,,0,,0,,0,0,981.2,0,1
17254812173,772,4,4,8,8,6.097,4,0,0.11 | 0.13 | 0.22,0,1.76 | 2.59 | 3.92,0,1.02 | 1.55 | 2.27,0.981,0.000,0,1,0,0,0,0,-1,0,4,0,,0,,0,,0,0,981.2,0,1
17254812174,772,4,4,8,8,6.097,4,0,0.11 | 0.13 | 0.22,0,1.76 | 2.59 | 3.92,0,1.02 | 1.55 | 2.27,0.981,0.000,0,1,0,0,0,0,-1,0,4,0,,0,,0,,0,0,981.2,0,1
17254812175,772,4,4,8,8,6.097,4,0,0.11 | 0.13 | 0.22,0,1.76 | 2.59 | 3.92,0,1.02 | 1.55 | 2.27,0.981,0.000,0,1,0,0,0,0,-1,0,4,0,,0,,0,,0,0,981.2,0,1
17254812176,772,4,4,8,8,6.097,4,0,0.11 | 0.13 | 0.22,0,1.76 | 2.59 | 3.92,0,1.02 | 1.55 | 2.27,0.981,0.000,0,1,0,0,0,0,-1,0,4,0,,0,,0,,0,0,981.2,0,1
17254812177,772,4,4,8,8,6.097,4,0,0.11 | 0.13 | 0.22,0,1.76 | 2.59 | 3.92,0,1.02 | 1.55 | 2.27,0.981,0.000,0,1,0,0,0,0,-1,0,4,0,,0,,0,,0,0,981.2,0,1
17254812178,772,4,4,8,8,6.097,4,0,0.11 | 0.13 | 0.22,0,1.76 | 2.59 | 3.92,0,1.02 | 1.55 | 2.27,0.981,0.000,0,1,0,0,0,0,-1,0,4,0,,0,,0,,0,0,981.2,0,1
17254812179,772,4,4,8,8,6.097,4,0,0.11 | 0.13 | 0.22,0,1.76 | 2.59 | 3.92,0,1.02 | 1.55 | 2.27,0.981,0.000,0,1,0,0,0,0,-1,0,4,0,,0,,0,,0,0,981.2,0,1
17254812180,772,4,4,8,8,6.097,4,0,0.11 | 0.13 | 0.22,0,1.76 | 2.59 | 3.92,0,1.02 | 1.55 | 2.27,0.981,0.000,0,1,0,0,0,0,-1,0,4,0,,0,,0,,0,0,981.2,0,1
17254812181,772,4,4,8,8,6.097,4,0,0.11 | 0.13 | 0.22,0,1.76 | 2.59 | 3.92,0,1.02 | 1.55 | 2.27,0.981,0.000,0,1,0,0,0,0,-1,0,4,0,,0,,0,,0,0,981.2,0,1
17254812182,772,4,4,8,8,6.097,4,0,0.11 | 0.13 | 0.22,0,1.76 | 2.59 | 3.92,0,1.02 | 1.55 | 2.27,0.981,0.000,0,1,0,0,0,0,-1,0,4,0,,0,,0,,0,0,981.2,0,1
17254812183,772,4,4,8,8,5.035,4,0,0.11 | 0.13 | 0.22,0,1.76 | 2.59 | 3.92,0,1.02 | 1.55 | 2.27,0.981,0.000,0,1,0,0,0,0,-1,0,4,0,,0,,0,,0,0,981.2,0,1
17254812184,772,4,4,8,8,5.035,4,0,0.11 | 0.13 | 0.22,0,1.76 | 2.59 | 3.92,0,1.02 | 1.55 | 2.27,0.981,0.000,0,1,0,0,0,0,-1,0,4,0,,0,,0,,0,0,981.2,0,1
17254812185,772,4,4,8,8,5.035,4,0,0.11 | 0.13 | 0.22,0,1.76 | 2.59 | 3.92,0,1.02 | 1.55 | 2.27,0.981,0.000,0,1,0,0,0,0,-1,0,4,0,,0,,0,,0,0,981.2,0,1
17254812186,772,4,4,8,8,5.035,4,0,0.11 | 0.13 | 0.22,0,1.76 | 2.59 | 3.92,0,1.02 | 1.55 | 2.27,0.981,0.000,0,1,0,0,0,0,-1,0,4,0,,0,,0,,0,0,981.2,0,1
17254812187,772,4,4,8,8,5.035,4,0,0.11 | 0.13 | 0.22,0,1.76 | 2.59 | 3.92,0,1.02 | 1.55 | 2.27,0.981,0.000,0,1,0,0,0,0,-1,0,4,0,,0,,0,,0,0,981.2,0,1
17254812188,772,4,4,8,8,5.035,4,0,0.11 | 0.13 | 0.22,0,1.76 | 2.59 | 3.92,0,1.02 | 1.55 | 2.27,0.981,0.000,0,1,0,0,0,0,-1,0,4,0,,0,,0,,0,0,981.2,0,1
17254812189,772,4,4,8,8,5.035,4,0,0.11 | 0.13 | 0.22,0,1.76 | 2.59 | 3.92,0,1.02 | 1.55 | 2.27,0.981,0.000,0,1,0,0,0,0,-1,0,4,0,,0,,0,,0,0,981.2,0,1
17254812190,772,4,4,8,8,5.035,4,0,0.11 | 0.13 | 0.22,0,1.76 | 2.59 | 3.92,0,1.02 | 1.55 | 2.27,0.981,0.000,0,1,0,0,0,0,-1,0,4,0,,0,,0,,0,0,981.2,0,1
17254812191,772,4,4,8,8,5.035,4,0,0.11 | 0.13 | 0.22,0,1.76 | 2.59 | 3.92,0,1.02 | 1.55 | 2.27,0.981,0.000,0,1,0,0,0,0,-1,0,4,0,,0,,0,,0,0,981.2,0,1
17254812192,772,4,4,8,8,5.035,4,0,0.11 | 0.13 | 0.22,0,1.76 | 2.59 | 3.92,0,1.02 | 1.55 | 2.27,0.981,0.000,0,1,0,0,0,0,-1,0,4,0,,0,,0,,0,0,981.2,0,1
17254812193,772,4,4,8,8,4.238,5,0,0.11 | 0.13 | 0.22,0,1.76 | 2.59 | 3.92,0,1.02 | 1.55 | 2.27,0.981,0.000,0,1,0,0,0,0,-1,0,5,0,,0,,0,,0,0,981.2,0,1
17254812194,387,4,2,8,8,4.238,5,0,0.11 | 0.13 | 0.22,0,1.76 | 2.59 | 3.92,0,1.02 | 1.55 | 2.27,0.981,0.000,0,1,0,0,0,0,-1,0,5,0,,0,,0,,0,0,966,0,1
17254812195,387,4,2,8,8,4.238,5,0,0.11 | 0.13 | 0.22,0,1.76 | 2.59 | 3.92,0,1.02 | 1.55 | 2.27,0.981,0.000,0,1,0,0,0,0,-1,0,5,0,,0,,0,,0,0,966,0,1
17254812196,387,4,2,8,8,4.238,5,0,0.11 | 0.13 | 0.22,0,1.76 | 2.59 | 3.92,0,1.02 | 1.55 | 2.27,0.981,0.000,0,1,0,0,0,0,-1,0,5,0,,0,,0,,0,0,966,0,1
17254812197,387,4,2,8,8,4.238,5,0,0.11 | 0.13 | 0.22,0,1.76 | 2.59 | 3.92,0,1.02 | 1.55 | 2.27,0.981,0.000,0,1,0,0,0,0,-1,0,5,0,,0,,0,,0,0,966,0,1
17254812198,387,4,2,8,8,4.238,5,0,0.11 | 0.13 | 0.22,0,1.76 | 2.59 | 3.92,0,1.02 | 1.55 | 2.27,0.981,0.000,0,1,0,0,0,0,-1,0,5,0,,0,,0,,0,0,966,0,1
17254812199,387,4,2,8,8,4.238,5,0,0.11 | 0.13 | 0.22,0,1.76 | 2.59 | 3.92,0,1.02 | 1.55 | 2.27,0.981,0.000,0,1,0,0,0,0,-1,0,5,0,,0,,0,,0,0,966,0,1
17254812200,387,4,2,8,8,4.238,5,0,0.11 | 0.13 | 0.22,0,1.76 | 2.59 | 3.92,0,1.02 | 1.55 | 2.27,0.981,0.000,0,1,0,0,0,0,-1,0,5,0,,0,,0,,0,0,966,0,1
17254812201,387,4,2,8,8,4.238,5,0,0.11 | 0.13 | 0.22,0,1.76 | 2.59 | 3.92,0,1.02 | 1.55 | 2.27,0.981,0.000,0,1,0,0,0,0,-1,0,5,0,,0,,0,,0,0,966,0,1
17254812202,387,4,2,8,8,4.238,5,0,0.11 | 0.13 | 0.22,0,1.76 | 2.59 | 3.92,0,1.02 | 1.55 | 2.27,0.981,0.000,0,1,0,0,0,0,-1,0,5,0,,0,,0,,0,0,966,0,1
17254812203,387,4,2,8,8,3.175,6,0,0.11 | 0.13 | 0.22,0,1.76 | 2.86 | 3.92,0,1.02 | 1.40 | 2.27,0.966,0.000,0,1,0,0,0,0,-1,0,6,0,,0,,0,,0,0,966,0,1
17254812204,387,4,2,8,8,3.175,6,0,0.11 | 0.13 | 0.22,0,1.76 | 2.86 | 3.92,0,1.02 | 1.40 | 2.27,0.966,0.000,0,1,0,0,0,0,-1,0,6,0,,0,,0,,0,0,966,0,1
17254812205,387,4,2,8,8,3.175,6,0,0.11 | 0.13 | 0.22,0,1.76 | 2.86 | 3.92,0,1.02 | 1.40 | 2.27,0.966,0.000,0,1,0,0,0,0,-1,0,6,0,,0,,0,,0,0,966,0,1
17254812206,387,4,2,8,8,3.175,6,0,0.11 | 0.13 | 0.22,0,1.76 | 2.86 | 3.92,0,1.02 | 1.40 | 2.27,0.966,0.000,0,1,0,0,0,0,-1,0,6,0,,0,,0,,0,0,966,0,1
17254812207,387,4,2,8,8,3.175,6,0,0.11 | 0.13 | 0.22,0,1.76 | 2.86 | 3.92,0,1.02 | 1.40 | 2.27,0.966,0.000,0,1,0,0,0,0,-1,0,6,0,,0,,0,,0,0,966,0,1
17254812208,387,4,2,8,8,3.175,6,0,0.11 | 0.13 | 0.22,0,1.76 | 2.86 | 3.92,0,1.02 | 1.40 | 2.27,0.966,0.000,0,1,0,0,0,0,-1,0,6,0,,0,,0,,0,0,966,0,1
17254812209,387,4,2,8,8,3.175,6,0,0.11 | 0.13 | 0.22,0,1.76 | 2.86 | 3.92,0,1.02 | 1.40 | 2.27,0.966,0.000,0,1,0,0,0,0,-1,0,6,0,,0,,0,,0,0,966,0,1
17254812210,387,4,2,8,8,3.175,6,0,0.11 | 0.13 | 0.22,0,1.76 | 2.86 | 3.92,0,1.02 | 1.40 | 2.27,0.966,0.000,0,1,0,0,0,0,-1,0,6,0,,0,,0,,0,0,966,0,1
17254812211,387,4,2,8,8,3.175,6,0,0.11 | 0.13 | 0.22,0,1.76 | 2.86 | 3.92,0,1.02 | 1.40 | 2.27,0.966,0.000,0,1,0,0,0,0,-1,0,6,0,,0,,0,,0,0,966,0,1
17254812212,387,4,2,8,8,3.175,6,0,0.11 | 0.13 | 0.22,0,1.76 | 2.86 | 3.92,0,1.02 | 1.40 | 2.27,0.966,0.000,0,1,0,0,0,0,-1,0,6,0,,0,,0,,0,0,966,0,1
17254812213,387,4,2,8,8,2.012,6,0,0.11 | 0.13 | 0.22,0,1.76 | 2.86 | 3.92,0,1.02 | 1.40 | 2.27,0.966,0.000,0,1,0,0,0,0,-1,0,6,0,,0,,0,,0,0,966,0,1
17254812214,387,4,2,8,8,2.012,6,0,0.11 | 0.13 | 0.22,0,1.76 | 2.86 | 3.92,0,1.02 | 1.40 | 2.27,0.966,0.000,0,1,0,0,0,0,-1,0,6,0,,0,,0,,0,0,966,0,1
17254812215,387,4,2,8,8,2.012,6,0,0.11 | 0.13 | 0.22,0,1.76 | 2.86 | 3.92,0,1.02 | 1.40 | 2.27,0.966,0.000,0,1,0,0,0,0,-1,0,6,0,,0,,0,,0,0,966,0,1
17254812216,387,4,2,8,8,2.012,6,0,0.11 | 0.13 | 0.22,0,1.76 | 2.86 | 3.92,0,1.02 | 1.40 | 2.27,0.966,0.000,0,1,0,0,0,0,-1,0,6,0,,0,,0,,0,0,966,0,1
17254812217,387,4,2,8,8,2.012,6,0,0.11 | 0.13 | 0.22,0,1.76 | 2.86 | 3.92,0,1.02 | 1.40 | 2.27,0.966,0.000,0,1,0,0,0,0,-1,0,6,0,,0,,0,,0,0,966,0,1
17254812218,387,4,2,8,8,2.012,6,0,0.11 | 0.13 | 0.22,0,1.76 | 2.86 | 3.92,0,1.02 | 1.40 | 2.27,0.966,0.000,0,1,0,0,0,0,-1,0,6,0,,0,,0,,0,0,966,0,1
17254812219,387,4,2,8,8,2.012,6,0,0.11 | 0.13 | 0.22,0,1.76 | 2.86 | 3.92,0,1.02 | 1.40 | 2.27,0.966,0.000,0,1,0,0,0,0,-1,0,6,0,,0,,0,,0,0,966,0,1
17254812220,387,4,2,8,8,2.012,6,0,0.11 | 0.13 | 0.22,0,1.76 | 2.86 | 3.92,0,1.02 | 1.40 | 2.27,0.966,0.000,0,1,0,0,0,0,-1,0,6,0,,0,,0,,0,0,966,0,1
17254812221,387,4,2,8,8,2.012,6,0,0.11 | 0.13 | 0.22,0,1.76 | 2.86 | 3.92,0,1.02 | 1.40 | 2.27,0.966,0.000,0,1,0,0,0,0,-1,0,6,0,,0,,0,,0,0,966,0,1
17254812222,580,4,3,8,8,2.012,6,0,0.11 | 0.13 | 0.22,0,1.76 | 2.86 | 3.92,0,1.02 | 1.40 | 2.27,0.966,0.000,0,1,0,0,0,0,-1,0,6,0,,0,,0,,0,0,912.25,0,1
17254812223,580,4,3,8,8,5.815,6,0,0.11 | 0.11 | 0.11,0,1.76 | 2.91 | 3.92,0,1.02 | 1.38 | 2.27,0.912,0.000,0,1,0,0,0,0,-1,0,6,0,,0,,0,,0,0,912.25,0,1
17254812224,580,4,3,8,8,5.815,6,0,0.11 | 0.11 | 0.11,0,1.76 | 2.91 | 3.92,0,1.02 | 1.38 | 2.27,0.912,0.000,0,1,0,0,0,0,-1,0,6,0,,0,,0,,0,0,912.25,0,1
17254812225,580,4,3,8,8,5.815,6,0,0.11 | 0.11 | 0.11,0,1.76 | 2.91 | 3.92,0,1.02 | 1.38 | 2.27,0.912,0.000,0,1,0,0,0,0,-1,0,6,0,,0,,0,,0,0,912.25,0,1
17254812226,580,4,3,8,8,5.815,6,0,0.11 | 0.11 | 0.11,0,1.76 | 2.91 | 3.92,0,1.02 | 1.38 | 2.27,0.912,0.000,0,1,0,0,0,0,-1,0,6,0,,0,,0,,0,0,912.25,0,1
17254812227,580,4,3,8,8,5.815,6,0,0.11 | 0.11 | 0.11,0,1.76 | 2.91 | 3.92,0,1.02 | 1.38 | 2.27,0.912,0.000,0,1,0,0,0,0,-1,0,6,0,,0,,0,,0,0,912.25,0,1
17254812228,580,4,3,8,8,5.815,6,0,0.11 | 0.11 | 0.11,0,1.76 | 2.91 | 3.92,0,1.02 | 1.38 | 2.27,0.912,0.000,0,1,0,0,0,0,-1,0,6,0,,0,,0,,0,0,912.25,0,1
17254812229,580,4,3,8,8,5.815,6,0,0.11 | 0.11 | 0.11,0,1.76 | 2.91 | 3.92,0,1.02 | 1.38 | 2.27,0.912,0.000,0,1,0,0,0,0,-1,0,6,0,,0,,0,,0,0,912.25,0,1
17254812230,580,4,3,8,8,5.815,6,0,0.11 | 0.11 | 0.11,0,1.76 | 2.91 | 3.92,0,1.02 | 1.38 | 2.27,0.912,0.000,0,1,0,0,0,0,-1,0,6,0,,0,,0,,0,0,912.25,0,1
17254812231,580,4,3,8,8,5.815,6,0,0.11 | 0.11 | 0.11,0,1.76 | 2.91 | 3.92,0,1.02 | 1.38 | 2.27,0.912,0.000,0,1,0,0,0,0,-1,0,6,0,,0,,0,,0,0,912.25,0,1
17254812232,580,4,3,8,8,5.815,6,0,0.11 | 0.11 | 0.11,0,1.76 | 2.91 | 3.92,0,1.02 | 1.38 | 2.27,0.912,0.000,0,1,0,0,0,0,-1,0,6,0,,0,,0,,0,0,912.25,0,1
17254812233,580,2,3,8,8,5.053,6,0,0.11 | 0.11 | 0.11,0,1.76 | 2.91 | 3.92,0,1.02 | 1.38 | 2.27,0.912,0.000,0,1,0,0,0,0,-1,0,6,0,,0,,0,,0,0,912.25,0,1
17254812234,580,2,3,8,8,5.053,6,0,0.11 | 0.11 | 0.11,0,1.76 | 2.91 | 3.92,0,1.02 | 1.38 | 2.27,0.912,0.000,0,1,0,0,0,0,-1,0,6,0,,0,,0,,0,0,912.25,0,1
17254812235,580,2,3,8,8,5.053,6,0,0.11 | 0.11 | 0.11,0,1.76 | 2.91 | 3.92,0,1.02 | 1.38 | 2.27,0.912,0.000,0,1,0,0,0,0,-1,0,6,0,,0,,0,,0,0,912.25,0,1
17254812236,580,2,3,8,8,5.053,6,0,0.11 | 0.11 | 0.11,0,1.76 | 2.91 | 3.92,0,1.02 | 1.38 | 2.27,0.912,0.000,0,1,0,0,0,0,-1,0,6,0,,0,,0,,0,0,912.25,0,1
17254812237,580,2,3,8,8,5.053,6,0,0.11 | 0.11 | 0.11,0,1.76 | 2.91 | 3.92,0,1.02 | 1.38 | 2.27,0.912,0.000,0,1,0,0,0,0,-1,0,6,0,,0,,0,,0,0,912.25,0,1
17254812238,580,2,3,8,8,5.053,6,0,0.11 | 0.11 | 0.11,0,1.76 | 2.91 | 3.92,0,1.02 | 1.38 | 2.27,0.912,0.000,0,1,0,0,0,0,-1,0,6,0,,0,,0,,0,0,912.25,0,1
17254812239,580,2,3,8,8,5.053,6,0,0.11 | 0.11 | 0.11,0,1.76 | 2.91 | 3.92,0,1.02 | 1.38 | 2.27,0.912,0.000,0,1,0,0,0,0,-1,0,6,0,,0,,0,,0,0,912.25,0,1
17254812240,580,2,3,8,8,5.053,6,0,0.11 | 0.11 | 0.11,0,1.76 | 2.91 | 3.92,0,1.02 | 1.38 | 2.27,0.912,0.000,0,1,0,0,0,0,-1,0,6,0,,0,,0,,0,0,912.25,0,1
17254812241,580,2,3,8,8,5.053,6,0,0.11 | 0.11 | 0.11,0,1.76 | 2.91 | 3.92,0,1.02 | 1.38 | 2.27,0.912,0.000,0,1,0,0,0,0,-1,0,6,0,,0,,0,,0,0,912.25,0,1
17254812242,580,2,3,8,8,5.053,6,0,0.11 | 0.11 | 0.11,0,1.76 | 2.91 | 3.92,0,1.02 | 1.38 | 2.27,0.912,0.000,0,1,0,0,0,0,-1,0,6,0,,0,,0,,0,0,912.25,0,1
17254812243,580,2,3,8,8,3.991,6,0,0.11 | 0.11 | 0.11,0,1.76 | 2.91 | 3.92,0,1.02 | 1.38 | 2.27,0.912,0.000,0,1,0,0,0,0,-1,0,6,0,,0,,0,,0,0,912.25,0,1
17254812244,580,2,3,8,8,3.991,6,0,0.11 | 0.11 | 0.11,0,1.76 | 2.91 | 3.92,0,1.02 | 1.38 | 2.27,0.912,0.000,0,1,0,0,0,0,-1,0,6,0,,0,,0,,0,0,912.25,0,1
17254812245,580,2,3,8,8,3.991,6,0,0.11 | 0.11 | 0.11,0,1.76 | 2.91 | 3.92,0,1.02 | 1.38 | 2.27,0.912,0.000,0,1,0,0,0,0,-1,0,6,0,,0,,0,,0,0,874.75,0,1
17254812246,580,2,3,8,8,3.991,6,0,0.11 | 0.11 | 0.11,0,1.76 | 2.91 | 3.92,0,1.02 | 1.38 | 2.27,0.912,0.000,0,1,0,0,0,0,-1,0,6,0,,0,,0,,0,0,874.75,0,1
17254812247,580,2,3,8,8,3.991,6,0,0.11 | 0.11 | 0.11,0,1.76 | 2.91 | 3.92,0,1.02 | 1.38 | 2.27,0.912,0.000,0,1,0,0,0,0,-1,0,6,0,,0,,0,,0,0,874.75,0,1
17254812248,580,2,3,8,8,3.991,6,0,0.11 | 0.11 | 0.11,0,1.76 | 2.91 | 3.92,0,1.02 | 1.38 | 2.27,0.912,0.000,0,1,0,0,0,0,-1,0,6,0,,0,,0,,0,0,874.75,0,1
17254812249,580,2,3,8,8,3.991,6,0,0.11 | 0.11 | 0.11,0,1.76 | 2.91 | 3.92,0,1.02 | 1.38 | 2.27,0.912,0.000,0,1,0,0,0,0,-1,0,6,0,,0,,0,,0,0,874.75,0,1
17254812250,580,2,3,8,8,3.991,6,0,0.11 | 0.11 | 0.11,0,1.76 | 2.91 | 3.92,0,1.02 | 1.38 | 2.27,0.912,0.000,0,1,0,0,0,0,-1,0,6,0,,0,,0,,0,0,874.75,0,1
17254812251,580,2,3,8,8,3.991,6,0,0.11 | 0.11 | 0.11,0,1.76 | 2.91 | 3.92,0,1.02 | 1.38 | 2.27,0.912,0.000,0,1,0,0,0,0,-1,0,6,0,,0,,0,,0,0,874.75,0,1
17254812252,580,2,3,8,8,3.991,6,0,0.11 | 0.11 | 0.11,0,1.76 | 2.91 | 3.92,0,1.02 | 1.38 | 2.27,0.912,0.000,0,1,0,0,0,0,-1,0,6,0,,0,,0,,0,0,874.75,0,1
17254812253,580,2,3,8,8,6.128,6,0,0.11 | 0.11 | 0.11,0,2.08 | 2.99 | 3.92,0,1.02 | 1.34 | 1.92,0.875,0.000,0,1,0,0,0,0,-1,0,6,0,,0,,0,,0,0,874.75,0,1
17254812254,580,2,3,8,8,6.128,6,0,0.11 | 0.11 | 0.11,0,2.08 | 2.99 | 3.92,0,1.02 | 1.34 | 1.92,0.875,0.000,0,1,0,0,0,0,-1,0,6,0,,0,,0,,0,0,874.75,0,1
17254812255,580,2,3,8,8,6.128,6,0,0.11 | 0.11 | 0.11,0,2.08 | 2.99 | 3.92,0,1.02 | 1.34 | 1.92,0.875,0.000,0,1,0,0,0,0,-1,0,6,0,,0,,0,,0,0,874.75,0,1
17254812256,580,2,3,8,8,6.128,6,0,0.11 | 0.11 | 0.11,0,2.08 | 2.99 | 3.92,0,1.02 | 1.34 | 1.92,0.875,0.000,0,1,0,0,0,0,-1,0,6,0,,0,,0,,0,0,874.75,0,1
17254812257,580,2,3,8,8,6.128,6,0,0.11 | 0.11 | 0.11,0,2.08 | 2.99 | 3.92,0,1.02 | 1.34 | 1.92,0.875,0.000,0,1,0,0,0,0,-1,0,6,0,,0,,0,,0,0,874.75,0,1
17254812258,580,2,3,8,8,6.128,6,0,0.11 | 0.11 | 0.11,0,2.08 | 2.99 | 3.92,0,1.02 | 1.34 | 1.92,0.875,0.000,0,1,0,0,0,0,-1,0,6,0,,0,,0,,0,0,874.75,0,1
17254812259,580,2,3,8,8,6.128,6,0,0.11 | 0.11 | 0.11,0,2.08 | 2.99 | 3.92,0,1.02 | 1.34 | 1.92,0.875,0.000,0,1,0,0,0,0,-1,0,6,0,,0,,0,,0,0,874.75,0,1
17254812260,580,2,3,8,8,6.128,6,0,0.11 | 0.11 | 0.11,0,2.08 | 2.99 | 3.92,0,1.02 | 1.34 | 1.92,0.875,0.000,0,1,0,0,0,0,-1,0,6,0,,0,,0,,0,0,874.75,0,1
17254812261,580,2,3,8,8,6.128,6,0,0.11 | 0.11 | 0.11,0,2.08 | 2.99 | 3.92,0,1.02 | 1.34 | 1.92,0.875,0.000,0,1,0,0,0,0,-1,0,6,0,,0,,0,,0,0,874.75,0,1
17254812262,580,2,3,8,8,6.128,6,0,0.11 | 0.11 | 0.11,0,2.08 | 2.99 | 3.92,0,1.02 | 1.34 | 1.92,0.875,0.000,0,1,0,0,0,0,-1,0,6,0,,0,,0,,0,0,874.75,0,1
17254812263,580,2,3,8,8,5.066,6,0,0.11 | 0.11 | 0.11,0,2.08 | 2.99 | 3.92,0,1.02 | 1.34 | 1.92,0.875,0.000,0,1,0,0,0,0,-1,0,6,0,,0,,0,,0,0,874.75,0,1
17254812264,580,2,3,8,8,5.066,6,0,0.11 | 0.11 | 0.11,0,2.08 | 2.99 | 3.92,0,1.02 | 1.34 | 1.92,0.875,0.000,0,1,0,0,0,0,-1,0,6,0,,0,,0,,0,0,874.75,0,1
17254812265,580,2,3,8,8,5.066,6,0,0.11 | 0.11 | 0.11,0,2.08 | 2.99 | 3.92,0,1.02 | 1.34 | 1.92,0.875,0.000,0,1,0,0,0,0,-1,0,6,0,,0,,0,,0,0,874.75,0,1
17254812266,580,2,3,8,8,5.066,6,0,0.11 | 0.11 | 0.11,0,2.08 | 2.99 | 3.92,0,1.02 | 1.34 | 1.92,0.875,0.000,0,1,0,0,0,0,-1,0,6,0,,0,,0,,0,0,874.75,0,1
17254812267,580,2,3,8,8,5.066,6,0,0.11 | 0.11 | 0.11,0,2.08 | 2.99 | 3.92,0,1.02 | 1.34 | 1.92,0.875,0.000,0,1,0,0,0,0,-1,0,6,0,,0,,0,,0,0,874.75,0,1
17254812268,580,2,3,8,8,5.066,6,0,0.11 | 0.11 | 0.11,0,2.08 | 2.99 | 3.92,0,1.02 | 1.34 | 1.92,0.875,0.000,0,1,0,0,0,0,-1,0,6,0,,0,,0,,0,0,874.75,0,1
17254812269,580,2,3,8,8,5.066,6,0,0.11 | 0.11 | 0.11,0,2.08 | 2.99 | 3.92,0,1.02 | 1.34 | 1.92,0.875,0.000,0,1,0,0,0,0,-1,0,6,0,,0,,0,,0,0,874.75,0,1
17254812270,580,2,3,8,8,5.066,6,0,0.11 | 0.11 | 0.11,0,2.08 | 2.99 | 3.92,0,1.02 | 1.34 | 1.92,0.875,0.000,0,1,0,0,0,0,-1,0,6,0,,0,,0,,0,0,874.75,0,1
17254812271,580,2,3,8,8,5.066,6,0,0.11 | 0.11 | 0.11,0,2.08 | 2.99 | 3.92,0,1.02 | 1.34 | 1.92,0.875,0.000,0,1,0,0,0,0,-1,0,6,0,,0,,0,,0,0,874.75,0,1
17254812272,580,2,3,8,8,5.066,6,0,0.11 | 0.11 | 0.11,0,2.08 | 2.99 | 3.92,0,1.02 | 1.34 | 1.92,0.875,0.000,0,1,0,0,0,0,-1,0,6,0,,0,,0,,0,0,938,0,1
17254812273,580,2,3,8,8,8.944,6,0,0.11 | 0.11 | 0.11,0,2.08 | 2.65 | 3.36,0,1.19 | 1.51 | 1.92,0.938,0.000,0,1,0,0,0,0,-1,0,6,0,,0,,0,,0,0,938,0,1
17254812274,580,2,3,8,8,8.944,6,0,0.11 | 0.11 | 0.11,0,2.08 | 2.65 | 3.36,0,1.19 | 1.51 | 1.92,0.938,0.000,0,1,0,0,0,0,-1,0,6,0,,0,,0,,0,0,938,0,1
17254812275,580,2,3,8,8,8.944,6,0,0.11 | 0.11 | 0.11,0,2.08 | 2.65 | 3.36,0,1.19 | 1.51 | 1.92,0.938,0.000,0,1,0,0,0,0,-1,0,6,0,,0,,0,,0,0,938,0,1
17254812276,580,3,3,8,8,8.944,6,0,0.11 | 0.11 | 0.11,0,2.08 | 2.65 | 3.36,0,1.19 | 1.51 | 1.92,0.938,0.000,0,1,0,0,0,0,-1,0,6,0,,0,,0,,0,0,938,0,1
17254812277,580,3,3,8,8,8.944,6,0,0.11 | 0.11 | 0.11,0,2.08 | 2.65 | 3.36,0,1.19 | 1.51 | 1.92,0.938,0.000,0,1,0,0,0,0,-1,0,6,0,,0,,0,,0,0,938,0,1
17254812278,580,3,3,8,8,8.944,6,0,0.11 | 0.11 | 0.11,0,2.08 | 2.65 | 3.36,0,1.19 | 1.51 | 1.92,0.938,0.000,0,1,0,0,0,0,-1,0,6,0,,0,,0,,0,0,938,0,1
17254812279,580,3,3,8,8,8.944,6,0,0.11 | 0.11 | 0.11,0,2.08 | 2.65 | 3.36,0,1.19 | 1.51 | 1.92,0.938,0.000,0,1,0,0,0,0,-1,0,6,0,,0,,0,,0,0,938,0,1
17254812280,580,3,3,8,8,8.944,6,0,0.11 | 0.11 | 0.11,0,2.08 | 2.65 | 3.36,0,1.19 | 1.51 | 1.92,0.938,0.000,0,1,0,0,0,0,-1,0,6,0,,0,,0,,0,0,938,0,1
17254812281,580,3,3,8,8,8.944,6,0,0.11 | 0.11 | 0.11,0,2.08 | 2.65 | 3.36,0,1.19 | 1.51 | 1.92,0.938,0.000,0,1,0,0,0,0,-1,0,6,0,,0,,0,,0,0,938,0,1
17254812282,580,3,3,8,8,8.944,6,0,0.11 | 0.11 | 0.11,0,2.08 | 2.65 | 3.36,0,1.19 | 1.51 | 1.92,0.938,0.000,0,1,0,0,0,0,-1,0,6,0,,0,,0,,0,0,938,0,1
17254812283,580,3,3,8,8,8.006,6,0,0.11 | 0.11 | 0.11,0,2.08 | 2.65 | 3.36,0,1.19 | 1.51 | 1.92,0.938,0.000,0,1,0,0,0,0,-1,0,6,0,,0,,0,,0,0,938,0,1
17254812284,580,3,3,8,8,8.006,6,0,0.11 | 0.11 | 0.11,0,2.08 | 2.65 | 3.36,0,1.19 | 1.51 | 1.92,0.938,0.000,0,1,0,0,0,0,-1,0,6,0,,0,,0,,0,0,938,0,1
17254812285,580,3,3,8,8,8.006,6,0,0.11 | 0.11 | 0.11,0,2.08 | 2.65 | 3.36,0,1.19 | 1.51 | 1.92,0.938,0.000,0,1,0,0,0,0,-1,0,6,0,,0,,0,,0,0,938,0,1
17254812286,580,3,3,8,8,8.006,6,0,0.11 | 0.11 | 0.11,0,2.08 | 2.65 | 3.36,0,1.19 | 1.51 | 1.92,0.938,0.000,0,1,0,0,0,0,-1,0,6,0,,0,,0,,0,0,938,0,1
17254812287,580,3,3,8,8,8.006,6,0,0.11 | 0.11 | 0.11,0,2.08 | 2.65 | 3.36,0,1.19 | 1.51 | 1.92,0.938,0.000,0,1,0,0,0,0,-1,0,6,0,,0,,0,,0,0,938,0,1
17254812288,580,3,3,8,8,8.006,6,0,0.11 | 0.11 | 0.11,0,2.08 | 2.65 | 3.36,0,1.19 | 1.51 | 1.92,0.938,0.000,0,1,0,0,0,0,-1,0,6,0,,0,,0,,0,0,938,0,1
17254812289,580,3,3,8,8,8.006,6,0,0.11 | 0.11 | 0.11,0,2.08 | 2.65 | 3.36,0,1.19 | 1.51 | 1.92,0.938,0.000,0,1,0,0,0,0,-1,0,6,0,,0,,0,,0,0,938,0,1
17254812290,580,3,3,8,8,8.006,6,0,0.11 | 0.11 | 0.11,0,2.08 | 2.65 | 3.36,0,1.19 | 1.51 | 1.92,0.938,0.000,0,1,0,0,0,0,-1,0,6,0,,0,,0,,0,0,938,0,1
17254812291,580,3,3,8,8,8.006,6,0,0.11 | 0.11 | 0.11,0,2.08 | 2.65 | 3.36,0,1.19 | 1.51 | 1.92,0.938,0.000,0,1,0,0,0,0,-1,0,6,0,,0,,0,,0,0,1013,0,1
17254812292,580,3,3,8,8,8.006,6,0,0.11 | 0.11 | 0.11,0,2.08 | 2.65 | 3.36,0,1.19 | 1.51 | 1.92,0.938,0.000,0,1,0,0,0,0,-1,0,6,0,,0,,0,,0,0,1013,0,1
17254812293,580,3,3,8,8,10.081,6,0,0.11 | 0.11 | 0.11,0,1.78 | 2.25 | 2.58,0,1.55 | 1.78 | 2.24,1.013,0.000,0,1,0,0,0,0,-1,0,6,0,,0,,0,,0,0,1013,0,1
17254812294,580,3,3,8,8,10.081,6,0,0.11 | 0.11 | 0.11,0,1.78 | 2.25 | 2.58,0,1.55 | 1.78 | 2.24,1.013,0.000,0,1,0,0,0,0,-1,0,6,0,,0,,0,,0,0,1013,0,1
17254812295,580,3,3,8,8,10.081,6,0,0.11 | 0.11 | 0.11,0,1.78 | 2.25 | 2.58,0,1.55 | 1.78 | 2.24,1.013,0.000,0,1,0,0,0,0,-1,0,6,0,,0,,0,,0,0,1013,0,1
17254812296,580,3,3,8,8,10.081,6,0,0.11 | 0.11 | 0.11,0,1.78 | 2.25 | 2.58,0,1.55 | 1.78 | 2.24,1.013,0.000,0,1,0,0,0,0,-1,0,6,0,,0,,0,,0,0,1013,0,1
17254812297,580,3,3,8,8,10.081,6,0,0.11 | 0.11 | 0.11,0,1.78 | 2.25 | 2.58,0,1.55 | 1.78 | 2.24,1.013,0.000,0,1,0,0,0,0,-1,0,6,0,,0,,0,,0,0,1013,0,1
17254812298,580,3,3,8,8,10.081,6,0,0.11 | 0.11 | 0.11,0,1.78 | 2.25 | 2.58,0,1.55 | 1.78 | 2.24,1.013,0.000,0,1,0,0,0,0,-1,0,6,0,,0,,0,,0,0,1013,0,1
17254812299,580,3,3,8,8,10.081,6,0,0.11 | 0.11 | 0.11,0,1.78 | 2.25 | 2.58,0,1.55 | 1.78 | 2.24,1.013,0.000,0,1,0,0,0,0,-1,0,6,0,,0,,0,,0,0,1013,0,1
17254812300,580,3,3,8,8,10.081,6,0,0.11 | 0.11 | 0.11,0,1.78 | 2.25 | 2.58,0,1.55 | 1.78 | 2.24,1.013,0.000,0,1,0,0,0,0,-1,0,6,0,,0,,0,,0,0,1013,0,1
17254812301,580,3,3,8,8,10.081,6,0,0.11 | 0.11 | 0.11,0,1.78 | 2.25 | 2.58,0,1.55 | 1.78 | 2.24,1.013,0.000,0,1,0,0,0,0,-1,0,6,0,,0,,0,,0,0,1013,0,1
17254812302,580,3,3,8,8,10.081,6,0,0.11 | 0.11 | 0.11,0,1.78 | 2.25 | 2.58,0,1.55 | 1.78 | 2.24,1.013,0.000,0,1,0,0,0,0,-1,0,6,0,,0,,0,,0,0,1013,0,1
17254812303,580,3,3,8,8,9.081,6,0,0.11 | 0.11 | 0.11,0,1.78 | 2.25 | 2.58,0,1.55 | 1.78 | 2.24,1.013,0.000,0,1,0,0,0,0,-1,0,6,0,,0,,0,,0,0,1013,0,1
17254812304,580,3,3,8,8,9.081,6,0,0.11 | 0.11 | 0.11,0,1.78 | 2.25 | 2.58,0,1.55 | 1.78 | 2.24,1.013,0.000,0,1,0,0,0,0,-1,0,6,0,,0,,0,,0,0,1013,0,1
17254812305,580,3,3,8,8,9.081,6,0,0.11 | 0.11 | 0.11,0,1.78 | 2.25 | 2.58,0,1.55 | 1.78 | 2.24,1.013,0.000,0,1,0,0,0,0,-1,0,6,0,,0,,0,,0,0,1013,0,1
17254812306,580,3,3,8,8,9.081,6,0,0.11 | 0.11 | 0.11,0,1.78 | 2.25 | 2.58,0,1.55 | 1.78 | 2.24,1.013,0.000,0,1,0,0,0,0,-1,0,6,0,,0,,0,,0,0,1013,0,1
17254812307,580,3,3,8,8,9.081,6,0,0.11 | 0.11 | 0.11,0,1.78 | 2.25 | 2.58,0,1.55 | 1.78 | 2.24,1.013,0.000,0,1,0,0,0,0,-1,0,6,0,,0,,0,,0,0,1013,0,1
17254812308,580,3,3,8,8,9.081,6,0,0.11 | 0.11 | 0.11,0,1.78 | 2.25 | 2.58,0,1.55 | 1.78 | 2.24,1.013,0.000,0,1,0,0,0,0,-1,0,6,0,,0,,0,,0,0,1013,0,1
17254812309,580,3,3,8,8,9.081,6,0,0.11 | 0.11 | 0.11,0,1.78 | 2.25 | 2.58,0,1.55 | 1.78 | 2.24,1.013,0.000,0,1,0,0,0,0,-1,0,6,0,,0,,0,,0,0,1013,0,1
17254812310,580,3,3,8,8,9.081,6,0,0.11 | 0.11 | 0.11,0,1.78 | 2.25 | 2.58,0,1.55 | 1.78 | 2.24,1.013,0.000,0,1,0,0,0,0,-1,0,6,0,,0,,0,,0,0,1013,0,1
17254812311,580,3,3,8,8,9.081,6,0,0.11 | 0.11 | 0.11,0,1.78 | 2.25 | 2.58,0,1.55 | 1.78 | 2.24,1.013,0.000,0,1,0,0,0,0,-1,0,6,0,,0,,0,,0,0,1013,0,1
17254812312,580,3,3,8,8,9.081,6,0,0.11 | 0.11 | 0.11,0,1.78 | 2.25 | 2.58,0,1.55 | 1.78 | 2.24,1.013,0.000,0,1,0,0,0,0,-1,0,6,0,,0,,0,,0,0,1013,0,1
17254812313,580,3,3,8,8,8.012,6,0,0.11 | 0.11 | 0.11,0,1.78 | 2.25 | 2.58,0,1.55 | 1.78 | 2.24,1.013,0.000,0,1,0,0,0,0,-1,0,6,0,,0,,0,,0,0,1013,0,1
17254812314,580,3,3,8,8,8.012,6,0,0.11 | 0.11 | 0.11,0,1.78 | 2.25 | 2.58,0,1.55 | 1.78 | 2.24,1.013,0.000,0,1,0,0,0,0,-1,0,6,0,,0,,0,,0,0,1013,0,1
17254812315,580,3,3,8,8,8.012,6,0,0.11 | 0.11 | 0.11,0,1.78 | 2.25 | 2.58,0,1.55 | 1.78 | 2.24,1.013,0.000,0,1,0,0,0,0,-1,0,6,0,,0,,0,,0,0,1013,0,1
17254812316,580,3,3,8,8,8.012,6,0,0.11 | 0.11 | 0.11,0,1.78 | 2.25 | 2.58,0,1.55 | 1.78 | 2.24,1.013,0.000,0,1,0,0,0,0,-1,0,6,0,,0,,0,,0,0,1013,0,1
17254812317,580,3,3,8,8,8.012,6,0,0.11 | 0.11 | 0.11,0,1.78 | 2.25 | 2.58,0,1.55 | 1.78 | 2.24,1.013,0.000,0,1,0,0,0,0,-1,0,6,0,,0,,0,,0,0,1013,0,1
17254812318,580,3,3,8,8,8.012,6,0,0.11 | 0.11 | 0.11,0,1.78 | 2.25 | 2.58,0,1.55 | 1.78 | 2.24,1.013,0.000,0,1,0,0,0,0,-1,0,6,0,,0,,0,,0,0,1013,0,1
17254812319,580,3,3,8,8,8.012,6,0,0.11 | 0.11 | 0.11,0,1.78 | 2.25 | 2.58,0,1.55 | 1.78 | 2.24,1.013,0.000,0,1,0,0,0,0,-1,0,6,0,,0,,0,,0,0,1013,0,1
17254812320,580,3,3,8,8,8.012,6,0,0.11 | 0.11 | 0.11,0,1.78 | 2.25 | 2.58,0,1.55 | 1.78 | 2.24,1.013,0.000,0,1,0,0,0,0,-1,0,6,0,,0,,0,,0,0,1013,0,1
17254812321,580,3,3,8,8,8.012,6,0,0.11 | 0.11 | 0.11,0,1.78 | 2.25 | 2.58,0,1.55 | 1.78 | 2.24,1.013,0.000,0,1,0,0,0,0,-1,0,6,0,,0,,0,,0,0,1013,0,1
17254812322,580,3,3,8,8,8.012,6,0,0.11 | 0.11 | 0.11,0,1.78 | 2.25 | 2.58,0,1.55 | 1.78 | 2.24,1.013,0.000,0,1,0,0,0,0,-1,0,6,0,,0,,0,,0,0,1013,0,1
17254812323,580,3,3,8,8,7.222,6,0,0.11 | 0.11 | 0.11,0,1.78 | 2.25 | 2.58,0,1.55 | 1.78 | 2.24,1.013,0.000,0,1,0,0,0,0,-1,0,6,0,,0,,0,,0,0,1013,0,1
17254812324,580,3,3,8,8,7.222,6,0,0.11 | 0.11 | 0.11,0,1.78 | 2.25 | 2.58,0,1.55 | 1.78 | 2.24,1.013,0.000,0,1,0,0,0,0,-1,0,6,0,,0,,0,,0,0,1013,0,1
17254812325,580,3,3,8,8,7.222,6,0,0.11 | 0.11 | 0.11,0,1.78 | 2.25 | 2.58,0,1.55 | 1.78 | 2.24,1.013,0.000,0,1,0,0,0,0,-1,0,6,0,,0,,0,,0,0,1013,0,1
17254812326,580,3,3,8,8,7.222,6,0,0.11 | 0.11 | 0.11,0,1.78 | 2.25 | 2.58,0,1.55 | 1.78 | 2.24,1.013,0.000,0,1,0,0,0,0,-1,0,6,0,,0,,0,,0,0,1013,0,1
17254812327,580,3,3,8,8,7.222,6,0,0.11 | 0.11 | 0.11,0,1.78 | 2.25 | 2.58,0,1.55 | 1.78 | 2.24,1.013,0.000,0,1,0,0,0,0,-1,0,6,0,,0,,0,,0,0,1013,0,1
17254812328,580,3,3,8,8,7.222,6,0,0.11 | 0.11 | 0.11,0,1.78 | 2.25 | 2.58,0,1.55 | 1.78 | 2.24,1.013,0.000,0,1,0,0,0,0,-1,0,6,0,,0,,0,,0,0,971,0,1
17254812329,580,3,3,8,8,7.222,6,0,0.11 | 0.11 | 0.11,0,1.78 | 2.25 | 2.58,0,1.55 | 1.78 | 2.24,1.013,0.000,0,1,0,0,0,0,-1,0,6,0,,0,,0,,0,0,971,0,1
17254812330,580,3,3,8,8,7.222,6,0,0.11 | 0.11 | 0.11,0,1.78 | 2.25 | 2.58,0,1.55 | 1.78 | 2.24,1.013,0.000,0,1,0,0,0,0,-1,0,6,0,,0,,0,,0,0,971,0,1
17254812331,580,3,3,8,8,7.222,6,0,0.11 | 0.11 | 0.11,0,1.78 | 2.25 | 2.58,0,1.55 | 1.78 | 2.24,1.013,0.000,0,1,0,0,0,0,-1,0,6,0,,0,,0,,0,0,971,0,1
17254812332,580,3,3,8,8,7.222,6,0,0.11 | 0.11 | 0.11,0,1.78 | 2.25 | 2.58,0,1.55 | 1.78 | 2.24,1.013,0.000,0,1,0,0,0,0,-1,0,6,0,,0,,0,,0,0,971,0,1
17254812333,580,3,3,8,8,10.96,7,0,0.11 | 0.11 | 0.11,0,1.78 | 2.50 | 3.58,0,1.12 | 1.60 | 2.24,0.971,0.000,0,1,0,0,0,0,-1,0,7,0,,0,,0,,0,0,971,0,1
17254812334,580,3,3,8,8,10.96,7,0,0.11 | 0.11 | 0.11,0,1.78 | 2.50 | 3.58,0,1.12 | 1.60 | 2.24,0.971,0.000,0,1,0,0,0,0,-1,0,7,0,,0,,0,,0,0,971,0,1
17254812335,580,3,3,8,8,10.96,7,0,0.11 | 0.11 | 0.11,0,1.78 | 2.50 | 3.58,0,1.12 | 1.60 | 2.24,0.971,0.000,0,1,0,0,0,0,-1,0,7,0,,0,,0,,0,0,971,0,1
17254812336,580,3,3,8,8,10.96,7,0,0.11 | 0.11 | 0.11,0,1.78 | 2.50 | 3.58,0,1.12 | 1.60 | 2.24,0.971,0.000,0,1,0,0,0,0,-1,0,7,0,,0,,0,,0,0,971,0,1
17254812337,580,3,3,8,8,10.96,7,0,0.11 | 0.11 | 0.11,0,1.78 | 2.50 | 3.58,0,1.12 | 1.60 | 2.24,0.971,0.000,0,1,0,0,0,0,-1,0,7,0,,0,,0,,0,0,971,0,1
17254812338,580,3,3,8,8,10.96,7,0,0.11 | 0.11 | 0.11,0,1.78 | 2.50 | 3.58,0,1.12 | 1.60 | 2.24,0.971,0.000,0,1,0,0,0,0,-1,0,7,0,,0,,0,,0,0,971,0,1
17254812339,580,3,3,8,8,10.96,7,0,0.11 | 0.11 | 0.11,0,1.78 | 2.50 | 3.58,0,1.12 | 1.60 | 2.24,0.971,0.000,0,1,0,0,0,0,-1,0,7,0,,0,,0,,0,0,971,0,1
17254812340,580,3,3,8,8,10.96,7,0,0.11 | 0.11 | 0.11,0,1.78 | 2.50 | 3.58,0,1.12 | 1.60 | 2.24,0.971,0.000,0,1,0,0,0,0,-1,0,7,0,,0,,0,,0,0,971,0,1
17254812341,580,3,3,8,8,10.96,7,0,0.11 | 0.11 | 0.11,0,1.78 | 2.50 | 3.58,0,1.12 | 1.60 | 2.24,0.971,0.000,0,1,0,0,0,0,-1,0,7,0,,0,,0,,0,0,971,0,1
17254812342,580,3,3,8,8,10.96,7,0,0.11 | 0.11 | 0.11,0,1.78 | 2.50 | 3.58,0,1.12 | 1.60 | 2.24,0.971,0.000,0,1,0,0,0,0,-1,0,7,0,,0,,0,,0,0,971,0,1
17254812343,580,3,3,8,8,9.897,7,0,0.11 | 0.11 | 0.11,0,1.78 | 2.50 | 3.58,0,1.12 | 1.60 | 2.24,0.971,0.000,0,1,0,0,0,0,-1,0,7,0,,0,,0,,0,0,971,0,1
17254812344,580,3,3,8,8,9.897,7,0,0.11 | 0.11 | 0.11,0,1.78 | 2.50 | 3.58,0,1.12 | 1.60 | 2.24,0.971,0.000,0,1,0,0,0,0,-1,0,7,0,,0,,0,,0,0,971,0,1
17254812345,580,3,3,8,8,9.897,7,0,0.11 | 0.11 | 0.11,0,1.78 | 2.50 | 3.58,0,1.12 | 1.60 | 2.24,0.971,0.000,0,1,0,0,0,0,-1,0,7,0,,0,,0,,0,0,971,0,1
17254812346,580,3,3,8,8,9.897,7,0,0.11 | 0.11 | 0.11,0,1.78 | 2.50 | 3.58,0,1.12 | 1.60 | 2.24,0.971,0.000,0,1,0,0,0,0,-1,0,7,0,,0,,0,,0,0,971,0,1
17254812347,580,3,3,8,8,9.897,7,0,0.11 | 0.11 | 0.11,0,1.78 | 2.50 | 3.58,0,1.12 | 1.60 | 2.24,0.971,0.000,0,1,0,0,0,0,-1,0,7,0,,0,,0,,0,0,971,0,1
17254812348,580,3,3,8,8,9.897,7,0,0.11 | 0.11 | 0.11,0,1.78 | 2.50 | 3.58,0,1.12 | 1.60 | 2.24,0.971,0.000,0,1,0,0,0,0,-1,0,7,0,,0,,0,,0,0,971,0,1
17254812349,580,3,3,8,8,9.897,7,0,0.11 | 0.11 | 0.11,0,1.78 | 2.50 | 3.58,0,1.12 | 1.60 | 2.24,0.971,0.000,0,1,0,0,0,0,-1,0,7,0,,0,,0,,0,0,971,0,1
17254812350,580,3,3,8,8,9.897,7,0,0.11 | 0.11 | 0.11,0,1.78 | 2.50 | 3.58,0,1.12 | 1.60 | 2.24,0.971,0.000,0,1,0,0,0,0,-1,0,7,0,,0,,0,,0,0,971,0,1
17254812351,580,3,3,8,8,9.897,7,0,0.11 | 0.11 | 0.11,0,1.78 | 2.50 | 3.58,0,1.12 | 1.60 | 2.24,0.971,0.000,0,1,0,0,0,0,-1,0,7,0,,0,,0,,0,0,971,0,1
17254812352,580,3,3,8,8,9.897,7,0,0.11 | 0.11 | 0.11,0,1.78 | 2.50 | 3.58,0,1.12 | 1.60 | 2.24,0.971,0.000,0,1,0,0,0,0,-1,0,7,0,,0,,0,,0,0,971,0,1
17254812353,580,3,3,8,8,12.035,7,0,0.11 | 0.14 | 0.22,0,1.78 | 2.55 | 3.58,0,1.12 | 1.57 | 2.24,0.959,0.000,0,1,0,0,0,0,-1,0,7,0,,0,,0,,0,0,959.4,0,1
17254812354,580,3,3,8,8,12.035,7,0,0.11 | 0.14 | 0.22,0,1.78 | 2.55 | 3.58,0,1.12 | 1.57 | 2.24,0.959,0.000,0,1,0,0,0,0,-1,0,7,0,,0,,0,,0,0,959.4,0,1
17254812355,580,3,3,8,8,12.035,7,0,0.11 | 0.14 | 0.22,0,1.78 | 2.55 | 3.58,0,1.12 | 1.57 | 2.24,0.959,0.000,0,1,0,0,0,0,-1,0,7,0,,0,,0,,0,0,959.4,0,1
17254812356,580,3,3,8,8,12.035,7,0,0.11 | 0.14 | 0.22,0,1.78 | 2.55 | 3.58,0,1.12 | 1.57 | 2.24,0.959,0.000,0,1,0,0,0,0,-1,0,7,0,,0,,0,,0,0,959.4,0,1
17254812357,580,3,3,8,8,12.035,7,0,0.11 | 0.14 | 0.22,0,1.78 | 2.55 | 3.58,0,1.12 | 1.57 | 2.24,0.959,0.000,0,1,0,0,0,0,-1,0,7,0,,0,,0,,0,0,959.4,0,1
17254812358,580,3,3,8,8,12.035,7,0,0.11 | 0.14 | 0.22,0,1.78 | 2.55 | 3.58,0,1.12 | 1.57 | 2.24,0.959,0.000,0,1,0,0,0,0,-1,0,7,0,,0,,0,,0,0,959.4,0,1
17254812359,580,3,3,8,8,12.035,7,0,0.11 | 0.14 | 0.22,0,1.78 | 2.55 | 3.58,0,1.12 | 1.57 | 2.24,0.959,0.000,0,1,0,0,0,0,-1,0,7,0,,0,,0,,0,0,959.4,0,1
17254812360,580,3,3,8,8,12.035,7,0,0.11 | 0.14 | 0.22,0,1.78 | 2.55 | 3.58,0,1.12 | 1.57 | 2.24,0.959,0.000,0,1,0,0,0,0,-1,0,7,0,,0,,0,,0,0,959.4,0,1
17254812361,580,3,3,8,8,12.035,7,0,0.11 | 0.14 | 0.22,0,1.78 | 2.55 | 3.58,0,1.12 | 1.57 | 2.24,0.959,0.000,0,1,0,0,0,0,-1,0,7,0,,0,,0,,0,0,959.4,0,1
17254812362,580,3,3,8,8,12.035,7,0,0.11 | 0.14 | 0.22,0,1.78 | 2.55 | 3.58,0,1.12 | 1.57 | 2.24,0.959,0.000,0,1,0,0,0,0,-1,0,7,0,,0,,0,,0,0,959.4,0,1
17254812363,580,3,3,8,8,11.238,7,0,0.11 | 0.14 | 0.22,0,1.78 | 2.55 | 3.58,0,1.12 | 1.57 | 2.24,0.959,0.000,0,1,0,0,0,0,-1,0,7,0,,0,,0,,0,0,959.4,0,1
17254812364,580,3,3,8,8,11.238,7,0,0.11 | 0.14 | 0.22,0,1.78 | 2.55 | 3.58,0,1.12 | 1.57 | 2.24,0.959,0.000,0,1,0,0,0,0,-1,0,7,0,,0,,0,,0,0,959.4,0,1
17254812365,580,3,3,8,8,11.238,7,0,0.11 | 0.14 | 0.22,0,1.78 | 2.55 | 3.58,0,1.12 | 1.57 | 2.24,0.959,0.000,0,1,0,0,0,0,-1,0,7,0,,0,,0,,0,0,959.4,0,1
17254812366,580,3,3,8,8,11.238,7,0,0.11 | 0.14 | 0.22,0,1.78 | 2.55 | 3.58,0,1.12 | 1.57 | 2.24,0.959,0.000,0,1,0,0,0,0,-1,0,7,0,,0,,0,,0,0,959.4,0,1
17254812367,580,3,3,8,8,11.238,7,0,0.11 | 0.14 | 0.22,0,1.78 | 2.55 | 3.58,0,1.12 | 1.57 | 2.24,0.959,0.000,0,1,0,0,0,0,-1,0,7,0,,0,,0,,0,0,959.4,0,1
17254812368,580,3,3,8,8,11.238,7,0,0.11 | 0.14 | 0.22,0,1.78 | 2.55 | 3.58,0,1.12 | 1.57 | 2.24,0.959,0.000,0,1,0,0,0,0,-1,0,7,0,,0,,0,,0,0,959.4,0,1
17254812369,580,3,3,8,8,11.238,7,0,0.11 | 0.14 | 0.22,0,1.78 | 2.55 | 3.58,0,1.12 | 1.57 | 2.24,0.959,0.000,0,1,0,0,0,0,-1,0,7,0,,0,,0,,0,0,959.4,0,1
17254812370,580,3,3,8,8,11.238,7,0,0.11 | 0.14 | 0.22,0,1.78 | 2.55 | 3.58,0,1.12 | 1.57 | 2.24,0.959,0.000,0,1,0,0,0,0,-1,0,7,0,,0,,0,,0,0,959.4,0,1
17254812371,580,3,3,8,8,11.238,7,0,0.11 | 0.14 | 0.22,0,1.78 | 2.55 | 3.58,0,1.12 | 1.57 | 2.24,0.959,0.000,0,1,0,0,0,0,-1,0,7,0,,0,,0,,0,0,959.4,0,1
17254812372,580,3,3,8,8,11.238,7,0,0.11 | 0.14 | 0.22,0,1.78 | 2.55 | 3.58,0,1.12 | 1.57 | 2.24,0.959,0.000,0,1,0,0,0,0,-1,0,7,0,,0,,0,,0,0,959.4,0,1
17254812373,580,3,3,8,8,10.175,7,0,0.11 | 0.14 | 0.22,0,1.78 | 2.55 | 3.58,0,1.12 | 1.57 | 2.24,0.959,0.000,0,1,0,0,0,0,-1,0,7,0,,0,,0,,0,0,959.4,0,1
17254812374,580,3,3,8,8,10.175,7,0,0.11 | 0.14 | 0.22,0,1.78 | 2.55 | 3.58,0,1.12 | 1.57 | 2.24,0.959,0.000,0,1,0,0,0,0,-1,0,7,0,,0,,0,,0,0,959.4,0,1
17254812375,580,3,3,8,8,10.175,7,0,0.11 | 0.14 | 0.22,0,1.78 | 2.55 | 3.58,0,1.12 | 1.57 | 2.24,0.959,0.000,0,1,0,0,0,0,-1,0,7,0,,0,,0,,0,0,959.4,0,1
17254812376,580,3,3,8,8,10.175,7,0,0.11 | 0.14 | 0.22,0,1.78 | 2.55 | 3.58,0,1.12 | 1.57 | 2.24,0.959,0.000,0,1,0,0,0,0,-1,0,7,0,,0,,0,,0,0,959.4,0,1
17254812377,580,3,3,8,8,10.175,7,0,0.11 | 0.14 | 0.22,0,1.78 | 2.55 | 3.58,0,1.12 | 1.57 | 2.24,0.959,0.000,0,1,0,0,0,0,-1,0,7,0,,0,,0,,0,0,959.4,0,1
17254812378,580,3,3,8,8,10.175,7,0,0.11 | 0.14 | 0.22,0,1.78 | 2.55 | 3.58,0,1.12 | 1.57 | 2.24,0.959,0.000,0,1,0,0,0,0,-1,0,7,0,,0,,0,,0,0,959.4,0,1
17254812379,580,3,3,8,8,10.175,7,0,0.11 | 0.14 | 0.22,0,1.78 | 2.55 | 3.58,0,1.12 | 1.57 | 2.24,0.959,0.000,0,1,0,0,0,0,-1,0,7,0,,0,,0,,0,0,959.4,0,1
17254812380,580,3,3,8,8,10.175,7,0,0.11 | 0.14 | 0.22,0,1.78 | 2.55 | 3.58,0,1.12 | 1.57 | 2.24,0.959,0.000,0,1,0,0,0,0,-1,0,7,0,,0,,0,,0,0,959.4,0,1
17254812381,580,3,3,8,8,10.175,7,0,0.11 | 0.14 | 0.22,0,1.78 | 2.55 | 3.58,0,1.12 | 1.57 | 2.24,0.959,0.000,0,1,0,0,0,0,-1,0,7,0,,0,,0,,0,0,959.4,0,1
17254812382,580,3,3,8,8,10.175,7,0,0.11 | 0.14 | 0.22,0,1.78 | 2.55 | 3.58,0,1.12 | 1.57 | 2.24,0.959,0.000,0,1,0,0,0,0,-1,0,7,0,,0,,0,,0,0,959.4,0,1
17254812383,580,3,3,8,8,9.113,7,0,0.11 | 0.14 | 0.22,0,1.78 | 2.55 | 3.58,0,1.12 | 1.57 | 2.24,0.959,0.000,0,1,0,0,0,0,-1,0,7,0,,0,,0,,0,0,959.4,0,1
17254812384,580,3,3,8,8,9.113,7,0,0.11 | 0.14 | 0.22,0,1.78 | 2.55 | 3.58,0,1.12 | 1.57 | 2.24,0.959,0.000,0,1,0,0,0,0,-1,0,7,0,,0,,0,,0,0,959.4,0,1
17254812385,580,3,3,8,8,9.113,7,0,0.11 | 0.14 | 0.22,0,1.78 | 2.55 | 3.58,0,1.12 | 1.57 | 2.24,0.959,0.000,0,1,0,0,0,0,-1,0,7,0,,0,,0,,0,0,959.4,0,1
17254812386,580,3,3,8,8,9.113,7,0,0.11 | 0.14 | 0.22,0,1.78 | 2.55 | 3.58,0,1.12 | 1.57 | 2.24,0.959,0.000,0,1,0,0,0,0,-1,0,7,0,,0,,0,,0,0,959.4,0,1
17254812387,580,3,3,8,8,9.113,7,0,0.11 | 0.14 | 0.22,0,1.78 | 2.55 | 3.58,0,1.12 | 1.57 | 2.24,0.959,0.000,0,1,0,0,0,0,-1,0,7,0,,0,,0,,0,0,959.4,0,1
17254812388,580,3,3,8,8,9.113,7,0,0.11 | 0.14 | 0.22,0,1.78 | 2.55 | 3.58,0,1.12 | 1.57 | 2.24,0.959,0.000,0,1,0,0,0,0,-1,0,7,0,,0,,0,,0,0,959.4,0,1
17254812389,580,3,3,8,8,9.113,7,0,0.11 | 0.14 | 0.22,0,1.78 | 2.55 | 3.58,0,1.12 | 1.57 | 2.24,0.959,0.000,0,1,0,0,0,0,-1,0,7,0,,0,,0,,0,0,959.4,0,1
17254812390,580,3,3,8,8,9.113,7,0,0.11 | 0.14 | 0.22,0,1.78 | 2.55 | 3.58,0,1.12 | 1.57 | 2.24,0.959,0.000,0,1,0,0,0,0,-1,0,7,0,,0,,0,,0,0,959.4,0,1
17254812391,580,3,3,8,8,9.113,7,0,0.11 | 0.14 | 0.22,0,1.78 | 2.55 | 3.58,0,1.12 | 1.57 | 2.24,0.959,0.000,0,1,0,0,0,0,-1,0,7,0,,0,,0,,0,0,959.4,0,1
17254812392,580,3,3,8,8,9.113,7,0,0.11 | 0.14 | 0.22,0,1.78 | 2.55 | 3.58,0,1.12 | 1.57 | 2.24,0.959,0.000,0,1,0,0,0,0,-1,0,7,0,,0,,0,,0,0,937.2,0,1
17254812393,580,3,3,8,8,12.85,8,0,0.11 | 0.16 | 0.22,0,1.78 | 2.72 | 3.58,0,1.12 | 1.47 | 2.24,0.937,0.000,0,1,0,0,0,0,-1,0,8,0,,0,,0,,0,0,937.2,0,1
17254812394,580,3,3,8,8,12.85,8,0,0.11 | 0.16 | 0.22,0,1.78 | 2.72 | 3.58,0,1.12 | 1.47 | 2.24,0.937,0.000,0,1,0,0,0,0,-1,0,8,0,,0,,0,,0,0,937.2,0,1
17254812395,580,3,3,8,8,12.85,8,0,0.11 | 0.16 | 0.22,0,1.78 | 2.72 | 3.58,0,1.12 | 1.47 | 2.24,0.937,0.000,0,1,0,0,0,0,-1,0,8,0,,0,,0,,0,0,937.2,0,1
17254812396,580,3,3,8,8,12.85,8,0,0.11 | 0.16 | 0.22,0,1.78 | 2.72 | 3.58,0,1.12 | 1.47 | 2.24,0.937,0.000,0,1,0,0,0,0,-1,0,8,0,,0,,0,,0,0,937.2,0,1
17254812397,580,3,3,8,8,12.85,8,0,0.11 | 0.16 | 0.22,0,1.78 | 2.72 | 3.58,0,1.12 | 1.47 | 2.24,0.937,0.000,0,1,0,0,0,0,-1,0,8,0,,0,,0,,0,0,937.2,0,1
17254812398,580,3,3,8,8,12.85,8,0,0.11 | 0.16 | 0.22,0,1.78 | 2.72 | 3.58,0,1.12 | 1.47 | 2.24,0.937,0.000,0,1,0,0,0,0,-1,0,8,0,,0,,0,,0,0,937.2,0,1
17254812399,580,3,3,8,8,12.85,8,0,0.11 | 0.16 | 0.22,0,1.78 | 2.72 | 3.58,0,1.12 | 1.47 | 2.24,0.937,0.000,0,1,0,0,0,0,-1,0,8,0,,0,,0,,0,0,937.2,0,1
17254812400,580,3,3,8,8,12.85,8,0,0.11 | 0.16 | 0.22,0,1.78 | 2.72 | 3.58,0,1.12 | 1.47 | 2.24,0.937,0.000,0,1,0,0,0,0,-1,0,8,0,,0,,0,,0,0,937.2,0,1
17254812401,580,3,3,8,8,12.85,8,0,0.11 | 0.16 | 0.22,0,1.78 | 2.72 | 3.58,0,1.12 | 1.47 | 2.24,0.937,0.000,0,1,0,0,0,0,-1,0,8,0,,0,,0,,0,0,937.2,0,1
17254812402,580,3,3,8,8,12.85,8,0,0.11 | 0.16 | 0.22,0,1.78 | 2.72 | 3.58,0,1.12 | 1.47 | 2.24,0.937,0.000,0,1,0,0,0,0,-1,0,8,0,,0,,0,,0,0,937.2,0,1
17254812403,580,3,3,8,8,12.053,8,0,0.11 | 0.16 | 0.22,0,1.78 | 2.72 | 3.58,0,1.12 | 1.47 | 2.24,0.937,0.000,0,1,0,0,0,0,-1,0,8,0,,0,,0,,0,0,937.2,0,1
17254812404,580,3,3,8,8,12.053,8,0,0.11 | 0.16 | 0.22,0,1.78 | 2.72 | 3.58,0,1.12 | 1.47 | 2.24,0.937,0.000,0,1,0,0,0,0,-1,0,8,0,,0,,0,,0,0,937.2,0,1
17254812405,580,3,3,8,8,12.053,8,0,0.11 | 0.16 | 0.22,0,1.78 | 2.72 | 3.58,0,1.12 | 1.47 | 2.24,0.937,0.000,0,1,0,0,0,0,-1,0,8,0,,0,,0,,0,0,937.2,0,1
17254812406,580,3,3,8,8,12.053,8,0,0.11 | 0.16 | 0.22,0,1.78 | 2.72 | 3.58,0,1.12 | 1.47 | 2.24,0.937,0.000,0,1,0,0,0,0,-1,0,8,0,,0,,0,,0,0,937.2,0,1
17254812407,580,3,3,8,8,12.053,8,0,0.11 | 0.16 | 0.22,0,1.78 | 2.72 | 3.58,0,1.12 | 1.47 | 2.24,0.937,0.000,0,1,0,0,0,0,-1,0,8,0,,0,,0,,0,0,937.2,0,1
17254812408,772,3,4,8,8,12.053,8,0,0.11 | 0.16 | 0.22,0,1.78 | 2.72 | 3.58,0,1.12 | 1.47 | 2.24,0.937,0.000,0,1,0,0,0,0,-1,0,8,0,,0,,0,,0,0,937.2,0,1
17254812409,772,3,4,8,8,12.053,8,0,0.11 | 0.16 | 0.22,0,1.78 | 2.72 | 3.58,0,1.12 | 1.47 | 2.24,0.937,0.000,0,1,0,0,0,0,-1,0,8,0,,0,,0,,0,0,937.2,0,1
17254812410,772,3,4,8,8,12.053,8,0,0.11 | 0.16 | 0.22,0,1.78 | 2.72 | 3.58,0,1.12 | 1.47 | 2.24,0.937,0.000,0,1,0,0,0,0,-1,0,8,0,,0,,0,,0,0,937.2,0,1
17254812411,772,3,4,8,8,12.053,8,0,0.11 | 0.16 | 0.22,0,1.78 | 2.72 | 3.58,0,1.12 | 1.47 | 2.24,0.937,0.000,0,1,0,0,0,0,-1,0,8,0,,0,,0,,0,0,937.2,0,1
17254812412,772,3,4,8,8,12.053,8,0,0.11 | 0.16 | 0.22,0,1.78 | 2.72 | 3.58,0,1.12 | 1.47 | 2.24,0.937,0.000,0,1,0,0,0,0,-1,0,8,0,,0,,0,,0,0,937.2,0,1
17254812413,772,3,4,8,8,10.812,8,0,0.11 | 0.16 | 0.22,0,1.78 | 2.72 | 3.58,0,1.12 | 1.47 | 2.24,0.937,0.000,0,1,0,0,0,0,-1,0,8,0,,0,,0,,0,0,937.2,0,1
17254812414,772,3,4,8,8,10.812,8,0,0.11 | 0.16 | 0.22,0,1.78 | 2.72 | 3.58,0,1.12 | 1.47 | 2.24,0.937,0.000,0,1,0,0,0,0,-1,0,8,0,,0,,0,,0,0,937.2,0,1
17254812415,772,3,4,8,8,10.812,8,0,0.11 | 0.16 | 0.22,0,1.78 | 2.72 | 3.58,0,1.12 | 1.47 | 2.24,0.937,0.000,0,1,0,0,0,0,-1,0,8,0,,0,,0,,0,0,937.2,0,1
17254812416,772,3,4,8,8,10.812,8,0,0.11 | 0.16 | 0.22,0,1.78 | 2.72 | 3.58,0,1.12 | 1.47 | 2.24,0.937,0.000,0,1,0,0,0,0,-1,0,8,0,,0,,0,,0,0,937.2,0,1
17254812417,772,3,4,8,8,10.812,8,0,0.11 | 0.16 | 0.22,0,1.78 | 2.72 | 3.58,0,1.12 | 1.47 | 2.24,0.937,0.000,0,1,0,0,0,0,-1,0,8,0,,0,,0,,0,0,937.2,0,1
17254812418,772,3,4,8,8,10.812,8,0,0.11 | 0.16 | 0.22,0,1.78 | 2.72 | 3.58,0,1.12 | 1.47 | 2.24,0.937,0.000,0,1,0,0,0,0,-1,0,8,0,,0,,0,,0,0,937.2,0,1
17254812419,772,3,4,8,8,10.812,8,0,0.11 | 0.16 | 0.22,0,1.78 | 2.72 | 3.58,0,1.12 | 1.47 | 2.24,0.937,0.000,0,1,0,0,0,0,-1,0,8,0,,0,,0,,0,0,937.2,0,1
17254812420,772,3,4,8,8,10.812,8,0,0.11 | 0.16 | 0.22,0,1.78 | 2.72 | 3.58,0,1.12 | 1.47 | 2.24,0.937,0.000,0,1,0,0,0,0,-1,0,8,0,,0,,0,,0,0,937.2,0,1
17254812421,772,3,4,8,8,10.812,8,0,0.11 | 0.16 | 0.22,0,1.78 | 2.72 | 3.58,0,1.12 | 1.47 | 2.24,0.937,0.000,0,1,0,0,0,0,-1,0,8,0,,0,,0,,0,0,937.2,0,1
17254812422,772,3,4,8,8,10.812,8,0,0.11 | 0.16 | 0.22,0,1.78 | 2.72 | 3.58,0,1.12 | 1.47 | 2.24,0.937,0.000,0,1,0,0,0,0,-1,0,8,0,,0,,0,,0,0,937.2,0,1
17254812423,772,3,4,8,8,9.928,8,0,0.11 | 0.16 | 0.22,0,1.78 | 2.72 | 3.58,0,1.12 | 1.47 | 2.24,0.937,0.000,0,1,0,0,0,0,-1,0,8,0,,0,,0,,0,0,937.2,0,1
17254812424,772,3,4,8,8,9.928,8,0,0.11 | 0.16 | 0.22,0,1.78 | 2.72 | 3.58,0,1.12 | 1.47 | 2.24,0.937,0.000,0,1,0,0,0,0,-1,0,8,0,,0,,0,,0,0,937.2,0,1
17254812425,772,3,4,8,8,9.928,8,0,0.11 | 0.16 | 0.22,0,1.78 | 2.72 | 3.58,0,1.12 | 1.47 | 2.24,0.937,0.000,0,1,0,0,0,0,-1,0,8,0,,0,,0,,0,0,937.2,0,1
17254812426,772,3,4,8,8,9.928,8,0,0.11 | 0.16 | 0.22,0,1.78 | 2.72 | 3.58,0,1.12 | 1.47 | 2.24,0.937,0.000,0,1,0,0,0,0,-1,0,8,0,,0,,0,,0,0,937.2,0,1
17254812427,772,3,4,8,8,9.928,8,0,0.11 | 0.16 | 0.22,0,1.78 | 2.72 | 3.58,0,1.12 | 1.47 | 2.24,0.937,0.000,0,1,0,0,0,0,-1,0,8,0,,0,,0,,0,0,937.2,0,1
17254812428,772,3,4,8,8,9.928,8,0,0.11 | 0.16 | 0.22,0,1.78 | 2.72 | 3.58,0,1.12 | 1.47 | 2.24,0.937,0.000,0,1,0,0,0,0,-1,0,8,0,,0,,0,,0,0,937.2,0,1
17254812429,772,3,4,8,8,9.928,8,0,0.11 | 0.16 | 0.22,0,1.78 | 2.72 | 3.58,0,1.12 | 1.47 | 2.24,0.937,0.000,0,1,0,0,0,0,-1,0,8,0,,0,,0,,0,0,937.2,0,1
17254812430,772,3,4,8,8,9.928,8,0,0.11 | 0.16 | 0.22,0,1.78 | 2.72 | 3.58,0,1.12 | 1.47 | 2.24,0.937,0.000,0,1,0,0,0,0,-1,0,8,0,,0,,0,,0,0,937.2,0,1
17254812431,772,3,4,8,8,9.928,8,0,0.11 | 0.16 | 0.22,0,1.78 | 2.72 | 3.58,0,1.12 | 1.47 | 2.24,0.937,0.000,0,1,0,0,0,0,-1,0,8,0,,0,,0,,0,0,937.2,0,1
17254812432,772,3,4,8,8,9.928,8,0,0.11 | 0.16 | 0.22,0,1.78 | 2.72 | 3.58,0,1.12 | 1.47 | 2.24,0.937,0.000,0,1,0,0,0,0,-1,0,8,0,,0,,0,,0,0,937.2,0,1
17254812433,772,3,4,8,8,8.866,8,0,0.11 | 0.16 | 0.22,0,1.78 | 2.72 | 3.58,0,1.12 | 1.47 | 2.24,0.937,0.000,0,1,0,0,0,0,-1,0,8,0,,0,,0,,0,0,937.2,0,1
17254812434,772,3,4,8,8,8.866,8,0,0.11 | 0.16 | 0.22,0,1.78 | 2.72 | 3.58,0,1.12 | 1.47 | 2.24,0.937,0.000,0,1,0,0,0,0,-1,0,8,0,,0,,0,,0,0,937.2,0,1
17254812435,772,3,4,8,8,8.866,8,0,0.11 | 0.16 | 0.22,0,1.78 | 2.72 | 3.58,0,1.12 | 1.47 | 2.24,0.937,0.000,0,1,0,0,0,0,-1,0,8,0,,0,,0,,0,0,937.2,0,1
17254812436,772,3,4,8,8,8.866,8,0,0.11 | 0.16 | 0.22,0,1.78 | 2.72 | 3.58,0,1.12 | 1.47 | 2.24,0.937,0.000,0,1,0,0,0,0,-1,0,8,0,,0,,0,,0,0,937.2,0,1
17254812437,772,3,4,8,8,8.866,8,0,0.11 | 0.16 | 0.22,0,1.78 | 2.72 | 3.58,0,1.12 | 1.47 | 2.24,0.937,0.000,0,1,0,0,0,0,-1,0,8,0,,0,,0,,0,0,937.2,0,1
17254812438,772,3,4,8,8,8.866,8,0,0.11 | 0.16 | 0.22,0,1.78 | 2.72 | 3.58,0,1.12 | 1.47 | 2.24,0.937,0.000,0,1,0,0,0,0,-1,0,8,0,,0,,0,,0,0,937.2,0,1
17254812439,772,3,4,8,8,8.866,8,0,0.11 | 0.16 | 0.22,0,1.78 | 2.72 | 3.58,0,1.12 | 1.47 | 2.24,0.937,0.000,0,1,0,0,0,0,-1,0,8,0,,0,,0,,0,0,937.2,0,1
17254812440,772,3,4,8,8,8.866,8,0,0.11 | 0.16 | 0.22,0,1.78 | 2.72 | 3.58,0,1.12 | 1.47 | 2.24,0.937,0.000,0,1,0,0,0,0,-1,0,8,0,,0,,0,,0,0,811.5,0,1
17254812441,772,4,4,8,8,8.866,8,0,0.11 | 0.16 | 0.22,0,1.78 | 2.72 | 3.58,0,1.12 | 1.47 | 2.24,0.937,0.000,0,1,0,0,0,0,-1,0,8,0,,0,,0,,0,0,811.5,0,1
17254812442,772,4,4,8,8,8.866,8,0,0.11 | 0.16 | 0.22,0,1.78 | 2.72 | 3.58,0,1.12 | 1.47 | 2.24,0.937,0.000,0,1,0,0,0,0,-1,0,8,0,,0,,0,,0,0,811.5,0,1
17254812443,772,4,4,8,8,8.069,8,0,0.11 | 0.16 | 0.22,0,2.28 | 3.04 | 3.58,0,1.12 | 1.32 | 1.75,0.811,0.000,0,1,0,0,0,0,-1,0,8,0,,0,,0,,0,0,811.5,0,1
17254812444,772,4,4,8,8,8.069,8,0,0.11 | 0.16 | 0.22,0,2.28 | 3.04 | 3.58,0,1.12 | 1.32 | 1.75,0.811,0.000,0,1,0,0,0,0,-1,0,8,0,,0,,0,,0,0,811.5,0,1
17254812445,772,4,4,8,8,8.069,8,0,0.11 | 0.16 | 0.22,0,2.28 | 3.04 | 3.58,0,1.12 | 1.32 | 1.75,0.811,0.000,0,1,0,0,0,0,-1,0,8,0,,0,,0,,0,0,811.5,0,1
17254812446,772,4,4,8,8,8.069,8,0,0.11 | 0.16 | 0.22,0,2.28 | 3.04 | 3.58,0,1.12 | 1.32 | 1.75,0.811,0.000,0,1,0,0,0,0,-1,0,8,0,,0,,0,,0,0,811.5,0,1
17254812447,772,4,4,8,8,8.069,8,0,0.11 | 0.16 | 0.22,0,2.28 | 3.04 | 3.58,0,1.12 | 1.32 | 1.75,0.811,0.000,0,1,0,0,0,0,-1,0,8,0,,0,,0,,0,0,811.5,0,1
17254812448,772,4,4,8,8,8.069,8,0,0.11 | 0.16 | 0.22,0,2.28 | 3.04 | 3.58,0,1.12 | 1.32 | 1.75,0.811,0.000,0,1,0,0,0,0,-1,0,8,0,,0,,0,,0,0,811.5,0,1
17254812449,772,4,4,8,8,8.069,8,0,0.11 | 0.16 | 0.22,0,2.28 | 3.04 | 3.58,0,1.12 | 1.32 | 1.75,0.811,0.000,0,1,0,0,0,0,-1,0,8,0,,0,,0,,0,0,811.5,0,1
17254812450,772,4,4,8,8,8.069,8,0,0.11 | 0.16 | 0.22,0,2.28 | 3.04 | 3.58,0,1.12 | 1.32 | 1.75,0.811,0.000,0,1,0,0,0,0,-1,0,8,0,,0,,0,,0,0,811.5,0,1
17254812451,772,4,4,8,8,8.069,8,0,0.11 | 0.16 | 0.22,0,2.28 | 3.04 | 3.58,0,1.12 | 1.32 | 1.75,0.811,0.000,0,1,0,0,0,0,-1,0,8,0,,0,,0,,0,0,811.5,0,1
17254812452,772,4,4,8,8,8.069,8,0,0.11 | 0.16 | 0.22,0,2.28 | 3.04 | 3.58,0,1.12 | 1.32 | 1.75,0.811,0.000,0,1,0,0,0,0,-1,0,8,0,,0,,0,,0,0,811.5,0,1
17254812453,772,4,4,8,8,7.006,8,0,0.11 | 0.16 | 0.22,0,2.28 | 3.04 | 3.58,0,1.12 | 1.32 | 1.75,0.811,0.000,0,1,0,0,0,0,-1,0,8,0,,0,,0,,0,0,811.5,0,1
17254812454,772,4,4,8,8,7.006,8,0,0.11 | 0.16 | 0.22,0,2.28 | 3.04 | 3.58,0,1.12 | 1.32 | 1.75,0.811,0.000,0,1,0,0,0,0,-1,0,8,0,,0,,0,,0,0,811.5,0,1
17254812455,772,4,4,8,8,7.006,8,0,0.11 | 0.16 | 0.22,0,2.28 | 3.04 | 3.58,0,1.12 | 1.32 | 1.75,0.811,0.000,0,1,0,0,0,0,-1,0,8,0,,0,,0,,0,0,811.5,0,1
17254812456,772,4,4,8,8,7.006,8,0,0.11 | 0.16 | 0.22,0,2.28 | 3.04 | 3.58,0,1.12 | 1.32 | 1.75,0.811,0.000,0,1,0,0,0,0,-1,0,8,0,,0,,0,,0,0,811.5,0,1
17254812457,772,4,4,8,8,7.006,8,0,0.11 | 0.16 | 0.22,0,2.28 | 3.04 | 3.58,0,1.12 | 1.32 | 1.75,0.811,0.000,0,1,0,0,0,0,-1,0,8,0,,0,,0,,0,0,811.5,0,1
17254812458,772,4,4,8,8,7.006,8,0,0.11 | 0.16 | 0.22,0,2.28 | 3.04 | 3.58,0,1.12 | 1.32 | 1.75,0.811,0.000,0,1,0,0,0,0,-1,0,8,0,,0,,0,,0,0,811.5,0,1
17254812459,772,4,4,8,8,7.006,8,0,0.11 | 0.16 | 0.22,0,2.28 | 3.04 | 3.58,0,1.12 | 1.32 | 1.75,0.811,0.000,0,1,0,0,0,0,-1,0,8,0,,0,,0,,0,0,811.5,0,1
17254812460,772,4,4,8,8,7.006,8,0,0.11 | 0.16 | 0.22,0,2.28 | 3.04 | 3.58,0,1.12 | 1.32 | 1.75,0.811,0.000,0,1,0,0,0,0,-1,0,8,0,,0,,0,,0,0,811.5,0,1
17254812461,772,4,4,8,8,7.006,8,0,0.11 | 0.16 | 0.22,0,2.28 | 3.04 | 3.58,0,1.12 | 1.32 | 1.75,0.811,0.000,0,1,0,0,0,0,-1,0,8,0,,0,,0,,0,0,811.5,0,1
17254812462,772,4,4,8,8,7.006,8,0,0.11 | 0.16 | 0.22,0,2.28 | 3.04 | 3.58,0,1.12 | 1.32 | 1.75,0.811,0.000,0,1,0,0,0,0,-1,0,8,0,,0,,0,,0,0,811.5,0,1
17254812463,772,4,4,8,8,5.944,8,0,0.11 | 0.16 | 0.22,0,2.28 | 3.04 | 3.58,0,1.12 | 1.32 | 1.75,0.811,0.000,0,1,0,0,0,0,-1,0,8,0,,0,,0,,0,0,811.5,0,1
17254812464,772,4,4,8,8,5.944,8,0,0.11 | 0.16 | 0.22,0,2.28 | 3.04 | 3.58,0,1.12 | 1.32 | 1.75,0.811,0.000,0,1,0,0,0,0,-1,0,8,0,,0,,0,,0,0,811.5,0,1
17254812465,772,4,4,8,8,5.944,8,0,0.11 | 0.16 | 0.22,0,2.28 | 3.04 | 3.58,0,1.12 | 1.32 | 1.75,0.811,0.000,0,1,0,0,0,0,-1,0,8,0,,0,,0,,0,0,811.5,0,1
17254812466,772,4,4,8,8,5.944,8,0,0.11 | 0.16 | 0.22,0,2.28 | 3.04 | 3.58,0,1.12 | 1.32 | 1.75,0.811,0.000,0,1,0,0,0,0,-1,0,8,0,,0,,0,,0,0,811.5,0,1
17254812467,772,4,4,8,8,5.944,8,0,0.11 | 0.16 | 0.22,0,2.28 | 3.04 | 3.58,0,1.12 | 1.32 | 1.75,0.811,0.000,0,1,0,0,0,0,-1,0,8,0,,0,,0,,0,0,811.5,0,1
17254812468,772,4,4,8,8,5.944,8,0,0.11 | 0.16 | 0.22,0,2.28 | 3.04 | 3.58,0,1.12 | 1.32 | 1.75,0.811,0.000,0,1,0,0,0,0,-1,0,8,0,,0,,0,,0,0,811.5,0,1
17254812469,772,4,4,8,8,5.944,8,0,0.11 | 0.16 | 0.22,0,2.28 | 3.04 | 3.58,0,1.12 | 1.32 | 1.75,0.811,0.000,0,1,0,0,0,0,-1,0,8,0,,0,,0,,0,0,811.5,0,1
17254812470,772,4,4,8,8,5.944,8,0,0.11 | 0.16 | 0.22,0,2.28 | 3.04 | 3.58,0,1.12 | 1.32 | 1.75,0.811,0.000,0,1,0,0,0,0,-1,0,8,0,,0,,0,,0,0,811.5,0,1
17254812471,772,4,4,8,8,5.944,8,0,0.11 | 0.16 | 0.22,0,2.28 | 3.04 | 3.58,0,1.12 | 1.32 | 1.75,0.811,0.000,0,1,0,0,0,0,-1,0,8,0,,0,,0,,0,0,811.5,0,1
17254812472,772,4,4,8,8,5.944,8,0,0.11 | 0.16 | 0.22,0,2.28 | 3.04 | 3.58,0,1.12 | 1.32 | 1.75,0.811,0.000,0,1,0,0,0,0,-1,0,8,0,,0,,0,,0,0,811.5,0,1
17254812473,772,4,4,8,8,4.85,8,0,0.11 | 0.16 | 0.22,0,2.28 | 3.04 | 3.58,0,1.12 | 1.32 | 1.75,0.811,0.000,0,1,0,0,0,0,-1,0,8,0,,0,,0,,0,0,811.5,0,1
17254812474,772,4,4,8,8,4.85,8,0,0.11 | 0.16 | 0.22,0,2.28 | 3.04 | 3.58,0,1.12 | 1.32 | 1.75,0.811,0.000,0,1,0,0,0,0,-1,0,8,0,,0,,0,,0,0,811.5,0,1
17254812475,772,3,4,8,8,4.85,8,0,0.11 | 0.16 | 0.22,0,2.28 | 3.04 | 3.58,0,1.12 | 1.32 | 1.75,0.811,0.000,0,1,0,0,0,0,-1,0,8,0,,0,,0,,0,0,811.5,0,1
17254812476,772,3,4,8,8,4.85,8,0,0.11 | 0.16 | 0.22,0,2.28 | 3.04 | 3.58,0,1.12 | 1.32 | 1.75,0.811,0.000,0,1,0,0,0,0,-1,0,8,0,,0,,0,,0,0,811.5,0,1
17254812477,772,3,4,8,8,4.85,8,0,0.11 | 0.16 | 0.22,0,2.28 | 3.04 | 3.58,0,1.12 | 1.32 | 1.75,0.811,0.000,0,1,0,0,0,0,-1,0,8,0,,0,,0,,0,0,811.5,0,1
17254812478,772,3,4,8,8,4.85,8,0,0.11 | 0.16 | 0.22,0,2.28 | 3.04 | 3.58,0,1.12 | 1.32 | 1.75,0.811,0.000,0,1,0,0,0,0,-1,0,8,0,,0,,0,,0,0,811.5,0,1
17254812479,772,3,4,8,8,4.85,8,0,0.11 | 0.16 | 0.22,0,2.28 | 3.04 | 3.58,0,1.12 | 1.32 | 1.75,0.811,0.000,0,1,0,0,0,0,-1,0,8,0,,0,,0,,0,0,811.5,0,1
17254812480,772,3,4,8,8,4.85,8,0,0.11 | 0.16 | 0.22,0,2.28 | 3.04 | 3.58,0,1.12 | 1.32 | 1.75,0.811,0.000,0,1,0,0,0,0,-1,0,8,0,,0,,0,,0,0,811.5,0,1
17254812481,772,3,4,8,8,4.85,8,0,0.11 | 0.16 | 0.22,0,2.28 | 3.04 | 3.58,0,1.12 | 1.32 | 1.75,0.811,0.000,0,1,0,0,0,0,-1,0,8,0,,0,,0,,0,0,811.5,0,1
17254812482,772,3,4,8,8,4.85,8,0,0.11 | 0.16 | 0.22,0,2.28 | 3.04 | 3.58,0,1.12 | 1.32 | 1.75,0.811,0.000,0,1,0,0,0,0,-1,0,8,0,,0,,0,,0,0,811.5,0,1
17254812483,772,3,4,8,8,4.053,8,0,0.11 | 0.16 | 0.22,0,2.28 | 3.04 | 3.58,0,1.12 | 1.32 | 1.75,0.811,0.000,0,1,0,0,0,0,-1,0,8,0,,0,,0,,0,0,811.5,0,1
17254812484,772,3,4,8,8,4.053,8,0,0.11 | 0.16 | 0.22,0,2.28 | 3.04 | 3.58,0,1.12 | 1.32 | 1.75,0.811,0.000,0,1,0,0,0,0,-1,0,8,0,,0,,0,,0,0,811.5,0,1
17254812485,772,3,4,8,8,4.053,8,0,0.11 | 0.16 | 0.22,0,2.28 | 3.04 | 3.58,0,1.12 | 1.32 | 1.75,0.811,0.000,0,1,0,0,0,0,-1,0,8,0,,0,,0,,0,0,811.5,0,1
17254812486,194,4,1,8,8,4.053,8,0,0.11 | 0.16 | 0.22,0,2.28 | 3.04 | 3.58,0,1.12 | 1.32 | 1.75,0.811,0.000,0,1,0,0,0,0,-1,0,8,0,,0,,0,,0,0,809.75,0,1
17254812487,194,4,1,8,8,4.053,8,0,0.11 | 0.16 | 0.22,0,2.28 | 3.04 | 3.58,0,1.12 | 1.32 | 1.75,0.811,0.000,0,1,0,0,0,0,-1,0,8,0,,0,,0,,0,0,809.75,0,1
17254812488,194,4,1,8,8,4.053,8,0,0.11 | 0.16 | 0.22,0,2.28 | 3.04 | 3.58,0,1.12 | 1.32 | 1.75,0.811,0.000,0,1,0,0,0,0,-1,0,8,0,,0,,0,,0,0,809.75,0,1
17254812489,194,4,1,8,8,4.053,8,0,0.11 | 0.16 | 0.22,0,2.28 | 3.04 | 3.58,0,1.12 | 1.32 | 1.75,0.811,0.000,0,1,0,0,0,0,-1,0,8,0,,0,,0,,0,0,809.75,0,1
17254812490,194,4,1,8,8,4.053,8,0,0.11 | 0.16 | 0.22,0,2.28 | 3.04 | 3.58,0,1.12 | 1.32 | 1.75,0.811,0.000,0,1,0,0,0,0,-1,0,8,0,,0,,0,,0,0,809.75,0,1
17254812491,194,4,1,8,8,4.053,8,0,0.11 | 0.16 | 0.22,0,2.28 | 3.04 | 3.58,0,1.12 | 1.32 | 1.75,0.811,0.000,0,1,0,0,0,0,-1,0,8,0,,0,,0,,0,0,809.75,0,1
17254812492,194,4,1,8,8,4.053,8,0,0.11 | 0.16 | 0.22,0,2.28 | 3.04 | 3.58,0,1.12 | 1.32 | 1.75,0.811,0.000,0,1,0,0,0,0,-1,0,8,0,,0,,0,,0,0,809.75,0,1
17254812493,194,4,1,8,8,2.991,8,0,0.11 | 0.16 | 0.22,0,2.28 | 3.25 | 4.42,0,0.91 | 1.23 | 1.75,0.810,0.000,0,1,0,0,0,0,-1,0,8,0,,0,,0,,0,0,809.75,0,1
17254812494,194,4,1,8,8,2.991,8,0,0.11 | 0.16 | 0.22,0,2.28 | 3.25 | 4.42,0,0.91 | 1.23 | 1.75,0.810,0.000,0,1,0,0,0,0,-1,0,8,0,,0,,0,,0,0,809.75,0,1
17254812495,194,4,1,8,8,2.991,8,0,0.11 | 0.16 | 0.22,0,2.28 | 3.25 | 4.42,0,0.91 | 1.23 | 1.75,0.810,0.000,0,1,0,0,0,0,-1,0,8,0,,0,,0,,0,0,809.75,0,1
17254812496,387,4,2,8,8,2.991,8,0,0.11 | 0.16 | 0.22,0,2.28 | 3.25 | 4.42,0,0.91 | 1.23 | 1.75,0.810,0.000,0,1,0,0,0,0,-1,0,8,0,,0,,0,,0,0,812,0,1
17254812497,387,4,2,8,8,2.991,8,0,0.11 | 0.16 | 0.22,0,2.28 | 3.25 | 4.42,0,0.91 | 1.23 | 1.75,0.810,0.000,0,1,0,0,0,0,-1,0,8,0,,0,,0,,0,0,812,0,1
17254812498,387,4,2,8,8,2.991,8,0,0.11 | 0.16 | 0.22,0,2.28 | 3.25 | 4.42,0,0.91 | 1.23 | 1.75,0.810,0.000,0,1,0,0,0,0,-1,0,8,0,,0,,0,,0,0,812,0,1
17254812499,387,4,2,8,8,2.991,8,0,0.11 | 0.16 | 0.22,0,2.28 | 3.25 | 4.42,0,0.91 | 1.23 | 1.75,0.810,0.000,0,1,0,0,0,0,-1,0,8,0,,0,,0,,0,0,812,0,1
17254812500,387,4,2,8,8,2.991,8,0,0.11 | 0.16 | 0.22,0,2.28 | 3.25 | 4.42,0,0.91 | 1.23 | 1.75,0.810,0.000,0,1,0,0,0,0,-1,0,8,0,,0,,0,,0,0,812,0,1
17254812501,387,4,2,8,8,2.991,8,0,0.11 | 0.16 | 0.22,0,2.28 | 3.25 | 4.42,0,0.91 | 1.23 | 1.75,0.810,0.000,0,1,0,0,0,0,-1,0,8,0,,0,,0,,0,0,812,0,1
17254812502,387,4,2,8,8,2.991,8,0,0.11 | 0.16 | 0.22,0,2.28 | 3.25 | 4.42,0,0.91 | 1.23 | 1.75,0.810,0.000,0,1,0,0,0,0,-1,0,8,0,,0,,0,,0,0,812,0,1
17254812503,387,4,2,8,8,5.128,8,0,0.11 | 0.14 | 0.22,0,0.83 | 2.88 | 4.42,0,0.91 | 1.39 | 4.80,0.812,0.000,0,1,0,0,0,0,-1,0,8,0,,0,,0,,0,0,812,0,1
17254812504,387,4,2,8,8,5.128,8,0,0.11 | 0.14 | 0.22,0,0.83 | 2.88 | 4.42,0,0.91 | 1.39 | 4.80,0.812,0.000,0,1,0,0,0,0,-1,0,8,0,,0,,0,,0,0,812,0,1
17254812505,387,4,2,8,8,5.128,8,0,0.11 | 0.14 | 0.22,0,0.83 | 2.88 | 4.42,0,0.91 | 1.39 | 4.80,0.812,0.000,0,1,0,0,0,0,-1,0,8,0,,0,,0,,0,0,812,0,1
17254812506,387,4,2,8,8,5.128,8,0,0.11 | 0.14 | 0.22,0,0.83 | 2.88 | 4.42,0,0.91 | 1.39 | 4.80,0.812,0.000,0,1,0,0,0,0,-1,0,8,0,,0,,0,,0,0,812,0,1
17254812507,387,4,2,8,8,5.128,8,0,0.11 | 0.14 | 0.22,0,0.83 | 2.88 | 4.42,0,0.91 | 1.39 | 4.80,0.812,0.000,0,1,0,0,0,0,-1,0,8,0,,0,,0,,0,0,812,0,1
17254812508,387,4,2,8,8,5.128,8,0,0.11 | 0.14 | 0.22,0,0.83 | 2.88 | 4.42,0,0.91 | 1.39 | 4.80,0.812,0.000,0,1,0,0,0,0,-1,0,8,0,,0,,0,,0,0,812,0,1
17254812509,387,4,2,8,8,5.128,8,0,0.11 | 0.14 | 0.22,0,0.83 | 2.88 | 4.42,0,0.91 | 1.39 | 4.80,0.812,0.000,0,1,0,0,0,0,-1,0,8,0,,0,,0,,0,0,812,0,1
17254812510,387,4,2,8,8,5.128,8,0,0.11 | 0.14 | 0.22,0,0.83 | 2.88 | 4.42,0,0.91 | 1.39 | 4.80,0.812,0.000,0,1,0,0,0,0,-1,0,8,0,,0,,0,,0,0,812,0,1
17254812511,387,4,2,8,8,5.128,8,0,0.11 | 0.14 | 0.22,0,0.83 | 2.88 | 4.42,0,0.91 | 1.39 | 4.80,0.812,0.000,0,1,0,0,0,0,-1,0,8,0,,0,,0,,0,0,812,0,1
17254812512,387,4,2,8,8,5.128,8,0,0.11 | 0.14 | 0.22,0,0.83 | 2.88 | 4.42,0,0.91 | 1.39 | 4.80,0.812,0.000,0,1,0,0,0,0,-1,0,8,0,,0,,0,,0,0,812,0,1
17254812513,387,4,2,8,8,4.012,9,0,0.11 | 0.14 | 0.22,0,0.83 | 2.88 | 4.42,0,0.91 | 1.39 | 4.80,0.812,0.000,0,1,0,0,0,0,-1,0,9,0,,0,,0,,0,0,812,0,1
17254812514,387,4,2,8,8,4.012,9,0,0.11 | 0.14 | 0.22,0,0.83 | 2.88 | 4.42,0,0.91 | 1.39 | 4.80,0.812,0.000,0,1,0,0,0,0,-1,0,9,0,,0,,0,,0,0,812,0,1
17254812515,387,1,2,8,8,4.012,9,0,0.11 | 0.14 | 0.22,0,0.83 | 2.88 | 4.42,0,0.91 | 1.39 | 4.80,0.812,0.000,0,1,0,0,0,0,-1,0,9,0,,0,,0,,0,0,812,0,1
17254812516,387,1,2,8,8,4.012,9,0,0.11 | 0.14 | 0.22,0,0.83 | 2.88 | 4.42,0,0.91 | 1.39 | 4.80,0.812,0.000,0,1,0,0,0,0,-1,0,9,0,,0,,0,,0,0,812,0,1
17254812517,387,1,2,8,8,4.012,9,0,0.11 | 0.14 | 0.22,0,0.83 | 2.88 | 4.42,0,0.91 | 1.39 | 4.80,0.812,0.000,0,1,0,0,0,0,-1,0,9,0,,0,,0,,0,0,812,0,1
17254812518,580,1,3,8,8,4.012,9,0,0.11 | 0.14 | 0.22,0,0.83 | 2.88 | 4.42,0,0.91 | 1.39 | 4.80,0.812,0.000,0,1,0,0,0,0,-1,0,9,0,,0,,0,,0,0,870.8,0,1
17254812519,580,1,3,8,8,4.012,9,0,0.11 | 0.14 | 0.22,0,0.83 | 2.88 | 4.42,0,0.91 | 1.39 | 4.80,0.812,0.000,0,1,0,0,0,0,-1,0,9,0,,0,,0,,0,0,870.8,0,1
17254812520,580,1,3,8,8,4.012,9,0,0.11 | 0.14 | 0.22,0,0.83 | 2.88 | 4.42,0,0.91 | 1.39 | 4.80,0.812,0.000,0,1,0,0,0,0,-1,0,9,0,,0,,0,,0,0,870.8,0,1
17254812521,580,1,3,8,8,4.012,9,0,0.11 | 0.14 | 0.22,0,0.83 | 2.88 | 4.42,0,0.91 | 1.39 | 4.80,0.812,0.000,0,1,0,0,0,0,-1,0,9,0,,0,,0,,0,0,870.8,0,1
17254812522,580,1,3,8,8,4.012,9,0,0.11 | 0.14 | 0.22,0,0.83 | 2.88 | 4.42,0,0.91 | 1.39 | 4.80,0.812,0.000,0,1,0,0,0,0,-1,0,9,0,,0,,0,,0,0,870.8,0,1
17254812523,580,1,3,8,8,8.069,9,0,0.11 | 0.11 | 0.11,0,0.83 | 2.55 | 4.42,0,0.91 | 1.57 | 4.80,0.871,0.000,0,1,0,0,0,0,-1,0,9,0,,0,,0,,0,0,870.8,0,1
17254812524,580,1,3,8,8,8.069,9,0,0.11 | 0.11 | 0.11,0,0.83 | 2.55 | 4.42,0,0.91 | 1.57 | 4.80,0.871,0.000,0,1,0,0,0,0,-1,0,9,0,,0,,0,,0,0,870.8,0,1
17254812525,580,1,3,8,8,8.069,9,0,0.11 | 0.11 | 0.11,0,0.83 | 2.55 | 4.42,0,0.91 | 1.57 | 4.80,0.871,0.000,0,1,0,0,0,0,-1,0,9,0,,0,,0,,0,0,870.8,0,1
17254812526,580,1,3,8,8,8.069,9,0,0.11 | 0.11 | 0.11,0,0.83 | 2.55 | 4.42,0,0.91 | 1.57 | 4.80,0.871,0.000,0,1,0,0,0,0,-1,0,9,0,,0,,0,,0,0,870.8,0,1
17254812527,580,1,3,8,8,8.069,9,0,0.11 | 0.11 | 0.11,0,0.83 | 2.55 | 4.42,0,0.91 | 1.57 | 4.80,0.871,0.000,0,1,0,0,0,0,-1,0,9,0,,0,,0,,0,0,870.8,0,1
17254812528,580,1,3,8,8,8.069,9,0,0.11 | 0.11 | 0.11,0,0.83 | 2.55 | 4.42,0,0.91 | 1.57 | 4.80,0.871,0.000,0,1,0,0,0,0,-1,0,9,0,,0,,0,,0,0,870.8,0,1
17254812529,580,1,3,8,8,8.069,9,0,0.11 | 0.11 | 0.11,0,0.83 | 2.55 | 4.42,0,0.91 | 1.57 | 4.80,0.871,0.000,0,1,0,0,0,0,-1,0,9,0,,0,,0,,0,0,870.8,0,1
17254812530,580,1,3,8,8,8.069,9,0,0.11 | 0.11 | 0.11,0,0.83 | 2.55 | 4.42,0,0.91 | 1.57 | 4.80,0.871,0.000,0,1,0,0,0,0,-1,0,9,0,,0,,0,,0,0,870.8,0,1
17254812531,580,1,3,8,8,8.069,9,0,0.11 | 0.11 | 0.11,0,0.83 | 2.55 | 4.42,0,0.91 | 1.57 | 4.80,0.871,0.000,0,1,0,0,0,0,-1,0,9,0,,0,,0,,0,0,870.8,0,1
17254812532,580,1,3,8,8,8.069,9,0,0.11 | 0.11 | 0.11,0,0.83 | 2.55 | 4.42,0,0.91 | 1.57 | 4.80,0.871,0.000,0,1,0,0,0,0,-1,0,9,0,,0,,0,,0,0,870.8,0,1
17254812533,580,1,3,8,8,7.006,9,0,0.11 | 0.11 | 0.11,0,0.83 | 2.55 | 4.42,0,0.91 | 1.57 | 4.80,0.871,0.000,0,1,0,0,0,0,-1,0,9,0,,0,,0,,0,0,870.8,0,1
17254812534,580,1,3,8,8,7.006,9,0,0.11 | 0.11 | 0.11,0,0.83 | 2.55 | 4.42,0,0.91 | 1.57 | 4.80,0.871,0.000,0,1,0,0,0,0,-1,0,9,0,,0,,0,,0,0,870.8,0,1
17254812535,580,1,3,8,8,7.006,9,0,0.11 | 0.11 | 0.11,0,0.83 | 2.55 | 4.42,0,0.91 | 1.57 | 4.80,0.871,0.000,0,1,0,0,0,0,-1,0,9,0,,0,,0,,0,0,870.8,0,1
17254812536,580,1,3,8,8,7.006,9,0,0.11 | 0.11 | 0.11,0,0.83 | 2.55 | 4.42,0,0.91 | 1.57 | 4.80,0.871,0.000,0,1,0,0,0,0,-1,0,9,0,,0,,0,,0,0,870.8,0,1
17254812537,580,1,3,8,8,7.006,9,0,0.11 | 0.11 | 0.11,0,0.83 | 2.55 | 4.42,0,0.91 | 1.57 | 4.80,0.871,0.000,0,1,0,0,0,0,-1,0,9,0,,0,,0,,0,0,870.8,0,1
17254812538,580,1,3,8,8,7.006,9,0,0.11 | 0.11 | 0.11,0,0.83 | 2.55 | 4.42,0,0.91 | 1.57 | 4.80,0.871,0.000,0,1,0,0,0,0,-1,0,9,0,,0,,0,,0,0,870.8,0,1
17254812539,580,1,3,8,8,7.006,9,0,0.11 | 0.11 | 0.11,0,0.83 | 2.55 | 4.42,0,0.91 | 1.57 | 4.80,0.871,0.000,0,1,0,0,0,0,-1,0,9,0,,0,,0,,0,0,870.8,0,1
17254812540,580,1,3,8,8,7.006,9,0,0.11 | 0.11 | 0.11,0,0.83 | 2.55 | 4.42,0,0.91 | 1.57 | 4.80,0.871,0.000,0,1,0,0,0,0,-1,0,9,0,,0,,0,,0,0,870.8,0,1
17254812541,580,1,3,8,8,7.006,9,0,0.11 | 0.11 | 0.11,0,0.83 | 2.55 | 4.42,0,0.91 | 1.57 | 4.80,0.871,0.000,0,1,0,0,0,0,-1,0,9,0,,0,,0,,0,0,870.8,0,1
17254812542,580,1,3,8,8,7.006,9,0,0.11 | 0.11 | 0.11,0,0.83 | 2.55 | 4.42,0,0.91 | 1.57 | 4.80,0.871,0.000,0,1,0,0,0,0,-1,0,9,0,,0,,0,,0,0,870.8,0,1
17254812543,580,1,3,8,8,5.944,9,0,0.11 | 0.11 | 0.11,0,0.83 | 2.55 | 4.42,0,0.91 | 1.57 | 4.80,0.871,0.000,0,1,0,0,0,0,-1,0,9,0,,0,,0,,0,0,870.8,0,1
17254812544,580,1,3,8,8,5.944,9,0,0.11 | 0.11 | 0.11,0,0.83 | 2.55 | 4.42,0,0.91 | 1.57 | 4.80,0.871,0.000,0,1,0,0,0,0,-1,0,9,0,,0,,0,,0,0,870.8,0,1
17254812545,580,1,3,8,8,5.944,9,0,0.11 | 0.11 | 0.11,0,0.83 | 2.55 | 4.42,0,0.91 | 1.57 | 4.80,0.871,0.000,0,1,0,0,0,0,-1,0,9,0,,0,,0,,0,0,944.6,0,1
17254812546,580,1,3,8,8,5.944,9,0,0.11 | 0.11 | 0.11,0,0.83 | 2.55 | 4.42,0,0.91 | 1.57 | 4.80,0.871,0.000,0,1,0,0,0,0,-1,0,9,0,,0,,0,,0,0,944.6,0,1
17254812547,580,1,3,8,8,5.944,9,0,0.11 | 0.11 | 0.11,0,0.83 | 2.55 | 4.42,0,0.91 | 1.57 | 4.80,0.871,0.000,0,1,0,0,0,0,-1,0,9,0,,0,,0,,0,0,944.6,0,1
17254812548,580,1,3,8,8,5.944,9,0,0.11 | 0.11 | 0.11,0,0.83 | 2.55 | 4.42,0,0.91 | 1.57 | 4.80,0.871,0.000,0,1,0,0,0,0,-1,0,9,0,,0,,0,,0,0,944.6,0,1
17254812549,580,1,3,8,8,5.944,9,0,0.11 | 0.11 | 0.11,0,0.83 | 2.55 | 4.42,0,0.91 | 1.57 | 4.80,0.871,0.000,0,1,0,0,0,0,-1,0,9,0,,0,,0,,0,0,944.6,0,1
17254812550,580,1,3,8,8,5.944,9,0,0.11 | 0.11 | 0.11,0,0.83 | 2.55 | 4.42,0,0.91 | 1.57 | 4.80,0.871,0.000,0,1,0,0,0,0,-1,0,9,0,,0,,0,,0,0,944.6,0,1
17254812551,580,1,3,8,8,5.944,9,0,0.11 | 0.11 | 0.11,0,0.83 | 2.55 | 4.42,0,0.91 | 1.57 | 4.80,0.871,0.000,0,1,0,0,0,0,-1,0,9,0,,0,,0,,0,0,944.6,0,1
17254812552,580,1,3,8,8,5.944,9,0,0.11 | 0.11 | 0.11,0,0.83 | 2.55 | 4.42,0,0.91 | 1.57 | 4.80,0.871,0.000,0,1,0,0,0,0,-1,0,9,0,,0,,0,,0,0,944.6,0,1
17254812553,580,1,3,8,8,4.881,9,0,0.11 | 0.11 | 0.11,0,0.83 | 2.42 | 4.42,0,0.91 | 1.65 | 4.80,0.945,0.000,0,1,0,0,0,0,-1,0,9,0,,0,,0,,0,0,944.6,0,1
17254812554,580,1,3,8,8,4.881,9,0,0.11 | 0.11 | 0.11,0,0.83 | 2.42 | 4.42,0,0.91 | 1.65 | 4.80,0.945,0.000,0,1,0,0,0,0,-1,0,9,0,,0,,0,,0,0,944.6,0,1
17254812555,580,3,3,8,8,4.881,9,0,0.11 | 0.11 | 0.11,0,0.83 | 2.42 | 4.42,0,0.91 | 1.65 | 4.80,0.945,0.000,0,1,0,0,0,0,-1,0,9,0,,0,,0,,0,0,944.6,0,1
17254812556,580,3,3,8,8,4.881,9,0,0.11 | 0.11 | 0.11,0,0.83 | 2.42 | 4.42,0,0.91 | 1.65 | 4.80,0.945,0.000,0,1,0,0,0,0,-1,0,9,0,,0,,0,,0,0,944.6,0,1
17254812557,580,3,3,8,8,4.881,9,0,0.11 | 0.11 | 0.11,0,0.83 | 2.42 | 4.42,0,0.91 | 1.65 | 4.80,0.945,0.000,0,1,0,0,0,0,-1,0,9,0,,0,,0,,0,0,944.6,0,1
17254812558,580,3,3,8,8,4.881,9,0,0.11 | 0.11 | 0.11,0,0.83 | 2.42 | 4.42,0,0.91 | 1.65 | 4.80,0.945,0.000,0,1,0,0,0,0,-1,0,9,0,,0,,0,,0,0,944.6,0,1
17254812559,580,3,3,8,8,4.881,9,0,0.11 | 0.11 | 0.11,0,0.83 | 2.42 | 4.42,0,0.91 | 1.65 | 4.80,0.945,0.000,0,1,0,0,0,0,-1,0,9,0,,0,,0,,0,0,944.6,0,1
17254812560,580,3,3,8,8,4.881,9,0,0.11 | 0.11 | 0.11,0,0.83 | 2.42 | 4.42,0,0.91 | 1.65 | 4.80,0.945,0.000,0,1,0,0,0,0,-1,0,9,0,,0,,0,,0,0,944.6,0,1
17254812561,580,3,3,8,8,4.881,9,0,0.11 | 0.11 | 0.11,0,0.83 | 2.42 | 4.42,0,0.91 | 1.65 | 4.80,0.945,0.000,0,1,0,0,0,0,-1,0,9,0,,0,,0,,0,0,944.6,0,1
17254812562,580,3,3,8,8,4.881,9,0,0.11 | 0.11 | 0.11,0,0.83 | 2.42 | 4.42,0,0.91 | 1.65 | 4.80,0.945,0.000,0,1,0,0,0,0,-1,0,9,0,,0,,0,,0,0,944.6,0,1
17254812563,580,3,3,8,8,3.819,9,0,0.11 | 0.11 | 0.11,0,0.83 | 2.42 | 4.42,0,0.91 | 1.65 | 4.80,0.945,0.000,0,1,0,0,0,0,-1,0,9,0,,0,,0,,0,0,944.6,0,1
17254812564,580,3,3,8,8,3.819,9,0,0.11 | 0.11 | 0.11,0,0.83 | 2.42 | 4.42,0,0.91 | 1.65 | 4.80,0.945,0.000,0,1,0,0,0,0,-1,0,9,0,,0,,0,,0,0,944.6,0,1
17254812565,580,3,3,8,8,3.819,9,0,0.11 | 0.11 | 0.11,0,0.83 | 2.42 | 4.42,0,0.91 | 1.65 | 4.80,0.945,0.000,0,1,0,0,0,0,-1,0,9,0,,0,,0,,0,0,944.6,0,1
17254812566,580,3,3,8,8,3.819,9,0,0.11 | 0.11 | 0.11,0,0.83 | 2.42 | 4.42,0,0.91 | 1.65 | 4.80,0.945,0.000,0,1,0,0,0,0,-1,0,9,0,,0,,0,,0,0,944.6,0,1
17254812567,580,3,3,8,8,3.819,9,0,0.11 | 0.11 | 0.11,0,0.83 | 2.42 | 4.42,0,0.91 | 1.65 | 4.80,0.945,0.000,0,1,0,0,0,0,-1,0,9,0,,0,,0,,0,0,944.6,0,1
17254812568,580,3,3,8,8,3.819,9,0,0.11 | 0.11 | 0.11,0,0.83 | 2.42 | 4.42,0,0.91 | 1.65 | 4.80,0.945,0.000,0,1,0,0,0,0,-1,0,9,0,,0,,0,,0,0,932,0,1
17254812569,580,3,3,8,8,3.819,9,0,0.11 | 0.11 | 0.11,0,0.83 | 2.42 | 4.42,0,0.91 | 1.65 | 4.80,0.945,0.000,0,1,0,0,0,0,-1,0,9,0,,0,,0,,0,0,932,0,1
17254812570,580,3,3,8,8,3.819,9,0,0.11 | 0.11 | 0.11,0,0.83 | 2.42 | 4.42,0,0.91 | 1.65 | 4.80,0.945,0.000,0,1,0,0,0,0,-1,0,9,0,,0,,0,,0,0,932,0,1
17254812571,580,3,3,8,8,3.819,9,0,0.11 | 0.11 | 0.11,0,0.83 | 2.42 | 4.42,0,0.91 | 1.65 | 4.80,0.945,0.000,0,1,0,0,0,0,-1,0,9,0,,0,,0,,0,0,932,0,1
17254812572,580,3,3,8,8,3.819,9,0,0.11 | 0.11 | 0.11,0,0.83 | 2.42 | 4.42,0,0.91 | 1.65 | 4.80,0.945,0.000,0,1,0,0,0,0,-1,0,9,0,,0,,0,,0,0,932,0,1
17254812573,580,3,3,8,8,6.222,9,0,0.11 | 0.11 | 0.11,0,0.83 | 1.85 | 2.53,0,1.58 | 2.16 | 4.80,0.932,0.000,0,1,0,0,0,0,-1,0,9,0,,0,,0,,0,0,932,0,1
17254812574,580,3,3,8,8,6.222,9,0,0.11 | 0.11 | 0.11,0,0.83 | 1.85 | 2.53,0,1.58 | 2.16 | 4.80,0.932,0.000,0,1,0,0,0,0,-1,0,9,0,,0,,0,,0,0,932,0,1
17254812575,580,3,3,8,8,6.222,9,0,0.11 | 0.11 | 0.11,0,0.83 | 1.85 | 2.53,0,1.58 | 2.16 | 4.80,0.932,0.000,0,1,0,0,0,0,-1,0,9,0,,0,,0,,0,0,932,0,1
17254812576,580,3,3,8,8,6.222,9,0,0.11 | 0.11 | 0.11,0,0.83 | 1.85 | 2.53,0,1.58 | 2.16 | 4.80,0.932,0.000,0,1,0,0,0,0,-1,0,9,0,,0,,0,,0,0,932,0,1
17254812577,580,3,3,8,8,6.222,9,0,0.11 | 0.11 | 0.11,0,0.83 | 1.85 | 2.53,0,1.58 | 2.16 | 4.80,0.932,0.000,0,1,0,0,0,0,-1,0,9,0,,0,,0,,0,0,932,0,1
17254812578,580,3,3,8,8,6.222,9,0,0.11 | 0.11 | 0.11,0,0.83 | 1.85 | 2.53,0,1.58 | 2.16 | 4.80,0.932,0.000,0,1,0,0,0,0,-1,0,9,0,,0,,0,,0,0,932,0,1
17254812579,580,3,3,8,8,6.222,9,0,0.11 | 0.11 | 0.11,0,0.83 | 1.85 | 2.53,0,1.58 | 2.16 | 4.80,0.932,0.000,0,1,0,0,0,0,-1,0,9,0,,0,,0,,0,0,932,0,1
17254812580,580,3,3,8,8,6.222,9,0,0.11 | 0.11 | 0.11,0,0.83 | 1.85 | 2.53,0,1.58 | 2.16 | 4.80,0.932,0.000,0,1,0,0,0,0,-1,0,9,0,,0,,0,,0,0,932,0,1
17254812581,580,3,3,8,8,6.222,9,0,0.11 | 0.11 | 0.11,0,0.83 | 1.85 | 2.53,0,1.58 | 2.16 | 4.80,0.932,0.000,0,1,0,0,0,0,-1,0,9,0,,0,,0,,0,0,932,0,1
17254812582,580,3,3,8,8,6.222,9,0,0.11 | 0.11 | 0.11,0,0.83 | 1.85 | 2.53,0,1.58 | 2.16 | 4.80,0.932,0.000,0,1,0,0,0,0,-1,0,9,0,,0,,0,,0,0,932,0,1
17254812583,580,3,3,8,8,5.144,9,0,0.11 | 0.11 | 0.11,0,0.83 | 1.85 | 2.53,0,1.58 | 2.16 | 4.80,0.932,0.000,0,1,0,0,0,0,-1,0,9,0,,0,,0,,0,0,932,0,1
17254812584,580,3,3,8,8,5.144,9,0,0.11 | 0.11 | 0.11,0,0.83 | 1.85 | 2.53,0,1.58 | 2.16 | 4.80,0.932,0.000,0,1,0,0,0,0,-1,0,9,0,,0,,0,,0,0,932,0,1
17254812585,580,3,3,8,8,5.144,9,0,0.11 | 0.11 | 0.11,0,0.83 | 1.85 | 2.53,0,1.58 | 2.16 | 4.80,0.932,0.000,0,1,0,0,0,0,-1,0,9,0,,0,,0,,0,0,932,0,1
17254812586,580,3,3,8,8,5.144,9,0,0.11 | 0.11 | 0.11,0,0.83 | 1.85 | 2.53,0,1.58 | 2.16 | 4.80,0.932,0.000,0,1,0,0,0,0,-1,0,9,0,,0,,0,,0,0,932,0,1
17254812587,580,3,3,8,8,5.144,9,0,0.11 | 0.11 | 0.11,0,0.83 | 1.85 | 2.53,0,1.58 | 2.16 | 4.80,0.932,0.000,0,1,0,0,0,0,-1,0,9,0,,0,,0,,0,0,932,0,1
17254812588,580,3,3,8,8,5.144,9,0,0.11 | 0.11 | 0.11,0,0.83 | 1.85 | 2.53,0,1.58 | 2.16 | 4.80,0.932,0.000,0,1,0,0,0,0,-1,0,9,0,,0,,0,,0,0,932,0,1
17254812589,580,3,3,8,8,5.144,9,0,0.11 | 0.11 | 0.11,0,0.83 | 1.85 | 2.53,0,1.58 | 2.16 | 4.80,0.932,0.000,0,1,0,0,0,0,-1,0,9,0,,0,,0,,0,0,932,0,1
17254812590,580,3,3,8,8,5.144,9,0,0.11 | 0.11 | 0.11,0,0.83 | 1.85 | 2.53,0,1.58 | 2.16 | 4.80,0.932,0.000,0,1,0,0,0,0,-1,0,9,0,,0,,0,,0,0,932,0,1
17254812591,580,3,3,8,8,5.144,9,0,0.11 | 0.11 | 0.11,0,0.83 | 1.85 | 2.53,0,1.58 | 2.16 | 4.80,0.932,0.000,0,1,0,0,0,0,-1,0,9,0,,0,,0,,0,0,932,0,1
17254812592,580,3,3,8,8,5.144,9,0,0.11 | 0.11 | 0.11,0,0.83 | 1.85 | 2.53,0,1.58 | 2.16 | 4.80,0.932,0.000,0,1,0,0,0,0,-1,0,9,0,,0,,0,,0,0,932,0,1
17254812593,580,3,3,8,8,4.081,9,0,0.11 | 0.11 | 0.11,0,0.83 | 1.85 | 2.53,0,1.58 | 2.16 | 4.80,0.932,0.000,0,1,0,0,0,0,-1,0,9,0,,0,,0,,0,0,932,0,1
17254812594,580,3,3,8,8,4.081,9,0,0.11 | 0.11 | 0.11,0,0.83 | 1.85 | 2.53,0,1.58 | 2.16 | 4.80,0.932,0.000,0,1,0,0,0,0,-1,0,9,0,,0,,0,,0,0,932,0,1
17254812595,580,3,3,8,8,4.081,9,0,0.11 | 0.11 | 0.11,0,0.83 | 1.85 | 2.53,0,1.58 | 2.16 | 4.80,0.932,0.000,0,1,0,0,0,0,-1,0,9,0,,0,,0,,0,0,932,0,1
17254812596,580,3,3,8,8,4.081,9,0,0.11 | 0.11 | 0.11,0,0.83 | 1.85 | 2.53,0,1.58 | 2.16 | 4.80,0.932,0.000,0,1,0,0,0,0,-1,0,9,0,,0,,0,,0,0,932,0,1
17254812597,580,3,3,8,8,4.081,9,0,0.11 | 0.11 | 0.11,0,0.83 | 1.85 | 2.53,0,1.58 | 2.16 | 4.80,0.932,0.000,0,1,0,0,0,0,-1,0,9,0,,0,,0,,0,0,932,0,1
17254812598,580,3,3,8,8,4.081,9,0,0.11 | 0.11 | 0.11,0,0.83 | 1.85 | 2.53,0,1.58 | 2.16 | 4.80,0.932,0.000,0,1,0,0,0,0,-1,0,9,0,,0,,0,,0,0,932,0,1
17254812599,580,3,3,8,8,4.081,9,0,0.11 | 0.11 | 0.11,0,0.83 | 1.85 | 2.53,0,1.58 | 2.16 | 4.80,0.932,0.000,0,1,0,0,0,0,-1,0,9,0,,0,,0,,0,0,932,0,1
17254812600,580,3,3,8,8,4.081,9,0,0.11 | 0.11 | 0.11,0,0.83 | 1.85 | 2.53,0,1.58 | 2.16 | 4.80,0.932,0.000,0,1,0,0,0,0,-1,0,9,0,,0,,0,,0,0,944.6666666666666,0,1
17254812601,580,3,3,8,8,4.081,9,0,0.11 | 0.11 | 0.11,0,0.83 | 1.85 | 2.53,0,1.58 | 2.16 | 4.80,0.932,0.000,0,1,0,0,0,0,-1,0,9,0,,0,,0,,0,0,944.6666666666666,0,1
17254812602,580,3,3,8,8,4.081,9,0,0.11 | 0.11 | 0.11,0,0.83 | 1.85 | 2.53,0,1.58 | 2.16 | 4.80,0.932,0.000,0,1,0,0,0,0,-1,0,9,0,,0,,0,,0,0,944.6666666666666,0,1
17254812603,580,3,3,8,8,7.819,9,0,0.11 | 0.11 | 0.11,0,1.90 | 2.43 | 3.13,0,1.28 | 1.65 | 2.11,0.945,0.000,0,1,0,0,0,0,-1,0,9,0,,0,,0,,0,0,944.6666666666666,0,1
17254812604,580,3,3,8,8,7.819,9,0,0.11 | 0.11 | 0.11,0,1.90 | 2.43 | 3.13,0,1.28 | 1.65 | 2.11,0.945,0.000,0,1,0,0,0,0,-1,0,9,0,,0,,0,,0,0,944.6666666666666,0,1
17254812605,580,3,3,8,8,7.819,9,0,0.11 | 0.11 | 0.11,0,1.90 | 2.43 | 3.13,0,1.28 | 1.65 | 2.11,0.945,0.000,0,1,0,0,0,0,-1,0,9,0,,0,,0,,0,0,944.6666666666666,0,1
17254812606,580,3,3,8,8,7.819,9,0,0.11 | 0.11 | 0.11,0,1.90 | 2.43 | 3.13,0,1.28 | 1.65 | 2.11,0.945,0.000,0,1,0,0,0,0,-1,0,9,0,,0,,0,,0,0,944.6666666666666,0,1
17254812607,580,3,3,8,8,7.819,9,0,0.11 | 0.11 | 0.11,0,1.90 | 2.43 | 3.13,0,1.28 | 1.65 | 2.11,0.945,0.000,0,1,0,0,0,0,-1,0,9,0,,0,,0,,0,0,944.6666666666666,0,1
17254812608,580,3,3,8,8,7.819,9,0,0.11 | 0.11 | 0.11,0,1.90 | 2.43 | 3.13,0,1.28 | 1.65 | 2.11,0.945,0.000,0,1,0,0,0,0,-1,0,9,0,,0,,0,,0,0,944.6666666666666,0,1
17254812609,580,3,3,8,8,7.819,9,0,0.11 | 0.11 | 0.11,0,1.90 | 2.43 | 3.13,0,1.28 | 1.65 | 2.11,0.945,0.000,0,1,0,0,0,0,-1,0,9,0,,0,,0,,0,0,944.6666666666666,0,1
17254812610,580,3,3,8,8,7.819,9,0,0.11 | 0.11 | 0.11,0,1.90 | 2.43 | 3.13,0,1.28 | 1.65 | 2.11,0.945,0.000,0,1,0,0,0,0,-1,0,9,0,,0,,0,,0,0,944.6666666666666,0,1
17254812611,580,3,3,8,8,7.819,9,0,0.11 | 0.11 | 0.11,0,1.90 | 2.43 | 3.13,0,1.28 | 1.65 | 2.11,0.945,0.000,0,1,0,0,0,0,-1,0,9,0,,0,,0,,0,0,944.6666666666666,0,1
17254812612,580,3,3,8,8,7.819,9,0,0.11 | 0.11 | 0.11,0,1.90 | 2.43 | 3.13,0,1.28 | 1.65 | 2.11,0.945,0.000,0,1,0,0,0,0,-1,0,9,0,,0,,0,,0,0,944.6666666666666,0,1
17254812613,580,3,3,8,8,6.812,9,0,0.11 | 0.11 | 0.11,0,1.90 | 2.43 | 3.13,0,1.28 | 1.65 | 2.11,0.945,0.000,0,1,0,0,0,0,-1,0,9,0,,0,,0,,0,0,944.6666666666666,0,1
17254812614,580,3,3,8,8,6.812,9,0,0.11 | 0.11 | 0.11,0,1.90 | 2.43 | 3.13,0,1.28 | 1.65 | 2.11,0.945,0.000,0,1,0,0,0,0,-1,0,9,0,,0,,0,,0,0,944.6666666666666,0,1
17254812615,580,3,3,8,8,6.812,9,0,0.11 | 0.11 | 0.11,0,1.90 | 2.43 | 3.13,0,1.28 | 1.65 | 2.11,0.945,0.000,0,1,0,0,0,0,-1,0,9,0,,0,,0,,0,0,944.6666666666666,0,1
17254812616,580,3,3,8,8,6.812,9,0,0.11 | 0.11 | 0.11,0,1.90 | 2.43 | 3.13,0,1.28 | 1.65 | 2.11,0.945,0.000,0,1,0,0,0,0,-1,0,9,0,,0,,0,,0,0,944.6666666666666,0,1
17254812617,580,3,3,8,8,6.812,9,0,0.11 | 0.11 | 0.11,0,1.90 | 2.43 | 3.13,0,1.28 | 1.65 | 2.11,0.945,0.000,0,1,0,0,0,0,-1,0,9,0,,0,,0,,0,0,944.6666666666666,0,1
17254812618,580,3,3,8,8,6.812,9,0,0.11 | 0.11 | 0.11,0,1.90 | 2.43 | 3.13,0,1.28 | 1.65 | 2.11,0.945,0.000,0,1,0,0,0,0,-1,0,9,0,,0,,0,,0,0,944.6666666666666,0,1
17254812619,580,3,3,8,8,6.812,9,0,0.11 | 0.11 | 0.11,0,1.90 | 2.43 | 3.13,0,1.28 | 1.65 | 2.11,0.945,0.000,0,1,0,0,0,0,-1,0,9,0,,0,,0,,0,0,997.6,0,1
17254812620,580,3,3,8,8,6.812,9,0,0.11 | 0.11 | 0.11,0,1.90 | 2.43 | 3.13,0,1.28 | 1.65 | 2.11,0.945,0.000,0,1,0,0,0,0,-1,0,9,0,,0,,0,,0,0,997.6,0,1
17254812621,580,3,3,8,8,6.812,9,0,0.11 | 0.11 | 0.11,0,1.90 | 2.43 | 3.13,0,1.28 | 1.65 | 2.11,0.945,0.000,0,1,0,0,0,0,-1,0,9,0,,0,,0,,0,0,997.6,0,1
17254812622,580,3,3,8,8,6.812,9,0,0.11 | 0.11 | 0.11,0,1.90 | 2.43 | 3.13,0,1.28 | 1.65 | 2.11,0.945,0.000,0,1,0,0,0,0,-1,0,9,0,,0,,0,,0,0,997.6,0,1
17254812623,580,3,3,8,8,9.16,9,0,0.11 | 0.11 | 0.11,0,1.76 | 2.39 | 3.13,0,1.28 | 1.67 | 2.28,0.998,0.000,0,1,0,0,0,0,-1,0,9,0,,0,,0,,0,0,997.6,0,1
17254812624,580,3,3,8,8,9.16,9,0,0.11 | 0.11 | 0.11,0,1.76 | 2.39 | 3.13,0,1.28 | 1.67 | 2.28,0.998,0.000,0,1,0,0,0,0,-1,0,9,0,,0,,0,,0,0,997.6,0,1
17254812625,580,3,3,8,8,9.16,9,0,0.11 | 0.11 | 0.11,0,1.76 | 2.39 | 3.13,0,1.28 | 1.67 | 2.28,0.998,0.000,0,1,0,0,0,0,-1,0,9,0,,0,,0,,0,0,997.6,0,1
17254812626,580,3,3,8,8,9.16,9,0,0.11 | 0.11 | 0.11,0,1.76 | 2.39 | 3.13,0,1.28 | 1.67 | 2.28,0.998,0.000,0,1,0,0,0,0,-1,0,9,0,,0,,0,,0,0,997.6,0,1
17254812627,580,3,3,8,8,9.16,9,0,0.11 | 0.11 | 0.11,0,1.76 | 2.39 | 3.13,0,1.28 | 1.67 | 2.28,0.998,0.000,0,1,0,0,0,0,-1,0,9,0,,0,,0,,0,0,997.6,0,1
17254812628,580,3,3,8,8,9.16,9,0,0.11 | 0.11 | 0.11,0,1.76 | 2.39 | 3.13,0,1.28 | 1.67 | 2.28,0.998,0.000,0,1,0,0,0,0,-1,0,9,0,,0,,0,,0,0,997.6,0,1
17254812629,580,3,3,8,8,9.16,9,0,0.11 | 0.11 | 0.11,0,1.76 | 2.39 | 3.13,0,1.28 | 1.67 | 2.28,0.998,0.000,0,1,0,0,0,0,-1,0,9,0,,0,,0,,0,0,997.6,0,1
17254812630,580,3,3,8,8,9.16,9,0,0.11 | 0.11 | 0.11,0,1.76 | 2.39 | 3.13,0,1.28 | 1.67 | 2.28,0.998,0.000,0,1,0,0,0,0,-1,0,9,0,,0,,0,,0,0,997.6,0,1
17254812631,580,3,3,8,8,9.16,9,0,0.11 | 0.11 | 0.11,0,1.76 | 2.39 | 3.13,0,1.28 | 1.67 | 2.28,0.998,0.000,0,1,0,0,0,0,-1,0,9,0,,0,,0,,0,0,997.6,0,1
17254812632,580,3,3,8,8,9.16,9,0,0.11 | 0.11 | 0.11,0,1.76 | 2.39 | 3.13,0,1.28 | 1.67 | 2.28,0.998,0.000,0,1,0,0,0,0,-1,0,9,0,,0,,0,,0,0,997.6,0,1
17254812633,580,3,3,8,8,8.097,9,0,0.11 | 0.11 | 0.11,0,1.76 | 2.39 | 3.13,0,1.28 | 1.67 | 2.28,0.998,0.000,0,1,0,0,0,0,-1,0,9,0,,0,,0,,0,0,997.6,0,1
17254812634,580,3,3,8,8,8.097,9,0,0.11 | 0.11 | 0.11,0,1.76 | 2.39 | 3.13,0,1.28 | 1.67 | 2.28,0.998,0.000,0,1,0,0,0,0,-1,0,9,0,,0,,0,,0,0,997.6,0,1
17254812635,580,3,3,8,8,8.097,9,0,0.11 | 0.11 | 0.11,0,1.76 | 2.39 | 3.13,0,1.28 | 1.67 | 2.28,0.998,0.000,0,1,0,0,0,0,-1,0,9,0,,0,,0,,0,0,997.6,0,1
17254812636,580,3,3,8,8,8.097,9,0,0.11 | 0.11 | 0.11,0,1.76 | 2.39 | 3.13,0,1.28 | 1.67 | 2.28,0.998,0.000,0,1,0,0,0,0,-1,0,9,0,,0,,0,,0,0,997.6,0,1
17254812637,580,3,3,8,8,8.097,9,0,0.11 | 0.11 | 0.11,0,1.76 | 2.39 | 3.13,0,1.28 | 1.67 | 2.28,0.998,0.000,0,1,0,0,0,0,-1,0,9,0,,0,,0,,0,0,997.6,0,1
17254812638,580,3,3,8,8,8.097,9,0,0.11 | 0.11 | 0.11,0,1.76 | 2.39 | 3.13,0,1.28 | 1.67 | 2.28,0.998,0.000,0,1,0,0,0,0,-1,0,9,0,,0,,0,,0,0,997.6,0,1
17254812639,580,3,3,8,8,8.097,9,0,0.11 | 0.11 | 0.11,0,1.76 | 2.39 | 3.13,0,1.28 | 1.67 | 2.28,0.998,0.000,0,1,0,0,0,0,-1,0,9,0,,0,,0,,0,0,997.6,0,1
17254812640,580,3,3,8,8,8.097,9,0,0.11 | 0.11 | 0.11,0,1.76 | 2.39 | 3.13,0,1.28 | 1.67 | 2.28,0.998,0.000,0,1,0,0,0,0,-1,0,9,0,,0,,0,,0,0,997.6,0,1
17254812641,580,3,3,8,8,8.097,9,0,0.11 | 0.11 | 0.11,0,1.76 | 2.39 | 3.13,0,1.28 | 1.67 | 2.28,0.998,0.000,0,1,0,0,0,0,-1,0,9,0,,0,,0,,0,0,997.6,0,1
17254812642,580,3,3,8,8,8.097,9,0,0.11 | 0.11 | 0.11,0,1.76 | 2.39 | 3.13,0,1.28 | 1.67 | 2.28,0.998,0.000,0,1,0,0,0,0,-1,0,9,0,,0,,0,,0,0,997.6,0,1
17254812643,580,3,3,8,8,7.019,9,0,0.11 | 0.11 | 0.11,0,1.76 | 2.39 | 3.13,0,1.28 | 1.67 | 2.28,0.998,0.000,0,1,0,0,0,0,-1,0,9,0,,0,,0,,0,0,997.6,0,1
17254812644,580,3,3,8,8,7.019,9,0,0.11 | 0.11 | 0.11,0,1.76 | 2.39 | 3.13,0,1.28 | 1.67 | 2.28,0.998,0.000,0,1,0,0,0,0,-1,0,9,0,,0,,0,,0,0,997.6,0,1
17254812645,580,3,3,8,8,7.019,9,0,0.11 | 0.11 | 0.11,0,1.76 | 2.39 | 3.13,0,1.28 | 1.67 | 2.28,0.998,0.000,0,1,0,0,0,0,-1,0,9,0,,0,,0,,0,0,997.6,0,1
17254812646,580,3,3,8,8,7.019,9,0,0.11 | 0.11 | 0.11,0,1.76 | 2.39 | 3.13,0,1.28 | 1.67 | 2.28,0.998,0.000,0,1,0,0,0,0,-1,0,9,0,,0,,0,,0,0,997.6,0,1
17254812647,580,3,3,8,8,7.019,9,0,0.11 | 0.11 | 0.11,0,1.76 | 2.39 | 3.13,0,1.28 | 1.67 | 2.28,0.998,0.000,0,1,0,0,0,0,-1,0,9,0,,0,,0,,0,0,997.6,0,1
17254812648,580,3,3,8,8,7.019,9,0,0.11 | 0.11 | 0.11,0,1.76 | 2.39 | 3.13,0,1.28 | 1.67 | 2.28,0.998,0.000,0,1,0,0,0,0,-1,0,9,0,,0,,0,,0,0,997.6,0,1
17254812649,580,3,3,8,8,7.019,9,0,0.11 | 0.11 | 0.11,0,1.76 | 2.39 | 3.13,0,1.28 | 1.67 | 2.28,0.998,0.000,0,1,0,0,0,0,-1,0,9,0,,0,,0,,0,0,997.6,0,1
17254812650,580,3,3,8,8,7.019,9,0,0.11 | 0.11 | 0.11,0,1.76 | 2.39 | 3.13,0,1.28 | 1.67 | 2.28,0.998,0.000,0,1,0,0,0,0,-1,0,9,0,,0,,0,,0,0,997.6,0,1
17254812651,580,3,3,8,8,7.019,9,0,0.11 | 0.11 | 0.11,0,1.76 | 2.39 | 3.13,0,1.28 | 1.67 | 2.28,0.998,0.000,0,1,0,0,0,0,-1,0,9,0,,0,,0,,0,0,997.6,0,1
17254812652,580,3,3,8,8,7.019,9,0,0.11 | 0.11 | 0.11,0,1.76 | 2.39 | 3.13,0,1.28 | 1.67 | 2.28,0.998,0.000,0,1,0,0,0,0,-1,0,9,0,,0,,0,,0,0,997.6,0,1
17254812653,580,3,3,8,8,6.222,9,0,0.11 | 0.11 | 0.11,0,1.76 | 2.39 | 3.13,0,1.28 | 1.67 | 2.28,0.998,0.000,0,1,0,0,0,0,-1,0,9,0,,0,,0,,0,0,997.6,0,1
17254812654,772,3,4,8,8,6.222,9,0,0.11 | 0.11 | 0.11,0,1.76 | 2.39 | 3.13,0,1.28 | 1.67 | 2.28,0.998,0.000,0,1,0,0,0,0,-1,0,9,0,,0,,0,,0,0,887.75,0,1
17254812655,772,3,4,8,8,6.222,9,0,0.11 | 0.11 | 0.11,0,1.76 | 2.39 | 3.13,0,1.28 | 1.67 | 2.28,0.998,0.000,0,1,0,0,0,0,-1,0,9,0,,0,,0,,0,0,887.75,0,1
17254812656,772,3,4,8,8,6.222,9,0,0.11 | 0.11 | 0.11,0,1.76 | 2.39 | 3.13,0,1.28 | 1.67 | 2.28,0.998,0.000,0,1,0,0,0,0,-1,0,9,0,,0,,0,,0,0,887.75,0,1
17254812657,772,3,4,8,8,6.222,9,0,0.11 | 0.11 | 0.11,0,1.76 | 2.39 | 3.13,0,1.28 | 1.67 | 2.28,0.998,0.000,0,1,0,0,0,0,-1,0,9,0,,0,,0,,0,0,887.75,0,1
17254812658,772,3,4,8,8,6.222,9,0,0.11 | 0.11 | 0.11,0,1.76 | 2.39 | 3.13,0,1.28 | 1.67 | 2.28,0.998,0.000,0,1,0,0,0,0,-1,0,9,0,,0,,0,,0,0,887.75,0,1
17254812659,772,3,4,8,8,6.222,9,0,0.11 | 0.11 | 0.11,0,1.76 | 2.39 | 3.13,0,1.28 | 1.67 | 2.28,0.998,0.000,0,1,0,0,0,0,-1,0,9,0,,0,,0,,0,0,887.75,0,1
17254812660,772,3,4,8,8,6.222,9,0,0.11 | 0.11 | 0.11,0,1.76 | 2.39 | 3.13,0,1.28 | 1.67 | 2.28,0.998,0.000,0,1,0,0,0,0,-1,0,9,0,,0,,0,,0,0,887.75,0,1
17254812661,772,3,4,8,8,6.222,9,0,0.11 | 0.11 | 0.11,0,1.76 | 2.39 | 3.13,0,1.28 | 1.67 | 2.28,0.998,0.000,0,1,0,0,0,0,-1,0,9,0,,0,,0,,0,0,887.75,0,1
17254812662,772,3,4,8,8,6.222,9,0,0.11 | 0.11 | 0.11,0,1.76 | 2.39 | 3.13,0,1.28 | 1.67 | 2.28,0.998,0.000,0,1,0,0,0,0,-1,0,9,0,,0,,0,,0,0,887.75,0,1
17254812663,772,3,4,8,8,9.96,10,0,0.11 | 0.11 | 0.11,0,1.76 | 2.61 | 3.39,0,1.18 | 1.54 | 2.28,0.888,0.000,0,1,0,0,0,0,-1,0,10,0,,0,,0,,0,0,887.75,0,1
17254812664,772,3,4,8,8,9.96,10,0,0.11 | 0.11 | 0.11,0,1.76 | 2.61 | 3.39,0,1.18 | 1.54 | 2.28,0.888,0.000,0,1,0,0,0,0,-1,0,10,0,,0,,0,,0,0,887.75,0,1
17254812665,772,3,4,8,8,9.96,10,0,0.11 | 0.11 | 0.11,0,1.76 | 2.61 | 3.39,0,1.18 | 1.54 | 2.28,0.888,0.000,0,1,0,0,0,0,-1,0,10,0,,0,,0,,0,0,887.75,0,1
17254812666,772,3,4,8,8,9.96,10,0,0.11 | 0.11 | 0.11,0,1.76 | 2.61 | 3.39,0,1.18 | 1.54 | 2.28,0.888,0.000,0,1,0,0,0,0,-1,0,10,0,,0,,0,,0,0,887.75,0,1
17254812667,772,3,4,8,8,9.96,10,0,0.11 | 0.11 | 0.11,0,1.76 | 2.61 | 3.39,0,1.18 | 1.54 | 2.28,0.888,0.000,0,1,0,0,0,0,-1,0,10,0,,0,,0,,0,0,887.75,0,1
17254812668,772,3,4,8,8,9.96,10,0,0.11 | 0.11 | 0.11,0,1.76 | 2.61 | 3.39,0,1.18 | 1.54 | 2.28,0.888,0.000,0,1,0,0,0,0,-1,0,10,0,,0,,0,,0,0,887.75,0,1
17254812669,772,3,4,8,8,9.96,10,0,0.11 | 0.11 | 0.11,0,1.76 | 2.61 | 3.39,0,1.18 | 1.54 | 2.28,0.888,0.000,0,1,0,0,0,0,-1,0,10,0,,0,,0,,0,0,887.75,0,1
17254812670,772,3,4,8,8,9.96,10,0,0.11 | 0.11 | 0.11,0,1.76 | 2.61 | 3.39,0,1.18 | 1.54 | 2.28,0.888,0.000,0,1,0,0,0,0,-1,0,10,0,,0,,0,,0,0,887.75,0,1
17254812671,772,3,4,8,8,9.96,10,0,0.11 | 0.11 | 0.11,0,1.76 | 2.61 | 3.39,0,1.18 | 1.54 | 2.28,0.888,0.000,0,1,0,0,0,0,-1,0,10,0,,0,,0,,0,0,887.75,0,1
17254812672,772,3,4,8,8,9.96,10,0,0.11 | 0.11 | 0.11,0,1.76 | 2.61 | 3.39,0,1.18 | 1.54 | 2.28,0.888,0.000,0,1,0,0,0,0,-1,0,10,0,,0,,0,,0,0,887.75,0,1
17254812673,772,3,4,8,8,8.897,10,0,0.11 | 0.11 | 0.11,0,1.76 | 2.61 | 3.39,0,1.18 | 1.54 | 2.28,0.888,0.000,0,1,0,0,0,0,-1,0,10,0,,0,,0,,0,0,887.75,0,1
17254812674,772,3,4,8,8,8.897,10,0,0.11 | 0.11 | 0.11,0,1.76 | 2.61 | 3.39,0,1.18 | 1.54 | 2.28,0.888,0.000,0,1,0,0,0,0,-1,0,10,0,,0,,0,,0,0,887.75,0,1
17254812675,772,3,4,8,8,8.897,10,0,0.11 | 0.11 | 0.11,0,1.76 | 2.61 | 3.39,0,1.18 | 1.54 | 2.28,0.888,0.000,0,1,0,0,0,0,-1,0,10,0,,0,,0,,0,0,887.75,0,1
17254812676,772,3,4,8,8,8.897,10,0,0.11 | 0.11 | 0.11,0,1.76 | 2.61 | 3.39,0,1.18 | 1.54 | 2.28,0.888,0.000,0,1,0,0,0,0,-1,0,10,0,,0,,0,,0,0,887.75,0,1
17254812677,772,3,4,8,8,8.897,10,0,0.11 | 0.11 | 0.11,0,1.76 | 2.61 | 3.39,0,1.18 | 1.54 | 2.28,0.888,0.000,0,1,0,0,0,0,-1,0,10,0,,0,,0,,0,0,887.75,0,1
17254812678,772,3,4,8,8,8.897,10,0,0.11 | 0.11 | 0.11,0,1.76 | 2.61 | 3.39,0,1.18 | 1.54 | 2.28,0.888,0.000,0,1,0,0,0,0,-1,0,10,0,,0,,0,,0,0,887.75,0,1
17254812679,772,3,4,8,8,8.897,10,0,0.11 | 0.11 | 0.11,0,1.76 | 2.61 | 3.39,0,1.18 | 1.54 | 2.28,0.888,0.000,0,1,0,0,0,0,-1,0,10,0,,0,,0,,0,0,887.75,0,1
17254812680,772,3,4,8,8,8.897,10,0,0.11 | 0.11 | 0.11,0,1.76 | 2.61 | 3.39,0,1.18 | 1.54 | 2.28,0.888,0.000,0,1,0,0,0,0,-1,0,10,0,,0,,0,,0,0,887.75,0,1
17254812681,772,3,4,8,8,8.897,10,0,0.11 | 0.11 | 0.11,0,1.76 | 2.61 | 3.39,0,1.18 | 1.54 | 2.28,0.888,0.000,0,1,0,0,0,0,-1,0,10,0,,0,,0,,0,0,887.75,0,1
17254812682,772,3,4,8,8,8.897,10,0,0.11 | 0.11 | 0.11,0,1.76 | 2.61 | 3.39,0,1.18 | 1.54 | 2.28,0.888,0.000,0,1,0,0,0,0,-1,0,10,0,,0,,0,,0,0,887.75,0,1
17254812683,772,3,4,8,8,7.835,10,0,0.11 | 0.11 | 0.11,0,1.76 | 2.61 | 3.39,0,1.18 | 1.54 | 2.28,0.888,0.000,0,1,0,0,0,0,-1,0,10,0,,0,,0,,0,0,887.75,0,1
17254812684,772,3,4,8,8,7.835,10,0,0.11 | 0.11 | 0.11,0,1.76 | 2.61 | 3.39,0,1.18 | 1.54 | 2.28,0.888,0.000,0,1,0,0,0,0,-1,0,10,0,,0,,0,,0,0,887.75,0,1
17254812685,772,3,4,8,8,7.835,10,0,0.11 | 0.11 | 0.11,0,1.76 | 2.61 | 3.39,0,1.18 | 1.54 | 2.28,0.888,0.000,0,1,0,0,0,0,-1,0,10,0,,0,,0,,0,0,887.75,0,1
17254812686,772,3,4,8,8,7.835,10,0,0.11 | 0.11 | 0.11,0,1.76 | 2.61 | 3.39,0,1.18 | 1.54 | 2.28,0.888,0.000,0,1,0,0,0,0,-1,0,10,0,,0,,0,,0,0,887.75,0,1
17254812687,772,3,4,8,8,7.835,10,0,0.11 | 0.11 | 0.11,0,1.76 | 2.61 | 3.39,0,1.18 | 1.54 | 2.28,0.888,0.000,0,1,0,0,0,0,-1,0,10,0,,0,,0,,0,0,887.75,0,1
17254812688,772,3,4,8,8,7.835,10,0,0.11 | 0.11 | 0.11,0,1.76 | 2.61 | 3.39,0,1.18 | 1.54 | 2.28,0.888,0.000,0,1,0,0,0,0,-1,0,10,0,,0,,0,,0,0,887.75,0,1
17254812689,772,3,4,8,8,7.835,10,0,0.11 | 0.11 | 0.11,0,1.76 | 2.61 | 3.39,0,1.18 | 1.54 | 2.28,0.888,0.000,0,1,0,0,0,0,-1,0,10,0,,0,,0,,0,0,887.75,0,1
17254812690,772,3,4,8,8,7.835,10,0,0.11 | 0.11 | 0.11,0,1.76 | 2.61 | 3.39,0,1.18 | 1.54 | 2.28,0.888,0.000,0,1,0,0,0,0,-1,0,10,0,,0,,0,,0,0,887.75,0,1
17254812691,772,3,4,8,8,7.835,10,0,0.11 | 0.11 | 0.11,0,1.76 | 2.61 | 3.39,0,1.18 | 1.54 | 2.28,0.888,0.000,0,1,0,0,0,0,-1,0,10,0,,0,,0,,0,0,887.75,0,1
17254812692,772,3,4,8,8,7.835,10,0,0.11 | 0.11 | 0.11,0,1.76 | 2.61 | 3.39,0,1.18 | 1.54 | 2.28,0.888,0.000,0,1,0,0,0,0,-1,0,10,0,,0,,0,,0,0,887.75,0,1
17254812693,772,3,4,8,8,7.038,10,0,0.11 | 0.11 | 0.11,0,1.76 | 2.61 | 3.39,0,1.18 | 1.54 | 2.28,0.888,0.000,0,1,0,0,0,0,-1,0,10,0,,0,,0,,0,0,887.75,0,1
17254812694,772,3,4,8,8,7.038,10,0,0.11 | 0.11 | 0.11,0,1.76 | 2.61 | 3.39,0,1.18 | 1.54 | 2.28,0.888,0.000,0,1,0,0,0,0,-1,0,10,0,,0,,0,,0,0,887.75,0,1
17254812695,772,3,4,8,8,7.038,10,0,0.11 | 0.11 | 0.11,0,1.76 | 2.61 | 3.39,0,1.18 | 1.54 | 2.28,0.888,0.000,0,1,0,0,0,0,-1,0,10,0,,0,,0,,0,0,887.75,0,1
17254812696,772,3,4,8,8,7.038,10,0,0.11 | 0.11 | 0.11,0,1.76 | 2.61 | 3.39,0,1.18 | 1.54 | 2.28,0.888,0.000,0,1,0,0,0,0,-1,0,10,0,,0,,0,,0,0,887.75,0,1
17254812697,772,3,4,8,8,7.038,10,0,0.11 | 0.11 | 0.11,0,1.76 | 2.61 | 3.39,0,1.18 | 1.54 | 2.28,0.888,0.000,0,1,0,0,0,0,-1,0,10,0,,0,,0,,0,0,887.75,0,1
17254812698,772,3,4,8,8,7.038,10,0,0.11 | 0.11 | 0.11,0,1.76 | 2.61 | 3.39,0,1.18 | 1.54 | 2.28,0.888,0.000,0,1,0,0,0,0,-1,0,10,0,,0,,0,,0,0,887.75,0,1
17254812699,772,3,4,8,8,7.038,10,0,0.11 | 0.11 | 0.11,0,1.76 | 2.61 | 3.39,0,1.18 | 1.54 | 2.28,0.888,0.000,0,1,0,0,0,0,-1,0,10,0,,0,,0,,0,0,887.75,0,1
17254812700,772,3,4,8,8,7.038,10,0,0.11 | 0.11 | 0.11,0,1.76 | 2.61 | 3.39,0,1.18 | 1.54 | 2.28,0.888,0.000,0,1,0,0,0,0,-1,0,10,0,,0,,0,,0,0,887.75,0,1
17254812701,772,3,4,8,8,7.038,10,0,0.11 | 0.11 | 0.11,0,1.76 | 2.61 | 3.39,0,1.18 | 1.54 | 2.28,0.888,0.000,0,1,0,0,0,0,-1,0,10,0,,0,,0,,0,0,887.75,0,1
17254812702,772,3,4,8,8,7.038,10,0,0.11 | 0.11 | 0.11,0,1.76 | 2.61 | 3.39,0,1.18 | 1.54 | 2.28,0.888,0.000,0,1,0,0,0,0,-1,0,10,0,,0,,0,,0,0,887.75,0,1
17254812703,772,3,4,8,8,5.975,10,0,0.11 | 0.11 | 0.11,0,1.76 | 2.61 | 3.39,0,1.18 | 1.54 | 2.28,0.888,0.000,0,1,0,0,0,0,-1,0,10,0,,0,,0,,0,0,887.75,0,1
17254812704,580,3,3,8,8,5.975,10,0,0.11 | 0.11 | 0.11,0,1.76 | 2.61 | 3.39,0,1.18 | 1.54 | 2.28,0.888,0.000,0,1,0,0,0,0,-1,0,10,0,,0,,0,,0,0,888.75,0,1
17254812705,580,3,3,8,8,5.975,10,0,0.11 | 0.11 | 0.11,0,1.76 | 2.61 | 3.39,0,1.18 | 1.54 | 2.28,0.888,0.000,0,1,0,0,0,0,-1,0,10,0,,0,,0,,0,0,888.75,0,1
17254812706,580,3,3,8,8,5.975,10,0,0.11 | 0.11 | 0.11,0,1.76 | 2.61 | 3.39,0,1.18 | 1.54 | 2.28,0.888,0.000,0,1,0,0,0,0,-1,0,10,0,,0,,0,,0,0,888.75,0,1
17254812707,580,3,3,8,8,5.975,10,0,0.11 | 0.11 | 0.11,0,1.76 | 2.61 | 3.39,0,1.18 | 1.54 | 2.28,0.888,0.000,0,1,0,0,0,0,-1,0,10,0,,0,,0,,0,0,888.75,0,1
17254812708,580,3,3,8,8,5.975,10,0,0.11 | 0.11 | 0.11,0,1.76 | 2.61 | 3.39,0,1.18 | 1.54 | 2.28,0.888,0.000,0,1,0,0,0,0,-1,0,10,0,,0,,0,,0,0,888.75,0,1
17254812709,580,3,3,8,8,5.975,10,0,0.11 | 0.11 | 0.11,0,1.76 | 2.61 | 3.39,0,1.18 | 1.54 | 2.28,0.888,0.000,0,1,0,0,0,0,-1,0,10,0,,0,,0,,0,0,888.75,0,1
17254812710,580,3,3,8,8,5.975,10,0,0.11 | 0.11 | 0.11,0,1.76 | 2.61 | 3.39,0,1.18 | 1.54 | 2.28,0.888,0.000,0,1,0,0,0,0,-1,0,10,0,,0,,0,,0,0,888.75,0,1
17254812711,580,3,3,8,8,5.975,10,0,0.11 | 0.11 | 0.11,0,1.76 | 2.61 | 3.39,0,1.18 | 1.54 | 2.28,0.888,0.000,0,1,0,0,0,0,-1,0,10,0,,0,,0,,0,0,888.75,0,1
17254812712,580,3,3,8,8,5.975,10,0,0.11 | 0.11 | 0.11,0,1.76 | 2.61 | 3.39,0,1.18 | 1.54 | 2.28,0.888,0.000,0,1,0,0,0,0,-1,0,10,0,,0,,0,,0,0,888.75,0,1
17254812713,580,3,3,8,8,4.813,10,0,0.11 | 0.11 | 0.11,0,1.76 | 3.25 | 4.74,0,0.84 | 1.23 | 2.28,0.889,0.000,0,1,0,0,0,0,-1,0,10,0,,0,,0,,0,0,888.75,0,1
17254812714,580,3,3,8,8,4.813,10,0,0.11 | 0.11 | 0.11,0,1.76 | 3.25 | 4.74,0,0.84 | 1.23 | 2.28,0.889,0.000,0,1,0,0,0,0,-1,0,10,0,,0,,0,,0,0,888.75,0,1
17254812715,580,4,3,8,8,4.813,10,0,0.11 | 0.11 | 0.11,0,1.76 | 3.25 | 4.74,0,0.84 | 1.23 | 2.28,0.889,0.000,0,1,0,0,0,0,-1,0,10,0,,0,,0,,0,0,888.75,0,1
17254812716,580,4,3,8,8,4.813,10,0,0.11 | 0.11 | 0.11,0,1.76 | 3.25 | 4.74,0,0.84 | 1.23 | 2.28,0.889,0.000,0,1,0,0,0,0,-1,0,10,0,,0,,0,,0,0,888.75,0,1
17254812717,580,4,3,8,8,4.813,10,0,0.11 | 0.11 | 0.11,0,1.76 | 3.25 | 4.74,0,0.84 | 1.23 | 2.28,0.889,0.000,0,1,0,0,0,0,-1,0,10,0,,0,,0,,0,0,888.75,0,1
17254812718,580,4,3,8,8,4.813,10,0,0.11 | 0.11 | 0.11,0,1.76 | 3.25 | 4.74,0,0.84 | 1.23 | 2.28,0.889,0.000,0,1,0,0,0,0,-1,0,10,0,,0,,0,,0,0,888.75,0,1
17254812719,580,4,3,8,8,4.813,10,0,0.11 | 0.11 | 0.11,0,1.76 | 3.25 | 4.74,0,0.84 | 1.23 | 2.28,0.889,0.000,0,1,0,0,0,0,-1,0,10,0,,0,,0,,0,0,888.75,0,1
17254812720,580,4,3,8,8,4.813,10,0,0.11 | 0.11 | 0.11,0,1.76 | 3.25 | 4.74,0,0.84 | 1.23 | 2.28,0.889,0.000,0,1,0,0,0,0,-1,0,10,0,,0,,0,,0,0,888.75,0,1
17254812721,580,4,3,8,8,4.813,10,0,0.11 | 0.11 | 0.11,0,1.76 | 3.25 | 4.74,0,0.84 | 1.23 | 2.28,0.889,0.000,0,1,0,0,0,0,-1,0,10,0,,0,,0,,0,0,888.75,0,1
17254812722,580,4,3,8,8,4.813,10,0,0.11 | 0.11 | 0.11,0,1.76 | 3.25 | 4.74,0,0.84 | 1.23 | 2.28,0.889,0.000,0,1,0,0,0,0,-1,0,10,0,,0,,0,,0,0,888.75,0,1
17254812723,580,4,3,8,8,3.85,10,0,0.11 | 0.11 | 0.11,0,1.76 | 3.25 | 4.74,0,0.84 | 1.23 | 2.28,0.889,0.000,0,1,0,0,0,0,-1,0,10,0,,0,,0,,0,0,888.75,0,1
17254812724,580,4,3,8,8,3.85,10,0,0.11 | 0.11 | 0.11,0,1.76 | 3.25 | 4.74,0,0.84 | 1.23 | 2.28,0.889,0.000,0,1,0,0,0,0,-1,0,10,0,,0,,0,,0,0,888.75,0,1
17254812725,580,4,3,8,8,3.85,10,0,0.11 | 0.11 | 0.11,0,1.76 | 3.25 | 4.74,0,0.84 | 1.23 | 2.28,0.889,0.000,0,1,0,0,0,0,-1,0,10,0,,0,,0,,0,0,888.75,0,1
17254812726,580,4,3,8,8,3.85,10,0,0.11 | 0.11 | 0.11,0,1.76 | 3.25 | 4.74,0,0.84 | 1.23 | 2.28,0.889,0.000,0,1,0,0,0,0,-1,0,10,0,,0,,0,,0,0,888.75,0,1
17254812727,580,4,3,8,8,3.85,10,0,0.11 | 0.11 | 0.11,0,1.76 | 3.25 | 4.74,0,0.84 | 1.23 | 2.28,0.889,0.000,0,1,0,0,0,0,-1,0,10,0,,0,,0,,0,0,888.75,0,1
17254812728,580,4,3,8,8,3.85,10,0,0.11 | 0.11 | 0.11,0,1.76 | 3.25 | 4.74,0,0.84 | 1.23 | 2.28,0.889,0.000,0,1,0,0,0,0,-1,0,10,0,,0,,0,,0,0,888.75,0,1
17254812729,580,4,3,8,8,3.85,10,0,0.11 | 0.11 | 0.11,0,1.76 | 3.25 | 4.74,0,0.84 | 1.23 | 2.28,0.889,0.000,0,1,0,0,0,0,-1,0,10,0,,0,,0,,0,0,899.75,0,1
17254812730,580,4,3,8,8,3.85,10,0,0.11 | 0.11 | 0.11,0,1.76 | 3.25 | 4.74,0,0.84 | 1.23 | 2.28,0.889,0.000,0,1,0,0,0,0,-1,0,10,0,,0,,0,,0,0,899.75,0,1
17254812731,580,4,3,8,8,3.85,10,0,0.11 | 0.11 | 0.11,0,1.76 | 3.25 | 4.74,0,0.84 | 1.23 | 2.28,0.889,0.000,0,1,0,0,0,0,-1,0,10,0,,0,,0,,0,0,899.75,0,1
17254812732,580,4,3,8,8,3.85,10,0,0.11 | 0.11 | 0.11,0,1.76 | 3.25 | 4.74,0,0.84 | 1.23 | 2.28,0.889,0.000,0,1,0,0,0,0,-1,0,10,0,,0,,0,,0,0,899.75,0,1
17254812733,580,4,3,8,8,6.066,10,0,0.11 | 0.11 | 0.11,0,1.76 | 3.05 | 4.74,0,0.84 | 1.31 | 2.28,0.900,0.000,0,1,0,0,0,0,-1,0,10,0,,0,,0,,0,0,899.75,0,1
17254812734,580,4,3,8,8,6.066,10,0,0.11 | 0.11 | 0.11,0,1.76 | 3.05 | 4.74,0,0.84 | 1.31 | 2.28,0.900,0.000,0,1,0,0,0,0,-1,0,10,0,,0,,0,,0,0,899.75,0,1
17254812735,580,4,3,8,8,6.066,10,0,0.11 | 0.11 | 0.11,0,1.76 | 3.05 | 4.74,0,0.84 | 1.31 | 2.28,0.900,0.000,0,1,0,0,0,0,-1,0,10,0,,0,,0,,0,0,899.75,0,1
17254812736,580,4,3,8,8,6.066,10,0,0.11 | 0.11 | 0.11,0,1.76 | 3.05 | 4.74,0,0.84 | 1.31 | 2.28,0.900,0.000,0,1,0,0,0,0,-1,0,10,0,,0,,0,,0,0,899.75,0,1
17254812737,580,4,3,8,8,6.066,10,0,0.11 | 0.11 | 0.11,0,1.76 | 3.05 | 4.74,0,0.84 | 1.31 | 2.28,0.900,0.000,0,1,0,0,0,0,-1,0,10,0,,0,,0,,0,0,899.75,0,1
17254812738,580,4,3,8,8,6.066,10,0,0.11 | 0.11 | 0.11,0,1.76 | 3.05 | 4.74,0,0.84 | 1.31 | 2.28,0.900,0.000,0,1,0,0,0,0,-1,0,10,0,,0,,0,,0,0,899.75,0,1
17254812739,580,4,3,8,8,6.066,10,0,0.11 | 0.11 | 0.11,0,1.76 | 3.05 | 4.74,0,0.84 | 1.31 | 2.28,0.900,0.000,0,1,0,0,0,0,-1,0,10,0,,0,,0,,0,0,899.75,0,1
17254812740,580,4,3,8,8,6.066,10,0,0.11 | 0.11 | 0.11,0,1.76 | 3.05 | 4.74,0,0.84 | 1.31 | 2.28,0.900,0.000,0,1,0,0,0,0,-1,0,10,0,,0,,0,,0,0,899.75,0,1
17254812741,580,4,3,8,8,6.066,10,0,0.11 | 0.11 | 0.11,0,1.76 | 3.05 | 4.74,0,0.84 | 1.31 | 2.28,0.900,0.000,0,1,0,0,0,0,-1,0,10,0,,0,,0,,0,0,899.75,0,1
17254812742,580,4,3,8,8,6.066,10,0,0.11 | 0.11 | 0.11,0,1.76 | 3.05 | 4.74,0,0.84 | 1.31 | 2.28,0.900,0.000,0,1,0,0,0,0,-1,0,10,0,,0,,0,,0,0,899.75,0,1
17254812743,580,4,3,8,8,5.191,11,0,0.11 | 0.11 | 0.11,0,1.76 | 3.05 | 4.74,0,0.84 | 1.31 | 2.28,0.900,0.000,0,1,0,0,0,0,-1,0,11,0,,0,,0,,0,0,899.75,0,1
17254812744,580,4,3,8,8,5.191,11,0,0.11 | 0.11 | 0.11,0,1.76 | 3.05 | 4.74,0,0.84 | 1.31 | 2.28,0.900,0.000,0,1,0,0,0,0,-1,0,11,0,,0,,0,,0,0,899.75,0,1
17254812745,580,4,3,8,8,5.191,11,0,0.11 | 0.11 | 0.11,0,1.76 | 3.05 | 4.74,0,0.84 | 1.31 | 2.28,0.900,0.000,0,1,0,0,0,0,-1,0,11,0,,0,,0,,0,0,899.75,0,1
17254812746,580,4,3,8,8,5.191,11,0,0.11 | 0.11 | 0.11,0,1.76 | 3.05 | 4.74,0,0.84 | 1.31 | 2.28,0.900,0.000,0,1,0,0,0,0,-1,0,11,0,,0,,0,,0,0,899.75,0,1
17254812747,580,4,3,8,8,5.191,11,0,0.11 | 0.11 | 0.11,0,1.76 | 3.05 | 4.74,0,0.84 | 1.31 | 2.28,0.900,0.000,0,1,0,0,0,0,-1,0,11,0,,0,,0,,0,0,899.75,0,1
17254812748,580,4,3,8,8,5.191,11,0,0.11 | 0.11 | 0.11,0,1.76 | 3.05 | 4.74,0,0.84 | 1.31 | 2.28,0.900,0.000,0,1,0,0,0,0,-1,0,11,0,,0,,0,,0,0,899.75,0,1
17254812749,580,4,3,8,8,5.191,11,0,0.11 | 0.11 | 0.11,0,1.76 | 3.05 | 4.74,0,0.84 | 1.31 | 2.28,0.900,0.000,0,1,0,0,0,0,-1,0,11,0,,0,,0,,0,0,899.75,0,1
17254812750,580,4,3,8,8,5.191,11,0,0.11 | 0.11 | 0.11,0,1.76 | 3.05 | 4.74,0,0.84 | 1.31 | 2.28,0.900,0.000,0,1,0,0,0,0,-1,0,11,0,,0,,0,,0,0,899.75,0,1
17254812751,580,4,3,8,8,5.191,11,0,0.11 | 0.11 | 0.11,0,1.76 | 3.05 | 4.74,0,0.84 | 1.31 | 2.28,0.900,0.000,0,1,0,0,0,0,-1,0,11,0,,0,,0,,0,0,899.75,0,1
17254812752,580,4,3,8,8,5.191,11,0,0.11 | 0.11 | 0.11,0,1.76 | 3.05 | 4.74,0,0.84 | 1.31 | 2.28,0.900,0.000,0,1,0,0,0,0,-1,0,11,0,,0,,0,,0,0,899.75,0,1
17254812753,580,4,3,8,8,4.128,11,0,0.11 | 0.11 | 0.11,0,1.76 | 3.05 | 4.74,0,0.84 | 1.31 | 2.28,0.900,0.000,0,1,0,0,0,0,-1,0,11,0,,0,,0,,0,0,899.75,0,1
17254812754,580,4,3,8,8,4.128,11,0,0.11 | 0.11 | 0.11,0,1.76 | 3.05 | 4.74,0,0.84 | 1.31 | 2.28,0.900,0.000,0,1,0,0,0,0,-1,0,11,0,,0,,0,,0,0,899.75,0,1
17254812755,580,3,3,8,8,4.128,11,0,0.11 | 0.11 | 0.11,0,1.76 | 3.05 | 4.74,0,0.84 | 1.31 | 2.28,0.900,0.000,0,1,0,0,0,0,-1,0,11,0,,0,,0,,0,0,899.75,0,1
17254812756,580,3,3,8,8,4.128,11,0,0.11 | 0.11 | 0.11,0,1.76 | 3.05 | 4.74,0,0.84 | 1.31 | 2.28,0.900,0.000,0,1,0,0,0,0,-1,0,11,0,,0,,0,,0,0,899.75,0,1
17254812757,580,3,3,8,8,4.128,11,0,0.11 | 0.11 | 0.11,0,1.76 | 3.05 | 4.74,0,0.84 | 1.31 | 2.28,0.900,0.000,0,1,0,0,0,0,-1,0,11,0,,0,,0,,0,0,899.75,0,1
17254812758,580,3,3,8,8,4.128,11,0,0.11 | 0.11 | 0.11,0,1.76 | 3.05 | 4.74,0,0.84 | 1.31 | 2.28,0.900,0.000,0,1,0,0,0,0,-1,0,11,0,,0,,0,,0,0,899.75,0,1
17254812759,580,3,3,8,8,4.128,11,0,0.11 | 0.11 | 0.11,0,1.76 | 3.05 | 4.74,0,0.84 | 1.31 | 2.28,0.900,0.000,0,1,0,0,0,0,-1,0,11,0,,0,,0,,0,0,899.75,0,1
17254812760,580,3,3,8,8,4.128,11,0,0.11 | 0.11 | 0.11,0,1.76 | 3.05 | 4.74,0,0.84 | 1.31 | 2.28,0.900,0.000,0,1,0,0,0,0,-1,0,11,0,,0,,0,,0,0,916.25,0,1
17254812761,580,3,3,8,8,4.128,11,0,0.11 | 0.11 | 0.11,0,1.76 | 3.05 | 4.74,0,0.84 | 1.31 | 2.28,0.900,0.000,0,1,0,0,0,0,-1,0,11,0,,0,,0,,0,0,916.25,0,1
17254812762,580,3,3,8,8,4.128,11,0,0.11 | 0.11 | 0.11,0,1.76 | 3.05 | 4.74,0,0.84 | 1.31 | 2.28,0.900,0.000,0,1,0,0,0,0,-1,0,11,0,,0,,0,,0,0,916.25,0,1
17254812763,580,3,3,8,8,7.866,11,0,0.11 | 0.11 | 0.13,0,2.33 | 3.35 | 4.74,0,0.84 | 1.20 | 1.71,0.916,0.000,0,1,0,0,0,0,-1,0,11,0,,0,,0,,0,0,916.25,0,1
17254812764,580,3,3,8,8,7.866,11,0,0.11 | 0.11 | 0.13,0,2.33 | 3.35 | 4.74,0,0.84 | 1.20 | 1.71,0.916,0.000,0,1,0,0,0,0,-1,0,11,0,,0,,0,,0,0,916.25,0,1
17254812765,580,3,3,8,8,7.866,11,0,0.11 | 0.11 | 0.13,0,2.33 | 3.35 | 4.74,0,0.84 | 1.20 | 1.71,0.916,0.000,0,1,0,0,0,0,-1,0,11,0,,0,,0,,0,0,916.25,0,1
17254812766,580,3,3,8,8,7.866,11,0,0.11 | 0.11 | 0.13,0,2.33 | 3.35 | 4.74,0,0.84 | 1.20 | 1.71,0.916,0.000,0,1,0,0,0,0,-1,0,11,0,,0,,0,,0,0,916.25,0,1
17254812767,580,3,3,8,8,7.866,11,0,0.11 | 0.11 | 0.13,0,2.33 | 3.35 | 4.74,0,0.84 | 1.20 | 1.71,0.916,0.000,0,1,0,0,0,0,-1,0,11,0,,0,,0,,0,0,916.25,0,1
17254812768,580,3,3,8,8,7.866,11,0,0.11 | 0.11 | 0.13,0,2.33 | 3.35 | 4.74,0,0.84 | 1.20 | 1.71,0.916,0.000,0,1,0,0,0,0,-1,0,11,0,,0,,0,,0,0,916.25,0,1
17254812769,580,3,3,8,8,7.866,11,0,0.11 | 0.11 | 0.13,0,2.33 | 3.35 | 4.74,0,0.84 | 1.20 | 1.71,0.916,0.000,0,1,0,0,0,0,-1,0,11,0,,0,,0,,0,0,916.25,0,1
17254812770,580,3,3,8,8,7.866,11,0,0.11 | 0.11 | 0.13,0,2.33 | 3.35 | 4.74,0,0.84 | 1.20 | 1.71,0.916,0.000,0,1,0,0,0,0,-1,0,11,0,,0,,0,,0,0,916.25,0,1
17254812771,580,3,3,8,8,7.866,11,0,0.11 | 0.11 | 0.13,0,2.33 | 3.35 | 4.74,0,0.84 | 1.20 | 1.71,0.916,0.000,0,1,0,0,0,0,-1,0,11,0,,0,,0,,0,0,916.25,0,1
17254812772,580,3,3,8,8,7.866,11,0,0.11 | 0.11 | 0.13,0,2.33 | 3.35 | 4.74,0,0.84 | 1.20 | 1.71,0.916,0.000,0,1,0,0,0,0,-1,0,11,0,,0,,0,,0,0,916.25,0,1
17254812773,580,3,3,8,8,7.069,11,0,0.11 | 0.11 | 0.13,0,2.33 | 3.35 | 4.74,0,0.84 | 1.20 | 1.71,0.916,0.000,0,1,0,0,0,0,-1,0,11,0,,0,,0,,0,0,916.25,0,1
17254812774,580,3,3,8,8,7.069,11,0,0.11 | 0.11 | 0.13,0,2.33 | 3.35 | 4.74,0,0.84 | 1.20 | 1.71,0.916,0.000,0,1,0,0,0,0,-1,0,11,0,,0,,0,,0,0,916.25,0,1
17254812775,580,3,3,8,8,7.069,11,0,0.11 | 0.11 | 0.13,0,2.33 | 3.35 | 4.74,0,0.84 | 1.20 | 1.71,0.916,0.000,0,1,0,0,0,0,-1,0,11,0,,0,,0,,0,0,916.25,0,1
17254812776,580,3,3,8,8,7.069,11,0,0.11 | 0.11 | 0.13,0,2.33 | 3.35 | 4.74,0,0.84 | 1.20 | 1.71,0.916,0.000,0,1,0,0,0,0,-1,0,11,0,,0,,0,,0,0,916.25,0,1
17254812777,580,3,3,8,8,7.069,11,0,0.11 | 0.11 | 0.13,0,2.33 | 3.35 | 4.74,0,0.84 | 1.20 | 1.71,0.916,0.000,0,1,0,0,0,0,-1,0,11,0,,0,,0,,0,0,916.25,0,1
17254812778,580,3,3,8,8,7.069,11,0,0.11 | 0.11 | 0.13,0,2.33 | 3.35 | 4.74,0,0.84 | 1.20 | 1.71,0.916,0.000,0,1,0,0,0,0,-1,0,11,0,,0,,0,,0,0,916.25,0,1
17254812779,580,3,3,8,8,7.069,11,0,0.11 | 0.11 | 0.13,0,2.33 | 3.35 | 4.74,0,0.84 | 1.20 | 1.71,0.916,0.000,0,1,0,0,0,0,-1,0,11,0,,0,,0,,0,0,916.25,0,1
17254812780,580,3,3,8,8,7.069,11,0,0.11 | 0.11 | 0.13,0,2.33 | 3.35 | 4.74,0,0.84 | 1.20 | 1.71,0.916,0.000,0,1,0,0,0,0,-1,0,11,0,,0,,0,,0,0,916.25,0,1
17254812781,580,3,3,8,8,7.069,11,0,0.11 | 0.11 | 0.13,0,2.33 | 3.35 | 4.74,0,0.84 | 1.20 | 1.71,0.916,0.000,0,1,0,0,0,0,-1,0,11,0,,0,,0,,0,0,916.25,0,1
17254812782,580,3,3,8,8,7.069,11,0,0.11 | 0.11 | 0.13,0,2.33 | 3.35 | 4.74,0,0.84 | 1.20 | 1.71,0.916,0.000,0,1,0,0,0,0,-1,0,11,0,,0,,0,,0,0,916.25,0,1
17254812783,580,3,3,8,8,6.006,11,0,0.11 | 0.11 | 0.13,0,2.33 | 3.35 | 4.74,0,0.84 | 1.20 | 1.71,0.916,0.000,0,1,0,0,0,0,-1,0,11,0,,0,,0,,0,0,916.25,0,1
17254812784,580,3,3,8,8,6.006,11,0,0.11 | 0.11 | 0.13,0,2.33 | 3.35 | 4.74,0,0.84 | 1.20 | 1.71,0.916,0.000,0,1,0,0,0,0,-1,0,11,0,,0,,0,,0,0,916.25,0,1
17254812785,580,3,3,8,8,6.006,11,0,0.11 | 0.11 | 0.13,0,2.33 | 3.35 | 4.74,0,0.84 | 1.20 | 1.71,0.916,0.000,0,1,0,0,0,0,-1,0,11,0,,0,,0,,0,0,916.25,0,1
17254812786,580,3,3,8,8,6.006,11,0,0.11 | 0.11 | 0.13,0,2.33 | 3.35 | 4.74,0,0.84 | 1.20 | 1.71,0.916,0.000,0,1,0,0,0,0,-1,0,11,0,,0,,0,,0,0,916.25,0,1
17254812787,580,3,3,8,8,6.006,11,0,0.11 | 0.11 | 0.13,0,2.33 | 3.35 | 4.74,0,0.84 | 1.20 | 1.71,0.916,0.000,0,1,0,0,0,0,-1,0,11,0,,0,,0,,0,0,895.75,0,1
17254812788,580,3,3,8,8,6.006,11,0,0.11 | 0.11 | 0.13,0,2.33 | 3.35 | 4.74,0,0.84 | 1.20 | 1.71,0.916,0.000,0,1,0,0,0,0,-1,0,11,0,,0,,0,,0,0,895.75,0,1
17254812789,580,3,3,8,8,6.006,11,0,0.11 | 0.11 | 0.13,0,2.33 | 3.35 | 4.74,0,0.84 | 1.20 | 1.71,0.916,0.000,0,1,0,0,0,0,-1,0,11,0,,0,,0,,0,0,895.75,0,1
17254812790,580,3,3,8,8,6.006,11,0,0.11 | 0.11 | 0.13,0,2.33 | 3.35 | 4.74,0,0.84 | 1.20 | 1.71,0.916,0.000,0,1,0,0,0,0,-1,0,11,0,,0,,0,,0,0,895.75,0,1
17254812791,580,3,3,8,8,6.006,11,0,0.11 | 0.11 | 0.13,0,2.33 | 3.35 | 4.74,0,0.84 | 1.20 | 1.71,0.916,0.000,0,1,0,0,0,0,-1,0,11,0,,0,,0,,0,0,895.75,0,1
17254812792,580,3,3,8,8,6.006,11,0,0.11 | 0.11 | 0.13,0,2.33 | 3.35 | 4.74,0,0.84 | 1.20 | 1.71,0.916,0.000,0,1,0,0,0,0,-1,0,11,0,,0,,0,,0,0,895.75,0,1
17254812793,580,3,3,8,8,8.144,11,0,0.11 | 0.11 | 0.13,0,2.33 | 3.15 | 4.74,0,0.84 | 1.27 | 1.71,0.896,0.000,0,1,0,0,0,0,-1,0,11,0,,0,,0,,0,0,895.75,0,1
17254812794,580,3,3,8,8,8.144,11,0,0.11 | 0.11 | 0.13,0,2.33 | 3.15 | 4.74,0,0.84 | 1.27 | 1.71,0.896,0.000,0,1,0,0,0,0,-1,0,11,0,,0,,0,,0,0,895.75,0,1
17254812795,580,3,3,8,8,8.144,11,0,0.11 | 0.11 | 0.13,0,2.33 | 3.15 | 4.74,0,0.84 | 1.27 | 1.71,0.896,0.000,0,1,0,0,0,0,-1,0,11,0,,0,,0,,0,0,895.75,0,1
17254812796,580,3,3,8,8,8.144,11,0,0.11 | 0.11 | 0.13,0,2.33 | 3.15 | 4.74,0,0.84 | 1.27 | 1.71,0.896,0.000,0,1,0,0,0,0,-1,0,11,0,,0,,0,,0,0,895.75,0,1
17254812797,580,3,3,8,8,8.144,11,0,0.11 | 0.11 | 0.13,0,2.33 | 3.15 | 4.74,0,0.84 | 1.27 | 1.71,0.896,0.000,0,1,0,0,0,0,-1,0,11,0,,0,,0,,0,0,895.75,0,1
17254812798,580,3,3,8,8,8.144,11,0,0.11 | 0.11 | 0.13,0,2.33 | 3.15 | 4.74,0,0.84 | 1.27 | 1.71,0.896,0.000,0,1,0,0,0,0,-1,0,11,0,,0,,0,,0,0,895.75,0,1
17254812799,580,3,3,8,8,8.144,11,0,0.11 | 0.11 | 0.13,0,2.33 | 3.15 | 4.74,0,0.84 | 1.27 | 1.71,0.896,0.000,0,1,0,0,0,0,-1,0,11,0,,0,,0,,0,0,895.75,0,1
17254812800,580,3,3,8,8,8.144,11,0,0.11 | 0.11 | 0.13,0,2.33 | 3.15 | 4.74,0,0.84 | 1.27 | 1.71,0.896,0.000,0,1,0,0,0,0,-1,0,11,0,,0,,0,,0,0,895.75,0,1
17254812801,580,3,3,8,8,8.144,11,0,0.11 | 0.11 | 0.13,0,2.33 | 3.15 | 4.74,0,0.84 | 1.27 | 1.71,0.896,0.000,0,1,0,0,0,0,-1,0,11,0,,0,,0,,0,0,895.75,0,1
17254812802,580,3,3,8,8,8.144,11,0,0.11 | 0.11 | 0.13,0,2.33 | 3.15 | 4.74,0,0.84 | 1.27 | 1.71,0.896,0.000,0,1,0,0,0,0,-1,0,11,0,,0,,0,,0,0,895.75,0,1
17254812803,580,3,3,8,8,7.066,11,0,0.11 | 0.11 | 0.13,0,2.33 | 3.15 | 4.74,0,0.84 | 1.27 | 1.71,0.896,0.000,0,1,0,0,0,0,-1,0,11,0,,0,,0,,0,0,895.75,0,1
17254812804,580,3,3,8,8,7.066,11,0,0.11 | 0.11 | 0.13,0,2.33 | 3.15 | 4.74,0,0.84 | 1.27 | 1.71,0.896,0.000,0,1,0,0,0,0,-1,0,11,0,,0,,0,,0,0,895.75,0,1
17254812805,580,3,3,8,8,7.066,11,0,0.11 | 0.11 | 0.13,0,2.33 | 3.15 | 4.74,0,0.84 | 1.27 | 1.71,0.896,0.000,0,1,0,0,0,0,-1,0,11,0,,0,,0,,0,0,895.75,0,1
17254812806,580,3,3,8,8,7.066,11,0,0.11 | 0.11 | 0.13,0,2.33 | 3.15 | 4.74,0,0.84 | 1.27 | 1.71,0.896,0.000,0,1,0,0,0,0,-1,0,11,0,,0,,0,,0,0,895.75,0,1
17254812807,580,3,3,8,8,7.066,11,0,0.11 | 0.11 | 0.13,0,2.33 | 3.15 | 4.74,0,0.84 | 1.27 | 1.71,0.896,0.000,0,1,0,0,0,0,-1,0,11,0,,0,,0,,0,0,895.75,0,1
17254812808,580,3,3,8,8,7.066,11,0,0.11 | 0.11 | 0.13,0,2.33 | 3.15 | 4.74,0,0.84 | 1.27 | 1.71,0.896,0.000,0,1,0,0,0,0,-1,0,11,0,,0,,0,,0,0,895.75,0,1
17254812809,580,3,3,8,8,7.066,11,0,0.11 | 0.11 | 0.13,0,2.33 | 3.15 | 4.74,0,0.84 | 1.27 | 1.71,0.896,0.000,0,1,0,0,0,0,-1,0,11,0,,0,,0,,0,0,895.75,0,1
17254812810,580,3,3,8,8,7.066,11,0,0.11 | 0.11 | 0.13,0,2.33 | 3.15 | 4.74,0,0.84 | 1.27 | 1.71,0.896,0.000,0,1,0,0,0,0,-1,0,11,0,,0,,0,,0,0,895.75,0,1
17254812811,580,3,3,8,8,7.066,11,0,0.11 | 0.11 | 0.13,0,2.33 | 3.15 | 4.74,0,0.84 | 1.27 | 1.71,0.896,0.000,0,1,0,0,0,0,-1,0,11,0,,0,,0,,0,0,895.75,0,1
17254812812,580,3,3,8,8,7.066,11,0,0.11 | 0.11 | 0.13,0,2.33 | 3.15 | 4.74,0,0.84 | 1.27 | 1.71,0.896,0.000,0,1,0,0,0,0,-1,0,11,0,,0,,0,,0,0,895.75,0,1
17254812813,580,3,3,8,8,6.012,12,0,0.11 | 0.11 | 0.13,0,2.33 | 3.15 | 4.74,0,0.84 | 1.27 | 1.71,0.896,0.000,0,1,0,0,0,0,-1,0,12,0,,0,,0,,0,0,895.75,0,1
17254812814,580,3,3,8,8,6.012,12,0,0.11 | 0.11 | 0.13,0,2.33 | 3.15 | 4.74,0,0.84 | 1.27 | 1.71,0.896,0.000,0,1,0,0,0,0,-1,0,12,0,,0,,0,,0,0,895.75,0,1
17254812815,580,3,3,8,8,6.012,12,0,0.11 | 0.11 | 0.13,0,2.33 | 3.15 | 4.74,0,0.84 | 1.27 | 1.71,0.896,0.000,0,1,0,0,0,0,-1,0,12,0,,0,,0,,0,0,895.75,0,1
17254812816,580,3,3,8,8,6.012,12,0,0.11 | 0.11 | 0.13,0,2.33 | 3.15 | 4.74,0,0.84 | 1.27 | 1.71,0.896,0.000,0,1,0,0,0,0,-1,0,12,0,,0,,0,,0,0,895.75,0,1
17254812817,580,3,3,8,8,6.012,12,0,0.11 | 0.11 | 0.13,0,2.33 | 3.15 | 4.74,0,0.84 | 1.27 | 1.71,0.896,0.000,0,1,0,0,0,0,-1,0,12,0,,0,,0,,0,0,895.75,0,1
17254812818,580,3,3,8,8,6.012,12,0,0.11 | 0.11 | 0.13,0,2.33 | 3.15 | 4.74,0,0.84 | 1.27 | 1.71,0.896,0.000,0,1,0,0,0,0,-1,0,12,0,,0,,0,,0,0,895.75,0,1
17254812819,580,3,3,8,8,6.012,12,0,0.11 | 0.11 | 0.13,0,2.33 | 3.15 | 4.74,0,0.84 | 1.27 | 1.71,0.896,0.000,0,1,0,0,0,0,-1,0,12,0,,0,,0,,0,0,895.75,0,1
17254812820,580,3,3,8,8,6.012,12,0,0.11 | 0.11 | 0.13,0,2.33 | 3.15 | 4.74,0,0.84 | 1.27 | 1.71,0.896,0.000,0,1,0,0,0,0,-1,0,12,0,,0,,0,,0,0,895.75,0,1
17254812821,580,3,3,8,8,6.012,12,0,0.11 | 0.11 | 0.13,0,2.33 | 3.15 | 4.74,0,0.84 | 1.27 | 1.71,0.896,0.000,0,1,0,0,0,0,-1,0,12,0,,0,,0,,0,0,895.75,0,1
17254812822,580,3,3,8,8,6.012,12,0,0.11 | 0.11 | 0.13,0,2.33 | 3.15 | 4.74,0,0.84 | 1.27 | 1.71,0.896,0.000,0,1,0,0,0,0,-1,0,12,0,,0,,0,,0,0,895.75,0,1
17254812823,580,3,3,8,8,5.206,12,0,0.11 | 0.11 | 0.13,0,2.33 | 3.15 | 4.74,0,0.84 | 1.27 | 1.71,0.896,0.000,0,1,0,0,0,0,-1,0,12,0,,0,,0,,0,0,895.75,0,1
17254812824,580,3,3,8,8,5.206,12,0,0.11 | 0.11 | 0.13,0,2.33 | 3.15 | 4.74,0,0.84 | 1.27 | 1.71,0.896,0.000,0,1,0,0,0,0,-1,0,12,0,,0,,0,,0,0,880.25,0,1
17254812825,580,3,3,8,8,5.206,12,0,0.11 | 0.11 | 0.13,0,2.33 | 3.15 | 4.74,0,0.84 | 1.27 | 1.71,0.896,0.000,0,1,0,0,0,0,-1,0,12,0,,0,,0,,0,0,880.25,0,1
17254812826,580,3,3,8,8,5.206,12,0,0.11 | 0.11 | 0.13,0,2.33 | 3.15 | 4.74,0,0.84 | 1.27 | 1.71,0.896,0.000,0,1,0,0,0,0,-1,0,12,0,,0,,0,,0,0,880.25,0,1
17254812827,580,3,3,8,8,5.206,12,0,0.11 | 0.11 | 0.13,0,2.33 | 3.15 | 4.74,0,0.84 | 1.27 | 1.71,0.896,0.000,0,1,0,0,0,0,-1,0,12,0,,0,,0,,0,0,880.25,0,1
17254812828,580,3,3,8,8,5.206,12,0,0.11 | 0.11 | 0.13,0,2.33 | 3.15 | 4.74,0,0.84 | 1.27 | 1.71,0.896,0.000,0,1,0,0,0,0,-1,0,12,0,,0,,0,,0,0,880.25,0,1
17254812829,580,3,3,8,8,5.206,12,0,0.11 | 0.11 | 0.13,0,2.33 | 3.15 | 4.74,0,0.84 | 1.27 | 1.71,0.896,0.000,0,1,0,0,0,0,-1,0,12,0,,0,,0,,0,0,880.25,0,1
17254812830,580,3,3,8,8,5.206,12,0,0.11 | 0.11 | 0.13,0,2.33 | 3.15 | 4.74,0,0.84 | 1.27 | 1.71,0.896,0.000,0,1,0,0,0,0,-1,0,12,0,,0,,0,,0,0,880.25,0,1
17254812831,580,3,3,8,8,5.206,12,0,0.11 | 0.11 | 0.13,0,2.33 | 3.15 | 4.74,0,0.84 | 1.27 | 1.71,0.896,0.000,0,1,0,0,0,0,-1,0,12,0,,0,,0,,0,0,880.25,0,1
17254812832,580,3,3,8,8,5.206,12,0,0.11 | 0.11 | 0.13,0,2.33 | 3.15 | 4.74,0,0.84 | 1.27 | 1.71,0.896,0.000,0,1,0,0,0,0,-1,0,12,0,,0,,0,,0,0,880.25,0,1
17254812833,580,3,3,8,8,8.944,12,0,0.11 | 0.11 | 0.13,0,2.33 | 2.86 | 3.56,0,1.12 | 1.40 | 1.71,0.880,0.000,0,1,0,0,0,0,-1,0,12,0,,0,,0,,0,0,880.25,0,1
17254812834,580,3,3,8,8,8.944,12,0,0.11 | 0.11 | 0.13,0,2.33 | 2.86 | 3.56,0,1.12 | 1.40 | 1.71,0.880,0.000,0,1,0,0,0,0,-1,0,12,0,,0,,0,,0,0,880.25,0,1
17254812835,580,3,3,8,8,8.944,12,0,0.11 | 0.11 | 0.13,0,2.33 | 2.86 | 3.56,0,1.12 | 1.40 | 1.71,0.880,0.000,0,1,0,0,0,0,-1,0,12,0,,0,,0,,0,0,880.25,0,1
17254812836,580,3,3,8,8,8.944,12,0,0.11 | 0.11 | 0.13,0,2.33 | 2.86 | 3.56,0,1.12 | 1.40 | 1.71,0.880,0.000,0,1,0,0,0,0,-1,0,12,0,,0,,0,,0,0,880.25,0,1
17254812837,580,3,3,8,8,8.944,12,0,0.11 | 0.11 | 0.13,0,2.33 | 2.86 | 3.56,0,1.12 | 1.40 | 1.71,0.880,0.000,0,1,0,0,0,0,-1,0,12,0,,0,,0,,0,0,880.25,0,1
17254812838,580,3,3,8,8,8.944,12,0,0.11 | 0.11 | 0.13,0,2.33 | 2.86 | 3.56,0,1.12 | 1.40 | 1.71,0.880,0.000,0,1,0,0,0,0,-1,0,12,0,,0,,0,,0,0,880.25,0,1
17254812839,580,3,3,8,8,8.944,12,0,0.11 | 0.11 | 0.13,0,2.33 | 2.86 | 3.56,0,1.12 | 1.40 | 1.71,0.880,0.000,0,1,0,0,0,0,-1,0,12,0,,0,,0,,0,0,880.25,0,1
17254812840,580,3,3,8,8,8.944,12,0,0.11 | 0.11 | 0.13,0,2.33 | 2.86 | 3.56,0,1.12 | 1.40 | 1.71,0.880,0.000,0,1,0,0,0,0,-1,0,12,0,,0,,0,,0,0,880.25,0,1
17254812841,580,3,3,8,8,8.944,12,0,0.11 | 0.11 | 0.13,0,2.33 | 2.86 | 3.56,0,1.12 | 1.40 | 1.71,0.880,0.000,0,1,0,0,0,0,-1,0,12,0,,0,,0,,0,0,880.25,0,1
17254812842,580,3,3,8,8,8.944,12,0,0.11 | 0.11 | 0.13,0,2.33 | 2.86 | 3.56,0,1.12 | 1.40 | 1.71,0.880,0.000,0,1,0,0,0,0,-1,0,12,0,,0,,0,,0,0,880.25,0,1
17254812843,580,3,3,8,8,7.881,12,0,0.11 | 0.11 | 0.13,0,2.33 | 2.86 | 3.56,0,1.12 | 1.40 | 1.71,0.880,0.000,0,1,0,0,0,0,-1,0,12,0,,0,,0,,0,0,880.25,0,1
17254812844,580,3,3,8,8,7.881,12,0,0.11 | 0.11 | 0.13,0,2.33 | 2.86 | 3.56,0,1.12 | 1.40 | 1.71,0.880,0.000,0,1,0,0,0,0,-1,0,12,0,,0,,0,,0,0,880.25,0,1
17254812845,580,3,3,8,8,7.881,12,0,0.11 | 0.11 | 0.13,0,2.33 | 2.86 | 3.56,0,1.12 | 1.40 | 1.71,0.880,0.000,0,1,0,0,0,0,-1,0,12,0,,0,,0,,0,0,880.25,0,1
17254812846,580,3,3,8,8,7.881,12,0,0.11 | 0.11 | 0.13,0,2.33 | 2.86 | 3.56,0,1.12 | 1.40 | 1.71,0.880,0.000,0,1,0,0,0,0,-1,0,12,0,,0,,0,,0,0,880.25,0,1
17254812847,580,3,3,8,8,7.881,12,0,0.11 | 0.11 | 0.13,0,2.33 | 2.86 | 3.56,0,1.12 | 1.40 | 1.71,0.880,0.000,0,1,0,0,0,0,-1,0,12,0,,0,,0,,0,0,875.5,0,1
17254812848,580,3,3,8,8,7.881,12,0,0.11 | 0.11 | 0.13,0,2.33 | 2.86 | 3.56,0,1.12 | 1.40 | 1.71,0.880,0.000,0,1,0,0,0,0,-1,0,12,0,,0,,0,,0,0,875.5,0,1
17254812849,580,3,3,8,8,7.881,12,0,0.11 | 0.11 | 0.13,0,2.33 | 2.86 | 3.56,0,1.12 | 1.40 | 1.71,0.880,0.000,0,1,0,0,0,0,-1,0,12,0,,0,,0,,0,0,875.5,0,1
17254812850,580,3,3,8,8,7.881,12,0,0.11 | 0.11 | 0.13,0,2.33 | 2.86 | 3.56,0,1.12 | 1.40 | 1.71,0.880,0.000,0,1,0,0,0,0,-1,0,12,0,,0,,0,,0,0,875.5,0,1
17254812851,580,3,3,8,8,7.881,12,0,0.11 | 0.11 | 0.13,0,2.33 | 2.86 | 3.56,0,1.12 | 1.40 | 1.71,0.880,0.000,0,1,0,0,0,0,-1,0,12,0,,0,,0,,0,0,875.5,0,1
17254812852,580,3,3,8,8,7.881,12,0,0.11 | 0.11 | 0.13,0,2.33 | 2.86 | 3.56,0,1.12 | 1.40 | 1.71,0.880,0.000,0,1,0,0,0,0,-1,0,12,0,,0,,0,,0,0,875.5,0,1
17254812853,580,3,3,8,8,10.019,12,0,0.11 | 0.11 | 0.13,0,2.23 | 2.83 | 3.56,0,1.12 | 1.41 | 1.79,0.875,0.000,0,1,0,0,0,0,-1,0,12,0,,0,,0,,0,0,875.5,0,1
17254812854,580,3,3,8,8,10.019,12,0,0.11 | 0.11 | 0.13,0,2.23 | 2.83 | 3.56,0,1.12 | 1.41 | 1.79,0.875,0.000,0,1,0,0,0,0,-1,0,12,0,,0,,0,,0,0,875.5,0,1
17254812855,580,3,3,8,8,10.019,12,0,0.11 | 0.11 | 0.13,0,2.23 | 2.83 | 3.56,0,1.12 | 1.41 | 1.79,0.875,0.000,0,1,0,0,0,0,-1,0,12,0,,0,,0,,0,0,875.5,0,1
17254812856,580,3,3,8,8,10.019,12,0,0.11 | 0.11 | 0.13,0,2.23 | 2.83 | 3.56,0,1.12 | 1.41 | 1.79,0.875,0.000,0,1,0,0,0,0,-1,0,12,0,,0,,0,,0,0,875.5,0,1
17254812857,580,3,3,8,8,10.019,12,0,0.11 | 0.11 | 0.13,0,2.23 | 2.83 | 3.56,0,1.12 | 1.41 | 1.79,0.875,0.000,0,1,0,0,0,0,-1,0,12,0,,0,,0,,0,0,875.5,0,1
17254812858,580,3,3,8,8,10.019,12,0,0.11 | 0.11 | 0.13,0,2.23 | 2.83 | 3.56,0,1.12 | 1.41 | 1.79,0.875,0.000,0,1,0,0,0,0,-1,0,12,0,,0,,0,,0,0,875.5,0,1
17254812859,580,3,3,8,8,10.019,12,0,0.11 | 0.11 | 0.13,0,2.23 | 2.83 | 3.56,0,1.12 | 1.41 | 1.79,0.875,0.000,0,1,0,0,0,0,-1,0,12,0,,0,,0,,0,0,875.5,0,1
17254812860,580,3,3,8,8,10.019,12,0,0.11 | 0.11 | 0.13,0,2.23 | 2.83 | 3.56,0,1.12 | 1.41 | 1.79,0.875,0.000,0,1,0,0,0,0,-1,0,12,0,,0,,0,,0,0,875.5,0,1
17254812861,580,3,3,8,8,10.019,12,0,0.11 | 0.11 | 0.13,0,2.23 | 2.83 | 3.56,0,1.12 | 1.41 | 1.79,0.875,0.000,0,1,0,0,0,0,-1,0,12,0,,0,,0,,0,0,875.5,0,1
17254812862,580,3,3,8,8,10.019,12,0,0.11 | 0.11 | 0.13,0,2.23 | 2.83 | 3.56,0,1.12 | 1.41 | 1.79,0.875,0.000,0,1,0,0,0,0,-1,0,12,0,,0,,0,,0,0,875.5,0,1
17254812863,580,3,3,8,8,9.222,12,0,0.11 | 0.11 | 0.13,0,2.23 | 2.83 | 3.56,0,1.12 | 1.41 | 1.79,0.875,0.000,0,1,0,0,0,0,-1,0,12,0,,0,,0,,0,0,875.5,0,1
17254812864,580,3,3,8,8,9.222,12,0,0.11 | 0.11 | 0.13,0,2.23 | 2.83 | 3.56,0,1.12 | 1.41 | 1.79,0.875,0.000,0,1,0,0,0,0,-1,0,12,0,,0,,0,,0,0,875.5,0,1
17254812865,580,3,3,8,8,9.222,12,0,0.11 | 0.11 | 0.13,0,2.23 | 2.83 | 3.56,0,1.12 | 1.41 | 1.79,0.875,0.000,0,1,0,0,0,0,-1,0,12,0,,0,,0,,0,0,875.5,0,1
17254812866,580,3,3,8,8,9.222,12,0,0.11 | 0.11 | 0.13,0,2.23 | 2.83 | 3.56,0,1.12 | 1.41 | 1.79,0.875,0.000,0,1,0,0,0,0,-1,0,12,0,,0,,0,,0,0,875.5,0,1
17254812867,580,3,3,8,8,9.222,12,0,0.11 | 0.11 | 0.13,0,2.23 | 2.83 | 3.56,0,1.12 | 1.41 | 1.79,0.875,0.000,0,1,0,0,0,0,-1,0,12,0,,0,,0,,0,0,875.5,0,1
17254812868,580,3,3,8,8,9.222,12,0,0.11 | 0.11 | 0.13,0,2.23 | 2.83 | 3.56,0,1.12 | 1.41 | 1.79,0.875,0.000,0,1,0,0,0,0,-1,0,12,0,,0,,0,,0,0,875.5,0,1
17254812869,580,3,3,8,8,9.222,12,0,0.11 | 0.11 | 0.13,0,2.23 | 2.83 | 3.56,0,1.12 | 1.41 | 1.79,0.875,0.000,0,1,0,0,0,0,-1,0,12,0,,0,,0,,0,0,875.5,0,1
17254812870,580,3,3,8,8,9.222,12,0,0.11 | 0.11 | 0.13,0,2.23 | 2.83 | 3.56,0,1.12 | 1.41 | 1.79,0.875,0.000,0,1,0,0,0,0,-1,0,12,0,,0,,0,,0,0,875.5,0,1
17254812871,580,3,3,8,8,9.222,12,0,0.11 | 0.11 | 0.13,0,2.23 | 2.83 | 3.56,0,1.12 | 1.41 | 1.79,0.875,0.000,0,1,0,0,0,0,-1,0,12,0,,0,,0,,0,0,875.5,0,1
17254812872,580,3,3,8,8,9.222,12,0,0.11 | 0.11 | 0.13,0,2.23 | 2.83 | 3.56,0,1.12 | 1.41 | 1.79,0.875,0.000,0,1,0,0,0,0,-1,0,12,0,,0,,0,,0,0,875.5,0,1
17254812873,580,3,3,8,8,8.16,12,0,0.11 | 0.11 | 0.13,0,2.23 | 2.83 | 3.56,0,1.12 | 1.41 | 1.79,0.875,0.000,0,1,0,0,0,0,-1,0,12,0,,0,,0,,0,0,875.5,0,1
17254812874,580,3,3,8,8,8.16,12,0,0.11 | 0.11 | 0.13,0,2.23 | 2.83 | 3.56,0,1.12 | 1.41 | 1.79,0.875,0.000,0,1,0,0,0,0,-1,0,12,0,,0,,0,,0,0,875.5,0,1
17254812875,580,3,3,8,8,8.16,12,0,0.11 | 0.11 | 0.13,0,2.23 | 2.83 | 3.56,0,1.12 | 1.41 | 1.79,0.875,0.000,0,1,0,0,0,0,-1,0,12,0,,0,,0,,0,0,875.5,0,1
17254812876,580,3,3,8,8,8.16,12,0,0.11 | 0.11 | 0.13,0,2.23 | 2.83 | 3.56,0,1.12 | 1.41 | 1.79,0.875,0.000,0,1,0,0,0,0,-1,0,12,0,,0,,0,,0,0,875.5,0,1
17254812877,580,3,3,8,8,8.16,12,0,0.11 | 0.11 | 0.13,0,2.23 | 2.83 | 3.56,0,1.12 | 1.41 | 1.79,0.875,0.000,0,1,0,0,0,0,-1,0,12,0,,0,,0,,0,0,875.5,0,1
17254812878,580,3,3,8,8,8.16,12,0,0.11 | 0.11 | 0.13,0,2.23 | 2.83 | 3.56,0,1.12 | 1.41 | 1.79,0.875,0.000,0,1,0,0,0,0,-1,0,12,0,,0,,0,,0,0,875,0,1
17254812879,580,3,3,8,8,8.16,12,0,0.11 | 0.11 | 0.13,0,2.23 | 2.83 | 3.56,0,1.12 | 1.41 | 1.79,0.875,0.000,0,1,0,0,0,0,-1,0,12,0,,0,,0,,0,0,875,0,1
17254812880,580,3,3,8,8,8.16,12,0,0.11 | 0.11 | 0.13,0,2.23 | 2.83 | 3.56,0,1.12 | 1.41 | 1.79,0.875,0.000,0,1,0,0,0,0,-1,0,12,0,,0,,0,,0,0,875,0,1
17254812881,580,3,3,8,8,8.16,12,0,0.11 | 0.11 | 0.13,0,2.23 | 2.83 | 3.56,0,1.12 | 1.41 | 1.79,0.875,0.000,0,1,0,0,0,0,-1,0,12,0,,0,,0,,0,0,875,0,1
17254812882,580,3,3,8,8,8.16,12,0,0.11 | 0.11 | 0.13,0,2.23 | 2.83 | 3.56,0,1.12 | 1.41 | 1.79,0.875,0.000,0,1,0,0,0,0,-1,0,12,0,,0,,0,,0,0,875,0,1
17254812883,580,3,3,8,8,11.866,13,0,0.11 | 0.11 | 0.11,0,2.23 | 2.83 | 3.56,0,1.12 | 1.41 | 1.79,0.875,0.000,0,1,0,0,0,0,-1,0,13,0,,0,,0,,0,0,875,0,1
17254812884,580,3,3,8,8,11.866,13,0,0.11 | 0.11 | 0.11,0,2.23 | 2.83 | 3.56,0,1.12 | 1.41 | 1.79,0.875,0.000,0,1,0,0,0,0,-1,0,13,0,,0,,0,,0,0,875,0,1
17254812885,580,3,3,8,8,11.866,13,0,0.11 | 0.11 | 0.11,0,2.23 | 2.83 | 3.56,0,1.12 | 1.41 | 1.79,0.875,0.000,0,1,0,0,0,0,-1,0,13,0,,0,,0,,0,0,875,0,1
17254812886,580,3,3,8,8,11.866,13,0,0.11 | 0.11 | 0.11,0,2.23 | 2.83 | 3.56,0,1.12 | 1.41 | 1.79,0.875,0.000,0,1,0,0,0,0,-1,0,13,0,,0,,0,,0,0,875,0,1
17254812887,580,3,3,8,8,11.866,13,0,0.11 | 0.11 | 0.11,0,2.23 | 2.83 | 3.56,0,1.12 | 1.41 | 1.79,0.875,0.000,0,1,0,0,0,0,-1,0,13,0,,0,,0,,0,0,875,0,1
17254812888,580,3,3,8,8,11.866,13,0,0.11 | 0.11 | 0.11,0,2.23 | 2.83 | 3.56,0,1.12 | 1.41 | 1.79,0.875,0.000,0,1,0,0,0,0,-1,0,13,0,,0,,0,,0,0,875,0,1
17254812889,580,3,3,8,8,11.866,13,0,0.11 | 0.11 | 0.11,0,2.23 | 2.83 | 3.56,0,1.12 | 1.41 | 1.79,0.875,0.000,0,1,0,0,0,0,-1,0,13,0,,0,,0,,0,0,875,0,1
17254812890,580,3,3,8,8,11.866,13,0,0.11 | 0.11 | 0.11,0,2.23 | 2.83 | 3.56,0,1.12 | 1.41 | 1.79,0.875,0.000,0,1,0,0,0,0,-1,0,13,0,,0,,0,,0,0,875,0,1
17254812891,580,3,3,8,8,11.866,13,0,0.11 | 0.11 | 0.11,0,2.23 | 2.83 | 3.56,0,1.12 | 1.41 | 1.79,0.875,0.000,0,1,0,0,0,0,-1,0,13,0,,0,,0,,0,0,875,0,1
17254812892,580,3,3,8,8,11.866,13,0,0.11 | 0.11 | 0.11,0,2.23 | 2.83 | 3.56,0,1.12 | 1.41 | 1.79,0.875,0.000,0,1,0,0,0,0,-1,0,13,0,,0,,0,,0,0,875,0,1
17254812893,580,3,3,8,8,11.069,13,0,0.11 | 0.11 | 0.11,0,2.23 | 2.83 | 3.56,0,1.12 | 1.41 | 1.79,0.875,0.000,0,1,0,0,0,0,-1,0,13,0,,0,,0,,0,0,875,0,1
17254812894,580,3,3,8,8,11.069,13,0,0.11 | 0.11 | 0.11,0,2.23 | 2.83 | 3.56,0,1.12 | 1.41 | 1.79,0.875,0.000,0,1,0,0,0,0,-1,0,13,0,,0,,0,,0,0,875,0,1
17254812895,580,3,3,8,8,11.069,13,0,0.11 | 0.11 | 0.11,0,2.23 | 2.83 | 3.56,0,1.12 | 1.41 | 1.79,0.875,0.000,0,1,0,0,0,0,-1,0,13,0,,0,,0,,0,0,875,0,1
17254812896,580,3,3,8,8,11.069,13,0,0.11 | 0.11 | 0.11,0,2.23 | 2.83 | 3.56,0,1.12 | 1.41 | 1.79,0.875,0.000,0,1,0,0,0,0,-1,0,13,0,,0,,0,,0,0,875,0,1
17254812897,580,3,3,8,8,11.069,13,0,0.11 | 0.11 | 0.11,0,2.23 | 2.83 | 3.56,0,1.12 | 1.41 | 1.79,0.875,0.000,0,1,0,0,0,0,-1,0,13,0,,0,,0,,0,0,875,0,1
17254812898,580,3,3,8,8,11.069,13,0,0.11 | 0.11 | 0.11,0,2.23 | 2.83 | 3.56,0,1.12 | 1.41 | 1.79,0.875,0.000,0,1,0,0,0,0,-1,0,13,0,,0,,0,,0,0,875,0,1
17254812899,580,3,3,8,8,11.069,13,0,0.11 | 0.11 | 0.11,0,2.23 | 2.83 | 3.56,0,1.12 | 1.41 | 1.79,0.875,0.000,0,1,0,0,0,0,-1,0,13,0,,0,,0,,0,0,875,0,1
17254812900,580,3,3,8,8,11.069,13,0,0.11 | 0.11 | 0.11,0,2.23 | 2.83 | 3.56,0,1.12 | 1.41 | 1.79,0.875,0.000,0,1,0,0,0,0,-1,0,13,0,,0,,0,,0,0,875,0,1
17254812901,580,3,3,8,8,11.069,13,0,0.11 | 0.11 | 0.11,0,2.23 | 2.83 | 3.56,0,1.12 | 1.41 | 1.79,0.875,0.000,0,1,0,0,0,0,-1,0,13,0,,0,,0,,0,0,875,0,1
17254812902,580,3,3,8,8,11.069,13,0,0.11 | 0.11 | 0.11,0,2.23 | 2.83 | 3.56,0,1.12 | 1.41 | 1.79,0.875,0.000,0,1,0,0,0,0,-1,0,13,0,,0,,0,,0,0,894,0,1
17254812903,580,3,3,8,8,13.163,13,0,0.11 | 0.11 | 0.11,0,1.79 | 2.62 | 3.56,0,1.12 | 1.53 | 2.23,0.894,0.000,0,1,0,0,0,0,-1,0,13,0,,0,,0,,0,0,894,0,1
17254812904,580,3,3,8,8,13.163,13,0,0.11 | 0.11 | 0.11,0,1.79 | 2.62 | 3.56,0,1.12 | 1.53 | 2.23,0.894,0.000,0,1,0,0,0,0,-1,0,13,0,,0,,0,,0,0,894,0,1
17254812905,580,3,3,8,8,13.163,13,0,0.11 | 0.11 | 0.11,0,1.79 | 2.62 | 3.56,0,1.12 | 1.53 | 2.23,0.894,0.000,0,1,0,0,0,0,-1,0,13,0,,0,,0,,0,0,894,0,1
17254812906,580,3,3,8,8,13.163,13,0,0.11 | 0.11 | 0.11,0,1.79 | 2.62 | 3.56,0,1.12 | 1.53 | 2.23,0.894,0.000,0,1,0,0,0,0,-1,0,13,0,,0,,0,,0,0,894,0,1
17254812907,580,3,3,8,8,13.163,13,0,0.11 | 0.11 | 0.11,0,1.79 | 2.62 | 3.56,0,1.12 | 1.53 | 2.23,0.894,0.000,0,1,0,0,0,0,-1,0,13,0,,0,,0,,0,0,894,0,1
17254812908,580,3,3,8,8,13.163,13,0,0.11 | 0.11 | 0.11,0,1.79 | 2.62 | 3.56,0,1.12 | 1.53 | 2.23,0.894,0.000,0,1,0,0,0,0,-1,0,13,0,,0,,0,,0,0,894,0,1
17254812909,580,3,3,8,8,13.163,13,0,0.11 | 0.11 | 0.11,0,1.79 | 2.62 | 3.56,0,1.12 | 1.53 | 2.23,0.894,0.000,0,1,0,0,0,0,-1,0,13,0,,0,,0,,0,0,894,0,1
17254812910,580,3,3,8,8,13.163,13,0,0.11 | 0.11 | 0.11,0,1.79 | 2.62 | 3.56,0,1.12 | 1.53 | 2.23,0.894,0.000,0,1,0,0,0,0,-1,0,13,0,,0,,0,,0,0,894,0,1
17254812911,580,3,3,8,8,13.163,13,0,0.11 | 0.11 | 0.11,0,1.79 | 2.62 | 3.56,0,1.12 | 1.53 | 2.23,0.894,0.000,0,1,0,0,0,0,-1,0,13,0,,0,,0,,0,0,894,0,1
17254812912,580,3,3,8,8,13.163,13,0,0.11 | 0.11 | 0.11,0,1.79 | 2.62 | 3.56,0,1.12 | 1.53 | 2.23,0.894,0.000,0,1,0,0,0,0,-1,0,13,0,,0,,0,,0,0,894,0,1
17254812913,580,3,3,8,8,12.012,14,0,0.11 | 0.11 | 0.11,0,1.79 | 2.62 | 3.56,0,1.12 | 1.53 | 2.23,0.894,0.000,0,1,0,0,0,0,-1,0,14,0,,0,,0,,0,0,894,0,1
17254812914,580,3,3,8,8,12.012,14,0,0.11 | 0.11 | 0.11,0,1.79 | 2.62 | 3.56,0,1.12 | 1.53 | 2.23,0.894,0.000,0,1,0,0,0,0,-1,0,14,0,,0,,0,,0,0,894,0,1
17254812915,580,3,3,8,8,12.012,14,0,0.11 | 0.11 | 0.11,0,1.79 | 2.62 | 3.56,0,1.12 | 1.53 | 2.23,0.894,0.000,0,1,0,0,0,0,-1,0,14,0,,0,,0,,0,0,894,0,1
17254812916,580,3,3,8,8,12.012,14,0,0.11 | 0.11 | 0.11,0,1.79 | 2.62 | 3.56,0,1.12 | 1.53 | 2.23,0.894,0.000,0,1,0,0,0,0,-1,0,14,0,,0,,0,,0,0,894,0,1
17254812917,580,3,3,8,8,12.012,14,0,0.11 | 0.11 | 0.11,0,1.79 | 2.62 | 3.56,0,1.12 | 1.53 | 2.23,0.894,0.000,0,1,0,0,0,0,-1,0,14,0,,0,,0,,0,0,894,0,1
17254812918,580,3,3,8,8,12.012,14,0,0.11 | 0.11 | 0.11,0,1.79 | 2.62 | 3.56,0,1.12 | 1.53 | 2.23,0.894,0.000,0,1,0,0,0,0,-1,0,14,0,,0,,0,,0,0,894,0,1
17254812919,580,3,3,8,8,12.012,14,0,0.11 | 0.11 | 0.11,0,1.79 | 2.62 | 3.56,0,1.12 | 1.53 | 2.23,0.894,0.000,0,1,0,0,0,0,-1,0,14,0,,0,,0,,0,0,894,0,1
17254812920,580,3,3,8,8,12.012,14,0,0.11 | 0.11 | 0.11,0,1.79 | 2.62 | 3.56,0,1.12 | 1.53 | 2.23,0.894,0.000,0,1,0,0,0,0,-1,0,14,0,,0,,0,,0,0,894,0,1
17254812921,580,3,3,8,8,12.012,14,0,0.11 | 0.11 | 0.11,0,1.79 | 2.62 | 3.56,0,1.12 | 1.53 | 2.23,0.894,0.000,0,1,0,0,0,0,-1,0,14,0,,0,,0,,0,0,894,0,1
17254812922,580,3,3,8,8,12.012,14,0,0.11 | 0.11 | 0.11,0,1.79 | 2.62 | 3.56,0,1.12 | 1.53 | 2.23,0.894,0.000,0,1,0,0,0,0,-1,0,14,0,,0,,0,,0,0,894,0,1
17254812923,580,3,3,8,8,11.081,14,0,0.11 | 0.11 | 0.11,0,1.79 | 2.62 | 3.56,0,1.12 | 1.53 | 2.23,0.894,0.000,0,1,0,0,0,0,-1,0,14,0,,0,,0,,0,0,894,0,1
17254812924,580,3,3,8,8,11.081,14,0,0.11 | 0.11 | 0.11,0,1.79 | 2.62 | 3.56,0,1.12 | 1.53 | 2.23,0.894,0.000,0,1,0,0,0,0,-1,0,14,0,,0,,0,,0,0,894,0,1
17254812925,580,3,3,8,8,11.081,14,0,0.11 | 0.11 | 0.11,0,1.79 | 2.62 | 3.56,0,1.12 | 1.53 | 2.23,0.894,0.000,0,1,0,0,0,0,-1,0,14,0,,0,,0,,0,0,894,0,1
17254812926,580,3,3,8,8,11.081,14,0,0.11 | 0.11 | 0.11,0,1.79 | 2.62 | 3.56,0,1.12 | 1.53 | 2.23,0.894,0.000,0,1,0,0,0,0,-1,0,14,0,,0,,0,,0,0,894,0,1
17254812927,580,3,3,8,8,11.081,14,0,0.11 | 0.11 | 0.11,0,1.79 | 2.62 | 3.56,0,1.12 | 1.53 | 2.23,0.894,0.000,0,1,0,0,0,0,-1,0,14,0,,0,,0,,0,0,894,0,1
17254812928,580,3,3,8,8,11.081,14,0,0.11 | 0.11 | 0.11,0,1.79 | 2.62 | 3.56,0,1.12 | 1.53 | 2.23,0.894,0.000,0,1,0,0,0,0,-1,0,14,0,,0,,0,,0,0,894,0,1
17254812929,580,3,3,8,8,11.081,14,0,0.11 | 0.11 | 0.11,0,1.79 | 2.62 | 3.56,0,1.12 | 1.53 | 2.23,0.894,0.000,0,1,0,0,0,0,-1,0,14,0,,0,,0,,0,0,894,0,1
17254812930,580,3,3,8,8,11.081,14,0,0.11 | 0.11 | 0.11,0,1.79 | 2.62 | 3.56,0,1.12 | 1.53 | 2.23,0.894,0.000,0,1,0,0,0,0,-1,0,14,0,,0,,0,,0,0,894,0,1
17254812931,580,3,3,8,8,11.081,14,0,0.11 | 0.11 | 0.11,0,1.79 | 2.62 | 3.56,0,1.12 | 1.53 | 2.23,0.894,0.000,0,1,0,0,0,0,-1,0,14,0,,0,,0,,0,0,894,0,1
17254812932,580,3,3,8,8,11.081,14,0,0.11 | 0.11 | 0.11,0,1.79 | 2.62 | 3.56,0,1.12 | 1.53 | 2.23,0.894,0.000,0,1,0,0,0,0,-1,0,14,0,,0,,0,,0,0,894,0,1
17254812933,580,3,3,8,8,10.019,14,0,0.11 | 0.11 | 0.11,0,1.79 | 2.62 | 3.56,0,1.12 | 1.53 | 2.23,0.894,0.000,0,1,0,0,0,0,-1,0,14,0,,0,,0,,0,0,894,0,1
17254812934,580,3,3,8,8,10.019,14,0,0.11 | 0.11 | 0.11,0,1.79 | 2.62 | 3.56,0,1.12 | 1.53 | 2.23,0.894,0.000,0,1,0,0,0,0,-1,0,14,0,,0,,0,,0,0,894,0,1
17254812935,580,3,3,8,8,10.019,14,0,0.11 | 0.11 | 0.11,0,1.79 | 2.62 | 3.56,0,1.12 | 1.53 | 2.23,0.894,0.000,0,1,0,0,0,0,-1,0,14,0,,0,,0,,0,0,894,0,1
17254812936,580,3,3,8,8,10.019,14,0,0.11 | 0.11 | 0.11,0,1.79 | 2.62 | 3.56,0,1.12 | 1.53 | 2.23,0.894,0.000,0,1,0,0,0,0,-1,0,14,0,,0,,0,,0,0,894,0,1
17254812937,580,3,3,8,8,10.019,14,0,0.11 | 0.11 | 0.11,0,1.79 | 2.62 | 3.56,0,1.12 | 1.53 | 2.23,0.894,0.000,0,1,0,0,0,0,-1,0,14,0,,0,,0,,0,0,894,0,1
17254812938,580,3,3,8,8,10.019,14,0,0.11 | 0.11 | 0.11,0,1.79 | 2.62 | 3.56,0,1.12 | 1.53 | 2.23,0.894,0.000,0,1,0,0,0,0,-1,0,14,0,,0,,0,,0,0,894,0,1
17254812939,580,3,3,8,8,10.019,14,0,0.11 | 0.11 | 0.11,0,1.79 | 2.62 | 3.56,0,1.12 | 1.53 | 2.23,0.894,0.000,0,1,0,0,0,0,-1,0,14,0,,0,,0,,0,0,894,0,1
17254812940,580,3,3,8,8,10.019,14,0,0.11 | 0.11 | 0.11,0,1.79 | 2.62 | 3.56,0,1.12 | 1.53 | 2.23,0.894,0.000,0,1,0,0,0,0,-1,0,14,0,,0,,0,,0,0,894,0,1
17254812941,580,3,3,8,8,10.019,14,0,0.11 | 0.11 | 0.11,0,1.79 | 2.62 | 3.56,0,1.12 | 1.53 | 2.23,0.894,0.000,0,1,0,0,0,0,-1,0,14,0,,0,,0,,0,0,894,0,1
17254812942,580,3,3,8,8,10.019,14,0,0.11 | 0.11 | 0.11,0,1.79 | 2.62 | 3.56,0,1.12 | 1.53 | 2.23,0.894,0.000,0,1,0,0,0,0,-1,0,14,0,,0,,0,,0,0,894,0,1
17254812943,580,3,3,8,8,9.222,14,0,0.11 | 0.11 | 0.11,0,1.79 | 2.62 | 3.56,0,1.12 | 1.53 | 2.23,0.894,0.000,0,1,0,0,0,0,-1,0,14,0,,0,,0,,0,0,894,0,1
17254812944,580,3,3,8,8,9.222,14,0,0.11 | 0.11 | 0.11,0,1.79 | 2.62 | 3.56,0,1.12 | 1.53 | 2.23,0.894,0.000,0,1,0,0,0,0,-1,0,14,0,,0,,0,,0,0,894,0,1
17254812945,580,3,3,8,8,9.222,14,0,0.11 | 0.11 | 0.11,0,1.79 | 2.62 | 3.56,0,1.12 | 1.53 | 2.23,0.894,0.000,0,1,0,0,0,0,-1,0,14,0,,0,,0,,0,0,894,0,1
17254812946,580,3,3,8,8,9.222,14,0,0.11 | 0.11 | 0.11,0,1.79 | 2.62 | 3.56,0,1.12 | 1.53 | 2.23,0.894,0.000,0,1,0,0,0,0,-1,0,14,0,,0,,0,,0,0,894,0,1
17254812947,580,3,3,8,8,9.222,14,0,0.11 | 0.11 | 0.11,0,1.79 | 2.62 | 3.56,0,1.12 | 1.53 | 2.23,0.894,0.000,0,1,0,0,0,0,-1,0,14,0,,0,,0,,0,0,921.75,0,1
17254812948,580,3,3,8,8,9.222,14,0,0.11 | 0.11 | 0.11,0,1.79 | 2.62 | 3.56,0,1.12 | 1.53 | 2.23,0.894,0.000,0,1,0,0,0,0,-1,0,14,0,,0,,0,,0,0,921.75,0,1
17254812949,580,3,3,8,8,9.222,14,0,0.11 | 0.11 | 0.11,0,1.79 | 2.62 | 3.56,0,1.12 | 1.53 | 2.23,0.894,0.000,0,1,0,0,0,0,-1,0,14,0,,0,,0,,0,0,921.75,0,1
17254812950,580,3,3,8,8,9.222,14,0,0.11 | 0.11 | 0.11,0,1.79 | 2.62 | 3.56,0,1.12 | 1.53 | 2.23,0.894,0.000,0,1,0,0,0,0,-1,0,14,0,,0,,0,,0,0,921.75,0,1
17254812951,580,3,3,8,8,9.222,14,0,0.11 | 0.11 | 0.11,0,1.79 | 2.62 | 3.56,0,1.12 | 1.53 | 2.23,0.894,0.000,0,1,0,0,0,0,-1,0,14,0,,0,,0,,0,0,921.75,0,1
17254812952,580,3,3,8,8,9.222,14,0,0.11 | 0.11 | 0.11,0,1.79 | 2.62 | 3.56,0,1.12 | 1.53 | 2.23,0.894,0.000,0,1,0,0,0,0,-1,0,14,0,,0,,0,,0,0,921.75,0,1
17254812953,580,3,3,8,8,12.96,14,0,0.11 | 0.11 | 0.11,0,1.79 | 2.46 | 2.93,0,1.37 | 1.62 | 2.23,0.922,0.000,0,1,0,0,0,0,-1,0,14,0,,0,,0,,0,0,921.75,0,1
17254812954,580,3,3,8,8,12.96,14,0,0.11 | 0.11 | 0.11,0,1.79 | 2.46 | 2.93,0,1.37 | 1.62 | 2.23,0.922,0.000,0,1,0,0,0,0,-1,0,14,0,,0,,0,,0,0,921.75,0,1
17254812955,580,3,3,8,8,12.96,14,0,0.11 | 0.11 | 0.11,0,1.79 | 2.46 | 2.93,0,1.37 | 1.62 | 2.23,0.922,0.000,0,1,0,0,0,0,-1,0,14,0,,0,,0,,0,0,921.75,0,1
17254812956,580,3,3,8,8,12.96,14,0,0.11 | 0.11 | 0.11,0,1.79 | 2.46 | 2.93,0,1.37 | 1.62 | 2.23,0.922,0.000,0,1,0,0,0,0,-1,0,14,0,,0,,0,,0,0,921.75,0,1
17254812957,580,3,3,8,8,12.96,14,0,0.11 | 0.11 | 0.11,0,1.79 | 2.46 | 2.93,0,1.37 | 1.62 | 2.23,0.922,0.000,0,1,0,0,0,0,-1,0,14,0,,0,,0,,0,0,921.75,0,1
17254812958,580,3,3,8,8,12.96,14,0,0.11 | 0.11 | 0.11,0,1.79 | 2.46 | 2.93,0,1.37 | 1.62 | 2.23,0.922,0.000,0,1,0,0,0,0,-1,0,14,0,,0,,0,,0,0,921.75,0,1
17254812959,580,3,3,8,8,12.96,14,0,0.11 | 0.11 | 0.11,0,1.79 | 2.46 | 2.93,0,1.37 | 1.62 | 2.23,0.922,0.000,0,1,0,0,0,0,-1,0,14,0,,0,,0,,0,0,921.75,0,1
17254812960,580,3,3,8,8,12.96,14,0,0.11 | 0.11 | 0.11,0,1.79 | 2.46 | 2.93,0,1.37 | 1.62 | 2.23,0.922,0.000,0,1,0,0,0,0,-1,0,14,0,,0,,0,,0,0,921.75,0,1
17254812961,580,3,3,8,8,12.96,14,0,0.11 | 0.11 | 0.11,0,1.79 | 2.46 | 2.93,0,1.37 | 1.62 | 2.23,0.922,0.000,0,1,0,0,0,0,-1,0,14,0,,0,,0,,0,0,921.75,0,1
17254812962,580,3,3,8,8,12.96,14,0,0.11 | 0.11 | 0.11,0,1.79 | 2.46 | 2.93,0,1.37 | 1.62 | 2.23,0.922,0.000,0,1,0,0,0,0,-1,0,14,0,,0,,0,,0,0,921.75,0,1
17254812963,580,3,3,8,8,11.897,14,0,0.11 | 0.11 | 0.11,0,1.79 | 2.46 | 2.93,0,1.37 | 1.62 | 2.23,0.922,0.000,0,1,0,0,0,0,-1,0,14,0,,0,,0,,0,0,921.75,0,1
17254812964,580,3,3,8,8,11.897,14,0,0.11 | 0.11 | 0.11,0,1.79 | 2.46 | 2.93,0,1.37 | 1.62 | 2.23,0.922,0.000,0,1,0,0,0,0,-1,0,14,0,,0,,0,,0,0,921.75,0,1
17254812965,580,3,3,8,8,11.897,14,0,0.11 | 0.11 | 0.11,0,1.79 | 2.46 | 2.93,0,1.37 | 1.62 | 2.23,0.922,0.000,0,1,0,0,0,0,-1,0,14,0,,0,,0,,0,0,921.75,0,1
17254812966,580,3,3,8,8,11.897,14,0,0.11 | 0.11 | 0.11,0,1.79 | 2.46 | 2.93,0,1.37 | 1.62 | 2.23,0.922,0.000,0,1,0,0,0,0,-1,0,14,0,,0,,0,,0,0,921.75,0,1
17254812967,772,3,4,8,8,11.897,14,0,0.11 | 0.11 | 0.11,0,1.79 | 2.46 | 2.93,0,1.37 | 1.62 | 2.23,0.922,0.000,0,1,0,0,0,0,-1,0,14,0,,0,,0,,0,0,921.75,0,1
17254812968,772,3,4,8,8,11.897,14,0,0.11 | 0.11 | 0.11,0,1.79 | 2.46 | 2.93,0,1.37 | 1.62 | 2.23,0.922,0.000,0,1,0,0,0,0,-1,0,14,0,,0,,0,,0,0,921.75,0,1
17254812969,772,3,4,8,8,11.897,14,0,0.11 | 0.11 | 0.11,0,1.79 | 2.46 | 2.93,0,1.37 | 1.62 | 2.23,0.922,0.000,0,1,0,0,0,0,-1,0,14,0,,0,,0,,0,0,921.75,0,1
17254812970,772,3,4,8,8,11.897,14,0,0.11 | 0.11 | 0.11,0,1.79 | 2.46 | 2.93,0,1.37 | 1.62 | 2.23,0.922,0.000,0,1,0,0,0,0,-1,0,14,0,,0,,0,,0,0,921.75,0,1
17254812971,772,3,4,8,8,11.897,14,0,0.11 | 0.11 | 0.11,0,1.79 | 2.46 | 2.93,0,1.37 | 1.62 | 2.23,0.922,0.000,0,1,0,0,0,0,-1,0,14,0,,0,,0,,0,0,921.75,0,1
17254812972,772,3,4,8,8,11.897,14,0,0.11 | 0.11 | 0.11,0,1.79 | 2.46 | 2.93,0,1.37 | 1.62 | 2.23,0.922,0.000,0,1,0,0,0,0,-1,0,14,0,,0,,0,,0,0,921.75,0,1
17254812973,772,3,4,8,8,10.835,14,0,0.11 | 0.11 | 0.11,0,1.79 | 2.46 | 2.93,0,1.37 | 1.62 | 2.23,0.922,0.000,0,1,0,0,0,0,-1,0,14,0,,0,,0,,0,0,921.75,0,1
17254812974,772,3,4,8,8,10.835,14,0,0.11 | 0.11 | 0.11,0,1.79 | 2.46 | 2.93,0,1.37 | 1.62 | 2.23,0.922,0.000,0,1,0,0,0,0,-1,0,14,0,,0,,0,,0,0,921.75,0,1
17254812975,772,3,4,8,8,10.835,14,0,0.11 | 0.11 | 0.11,0,1.79 | 2.46 | 2.93,0,1.37 | 1.62 | 2.23,0.922,0.000,0,1,0,0,0,0,-1,0,14,0,,0,,0,,0,0,921.75,0,1
17254812976,772,3,4,8,8,10.835,14,0,0.11 | 0.11 | 0.11,0,1.79 | 2.46 | 2.93,0,1.37 | 1.62 | 2.23,0.922,0.000,0,1,0,0,0,0,-1,0,14,0,,0,,0,,0,0,921.75,0,1
17254812977,772,3,4,8,8,10.835,14,0,0.11 | 0.11 | 0.11,0,1.79 | 2.46 | 2.93,0,1.37 | 1.62 | 2.23,0.922,0.000,0,1,0,0,0,0,-1,0,14,0,,0,,0,,0,0,921.75,0,1
17254812978,772,3,4,8,8,10.835,14,0,0.11 | 0.11 | 0.11,0,1.79 | 2.46 | 2.93,0,1.37 | 1.62 | 2.23,0.922,0.000,0,1,0,0,0,0,-1,0,14,0,,0,,0,,0,0,921.75,0,1
17254812979,772,3,4,8,8,10.835,14,0,0.11 | 0.11 | 0.11,0,1.79 | 2.46 | 2.93,0,1.37 | 1.62 | 2.23,0.922,0.000,0,1,0,0,0,0,-1,0,14,0,,0,,0,,0,0,921.75,0,1
17254812980,772,3,4,8,8,10.835,14,0,0.11 | 0.11 | 0.11,0,1.79 | 2.46 | 2.93,0,1.37 | 1.62 | 2.23,0.922,0.000,0,1,0,0,0,0,-1,0,14,0,,0,,0,,0,0,921.75,0,1
17254812981,772,3,4,8,8,10.835,14,0,0.11 | 0.11 | 0.11,0,1.79 | 2.46 | 2.93,0,1.37 | 1.62 | 2.23,0.922,0.000,0,1,0,0,0,0,-1,0,14,0,,0,,0,,0,0,921.75,0,1
17254812982,772,3,4,8,8,10.835,14,0,0.11 | 0.11 | 0.11,0,1.79 | 2.46 | 2.93,0,1.37 | 1.62 | 2.23,0.922,0.000,0,1,0,0,0,0,-1,0,14,0,,0,,0,,0,0,921.75,0,1
17254812983,772,3,4,8,8,10.038,14,0,0.11 | 0.11 | 0.11,0,1.79 | 2.46 | 2.93,0,1.37 | 1.62 | 2.23,0.922,0.000,0,1,0,0,0,0,-1,0,14,0,,0,,0,,0,0,921.75,0,1
17254812984,772,3,4,8,8,10.038,14,0,0.11 | 0.11 | 0.11,0,1.79 | 2.46 | 2.93,0,1.37 | 1.62 | 2.23,0.922,0.000,0,1,0,0,0,0,-1,0,14,0,,0,,0,,0,0,921.75,0,1
17254812985,772,3,4,8,8,10.038,14,0,0.11 | 0.11 | 0.11,0,1.79 | 2.46 | 2.93,0,1.37 | 1.62 | 2.23,0.922,0.000,0,1,0,0,0,0,-1,0,14,0,,0,,0,,0,0,921.75,0,1
17254812986,772,3,4,8,8,10.038,14,0,0.11 | 0.11 | 0.11,0,1.79 | 2.46 | 2.93,0,1.37 | 1.62 | 2.23,0.922,0.000,0,1,0,0,0,0,-1,0,14,0,,0,,0,,0,0,921.75,0,1
17254812987,772,3,4,8,8,10.038,14,0,0.11 | 0.11 | 0.11,0,1.79 | 2.46 | 2.93,0,1.37 | 1.62 | 2.23,0.922,0.000,0,1,0,0,0,0,-1,0,14,0,,0,,0,,0,0,921.75,0,1
17254812988,772,3,4,8,8,10.038,14,0,0.11 | 0.11 | 0.11,0,1.79 | 2.46 | 2.93,0,1.37 | 1.62 | 2.23,0.922,0.000,0,1,0,0,0,0,-1,0,14,0,,0,,0,,0,0,921.75,0,1
17254812989,772,3,4,8,8,10.038,14,0,0.11 | 0.11 | 0.11,0,1.79 | 2.46 | 2.93,0,1.37 | 1.62 | 2.23,0.922,0.000,0,1,0,0,0,0,-1,0,14,0,,0,,0,,0,0,921.75,0,1
17254812990,772,3,4,8,8,10.038,14,0,0.11 | 0.11 | 0.11,0,1.79 | 2.46 | 2.93,0,1.37 | 1.62 | 2.23,0.922,0.000,0,1,0,0,0,0,-1,0,14,0,,0,,0,,0,0,921.75,0,1
17254812991,772,3,4,8,8,10.038,14,0,0.11 | 0.11 | 0.11,0,1.79 | 2.46 | 2.93,0,1.37 | 1.62 | 2.23,0.922,0.000,0,1,0,0,0,0,-1,0,14,0,,0,,0,,0,0,921.75,0,1
17254812992,772,3,4,8,8,10.038,14,0,0.11 | 0.11 | 0.11,0,1.79 | 2.46 | 2.93,0,1.37 | 1.62 | 2.23,0.922,0.000,0,1,0,0,0,0,-1,0,14,0,,0,,0,,0,0,921.75,0,1
17254812993,772,3,4,8,8,8.975,14,0,0.11 | 0.11 | 0.11,0,1.79 | 2.46 | 2.93,0,1.37 | 1.62 | 2.23,0.922,0.000,0,1,0,0,0,0,-1,0,14,0,,0,,0,,0,0,921.75,0,1
17254812994,772,3,4,8,8,8.975,14,0,0.11 | 0.11 | 0.11,0,1.79 | 2.46 | 2.93,0,1.37 | 1.62 | 2.23,0.922,0.000,0,1,0,0,0,0,-1,0,14,0,,0,,0,,0,0,921.75,0,1
17254812995,772,3,4,8,8,8.975,14,0,0.11 | 0.11 | 0.11,0,1.79 | 2.46 | 2.93,0,1.37 | 1.62 | 2.23,0.922,0.000,0,1,0,0,0,0,-1,0,14,0,,0,,0,,0,0,921.75,0,1
17254812996,772,3,4,8,8,8.975,14,0,0.11 | 0.11 | 0.11,0,1.79 | 2.46 | 2.93,0,1.37 | 1.62 | 2.23,0.922,0.000,0,1,0,0,0,0,-1,0,14,0,,0,,0,,0,0,921.75,0,1
17254812997,772,3,4,8,8,8.975,14,0,0.11 | 0.11 | 0.11,0,1.79 | 2.46 | 2.93,0,1.37 | 1.62 | 2.23,0.922,0.000,0,1,0,0,0,0,-1,0,14,0,,0,,0,,0,0,921.75,0,1
17254812998,772,3,4,8,8,8.975,14,0,0.11 | 0.11 | 0.11,0,1.79 | 2.46 | 2.93,0,1.37 | 1.62 | 2.23,0.922,0.000,0,1,0,0,0,0,-1,0,14,0,,0,,0,,0,0,921.75,0,1
17254812999,772,3,4,8,8,8.975,14,0,0.11 | 0.11 | 0.11,0,1.79 | 2.46 | 2.93,0,1.37 | 1.62 | 2.23,0.922,0.000,0,1,0,0,0,0,-1,0,14,0,,0,,0,,0,0,921.75,0,1
17254813000,772,3,4,8,8,8.975,14,0,0.11 | 0.11 | 0.11,0,1.79 | 2.46 | 2.93,0,1.37 | 1.62 | 2.23,0.922,0.000,0,1,0,0,0,0,-1,0,14,0,,0,,0,,0,0,885.75,0,1
17254813001,772,3,4,8,8,8.975,14,0,0.11 | 0.11 | 0.11,0,1.79 | 2.46 | 2.93,0,1.37 | 1.62 | 2.23,0.922,0.000,0,1,0,0,0,0,-1,0,14,0,,0,,0,,0,0,885.75,0,1
17254813002,772,4,4,8,8,8.975,14,0,0.11 | 0.11 | 0.11,0,1.79 | 2.46 | 2.93,0,1.37 | 1.62 | 2.23,0.922,0.000,0,1,0,0,0,0,-1,0,14,0,,0,,0,,0,0,885.75,0,1
17254813003,772,4,4,8,8,7.911,14,0,0.11 | 0.11 | 0.11,0,1.79 | 2.63 | 2.93,0,1.37 | 1.52 | 2.23,0.886,0.000,0,1,0,0,0,0,-1,0,14,0,,0,,0,,0,0,885.75,0,1
17254813004,772,4,4,8,8,7.911,14,0,0.11 | 0.11 | 0.11,0,1.79 | 2.63 | 2.93,0,1.37 | 1.52 | 2.23,0.886,0.000,0,1,0,0,0,0,-1,0,14,0,,0,,0,,0,0,885.75,0,1
17254813005,772,4,4,8,8,7.911,14,0,0.11 | 0.11 | 0.11,0,1.79 | 2.63 | 2.93,0,1.37 | 1.52 | 2.23,0.886,0.000,0,1,0,0,0,0,-1,0,14,0,,0,,0,,0,0,885.75,0,1
17254813006,772,4,4,8,8,7.911,14,0,0.11 | 0.11 | 0.11,0,1.79 | 2.63 | 2.93,0,1.37 | 1.52 | 2.23,0.886,0.000,0,1,0,0,0,0,-1,0,14,0,,0,,0,,0,0,885.75,0,1
17254813007,772,4,4,8,8,7.911,14,0,0.11 | 0.11 | 0.11,0,1.79 | 2.63 | 2.93,0,1.37 | 1.52 | 2.23,0.886,0.000,0,1,0,0,0,0,-1,0,14,0,,0,,0,,0,0,885.75,0,1
17254813008,772,4,4,8,8,7.911,14,0,0.11 | 0.11 | 0.11,0,1.79 | 2.63 | 2.93,0,1.37 | 1.52 | 2.23,0.886,0.000,0,1,0,0,0,0,-1,0,14,0,,0,,0,,0,0,885.75,0,1
17254813009,772,4,4,8,8,7.911,14,0,0.11 | 0.11 | 0.11,0,1.79 | 2.63 | 2.93,0,1.37 | 1.52 | 2.23,0.886,0.000,0,1,0,0,0,0,-1,0,14,0,,0,,0,,0,0,885.75,0,1
17254813010,772,4,4,8,8,7.911,14,0,0.11 | 0.11 | 0.11,0,1.79 | 2.63 | 2.93,0,1.37 | 1.52 | 2.23,0.886,0.000,0,1,0,0,0,0,-1,0,14,0,,0,,0,,0,0,885.75,0,1
17254813011,772,4,4,8,8,7.911,14,0,0.11 | 0.11 | 0.11,0,1.79 | 2.63 | 2.93,0,1.37 | 1.52 | 2.23,0.886,0.000,0,1,0,0,0,0,-1,0,14,0,,0,,0,,0,0,885.75,0,1
17254813012,772,4,4,8,8,7.911,14,0,0.11 | 0.11 | 0.11,0,1.79 | 2.63 | 2.93,0,1.37 | 1.52 | 2.23,0.886,0.000,0,1,0,0,0,0,-1,0,14,0,,0,,0,,0,0,885.75,0,1
17254813013,772,4,4,8,8,6.812,14,0,0.11 | 0.11 | 0.11,0,1.79 | 2.63 | 2.93,0,1.37 | 1.52 | 2.23,0.886,0.000,0,1,0,0,0,0,-1,0,14,0,,0,,0,,0,0,885.75,0,1
17254813014,772,4,4,8,8,6.812,14,0,0.11 | 0.11 | 0.11,0,1.79 | 2.63 | 2.93,0,1.37 | 1.52 | 2.23,0.886,0.000,0,1,0,0,0,0,-1,0,14,0,,0,,0,,0,0,885.75,0,1
17254813015,772,4,4,8,8,6.812,14,0,0.11 | 0.11 | 0.11,0,1.79 | 2.63 | 2.93,0,1.37 | 1.52 | 2.23,0.886,0.000,0,1,0,0,0,0,-1,0,14,0,,0,,0,,0,0,885.75,0,1
17254813016,772,4,4,8,8,6.812,14,0,0.11 | 0.11 | 0.11,0,1.79 | 2.63 | 2.93,0,1.37 | 1.52 | 2.23,0.886,0.000,0,1,0,0,0,0,-1,0,14,0,,0,,0,,0,0,885.75,0,1
17254813017,772,4,4,8,8,6.812,14,0,0.11 | 0.11 | 0.11,0,1.79 | 2.63 | 2.93,0,1.37 | 1.52 | 2.23,0.886,0.000,0,1,0,0,0,0,-1,0,14,0,,0,,0,,0,0,885.75,0,1
17254813018,772,4,4,8,8,6.812,14,0,0.11 | 0.11 | 0.11,0,1.79 | 2.63 | 2.93,0,1.37 | 1.52 | 2.23,0.886,0.000,0,1,0,0,0,0,-1,0,14,0,,0,,0,,0,0,885.75,0,1
17254813019,772,4,4,8,8,6.812,14,0,0.11 | 0.11 | 0.11,0,1.79 | 2.63 | 2.93,0,1.37 | 1.52 | 2.23,0.886,0.000,0,1,0,0,0,0,-1,0,14,0,,0,,0,,0,0,885.75,0,1
17254813020,772,4,4,8,8,6.812,14,0,0.11 | 0.11 | 0.11,0,1.79 | 2.63 | 2.93,0,1.37 | 1.52 | 2.23,0.886,0.000,0,1,0,0,0,0,-1,0,14,0,,0,,0,,0,0,885.75,0,1
17254813021,772,4,4,8,8,6.812,14,0,0.11 | 0.11 | 0.11,0,1.79 | 2.63 | 2.93,0,1.37 | 1.52 | 2.23,0.886,0.000,0,1,0,0,0,0,-1,0,14,0,,0,,0,,0,0,885.75,0,1
17254813022,772,4,4,8,8,6.812,14,0,0.11 | 0.11 | 0.11,0,1.79 | 2.63 | 2.93,0,1.37 | 1.52 | 2.23,0.886,0.000,0,1,0,0,0,0,-1,0,14,0,,0,,0,,0,0,885.75,0,1
17254813023,772,4,4,8,8,6.053,14,0,0.11 | 0.11 | 0.11,0,1.79 | 2.63 | 2.93,0,1.37 | 1.52 | 2.23,0.886,0.000,0,1,0,0,0,0,-1,0,14,0,,0,,0,,0,0,885.75,0,1
17254813024,772,4,4,8,8,6.053,14,0,0.11 | 0.11 | 0.11,0,1.79 | 2.63 | 2.93,0,1.37 | 1.52 | 2.23,0.886,0.000,0,1,0,0,0,0,-1,0,14,0,,0,,0,,0,0,885.75,0,1
17254813025,772,4,4,8,8,6.053,14,0,0.11 | 0.11 | 0.11,0,1.79 | 2.63 | 2.93,0,1.37 | 1.52 | 2.23,0.886,0.000,0,1,0,0,0,0,-1,0,14,0,,0,,0,,0,0,885.75,0,1
17254813026,772,4,4,8,8,6.053,14,0,0.11 | 0.11 | 0.11,0,1.79 | 2.63 | 2.93,0,1.37 | 1.52 | 2.23,0.886,0.000,0,1,0,0,0,0,-1,0,14,0,,0,,0,,0,0,885.75,0,1
17254813027,772,4,4,8,8,6.053,14,0,0.11 | 0.11 | 0.11,0,1.79 | 2.63 | 2.93,0,1.37 | 1.52 | 2.23,0.886,0.000,0,1,0,0,0,0,-1,0,14,0,,0,,0,,0,0,885.75,0,1
17254813028,772,4,4,8,8,6.053,14,0,0.11 | 0.11 | 0.11,0,1.79 | 2.63 | 2.93,0,1.37 | 1.52 | 2.23,0.886,0.000,0,1,0,0,0,0,-1,0,14,0,,0,,0,,0,0,885.75,0,1
17254813029,772,4,4,8,8,6.053,14,0,0.11 | 0.11 | 0.11,0,1.79 | 2.63 | 2.93,0,1.37 | 1.52 | 2.23,0.886,0.000,0,1,0,0,0,0,-1,0,14,0,,0,,0,,0,0,885.75,0,1
17254813030,772,4,4,8,8,6.053,14,0,0.11 | 0.11 | 0.11,0,1.79 | 2.63 | 2.93,0,1.37 | 1.52 | 2.23,0.886,0.000,0,1,0,0,0,0,-1,0,14,0,,0,,0,,0,0,885.75,0,1
17254813031,772,4,4,8,8,6.053,14,0,0.11 | 0.11 | 0.11,0,1.79 | 2.63 | 2.93,0,1.37 | 1.52 | 2.23,0.886,0.000,0,1,0,0,0,0,-1,0,14,0,,0,,0,,0,0,885.75,0,1
17254813032,772,4,4,8,8,6.053,14,0,0.11 | 0.11 | 0.11,0,1.79 | 2.63 | 2.93,0,1.37 | 1.52 | 2.23,0.886,0.000,0,1,0,0,0,0,-1,0,14,0,,0,,0,,0,0,885.75,0,1
17254813033,772,4,4,8,8,4.991,14,0,0.11 | 0.11 | 0.11,0,1.79 | 2.63 | 2.93,0,1.37 | 1.52 | 2.23,0.886,0.000,0,1,0,0,0,0,-1,0,14,0,,0,,0,,0,0,885.75,0,1
17254813034,772,3,4,8,8,4.991,14,0,0.11 | 0.11 | 0.11,0,1.79 | 2.63 | 2.93,0,1.37 | 1.52 | 2.23,0.886,0.000,0,1,0,0,0,0,-1,0,14,0,,0,,0,,0,0,885.75,0,1
17254813035,772,3,4,8,8,4.991,14,0,0.11 | 0.11 | 0.11,0,1.79 | 2.63 | 2.93,0,1.37 | 1.52 | 2.23,0.886,0.000,0,1,0,0,0,0,-1,0,14,0,,0,,0,,0,0,885.75,0,1
17254813036,772,3,4,8,8,4.991,14,0,0.11 | 0.11 | 0.11,0,1.79 | 2.63 | 2.93,0,1.37 | 1.52 | 2.23,0.886,0.000,0,1,0,0,0,0,-1,0,14,0,,0,,0,,0,0,885.75,0,1
17254813037,772,3,4,8,8,4.991,14,0,0.11 | 0.11 | 0.11,0,1.79 | 2.63 | 2.93,0,1.37 | 1.52 | 2.23,0.886,0.000,0,1,0,0,0,0,-1,0,14,0,,0,,0,,0,0,885.75,0,1
17254813038,772,3,4,8,8,4.991,14,0,0.11 | 0.11 | 0.11,0,1.79 | 2.63 | 2.93,0,1.37 | 1.52 | 2.23,0.886,0.000,0,1,0,0,0,0,-1,0,14,0,,0,,0,,0,0,885.75,0,1
17254813039,772,3,4,8,8,4.991,14,0,0.11 | 0.11 | 0.11,0,1.79 | 2.63 | 2.93,0,1.37 | 1.52 | 2.23,0.886,0.000,0,1,0,0,0,0,-1,0,14,0,,0,,0,,0,0,885.75,0,1
17254813040,772,3,4,8,8,4.991,14,0,0.11 | 0.11 | 0.11,0,1.79 | 2.63 | 2.93,0,1.37 | 1.52 | 2.23,0.886,0.000,0,1,0,0,0,0,-1,0,14,0,,0,,0,,0,0,885.75,0,1
17254813041,772,3,4,8,8,4.991,14,0,0.11 | 0.11 | 0.11,0,1.79 | 2.63 | 2.93,0,1.37 | 1.52 | 2.23,0.886,0.000,0,1,0,0,0,0,-1,0,14,0,,0,,0,,0,0,885.75,0,1
17254813042,772,3,4,8,8,4.991,14,0,0.11 | 0.11 | 0.11,0,1.79 | 2.63 | 2.93,0,1.37 | 1.52 | 2.23,0.886,0.000,0,1,0,0,0,0,-1,0,14,0,,0,,0,,0,0,885.75,0,1
17254813043,772,3,4,8,8,3.928,14,0,0.11 | 0.11 | 0.11,0,1.79 | 2.63 | 2.93,0,1.37 | 1.52 | 2.23,0.886,0.000,0,1,0,0,0,0,-1,0,14,0,,0,,0,,0,0,885.75,0,1
17254813044,772,3,4,8,8,3.928,14,0,0.11 | 0.11 | 0.11,0,1.79 | 2.63 | 2.93,0,1.37 | 1.52 | 2.23,0.886,0.000,0,1,0,0,0,0,-1,0,14,0,,0,,0,,0,0,885.75,0,1
17254813045,772,3,4,8,8,3.928,14,0,0.11 | 0.11 | 0.11,0,1.79 | 2.63 | 2.93,0,1.37 | 1.52 | 2.23,0.886,0.000,0,1,0,0,0,0,-1,0,14,0,,0,,0,,0,0,885.75,0,1
17254813046,772,3,4,8,8,3.928,14,0,0.11 | 0.11 | 0.11,0,1.79 | 2.63 | 2.93,0,1.37 | 1.52 | 2.23,0.886,0.000,0,1,0,0,0,0,-1,0,14,0,,0,,0,,0,0,885.75,0,1
17254813047,772,3,4,8,8,3.928,14,0,0.11 | 0.11 | 0.11,0,1.79 | 2.63 | 2.93,0,1.37 | 1.52 | 2.23,0.886,0.000,0,1,0,0,0,0,-1,0,14,0,,0,,0,,0,0,885.75,0,1
17254813048,772,3,4,8,8,3.928,14,0,0.11 | 0.11 | 0.11,0,1.79 | 2.63 | 2.93,0,1.37 | 1.52 | 2.23,0.886,0.000,0,1,0,0,0,0,-1,0,14,0,,0,,0,,0,0,885.75,0,1
17254813049,772,3,4,8,8,3.928,14,0,0.11 | 0.11 | 0.11,0,1.79 | 2.63 | 2.93,0,1.37 | 1.52 | 2.23,0.886,0.000,0,1,0,0,0,0,-1,0,14,0,,0,,0,,0,0,885.75,0,1
17254813050,772,3,4,8,8,3.928,14,0,0.11 | 0.11 | 0.11,0,1.79 | 2.63 | 2.93,0,1.37 | 1.52 | 2.23,0.886,0.000,0,1,0,0,0,0,-1,0,14,0,,0,,0,,0,0,885.75,0,1
17254813051,772,3,4,8,8,3.928,14,0,0.11 | 0.11 | 0.11,0,1.79 | 2.63 | 2.93,0,1.37 | 1.52 | 2.23,0.886,0.000,0,1,0,0,0,0,-1,0,14,0,,0,,0,,0,0,885.75,0,1
17254813052,772,3,4,8,8,3.928,14,0,0.11 | 0.11 | 0.11,0,1.79 | 2.63 | 2.93,0,1.37 | 1.52 | 2.23,0.886,0.000,0,1,0,0,0,0,-1,0,14,0,,0,,0,,0,0,885.75,0,1
17254813053,772,3,4,8,8,2.866,14,0,0.11 | 0.11 | 0.11,0,1.79 | 2.63 | 2.93,0,1.37 | 1.52 | 2.23,0.886,0.000,0,1,0,0,0,0,-1,0,14,0,,0,,0,,0,0,885.75,0,1
17254813054,194,3,1,8,8,2.866,14,0,0.11 | 0.11 | 0.11,0,1.79 | 2.63 | 2.93,0,1.37 | 1.52 | 2.23,0.886,0.000,0,1,0,0,0,0,-1,0,14,0,,0,,0,,0,0,808.75,0,1
17254813055,194,4,1,8,8,2.866,14,0,0.11 | 0.11 | 0.11,0,1.79 | 2.63 | 2.93,0,1.37 | 1.52 | 2.23,0.886,0.000,0,1,0,0,0,0,-1,0,14,0,,0,,0,,0,0,808.75,0,1
17254813056,194,4,1,8,8,2.866,14,0,0.11 | 0.11 | 0.11,0,1.79 | 2.63 | 2.93,0,1.37 | 1.52 | 2.23,0.886,0.000,0,1,0,0,0,0,-1,0,14,0,,0,,0,,0,0,808.75,0,1
17254813057,194,4,1,8,8,2.866,14,0,0.11 | 0.11 | 0.11,0,1.79 | 2.63 | 2.93,0,1.37 | 1.52 | 2.23,0.886,0.000,0,1,0,0,0,0,-1,0,14,0,,0,,0,,0,0,808.75,0,1
17254813058,194,4,1,8,8,2.866,14,0,0.11 | 0.11 | 0.11,0,1.79 | 2.63 | 2.93,0,1.37 | 1.52 | 2.23,0.886,0.000,0,1,0,0,0,0,-1,0,14,0,,0,,0,,0,0,808.75,0,1
17254813059,194,4,1,8,8,2.866,14,0,0.11 | 0.11 | 0.11,0,1.79 | 2.63 | 2.93,0,1.37 | 1.52 | 2.23,0.886,0.000,0,1,0,0,0,0,-1,0,14,0,,0,,0,,0,0,808.75,0,1
17254813060,194,4,1,8,8,2.866,14,0,0.11 | 0.11 | 0.11,0,1.79 | 2.63 | 2.93,0,1.37 | 1.52 | 2.23,0.886,0.000,0,1,0,0,0,0,-1,0,14,0,,0,,0,,0,0,808.75,0,1
17254813061,194,4,1,8,8,2.866,14,0,0.11 | 0.11 | 0.11,0,1.79 | 2.63 | 2.93,0,1.37 | 1.52 | 2.23,0.886,0.000,0,1,0,0,0,0,-1,0,14,0,,0,,0,,0,0,808.75,0,1
17254813062,194,4,1,8,8,2.866,14,0,0.11 | 0.11 | 0.11,0,1.79 | 2.63 | 2.93,0,1.37 | 1.52 | 2.23,0.886,0.000,0,1,0,0,0,0,-1,0,14,0,,0,,0,,0,0,808.75,0,1
17254813063,194,4,1,8,8,2.069,14,0,0.11 | 0.11 | 0.11,0,1.79 | 3.23 | 5.34,0,0.75 | 1.24 | 2.23,0.809,0.000,0,1,0,0,0,0,-1,0,14,0,,0,,0,,0,0,808.75,0,1
17254813064,194,4,1,8,8,2.069,14,0,0.11 | 0.11 | 0.11,0,1.79 | 3.23 | 5.34,0,0.75 | 1.24 | 2.23,0.809,0.000,0,1,0,0,0,0,-1,0,14,0,,0,,0,,0,0,808.75,0,1
17254813065,387,4,2,8,8,2.069,14,0,0.11 | 0.11 | 0.11,0,1.79 | 3.23 | 5.34,0,0.75 | 1.24 | 2.23,0.809,0.000,0,1,0,0,0,0,-1,0,14,0,,0,,0,,0,0,779.25,0,1
17254813066,387,4,2,8,8,2.069,14,0,0.11 | 0.11 | 0.11,0,1.79 | 3.23 | 5.34,0,0.75 | 1.24 | 2.23,0.809,0.000,0,1,0,0,0,0,-1,0,14,0,,0,,0,,0,0,779.25,0,1
17254813067,387,4,2,8,8,2.069,14,0,0.11 | 0.11 | 0.11,0,1.79 | 3.23 | 5.34,0,0.75 | 1.24 | 2.23,0.809,0.000,0,1,0,0,0,0,-1,0,14,0,,0,,0,,0,0,779.25,0,1
17254813068,387,4,2,8,8,2.069,14,0,0.11 | 0.11 | 0.11,0,1.79 | 3.23 | 5.34,0,0.75 | 1.24 | 2.23,0.809,0.000,0,1,0,0,0,0,-1,0,14,0,,0,,0,,0,0,779.25,0,1
17254813069,387,4,2,8,8,2.069,14,0,0.11 | 0.11 | 0.11,0,1.79 | 3.23 | 5.34,0,0.75 | 1.24 | 2.23,0.809,0.000,0,1,0,0,0,0,-1,0,14,0,,0,,0,,0,0,779.25,0,1
17254813070,387,4,2,8,8,2.069,14,0,0.11 | 0.11 | 0.11,0,1.79 | 3.23 | 5.34,0,0.75 | 1.24 | 2.23,0.809,0.000,0,1,0,0,0,0,-1,0,14,0,,0,,0,,0,0,779.25,0,1
17254813071,387,4,2,8,8,2.069,14,0,0.11 | 0.11 | 0.11,0,1.79 | 3.23 | 5.34,0,0.75 | 1.24 | 2.23,0.809,0.000,0,1,0,0,0,0,-1,0,14,0,,0,,0,,0,0,779.25,0,1
17254813072,387,4,2,8,8,2.069,14,0,0.11 | 0.11 | 0.11,0,1.79 | 3.23 | 5.34,0,0.75 | 1.24 | 2.23,0.809,0.000,0,1,0,0,0,0,-1,0,14,0,,0,,0,,0,0,779.25,0,1
17254813073,387,4,2,8,8,4.206,14,0,0.11 | 0.11 | 0.11,0,0.87 | 3.00 | 5.34,0,0.75 | 1.33 | 4.62,0.779,0.000,0,1,0,0,0,0,-1,0,14,0,,0,,0,,0,0,779.25,0,1
17254813074,387,1,2,8,8,4.206,14,0,0.11 | 0.11 | 0.11,0,0.87 | 3.00 | 5.34,0,0.75 | 1.33 | 4.62,0.779,0.000,0,1,0,0,0,0,-1,0,14,0,,0,,0,,0,0,779.25,0,1
17254813075,387,1,2,8,8,4.206,14,0,0.11 | 0.11 | 0.11,0,0.87 | 3.00 | 5.34,0,0.75 | 1.33 | 4.62,0.779,0.000,0,1,0,0,0,0,-1,0,14,0,,0,,0,,0,0,779.25,0,1
17254813076,387,1,2,8,8,4.206,14,0,0.11 | 0.11 | 0.11,0,0.87 | 3.00 | 5.34,0,0.75 | 1.33 | 4.62,0.779,0.000,0,1,0,0,0,0,-1,0,14,0,,0,,0,,0,0,779.25,0,1
17254813077,387,1,2,8,8,4.206,14,0,0.11 | 0.11 | 0.11,0,0.87 | 3.00 | 5.34,0,0.75 | 1.33 | 4.62,0.779,0.000,0,1,0,0,0,0,-1,0,14,0,,0,,0,,0,0,779.25,0,1
17254813078,387,1,2,8,8,4.206,14,0,0.11 | 0.11 | 0.11,0,0.87 | 3.00 | 5.34,0,0.75 | 1.33 | 4.62,0.779,0.000,0,1,0,0,0,0,-1,0,14,0,,0,,0,,0,0,779.25,0,1
17254813079,387,1,2,8,8,4.206,14,0,0.11 | 0.11 | 0.11,0,0.87 | 3.00 | 5.34,0,0.75 | 1.33 | 4.62,0.779,0.000,0,1,0,0,0,0,-1,0,14,0,,0,,0,,0,0,779.25,0,1
17254813080,387,1,2,8,8,4.206,14,0,0.11 | 0.11 | 0.11,0,0.87 | 3.00 | 5.34,0,0.75 | 1.33 | 4.62,0.779,0.000,0,1,0,0,0,0,-1,0,14,0,,0,,0,,0,0,779.25,0,1
17254813081,387,1,2,8,8,4.206,14,0,0.11 | 0.11 | 0.11,0,0.87 | 3.00 | 5.34,0,0.75 | 1.33 | 4.62,0.779,0.000,0,1,0,0,0,0,-1,0,14,0,,0,,0,,0,0,779.25,0,1
17254813082,387,1,2,8,8,4.206,14,0,0.11 | 0.11 | 0.11,0,0.87 | 3.00 | 5.34,0,0.75 | 1.33 | 4.62,0.779,0.000,0,1,0,0,0,0,-1,0,14,0,,0,,0,,0,0,779.25,0,1
17254813083,387,1,2,8,8,3.144,14,0,0.11 | 0.11 | 0.11,0,0.87 | 3.00 | 5.34,0,0.75 | 1.33 | 4.62,0.779,0.000,0,1,0,0,0,0,-1,0,14,0,,0,,0,,0,0,779.25,0,1
17254813084,387,1,2,8,8,3.144,14,0,0.11 | 0.11 | 0.11,0,0.87 | 3.00 | 5.34,0,0.75 | 1.33 | 4.62,0.779,0.000,0,1,0,0,0,0,-1,0,14,0,,0,,0,,0,0,779.25,0,1
17254813085,387,1,2,8,8,3.144,14,0,0.11 | 0.11 | 0.11,0,0.87 | 3.00 | 5.34,0,0.75 | 1.33 | 4.62,0.779,0.000,0,1,0,0,0,0,-1,0,14,0,,0,,0,,0,0,779.25,0,1
17254813086,387,1,2,8,8,3.144,14,0,0.11 | 0.11 | 0.11,0,0.87 | 3.00 | 5.34,0,0.75 | 1.33 | 4.62,0.779,0.000,0,1,0,0,0,0,-1,0,14,0,,0,,0,,0,0,779.25,0,1
17254813087,387,1,2,8,8,3.144,14,0,0.11 | 0.11 | 0.11,0,0.87 | 3.00 | 5.34,0,0.75 | 1.33 | 4.62,0.779,0.000,0,1,0,0,0,0,-1,0,14,0,,0,,0,,0,0,779.25,0,1
17254813088,387,1,2,8,8,3.144,14,0,0.11 | 0.11 | 0.11,0,0.87 | 3.00 | 5.34,0,0.75 | 1.33 | 4.62,0.779,0.000,0,1,0,0,0,0,-1,0,14,0,,0,,0,,0,0,779.25,0,1
17254813089,387,1,2,8,8,3.144,14,0,0.11 | 0.11 | 0.11,0,0.87 | 3.00 | 5.34,0,0.75 | 1.33 | 4.62,0.779,0.000,0,1,0,0,0,0,-1,0,14,0,,0,,0,,0,0,779.25,0,1
17254813090,387,1,2,8,8,3.144,14,0,0.11 | 0.11 | 0.11,0,0.87 | 3.00 | 5.34,0,0.75 | 1.33 | 4.62,0.779,0.000,0,1,0,0,0,0,-1,0,14,0,,0,,0,,0,0,779.25,0,1
17254813091,387,1,2,8,8,3.144,14,0,0.11 | 0.11 | 0.11,0,0.87 | 3.00 | 5.34,0,0.75 | 1.33 | 4.62,0.779,0.000,0,1,0,0,0,0,-1,0,14,0,,0,,0,,0,0,779.25,0,1
17254813092,387,1,2,8,8,3.144,14,0,0.11 | 0.11 | 0.11,0,0.87 | 3.00 | 5.34,0,0.75 | 1.33 | 4.62,0.779,0.000,0,1,0,0,0,0,-1,0,14,0,,0,,0,,0,0,779.25,0,1
17254813093,387,1,2,8,8,2.081,14,0,0.11 | 0.11 | 0.11,0,0.87 | 3.00 | 5.34,0,0.75 | 1.33 | 4.62,0.779,0.000,0,1,0,0,0,0,-1,0,14,0,,0,,0,,0,0,779.25,0,1
17254813094,387,1,2,8,8,2.081,14,0,0.11 | 0.11 | 0.11,0,0.87 | 3.00 | 5.34,0,0.75 | 1.33 | 4.62,0.779,0.000,0,1,0,0,0,0,-1,0,14,0,,0,,0,,0,0,779.25,0,1
17254813095,387,1,2,8,8,2.081,14,0,0.11 | 0.11 | 0.11,0,0.87 | 3.00 | 5.34,0,0.75 | 1.33 | 4.62,0.779,0.000,0,1,0,0,0,0,-1,0,14,0,,0,,0,,0,0,779.25,0,1
17254813096,387,1,2,8,8,2.081,14,0,0.11 | 0.11 | 0.11,0,0.87 | 3.00 | 5.34,0,0.75 | 1.33 | 4.62,0.779,0.000,0,1,0,0,0,0,-1,0,14,0,,0,,0,,0,0,741,0,1
17254813097,580,1,3,8,8,2.081,14,0,0.11 | 0.11 | 0.11,0,0.87 | 3.00 | 5.34,0,0.75 | 1.33 | 4.62,0.779,0.000,0,1,0,0,0,0,-1,0,14,0,,0,,0,,0,0,741,0,1
17254813098,580,1,3,8,8,2.081,14,0,0.11 | 0.11 | 0.11,0,0.87 | 3.00 | 5.34,0,0.75 | 1.33 | 4.62,0.779,0.000,0,1,0,0,0,0,-1,0,14,0,,0,,0,,0,0,741,0,1
17254813099,580,1,3,8,8,2.081,14,0,0.11 | 0.11 | 0.11,0,0.87 | 3.00 | 5.34,0,0.75 | 1.33 | 4.62,0.779,0.000,0,1,0,0,0,0,-1,0,14,0,,0,,0,,0,0,741,0,1
17254813100,580,1,3,8,8,2.081,14,0,0.11 | 0.11 | 0.11,0,0.87 | 3.00 | 5.34,0,0.75 | 1.33 | 4.62,0.779,0.000,0,1,0,0,0,0,-1,0,14,0,,0,,0,,0,0,741,0,1
17254813101,580,1,3,8,8,2.081,14,0,0.11 | 0.11 | 0.11,0,0.87 | 3.00 | 5.34,0,0.75 | 1.33 | 4.62,0.779,0.000,0,1,0,0,0,0,-1,0,14,0,,0,,0,,0,0,741,0,1
17254813102,580,1,3,8,8,2.081,14,0,0.11 | 0.11 | 0.11,0,0.87 | 3.00 | 5.34,0,0.75 | 1.33 | 4.62,0.779,0.000,0,1,0,0,0,0,-1,0,14,0,,0,,0,,0,0,741,0,1
17254813103,580,1,3,8,8,5.819,14,0,0.11 | 0.11 | 0.11,0,0.87 | 2.99 | 5.34,0,0.75 | 1.34 | 4.62,0.741,0.000,0,1,0,0,0,0,-1,0,14,0,,0,,0,,0,0,741,0,1
17254813104,580,1,3,8,8,5.819,14,0,0.11 | 0.11 | 0.11,0,0.87 | 2.99 | 5.34,0,0.75 | 1.34 | 4.62,0.741,0.000,0,1,0,0,0,0,-1,0,14,0,,0,,0,,0,0,741,0,1
17254813105,580,1,3,8,8,5.819,14,0,0.11 | 0.11 | 0.11,0,0.87 | 2.99 | 5.34,0,0.75 | 1.34 | 4.62,0.741,0.000,0,1,0,0,0,0,-1,0,14,0,,0,,0,,0,0,741,0,1
17254813106,580,1,3,8,8,5.819,14,0,0.11 | 0.11 | 0.11,0,0.87 | 2.99 | 5.34,0,0.75 | 1.34 | 4.62,0.741,0.000,0,1,0,0,0,0,-1,0,14,0,,0,,0,,0,0,741,0,1
17254813107,580,1,3,8,8,5.819,14,0,0.11 | 0.11 | 0.11,0,0.87 | 2.99 | 5.34,0,0.75 | 1.34 | 4.62,0.741,0.000,0,1,0,0,0,0,-1,0,14,0,,0,,0,,0,0,741,0,1
17254813108,580,1,3,8,8,5.819,14,0,0.11 | 0.11 | 0.11,0,0.87 | 2.99 | 5.34,0,0.75 | 1.34 | 4.62,0.741,0.000,0,1,0,0,0,0,-1,0,14,0,,0,,0,,0,0,741,0,1
17254813109,580,1,3,8,8,5.819,14,0,0.11 | 0.11 | 0.11,0,0.87 | 2.99 | 5.34,0,0.75 | 1.34 | 4.62,0.741,0.000,0,1,0,0,0,0,-1,0,14,0,,0,,0,,0,0,741,0,1
17254813110,580,1,3,8,8,5.819,14,0,0.11 | 0.11 | 0.11,0,0.87 | 2.99 | 5.34,0,0.75 | 1.34 | 4.62,0.741,0.000,0,1,0,0,0,0,-1,0,14,0,,0,,0,,0,0,741,0,1
17254813111,580,1,3,8,8,5.819,14,0,0.11 | 0.11 | 0.11,0,0.87 | 2.99 | 5.34,0,0.75 | 1.34 | 4.62,0.741,0.000,0,1,0,0,0,0,-1,0,14,0,,0,,0,,0,0,741,0,1
17254813112,580,1,3,8,8,5.819,14,0,0.11 | 0.11 | 0.11,0,0.87 | 2.99 | 5.34,0,0.75 | 1.34 | 4.62,0.741,0.000,0,1,0,0,0,0,-1,0,14,0,,0,,0,,0,0,741,0,1
17254813113,580,1,3,8,8,4.812,14,0,0.11 | 0.11 | 0.11,0,0.87 | 2.99 | 5.34,0,0.75 | 1.34 | 4.62,0.741,0.000,0,1,0,0,0,0,-1,0,14,0,,0,,0,,0,0,741,0,1
17254813114,580,2,3,8,8,4.812,14,0,0.11 | 0.11 | 0.11,0,0.87 | 2.99 | 5.34,0,0.75 | 1.34 | 4.62,0.741,0.000,0,1,0,0,0,0,-1,0,14,0,,0,,0,,0,0,741,0,1
17254813115,580,2,3,8,8,4.812,14,0,0.11 | 0.11 | 0.11,0,0.87 | 2.99 | 5.34,0,0.75 | 1.34 | 4.62,0.741,0.000,0,1,0,0,0,0,-1,0,14,0,,0,,0,,0,0,741,0,1
17254813116,580,2,3,8,8,4.812,14,0,0.11 | 0.11 | 0.11,0,0.87 | 2.99 | 5.34,0,0.75 | 1.34 | 4.62,0.741,0.000,0,1,0,0,0,0,-1,0,14,0,,0,,0,,0,0,741,0,1
17254813117,580,2,3,8,8,4.812,14,0,0.11 | 0.11 | 0.11,0,0.87 | 2.99 | 5.34,0,0.75 | 1.34 | 4.62,0.741,0.000,0,1,0,0,0,0,-1,0,14,0,,0,,0,,0,0,741,0,1
17254813118,580,2,3,8,8,4.812,14,0,0.11 | 0.11 | 0.11,0,0.87 | 2.99 | 5.34,0,0.75 | 1.34 | 4.62,0.741,0.000,0,1,0,0,0,0,-1,0,14,0,,0,,0,,0,0,741,0,1
17254813119,580,2,3,8,8,4.812,14,0,0.11 | 0.11 | 0.11,0,0.87 | 2.99 | 5.34,0,0.75 | 1.34 | 4.62,0.741,0.000,0,1,0,0,0,0,-1,0,14,0,,0,,0,,0,0,785,0,1
17254813120,580,2,3,8,8,4.812,14,0,0.11 | 0.11 | 0.11,0,0.87 | 2.99 | 5.34,0,0.75 | 1.34 | 4.62,0.741,0.000,0,1,0,0,0,0,-1,0,14,0,,0,,0,,0,0,785,0,1
17254813121,580,2,3,8,8,4.812,14,0,0.11 | 0.11 | 0.11,0,0.87 | 2.99 | 5.34,0,0.75 | 1.34 | 4.62,0.741,0.000,0,1,0,0,0,0,-1,0,14,0,,0,,0,,0,0,785,0,1
17254813122,580,2,3,8,8,4.812,14,0,0.11 | 0.11 | 0.11,0,0.87 | 2.99 | 5.34,0,0.75 | 1.34 | 4.62,0.741,0.000,0,1,0,0,0,0,-1,0,14,0,,0,,0,,0,0,785,0,1
17254813123,580,2,3,8,8,7.16,14,0,0.10 | 0.11 | 0.11,0,0.87 | 2.77 | 5.34,0,0.75 | 1.44 | 4.62,0.785,0.000,0,1,0,0,0,0,-1,0,14,0,,0,,0,,0,0,785,0,1
17254813124,580,2,3,8,8,7.16,14,0,0.10 | 0.11 | 0.11,0,0.87 | 2.77 | 5.34,0,0.75 | 1.44 | 4.62,0.785,0.000,0,1,0,0,0,0,-1,0,14,0,,0,,0,,0,0,785,0,1
17254813125,580,2,3,8,8,7.16,14,0,0.10 | 0.11 | 0.11,0,0.87 | 2.77 | 5.34,0,0.75 | 1.44 | 4.62,0.785,0.000,0,1,0,0,0,0,-1,0,14,0,,0,,0,,0,0,785,0,1
17254813126,580,2,3,8,8,7.16,14,0,0.10 | 0.11 | 0.11,0,0.87 | 2.77 | 5.34,0,0.75 | 1.44 | 4.62,0.785,0.000,0,1,0,0,0,0,-1,0,14,0,,0,,0,,0,0,785,0,1
17254813127,580,2,3,8,8,7.16,14,0,0.10 | 0.11 | 0.11,0,0.87 | 2.77 | 5.34,0,0.75 | 1.44 | 4.62,0.785,0.000,0,1,0,0,0,0,-1,0,14,0,,0,,0,,0,0,785,0,1
17254813128,580,2,3,8,8,7.16,14,0,0.10 | 0.11 | 0.11,0,0.87 | 2.77 | 5.34,0,0.75 | 1.44 | 4.62,0.785,0.000,0,1,0,0,0,0,-1,0,14,0,,0,,0,,0,0,785,0,1
17254813129,580,2,3,8,8,7.16,14,0,0.10 | 0.11 | 0.11,0,0.87 | 2.77 | 5.34,0,0.75 | 1.44 | 4.62,0.785,0.000,0,1,0,0,0,0,-1,0,14,0,,0,,0,,0,0,785,0,1
17254813130,580,2,3,8,8,7.16,14,0,0.10 | 0.11 | 0.11,0,0.87 | 2.77 | 5.34,0,0.75 | 1.44 | 4.62,0.785,0.000,0,1,0,0,0,0,-1,0,14,0,,0,,0,,0,0,785,0,1
17254813131,580,2,3,8,8,7.16,14,0,0.10 | 0.11 | 0.11,0,0.87 | 2.77 | 5.34,0,0.75 | 1.44 | 4.62,0.785,0.000,0,1,0,0,0,0,-1,0,14,0,,0,,0,,0,0,785,0,1
17254813132,580,2,3,8,8,7.16,14,0,0.10 | 0.11 | 0.11,0,0.87 | 2.77 | 5.34,0,0.75 | 1.44 | 4.62,0.785,0.000,0,1,0,0,0,0,-1,0,14,0,,0,,0,,0,0,785,0,1
17254813133,580,2,3,8,8,6.097,14,0,0.10 | 0.11 | 0.11,0,0.87 | 2.77 | 5.34,0,0.75 | 1.44 | 4.62,0.785,0.000,0,1,0,0,0,0,-1,0,14,0,,0,,0,,0,0,785,0,1
17254813134,580,2,3,8,8,6.097,14,0,0.10 | 0.11 | 0.11,0,0.87 | 2.77 | 5.34,0,0.75 | 1.44 | 4.62,0.785,0.000,0,1,0,0,0,0,-1,0,14,0,,0,,0,,0,0,785,0,1
17254813135,580,2,3,8,8,6.097,14,0,0.10 | 0.11 | 0.11,0,0.87 | 2.77 | 5.34,0,0.75 | 1.44 | 4.62,0.785,0.000,0,1,0,0,0,0,-1,0,14,0,,0,,0,,0,0,785,0,1
17254813136,580,2,3,8,8,6.097,14,0,0.10 | 0.11 | 0.11,0,0.87 | 2.77 | 5.34,0,0.75 | 1.44 | 4.62,0.785,0.000,0,1,0,0,0,0,-1,0,14,0,,0,,0,,0,0,785,0,1
17254813137,580,2,3,8,8,6.097,14,0,0.10 | 0.11 | 0.11,0,0.87 | 2.77 | 5.34,0,0.75 | 1.44 | 4.62,0.785,0.000,0,1,0,0,0,0,-1,0,14,0,,0,,0,,0,0,785,0,1
17254813138,580,2,3,8,8,6.097,14,0,0.10 | 0.11 | 0.11,0,0.87 | 2.77 | 5.34,0,0.75 | 1.44 | 4.62,0.785,0.000,0,1,0,0,0,0,-1,0,14,0,,0,,0,,0,0,785,0,1
17254813139,580,2,3,8,8,6.097,14,0,0.10 | 0.11 | 0.11,0,0.87 | 2.77 | 5.34,0,0.75 | 1.44 | 4.62,0.785,0.000,0,1,0,0,0,0,-1,0,14,0,,0,,0,,0,0,785,0,1
17254813140,580,2,3,8,8,6.097,14,0,0.10 | 0.11 | 0.11,0,0.87 | 2.77 | 5.34,0,0.75 | 1.44 | 4.62,0.785,0.000,0,1,0,0,0,0,-1,0,14,0,,0,,0,,0,0,785,0,1
17254813141,580,2,3,8,8,6.097,14,0,0.10 | 0.11 | 0.11,0,0.87 | 2.77 | 5.34,0,0.75 | 1.44 | 4.62,0.785,0.000,0,1,0,0,0,0,-1,0,14,0,,0,,0,,0,0,785,0,1
17254813142,580,2,3,8,8,6.097,14,0,0.10 | 0.11 | 0.11,0,0.87 | 2.77 | 5.34,0,0.75 | 1.44 | 4.62,0.785,0.000,0,1,0,0,0,0,-1,0,14,0,,0,,0,,0,0,785,0,1
17254813143,580,2,3,8,8,5.035,14,0,0.10 | 0.11 | 0.11,0,0.87 | 2.77 | 5.34,0,0.75 | 1.44 | 4.62,0.785,0.000,0,1,0,0,0,0,-1,0,14,0,,0,,0,,0,0,785,0,1
17254813144,580,2,3,8,8,5.035,14,0,0.10 | 0.11 | 0.11,0,0.87 | 2.77 | 5.34,0,0.75 | 1.44 | 4.62,0.785,0.000,0,1,0,0,0,0,-1,0,14,0,,0,,0,,0,0,785,0,1
17254813145,580,2,3,8,8,5.035,14,0,0.10 | 0.11 | 0.11,0,0.87 | 2.77 | 5.34,0,0.75 | 1.44 | 4.62,0.785,0.000,0,1,0,0,0,0,-1,0,14,0,,0,,0,,0,0,785,0,1
17254813146,580,2,3,8,8,5.035,14,0,0.10 | 0.11 | 0.11,0,0.87 | 2.77 | 5.34,0,0.75 | 1.44 | 4.62,0.785,0.000,0,1,0,0,0,0,-1,0,14,0,,0,,0,,0,0,785,0,1
17254813147,580,2,3,8,8,5.035,14,0,0.10 | 0.11 | 0.11,0,0.87 | 2.77 | 5.34,0,0.75 | 1.44 | 4.62,0.785,0.000,0,1,0,0,0,0,-1,0,14,0,,0,,0,,0,0,785,0,1
17254813148,580,2,3,8,8,5.035,14,0,0.10 | 0.11 | 0.11,0,0.87 | 2.77 | 5.34,0,0.75 | 1.44 | 4.62,0.785,0.000,0,1,0,0,0,0,-1,0,14,0,,0,,0,,0,0,785,0,1
17254813149,580,2,3,8,8,5.035,14,0,0.10 | 0.11 | 0.11,0,0.87 | 2.77 | 5.34,0,0.75 | 1.44 | 4.62,0.785,0.000,0,1,0,0,0,0,-1,0,14,0,,0,,0,,0,0,785,0,1
17254813150,580,2,3,8,8,5.035,14,0,0.10 | 0.11 | 0.11,0,0.87 | 2.77 | 5.34,0,0.75 | 1.44 | 4.62,0.785,0.000,0,1,0,0,0,0,-1,0,14,0,,0,,0,,0,0,785,0,1
17254813151,580,2,3,8,8,5.035,14,0,0.10 | 0.11 | 0.11,0,0.87 | 2.77 | 5.34,0,0.75 | 1.44 | 4.62,0.785,0.000,0,1,0,0,0,0,-1,0,14,0,,0,,0,,0,0,785,0,1
17254813152,580,2,3,8,8,5.035,14,0,0.10 | 0.11 | 0.11,0,0.87 | 2.77 | 5.34,0,0.75 | 1.44 | 4.62,0.785,0.000,0,1,0,0,0,0,-1,0,14,0,,0,,0,,0,0,829.5,0,1
17254813153,580,2,3,8,8,8.892,14,0,0.10 | 0.11 | 0.11,0,0.87 | 2.25 | 3.24,0,1.23 | 1.78 | 4.62,0.830,0.000,0,1,0,0,0,0,-1,0,14,0,,0,,0,,0,0,829.5,0,1
17254813154,580,3,3,8,8,8.892,14,0,0.10 | 0.11 | 0.11,0,0.87 | 2.25 | 3.24,0,1.23 | 1.78 | 4.62,0.830,0.000,0,1,0,0,0,0,-1,0,14,0,,0,,0,,0,0,829.5,0,1
17254813155,580,3,3,8,8,8.892,14,0,0.10 | 0.11 | 0.11,0,0.87 | 2.25 | 3.24,0,1.23 | 1.78 | 4.62,0.830,0.000,0,1,0,0,0,0,-1,0,14,0,,0,,0,,0,0,829.5,0,1
17254813156,580,3,3,8,8,8.892,14,0,0.10 | 0.11 | 0.11,0,0.87 | 2.25 | 3.24,0,1.23 | 1.78 | 4.62,0.830,0.000,0,1,0,0,0,0,-1,0,14,0,,0,,0,,0,0,829.5,0,1
17254813157,580,3,3,8,8,8.892,14,0,0.10 | 0.11 | 0.11,0,0.87 | 2.25 | 3.24,0,1.23 | 1.78 | 4.62,0.830,0.000,0,1,0,0,0,0,-1,0,14,0,,0,,0,,0,0,829.5,0,1
17254813158,580,3,3,8,8,8.892,14,0,0.10 | 0.11 | 0.11,0,0.87 | 2.25 | 3.24,0,1.23 | 1.78 | 4.62,0.830,0.000,0,1,0,0,0,0,-1,0,14,0,,0,,0,,0,0,829.5,0,1
17254813159,580,3,3,8,8,8.892,14,0,0.10 | 0.11 | 0.11,0,0.87 | 2.25 | 3.24,0,1.23 | 1.78 | 4.62,0.830,0.000,0,1,0,0,0,0,-1,0,14,0,,0,,0,,0,0,829.5,0,1
17254813160,580,3,3,8,8,8.892,14,0,0.10 | 0.11 | 0.11,0,0.87 | 2.25 | 3.24,0,1.23 | 1.78 | 4.62,0.830,0.000,0,1,0,0,0,0,-1,0,14,0,,0,,0,,0,0,829.5,0,1
17254813161,580,3,3,8,8,8.892,14,0,0.10 | 0.11 | 0.11,0,0.87 | 2.25 | 3.24,0,1.23 | 1.78 | 4.62,0.830,0.000,0,1,0,0,0,0,-1,0,14,0,,0,,0,,0,0,829.5,0,1
17254813162,580,3,3,8,8,8.892,14,0,0.10 | 0.11 | 0.11,0,0.87 | 2.25 | 3.24,0,1.23 | 1.78 | 4.62,0.830,0.000,0,1,0,0,0,0,-1,0,14,0,,0,,0,,0,0,829.5,0,1
17254813163,580,3,3,8,8,7.973,14,0,0.10 | 0.11 | 0.11,0,0.87 | 2.25 | 3.24,0,1.23 | 1.78 | 4.62,0.830,0.000,0,1,0,0,0,0,-1,0,14,0,,0,,0,,0,0,829.5,0,1
17254813164,580,3,3,8,8,7.973,14,0,0.10 | 0.11 | 0.11,0,0.87 | 2.25 | 3.24,0,1.23 | 1.78 | 4.62,0.830,0.000,0,1,0,0,0,0,-1,0,14,0,,0,,0,,0,0,829.5,0,1
17254813165,580,3,3,8,8,7.973,14,0,0.10 | 0.11 | 0.11,0,0.87 | 2.25 | 3.24,0,1.23 | 1.78 | 4.62,0.830,0.000,0,1,0,0,0,0,-1,0,14,0,,0,,0,,0,0,829.5,0,1
17254813166,580,3,3,8,8,7.973,14,0,0.10 | 0.11 | 0.11,0,0.87 | 2.25 | 3.24,0,1.23 | 1.78 | 4.62,0.830,0.000,0,1,0,0,0,0,-1,0,14,0,,0,,0,,0,0,829.5,0,1
17254813167,580,3,3,8,8,7.973,14,0,0.10 | 0.11 | 0.11,0,0.87 | 2.25 | 3.24,0,1.23 | 1.78 | 4.62,0.830,0.000,0,1,0,0,0,0,-1,0,14,0,,0,,0,,0,0,829.5,0,1
17254813168,580,3,3,8,8,7.973,14,0,0.10 | 0.11 | 0.11,0,0.87 | 2.25 | 3.24,0,1.23 | 1.78 | 4.62,0.830,0.000,0,1,0,0,0,0,-1,0,14,0,,0,,0,,0,0,829.5,0,1
17254813169,580,3,3,8,8,7.973,14,0,0.10 | 0.11 | 0.11,0,0.87 | 2.25 | 3.24,0,1.23 | 1.78 | 4.62,0.830,0.000,0,1,0,0,0,0,-1,0,14,0,,0,,0,,0,0,829.5,0,1
17254813170,580,3,3,8,8,7.973,14,0,0.10 | 0.11 | 0.11,0,0.87 | 2.25 | 3.24,0,1.23 | 1.78 | 4.62,0.830,0.000,0,1,0,0,0,0,-1,0,14,0,,0,,0,,0,0,829.5,0,1
17254813171,580,3,3,8,8,7.973,14,0,0.10 | 0.11 | 0.11,0,0.87 | 2.25 | 3.24,0,1.23 | 1.78 | 4.62,0.830,0.000,0,1,0,0,0,0,-1,0,14,0,,0,,0,,0,0,829.5,0,1
17254813172,580,3,3,8,8,7.973,14,0,0.10 | 0.11 | 0.11,0,0.87 | 2.25 | 3.24,0,1.23 | 1.78 | 4.62,0.830,0.000,0,1,0,0,0,0,-1,0,14,0,,0,,0,,0,0,907,0,1
17254813173,580,3,3,8,8,10.113,14,0,0.10 | 0.11 | 0.11,0,1.83 | 2.49 | 3.24,0,1.23 | 1.61 | 2.18,0.907,0.000,0,1,0,0,0,0,-1,0,14,0,,0,,0,,0,0,907,0,1
17254813174,580,3,3,8,8,10.113,14,0,0.10 | 0.11 | 0.11,0,1.83 | 2.49 | 3.24,0,1.23 | 1.61 | 2.18,0.907,0.000,0,1,0,0,0,0,-1,0,14,0,,0,,0,,0,0,907,0,1
17254813175,580,3,3,8,8,10.113,14,0,0.10 | 0.11 | 0.11,0,1.83 | 2.49 | 3.24,0,1.23 | 1.61 | 2.18,0.907,0.000,0,1,0,0,0,0,-1,0,14,0,,0,,0,,0,0,907,0,1
17254813176,580,3,3,8,8,10.113,14,0,0.10 | 0.11 | 0.11,0,1.83 | 2.49 | 3.24,0,1.23 | 1.61 | 2.18,0.907,0.000,0,1,0,0,0,0,-1,0,14,0,,0,,0,,0,0,907,0,1
17254813177,580,3,3,8,8,10.113,14,0,0.10 | 0.11 | 0.11,0,1.83 | 2.49 | 3.24,0,1.23 | 1.61 | 2.18,0.907,0.000,0,1,0,0,0,0,-1,0,14,0,,0,,0,,0,0,907,0,1
17254813178,580,3,3,8,8,10.113,14,0,0.10 | 0.11 | 0.11,0,1.83 | 2.49 | 3.24,0,1.23 | 1.61 | 2.18,0.907,0.000,0,1,0,0,0,0,-1,0,14,0,,0,,0,,0,0,907,0,1
17254813179,580,3,3,8,8,10.113,14,0,0.10 | 0.11 | 0.11,0,1.83 | 2.49 | 3.24,0,1.23 | 1.61 | 2.18,0.907,0.000,0,1,0,0,0,0,-1,0,14,0,,0,,0,,0,0,907,0,1
17254813180,580,3,3,8,8,10.113,14,0,0.10 | 0.11 | 0.11,0,1.83 | 2.49 | 3.24,0,1.23 | 1.61 | 2.18,0.907,0.000,0,1,0,0,0,0,-1,0,14,0,,0,,0,,0,0,907,0,1
17254813181,580,3,3,8,8,10.113,14,0,0.10 | 0.11 | 0.11,0,1.83 | 2.49 | 3.24,0,1.23 | 1.61 | 2.18,0.907,0.000,0,1,0,0,0,0,-1,0,14,0,,0,,0,,0,0,907,0,1
17254813182,580,3,3,8,8,10.113,14,0,0.10 | 0.11 | 0.11,0,1.83 | 2.49 | 3.24,0,1.23 | 1.61 | 2.18,0.907,0.000,0,1,0,0,0,0,-1,0,14,0,,0,,0,,0,0,907,0,1
17254813183,580,3,3,8,8,9.05,14,0,0.10 | 0.11 | 0.11,0,1.83 | 2.49 | 3.24,0,1.23 | 1.61 | 2.18,0.907,0.000,0,1,0,0,0,0,-1,0,14,0,,0,,0,,0,0,907,0,1
17254813184,580,3,3,8,8,9.05,14,0,0.10 | 0.11 | 0.11,0,1.83 | 2.49 | 3.24,0,1.23 | 1.61 | 2.18,0.907,0.000,0,1,0,0,0,0,-1,0,14,0,,0,,0,,0,0,907,0,1
17254813185,580,3,3,8,8,9.05,14,0,0.10 | 0.11 | 0.11,0,1.83 | 2.49 | 3.24,0,1.23 | 1.61 | 2.18,0.907,0.000,0,1,0,0,0,0,-1,0,14,0,,0,,0,,0,0,907,0,1
17254813186,580,3,3,8,8,9.05,14,0,0.10 | 0.11 | 0.11,0,1.83 | 2.49 | 3.24,0,1.23 | 1.61 | 2.18,0.907,0.000,0,1,0,0,0,0,-1,0,14,0,,0,,0,,0,0,907,0,1
17254813187,580,3,3,8,8,9.05,14,0,0.10 | 0.11 | 0.11,0,1.83 | 2.49 | 3.24,0,1.23 | 1.61 | 2.18,0.907,0.000,0,1,0,0,0,0,-1,0,14,0,,0,,0,,0,0,907,0,1
17254813188,580,3,3,8,8,9.05,14,0,0.10 | 0.11 | 0.11,0,1.83 | 2.49 | 3.24,0,1.23 | 1.61 | 2.18,0.907,0.000,0,1,0,0,0,0,-1,0,14,0,,0,,0,,0,0,907,0,1
17254813189,580,3,3,8,8,9.05,14,0,0.10 | 0.11 | 0.11,0,1.83 | 2.49 | 3.24,0,1.23 | 1.61 | 2.18,0.907,0.000,0,1,0,0,0,0,-1,0,14,0,,0,,0,,0,0,907,0,1
17254813190,580,3,3,8,8,9.05,14,0,0.10 | 0.11 | 0.11,0,1.83 | 2.49 | 3.24,0,1.23 | 1.61 | 2.18,0.907,0.000,0,1,0,0,0,0,-1,0,14,0,,0,,0,,0,0,907,0,1
17254813191,580,3,3,8,8,9.05,14,0,0.10 | 0.11 | 0.11,0,1.83 | 2.49 | 3.24,0,1.23 | 1.61 | 2.18,0.907,0.000,0,1,0,0,0,0,-1,0,14,0,,0,,0,,0,0,907,0,1
17254813192,580,3,3,8,8,9.05,14,0,0.10 | 0.11 | 0.11,0,1.83 | 2.49 | 3.24,0,1.23 | 1.61 | 2.18,0.907,0.000,0,1,0,0,0,0,-1,0,14,0,,0,,0,,0,0,907,0,1
17254813193,580,3,3,8,8,8.253,14,0,0.10 | 0.11 | 0.11,0,1.83 | 2.49 | 3.24,0,1.23 | 1.61 | 2.18,0.907,0.000,0,1,0,0,0,0,-1,0,14,0,,0,,0,,0,0,907,0,1
17254813194,580,3,3,8,8,8.253,14,0,0.10 | 0.11 | 0.11,0,1.83 | 2.49 | 3.24,0,1.23 | 1.61 | 2.18,0.907,0.000,0,1,0,0,0,0,-1,0,14,0,,0,,0,,0,0,907,0,1
17254813195,580,3,3,8,8,8.253,14,0,0.10 | 0.11 | 0.11,0,1.83 | 2.49 | 3.24,0,1.23 | 1.61 | 2.18,0.907,0.000,0,1,0,0,0,0,-1,0,14,0,,0,,0,,0,0,907,0,1
17254813196,580,3,3,8,8,8.253,14,0,0.10 | 0.11 | 0.11,0,1.83 | 2.49 | 3.24,0,1.23 | 1.61 | 2.18,0.907,0.000,0,1,0,0,0,0,-1,0,14,0,,0,,0,,0,0,907,0,1
17254813197,580,3,3,8,8,8.253,14,0,0.10 | 0.11 | 0.11,0,1.83 | 2.49 | 3.24,0,1.23 | 1.61 | 2.18,0.907,0.000,0,1,0,0,0,0,-1,0,14,0,,0,,0,,0,0,907,0,1
17254813198,580,3,3,8,8,8.253,14,0,0.10 | 0.11 | 0.11,0,1.83 | 2.49 | 3.24,0,1.23 | 1.61 | 2.18,0.907,0.000,0,1,0,0,0,0,-1,0,14,0,,0,,0,,0,0,907,0,1
17254813199,580,3,3,8,8,8.253,14,0,0.10 | 0.11 | 0.11,0,1.83 | 2.49 | 3.24,0,1.23 | 1.61 | 2.18,0.907,0.000,0,1,0,0,0,0,-1,0,14,0,,0,,0,,0,0,907,0,1
17254813200,580,3,3,8,8,8.253,14,0,0.10 | 0.11 | 0.11,0,1.83 | 2.49 | 3.24,0,1.23 | 1.61 | 2.18,0.907,0.000,0,1,0,0,0,0,-1,0,14,0,,0,,0,,0,0,907,0,1
17254813201,580,3,3,8,8,8.253,14,0,0.10 | 0.11 | 0.11,0,1.83 | 2.49 | 3.24,0,1.23 | 1.61 | 2.18,0.907,0.000,0,1,0,0,0,0,-1,0,14,0,,0,,0,,0,0,907,0,1
17254813202,580,3,3,8,8,8.253,14,0,0.10 | 0.11 | 0.11,0,1.83 | 2.49 | 3.24,0,1.23 | 1.61 | 2.18,0.907,0.000,0,1,0,0,0,0,-1,0,14,0,,0,,0,,0,0,907,0,1
17254813203,580,3,3,8,8,7.191,14,0,0.10 | 0.11 | 0.11,0,1.83 | 2.49 | 3.24,0,1.23 | 1.61 | 2.18,0.907,0.000,0,1,0,0,0,0,-1,0,14,0,,0,,0,,0,0,907,0,1
17254813204,580,3,3,8,8,7.191,14,0,0.10 | 0.11 | 0.11,0,1.83 | 2.49 | 3.24,0,1.23 | 1.61 | 2.18,0.907,0.000,0,1,0,0,0,0,-1,0,14,0,,0,,0,,0,0,907,0,1
17254813205,580,3,3,8,8,7.191,14,0,0.10 | 0.11 | 0.11,0,1.83 | 2.49 | 3.24,0,1.23 | 1.61 | 2.18,0.907,0.000,0,1,0,0,0,0,-1,0,14,0,,0,,0,,0,0,907,0,1
17254813206,580,3,3,8,8,7.191,14,0,0.10 | 0.11 | 0.11,0,1.83 | 2.49 | 3.24,0,1.23 | 1.61 | 2.18,0.907,0.000,0,1,0,0,0,0,-1,0,14,0,,0,,0,,0,0,907,0,1
17254813207,580,3,3,8,8,7.191,14,0,0.10 | 0.11 | 0.11,0,1.83 | 2.49 | 3.24,0,1.23 | 1.61 | 2.18,0.907,0.000,0,1,0,0,0,0,-1,0,14,0,,0,,0,,0,0,907,0,1
17254813208,580,3,3,8,8,7.191,14,0,0.10 | 0.11 | 0.11,0,1.83 | 2.49 | 3.24,0,1.23 | 1.61 | 2.18,0.907,0.000,0,1,0,0,0,0,-1,0,14,0,,0,,0,,0,0,879.8,0,1
17254813209,580,3,3,8,8,7.191,14,0,0.10 | 0.11 | 0.11,0,1.83 | 2.49 | 3.24,0,1.23 | 1.61 | 2.18,0.907,0.000,0,1,0,0,0,0,-1,0,14,0,,0,,0,,0,0,879.8,0,1
17254813210,580,3,3,8,8,7.191,14,0,0.10 | 0.11 | 0.11,0,1.83 | 2.49 | 3.24,0,1.23 | 1.61 | 2.18,0.907,0.000,0,1,0,0,0,0,-1,0,14,0,,0,,0,,0,0,879.8,0,1
17254813211,580,3,3,8,8,7.191,14,0,0.10 | 0.11 | 0.11,0,1.83 | 2.49 | 3.24,0,1.23 | 1.61 | 2.18,0.907,0.000,0,1,0,0,0,0,-1,0,14,0,,0,,0,,0,0,879.8,0,1
17254813212,580,3,3,8,8,7.191,14,0,0.10 | 0.11 | 0.11,0,1.83 | 2.49 | 3.24,0,1.23 | 1.61 | 2.18,0.907,0.000,0,1,0,0,0,0,-1,0,14,0,,0,,0,,0,0,879.8,0,1
17254813213,580,3,3,8,8,10.812,14,0,0.10 | 0.11 | 0.11,0,1.83 | 2.65 | 3.54,0,1.13 | 1.51 | 2.18,0.880,0.000,0,1,0,0,0,0,-1,0,14,0,,0,,0,,0,0,879.8,0,1
17254813214,580,3,3,8,8,10.812,14,0,0.10 | 0.11 | 0.11,0,1.83 | 2.65 | 3.54,0,1.13 | 1.51 | 2.18,0.880,0.000,0,1,0,0,0,0,-1,0,14,0,,0,,0,,0,0,879.8,0,1
17254813215,580,3,3,8,8,10.812,14,0,0.10 | 0.11 | 0.11,0,1.83 | 2.65 | 3.54,0,1.13 | 1.51 | 2.18,0.880,0.000,0,1,0,0,0,0,-1,0,14,0,,0,,0,,0,0,879.8,0,1
17254813216,580,3,3,8,8,10.812,14,0,0.10 | 0.11 | 0.11,0,1.83 | 2.65 | 3.54,0,1.13 | 1.51 | 2.18,0.880,0.000,0,1,0,0,0,0,-1,0,14,0,,0,,0,,0,0,879.8,0,1
17254813217,580,3,3,8,8,10.812,14,0,0.10 | 0.11 | 0.11,0,1.83 | 2.65 | 3.54,0,1.13 | 1.51 | 2.18,0.880,0.000,0,1,0,0,0,0,-1,0,14,0,,0,,0,,0,0,879.8,0,1
17254813218,580,3,3,8,8,10.812,14,0,0.10 | 0.11 | 0.11,0,1.83 | 2.65 | 3.54,0,1.13 | 1.51 | 2.18,0.880,0.000,0,1,0,0,0,0,-1,0,14,0,,0,,0,,0,0,879.8,0,1
17254813219,580,3,3,8,8,10.812,14,0,0.10 | 0.11 | 0.11,0,1.83 | 2.65 | 3.54,0,1.13 | 1.51 | 2.18,0.880,0.000,0,1,0,0,0,0,-1,0,14,0,,0,,0,,0,0,879.8,0,1
17254813220,580,3,3,8,8,10.812,14,0,0.10 | 0.11 | 0.11,0,1.83 | 2.65 | 3.54,0,1.13 | 1.51 | 2.18,0.880,0.000,0,1,0,0,0,0,-1,0,14,0,,0,,0,,0,0,879.8,0,1
17254813221,580,3,3,8,8,10.812,14,0,0.10 | 0.11 | 0.11,0,1.83 | 2.65 | 3.54,0,1.13 | 1.51 | 2.18,0.880,0.000,0,1,0,0,0,0,-1,0,14,0,,0,,0,,0,0,879.8,0,1
17254813222,580,3,3,8,8,10.812,14,0,0.10 | 0.11 | 0.11,0,1.83 | 2.65 | 3.54,0,1.13 | 1.51 | 2.18,0.880,0.000,0,1,0,0,0,0,-1,0,14,0,,0,,0,,0,0,879.8,0,1
17254813223,580,3,3,8,8,9.866,14,0,0.10 | 0.11 | 0.11,0,1.83 | 2.65 | 3.54,0,1.13 | 1.51 | 2.18,0.880,0.000,0,1,0,0,0,0,-1,0,14,0,,0,,0,,0,0,879.8,0,1
17254813224,580,3,3,8,8,9.866,14,0,0.10 | 0.11 | 0.11,0,1.83 | 2.65 | 3.54,0,1.13 | 1.51 | 2.18,0.880,0.000,0,1,0,0,0,0,-1,0,14,0,,0,,0,,0,0,879.8,0,1
17254813225,580,3,3,8,8,9.866,14,0,0.10 | 0.11 | 0.11,0,1.83 | 2.65 | 3.54,0,1.13 | 1.51 | 2.18,0.880,0.000,0,1,0,0,0,0,-1,0,14,0,,0,,0,,0,0,879.8,0,1
17254813226,580,3,3,8,8,9.866,14,0,0.10 | 0.11 | 0.11,0,1.83 | 2.65 | 3.54,0,1.13 | 1.51 | 2.18,0.880,0.000,0,1,0,0,0,0,-1,0,14,0,,0,,0,,0,0,879.8,0,1
17254813227,580,3,3,8,8,9.866,14,0,0.10 | 0.11 | 0.11,0,1.83 | 2.65 | 3.54,0,1.13 | 1.51 | 2.18,0.880,0.000,0,1,0,0,0,0,-1,0,14,0,,0,,0,,0,0,879.8,0,1
17254813228,580,3,3,8,8,9.866,14,0,0.10 | 0.11 | 0.11,0,1.83 | 2.65 | 3.54,0,1.13 | 1.51 | 2.18,0.880,0.000,0,1,0,0,0,0,-1,0,14,0,,0,,0,,0,0,879.8,0,1
17254813229,580,3,3,8,8,9.866,14,0,0.10 | 0.11 | 0.11,0,1.83 | 2.65 | 3.54,0,1.13 | 1.51 | 2.18,0.880,0.000,0,1,0,0,0,0,-1,0,14,0,,0,,0,,0,0,879.8,0,1
17254813230,580,3,3,8,8,9.866,14,0,0.10 | 0.11 | 0.11,0,1.83 | 2.65 | 3.54,0,1.13 | 1.51 | 2.18,0.880,0.000,0,1,0,0,0,0,-1,0,14,0,,0,,0,,0,0,879.8,0,1
17254813231,580,3,3,8,8,9.866,14,0,0.10 | 0.11 | 0.11,0,1.83 | 2.65 | 3.54,0,1.13 | 1.51 | 2.18,0.880,0.000,0,1,0,0,0,0,-1,0,14,0,,0,,0,,0,0,879.8,0,1
17254813232,580,3,3,8,8,9.866,14,0,0.10 | 0.11 | 0.11,0,1.83 | 2.65 | 3.54,0,1.13 | 1.51 | 2.18,0.880,0.000,0,1,0,0,0,0,-1,0,14,0,,0,,0,,0,0,879.8,0,1
17254813233,580,3,3,8,8,9.069,14,0,0.10 | 0.11 | 0.11,0,1.83 | 2.65 | 3.54,0,1.13 | 1.51 | 2.18,0.880,0.000,0,1,0,0,0,0,-1,0,14,0,,0,,0,,0,0,879.8,0,1
17254813234,580,3,3,8,8,9.069,14,0,0.10 | 0.11 | 0.11,0,1.83 | 2.65 | 3.54,0,1.13 | 1.51 | 2.18,0.880,0.000,0,1,0,0,0,0,-1,0,14,0,,0,,0,,0,0,875.2,0,1
17254813235,580,3,3,8,8,9.069,14,0,0.10 | 0.11 | 0.11,0,1.83 | 2.65 | 3.54,0,1.13 | 1.51 | 2.18,0.880,0.000,0,1,0,0,0,0,-1,0,14,0,,0,,0,,0,0,875.2,0,1
17254813236,580,3,3,8,8,9.069,14,0,0.10 | 0.11 | 0.11,0,1.83 | 2.65 | 3.54,0,1.13 | 1.51 | 2.18,0.880,0.000,0,1,0,0,0,0,-1,0,14,0,,0,,0,,0,0,875.2,0,1
17254813237,580,3,3,8,8,9.069,14,0,0.10 | 0.11 | 0.11,0,1.83 | 2.65 | 3.54,0,1.13 | 1.51 | 2.18,0.880,0.000,0,1,0,0,0,0,-1,0,14,0,,0,,0,,0,0,875.2,0,1
17254813238,580,3,3,8,8,9.069,14,0,0.10 | 0.11 | 0.11,0,1.83 | 2.65 | 3.54,0,1.13 | 1.51 | 2.18,0.880,0.000,0,1,0,0,0,0,-1,0,14,0,,0,,0,,0,0,875.2,0,1
17254813239,580,3,3,8,8,9.069,14,0,0.10 | 0.11 | 0.11,0,1.83 | 2.65 | 3.54,0,1.13 | 1.51 | 2.18,0.880,0.000,0,1,0,0,0,0,-1,0,14,0,,0,,0,,0,0,875.2,0,1
17254813240,580,3,3,8,8,9.069,14,0,0.10 | 0.11 | 0.11,0,1.83 | 2.65 | 3.54,0,1.13 | 1.51 | 2.18,0.880,0.000,0,1,0,0,0,0,-1,0,14,0,,0,,0,,0,0,875.2,0,1
17254813241,580,3,3,8,8,9.069,14,0,0.10 | 0.11 | 0.11,0,1.83 | 2.65 | 3.54,0,1.13 | 1.51 | 2.18,0.880,0.000,0,1,0,0,0,0,-1,0,14,0,,0,,0,,0,0,875.2,0,1
17254813242,580,3,3,8,8,9.069,14,0,0.10 | 0.11 | 0.11,0,1.83 | 2.65 | 3.54,0,1.13 | 1.51 | 2.18,0.880,0.000,0,1,0,0,0,0,-1,0,14,0,,0,,0,,0,0,875.2,0,1
17254813243,580,3,3,8,8,11.206,14,0,0.11 | 0.11 | 0.11,0,1.83 | 2.77 | 3.54,0,1.13 | 1.45 | 2.18,0.875,0.000,0,1,0,0,0,0,-1,0,14,0,,0,,0,,0,0,875.2,0,1
17254813244,580,3,3,8,8,11.206,14,0,0.11 | 0.11 | 0.11,0,1.83 | 2.77 | 3.54,0,1.13 | 1.45 | 2.18,0.875,0.000,0,1,0,0,0,0,-1,0,14,0,,0,,0,,0,0,875.2,0,1
17254813245,580,3,3,8,8,11.206,14,0,0.11 | 0.11 | 0.11,0,1.83 | 2.77 | 3.54,0,1.13 | 1.45 | 2.18,0.875,0.000,0,1,0,0,0,0,-1,0,14,0,,0,,0,,0,0,875.2,0,1
17254813246,580,3,3,8,8,11.206,14,0,0.11 | 0.11 | 0.11,0,1.83 | 2.77 | 3.54,0,1.13 | 1.45 | 2.18,0.875,0.000,0,1,0,0,0,0,-1,0,14,0,,0,,0,,0,0,875.2,0,1
17254813247,580,3,3,8,8,11.206,14,0,0.11 | 0.11 | 0.11,0,1.83 | 2.77 | 3.54,0,1.13 | 1.45 | 2.18,0.875,0.000,0,1,0,0,0,0,-1,0,14,0,,0,,0,,0,0,875.2,0,1
17254813248,580,3,3,8,8,11.206,14,0,0.11 | 0.11 | 0.11,0,1.83 | 2.77 | 3.54,0,1.13 | 1.45 | 2.18,0.875,0.000,0,1,0,0,0,0,-1,0,14,0,,0,,0,,0,0,875.2,0,1
17254813249,580,3,3,8,8,11.206,14,0,0.11 | 0.11 | 0.11,0,1.83 | 2.77 | 3.54,0,1.13 | 1.45 | 2.18,0.875,0.000,0,1,0,0,0,0,-1,0,14,0,,0,,0,,0,0,875.2,0,1
17254813250,580,3,3,8,8,11.206,14,0,0.11 | 0.11 | 0.11,0,1.83 | 2.77 | 3.54,0,1.13 | 1.45 | 2.18,0.875,0.000,0,1,0,0,0,0,-1,0,14,0,,0,,0,,0,0,875.2,0,1
17254813251,580,3,3,8,8,11.206,14,0,0.11 | 0.11 | 0.11,0,1.83 | 2.77 | 3.54,0,1.13 | 1.45 | 2.18,0.875,0.000,0,1,0,0,0,0,-1,0,14,0,,0,,0,,0,0,875.2,0,1
17254813252,580,3,3,8,8,11.206,14,0,0.11 | 0.11 | 0.11,0,1.83 | 2.77 | 3.54,0,1.13 | 1.45 | 2.18,0.875,0.000,0,1,0,0,0,0,-1,0,14,0,,0,,0,,0,0,875.2,0,1
17254813253,580,3,3,8,8,10.144,14,0,0.11 | 0.11 | 0.11,0,1.83 | 2.77 | 3.54,0,1.13 | 1.45 | 2.18,0.875,0.000,0,1,0,0,0,0,-1,0,14,0,,0,,0,,0,0,875.2,0,1
17254813254,580,3,3,8,8,10.144,14,0,0.11 | 0.11 | 0.11,0,1.83 | 2.77 | 3.54,0,1.13 | 1.45 | 2.18,0.875,0.000,0,1,0,0,0,0,-1,0,14,0,,0,,0,,0,0,875.2,0,1
17254813255,580,3,3,8,8,10.144,14,0,0.11 | 0.11 | 0.11,0,1.83 | 2.77 | 3.54,0,1.13 | 1.45 | 2.18,0.875,0.000,0,1,0,0,0,0,-1,0,14,0,,0,,0,,0,0,875.2,0,1
17254813256,580,3,3,8,8,10.144,14,0,0.11 | 0.11 | 0.11,0,1.83 | 2.77 | 3.54,0,1.13 | 1.45 | 2.18,0.875,0.000,0,1,0,0,0,0,-1,0,14,0,,0,,0,,0,0,875.2,0,1
17254813257,580,3,3,8,8,10.144,14,0,0.11 | 0.11 | 0.11,0,1.83 | 2.77 | 3.54,0,1.13 | 1.45 | 2.18,0.875,0.000,0,1,0,0,0,0,-1,0,14,0,,0,,0,,0,0,875.2,0,1
17254813258,580,3,3,8,8,10.144,14,0,0.11 | 0.11 | 0.11,0,1.83 | 2.77 | 3.54,0,1.13 | 1.45 | 2.18,0.875,0.000,0,1,0,0,0,0,-1,0,14,0,,0,,0,,0,0,875.2,0,1
17254813259,580,3,3,8,8,10.144,14,0,0.11 | 0.11 | 0.11,0,1.83 | 2.77 | 3.54,0,1.13 | 1.45 | 2.18,0.875,0.000,0,1,0,0,0,0,-1,0,14,0,,0,,0,,0,0,875.2,0,1
17254813260,580,3,3,8,8,10.144,14,0,0.11 | 0.11 | 0.11,0,1.83 | 2.77 | 3.54,0,1.13 | 1.45 | 2.18,0.875,0.000,0,1,0,0,0,0,-1,0,14,0,,0,,0,,0,0,875.2,0,1
17254813261,580,3,3,8,8,10.144,14,0,0.11 | 0.11 | 0.11,0,1.83 | 2.77 | 3.54,0,1.13 | 1.45 | 2.18,0.875,0.000,0,1,0,0,0,0,-1,0,14,0,,0,,0,,0,0,875.2,0,1
17254813262,580,3,3,8,8,10.144,14,0,0.11 | 0.11 | 0.11,0,1.83 | 2.77 | 3.54,0,1.13 | 1.45 | 2.18,0.875,0.000,0,1,0,0,0,0,-1,0,14,0,,0,,0,,0,0,875.2,0,1
17254813263,580,3,3,8,8,9.081,14,0,0.11 | 0.11 | 0.11,0,1.83 | 2.77 | 3.54,0,1.13 | 1.45 | 2.18,0.875,0.000,0,1,0,0,0,0,-1,0,14,0,,0,,0,,0,0,875.2,0,1
17254813264,580,3,3,8,8,9.081,14,0,0.11 | 0.11 | 0.11,0,1.83 | 2.77 | 3.54,0,1.13 | 1.45 | 2.18,0.875,0.000,0,1,0,0,0,0,-1,0,14,0,,0,,0,,0,0,875.2,0,1
17254813265,580,3,3,8,8,9.081,14,0,0.11 | 0.11 | 0.11,0,1.83 | 2.77 | 3.54,0,1.13 | 1.45 | 2.18,0.875,0.000,0,1,0,0,0,0,-1,0,14,0,,0,,0,,0,0,875.2,0,1
17254813266,580,3,3,8,8,9.081,14,0,0.11 | 0.11 | 0.11,0,1.83 | 2.77 | 3.54,0,1.13 | 1.45 | 2.18,0.875,0.000,0,1,0,0,0,0,-1,0,14,0,,0,,0,,0,0,875.2,0,1
17254813267,580,3,3,8,8,9.081,14,0,0.11 | 0.11 | 0.11,0,1.83 | 2.77 | 3.54,0,1.13 | 1.45 | 2.18,0.875,0.000,0,1,0,0,0,0,-1,0,14,0,,0,,0,,0,0,875.2,0,1
17254813268,580,3,3,8,8,9.081,14,0,0.11 | 0.11 | 0.11,0,1.83 | 2.77 | 3.54,0,1.13 | 1.45 | 2.18,0.875,0.000,0,1,0,0,0,0,-1,0,14,0,,0,,0,,0,0,875.2,0,1
17254813269,580,3,3,8,8,9.081,14,0,0.11 | 0.11 | 0.11,0,1.83 | 2.77 | 3.54,0,1.13 | 1.45 | 2.18,0.875,0.000,0,1,0,0,0,0,-1,0,14,0,,0,,0,,0,0,875.2,0,1
17254813270,580,3,3,8,8,9.081,14,0,0.11 | 0.11 | 0.11,0,1.83 | 2.77 | 3.54,0,1.13 | 1.45 | 2.18,0.875,0.000,0,1,0,0,0,0,-1,0,14,0,,0,,0,,0,0,875.2,0,1
17254813271,580,3,3,8,8,9.081,14,0,0.11 | 0.11 | 0.11,0,1.83 | 2.77 | 3.54,0,1.13 | 1.45 | 2.18,0.875,0.000,0,1,0,0,0,0,-1,0,14,0,,0,,0,,0,0,875.2,0,1
17254813272,580,3,3,8,8,9.081,14,0,0.11 | 0.11 | 0.11,0,1.83 | 2.77 | 3.54,0,1.13 | 1.45 | 2.18,0.875,0.000,0,1,0,0,0,0,-1,0,14,0,,0,,0,,0,0,875.2,0,1
17254813273,580,3,3,8,8,8.019,14,0,0.11 | 0.11 | 0.11,0,1.83 | 2.77 | 3.54,0,1.13 | 1.45 | 2.18,0.875,0.000,0,1,0,0,0,0,-1,0,14,0,,0,,0,,0,0,875.2,0,1
17254813274,580,3,3,8,8,8.019,14,0,0.11 | 0.11 | 0.11,0,1.83 | 2.77 | 3.54,0,1.13 | 1.45 | 2.18,0.875,0.000,0,1,0,0,0,0,-1,0,14,0,,0,,0,,0,0,875.2,0,1
17254813275,580,3,3,8,8,8.019,14,0,0.11 | 0.11 | 0.11,0,1.83 | 2.77 | 3.54,0,1.13 | 1.45 | 2.18,0.875,0.000,0,1,0,0,0,0,-1,0,14,0,,0,,0,,0,0,875.2,0,1
17254813276,580,3,3,8,8,8.019,14,0,0.11 | 0.11 | 0.11,0,1.83 | 2.77 | 3.54,0,1.13 | 1.45 | 2.18,0.875,0.000,0,1,0,0,0,0,-1,0,14,0,,0,,0,,0,0,875.2,0,1
17254813277,580,3,3,8,8,8.019,14,0,0.11 | 0.11 | 0.11,0,1.83 | 2.77 | 3.54,0,1.13 | 1.45 | 2.18,0.875,0.000,0,1,0,0,0,0,-1,0,14,0,,0,,0,,0,0,844.4,0,1
17254813278,580,3,3,8,8,8.019,14,0,0.11 | 0.11 | 0.11,0,1.83 | 2.77 | 3.54,0,1.13 | 1.45 | 2.18,0.875,0.000,0,1,0,0,0,0,-1,0,14,0,,0,,0,,0,0,844.4,0,1
17254813279,580,3,3,8,8,8.019,14,0,0.11 | 0.11 | 0.11,0,1.83 | 2.77 | 3.54,0,1.13 | 1.45 | 2.18,0.875,0.000,0,1,0,0,0,0,-1,0,14,0,,0,,0,,0,0,844.4,0,1
17254813280,580,3,3,8,8,8.019,14,0,0.11 | 0.11 | 0.11,0,1.83 | 2.77 | 3.54,0,1.13 | 1.45 | 2.18,0.875,0.000,0,1,0,0,0,0,-1,0,14,0,,0,,0,,0,0,844.4,0,1
17254813281,580,3,3,8,8,8.019,14,0,0.11 | 0.11 | 0.11,0,1.83 | 2.77 | 3.54,0,1.13 | 1.45 | 2.18,0.875,0.000,0,1,0,0,0,0,-1,0,14,0,,0,,0,,0,0,844.4,0,1
17254813282,580,3,3,8,8,8.019,14,0,0.11 | 0.11 | 0.11,0,1.83 | 2.77 | 3.54,0,1.13 | 1.45 | 2.18,0.875,0.000,0,1,0,0,0,0,-1,0,14,0,,0,,0,,0,0,844.4,0,1
17254813283,580,3,3,8,8,12.022,14,0,0.11 | 0.11 | 0.11,0,1.83 | 2.99 | 4.13,0,0.97 | 1.34 | 2.18,0.844,0.000,0,1,0,0,0,0,-1,0,14,0,,0,,0,,0,0,844.4,0,1
17254813284,580,3,3,8,8,12.022,14,0,0.11 | 0.11 | 0.11,0,1.83 | 2.99 | 4.13,0,0.97 | 1.34 | 2.18,0.844,0.000,0,1,0,0,0,0,-1,0,14,0,,0,,0,,0,0,844.4,0,1
17254813285,580,3,3,8,8,12.022,14,0,0.11 | 0.11 | 0.11,0,1.83 | 2.99 | 4.13,0,0.97 | 1.34 | 2.18,0.844,0.000,0,1,0,0,0,0,-1,0,14,0,,0,,0,,0,0,844.4,0,1
17254813286,580,3,3,8,8,12.022,14,0,0.11 | 0.11 | 0.11,0,1.83 | 2.99 | 4.13,0,0.97 | 1.34 | 2.18,0.844,0.000,0,1,0,0,0,0,-1,0,14,0,,0,,0,,0,0,844.4,0,1
17254813287,580,3,3,8,8,12.022,14,0,0.11 | 0.11 | 0.11,0,1.83 | 2.99 | 4.13,0,0.97 | 1.34 | 2.18,0.844,0.000,0,1,0,0,0,0,-1,0,14,0,,0,,0,,0,0,844.4,0,1
17254813288,580,3,3,8,8,12.022,14,0,0.11 | 0.11 | 0.11,0,1.83 | 2.99 | 4.13,0,0.97 | 1.34 | 2.18,0.844,0.000,0,1,0,0,0,0,-1,0,14,0,,0,,0,,0,0,844.4,0,1
17254813289,580,3,3,8,8,12.022,14,0,0.11 | 0.11 | 0.11,0,1.83 | 2.99 | 4.13,0,0.97 | 1.34 | 2.18,0.844,0.000,0,1,0,0,0,0,-1,0,14,0,,0,,0,,0,0,844.4,0,1
17254813290,580,3,3,8,8,12.022,14,0,0.11 | 0.11 | 0.11,0,1.83 | 2.99 | 4.13,0,0.97 | 1.34 | 2.18,0.844,0.000,0,1,0,0,0,0,-1,0,14,0,,0,,0,,0,0,844.4,0,1
17254813291,580,3,3,8,8,12.022,14,0,0.11 | 0.11 | 0.11,0,1.83 | 2.99 | 4.13,0,0.97 | 1.34 | 2.18,0.844,0.000,0,1,0,0,0,0,-1,0,14,0,,0,,0,,0,0,844.4,0,1
17254813292,580,3,3,8,8,12.022,14,0,0.11 | 0.11 | 0.11,0,1.83 | 2.99 | 4.13,0,0.97 | 1.34 | 2.18,0.844,0.000,0,1,0,0,0,0,-1,0,14,0,,0,,0,,0,0,844.4,0,1
17254813293,580,3,3,8,8,10.96,14,0,0.11 | 0.11 | 0.11,0,1.83 | 2.99 | 4.13,0,0.97 | 1.34 | 2.18,0.844,0.000,0,1,0,0,0,0,-1,0,14,0,,0,,0,,0,0,844.4,0,1
17254813294,580,3,3,8,8,10.96,14,0,0.11 | 0.11 | 0.11,0,1.83 | 2.99 | 4.13,0,0.97 | 1.34 | 2.18,0.844,0.000,0,1,0,0,0,0,-1,0,14,0,,0,,0,,0,0,844.4,0,1
17254813295,580,3,3,8,8,10.96,14,0,0.11 | 0.11 | 0.11,0,1.83 | 2.99 | 4.13,0,0.97 | 1.34 | 2.18,0.844,0.000,0,1,0,0,0,0,-1,0,14,0,,0,,0,,0,0,844.4,0,1
17254813296,580,3,3,8,8,10.96,14,0,0.11 | 0.11 | 0.11,0,1.83 | 2.99 | 4.13,0,0.97 | 1.34 | 2.18,0.844,0.000,0,1,0,0,0,0,-1,0,14,0,,0,,0,,0,0,844.4,0,1
17254813297,580,3,3,8,8,10.96,14,0,0.11 | 0.11 | 0.11,0,1.83 | 2.99 | 4.13,0,0.97 | 1.34 | 2.18,0.844,0.000,0,1,0,0,0,0,-1,0,14,0,,0,,0,,0,0,844.4,0,1
17254813298,580,3,3,8,8,10.96,14,0,0.11 | 0.11 | 0.11,0,1.83 | 2.99 | 4.13,0,0.97 | 1.34 | 2.18,0.844,0.000,0,1,0,0,0,0,-1,0,14,0,,0,,0,,0,0,844.4,0,1
17254813299,580,3,3,8,8,10.96,14,0,0.11 | 0.11 | 0.11,0,1.83 | 2.99 | 4.13,0,0.97 | 1.34 | 2.18,0.844,0.000,0,1,0,0,0,0,-1,0,14,0,,0,,0,,0,0,844.4,0,1
17254813300,580,3,3,8,8,10.96,14,0,0.11 | 0.11 | 0.11,0,1.83 | 2.99 | 4.13,0,0.97 | 1.34 | 2.18,0.844,0.000,0,1,0,0,0,0,-1,0,14,0,,0,,0,,0,0,844.4,0,1
17254813301,580,3,3,8,8,10.96,14,0,0.11 | 0.11 | 0.11,0,1.83 | 2.99 | 4.13,0,0.97 | 1.34 | 2.18,0.844,0.000,0,1,0,0,0,0,-1,0,14,0,,0,,0,,0,0,844.4,0,1
17254813302,580,3,3,8,8,10.96,14,0,0.11 | 0.11 | 0.11,0,1.83 | 2.99 | 4.13,0,0.97 | 1.34 | 2.18,0.844,0.000,0,1,0,0,0,0,-1,0,14,0,,0,,0,,0,0,844.4,0,1
17254813303,580,3,3,8,8,9.897,14,0,0.11 | 0.11 | 0.11,0,1.83 | 2.99 | 4.13,0,0.97 | 1.34 | 2.18,0.844,0.000,0,1,0,0,0,0,-1,0,14,0,,0,,0,,0,0,844.4,0,1
17254813304,580,3,3,8,8,9.897,14,0,0.11 | 0.11 | 0.11,0,1.83 | 2.99 | 4.13,0,0.97 | 1.34 | 2.18,0.844,0.000,0,1,0,0,0,0,-1,0,14,0,,0,,0,,0,0,844.4,0,1
17254813305,580,3,3,8,8,9.897,14,0,0.11 | 0.11 | 0.11,0,1.83 | 2.99 | 4.13,0,0.97 | 1.34 | 2.18,0.844,0.000,0,1,0,0,0,0,-1,0,14,0,,0,,0,,0,0,844.4,0,1
17254813306,580,3,3,8,8,9.897,14,0,0.11 | 0.11 | 0.11,0,1.83 | 2.99 | 4.13,0,0.97 | 1.34 | 2.18,0.844,0.000,0,1,0,0,0,0,-1,0,14,0,,0,,0,,0,0,844.4,0,1
17254813307,580,3,3,8,8,9.897,14,0,0.11 | 0.11 | 0.11,0,1.83 | 2.99 | 4.13,0,0.97 | 1.34 | 2.18,0.844,0.000,0,1,0,0,0,0,-1,0,14,0,,0,,0,,0,0,844.4,0,1
17254813308,580,3,3,8,8,9.897,14,0,0.11 | 0.11 | 0.11,0,1.83 | 2.99 | 4.13,0,0.97 | 1.34 | 2.18,0.844,0.000,0,1,0,0,0,0,-1,0,14,0,,0,,0,,0,0,844.4,0,1
17254813309,580,3,3,8,8,9.897,14,0,0.11 | 0.11 | 0.11,0,1.83 | 2.99 | 4.13,0,0.97 | 1.34 | 2.18,0.844,0.000,0,1,0,0,0,0,-1,0,14,0,,0,,0,,0,0,844.4,0,1
17254813310,580,3,3,8,8,9.897,14,0,0.11 | 0.11 | 0.11,0,1.83 | 2.99 | 4.13,0,0.97 | 1.34 | 2.18,0.844,0.000,0,1,0,0,0,0,-1,0,14,0,,0,,0,,0,0,844.4,0,1
17254813311,580,3,3,8,8,9.897,14,0,0.11 | 0.11 | 0.11,0,1.83 | 2.99 | 4.13,0,0.97 | 1.34 | 2.18,0.844,0.000,0,1,0,0,0,0,-1,0,14,0,,0,,0,,0,0,844.4,0,1
17254813312,580,3,3,8,8,9.897,14,0,0.11 | 0.11 | 0.11,0,1.83 | 2.99 | 4.13,0,0.97 | 1.34 | 2.18,0.844,0.000,0,1,0,0,0,0,-1,0,14,0,,0,,0,,0,0,844.4,0,1
17254813313,580,3,3,8,8,8.813,14,0,0.11 | 0.11 | 0.11,0,1.83 | 2.99 | 4.13,0,0.97 | 1.34 | 2.18,0.844,0.000,0,1,0,0,0,0,-1,0,14,0,,0,,0,,0,0,844.4,0,1
17254813314,580,3,3,8,8,8.813,14,0,0.11 | 0.11 | 0.11,0,1.83 | 2.99 | 4.13,0,0.97 | 1.34 | 2.18,0.844,0.000,0,1,0,0,0,0,-1,0,14,0,,0,,0,,0,0,844.4,0,1
17254813315,580,3,3,8,8,8.813,14,0,0.11 | 0.11 | 0.11,0,1.83 | 2.99 | 4.13,0,0.97 | 1.34 | 2.18,0.844,0.000,0,1,0,0,0,0,-1,0,14,0,,0,,0,,0,0,844.4,0,1
17254813316,580,3,3,8,8,8.813,14,0,0.11 | 0.11 | 0.11,0,1.83 | 2.99 | 4.13,0,0.97 | 1.34 | 2.18,0.844,0.000,0,1,0,0,0,0,-1,0,14,0,,0,,0,,0,0,763.25,0,1
17254813317,580,3,3,8,8,8.813,14,0,0.11 | 0.11 | 0.11,0,1.83 | 2.99 | 4.13,0,0.97 | 1.34 | 2.18,0.844,0.000,0,1,0,0,0,0,-1,0,14,0,,0,,0,,0,0,763.25,0,1
17254813318,580,3,3,8,8,8.813,14,0,0.11 | 0.11 | 0.11,0,1.83 | 2.99 | 4.13,0,0.97 | 1.34 | 2.18,0.844,0.000,0,1,0,0,0,0,-1,0,14,0,,0,,0,,0,0,763.25,0,1
17254813319,580,3,3,8,8,8.813,14,0,0.11 | 0.11 | 0.11,0,1.83 | 2.99 | 4.13,0,0.97 | 1.34 | 2.18,0.844,0.000,0,1,0,0,0,0,-1,0,14,0,,0,,0,,0,0,763.25,0,1
17254813320,580,3,3,8,8,8.813,14,0,0.11 | 0.11 | 0.11,0,1.83 | 2.99 | 4.13,0,0.97 | 1.34 | 2.18,0.844,0.000,0,1,0,0,0,0,-1,0,14,0,,0,,0,,0,0,763.25,0,1
17254813321,580,3,3,8,8,8.813,14,0,0.11 | 0.11 | 0.11,0,1.83 | 2.99 | 4.13,0,0.97 | 1.34 | 2.18,0.844,0.000,0,1,0,0,0,0,-1,0,14,0,,0,,0,,0,0,763.25,0,1
17254813322,580,3,3,8,8,8.813,14,0,0.11 | 0.11 | 0.11,0,1.83 | 2.99 | 4.13,0,0.97 | 1.34 | 2.18,0.844,0.000,0,1,0,0,0,0,-1,0,14,0,,0,,0,,0,0,763.25,0,1
17254813323,580,3,3,8,8,11.238,14,0,0.11 | 0.11 | 0.11,0,2.46 | 3.24 | 4.13,0,0.97 | 1.24 | 1.63,0.763,0.000,0,1,0,0,0,0,-1,0,14,0,,0,,0,,0,0,763.25,0,1
17254813324,580,3,3,8,8,11.238,14,0,0.11 | 0.11 | 0.11,0,2.46 | 3.24 | 4.13,0,0.97 | 1.24 | 1.63,0.763,0.000,0,1,0,0,0,0,-1,0,14,0,,0,,0,,0,0,763.25,0,1
17254813325,580,3,3,8,8,11.238,14,0,0.11 | 0.11 | 0.11,0,2.46 | 3.24 | 4.13,0,0.97 | 1.24 | 1.63,0.763,0.000,0,1,0,0,0,0,-1,0,14,0,,0,,0,,0,0,763.25,0,1
17254813326,580,3,3,8,8,11.238,14,0,0.11 | 0.11 | 0.11,0,2.46 | 3.24 | 4.13,0,0.97 | 1.24 | 1.63,0.763,0.000,0,1,0,0,0,0,-1,0,14,0,,0,,0,,0,0,763.25,0,1
17254813327,580,3,3,8,8,11.238,14,0,0.11 | 0.11 | 0.11,0,2.46 | 3.24 | 4.13,0,0.97 | 1.24 | 1.63,0.763,0.000,0,1,0,0,0,0,-1,0,14,0,,0,,0,,0,0,763.25,0,1
17254813328,580,3,3,8,8,11.238,14,0,0.11 | 0.11 | 0.11,0,2.46 | 3.24 | 4.13,0,0.97 | 1.24 | 1.63,0.763,0.000,0,1,0,0,0,0,-1,0,14,0,,0,,0,,0,0,763.25,0,1
17254813329,580,3,3,8,8,11.238,14,0,0.11 | 0.11 | 0.11,0,2.46 | 3.24 | 4.13,0,0.97 | 1.24 | 1.63,0.763,0.000,0,1,0,0,0,0,-1,0,14,0,,0,,0,,0,0,763.25,0,1
17254813330,580,3,3,8,8,11.238,14,0,0.11 | 0.11 | 0.11,0,2.46 | 3.24 | 4.13,0,0.97 | 1.24 | 1.63,0.763,0.000,0,1,0,0,0,0,-1,0,14,0,,0,,0,,0,0,763.25,0,1
17254813331,580,3,3,8,8,11.238,14,0,0.11 | 0.11 | 0.11,0,2.46 | 3.24 | 4.13,0,0.97 | 1.24 | 1.63,0.763,0.000,0,1,0,0,0,0,-1,0,14,0,,0,,0,,0,0,763.25,0,1
17254813332,580,3,3,8,8,11.238,14,0,0.11 | 0.11 | 0.11,0,2.46 | 3.24 | 4.13,0,0.97 | 1.24 | 1.63,0.763,0.000,0,1,0,0,0,0,-1,0,14,0,,0,,0,,0,0,763.25,0,1
17254813333,580,3,3,8,8,10.175,14,0,0.11 | 0.11 | 0.11,0,2.46 | 3.24 | 4.13,0,0.97 | 1.24 | 1.63,0.763,0.000,0,1,0,0,0,0,-1,0,14,0,,0,,0,,0,0,763.25,0,1
17254813334,580,3,3,8,8,10.175,14,0,0.11 | 0.11 | 0.11,0,2.46 | 3.24 | 4.13,0,0.97 | 1.24 | 1.63,0.763,0.000,0,1,0,0,0,0,-1,0,14,0,,0,,0,,0,0,763.25,0,1
17254813335,580,3,3,8,8,10.175,14,0,0.11 | 0.11 | 0.11,0,2.46 | 3.24 | 4.13,0,0.97 | 1.24 | 1.63,0.763,0.000,0,1,0,0,0,0,-1,0,14,0,,0,,0,,0,0,763.25,0,1
17254813336,580,3,3,8,8,10.175,14,0,0.11 | 0.11 | 0.11,0,2.46 | 3.24 | 4.13,0,0.97 | 1.24 | 1.63,0.763,0.000,0,1,0,0,0,0,-1,0,14,0,,0,,0,,0,0,763.25,0,1
17254813337,580,3,3,8,8,10.175,14,0,0.11 | 0.11 | 0.11,0,2.46 | 3.24 | 4.13,0,0.97 | 1.24 | 1.63,0.763,0.000,0,1,0,0,0,0,-1,0,14,0,,0,,0,,0,0,763.25,0,1
17254813338,580,3,3,8,8,10.175,14,0,0.11 | 0.11 | 0.11,0,2.46 | 3.24 | 4.13,0,0.97 | 1.24 | 1.63,0.763,0.000,0,1,0,0,0,0,-1,0,14,0,,0,,0,,0,0,763.25,0,1
17254813339,580,3,3,8,8,10.175,14,0,0.11 | 0.11 | 0.11,0,2.46 | 3.24 | 4.13,0,0.97 | 1.24 | 1.63,0.763,0.000,0,1,0,0,0,0,-1,0,14,0,,0,,0,,0,0,763.25,0,1
17254813340,580,3,3,8,8,10.175,14,0,0.11 | 0.11 | 0.11,0,2.46 | 3.24 | 4.13,0,0.97 | 1.24 | 1.63,0.763,0.000,0,1,0,0,0,0,-1,0,14,0,,0,,0,,0,0,763.25,0,1
17254813341,580,3,3,8,8,10.175,14,0,0.11 | 0.11 | 0.11,0,2.46 | 3.24 | 4.13,0,0.97 | 1.24 | 1.63,0.763,0.000,0,1,0,0,0,0,-1,0,14,0,,0,,0,,0,0,763.25,0,1
17254813342,580,3,3,8,8,10.175,14,0,0.11 | 0.11 | 0.11,0,2.46 | 3.24 | 4.13,0,0.97 | 1.24 | 1.63,0.763,0.000,0,1,0,0,0,0,-1,0,14,0,,0,,0,,0,0,763.25,0,1
17254813343,580,3,3,8,8,9.113,14,0,0.11 | 0.11 | 0.11,0,2.46 | 3.24 | 4.13,0,0.97 | 1.24 | 1.63,0.763,0.000,0,1,0,0,0,0,-1,0,14,0,,0,,0,,0,0,763.25,0,1
17254813344,580,3,3,8,8,9.113,14,0,0.11 | 0.11 | 0.11,0,2.46 | 3.24 | 4.13,0,0.97 | 1.24 | 1.63,0.763,0.000,0,1,0,0,0,0,-1,0,14,0,,0,,0,,0,0,763.25,0,1
17254813345,580,3,3,8,8,9.113,14,0,0.11 | 0.11 | 0.11,0,2.46 | 3.24 | 4.13,0,0.97 | 1.24 | 1.63,0.763,0.000,0,1,0,0,0,0,-1,0,14,0,,0,,0,,0,0,763.25,0,1
17254813346,580,3,3,8,8,9.113,14,0,0.11 | 0.11 | 0.11,0,2.46 | 3.24 | 4.13,0,0.97 | 1.24 | 1.63,0.763,0.000,0,1,0,0,0,0,-1,0,14,0,,0,,0,,0,0,763.25,0,1
17254813347,580,3,3,8,8,9.113,14,0,0.11 | 0.11 | 0.11,0,2.46 | 3.24 | 4.13,0,0.97 | 1.24 | 1.63,0.763,0.000,0,1,0,0,0,0,-1,0,14,0,,0,,0,,0,0,763.25,0,1
17254813348,580,3,3,8,8,9.113,14,0,0.11 | 0.11 | 0.11,0,2.46 | 3.24 | 4.13,0,0.97 | 1.24 | 1.63,0.763,0.000,0,1,0,0,0,0,-1,0,14,0,,0,,0,,0,0,763.25,0,1
17254813349,580,3,3,8,8,9.113,14,0,0.11 | 0.11 | 0.11,0,2.46 | 3.24 | 4.13,0,0.97 | 1.24 | 1.63,0.763,0.000,0,1,0,0,0,0,-1,0,14,0,,0,,0,,0,0,763.25,0,1
17254813350,580,3,3,8,8,9.113,14,0,0.11 | 0.11 | 0.11,0,2.46 | 3.24 | 4.13,0,0.97 | 1.24 | 1.63,0.763,0.000,0,1,0,0,0,0,-1,0,14,0,,0,,0,,0,0,763.25,0,1
17254813351,580,3,3,8,8,9.113,14,0,0.11 | 0.11 | 0.11,0,2.46 | 3.24 | 4.13,0,0.97 | 1.24 | 1.63,0.763,0.000,0,1,0,0,0,0,-1,0,14,0,,0,,0,,0,0,763.25,0,1
17254813352,580,3,3,8,8,9.113,14,0,0.11 | 0.11 | 0.11,0,2.46 | 3.24 | 4.13,0,0.97 | 1.24 | 1.63,0.763,0.000,0,1,0,0,0,0,-1,0,14,0,,0,,0,,0,0,763.25,0,1
17254813353,580,3,3,8,8,8.05,14,0,0.11 | 0.11 | 0.11,0,2.46 | 3.24 | 4.13,0,0.97 | 1.24 | 1.63,0.763,0.000,0,1,0,0,0,0,-1,0,14,0,,0,,0,,0,0,763.25,0,1
17254813354,580,3,3,8,8,8.05,14,0,0.11 | 0.11 | 0.11,0,2.46 | 3.24 | 4.13,0,0.97 | 1.24 | 1.63,0.763,0.000,0,1,0,0,0,0,-1,0,14,0,,0,,0,,0,0,763.25,0,1
17254813355,580,3,3,8,8,8.05,14,0,0.11 | 0.11 | 0.11,0,2.46 | 3.24 | 4.13,0,0.97 | 1.24 | 1.63,0.763,0.000,0,1,0,0,0,0,-1,0,14,0,,0,,0,,0,0,754,0,1
17254813356,580,3,3,8,8,8.05,14,0,0.11 | 0.11 | 0.11,0,2.46 | 3.24 | 4.13,0,0.97 | 1.24 | 1.63,0.763,0.000,0,1,0,0,0,0,-1,0,14,0,,0,,0,,0,0,754,0,1
17254813357,580,3,3,8,8,8.05,14,0,0.11 | 0.11 | 0.11,0,2.46 | 3.24 | 4.13,0,0.97 | 1.24 | 1.63,0.763,0.000,0,1,0,0,0,0,-1,0,14,0,,0,,0,,0,0,754,0,1
17254813358,580,3,3,8,8,8.05,14,0,0.11 | 0.11 | 0.11,0,2.46 | 3.24 | 4.13,0,0.97 | 1.24 | 1.63,0.763,0.000,0,1,0,0,0,0,-1,0,14,0,,0,,0,,0,0,754,0,1
17254813359,580,3,3,8,8,8.05,14,0,0.11 | 0.11 | 0.11,0,2.46 | 3.24 | 4.13,0,0.97 | 1.24 | 1.63,0.763,0.000,0,1,0,0,0,0,-1,0,14,0,,0,,0,,0,0,754,0,1
17254813360,580,3,3,8,8,8.05,14,0,0.11 | 0.11 | 0.11,0,2.46 | 3.24 | 4.13,0,0.97 | 1.24 | 1.63,0.763,0.000,0,1,0,0,0,0,-1,0,14,0,,0,,0,,0,0,754,0,1
17254813361,580,3,3,8,8,8.05,14,0,0.11 | 0.11 | 0.11,0,2.46 | 3.24 | 4.13,0,0.97 | 1.24 | 1.63,0.763,0.000,0,1,0,0,0,0,-1,0,14,0,,0,,0,,0,0,754,0,1
17254813362,580,3,3,8,8,8.05,14,0,0.11 | 0.11 | 0.11,0,2.46 | 3.24 | 4.13,0,0.97 | 1.24 | 1.63,0.763,0.000,0,1,0,0,0,0,-1,0,14,0,,0,,0,,0,0,754,0,1
