ts,videoBitrate,videoIndex,videoPendingIndex,videoPendingMaxIndex,videoMaxIndex,videoBufferLength,videoDroppedFrames,videoLatencyCount,videoLatency,videoDownloadCount,videoDownload,videoRatioCount,videoRatio,videoMtp,videoEtp,videoLiveLatency,videoPlaybackRate,audioBitrate,audioIndex,audioPendingIndex,audioPendingMaxIndex,audioMaxIndex,audioBufferLength,audioDroppedFrames,audioLatencyCount,audioLatency,audioDownloadCount,audioDownload,audioRatioCount,audioRatio,audioMtp,audioEtp,audioLiveLatency,audioPlaybackRate
1723494520,965,0,5,8,0,0,0,0,,0,,0,,0,0,0,1,0,0,0,0,0,0,0,0,,0,,0,,0,0,0,1
1723494520,965,0,5,8,0,0,0,0,,0,,0,,0,0,0,1,0,0,0,0,0,0,0,0,,0,,0,,0,0,0,1
1723494520,965,0,5,8,0,0,0,0,,0,,0,,0,0,0,1,0,0,0,0,0,0,0,0,,0,,0,,0,0,0,1
1723494521,965,0,5,8,8,0,0,0,,0,,0,,0,0,0,1,0,0,0,0,-1,0,0,0,,0,,0,,0,0,0,1
1723494521,965,0,5,8,8,0,0,0,,0,,0,,0,0,0,1,0,0,0,0,-1,0,0,0,,0,,0,,0,0,0,1
1723494521,965,0,5,8,8,0,0,0,,0,,0,,0,0,0,1,0,0,0,0,-1,0,0,0,,0,,0,,0,0,0,1
1723494521,965,0,5,8,8,0,0,0,,0,,0,,0,0,0,1,0,0,0,0,-1,0,0,0,,0,,0,,0,0,0,1
1723494521,965,0,5,8,8,0,0,0,,0,,0,,0,0,0,1,0,0,0,0,-1,0,0,0,,0,,0,,0,0,0,1
1723494521,965,0,5,8,8,0,0,0,,0,,0,,0,0,0,1,0,0,0,0,-1,0,0,0,,0,,0,,0,0,0,1
1723494521,965,0,5,8,8,0,0,0,,0,,0,,0,0,0,1,0,0,0,0,-1,0,0,0,,0,,0,,0,0,0,1
1723494521,965,0,5,8,8,0,0,0,,0,,0,,0,0,0,1,0,0,0,0,-1,0,0,0,,0,,0,,0,0,0,1
1723494521,965,0,5,8,8,0,0,0,,0,,0,,0,0,0,1,0,0,0,0,-1,0,0,0,,0,,0,,0,0,0,1
1723494521,965,0,5,8,8,0,0,0,,0,,0,,0,0,0,1,0,0,0,0,-1,0,0,0,,0,,0,,0,0,0,1
1723494522,772,0,4,8,8,4.797,0,0,0.11 | 0.11 | 0.11,0,1.86 | 1.86 | 1.86,0,2.15 | 2.15 | 2.15,0.957,0.000,0,1,0,0,0,0,-1,0,0,0,,0,,0,,0,0,0,1
1723494522,772,0,4,8,8,4.797,0,0,0.11 | 0.11 | 0.11,0,1.86 | 1.86 | 1.86,0,2.15 | 2.15 | 2.15,0.957,0.000,0,1,0,0,0,0,-1,0,0,0,,0,,0,,0,0,0,1
1723494522,772,5,4,8,8,4.797,0,0,0.11 | 0.11 | 0.11,0,1.86 | 1.86 | 1.86,0,2.15 | 2.15 | 2.15,0.957,0.000,0,1,0,0,0,0,-1,0,0,0,,0,,0,,0,0,0,1
1723494522,772,5,4,8,8,4.797,0,0,0.11 | 0.11 | 0.11,0,1.86 | 1.86 | 1.86,0,2.15 | 2.15 | 2.15,0.957,0.000,0,1,0,0,0,0,-1,0,0,0,,0,,0,,0,0,0,1
1723494522,772,5,4,8,8,4.797,0,0,0.11 | 0.11 | 0.11,0,1.86 | 1.86 | 1.86,0,2.15 | 2.15 | 2.15,0.957,0.000,0,1,0,0,0,0,-1,0,0,0,,0,,0,,0,0,0,1
1723494522,772,5,4,8,8,4.797,0,0,0.11 | 0.11 | 0.11,0,1.86 | 1.86 | 1.86,0,2.15 | 2.15 | 2.15,0.957,0.000,0,1,0,0,0,0,-1,0,0,0,,0,,0,,0,0,0,1
1723494522,772,5,4,8,8,4.797,0,0,0.11 | 0.11 | 0.11,0,1.86 | 1.86 | 1.86,0,2.15 | 2.15 | 2.15,0.957,0.000,0,1,0,0,0,0,-1,0,0,0,,0,,0,,0,0,0,1
1723494522,772,5,4,8,8,4.797,0,0,0.11 | 0.11 | 0.11,0,1.86 | 1.86 | 1.86,0,2.15 | 2.15 | 2.15,0.957,0.000,0,1,0,0,0,0,-1,0,0,0,,0,,0,,0,0,0,1
1723494522,772,5,4,8,8,4.797,0,0,0.11 | 0.11 | 0.11,0,1.86 | 1.86 | 1.86,0,2.15 | 2.15 | 2.15,0.957,0.000,0,1,0,0,0,0,-1,0,0,0,,0,,0,,0,0,0,1
1723494522,772,5,4,8,8,4.797,0,0,0.11 | 0.11 | 0.11,0,1.86 | 1.86 | 1.86,0,2.15 | 2.15 | 2.15,0.957,0.000,0,1,0,0,0,0,-1,0,0,0,,0,,0,,0,0,0,1
1723494523,772,5,4,8,8,7.061,0,0,0.11 | 0.11 | 0.11,0,0.71 | 1.29 | 1.86,0,2.15 | 3.11 | 5.62,0.964,0.000,0,1,0,0,0,0,-1,0,0,0,,0,,0,,0,0,0,1
1723494523,772,5,4,8,8,7.061,0,0,0.11 | 0.11 | 0.11,0,0.71 | 1.29 | 1.86,0,2.15 | 3.11 | 5.62,0.964,0.000,0,1,0,0,0,0,-1,0,0,0,,0,,0,,0,0,0,1
1723494523,772,5,4,8,8,7.061,0,0,0.11 | 0.11 | 0.11,0,0.71 | 1.29 | 1.86,0,2.15 | 3.11 | 5.62,0.964,0.000,0,1,0,0,0,0,-1,0,0,0,,0,,0,,0,0,0,1
1723494523,772,5,4,8,8,7.061,0,0,0.11 | 0.11 | 0.11,0,0.71 | 1.29 | 1.86,0,2.15 | 3.11 | 5.62,0.964,0.000,0,1,0,0,0,0,-1,0,0,0,,0,,0,,0,0,0,1
1723494523,772,5,4,8,8,7.061,0,0,0.11 | 0.11 | 0.11,0,0.71 | 1.29 | 1.86,0,2.15 | 3.11 | 5.62,0.964,0.000,0,1,0,0,0,0,-1,0,0,0,,0,,0,,0,0,0,1
1723494523,772,5,4,8,8,7.061,0,0,0.11 | 0.11 | 0.11,0,0.71 | 1.29 | 1.86,0,2.15 | 3.11 | 5.62,0.964,0.000,0,1,0,0,0,0,-1,0,0,0,,0,,0,,0,0,0,1
1723494523,772,5,4,8,8,7.061,0,0,0.11 | 0.11 | 0.11,0,0.71 | 1.29 | 1.86,0,2.15 | 3.11 | 5.62,0.964,0.000,0,1,0,0,0,0,-1,0,0,0,,0,,0,,0,0,0,1
1723494523,772,5,4,8,8,7.061,0,0,0.11 | 0.11 | 0.11,0,0.71 | 1.29 | 1.86,0,2.15 | 3.11 | 5.62,0.964,0.000,0,1,0,0,0,0,-1,0,0,0,,0,,0,,0,0,0,1
1723494523,772,5,4,8,8,7.061,0,0,0.11 | 0.11 | 0.11,0,0.71 | 1.29 | 1.86,0,2.15 | 3.11 | 5.62,0.964,0.000,0,1,0,0,0,0,-1,0,0,0,,0,,0,,0,0,0,1
1723494523,772,5,4,8,8,7.061,0,0,0.11 | 0.11 | 0.11,0,0.71 | 1.29 | 1.86,0,2.15 | 3.11 | 5.62,0.964,0.000,0,1,0,0,0,0,-1,0,0,0,,0,,0,,0,0,0,1
1723494524,772,5,4,8,8,6.015,0,0,0.11 | 0.11 | 0.11,0,0.71 | 1.29 | 1.86,0,2.15 | 3.11 | 5.62,0.964,0.000,0,1,0,0,0,0,-1,0,0,0,,0,,0,,0,0,0,1
1723494524,772,5,4,8,8,6.015,0,0,0.11 | 0.11 | 0.11,0,0.71 | 1.29 | 1.86,0,2.15 | 3.11 | 5.62,0.964,0.000,0,1,0,0,0,0,-1,0,0,0,,0,,0,,0,0,0,1
1723494524,772,5,4,8,8,6.015,0,0,0.11 | 0.11 | 0.11,0,0.71 | 1.29 | 1.86,0,2.15 | 3.11 | 5.62,0.964,0.000,0,1,0,0,0,0,-1,0,0,0,,0,,0,,0,0,0,1
1723494524,772,5,4,8,8,6.015,0,0,0.11 | 0.11 | 0.11,0,0.71 | 1.29 | 1.86,0,2.15 | 3.11 | 5.62,0.964,0.000,0,1,0,0,0,0,-1,0,0,0,,0,,0,,0,0,0,1
1723494524,772,5,4,8,8,6.015,0,0,0.11 | 0.11 | 0.11,0,0.71 | 1.29 | 1.86,0,2.15 | 3.11 | 5.62,0.964,0.000,0,1,0,0,0,0,-1,0,0,0,,0,,0,,0,0,0,1
1723494524,772,5,4,8,8,6.015,0,0,0.11 | 0.11 | 0.11,0,0.71 | 1.29 | 1.86,0,2.15 | 3.11 | 5.62,0.964,0.000,0,1,0,0,0,0,-1,0,0,0,,0,,0,,0,0,0,1
1723494524,772,5,4,8,8,6.015,0,0,0.11 | 0.11 | 0.11,0,0.71 | 1.29 | 1.86,0,2.15 | 3.11 | 5.62,0.964,0.000,0,1,0,0,0,0,-1,0,0,0,,0,,0,,0,0,0,1
1723494524,772,5,4,8,8,6.015,0,0,0.11 | 0.11 | 0.11,0,0.71 | 1.29 | 1.86,0,2.15 | 3.11 | 5.62,0.964,0.000,0,1,0,0,0,0,-1,0,0,0,,0,,0,,0,0,0,1
1723494524,772,5,4,8,8,6.015,0,0,0.11 | 0.11 | 0.11,0,0.71 | 1.29 | 1.86,0,2.15 | 3.11 | 5.62,0.964,0.000,0,1,0,0,0,0,-1,0,0,0,,0,,0,,0,0,0,1
1723494524,772,5,4,8,8,6.015,0,0,0.11 | 0.11 | 0.11,0,0.71 | 1.29 | 1.86,0,2.15 | 3.11 | 5.62,0.964,0.000,0,1,0,0,0,0,-1,0,0,0,,0,,0,,0,0,0,1
1723494525,772,5,4,8,8,5.218,0,0,0.11 | 0.11 | 0.11,0,0.71 | 1.29 | 1.86,0,2.15 | 3.11 | 5.62,0.964,0.000,0,1,0,0,0,0,-1,0,0,0,,0,,0,,0,0,0,1
1723494525,772,5,4,8,8,5.218,0,0,0.11 | 0.11 | 0.11,0,0.71 | 1.29 | 1.86,0,2.15 | 3.11 | 5.62,0.964,0.000,0,1,0,0,0,0,-1,0,0,0,,0,,0,,0,0,0,1
1723494525,772,5,4,8,8,5.218,0,0,0.11 | 0.11 | 0.11,0,0.71 | 1.29 | 1.86,0,2.15 | 3.11 | 5.62,0.964,0.000,0,1,0,0,0,0,-1,0,0,0,,0,,0,,0,0,0,1
1723494525,772,5,4,8,8,5.218,0,0,0.11 | 0.11 | 0.11,0,0.71 | 1.29 | 1.86,0,2.15 | 3.11 | 5.62,0.964,0.000,0,1,0,0,0,0,-1,0,0,0,,0,,0,,0,0,0,1
1723494525,772,5,4,8,8,5.218,0,0,0.11 | 0.11 | 0.11,0,0.71 | 1.29 | 1.86,0,2.15 | 3.11 | 5.62,0.964,0.000,0,1,0,0,0,0,-1,0,0,0,,0,,0,,0,0,0,1
1723494525,772,5,4,8,8,5.218,0,0,0.11 | 0.11 | 0.11,0,0.71 | 1.29 | 1.86,0,2.15 | 3.11 | 5.62,0.964,0.000,0,1,0,0,0,0,-1,0,0,0,,0,,0,,0,0,0,1
1723494525,772,5,4,8,8,5.218,0,0,0.11 | 0.11 | 0.11,0,0.71 | 1.29 | 1.86,0,2.15 | 3.11 | 5.62,0.964,0.000,0,1,0,0,0,0,-1,0,0,0,,0,,0,,0,0,0,1
1723494525,772,5,4,8,8,5.218,0,0,0.11 | 0.11 | 0.11,0,0.71 | 1.29 | 1.86,0,2.15 | 3.11 | 5.62,0.964,0.000,0,1,0,0,0,0,-1,0,0,0,,0,,0,,0,0,0,1
1723494525,772,5,4,8,8,5.218,0,0,0.11 | 0.11 | 0.11,0,0.71 | 1.29 | 1.86,0,2.15 | 3.11 | 5.62,0.964,0.000,0,1,0,0,0,0,-1,0,0,0,,0,,0,,0,0,0,1
1723494525,772,5,4,8,8,5.218,0,0,0.11 | 0.11 | 0.11,0,0.71 | 1.29 | 1.86,0,2.15 | 3.11 | 5.62,0.964,0.000,0,1,0,0,0,0,-1,0,0,0,,0,,0,,0,0,0,1
1723494526,772,5,4,8,8,4.155,0,0,0.11 | 0.11 | 0.11,0,0.71 | 1.29 | 1.86,0,2.15 | 3.11 | 5.62,0.964,0.000,0,1,0,0,0,0,-1,0,0,0,,0,,0,,0,0,0,1
1723494526,772,4,4,8,8,4.155,0,0,0.11 | 0.11 | 0.11,0,0.71 | 1.29 | 1.86,0,2.15 | 3.11 | 5.62,0.964,0.000,0,1,0,0,0,0,-1,0,0,0,,0,,0,,0,0,0,1
1723494526,772,4,4,8,8,4.155,0,0,0.11 | 0.11 | 0.11,0,0.71 | 1.29 | 1.86,0,2.15 | 3.11 | 5.62,0.964,0.000,0,1,0,0,0,0,-1,0,0,0,,0,,0,,0,0,0,1
1723494526,772,4,4,8,8,4.155,0,0,0.11 | 0.11 | 0.11,0,0.71 | 1.29 | 1.86,0,2.15 | 3.11 | 5.62,0.964,0.000,0,1,0,0,0,0,-1,0,0,0,,0,,0,,0,0,0,1
1723494526,772,4,4,8,8,4.155,0,0,0.11 | 0.11 | 0.11,0,0.71 | 1.29 | 1.86,0,2.15 | 3.11 | 5.62,0.964,0.000,0,1,0,0,0,0,-1,0,0,0,,0,,0,,0,0,0,1
1723494526,772,4,4,8,8,4.155,0,0,0.11 | 0.11 | 0.11,0,0.71 | 1.29 | 1.86,0,2.15 | 3.11 | 5.62,0.964,0.000,0,1,0,0,0,0,-1,0,0,0,,0,,0,,0,0,0,1
1723494526,772,4,4,8,8,4.155,0,0,0.11 | 0.11 | 0.11,0,0.71 | 1.29 | 1.86,0,2.15 | 3.11 | 5.62,0.964,0.000,0,1,0,0,0,0,-1,0,0,0,,0,,0,,0,0,0,1
1723494526,772,4,4,8,8,4.155,0,0,0.11 | 0.11 | 0.11,0,0.71 | 1.29 | 1.86,0,2.15 | 3.11 | 5.62,0.964,0.000,0,1,0,0,0,0,-1,0,0,0,,0,,0,,0,0,0,1
1723494526,772,4,4,8,8,4.155,0,0,0.11 | 0.11 | 0.11,0,0.71 | 1.29 | 1.86,0,2.15 | 3.11 | 5.62,0.964,0.000,0,1,0,0,0,0,-1,0,0,0,,0,,0,,0,0,0,1
1723494526,772,4,4,8,8,4.155,0,0,0.11 | 0.11 | 0.11,0,0.71 | 1.29 | 1.86,0,2.15 | 3.11 | 5.62,0.964,0.000,0,1,0,0,0,0,-1,0,0,0,,0,,0,,0,0,0,1
1723494527,772,4,4,8,8,3.092,0,0,0.11 | 0.11 | 0.11,0,0.71 | 1.29 | 1.86,0,2.15 | 3.11 | 5.62,0.964,0.000,0,1,0,0,0,0,-1,0,0,0,,0,,0,,0,0,0,1
1723494527,772,4,4,8,8,3.092,0,0,0.11 | 0.11 | 0.11,0,0.71 | 1.29 | 1.86,0,2.15 | 3.11 | 5.62,0.964,0.000,0,1,0,0,0,0,-1,0,0,0,,0,,0,,0,0,0,1
1723494527,772,4,4,8,8,3.092,0,0,0.11 | 0.11 | 0.11,0,0.71 | 1.29 | 1.86,0,2.15 | 3.11 | 5.62,0.964,0.000,0,1,0,0,0,0,-1,0,0,0,,0,,0,,0,0,0,1
1723494527,772,4,4,8,8,3.092,0,0,0.11 | 0.11 | 0.11,0,0.71 | 1.29 | 1.86,0,2.15 | 3.11 | 5.62,0.964,0.000,0,1,0,0,0,0,-1,0,0,0,,0,,0,,0,0,0,1
1723494527,772,4,4,8,8,3.092,0,0,0.11 | 0.11 | 0.11,0,0.71 | 1.29 | 1.86,0,2.15 | 3.11 | 5.62,0.964,0.000,0,1,0,0,0,0,-1,0,0,0,,0,,0,,0,0,0,1
1723494527,772,4,4,8,8,3.092,0,0,0.11 | 0.11 | 0.11,0,0.71 | 1.29 | 1.86,0,2.15 | 3.11 | 5.62,0.964,0.000,0,1,0,0,0,0,-1,0,0,0,,0,,0,,0,0,0,1
1723494527,772,4,4,8,8,3.092,0,0,0.11 | 0.11 | 0.11,0,0.71 | 1.29 | 1.86,0,2.15 | 3.11 | 5.62,0.964,0.000,0,1,0,0,0,0,-1,0,0,0,,0,,0,,0,0,0,1
1723494527,772,4,4,8,8,3.092,0,0,0.11 | 0.11 | 0.11,0,0.71 | 1.29 | 1.86,0,2.15 | 3.11 | 5.62,0.964,0.000,0,1,0,0,0,0,-1,0,0,0,,0,,0,,0,0,0,1
1723494527,772,4,4,8,8,3.092,0,0,0.11 | 0.11 | 0.11,0,0.71 | 1.29 | 1.86,0,2.15 | 3.11 | 5.62,0.964,0.000,0,1,0,0,0,0,-1,0,0,0,,0,,0,,0,0,0,1
1723494527,772,4,4,8,8,3.092,0,0,0.11 | 0.11 | 0.11,0,0.71 | 1.29 | 1.86,0,2.15 | 3.11 | 5.62,0.964,0.000,0,1,0,0,0,0,-1,0,0,0,,0,,0,,0,0,0,1
1723494528,772,4,4,8,8,6.828,0,0,0.11 | 0.11 | 0.11,0,0.71 | 2.43 | 4.73,0,0.85 | 1.64 | 5.62,0.960,0.000,0,1,0,0,0,0,-1,0,0,0,,0,,0,,0,0,0,1
1723494528,772,4,4,8,8,6.828,0,0,0.11 | 0.11 | 0.11,0,0.71 | 2.43 | 4.73,0,0.85 | 1.64 | 5.62,0.960,0.000,0,1,0,0,0,0,-1,0,0,0,,0,,0,,0,0,0,1
1723494528,772,4,4,8,8,6.828,0,0,0.11 | 0.11 | 0.11,0,0.71 | 2.43 | 4.73,0,0.85 | 1.64 | 5.62,0.960,0.000,0,1,0,0,0,0,-1,0,0,0,,0,,0,,0,0,0,1
1723494528,772,4,4,8,8,6.828,0,0,0.11 | 0.11 | 0.11,0,0.71 | 2.43 | 4.73,0,0.85 | 1.64 | 5.62,0.960,0.000,0,1,0,0,0,0,-1,0,0,0,,0,,0,,0,0,0,1
1723494528,772,4,4,8,8,6.828,0,0,0.11 | 0.11 | 0.11,0,0.71 | 2.43 | 4.73,0,0.85 | 1.64 | 5.62,0.960,0.000,0,1,0,0,0,0,-1,0,0,0,,0,,0,,0,0,0,1
1723494528,772,4,4,8,8,6.828,0,0,0.11 | 0.11 | 0.11,0,0.71 | 2.43 | 4.73,0,0.85 | 1.64 | 5.62,0.960,0.000,0,1,0,0,0,0,-1,0,0,0,,0,,0,,0,0,0,1
1723494528,772,4,4,8,8,6.828,0,0,0.11 | 0.11 | 0.11,0,0.71 | 2.43 | 4.73,0,0.85 | 1.64 | 5.62,0.960,0.000,0,1,0,0,0,0,-1,0,0,0,,0,,0,,0,0,0,1
1723494528,772,4,4,8,8,6.828,0,0,0.11 | 0.11 | 0.11,0,0.71 | 2.43 | 4.73,0,0.85 | 1.64 | 5.62,0.960,0.000,0,1,0,0,0,0,-1,0,0,0,,0,,0,,0,0,0,1
1723494528,772,4,4,8,8,6.828,0,0,0.11 | 0.11 | 0.11,0,0.71 | 2.43 | 4.73,0,0.85 | 1.64 | 5.62,0.960,0.000,0,1,0,0,0,0,-1,0,0,0,,0,,0,,0,0,0,1
1723494528,772,4,4,8,8,6.828,0,0,0.11 | 0.11 | 0.11,0,0.71 | 2.43 | 4.73,0,0.85 | 1.64 | 5.62,0.960,0.000,0,1,0,0,0,0,-1,0,0,0,,0,,0,,0,0,0,1
1723494529,772,4,4,8,8,6.033,0,0,0.11 | 0.11 | 0.11,0,0.71 | 2.43 | 4.73,0,0.85 | 1.64 | 5.62,0.960,0.000,0,1,0,0,0,0,-1,0,0,0,,0,,0,,0,0,0,1
1723494529,772,4,4,8,8,6.033,0,0,0.11 | 0.11 | 0.11,0,0.71 | 2.43 | 4.73,0,0.85 | 1.64 | 5.62,0.960,0.000,0,1,0,0,0,0,-1,0,0,0,,0,,0,,0,0,0,1
1723494529,772,4,4,8,8,6.033,0,0,0.11 | 0.11 | 0.11,0,0.71 | 2.43 | 4.73,0,0.85 | 1.64 | 5.62,0.960,0.000,0,1,0,0,0,0,-1,0,0,0,,0,,0,,0,0,0,1
1723494529,772,4,4,8,8,6.033,0,0,0.11 | 0.11 | 0.11,0,0.71 | 2.43 | 4.73,0,0.85 | 1.64 | 5.62,0.960,0.000,0,1,0,0,0,0,-1,0,0,0,,0,,0,,0,0,0,1
1723494529,772,4,4,8,8,6.033,0,0,0.11 | 0.11 | 0.11,0,0.71 | 2.43 | 4.73,0,0.85 | 1.64 | 5.62,0.960,0.000,0,1,0,0,0,0,-1,0,0,0,,0,,0,,0,0,0,1
1723494529,772,4,4,8,8,6.033,0,0,0.11 | 0.11 | 0.11,0,0.71 | 2.43 | 4.73,0,0.85 | 1.64 | 5.62,0.960,0.000,0,1,0,0,0,0,-1,0,0,0,,0,,0,,0,0,0,1
1723494529,772,4,4,8,8,6.033,0,0,0.11 | 0.11 | 0.11,0,0.71 | 2.43 | 4.73,0,0.85 | 1.64 | 5.62,0.960,0.000,0,1,0,0,0,0,-1,0,0,0,,0,,0,,0,0,0,1
1723494529,772,4,4,8,8,6.033,0,0,0.11 | 0.11 | 0.11,0,0.71 | 2.43 | 4.73,0,0.85 | 1.64 | 5.62,0.960,0.000,0,1,0,0,0,0,-1,0,0,0,,0,,0,,0,0,0,1
1723494529,772,4,4,8,8,6.033,0,0,0.11 | 0.11 | 0.11,0,0.71 | 2.43 | 4.73,0,0.85 | 1.64 | 5.62,0.960,0.000,0,1,0,0,0,0,-1,0,0,0,,0,,0,,0,0,0,1
1723494529,772,4,4,8,8,6.033,0,0,0.11 | 0.11 | 0.11,0,0.71 | 2.43 | 4.73,0,0.85 | 1.64 | 5.62,0.960,0.000,0,1,0,0,0,0,-1,0,0,0,,0,,0,,0,0,0,1
1723494530,772,4,4,8,8,4.955,0,0,0.11 | 0.11 | 0.11,0,0.71 | 2.43 | 4.73,0,0.85 | 1.64 | 5.62,0.960,0.000,0,1,0,0,0,0,-1,0,0,0,,0,,0,,0,0,0,1
1723494530,772,4,4,8,8,4.955,0,0,0.11 | 0.11 | 0.11,0,0.71 | 2.43 | 4.73,0,0.85 | 1.64 | 5.62,0.960,0.000,0,1,0,0,0,0,-1,0,0,0,,0,,0,,0,0,0,1
1723494530,772,4,4,8,8,4.955,0,0,0.11 | 0.11 | 0.11,0,0.71 | 2.43 | 4.73,0,0.85 | 1.64 | 5.62,0.960,0.000,0,1,0,0,0,0,-1,0,0,0,,0,,0,,0,0,0,1
1723494530,772,4,4,8,8,4.955,0,0,0.11 | 0.11 | 0.11,0,0.71 | 2.43 | 4.73,0,0.85 | 1.64 | 5.62,0.960,0.000,0,1,0,0,0,0,-1,0,0,0,,0,,0,,0,0,0,1
1723494530,772,4,4,8,8,4.955,0,0,0.11 | 0.11 | 0.11,0,0.71 | 2.43 | 4.73,0,0.85 | 1.64 | 5.62,0.960,0.000,0,1,0,0,0,0,-1,0,0,0,,0,,0,,0,0,0,1
1723494530,772,4,4,8,8,4.955,0,0,0.11 | 0.11 | 0.11,0,0.71 | 2.43 | 4.73,0,0.85 | 1.64 | 5.62,0.960,0.000,0,1,0,0,0,0,-1,0,0,0,,0,,0,,0,0,0,1
1723494530,772,4,4,8,8,4.955,0,0,0.11 | 0.11 | 0.11,0,0.71 | 2.43 | 4.73,0,0.85 | 1.64 | 5.62,0.960,0.000,0,1,0,0,0,0,-1,0,0,0,,0,,0,,0,0,0,1
1723494530,772,4,4,8,8,4.955,0,0,0.11 | 0.11 | 0.11,0,0.71 | 2.43 | 4.73,0,0.85 | 1.64 | 5.62,0.960,0.000,0,1,0,0,0,0,-1,0,0,0,,0,,0,,0,0,0,1
1723494530,772,4,4,8,8,4.955,0,0,0.11 | 0.11 | 0.11,0,0.71 | 2.43 | 4.73,0,0.85 | 1.64 | 5.62,0.960,0.000,0,1,0,0,0,0,-1,0,0,0,,0,,0,,0,0,0,1
1723494530,772,4,4,8,8,4.955,0,0,0.11 | 0.11 | 0.11,0,0.71 | 2.43 | 4.73,0,0.85 | 1.64 | 5.62,0.960,0.000,0,1,0,0,0,0,-1,0,0,0,,0,,0,,0,0,0,1
1723494531,772,4,4,8,8,7.093,0,0,0.11 | 0.11 | 0.11,0,0.71 | 2.45 | 4.73,0,0.85 | 1.63 | 5.62,0.959,0.000,0,1,0,0,0,0,-1,0,0,0,,0,,0,,0,0,0,1
1723494531,772,4,4,8,8,7.093,0,0,0.11 | 0.11 | 0.11,0,0.71 | 2.45 | 4.73,0,0.85 | 1.63 | 5.62,0.959,0.000,0,1,0,0,0,0,-1,0,0,0,,0,,0,,0,0,0,1
1723494531,772,4,4,8,8,7.093,0,0,0.11 | 0.11 | 0.11,0,0.71 | 2.45 | 4.73,0,0.85 | 1.63 | 5.62,0.959,0.000,0,1,0,0,0,0,-1,0,0,0,,0,,0,,0,0,0,1
1723494531,772,4,4,8,8,7.093,0,0,0.11 | 0.11 | 0.11,0,0.71 | 2.45 | 4.73,0,0.85 | 1.63 | 5.62,0.959,0.000,0,1,0,0,0,0,-1,0,0,0,,0,,0,,0,0,0,1
1723494531,772,4,4,8,8,7.093,0,0,0.11 | 0.11 | 0.11,0,0.71 | 2.45 | 4.73,0,0.85 | 1.63 | 5.62,0.959,0.000,0,1,0,0,0,0,-1,0,0,0,,0,,0,,0,0,0,1
1723494531,772,4,4,8,8,7.093,0,0,0.11 | 0.11 | 0.11,0,0.71 | 2.45 | 4.73,0,0.85 | 1.63 | 5.62,0.959,0.000,0,1,0,0,0,0,-1,0,0,0,,0,,0,,0,0,0,1
1723494531,772,4,4,8,8,7.093,0,0,0.11 | 0.11 | 0.11,0,0.71 | 2.45 | 4.73,0,0.85 | 1.63 | 5.62,0.959,0.000,0,1,0,0,0,0,-1,0,0,0,,0,,0,,0,0,0,1
1723494531,772,4,4,8,8,7.093,0,0,0.11 | 0.11 | 0.11,0,0.71 | 2.45 | 4.73,0,0.85 | 1.63 | 5.62,0.959,0.000,0,1,0,0,0,0,-1,0,0,0,,0,,0,,0,0,0,1
1723494531,772,4,4,8,8,7.093,0,0,0.11 | 0.11 | 0.11,0,0.71 | 2.45 | 4.73,0,0.85 | 1.63 | 5.62,0.959,0.000,0,1,0,0,0,0,-1,0,0,0,,0,,0,,0,0,0,1
1723494531,772,4,4,8,8,7.093,0,0,0.11 | 0.11 | 0.11,0,0.71 | 2.45 | 4.73,0,0.85 | 1.63 | 5.62,0.959,0.000,0,1,0,0,0,0,-1,0,0,0,,0,,0,,0,0,0,1
1723494532,772,4,4,8,8,6.03,0,0,0.11 | 0.11 | 0.11,0,0.71 | 2.45 | 4.73,0,0.85 | 1.63 | 5.62,0.959,0.000,0,1,0,0,0,0,-1,0,0,0,,0,,0,,0,0,0,1
1723494532,772,4,4,8,8,6.03,0,0,0.11 | 0.11 | 0.11,0,0.71 | 2.45 | 4.73,0,0.85 | 1.63 | 5.62,0.959,0.000,0,1,0,0,0,0,-1,0,0,0,,0,,0,,0,0,0,1
1723494532,772,4,4,8,8,6.03,0,0,0.11 | 0.11 | 0.11,0,0.71 | 2.45 | 4.73,0,0.85 | 1.63 | 5.62,0.959,0.000,0,1,0,0,0,0,-1,0,0,0,,0,,0,,0,0,0,1
1723494532,772,4,4,8,8,6.03,0,0,0.11 | 0.11 | 0.11,0,0.71 | 2.45 | 4.73,0,0.85 | 1.63 | 5.62,0.959,0.000,0,1,0,0,0,0,-1,0,0,0,,0,,0,,0,0,0,1
1723494532,772,4,4,8,8,6.03,0,0,0.11 | 0.11 | 0.11,0,0.71 | 2.45 | 4.73,0,0.85 | 1.63 | 5.62,0.959,0.000,0,1,0,0,0,0,-1,0,0,0,,0,,0,,0,0,0,1
1723494532,772,4,4,8,8,6.03,0,0,0.11 | 0.11 | 0.11,0,0.71 | 2.45 | 4.73,0,0.85 | 1.63 | 5.62,0.959,0.000,0,1,0,0,0,0,-1,0,0,0,,0,,0,,0,0,0,1
1723494532,772,4,4,8,8,6.03,0,0,0.11 | 0.11 | 0.11,0,0.71 | 2.45 | 4.73,0,0.85 | 1.63 | 5.62,0.959,0.000,0,1,0,0,0,0,-1,0,0,0,,0,,0,,0,0,0,1
1723494532,772,4,4,8,8,6.03,0,0,0.11 | 0.11 | 0.11,0,0.71 | 2.45 | 4.73,0,0.85 | 1.63 | 5.62,0.959,0.000,0,1,0,0,0,0,-1,0,0,0,,0,,0,,0,0,0,1
1723494532,772,4,4,8,8,6.03,0,0,0.11 | 0.11 | 0.11,0,0.71 | 2.45 | 4.73,0,0.85 | 1.63 | 5.62,0.959,0.000,0,1,0,0,0,0,-1,0,0,0,,0,,0,,0,0,0,1
1723494532,772,4,4,8,8,6.03,0,0,0.11 | 0.11 | 0.11,0,0.71 | 2.45 | 4.73,0,0.85 | 1.63 | 5.62,0.959,0.000,0,1,0,0,0,0,-1,0,0,0,,0,,0,,0,0,0,1
1723494533,772,4,4,8,8,5.233,0,0,0.11 | 0.11 | 0.11,0,0.71 | 2.45 | 4.73,0,0.85 | 1.63 | 5.62,0.959,0.000,0,1,0,0,0,0,-1,0,0,0,,0,,0,,0,0,0,1
1723494533,772,4,4,8,8,5.233,0,0,0.11 | 0.11 | 0.11,0,0.71 | 2.45 | 4.73,0,0.85 | 1.63 | 5.62,0.959,0.000,0,1,0,0,0,0,-1,0,0,0,,0,,0,,0,0,0,1
1723494533,772,4,4,8,8,5.233,0,0,0.11 | 0.11 | 0.11,0,0.71 | 2.45 | 4.73,0,0.85 | 1.63 | 5.62,0.959,0.000,0,1,0,0,0,0,-1,0,0,0,,0,,0,,0,0,0,1
1723494533,772,4,4,8,8,5.233,0,0,0.11 | 0.11 | 0.11,0,0.71 | 2.45 | 4.73,0,0.85 | 1.63 | 5.62,0.959,0.000,0,1,0,0,0,0,-1,0,0,0,,0,,0,,0,0,0,1
1723494533,772,4,4,8,8,5.233,0,0,0.11 | 0.11 | 0.11,0,0.71 | 2.45 | 4.73,0,0.85 | 1.63 | 5.62,0.959,0.000,0,1,0,0,0,0,-1,0,0,0,,0,,0,,0,0,0,1
1723494533,772,4,4,8,8,5.233,0,0,0.11 | 0.11 | 0.11,0,0.71 | 2.45 | 4.73,0,0.85 | 1.63 | 5.62,0.959,0.000,0,1,0,0,0,0,-1,0,0,0,,0,,0,,0,0,0,1
1723494533,772,4,4,8,8,5.233,0,0,0.11 | 0.11 | 0.11,0,0.71 | 2.45 | 4.73,0,0.85 | 1.63 | 5.62,0.959,0.000,0,1,0,0,0,0,-1,0,0,0,,0,,0,,0,0,0,1
1723494533,772,4,4,8,8,5.233,0,0,0.11 | 0.11 | 0.11,0,0.71 | 2.45 | 4.73,0,0.85 | 1.63 | 5.62,0.959,0.000,0,1,0,0,0,0,-1,0,0,0,,0,,0,,0,0,0,1
1723494533,772,4,4,8,8,5.233,0,0,0.11 | 0.11 | 0.11,0,0.71 | 2.45 | 4.73,0,0.85 | 1.63 | 5.62,0.959,0.000,0,1,0,0,0,0,-1,0,0,0,,0,,0,,0,0,0,1
1723494533,772,4,4,8,8,5.233,0,0,0.11 | 0.11 | 0.11,0,0.71 | 2.45 | 4.73,0,0.85 | 1.63 | 5.62,0.959,0.000,0,1,0,0,0,0,-1,0,0,0,,0,,0,,0,0,0,1
1723494534,772,4,4,8,8,4.171,0,0,0.11 | 0.11 | 0.11,0,0.71 | 2.45 | 4.73,0,0.85 | 1.63 | 5.62,0.959,0.000,0,1,0,0,0,0,-1,0,0,0,,0,,0,,0,0,0,1
1723494534,772,4,4,8,8,4.171,0,0,0.11 | 0.11 | 0.11,0,0.71 | 2.45 | 4.73,0,0.85 | 1.63 | 5.62,0.959,0.000,0,1,0,0,0,0,-1,0,0,0,,0,,0,,0,0,0,1
1723494534,772,4,4,8,8,4.171,0,0,0.11 | 0.11 | 0.11,0,0.71 | 2.45 | 4.73,0,0.85 | 1.63 | 5.62,0.959,0.000,0,1,0,0,0,0,-1,0,0,0,,0,,0,,0,0,0,1
1723494534,772,4,4,8,8,4.171,0,0,0.11 | 0.11 | 0.11,0,0.71 | 2.45 | 4.73,0,0.85 | 1.63 | 5.62,0.959,0.000,0,1,0,0,0,0,-1,0,0,0,,0,,0,,0,0,0,1
1723494534,772,4,4,8,8,4.171,0,0,0.11 | 0.11 | 0.11,0,0.71 | 2.45 | 4.73,0,0.85 | 1.63 | 5.62,0.959,0.000,0,1,0,0,0,0,-1,0,0,0,,0,,0,,0,0,0,1
1723494534,772,4,4,8,8,4.171,0,0,0.11 | 0.11 | 0.11,0,0.71 | 2.45 | 4.73,0,0.85 | 1.63 | 5.62,0.959,0.000,0,1,0,0,0,0,-1,0,0,0,,0,,0,,0,0,0,1
1723494534,772,4,4,8,8,4.171,0,0,0.11 | 0.11 | 0.11,0,0.71 | 2.45 | 4.73,0,0.85 | 1.63 | 5.62,0.959,0.000,0,1,0,0,0,0,-1,0,0,0,,0,,0,,0,0,0,1
1723494534,772,4,4,8,8,4.171,0,0,0.11 | 0.11 | 0.11,0,0.71 | 2.45 | 4.73,0,0.85 | 1.63 | 5.62,0.959,0.000,0,1,0,0,0,0,-1,0,0,0,,0,,0,,0,0,0,1
1723494534,772,4,4,8,8,4.171,0,0,0.11 | 0.11 | 0.11,0,0.71 | 2.45 | 4.73,0,0.85 | 1.63 | 5.62,0.959,0.000,0,1,0,0,0,0,-1,0,0,0,,0,,0,,0,0,0,1
1723494534,772,4,4,8,8,4.171,0,0,0.11 | 0.11 | 0.11,0,0.71 | 2.45 | 4.73,0,0.85 | 1.63 | 5.62,0.959,0.000,0,1,0,0,0,0,-1,0,0,0,,0,,0,,0,0,0,1
1723494535,772,4,4,8,8,7.908,0,0,0.11 | 0.11 | 0.11,0,0.71 | 2.87 | 4.73,0,0.85 | 1.39 | 5.62,0.958,0.000,0,1,0,0,0,0,-1,0,0,0,,0,,0,,0,0,0,1
1723494535,772,4,4,8,8,7.908,0,0,0.11 | 0.11 | 0.11,0,0.71 | 2.87 | 4.73,0,0.85 | 1.39 | 5.62,0.958,0.000,0,1,0,0,0,0,-1,0,0,0,,0,,0,,0,0,0,1
1723494535,772,4,4,8,8,7.908,0,0,0.11 | 0.11 | 0.11,0,0.71 | 2.87 | 4.73,0,0.85 | 1.39 | 5.62,0.958,0.000,0,1,0,0,0,0,-1,0,0,0,,0,,0,,0,0,0,1
1723494535,772,4,4,8,8,7.908,0,0,0.11 | 0.11 | 0.11,0,0.71 | 2.87 | 4.73,0,0.85 | 1.39 | 5.62,0.958,0.000,0,1,0,0,0,0,-1,0,0,0,,0,,0,,0,0,0,1
1723494535,772,4,4,8,8,7.908,0,0,0.11 | 0.11 | 0.11,0,0.71 | 2.87 | 4.73,0,0.85 | 1.39 | 5.62,0.958,0.000,0,1,0,0,0,0,-1,0,0,0,,0,,0,,0,0,0,1
1723494535,772,4,4,8,8,7.908,0,0,0.11 | 0.11 | 0.11,0,0.71 | 2.87 | 4.73,0,0.85 | 1.39 | 5.62,0.958,0.000,0,1,0,0,0,0,-1,0,0,0,,0,,0,,0,0,0,1
1723494535,772,4,4,8,8,7.908,0,0,0.11 | 0.11 | 0.11,0,0.71 | 2.87 | 4.73,0,0.85 | 1.39 | 5.62,0.958,0.000,0,1,0,0,0,0,-1,0,0,0,,0,,0,,0,0,0,1
1723494535,772,4,4,8,8,7.908,0,0,0.11 | 0.11 | 0.11,0,0.71 | 2.87 | 4.73,0,0.85 | 1.39 | 5.62,0.958,0.000,0,1,0,0,0,0,-1,0,0,0,,0,,0,,0,0,0,1
1723494535,772,4,4,8,8,7.908,0,0,0.11 | 0.11 | 0.11,0,0.71 | 2.87 | 4.73,0,0.85 | 1.39 | 5.62,0.958,0.000,0,1,0,0,0,0,-1,0,0,0,,0,,0,,0,0,0,1
1723494535,772,4,4,8,8,7.908,0,0,0.11 | 0.11 | 0.11,0,0.71 | 2.87 | 4.73,0,0.85 | 1.39 | 5.62,0.958,0.000,0,1,0,0,0,0,-1,0,0,0,,0,,0,,0,0,0,1
1723494536,772,4,4,8,8,6.846,0,0,0.11 | 0.11 | 0.11,0,0.71 | 2.87 | 4.73,0,0.85 | 1.39 | 5.62,0.958,0.000,0,1,0,0,0,0,-1,0,0,0,,0,,0,,0,0,0,1
1723494536,772,4,4,8,8,6.846,0,0,0.11 | 0.11 | 0.11,0,0.71 | 2.87 | 4.73,0,0.85 | 1.39 | 5.62,0.958,0.000,0,1,0,0,0,0,-1,0,0,0,,0,,0,,0,0,0,1
1723494536,772,4,4,8,8,6.846,0,0,0.11 | 0.11 | 0.11,0,0.71 | 2.87 | 4.73,0,0.85 | 1.39 | 5.62,0.958,0.000,0,1,0,0,0,0,-1,0,0,0,,0,,0,,0,0,0,1
1723494536,772,4,4,8,8,6.846,0,0,0.11 | 0.11 | 0.11,0,0.71 | 2.87 | 4.73,0,0.85 | 1.39 | 5.62,0.958,0.000,0,1,0,0,0,0,-1,0,0,0,,0,,0,,0,0,0,1
1723494536,772,4,4,8,8,6.846,0,0,0.11 | 0.11 | 0.11,0,0.71 | 2.87 | 4.73,0,0.85 | 1.39 | 5.62,0.958,0.000,0,1,0,0,0,0,-1,0,0,0,,0,,0,,0,0,0,1
1723494536,772,4,4,8,8,6.846,0,0,0.11 | 0.11 | 0.11,0,0.71 | 2.87 | 4.73,0,0.85 | 1.39 | 5.62,0.958,0.000,0,1,0,0,0,0,-1,0,0,0,,0,,0,,0,0,0,1
1723494536,772,4,4,8,8,6.846,0,0,0.11 | 0.11 | 0.11,0,0.71 | 2.87 | 4.73,0,0.85 | 1.39 | 5.62,0.958,0.000,0,1,0,0,0,0,-1,0,0,0,,0,,0,,0,0,0,1
1723494536,772,4,4,8,8,6.846,0,0,0.11 | 0.11 | 0.11,0,0.71 | 2.87 | 4.73,0,0.85 | 1.39 | 5.62,0.958,0.000,0,1,0,0,0,0,-1,0,0,0,,0,,0,,0,0,0,1
1723494536,772,4,4,8,8,6.846,0,0,0.11 | 0.11 | 0.11,0,0.71 | 2.87 | 4.73,0,0.85 | 1.39 | 5.62,0.958,0.000,0,1,0,0,0,0,-1,0,0,0,,0,,0,,0,0,0,1
1723494536,772,4,4,8,8,6.846,0,0,0.11 | 0.11 | 0.11,0,0.71 | 2.87 | 4.73,0,0.85 | 1.39 | 5.62,0.958,0.000,0,1,0,0,0,0,-1,0,0,0,,0,,0,,0,0,0,1
1723494537,772,4,4,8,8,6.049,0,0,0.11 | 0.11 | 0.11,0,0.71 | 2.87 | 4.73,0,0.85 | 1.39 | 5.62,0.958,0.000,0,1,0,0,0,0,-1,0,0,0,,0,,0,,0,0,0,1
1723494537,772,4,4,8,8,6.049,0,0,0.11 | 0.11 | 0.11,0,0.71 | 2.87 | 4.73,0,0.85 | 1.39 | 5.62,0.958,0.000,0,1,0,0,0,0,-1,0,0,0,,0,,0,,0,0,0,1
1723494537,772,4,4,8,8,6.049,0,0,0.11 | 0.11 | 0.11,0,0.71 | 2.87 | 4.73,0,0.85 | 1.39 | 5.62,0.958,0.000,0,1,0,0,0,0,-1,0,0,0,,0,,0,,0,0,0,1
1723494537,772,4,4,8,8,6.049,0,0,0.11 | 0.11 | 0.11,0,0.71 | 2.87 | 4.73,0,0.85 | 1.39 | 5.62,0.958,0.000,0,1,0,0,0,0,-1,0,0,0,,0,,0,,0,0,0,1
1723494537,772,4,4,8,8,6.049,0,0,0.11 | 0.11 | 0.11,0,0.71 | 2.87 | 4.73,0,0.85 | 1.39 | 5.62,0.958,0.000,0,1,0,0,0,0,-1,0,0,0,,0,,0,,0,0,0,1
1723494537,772,4,4,8,8,6.049,0,0,0.11 | 0.11 | 0.11,0,0.71 | 2.87 | 4.73,0,0.85 | 1.39 | 5.62,0.958,0.000,0,1,0,0,0,0,-1,0,0,0,,0,,0,,0,0,0,1
1723494537,772,4,4,8,8,6.049,0,0,0.11 | 0.11 | 0.11,0,0.71 | 2.87 | 4.73,0,0.85 | 1.39 | 5.62,0.958,0.000,0,1,0,0,0,0,-1,0,0,0,,0,,0,,0,0,0,1
1723494537,772,4,4,8,8,6.049,0,0,0.11 | 0.11 | 0.11,0,0.71 | 2.87 | 4.73,0,0.85 | 1.39 | 5.62,0.958,0.000,0,1,0,0,0,0,-1,0,0,0,,0,,0,,0,0,0,1
1723494537,772,4,4,8,8,6.049,0,0,0.11 | 0.11 | 0.11,0,0.71 | 2.87 | 4.73,0,0.85 | 1.39 | 5.62,0.958,0.000,0,1,0,0,0,0,-1,0,0,0,,0,,0,,0,0,0,1
1723494537,772,4,4,8,8,6.049,0,0,0.11 | 0.11 | 0.11,0,0.71 | 2.87 | 4.73,0,0.85 | 1.39 | 5.62,0.958,0.000,0,1,0,0,0,0,-1,0,0,0,,0,,0,,0,0,0,1
1723494538,772,4,4,8,8,8.171,0,0,0.11 | 0.11 | 0.11,0,2.49 | 3.46 | 4.73,0,0.85 | 1.16 | 1.61,0.953,0.000,0,1,0,0,0,0,-1,0,0,0,,0,,0,,0,0,0,1
1723494538,772,4,4,8,8,8.171,0,0,0.11 | 0.11 | 0.11,0,2.49 | 3.46 | 4.73,0,0.85 | 1.16 | 1.61,0.953,0.000,0,1,0,0,0,0,-1,0,0,0,,0,,0,,0,0,0,1
1723494538,772,4,4,8,8,8.171,0,0,0.11 | 0.11 | 0.11,0,2.49 | 3.46 | 4.73,0,0.85 | 1.16 | 1.61,0.953,0.000,0,1,0,0,0,0,-1,0,0,0,,0,,0,,0,0,0,1
1723494538,772,4,4,8,8,8.171,0,0,0.11 | 0.11 | 0.11,0,2.49 | 3.46 | 4.73,0,0.85 | 1.16 | 1.61,0.953,0.000,0,1,0,0,0,0,-1,0,0,0,,0,,0,,0,0,0,1
1723494538,772,4,4,8,8,8.171,0,0,0.11 | 0.11 | 0.11,0,2.49 | 3.46 | 4.73,0,0.85 | 1.16 | 1.61,0.953,0.000,0,1,0,0,0,0,-1,0,0,0,,0,,0,,0,0,0,1
1723494538,772,4,4,8,8,8.171,0,0,0.11 | 0.11 | 0.11,0,2.49 | 3.46 | 4.73,0,0.85 | 1.16 | 1.61,0.953,0.000,0,1,0,0,0,0,-1,0,0,0,,0,,0,,0,0,0,1
1723494538,772,4,4,8,8,8.171,0,0,0.11 | 0.11 | 0.11,0,2.49 | 3.46 | 4.73,0,0.85 | 1.16 | 1.61,0.953,0.000,0,1,0,0,0,0,-1,0,0,0,,0,,0,,0,0,0,1
1723494538,772,4,4,8,8,8.171,0,0,0.11 | 0.11 | 0.11,0,2.49 | 3.46 | 4.73,0,0.85 | 1.16 | 1.61,0.953,0.000,0,1,0,0,0,0,-1,0,0,0,,0,,0,,0,0,0,1
1723494538,772,4,4,8,8,8.171,0,0,0.11 | 0.11 | 0.11,0,2.49 | 3.46 | 4.73,0,0.85 | 1.16 | 1.61,0.953,0.000,0,1,0,0,0,0,-1,0,0,0,,0,,0,,0,0,0,1
1723494538,772,4,4,8,8,8.171,0,0,0.11 | 0.11 | 0.11,0,2.49 | 3.46 | 4.73,0,0.85 | 1.16 | 1.61,0.953,0.000,0,1,0,0,0,0,-1,0,0,0,,0,,0,,0,0,0,1
1723494539,772,4,4,8,8,7.108,0,0,0.11 | 0.11 | 0.11,0,2.49 | 3.46 | 4.73,0,0.85 | 1.16 | 1.61,0.953,0.000,0,1,0,0,0,0,-1,0,0,0,,0,,0,,0,0,0,1
1723494539,772,4,4,8,8,7.108,0,0,0.11 | 0.11 | 0.11,0,2.49 | 3.46 | 4.73,0,0.85 | 1.16 | 1.61,0.953,0.000,0,1,0,0,0,0,-1,0,0,0,,0,,0,,0,0,0,1
1723494539,772,4,4,8,8,7.108,0,0,0.11 | 0.11 | 0.11,0,2.49 | 3.46 | 4.73,0,0.85 | 1.16 | 1.61,0.953,0.000,0,1,0,0,0,0,-1,0,0,0,,0,,0,,0,0,0,1
1723494539,772,4,4,8,8,7.108,0,0,0.11 | 0.11 | 0.11,0,2.49 | 3.46 | 4.73,0,0.85 | 1.16 | 1.61,0.953,0.000,0,1,0,0,0,0,-1,0,0,0,,0,,0,,0,0,0,1
1723494539,772,4,4,8,8,7.108,0,0,0.11 | 0.11 | 0.11,0,2.49 | 3.46 | 4.73,0,0.85 | 1.16 | 1.61,0.953,0.000,0,1,0,0,0,0,-1,0,0,0,,0,,0,,0,0,0,1
1723494539,772,4,4,8,8,7.108,0,0,0.11 | 0.11 | 0.11,0,2.49 | 3.46 | 4.73,0,0.85 | 1.16 | 1.61,0.953,0.000,0,1,0,0,0,0,-1,0,0,0,,0,,0,,0,0,0,1
1723494539,772,4,4,8,8,7.108,0,0,0.11 | 0.11 | 0.11,0,2.49 | 3.46 | 4.73,0,0.85 | 1.16 | 1.61,0.953,0.000,0,1,0,0,0,0,-1,0,0,0,,0,,0,,0,0,0,1
1723494539,772,4,4,8,8,7.108,0,0,0.11 | 0.11 | 0.11,0,2.49 | 3.46 | 4.73,0,0.85 | 1.16 | 1.61,0.953,0.000,0,1,0,0,0,0,-1,0,0,0,,0,,0,,0,0,0,1
1723494539,772,4,4,8,8,7.108,0,0,0.11 | 0.11 | 0.11,0,2.49 | 3.46 | 4.73,0,0.85 | 1.16 | 1.61,0.953,0.000,0,1,0,0,0,0,-1,0,0,0,,0,,0,,0,0,0,1
1723494539,772,4,4,8,8,7.108,0,0,0.11 | 0.11 | 0.11,0,2.49 | 3.46 | 4.73,0,0.85 | 1.16 | 1.61,0.953,0.000,0,1,0,0,0,0,-1,0,0,0,,0,,0,,0,0,0,1
1723494540,772,4,4,8,8,6.046,0,0,0.11 | 0.11 | 0.11,0,2.49 | 3.46 | 4.73,0,0.85 | 1.16 | 1.61,0.953,0.000,0,1,0,0,0,0,-1,0,0,0,,0,,0,,0,0,0,1
1723494540,772,4,4,8,8,6.046,0,0,0.11 | 0.11 | 0.11,0,2.49 | 3.46 | 4.73,0,0.85 | 1.16 | 1.61,0.953,0.000,0,1,0,0,0,0,-1,0,0,0,,0,,0,,0,0,0,1
1723494540,772,4,4,8,8,6.046,0,0,0.11 | 0.11 | 0.11,0,2.49 | 3.46 | 4.73,0,0.85 | 1.16 | 1.61,0.953,0.000,0,1,0,0,0,0,-1,0,0,0,,0,,0,,0,0,0,1
1723494540,772,4,4,8,8,6.046,0,0,0.11 | 0.11 | 0.11,0,2.49 | 3.46 | 4.73,0,0.85 | 1.16 | 1.61,0.953,0.000,0,1,0,0,0,0,-1,0,0,0,,0,,0,,0,0,0,1
1723494540,772,4,4,8,8,6.046,0,0,0.11 | 0.11 | 0.11,0,2.49 | 3.46 | 4.73,0,0.85 | 1.16 | 1.61,0.953,0.000,0,1,0,0,0,0,-1,0,0,0,,0,,0,,0,0,0,1
1723494540,772,4,4,8,8,6.046,0,0,0.11 | 0.11 | 0.11,0,2.49 | 3.46 | 4.73,0,0.85 | 1.16 | 1.61,0.953,0.000,0,1,0,0,0,0,-1,0,0,0,,0,,0,,0,0,0,1
1723494540,772,4,4,8,8,6.046,0,0,0.11 | 0.11 | 0.11,0,2.49 | 3.46 | 4.73,0,0.85 | 1.16 | 1.61,0.953,0.000,0,1,0,0,0,0,-1,0,0,0,,0,,0,,0,0,0,1
1723494540,772,4,4,8,8,6.046,0,0,0.11 | 0.11 | 0.11,0,2.49 | 3.46 | 4.73,0,0.85 | 1.16 | 1.61,0.953,0.000,0,1,0,0,0,0,-1,0,0,0,,0,,0,,0,0,0,1
1723494540,772,4,4,8,8,6.046,0,0,0.11 | 0.11 | 0.11,0,2.49 | 3.46 | 4.73,0,0.85 | 1.16 | 1.61,0.953,0.000,0,1,0,0,0,0,-1,0,0,0,,0,,0,,0,0,0,1
1723494540,772,4,4,8,8,6.046,0,0,0.11 | 0.11 | 0.11,0,2.49 | 3.46 | 4.73,0,0.85 | 1.16 | 1.61,0.953,0.000,0,1,0,0,0,0,-1,0,0,0,,0,,0,,0,0,0,1
1723494541,772,4,4,8,8,9.783,0,0,0.11 | 0.11 | 0.11,0,2.49 | 3.19 | 3.64,0,1.10 | 1.25 | 1.61,0.953,0.000,0,1,0,0,0,0,-1,0,0,0,,0,,0,,0,0,0,1
1723494541,772,4,4,8,8,9.783,0,0,0.11 | 0.11 | 0.11,0,2.49 | 3.19 | 3.64,0,1.10 | 1.25 | 1.61,0.953,0.000,0,1,0,0,0,0,-1,0,0,0,,0,,0,,0,0,0,1
1723494541,772,4,4,8,8,9.783,0,0,0.11 | 0.11 | 0.11,0,2.49 | 3.19 | 3.64,0,1.10 | 1.25 | 1.61,0.953,0.000,0,1,0,0,0,0,-1,0,0,0,,0,,0,,0,0,0,1
1723494541,772,4,4,8,8,9.783,0,0,0.11 | 0.11 | 0.11,0,2.49 | 3.19 | 3.64,0,1.10 | 1.25 | 1.61,0.953,0.000,0,1,0,0,0,0,-1,0,0,0,,0,,0,,0,0,0,1
1723494541,772,4,4,8,8,9.783,0,0,0.11 | 0.11 | 0.11,0,2.49 | 3.19 | 3.64,0,1.10 | 1.25 | 1.61,0.953,0.000,0,1,0,0,0,0,-1,0,0,0,,0,,0,,0,0,0,1
1723494541,772,4,4,8,8,9.783,0,0,0.11 | 0.11 | 0.11,0,2.49 | 3.19 | 3.64,0,1.10 | 1.25 | 1.61,0.953,0.000,0,1,0,0,0,0,-1,0,0,0,,0,,0,,0,0,0,1
1723494541,772,4,4,8,8,9.783,0,0,0.11 | 0.11 | 0.11,0,2.49 | 3.19 | 3.64,0,1.10 | 1.25 | 1.61,0.953,0.000,0,1,0,0,0,0,-1,0,0,0,,0,,0,,0,0,0,1
1723494541,772,4,4,8,8,9.783,0,0,0.11 | 0.11 | 0.11,0,2.49 | 3.19 | 3.64,0,1.10 | 1.25 | 1.61,0.953,0.000,0,1,0,0,0,0,-1,0,0,0,,0,,0,,0,0,0,1
1723494541,772,4,4,8,8,9.783,0,0,0.11 | 0.11 | 0.11,0,2.49 | 3.19 | 3.64,0,1.10 | 1.25 | 1.61,0.953,0.000,0,1,0,0,0,0,-1,0,0,0,,0,,0,,0,0,0,1
1723494541,772,4,4,8,8,9.783,0,0,0.11 | 0.11 | 0.11,0,2.49 | 3.19 | 3.64,0,1.10 | 1.25 | 1.61,0.953,0.000,0,1,0,0,0,0,-1,0,0,0,,0,,0,,0,0,0,1
1723494542,772,4,4,8,8,8.987,0,0,0.11 | 0.11 | 0.11,0,2.49 | 3.19 | 3.64,0,1.10 | 1.25 | 1.61,0.953,0.000,0,1,0,0,0,0,-1,0,0,0,,0,,0,,0,0,0,1
1723494542,772,4,4,8,8,8.987,0,0,0.11 | 0.11 | 0.11,0,2.49 | 3.19 | 3.64,0,1.10 | 1.25 | 1.61,0.953,0.000,0,1,0,0,0,0,-1,0,0,0,,0,,0,,0,0,0,1
1723494542,772,4,4,8,8,8.987,0,0,0.11 | 0.11 | 0.11,0,2.49 | 3.19 | 3.64,0,1.10 | 1.25 | 1.61,0.953,0.000,0,1,0,0,0,0,-1,0,0,0,,0,,0,,0,0,0,1
1723494542,772,4,4,8,8,8.987,0,0,0.11 | 0.11 | 0.11,0,2.49 | 3.19 | 3.64,0,1.10 | 1.25 | 1.61,0.953,0.000,0,1,0,0,0,0,-1,0,0,0,,0,,0,,0,0,0,1
1723494542,772,4,4,8,8,8.987,0,0,0.11 | 0.11 | 0.11,0,2.49 | 3.19 | 3.64,0,1.10 | 1.25 | 1.61,0.953,0.000,0,1,0,0,0,0,-1,0,0,0,,0,,0,,0,0,0,1
1723494542,772,4,4,8,8,8.987,0,0,0.11 | 0.11 | 0.11,0,2.49 | 3.19 | 3.64,0,1.10 | 1.25 | 1.61,0.953,0.000,0,1,0,0,0,0,-1,0,0,0,,0,,0,,0,0,0,1
1723494542,772,4,4,8,8,8.987,0,0,0.11 | 0.11 | 0.11,0,2.49 | 3.19 | 3.64,0,1.10 | 1.25 | 1.61,0.953,0.000,0,1,0,0,0,0,-1,0,0,0,,0,,0,,0,0,0,1
1723494542,772,4,4,8,8,8.987,0,0,0.11 | 0.11 | 0.11,0,2.49 | 3.19 | 3.64,0,1.10 | 1.25 | 1.61,0.953,0.000,0,1,0,0,0,0,-1,0,0,0,,0,,0,,0,0,0,1
1723494542,772,4,4,8,8,8.987,0,0,0.11 | 0.11 | 0.11,0,2.49 | 3.19 | 3.64,0,1.10 | 1.25 | 1.61,0.953,0.000,0,1,0,0,0,0,-1,0,0,0,,0,,0,,0,0,0,1
1723494542,772,4,4,8,8,8.987,0,0,0.11 | 0.11 | 0.11,0,2.49 | 3.19 | 3.64,0,1.10 | 1.25 | 1.61,0.953,0.000,0,1,0,0,0,0,-1,0,0,0,,0,,0,,0,0,0,1
1723494543,772,4,4,8,8,7.924,0,0,0.11 | 0.11 | 0.11,0,2.49 | 3.19 | 3.64,0,1.10 | 1.25 | 1.61,0.953,0.000,0,1,0,0,0,0,-1,0,0,0,,0,,0,,0,0,0,1
1723494543,772,4,4,8,8,7.924,0,0,0.11 | 0.11 | 0.11,0,2.49 | 3.19 | 3.64,0,1.10 | 1.25 | 1.61,0.953,0.000,0,1,0,0,0,0,-1,0,0,0,,0,,0,,0,0,0,1
1723494543,772,4,4,8,8,7.924,0,0,0.11 | 0.11 | 0.11,0,2.49 | 3.19 | 3.64,0,1.10 | 1.25 | 1.61,0.953,0.000,0,1,0,0,0,0,-1,0,0,0,,0,,0,,0,0,0,1
1723494543,772,4,4,8,8,7.924,0,0,0.11 | 0.11 | 0.11,0,2.49 | 3.19 | 3.64,0,1.10 | 1.25 | 1.61,0.953,0.000,0,1,0,0,0,0,-1,0,0,0,,0,,0,,0,0,0,1
1723494543,772,4,4,8,8,7.924,0,0,0.11 | 0.11 | 0.11,0,2.49 | 3.19 | 3.64,0,1.10 | 1.25 | 1.61,0.953,0.000,0,1,0,0,0,0,-1,0,0,0,,0,,0,,0,0,0,1
1723494543,772,4,4,8,8,7.924,0,0,0.11 | 0.11 | 0.11,0,2.49 | 3.19 | 3.64,0,1.10 | 1.25 | 1.61,0.953,0.000,0,1,0,0,0,0,-1,0,0,0,,0,,0,,0,0,0,1
1723494543,772,4,4,8,8,7.924,0,0,0.11 | 0.11 | 0.11,0,2.49 | 3.19 | 3.64,0,1.10 | 1.25 | 1.61,0.953,0.000,0,1,0,0,0,0,-1,0,0,0,,0,,0,,0,0,0,1
1723494543,772,4,4,8,8,7.924,0,0,0.11 | 0.11 | 0.11,0,2.49 | 3.19 | 3.64,0,1.10 | 1.25 | 1.61,0.953,0.000,0,1,0,0,0,0,-1,0,0,0,,0,,0,,0,0,0,1
1723494543,772,4,4,8,8,7.924,0,0,0.11 | 0.11 | 0.11,0,2.49 | 3.19 | 3.64,0,1.10 | 1.25 | 1.61,0.953,0.000,0,1,0,0,0,0,-1,0,0,0,,0,,0,,0,0,0,1
1723494543,772,4,4,8,8,7.924,0,0,0.11 | 0.11 | 0.11,0,2.49 | 3.19 | 3.64,0,1.10 | 1.25 | 1.61,0.953,0.000,0,1,0,0,0,0,-1,0,0,0,,0,,0,,0,0,0,1
1723494544,772,4,4,8,8,10.03,0,0,0.10 | 0.11 | 0.11,0,2.75 | 3.25 | 3.64,0,1.10 | 1.23 | 1.45,0.953,0.000,0,1,0,0,0,0,-1,0,0,0,,0,,0,,0,0,0,1
1723494544,772,4,4,8,8,10.03,0,0,0.10 | 0.11 | 0.11,0,2.75 | 3.25 | 3.64,0,1.10 | 1.23 | 1.45,0.953,0.000,0,1,0,0,0,0,-1,0,0,0,,0,,0,,0,0,0,1
1723494544,772,4,4,8,8,10.03,0,0,0.10 | 0.11 | 0.11,0,2.75 | 3.25 | 3.64,0,1.10 | 1.23 | 1.45,0.953,0.000,0,1,0,0,0,0,-1,0,0,0,,0,,0,,0,0,0,1
1723494544,772,4,4,8,8,10.03,0,0,0.10 | 0.11 | 0.11,0,2.75 | 3.25 | 3.64,0,1.10 | 1.23 | 1.45,0.953,0.000,0,1,0,0,0,0,-1,0,0,0,,0,,0,,0,0,0,1
1723494544,772,4,4,8,8,10.03,0,0,0.10 | 0.11 | 0.11,0,2.75 | 3.25 | 3.64,0,1.10 | 1.23 | 1.45,0.953,0.000,0,1,0,0,0,0,-1,0,0,0,,0,,0,,0,0,0,1
1723494544,772,4,4,8,8,10.03,0,0,0.10 | 0.11 | 0.11,0,2.75 | 3.25 | 3.64,0,1.10 | 1.23 | 1.45,0.953,0.000,0,1,0,0,0,0,-1,0,0,0,,0,,0,,0,0,0,1
1723494544,772,4,4,8,8,10.03,0,0,0.10 | 0.11 | 0.11,0,2.75 | 3.25 | 3.64,0,1.10 | 1.23 | 1.45,0.953,0.000,0,1,0,0,0,0,-1,0,0,0,,0,,0,,0,0,0,1
1723494544,772,4,4,8,8,10.03,0,0,0.10 | 0.11 | 0.11,0,2.75 | 3.25 | 3.64,0,1.10 | 1.23 | 1.45,0.953,0.000,0,1,0,0,0,0,-1,0,0,0,,0,,0,,0,0,0,1
1723494544,772,4,4,8,8,10.03,0,0,0.10 | 0.11 | 0.11,0,2.75 | 3.25 | 3.64,0,1.10 | 1.23 | 1.45,0.953,0.000,0,1,0,0,0,0,-1,0,0,0,,0,,0,,0,0,0,1
1723494544,772,4,4,8,8,10.03,0,0,0.10 | 0.11 | 0.11,0,2.75 | 3.25 | 3.64,0,1.10 | 1.23 | 1.45,0.953,0.000,0,1,0,0,0,0,-1,0,0,0,,0,,0,,0,0,0,1
1723494545,772,4,4,8,8,8.999,0,0,0.10 | 0.11 | 0.11,0,2.75 | 3.25 | 3.64,0,1.10 | 1.23 | 1.45,0.953,0.000,0,1,0,0,0,0,-1,0,0,0,,0,,0,,0,0,0,1
1723494545,772,4,4,8,8,8.999,0,0,0.10 | 0.11 | 0.11,0,2.75 | 3.25 | 3.64,0,1.10 | 1.23 | 1.45,0.953,0.000,0,1,0,0,0,0,-1,0,0,0,,0,,0,,0,0,0,1
1723494545,772,4,4,8,8,8.999,0,0,0.10 | 0.11 | 0.11,0,2.75 | 3.25 | 3.64,0,1.10 | 1.23 | 1.45,0.953,0.000,0,1,0,0,0,0,-1,0,0,0,,0,,0,,0,0,0,1
1723494545,772,4,4,8,8,8.999,0,0,0.10 | 0.11 | 0.11,0,2.75 | 3.25 | 3.64,0,1.10 | 1.23 | 1.45,0.953,0.000,0,1,0,0,0,0,-1,0,0,0,,0,,0,,0,0,0,1
1723494545,772,4,4,8,8,8.999,0,0,0.10 | 0.11 | 0.11,0,2.75 | 3.25 | 3.64,0,1.10 | 1.23 | 1.45,0.953,0.000,0,1,0,0,0,0,-1,0,0,0,,0,,0,,0,0,0,1
1723494545,772,4,4,8,8,8.999,0,0,0.10 | 0.11 | 0.11,0,2.75 | 3.25 | 3.64,0,1.10 | 1.23 | 1.45,0.953,0.000,0,1,0,0,0,0,-1,0,0,0,,0,,0,,0,0,0,1
1723494545,772,4,4,8,8,8.999,0,0,0.10 | 0.11 | 0.11,0,2.75 | 3.25 | 3.64,0,1.10 | 1.23 | 1.45,0.953,0.000,0,1,0,0,0,0,-1,0,0,0,,0,,0,,0,0,0,1
1723494545,772,4,4,8,8,8.999,0,0,0.10 | 0.11 | 0.11,0,2.75 | 3.25 | 3.64,0,1.10 | 1.23 | 1.45,0.953,0.000,0,1,0,0,0,0,-1,0,0,0,,0,,0,,0,0,0,1
1723494545,772,4,4,8,8,8.999,0,0,0.10 | 0.11 | 0.11,0,2.75 | 3.25 | 3.64,0,1.10 | 1.23 | 1.45,0.953,0.000,0,1,0,0,0,0,-1,0,0,0,,0,,0,,0,0,0,1
1723494545,772,4,4,8,8,8.999,0,0,0.10 | 0.11 | 0.11,0,2.75 | 3.25 | 3.64,0,1.10 | 1.23 | 1.45,0.953,0.000,0,1,0,0,0,0,-1,0,0,0,,0,,0,,0,0,0,1
1723494546,772,4,4,8,8,8.202,0,0,0.10 | 0.11 | 0.11,0,2.75 | 3.25 | 3.64,0,1.10 | 1.23 | 1.45,0.953,0.000,0,1,0,0,0,0,-1,0,0,0,,0,,0,,0,0,0,1
1723494546,772,4,4,8,8,8.202,0,0,0.10 | 0.11 | 0.11,0,2.75 | 3.25 | 3.64,0,1.10 | 1.23 | 1.45,0.953,0.000,0,1,0,0,0,0,-1,0,0,0,,0,,0,,0,0,0,1
1723494546,772,4,4,8,8,8.202,0,0,0.10 | 0.11 | 0.11,0,2.75 | 3.25 | 3.64,0,1.10 | 1.23 | 1.45,0.953,0.000,0,1,0,0,0,0,-1,0,0,0,,0,,0,,0,0,0,1
1723494546,772,4,4,8,8,8.202,0,0,0.10 | 0.11 | 0.11,0,2.75 | 3.25 | 3.64,0,1.10 | 1.23 | 1.45,0.953,0.000,0,1,0,0,0,0,-1,0,0,0,,0,,0,,0,0,0,1
1723494546,772,4,4,8,8,8.202,0,0,0.10 | 0.11 | 0.11,0,2.75 | 3.25 | 3.64,0,1.10 | 1.23 | 1.45,0.953,0.000,0,1,0,0,0,0,-1,0,0,0,,0,,0,,0,0,0,1
1723494546,772,4,4,8,8,8.202,0,0,0.10 | 0.11 | 0.11,0,2.75 | 3.25 | 3.64,0,1.10 | 1.23 | 1.45,0.953,0.000,0,1,0,0,0,0,-1,0,0,0,,0,,0,,0,0,0,1
1723494546,772,4,4,8,8,8.202,0,0,0.10 | 0.11 | 0.11,0,2.75 | 3.25 | 3.64,0,1.10 | 1.23 | 1.45,0.953,0.000,0,1,0,0,0,0,-1,0,0,0,,0,,0,,0,0,0,1
1723494546,772,4,4,8,8,8.202,0,0,0.10 | 0.11 | 0.11,0,2.75 | 3.25 | 3.64,0,1.10 | 1.23 | 1.45,0.953,0.000,0,1,0,0,0,0,-1,0,0,0,,0,,0,,0,0,0,1
1723494546,772,4,4,8,8,8.202,0,0,0.10 | 0.11 | 0.11,0,2.75 | 3.25 | 3.64,0,1.10 | 1.23 | 1.45,0.953,0.000,0,1,0,0,0,0,-1,0,0,0,,0,,0,,0,0,0,1
1723494546,772,4,4,8,8,8.202,0,0,0.10 | 0.11 | 0.11,0,2.75 | 3.25 | 3.64,0,1.10 | 1.23 | 1.45,0.953,0.000,0,1,0,0,0,0,-1,0,0,0,,0,,0,,0,0,0,1
1723494547,772,4,4,8,8,7.14,0,0,0.10 | 0.11 | 0.11,0,2.75 | 3.25 | 3.64,0,1.10 | 1.23 | 1.45,0.953,0.000,0,1,0,0,0,0,-1,0,0,0,,0,,0,,0,0,0,1
1723494547,772,4,4,8,8,7.14,0,0,0.10 | 0.11 | 0.11,0,2.75 | 3.25 | 3.64,0,1.10 | 1.23 | 1.45,0.953,0.000,0,1,0,0,0,0,-1,0,0,0,,0,,0,,0,0,0,1
1723494547,772,4,4,8,8,7.14,0,0,0.10 | 0.11 | 0.11,0,2.75 | 3.25 | 3.64,0,1.10 | 1.23 | 1.45,0.953,0.000,0,1,0,0,0,0,-1,0,0,0,,0,,0,,0,0,0,1
1723494547,772,4,4,8,8,7.14,0,0,0.10 | 0.11 | 0.11,0,2.75 | 3.25 | 3.64,0,1.10 | 1.23 | 1.45,0.953,0.000,0,1,0,0,0,0,-1,0,0,0,,0,,0,,0,0,0,1
1723494547,772,4,4,8,8,7.14,0,0,0.10 | 0.11 | 0.11,0,2.75 | 3.25 | 3.64,0,1.10 | 1.23 | 1.45,0.953,0.000,0,1,0,0,0,0,-1,0,0,0,,0,,0,,0,0,0,1
1723494547,772,4,4,8,8,7.14,0,0,0.10 | 0.11 | 0.11,0,2.75 | 3.25 | 3.64,0,1.10 | 1.23 | 1.45,0.953,0.000,0,1,0,0,0,0,-1,0,0,0,,0,,0,,0,0,0,1
1723494547,772,4,4,8,8,7.14,0,0,0.10 | 0.11 | 0.11,0,2.75 | 3.25 | 3.64,0,1.10 | 1.23 | 1.45,0.953,0.000,0,1,0,0,0,0,-1,0,0,0,,0,,0,,0,0,0,1
1723494547,772,4,4,8,8,7.14,0,0,0.10 | 0.11 | 0.11,0,2.75 | 3.25 | 3.64,0,1.10 | 1.23 | 1.45,0.953,0.000,0,1,0,0,0,0,-1,0,0,0,,0,,0,,0,0,0,1
1723494547,772,4,4,8,8,7.14,0,0,0.10 | 0.11 | 0.11,0,2.75 | 3.25 | 3.64,0,1.10 | 1.23 | 1.45,0.953,0.000,0,1,0,0,0,0,-1,0,0,0,,0,,0,,0,0,0,1
1723494547,772,4,4,8,8,7.14,0,0,0.10 | 0.11 | 0.11,0,2.75 | 3.25 | 3.64,0,1.10 | 1.23 | 1.45,0.953,0.000,0,1,0,0,0,0,-1,0,0,0,,0,,0,,0,0,0,1
1723494548,772,4,4,8,8,10.86,0,0,0.10 | 0.11 | 0.11,0,2.75 | 3.36 | 3.97,0,1.01 | 1.19 | 1.45,0.953,0.000,0,1,0,0,0,0,-1,0,0,0,,0,,0,,0,0,0,1
1723494548,772,4,4,8,8,10.86,0,0,0.10 | 0.11 | 0.11,0,2.75 | 3.36 | 3.97,0,1.01 | 1.19 | 1.45,0.953,0.000,0,1,0,0,0,0,-1,0,0,0,,0,,0,,0,0,0,1
1723494548,772,4,4,8,8,10.86,0,0,0.10 | 0.11 | 0.11,0,2.75 | 3.36 | 3.97,0,1.01 | 1.19 | 1.45,0.953,0.000,0,1,0,0,0,0,-1,0,0,0,,0,,0,,0,0,0,1
1723494548,772,4,4,8,8,10.86,0,0,0.10 | 0.11 | 0.11,0,2.75 | 3.36 | 3.97,0,1.01 | 1.19 | 1.45,0.953,0.000,0,1,0,0,0,0,-1,0,0,0,,0,,0,,0,0,0,1
1723494548,772,4,4,8,8,10.86,0,0,0.10 | 0.11 | 0.11,0,2.75 | 3.36 | 3.97,0,1.01 | 1.19 | 1.45,0.953,0.000,0,1,0,0,0,0,-1,0,0,0,,0,,0,,0,0,0,1
1723494548,772,4,4,8,8,10.86,0,0,0.10 | 0.11 | 0.11,0,2.75 | 3.36 | 3.97,0,1.01 | 1.19 | 1.45,0.953,0.000,0,1,0,0,0,0,-1,0,0,0,,0,,0,,0,0,0,1
1723494548,772,4,4,8,8,10.86,0,0,0.10 | 0.11 | 0.11,0,2.75 | 3.36 | 3.97,0,1.01 | 1.19 | 1.45,0.953,0.000,0,1,0,0,0,0,-1,0,0,0,,0,,0,,0,0,0,1
1723494548,772,4,4,8,8,10.86,0,0,0.10 | 0.11 | 0.11,0,2.75 | 3.36 | 3.97,0,1.01 | 1.19 | 1.45,0.953,0.000,0,1,0,0,0,0,-1,0,0,0,,0,,0,,0,0,0,1
1723494548,772,4,4,8,8,10.86,0,0,0.10 | 0.11 | 0.11,0,2.75 | 3.36 | 3.97,0,1.01 | 1.19 | 1.45,0.953,0.000,0,1,0,0,0,0,-1,0,0,0,,0,,0,,0,0,0,1
1723494548,772,4,4,8,8,10.86,0,0,0.10 | 0.11 | 0.11,0,2.75 | 3.36 | 3.97,0,1.01 | 1.19 | 1.45,0.953,0.000,0,1,0,0,0,0,-1,0,0,0,,0,,0,,0,0,0,1
1723494549,772,4,4,8,8,9.815,0,0,0.10 | 0.11 | 0.11,0,2.75 | 3.36 | 3.97,0,1.01 | 1.19 | 1.45,0.953,0.000,0,1,0,0,0,0,-1,0,0,0,,0,,0,,0,0,0,1
1723494549,772,4,4,8,8,9.815,0,0,0.10 | 0.11 | 0.11,0,2.75 | 3.36 | 3.97,0,1.01 | 1.19 | 1.45,0.953,0.000,0,1,0,0,0,0,-1,0,0,0,,0,,0,,0,0,0,1
1723494549,772,4,4,8,8,9.815,0,0,0.10 | 0.11 | 0.11,0,2.75 | 3.36 | 3.97,0,1.01 | 1.19 | 1.45,0.953,0.000,0,1,0,0,0,0,-1,0,0,0,,0,,0,,0,0,0,1
1723494549,772,4,4,8,8,9.815,0,0,0.10 | 0.11 | 0.11,0,2.75 | 3.36 | 3.97,0,1.01 | 1.19 | 1.45,0.953,0.000,0,1,0,0,0,0,-1,0,0,0,,0,,0,,0,0,0,1
1723494549,772,4,4,8,8,9.815,0,0,0.10 | 0.11 | 0.11,0,2.75 | 3.36 | 3.97,0,1.01 | 1.19 | 1.45,0.953,0.000,0,1,0,0,0,0,-1,0,0,0,,0,,0,,0,0,0,1
1723494549,772,4,4,8,8,9.815,0,0,0.10 | 0.11 | 0.11,0,2.75 | 3.36 | 3.97,0,1.01 | 1.19 | 1.45,0.953,0.000,0,1,0,0,0,0,-1,0,0,0,,0,,0,,0,0,0,1
1723494549,772,4,4,8,8,9.815,0,0,0.10 | 0.11 | 0.11,0,2.75 | 3.36 | 3.97,0,1.01 | 1.19 | 1.45,0.953,0.000,0,1,0,0,0,0,-1,0,0,0,,0,,0,,0,0,0,1
1723494549,772,4,4,8,8,9.815,0,0,0.10 | 0.11 | 0.11,0,2.75 | 3.36 | 3.97,0,1.01 | 1.19 | 1.45,0.953,0.000,0,1,0,0,0,0,-1,0,0,0,,0,,0,,0,0,0,1
1723494549,772,4,4,8,8,9.815,0,0,0.10 | 0.11 | 0.11,0,2.75 | 3.36 | 3.97,0,1.01 | 1.19 | 1.45,0.953,0.000,0,1,0,0,0,0,-1,0,0,0,,0,,0,,0,0,0,1
1723494549,772,4,4,8,8,9.815,0,0,0.10 | 0.11 | 0.11,0,2.75 | 3.36 | 3.97,0,1.01 | 1.19 | 1.45,0.953,0.000,0,1,0,0,0,0,-1,0,0,0,,0,,0,,0,0,0,1
1723494550,772,4,4,8,8,8.787,0,0,0.10 | 0.11 | 0.11,0,2.75 | 3.36 | 3.97,0,1.01 | 1.19 | 1.45,0.953,0.000,0,1,0,0,0,0,-1,0,0,0,,0,,0,,0,0,0,1
1723494550,772,4,4,8,8,8.787,0,0,0.10 | 0.11 | 0.11,0,2.75 | 3.36 | 3.97,0,1.01 | 1.19 | 1.45,0.953,0.000,0,1,0,0,0,0,-1,0,0,0,,0,,0,,0,0,0,1
1723494550,772,4,4,8,8,8.787,0,0,0.10 | 0.11 | 0.11,0,2.75 | 3.36 | 3.97,0,1.01 | 1.19 | 1.45,0.953,0.000,0,1,0,0,0,0,-1,0,0,0,,0,,0,,0,0,0,1
1723494550,772,4,4,8,8,8.787,0,0,0.10 | 0.11 | 0.11,0,2.75 | 3.36 | 3.97,0,1.01 | 1.19 | 1.45,0.953,0.000,0,1,0,0,0,0,-1,0,0,0,,0,,0,,0,0,0,1
1723494550,772,4,4,8,8,8.787,0,0,0.10 | 0.11 | 0.11,0,2.75 | 3.36 | 3.97,0,1.01 | 1.19 | 1.45,0.953,0.000,0,1,0,0,0,0,-1,0,0,0,,0,,0,,0,0,0,1
1723494550,772,4,4,8,8,8.787,0,0,0.10 | 0.11 | 0.11,0,2.75 | 3.36 | 3.97,0,1.01 | 1.19 | 1.45,0.953,0.000,0,1,0,0,0,0,-1,0,0,0,,0,,0,,0,0,0,1
1723494550,772,4,4,8,8,8.787,0,0,0.10 | 0.11 | 0.11,0,2.75 | 3.36 | 3.97,0,1.01 | 1.19 | 1.45,0.953,0.000,0,1,0,0,0,0,-1,0,0,0,,0,,0,,0,0,0,1
1723494550,772,4,4,8,8,8.787,0,0,0.10 | 0.11 | 0.11,0,2.75 | 3.36 | 3.97,0,1.01 | 1.19 | 1.45,0.953,0.000,0,1,0,0,0,0,-1,0,0,0,,0,,0,,0,0,0,1
1723494550,772,4,4,8,8,8.787,0,0,0.10 | 0.11 | 0.11,0,2.75 | 3.36 | 3.97,0,1.01 | 1.19 | 1.45,0.953,0.000,0,1,0,0,0,0,-1,0,0,0,,0,,0,,0,0,0,1
1723494550,772,4,4,8,8,8.787,0,0,0.10 | 0.11 | 0.11,0,2.75 | 3.36 | 3.97,0,1.01 | 1.19 | 1.45,0.953,0.000,0,1,0,0,0,0,-1,0,0,0,,0,,0,,0,0,0,1
1723494551,772,4,4,8,8,11.155,0,0,0.10 | 0.11 | 0.11,0,2.44 | 3.20 | 3.97,0,1.01 | 1.25 | 1.64,0.953,0.000,0,1,0,0,0,0,-1,0,0,0,,0,,0,,0,0,0,1
1723494551,772,4,4,8,8,11.155,0,0,0.10 | 0.11 | 0.11,0,2.44 | 3.20 | 3.97,0,1.01 | 1.25 | 1.64,0.953,0.000,0,1,0,0,0,0,-1,0,0,0,,0,,0,,0,0,0,1
1723494551,772,4,4,8,8,11.155,0,0,0.10 | 0.11 | 0.11,0,2.44 | 3.20 | 3.97,0,1.01 | 1.25 | 1.64,0.953,0.000,0,1,0,0,0,0,-1,0,0,0,,0,,0,,0,0,0,1
1723494551,772,4,4,8,8,11.155,0,0,0.10 | 0.11 | 0.11,0,2.44 | 3.20 | 3.97,0,1.01 | 1.25 | 1.64,0.953,0.000,0,1,0,0,0,0,-1,0,0,0,,0,,0,,0,0,0,1
1723494551,772,4,4,8,8,11.155,0,0,0.10 | 0.11 | 0.11,0,2.44 | 3.20 | 3.97,0,1.01 | 1.25 | 1.64,0.953,0.000,0,1,0,0,0,0,-1,0,0,0,,0,,0,,0,0,0,1
1723494551,772,4,4,8,8,11.155,0,0,0.10 | 0.11 | 0.11,0,2.44 | 3.20 | 3.97,0,1.01 | 1.25 | 1.64,0.953,0.000,0,1,0,0,0,0,-1,0,0,0,,0,,0,,0,0,0,1
1723494551,772,4,4,8,8,11.155,0,0,0.10 | 0.11 | 0.11,0,2.44 | 3.20 | 3.97,0,1.01 | 1.25 | 1.64,0.953,0.000,0,1,0,0,0,0,-1,0,0,0,,0,,0,,0,0,0,1
1723494551,772,4,4,8,8,11.155,0,0,0.10 | 0.11 | 0.11,0,2.44 | 3.20 | 3.97,0,1.01 | 1.25 | 1.64,0.953,0.000,0,1,0,0,0,0,-1,0,0,0,,0,,0,,0,0,0,1
1723494551,772,4,4,8,8,11.155,0,0,0.10 | 0.11 | 0.11,0,2.44 | 3.20 | 3.97,0,1.01 | 1.25 | 1.64,0.953,0.000,0,1,0,0,0,0,-1,0,0,0,,0,,0,,0,0,0,1
1723494551,772,4,4,8,8,11.155,0,0,0.10 | 0.11 | 0.11,0,2.44 | 3.20 | 3.97,0,1.01 | 1.25 | 1.64,0.953,0.000,0,1,0,0,0,0,-1,0,0,0,,0,,0,,0,0,0,1
1723494552,772,4,4,8,8,10.093,0,0,0.10 | 0.11 | 0.11,0,2.44 | 3.20 | 3.97,0,1.01 | 1.25 | 1.64,0.953,0.000,0,1,0,0,0,0,-1,0,0,0,,0,,0,,0,0,0,1
1723494552,772,4,4,8,8,10.093,0,0,0.10 | 0.11 | 0.11,0,2.44 | 3.20 | 3.97,0,1.01 | 1.25 | 1.64,0.953,0.000,0,1,0,0,0,0,-1,0,0,0,,0,,0,,0,0,0,1
1723494552,772,4,4,8,8,10.093,0,0,0.10 | 0.11 | 0.11,0,2.44 | 3.20 | 3.97,0,1.01 | 1.25 | 1.64,0.953,0.000,0,1,0,0,0,0,-1,0,0,0,,0,,0,,0,0,0,1
1723494552,772,4,4,8,8,10.093,0,0,0.10 | 0.11 | 0.11,0,2.44 | 3.20 | 3.97,0,1.01 | 1.25 | 1.64,0.953,0.000,0,1,0,0,0,0,-1,0,0,0,,0,,0,,0,0,0,1
1723494552,772,4,4,8,8,10.093,0,0,0.10 | 0.11 | 0.11,0,2.44 | 3.20 | 3.97,0,1.01 | 1.25 | 1.64,0.953,0.000,0,1,0,0,0,0,-1,0,0,0,,0,,0,,0,0,0,1
1723494552,772,4,4,8,8,10.093,0,0,0.10 | 0.11 | 0.11,0,2.44 | 3.20 | 3.97,0,1.01 | 1.25 | 1.64,0.953,0.000,0,1,0,0,0,0,-1,0,0,0,,0,,0,,0,0,0,1
1723494552,772,4,4,8,8,10.093,0,0,0.10 | 0.11 | 0.11,0,2.44 | 3.20 | 3.97,0,1.01 | 1.25 | 1.64,0.953,0.000,0,1,0,0,0,0,-1,0,0,0,,0,,0,,0,0,0,1
1723494552,772,4,4,8,8,10.093,0,0,0.10 | 0.11 | 0.11,0,2.44 | 3.20 | 3.97,0,1.01 | 1.25 | 1.64,0.953,0.000,0,1,0,0,0,0,-1,0,0,0,,0,,0,,0,0,0,1
1723494552,772,4,4,8,8,10.093,0,0,0.10 | 0.11 | 0.11,0,2.44 | 3.20 | 3.97,0,1.01 | 1.25 | 1.64,0.953,0.000,0,1,0,0,0,0,-1,0,0,0,,0,,0,,0,0,0,1
1723494552,772,4,4,8,8,10.093,0,0,0.10 | 0.11 | 0.11,0,2.44 | 3.20 | 3.97,0,1.01 | 1.25 | 1.64,0.953,0.000,0,1,0,0,0,0,-1,0,0,0,,0,,0,,0,0,0,1
1723494553,772,4,4,8,8,9.03,0,0,0.10 | 0.11 | 0.11,0,2.44 | 3.20 | 3.97,0,1.01 | 1.25 | 1.64,0.953,0.000,0,1,0,0,0,0,-1,0,0,0,,0,,0,,0,0,0,1
1723494553,772,4,4,8,8,9.03,0,0,0.10 | 0.11 | 0.11,0,2.44 | 3.20 | 3.97,0,1.01 | 1.25 | 1.64,0.953,0.000,0,1,0,0,0,0,-1,0,0,0,,0,,0,,0,0,0,1
1723494553,772,4,4,8,8,9.03,0,0,0.10 | 0.11 | 0.11,0,2.44 | 3.20 | 3.97,0,1.01 | 1.25 | 1.64,0.953,0.000,0,1,0,0,0,0,-1,0,0,0,,0,,0,,0,0,0,1
1723494553,772,4,4,8,8,9.03,0,0,0.10 | 0.11 | 0.11,0,2.44 | 3.20 | 3.97,0,1.01 | 1.25 | 1.64,0.953,0.000,0,1,0,0,0,0,-1,0,0,0,,0,,0,,0,0,0,1
1723494553,772,4,4,8,8,9.03,0,0,0.10 | 0.11 | 0.11,0,2.44 | 3.20 | 3.97,0,1.01 | 1.25 | 1.64,0.953,0.000,0,1,0,0,0,0,-1,0,0,0,,0,,0,,0,0,0,1
1723494553,772,4,4,8,8,9.03,0,0,0.10 | 0.11 | 0.11,0,2.44 | 3.20 | 3.97,0,1.01 | 1.25 | 1.64,0.953,0.000,0,1,0,0,0,0,-1,0,0,0,,0,,0,,0,0,0,1
1723494553,772,4,4,8,8,9.03,0,0,0.10 | 0.11 | 0.11,0,2.44 | 3.20 | 3.97,0,1.01 | 1.25 | 1.64,0.953,0.000,0,1,0,0,0,0,-1,0,0,0,,0,,0,,0,0,0,1
1723494553,772,4,4,8,8,9.03,0,0,0.10 | 0.11 | 0.11,0,2.44 | 3.20 | 3.97,0,1.01 | 1.25 | 1.64,0.953,0.000,0,1,0,0,0,0,-1,0,0,0,,0,,0,,0,0,0,1
1723494553,772,4,4,8,8,9.03,0,0,0.10 | 0.11 | 0.11,0,2.44 | 3.20 | 3.97,0,1.01 | 1.25 | 1.64,0.953,0.000,0,1,0,0,0,0,-1,0,0,0,,0,,0,,0,0,0,1
1723494553,772,4,4,8,8,9.03,0,0,0.10 | 0.11 | 0.11,0,2.44 | 3.20 | 3.97,0,1.01 | 1.25 | 1.64,0.953,0.000,0,1,0,0,0,0,-1,0,0,0,,0,,0,,0,0,0,1
1723494554,772,4,4,8,8,8.233,0,0,0.10 | 0.11 | 0.11,0,2.44 | 3.20 | 3.97,0,1.01 | 1.25 | 1.64,0.953,0.000,0,1,0,0,0,0,-1,0,0,0,,0,,0,,0,0,0,1
1723494554,772,4,4,8,8,8.233,0,0,0.10 | 0.11 | 0.11,0,2.44 | 3.20 | 3.97,0,1.01 | 1.25 | 1.64,0.953,0.000,0,1,0,0,0,0,-1,0,0,0,,0,,0,,0,0,0,1
1723494554,772,4,4,8,8,8.233,0,0,0.10 | 0.11 | 0.11,0,2.44 | 3.20 | 3.97,0,1.01 | 1.25 | 1.64,0.953,0.000,0,1,0,0,0,0,-1,0,0,0,,0,,0,,0,0,0,1
1723494554,772,4,4,8,8,8.233,0,0,0.10 | 0.11 | 0.11,0,2.44 | 3.20 | 3.97,0,1.01 | 1.25 | 1.64,0.953,0.000,0,1,0,0,0,0,-1,0,0,0,,0,,0,,0,0,0,1
1723494554,772,4,4,8,8,8.233,0,0,0.10 | 0.11 | 0.11,0,2.44 | 3.20 | 3.97,0,1.01 | 1.25 | 1.64,0.953,0.000,0,1,0,0,0,0,-1,0,0,0,,0,,0,,0,0,0,1
1723494554,772,4,4,8,8,8.233,0,0,0.10 | 0.11 | 0.11,0,2.44 | 3.20 | 3.97,0,1.01 | 1.25 | 1.64,0.953,0.000,0,1,0,0,0,0,-1,0,0,0,,0,,0,,0,0,0,1
1723494554,772,4,4,8,8,8.233,0,0,0.10 | 0.11 | 0.11,0,2.44 | 3.20 | 3.97,0,1.01 | 1.25 | 1.64,0.953,0.000,0,1,0,0,0,0,-1,0,0,0,,0,,0,,0,0,0,1
1723494554,772,4,4,8,8,8.233,0,0,0.10 | 0.11 | 0.11,0,2.44 | 3.20 | 3.97,0,1.01 | 1.25 | 1.64,0.953,0.000,0,1,0,0,0,0,-1,0,0,0,,0,,0,,0,0,0,1
1723494554,772,4,4,8,8,8.233,0,0,0.10 | 0.11 | 0.11,0,2.44 | 3.20 | 3.97,0,1.01 | 1.25 | 1.64,0.953,0.000,0,1,0,0,0,0,-1,0,0,0,,0,,0,,0,0,0,1
1723494554,772,4,4,8,8,8.233,0,0,0.10 | 0.11 | 0.11,0,2.44 | 3.20 | 3.97,0,1.01 | 1.25 | 1.64,0.953,0.000,0,1,0,0,0,0,-1,0,0,0,,0,,0,,0,0,0,1
1723494555,772,4,4,8,8,11.887,0,0,0.10 | 0.11 | 0.11,0,2.44 | 3.37 | 4.32,0,0.93 | 1.19 | 1.64,0.953,0.000,0,1,0,0,0,0,-1,0,0,0,,0,,0,,0,0,0,1
1723494555,772,4,4,8,8,11.887,0,0,0.10 | 0.11 | 0.11,0,2.44 | 3.37 | 4.32,0,0.93 | 1.19 | 1.64,0.953,0.000,0,1,0,0,0,0,-1,0,0,0,,0,,0,,0,0,0,1
1723494555,772,4,4,8,8,11.887,0,0,0.10 | 0.11 | 0.11,0,2.44 | 3.37 | 4.32,0,0.93 | 1.19 | 1.64,0.953,0.000,0,1,0,0,0,0,-1,0,0,0,,0,,0,,0,0,0,1
1723494555,772,4,4,8,8,11.887,0,0,0.10 | 0.11 | 0.11,0,2.44 | 3.37 | 4.32,0,0.93 | 1.19 | 1.64,0.953,0.000,0,1,0,0,0,0,-1,0,0,0,,0,,0,,0,0,0,1
1723494555,772,4,4,8,8,11.887,0,0,0.10 | 0.11 | 0.11,0,2.44 | 3.37 | 4.32,0,0.93 | 1.19 | 1.64,0.953,0.000,0,1,0,0,0,0,-1,0,0,0,,0,,0,,0,0,0,1
1723494555,772,4,4,8,8,11.887,0,0,0.10 | 0.11 | 0.11,0,2.44 | 3.37 | 4.32,0,0.93 | 1.19 | 1.64,0.953,0.000,0,1,0,0,0,0,-1,0,0,0,,0,,0,,0,0,0,1
1723494555,772,4,4,8,8,11.887,0,0,0.10 | 0.11 | 0.11,0,2.44 | 3.37 | 4.32,0,0.93 | 1.19 | 1.64,0.953,0.000,0,1,0,0,0,0,-1,0,0,0,,0,,0,,0,0,0,1
1723494555,772,4,4,8,8,11.887,0,0,0.10 | 0.11 | 0.11,0,2.44 | 3.37 | 4.32,0,0.93 | 1.19 | 1.64,0.953,0.000,0,1,0,0,0,0,-1,0,0,0,,0,,0,,0,0,0,1
1723494555,772,4,4,8,8,11.887,0,0,0.10 | 0.11 | 0.11,0,2.44 | 3.37 | 4.32,0,0.93 | 1.19 | 1.64,0.953,0.000,0,1,0,0,0,0,-1,0,0,0,,0,,0,,0,0,0,1
1723494555,772,4,4,8,8,11.887,0,0,0.10 | 0.11 | 0.11,0,2.44 | 3.37 | 4.32,0,0.93 | 1.19 | 1.64,0.953,0.000,0,1,0,0,0,0,-1,0,0,0,,0,,0,,0,0,0,1
1723494556,772,4,4,8,8,10.908,0,0,0.10 | 0.11 | 0.11,0,2.44 | 3.37 | 4.32,0,0.93 | 1.19 | 1.64,0.953,0.000,0,1,0,0,0,0,-1,0,0,0,,0,,0,,0,0,0,1
1723494556,772,4,4,8,8,10.908,0,0,0.10 | 0.11 | 0.11,0,2.44 | 3.37 | 4.32,0,0.93 | 1.19 | 1.64,0.953,0.000,0,1,0,0,0,0,-1,0,0,0,,0,,0,,0,0,0,1
1723494556,772,4,4,8,8,10.908,0,0,0.10 | 0.11 | 0.11,0,2.44 | 3.37 | 4.32,0,0.93 | 1.19 | 1.64,0.953,0.000,0,1,0,0,0,0,-1,0,0,0,,0,,0,,0,0,0,1
1723494556,772,4,4,8,8,10.908,0,0,0.10 | 0.11 | 0.11,0,2.44 | 3.37 | 4.32,0,0.93 | 1.19 | 1.64,0.953,0.000,0,1,0,0,0,0,-1,0,0,0,,0,,0,,0,0,0,1
1723494556,772,4,4,8,8,10.908,0,0,0.10 | 0.11 | 0.11,0,2.44 | 3.37 | 4.32,0,0.93 | 1.19 | 1.64,0.953,0.000,0,1,0,0,0,0,-1,0,0,0,,0,,0,,0,0,0,1
1723494556,772,4,4,8,8,10.908,0,0,0.10 | 0.11 | 0.11,0,2.44 | 3.37 | 4.32,0,0.93 | 1.19 | 1.64,0.953,0.000,0,1,0,0,0,0,-1,0,0,0,,0,,0,,0,0,0,1
1723494556,772,4,4,8,8,10.908,0,0,0.10 | 0.11 | 0.11,0,2.44 | 3.37 | 4.32,0,0.93 | 1.19 | 1.64,0.953,0.000,0,1,0,0,0,0,-1,0,0,0,,0,,0,,0,0,0,1
1723494556,772,4,4,8,8,10.908,0,0,0.10 | 0.11 | 0.11,0,2.44 | 3.37 | 4.32,0,0.93 | 1.19 | 1.64,0.953,0.000,0,1,0,0,0,0,-1,0,0,0,,0,,0,,0,0,0,1
1723494556,772,4,4,8,8,10.908,0,0,0.10 | 0.11 | 0.11,0,2.44 | 3.37 | 4.32,0,0.93 | 1.19 | 1.64,0.953,0.000,0,1,0,0,0,0,-1,0,0,0,,0,,0,,0,0,0,1
1723494556,772,4,4,8,8,10.908,0,0,0.10 | 0.11 | 0.11,0,2.44 | 3.37 | 4.32,0,0.93 | 1.19 | 1.64,0.953,0.000,0,1,0,0,0,0,-1,0,0,0,,0,,0,,0,0,0,1
1723494557,772,4,4,8,8,9.846,0,0,0.10 | 0.11 | 0.11,0,2.44 | 3.37 | 4.32,0,0.93 | 1.19 | 1.64,0.953,0.000,0,1,0,0,0,0,-1,0,0,0,,0,,0,,0,0,0,1
1723494557,772,4,4,8,8,9.846,0,0,0.10 | 0.11 | 0.11,0,2.44 | 3.37 | 4.32,0,0.93 | 1.19 | 1.64,0.953,0.000,0,1,0,0,0,0,-1,0,0,0,,0,,0,,0,0,0,1
1723494557,772,4,4,8,8,9.846,0,0,0.10 | 0.11 | 0.11,0,2.44 | 3.37 | 4.32,0,0.93 | 1.19 | 1.64,0.953,0.000,0,1,0,0,0,0,-1,0,0,0,,0,,0,,0,0,0,1
1723494557,772,4,4,8,8,9.846,0,0,0.10 | 0.11 | 0.11,0,2.44 | 3.37 | 4.32,0,0.93 | 1.19 | 1.64,0.953,0.000,0,1,0,0,0,0,-1,0,0,0,,0,,0,,0,0,0,1
1723494557,772,4,4,8,8,9.846,0,0,0.10 | 0.11 | 0.11,0,2.44 | 3.37 | 4.32,0,0.93 | 1.19 | 1.64,0.953,0.000,0,1,0,0,0,0,-1,0,0,0,,0,,0,,0,0,0,1
1723494557,772,4,4,8,8,9.846,0,0,0.10 | 0.11 | 0.11,0,2.44 | 3.37 | 4.32,0,0.93 | 1.19 | 1.64,0.953,0.000,0,1,0,0,0,0,-1,0,0,0,,0,,0,,0,0,0,1
1723494557,772,4,4,8,8,9.846,0,0,0.10 | 0.11 | 0.11,0,2.44 | 3.37 | 4.32,0,0.93 | 1.19 | 1.64,0.953,0.000,0,1,0,0,0,0,-1,0,0,0,,0,,0,,0,0,0,1
1723494557,772,4,4,8,8,9.846,0,0,0.10 | 0.11 | 0.11,0,2.44 | 3.37 | 4.32,0,0.93 | 1.19 | 1.64,0.953,0.000,0,1,0,0,0,0,-1,0,0,0,,0,,0,,0,0,0,1
1723494557,772,4,4,8,8,9.846,0,0,0.10 | 0.11 | 0.11,0,2.44 | 3.37 | 4.32,0,0.93 | 1.19 | 1.64,0.953,0.000,0,1,0,0,0,0,-1,0,0,0,,0,,0,,0,0,0,1
1723494557,772,4,4,8,8,9.846,0,0,0.10 | 0.11 | 0.11,0,2.44 | 3.37 | 4.32,0,0.93 | 1.19 | 1.64,0.953,0.000,0,1,0,0,0,0,-1,0,0,0,,0,,0,,0,0,0,1
1723494558,772,4,4,8,8,11.983,0,0,0.11 | 0.11 | 0.12,0,2.44 | 3.35 | 4.32,0,0.93 | 1.19 | 1.64,0.955,0.000,0,1,0,0,0,0,-1,0,0,0,,0,,0,,0,0,0,1
1723494558,772,4,4,8,8,11.983,0,0,0.11 | 0.11 | 0.12,0,2.44 | 3.35 | 4.32,0,0.93 | 1.19 | 1.64,0.955,0.000,0,1,0,0,0,0,-1,0,0,0,,0,,0,,0,0,0,1
1723494558,772,4,4,8,8,11.983,0,0,0.11 | 0.11 | 0.12,0,2.44 | 3.35 | 4.32,0,0.93 | 1.19 | 1.64,0.955,0.000,0,1,0,0,0,0,-1,0,0,0,,0,,0,,0,0,0,1
1723494558,772,4,4,8,8,11.983,0,0,0.11 | 0.11 | 0.12,0,2.44 | 3.35 | 4.32,0,0.93 | 1.19 | 1.64,0.955,0.000,0,1,0,0,0,0,-1,0,0,0,,0,,0,,0,0,0,1
1723494558,772,4,4,8,8,11.983,0,0,0.11 | 0.11 | 0.12,0,2.44 | 3.35 | 4.32,0,0.93 | 1.19 | 1.64,0.955,0.000,0,1,0,0,0,0,-1,0,0,0,,0,,0,,0,0,0,1
1723494558,772,4,4,8,8,11.983,0,0,0.11 | 0.11 | 0.12,0,2.44 | 3.35 | 4.32,0,0.93 | 1.19 | 1.64,0.955,0.000,0,1,0,0,0,0,-1,0,0,0,,0,,0,,0,0,0,1
1723494558,772,4,4,8,8,11.983,0,0,0.11 | 0.11 | 0.12,0,2.44 | 3.35 | 4.32,0,0.93 | 1.19 | 1.64,0.955,0.000,0,1,0,0,0,0,-1,0,0,0,,0,,0,,0,0,0,1
1723494558,772,4,4,8,8,11.983,0,0,0.11 | 0.11 | 0.12,0,2.44 | 3.35 | 4.32,0,0.93 | 1.19 | 1.64,0.955,0.000,0,1,0,0,0,0,-1,0,0,0,,0,,0,,0,0,0,1
1723494558,772,4,4,8,8,11.983,0,0,0.11 | 0.11 | 0.12,0,2.44 | 3.35 | 4.32,0,0.93 | 1.19 | 1.64,0.955,0.000,0,1,0,0,0,0,-1,0,0,0,,0,,0,,0,0,0,1
1723494558,772,4,4,8,8,11.983,0,0,0.11 | 0.11 | 0.12,0,2.44 | 3.35 | 4.32,0,0.93 | 1.19 | 1.64,0.955,0.000,0,1,0,0,0,0,-1,0,0,0,,0,,0,,0,0,0,1
1723494559,772,4,4,8,8,11.187,0,0,0.11 | 0.11 | 0.12,0,2.44 | 3.35 | 4.32,0,0.93 | 1.19 | 1.64,0.955,0.000,0,1,0,0,0,0,-1,0,0,0,,0,,0,,0,0,0,1
1723494559,772,4,4,8,8,11.187,0,0,0.11 | 0.11 | 0.12,0,2.44 | 3.35 | 4.32,0,0.93 | 1.19 | 1.64,0.955,0.000,0,1,0,0,0,0,-1,0,0,0,,0,,0,,0,0,0,1
1723494559,772,4,4,8,8,11.187,0,0,0.11 | 0.11 | 0.12,0,2.44 | 3.35 | 4.32,0,0.93 | 1.19 | 1.64,0.955,0.000,0,1,0,0,0,0,-1,0,0,0,,0,,0,,0,0,0,1
1723494559,772,4,4,8,8,11.187,0,0,0.11 | 0.11 | 0.12,0,2.44 | 3.35 | 4.32,0,0.93 | 1.19 | 1.64,0.955,0.000,0,1,0,0,0,0,-1,0,0,0,,0,,0,,0,0,0,1
1723494559,772,4,4,8,8,11.187,0,0,0.11 | 0.11 | 0.12,0,2.44 | 3.35 | 4.32,0,0.93 | 1.19 | 1.64,0.955,0.000,0,1,0,0,0,0,-1,0,0,0,,0,,0,,0,0,0,1
1723494559,772,4,4,8,8,11.187,0,0,0.11 | 0.11 | 0.12,0,2.44 | 3.35 | 4.32,0,0.93 | 1.19 | 1.64,0.955,0.000,0,1,0,0,0,0,-1,0,0,0,,0,,0,,0,0,0,1
1723494559,772,4,4,8,8,11.187,0,0,0.11 | 0.11 | 0.12,0,2.44 | 3.35 | 4.32,0,0.93 | 1.19 | 1.64,0.955,0.000,0,1,0,0,0,0,-1,0,0,0,,0,,0,,0,0,0,1
1723494559,772,4,4,8,8,11.187,0,0,0.11 | 0.11 | 0.12,0,2.44 | 3.35 | 4.32,0,0.93 | 1.19 | 1.64,0.955,0.000,0,1,0,0,0,0,-1,0,0,0,,0,,0,,0,0,0,1
1723494559,772,4,4,8,8,11.187,0,0,0.11 | 0.11 | 0.12,0,2.44 | 3.35 | 4.32,0,0.93 | 1.19 | 1.64,0.955,0.000,0,1,0,0,0,0,-1,0,0,0,,0,,0,,0,0,0,1
1723494559,772,4,4,8,8,11.187,0,0,0.11 | 0.11 | 0.12,0,2.44 | 3.35 | 4.32,0,0.93 | 1.19 | 1.64,0.955,0.000,0,1,0,0,0,0,-1,0,0,0,,0,,0,,0,0,0,1
1723494560,772,4,4,8,8,9.987,0,0,0.11 | 0.11 | 0.12,0,2.44 | 3.35 | 4.32,0,0.93 | 1.19 | 1.64,0.955,0.000,0,1,0,0,0,0,-1,0,0,0,,0,,0,,0,0,0,1
1723494560,772,4,4,8,8,9.987,0,0,0.11 | 0.11 | 0.12,0,2.44 | 3.35 | 4.32,0,0.93 | 1.19 | 1.64,0.955,0.000,0,1,0,0,0,0,-1,0,0,0,,0,,0,,0,0,0,1
1723494560,772,4,4,8,8,9.987,0,0,0.11 | 0.11 | 0.12,0,2.44 | 3.35 | 4.32,0,0.93 | 1.19 | 1.64,0.955,0.000,0,1,0,0,0,0,-1,0,0,0,,0,,0,,0,0,0,1
1723494560,772,4,4,8,8,9.987,0,0,0.11 | 0.11 | 0.12,0,2.44 | 3.35 | 4.32,0,0.93 | 1.19 | 1.64,0.955,0.000,0,1,0,0,0,0,-1,0,0,0,,0,,0,,0,0,0,1
1723494560,772,4,4,8,8,9.987,0,0,0.11 | 0.11 | 0.12,0,2.44 | 3.35 | 4.32,0,0.93 | 1.19 | 1.64,0.955,0.000,0,1,0,0,0,0,-1,0,0,0,,0,,0,,0,0,0,1
1723494560,772,4,4,8,8,9.987,0,0,0.11 | 0.11 | 0.12,0,2.44 | 3.35 | 4.32,0,0.93 | 1.19 | 1.64,0.955,0.000,0,1,0,0,0,0,-1,0,0,0,,0,,0,,0,0,0,1
1723494560,772,4,4,8,8,9.987,0,0,0.11 | 0.11 | 0.12,0,2.44 | 3.35 | 4.32,0,0.93 | 1.19 | 1.64,0.955,0.000,0,1,0,0,0,0,-1,0,0,0,,0,,0,,0,0,0,1
1723494560,772,4,4,8,8,9.987,0,0,0.11 | 0.11 | 0.12,0,2.44 | 3.35 | 4.32,0,0.93 | 1.19 | 1.64,0.955,0.000,0,1,0,0,0,0,-1,0,0,0,,0,,0,,0,0,0,1
1723494560,772,4,4,8,8,9.987,0,0,0.11 | 0.11 | 0.12,0,2.44 | 3.35 | 4.32,0,0.93 | 1.19 | 1.64,0.955,0.000,0,1,0,0,0,0,-1,0,0,0,,0,,0,,0,0,0,1
1723494560,772,4,4,8,8,9.987,0,0,0.11 | 0.11 | 0.12,0,2.44 | 3.35 | 4.32,0,0.93 | 1.19 | 1.64,0.955,0.000,0,1,0,0,0,0,-1,0,0,0,,0,,0,,0,0,0,1
1723494561,772,4,4,8,8,9.062,0,0,0.11 | 0.11 | 0.12,0,2.44 | 3.35 | 4.32,0,0.93 | 1.19 | 1.64,0.955,0.000,0,1,0,0,0,0,-1,0,0,0,,0,,0,,0,0,0,1
1723494561,772,4,4,8,8,9.062,0,0,0.11 | 0.11 | 0.12,0,2.44 | 3.35 | 4.32,0,0.93 | 1.19 | 1.64,0.955,0.000,0,1,0,0,0,0,-1,0,0,0,,0,,0,,0,0,0,1
1723494561,772,4,4,8,8,9.062,0,0,0.11 | 0.11 | 0.12,0,2.44 | 3.35 | 4.32,0,0.93 | 1.19 | 1.64,0.955,0.000,0,1,0,0,0,0,-1,0,0,0,,0,,0,,0,0,0,1
1723494561,772,4,4,8,8,9.062,0,0,0.11 | 0.11 | 0.12,0,2.44 | 3.35 | 4.32,0,0.93 | 1.19 | 1.64,0.955,0.000,0,1,0,0,0,0,-1,0,0,0,,0,,0,,0,0,0,1
1723494561,772,4,4,8,8,9.062,0,0,0.11 | 0.11 | 0.12,0,2.44 | 3.35 | 4.32,0,0.93 | 1.19 | 1.64,0.955,0.000,0,1,0,0,0,0,-1,0,0,0,,0,,0,,0,0,0,1
1723494561,772,4,4,8,8,9.062,0,0,0.11 | 0.11 | 0.12,0,2.44 | 3.35 | 4.32,0,0.93 | 1.19 | 1.64,0.955,0.000,0,1,0,0,0,0,-1,0,0,0,,0,,0,,0,0,0,1
1723494561,772,4,4,8,8,9.062,0,0,0.11 | 0.11 | 0.12,0,2.44 | 3.35 | 4.32,0,0.93 | 1.19 | 1.64,0.955,0.000,0,1,0,0,0,0,-1,0,0,0,,0,,0,,0,0,0,1
1723494561,772,4,4,8,8,9.062,0,0,0.11 | 0.11 | 0.12,0,2.44 | 3.35 | 4.32,0,0.93 | 1.19 | 1.64,0.955,0.000,0,1,0,0,0,0,-1,0,0,0,,0,,0,,0,0,0,1
1723494561,772,4,4,8,8,9.062,0,0,0.11 | 0.11 | 0.12,0,2.44 | 3.35 | 4.32,0,0.93 | 1.19 | 1.64,0.955,0.000,0,1,0,0,0,0,-1,0,0,0,,0,,0,,0,0,0,1
1723494561,772,4,4,8,8,9.062,0,0,0.11 | 0.11 | 0.12,0,2.44 | 3.35 | 4.32,0,0.93 | 1.19 | 1.64,0.955,0.000,0,1,0,0,0,0,-1,0,0,0,,0,,0,,0,0,0,1
1723494562,772,4,4,8,8,7.999,0,0,0.11 | 0.11 | 0.12,0,2.44 | 3.35 | 4.32,0,0.93 | 1.19 | 1.64,0.955,0.000,0,1,0,0,0,0,-1,0,0,0,,0,,0,,0,0,0,1
1723494562,772,4,4,8,8,7.999,0,0,0.11 | 0.11 | 0.12,0,2.44 | 3.35 | 4.32,0,0.93 | 1.19 | 1.64,0.955,0.000,0,1,0,0,0,0,-1,0,0,0,,0,,0,,0,0,0,1
1723494562,772,4,4,8,8,7.999,0,0,0.11 | 0.11 | 0.12,0,2.44 | 3.35 | 4.32,0,0.93 | 1.19 | 1.64,0.955,0.000,0,1,0,0,0,0,-1,0,0,0,,0,,0,,0,0,0,1
1723494562,772,4,4,8,8,7.999,0,0,0.11 | 0.11 | 0.12,0,2.44 | 3.35 | 4.32,0,0.93 | 1.19 | 1.64,0.955,0.000,0,1,0,0,0,0,-1,0,0,0,,0,,0,,0,0,0,1
1723494562,772,4,4,8,8,7.999,0,0,0.11 | 0.11 | 0.12,0,2.44 | 3.35 | 4.32,0,0.93 | 1.19 | 1.64,0.955,0.000,0,1,0,0,0,0,-1,0,0,0,,0,,0,,0,0,0,1
1723494562,772,4,4,8,8,7.999,0,0,0.11 | 0.11 | 0.12,0,2.44 | 3.35 | 4.32,0,0.93 | 1.19 | 1.64,0.955,0.000,0,1,0,0,0,0,-1,0,0,0,,0,,0,,0,0,0,1
1723494562,772,4,4,8,8,7.999,0,0,0.11 | 0.11 | 0.12,0,2.44 | 3.35 | 4.32,0,0.93 | 1.19 | 1.64,0.955,0.000,0,1,0,0,0,0,-1,0,0,0,,0,,0,,0,0,0,1
1723494562,772,4,4,8,8,7.999,0,0,0.11 | 0.11 | 0.12,0,2.44 | 3.35 | 4.32,0,0.93 | 1.19 | 1.64,0.955,0.000,0,1,0,0,0,0,-1,0,0,0,,0,,0,,0,0,0,1
1723494562,772,4,4,8,8,7.999,0,0,0.11 | 0.11 | 0.12,0,2.44 | 3.35 | 4.32,0,0.93 | 1.19 | 1.64,0.955,0.000,0,1,0,0,0,0,-1,0,0,0,,0,,0,,0,0,0,1
1723494562,772,4,4,8,8,7.999,0,0,0.11 | 0.11 | 0.12,0,2.44 | 3.35 | 4.32,0,0.93 | 1.19 | 1.64,0.955,0.000,0,1,0,0,0,0,-1,0,0,0,,0,,0,,0,0,0,1
1723494563,772,4,4,8,8,12.002,0,0,0.11 | 0.11 | 0.12,0,2.44 | 3.37 | 4.32,0,0.93 | 1.19 | 1.64,0.955,0.000,0,1,0,0,0,0,-1,0,0,0,,0,,0,,0,0,0,1
1723494563,772,4,4,8,8,12.002,0,0,0.11 | 0.11 | 0.12,0,2.44 | 3.37 | 4.32,0,0.93 | 1.19 | 1.64,0.955,0.000,0,1,0,0,0,0,-1,0,0,0,,0,,0,,0,0,0,1
1723494563,772,4,4,8,8,12.002,0,0,0.11 | 0.11 | 0.12,0,2.44 | 3.37 | 4.32,0,0.93 | 1.19 | 1.64,0.955,0.000,0,1,0,0,0,0,-1,0,0,0,,0,,0,,0,0,0,1
1723494563,772,4,4,8,8,12.002,0,0,0.11 | 0.11 | 0.12,0,2.44 | 3.37 | 4.32,0,0.93 | 1.19 | 1.64,0.955,0.000,0,1,0,0,0,0,-1,0,0,0,,0,,0,,0,0,0,1
1723494563,772,4,4,8,8,12.002,0,0,0.11 | 0.11 | 0.12,0,2.44 | 3.37 | 4.32,0,0.93 | 1.19 | 1.64,0.955,0.000,0,1,0,0,0,0,-1,0,0,0,,0,,0,,0,0,0,1
1723494563,772,4,4,8,8,12.002,0,0,0.11 | 0.11 | 0.12,0,2.44 | 3.37 | 4.32,0,0.93 | 1.19 | 1.64,0.955,0.000,0,1,0,0,0,0,-1,0,0,0,,0,,0,,0,0,0,1
1723494563,772,4,4,8,8,12.002,0,0,0.11 | 0.11 | 0.12,0,2.44 | 3.37 | 4.32,0,0.93 | 1.19 | 1.64,0.955,0.000,0,1,0,0,0,0,-1,0,0,0,,0,,0,,0,0,0,1
1723494563,772,4,4,8,8,12.002,0,0,0.11 | 0.11 | 0.12,0,2.44 | 3.37 | 4.32,0,0.93 | 1.19 | 1.64,0.955,0.000,0,1,0,0,0,0,-1,0,0,0,,0,,0,,0,0,0,1
1723494563,772,4,4,8,8,12.002,0,0,0.11 | 0.11 | 0.12,0,2.44 | 3.37 | 4.32,0,0.93 | 1.19 | 1.64,0.955,0.000,0,1,0,0,0,0,-1,0,0,0,,0,,0,,0,0,0,1
1723494563,772,4,4,8,8,12.002,0,0,0.11 | 0.11 | 0.12,0,2.44 | 3.37 | 4.32,0,0.93 | 1.19 | 1.64,0.955,0.000,0,1,0,0,0,0,-1,0,0,0,,0,,0,,0,0,0,1
1723494564,772,4,4,8,8,10.94,0,0,0.11 | 0.11 | 0.12,0,2.44 | 3.37 | 4.32,0,0.93 | 1.19 | 1.64,0.955,0.000,0,1,0,0,0,0,-1,0,0,0,,0,,0,,0,0,0,1
1723494564,772,4,4,8,8,10.94,0,0,0.11 | 0.11 | 0.12,0,2.44 | 3.37 | 4.32,0,0.93 | 1.19 | 1.64,0.955,0.000,0,1,0,0,0,0,-1,0,0,0,,0,,0,,0,0,0,1
1723494564,772,4,4,8,8,10.94,0,0,0.11 | 0.11 | 0.12,0,2.44 | 3.37 | 4.32,0,0.93 | 1.19 | 1.64,0.955,0.000,0,1,0,0,0,0,-1,0,0,0,,0,,0,,0,0,0,1
1723494564,772,4,4,8,8,10.94,0,0,0.11 | 0.11 | 0.12,0,2.44 | 3.37 | 4.32,0,0.93 | 1.19 | 1.64,0.955,0.000,0,1,0,0,0,0,-1,0,0,0,,0,,0,,0,0,0,1
1723494564,772,4,4,8,8,10.94,0,0,0.11 | 0.11 | 0.12,0,2.44 | 3.37 | 4.32,0,0.93 | 1.19 | 1.64,0.955,0.000,0,1,0,0,0,0,-1,0,0,0,,0,,0,,0,0,0,1
1723494564,772,4,4,8,8,10.94,0,0,0.11 | 0.11 | 0.12,0,2.44 | 3.37 | 4.32,0,0.93 | 1.19 | 1.64,0.955,0.000,0,1,0,0,0,0,-1,0,0,0,,0,,0,,0,0,0,1
1723494564,772,4,4,8,8,10.94,0,0,0.11 | 0.11 | 0.12,0,2.44 | 3.37 | 4.32,0,0.93 | 1.19 | 1.64,0.955,0.000,0,1,0,0,0,0,-1,0,0,0,,0,,0,,0,0,0,1
1723494564,772,4,4,8,8,10.94,0,0,0.11 | 0.11 | 0.12,0,2.44 | 3.37 | 4.32,0,0.93 | 1.19 | 1.64,0.955,0.000,0,1,0,0,0,0,-1,0,0,0,,0,,0,,0,0,0,1
1723494564,772,4,4,8,8,10.94,0,0,0.11 | 0.11 | 0.12,0,2.44 | 3.37 | 4.32,0,0.93 | 1.19 | 1.64,0.955,0.000,0,1,0,0,0,0,-1,0,0,0,,0,,0,,0,0,0,1
1723494564,772,4,4,8,8,10.94,0,0,0.11 | 0.11 | 0.12,0,2.44 | 3.37 | 4.32,0,0.93 | 1.19 | 1.64,0.955,0.000,0,1,0,0,0,0,-1,0,0,0,,0,,0,,0,0,0,1
1723494565,772,4,4,8,8,9.877,0,0,0.11 | 0.11 | 0.12,0,2.44 | 3.37 | 4.32,0,0.93 | 1.19 | 1.64,0.955,0.000,0,1,0,0,0,0,-1,0,0,0,,0,,0,,0,0,0,1
1723494565,772,4,4,8,8,9.877,0,0,0.11 | 0.11 | 0.12,0,2.44 | 3.37 | 4.32,0,0.93 | 1.19 | 1.64,0.955,0.000,0,1,0,0,0,0,-1,0,0,0,,0,,0,,0,0,0,1
1723494565,772,4,4,8,8,9.877,0,0,0.11 | 0.11 | 0.12,0,2.44 | 3.37 | 4.32,0,0.93 | 1.19 | 1.64,0.955,0.000,0,1,0,0,0,0,-1,0,0,0,,0,,0,,0,0,0,1
1723494565,772,4,4,8,8,9.877,0,0,0.11 | 0.11 | 0.12,0,2.44 | 3.37 | 4.32,0,0.93 | 1.19 | 1.64,0.955,0.000,0,1,0,0,0,0,-1,0,0,0,,0,,0,,0,0,0,1
1723494565,772,4,4,8,8,9.877,0,0,0.11 | 0.11 | 0.12,0,2.44 | 3.37 | 4.32,0,0.93 | 1.19 | 1.64,0.955,0.000,0,1,0,0,0,0,-1,0,0,0,,0,,0,,0,0,0,1
1723494565,772,4,4,8,8,9.877,0,0,0.11 | 0.11 | 0.12,0,2.44 | 3.37 | 4.32,0,0.93 | 1.19 | 1.64,0.955,0.000,0,1,0,0,0,0,-1,0,0,0,,0,,0,,0,0,0,1
1723494565,772,4,4,8,8,9.877,0,0,0.11 | 0.11 | 0.12,0,2.44 | 3.37 | 4.32,0,0.93 | 1.19 | 1.64,0.955,0.000,0,1,0,0,0,0,-1,0,0,0,,0,,0,,0,0,0,1
1723494565,772,4,4,8,8,9.877,0,0,0.11 | 0.11 | 0.12,0,2.44 | 3.37 | 4.32,0,0.93 | 1.19 | 1.64,0.955,0.000,0,1,0,0,0,0,-1,0,0,0,,0,,0,,0,0,0,1
1723494565,772,4,4,8,8,9.877,0,0,0.11 | 0.11 | 0.12,0,2.44 | 3.37 | 4.32,0,0.93 | 1.19 | 1.64,0.955,0.000,0,1,0,0,0,0,-1,0,0,0,,0,,0,,0,0,0,1
1723494565,772,4,4,8,8,9.877,0,0,0.11 | 0.11 | 0.12,0,2.44 | 3.37 | 4.32,0,0.93 | 1.19 | 1.64,0.955,0.000,0,1,0,0,0,0,-1,0,0,0,,0,,0,,0,0,0,1
1723494566,772,4,4,8,8,12.015,0,0,0.11 | 0.11 | 0.12,0,1.97 | 3.25 | 4.32,0,0.93 | 1.23 | 2.03,0.955,0.000,0,1,0,0,0,0,-1,0,0,0,,0,,0,,0,0,0,1
1723494566,772,4,4,8,8,12.015,0,0,0.11 | 0.11 | 0.12,0,1.97 | 3.25 | 4.32,0,0.93 | 1.23 | 2.03,0.955,0.000,0,1,0,0,0,0,-1,0,0,0,,0,,0,,0,0,0,1
1723494566,772,4,4,8,8,12.015,0,0,0.11 | 0.11 | 0.12,0,1.97 | 3.25 | 4.32,0,0.93 | 1.23 | 2.03,0.955,0.000,0,1,0,0,0,0,-1,0,0,0,,0,,0,,0,0,0,1
1723494566,772,4,4,8,8,12.015,0,0,0.11 | 0.11 | 0.12,0,1.97 | 3.25 | 4.32,0,0.93 | 1.23 | 2.03,0.955,0.000,0,1,0,0,0,0,-1,0,0,0,,0,,0,,0,0,0,1
1723494566,772,4,4,8,8,12.015,0,0,0.11 | 0.11 | 0.12,0,1.97 | 3.25 | 4.32,0,0.93 | 1.23 | 2.03,0.955,0.000,0,1,0,0,0,0,-1,0,0,0,,0,,0,,0,0,0,1
1723494566,772,4,4,8,8,12.015,0,0,0.11 | 0.11 | 0.12,0,1.97 | 3.25 | 4.32,0,0.93 | 1.23 | 2.03,0.955,0.000,0,1,0,0,0,0,-1,0,0,0,,0,,0,,0,0,0,1
1723494566,772,4,4,8,8,12.015,0,0,0.11 | 0.11 | 0.12,0,1.97 | 3.25 | 4.32,0,0.93 | 1.23 | 2.03,0.955,0.000,0,1,0,0,0,0,-1,0,0,0,,0,,0,,0,0,0,1
1723494566,772,4,4,8,8,12.015,0,0,0.11 | 0.11 | 0.12,0,1.97 | 3.25 | 4.32,0,0.93 | 1.23 | 2.03,0.955,0.000,0,1,0,0,0,0,-1,0,0,0,,0,,0,,0,0,0,1
1723494566,772,4,4,8,8,12.015,0,0,0.11 | 0.11 | 0.12,0,1.97 | 3.25 | 4.32,0,0.93 | 1.23 | 2.03,0.955,0.000,0,1,0,0,0,0,-1,0,0,0,,0,,0,,0,0,0,1
1723494566,772,4,4,8,8,12.015,0,0,0.11 | 0.11 | 0.12,0,1.97 | 3.25 | 4.32,0,0.93 | 1.23 | 2.03,0.955,0.000,0,1,0,0,0,0,-1,0,0,0,,0,,0,,0,0,0,1
1723494567,772,4,4,8,8,11.218,0,0,0.11 | 0.11 | 0.12,0,1.97 | 3.25 | 4.32,0,0.93 | 1.23 | 2.03,0.955,0.000,0,1,0,0,0,0,-1,0,0,0,,0,,0,,0,0,0,1
1723494567,772,4,4,8,8,11.218,0,0,0.11 | 0.11 | 0.12,0,1.97 | 3.25 | 4.32,0,0.93 | 1.23 | 2.03,0.955,0.000,0,1,0,0,0,0,-1,0,0,0,,0,,0,,0,0,0,1
1723494567,772,4,4,8,8,11.218,0,0,0.11 | 0.11 | 0.12,0,1.97 | 3.25 | 4.32,0,0.93 | 1.23 | 2.03,0.955,0.000,0,1,0,0,0,0,-1,0,0,0,,0,,0,,0,0,0,1
1723494567,772,4,4,8,8,11.218,0,0,0.11 | 0.11 | 0.12,0,1.97 | 3.25 | 4.32,0,0.93 | 1.23 | 2.03,0.955,0.000,0,1,0,0,0,0,-1,0,0,0,,0,,0,,0,0,0,1
1723494567,772,4,4,8,8,11.218,0,0,0.11 | 0.11 | 0.12,0,1.97 | 3.25 | 4.32,0,0.93 | 1.23 | 2.03,0.955,0.000,0,1,0,0,0,0,-1,0,0,0,,0,,0,,0,0,0,1
1723494567,772,4,4,8,8,11.218,0,0,0.11 | 0.11 | 0.12,0,1.97 | 3.25 | 4.32,0,0.93 | 1.23 | 2.03,0.955,0.000,0,1,0,0,0,0,-1,0,0,0,,0,,0,,0,0,0,1
1723494567,772,4,4,8,8,11.218,0,0,0.11 | 0.11 | 0.12,0,1.97 | 3.25 | 4.32,0,0.93 | 1.23 | 2.03,0.955,0.000,0,1,0,0,0,0,-1,0,0,0,,0,,0,,0,0,0,1
1723494567,772,4,4,8,8,11.218,0,0,0.11 | 0.11 | 0.12,0,1.97 | 3.25 | 4.32,0,0.93 | 1.23 | 2.03,0.955,0.000,0,1,0,0,0,0,-1,0,0,0,,0,,0,,0,0,0,1
1723494567,772,4,4,8,8,11.218,0,0,0.11 | 0.11 | 0.12,0,1.97 | 3.25 | 4.32,0,0.93 | 1.23 | 2.03,0.955,0.000,0,1,0,0,0,0,-1,0,0,0,,0,,0,,0,0,0,1
1723494567,772,4,4,8,8,11.218,0,0,0.11 | 0.11 | 0.12,0,1.97 | 3.25 | 4.32,0,0.93 | 1.23 | 2.03,0.955,0.000,0,1,0,0,0,0,-1,0,0,0,,0,,0,,0,0,0,1
1723494568,772,4,4,8,8,10.155,0,0,0.11 | 0.11 | 0.12,0,1.97 | 3.25 | 4.32,0,0.93 | 1.23 | 2.03,0.955,0.000,0,1,0,0,0,0,-1,0,0,0,,0,,0,,0,0,0,1
1723494568,772,4,4,8,8,10.155,0,0,0.11 | 0.11 | 0.12,0,1.97 | 3.25 | 4.32,0,0.93 | 1.23 | 2.03,0.955,0.000,0,1,0,0,0,0,-1,0,0,0,,0,,0,,0,0,0,1
1723494568,772,4,4,8,8,10.155,0,0,0.11 | 0.11 | 0.12,0,1.97 | 3.25 | 4.32,0,0.93 | 1.23 | 2.03,0.955,0.000,0,1,0,0,0,0,-1,0,0,0,,0,,0,,0,0,0,1
1723494568,772,4,4,8,8,10.155,0,0,0.11 | 0.11 | 0.12,0,1.97 | 3.25 | 4.32,0,0.93 | 1.23 | 2.03,0.955,0.000,0,1,0,0,0,0,-1,0,0,0,,0,,0,,0,0,0,1
1723494568,772,4,4,8,8,10.155,0,0,0.11 | 0.11 | 0.12,0,1.97 | 3.25 | 4.32,0,0.93 | 1.23 | 2.03,0.955,0.000,0,1,0,0,0,0,-1,0,0,0,,0,,0,,0,0,0,1
1723494568,772,4,4,8,8,10.155,0,0,0.11 | 0.11 | 0.12,0,1.97 | 3.25 | 4.32,0,0.93 | 1.23 | 2.03,0.955,0.000,0,1,0,0,0,0,-1,0,0,0,,0,,0,,0,0,0,1
1723494568,772,4,4,8,8,10.155,0,0,0.11 | 0.11 | 0.12,0,1.97 | 3.25 | 4.32,0,0.93 | 1.23 | 2.03,0.955,0.000,0,1,0,0,0,0,-1,0,0,0,,0,,0,,0,0,0,1
1723494568,772,4,4,8,8,10.155,0,0,0.11 | 0.11 | 0.12,0,1.97 | 3.25 | 4.32,0,0.93 | 1.23 | 2.03,0.955,0.000,0,1,0,0,0,0,-1,0,0,0,,0,,0,,0,0,0,1
1723494568,772,4,4,8,8,10.155,0,0,0.11 | 0.11 | 0.12,0,1.97 | 3.25 | 4.32,0,0.93 | 1.23 | 2.03,0.955,0.000,0,1,0,0,0,0,-1,0,0,0,,0,,0,,0,0,0,1
1723494568,772,4,4,8,8,10.155,0,0,0.11 | 0.11 | 0.12,0,1.97 | 3.25 | 4.32,0,0.93 | 1.23 | 2.03,0.955,0.000,0,1,0,0,0,0,-1,0,0,0,,0,,0,,0,0,0,1
1723494569,772,4,4,8,8,9.093,0,0,0.11 | 0.11 | 0.12,0,1.97 | 3.25 | 4.32,0,0.93 | 1.23 | 2.03,0.955,0.000,0,1,0,0,0,0,-1,0,0,0,,0,,0,,0,0,0,1
1723494569,772,4,4,8,8,9.093,0,0,0.11 | 0.11 | 0.12,0,1.97 | 3.25 | 4.32,0,0.93 | 1.23 | 2.03,0.955,0.000,0,1,0,0,0,0,-1,0,0,0,,0,,0,,0,0,0,1
1723494569,772,4,4,8,8,9.093,0,0,0.11 | 0.11 | 0.12,0,1.97 | 3.25 | 4.32,0,0.93 | 1.23 | 2.03,0.955,0.000,0,1,0,0,0,0,-1,0,0,0,,0,,0,,0,0,0,1
1723494569,772,4,4,8,8,9.093,0,0,0.11 | 0.11 | 0.12,0,1.97 | 3.25 | 4.32,0,0.93 | 1.23 | 2.03,0.955,0.000,0,1,0,0,0,0,-1,0,0,0,,0,,0,,0,0,0,1
1723494569,772,4,4,8,8,9.093,0,0,0.11 | 0.11 | 0.12,0,1.97 | 3.25 | 4.32,0,0.93 | 1.23 | 2.03,0.955,0.000,0,1,0,0,0,0,-1,0,0,0,,0,,0,,0,0,0,1
1723494569,772,4,4,8,8,9.093,0,0,0.11 | 0.11 | 0.12,0,1.97 | 3.25 | 4.32,0,0.93 | 1.23 | 2.03,0.955,0.000,0,1,0,0,0,0,-1,0,0,0,,0,,0,,0,0,0,1
1723494569,772,4,4,8,8,9.093,0,0,0.11 | 0.11 | 0.12,0,1.97 | 3.25 | 4.32,0,0.93 | 1.23 | 2.03,0.955,0.000,0,1,0,0,0,0,-1,0,0,0,,0,,0,,0,0,0,1
1723494569,772,4,4,8,8,9.093,0,0,0.11 | 0.11 | 0.12,0,1.97 | 3.25 | 4.32,0,0.93 | 1.23 | 2.03,0.955,0.000,0,1,0,0,0,0,-1,0,0,0,,0,,0,,0,0,0,1
1723494569,772,4,4,8,8,9.093,0,0,0.11 | 0.11 | 0.12,0,1.97 | 3.25 | 4.32,0,0.93 | 1.23 | 2.03,0.955,0.000,0,1,0,0,0,0,-1,0,0,0,,0,,0,,0,0,0,1
1723494569,772,4,4,8,8,9.093,0,0,0.11 | 0.11 | 0.12,0,1.97 | 3.25 | 4.32,0,0.93 | 1.23 | 2.03,0.955,0.000,0,1,0,0,0,0,-1,0,0,0,,0,,0,,0,0,0,1
1723494570,772,4,4,8,8,7.987,0,0,0.11 | 0.11 | 0.12,0,1.97 | 3.25 | 4.32,0,0.93 | 1.23 | 2.03,0.955,0.000,0,1,0,0,0,0,-1,0,0,0,,0,,0,,0,0,0,1
1723494570,772,4,4,8,8,7.987,0,0,0.11 | 0.11 | 0.12,0,1.97 | 3.25 | 4.32,0,0.93 | 1.23 | 2.03,0.955,0.000,0,1,0,0,0,0,-1,0,0,0,,0,,0,,0,0,0,1
1723494570,772,4,4,8,8,7.987,0,0,0.11 | 0.11 | 0.12,0,1.97 | 3.25 | 4.32,0,0.93 | 1.23 | 2.03,0.955,0.000,0,1,0,0,0,0,-1,0,0,0,,0,,0,,0,0,0,1
1723494570,772,4,4,8,8,7.987,0,0,0.11 | 0.11 | 0.12,0,1.97 | 3.25 | 4.32,0,0.93 | 1.23 | 2.03,0.955,0.000,0,1,0,0,0,0,-1,0,0,0,,0,,0,,0,0,0,1
1723494570,772,4,4,8,8,7.987,0,0,0.11 | 0.11 | 0.12,0,1.97 | 3.25 | 4.32,0,0.93 | 1.23 | 2.03,0.955,0.000,0,1,0,0,0,0,-1,0,0,0,,0,,0,,0,0,0,1
1723494570,772,4,4,8,8,7.987,0,0,0.11 | 0.11 | 0.12,0,1.97 | 3.25 | 4.32,0,0.93 | 1.23 | 2.03,0.955,0.000,0,1,0,0,0,0,-1,0,0,0,,0,,0,,0,0,0,1
1723494570,772,4,4,8,8,7.987,0,0,0.11 | 0.11 | 0.12,0,1.97 | 3.25 | 4.32,0,0.93 | 1.23 | 2.03,0.955,0.000,0,1,0,0,0,0,-1,0,0,0,,0,,0,,0,0,0,1
1723494570,772,4,4,8,8,7.987,0,0,0.11 | 0.11 | 0.12,0,1.97 | 3.25 | 4.32,0,0.93 | 1.23 | 2.03,0.955,0.000,0,1,0,0,0,0,-1,0,0,0,,0,,0,,0,0,0,1
1723494570,772,4,4,8,8,7.987,0,0,0.11 | 0.11 | 0.12,0,1.97 | 3.25 | 4.32,0,0.93 | 1.23 | 2.03,0.955,0.000,0,1,0,0,0,0,-1,0,0,0,,0,,0,,0,0,0,1
1723494570,772,4,4,8,8,7.987,0,0,0.11 | 0.11 | 0.12,0,1.97 | 3.25 | 4.32,0,0.93 | 1.23 | 2.03,0.955,0.000,0,1,0,0,0,0,-1,0,0,0,,0,,0,,0,0,0,1
1723494571,772,4,4,8,8,12.018,0,0,0.11 | 0.11 | 0.12,0,1.97 | 3.16 | 4.03,0,0.99 | 1.27 | 2.03,0.955,0.000,0,1,0,0,0,0,-1,0,0,0,,0,,0,,0,0,0,1
1723494571,772,4,4,8,8,12.018,0,0,0.11 | 0.11 | 0.12,0,1.97 | 3.16 | 4.03,0,0.99 | 1.27 | 2.03,0.955,0.000,0,1,0,0,0,0,-1,0,0,0,,0,,0,,0,0,0,1
1723494571,772,4,4,8,8,12.018,0,0,0.11 | 0.11 | 0.12,0,1.97 | 3.16 | 4.03,0,0.99 | 1.27 | 2.03,0.955,0.000,0,1,0,0,0,0,-1,0,0,0,,0,,0,,0,0,0,1
1723494571,772,4,4,8,8,12.018,0,0,0.11 | 0.11 | 0.12,0,1.97 | 3.16 | 4.03,0,0.99 | 1.27 | 2.03,0.955,0.000,0,1,0,0,0,0,-1,0,0,0,,0,,0,,0,0,0,1
1723494571,772,4,4,8,8,12.018,0,0,0.11 | 0.11 | 0.12,0,1.97 | 3.16 | 4.03,0,0.99 | 1.27 | 2.03,0.955,0.000,0,1,0,0,0,0,-1,0,0,0,,0,,0,,0,0,0,1
1723494571,772,4,4,8,8,12.018,0,0,0.11 | 0.11 | 0.12,0,1.97 | 3.16 | 4.03,0,0.99 | 1.27 | 2.03,0.955,0.000,0,1,0,0,0,0,-1,0,0,0,,0,,0,,0,0,0,1
1723494571,772,4,4,8,8,12.018,0,0,0.11 | 0.11 | 0.12,0,1.97 | 3.16 | 4.03,0,0.99 | 1.27 | 2.03,0.955,0.000,0,1,0,0,0,0,-1,0,0,0,,0,,0,,0,0,0,1
1723494571,772,4,4,8,8,12.018,0,0,0.11 | 0.11 | 0.12,0,1.97 | 3.16 | 4.03,0,0.99 | 1.27 | 2.03,0.955,0.000,0,1,0,0,0,0,-1,0,0,0,,0,,0,,0,0,0,1
1723494571,772,4,4,8,8,12.018,0,0,0.11 | 0.11 | 0.12,0,1.97 | 3.16 | 4.03,0,0.99 | 1.27 | 2.03,0.955,0.000,0,1,0,0,0,0,-1,0,0,0,,0,,0,,0,0,0,1
1723494571,772,4,4,8,8,12.018,0,0,0.11 | 0.11 | 0.12,0,1.97 | 3.16 | 4.03,0,0.99 | 1.27 | 2.03,0.955,0.000,0,1,0,0,0,0,-1,0,0,0,,0,,0,,0,0,0,1
1723494572,772,4,4,8,8,10.955,0,0,0.11 | 0.11 | 0.12,0,1.97 | 3.16 | 4.03,0,0.99 | 1.27 | 2.03,0.955,0.000,0,1,0,0,0,0,-1,0,0,0,,0,,0,,0,0,0,1
1723494572,772,4,4,8,8,10.955,0,0,0.11 | 0.11 | 0.12,0,1.97 | 3.16 | 4.03,0,0.99 | 1.27 | 2.03,0.955,0.000,0,1,0,0,0,0,-1,0,0,0,,0,,0,,0,0,0,1
1723494572,772,4,4,8,8,10.955,0,0,0.11 | 0.11 | 0.12,0,1.97 | 3.16 | 4.03,0,0.99 | 1.27 | 2.03,0.955,0.000,0,1,0,0,0,0,-1,0,0,0,,0,,0,,0,0,0,1
1723494572,772,4,4,8,8,10.955,0,0,0.11 | 0.11 | 0.12,0,1.97 | 3.16 | 4.03,0,0.99 | 1.27 | 2.03,0.955,0.000,0,1,0,0,0,0,-1,0,0,0,,0,,0,,0,0,0,1
1723494572,772,4,4,8,8,10.955,0,0,0.11 | 0.11 | 0.12,0,1.97 | 3.16 | 4.03,0,0.99 | 1.27 | 2.03,0.955,0.000,0,1,0,0,0,0,-1,0,0,0,,0,,0,,0,0,0,1
1723494572,772,4,4,8,8,10.955,0,0,0.11 | 0.11 | 0.12,0,1.97 | 3.16 | 4.03,0,0.99 | 1.27 | 2.03,0.955,0.000,0,1,0,0,0,0,-1,0,0,0,,0,,0,,0,0,0,1
1723494572,772,4,4,8,8,10.955,0,0,0.11 | 0.11 | 0.12,0,1.97 | 3.16 | 4.03,0,0.99 | 1.27 | 2.03,0.955,0.000,0,1,0,0,0,0,-1,0,0,0,,0,,0,,0,0,0,1
1723494572,772,4,4,8,8,10.955,0,0,0.11 | 0.11 | 0.12,0,1.97 | 3.16 | 4.03,0,0.99 | 1.27 | 2.03,0.955,0.000,0,1,0,0,0,0,-1,0,0,0,,0,,0,,0,0,0,1
1723494572,772,4,4,8,8,10.955,0,0,0.11 | 0.11 | 0.12,0,1.97 | 3.16 | 4.03,0,0.99 | 1.27 | 2.03,0.955,0.000,0,1,0,0,0,0,-1,0,0,0,,0,,0,,0,0,0,1
1723494572,772,4,4,8,8,10.955,0,0,0.11 | 0.11 | 0.12,0,1.97 | 3.16 | 4.03,0,0.99 | 1.27 | 2.03,0.955,0.000,0,1,0,0,0,0,-1,0,0,0,,0,,0,,0,0,0,1
1723494573,772,4,4,8,8,9.893,0,0,0.11 | 0.11 | 0.12,0,1.97 | 3.16 | 4.03,0,0.99 | 1.27 | 2.03,0.955,0.000,0,1,0,0,0,0,-1,0,0,0,,0,,0,,0,0,0,1
1723494573,772,4,4,8,8,9.893,0,0,0.11 | 0.11 | 0.12,0,1.97 | 3.16 | 4.03,0,0.99 | 1.27 | 2.03,0.955,0.000,0,1,0,0,0,0,-1,0,0,0,,0,,0,,0,0,0,1
1723494573,772,4,4,8,8,9.893,0,0,0.11 | 0.11 | 0.12,0,1.97 | 3.16 | 4.03,0,0.99 | 1.27 | 2.03,0.955,0.000,0,1,0,0,0,0,-1,0,0,0,,0,,0,,0,0,0,1
1723494573,772,4,4,8,8,9.893,0,0,0.11 | 0.11 | 0.12,0,1.97 | 3.16 | 4.03,0,0.99 | 1.27 | 2.03,0.955,0.000,0,1,0,0,0,0,-1,0,0,0,,0,,0,,0,0,0,1
1723494573,772,4,4,8,8,9.893,0,0,0.11 | 0.11 | 0.12,0,1.97 | 3.16 | 4.03,0,0.99 | 1.27 | 2.03,0.955,0.000,0,1,0,0,0,0,-1,0,0,0,,0,,0,,0,0,0,1
1723494573,772,4,4,8,8,9.893,0,0,0.11 | 0.11 | 0.12,0,1.97 | 3.16 | 4.03,0,0.99 | 1.27 | 2.03,0.955,0.000,0,1,0,0,0,0,-1,0,0,0,,0,,0,,0,0,0,1
1723494573,772,4,4,8,8,9.893,0,0,0.11 | 0.11 | 0.12,0,1.97 | 3.16 | 4.03,0,0.99 | 1.27 | 2.03,0.955,0.000,0,1,0,0,0,0,-1,0,0,0,,0,,0,,0,0,0,1
1723494573,772,4,4,8,8,9.893,0,0,0.11 | 0.11 | 0.12,0,1.97 | 3.16 | 4.03,0,0.99 | 1.27 | 2.03,0.955,0.000,0,1,0,0,0,0,-1,0,0,0,,0,,0,,0,0,0,1
1723494573,772,4,4,8,8,9.893,0,0,0.11 | 0.11 | 0.12,0,1.97 | 3.16 | 4.03,0,0.99 | 1.27 | 2.03,0.955,0.000,0,1,0,0,0,0,-1,0,0,0,,0,,0,,0,0,0,1
1723494573,772,4,4,8,8,9.893,0,0,0.11 | 0.11 | 0.12,0,1.97 | 3.16 | 4.03,0,0.99 | 1.27 | 2.03,0.955,0.000,0,1,0,0,0,0,-1,0,0,0,,0,,0,,0,0,0,1
1723494574,772,4,4,8,8,8.83,0,0,0.11 | 0.11 | 0.12,0,1.97 | 3.16 | 4.03,0,0.99 | 1.27 | 2.03,0.955,0.000,0,1,0,0,0,0,-1,0,0,0,,0,,0,,0,0,0,1
1723494574,772,4,4,8,8,8.83,0,0,0.11 | 0.11 | 0.12,0,1.97 | 3.16 | 4.03,0,0.99 | 1.27 | 2.03,0.955,0.000,0,1,0,0,0,0,-1,0,0,0,,0,,0,,0,0,0,1
1723494574,772,4,4,8,8,8.83,0,0,0.11 | 0.11 | 0.12,0,1.97 | 3.16 | 4.03,0,0.99 | 1.27 | 2.03,0.955,0.000,0,1,0,0,0,0,-1,0,0,0,,0,,0,,0,0,0,1
1723494574,772,4,4,8,8,8.83,0,0,0.11 | 0.11 | 0.12,0,1.97 | 3.16 | 4.03,0,0.99 | 1.27 | 2.03,0.955,0.000,0,1,0,0,0,0,-1,0,0,0,,0,,0,,0,0,0,1
1723494574,772,4,4,8,8,8.83,0,0,0.11 | 0.11 | 0.12,0,1.97 | 3.16 | 4.03,0,0.99 | 1.27 | 2.03,0.955,0.000,0,1,0,0,0,0,-1,0,0,0,,0,,0,,0,0,0,1
1723494574,772,4,4,8,8,8.83,0,0,0.11 | 0.11 | 0.12,0,1.97 | 3.16 | 4.03,0,0.99 | 1.27 | 2.03,0.955,0.000,0,1,0,0,0,0,-1,0,0,0,,0,,0,,0,0,0,1
1723494574,772,4,4,8,8,8.83,0,0,0.11 | 0.11 | 0.12,0,1.97 | 3.16 | 4.03,0,0.99 | 1.27 | 2.03,0.955,0.000,0,1,0,0,0,0,-1,0,0,0,,0,,0,,0,0,0,1
1723494574,772,4,4,8,8,8.83,0,0,0.11 | 0.11 | 0.12,0,1.97 | 3.16 | 4.03,0,0.99 | 1.27 | 2.03,0.955,0.000,0,1,0,0,0,0,-1,0,0,0,,0,,0,,0,0,0,1
1723494574,772,4,4,8,8,8.83,0,0,0.11 | 0.11 | 0.12,0,1.97 | 3.16 | 4.03,0,0.99 | 1.27 | 2.03,0.955,0.000,0,1,0,0,0,0,-1,0,0,0,,0,,0,,0,0,0,1
1723494574,772,4,4,8,8,8.83,0,0,0.11 | 0.11 | 0.12,0,1.97 | 3.16 | 4.03,0,0.99 | 1.27 | 2.03,0.955,0.000,0,1,0,0,0,0,-1,0,0,0,,0,,0,,0,0,0,1
1723494575,772,4,4,8,8,11.073,0,0,0.11 | 0.11 | 0.11,0,1.97 | 3.30 | 4.03,0,0.99 | 1.21 | 2.03,0.953,0.000,0,1,0,0,0,0,-1,0,0,0,,0,,0,,0,0,0,1
1723494575,772,4,4,8,8,11.073,0,0,0.11 | 0.11 | 0.11,0,1.97 | 3.30 | 4.03,0,0.99 | 1.21 | 2.03,0.953,0.000,0,1,0,0,0,0,-1,0,0,0,,0,,0,,0,0,0,1
1723494575,772,4,4,8,8,11.073,0,0,0.11 | 0.11 | 0.11,0,1.97 | 3.30 | 4.03,0,0.99 | 1.21 | 2.03,0.953,0.000,0,1,0,0,0,0,-1,0,0,0,,0,,0,,0,0,0,1
1723494575,772,4,4,8,8,11.073,0,0,0.11 | 0.11 | 0.11,0,1.97 | 3.30 | 4.03,0,0.99 | 1.21 | 2.03,0.953,0.000,0,1,0,0,0,0,-1,0,0,0,,0,,0,,0,0,0,1
1723494575,772,4,4,8,8,11.073,0,0,0.11 | 0.11 | 0.11,0,1.97 | 3.30 | 4.03,0,0.99 | 1.21 | 2.03,0.953,0.000,0,1,0,0,0,0,-1,0,0,0,,0,,0,,0,0,0,1
1723494575,772,4,4,8,8,11.073,0,0,0.11 | 0.11 | 0.11,0,1.97 | 3.30 | 4.03,0,0.99 | 1.21 | 2.03,0.953,0.000,0,1,0,0,0,0,-1,0,0,0,,0,,0,,0,0,0,1
1723494575,772,4,4,8,8,11.073,0,0,0.11 | 0.11 | 0.11,0,1.97 | 3.30 | 4.03,0,0.99 | 1.21 | 2.03,0.953,0.000,0,1,0,0,0,0,-1,0,0,0,,0,,0,,0,0,0,1
1723494575,772,4,4,8,8,11.073,0,0,0.11 | 0.11 | 0.11,0,1.97 | 3.30 | 4.03,0,0.99 | 1.21 | 2.03,0.953,0.000,0,1,0,0,0,0,-1,0,0,0,,0,,0,,0,0,0,1
1723494575,772,4,4,8,8,11.073,0,0,0.11 | 0.11 | 0.11,0,1.97 | 3.30 | 4.03,0,0.99 | 1.21 | 2.03,0.953,0.000,0,1,0,0,0,0,-1,0,0,0,,0,,0,,0,0,0,1
1723494575,772,4,4,8,8,11.073,0,0,0.11 | 0.11 | 0.11,0,1.97 | 3.30 | 4.03,0,0.99 | 1.21 | 2.03,0.953,0.000,0,1,0,0,0,0,-1,0,0,0,,0,,0,,0,0,0,1
1723494576,772,4,4,8,8,10.171,0,0,0.11 | 0.11 | 0.11,0,1.97 | 3.30 | 4.03,0,0.99 | 1.21 | 2.03,0.953,0.000,0,1,0,0,0,0,-1,0,0,0,,0,,0,,0,0,0,1
1723494576,772,4,4,8,8,10.171,0,0,0.11 | 0.11 | 0.11,0,1.97 | 3.30 | 4.03,0,0.99 | 1.21 | 2.03,0.953,0.000,0,1,0,0,0,0,-1,0,0,0,,0,,0,,0,0,0,1
1723494576,772,4,4,8,8,10.171,0,0,0.11 | 0.11 | 0.11,0,1.97 | 3.30 | 4.03,0,0.99 | 1.21 | 2.03,0.953,0.000,0,1,0,0,0,0,-1,0,0,0,,0,,0,,0,0,0,1
1723494576,772,4,4,8,8,10.171,0,0,0.11 | 0.11 | 0.11,0,1.97 | 3.30 | 4.03,0,0.99 | 1.21 | 2.03,0.953,0.000,0,1,0,0,0,0,-1,0,0,0,,0,,0,,0,0,0,1
1723494576,772,4,4,8,8,10.171,0,0,0.11 | 0.11 | 0.11,0,1.97 | 3.30 | 4.03,0,0.99 | 1.21 | 2.03,0.953,0.000,0,1,0,0,0,0,-1,0,0,0,,0,,0,,0,0,0,1
1723494576,772,4,4,8,8,10.171,0,0,0.11 | 0.11 | 0.11,0,1.97 | 3.30 | 4.03,0,0.99 | 1.21 | 2.03,0.953,0.000,0,1,0,0,0,0,-1,0,0,0,,0,,0,,0,0,0,1
1723494576,772,4,4,8,8,10.171,0,0,0.11 | 0.11 | 0.11,0,1.97 | 3.30 | 4.03,0,0.99 | 1.21 | 2.03,0.953,0.000,0,1,0,0,0,0,-1,0,0,0,,0,,0,,0,0,0,1
1723494576,772,4,4,8,8,10.171,0,0,0.11 | 0.11 | 0.11,0,1.97 | 3.30 | 4.03,0,0.99 | 1.21 | 2.03,0.953,0.000,0,1,0,0,0,0,-1,0,0,0,,0,,0,,0,0,0,1
1723494576,772,4,4,8,8,10.171,0,0,0.11 | 0.11 | 0.11,0,1.97 | 3.30 | 4.03,0,0.99 | 1.21 | 2.03,0.953,0.000,0,1,0,0,0,0,-1,0,0,0,,0,,0,,0,0,0,1
1723494576,772,4,4,8,8,10.171,0,0,0.11 | 0.11 | 0.11,0,1.97 | 3.30 | 4.03,0,0.99 | 1.21 | 2.03,0.953,0.000,0,1,0,0,0,0,-1,0,0,0,,0,,0,,0,0,0,1
1723494577,772,4,4,8,8,9.108,0,0,0.11 | 0.11 | 0.11,0,1.97 | 3.30 | 4.03,0,0.99 | 1.21 | 2.03,0.953,0.000,0,1,0,0,0,0,-1,0,0,0,,0,,0,,0,0,0,1
1723494577,772,4,4,8,8,9.108,0,0,0.11 | 0.11 | 0.11,0,1.97 | 3.30 | 4.03,0,0.99 | 1.21 | 2.03,0.953,0.000,0,1,0,0,0,0,-1,0,0,0,,0,,0,,0,0,0,1
1723494577,772,4,4,8,8,9.108,0,0,0.11 | 0.11 | 0.11,0,1.97 | 3.30 | 4.03,0,0.99 | 1.21 | 2.03,0.953,0.000,0,1,0,0,0,0,-1,0,0,0,,0,,0,,0,0,0,1
1723494577,772,4,4,8,8,9.108,0,0,0.11 | 0.11 | 0.11,0,1.97 | 3.30 | 4.03,0,0.99 | 1.21 | 2.03,0.953,0.000,0,1,0,0,0,0,-1,0,0,0,,0,,0,,0,0,0,1
1723494577,772,4,4,8,8,9.108,0,0,0.11 | 0.11 | 0.11,0,1.97 | 3.30 | 4.03,0,0.99 | 1.21 | 2.03,0.953,0.000,0,1,0,0,0,0,-1,0,0,0,,0,,0,,0,0,0,1
1723494577,772,4,4,8,8,9.108,0,0,0.11 | 0.11 | 0.11,0,1.97 | 3.30 | 4.03,0,0.99 | 1.21 | 2.03,0.953,0.000,0,1,0,0,0,0,-1,0,0,0,,0,,0,,0,0,0,1
1723494577,772,4,4,8,8,9.108,0,0,0.11 | 0.11 | 0.11,0,1.97 | 3.30 | 4.03,0,0.99 | 1.21 | 2.03,0.953,0.000,0,1,0,0,0,0,-1,0,0,0,,0,,0,,0,0,0,1
1723494577,772,4,4,8,8,9.108,0,0,0.11 | 0.11 | 0.11,0,1.97 | 3.30 | 4.03,0,0.99 | 1.21 | 2.03,0.953,0.000,0,1,0,0,0,0,-1,0,0,0,,0,,0,,0,0,0,1
1723494577,772,4,4,8,8,9.108,0,0,0.11 | 0.11 | 0.11,0,1.97 | 3.30 | 4.03,0,0.99 | 1.21 | 2.03,0.953,0.000,0,1,0,0,0,0,-1,0,0,0,,0,,0,,0,0,0,1
1723494577,772,4,4,8,8,9.108,0,0,0.11 | 0.11 | 0.11,0,1.97 | 3.30 | 4.03,0,0.99 | 1.21 | 2.03,0.953,0.000,0,1,0,0,0,0,-1,0,0,0,,0,,0,,0,0,0,1
1723494578,772,4,4,8,8,8.046,0,0,0.11 | 0.11 | 0.11,0,1.97 | 3.30 | 4.03,0,0.99 | 1.21 | 2.03,0.953,0.000,0,1,0,0,0,0,-1,0,0,0,,0,,0,,0,0,0,1
1723494578,772,4,4,8,8,8.046,0,0,0.11 | 0.11 | 0.11,0,1.97 | 3.30 | 4.03,0,0.99 | 1.21 | 2.03,0.953,0.000,0,1,0,0,0,0,-1,0,0,0,,0,,0,,0,0,0,1
1723494578,772,4,4,8,8,8.046,0,0,0.11 | 0.11 | 0.11,0,1.97 | 3.30 | 4.03,0,0.99 | 1.21 | 2.03,0.953,0.000,0,1,0,0,0,0,-1,0,0,0,,0,,0,,0,0,0,1
1723494578,772,4,4,8,8,8.046,0,0,0.11 | 0.11 | 0.11,0,1.97 | 3.30 | 4.03,0,0.99 | 1.21 | 2.03,0.953,0.000,0,1,0,0,0,0,-1,0,0,0,,0,,0,,0,0,0,1
1723494578,772,4,4,8,8,8.046,0,0,0.11 | 0.11 | 0.11,0,1.97 | 3.30 | 4.03,0,0.99 | 1.21 | 2.03,0.953,0.000,0,1,0,0,0,0,-1,0,0,0,,0,,0,,0,0,0,1
1723494578,772,4,4,8,8,8.046,0,0,0.11 | 0.11 | 0.11,0,1.97 | 3.30 | 4.03,0,0.99 | 1.21 | 2.03,0.953,0.000,0,1,0,0,0,0,-1,0,0,0,,0,,0,,0,0,0,1
1723494578,772,4,4,8,8,8.046,0,0,0.11 | 0.11 | 0.11,0,1.97 | 3.30 | 4.03,0,0.99 | 1.21 | 2.03,0.953,0.000,0,1,0,0,0,0,-1,0,0,0,,0,,0,,0,0,0,1
1723494578,772,4,4,8,8,8.046,0,0,0.11 | 0.11 | 0.11,0,1.97 | 3.30 | 4.03,0,0.99 | 1.21 | 2.03,0.953,0.000,0,1,0,0,0,0,-1,0,0,0,,0,,0,,0,0,0,1
1723494578,772,4,4,8,8,8.046,0,0,0.11 | 0.11 | 0.11,0,1.97 | 3.30 | 4.03,0,0.99 | 1.21 | 2.03,0.953,0.000,0,1,0,0,0,0,-1,0,0,0,,0,,0,,0,0,0,1
1723494578,772,4,4,8,8,8.046,0,0,0.11 | 0.11 | 0.11,0,1.97 | 3.30 | 4.03,0,0.99 | 1.21 | 2.03,0.953,0.000,0,1,0,0,0,0,-1,0,0,0,,0,,0,,0,0,0,1
1723494579,772,4,4,8,8,6.983,0,0,0.11 | 0.11 | 0.11,0,1.97 | 3.30 | 4.03,0,0.99 | 1.21 | 2.03,0.953,0.000,0,1,0,0,0,0,-1,0,0,0,,0,,0,,0,0,0,1
1723494579,772,4,4,8,8,6.983,0,0,0.11 | 0.11 | 0.11,0,1.97 | 3.30 | 4.03,0,0.99 | 1.21 | 2.03,0.953,0.000,0,1,0,0,0,0,-1,0,0,0,,0,,0,,0,0,0,1
1723494579,772,4,4,8,8,6.983,0,0,0.11 | 0.11 | 0.11,0,1.97 | 3.30 | 4.03,0,0.99 | 1.21 | 2.03,0.953,0.000,0,1,0,0,0,0,-1,0,0,0,,0,,0,,0,0,0,1
1723494579,772,4,4,8,8,6.983,0,0,0.11 | 0.11 | 0.11,0,1.97 | 3.30 | 4.03,0,0.99 | 1.21 | 2.03,0.953,0.000,0,1,0,0,0,0,-1,0,0,0,,0,,0,,0,0,0,1
1723494579,772,4,4,8,8,6.983,0,0,0.11 | 0.11 | 0.11,0,1.97 | 3.30 | 4.03,0,0.99 | 1.21 | 2.03,0.953,0.000,0,1,0,0,0,0,-1,0,0,0,,0,,0,,0,0,0,1
1723494579,772,4,4,8,8,6.983,0,0,0.11 | 0.11 | 0.11,0,1.97 | 3.30 | 4.03,0,0.99 | 1.21 | 2.03,0.953,0.000,0,1,0,0,0,0,-1,0,0,0,,0,,0,,0,0,0,1
1723494579,772,4,4,8,8,6.983,0,0,0.11 | 0.11 | 0.11,0,1.97 | 3.30 | 4.03,0,0.99 | 1.21 | 2.03,0.953,0.000,0,1,0,0,0,0,-1,0,0,0,,0,,0,,0,0,0,1
1723494579,772,4,4,8,8,6.983,0,0,0.11 | 0.11 | 0.11,0,1.97 | 3.30 | 4.03,0,0.99 | 1.21 | 2.03,0.953,0.000,0,1,0,0,0,0,-1,0,0,0,,0,,0,,0,0,0,1
1723494579,772,4,4,8,8,6.983,0,0,0.11 | 0.11 | 0.11,0,1.97 | 3.30 | 4.03,0,0.99 | 1.21 | 2.03,0.953,0.000,0,1,0,0,0,0,-1,0,0,0,,0,,0,,0,0,0,1
1723494579,772,4,4,8,8,6.983,0,0,0.11 | 0.11 | 0.11,0,1.97 | 3.30 | 4.03,0,0.99 | 1.21 | 2.03,0.953,0.000,0,1,0,0,0,0,-1,0,0,0,,0,,0,,0,0,0,1
1723494580,772,4,4,8,8,10.787,0,0,0.11 | 0.11 | 0.13,0,1.97 | 3.29 | 3.99,0,1.00 | 1.22 | 2.03,0.952,0.000,0,1,0,0,0,0,-1,0,0,0,,0,,0,,0,0,0,1
1723494580,772,4,4,8,8,10.787,0,0,0.11 | 0.11 | 0.13,0,1.97 | 3.29 | 3.99,0,1.00 | 1.22 | 2.03,0.952,0.000,0,1,0,0,0,0,-1,0,0,0,,0,,0,,0,0,0,1
1723494580,772,4,4,8,8,10.787,0,0,0.11 | 0.11 | 0.13,0,1.97 | 3.29 | 3.99,0,1.00 | 1.22 | 2.03,0.952,0.000,0,1,0,0,0,0,-1,0,0,0,,0,,0,,0,0,0,1
1723494580,772,4,4,8,8,10.787,0,0,0.11 | 0.11 | 0.13,0,1.97 | 3.29 | 3.99,0,1.00 | 1.22 | 2.03,0.952,0.000,0,1,0,0,0,0,-1,0,0,0,,0,,0,,0,0,0,1
1723494580,772,4,4,8,8,10.787,0,0,0.11 | 0.11 | 0.13,0,1.97 | 3.29 | 3.99,0,1.00 | 1.22 | 2.03,0.952,0.000,0,1,0,0,0,0,-1,0,0,0,,0,,0,,0,0,0,1
1723494580,772,4,4,8,8,10.787,0,0,0.11 | 0.11 | 0.13,0,1.97 | 3.29 | 3.99,0,1.00 | 1.22 | 2.03,0.952,0.000,0,1,0,0,0,0,-1,0,0,0,,0,,0,,0,0,0,1
1723494580,772,4,4,8,8,10.787,0,0,0.11 | 0.11 | 0.13,0,1.97 | 3.29 | 3.99,0,1.00 | 1.22 | 2.03,0.952,0.000,0,1,0,0,0,0,-1,0,0,0,,0,,0,,0,0,0,1
1723494580,772,4,4,8,8,10.787,0,0,0.11 | 0.11 | 0.13,0,1.97 | 3.29 | 3.99,0,1.00 | 1.22 | 2.03,0.952,0.000,0,1,0,0,0,0,-1,0,0,0,,0,,0,,0,0,0,1
1723494580,772,4,4,8,8,10.787,0,0,0.11 | 0.11 | 0.13,0,1.97 | 3.29 | 3.99,0,1.00 | 1.22 | 2.03,0.952,0.000,0,1,0,0,0,0,-1,0,0,0,,0,,0,,0,0,0,1
1723494580,772,4,4,8,8,10.787,0,0,0.11 | 0.11 | 0.13,0,1.97 | 3.29 | 3.99,0,1.00 | 1.22 | 2.03,0.952,0.000,0,1,0,0,0,0,-1,0,0,0,,0,,0,,0,0,0,1
1723494581,772,4,4,8,8,9.924,0,0,0.11 | 0.11 | 0.13,0,1.97 | 3.29 | 3.99,0,1.00 | 1.22 | 2.03,0.952,0.000,0,1,0,0,0,0,-1,0,0,0,,0,,0,,0,0,0,1
1723494581,772,4,4,8,8,9.924,0,0,0.11 | 0.11 | 0.13,0,1.97 | 3.29 | 3.99,0,1.00 | 1.22 | 2.03,0.952,0.000,0,1,0,0,0,0,-1,0,0,0,,0,,0,,0,0,0,1
1723494581,772,4,4,8,8,9.924,0,0,0.11 | 0.11 | 0.13,0,1.97 | 3.29 | 3.99,0,1.00 | 1.22 | 2.03,0.952,0.000,0,1,0,0,0,0,-1,0,0,0,,0,,0,,0,0,0,1
1723494581,772,4,4,8,8,9.924,0,0,0.11 | 0.11 | 0.13,0,1.97 | 3.29 | 3.99,0,1.00 | 1.22 | 2.03,0.952,0.000,0,1,0,0,0,0,-1,0,0,0,,0,,0,,0,0,0,1
1723494581,772,4,4,8,8,9.924,0,0,0.11 | 0.11 | 0.13,0,1.97 | 3.29 | 3.99,0,1.00 | 1.22 | 2.03,0.952,0.000,0,1,0,0,0,0,-1,0,0,0,,0,,0,,0,0,0,1
1723494581,772,4,4,8,8,9.924,0,0,0.11 | 0.11 | 0.13,0,1.97 | 3.29 | 3.99,0,1.00 | 1.22 | 2.03,0.952,0.000,0,1,0,0,0,0,-1,0,0,0,,0,,0,,0,0,0,1
1723494581,772,4,4,8,8,9.924,0,0,0.11 | 0.11 | 0.13,0,1.97 | 3.29 | 3.99,0,1.00 | 1.22 | 2.03,0.952,0.000,0,1,0,0,0,0,-1,0,0,0,,0,,0,,0,0,0,1
1723494581,772,4,4,8,8,9.924,0,0,0.11 | 0.11 | 0.13,0,1.97 | 3.29 | 3.99,0,1.00 | 1.22 | 2.03,0.952,0.000,0,1,0,0,0,0,-1,0,0,0,,0,,0,,0,0,0,1
1723494581,772,4,4,8,8,9.924,0,0,0.11 | 0.11 | 0.13,0,1.97 | 3.29 | 3.99,0,1.00 | 1.22 | 2.03,0.952,0.000,0,1,0,0,0,0,-1,0,0,0,,0,,0,,0,0,0,1
1723494581,772,4,4,8,8,9.924,0,0,0.11 | 0.11 | 0.13,0,1.97 | 3.29 | 3.99,0,1.00 | 1.22 | 2.03,0.952,0.000,0,1,0,0,0,0,-1,0,0,0,,0,,0,,0,0,0,1
1723494582,772,4,4,8,8,12.061,0,0,0.11 | 0.11 | 0.13,0,2.75 | 3.49 | 3.99,0,1.00 | 1.15 | 1.46,0.952,0.000,0,1,0,0,0,0,-1,0,0,0,,0,,0,,0,0,0,1
1723494582,772,4,4,8,8,12.061,0,0,0.11 | 0.11 | 0.13,0,2.75 | 3.49 | 3.99,0,1.00 | 1.15 | 1.46,0.952,0.000,0,1,0,0,0,0,-1,0,0,0,,0,,0,,0,0,0,1
1723494582,772,4,4,8,8,12.061,0,0,0.11 | 0.11 | 0.13,0,2.75 | 3.49 | 3.99,0,1.00 | 1.15 | 1.46,0.952,0.000,0,1,0,0,0,0,-1,0,0,0,,0,,0,,0,0,0,1
1723494582,772,4,4,8,8,12.061,0,0,0.11 | 0.11 | 0.13,0,2.75 | 3.49 | 3.99,0,1.00 | 1.15 | 1.46,0.952,0.000,0,1,0,0,0,0,-1,0,0,0,,0,,0,,0,0,0,1
1723494582,772,4,4,8,8,12.061,0,0,0.11 | 0.11 | 0.13,0,2.75 | 3.49 | 3.99,0,1.00 | 1.15 | 1.46,0.952,0.000,0,1,0,0,0,0,-1,0,0,0,,0,,0,,0,0,0,1
1723494582,772,4,4,8,8,12.061,0,0,0.11 | 0.11 | 0.13,0,2.75 | 3.49 | 3.99,0,1.00 | 1.15 | 1.46,0.952,0.000,0,1,0,0,0,0,-1,0,0,0,,0,,0,,0,0,0,1
1723494582,772,4,4,8,8,12.061,0,0,0.11 | 0.11 | 0.13,0,2.75 | 3.49 | 3.99,0,1.00 | 1.15 | 1.46,0.952,0.000,0,1,0,0,0,0,-1,0,0,0,,0,,0,,0,0,0,1
1723494582,772,4,4,8,8,12.061,0,0,0.11 | 0.11 | 0.13,0,2.75 | 3.49 | 3.99,0,1.00 | 1.15 | 1.46,0.952,0.000,0,1,0,0,0,0,-1,0,0,0,,0,,0,,0,0,0,1
1723494582,772,4,4,8,8,12.061,0,0,0.11 | 0.11 | 0.13,0,2.75 | 3.49 | 3.99,0,1.00 | 1.15 | 1.46,0.952,0.000,0,1,0,0,0,0,-1,0,0,0,,0,,0,,0,0,0,1
1723494582,772,4,4,8,8,12.061,0,0,0.11 | 0.11 | 0.13,0,2.75 | 3.49 | 3.99,0,1.00 | 1.15 | 1.46,0.952,0.000,0,1,0,0,0,0,-1,0,0,0,,0,,0,,0,0,0,1
1723494583,772,4,4,8,8,10.999,0,0,0.11 | 0.11 | 0.13,0,2.75 | 3.49 | 3.99,0,1.00 | 1.15 | 1.46,0.952,0.000,0,1,0,0,0,0,-1,0,0,0,,0,,0,,0,0,0,1
1723494583,772,4,4,8,8,10.999,0,0,0.11 | 0.11 | 0.13,0,2.75 | 3.49 | 3.99,0,1.00 | 1.15 | 1.46,0.952,0.000,0,1,0,0,0,0,-1,0,0,0,,0,,0,,0,0,0,1
1723494583,772,4,4,8,8,10.999,0,0,0.11 | 0.11 | 0.13,0,2.75 | 3.49 | 3.99,0,1.00 | 1.15 | 1.46,0.952,0.000,0,1,0,0,0,0,-1,0,0,0,,0,,0,,0,0,0,1
1723494583,772,4,4,8,8,10.999,0,0,0.11 | 0.11 | 0.13,0,2.75 | 3.49 | 3.99,0,1.00 | 1.15 | 1.46,0.952,0.000,0,1,0,0,0,0,-1,0,0,0,,0,,0,,0,0,0,1
1723494583,772,4,4,8,8,10.999,0,0,0.11 | 0.11 | 0.13,0,2.75 | 3.49 | 3.99,0,1.00 | 1.15 | 1.46,0.952,0.000,0,1,0,0,0,0,-1,0,0,0,,0,,0,,0,0,0,1
1723494583,772,4,4,8,8,10.999,0,0,0.11 | 0.11 | 0.13,0,2.75 | 3.49 | 3.99,0,1.00 | 1.15 | 1.46,0.952,0.000,0,1,0,0,0,0,-1,0,0,0,,0,,0,,0,0,0,1
1723494583,772,4,4,8,8,10.999,0,0,0.11 | 0.11 | 0.13,0,2.75 | 3.49 | 3.99,0,1.00 | 1.15 | 1.46,0.952,0.000,0,1,0,0,0,0,-1,0,0,0,,0,,0,,0,0,0,1
1723494583,772,4,4,8,8,10.999,0,0,0.11 | 0.11 | 0.13,0,2.75 | 3.49 | 3.99,0,1.00 | 1.15 | 1.46,0.952,0.000,0,1,0,0,0,0,-1,0,0,0,,0,,0,,0,0,0,1
1723494583,772,4,4,8,8,10.999,0,0,0.11 | 0.11 | 0.13,0,2.75 | 3.49 | 3.99,0,1.00 | 1.15 | 1.46,0.952,0.000,0,1,0,0,0,0,-1,0,0,0,,0,,0,,0,0,0,1
1723494583,772,4,4,8,8,10.999,0,0,0.11 | 0.11 | 0.13,0,2.75 | 3.49 | 3.99,0,1.00 | 1.15 | 1.46,0.952,0.000,0,1,0,0,0,0,-1,0,0,0,,0,,0,,0,0,0,1
1723494584,772,4,4,8,8,10.202,0,0,0.11 | 0.11 | 0.13,0,2.75 | 3.49 | 3.99,0,1.00 | 1.15 | 1.46,0.952,0.000,0,1,0,0,0,0,-1,0,0,0,,0,,0,,0,0,0,1
1723494584,772,4,4,8,8,10.202,0,0,0.11 | 0.11 | 0.13,0,2.75 | 3.49 | 3.99,0,1.00 | 1.15 | 1.46,0.952,0.000,0,1,0,0,0,0,-1,0,0,0,,0,,0,,0,0,0,1
1723494584,772,4,4,8,8,10.202,0,0,0.11 | 0.11 | 0.13,0,2.75 | 3.49 | 3.99,0,1.00 | 1.15 | 1.46,0.952,0.000,0,1,0,0,0,0,-1,0,0,0,,0,,0,,0,0,0,1
1723494584,772,4,4,8,8,10.202,0,0,0.11 | 0.11 | 0.13,0,2.75 | 3.49 | 3.99,0,1.00 | 1.15 | 1.46,0.952,0.000,0,1,0,0,0,0,-1,0,0,0,,0,,0,,0,0,0,1
1723494584,772,4,4,8,8,10.202,0,0,0.11 | 0.11 | 0.13,0,2.75 | 3.49 | 3.99,0,1.00 | 1.15 | 1.46,0.952,0.000,0,1,0,0,0,0,-1,0,0,0,,0,,0,,0,0,0,1
1723494584,772,4,4,8,8,10.202,0,0,0.11 | 0.11 | 0.13,0,2.75 | 3.49 | 3.99,0,1.00 | 1.15 | 1.46,0.952,0.000,0,1,0,0,0,0,-1,0,0,0,,0,,0,,0,0,0,1
1723494584,772,4,4,8,8,10.202,0,0,0.11 | 0.11 | 0.13,0,2.75 | 3.49 | 3.99,0,1.00 | 1.15 | 1.46,0.952,0.000,0,1,0,0,0,0,-1,0,0,0,,0,,0,,0,0,0,1
1723494584,772,4,4,8,8,10.202,0,0,0.11 | 0.11 | 0.13,0,2.75 | 3.49 | 3.99,0,1.00 | 1.15 | 1.46,0.952,0.000,0,1,0,0,0,0,-1,0,0,0,,0,,0,,0,0,0,1
1723494584,772,4,4,8,8,10.202,0,0,0.11 | 0.11 | 0.13,0,2.75 | 3.49 | 3.99,0,1.00 | 1.15 | 1.46,0.952,0.000,0,1,0,0,0,0,-1,0,0,0,,0,,0,,0,0,0,1
1723494584,772,4,4,8,8,10.202,0,0,0.11 | 0.11 | 0.13,0,2.75 | 3.49 | 3.99,0,1.00 | 1.15 | 1.46,0.952,0.000,0,1,0,0,0,0,-1,0,0,0,,0,,0,,0,0,0,1
1723494585,772,4,4,8,8,9.14,0,0,0.11 | 0.11 | 0.13,0,2.75 | 3.49 | 3.99,0,1.00 | 1.15 | 1.46,0.952,0.000,0,1,0,0,0,0,-1,0,0,0,,0,,0,,0,0,0,1
1723494585,772,4,4,8,8,9.14,0,0,0.11 | 0.11 | 0.13,0,2.75 | 3.49 | 3.99,0,1.00 | 1.15 | 1.46,0.952,0.000,0,1,0,0,0,0,-1,0,0,0,,0,,0,,0,0,0,1
1723494585,772,4,4,8,8,9.14,0,0,0.11 | 0.11 | 0.13,0,2.75 | 3.49 | 3.99,0,1.00 | 1.15 | 1.46,0.952,0.000,0,1,0,0,0,0,-1,0,0,0,,0,,0,,0,0,0,1
1723494585,772,4,4,8,8,9.14,0,0,0.11 | 0.11 | 0.13,0,2.75 | 3.49 | 3.99,0,1.00 | 1.15 | 1.46,0.952,0.000,0,1,0,0,0,0,-1,0,0,0,,0,,0,,0,0,0,1
1723494585,772,4,4,8,8,9.14,0,0,0.11 | 0.11 | 0.13,0,2.75 | 3.49 | 3.99,0,1.00 | 1.15 | 1.46,0.952,0.000,0,1,0,0,0,0,-1,0,0,0,,0,,0,,0,0,0,1
1723494585,772,4,4,8,8,9.14,0,0,0.11 | 0.11 | 0.13,0,2.75 | 3.49 | 3.99,0,1.00 | 1.15 | 1.46,0.952,0.000,0,1,0,0,0,0,-1,0,0,0,,0,,0,,0,0,0,1
1723494585,772,4,4,8,8,9.14,0,0,0.11 | 0.11 | 0.13,0,2.75 | 3.49 | 3.99,0,1.00 | 1.15 | 1.46,0.952,0.000,0,1,0,0,0,0,-1,0,0,0,,0,,0,,0,0,0,1
1723494585,772,4,4,8,8,9.14,0,0,0.11 | 0.11 | 0.13,0,2.75 | 3.49 | 3.99,0,1.00 | 1.15 | 1.46,0.952,0.000,0,1,0,0,0,0,-1,0,0,0,,0,,0,,0,0,0,1
1723494585,772,4,4,8,8,9.14,0,0,0.11 | 0.11 | 0.13,0,2.75 | 3.49 | 3.99,0,1.00 | 1.15 | 1.46,0.952,0.000,0,1,0,0,0,0,-1,0,0,0,,0,,0,,0,0,0,1
1723494585,772,4,4,8,8,9.14,0,0,0.11 | 0.11 | 0.13,0,2.75 | 3.49 | 3.99,0,1.00 | 1.15 | 1.46,0.952,0.000,0,1,0,0,0,0,-1,0,0,0,,0,,0,,0,0,0,1
1723494586,772,4,4,8,8,8.077,0,0,0.11 | 0.11 | 0.13,0,2.75 | 3.49 | 3.99,0,1.00 | 1.15 | 1.46,0.952,0.000,0,1,0,0,0,0,-1,0,0,0,,0,,0,,0,0,0,1
1723494586,772,4,4,8,8,8.077,0,0,0.11 | 0.11 | 0.13,0,2.75 | 3.49 | 3.99,0,1.00 | 1.15 | 1.46,0.952,0.000,0,1,0,0,0,0,-1,0,0,0,,0,,0,,0,0,0,1
1723494586,772,4,4,8,8,8.077,0,0,0.11 | 0.11 | 0.13,0,2.75 | 3.49 | 3.99,0,1.00 | 1.15 | 1.46,0.952,0.000,0,1,0,0,0,0,-1,0,0,0,,0,,0,,0,0,0,1
1723494586,772,4,4,8,8,8.077,0,0,0.11 | 0.11 | 0.13,0,2.75 | 3.49 | 3.99,0,1.00 | 1.15 | 1.46,0.952,0.000,0,1,0,0,0,0,-1,0,0,0,,0,,0,,0,0,0,1
1723494586,772,4,4,8,8,8.077,0,0,0.11 | 0.11 | 0.13,0,2.75 | 3.49 | 3.99,0,1.00 | 1.15 | 1.46,0.952,0.000,0,1,0,0,0,0,-1,0,0,0,,0,,0,,0,0,0,1
1723494586,772,4,4,8,8,8.077,0,0,0.11 | 0.11 | 0.13,0,2.75 | 3.49 | 3.99,0,1.00 | 1.15 | 1.46,0.952,0.000,0,1,0,0,0,0,-1,0,0,0,,0,,0,,0,0,0,1
1723494586,772,4,4,8,8,8.077,0,0,0.11 | 0.11 | 0.13,0,2.75 | 3.49 | 3.99,0,1.00 | 1.15 | 1.46,0.952,0.000,0,1,0,0,0,0,-1,0,0,0,,0,,0,,0,0,0,1
1723494586,772,4,4,8,8,8.077,0,0,0.11 | 0.11 | 0.13,0,2.75 | 3.49 | 3.99,0,1.00 | 1.15 | 1.46,0.952,0.000,0,1,0,0,0,0,-1,0,0,0,,0,,0,,0,0,0,1
1723494586,772,4,4,8,8,8.077,0,0,0.11 | 0.11 | 0.13,0,2.75 | 3.49 | 3.99,0,1.00 | 1.15 | 1.46,0.952,0.000,0,1,0,0,0,0,-1,0,0,0,,0,,0,,0,0,0,1
1723494586,772,4,4,8,8,8.077,0,0,0.11 | 0.11 | 0.13,0,2.75 | 3.49 | 3.99,0,1.00 | 1.15 | 1.46,0.952,0.000,0,1,0,0,0,0,-1,0,0,0,,0,,0,,0,0,0,1
1723494587,772,4,4,8,8,11.815,0,0,0.11 | 0.11 | 0.13,0,2.75 | 3.50 | 4.00,0,1.00 | 1.14 | 1.46,0.952,0.000,0,1,0,0,0,0,-1,0,0,0,,0,,0,,0,0,0,1
1723494587,772,4,4,8,8,11.815,0,0,0.11 | 0.11 | 0.13,0,2.75 | 3.50 | 4.00,0,1.00 | 1.14 | 1.46,0.952,0.000,0,1,0,0,0,0,-1,0,0,0,,0,,0,,0,0,0,1
1723494587,772,4,4,8,8,11.815,0,0,0.11 | 0.11 | 0.13,0,2.75 | 3.50 | 4.00,0,1.00 | 1.14 | 1.46,0.952,0.000,0,1,0,0,0,0,-1,0,0,0,,0,,0,,0,0,0,1
1723494587,772,4,4,8,8,11.815,0,0,0.11 | 0.11 | 0.13,0,2.75 | 3.50 | 4.00,0,1.00 | 1.14 | 1.46,0.952,0.000,0,1,0,0,0,0,-1,0,0,0,,0,,0,,0,0,0,1
1723494587,772,4,4,8,8,11.815,0,0,0.11 | 0.11 | 0.13,0,2.75 | 3.50 | 4.00,0,1.00 | 1.14 | 1.46,0.952,0.000,0,1,0,0,0,0,-1,0,0,0,,0,,0,,0,0,0,1
1723494587,772,4,4,8,8,11.815,0,0,0.11 | 0.11 | 0.13,0,2.75 | 3.50 | 4.00,0,1.00 | 1.14 | 1.46,0.952,0.000,0,1,0,0,0,0,-1,0,0,0,,0,,0,,0,0,0,1
1723494587,772,4,4,8,8,11.815,0,0,0.11 | 0.11 | 0.13,0,2.75 | 3.50 | 4.00,0,1.00 | 1.14 | 1.46,0.952,0.000,0,1,0,0,0,0,-1,0,0,0,,0,,0,,0,0,0,1
1723494587,772,4,4,8,8,11.815,0,0,0.11 | 0.11 | 0.13,0,2.75 | 3.50 | 4.00,0,1.00 | 1.14 | 1.46,0.952,0.000,0,1,0,0,0,0,-1,0,0,0,,0,,0,,0,0,0,1
1723494587,772,4,4,8,8,11.815,0,0,0.11 | 0.11 | 0.13,0,2.75 | 3.50 | 4.00,0,1.00 | 1.14 | 1.46,0.952,0.000,0,1,0,0,0,0,-1,0,0,0,,0,,0,,0,0,0,1
1723494587,772,4,4,8,8,11.815,0,0,0.11 | 0.11 | 0.13,0,2.75 | 3.50 | 4.00,0,1.00 | 1.14 | 1.46,0.952,0.000,0,1,0,0,0,0,-1,0,0,0,,0,,0,,0,0,0,1
1723494588,772,4,4,8,8,11.018,0,0,0.11 | 0.11 | 0.13,0,2.75 | 3.50 | 4.00,0,1.00 | 1.14 | 1.46,0.952,0.000,0,1,0,0,0,0,-1,0,0,0,,0,,0,,0,0,0,1
1723494588,772,4,4,8,8,11.018,0,0,0.11 | 0.11 | 0.13,0,2.75 | 3.50 | 4.00,0,1.00 | 1.14 | 1.46,0.952,0.000,0,1,0,0,0,0,-1,0,0,0,,0,,0,,0,0,0,1
1723494588,772,4,4,8,8,11.018,0,0,0.11 | 0.11 | 0.13,0,2.75 | 3.50 | 4.00,0,1.00 | 1.14 | 1.46,0.952,0.000,0,1,0,0,0,0,-1,0,0,0,,0,,0,,0,0,0,1
1723494588,772,4,4,8,8,11.018,0,0,0.11 | 0.11 | 0.13,0,2.75 | 3.50 | 4.00,0,1.00 | 1.14 | 1.46,0.952,0.000,0,1,0,0,0,0,-1,0,0,0,,0,,0,,0,0,0,1
1723494588,772,4,4,8,8,11.018,0,0,0.11 | 0.11 | 0.13,0,2.75 | 3.50 | 4.00,0,1.00 | 1.14 | 1.46,0.952,0.000,0,1,0,0,0,0,-1,0,0,0,,0,,0,,0,0,0,1
1723494588,772,4,4,8,8,11.018,0,0,0.11 | 0.11 | 0.13,0,2.75 | 3.50 | 4.00,0,1.00 | 1.14 | 1.46,0.952,0.000,0,1,0,0,0,0,-1,0,0,0,,0,,0,,0,0,0,1
1723494588,772,4,4,8,8,11.018,0,0,0.11 | 0.11 | 0.13,0,2.75 | 3.50 | 4.00,0,1.00 | 1.14 | 1.46,0.952,0.000,0,1,0,0,0,0,-1,0,0,0,,0,,0,,0,0,0,1
1723494588,772,4,4,8,8,11.018,0,0,0.11 | 0.11 | 0.13,0,2.75 | 3.50 | 4.00,0,1.00 | 1.14 | 1.46,0.952,0.000,0,1,0,0,0,0,-1,0,0,0,,0,,0,,0,0,0,1
1723494588,772,4,4,8,8,11.018,0,0,0.11 | 0.11 | 0.13,0,2.75 | 3.50 | 4.00,0,1.00 | 1.14 | 1.46,0.952,0.000,0,1,0,0,0,0,-1,0,0,0,,0,,0,,0,0,0,1
1723494588,772,4,4,8,8,11.018,0,0,0.11 | 0.11 | 0.13,0,2.75 | 3.50 | 4.00,0,1.00 | 1.14 | 1.46,0.952,0.000,0,1,0,0,0,0,-1,0,0,0,,0,,0,,0,0,0,1
1723494589,772,4,4,8,8,9.955,0,0,0.11 | 0.11 | 0.13,0,2.75 | 3.50 | 4.00,0,1.00 | 1.14 | 1.46,0.952,0.000,0,1,0,0,0,0,-1,0,0,0,,0,,0,,0,0,0,1
1723494589,772,4,4,8,8,9.955,0,0,0.11 | 0.11 | 0.13,0,2.75 | 3.50 | 4.00,0,1.00 | 1.14 | 1.46,0.952,0.000,0,1,0,0,0,0,-1,0,0,0,,0,,0,,0,0,0,1
1723494589,772,4,4,8,8,9.955,0,0,0.11 | 0.11 | 0.13,0,2.75 | 3.50 | 4.00,0,1.00 | 1.14 | 1.46,0.952,0.000,0,1,0,0,0,0,-1,0,0,0,,0,,0,,0,0,0,1
1723494589,772,4,4,8,8,9.955,0,0,0.11 | 0.11 | 0.13,0,2.75 | 3.50 | 4.00,0,1.00 | 1.14 | 1.46,0.952,0.000,0,1,0,0,0,0,-1,0,0,0,,0,,0,,0,0,0,1
1723494589,772,4,4,8,8,9.955,0,0,0.11 | 0.11 | 0.13,0,2.75 | 3.50 | 4.00,0,1.00 | 1.14 | 1.46,0.952,0.000,0,1,0,0,0,0,-1,0,0,0,,0,,0,,0,0,0,1
1723494589,772,4,4,8,8,9.955,0,0,0.11 | 0.11 | 0.13,0,2.75 | 3.50 | 4.00,0,1.00 | 1.14 | 1.46,0.952,0.000,0,1,0,0,0,0,-1,0,0,0,,0,,0,,0,0,0,1
1723494589,772,4,4,8,8,9.955,0,0,0.11 | 0.11 | 0.13,0,2.75 | 3.50 | 4.00,0,1.00 | 1.14 | 1.46,0.952,0.000,0,1,0,0,0,0,-1,0,0,0,,0,,0,,0,0,0,1
1723494589,772,4,4,8,8,9.955,0,0,0.11 | 0.11 | 0.13,0,2.75 | 3.50 | 4.00,0,1.00 | 1.14 | 1.46,0.952,0.000,0,1,0,0,0,0,-1,0,0,0,,0,,0,,0,0,0,1
1723494589,772,4,4,8,8,9.955,0,0,0.11 | 0.11 | 0.13,0,2.75 | 3.50 | 4.00,0,1.00 | 1.14 | 1.46,0.952,0.000,0,1,0,0,0,0,-1,0,0,0,,0,,0,,0,0,0,1
1723494589,772,4,4,8,8,9.955,0,0,0.11 | 0.11 | 0.13,0,2.75 | 3.50 | 4.00,0,1.00 | 1.14 | 1.46,0.952,0.000,0,1,0,0,0,0,-1,0,0,0,,0,,0,,0,0,0,1
1723494590,772,4,4,8,8,11.983,0,0,0.11 | 0.11 | 0.13,0,2.75 | 3.38 | 4.00,0,1.00 | 1.18 | 1.46,0.953,0.000,0,1,0,0,0,0,-1,0,0,0,,0,,0,,0,0,0,1
1723494590,772,4,4,8,8,11.983,0,0,0.11 | 0.11 | 0.13,0,2.75 | 3.38 | 4.00,0,1.00 | 1.18 | 1.46,0.953,0.000,0,1,0,0,0,0,-1,0,0,0,,0,,0,,0,0,0,1
1723494590,772,4,4,8,8,11.983,0,0,0.11 | 0.11 | 0.13,0,2.75 | 3.38 | 4.00,0,1.00 | 1.18 | 1.46,0.953,0.000,0,1,0,0,0,0,-1,0,0,0,,0,,0,,0,0,0,1
1723494590,772,4,4,8,8,11.983,0,0,0.11 | 0.11 | 0.13,0,2.75 | 3.38 | 4.00,0,1.00 | 1.18 | 1.46,0.953,0.000,0,1,0,0,0,0,-1,0,0,0,,0,,0,,0,0,0,1
1723494590,772,4,4,8,8,11.983,0,0,0.11 | 0.11 | 0.13,0,2.75 | 3.38 | 4.00,0,1.00 | 1.18 | 1.46,0.953,0.000,0,1,0,0,0,0,-1,0,0,0,,0,,0,,0,0,0,1
1723494590,772,4,4,8,8,11.983,0,0,0.11 | 0.11 | 0.13,0,2.75 | 3.38 | 4.00,0,1.00 | 1.18 | 1.46,0.953,0.000,0,1,0,0,0,0,-1,0,0,0,,0,,0,,0,0,0,1
1723494590,772,4,4,8,8,11.983,0,0,0.11 | 0.11 | 0.13,0,2.75 | 3.38 | 4.00,0,1.00 | 1.18 | 1.46,0.953,0.000,0,1,0,0,0,0,-1,0,0,0,,0,,0,,0,0,0,1
1723494590,772,4,4,8,8,11.983,0,0,0.11 | 0.11 | 0.13,0,2.75 | 3.38 | 4.00,0,1.00 | 1.18 | 1.46,0.953,0.000,0,1,0,0,0,0,-1,0,0,0,,0,,0,,0,0,0,1
1723494590,772,4,4,8,8,11.983,0,0,0.11 | 0.11 | 0.13,0,2.75 | 3.38 | 4.00,0,1.00 | 1.18 | 1.46,0.953,0.000,0,1,0,0,0,0,-1,0,0,0,,0,,0,,0,0,0,1
1723494590,772,4,4,8,8,11.983,0,0,0.11 | 0.11 | 0.13,0,2.75 | 3.38 | 4.00,0,1.00 | 1.18 | 1.46,0.953,0.000,0,1,0,0,0,0,-1,0,0,0,,0,,0,,0,0,0,1
1723494591,772,4,4,8,8,11.03,0,0,0.11 | 0.11 | 0.13,0,2.75 | 3.38 | 4.00,0,1.00 | 1.18 | 1.46,0.953,0.000,0,1,0,0,0,0,-1,0,0,0,,0,,0,,0,0,0,1
1723494591,772,4,4,8,8,11.03,0,0,0.11 | 0.11 | 0.13,0,2.75 | 3.38 | 4.00,0,1.00 | 1.18 | 1.46,0.953,0.000,0,1,0,0,0,0,-1,0,0,0,,0,,0,,0,0,0,1
1723494591,772,4,4,8,8,11.03,0,0,0.11 | 0.11 | 0.13,0,2.75 | 3.38 | 4.00,0,1.00 | 1.18 | 1.46,0.953,0.000,0,1,0,0,0,0,-1,0,0,0,,0,,0,,0,0,0,1
1723494591,772,4,4,8,8,11.03,0,0,0.11 | 0.11 | 0.13,0,2.75 | 3.38 | 4.00,0,1.00 | 1.18 | 1.46,0.953,0.000,0,1,0,0,0,0,-1,0,0,0,,0,,0,,0,0,0,1
1723494591,772,4,4,8,8,11.03,0,0,0.11 | 0.11 | 0.13,0,2.75 | 3.38 | 4.00,0,1.00 | 1.18 | 1.46,0.953,0.000,0,1,0,0,0,0,-1,0,0,0,,0,,0,,0,0,0,1
1723494591,772,4,4,8,8,11.03,0,0,0.11 | 0.11 | 0.13,0,2.75 | 3.38 | 4.00,0,1.00 | 1.18 | 1.46,0.953,0.000,0,1,0,0,0,0,-1,0,0,0,,0,,0,,0,0,0,1
1723494591,772,4,4,8,8,11.03,0,0,0.11 | 0.11 | 0.13,0,2.75 | 3.38 | 4.00,0,1.00 | 1.18 | 1.46,0.953,0.000,0,1,0,0,0,0,-1,0,0,0,,0,,0,,0,0,0,1
1723494591,772,4,4,8,8,11.03,0,0,0.11 | 0.11 | 0.13,0,2.75 | 3.38 | 4.00,0,1.00 | 1.18 | 1.46,0.953,0.000,0,1,0,0,0,0,-1,0,0,0,,0,,0,,0,0,0,1
1723494591,772,4,4,8,8,11.03,0,0,0.11 | 0.11 | 0.13,0,2.75 | 3.38 | 4.00,0,1.00 | 1.18 | 1.46,0.953,0.000,0,1,0,0,0,0,-1,0,0,0,,0,,0,,0,0,0,1
1723494591,772,4,4,8,8,11.03,0,0,0.11 | 0.11 | 0.13,0,2.75 | 3.38 | 4.00,0,1.00 | 1.18 | 1.46,0.953,0.000,0,1,0,0,0,0,-1,0,0,0,,0,,0,,0,0,0,1
1723494592,772,4,4,8,8,10.233,0,0,0.11 | 0.11 | 0.13,0,2.75 | 3.38 | 4.00,0,1.00 | 1.18 | 1.46,0.953,0.000,0,1,0,0,0,0,-1,0,0,0,,0,,0,,0,0,0,1
1723494592,772,4,4,8,8,10.233,0,0,0.11 | 0.11 | 0.13,0,2.75 | 3.38 | 4.00,0,1.00 | 1.18 | 1.46,0.953,0.000,0,1,0,0,0,0,-1,0,0,0,,0,,0,,0,0,0,1
1723494592,772,4,4,8,8,10.233,0,0,0.11 | 0.11 | 0.13,0,2.75 | 3.38 | 4.00,0,1.00 | 1.18 | 1.46,0.953,0.000,0,1,0,0,0,0,-1,0,0,0,,0,,0,,0,0,0,1
1723494592,772,4,4,8,8,10.233,0,0,0.11 | 0.11 | 0.13,0,2.75 | 3.38 | 4.00,0,1.00 | 1.18 | 1.46,0.953,0.000,0,1,0,0,0,0,-1,0,0,0,,0,,0,,0,0,0,1
1723494592,772,4,4,8,8,10.233,0,0,0.11 | 0.11 | 0.13,0,2.75 | 3.38 | 4.00,0,1.00 | 1.18 | 1.46,0.953,0.000,0,1,0,0,0,0,-1,0,0,0,,0,,0,,0,0,0,1
1723494592,772,4,4,8,8,10.233,0,0,0.11 | 0.11 | 0.13,0,2.75 | 3.38 | 4.00,0,1.00 | 1.18 | 1.46,0.953,0.000,0,1,0,0,0,0,-1,0,0,0,,0,,0,,0,0,0,1
1723494592,772,4,4,8,8,10.233,0,0,0.11 | 0.11 | 0.13,0,2.75 | 3.38 | 4.00,0,1.00 | 1.18 | 1.46,0.953,0.000,0,1,0,0,0,0,-1,0,0,0,,0,,0,,0,0,0,1
1723494592,772,4,4,8,8,10.233,0,0,0.11 | 0.11 | 0.13,0,2.75 | 3.38 | 4.00,0,1.00 | 1.18 | 1.46,0.953,0.000,0,1,0,0,0,0,-1,0,0,0,,0,,0,,0,0,0,1
1723494592,772,4,4,8,8,10.233,0,0,0.11 | 0.11 | 0.13,0,2.75 | 3.38 | 4.00,0,1.00 | 1.18 | 1.46,0.953,0.000,0,1,0,0,0,0,-1,0,0,0,,0,,0,,0,0,0,1
1723494592,772,4,4,8,8,10.233,0,0,0.11 | 0.11 | 0.13,0,2.75 | 3.38 | 4.00,0,1.00 | 1.18 | 1.46,0.953,0.000,0,1,0,0,0,0,-1,0,0,0,,0,,0,,0,0,0,1
1723494593,772,4,4,8,8,9.171,0,0,0.11 | 0.11 | 0.13,0,2.75 | 3.38 | 4.00,0,1.00 | 1.18 | 1.46,0.953,0.000,0,1,0,0,0,0,-1,0,0,0,,0,,0,,0,0,0,1
1723494593,772,4,4,8,8,9.171,0,0,0.11 | 0.11 | 0.13,0,2.75 | 3.38 | 4.00,0,1.00 | 1.18 | 1.46,0.953,0.000,0,1,0,0,0,0,-1,0,0,0,,0,,0,,0,0,0,1
1723494593,772,4,4,8,8,9.171,0,0,0.11 | 0.11 | 0.13,0,2.75 | 3.38 | 4.00,0,1.00 | 1.18 | 1.46,0.953,0.000,0,1,0,0,0,0,-1,0,0,0,,0,,0,,0,0,0,1
1723494593,772,4,4,8,8,9.171,0,0,0.11 | 0.11 | 0.13,0,2.75 | 3.38 | 4.00,0,1.00 | 1.18 | 1.46,0.953,0.000,0,1,0,0,0,0,-1,0,0,0,,0,,0,,0,0,0,1
1723494593,772,4,4,8,8,9.171,0,0,0.11 | 0.11 | 0.13,0,2.75 | 3.38 | 4.00,0,1.00 | 1.18 | 1.46,0.953,0.000,0,1,0,0,0,0,-1,0,0,0,,0,,0,,0,0,0,1
1723494593,772,4,4,8,8,9.171,0,0,0.11 | 0.11 | 0.13,0,2.75 | 3.38 | 4.00,0,1.00 | 1.18 | 1.46,0.953,0.000,0,1,0,0,0,0,-1,0,0,0,,0,,0,,0,0,0,1
1723494593,772,4,4,8,8,9.171,0,0,0.11 | 0.11 | 0.13,0,2.75 | 3.38 | 4.00,0,1.00 | 1.18 | 1.46,0.953,0.000,0,1,0,0,0,0,-1,0,0,0,,0,,0,,0,0,0,1
1723494593,772,4,4,8,8,9.171,0,0,0.11 | 0.11 | 0.13,0,2.75 | 3.38 | 4.00,0,1.00 | 1.18 | 1.46,0.953,0.000,0,1,0,0,0,0,-1,0,0,0,,0,,0,,0,0,0,1
1723494593,772,4,4,8,8,9.171,0,0,0.11 | 0.11 | 0.13,0,2.75 | 3.38 | 4.00,0,1.00 | 1.18 | 1.46,0.953,0.000,0,1,0,0,0,0,-1,0,0,0,,0,,0,,0,0,0,1
1723494593,772,4,4,8,8,9.171,0,0,0.11 | 0.11 | 0.13,0,2.75 | 3.38 | 4.00,0,1.00 | 1.18 | 1.46,0.953,0.000,0,1,0,0,0,0,-1,0,0,0,,0,,0,,0,0,0,1
1723494594,772,4,4,8,8,12.787,0,0,0.11 | 0.11 | 0.12,0,2.75 | 3.24 | 4.00,0,1.00 | 1.23 | 1.46,0.954,0.000,0,1,0,0,0,0,-1,0,0,0,,0,,0,,0,0,0,1
1723494594,772,4,4,8,8,12.787,0,0,0.11 | 0.11 | 0.12,0,2.75 | 3.24 | 4.00,0,1.00 | 1.23 | 1.46,0.954,0.000,0,1,0,0,0,0,-1,0,0,0,,0,,0,,0,0,0,1
1723494594,772,4,4,8,8,12.787,0,0,0.11 | 0.11 | 0.12,0,2.75 | 3.24 | 4.00,0,1.00 | 1.23 | 1.46,0.954,0.000,0,1,0,0,0,0,-1,0,0,0,,0,,0,,0,0,0,1
1723494594,772,4,4,8,8,12.787,0,0,0.11 | 0.11 | 0.12,0,2.75 | 3.24 | 4.00,0,1.00 | 1.23 | 1.46,0.954,0.000,0,1,0,0,0,0,-1,0,0,0,,0,,0,,0,0,0,1
1723494594,772,4,4,8,8,12.787,0,0,0.11 | 0.11 | 0.12,0,2.75 | 3.24 | 4.00,0,1.00 | 1.23 | 1.46,0.954,0.000,0,1,0,0,0,0,-1,0,0,0,,0,,0,,0,0,0,1
1723494594,772,4,4,8,8,12.787,0,0,0.11 | 0.11 | 0.12,0,2.75 | 3.24 | 4.00,0,1.00 | 1.23 | 1.46,0.954,0.000,0,1,0,0,0,0,-1,0,0,0,,0,,0,,0,0,0,1
1723494594,772,4,4,8,8,12.787,0,0,0.11 | 0.11 | 0.12,0,2.75 | 3.24 | 4.00,0,1.00 | 1.23 | 1.46,0.954,0.000,0,1,0,0,0,0,-1,0,0,0,,0,,0,,0,0,0,1
1723494594,772,4,4,8,8,12.787,0,0,0.11 | 0.11 | 0.12,0,2.75 | 3.24 | 4.00,0,1.00 | 1.23 | 1.46,0.954,0.000,0,1,0,0,0,0,-1,0,0,0,,0,,0,,0,0,0,1
1723494594,772,4,4,8,8,12.787,0,0,0.11 | 0.11 | 0.12,0,2.75 | 3.24 | 4.00,0,1.00 | 1.23 | 1.46,0.954,0.000,0,1,0,0,0,0,-1,0,0,0,,0,,0,,0,0,0,1
1723494594,772,4,4,8,8,12.787,0,0,0.11 | 0.11 | 0.12,0,2.75 | 3.24 | 4.00,0,1.00 | 1.23 | 1.46,0.954,0.000,0,1,0,0,0,0,-1,0,0,0,,0,,0,,0,0,0,1
1723494595,772,4,4,8,8,11.846,0,0,0.11 | 0.11 | 0.12,0,2.75 | 3.24 | 4.00,0,1.00 | 1.23 | 1.46,0.954,0.000,0,1,0,0,0,0,-1,0,0,0,,0,,0,,0,0,0,1
1723494595,772,4,4,8,8,11.846,0,0,0.11 | 0.11 | 0.12,0,2.75 | 3.24 | 4.00,0,1.00 | 1.23 | 1.46,0.954,0.000,0,1,0,0,0,0,-1,0,0,0,,0,,0,,0,0,0,1
1723494595,772,4,4,8,8,11.846,0,0,0.11 | 0.11 | 0.12,0,2.75 | 3.24 | 4.00,0,1.00 | 1.23 | 1.46,0.954,0.000,0,1,0,0,0,0,-1,0,0,0,,0,,0,,0,0,0,1
1723494595,772,4,4,8,8,11.846,0,0,0.11 | 0.11 | 0.12,0,2.75 | 3.24 | 4.00,0,1.00 | 1.23 | 1.46,0.954,0.000,0,1,0,0,0,0,-1,0,0,0,,0,,0,,0,0,0,1
1723494595,772,4,4,8,8,11.846,0,0,0.11 | 0.11 | 0.12,0,2.75 | 3.24 | 4.00,0,1.00 | 1.23 | 1.46,0.954,0.000,0,1,0,0,0,0,-1,0,0,0,,0,,0,,0,0,0,1
1723494595,772,4,4,8,8,11.846,0,0,0.11 | 0.11 | 0.12,0,2.75 | 3.24 | 4.00,0,1.00 | 1.23 | 1.46,0.954,0.000,0,1,0,0,0,0,-1,0,0,0,,0,,0,,0,0,0,1
1723494595,772,4,4,8,8,11.846,0,0,0.11 | 0.11 | 0.12,0,2.75 | 3.24 | 4.00,0,1.00 | 1.23 | 1.46,0.954,0.000,0,1,0,0,0,0,-1,0,0,0,,0,,0,,0,0,0,1
1723494595,772,4,4,8,8,11.846,0,0,0.11 | 0.11 | 0.12,0,2.75 | 3.24 | 4.00,0,1.00 | 1.23 | 1.46,0.954,0.000,0,1,0,0,0,0,-1,0,0,0,,0,,0,,0,0,0,1
1723494595,772,4,4,8,8,11.846,0,0,0.11 | 0.11 | 0.12,0,2.75 | 3.24 | 4.00,0,1.00 | 1.23 | 1.46,0.954,0.000,0,1,0,0,0,0,-1,0,0,0,,0,,0,,0,0,0,1
1723494595,772,4,4,8,8,11.846,0,0,0.11 | 0.11 | 0.12,0,2.75 | 3.24 | 4.00,0,1.00 | 1.23 | 1.46,0.954,0.000,0,1,0,0,0,0,-1,0,0,0,,0,,0,,0,0,0,1
1723494596,772,4,4,8,8,10.783,0,0,0.11 | 0.11 | 0.12,0,2.75 | 3.24 | 4.00,0,1.00 | 1.23 | 1.46,0.954,0.000,0,1,0,0,0,0,-1,0,0,0,,0,,0,,0,0,0,1
1723494596,772,4,4,8,8,10.783,0,0,0.11 | 0.11 | 0.12,0,2.75 | 3.24 | 4.00,0,1.00 | 1.23 | 1.46,0.954,0.000,0,1,0,0,0,0,-1,0,0,0,,0,,0,,0,0,0,1
1723494596,772,4,4,8,8,10.783,0,0,0.11 | 0.11 | 0.12,0,2.75 | 3.24 | 4.00,0,1.00 | 1.23 | 1.46,0.954,0.000,0,1,0,0,0,0,-1,0,0,0,,0,,0,,0,0,0,1
1723494596,772,4,4,8,8,10.783,0,0,0.11 | 0.11 | 0.12,0,2.75 | 3.24 | 4.00,0,1.00 | 1.23 | 1.46,0.954,0.000,0,1,0,0,0,0,-1,0,0,0,,0,,0,,0,0,0,1
1723494596,772,4,4,8,8,10.783,0,0,0.11 | 0.11 | 0.12,0,2.75 | 3.24 | 4.00,0,1.00 | 1.23 | 1.46,0.954,0.000,0,1,0,0,0,0,-1,0,0,0,,0,,0,,0,0,0,1
1723494596,772,4,4,8,8,10.783,0,0,0.11 | 0.11 | 0.12,0,2.75 | 3.24 | 4.00,0,1.00 | 1.23 | 1.46,0.954,0.000,0,1,0,0,0,0,-1,0,0,0,,0,,0,,0,0,0,1
1723494596,772,4,4,8,8,10.783,0,0,0.11 | 0.11 | 0.12,0,2.75 | 3.24 | 4.00,0,1.00 | 1.23 | 1.46,0.954,0.000,0,1,0,0,0,0,-1,0,0,0,,0,,0,,0,0,0,1
1723494596,772,4,4,8,8,10.783,0,0,0.11 | 0.11 | 0.12,0,2.75 | 3.24 | 4.00,0,1.00 | 1.23 | 1.46,0.954,0.000,0,1,0,0,0,0,-1,0,0,0,,0,,0,,0,0,0,1
1723494596,772,4,4,8,8,10.783,0,0,0.11 | 0.11 | 0.12,0,2.75 | 3.24 | 4.00,0,1.00 | 1.23 | 1.46,0.954,0.000,0,1,0,0,0,0,-1,0,0,0,,0,,0,,0,0,0,1
1723494596,772,4,4,8,8,10.783,0,0,0.11 | 0.11 | 0.12,0,2.75 | 3.24 | 4.00,0,1.00 | 1.23 | 1.46,0.954,0.000,0,1,0,0,0,0,-1,0,0,0,,0,,0,,0,0,0,1
1723494597,772,4,4,8,8,9.987,0,0,0.11 | 0.11 | 0.12,0,2.75 | 3.24 | 4.00,0,1.00 | 1.23 | 1.46,0.954,0.000,0,1,0,0,0,0,-1,0,0,0,,0,,0,,0,0,0,1
1723494597,772,4,4,8,8,9.987,0,0,0.11 | 0.11 | 0.12,0,2.75 | 3.24 | 4.00,0,1.00 | 1.23 | 1.46,0.954,0.000,0,1,0,0,0,0,-1,0,0,0,,0,,0,,0,0,0,1
1723494597,772,4,4,8,8,9.987,0,0,0.11 | 0.11 | 0.12,0,2.75 | 3.24 | 4.00,0,1.00 | 1.23 | 1.46,0.954,0.000,0,1,0,0,0,0,-1,0,0,0,,0,,0,,0,0,0,1
1723494597,772,4,4,8,8,9.987,0,0,0.11 | 0.11 | 0.12,0,2.75 | 3.24 | 4.00,0,1.00 | 1.23 | 1.46,0.954,0.000,0,1,0,0,0,0,-1,0,0,0,,0,,0,,0,0,0,1
1723494597,772,4,4,8,8,9.987,0,0,0.11 | 0.11 | 0.12,0,2.75 | 3.24 | 4.00,0,1.00 | 1.23 | 1.46,0.954,0.000,0,1,0,0,0,0,-1,0,0,0,,0,,0,,0,0,0,1
1723494597,772,4,4,8,8,9.987,0,0,0.11 | 0.11 | 0.12,0,2.75 | 3.24 | 4.00,0,1.00 | 1.23 | 1.46,0.954,0.000,0,1,0,0,0,0,-1,0,0,0,,0,,0,,0,0,0,1
1723494597,772,4,4,8,8,9.987,0,0,0.11 | 0.11 | 0.12,0,2.75 | 3.24 | 4.00,0,1.00 | 1.23 | 1.46,0.954,0.000,0,1,0,0,0,0,-1,0,0,0,,0,,0,,0,0,0,1
1723494597,772,4,4,8,8,9.987,0,0,0.11 | 0.11 | 0.12,0,2.75 | 3.24 | 4.00,0,1.00 | 1.23 | 1.46,0.954,0.000,0,1,0,0,0,0,-1,0,0,0,,0,,0,,0,0,0,1
1723494597,772,4,4,8,8,9.987,0,0,0.11 | 0.11 | 0.12,0,2.75 | 3.24 | 4.00,0,1.00 | 1.23 | 1.46,0.954,0.000,0,1,0,0,0,0,-1,0,0,0,,0,,0,,0,0,0,1
1723494597,772,4,4,8,8,9.987,0,0,0.11 | 0.11 | 0.12,0,2.75 | 3.24 | 4.00,0,1.00 | 1.23 | 1.46,0.954,0.000,0,1,0,0,0,0,-1,0,0,0,,0,,0,,0,0,0,1
1723494598,772,4,4,8,8,12.077,0,0,0.11 | 0.11 | 0.12,0,2.63 | 3.21 | 4.00,0,1.00 | 1.25 | 1.52,0.954,0.000,0,1,0,0,0,0,-1,0,0,0,,0,,0,,0,0,0,1
1723494598,772,4,4,8,8,12.077,0,0,0.11 | 0.11 | 0.12,0,2.63 | 3.21 | 4.00,0,1.00 | 1.25 | 1.52,0.954,0.000,0,1,0,0,0,0,-1,0,0,0,,0,,0,,0,0,0,1
1723494598,772,4,4,8,8,12.077,0,0,0.11 | 0.11 | 0.12,0,2.63 | 3.21 | 4.00,0,1.00 | 1.25 | 1.52,0.954,0.000,0,1,0,0,0,0,-1,0,0,0,,0,,0,,0,0,0,1
1723494598,772,4,4,8,8,12.077,0,0,0.11 | 0.11 | 0.12,0,2.63 | 3.21 | 4.00,0,1.00 | 1.25 | 1.52,0.954,0.000,0,1,0,0,0,0,-1,0,0,0,,0,,0,,0,0,0,1
1723494598,772,4,4,8,8,12.077,0,0,0.11 | 0.11 | 0.12,0,2.63 | 3.21 | 4.00,0,1.00 | 1.25 | 1.52,0.954,0.000,0,1,0,0,0,0,-1,0,0,0,,0,,0,,0,0,0,1
1723494598,772,4,4,8,8,12.077,0,0,0.11 | 0.11 | 0.12,0,2.63 | 3.21 | 4.00,0,1.00 | 1.25 | 1.52,0.954,0.000,0,1,0,0,0,0,-1,0,0,0,,0,,0,,0,0,0,1
1723494598,772,4,4,8,8,12.077,0,0,0.11 | 0.11 | 0.12,0,2.63 | 3.21 | 4.00,0,1.00 | 1.25 | 1.52,0.954,0.000,0,1,0,0,0,0,-1,0,0,0,,0,,0,,0,0,0,1
1723494598,772,4,4,8,8,12.077,0,0,0.11 | 0.11 | 0.12,0,2.63 | 3.21 | 4.00,0,1.00 | 1.25 | 1.52,0.954,0.000,0,1,0,0,0,0,-1,0,0,0,,0,,0,,0,0,0,1
1723494598,772,4,4,8,8,12.077,0,0,0.11 | 0.11 | 0.12,0,2.63 | 3.21 | 4.00,0,1.00 | 1.25 | 1.52,0.954,0.000,0,1,0,0,0,0,-1,0,0,0,,0,,0,,0,0,0,1
1723494598,772,4,4,8,8,12.077,0,0,0.11 | 0.11 | 0.12,0,2.63 | 3.21 | 4.00,0,1.00 | 1.25 | 1.52,0.954,0.000,0,1,0,0,0,0,-1,0,0,0,,0,,0,,0,0,0,1
1723494599,772,4,4,8,8,11.062,0,0,0.11 | 0.11 | 0.12,0,2.63 | 3.21 | 4.00,0,1.00 | 1.25 | 1.52,0.954,0.000,0,1,0,0,0,0,-1,0,0,0,,0,,0,,0,0,0,1
1723494599,772,4,4,8,8,11.062,0,0,0.11 | 0.11 | 0.12,0,2.63 | 3.21 | 4.00,0,1.00 | 1.25 | 1.52,0.954,0.000,0,1,0,0,0,0,-1,0,0,0,,0,,0,,0,0,0,1
1723494599,772,4,4,8,8,11.062,0,0,0.11 | 0.11 | 0.12,0,2.63 | 3.21 | 4.00,0,1.00 | 1.25 | 1.52,0.954,0.000,0,1,0,0,0,0,-1,0,0,0,,0,,0,,0,0,0,1
1723494599,772,4,4,8,8,11.062,0,0,0.11 | 0.11 | 0.12,0,2.63 | 3.21 | 4.00,0,1.00 | 1.25 | 1.52,0.954,0.000,0,1,0,0,0,0,-1,0,0,0,,0,,0,,0,0,0,1
1723494599,772,4,4,8,8,11.062,0,0,0.11 | 0.11 | 0.12,0,2.63 | 3.21 | 4.00,0,1.00 | 1.25 | 1.52,0.954,0.000,0,1,0,0,0,0,-1,0,0,0,,0,,0,,0,0,0,1
1723494599,772,4,4,8,8,11.062,0,0,0.11 | 0.11 | 0.12,0,2.63 | 3.21 | 4.00,0,1.00 | 1.25 | 1.52,0.954,0.000,0,1,0,0,0,0,-1,0,0,0,,0,,0,,0,0,0,1
1723494599,772,4,4,8,8,11.062,0,0,0.11 | 0.11 | 0.12,0,2.63 | 3.21 | 4.00,0,1.00 | 1.25 | 1.52,0.954,0.000,0,1,0,0,0,0,-1,0,0,0,,0,,0,,0,0,0,1
1723494599,772,4,4,8,8,11.062,0,0,0.11 | 0.11 | 0.12,0,2.63 | 3.21 | 4.00,0,1.00 | 1.25 | 1.52,0.954,0.000,0,1,0,0,0,0,-1,0,0,0,,0,,0,,0,0,0,1
1723494599,772,4,4,8,8,11.062,0,0,0.11 | 0.11 | 0.12,0,2.63 | 3.21 | 4.00,0,1.00 | 1.25 | 1.52,0.954,0.000,0,1,0,0,0,0,-1,0,0,0,,0,,0,,0,0,0,1
1723494599,772,4,4,8,8,11.062,0,0,0.11 | 0.11 | 0.12,0,2.63 | 3.21 | 4.00,0,1.00 | 1.25 | 1.52,0.954,0.000,0,1,0,0,0,0,-1,0,0,0,,0,,0,,0,0,0,1
1723494600,772,4,4,8,8,9.987,0,0,0.11 | 0.11 | 0.12,0,2.63 | 3.21 | 4.00,0,1.00 | 1.25 | 1.52,0.954,0.000,0,1,0,0,0,0,-1,0,0,0,,0,,0,,0,0,0,1
1723494600,772,4,4,8,8,9.987,0,0,0.11 | 0.11 | 0.12,0,2.63 | 3.21 | 4.00,0,1.00 | 1.25 | 1.52,0.954,0.000,0,1,0,0,0,0,-1,0,0,0,,0,,0,,0,0,0,1
1723494600,772,4,4,8,8,9.987,0,0,0.11 | 0.11 | 0.12,0,2.63 | 3.21 | 4.00,0,1.00 | 1.25 | 1.52,0.954,0.000,0,1,0,0,0,0,-1,0,0,0,,0,,0,,0,0,0,1
1723494600,772,4,4,8,8,9.987,0,0,0.11 | 0.11 | 0.12,0,2.63 | 3.21 | 4.00,0,1.00 | 1.25 | 1.52,0.954,0.000,0,1,0,0,0,0,-1,0,0,0,,0,,0,,0,0,0,1
1723494600,772,4,4,8,8,9.987,0,0,0.11 | 0.11 | 0.12,0,2.63 | 3.21 | 4.00,0,1.00 | 1.25 | 1.52,0.954,0.000,0,1,0,0,0,0,-1,0,0,0,,0,,0,,0,0,0,1
1723494600,772,4,4,8,8,9.987,0,0,0.11 | 0.11 | 0.12,0,2.63 | 3.21 | 4.00,0,1.00 | 1.25 | 1.52,0.954,0.000,0,1,0,0,0,0,-1,0,0,0,,0,,0,,0,0,0,1
1723494600,772,4,4,8,8,9.987,0,0,0.11 | 0.11 | 0.12,0,2.63 | 3.21 | 4.00,0,1.00 | 1.25 | 1.52,0.954,0.000,0,1,0,0,0,0,-1,0,0,0,,0,,0,,0,0,0,1
1723494600,772,4,4,8,8,9.987,0,0,0.11 | 0.11 | 0.12,0,2.63 | 3.21 | 4.00,0,1.00 | 1.25 | 1.52,0.954,0.000,0,1,0,0,0,0,-1,0,0,0,,0,,0,,0,0,0,1
1723494600,772,4,4,8,8,9.987,0,0,0.11 | 0.11 | 0.12,0,2.63 | 3.21 | 4.00,0,1.00 | 1.25 | 1.52,0.954,0.000,0,1,0,0,0,0,-1,0,0,0,,0,,0,,0,0,0,1
1723494600,772,4,4,8,8,9.987,0,0,0.11 | 0.11 | 0.12,0,2.63 | 3.21 | 4.00,0,1.00 | 1.25 | 1.52,0.954,0.000,0,1,0,0,0,0,-1,0,0,0,,0,,0,,0,0,0,1
1723494601,772,4,4,8,8,9.202,0,0,0.11 | 0.11 | 0.12,0,2.63 | 3.21 | 4.00,0,1.00 | 1.25 | 1.52,0.954,0.000,0,1,0,0,0,0,-1,0,0,0,,0,,0,,0,0,0,1
1723494601,772,4,4,8,8,9.202,0,0,0.11 | 0.11 | 0.12,0,2.63 | 3.21 | 4.00,0,1.00 | 1.25 | 1.52,0.954,0.000,0,1,0,0,0,0,-1,0,0,0,,0,,0,,0,0,0,1
1723494601,772,4,4,8,8,9.202,0,0,0.11 | 0.11 | 0.12,0,2.63 | 3.21 | 4.00,0,1.00 | 1.25 | 1.52,0.954,0.000,0,1,0,0,0,0,-1,0,0,0,,0,,0,,0,0,0,1
1723494601,772,4,4,8,8,9.202,0,0,0.11 | 0.11 | 0.12,0,2.63 | 3.21 | 4.00,0,1.00 | 1.25 | 1.52,0.954,0.000,0,1,0,0,0,0,-1,0,0,0,,0,,0,,0,0,0,1
1723494601,772,4,4,8,8,9.202,0,0,0.11 | 0.11 | 0.12,0,2.63 | 3.21 | 4.00,0,1.00 | 1.25 | 1.52,0.954,0.000,0,1,0,0,0,0,-1,0,0,0,,0,,0,,0,0,0,1
1723494601,772,4,4,8,8,9.202,0,0,0.11 | 0.11 | 0.12,0,2.63 | 3.21 | 4.00,0,1.00 | 1.25 | 1.52,0.954,0.000,0,1,0,0,0,0,-1,0,0,0,,0,,0,,0,0,0,1
1723494601,772,4,4,8,8,9.202,0,0,0.11 | 0.11 | 0.12,0,2.63 | 3.21 | 4.00,0,1.00 | 1.25 | 1.52,0.954,0.000,0,1,0,0,0,0,-1,0,0,0,,0,,0,,0,0,0,1
1723494601,772,4,4,8,8,9.202,0,0,0.11 | 0.11 | 0.12,0,2.63 | 3.21 | 4.00,0,1.00 | 1.25 | 1.52,0.954,0.000,0,1,0,0,0,0,-1,0,0,0,,0,,0,,0,0,0,1
1723494601,772,4,4,8,8,9.202,0,0,0.11 | 0.11 | 0.12,0,2.63 | 3.21 | 4.00,0,1.00 | 1.25 | 1.52,0.954,0.000,0,1,0,0,0,0,-1,0,0,0,,0,,0,,0,0,0,1
1723494601,772,4,4,8,8,9.202,0,0,0.11 | 0.11 | 0.12,0,2.63 | 3.21 | 4.00,0,1.00 | 1.25 | 1.52,0.954,0.000,0,1,0,0,0,0,-1,0,0,0,,0,,0,,0,0,0,1
1723494602,772,4,4,8,8,8.14,0,0,0.11 | 0.11 | 0.12,0,2.63 | 3.21 | 4.00,0,1.00 | 1.25 | 1.52,0.954,0.000,0,1,0,0,0,0,-1,0,0,0,,0,,0,,0,0,0,1
1723494602,772,4,4,8,8,8.14,0,0,0.11 | 0.11 | 0.12,0,2.63 | 3.21 | 4.00,0,1.00 | 1.25 | 1.52,0.954,0.000,0,1,0,0,0,0,-1,0,0,0,,0,,0,,0,0,0,1
1723494602,772,4,4,8,8,8.14,0,0,0.11 | 0.11 | 0.12,0,2.63 | 3.21 | 4.00,0,1.00 | 1.25 | 1.52,0.954,0.000,0,1,0,0,0,0,-1,0,0,0,,0,,0,,0,0,0,1
1723494602,772,4,4,8,8,8.14,0,0,0.11 | 0.11 | 0.12,0,2.63 | 3.21 | 4.00,0,1.00 | 1.25 | 1.52,0.954,0.000,0,1,0,0,0,0,-1,0,0,0,,0,,0,,0,0,0,1
1723494602,772,4,4,8,8,8.14,0,0,0.11 | 0.11 | 0.12,0,2.63 | 3.21 | 4.00,0,1.00 | 1.25 | 1.52,0.954,0.000,0,1,0,0,0,0,-1,0,0,0,,0,,0,,0,0,0,1
1723494602,772,4,4,8,8,8.14,0,0,0.11 | 0.11 | 0.12,0,2.63 | 3.21 | 4.00,0,1.00 | 1.25 | 1.52,0.954,0.000,0,1,0,0,0,0,-1,0,0,0,,0,,0,,0,0,0,1
1723494602,772,4,4,8,8,8.14,0,0,0.11 | 0.11 | 0.12,0,2.63 | 3.21 | 4.00,0,1.00 | 1.25 | 1.52,0.954,0.000,0,1,0,0,0,0,-1,0,0,0,,0,,0,,0,0,0,1
1723494602,772,4,4,8,8,8.14,0,0,0.11 | 0.11 | 0.12,0,2.63 | 3.21 | 4.00,0,1.00 | 1.25 | 1.52,0.954,0.000,0,1,0,0,0,0,-1,0,0,0,,0,,0,,0,0,0,1
1723494602,772,4,4,8,8,8.14,0,0,0.11 | 0.11 | 0.12,0,2.63 | 3.21 | 4.00,0,1.00 | 1.25 | 1.52,0.954,0.000,0,1,0,0,0,0,-1,0,0,0,,0,,0,,0,0,0,1
1723494602,772,4,4,8,8,8.14,0,0,0.11 | 0.11 | 0.12,0,2.63 | 3.21 | 4.00,0,1.00 | 1.25 | 1.52,0.954,0.000,0,1,0,0,0,0,-1,0,0,0,,0,,0,,0,0,0,1
1723494603,772,4,4,8,8,11.877,0,0,0.11 | 0.11 | 0.12,0,2.63 | 3.21 | 3.99,0,1.00 | 1.25 | 1.52,0.954,0.000,0,1,0,0,0,0,-1,0,0,0,,0,,0,,0,0,0,1
1723494603,772,4,4,8,8,11.877,0,0,0.11 | 0.11 | 0.12,0,2.63 | 3.21 | 3.99,0,1.00 | 1.25 | 1.52,0.954,0.000,0,1,0,0,0,0,-1,0,0,0,,0,,0,,0,0,0,1
1723494603,772,4,4,8,8,11.877,0,0,0.11 | 0.11 | 0.12,0,2.63 | 3.21 | 3.99,0,1.00 | 1.25 | 1.52,0.954,0.000,0,1,0,0,0,0,-1,0,0,0,,0,,0,,0,0,0,1
1723494603,772,4,4,8,8,11.877,0,0,0.11 | 0.11 | 0.12,0,2.63 | 3.21 | 3.99,0,1.00 | 1.25 | 1.52,0.954,0.000,0,1,0,0,0,0,-1,0,0,0,,0,,0,,0,0,0,1
1723494603,772,4,4,8,8,11.877,0,0,0.11 | 0.11 | 0.12,0,2.63 | 3.21 | 3.99,0,1.00 | 1.25 | 1.52,0.954,0.000,0,1,0,0,0,0,-1,0,0,0,,0,,0,,0,0,0,1
1723494603,772,4,4,8,8,11.877,0,0,0.11 | 0.11 | 0.12,0,2.63 | 3.21 | 3.99,0,1.00 | 1.25 | 1.52,0.954,0.000,0,1,0,0,0,0,-1,0,0,0,,0,,0,,0,0,0,1
1723494603,772,4,4,8,8,11.877,0,0,0.11 | 0.11 | 0.12,0,2.63 | 3.21 | 3.99,0,1.00 | 1.25 | 1.52,0.954,0.000,0,1,0,0,0,0,-1,0,0,0,,0,,0,,0,0,0,1
1723494603,772,4,4,8,8,11.877,0,0,0.11 | 0.11 | 0.12,0,2.63 | 3.21 | 3.99,0,1.00 | 1.25 | 1.52,0.954,0.000,0,1,0,0,0,0,-1,0,0,0,,0,,0,,0,0,0,1
1723494603,772,4,4,8,8,11.877,0,0,0.11 | 0.11 | 0.12,0,2.63 | 3.21 | 3.99,0,1.00 | 1.25 | 1.52,0.954,0.000,0,1,0,0,0,0,-1,0,0,0,,0,,0,,0,0,0,1
1723494603,772,4,4,8,8,11.877,0,0,0.11 | 0.11 | 0.12,0,2.63 | 3.21 | 3.99,0,1.00 | 1.25 | 1.52,0.954,0.000,0,1,0,0,0,0,-1,0,0,0,,0,,0,,0,0,0,1
1723494604,772,4,4,8,8,10.815,0,0,0.11 | 0.11 | 0.12,0,2.63 | 3.21 | 3.99,0,1.00 | 1.25 | 1.52,0.954,0.000,0,1,0,0,0,0,-1,0,0,0,,0,,0,,0,0,0,1
1723494604,772,4,4,8,8,10.815,0,0,0.11 | 0.11 | 0.12,0,2.63 | 3.21 | 3.99,0,1.00 | 1.25 | 1.52,0.954,0.000,0,1,0,0,0,0,-1,0,0,0,,0,,0,,0,0,0,1
1723494604,772,4,4,8,8,10.815,0,0,0.11 | 0.11 | 0.12,0,2.63 | 3.21 | 3.99,0,1.00 | 1.25 | 1.52,0.954,0.000,0,1,0,0,0,0,-1,0,0,0,,0,,0,,0,0,0,1
1723494604,772,4,4,8,8,10.815,0,0,0.11 | 0.11 | 0.12,0,2.63 | 3.21 | 3.99,0,1.00 | 1.25 | 1.52,0.954,0.000,0,1,0,0,0,0,-1,0,0,0,,0,,0,,0,0,0,1
1723494604,772,4,4,8,8,10.815,0,0,0.11 | 0.11 | 0.12,0,2.63 | 3.21 | 3.99,0,1.00 | 1.25 | 1.52,0.954,0.000,0,1,0,0,0,0,-1,0,0,0,,0,,0,,0,0,0,1
1723494604,772,4,4,8,8,10.815,0,0,0.11 | 0.11 | 0.12,0,2.63 | 3.21 | 3.99,0,1.00 | 1.25 | 1.52,0.954,0.000,0,1,0,0,0,0,-1,0,0,0,,0,,0,,0,0,0,1
1723494604,772,4,4,8,8,10.815,0,0,0.11 | 0.11 | 0.12,0,2.63 | 3.21 | 3.99,0,1.00 | 1.25 | 1.52,0.954,0.000,0,1,0,0,0,0,-1,0,0,0,,0,,0,,0,0,0,1
1723494604,772,4,4,8,8,10.815,0,0,0.11 | 0.11 | 0.12,0,2.63 | 3.21 | 3.99,0,1.00 | 1.25 | 1.52,0.954,0.000,0,1,0,0,0,0,-1,0,0,0,,0,,0,,0,0,0,1
1723494604,772,4,4,8,8,10.815,0,0,0.11 | 0.11 | 0.12,0,2.63 | 3.21 | 3.99,0,1.00 | 1.25 | 1.52,0.954,0.000,0,1,0,0,0,0,-1,0,0,0,,0,,0,,0,0,0,1
1723494604,772,4,4,8,8,10.815,0,0,0.11 | 0.11 | 0.12,0,2.63 | 3.21 | 3.99,0,1.00 | 1.25 | 1.52,0.954,0.000,0,1,0,0,0,0,-1,0,0,0,,0,,0,,0,0,0,1
1723494605,772,4,4,8,8,10.018,0,0,0.11 | 0.11 | 0.12,0,2.63 | 3.21 | 3.99,0,1.00 | 1.25 | 1.52,0.954,0.000,0,1,0,0,0,0,-1,0,0,0,,0,,0,,0,0,0,1
1723494605,772,4,4,8,8,10.018,0,0,0.11 | 0.11 | 0.12,0,2.63 | 3.21 | 3.99,0,1.00 | 1.25 | 1.52,0.954,0.000,0,1,0,0,0,0,-1,0,0,0,,0,,0,,0,0,0,1
1723494605,772,4,4,8,8,10.018,0,0,0.11 | 0.11 | 0.12,0,2.63 | 3.21 | 3.99,0,1.00 | 1.25 | 1.52,0.954,0.000,0,1,0,0,0,0,-1,0,0,0,,0,,0,,0,0,0,1
1723494605,772,4,4,8,8,10.018,0,0,0.11 | 0.11 | 0.12,0,2.63 | 3.21 | 3.99,0,1.00 | 1.25 | 1.52,0.954,0.000,0,1,0,0,0,0,-1,0,0,0,,0,,0,,0,0,0,1
1723494605,772,4,4,8,8,10.018,0,0,0.11 | 0.11 | 0.12,0,2.63 | 3.21 | 3.99,0,1.00 | 1.25 | 1.52,0.954,0.000,0,1,0,0,0,0,-1,0,0,0,,0,,0,,0,0,0,1
1723494605,772,4,4,8,8,10.018,0,0,0.11 | 0.11 | 0.12,0,2.63 | 3.21 | 3.99,0,1.00 | 1.25 | 1.52,0.954,0.000,0,1,0,0,0,0,-1,0,0,0,,0,,0,,0,0,0,1
1723494605,772,4,4,8,8,10.018,0,0,0.11 | 0.11 | 0.12,0,2.63 | 3.21 | 3.99,0,1.00 | 1.25 | 1.52,0.954,0.000,0,1,0,0,0,0,-1,0,0,0,,0,,0,,0,0,0,1
1723494605,772,4,4,8,8,10.018,0,0,0.11 | 0.11 | 0.12,0,2.63 | 3.21 | 3.99,0,1.00 | 1.25 | 1.52,0.954,0.000,0,1,0,0,0,0,-1,0,0,0,,0,,0,,0,0,0,1
1723494605,772,4,4,8,8,10.018,0,0,0.11 | 0.11 | 0.12,0,2.63 | 3.21 | 3.99,0,1.00 | 1.25 | 1.52,0.954,0.000,0,1,0,0,0,0,-1,0,0,0,,0,,0,,0,0,0,1
1723494605,772,4,4,8,8,10.018,0,0,0.11 | 0.11 | 0.12,0,2.63 | 3.21 | 3.99,0,1.00 | 1.25 | 1.52,0.954,0.000,0,1,0,0,0,0,-1,0,0,0,,0,,0,,0,0,0,1
1723494606,772,4,4,8,8,8.955,0,0,0.11 | 0.11 | 0.12,0,2.63 | 3.21 | 3.99,0,1.00 | 1.25 | 1.52,0.954,0.000,0,1,0,0,0,0,-1,0,0,0,,0,,0,,0,0,0,1
1723494606,772,4,4,8,8,8.955,0,0,0.11 | 0.11 | 0.12,0,2.63 | 3.21 | 3.99,0,1.00 | 1.25 | 1.52,0.954,0.000,0,1,0,0,0,0,-1,0,0,0,,0,,0,,0,0,0,1
1723494606,772,4,4,8,8,8.955,0,0,0.11 | 0.11 | 0.12,0,2.63 | 3.21 | 3.99,0,1.00 | 1.25 | 1.52,0.954,0.000,0,1,0,0,0,0,-1,0,0,0,,0,,0,,0,0,0,1
1723494606,772,4,4,8,8,8.955,0,0,0.11 | 0.11 | 0.12,0,2.63 | 3.21 | 3.99,0,1.00 | 1.25 | 1.52,0.954,0.000,0,1,0,0,0,0,-1,0,0,0,,0,,0,,0,0,0,1
1723494606,772,4,4,8,8,8.955,0,0,0.11 | 0.11 | 0.12,0,2.63 | 3.21 | 3.99,0,1.00 | 1.25 | 1.52,0.954,0.000,0,1,0,0,0,0,-1,0,0,0,,0,,0,,0,0,0,1
1723494606,772,4,4,8,8,8.955,0,0,0.11 | 0.11 | 0.12,0,2.63 | 3.21 | 3.99,0,1.00 | 1.25 | 1.52,0.954,0.000,0,1,0,0,0,0,-1,0,0,0,,0,,0,,0,0,0,1
1723494606,772,4,4,8,8,8.955,0,0,0.11 | 0.11 | 0.12,0,2.63 | 3.21 | 3.99,0,1.00 | 1.25 | 1.52,0.954,0.000,0,1,0,0,0,0,-1,0,0,0,,0,,0,,0,0,0,1
1723494606,772,4,4,8,8,8.955,0,0,0.11 | 0.11 | 0.12,0,2.63 | 3.21 | 3.99,0,1.00 | 1.25 | 1.52,0.954,0.000,0,1,0,0,0,0,-1,0,0,0,,0,,0,,0,0,0,1
1723494606,772,4,4,8,8,8.955,0,0,0.11 | 0.11 | 0.12,0,2.63 | 3.21 | 3.99,0,1.00 | 1.25 | 1.52,0.954,0.000,0,1,0,0,0,0,-1,0,0,0,,0,,0,,0,0,0,1
1723494606,772,4,4,8,8,8.955,0,0,0.11 | 0.11 | 0.12,0,2.63 | 3.21 | 3.99,0,1.00 | 1.25 | 1.52,0.954,0.000,0,1,0,0,0,0,-1,0,0,0,,0,,0,,0,0,0,1
1723494607,772,4,4,8,8,11.093,0,0,0.11 | 0.11 | 0.12,0,2.63 | 3.17 | 3.99,0,1.00 | 1.26 | 1.52,0.954,0.000,0,1,0,0,0,0,-1,0,0,0,,0,,0,,0,0,0,1
1723494607,772,4,4,8,8,11.093,0,0,0.11 | 0.11 | 0.12,0,2.63 | 3.17 | 3.99,0,1.00 | 1.26 | 1.52,0.954,0.000,0,1,0,0,0,0,-1,0,0,0,,0,,0,,0,0,0,1
1723494607,772,4,4,8,8,11.093,0,0,0.11 | 0.11 | 0.12,0,2.63 | 3.17 | 3.99,0,1.00 | 1.26 | 1.52,0.954,0.000,0,1,0,0,0,0,-1,0,0,0,,0,,0,,0,0,0,1
1723494607,772,4,4,8,8,11.093,0,0,0.11 | 0.11 | 0.12,0,2.63 | 3.17 | 3.99,0,1.00 | 1.26 | 1.52,0.954,0.000,0,1,0,0,0,0,-1,0,0,0,,0,,0,,0,0,0,1
1723494607,772,4,4,8,8,11.093,0,0,0.11 | 0.11 | 0.12,0,2.63 | 3.17 | 3.99,0,1.00 | 1.26 | 1.52,0.954,0.000,0,1,0,0,0,0,-1,0,0,0,,0,,0,,0,0,0,1
1723494607,772,4,4,8,8,11.093,0,0,0.11 | 0.11 | 0.12,0,2.63 | 3.17 | 3.99,0,1.00 | 1.26 | 1.52,0.954,0.000,0,1,0,0,0,0,-1,0,0,0,,0,,0,,0,0,0,1
1723494607,772,4,4,8,8,11.093,0,0,0.11 | 0.11 | 0.12,0,2.63 | 3.17 | 3.99,0,1.00 | 1.26 | 1.52,0.954,0.000,0,1,0,0,0,0,-1,0,0,0,,0,,0,,0,0,0,1
1723494607,772,4,4,8,8,11.093,0,0,0.11 | 0.11 | 0.12,0,2.63 | 3.17 | 3.99,0,1.00 | 1.26 | 1.52,0.954,0.000,0,1,0,0,0,0,-1,0,0,0,,0,,0,,0,0,0,1
1723494607,772,4,4,8,8,11.093,0,0,0.11 | 0.11 | 0.12,0,2.63 | 3.17 | 3.99,0,1.00 | 1.26 | 1.52,0.954,0.000,0,1,0,0,0,0,-1,0,0,0,,0,,0,,0,0,0,1
1723494607,772,4,4,8,8,11.093,0,0,0.11 | 0.11 | 0.12,0,2.63 | 3.17 | 3.99,0,1.00 | 1.26 | 1.52,0.954,0.000,0,1,0,0,0,0,-1,0,0,0,,0,,0,,0,0,0,1
1723494608,772,4,4,8,8,10.03,0,0,0.11 | 0.11 | 0.12,0,2.63 | 3.17 | 3.99,0,1.00 | 1.26 | 1.52,0.954,0.000,0,1,0,0,0,0,-1,0,0,0,,0,,0,,0,0,0,1
1723494608,772,4,4,8,8,10.03,0,0,0.11 | 0.11 | 0.12,0,2.63 | 3.17 | 3.99,0,1.00 | 1.26 | 1.52,0.954,0.000,0,1,0,0,0,0,-1,0,0,0,,0,,0,,0,0,0,1
1723494608,772,4,4,8,8,10.03,0,0,0.11 | 0.11 | 0.12,0,2.63 | 3.17 | 3.99,0,1.00 | 1.26 | 1.52,0.954,0.000,0,1,0,0,0,0,-1,0,0,0,,0,,0,,0,0,0,1
1723494608,772,4,4,8,8,10.03,0,0,0.11 | 0.11 | 0.12,0,2.63 | 3.17 | 3.99,0,1.00 | 1.26 | 1.52,0.954,0.000,0,1,0,0,0,0,-1,0,0,0,,0,,0,,0,0,0,1
1723494608,772,4,4,8,8,10.03,0,0,0.11 | 0.11 | 0.12,0,2.63 | 3.17 | 3.99,0,1.00 | 1.26 | 1.52,0.954,0.000,0,1,0,0,0,0,-1,0,0,0,,0,,0,,0,0,0,1
1723494608,772,4,4,8,8,10.03,0,0,0.11 | 0.11 | 0.12,0,2.63 | 3.17 | 3.99,0,1.00 | 1.26 | 1.52,0.954,0.000,0,1,0,0,0,0,-1,0,0,0,,0,,0,,0,0,0,1
1723494608,772,4,4,8,8,10.03,0,0,0.11 | 0.11 | 0.12,0,2.63 | 3.17 | 3.99,0,1.00 | 1.26 | 1.52,0.954,0.000,0,1,0,0,0,0,-1,0,0,0,,0,,0,,0,0,0,1
1723494608,772,4,4,8,8,10.03,0,0,0.11 | 0.11 | 0.12,0,2.63 | 3.17 | 3.99,0,1.00 | 1.26 | 1.52,0.954,0.000,0,1,0,0,0,0,-1,0,0,0,,0,,0,,0,0,0,1
1723494608,772,4,4,8,8,10.03,0,0,0.11 | 0.11 | 0.12,0,2.63 | 3.17 | 3.99,0,1.00 | 1.26 | 1.52,0.954,0.000,0,1,0,0,0,0,-1,0,0,0,,0,,0,,0,0,0,1
1723494608,772,4,4,8,8,10.03,0,0,0.11 | 0.11 | 0.12,0,2.63 | 3.17 | 3.99,0,1.00 | 1.26 | 1.52,0.954,0.000,0,1,0,0,0,0,-1,0,0,0,,0,,0,,0,0,0,1
1723494609,772,4,4,8,8,9.233,0,0,0.11 | 0.11 | 0.12,0,2.63 | 3.17 | 3.99,0,1.00 | 1.26 | 1.52,0.954,0.000,0,1,0,0,0,0,-1,0,0,0,,0,,0,,0,0,0,1
1723494609,772,4,4,8,8,9.233,0,0,0.11 | 0.11 | 0.12,0,2.63 | 3.17 | 3.99,0,1.00 | 1.26 | 1.52,0.954,0.000,0,1,0,0,0,0,-1,0,0,0,,0,,0,,0,0,0,1
1723494609,772,4,4,8,8,9.233,0,0,0.11 | 0.11 | 0.12,0,2.63 | 3.17 | 3.99,0,1.00 | 1.26 | 1.52,0.954,0.000,0,1,0,0,0,0,-1,0,0,0,,0,,0,,0,0,0,1
1723494609,772,4,4,8,8,9.233,0,0,0.11 | 0.11 | 0.12,0,2.63 | 3.17 | 3.99,0,1.00 | 1.26 | 1.52,0.954,0.000,0,1,0,0,0,0,-1,0,0,0,,0,,0,,0,0,0,1
1723494609,772,4,4,8,8,9.233,0,0,0.11 | 0.11 | 0.12,0,2.63 | 3.17 | 3.99,0,1.00 | 1.26 | 1.52,0.954,0.000,0,1,0,0,0,0,-1,0,0,0,,0,,0,,0,0,0,1
1723494609,772,4,4,8,8,9.233,0,0,0.11 | 0.11 | 0.12,0,2.63 | 3.17 | 3.99,0,1.00 | 1.26 | 1.52,0.954,0.000,0,1,0,0,0,0,-1,0,0,0,,0,,0,,0,0,0,1
1723494609,772,4,4,8,8,9.233,0,0,0.11 | 0.11 | 0.12,0,2.63 | 3.17 | 3.99,0,1.00 | 1.26 | 1.52,0.954,0.000,0,1,0,0,0,0,-1,0,0,0,,0,,0,,0,0,0,1
1723494609,772,4,4,8,8,9.233,0,0,0.11 | 0.11 | 0.12,0,2.63 | 3.17 | 3.99,0,1.00 | 1.26 | 1.52,0.954,0.000,0,1,0,0,0,0,-1,0,0,0,,0,,0,,0,0,0,1
1723494609,772,4,4,8,8,9.233,0,0,0.11 | 0.11 | 0.12,0,2.63 | 3.17 | 3.99,0,1.00 | 1.26 | 1.52,0.954,0.000,0,1,0,0,0,0,-1,0,0,0,,0,,0,,0,0,0,1
1723494609,772,4,4,8,8,9.233,0,0,0.11 | 0.11 | 0.12,0,2.63 | 3.17 | 3.99,0,1.00 | 1.26 | 1.52,0.954,0.000,0,1,0,0,0,0,-1,0,0,0,,0,,0,,0,0,0,1
1723494610,772,4,4,8,8,7.988,0,0,0.11 | 0.11 | 0.12,0,2.63 | 3.17 | 3.99,0,1.00 | 1.26 | 1.52,0.954,0.000,0,1,0,0,0,0,-1,0,0,0,,0,,0,,0,0,0,1
1723494610,772,4,4,8,8,7.988,0,0,0.11 | 0.11 | 0.12,0,2.63 | 3.17 | 3.99,0,1.00 | 1.26 | 1.52,0.954,0.000,0,1,0,0,0,0,-1,0,0,0,,0,,0,,0,0,0,1
1723494610,772,4,4,8,8,7.988,0,0,0.11 | 0.11 | 0.12,0,2.63 | 3.17 | 3.99,0,1.00 | 1.26 | 1.52,0.954,0.000,0,1,0,0,0,0,-1,0,0,0,,0,,0,,0,0,0,1
1723494610,772,4,4,8,8,7.988,0,0,0.11 | 0.11 | 0.12,0,2.63 | 3.17 | 3.99,0,1.00 | 1.26 | 1.52,0.954,0.000,0,1,0,0,0,0,-1,0,0,0,,0,,0,,0,0,0,1
1723494610,772,4,4,8,8,7.988,0,0,0.11 | 0.11 | 0.12,0,2.63 | 3.17 | 3.99,0,1.00 | 1.26 | 1.52,0.954,0.000,0,1,0,0,0,0,-1,0,0,0,,0,,0,,0,0,0,1
1723494610,772,4,4,8,8,7.988,0,0,0.11 | 0.11 | 0.12,0,2.63 | 3.17 | 3.99,0,1.00 | 1.26 | 1.52,0.954,0.000,0,1,0,0,0,0,-1,0,0,0,,0,,0,,0,0,0,1
1723494610,772,4,4,8,8,7.988,0,0,0.11 | 0.11 | 0.12,0,2.63 | 3.17 | 3.99,0,1.00 | 1.26 | 1.52,0.954,0.000,0,1,0,0,0,0,-1,0,0,0,,0,,0,,0,0,0,1
1723494610,772,4,4,8,8,7.988,0,0,0.11 | 0.11 | 0.12,0,2.63 | 3.17 | 3.99,0,1.00 | 1.26 | 1.52,0.954,0.000,0,1,0,0,0,0,-1,0,0,0,,0,,0,,0,0,0,1
1723494610,772,4,4,8,8,7.988,0,0,0.11 | 0.11 | 0.12,0,2.63 | 3.17 | 3.99,0,1.00 | 1.26 | 1.52,0.954,0.000,0,1,0,0,0,0,-1,0,0,0,,0,,0,,0,0,0,1
1723494610,772,4,4,8,8,7.988,0,0,0.11 | 0.11 | 0.12,0,2.63 | 3.17 | 3.99,0,1.00 | 1.26 | 1.52,0.954,0.000,0,1,0,0,0,0,-1,0,0,0,,0,,0,,0,0,0,1
1723494611,772,4,4,8,8,11.908,0,0,0.11 | 0.11 | 0.11,0,2.63 | 3.39 | 4.28,0,0.94 | 1.18 | 1.52,0.953,0.000,0,1,0,0,0,0,-1,0,0,0,,0,,0,,0,0,0,1
1723494611,772,4,4,8,8,11.908,0,0,0.11 | 0.11 | 0.11,0,2.63 | 3.39 | 4.28,0,0.94 | 1.18 | 1.52,0.953,0.000,0,1,0,0,0,0,-1,0,0,0,,0,,0,,0,0,0,1
1723494611,772,4,4,8,8,11.908,0,0,0.11 | 0.11 | 0.11,0,2.63 | 3.39 | 4.28,0,0.94 | 1.18 | 1.52,0.953,0.000,0,1,0,0,0,0,-1,0,0,0,,0,,0,,0,0,0,1
1723494611,772,4,4,8,8,11.908,0,0,0.11 | 0.11 | 0.11,0,2.63 | 3.39 | 4.28,0,0.94 | 1.18 | 1.52,0.953,0.000,0,1,0,0,0,0,-1,0,0,0,,0,,0,,0,0,0,1
1723494611,772,4,4,8,8,11.908,0,0,0.11 | 0.11 | 0.11,0,2.63 | 3.39 | 4.28,0,0.94 | 1.18 | 1.52,0.953,0.000,0,1,0,0,0,0,-1,0,0,0,,0,,0,,0,0,0,1
1723494611,772,4,4,8,8,11.908,0,0,0.11 | 0.11 | 0.11,0,2.63 | 3.39 | 4.28,0,0.94 | 1.18 | 1.52,0.953,0.000,0,1,0,0,0,0,-1,0,0,0,,0,,0,,0,0,0,1
1723494611,772,4,4,8,8,11.908,0,0,0.11 | 0.11 | 0.11,0,2.63 | 3.39 | 4.28,0,0.94 | 1.18 | 1.52,0.953,0.000,0,1,0,0,0,0,-1,0,0,0,,0,,0,,0,0,0,1
1723494611,772,4,4,8,8,11.908,0,0,0.11 | 0.11 | 0.11,0,2.63 | 3.39 | 4.28,0,0.94 | 1.18 | 1.52,0.953,0.000,0,1,0,0,0,0,-1,0,0,0,,0,,0,,0,0,0,1
1723494611,772,4,4,8,8,11.908,0,0,0.11 | 0.11 | 0.11,0,2.63 | 3.39 | 4.28,0,0.94 | 1.18 | 1.52,0.953,0.000,0,1,0,0,0,0,-1,0,0,0,,0,,0,,0,0,0,1
1723494611,772,4,4,8,8,11.908,0,0,0.11 | 0.11 | 0.11,0,2.63 | 3.39 | 4.28,0,0.94 | 1.18 | 1.52,0.953,0.000,0,1,0,0,0,0,-1,0,0,0,,0,,0,,0,0,0,1
1723494612,772,4,4,8,8,10.846,0,0,0.11 | 0.11 | 0.11,0,2.63 | 3.39 | 4.28,0,0.94 | 1.18 | 1.52,0.953,0.000,0,1,0,0,0,0,-1,0,0,0,,0,,0,,0,0,0,1
1723494612,772,4,4,8,8,10.846,0,0,0.11 | 0.11 | 0.11,0,2.63 | 3.39 | 4.28,0,0.94 | 1.18 | 1.52,0.953,0.000,0,1,0,0,0,0,-1,0,0,0,,0,,0,,0,0,0,1
1723494612,772,4,4,8,8,10.846,0,0,0.11 | 0.11 | 0.11,0,2.63 | 3.39 | 4.28,0,0.94 | 1.18 | 1.52,0.953,0.000,0,1,0,0,0,0,-1,0,0,0,,0,,0,,0,0,0,1
1723494612,772,4,4,8,8,10.846,0,0,0.11 | 0.11 | 0.11,0,2.63 | 3.39 | 4.28,0,0.94 | 1.18 | 1.52,0.953,0.000,0,1,0,0,0,0,-1,0,0,0,,0,,0,,0,0,0,1
1723494612,772,4,4,8,8,10.846,0,0,0.11 | 0.11 | 0.11,0,2.63 | 3.39 | 4.28,0,0.94 | 1.18 | 1.52,0.953,0.000,0,1,0,0,0,0,-1,0,0,0,,0,,0,,0,0,0,1
1723494612,772,4,4,8,8,10.846,0,0,0.11 | 0.11 | 0.11,0,2.63 | 3.39 | 4.28,0,0.94 | 1.18 | 1.52,0.953,0.000,0,1,0,0,0,0,-1,0,0,0,,0,,0,,0,0,0,1
1723494612,772,4,4,8,8,10.846,0,0,0.11 | 0.11 | 0.11,0,2.63 | 3.39 | 4.28,0,0.94 | 1.18 | 1.52,0.953,0.000,0,1,0,0,0,0,-1,0,0,0,,0,,0,,0,0,0,1
1723494612,772,4,4,8,8,10.846,0,0,0.11 | 0.11 | 0.11,0,2.63 | 3.39 | 4.28,0,0.94 | 1.18 | 1.52,0.953,0.000,0,1,0,0,0,0,-1,0,0,0,,0,,0,,0,0,0,1
1723494612,772,4,4,8,8,10.846,0,0,0.11 | 0.11 | 0.11,0,2.63 | 3.39 | 4.28,0,0.94 | 1.18 | 1.52,0.953,0.000,0,1,0,0,0,0,-1,0,0,0,,0,,0,,0,0,0,1
1723494612,772,4,4,8,8,10.846,0,0,0.11 | 0.11 | 0.11,0,2.63 | 3.39 | 4.28,0,0.94 | 1.18 | 1.52,0.953,0.000,0,1,0,0,0,0,-1,0,0,0,,0,,0,,0,0,0,1
1723494613,772,4,4,8,8,9.783,0,0,0.11 | 0.11 | 0.11,0,2.63 | 3.39 | 4.28,0,0.94 | 1.18 | 1.52,0.953,0.000,0,1,0,0,0,0,-1,0,0,0,,0,,0,,0,0,0,1
1723494613,772,4,4,8,8,9.783,0,0,0.11 | 0.11 | 0.11,0,2.63 | 3.39 | 4.28,0,0.94 | 1.18 | 1.52,0.953,0.000,0,1,0,0,0,0,-1,0,0,0,,0,,0,,0,0,0,1
1723494613,772,4,4,8,8,9.783,0,0,0.11 | 0.11 | 0.11,0,2.63 | 3.39 | 4.28,0,0.94 | 1.18 | 1.52,0.953,0.000,0,1,0,0,0,0,-1,0,0,0,,0,,0,,0,0,0,1
1723494613,772,4,4,8,8,9.783,0,0,0.11 | 0.11 | 0.11,0,2.63 | 3.39 | 4.28,0,0.94 | 1.18 | 1.52,0.953,0.000,0,1,0,0,0,0,-1,0,0,0,,0,,0,,0,0,0,1
1723494613,772,4,4,8,8,9.783,0,0,0.11 | 0.11 | 0.11,0,2.63 | 3.39 | 4.28,0,0.94 | 1.18 | 1.52,0.953,0.000,0,1,0,0,0,0,-1,0,0,0,,0,,0,,0,0,0,1
1723494613,772,4,4,8,8,9.783,0,0,0.11 | 0.11 | 0.11,0,2.63 | 3.39 | 4.28,0,0.94 | 1.18 | 1.52,0.953,0.000,0,1,0,0,0,0,-1,0,0,0,,0,,0,,0,0,0,1
1723494613,772,4,4,8,8,9.783,0,0,0.11 | 0.11 | 0.11,0,2.63 | 3.39 | 4.28,0,0.94 | 1.18 | 1.52,0.953,0.000,0,1,0,0,0,0,-1,0,0,0,,0,,0,,0,0,0,1
1723494613,772,4,4,8,8,9.783,0,0,0.11 | 0.11 | 0.11,0,2.63 | 3.39 | 4.28,0,0.94 | 1.18 | 1.52,0.953,0.000,0,1,0,0,0,0,-1,0,0,0,,0,,0,,0,0,0,1
1723494613,772,4,4,8,8,9.783,0,0,0.11 | 0.11 | 0.11,0,2.63 | 3.39 | 4.28,0,0.94 | 1.18 | 1.52,0.953,0.000,0,1,0,0,0,0,-1,0,0,0,,0,,0,,0,0,0,1
1723494613,772,4,4,8,8,9.783,0,0,0.11 | 0.11 | 0.11,0,2.63 | 3.39 | 4.28,0,0.94 | 1.18 | 1.52,0.953,0.000,0,1,0,0,0,0,-1,0,0,0,,0,,0,,0,0,0,1
1723494614,772,4,4,8,8,8.987,0,0,0.11 | 0.11 | 0.11,0,2.63 | 3.39 | 4.28,0,0.94 | 1.18 | 1.52,0.953,0.000,0,1,0,0,0,0,-1,0,0,0,,0,,0,,0,0,0,1
1723494614,772,4,4,8,8,8.987,0,0,0.11 | 0.11 | 0.11,0,2.63 | 3.39 | 4.28,0,0.94 | 1.18 | 1.52,0.953,0.000,0,1,0,0,0,0,-1,0,0,0,,0,,0,,0,0,0,1
1723494614,772,4,4,8,8,8.987,0,0,0.11 | 0.11 | 0.11,0,2.63 | 3.39 | 4.28,0,0.94 | 1.18 | 1.52,0.953,0.000,0,1,0,0,0,0,-1,0,0,0,,0,,0,,0,0,0,1
1723494614,772,4,4,8,8,8.987,0,0,0.11 | 0.11 | 0.11,0,2.63 | 3.39 | 4.28,0,0.94 | 1.18 | 1.52,0.953,0.000,0,1,0,0,0,0,-1,0,0,0,,0,,0,,0,0,0,1
1723494614,772,4,4,8,8,8.987,0,0,0.11 | 0.11 | 0.11,0,2.63 | 3.39 | 4.28,0,0.94 | 1.18 | 1.52,0.953,0.000,0,1,0,0,0,0,-1,0,0,0,,0,,0,,0,0,0,1
1723494614,772,4,4,8,8,8.987,0,0,0.11 | 0.11 | 0.11,0,2.63 | 3.39 | 4.28,0,0.94 | 1.18 | 1.52,0.953,0.000,0,1,0,0,0,0,-1,0,0,0,,0,,0,,0,0,0,1
1723494614,772,4,4,8,8,8.987,0,0,0.11 | 0.11 | 0.11,0,2.63 | 3.39 | 4.28,0,0.94 | 1.18 | 1.52,0.953,0.000,0,1,0,0,0,0,-1,0,0,0,,0,,0,,0,0,0,1
1723494614,772,4,4,8,8,8.987,0,0,0.11 | 0.11 | 0.11,0,2.63 | 3.39 | 4.28,0,0.94 | 1.18 | 1.52,0.953,0.000,0,1,0,0,0,0,-1,0,0,0,,0,,0,,0,0,0,1
1723494614,772,4,4,8,8,8.987,0,0,0.11 | 0.11 | 0.11,0,2.63 | 3.39 | 4.28,0,0.94 | 1.18 | 1.52,0.953,0.000,0,1,0,0,0,0,-1,0,0,0,,0,,0,,0,0,0,1
1723494614,772,4,4,8,8,8.987,0,0,0.11 | 0.11 | 0.11,0,2.63 | 3.39 | 4.28,0,0.94 | 1.18 | 1.52,0.953,0.000,0,1,0,0,0,0,-1,0,0,0,,0,,0,,0,0,0,1
1723494615,772,4,4,8,8,11.124,0,0,0.11 | 0.11 | 0.11,0,2.65 | 3.47 | 4.28,0,0.94 | 1.15 | 1.51,0.953,0.000,0,1,0,0,0,0,-1,0,0,0,,0,,0,,0,0,0,1
1723494615,772,4,4,8,8,11.124,0,0,0.11 | 0.11 | 0.11,0,2.65 | 3.47 | 4.28,0,0.94 | 1.15 | 1.51,0.953,0.000,0,1,0,0,0,0,-1,0,0,0,,0,,0,,0,0,0,1
1723494615,772,4,4,8,8,11.124,0,0,0.11 | 0.11 | 0.11,0,2.65 | 3.47 | 4.28,0,0.94 | 1.15 | 1.51,0.953,0.000,0,1,0,0,0,0,-1,0,0,0,,0,,0,,0,0,0,1
1723494615,772,4,4,8,8,11.124,0,0,0.11 | 0.11 | 0.11,0,2.65 | 3.47 | 4.28,0,0.94 | 1.15 | 1.51,0.953,0.000,0,1,0,0,0,0,-1,0,0,0,,0,,0,,0,0,0,1
1723494615,772,4,4,8,8,11.124,0,0,0.11 | 0.11 | 0.11,0,2.65 | 3.47 | 4.28,0,0.94 | 1.15 | 1.51,0.953,0.000,0,1,0,0,0,0,-1,0,0,0,,0,,0,,0,0,0,1
1723494615,772,4,4,8,8,11.124,0,0,0.11 | 0.11 | 0.11,0,2.65 | 3.47 | 4.28,0,0.94 | 1.15 | 1.51,0.953,0.000,0,1,0,0,0,0,-1,0,0,0,,0,,0,,0,0,0,1
1723494615,772,4,4,8,8,11.124,0,0,0.11 | 0.11 | 0.11,0,2.65 | 3.47 | 4.28,0,0.94 | 1.15 | 1.51,0.953,0.000,0,1,0,0,0,0,-1,0,0,0,,0,,0,,0,0,0,1
1723494615,772,4,4,8,8,11.124,0,0,0.11 | 0.11 | 0.11,0,2.65 | 3.47 | 4.28,0,0.94 | 1.15 | 1.51,0.953,0.000,0,1,0,0,0,0,-1,0,0,0,,0,,0,,0,0,0,1
1723494615,772,4,4,8,8,11.124,0,0,0.11 | 0.11 | 0.11,0,2.65 | 3.47 | 4.28,0,0.94 | 1.15 | 1.51,0.953,0.000,0,1,0,0,0,0,-1,0,0,0,,0,,0,,0,0,0,1
1723494615,772,4,4,8,8,11.124,0,0,0.11 | 0.11 | 0.11,0,2.65 | 3.47 | 4.28,0,0.94 | 1.15 | 1.51,0.953,0.000,0,1,0,0,0,0,-1,0,0,0,,0,,0,,0,0,0,1
1723494616,772,4,4,8,8,10.062,0,0,0.11 | 0.11 | 0.11,0,2.65 | 3.47 | 4.28,0,0.94 | 1.15 | 1.51,0.953,0.000,0,1,0,0,0,0,-1,0,0,0,,0,,0,,0,0,0,1
1723494616,772,4,4,8,8,10.062,0,0,0.11 | 0.11 | 0.11,0,2.65 | 3.47 | 4.28,0,0.94 | 1.15 | 1.51,0.953,0.000,0,1,0,0,0,0,-1,0,0,0,,0,,0,,0,0,0,1
1723494616,772,4,4,8,8,10.062,0,0,0.11 | 0.11 | 0.11,0,2.65 | 3.47 | 4.28,0,0.94 | 1.15 | 1.51,0.953,0.000,0,1,0,0,0,0,-1,0,0,0,,0,,0,,0,0,0,1
1723494616,772,4,4,8,8,10.062,0,0,0.11 | 0.11 | 0.11,0,2.65 | 3.47 | 4.28,0,0.94 | 1.15 | 1.51,0.953,0.000,0,1,0,0,0,0,-1,0,0,0,,0,,0,,0,0,0,1
1723494616,772,4,4,8,8,10.062,0,0,0.11 | 0.11 | 0.11,0,2.65 | 3.47 | 4.28,0,0.94 | 1.15 | 1.51,0.953,0.000,0,1,0,0,0,0,-1,0,0,0,,0,,0,,0,0,0,1
1723494616,772,4,4,8,8,10.062,0,0,0.11 | 0.11 | 0.11,0,2.65 | 3.47 | 4.28,0,0.94 | 1.15 | 1.51,0.953,0.000,0,1,0,0,0,0,-1,0,0,0,,0,,0,,0,0,0,1
1723494616,772,4,4,8,8,10.062,0,0,0.11 | 0.11 | 0.11,0,2.65 | 3.47 | 4.28,0,0.94 | 1.15 | 1.51,0.953,0.000,0,1,0,0,0,0,-1,0,0,0,,0,,0,,0,0,0,1
1723494616,772,4,4,8,8,10.062,0,0,0.11 | 0.11 | 0.11,0,2.65 | 3.47 | 4.28,0,0.94 | 1.15 | 1.51,0.953,0.000,0,1,0,0,0,0,-1,0,0,0,,0,,0,,0,0,0,1
1723494616,772,4,4,8,8,10.062,0,0,0.11 | 0.11 | 0.11,0,2.65 | 3.47 | 4.28,0,0.94 | 1.15 | 1.51,0.953,0.000,0,1,0,0,0,0,-1,0,0,0,,0,,0,,0,0,0,1
1723494616,772,4,4,8,8,10.062,0,0,0.11 | 0.11 | 0.11,0,2.65 | 3.47 | 4.28,0,0.94 | 1.15 | 1.51,0.953,0.000,0,1,0,0,0,0,-1,0,0,0,,0,,0,,0,0,0,1
1723494617,772,4,4,8,8,8.999,0,0,0.11 | 0.11 | 0.11,0,2.65 | 3.47 | 4.28,0,0.94 | 1.15 | 1.51,0.953,0.000,0,1,0,0,0,0,-1,0,0,0,,0,,0,,0,0,0,1
1723494617,772,4,4,8,8,8.999,0,0,0.11 | 0.11 | 0.11,0,2.65 | 3.47 | 4.28,0,0.94 | 1.15 | 1.51,0.953,0.000,0,1,0,0,0,0,-1,0,0,0,,0,,0,,0,0,0,1
1723494617,772,4,4,8,8,8.999,0,0,0.11 | 0.11 | 0.11,0,2.65 | 3.47 | 4.28,0,0.94 | 1.15 | 1.51,0.953,0.000,0,1,0,0,0,0,-1,0,0,0,,0,,0,,0,0,0,1
1723494617,772,4,4,8,8,8.999,0,0,0.11 | 0.11 | 0.11,0,2.65 | 3.47 | 4.28,0,0.94 | 1.15 | 1.51,0.953,0.000,0,1,0,0,0,0,-1,0,0,0,,0,,0,,0,0,0,1
1723494617,772,4,4,8,8,8.999,0,0,0.11 | 0.11 | 0.11,0,2.65 | 3.47 | 4.28,0,0.94 | 1.15 | 1.51,0.953,0.000,0,1,0,0,0,0,-1,0,0,0,,0,,0,,0,0,0,1
1723494617,772,4,4,8,8,8.999,0,0,0.11 | 0.11 | 0.11,0,2.65 | 3.47 | 4.28,0,0.94 | 1.15 | 1.51,0.953,0.000,0,1,0,0,0,0,-1,0,0,0,,0,,0,,0,0,0,1
1723494617,772,4,4,8,8,8.999,0,0,0.11 | 0.11 | 0.11,0,2.65 | 3.47 | 4.28,0,0.94 | 1.15 | 1.51,0.953,0.000,0,1,0,0,0,0,-1,0,0,0,,0,,0,,0,0,0,1
1723494617,772,4,4,8,8,8.999,0,0,0.11 | 0.11 | 0.11,0,2.65 | 3.47 | 4.28,0,0.94 | 1.15 | 1.51,0.953,0.000,0,1,0,0,0,0,-1,0,0,0,,0,,0,,0,0,0,1
1723494617,772,4,4,8,8,8.999,0,0,0.11 | 0.11 | 0.11,0,2.65 | 3.47 | 4.28,0,0.94 | 1.15 | 1.51,0.953,0.000,0,1,0,0,0,0,-1,0,0,0,,0,,0,,0,0,0,1
1723494617,772,4,4,8,8,8.999,0,0,0.11 | 0.11 | 0.11,0,2.65 | 3.47 | 4.28,0,0.94 | 1.15 | 1.51,0.953,0.000,0,1,0,0,0,0,-1,0,0,0,,0,,0,,0,0,0,1
1723494618,772,4,4,8,8,8.202,0,0,0.11 | 0.11 | 0.11,0,2.65 | 3.47 | 4.28,0,0.94 | 1.15 | 1.51,0.953,0.000,0,1,0,0,0,0,-1,0,0,0,,0,,0,,0,0,0,1
1723494618,772,4,4,8,8,8.202,0,0,0.11 | 0.11 | 0.11,0,2.65 | 3.47 | 4.28,0,0.94 | 1.15 | 1.51,0.953,0.000,0,1,0,0,0,0,-1,0,0,0,,0,,0,,0,0,0,1
1723494618,772,4,4,8,8,8.202,0,0,0.11 | 0.11 | 0.11,0,2.65 | 3.47 | 4.28,0,0.94 | 1.15 | 1.51,0.953,0.000,0,1,0,0,0,0,-1,0,0,0,,0,,0,,0,0,0,1
1723494618,772,4,4,8,8,8.202,0,0,0.11 | 0.11 | 0.11,0,2.65 | 3.47 | 4.28,0,0.94 | 1.15 | 1.51,0.953,0.000,0,1,0,0,0,0,-1,0,0,0,,0,,0,,0,0,0,1
1723494618,772,4,4,8,8,8.202,0,0,0.11 | 0.11 | 0.11,0,2.65 | 3.47 | 4.28,0,0.94 | 1.15 | 1.51,0.953,0.000,0,1,0,0,0,0,-1,0,0,0,,0,,0,,0,0,0,1
1723494618,772,4,4,8,8,8.202,0,0,0.11 | 0.11 | 0.11,0,2.65 | 3.47 | 4.28,0,0.94 | 1.15 | 1.51,0.953,0.000,0,1,0,0,0,0,-1,0,0,0,,0,,0,,0,0,0,1
1723494618,772,4,4,8,8,8.202,0,0,0.11 | 0.11 | 0.11,0,2.65 | 3.47 | 4.28,0,0.94 | 1.15 | 1.51,0.953,0.000,0,1,0,0,0,0,-1,0,0,0,,0,,0,,0,0,0,1
1723494618,772,4,4,8,8,8.202,0,0,0.11 | 0.11 | 0.11,0,2.65 | 3.47 | 4.28,0,0.94 | 1.15 | 1.51,0.953,0.000,0,1,0,0,0,0,-1,0,0,0,,0,,0,,0,0,0,1
1723494618,772,4,4,8,8,8.202,0,0,0.11 | 0.11 | 0.11,0,2.65 | 3.47 | 4.28,0,0.94 | 1.15 | 1.51,0.953,0.000,0,1,0,0,0,0,-1,0,0,0,,0,,0,,0,0,0,1
1723494618,772,4,4,8,8,8.202,0,0,0.11 | 0.11 | 0.11,0,2.65 | 3.47 | 4.28,0,0.94 | 1.15 | 1.51,0.953,0.000,0,1,0,0,0,0,-1,0,0,0,,0,,0,,0,0,0,1
1723494619,772,4,4,8,8,11.94,0,0,0.11 | 0.11 | 0.11,0,2.65 | 3.49 | 4.28,0,0.94 | 1.15 | 1.51,0.953,0.000,0,1,0,0,0,0,-1,0,0,0,,0,,0,,0,0,0,1
1723494619,772,4,4,8,8,11.94,0,0,0.11 | 0.11 | 0.11,0,2.65 | 3.49 | 4.28,0,0.94 | 1.15 | 1.51,0.953,0.000,0,1,0,0,0,0,-1,0,0,0,,0,,0,,0,0,0,1
1723494619,772,4,4,8,8,11.94,0,0,0.11 | 0.11 | 0.11,0,2.65 | 3.49 | 4.28,0,0.94 | 1.15 | 1.51,0.953,0.000,0,1,0,0,0,0,-1,0,0,0,,0,,0,,0,0,0,1
1723494619,772,4,4,8,8,11.94,0,0,0.11 | 0.11 | 0.11,0,2.65 | 3.49 | 4.28,0,0.94 | 1.15 | 1.51,0.953,0.000,0,1,0,0,0,0,-1,0,0,0,,0,,0,,0,0,0,1
1723494619,772,4,4,8,8,11.94,0,0,0.11 | 0.11 | 0.11,0,2.65 | 3.49 | 4.28,0,0.94 | 1.15 | 1.51,0.953,0.000,0,1,0,0,0,0,-1,0,0,0,,0,,0,,0,0,0,1
1723494619,772,4,4,8,8,11.94,0,0,0.11 | 0.11 | 0.11,0,2.65 | 3.49 | 4.28,0,0.94 | 1.15 | 1.51,0.953,0.000,0,1,0,0,0,0,-1,0,0,0,,0,,0,,0,0,0,1
1723494619,772,4,4,8,8,11.94,0,0,0.11 | 0.11 | 0.11,0,2.65 | 3.49 | 4.28,0,0.94 | 1.15 | 1.51,0.953,0.000,0,1,0,0,0,0,-1,0,0,0,,0,,0,,0,0,0,1
1723494619,772,4,4,8,8,11.94,0,0,0.11 | 0.11 | 0.11,0,2.65 | 3.49 | 4.28,0,0.94 | 1.15 | 1.51,0.953,0.000,0,1,0,0,0,0,-1,0,0,0,,0,,0,,0,0,0,1
1723494619,772,4,4,8,8,11.94,0,0,0.11 | 0.11 | 0.11,0,2.65 | 3.49 | 4.28,0,0.94 | 1.15 | 1.51,0.953,0.000,0,1,0,0,0,0,-1,0,0,0,,0,,0,,0,0,0,1
1723494619,772,4,4,8,8,11.94,0,0,0.11 | 0.11 | 0.11,0,2.65 | 3.49 | 4.28,0,0.94 | 1.15 | 1.51,0.953,0.000,0,1,0,0,0,0,-1,0,0,0,,0,,0,,0,0,0,1
1723494620,772,4,4,8,8,10.787,0,0,0.11 | 0.11 | 0.11,0,2.65 | 3.49 | 4.28,0,0.94 | 1.15 | 1.51,0.953,0.000,0,1,0,0,0,0,-1,0,0,0,,0,,0,,0,0,0,1
1723494620,772,4,4,8,8,10.787,0,0,0.11 | 0.11 | 0.11,0,2.65 | 3.49 | 4.28,0,0.94 | 1.15 | 1.51,0.953,0.000,0,1,0,0,0,0,-1,0,0,0,,0,,0,,0,0,0,1
1723494620,772,4,4,8,8,10.787,0,0,0.11 | 0.11 | 0.11,0,2.65 | 3.49 | 4.28,0,0.94 | 1.15 | 1.51,0.953,0.000,0,1,0,0,0,0,-1,0,0,0,,0,,0,,0,0,0,1
1723494620,772,4,4,8,8,10.787,0,0,0.11 | 0.11 | 0.11,0,2.65 | 3.49 | 4.28,0,0.94 | 1.15 | 1.51,0.953,0.000,0,1,0,0,0,0,-1,0,0,0,,0,,0,,0,0,0,1
1723494620,772,4,4,8,8,10.787,0,0,0.11 | 0.11 | 0.11,0,2.65 | 3.49 | 4.28,0,0.94 | 1.15 | 1.51,0.953,0.000,0,1,0,0,0,0,-1,0,0,0,,0,,0,,0,0,0,1
1723494620,772,4,4,8,8,10.787,0,0,0.11 | 0.11 | 0.11,0,2.65 | 3.49 | 4.28,0,0.94 | 1.15 | 1.51,0.953,0.000,0,1,0,0,0,0,-1,0,0,0,,0,,0,,0,0,0,1
1723494620,772,4,4,8,8,10.787,0,0,0.11 | 0.11 | 0.11,0,2.65 | 3.49 | 4.28,0,0.94 | 1.15 | 1.51,0.953,0.000,0,1,0,0,0,0,-1,0,0,0,,0,,0,,0,0,0,1
1723494620,772,4,4,8,8,10.787,0,0,0.11 | 0.11 | 0.11,0,2.65 | 3.49 | 4.28,0,0.94 | 1.15 | 1.51,0.953,0.000,0,1,0,0,0,0,-1,0,0,0,,0,,0,,0,0,0,1
1723494620,772,4,4,8,8,10.787,0,0,0.11 | 0.11 | 0.11,0,2.65 | 3.49 | 4.28,0,0.94 | 1.15 | 1.51,0.953,0.000,0,1,0,0,0,0,-1,0,0,0,,0,,0,,0,0,0,1
1723494620,772,4,4,8,8,10.787,0,0,0.11 | 0.11 | 0.11,0,2.65 | 3.49 | 4.28,0,0.94 | 1.15 | 1.51,0.953,0.000,0,1,0,0,0,0,-1,0,0,0,,0,,0,,0,0,0,1
1723494621,772,4,4,8,8,9.815,0,0,0.11 | 0.11 | 0.11,0,2.65 | 3.49 | 4.28,0,0.94 | 1.15 | 1.51,0.953,0.000,0,1,0,0,0,0,-1,0,0,0,,0,,0,,0,0,0,1
1723494621,772,4,4,8,8,9.815,0,0,0.11 | 0.11 | 0.11,0,2.65 | 3.49 | 4.28,0,0.94 | 1.15 | 1.51,0.953,0.000,0,1,0,0,0,0,-1,0,0,0,,0,,0,,0,0,0,1
1723494621,772,4,4,8,8,9.815,0,0,0.11 | 0.11 | 0.11,0,2.65 | 3.49 | 4.28,0,0.94 | 1.15 | 1.51,0.953,0.000,0,1,0,0,0,0,-1,0,0,0,,0,,0,,0,0,0,1
1723494621,772,4,4,8,8,9.815,0,0,0.11 | 0.11 | 0.11,0,2.65 | 3.49 | 4.28,0,0.94 | 1.15 | 1.51,0.953,0.000,0,1,0,0,0,0,-1,0,0,0,,0,,0,,0,0,0,1
1723494621,772,4,4,8,8,9.815,0,0,0.11 | 0.11 | 0.11,0,2.65 | 3.49 | 4.28,0,0.94 | 1.15 | 1.51,0.953,0.000,0,1,0,0,0,0,-1,0,0,0,,0,,0,,0,0,0,1
1723494621,772,4,4,8,8,9.815,0,0,0.11 | 0.11 | 0.11,0,2.65 | 3.49 | 4.28,0,0.94 | 1.15 | 1.51,0.953,0.000,0,1,0,0,0,0,-1,0,0,0,,0,,0,,0,0,0,1
1723494621,772,4,4,8,8,9.815,0,0,0.11 | 0.11 | 0.11,0,2.65 | 3.49 | 4.28,0,0.94 | 1.15 | 1.51,0.953,0.000,0,1,0,0,0,0,-1,0,0,0,,0,,0,,0,0,0,1
1723494621,772,4,4,8,8,9.815,0,0,0.11 | 0.11 | 0.11,0,2.65 | 3.49 | 4.28,0,0.94 | 1.15 | 1.51,0.953,0.000,0,1,0,0,0,0,-1,0,0,0,,0,,0,,0,0,0,1
1723494621,772,4,4,8,8,9.815,0,0,0.11 | 0.11 | 0.11,0,2.65 | 3.49 | 4.28,0,0.94 | 1.15 | 1.51,0.953,0.000,0,1,0,0,0,0,-1,0,0,0,,0,,0,,0,0,0,1
1723494621,772,4,4,8,8,9.815,0,0,0.11 | 0.11 | 0.11,0,2.65 | 3.49 | 4.28,0,0.94 | 1.15 | 1.51,0.953,0.000,0,1,0,0,0,0,-1,0,0,0,,0,,0,,0,0,0,1
1723494622,772,4,4,8,8,11.999,0,0,0.11 | 0.11 | 0.11,0,2.49 | 3.45 | 4.28,0,0.94 | 1.16 | 1.61,0.953,0.000,0,1,0,0,0,0,-1,0,0,0,,0,,0,,0,0,0,1
1723494622,772,4,4,8,8,11.999,0,0,0.11 | 0.11 | 0.11,0,2.49 | 3.45 | 4.28,0,0.94 | 1.16 | 1.61,0.953,0.000,0,1,0,0,0,0,-1,0,0,0,,0,,0,,0,0,0,1
1723494622,772,4,4,8,8,11.999,0,0,0.11 | 0.11 | 0.11,0,2.49 | 3.45 | 4.28,0,0.94 | 1.16 | 1.61,0.953,0.000,0,1,0,0,0,0,-1,0,0,0,,0,,0,,0,0,0,1
1723494622,772,4,4,8,8,11.999,0,0,0.11 | 0.11 | 0.11,0,2.49 | 3.45 | 4.28,0,0.94 | 1.16 | 1.61,0.953,0.000,0,1,0,0,0,0,-1,0,0,0,,0,,0,,0,0,0,1
1723494622,772,4,4,8,8,11.999,0,0,0.11 | 0.11 | 0.11,0,2.49 | 3.45 | 4.28,0,0.94 | 1.16 | 1.61,0.953,0.000,0,1,0,0,0,0,-1,0,0,0,,0,,0,,0,0,0,1
1723494622,772,4,4,8,8,11.999,0,0,0.11 | 0.11 | 0.11,0,2.49 | 3.45 | 4.28,0,0.94 | 1.16 | 1.61,0.953,0.000,0,1,0,0,0,0,-1,0,0,0,,0,,0,,0,0,0,1
1723494622,772,4,4,8,8,11.999,0,0,0.11 | 0.11 | 0.11,0,2.49 | 3.45 | 4.28,0,0.94 | 1.16 | 1.61,0.953,0.000,0,1,0,0,0,0,-1,0,0,0,,0,,0,,0,0,0,1
1723494622,772,4,4,8,8,11.999,0,0,0.11 | 0.11 | 0.11,0,2.49 | 3.45 | 4.28,0,0.94 | 1.16 | 1.61,0.953,0.000,0,1,0,0,0,0,-1,0,0,0,,0,,0,,0,0,0,1
1723494622,772,4,4,8,8,11.999,0,0,0.11 | 0.11 | 0.11,0,2.49 | 3.45 | 4.28,0,0.94 | 1.16 | 1.61,0.953,0.000,0,1,0,0,0,0,-1,0,0,0,,0,,0,,0,0,0,1
1723494622,772,4,4,8,8,11.999,0,0,0.11 | 0.11 | 0.11,0,2.49 | 3.45 | 4.28,0,0.94 | 1.16 | 1.61,0.953,0.000,0,1,0,0,0,0,-1,0,0,0,,0,,0,,0,0,0,1
1723494623,772,4,4,8,8,11.155,0,0,0.11 | 0.11 | 0.11,0,2.49 | 3.45 | 4.28,0,0.94 | 1.16 | 1.61,0.953,0.000,0,1,0,0,0,0,-1,0,0,0,,0,,0,,0,0,0,1
1723494623,772,4,4,8,8,11.155,0,0,0.11 | 0.11 | 0.11,0,2.49 | 3.45 | 4.28,0,0.94 | 1.16 | 1.61,0.953,0.000,0,1,0,0,0,0,-1,0,0,0,,0,,0,,0,0,0,1
1723494623,772,4,4,8,8,11.155,0,0,0.11 | 0.11 | 0.11,0,2.49 | 3.45 | 4.28,0,0.94 | 1.16 | 1.61,0.953,0.000,0,1,0,0,0,0,-1,0,0,0,,0,,0,,0,0,0,1
1723494623,772,4,4,8,8,11.155,0,0,0.11 | 0.11 | 0.11,0,2.49 | 3.45 | 4.28,0,0.94 | 1.16 | 1.61,0.953,0.000,0,1,0,0,0,0,-1,0,0,0,,0,,0,,0,0,0,1
1723494623,772,4,4,8,8,11.155,0,0,0.11 | 0.11 | 0.11,0,2.49 | 3.45 | 4.28,0,0.94 | 1.16 | 1.61,0.953,0.000,0,1,0,0,0,0,-1,0,0,0,,0,,0,,0,0,0,1
1723494623,772,4,4,8,8,11.155,0,0,0.11 | 0.11 | 0.11,0,2.49 | 3.45 | 4.28,0,0.94 | 1.16 | 1.61,0.953,0.000,0,1,0,0,0,0,-1,0,0,0,,0,,0,,0,0,0,1
1723494623,772,4,4,8,8,11.155,0,0,0.11 | 0.11 | 0.11,0,2.49 | 3.45 | 4.28,0,0.94 | 1.16 | 1.61,0.953,0.000,0,1,0,0,0,0,-1,0,0,0,,0,,0,,0,0,0,1
1723494623,772,4,4,8,8,11.155,0,0,0.11 | 0.11 | 0.11,0,2.49 | 3.45 | 4.28,0,0.94 | 1.16 | 1.61,0.953,0.000,0,1,0,0,0,0,-1,0,0,0,,0,,0,,0,0,0,1
1723494623,772,4,4,8,8,11.155,0,0,0.11 | 0.11 | 0.11,0,2.49 | 3.45 | 4.28,0,0.94 | 1.16 | 1.61,0.953,0.000,0,1,0,0,0,0,-1,0,0,0,,0,,0,,0,0,0,1
1723494623,772,4,4,8,8,11.155,0,0,0.11 | 0.11 | 0.11,0,2.49 | 3.45 | 4.28,0,0.94 | 1.16 | 1.61,0.953,0.000,0,1,0,0,0,0,-1,0,0,0,,0,,0,,0,0,0,1
1723494624,772,4,4,8,8,10.093,0,0,0.11 | 0.11 | 0.11,0,2.49 | 3.45 | 4.28,0,0.94 | 1.16 | 1.61,0.953,0.000,0,1,0,0,0,0,-1,0,0,0,,0,,0,,0,0,0,1
1723494624,772,4,4,8,8,10.093,0,0,0.11 | 0.11 | 0.11,0,2.49 | 3.45 | 4.28,0,0.94 | 1.16 | 1.61,0.953,0.000,0,1,0,0,0,0,-1,0,0,0,,0,,0,,0,0,0,1
1723494624,772,4,4,8,8,10.093,0,0,0.11 | 0.11 | 0.11,0,2.49 | 3.45 | 4.28,0,0.94 | 1.16 | 1.61,0.953,0.000,0,1,0,0,0,0,-1,0,0,0,,0,,0,,0,0,0,1
1723494624,772,4,4,8,8,10.093,0,0,0.11 | 0.11 | 0.11,0,2.49 | 3.45 | 4.28,0,0.94 | 1.16 | 1.61,0.953,0.000,0,1,0,0,0,0,-1,0,0,0,,0,,0,,0,0,0,1
1723494624,772,4,4,8,8,10.093,0,0,0.11 | 0.11 | 0.11,0,2.49 | 3.45 | 4.28,0,0.94 | 1.16 | 1.61,0.953,0.000,0,1,0,0,0,0,-1,0,0,0,,0,,0,,0,0,0,1
1723494624,772,4,4,8,8,10.093,0,0,0.11 | 0.11 | 0.11,0,2.49 | 3.45 | 4.28,0,0.94 | 1.16 | 1.61,0.953,0.000,0,1,0,0,0,0,-1,0,0,0,,0,,0,,0,0,0,1
1723494624,772,4,4,8,8,10.093,0,0,0.11 | 0.11 | 0.11,0,2.49 | 3.45 | 4.28,0,0.94 | 1.16 | 1.61,0.953,0.000,0,1,0,0,0,0,-1,0,0,0,,0,,0,,0,0,0,1
1723494624,772,4,4,8,8,10.093,0,0,0.11 | 0.11 | 0.11,0,2.49 | 3.45 | 4.28,0,0.94 | 1.16 | 1.61,0.953,0.000,0,1,0,0,0,0,-1,0,0,0,,0,,0,,0,0,0,1
1723494624,772,4,4,8,8,10.093,0,0,0.11 | 0.11 | 0.11,0,2.49 | 3.45 | 4.28,0,0.94 | 1.16 | 1.61,0.953,0.000,0,1,0,0,0,0,-1,0,0,0,,0,,0,,0,0,0,1
1723494624,772,4,4,8,8,10.093,0,0,0.11 | 0.11 | 0.11,0,2.49 | 3.45 | 4.28,0,0.94 | 1.16 | 1.61,0.953,0.000,0,1,0,0,0,0,-1,0,0,0,,0,,0,,0,0,0,1
1723494625,772,4,4,8,8,9.03,0,0,0.11 | 0.11 | 0.11,0,2.49 | 3.45 | 4.28,0,0.94 | 1.16 | 1.61,0.953,0.000,0,1,0,0,0,0,-1,0,0,0,,0,,0,,0,0,0,1
1723494625,772,4,4,8,8,9.03,0,0,0.11 | 0.11 | 0.11,0,2.49 | 3.45 | 4.28,0,0.94 | 1.16 | 1.61,0.953,0.000,0,1,0,0,0,0,-1,0,0,0,,0,,0,,0,0,0,1
1723494625,772,4,4,8,8,9.03,0,0,0.11 | 0.11 | 0.11,0,2.49 | 3.45 | 4.28,0,0.94 | 1.16 | 1.61,0.953,0.000,0,1,0,0,0,0,-1,0,0,0,,0,,0,,0,0,0,1
1723494625,772,4,4,8,8,9.03,0,0,0.11 | 0.11 | 0.11,0,2.49 | 3.45 | 4.28,0,0.94 | 1.16 | 1.61,0.953,0.000,0,1,0,0,0,0,-1,0,0,0,,0,,0,,0,0,0,1
1723494625,772,4,4,8,8,9.03,0,0,0.11 | 0.11 | 0.11,0,2.49 | 3.45 | 4.28,0,0.94 | 1.16 | 1.61,0.953,0.000,0,1,0,0,0,0,-1,0,0,0,,0,,0,,0,0,0,1
1723494625,772,4,4,8,8,9.03,0,0,0.11 | 0.11 | 0.11,0,2.49 | 3.45 | 4.28,0,0.94 | 1.16 | 1.61,0.953,0.000,0,1,0,0,0,0,-1,0,0,0,,0,,0,,0,0,0,1
1723494625,772,4,4,8,8,9.03,0,0,0.11 | 0.11 | 0.11,0,2.49 | 3.45 | 4.28,0,0.94 | 1.16 | 1.61,0.953,0.000,0,1,0,0,0,0,-1,0,0,0,,0,,0,,0,0,0,1
1723494625,772,4,4,8,8,9.03,0,0,0.11 | 0.11 | 0.11,0,2.49 | 3.45 | 4.28,0,0.94 | 1.16 | 1.61,0.953,0.000,0,1,0,0,0,0,-1,0,0,0,,0,,0,,0,0,0,1
1723494625,772,4,4,8,8,9.03,0,0,0.11 | 0.11 | 0.11,0,2.49 | 3.45 | 4.28,0,0.94 | 1.16 | 1.61,0.953,0.000,0,1,0,0,0,0,-1,0,0,0,,0,,0,,0,0,0,1
1723494625,772,4,4,8,8,9.03,0,0,0.11 | 0.11 | 0.11,0,2.49 | 3.45 | 4.28,0,0.94 | 1.16 | 1.61,0.953,0.000,0,1,0,0,0,0,-1,0,0,0,,0,,0,,0,0,0,1
1723494626,772,4,4,8,8,8.233,0,0,0.11 | 0.11 | 0.11,0,2.49 | 3.45 | 4.28,0,0.94 | 1.16 | 1.61,0.953,0.000,0,1,0,0,0,0,-1,0,0,0,,0,,0,,0,0,0,1
1723494626,772,4,4,8,8,8.233,0,0,0.11 | 0.11 | 0.11,0,2.49 | 3.45 | 4.28,0,0.94 | 1.16 | 1.61,0.953,0.000,0,1,0,0,0,0,-1,0,0,0,,0,,0,,0,0,0,1
1723494626,772,4,4,8,8,8.233,0,0,0.11 | 0.11 | 0.11,0,2.49 | 3.45 | 4.28,0,0.94 | 1.16 | 1.61,0.953,0.000,0,1,0,0,0,0,-1,0,0,0,,0,,0,,0,0,0,1
1723494626,772,4,4,8,8,8.233,0,0,0.11 | 0.11 | 0.11,0,2.49 | 3.45 | 4.28,0,0.94 | 1.16 | 1.61,0.953,0.000,0,1,0,0,0,0,-1,0,0,0,,0,,0,,0,0,0,1
1723494626,772,4,4,8,8,8.233,0,0,0.11 | 0.11 | 0.11,0,2.49 | 3.45 | 4.28,0,0.94 | 1.16 | 1.61,0.953,0.000,0,1,0,0,0,0,-1,0,0,0,,0,,0,,0,0,0,1
1723494626,772,4,4,8,8,8.233,0,0,0.11 | 0.11 | 0.11,0,2.49 | 3.45 | 4.28,0,0.94 | 1.16 | 1.61,0.953,0.000,0,1,0,0,0,0,-1,0,0,0,,0,,0,,0,0,0,1
1723494626,772,4,4,8,8,8.233,0,0,0.11 | 0.11 | 0.11,0,2.49 | 3.45 | 4.28,0,0.94 | 1.16 | 1.61,0.953,0.000,0,1,0,0,0,0,-1,0,0,0,,0,,0,,0,0,0,1
1723494626,772,4,4,8,8,8.233,0,0,0.11 | 0.11 | 0.11,0,2.49 | 3.45 | 4.28,0,0.94 | 1.16 | 1.61,0.953,0.000,0,1,0,0,0,0,-1,0,0,0,,0,,0,,0,0,0,1
1723494626,772,4,4,8,8,8.233,0,0,0.11 | 0.11 | 0.11,0,2.49 | 3.45 | 4.28,0,0.94 | 1.16 | 1.61,0.953,0.000,0,1,0,0,0,0,-1,0,0,0,,0,,0,,0,0,0,1
1723494626,772,4,4,8,8,8.233,0,0,0.11 | 0.11 | 0.11,0,2.49 | 3.45 | 4.28,0,0.94 | 1.16 | 1.61,0.953,0.000,0,1,0,0,0,0,-1,0,0,0,,0,,0,,0,0,0,1
1723494627,772,4,4,8,8,11.971,0,0,0.11 | 0.11 | 0.11,0,2.49 | 3.35 | 4.06,0,0.99 | 1.19 | 1.61,0.954,0.000,0,1,0,0,0,0,-1,0,0,0,,0,,0,,0,0,0,1
1723494627,772,4,4,8,8,11.971,0,0,0.11 | 0.11 | 0.11,0,2.49 | 3.35 | 4.06,0,0.99 | 1.19 | 1.61,0.954,0.000,0,1,0,0,0,0,-1,0,0,0,,0,,0,,0,0,0,1
1723494627,772,4,4,8,8,11.971,0,0,0.11 | 0.11 | 0.11,0,2.49 | 3.35 | 4.06,0,0.99 | 1.19 | 1.61,0.954,0.000,0,1,0,0,0,0,-1,0,0,0,,0,,0,,0,0,0,1
1723494627,772,4,4,8,8,11.971,0,0,0.11 | 0.11 | 0.11,0,2.49 | 3.35 | 4.06,0,0.99 | 1.19 | 1.61,0.954,0.000,0,1,0,0,0,0,-1,0,0,0,,0,,0,,0,0,0,1
1723494627,772,4,4,8,8,11.971,0,0,0.11 | 0.11 | 0.11,0,2.49 | 3.35 | 4.06,0,0.99 | 1.19 | 1.61,0.954,0.000,0,1,0,0,0,0,-1,0,0,0,,0,,0,,0,0,0,1
1723494627,772,4,4,8,8,11.971,0,0,0.11 | 0.11 | 0.11,0,2.49 | 3.35 | 4.06,0,0.99 | 1.19 | 1.61,0.954,0.000,0,1,0,0,0,0,-1,0,0,0,,0,,0,,0,0,0,1
1723494627,772,4,4,8,8,11.971,0,0,0.11 | 0.11 | 0.11,0,2.49 | 3.35 | 4.06,0,0.99 | 1.19 | 1.61,0.954,0.000,0,1,0,0,0,0,-1,0,0,0,,0,,0,,0,0,0,1
1723494627,772,4,4,8,8,11.971,0,0,0.11 | 0.11 | 0.11,0,2.49 | 3.35 | 4.06,0,0.99 | 1.19 | 1.61,0.954,0.000,0,1,0,0,0,0,-1,0,0,0,,0,,0,,0,0,0,1
1723494627,772,4,4,8,8,11.971,0,0,0.11 | 0.11 | 0.11,0,2.49 | 3.35 | 4.06,0,0.99 | 1.19 | 1.61,0.954,0.000,0,1,0,0,0,0,-1,0,0,0,,0,,0,,0,0,0,1
1723494627,772,4,4,8,8,11.971,0,0,0.11 | 0.11 | 0.11,0,2.49 | 3.35 | 4.06,0,0.99 | 1.19 | 1.61,0.954,0.000,0,1,0,0,0,0,-1,0,0,0,,0,,0,,0,0,0,1
1723494628,772,4,4,8,8,10.908,0,0,0.11 | 0.11 | 0.11,0,2.49 | 3.35 | 4.06,0,0.99 | 1.19 | 1.61,0.954,0.000,0,1,0,0,0,0,-1,0,0,0,,0,,0,,0,0,0,1
1723494628,772,4,4,8,8,10.908,0,0,0.11 | 0.11 | 0.11,0,2.49 | 3.35 | 4.06,0,0.99 | 1.19 | 1.61,0.954,0.000,0,1,0,0,0,0,-1,0,0,0,,0,,0,,0,0,0,1
1723494628,772,4,4,8,8,10.908,0,0,0.11 | 0.11 | 0.11,0,2.49 | 3.35 | 4.06,0,0.99 | 1.19 | 1.61,0.954,0.000,0,1,0,0,0,0,-1,0,0,0,,0,,0,,0,0,0,1
1723494628,772,4,4,8,8,10.908,0,0,0.11 | 0.11 | 0.11,0,2.49 | 3.35 | 4.06,0,0.99 | 1.19 | 1.61,0.954,0.000,0,1,0,0,0,0,-1,0,0,0,,0,,0,,0,0,0,1
1723494628,772,4,4,8,8,10.908,0,0,0.11 | 0.11 | 0.11,0,2.49 | 3.35 | 4.06,0,0.99 | 1.19 | 1.61,0.954,0.000,0,1,0,0,0,0,-1,0,0,0,,0,,0,,0,0,0,1
1723494628,772,4,4,8,8,10.908,0,0,0.11 | 0.11 | 0.11,0,2.49 | 3.35 | 4.06,0,0.99 | 1.19 | 1.61,0.954,0.000,0,1,0,0,0,0,-1,0,0,0,,0,,0,,0,0,0,1
1723494628,772,4,4,8,8,10.908,0,0,0.11 | 0.11 | 0.11,0,2.49 | 3.35 | 4.06,0,0.99 | 1.19 | 1.61,0.954,0.000,0,1,0,0,0,0,-1,0,0,0,,0,,0,,0,0,0,1
1723494628,772,4,4,8,8,10.908,0,0,0.11 | 0.11 | 0.11,0,2.49 | 3.35 | 4.06,0,0.99 | 1.19 | 1.61,0.954,0.000,0,1,0,0,0,0,-1,0,0,0,,0,,0,,0,0,0,1
1723494628,772,4,4,8,8,10.908,0,0,0.11 | 0.11 | 0.11,0,2.49 | 3.35 | 4.06,0,0.99 | 1.19 | 1.61,0.954,0.000,0,1,0,0,0,0,-1,0,0,0,,0,,0,,0,0,0,1
1723494628,772,4,4,8,8,10.908,0,0,0.11 | 0.11 | 0.11,0,2.49 | 3.35 | 4.06,0,0.99 | 1.19 | 1.61,0.954,0.000,0,1,0,0,0,0,-1,0,0,0,,0,,0,,0,0,0,1
1723494629,772,4,4,8,8,9.846,0,0,0.11 | 0.11 | 0.11,0,2.49 | 3.35 | 4.06,0,0.99 | 1.19 | 1.61,0.954,0.000,0,1,0,0,0,0,-1,0,0,0,,0,,0,,0,0,0,1
1723494629,772,4,4,8,8,9.846,0,0,0.11 | 0.11 | 0.11,0,2.49 | 3.35 | 4.06,0,0.99 | 1.19 | 1.61,0.954,0.000,0,1,0,0,0,0,-1,0,0,0,,0,,0,,0,0,0,1
1723494629,772,4,4,8,8,9.846,0,0,0.11 | 0.11 | 0.11,0,2.49 | 3.35 | 4.06,0,0.99 | 1.19 | 1.61,0.954,0.000,0,1,0,0,0,0,-1,0,0,0,,0,,0,,0,0,0,1
1723494629,772,4,4,8,8,9.846,0,0,0.11 | 0.11 | 0.11,0,2.49 | 3.35 | 4.06,0,0.99 | 1.19 | 1.61,0.954,0.000,0,1,0,0,0,0,-1,0,0,0,,0,,0,,0,0,0,1
1723494629,772,4,4,8,8,9.846,0,0,0.11 | 0.11 | 0.11,0,2.49 | 3.35 | 4.06,0,0.99 | 1.19 | 1.61,0.954,0.000,0,1,0,0,0,0,-1,0,0,0,,0,,0,,0,0,0,1
1723494629,772,4,4,8,8,9.846,0,0,0.11 | 0.11 | 0.11,0,2.49 | 3.35 | 4.06,0,0.99 | 1.19 | 1.61,0.954,0.000,0,1,0,0,0,0,-1,0,0,0,,0,,0,,0,0,0,1
1723494629,772,4,4,8,8,9.846,0,0,0.11 | 0.11 | 0.11,0,2.49 | 3.35 | 4.06,0,0.99 | 1.19 | 1.61,0.954,0.000,0,1,0,0,0,0,-1,0,0,0,,0,,0,,0,0,0,1
1723494629,772,4,4,8,8,9.846,0,0,0.11 | 0.11 | 0.11,0,2.49 | 3.35 | 4.06,0,0.99 | 1.19 | 1.61,0.954,0.000,0,1,0,0,0,0,-1,0,0,0,,0,,0,,0,0,0,1
1723494629,772,4,4,8,8,9.846,0,0,0.11 | 0.11 | 0.11,0,2.49 | 3.35 | 4.06,0,0.99 | 1.19 | 1.61,0.954,0.000,0,1,0,0,0,0,-1,0,0,0,,0,,0,,0,0,0,1
1723494629,772,4,4,8,8,9.846,0,0,0.11 | 0.11 | 0.11,0,2.49 | 3.35 | 4.06,0,0.99 | 1.19 | 1.61,0.954,0.000,0,1,0,0,0,0,-1,0,0,0,,0,,0,,0,0,0,1
1723494630,772,4,4,8,8,11.983,0,0,0.11 | 0.11 | 0.11,0,2.49 | 3.27 | 4.06,0,0.99 | 1.23 | 1.61,0.953,0.000,0,1,0,0,0,0,-1,0,0,0,,0,,0,,0,0,0,1
1723494630,772,4,4,8,8,11.983,0,0,0.11 | 0.11 | 0.11,0,2.49 | 3.27 | 4.06,0,0.99 | 1.23 | 1.61,0.953,0.000,0,1,0,0,0,0,-1,0,0,0,,0,,0,,0,0,0,1
1723494630,772,4,4,8,8,11.983,0,0,0.11 | 0.11 | 0.11,0,2.49 | 3.27 | 4.06,0,0.99 | 1.23 | 1.61,0.953,0.000,0,1,0,0,0,0,-1,0,0,0,,0,,0,,0,0,0,1
1723494630,772,4,4,8,8,11.983,0,0,0.11 | 0.11 | 0.11,0,2.49 | 3.27 | 4.06,0,0.99 | 1.23 | 1.61,0.953,0.000,0,1,0,0,0,0,-1,0,0,0,,0,,0,,0,0,0,1
1723494630,772,4,4,8,8,11.983,0,0,0.11 | 0.11 | 0.11,0,2.49 | 3.27 | 4.06,0,0.99 | 1.23 | 1.61,0.953,0.000,0,1,0,0,0,0,-1,0,0,0,,0,,0,,0,0,0,1
1723494630,772,4,4,8,8,11.983,0,0,0.11 | 0.11 | 0.11,0,2.49 | 3.27 | 4.06,0,0.99 | 1.23 | 1.61,0.953,0.000,0,1,0,0,0,0,-1,0,0,0,,0,,0,,0,0,0,1
1723494630,772,4,4,8,8,11.983,0,0,0.11 | 0.11 | 0.11,0,2.49 | 3.27 | 4.06,0,0.99 | 1.23 | 1.61,0.953,0.000,0,1,0,0,0,0,-1,0,0,0,,0,,0,,0,0,0,1
1723494630,772,4,4,8,8,11.983,0,0,0.11 | 0.11 | 0.11,0,2.49 | 3.27 | 4.06,0,0.99 | 1.23 | 1.61,0.953,0.000,0,1,0,0,0,0,-1,0,0,0,,0,,0,,0,0,0,1
1723494630,772,4,4,8,8,11.983,0,0,0.11 | 0.11 | 0.11,0,2.49 | 3.27 | 4.06,0,0.99 | 1.23 | 1.61,0.953,0.000,0,1,0,0,0,0,-1,0,0,0,,0,,0,,0,0,0,1
1723494630,772,4,4,8,8,11.983,0,0,0.11 | 0.11 | 0.11,0,2.49 | 3.27 | 4.06,0,0.99 | 1.23 | 1.61,0.953,0.000,0,1,0,0,0,0,-1,0,0,0,,0,,0,,0,0,0,1
1723494631,772,4,4,8,8,11.187,0,0,0.11 | 0.11 | 0.11,0,2.49 | 3.27 | 4.06,0,0.99 | 1.23 | 1.61,0.953,0.000,0,1,0,0,0,0,-1,0,0,0,,0,,0,,0,0,0,1
1723494631,772,4,4,8,8,11.187,0,0,0.11 | 0.11 | 0.11,0,2.49 | 3.27 | 4.06,0,0.99 | 1.23 | 1.61,0.953,0.000,0,1,0,0,0,0,-1,0,0,0,,0,,0,,0,0,0,1
1723494631,772,4,4,8,8,11.187,0,0,0.11 | 0.11 | 0.11,0,2.49 | 3.27 | 4.06,0,0.99 | 1.23 | 1.61,0.953,0.000,0,1,0,0,0,0,-1,0,0,0,,0,,0,,0,0,0,1
1723494631,772,4,4,8,8,11.187,0,0,0.11 | 0.11 | 0.11,0,2.49 | 3.27 | 4.06,0,0.99 | 1.23 | 1.61,0.953,0.000,0,1,0,0,0,0,-1,0,0,0,,0,,0,,0,0,0,1
1723494631,772,4,4,8,8,11.187,0,0,0.11 | 0.11 | 0.11,0,2.49 | 3.27 | 4.06,0,0.99 | 1.23 | 1.61,0.953,0.000,0,1,0,0,0,0,-1,0,0,0,,0,,0,,0,0,0,1
1723494631,772,4,4,8,8,11.187,0,0,0.11 | 0.11 | 0.11,0,2.49 | 3.27 | 4.06,0,0.99 | 1.23 | 1.61,0.953,0.000,0,1,0,0,0,0,-1,0,0,0,,0,,0,,0,0,0,1
1723494631,772,4,4,8,8,11.187,0,0,0.11 | 0.11 | 0.11,0,2.49 | 3.27 | 4.06,0,0.99 | 1.23 | 1.61,0.953,0.000,0,1,0,0,0,0,-1,0,0,0,,0,,0,,0,0,0,1
1723494631,772,4,4,8,8,11.187,0,0,0.11 | 0.11 | 0.11,0,2.49 | 3.27 | 4.06,0,0.99 | 1.23 | 1.61,0.953,0.000,0,1,0,0,0,0,-1,0,0,0,,0,,0,,0,0,0,1
1723494631,772,4,4,8,8,11.187,0,0,0.11 | 0.11 | 0.11,0,2.49 | 3.27 | 4.06,0,0.99 | 1.23 | 1.61,0.953,0.000,0,1,0,0,0,0,-1,0,0,0,,0,,0,,0,0,0,1
1723494631,772,4,4,8,8,11.187,0,0,0.11 | 0.11 | 0.11,0,2.49 | 3.27 | 4.06,0,0.99 | 1.23 | 1.61,0.953,0.000,0,1,0,0,0,0,-1,0,0,0,,0,,0,,0,0,0,1
1723494632,772,4,4,8,8,10.124,0,0,0.11 | 0.11 | 0.11,0,2.49 | 3.27 | 4.06,0,0.99 | 1.23 | 1.61,0.953,0.000,0,1,0,0,0,0,-1,0,0,0,,0,,0,,0,0,0,1
1723494632,772,4,4,8,8,10.124,0,0,0.11 | 0.11 | 0.11,0,2.49 | 3.27 | 4.06,0,0.99 | 1.23 | 1.61,0.953,0.000,0,1,0,0,0,0,-1,0,0,0,,0,,0,,0,0,0,1
1723494632,772,4,4,8,8,10.124,0,0,0.11 | 0.11 | 0.11,0,2.49 | 3.27 | 4.06,0,0.99 | 1.23 | 1.61,0.953,0.000,0,1,0,0,0,0,-1,0,0,0,,0,,0,,0,0,0,1
1723494632,772,4,4,8,8,10.124,0,0,0.11 | 0.11 | 0.11,0,2.49 | 3.27 | 4.06,0,0.99 | 1.23 | 1.61,0.953,0.000,0,1,0,0,0,0,-1,0,0,0,,0,,0,,0,0,0,1
1723494632,772,4,4,8,8,10.124,0,0,0.11 | 0.11 | 0.11,0,2.49 | 3.27 | 4.06,0,0.99 | 1.23 | 1.61,0.953,0.000,0,1,0,0,0,0,-1,0,0,0,,0,,0,,0,0,0,1
1723494632,772,4,4,8,8,10.124,0,0,0.11 | 0.11 | 0.11,0,2.49 | 3.27 | 4.06,0,0.99 | 1.23 | 1.61,0.953,0.000,0,1,0,0,0,0,-1,0,0,0,,0,,0,,0,0,0,1
1723494632,772,4,4,8,8,10.124,0,0,0.11 | 0.11 | 0.11,0,2.49 | 3.27 | 4.06,0,0.99 | 1.23 | 1.61,0.953,0.000,0,1,0,0,0,0,-1,0,0,0,,0,,0,,0,0,0,1
1723494632,772,4,4,8,8,10.124,0,0,0.11 | 0.11 | 0.11,0,2.49 | 3.27 | 4.06,0,0.99 | 1.23 | 1.61,0.953,0.000,0,1,0,0,0,0,-1,0,0,0,,0,,0,,0,0,0,1
1723494632,772,4,4,8,8,10.124,0,0,0.11 | 0.11 | 0.11,0,2.49 | 3.27 | 4.06,0,0.99 | 1.23 | 1.61,0.953,0.000,0,1,0,0,0,0,-1,0,0,0,,0,,0,,0,0,0,1
1723494632,772,4,4,8,8,10.124,0,0,0.11 | 0.11 | 0.11,0,2.49 | 3.27 | 4.06,0,0.99 | 1.23 | 1.61,0.953,0.000,0,1,0,0,0,0,-1,0,0,0,,0,,0,,0,0,0,1
1723494633,772,4,4,8,8,9.062,0,0,0.11 | 0.11 | 0.11,0,2.49 | 3.27 | 4.06,0,0.99 | 1.23 | 1.61,0.953,0.000,0,1,0,0,0,0,-1,0,0,0,,0,,0,,0,0,0,1
1723494633,772,4,4,8,8,9.062,0,0,0.11 | 0.11 | 0.11,0,2.49 | 3.27 | 4.06,0,0.99 | 1.23 | 1.61,0.953,0.000,0,1,0,0,0,0,-1,0,0,0,,0,,0,,0,0,0,1
1723494633,772,4,4,8,8,9.062,0,0,0.11 | 0.11 | 0.11,0,2.49 | 3.27 | 4.06,0,0.99 | 1.23 | 1.61,0.953,0.000,0,1,0,0,0,0,-1,0,0,0,,0,,0,,0,0,0,1
1723494633,772,4,4,8,8,9.062,0,0,0.11 | 0.11 | 0.11,0,2.49 | 3.27 | 4.06,0,0.99 | 1.23 | 1.61,0.953,0.000,0,1,0,0,0,0,-1,0,0,0,,0,,0,,0,0,0,1
1723494633,772,4,4,8,8,9.062,0,0,0.11 | 0.11 | 0.11,0,2.49 | 3.27 | 4.06,0,0.99 | 1.23 | 1.61,0.953,0.000,0,1,0,0,0,0,-1,0,0,0,,0,,0,,0,0,0,1
1723494633,772,4,4,8,8,9.062,0,0,0.11 | 0.11 | 0.11,0,2.49 | 3.27 | 4.06,0,0.99 | 1.23 | 1.61,0.953,0.000,0,1,0,0,0,0,-1,0,0,0,,0,,0,,0,0,0,1
1723494633,772,4,4,8,8,9.062,0,0,0.11 | 0.11 | 0.11,0,2.49 | 3.27 | 4.06,0,0.99 | 1.23 | 1.61,0.953,0.000,0,1,0,0,0,0,-1,0,0,0,,0,,0,,0,0,0,1
1723494633,772,4,4,8,8,9.062,0,0,0.11 | 0.11 | 0.11,0,2.49 | 3.27 | 4.06,0,0.99 | 1.23 | 1.61,0.953,0.000,0,1,0,0,0,0,-1,0,0,0,,0,,0,,0,0,0,1
1723494633,772,4,4,8,8,9.062,0,0,0.11 | 0.11 | 0.11,0,2.49 | 3.27 | 4.06,0,0.99 | 1.23 | 1.61,0.953,0.000,0,1,0,0,0,0,-1,0,0,0,,0,,0,,0,0,0,1
1723494633,772,4,4,8,8,9.062,0,0,0.11 | 0.11 | 0.11,0,2.49 | 3.27 | 4.06,0,0.99 | 1.23 | 1.61,0.953,0.000,0,1,0,0,0,0,-1,0,0,0,,0,,0,,0,0,0,1
1723494634,772,4,4,8,8,12.799,0,0,0.11 | 0.11 | 0.11,0,2.49 | 3.14 | 3.87,0,1.03 | 1.27 | 1.61,0.953,0.000,0,1,0,0,0,0,-1,0,0,0,,0,,0,,0,0,0,1
1723494634,772,4,4,8,8,12.799,0,0,0.11 | 0.11 | 0.11,0,2.49 | 3.14 | 3.87,0,1.03 | 1.27 | 1.61,0.953,0.000,0,1,0,0,0,0,-1,0,0,0,,0,,0,,0,0,0,1
1723494634,772,4,4,8,8,12.799,0,0,0.11 | 0.11 | 0.11,0,2.49 | 3.14 | 3.87,0,1.03 | 1.27 | 1.61,0.953,0.000,0,1,0,0,0,0,-1,0,0,0,,0,,0,,0,0,0,1
1723494634,772,4,4,8,8,12.799,0,0,0.11 | 0.11 | 0.11,0,2.49 | 3.14 | 3.87,0,1.03 | 1.27 | 1.61,0.953,0.000,0,1,0,0,0,0,-1,0,0,0,,0,,0,,0,0,0,1
1723494634,772,4,4,8,8,12.799,0,0,0.11 | 0.11 | 0.11,0,2.49 | 3.14 | 3.87,0,1.03 | 1.27 | 1.61,0.953,0.000,0,1,0,0,0,0,-1,0,0,0,,0,,0,,0,0,0,1
1723494634,772,4,4,8,8,12.799,0,0,0.11 | 0.11 | 0.11,0,2.49 | 3.14 | 3.87,0,1.03 | 1.27 | 1.61,0.953,0.000,0,1,0,0,0,0,-1,0,0,0,,0,,0,,0,0,0,1
1723494634,772,4,4,8,8,12.799,0,0,0.11 | 0.11 | 0.11,0,2.49 | 3.14 | 3.87,0,1.03 | 1.27 | 1.61,0.953,0.000,0,1,0,0,0,0,-1,0,0,0,,0,,0,,0,0,0,1
1723494634,772,4,4,8,8,12.799,0,0,0.11 | 0.11 | 0.11,0,2.49 | 3.14 | 3.87,0,1.03 | 1.27 | 1.61,0.953,0.000,0,1,0,0,0,0,-1,0,0,0,,0,,0,,0,0,0,1
1723494634,772,4,4,8,8,12.799,0,0,0.11 | 0.11 | 0.11,0,2.49 | 3.14 | 3.87,0,1.03 | 1.27 | 1.61,0.953,0.000,0,1,0,0,0,0,-1,0,0,0,,0,,0,,0,0,0,1
1723494634,772,4,4,8,8,12.799,0,0,0.11 | 0.11 | 0.11,0,2.49 | 3.14 | 3.87,0,1.03 | 1.27 | 1.61,0.953,0.000,0,1,0,0,0,0,-1,0,0,0,,0,,0,,0,0,0,1
1723494635,772,4,4,8,8,12.002,0,0,0.11 | 0.11 | 0.11,0,2.49 | 3.14 | 3.87,0,1.03 | 1.27 | 1.61,0.953,0.000,0,1,0,0,0,0,-1,0,0,0,,0,,0,,0,0,0,1
1723494635,772,4,4,8,8,12.002,0,0,0.11 | 0.11 | 0.11,0,2.49 | 3.14 | 3.87,0,1.03 | 1.27 | 1.61,0.953,0.000,0,1,0,0,0,0,-1,0,0,0,,0,,0,,0,0,0,1
1723494635,772,4,4,8,8,12.002,0,0,0.11 | 0.11 | 0.11,0,2.49 | 3.14 | 3.87,0,1.03 | 1.27 | 1.61,0.953,0.000,0,1,0,0,0,0,-1,0,0,0,,0,,0,,0,0,0,1
1723494635,772,4,4,8,8,12.002,0,0,0.11 | 0.11 | 0.11,0,2.49 | 3.14 | 3.87,0,1.03 | 1.27 | 1.61,0.953,0.000,0,1,0,0,0,0,-1,0,0,0,,0,,0,,0,0,0,1
1723494635,772,4,4,8,8,12.002,0,0,0.11 | 0.11 | 0.11,0,2.49 | 3.14 | 3.87,0,1.03 | 1.27 | 1.61,0.953,0.000,0,1,0,0,0,0,-1,0,0,0,,0,,0,,0,0,0,1
1723494635,772,4,4,8,8,12.002,0,0,0.11 | 0.11 | 0.11,0,2.49 | 3.14 | 3.87,0,1.03 | 1.27 | 1.61,0.953,0.000,0,1,0,0,0,0,-1,0,0,0,,0,,0,,0,0,0,1
1723494635,772,4,4,8,8,12.002,0,0,0.11 | 0.11 | 0.11,0,2.49 | 3.14 | 3.87,0,1.03 | 1.27 | 1.61,0.953,0.000,0,1,0,0,0,0,-1,0,0,0,,0,,0,,0,0,0,1
1723494635,772,4,4,8,8,12.002,0,0,0.11 | 0.11 | 0.11,0,2.49 | 3.14 | 3.87,0,1.03 | 1.27 | 1.61,0.953,0.000,0,1,0,0,0,0,-1,0,0,0,,0,,0,,0,0,0,1
1723494635,772,4,4,8,8,12.002,0,0,0.11 | 0.11 | 0.11,0,2.49 | 3.14 | 3.87,0,1.03 | 1.27 | 1.61,0.953,0.000,0,1,0,0,0,0,-1,0,0,0,,0,,0,,0,0,0,1
1723494635,772,4,4,8,8,12.002,0,0,0.11 | 0.11 | 0.11,0,2.49 | 3.14 | 3.87,0,1.03 | 1.27 | 1.61,0.953,0.000,0,1,0,0,0,0,-1,0,0,0,,0,,0,,0,0,0,1
1723494636,772,4,4,8,8,10.94,0,0,0.11 | 0.11 | 0.11,0,2.49 | 3.14 | 3.87,0,1.03 | 1.27 | 1.61,0.953,0.000,0,1,0,0,0,0,-1,0,0,0,,0,,0,,0,0,0,1
1723494636,772,4,4,8,8,10.94,0,0,0.11 | 0.11 | 0.11,0,2.49 | 3.14 | 3.87,0,1.03 | 1.27 | 1.61,0.953,0.000,0,1,0,0,0,0,-1,0,0,0,,0,,0,,0,0,0,1
1723494636,772,4,4,8,8,10.94,0,0,0.11 | 0.11 | 0.11,0,2.49 | 3.14 | 3.87,0,1.03 | 1.27 | 1.61,0.953,0.000,0,1,0,0,0,0,-1,0,0,0,,0,,0,,0,0,0,1
1723494636,772,4,4,8,8,10.94,0,0,0.11 | 0.11 | 0.11,0,2.49 | 3.14 | 3.87,0,1.03 | 1.27 | 1.61,0.953,0.000,0,1,0,0,0,0,-1,0,0,0,,0,,0,,0,0,0,1
1723494636,772,4,4,8,8,10.94,0,0,0.11 | 0.11 | 0.11,0,2.49 | 3.14 | 3.87,0,1.03 | 1.27 | 1.61,0.953,0.000,0,1,0,0,0,0,-1,0,0,0,,0,,0,,0,0,0,1
1723494636,772,4,4,8,8,10.94,0,0,0.11 | 0.11 | 0.11,0,2.49 | 3.14 | 3.87,0,1.03 | 1.27 | 1.61,0.953,0.000,0,1,0,0,0,0,-1,0,0,0,,0,,0,,0,0,0,1
1723494636,772,4,4,8,8,10.94,0,0,0.11 | 0.11 | 0.11,0,2.49 | 3.14 | 3.87,0,1.03 | 1.27 | 1.61,0.953,0.000,0,1,0,0,0,0,-1,0,0,0,,0,,0,,0,0,0,1
1723494636,772,4,4,8,8,10.94,0,0,0.11 | 0.11 | 0.11,0,2.49 | 3.14 | 3.87,0,1.03 | 1.27 | 1.61,0.953,0.000,0,1,0,0,0,0,-1,0,0,0,,0,,0,,0,0,0,1
1723494636,772,4,4,8,8,10.94,0,0,0.11 | 0.11 | 0.11,0,2.49 | 3.14 | 3.87,0,1.03 | 1.27 | 1.61,0.953,0.000,0,1,0,0,0,0,-1,0,0,0,,0,,0,,0,0,0,1
1723494636,772,4,4,8,8,10.94,0,0,0.11 | 0.11 | 0.11,0,2.49 | 3.14 | 3.87,0,1.03 | 1.27 | 1.61,0.953,0.000,0,1,0,0,0,0,-1,0,0,0,,0,,0,,0,0,0,1
1723494637,772,4,4,8,8,9.877,0,0,0.11 | 0.11 | 0.11,0,2.49 | 3.14 | 3.87,0,1.03 | 1.27 | 1.61,0.953,0.000,0,1,0,0,0,0,-1,0,0,0,,0,,0,,0,0,0,1
1723494637,772,4,4,8,8,9.877,0,0,0.11 | 0.11 | 0.11,0,2.49 | 3.14 | 3.87,0,1.03 | 1.27 | 1.61,0.953,0.000,0,1,0,0,0,0,-1,0,0,0,,0,,0,,0,0,0,1
1723494637,772,4,4,8,8,9.877,0,0,0.11 | 0.11 | 0.11,0,2.49 | 3.14 | 3.87,0,1.03 | 1.27 | 1.61,0.953,0.000,0,1,0,0,0,0,-1,0,0,0,,0,,0,,0,0,0,1
1723494637,772,4,4,8,8,9.877,0,0,0.11 | 0.11 | 0.11,0,2.49 | 3.14 | 3.87,0,1.03 | 1.27 | 1.61,0.953,0.000,0,1,0,0,0,0,-1,0,0,0,,0,,0,,0,0,0,1
1723494637,772,4,4,8,8,9.877,0,0,0.11 | 0.11 | 0.11,0,2.49 | 3.14 | 3.87,0,1.03 | 1.27 | 1.61,0.953,0.000,0,1,0,0,0,0,-1,0,0,0,,0,,0,,0,0,0,1
1723494637,772,4,4,8,8,9.877,0,0,0.11 | 0.11 | 0.11,0,2.49 | 3.14 | 3.87,0,1.03 | 1.27 | 1.61,0.953,0.000,0,1,0,0,0,0,-1,0,0,0,,0,,0,,0,0,0,1
1723494637,772,4,4,8,8,9.877,0,0,0.11 | 0.11 | 0.11,0,2.49 | 3.14 | 3.87,0,1.03 | 1.27 | 1.61,0.953,0.000,0,1,0,0,0,0,-1,0,0,0,,0,,0,,0,0,0,1
1723494637,772,4,4,8,8,9.877,0,0,0.11 | 0.11 | 0.11,0,2.49 | 3.14 | 3.87,0,1.03 | 1.27 | 1.61,0.953,0.000,0,1,0,0,0,0,-1,0,0,0,,0,,0,,0,0,0,1
1723494637,772,4,4,8,8,9.877,0,0,0.11 | 0.11 | 0.11,0,2.49 | 3.14 | 3.87,0,1.03 | 1.27 | 1.61,0.953,0.000,0,1,0,0,0,0,-1,0,0,0,,0,,0,,0,0,0,1
1723494637,772,4,4,8,8,9.877,0,0,0.11 | 0.11 | 0.11,0,2.49 | 3.14 | 3.87,0,1.03 | 1.27 | 1.61,0.953,0.000,0,1,0,0,0,0,-1,0,0,0,,0,,0,,0,0,0,1
1723494638,772,4,4,8,8,12.015,0,0,0.11 | 0.11 | 0.11,0,2.52 | 3.15 | 3.87,0,1.03 | 1.27 | 1.59,0.952,0.000,0,1,0,0,0,0,-1,0,0,0,,0,,0,,0,0,0,1
1723494638,772,4,4,8,8,12.015,0,0,0.11 | 0.11 | 0.11,0,2.52 | 3.15 | 3.87,0,1.03 | 1.27 | 1.59,0.952,0.000,0,1,0,0,0,0,-1,0,0,0,,0,,0,,0,0,0,1
1723494638,772,4,4,8,8,12.015,0,0,0.11 | 0.11 | 0.11,0,2.52 | 3.15 | 3.87,0,1.03 | 1.27 | 1.59,0.952,0.000,0,1,0,0,0,0,-1,0,0,0,,0,,0,,0,0,0,1
1723494638,772,4,4,8,8,12.015,0,0,0.11 | 0.11 | 0.11,0,2.52 | 3.15 | 3.87,0,1.03 | 1.27 | 1.59,0.952,0.000,0,1,0,0,0,0,-1,0,0,0,,0,,0,,0,0,0,1
1723494638,772,4,4,8,8,12.015,0,0,0.11 | 0.11 | 0.11,0,2.52 | 3.15 | 3.87,0,1.03 | 1.27 | 1.59,0.952,0.000,0,1,0,0,0,0,-1,0,0,0,,0,,0,,0,0,0,1
1723494638,772,4,4,8,8,12.015,0,0,0.11 | 0.11 | 0.11,0,2.52 | 3.15 | 3.87,0,1.03 | 1.27 | 1.59,0.952,0.000,0,1,0,0,0,0,-1,0,0,0,,0,,0,,0,0,0,1
1723494638,772,4,4,8,8,12.015,0,0,0.11 | 0.11 | 0.11,0,2.52 | 3.15 | 3.87,0,1.03 | 1.27 | 1.59,0.952,0.000,0,1,0,0,0,0,-1,0,0,0,,0,,0,,0,0,0,1
1723494638,772,4,4,8,8,12.015,0,0,0.11 | 0.11 | 0.11,0,2.52 | 3.15 | 3.87,0,1.03 | 1.27 | 1.59,0.952,0.000,0,1,0,0,0,0,-1,0,0,0,,0,,0,,0,0,0,1
1723494638,772,4,4,8,8,12.015,0,0,0.11 | 0.11 | 0.11,0,2.52 | 3.15 | 3.87,0,1.03 | 1.27 | 1.59,0.952,0.000,0,1,0,0,0,0,-1,0,0,0,,0,,0,,0,0,0,1
1723494638,772,4,4,8,8,12.015,0,0,0.11 | 0.11 | 0.11,0,2.52 | 3.15 | 3.87,0,1.03 | 1.27 | 1.59,0.952,0.000,0,1,0,0,0,0,-1,0,0,0,,0,,0,,0,0,0,1
1723494639,772,4,4,8,8,11.218,0,0,0.11 | 0.11 | 0.11,0,2.52 | 3.15 | 3.87,0,1.03 | 1.27 | 1.59,0.952,0.000,0,1,0,0,0,0,-1,0,0,0,,0,,0,,0,0,0,1
1723494639,772,4,4,8,8,11.218,0,0,0.11 | 0.11 | 0.11,0,2.52 | 3.15 | 3.87,0,1.03 | 1.27 | 1.59,0.952,0.000,0,1,0,0,0,0,-1,0,0,0,,0,,0,,0,0,0,1
1723494639,772,4,4,8,8,11.218,0,0,0.11 | 0.11 | 0.11,0,2.52 | 3.15 | 3.87,0,1.03 | 1.27 | 1.59,0.952,0.000,0,1,0,0,0,0,-1,0,0,0,,0,,0,,0,0,0,1
1723494639,772,4,4,8,8,11.218,0,0,0.11 | 0.11 | 0.11,0,2.52 | 3.15 | 3.87,0,1.03 | 1.27 | 1.59,0.952,0.000,0,1,0,0,0,0,-1,0,0,0,,0,,0,,0,0,0,1
1723494639,772,4,4,8,8,11.218,0,0,0.11 | 0.11 | 0.11,0,2.52 | 3.15 | 3.87,0,1.03 | 1.27 | 1.59,0.952,0.000,0,1,0,0,0,0,-1,0,0,0,,0,,0,,0,0,0,1
1723494639,772,4,4,8,8,11.218,0,0,0.11 | 0.11 | 0.11,0,2.52 | 3.15 | 3.87,0,1.03 | 1.27 | 1.59,0.952,0.000,0,1,0,0,0,0,-1,0,0,0,,0,,0,,0,0,0,1
1723494639,772,4,4,8,8,11.218,0,0,0.11 | 0.11 | 0.11,0,2.52 | 3.15 | 3.87,0,1.03 | 1.27 | 1.59,0.952,0.000,0,1,0,0,0,0,-1,0,0,0,,0,,0,,0,0,0,1
1723494639,772,4,4,8,8,11.218,0,0,0.11 | 0.11 | 0.11,0,2.52 | 3.15 | 3.87,0,1.03 | 1.27 | 1.59,0.952,0.000,0,1,0,0,0,0,-1,0,0,0,,0,,0,,0,0,0,1
1723494639,772,4,4,8,8,11.218,0,0,0.11 | 0.11 | 0.11,0,2.52 | 3.15 | 3.87,0,1.03 | 1.27 | 1.59,0.952,0.000,0,1,0,0,0,0,-1,0,0,0,,0,,0,,0,0,0,1
1723494639,772,4,4,8,8,11.218,0,0,0.11 | 0.11 | 0.11,0,2.52 | 3.15 | 3.87,0,1.03 | 1.27 | 1.59,0.952,0.000,0,1,0,0,0,0,-1,0,0,0,,0,,0,,0,0,0,1
1723494640,772,4,4,8,8,9.987,0,0,0.11 | 0.11 | 0.11,0,2.52 | 3.15 | 3.87,0,1.03 | 1.27 | 1.59,0.952,0.000,0,1,0,0,0,0,-1,0,0,0,,0,,0,,0,0,0,1
1723494640,772,4,4,8,8,9.987,0,0,0.11 | 0.11 | 0.11,0,2.52 | 3.15 | 3.87,0,1.03 | 1.27 | 1.59,0.952,0.000,0,1,0,0,0,0,-1,0,0,0,,0,,0,,0,0,0,1
1723494640,772,4,4,8,8,9.987,0,0,0.11 | 0.11 | 0.11,0,2.52 | 3.15 | 3.87,0,1.03 | 1.27 | 1.59,0.952,0.000,0,1,0,0,0,0,-1,0,0,0,,0,,0,,0,0,0,1
1723494640,772,4,4,8,8,9.987,0,0,0.11 | 0.11 | 0.11,0,2.52 | 3.15 | 3.87,0,1.03 | 1.27 | 1.59,0.952,0.000,0,1,0,0,0,0,-1,0,0,0,,0,,0,,0,0,0,1
1723494640,772,4,4,8,8,9.987,0,0,0.11 | 0.11 | 0.11,0,2.52 | 3.15 | 3.87,0,1.03 | 1.27 | 1.59,0.952,0.000,0,1,0,0,0,0,-1,0,0,0,,0,,0,,0,0,0,1
1723494640,772,4,4,8,8,9.987,0,0,0.11 | 0.11 | 0.11,0,2.52 | 3.15 | 3.87,0,1.03 | 1.27 | 1.59,0.952,0.000,0,1,0,0,0,0,-1,0,0,0,,0,,0,,0,0,0,1
1723494640,772,4,4,8,8,9.987,0,0,0.11 | 0.11 | 0.11,0,2.52 | 3.15 | 3.87,0,1.03 | 1.27 | 1.59,0.952,0.000,0,1,0,0,0,0,-1,0,0,0,,0,,0,,0,0,0,1
1723494640,772,4,4,8,8,9.987,0,0,0.11 | 0.11 | 0.11,0,2.52 | 3.15 | 3.87,0,1.03 | 1.27 | 1.59,0.952,0.000,0,1,0,0,0,0,-1,0,0,0,,0,,0,,0,0,0,1
1723494640,772,4,4,8,8,9.987,0,0,0.11 | 0.11 | 0.11,0,2.52 | 3.15 | 3.87,0,1.03 | 1.27 | 1.59,0.952,0.000,0,1,0,0,0,0,-1,0,0,0,,0,,0,,0,0,0,1
1723494640,772,4,4,8,8,9.987,0,0,0.11 | 0.11 | 0.11,0,2.52 | 3.15 | 3.87,0,1.03 | 1.27 | 1.59,0.952,0.000,0,1,0,0,0,0,-1,0,0,0,,0,,0,,0,0,0,1
1723494641,772,4,4,8,8,9.093,0,0,0.11 | 0.11 | 0.11,0,2.52 | 3.15 | 3.87,0,1.03 | 1.27 | 1.59,0.952,0.000,0,1,0,0,0,0,-1,0,0,0,,0,,0,,0,0,0,1
1723494641,772,4,4,8,8,9.093,0,0,0.11 | 0.11 | 0.11,0,2.52 | 3.15 | 3.87,0,1.03 | 1.27 | 1.59,0.952,0.000,0,1,0,0,0,0,-1,0,0,0,,0,,0,,0,0,0,1
1723494641,772,4,4,8,8,9.093,0,0,0.11 | 0.11 | 0.11,0,2.52 | 3.15 | 3.87,0,1.03 | 1.27 | 1.59,0.952,0.000,0,1,0,0,0,0,-1,0,0,0,,0,,0,,0,0,0,1
1723494641,772,4,4,8,8,9.093,0,0,0.11 | 0.11 | 0.11,0,2.52 | 3.15 | 3.87,0,1.03 | 1.27 | 1.59,0.952,0.000,0,1,0,0,0,0,-1,0,0,0,,0,,0,,0,0,0,1
1723494641,772,4,4,8,8,9.093,0,0,0.11 | 0.11 | 0.11,0,2.52 | 3.15 | 3.87,0,1.03 | 1.27 | 1.59,0.952,0.000,0,1,0,0,0,0,-1,0,0,0,,0,,0,,0,0,0,1
1723494641,772,4,4,8,8,9.093,0,0,0.11 | 0.11 | 0.11,0,2.52 | 3.15 | 3.87,0,1.03 | 1.27 | 1.59,0.952,0.000,0,1,0,0,0,0,-1,0,0,0,,0,,0,,0,0,0,1
1723494641,772,4,4,8,8,9.093,0,0,0.11 | 0.11 | 0.11,0,2.52 | 3.15 | 3.87,0,1.03 | 1.27 | 1.59,0.952,0.000,0,1,0,0,0,0,-1,0,0,0,,0,,0,,0,0,0,1
1723494641,772,4,4,8,8,9.093,0,0,0.11 | 0.11 | 0.11,0,2.52 | 3.15 | 3.87,0,1.03 | 1.27 | 1.59,0.952,0.000,0,1,0,0,0,0,-1,0,0,0,,0,,0,,0,0,0,1
1723494641,772,4,4,8,8,9.093,0,0,0.11 | 0.11 | 0.11,0,2.52 | 3.15 | 3.87,0,1.03 | 1.27 | 1.59,0.952,0.000,0,1,0,0,0,0,-1,0,0,0,,0,,0,,0,0,0,1
1723494641,772,4,4,8,8,9.093,0,0,0.11 | 0.11 | 0.11,0,2.52 | 3.15 | 3.87,0,1.03 | 1.27 | 1.59,0.952,0.000,0,1,0,0,0,0,-1,0,0,0,,0,,0,,0,0,0,1
1723494642,772,4,4,8,8,8.03,0,0,0.11 | 0.11 | 0.11,0,2.52 | 3.15 | 3.87,0,1.03 | 1.27 | 1.59,0.952,0.000,0,1,0,0,0,0,-1,0,0,0,,0,,0,,0,0,0,1
1723494642,772,4,4,8,8,8.03,0,0,0.11 | 0.11 | 0.11,0,2.52 | 3.15 | 3.87,0,1.03 | 1.27 | 1.59,0.952,0.000,0,1,0,0,0,0,-1,0,0,0,,0,,0,,0,0,0,1
1723494642,772,4,4,8,8,8.03,0,0,0.11 | 0.11 | 0.11,0,2.52 | 3.15 | 3.87,0,1.03 | 1.27 | 1.59,0.952,0.000,0,1,0,0,0,0,-1,0,0,0,,0,,0,,0,0,0,1
1723494642,772,4,4,8,8,8.03,0,0,0.11 | 0.11 | 0.11,0,2.52 | 3.15 | 3.87,0,1.03 | 1.27 | 1.59,0.952,0.000,0,1,0,0,0,0,-1,0,0,0,,0,,0,,0,0,0,1
1723494642,772,4,4,8,8,8.03,0,0,0.11 | 0.11 | 0.11,0,2.52 | 3.15 | 3.87,0,1.03 | 1.27 | 1.59,0.952,0.000,0,1,0,0,0,0,-1,0,0,0,,0,,0,,0,0,0,1
1723494642,772,4,4,8,8,8.03,0,0,0.11 | 0.11 | 0.11,0,2.52 | 3.15 | 3.87,0,1.03 | 1.27 | 1.59,0.952,0.000,0,1,0,0,0,0,-1,0,0,0,,0,,0,,0,0,0,1
1723494642,772,4,4,8,8,8.03,0,0,0.11 | 0.11 | 0.11,0,2.52 | 3.15 | 3.87,0,1.03 | 1.27 | 1.59,0.952,0.000,0,1,0,0,0,0,-1,0,0,0,,0,,0,,0,0,0,1
1723494642,772,4,4,8,8,8.03,0,0,0.11 | 0.11 | 0.11,0,2.52 | 3.15 | 3.87,0,1.03 | 1.27 | 1.59,0.952,0.000,0,1,0,0,0,0,-1,0,0,0,,0,,0,,0,0,0,1
1723494642,772,4,4,8,8,8.03,0,0,0.11 | 0.11 | 0.11,0,2.52 | 3.15 | 3.87,0,1.03 | 1.27 | 1.59,0.952,0.000,0,1,0,0,0,0,-1,0,0,0,,0,,0,,0,0,0,1
1723494642,772,4,4,8,8,8.03,0,0,0.11 | 0.11 | 0.11,0,2.52 | 3.15 | 3.87,0,1.03 | 1.27 | 1.59,0.952,0.000,0,1,0,0,0,0,-1,0,0,0,,0,,0,,0,0,0,1
1723494643,772,4,4,8,8,7.233,0,0,0.11 | 0.11 | 0.11,0,2.52 | 3.15 | 3.87,0,1.03 | 1.27 | 1.59,0.952,0.000,0,1,0,0,0,0,-1,0,0,0,,0,,0,,0,0,0,1
1723494643,772,4,4,8,8,7.233,0,0,0.11 | 0.11 | 0.11,0,2.52 | 3.15 | 3.87,0,1.03 | 1.27 | 1.59,0.952,0.000,0,1,0,0,0,0,-1,0,0,0,,0,,0,,0,0,0,1
1723494643,772,4,4,8,8,7.233,0,0,0.11 | 0.11 | 0.11,0,2.52 | 3.15 | 3.87,0,1.03 | 1.27 | 1.59,0.952,0.000,0,1,0,0,0,0,-1,0,0,0,,0,,0,,0,0,0,1
1723494643,772,4,4,8,8,7.233,0,0,0.11 | 0.11 | 0.11,0,2.52 | 3.15 | 3.87,0,1.03 | 1.27 | 1.59,0.952,0.000,0,1,0,0,0,0,-1,0,0,0,,0,,0,,0,0,0,1
1723494643,772,4,4,8,8,7.233,0,0,0.11 | 0.11 | 0.11,0,2.52 | 3.15 | 3.87,0,1.03 | 1.27 | 1.59,0.952,0.000,0,1,0,0,0,0,-1,0,0,0,,0,,0,,0,0,0,1
1723494643,772,4,4,8,8,7.233,0,0,0.11 | 0.11 | 0.11,0,2.52 | 3.15 | 3.87,0,1.03 | 1.27 | 1.59,0.952,0.000,0,1,0,0,0,0,-1,0,0,0,,0,,0,,0,0,0,1
1723494643,772,4,4,8,8,7.233,0,0,0.11 | 0.11 | 0.11,0,2.52 | 3.15 | 3.87,0,1.03 | 1.27 | 1.59,0.952,0.000,0,1,0,0,0,0,-1,0,0,0,,0,,0,,0,0,0,1
1723494643,772,4,4,8,8,7.233,0,0,0.11 | 0.11 | 0.11,0,2.52 | 3.15 | 3.87,0,1.03 | 1.27 | 1.59,0.952,0.000,0,1,0,0,0,0,-1,0,0,0,,0,,0,,0,0,0,1
1723494643,772,4,4,8,8,7.233,0,0,0.11 | 0.11 | 0.11,0,2.52 | 3.15 | 3.87,0,1.03 | 1.27 | 1.59,0.952,0.000,0,1,0,0,0,0,-1,0,0,0,,0,,0,,0,0,0,1
1723494643,772,4,4,8,8,7.233,0,0,0.11 | 0.11 | 0.11,0,2.52 | 3.15 | 3.87,0,1.03 | 1.27 | 1.59,0.952,0.000,0,1,0,0,0,0,-1,0,0,0,,0,,0,,0,0,0,1
1723494644,772,4,4,8,8,10.971,0,0,0.11 | 0.11 | 0.11,0,2.52 | 3.33 | 4.63,0,0.86 | 1.20 | 1.59,0.951,0.000,0,1,0,0,0,0,-1,0,0,0,,0,,0,,0,0,0,1
1723494644,772,4,4,8,8,10.971,0,0,0.11 | 0.11 | 0.11,0,2.52 | 3.33 | 4.63,0,0.86 | 1.20 | 1.59,0.951,0.000,0,1,0,0,0,0,-1,0,0,0,,0,,0,,0,0,0,1
1723494644,772,4,4,8,8,10.971,0,0,0.11 | 0.11 | 0.11,0,2.52 | 3.33 | 4.63,0,0.86 | 1.20 | 1.59,0.951,0.000,0,1,0,0,0,0,-1,0,0,0,,0,,0,,0,0,0,1
1723494644,772,4,4,8,8,10.971,0,0,0.11 | 0.11 | 0.11,0,2.52 | 3.33 | 4.63,0,0.86 | 1.20 | 1.59,0.951,0.000,0,1,0,0,0,0,-1,0,0,0,,0,,0,,0,0,0,1
1723494644,772,4,4,8,8,10.971,0,0,0.11 | 0.11 | 0.11,0,2.52 | 3.33 | 4.63,0,0.86 | 1.20 | 1.59,0.951,0.000,0,1,0,0,0,0,-1,0,0,0,,0,,0,,0,0,0,1
1723494644,772,4,4,8,8,10.971,0,0,0.11 | 0.11 | 0.11,0,2.52 | 3.33 | 4.63,0,0.86 | 1.20 | 1.59,0.951,0.000,0,1,0,0,0,0,-1,0,0,0,,0,,0,,0,0,0,1
1723494644,772,4,4,8,8,10.971,0,0,0.11 | 0.11 | 0.11,0,2.52 | 3.33 | 4.63,0,0.86 | 1.20 | 1.59,0.951,0.000,0,1,0,0,0,0,-1,0,0,0,,0,,0,,0,0,0,1
1723494644,772,4,4,8,8,10.971,0,0,0.11 | 0.11 | 0.11,0,2.52 | 3.33 | 4.63,0,0.86 | 1.20 | 1.59,0.951,0.000,0,1,0,0,0,0,-1,0,0,0,,0,,0,,0,0,0,1
1723494644,772,4,4,8,8,10.971,0,0,0.11 | 0.11 | 0.11,0,2.52 | 3.33 | 4.63,0,0.86 | 1.20 | 1.59,0.951,0.000,0,1,0,0,0,0,-1,0,0,0,,0,,0,,0,0,0,1
1723494644,772,4,4,8,8,10.971,0,0,0.11 | 0.11 | 0.11,0,2.52 | 3.33 | 4.63,0,0.86 | 1.20 | 1.59,0.951,0.000,0,1,0,0,0,0,-1,0,0,0,,0,,0,,0,0,0,1
1723494645,772,4,4,8,8,9.908,0,0,0.11 | 0.11 | 0.11,0,2.52 | 3.33 | 4.63,0,0.86 | 1.20 | 1.59,0.951,0.000,0,1,0,0,0,0,-1,0,0,0,,0,,0,,0,0,0,1
1723494645,772,4,4,8,8,9.908,0,0,0.11 | 0.11 | 0.11,0,2.52 | 3.33 | 4.63,0,0.86 | 1.20 | 1.59,0.951,0.000,0,1,0,0,0,0,-1,0,0,0,,0,,0,,0,0,0,1
1723494645,772,4,4,8,8,9.908,0,0,0.11 | 0.11 | 0.11,0,2.52 | 3.33 | 4.63,0,0.86 | 1.20 | 1.59,0.951,0.000,0,1,0,0,0,0,-1,0,0,0,,0,,0,,0,0,0,1
1723494645,772,4,4,8,8,9.908,0,0,0.11 | 0.11 | 0.11,0,2.52 | 3.33 | 4.63,0,0.86 | 1.20 | 1.59,0.951,0.000,0,1,0,0,0,0,-1,0,0,0,,0,,0,,0,0,0,1
1723494645,772,4,4,8,8,9.908,0,0,0.11 | 0.11 | 0.11,0,2.52 | 3.33 | 4.63,0,0.86 | 1.20 | 1.59,0.951,0.000,0,1,0,0,0,0,-1,0,0,0,,0,,0,,0,0,0,1
1723494645,772,4,4,8,8,9.908,0,0,0.11 | 0.11 | 0.11,0,2.52 | 3.33 | 4.63,0,0.86 | 1.20 | 1.59,0.951,0.000,0,1,0,0,0,0,-1,0,0,0,,0,,0,,0,0,0,1
1723494645,772,4,4,8,8,9.908,0,0,0.11 | 0.11 | 0.11,0,2.52 | 3.33 | 4.63,0,0.86 | 1.20 | 1.59,0.951,0.000,0,1,0,0,0,0,-1,0,0,0,,0,,0,,0,0,0,1
1723494645,772,4,4,8,8,9.908,0,0,0.11 | 0.11 | 0.11,0,2.52 | 3.33 | 4.63,0,0.86 | 1.20 | 1.59,0.951,0.000,0,1,0,0,0,0,-1,0,0,0,,0,,0,,0,0,0,1
1723494645,772,4,4,8,8,9.908,0,0,0.11 | 0.11 | 0.11,0,2.52 | 3.33 | 4.63,0,0.86 | 1.20 | 1.59,0.951,0.000,0,1,0,0,0,0,-1,0,0,0,,0,,0,,0,0,0,1
1723494645,772,4,4,8,8,9.908,0,0,0.11 | 0.11 | 0.11,0,2.52 | 3.33 | 4.63,0,0.86 | 1.20 | 1.59,0.951,0.000,0,1,0,0,0,0,-1,0,0,0,,0,,0,,0,0,0,1
1723494646,772,4,4,8,8,8.846,0,0,0.11 | 0.11 | 0.11,0,2.52 | 3.33 | 4.63,0,0.86 | 1.20 | 1.59,0.951,0.000,0,1,0,0,0,0,-1,0,0,0,,0,,0,,0,0,0,1
1723494646,772,4,4,8,8,8.846,0,0,0.11 | 0.11 | 0.11,0,2.52 | 3.33 | 4.63,0,0.86 | 1.20 | 1.59,0.951,0.000,0,1,0,0,0,0,-1,0,0,0,,0,,0,,0,0,0,1
1723494646,772,4,4,8,8,8.846,0,0,0.11 | 0.11 | 0.11,0,2.52 | 3.33 | 4.63,0,0.86 | 1.20 | 1.59,0.951,0.000,0,1,0,0,0,0,-1,0,0,0,,0,,0,,0,0,0,1
1723494646,772,4,4,8,8,8.846,0,0,0.11 | 0.11 | 0.11,0,2.52 | 3.33 | 4.63,0,0.86 | 1.20 | 1.59,0.951,0.000,0,1,0,0,0,0,-1,0,0,0,,0,,0,,0,0,0,1
1723494646,772,4,4,8,8,8.846,0,0,0.11 | 0.11 | 0.11,0,2.52 | 3.33 | 4.63,0,0.86 | 1.20 | 1.59,0.951,0.000,0,1,0,0,0,0,-1,0,0,0,,0,,0,,0,0,0,1
1723494646,772,4,4,8,8,8.846,0,0,0.11 | 0.11 | 0.11,0,2.52 | 3.33 | 4.63,0,0.86 | 1.20 | 1.59,0.951,0.000,0,1,0,0,0,0,-1,0,0,0,,0,,0,,0,0,0,1
1723494646,772,4,4,8,8,8.846,0,0,0.11 | 0.11 | 0.11,0,2.52 | 3.33 | 4.63,0,0.86 | 1.20 | 1.59,0.951,0.000,0,1,0,0,0,0,-1,0,0,0,,0,,0,,0,0,0,1
1723494646,772,4,4,8,8,8.846,0,0,0.11 | 0.11 | 0.11,0,2.52 | 3.33 | 4.63,0,0.86 | 1.20 | 1.59,0.951,0.000,0,1,0,0,0,0,-1,0,0,0,,0,,0,,0,0,0,1
1723494646,772,4,4,8,8,8.846,0,0,0.11 | 0.11 | 0.11,0,2.52 | 3.33 | 4.63,0,0.86 | 1.20 | 1.59,0.951,0.000,0,1,0,0,0,0,-1,0,0,0,,0,,0,,0,0,0,1
1723494646,772,4,4,8,8,8.846,0,0,0.11 | 0.11 | 0.11,0,2.52 | 3.33 | 4.63,0,0.86 | 1.20 | 1.59,0.951,0.000,0,1,0,0,0,0,-1,0,0,0,,0,,0,,0,0,0,1
1723494647,772,4,4,8,8,10.983,0,0,0.11 | 0.11 | 0.11,0,2.52 | 3.39 | 4.63,0,0.86 | 1.18 | 1.59,0.951,0.000,0,1,0,0,0,0,-1,0,0,0,,0,,0,,0,0,0,1
1723494647,772,4,4,8,8,10.983,0,0,0.11 | 0.11 | 0.11,0,2.52 | 3.39 | 4.63,0,0.86 | 1.18 | 1.59,0.951,0.000,0,1,0,0,0,0,-1,0,0,0,,0,,0,,0,0,0,1
1723494647,772,4,4,8,8,10.983,0,0,0.11 | 0.11 | 0.11,0,2.52 | 3.39 | 4.63,0,0.86 | 1.18 | 1.59,0.951,0.000,0,1,0,0,0,0,-1,0,0,0,,0,,0,,0,0,0,1
1723494647,772,4,4,8,8,10.983,0,0,0.11 | 0.11 | 0.11,0,2.52 | 3.39 | 4.63,0,0.86 | 1.18 | 1.59,0.951,0.000,0,1,0,0,0,0,-1,0,0,0,,0,,0,,0,0,0,1
1723494647,772,4,4,8,8,10.983,0,0,0.11 | 0.11 | 0.11,0,2.52 | 3.39 | 4.63,0,0.86 | 1.18 | 1.59,0.951,0.000,0,1,0,0,0,0,-1,0,0,0,,0,,0,,0,0,0,1
1723494647,772,4,4,8,8,10.983,0,0,0.11 | 0.11 | 0.11,0,2.52 | 3.39 | 4.63,0,0.86 | 1.18 | 1.59,0.951,0.000,0,1,0,0,0,0,-1,0,0,0,,0,,0,,0,0,0,1
1723494647,772,4,4,8,8,10.983,0,0,0.11 | 0.11 | 0.11,0,2.52 | 3.39 | 4.63,0,0.86 | 1.18 | 1.59,0.951,0.000,0,1,0,0,0,0,-1,0,0,0,,0,,0,,0,0,0,1
1723494647,772,4,4,8,8,10.983,0,0,0.11 | 0.11 | 0.11,0,2.52 | 3.39 | 4.63,0,0.86 | 1.18 | 1.59,0.951,0.000,0,1,0,0,0,0,-1,0,0,0,,0,,0,,0,0,0,1
1723494647,772,4,4,8,8,10.983,0,0,0.11 | 0.11 | 0.11,0,2.52 | 3.39 | 4.63,0,0.86 | 1.18 | 1.59,0.951,0.000,0,1,0,0,0,0,-1,0,0,0,,0,,0,,0,0,0,1
1723494647,772,4,4,8,8,10.983,0,0,0.11 | 0.11 | 0.11,0,2.52 | 3.39 | 4.63,0,0.86 | 1.18 | 1.59,0.951,0.000,0,1,0,0,0,0,-1,0,0,0,,0,,0,,0,0,0,1
1723494648,772,4,4,8,8,10.187,0,0,0.11 | 0.11 | 0.11,0,2.52 | 3.39 | 4.63,0,0.86 | 1.18 | 1.59,0.951,0.000,0,1,0,0,0,0,-1,0,0,0,,0,,0,,0,0,0,1
1723494648,772,4,4,8,8,10.187,0,0,0.11 | 0.11 | 0.11,0,2.52 | 3.39 | 4.63,0,0.86 | 1.18 | 1.59,0.951,0.000,0,1,0,0,0,0,-1,0,0,0,,0,,0,,0,0,0,1
1723494648,772,4,4,8,8,10.187,0,0,0.11 | 0.11 | 0.11,0,2.52 | 3.39 | 4.63,0,0.86 | 1.18 | 1.59,0.951,0.000,0,1,0,0,0,0,-1,0,0,0,,0,,0,,0,0,0,1
1723494648,772,4,4,8,8,10.187,0,0,0.11 | 0.11 | 0.11,0,2.52 | 3.39 | 4.63,0,0.86 | 1.18 | 1.59,0.951,0.000,0,1,0,0,0,0,-1,0,0,0,,0,,0,,0,0,0,1
1723494648,772,4,4,8,8,10.187,0,0,0.11 | 0.11 | 0.11,0,2.52 | 3.39 | 4.63,0,0.86 | 1.18 | 1.59,0.951,0.000,0,1,0,0,0,0,-1,0,0,0,,0,,0,,0,0,0,1
1723494648,772,4,4,8,8,10.187,0,0,0.11 | 0.11 | 0.11,0,2.52 | 3.39 | 4.63,0,0.86 | 1.18 | 1.59,0.951,0.000,0,1,0,0,0,0,-1,0,0,0,,0,,0,,0,0,0,1
1723494648,772,4,4,8,8,10.187,0,0,0.11 | 0.11 | 0.11,0,2.52 | 3.39 | 4.63,0,0.86 | 1.18 | 1.59,0.951,0.000,0,1,0,0,0,0,-1,0,0,0,,0,,0,,0,0,0,1
1723494648,772,4,4,8,8,10.187,0,0,0.11 | 0.11 | 0.11,0,2.52 | 3.39 | 4.63,0,0.86 | 1.18 | 1.59,0.951,0.000,0,1,0,0,0,0,-1,0,0,0,,0,,0,,0,0,0,1
1723494648,772,4,4,8,8,10.187,0,0,0.11 | 0.11 | 0.11,0,2.52 | 3.39 | 4.63,0,0.86 | 1.18 | 1.59,0.951,0.000,0,1,0,0,0,0,-1,0,0,0,,0,,0,,0,0,0,1
1723494648,772,4,4,8,8,10.187,0,0,0.11 | 0.11 | 0.11,0,2.52 | 3.39 | 4.63,0,0.86 | 1.18 | 1.59,0.951,0.000,0,1,0,0,0,0,-1,0,0,0,,0,,0,,0,0,0,1
1723494649,772,4,4,8,8,9.124,0,0,0.11 | 0.11 | 0.11,0,2.52 | 3.39 | 4.63,0,0.86 | 1.18 | 1.59,0.951,0.000,0,1,0,0,0,0,-1,0,0,0,,0,,0,,0,0,0,1
1723494649,772,4,4,8,8,9.124,0,0,0.11 | 0.11 | 0.11,0,2.52 | 3.39 | 4.63,0,0.86 | 1.18 | 1.59,0.951,0.000,0,1,0,0,0,0,-1,0,0,0,,0,,0,,0,0,0,1
1723494649,772,4,4,8,8,9.124,0,0,0.11 | 0.11 | 0.11,0,2.52 | 3.39 | 4.63,0,0.86 | 1.18 | 1.59,0.951,0.000,0,1,0,0,0,0,-1,0,0,0,,0,,0,,0,0,0,1
1723494649,772,4,4,8,8,9.124,0,0,0.11 | 0.11 | 0.11,0,2.52 | 3.39 | 4.63,0,0.86 | 1.18 | 1.59,0.951,0.000,0,1,0,0,0,0,-1,0,0,0,,0,,0,,0,0,0,1
1723494649,772,4,4,8,8,9.124,0,0,0.11 | 0.11 | 0.11,0,2.52 | 3.39 | 4.63,0,0.86 | 1.18 | 1.59,0.951,0.000,0,1,0,0,0,0,-1,0,0,0,,0,,0,,0,0,0,1
1723494649,772,4,4,8,8,9.124,0,0,0.11 | 0.11 | 0.11,0,2.52 | 3.39 | 4.63,0,0.86 | 1.18 | 1.59,0.951,0.000,0,1,0,0,0,0,-1,0,0,0,,0,,0,,0,0,0,1
1723494649,772,4,4,8,8,9.124,0,0,0.11 | 0.11 | 0.11,0,2.52 | 3.39 | 4.63,0,0.86 | 1.18 | 1.59,0.951,0.000,0,1,0,0,0,0,-1,0,0,0,,0,,0,,0,0,0,1
1723494649,772,4,4,8,8,9.124,0,0,0.11 | 0.11 | 0.11,0,2.52 | 3.39 | 4.63,0,0.86 | 1.18 | 1.59,0.951,0.000,0,1,0,0,0,0,-1,0,0,0,,0,,0,,0,0,0,1
1723494649,772,4,4,8,8,9.124,0,0,0.11 | 0.11 | 0.11,0,2.52 | 3.39 | 4.63,0,0.86 | 1.18 | 1.59,0.951,0.000,0,1,0,0,0,0,-1,0,0,0,,0,,0,,0,0,0,1
1723494649,772,4,4,8,8,9.124,0,0,0.11 | 0.11 | 0.11,0,2.52 | 3.39 | 4.63,0,0.86 | 1.18 | 1.59,0.951,0.000,0,1,0,0,0,0,-1,0,0,0,,0,,0,,0,0,0,1
1723494650,772,4,4,8,8,7.987,0,0,0.11 | 0.11 | 0.11,0,2.52 | 3.39 | 4.63,0,0.86 | 1.18 | 1.59,0.951,0.000,0,1,0,0,0,0,-1,0,0,0,,0,,0,,0,0,0,1
1723494650,772,4,4,8,8,7.987,0,0,0.11 | 0.11 | 0.11,0,2.52 | 3.39 | 4.63,0,0.86 | 1.18 | 1.59,0.951,0.000,0,1,0,0,0,0,-1,0,0,0,,0,,0,,0,0,0,1
1723494650,772,4,4,8,8,7.987,0,0,0.11 | 0.11 | 0.11,0,2.52 | 3.39 | 4.63,0,0.86 | 1.18 | 1.59,0.951,0.000,0,1,0,0,0,0,-1,0,0,0,,0,,0,,0,0,0,1
1723494650,772,4,4,8,8,7.987,0,0,0.11 | 0.11 | 0.11,0,2.52 | 3.39 | 4.63,0,0.86 | 1.18 | 1.59,0.951,0.000,0,1,0,0,0,0,-1,0,0,0,,0,,0,,0,0,0,1
1723494650,772,4,4,8,8,7.987,0,0,0.11 | 0.11 | 0.11,0,2.52 | 3.39 | 4.63,0,0.86 | 1.18 | 1.59,0.951,0.000,0,1,0,0,0,0,-1,0,0,0,,0,,0,,0,0,0,1
1723494650,772,4,4,8,8,7.987,0,0,0.11 | 0.11 | 0.11,0,2.52 | 3.39 | 4.63,0,0.86 | 1.18 | 1.59,0.951,0.000,0,1,0,0,0,0,-1,0,0,0,,0,,0,,0,0,0,1
1723494650,772,4,4,8,8,7.987,0,0,0.11 | 0.11 | 0.11,0,2.52 | 3.39 | 4.63,0,0.86 | 1.18 | 1.59,0.951,0.000,0,1,0,0,0,0,-1,0,0,0,,0,,0,,0,0,0,1
1723494650,772,4,4,8,8,7.987,0,0,0.11 | 0.11 | 0.11,0,2.52 | 3.39 | 4.63,0,0.86 | 1.18 | 1.59,0.951,0.000,0,1,0,0,0,0,-1,0,0,0,,0,,0,,0,0,0,1
1723494650,772,4,4,8,8,7.987,0,0,0.11 | 0.11 | 0.11,0,2.52 | 3.39 | 4.63,0,0.86 | 1.18 | 1.59,0.951,0.000,0,1,0,0,0,0,-1,0,0,0,,0,,0,,0,0,0,1
1723494650,772,4,4,8,8,7.987,0,0,0.11 | 0.11 | 0.11,0,2.52 | 3.39 | 4.63,0,0.86 | 1.18 | 1.59,0.951,0.000,0,1,0,0,0,0,-1,0,0,0,,0,,0,,0,0,0,1
1723494651,772,4,4,8,8,11.799,0,0,0.11 | 0.11 | 0.11,0,2.52 | 3.47 | 4.63,0,0.86 | 1.15 | 1.59,0.951,0.000,0,1,0,0,0,0,-1,0,0,0,,0,,0,,0,0,0,1
1723494651,772,4,4,8,8,11.799,0,0,0.11 | 0.11 | 0.11,0,2.52 | 3.47 | 4.63,0,0.86 | 1.15 | 1.59,0.951,0.000,0,1,0,0,0,0,-1,0,0,0,,0,,0,,0,0,0,1
1723494651,772,4,4,8,8,11.799,0,0,0.11 | 0.11 | 0.11,0,2.52 | 3.47 | 4.63,0,0.86 | 1.15 | 1.59,0.951,0.000,0,1,0,0,0,0,-1,0,0,0,,0,,0,,0,0,0,1
1723494651,772,4,4,8,8,11.799,0,0,0.11 | 0.11 | 0.11,0,2.52 | 3.47 | 4.63,0,0.86 | 1.15 | 1.59,0.951,0.000,0,1,0,0,0,0,-1,0,0,0,,0,,0,,0,0,0,1
1723494651,772,4,4,8,8,11.799,0,0,0.11 | 0.11 | 0.11,0,2.52 | 3.47 | 4.63,0,0.86 | 1.15 | 1.59,0.951,0.000,0,1,0,0,0,0,-1,0,0,0,,0,,0,,0,0,0,1
1723494651,772,4,4,8,8,11.799,0,0,0.11 | 0.11 | 0.11,0,2.52 | 3.47 | 4.63,0,0.86 | 1.15 | 1.59,0.951,0.000,0,1,0,0,0,0,-1,0,0,0,,0,,0,,0,0,0,1
1723494651,772,4,4,8,8,11.799,0,0,0.11 | 0.11 | 0.11,0,2.52 | 3.47 | 4.63,0,0.86 | 1.15 | 1.59,0.951,0.000,0,1,0,0,0,0,-1,0,0,0,,0,,0,,0,0,0,1
1723494651,772,4,4,8,8,11.799,0,0,0.11 | 0.11 | 0.11,0,2.52 | 3.47 | 4.63,0,0.86 | 1.15 | 1.59,0.951,0.000,0,1,0,0,0,0,-1,0,0,0,,0,,0,,0,0,0,1
1723494651,772,4,4,8,8,11.799,0,0,0.11 | 0.11 | 0.11,0,2.52 | 3.47 | 4.63,0,0.86 | 1.15 | 1.59,0.951,0.000,0,1,0,0,0,0,-1,0,0,0,,0,,0,,0,0,0,1
1723494651,772,4,4,8,8,11.799,0,0,0.11 | 0.11 | 0.11,0,2.52 | 3.47 | 4.63,0,0.86 | 1.15 | 1.59,0.951,0.000,0,1,0,0,0,0,-1,0,0,0,,0,,0,,0,0,0,1
1723494652,772,4,4,8,8,11.002,0,0,0.11 | 0.11 | 0.11,0,2.52 | 3.47 | 4.63,0,0.86 | 1.15 | 1.59,0.951,0.000,0,1,0,0,0,0,-1,0,0,0,,0,,0,,0,0,0,1
1723494652,772,4,4,8,8,11.002,0,0,0.11 | 0.11 | 0.11,0,2.52 | 3.47 | 4.63,0,0.86 | 1.15 | 1.59,0.951,0.000,0,1,0,0,0,0,-1,0,0,0,,0,,0,,0,0,0,1
1723494652,772,4,4,8,8,11.002,0,0,0.11 | 0.11 | 0.11,0,2.52 | 3.47 | 4.63,0,0.86 | 1.15 | 1.59,0.951,0.000,0,1,0,0,0,0,-1,0,0,0,,0,,0,,0,0,0,1
1723494652,772,4,4,8,8,11.002,0,0,0.11 | 0.11 | 0.11,0,2.52 | 3.47 | 4.63,0,0.86 | 1.15 | 1.59,0.951,0.000,0,1,0,0,0,0,-1,0,0,0,,0,,0,,0,0,0,1
1723494652,772,4,4,8,8,11.002,0,0,0.11 | 0.11 | 0.11,0,2.52 | 3.47 | 4.63,0,0.86 | 1.15 | 1.59,0.951,0.000,0,1,0,0,0,0,-1,0,0,0,,0,,0,,0,0,0,1
1723494652,772,4,4,8,8,11.002,0,0,0.11 | 0.11 | 0.11,0,2.52 | 3.47 | 4.63,0,0.86 | 1.15 | 1.59,0.951,0.000,0,1,0,0,0,0,-1,0,0,0,,0,,0,,0,0,0,1
1723494652,772,4,4,8,8,11.002,0,0,0.11 | 0.11 | 0.11,0,2.52 | 3.47 | 4.63,0,0.86 | 1.15 | 1.59,0.951,0.000,0,1,0,0,0,0,-1,0,0,0,,0,,0,,0,0,0,1
1723494652,772,4,4,8,8,11.002,0,0,0.11 | 0.11 | 0.11,0,2.52 | 3.47 | 4.63,0,0.86 | 1.15 | 1.59,0.951,0.000,0,1,0,0,0,0,-1,0,0,0,,0,,0,,0,0,0,1
1723494652,772,4,4,8,8,11.002,0,0,0.11 | 0.11 | 0.11,0,2.52 | 3.47 | 4.63,0,0.86 | 1.15 | 1.59,0.951,0.000,0,1,0,0,0,0,-1,0,0,0,,0,,0,,0,0,0,1
1723494652,772,4,4,8,8,11.002,0,0,0.11 | 0.11 | 0.11,0,2.52 | 3.47 | 4.63,0,0.86 | 1.15 | 1.59,0.951,0.000,0,1,0,0,0,0,-1,0,0,0,,0,,0,,0,0,0,1
1723494653,772,4,4,8,8,9.94,0,0,0.11 | 0.11 | 0.11,0,2.52 | 3.47 | 4.63,0,0.86 | 1.15 | 1.59,0.951,0.000,0,1,0,0,0,0,-1,0,0,0,,0,,0,,0,0,0,1
1723494653,772,4,4,8,8,9.94,0,0,0.11 | 0.11 | 0.11,0,2.52 | 3.47 | 4.63,0,0.86 | 1.15 | 1.59,0.951,0.000,0,1,0,0,0,0,-1,0,0,0,,0,,0,,0,0,0,1
1723494653,772,4,4,8,8,9.94,0,0,0.11 | 0.11 | 0.11,0,2.52 | 3.47 | 4.63,0,0.86 | 1.15 | 1.59,0.951,0.000,0,1,0,0,0,0,-1,0,0,0,,0,,0,,0,0,0,1
1723494653,772,4,4,8,8,9.94,0,0,0.11 | 0.11 | 0.11,0,2.52 | 3.47 | 4.63,0,0.86 | 1.15 | 1.59,0.951,0.000,0,1,0,0,0,0,-1,0,0,0,,0,,0,,0,0,0,1
1723494653,772,4,4,8,8,9.94,0,0,0.11 | 0.11 | 0.11,0,2.52 | 3.47 | 4.63,0,0.86 | 1.15 | 1.59,0.951,0.000,0,1,0,0,0,0,-1,0,0,0,,0,,0,,0,0,0,1
1723494653,772,4,4,8,8,9.94,0,0,0.11 | 0.11 | 0.11,0,2.52 | 3.47 | 4.63,0,0.86 | 1.15 | 1.59,0.951,0.000,0,1,0,0,0,0,-1,0,0,0,,0,,0,,0,0,0,1
1723494653,772,4,4,8,8,9.94,0,0,0.11 | 0.11 | 0.11,0,2.52 | 3.47 | 4.63,0,0.86 | 1.15 | 1.59,0.951,0.000,0,1,0,0,0,0,-1,0,0,0,,0,,0,,0,0,0,1
1723494653,772,4,4,8,8,9.94,0,0,0.11 | 0.11 | 0.11,0,2.52 | 3.47 | 4.63,0,0.86 | 1.15 | 1.59,0.951,0.000,0,1,0,0,0,0,-1,0,0,0,,0,,0,,0,0,0,1
1723494653,772,4,4,8,8,9.94,0,0,0.11 | 0.11 | 0.11,0,2.52 | 3.47 | 4.63,0,0.86 | 1.15 | 1.59,0.951,0.000,0,1,0,0,0,0,-1,0,0,0,,0,,0,,0,0,0,1
1723494653,772,4,4,8,8,9.94,0,0,0.11 | 0.11 | 0.11,0,2.52 | 3.47 | 4.63,0,0.86 | 1.15 | 1.59,0.951,0.000,0,1,0,0,0,0,-1,0,0,0,,0,,0,,0,0,0,1
1723494654,772,4,4,8,8,8.877,0,0,0.11 | 0.11 | 0.11,0,2.52 | 3.47 | 4.63,0,0.86 | 1.15 | 1.59,0.951,0.000,0,1,0,0,0,0,-1,0,0,0,,0,,0,,0,0,0,1
1723494654,772,4,4,8,8,8.877,0,0,0.11 | 0.11 | 0.11,0,2.52 | 3.47 | 4.63,0,0.86 | 1.15 | 1.59,0.951,0.000,0,1,0,0,0,0,-1,0,0,0,,0,,0,,0,0,0,1
1723494654,772,4,4,8,8,8.877,0,0,0.11 | 0.11 | 0.11,0,2.52 | 3.47 | 4.63,0,0.86 | 1.15 | 1.59,0.951,0.000,0,1,0,0,0,0,-1,0,0,0,,0,,0,,0,0,0,1
1723494654,772,4,4,8,8,8.877,0,0,0.11 | 0.11 | 0.11,0,2.52 | 3.47 | 4.63,0,0.86 | 1.15 | 1.59,0.951,0.000,0,1,0,0,0,0,-1,0,0,0,,0,,0,,0,0,0,1
1723494654,772,4,4,8,8,8.877,0,0,0.11 | 0.11 | 0.11,0,2.52 | 3.47 | 4.63,0,0.86 | 1.15 | 1.59,0.951,0.000,0,1,0,0,0,0,-1,0,0,0,,0,,0,,0,0,0,1
1723494654,772,4,4,8,8,8.877,0,0,0.11 | 0.11 | 0.11,0,2.52 | 3.47 | 4.63,0,0.86 | 1.15 | 1.59,0.951,0.000,0,1,0,0,0,0,-1,0,0,0,,0,,0,,0,0,0,1
1723494654,772,4,4,8,8,8.877,0,0,0.11 | 0.11 | 0.11,0,2.52 | 3.47 | 4.63,0,0.86 | 1.15 | 1.59,0.951,0.000,0,1,0,0,0,0,-1,0,0,0,,0,,0,,0,0,0,1
1723494654,772,4,4,8,8,8.877,0,0,0.11 | 0.11 | 0.11,0,2.52 | 3.47 | 4.63,0,0.86 | 1.15 | 1.59,0.951,0.000,0,1,0,0,0,0,-1,0,0,0,,0,,0,,0,0,0,1
1723494654,772,4,4,8,8,8.877,0,0,0.11 | 0.11 | 0.11,0,2.52 | 3.47 | 4.63,0,0.86 | 1.15 | 1.59,0.951,0.000,0,1,0,0,0,0,-1,0,0,0,,0,,0,,0,0,0,1
1723494654,772,4,4,8,8,8.877,0,0,0.11 | 0.11 | 0.11,0,2.52 | 3.47 | 4.63,0,0.86 | 1.15 | 1.59,0.951,0.000,0,1,0,0,0,0,-1,0,0,0,,0,,0,,0,0,0,1
1723494655,772,4,4,8,8,11.015,0,0,0.11 | 0.11 | 0.11,0,2.79 | 3.54 | 4.63,0,0.86 | 1.13 | 1.43,0.951,0.000,0,1,0,0,0,0,-1,0,0,0,,0,,0,,0,0,0,1
1723494655,772,4,4,8,8,11.015,0,0,0.11 | 0.11 | 0.11,0,2.79 | 3.54 | 4.63,0,0.86 | 1.13 | 1.43,0.951,0.000,0,1,0,0,0,0,-1,0,0,0,,0,,0,,0,0,0,1
1723494655,772,4,4,8,8,11.015,0,0,0.11 | 0.11 | 0.11,0,2.79 | 3.54 | 4.63,0,0.86 | 1.13 | 1.43,0.951,0.000,0,1,0,0,0,0,-1,0,0,0,,0,,0,,0,0,0,1
1723494655,772,4,4,8,8,11.015,0,0,0.11 | 0.11 | 0.11,0,2.79 | 3.54 | 4.63,0,0.86 | 1.13 | 1.43,0.951,0.000,0,1,0,0,0,0,-1,0,0,0,,0,,0,,0,0,0,1
1723494655,772,4,4,8,8,11.015,0,0,0.11 | 0.11 | 0.11,0,2.79 | 3.54 | 4.63,0,0.86 | 1.13 | 1.43,0.951,0.000,0,1,0,0,0,0,-1,0,0,0,,0,,0,,0,0,0,1
1723494655,772,4,4,8,8,11.015,0,0,0.11 | 0.11 | 0.11,0,2.79 | 3.54 | 4.63,0,0.86 | 1.13 | 1.43,0.951,0.000,0,1,0,0,0,0,-1,0,0,0,,0,,0,,0,0,0,1
1723494655,772,4,4,8,8,11.015,0,0,0.11 | 0.11 | 0.11,0,2.79 | 3.54 | 4.63,0,0.86 | 1.13 | 1.43,0.951,0.000,0,1,0,0,0,0,-1,0,0,0,,0,,0,,0,0,0,1
1723494655,772,4,4,8,8,11.015,0,0,0.11 | 0.11 | 0.11,0,2.79 | 3.54 | 4.63,0,0.86 | 1.13 | 1.43,0.951,0.000,0,1,0,0,0,0,-1,0,0,0,,0,,0,,0,0,0,1
1723494655,772,4,4,8,8,11.015,0,0,0.11 | 0.11 | 0.11,0,2.79 | 3.54 | 4.63,0,0.86 | 1.13 | 1.43,0.951,0.000,0,1,0,0,0,0,-1,0,0,0,,0,,0,,0,0,0,1
1723494655,772,4,4,8,8,11.015,0,0,0.11 | 0.11 | 0.11,0,2.79 | 3.54 | 4.63,0,0.86 | 1.13 | 1.43,0.951,0.000,0,1,0,0,0,0,-1,0,0,0,,0,,0,,0,0,0,1
1723494656,772,4,4,8,8,10.218,0,0,0.11 | 0.11 | 0.11,0,2.79 | 3.54 | 4.63,0,0.86 | 1.13 | 1.43,0.951,0.000,0,1,0,0,0,0,-1,0,0,0,,0,,0,,0,0,0,1
1723494656,772,4,4,8,8,10.218,0,0,0.11 | 0.11 | 0.11,0,2.79 | 3.54 | 4.63,0,0.86 | 1.13 | 1.43,0.951,0.000,0,1,0,0,0,0,-1,0,0,0,,0,,0,,0,0,0,1
1723494656,772,4,4,8,8,10.218,0,0,0.11 | 0.11 | 0.11,0,2.79 | 3.54 | 4.63,0,0.86 | 1.13 | 1.43,0.951,0.000,0,1,0,0,0,0,-1,0,0,0,,0,,0,,0,0,0,1
1723494656,772,4,4,8,8,10.218,0,0,0.11 | 0.11 | 0.11,0,2.79 | 3.54 | 4.63,0,0.86 | 1.13 | 1.43,0.951,0.000,0,1,0,0,0,0,-1,0,0,0,,0,,0,,0,0,0,1
1723494656,772,4,4,8,8,10.218,0,0,0.11 | 0.11 | 0.11,0,2.79 | 3.54 | 4.63,0,0.86 | 1.13 | 1.43,0.951,0.000,0,1,0,0,0,0,-1,0,0,0,,0,,0,,0,0,0,1
1723494656,772,4,4,8,8,10.218,0,0,0.11 | 0.11 | 0.11,0,2.79 | 3.54 | 4.63,0,0.86 | 1.13 | 1.43,0.951,0.000,0,1,0,0,0,0,-1,0,0,0,,0,,0,,0,0,0,1
1723494656,772,4,4,8,8,10.218,0,0,0.11 | 0.11 | 0.11,0,2.79 | 3.54 | 4.63,0,0.86 | 1.13 | 1.43,0.951,0.000,0,1,0,0,0,0,-1,0,0,0,,0,,0,,0,0,0,1
1723494656,772,4,4,8,8,10.218,0,0,0.11 | 0.11 | 0.11,0,2.79 | 3.54 | 4.63,0,0.86 | 1.13 | 1.43,0.951,0.000,0,1,0,0,0,0,-1,0,0,0,,0,,0,,0,0,0,1
1723494656,772,4,4,8,8,10.218,0,0,0.11 | 0.11 | 0.11,0,2.79 | 3.54 | 4.63,0,0.86 | 1.13 | 1.43,0.951,0.000,0,1,0,0,0,0,-1,0,0,0,,0,,0,,0,0,0,1
1723494656,772,4,4,8,8,10.218,0,0,0.11 | 0.11 | 0.11,0,2.79 | 3.54 | 4.63,0,0.86 | 1.13 | 1.43,0.951,0.000,0,1,0,0,0,0,-1,0,0,0,,0,,0,,0,0,0,1
1723494657,772,4,4,8,8,9.155,0,0,0.11 | 0.11 | 0.11,0,2.79 | 3.54 | 4.63,0,0.86 | 1.13 | 1.43,0.951,0.000,0,1,0,0,0,0,-1,0,0,0,,0,,0,,0,0,0,1
1723494657,772,4,4,8,8,9.155,0,0,0.11 | 0.11 | 0.11,0,2.79 | 3.54 | 4.63,0,0.86 | 1.13 | 1.43,0.951,0.000,0,1,0,0,0,0,-1,0,0,0,,0,,0,,0,0,0,1
1723494657,772,4,4,8,8,9.155,0,0,0.11 | 0.11 | 0.11,0,2.79 | 3.54 | 4.63,0,0.86 | 1.13 | 1.43,0.951,0.000,0,1,0,0,0,0,-1,0,0,0,,0,,0,,0,0,0,1
1723494657,772,4,4,8,8,9.155,0,0,0.11 | 0.11 | 0.11,0,2.79 | 3.54 | 4.63,0,0.86 | 1.13 | 1.43,0.951,0.000,0,1,0,0,0,0,-1,0,0,0,,0,,0,,0,0,0,1
1723494657,772,4,4,8,8,9.155,0,0,0.11 | 0.11 | 0.11,0,2.79 | 3.54 | 4.63,0,0.86 | 1.13 | 1.43,0.951,0.000,0,1,0,0,0,0,-1,0,0,0,,0,,0,,0,0,0,1
1723494657,772,4,4,8,8,9.155,0,0,0.11 | 0.11 | 0.11,0,2.79 | 3.54 | 4.63,0,0.86 | 1.13 | 1.43,0.951,0.000,0,1,0,0,0,0,-1,0,0,0,,0,,0,,0,0,0,1
1723494657,772,4,4,8,8,9.155,0,0,0.11 | 0.11 | 0.11,0,2.79 | 3.54 | 4.63,0,0.86 | 1.13 | 1.43,0.951,0.000,0,1,0,0,0,0,-1,0,0,0,,0,,0,,0,0,0,1
1723494657,772,4,4,8,8,9.155,0,0,0.11 | 0.11 | 0.11,0,2.79 | 3.54 | 4.63,0,0.86 | 1.13 | 1.43,0.951,0.000,0,1,0,0,0,0,-1,0,0,0,,0,,0,,0,0,0,1
1723494657,772,4,4,8,8,9.155,0,0,0.11 | 0.11 | 0.11,0,2.79 | 3.54 | 4.63,0,0.86 | 1.13 | 1.43,0.951,0.000,0,1,0,0,0,0,-1,0,0,0,,0,,0,,0,0,0,1
1723494657,772,4,4,8,8,9.155,0,0,0.11 | 0.11 | 0.11,0,2.79 | 3.54 | 4.63,0,0.86 | 1.13 | 1.43,0.951,0.000,0,1,0,0,0,0,-1,0,0,0,,0,,0,,0,0,0,1
1723494658,772,4,4,8,8,12.83,0,0,0.11 | 0.11 | 0.11,0,2.79 | 3.25 | 3.85,0,1.04 | 1.23 | 1.43,0.951,0.000,0,1,0,0,0,0,-1,0,0,0,,0,,0,,0,0,0,1
1723494658,772,4,4,8,8,12.83,0,0,0.11 | 0.11 | 0.11,0,2.79 | 3.25 | 3.85,0,1.04 | 1.23 | 1.43,0.951,0.000,0,1,0,0,0,0,-1,0,0,0,,0,,0,,0,0,0,1
1723494658,772,4,4,8,8,12.83,0,0,0.11 | 0.11 | 0.11,0,2.79 | 3.25 | 3.85,0,1.04 | 1.23 | 1.43,0.951,0.000,0,1,0,0,0,0,-1,0,0,0,,0,,0,,0,0,0,1
1723494658,772,4,4,8,8,12.83,0,0,0.11 | 0.11 | 0.11,0,2.79 | 3.25 | 3.85,0,1.04 | 1.23 | 1.43,0.951,0.000,0,1,0,0,0,0,-1,0,0,0,,0,,0,,0,0,0,1
1723494658,772,4,4,8,8,12.83,0,0,0.11 | 0.11 | 0.11,0,2.79 | 3.25 | 3.85,0,1.04 | 1.23 | 1.43,0.951,0.000,0,1,0,0,0,0,-1,0,0,0,,0,,0,,0,0,0,1
1723494658,772,4,4,8,8,12.83,0,0,0.11 | 0.11 | 0.11,0,2.79 | 3.25 | 3.85,0,1.04 | 1.23 | 1.43,0.951,0.000,0,1,0,0,0,0,-1,0,0,0,,0,,0,,0,0,0,1
1723494658,772,4,4,8,8,12.83,0,0,0.11 | 0.11 | 0.11,0,2.79 | 3.25 | 3.85,0,1.04 | 1.23 | 1.43,0.951,0.000,0,1,0,0,0,0,-1,0,0,0,,0,,0,,0,0,0,1
1723494658,772,4,4,8,8,12.83,0,0,0.11 | 0.11 | 0.11,0,2.79 | 3.25 | 3.85,0,1.04 | 1.23 | 1.43,0.951,0.000,0,1,0,0,0,0,-1,0,0,0,,0,,0,,0,0,0,1
1723494658,772,4,4,8,8,12.83,0,0,0.11 | 0.11 | 0.11,0,2.79 | 3.25 | 3.85,0,1.04 | 1.23 | 1.43,0.951,0.000,0,1,0,0,0,0,-1,0,0,0,,0,,0,,0,0,0,1
1723494658,772,4,4,8,8,12.83,0,0,0.11 | 0.11 | 0.11,0,2.79 | 3.25 | 3.85,0,1.04 | 1.23 | 1.43,0.951,0.000,0,1,0,0,0,0,-1,0,0,0,,0,,0,,0,0,0,1
1723494659,772,4,4,8,8,11.83,0,0,0.11 | 0.11 | 0.11,0,2.79 | 3.25 | 3.85,0,1.04 | 1.23 | 1.43,0.951,0.000,0,1,0,0,0,0,-1,0,0,0,,0,,0,,0,0,0,1
1723494659,772,4,4,8,8,11.83,0,0,0.11 | 0.11 | 0.11,0,2.79 | 3.25 | 3.85,0,1.04 | 1.23 | 1.43,0.951,0.000,0,1,0,0,0,0,-1,0,0,0,,0,,0,,0,0,0,1
1723494659,772,4,4,8,8,11.83,0,0,0.11 | 0.11 | 0.11,0,2.79 | 3.25 | 3.85,0,1.04 | 1.23 | 1.43,0.951,0.000,0,1,0,0,0,0,-1,0,0,0,,0,,0,,0,0,0,1
1723494659,772,4,4,8,8,11.83,0,0,0.11 | 0.11 | 0.11,0,2.79 | 3.25 | 3.85,0,1.04 | 1.23 | 1.43,0.951,0.000,0,1,0,0,0,0,-1,0,0,0,,0,,0,,0,0,0,1
1723494659,772,4,4,8,8,11.83,0,0,0.11 | 0.11 | 0.11,0,2.79 | 3.25 | 3.85,0,1.04 | 1.23 | 1.43,0.951,0.000,0,1,0,0,0,0,-1,0,0,0,,0,,0,,0,0,0,1
1723494659,772,4,4,8,8,11.83,0,0,0.11 | 0.11 | 0.11,0,2.79 | 3.25 | 3.85,0,1.04 | 1.23 | 1.43,0.951,0.000,0,1,0,0,0,0,-1,0,0,0,,0,,0,,0,0,0,1
1723494659,772,4,4,8,8,11.83,0,0,0.11 | 0.11 | 0.11,0,2.79 | 3.25 | 3.85,0,1.04 | 1.23 | 1.43,0.951,0.000,0,1,0,0,0,0,-1,0,0,0,,0,,0,,0,0,0,1
1723494659,772,4,4,8,8,11.83,0,0,0.11 | 0.11 | 0.11,0,2.79 | 3.25 | 3.85,0,1.04 | 1.23 | 1.43,0.951,0.000,0,1,0,0,0,0,-1,0,0,0,,0,,0,,0,0,0,1
1723494659,772,4,4,8,8,11.83,0,0,0.11 | 0.11 | 0.11,0,2.79 | 3.25 | 3.85,0,1.04 | 1.23 | 1.43,0.951,0.000,0,1,0,0,0,0,-1,0,0,0,,0,,0,,0,0,0,1
1723494659,772,4,4,8,8,11.83,0,0,0.11 | 0.11 | 0.11,0,2.79 | 3.25 | 3.85,0,1.04 | 1.23 | 1.43,0.951,0.000,0,1,0,0,0,0,-1,0,0,0,,0,,0,,0,0,0,1
1723494660,772,4,4,8,8,10.787,0,0,0.11 | 0.11 | 0.11,0,2.79 | 3.25 | 3.85,0,1.04 | 1.23 | 1.43,0.951,0.000,0,1,0,0,0,0,-1,0,0,0,,0,,0,,0,0,0,1
1723494660,772,4,4,8,8,10.787,0,0,0.11 | 0.11 | 0.11,0,2.79 | 3.25 | 3.85,0,1.04 | 1.23 | 1.43,0.951,0.000,0,1,0,0,0,0,-1,0,0,0,,0,,0,,0,0,0,1
1723494660,772,4,4,8,8,10.787,0,0,0.11 | 0.11 | 0.11,0,2.79 | 3.25 | 3.85,0,1.04 | 1.23 | 1.43,0.951,0.000,0,1,0,0,0,0,-1,0,0,0,,0,,0,,0,0,0,1
1723494660,772,4,4,8,8,10.787,0,0,0.11 | 0.11 | 0.11,0,2.79 | 3.25 | 3.85,0,1.04 | 1.23 | 1.43,0.951,0.000,0,1,0,0,0,0,-1,0,0,0,,0,,0,,0,0,0,1
1723494660,772,4,4,8,8,10.787,0,0,0.11 | 0.11 | 0.11,0,2.79 | 3.25 | 3.85,0,1.04 | 1.23 | 1.43,0.951,0.000,0,1,0,0,0,0,-1,0,0,0,,0,,0,,0,0,0,1
1723494660,772,4,4,8,8,10.787,0,0,0.11 | 0.11 | 0.11,0,2.79 | 3.25 | 3.85,0,1.04 | 1.23 | 1.43,0.951,0.000,0,1,0,0,0,0,-1,0,0,0,,0,,0,,0,0,0,1
1723494660,772,4,4,8,8,10.787,0,0,0.11 | 0.11 | 0.11,0,2.79 | 3.25 | 3.85,0,1.04 | 1.23 | 1.43,0.951,0.000,0,1,0,0,0,0,-1,0,0,0,,0,,0,,0,0,0,1
1723494660,772,4,4,8,8,10.787,0,0,0.11 | 0.11 | 0.11,0,2.79 | 3.25 | 3.85,0,1.04 | 1.23 | 1.43,0.951,0.000,0,1,0,0,0,0,-1,0,0,0,,0,,0,,0,0,0,1
1723494660,772,4,4,8,8,10.787,0,0,0.11 | 0.11 | 0.11,0,2.79 | 3.25 | 3.85,0,1.04 | 1.23 | 1.43,0.951,0.000,0,1,0,0,0,0,-1,0,0,0,,0,,0,,0,0,0,1
1723494660,772,4,4,8,8,10.787,0,0,0.11 | 0.11 | 0.11,0,2.79 | 3.25 | 3.85,0,1.04 | 1.23 | 1.43,0.951,0.000,0,1,0,0,0,0,-1,0,0,0,,0,,0,,0,0,0,1
1723494661,772,4,4,8,8,9.97,0,0,0.11 | 0.11 | 0.11,0,2.79 | 3.25 | 3.85,0,1.04 | 1.23 | 1.43,0.951,0.000,0,1,0,0,0,0,-1,0,0,0,,0,,0,,0,0,0,1
1723494661,772,4,4,8,8,9.97,0,0,0.11 | 0.11 | 0.11,0,2.79 | 3.25 | 3.85,0,1.04 | 1.23 | 1.43,0.951,0.000,0,1,0,0,0,0,-1,0,0,0,,0,,0,,0,0,0,1
1723494661,772,4,4,8,8,9.97,0,0,0.11 | 0.11 | 0.11,0,2.79 | 3.25 | 3.85,0,1.04 | 1.23 | 1.43,0.951,0.000,0,1,0,0,0,0,-1,0,0,0,,0,,0,,0,0,0,1
1723494661,772,4,4,8,8,9.97,0,0,0.11 | 0.11 | 0.11,0,2.79 | 3.25 | 3.85,0,1.04 | 1.23 | 1.43,0.951,0.000,0,1,0,0,0,0,-1,0,0,0,,0,,0,,0,0,0,1
1723494661,772,4,4,8,8,9.97,0,0,0.11 | 0.11 | 0.11,0,2.79 | 3.25 | 3.85,0,1.04 | 1.23 | 1.43,0.951,0.000,0,1,0,0,0,0,-1,0,0,0,,0,,0,,0,0,0,1
1723494661,772,4,4,8,8,9.97,0,0,0.11 | 0.11 | 0.11,0,2.79 | 3.25 | 3.85,0,1.04 | 1.23 | 1.43,0.951,0.000,0,1,0,0,0,0,-1,0,0,0,,0,,0,,0,0,0,1
1723494661,772,4,4,8,8,9.97,0,0,0.11 | 0.11 | 0.11,0,2.79 | 3.25 | 3.85,0,1.04 | 1.23 | 1.43,0.951,0.000,0,1,0,0,0,0,-1,0,0,0,,0,,0,,0,0,0,1
1723494661,772,4,4,8,8,9.97,0,0,0.11 | 0.11 | 0.11,0,2.79 | 3.25 | 3.85,0,1.04 | 1.23 | 1.43,0.951,0.000,0,1,0,0,0,0,-1,0,0,0,,0,,0,,0,0,0,1
1723494661,772,4,4,8,8,9.97,0,0,0.11 | 0.11 | 0.11,0,2.79 | 3.25 | 3.85,0,1.04 | 1.23 | 1.43,0.951,0.000,0,1,0,0,0,0,-1,0,0,0,,0,,0,,0,0,0,1
1723494661,772,4,4,8,8,9.97,0,0,0.11 | 0.11 | 0.11,0,2.79 | 3.25 | 3.85,0,1.04 | 1.23 | 1.43,0.951,0.000,0,1,0,0,0,0,-1,0,0,0,,0,,0,,0,0,0,1
1723494662,772,4,4,8,8,8.908,0,0,0.11 | 0.11 | 0.11,0,2.79 | 3.25 | 3.85,0,1.04 | 1.23 | 1.43,0.951,0.000,0,1,0,0,0,0,-1,0,0,0,,0,,0,,0,0,0,1
1723494662,772,4,4,8,8,8.908,0,0,0.11 | 0.11 | 0.11,0,2.79 | 3.25 | 3.85,0,1.04 | 1.23 | 1.43,0.951,0.000,0,1,0,0,0,0,-1,0,0,0,,0,,0,,0,0,0,1
1723494662,772,4,4,8,8,8.908,0,0,0.11 | 0.11 | 0.11,0,2.79 | 3.25 | 3.85,0,1.04 | 1.23 | 1.43,0.951,0.000,0,1,0,0,0,0,-1,0,0,0,,0,,0,,0,0,0,1
1723494662,772,4,4,8,8,8.908,0,0,0.11 | 0.11 | 0.11,0,2.79 | 3.25 | 3.85,0,1.04 | 1.23 | 1.43,0.951,0.000,0,1,0,0,0,0,-1,0,0,0,,0,,0,,0,0,0,1
1723494662,772,4,4,8,8,8.908,0,0,0.11 | 0.11 | 0.11,0,2.79 | 3.25 | 3.85,0,1.04 | 1.23 | 1.43,0.951,0.000,0,1,0,0,0,0,-1,0,0,0,,0,,0,,0,0,0,1
1723494662,772,4,4,8,8,8.908,0,0,0.11 | 0.11 | 0.11,0,2.79 | 3.25 | 3.85,0,1.04 | 1.23 | 1.43,0.951,0.000,0,1,0,0,0,0,-1,0,0,0,,0,,0,,0,0,0,1
1723494662,772,4,4,8,8,8.908,0,0,0.11 | 0.11 | 0.11,0,2.79 | 3.25 | 3.85,0,1.04 | 1.23 | 1.43,0.951,0.000,0,1,0,0,0,0,-1,0,0,0,,0,,0,,0,0,0,1
1723494662,772,4,4,8,8,8.908,0,0,0.11 | 0.11 | 0.11,0,2.79 | 3.25 | 3.85,0,1.04 | 1.23 | 1.43,0.951,0.000,0,1,0,0,0,0,-1,0,0,0,,0,,0,,0,0,0,1
1723494662,772,4,4,8,8,8.908,0,0,0.11 | 0.11 | 0.11,0,2.79 | 3.25 | 3.85,0,1.04 | 1.23 | 1.43,0.951,0.000,0,1,0,0,0,0,-1,0,0,0,,0,,0,,0,0,0,1
1723494662,772,4,4,8,8,8.908,0,0,0.11 | 0.11 | 0.11,0,2.79 | 3.25 | 3.85,0,1.04 | 1.23 | 1.43,0.951,0.000,0,1,0,0,0,0,-1,0,0,0,,0,,0,,0,0,0,1
1723494663,772,4,4,8,8,11.046,0,0,0.11 | 0.11 | 0.11,0,2.79 | 3.27 | 3.85,0,1.04 | 1.22 | 1.43,0.951,0.000,0,1,0,0,0,0,-1,0,0,0,,0,,0,,0,0,0,1
1723494663,772,4,4,8,8,11.046,0,0,0.11 | 0.11 | 0.11,0,2.79 | 3.27 | 3.85,0,1.04 | 1.22 | 1.43,0.951,0.000,0,1,0,0,0,0,-1,0,0,0,,0,,0,,0,0,0,1
1723494663,772,4,4,8,8,11.046,0,0,0.11 | 0.11 | 0.11,0,2.79 | 3.27 | 3.85,0,1.04 | 1.22 | 1.43,0.951,0.000,0,1,0,0,0,0,-1,0,0,0,,0,,0,,0,0,0,1
1723494663,772,4,4,8,8,11.046,0,0,0.11 | 0.11 | 0.11,0,2.79 | 3.27 | 3.85,0,1.04 | 1.22 | 1.43,0.951,0.000,0,1,0,0,0,0,-1,0,0,0,,0,,0,,0,0,0,1
1723494663,772,4,4,8,8,11.046,0,0,0.11 | 0.11 | 0.11,0,2.79 | 3.27 | 3.85,0,1.04 | 1.22 | 1.43,0.951,0.000,0,1,0,0,0,0,-1,0,0,0,,0,,0,,0,0,0,1
1723494663,772,4,4,8,8,11.046,0,0,0.11 | 0.11 | 0.11,0,2.79 | 3.27 | 3.85,0,1.04 | 1.22 | 1.43,0.951,0.000,0,1,0,0,0,0,-1,0,0,0,,0,,0,,0,0,0,1
1723494663,772,4,4,8,8,11.046,0,0,0.11 | 0.11 | 0.11,0,2.79 | 3.27 | 3.85,0,1.04 | 1.22 | 1.43,0.951,0.000,0,1,0,0,0,0,-1,0,0,0,,0,,0,,0,0,0,1
1723494663,772,4,4,8,8,11.046,0,0,0.11 | 0.11 | 0.11,0,2.79 | 3.27 | 3.85,0,1.04 | 1.22 | 1.43,0.951,0.000,0,1,0,0,0,0,-1,0,0,0,,0,,0,,0,0,0,1
1723494663,772,4,4,8,8,11.046,0,0,0.11 | 0.11 | 0.11,0,2.79 | 3.27 | 3.85,0,1.04 | 1.22 | 1.43,0.951,0.000,0,1,0,0,0,0,-1,0,0,0,,0,,0,,0,0,0,1
1723494663,772,4,4,8,8,11.046,0,0,0.11 | 0.11 | 0.11,0,2.79 | 3.27 | 3.85,0,1.04 | 1.22 | 1.43,0.951,0.000,0,1,0,0,0,0,-1,0,0,0,,0,,0,,0,0,0,1
1723494664,772,4,4,8,8,9.983,0,0,0.11 | 0.11 | 0.11,0,2.79 | 3.27 | 3.85,0,1.04 | 1.22 | 1.43,0.951,0.000,0,1,0,0,0,0,-1,0,0,0,,0,,0,,0,0,0,1
1723494664,772,4,4,8,8,9.983,0,0,0.11 | 0.11 | 0.11,0,2.79 | 3.27 | 3.85,0,1.04 | 1.22 | 1.43,0.951,0.000,0,1,0,0,0,0,-1,0,0,0,,0,,0,,0,0,0,1
1723494664,772,4,4,8,8,9.983,0,0,0.11 | 0.11 | 0.11,0,2.79 | 3.27 | 3.85,0,1.04 | 1.22 | 1.43,0.951,0.000,0,1,0,0,0,0,-1,0,0,0,,0,,0,,0,0,0,1
1723494664,772,4,4,8,8,9.983,0,0,0.11 | 0.11 | 0.11,0,2.79 | 3.27 | 3.85,0,1.04 | 1.22 | 1.43,0.951,0.000,0,1,0,0,0,0,-1,0,0,0,,0,,0,,0,0,0,1
1723494664,772,4,4,8,8,9.983,0,0,0.11 | 0.11 | 0.11,0,2.79 | 3.27 | 3.85,0,1.04 | 1.22 | 1.43,0.951,0.000,0,1,0,0,0,0,-1,0,0,0,,0,,0,,0,0,0,1
1723494664,772,4,4,8,8,9.983,0,0,0.11 | 0.11 | 0.11,0,2.79 | 3.27 | 3.85,0,1.04 | 1.22 | 1.43,0.951,0.000,0,1,0,0,0,0,-1,0,0,0,,0,,0,,0,0,0,1
1723494664,772,4,4,8,8,9.983,0,0,0.11 | 0.11 | 0.11,0,2.79 | 3.27 | 3.85,0,1.04 | 1.22 | 1.43,0.951,0.000,0,1,0,0,0,0,-1,0,0,0,,0,,0,,0,0,0,1
1723494664,772,4,4,8,8,9.983,0,0,0.11 | 0.11 | 0.11,0,2.79 | 3.27 | 3.85,0,1.04 | 1.22 | 1.43,0.951,0.000,0,1,0,0,0,0,-1,0,0,0,,0,,0,,0,0,0,1
1723494664,772,4,4,8,8,9.983,0,0,0.11 | 0.11 | 0.11,0,2.79 | 3.27 | 3.85,0,1.04 | 1.22 | 1.43,0.951,0.000,0,1,0,0,0,0,-1,0,0,0,,0,,0,,0,0,0,1
1723494664,772,4,4,8,8,9.983,0,0,0.11 | 0.11 | 0.11,0,2.79 | 3.27 | 3.85,0,1.04 | 1.22 | 1.43,0.951,0.000,0,1,0,0,0,0,-1,0,0,0,,0,,0,,0,0,0,1
1723494665,772,4,4,8,8,9.187,0,0,0.11 | 0.11 | 0.11,0,2.79 | 3.27 | 3.85,0,1.04 | 1.22 | 1.43,0.951,0.000,0,1,0,0,0,0,-1,0,0,0,,0,,0,,0,0,0,1
1723494665,772,4,4,8,8,9.187,0,0,0.11 | 0.11 | 0.11,0,2.79 | 3.27 | 3.85,0,1.04 | 1.22 | 1.43,0.951,0.000,0,1,0,0,0,0,-1,0,0,0,,0,,0,,0,0,0,1
1723494665,772,4,4,8,8,9.187,0,0,0.11 | 0.11 | 0.11,0,2.79 | 3.27 | 3.85,0,1.04 | 1.22 | 1.43,0.951,0.000,0,1,0,0,0,0,-1,0,0,0,,0,,0,,0,0,0,1
1723494665,772,4,4,8,8,9.187,0,0,0.11 | 0.11 | 0.11,0,2.79 | 3.27 | 3.85,0,1.04 | 1.22 | 1.43,0.951,0.000,0,1,0,0,0,0,-1,0,0,0,,0,,0,,0,0,0,1
1723494665,772,4,4,8,8,9.187,0,0,0.11 | 0.11 | 0.11,0,2.79 | 3.27 | 3.85,0,1.04 | 1.22 | 1.43,0.951,0.000,0,1,0,0,0,0,-1,0,0,0,,0,,0,,0,0,0,1
1723494665,772,4,4,8,8,9.187,0,0,0.11 | 0.11 | 0.11,0,2.79 | 3.27 | 3.85,0,1.04 | 1.22 | 1.43,0.951,0.000,0,1,0,0,0,0,-1,0,0,0,,0,,0,,0,0,0,1
1723494665,772,4,4,8,8,9.187,0,0,0.11 | 0.11 | 0.11,0,2.79 | 3.27 | 3.85,0,1.04 | 1.22 | 1.43,0.951,0.000,0,1,0,0,0,0,-1,0,0,0,,0,,0,,0,0,0,1
1723494665,772,4,4,8,8,9.187,0,0,0.11 | 0.11 | 0.11,0,2.79 | 3.27 | 3.85,0,1.04 | 1.22 | 1.43,0.951,0.000,0,1,0,0,0,0,-1,0,0,0,,0,,0,,0,0,0,1
1723494665,772,4,4,8,8,9.187,0,0,0.11 | 0.11 | 0.11,0,2.79 | 3.27 | 3.85,0,1.04 | 1.22 | 1.43,0.951,0.000,0,1,0,0,0,0,-1,0,0,0,,0,,0,,0,0,0,1
1723494665,772,4,4,8,8,9.187,0,0,0.11 | 0.11 | 0.11,0,2.79 | 3.27 | 3.85,0,1.04 | 1.22 | 1.43,0.951,0.000,0,1,0,0,0,0,-1,0,0,0,,0,,0,,0,0,0,1
1723494666,772,4,4,8,8,8.124,0,0,0.11 | 0.11 | 0.11,0,2.79 | 3.27 | 3.85,0,1.04 | 1.22 | 1.43,0.951,0.000,0,1,0,0,0,0,-1,0,0,0,,0,,0,,0,0,0,1
1723494666,772,4,4,8,8,8.124,0,0,0.11 | 0.11 | 0.11,0,2.79 | 3.27 | 3.85,0,1.04 | 1.22 | 1.43,0.951,0.000,0,1,0,0,0,0,-1,0,0,0,,0,,0,,0,0,0,1
1723494666,772,4,4,8,8,8.124,0,0,0.11 | 0.11 | 0.11,0,2.79 | 3.27 | 3.85,0,1.04 | 1.22 | 1.43,0.951,0.000,0,1,0,0,0,0,-1,0,0,0,,0,,0,,0,0,0,1
1723494666,772,4,4,8,8,8.124,0,0,0.11 | 0.11 | 0.11,0,2.79 | 3.27 | 3.85,0,1.04 | 1.22 | 1.43,0.951,0.000,0,1,0,0,0,0,-1,0,0,0,,0,,0,,0,0,0,1
1723494666,772,4,4,8,8,8.124,0,0,0.11 | 0.11 | 0.11,0,2.79 | 3.27 | 3.85,0,1.04 | 1.22 | 1.43,0.951,0.000,0,1,0,0,0,0,-1,0,0,0,,0,,0,,0,0,0,1
1723494666,772,4,4,8,8,8.124,0,0,0.11 | 0.11 | 0.11,0,2.79 | 3.27 | 3.85,0,1.04 | 1.22 | 1.43,0.951,0.000,0,1,0,0,0,0,-1,0,0,0,,0,,0,,0,0,0,1
1723494666,772,4,4,8,8,8.124,0,0,0.11 | 0.11 | 0.11,0,2.79 | 3.27 | 3.85,0,1.04 | 1.22 | 1.43,0.951,0.000,0,1,0,0,0,0,-1,0,0,0,,0,,0,,0,0,0,1
1723494666,772,4,4,8,8,8.124,0,0,0.11 | 0.11 | 0.11,0,2.79 | 3.27 | 3.85,0,1.04 | 1.22 | 1.43,0.951,0.000,0,1,0,0,0,0,-1,0,0,0,,0,,0,,0,0,0,1
1723494666,772,4,4,8,8,8.124,0,0,0.11 | 0.11 | 0.11,0,2.79 | 3.27 | 3.85,0,1.04 | 1.22 | 1.43,0.951,0.000,0,1,0,0,0,0,-1,0,0,0,,0,,0,,0,0,0,1
1723494666,772,4,4,8,8,8.124,0,0,0.11 | 0.11 | 0.11,0,2.79 | 3.27 | 3.85,0,1.04 | 1.22 | 1.43,0.951,0.000,0,1,0,0,0,0,-1,0,0,0,,0,,0,,0,0,0,1
1723494667,772,4,4,8,8,11.845,0,0,0.11 | 0.11 | 0.11,0,2.79 | 3.41 | 4.42,0,0.90 | 1.17 | 1.43,0.952,0.000,0,1,0,0,0,0,-1,0,0,0,,0,,0,,0,0,0,1
1723494667,772,4,4,8,8,11.845,0,0,0.11 | 0.11 | 0.11,0,2.79 | 3.41 | 4.42,0,0.90 | 1.17 | 1.43,0.952,0.000,0,1,0,0,0,0,-1,0,0,0,,0,,0,,0,0,0,1
1723494667,772,4,4,8,8,11.845,0,0,0.11 | 0.11 | 0.11,0,2.79 | 3.41 | 4.42,0,0.90 | 1.17 | 1.43,0.952,0.000,0,1,0,0,0,0,-1,0,0,0,,0,,0,,0,0,0,1
1723494667,772,4,4,8,8,11.845,0,0,0.11 | 0.11 | 0.11,0,2.79 | 3.41 | 4.42,0,0.90 | 1.17 | 1.43,0.952,0.000,0,1,0,0,0,0,-1,0,0,0,,0,,0,,0,0,0,1
1723494667,772,4,4,8,8,11.845,0,0,0.11 | 0.11 | 0.11,0,2.79 | 3.41 | 4.42,0,0.90 | 1.17 | 1.43,0.952,0.000,0,1,0,0,0,0,-1,0,0,0,,0,,0,,0,0,0,1
1723494667,772,4,4,8,8,11.845,0,0,0.11 | 0.11 | 0.11,0,2.79 | 3.41 | 4.42,0,0.90 | 1.17 | 1.43,0.952,0.000,0,1,0,0,0,0,-1,0,0,0,,0,,0,,0,0,0,1
1723494667,772,4,4,8,8,11.845,0,0,0.11 | 0.11 | 0.11,0,2.79 | 3.41 | 4.42,0,0.90 | 1.17 | 1.43,0.952,0.000,0,1,0,0,0,0,-1,0,0,0,,0,,0,,0,0,0,1
1723494667,772,4,4,8,8,11.845,0,0,0.11 | 0.11 | 0.11,0,2.79 | 3.41 | 4.42,0,0.90 | 1.17 | 1.43,0.952,0.000,0,1,0,0,0,0,-1,0,0,0,,0,,0,,0,0,0,1
1723494667,772,4,4,8,8,11.845,0,0,0.11 | 0.11 | 0.11,0,2.79 | 3.41 | 4.42,0,0.90 | 1.17 | 1.43,0.952,0.000,0,1,0,0,0,0,-1,0,0,0,,0,,0,,0,0,0,1
1723494667,772,4,4,8,8,11.845,0,0,0.11 | 0.11 | 0.11,0,2.79 | 3.41 | 4.42,0,0.90 | 1.17 | 1.43,0.952,0.000,0,1,0,0,0,0,-1,0,0,0,,0,,0,,0,0,0,1
1723494668,772,4,4,8,8,10.799,0,0,0.11 | 0.11 | 0.11,0,2.79 | 3.41 | 4.42,0,0.90 | 1.17 | 1.43,0.952,0.000,0,1,0,0,0,0,-1,0,0,0,,0,,0,,0,0,0,1
1723494668,772,4,4,8,8,10.799,0,0,0.11 | 0.11 | 0.11,0,2.79 | 3.41 | 4.42,0,0.90 | 1.17 | 1.43,0.952,0.000,0,1,0,0,0,0,-1,0,0,0,,0,,0,,0,0,0,1
1723494668,772,4,4,8,8,10.799,0,0,0.11 | 0.11 | 0.11,0,2.79 | 3.41 | 4.42,0,0.90 | 1.17 | 1.43,0.952,0.000,0,1,0,0,0,0,-1,0,0,0,,0,,0,,0,0,0,1
1723494668,772,4,4,8,8,10.799,0,0,0.11 | 0.11 | 0.11,0,2.79 | 3.41 | 4.42,0,0.90 | 1.17 | 1.43,0.952,0.000,0,1,0,0,0,0,-1,0,0,0,,0,,0,,0,0,0,1
1723494668,772,4,4,8,8,10.799,0,0,0.11 | 0.11 | 0.11,0,2.79 | 3.41 | 4.42,0,0.90 | 1.17 | 1.43,0.952,0.000,0,1,0,0,0,0,-1,0,0,0,,0,,0,,0,0,0,1
1723494668,772,4,4,8,8,10.799,0,0,0.11 | 0.11 | 0.11,0,2.79 | 3.41 | 4.42,0,0.90 | 1.17 | 1.43,0.952,0.000,0,1,0,0,0,0,-1,0,0,0,,0,,0,,0,0,0,1
1723494668,772,4,4,8,8,10.799,0,0,0.11 | 0.11 | 0.11,0,2.79 | 3.41 | 4.42,0,0.90 | 1.17 | 1.43,0.952,0.000,0,1,0,0,0,0,-1,0,0,0,,0,,0,,0,0,0,1
1723494668,772,4,4,8,8,10.799,0,0,0.11 | 0.11 | 0.11,0,2.79 | 3.41 | 4.42,0,0.90 | 1.17 | 1.43,0.952,0.000,0,1,0,0,0,0,-1,0,0,0,,0,,0,,0,0,0,1
1723494668,772,4,4,8,8,10.799,0,0,0.11 | 0.11 | 0.11,0,2.79 | 3.41 | 4.42,0,0.90 | 1.17 | 1.43,0.952,0.000,0,1,0,0,0,0,-1,0,0,0,,0,,0,,0,0,0,1
1723494668,772,4,4,8,8,10.799,0,0,0.11 | 0.11 | 0.11,0,2.79 | 3.41 | 4.42,0,0.90 | 1.17 | 1.43,0.952,0.000,0,1,0,0,0,0,-1,0,0,0,,0,,0,,0,0,0,1
1723494669,772,4,4,8,8,10.002,0,0,0.11 | 0.11 | 0.11,0,2.79 | 3.41 | 4.42,0,0.90 | 1.17 | 1.43,0.952,0.000,0,1,0,0,0,0,-1,0,0,0,,0,,0,,0,0,0,1
1723494669,772,4,4,8,8,10.002,0,0,0.11 | 0.11 | 0.11,0,2.79 | 3.41 | 4.42,0,0.90 | 1.17 | 1.43,0.952,0.000,0,1,0,0,0,0,-1,0,0,0,,0,,0,,0,0,0,1
1723494669,772,4,4,8,8,10.002,0,0,0.11 | 0.11 | 0.11,0,2.79 | 3.41 | 4.42,0,0.90 | 1.17 | 1.43,0.952,0.000,0,1,0,0,0,0,-1,0,0,0,,0,,0,,0,0,0,1
1723494669,772,4,4,8,8,10.002,0,0,0.11 | 0.11 | 0.11,0,2.79 | 3.41 | 4.42,0,0.90 | 1.17 | 1.43,0.952,0.000,0,1,0,0,0,0,-1,0,0,0,,0,,0,,0,0,0,1
1723494669,772,4,4,8,8,10.002,0,0,0.11 | 0.11 | 0.11,0,2.79 | 3.41 | 4.42,0,0.90 | 1.17 | 1.43,0.952,0.000,0,1,0,0,0,0,-1,0,0,0,,0,,0,,0,0,0,1
1723494669,772,4,4,8,8,10.002,0,0,0.11 | 0.11 | 0.11,0,2.79 | 3.41 | 4.42,0,0.90 | 1.17 | 1.43,0.952,0.000,0,1,0,0,0,0,-1,0,0,0,,0,,0,,0,0,0,1
1723494669,772,4,4,8,8,10.002,0,0,0.11 | 0.11 | 0.11,0,2.79 | 3.41 | 4.42,0,0.90 | 1.17 | 1.43,0.952,0.000,0,1,0,0,0,0,-1,0,0,0,,0,,0,,0,0,0,1
1723494669,772,4,4,8,8,10.002,0,0,0.11 | 0.11 | 0.11,0,2.79 | 3.41 | 4.42,0,0.90 | 1.17 | 1.43,0.952,0.000,0,1,0,0,0,0,-1,0,0,0,,0,,0,,0,0,0,1
1723494669,772,4,4,8,8,10.002,0,0,0.11 | 0.11 | 0.11,0,2.79 | 3.41 | 4.42,0,0.90 | 1.17 | 1.43,0.952,0.000,0,1,0,0,0,0,-1,0,0,0,,0,,0,,0,0,0,1
1723494669,772,4,4,8,8,10.002,0,0,0.11 | 0.11 | 0.11,0,2.79 | 3.41 | 4.42,0,0.90 | 1.17 | 1.43,0.952,0.000,0,1,0,0,0,0,-1,0,0,0,,0,,0,,0,0,0,1
1723494670,772,4,4,8,8,11.987,0,0,0.11 | 0.11 | 0.11,0,2.49 | 3.34 | 4.42,0,0.90 | 1.20 | 1.60,0.952,0.000,0,1,0,0,0,0,-1,0,0,0,,0,,0,,0,0,0,1
1723494670,772,4,4,8,8,11.987,0,0,0.11 | 0.11 | 0.11,0,2.49 | 3.34 | 4.42,0,0.90 | 1.20 | 1.60,0.952,0.000,0,1,0,0,0,0,-1,0,0,0,,0,,0,,0,0,0,1
1723494670,772,4,4,8,8,11.987,0,0,0.11 | 0.11 | 0.11,0,2.49 | 3.34 | 4.42,0,0.90 | 1.20 | 1.60,0.952,0.000,0,1,0,0,0,0,-1,0,0,0,,0,,0,,0,0,0,1
1723494670,772,4,4,8,8,11.987,0,0,0.11 | 0.11 | 0.11,0,2.49 | 3.34 | 4.42,0,0.90 | 1.20 | 1.60,0.952,0.000,0,1,0,0,0,0,-1,0,0,0,,0,,0,,0,0,0,1
1723494670,772,4,4,8,8,11.987,0,0,0.11 | 0.11 | 0.11,0,2.49 | 3.34 | 4.42,0,0.90 | 1.20 | 1.60,0.952,0.000,0,1,0,0,0,0,-1,0,0,0,,0,,0,,0,0,0,1
1723494670,772,4,4,8,8,11.987,0,0,0.11 | 0.11 | 0.11,0,2.49 | 3.34 | 4.42,0,0.90 | 1.20 | 1.60,0.952,0.000,0,1,0,0,0,0,-1,0,0,0,,0,,0,,0,0,0,1
1723494670,772,4,4,8,8,11.987,0,0,0.11 | 0.11 | 0.11,0,2.49 | 3.34 | 4.42,0,0.90 | 1.20 | 1.60,0.952,0.000,0,1,0,0,0,0,-1,0,0,0,,0,,0,,0,0,0,1
1723494670,772,4,4,8,8,11.987,0,0,0.11 | 0.11 | 0.11,0,2.49 | 3.34 | 4.42,0,0.90 | 1.20 | 1.60,0.952,0.000,0,1,0,0,0,0,-1,0,0,0,,0,,0,,0,0,0,1
1723494670,772,4,4,8,8,11.987,0,0,0.11 | 0.11 | 0.11,0,2.49 | 3.34 | 4.42,0,0.90 | 1.20 | 1.60,0.952,0.000,0,1,0,0,0,0,-1,0,0,0,,0,,0,,0,0,0,1
1723494670,772,4,4,8,8,11.987,0,0,0.11 | 0.11 | 0.11,0,2.49 | 3.34 | 4.42,0,0.90 | 1.20 | 1.60,0.952,0.000,0,1,0,0,0,0,-1,0,0,0,,0,,0,,0,0,0,1
1723494671,772,4,4,8,8,11.077,0,0,0.11 | 0.11 | 0.11,0,2.49 | 3.34 | 4.42,0,0.90 | 1.20 | 1.60,0.952,0.000,0,1,0,0,0,0,-1,0,0,0,,0,,0,,0,0,0,1
1723494671,772,4,4,8,8,11.077,0,0,0.11 | 0.11 | 0.11,0,2.49 | 3.34 | 4.42,0,0.90 | 1.20 | 1.60,0.952,0.000,0,1,0,0,0,0,-1,0,0,0,,0,,0,,0,0,0,1
1723494671,772,4,4,8,8,11.077,0,0,0.11 | 0.11 | 0.11,0,2.49 | 3.34 | 4.42,0,0.90 | 1.20 | 1.60,0.952,0.000,0,1,0,0,0,0,-1,0,0,0,,0,,0,,0,0,0,1
1723494671,772,4,4,8,8,11.077,0,0,0.11 | 0.11 | 0.11,0,2.49 | 3.34 | 4.42,0,0.90 | 1.20 | 1.60,0.952,0.000,0,1,0,0,0,0,-1,0,0,0,,0,,0,,0,0,0,1
1723494671,772,4,4,8,8,11.077,0,0,0.11 | 0.11 | 0.11,0,2.49 | 3.34 | 4.42,0,0.90 | 1.20 | 1.60,0.952,0.000,0,1,0,0,0,0,-1,0,0,0,,0,,0,,0,0,0,1
1723494671,772,4,4,8,8,11.077,0,0,0.11 | 0.11 | 0.11,0,2.49 | 3.34 | 4.42,0,0.90 | 1.20 | 1.60,0.952,0.000,0,1,0,0,0,0,-1,0,0,0,,0,,0,,0,0,0,1
1723494671,772,4,4,8,8,11.077,0,0,0.11 | 0.11 | 0.11,0,2.49 | 3.34 | 4.42,0,0.90 | 1.20 | 1.60,0.952,0.000,0,1,0,0,0,0,-1,0,0,0,,0,,0,,0,0,0,1
1723494671,772,4,4,8,8,11.077,0,0,0.11 | 0.11 | 0.11,0,2.49 | 3.34 | 4.42,0,0.90 | 1.20 | 1.60,0.952,0.000,0,1,0,0,0,0,-1,0,0,0,,0,,0,,0,0,0,1
1723494671,772,4,4,8,8,11.077,0,0,0.11 | 0.11 | 0.11,0,2.49 | 3.34 | 4.42,0,0.90 | 1.20 | 1.60,0.952,0.000,0,1,0,0,0,0,-1,0,0,0,,0,,0,,0,0,0,1
1723494671,772,4,4,8,8,11.077,0,0,0.11 | 0.11 | 0.11,0,2.49 | 3.34 | 4.42,0,0.90 | 1.20 | 1.60,0.952,0.000,0,1,0,0,0,0,-1,0,0,0,,0,,0,,0,0,0,1
1723494672,772,4,4,8,8,10.015,0,0,0.11 | 0.11 | 0.11,0,2.49 | 3.34 | 4.42,0,0.90 | 1.20 | 1.60,0.952,0.000,0,1,0,0,0,0,-1,0,0,0,,0,,0,,0,0,0,1
1723494672,772,4,4,8,8,10.015,0,0,0.11 | 0.11 | 0.11,0,2.49 | 3.34 | 4.42,0,0.90 | 1.20 | 1.60,0.952,0.000,0,1,0,0,0,0,-1,0,0,0,,0,,0,,0,0,0,1
1723494672,772,4,4,8,8,10.015,0,0,0.11 | 0.11 | 0.11,0,2.49 | 3.34 | 4.42,0,0.90 | 1.20 | 1.60,0.952,0.000,0,1,0,0,0,0,-1,0,0,0,,0,,0,,0,0,0,1
1723494672,772,4,4,8,8,10.015,0,0,0.11 | 0.11 | 0.11,0,2.49 | 3.34 | 4.42,0,0.90 | 1.20 | 1.60,0.952,0.000,0,1,0,0,0,0,-1,0,0,0,,0,,0,,0,0,0,1
1723494672,772,4,4,8,8,10.015,0,0,0.11 | 0.11 | 0.11,0,2.49 | 3.34 | 4.42,0,0.90 | 1.20 | 1.60,0.952,0.000,0,1,0,0,0,0,-1,0,0,0,,0,,0,,0,0,0,1
1723494672,772,4,4,8,8,10.015,0,0,0.11 | 0.11 | 0.11,0,2.49 | 3.34 | 4.42,0,0.90 | 1.20 | 1.60,0.952,0.000,0,1,0,0,0,0,-1,0,0,0,,0,,0,,0,0,0,1
1723494672,772,4,4,8,8,10.015,0,0,0.11 | 0.11 | 0.11,0,2.49 | 3.34 | 4.42,0,0.90 | 1.20 | 1.60,0.952,0.000,0,1,0,0,0,0,-1,0,0,0,,0,,0,,0,0,0,1
1723494672,772,4,4,8,8,10.015,0,0,0.11 | 0.11 | 0.11,0,2.49 | 3.34 | 4.42,0,0.90 | 1.20 | 1.60,0.952,0.000,0,1,0,0,0,0,-1,0,0,0,,0,,0,,0,0,0,1
1723494672,772,4,4,8,8,10.015,0,0,0.11 | 0.11 | 0.11,0,2.49 | 3.34 | 4.42,0,0.90 | 1.20 | 1.60,0.952,0.000,0,1,0,0,0,0,-1,0,0,0,,0,,0,,0,0,0,1
1723494672,772,4,4,8,8,10.015,0,0,0.11 | 0.11 | 0.11,0,2.49 | 3.34 | 4.42,0,0.90 | 1.20 | 1.60,0.952,0.000,0,1,0,0,0,0,-1,0,0,0,,0,,0,,0,0,0,1
1723494673,772,4,4,8,8,9.218,0,0,0.11 | 0.11 | 0.11,0,2.49 | 3.34 | 4.42,0,0.90 | 1.20 | 1.60,0.952,0.000,0,1,0,0,0,0,-1,0,0,0,,0,,0,,0,0,0,1
1723494673,772,4,4,8,8,9.218,0,0,0.11 | 0.11 | 0.11,0,2.49 | 3.34 | 4.42,0,0.90 | 1.20 | 1.60,0.952,0.000,0,1,0,0,0,0,-1,0,0,0,,0,,0,,0,0,0,1
1723494673,772,4,4,8,8,9.218,0,0,0.11 | 0.11 | 0.11,0,2.49 | 3.34 | 4.42,0,0.90 | 1.20 | 1.60,0.952,0.000,0,1,0,0,0,0,-1,0,0,0,,0,,0,,0,0,0,1
1723494673,772,4,4,8,8,9.218,0,0,0.11 | 0.11 | 0.11,0,2.49 | 3.34 | 4.42,0,0.90 | 1.20 | 1.60,0.952,0.000,0,1,0,0,0,0,-1,0,0,0,,0,,0,,0,0,0,1
1723494673,772,4,4,8,8,9.218,0,0,0.11 | 0.11 | 0.11,0,2.49 | 3.34 | 4.42,0,0.90 | 1.20 | 1.60,0.952,0.000,0,1,0,0,0,0,-1,0,0,0,,0,,0,,0,0,0,1
1723494673,772,4,4,8,8,9.218,0,0,0.11 | 0.11 | 0.11,0,2.49 | 3.34 | 4.42,0,0.90 | 1.20 | 1.60,0.952,0.000,0,1,0,0,0,0,-1,0,0,0,,0,,0,,0,0,0,1
1723494673,772,4,4,8,8,9.218,0,0,0.11 | 0.11 | 0.11,0,2.49 | 3.34 | 4.42,0,0.90 | 1.20 | 1.60,0.952,0.000,0,1,0,0,0,0,-1,0,0,0,,0,,0,,0,0,0,1
1723494673,772,4,4,8,8,9.218,0,0,0.11 | 0.11 | 0.11,0,2.49 | 3.34 | 4.42,0,0.90 | 1.20 | 1.60,0.952,0.000,0,1,0,0,0,0,-1,0,0,0,,0,,0,,0,0,0,1
1723494673,772,4,4,8,8,9.218,0,0,0.11 | 0.11 | 0.11,0,2.49 | 3.34 | 4.42,0,0.90 | 1.20 | 1.60,0.952,0.000,0,1,0,0,0,0,-1,0,0,0,,0,,0,,0,0,0,1
1723494673,772,4,4,8,8,9.218,0,0,0.11 | 0.11 | 0.11,0,2.49 | 3.34 | 4.42,0,0.90 | 1.20 | 1.60,0.952,0.000,0,1,0,0,0,0,-1,0,0,0,,0,,0,,0,0,0,1
1723494674,772,4,4,8,8,8.155,0,0,0.11 | 0.11 | 0.11,0,2.49 | 3.34 | 4.42,0,0.90 | 1.20 | 1.60,0.952,0.000,0,1,0,0,0,0,-1,0,0,0,,0,,0,,0,0,0,1
1723494674,772,4,4,8,8,8.155,0,0,0.11 | 0.11 | 0.11,0,2.49 | 3.34 | 4.42,0,0.90 | 1.20 | 1.60,0.952,0.000,0,1,0,0,0,0,-1,0,0,0,,0,,0,,0,0,0,1
1723494674,772,4,4,8,8,8.155,0,0,0.11 | 0.11 | 0.11,0,2.49 | 3.34 | 4.42,0,0.90 | 1.20 | 1.60,0.952,0.000,0,1,0,0,0,0,-1,0,0,0,,0,,0,,0,0,0,1
1723494674,772,4,4,8,8,8.155,0,0,0.11 | 0.11 | 0.11,0,2.49 | 3.34 | 4.42,0,0.90 | 1.20 | 1.60,0.952,0.000,0,1,0,0,0,0,-1,0,0,0,,0,,0,,0,0,0,1
1723494674,772,4,4,8,8,8.155,0,0,0.11 | 0.11 | 0.11,0,2.49 | 3.34 | 4.42,0,0.90 | 1.20 | 1.60,0.952,0.000,0,1,0,0,0,0,-1,0,0,0,,0,,0,,0,0,0,1
1723494674,772,4,4,8,8,8.155,0,0,0.11 | 0.11 | 0.11,0,2.49 | 3.34 | 4.42,0,0.90 | 1.20 | 1.60,0.952,0.000,0,1,0,0,0,0,-1,0,0,0,,0,,0,,0,0,0,1
1723494674,772,4,4,8,8,8.155,0,0,0.11 | 0.11 | 0.11,0,2.49 | 3.34 | 4.42,0,0.90 | 1.20 | 1.60,0.952,0.000,0,1,0,0,0,0,-1,0,0,0,,0,,0,,0,0,0,1
1723494674,772,4,4,8,8,8.155,0,0,0.11 | 0.11 | 0.11,0,2.49 | 3.34 | 4.42,0,0.90 | 1.20 | 1.60,0.952,0.000,0,1,0,0,0,0,-1,0,0,0,,0,,0,,0,0,0,1
1723494674,772,4,4,8,8,8.155,0,0,0.11 | 0.11 | 0.11,0,2.49 | 3.34 | 4.42,0,0.90 | 1.20 | 1.60,0.952,0.000,0,1,0,0,0,0,-1,0,0,0,,0,,0,,0,0,0,1
1723494674,772,4,4,8,8,8.155,0,0,0.11 | 0.11 | 0.11,0,2.49 | 3.34 | 4.42,0,0.90 | 1.20 | 1.60,0.952,0.000,0,1,0,0,0,0,-1,0,0,0,,0,,0,,0,0,0,1
1723494675,772,4,4,8,8,11.893,0,0,0.11 | 0.11 | 0.11,0,2.49 | 3.47 | 4.42,0,0.90 | 1.15 | 1.60,0.952,0.000,0,1,0,0,0,0,-1,0,0,0,,0,,0,,0,0,0,1
1723494675,772,4,4,8,8,11.893,0,0,0.11 | 0.11 | 0.11,0,2.49 | 3.47 | 4.42,0,0.90 | 1.15 | 1.60,0.952,0.000,0,1,0,0,0,0,-1,0,0,0,,0,,0,,0,0,0,1
1723494675,772,4,4,8,8,11.893,0,0,0.11 | 0.11 | 0.11,0,2.49 | 3.47 | 4.42,0,0.90 | 1.15 | 1.60,0.952,0.000,0,1,0,0,0,0,-1,0,0,0,,0,,0,,0,0,0,1
1723494675,772,4,4,8,8,11.893,0,0,0.11 | 0.11 | 0.11,0,2.49 | 3.47 | 4.42,0,0.90 | 1.15 | 1.60,0.952,0.000,0,1,0,0,0,0,-1,0,0,0,,0,,0,,0,0,0,1
1723494675,772,4,4,8,8,11.893,0,0,0.11 | 0.11 | 0.11,0,2.49 | 3.47 | 4.42,0,0.90 | 1.15 | 1.60,0.952,0.000,0,1,0,0,0,0,-1,0,0,0,,0,,0,,0,0,0,1
1723494675,772,4,4,8,8,11.893,0,0,0.11 | 0.11 | 0.11,0,2.49 | 3.47 | 4.42,0,0.90 | 1.15 | 1.60,0.952,0.000,0,1,0,0,0,0,-1,0,0,0,,0,,0,,0,0,0,1
1723494675,772,4,4,8,8,11.893,0,0,0.11 | 0.11 | 0.11,0,2.49 | 3.47 | 4.42,0,0.90 | 1.15 | 1.60,0.952,0.000,0,1,0,0,0,0,-1,0,0,0,,0,,0,,0,0,0,1
1723494675,772,4,4,8,8,11.893,0,0,0.11 | 0.11 | 0.11,0,2.49 | 3.47 | 4.42,0,0.90 | 1.15 | 1.60,0.952,0.000,0,1,0,0,0,0,-1,0,0,0,,0,,0,,0,0,0,1
1723494675,772,4,4,8,8,11.893,0,0,0.11 | 0.11 | 0.11,0,2.49 | 3.47 | 4.42,0,0.90 | 1.15 | 1.60,0.952,0.000,0,1,0,0,0,0,-1,0,0,0,,0,,0,,0,0,0,1
1723494675,772,4,4,8,8,11.893,0,0,0.11 | 0.11 | 0.11,0,2.49 | 3.47 | 4.42,0,0.90 | 1.15 | 1.60,0.952,0.000,0,1,0,0,0,0,-1,0,0,0,,0,,0,,0,0,0,1
1723494676,772,4,4,8,8,10.83,0,0,0.11 | 0.11 | 0.11,0,2.49 | 3.47 | 4.42,0,0.90 | 1.15 | 1.60,0.952,0.000,0,1,0,0,0,0,-1,0,0,0,,0,,0,,0,0,0,1
1723494676,772,4,4,8,8,10.83,0,0,0.11 | 0.11 | 0.11,0,2.49 | 3.47 | 4.42,0,0.90 | 1.15 | 1.60,0.952,0.000,0,1,0,0,0,0,-1,0,0,0,,0,,0,,0,0,0,1
1723494676,772,4,4,8,8,10.83,0,0,0.11 | 0.11 | 0.11,0,2.49 | 3.47 | 4.42,0,0.90 | 1.15 | 1.60,0.952,0.000,0,1,0,0,0,0,-1,0,0,0,,0,,0,,0,0,0,1
1723494676,772,4,4,8,8,10.83,0,0,0.11 | 0.11 | 0.11,0,2.49 | 3.47 | 4.42,0,0.90 | 1.15 | 1.60,0.952,0.000,0,1,0,0,0,0,-1,0,0,0,,0,,0,,0,0,0,1
1723494676,772,4,4,8,8,10.83,0,0,0.11 | 0.11 | 0.11,0,2.49 | 3.47 | 4.42,0,0.90 | 1.15 | 1.60,0.952,0.000,0,1,0,0,0,0,-1,0,0,0,,0,,0,,0,0,0,1
1723494676,772,4,4,8,8,10.83,0,0,0.11 | 0.11 | 0.11,0,2.49 | 3.47 | 4.42,0,0.90 | 1.15 | 1.60,0.952,0.000,0,1,0,0,0,0,-1,0,0,0,,0,,0,,0,0,0,1
1723494676,772,4,4,8,8,10.83,0,0,0.11 | 0.11 | 0.11,0,2.49 | 3.47 | 4.42,0,0.90 | 1.15 | 1.60,0.952,0.000,0,1,0,0,0,0,-1,0,0,0,,0,,0,,0,0,0,1
1723494676,772,4,4,8,8,10.83,0,0,0.11 | 0.11 | 0.11,0,2.49 | 3.47 | 4.42,0,0.90 | 1.15 | 1.60,0.952,0.000,0,1,0,0,0,0,-1,0,0,0,,0,,0,,0,0,0,1
1723494676,772,4,4,8,8,10.83,0,0,0.11 | 0.11 | 0.11,0,2.49 | 3.47 | 4.42,0,0.90 | 1.15 | 1.60,0.952,0.000,0,1,0,0,0,0,-1,0,0,0,,0,,0,,0,0,0,1
1723494676,772,4,4,8,8,10.83,0,0,0.11 | 0.11 | 0.11,0,2.49 | 3.47 | 4.42,0,0.90 | 1.15 | 1.60,0.952,0.000,0,1,0,0,0,0,-1,0,0,0,,0,,0,,0,0,0,1
1723494677,772,4,4,8,8,10.033,0,0,0.11 | 0.11 | 0.11,0,2.49 | 3.47 | 4.42,0,0.90 | 1.15 | 1.60,0.952,0.000,0,1,0,0,0,0,-1,0,0,0,,0,,0,,0,0,0,1
1723494677,772,4,4,8,8,10.033,0,0,0.11 | 0.11 | 0.11,0,2.49 | 3.47 | 4.42,0,0.90 | 1.15 | 1.60,0.952,0.000,0,1,0,0,0,0,-1,0,0,0,,0,,0,,0,0,0,1
1723494677,772,4,4,8,8,10.033,0,0,0.11 | 0.11 | 0.11,0,2.49 | 3.47 | 4.42,0,0.90 | 1.15 | 1.60,0.952,0.000,0,1,0,0,0,0,-1,0,0,0,,0,,0,,0,0,0,1
1723494677,772,4,4,8,8,10.033,0,0,0.11 | 0.11 | 0.11,0,2.49 | 3.47 | 4.42,0,0.90 | 1.15 | 1.60,0.952,0.000,0,1,0,0,0,0,-1,0,0,0,,0,,0,,0,0,0,1
1723494677,772,4,4,8,8,10.033,0,0,0.11 | 0.11 | 0.11,0,2.49 | 3.47 | 4.42,0,0.90 | 1.15 | 1.60,0.952,0.000,0,1,0,0,0,0,-1,0,0,0,,0,,0,,0,0,0,1
1723494677,772,4,4,8,8,10.033,0,0,0.11 | 0.11 | 0.11,0,2.49 | 3.47 | 4.42,0,0.90 | 1.15 | 1.60,0.952,0.000,0,1,0,0,0,0,-1,0,0,0,,0,,0,,0,0,0,1
1723494677,772,4,4,8,8,10.033,0,0,0.11 | 0.11 | 0.11,0,2.49 | 3.47 | 4.42,0,0.90 | 1.15 | 1.60,0.952,0.000,0,1,0,0,0,0,-1,0,0,0,,0,,0,,0,0,0,1
1723494677,772,4,4,8,8,10.033,0,0,0.11 | 0.11 | 0.11,0,2.49 | 3.47 | 4.42,0,0.90 | 1.15 | 1.60,0.952,0.000,0,1,0,0,0,0,-1,0,0,0,,0,,0,,0,0,0,1
1723494677,772,4,4,8,8,10.033,0,0,0.11 | 0.11 | 0.11,0,2.49 | 3.47 | 4.42,0,0.90 | 1.15 | 1.60,0.952,0.000,0,1,0,0,0,0,-1,0,0,0,,0,,0,,0,0,0,1
1723494677,772,4,4,8,8,10.033,0,0,0.11 | 0.11 | 0.11,0,2.49 | 3.47 | 4.42,0,0.90 | 1.15 | 1.60,0.952,0.000,0,1,0,0,0,0,-1,0,0,0,,0,,0,,0,0,0,1
1723494678,772,4,4,8,8,12.171,0,0,0.10 | 0.11 | 0.11,0,2.25 | 3.29 | 4.42,0,0.90 | 1.22 | 1.78,0.953,0.000,0,1,0,0,0,0,-1,0,0,0,,0,,0,,0,0,0,1
1723494678,772,4,4,8,8,12.171,0,0,0.10 | 0.11 | 0.11,0,2.25 | 3.29 | 4.42,0,0.90 | 1.22 | 1.78,0.953,0.000,0,1,0,0,0,0,-1,0,0,0,,0,,0,,0,0,0,1
1723494678,772,4,4,8,8,12.171,0,0,0.10 | 0.11 | 0.11,0,2.25 | 3.29 | 4.42,0,0.90 | 1.22 | 1.78,0.953,0.000,0,1,0,0,0,0,-1,0,0,0,,0,,0,,0,0,0,1
1723494678,772,4,4,8,8,12.171,0,0,0.10 | 0.11 | 0.11,0,2.25 | 3.29 | 4.42,0,0.90 | 1.22 | 1.78,0.953,0.000,0,1,0,0,0,0,-1,0,0,0,,0,,0,,0,0,0,1
1723494678,772,4,4,8,8,12.171,0,0,0.10 | 0.11 | 0.11,0,2.25 | 3.29 | 4.42,0,0.90 | 1.22 | 1.78,0.953,0.000,0,1,0,0,0,0,-1,0,0,0,,0,,0,,0,0,0,1
1723494678,772,4,4,8,8,12.171,0,0,0.10 | 0.11 | 0.11,0,2.25 | 3.29 | 4.42,0,0.90 | 1.22 | 1.78,0.953,0.000,0,1,0,0,0,0,-1,0,0,0,,0,,0,,0,0,0,1
1723494678,772,4,4,8,8,12.171,0,0,0.10 | 0.11 | 0.11,0,2.25 | 3.29 | 4.42,0,0.90 | 1.22 | 1.78,0.953,0.000,0,1,0,0,0,0,-1,0,0,0,,0,,0,,0,0,0,1
1723494678,772,4,4,8,8,12.171,0,0,0.10 | 0.11 | 0.11,0,2.25 | 3.29 | 4.42,0,0.90 | 1.22 | 1.78,0.953,0.000,0,1,0,0,0,0,-1,0,0,0,,0,,0,,0,0,0,1
1723494678,772,4,4,8,8,12.171,0,0,0.10 | 0.11 | 0.11,0,2.25 | 3.29 | 4.42,0,0.90 | 1.22 | 1.78,0.953,0.000,0,1,0,0,0,0,-1,0,0,0,,0,,0,,0,0,0,1
1723494678,772,4,4,8,8,12.171,0,0,0.10 | 0.11 | 0.11,0,2.25 | 3.29 | 4.42,0,0.90 | 1.22 | 1.78,0.953,0.000,0,1,0,0,0,0,-1,0,0,0,,0,,0,,0,0,0,1
1723494679,772,4,4,8,8,11.108,0,0,0.10 | 0.11 | 0.11,0,2.25 | 3.29 | 4.42,0,0.90 | 1.22 | 1.78,0.953,0.000,0,1,0,0,0,0,-1,0,0,0,,0,,0,,0,0,0,1
1723494679,772,4,4,8,8,11.108,0,0,0.10 | 0.11 | 0.11,0,2.25 | 3.29 | 4.42,0,0.90 | 1.22 | 1.78,0.953,0.000,0,1,0,0,0,0,-1,0,0,0,,0,,0,,0,0,0,1
1723494679,772,4,4,8,8,11.108,0,0,0.10 | 0.11 | 0.11,0,2.25 | 3.29 | 4.42,0,0.90 | 1.22 | 1.78,0.953,0.000,0,1,0,0,0,0,-1,0,0,0,,0,,0,,0,0,0,1
1723494679,772,4,4,8,8,11.108,0,0,0.10 | 0.11 | 0.11,0,2.25 | 3.29 | 4.42,0,0.90 | 1.22 | 1.78,0.953,0.000,0,1,0,0,0,0,-1,0,0,0,,0,,0,,0,0,0,1
1723494679,772,4,4,8,8,11.108,0,0,0.10 | 0.11 | 0.11,0,2.25 | 3.29 | 4.42,0,0.90 | 1.22 | 1.78,0.953,0.000,0,1,0,0,0,0,-1,0,0,0,,0,,0,,0,0,0,1
1723494679,772,4,4,8,8,11.108,0,0,0.10 | 0.11 | 0.11,0,2.25 | 3.29 | 4.42,0,0.90 | 1.22 | 1.78,0.953,0.000,0,1,0,0,0,0,-1,0,0,0,,0,,0,,0,0,0,1
1723494679,772,4,4,8,8,11.108,0,0,0.10 | 0.11 | 0.11,0,2.25 | 3.29 | 4.42,0,0.90 | 1.22 | 1.78,0.953,0.000,0,1,0,0,0,0,-1,0,0,0,,0,,0,,0,0,0,1
1723494679,772,4,4,8,8,11.108,0,0,0.10 | 0.11 | 0.11,0,2.25 | 3.29 | 4.42,0,0.90 | 1.22 | 1.78,0.953,0.000,0,1,0,0,0,0,-1,0,0,0,,0,,0,,0,0,0,1
1723494679,772,4,4,8,8,11.108,0,0,0.10 | 0.11 | 0.11,0,2.25 | 3.29 | 4.42,0,0.90 | 1.22 | 1.78,0.953,0.000,0,1,0,0,0,0,-1,0,0,0,,0,,0,,0,0,0,1
1723494679,772,4,4,8,8,11.108,0,0,0.10 | 0.11 | 0.11,0,2.25 | 3.29 | 4.42,0,0.90 | 1.22 | 1.78,0.953,0.000,0,1,0,0,0,0,-1,0,0,0,,0,,0,,0,0,0,1
1723494680,772,4,4,8,8,9.987,0,0,0.10 | 0.11 | 0.11,0,2.25 | 3.29 | 4.42,0,0.90 | 1.22 | 1.78,0.953,0.000,0,1,0,0,0,0,-1,0,0,0,,0,,0,,0,0,0,1
1723494680,772,4,4,8,8,9.987,0,0,0.10 | 0.11 | 0.11,0,2.25 | 3.29 | 4.42,0,0.90 | 1.22 | 1.78,0.953,0.000,0,1,0,0,0,0,-1,0,0,0,,0,,0,,0,0,0,1
1723494680,772,4,4,8,8,9.987,0,0,0.10 | 0.11 | 0.11,0,2.25 | 3.29 | 4.42,0,0.90 | 1.22 | 1.78,0.953,0.000,0,1,0,0,0,0,-1,0,0,0,,0,,0,,0,0,0,1
1723494680,772,4,4,8,8,9.987,0,0,0.10 | 0.11 | 0.11,0,2.25 | 3.29 | 4.42,0,0.90 | 1.22 | 1.78,0.953,0.000,0,1,0,0,0,0,-1,0,0,0,,0,,0,,0,0,0,1
1723494680,772,4,4,8,8,9.987,0,0,0.10 | 0.11 | 0.11,0,2.25 | 3.29 | 4.42,0,0.90 | 1.22 | 1.78,0.953,0.000,0,1,0,0,0,0,-1,0,0,0,,0,,0,,0,0,0,1
1723494680,772,4,4,8,8,9.987,0,0,0.10 | 0.11 | 0.11,0,2.25 | 3.29 | 4.42,0,0.90 | 1.22 | 1.78,0.953,0.000,0,1,0,0,0,0,-1,0,0,0,,0,,0,,0,0,0,1
1723494680,772,4,4,8,8,9.987,0,0,0.10 | 0.11 | 0.11,0,2.25 | 3.29 | 4.42,0,0.90 | 1.22 | 1.78,0.953,0.000,0,1,0,0,0,0,-1,0,0,0,,0,,0,,0,0,0,1
1723494680,772,4,4,8,8,9.987,0,0,0.10 | 0.11 | 0.11,0,2.25 | 3.29 | 4.42,0,0.90 | 1.22 | 1.78,0.953,0.000,0,1,0,0,0,0,-1,0,0,0,,0,,0,,0,0,0,1
1723494680,772,4,4,8,8,9.987,0,0,0.10 | 0.11 | 0.11,0,2.25 | 3.29 | 4.42,0,0.90 | 1.22 | 1.78,0.953,0.000,0,1,0,0,0,0,-1,0,0,0,,0,,0,,0,0,0,1
1723494680,772,4,4,8,8,9.987,0,0,0.10 | 0.11 | 0.11,0,2.25 | 3.29 | 4.42,0,0.90 | 1.22 | 1.78,0.953,0.000,0,1,0,0,0,0,-1,0,0,0,,0,,0,,0,0,0,1
1723494681,772,4,4,8,8,8.983,0,0,0.10 | 0.11 | 0.11,0,2.25 | 3.29 | 4.42,0,0.90 | 1.22 | 1.78,0.953,0.000,0,1,0,0,0,0,-1,0,0,0,,0,,0,,0,0,0,1
1723494681,772,4,4,8,8,8.983,0,0,0.10 | 0.11 | 0.11,0,2.25 | 3.29 | 4.42,0,0.90 | 1.22 | 1.78,0.953,0.000,0,1,0,0,0,0,-1,0,0,0,,0,,0,,0,0,0,1
1723494681,772,4,4,8,8,8.983,0,0,0.10 | 0.11 | 0.11,0,2.25 | 3.29 | 4.42,0,0.90 | 1.22 | 1.78,0.953,0.000,0,1,0,0,0,0,-1,0,0,0,,0,,0,,0,0,0,1
1723494681,772,4,4,8,8,8.983,0,0,0.10 | 0.11 | 0.11,0,2.25 | 3.29 | 4.42,0,0.90 | 1.22 | 1.78,0.953,0.000,0,1,0,0,0,0,-1,0,0,0,,0,,0,,0,0,0,1
1723494681,772,4,4,8,8,8.983,0,0,0.10 | 0.11 | 0.11,0,2.25 | 3.29 | 4.42,0,0.90 | 1.22 | 1.78,0.953,0.000,0,1,0,0,0,0,-1,0,0,0,,0,,0,,0,0,0,1
1723494681,772,4,4,8,8,8.983,0,0,0.10 | 0.11 | 0.11,0,2.25 | 3.29 | 4.42,0,0.90 | 1.22 | 1.78,0.953,0.000,0,1,0,0,0,0,-1,0,0,0,,0,,0,,0,0,0,1
1723494681,772,4,4,8,8,8.983,0,0,0.10 | 0.11 | 0.11,0,2.25 | 3.29 | 4.42,0,0.90 | 1.22 | 1.78,0.953,0.000,0,1,0,0,0,0,-1,0,0,0,,0,,0,,0,0,0,1
1723494681,772,4,4,8,8,8.983,0,0,0.10 | 0.11 | 0.11,0,2.25 | 3.29 | 4.42,0,0.90 | 1.22 | 1.78,0.953,0.000,0,1,0,0,0,0,-1,0,0,0,,0,,0,,0,0,0,1
1723494681,772,4,4,8,8,8.983,0,0,0.10 | 0.11 | 0.11,0,2.25 | 3.29 | 4.42,0,0.90 | 1.22 | 1.78,0.953,0.000,0,1,0,0,0,0,-1,0,0,0,,0,,0,,0,0,0,1
1723494681,772,4,4,8,8,8.983,0,0,0.10 | 0.11 | 0.11,0,2.25 | 3.29 | 4.42,0,0.90 | 1.22 | 1.78,0.953,0.000,0,1,0,0,0,0,-1,0,0,0,,0,,0,,0,0,0,1
1723494682,772,4,4,8,8,8.187,0,0,0.10 | 0.11 | 0.11,0,2.25 | 3.29 | 4.42,0,0.90 | 1.22 | 1.78,0.953,0.000,0,1,0,0,0,0,-1,0,0,0,,0,,0,,0,0,0,1
1723494682,772,4,4,8,8,8.187,0,0,0.10 | 0.11 | 0.11,0,2.25 | 3.29 | 4.42,0,0.90 | 1.22 | 1.78,0.953,0.000,0,1,0,0,0,0,-1,0,0,0,,0,,0,,0,0,0,1
1723494682,772,4,4,8,8,8.187,0,0,0.10 | 0.11 | 0.11,0,2.25 | 3.29 | 4.42,0,0.90 | 1.22 | 1.78,0.953,0.000,0,1,0,0,0,0,-1,0,0,0,,0,,0,,0,0,0,1
1723494682,772,4,4,8,8,8.187,0,0,0.10 | 0.11 | 0.11,0,2.25 | 3.29 | 4.42,0,0.90 | 1.22 | 1.78,0.953,0.000,0,1,0,0,0,0,-1,0,0,0,,0,,0,,0,0,0,1
1723494682,772,4,4,8,8,8.187,0,0,0.10 | 0.11 | 0.11,0,2.25 | 3.29 | 4.42,0,0.90 | 1.22 | 1.78,0.953,0.000,0,1,0,0,0,0,-1,0,0,0,,0,,0,,0,0,0,1
1723494682,772,4,4,8,8,8.187,0,0,0.10 | 0.11 | 0.11,0,2.25 | 3.29 | 4.42,0,0.90 | 1.22 | 1.78,0.953,0.000,0,1,0,0,0,0,-1,0,0,0,,0,,0,,0,0,0,1
1723494682,772,4,4,8,8,8.187,0,0,0.10 | 0.11 | 0.11,0,2.25 | 3.29 | 4.42,0,0.90 | 1.22 | 1.78,0.953,0.000,0,1,0,0,0,0,-1,0,0,0,,0,,0,,0,0,0,1
1723494682,772,4,4,8,8,8.187,0,0,0.10 | 0.11 | 0.11,0,2.25 | 3.29 | 4.42,0,0.90 | 1.22 | 1.78,0.953,0.000,0,1,0,0,0,0,-1,0,0,0,,0,,0,,0,0,0,1
1723494682,772,4,4,8,8,8.187,0,0,0.10 | 0.11 | 0.11,0,2.25 | 3.29 | 4.42,0,0.90 | 1.22 | 1.78,0.953,0.000,0,1,0,0,0,0,-1,0,0,0,,0,,0,,0,0,0,1
1723494682,772,4,4,8,8,8.187,0,0,0.10 | 0.11 | 0.11,0,2.25 | 3.29 | 4.42,0,0.90 | 1.22 | 1.78,0.953,0.000,0,1,0,0,0,0,-1,0,0,0,,0,,0,,0,0,0,1
1723494683,772,4,4,8,8,11.924,0,0,0.10 | 0.11 | 0.11,0,2.25 | 3.20 | 4.07,0,0.98 | 1.25 | 1.78,0.952,0.000,0,1,0,0,0,0,-1,0,0,0,,0,,0,,0,0,0,1
1723494683,772,4,4,8,8,11.924,0,0,0.10 | 0.11 | 0.11,0,2.25 | 3.20 | 4.07,0,0.98 | 1.25 | 1.78,0.952,0.000,0,1,0,0,0,0,-1,0,0,0,,0,,0,,0,0,0,1
1723494683,772,4,4,8,8,11.924,0,0,0.10 | 0.11 | 0.11,0,2.25 | 3.20 | 4.07,0,0.98 | 1.25 | 1.78,0.952,0.000,0,1,0,0,0,0,-1,0,0,0,,0,,0,,0,0,0,1
1723494683,772,4,4,8,8,11.924,0,0,0.10 | 0.11 | 0.11,0,2.25 | 3.20 | 4.07,0,0.98 | 1.25 | 1.78,0.952,0.000,0,1,0,0,0,0,-1,0,0,0,,0,,0,,0,0,0,1
1723494683,772,4,4,8,8,11.924,0,0,0.10 | 0.11 | 0.11,0,2.25 | 3.20 | 4.07,0,0.98 | 1.25 | 1.78,0.952,0.000,0,1,0,0,0,0,-1,0,0,0,,0,,0,,0,0,0,1
1723494683,772,4,4,8,8,11.924,0,0,0.10 | 0.11 | 0.11,0,2.25 | 3.20 | 4.07,0,0.98 | 1.25 | 1.78,0.952,0.000,0,1,0,0,0,0,-1,0,0,0,,0,,0,,0,0,0,1
1723494683,772,4,4,8,8,11.924,0,0,0.10 | 0.11 | 0.11,0,2.25 | 3.20 | 4.07,0,0.98 | 1.25 | 1.78,0.952,0.000,0,1,0,0,0,0,-1,0,0,0,,0,,0,,0,0,0,1
1723494683,772,4,4,8,8,11.924,0,0,0.10 | 0.11 | 0.11,0,2.25 | 3.20 | 4.07,0,0.98 | 1.25 | 1.78,0.952,0.000,0,1,0,0,0,0,-1,0,0,0,,0,,0,,0,0,0,1
1723494683,772,4,4,8,8,11.924,0,0,0.10 | 0.11 | 0.11,0,2.25 | 3.20 | 4.07,0,0.98 | 1.25 | 1.78,0.952,0.000,0,1,0,0,0,0,-1,0,0,0,,0,,0,,0,0,0,1
1723494683,772,4,4,8,8,11.924,0,0,0.10 | 0.11 | 0.11,0,2.25 | 3.20 | 4.07,0,0.98 | 1.25 | 1.78,0.952,0.000,0,1,0,0,0,0,-1,0,0,0,,0,,0,,0,0,0,1
1723494684,772,4,4,8,8,10.861,0,0,0.10 | 0.11 | 0.11,0,2.25 | 3.20 | 4.07,0,0.98 | 1.25 | 1.78,0.952,0.000,0,1,0,0,0,0,-1,0,0,0,,0,,0,,0,0,0,1
1723494684,772,4,4,8,8,10.861,0,0,0.10 | 0.11 | 0.11,0,2.25 | 3.20 | 4.07,0,0.98 | 1.25 | 1.78,0.952,0.000,0,1,0,0,0,0,-1,0,0,0,,0,,0,,0,0,0,1
1723494684,772,4,4,8,8,10.861,0,0,0.10 | 0.11 | 0.11,0,2.25 | 3.20 | 4.07,0,0.98 | 1.25 | 1.78,0.952,0.000,0,1,0,0,0,0,-1,0,0,0,,0,,0,,0,0,0,1
1723494684,772,4,4,8,8,10.861,0,0,0.10 | 0.11 | 0.11,0,2.25 | 3.20 | 4.07,0,0.98 | 1.25 | 1.78,0.952,0.000,0,1,0,0,0,0,-1,0,0,0,,0,,0,,0,0,0,1
1723494684,772,4,4,8,8,10.861,0,0,0.10 | 0.11 | 0.11,0,2.25 | 3.20 | 4.07,0,0.98 | 1.25 | 1.78,0.952,0.000,0,1,0,0,0,0,-1,0,0,0,,0,,0,,0,0,0,1
1723494684,772,4,4,8,8,10.861,0,0,0.10 | 0.11 | 0.11,0,2.25 | 3.20 | 4.07,0,0.98 | 1.25 | 1.78,0.952,0.000,0,1,0,0,0,0,-1,0,0,0,,0,,0,,0,0,0,1
1723494684,772,4,4,8,8,10.861,0,0,0.10 | 0.11 | 0.11,0,2.25 | 3.20 | 4.07,0,0.98 | 1.25 | 1.78,0.952,0.000,0,1,0,0,0,0,-1,0,0,0,,0,,0,,0,0,0,1
1723494684,772,4,4,8,8,10.861,0,0,0.10 | 0.11 | 0.11,0,2.25 | 3.20 | 4.07,0,0.98 | 1.25 | 1.78,0.952,0.000,0,1,0,0,0,0,-1,0,0,0,,0,,0,,0,0,0,1
1723494684,772,4,4,8,8,10.861,0,0,0.10 | 0.11 | 0.11,0,2.25 | 3.20 | 4.07,0,0.98 | 1.25 | 1.78,0.952,0.000,0,1,0,0,0,0,-1,0,0,0,,0,,0,,0,0,0,1
1723494684,772,4,4,8,8,10.861,0,0,0.10 | 0.11 | 0.11,0,2.25 | 3.20 | 4.07,0,0.98 | 1.25 | 1.78,0.952,0.000,0,1,0,0,0,0,-1,0,0,0,,0,,0,,0,0,0,1
1723494685,772,4,4,8,8,9.799,0,0,0.10 | 0.11 | 0.11,0,2.25 | 3.20 | 4.07,0,0.98 | 1.25 | 1.78,0.952,0.000,0,1,0,0,0,0,-1,0,0,0,,0,,0,,0,0,0,1
1723494685,772,4,4,8,8,9.799,0,0,0.10 | 0.11 | 0.11,0,2.25 | 3.20 | 4.07,0,0.98 | 1.25 | 1.78,0.952,0.000,0,1,0,0,0,0,-1,0,0,0,,0,,0,,0,0,0,1
1723494685,772,4,4,8,8,9.799,0,0,0.10 | 0.11 | 0.11,0,2.25 | 3.20 | 4.07,0,0.98 | 1.25 | 1.78,0.952,0.000,0,1,0,0,0,0,-1,0,0,0,,0,,0,,0,0,0,1
1723494685,772,4,4,8,8,9.799,0,0,0.10 | 0.11 | 0.11,0,2.25 | 3.20 | 4.07,0,0.98 | 1.25 | 1.78,0.952,0.000,0,1,0,0,0,0,-1,0,0,0,,0,,0,,0,0,0,1
1723494685,772,4,4,8,8,9.799,0,0,0.10 | 0.11 | 0.11,0,2.25 | 3.20 | 4.07,0,0.98 | 1.25 | 1.78,0.952,0.000,0,1,0,0,0,0,-1,0,0,0,,0,,0,,0,0,0,1
1723494685,772,4,4,8,8,9.799,0,0,0.10 | 0.11 | 0.11,0,2.25 | 3.20 | 4.07,0,0.98 | 1.25 | 1.78,0.952,0.000,0,1,0,0,0,0,-1,0,0,0,,0,,0,,0,0,0,1
1723494685,772,4,4,8,8,9.799,0,0,0.10 | 0.11 | 0.11,0,2.25 | 3.20 | 4.07,0,0.98 | 1.25 | 1.78,0.952,0.000,0,1,0,0,0,0,-1,0,0,0,,0,,0,,0,0,0,1
1723494685,772,4,4,8,8,9.799,0,0,0.10 | 0.11 | 0.11,0,2.25 | 3.20 | 4.07,0,0.98 | 1.25 | 1.78,0.952,0.000,0,1,0,0,0,0,-1,0,0,0,,0,,0,,0,0,0,1
1723494685,772,4,4,8,8,9.799,0,0,0.10 | 0.11 | 0.11,0,2.25 | 3.20 | 4.07,0,0.98 | 1.25 | 1.78,0.952,0.000,0,1,0,0,0,0,-1,0,0,0,,0,,0,,0,0,0,1
1723494685,772,4,4,8,8,9.799,0,0,0.10 | 0.11 | 0.11,0,2.25 | 3.20 | 4.07,0,0.98 | 1.25 | 1.78,0.952,0.000,0,1,0,0,0,0,-1,0,0,0,,0,,0,,0,0,0,1
1723494686,772,4,4,8,8,9.002,0,0,0.10 | 0.11 | 0.11,0,2.25 | 3.20 | 4.07,0,0.98 | 1.25 | 1.78,0.952,0.000,0,1,0,0,0,0,-1,0,0,0,,0,,0,,0,0,0,1
1723494686,772,4,4,8,8,9.002,0,0,0.10 | 0.11 | 0.11,0,2.25 | 3.20 | 4.07,0,0.98 | 1.25 | 1.78,0.952,0.000,0,1,0,0,0,0,-1,0,0,0,,0,,0,,0,0,0,1
1723494686,772,4,4,8,8,9.002,0,0,0.10 | 0.11 | 0.11,0,2.25 | 3.20 | 4.07,0,0.98 | 1.25 | 1.78,0.952,0.000,0,1,0,0,0,0,-1,0,0,0,,0,,0,,0,0,0,1
1723494686,772,4,4,8,8,9.002,0,0,0.10 | 0.11 | 0.11,0,2.25 | 3.20 | 4.07,0,0.98 | 1.25 | 1.78,0.952,0.000,0,1,0,0,0,0,-1,0,0,0,,0,,0,,0,0,0,1
1723494686,772,4,4,8,8,9.002,0,0,0.10 | 0.11 | 0.11,0,2.25 | 3.20 | 4.07,0,0.98 | 1.25 | 1.78,0.952,0.000,0,1,0,0,0,0,-1,0,0,0,,0,,0,,0,0,0,1
1723494686,772,4,4,8,8,9.002,0,0,0.10 | 0.11 | 0.11,0,2.25 | 3.20 | 4.07,0,0.98 | 1.25 | 1.78,0.952,0.000,0,1,0,0,0,0,-1,0,0,0,,0,,0,,0,0,0,1
1723494686,772,4,4,8,8,9.002,0,0,0.10 | 0.11 | 0.11,0,2.25 | 3.20 | 4.07,0,0.98 | 1.25 | 1.78,0.952,0.000,0,1,0,0,0,0,-1,0,0,0,,0,,0,,0,0,0,1
1723494686,772,4,4,8,8,9.002,0,0,0.10 | 0.11 | 0.11,0,2.25 | 3.20 | 4.07,0,0.98 | 1.25 | 1.78,0.952,0.000,0,1,0,0,0,0,-1,0,0,0,,0,,0,,0,0,0,1
1723494686,772,4,4,8,8,9.002,0,0,0.10 | 0.11 | 0.11,0,2.25 | 3.20 | 4.07,0,0.98 | 1.25 | 1.78,0.952,0.000,0,1,0,0,0,0,-1,0,0,0,,0,,0,,0,0,0,1
1723494686,772,4,4,8,8,9.002,0,0,0.10 | 0.11 | 0.11,0,2.25 | 3.20 | 4.07,0,0.98 | 1.25 | 1.78,0.952,0.000,0,1,0,0,0,0,-1,0,0,0,,0,,0,,0,0,0,1
1723494687,772,4,4,8,8,11.14,0,0,0.10 | 0.11 | 0.11,0,2.25 | 3.30 | 4.07,0,0.98 | 1.21 | 1.78,0.952,0.000,0,1,0,0,0,0,-1,0,0,0,,0,,0,,0,0,0,1
1723494687,772,4,4,8,8,11.14,0,0,0.10 | 0.11 | 0.11,0,2.25 | 3.30 | 4.07,0,0.98 | 1.21 | 1.78,0.952,0.000,0,1,0,0,0,0,-1,0,0,0,,0,,0,,0,0,0,1
1723494687,772,4,4,8,8,11.14,0,0,0.10 | 0.11 | 0.11,0,2.25 | 3.30 | 4.07,0,0.98 | 1.21 | 1.78,0.952,0.000,0,1,0,0,0,0,-1,0,0,0,,0,,0,,0,0,0,1
1723494687,772,4,4,8,8,11.14,0,0,0.10 | 0.11 | 0.11,0,2.25 | 3.30 | 4.07,0,0.98 | 1.21 | 1.78,0.952,0.000,0,1,0,0,0,0,-1,0,0,0,,0,,0,,0,0,0,1
1723494687,772,4,4,8,8,11.14,0,0,0.10 | 0.11 | 0.11,0,2.25 | 3.30 | 4.07,0,0.98 | 1.21 | 1.78,0.952,0.000,0,1,0,0,0,0,-1,0,0,0,,0,,0,,0,0,0,1
1723494687,772,4,4,8,8,11.14,0,0,0.10 | 0.11 | 0.11,0,2.25 | 3.30 | 4.07,0,0.98 | 1.21 | 1.78,0.952,0.000,0,1,0,0,0,0,-1,0,0,0,,0,,0,,0,0,0,1
1723494687,772,4,4,8,8,11.14,0,0,0.10 | 0.11 | 0.11,0,2.25 | 3.30 | 4.07,0,0.98 | 1.21 | 1.78,0.952,0.000,0,1,0,0,0,0,-1,0,0,0,,0,,0,,0,0,0,1
1723494687,772,4,4,8,8,11.14,0,0,0.10 | 0.11 | 0.11,0,2.25 | 3.30 | 4.07,0,0.98 | 1.21 | 1.78,0.952,0.000,0,1,0,0,0,0,-1,0,0,0,,0,,0,,0,0,0,1
1723494687,772,4,4,8,8,11.14,0,0,0.10 | 0.11 | 0.11,0,2.25 | 3.30 | 4.07,0,0.98 | 1.21 | 1.78,0.952,0.000,0,1,0,0,0,0,-1,0,0,0,,0,,0,,0,0,0,1
1723494687,772,4,4,8,8,11.14,0,0,0.10 | 0.11 | 0.11,0,2.25 | 3.30 | 4.07,0,0.98 | 1.21 | 1.78,0.952,0.000,0,1,0,0,0,0,-1,0,0,0,,0,,0,,0,0,0,1
1723494688,772,4,4,8,8,10.077,0,0,0.10 | 0.11 | 0.11,0,2.25 | 3.30 | 4.07,0,0.98 | 1.21 | 1.78,0.952,0.000,0,1,0,0,0,0,-1,0,0,0,,0,,0,,0,0,0,1
1723494688,772,4,4,8,8,10.077,0,0,0.10 | 0.11 | 0.11,0,2.25 | 3.30 | 4.07,0,0.98 | 1.21 | 1.78,0.952,0.000,0,1,0,0,0,0,-1,0,0,0,,0,,0,,0,0,0,1
1723494688,772,4,4,8,8,10.077,0,0,0.10 | 0.11 | 0.11,0,2.25 | 3.30 | 4.07,0,0.98 | 1.21 | 1.78,0.952,0.000,0,1,0,0,0,0,-1,0,0,0,,0,,0,,0,0,0,1
1723494688,772,4,4,8,8,10.077,0,0,0.10 | 0.11 | 0.11,0,2.25 | 3.30 | 4.07,0,0.98 | 1.21 | 1.78,0.952,0.000,0,1,0,0,0,0,-1,0,0,0,,0,,0,,0,0,0,1
1723494688,772,4,4,8,8,10.077,0,0,0.10 | 0.11 | 0.11,0,2.25 | 3.30 | 4.07,0,0.98 | 1.21 | 1.78,0.952,0.000,0,1,0,0,0,0,-1,0,0,0,,0,,0,,0,0,0,1
1723494688,772,4,4,8,8,10.077,0,0,0.10 | 0.11 | 0.11,0,2.25 | 3.30 | 4.07,0,0.98 | 1.21 | 1.78,0.952,0.000,0,1,0,0,0,0,-1,0,0,0,,0,,0,,0,0,0,1
1723494688,772,4,4,8,8,10.077,0,0,0.10 | 0.11 | 0.11,0,2.25 | 3.30 | 4.07,0,0.98 | 1.21 | 1.78,0.952,0.000,0,1,0,0,0,0,-1,0,0,0,,0,,0,,0,0,0,1
1723494688,772,4,4,8,8,10.077,0,0,0.10 | 0.11 | 0.11,0,2.25 | 3.30 | 4.07,0,0.98 | 1.21 | 1.78,0.952,0.000,0,1,0,0,0,0,-1,0,0,0,,0,,0,,0,0,0,1
1723494688,772,4,4,8,8,10.077,0,0,0.10 | 0.11 | 0.11,0,2.25 | 3.30 | 4.07,0,0.98 | 1.21 | 1.78,0.952,0.000,0,1,0,0,0,0,-1,0,0,0,,0,,0,,0,0,0,1
1723494688,772,4,4,8,8,10.077,0,0,0.10 | 0.11 | 0.11,0,2.25 | 3.30 | 4.07,0,0.98 | 1.21 | 1.78,0.952,0.000,0,1,0,0,0,0,-1,0,0,0,,0,,0,,0,0,0,1
1723494689,772,4,4,8,8,9.015,0,0,0.10 | 0.11 | 0.11,0,2.25 | 3.30 | 4.07,0,0.98 | 1.21 | 1.78,0.952,0.000,0,1,0,0,0,0,-1,0,0,0,,0,,0,,0,0,0,1
1723494689,772,4,4,8,8,9.015,0,0,0.10 | 0.11 | 0.11,0,2.25 | 3.30 | 4.07,0,0.98 | 1.21 | 1.78,0.952,0.000,0,1,0,0,0,0,-1,0,0,0,,0,,0,,0,0,0,1
1723494689,772,4,4,8,8,9.015,0,0,0.10 | 0.11 | 0.11,0,2.25 | 3.30 | 4.07,0,0.98 | 1.21 | 1.78,0.952,0.000,0,1,0,0,0,0,-1,0,0,0,,0,,0,,0,0,0,1
1723494689,772,4,4,8,8,9.015,0,0,0.10 | 0.11 | 0.11,0,2.25 | 3.30 | 4.07,0,0.98 | 1.21 | 1.78,0.952,0.000,0,1,0,0,0,0,-1,0,0,0,,0,,0,,0,0,0,1
1723494689,772,4,4,8,8,9.015,0,0,0.10 | 0.11 | 0.11,0,2.25 | 3.30 | 4.07,0,0.98 | 1.21 | 1.78,0.952,0.000,0,1,0,0,0,0,-1,0,0,0,,0,,0,,0,0,0,1
1723494689,772,4,4,8,8,9.015,0,0,0.10 | 0.11 | 0.11,0,2.25 | 3.30 | 4.07,0,0.98 | 1.21 | 1.78,0.952,0.000,0,1,0,0,0,0,-1,0,0,0,,0,,0,,0,0,0,1
1723494689,772,4,4,8,8,9.015,0,0,0.10 | 0.11 | 0.11,0,2.25 | 3.30 | 4.07,0,0.98 | 1.21 | 1.78,0.952,0.000,0,1,0,0,0,0,-1,0,0,0,,0,,0,,0,0,0,1
1723494689,772,4,4,8,8,9.015,0,0,0.10 | 0.11 | 0.11,0,2.25 | 3.30 | 4.07,0,0.98 | 1.21 | 1.78,0.952,0.000,0,1,0,0,0,0,-1,0,0,0,,0,,0,,0,0,0,1
1723494689,772,4,4,8,8,9.015,0,0,0.10 | 0.11 | 0.11,0,2.25 | 3.30 | 4.07,0,0.98 | 1.21 | 1.78,0.952,0.000,0,1,0,0,0,0,-1,0,0,0,,0,,0,,0,0,0,1
1723494689,772,4,4,8,8,9.015,0,0,0.10 | 0.11 | 0.11,0,2.25 | 3.30 | 4.07,0,0.98 | 1.21 | 1.78,0.952,0.000,0,1,0,0,0,0,-1,0,0,0,,0,,0,,0,0,0,1
1723494690,772,4,4,8,8,7.987,0,0,0.10 | 0.11 | 0.11,0,2.25 | 3.30 | 4.07,0,0.98 | 1.21 | 1.78,0.952,0.000,0,1,0,0,0,0,-1,0,0,0,,0,,0,,0,0,0,1
1723494690,772,4,4,8,8,7.987,0,0,0.10 | 0.11 | 0.11,0,2.25 | 3.30 | 4.07,0,0.98 | 1.21 | 1.78,0.952,0.000,0,1,0,0,0,0,-1,0,0,0,,0,,0,,0,0,0,1
1723494690,772,4,4,8,8,7.987,0,0,0.10 | 0.11 | 0.11,0,2.25 | 3.30 | 4.07,0,0.98 | 1.21 | 1.78,0.952,0.000,0,1,0,0,0,0,-1,0,0,0,,0,,0,,0,0,0,1
1723494690,772,4,4,8,8,7.987,0,0,0.10 | 0.11 | 0.11,0,2.25 | 3.30 | 4.07,0,0.98 | 1.21 | 1.78,0.952,0.000,0,1,0,0,0,0,-1,0,0,0,,0,,0,,0,0,0,1
1723494690,772,4,4,8,8,7.987,0,0,0.10 | 0.11 | 0.11,0,2.25 | 3.30 | 4.07,0,0.98 | 1.21 | 1.78,0.952,0.000,0,1,0,0,0,0,-1,0,0,0,,0,,0,,0,0,0,1
1723494690,772,4,4,8,8,7.987,0,0,0.10 | 0.11 | 0.11,0,2.25 | 3.30 | 4.07,0,0.98 | 1.21 | 1.78,0.952,0.000,0,1,0,0,0,0,-1,0,0,0,,0,,0,,0,0,0,1
1723494690,772,4,4,8,8,7.987,0,0,0.10 | 0.11 | 0.11,0,2.25 | 3.30 | 4.07,0,0.98 | 1.21 | 1.78,0.952,0.000,0,1,0,0,0,0,-1,0,0,0,,0,,0,,0,0,0,1
1723494690,772,4,4,8,8,7.987,0,0,0.10 | 0.11 | 0.11,0,2.25 | 3.30 | 4.07,0,0.98 | 1.21 | 1.78,0.952,0.000,0,1,0,0,0,0,-1,0,0,0,,0,,0,,0,0,0,1
1723494690,772,4,4,8,8,7.987,0,0,0.10 | 0.11 | 0.11,0,2.25 | 3.30 | 4.07,0,0.98 | 1.21 | 1.78,0.952,0.000,0,1,0,0,0,0,-1,0,0,0,,0,,0,,0,0,0,1
1723494690,772,4,4,8,8,7.987,0,0,0.10 | 0.11 | 0.11,0,2.25 | 3.30 | 4.07,0,0.98 | 1.21 | 1.78,0.952,0.000,0,1,0,0,0,0,-1,0,0,0,,0,,0,,0,0,0,1
1723494691,772,4,4,8,8,11.955,0,0,0.10 | 0.11 | 0.11,0,2.25 | 3.41 | 4.40,0,0.91 | 1.17 | 1.78,0.952,0.000,0,1,0,0,0,0,-1,0,0,0,,0,,0,,0,0,0,1
1723494691,772,4,4,8,8,11.955,0,0,0.10 | 0.11 | 0.11,0,2.25 | 3.41 | 4.40,0,0.91 | 1.17 | 1.78,0.952,0.000,0,1,0,0,0,0,-1,0,0,0,,0,,0,,0,0,0,1
1723494691,772,4,4,8,8,11.955,0,0,0.10 | 0.11 | 0.11,0,2.25 | 3.41 | 4.40,0,0.91 | 1.17 | 1.78,0.952,0.000,0,1,0,0,0,0,-1,0,0,0,,0,,0,,0,0,0,1
1723494691,772,4,4,8,8,11.955,0,0,0.10 | 0.11 | 0.11,0,2.25 | 3.41 | 4.40,0,0.91 | 1.17 | 1.78,0.952,0.000,0,1,0,0,0,0,-1,0,0,0,,0,,0,,0,0,0,1
1723494691,772,4,4,8,8,11.955,0,0,0.10 | 0.11 | 0.11,0,2.25 | 3.41 | 4.40,0,0.91 | 1.17 | 1.78,0.952,0.000,0,1,0,0,0,0,-1,0,0,0,,0,,0,,0,0,0,1
1723494691,772,4,4,8,8,11.955,0,0,0.10 | 0.11 | 0.11,0,2.25 | 3.41 | 4.40,0,0.91 | 1.17 | 1.78,0.952,0.000,0,1,0,0,0,0,-1,0,0,0,,0,,0,,0,0,0,1
1723494691,772,4,4,8,8,11.955,0,0,0.10 | 0.11 | 0.11,0,2.25 | 3.41 | 4.40,0,0.91 | 1.17 | 1.78,0.952,0.000,0,1,0,0,0,0,-1,0,0,0,,0,,0,,0,0,0,1
1723494691,772,4,4,8,8,11.955,0,0,0.10 | 0.11 | 0.11,0,2.25 | 3.41 | 4.40,0,0.91 | 1.17 | 1.78,0.952,0.000,0,1,0,0,0,0,-1,0,0,0,,0,,0,,0,0,0,1
1723494691,772,4,4,8,8,11.955,0,0,0.10 | 0.11 | 0.11,0,2.25 | 3.41 | 4.40,0,0.91 | 1.17 | 1.78,0.952,0.000,0,1,0,0,0,0,-1,0,0,0,,0,,0,,0,0,0,1
1723494691,772,4,4,8,8,11.955,0,0,0.10 | 0.11 | 0.11,0,2.25 | 3.41 | 4.40,0,0.91 | 1.17 | 1.78,0.952,0.000,0,1,0,0,0,0,-1,0,0,0,,0,,0,,0,0,0,1
1723494692,772,4,4,8,8,10.893,0,0,0.10 | 0.11 | 0.11,0,2.25 | 3.41 | 4.40,0,0.91 | 1.17 | 1.78,0.952,0.000,0,1,0,0,0,0,-1,0,0,0,,0,,0,,0,0,0,1
1723494692,772,4,4,8,8,10.893,0,0,0.10 | 0.11 | 0.11,0,2.25 | 3.41 | 4.40,0,0.91 | 1.17 | 1.78,0.952,0.000,0,1,0,0,0,0,-1,0,0,0,,0,,0,,0,0,0,1
1723494692,772,4,4,8,8,10.893,0,0,0.10 | 0.11 | 0.11,0,2.25 | 3.41 | 4.40,0,0.91 | 1.17 | 1.78,0.952,0.000,0,1,0,0,0,0,-1,0,0,0,,0,,0,,0,0,0,1
1723494692,772,4,4,8,8,10.893,0,0,0.10 | 0.11 | 0.11,0,2.25 | 3.41 | 4.40,0,0.91 | 1.17 | 1.78,0.952,0.000,0,1,0,0,0,0,-1,0,0,0,,0,,0,,0,0,0,1
1723494692,772,4,4,8,8,10.893,0,0,0.10 | 0.11 | 0.11,0,2.25 | 3.41 | 4.40,0,0.91 | 1.17 | 1.78,0.952,0.000,0,1,0,0,0,0,-1,0,0,0,,0,,0,,0,0,0,1
1723494692,772,4,4,8,8,10.893,0,0,0.10 | 0.11 | 0.11,0,2.25 | 3.41 | 4.40,0,0.91 | 1.17 | 1.78,0.952,0.000,0,1,0,0,0,0,-1,0,0,0,,0,,0,,0,0,0,1
1723494692,772,4,4,8,8,10.893,0,0,0.10 | 0.11 | 0.11,0,2.25 | 3.41 | 4.40,0,0.91 | 1.17 | 1.78,0.952,0.000,0,1,0,0,0,0,-1,0,0,0,,0,,0,,0,0,0,1
1723494692,772,4,4,8,8,10.893,0,0,0.10 | 0.11 | 0.11,0,2.25 | 3.41 | 4.40,0,0.91 | 1.17 | 1.78,0.952,0.000,0,1,0,0,0,0,-1,0,0,0,,0,,0,,0,0,0,1
1723494692,772,4,4,8,8,10.893,0,0,0.10 | 0.11 | 0.11,0,2.25 | 3.41 | 4.40,0,0.91 | 1.17 | 1.78,0.952,0.000,0,1,0,0,0,0,-1,0,0,0,,0,,0,,0,0,0,1
1723494692,772,4,4,8,8,10.893,0,0,0.10 | 0.11 | 0.11,0,2.25 | 3.41 | 4.40,0,0.91 | 1.17 | 1.78,0.952,0.000,0,1,0,0,0,0,-1,0,0,0,,0,,0,,0,0,0,1
1723494693,772,4,4,8,8,9.83,0,0,0.10 | 0.11 | 0.11,0,2.25 | 3.41 | 4.40,0,0.91 | 1.17 | 1.78,0.952,0.000,0,1,0,0,0,0,-1,0,0,0,,0,,0,,0,0,0,1
1723494693,772,4,4,8,8,9.83,0,0,0.10 | 0.11 | 0.11,0,2.25 | 3.41 | 4.40,0,0.91 | 1.17 | 1.78,0.952,0.000,0,1,0,0,0,0,-1,0,0,0,,0,,0,,0,0,0,1
1723494693,772,4,4,8,8,9.83,0,0,0.10 | 0.11 | 0.11,0,2.25 | 3.41 | 4.40,0,0.91 | 1.17 | 1.78,0.952,0.000,0,1,0,0,0,0,-1,0,0,0,,0,,0,,0,0,0,1
1723494693,772,4,4,8,8,9.83,0,0,0.10 | 0.11 | 0.11,0,2.25 | 3.41 | 4.40,0,0.91 | 1.17 | 1.78,0.952,0.000,0,1,0,0,0,0,-1,0,0,0,,0,,0,,0,0,0,1
1723494693,772,4,4,8,8,9.83,0,0,0.10 | 0.11 | 0.11,0,2.25 | 3.41 | 4.40,0,0.91 | 1.17 | 1.78,0.952,0.000,0,1,0,0,0,0,-1,0,0,0,,0,,0,,0,0,0,1
1723494693,772,4,4,8,8,9.83,0,0,0.10 | 0.11 | 0.11,0,2.25 | 3.41 | 4.40,0,0.91 | 1.17 | 1.78,0.952,0.000,0,1,0,0,0,0,-1,0,0,0,,0,,0,,0,0,0,1
1723494693,772,4,4,8,8,9.83,0,0,0.10 | 0.11 | 0.11,0,2.25 | 3.41 | 4.40,0,0.91 | 1.17 | 1.78,0.952,0.000,0,1,0,0,0,0,-1,0,0,0,,0,,0,,0,0,0,1
1723494693,772,4,4,8,8,9.83,0,0,0.10 | 0.11 | 0.11,0,2.25 | 3.41 | 4.40,0,0.91 | 1.17 | 1.78,0.952,0.000,0,1,0,0,0,0,-1,0,0,0,,0,,0,,0,0,0,1
1723494693,772,4,4,8,8,9.83,0,0,0.10 | 0.11 | 0.11,0,2.25 | 3.41 | 4.40,0,0.91 | 1.17 | 1.78,0.952,0.000,0,1,0,0,0,0,-1,0,0,0,,0,,0,,0,0,0,1
1723494693,772,4,4,8,8,9.83,0,0,0.10 | 0.11 | 0.11,0,2.25 | 3.41 | 4.40,0,0.91 | 1.17 | 1.78,0.952,0.000,0,1,0,0,0,0,-1,0,0,0,,0,,0,,0,0,0,1
1723494694,772,4,4,8,8,12.077,0,0,0.11 | 0.11 | 0.11,0,2.48 | 3.46 | 4.40,0,0.91 | 1.16 | 1.62,0.952,0.000,0,1,0,0,0,0,-1,0,0,0,,0,,0,,0,0,0,1
1723494694,772,4,4,8,8,12.077,0,0,0.11 | 0.11 | 0.11,0,2.48 | 3.46 | 4.40,0,0.91 | 1.16 | 1.62,0.952,0.000,0,1,0,0,0,0,-1,0,0,0,,0,,0,,0,0,0,1
1723494694,772,4,4,8,8,12.077,0,0,0.11 | 0.11 | 0.11,0,2.48 | 3.46 | 4.40,0,0.91 | 1.16 | 1.62,0.952,0.000,0,1,0,0,0,0,-1,0,0,0,,0,,0,,0,0,0,1
1723494694,772,4,4,8,8,12.077,0,0,0.11 | 0.11 | 0.11,0,2.48 | 3.46 | 4.40,0,0.91 | 1.16 | 1.62,0.952,0.000,0,1,0,0,0,0,-1,0,0,0,,0,,0,,0,0,0,1
1723494694,772,4,4,8,8,12.077,0,0,0.11 | 0.11 | 0.11,0,2.48 | 3.46 | 4.40,0,0.91 | 1.16 | 1.62,0.952,0.000,0,1,0,0,0,0,-1,0,0,0,,0,,0,,0,0,0,1
1723494694,772,4,4,8,8,12.077,0,0,0.11 | 0.11 | 0.11,0,2.48 | 3.46 | 4.40,0,0.91 | 1.16 | 1.62,0.952,0.000,0,1,0,0,0,0,-1,0,0,0,,0,,0,,0,0,0,1
1723494694,772,4,4,8,8,12.077,0,0,0.11 | 0.11 | 0.11,0,2.48 | 3.46 | 4.40,0,0.91 | 1.16 | 1.62,0.952,0.000,0,1,0,0,0,0,-1,0,0,0,,0,,0,,0,0,0,1
1723494694,772,4,4,8,8,12.077,0,0,0.11 | 0.11 | 0.11,0,2.48 | 3.46 | 4.40,0,0.91 | 1.16 | 1.62,0.952,0.000,0,1,0,0,0,0,-1,0,0,0,,0,,0,,0,0,0,1
1723494694,772,4,4,8,8,12.077,0,0,0.11 | 0.11 | 0.11,0,2.48 | 3.46 | 4.40,0,0.91 | 1.16 | 1.62,0.952,0.000,0,1,0,0,0,0,-1,0,0,0,,0,,0,,0,0,0,1
1723494694,772,4,4,8,8,12.077,0,0,0.11 | 0.11 | 0.11,0,2.48 | 3.46 | 4.40,0,0.91 | 1.16 | 1.62,0.952,0.000,0,1,0,0,0,0,-1,0,0,0,,0,,0,,0,0,0,1
1723494695,772,4,4,8,8,11.171,0,0,0.11 | 0.11 | 0.11,0,2.48 | 3.46 | 4.40,0,0.91 | 1.16 | 1.62,0.952,0.000,0,1,0,0,0,0,-1,0,0,0,,0,,0,,0,0,0,1
1723494695,772,4,4,8,8,11.171,0,0,0.11 | 0.11 | 0.11,0,2.48 | 3.46 | 4.40,0,0.91 | 1.16 | 1.62,0.952,0.000,0,1,0,0,0,0,-1,0,0,0,,0,,0,,0,0,0,1
1723494695,772,4,4,8,8,11.171,0,0,0.11 | 0.11 | 0.11,0,2.48 | 3.46 | 4.40,0,0.91 | 1.16 | 1.62,0.952,0.000,0,1,0,0,0,0,-1,0,0,0,,0,,0,,0,0,0,1
1723494695,772,4,4,8,8,11.171,0,0,0.11 | 0.11 | 0.11,0,2.48 | 3.46 | 4.40,0,0.91 | 1.16 | 1.62,0.952,0.000,0,1,0,0,0,0,-1,0,0,0,,0,,0,,0,0,0,1
1723494695,772,4,4,8,8,11.171,0,0,0.11 | 0.11 | 0.11,0,2.48 | 3.46 | 4.40,0,0.91 | 1.16 | 1.62,0.952,0.000,0,1,0,0,0,0,-1,0,0,0,,0,,0,,0,0,0,1
1723494695,772,4,4,8,8,11.171,0,0,0.11 | 0.11 | 0.11,0,2.48 | 3.46 | 4.40,0,0.91 | 1.16 | 1.62,0.952,0.000,0,1,0,0,0,0,-1,0,0,0,,0,,0,,0,0,0,1
1723494695,772,4,4,8,8,11.171,0,0,0.11 | 0.11 | 0.11,0,2.48 | 3.46 | 4.40,0,0.91 | 1.16 | 1.62,0.952,0.000,0,1,0,0,0,0,-1,0,0,0,,0,,0,,0,0,0,1
1723494695,772,4,4,8,8,11.171,0,0,0.11 | 0.11 | 0.11,0,2.48 | 3.46 | 4.40,0,0.91 | 1.16 | 1.62,0.952,0.000,0,1,0,0,0,0,-1,0,0,0,,0,,0,,0,0,0,1
1723494695,772,4,4,8,8,11.171,0,0,0.11 | 0.11 | 0.11,0,2.48 | 3.46 | 4.40,0,0.91 | 1.16 | 1.62,0.952,0.000,0,1,0,0,0,0,-1,0,0,0,,0,,0,,0,0,0,1
1723494695,772,4,4,8,8,11.171,0,0,0.11 | 0.11 | 0.11,0,2.48 | 3.46 | 4.40,0,0.91 | 1.16 | 1.62,0.952,0.000,0,1,0,0,0,0,-1,0,0,0,,0,,0,,0,0,0,1
1723494696,772,4,4,8,8,10.109,0,0,0.11 | 0.11 | 0.11,0,2.48 | 3.46 | 4.40,0,0.91 | 1.16 | 1.62,0.952,0.000,0,1,0,0,0,0,-1,0,0,0,,0,,0,,0,0,0,1
1723494696,772,4,4,8,8,10.109,0,0,0.11 | 0.11 | 0.11,0,2.48 | 3.46 | 4.40,0,0.91 | 1.16 | 1.62,0.952,0.000,0,1,0,0,0,0,-1,0,0,0,,0,,0,,0,0,0,1
1723494696,772,4,4,8,8,10.109,0,0,0.11 | 0.11 | 0.11,0,2.48 | 3.46 | 4.40,0,0.91 | 1.16 | 1.62,0.952,0.000,0,1,0,0,0,0,-1,0,0,0,,0,,0,,0,0,0,1
1723494696,772,4,4,8,8,10.109,0,0,0.11 | 0.11 | 0.11,0,2.48 | 3.46 | 4.40,0,0.91 | 1.16 | 1.62,0.952,0.000,0,1,0,0,0,0,-1,0,0,0,,0,,0,,0,0,0,1
1723494696,772,4,4,8,8,10.109,0,0,0.11 | 0.11 | 0.11,0,2.48 | 3.46 | 4.40,0,0.91 | 1.16 | 1.62,0.952,0.000,0,1,0,0,0,0,-1,0,0,0,,0,,0,,0,0,0,1
1723494696,772,4,4,8,8,10.109,0,0,0.11 | 0.11 | 0.11,0,2.48 | 3.46 | 4.40,0,0.91 | 1.16 | 1.62,0.952,0.000,0,1,0,0,0,0,-1,0,0,0,,0,,0,,0,0,0,1
1723494696,772,4,4,8,8,10.109,0,0,0.11 | 0.11 | 0.11,0,2.48 | 3.46 | 4.40,0,0.91 | 1.16 | 1.62,0.952,0.000,0,1,0,0,0,0,-1,0,0,0,,0,,0,,0,0,0,1
1723494696,772,4,4,8,8,10.109,0,0,0.11 | 0.11 | 0.11,0,2.48 | 3.46 | 4.40,0,0.91 | 1.16 | 1.62,0.952,0.000,0,1,0,0,0,0,-1,0,0,0,,0,,0,,0,0,0,1
1723494696,772,4,4,8,8,10.109,0,0,0.11 | 0.11 | 0.11,0,2.48 | 3.46 | 4.40,0,0.91 | 1.16 | 1.62,0.952,0.000,0,1,0,0,0,0,-1,0,0,0,,0,,0,,0,0,0,1
1723494696,772,4,4,8,8,10.109,0,0,0.11 | 0.11 | 0.11,0,2.48 | 3.46 | 4.40,0,0.91 | 1.16 | 1.62,0.952,0.000,0,1,0,0,0,0,-1,0,0,0,,0,,0,,0,0,0,1
1723494697,772,4,4,8,8,9.046,0,0,0.11 | 0.11 | 0.11,0,2.48 | 3.46 | 4.40,0,0.91 | 1.16 | 1.62,0.952,0.000,0,1,0,0,0,0,-1,0,0,0,,0,,0,,0,0,0,1
1723494697,772,4,4,8,8,9.046,0,0,0.11 | 0.11 | 0.11,0,2.48 | 3.46 | 4.40,0,0.91 | 1.16 | 1.62,0.952,0.000,0,1,0,0,0,0,-1,0,0,0,,0,,0,,0,0,0,1
1723494697,772,4,4,8,8,9.046,0,0,0.11 | 0.11 | 0.11,0,2.48 | 3.46 | 4.40,0,0.91 | 1.16 | 1.62,0.952,0.000,0,1,0,0,0,0,-1,0,0,0,,0,,0,,0,0,0,1
1723494697,772,4,4,8,8,9.046,0,0,0.11 | 0.11 | 0.11,0,2.48 | 3.46 | 4.40,0,0.91 | 1.16 | 1.62,0.952,0.000,0,1,0,0,0,0,-1,0,0,0,,0,,0,,0,0,0,1
1723494697,772,4,4,8,8,9.046,0,0,0.11 | 0.11 | 0.11,0,2.48 | 3.46 | 4.40,0,0.91 | 1.16 | 1.62,0.952,0.000,0,1,0,0,0,0,-1,0,0,0,,0,,0,,0,0,0,1
1723494697,772,4,4,8,8,9.046,0,0,0.11 | 0.11 | 0.11,0,2.48 | 3.46 | 4.40,0,0.91 | 1.16 | 1.62,0.952,0.000,0,1,0,0,0,0,-1,0,0,0,,0,,0,,0,0,0,1
1723494697,772,4,4,8,8,9.046,0,0,0.11 | 0.11 | 0.11,0,2.48 | 3.46 | 4.40,0,0.91 | 1.16 | 1.62,0.952,0.000,0,1,0,0,0,0,-1,0,0,0,,0,,0,,0,0,0,1
1723494697,772,4,4,8,8,9.046,0,0,0.11 | 0.11 | 0.11,0,2.48 | 3.46 | 4.40,0,0.91 | 1.16 | 1.62,0.952,0.000,0,1,0,0,0,0,-1,0,0,0,,0,,0,,0,0,0,1
1723494697,772,4,4,8,8,9.046,0,0,0.11 | 0.11 | 0.11,0,2.48 | 3.46 | 4.40,0,0.91 | 1.16 | 1.62,0.952,0.000,0,1,0,0,0,0,-1,0,0,0,,0,,0,,0,0,0,1
1723494697,772,4,4,8,8,9.046,0,0,0.11 | 0.11 | 0.11,0,2.48 | 3.46 | 4.40,0,0.91 | 1.16 | 1.62,0.952,0.000,0,1,0,0,0,0,-1,0,0,0,,0,,0,,0,0,0,1
1723494698,772,4,4,8,8,12.783,0,0,0.11 | 0.11 | 0.11,0,2.48 | 3.35 | 4.40,0,0.91 | 1.19 | 1.62,0.953,0.000,0,1,0,0,0,0,-1,0,0,0,,0,,0,,0,0,0,1
1723494698,772,4,4,8,8,12.783,0,0,0.11 | 0.11 | 0.11,0,2.48 | 3.35 | 4.40,0,0.91 | 1.19 | 1.62,0.953,0.000,0,1,0,0,0,0,-1,0,0,0,,0,,0,,0,0,0,1
1723494698,772,4,4,8,8,12.783,0,0,0.11 | 0.11 | 0.11,0,2.48 | 3.35 | 4.40,0,0.91 | 1.19 | 1.62,0.953,0.000,0,1,0,0,0,0,-1,0,0,0,,0,,0,,0,0,0,1
1723494698,772,4,4,8,8,12.783,0,0,0.11 | 0.11 | 0.11,0,2.48 | 3.35 | 4.40,0,0.91 | 1.19 | 1.62,0.953,0.000,0,1,0,0,0,0,-1,0,0,0,,0,,0,,0,0,0,1
1723494698,772,4,4,8,8,12.783,0,0,0.11 | 0.11 | 0.11,0,2.48 | 3.35 | 4.40,0,0.91 | 1.19 | 1.62,0.953,0.000,0,1,0,0,0,0,-1,0,0,0,,0,,0,,0,0,0,1
1723494698,772,4,4,8,8,12.783,0,0,0.11 | 0.11 | 0.11,0,2.48 | 3.35 | 4.40,0,0.91 | 1.19 | 1.62,0.953,0.000,0,1,0,0,0,0,-1,0,0,0,,0,,0,,0,0,0,1
1723494698,772,4,4,8,8,12.783,0,0,0.11 | 0.11 | 0.11,0,2.48 | 3.35 | 4.40,0,0.91 | 1.19 | 1.62,0.953,0.000,0,1,0,0,0,0,-1,0,0,0,,0,,0,,0,0,0,1
1723494698,772,4,4,8,8,12.783,0,0,0.11 | 0.11 | 0.11,0,2.48 | 3.35 | 4.40,0,0.91 | 1.19 | 1.62,0.953,0.000,0,1,0,0,0,0,-1,0,0,0,,0,,0,,0,0,0,1
1723494698,772,4,4,8,8,12.783,0,0,0.11 | 0.11 | 0.11,0,2.48 | 3.35 | 4.40,0,0.91 | 1.19 | 1.62,0.953,0.000,0,1,0,0,0,0,-1,0,0,0,,0,,0,,0,0,0,1
1723494698,772,4,4,8,8,12.783,0,0,0.11 | 0.11 | 0.11,0,2.48 | 3.35 | 4.40,0,0.91 | 1.19 | 1.62,0.953,0.000,0,1,0,0,0,0,-1,0,0,0,,0,,0,,0,0,0,1
1723494699,772,4,4,8,8,11.987,0,0,0.11 | 0.11 | 0.11,0,2.48 | 3.35 | 4.40,0,0.91 | 1.19 | 1.62,0.953,0.000,0,1,0,0,0,0,-1,0,0,0,,0,,0,,0,0,0,1
1723494699,772,4,4,8,8,11.987,0,0,0.11 | 0.11 | 0.11,0,2.48 | 3.35 | 4.40,0,0.91 | 1.19 | 1.62,0.953,0.000,0,1,0,0,0,0,-1,0,0,0,,0,,0,,0,0,0,1
1723494699,772,4,4,8,8,11.987,0,0,0.11 | 0.11 | 0.11,0,2.48 | 3.35 | 4.40,0,0.91 | 1.19 | 1.62,0.953,0.000,0,1,0,0,0,0,-1,0,0,0,,0,,0,,0,0,0,1
1723494699,772,4,4,8,8,11.987,0,0,0.11 | 0.11 | 0.11,0,2.48 | 3.35 | 4.40,0,0.91 | 1.19 | 1.62,0.953,0.000,0,1,0,0,0,0,-1,0,0,0,,0,,0,,0,0,0,1
1723494699,772,4,4,8,8,11.987,0,0,0.11 | 0.11 | 0.11,0,2.48 | 3.35 | 4.40,0,0.91 | 1.19 | 1.62,0.953,0.000,0,1,0,0,0,0,-1,0,0,0,,0,,0,,0,0,0,1
1723494699,772,4,4,8,8,11.987,0,0,0.11 | 0.11 | 0.11,0,2.48 | 3.35 | 4.40,0,0.91 | 1.19 | 1.62,0.953,0.000,0,1,0,0,0,0,-1,0,0,0,,0,,0,,0,0,0,1
1723494699,772,4,4,8,8,11.987,0,0,0.11 | 0.11 | 0.11,0,2.48 | 3.35 | 4.40,0,0.91 | 1.19 | 1.62,0.953,0.000,0,1,0,0,0,0,-1,0,0,0,,0,,0,,0,0,0,1
1723494699,772,4,4,8,8,11.987,0,0,0.11 | 0.11 | 0.11,0,2.48 | 3.35 | 4.40,0,0.91 | 1.19 | 1.62,0.953,0.000,0,1,0,0,0,0,-1,0,0,0,,0,,0,,0,0,0,1
1723494699,772,4,4,8,8,11.987,0,0,0.11 | 0.11 | 0.11,0,2.48 | 3.35 | 4.40,0,0.91 | 1.19 | 1.62,0.953,0.000,0,1,0,0,0,0,-1,0,0,0,,0,,0,,0,0,0,1
1723494699,772,4,4,8,8,11.987,0,0,0.11 | 0.11 | 0.11,0,2.48 | 3.35 | 4.40,0,0.91 | 1.19 | 1.62,0.953,0.000,0,1,0,0,0,0,-1,0,0,0,,0,,0,,0,0,0,1
1723494700,772,4,4,8,8,10.787,0,0,0.11 | 0.11 | 0.11,0,2.48 | 3.35 | 4.40,0,0.91 | 1.19 | 1.62,0.953,0.000,0,1,0,0,0,0,-1,0,0,0,,0,,0,,0,0,0,1
1723494700,772,4,4,8,8,10.787,0,0,0.11 | 0.11 | 0.11,0,2.48 | 3.35 | 4.40,0,0.91 | 1.19 | 1.62,0.953,0.000,0,1,0,0,0,0,-1,0,0,0,,0,,0,,0,0,0,1
1723494700,772,4,4,8,8,10.787,0,0,0.11 | 0.11 | 0.11,0,2.48 | 3.35 | 4.40,0,0.91 | 1.19 | 1.62,0.953,0.000,0,1,0,0,0,0,-1,0,0,0,,0,,0,,0,0,0,1
1723494700,772,4,4,8,8,10.787,0,0,0.11 | 0.11 | 0.11,0,2.48 | 3.35 | 4.40,0,0.91 | 1.19 | 1.62,0.953,0.000,0,1,0,0,0,0,-1,0,0,0,,0,,0,,0,0,0,1
1723494700,772,4,4,8,8,10.787,0,0,0.11 | 0.11 | 0.11,0,2.48 | 3.35 | 4.40,0,0.91 | 1.19 | 1.62,0.953,0.000,0,1,0,0,0,0,-1,0,0,0,,0,,0,,0,0,0,1
1723494700,772,4,4,8,8,10.787,0,0,0.11 | 0.11 | 0.11,0,2.48 | 3.35 | 4.40,0,0.91 | 1.19 | 1.62,0.953,0.000,0,1,0,0,0,0,-1,0,0,0,,0,,0,,0,0,0,1
1723494700,772,4,4,8,8,10.787,0,0,0.11 | 0.11 | 0.11,0,2.48 | 3.35 | 4.40,0,0.91 | 1.19 | 1.62,0.953,0.000,0,1,0,0,0,0,-1,0,0,0,,0,,0,,0,0,0,1
1723494700,772,4,4,8,8,10.787,0,0,0.11 | 0.11 | 0.11,0,2.48 | 3.35 | 4.40,0,0.91 | 1.19 | 1.62,0.953,0.000,0,1,0,0,0,0,-1,0,0,0,,0,,0,,0,0,0,1
1723494700,772,4,4,8,8,10.787,0,0,0.11 | 0.11 | 0.11,0,2.48 | 3.35 | 4.40,0,0.91 | 1.19 | 1.62,0.953,0.000,0,1,0,0,0,0,-1,0,0,0,,0,,0,,0,0,0,1
1723494700,772,4,4,8,8,10.787,0,0,0.11 | 0.11 | 0.11,0,2.48 | 3.35 | 4.40,0,0.91 | 1.19 | 1.62,0.953,0.000,0,1,0,0,0,0,-1,0,0,0,,0,,0,,0,0,0,1
1723494701,772,4,4,8,8,9.861,0,0,0.11 | 0.11 | 0.11,0,2.48 | 3.35 | 4.40,0,0.91 | 1.19 | 1.62,0.953,0.000,0,1,0,0,0,0,-1,0,0,0,,0,,0,,0,0,0,1
1723494701,772,4,4,8,8,9.861,0,0,0.11 | 0.11 | 0.11,0,2.48 | 3.35 | 4.40,0,0.91 | 1.19 | 1.62,0.953,0.000,0,1,0,0,0,0,-1,0,0,0,,0,,0,,0,0,0,1
1723494701,772,4,4,8,8,9.861,0,0,0.11 | 0.11 | 0.11,0,2.48 | 3.35 | 4.40,0,0.91 | 1.19 | 1.62,0.953,0.000,0,1,0,0,0,0,-1,0,0,0,,0,,0,,0,0,0,1
1723494701,772,4,4,8,8,9.861,0,0,0.11 | 0.11 | 0.11,0,2.48 | 3.35 | 4.40,0,0.91 | 1.19 | 1.62,0.953,0.000,0,1,0,0,0,0,-1,0,0,0,,0,,0,,0,0,0,1
1723494701,772,4,4,8,8,9.861,0,0,0.11 | 0.11 | 0.11,0,2.48 | 3.35 | 4.40,0,0.91 | 1.19 | 1.62,0.953,0.000,0,1,0,0,0,0,-1,0,0,0,,0,,0,,0,0,0,1
1723494701,772,4,4,8,8,9.861,0,0,0.11 | 0.11 | 0.11,0,2.48 | 3.35 | 4.40,0,0.91 | 1.19 | 1.62,0.953,0.000,0,1,0,0,0,0,-1,0,0,0,,0,,0,,0,0,0,1
1723494701,772,4,4,8,8,9.861,0,0,0.11 | 0.11 | 0.11,0,2.48 | 3.35 | 4.40,0,0.91 | 1.19 | 1.62,0.953,0.000,0,1,0,0,0,0,-1,0,0,0,,0,,0,,0,0,0,1
1723494701,772,4,4,8,8,9.861,0,0,0.11 | 0.11 | 0.11,0,2.48 | 3.35 | 4.40,0,0.91 | 1.19 | 1.62,0.953,0.000,0,1,0,0,0,0,-1,0,0,0,,0,,0,,0,0,0,1
1723494701,772,4,4,8,8,9.861,0,0,0.11 | 0.11 | 0.11,0,2.48 | 3.35 | 4.40,0,0.91 | 1.19 | 1.62,0.953,0.000,0,1,0,0,0,0,-1,0,0,0,,0,,0,,0,0,0,1
1723494701,772,4,4,8,8,9.861,0,0,0.11 | 0.11 | 0.11,0,2.48 | 3.35 | 4.40,0,0.91 | 1.19 | 1.62,0.953,0.000,0,1,0,0,0,0,-1,0,0,0,,0,,0,,0,0,0,1
1723494702,772,4,4,8,8,11.999,0,0,0.10 | 0.11 | 0.11,0,2.48 | 3.33 | 4.40,0,0.91 | 1.20 | 1.62,0.953,0.000,0,1,0,0,0,0,-1,0,0,0,,0,,0,,0,0,0,1
1723494702,772,4,4,8,8,11.999,0,0,0.10 | 0.11 | 0.11,0,2.48 | 3.33 | 4.40,0,0.91 | 1.20 | 1.62,0.953,0.000,0,1,0,0,0,0,-1,0,0,0,,0,,0,,0,0,0,1
1723494702,772,4,4,8,8,11.999,0,0,0.10 | 0.11 | 0.11,0,2.48 | 3.33 | 4.40,0,0.91 | 1.20 | 1.62,0.953,0.000,0,1,0,0,0,0,-1,0,0,0,,0,,0,,0,0,0,1
1723494702,772,4,4,8,8,11.999,0,0,0.10 | 0.11 | 0.11,0,2.48 | 3.33 | 4.40,0,0.91 | 1.20 | 1.62,0.953,0.000,0,1,0,0,0,0,-1,0,0,0,,0,,0,,0,0,0,1
1723494702,772,4,4,8,8,11.999,0,0,0.10 | 0.11 | 0.11,0,2.48 | 3.33 | 4.40,0,0.91 | 1.20 | 1.62,0.953,0.000,0,1,0,0,0,0,-1,0,0,0,,0,,0,,0,0,0,1
1723494702,772,4,4,8,8,11.999,0,0,0.10 | 0.11 | 0.11,0,2.48 | 3.33 | 4.40,0,0.91 | 1.20 | 1.62,0.953,0.000,0,1,0,0,0,0,-1,0,0,0,,0,,0,,0,0,0,1
1723494702,772,4,4,8,8,11.999,0,0,0.10 | 0.11 | 0.11,0,2.48 | 3.33 | 4.40,0,0.91 | 1.20 | 1.62,0.953,0.000,0,1,0,0,0,0,-1,0,0,0,,0,,0,,0,0,0,1
1723494702,772,4,4,8,8,11.999,0,0,0.10 | 0.11 | 0.11,0,2.48 | 3.33 | 4.40,0,0.91 | 1.20 | 1.62,0.953,0.000,0,1,0,0,0,0,-1,0,0,0,,0,,0,,0,0,0,1
1723494702,772,4,4,8,8,11.999,0,0,0.10 | 0.11 | 0.11,0,2.48 | 3.33 | 4.40,0,0.91 | 1.20 | 1.62,0.953,0.000,0,1,0,0,0,0,-1,0,0,0,,0,,0,,0,0,0,1
1723494702,772,4,4,8,8,11.999,0,0,0.10 | 0.11 | 0.11,0,2.48 | 3.33 | 4.40,0,0.91 | 1.20 | 1.62,0.953,0.000,0,1,0,0,0,0,-1,0,0,0,,0,,0,,0,0,0,1
1723494703,772,4,4,8,8,11.202,0,0,0.10 | 0.11 | 0.11,0,2.48 | 3.33 | 4.40,0,0.91 | 1.20 | 1.62,0.953,0.000,0,1,0,0,0,0,-1,0,0,0,,0,,0,,0,0,0,1
1723494703,772,4,4,8,8,11.202,0,0,0.10 | 0.11 | 0.11,0,2.48 | 3.33 | 4.40,0,0.91 | 1.20 | 1.62,0.953,0.000,0,1,0,0,0,0,-1,0,0,0,,0,,0,,0,0,0,1
1723494703,772,4,4,8,8,11.202,0,0,0.10 | 0.11 | 0.11,0,2.48 | 3.33 | 4.40,0,0.91 | 1.20 | 1.62,0.953,0.000,0,1,0,0,0,0,-1,0,0,0,,0,,0,,0,0,0,1
1723494703,772,4,4,8,8,11.202,0,0,0.10 | 0.11 | 0.11,0,2.48 | 3.33 | 4.40,0,0.91 | 1.20 | 1.62,0.953,0.000,0,1,0,0,0,0,-1,0,0,0,,0,,0,,0,0,0,1
1723494703,772,4,4,8,8,11.202,0,0,0.10 | 0.11 | 0.11,0,2.48 | 3.33 | 4.40,0,0.91 | 1.20 | 1.62,0.953,0.000,0,1,0,0,0,0,-1,0,0,0,,0,,0,,0,0,0,1
1723494703,772,4,4,8,8,11.202,0,0,0.10 | 0.11 | 0.11,0,2.48 | 3.33 | 4.40,0,0.91 | 1.20 | 1.62,0.953,0.000,0,1,0,0,0,0,-1,0,0,0,,0,,0,,0,0,0,1
1723494703,772,4,4,8,8,11.202,0,0,0.10 | 0.11 | 0.11,0,2.48 | 3.33 | 4.40,0,0.91 | 1.20 | 1.62,0.953,0.000,0,1,0,0,0,0,-1,0,0,0,,0,,0,,0,0,0,1
1723494703,772,4,4,8,8,11.202,0,0,0.10 | 0.11 | 0.11,0,2.48 | 3.33 | 4.40,0,0.91 | 1.20 | 1.62,0.953,0.000,0,1,0,0,0,0,-1,0,0,0,,0,,0,,0,0,0,1
1723494703,772,4,4,8,8,11.202,0,0,0.10 | 0.11 | 0.11,0,2.48 | 3.33 | 4.40,0,0.91 | 1.20 | 1.62,0.953,0.000,0,1,0,0,0,0,-1,0,0,0,,0,,0,,0,0,0,1
1723494703,772,4,4,8,8,11.202,0,0,0.10 | 0.11 | 0.11,0,2.48 | 3.33 | 4.40,0,0.91 | 1.20 | 1.62,0.953,0.000,0,1,0,0,0,0,-1,0,0,0,,0,,0,,0,0,0,1
1723494704,772,4,4,8,8,10.14,0,0,0.10 | 0.11 | 0.11,0,2.48 | 3.33 | 4.40,0,0.91 | 1.20 | 1.62,0.953,0.000,0,1,0,0,0,0,-1,0,0,0,,0,,0,,0,0,0,1
1723494704,772,4,4,8,8,10.14,0,0,0.10 | 0.11 | 0.11,0,2.48 | 3.33 | 4.40,0,0.91 | 1.20 | 1.62,0.953,0.000,0,1,0,0,0,0,-1,0,0,0,,0,,0,,0,0,0,1
1723494704,772,4,4,8,8,10.14,0,0,0.10 | 0.11 | 0.11,0,2.48 | 3.33 | 4.40,0,0.91 | 1.20 | 1.62,0.953,0.000,0,1,0,0,0,0,-1,0,0,0,,0,,0,,0,0,0,1
1723494704,772,4,4,8,8,10.14,0,0,0.10 | 0.11 | 0.11,0,2.48 | 3.33 | 4.40,0,0.91 | 1.20 | 1.62,0.953,0.000,0,1,0,0,0,0,-1,0,0,0,,0,,0,,0,0,0,1
1723494704,772,4,4,8,8,10.14,0,0,0.10 | 0.11 | 0.11,0,2.48 | 3.33 | 4.40,0,0.91 | 1.20 | 1.62,0.953,0.000,0,1,0,0,0,0,-1,0,0,0,,0,,0,,0,0,0,1
1723494704,772,4,4,8,8,10.14,0,0,0.10 | 0.11 | 0.11,0,2.48 | 3.33 | 4.40,0,0.91 | 1.20 | 1.62,0.953,0.000,0,1,0,0,0,0,-1,0,0,0,,0,,0,,0,0,0,1
1723494704,772,4,4,8,8,10.14,0,0,0.10 | 0.11 | 0.11,0,2.48 | 3.33 | 4.40,0,0.91 | 1.20 | 1.62,0.953,0.000,0,1,0,0,0,0,-1,0,0,0,,0,,0,,0,0,0,1
1723494704,772,4,4,8,8,10.14,0,0,0.10 | 0.11 | 0.11,0,2.48 | 3.33 | 4.40,0,0.91 | 1.20 | 1.62,0.953,0.000,0,1,0,0,0,0,-1,0,0,0,,0,,0,,0,0,0,1
1723494704,772,4,4,8,8,10.14,0,0,0.10 | 0.11 | 0.11,0,2.48 | 3.33 | 4.40,0,0.91 | 1.20 | 1.62,0.953,0.000,0,1,0,0,0,0,-1,0,0,0,,0,,0,,0,0,0,1
1723494704,772,4,4,8,8,10.14,0,0,0.10 | 0.11 | 0.11,0,2.48 | 3.33 | 4.40,0,0.91 | 1.20 | 1.62,0.953,0.000,0,1,0,0,0,0,-1,0,0,0,,0,,0,,0,0,0,1
1723494705,772,4,4,8,8,9.077,0,0,0.10 | 0.11 | 0.11,0,2.48 | 3.33 | 4.40,0,0.91 | 1.20 | 1.62,0.953,0.000,0,1,0,0,0,0,-1,0,0,0,,0,,0,,0,0,0,1
1723494705,772,4,4,8,8,9.077,0,0,0.10 | 0.11 | 0.11,0,2.48 | 3.33 | 4.40,0,0.91 | 1.20 | 1.62,0.953,0.000,0,1,0,0,0,0,-1,0,0,0,,0,,0,,0,0,0,1
1723494705,772,4,4,8,8,9.077,0,0,0.10 | 0.11 | 0.11,0,2.48 | 3.33 | 4.40,0,0.91 | 1.20 | 1.62,0.953,0.000,0,1,0,0,0,0,-1,0,0,0,,0,,0,,0,0,0,1
1723494705,772,4,4,8,8,9.077,0,0,0.10 | 0.11 | 0.11,0,2.48 | 3.33 | 4.40,0,0.91 | 1.20 | 1.62,0.953,0.000,0,1,0,0,0,0,-1,0,0,0,,0,,0,,0,0,0,1
1723494705,772,4,4,8,8,9.077,0,0,0.10 | 0.11 | 0.11,0,2.48 | 3.33 | 4.40,0,0.91 | 1.20 | 1.62,0.953,0.000,0,1,0,0,0,0,-1,0,0,0,,0,,0,,0,0,0,1
1723494705,772,4,4,8,8,9.077,0,0,0.10 | 0.11 | 0.11,0,2.48 | 3.33 | 4.40,0,0.91 | 1.20 | 1.62,0.953,0.000,0,1,0,0,0,0,-1,0,0,0,,0,,0,,0,0,0,1
1723494705,772,4,4,8,8,9.077,0,0,0.10 | 0.11 | 0.11,0,2.48 | 3.33 | 4.40,0,0.91 | 1.20 | 1.62,0.953,0.000,0,1,0,0,0,0,-1,0,0,0,,0,,0,,0,0,0,1
1723494705,772,4,4,8,8,9.077,0,0,0.10 | 0.11 | 0.11,0,2.48 | 3.33 | 4.40,0,0.91 | 1.20 | 1.62,0.953,0.000,0,1,0,0,0,0,-1,0,0,0,,0,,0,,0,0,0,1
1723494705,772,4,4,8,8,9.077,0,0,0.10 | 0.11 | 0.11,0,2.48 | 3.33 | 4.40,0,0.91 | 1.20 | 1.62,0.953,0.000,0,1,0,0,0,0,-1,0,0,0,,0,,0,,0,0,0,1
1723494705,772,4,4,8,8,9.077,0,0,0.10 | 0.11 | 0.11,0,2.48 | 3.33 | 4.40,0,0.91 | 1.20 | 1.62,0.953,0.000,0,1,0,0,0,0,-1,0,0,0,,0,,0,,0,0,0,1
1723494706,772,4,4,8,8,8.015,0,0,0.10 | 0.11 | 0.11,0,2.48 | 3.33 | 4.40,0,0.91 | 1.20 | 1.62,0.953,0.000,0,1,0,0,0,0,-1,0,0,0,,0,,0,,0,0,0,1
1723494706,772,4,4,8,8,8.015,0,0,0.10 | 0.11 | 0.11,0,2.48 | 3.33 | 4.40,0,0.91 | 1.20 | 1.62,0.953,0.000,0,1,0,0,0,0,-1,0,0,0,,0,,0,,0,0,0,1
1723494706,772,4,4,8,8,8.015,0,0,0.10 | 0.11 | 0.11,0,2.48 | 3.33 | 4.40,0,0.91 | 1.20 | 1.62,0.953,0.000,0,1,0,0,0,0,-1,0,0,0,,0,,0,,0,0,0,1
1723494706,772,4,4,8,8,8.015,0,0,0.10 | 0.11 | 0.11,0,2.48 | 3.33 | 4.40,0,0.91 | 1.20 | 1.62,0.953,0.000,0,1,0,0,0,0,-1,0,0,0,,0,,0,,0,0,0,1
1723494706,772,4,4,8,8,8.015,0,0,0.10 | 0.11 | 0.11,0,2.48 | 3.33 | 4.40,0,0.91 | 1.20 | 1.62,0.953,0.000,0,1,0,0,0,0,-1,0,0,0,,0,,0,,0,0,0,1
1723494706,772,4,4,8,8,8.015,0,0,0.10 | 0.11 | 0.11,0,2.48 | 3.33 | 4.40,0,0.91 | 1.20 | 1.62,0.953,0.000,0,1,0,0,0,0,-1,0,0,0,,0,,0,,0,0,0,1
1723494706,772,4,4,8,8,8.015,0,0,0.10 | 0.11 | 0.11,0,2.48 | 3.33 | 4.40,0,0.91 | 1.20 | 1.62,0.953,0.000,0,1,0,0,0,0,-1,0,0,0,,0,,0,,0,0,0,1
1723494706,772,4,4,8,8,8.015,0,0,0.10 | 0.11 | 0.11,0,2.48 | 3.33 | 4.40,0,0.91 | 1.20 | 1.62,0.953,0.000,0,1,0,0,0,0,-1,0,0,0,,0,,0,,0,0,0,1
1723494706,772,4,4,8,8,8.015,0,0,0.10 | 0.11 | 0.11,0,2.48 | 3.33 | 4.40,0,0.91 | 1.20 | 1.62,0.953,0.000,0,1,0,0,0,0,-1,0,0,0,,0,,0,,0,0,0,1
1723494706,772,4,4,8,8,8.015,0,0,0.10 | 0.11 | 0.11,0,2.48 | 3.33 | 4.40,0,0.91 | 1.20 | 1.62,0.953,0.000,0,1,0,0,0,0,-1,0,0,0,,0,,0,,0,0,0,1
1723494707,772,4,4,8,8,11.879,0,0,0.10 | 0.11 | 0.11,0,2.48 | 3.34 | 4.44,0,0.90 | 1.20 | 1.62,0.953,0.000,0,1,0,0,0,0,-1,0,0,0,,0,,0,,0,0,0,1
1723494707,772,4,4,8,8,11.879,0,0,0.10 | 0.11 | 0.11,0,2.48 | 3.34 | 4.44,0,0.90 | 1.20 | 1.62,0.953,0.000,0,1,0,0,0,0,-1,0,0,0,,0,,0,,0,0,0,1
1723494707,772,4,4,8,8,11.879,0,0,0.10 | 0.11 | 0.11,0,2.48 | 3.34 | 4.44,0,0.90 | 1.20 | 1.62,0.953,0.000,0,1,0,0,0,0,-1,0,0,0,,0,,0,,0,0,0,1
1723494707,772,4,4,8,8,11.879,0,0,0.10 | 0.11 | 0.11,0,2.48 | 3.34 | 4.44,0,0.90 | 1.20 | 1.62,0.953,0.000,0,1,0,0,0,0,-1,0,0,0,,0,,0,,0,0,0,1
1723494707,772,4,4,8,8,11.879,0,0,0.10 | 0.11 | 0.11,0,2.48 | 3.34 | 4.44,0,0.90 | 1.20 | 1.62,0.953,0.000,0,1,0,0,0,0,-1,0,0,0,,0,,0,,0,0,0,1
1723494707,772,4,4,8,8,11.879,0,0,0.10 | 0.11 | 0.11,0,2.48 | 3.34 | 4.44,0,0.90 | 1.20 | 1.62,0.953,0.000,0,1,0,0,0,0,-1,0,0,0,,0,,0,,0,0,0,1
1723494707,772,4,4,8,8,11.879,0,0,0.10 | 0.11 | 0.11,0,2.48 | 3.34 | 4.44,0,0.90 | 1.20 | 1.62,0.953,0.000,0,1,0,0,0,0,-1,0,0,0,,0,,0,,0,0,0,1
1723494707,772,4,4,8,8,11.879,0,0,0.10 | 0.11 | 0.11,0,2.48 | 3.34 | 4.44,0,0.90 | 1.20 | 1.62,0.953,0.000,0,1,0,0,0,0,-1,0,0,0,,0,,0,,0,0,0,1
1723494707,772,4,4,8,8,11.879,0,0,0.10 | 0.11 | 0.11,0,2.48 | 3.34 | 4.44,0,0.90 | 1.20 | 1.62,0.953,0.000,0,1,0,0,0,0,-1,0,0,0,,0,,0,,0,0,0,1
1723494707,772,4,4,8,8,11.879,0,0,0.10 | 0.11 | 0.11,0,2.48 | 3.34 | 4.44,0,0.90 | 1.20 | 1.62,0.953,0.000,0,1,0,0,0,0,-1,0,0,0,,0,,0,,0,0,0,1
1723494708,772,4,4,8,8,10.955,0,0,0.10 | 0.11 | 0.11,0,2.48 | 3.34 | 4.44,0,0.90 | 1.20 | 1.62,0.953,0.000,0,1,0,0,0,0,-1,0,0,0,,0,,0,,0,0,0,1
1723494708,772,4,4,8,8,10.955,0,0,0.10 | 0.11 | 0.11,0,2.48 | 3.34 | 4.44,0,0.90 | 1.20 | 1.62,0.953,0.000,0,1,0,0,0,0,-1,0,0,0,,0,,0,,0,0,0,1
1723494708,772,4,4,8,8,10.955,0,0,0.10 | 0.11 | 0.11,0,2.48 | 3.34 | 4.44,0,0.90 | 1.20 | 1.62,0.953,0.000,0,1,0,0,0,0,-1,0,0,0,,0,,0,,0,0,0,1
1723494708,772,4,4,8,8,10.955,0,0,0.10 | 0.11 | 0.11,0,2.48 | 3.34 | 4.44,0,0.90 | 1.20 | 1.62,0.953,0.000,0,1,0,0,0,0,-1,0,0,0,,0,,0,,0,0,0,1
1723494708,772,4,4,8,8,10.955,0,0,0.10 | 0.11 | 0.11,0,2.48 | 3.34 | 4.44,0,0.90 | 1.20 | 1.62,0.953,0.000,0,1,0,0,0,0,-1,0,0,0,,0,,0,,0,0,0,1
1723494708,772,4,4,8,8,10.955,0,0,0.10 | 0.11 | 0.11,0,2.48 | 3.34 | 4.44,0,0.90 | 1.20 | 1.62,0.953,0.000,0,1,0,0,0,0,-1,0,0,0,,0,,0,,0,0,0,1
1723494708,772,4,4,8,8,10.955,0,0,0.10 | 0.11 | 0.11,0,2.48 | 3.34 | 4.44,0,0.90 | 1.20 | 1.62,0.953,0.000,0,1,0,0,0,0,-1,0,0,0,,0,,0,,0,0,0,1
1723494708,772,4,4,8,8,10.955,0,0,0.10 | 0.11 | 0.11,0,2.48 | 3.34 | 4.44,0,0.90 | 1.20 | 1.62,0.953,0.000,0,1,0,0,0,0,-1,0,0,0,,0,,0,,0,0,0,1
1723494708,772,4,4,8,8,10.955,0,0,0.10 | 0.11 | 0.11,0,2.48 | 3.34 | 4.44,0,0.90 | 1.20 | 1.62,0.953,0.000,0,1,0,0,0,0,-1,0,0,0,,0,,0,,0,0,0,1
1723494708,772,4,4,8,8,10.955,0,0,0.10 | 0.11 | 0.11,0,2.48 | 3.34 | 4.44,0,0.90 | 1.20 | 1.62,0.953,0.000,0,1,0,0,0,0,-1,0,0,0,,0,,0,,0,0,0,1
1723494709,772,4,4,8,8,9.893,0,0,0.10 | 0.11 | 0.11,0,2.48 | 3.34 | 4.44,0,0.90 | 1.20 | 1.62,0.953,0.000,0,1,0,0,0,0,-1,0,0,0,,0,,0,,0,0,0,1
1723494709,772,4,4,8,8,9.893,0,0,0.10 | 0.11 | 0.11,0,2.48 | 3.34 | 4.44,0,0.90 | 1.20 | 1.62,0.953,0.000,0,1,0,0,0,0,-1,0,0,0,,0,,0,,0,0,0,1
1723494709,772,4,4,8,8,9.893,0,0,0.10 | 0.11 | 0.11,0,2.48 | 3.34 | 4.44,0,0.90 | 1.20 | 1.62,0.953,0.000,0,1,0,0,0,0,-1,0,0,0,,0,,0,,0,0,0,1
1723494709,772,4,4,8,8,9.893,0,0,0.10 | 0.11 | 0.11,0,2.48 | 3.34 | 4.44,0,0.90 | 1.20 | 1.62,0.953,0.000,0,1,0,0,0,0,-1,0,0,0,,0,,0,,0,0,0,1
1723494709,772,4,4,8,8,9.893,0,0,0.10 | 0.11 | 0.11,0,2.48 | 3.34 | 4.44,0,0.90 | 1.20 | 1.62,0.953,0.000,0,1,0,0,0,0,-1,0,0,0,,0,,0,,0,0,0,1
1723494709,772,4,4,8,8,9.893,0,0,0.10 | 0.11 | 0.11,0,2.48 | 3.34 | 4.44,0,0.90 | 1.20 | 1.62,0.953,0.000,0,1,0,0,0,0,-1,0,0,0,,0,,0,,0,0,0,1
1723494709,772,4,4,8,8,9.893,0,0,0.10 | 0.11 | 0.11,0,2.48 | 3.34 | 4.44,0,0.90 | 1.20 | 1.62,0.953,0.000,0,1,0,0,0,0,-1,0,0,0,,0,,0,,0,0,0,1
1723494709,772,4,4,8,8,9.893,0,0,0.10 | 0.11 | 0.11,0,2.48 | 3.34 | 4.44,0,0.90 | 1.20 | 1.62,0.953,0.000,0,1,0,0,0,0,-1,0,0,0,,0,,0,,0,0,0,1
1723494709,772,4,4,8,8,9.893,0,0,0.10 | 0.11 | 0.11,0,2.48 | 3.34 | 4.44,0,0.90 | 1.20 | 1.62,0.953,0.000,0,1,0,0,0,0,-1,0,0,0,,0,,0,,0,0,0,1
1723494709,772,4,4,8,8,9.893,0,0,0.10 | 0.11 | 0.11,0,2.48 | 3.34 | 4.44,0,0.90 | 1.20 | 1.62,0.953,0.000,0,1,0,0,0,0,-1,0,0,0,,0,,0,,0,0,0,1
1723494710,772,4,4,8,8,11.987,0,0,0.10 | 0.11 | 0.11,0,2.68 | 3.39 | 4.44,0,0.90 | 1.18 | 1.49,0.954,0.000,0,1,0,0,0,0,-1,0,0,0,,0,,0,,0,0,0,1
1723494710,772,4,4,8,8,11.987,0,0,0.10 | 0.11 | 0.11,0,2.68 | 3.39 | 4.44,0,0.90 | 1.18 | 1.49,0.954,0.000,0,1,0,0,0,0,-1,0,0,0,,0,,0,,0,0,0,1
1723494710,772,4,4,8,8,11.987,0,0,0.10 | 0.11 | 0.11,0,2.68 | 3.39 | 4.44,0,0.90 | 1.18 | 1.49,0.954,0.000,0,1,0,0,0,0,-1,0,0,0,,0,,0,,0,0,0,1
1723494710,772,4,4,8,8,11.987,0,0,0.10 | 0.11 | 0.11,0,2.68 | 3.39 | 4.44,0,0.90 | 1.18 | 1.49,0.954,0.000,0,1,0,0,0,0,-1,0,0,0,,0,,0,,0,0,0,1
1723494710,772,4,4,8,8,11.987,0,0,0.10 | 0.11 | 0.11,0,2.68 | 3.39 | 4.44,0,0.90 | 1.18 | 1.49,0.954,0.000,0,1,0,0,0,0,-1,0,0,0,,0,,0,,0,0,0,1
1723494710,772,4,4,8,8,11.987,0,0,0.10 | 0.11 | 0.11,0,2.68 | 3.39 | 4.44,0,0.90 | 1.18 | 1.49,0.954,0.000,0,1,0,0,0,0,-1,0,0,0,,0,,0,,0,0,0,1
1723494710,772,4,4,8,8,11.987,0,0,0.10 | 0.11 | 0.11,0,2.68 | 3.39 | 4.44,0,0.90 | 1.18 | 1.49,0.954,0.000,0,1,0,0,0,0,-1,0,0,0,,0,,0,,0,0,0,1
1723494710,772,4,4,8,8,11.987,0,0,0.10 | 0.11 | 0.11,0,2.68 | 3.39 | 4.44,0,0.90 | 1.18 | 1.49,0.954,0.000,0,1,0,0,0,0,-1,0,0,0,,0,,0,,0,0,0,1
1723494710,772,4,4,8,8,11.987,0,0,0.10 | 0.11 | 0.11,0,2.68 | 3.39 | 4.44,0,0.90 | 1.18 | 1.49,0.954,0.000,0,1,0,0,0,0,-1,0,0,0,,0,,0,,0,0,0,1
1723494710,772,4,4,8,8,11.987,0,0,0.10 | 0.11 | 0.11,0,2.68 | 3.39 | 4.44,0,0.90 | 1.18 | 1.49,0.954,0.000,0,1,0,0,0,0,-1,0,0,0,,0,,0,,0,0,0,1
1723494711,772,4,4,8,8,11.233,0,0,0.10 | 0.11 | 0.11,0,2.68 | 3.39 | 4.44,0,0.90 | 1.18 | 1.49,0.954,0.000,0,1,0,0,0,0,-1,0,0,0,,0,,0,,0,0,0,1
1723494711,772,4,4,8,8,11.233,0,0,0.10 | 0.11 | 0.11,0,2.68 | 3.39 | 4.44,0,0.90 | 1.18 | 1.49,0.954,0.000,0,1,0,0,0,0,-1,0,0,0,,0,,0,,0,0,0,1
1723494711,772,4,4,8,8,11.233,0,0,0.10 | 0.11 | 0.11,0,2.68 | 3.39 | 4.44,0,0.90 | 1.18 | 1.49,0.954,0.000,0,1,0,0,0,0,-1,0,0,0,,0,,0,,0,0,0,1
1723494711,772,4,4,8,8,11.233,0,0,0.10 | 0.11 | 0.11,0,2.68 | 3.39 | 4.44,0,0.90 | 1.18 | 1.49,0.954,0.000,0,1,0,0,0,0,-1,0,0,0,,0,,0,,0,0,0,1
1723494711,772,4,4,8,8,11.233,0,0,0.10 | 0.11 | 0.11,0,2.68 | 3.39 | 4.44,0,0.90 | 1.18 | 1.49,0.954,0.000,0,1,0,0,0,0,-1,0,0,0,,0,,0,,0,0,0,1
1723494711,772,4,4,8,8,11.233,0,0,0.10 | 0.11 | 0.11,0,2.68 | 3.39 | 4.44,0,0.90 | 1.18 | 1.49,0.954,0.000,0,1,0,0,0,0,-1,0,0,0,,0,,0,,0,0,0,1
1723494711,772,4,4,8,8,11.233,0,0,0.10 | 0.11 | 0.11,0,2.68 | 3.39 | 4.44,0,0.90 | 1.18 | 1.49,0.954,0.000,0,1,0,0,0,0,-1,0,0,0,,0,,0,,0,0,0,1
1723494711,772,4,4,8,8,11.233,0,0,0.10 | 0.11 | 0.11,0,2.68 | 3.39 | 4.44,0,0.90 | 1.18 | 1.49,0.954,0.000,0,1,0,0,0,0,-1,0,0,0,,0,,0,,0,0,0,1
1723494711,772,4,4,8,8,11.233,0,0,0.10 | 0.11 | 0.11,0,2.68 | 3.39 | 4.44,0,0.90 | 1.18 | 1.49,0.954,0.000,0,1,0,0,0,0,-1,0,0,0,,0,,0,,0,0,0,1
1723494711,772,4,4,8,8,11.233,0,0,0.10 | 0.11 | 0.11,0,2.68 | 3.39 | 4.44,0,0.90 | 1.18 | 1.49,0.954,0.000,0,1,0,0,0,0,-1,0,0,0,,0,,0,,0,0,0,1
1723494712,772,4,4,8,8,10.171,0,0,0.10 | 0.11 | 0.11,0,2.68 | 3.39 | 4.44,0,0.90 | 1.18 | 1.49,0.954,0.000,0,1,0,0,0,0,-1,0,0,0,,0,,0,,0,0,0,1
1723494712,772,4,4,8,8,10.171,0,0,0.10 | 0.11 | 0.11,0,2.68 | 3.39 | 4.44,0,0.90 | 1.18 | 1.49,0.954,0.000,0,1,0,0,0,0,-1,0,0,0,,0,,0,,0,0,0,1
1723494712,772,4,4,8,8,10.171,0,0,0.10 | 0.11 | 0.11,0,2.68 | 3.39 | 4.44,0,0.90 | 1.18 | 1.49,0.954,0.000,0,1,0,0,0,0,-1,0,0,0,,0,,0,,0,0,0,1
1723494712,772,4,4,8,8,10.171,0,0,0.10 | 0.11 | 0.11,0,2.68 | 3.39 | 4.44,0,0.90 | 1.18 | 1.49,0.954,0.000,0,1,0,0,0,0,-1,0,0,0,,0,,0,,0,0,0,1
1723494712,772,4,4,8,8,10.171,0,0,0.10 | 0.11 | 0.11,0,2.68 | 3.39 | 4.44,0,0.90 | 1.18 | 1.49,0.954,0.000,0,1,0,0,0,0,-1,0,0,0,,0,,0,,0,0,0,1
1723494712,772,4,4,8,8,10.171,0,0,0.10 | 0.11 | 0.11,0,2.68 | 3.39 | 4.44,0,0.90 | 1.18 | 1.49,0.954,0.000,0,1,0,0,0,0,-1,0,0,0,,0,,0,,0,0,0,1
1723494712,772,4,4,8,8,10.171,0,0,0.10 | 0.11 | 0.11,0,2.68 | 3.39 | 4.44,0,0.90 | 1.18 | 1.49,0.954,0.000,0,1,0,0,0,0,-1,0,0,0,,0,,0,,0,0,0,1
1723494712,772,4,4,8,8,10.171,0,0,0.10 | 0.11 | 0.11,0,2.68 | 3.39 | 4.44,0,0.90 | 1.18 | 1.49,0.954,0.000,0,1,0,0,0,0,-1,0,0,0,,0,,0,,0,0,0,1
1723494712,772,4,4,8,8,10.171,0,0,0.10 | 0.11 | 0.11,0,2.68 | 3.39 | 4.44,0,0.90 | 1.18 | 1.49,0.954,0.000,0,1,0,0,0,0,-1,0,0,0,,0,,0,,0,0,0,1
1723494712,772,4,4,8,8,10.171,0,0,0.10 | 0.11 | 0.11,0,2.68 | 3.39 | 4.44,0,0.90 | 1.18 | 1.49,0.954,0.000,0,1,0,0,0,0,-1,0,0,0,,0,,0,,0,0,0,1
1723494713,772,4,4,8,8,9.108,0,0,0.10 | 0.11 | 0.11,0,2.68 | 3.39 | 4.44,0,0.90 | 1.18 | 1.49,0.954,0.000,0,1,0,0,0,0,-1,0,0,0,,0,,0,,0,0,0,1
1723494713,772,4,4,8,8,9.108,0,0,0.10 | 0.11 | 0.11,0,2.68 | 3.39 | 4.44,0,0.90 | 1.18 | 1.49,0.954,0.000,0,1,0,0,0,0,-1,0,0,0,,0,,0,,0,0,0,1
1723494713,772,4,4,8,8,9.108,0,0,0.10 | 0.11 | 0.11,0,2.68 | 3.39 | 4.44,0,0.90 | 1.18 | 1.49,0.954,0.000,0,1,0,0,0,0,-1,0,0,0,,0,,0,,0,0,0,1
1723494713,772,4,4,8,8,9.108,0,0,0.10 | 0.11 | 0.11,0,2.68 | 3.39 | 4.44,0,0.90 | 1.18 | 1.49,0.954,0.000,0,1,0,0,0,0,-1,0,0,0,,0,,0,,0,0,0,1
1723494713,772,4,4,8,8,9.108,0,0,0.10 | 0.11 | 0.11,0,2.68 | 3.39 | 4.44,0,0.90 | 1.18 | 1.49,0.954,0.000,0,1,0,0,0,0,-1,0,0,0,,0,,0,,0,0,0,1
1723494713,772,4,4,8,8,9.108,0,0,0.10 | 0.11 | 0.11,0,2.68 | 3.39 | 4.44,0,0.90 | 1.18 | 1.49,0.954,0.000,0,1,0,0,0,0,-1,0,0,0,,0,,0,,0,0,0,1
1723494713,772,4,4,8,8,9.108,0,0,0.10 | 0.11 | 0.11,0,2.68 | 3.39 | 4.44,0,0.90 | 1.18 | 1.49,0.954,0.000,0,1,0,0,0,0,-1,0,0,0,,0,,0,,0,0,0,1
1723494713,772,4,4,8,8,9.108,0,0,0.10 | 0.11 | 0.11,0,2.68 | 3.39 | 4.44,0,0.90 | 1.18 | 1.49,0.954,0.000,0,1,0,0,0,0,-1,0,0,0,,0,,0,,0,0,0,1
1723494713,772,4,4,8,8,9.108,0,0,0.10 | 0.11 | 0.11,0,2.68 | 3.39 | 4.44,0,0.90 | 1.18 | 1.49,0.954,0.000,0,1,0,0,0,0,-1,0,0,0,,0,,0,,0,0,0,1
1723494713,772,4,4,8,8,9.108,0,0,0.10 | 0.11 | 0.11,0,2.68 | 3.39 | 4.44,0,0.90 | 1.18 | 1.49,0.954,0.000,0,1,0,0,0,0,-1,0,0,0,,0,,0,,0,0,0,1
1723494714,772,4,4,8,8,8.046,0,0,0.10 | 0.11 | 0.11,0,2.68 | 3.39 | 4.44,0,0.90 | 1.18 | 1.49,0.954,0.000,0,1,0,0,0,0,-1,0,0,0,,0,,0,,0,0,0,1
1723494714,772,4,4,8,8,8.046,0,0,0.10 | 0.11 | 0.11,0,2.68 | 3.39 | 4.44,0,0.90 | 1.18 | 1.49,0.954,0.000,0,1,0,0,0,0,-1,0,0,0,,0,,0,,0,0,0,1
1723494714,772,4,4,8,8,8.046,0,0,0.10 | 0.11 | 0.11,0,2.68 | 3.39 | 4.44,0,0.90 | 1.18 | 1.49,0.954,0.000,0,1,0,0,0,0,-1,0,0,0,,0,,0,,0,0,0,1
1723494714,772,4,4,8,8,8.046,0,0,0.10 | 0.11 | 0.11,0,2.68 | 3.39 | 4.44,0,0.90 | 1.18 | 1.49,0.954,0.000,0,1,0,0,0,0,-1,0,0,0,,0,,0,,0,0,0,1
1723494714,772,4,4,8,8,8.046,0,0,0.10 | 0.11 | 0.11,0,2.68 | 3.39 | 4.44,0,0.90 | 1.18 | 1.49,0.954,0.000,0,1,0,0,0,0,-1,0,0,0,,0,,0,,0,0,0,1
1723494714,772,4,4,8,8,8.046,0,0,0.10 | 0.11 | 0.11,0,2.68 | 3.39 | 4.44,0,0.90 | 1.18 | 1.49,0.954,0.000,0,1,0,0,0,0,-1,0,0,0,,0,,0,,0,0,0,1
1723494714,772,4,4,8,8,8.046,0,0,0.10 | 0.11 | 0.11,0,2.68 | 3.39 | 4.44,0,0.90 | 1.18 | 1.49,0.954,0.000,0,1,0,0,0,0,-1,0,0,0,,0,,0,,0,0,0,1
1723494714,772,4,4,8,8,8.046,0,0,0.10 | 0.11 | 0.11,0,2.68 | 3.39 | 4.44,0,0.90 | 1.18 | 1.49,0.954,0.000,0,1,0,0,0,0,-1,0,0,0,,0,,0,,0,0,0,1
1723494714,772,4,4,8,8,8.046,0,0,0.10 | 0.11 | 0.11,0,2.68 | 3.39 | 4.44,0,0.90 | 1.18 | 1.49,0.954,0.000,0,1,0,0,0,0,-1,0,0,0,,0,,0,,0,0,0,1
1723494714,772,4,4,8,8,8.046,0,0,0.10 | 0.11 | 0.11,0,2.68 | 3.39 | 4.44,0,0.90 | 1.18 | 1.49,0.954,0.000,0,1,0,0,0,0,-1,0,0,0,,0,,0,,0,0,0,1
1723494715,772,4,4,8,8,11.783,0,0,0.10 | 0.11 | 0.11,0,2.68 | 3.53 | 4.44,0,0.90 | 1.13 | 1.49,0.953,0.000,0,1,0,0,0,0,-1,0,0,0,,0,,0,,0,0,0,1
1723494715,772,4,4,8,8,11.783,0,0,0.10 | 0.11 | 0.11,0,2.68 | 3.53 | 4.44,0,0.90 | 1.13 | 1.49,0.953,0.000,0,1,0,0,0,0,-1,0,0,0,,0,,0,,0,0,0,1
1723494715,772,4,4,8,8,11.783,0,0,0.10 | 0.11 | 0.11,0,2.68 | 3.53 | 4.44,0,0.90 | 1.13 | 1.49,0.953,0.000,0,1,0,0,0,0,-1,0,0,0,,0,,0,,0,0,0,1
1723494715,772,4,4,8,8,11.783,0,0,0.10 | 0.11 | 0.11,0,2.68 | 3.53 | 4.44,0,0.90 | 1.13 | 1.49,0.953,0.000,0,1,0,0,0,0,-1,0,0,0,,0,,0,,0,0,0,1
1723494715,772,4,4,8,8,11.783,0,0,0.10 | 0.11 | 0.11,0,2.68 | 3.53 | 4.44,0,0.90 | 1.13 | 1.49,0.953,0.000,0,1,0,0,0,0,-1,0,0,0,,0,,0,,0,0,0,1
1723494715,772,4,4,8,8,11.783,0,0,0.10 | 0.11 | 0.11,0,2.68 | 3.53 | 4.44,0,0.90 | 1.13 | 1.49,0.953,0.000,0,1,0,0,0,0,-1,0,0,0,,0,,0,,0,0,0,1
1723494715,772,4,4,8,8,11.783,0,0,0.10 | 0.11 | 0.11,0,2.68 | 3.53 | 4.44,0,0.90 | 1.13 | 1.49,0.953,0.000,0,1,0,0,0,0,-1,0,0,0,,0,,0,,0,0,0,1
1723494715,772,4,4,8,8,11.783,0,0,0.10 | 0.11 | 0.11,0,2.68 | 3.53 | 4.44,0,0.90 | 1.13 | 1.49,0.953,0.000,0,1,0,0,0,0,-1,0,0,0,,0,,0,,0,0,0,1
1723494715,772,4,4,8,8,11.783,0,0,0.10 | 0.11 | 0.11,0,2.68 | 3.53 | 4.44,0,0.90 | 1.13 | 1.49,0.953,0.000,0,1,0,0,0,0,-1,0,0,0,,0,,0,,0,0,0,1
1723494715,772,4,4,8,8,11.783,0,0,0.10 | 0.11 | 0.11,0,2.68 | 3.53 | 4.44,0,0.90 | 1.13 | 1.49,0.953,0.000,0,1,0,0,0,0,-1,0,0,0,,0,,0,,0,0,0,1
1723494716,772,4,4,8,8,10.987,0,0,0.10 | 0.11 | 0.11,0,2.68 | 3.53 | 4.44,0,0.90 | 1.13 | 1.49,0.953,0.000,0,1,0,0,0,0,-1,0,0,0,,0,,0,,0,0,0,1
1723494716,772,4,4,8,8,10.987,0,0,0.10 | 0.11 | 0.11,0,2.68 | 3.53 | 4.44,0,0.90 | 1.13 | 1.49,0.953,0.000,0,1,0,0,0,0,-1,0,0,0,,0,,0,,0,0,0,1
1723494716,772,4,4,8,8,10.987,0,0,0.10 | 0.11 | 0.11,0,2.68 | 3.53 | 4.44,0,0.90 | 1.13 | 1.49,0.953,0.000,0,1,0,0,0,0,-1,0,0,0,,0,,0,,0,0,0,1
1723494716,772,4,4,8,8,10.987,0,0,0.10 | 0.11 | 0.11,0,2.68 | 3.53 | 4.44,0,0.90 | 1.13 | 1.49,0.953,0.000,0,1,0,0,0,0,-1,0,0,0,,0,,0,,0,0,0,1
1723494716,772,4,4,8,8,10.987,0,0,0.10 | 0.11 | 0.11,0,2.68 | 3.53 | 4.44,0,0.90 | 1.13 | 1.49,0.953,0.000,0,1,0,0,0,0,-1,0,0,0,,0,,0,,0,0,0,1
1723494716,772,4,4,8,8,10.987,0,0,0.10 | 0.11 | 0.11,0,2.68 | 3.53 | 4.44,0,0.90 | 1.13 | 1.49,0.953,0.000,0,1,0,0,0,0,-1,0,0,0,,0,,0,,0,0,0,1
1723494716,772,4,4,8,8,10.987,0,0,0.10 | 0.11 | 0.11,0,2.68 | 3.53 | 4.44,0,0.90 | 1.13 | 1.49,0.953,0.000,0,1,0,0,0,0,-1,0,0,0,,0,,0,,0,0,0,1
1723494716,772,4,4,8,8,10.987,0,0,0.10 | 0.11 | 0.11,0,2.68 | 3.53 | 4.44,0,0.90 | 1.13 | 1.49,0.953,0.000,0,1,0,0,0,0,-1,0,0,0,,0,,0,,0,0,0,1
1723494716,772,4,4,8,8,10.987,0,0,0.10 | 0.11 | 0.11,0,2.68 | 3.53 | 4.44,0,0.90 | 1.13 | 1.49,0.953,0.000,0,1,0,0,0,0,-1,0,0,0,,0,,0,,0,0,0,1
1723494716,772,4,4,8,8,10.987,0,0,0.10 | 0.11 | 0.11,0,2.68 | 3.53 | 4.44,0,0.90 | 1.13 | 1.49,0.953,0.000,0,1,0,0,0,0,-1,0,0,0,,0,,0,,0,0,0,1
1723494717,772,4,4,8,8,9.924,0,0,0.10 | 0.11 | 0.11,0,2.68 | 3.53 | 4.44,0,0.90 | 1.13 | 1.49,0.953,0.000,0,1,0,0,0,0,-1,0,0,0,,0,,0,,0,0,0,1
1723494717,772,4,4,8,8,9.924,0,0,0.10 | 0.11 | 0.11,0,2.68 | 3.53 | 4.44,0,0.90 | 1.13 | 1.49,0.953,0.000,0,1,0,0,0,0,-1,0,0,0,,0,,0,,0,0,0,1
1723494717,772,4,4,8,8,9.924,0,0,0.10 | 0.11 | 0.11,0,2.68 | 3.53 | 4.44,0,0.90 | 1.13 | 1.49,0.953,0.000,0,1,0,0,0,0,-1,0,0,0,,0,,0,,0,0,0,1
1723494717,772,4,4,8,8,9.924,0,0,0.10 | 0.11 | 0.11,0,2.68 | 3.53 | 4.44,0,0.90 | 1.13 | 1.49,0.953,0.000,0,1,0,0,0,0,-1,0,0,0,,0,,0,,0,0,0,1
1723494717,772,4,4,8,8,9.924,0,0,0.10 | 0.11 | 0.11,0,2.68 | 3.53 | 4.44,0,0.90 | 1.13 | 1.49,0.953,0.000,0,1,0,0,0,0,-1,0,0,0,,0,,0,,0,0,0,1
1723494717,772,4,4,8,8,9.924,0,0,0.10 | 0.11 | 0.11,0,2.68 | 3.53 | 4.44,0,0.90 | 1.13 | 1.49,0.953,0.000,0,1,0,0,0,0,-1,0,0,0,,0,,0,,0,0,0,1
1723494717,772,4,4,8,8,9.924,0,0,0.10 | 0.11 | 0.11,0,2.68 | 3.53 | 4.44,0,0.90 | 1.13 | 1.49,0.953,0.000,0,1,0,0,0,0,-1,0,0,0,,0,,0,,0,0,0,1
1723494717,772,4,4,8,8,9.924,0,0,0.10 | 0.11 | 0.11,0,2.68 | 3.53 | 4.44,0,0.90 | 1.13 | 1.49,0.953,0.000,0,1,0,0,0,0,-1,0,0,0,,0,,0,,0,0,0,1
1723494717,772,4,4,8,8,9.924,0,0,0.10 | 0.11 | 0.11,0,2.68 | 3.53 | 4.44,0,0.90 | 1.13 | 1.49,0.953,0.000,0,1,0,0,0,0,-1,0,0,0,,0,,0,,0,0,0,1
1723494717,772,4,4,8,8,9.924,0,0,0.10 | 0.11 | 0.11,0,2.68 | 3.53 | 4.44,0,0.90 | 1.13 | 1.49,0.953,0.000,0,1,0,0,0,0,-1,0,0,0,,0,,0,,0,0,0,1
1723494718,772,4,4,8,8,11.999,0,0,0.11 | 0.11 | 0.11,0,2.68 | 3.50 | 4.44,0,0.90 | 1.14 | 1.49,0.953,0.000,0,1,0,0,0,0,-1,0,0,0,,0,,0,,0,0,0,1
1723494718,772,4,4,8,8,11.999,0,0,0.11 | 0.11 | 0.11,0,2.68 | 3.50 | 4.44,0,0.90 | 1.14 | 1.49,0.953,0.000,0,1,0,0,0,0,-1,0,0,0,,0,,0,,0,0,0,1
1723494718,772,4,4,8,8,11.999,0,0,0.11 | 0.11 | 0.11,0,2.68 | 3.50 | 4.44,0,0.90 | 1.14 | 1.49,0.953,0.000,0,1,0,0,0,0,-1,0,0,0,,0,,0,,0,0,0,1
1723494718,772,4,4,8,8,11.999,0,0,0.11 | 0.11 | 0.11,0,2.68 | 3.50 | 4.44,0,0.90 | 1.14 | 1.49,0.953,0.000,0,1,0,0,0,0,-1,0,0,0,,0,,0,,0,0,0,1
1723494718,772,4,4,8,8,11.999,0,0,0.11 | 0.11 | 0.11,0,2.68 | 3.50 | 4.44,0,0.90 | 1.14 | 1.49,0.953,0.000,0,1,0,0,0,0,-1,0,0,0,,0,,0,,0,0,0,1
1723494718,772,4,4,8,8,11.999,0,0,0.11 | 0.11 | 0.11,0,2.68 | 3.50 | 4.44,0,0.90 | 1.14 | 1.49,0.953,0.000,0,1,0,0,0,0,-1,0,0,0,,0,,0,,0,0,0,1
1723494718,772,4,4,8,8,11.999,0,0,0.11 | 0.11 | 0.11,0,2.68 | 3.50 | 4.44,0,0.90 | 1.14 | 1.49,0.953,0.000,0,1,0,0,0,0,-1,0,0,0,,0,,0,,0,0,0,1
1723494718,772,4,4,8,8,11.999,0,0,0.11 | 0.11 | 0.11,0,2.68 | 3.50 | 4.44,0,0.90 | 1.14 | 1.49,0.953,0.000,0,1,0,0,0,0,-1,0,0,0,,0,,0,,0,0,0,1
1723494718,772,4,4,8,8,11.999,0,0,0.11 | 0.11 | 0.11,0,2.68 | 3.50 | 4.44,0,0.90 | 1.14 | 1.49,0.953,0.000,0,1,0,0,0,0,-1,0,0,0,,0,,0,,0,0,0,1
1723494718,772,4,4,8,8,11.999,0,0,0.11 | 0.11 | 0.11,0,2.68 | 3.50 | 4.44,0,0.90 | 1.14 | 1.49,0.953,0.000,0,1,0,0,0,0,-1,0,0,0,,0,,0,,0,0,0,1
1723494719,772,4,4,8,8,10.999,0,0,0.11 | 0.11 | 0.11,0,2.68 | 3.50 | 4.44,0,0.90 | 1.14 | 1.49,0.953,0.000,0,1,0,0,0,0,-1,0,0,0,,0,,0,,0,0,0,1
1723494719,772,4,4,8,8,10.999,0,0,0.11 | 0.11 | 0.11,0,2.68 | 3.50 | 4.44,0,0.90 | 1.14 | 1.49,0.953,0.000,0,1,0,0,0,0,-1,0,0,0,,0,,0,,0,0,0,1
1723494719,772,4,4,8,8,10.999,0,0,0.11 | 0.11 | 0.11,0,2.68 | 3.50 | 4.44,0,0.90 | 1.14 | 1.49,0.953,0.000,0,1,0,0,0,0,-1,0,0,0,,0,,0,,0,0,0,1
1723494719,772,4,4,8,8,10.999,0,0,0.11 | 0.11 | 0.11,0,2.68 | 3.50 | 4.44,0,0.90 | 1.14 | 1.49,0.953,0.000,0,1,0,0,0,0,-1,0,0,0,,0,,0,,0,0,0,1
1723494719,772,4,4,8,8,10.999,0,0,0.11 | 0.11 | 0.11,0,2.68 | 3.50 | 4.44,0,0.90 | 1.14 | 1.49,0.953,0.000,0,1,0,0,0,0,-1,0,0,0,,0,,0,,0,0,0,1
1723494719,772,4,4,8,8,10.999,0,0,0.11 | 0.11 | 0.11,0,2.68 | 3.50 | 4.44,0,0.90 | 1.14 | 1.49,0.953,0.000,0,1,0,0,0,0,-1,0,0,0,,0,,0,,0,0,0,1
1723494719,772,4,4,8,8,10.999,0,0,0.11 | 0.11 | 0.11,0,2.68 | 3.50 | 4.44,0,0.90 | 1.14 | 1.49,0.953,0.000,0,1,0,0,0,0,-1,0,0,0,,0,,0,,0,0,0,1
1723494719,772,4,4,8,8,10.999,0,0,0.11 | 0.11 | 0.11,0,2.68 | 3.50 | 4.44,0,0.90 | 1.14 | 1.49,0.953,0.000,0,1,0,0,0,0,-1,0,0,0,,0,,0,,0,0,0,1
1723494719,772,4,4,8,8,10.999,0,0,0.11 | 0.11 | 0.11,0,2.68 | 3.50 | 4.44,0,0.90 | 1.14 | 1.49,0.953,0.000,0,1,0,0,0,0,-1,0,0,0,,0,,0,,0,0,0,1
1723494719,772,4,4,8,8,10.999,0,0,0.11 | 0.11 | 0.11,0,2.68 | 3.50 | 4.44,0,0.90 | 1.14 | 1.49,0.953,0.000,0,1,0,0,0,0,-1,0,0,0,,0,,0,,0,0,0,1
1723494720,772,4,4,8,8,9.987,0,0,0.11 | 0.11 | 0.11,0,2.68 | 3.50 | 4.44,0,0.90 | 1.14 | 1.49,0.953,0.000,0,1,0,0,0,0,-1,0,0,0,,0,,0,,0,0,0,1
1723494720,772,4,4,8,8,9.987,0,0,0.11 | 0.11 | 0.11,0,2.68 | 3.50 | 4.44,0,0.90 | 1.14 | 1.49,0.953,0.000,0,1,0,0,0,0,-1,0,0,0,,0,,0,,0,0,0,1
1723494720,772,4,4,8,8,9.987,0,0,0.11 | 0.11 | 0.11,0,2.68 | 3.50 | 4.44,0,0.90 | 1.14 | 1.49,0.953,0.000,0,1,0,0,0,0,-1,0,0,0,,0,,0,,0,0,0,1
1723494720,772,4,4,8,8,9.987,0,0,0.11 | 0.11 | 0.11,0,2.68 | 3.50 | 4.44,0,0.90 | 1.14 | 1.49,0.953,0.000,0,1,0,0,0,0,-1,0,0,0,,0,,0,,0,0,0,1
1723494720,772,4,4,8,8,9.987,0,0,0.11 | 0.11 | 0.11,0,2.68 | 3.50 | 4.44,0,0.90 | 1.14 | 1.49,0.953,0.000,0,1,0,0,0,0,-1,0,0,0,,0,,0,,0,0,0,1
1723494720,772,4,4,8,8,9.987,0,0,0.11 | 0.11 | 0.11,0,2.68 | 3.50 | 4.44,0,0.90 | 1.14 | 1.49,0.953,0.000,0,1,0,0,0,0,-1,0,0,0,,0,,0,,0,0,0,1
1723494720,772,4,4,8,8,9.987,0,0,0.11 | 0.11 | 0.11,0,2.68 | 3.50 | 4.44,0,0.90 | 1.14 | 1.49,0.953,0.000,0,1,0,0,0,0,-1,0,0,0,,0,,0,,0,0,0,1
1723494720,772,4,4,8,8,9.987,0,0,0.11 | 0.11 | 0.11,0,2.68 | 3.50 | 4.44,0,0.90 | 1.14 | 1.49,0.953,0.000,0,1,0,0,0,0,-1,0,0,0,,0,,0,,0,0,0,1
1723494720,772,4,4,8,8,9.987,0,0,0.11 | 0.11 | 0.11,0,2.68 | 3.50 | 4.44,0,0.90 | 1.14 | 1.49,0.953,0.000,0,1,0,0,0,0,-1,0,0,0,,0,,0,,0,0,0,1
1723494720,772,4,4,8,8,9.987,0,0,0.11 | 0.11 | 0.11,0,2.68 | 3.50 | 4.44,0,0.90 | 1.14 | 1.49,0.953,0.000,0,1,0,0,0,0,-1,0,0,0,,0,,0,,0,0,0,1
1723494721,772,4,4,8,8,9.108,0,0,0.11 | 0.11 | 0.11,0,2.68 | 3.50 | 4.44,0,0.90 | 1.14 | 1.49,0.953,0.000,0,1,0,0,0,0,-1,0,0,0,,0,,0,,0,0,0,1
1723494721,772,4,4,8,8,9.108,0,0,0.11 | 0.11 | 0.11,0,2.68 | 3.50 | 4.44,0,0.90 | 1.14 | 1.49,0.953,0.000,0,1,0,0,0,0,-1,0,0,0,,0,,0,,0,0,0,1
1723494721,772,4,4,8,8,9.108,0,0,0.11 | 0.11 | 0.11,0,2.68 | 3.50 | 4.44,0,0.90 | 1.14 | 1.49,0.953,0.000,0,1,0,0,0,0,-1,0,0,0,,0,,0,,0,0,0,1
1723494721,772,4,4,8,8,9.108,0,0,0.11 | 0.11 | 0.11,0,2.68 | 3.50 | 4.44,0,0.90 | 1.14 | 1.49,0.953,0.000,0,1,0,0,0,0,-1,0,0,0,,0,,0,,0,0,0,1
1723494721,772,4,4,8,8,9.108,0,0,0.11 | 0.11 | 0.11,0,2.68 | 3.50 | 4.44,0,0.90 | 1.14 | 1.49,0.953,0.000,0,1,0,0,0,0,-1,0,0,0,,0,,0,,0,0,0,1
1723494721,772,4,4,8,8,9.108,0,0,0.11 | 0.11 | 0.11,0,2.68 | 3.50 | 4.44,0,0.90 | 1.14 | 1.49,0.953,0.000,0,1,0,0,0,0,-1,0,0,0,,0,,0,,0,0,0,1
1723494721,772,4,4,8,8,9.108,0,0,0.11 | 0.11 | 0.11,0,2.68 | 3.50 | 4.44,0,0.90 | 1.14 | 1.49,0.953,0.000,0,1,0,0,0,0,-1,0,0,0,,0,,0,,0,0,0,1
1723494721,772,4,4,8,8,9.108,0,0,0.11 | 0.11 | 0.11,0,2.68 | 3.50 | 4.44,0,0.90 | 1.14 | 1.49,0.953,0.000,0,1,0,0,0,0,-1,0,0,0,,0,,0,,0,0,0,1
1723494721,772,4,4,8,8,9.108,0,0,0.11 | 0.11 | 0.11,0,2.68 | 3.50 | 4.44,0,0.90 | 1.14 | 1.49,0.953,0.000,0,1,0,0,0,0,-1,0,0,0,,0,,0,,0,0,0,1
1723494721,772,4,4,8,8,9.108,0,0,0.11 | 0.11 | 0.11,0,2.68 | 3.50 | 4.44,0,0.90 | 1.14 | 1.49,0.953,0.000,0,1,0,0,0,0,-1,0,0,0,,0,,0,,0,0,0,1
1723494722,772,4,4,8,8,8.046,0,0,0.11 | 0.11 | 0.11,0,2.68 | 3.50 | 4.44,0,0.90 | 1.14 | 1.49,0.953,0.000,0,1,0,0,0,0,-1,0,0,0,,0,,0,,0,0,0,1
1723494722,772,4,4,8,8,8.046,0,0,0.11 | 0.11 | 0.11,0,2.68 | 3.50 | 4.44,0,0.90 | 1.14 | 1.49,0.953,0.000,0,1,0,0,0,0,-1,0,0,0,,0,,0,,0,0,0,1
1723494722,772,4,4,8,8,8.046,0,0,0.11 | 0.11 | 0.11,0,2.68 | 3.50 | 4.44,0,0.90 | 1.14 | 1.49,0.953,0.000,0,1,0,0,0,0,-1,0,0,0,,0,,0,,0,0,0,1
1723494722,772,4,4,8,8,8.046,0,0,0.11 | 0.11 | 0.11,0,2.68 | 3.50 | 4.44,0,0.90 | 1.14 | 1.49,0.953,0.000,0,1,0,0,0,0,-1,0,0,0,,0,,0,,0,0,0,1
1723494722,772,4,4,8,8,8.046,0,0,0.11 | 0.11 | 0.11,0,2.68 | 3.50 | 4.44,0,0.90 | 1.14 | 1.49,0.953,0.000,0,1,0,0,0,0,-1,0,0,0,,0,,0,,0,0,0,1
1723494722,772,4,4,8,8,8.046,0,0,0.11 | 0.11 | 0.11,0,2.68 | 3.50 | 4.44,0,0.90 | 1.14 | 1.49,0.953,0.000,0,1,0,0,0,0,-1,0,0,0,,0,,0,,0,0,0,1
1723494722,772,4,4,8,8,8.046,0,0,0.11 | 0.11 | 0.11,0,2.68 | 3.50 | 4.44,0,0.90 | 1.14 | 1.49,0.953,0.000,0,1,0,0,0,0,-1,0,0,0,,0,,0,,0,0,0,1
1723494722,772,4,4,8,8,8.046,0,0,0.11 | 0.11 | 0.11,0,2.68 | 3.50 | 4.44,0,0.90 | 1.14 | 1.49,0.953,0.000,0,1,0,0,0,0,-1,0,0,0,,0,,0,,0,0,0,1
1723494722,772,4,4,8,8,8.046,0,0,0.11 | 0.11 | 0.11,0,2.68 | 3.50 | 4.44,0,0.90 | 1.14 | 1.49,0.953,0.000,0,1,0,0,0,0,-1,0,0,0,,0,,0,,0,0,0,1
1723494722,772,4,4,8,8,8.046,0,0,0.11 | 0.11 | 0.11,0,2.68 | 3.50 | 4.44,0,0.90 | 1.14 | 1.49,0.953,0.000,0,1,0,0,0,0,-1,0,0,0,,0,,0,,0,0,0,1
1723494723,772,4,4,8,8,11.783,0,0,0.11 | 0.11 | 0.11,0,2.68 | 3.40 | 4.21,0,0.95 | 1.18 | 1.49,0.953,0.000,0,1,0,0,0,0,-1,0,0,0,,0,,0,,0,0,0,1
1723494723,772,4,4,8,8,11.783,0,0,0.11 | 0.11 | 0.11,0,2.68 | 3.40 | 4.21,0,0.95 | 1.18 | 1.49,0.953,0.000,0,1,0,0,0,0,-1,0,0,0,,0,,0,,0,0,0,1
1723494723,772,4,4,8,8,11.783,0,0,0.11 | 0.11 | 0.11,0,2.68 | 3.40 | 4.21,0,0.95 | 1.18 | 1.49,0.953,0.000,0,1,0,0,0,0,-1,0,0,0,,0,,0,,0,0,0,1
1723494723,772,4,4,8,8,11.783,0,0,0.11 | 0.11 | 0.11,0,2.68 | 3.40 | 4.21,0,0.95 | 1.18 | 1.49,0.953,0.000,0,1,0,0,0,0,-1,0,0,0,,0,,0,,0,0,0,1
1723494723,772,4,4,8,8,11.783,0,0,0.11 | 0.11 | 0.11,0,2.68 | 3.40 | 4.21,0,0.95 | 1.18 | 1.49,0.953,0.000,0,1,0,0,0,0,-1,0,0,0,,0,,0,,0,0,0,1
1723494723,772,4,4,8,8,11.783,0,0,0.11 | 0.11 | 0.11,0,2.68 | 3.40 | 4.21,0,0.95 | 1.18 | 1.49,0.953,0.000,0,1,0,0,0,0,-1,0,0,0,,0,,0,,0,0,0,1
1723494723,772,4,4,8,8,11.783,0,0,0.11 | 0.11 | 0.11,0,2.68 | 3.40 | 4.21,0,0.95 | 1.18 | 1.49,0.953,0.000,0,1,0,0,0,0,-1,0,0,0,,0,,0,,0,0,0,1
1723494723,772,4,4,8,8,11.783,0,0,0.11 | 0.11 | 0.11,0,2.68 | 3.40 | 4.21,0,0.95 | 1.18 | 1.49,0.953,0.000,0,1,0,0,0,0,-1,0,0,0,,0,,0,,0,0,0,1
1723494723,772,4,4,8,8,11.783,0,0,0.11 | 0.11 | 0.11,0,2.68 | 3.40 | 4.21,0,0.95 | 1.18 | 1.49,0.953,0.000,0,1,0,0,0,0,-1,0,0,0,,0,,0,,0,0,0,1
1723494723,772,4,4,8,8,11.783,0,0,0.11 | 0.11 | 0.11,0,2.68 | 3.40 | 4.21,0,0.95 | 1.18 | 1.49,0.953,0.000,0,1,0,0,0,0,-1,0,0,0,,0,,0,,0,0,0,1
1723494724,772,4,4,8,8,10.987,0,0,0.11 | 0.11 | 0.11,0,2.68 | 3.40 | 4.21,0,0.95 | 1.18 | 1.49,0.953,0.000,0,1,0,0,0,0,-1,0,0,0,,0,,0,,0,0,0,1
1723494724,772,4,4,8,8,10.987,0,0,0.11 | 0.11 | 0.11,0,2.68 | 3.40 | 4.21,0,0.95 | 1.18 | 1.49,0.953,0.000,0,1,0,0,0,0,-1,0,0,0,,0,,0,,0,0,0,1
1723494724,772,4,4,8,8,10.987,0,0,0.11 | 0.11 | 0.11,0,2.68 | 3.40 | 4.21,0,0.95 | 1.18 | 1.49,0.953,0.000,0,1,0,0,0,0,-1,0,0,0,,0,,0,,0,0,0,1
1723494724,772,4,4,8,8,10.987,0,0,0.11 | 0.11 | 0.11,0,2.68 | 3.40 | 4.21,0,0.95 | 1.18 | 1.49,0.953,0.000,0,1,0,0,0,0,-1,0,0,0,,0,,0,,0,0,0,1
1723494724,772,4,4,8,8,10.987,0,0,0.11 | 0.11 | 0.11,0,2.68 | 3.40 | 4.21,0,0.95 | 1.18 | 1.49,0.953,0.000,0,1,0,0,0,0,-1,0,0,0,,0,,0,,0,0,0,1
1723494724,772,4,4,8,8,10.987,0,0,0.11 | 0.11 | 0.11,0,2.68 | 3.40 | 4.21,0,0.95 | 1.18 | 1.49,0.953,0.000,0,1,0,0,0,0,-1,0,0,0,,0,,0,,0,0,0,1
1723494724,772,4,4,8,8,10.987,0,0,0.11 | 0.11 | 0.11,0,2.68 | 3.40 | 4.21,0,0.95 | 1.18 | 1.49,0.953,0.000,0,1,0,0,0,0,-1,0,0,0,,0,,0,,0,0,0,1
1723494724,772,4,4,8,8,10.987,0,0,0.11 | 0.11 | 0.11,0,2.68 | 3.40 | 4.21,0,0.95 | 1.18 | 1.49,0.953,0.000,0,1,0,0,0,0,-1,0,0,0,,0,,0,,0,0,0,1
1723494724,772,4,4,8,8,10.987,0,0,0.11 | 0.11 | 0.11,0,2.68 | 3.40 | 4.21,0,0.95 | 1.18 | 1.49,0.953,0.000,0,1,0,0,0,0,-1,0,0,0,,0,,0,,0,0,0,1
1723494724,772,4,4,8,8,10.987,0,0,0.11 | 0.11 | 0.11,0,2.68 | 3.40 | 4.21,0,0.95 | 1.18 | 1.49,0.953,0.000,0,1,0,0,0,0,-1,0,0,0,,0,,0,,0,0,0,1
1723494725,772,4,4,8,8,9.924,0,0,0.11 | 0.11 | 0.11,0,2.68 | 3.40 | 4.21,0,0.95 | 1.18 | 1.49,0.953,0.000,0,1,0,0,0,0,-1,0,0,0,,0,,0,,0,0,0,1
1723494725,772,4,4,8,8,9.924,0,0,0.11 | 0.11 | 0.11,0,2.68 | 3.40 | 4.21,0,0.95 | 1.18 | 1.49,0.953,0.000,0,1,0,0,0,0,-1,0,0,0,,0,,0,,0,0,0,1
1723494725,772,4,4,8,8,9.924,0,0,0.11 | 0.11 | 0.11,0,2.68 | 3.40 | 4.21,0,0.95 | 1.18 | 1.49,0.953,0.000,0,1,0,0,0,0,-1,0,0,0,,0,,0,,0,0,0,1
1723494725,772,4,4,8,8,9.924,0,0,0.11 | 0.11 | 0.11,0,2.68 | 3.40 | 4.21,0,0.95 | 1.18 | 1.49,0.953,0.000,0,1,0,0,0,0,-1,0,0,0,,0,,0,,0,0,0,1
1723494725,772,4,4,8,8,9.924,0,0,0.11 | 0.11 | 0.11,0,2.68 | 3.40 | 4.21,0,0.95 | 1.18 | 1.49,0.953,0.000,0,1,0,0,0,0,-1,0,0,0,,0,,0,,0,0,0,1
1723494725,772,4,4,8,8,9.924,0,0,0.11 | 0.11 | 0.11,0,2.68 | 3.40 | 4.21,0,0.95 | 1.18 | 1.49,0.953,0.000,0,1,0,0,0,0,-1,0,0,0,,0,,0,,0,0,0,1
1723494725,772,4,4,8,8,9.924,0,0,0.11 | 0.11 | 0.11,0,2.68 | 3.40 | 4.21,0,0.95 | 1.18 | 1.49,0.953,0.000,0,1,0,0,0,0,-1,0,0,0,,0,,0,,0,0,0,1
1723494725,772,4,4,8,8,9.924,0,0,0.11 | 0.11 | 0.11,0,2.68 | 3.40 | 4.21,0,0.95 | 1.18 | 1.49,0.953,0.000,0,1,0,0,0,0,-1,0,0,0,,0,,0,,0,0,0,1
1723494725,772,4,4,8,8,9.924,0,0,0.11 | 0.11 | 0.11,0,2.68 | 3.40 | 4.21,0,0.95 | 1.18 | 1.49,0.953,0.000,0,1,0,0,0,0,-1,0,0,0,,0,,0,,0,0,0,1
1723494725,772,4,4,8,8,9.924,0,0,0.11 | 0.11 | 0.11,0,2.68 | 3.40 | 4.21,0,0.95 | 1.18 | 1.49,0.953,0.000,0,1,0,0,0,0,-1,0,0,0,,0,,0,,0,0,0,1
1723494726,772,4,4,8,8,12.062,0,0,0.11 | 0.11 | 0.11,0,2.52 | 3.36 | 4.21,0,0.95 | 1.19 | 1.59,0.952,0.000,0,1,0,0,0,0,-1,0,0,0,,0,,0,,0,0,0,1
1723494726,772,4,4,8,8,12.062,0,0,0.11 | 0.11 | 0.11,0,2.52 | 3.36 | 4.21,0,0.95 | 1.19 | 1.59,0.952,0.000,0,1,0,0,0,0,-1,0,0,0,,0,,0,,0,0,0,1
1723494726,772,4,4,8,8,12.062,0,0,0.11 | 0.11 | 0.11,0,2.52 | 3.36 | 4.21,0,0.95 | 1.19 | 1.59,0.952,0.000,0,1,0,0,0,0,-1,0,0,0,,0,,0,,0,0,0,1
1723494726,772,4,4,8,8,12.062,0,0,0.11 | 0.11 | 0.11,0,2.52 | 3.36 | 4.21,0,0.95 | 1.19 | 1.59,0.952,0.000,0,1,0,0,0,0,-1,0,0,0,,0,,0,,0,0,0,1
1723494726,772,4,4,8,8,12.062,0,0,0.11 | 0.11 | 0.11,0,2.52 | 3.36 | 4.21,0,0.95 | 1.19 | 1.59,0.952,0.000,0,1,0,0,0,0,-1,0,0,0,,0,,0,,0,0,0,1
1723494726,772,4,4,8,8,12.062,0,0,0.11 | 0.11 | 0.11,0,2.52 | 3.36 | 4.21,0,0.95 | 1.19 | 1.59,0.952,0.000,0,1,0,0,0,0,-1,0,0,0,,0,,0,,0,0,0,1
1723494726,772,4,4,8,8,12.062,0,0,0.11 | 0.11 | 0.11,0,2.52 | 3.36 | 4.21,0,0.95 | 1.19 | 1.59,0.952,0.000,0,1,0,0,0,0,-1,0,0,0,,0,,0,,0,0,0,1
1723494726,772,4,4,8,8,12.062,0,0,0.11 | 0.11 | 0.11,0,2.52 | 3.36 | 4.21,0,0.95 | 1.19 | 1.59,0.952,0.000,0,1,0,0,0,0,-1,0,0,0,,0,,0,,0,0,0,1
1723494726,772,4,4,8,8,12.062,0,0,0.11 | 0.11 | 0.11,0,2.52 | 3.36 | 4.21,0,0.95 | 1.19 | 1.59,0.952,0.000,0,1,0,0,0,0,-1,0,0,0,,0,,0,,0,0,0,1
1723494726,772,4,4,8,8,12.062,0,0,0.11 | 0.11 | 0.11,0,2.52 | 3.36 | 4.21,0,0.95 | 1.19 | 1.59,0.952,0.000,0,1,0,0,0,0,-1,0,0,0,,0,,0,,0,0,0,1
1723494727,772,4,4,8,8,10.999,0,0,0.11 | 0.11 | 0.11,0,2.52 | 3.36 | 4.21,0,0.95 | 1.19 | 1.59,0.952,0.000,0,1,0,0,0,0,-1,0,0,0,,0,,0,,0,0,0,1
1723494727,772,4,4,8,8,10.999,0,0,0.11 | 0.11 | 0.11,0,2.52 | 3.36 | 4.21,0,0.95 | 1.19 | 1.59,0.952,0.000,0,1,0,0,0,0,-1,0,0,0,,0,,0,,0,0,0,1
1723494727,772,4,4,8,8,10.999,0,0,0.11 | 0.11 | 0.11,0,2.52 | 3.36 | 4.21,0,0.95 | 1.19 | 1.59,0.952,0.000,0,1,0,0,0,0,-1,0,0,0,,0,,0,,0,0,0,1
1723494727,772,4,4,8,8,10.999,0,0,0.11 | 0.11 | 0.11,0,2.52 | 3.36 | 4.21,0,0.95 | 1.19 | 1.59,0.952,0.000,0,1,0,0,0,0,-1,0,0,0,,0,,0,,0,0,0,1
1723494727,772,4,4,8,8,10.999,0,0,0.11 | 0.11 | 0.11,0,2.52 | 3.36 | 4.21,0,0.95 | 1.19 | 1.59,0.952,0.000,0,1,0,0,0,0,-1,0,0,0,,0,,0,,0,0,0,1
1723494727,772,4,4,8,8,10.999,0,0,0.11 | 0.11 | 0.11,0,2.52 | 3.36 | 4.21,0,0.95 | 1.19 | 1.59,0.952,0.000,0,1,0,0,0,0,-1,0,0,0,,0,,0,,0,0,0,1
1723494727,772,4,4,8,8,10.999,0,0,0.11 | 0.11 | 0.11,0,2.52 | 3.36 | 4.21,0,0.95 | 1.19 | 1.59,0.952,0.000,0,1,0,0,0,0,-1,0,0,0,,0,,0,,0,0,0,1
1723494727,772,4,4,8,8,10.999,0,0,0.11 | 0.11 | 0.11,0,2.52 | 3.36 | 4.21,0,0.95 | 1.19 | 1.59,0.952,0.000,0,1,0,0,0,0,-1,0,0,0,,0,,0,,0,0,0,1
1723494727,772,4,4,8,8,10.999,0,0,0.11 | 0.11 | 0.11,0,2.52 | 3.36 | 4.21,0,0.95 | 1.19 | 1.59,0.952,0.000,0,1,0,0,0,0,-1,0,0,0,,0,,0,,0,0,0,1
1723494727,772,4,4,8,8,10.999,0,0,0.11 | 0.11 | 0.11,0,2.52 | 3.36 | 4.21,0,0.95 | 1.19 | 1.59,0.952,0.000,0,1,0,0,0,0,-1,0,0,0,,0,,0,,0,0,0,1
1723494728,772,4,4,8,8,10.202,0,0,0.11 | 0.11 | 0.11,0,2.52 | 3.36 | 4.21,0,0.95 | 1.19 | 1.59,0.952,0.000,0,1,0,0,0,0,-1,0,0,0,,0,,0,,0,0,0,1
1723494728,772,4,4,8,8,10.202,0,0,0.11 | 0.11 | 0.11,0,2.52 | 3.36 | 4.21,0,0.95 | 1.19 | 1.59,0.952,0.000,0,1,0,0,0,0,-1,0,0,0,,0,,0,,0,0,0,1
1723494728,772,4,4,8,8,10.202,0,0,0.11 | 0.11 | 0.11,0,2.52 | 3.36 | 4.21,0,0.95 | 1.19 | 1.59,0.952,0.000,0,1,0,0,0,0,-1,0,0,0,,0,,0,,0,0,0,1
1723494728,772,4,4,8,8,10.202,0,0,0.11 | 0.11 | 0.11,0,2.52 | 3.36 | 4.21,0,0.95 | 1.19 | 1.59,0.952,0.000,0,1,0,0,0,0,-1,0,0,0,,0,,0,,0,0,0,1
1723494728,772,4,4,8,8,10.202,0,0,0.11 | 0.11 | 0.11,0,2.52 | 3.36 | 4.21,0,0.95 | 1.19 | 1.59,0.952,0.000,0,1,0,0,0,0,-1,0,0,0,,0,,0,,0,0,0,1
1723494728,772,4,4,8,8,10.202,0,0,0.11 | 0.11 | 0.11,0,2.52 | 3.36 | 4.21,0,0.95 | 1.19 | 1.59,0.952,0.000,0,1,0,0,0,0,-1,0,0,0,,0,,0,,0,0,0,1
1723494728,772,4,4,8,8,10.202,0,0,0.11 | 0.11 | 0.11,0,2.52 | 3.36 | 4.21,0,0.95 | 1.19 | 1.59,0.952,0.000,0,1,0,0,0,0,-1,0,0,0,,0,,0,,0,0,0,1
1723494728,772,4,4,8,8,10.202,0,0,0.11 | 0.11 | 0.11,0,2.52 | 3.36 | 4.21,0,0.95 | 1.19 | 1.59,0.952,0.000,0,1,0,0,0,0,-1,0,0,0,,0,,0,,0,0,0,1
1723494728,772,4,4,8,8,10.202,0,0,0.11 | 0.11 | 0.11,0,2.52 | 3.36 | 4.21,0,0.95 | 1.19 | 1.59,0.952,0.000,0,1,0,0,0,0,-1,0,0,0,,0,,0,,0,0,0,1
1723494728,772,4,4,8,8,10.202,0,0,0.11 | 0.11 | 0.11,0,2.52 | 3.36 | 4.21,0,0.95 | 1.19 | 1.59,0.952,0.000,0,1,0,0,0,0,-1,0,0,0,,0,,0,,0,0,0,1
1723494729,772,4,4,8,8,9.14,0,0,0.11 | 0.11 | 0.11,0,2.52 | 3.36 | 4.21,0,0.95 | 1.19 | 1.59,0.952,0.000,0,1,0,0,0,0,-1,0,0,0,,0,,0,,0,0,0,1
1723494729,772,4,4,8,8,9.14,0,0,0.11 | 0.11 | 0.11,0,2.52 | 3.36 | 4.21,0,0.95 | 1.19 | 1.59,0.952,0.000,0,1,0,0,0,0,-1,0,0,0,,0,,0,,0,0,0,1
1723494729,772,4,4,8,8,9.14,0,0,0.11 | 0.11 | 0.11,0,2.52 | 3.36 | 4.21,0,0.95 | 1.19 | 1.59,0.952,0.000,0,1,0,0,0,0,-1,0,0,0,,0,,0,,0,0,0,1
1723494729,772,4,4,8,8,9.14,0,0,0.11 | 0.11 | 0.11,0,2.52 | 3.36 | 4.21,0,0.95 | 1.19 | 1.59,0.952,0.000,0,1,0,0,0,0,-1,0,0,0,,0,,0,,0,0,0,1
1723494729,772,4,4,8,8,9.14,0,0,0.11 | 0.11 | 0.11,0,2.52 | 3.36 | 4.21,0,0.95 | 1.19 | 1.59,0.952,0.000,0,1,0,0,0,0,-1,0,0,0,,0,,0,,0,0,0,1
1723494729,772,4,4,8,8,9.14,0,0,0.11 | 0.11 | 0.11,0,2.52 | 3.36 | 4.21,0,0.95 | 1.19 | 1.59,0.952,0.000,0,1,0,0,0,0,-1,0,0,0,,0,,0,,0,0,0,1
1723494729,772,4,4,8,8,9.14,0,0,0.11 | 0.11 | 0.11,0,2.52 | 3.36 | 4.21,0,0.95 | 1.19 | 1.59,0.952,0.000,0,1,0,0,0,0,-1,0,0,0,,0,,0,,0,0,0,1
1723494729,772,4,4,8,8,9.14,0,0,0.11 | 0.11 | 0.11,0,2.52 | 3.36 | 4.21,0,0.95 | 1.19 | 1.59,0.952,0.000,0,1,0,0,0,0,-1,0,0,0,,0,,0,,0,0,0,1
1723494729,772,4,4,8,8,9.14,0,0,0.11 | 0.11 | 0.11,0,2.52 | 3.36 | 4.21,0,0.95 | 1.19 | 1.59,0.952,0.000,0,1,0,0,0,0,-1,0,0,0,,0,,0,,0,0,0,1
1723494729,772,4,4,8,8,9.14,0,0,0.11 | 0.11 | 0.11,0,2.52 | 3.36 | 4.21,0,0.95 | 1.19 | 1.59,0.952,0.000,0,1,0,0,0,0,-1,0,0,0,,0,,0,,0,0,0,1
1723494730,772,4,4,8,8,7.987,0,0,0.11 | 0.11 | 0.11,0,2.52 | 3.36 | 4.21,0,0.95 | 1.19 | 1.59,0.952,0.000,0,1,0,0,0,0,-1,0,0,0,,0,,0,,0,0,0,1
1723494730,772,4,4,8,8,7.987,0,0,0.11 | 0.11 | 0.11,0,2.52 | 3.36 | 4.21,0,0.95 | 1.19 | 1.59,0.952,0.000,0,1,0,0,0,0,-1,0,0,0,,0,,0,,0,0,0,1
1723494730,772,4,4,8,8,7.987,0,0,0.11 | 0.11 | 0.11,0,2.52 | 3.36 | 4.21,0,0.95 | 1.19 | 1.59,0.952,0.000,0,1,0,0,0,0,-1,0,0,0,,0,,0,,0,0,0,1
1723494730,772,4,4,8,8,7.987,0,0,0.11 | 0.11 | 0.11,0,2.52 | 3.36 | 4.21,0,0.95 | 1.19 | 1.59,0.952,0.000,0,1,0,0,0,0,-1,0,0,0,,0,,0,,0,0,0,1
1723494730,772,4,4,8,8,7.987,0,0,0.11 | 0.11 | 0.11,0,2.52 | 3.36 | 4.21,0,0.95 | 1.19 | 1.59,0.952,0.000,0,1,0,0,0,0,-1,0,0,0,,0,,0,,0,0,0,1
1723494730,772,4,4,8,8,7.987,0,0,0.11 | 0.11 | 0.11,0,2.52 | 3.36 | 4.21,0,0.95 | 1.19 | 1.59,0.952,0.000,0,1,0,0,0,0,-1,0,0,0,,0,,0,,0,0,0,1
1723494730,772,4,4,8,8,7.987,0,0,0.11 | 0.11 | 0.11,0,2.52 | 3.36 | 4.21,0,0.95 | 1.19 | 1.59,0.952,0.000,0,1,0,0,0,0,-1,0,0,0,,0,,0,,0,0,0,1
1723494730,772,4,4,8,8,7.987,0,0,0.11 | 0.11 | 0.11,0,2.52 | 3.36 | 4.21,0,0.95 | 1.19 | 1.59,0.952,0.000,0,1,0,0,0,0,-1,0,0,0,,0,,0,,0,0,0,1
1723494730,772,4,4,8,8,7.987,0,0,0.11 | 0.11 | 0.11,0,2.52 | 3.36 | 4.21,0,0.95 | 1.19 | 1.59,0.952,0.000,0,1,0,0,0,0,-1,0,0,0,,0,,0,,0,0,0,1
1723494730,772,4,4,8,8,7.987,0,0,0.11 | 0.11 | 0.11,0,2.52 | 3.36 | 4.21,0,0.95 | 1.19 | 1.59,0.952,0.000,0,1,0,0,0,0,-1,0,0,0,,0,,0,,0,0,0,1
1723494731,772,4,4,8,8,11.815,0,0,0.11 | 0.11 | 0.11,0,2.52 | 3.23 | 4.03,0,0.99 | 1.24 | 1.59,0.953,0.000,0,1,0,0,0,0,-1,0,0,0,,0,,0,,0,0,0,1
1723494731,772,4,4,8,8,11.815,0,0,0.11 | 0.11 | 0.11,0,2.52 | 3.23 | 4.03,0,0.99 | 1.24 | 1.59,0.953,0.000,0,1,0,0,0,0,-1,0,0,0,,0,,0,,0,0,0,1
1723494731,772,4,4,8,8,11.815,0,0,0.11 | 0.11 | 0.11,0,2.52 | 3.23 | 4.03,0,0.99 | 1.24 | 1.59,0.953,0.000,0,1,0,0,0,0,-1,0,0,0,,0,,0,,0,0,0,1
1723494731,772,4,4,8,8,11.815,0,0,0.11 | 0.11 | 0.11,0,2.52 | 3.23 | 4.03,0,0.99 | 1.24 | 1.59,0.953,0.000,0,1,0,0,0,0,-1,0,0,0,,0,,0,,0,0,0,1
1723494731,772,4,4,8,8,11.815,0,0,0.11 | 0.11 | 0.11,0,2.52 | 3.23 | 4.03,0,0.99 | 1.24 | 1.59,0.953,0.000,0,1,0,0,0,0,-1,0,0,0,,0,,0,,0,0,0,1
1723494731,772,4,4,8,8,11.815,0,0,0.11 | 0.11 | 0.11,0,2.52 | 3.23 | 4.03,0,0.99 | 1.24 | 1.59,0.953,0.000,0,1,0,0,0,0,-1,0,0,0,,0,,0,,0,0,0,1
1723494731,772,4,4,8,8,11.815,0,0,0.11 | 0.11 | 0.11,0,2.52 | 3.23 | 4.03,0,0.99 | 1.24 | 1.59,0.953,0.000,0,1,0,0,0,0,-1,0,0,0,,0,,0,,0,0,0,1
1723494731,772,4,4,8,8,11.815,0,0,0.11 | 0.11 | 0.11,0,2.52 | 3.23 | 4.03,0,0.99 | 1.24 | 1.59,0.953,0.000,0,1,0,0,0,0,-1,0,0,0,,0,,0,,0,0,0,1
1723494731,772,4,4,8,8,11.815,0,0,0.11 | 0.11 | 0.11,0,2.52 | 3.23 | 4.03,0,0.99 | 1.24 | 1.59,0.953,0.000,0,1,0,0,0,0,-1,0,0,0,,0,,0,,0,0,0,1
1723494731,772,4,4,8,8,11.815,0,0,0.11 | 0.11 | 0.11,0,2.52 | 3.23 | 4.03,0,0.99 | 1.24 | 1.59,0.953,0.000,0,1,0,0,0,0,-1,0,0,0,,0,,0,,0,0,0,1
1723494732,772,4,4,8,8,11.018,0,0,0.11 | 0.11 | 0.11,0,2.52 | 3.23 | 4.03,0,0.99 | 1.24 | 1.59,0.953,0.000,0,1,0,0,0,0,-1,0,0,0,,0,,0,,0,0,0,1
1723494732,772,4,4,8,8,11.018,0,0,0.11 | 0.11 | 0.11,0,2.52 | 3.23 | 4.03,0,0.99 | 1.24 | 1.59,0.953,0.000,0,1,0,0,0,0,-1,0,0,0,,0,,0,,0,0,0,1
1723494732,772,4,4,8,8,11.018,0,0,0.11 | 0.11 | 0.11,0,2.52 | 3.23 | 4.03,0,0.99 | 1.24 | 1.59,0.953,0.000,0,1,0,0,0,0,-1,0,0,0,,0,,0,,0,0,0,1
1723494732,772,4,4,8,8,11.018,0,0,0.11 | 0.11 | 0.11,0,2.52 | 3.23 | 4.03,0,0.99 | 1.24 | 1.59,0.953,0.000,0,1,0,0,0,0,-1,0,0,0,,0,,0,,0,0,0,1
1723494732,772,4,4,8,8,11.018,0,0,0.11 | 0.11 | 0.11,0,2.52 | 3.23 | 4.03,0,0.99 | 1.24 | 1.59,0.953,0.000,0,1,0,0,0,0,-1,0,0,0,,0,,0,,0,0,0,1
1723494732,772,4,4,8,8,11.018,0,0,0.11 | 0.11 | 0.11,0,2.52 | 3.23 | 4.03,0,0.99 | 1.24 | 1.59,0.953,0.000,0,1,0,0,0,0,-1,0,0,0,,0,,0,,0,0,0,1
1723494732,772,4,4,8,8,11.018,0,0,0.11 | 0.11 | 0.11,0,2.52 | 3.23 | 4.03,0,0.99 | 1.24 | 1.59,0.953,0.000,0,1,0,0,0,0,-1,0,0,0,,0,,0,,0,0,0,1
1723494732,772,4,4,8,8,11.018,0,0,0.11 | 0.11 | 0.11,0,2.52 | 3.23 | 4.03,0,0.99 | 1.24 | 1.59,0.953,0.000,0,1,0,0,0,0,-1,0,0,0,,0,,0,,0,0,0,1
1723494732,772,4,4,8,8,11.018,0,0,0.11 | 0.11 | 0.11,0,2.52 | 3.23 | 4.03,0,0.99 | 1.24 | 1.59,0.953,0.000,0,1,0,0,0,0,-1,0,0,0,,0,,0,,0,0,0,1
1723494732,772,4,4,8,8,11.018,0,0,0.11 | 0.11 | 0.11,0,2.52 | 3.23 | 4.03,0,0.99 | 1.24 | 1.59,0.953,0.000,0,1,0,0,0,0,-1,0,0,0,,0,,0,,0,0,0,1
1723494733,772,4,4,8,8,9.955,0,0,0.11 | 0.11 | 0.11,0,2.52 | 3.23 | 4.03,0,0.99 | 1.24 | 1.59,0.953,0.000,0,1,0,0,0,0,-1,0,0,0,,0,,0,,0,0,0,1
1723494733,772,4,4,8,8,9.955,0,0,0.11 | 0.11 | 0.11,0,2.52 | 3.23 | 4.03,0,0.99 | 1.24 | 1.59,0.953,0.000,0,1,0,0,0,0,-1,0,0,0,,0,,0,,0,0,0,1
1723494733,772,4,4,8,8,9.955,0,0,0.11 | 0.11 | 0.11,0,2.52 | 3.23 | 4.03,0,0.99 | 1.24 | 1.59,0.953,0.000,0,1,0,0,0,0,-1,0,0,0,,0,,0,,0,0,0,1
1723494733,772,4,4,8,8,9.955,0,0,0.11 | 0.11 | 0.11,0,2.52 | 3.23 | 4.03,0,0.99 | 1.24 | 1.59,0.953,0.000,0,1,0,0,0,0,-1,0,0,0,,0,,0,,0,0,0,1
1723494733,772,4,4,8,8,9.955,0,0,0.11 | 0.11 | 0.11,0,2.52 | 3.23 | 4.03,0,0.99 | 1.24 | 1.59,0.953,0.000,0,1,0,0,0,0,-1,0,0,0,,0,,0,,0,0,0,1
1723494733,772,4,4,8,8,9.955,0,0,0.11 | 0.11 | 0.11,0,2.52 | 3.23 | 4.03,0,0.99 | 1.24 | 1.59,0.953,0.000,0,1,0,0,0,0,-1,0,0,0,,0,,0,,0,0,0,1
1723494733,772,4,4,8,8,9.955,0,0,0.11 | 0.11 | 0.11,0,2.52 | 3.23 | 4.03,0,0.99 | 1.24 | 1.59,0.953,0.000,0,1,0,0,0,0,-1,0,0,0,,0,,0,,0,0,0,1
1723494733,772,4,4,8,8,9.955,0,0,0.11 | 0.11 | 0.11,0,2.52 | 3.23 | 4.03,0,0.99 | 1.24 | 1.59,0.953,0.000,0,1,0,0,0,0,-1,0,0,0,,0,,0,,0,0,0,1
1723494733,772,4,4,8,8,9.955,0,0,0.11 | 0.11 | 0.11,0,2.52 | 3.23 | 4.03,0,0.99 | 1.24 | 1.59,0.953,0.000,0,1,0,0,0,0,-1,0,0,0,,0,,0,,0,0,0,1
1723494733,772,4,4,8,8,9.955,0,0,0.11 | 0.11 | 0.11,0,2.52 | 3.23 | 4.03,0,0.99 | 1.24 | 1.59,0.953,0.000,0,1,0,0,0,0,-1,0,0,0,,0,,0,,0,0,0,1
1723494734,772,4,4,8,8,8.893,0,0,0.11 | 0.11 | 0.11,0,2.52 | 3.23 | 4.03,0,0.99 | 1.24 | 1.59,0.953,0.000,0,1,0,0,0,0,-1,0,0,0,,0,,0,,0,0,0,1
1723494734,772,4,4,8,8,8.893,0,0,0.11 | 0.11 | 0.11,0,2.52 | 3.23 | 4.03,0,0.99 | 1.24 | 1.59,0.953,0.000,0,1,0,0,0,0,-1,0,0,0,,0,,0,,0,0,0,1
1723494734,772,4,4,8,8,8.893,0,0,0.11 | 0.11 | 0.11,0,2.52 | 3.23 | 4.03,0,0.99 | 1.24 | 1.59,0.953,0.000,0,1,0,0,0,0,-1,0,0,0,,0,,0,,0,0,0,1
1723494734,772,4,4,8,8,8.893,0,0,0.11 | 0.11 | 0.11,0,2.52 | 3.23 | 4.03,0,0.99 | 1.24 | 1.59,0.953,0.000,0,1,0,0,0,0,-1,0,0,0,,0,,0,,0,0,0,1
1723494734,772,4,4,8,8,8.893,0,0,0.11 | 0.11 | 0.11,0,2.52 | 3.23 | 4.03,0,0.99 | 1.24 | 1.59,0.953,0.000,0,1,0,0,0,0,-1,0,0,0,,0,,0,,0,0,0,1
1723494734,772,4,4,8,8,8.893,0,0,0.11 | 0.11 | 0.11,0,2.52 | 3.23 | 4.03,0,0.99 | 1.24 | 1.59,0.953,0.000,0,1,0,0,0,0,-1,0,0,0,,0,,0,,0,0,0,1
1723494734,772,4,4,8,8,8.893,0,0,0.11 | 0.11 | 0.11,0,2.52 | 3.23 | 4.03,0,0.99 | 1.24 | 1.59,0.953,0.000,0,1,0,0,0,0,-1,0,0,0,,0,,0,,0,0,0,1
1723494734,772,4,4,8,8,8.893,0,0,0.11 | 0.11 | 0.11,0,2.52 | 3.23 | 4.03,0,0.99 | 1.24 | 1.59,0.953,0.000,0,1,0,0,0,0,-1,0,0,0,,0,,0,,0,0,0,1
1723494734,772,4,4,8,8,8.893,0,0,0.11 | 0.11 | 0.11,0,2.52 | 3.23 | 4.03,0,0.99 | 1.24 | 1.59,0.953,0.000,0,1,0,0,0,0,-1,0,0,0,,0,,0,,0,0,0,1
1723494734,772,4,4,8,8,8.893,0,0,0.11 | 0.11 | 0.11,0,2.52 | 3.23 | 4.03,0,0.99 | 1.24 | 1.59,0.953,0.000,0,1,0,0,0,0,-1,0,0,0,,0,,0,,0,0,0,1
1723494735,772,4,4,8,8,11.03,0,0,0.11 | 0.11 | 0.11,0,2.52 | 3.25 | 4.03,0,0.99 | 1.23 | 1.59,0.953,0.000,0,1,0,0,0,0,-1,0,0,0,,0,,0,,0,0,0,1
1723494735,772,4,4,8,8,11.03,0,0,0.11 | 0.11 | 0.11,0,2.52 | 3.25 | 4.03,0,0.99 | 1.23 | 1.59,0.953,0.000,0,1,0,0,0,0,-1,0,0,0,,0,,0,,0,0,0,1
1723494735,772,4,4,8,8,11.03,0,0,0.11 | 0.11 | 0.11,0,2.52 | 3.25 | 4.03,0,0.99 | 1.23 | 1.59,0.953,0.000,0,1,0,0,0,0,-1,0,0,0,,0,,0,,0,0,0,1
1723494735,772,4,4,8,8,11.03,0,0,0.11 | 0.11 | 0.11,0,2.52 | 3.25 | 4.03,0,0.99 | 1.23 | 1.59,0.953,0.000,0,1,0,0,0,0,-1,0,0,0,,0,,0,,0,0,0,1
1723494735,772,4,4,8,8,11.03,0,0,0.11 | 0.11 | 0.11,0,2.52 | 3.25 | 4.03,0,0.99 | 1.23 | 1.59,0.953,0.000,0,1,0,0,0,0,-1,0,0,0,,0,,0,,0,0,0,1
1723494735,772,4,4,8,8,11.03,0,0,0.11 | 0.11 | 0.11,0,2.52 | 3.25 | 4.03,0,0.99 | 1.23 | 1.59,0.953,0.000,0,1,0,0,0,0,-1,0,0,0,,0,,0,,0,0,0,1
1723494735,772,4,4,8,8,11.03,0,0,0.11 | 0.11 | 0.11,0,2.52 | 3.25 | 4.03,0,0.99 | 1.23 | 1.59,0.953,0.000,0,1,0,0,0,0,-1,0,0,0,,0,,0,,0,0,0,1
1723494735,772,4,4,8,8,11.03,0,0,0.11 | 0.11 | 0.11,0,2.52 | 3.25 | 4.03,0,0.99 | 1.23 | 1.59,0.953,0.000,0,1,0,0,0,0,-1,0,0,0,,0,,0,,0,0,0,1
1723494735,772,4,4,8,8,11.03,0,0,0.11 | 0.11 | 0.11,0,2.52 | 3.25 | 4.03,0,0.99 | 1.23 | 1.59,0.953,0.000,0,1,0,0,0,0,-1,0,0,0,,0,,0,,0,0,0,1
1723494735,772,4,4,8,8,11.03,0,0,0.11 | 0.11 | 0.11,0,2.52 | 3.25 | 4.03,0,0.99 | 1.23 | 1.59,0.953,0.000,0,1,0,0,0,0,-1,0,0,0,,0,,0,,0,0,0,1
1723494736,772,4,4,8,8,10.233,0,0,0.11 | 0.11 | 0.11,0,2.52 | 3.25 | 4.03,0,0.99 | 1.23 | 1.59,0.953,0.000,0,1,0,0,0,0,-1,0,0,0,,0,,0,,0,0,0,1
1723494736,772,4,4,8,8,10.233,0,0,0.11 | 0.11 | 0.11,0,2.52 | 3.25 | 4.03,0,0.99 | 1.23 | 1.59,0.953,0.000,0,1,0,0,0,0,-1,0,0,0,,0,,0,,0,0,0,1
1723494736,772,4,4,8,8,10.233,0,0,0.11 | 0.11 | 0.11,0,2.52 | 3.25 | 4.03,0,0.99 | 1.23 | 1.59,0.953,0.000,0,1,0,0,0,0,-1,0,0,0,,0,,0,,0,0,0,1
1723494736,772,4,4,8,8,10.233,0,0,0.11 | 0.11 | 0.11,0,2.52 | 3.25 | 4.03,0,0.99 | 1.23 | 1.59,0.953,0.000,0,1,0,0,0,0,-1,0,0,0,,0,,0,,0,0,0,1
1723494736,772,4,4,8,8,10.233,0,0,0.11 | 0.11 | 0.11,0,2.52 | 3.25 | 4.03,0,0.99 | 1.23 | 1.59,0.953,0.000,0,1,0,0,0,0,-1,0,0,0,,0,,0,,0,0,0,1
1723494736,772,4,4,8,8,10.233,0,0,0.11 | 0.11 | 0.11,0,2.52 | 3.25 | 4.03,0,0.99 | 1.23 | 1.59,0.953,0.000,0,1,0,0,0,0,-1,0,0,0,,0,,0,,0,0,0,1
1723494736,772,4,4,8,8,10.233,0,0,0.11 | 0.11 | 0.11,0,2.52 | 3.25 | 4.03,0,0.99 | 1.23 | 1.59,0.953,0.000,0,1,0,0,0,0,-1,0,0,0,,0,,0,,0,0,0,1
1723494736,772,4,4,8,8,10.233,0,0,0.11 | 0.11 | 0.11,0,2.52 | 3.25 | 4.03,0,0.99 | 1.23 | 1.59,0.953,0.000,0,1,0,0,0,0,-1,0,0,0,,0,,0,,0,0,0,1
1723494736,772,4,4,8,8,10.233,0,0,0.11 | 0.11 | 0.11,0,2.52 | 3.25 | 4.03,0,0.99 | 1.23 | 1.59,0.953,0.000,0,1,0,0,0,0,-1,0,0,0,,0,,0,,0,0,0,1
1723494736,772,4,4,8,8,10.233,0,0,0.11 | 0.11 | 0.11,0,2.52 | 3.25 | 4.03,0,0.99 | 1.23 | 1.59,0.953,0.000,0,1,0,0,0,0,-1,0,0,0,,0,,0,,0,0,0,1
1723494737,772,4,4,8,8,9.171,0,0,0.11 | 0.11 | 0.11,0,2.52 | 3.25 | 4.03,0,0.99 | 1.23 | 1.59,0.953,0.000,0,1,0,0,0,0,-1,0,0,0,,0,,0,,0,0,0,1
1723494737,772,4,4,8,8,9.171,0,0,0.11 | 0.11 | 0.11,0,2.52 | 3.25 | 4.03,0,0.99 | 1.23 | 1.59,0.953,0.000,0,1,0,0,0,0,-1,0,0,0,,0,,0,,0,0,0,1
1723494737,772,4,4,8,8,9.171,0,0,0.11 | 0.11 | 0.11,0,2.52 | 3.25 | 4.03,0,0.99 | 1.23 | 1.59,0.953,0.000,0,1,0,0,0,0,-1,0,0,0,,0,,0,,0,0,0,1
1723494737,772,4,4,8,8,9.171,0,0,0.11 | 0.11 | 0.11,0,2.52 | 3.25 | 4.03,0,0.99 | 1.23 | 1.59,0.953,0.000,0,1,0,0,0,0,-1,0,0,0,,0,,0,,0,0,0,1
1723494737,772,4,4,8,8,9.171,0,0,0.11 | 0.11 | 0.11,0,2.52 | 3.25 | 4.03,0,0.99 | 1.23 | 1.59,0.953,0.000,0,1,0,0,0,0,-1,0,0,0,,0,,0,,0,0,0,1
1723494737,772,4,4,8,8,9.171,0,0,0.11 | 0.11 | 0.11,0,2.52 | 3.25 | 4.03,0,0.99 | 1.23 | 1.59,0.953,0.000,0,1,0,0,0,0,-1,0,0,0,,0,,0,,0,0,0,1
1723494737,772,4,4,8,8,9.171,0,0,0.11 | 0.11 | 0.11,0,2.52 | 3.25 | 4.03,0,0.99 | 1.23 | 1.59,0.953,0.000,0,1,0,0,0,0,-1,0,0,0,,0,,0,,0,0,0,1
1723494737,772,4,4,8,8,9.171,0,0,0.11 | 0.11 | 0.11,0,2.52 | 3.25 | 4.03,0,0.99 | 1.23 | 1.59,0.953,0.000,0,1,0,0,0,0,-1,0,0,0,,0,,0,,0,0,0,1
1723494737,772,4,4,8,8,9.171,0,0,0.11 | 0.11 | 0.11,0,2.52 | 3.25 | 4.03,0,0.99 | 1.23 | 1.59,0.953,0.000,0,1,0,0,0,0,-1,0,0,0,,0,,0,,0,0,0,1
1723494737,772,4,4,8,8,9.171,0,0,0.11 | 0.11 | 0.11,0,2.52 | 3.25 | 4.03,0,0.99 | 1.23 | 1.59,0.953,0.000,0,1,0,0,0,0,-1,0,0,0,,0,,0,,0,0,0,1
1723494738,772,4,4,8,8,8.108,0,0,0.11 | 0.11 | 0.11,0,2.52 | 3.25 | 4.03,0,0.99 | 1.23 | 1.59,0.953,0.000,0,1,0,0,0,0,-1,0,0,0,,0,,0,,0,0,0,1
1723494738,772,4,4,8,8,8.108,0,0,0.11 | 0.11 | 0.11,0,2.52 | 3.25 | 4.03,0,0.99 | 1.23 | 1.59,0.953,0.000,0,1,0,0,0,0,-1,0,0,0,,0,,0,,0,0,0,1
1723494738,772,4,4,8,8,8.108,0,0,0.11 | 0.11 | 0.11,0,2.52 | 3.25 | 4.03,0,0.99 | 1.23 | 1.59,0.953,0.000,0,1,0,0,0,0,-1,0,0,0,,0,,0,,0,0,0,1
1723494738,772,4,4,8,8,8.108,0,0,0.11 | 0.11 | 0.11,0,2.52 | 3.25 | 4.03,0,0.99 | 1.23 | 1.59,0.953,0.000,0,1,0,0,0,0,-1,0,0,0,,0,,0,,0,0,0,1
1723494738,772,4,4,8,8,8.108,0,0,0.11 | 0.11 | 0.11,0,2.52 | 3.25 | 4.03,0,0.99 | 1.23 | 1.59,0.953,0.000,0,1,0,0,0,0,-1,0,0,0,,0,,0,,0,0,0,1
1723494738,772,4,4,8,8,8.108,0,0,0.11 | 0.11 | 0.11,0,2.52 | 3.25 | 4.03,0,0.99 | 1.23 | 1.59,0.953,0.000,0,1,0,0,0,0,-1,0,0,0,,0,,0,,0,0,0,1
1723494738,772,4,4,8,8,8.108,0,0,0.11 | 0.11 | 0.11,0,2.52 | 3.25 | 4.03,0,0.99 | 1.23 | 1.59,0.953,0.000,0,1,0,0,0,0,-1,0,0,0,,0,,0,,0,0,0,1
1723494738,772,4,4,8,8,8.108,0,0,0.11 | 0.11 | 0.11,0,2.52 | 3.25 | 4.03,0,0.99 | 1.23 | 1.59,0.953,0.000,0,1,0,0,0,0,-1,0,0,0,,0,,0,,0,0,0,1
1723494738,772,4,4,8,8,8.108,0,0,0.11 | 0.11 | 0.11,0,2.52 | 3.25 | 4.03,0,0.99 | 1.23 | 1.59,0.953,0.000,0,1,0,0,0,0,-1,0,0,0,,0,,0,,0,0,0,1
1723494738,772,4,4,8,8,8.108,0,0,0.11 | 0.11 | 0.11,0,2.52 | 3.25 | 4.03,0,0.99 | 1.23 | 1.59,0.953,0.000,0,1,0,0,0,0,-1,0,0,0,,0,,0,,0,0,0,1
1723494739,772,4,4,8,8,11.787,0,0,0.11 | 0.11 | 0.11,0,2.52 | 3.38 | 4.51,0,0.89 | 1.18 | 1.59,0.952,0.000,0,1,0,0,0,0,-1,0,0,0,,0,,0,,0,0,0,1
1723494739,772,4,4,8,8,11.787,0,0,0.11 | 0.11 | 0.11,0,2.52 | 3.38 | 4.51,0,0.89 | 1.18 | 1.59,0.952,0.000,0,1,0,0,0,0,-1,0,0,0,,0,,0,,0,0,0,1
1723494739,772,4,4,8,8,11.787,0,0,0.11 | 0.11 | 0.11,0,2.52 | 3.38 | 4.51,0,0.89 | 1.18 | 1.59,0.952,0.000,0,1,0,0,0,0,-1,0,0,0,,0,,0,,0,0,0,1
1723494739,772,4,4,8,8,11.787,0,0,0.11 | 0.11 | 0.11,0,2.52 | 3.38 | 4.51,0,0.89 | 1.18 | 1.59,0.952,0.000,0,1,0,0,0,0,-1,0,0,0,,0,,0,,0,0,0,1
1723494739,772,4,4,8,8,11.787,0,0,0.11 | 0.11 | 0.11,0,2.52 | 3.38 | 4.51,0,0.89 | 1.18 | 1.59,0.952,0.000,0,1,0,0,0,0,-1,0,0,0,,0,,0,,0,0,0,1
1723494739,772,4,4,8,8,11.787,0,0,0.11 | 0.11 | 0.11,0,2.52 | 3.38 | 4.51,0,0.89 | 1.18 | 1.59,0.952,0.000,0,1,0,0,0,0,-1,0,0,0,,0,,0,,0,0,0,1
1723494739,772,4,4,8,8,11.787,0,0,0.11 | 0.11 | 0.11,0,2.52 | 3.38 | 4.51,0,0.89 | 1.18 | 1.59,0.952,0.000,0,1,0,0,0,0,-1,0,0,0,,0,,0,,0,0,0,1
1723494739,772,4,4,8,8,11.787,0,0,0.11 | 0.11 | 0.11,0,2.52 | 3.38 | 4.51,0,0.89 | 1.18 | 1.59,0.952,0.000,0,1,0,0,0,0,-1,0,0,0,,0,,0,,0,0,0,1
1723494739,772,4,4,8,8,11.787,0,0,0.11 | 0.11 | 0.11,0,2.52 | 3.38 | 4.51,0,0.89 | 1.18 | 1.59,0.952,0.000,0,1,0,0,0,0,-1,0,0,0,,0,,0,,0,0,0,1
1723494739,772,4,4,8,8,11.787,0,0,0.11 | 0.11 | 0.11,0,2.52 | 3.38 | 4.51,0,0.89 | 1.18 | 1.59,0.952,0.000,0,1,0,0,0,0,-1,0,0,0,,0,,0,,0,0,0,1
1723494740,772,4,4,8,8,10.783,0,0,0.11 | 0.11 | 0.11,0,2.52 | 3.38 | 4.51,0,0.89 | 1.18 | 1.59,0.952,0.000,0,1,0,0,0,0,-1,0,0,0,,0,,0,,0,0,0,1
1723494740,772,4,4,8,8,10.783,0,0,0.11 | 0.11 | 0.11,0,2.52 | 3.38 | 4.51,0,0.89 | 1.18 | 1.59,0.952,0.000,0,1,0,0,0,0,-1,0,0,0,,0,,0,,0,0,0,1
1723494740,772,4,4,8,8,10.783,0,0,0.11 | 0.11 | 0.11,0,2.52 | 3.38 | 4.51,0,0.89 | 1.18 | 1.59,0.952,0.000,0,1,0,0,0,0,-1,0,0,0,,0,,0,,0,0,0,1
1723494740,772,4,4,8,8,10.783,0,0,0.11 | 0.11 | 0.11,0,2.52 | 3.38 | 4.51,0,0.89 | 1.18 | 1.59,0.952,0.000,0,1,0,0,0,0,-1,0,0,0,,0,,0,,0,0,0,1
1723494740,772,4,4,8,8,10.783,0,0,0.11 | 0.11 | 0.11,0,2.52 | 3.38 | 4.51,0,0.89 | 1.18 | 1.59,0.952,0.000,0,1,0,0,0,0,-1,0,0,0,,0,,0,,0,0,0,1
1723494740,772,4,4,8,8,10.783,0,0,0.11 | 0.11 | 0.11,0,2.52 | 3.38 | 4.51,0,0.89 | 1.18 | 1.59,0.952,0.000,0,1,0,0,0,0,-1,0,0,0,,0,,0,,0,0,0,1
1723494740,772,4,4,8,8,10.783,0,0,0.11 | 0.11 | 0.11,0,2.52 | 3.38 | 4.51,0,0.89 | 1.18 | 1.59,0.952,0.000,0,1,0,0,0,0,-1,0,0,0,,0,,0,,0,0,0,1
1723494740,772,4,4,8,8,10.783,0,0,0.11 | 0.11 | 0.11,0,2.52 | 3.38 | 4.51,0,0.89 | 1.18 | 1.59,0.952,0.000,0,1,0,0,0,0,-1,0,0,0,,0,,0,,0,0,0,1
1723494740,772,4,4,8,8,10.783,0,0,0.11 | 0.11 | 0.11,0,2.52 | 3.38 | 4.51,0,0.89 | 1.18 | 1.59,0.952,0.000,0,1,0,0,0,0,-1,0,0,0,,0,,0,,0,0,0,1
1723494740,772,4,4,8,8,10.783,0,0,0.11 | 0.11 | 0.11,0,2.52 | 3.38 | 4.51,0,0.89 | 1.18 | 1.59,0.952,0.000,0,1,0,0,0,0,-1,0,0,0,,0,,0,,0,0,0,1
1723494741,772,4,4,8,8,9.971,0,0,0.11 | 0.11 | 0.11,0,2.52 | 3.38 | 4.51,0,0.89 | 1.18 | 1.59,0.952,0.000,0,1,0,0,0,0,-1,0,0,0,,0,,0,,0,0,0,1
1723494741,772,4,4,8,8,9.971,0,0,0.11 | 0.11 | 0.11,0,2.52 | 3.38 | 4.51,0,0.89 | 1.18 | 1.59,0.952,0.000,0,1,0,0,0,0,-1,0,0,0,,0,,0,,0,0,0,1
1723494741,772,4,4,8,8,9.971,0,0,0.11 | 0.11 | 0.11,0,2.52 | 3.38 | 4.51,0,0.89 | 1.18 | 1.59,0.952,0.000,0,1,0,0,0,0,-1,0,0,0,,0,,0,,0,0,0,1
1723494741,772,4,4,8,8,9.971,0,0,0.11 | 0.11 | 0.11,0,2.52 | 3.38 | 4.51,0,0.89 | 1.18 | 1.59,0.952,0.000,0,1,0,0,0,0,-1,0,0,0,,0,,0,,0,0,0,1
1723494741,772,4,4,8,8,9.971,0,0,0.11 | 0.11 | 0.11,0,2.52 | 3.38 | 4.51,0,0.89 | 1.18 | 1.59,0.952,0.000,0,1,0,0,0,0,-1,0,0,0,,0,,0,,0,0,0,1
1723494741,772,4,4,8,8,9.971,0,0,0.11 | 0.11 | 0.11,0,2.52 | 3.38 | 4.51,0,0.89 | 1.18 | 1.59,0.952,0.000,0,1,0,0,0,0,-1,0,0,0,,0,,0,,0,0,0,1
1723494741,772,4,4,8,8,9.971,0,0,0.11 | 0.11 | 0.11,0,2.52 | 3.38 | 4.51,0,0.89 | 1.18 | 1.59,0.952,0.000,0,1,0,0,0,0,-1,0,0,0,,0,,0,,0,0,0,1
1723494741,772,4,4,8,8,9.971,0,0,0.11 | 0.11 | 0.11,0,2.52 | 3.38 | 4.51,0,0.89 | 1.18 | 1.59,0.952,0.000,0,1,0,0,0,0,-1,0,0,0,,0,,0,,0,0,0,1
1723494741,772,4,4,8,8,9.971,0,0,0.11 | 0.11 | 0.11,0,2.52 | 3.38 | 4.51,0,0.89 | 1.18 | 1.59,0.952,0.000,0,1,0,0,0,0,-1,0,0,0,,0,,0,,0,0,0,1
1723494741,772,4,4,8,8,9.971,0,0,0.11 | 0.11 | 0.11,0,2.52 | 3.38 | 4.51,0,0.89 | 1.18 | 1.59,0.952,0.000,0,1,0,0,0,0,-1,0,0,0,,0,,0,,0,0,0,1
1723494742,772,4,4,8,8,12.108,0,0,0.11 | 0.11 | 0.11,0,2.65 | 3.41 | 4.51,0,0.89 | 1.17 | 1.51,0.952,0.000,0,1,0,0,0,0,-1,0,0,0,,0,,0,,0,0,0,1
1723494742,772,4,4,8,8,12.108,0,0,0.11 | 0.11 | 0.11,0,2.65 | 3.41 | 4.51,0,0.89 | 1.17 | 1.51,0.952,0.000,0,1,0,0,0,0,-1,0,0,0,,0,,0,,0,0,0,1
1723494742,772,4,4,8,8,12.108,0,0,0.11 | 0.11 | 0.11,0,2.65 | 3.41 | 4.51,0,0.89 | 1.17 | 1.51,0.952,0.000,0,1,0,0,0,0,-1,0,0,0,,0,,0,,0,0,0,1
1723494742,772,4,4,8,8,12.108,0,0,0.11 | 0.11 | 0.11,0,2.65 | 3.41 | 4.51,0,0.89 | 1.17 | 1.51,0.952,0.000,0,1,0,0,0,0,-1,0,0,0,,0,,0,,0,0,0,1
1723494742,772,4,4,8,8,12.108,0,0,0.11 | 0.11 | 0.11,0,2.65 | 3.41 | 4.51,0,0.89 | 1.17 | 1.51,0.952,0.000,0,1,0,0,0,0,-1,0,0,0,,0,,0,,0,0,0,1
1723494742,772,4,4,8,8,12.108,0,0,0.11 | 0.11 | 0.11,0,2.65 | 3.41 | 4.51,0,0.89 | 1.17 | 1.51,0.952,0.000,0,1,0,0,0,0,-1,0,0,0,,0,,0,,0,0,0,1
1723494742,772,4,4,8,8,12.108,0,0,0.11 | 0.11 | 0.11,0,2.65 | 3.41 | 4.51,0,0.89 | 1.17 | 1.51,0.952,0.000,0,1,0,0,0,0,-1,0,0,0,,0,,0,,0,0,0,1
1723494742,772,4,4,8,8,12.108,0,0,0.11 | 0.11 | 0.11,0,2.65 | 3.41 | 4.51,0,0.89 | 1.17 | 1.51,0.952,0.000,0,1,0,0,0,0,-1,0,0,0,,0,,0,,0,0,0,1
1723494742,772,4,4,8,8,12.108,0,0,0.11 | 0.11 | 0.11,0,2.65 | 3.41 | 4.51,0,0.89 | 1.17 | 1.51,0.952,0.000,0,1,0,0,0,0,-1,0,0,0,,0,,0,,0,0,0,1
1723494742,772,4,4,8,8,12.108,0,0,0.11 | 0.11 | 0.11,0,2.65 | 3.41 | 4.51,0,0.89 | 1.17 | 1.51,0.952,0.000,0,1,0,0,0,0,-1,0,0,0,,0,,0,,0,0,0,1
1723494743,772,4,4,8,8,11.046,0,0,0.11 | 0.11 | 0.11,0,2.65 | 3.41 | 4.51,0,0.89 | 1.17 | 1.51,0.952,0.000,0,1,0,0,0,0,-1,0,0,0,,0,,0,,0,0,0,1
1723494743,772,4,4,8,8,11.046,0,0,0.11 | 0.11 | 0.11,0,2.65 | 3.41 | 4.51,0,0.89 | 1.17 | 1.51,0.952,0.000,0,1,0,0,0,0,-1,0,0,0,,0,,0,,0,0,0,1
1723494743,772,4,4,8,8,11.046,0,0,0.11 | 0.11 | 0.11,0,2.65 | 3.41 | 4.51,0,0.89 | 1.17 | 1.51,0.952,0.000,0,1,0,0,0,0,-1,0,0,0,,0,,0,,0,0,0,1
1723494743,772,4,4,8,8,11.046,0,0,0.11 | 0.11 | 0.11,0,2.65 | 3.41 | 4.51,0,0.89 | 1.17 | 1.51,0.952,0.000,0,1,0,0,0,0,-1,0,0,0,,0,,0,,0,0,0,1
1723494743,772,4,4,8,8,11.046,0,0,0.11 | 0.11 | 0.11,0,2.65 | 3.41 | 4.51,0,0.89 | 1.17 | 1.51,0.952,0.000,0,1,0,0,0,0,-1,0,0,0,,0,,0,,0,0,0,1
1723494743,772,4,4,8,8,11.046,0,0,0.11 | 0.11 | 0.11,0,2.65 | 3.41 | 4.51,0,0.89 | 1.17 | 1.51,0.952,0.000,0,1,0,0,0,0,-1,0,0,0,,0,,0,,0,0,0,1
1723494743,772,4,4,8,8,11.046,0,0,0.11 | 0.11 | 0.11,0,2.65 | 3.41 | 4.51,0,0.89 | 1.17 | 1.51,0.952,0.000,0,1,0,0,0,0,-1,0,0,0,,0,,0,,0,0,0,1
1723494743,772,4,4,8,8,11.046,0,0,0.11 | 0.11 | 0.11,0,2.65 | 3.41 | 4.51,0,0.89 | 1.17 | 1.51,0.952,0.000,0,1,0,0,0,0,-1,0,0,0,,0,,0,,0,0,0,1
1723494743,772,4,4,8,8,11.046,0,0,0.11 | 0.11 | 0.11,0,2.65 | 3.41 | 4.51,0,0.89 | 1.17 | 1.51,0.952,0.000,0,1,0,0,0,0,-1,0,0,0,,0,,0,,0,0,0,1
1723494743,772,4,4,8,8,11.046,0,0,0.11 | 0.11 | 0.11,0,2.65 | 3.41 | 4.51,0,0.89 | 1.17 | 1.51,0.952,0.000,0,1,0,0,0,0,-1,0,0,0,,0,,0,,0,0,0,1
1723494744,772,4,4,8,8,9.983,0,0,0.11 | 0.11 | 0.11,0,2.65 | 3.41 | 4.51,0,0.89 | 1.17 | 1.51,0.952,0.000,0,1,0,0,0,0,-1,0,0,0,,0,,0,,0,0,0,1
1723494744,772,4,4,8,8,9.983,0,0,0.11 | 0.11 | 0.11,0,2.65 | 3.41 | 4.51,0,0.89 | 1.17 | 1.51,0.952,0.000,0,1,0,0,0,0,-1,0,0,0,,0,,0,,0,0,0,1
1723494744,772,4,4,8,8,9.983,0,0,0.11 | 0.11 | 0.11,0,2.65 | 3.41 | 4.51,0,0.89 | 1.17 | 1.51,0.952,0.000,0,1,0,0,0,0,-1,0,0,0,,0,,0,,0,0,0,1
1723494744,772,4,4,8,8,9.983,0,0,0.11 | 0.11 | 0.11,0,2.65 | 3.41 | 4.51,0,0.89 | 1.17 | 1.51,0.952,0.000,0,1,0,0,0,0,-1,0,0,0,,0,,0,,0,0,0,1
1723494744,772,4,4,8,8,9.983,0,0,0.11 | 0.11 | 0.11,0,2.65 | 3.41 | 4.51,0,0.89 | 1.17 | 1.51,0.952,0.000,0,1,0,0,0,0,-1,0,0,0,,0,,0,,0,0,0,1
1723494744,772,4,4,8,8,9.983,0,0,0.11 | 0.11 | 0.11,0,2.65 | 3.41 | 4.51,0,0.89 | 1.17 | 1.51,0.952,0.000,0,1,0,0,0,0,-1,0,0,0,,0,,0,,0,0,0,1
1723494744,772,4,4,8,8,9.983,0,0,0.11 | 0.11 | 0.11,0,2.65 | 3.41 | 4.51,0,0.89 | 1.17 | 1.51,0.952,0.000,0,1,0,0,0,0,-1,0,0,0,,0,,0,,0,0,0,1
1723494744,772,4,4,8,8,9.983,0,0,0.11 | 0.11 | 0.11,0,2.65 | 3.41 | 4.51,0,0.89 | 1.17 | 1.51,0.952,0.000,0,1,0,0,0,0,-1,0,0,0,,0,,0,,0,0,0,1
1723494744,772,4,4,8,8,9.983,0,0,0.11 | 0.11 | 0.11,0,2.65 | 3.41 | 4.51,0,0.89 | 1.17 | 1.51,0.952,0.000,0,1,0,0,0,0,-1,0,0,0,,0,,0,,0,0,0,1
1723494744,772,4,4,8,8,9.983,0,0,0.11 | 0.11 | 0.11,0,2.65 | 3.41 | 4.51,0,0.89 | 1.17 | 1.51,0.952,0.000,0,1,0,0,0,0,-1,0,0,0,,0,,0,,0,0,0,1
1723494745,772,4,4,8,8,9.187,0,0,0.11 | 0.11 | 0.11,0,2.65 | 3.41 | 4.51,0,0.89 | 1.17 | 1.51,0.952,0.000,0,1,0,0,0,0,-1,0,0,0,,0,,0,,0,0,0,1
1723494745,772,4,4,8,8,9.187,0,0,0.11 | 0.11 | 0.11,0,2.65 | 3.41 | 4.51,0,0.89 | 1.17 | 1.51,0.952,0.000,0,1,0,0,0,0,-1,0,0,0,,0,,0,,0,0,0,1
1723494745,772,4,4,8,8,9.187,0,0,0.11 | 0.11 | 0.11,0,2.65 | 3.41 | 4.51,0,0.89 | 1.17 | 1.51,0.952,0.000,0,1,0,0,0,0,-1,0,0,0,,0,,0,,0,0,0,1
1723494745,772,4,4,8,8,9.187,0,0,0.11 | 0.11 | 0.11,0,2.65 | 3.41 | 4.51,0,0.89 | 1.17 | 1.51,0.952,0.000,0,1,0,0,0,0,-1,0,0,0,,0,,0,,0,0,0,1
1723494745,772,4,4,8,8,9.187,0,0,0.11 | 0.11 | 0.11,0,2.65 | 3.41 | 4.51,0,0.89 | 1.17 | 1.51,0.952,0.000,0,1,0,0,0,0,-1,0,0,0,,0,,0,,0,0,0,1
1723494745,772,4,4,8,8,9.187,0,0,0.11 | 0.11 | 0.11,0,2.65 | 3.41 | 4.51,0,0.89 | 1.17 | 1.51,0.952,0.000,0,1,0,0,0,0,-1,0,0,0,,0,,0,,0,0,0,1
1723494745,772,4,4,8,8,9.187,0,0,0.11 | 0.11 | 0.11,0,2.65 | 3.41 | 4.51,0,0.89 | 1.17 | 1.51,0.952,0.000,0,1,0,0,0,0,-1,0,0,0,,0,,0,,0,0,0,1
1723494745,772,4,4,8,8,9.187,0,0,0.11 | 0.11 | 0.11,0,2.65 | 3.41 | 4.51,0,0.89 | 1.17 | 1.51,0.952,0.000,0,1,0,0,0,0,-1,0,0,0,,0,,0,,0,0,0,1
1723494745,772,4,4,8,8,9.187,0,0,0.11 | 0.11 | 0.11,0,2.65 | 3.41 | 4.51,0,0.89 | 1.17 | 1.51,0.952,0.000,0,1,0,0,0,0,-1,0,0,0,,0,,0,,0,0,0,1
1723494745,772,4,4,8,8,9.187,0,0,0.11 | 0.11 | 0.11,0,2.65 | 3.41 | 4.51,0,0.89 | 1.17 | 1.51,0.952,0.000,0,1,0,0,0,0,-1,0,0,0,,0,,0,,0,0,0,1
1723494746,772,4,4,8,8,8.124,0,0,0.11 | 0.11 | 0.11,0,2.65 | 3.41 | 4.51,0,0.89 | 1.17 | 1.51,0.952,0.000,0,1,0,0,0,0,-1,0,0,0,,0,,0,,0,0,0,1
1723494746,772,4,4,8,8,8.124,0,0,0.11 | 0.11 | 0.11,0,2.65 | 3.41 | 4.51,0,0.89 | 1.17 | 1.51,0.952,0.000,0,1,0,0,0,0,-1,0,0,0,,0,,0,,0,0,0,1
1723494746,772,4,4,8,8,8.124,0,0,0.11 | 0.11 | 0.11,0,2.65 | 3.41 | 4.51,0,0.89 | 1.17 | 1.51,0.952,0.000,0,1,0,0,0,0,-1,0,0,0,,0,,0,,0,0,0,1
1723494746,772,4,4,8,8,8.124,0,0,0.11 | 0.11 | 0.11,0,2.65 | 3.41 | 4.51,0,0.89 | 1.17 | 1.51,0.952,0.000,0,1,0,0,0,0,-1,0,0,0,,0,,0,,0,0,0,1
1723494746,772,4,4,8,8,8.124,0,0,0.11 | 0.11 | 0.11,0,2.65 | 3.41 | 4.51,0,0.89 | 1.17 | 1.51,0.952,0.000,0,1,0,0,0,0,-1,0,0,0,,0,,0,,0,0,0,1
1723494746,772,4,4,8,8,8.124,0,0,0.11 | 0.11 | 0.11,0,2.65 | 3.41 | 4.51,0,0.89 | 1.17 | 1.51,0.952,0.000,0,1,0,0,0,0,-1,0,0,0,,0,,0,,0,0,0,1
1723494746,772,4,4,8,8,8.124,0,0,0.11 | 0.11 | 0.11,0,2.65 | 3.41 | 4.51,0,0.89 | 1.17 | 1.51,0.952,0.000,0,1,0,0,0,0,-1,0,0,0,,0,,0,,0,0,0,1
1723494746,772,4,4,8,8,8.124,0,0,0.11 | 0.11 | 0.11,0,2.65 | 3.41 | 4.51,0,0.89 | 1.17 | 1.51,0.952,0.000,0,1,0,0,0,0,-1,0,0,0,,0,,0,,0,0,0,1
1723494746,772,4,4,8,8,8.124,0,0,0.11 | 0.11 | 0.11,0,2.65 | 3.41 | 4.51,0,0.89 | 1.17 | 1.51,0.952,0.000,0,1,0,0,0,0,-1,0,0,0,,0,,0,,0,0,0,1
1723494746,772,4,4,8,8,8.124,0,0,0.11 | 0.11 | 0.11,0,2.65 | 3.41 | 4.51,0,0.89 | 1.17 | 1.51,0.952,0.000,0,1,0,0,0,0,-1,0,0,0,,0,,0,,0,0,0,1
1723494747,772,4,4,8,8,11.862,0,0,0.10 | 0.11 | 0.11,0,2.65 | 3.43 | 4.51,0,0.89 | 1.17 | 1.51,0.952,0.000,0,1,0,0,0,0,-1,0,0,0,,0,,0,,0,0,0,1
1723494747,772,4,4,8,8,11.862,0,0,0.10 | 0.11 | 0.11,0,2.65 | 3.43 | 4.51,0,0.89 | 1.17 | 1.51,0.952,0.000,0,1,0,0,0,0,-1,0,0,0,,0,,0,,0,0,0,1
1723494747,772,4,4,8,8,11.862,0,0,0.10 | 0.11 | 0.11,0,2.65 | 3.43 | 4.51,0,0.89 | 1.17 | 1.51,0.952,0.000,0,1,0,0,0,0,-1,0,0,0,,0,,0,,0,0,0,1
1723494747,772,4,4,8,8,11.862,0,0,0.10 | 0.11 | 0.11,0,2.65 | 3.43 | 4.51,0,0.89 | 1.17 | 1.51,0.952,0.000,0,1,0,0,0,0,-1,0,0,0,,0,,0,,0,0,0,1
1723494747,772,4,4,8,8,11.862,0,0,0.10 | 0.11 | 0.11,0,2.65 | 3.43 | 4.51,0,0.89 | 1.17 | 1.51,0.952,0.000,0,1,0,0,0,0,-1,0,0,0,,0,,0,,0,0,0,1
1723494747,772,4,4,8,8,11.862,0,0,0.10 | 0.11 | 0.11,0,2.65 | 3.43 | 4.51,0,0.89 | 1.17 | 1.51,0.952,0.000,0,1,0,0,0,0,-1,0,0,0,,0,,0,,0,0,0,1
1723494747,772,4,4,8,8,11.862,0,0,0.10 | 0.11 | 0.11,0,2.65 | 3.43 | 4.51,0,0.89 | 1.17 | 1.51,0.952,0.000,0,1,0,0,0,0,-1,0,0,0,,0,,0,,0,0,0,1
1723494747,772,4,4,8,8,11.862,0,0,0.10 | 0.11 | 0.11,0,2.65 | 3.43 | 4.51,0,0.89 | 1.17 | 1.51,0.952,0.000,0,1,0,0,0,0,-1,0,0,0,,0,,0,,0,0,0,1
1723494747,772,4,4,8,8,11.862,0,0,0.10 | 0.11 | 0.11,0,2.65 | 3.43 | 4.51,0,0.89 | 1.17 | 1.51,0.952,0.000,0,1,0,0,0,0,-1,0,0,0,,0,,0,,0,0,0,1
1723494747,772,4,4,8,8,11.862,0,0,0.10 | 0.11 | 0.11,0,2.65 | 3.43 | 4.51,0,0.89 | 1.17 | 1.51,0.952,0.000,0,1,0,0,0,0,-1,0,0,0,,0,,0,,0,0,0,1
1723494748,772,4,4,8,8,10.799,0,0,0.10 | 0.11 | 0.11,0,2.65 | 3.43 | 4.51,0,0.89 | 1.17 | 1.51,0.952,0.000,0,1,0,0,0,0,-1,0,0,0,,0,,0,,0,0,0,1
1723494748,772,4,4,8,8,10.799,0,0,0.10 | 0.11 | 0.11,0,2.65 | 3.43 | 4.51,0,0.89 | 1.17 | 1.51,0.952,0.000,0,1,0,0,0,0,-1,0,0,0,,0,,0,,0,0,0,1
1723494748,772,4,4,8,8,10.799,0,0,0.10 | 0.11 | 0.11,0,2.65 | 3.43 | 4.51,0,0.89 | 1.17 | 1.51,0.952,0.000,0,1,0,0,0,0,-1,0,0,0,,0,,0,,0,0,0,1
1723494748,772,4,4,8,8,10.799,0,0,0.10 | 0.11 | 0.11,0,2.65 | 3.43 | 4.51,0,0.89 | 1.17 | 1.51,0.952,0.000,0,1,0,0,0,0,-1,0,0,0,,0,,0,,0,0,0,1
1723494748,772,4,4,8,8,10.799,0,0,0.10 | 0.11 | 0.11,0,2.65 | 3.43 | 4.51,0,0.89 | 1.17 | 1.51,0.952,0.000,0,1,0,0,0,0,-1,0,0,0,,0,,0,,0,0,0,1
1723494748,772,4,4,8,8,10.799,0,0,0.10 | 0.11 | 0.11,0,2.65 | 3.43 | 4.51,0,0.89 | 1.17 | 1.51,0.952,0.000,0,1,0,0,0,0,-1,0,0,0,,0,,0,,0,0,0,1
1723494748,772,4,4,8,8,10.799,0,0,0.10 | 0.11 | 0.11,0,2.65 | 3.43 | 4.51,0,0.89 | 1.17 | 1.51,0.952,0.000,0,1,0,0,0,0,-1,0,0,0,,0,,0,,0,0,0,1
1723494748,772,4,4,8,8,10.799,0,0,0.10 | 0.11 | 0.11,0,2.65 | 3.43 | 4.51,0,0.89 | 1.17 | 1.51,0.952,0.000,0,1,0,0,0,0,-1,0,0,0,,0,,0,,0,0,0,1
1723494748,772,4,4,8,8,10.799,0,0,0.10 | 0.11 | 0.11,0,2.65 | 3.43 | 4.51,0,0.89 | 1.17 | 1.51,0.952,0.000,0,1,0,0,0,0,-1,0,0,0,,0,,0,,0,0,0,1
1723494748,772,4,4,8,8,10.799,0,0,0.10 | 0.11 | 0.11,0,2.65 | 3.43 | 4.51,0,0.89 | 1.17 | 1.51,0.952,0.000,0,1,0,0,0,0,-1,0,0,0,,0,,0,,0,0,0,1
1723494749,772,4,4,8,8,10.002,0,0,0.10 | 0.11 | 0.11,0,2.65 | 3.43 | 4.51,0,0.89 | 1.17 | 1.51,0.952,0.000,0,1,0,0,0,0,-1,0,0,0,,0,,0,,0,0,0,1
1723494749,772,4,4,8,8,10.002,0,0,0.10 | 0.11 | 0.11,0,2.65 | 3.43 | 4.51,0,0.89 | 1.17 | 1.51,0.952,0.000,0,1,0,0,0,0,-1,0,0,0,,0,,0,,0,0,0,1
1723494749,772,4,4,8,8,10.002,0,0,0.10 | 0.11 | 0.11,0,2.65 | 3.43 | 4.51,0,0.89 | 1.17 | 1.51,0.952,0.000,0,1,0,0,0,0,-1,0,0,0,,0,,0,,0,0,0,1
1723494749,772,4,4,8,8,10.002,0,0,0.10 | 0.11 | 0.11,0,2.65 | 3.43 | 4.51,0,0.89 | 1.17 | 1.51,0.952,0.000,0,1,0,0,0,0,-1,0,0,0,,0,,0,,0,0,0,1
1723494749,772,4,4,8,8,10.002,0,0,0.10 | 0.11 | 0.11,0,2.65 | 3.43 | 4.51,0,0.89 | 1.17 | 1.51,0.952,0.000,0,1,0,0,0,0,-1,0,0,0,,0,,0,,0,0,0,1
1723494749,772,4,4,8,8,10.002,0,0,0.10 | 0.11 | 0.11,0,2.65 | 3.43 | 4.51,0,0.89 | 1.17 | 1.51,0.952,0.000,0,1,0,0,0,0,-1,0,0,0,,0,,0,,0,0,0,1
1723494749,772,4,4,8,8,10.002,0,0,0.10 | 0.11 | 0.11,0,2.65 | 3.43 | 4.51,0,0.89 | 1.17 | 1.51,0.952,0.000,0,1,0,0,0,0,-1,0,0,0,,0,,0,,0,0,0,1
1723494749,772,4,4,8,8,10.002,0,0,0.10 | 0.11 | 0.11,0,2.65 | 3.43 | 4.51,0,0.89 | 1.17 | 1.51,0.952,0.000,0,1,0,0,0,0,-1,0,0,0,,0,,0,,0,0,0,1
1723494749,772,4,4,8,8,10.002,0,0,0.10 | 0.11 | 0.11,0,2.65 | 3.43 | 4.51,0,0.89 | 1.17 | 1.51,0.952,0.000,0,1,0,0,0,0,-1,0,0,0,,0,,0,,0,0,0,1
1723494749,772,4,4,8,8,10.002,0,0,0.10 | 0.11 | 0.11,0,2.65 | 3.43 | 4.51,0,0.89 | 1.17 | 1.51,0.952,0.000,0,1,0,0,0,0,-1,0,0,0,,0,,0,,0,0,0,1
1723494750,772,4,4,8,8,11.983,0,0,0.10 | 0.11 | 0.11,0,2.31 | 3.31 | 4.51,0,0.89 | 1.21 | 1.73,0.953,0.000,0,1,0,0,0,0,-1,0,0,0,,0,,0,,0,0,0,1
1723494750,772,4,4,8,8,11.983,0,0,0.10 | 0.11 | 0.11,0,2.31 | 3.31 | 4.51,0,0.89 | 1.21 | 1.73,0.953,0.000,0,1,0,0,0,0,-1,0,0,0,,0,,0,,0,0,0,1
1723494750,772,4,4,8,8,11.983,0,0,0.10 | 0.11 | 0.11,0,2.31 | 3.31 | 4.51,0,0.89 | 1.21 | 1.73,0.953,0.000,0,1,0,0,0,0,-1,0,0,0,,0,,0,,0,0,0,1
1723494750,772,4,4,8,8,11.983,0,0,0.10 | 0.11 | 0.11,0,2.31 | 3.31 | 4.51,0,0.89 | 1.21 | 1.73,0.953,0.000,0,1,0,0,0,0,-1,0,0,0,,0,,0,,0,0,0,1
1723494750,772,4,4,8,8,11.983,0,0,0.10 | 0.11 | 0.11,0,2.31 | 3.31 | 4.51,0,0.89 | 1.21 | 1.73,0.953,0.000,0,1,0,0,0,0,-1,0,0,0,,0,,0,,0,0,0,1
1723494750,772,4,4,8,8,11.983,0,0,0.10 | 0.11 | 0.11,0,2.31 | 3.31 | 4.51,0,0.89 | 1.21 | 1.73,0.953,0.000,0,1,0,0,0,0,-1,0,0,0,,0,,0,,0,0,0,1
1723494750,772,4,4,8,8,11.983,0,0,0.10 | 0.11 | 0.11,0,2.31 | 3.31 | 4.51,0,0.89 | 1.21 | 1.73,0.953,0.000,0,1,0,0,0,0,-1,0,0,0,,0,,0,,0,0,0,1
1723494750,772,4,4,8,8,11.983,0,0,0.10 | 0.11 | 0.11,0,2.31 | 3.31 | 4.51,0,0.89 | 1.21 | 1.73,0.953,0.000,0,1,0,0,0,0,-1,0,0,0,,0,,0,,0,0,0,1
1723494750,772,4,4,8,8,11.983,0,0,0.10 | 0.11 | 0.11,0,2.31 | 3.31 | 4.51,0,0.89 | 1.21 | 1.73,0.953,0.000,0,1,0,0,0,0,-1,0,0,0,,0,,0,,0,0,0,1
1723494750,772,4,4,8,8,11.983,0,0,0.10 | 0.11 | 0.11,0,2.31 | 3.31 | 4.51,0,0.89 | 1.21 | 1.73,0.953,0.000,0,1,0,0,0,0,-1,0,0,0,,0,,0,,0,0,0,1
1723494751,772,4,4,8,8,11.077,0,0,0.10 | 0.11 | 0.11,0,2.31 | 3.31 | 4.51,0,0.89 | 1.21 | 1.73,0.953,0.000,0,1,0,0,0,0,-1,0,0,0,,0,,0,,0,0,0,1
1723494751,772,4,4,8,8,11.077,0,0,0.10 | 0.11 | 0.11,0,2.31 | 3.31 | 4.51,0,0.89 | 1.21 | 1.73,0.953,0.000,0,1,0,0,0,0,-1,0,0,0,,0,,0,,0,0,0,1
1723494751,772,4,4,8,8,11.077,0,0,0.10 | 0.11 | 0.11,0,2.31 | 3.31 | 4.51,0,0.89 | 1.21 | 1.73,0.953,0.000,0,1,0,0,0,0,-1,0,0,0,,0,,0,,0,0,0,1
1723494751,772,4,4,8,8,11.077,0,0,0.10 | 0.11 | 0.11,0,2.31 | 3.31 | 4.51,0,0.89 | 1.21 | 1.73,0.953,0.000,0,1,0,0,0,0,-1,0,0,0,,0,,0,,0,0,0,1
1723494751,772,4,4,8,8,11.077,0,0,0.10 | 0.11 | 0.11,0,2.31 | 3.31 | 4.51,0,0.89 | 1.21 | 1.73,0.953,0.000,0,1,0,0,0,0,-1,0,0,0,,0,,0,,0,0,0,1
1723494751,772,4,4,8,8,11.077,0,0,0.10 | 0.11 | 0.11,0,2.31 | 3.31 | 4.51,0,0.89 | 1.21 | 1.73,0.953,0.000,0,1,0,0,0,0,-1,0,0,0,,0,,0,,0,0,0,1
1723494751,772,4,4,8,8,11.077,0,0,0.10 | 0.11 | 0.11,0,2.31 | 3.31 | 4.51,0,0.89 | 1.21 | 1.73,0.953,0.000,0,1,0,0,0,0,-1,0,0,0,,0,,0,,0,0,0,1
1723494751,772,4,4,8,8,11.077,0,0,0.10 | 0.11 | 0.11,0,2.31 | 3.31 | 4.51,0,0.89 | 1.21 | 1.73,0.953,0.000,0,1,0,0,0,0,-1,0,0,0,,0,,0,,0,0,0,1
1723494751,772,4,4,8,8,11.077,0,0,0.10 | 0.11 | 0.11,0,2.31 | 3.31 | 4.51,0,0.89 | 1.21 | 1.73,0.953,0.000,0,1,0,0,0,0,-1,0,0,0,,0,,0,,0,0,0,1
1723494751,772,4,4,8,8,11.077,0,0,0.10 | 0.11 | 0.11,0,2.31 | 3.31 | 4.51,0,0.89 | 1.21 | 1.73,0.953,0.000,0,1,0,0,0,0,-1,0,0,0,,0,,0,,0,0,0,1
1723494752,772,4,4,8,8,10.015,0,0,0.10 | 0.11 | 0.11,0,2.31 | 3.31 | 4.51,0,0.89 | 1.21 | 1.73,0.953,0.000,0,1,0,0,0,0,-1,0,0,0,,0,,0,,0,0,0,1
1723494752,772,4,4,8,8,10.015,0,0,0.10 | 0.11 | 0.11,0,2.31 | 3.31 | 4.51,0,0.89 | 1.21 | 1.73,0.953,0.000,0,1,0,0,0,0,-1,0,0,0,,0,,0,,0,0,0,1
1723494752,772,4,4,8,8,10.015,0,0,0.10 | 0.11 | 0.11,0,2.31 | 3.31 | 4.51,0,0.89 | 1.21 | 1.73,0.953,0.000,0,1,0,0,0,0,-1,0,0,0,,0,,0,,0,0,0,1
1723494752,772,4,4,8,8,10.015,0,0,0.10 | 0.11 | 0.11,0,2.31 | 3.31 | 4.51,0,0.89 | 1.21 | 1.73,0.953,0.000,0,1,0,0,0,0,-1,0,0,0,,0,,0,,0,0,0,1
1723494752,772,4,4,8,8,10.015,0,0,0.10 | 0.11 | 0.11,0,2.31 | 3.31 | 4.51,0,0.89 | 1.21 | 1.73,0.953,0.000,0,1,0,0,0,0,-1,0,0,0,,0,,0,,0,0,0,1
1723494752,772,4,4,8,8,10.015,0,0,0.10 | 0.11 | 0.11,0,2.31 | 3.31 | 4.51,0,0.89 | 1.21 | 1.73,0.953,0.000,0,1,0,0,0,0,-1,0,0,0,,0,,0,,0,0,0,1
1723494752,772,4,4,8,8,10.015,0,0,0.10 | 0.11 | 0.11,0,2.31 | 3.31 | 4.51,0,0.89 | 1.21 | 1.73,0.953,0.000,0,1,0,0,0,0,-1,0,0,0,,0,,0,,0,0,0,1
1723494752,772,4,4,8,8,10.015,0,0,0.10 | 0.11 | 0.11,0,2.31 | 3.31 | 4.51,0,0.89 | 1.21 | 1.73,0.953,0.000,0,1,0,0,0,0,-1,0,0,0,,0,,0,,0,0,0,1
1723494752,772,4,4,8,8,10.015,0,0,0.10 | 0.11 | 0.11,0,2.31 | 3.31 | 4.51,0,0.89 | 1.21 | 1.73,0.953,0.000,0,1,0,0,0,0,-1,0,0,0,,0,,0,,0,0,0,1
1723494752,772,4,4,8,8,10.015,0,0,0.10 | 0.11 | 0.11,0,2.31 | 3.31 | 4.51,0,0.89 | 1.21 | 1.73,0.953,0.000,0,1,0,0,0,0,-1,0,0,0,,0,,0,,0,0,0,1
1723494753,772,4,4,8,8,9.218,0,0,0.10 | 0.11 | 0.11,0,2.31 | 3.31 | 4.51,0,0.89 | 1.21 | 1.73,0.953,0.000,0,1,0,0,0,0,-1,0,0,0,,0,,0,,0,0,0,1
1723494753,772,4,4,8,8,9.218,0,0,0.10 | 0.11 | 0.11,0,2.31 | 3.31 | 4.51,0,0.89 | 1.21 | 1.73,0.953,0.000,0,1,0,0,0,0,-1,0,0,0,,0,,0,,0,0,0,1
1723494753,772,4,4,8,8,9.218,0,0,0.10 | 0.11 | 0.11,0,2.31 | 3.31 | 4.51,0,0.89 | 1.21 | 1.73,0.953,0.000,0,1,0,0,0,0,-1,0,0,0,,0,,0,,0,0,0,1
1723494753,772,4,4,8,8,9.218,0,0,0.10 | 0.11 | 0.11,0,2.31 | 3.31 | 4.51,0,0.89 | 1.21 | 1.73,0.953,0.000,0,1,0,0,0,0,-1,0,0,0,,0,,0,,0,0,0,1
1723494753,772,4,4,8,8,9.218,0,0,0.10 | 0.11 | 0.11,0,2.31 | 3.31 | 4.51,0,0.89 | 1.21 | 1.73,0.953,0.000,0,1,0,0,0,0,-1,0,0,0,,0,,0,,0,0,0,1
1723494753,772,4,4,8,8,9.218,0,0,0.10 | 0.11 | 0.11,0,2.31 | 3.31 | 4.51,0,0.89 | 1.21 | 1.73,0.953,0.000,0,1,0,0,0,0,-1,0,0,0,,0,,0,,0,0,0,1
1723494753,772,4,4,8,8,9.218,0,0,0.10 | 0.11 | 0.11,0,2.31 | 3.31 | 4.51,0,0.89 | 1.21 | 1.73,0.953,0.000,0,1,0,0,0,0,-1,0,0,0,,0,,0,,0,0,0,1
1723494753,772,4,4,8,8,9.218,0,0,0.10 | 0.11 | 0.11,0,2.31 | 3.31 | 4.51,0,0.89 | 1.21 | 1.73,0.953,0.000,0,1,0,0,0,0,-1,0,0,0,,0,,0,,0,0,0,1
1723494753,772,4,4,8,8,9.218,0,0,0.10 | 0.11 | 0.11,0,2.31 | 3.31 | 4.51,0,0.89 | 1.21 | 1.73,0.953,0.000,0,1,0,0,0,0,-1,0,0,0,,0,,0,,0,0,0,1
1723494753,772,4,4,8,8,9.218,0,0,0.10 | 0.11 | 0.11,0,2.31 | 3.31 | 4.51,0,0.89 | 1.21 | 1.73,0.953,0.000,0,1,0,0,0,0,-1,0,0,0,,0,,0,,0,0,0,1
1723494754,772,4,4,8,8,8.155,0,0,0.10 | 0.11 | 0.11,0,2.31 | 3.31 | 4.51,0,0.89 | 1.21 | 1.73,0.953,0.000,0,1,0,0,0,0,-1,0,0,0,,0,,0,,0,0,0,1
1723494754,772,4,4,8,8,8.155,0,0,0.10 | 0.11 | 0.11,0,2.31 | 3.31 | 4.51,0,0.89 | 1.21 | 1.73,0.953,0.000,0,1,0,0,0,0,-1,0,0,0,,0,,0,,0,0,0,1
1723494754,772,4,4,8,8,8.155,0,0,0.10 | 0.11 | 0.11,0,2.31 | 3.31 | 4.51,0,0.89 | 1.21 | 1.73,0.953,0.000,0,1,0,0,0,0,-1,0,0,0,,0,,0,,0,0,0,1
1723494754,772,4,4,8,8,8.155,0,0,0.10 | 0.11 | 0.11,0,2.31 | 3.31 | 4.51,0,0.89 | 1.21 | 1.73,0.953,0.000,0,1,0,0,0,0,-1,0,0,0,,0,,0,,0,0,0,1
1723494754,772,4,4,8,8,8.155,0,0,0.10 | 0.11 | 0.11,0,2.31 | 3.31 | 4.51,0,0.89 | 1.21 | 1.73,0.953,0.000,0,1,0,0,0,0,-1,0,0,0,,0,,0,,0,0,0,1
1723494754,772,4,4,8,8,8.155,0,0,0.10 | 0.11 | 0.11,0,2.31 | 3.31 | 4.51,0,0.89 | 1.21 | 1.73,0.953,0.000,0,1,0,0,0,0,-1,0,0,0,,0,,0,,0,0,0,1
1723494754,772,4,4,8,8,8.155,0,0,0.10 | 0.11 | 0.11,0,2.31 | 3.31 | 4.51,0,0.89 | 1.21 | 1.73,0.953,0.000,0,1,0,0,0,0,-1,0,0,0,,0,,0,,0,0,0,1
1723494754,772,4,4,8,8,8.155,0,0,0.10 | 0.11 | 0.11,0,2.31 | 3.31 | 4.51,0,0.89 | 1.21 | 1.73,0.953,0.000,0,1,0,0,0,0,-1,0,0,0,,0,,0,,0,0,0,1
1723494754,772,4,4,8,8,8.155,0,0,0.10 | 0.11 | 0.11,0,2.31 | 3.31 | 4.51,0,0.89 | 1.21 | 1.73,0.953,0.000,0,1,0,0,0,0,-1,0,0,0,,0,,0,,0,0,0,1
1723494754,772,4,4,8,8,8.155,0,0,0.10 | 0.11 | 0.11,0,2.31 | 3.31 | 4.51,0,0.89 | 1.21 | 1.73,0.953,0.000,0,1,0,0,0,0,-1,0,0,0,,0,,0,,0,0,0,1
1723494755,772,4,4,8,8,11.893,0,0,0.10 | 0.11 | 0.11,0,2.31 | 3.27 | 4.35,0,0.92 | 1.22 | 1.73,0.953,0.000,0,1,0,0,0,0,-1,0,0,0,,0,,0,,0,0,0,1
1723494755,772,4,4,8,8,11.893,0,0,0.10 | 0.11 | 0.11,0,2.31 | 3.27 | 4.35,0,0.92 | 1.22 | 1.73,0.953,0.000,0,1,0,0,0,0,-1,0,0,0,,0,,0,,0,0,0,1
1723494755,772,4,4,8,8,11.893,0,0,0.10 | 0.11 | 0.11,0,2.31 | 3.27 | 4.35,0,0.92 | 1.22 | 1.73,0.953,0.000,0,1,0,0,0,0,-1,0,0,0,,0,,0,,0,0,0,1
1723494755,772,4,4,8,8,11.893,0,0,0.10 | 0.11 | 0.11,0,2.31 | 3.27 | 4.35,0,0.92 | 1.22 | 1.73,0.953,0.000,0,1,0,0,0,0,-1,0,0,0,,0,,0,,0,0,0,1
1723494755,772,4,4,8,8,11.893,0,0,0.10 | 0.11 | 0.11,0,2.31 | 3.27 | 4.35,0,0.92 | 1.22 | 1.73,0.953,0.000,0,1,0,0,0,0,-1,0,0,0,,0,,0,,0,0,0,1
1723494755,772,4,4,8,8,11.893,0,0,0.10 | 0.11 | 0.11,0,2.31 | 3.27 | 4.35,0,0.92 | 1.22 | 1.73,0.953,0.000,0,1,0,0,0,0,-1,0,0,0,,0,,0,,0,0,0,1
1723494755,772,4,4,8,8,11.893,0,0,0.10 | 0.11 | 0.11,0,2.31 | 3.27 | 4.35,0,0.92 | 1.22 | 1.73,0.953,0.000,0,1,0,0,0,0,-1,0,0,0,,0,,0,,0,0,0,1
1723494755,772,4,4,8,8,11.893,0,0,0.10 | 0.11 | 0.11,0,2.31 | 3.27 | 4.35,0,0.92 | 1.22 | 1.73,0.953,0.000,0,1,0,0,0,0,-1,0,0,0,,0,,0,,0,0,0,1
1723494755,772,4,4,8,8,11.893,0,0,0.10 | 0.11 | 0.11,0,2.31 | 3.27 | 4.35,0,0.92 | 1.22 | 1.73,0.953,0.000,0,1,0,0,0,0,-1,0,0,0,,0,,0,,0,0,0,1
1723494755,772,4,4,8,8,11.893,0,0,0.10 | 0.11 | 0.11,0,2.31 | 3.27 | 4.35,0,0.92 | 1.22 | 1.73,0.953,0.000,0,1,0,0,0,0,-1,0,0,0,,0,,0,,0,0,0,1
1723494756,772,4,4,8,8,10.83,0,0,0.10 | 0.11 | 0.11,0,2.31 | 3.27 | 4.35,0,0.92 | 1.22 | 1.73,0.953,0.000,0,1,0,0,0,0,-1,0,0,0,,0,,0,,0,0,0,1
1723494756,772,4,4,8,8,10.83,0,0,0.10 | 0.11 | 0.11,0,2.31 | 3.27 | 4.35,0,0.92 | 1.22 | 1.73,0.953,0.000,0,1,0,0,0,0,-1,0,0,0,,0,,0,,0,0,0,1
1723494756,772,4,4,8,8,10.83,0,0,0.10 | 0.11 | 0.11,0,2.31 | 3.27 | 4.35,0,0.92 | 1.22 | 1.73,0.953,0.000,0,1,0,0,0,0,-1,0,0,0,,0,,0,,0,0,0,1
1723494756,772,4,4,8,8,10.83,0,0,0.10 | 0.11 | 0.11,0,2.31 | 3.27 | 4.35,0,0.92 | 1.22 | 1.73,0.953,0.000,0,1,0,0,0,0,-1,0,0,0,,0,,0,,0,0,0,1
1723494756,772,4,4,8,8,10.83,0,0,0.10 | 0.11 | 0.11,0,2.31 | 3.27 | 4.35,0,0.92 | 1.22 | 1.73,0.953,0.000,0,1,0,0,0,0,-1,0,0,0,,0,,0,,0,0,0,1
1723494756,772,4,4,8,8,10.83,0,0,0.10 | 0.11 | 0.11,0,2.31 | 3.27 | 4.35,0,0.92 | 1.22 | 1.73,0.953,0.000,0,1,0,0,0,0,-1,0,0,0,,0,,0,,0,0,0,1
1723494756,772,4,4,8,8,10.83,0,0,0.10 | 0.11 | 0.11,0,2.31 | 3.27 | 4.35,0,0.92 | 1.22 | 1.73,0.953,0.000,0,1,0,0,0,0,-1,0,0,0,,0,,0,,0,0,0,1
1723494756,772,4,4,8,8,10.83,0,0,0.10 | 0.11 | 0.11,0,2.31 | 3.27 | 4.35,0,0.92 | 1.22 | 1.73,0.953,0.000,0,1,0,0,0,0,-1,0,0,0,,0,,0,,0,0,0,1
1723494756,772,4,4,8,8,10.83,0,0,0.10 | 0.11 | 0.11,0,2.31 | 3.27 | 4.35,0,0.92 | 1.22 | 1.73,0.953,0.000,0,1,0,0,0,0,-1,0,0,0,,0,,0,,0,0,0,1
1723494756,772,4,4,8,8,10.83,0,0,0.10 | 0.11 | 0.11,0,2.31 | 3.27 | 4.35,0,0.92 | 1.22 | 1.73,0.953,0.000,0,1,0,0,0,0,-1,0,0,0,,0,,0,,0,0,0,1
1723494757,772,4,4,8,8,10.033,0,0,0.10 | 0.11 | 0.11,0,2.31 | 3.27 | 4.35,0,0.92 | 1.22 | 1.73,0.953,0.000,0,1,0,0,0,0,-1,0,0,0,,0,,0,,0,0,0,1
1723494757,772,4,4,8,8,10.033,0,0,0.10 | 0.11 | 0.11,0,2.31 | 3.27 | 4.35,0,0.92 | 1.22 | 1.73,0.953,0.000,0,1,0,0,0,0,-1,0,0,0,,0,,0,,0,0,0,1
1723494757,772,4,4,8,8,10.033,0,0,0.10 | 0.11 | 0.11,0,2.31 | 3.27 | 4.35,0,0.92 | 1.22 | 1.73,0.953,0.000,0,1,0,0,0,0,-1,0,0,0,,0,,0,,0,0,0,1
1723494757,772,4,4,8,8,10.033,0,0,0.10 | 0.11 | 0.11,0,2.31 | 3.27 | 4.35,0,0.92 | 1.22 | 1.73,0.953,0.000,0,1,0,0,0,0,-1,0,0,0,,0,,0,,0,0,0,1
1723494757,772,4,4,8,8,10.033,0,0,0.10 | 0.11 | 0.11,0,2.31 | 3.27 | 4.35,0,0.92 | 1.22 | 1.73,0.953,0.000,0,1,0,0,0,0,-1,0,0,0,,0,,0,,0,0,0,1
1723494757,772,4,4,8,8,10.033,0,0,0.10 | 0.11 | 0.11,0,2.31 | 3.27 | 4.35,0,0.92 | 1.22 | 1.73,0.953,0.000,0,1,0,0,0,0,-1,0,0,0,,0,,0,,0,0,0,1
1723494757,772,4,4,8,8,10.033,0,0,0.10 | 0.11 | 0.11,0,2.31 | 3.27 | 4.35,0,0.92 | 1.22 | 1.73,0.953,0.000,0,1,0,0,0,0,-1,0,0,0,,0,,0,,0,0,0,1
1723494757,772,4,4,8,8,10.033,0,0,0.10 | 0.11 | 0.11,0,2.31 | 3.27 | 4.35,0,0.92 | 1.22 | 1.73,0.953,0.000,0,1,0,0,0,0,-1,0,0,0,,0,,0,,0,0,0,1
1723494757,772,4,4,8,8,10.033,0,0,0.10 | 0.11 | 0.11,0,2.31 | 3.27 | 4.35,0,0.92 | 1.22 | 1.73,0.953,0.000,0,1,0,0,0,0,-1,0,0,0,,0,,0,,0,0,0,1
1723494757,772,4,4,8,8,10.033,0,0,0.10 | 0.11 | 0.11,0,2.31 | 3.27 | 4.35,0,0.92 | 1.22 | 1.73,0.953,0.000,0,1,0,0,0,0,-1,0,0,0,,0,,0,,0,0,0,1
1723494758,772,4,4,8,8,8.97,0,0,0.10 | 0.11 | 0.11,0,2.31 | 3.27 | 4.35,0,0.92 | 1.22 | 1.73,0.953,0.000,0,1,0,0,0,0,-1,0,0,0,,0,,0,,0,0,0,1
1723494758,772,4,4,8,8,8.97,0,0,0.10 | 0.11 | 0.11,0,2.31 | 3.27 | 4.35,0,0.92 | 1.22 | 1.73,0.953,0.000,0,1,0,0,0,0,-1,0,0,0,,0,,0,,0,0,0,1
1723494758,772,4,4,8,8,8.97,0,0,0.10 | 0.11 | 0.11,0,2.31 | 3.27 | 4.35,0,0.92 | 1.22 | 1.73,0.953,0.000,0,1,0,0,0,0,-1,0,0,0,,0,,0,,0,0,0,1
1723494758,772,4,4,8,8,8.97,0,0,0.10 | 0.11 | 0.11,0,2.31 | 3.27 | 4.35,0,0.92 | 1.22 | 1.73,0.953,0.000,0,1,0,0,0,0,-1,0,0,0,,0,,0,,0,0,0,1
1723494758,772,4,4,8,8,8.97,0,0,0.10 | 0.11 | 0.11,0,2.31 | 3.27 | 4.35,0,0.92 | 1.22 | 1.73,0.953,0.000,0,1,0,0,0,0,-1,0,0,0,,0,,0,,0,0,0,1
1723494758,772,4,4,8,8,8.97,0,0,0.10 | 0.11 | 0.11,0,2.31 | 3.27 | 4.35,0,0.92 | 1.22 | 1.73,0.953,0.000,0,1,0,0,0,0,-1,0,0,0,,0,,0,,0,0,0,1
1723494758,772,4,4,8,8,8.97,0,0,0.10 | 0.11 | 0.11,0,2.31 | 3.27 | 4.35,0,0.92 | 1.22 | 1.73,0.953,0.000,0,1,0,0,0,0,-1,0,0,0,,0,,0,,0,0,0,1
1723494758,772,4,4,8,8,8.97,0,0,0.10 | 0.11 | 0.11,0,2.31 | 3.27 | 4.35,0,0.92 | 1.22 | 1.73,0.953,0.000,0,1,0,0,0,0,-1,0,0,0,,0,,0,,0,0,0,1
1723494758,772,4,4,8,8,8.97,0,0,0.10 | 0.11 | 0.11,0,2.31 | 3.27 | 4.35,0,0.92 | 1.22 | 1.73,0.953,0.000,0,1,0,0,0,0,-1,0,0,0,,0,,0,,0,0,0,1
1723494758,772,4,4,8,8,8.97,0,0,0.10 | 0.11 | 0.11,0,2.31 | 3.27 | 4.35,0,0.92 | 1.22 | 1.73,0.953,0.000,0,1,0,0,0,0,-1,0,0,0,,0,,0,,0,0,0,1
1723494759,772,4,4,8,8,11.108,0,0,0.10 | 0.11 | 0.11,0,2.31 | 3.33 | 4.35,0,0.92 | 1.20 | 1.73,0.953,0.000,0,1,0,0,0,0,-1,0,0,0,,0,,0,,0,0,0,1
1723494759,772,4,4,8,8,11.108,0,0,0.10 | 0.11 | 0.11,0,2.31 | 3.33 | 4.35,0,0.92 | 1.20 | 1.73,0.953,0.000,0,1,0,0,0,0,-1,0,0,0,,0,,0,,0,0,0,1
1723494759,772,4,4,8,8,11.108,0,0,0.10 | 0.11 | 0.11,0,2.31 | 3.33 | 4.35,0,0.92 | 1.20 | 1.73,0.953,0.000,0,1,0,0,0,0,-1,0,0,0,,0,,0,,0,0,0,1
1723494759,772,4,4,8,8,11.108,0,0,0.10 | 0.11 | 0.11,0,2.31 | 3.33 | 4.35,0,0.92 | 1.20 | 1.73,0.953,0.000,0,1,0,0,0,0,-1,0,0,0,,0,,0,,0,0,0,1
1723494759,772,4,4,8,8,11.108,0,0,0.10 | 0.11 | 0.11,0,2.31 | 3.33 | 4.35,0,0.92 | 1.20 | 1.73,0.953,0.000,0,1,0,0,0,0,-1,0,0,0,,0,,0,,0,0,0,1
1723494759,772,4,4,8,8,11.108,0,0,0.10 | 0.11 | 0.11,0,2.31 | 3.33 | 4.35,0,0.92 | 1.20 | 1.73,0.953,0.000,0,1,0,0,0,0,-1,0,0,0,,0,,0,,0,0,0,1
1723494759,772,4,4,8,8,11.108,0,0,0.10 | 0.11 | 0.11,0,2.31 | 3.33 | 4.35,0,0.92 | 1.20 | 1.73,0.953,0.000,0,1,0,0,0,0,-1,0,0,0,,0,,0,,0,0,0,1
1723494759,772,4,4,8,8,11.108,0,0,0.10 | 0.11 | 0.11,0,2.31 | 3.33 | 4.35,0,0.92 | 1.20 | 1.73,0.953,0.000,0,1,0,0,0,0,-1,0,0,0,,0,,0,,0,0,0,1
1723494759,772,4,4,8,8,11.108,0,0,0.10 | 0.11 | 0.11,0,2.31 | 3.33 | 4.35,0,0.92 | 1.20 | 1.73,0.953,0.000,0,1,0,0,0,0,-1,0,0,0,,0,,0,,0,0,0,1
1723494759,772,4,4,8,8,11.108,0,0,0.10 | 0.11 | 0.11,0,2.31 | 3.33 | 4.35,0,0.92 | 1.20 | 1.73,0.953,0.000,0,1,0,0,0,0,-1,0,0,0,,0,,0,,0,0,0,1
1723494760,772,4,4,8,8,9.987,0,0,0.10 | 0.11 | 0.11,0,2.31 | 3.33 | 4.35,0,0.92 | 1.20 | 1.73,0.953,0.000,0,1,0,0,0,0,-1,0,0,0,,0,,0,,0,0,0,1
1723494760,772,4,4,8,8,9.987,0,0,0.10 | 0.11 | 0.11,0,2.31 | 3.33 | 4.35,0,0.92 | 1.20 | 1.73,0.953,0.000,0,1,0,0,0,0,-1,0,0,0,,0,,0,,0,0,0,1
1723494760,772,4,4,8,8,9.987,0,0,0.10 | 0.11 | 0.11,0,2.31 | 3.33 | 4.35,0,0.92 | 1.20 | 1.73,0.953,0.000,0,1,0,0,0,0,-1,0,0,0,,0,,0,,0,0,0,1
1723494760,772,4,4,8,8,9.987,0,0,0.10 | 0.11 | 0.11,0,2.31 | 3.33 | 4.35,0,0.92 | 1.20 | 1.73,0.953,0.000,0,1,0,0,0,0,-1,0,0,0,,0,,0,,0,0,0,1
1723494760,772,4,4,8,8,9.987,0,0,0.10 | 0.11 | 0.11,0,2.31 | 3.33 | 4.35,0,0.92 | 1.20 | 1.73,0.953,0.000,0,1,0,0,0,0,-1,0,0,0,,0,,0,,0,0,0,1
1723494760,772,4,4,8,8,9.987,0,0,0.10 | 0.11 | 0.11,0,2.31 | 3.33 | 4.35,0,0.92 | 1.20 | 1.73,0.953,0.000,0,1,0,0,0,0,-1,0,0,0,,0,,0,,0,0,0,1
1723494760,772,4,4,8,8,9.987,0,0,0.10 | 0.11 | 0.11,0,2.31 | 3.33 | 4.35,0,0.92 | 1.20 | 1.73,0.953,0.000,0,1,0,0,0,0,-1,0,0,0,,0,,0,,0,0,0,1
1723494760,772,4,4,8,8,9.987,0,0,0.10 | 0.11 | 0.11,0,2.31 | 3.33 | 4.35,0,0.92 | 1.20 | 1.73,0.953,0.000,0,1,0,0,0,0,-1,0,0,0,,0,,0,,0,0,0,1
1723494760,772,4,4,8,8,9.987,0,0,0.10 | 0.11 | 0.11,0,2.31 | 3.33 | 4.35,0,0.92 | 1.20 | 1.73,0.953,0.000,0,1,0,0,0,0,-1,0,0,0,,0,,0,,0,0,0,1
1723494760,772,4,4,8,8,9.987,0,0,0.10 | 0.11 | 0.11,0,2.31 | 3.33 | 4.35,0,0.92 | 1.20 | 1.73,0.953,0.000,0,1,0,0,0,0,-1,0,0,0,,0,,0,,0,0,0,1
1723494761,772,4,4,8,8,8.983,0,0,0.10 | 0.11 | 0.11,0,2.31 | 3.33 | 4.35,0,0.92 | 1.20 | 1.73,0.953,0.000,0,1,0,0,0,0,-1,0,0,0,,0,,0,,0,0,0,1
1723494761,772,4,4,8,8,8.983,0,0,0.10 | 0.11 | 0.11,0,2.31 | 3.33 | 4.35,0,0.92 | 1.20 | 1.73,0.953,0.000,0,1,0,0,0,0,-1,0,0,0,,0,,0,,0,0,0,1
1723494761,772,4,4,8,8,8.983,0,0,0.10 | 0.11 | 0.11,0,2.31 | 3.33 | 4.35,0,0.92 | 1.20 | 1.73,0.953,0.000,0,1,0,0,0,0,-1,0,0,0,,0,,0,,0,0,0,1
1723494761,772,4,4,8,8,8.983,0,0,0.10 | 0.11 | 0.11,0,2.31 | 3.33 | 4.35,0,0.92 | 1.20 | 1.73,0.953,0.000,0,1,0,0,0,0,-1,0,0,0,,0,,0,,0,0,0,1
1723494761,772,4,4,8,8,8.983,0,0,0.10 | 0.11 | 0.11,0,2.31 | 3.33 | 4.35,0,0.92 | 1.20 | 1.73,0.953,0.000,0,1,0,0,0,0,-1,0,0,0,,0,,0,,0,0,0,1
1723494761,772,4,4,8,8,8.983,0,0,0.10 | 0.11 | 0.11,0,2.31 | 3.33 | 4.35,0,0.92 | 1.20 | 1.73,0.953,0.000,0,1,0,0,0,0,-1,0,0,0,,0,,0,,0,0,0,1
1723494761,772,4,4,8,8,8.983,0,0,0.10 | 0.11 | 0.11,0,2.31 | 3.33 | 4.35,0,0.92 | 1.20 | 1.73,0.953,0.000,0,1,0,0,0,0,-1,0,0,0,,0,,0,,0,0,0,1
1723494761,772,4,4,8,8,8.983,0,0,0.10 | 0.11 | 0.11,0,2.31 | 3.33 | 4.35,0,0.92 | 1.20 | 1.73,0.953,0.000,0,1,0,0,0,0,-1,0,0,0,,0,,0,,0,0,0,1
1723494761,772,4,4,8,8,8.983,0,0,0.10 | 0.11 | 0.11,0,2.31 | 3.33 | 4.35,0,0.92 | 1.20 | 1.73,0.953,0.000,0,1,0,0,0,0,-1,0,0,0,,0,,0,,0,0,0,1
1723494761,772,4,4,8,8,8.983,0,0,0.10 | 0.11 | 0.11,0,2.31 | 3.33 | 4.35,0,0.92 | 1.20 | 1.73,0.953,0.000,0,1,0,0,0,0,-1,0,0,0,,0,,0,,0,0,0,1
1723494762,772,4,4,8,8,8.186,0,0,0.10 | 0.11 | 0.11,0,2.31 | 3.33 | 4.35,0,0.92 | 1.20 | 1.73,0.953,0.000,0,1,0,0,0,0,-1,0,0,0,,0,,0,,0,0,0,1
1723494762,772,4,4,8,8,8.186,0,0,0.10 | 0.11 | 0.11,0,2.31 | 3.33 | 4.35,0,0.92 | 1.20 | 1.73,0.953,0.000,0,1,0,0,0,0,-1,0,0,0,,0,,0,,0,0,0,1
1723494762,772,4,4,8,8,8.186,0,0,0.10 | 0.11 | 0.11,0,2.31 | 3.33 | 4.35,0,0.92 | 1.20 | 1.73,0.953,0.000,0,1,0,0,0,0,-1,0,0,0,,0,,0,,0,0,0,1
1723494762,772,4,4,8,8,8.186,0,0,0.10 | 0.11 | 0.11,0,2.31 | 3.33 | 4.35,0,0.92 | 1.20 | 1.73,0.953,0.000,0,1,0,0,0,0,-1,0,0,0,,0,,0,,0,0,0,1
1723494762,772,4,4,8,8,8.186,0,0,0.10 | 0.11 | 0.11,0,2.31 | 3.33 | 4.35,0,0.92 | 1.20 | 1.73,0.953,0.000,0,1,0,0,0,0,-1,0,0,0,,0,,0,,0,0,0,1
1723494762,772,4,4,8,8,8.186,0,0,0.10 | 0.11 | 0.11,0,2.31 | 3.33 | 4.35,0,0.92 | 1.20 | 1.73,0.953,0.000,0,1,0,0,0,0,-1,0,0,0,,0,,0,,0,0,0,1
1723494762,772,4,4,8,8,8.186,0,0,0.10 | 0.11 | 0.11,0,2.31 | 3.33 | 4.35,0,0.92 | 1.20 | 1.73,0.953,0.000,0,1,0,0,0,0,-1,0,0,0,,0,,0,,0,0,0,1
1723494762,772,4,4,8,8,8.186,0,0,0.10 | 0.11 | 0.11,0,2.31 | 3.33 | 4.35,0,0.92 | 1.20 | 1.73,0.953,0.000,0,1,0,0,0,0,-1,0,0,0,,0,,0,,0,0,0,1
1723494762,772,4,4,8,8,8.186,0,0,0.10 | 0.11 | 0.11,0,2.31 | 3.33 | 4.35,0,0.92 | 1.20 | 1.73,0.953,0.000,0,1,0,0,0,0,-1,0,0,0,,0,,0,,0,0,0,1
1723494762,772,4,4,8,8,8.186,0,0,0.10 | 0.11 | 0.11,0,2.31 | 3.33 | 4.35,0,0.92 | 1.20 | 1.73,0.953,0.000,0,1,0,0,0,0,-1,0,0,0,,0,,0,,0,0,0,1
1723494763,772,4,4,8,8,11.924,0,0,0.10 | 0.11 | 0.11,0,2.31 | 3.37 | 4.35,0,0.92 | 1.19 | 1.73,0.953,0.000,0,1,0,0,0,0,-1,0,0,0,,0,,0,,0,0,0,1
1723494763,772,4,4,8,8,11.924,0,0,0.10 | 0.11 | 0.11,0,2.31 | 3.37 | 4.35,0,0.92 | 1.19 | 1.73,0.953,0.000,0,1,0,0,0,0,-1,0,0,0,,0,,0,,0,0,0,1
1723494763,772,4,4,8,8,11.924,0,0,0.10 | 0.11 | 0.11,0,2.31 | 3.37 | 4.35,0,0.92 | 1.19 | 1.73,0.953,0.000,0,1,0,0,0,0,-1,0,0,0,,0,,0,,0,0,0,1
1723494763,772,4,4,8,8,11.924,0,0,0.10 | 0.11 | 0.11,0,2.31 | 3.37 | 4.35,0,0.92 | 1.19 | 1.73,0.953,0.000,0,1,0,0,0,0,-1,0,0,0,,0,,0,,0,0,0,1
1723494763,772,4,4,8,8,11.924,0,0,0.10 | 0.11 | 0.11,0,2.31 | 3.37 | 4.35,0,0.92 | 1.19 | 1.73,0.953,0.000,0,1,0,0,0,0,-1,0,0,0,,0,,0,,0,0,0,1
1723494763,772,4,4,8,8,11.924,0,0,0.10 | 0.11 | 0.11,0,2.31 | 3.37 | 4.35,0,0.92 | 1.19 | 1.73,0.953,0.000,0,1,0,0,0,0,-1,0,0,0,,0,,0,,0,0,0,1
1723494763,772,4,4,8,8,11.924,0,0,0.10 | 0.11 | 0.11,0,2.31 | 3.37 | 4.35,0,0.92 | 1.19 | 1.73,0.953,0.000,0,1,0,0,0,0,-1,0,0,0,,0,,0,,0,0,0,1
1723494763,772,4,4,8,8,11.924,0,0,0.10 | 0.11 | 0.11,0,2.31 | 3.37 | 4.35,0,0.92 | 1.19 | 1.73,0.953,0.000,0,1,0,0,0,0,-1,0,0,0,,0,,0,,0,0,0,1
1723494763,772,4,4,8,8,11.924,0,0,0.10 | 0.11 | 0.11,0,2.31 | 3.37 | 4.35,0,0.92 | 1.19 | 1.73,0.953,0.000,0,1,0,0,0,0,-1,0,0,0,,0,,0,,0,0,0,1
1723494763,772,4,4,8,8,11.924,0,0,0.10 | 0.11 | 0.11,0,2.31 | 3.37 | 4.35,0,0.92 | 1.19 | 1.73,0.953,0.000,0,1,0,0,0,0,-1,0,0,0,,0,,0,,0,0,0,1
1723494764,772,4,4,8,8,10.862,0,0,0.10 | 0.11 | 0.11,0,2.31 | 3.37 | 4.35,0,0.92 | 1.19 | 1.73,0.953,0.000,0,1,0,0,0,0,-1,0,0,0,,0,,0,,0,0,0,1
1723494764,772,4,4,8,8,10.862,0,0,0.10 | 0.11 | 0.11,0,2.31 | 3.37 | 4.35,0,0.92 | 1.19 | 1.73,0.953,0.000,0,1,0,0,0,0,-1,0,0,0,,0,,0,,0,0,0,1
1723494764,772,4,4,8,8,10.862,0,0,0.10 | 0.11 | 0.11,0,2.31 | 3.37 | 4.35,0,0.92 | 1.19 | 1.73,0.953,0.000,0,1,0,0,0,0,-1,0,0,0,,0,,0,,0,0,0,1
1723494764,772,4,4,8,8,10.862,0,0,0.10 | 0.11 | 0.11,0,2.31 | 3.37 | 4.35,0,0.92 | 1.19 | 1.73,0.953,0.000,0,1,0,0,0,0,-1,0,0,0,,0,,0,,0,0,0,1
1723494764,772,4,4,8,8,10.862,0,0,0.10 | 0.11 | 0.11,0,2.31 | 3.37 | 4.35,0,0.92 | 1.19 | 1.73,0.953,0.000,0,1,0,0,0,0,-1,0,0,0,,0,,0,,0,0,0,1
1723494764,772,4,4,8,8,10.862,0,0,0.10 | 0.11 | 0.11,0,2.31 | 3.37 | 4.35,0,0.92 | 1.19 | 1.73,0.953,0.000,0,1,0,0,0,0,-1,0,0,0,,0,,0,,0,0,0,1
1723494764,772,4,4,8,8,10.862,0,0,0.10 | 0.11 | 0.11,0,2.31 | 3.37 | 4.35,0,0.92 | 1.19 | 1.73,0.953,0.000,0,1,0,0,0,0,-1,0,0,0,,0,,0,,0,0,0,1
1723494764,772,4,4,8,8,10.862,0,0,0.10 | 0.11 | 0.11,0,2.31 | 3.37 | 4.35,0,0.92 | 1.19 | 1.73,0.953,0.000,0,1,0,0,0,0,-1,0,0,0,,0,,0,,0,0,0,1
1723494764,772,4,4,8,8,10.862,0,0,0.10 | 0.11 | 0.11,0,2.31 | 3.37 | 4.35,0,0.92 | 1.19 | 1.73,0.953,0.000,0,1,0,0,0,0,-1,0,0,0,,0,,0,,0,0,0,1
1723494764,772,4,4,8,8,10.862,0,0,0.10 | 0.11 | 0.11,0,2.31 | 3.37 | 4.35,0,0.92 | 1.19 | 1.73,0.953,0.000,0,1,0,0,0,0,-1,0,0,0,,0,,0,,0,0,0,1
1723494765,772,4,4,8,8,9.799,0,0,0.10 | 0.11 | 0.11,0,2.31 | 3.37 | 4.35,0,0.92 | 1.19 | 1.73,0.953,0.000,0,1,0,0,0,0,-1,0,0,0,,0,,0,,0,0,0,1
1723494765,772,4,4,8,8,9.799,0,0,0.10 | 0.11 | 0.11,0,2.31 | 3.37 | 4.35,0,0.92 | 1.19 | 1.73,0.953,0.000,0,1,0,0,0,0,-1,0,0,0,,0,,0,,0,0,0,1
1723494765,772,4,4,8,8,9.799,0,0,0.10 | 0.11 | 0.11,0,2.31 | 3.37 | 4.35,0,0.92 | 1.19 | 1.73,0.953,0.000,0,1,0,0,0,0,-1,0,0,0,,0,,0,,0,0,0,1
1723494765,772,4,4,8,8,9.799,0,0,0.10 | 0.11 | 0.11,0,2.31 | 3.37 | 4.35,0,0.92 | 1.19 | 1.73,0.953,0.000,0,1,0,0,0,0,-1,0,0,0,,0,,0,,0,0,0,1
1723494765,772,4,4,8,8,9.799,0,0,0.10 | 0.11 | 0.11,0,2.31 | 3.37 | 4.35,0,0.92 | 1.19 | 1.73,0.953,0.000,0,1,0,0,0,0,-1,0,0,0,,0,,0,,0,0,0,1
1723494765,772,4,4,8,8,9.799,0,0,0.10 | 0.11 | 0.11,0,2.31 | 3.37 | 4.35,0,0.92 | 1.19 | 1.73,0.953,0.000,0,1,0,0,0,0,-1,0,0,0,,0,,0,,0,0,0,1
1723494765,772,4,4,8,8,9.799,0,0,0.10 | 0.11 | 0.11,0,2.31 | 3.37 | 4.35,0,0.92 | 1.19 | 1.73,0.953,0.000,0,1,0,0,0,0,-1,0,0,0,,0,,0,,0,0,0,1
1723494765,772,4,4,8,8,9.799,0,0,0.10 | 0.11 | 0.11,0,2.31 | 3.37 | 4.35,0,0.92 | 1.19 | 1.73,0.953,0.000,0,1,0,0,0,0,-1,0,0,0,,0,,0,,0,0,0,1
1723494765,772,4,4,8,8,9.799,0,0,0.10 | 0.11 | 0.11,0,2.31 | 3.37 | 4.35,0,0.92 | 1.19 | 1.73,0.953,0.000,0,1,0,0,0,0,-1,0,0,0,,0,,0,,0,0,0,1
1723494765,772,4,4,8,8,9.799,0,0,0.10 | 0.11 | 0.11,0,2.31 | 3.37 | 4.35,0,0.92 | 1.19 | 1.73,0.953,0.000,0,1,0,0,0,0,-1,0,0,0,,0,,0,,0,0,0,1
1723494766,772,4,4,8,8,9.002,0,0,0.10 | 0.11 | 0.11,0,2.31 | 3.37 | 4.35,0,0.92 | 1.19 | 1.73,0.953,0.000,0,1,0,0,0,0,-1,0,0,0,,0,,0,,0,0,0,1
1723494766,772,4,4,8,8,9.002,0,0,0.10 | 0.11 | 0.11,0,2.31 | 3.37 | 4.35,0,0.92 | 1.19 | 1.73,0.953,0.000,0,1,0,0,0,0,-1,0,0,0,,0,,0,,0,0,0,1
1723494766,772,4,4,8,8,9.002,0,0,0.10 | 0.11 | 0.11,0,2.31 | 3.37 | 4.35,0,0.92 | 1.19 | 1.73,0.953,0.000,0,1,0,0,0,0,-1,0,0,0,,0,,0,,0,0,0,1
1723494766,772,4,4,8,8,9.002,0,0,0.10 | 0.11 | 0.11,0,2.31 | 3.37 | 4.35,0,0.92 | 1.19 | 1.73,0.953,0.000,0,1,0,0,0,0,-1,0,0,0,,0,,0,,0,0,0,1
1723494766,772,4,4,8,8,9.002,0,0,0.10 | 0.11 | 0.11,0,2.31 | 3.37 | 4.35,0,0.92 | 1.19 | 1.73,0.953,0.000,0,1,0,0,0,0,-1,0,0,0,,0,,0,,0,0,0,1
1723494766,772,4,4,8,8,9.002,0,0,0.10 | 0.11 | 0.11,0,2.31 | 3.37 | 4.35,0,0.92 | 1.19 | 1.73,0.953,0.000,0,1,0,0,0,0,-1,0,0,0,,0,,0,,0,0,0,1
1723494766,772,4,4,8,8,9.002,0,0,0.10 | 0.11 | 0.11,0,2.31 | 3.37 | 4.35,0,0.92 | 1.19 | 1.73,0.953,0.000,0,1,0,0,0,0,-1,0,0,0,,0,,0,,0,0,0,1
1723494766,772,4,4,8,8,9.002,0,0,0.10 | 0.11 | 0.11,0,2.31 | 3.37 | 4.35,0,0.92 | 1.19 | 1.73,0.953,0.000,0,1,0,0,0,0,-1,0,0,0,,0,,0,,0,0,0,1
1723494766,772,4,4,8,8,9.002,0,0,0.10 | 0.11 | 0.11,0,2.31 | 3.37 | 4.35,0,0.92 | 1.19 | 1.73,0.953,0.000,0,1,0,0,0,0,-1,0,0,0,,0,,0,,0,0,0,1
1723494766,772,4,4,8,8,9.002,0,0,0.10 | 0.11 | 0.11,0,2.31 | 3.37 | 4.35,0,0.92 | 1.19 | 1.73,0.953,0.000,0,1,0,0,0,0,-1,0,0,0,,0,,0,,0,0,0,1
1723494767,772,4,4,8,8,11.14,0,0,0.10 | 0.11 | 0.11,0,2.88 | 3.55 | 4.35,0,0.92 | 1.13 | 1.39,0.952,0.000,0,1,0,0,0,0,-1,0,0,0,,0,,0,,0,0,0,1
1723494767,772,4,4,8,8,11.14,0,0,0.10 | 0.11 | 0.11,0,2.88 | 3.55 | 4.35,0,0.92 | 1.13 | 1.39,0.952,0.000,0,1,0,0,0,0,-1,0,0,0,,0,,0,,0,0,0,1
1723494767,772,4,4,8,8,11.14,0,0,0.10 | 0.11 | 0.11,0,2.88 | 3.55 | 4.35,0,0.92 | 1.13 | 1.39,0.952,0.000,0,1,0,0,0,0,-1,0,0,0,,0,,0,,0,0,0,1
1723494767,772,4,4,8,8,11.14,0,0,0.10 | 0.11 | 0.11,0,2.88 | 3.55 | 4.35,0,0.92 | 1.13 | 1.39,0.952,0.000,0,1,0,0,0,0,-1,0,0,0,,0,,0,,0,0,0,1
1723494767,772,4,4,8,8,11.14,0,0,0.10 | 0.11 | 0.11,0,2.88 | 3.55 | 4.35,0,0.92 | 1.13 | 1.39,0.952,0.000,0,1,0,0,0,0,-1,0,0,0,,0,,0,,0,0,0,1
1723494767,772,4,4,8,8,11.14,0,0,0.10 | 0.11 | 0.11,0,2.88 | 3.55 | 4.35,0,0.92 | 1.13 | 1.39,0.952,0.000,0,1,0,0,0,0,-1,0,0,0,,0,,0,,0,0,0,1
1723494767,772,4,4,8,8,11.14,0,0,0.10 | 0.11 | 0.11,0,2.88 | 3.55 | 4.35,0,0.92 | 1.13 | 1.39,0.952,0.000,0,1,0,0,0,0,-1,0,0,0,,0,,0,,0,0,0,1
1723494767,772,4,4,8,8,11.14,0,0,0.10 | 0.11 | 0.11,0,2.88 | 3.55 | 4.35,0,0.92 | 1.13 | 1.39,0.952,0.000,0,1,0,0,0,0,-1,0,0,0,,0,,0,,0,0,0,1
1723494767,772,4,4,8,8,11.14,0,0,0.10 | 0.11 | 0.11,0,2.88 | 3.55 | 4.35,0,0.92 | 1.13 | 1.39,0.952,0.000,0,1,0,0,0,0,-1,0,0,0,,0,,0,,0,0,0,1
1723494767,772,4,4,8,8,11.14,0,0,0.10 | 0.11 | 0.11,0,2.88 | 3.55 | 4.35,0,0.92 | 1.13 | 1.39,0.952,0.000,0,1,0,0,0,0,-1,0,0,0,,0,,0,,0,0,0,1
1723494768,772,4,4,8,8,10.077,0,0,0.10 | 0.11 | 0.11,0,2.88 | 3.55 | 4.35,0,0.92 | 1.13 | 1.39,0.952,0.000,0,1,0,0,0,0,-1,0,0,0,,0,,0,,0,0,0,1
1723494768,772,4,4,8,8,10.077,0,0,0.10 | 0.11 | 0.11,0,2.88 | 3.55 | 4.35,0,0.92 | 1.13 | 1.39,0.952,0.000,0,1,0,0,0,0,-1,0,0,0,,0,,0,,0,0,0,1
1723494768,772,4,4,8,8,10.077,0,0,0.10 | 0.11 | 0.11,0,2.88 | 3.55 | 4.35,0,0.92 | 1.13 | 1.39,0.952,0.000,0,1,0,0,0,0,-1,0,0,0,,0,,0,,0,0,0,1
1723494768,772,4,4,8,8,10.077,0,0,0.10 | 0.11 | 0.11,0,2.88 | 3.55 | 4.35,0,0.92 | 1.13 | 1.39,0.952,0.000,0,1,0,0,0,0,-1,0,0,0,,0,,0,,0,0,0,1
1723494768,772,4,4,8,8,10.077,0,0,0.10 | 0.11 | 0.11,0,2.88 | 3.55 | 4.35,0,0.92 | 1.13 | 1.39,0.952,0.000,0,1,0,0,0,0,-1,0,0,0,,0,,0,,0,0,0,1
1723494768,772,4,4,8,8,10.077,0,0,0.10 | 0.11 | 0.11,0,2.88 | 3.55 | 4.35,0,0.92 | 1.13 | 1.39,0.952,0.000,0,1,0,0,0,0,-1,0,0,0,,0,,0,,0,0,0,1
1723494768,772,4,4,8,8,10.077,0,0,0.10 | 0.11 | 0.11,0,2.88 | 3.55 | 4.35,0,0.92 | 1.13 | 1.39,0.952,0.000,0,1,0,0,0,0,-1,0,0,0,,0,,0,,0,0,0,1
1723494768,772,4,4,8,8,10.077,0,0,0.10 | 0.11 | 0.11,0,2.88 | 3.55 | 4.35,0,0.92 | 1.13 | 1.39,0.952,0.000,0,1,0,0,0,0,-1,0,0,0,,0,,0,,0,0,0,1
1723494768,772,4,4,8,8,10.077,0,0,0.10 | 0.11 | 0.11,0,2.88 | 3.55 | 4.35,0,0.92 | 1.13 | 1.39,0.952,0.000,0,1,0,0,0,0,-1,0,0,0,,0,,0,,0,0,0,1
1723494768,772,4,4,8,8,10.077,0,0,0.10 | 0.11 | 0.11,0,2.88 | 3.55 | 4.35,0,0.92 | 1.13 | 1.39,0.952,0.000,0,1,0,0,0,0,-1,0,0,0,,0,,0,,0,0,0,1
1723494769,772,4,4,8,8,9.015,0,0,0.10 | 0.11 | 0.11,0,2.88 | 3.55 | 4.35,0,0.92 | 1.13 | 1.39,0.952,0.000,0,1,0,0,0,0,-1,0,0,0,,0,,0,,0,0,0,1
1723494769,772,4,4,8,8,9.015,0,0,0.10 | 0.11 | 0.11,0,2.88 | 3.55 | 4.35,0,0.92 | 1.13 | 1.39,0.952,0.000,0,1,0,0,0,0,-1,0,0,0,,0,,0,,0,0,0,1
1723494769,772,4,4,8,8,9.015,0,0,0.10 | 0.11 | 0.11,0,2.88 | 3.55 | 4.35,0,0.92 | 1.13 | 1.39,0.952,0.000,0,1,0,0,0,0,-1,0,0,0,,0,,0,,0,0,0,1
1723494769,772,4,4,8,8,9.015,0,0,0.10 | 0.11 | 0.11,0,2.88 | 3.55 | 4.35,0,0.92 | 1.13 | 1.39,0.952,0.000,0,1,0,0,0,0,-1,0,0,0,,0,,0,,0,0,0,1
1723494769,772,4,4,8,8,9.015,0,0,0.10 | 0.11 | 0.11,0,2.88 | 3.55 | 4.35,0,0.92 | 1.13 | 1.39,0.952,0.000,0,1,0,0,0,0,-1,0,0,0,,0,,0,,0,0,0,1
1723494769,772,4,4,8,8,9.015,0,0,0.10 | 0.11 | 0.11,0,2.88 | 3.55 | 4.35,0,0.92 | 1.13 | 1.39,0.952,0.000,0,1,0,0,0,0,-1,0,0,0,,0,,0,,0,0,0,1
1723494769,772,4,4,8,8,9.015,0,0,0.10 | 0.11 | 0.11,0,2.88 | 3.55 | 4.35,0,0.92 | 1.13 | 1.39,0.952,0.000,0,1,0,0,0,0,-1,0,0,0,,0,,0,,0,0,0,1
1723494769,772,4,4,8,8,9.015,0,0,0.10 | 0.11 | 0.11,0,2.88 | 3.55 | 4.35,0,0.92 | 1.13 | 1.39,0.952,0.000,0,1,0,0,0,0,-1,0,0,0,,0,,0,,0,0,0,1
1723494769,772,4,4,8,8,9.015,0,0,0.10 | 0.11 | 0.11,0,2.88 | 3.55 | 4.35,0,0.92 | 1.13 | 1.39,0.952,0.000,0,1,0,0,0,0,-1,0,0,0,,0,,0,,0,0,0,1
1723494769,772,4,4,8,8,9.015,0,0,0.10 | 0.11 | 0.11,0,2.88 | 3.55 | 4.35,0,0.92 | 1.13 | 1.39,0.952,0.000,0,1,0,0,0,0,-1,0,0,0,,0,,0,,0,0,0,1
1723494770,772,4,4,8,8,7.987,0,0,0.10 | 0.11 | 0.11,0,2.88 | 3.55 | 4.35,0,0.92 | 1.13 | 1.39,0.952,0.000,0,1,0,0,0,0,-1,0,0,0,,0,,0,,0,0,0,1
1723494770,772,4,4,8,8,7.987,0,0,0.10 | 0.11 | 0.11,0,2.88 | 3.55 | 4.35,0,0.92 | 1.13 | 1.39,0.952,0.000,0,1,0,0,0,0,-1,0,0,0,,0,,0,,0,0,0,1
1723494770,772,4,4,8,8,7.987,0,0,0.10 | 0.11 | 0.11,0,2.88 | 3.55 | 4.35,0,0.92 | 1.13 | 1.39,0.952,0.000,0,1,0,0,0,0,-1,0,0,0,,0,,0,,0,0,0,1
1723494770,772,4,4,8,8,7.987,0,0,0.10 | 0.11 | 0.11,0,2.88 | 3.55 | 4.35,0,0.92 | 1.13 | 1.39,0.952,0.000,0,1,0,0,0,0,-1,0,0,0,,0,,0,,0,0,0,1
1723494770,772,4,4,8,8,7.987,0,0,0.10 | 0.11 | 0.11,0,2.88 | 3.55 | 4.35,0,0.92 | 1.13 | 1.39,0.952,0.000,0,1,0,0,0,0,-1,0,0,0,,0,,0,,0,0,0,1
1723494770,772,4,4,8,8,7.987,0,0,0.10 | 0.11 | 0.11,0,2.88 | 3.55 | 4.35,0,0.92 | 1.13 | 1.39,0.952,0.000,0,1,0,0,0,0,-1,0,0,0,,0,,0,,0,0,0,1
1723494770,772,4,4,8,8,7.987,0,0,0.10 | 0.11 | 0.11,0,2.88 | 3.55 | 4.35,0,0.92 | 1.13 | 1.39,0.952,0.000,0,1,0,0,0,0,-1,0,0,0,,0,,0,,0,0,0,1
1723494770,772,4,4,8,8,7.987,0,0,0.10 | 0.11 | 0.11,0,2.88 | 3.55 | 4.35,0,0.92 | 1.13 | 1.39,0.952,0.000,0,1,0,0,0,0,-1,0,0,0,,0,,0,,0,0,0,1
1723494770,772,4,4,8,8,7.987,0,0,0.10 | 0.11 | 0.11,0,2.88 | 3.55 | 4.35,0,0.92 | 1.13 | 1.39,0.952,0.000,0,1,0,0,0,0,-1,0,0,0,,0,,0,,0,0,0,1
1723494770,772,4,4,8,8,7.987,0,0,0.10 | 0.11 | 0.11,0,2.88 | 3.55 | 4.35,0,0.92 | 1.13 | 1.39,0.952,0.000,0,1,0,0,0,0,-1,0,0,0,,0,,0,,0,0,0,1
1723494771,772,4,4,8,8,11.955,0,0,0.10 | 0.11 | 0.11,0,2.88 | 3.46 | 4.00,0,1.00 | 1.16 | 1.39,0.952,0.000,0,1,0,0,0,0,-1,0,0,0,,0,,0,,0,0,0,1
1723494771,772,4,4,8,8,11.955,0,0,0.10 | 0.11 | 0.11,0,2.88 | 3.46 | 4.00,0,1.00 | 1.16 | 1.39,0.952,0.000,0,1,0,0,0,0,-1,0,0,0,,0,,0,,0,0,0,1
1723494771,772,4,4,8,8,11.955,0,0,0.10 | 0.11 | 0.11,0,2.88 | 3.46 | 4.00,0,1.00 | 1.16 | 1.39,0.952,0.000,0,1,0,0,0,0,-1,0,0,0,,0,,0,,0,0,0,1
1723494771,772,4,4,8,8,11.955,0,0,0.10 | 0.11 | 0.11,0,2.88 | 3.46 | 4.00,0,1.00 | 1.16 | 1.39,0.952,0.000,0,1,0,0,0,0,-1,0,0,0,,0,,0,,0,0,0,1
1723494771,772,4,4,8,8,11.955,0,0,0.10 | 0.11 | 0.11,0,2.88 | 3.46 | 4.00,0,1.00 | 1.16 | 1.39,0.952,0.000,0,1,0,0,0,0,-1,0,0,0,,0,,0,,0,0,0,1
1723494771,772,4,4,8,8,11.955,0,0,0.10 | 0.11 | 0.11,0,2.88 | 3.46 | 4.00,0,1.00 | 1.16 | 1.39,0.952,0.000,0,1,0,0,0,0,-1,0,0,0,,0,,0,,0,0,0,1
1723494771,772,4,4,8,8,11.955,0,0,0.10 | 0.11 | 0.11,0,2.88 | 3.46 | 4.00,0,1.00 | 1.16 | 1.39,0.952,0.000,0,1,0,0,0,0,-1,0,0,0,,0,,0,,0,0,0,1
1723494771,772,4,4,8,8,11.955,0,0,0.10 | 0.11 | 0.11,0,2.88 | 3.46 | 4.00,0,1.00 | 1.16 | 1.39,0.952,0.000,0,1,0,0,0,0,-1,0,0,0,,0,,0,,0,0,0,1
1723494771,772,4,4,8,8,11.955,0,0,0.10 | 0.11 | 0.11,0,2.88 | 3.46 | 4.00,0,1.00 | 1.16 | 1.39,0.952,0.000,0,1,0,0,0,0,-1,0,0,0,,0,,0,,0,0,0,1
1723494771,772,4,4,8,8,11.955,0,0,0.10 | 0.11 | 0.11,0,2.88 | 3.46 | 4.00,0,1.00 | 1.16 | 1.39,0.952,0.000,0,1,0,0,0,0,-1,0,0,0,,0,,0,,0,0,0,1
1723494772,772,4,4,8,8,10.893,0,0,0.10 | 0.11 | 0.11,0,2.88 | 3.46 | 4.00,0,1.00 | 1.16 | 1.39,0.952,0.000,0,1,0,0,0,0,-1,0,0,0,,0,,0,,0,0,0,1
1723494772,772,4,4,8,8,10.893,0,0,0.10 | 0.11 | 0.11,0,2.88 | 3.46 | 4.00,0,1.00 | 1.16 | 1.39,0.952,0.000,0,1,0,0,0,0,-1,0,0,0,,0,,0,,0,0,0,1
1723494772,772,4,4,8,8,10.893,0,0,0.10 | 0.11 | 0.11,0,2.88 | 3.46 | 4.00,0,1.00 | 1.16 | 1.39,0.952,0.000,0,1,0,0,0,0,-1,0,0,0,,0,,0,,0,0,0,1
1723494772,772,4,4,8,8,10.893,0,0,0.10 | 0.11 | 0.11,0,2.88 | 3.46 | 4.00,0,1.00 | 1.16 | 1.39,0.952,0.000,0,1,0,0,0,0,-1,0,0,0,,0,,0,,0,0,0,1
1723494772,772,4,4,8,8,10.893,0,0,0.10 | 0.11 | 0.11,0,2.88 | 3.46 | 4.00,0,1.00 | 1.16 | 1.39,0.952,0.000,0,1,0,0,0,0,-1,0,0,0,,0,,0,,0,0,0,1
1723494772,772,4,4,8,8,10.893,0,0,0.10 | 0.11 | 0.11,0,2.88 | 3.46 | 4.00,0,1.00 | 1.16 | 1.39,0.952,0.000,0,1,0,0,0,0,-1,0,0,0,,0,,0,,0,0,0,1
1723494772,772,4,4,8,8,10.893,0,0,0.10 | 0.11 | 0.11,0,2.88 | 3.46 | 4.00,0,1.00 | 1.16 | 1.39,0.952,0.000,0,1,0,0,0,0,-1,0,0,0,,0,,0,,0,0,0,1
1723494772,772,4,4,8,8,10.893,0,0,0.10 | 0.11 | 0.11,0,2.88 | 3.46 | 4.00,0,1.00 | 1.16 | 1.39,0.952,0.000,0,1,0,0,0,0,-1,0,0,0,,0,,0,,0,0,0,1
1723494772,772,4,4,8,8,10.893,0,0,0.10 | 0.11 | 0.11,0,2.88 | 3.46 | 4.00,0,1.00 | 1.16 | 1.39,0.952,0.000,0,1,0,0,0,0,-1,0,0,0,,0,,0,,0,0,0,1
1723494772,772,4,4,8,8,10.893,0,0,0.10 | 0.11 | 0.11,0,2.88 | 3.46 | 4.00,0,1.00 | 1.16 | 1.39,0.952,0.000,0,1,0,0,0,0,-1,0,0,0,,0,,0,,0,0,0,1
1723494773,772,4,4,8,8,9.83,0,0,0.10 | 0.11 | 0.11,0,2.88 | 3.46 | 4.00,0,1.00 | 1.16 | 1.39,0.952,0.000,0,1,0,0,0,0,-1,0,0,0,,0,,0,,0,0,0,1
1723494773,772,4,4,8,8,9.83,0,0,0.10 | 0.11 | 0.11,0,2.88 | 3.46 | 4.00,0,1.00 | 1.16 | 1.39,0.952,0.000,0,1,0,0,0,0,-1,0,0,0,,0,,0,,0,0,0,1
1723494773,772,4,4,8,8,9.83,0,0,0.10 | 0.11 | 0.11,0,2.88 | 3.46 | 4.00,0,1.00 | 1.16 | 1.39,0.952,0.000,0,1,0,0,0,0,-1,0,0,0,,0,,0,,0,0,0,1
1723494773,772,4,4,8,8,9.83,0,0,0.10 | 0.11 | 0.11,0,2.88 | 3.46 | 4.00,0,1.00 | 1.16 | 1.39,0.952,0.000,0,1,0,0,0,0,-1,0,0,0,,0,,0,,0,0,0,1
1723494773,772,4,4,8,8,9.83,0,0,0.10 | 0.11 | 0.11,0,2.88 | 3.46 | 4.00,0,1.00 | 1.16 | 1.39,0.952,0.000,0,1,0,0,0,0,-1,0,0,0,,0,,0,,0,0,0,1
1723494773,772,4,4,8,8,9.83,0,0,0.10 | 0.11 | 0.11,0,2.88 | 3.46 | 4.00,0,1.00 | 1.16 | 1.39,0.952,0.000,0,1,0,0,0,0,-1,0,0,0,,0,,0,,0,0,0,1
1723494773,772,4,4,8,8,9.83,0,0,0.10 | 0.11 | 0.11,0,2.88 | 3.46 | 4.00,0,1.00 | 1.16 | 1.39,0.952,0.000,0,1,0,0,0,0,-1,0,0,0,,0,,0,,0,0,0,1
1723494773,772,4,4,8,8,9.83,0,0,0.10 | 0.11 | 0.11,0,2.88 | 3.46 | 4.00,0,1.00 | 1.16 | 1.39,0.952,0.000,0,1,0,0,0,0,-1,0,0,0,,0,,0,,0,0,0,1
1723494773,772,4,4,8,8,9.83,0,0,0.10 | 0.11 | 0.11,0,2.88 | 3.46 | 4.00,0,1.00 | 1.16 | 1.39,0.952,0.000,0,1,0,0,0,0,-1,0,0,0,,0,,0,,0,0,0,1
1723494773,772,4,4,8,8,9.83,0,0,0.10 | 0.11 | 0.11,0,2.88 | 3.46 | 4.00,0,1.00 | 1.16 | 1.39,0.952,0.000,0,1,0,0,0,0,-1,0,0,0,,0,,0,,0,0,0,1
1723494774,772,4,4,8,8,12.182,0,0,0.10 | 0.11 | 0.11,0,2.82 | 3.45 | 4.00,0,1.00 | 1.16 | 1.42,0.952,0.000,0,1,0,0,0,0,-1,0,0,0,,0,,0,,0,0,0,1
1723494774,772,4,4,8,8,12.182,0,0,0.10 | 0.11 | 0.11,0,2.82 | 3.45 | 4.00,0,1.00 | 1.16 | 1.42,0.952,0.000,0,1,0,0,0,0,-1,0,0,0,,0,,0,,0,0,0,1
1723494774,772,4,4,8,8,12.182,0,0,0.10 | 0.11 | 0.11,0,2.82 | 3.45 | 4.00,0,1.00 | 1.16 | 1.42,0.952,0.000,0,1,0,0,0,0,-1,0,0,0,,0,,0,,0,0,0,1
1723494774,772,4,4,8,8,12.182,0,0,0.10 | 0.11 | 0.11,0,2.82 | 3.45 | 4.00,0,1.00 | 1.16 | 1.42,0.952,0.000,0,1,0,0,0,0,-1,0,0,0,,0,,0,,0,0,0,1
1723494774,772,4,4,8,8,12.182,0,0,0.10 | 0.11 | 0.11,0,2.82 | 3.45 | 4.00,0,1.00 | 1.16 | 1.42,0.952,0.000,0,1,0,0,0,0,-1,0,0,0,,0,,0,,0,0,0,1
1723494774,772,4,4,8,8,12.182,0,0,0.10 | 0.11 | 0.11,0,2.82 | 3.45 | 4.00,0,1.00 | 1.16 | 1.42,0.952,0.000,0,1,0,0,0,0,-1,0,0,0,,0,,0,,0,0,0,1
1723494774,772,4,4,8,8,12.182,0,0,0.10 | 0.11 | 0.11,0,2.82 | 3.45 | 4.00,0,1.00 | 1.16 | 1.42,0.952,0.000,0,1,0,0,0,0,-1,0,0,0,,0,,0,,0,0,0,1
1723494774,772,4,4,8,8,12.182,0,0,0.10 | 0.11 | 0.11,0,2.82 | 3.45 | 4.00,0,1.00 | 1.16 | 1.42,0.952,0.000,0,1,0,0,0,0,-1,0,0,0,,0,,0,,0,0,0,1
1723494774,772,4,4,8,8,12.182,0,0,0.10 | 0.11 | 0.11,0,2.82 | 3.45 | 4.00,0,1.00 | 1.16 | 1.42,0.952,0.000,0,1,0,0,0,0,-1,0,0,0,,0,,0,,0,0,0,1
1723494774,772,4,4,8,8,12.182,0,0,0.10 | 0.11 | 0.11,0,2.82 | 3.45 | 4.00,0,1.00 | 1.16 | 1.42,0.952,0.000,0,1,0,0,0,0,-1,0,0,0,,0,,0,,0,0,0,1
1723494775,772,4,4,8,8,11.17,0,0,0.10 | 0.11 | 0.11,0,2.82 | 3.45 | 4.00,0,1.00 | 1.16 | 1.42,0.952,0.000,0,1,0,0,0,0,-1,0,0,0,,0,,0,,0,0,0,1
1723494775,772,4,4,8,8,11.17,0,0,0.10 | 0.11 | 0.11,0,2.82 | 3.45 | 4.00,0,1.00 | 1.16 | 1.42,0.952,0.000,0,1,0,0,0,0,-1,0,0,0,,0,,0,,0,0,0,1
1723494775,772,4,4,8,8,11.17,0,0,0.10 | 0.11 | 0.11,0,2.82 | 3.45 | 4.00,0,1.00 | 1.16 | 1.42,0.952,0.000,0,1,0,0,0,0,-1,0,0,0,,0,,0,,0,0,0,1
1723494775,772,4,4,8,8,11.17,0,0,0.10 | 0.11 | 0.11,0,2.82 | 3.45 | 4.00,0,1.00 | 1.16 | 1.42,0.952,0.000,0,1,0,0,0,0,-1,0,0,0,,0,,0,,0,0,0,1
1723494775,772,4,4,8,8,11.17,0,0,0.10 | 0.11 | 0.11,0,2.82 | 3.45 | 4.00,0,1.00 | 1.16 | 1.42,0.952,0.000,0,1,0,0,0,0,-1,0,0,0,,0,,0,,0,0,0,1
1723494775,772,4,4,8,8,11.17,0,0,0.10 | 0.11 | 0.11,0,2.82 | 3.45 | 4.00,0,1.00 | 1.16 | 1.42,0.952,0.000,0,1,0,0,0,0,-1,0,0,0,,0,,0,,0,0,0,1
1723494775,772,4,4,8,8,11.17,0,0,0.10 | 0.11 | 0.11,0,2.82 | 3.45 | 4.00,0,1.00 | 1.16 | 1.42,0.952,0.000,0,1,0,0,0,0,-1,0,0,0,,0,,0,,0,0,0,1
1723494775,772,4,4,8,8,11.17,0,0,0.10 | 0.11 | 0.11,0,2.82 | 3.45 | 4.00,0,1.00 | 1.16 | 1.42,0.952,0.000,0,1,0,0,0,0,-1,0,0,0,,0,,0,,0,0,0,1
1723494775,772,4,4,8,8,11.17,0,0,0.10 | 0.11 | 0.11,0,2.82 | 3.45 | 4.00,0,1.00 | 1.16 | 1.42,0.952,0.000,0,1,0,0,0,0,-1,0,0,0,,0,,0,,0,0,0,1
1723494775,772,4,4,8,8,11.17,0,0,0.10 | 0.11 | 0.11,0,2.82 | 3.45 | 4.00,0,1.00 | 1.16 | 1.42,0.952,0.000,0,1,0,0,0,0,-1,0,0,0,,0,,0,,0,0,0,1
1723494776,772,4,4,8,8,10.108,0,0,0.10 | 0.11 | 0.11,0,2.82 | 3.45 | 4.00,0,1.00 | 1.16 | 1.42,0.952,0.000,0,1,0,0,0,0,-1,0,0,0,,0,,0,,0,0,0,1
1723494776,772,4,4,8,8,10.108,0,0,0.10 | 0.11 | 0.11,0,2.82 | 3.45 | 4.00,0,1.00 | 1.16 | 1.42,0.952,0.000,0,1,0,0,0,0,-1,0,0,0,,0,,0,,0,0,0,1
1723494776,772,4,4,8,8,10.108,0,0,0.10 | 0.11 | 0.11,0,2.82 | 3.45 | 4.00,0,1.00 | 1.16 | 1.42,0.952,0.000,0,1,0,0,0,0,-1,0,0,0,,0,,0,,0,0,0,1
1723494776,772,4,4,8,8,10.108,0,0,0.10 | 0.11 | 0.11,0,2.82 | 3.45 | 4.00,0,1.00 | 1.16 | 1.42,0.952,0.000,0,1,0,0,0,0,-1,0,0,0,,0,,0,,0,0,0,1
1723494776,772,4,4,8,8,10.108,0,0,0.10 | 0.11 | 0.11,0,2.82 | 3.45 | 4.00,0,1.00 | 1.16 | 1.42,0.952,0.000,0,1,0,0,0,0,-1,0,0,0,,0,,0,,0,0,0,1
1723494776,772,4,4,8,8,10.108,0,0,0.10 | 0.11 | 0.11,0,2.82 | 3.45 | 4.00,0,1.00 | 1.16 | 1.42,0.952,0.000,0,1,0,0,0,0,-1,0,0,0,,0,,0,,0,0,0,1
1723494776,772,4,4,8,8,10.108,0,0,0.10 | 0.11 | 0.11,0,2.82 | 3.45 | 4.00,0,1.00 | 1.16 | 1.42,0.952,0.000,0,1,0,0,0,0,-1,0,0,0,,0,,0,,0,0,0,1
1723494776,772,4,4,8,8,10.108,0,0,0.10 | 0.11 | 0.11,0,2.82 | 3.45 | 4.00,0,1.00 | 1.16 | 1.42,0.952,0.000,0,1,0,0,0,0,-1,0,0,0,,0,,0,,0,0,0,1
1723494776,772,4,4,8,8,10.108,0,0,0.10 | 0.11 | 0.11,0,2.82 | 3.45 | 4.00,0,1.00 | 1.16 | 1.42,0.952,0.000,0,1,0,0,0,0,-1,0,0,0,,0,,0,,0,0,0,1
1723494776,772,4,4,8,8,10.108,0,0,0.10 | 0.11 | 0.11,0,2.82 | 3.45 | 4.00,0,1.00 | 1.16 | 1.42,0.952,0.000,0,1,0,0,0,0,-1,0,0,0,,0,,0,,0,0,0,1
1723494777,772,4,4,8,8,9.046,0,0,0.10 | 0.11 | 0.11,0,2.82 | 3.45 | 4.00,0,1.00 | 1.16 | 1.42,0.952,0.000,0,1,0,0,0,0,-1,0,0,0,,0,,0,,0,0,0,1
1723494777,772,4,4,8,8,9.046,0,0,0.10 | 0.11 | 0.11,0,2.82 | 3.45 | 4.00,0,1.00 | 1.16 | 1.42,0.952,0.000,0,1,0,0,0,0,-1,0,0,0,,0,,0,,0,0,0,1
1723494777,772,4,4,8,8,9.046,0,0,0.10 | 0.11 | 0.11,0,2.82 | 3.45 | 4.00,0,1.00 | 1.16 | 1.42,0.952,0.000,0,1,0,0,0,0,-1,0,0,0,,0,,0,,0,0,0,1
1723494777,772,4,4,8,8,9.046,0,0,0.10 | 0.11 | 0.11,0,2.82 | 3.45 | 4.00,0,1.00 | 1.16 | 1.42,0.952,0.000,0,1,0,0,0,0,-1,0,0,0,,0,,0,,0,0,0,1
1723494777,772,4,4,8,8,9.046,0,0,0.10 | 0.11 | 0.11,0,2.82 | 3.45 | 4.00,0,1.00 | 1.16 | 1.42,0.952,0.000,0,1,0,0,0,0,-1,0,0,0,,0,,0,,0,0,0,1
1723494777,772,4,4,8,8,9.046,0,0,0.10 | 0.11 | 0.11,0,2.82 | 3.45 | 4.00,0,1.00 | 1.16 | 1.42,0.952,0.000,0,1,0,0,0,0,-1,0,0,0,,0,,0,,0,0,0,1
1723494777,772,4,4,8,8,9.046,0,0,0.10 | 0.11 | 0.11,0,2.82 | 3.45 | 4.00,0,1.00 | 1.16 | 1.42,0.952,0.000,0,1,0,0,0,0,-1,0,0,0,,0,,0,,0,0,0,1
1723494777,772,4,4,8,8,9.046,0,0,0.10 | 0.11 | 0.11,0,2.82 | 3.45 | 4.00,0,1.00 | 1.16 | 1.42,0.952,0.000,0,1,0,0,0,0,-1,0,0,0,,0,,0,,0,0,0,1
1723494777,772,4,4,8,8,9.046,0,0,0.10 | 0.11 | 0.11,0,2.82 | 3.45 | 4.00,0,1.00 | 1.16 | 1.42,0.952,0.000,0,1,0,0,0,0,-1,0,0,0,,0,,0,,0,0,0,1
1723494777,772,4,4,8,8,9.046,0,0,0.10 | 0.11 | 0.11,0,2.82 | 3.45 | 4.00,0,1.00 | 1.16 | 1.42,0.952,0.000,0,1,0,0,0,0,-1,0,0,0,,0,,0,,0,0,0,1
1723494778,772,4,4,8,8,7.983,0,0,0.10 | 0.11 | 0.11,0,2.82 | 3.45 | 4.00,0,1.00 | 1.16 | 1.42,0.952,0.000,0,1,0,0,0,0,-1,0,0,0,,0,,0,,0,0,0,1
1723494778,772,4,4,8,8,7.983,0,0,0.10 | 0.11 | 0.11,0,2.82 | 3.45 | 4.00,0,1.00 | 1.16 | 1.42,0.952,0.000,0,1,0,0,0,0,-1,0,0,0,,0,,0,,0,0,0,1
1723494778,772,4,4,8,8,7.983,0,0,0.10 | 0.11 | 0.11,0,2.82 | 3.45 | 4.00,0,1.00 | 1.16 | 1.42,0.952,0.000,0,1,0,0,0,0,-1,0,0,0,,0,,0,,0,0,0,1
1723494778,772,4,4,8,8,7.983,0,0,0.10 | 0.11 | 0.11,0,2.82 | 3.45 | 4.00,0,1.00 | 1.16 | 1.42,0.952,0.000,0,1,0,0,0,0,-1,0,0,0,,0,,0,,0,0,0,1
1723494778,772,4,4,8,8,7.983,0,0,0.10 | 0.11 | 0.11,0,2.82 | 3.45 | 4.00,0,1.00 | 1.16 | 1.42,0.952,0.000,0,1,0,0,0,0,-1,0,0,0,,0,,0,,0,0,0,1
1723494778,772,4,4,8,8,7.983,0,0,0.10 | 0.11 | 0.11,0,2.82 | 3.45 | 4.00,0,1.00 | 1.16 | 1.42,0.952,0.000,0,1,0,0,0,0,-1,0,0,0,,0,,0,,0,0,0,1
1723494778,772,4,4,8,8,7.983,0,0,0.10 | 0.11 | 0.11,0,2.82 | 3.45 | 4.00,0,1.00 | 1.16 | 1.42,0.952,0.000,0,1,0,0,0,0,-1,0,0,0,,0,,0,,0,0,0,1
1723494778,772,4,4,8,8,7.983,0,0,0.10 | 0.11 | 0.11,0,2.82 | 3.45 | 4.00,0,1.00 | 1.16 | 1.42,0.952,0.000,0,1,0,0,0,0,-1,0,0,0,,0,,0,,0,0,0,1
1723494778,772,4,4,8,8,7.983,0,0,0.10 | 0.11 | 0.11,0,2.82 | 3.45 | 4.00,0,1.00 | 1.16 | 1.42,0.952,0.000,0,1,0,0,0,0,-1,0,0,0,,0,,0,,0,0,0,1
1723494778,772,4,4,8,8,7.983,0,0,0.10 | 0.11 | 0.11,0,2.82 | 3.45 | 4.00,0,1.00 | 1.16 | 1.42,0.952,0.000,0,1,0,0,0,0,-1,0,0,0,,0,,0,,0,0,0,1
1723494779,772,4,4,8,8,11.986,0,0,0.10 | 0.11 | 0.11,0,2.82 | 3.45 | 4.00,0,1.00 | 1.16 | 1.42,0.952,0.000,0,1,0,0,0,0,-1,0,0,0,,0,,0,,0,0,0,1
1723494779,772,4,4,8,8,11.986,0,0,0.10 | 0.11 | 0.11,0,2.82 | 3.45 | 4.00,0,1.00 | 1.16 | 1.42,0.952,0.000,0,1,0,0,0,0,-1,0,0,0,,0,,0,,0,0,0,1
1723494779,772,4,4,8,8,11.986,0,0,0.10 | 0.11 | 0.11,0,2.82 | 3.45 | 4.00,0,1.00 | 1.16 | 1.42,0.952,0.000,0,1,0,0,0,0,-1,0,0,0,,0,,0,,0,0,0,1
1723494779,772,4,4,8,8,11.986,0,0,0.10 | 0.11 | 0.11,0,2.82 | 3.45 | 4.00,0,1.00 | 1.16 | 1.42,0.952,0.000,0,1,0,0,0,0,-1,0,0,0,,0,,0,,0,0,0,1
1723494779,772,4,4,8,8,11.986,0,0,0.10 | 0.11 | 0.11,0,2.82 | 3.45 | 4.00,0,1.00 | 1.16 | 1.42,0.952,0.000,0,1,0,0,0,0,-1,0,0,0,,0,,0,,0,0,0,1
1723494779,772,4,4,8,8,11.986,0,0,0.10 | 0.11 | 0.11,0,2.82 | 3.45 | 4.00,0,1.00 | 1.16 | 1.42,0.952,0.000,0,1,0,0,0,0,-1,0,0,0,,0,,0,,0,0,0,1
1723494779,772,4,4,8,8,11.986,0,0,0.10 | 0.11 | 0.11,0,2.82 | 3.45 | 4.00,0,1.00 | 1.16 | 1.42,0.952,0.000,0,1,0,0,0,0,-1,0,0,0,,0,,0,,0,0,0,1
1723494779,772,4,4,8,8,11.986,0,0,0.10 | 0.11 | 0.11,0,2.82 | 3.45 | 4.00,0,1.00 | 1.16 | 1.42,0.952,0.000,0,1,0,0,0,0,-1,0,0,0,,0,,0,,0,0,0,1
1723494779,772,4,4,8,8,11.986,0,0,0.10 | 0.11 | 0.11,0,2.82 | 3.45 | 4.00,0,1.00 | 1.16 | 1.42,0.952,0.000,0,1,0,0,0,0,-1,0,0,0,,0,,0,,0,0,0,1
1723494779,772,4,4,8,8,11.986,0,0,0.10 | 0.11 | 0.11,0,2.82 | 3.45 | 4.00,0,1.00 | 1.16 | 1.42,0.952,0.000,0,1,0,0,0,0,-1,0,0,0,,0,,0,,0,0,0,1
1723494780,772,4,4,8,8,10.787,0,0,0.10 | 0.11 | 0.11,0,2.82 | 3.45 | 4.00,0,1.00 | 1.16 | 1.42,0.952,0.000,0,1,0,0,0,0,-1,0,0,0,,0,,0,,0,0,0,1
1723494780,772,4,4,8,8,10.787,0,0,0.10 | 0.11 | 0.11,0,2.82 | 3.45 | 4.00,0,1.00 | 1.16 | 1.42,0.952,0.000,0,1,0,0,0,0,-1,0,0,0,,0,,0,,0,0,0,1
1723494780,772,4,4,8,8,10.787,0,0,0.10 | 0.11 | 0.11,0,2.82 | 3.45 | 4.00,0,1.00 | 1.16 | 1.42,0.952,0.000,0,1,0,0,0,0,-1,0,0,0,,0,,0,,0,0,0,1
1723494780,772,4,4,8,8,10.787,0,0,0.10 | 0.11 | 0.11,0,2.82 | 3.45 | 4.00,0,1.00 | 1.16 | 1.42,0.952,0.000,0,1,0,0,0,0,-1,0,0,0,,0,,0,,0,0,0,1
1723494780,772,4,4,8,8,10.787,0,0,0.10 | 0.11 | 0.11,0,2.82 | 3.45 | 4.00,0,1.00 | 1.16 | 1.42,0.952,0.000,0,1,0,0,0,0,-1,0,0,0,,0,,0,,0,0,0,1
1723494780,772,4,4,8,8,10.787,0,0,0.10 | 0.11 | 0.11,0,2.82 | 3.45 | 4.00,0,1.00 | 1.16 | 1.42,0.952,0.000,0,1,0,0,0,0,-1,0,0,0,,0,,0,,0,0,0,1
1723494780,772,4,4,8,8,10.787,0,0,0.10 | 0.11 | 0.11,0,2.82 | 3.45 | 4.00,0,1.00 | 1.16 | 1.42,0.952,0.000,0,1,0,0,0,0,-1,0,0,0,,0,,0,,0,0,0,1
1723494780,772,4,4,8,8,10.787,0,0,0.10 | 0.11 | 0.11,0,2.82 | 3.45 | 4.00,0,1.00 | 1.16 | 1.42,0.952,0.000,0,1,0,0,0,0,-1,0,0,0,,0,,0,,0,0,0,1
1723494780,772,4,4,8,8,10.787,0,0,0.10 | 0.11 | 0.11,0,2.82 | 3.45 | 4.00,0,1.00 | 1.16 | 1.42,0.952,0.000,0,1,0,0,0,0,-1,0,0,0,,0,,0,,0,0,0,1
1723494780,772,4,4,8,8,10.787,0,0,0.10 | 0.11 | 0.11,0,2.82 | 3.45 | 4.00,0,1.00 | 1.16 | 1.42,0.952,0.000,0,1,0,0,0,0,-1,0,0,0,,0,,0,,0,0,0,1
1723494781,772,4,4,8,8,9.862,0,0,0.10 | 0.11 | 0.11,0,2.82 | 3.45 | 4.00,0,1.00 | 1.16 | 1.42,0.952,0.000,0,1,0,0,0,0,-1,0,0,0,,0,,0,,0,0,0,1
1723494781,772,4,4,8,8,9.862,0,0,0.10 | 0.11 | 0.11,0,2.82 | 3.45 | 4.00,0,1.00 | 1.16 | 1.42,0.952,0.000,0,1,0,0,0,0,-1,0,0,0,,0,,0,,0,0,0,1
1723494781,772,4,4,8,8,9.862,0,0,0.10 | 0.11 | 0.11,0,2.82 | 3.45 | 4.00,0,1.00 | 1.16 | 1.42,0.952,0.000,0,1,0,0,0,0,-1,0,0,0,,0,,0,,0,0,0,1
1723494781,772,4,4,8,8,9.862,0,0,0.10 | 0.11 | 0.11,0,2.82 | 3.45 | 4.00,0,1.00 | 1.16 | 1.42,0.952,0.000,0,1,0,0,0,0,-1,0,0,0,,0,,0,,0,0,0,1
1723494781,772,4,4,8,8,9.862,0,0,0.10 | 0.11 | 0.11,0,2.82 | 3.45 | 4.00,0,1.00 | 1.16 | 1.42,0.952,0.000,0,1,0,0,0,0,-1,0,0,0,,0,,0,,0,0,0,1
1723494781,772,4,4,8,8,9.862,0,0,0.10 | 0.11 | 0.11,0,2.82 | 3.45 | 4.00,0,1.00 | 1.16 | 1.42,0.952,0.000,0,1,0,0,0,0,-1,0,0,0,,0,,0,,0,0,0,1
1723494781,772,4,4,8,8,9.862,0,0,0.10 | 0.11 | 0.11,0,2.82 | 3.45 | 4.00,0,1.00 | 1.16 | 1.42,0.952,0.000,0,1,0,0,0,0,-1,0,0,0,,0,,0,,0,0,0,1
1723494781,772,4,4,8,8,9.862,0,0,0.10 | 0.11 | 0.11,0,2.82 | 3.45 | 4.00,0,1.00 | 1.16 | 1.42,0.952,0.000,0,1,0,0,0,0,-1,0,0,0,,0,,0,,0,0,0,1
1723494781,772,4,4,8,8,9.862,0,0,0.10 | 0.11 | 0.11,0,2.82 | 3.45 | 4.00,0,1.00 | 1.16 | 1.42,0.952,0.000,0,1,0,0,0,0,-1,0,0,0,,0,,0,,0,0,0,1
1723494781,772,4,4,8,8,9.862,0,0,0.10 | 0.11 | 0.11,0,2.82 | 3.45 | 4.00,0,1.00 | 1.16 | 1.42,0.952,0.000,0,1,0,0,0,0,-1,0,0,0,,0,,0,,0,0,0,1
1723494782,772,4,4,8,8,11.999,0,0,0.10 | 0.11 | 0.11,0,2.25 | 3.26 | 4.00,0,1.00 | 1.23 | 1.78,0.952,0.000,0,1,0,0,0,0,-1,0,0,0,,0,,0,,0,0,0,1
1723494782,772,4,4,8,8,11.999,0,0,0.10 | 0.11 | 0.11,0,2.25 | 3.26 | 4.00,0,1.00 | 1.23 | 1.78,0.952,0.000,0,1,0,0,0,0,-1,0,0,0,,0,,0,,0,0,0,1
1723494782,772,4,4,8,8,11.999,0,0,0.10 | 0.11 | 0.11,0,2.25 | 3.26 | 4.00,0,1.00 | 1.23 | 1.78,0.952,0.000,0,1,0,0,0,0,-1,0,0,0,,0,,0,,0,0,0,1
1723494782,772,4,4,8,8,11.999,0,0,0.10 | 0.11 | 0.11,0,2.25 | 3.26 | 4.00,0,1.00 | 1.23 | 1.78,0.952,0.000,0,1,0,0,0,0,-1,0,0,0,,0,,0,,0,0,0,1
1723494782,772,4,4,8,8,11.999,0,0,0.10 | 0.11 | 0.11,0,2.25 | 3.26 | 4.00,0,1.00 | 1.23 | 1.78,0.952,0.000,0,1,0,0,0,0,-1,0,0,0,,0,,0,,0,0,0,1
1723494782,772,4,4,8,8,11.999,0,0,0.10 | 0.11 | 0.11,0,2.25 | 3.26 | 4.00,0,1.00 | 1.23 | 1.78,0.952,0.000,0,1,0,0,0,0,-1,0,0,0,,0,,0,,0,0,0,1
1723494782,772,4,4,8,8,11.999,0,0,0.10 | 0.11 | 0.11,0,2.25 | 3.26 | 4.00,0,1.00 | 1.23 | 1.78,0.952,0.000,0,1,0,0,0,0,-1,0,0,0,,0,,0,,0,0,0,1
1723494782,772,4,4,8,8,11.999,0,0,0.10 | 0.11 | 0.11,0,2.25 | 3.26 | 4.00,0,1.00 | 1.23 | 1.78,0.952,0.000,0,1,0,0,0,0,-1,0,0,0,,0,,0,,0,0,0,1
1723494782,772,4,4,8,8,11.999,0,0,0.10 | 0.11 | 0.11,0,2.25 | 3.26 | 4.00,0,1.00 | 1.23 | 1.78,0.952,0.000,0,1,0,0,0,0,-1,0,0,0,,0,,0,,0,0,0,1
1723494782,772,4,4,8,8,11.999,0,0,0.10 | 0.11 | 0.11,0,2.25 | 3.26 | 4.00,0,1.00 | 1.23 | 1.78,0.952,0.000,0,1,0,0,0,0,-1,0,0,0,,0,,0,,0,0,0,1
1723494783,772,4,4,8,8,11.202,0,0,0.10 | 0.11 | 0.11,0,2.25 | 3.26 | 4.00,0,1.00 | 1.23 | 1.78,0.952,0.000,0,1,0,0,0,0,-1,0,0,0,,0,,0,,0,0,0,1
1723494783,772,4,4,8,8,11.202,0,0,0.10 | 0.11 | 0.11,0,2.25 | 3.26 | 4.00,0,1.00 | 1.23 | 1.78,0.952,0.000,0,1,0,0,0,0,-1,0,0,0,,0,,0,,0,0,0,1
1723494783,772,4,4,8,8,11.202,0,0,0.10 | 0.11 | 0.11,0,2.25 | 3.26 | 4.00,0,1.00 | 1.23 | 1.78,0.952,0.000,0,1,0,0,0,0,-1,0,0,0,,0,,0,,0,0,0,1
1723494783,772,4,4,8,8,11.202,0,0,0.10 | 0.11 | 0.11,0,2.25 | 3.26 | 4.00,0,1.00 | 1.23 | 1.78,0.952,0.000,0,1,0,0,0,0,-1,0,0,0,,0,,0,,0,0,0,1
1723494783,772,4,4,8,8,11.202,0,0,0.10 | 0.11 | 0.11,0,2.25 | 3.26 | 4.00,0,1.00 | 1.23 | 1.78,0.952,0.000,0,1,0,0,0,0,-1,0,0,0,,0,,0,,0,0,0,1
1723494783,772,4,4,8,8,11.202,0,0,0.10 | 0.11 | 0.11,0,2.25 | 3.26 | 4.00,0,1.00 | 1.23 | 1.78,0.952,0.000,0,1,0,0,0,0,-1,0,0,0,,0,,0,,0,0,0,1
1723494783,772,4,4,8,8,11.202,0,0,0.10 | 0.11 | 0.11,0,2.25 | 3.26 | 4.00,0,1.00 | 1.23 | 1.78,0.952,0.000,0,1,0,0,0,0,-1,0,0,0,,0,,0,,0,0,0,1
1723494783,772,4,4,8,8,11.202,0,0,0.10 | 0.11 | 0.11,0,2.25 | 3.26 | 4.00,0,1.00 | 1.23 | 1.78,0.952,0.000,0,1,0,0,0,0,-1,0,0,0,,0,,0,,0,0,0,1
1723494783,772,4,4,8,8,11.202,0,0,0.10 | 0.11 | 0.11,0,2.25 | 3.26 | 4.00,0,1.00 | 1.23 | 1.78,0.952,0.000,0,1,0,0,0,0,-1,0,0,0,,0,,0,,0,0,0,1
1723494783,772,4,4,8,8,11.202,0,0,0.10 | 0.11 | 0.11,0,2.25 | 3.26 | 4.00,0,1.00 | 1.23 | 1.78,0.952,0.000,0,1,0,0,0,0,-1,0,0,0,,0,,0,,0,0,0,1
1723494784,772,4,4,8,8,10.14,0,0,0.10 | 0.11 | 0.11,0,2.25 | 3.26 | 4.00,0,1.00 | 1.23 | 1.78,0.952,0.000,0,1,0,0,0,0,-1,0,0,0,,0,,0,,0,0,0,1
1723494784,772,4,4,8,8,10.14,0,0,0.10 | 0.11 | 0.11,0,2.25 | 3.26 | 4.00,0,1.00 | 1.23 | 1.78,0.952,0.000,0,1,0,0,0,0,-1,0,0,0,,0,,0,,0,0,0,1
1723494784,772,4,4,8,8,10.14,0,0,0.10 | 0.11 | 0.11,0,2.25 | 3.26 | 4.00,0,1.00 | 1.23 | 1.78,0.952,0.000,0,1,0,0,0,0,-1,0,0,0,,0,,0,,0,0,0,1
1723494784,772,4,4,8,8,10.14,0,0,0.10 | 0.11 | 0.11,0,2.25 | 3.26 | 4.00,0,1.00 | 1.23 | 1.78,0.952,0.000,0,1,0,0,0,0,-1,0,0,0,,0,,0,,0,0,0,1
1723494784,772,4,4,8,8,10.14,0,0,0.10 | 0.11 | 0.11,0,2.25 | 3.26 | 4.00,0,1.00 | 1.23 | 1.78,0.952,0.000,0,1,0,0,0,0,-1,0,0,0,,0,,0,,0,0,0,1
1723494784,772,4,4,8,8,10.14,0,0,0.10 | 0.11 | 0.11,0,2.25 | 3.26 | 4.00,0,1.00 | 1.23 | 1.78,0.952,0.000,0,1,0,0,0,0,-1,0,0,0,,0,,0,,0,0,0,1
1723494784,772,4,4,8,8,10.14,0,0,0.10 | 0.11 | 0.11,0,2.25 | 3.26 | 4.00,0,1.00 | 1.23 | 1.78,0.952,0.000,0,1,0,0,0,0,-1,0,0,0,,0,,0,,0,0,0,1
1723494784,772,4,4,8,8,10.14,0,0,0.10 | 0.11 | 0.11,0,2.25 | 3.26 | 4.00,0,1.00 | 1.23 | 1.78,0.952,0.000,0,1,0,0,0,0,-1,0,0,0,,0,,0,,0,0,0,1
1723494784,772,4,4,8,8,10.14,0,0,0.10 | 0.11 | 0.11,0,2.25 | 3.26 | 4.00,0,1.00 | 1.23 | 1.78,0.952,0.000,0,1,0,0,0,0,-1,0,0,0,,0,,0,,0,0,0,1
1723494784,772,4,4,8,8,10.14,0,0,0.10 | 0.11 | 0.11,0,2.25 | 3.26 | 4.00,0,1.00 | 1.23 | 1.78,0.952,0.000,0,1,0,0,0,0,-1,0,0,0,,0,,0,,0,0,0,1
1723494785,772,4,4,8,8,9.077,0,0,0.10 | 0.11 | 0.11,0,2.25 | 3.26 | 4.00,0,1.00 | 1.23 | 1.78,0.952,0.000,0,1,0,0,0,0,-1,0,0,0,,0,,0,,0,0,0,1
1723494785,772,4,4,8,8,9.077,0,0,0.10 | 0.11 | 0.11,0,2.25 | 3.26 | 4.00,0,1.00 | 1.23 | 1.78,0.952,0.000,0,1,0,0,0,0,-1,0,0,0,,0,,0,,0,0,0,1
1723494785,772,4,4,8,8,9.077,0,0,0.10 | 0.11 | 0.11,0,2.25 | 3.26 | 4.00,0,1.00 | 1.23 | 1.78,0.952,0.000,0,1,0,0,0,0,-1,0,0,0,,0,,0,,0,0,0,1
1723494785,772,4,4,8,8,9.077,0,0,0.10 | 0.11 | 0.11,0,2.25 | 3.26 | 4.00,0,1.00 | 1.23 | 1.78,0.952,0.000,0,1,0,0,0,0,-1,0,0,0,,0,,0,,0,0,0,1
1723494785,772,4,4,8,8,9.077,0,0,0.10 | 0.11 | 0.11,0,2.25 | 3.26 | 4.00,0,1.00 | 1.23 | 1.78,0.952,0.000,0,1,0,0,0,0,-1,0,0,0,,0,,0,,0,0,0,1
1723494785,772,4,4,8,8,9.077,0,0,0.10 | 0.11 | 0.11,0,2.25 | 3.26 | 4.00,0,1.00 | 1.23 | 1.78,0.952,0.000,0,1,0,0,0,0,-1,0,0,0,,0,,0,,0,0,0,1
1723494785,772,4,4,8,8,9.077,0,0,0.10 | 0.11 | 0.11,0,2.25 | 3.26 | 4.00,0,1.00 | 1.23 | 1.78,0.952,0.000,0,1,0,0,0,0,-1,0,0,0,,0,,0,,0,0,0,1
1723494785,772,4,4,8,8,9.077,0,0,0.10 | 0.11 | 0.11,0,2.25 | 3.26 | 4.00,0,1.00 | 1.23 | 1.78,0.952,0.000,0,1,0,0,0,0,-1,0,0,0,,0,,0,,0,0,0,1
1723494785,772,4,4,8,8,9.077,0,0,0.10 | 0.11 | 0.11,0,2.25 | 3.26 | 4.00,0,1.00 | 1.23 | 1.78,0.952,0.000,0,1,0,0,0,0,-1,0,0,0,,0,,0,,0,0,0,1
1723494785,772,4,4,8,8,9.077,0,0,0.10 | 0.11 | 0.11,0,2.25 | 3.26 | 4.00,0,1.00 | 1.23 | 1.78,0.952,0.000,0,1,0,0,0,0,-1,0,0,0,,0,,0,,0,0,0,1
1723494786,772,4,4,8,8,8.015,0,0,0.10 | 0.11 | 0.11,0,2.25 | 3.26 | 4.00,0,1.00 | 1.23 | 1.78,0.952,0.000,0,1,0,0,0,0,-1,0,0,0,,0,,0,,0,0,0,1
1723494786,772,4,4,8,8,8.015,0,0,0.10 | 0.11 | 0.11,0,2.25 | 3.26 | 4.00,0,1.00 | 1.23 | 1.78,0.952,0.000,0,1,0,0,0,0,-1,0,0,0,,0,,0,,0,0,0,1
1723494786,772,4,4,8,8,8.015,0,0,0.10 | 0.11 | 0.11,0,2.25 | 3.26 | 4.00,0,1.00 | 1.23 | 1.78,0.952,0.000,0,1,0,0,0,0,-1,0,0,0,,0,,0,,0,0,0,1
1723494786,772,4,4,8,8,8.015,0,0,0.10 | 0.11 | 0.11,0,2.25 | 3.26 | 4.00,0,1.00 | 1.23 | 1.78,0.952,0.000,0,1,0,0,0,0,-1,0,0,0,,0,,0,,0,0,0,1
1723494786,772,4,4,8,8,8.015,0,0,0.10 | 0.11 | 0.11,0,2.25 | 3.26 | 4.00,0,1.00 | 1.23 | 1.78,0.952,0.000,0,1,0,0,0,0,-1,0,0,0,,0,,0,,0,0,0,1
1723494786,772,4,4,8,8,8.015,0,0,0.10 | 0.11 | 0.11,0,2.25 | 3.26 | 4.00,0,1.00 | 1.23 | 1.78,0.952,0.000,0,1,0,0,0,0,-1,0,0,0,,0,,0,,0,0,0,1
1723494786,772,4,4,8,8,8.015,0,0,0.10 | 0.11 | 0.11,0,2.25 | 3.26 | 4.00,0,1.00 | 1.23 | 1.78,0.952,0.000,0,1,0,0,0,0,-1,0,0,0,,0,,0,,0,0,0,1
1723494786,772,4,4,8,8,8.015,0,0,0.10 | 0.11 | 0.11,0,2.25 | 3.26 | 4.00,0,1.00 | 1.23 | 1.78,0.952,0.000,0,1,0,0,0,0,-1,0,0,0,,0,,0,,0,0,0,1
1723494786,772,4,4,8,8,8.015,0,0,0.10 | 0.11 | 0.11,0,2.25 | 3.26 | 4.00,0,1.00 | 1.23 | 1.78,0.952,0.000,0,1,0,0,0,0,-1,0,0,0,,0,,0,,0,0,0,1
1723494786,772,4,4,8,8,8.015,0,0,0.10 | 0.11 | 0.11,0,2.25 | 3.26 | 4.00,0,1.00 | 1.23 | 1.78,0.952,0.000,0,1,0,0,0,0,-1,0,0,0,,0,,0,,0,0,0,1
1723494787,772,4,4,8,8,12.018,0,0,0.10 | 0.11 | 0.11,0,2.25 | 3.21 | 3.96,0,1.01 | 1.25 | 1.78,0.952,0.000,0,1,0,0,0,0,-1,0,0,0,,0,,0,,0,0,0,1
1723494787,772,4,4,8,8,12.018,0,0,0.10 | 0.11 | 0.11,0,2.25 | 3.21 | 3.96,0,1.01 | 1.25 | 1.78,0.952,0.000,0,1,0,0,0,0,-1,0,0,0,,0,,0,,0,0,0,1
1723494787,772,4,4,8,8,12.018,0,0,0.10 | 0.11 | 0.11,0,2.25 | 3.21 | 3.96,0,1.01 | 1.25 | 1.78,0.952,0.000,0,1,0,0,0,0,-1,0,0,0,,0,,0,,0,0,0,1
1723494787,772,4,4,8,8,12.018,0,0,0.10 | 0.11 | 0.11,0,2.25 | 3.21 | 3.96,0,1.01 | 1.25 | 1.78,0.952,0.000,0,1,0,0,0,0,-1,0,0,0,,0,,0,,0,0,0,1
1723494787,772,4,4,8,8,12.018,0,0,0.10 | 0.11 | 0.11,0,2.25 | 3.21 | 3.96,0,1.01 | 1.25 | 1.78,0.952,0.000,0,1,0,0,0,0,-1,0,0,0,,0,,0,,0,0,0,1
1723494787,772,4,4,8,8,12.018,0,0,0.10 | 0.11 | 0.11,0,2.25 | 3.21 | 3.96,0,1.01 | 1.25 | 1.78,0.952,0.000,0,1,0,0,0,0,-1,0,0,0,,0,,0,,0,0,0,1
1723494787,772,4,4,8,8,12.018,0,0,0.10 | 0.11 | 0.11,0,2.25 | 3.21 | 3.96,0,1.01 | 1.25 | 1.78,0.952,0.000,0,1,0,0,0,0,-1,0,0,0,,0,,0,,0,0,0,1
1723494787,772,4,4,8,8,12.018,0,0,0.10 | 0.11 | 0.11,0,2.25 | 3.21 | 3.96,0,1.01 | 1.25 | 1.78,0.952,0.000,0,1,0,0,0,0,-1,0,0,0,,0,,0,,0,0,0,1
1723494787,772,4,4,8,8,12.018,0,0,0.10 | 0.11 | 0.11,0,2.25 | 3.21 | 3.96,0,1.01 | 1.25 | 1.78,0.952,0.000,0,1,0,0,0,0,-1,0,0,0,,0,,0,,0,0,0,1
1723494787,772,4,4,8,8,12.018,0,0,0.10 | 0.11 | 0.11,0,2.25 | 3.21 | 3.96,0,1.01 | 1.25 | 1.78,0.952,0.000,0,1,0,0,0,0,-1,0,0,0,,0,,0,,0,0,0,1
1723494788,772,4,4,8,8,10.955,0,0,0.10 | 0.11 | 0.11,0,2.25 | 3.21 | 3.96,0,1.01 | 1.25 | 1.78,0.952,0.000,0,1,0,0,0,0,-1,0,0,0,,0,,0,,0,0,0,1
1723494788,772,4,4,8,8,10.955,0,0,0.10 | 0.11 | 0.11,0,2.25 | 3.21 | 3.96,0,1.01 | 1.25 | 1.78,0.952,0.000,0,1,0,0,0,0,-1,0,0,0,,0,,0,,0,0,0,1
1723494788,772,4,4,8,8,10.955,0,0,0.10 | 0.11 | 0.11,0,2.25 | 3.21 | 3.96,0,1.01 | 1.25 | 1.78,0.952,0.000,0,1,0,0,0,0,-1,0,0,0,,0,,0,,0,0,0,1
1723494788,772,4,4,8,8,10.955,0,0,0.10 | 0.11 | 0.11,0,2.25 | 3.21 | 3.96,0,1.01 | 1.25 | 1.78,0.952,0.000,0,1,0,0,0,0,-1,0,0,0,,0,,0,,0,0,0,1
1723494788,772,4,4,8,8,10.955,0,0,0.10 | 0.11 | 0.11,0,2.25 | 3.21 | 3.96,0,1.01 | 1.25 | 1.78,0.952,0.000,0,1,0,0,0,0,-1,0,0,0,,0,,0,,0,0,0,1
1723494788,772,4,4,8,8,10.955,0,0,0.10 | 0.11 | 0.11,0,2.25 | 3.21 | 3.96,0,1.01 | 1.25 | 1.78,0.952,0.000,0,1,0,0,0,0,-1,0,0,0,,0,,0,,0,0,0,1
1723494788,772,4,4,8,8,10.955,0,0,0.10 | 0.11 | 0.11,0,2.25 | 3.21 | 3.96,0,1.01 | 1.25 | 1.78,0.952,0.000,0,1,0,0,0,0,-1,0,0,0,,0,,0,,0,0,0,1
1723494788,772,4,4,8,8,10.955,0,0,0.10 | 0.11 | 0.11,0,2.25 | 3.21 | 3.96,0,1.01 | 1.25 | 1.78,0.952,0.000,0,1,0,0,0,0,-1,0,0,0,,0,,0,,0,0,0,1
1723494788,772,4,4,8,8,10.955,0,0,0.10 | 0.11 | 0.11,0,2.25 | 3.21 | 3.96,0,1.01 | 1.25 | 1.78,0.952,0.000,0,1,0,0,0,0,-1,0,0,0,,0,,0,,0,0,0,1
1723494788,772,4,4,8,8,10.955,0,0,0.10 | 0.11 | 0.11,0,2.25 | 3.21 | 3.96,0,1.01 | 1.25 | 1.78,0.952,0.000,0,1,0,0,0,0,-1,0,0,0,,0,,0,,0,0,0,1
1723494789,772,4,4,8,8,9.893,0,0,0.10 | 0.11 | 0.11,0,2.25 | 3.21 | 3.96,0,1.01 | 1.25 | 1.78,0.952,0.000,0,1,0,0,0,0,-1,0,0,0,,0,,0,,0,0,0,1
1723494789,772,4,4,8,8,9.893,0,0,0.10 | 0.11 | 0.11,0,2.25 | 3.21 | 3.96,0,1.01 | 1.25 | 1.78,0.952,0.000,0,1,0,0,0,0,-1,0,0,0,,0,,0,,0,0,0,1
1723494789,772,4,4,8,8,9.893,0,0,0.10 | 0.11 | 0.11,0,2.25 | 3.21 | 3.96,0,1.01 | 1.25 | 1.78,0.952,0.000,0,1,0,0,0,0,-1,0,0,0,,0,,0,,0,0,0,1
1723494789,772,4,4,8,8,9.893,0,0,0.10 | 0.11 | 0.11,0,2.25 | 3.21 | 3.96,0,1.01 | 1.25 | 1.78,0.952,0.000,0,1,0,0,0,0,-1,0,0,0,,0,,0,,0,0,0,1
1723494789,772,4,4,8,8,9.893,0,0,0.10 | 0.11 | 0.11,0,2.25 | 3.21 | 3.96,0,1.01 | 1.25 | 1.78,0.952,0.000,0,1,0,0,0,0,-1,0,0,0,,0,,0,,0,0,0,1
1723494789,772,4,4,8,8,9.893,0,0,0.10 | 0.11 | 0.11,0,2.25 | 3.21 | 3.96,0,1.01 | 1.25 | 1.78,0.952,0.000,0,1,0,0,0,0,-1,0,0,0,,0,,0,,0,0,0,1
1723494789,772,4,4,8,8,9.893,0,0,0.10 | 0.11 | 0.11,0,2.25 | 3.21 | 3.96,0,1.01 | 1.25 | 1.78,0.952,0.000,0,1,0,0,0,0,-1,0,0,0,,0,,0,,0,0,0,1
1723494789,772,4,4,8,8,9.893,0,0,0.10 | 0.11 | 0.11,0,2.25 | 3.21 | 3.96,0,1.01 | 1.25 | 1.78,0.952,0.000,0,1,0,0,0,0,-1,0,0,0,,0,,0,,0,0,0,1
1723494789,772,4,4,8,8,9.893,0,0,0.10 | 0.11 | 0.11,0,2.25 | 3.21 | 3.96,0,1.01 | 1.25 | 1.78,0.952,0.000,0,1,0,0,0,0,-1,0,0,0,,0,,0,,0,0,0,1
1723494789,772,4,4,8,8,9.893,0,0,0.10 | 0.11 | 0.11,0,2.25 | 3.21 | 3.96,0,1.01 | 1.25 | 1.78,0.952,0.000,0,1,0,0,0,0,-1,0,0,0,,0,,0,,0,0,0,1
1723494790,772,4,4,8,8,8.787,0,0,0.10 | 0.11 | 0.11,0,2.25 | 3.21 | 3.96,0,1.01 | 1.25 | 1.78,0.952,0.000,0,1,0,0,0,0,-1,0,0,0,,0,,0,,0,0,0,1
1723494790,772,4,4,8,8,8.787,0,0,0.10 | 0.11 | 0.11,0,2.25 | 3.21 | 3.96,0,1.01 | 1.25 | 1.78,0.952,0.000,0,1,0,0,0,0,-1,0,0,0,,0,,0,,0,0,0,1
1723494790,772,4,4,8,8,8.787,0,0,0.10 | 0.11 | 0.11,0,2.25 | 3.21 | 3.96,0,1.01 | 1.25 | 1.78,0.952,0.000,0,1,0,0,0,0,-1,0,0,0,,0,,0,,0,0,0,1
1723494790,772,4,4,8,8,8.787,0,0,0.10 | 0.11 | 0.11,0,2.25 | 3.21 | 3.96,0,1.01 | 1.25 | 1.78,0.952,0.000,0,1,0,0,0,0,-1,0,0,0,,0,,0,,0,0,0,1
1723494790,772,4,4,8,8,8.787,0,0,0.10 | 0.11 | 0.11,0,2.25 | 3.21 | 3.96,0,1.01 | 1.25 | 1.78,0.952,0.000,0,1,0,0,0,0,-1,0,0,0,,0,,0,,0,0,0,1
1723494790,772,4,4,8,8,8.787,0,0,0.10 | 0.11 | 0.11,0,2.25 | 3.21 | 3.96,0,1.01 | 1.25 | 1.78,0.952,0.000,0,1,0,0,0,0,-1,0,0,0,,0,,0,,0,0,0,1
1723494790,772,4,4,8,8,8.787,0,0,0.10 | 0.11 | 0.11,0,2.25 | 3.21 | 3.96,0,1.01 | 1.25 | 1.78,0.952,0.000,0,1,0,0,0,0,-1,0,0,0,,0,,0,,0,0,0,1
1723494790,772,4,4,8,8,8.787,0,0,0.10 | 0.11 | 0.11,0,2.25 | 3.21 | 3.96,0,1.01 | 1.25 | 1.78,0.952,0.000,0,1,0,0,0,0,-1,0,0,0,,0,,0,,0,0,0,1
1723494790,772,4,4,8,8,8.787,0,0,0.10 | 0.11 | 0.11,0,2.25 | 3.21 | 3.96,0,1.01 | 1.25 | 1.78,0.952,0.000,0,1,0,0,0,0,-1,0,0,0,,0,,0,,0,0,0,1
1723494790,772,4,4,8,8,8.787,0,0,0.10 | 0.11 | 0.11,0,2.25 | 3.21 | 3.96,0,1.01 | 1.25 | 1.78,0.952,0.000,0,1,0,0,0,0,-1,0,0,0,,0,,0,,0,0,0,1
1723494791,772,4,4,8,8,11.233,0,0,0.11 | 0.11 | 0.11,0,2.25 | 3.20 | 3.96,0,1.01 | 1.25 | 1.78,0.952,0.000,0,1,0,0,0,0,-1,0,0,0,,0,,0,,0,0,0,1
1723494791,772,4,4,8,8,11.233,0,0,0.11 | 0.11 | 0.11,0,2.25 | 3.20 | 3.96,0,1.01 | 1.25 | 1.78,0.952,0.000,0,1,0,0,0,0,-1,0,0,0,,0,,0,,0,0,0,1
1723494791,772,4,4,8,8,11.233,0,0,0.11 | 0.11 | 0.11,0,2.25 | 3.20 | 3.96,0,1.01 | 1.25 | 1.78,0.952,0.000,0,1,0,0,0,0,-1,0,0,0,,0,,0,,0,0,0,1
1723494791,772,4,4,8,8,11.233,0,0,0.11 | 0.11 | 0.11,0,2.25 | 3.20 | 3.96,0,1.01 | 1.25 | 1.78,0.952,0.000,0,1,0,0,0,0,-1,0,0,0,,0,,0,,0,0,0,1
1723494791,772,4,4,8,8,11.233,0,0,0.11 | 0.11 | 0.11,0,2.25 | 3.20 | 3.96,0,1.01 | 1.25 | 1.78,0.952,0.000,0,1,0,0,0,0,-1,0,0,0,,0,,0,,0,0,0,1
1723494791,772,4,4,8,8,11.233,0,0,0.11 | 0.11 | 0.11,0,2.25 | 3.20 | 3.96,0,1.01 | 1.25 | 1.78,0.952,0.000,0,1,0,0,0,0,-1,0,0,0,,0,,0,,0,0,0,1
1723494791,772,4,4,8,8,11.233,0,0,0.11 | 0.11 | 0.11,0,2.25 | 3.20 | 3.96,0,1.01 | 1.25 | 1.78,0.952,0.000,0,1,0,0,0,0,-1,0,0,0,,0,,0,,0,0,0,1
1723494791,772,4,4,8,8,11.233,0,0,0.11 | 0.11 | 0.11,0,2.25 | 3.20 | 3.96,0,1.01 | 1.25 | 1.78,0.952,0.000,0,1,0,0,0,0,-1,0,0,0,,0,,0,,0,0,0,1
1723494791,772,4,4,8,8,11.233,0,0,0.11 | 0.11 | 0.11,0,2.25 | 3.20 | 3.96,0,1.01 | 1.25 | 1.78,0.952,0.000,0,1,0,0,0,0,-1,0,0,0,,0,,0,,0,0,0,1
1723494791,772,4,4,8,8,11.233,0,0,0.11 | 0.11 | 0.11,0,2.25 | 3.20 | 3.96,0,1.01 | 1.25 | 1.78,0.952,0.000,0,1,0,0,0,0,-1,0,0,0,,0,,0,,0,0,0,1
1723494792,772,4,4,8,8,10.171,0,0,0.11 | 0.11 | 0.11,0,2.25 | 3.20 | 3.96,0,1.01 | 1.25 | 1.78,0.952,0.000,0,1,0,0,0,0,-1,0,0,0,,0,,0,,0,0,0,1
1723494792,772,4,4,8,8,10.171,0,0,0.11 | 0.11 | 0.11,0,2.25 | 3.20 | 3.96,0,1.01 | 1.25 | 1.78,0.952,0.000,0,1,0,0,0,0,-1,0,0,0,,0,,0,,0,0,0,1
1723494792,772,4,4,8,8,10.171,0,0,0.11 | 0.11 | 0.11,0,2.25 | 3.20 | 3.96,0,1.01 | 1.25 | 1.78,0.952,0.000,0,1,0,0,0,0,-1,0,0,0,,0,,0,,0,0,0,1
1723494792,772,4,4,8,8,10.171,0,0,0.11 | 0.11 | 0.11,0,2.25 | 3.20 | 3.96,0,1.01 | 1.25 | 1.78,0.952,0.000,0,1,0,0,0,0,-1,0,0,0,,0,,0,,0,0,0,1
1723494792,772,4,4,8,8,10.171,0,0,0.11 | 0.11 | 0.11,0,2.25 | 3.20 | 3.96,0,1.01 | 1.25 | 1.78,0.952,0.000,0,1,0,0,0,0,-1,0,0,0,,0,,0,,0,0,0,1
1723494792,772,4,4,8,8,10.171,0,0,0.11 | 0.11 | 0.11,0,2.25 | 3.20 | 3.96,0,1.01 | 1.25 | 1.78,0.952,0.000,0,1,0,0,0,0,-1,0,0,0,,0,,0,,0,0,0,1
1723494792,772,4,4,8,8,10.171,0,0,0.11 | 0.11 | 0.11,0,2.25 | 3.20 | 3.96,0,1.01 | 1.25 | 1.78,0.952,0.000,0,1,0,0,0,0,-1,0,0,0,,0,,0,,0,0,0,1
1723494792,772,4,4,8,8,10.171,0,0,0.11 | 0.11 | 0.11,0,2.25 | 3.20 | 3.96,0,1.01 | 1.25 | 1.78,0.952,0.000,0,1,0,0,0,0,-1,0,0,0,,0,,0,,0,0,0,1
1723494792,772,4,4,8,8,10.171,0,0,0.11 | 0.11 | 0.11,0,2.25 | 3.20 | 3.96,0,1.01 | 1.25 | 1.78,0.952,0.000,0,1,0,0,0,0,-1,0,0,0,,0,,0,,0,0,0,1
1723494792,772,4,4,8,8,10.171,0,0,0.11 | 0.11 | 0.11,0,2.25 | 3.20 | 3.96,0,1.01 | 1.25 | 1.78,0.952,0.000,0,1,0,0,0,0,-1,0,0,0,,0,,0,,0,0,0,1
1723494793,772,4,4,8,8,9.108,0,0,0.11 | 0.11 | 0.11,0,2.25 | 3.20 | 3.96,0,1.01 | 1.25 | 1.78,0.952,0.000,0,1,0,0,0,0,-1,0,0,0,,0,,0,,0,0,0,1
1723494793,772,4,4,8,8,9.108,0,0,0.11 | 0.11 | 0.11,0,2.25 | 3.20 | 3.96,0,1.01 | 1.25 | 1.78,0.952,0.000,0,1,0,0,0,0,-1,0,0,0,,0,,0,,0,0,0,1
1723494793,772,4,4,8,8,9.108,0,0,0.11 | 0.11 | 0.11,0,2.25 | 3.20 | 3.96,0,1.01 | 1.25 | 1.78,0.952,0.000,0,1,0,0,0,0,-1,0,0,0,,0,,0,,0,0,0,1
1723494793,772,4,4,8,8,9.108,0,0,0.11 | 0.11 | 0.11,0,2.25 | 3.20 | 3.96,0,1.01 | 1.25 | 1.78,0.952,0.000,0,1,0,0,0,0,-1,0,0,0,,0,,0,,0,0,0,1
1723494793,772,4,4,8,8,9.108,0,0,0.11 | 0.11 | 0.11,0,2.25 | 3.20 | 3.96,0,1.01 | 1.25 | 1.78,0.952,0.000,0,1,0,0,0,0,-1,0,0,0,,0,,0,,0,0,0,1
1723494793,772,4,4,8,8,9.108,0,0,0.11 | 0.11 | 0.11,0,2.25 | 3.20 | 3.96,0,1.01 | 1.25 | 1.78,0.952,0.000,0,1,0,0,0,0,-1,0,0,0,,0,,0,,0,0,0,1
1723494793,772,4,4,8,8,9.108,0,0,0.11 | 0.11 | 0.11,0,2.25 | 3.20 | 3.96,0,1.01 | 1.25 | 1.78,0.952,0.000,0,1,0,0,0,0,-1,0,0,0,,0,,0,,0,0,0,1
1723494793,772,4,4,8,8,9.108,0,0,0.11 | 0.11 | 0.11,0,2.25 | 3.20 | 3.96,0,1.01 | 1.25 | 1.78,0.952,0.000,0,1,0,0,0,0,-1,0,0,0,,0,,0,,0,0,0,1
1723494793,772,4,4,8,8,9.108,0,0,0.11 | 0.11 | 0.11,0,2.25 | 3.20 | 3.96,0,1.01 | 1.25 | 1.78,0.952,0.000,0,1,0,0,0,0,-1,0,0,0,,0,,0,,0,0,0,1
1723494793,772,4,4,8,8,9.108,0,0,0.11 | 0.11 | 0.11,0,2.25 | 3.20 | 3.96,0,1.01 | 1.25 | 1.78,0.952,0.000,0,1,0,0,0,0,-1,0,0,0,,0,,0,,0,0,0,1
1723494794,772,4,4,8,8,8.046,0,0,0.11 | 0.11 | 0.11,0,2.25 | 3.20 | 3.96,0,1.01 | 1.25 | 1.78,0.952,0.000,0,1,0,0,0,0,-1,0,0,0,,0,,0,,0,0,0,1
1723494794,772,4,4,8,8,8.046,0,0,0.11 | 0.11 | 0.11,0,2.25 | 3.20 | 3.96,0,1.01 | 1.25 | 1.78,0.952,0.000,0,1,0,0,0,0,-1,0,0,0,,0,,0,,0,0,0,1
1723494794,772,4,4,8,8,8.046,0,0,0.11 | 0.11 | 0.11,0,2.25 | 3.20 | 3.96,0,1.01 | 1.25 | 1.78,0.952,0.000,0,1,0,0,0,0,-1,0,0,0,,0,,0,,0,0,0,1
1723494794,772,4,4,8,8,8.046,0,0,0.11 | 0.11 | 0.11,0,2.25 | 3.20 | 3.96,0,1.01 | 1.25 | 1.78,0.952,0.000,0,1,0,0,0,0,-1,0,0,0,,0,,0,,0,0,0,1
1723494794,772,4,4,8,8,8.046,0,0,0.11 | 0.11 | 0.11,0,2.25 | 3.20 | 3.96,0,1.01 | 1.25 | 1.78,0.952,0.000,0,1,0,0,0,0,-1,0,0,0,,0,,0,,0,0,0,1
1723494794,772,4,4,8,8,8.046,0,0,0.11 | 0.11 | 0.11,0,2.25 | 3.20 | 3.96,0,1.01 | 1.25 | 1.78,0.952,0.000,0,1,0,0,0,0,-1,0,0,0,,0,,0,,0,0,0,1
1723494794,772,4,4,8,8,8.046,0,0,0.11 | 0.11 | 0.11,0,2.25 | 3.20 | 3.96,0,1.01 | 1.25 | 1.78,0.952,0.000,0,1,0,0,0,0,-1,0,0,0,,0,,0,,0,0,0,1
1723494794,772,4,4,8,8,8.046,0,0,0.11 | 0.11 | 0.11,0,2.25 | 3.20 | 3.96,0,1.01 | 1.25 | 1.78,0.952,0.000,0,1,0,0,0,0,-1,0,0,0,,0,,0,,0,0,0,1
1723494794,772,4,4,8,8,8.046,0,0,0.11 | 0.11 | 0.11,0,2.25 | 3.20 | 3.96,0,1.01 | 1.25 | 1.78,0.952,0.000,0,1,0,0,0,0,-1,0,0,0,,0,,0,,0,0,0,1
1723494794,772,4,4,8,8,8.046,0,0,0.11 | 0.11 | 0.11,0,2.25 | 3.20 | 3.96,0,1.01 | 1.25 | 1.78,0.952,0.000,0,1,0,0,0,0,-1,0,0,0,,0,,0,,0,0,0,1
1723494795,772,4,4,8,8,11.783,0,0,0.11 | 0.11 | 0.11,0,2.25 | 3.37 | 4.62,0,0.87 | 1.19 | 1.78,0.952,0.000,0,1,0,0,0,0,-1,0,0,0,,0,,0,,0,0,0,1
1723494795,772,4,4,8,8,11.783,0,0,0.11 | 0.11 | 0.11,0,2.25 | 3.37 | 4.62,0,0.87 | 1.19 | 1.78,0.952,0.000,0,1,0,0,0,0,-1,0,0,0,,0,,0,,0,0,0,1
1723494795,772,4,4,8,8,11.783,0,0,0.11 | 0.11 | 0.11,0,2.25 | 3.37 | 4.62,0,0.87 | 1.19 | 1.78,0.952,0.000,0,1,0,0,0,0,-1,0,0,0,,0,,0,,0,0,0,1
1723494795,772,4,4,8,8,11.783,0,0,0.11 | 0.11 | 0.11,0,2.25 | 3.37 | 4.62,0,0.87 | 1.19 | 1.78,0.952,0.000,0,1,0,0,0,0,-1,0,0,0,,0,,0,,0,0,0,1
1723494795,772,4,4,8,8,11.783,0,0,0.11 | 0.11 | 0.11,0,2.25 | 3.37 | 4.62,0,0.87 | 1.19 | 1.78,0.952,0.000,0,1,0,0,0,0,-1,0,0,0,,0,,0,,0,0,0,1
1723494795,772,4,4,8,8,11.783,0,0,0.11 | 0.11 | 0.11,0,2.25 | 3.37 | 4.62,0,0.87 | 1.19 | 1.78,0.952,0.000,0,1,0,0,0,0,-1,0,0,0,,0,,0,,0,0,0,1
1723494795,772,4,4,8,8,11.783,0,0,0.11 | 0.11 | 0.11,0,2.25 | 3.37 | 4.62,0,0.87 | 1.19 | 1.78,0.952,0.000,0,1,0,0,0,0,-1,0,0,0,,0,,0,,0,0,0,1
1723494795,772,4,4,8,8,11.783,0,0,0.11 | 0.11 | 0.11,0,2.25 | 3.37 | 4.62,0,0.87 | 1.19 | 1.78,0.952,0.000,0,1,0,0,0,0,-1,0,0,0,,0,,0,,0,0,0,1
1723494795,772,4,4,8,8,11.783,0,0,0.11 | 0.11 | 0.11,0,2.25 | 3.37 | 4.62,0,0.87 | 1.19 | 1.78,0.952,0.000,0,1,0,0,0,0,-1,0,0,0,,0,,0,,0,0,0,1
1723494795,772,4,4,8,8,11.783,0,0,0.11 | 0.11 | 0.11,0,2.25 | 3.37 | 4.62,0,0.87 | 1.19 | 1.78,0.952,0.000,0,1,0,0,0,0,-1,0,0,0,,0,,0,,0,0,0,1
1723494796,772,4,4,8,8,10.987,0,0,0.11 | 0.11 | 0.11,0,2.25 | 3.37 | 4.62,0,0.87 | 1.19 | 1.78,0.952,0.000,0,1,0,0,0,0,-1,0,0,0,,0,,0,,0,0,0,1
1723494796,772,4,4,8,8,10.987,0,0,0.11 | 0.11 | 0.11,0,2.25 | 3.37 | 4.62,0,0.87 | 1.19 | 1.78,0.952,0.000,0,1,0,0,0,0,-1,0,0,0,,0,,0,,0,0,0,1
1723494796,772,4,4,8,8,10.987,0,0,0.11 | 0.11 | 0.11,0,2.25 | 3.37 | 4.62,0,0.87 | 1.19 | 1.78,0.952,0.000,0,1,0,0,0,0,-1,0,0,0,,0,,0,,0,0,0,1
1723494796,772,4,4,8,8,10.987,0,0,0.11 | 0.11 | 0.11,0,2.25 | 3.37 | 4.62,0,0.87 | 1.19 | 1.78,0.952,0.000,0,1,0,0,0,0,-1,0,0,0,,0,,0,,0,0,0,1
1723494796,772,4,4,8,8,10.987,0,0,0.11 | 0.11 | 0.11,0,2.25 | 3.37 | 4.62,0,0.87 | 1.19 | 1.78,0.952,0.000,0,1,0,0,0,0,-1,0,0,0,,0,,0,,0,0,0,1
1723494796,772,4,4,8,8,10.987,0,0,0.11 | 0.11 | 0.11,0,2.25 | 3.37 | 4.62,0,0.87 | 1.19 | 1.78,0.952,0.000,0,1,0,0,0,0,-1,0,0,0,,0,,0,,0,0,0,1
1723494796,772,4,4,8,8,10.987,0,0,0.11 | 0.11 | 0.11,0,2.25 | 3.37 | 4.62,0,0.87 | 1.19 | 1.78,0.952,0.000,0,1,0,0,0,0,-1,0,0,0,,0,,0,,0,0,0,1
1723494796,772,4,4,8,8,10.987,0,0,0.11 | 0.11 | 0.11,0,2.25 | 3.37 | 4.62,0,0.87 | 1.19 | 1.78,0.952,0.000,0,1,0,0,0,0,-1,0,0,0,,0,,0,,0,0,0,1
1723494796,772,4,4,8,8,10.987,0,0,0.11 | 0.11 | 0.11,0,2.25 | 3.37 | 4.62,0,0.87 | 1.19 | 1.78,0.952,0.000,0,1,0,0,0,0,-1,0,0,0,,0,,0,,0,0,0,1
1723494796,772,4,4,8,8,10.987,0,0,0.11 | 0.11 | 0.11,0,2.25 | 3.37 | 4.62,0,0.87 | 1.19 | 1.78,0.952,0.000,0,1,0,0,0,0,-1,0,0,0,,0,,0,,0,0,0,1
1723494797,772,4,4,8,8,9.924,0,0,0.11 | 0.11 | 0.11,0,2.25 | 3.37 | 4.62,0,0.87 | 1.19 | 1.78,0.952,0.000,0,1,0,0,0,0,-1,0,0,0,,0,,0,,0,0,0,1
1723494797,772,4,4,8,8,9.924,0,0,0.11 | 0.11 | 0.11,0,2.25 | 3.37 | 4.62,0,0.87 | 1.19 | 1.78,0.952,0.000,0,1,0,0,0,0,-1,0,0,0,,0,,0,,0,0,0,1
1723494797,772,4,4,8,8,9.924,0,0,0.11 | 0.11 | 0.11,0,2.25 | 3.37 | 4.62,0,0.87 | 1.19 | 1.78,0.952,0.000,0,1,0,0,0,0,-1,0,0,0,,0,,0,,0,0,0,1
1723494797,772,4,4,8,8,9.924,0,0,0.11 | 0.11 | 0.11,0,2.25 | 3.37 | 4.62,0,0.87 | 1.19 | 1.78,0.952,0.000,0,1,0,0,0,0,-1,0,0,0,,0,,0,,0,0,0,1
1723494797,772,4,4,8,8,9.924,0,0,0.11 | 0.11 | 0.11,0,2.25 | 3.37 | 4.62,0,0.87 | 1.19 | 1.78,0.952,0.000,0,1,0,0,0,0,-1,0,0,0,,0,,0,,0,0,0,1
1723494797,772,4,4,8,8,9.924,0,0,0.11 | 0.11 | 0.11,0,2.25 | 3.37 | 4.62,0,0.87 | 1.19 | 1.78,0.952,0.000,0,1,0,0,0,0,-1,0,0,0,,0,,0,,0,0,0,1
1723494797,772,4,4,8,8,9.924,0,0,0.11 | 0.11 | 0.11,0,2.25 | 3.37 | 4.62,0,0.87 | 1.19 | 1.78,0.952,0.000,0,1,0,0,0,0,-1,0,0,0,,0,,0,,0,0,0,1
1723494797,772,4,4,8,8,9.924,0,0,0.11 | 0.11 | 0.11,0,2.25 | 3.37 | 4.62,0,0.87 | 1.19 | 1.78,0.952,0.000,0,1,0,0,0,0,-1,0,0,0,,0,,0,,0,0,0,1
1723494797,772,4,4,8,8,9.924,0,0,0.11 | 0.11 | 0.11,0,2.25 | 3.37 | 4.62,0,0.87 | 1.19 | 1.78,0.952,0.000,0,1,0,0,0,0,-1,0,0,0,,0,,0,,0,0,0,1
1723494797,772,4,4,8,8,9.924,0,0,0.11 | 0.11 | 0.11,0,2.25 | 3.37 | 4.62,0,0.87 | 1.19 | 1.78,0.952,0.000,0,1,0,0,0,0,-1,0,0,0,,0,,0,,0,0,0,1
1723494798,772,4,4,8,8,12.062,0,0,0.11 | 0.11 | 0.11,0,2.61 | 3.46 | 4.62,0,0.87 | 1.16 | 1.53,0.952,0.000,0,1,0,0,0,0,-1,0,0,0,,0,,0,,0,0,0,1
1723494798,772,4,4,8,8,12.062,0,0,0.11 | 0.11 | 0.11,0,2.61 | 3.46 | 4.62,0,0.87 | 1.16 | 1.53,0.952,0.000,0,1,0,0,0,0,-1,0,0,0,,0,,0,,0,0,0,1
1723494798,772,4,4,8,8,12.062,0,0,0.11 | 0.11 | 0.11,0,2.61 | 3.46 | 4.62,0,0.87 | 1.16 | 1.53,0.952,0.000,0,1,0,0,0,0,-1,0,0,0,,0,,0,,0,0,0,1
1723494798,772,4,4,8,8,12.062,0,0,0.11 | 0.11 | 0.11,0,2.61 | 3.46 | 4.62,0,0.87 | 1.16 | 1.53,0.952,0.000,0,1,0,0,0,0,-1,0,0,0,,0,,0,,0,0,0,1
1723494798,772,4,4,8,8,12.062,0,0,0.11 | 0.11 | 0.11,0,2.61 | 3.46 | 4.62,0,0.87 | 1.16 | 1.53,0.952,0.000,0,1,0,0,0,0,-1,0,0,0,,0,,0,,0,0,0,1
1723494798,772,4,4,8,8,12.062,0,0,0.11 | 0.11 | 0.11,0,2.61 | 3.46 | 4.62,0,0.87 | 1.16 | 1.53,0.952,0.000,0,1,0,0,0,0,-1,0,0,0,,0,,0,,0,0,0,1
1723494798,772,4,4,8,8,12.062,0,0,0.11 | 0.11 | 0.11,0,2.61 | 3.46 | 4.62,0,0.87 | 1.16 | 1.53,0.952,0.000,0,1,0,0,0,0,-1,0,0,0,,0,,0,,0,0,0,1
1723494798,772,4,4,8,8,12.062,0,0,0.11 | 0.11 | 0.11,0,2.61 | 3.46 | 4.62,0,0.87 | 1.16 | 1.53,0.952,0.000,0,1,0,0,0,0,-1,0,0,0,,0,,0,,0,0,0,1
1723494798,772,4,4,8,8,12.062,0,0,0.11 | 0.11 | 0.11,0,2.61 | 3.46 | 4.62,0,0.87 | 1.16 | 1.53,0.952,0.000,0,1,0,0,0,0,-1,0,0,0,,0,,0,,0,0,0,1
1723494798,772,4,4,8,8,12.062,0,0,0.11 | 0.11 | 0.11,0,2.61 | 3.46 | 4.62,0,0.87 | 1.16 | 1.53,0.952,0.000,0,1,0,0,0,0,-1,0,0,0,,0,,0,,0,0,0,1
1723494799,772,4,4,8,8,10.999,0,0,0.11 | 0.11 | 0.11,0,2.61 | 3.46 | 4.62,0,0.87 | 1.16 | 1.53,0.952,0.000,0,1,0,0,0,0,-1,0,0,0,,0,,0,,0,0,0,1
1723494799,772,4,4,8,8,10.999,0,0,0.11 | 0.11 | 0.11,0,2.61 | 3.46 | 4.62,0,0.87 | 1.16 | 1.53,0.952,0.000,0,1,0,0,0,0,-1,0,0,0,,0,,0,,0,0,0,1
1723494799,772,4,4,8,8,10.999,0,0,0.11 | 0.11 | 0.11,0,2.61 | 3.46 | 4.62,0,0.87 | 1.16 | 1.53,0.952,0.000,0,1,0,0,0,0,-1,0,0,0,,0,,0,,0,0,0,1
1723494799,772,4,4,8,8,10.999,0,0,0.11 | 0.11 | 0.11,0,2.61 | 3.46 | 4.62,0,0.87 | 1.16 | 1.53,0.952,0.000,0,1,0,0,0,0,-1,0,0,0,,0,,0,,0,0,0,1
1723494799,772,4,4,8,8,10.999,0,0,0.11 | 0.11 | 0.11,0,2.61 | 3.46 | 4.62,0,0.87 | 1.16 | 1.53,0.952,0.000,0,1,0,0,0,0,-1,0,0,0,,0,,0,,0,0,0,1
1723494799,772,4,4,8,8,10.999,0,0,0.11 | 0.11 | 0.11,0,2.61 | 3.46 | 4.62,0,0.87 | 1.16 | 1.53,0.952,0.000,0,1,0,0,0,0,-1,0,0,0,,0,,0,,0,0,0,1
1723494799,772,4,4,8,8,10.999,0,0,0.11 | 0.11 | 0.11,0,2.61 | 3.46 | 4.62,0,0.87 | 1.16 | 1.53,0.952,0.000,0,1,0,0,0,0,-1,0,0,0,,0,,0,,0,0,0,1
1723494799,772,4,4,8,8,10.999,0,0,0.11 | 0.11 | 0.11,0,2.61 | 3.46 | 4.62,0,0.87 | 1.16 | 1.53,0.952,0.000,0,1,0,0,0,0,-1,0,0,0,,0,,0,,0,0,0,1
1723494799,772,4,4,8,8,10.999,0,0,0.11 | 0.11 | 0.11,0,2.61 | 3.46 | 4.62,0,0.87 | 1.16 | 1.53,0.952,0.000,0,1,0,0,0,0,-1,0,0,0,,0,,0,,0,0,0,1
1723494799,772,4,4,8,8,10.999,0,0,0.11 | 0.11 | 0.11,0,2.61 | 3.46 | 4.62,0,0.87 | 1.16 | 1.53,0.952,0.000,0,1,0,0,0,0,-1,0,0,0,,0,,0,,0,0,0,1
1723494800,772,4,4,8,8,9.987,0,0,0.11 | 0.11 | 0.11,0,2.61 | 3.46 | 4.62,0,0.87 | 1.16 | 1.53,0.952,0.000,0,1,0,0,0,0,-1,0,0,0,,0,,0,,0,0,0,1
1723494800,772,4,4,8,8,9.987,0,0,0.11 | 0.11 | 0.11,0,2.61 | 3.46 | 4.62,0,0.87 | 1.16 | 1.53,0.952,0.000,0,1,0,0,0,0,-1,0,0,0,,0,,0,,0,0,0,1
1723494800,772,4,4,8,8,9.987,0,0,0.11 | 0.11 | 0.11,0,2.61 | 3.46 | 4.62,0,0.87 | 1.16 | 1.53,0.952,0.000,0,1,0,0,0,0,-1,0,0,0,,0,,0,,0,0,0,1
1723494800,772,4,4,8,8,9.987,0,0,0.11 | 0.11 | 0.11,0,2.61 | 3.46 | 4.62,0,0.87 | 1.16 | 1.53,0.952,0.000,0,1,0,0,0,0,-1,0,0,0,,0,,0,,0,0,0,1
1723494800,772,4,4,8,8,9.987,0,0,0.11 | 0.11 | 0.11,0,2.61 | 3.46 | 4.62,0,0.87 | 1.16 | 1.53,0.952,0.000,0,1,0,0,0,0,-1,0,0,0,,0,,0,,0,0,0,1
1723494800,772,4,4,8,8,9.987,0,0,0.11 | 0.11 | 0.11,0,2.61 | 3.46 | 4.62,0,0.87 | 1.16 | 1.53,0.952,0.000,0,1,0,0,0,0,-1,0,0,0,,0,,0,,0,0,0,1
1723494800,772,4,4,8,8,9.987,0,0,0.11 | 0.11 | 0.11,0,2.61 | 3.46 | 4.62,0,0.87 | 1.16 | 1.53,0.952,0.000,0,1,0,0,0,0,-1,0,0,0,,0,,0,,0,0,0,1
1723494800,772,4,4,8,8,9.987,0,0,0.11 | 0.11 | 0.11,0,2.61 | 3.46 | 4.62,0,0.87 | 1.16 | 1.53,0.952,0.000,0,1,0,0,0,0,-1,0,0,0,,0,,0,,0,0,0,1
1723494800,772,4,4,8,8,9.987,0,0,0.11 | 0.11 | 0.11,0,2.61 | 3.46 | 4.62,0,0.87 | 1.16 | 1.53,0.952,0.000,0,1,0,0,0,0,-1,0,0,0,,0,,0,,0,0,0,1
1723494800,772,4,4,8,8,9.987,0,0,0.11 | 0.11 | 0.11,0,2.61 | 3.46 | 4.62,0,0.87 | 1.16 | 1.53,0.952,0.000,0,1,0,0,0,0,-1,0,0,0,,0,,0,,0,0,0,1
1723494801,772,4,4,8,8,9.14,0,0,0.11 | 0.11 | 0.11,0,2.61 | 3.46 | 4.62,0,0.87 | 1.16 | 1.53,0.952,0.000,0,1,0,0,0,0,-1,0,0,0,,0,,0,,0,0,0,1
1723494801,772,4,4,8,8,9.14,0,0,0.11 | 0.11 | 0.11,0,2.61 | 3.46 | 4.62,0,0.87 | 1.16 | 1.53,0.952,0.000,0,1,0,0,0,0,-1,0,0,0,,0,,0,,0,0,0,1
1723494801,772,4,4,8,8,9.14,0,0,0.11 | 0.11 | 0.11,0,2.61 | 3.46 | 4.62,0,0.87 | 1.16 | 1.53,0.952,0.000,0,1,0,0,0,0,-1,0,0,0,,0,,0,,0,0,0,1
1723494801,772,4,4,8,8,9.14,0,0,0.11 | 0.11 | 0.11,0,2.61 | 3.46 | 4.62,0,0.87 | 1.16 | 1.53,0.952,0.000,0,1,0,0,0,0,-1,0,0,0,,0,,0,,0,0,0,1
1723494801,772,4,4,8,8,9.14,0,0,0.11 | 0.11 | 0.11,0,2.61 | 3.46 | 4.62,0,0.87 | 1.16 | 1.53,0.952,0.000,0,1,0,0,0,0,-1,0,0,0,,0,,0,,0,0,0,1
1723494801,772,4,4,8,8,9.14,0,0,0.11 | 0.11 | 0.11,0,2.61 | 3.46 | 4.62,0,0.87 | 1.16 | 1.53,0.952,0.000,0,1,0,0,0,0,-1,0,0,0,,0,,0,,0,0,0,1
1723494801,772,4,4,8,8,9.14,0,0,0.11 | 0.11 | 0.11,0,2.61 | 3.46 | 4.62,0,0.87 | 1.16 | 1.53,0.952,0.000,0,1,0,0,0,0,-1,0,0,0,,0,,0,,0,0,0,1
1723494801,772,4,4,8,8,9.14,0,0,0.11 | 0.11 | 0.11,0,2.61 | 3.46 | 4.62,0,0.87 | 1.16 | 1.53,0.952,0.000,0,1,0,0,0,0,-1,0,0,0,,0,,0,,0,0,0,1
1723494801,772,4,4,8,8,9.14,0,0,0.11 | 0.11 | 0.11,0,2.61 | 3.46 | 4.62,0,0.87 | 1.16 | 1.53,0.952,0.000,0,1,0,0,0,0,-1,0,0,0,,0,,0,,0,0,0,1
1723494801,772,4,4,8,8,9.14,0,0,0.11 | 0.11 | 0.11,0,2.61 | 3.46 | 4.62,0,0.87 | 1.16 | 1.53,0.952,0.000,0,1,0,0,0,0,-1,0,0,0,,0,,0,,0,0,0,1
1723494802,772,4,4,8,8,8.077,0,0,0.11 | 0.11 | 0.11,0,2.61 | 3.46 | 4.62,0,0.87 | 1.16 | 1.53,0.952,0.000,0,1,0,0,0,0,-1,0,0,0,,0,,0,,0,0,0,1
1723494802,772,4,4,8,8,8.077,0,0,0.11 | 0.11 | 0.11,0,2.61 | 3.46 | 4.62,0,0.87 | 1.16 | 1.53,0.952,0.000,0,1,0,0,0,0,-1,0,0,0,,0,,0,,0,0,0,1
1723494802,772,4,4,8,8,8.077,0,0,0.11 | 0.11 | 0.11,0,2.61 | 3.46 | 4.62,0,0.87 | 1.16 | 1.53,0.952,0.000,0,1,0,0,0,0,-1,0,0,0,,0,,0,,0,0,0,1
1723494802,772,4,4,8,8,8.077,0,0,0.11 | 0.11 | 0.11,0,2.61 | 3.46 | 4.62,0,0.87 | 1.16 | 1.53,0.952,0.000,0,1,0,0,0,0,-1,0,0,0,,0,,0,,0,0,0,1
1723494802,772,4,4,8,8,8.077,0,0,0.11 | 0.11 | 0.11,0,2.61 | 3.46 | 4.62,0,0.87 | 1.16 | 1.53,0.952,0.000,0,1,0,0,0,0,-1,0,0,0,,0,,0,,0,0,0,1
1723494802,772,4,4,8,8,8.077,0,0,0.11 | 0.11 | 0.11,0,2.61 | 3.46 | 4.62,0,0.87 | 1.16 | 1.53,0.952,0.000,0,1,0,0,0,0,-1,0,0,0,,0,,0,,0,0,0,1
1723494802,772,4,4,8,8,8.077,0,0,0.11 | 0.11 | 0.11,0,2.61 | 3.46 | 4.62,0,0.87 | 1.16 | 1.53,0.952,0.000,0,1,0,0,0,0,-1,0,0,0,,0,,0,,0,0,0,1
1723494802,772,4,4,8,8,8.077,0,0,0.11 | 0.11 | 0.11,0,2.61 | 3.46 | 4.62,0,0.87 | 1.16 | 1.53,0.952,0.000,0,1,0,0,0,0,-1,0,0,0,,0,,0,,0,0,0,1
1723494802,772,4,4,8,8,8.077,0,0,0.11 | 0.11 | 0.11,0,2.61 | 3.46 | 4.62,0,0.87 | 1.16 | 1.53,0.952,0.000,0,1,0,0,0,0,-1,0,0,0,,0,,0,,0,0,0,1
1723494802,772,4,4,8,8,8.077,0,0,0.11 | 0.11 | 0.11,0,2.61 | 3.46 | 4.62,0,0.87 | 1.16 | 1.53,0.952,0.000,0,1,0,0,0,0,-1,0,0,0,,0,,0,,0,0,0,1
1723494803,772,4,4,8,8,11.815,0,0,0.11 | 0.11 | 0.11,0,2.61 | 3.48 | 4.62,0,0.87 | 1.15 | 1.53,0.952,0.000,0,1,0,0,0,0,-1,0,0,0,,0,,0,,0,0,0,1
1723494803,772,4,4,8,8,11.815,0,0,0.11 | 0.11 | 0.11,0,2.61 | 3.48 | 4.62,0,0.87 | 1.15 | 1.53,0.952,0.000,0,1,0,0,0,0,-1,0,0,0,,0,,0,,0,0,0,1
1723494803,772,4,4,8,8,11.815,0,0,0.11 | 0.11 | 0.11,0,2.61 | 3.48 | 4.62,0,0.87 | 1.15 | 1.53,0.952,0.000,0,1,0,0,0,0,-1,0,0,0,,0,,0,,0,0,0,1
1723494803,772,4,4,8,8,11.815,0,0,0.11 | 0.11 | 0.11,0,2.61 | 3.48 | 4.62,0,0.87 | 1.15 | 1.53,0.952,0.000,0,1,0,0,0,0,-1,0,0,0,,0,,0,,0,0,0,1
1723494803,772,4,4,8,8,11.815,0,0,0.11 | 0.11 | 0.11,0,2.61 | 3.48 | 4.62,0,0.87 | 1.15 | 1.53,0.952,0.000,0,1,0,0,0,0,-1,0,0,0,,0,,0,,0,0,0,1
1723494803,772,4,4,8,8,11.815,0,0,0.11 | 0.11 | 0.11,0,2.61 | 3.48 | 4.62,0,0.87 | 1.15 | 1.53,0.952,0.000,0,1,0,0,0,0,-1,0,0,0,,0,,0,,0,0,0,1
1723494803,772,4,4,8,8,11.815,0,0,0.11 | 0.11 | 0.11,0,2.61 | 3.48 | 4.62,0,0.87 | 1.15 | 1.53,0.952,0.000,0,1,0,0,0,0,-1,0,0,0,,0,,0,,0,0,0,1
1723494803,772,4,4,8,8,11.815,0,0,0.11 | 0.11 | 0.11,0,2.61 | 3.48 | 4.62,0,0.87 | 1.15 | 1.53,0.952,0.000,0,1,0,0,0,0,-1,0,0,0,,0,,0,,0,0,0,1
1723494803,772,4,4,8,8,11.815,0,0,0.11 | 0.11 | 0.11,0,2.61 | 3.48 | 4.62,0,0.87 | 1.15 | 1.53,0.952,0.000,0,1,0,0,0,0,-1,0,0,0,,0,,0,,0,0,0,1
1723494803,772,4,4,8,8,11.815,0,0,0.11 | 0.11 | 0.11,0,2.61 | 3.48 | 4.62,0,0.87 | 1.15 | 1.53,0.952,0.000,0,1,0,0,0,0,-1,0,0,0,,0,,0,,0,0,0,1
1723494804,772,4,4,8,8,11.018,0,0,0.11 | 0.11 | 0.11,0,2.61 | 3.48 | 4.62,0,0.87 | 1.15 | 1.53,0.952,0.000,0,1,0,0,0,0,-1,0,0,0,,0,,0,,0,0,0,1
1723494804,772,4,4,8,8,11.018,0,0,0.11 | 0.11 | 0.11,0,2.61 | 3.48 | 4.62,0,0.87 | 1.15 | 1.53,0.952,0.000,0,1,0,0,0,0,-1,0,0,0,,0,,0,,0,0,0,1
1723494804,772,4,4,8,8,11.018,0,0,0.11 | 0.11 | 0.11,0,2.61 | 3.48 | 4.62,0,0.87 | 1.15 | 1.53,0.952,0.000,0,1,0,0,0,0,-1,0,0,0,,0,,0,,0,0,0,1
1723494804,772,4,4,8,8,11.018,0,0,0.11 | 0.11 | 0.11,0,2.61 | 3.48 | 4.62,0,0.87 | 1.15 | 1.53,0.952,0.000,0,1,0,0,0,0,-1,0,0,0,,0,,0,,0,0,0,1
1723494804,772,4,4,8,8,11.018,0,0,0.11 | 0.11 | 0.11,0,2.61 | 3.48 | 4.62,0,0.87 | 1.15 | 1.53,0.952,0.000,0,1,0,0,0,0,-1,0,0,0,,0,,0,,0,0,0,1
1723494804,772,4,4,8,8,11.018,0,0,0.11 | 0.11 | 0.11,0,2.61 | 3.48 | 4.62,0,0.87 | 1.15 | 1.53,0.952,0.000,0,1,0,0,0,0,-1,0,0,0,,0,,0,,0,0,0,1
1723494804,772,4,4,8,8,11.018,0,0,0.11 | 0.11 | 0.11,0,2.61 | 3.48 | 4.62,0,0.87 | 1.15 | 1.53,0.952,0.000,0,1,0,0,0,0,-1,0,0,0,,0,,0,,0,0,0,1
1723494804,772,4,4,8,8,11.018,0,0,0.11 | 0.11 | 0.11,0,2.61 | 3.48 | 4.62,0,0.87 | 1.15 | 1.53,0.952,0.000,0,1,0,0,0,0,-1,0,0,0,,0,,0,,0,0,0,1
1723494804,772,4,4,8,8,11.018,0,0,0.11 | 0.11 | 0.11,0,2.61 | 3.48 | 4.62,0,0.87 | 1.15 | 1.53,0.952,0.000,0,1,0,0,0,0,-1,0,0,0,,0,,0,,0,0,0,1
1723494804,772,4,4,8,8,11.018,0,0,0.11 | 0.11 | 0.11,0,2.61 | 3.48 | 4.62,0,0.87 | 1.15 | 1.53,0.952,0.000,0,1,0,0,0,0,-1,0,0,0,,0,,0,,0,0,0,1
1723494805,772,4,4,8,8,9.955,0,0,0.11 | 0.11 | 0.11,0,2.61 | 3.48 | 4.62,0,0.87 | 1.15 | 1.53,0.952,0.000,0,1,0,0,0,0,-1,0,0,0,,0,,0,,0,0,0,1
1723494805,772,4,4,8,8,9.955,0,0,0.11 | 0.11 | 0.11,0,2.61 | 3.48 | 4.62,0,0.87 | 1.15 | 1.53,0.952,0.000,0,1,0,0,0,0,-1,0,0,0,,0,,0,,0,0,0,1
1723494805,772,4,4,8,8,9.955,0,0,0.11 | 0.11 | 0.11,0,2.61 | 3.48 | 4.62,0,0.87 | 1.15 | 1.53,0.952,0.000,0,1,0,0,0,0,-1,0,0,0,,0,,0,,0,0,0,1
1723494805,772,4,4,8,8,9.955,0,0,0.11 | 0.11 | 0.11,0,2.61 | 3.48 | 4.62,0,0.87 | 1.15 | 1.53,0.952,0.000,0,1,0,0,0,0,-1,0,0,0,,0,,0,,0,0,0,1
1723494805,772,4,4,8,8,9.955,0,0,0.11 | 0.11 | 0.11,0,2.61 | 3.48 | 4.62,0,0.87 | 1.15 | 1.53,0.952,0.000,0,1,0,0,0,0,-1,0,0,0,,0,,0,,0,0,0,1
1723494805,772,4,4,8,8,9.955,0,0,0.11 | 0.11 | 0.11,0,2.61 | 3.48 | 4.62,0,0.87 | 1.15 | 1.53,0.952,0.000,0,1,0,0,0,0,-1,0,0,0,,0,,0,,0,0,0,1
1723494805,772,4,4,8,8,9.955,0,0,0.11 | 0.11 | 0.11,0,2.61 | 3.48 | 4.62,0,0.87 | 1.15 | 1.53,0.952,0.000,0,1,0,0,0,0,-1,0,0,0,,0,,0,,0,0,0,1
1723494805,772,4,4,8,8,9.955,0,0,0.11 | 0.11 | 0.11,0,2.61 | 3.48 | 4.62,0,0.87 | 1.15 | 1.53,0.952,0.000,0,1,0,0,0,0,-1,0,0,0,,0,,0,,0,0,0,1
1723494805,772,4,4,8,8,9.955,0,0,0.11 | 0.11 | 0.11,0,2.61 | 3.48 | 4.62,0,0.87 | 1.15 | 1.53,0.952,0.000,0,1,0,0,0,0,-1,0,0,0,,0,,0,,0,0,0,1
1723494805,772,4,4,8,8,9.955,0,0,0.11 | 0.11 | 0.11,0,2.61 | 3.48 | 4.62,0,0.87 | 1.15 | 1.53,0.952,0.000,0,1,0,0,0,0,-1,0,0,0,,0,,0,,0,0,0,1
1723494806,772,4,4,8,8,12.086,0,0,0.11 | 0.11 | 0.11,0,2.61 | 3.46 | 4.62,0,0.87 | 1.16 | 1.53,0.952,0.000,0,1,0,0,0,0,-1,0,0,0,,0,,0,,0,0,0,1
1723494806,772,4,4,8,8,12.086,0,0,0.11 | 0.11 | 0.11,0,2.61 | 3.46 | 4.62,0,0.87 | 1.16 | 1.53,0.952,0.000,0,1,0,0,0,0,-1,0,0,0,,0,,0,,0,0,0,1
1723494806,772,4,4,8,8,12.086,0,0,0.11 | 0.11 | 0.11,0,2.61 | 3.46 | 4.62,0,0.87 | 1.16 | 1.53,0.952,0.000,0,1,0,0,0,0,-1,0,0,0,,0,,0,,0,0,0,1
1723494806,772,4,4,8,8,12.086,0,0,0.11 | 0.11 | 0.11,0,2.61 | 3.46 | 4.62,0,0.87 | 1.16 | 1.53,0.952,0.000,0,1,0,0,0,0,-1,0,0,0,,0,,0,,0,0,0,1
1723494806,772,4,4,8,8,12.086,0,0,0.11 | 0.11 | 0.11,0,2.61 | 3.46 | 4.62,0,0.87 | 1.16 | 1.53,0.952,0.000,0,1,0,0,0,0,-1,0,0,0,,0,,0,,0,0,0,1
1723494806,772,4,4,8,8,12.086,0,0,0.11 | 0.11 | 0.11,0,2.61 | 3.46 | 4.62,0,0.87 | 1.16 | 1.53,0.952,0.000,0,1,0,0,0,0,-1,0,0,0,,0,,0,,0,0,0,1
1723494806,772,4,4,8,8,12.086,0,0,0.11 | 0.11 | 0.11,0,2.61 | 3.46 | 4.62,0,0.87 | 1.16 | 1.53,0.952,0.000,0,1,0,0,0,0,-1,0,0,0,,0,,0,,0,0,0,1
1723494806,772,4,4,8,8,12.086,0,0,0.11 | 0.11 | 0.11,0,2.61 | 3.46 | 4.62,0,0.87 | 1.16 | 1.53,0.952,0.000,0,1,0,0,0,0,-1,0,0,0,,0,,0,,0,0,0,1
1723494806,772,4,4,8,8,12.086,0,0,0.11 | 0.11 | 0.11,0,2.61 | 3.46 | 4.62,0,0.87 | 1.16 | 1.53,0.952,0.000,0,1,0,0,0,0,-1,0,0,0,,0,,0,,0,0,0,1
1723494806,772,4,4,8,8,12.086,0,0,0.11 | 0.11 | 0.11,0,2.61 | 3.46 | 4.62,0,0.87 | 1.16 | 1.53,0.952,0.000,0,1,0,0,0,0,-1,0,0,0,,0,,0,,0,0,0,1
1723494807,772,4,4,8,8,11.03,0,0,0.11 | 0.11 | 0.11,0,2.61 | 3.46 | 4.62,0,0.87 | 1.16 | 1.53,0.952,0.000,0,1,0,0,0,0,-1,0,0,0,,0,,0,,0,0,0,1
1723494807,772,4,4,8,8,11.03,0,0,0.11 | 0.11 | 0.11,0,2.61 | 3.46 | 4.62,0,0.87 | 1.16 | 1.53,0.952,0.000,0,1,0,0,0,0,-1,0,0,0,,0,,0,,0,0,0,1
1723494807,772,4,4,8,8,11.03,0,0,0.11 | 0.11 | 0.11,0,2.61 | 3.46 | 4.62,0,0.87 | 1.16 | 1.53,0.952,0.000,0,1,0,0,0,0,-1,0,0,0,,0,,0,,0,0,0,1
1723494807,772,4,4,8,8,11.03,0,0,0.11 | 0.11 | 0.11,0,2.61 | 3.46 | 4.62,0,0.87 | 1.16 | 1.53,0.952,0.000,0,1,0,0,0,0,-1,0,0,0,,0,,0,,0,0,0,1
1723494807,772,4,4,8,8,11.03,0,0,0.11 | 0.11 | 0.11,0,2.61 | 3.46 | 4.62,0,0.87 | 1.16 | 1.53,0.952,0.000,0,1,0,0,0,0,-1,0,0,0,,0,,0,,0,0,0,1
1723494807,772,4,4,8,8,11.03,0,0,0.11 | 0.11 | 0.11,0,2.61 | 3.46 | 4.62,0,0.87 | 1.16 | 1.53,0.952,0.000,0,1,0,0,0,0,-1,0,0,0,,0,,0,,0,0,0,1
1723494807,772,4,4,8,8,11.03,0,0,0.11 | 0.11 | 0.11,0,2.61 | 3.46 | 4.62,0,0.87 | 1.16 | 1.53,0.952,0.000,0,1,0,0,0,0,-1,0,0,0,,0,,0,,0,0,0,1
1723494807,772,4,4,8,8,11.03,0,0,0.11 | 0.11 | 0.11,0,2.61 | 3.46 | 4.62,0,0.87 | 1.16 | 1.53,0.952,0.000,0,1,0,0,0,0,-1,0,0,0,,0,,0,,0,0,0,1
1723494807,772,4,4,8,8,11.03,0,0,0.11 | 0.11 | 0.11,0,2.61 | 3.46 | 4.62,0,0.87 | 1.16 | 1.53,0.952,0.000,0,1,0,0,0,0,-1,0,0,0,,0,,0,,0,0,0,1
1723494807,772,4,4,8,8,11.03,0,0,0.11 | 0.11 | 0.11,0,2.61 | 3.46 | 4.62,0,0.87 | 1.16 | 1.53,0.952,0.000,0,1,0,0,0,0,-1,0,0,0,,0,,0,,0,0,0,1
1723494808,772,4,4,8,8,10.233,0,0,0.11 | 0.11 | 0.11,0,2.61 | 3.46 | 4.62,0,0.87 | 1.16 | 1.53,0.952,0.000,0,1,0,0,0,0,-1,0,0,0,,0,,0,,0,0,0,1
1723494808,772,4,4,8,8,10.233,0,0,0.11 | 0.11 | 0.11,0,2.61 | 3.46 | 4.62,0,0.87 | 1.16 | 1.53,0.952,0.000,0,1,0,0,0,0,-1,0,0,0,,0,,0,,0,0,0,1
1723494808,772,4,4,8,8,10.233,0,0,0.11 | 0.11 | 0.11,0,2.61 | 3.46 | 4.62,0,0.87 | 1.16 | 1.53,0.952,0.000,0,1,0,0,0,0,-1,0,0,0,,0,,0,,0,0,0,1
1723494808,772,4,4,8,8,10.233,0,0,0.11 | 0.11 | 0.11,0,2.61 | 3.46 | 4.62,0,0.87 | 1.16 | 1.53,0.952,0.000,0,1,0,0,0,0,-1,0,0,0,,0,,0,,0,0,0,1
1723494808,772,4,4,8,8,10.233,0,0,0.11 | 0.11 | 0.11,0,2.61 | 3.46 | 4.62,0,0.87 | 1.16 | 1.53,0.952,0.000,0,1,0,0,0,0,-1,0,0,0,,0,,0,,0,0,0,1
1723494808,772,4,4,8,8,10.233,0,0,0.11 | 0.11 | 0.11,0,2.61 | 3.46 | 4.62,0,0.87 | 1.16 | 1.53,0.952,0.000,0,1,0,0,0,0,-1,0,0,0,,0,,0,,0,0,0,1
1723494808,772,4,4,8,8,10.233,0,0,0.11 | 0.11 | 0.11,0,2.61 | 3.46 | 4.62,0,0.87 | 1.16 | 1.53,0.952,0.000,0,1,0,0,0,0,-1,0,0,0,,0,,0,,0,0,0,1
1723494808,772,4,4,8,8,10.233,0,0,0.11 | 0.11 | 0.11,0,2.61 | 3.46 | 4.62,0,0.87 | 1.16 | 1.53,0.952,0.000,0,1,0,0,0,0,-1,0,0,0,,0,,0,,0,0,0,1
1723494808,772,4,4,8,8,10.233,0,0,0.11 | 0.11 | 0.11,0,2.61 | 3.46 | 4.62,0,0.87 | 1.16 | 1.53,0.952,0.000,0,1,0,0,0,0,-1,0,0,0,,0,,0,,0,0,0,1
1723494808,772,4,4,8,8,10.233,0,0,0.11 | 0.11 | 0.11,0,2.61 | 3.46 | 4.62,0,0.87 | 1.16 | 1.53,0.952,0.000,0,1,0,0,0,0,-1,0,0,0,,0,,0,,0,0,0,1
1723494809,772,4,4,8,8,9.171,0,0,0.11 | 0.11 | 0.11,0,2.61 | 3.46 | 4.62,0,0.87 | 1.16 | 1.53,0.952,0.000,0,1,0,0,0,0,-1,0,0,0,,0,,0,,0,0,0,1
1723494809,772,4,4,8,8,9.171,0,0,0.11 | 0.11 | 0.11,0,2.61 | 3.46 | 4.62,0,0.87 | 1.16 | 1.53,0.952,0.000,0,1,0,0,0,0,-1,0,0,0,,0,,0,,0,0,0,1
1723494809,772,4,4,8,8,9.171,0,0,0.11 | 0.11 | 0.11,0,2.61 | 3.46 | 4.62,0,0.87 | 1.16 | 1.53,0.952,0.000,0,1,0,0,0,0,-1,0,0,0,,0,,0,,0,0,0,1
1723494809,772,4,4,8,8,9.171,0,0,0.11 | 0.11 | 0.11,0,2.61 | 3.46 | 4.62,0,0.87 | 1.16 | 1.53,0.952,0.000,0,1,0,0,0,0,-1,0,0,0,,0,,0,,0,0,0,1
1723494809,772,4,4,8,8,9.171,0,0,0.11 | 0.11 | 0.11,0,2.61 | 3.46 | 4.62,0,0.87 | 1.16 | 1.53,0.952,0.000,0,1,0,0,0,0,-1,0,0,0,,0,,0,,0,0,0,1
1723494809,772,4,4,8,8,9.171,0,0,0.11 | 0.11 | 0.11,0,2.61 | 3.46 | 4.62,0,0.87 | 1.16 | 1.53,0.952,0.000,0,1,0,0,0,0,-1,0,0,0,,0,,0,,0,0,0,1
1723494809,772,4,4,8,8,9.171,0,0,0.11 | 0.11 | 0.11,0,2.61 | 3.46 | 4.62,0,0.87 | 1.16 | 1.53,0.952,0.000,0,1,0,0,0,0,-1,0,0,0,,0,,0,,0,0,0,1
1723494809,772,4,4,8,8,9.171,0,0,0.11 | 0.11 | 0.11,0,2.61 | 3.46 | 4.62,0,0.87 | 1.16 | 1.53,0.952,0.000,0,1,0,0,0,0,-1,0,0,0,,0,,0,,0,0,0,1
1723494809,772,4,4,8,8,9.171,0,0,0.11 | 0.11 | 0.11,0,2.61 | 3.46 | 4.62,0,0.87 | 1.16 | 1.53,0.952,0.000,0,1,0,0,0,0,-1,0,0,0,,0,,0,,0,0,0,1
1723494809,772,4,4,8,8,9.171,0,0,0.11 | 0.11 | 0.11,0,2.61 | 3.46 | 4.62,0,0.87 | 1.16 | 1.53,0.952,0.000,0,1,0,0,0,0,-1,0,0,0,,0,,0,,0,0,0,1
1723494810,772,4,4,8,8,7.987,0,0,0.11 | 0.11 | 0.11,0,2.61 | 3.46 | 4.62,0,0.87 | 1.16 | 1.53,0.952,0.000,0,1,0,0,0,0,-1,0,0,0,,0,,0,,0,0,0,1
1723494810,772,4,4,8,8,7.987,0,0,0.11 | 0.11 | 0.11,0,2.61 | 3.46 | 4.62,0,0.87 | 1.16 | 1.53,0.952,0.000,0,1,0,0,0,0,-1,0,0,0,,0,,0,,0,0,0,1
1723494810,772,4,4,8,8,7.987,0,0,0.11 | 0.11 | 0.11,0,2.61 | 3.46 | 4.62,0,0.87 | 1.16 | 1.53,0.952,0.000,0,1,0,0,0,0,-1,0,0,0,,0,,0,,0,0,0,1
1723494810,772,4,4,8,8,7.987,0,0,0.11 | 0.11 | 0.11,0,2.61 | 3.46 | 4.62,0,0.87 | 1.16 | 1.53,0.952,0.000,0,1,0,0,0,0,-1,0,0,0,,0,,0,,0,0,0,1
1723494810,772,4,4,8,8,7.987,0,0,0.11 | 0.11 | 0.11,0,2.61 | 3.46 | 4.62,0,0.87 | 1.16 | 1.53,0.952,0.000,0,1,0,0,0,0,-1,0,0,0,,0,,0,,0,0,0,1
1723494810,772,4,4,8,8,7.987,0,0,0.11 | 0.11 | 0.11,0,2.61 | 3.46 | 4.62,0,0.87 | 1.16 | 1.53,0.952,0.000,0,1,0,0,0,0,-1,0,0,0,,0,,0,,0,0,0,1
1723494810,772,4,4,8,8,7.987,0,0,0.11 | 0.11 | 0.11,0,2.61 | 3.46 | 4.62,0,0.87 | 1.16 | 1.53,0.952,0.000,0,1,0,0,0,0,-1,0,0,0,,0,,0,,0,0,0,1
1723494810,772,4,4,8,8,7.987,0,0,0.11 | 0.11 | 0.11,0,2.61 | 3.46 | 4.62,0,0.87 | 1.16 | 1.53,0.952,0.000,0,1,0,0,0,0,-1,0,0,0,,0,,0,,0,0,0,1
1723494810,772,4,4,8,8,7.987,0,0,0.11 | 0.11 | 0.11,0,2.61 | 3.46 | 4.62,0,0.87 | 1.16 | 1.53,0.952,0.000,0,1,0,0,0,0,-1,0,0,0,,0,,0,,0,0,0,1
1723494810,772,4,4,8,8,7.987,0,0,0.11 | 0.11 | 0.11,0,2.61 | 3.46 | 4.62,0,0.87 | 1.16 | 1.53,0.952,0.000,0,1,0,0,0,0,-1,0,0,0,,0,,0,,0,0,0,1
1723494811,772,4,4,8,8,11.846,0,0,0.11 | 0.11 | 0.11,0,2.61 | 3.30 | 3.98,0,1.01 | 1.21 | 1.53,0.952,0.000,0,1,0,0,0,0,-1,0,0,0,,0,,0,,0,0,0,1
1723494811,772,4,4,8,8,11.846,0,0,0.11 | 0.11 | 0.11,0,2.61 | 3.30 | 3.98,0,1.01 | 1.21 | 1.53,0.952,0.000,0,1,0,0,0,0,-1,0,0,0,,0,,0,,0,0,0,1
1723494811,772,4,4,8,8,11.846,0,0,0.11 | 0.11 | 0.11,0,2.61 | 3.30 | 3.98,0,1.01 | 1.21 | 1.53,0.952,0.000,0,1,0,0,0,0,-1,0,0,0,,0,,0,,0,0,0,1
1723494811,772,4,4,8,8,11.846,0,0,0.11 | 0.11 | 0.11,0,2.61 | 3.30 | 3.98,0,1.01 | 1.21 | 1.53,0.952,0.000,0,1,0,0,0,0,-1,0,0,0,,0,,0,,0,0,0,1
1723494811,772,4,4,8,8,11.846,0,0,0.11 | 0.11 | 0.11,0,2.61 | 3.30 | 3.98,0,1.01 | 1.21 | 1.53,0.952,0.000,0,1,0,0,0,0,-1,0,0,0,,0,,0,,0,0,0,1
1723494811,772,4,4,8,8,11.846,0,0,0.11 | 0.11 | 0.11,0,2.61 | 3.30 | 3.98,0,1.01 | 1.21 | 1.53,0.952,0.000,0,1,0,0,0,0,-1,0,0,0,,0,,0,,0,0,0,1
1723494811,772,4,4,8,8,11.846,0,0,0.11 | 0.11 | 0.11,0,2.61 | 3.30 | 3.98,0,1.01 | 1.21 | 1.53,0.952,0.000,0,1,0,0,0,0,-1,0,0,0,,0,,0,,0,0,0,1
1723494811,772,4,4,8,8,11.846,0,0,0.11 | 0.11 | 0.11,0,2.61 | 3.30 | 3.98,0,1.01 | 1.21 | 1.53,0.952,0.000,0,1,0,0,0,0,-1,0,0,0,,0,,0,,0,0,0,1
1723494811,772,4,4,8,8,11.846,0,0,0.11 | 0.11 | 0.11,0,2.61 | 3.30 | 3.98,0,1.01 | 1.21 | 1.53,0.952,0.000,0,1,0,0,0,0,-1,0,0,0,,0,,0,,0,0,0,1
1723494811,772,4,4,8,8,11.846,0,0,0.11 | 0.11 | 0.11,0,2.61 | 3.30 | 3.98,0,1.01 | 1.21 | 1.53,0.952,0.000,0,1,0,0,0,0,-1,0,0,0,,0,,0,,0,0,0,1
1723494812,772,4,4,8,8,10.783,0,0,0.11 | 0.11 | 0.11,0,2.61 | 3.30 | 3.98,0,1.01 | 1.21 | 1.53,0.952,0.000,0,1,0,0,0,0,-1,0,0,0,,0,,0,,0,0,0,1
1723494812,772,4,4,8,8,10.783,0,0,0.11 | 0.11 | 0.11,0,2.61 | 3.30 | 3.98,0,1.01 | 1.21 | 1.53,0.952,0.000,0,1,0,0,0,0,-1,0,0,0,,0,,0,,0,0,0,1
1723494812,772,4,4,8,8,10.783,0,0,0.11 | 0.11 | 0.11,0,2.61 | 3.30 | 3.98,0,1.01 | 1.21 | 1.53,0.952,0.000,0,1,0,0,0,0,-1,0,0,0,,0,,0,,0,0,0,1
1723494812,772,4,4,8,8,10.783,0,0,0.11 | 0.11 | 0.11,0,2.61 | 3.30 | 3.98,0,1.01 | 1.21 | 1.53,0.952,0.000,0,1,0,0,0,0,-1,0,0,0,,0,,0,,0,0,0,1
1723494812,772,4,4,8,8,10.783,0,0,0.11 | 0.11 | 0.11,0,2.61 | 3.30 | 3.98,0,1.01 | 1.21 | 1.53,0.952,0.000,0,1,0,0,0,0,-1,0,0,0,,0,,0,,0,0,0,1
1723494812,772,4,4,8,8,10.783,0,0,0.11 | 0.11 | 0.11,0,2.61 | 3.30 | 3.98,0,1.01 | 1.21 | 1.53,0.952,0.000,0,1,0,0,0,0,-1,0,0,0,,0,,0,,0,0,0,1
1723494812,772,4,4,8,8,10.783,0,0,0.11 | 0.11 | 0.11,0,2.61 | 3.30 | 3.98,0,1.01 | 1.21 | 1.53,0.952,0.000,0,1,0,0,0,0,-1,0,0,0,,0,,0,,0,0,0,1
1723494812,772,4,4,8,8,10.783,0,0,0.11 | 0.11 | 0.11,0,2.61 | 3.30 | 3.98,0,1.01 | 1.21 | 1.53,0.952,0.000,0,1,0,0,0,0,-1,0,0,0,,0,,0,,0,0,0,1
1723494812,772,4,4,8,8,10.783,0,0,0.11 | 0.11 | 0.11,0,2.61 | 3.30 | 3.98,0,1.01 | 1.21 | 1.53,0.952,0.000,0,1,0,0,0,0,-1,0,0,0,,0,,0,,0,0,0,1
1723494812,772,4,4,8,8,10.783,0,0,0.11 | 0.11 | 0.11,0,2.61 | 3.30 | 3.98,0,1.01 | 1.21 | 1.53,0.952,0.000,0,1,0,0,0,0,-1,0,0,0,,0,,0,,0,0,0,1
1723494813,772,4,4,8,8,9.987,0,0,0.11 | 0.11 | 0.11,0,2.61 | 3.30 | 3.98,0,1.01 | 1.21 | 1.53,0.952,0.000,0,1,0,0,0,0,-1,0,0,0,,0,,0,,0,0,0,1
1723494813,772,4,4,8,8,9.987,0,0,0.11 | 0.11 | 0.11,0,2.61 | 3.30 | 3.98,0,1.01 | 1.21 | 1.53,0.952,0.000,0,1,0,0,0,0,-1,0,0,0,,0,,0,,0,0,0,1
1723494813,772,4,4,8,8,9.987,0,0,0.11 | 0.11 | 0.11,0,2.61 | 3.30 | 3.98,0,1.01 | 1.21 | 1.53,0.952,0.000,0,1,0,0,0,0,-1,0,0,0,,0,,0,,0,0,0,1
1723494813,772,4,4,8,8,9.987,0,0,0.11 | 0.11 | 0.11,0,2.61 | 3.30 | 3.98,0,1.01 | 1.21 | 1.53,0.952,0.000,0,1,0,0,0,0,-1,0,0,0,,0,,0,,0,0,0,1
1723494813,772,4,4,8,8,9.987,0,0,0.11 | 0.11 | 0.11,0,2.61 | 3.30 | 3.98,0,1.01 | 1.21 | 1.53,0.952,0.000,0,1,0,0,0,0,-1,0,0,0,,0,,0,,0,0,0,1
1723494813,772,4,4,8,8,9.987,0,0,0.11 | 0.11 | 0.11,0,2.61 | 3.30 | 3.98,0,1.01 | 1.21 | 1.53,0.952,0.000,0,1,0,0,0,0,-1,0,0,0,,0,,0,,0,0,0,1
1723494813,772,4,4,8,8,9.987,0,0,0.11 | 0.11 | 0.11,0,2.61 | 3.30 | 3.98,0,1.01 | 1.21 | 1.53,0.952,0.000,0,1,0,0,0,0,-1,0,0,0,,0,,0,,0,0,0,1
1723494813,772,4,4,8,8,9.987,0,0,0.11 | 0.11 | 0.11,0,2.61 | 3.30 | 3.98,0,1.01 | 1.21 | 1.53,0.952,0.000,0,1,0,0,0,0,-1,0,0,0,,0,,0,,0,0,0,1
1723494813,772,4,4,8,8,9.987,0,0,0.11 | 0.11 | 0.11,0,2.61 | 3.30 | 3.98,0,1.01 | 1.21 | 1.53,0.952,0.000,0,1,0,0,0,0,-1,0,0,0,,0,,0,,0,0,0,1
1723494813,772,4,4,8,8,9.987,0,0,0.11 | 0.11 | 0.11,0,2.61 | 3.30 | 3.98,0,1.01 | 1.21 | 1.53,0.952,0.000,0,1,0,0,0,0,-1,0,0,0,,0,,0,,0,0,0,1
1723494814,772,4,4,8,8,12.124,0,0,0.10 | 0.11 | 0.11,0,2.45 | 3.26 | 3.98,0,1.01 | 1.23 | 1.63,0.952,0.000,0,1,0,0,0,0,-1,0,0,0,,0,,0,,0,0,0,1
1723494814,772,4,4,8,8,12.124,0,0,0.10 | 0.11 | 0.11,0,2.45 | 3.26 | 3.98,0,1.01 | 1.23 | 1.63,0.952,0.000,0,1,0,0,0,0,-1,0,0,0,,0,,0,,0,0,0,1
1723494814,772,4,4,8,8,12.124,0,0,0.10 | 0.11 | 0.11,0,2.45 | 3.26 | 3.98,0,1.01 | 1.23 | 1.63,0.952,0.000,0,1,0,0,0,0,-1,0,0,0,,0,,0,,0,0,0,1
1723494814,772,4,4,8,8,12.124,0,0,0.10 | 0.11 | 0.11,0,2.45 | 3.26 | 3.98,0,1.01 | 1.23 | 1.63,0.952,0.000,0,1,0,0,0,0,-1,0,0,0,,0,,0,,0,0,0,1
1723494814,772,4,4,8,8,12.124,0,0,0.10 | 0.11 | 0.11,0,2.45 | 3.26 | 3.98,0,1.01 | 1.23 | 1.63,0.952,0.000,0,1,0,0,0,0,-1,0,0,0,,0,,0,,0,0,0,1
1723494814,772,4,4,8,8,12.124,0,0,0.10 | 0.11 | 0.11,0,2.45 | 3.26 | 3.98,0,1.01 | 1.23 | 1.63,0.952,0.000,0,1,0,0,0,0,-1,0,0,0,,0,,0,,0,0,0,1
1723494814,772,4,4,8,8,12.124,0,0,0.10 | 0.11 | 0.11,0,2.45 | 3.26 | 3.98,0,1.01 | 1.23 | 1.63,0.952,0.000,0,1,0,0,0,0,-1,0,0,0,,0,,0,,0,0,0,1
1723494814,772,4,4,8,8,12.124,0,0,0.10 | 0.11 | 0.11,0,2.45 | 3.26 | 3.98,0,1.01 | 1.23 | 1.63,0.952,0.000,0,1,0,0,0,0,-1,0,0,0,,0,,0,,0,0,0,1
1723494814,772,4,4,8,8,12.124,0,0,0.10 | 0.11 | 0.11,0,2.45 | 3.26 | 3.98,0,1.01 | 1.23 | 1.63,0.952,0.000,0,1,0,0,0,0,-1,0,0,0,,0,,0,,0,0,0,1
1723494814,772,4,4,8,8,12.124,0,0,0.10 | 0.11 | 0.11,0,2.45 | 3.26 | 3.98,0,1.01 | 1.23 | 1.63,0.952,0.000,0,1,0,0,0,0,-1,0,0,0,,0,,0,,0,0,0,1
1723494815,772,4,4,8,8,11.062,0,0,0.10 | 0.11 | 0.11,0,2.45 | 3.26 | 3.98,0,1.01 | 1.23 | 1.63,0.952,0.000,0,1,0,0,0,0,-1,0,0,0,,0,,0,,0,0,0,1
1723494815,772,4,4,8,8,11.062,0,0,0.10 | 0.11 | 0.11,0,2.45 | 3.26 | 3.98,0,1.01 | 1.23 | 1.63,0.952,0.000,0,1,0,0,0,0,-1,0,0,0,,0,,0,,0,0,0,1
1723494815,772,4,4,8,8,11.062,0,0,0.10 | 0.11 | 0.11,0,2.45 | 3.26 | 3.98,0,1.01 | 1.23 | 1.63,0.952,0.000,0,1,0,0,0,0,-1,0,0,0,,0,,0,,0,0,0,1
1723494815,772,4,4,8,8,11.062,0,0,0.10 | 0.11 | 0.11,0,2.45 | 3.26 | 3.98,0,1.01 | 1.23 | 1.63,0.952,0.000,0,1,0,0,0,0,-1,0,0,0,,0,,0,,0,0,0,1
1723494815,772,4,4,8,8,11.062,0,0,0.10 | 0.11 | 0.11,0,2.45 | 3.26 | 3.98,0,1.01 | 1.23 | 1.63,0.952,0.000,0,1,0,0,0,0,-1,0,0,0,,0,,0,,0,0,0,1
1723494815,772,4,4,8,8,11.062,0,0,0.10 | 0.11 | 0.11,0,2.45 | 3.26 | 3.98,0,1.01 | 1.23 | 1.63,0.952,0.000,0,1,0,0,0,0,-1,0,0,0,,0,,0,,0,0,0,1
1723494815,772,4,4,8,8,11.062,0,0,0.10 | 0.11 | 0.11,0,2.45 | 3.26 | 3.98,0,1.01 | 1.23 | 1.63,0.952,0.000,0,1,0,0,0,0,-1,0,0,0,,0,,0,,0,0,0,1
1723494815,772,4,4,8,8,11.062,0,0,0.10 | 0.11 | 0.11,0,2.45 | 3.26 | 3.98,0,1.01 | 1.23 | 1.63,0.952,0.000,0,1,0,0,0,0,-1,0,0,0,,0,,0,,0,0,0,1
1723494815,772,4,4,8,8,11.062,0,0,0.10 | 0.11 | 0.11,0,2.45 | 3.26 | 3.98,0,1.01 | 1.23 | 1.63,0.952,0.000,0,1,0,0,0,0,-1,0,0,0,,0,,0,,0,0,0,1
1723494815,772,4,4,8,8,11.062,0,0,0.10 | 0.11 | 0.11,0,2.45 | 3.26 | 3.98,0,1.01 | 1.23 | 1.63,0.952,0.000,0,1,0,0,0,0,-1,0,0,0,,0,,0,,0,0,0,1
1723494816,772,4,4,8,8,9.999,0,0,0.10 | 0.11 | 0.11,0,2.45 | 3.26 | 3.98,0,1.01 | 1.23 | 1.63,0.952,0.000,0,1,0,0,0,0,-1,0,0,0,,0,,0,,0,0,0,1
1723494816,772,4,4,8,8,9.999,0,0,0.10 | 0.11 | 0.11,0,2.45 | 3.26 | 3.98,0,1.01 | 1.23 | 1.63,0.952,0.000,0,1,0,0,0,0,-1,0,0,0,,0,,0,,0,0,0,1
1723494816,772,4,4,8,8,9.999,0,0,0.10 | 0.11 | 0.11,0,2.45 | 3.26 | 3.98,0,1.01 | 1.23 | 1.63,0.952,0.000,0,1,0,0,0,0,-1,0,0,0,,0,,0,,0,0,0,1
1723494816,772,4,4,8,8,9.999,0,0,0.10 | 0.11 | 0.11,0,2.45 | 3.26 | 3.98,0,1.01 | 1.23 | 1.63,0.952,0.000,0,1,0,0,0,0,-1,0,0,0,,0,,0,,0,0,0,1
1723494816,772,4,4,8,8,9.999,0,0,0.10 | 0.11 | 0.11,0,2.45 | 3.26 | 3.98,0,1.01 | 1.23 | 1.63,0.952,0.000,0,1,0,0,0,0,-1,0,0,0,,0,,0,,0,0,0,1
1723494816,772,4,4,8,8,9.999,0,0,0.10 | 0.11 | 0.11,0,2.45 | 3.26 | 3.98,0,1.01 | 1.23 | 1.63,0.952,0.000,0,1,0,0,0,0,-1,0,0,0,,0,,0,,0,0,0,1
1723494816,772,4,4,8,8,9.999,0,0,0.10 | 0.11 | 0.11,0,2.45 | 3.26 | 3.98,0,1.01 | 1.23 | 1.63,0.952,0.000,0,1,0,0,0,0,-1,0,0,0,,0,,0,,0,0,0,1
1723494816,772,4,4,8,8,9.999,0,0,0.10 | 0.11 | 0.11,0,2.45 | 3.26 | 3.98,0,1.01 | 1.23 | 1.63,0.952,0.000,0,1,0,0,0,0,-1,0,0,0,,0,,0,,0,0,0,1
1723494816,772,4,4,8,8,9.999,0,0,0.10 | 0.11 | 0.11,0,2.45 | 3.26 | 3.98,0,1.01 | 1.23 | 1.63,0.952,0.000,0,1,0,0,0,0,-1,0,0,0,,0,,0,,0,0,0,1
1723494816,772,4,4,8,8,9.999,0,0,0.10 | 0.11 | 0.11,0,2.45 | 3.26 | 3.98,0,1.01 | 1.23 | 1.63,0.952,0.000,0,1,0,0,0,0,-1,0,0,0,,0,,0,,0,0,0,1
1723494817,772,4,4,8,8,9.202,0,0,0.10 | 0.11 | 0.11,0,2.45 | 3.26 | 3.98,0,1.01 | 1.23 | 1.63,0.952,0.000,0,1,0,0,0,0,-1,0,0,0,,0,,0,,0,0,0,1
1723494817,772,4,4,8,8,9.202,0,0,0.10 | 0.11 | 0.11,0,2.45 | 3.26 | 3.98,0,1.01 | 1.23 | 1.63,0.952,0.000,0,1,0,0,0,0,-1,0,0,0,,0,,0,,0,0,0,1
1723494817,772,4,4,8,8,9.202,0,0,0.10 | 0.11 | 0.11,0,2.45 | 3.26 | 3.98,0,1.01 | 1.23 | 1.63,0.952,0.000,0,1,0,0,0,0,-1,0,0,0,,0,,0,,0,0,0,1
1723494817,772,4,4,8,8,9.202,0,0,0.10 | 0.11 | 0.11,0,2.45 | 3.26 | 3.98,0,1.01 | 1.23 | 1.63,0.952,0.000,0,1,0,0,0,0,-1,0,0,0,,0,,0,,0,0,0,1
1723494817,772,4,4,8,8,9.202,0,0,0.10 | 0.11 | 0.11,0,2.45 | 3.26 | 3.98,0,1.01 | 1.23 | 1.63,0.952,0.000,0,1,0,0,0,0,-1,0,0,0,,0,,0,,0,0,0,1
1723494817,772,4,4,8,8,9.202,0,0,0.10 | 0.11 | 0.11,0,2.45 | 3.26 | 3.98,0,1.01 | 1.23 | 1.63,0.952,0.000,0,1,0,0,0,0,-1,0,0,0,,0,,0,,0,0,0,1
1723494817,772,4,4,8,8,9.202,0,0,0.10 | 0.11 | 0.11,0,2.45 | 3.26 | 3.98,0,1.01 | 1.23 | 1.63,0.952,0.000,0,1,0,0,0,0,-1,0,0,0,,0,,0,,0,0,0,1
1723494817,772,4,4,8,8,9.202,0,0,0.10 | 0.11 | 0.11,0,2.45 | 3.26 | 3.98,0,1.01 | 1.23 | 1.63,0.952,0.000,0,1,0,0,0,0,-1,0,0,0,,0,,0,,0,0,0,1
1723494817,772,4,4,8,8,9.202,0,0,0.10 | 0.11 | 0.11,0,2.45 | 3.26 | 3.98,0,1.01 | 1.23 | 1.63,0.952,0.000,0,1,0,0,0,0,-1,0,0,0,,0,,0,,0,0,0,1
1723494817,772,4,4,8,8,9.202,0,0,0.10 | 0.11 | 0.11,0,2.45 | 3.26 | 3.98,0,1.01 | 1.23 | 1.63,0.952,0.000,0,1,0,0,0,0,-1,0,0,0,,0,,0,,0,0,0,1
1723494818,772,4,4,8,8,8.14,0,0,0.10 | 0.11 | 0.11,0,2.45 | 3.26 | 3.98,0,1.01 | 1.23 | 1.63,0.952,0.000,0,1,0,0,0,0,-1,0,0,0,,0,,0,,0,0,0,1
1723494818,772,4,4,8,8,8.14,0,0,0.10 | 0.11 | 0.11,0,2.45 | 3.26 | 3.98,0,1.01 | 1.23 | 1.63,0.952,0.000,0,1,0,0,0,0,-1,0,0,0,,0,,0,,0,0,0,1
1723494818,772,4,4,8,8,8.14,0,0,0.10 | 0.11 | 0.11,0,2.45 | 3.26 | 3.98,0,1.01 | 1.23 | 1.63,0.952,0.000,0,1,0,0,0,0,-1,0,0,0,,0,,0,,0,0,0,1
1723494818,772,4,4,8,8,8.14,0,0,0.10 | 0.11 | 0.11,0,2.45 | 3.26 | 3.98,0,1.01 | 1.23 | 1.63,0.952,0.000,0,1,0,0,0,0,-1,0,0,0,,0,,0,,0,0,0,1
1723494818,772,4,4,8,8,8.14,0,0,0.10 | 0.11 | 0.11,0,2.45 | 3.26 | 3.98,0,1.01 | 1.23 | 1.63,0.952,0.000,0,1,0,0,0,0,-1,0,0,0,,0,,0,,0,0,0,1
1723494818,772,4,4,8,8,8.14,0,0,0.10 | 0.11 | 0.11,0,2.45 | 3.26 | 3.98,0,1.01 | 1.23 | 1.63,0.952,0.000,0,1,0,0,0,0,-1,0,0,0,,0,,0,,0,0,0,1
1723494818,772,4,4,8,8,8.14,0,0,0.10 | 0.11 | 0.11,0,2.45 | 3.26 | 3.98,0,1.01 | 1.23 | 1.63,0.952,0.000,0,1,0,0,0,0,-1,0,0,0,,0,,0,,0,0,0,1
1723494818,772,4,4,8,8,8.14,0,0,0.10 | 0.11 | 0.11,0,2.45 | 3.26 | 3.98,0,1.01 | 1.23 | 1.63,0.952,0.000,0,1,0,0,0,0,-1,0,0,0,,0,,0,,0,0,0,1
1723494818,772,4,4,8,8,8.14,0,0,0.10 | 0.11 | 0.11,0,2.45 | 3.26 | 3.98,0,1.01 | 1.23 | 1.63,0.952,0.000,0,1,0,0,0,0,-1,0,0,0,,0,,0,,0,0,0,1
1723494818,772,4,4,8,8,8.14,0,0,0.10 | 0.11 | 0.11,0,2.45 | 3.26 | 3.98,0,1.01 | 1.23 | 1.63,0.952,0.000,0,1,0,0,0,0,-1,0,0,0,,0,,0,,0,0,0,1
1723494819,772,4,4,8,8,7.077,0,0,0.10 | 0.11 | 0.11,0,2.45 | 3.26 | 3.98,0,1.01 | 1.23 | 1.63,0.952,0.000,0,1,0,0,0,0,-1,0,0,0,,0,,0,,0,0,0,1
1723494819,772,4,4,8,8,7.077,0,0,0.10 | 0.11 | 0.11,0,2.45 | 3.26 | 3.98,0,1.01 | 1.23 | 1.63,0.952,0.000,0,1,0,0,0,0,-1,0,0,0,,0,,0,,0,0,0,1
1723494819,772,4,4,8,8,7.077,0,0,0.10 | 0.11 | 0.11,0,2.45 | 3.26 | 3.98,0,1.01 | 1.23 | 1.63,0.952,0.000,0,1,0,0,0,0,-1,0,0,0,,0,,0,,0,0,0,1
1723494819,772,4,4,8,8,7.077,0,0,0.10 | 0.11 | 0.11,0,2.45 | 3.26 | 3.98,0,1.01 | 1.23 | 1.63,0.952,0.000,0,1,0,0,0,0,-1,0,0,0,,0,,0,,0,0,0,1
1723494819,772,4,4,8,8,7.077,0,0,0.10 | 0.11 | 0.11,0,2.45 | 3.26 | 3.98,0,1.01 | 1.23 | 1.63,0.952,0.000,0,1,0,0,0,0,-1,0,0,0,,0,,0,,0,0,0,1
1723494819,772,4,4,8,8,7.077,0,0,0.10 | 0.11 | 0.11,0,2.45 | 3.26 | 3.98,0,1.01 | 1.23 | 1.63,0.952,0.000,0,1,0,0,0,0,-1,0,0,0,,0,,0,,0,0,0,1
1723494819,772,4,4,8,8,7.077,0,0,0.10 | 0.11 | 0.11,0,2.45 | 3.26 | 3.98,0,1.01 | 1.23 | 1.63,0.952,0.000,0,1,0,0,0,0,-1,0,0,0,,0,,0,,0,0,0,1
1723494819,772,4,4,8,8,7.077,0,0,0.10 | 0.11 | 0.11,0,2.45 | 3.26 | 3.98,0,1.01 | 1.23 | 1.63,0.952,0.000,0,1,0,0,0,0,-1,0,0,0,,0,,0,,0,0,0,1
1723494819,772,4,4,8,8,7.077,0,0,0.10 | 0.11 | 0.11,0,2.45 | 3.26 | 3.98,0,1.01 | 1.23 | 1.63,0.952,0.000,0,1,0,0,0,0,-1,0,0,0,,0,,0,,0,0,0,1
1723494819,772,4,4,8,8,7.077,0,0,0.10 | 0.11 | 0.11,0,2.45 | 3.26 | 3.98,0,1.01 | 1.23 | 1.63,0.952,0.000,0,1,0,0,0,0,-1,0,0,0,,0,,0,,0,0,0,1
1723494820,772,4,4,8,8,10.787,0,0,0.10 | 0.11 | 0.11,0,2.45 | 3.46 | 4.66,0,0.86 | 1.16 | 1.63,0.952,0.000,0,1,0,0,0,0,-1,0,0,0,,0,,0,,0,0,0,1
1723494820,772,4,4,8,8,10.787,0,0,0.10 | 0.11 | 0.11,0,2.45 | 3.46 | 4.66,0,0.86 | 1.16 | 1.63,0.952,0.000,0,1,0,0,0,0,-1,0,0,0,,0,,0,,0,0,0,1
1723494820,772,4,4,8,8,10.787,0,0,0.10 | 0.11 | 0.11,0,2.45 | 3.46 | 4.66,0,0.86 | 1.16 | 1.63,0.952,0.000,0,1,0,0,0,0,-1,0,0,0,,0,,0,,0,0,0,1
1723494820,772,4,4,8,8,10.787,0,0,0.10 | 0.11 | 0.11,0,2.45 | 3.46 | 4.66,0,0.86 | 1.16 | 1.63,0.952,0.000,0,1,0,0,0,0,-1,0,0,0,,0,,0,,0,0,0,1
1723494820,772,4,4,8,8,10.787,0,0,0.10 | 0.11 | 0.11,0,2.45 | 3.46 | 4.66,0,0.86 | 1.16 | 1.63,0.952,0.000,0,1,0,0,0,0,-1,0,0,0,,0,,0,,0,0,0,1
1723494820,772,4,4,8,8,10.787,0,0,0.10 | 0.11 | 0.11,0,2.45 | 3.46 | 4.66,0,0.86 | 1.16 | 1.63,0.952,0.000,0,1,0,0,0,0,-1,0,0,0,,0,,0,,0,0,0,1
1723494820,772,4,4,8,8,10.787,0,0,0.10 | 0.11 | 0.11,0,2.45 | 3.46 | 4.66,0,0.86 | 1.16 | 1.63,0.952,0.000,0,1,0,0,0,0,-1,0,0,0,,0,,0,,0,0,0,1
1723494820,772,4,4,8,8,10.787,0,0,0.10 | 0.11 | 0.11,0,2.45 | 3.46 | 4.66,0,0.86 | 1.16 | 1.63,0.952,0.000,0,1,0,0,0,0,-1,0,0,0,,0,,0,,0,0,0,1
1723494820,772,4,4,8,8,10.787,0,0,0.10 | 0.11 | 0.11,0,2.45 | 3.46 | 4.66,0,0.86 | 1.16 | 1.63,0.952,0.000,0,1,0,0,0,0,-1,0,0,0,,0,,0,,0,0,0,1
1723494820,772,4,4,8,8,10.787,0,0,0.10 | 0.11 | 0.11,0,2.45 | 3.46 | 4.66,0,0.86 | 1.16 | 1.63,0.952,0.000,0,1,0,0,0,0,-1,0,0,0,,0,,0,,0,0,0,1
1723494821,772,4,4,8,8,10.018,0,0,0.10 | 0.11 | 0.11,0,2.45 | 3.46 | 4.66,0,0.86 | 1.16 | 1.63,0.952,0.000,0,1,0,0,0,0,-1,0,0,0,,0,,0,,0,0,0,1
1723494821,772,4,4,8,8,10.018,0,0,0.10 | 0.11 | 0.11,0,2.45 | 3.46 | 4.66,0,0.86 | 1.16 | 1.63,0.952,0.000,0,1,0,0,0,0,-1,0,0,0,,0,,0,,0,0,0,1
1723494821,772,4,4,8,8,10.018,0,0,0.10 | 0.11 | 0.11,0,2.45 | 3.46 | 4.66,0,0.86 | 1.16 | 1.63,0.952,0.000,0,1,0,0,0,0,-1,0,0,0,,0,,0,,0,0,0,1
1723494821,772,4,4,8,8,10.018,0,0,0.10 | 0.11 | 0.11,0,2.45 | 3.46 | 4.66,0,0.86 | 1.16 | 1.63,0.952,0.000,0,1,0,0,0,0,-1,0,0,0,,0,,0,,0,0,0,1
1723494821,772,4,4,8,8,10.018,0,0,0.10 | 0.11 | 0.11,0,2.45 | 3.46 | 4.66,0,0.86 | 1.16 | 1.63,0.952,0.000,0,1,0,0,0,0,-1,0,0,0,,0,,0,,0,0,0,1
1723494821,772,4,4,8,8,10.018,0,0,0.10 | 0.11 | 0.11,0,2.45 | 3.46 | 4.66,0,0.86 | 1.16 | 1.63,0.952,0.000,0,1,0,0,0,0,-1,0,0,0,,0,,0,,0,0,0,1
1723494821,772,4,4,8,8,10.018,0,0,0.10 | 0.11 | 0.11,0,2.45 | 3.46 | 4.66,0,0.86 | 1.16 | 1.63,0.952,0.000,0,1,0,0,0,0,-1,0,0,0,,0,,0,,0,0,0,1
1723494821,772,4,4,8,8,10.018,0,0,0.10 | 0.11 | 0.11,0,2.45 | 3.46 | 4.66,0,0.86 | 1.16 | 1.63,0.952,0.000,0,1,0,0,0,0,-1,0,0,0,,0,,0,,0,0,0,1
1723494821,772,4,4,8,8,10.018,0,0,0.10 | 0.11 | 0.11,0,2.45 | 3.46 | 4.66,0,0.86 | 1.16 | 1.63,0.952,0.000,0,1,0,0,0,0,-1,0,0,0,,0,,0,,0,0,0,1
1723494821,772,4,4,8,8,10.018,0,0,0.10 | 0.11 | 0.11,0,2.45 | 3.46 | 4.66,0,0.86 | 1.16 | 1.63,0.952,0.000,0,1,0,0,0,0,-1,0,0,0,,0,,0,,0,0,0,1
1723494822,772,4,4,8,8,8.955,0,0,0.10 | 0.11 | 0.11,0,2.45 | 3.46 | 4.66,0,0.86 | 1.16 | 1.63,0.952,0.000,0,1,0,0,0,0,-1,0,0,0,,0,,0,,0,0,0,1
1723494822,772,4,4,8,8,8.955,0,0,0.10 | 0.11 | 0.11,0,2.45 | 3.46 | 4.66,0,0.86 | 1.16 | 1.63,0.952,0.000,0,1,0,0,0,0,-1,0,0,0,,0,,0,,0,0,0,1
1723494822,772,4,4,8,8,8.955,0,0,0.10 | 0.11 | 0.11,0,2.45 | 3.46 | 4.66,0,0.86 | 1.16 | 1.63,0.952,0.000,0,1,0,0,0,0,-1,0,0,0,,0,,0,,0,0,0,1
1723494822,772,4,4,8,8,8.955,0,0,0.10 | 0.11 | 0.11,0,2.45 | 3.46 | 4.66,0,0.86 | 1.16 | 1.63,0.952,0.000,0,1,0,0,0,0,-1,0,0,0,,0,,0,,0,0,0,1
1723494822,772,4,4,8,8,8.955,0,0,0.10 | 0.11 | 0.11,0,2.45 | 3.46 | 4.66,0,0.86 | 1.16 | 1.63,0.952,0.000,0,1,0,0,0,0,-1,0,0,0,,0,,0,,0,0,0,1
1723494822,772,4,4,8,8,8.955,0,0,0.10 | 0.11 | 0.11,0,2.45 | 3.46 | 4.66,0,0.86 | 1.16 | 1.63,0.952,0.000,0,1,0,0,0,0,-1,0,0,0,,0,,0,,0,0,0,1
1723494822,772,4,4,8,8,8.955,0,0,0.10 | 0.11 | 0.11,0,2.45 | 3.46 | 4.66,0,0.86 | 1.16 | 1.63,0.952,0.000,0,1,0,0,0,0,-1,0,0,0,,0,,0,,0,0,0,1
1723494822,772,4,4,8,8,8.955,0,0,0.10 | 0.11 | 0.11,0,2.45 | 3.46 | 4.66,0,0.86 | 1.16 | 1.63,0.952,0.000,0,1,0,0,0,0,-1,0,0,0,,0,,0,,0,0,0,1
1723494822,772,4,4,8,8,8.955,0,0,0.10 | 0.11 | 0.11,0,2.45 | 3.46 | 4.66,0,0.86 | 1.16 | 1.63,0.952,0.000,0,1,0,0,0,0,-1,0,0,0,,0,,0,,0,0,0,1
1723494822,772,4,4,8,8,8.955,0,0,0.10 | 0.11 | 0.11,0,2.45 | 3.46 | 4.66,0,0.86 | 1.16 | 1.63,0.952,0.000,0,1,0,0,0,0,-1,0,0,0,,0,,0,,0,0,0,1
1723494823,772,4,4,8,8,11.093,0,0,0.10 | 0.11 | 0.11,0,2.45 | 3.50 | 4.66,0,0.86 | 1.14 | 1.63,0.952,0.000,0,1,0,0,0,0,-1,0,0,0,,0,,0,,0,0,0,1
1723494823,772,4,4,8,8,11.093,0,0,0.10 | 0.11 | 0.11,0,2.45 | 3.50 | 4.66,0,0.86 | 1.14 | 1.63,0.952,0.000,0,1,0,0,0,0,-1,0,0,0,,0,,0,,0,0,0,1
1723494823,772,4,4,8,8,11.093,0,0,0.10 | 0.11 | 0.11,0,2.45 | 3.50 | 4.66,0,0.86 | 1.14 | 1.63,0.952,0.000,0,1,0,0,0,0,-1,0,0,0,,0,,0,,0,0,0,1
1723494823,772,4,4,8,8,11.093,0,0,0.10 | 0.11 | 0.11,0,2.45 | 3.50 | 4.66,0,0.86 | 1.14 | 1.63,0.952,0.000,0,1,0,0,0,0,-1,0,0,0,,0,,0,,0,0,0,1
1723494823,772,4,4,8,8,11.093,0,0,0.10 | 0.11 | 0.11,0,2.45 | 3.50 | 4.66,0,0.86 | 1.14 | 1.63,0.952,0.000,0,1,0,0,0,0,-1,0,0,0,,0,,0,,0,0,0,1
1723494823,772,4,4,8,8,11.093,0,0,0.10 | 0.11 | 0.11,0,2.45 | 3.50 | 4.66,0,0.86 | 1.14 | 1.63,0.952,0.000,0,1,0,0,0,0,-1,0,0,0,,0,,0,,0,0,0,1
1723494823,772,4,4,8,8,11.093,0,0,0.10 | 0.11 | 0.11,0,2.45 | 3.50 | 4.66,0,0.86 | 1.14 | 1.63,0.952,0.000,0,1,0,0,0,0,-1,0,0,0,,0,,0,,0,0,0,1
1723494823,772,4,4,8,8,11.093,0,0,0.10 | 0.11 | 0.11,0,2.45 | 3.50 | 4.66,0,0.86 | 1.14 | 1.63,0.952,0.000,0,1,0,0,0,0,-1,0,0,0,,0,,0,,0,0,0,1
1723494823,772,4,4,8,8,11.093,0,0,0.10 | 0.11 | 0.11,0,2.45 | 3.50 | 4.66,0,0.86 | 1.14 | 1.63,0.952,0.000,0,1,0,0,0,0,-1,0,0,0,,0,,0,,0,0,0,1
1723494823,772,4,4,8,8,11.093,0,0,0.10 | 0.11 | 0.11,0,2.45 | 3.50 | 4.66,0,0.86 | 1.14 | 1.63,0.952,0.000,0,1,0,0,0,0,-1,0,0,0,,0,,0,,0,0,0,1
1723494824,772,4,4,8,8,10.03,0,0,0.10 | 0.11 | 0.11,0,2.45 | 3.50 | 4.66,0,0.86 | 1.14 | 1.63,0.952,0.000,0,1,0,0,0,0,-1,0,0,0,,0,,0,,0,0,0,1
1723494824,772,4,4,8,8,10.03,0,0,0.10 | 0.11 | 0.11,0,2.45 | 3.50 | 4.66,0,0.86 | 1.14 | 1.63,0.952,0.000,0,1,0,0,0,0,-1,0,0,0,,0,,0,,0,0,0,1
1723494824,772,4,4,8,8,10.03,0,0,0.10 | 0.11 | 0.11,0,2.45 | 3.50 | 4.66,0,0.86 | 1.14 | 1.63,0.952,0.000,0,1,0,0,0,0,-1,0,0,0,,0,,0,,0,0,0,1
1723494824,772,4,4,8,8,10.03,0,0,0.10 | 0.11 | 0.11,0,2.45 | 3.50 | 4.66,0,0.86 | 1.14 | 1.63,0.952,0.000,0,1,0,0,0,0,-1,0,0,0,,0,,0,,0,0,0,1
1723494824,772,4,4,8,8,10.03,0,0,0.10 | 0.11 | 0.11,0,2.45 | 3.50 | 4.66,0,0.86 | 1.14 | 1.63,0.952,0.000,0,1,0,0,0,0,-1,0,0,0,,0,,0,,0,0,0,1
1723494824,772,4,4,8,8,10.03,0,0,0.10 | 0.11 | 0.11,0,2.45 | 3.50 | 4.66,0,0.86 | 1.14 | 1.63,0.952,0.000,0,1,0,0,0,0,-1,0,0,0,,0,,0,,0,0,0,1
1723494824,772,4,4,8,8,10.03,0,0,0.10 | 0.11 | 0.11,0,2.45 | 3.50 | 4.66,0,0.86 | 1.14 | 1.63,0.952,0.000,0,1,0,0,0,0,-1,0,0,0,,0,,0,,0,0,0,1
1723494824,772,4,4,8,8,10.03,0,0,0.10 | 0.11 | 0.11,0,2.45 | 3.50 | 4.66,0,0.86 | 1.14 | 1.63,0.952,0.000,0,1,0,0,0,0,-1,0,0,0,,0,,0,,0,0,0,1
1723494824,772,4,4,8,8,10.03,0,0,0.10 | 0.11 | 0.11,0,2.45 | 3.50 | 4.66,0,0.86 | 1.14 | 1.63,0.952,0.000,0,1,0,0,0,0,-1,0,0,0,,0,,0,,0,0,0,1
1723494824,772,4,4,8,8,10.03,0,0,0.10 | 0.11 | 0.11,0,2.45 | 3.50 | 4.66,0,0.86 | 1.14 | 1.63,0.952,0.000,0,1,0,0,0,0,-1,0,0,0,,0,,0,,0,0,0,1
1723494825,772,4,4,8,8,9.233,0,0,0.10 | 0.11 | 0.11,0,2.45 | 3.50 | 4.66,0,0.86 | 1.14 | 1.63,0.952,0.000,0,1,0,0,0,0,-1,0,0,0,,0,,0,,0,0,0,1
1723494825,772,4,4,8,8,9.233,0,0,0.10 | 0.11 | 0.11,0,2.45 | 3.50 | 4.66,0,0.86 | 1.14 | 1.63,0.952,0.000,0,1,0,0,0,0,-1,0,0,0,,0,,0,,0,0,0,1
1723494825,772,4,4,8,8,9.233,0,0,0.10 | 0.11 | 0.11,0,2.45 | 3.50 | 4.66,0,0.86 | 1.14 | 1.63,0.952,0.000,0,1,0,0,0,0,-1,0,0,0,,0,,0,,0,0,0,1
1723494825,772,4,4,8,8,9.233,0,0,0.10 | 0.11 | 0.11,0,2.45 | 3.50 | 4.66,0,0.86 | 1.14 | 1.63,0.952,0.000,0,1,0,0,0,0,-1,0,0,0,,0,,0,,0,0,0,1
1723494825,772,4,4,8,8,9.233,0,0,0.10 | 0.11 | 0.11,0,2.45 | 3.50 | 4.66,0,0.86 | 1.14 | 1.63,0.952,0.000,0,1,0,0,0,0,-1,0,0,0,,0,,0,,0,0,0,1
1723494825,772,4,4,8,8,9.233,0,0,0.10 | 0.11 | 0.11,0,2.45 | 3.50 | 4.66,0,0.86 | 1.14 | 1.63,0.952,0.000,0,1,0,0,0,0,-1,0,0,0,,0,,0,,0,0,0,1
1723494825,772,4,4,8,8,9.233,0,0,0.10 | 0.11 | 0.11,0,2.45 | 3.50 | 4.66,0,0.86 | 1.14 | 1.63,0.952,0.000,0,1,0,0,0,0,-1,0,0,0,,0,,0,,0,0,0,1
1723494825,772,4,4,8,8,9.233,0,0,0.10 | 0.11 | 0.11,0,2.45 | 3.50 | 4.66,0,0.86 | 1.14 | 1.63,0.952,0.000,0,1,0,0,0,0,-1,0,0,0,,0,,0,,0,0,0,1
1723494825,772,4,4,8,8,9.233,0,0,0.10 | 0.11 | 0.11,0,2.45 | 3.50 | 4.66,0,0.86 | 1.14 | 1.63,0.952,0.000,0,1,0,0,0,0,-1,0,0,0,,0,,0,,0,0,0,1
1723494825,772,4,4,8,8,9.233,0,0,0.10 | 0.11 | 0.11,0,2.45 | 3.50 | 4.66,0,0.86 | 1.14 | 1.63,0.952,0.000,0,1,0,0,0,0,-1,0,0,0,,0,,0,,0,0,0,1
1723494826,772,4,4,8,8,8.171,0,0,0.10 | 0.11 | 0.11,0,2.45 | 3.50 | 4.66,0,0.86 | 1.14 | 1.63,0.952,0.000,0,1,0,0,0,0,-1,0,0,0,,0,,0,,0,0,0,1
1723494826,772,4,4,8,8,8.171,0,0,0.10 | 0.11 | 0.11,0,2.45 | 3.50 | 4.66,0,0.86 | 1.14 | 1.63,0.952,0.000,0,1,0,0,0,0,-1,0,0,0,,0,,0,,0,0,0,1
1723494826,772,4,4,8,8,8.171,0,0,0.10 | 0.11 | 0.11,0,2.45 | 3.50 | 4.66,0,0.86 | 1.14 | 1.63,0.952,0.000,0,1,0,0,0,0,-1,0,0,0,,0,,0,,0,0,0,1
1723494826,772,4,4,8,8,8.171,0,0,0.10 | 0.11 | 0.11,0,2.45 | 3.50 | 4.66,0,0.86 | 1.14 | 1.63,0.952,0.000,0,1,0,0,0,0,-1,0,0,0,,0,,0,,0,0,0,1
1723494826,772,4,4,8,8,8.171,0,0,0.10 | 0.11 | 0.11,0,2.45 | 3.50 | 4.66,0,0.86 | 1.14 | 1.63,0.952,0.000,0,1,0,0,0,0,-1,0,0,0,,0,,0,,0,0,0,1
1723494826,772,4,4,8,8,8.171,0,0,0.10 | 0.11 | 0.11,0,2.45 | 3.50 | 4.66,0,0.86 | 1.14 | 1.63,0.952,0.000,0,1,0,0,0,0,-1,0,0,0,,0,,0,,0,0,0,1
1723494826,772,4,4,8,8,8.171,0,0,0.10 | 0.11 | 0.11,0,2.45 | 3.50 | 4.66,0,0.86 | 1.14 | 1.63,0.952,0.000,0,1,0,0,0,0,-1,0,0,0,,0,,0,,0,0,0,1
1723494826,772,4,4,8,8,8.171,0,0,0.10 | 0.11 | 0.11,0,2.45 | 3.50 | 4.66,0,0.86 | 1.14 | 1.63,0.952,0.000,0,1,0,0,0,0,-1,0,0,0,,0,,0,,0,0,0,1
1723494826,772,4,4,8,8,8.171,0,0,0.10 | 0.11 | 0.11,0,2.45 | 3.50 | 4.66,0,0.86 | 1.14 | 1.63,0.952,0.000,0,1,0,0,0,0,-1,0,0,0,,0,,0,,0,0,0,1
1723494826,772,4,4,8,8,8.171,0,0,0.10 | 0.11 | 0.11,0,2.45 | 3.50 | 4.66,0,0.86 | 1.14 | 1.63,0.952,0.000,0,1,0,0,0,0,-1,0,0,0,,0,,0,,0,0,0,1
1723494827,772,4,4,8,8,11.908,0,0,0.10 | 0.11 | 0.11,0,2.45 | 3.48 | 4.66,0,0.86 | 1.15 | 1.63,0.951,0.000,0,1,0,0,0,0,-1,0,0,0,,0,,0,,0,0,0,1
1723494827,772,4,4,8,8,11.908,0,0,0.10 | 0.11 | 0.11,0,2.45 | 3.48 | 4.66,0,0.86 | 1.15 | 1.63,0.951,0.000,0,1,0,0,0,0,-1,0,0,0,,0,,0,,0,0,0,1
1723494827,772,4,4,8,8,11.908,0,0,0.10 | 0.11 | 0.11,0,2.45 | 3.48 | 4.66,0,0.86 | 1.15 | 1.63,0.951,0.000,0,1,0,0,0,0,-1,0,0,0,,0,,0,,0,0,0,1
1723494827,772,4,4,8,8,11.908,0,0,0.10 | 0.11 | 0.11,0,2.45 | 3.48 | 4.66,0,0.86 | 1.15 | 1.63,0.951,0.000,0,1,0,0,0,0,-1,0,0,0,,0,,0,,0,0,0,1
1723494827,772,4,4,8,8,11.908,0,0,0.10 | 0.11 | 0.11,0,2.45 | 3.48 | 4.66,0,0.86 | 1.15 | 1.63,0.951,0.000,0,1,0,0,0,0,-1,0,0,0,,0,,0,,0,0,0,1
1723494827,772,4,4,8,8,11.908,0,0,0.10 | 0.11 | 0.11,0,2.45 | 3.48 | 4.66,0,0.86 | 1.15 | 1.63,0.951,0.000,0,1,0,0,0,0,-1,0,0,0,,0,,0,,0,0,0,1
1723494827,772,4,4,8,8,11.908,0,0,0.10 | 0.11 | 0.11,0,2.45 | 3.48 | 4.66,0,0.86 | 1.15 | 1.63,0.951,0.000,0,1,0,0,0,0,-1,0,0,0,,0,,0,,0,0,0,1
1723494827,772,4,4,8,8,11.908,0,0,0.10 | 0.11 | 0.11,0,2.45 | 3.48 | 4.66,0,0.86 | 1.15 | 1.63,0.951,0.000,0,1,0,0,0,0,-1,0,0,0,,0,,0,,0,0,0,1
1723494827,772,4,4,8,8,11.908,0,0,0.10 | 0.11 | 0.11,0,2.45 | 3.48 | 4.66,0,0.86 | 1.15 | 1.63,0.951,0.000,0,1,0,0,0,0,-1,0,0,0,,0,,0,,0,0,0,1
1723494827,772,4,4,8,8,11.908,0,0,0.10 | 0.11 | 0.11,0,2.45 | 3.48 | 4.66,0,0.86 | 1.15 | 1.63,0.951,0.000,0,1,0,0,0,0,-1,0,0,0,,0,,0,,0,0,0,1
1723494828,772,4,4,8,8,10.846,0,0,0.10 | 0.11 | 0.11,0,2.45 | 3.48 | 4.66,0,0.86 | 1.15 | 1.63,0.951,0.000,0,1,0,0,0,0,-1,0,0,0,,0,,0,,0,0,0,1
1723494828,772,4,4,8,8,10.846,0,0,0.10 | 0.11 | 0.11,0,2.45 | 3.48 | 4.66,0,0.86 | 1.15 | 1.63,0.951,0.000,0,1,0,0,0,0,-1,0,0,0,,0,,0,,0,0,0,1
1723494828,772,4,4,8,8,10.846,0,0,0.10 | 0.11 | 0.11,0,2.45 | 3.48 | 4.66,0,0.86 | 1.15 | 1.63,0.951,0.000,0,1,0,0,0,0,-1,0,0,0,,0,,0,,0,0,0,1
1723494828,772,4,4,8,8,10.846,0,0,0.10 | 0.11 | 0.11,0,2.45 | 3.48 | 4.66,0,0.86 | 1.15 | 1.63,0.951,0.000,0,1,0,0,0,0,-1,0,0,0,,0,,0,,0,0,0,1
1723494828,772,4,4,8,8,10.846,0,0,0.10 | 0.11 | 0.11,0,2.45 | 3.48 | 4.66,0,0.86 | 1.15 | 1.63,0.951,0.000,0,1,0,0,0,0,-1,0,0,0,,0,,0,,0,0,0,1
1723494828,772,4,4,8,8,10.846,0,0,0.10 | 0.11 | 0.11,0,2.45 | 3.48 | 4.66,0,0.86 | 1.15 | 1.63,0.951,0.000,0,1,0,0,0,0,-1,0,0,0,,0,,0,,0,0,0,1
1723494828,772,4,4,8,8,10.846,0,0,0.10 | 0.11 | 0.11,0,2.45 | 3.48 | 4.66,0,0.86 | 1.15 | 1.63,0.951,0.000,0,1,0,0,0,0,-1,0,0,0,,0,,0,,0,0,0,1
1723494828,772,4,4,8,8,10.846,0,0,0.10 | 0.11 | 0.11,0,2.45 | 3.48 | 4.66,0,0.86 | 1.15 | 1.63,0.951,0.000,0,1,0,0,0,0,-1,0,0,0,,0,,0,,0,0,0,1
1723494828,772,4,4,8,8,10.846,0,0,0.10 | 0.11 | 0.11,0,2.45 | 3.48 | 4.66,0,0.86 | 1.15 | 1.63,0.951,0.000,0,1,0,0,0,0,-1,0,0,0,,0,,0,,0,0,0,1
1723494828,772,4,4,8,8,10.846,0,0,0.10 | 0.11 | 0.11,0,2.45 | 3.48 | 4.66,0,0.86 | 1.15 | 1.63,0.951,0.000,0,1,0,0,0,0,-1,0,0,0,,0,,0,,0,0,0,1
1723494829,772,4,4,8,8,9.783,0,0,0.10 | 0.11 | 0.11,0,2.45 | 3.48 | 4.66,0,0.86 | 1.15 | 1.63,0.951,0.000,0,1,0,0,0,0,-1,0,0,0,,0,,0,,0,0,0,1
1723494829,772,4,4,8,8,9.783,0,0,0.10 | 0.11 | 0.11,0,2.45 | 3.48 | 4.66,0,0.86 | 1.15 | 1.63,0.951,0.000,0,1,0,0,0,0,-1,0,0,0,,0,,0,,0,0,0,1
1723494829,772,4,4,8,8,9.783,0,0,0.10 | 0.11 | 0.11,0,2.45 | 3.48 | 4.66,0,0.86 | 1.15 | 1.63,0.951,0.000,0,1,0,0,0,0,-1,0,0,0,,0,,0,,0,0,0,1
1723494829,772,4,4,8,8,9.783,0,0,0.10 | 0.11 | 0.11,0,2.45 | 3.48 | 4.66,0,0.86 | 1.15 | 1.63,0.951,0.000,0,1,0,0,0,0,-1,0,0,0,,0,,0,,0,0,0,1
1723494829,772,4,4,8,8,9.783,0,0,0.10 | 0.11 | 0.11,0,2.45 | 3.48 | 4.66,0,0.86 | 1.15 | 1.63,0.951,0.000,0,1,0,0,0,0,-1,0,0,0,,0,,0,,0,0,0,1
1723494829,772,4,4,8,8,9.783,0,0,0.10 | 0.11 | 0.11,0,2.45 | 3.48 | 4.66,0,0.86 | 1.15 | 1.63,0.951,0.000,0,1,0,0,0,0,-1,0,0,0,,0,,0,,0,0,0,1
1723494829,772,4,4,8,8,9.783,0,0,0.10 | 0.11 | 0.11,0,2.45 | 3.48 | 4.66,0,0.86 | 1.15 | 1.63,0.951,0.000,0,1,0,0,0,0,-1,0,0,0,,0,,0,,0,0,0,1
1723494829,772,4,4,8,8,9.783,0,0,0.10 | 0.11 | 0.11,0,2.45 | 3.48 | 4.66,0,0.86 | 1.15 | 1.63,0.951,0.000,0,1,0,0,0,0,-1,0,0,0,,0,,0,,0,0,0,1
1723494829,772,4,4,8,8,9.783,0,0,0.10 | 0.11 | 0.11,0,2.45 | 3.48 | 4.66,0,0.86 | 1.15 | 1.63,0.951,0.000,0,1,0,0,0,0,-1,0,0,0,,0,,0,,0,0,0,1
1723494829,772,4,4,8,8,9.783,0,0,0.10 | 0.11 | 0.11,0,2.45 | 3.48 | 4.66,0,0.86 | 1.15 | 1.63,0.951,0.000,0,1,0,0,0,0,-1,0,0,0,,0,,0,,0,0,0,1
1723494830,772,4,4,8,8,8.788,0,0,0.10 | 0.11 | 0.11,0,2.45 | 3.48 | 4.66,0,0.86 | 1.15 | 1.63,0.951,0.000,0,1,0,0,0,0,-1,0,0,0,,0,,0,,0,0,0,1
1723494830,772,4,4,8,8,8.788,0,0,0.10 | 0.11 | 0.11,0,2.45 | 3.48 | 4.66,0,0.86 | 1.15 | 1.63,0.951,0.000,0,1,0,0,0,0,-1,0,0,0,,0,,0,,0,0,0,1
1723494830,772,4,4,8,8,8.788,0,0,0.10 | 0.11 | 0.11,0,2.45 | 3.48 | 4.66,0,0.86 | 1.15 | 1.63,0.951,0.000,0,1,0,0,0,0,-1,0,0,0,,0,,0,,0,0,0,1
1723494830,772,4,4,8,8,8.788,0,0,0.10 | 0.11 | 0.11,0,2.45 | 3.48 | 4.66,0,0.86 | 1.15 | 1.63,0.951,0.000,0,1,0,0,0,0,-1,0,0,0,,0,,0,,0,0,0,1
1723494830,772,4,4,8,8,8.788,0,0,0.10 | 0.11 | 0.11,0,2.45 | 3.48 | 4.66,0,0.86 | 1.15 | 1.63,0.951,0.000,0,1,0,0,0,0,-1,0,0,0,,0,,0,,0,0,0,1
1723494830,772,4,4,8,8,8.788,0,0,0.10 | 0.11 | 0.11,0,2.45 | 3.48 | 4.66,0,0.86 | 1.15 | 1.63,0.951,0.000,0,1,0,0,0,0,-1,0,0,0,,0,,0,,0,0,0,1
1723494830,772,4,4,8,8,8.788,0,0,0.10 | 0.11 | 0.11,0,2.45 | 3.48 | 4.66,0,0.86 | 1.15 | 1.63,0.951,0.000,0,1,0,0,0,0,-1,0,0,0,,0,,0,,0,0,0,1
1723494830,772,4,4,8,8,8.788,0,0,0.10 | 0.11 | 0.11,0,2.45 | 3.48 | 4.66,0,0.86 | 1.15 | 1.63,0.951,0.000,0,1,0,0,0,0,-1,0,0,0,,0,,0,,0,0,0,1
1723494830,772,4,4,8,8,8.788,0,0,0.10 | 0.11 | 0.11,0,2.45 | 3.48 | 4.66,0,0.86 | 1.15 | 1.63,0.951,0.000,0,1,0,0,0,0,-1,0,0,0,,0,,0,,0,0,0,1
1723494830,772,4,4,8,8,8.788,0,0,0.10 | 0.11 | 0.11,0,2.45 | 3.48 | 4.66,0,0.86 | 1.15 | 1.63,0.951,0.000,0,1,0,0,0,0,-1,0,0,0,,0,,0,,0,0,0,1
1723494831,772,4,4,8,8,11.124,0,0,0.10 | 0.11 | 0.11,0,2.69 | 3.54 | 4.66,0,0.86 | 1.13 | 1.49,0.951,0.000,0,1,0,0,0,0,-1,0,0,0,,0,,0,,0,0,0,1
1723494831,772,4,4,8,8,11.124,0,0,0.10 | 0.11 | 0.11,0,2.69 | 3.54 | 4.66,0,0.86 | 1.13 | 1.49,0.951,0.000,0,1,0,0,0,0,-1,0,0,0,,0,,0,,0,0,0,1
1723494831,772,4,4,8,8,11.124,0,0,0.10 | 0.11 | 0.11,0,2.69 | 3.54 | 4.66,0,0.86 | 1.13 | 1.49,0.951,0.000,0,1,0,0,0,0,-1,0,0,0,,0,,0,,0,0,0,1
1723494831,772,4,4,8,8,11.124,0,0,0.10 | 0.11 | 0.11,0,2.69 | 3.54 | 4.66,0,0.86 | 1.13 | 1.49,0.951,0.000,0,1,0,0,0,0,-1,0,0,0,,0,,0,,0,0,0,1
1723494831,772,4,4,8,8,11.124,0,0,0.10 | 0.11 | 0.11,0,2.69 | 3.54 | 4.66,0,0.86 | 1.13 | 1.49,0.951,0.000,0,1,0,0,0,0,-1,0,0,0,,0,,0,,0,0,0,1
1723494831,772,4,4,8,8,11.124,0,0,0.10 | 0.11 | 0.11,0,2.69 | 3.54 | 4.66,0,0.86 | 1.13 | 1.49,0.951,0.000,0,1,0,0,0,0,-1,0,0,0,,0,,0,,0,0,0,1
1723494831,772,4,4,8,8,11.124,0,0,0.10 | 0.11 | 0.11,0,2.69 | 3.54 | 4.66,0,0.86 | 1.13 | 1.49,0.951,0.000,0,1,0,0,0,0,-1,0,0,0,,0,,0,,0,0,0,1
1723494831,772,4,4,8,8,11.124,0,0,0.10 | 0.11 | 0.11,0,2.69 | 3.54 | 4.66,0,0.86 | 1.13 | 1.49,0.951,0.000,0,1,0,0,0,0,-1,0,0,0,,0,,0,,0,0,0,1
1723494831,772,4,4,8,8,11.124,0,0,0.10 | 0.11 | 0.11,0,2.69 | 3.54 | 4.66,0,0.86 | 1.13 | 1.49,0.951,0.000,0,1,0,0,0,0,-1,0,0,0,,0,,0,,0,0,0,1
1723494831,772,4,4,8,8,11.124,0,0,0.10 | 0.11 | 0.11,0,2.69 | 3.54 | 4.66,0,0.86 | 1.13 | 1.49,0.951,0.000,0,1,0,0,0,0,-1,0,0,0,,0,,0,,0,0,0,1
1723494832,772,4,4,8,8,10.062,0,0,0.10 | 0.11 | 0.11,0,2.69 | 3.54 | 4.66,0,0.86 | 1.13 | 1.49,0.951,0.000,0,1,0,0,0,0,-1,0,0,0,,0,,0,,0,0,0,1
1723494832,772,4,4,8,8,10.062,0,0,0.10 | 0.11 | 0.11,0,2.69 | 3.54 | 4.66,0,0.86 | 1.13 | 1.49,0.951,0.000,0,1,0,0,0,0,-1,0,0,0,,0,,0,,0,0,0,1
1723494832,772,4,4,8,8,10.062,0,0,0.10 | 0.11 | 0.11,0,2.69 | 3.54 | 4.66,0,0.86 | 1.13 | 1.49,0.951,0.000,0,1,0,0,0,0,-1,0,0,0,,0,,0,,0,0,0,1
1723494832,772,4,4,8,8,10.062,0,0,0.10 | 0.11 | 0.11,0,2.69 | 3.54 | 4.66,0,0.86 | 1.13 | 1.49,0.951,0.000,0,1,0,0,0,0,-1,0,0,0,,0,,0,,0,0,0,1
1723494832,772,4,4,8,8,10.062,0,0,0.10 | 0.11 | 0.11,0,2.69 | 3.54 | 4.66,0,0.86 | 1.13 | 1.49,0.951,0.000,0,1,0,0,0,0,-1,0,0,0,,0,,0,,0,0,0,1
1723494832,772,4,4,8,8,10.062,0,0,0.10 | 0.11 | 0.11,0,2.69 | 3.54 | 4.66,0,0.86 | 1.13 | 1.49,0.951,0.000,0,1,0,0,0,0,-1,0,0,0,,0,,0,,0,0,0,1
1723494832,772,4,4,8,8,10.062,0,0,0.10 | 0.11 | 0.11,0,2.69 | 3.54 | 4.66,0,0.86 | 1.13 | 1.49,0.951,0.000,0,1,0,0,0,0,-1,0,0,0,,0,,0,,0,0,0,1
1723494832,772,4,4,8,8,10.062,0,0,0.10 | 0.11 | 0.11,0,2.69 | 3.54 | 4.66,0,0.86 | 1.13 | 1.49,0.951,0.000,0,1,0,0,0,0,-1,0,0,0,,0,,0,,0,0,0,1
1723494832,772,4,4,8,8,10.062,0,0,0.10 | 0.11 | 0.11,0,2.69 | 3.54 | 4.66,0,0.86 | 1.13 | 1.49,0.951,0.000,0,1,0,0,0,0,-1,0,0,0,,0,,0,,0,0,0,1
1723494832,772,4,4,8,8,10.062,0,0,0.10 | 0.11 | 0.11,0,2.69 | 3.54 | 4.66,0,0.86 | 1.13 | 1.49,0.951,0.000,0,1,0,0,0,0,-1,0,0,0,,0,,0,,0,0,0,1
1723494833,772,4,4,8,8,8.999,0,0,0.10 | 0.11 | 0.11,0,2.69 | 3.54 | 4.66,0,0.86 | 1.13 | 1.49,0.951,0.000,0,1,0,0,0,0,-1,0,0,0,,0,,0,,0,0,0,1
1723494833,772,4,4,8,8,8.999,0,0,0.10 | 0.11 | 0.11,0,2.69 | 3.54 | 4.66,0,0.86 | 1.13 | 1.49,0.951,0.000,0,1,0,0,0,0,-1,0,0,0,,0,,0,,0,0,0,1
1723494833,772,4,4,8,8,8.999,0,0,0.10 | 0.11 | 0.11,0,2.69 | 3.54 | 4.66,0,0.86 | 1.13 | 1.49,0.951,0.000,0,1,0,0,0,0,-1,0,0,0,,0,,0,,0,0,0,1
1723494833,772,4,4,8,8,8.999,0,0,0.10 | 0.11 | 0.11,0,2.69 | 3.54 | 4.66,0,0.86 | 1.13 | 1.49,0.951,0.000,0,1,0,0,0,0,-1,0,0,0,,0,,0,,0,0,0,1
1723494833,772,4,4,8,8,8.999,0,0,0.10 | 0.11 | 0.11,0,2.69 | 3.54 | 4.66,0,0.86 | 1.13 | 1.49,0.951,0.000,0,1,0,0,0,0,-1,0,0,0,,0,,0,,0,0,0,1
1723494833,772,4,4,8,8,8.999,0,0,0.10 | 0.11 | 0.11,0,2.69 | 3.54 | 4.66,0,0.86 | 1.13 | 1.49,0.951,0.000,0,1,0,0,0,0,-1,0,0,0,,0,,0,,0,0,0,1
1723494833,772,4,4,8,8,8.999,0,0,0.10 | 0.11 | 0.11,0,2.69 | 3.54 | 4.66,0,0.86 | 1.13 | 1.49,0.951,0.000,0,1,0,0,0,0,-1,0,0,0,,0,,0,,0,0,0,1
1723494833,772,4,4,8,8,8.999,0,0,0.10 | 0.11 | 0.11,0,2.69 | 3.54 | 4.66,0,0.86 | 1.13 | 1.49,0.951,0.000,0,1,0,0,0,0,-1,0,0,0,,0,,0,,0,0,0,1
1723494833,772,4,4,8,8,8.999,0,0,0.10 | 0.11 | 0.11,0,2.69 | 3.54 | 4.66,0,0.86 | 1.13 | 1.49,0.951,0.000,0,1,0,0,0,0,-1,0,0,0,,0,,0,,0,0,0,1
1723494833,772,4,4,8,8,8.999,0,0,0.10 | 0.11 | 0.11,0,2.69 | 3.54 | 4.66,0,0.86 | 1.13 | 1.49,0.951,0.000,0,1,0,0,0,0,-1,0,0,0,,0,,0,,0,0,0,1
1723494834,772,4,4,8,8,8.202,0,0,0.10 | 0.11 | 0.11,0,2.69 | 3.54 | 4.66,0,0.86 | 1.13 | 1.49,0.951,0.000,0,1,0,0,0,0,-1,0,0,0,,0,,0,,0,0,0,1
1723494834,772,4,4,8,8,8.202,0,0,0.10 | 0.11 | 0.11,0,2.69 | 3.54 | 4.66,0,0.86 | 1.13 | 1.49,0.951,0.000,0,1,0,0,0,0,-1,0,0,0,,0,,0,,0,0,0,1
1723494834,772,4,4,8,8,8.202,0,0,0.10 | 0.11 | 0.11,0,2.69 | 3.54 | 4.66,0,0.86 | 1.13 | 1.49,0.951,0.000,0,1,0,0,0,0,-1,0,0,0,,0,,0,,0,0,0,1
1723494834,772,4,4,8,8,8.202,0,0,0.10 | 0.11 | 0.11,0,2.69 | 3.54 | 4.66,0,0.86 | 1.13 | 1.49,0.951,0.000,0,1,0,0,0,0,-1,0,0,0,,0,,0,,0,0,0,1
1723494834,772,4,4,8,8,8.202,0,0,0.10 | 0.11 | 0.11,0,2.69 | 3.54 | 4.66,0,0.86 | 1.13 | 1.49,0.951,0.000,0,1,0,0,0,0,-1,0,0,0,,0,,0,,0,0,0,1
1723494834,772,4,4,8,8,8.202,0,0,0.10 | 0.11 | 0.11,0,2.69 | 3.54 | 4.66,0,0.86 | 1.13 | 1.49,0.951,0.000,0,1,0,0,0,0,-1,0,0,0,,0,,0,,0,0,0,1
1723494834,772,4,4,8,8,8.202,0,0,0.10 | 0.11 | 0.11,0,2.69 | 3.54 | 4.66,0,0.86 | 1.13 | 1.49,0.951,0.000,0,1,0,0,0,0,-1,0,0,0,,0,,0,,0,0,0,1
1723494834,772,4,4,8,8,8.202,0,0,0.10 | 0.11 | 0.11,0,2.69 | 3.54 | 4.66,0,0.86 | 1.13 | 1.49,0.951,0.000,0,1,0,0,0,0,-1,0,0,0,,0,,0,,0,0,0,1
1723494834,772,4,4,8,8,8.202,0,0,0.10 | 0.11 | 0.11,0,2.69 | 3.54 | 4.66,0,0.86 | 1.13 | 1.49,0.951,0.000,0,1,0,0,0,0,-1,0,0,0,,0,,0,,0,0,0,1
1723494834,772,4,4,8,8,8.202,0,0,0.10 | 0.11 | 0.11,0,2.69 | 3.54 | 4.66,0,0.86 | 1.13 | 1.49,0.951,0.000,0,1,0,0,0,0,-1,0,0,0,,0,,0,,0,0,0,1
1723494835,772,4,4,8,8,11.94,0,0,0.10 | 0.11 | 0.11,0,2.69 | 3.39 | 4.05,0,0.99 | 1.18 | 1.49,0.950,0.000,0,1,0,0,0,0,-1,0,0,0,,0,,0,,0,0,0,1
1723494835,772,4,4,8,8,11.94,0,0,0.10 | 0.11 | 0.11,0,2.69 | 3.39 | 4.05,0,0.99 | 1.18 | 1.49,0.950,0.000,0,1,0,0,0,0,-1,0,0,0,,0,,0,,0,0,0,1
1723494835,772,4,4,8,8,11.94,0,0,0.10 | 0.11 | 0.11,0,2.69 | 3.39 | 4.05,0,0.99 | 1.18 | 1.49,0.950,0.000,0,1,0,0,0,0,-1,0,0,0,,0,,0,,0,0,0,1
1723494835,772,4,4,8,8,11.94,0,0,0.10 | 0.11 | 0.11,0,2.69 | 3.39 | 4.05,0,0.99 | 1.18 | 1.49,0.950,0.000,0,1,0,0,0,0,-1,0,0,0,,0,,0,,0,0,0,1
1723494835,772,4,4,8,8,11.94,0,0,0.10 | 0.11 | 0.11,0,2.69 | 3.39 | 4.05,0,0.99 | 1.18 | 1.49,0.950,0.000,0,1,0,0,0,0,-1,0,0,0,,0,,0,,0,0,0,1
1723494835,772,4,4,8,8,11.94,0,0,0.10 | 0.11 | 0.11,0,2.69 | 3.39 | 4.05,0,0.99 | 1.18 | 1.49,0.950,0.000,0,1,0,0,0,0,-1,0,0,0,,0,,0,,0,0,0,1
1723494835,772,4,4,8,8,11.94,0,0,0.10 | 0.11 | 0.11,0,2.69 | 3.39 | 4.05,0,0.99 | 1.18 | 1.49,0.950,0.000,0,1,0,0,0,0,-1,0,0,0,,0,,0,,0,0,0,1
1723494835,772,4,4,8,8,11.94,0,0,0.10 | 0.11 | 0.11,0,2.69 | 3.39 | 4.05,0,0.99 | 1.18 | 1.49,0.950,0.000,0,1,0,0,0,0,-1,0,0,0,,0,,0,,0,0,0,1
1723494835,772,4,4,8,8,11.94,0,0,0.10 | 0.11 | 0.11,0,2.69 | 3.39 | 4.05,0,0.99 | 1.18 | 1.49,0.950,0.000,0,1,0,0,0,0,-1,0,0,0,,0,,0,,0,0,0,1
1723494835,772,4,4,8,8,11.94,0,0,0.10 | 0.11 | 0.11,0,2.69 | 3.39 | 4.05,0,0.99 | 1.18 | 1.49,0.950,0.000,0,1,0,0,0,0,-1,0,0,0,,0,,0,,0,0,0,1
1723494836,772,4,4,8,8,10.877,0,0,0.10 | 0.11 | 0.11,0,2.69 | 3.39 | 4.05,0,0.99 | 1.18 | 1.49,0.950,0.000,0,1,0,0,0,0,-1,0,0,0,,0,,0,,0,0,0,1
1723494836,772,4,4,8,8,10.877,0,0,0.10 | 0.11 | 0.11,0,2.69 | 3.39 | 4.05,0,0.99 | 1.18 | 1.49,0.950,0.000,0,1,0,0,0,0,-1,0,0,0,,0,,0,,0,0,0,1
1723494836,772,4,4,8,8,10.877,0,0,0.10 | 0.11 | 0.11,0,2.69 | 3.39 | 4.05,0,0.99 | 1.18 | 1.49,0.950,0.000,0,1,0,0,0,0,-1,0,0,0,,0,,0,,0,0,0,1
1723494836,772,4,4,8,8,10.877,0,0,0.10 | 0.11 | 0.11,0,2.69 | 3.39 | 4.05,0,0.99 | 1.18 | 1.49,0.950,0.000,0,1,0,0,0,0,-1,0,0,0,,0,,0,,0,0,0,1
1723494836,772,4,4,8,8,10.877,0,0,0.10 | 0.11 | 0.11,0,2.69 | 3.39 | 4.05,0,0.99 | 1.18 | 1.49,0.950,0.000,0,1,0,0,0,0,-1,0,0,0,,0,,0,,0,0,0,1
1723494836,772,4,4,8,8,10.877,0,0,0.10 | 0.11 | 0.11,0,2.69 | 3.39 | 4.05,0,0.99 | 1.18 | 1.49,0.950,0.000,0,1,0,0,0,0,-1,0,0,0,,0,,0,,0,0,0,1
1723494836,772,4,4,8,8,10.877,0,0,0.10 | 0.11 | 0.11,0,2.69 | 3.39 | 4.05,0,0.99 | 1.18 | 1.49,0.950,0.000,0,1,0,0,0,0,-1,0,0,0,,0,,0,,0,0,0,1
1723494836,772,4,4,8,8,10.877,0,0,0.10 | 0.11 | 0.11,0,2.69 | 3.39 | 4.05,0,0.99 | 1.18 | 1.49,0.950,0.000,0,1,0,0,0,0,-1,0,0,0,,0,,0,,0,0,0,1
1723494836,772,4,4,8,8,10.877,0,0,0.10 | 0.11 | 0.11,0,2.69 | 3.39 | 4.05,0,0.99 | 1.18 | 1.49,0.950,0.000,0,1,0,0,0,0,-1,0,0,0,,0,,0,,0,0,0,1
1723494836,772,4,4,8,8,10.877,0,0,0.10 | 0.11 | 0.11,0,2.69 | 3.39 | 4.05,0,0.99 | 1.18 | 1.49,0.950,0.000,0,1,0,0,0,0,-1,0,0,0,,0,,0,,0,0,0,1
1723494837,772,4,4,8,8,9.815,0,0,0.10 | 0.11 | 0.11,0,2.69 | 3.39 | 4.05,0,0.99 | 1.18 | 1.49,0.950,0.000,0,1,0,0,0,0,-1,0,0,0,,0,,0,,0,0,0,1
1723494837,772,4,4,8,8,9.815,0,0,0.10 | 0.11 | 0.11,0,2.69 | 3.39 | 4.05,0,0.99 | 1.18 | 1.49,0.950,0.000,0,1,0,0,0,0,-1,0,0,0,,0,,0,,0,0,0,1
1723494837,772,4,4,8,8,9.815,0,0,0.10 | 0.11 | 0.11,0,2.69 | 3.39 | 4.05,0,0.99 | 1.18 | 1.49,0.950,0.000,0,1,0,0,0,0,-1,0,0,0,,0,,0,,0,0,0,1
1723494837,772,4,4,8,8,9.815,0,0,0.10 | 0.11 | 0.11,0,2.69 | 3.39 | 4.05,0,0.99 | 1.18 | 1.49,0.950,0.000,0,1,0,0,0,0,-1,0,0,0,,0,,0,,0,0,0,1
1723494837,772,4,4,8,8,9.815,0,0,0.10 | 0.11 | 0.11,0,2.69 | 3.39 | 4.05,0,0.99 | 1.18 | 1.49,0.950,0.000,0,1,0,0,0,0,-1,0,0,0,,0,,0,,0,0,0,1
1723494837,772,4,4,8,8,9.815,0,0,0.10 | 0.11 | 0.11,0,2.69 | 3.39 | 4.05,0,0.99 | 1.18 | 1.49,0.950,0.000,0,1,0,0,0,0,-1,0,0,0,,0,,0,,0,0,0,1
1723494837,772,4,4,8,8,9.815,0,0,0.10 | 0.11 | 0.11,0,2.69 | 3.39 | 4.05,0,0.99 | 1.18 | 1.49,0.950,0.000,0,1,0,0,0,0,-1,0,0,0,,0,,0,,0,0,0,1
1723494837,772,4,4,8,8,9.815,0,0,0.10 | 0.11 | 0.11,0,2.69 | 3.39 | 4.05,0,0.99 | 1.18 | 1.49,0.950,0.000,0,1,0,0,0,0,-1,0,0,0,,0,,0,,0,0,0,1
1723494837,772,4,4,8,8,9.815,0,0,0.10 | 0.11 | 0.11,0,2.69 | 3.39 | 4.05,0,0.99 | 1.18 | 1.49,0.950,0.000,0,1,0,0,0,0,-1,0,0,0,,0,,0,,0,0,0,1
1723494837,772,4,4,8,8,9.815,0,0,0.10 | 0.11 | 0.11,0,2.69 | 3.39 | 4.05,0,0.99 | 1.18 | 1.49,0.950,0.000,0,1,0,0,0,0,-1,0,0,0,,0,,0,,0,0,0,1
1723494838,772,4,4,8,8,12.218,0,0,0.10 | 0.11 | 0.11,0,2.69 | 3.35 | 4.05,0,0.99 | 1.20 | 1.49,0.950,0.000,0,1,0,0,0,0,-1,0,0,0,,0,,0,,0,0,0,1
1723494838,772,4,4,8,8,12.218,0,0,0.10 | 0.11 | 0.11,0,2.69 | 3.35 | 4.05,0,0.99 | 1.20 | 1.49,0.950,0.000,0,1,0,0,0,0,-1,0,0,0,,0,,0,,0,0,0,1
1723494838,772,4,4,8,8,12.218,0,0,0.10 | 0.11 | 0.11,0,2.69 | 3.35 | 4.05,0,0.99 | 1.20 | 1.49,0.950,0.000,0,1,0,0,0,0,-1,0,0,0,,0,,0,,0,0,0,1
1723494838,772,4,4,8,8,12.218,0,0,0.10 | 0.11 | 0.11,0,2.69 | 3.35 | 4.05,0,0.99 | 1.20 | 1.49,0.950,0.000,0,1,0,0,0,0,-1,0,0,0,,0,,0,,0,0,0,1
1723494838,772,4,4,8,8,12.218,0,0,0.10 | 0.11 | 0.11,0,2.69 | 3.35 | 4.05,0,0.99 | 1.20 | 1.49,0.950,0.000,0,1,0,0,0,0,-1,0,0,0,,0,,0,,0,0,0,1
1723494838,772,4,4,8,8,12.218,0,0,0.10 | 0.11 | 0.11,0,2.69 | 3.35 | 4.05,0,0.99 | 1.20 | 1.49,0.950,0.000,0,1,0,0,0,0,-1,0,0,0,,0,,0,,0,0,0,1
1723494838,772,4,4,8,8,12.218,0,0,0.10 | 0.11 | 0.11,0,2.69 | 3.35 | 4.05,0,0.99 | 1.20 | 1.49,0.950,0.000,0,1,0,0,0,0,-1,0,0,0,,0,,0,,0,0,0,1
1723494838,772,4,4,8,8,12.218,0,0,0.10 | 0.11 | 0.11,0,2.69 | 3.35 | 4.05,0,0.99 | 1.20 | 1.49,0.950,0.000,0,1,0,0,0,0,-1,0,0,0,,0,,0,,0,0,0,1
1723494838,772,4,4,8,8,12.218,0,0,0.10 | 0.11 | 0.11,0,2.69 | 3.35 | 4.05,0,0.99 | 1.20 | 1.49,0.950,0.000,0,1,0,0,0,0,-1,0,0,0,,0,,0,,0,0,0,1
1723494838,772,4,4,8,8,12.218,0,0,0.10 | 0.11 | 0.11,0,2.69 | 3.35 | 4.05,0,0.99 | 1.20 | 1.49,0.950,0.000,0,1,0,0,0,0,-1,0,0,0,,0,,0,,0,0,0,1
1723494839,772,4,4,8,8,11.155,0,0,0.10 | 0.11 | 0.11,0,2.69 | 3.35 | 4.05,0,0.99 | 1.20 | 1.49,0.950,0.000,0,1,0,0,0,0,-1,0,0,0,,0,,0,,0,0,0,1
1723494839,772,4,4,8,8,11.155,0,0,0.10 | 0.11 | 0.11,0,2.69 | 3.35 | 4.05,0,0.99 | 1.20 | 1.49,0.950,0.000,0,1,0,0,0,0,-1,0,0,0,,0,,0,,0,0,0,1
1723494839,772,4,4,8,8,11.155,0,0,0.10 | 0.11 | 0.11,0,2.69 | 3.35 | 4.05,0,0.99 | 1.20 | 1.49,0.950,0.000,0,1,0,0,0,0,-1,0,0,0,,0,,0,,0,0,0,1
1723494839,772,4,4,8,8,11.155,0,0,0.10 | 0.11 | 0.11,0,2.69 | 3.35 | 4.05,0,0.99 | 1.20 | 1.49,0.950,0.000,0,1,0,0,0,0,-1,0,0,0,,0,,0,,0,0,0,1
1723494839,772,4,4,8,8,11.155,0,0,0.10 | 0.11 | 0.11,0,2.69 | 3.35 | 4.05,0,0.99 | 1.20 | 1.49,0.950,0.000,0,1,0,0,0,0,-1,0,0,0,,0,,0,,0,0,0,1
1723494839,772,4,4,8,8,11.155,0,0,0.10 | 0.11 | 0.11,0,2.69 | 3.35 | 4.05,0,0.99 | 1.20 | 1.49,0.950,0.000,0,1,0,0,0,0,-1,0,0,0,,0,,0,,0,0,0,1
1723494839,772,4,4,8,8,11.155,0,0,0.10 | 0.11 | 0.11,0,2.69 | 3.35 | 4.05,0,0.99 | 1.20 | 1.49,0.950,0.000,0,1,0,0,0,0,-1,0,0,0,,0,,0,,0,0,0,1
1723494839,772,4,4,8,8,11.155,0,0,0.10 | 0.11 | 0.11,0,2.69 | 3.35 | 4.05,0,0.99 | 1.20 | 1.49,0.950,0.000,0,1,0,0,0,0,-1,0,0,0,,0,,0,,0,0,0,1
1723494839,772,4,4,8,8,11.155,0,0,0.10 | 0.11 | 0.11,0,2.69 | 3.35 | 4.05,0,0.99 | 1.20 | 1.49,0.950,0.000,0,1,0,0,0,0,-1,0,0,0,,0,,0,,0,0,0,1
1723494839,772,4,4,8,8,11.155,0,0,0.10 | 0.11 | 0.11,0,2.69 | 3.35 | 4.05,0,0.99 | 1.20 | 1.49,0.950,0.000,0,1,0,0,0,0,-1,0,0,0,,0,,0,,0,0,0,1
1723494840,772,4,4,8,8,9.987,0,0,0.10 | 0.11 | 0.11,0,2.69 | 3.35 | 4.05,0,0.99 | 1.20 | 1.49,0.950,0.000,0,1,0,0,0,0,-1,0,0,0,,0,,0,,0,0,0,1
1723494840,772,4,4,8,8,9.987,0,0,0.10 | 0.11 | 0.11,0,2.69 | 3.35 | 4.05,0,0.99 | 1.20 | 1.49,0.950,0.000,0,1,0,0,0,0,-1,0,0,0,,0,,0,,0,0,0,1
1723494840,772,4,4,8,8,9.987,0,0,0.10 | 0.11 | 0.11,0,2.69 | 3.35 | 4.05,0,0.99 | 1.20 | 1.49,0.950,0.000,0,1,0,0,0,0,-1,0,0,0,,0,,0,,0,0,0,1
1723494840,772,4,4,8,8,9.987,0,0,0.10 | 0.11 | 0.11,0,2.69 | 3.35 | 4.05,0,0.99 | 1.20 | 1.49,0.950,0.000,0,1,0,0,0,0,-1,0,0,0,,0,,0,,0,0,0,1
1723494840,772,4,4,8,8,9.987,0,0,0.10 | 0.11 | 0.11,0,2.69 | 3.35 | 4.05,0,0.99 | 1.20 | 1.49,0.950,0.000,0,1,0,0,0,0,-1,0,0,0,,0,,0,,0,0,0,1
1723494840,772,4,4,8,8,9.987,0,0,0.10 | 0.11 | 0.11,0,2.69 | 3.35 | 4.05,0,0.99 | 1.20 | 1.49,0.950,0.000,0,1,0,0,0,0,-1,0,0,0,,0,,0,,0,0,0,1
1723494840,772,4,4,8,8,9.987,0,0,0.10 | 0.11 | 0.11,0,2.69 | 3.35 | 4.05,0,0.99 | 1.20 | 1.49,0.950,0.000,0,1,0,0,0,0,-1,0,0,0,,0,,0,,0,0,0,1
1723494840,772,4,4,8,8,9.987,0,0,0.10 | 0.11 | 0.11,0,2.69 | 3.35 | 4.05,0,0.99 | 1.20 | 1.49,0.950,0.000,0,1,0,0,0,0,-1,0,0,0,,0,,0,,0,0,0,1
1723494840,772,4,4,8,8,9.987,0,0,0.10 | 0.11 | 0.11,0,2.69 | 3.35 | 4.05,0,0.99 | 1.20 | 1.49,0.950,0.000,0,1,0,0,0,0,-1,0,0,0,,0,,0,,0,0,0,1
1723494840,772,4,4,8,8,9.987,0,0,0.10 | 0.11 | 0.11,0,2.69 | 3.35 | 4.05,0,0.99 | 1.20 | 1.49,0.950,0.000,0,1,0,0,0,0,-1,0,0,0,,0,,0,,0,0,0,1
1723494841,772,4,4,8,8,9.03,0,0,0.10 | 0.11 | 0.11,0,2.69 | 3.35 | 4.05,0,0.99 | 1.20 | 1.49,0.950,0.000,0,1,0,0,0,0,-1,0,0,0,,0,,0,,0,0,0,1
1723494841,772,4,4,8,8,9.03,0,0,0.10 | 0.11 | 0.11,0,2.69 | 3.35 | 4.05,0,0.99 | 1.20 | 1.49,0.950,0.000,0,1,0,0,0,0,-1,0,0,0,,0,,0,,0,0,0,1
1723494841,772,4,4,8,8,9.03,0,0,0.10 | 0.11 | 0.11,0,2.69 | 3.35 | 4.05,0,0.99 | 1.20 | 1.49,0.950,0.000,0,1,0,0,0,0,-1,0,0,0,,0,,0,,0,0,0,1
1723494841,772,4,4,8,8,9.03,0,0,0.10 | 0.11 | 0.11,0,2.69 | 3.35 | 4.05,0,0.99 | 1.20 | 1.49,0.950,0.000,0,1,0,0,0,0,-1,0,0,0,,0,,0,,0,0,0,1
1723494841,772,4,4,8,8,9.03,0,0,0.10 | 0.11 | 0.11,0,2.69 | 3.35 | 4.05,0,0.99 | 1.20 | 1.49,0.950,0.000,0,1,0,0,0,0,-1,0,0,0,,0,,0,,0,0,0,1
1723494841,772,4,4,8,8,9.03,0,0,0.10 | 0.11 | 0.11,0,2.69 | 3.35 | 4.05,0,0.99 | 1.20 | 1.49,0.950,0.000,0,1,0,0,0,0,-1,0,0,0,,0,,0,,0,0,0,1
1723494841,772,4,4,8,8,9.03,0,0,0.10 | 0.11 | 0.11,0,2.69 | 3.35 | 4.05,0,0.99 | 1.20 | 1.49,0.950,0.000,0,1,0,0,0,0,-1,0,0,0,,0,,0,,0,0,0,1
1723494841,772,4,4,8,8,9.03,0,0,0.10 | 0.11 | 0.11,0,2.69 | 3.35 | 4.05,0,0.99 | 1.20 | 1.49,0.950,0.000,0,1,0,0,0,0,-1,0,0,0,,0,,0,,0,0,0,1
1723494841,772,4,4,8,8,9.03,0,0,0.10 | 0.11 | 0.11,0,2.69 | 3.35 | 4.05,0,0.99 | 1.20 | 1.49,0.950,0.000,0,1,0,0,0,0,-1,0,0,0,,0,,0,,0,0,0,1
1723494841,772,4,4,8,8,9.03,0,0,0.10 | 0.11 | 0.11,0,2.69 | 3.35 | 4.05,0,0.99 | 1.20 | 1.49,0.950,0.000,0,1,0,0,0,0,-1,0,0,0,,0,,0,,0,0,0,1
1723494842,772,4,4,8,8,8.233,0,0,0.10 | 0.11 | 0.11,0,2.69 | 3.35 | 4.05,0,0.99 | 1.20 | 1.49,0.950,0.000,0,1,0,0,0,0,-1,0,0,0,,0,,0,,0,0,0,1
1723494842,772,4,4,8,8,8.233,0,0,0.10 | 0.11 | 0.11,0,2.69 | 3.35 | 4.05,0,0.99 | 1.20 | 1.49,0.950,0.000,0,1,0,0,0,0,-1,0,0,0,,0,,0,,0,0,0,1
1723494842,772,4,4,8,8,8.233,0,0,0.10 | 0.11 | 0.11,0,2.69 | 3.35 | 4.05,0,0.99 | 1.20 | 1.49,0.950,0.000,0,1,0,0,0,0,-1,0,0,0,,0,,0,,0,0,0,1
1723494842,772,4,4,8,8,8.233,0,0,0.10 | 0.11 | 0.11,0,2.69 | 3.35 | 4.05,0,0.99 | 1.20 | 1.49,0.950,0.000,0,1,0,0,0,0,-1,0,0,0,,0,,0,,0,0,0,1
1723494842,772,4,4,8,8,8.233,0,0,0.10 | 0.11 | 0.11,0,2.69 | 3.35 | 4.05,0,0.99 | 1.20 | 1.49,0.950,0.000,0,1,0,0,0,0,-1,0,0,0,,0,,0,,0,0,0,1
1723494842,772,4,4,8,8,8.233,0,0,0.10 | 0.11 | 0.11,0,2.69 | 3.35 | 4.05,0,0.99 | 1.20 | 1.49,0.950,0.000,0,1,0,0,0,0,-1,0,0,0,,0,,0,,0,0,0,1
1723494842,772,4,4,8,8,8.233,0,0,0.10 | 0.11 | 0.11,0,2.69 | 3.35 | 4.05,0,0.99 | 1.20 | 1.49,0.950,0.000,0,1,0,0,0,0,-1,0,0,0,,0,,0,,0,0,0,1
1723494842,772,4,4,8,8,8.233,0,0,0.10 | 0.11 | 0.11,0,2.69 | 3.35 | 4.05,0,0.99 | 1.20 | 1.49,0.950,0.000,0,1,0,0,0,0,-1,0,0,0,,0,,0,,0,0,0,1
1723494842,772,4,4,8,8,8.233,0,0,0.10 | 0.11 | 0.11,0,2.69 | 3.35 | 4.05,0,0.99 | 1.20 | 1.49,0.950,0.000,0,1,0,0,0,0,-1,0,0,0,,0,,0,,0,0,0,1
1723494842,772,4,4,8,8,8.233,0,0,0.10 | 0.11 | 0.11,0,2.69 | 3.35 | 4.05,0,0.99 | 1.20 | 1.49,0.950,0.000,0,1,0,0,0,0,-1,0,0,0,,0,,0,,0,0,0,1
1723494843,772,4,4,8,8,11.97,0,0,0.10 | 0.11 | 0.11,0,2.69 | 3.36 | 4.05,0,0.99 | 1.19 | 1.49,0.950,0.000,0,1,0,0,0,0,-1,0,0,0,,0,,0,,0,0,0,1
1723494843,772,4,4,8,8,11.97,0,0,0.10 | 0.11 | 0.11,0,2.69 | 3.36 | 4.05,0,0.99 | 1.19 | 1.49,0.950,0.000,0,1,0,0,0,0,-1,0,0,0,,0,,0,,0,0,0,1
1723494843,772,4,4,8,8,11.97,0,0,0.10 | 0.11 | 0.11,0,2.69 | 3.36 | 4.05,0,0.99 | 1.19 | 1.49,0.950,0.000,0,1,0,0,0,0,-1,0,0,0,,0,,0,,0,0,0,1
1723494843,772,4,4,8,8,11.97,0,0,0.10 | 0.11 | 0.11,0,2.69 | 3.36 | 4.05,0,0.99 | 1.19 | 1.49,0.950,0.000,0,1,0,0,0,0,-1,0,0,0,,0,,0,,0,0,0,1
1723494843,772,4,4,8,8,11.97,0,0,0.10 | 0.11 | 0.11,0,2.69 | 3.36 | 4.05,0,0.99 | 1.19 | 1.49,0.950,0.000,0,1,0,0,0,0,-1,0,0,0,,0,,0,,0,0,0,1
1723494843,772,4,4,8,8,11.97,0,0,0.10 | 0.11 | 0.11,0,2.69 | 3.36 | 4.05,0,0.99 | 1.19 | 1.49,0.950,0.000,0,1,0,0,0,0,-1,0,0,0,,0,,0,,0,0,0,1
1723494843,772,4,4,8,8,11.97,0,0,0.10 | 0.11 | 0.11,0,2.69 | 3.36 | 4.05,0,0.99 | 1.19 | 1.49,0.950,0.000,0,1,0,0,0,0,-1,0,0,0,,0,,0,,0,0,0,1
1723494843,772,4,4,8,8,11.97,0,0,0.10 | 0.11 | 0.11,0,2.69 | 3.36 | 4.05,0,0.99 | 1.19 | 1.49,0.950,0.000,0,1,0,0,0,0,-1,0,0,0,,0,,0,,0,0,0,1
1723494843,772,4,4,8,8,11.97,0,0,0.10 | 0.11 | 0.11,0,2.69 | 3.36 | 4.05,0,0.99 | 1.19 | 1.49,0.950,0.000,0,1,0,0,0,0,-1,0,0,0,,0,,0,,0,0,0,1
1723494843,772,4,4,8,8,11.97,0,0,0.10 | 0.11 | 0.11,0,2.69 | 3.36 | 4.05,0,0.99 | 1.19 | 1.49,0.950,0.000,0,1,0,0,0,0,-1,0,0,0,,0,,0,,0,0,0,1
1723494844,772,4,4,8,8,10.908,0,0,0.10 | 0.11 | 0.11,0,2.69 | 3.36 | 4.05,0,0.99 | 1.19 | 1.49,0.950,0.000,0,1,0,0,0,0,-1,0,0,0,,0,,0,,0,0,0,1
1723494844,772,4,4,8,8,10.908,0,0,0.10 | 0.11 | 0.11,0,2.69 | 3.36 | 4.05,0,0.99 | 1.19 | 1.49,0.950,0.000,0,1,0,0,0,0,-1,0,0,0,,0,,0,,0,0,0,1
1723494844,772,4,4,8,8,10.908,0,0,0.10 | 0.11 | 0.11,0,2.69 | 3.36 | 4.05,0,0.99 | 1.19 | 1.49,0.950,0.000,0,1,0,0,0,0,-1,0,0,0,,0,,0,,0,0,0,1
1723494844,772,4,4,8,8,10.908,0,0,0.10 | 0.11 | 0.11,0,2.69 | 3.36 | 4.05,0,0.99 | 1.19 | 1.49,0.950,0.000,0,1,0,0,0,0,-1,0,0,0,,0,,0,,0,0,0,1
1723494844,772,4,4,8,8,10.908,0,0,0.10 | 0.11 | 0.11,0,2.69 | 3.36 | 4.05,0,0.99 | 1.19 | 1.49,0.950,0.000,0,1,0,0,0,0,-1,0,0,0,,0,,0,,0,0,0,1
1723494844,772,4,4,8,8,10.908,0,0,0.10 | 0.11 | 0.11,0,2.69 | 3.36 | 4.05,0,0.99 | 1.19 | 1.49,0.950,0.000,0,1,0,0,0,0,-1,0,0,0,,0,,0,,0,0,0,1
1723494844,772,4,4,8,8,10.908,0,0,0.10 | 0.11 | 0.11,0,2.69 | 3.36 | 4.05,0,0.99 | 1.19 | 1.49,0.950,0.000,0,1,0,0,0,0,-1,0,0,0,,0,,0,,0,0,0,1
1723494844,772,4,4,8,8,10.908,0,0,0.10 | 0.11 | 0.11,0,2.69 | 3.36 | 4.05,0,0.99 | 1.19 | 1.49,0.950,0.000,0,1,0,0,0,0,-1,0,0,0,,0,,0,,0,0,0,1
1723494844,772,4,4,8,8,10.908,0,0,0.10 | 0.11 | 0.11,0,2.69 | 3.36 | 4.05,0,0.99 | 1.19 | 1.49,0.950,0.000,0,1,0,0,0,0,-1,0,0,0,,0,,0,,0,0,0,1
1723494844,772,4,4,8,8,10.908,0,0,0.10 | 0.11 | 0.11,0,2.69 | 3.36 | 4.05,0,0.99 | 1.19 | 1.49,0.950,0.000,0,1,0,0,0,0,-1,0,0,0,,0,,0,,0,0,0,1
1723494845,772,4,4,8,8,9.846,0,0,0.10 | 0.11 | 0.11,0,2.69 | 3.36 | 4.05,0,0.99 | 1.19 | 1.49,0.950,0.000,0,1,0,0,0,0,-1,0,0,0,,0,,0,,0,0,0,1
1723494845,772,4,4,8,8,9.846,0,0,0.10 | 0.11 | 0.11,0,2.69 | 3.36 | 4.05,0,0.99 | 1.19 | 1.49,0.950,0.000,0,1,0,0,0,0,-1,0,0,0,,0,,0,,0,0,0,1
1723494845,772,4,4,8,8,9.846,0,0,0.10 | 0.11 | 0.11,0,2.69 | 3.36 | 4.05,0,0.99 | 1.19 | 1.49,0.950,0.000,0,1,0,0,0,0,-1,0,0,0,,0,,0,,0,0,0,1
1723494845,772,4,4,8,8,9.846,0,0,0.10 | 0.11 | 0.11,0,2.69 | 3.36 | 4.05,0,0.99 | 1.19 | 1.49,0.950,0.000,0,1,0,0,0,0,-1,0,0,0,,0,,0,,0,0,0,1
1723494845,772,4,4,8,8,9.846,0,0,0.10 | 0.11 | 0.11,0,2.69 | 3.36 | 4.05,0,0.99 | 1.19 | 1.49,0.950,0.000,0,1,0,0,0,0,-1,0,0,0,,0,,0,,0,0,0,1
1723494845,772,4,4,8,8,9.846,0,0,0.10 | 0.11 | 0.11,0,2.69 | 3.36 | 4.05,0,0.99 | 1.19 | 1.49,0.950,0.000,0,1,0,0,0,0,-1,0,0,0,,0,,0,,0,0,0,1
1723494845,772,4,4,8,8,9.846,0,0,0.10 | 0.11 | 0.11,0,2.69 | 3.36 | 4.05,0,0.99 | 1.19 | 1.49,0.950,0.000,0,1,0,0,0,0,-1,0,0,0,,0,,0,,0,0,0,1
1723494845,772,4,4,8,8,9.846,0,0,0.10 | 0.11 | 0.11,0,2.69 | 3.36 | 4.05,0,0.99 | 1.19 | 1.49,0.950,0.000,0,1,0,0,0,0,-1,0,0,0,,0,,0,,0,0,0,1
1723494845,772,4,4,8,8,9.846,0,0,0.10 | 0.11 | 0.11,0,2.69 | 3.36 | 4.05,0,0.99 | 1.19 | 1.49,0.950,0.000,0,1,0,0,0,0,-1,0,0,0,,0,,0,,0,0,0,1
1723494845,772,4,4,8,8,9.846,0,0,0.10 | 0.11 | 0.11,0,2.69 | 3.36 | 4.05,0,0.99 | 1.19 | 1.49,0.950,0.000,0,1,0,0,0,0,-1,0,0,0,,0,,0,,0,0,0,1
1723494846,772,4,4,8,8,11.983,0,0,0.11 | 0.11 | 0.11,0,2.12 | 3.22 | 4.05,0,0.99 | 1.24 | 1.89,0.950,0.000,0,1,0,0,0,0,-1,0,0,0,,0,,0,,0,0,0,1
1723494846,772,4,4,8,8,11.983,0,0,0.11 | 0.11 | 0.11,0,2.12 | 3.22 | 4.05,0,0.99 | 1.24 | 1.89,0.950,0.000,0,1,0,0,0,0,-1,0,0,0,,0,,0,,0,0,0,1
1723494846,772,4,4,8,8,11.983,0,0,0.11 | 0.11 | 0.11,0,2.12 | 3.22 | 4.05,0,0.99 | 1.24 | 1.89,0.950,0.000,0,1,0,0,0,0,-1,0,0,0,,0,,0,,0,0,0,1
1723494846,772,4,4,8,8,11.983,0,0,0.11 | 0.11 | 0.11,0,2.12 | 3.22 | 4.05,0,0.99 | 1.24 | 1.89,0.950,0.000,0,1,0,0,0,0,-1,0,0,0,,0,,0,,0,0,0,1
1723494846,772,4,4,8,8,11.983,0,0,0.11 | 0.11 | 0.11,0,2.12 | 3.22 | 4.05,0,0.99 | 1.24 | 1.89,0.950,0.000,0,1,0,0,0,0,-1,0,0,0,,0,,0,,0,0,0,1
1723494846,772,4,4,8,8,11.983,0,0,0.11 | 0.11 | 0.11,0,2.12 | 3.22 | 4.05,0,0.99 | 1.24 | 1.89,0.950,0.000,0,1,0,0,0,0,-1,0,0,0,,0,,0,,0,0,0,1
1723494846,772,4,4,8,8,11.983,0,0,0.11 | 0.11 | 0.11,0,2.12 | 3.22 | 4.05,0,0.99 | 1.24 | 1.89,0.950,0.000,0,1,0,0,0,0,-1,0,0,0,,0,,0,,0,0,0,1
1723494846,772,4,4,8,8,11.983,0,0,0.11 | 0.11 | 0.11,0,2.12 | 3.22 | 4.05,0,0.99 | 1.24 | 1.89,0.950,0.000,0,1,0,0,0,0,-1,0,0,0,,0,,0,,0,0,0,1
1723494846,772,4,4,8,8,11.983,0,0,0.11 | 0.11 | 0.11,0,2.12 | 3.22 | 4.05,0,0.99 | 1.24 | 1.89,0.950,0.000,0,1,0,0,0,0,-1,0,0,0,,0,,0,,0,0,0,1
1723494846,772,4,4,8,8,11.983,0,0,0.11 | 0.11 | 0.11,0,2.12 | 3.22 | 4.05,0,0.99 | 1.24 | 1.89,0.950,0.000,0,1,0,0,0,0,-1,0,0,0,,0,,0,,0,0,0,1
1723494847,772,4,4,8,8,11.187,0,0,0.11 | 0.11 | 0.11,0,2.12 | 3.22 | 4.05,0,0.99 | 1.24 | 1.89,0.950,0.000,0,1,0,0,0,0,-1,0,0,0,,0,,0,,0,0,0,1
1723494847,772,4,4,8,8,11.187,0,0,0.11 | 0.11 | 0.11,0,2.12 | 3.22 | 4.05,0,0.99 | 1.24 | 1.89,0.950,0.000,0,1,0,0,0,0,-1,0,0,0,,0,,0,,0,0,0,1
1723494847,772,4,4,8,8,11.187,0,0,0.11 | 0.11 | 0.11,0,2.12 | 3.22 | 4.05,0,0.99 | 1.24 | 1.89,0.950,0.000,0,1,0,0,0,0,-1,0,0,0,,0,,0,,0,0,0,1
1723494847,772,4,4,8,8,11.187,0,0,0.11 | 0.11 | 0.11,0,2.12 | 3.22 | 4.05,0,0.99 | 1.24 | 1.89,0.950,0.000,0,1,0,0,0,0,-1,0,0,0,,0,,0,,0,0,0,1
1723494847,772,4,4,8,8,11.187,0,0,0.11 | 0.11 | 0.11,0,2.12 | 3.22 | 4.05,0,0.99 | 1.24 | 1.89,0.950,0.000,0,1,0,0,0,0,-1,0,0,0,,0,,0,,0,0,0,1
1723494847,772,4,4,8,8,11.187,0,0,0.11 | 0.11 | 0.11,0,2.12 | 3.22 | 4.05,0,0.99 | 1.24 | 1.89,0.950,0.000,0,1,0,0,0,0,-1,0,0,0,,0,,0,,0,0,0,1
1723494847,772,4,4,8,8,11.187,0,0,0.11 | 0.11 | 0.11,0,2.12 | 3.22 | 4.05,0,0.99 | 1.24 | 1.89,0.950,0.000,0,1,0,0,0,0,-1,0,0,0,,0,,0,,0,0,0,1
1723494847,772,4,4,8,8,11.187,0,0,0.11 | 0.11 | 0.11,0,2.12 | 3.22 | 4.05,0,0.99 | 1.24 | 1.89,0.950,0.000,0,1,0,0,0,0,-1,0,0,0,,0,,0,,0,0,0,1
1723494847,772,4,4,8,8,11.187,0,0,0.11 | 0.11 | 0.11,0,2.12 | 3.22 | 4.05,0,0.99 | 1.24 | 1.89,0.950,0.000,0,1,0,0,0,0,-1,0,0,0,,0,,0,,0,0,0,1
1723494847,772,4,4,8,8,11.187,0,0,0.11 | 0.11 | 0.11,0,2.12 | 3.22 | 4.05,0,0.99 | 1.24 | 1.89,0.950,0.000,0,1,0,0,0,0,-1,0,0,0,,0,,0,,0,0,0,1
1723494848,772,4,4,8,8,10.124,0,0,0.11 | 0.11 | 0.11,0,2.12 | 3.22 | 4.05,0,0.99 | 1.24 | 1.89,0.950,0.000,0,1,0,0,0,0,-1,0,0,0,,0,,0,,0,0,0,1
1723494848,772,4,4,8,8,10.124,0,0,0.11 | 0.11 | 0.11,0,2.12 | 3.22 | 4.05,0,0.99 | 1.24 | 1.89,0.950,0.000,0,1,0,0,0,0,-1,0,0,0,,0,,0,,0,0,0,1
1723494848,772,4,4,8,8,10.124,0,0,0.11 | 0.11 | 0.11,0,2.12 | 3.22 | 4.05,0,0.99 | 1.24 | 1.89,0.950,0.000,0,1,0,0,0,0,-1,0,0,0,,0,,0,,0,0,0,1
1723494848,772,4,4,8,8,10.124,0,0,0.11 | 0.11 | 0.11,0,2.12 | 3.22 | 4.05,0,0.99 | 1.24 | 1.89,0.950,0.000,0,1,0,0,0,0,-1,0,0,0,,0,,0,,0,0,0,1
1723494848,772,4,4,8,8,10.124,0,0,0.11 | 0.11 | 0.11,0,2.12 | 3.22 | 4.05,0,0.99 | 1.24 | 1.89,0.950,0.000,0,1,0,0,0,0,-1,0,0,0,,0,,0,,0,0,0,1
1723494848,772,4,4,8,8,10.124,0,0,0.11 | 0.11 | 0.11,0,2.12 | 3.22 | 4.05,0,0.99 | 1.24 | 1.89,0.950,0.000,0,1,0,0,0,0,-1,0,0,0,,0,,0,,0,0,0,1
1723494848,772,4,4,8,8,10.124,0,0,0.11 | 0.11 | 0.11,0,2.12 | 3.22 | 4.05,0,0.99 | 1.24 | 1.89,0.950,0.000,0,1,0,0,0,0,-1,0,0,0,,0,,0,,0,0,0,1
1723494848,772,4,4,8,8,10.124,0,0,0.11 | 0.11 | 0.11,0,2.12 | 3.22 | 4.05,0,0.99 | 1.24 | 1.89,0.950,0.000,0,1,0,0,0,0,-1,0,0,0,,0,,0,,0,0,0,1
1723494848,772,4,4,8,8,10.124,0,0,0.11 | 0.11 | 0.11,0,2.12 | 3.22 | 4.05,0,0.99 | 1.24 | 1.89,0.950,0.000,0,1,0,0,0,0,-1,0,0,0,,0,,0,,0,0,0,1
1723494848,772,4,4,8,8,10.124,0,0,0.11 | 0.11 | 0.11,0,2.12 | 3.22 | 4.05,0,0.99 | 1.24 | 1.89,0.950,0.000,0,1,0,0,0,0,-1,0,0,0,,0,,0,,0,0,0,1
1723494849,772,4,4,8,8,9.062,0,0,0.11 | 0.11 | 0.11,0,2.12 | 3.22 | 4.05,0,0.99 | 1.24 | 1.89,0.950,0.000,0,1,0,0,0,0,-1,0,0,0,,0,,0,,0,0,0,1
1723494849,772,4,4,8,8,9.062,0,0,0.11 | 0.11 | 0.11,0,2.12 | 3.22 | 4.05,0,0.99 | 1.24 | 1.89,0.950,0.000,0,1,0,0,0,0,-1,0,0,0,,0,,0,,0,0,0,1
1723494849,772,4,4,8,8,9.062,0,0,0.11 | 0.11 | 0.11,0,2.12 | 3.22 | 4.05,0,0.99 | 1.24 | 1.89,0.950,0.000,0,1,0,0,0,0,-1,0,0,0,,0,,0,,0,0,0,1
1723494849,772,4,4,8,8,9.062,0,0,0.11 | 0.11 | 0.11,0,2.12 | 3.22 | 4.05,0,0.99 | 1.24 | 1.89,0.950,0.000,0,1,0,0,0,0,-1,0,0,0,,0,,0,,0,0,0,1
1723494849,772,4,4,8,8,9.062,0,0,0.11 | 0.11 | 0.11,0,2.12 | 3.22 | 4.05,0,0.99 | 1.24 | 1.89,0.950,0.000,0,1,0,0,0,0,-1,0,0,0,,0,,0,,0,0,0,1
1723494849,772,4,4,8,8,9.062,0,0,0.11 | 0.11 | 0.11,0,2.12 | 3.22 | 4.05,0,0.99 | 1.24 | 1.89,0.950,0.000,0,1,0,0,0,0,-1,0,0,0,,0,,0,,0,0,0,1
1723494849,772,4,4,8,8,9.062,0,0,0.11 | 0.11 | 0.11,0,2.12 | 3.22 | 4.05,0,0.99 | 1.24 | 1.89,0.950,0.000,0,1,0,0,0,0,-1,0,0,0,,0,,0,,0,0,0,1
1723494849,772,4,4,8,8,9.062,0,0,0.11 | 0.11 | 0.11,0,2.12 | 3.22 | 4.05,0,0.99 | 1.24 | 1.89,0.950,0.000,0,1,0,0,0,0,-1,0,0,0,,0,,0,,0,0,0,1
1723494849,772,4,4,8,8,9.062,0,0,0.11 | 0.11 | 0.11,0,2.12 | 3.22 | 4.05,0,0.99 | 1.24 | 1.89,0.950,0.000,0,1,0,0,0,0,-1,0,0,0,,0,,0,,0,0,0,1
1723494849,772,4,4,8,8,9.062,0,0,0.11 | 0.11 | 0.11,0,2.12 | 3.22 | 4.05,0,0.99 | 1.24 | 1.89,0.950,0.000,0,1,0,0,0,0,-1,0,0,0,,0,,0,,0,0,0,1
1723494850,772,4,4,8,8,12.787,0,0,0.11 | 0.11 | 0.11,0,2.12 | 3.16 | 3.98,0,1.01 | 1.27 | 1.89,0.950,0.000,0,1,0,0,0,0,-1,0,0,0,,0,,0,,0,0,0,1
1723494850,772,4,4,8,8,12.787,0,0,0.11 | 0.11 | 0.11,0,2.12 | 3.16 | 3.98,0,1.01 | 1.27 | 1.89,0.950,0.000,0,1,0,0,0,0,-1,0,0,0,,0,,0,,0,0,0,1
1723494850,772,4,4,8,8,12.787,0,0,0.11 | 0.11 | 0.11,0,2.12 | 3.16 | 3.98,0,1.01 | 1.27 | 1.89,0.950,0.000,0,1,0,0,0,0,-1,0,0,0,,0,,0,,0,0,0,1
1723494850,772,4,4,8,8,12.787,0,0,0.11 | 0.11 | 0.11,0,2.12 | 3.16 | 3.98,0,1.01 | 1.27 | 1.89,0.950,0.000,0,1,0,0,0,0,-1,0,0,0,,0,,0,,0,0,0,1
1723494850,772,4,4,8,8,12.787,0,0,0.11 | 0.11 | 0.11,0,2.12 | 3.16 | 3.98,0,1.01 | 1.27 | 1.89,0.950,0.000,0,1,0,0,0,0,-1,0,0,0,,0,,0,,0,0,0,1
1723494850,772,4,4,8,8,12.787,0,0,0.11 | 0.11 | 0.11,0,2.12 | 3.16 | 3.98,0,1.01 | 1.27 | 1.89,0.950,0.000,0,1,0,0,0,0,-1,0,0,0,,0,,0,,0,0,0,1
1723494850,772,4,4,8,8,12.787,0,0,0.11 | 0.11 | 0.11,0,2.12 | 3.16 | 3.98,0,1.01 | 1.27 | 1.89,0.950,0.000,0,1,0,0,0,0,-1,0,0,0,,0,,0,,0,0,0,1
1723494850,772,4,4,8,8,12.787,0,0,0.11 | 0.11 | 0.11,0,2.12 | 3.16 | 3.98,0,1.01 | 1.27 | 1.89,0.950,0.000,0,1,0,0,0,0,-1,0,0,0,,0,,0,,0,0,0,1
1723494850,772,4,4,8,8,12.787,0,0,0.11 | 0.11 | 0.11,0,2.12 | 3.16 | 3.98,0,1.01 | 1.27 | 1.89,0.950,0.000,0,1,0,0,0,0,-1,0,0,0,,0,,0,,0,0,0,1
1723494850,772,4,4,8,8,12.787,0,0,0.11 | 0.11 | 0.11,0,2.12 | 3.16 | 3.98,0,1.01 | 1.27 | 1.89,0.950,0.000,0,1,0,0,0,0,-1,0,0,0,,0,,0,,0,0,0,1
1723494851,772,4,4,8,8,12.002,0,0,0.11 | 0.11 | 0.11,0,2.12 | 3.16 | 3.98,0,1.01 | 1.27 | 1.89,0.950,0.000,0,1,0,0,0,0,-1,0,0,0,,0,,0,,0,0,0,1
1723494851,772,4,4,8,8,12.002,0,0,0.11 | 0.11 | 0.11,0,2.12 | 3.16 | 3.98,0,1.01 | 1.27 | 1.89,0.950,0.000,0,1,0,0,0,0,-1,0,0,0,,0,,0,,0,0,0,1
1723494851,772,4,4,8,8,12.002,0,0,0.11 | 0.11 | 0.11,0,2.12 | 3.16 | 3.98,0,1.01 | 1.27 | 1.89,0.950,0.000,0,1,0,0,0,0,-1,0,0,0,,0,,0,,0,0,0,1
1723494851,772,4,4,8,8,12.002,0,0,0.11 | 0.11 | 0.11,0,2.12 | 3.16 | 3.98,0,1.01 | 1.27 | 1.89,0.950,0.000,0,1,0,0,0,0,-1,0,0,0,,0,,0,,0,0,0,1
1723494851,772,4,4,8,8,12.002,0,0,0.11 | 0.11 | 0.11,0,2.12 | 3.16 | 3.98,0,1.01 | 1.27 | 1.89,0.950,0.000,0,1,0,0,0,0,-1,0,0,0,,0,,0,,0,0,0,1
1723494851,772,4,4,8,8,12.002,0,0,0.11 | 0.11 | 0.11,0,2.12 | 3.16 | 3.98,0,1.01 | 1.27 | 1.89,0.950,0.000,0,1,0,0,0,0,-1,0,0,0,,0,,0,,0,0,0,1
1723494851,772,4,4,8,8,12.002,0,0,0.11 | 0.11 | 0.11,0,2.12 | 3.16 | 3.98,0,1.01 | 1.27 | 1.89,0.950,0.000,0,1,0,0,0,0,-1,0,0,0,,0,,0,,0,0,0,1
1723494851,772,4,4,8,8,12.002,0,0,0.11 | 0.11 | 0.11,0,2.12 | 3.16 | 3.98,0,1.01 | 1.27 | 1.89,0.950,0.000,0,1,0,0,0,0,-1,0,0,0,,0,,0,,0,0,0,1
1723494851,772,4,4,8,8,12.002,0,0,0.11 | 0.11 | 0.11,0,2.12 | 3.16 | 3.98,0,1.01 | 1.27 | 1.89,0.950,0.000,0,1,0,0,0,0,-1,0,0,0,,0,,0,,0,0,0,1
1723494851,772,4,4,8,8,12.002,0,0,0.11 | 0.11 | 0.11,0,2.12 | 3.16 | 3.98,0,1.01 | 1.27 | 1.89,0.950,0.000,0,1,0,0,0,0,-1,0,0,0,,0,,0,,0,0,0,1
1723494852,772,4,4,8,8,10.94,0,0,0.11 | 0.11 | 0.11,0,2.12 | 3.16 | 3.98,0,1.01 | 1.27 | 1.89,0.950,0.000,0,1,0,0,0,0,-1,0,0,0,,0,,0,,0,0,0,1
1723494852,772,4,4,8,8,10.94,0,0,0.11 | 0.11 | 0.11,0,2.12 | 3.16 | 3.98,0,1.01 | 1.27 | 1.89,0.950,0.000,0,1,0,0,0,0,-1,0,0,0,,0,,0,,0,0,0,1
1723494852,772,4,4,8,8,10.94,0,0,0.11 | 0.11 | 0.11,0,2.12 | 3.16 | 3.98,0,1.01 | 1.27 | 1.89,0.950,0.000,0,1,0,0,0,0,-1,0,0,0,,0,,0,,0,0,0,1
1723494852,772,4,4,8,8,10.94,0,0,0.11 | 0.11 | 0.11,0,2.12 | 3.16 | 3.98,0,1.01 | 1.27 | 1.89,0.950,0.000,0,1,0,0,0,0,-1,0,0,0,,0,,0,,0,0,0,1
1723494852,772,4,4,8,8,10.94,0,0,0.11 | 0.11 | 0.11,0,2.12 | 3.16 | 3.98,0,1.01 | 1.27 | 1.89,0.950,0.000,0,1,0,0,0,0,-1,0,0,0,,0,,0,,0,0,0,1
1723494852,772,4,4,8,8,10.94,0,0,0.11 | 0.11 | 0.11,0,2.12 | 3.16 | 3.98,0,1.01 | 1.27 | 1.89,0.950,0.000,0,1,0,0,0,0,-1,0,0,0,,0,,0,,0,0,0,1
1723494852,772,4,4,8,8,10.94,0,0,0.11 | 0.11 | 0.11,0,2.12 | 3.16 | 3.98,0,1.01 | 1.27 | 1.89,0.950,0.000,0,1,0,0,0,0,-1,0,0,0,,0,,0,,0,0,0,1
1723494852,772,4,4,8,8,10.94,0,0,0.11 | 0.11 | 0.11,0,2.12 | 3.16 | 3.98,0,1.01 | 1.27 | 1.89,0.950,0.000,0,1,0,0,0,0,-1,0,0,0,,0,,0,,0,0,0,1
1723494852,772,4,4,8,8,10.94,0,0,0.11 | 0.11 | 0.11,0,2.12 | 3.16 | 3.98,0,1.01 | 1.27 | 1.89,0.950,0.000,0,1,0,0,0,0,-1,0,0,0,,0,,0,,0,0,0,1
1723494852,772,4,4,8,8,10.94,0,0,0.11 | 0.11 | 0.11,0,2.12 | 3.16 | 3.98,0,1.01 | 1.27 | 1.89,0.950,0.000,0,1,0,0,0,0,-1,0,0,0,,0,,0,,0,0,0,1
1723494853,772,4,4,8,8,9.877,0,0,0.11 | 0.11 | 0.11,0,2.12 | 3.16 | 3.98,0,1.01 | 1.27 | 1.89,0.950,0.000,0,1,0,0,0,0,-1,0,0,0,,0,,0,,0,0,0,1
1723494853,772,4,4,8,8,9.877,0,0,0.11 | 0.11 | 0.11,0,2.12 | 3.16 | 3.98,0,1.01 | 1.27 | 1.89,0.950,0.000,0,1,0,0,0,0,-1,0,0,0,,0,,0,,0,0,0,1
1723494853,772,4,4,8,8,9.877,0,0,0.11 | 0.11 | 0.11,0,2.12 | 3.16 | 3.98,0,1.01 | 1.27 | 1.89,0.950,0.000,0,1,0,0,0,0,-1,0,0,0,,0,,0,,0,0,0,1
1723494853,772,4,4,8,8,9.877,0,0,0.11 | 0.11 | 0.11,0,2.12 | 3.16 | 3.98,0,1.01 | 1.27 | 1.89,0.950,0.000,0,1,0,0,0,0,-1,0,0,0,,0,,0,,0,0,0,1
1723494853,772,4,4,8,8,9.877,0,0,0.11 | 0.11 | 0.11,0,2.12 | 3.16 | 3.98,0,1.01 | 1.27 | 1.89,0.950,0.000,0,1,0,0,0,0,-1,0,0,0,,0,,0,,0,0,0,1
1723494853,772,4,4,8,8,9.877,0,0,0.11 | 0.11 | 0.11,0,2.12 | 3.16 | 3.98,0,1.01 | 1.27 | 1.89,0.950,0.000,0,1,0,0,0,0,-1,0,0,0,,0,,0,,0,0,0,1
1723494853,772,4,4,8,8,9.877,0,0,0.11 | 0.11 | 0.11,0,2.12 | 3.16 | 3.98,0,1.01 | 1.27 | 1.89,0.950,0.000,0,1,0,0,0,0,-1,0,0,0,,0,,0,,0,0,0,1
1723494853,772,4,4,8,8,9.877,0,0,0.11 | 0.11 | 0.11,0,2.12 | 3.16 | 3.98,0,1.01 | 1.27 | 1.89,0.950,0.000,0,1,0,0,0,0,-1,0,0,0,,0,,0,,0,0,0,1
1723494853,772,4,4,8,8,9.877,0,0,0.11 | 0.11 | 0.11,0,2.12 | 3.16 | 3.98,0,1.01 | 1.27 | 1.89,0.950,0.000,0,1,0,0,0,0,-1,0,0,0,,0,,0,,0,0,0,1
1723494853,772,4,4,8,8,9.877,0,0,0.11 | 0.11 | 0.11,0,2.12 | 3.16 | 3.98,0,1.01 | 1.27 | 1.89,0.950,0.000,0,1,0,0,0,0,-1,0,0,0,,0,,0,,0,0,0,1
1723494854,772,4,4,8,8,8.815,0,0,0.11 | 0.11 | 0.11,0,2.12 | 3.16 | 3.98,0,1.01 | 1.27 | 1.89,0.950,0.000,0,1,0,0,0,0,-1,0,0,0,,0,,0,,0,0,0,1
1723494854,772,4,4,8,8,8.815,0,0,0.11 | 0.11 | 0.11,0,2.12 | 3.16 | 3.98,0,1.01 | 1.27 | 1.89,0.950,0.000,0,1,0,0,0,0,-1,0,0,0,,0,,0,,0,0,0,1
1723494854,772,4,4,8,8,8.815,0,0,0.11 | 0.11 | 0.11,0,2.12 | 3.16 | 3.98,0,1.01 | 1.27 | 1.89,0.950,0.000,0,1,0,0,0,0,-1,0,0,0,,0,,0,,0,0,0,1
1723494854,772,4,4,8,8,8.815,0,0,0.11 | 0.11 | 0.11,0,2.12 | 3.16 | 3.98,0,1.01 | 1.27 | 1.89,0.950,0.000,0,1,0,0,0,0,-1,0,0,0,,0,,0,,0,0,0,1
1723494854,772,4,4,8,8,8.815,0,0,0.11 | 0.11 | 0.11,0,2.12 | 3.16 | 3.98,0,1.01 | 1.27 | 1.89,0.950,0.000,0,1,0,0,0,0,-1,0,0,0,,0,,0,,0,0,0,1
1723494854,772,4,4,8,8,8.815,0,0,0.11 | 0.11 | 0.11,0,2.12 | 3.16 | 3.98,0,1.01 | 1.27 | 1.89,0.950,0.000,0,1,0,0,0,0,-1,0,0,0,,0,,0,,0,0,0,1
1723494854,772,4,4,8,8,8.815,0,0,0.11 | 0.11 | 0.11,0,2.12 | 3.16 | 3.98,0,1.01 | 1.27 | 1.89,0.950,0.000,0,1,0,0,0,0,-1,0,0,0,,0,,0,,0,0,0,1
1723494854,772,4,4,8,8,8.815,0,0,0.11 | 0.11 | 0.11,0,2.12 | 3.16 | 3.98,0,1.01 | 1.27 | 1.89,0.950,0.000,0,1,0,0,0,0,-1,0,0,0,,0,,0,,0,0,0,1
1723494854,772,4,4,8,8,8.815,0,0,0.11 | 0.11 | 0.11,0,2.12 | 3.16 | 3.98,0,1.01 | 1.27 | 1.89,0.950,0.000,0,1,0,0,0,0,-1,0,0,0,,0,,0,,0,0,0,1
1723494854,772,4,4,8,8,8.815,0,0,0.11 | 0.11 | 0.11,0,2.12 | 3.16 | 3.98,0,1.01 | 1.27 | 1.89,0.950,0.000,0,1,0,0,0,0,-1,0,0,0,,0,,0,,0,0,0,1
1723494855,772,4,4,8,8,11.218,0,0,0.11 | 0.11 | 0.11,0,2.12 | 3.12 | 3.98,0,1.01 | 1.28 | 1.89,0.951,0.000,0,1,0,0,0,0,-1,0,0,0,,0,,0,,0,0,0,1
1723494855,772,4,4,8,8,11.218,0,0,0.11 | 0.11 | 0.11,0,2.12 | 3.12 | 3.98,0,1.01 | 1.28 | 1.89,0.951,0.000,0,1,0,0,0,0,-1,0,0,0,,0,,0,,0,0,0,1
1723494855,772,4,4,8,8,11.218,0,0,0.11 | 0.11 | 0.11,0,2.12 | 3.12 | 3.98,0,1.01 | 1.28 | 1.89,0.951,0.000,0,1,0,0,0,0,-1,0,0,0,,0,,0,,0,0,0,1
1723494855,772,4,4,8,8,11.218,0,0,0.11 | 0.11 | 0.11,0,2.12 | 3.12 | 3.98,0,1.01 | 1.28 | 1.89,0.951,0.000,0,1,0,0,0,0,-1,0,0,0,,0,,0,,0,0,0,1
1723494855,772,4,4,8,8,11.218,0,0,0.11 | 0.11 | 0.11,0,2.12 | 3.12 | 3.98,0,1.01 | 1.28 | 1.89,0.951,0.000,0,1,0,0,0,0,-1,0,0,0,,0,,0,,0,0,0,1
1723494855,772,4,4,8,8,11.218,0,0,0.11 | 0.11 | 0.11,0,2.12 | 3.12 | 3.98,0,1.01 | 1.28 | 1.89,0.951,0.000,0,1,0,0,0,0,-1,0,0,0,,0,,0,,0,0,0,1
1723494855,772,4,4,8,8,11.218,0,0,0.11 | 0.11 | 0.11,0,2.12 | 3.12 | 3.98,0,1.01 | 1.28 | 1.89,0.951,0.000,0,1,0,0,0,0,-1,0,0,0,,0,,0,,0,0,0,1
1723494855,772,4,4,8,8,11.218,0,0,0.11 | 0.11 | 0.11,0,2.12 | 3.12 | 3.98,0,1.01 | 1.28 | 1.89,0.951,0.000,0,1,0,0,0,0,-1,0,0,0,,0,,0,,0,0,0,1
1723494855,772,4,4,8,8,11.218,0,0,0.11 | 0.11 | 0.11,0,2.12 | 3.12 | 3.98,0,1.01 | 1.28 | 1.89,0.951,0.000,0,1,0,0,0,0,-1,0,0,0,,0,,0,,0,0,0,1
1723494855,772,4,4,8,8,11.218,0,0,0.11 | 0.11 | 0.11,0,2.12 | 3.12 | 3.98,0,1.01 | 1.28 | 1.89,0.951,0.000,0,1,0,0,0,0,-1,0,0,0,,0,,0,,0,0,0,1
1723494856,772,4,4,8,8,10.155,0,0,0.11 | 0.11 | 0.11,0,2.12 | 3.12 | 3.98,0,1.01 | 1.28 | 1.89,0.951,0.000,0,1,0,0,0,0,-1,0,0,0,,0,,0,,0,0,0,1
1723494856,772,4,4,8,8,10.155,0,0,0.11 | 0.11 | 0.11,0,2.12 | 3.12 | 3.98,0,1.01 | 1.28 | 1.89,0.951,0.000,0,1,0,0,0,0,-1,0,0,0,,0,,0,,0,0,0,1
1723494856,772,4,4,8,8,10.155,0,0,0.11 | 0.11 | 0.11,0,2.12 | 3.12 | 3.98,0,1.01 | 1.28 | 1.89,0.951,0.000,0,1,0,0,0,0,-1,0,0,0,,0,,0,,0,0,0,1
1723494856,772,4,4,8,8,10.155,0,0,0.11 | 0.11 | 0.11,0,2.12 | 3.12 | 3.98,0,1.01 | 1.28 | 1.89,0.951,0.000,0,1,0,0,0,0,-1,0,0,0,,0,,0,,0,0,0,1
1723494856,772,4,4,8,8,10.155,0,0,0.11 | 0.11 | 0.11,0,2.12 | 3.12 | 3.98,0,1.01 | 1.28 | 1.89,0.951,0.000,0,1,0,0,0,0,-1,0,0,0,,0,,0,,0,0,0,1
1723494856,772,4,4,8,8,10.155,0,0,0.11 | 0.11 | 0.11,0,2.12 | 3.12 | 3.98,0,1.01 | 1.28 | 1.89,0.951,0.000,0,1,0,0,0,0,-1,0,0,0,,0,,0,,0,0,0,1
1723494856,772,4,4,8,8,10.155,0,0,0.11 | 0.11 | 0.11,0,2.12 | 3.12 | 3.98,0,1.01 | 1.28 | 1.89,0.951,0.000,0,1,0,0,0,0,-1,0,0,0,,0,,0,,0,0,0,1
1723494856,772,4,4,8,8,10.155,0,0,0.11 | 0.11 | 0.11,0,2.12 | 3.12 | 3.98,0,1.01 | 1.28 | 1.89,0.951,0.000,0,1,0,0,0,0,-1,0,0,0,,0,,0,,0,0,0,1
1723494856,772,4,4,8,8,10.155,0,0,0.11 | 0.11 | 0.11,0,2.12 | 3.12 | 3.98,0,1.01 | 1.28 | 1.89,0.951,0.000,0,1,0,0,0,0,-1,0,0,0,,0,,0,,0,0,0,1
1723494856,772,4,4,8,8,10.155,0,0,0.11 | 0.11 | 0.11,0,2.12 | 3.12 | 3.98,0,1.01 | 1.28 | 1.89,0.951,0.000,0,1,0,0,0,0,-1,0,0,0,,0,,0,,0,0,0,1
1723494857,772,4,4,8,8,9.093,0,0,0.11 | 0.11 | 0.11,0,2.12 | 3.12 | 3.98,0,1.01 | 1.28 | 1.89,0.951,0.000,0,1,0,0,0,0,-1,0,0,0,,0,,0,,0,0,0,1
1723494857,772,4,4,8,8,9.093,0,0,0.11 | 0.11 | 0.11,0,2.12 | 3.12 | 3.98,0,1.01 | 1.28 | 1.89,0.951,0.000,0,1,0,0,0,0,-1,0,0,0,,0,,0,,0,0,0,1
1723494857,772,4,4,8,8,9.093,0,0,0.11 | 0.11 | 0.11,0,2.12 | 3.12 | 3.98,0,1.01 | 1.28 | 1.89,0.951,0.000,0,1,0,0,0,0,-1,0,0,0,,0,,0,,0,0,0,1
1723494857,772,4,4,8,8,9.093,0,0,0.11 | 0.11 | 0.11,0,2.12 | 3.12 | 3.98,0,1.01 | 1.28 | 1.89,0.951,0.000,0,1,0,0,0,0,-1,0,0,0,,0,,0,,0,0,0,1
1723494857,772,4,4,8,8,9.093,0,0,0.11 | 0.11 | 0.11,0,2.12 | 3.12 | 3.98,0,1.01 | 1.28 | 1.89,0.951,0.000,0,1,0,0,0,0,-1,0,0,0,,0,,0,,0,0,0,1
1723494857,772,4,4,8,8,9.093,0,0,0.11 | 0.11 | 0.11,0,2.12 | 3.12 | 3.98,0,1.01 | 1.28 | 1.89,0.951,0.000,0,1,0,0,0,0,-1,0,0,0,,0,,0,,0,0,0,1
1723494857,772,4,4,8,8,9.093,0,0,0.11 | 0.11 | 0.11,0,2.12 | 3.12 | 3.98,0,1.01 | 1.28 | 1.89,0.951,0.000,0,1,0,0,0,0,-1,0,0,0,,0,,0,,0,0,0,1
1723494857,772,4,4,8,8,9.093,0,0,0.11 | 0.11 | 0.11,0,2.12 | 3.12 | 3.98,0,1.01 | 1.28 | 1.89,0.951,0.000,0,1,0,0,0,0,-1,0,0,0,,0,,0,,0,0,0,1
1723494857,772,4,4,8,8,9.093,0,0,0.11 | 0.11 | 0.11,0,2.12 | 3.12 | 3.98,0,1.01 | 1.28 | 1.89,0.951,0.000,0,1,0,0,0,0,-1,0,0,0,,0,,0,,0,0,0,1
1723494857,772,4,4,8,8,9.093,0,0,0.11 | 0.11 | 0.11,0,2.12 | 3.12 | 3.98,0,1.01 | 1.28 | 1.89,0.951,0.000,0,1,0,0,0,0,-1,0,0,0,,0,,0,,0,0,0,1
1723494858,772,4,4,8,8,8.03,0,0,0.11 | 0.11 | 0.11,0,2.12 | 3.12 | 3.98,0,1.01 | 1.28 | 1.89,0.951,0.000,0,1,0,0,0,0,-1,0,0,0,,0,,0,,0,0,0,1
1723494858,772,4,4,8,8,8.03,0,0,0.11 | 0.11 | 0.11,0,2.12 | 3.12 | 3.98,0,1.01 | 1.28 | 1.89,0.951,0.000,0,1,0,0,0,0,-1,0,0,0,,0,,0,,0,0,0,1
1723494858,772,4,4,8,8,8.03,0,0,0.11 | 0.11 | 0.11,0,2.12 | 3.12 | 3.98,0,1.01 | 1.28 | 1.89,0.951,0.000,0,1,0,0,0,0,-1,0,0,0,,0,,0,,0,0,0,1
1723494858,772,4,4,8,8,8.03,0,0,0.11 | 0.11 | 0.11,0,2.12 | 3.12 | 3.98,0,1.01 | 1.28 | 1.89,0.951,0.000,0,1,0,0,0,0,-1,0,0,0,,0,,0,,0,0,0,1
1723494858,772,4,4,8,8,8.03,0,0,0.11 | 0.11 | 0.11,0,2.12 | 3.12 | 3.98,0,1.01 | 1.28 | 1.89,0.951,0.000,0,1,0,0,0,0,-1,0,0,0,,0,,0,,0,0,0,1
1723494858,772,4,4,8,8,8.03,0,0,0.11 | 0.11 | 0.11,0,2.12 | 3.12 | 3.98,0,1.01 | 1.28 | 1.89,0.951,0.000,0,1,0,0,0,0,-1,0,0,0,,0,,0,,0,0,0,1
1723494858,772,4,4,8,8,8.03,0,0,0.11 | 0.11 | 0.11,0,2.12 | 3.12 | 3.98,0,1.01 | 1.28 | 1.89,0.951,0.000,0,1,0,0,0,0,-1,0,0,0,,0,,0,,0,0,0,1
1723494858,772,4,4,8,8,8.03,0,0,0.11 | 0.11 | 0.11,0,2.12 | 3.12 | 3.98,0,1.01 | 1.28 | 1.89,0.951,0.000,0,1,0,0,0,0,-1,0,0,0,,0,,0,,0,0,0,1
1723494858,772,4,4,8,8,8.03,0,0,0.11 | 0.11 | 0.11,0,2.12 | 3.12 | 3.98,0,1.01 | 1.28 | 1.89,0.951,0.000,0,1,0,0,0,0,-1,0,0,0,,0,,0,,0,0,0,1
1723494858,772,4,4,8,8,8.03,0,0,0.11 | 0.11 | 0.11,0,2.12 | 3.12 | 3.98,0,1.01 | 1.28 | 1.89,0.951,0.000,0,1,0,0,0,0,-1,0,0,0,,0,,0,,0,0,0,1
1723494859,772,4,4,8,8,12.033,0,0,0.10 | 0.11 | 0.11,0,2.12 | 3.07 | 3.81,0,1.05 | 1.30 | 1.89,0.951,0.000,0,1,0,0,0,0,-1,0,0,0,,0,,0,,0,0,0,1
1723494859,772,4,4,8,8,12.033,0,0,0.10 | 0.11 | 0.11,0,2.12 | 3.07 | 3.81,0,1.05 | 1.30 | 1.89,0.951,0.000,0,1,0,0,0,0,-1,0,0,0,,0,,0,,0,0,0,1
1723494859,772,4,4,8,8,12.033,0,0,0.10 | 0.11 | 0.11,0,2.12 | 3.07 | 3.81,0,1.05 | 1.30 | 1.89,0.951,0.000,0,1,0,0,0,0,-1,0,0,0,,0,,0,,0,0,0,1
1723494859,772,4,4,8,8,12.033,0,0,0.10 | 0.11 | 0.11,0,2.12 | 3.07 | 3.81,0,1.05 | 1.30 | 1.89,0.951,0.000,0,1,0,0,0,0,-1,0,0,0,,0,,0,,0,0,0,1
1723494859,772,4,4,8,8,12.033,0,0,0.10 | 0.11 | 0.11,0,2.12 | 3.07 | 3.81,0,1.05 | 1.30 | 1.89,0.951,0.000,0,1,0,0,0,0,-1,0,0,0,,0,,0,,0,0,0,1
1723494859,772,4,4,8,8,12.033,0,0,0.10 | 0.11 | 0.11,0,2.12 | 3.07 | 3.81,0,1.05 | 1.30 | 1.89,0.951,0.000,0,1,0,0,0,0,-1,0,0,0,,0,,0,,0,0,0,1
1723494859,772,4,4,8,8,12.033,0,0,0.10 | 0.11 | 0.11,0,2.12 | 3.07 | 3.81,0,1.05 | 1.30 | 1.89,0.951,0.000,0,1,0,0,0,0,-1,0,0,0,,0,,0,,0,0,0,1
1723494859,772,4,4,8,8,12.033,0,0,0.10 | 0.11 | 0.11,0,2.12 | 3.07 | 3.81,0,1.05 | 1.30 | 1.89,0.951,0.000,0,1,0,0,0,0,-1,0,0,0,,0,,0,,0,0,0,1
1723494859,772,4,4,8,8,12.033,0,0,0.10 | 0.11 | 0.11,0,2.12 | 3.07 | 3.81,0,1.05 | 1.30 | 1.89,0.951,0.000,0,1,0,0,0,0,-1,0,0,0,,0,,0,,0,0,0,1
1723494859,772,4,4,8,8,12.033,0,0,0.10 | 0.11 | 0.11,0,2.12 | 3.07 | 3.81,0,1.05 | 1.30 | 1.89,0.951,0.000,0,1,0,0,0,0,-1,0,0,0,,0,,0,,0,0,0,1
1723494860,772,4,4,8,8,10.783,0,0,0.10 | 0.11 | 0.11,0,2.12 | 3.07 | 3.81,0,1.05 | 1.30 | 1.89,0.951,0.000,0,1,0,0,0,0,-1,0,0,0,,0,,0,,0,0,0,1
1723494860,772,4,4,8,8,10.783,0,0,0.10 | 0.11 | 0.11,0,2.12 | 3.07 | 3.81,0,1.05 | 1.30 | 1.89,0.951,0.000,0,1,0,0,0,0,-1,0,0,0,,0,,0,,0,0,0,1
1723494860,772,4,4,8,8,10.783,0,0,0.10 | 0.11 | 0.11,0,2.12 | 3.07 | 3.81,0,1.05 | 1.30 | 1.89,0.951,0.000,0,1,0,0,0,0,-1,0,0,0,,0,,0,,0,0,0,1
1723494860,772,4,4,8,8,10.783,0,0,0.10 | 0.11 | 0.11,0,2.12 | 3.07 | 3.81,0,1.05 | 1.30 | 1.89,0.951,0.000,0,1,0,0,0,0,-1,0,0,0,,0,,0,,0,0,0,1
1723494860,772,4,4,8,8,10.783,0,0,0.10 | 0.11 | 0.11,0,2.12 | 3.07 | 3.81,0,1.05 | 1.30 | 1.89,0.951,0.000,0,1,0,0,0,0,-1,0,0,0,,0,,0,,0,0,0,1
1723494860,772,4,4,8,8,10.783,0,0,0.10 | 0.11 | 0.11,0,2.12 | 3.07 | 3.81,0,1.05 | 1.30 | 1.89,0.951,0.000,0,1,0,0,0,0,-1,0,0,0,,0,,0,,0,0,0,1
1723494860,772,4,4,8,8,10.783,0,0,0.10 | 0.11 | 0.11,0,2.12 | 3.07 | 3.81,0,1.05 | 1.30 | 1.89,0.951,0.000,0,1,0,0,0,0,-1,0,0,0,,0,,0,,0,0,0,1
1723494860,772,4,4,8,8,10.783,0,0,0.10 | 0.11 | 0.11,0,2.12 | 3.07 | 3.81,0,1.05 | 1.30 | 1.89,0.951,0.000,0,1,0,0,0,0,-1,0,0,0,,0,,0,,0,0,0,1
1723494860,772,4,4,8,8,10.783,0,0,0.10 | 0.11 | 0.11,0,2.12 | 3.07 | 3.81,0,1.05 | 1.30 | 1.89,0.951,0.000,0,1,0,0,0,0,-1,0,0,0,,0,,0,,0,0,0,1
1723494860,772,4,4,8,8,10.783,0,0,0.10 | 0.11 | 0.11,0,2.12 | 3.07 | 3.81,0,1.05 | 1.30 | 1.89,0.951,0.000,0,1,0,0,0,0,-1,0,0,0,,0,,0,,0,0,0,1
1723494861,772,4,4,8,8,9.908,0,0,0.10 | 0.11 | 0.11,0,2.12 | 3.07 | 3.81,0,1.05 | 1.30 | 1.89,0.951,0.000,0,1,0,0,0,0,-1,0,0,0,,0,,0,,0,0,0,1
1723494861,772,4,4,8,8,9.908,0,0,0.10 | 0.11 | 0.11,0,2.12 | 3.07 | 3.81,0,1.05 | 1.30 | 1.89,0.951,0.000,0,1,0,0,0,0,-1,0,0,0,,0,,0,,0,0,0,1
1723494861,772,4,4,8,8,9.908,0,0,0.10 | 0.11 | 0.11,0,2.12 | 3.07 | 3.81,0,1.05 | 1.30 | 1.89,0.951,0.000,0,1,0,0,0,0,-1,0,0,0,,0,,0,,0,0,0,1
1723494861,772,4,4,8,8,9.908,0,0,0.10 | 0.11 | 0.11,0,2.12 | 3.07 | 3.81,0,1.05 | 1.30 | 1.89,0.951,0.000,0,1,0,0,0,0,-1,0,0,0,,0,,0,,0,0,0,1
1723494861,772,4,4,8,8,9.908,0,0,0.10 | 0.11 | 0.11,0,2.12 | 3.07 | 3.81,0,1.05 | 1.30 | 1.89,0.951,0.000,0,1,0,0,0,0,-1,0,0,0,,0,,0,,0,0,0,1
1723494861,772,4,4,8,8,9.908,0,0,0.10 | 0.11 | 0.11,0,2.12 | 3.07 | 3.81,0,1.05 | 1.30 | 1.89,0.951,0.000,0,1,0,0,0,0,-1,0,0,0,,0,,0,,0,0,0,1
1723494861,772,4,4,8,8,9.908,0,0,0.10 | 0.11 | 0.11,0,2.12 | 3.07 | 3.81,0,1.05 | 1.30 | 1.89,0.951,0.000,0,1,0,0,0,0,-1,0,0,0,,0,,0,,0,0,0,1
1723494861,772,4,4,8,8,9.908,0,0,0.10 | 0.11 | 0.11,0,2.12 | 3.07 | 3.81,0,1.05 | 1.30 | 1.89,0.951,0.000,0,1,0,0,0,0,-1,0,0,0,,0,,0,,0,0,0,1
1723494861,772,4,4,8,8,9.908,0,0,0.10 | 0.11 | 0.11,0,2.12 | 3.07 | 3.81,0,1.05 | 1.30 | 1.89,0.951,0.000,0,1,0,0,0,0,-1,0,0,0,,0,,0,,0,0,0,1
1723494861,772,4,4,8,8,9.908,0,0,0.10 | 0.11 | 0.11,0,2.12 | 3.07 | 3.81,0,1.05 | 1.30 | 1.89,0.951,0.000,0,1,0,0,0,0,-1,0,0,0,,0,,0,,0,0,0,1
1723494862,772,4,4,8,8,12.046,0,0,0.10 | 0.11 | 0.11,0,2.57 | 3.20 | 3.81,0,1.05 | 1.25 | 1.55,0.951,0.000,0,1,0,0,0,0,-1,0,0,0,,0,,0,,0,0,0,1
1723494862,772,4,4,8,8,12.046,0,0,0.10 | 0.11 | 0.11,0,2.57 | 3.20 | 3.81,0,1.05 | 1.25 | 1.55,0.951,0.000,0,1,0,0,0,0,-1,0,0,0,,0,,0,,0,0,0,1
1723494862,772,4,4,8,8,12.046,0,0,0.10 | 0.11 | 0.11,0,2.57 | 3.20 | 3.81,0,1.05 | 1.25 | 1.55,0.951,0.000,0,1,0,0,0,0,-1,0,0,0,,0,,0,,0,0,0,1
1723494862,772,4,4,8,8,12.046,0,0,0.10 | 0.11 | 0.11,0,2.57 | 3.20 | 3.81,0,1.05 | 1.25 | 1.55,0.951,0.000,0,1,0,0,0,0,-1,0,0,0,,0,,0,,0,0,0,1
1723494862,772,4,4,8,8,12.046,0,0,0.10 | 0.11 | 0.11,0,2.57 | 3.20 | 3.81,0,1.05 | 1.25 | 1.55,0.951,0.000,0,1,0,0,0,0,-1,0,0,0,,0,,0,,0,0,0,1
1723494862,772,4,4,8,8,12.046,0,0,0.10 | 0.11 | 0.11,0,2.57 | 3.20 | 3.81,0,1.05 | 1.25 | 1.55,0.951,0.000,0,1,0,0,0,0,-1,0,0,0,,0,,0,,0,0,0,1
1723494862,772,4,4,8,8,12.046,0,0,0.10 | 0.11 | 0.11,0,2.57 | 3.20 | 3.81,0,1.05 | 1.25 | 1.55,0.951,0.000,0,1,0,0,0,0,-1,0,0,0,,0,,0,,0,0,0,1
1723494862,772,4,4,8,8,12.046,0,0,0.10 | 0.11 | 0.11,0,2.57 | 3.20 | 3.81,0,1.05 | 1.25 | 1.55,0.951,0.000,0,1,0,0,0,0,-1,0,0,0,,0,,0,,0,0,0,1
1723494862,772,4,4,8,8,12.046,0,0,0.10 | 0.11 | 0.11,0,2.57 | 3.20 | 3.81,0,1.05 | 1.25 | 1.55,0.951,0.000,0,1,0,0,0,0,-1,0,0,0,,0,,0,,0,0,0,1
1723494862,772,4,4,8,8,12.046,0,0,0.10 | 0.11 | 0.11,0,2.57 | 3.20 | 3.81,0,1.05 | 1.25 | 1.55,0.951,0.000,0,1,0,0,0,0,-1,0,0,0,,0,,0,,0,0,0,1
1723494863,772,4,4,8,8,10.983,0,0,0.10 | 0.11 | 0.11,0,2.57 | 3.20 | 3.81,0,1.05 | 1.25 | 1.55,0.951,0.000,0,1,0,0,0,0,-1,0,0,0,,0,,0,,0,0,0,1
1723494863,772,4,4,8,8,10.983,0,0,0.10 | 0.11 | 0.11,0,2.57 | 3.20 | 3.81,0,1.05 | 1.25 | 1.55,0.951,0.000,0,1,0,0,0,0,-1,0,0,0,,0,,0,,0,0,0,1
1723494863,772,4,4,8,8,10.983,0,0,0.10 | 0.11 | 0.11,0,2.57 | 3.20 | 3.81,0,1.05 | 1.25 | 1.55,0.951,0.000,0,1,0,0,0,0,-1,0,0,0,,0,,0,,0,0,0,1
1723494863,772,4,4,8,8,10.983,0,0,0.10 | 0.11 | 0.11,0,2.57 | 3.20 | 3.81,0,1.05 | 1.25 | 1.55,0.951,0.000,0,1,0,0,0,0,-1,0,0,0,,0,,0,,0,0,0,1
1723494863,772,4,4,8,8,10.983,0,0,0.10 | 0.11 | 0.11,0,2.57 | 3.20 | 3.81,0,1.05 | 1.25 | 1.55,0.951,0.000,0,1,0,0,0,0,-1,0,0,0,,0,,0,,0,0,0,1
1723494863,772,4,4,8,8,10.983,0,0,0.10 | 0.11 | 0.11,0,2.57 | 3.20 | 3.81,0,1.05 | 1.25 | 1.55,0.951,0.000,0,1,0,0,0,0,-1,0,0,0,,0,,0,,0,0,0,1
1723494863,772,4,4,8,8,10.983,0,0,0.10 | 0.11 | 0.11,0,2.57 | 3.20 | 3.81,0,1.05 | 1.25 | 1.55,0.951,0.000,0,1,0,0,0,0,-1,0,0,0,,0,,0,,0,0,0,1
1723494863,772,4,4,8,8,10.983,0,0,0.10 | 0.11 | 0.11,0,2.57 | 3.20 | 3.81,0,1.05 | 1.25 | 1.55,0.951,0.000,0,1,0,0,0,0,-1,0,0,0,,0,,0,,0,0,0,1
1723494863,772,4,4,8,8,10.983,0,0,0.10 | 0.11 | 0.11,0,2.57 | 3.20 | 3.81,0,1.05 | 1.25 | 1.55,0.951,0.000,0,1,0,0,0,0,-1,0,0,0,,0,,0,,0,0,0,1
1723494863,772,4,4,8,8,10.983,0,0,0.10 | 0.11 | 0.11,0,2.57 | 3.20 | 3.81,0,1.05 | 1.25 | 1.55,0.951,0.000,0,1,0,0,0,0,-1,0,0,0,,0,,0,,0,0,0,1
1723494864,772,4,4,8,8,10.187,0,0,0.10 | 0.11 | 0.11,0,2.57 | 3.20 | 3.81,0,1.05 | 1.25 | 1.55,0.951,0.000,0,1,0,0,0,0,-1,0,0,0,,0,,0,,0,0,0,1
1723494864,772,4,4,8,8,10.187,0,0,0.10 | 0.11 | 0.11,0,2.57 | 3.20 | 3.81,0,1.05 | 1.25 | 1.55,0.951,0.000,0,1,0,0,0,0,-1,0,0,0,,0,,0,,0,0,0,1
1723494864,772,4,4,8,8,10.187,0,0,0.10 | 0.11 | 0.11,0,2.57 | 3.20 | 3.81,0,1.05 | 1.25 | 1.55,0.951,0.000,0,1,0,0,0,0,-1,0,0,0,,0,,0,,0,0,0,1
1723494864,772,4,4,8,8,10.187,0,0,0.10 | 0.11 | 0.11,0,2.57 | 3.20 | 3.81,0,1.05 | 1.25 | 1.55,0.951,0.000,0,1,0,0,0,0,-1,0,0,0,,0,,0,,0,0,0,1
1723494864,772,4,4,8,8,10.187,0,0,0.10 | 0.11 | 0.11,0,2.57 | 3.20 | 3.81,0,1.05 | 1.25 | 1.55,0.951,0.000,0,1,0,0,0,0,-1,0,0,0,,0,,0,,0,0,0,1
1723494864,772,4,4,8,8,10.187,0,0,0.10 | 0.11 | 0.11,0,2.57 | 3.20 | 3.81,0,1.05 | 1.25 | 1.55,0.951,0.000,0,1,0,0,0,0,-1,0,0,0,,0,,0,,0,0,0,1
1723494864,772,4,4,8,8,10.187,0,0,0.10 | 0.11 | 0.11,0,2.57 | 3.20 | 3.81,0,1.05 | 1.25 | 1.55,0.951,0.000,0,1,0,0,0,0,-1,0,0,0,,0,,0,,0,0,0,1
1723494864,772,4,4,8,8,10.187,0,0,0.10 | 0.11 | 0.11,0,2.57 | 3.20 | 3.81,0,1.05 | 1.25 | 1.55,0.951,0.000,0,1,0,0,0,0,-1,0,0,0,,0,,0,,0,0,0,1
1723494864,772,4,4,8,8,10.187,0,0,0.10 | 0.11 | 0.11,0,2.57 | 3.20 | 3.81,0,1.05 | 1.25 | 1.55,0.951,0.000,0,1,0,0,0,0,-1,0,0,0,,0,,0,,0,0,0,1
1723494864,772,4,4,8,8,10.187,0,0,0.10 | 0.11 | 0.11,0,2.57 | 3.20 | 3.81,0,1.05 | 1.25 | 1.55,0.951,0.000,0,1,0,0,0,0,-1,0,0,0,,0,,0,,0,0,0,1
1723494865,772,4,4,8,8,9.124,0,0,0.10 | 0.11 | 0.11,0,2.57 | 3.20 | 3.81,0,1.05 | 1.25 | 1.55,0.951,0.000,0,1,0,0,0,0,-1,0,0,0,,0,,0,,0,0,0,1
1723494865,772,4,4,8,8,9.124,0,0,0.10 | 0.11 | 0.11,0,2.57 | 3.20 | 3.81,0,1.05 | 1.25 | 1.55,0.951,0.000,0,1,0,0,0,0,-1,0,0,0,,0,,0,,0,0,0,1
1723494865,772,4,4,8,8,9.124,0,0,0.10 | 0.11 | 0.11,0,2.57 | 3.20 | 3.81,0,1.05 | 1.25 | 1.55,0.951,0.000,0,1,0,0,0,0,-1,0,0,0,,0,,0,,0,0,0,1
1723494865,772,4,4,8,8,9.124,0,0,0.10 | 0.11 | 0.11,0,2.57 | 3.20 | 3.81,0,1.05 | 1.25 | 1.55,0.951,0.000,0,1,0,0,0,0,-1,0,0,0,,0,,0,,0,0,0,1
1723494865,772,4,4,8,8,9.124,0,0,0.10 | 0.11 | 0.11,0,2.57 | 3.20 | 3.81,0,1.05 | 1.25 | 1.55,0.951,0.000,0,1,0,0,0,0,-1,0,0,0,,0,,0,,0,0,0,1
1723494865,772,4,4,8,8,9.124,0,0,0.10 | 0.11 | 0.11,0,2.57 | 3.20 | 3.81,0,1.05 | 1.25 | 1.55,0.951,0.000,0,1,0,0,0,0,-1,0,0,0,,0,,0,,0,0,0,1
1723494865,772,4,4,8,8,9.124,0,0,0.10 | 0.11 | 0.11,0,2.57 | 3.20 | 3.81,0,1.05 | 1.25 | 1.55,0.951,0.000,0,1,0,0,0,0,-1,0,0,0,,0,,0,,0,0,0,1
1723494865,772,4,4,8,8,9.124,0,0,0.10 | 0.11 | 0.11,0,2.57 | 3.20 | 3.81,0,1.05 | 1.25 | 1.55,0.951,0.000,0,1,0,0,0,0,-1,0,0,0,,0,,0,,0,0,0,1
1723494865,772,4,4,8,8,9.124,0,0,0.10 | 0.11 | 0.11,0,2.57 | 3.20 | 3.81,0,1.05 | 1.25 | 1.55,0.951,0.000,0,1,0,0,0,0,-1,0,0,0,,0,,0,,0,0,0,1
1723494865,772,4,4,8,8,9.124,0,0,0.10 | 0.11 | 0.11,0,2.57 | 3.20 | 3.81,0,1.05 | 1.25 | 1.55,0.951,0.000,0,1,0,0,0,0,-1,0,0,0,,0,,0,,0,0,0,1
1723494866,772,4,4,8,8,8.062,0,0,0.10 | 0.11 | 0.11,0,2.57 | 3.20 | 3.81,0,1.05 | 1.25 | 1.55,0.951,0.000,0,1,0,0,0,0,-1,0,0,0,,0,,0,,0,0,0,1
1723494866,772,4,4,8,8,8.062,0,0,0.10 | 0.11 | 0.11,0,2.57 | 3.20 | 3.81,0,1.05 | 1.25 | 1.55,0.951,0.000,0,1,0,0,0,0,-1,0,0,0,,0,,0,,0,0,0,1
1723494866,772,4,4,8,8,8.062,0,0,0.10 | 0.11 | 0.11,0,2.57 | 3.20 | 3.81,0,1.05 | 1.25 | 1.55,0.951,0.000,0,1,0,0,0,0,-1,0,0,0,,0,,0,,0,0,0,1
1723494866,772,4,4,8,8,8.062,0,0,0.10 | 0.11 | 0.11,0,2.57 | 3.20 | 3.81,0,1.05 | 1.25 | 1.55,0.951,0.000,0,1,0,0,0,0,-1,0,0,0,,0,,0,,0,0,0,1
1723494866,772,4,4,8,8,8.062,0,0,0.10 | 0.11 | 0.11,0,2.57 | 3.20 | 3.81,0,1.05 | 1.25 | 1.55,0.951,0.000,0,1,0,0,0,0,-1,0,0,0,,0,,0,,0,0,0,1
1723494866,772,4,4,8,8,8.062,0,0,0.10 | 0.11 | 0.11,0,2.57 | 3.20 | 3.81,0,1.05 | 1.25 | 1.55,0.951,0.000,0,1,0,0,0,0,-1,0,0,0,,0,,0,,0,0,0,1
1723494866,772,4,4,8,8,8.062,0,0,0.10 | 0.11 | 0.11,0,2.57 | 3.20 | 3.81,0,1.05 | 1.25 | 1.55,0.951,0.000,0,1,0,0,0,0,-1,0,0,0,,0,,0,,0,0,0,1
1723494866,772,4,4,8,8,8.062,0,0,0.10 | 0.11 | 0.11,0,2.57 | 3.20 | 3.81,0,1.05 | 1.25 | 1.55,0.951,0.000,0,1,0,0,0,0,-1,0,0,0,,0,,0,,0,0,0,1
1723494866,772,4,4,8,8,8.062,0,0,0.10 | 0.11 | 0.11,0,2.57 | 3.20 | 3.81,0,1.05 | 1.25 | 1.55,0.951,0.000,0,1,0,0,0,0,-1,0,0,0,,0,,0,,0,0,0,1
1723494866,772,4,4,8,8,8.062,0,0,0.10 | 0.11 | 0.11,0,2.57 | 3.20 | 3.81,0,1.05 | 1.25 | 1.55,0.951,0.000,0,1,0,0,0,0,-1,0,0,0,,0,,0,,0,0,0,1
1723494867,772,4,4,8,8,11.799,0,0,0.10 | 0.11 | 0.11,0,2.57 | 3.25 | 4.05,0,0.99 | 1.23 | 1.55,0.951,0.000,0,1,0,0,0,0,-1,0,0,0,,0,,0,,0,0,0,1
1723494867,772,4,4,8,8,11.799,0,0,0.10 | 0.11 | 0.11,0,2.57 | 3.25 | 4.05,0,0.99 | 1.23 | 1.55,0.951,0.000,0,1,0,0,0,0,-1,0,0,0,,0,,0,,0,0,0,1
1723494867,772,4,4,8,8,11.799,0,0,0.10 | 0.11 | 0.11,0,2.57 | 3.25 | 4.05,0,0.99 | 1.23 | 1.55,0.951,0.000,0,1,0,0,0,0,-1,0,0,0,,0,,0,,0,0,0,1
1723494867,772,4,4,8,8,11.799,0,0,0.10 | 0.11 | 0.11,0,2.57 | 3.25 | 4.05,0,0.99 | 1.23 | 1.55,0.951,0.000,0,1,0,0,0,0,-1,0,0,0,,0,,0,,0,0,0,1
1723494867,772,4,4,8,8,11.799,0,0,0.10 | 0.11 | 0.11,0,2.57 | 3.25 | 4.05,0,0.99 | 1.23 | 1.55,0.951,0.000,0,1,0,0,0,0,-1,0,0,0,,0,,0,,0,0,0,1
1723494867,772,4,4,8,8,11.799,0,0,0.10 | 0.11 | 0.11,0,2.57 | 3.25 | 4.05,0,0.99 | 1.23 | 1.55,0.951,0.000,0,1,0,0,0,0,-1,0,0,0,,0,,0,,0,0,0,1
1723494867,772,4,4,8,8,11.799,0,0,0.10 | 0.11 | 0.11,0,2.57 | 3.25 | 4.05,0,0.99 | 1.23 | 1.55,0.951,0.000,0,1,0,0,0,0,-1,0,0,0,,0,,0,,0,0,0,1
1723494867,772,4,4,8,8,11.799,0,0,0.10 | 0.11 | 0.11,0,2.57 | 3.25 | 4.05,0,0.99 | 1.23 | 1.55,0.951,0.000,0,1,0,0,0,0,-1,0,0,0,,0,,0,,0,0,0,1
1723494867,772,4,4,8,8,11.799,0,0,0.10 | 0.11 | 0.11,0,2.57 | 3.25 | 4.05,0,0.99 | 1.23 | 1.55,0.951,0.000,0,1,0,0,0,0,-1,0,0,0,,0,,0,,0,0,0,1
1723494867,772,4,4,8,8,11.799,0,0,0.10 | 0.11 | 0.11,0,2.57 | 3.25 | 4.05,0,0.99 | 1.23 | 1.55,0.951,0.000,0,1,0,0,0,0,-1,0,0,0,,0,,0,,0,0,0,1
1723494868,772,4,4,8,8,11.002,0,0,0.10 | 0.11 | 0.11,0,2.57 | 3.25 | 4.05,0,0.99 | 1.23 | 1.55,0.951,0.000,0,1,0,0,0,0,-1,0,0,0,,0,,0,,0,0,0,1
1723494868,772,4,4,8,8,11.002,0,0,0.10 | 0.11 | 0.11,0,2.57 | 3.25 | 4.05,0,0.99 | 1.23 | 1.55,0.951,0.000,0,1,0,0,0,0,-1,0,0,0,,0,,0,,0,0,0,1
1723494868,772,4,4,8,8,11.002,0,0,0.10 | 0.11 | 0.11,0,2.57 | 3.25 | 4.05,0,0.99 | 1.23 | 1.55,0.951,0.000,0,1,0,0,0,0,-1,0,0,0,,0,,0,,0,0,0,1
1723494868,772,4,4,8,8,11.002,0,0,0.10 | 0.11 | 0.11,0,2.57 | 3.25 | 4.05,0,0.99 | 1.23 | 1.55,0.951,0.000,0,1,0,0,0,0,-1,0,0,0,,0,,0,,0,0,0,1
1723494868,772,4,4,8,8,11.002,0,0,0.10 | 0.11 | 0.11,0,2.57 | 3.25 | 4.05,0,0.99 | 1.23 | 1.55,0.951,0.000,0,1,0,0,0,0,-1,0,0,0,,0,,0,,0,0,0,1
1723494868,772,4,4,8,8,11.002,0,0,0.10 | 0.11 | 0.11,0,2.57 | 3.25 | 4.05,0,0.99 | 1.23 | 1.55,0.951,0.000,0,1,0,0,0,0,-1,0,0,0,,0,,0,,0,0,0,1
1723494868,772,4,4,8,8,11.002,0,0,0.10 | 0.11 | 0.11,0,2.57 | 3.25 | 4.05,0,0.99 | 1.23 | 1.55,0.951,0.000,0,1,0,0,0,0,-1,0,0,0,,0,,0,,0,0,0,1
1723494868,772,4,4,8,8,11.002,0,0,0.10 | 0.11 | 0.11,0,2.57 | 3.25 | 4.05,0,0.99 | 1.23 | 1.55,0.951,0.000,0,1,0,0,0,0,-1,0,0,0,,0,,0,,0,0,0,1
1723494868,772,4,4,8,8,11.002,0,0,0.10 | 0.11 | 0.11,0,2.57 | 3.25 | 4.05,0,0.99 | 1.23 | 1.55,0.951,0.000,0,1,0,0,0,0,-1,0,0,0,,0,,0,,0,0,0,1
1723494868,772,4,4,8,8,11.002,0,0,0.10 | 0.11 | 0.11,0,2.57 | 3.25 | 4.05,0,0.99 | 1.23 | 1.55,0.951,0.000,0,1,0,0,0,0,-1,0,0,0,,0,,0,,0,0,0,1
1723494869,772,4,4,8,8,9.94,0,0,0.10 | 0.11 | 0.11,0,2.57 | 3.25 | 4.05,0,0.99 | 1.23 | 1.55,0.951,0.000,0,1,0,0,0,0,-1,0,0,0,,0,,0,,0,0,0,1
1723494869,772,4,4,8,8,9.94,0,0,0.10 | 0.11 | 0.11,0,2.57 | 3.25 | 4.05,0,0.99 | 1.23 | 1.55,0.951,0.000,0,1,0,0,0,0,-1,0,0,0,,0,,0,,0,0,0,1
1723494869,772,4,4,8,8,9.94,0,0,0.10 | 0.11 | 0.11,0,2.57 | 3.25 | 4.05,0,0.99 | 1.23 | 1.55,0.951,0.000,0,1,0,0,0,0,-1,0,0,0,,0,,0,,0,0,0,1
1723494869,772,4,4,8,8,9.94,0,0,0.10 | 0.11 | 0.11,0,2.57 | 3.25 | 4.05,0,0.99 | 1.23 | 1.55,0.951,0.000,0,1,0,0,0,0,-1,0,0,0,,0,,0,,0,0,0,1
1723494869,772,4,4,8,8,9.94,0,0,0.10 | 0.11 | 0.11,0,2.57 | 3.25 | 4.05,0,0.99 | 1.23 | 1.55,0.951,0.000,0,1,0,0,0,0,-1,0,0,0,,0,,0,,0,0,0,1
1723494869,772,4,4,8,8,9.94,0,0,0.10 | 0.11 | 0.11,0,2.57 | 3.25 | 4.05,0,0.99 | 1.23 | 1.55,0.951,0.000,0,1,0,0,0,0,-1,0,0,0,,0,,0,,0,0,0,1
1723494869,772,4,4,8,8,9.94,0,0,0.10 | 0.11 | 0.11,0,2.57 | 3.25 | 4.05,0,0.99 | 1.23 | 1.55,0.951,0.000,0,1,0,0,0,0,-1,0,0,0,,0,,0,,0,0,0,1
1723494869,772,4,4,8,8,9.94,0,0,0.10 | 0.11 | 0.11,0,2.57 | 3.25 | 4.05,0,0.99 | 1.23 | 1.55,0.951,0.000,0,1,0,0,0,0,-1,0,0,0,,0,,0,,0,0,0,1
1723494869,772,4,4,8,8,9.94,0,0,0.10 | 0.11 | 0.11,0,2.57 | 3.25 | 4.05,0,0.99 | 1.23 | 1.55,0.951,0.000,0,1,0,0,0,0,-1,0,0,0,,0,,0,,0,0,0,1
1723494869,772,4,4,8,8,9.94,0,0,0.10 | 0.11 | 0.11,0,2.57 | 3.25 | 4.05,0,0.99 | 1.23 | 1.55,0.951,0.000,0,1,0,0,0,0,-1,0,0,0,,0,,0,,0,0,0,1
1723494870,772,4,4,8,8,11.987,0,0,0.10 | 0.11 | 0.11,0,2.51 | 3.24 | 4.05,0,0.99 | 1.24 | 1.60,0.952,0.000,0,1,0,0,0,0,-1,0,0,0,,0,,0,,0,0,0,1
1723494870,772,4,4,8,8,11.987,0,0,0.10 | 0.11 | 0.11,0,2.51 | 3.24 | 4.05,0,0.99 | 1.24 | 1.60,0.952,0.000,0,1,0,0,0,0,-1,0,0,0,,0,,0,,0,0,0,1
1723494870,772,4,4,8,8,11.987,0,0,0.10 | 0.11 | 0.11,0,2.51 | 3.24 | 4.05,0,0.99 | 1.24 | 1.60,0.952,0.000,0,1,0,0,0,0,-1,0,0,0,,0,,0,,0,0,0,1
1723494870,772,4,4,8,8,11.987,0,0,0.10 | 0.11 | 0.11,0,2.51 | 3.24 | 4.05,0,0.99 | 1.24 | 1.60,0.952,0.000,0,1,0,0,0,0,-1,0,0,0,,0,,0,,0,0,0,1
1723494870,772,4,4,8,8,11.987,0,0,0.10 | 0.11 | 0.11,0,2.51 | 3.24 | 4.05,0,0.99 | 1.24 | 1.60,0.952,0.000,0,1,0,0,0,0,-1,0,0,0,,0,,0,,0,0,0,1
1723494870,772,4,4,8,8,11.987,0,0,0.10 | 0.11 | 0.11,0,2.51 | 3.24 | 4.05,0,0.99 | 1.24 | 1.60,0.952,0.000,0,1,0,0,0,0,-1,0,0,0,,0,,0,,0,0,0,1
1723494870,772,4,4,8,8,11.987,0,0,0.10 | 0.11 | 0.11,0,2.51 | 3.24 | 4.05,0,0.99 | 1.24 | 1.60,0.952,0.000,0,1,0,0,0,0,-1,0,0,0,,0,,0,,0,0,0,1
1723494870,772,4,4,8,8,11.987,0,0,0.10 | 0.11 | 0.11,0,2.51 | 3.24 | 4.05,0,0.99 | 1.24 | 1.60,0.952,0.000,0,1,0,0,0,0,-1,0,0,0,,0,,0,,0,0,0,1
1723494870,772,4,4,8,8,11.987,0,0,0.10 | 0.11 | 0.11,0,2.51 | 3.24 | 4.05,0,0.99 | 1.24 | 1.60,0.952,0.000,0,1,0,0,0,0,-1,0,0,0,,0,,0,,0,0,0,1
1723494870,772,4,4,8,8,11.987,0,0,0.10 | 0.11 | 0.11,0,2.51 | 3.24 | 4.05,0,0.99 | 1.24 | 1.60,0.952,0.000,0,1,0,0,0,0,-1,0,0,0,,0,,0,,0,0,0,1
1723494871,772,4,4,8,8,11.015,0,0,0.10 | 0.11 | 0.11,0,2.51 | 3.24 | 4.05,0,0.99 | 1.24 | 1.60,0.952,0.000,0,1,0,0,0,0,-1,0,0,0,,0,,0,,0,0,0,1
1723494871,772,4,4,8,8,11.015,0,0,0.10 | 0.11 | 0.11,0,2.51 | 3.24 | 4.05,0,0.99 | 1.24 | 1.60,0.952,0.000,0,1,0,0,0,0,-1,0,0,0,,0,,0,,0,0,0,1
1723494871,772,4,4,8,8,11.015,0,0,0.10 | 0.11 | 0.11,0,2.51 | 3.24 | 4.05,0,0.99 | 1.24 | 1.60,0.952,0.000,0,1,0,0,0,0,-1,0,0,0,,0,,0,,0,0,0,1
1723494871,772,4,4,8,8,11.015,0,0,0.10 | 0.11 | 0.11,0,2.51 | 3.24 | 4.05,0,0.99 | 1.24 | 1.60,0.952,0.000,0,1,0,0,0,0,-1,0,0,0,,0,,0,,0,0,0,1
1723494871,772,4,4,8,8,11.015,0,0,0.10 | 0.11 | 0.11,0,2.51 | 3.24 | 4.05,0,0.99 | 1.24 | 1.60,0.952,0.000,0,1,0,0,0,0,-1,0,0,0,,0,,0,,0,0,0,1
1723494871,772,4,4,8,8,11.015,0,0,0.10 | 0.11 | 0.11,0,2.51 | 3.24 | 4.05,0,0.99 | 1.24 | 1.60,0.952,0.000,0,1,0,0,0,0,-1,0,0,0,,0,,0,,0,0,0,1
1723494871,772,4,4,8,8,11.015,0,0,0.10 | 0.11 | 0.11,0,2.51 | 3.24 | 4.05,0,0.99 | 1.24 | 1.60,0.952,0.000,0,1,0,0,0,0,-1,0,0,0,,0,,0,,0,0,0,1
1723494871,772,4,4,8,8,11.015,0,0,0.10 | 0.11 | 0.11,0,2.51 | 3.24 | 4.05,0,0.99 | 1.24 | 1.60,0.952,0.000,0,1,0,0,0,0,-1,0,0,0,,0,,0,,0,0,0,1
1723494871,772,4,4,8,8,11.015,0,0,0.10 | 0.11 | 0.11,0,2.51 | 3.24 | 4.05,0,0.99 | 1.24 | 1.60,0.952,0.000,0,1,0,0,0,0,-1,0,0,0,,0,,0,,0,0,0,1
1723494871,772,4,4,8,8,11.015,0,0,0.10 | 0.11 | 0.11,0,2.51 | 3.24 | 4.05,0,0.99 | 1.24 | 1.60,0.952,0.000,0,1,0,0,0,0,-1,0,0,0,,0,,0,,0,0,0,1
1723494872,772,4,4,8,8,10.218,0,0,0.10 | 0.11 | 0.11,0,2.51 | 3.24 | 4.05,0,0.99 | 1.24 | 1.60,0.952,0.000,0,1,0,0,0,0,-1,0,0,0,,0,,0,,0,0,0,1
1723494872,772,4,4,8,8,10.218,0,0,0.10 | 0.11 | 0.11,0,2.51 | 3.24 | 4.05,0,0.99 | 1.24 | 1.60,0.952,0.000,0,1,0,0,0,0,-1,0,0,0,,0,,0,,0,0,0,1
1723494872,772,4,4,8,8,10.218,0,0,0.10 | 0.11 | 0.11,0,2.51 | 3.24 | 4.05,0,0.99 | 1.24 | 1.60,0.952,0.000,0,1,0,0,0,0,-1,0,0,0,,0,,0,,0,0,0,1
1723494872,772,4,4,8,8,10.218,0,0,0.10 | 0.11 | 0.11,0,2.51 | 3.24 | 4.05,0,0.99 | 1.24 | 1.60,0.952,0.000,0,1,0,0,0,0,-1,0,0,0,,0,,0,,0,0,0,1
1723494872,772,4,4,8,8,10.218,0,0,0.10 | 0.11 | 0.11,0,2.51 | 3.24 | 4.05,0,0.99 | 1.24 | 1.60,0.952,0.000,0,1,0,0,0,0,-1,0,0,0,,0,,0,,0,0,0,1
1723494872,772,4,4,8,8,10.218,0,0,0.10 | 0.11 | 0.11,0,2.51 | 3.24 | 4.05,0,0.99 | 1.24 | 1.60,0.952,0.000,0,1,0,0,0,0,-1,0,0,0,,0,,0,,0,0,0,1
1723494872,772,4,4,8,8,10.218,0,0,0.10 | 0.11 | 0.11,0,2.51 | 3.24 | 4.05,0,0.99 | 1.24 | 1.60,0.952,0.000,0,1,0,0,0,0,-1,0,0,0,,0,,0,,0,0,0,1
1723494872,772,4,4,8,8,10.218,0,0,0.10 | 0.11 | 0.11,0,2.51 | 3.24 | 4.05,0,0.99 | 1.24 | 1.60,0.952,0.000,0,1,0,0,0,0,-1,0,0,0,,0,,0,,0,0,0,1
1723494872,772,4,4,8,8,10.218,0,0,0.10 | 0.11 | 0.11,0,2.51 | 3.24 | 4.05,0,0.99 | 1.24 | 1.60,0.952,0.000,0,1,0,0,0,0,-1,0,0,0,,0,,0,,0,0,0,1
1723494872,772,4,4,8,8,10.218,0,0,0.10 | 0.11 | 0.11,0,2.51 | 3.24 | 4.05,0,0.99 | 1.24 | 1.60,0.952,0.000,0,1,0,0,0,0,-1,0,0,0,,0,,0,,0,0,0,1
1723494873,772,4,4,8,8,9.155,0,0,0.10 | 0.11 | 0.11,0,2.51 | 3.24 | 4.05,0,0.99 | 1.24 | 1.60,0.952,0.000,0,1,0,0,0,0,-1,0,0,0,,0,,0,,0,0,0,1
1723494873,772,4,4,8,8,9.155,0,0,0.10 | 0.11 | 0.11,0,2.51 | 3.24 | 4.05,0,0.99 | 1.24 | 1.60,0.952,0.000,0,1,0,0,0,0,-1,0,0,0,,0,,0,,0,0,0,1
1723494873,772,4,4,8,8,9.155,0,0,0.10 | 0.11 | 0.11,0,2.51 | 3.24 | 4.05,0,0.99 | 1.24 | 1.60,0.952,0.000,0,1,0,0,0,0,-1,0,0,0,,0,,0,,0,0,0,1
1723494873,772,4,4,8,8,9.155,0,0,0.10 | 0.11 | 0.11,0,2.51 | 3.24 | 4.05,0,0.99 | 1.24 | 1.60,0.952,0.000,0,1,0,0,0,0,-1,0,0,0,,0,,0,,0,0,0,1
1723494873,772,4,4,8,8,9.155,0,0,0.10 | 0.11 | 0.11,0,2.51 | 3.24 | 4.05,0,0.99 | 1.24 | 1.60,0.952,0.000,0,1,0,0,0,0,-1,0,0,0,,0,,0,,0,0,0,1
1723494873,772,4,4,8,8,9.155,0,0,0.10 | 0.11 | 0.11,0,2.51 | 3.24 | 4.05,0,0.99 | 1.24 | 1.60,0.952,0.000,0,1,0,0,0,0,-1,0,0,0,,0,,0,,0,0,0,1
1723494873,772,4,4,8,8,9.155,0,0,0.10 | 0.11 | 0.11,0,2.51 | 3.24 | 4.05,0,0.99 | 1.24 | 1.60,0.952,0.000,0,1,0,0,0,0,-1,0,0,0,,0,,0,,0,0,0,1
1723494873,772,4,4,8,8,9.155,0,0,0.10 | 0.11 | 0.11,0,2.51 | 3.24 | 4.05,0,0.99 | 1.24 | 1.60,0.952,0.000,0,1,0,0,0,0,-1,0,0,0,,0,,0,,0,0,0,1
1723494873,772,4,4,8,8,9.155,0,0,0.10 | 0.11 | 0.11,0,2.51 | 3.24 | 4.05,0,0.99 | 1.24 | 1.60,0.952,0.000,0,1,0,0,0,0,-1,0,0,0,,0,,0,,0,0,0,1
1723494873,772,4,4,8,8,9.155,0,0,0.10 | 0.11 | 0.11,0,2.51 | 3.24 | 4.05,0,0.99 | 1.24 | 1.60,0.952,0.000,0,1,0,0,0,0,-1,0,0,0,,0,,0,,0,0,0,1
1723494874,772,4,4,8,8,8.093,0,0,0.10 | 0.11 | 0.11,0,2.51 | 3.24 | 4.05,0,0.99 | 1.24 | 1.60,0.952,0.000,0,1,0,0,0,0,-1,0,0,0,,0,,0,,0,0,0,1
1723494874,772,4,4,8,8,8.093,0,0,0.10 | 0.11 | 0.11,0,2.51 | 3.24 | 4.05,0,0.99 | 1.24 | 1.60,0.952,0.000,0,1,0,0,0,0,-1,0,0,0,,0,,0,,0,0,0,1
1723494874,772,4,4,8,8,8.093,0,0,0.10 | 0.11 | 0.11,0,2.51 | 3.24 | 4.05,0,0.99 | 1.24 | 1.60,0.952,0.000,0,1,0,0,0,0,-1,0,0,0,,0,,0,,0,0,0,1
1723494874,772,4,4,8,8,8.093,0,0,0.10 | 0.11 | 0.11,0,2.51 | 3.24 | 4.05,0,0.99 | 1.24 | 1.60,0.952,0.000,0,1,0,0,0,0,-1,0,0,0,,0,,0,,0,0,0,1
1723494874,772,4,4,8,8,8.093,0,0,0.10 | 0.11 | 0.11,0,2.51 | 3.24 | 4.05,0,0.99 | 1.24 | 1.60,0.952,0.000,0,1,0,0,0,0,-1,0,0,0,,0,,0,,0,0,0,1
1723494874,772,4,4,8,8,8.093,0,0,0.10 | 0.11 | 0.11,0,2.51 | 3.24 | 4.05,0,0.99 | 1.24 | 1.60,0.952,0.000,0,1,0,0,0,0,-1,0,0,0,,0,,0,,0,0,0,1
1723494874,772,4,4,8,8,8.093,0,0,0.10 | 0.11 | 0.11,0,2.51 | 3.24 | 4.05,0,0.99 | 1.24 | 1.60,0.952,0.000,0,1,0,0,0,0,-1,0,0,0,,0,,0,,0,0,0,1
1723494874,772,4,4,8,8,8.093,0,0,0.10 | 0.11 | 0.11,0,2.51 | 3.24 | 4.05,0,0.99 | 1.24 | 1.60,0.952,0.000,0,1,0,0,0,0,-1,0,0,0,,0,,0,,0,0,0,1
1723494874,772,4,4,8,8,8.093,0,0,0.10 | 0.11 | 0.11,0,2.51 | 3.24 | 4.05,0,0.99 | 1.24 | 1.60,0.952,0.000,0,1,0,0,0,0,-1,0,0,0,,0,,0,,0,0,0,1
1723494874,772,4,4,8,8,8.093,0,0,0.10 | 0.11 | 0.11,0,2.51 | 3.24 | 4.05,0,0.99 | 1.24 | 1.60,0.952,0.000,0,1,0,0,0,0,-1,0,0,0,,0,,0,,0,0,0,1
1723494875,772,4,4,8,8,11.83,0,0,0.10 | 0.11 | 0.11,0,2.51 | 3.29 | 4.05,0,0.99 | 1.21 | 1.60,0.952,0.000,0,1,0,0,0,0,-1,0,0,0,,0,,0,,0,0,0,1
1723494875,772,4,4,8,8,11.83,0,0,0.10 | 0.11 | 0.11,0,2.51 | 3.29 | 4.05,0,0.99 | 1.21 | 1.60,0.952,0.000,0,1,0,0,0,0,-1,0,0,0,,0,,0,,0,0,0,1
1723494875,772,4,4,8,8,11.83,0,0,0.10 | 0.11 | 0.11,0,2.51 | 3.29 | 4.05,0,0.99 | 1.21 | 1.60,0.952,0.000,0,1,0,0,0,0,-1,0,0,0,,0,,0,,0,0,0,1
1723494875,772,4,4,8,8,11.83,0,0,0.10 | 0.11 | 0.11,0,2.51 | 3.29 | 4.05,0,0.99 | 1.21 | 1.60,0.952,0.000,0,1,0,0,0,0,-1,0,0,0,,0,,0,,0,0,0,1
1723494875,772,4,4,8,8,11.83,0,0,0.10 | 0.11 | 0.11,0,2.51 | 3.29 | 4.05,0,0.99 | 1.21 | 1.60,0.952,0.000,0,1,0,0,0,0,-1,0,0,0,,0,,0,,0,0,0,1
1723494875,772,4,4,8,8,11.83,0,0,0.10 | 0.11 | 0.11,0,2.51 | 3.29 | 4.05,0,0.99 | 1.21 | 1.60,0.952,0.000,0,1,0,0,0,0,-1,0,0,0,,0,,0,,0,0,0,1
1723494875,772,4,4,8,8,11.83,0,0,0.10 | 0.11 | 0.11,0,2.51 | 3.29 | 4.05,0,0.99 | 1.21 | 1.60,0.952,0.000,0,1,0,0,0,0,-1,0,0,0,,0,,0,,0,0,0,1
1723494875,772,4,4,8,8,11.83,0,0,0.10 | 0.11 | 0.11,0,2.51 | 3.29 | 4.05,0,0.99 | 1.21 | 1.60,0.952,0.000,0,1,0,0,0,0,-1,0,0,0,,0,,0,,0,0,0,1
1723494875,772,4,4,8,8,11.83,0,0,0.10 | 0.11 | 0.11,0,2.51 | 3.29 | 4.05,0,0.99 | 1.21 | 1.60,0.952,0.000,0,1,0,0,0,0,-1,0,0,0,,0,,0,,0,0,0,1
1723494875,772,4,4,8,8,11.83,0,0,0.10 | 0.11 | 0.11,0,2.51 | 3.29 | 4.05,0,0.99 | 1.21 | 1.60,0.952,0.000,0,1,0,0,0,0,-1,0,0,0,,0,,0,,0,0,0,1
1723494876,772,4,4,8,8,11.033,0,0,0.10 | 0.11 | 0.11,0,2.51 | 3.29 | 4.05,0,0.99 | 1.21 | 1.60,0.952,0.000,0,1,0,0,0,0,-1,0,0,0,,0,,0,,0,0,0,1
1723494876,772,4,4,8,8,11.033,0,0,0.10 | 0.11 | 0.11,0,2.51 | 3.29 | 4.05,0,0.99 | 1.21 | 1.60,0.952,0.000,0,1,0,0,0,0,-1,0,0,0,,0,,0,,0,0,0,1
1723494876,772,4,4,8,8,11.033,0,0,0.10 | 0.11 | 0.11,0,2.51 | 3.29 | 4.05,0,0.99 | 1.21 | 1.60,0.952,0.000,0,1,0,0,0,0,-1,0,0,0,,0,,0,,0,0,0,1
1723494876,772,4,4,8,8,11.033,0,0,0.10 | 0.11 | 0.11,0,2.51 | 3.29 | 4.05,0,0.99 | 1.21 | 1.60,0.952,0.000,0,1,0,0,0,0,-1,0,0,0,,0,,0,,0,0,0,1
1723494876,772,4,4,8,8,11.033,0,0,0.10 | 0.11 | 0.11,0,2.51 | 3.29 | 4.05,0,0.99 | 1.21 | 1.60,0.952,0.000,0,1,0,0,0,0,-1,0,0,0,,0,,0,,0,0,0,1
1723494876,772,4,4,8,8,11.033,0,0,0.10 | 0.11 | 0.11,0,2.51 | 3.29 | 4.05,0,0.99 | 1.21 | 1.60,0.952,0.000,0,1,0,0,0,0,-1,0,0,0,,0,,0,,0,0,0,1
1723494876,772,4,4,8,8,11.033,0,0,0.10 | 0.11 | 0.11,0,2.51 | 3.29 | 4.05,0,0.99 | 1.21 | 1.60,0.952,0.000,0,1,0,0,0,0,-1,0,0,0,,0,,0,,0,0,0,1
1723494876,772,4,4,8,8,11.033,0,0,0.10 | 0.11 | 0.11,0,2.51 | 3.29 | 4.05,0,0.99 | 1.21 | 1.60,0.952,0.000,0,1,0,0,0,0,-1,0,0,0,,0,,0,,0,0,0,1
1723494876,772,4,4,8,8,11.033,0,0,0.10 | 0.11 | 0.11,0,2.51 | 3.29 | 4.05,0,0.99 | 1.21 | 1.60,0.952,0.000,0,1,0,0,0,0,-1,0,0,0,,0,,0,,0,0,0,1
1723494876,772,4,4,8,8,11.033,0,0,0.10 | 0.11 | 0.11,0,2.51 | 3.29 | 4.05,0,0.99 | 1.21 | 1.60,0.952,0.000,0,1,0,0,0,0,-1,0,0,0,,0,,0,,0,0,0,1
1723494877,772,4,4,8,8,9.971,0,0,0.10 | 0.11 | 0.11,0,2.51 | 3.29 | 4.05,0,0.99 | 1.21 | 1.60,0.952,0.000,0,1,0,0,0,0,-1,0,0,0,,0,,0,,0,0,0,1
1723494877,772,4,4,8,8,9.971,0,0,0.10 | 0.11 | 0.11,0,2.51 | 3.29 | 4.05,0,0.99 | 1.21 | 1.60,0.952,0.000,0,1,0,0,0,0,-1,0,0,0,,0,,0,,0,0,0,1
1723494877,772,4,4,8,8,9.971,0,0,0.10 | 0.11 | 0.11,0,2.51 | 3.29 | 4.05,0,0.99 | 1.21 | 1.60,0.952,0.000,0,1,0,0,0,0,-1,0,0,0,,0,,0,,0,0,0,1
1723494877,772,4,4,8,8,9.971,0,0,0.10 | 0.11 | 0.11,0,2.51 | 3.29 | 4.05,0,0.99 | 1.21 | 1.60,0.952,0.000,0,1,0,0,0,0,-1,0,0,0,,0,,0,,0,0,0,1
1723494877,772,4,4,8,8,9.971,0,0,0.10 | 0.11 | 0.11,0,2.51 | 3.29 | 4.05,0,0.99 | 1.21 | 1.60,0.952,0.000,0,1,0,0,0,0,-1,0,0,0,,0,,0,,0,0,0,1
1723494877,772,4,4,8,8,9.971,0,0,0.10 | 0.11 | 0.11,0,2.51 | 3.29 | 4.05,0,0.99 | 1.21 | 1.60,0.952,0.000,0,1,0,0,0,0,-1,0,0,0,,0,,0,,0,0,0,1
1723494877,772,4,4,8,8,9.971,0,0,0.10 | 0.11 | 0.11,0,2.51 | 3.29 | 4.05,0,0.99 | 1.21 | 1.60,0.952,0.000,0,1,0,0,0,0,-1,0,0,0,,0,,0,,0,0,0,1
1723494877,772,4,4,8,8,9.971,0,0,0.10 | 0.11 | 0.11,0,2.51 | 3.29 | 4.05,0,0.99 | 1.21 | 1.60,0.952,0.000,0,1,0,0,0,0,-1,0,0,0,,0,,0,,0,0,0,1
1723494877,772,4,4,8,8,9.971,0,0,0.10 | 0.11 | 0.11,0,2.51 | 3.29 | 4.05,0,0.99 | 1.21 | 1.60,0.952,0.000,0,1,0,0,0,0,-1,0,0,0,,0,,0,,0,0,0,1
1723494877,772,4,4,8,8,9.971,0,0,0.10 | 0.11 | 0.11,0,2.51 | 3.29 | 4.05,0,0.99 | 1.21 | 1.60,0.952,0.000,0,1,0,0,0,0,-1,0,0,0,,0,,0,,0,0,0,1
1723494878,772,4,4,8,8,12.015,0,0,0.10 | 0.11 | 0.11,0,2.51 | 3.29 | 4.05,0,0.99 | 1.22 | 1.60,0.952,0.000,0,1,0,0,0,0,-1,0,0,0,,0,,0,,0,0,0,1
1723494878,772,4,4,8,8,12.015,0,0,0.10 | 0.11 | 0.11,0,2.51 | 3.29 | 4.05,0,0.99 | 1.22 | 1.60,0.952,0.000,0,1,0,0,0,0,-1,0,0,0,,0,,0,,0,0,0,1
1723494878,772,4,4,8,8,12.015,0,0,0.10 | 0.11 | 0.11,0,2.51 | 3.29 | 4.05,0,0.99 | 1.22 | 1.60,0.952,0.000,0,1,0,0,0,0,-1,0,0,0,,0,,0,,0,0,0,1
1723494878,772,4,4,8,8,12.015,0,0,0.10 | 0.11 | 0.11,0,2.51 | 3.29 | 4.05,0,0.99 | 1.22 | 1.60,0.952,0.000,0,1,0,0,0,0,-1,0,0,0,,0,,0,,0,0,0,1
1723494878,772,4,4,8,8,12.015,0,0,0.10 | 0.11 | 0.11,0,2.51 | 3.29 | 4.05,0,0.99 | 1.22 | 1.60,0.952,0.000,0,1,0,0,0,0,-1,0,0,0,,0,,0,,0,0,0,1
1723494878,772,4,4,8,8,12.015,0,0,0.10 | 0.11 | 0.11,0,2.51 | 3.29 | 4.05,0,0.99 | 1.22 | 1.60,0.952,0.000,0,1,0,0,0,0,-1,0,0,0,,0,,0,,0,0,0,1
1723494878,772,4,4,8,8,12.015,0,0,0.10 | 0.11 | 0.11,0,2.51 | 3.29 | 4.05,0,0.99 | 1.22 | 1.60,0.952,0.000,0,1,0,0,0,0,-1,0,0,0,,0,,0,,0,0,0,1
1723494878,772,4,4,8,8,12.015,0,0,0.10 | 0.11 | 0.11,0,2.51 | 3.29 | 4.05,0,0.99 | 1.22 | 1.60,0.952,0.000,0,1,0,0,0,0,-1,0,0,0,,0,,0,,0,0,0,1
1723494878,772,4,4,8,8,12.015,0,0,0.10 | 0.11 | 0.11,0,2.51 | 3.29 | 4.05,0,0.99 | 1.22 | 1.60,0.952,0.000,0,1,0,0,0,0,-1,0,0,0,,0,,0,,0,0,0,1
1723494878,772,4,4,8,8,12.015,0,0,0.10 | 0.11 | 0.11,0,2.51 | 3.29 | 4.05,0,0.99 | 1.22 | 1.60,0.952,0.000,0,1,0,0,0,0,-1,0,0,0,,0,,0,,0,0,0,1
1723494879,772,4,4,8,8,11.046,0,0,0.10 | 0.11 | 0.11,0,2.51 | 3.29 | 4.05,0,0.99 | 1.22 | 1.60,0.952,0.000,0,1,0,0,0,0,-1,0,0,0,,0,,0,,0,0,0,1
1723494879,772,4,4,8,8,11.046,0,0,0.10 | 0.11 | 0.11,0,2.51 | 3.29 | 4.05,0,0.99 | 1.22 | 1.60,0.952,0.000,0,1,0,0,0,0,-1,0,0,0,,0,,0,,0,0,0,1
1723494879,772,4,4,8,8,11.046,0,0,0.10 | 0.11 | 0.11,0,2.51 | 3.29 | 4.05,0,0.99 | 1.22 | 1.60,0.952,0.000,0,1,0,0,0,0,-1,0,0,0,,0,,0,,0,0,0,1
1723494879,772,4,4,8,8,11.046,0,0,0.10 | 0.11 | 0.11,0,2.51 | 3.29 | 4.05,0,0.99 | 1.22 | 1.60,0.952,0.000,0,1,0,0,0,0,-1,0,0,0,,0,,0,,0,0,0,1
1723494879,772,4,4,8,8,11.046,0,0,0.10 | 0.11 | 0.11,0,2.51 | 3.29 | 4.05,0,0.99 | 1.22 | 1.60,0.952,0.000,0,1,0,0,0,0,-1,0,0,0,,0,,0,,0,0,0,1
1723494879,772,4,4,8,8,11.046,0,0,0.10 | 0.11 | 0.11,0,2.51 | 3.29 | 4.05,0,0.99 | 1.22 | 1.60,0.952,0.000,0,1,0,0,0,0,-1,0,0,0,,0,,0,,0,0,0,1
1723494879,772,4,4,8,8,11.046,0,0,0.10 | 0.11 | 0.11,0,2.51 | 3.29 | 4.05,0,0.99 | 1.22 | 1.60,0.952,0.000,0,1,0,0,0,0,-1,0,0,0,,0,,0,,0,0,0,1
1723494879,772,4,4,8,8,11.046,0,0,0.10 | 0.11 | 0.11,0,2.51 | 3.29 | 4.05,0,0.99 | 1.22 | 1.60,0.952,0.000,0,1,0,0,0,0,-1,0,0,0,,0,,0,,0,0,0,1
1723494879,772,4,4,8,8,11.046,0,0,0.10 | 0.11 | 0.11,0,2.51 | 3.29 | 4.05,0,0.99 | 1.22 | 1.60,0.952,0.000,0,1,0,0,0,0,-1,0,0,0,,0,,0,,0,0,0,1
1723494879,772,4,4,8,8,11.046,0,0,0.10 | 0.11 | 0.11,0,2.51 | 3.29 | 4.05,0,0.99 | 1.22 | 1.60,0.952,0.000,0,1,0,0,0,0,-1,0,0,0,,0,,0,,0,0,0,1
1723494880,772,4,4,8,8,9.983,0,0,0.10 | 0.11 | 0.11,0,2.51 | 3.29 | 4.05,0,0.99 | 1.22 | 1.60,0.952,0.000,0,1,0,0,0,0,-1,0,0,0,,0,,0,,0,0,0,1
1723494880,772,4,4,8,8,9.983,0,0,0.10 | 0.11 | 0.11,0,2.51 | 3.29 | 4.05,0,0.99 | 1.22 | 1.60,0.952,0.000,0,1,0,0,0,0,-1,0,0,0,,0,,0,,0,0,0,1
1723494880,772,4,4,8,8,9.983,0,0,0.10 | 0.11 | 0.11,0,2.51 | 3.29 | 4.05,0,0.99 | 1.22 | 1.60,0.952,0.000,0,1,0,0,0,0,-1,0,0,0,,0,,0,,0,0,0,1
1723494880,772,4,4,8,8,9.983,0,0,0.10 | 0.11 | 0.11,0,2.51 | 3.29 | 4.05,0,0.99 | 1.22 | 1.60,0.952,0.000,0,1,0,0,0,0,-1,0,0,0,,0,,0,,0,0,0,1
1723494880,772,4,4,8,8,9.983,0,0,0.10 | 0.11 | 0.11,0,2.51 | 3.29 | 4.05,0,0.99 | 1.22 | 1.60,0.952,0.000,0,1,0,0,0,0,-1,0,0,0,,0,,0,,0,0,0,1
1723494880,772,4,4,8,8,9.983,0,0,0.10 | 0.11 | 0.11,0,2.51 | 3.29 | 4.05,0,0.99 | 1.22 | 1.60,0.952,0.000,0,1,0,0,0,0,-1,0,0,0,,0,,0,,0,0,0,1
1723494880,772,4,4,8,8,9.983,0,0,0.10 | 0.11 | 0.11,0,2.51 | 3.29 | 4.05,0,0.99 | 1.22 | 1.60,0.952,0.000,0,1,0,0,0,0,-1,0,0,0,,0,,0,,0,0,0,1
1723494880,772,4,4,8,8,9.983,0,0,0.10 | 0.11 | 0.11,0,2.51 | 3.29 | 4.05,0,0.99 | 1.22 | 1.60,0.952,0.000,0,1,0,0,0,0,-1,0,0,0,,0,,0,,0,0,0,1
1723494880,772,4,4,8,8,9.983,0,0,0.10 | 0.11 | 0.11,0,2.51 | 3.29 | 4.05,0,0.99 | 1.22 | 1.60,0.952,0.000,0,1,0,0,0,0,-1,0,0,0,,0,,0,,0,0,0,1
1723494880,772,4,4,8,8,9.983,0,0,0.10 | 0.11 | 0.11,0,2.51 | 3.29 | 4.05,0,0.99 | 1.22 | 1.60,0.952,0.000,0,1,0,0,0,0,-1,0,0,0,,0,,0,,0,0,0,1
1723494881,772,4,4,8,8,9.187,0,0,0.10 | 0.11 | 0.11,0,2.51 | 3.29 | 4.05,0,0.99 | 1.22 | 1.60,0.952,0.000,0,1,0,0,0,0,-1,0,0,0,,0,,0,,0,0,0,1
1723494881,772,4,4,8,8,9.187,0,0,0.10 | 0.11 | 0.11,0,2.51 | 3.29 | 4.05,0,0.99 | 1.22 | 1.60,0.952,0.000,0,1,0,0,0,0,-1,0,0,0,,0,,0,,0,0,0,1
1723494881,772,4,4,8,8,9.187,0,0,0.10 | 0.11 | 0.11,0,2.51 | 3.29 | 4.05,0,0.99 | 1.22 | 1.60,0.952,0.000,0,1,0,0,0,0,-1,0,0,0,,0,,0,,0,0,0,1
1723494881,772,4,4,8,8,9.187,0,0,0.10 | 0.11 | 0.11,0,2.51 | 3.29 | 4.05,0,0.99 | 1.22 | 1.60,0.952,0.000,0,1,0,0,0,0,-1,0,0,0,,0,,0,,0,0,0,1
1723494881,772,4,4,8,8,9.187,0,0,0.10 | 0.11 | 0.11,0,2.51 | 3.29 | 4.05,0,0.99 | 1.22 | 1.60,0.952,0.000,0,1,0,0,0,0,-1,0,0,0,,0,,0,,0,0,0,1
1723494881,772,4,4,8,8,9.187,0,0,0.10 | 0.11 | 0.11,0,2.51 | 3.29 | 4.05,0,0.99 | 1.22 | 1.60,0.952,0.000,0,1,0,0,0,0,-1,0,0,0,,0,,0,,0,0,0,1
1723494881,772,4,4,8,8,9.187,0,0,0.10 | 0.11 | 0.11,0,2.51 | 3.29 | 4.05,0,0.99 | 1.22 | 1.60,0.952,0.000,0,1,0,0,0,0,-1,0,0,0,,0,,0,,0,0,0,1
1723494881,772,4,4,8,8,9.187,0,0,0.10 | 0.11 | 0.11,0,2.51 | 3.29 | 4.05,0,0.99 | 1.22 | 1.60,0.952,0.000,0,1,0,0,0,0,-1,0,0,0,,0,,0,,0,0,0,1
1723494881,772,4,4,8,8,9.187,0,0,0.10 | 0.11 | 0.11,0,2.51 | 3.29 | 4.05,0,0.99 | 1.22 | 1.60,0.952,0.000,0,1,0,0,0,0,-1,0,0,0,,0,,0,,0,0,0,1
1723494881,772,4,4,8,8,9.187,0,0,0.10 | 0.11 | 0.11,0,2.51 | 3.29 | 4.05,0,0.99 | 1.22 | 1.60,0.952,0.000,0,1,0,0,0,0,-1,0,0,0,,0,,0,,0,0,0,1
1723494882,772,4,4,8,8,8.124,0,0,0.10 | 0.11 | 0.11,0,2.51 | 3.29 | 4.05,0,0.99 | 1.22 | 1.60,0.952,0.000,0,1,0,0,0,0,-1,0,0,0,,0,,0,,0,0,0,1
1723494882,772,4,4,8,8,8.124,0,0,0.10 | 0.11 | 0.11,0,2.51 | 3.29 | 4.05,0,0.99 | 1.22 | 1.60,0.952,0.000,0,1,0,0,0,0,-1,0,0,0,,0,,0,,0,0,0,1
1723494882,772,4,4,8,8,8.124,0,0,0.10 | 0.11 | 0.11,0,2.51 | 3.29 | 4.05,0,0.99 | 1.22 | 1.60,0.952,0.000,0,1,0,0,0,0,-1,0,0,0,,0,,0,,0,0,0,1
1723494882,772,4,4,8,8,8.124,0,0,0.10 | 0.11 | 0.11,0,2.51 | 3.29 | 4.05,0,0.99 | 1.22 | 1.60,0.952,0.000,0,1,0,0,0,0,-1,0,0,0,,0,,0,,0,0,0,1
1723494882,772,4,4,8,8,8.124,0,0,0.10 | 0.11 | 0.11,0,2.51 | 3.29 | 4.05,0,0.99 | 1.22 | 1.60,0.952,0.000,0,1,0,0,0,0,-1,0,0,0,,0,,0,,0,0,0,1
1723494882,772,4,4,8,8,8.124,0,0,0.10 | 0.11 | 0.11,0,2.51 | 3.29 | 4.05,0,0.99 | 1.22 | 1.60,0.952,0.000,0,1,0,0,0,0,-1,0,0,0,,0,,0,,0,0,0,1
1723494882,772,4,4,8,8,8.124,0,0,0.10 | 0.11 | 0.11,0,2.51 | 3.29 | 4.05,0,0.99 | 1.22 | 1.60,0.952,0.000,0,1,0,0,0,0,-1,0,0,0,,0,,0,,0,0,0,1
1723494882,772,4,4,8,8,8.124,0,0,0.10 | 0.11 | 0.11,0,2.51 | 3.29 | 4.05,0,0.99 | 1.22 | 1.60,0.952,0.000,0,1,0,0,0,0,-1,0,0,0,,0,,0,,0,0,0,1
1723494882,772,4,4,8,8,8.124,0,0,0.10 | 0.11 | 0.11,0,2.51 | 3.29 | 4.05,0,0.99 | 1.22 | 1.60,0.952,0.000,0,1,0,0,0,0,-1,0,0,0,,0,,0,,0,0,0,1
1723494882,772,4,4,8,8,8.124,0,0,0.10 | 0.11 | 0.11,0,2.51 | 3.29 | 4.05,0,0.99 | 1.22 | 1.60,0.952,0.000,0,1,0,0,0,0,-1,0,0,0,,0,,0,,0,0,0,1
1723494883,772,4,4,8,8,7.062,0,0,0.10 | 0.11 | 0.11,0,2.51 | 3.29 | 4.05,0,0.99 | 1.22 | 1.60,0.952,0.000,0,1,0,0,0,0,-1,0,0,0,,0,,0,,0,0,0,1
1723494883,772,4,4,8,8,7.062,0,0,0.10 | 0.11 | 0.11,0,2.51 | 3.29 | 4.05,0,0.99 | 1.22 | 1.60,0.952,0.000,0,1,0,0,0,0,-1,0,0,0,,0,,0,,0,0,0,1
1723494883,772,4,4,8,8,7.062,0,0,0.10 | 0.11 | 0.11,0,2.51 | 3.29 | 4.05,0,0.99 | 1.22 | 1.60,0.952,0.000,0,1,0,0,0,0,-1,0,0,0,,0,,0,,0,0,0,1
1723494883,772,4,4,8,8,7.062,0,0,0.10 | 0.11 | 0.11,0,2.51 | 3.29 | 4.05,0,0.99 | 1.22 | 1.60,0.952,0.000,0,1,0,0,0,0,-1,0,0,0,,0,,0,,0,0,0,1
1723494883,772,4,4,8,8,7.062,0,0,0.10 | 0.11 | 0.11,0,2.51 | 3.29 | 4.05,0,0.99 | 1.22 | 1.60,0.952,0.000,0,1,0,0,0,0,-1,0,0,0,,0,,0,,0,0,0,1
1723494883,772,4,4,8,8,7.062,0,0,0.10 | 0.11 | 0.11,0,2.51 | 3.29 | 4.05,0,0.99 | 1.22 | 1.60,0.952,0.000,0,1,0,0,0,0,-1,0,0,0,,0,,0,,0,0,0,1
1723494883,772,4,4,8,8,7.062,0,0,0.10 | 0.11 | 0.11,0,2.51 | 3.29 | 4.05,0,0.99 | 1.22 | 1.60,0.952,0.000,0,1,0,0,0,0,-1,0,0,0,,0,,0,,0,0,0,1
1723494883,772,4,4,8,8,7.062,0,0,0.10 | 0.11 | 0.11,0,2.51 | 3.29 | 4.05,0,0.99 | 1.22 | 1.60,0.952,0.000,0,1,0,0,0,0,-1,0,0,0,,0,,0,,0,0,0,1
1723494883,772,4,4,8,8,7.062,0,0,0.10 | 0.11 | 0.11,0,2.51 | 3.29 | 4.05,0,0.99 | 1.22 | 1.60,0.952,0.000,0,1,0,0,0,0,-1,0,0,0,,0,,0,,0,0,0,1
1723494883,772,4,4,8,8,7.062,0,0,0.10 | 0.11 | 0.11,0,2.51 | 3.29 | 4.05,0,0.99 | 1.22 | 1.60,0.952,0.000,0,1,0,0,0,0,-1,0,0,0,,0,,0,,0,0,0,1
1723494884,772,4,4,8,8,10.799,0,0,0.10 | 0.11 | 0.11,0,2.51 | 3.42 | 4.58,0,0.87 | 1.17 | 1.60,0.952,0.000,0,1,0,0,0,0,-1,0,0,0,,0,,0,,0,0,0,1
1723494884,772,4,4,8,8,10.799,0,0,0.10 | 0.11 | 0.11,0,2.51 | 3.42 | 4.58,0,0.87 | 1.17 | 1.60,0.952,0.000,0,1,0,0,0,0,-1,0,0,0,,0,,0,,0,0,0,1
1723494884,772,4,4,8,8,10.799,0,0,0.10 | 0.11 | 0.11,0,2.51 | 3.42 | 4.58,0,0.87 | 1.17 | 1.60,0.952,0.000,0,1,0,0,0,0,-1,0,0,0,,0,,0,,0,0,0,1
1723494884,772,4,4,8,8,10.799,0,0,0.10 | 0.11 | 0.11,0,2.51 | 3.42 | 4.58,0,0.87 | 1.17 | 1.60,0.952,0.000,0,1,0,0,0,0,-1,0,0,0,,0,,0,,0,0,0,1
1723494884,772,4,4,8,8,10.799,0,0,0.10 | 0.11 | 0.11,0,2.51 | 3.42 | 4.58,0,0.87 | 1.17 | 1.60,0.952,0.000,0,1,0,0,0,0,-1,0,0,0,,0,,0,,0,0,0,1
1723494884,772,4,4,8,8,10.799,0,0,0.10 | 0.11 | 0.11,0,2.51 | 3.42 | 4.58,0,0.87 | 1.17 | 1.60,0.952,0.000,0,1,0,0,0,0,-1,0,0,0,,0,,0,,0,0,0,1
1723494884,772,4,4,8,8,10.799,0,0,0.10 | 0.11 | 0.11,0,2.51 | 3.42 | 4.58,0,0.87 | 1.17 | 1.60,0.952,0.000,0,1,0,0,0,0,-1,0,0,0,,0,,0,,0,0,0,1
1723494884,772,4,4,8,8,10.799,0,0,0.10 | 0.11 | 0.11,0,2.51 | 3.42 | 4.58,0,0.87 | 1.17 | 1.60,0.952,0.000,0,1,0,0,0,0,-1,0,0,0,,0,,0,,0,0,0,1
1723494884,772,4,4,8,8,10.799,0,0,0.10 | 0.11 | 0.11,0,2.51 | 3.42 | 4.58,0,0.87 | 1.17 | 1.60,0.952,0.000,0,1,0,0,0,0,-1,0,0,0,,0,,0,,0,0,0,1
1723494884,772,4,4,8,8,10.799,0,0,0.10 | 0.11 | 0.11,0,2.51 | 3.42 | 4.58,0,0.87 | 1.17 | 1.60,0.952,0.000,0,1,0,0,0,0,-1,0,0,0,,0,,0,,0,0,0,1
1723494885,772,4,4,8,8,10.002,0,0,0.10 | 0.11 | 0.11,0,2.51 | 3.42 | 4.58,0,0.87 | 1.17 | 1.60,0.952,0.000,0,1,0,0,0,0,-1,0,0,0,,0,,0,,0,0,0,1
1723494885,772,4,4,8,8,10.002,0,0,0.10 | 0.11 | 0.11,0,2.51 | 3.42 | 4.58,0,0.87 | 1.17 | 1.60,0.952,0.000,0,1,0,0,0,0,-1,0,0,0,,0,,0,,0,0,0,1
1723494885,772,4,4,8,8,10.002,0,0,0.10 | 0.11 | 0.11,0,2.51 | 3.42 | 4.58,0,0.87 | 1.17 | 1.60,0.952,0.000,0,1,0,0,0,0,-1,0,0,0,,0,,0,,0,0,0,1
1723494885,772,4,4,8,8,10.002,0,0,0.10 | 0.11 | 0.11,0,2.51 | 3.42 | 4.58,0,0.87 | 1.17 | 1.60,0.952,0.000,0,1,0,0,0,0,-1,0,0,0,,0,,0,,0,0,0,1
1723494885,772,4,4,8,8,10.002,0,0,0.10 | 0.11 | 0.11,0,2.51 | 3.42 | 4.58,0,0.87 | 1.17 | 1.60,0.952,0.000,0,1,0,0,0,0,-1,0,0,0,,0,,0,,0,0,0,1
1723494885,772,4,4,8,8,10.002,0,0,0.10 | 0.11 | 0.11,0,2.51 | 3.42 | 4.58,0,0.87 | 1.17 | 1.60,0.952,0.000,0,1,0,0,0,0,-1,0,0,0,,0,,0,,0,0,0,1
1723494885,772,4,4,8,8,10.002,0,0,0.10 | 0.11 | 0.11,0,2.51 | 3.42 | 4.58,0,0.87 | 1.17 | 1.60,0.952,0.000,0,1,0,0,0,0,-1,0,0,0,,0,,0,,0,0,0,1
1723494885,772,4,4,8,8,10.002,0,0,0.10 | 0.11 | 0.11,0,2.51 | 3.42 | 4.58,0,0.87 | 1.17 | 1.60,0.952,0.000,0,1,0,0,0,0,-1,0,0,0,,0,,0,,0,0,0,1
1723494885,772,4,4,8,8,10.002,0,0,0.10 | 0.11 | 0.11,0,2.51 | 3.42 | 4.58,0,0.87 | 1.17 | 1.60,0.952,0.000,0,1,0,0,0,0,-1,0,0,0,,0,,0,,0,0,0,1
1723494885,772,4,4,8,8,10.002,0,0,0.10 | 0.11 | 0.11,0,2.51 | 3.42 | 4.58,0,0.87 | 1.17 | 1.60,0.952,0.000,0,1,0,0,0,0,-1,0,0,0,,0,,0,,0,0,0,1
1723494886,772,4,4,8,8,12.093,0,0,0.10 | 0.11 | 0.11,0,2.40 | 3.40 | 4.58,0,0.87 | 1.18 | 1.66,0.952,0.000,0,1,0,0,0,0,-1,0,0,0,,0,,0,,0,0,0,1
1723494886,772,4,4,8,8,12.093,0,0,0.10 | 0.11 | 0.11,0,2.40 | 3.40 | 4.58,0,0.87 | 1.18 | 1.66,0.952,0.000,0,1,0,0,0,0,-1,0,0,0,,0,,0,,0,0,0,1
1723494886,772,4,4,8,8,12.093,0,0,0.10 | 0.11 | 0.11,0,2.40 | 3.40 | 4.58,0,0.87 | 1.18 | 1.66,0.952,0.000,0,1,0,0,0,0,-1,0,0,0,,0,,0,,0,0,0,1
1723494886,772,4,4,8,8,12.093,0,0,0.10 | 0.11 | 0.11,0,2.40 | 3.40 | 4.58,0,0.87 | 1.18 | 1.66,0.952,0.000,0,1,0,0,0,0,-1,0,0,0,,0,,0,,0,0,0,1
1723494886,772,4,4,8,8,12.093,0,0,0.10 | 0.11 | 0.11,0,2.40 | 3.40 | 4.58,0,0.87 | 1.18 | 1.66,0.952,0.000,0,1,0,0,0,0,-1,0,0,0,,0,,0,,0,0,0,1
1723494886,772,4,4,8,8,12.093,0,0,0.10 | 0.11 | 0.11,0,2.40 | 3.40 | 4.58,0,0.87 | 1.18 | 1.66,0.952,0.000,0,1,0,0,0,0,-1,0,0,0,,0,,0,,0,0,0,1
1723494886,772,4,4,8,8,12.093,0,0,0.10 | 0.11 | 0.11,0,2.40 | 3.40 | 4.58,0,0.87 | 1.18 | 1.66,0.952,0.000,0,1,0,0,0,0,-1,0,0,0,,0,,0,,0,0,0,1
1723494886,772,4,4,8,8,12.093,0,0,0.10 | 0.11 | 0.11,0,2.40 | 3.40 | 4.58,0,0.87 | 1.18 | 1.66,0.952,0.000,0,1,0,0,0,0,-1,0,0,0,,0,,0,,0,0,0,1
1723494886,772,4,4,8,8,12.093,0,0,0.10 | 0.11 | 0.11,0,2.40 | 3.40 | 4.58,0,0.87 | 1.18 | 1.66,0.952,0.000,0,1,0,0,0,0,-1,0,0,0,,0,,0,,0,0,0,1
1723494886,772,4,4,8,8,12.093,0,0,0.10 | 0.11 | 0.11,0,2.40 | 3.40 | 4.58,0,0.87 | 1.18 | 1.66,0.952,0.000,0,1,0,0,0,0,-1,0,0,0,,0,,0,,0,0,0,1
1723494887,772,4,4,8,8,15.815,0,0,0.10 | 0.11 | 0.11,0,0.38 | 2.50 | 4.58,0,0.87 | 1.60 | 10.61,0.961,0.000,0,1,0,0,0,0,-1,0,0,0,,0,,0,,0,0,0,1
1723494887,772,4,4,8,8,15.815,0,0,0.10 | 0.11 | 0.11,0,0.38 | 2.50 | 4.58,0,0.87 | 1.60 | 10.61,0.961,0.000,0,1,0,0,0,0,-1,0,0,0,,0,,0,,0,0,0,1
1723494887,772,4,4,8,8,15.815,0,0,0.10 | 0.11 | 0.11,0,0.38 | 2.50 | 4.58,0,0.87 | 1.60 | 10.61,0.961,0.000,0,1,0,0,0,0,-1,0,0,0,,0,,0,,0,0,0,1
1723494887,772,4,4,8,8,15.815,0,0,0.10 | 0.11 | 0.11,0,0.38 | 2.50 | 4.58,0,0.87 | 1.60 | 10.61,0.961,0.000,0,1,0,0,0,0,-1,0,0,0,,0,,0,,0,0,0,1
1723494887,772,4,4,8,8,15.815,0,0,0.10 | 0.11 | 0.11,0,0.38 | 2.50 | 4.58,0,0.87 | 1.60 | 10.61,0.961,0.000,0,1,0,0,0,0,-1,0,0,0,,0,,0,,0,0,0,1
1723494887,772,4,4,8,8,15.815,0,0,0.10 | 0.11 | 0.11,0,0.38 | 2.50 | 4.58,0,0.87 | 1.60 | 10.61,0.961,0.000,0,1,0,0,0,0,-1,0,0,0,,0,,0,,0,0,0,1
1723494887,772,4,4,8,8,15.815,0,0,0.10 | 0.11 | 0.11,0,0.38 | 2.50 | 4.58,0,0.87 | 1.60 | 10.61,0.961,0.000,0,1,0,0,0,0,-1,0,0,0,,0,,0,,0,0,0,1
1723494887,772,4,4,8,8,15.815,0,0,0.10 | 0.11 | 0.11,0,0.38 | 2.50 | 4.58,0,0.87 | 1.60 | 10.61,0.961,0.000,0,1,0,0,0,0,-1,0,0,0,,0,,0,,0,0,0,1
1723494887,772,4,4,8,8,15.815,0,0,0.10 | 0.11 | 0.11,0,0.38 | 2.50 | 4.58,0,0.87 | 1.60 | 10.61,0.961,0.000,0,1,0,0,0,0,-1,0,0,0,,0,,0,,0,0,0,1
1723494887,772,4,4,8,8,15.815,0,0,0.10 | 0.11 | 0.11,0,0.38 | 2.50 | 4.58,0,0.87 | 1.60 | 10.61,0.961,0.000,0,1,0,0,0,0,-1,0,0,0,,0,,0,,0,0,0,1
1723494888,772,4,4,8,8,14.815,0,0,0.10 | 0.11 | 0.11,0,0.38 | 2.50 | 4.58,0,0.87 | 1.60 | 10.61,0.961,0.000,0,1,0,0,0,0,-1,0,0,0,,0,,0,,0,0,0,1
1723494888,772,4,4,8,8,14.815,0,0,0.10 | 0.11 | 0.11,0,0.38 | 2.50 | 4.58,0,0.87 | 1.60 | 10.61,0.961,0.000,0,1,0,0,0,0,-1,0,0,0,,0,,0,,0,0,0,1
1723494888,772,4,4,8,8,14.815,0,0,0.10 | 0.11 | 0.11,0,0.38 | 2.50 | 4.58,0,0.87 | 1.60 | 10.61,0.961,0.000,0,1,0,0,0,0,-1,0,0,0,,0,,0,,0,0,0,1
1723494888,772,4,4,8,8,14.815,0,0,0.10 | 0.11 | 0.11,0,0.38 | 2.50 | 4.58,0,0.87 | 1.60 | 10.61,0.961,0.000,0,1,0,0,0,0,-1,0,0,0,,0,,0,,0,0,0,1
1723494888,772,4,4,8,8,14.815,0,0,0.10 | 0.11 | 0.11,0,0.38 | 2.50 | 4.58,0,0.87 | 1.60 | 10.61,0.961,0.000,0,1,0,0,0,0,-1,0,0,0,,0,,0,,0,0,0,1
1723494888,772,4,4,8,8,14.815,0,0,0.10 | 0.11 | 0.11,0,0.38 | 2.50 | 4.58,0,0.87 | 1.60 | 10.61,0.961,0.000,0,1,0,0,0,0,-1,0,0,0,,0,,0,,0,0,0,1
1723494888,772,4,4,8,8,14.815,0,0,0.10 | 0.11 | 0.11,0,0.38 | 2.50 | 4.58,0,0.87 | 1.60 | 10.61,0.961,0.000,0,1,0,0,0,0,-1,0,0,0,,0,,0,,0,0,0,1
1723494888,772,4,4,8,8,14.815,0,0,0.10 | 0.11 | 0.11,0,0.38 | 2.50 | 4.58,0,0.87 | 1.60 | 10.61,0.961,0.000,0,1,0,0,0,0,-1,0,0,0,,0,,0,,0,0,0,1
1723494888,772,4,4,8,8,14.815,0,0,0.10 | 0.11 | 0.11,0,0.38 | 2.50 | 4.58,0,0.87 | 1.60 | 10.61,0.961,0.000,0,1,0,0,0,0,-1,0,0,0,,0,,0,,0,0,0,1
1723494888,772,4,4,8,8,14.815,0,0,0.10 | 0.11 | 0.11,0,0.38 | 2.50 | 4.58,0,0.87 | 1.60 | 10.61,0.961,0.000,0,1,0,0,0,0,-1,0,0,0,,0,,0,,0,0,0,1
1723494889,772,4,4,8,8,14.018,0,0,0.10 | 0.11 | 0.11,0,0.38 | 2.50 | 4.58,0,0.87 | 1.60 | 10.61,0.961,0.000,0,1,0,0,0,0,-1,0,0,0,,0,,0,,0,0,0,1
1723494889,772,4,4,8,8,14.018,0,0,0.10 | 0.11 | 0.11,0,0.38 | 2.50 | 4.58,0,0.87 | 1.60 | 10.61,0.961,0.000,0,1,0,0,0,0,-1,0,0,0,,0,,0,,0,0,0,1
1723494889,772,4,4,8,8,14.018,0,0,0.10 | 0.11 | 0.11,0,0.38 | 2.50 | 4.58,0,0.87 | 1.60 | 10.61,0.961,0.000,0,1,0,0,0,0,-1,0,0,0,,0,,0,,0,0,0,1
1723494889,772,4,4,8,8,14.018,0,0,0.10 | 0.11 | 0.11,0,0.38 | 2.50 | 4.58,0,0.87 | 1.60 | 10.61,0.961,0.000,0,1,0,0,0,0,-1,0,0,0,,0,,0,,0,0,0,1
1723494889,772,4,4,8,8,14.018,0,0,0.10 | 0.11 | 0.11,0,0.38 | 2.50 | 4.58,0,0.87 | 1.60 | 10.61,0.961,0.000,0,1,0,0,0,0,-1,0,0,0,,0,,0,,0,0,0,1
1723494889,772,4,4,8,8,14.018,0,0,0.10 | 0.11 | 0.11,0,0.38 | 2.50 | 4.58,0,0.87 | 1.60 | 10.61,0.961,0.000,0,1,0,0,0,0,-1,0,0,0,,0,,0,,0,0,0,1
1723494889,772,4,4,8,8,14.018,0,0,0.10 | 0.11 | 0.11,0,0.38 | 2.50 | 4.58,0,0.87 | 1.60 | 10.61,0.961,0.000,0,1,0,0,0,0,-1,0,0,0,,0,,0,,0,0,0,1
1723494889,772,4,4,8,8,14.018,0,0,0.10 | 0.11 | 0.11,0,0.38 | 2.50 | 4.58,0,0.87 | 1.60 | 10.61,0.961,0.000,0,1,0,0,0,0,-1,0,0,0,,0,,0,,0,0,0,1
1723494889,772,4,4,8,8,14.018,0,0,0.10 | 0.11 | 0.11,0,0.38 | 2.50 | 4.58,0,0.87 | 1.60 | 10.61,0.961,0.000,0,1,0,0,0,0,-1,0,0,0,,0,,0,,0,0,0,1
1723494889,772,4,4,8,8,14.018,0,0,0.10 | 0.11 | 0.11,0,0.38 | 2.50 | 4.58,0,0.87 | 1.60 | 10.61,0.961,0.000,0,1,0,0,0,0,-1,0,0,0,,0,,0,,0,0,0,1
1723494890,772,4,4,8,8,12.787,0,0,0.10 | 0.11 | 0.11,0,0.38 | 2.50 | 4.58,0,0.87 | 1.60 | 10.61,0.961,0.000,0,1,0,0,0,0,-1,0,0,0,,0,,0,,0,0,0,1
1723494890,772,4,4,8,8,12.787,0,0,0.10 | 0.11 | 0.11,0,0.38 | 2.50 | 4.58,0,0.87 | 1.60 | 10.61,0.961,0.000,0,1,0,0,0,0,-1,0,0,0,,0,,0,,0,0,0,1
1723494890,772,4,4,8,8,12.787,0,0,0.10 | 0.11 | 0.11,0,0.38 | 2.50 | 4.58,0,0.87 | 1.60 | 10.61,0.961,0.000,0,1,0,0,0,0,-1,0,0,0,,0,,0,,0,0,0,1
1723494890,772,4,4,8,8,12.787,0,0,0.10 | 0.11 | 0.11,0,0.38 | 2.50 | 4.58,0,0.87 | 1.60 | 10.61,0.961,0.000,0,1,0,0,0,0,-1,0,0,0,,0,,0,,0,0,0,1
1723494890,772,4,4,8,8,12.787,0,0,0.10 | 0.11 | 0.11,0,0.38 | 2.50 | 4.58,0,0.87 | 1.60 | 10.61,0.961,0.000,0,1,0,0,0,0,-1,0,0,0,,0,,0,,0,0,0,1
1723494890,772,4,4,8,8,12.787,0,0,0.10 | 0.11 | 0.11,0,0.38 | 2.50 | 4.58,0,0.87 | 1.60 | 10.61,0.961,0.000,0,1,0,0,0,0,-1,0,0,0,,0,,0,,0,0,0,1
1723494890,772,4,4,8,8,12.787,0,0,0.10 | 0.11 | 0.11,0,0.38 | 2.50 | 4.58,0,0.87 | 1.60 | 10.61,0.961,0.000,0,1,0,0,0,0,-1,0,0,0,,0,,0,,0,0,0,1
1723494890,772,4,4,8,8,12.787,0,0,0.10 | 0.11 | 0.11,0,0.38 | 2.50 | 4.58,0,0.87 | 1.60 | 10.61,0.961,0.000,0,1,0,0,0,0,-1,0,0,0,,0,,0,,0,0,0,1
1723494890,772,4,4,8,8,12.787,0,0,0.10 | 0.11 | 0.11,0,0.38 | 2.50 | 4.58,0,0.87 | 1.60 | 10.61,0.961,0.000,0,1,0,0,0,0,-1,0,0,0,,0,,0,,0,0,0,1
1723494890,772,4,4,8,8,12.787,0,0,0.10 | 0.11 | 0.11,0,0.38 | 2.50 | 4.58,0,0.87 | 1.60 | 10.61,0.961,0.000,0,1,0,0,0,0,-1,0,0,0,,0,,0,,0,0,0,1
1723494891,772,4,4,8,8,11.893,0,0,0.10 | 0.11 | 0.11,0,0.38 | 2.50 | 4.58,0,0.87 | 1.60 | 10.61,0.961,0.000,0,1,0,0,0,0,-1,0,0,0,,0,,0,,0,0,0,1
1723494891,772,4,4,8,8,11.893,0,0,0.10 | 0.11 | 0.11,0,0.38 | 2.50 | 4.58,0,0.87 | 1.60 | 10.61,0.961,0.000,0,1,0,0,0,0,-1,0,0,0,,0,,0,,0,0,0,1
1723494891,772,4,4,8,8,11.893,0,0,0.10 | 0.11 | 0.11,0,0.38 | 2.50 | 4.58,0,0.87 | 1.60 | 10.61,0.961,0.000,0,1,0,0,0,0,-1,0,0,0,,0,,0,,0,0,0,1
1723494891,772,4,4,8,8,11.893,0,0,0.10 | 0.11 | 0.11,0,0.38 | 2.50 | 4.58,0,0.87 | 1.60 | 10.61,0.961,0.000,0,1,0,0,0,0,-1,0,0,0,,0,,0,,0,0,0,1
1723494891,772,4,4,8,8,11.893,0,0,0.10 | 0.11 | 0.11,0,0.38 | 2.50 | 4.58,0,0.87 | 1.60 | 10.61,0.961,0.000,0,1,0,0,0,0,-1,0,0,0,,0,,0,,0,0,0,1
1723494891,772,4,4,8,8,11.893,0,0,0.10 | 0.11 | 0.11,0,0.38 | 2.50 | 4.58,0,0.87 | 1.60 | 10.61,0.961,0.000,0,1,0,0,0,0,-1,0,0,0,,0,,0,,0,0,0,1
1723494891,772,4,4,8,8,11.893,0,0,0.10 | 0.11 | 0.11,0,0.38 | 2.50 | 4.58,0,0.87 | 1.60 | 10.61,0.961,0.000,0,1,0,0,0,0,-1,0,0,0,,0,,0,,0,0,0,1
1723494891,772,4,4,8,8,11.893,0,0,0.10 | 0.11 | 0.11,0,0.38 | 2.50 | 4.58,0,0.87 | 1.60 | 10.61,0.961,0.000,0,1,0,0,0,0,-1,0,0,0,,0,,0,,0,0,0,1
1723494891,772,4,4,8,8,11.893,0,0,0.10 | 0.11 | 0.11,0,0.38 | 2.50 | 4.58,0,0.87 | 1.60 | 10.61,0.961,0.000,0,1,0,0,0,0,-1,0,0,0,,0,,0,,0,0,0,1
1723494891,772,4,4,8,8,11.893,0,0,0.10 | 0.11 | 0.11,0,0.38 | 2.50 | 4.58,0,0.87 | 1.60 | 10.61,0.961,0.000,0,1,0,0,0,0,-1,0,0,0,,0,,0,,0,0,0,1
1723494892,772,4,4,8,8,11.53,0,0,0.10 | 0.11 | 0.11,0,0.10 | 1.87 | 4.58,0,0.87 | 2.14 | 38.46,0.996,0.000,0,1,0,0,0,0,-1,0,0,0,,0,,0,,0,0,0,1
1723494892,772,4,4,8,8,11.53,0,0,0.10 | 0.11 | 0.11,0,0.10 | 1.87 | 4.58,0,0.87 | 2.14 | 38.46,0.996,0.000,0,1,0,0,0,0,-1,0,0,0,,0,,0,,0,0,0,1
1723494892,772,4,4,8,8,11.53,0,0,0.10 | 0.11 | 0.11,0,0.10 | 1.87 | 4.58,0,0.87 | 2.14 | 38.46,0.996,0.000,0,1,0,0,0,0,-1,0,0,0,,0,,0,,0,0,0,1
1723494892,772,4,4,8,8,11.53,0,0,0.10 | 0.11 | 0.11,0,0.10 | 1.87 | 4.58,0,0.87 | 2.14 | 38.46,0.996,0.000,0,1,0,0,0,0,-1,0,0,0,,0,,0,,0,0,0,1
1723494892,772,4,4,8,8,11.53,0,0,0.10 | 0.11 | 0.11,0,0.10 | 1.87 | 4.58,0,0.87 | 2.14 | 38.46,0.996,0.000,0,1,0,0,0,0,-1,0,0,0,,0,,0,,0,0,0,1
1723494892,772,4,4,8,8,11.53,0,0,0.10 | 0.11 | 0.11,0,0.10 | 1.87 | 4.58,0,0.87 | 2.14 | 38.46,0.996,0.000,0,1,0,0,0,0,-1,0,0,0,,0,,0,,0,0,0,1
1723494892,772,4,4,8,8,11.53,0,0,0.10 | 0.11 | 0.11,0,0.10 | 1.87 | 4.58,0,0.87 | 2.14 | 38.46,0.996,0.000,0,1,0,0,0,0,-1,0,0,0,,0,,0,,0,0,0,1
1723494892,772,4,4,8,8,11.53,0,0,0.10 | 0.11 | 0.11,0,0.10 | 1.87 | 4.58,0,0.87 | 2.14 | 38.46,0.996,0.000,0,1,0,0,0,0,-1,0,0,0,,0,,0,,0,0,0,1
1723494892,772,4,4,8,8,11.53,0,0,0.10 | 0.11 | 0.11,0,0.10 | 1.87 | 4.58,0,0.87 | 2.14 | 38.46,0.996,0.000,0,1,0,0,0,0,-1,0,0,0,,0,,0,,0,0,0,1
1723494892,772,4,4,8,8,11.53,0,0,0.10 | 0.11 | 0.11,0,0.10 | 1.87 | 4.58,0,0.87 | 2.14 | 38.46,0.996,0.000,0,1,0,0,0,0,-1,0,0,0,,0,,0,,0,0,0,1
1723494893,772,4,4,8,8,10.733,0,0,0.10 | 0.11 | 0.11,0,0.10 | 1.87 | 4.58,0,0.87 | 2.14 | 38.46,0.996,0.000,0,1,0,0,0,0,-1,0,0,0,,0,,0,,0,0,0,1
1723494893,772,4,4,8,8,10.733,0,0,0.10 | 0.11 | 0.11,0,0.10 | 1.87 | 4.58,0,0.87 | 2.14 | 38.46,0.996,0.000,0,1,0,0,0,0,-1,0,0,0,,0,,0,,0,0,0,1
1723494893,772,4,4,8,8,10.733,0,0,0.10 | 0.11 | 0.11,0,0.10 | 1.87 | 4.58,0,0.87 | 2.14 | 38.46,0.996,0.000,0,1,0,0,0,0,-1,0,0,0,,0,,0,,0,0,0,1
1723494893,772,4,4,8,8,10.733,0,0,0.10 | 0.11 | 0.11,0,0.10 | 1.87 | 4.58,0,0.87 | 2.14 | 38.46,0.996,0.000,0,1,0,0,0,0,-1,0,0,0,,0,,0,,0,0,0,1
1723494893,772,4,4,8,8,10.733,0,0,0.10 | 0.11 | 0.11,0,0.10 | 1.87 | 4.58,0,0.87 | 2.14 | 38.46,0.996,0.000,0,1,0,0,0,0,-1,0,0,0,,0,,0,,0,0,0,1
1723494893,772,4,4,8,8,10.733,0,0,0.10 | 0.11 | 0.11,0,0.10 | 1.87 | 4.58,0,0.87 | 2.14 | 38.46,0.996,0.000,0,1,0,0,0,0,-1,0,0,0,,0,,0,,0,0,0,1
1723494893,772,4,4,8,8,10.733,0,0,0.10 | 0.11 | 0.11,0,0.10 | 1.87 | 4.58,0,0.87 | 2.14 | 38.46,0.996,0.000,0,1,0,0,0,0,-1,0,0,0,,0,,0,,0,0,0,1
1723494893,772,4,4,8,8,10.733,0,0,0.10 | 0.11 | 0.11,0,0.10 | 1.87 | 4.58,0,0.87 | 2.14 | 38.46,0.996,0.000,0,1,0,0,0,0,-1,0,0,0,,0,,0,,0,0,0,1
1723494893,772,4,4,8,8,10.733,0,0,0.10 | 0.11 | 0.11,0,0.10 | 1.87 | 4.58,0,0.87 | 2.14 | 38.46,0.996,0.000,0,1,0,0,0,0,-1,0,0,0,,0,,0,,0,0,0,1
1723494893,772,4,4,8,8,10.733,0,0,0.10 | 0.11 | 0.11,0,0.10 | 1.87 | 4.58,0,0.87 | 2.14 | 38.46,0.996,0.000,0,1,0,0,0,0,-1,0,0,0,,0,,0,,0,0,0,1
1723494894,772,4,4,8,8,9.67,0,0,0.10 | 0.11 | 0.11,0,0.10 | 1.87 | 4.58,0,0.87 | 2.14 | 38.46,0.996,0.000,0,1,0,0,0,0,-1,0,0,0,,0,,0,,0,0,0,1
1723494894,772,4,4,8,8,9.67,0,0,0.10 | 0.11 | 0.11,0,0.10 | 1.87 | 4.58,0,0.87 | 2.14 | 38.46,0.996,0.000,0,1,0,0,0,0,-1,0,0,0,,0,,0,,0,0,0,1
1723494894,772,4,4,8,8,9.67,0,0,0.10 | 0.11 | 0.11,0,0.10 | 1.87 | 4.58,0,0.87 | 2.14 | 38.46,0.996,0.000,0,1,0,0,0,0,-1,0,0,0,,0,,0,,0,0,0,1
1723494894,772,4,4,8,8,9.67,0,0,0.10 | 0.11 | 0.11,0,0.10 | 1.87 | 4.58,0,0.87 | 2.14 | 38.46,0.996,0.000,0,1,0,0,0,0,-1,0,0,0,,0,,0,,0,0,0,1
1723494894,772,4,4,8,8,9.67,0,0,0.10 | 0.11 | 0.11,0,0.10 | 1.87 | 4.58,0,0.87 | 2.14 | 38.46,0.996,0.000,0,1,0,0,0,0,-1,0,0,0,,0,,0,,0,0,0,1
1723494894,772,4,4,8,8,9.67,0,0,0.10 | 0.11 | 0.11,0,0.10 | 1.87 | 4.58,0,0.87 | 2.14 | 38.46,0.996,0.000,0,1,0,0,0,0,-1,0,0,0,,0,,0,,0,0,0,1
1723494894,772,4,4,8,8,9.67,0,0,0.10 | 0.11 | 0.11,0,0.10 | 1.87 | 4.58,0,0.87 | 2.14 | 38.46,0.996,0.000,0,1,0,0,0,0,-1,0,0,0,,0,,0,,0,0,0,1
1723494894,772,4,4,8,8,9.67,0,0,0.10 | 0.11 | 0.11,0,0.10 | 1.87 | 4.58,0,0.87 | 2.14 | 38.46,0.996,0.000,0,1,0,0,0,0,-1,0,0,0,,0,,0,,0,0,0,1
1723494894,772,4,4,8,8,9.67,0,0,0.10 | 0.11 | 0.11,0,0.10 | 1.87 | 4.58,0,0.87 | 2.14 | 38.46,0.996,0.000,0,1,0,0,0,0,-1,0,0,0,,0,,0,,0,0,0,1
1723494894,772,4,4,8,8,9.67,0,0,0.10 | 0.11 | 0.11,0,0.10 | 1.87 | 4.58,0,0.87 | 2.14 | 38.46,0.996,0.000,0,1,0,0,0,0,-1,0,0,0,,0,,0,,0,0,0,1
1723494895,772,4,4,8,8,8.608,0,0,0.10 | 0.11 | 0.11,0,0.10 | 1.87 | 4.58,0,0.87 | 2.14 | 38.46,0.996,0.000,0,1,0,0,0,0,-1,0,0,0,,0,,0,,0,0,0,1
1723494895,772,4,4,8,8,8.608,0,0,0.10 | 0.11 | 0.11,0,0.10 | 1.87 | 4.58,0,0.87 | 2.14 | 38.46,0.996,0.000,0,1,0,0,0,0,-1,0,0,0,,0,,0,,0,0,0,1
1723494895,772,4,4,8,8,8.608,0,0,0.10 | 0.11 | 0.11,0,0.10 | 1.87 | 4.58,0,0.87 | 2.14 | 38.46,0.996,0.000,0,1,0,0,0,0,-1,0,0,0,,0,,0,,0,0,0,1
1723494895,772,4,4,8,8,8.608,0,0,0.10 | 0.11 | 0.11,0,0.10 | 1.87 | 4.58,0,0.87 | 2.14 | 38.46,0.996,0.000,0,1,0,0,0,0,-1,0,0,0,,0,,0,,0,0,0,1
1723494895,772,4,4,8,8,8.608,0,0,0.10 | 0.11 | 0.11,0,0.10 | 1.87 | 4.58,0,0.87 | 2.14 | 38.46,0.996,0.000,0,1,0,0,0,0,-1,0,0,0,,0,,0,,0,0,0,1
1723494895,772,4,4,8,8,8.608,0,0,0.10 | 0.11 | 0.11,0,0.10 | 1.87 | 4.58,0,0.87 | 2.14 | 38.46,0.996,0.000,0,1,0,0,0,0,-1,0,0,0,,0,,0,,0,0,0,1
1723494895,772,4,4,8,8,8.608,0,0,0.10 | 0.11 | 0.11,0,0.10 | 1.87 | 4.58,0,0.87 | 2.14 | 38.46,0.996,0.000,0,1,0,0,0,0,-1,0,0,0,,0,,0,,0,0,0,1
1723494895,772,4,4,8,8,8.608,0,0,0.10 | 0.11 | 0.11,0,0.10 | 1.87 | 4.58,0,0.87 | 2.14 | 38.46,0.996,0.000,0,1,0,0,0,0,-1,0,0,0,,0,,0,,0,0,0,1
1723494895,772,4,4,8,8,8.608,0,0,0.10 | 0.11 | 0.11,0,0.10 | 1.87 | 4.58,0,0.87 | 2.14 | 38.46,0.996,0.000,0,1,0,0,0,0,-1,0,0,0,,0,,0,,0,0,0,1
1723494895,772,4,4,8,8,8.608,0,0,0.10 | 0.11 | 0.11,0,0.10 | 1.87 | 4.58,0,0.87 | 2.14 | 38.46,0.996,0.000,0,1,0,0,0,0,-1,0,0,0,,0,,0,,0,0,0,1
1723494896,772,4,4,8,8,7.546,0,0,0.10 | 0.11 | 0.11,0,0.10 | 1.87 | 4.58,0,0.87 | 2.14 | 38.46,0.996,0.000,0,1,0,0,0,0,-1,0,0,0,,0,,0,,0,0,0,1
1723494896,772,4,4,8,8,7.546,0,0,0.10 | 0.11 | 0.11,0,0.10 | 1.87 | 4.58,0,0.87 | 2.14 | 38.46,0.996,0.000,0,1,0,0,0,0,-1,0,0,0,,0,,0,,0,0,0,1
1723494896,772,4,4,8,8,7.546,0,0,0.10 | 0.11 | 0.11,0,0.10 | 1.87 | 4.58,0,0.87 | 2.14 | 38.46,0.996,0.000,0,1,0,0,0,0,-1,0,0,0,,0,,0,,0,0,0,1
1723494896,772,4,4,8,8,7.546,0,0,0.10 | 0.11 | 0.11,0,0.10 | 1.87 | 4.58,0,0.87 | 2.14 | 38.46,0.996,0.000,0,1,0,0,0,0,-1,0,0,0,,0,,0,,0,0,0,1
1723494896,772,4,4,8,8,7.546,0,0,0.10 | 0.11 | 0.11,0,0.10 | 1.87 | 4.58,0,0.87 | 2.14 | 38.46,0.996,0.000,0,1,0,0,0,0,-1,0,0,0,,0,,0,,0,0,0,1
1723494896,772,4,4,8,8,7.546,0,0,0.10 | 0.11 | 0.11,0,0.10 | 1.87 | 4.58,0,0.87 | 2.14 | 38.46,0.996,0.000,0,1,0,0,0,0,-1,0,0,0,,0,,0,,0,0,0,1
1723494896,772,4,4,8,8,7.546,0,0,0.10 | 0.11 | 0.11,0,0.10 | 1.87 | 4.58,0,0.87 | 2.14 | 38.46,0.996,0.000,0,1,0,0,0,0,-1,0,0,0,,0,,0,,0,0,0,1
1723494896,772,4,4,8,8,7.546,0,0,0.10 | 0.11 | 0.11,0,0.10 | 1.87 | 4.58,0,0.87 | 2.14 | 38.46,0.996,0.000,0,1,0,0,0,0,-1,0,0,0,,0,,0,,0,0,0,1
1723494896,772,4,4,8,8,7.546,0,0,0.10 | 0.11 | 0.11,0,0.10 | 1.87 | 4.58,0,0.87 | 2.14 | 38.46,0.996,0.000,0,1,0,0,0,0,-1,0,0,0,,0,,0,,0,0,0,1
1723494896,772,4,4,8,8,7.546,0,0,0.10 | 0.11 | 0.11,0,0.10 | 1.87 | 4.58,0,0.87 | 2.14 | 38.46,0.996,0.000,0,1,0,0,0,0,-1,0,0,0,,0,,0,,0,0,0,1
1723494897,772,4,4,8,8,6.483,0,0,0.10 | 0.11 | 0.11,0,0.10 | 1.87 | 4.58,0,0.87 | 2.14 | 38.46,0.996,0.000,0,1,0,0,0,0,-1,0,0,0,,0,,0,,0,0,0,1
1723494897,772,4,4,8,8,6.483,0,0,0.10 | 0.11 | 0.11,0,0.10 | 1.87 | 4.58,0,0.87 | 2.14 | 38.46,0.996,0.000,0,1,0,0,0,0,-1,0,0,0,,0,,0,,0,0,0,1
1723494897,772,4,4,8,8,6.483,0,0,0.10 | 0.11 | 0.11,0,0.10 | 1.87 | 4.58,0,0.87 | 2.14 | 38.46,0.996,0.000,0,1,0,0,0,0,-1,0,0,0,,0,,0,,0,0,0,1
1723494897,772,4,4,8,8,6.483,0,0,0.10 | 0.11 | 0.11,0,0.10 | 1.87 | 4.58,0,0.87 | 2.14 | 38.46,0.996,0.000,0,1,0,0,0,0,-1,0,0,0,,0,,0,,0,0,0,1
1723494897,772,4,4,8,8,6.483,0,0,0.10 | 0.11 | 0.11,0,0.10 | 1.87 | 4.58,0,0.87 | 2.14 | 38.46,0.996,0.000,0,1,0,0,0,0,-1,0,0,0,,0,,0,,0,0,0,1
1723494897,772,4,4,8,8,6.483,0,0,0.10 | 0.11 | 0.11,0,0.10 | 1.87 | 4.58,0,0.87 | 2.14 | 38.46,0.996,0.000,0,1,0,0,0,0,-1,0,0,0,,0,,0,,0,0,0,1
1723494897,772,4,4,8,8,6.483,0,0,0.10 | 0.11 | 0.11,0,0.10 | 1.87 | 4.58,0,0.87 | 2.14 | 38.46,0.996,0.000,0,1,0,0,0,0,-1,0,0,0,,0,,0,,0,0,0,1
1723494897,772,4,4,8,8,6.483,0,0,0.10 | 0.11 | 0.11,0,0.10 | 1.87 | 4.58,0,0.87 | 2.14 | 38.46,0.996,0.000,0,1,0,0,0,0,-1,0,0,0,,0,,0,,0,0,0,1
1723494897,772,4,4,8,8,6.483,0,0,0.10 | 0.11 | 0.11,0,0.10 | 1.87 | 4.58,0,0.87 | 2.14 | 38.46,0.996,0.000,0,1,0,0,0,0,-1,0,0,0,,0,,0,,0,0,0,1
1723494897,772,4,4,8,8,6.483,0,0,0.10 | 0.11 | 0.11,0,0.10 | 1.87 | 4.58,0,0.87 | 2.14 | 38.46,0.996,0.000,0,1,0,0,0,0,-1,0,0,0,,0,,0,,0,0,0,1
1723494898,772,4,4,8,8,5.687,0,0,0.10 | 0.11 | 0.11,0,0.10 | 1.87 | 4.58,0,0.87 | 2.14 | 38.46,0.996,0.000,0,1,0,0,0,0,-1,0,0,0,,0,,0,,0,0,0,1
1723494898,772,4,4,8,8,5.687,0,0,0.10 | 0.11 | 0.11,0,0.10 | 1.87 | 4.58,0,0.87 | 2.14 | 38.46,0.996,0.000,0,1,0,0,0,0,-1,0,0,0,,0,,0,,0,0,0,1
1723494898,772,4,4,8,8,5.687,0,0,0.10 | 0.11 | 0.11,0,0.10 | 1.87 | 4.58,0,0.87 | 2.14 | 38.46,0.996,0.000,0,1,0,0,0,0,-1,0,0,0,,0,,0,,0,0,0,1
1723494898,772,4,4,8,8,5.687,0,0,0.10 | 0.11 | 0.11,0,0.10 | 1.87 | 4.58,0,0.87 | 2.14 | 38.46,0.996,0.000,0,1,0,0,0,0,-1,0,0,0,,0,,0,,0,0,0,1
1723494898,772,4,4,8,8,5.687,0,0,0.10 | 0.11 | 0.11,0,0.10 | 1.87 | 4.58,0,0.87 | 2.14 | 38.46,0.996,0.000,0,1,0,0,0,0,-1,0,0,0,,0,,0,,0,0,0,1
1723494898,772,4,4,8,8,5.687,0,0,0.10 | 0.11 | 0.11,0,0.10 | 1.87 | 4.58,0,0.87 | 2.14 | 38.46,0.996,0.000,0,1,0,0,0,0,-1,0,0,0,,0,,0,,0,0,0,1
1723494898,772,4,4,8,8,5.687,0,0,0.10 | 0.11 | 0.11,0,0.10 | 1.87 | 4.58,0,0.87 | 2.14 | 38.46,0.996,0.000,0,1,0,0,0,0,-1,0,0,0,,0,,0,,0,0,0,1
1723494898,772,4,4,8,8,5.687,0,0,0.10 | 0.11 | 0.11,0,0.10 | 1.87 | 4.58,0,0.87 | 2.14 | 38.46,0.996,0.000,0,1,0,0,0,0,-1,0,0,0,,0,,0,,0,0,0,1
1723494898,772,4,4,8,8,5.687,0,0,0.10 | 0.11 | 0.11,0,0.10 | 1.87 | 4.58,0,0.87 | 2.14 | 38.46,0.996,0.000,0,1,0,0,0,0,-1,0,0,0,,0,,0,,0,0,0,1
1723494898,772,4,4,8,8,5.687,0,0,0.10 | 0.11 | 0.11,0,0.10 | 1.87 | 4.58,0,0.87 | 2.14 | 38.46,0.996,0.000,0,1,0,0,0,0,-1,0,0,0,,0,,0,,0,0,0,1
1723494899,772,4,4,8,8,4.624,0,0,0.10 | 0.11 | 0.11,0,0.10 | 1.87 | 4.58,0,0.87 | 2.14 | 38.46,0.996,0.000,0,1,0,0,0,0,-1,0,0,0,,0,,0,,0,0,0,1
1723494899,772,4,4,8,8,4.624,0,0,0.10 | 0.11 | 0.11,0,0.10 | 1.87 | 4.58,0,0.87 | 2.14 | 38.46,0.996,0.000,0,1,0,0,0,0,-1,0,0,0,,0,,0,,0,0,0,1
1723494899,772,4,4,8,8,4.624,0,0,0.10 | 0.11 | 0.11,0,0.10 | 1.87 | 4.58,0,0.87 | 2.14 | 38.46,0.996,0.000,0,1,0,0,0,0,-1,0,0,0,,0,,0,,0,0,0,1
1723494899,772,4,4,8,8,4.624,0,0,0.10 | 0.11 | 0.11,0,0.10 | 1.87 | 4.58,0,0.87 | 2.14 | 38.46,0.996,0.000,0,1,0,0,0,0,-1,0,0,0,,0,,0,,0,0,0,1
1723494899,772,4,4,8,8,4.624,0,0,0.10 | 0.11 | 0.11,0,0.10 | 1.87 | 4.58,0,0.87 | 2.14 | 38.46,0.996,0.000,0,1,0,0,0,0,-1,0,0,0,,0,,0,,0,0,0,1
1723494899,772,4,4,8,8,4.624,0,0,0.10 | 0.11 | 0.11,0,0.10 | 1.87 | 4.58,0,0.87 | 2.14 | 38.46,0.996,0.000,0,1,0,0,0,0,-1,0,0,0,,0,,0,,0,0,0,1
1723494899,772,4,4,8,8,4.624,0,0,0.10 | 0.11 | 0.11,0,0.10 | 1.87 | 4.58,0,0.87 | 2.14 | 38.46,0.996,0.000,0,1,0,0,0,0,-1,0,0,0,,0,,0,,0,0,0,1
1723494899,772,4,4,8,8,4.624,0,0,0.10 | 0.11 | 0.11,0,0.10 | 1.87 | 4.58,0,0.87 | 2.14 | 38.46,0.996,0.000,0,1,0,0,0,0,-1,0,0,0,,0,,0,,0,0,0,1
1723494899,772,4,4,8,8,4.624,0,0,0.10 | 0.11 | 0.11,0,0.10 | 1.87 | 4.58,0,0.87 | 2.14 | 38.46,0.996,0.000,0,1,0,0,0,0,-1,0,0,0,,0,,0,,0,0,0,1
1723494899,772,4,4,8,8,4.624,0,0,0.10 | 0.11 | 0.11,0,0.10 | 1.87 | 4.58,0,0.87 | 2.14 | 38.46,0.996,0.000,0,1,0,0,0,0,-1,0,0,0,,0,,0,,0,0,0,1
1723494900,772,4,4,8,8,3.562,0,0,0.10 | 0.11 | 0.11,0,0.10 | 1.87 | 4.58,0,0.87 | 2.14 | 38.46,0.996,0.000,0,1,0,0,0,0,-1,0,0,0,,0,,0,,0,0,0,1
1723494900,772,4,4,8,8,3.562,0,0,0.10 | 0.11 | 0.11,0,0.10 | 1.87 | 4.58,0,0.87 | 2.14 | 38.46,0.996,0.000,0,1,0,0,0,0,-1,0,0,0,,0,,0,,0,0,0,1
1723494900,772,4,4,8,8,3.562,0,0,0.10 | 0.11 | 0.11,0,0.10 | 1.87 | 4.58,0,0.87 | 2.14 | 38.46,0.996,0.000,0,1,0,0,0,0,-1,0,0,0,,0,,0,,0,0,0,1
1723494900,772,4,4,8,8,3.562,0,0,0.10 | 0.11 | 0.11,0,0.10 | 1.87 | 4.58,0,0.87 | 2.14 | 38.46,0.996,0.000,0,1,0,0,0,0,-1,0,0,0,,0,,0,,0,0,0,1
1723494900,772,4,4,8,8,3.562,0,0,0.10 | 0.11 | 0.11,0,0.10 | 1.87 | 4.58,0,0.87 | 2.14 | 38.46,0.996,0.000,0,1,0,0,0,0,-1,0,0,0,,0,,0,,0,0,0,1
1723494900,772,4,4,8,8,3.562,0,0,0.10 | 0.11 | 0.11,0,0.10 | 1.87 | 4.58,0,0.87 | 2.14 | 38.46,0.996,0.000,0,1,0,0,0,0,-1,0,0,0,,0,,0,,0,0,0,1
1723494900,772,4,4,8,8,3.562,0,0,0.10 | 0.11 | 0.11,0,0.10 | 1.87 | 4.58,0,0.87 | 2.14 | 38.46,0.996,0.000,0,1,0,0,0,0,-1,0,0,0,,0,,0,,0,0,0,1
1723494900,772,4,4,8,8,3.562,0,0,0.10 | 0.11 | 0.11,0,0.10 | 1.87 | 4.58,0,0.87 | 2.14 | 38.46,0.996,0.000,0,1,0,0,0,0,-1,0,0,0,,0,,0,,0,0,0,1
1723494900,772,4,4,8,8,3.562,0,0,0.10 | 0.11 | 0.11,0,0.10 | 1.87 | 4.58,0,0.87 | 2.14 | 38.46,0.996,0.000,0,1,0,0,0,0,-1,0,0,0,,0,,0,,0,0,0,1
1723494900,772,4,4,8,8,3.562,0,0,0.10 | 0.11 | 0.11,0,0.10 | 1.87 | 4.58,0,0.87 | 2.14 | 38.46,0.996,0.000,0,1,0,0,0,0,-1,0,0,0,,0,,0,,0,0,0,1
1723494901,772,4,4,8,8,2.499,0,0,0.10 | 0.11 | 0.11,0,0.10 | 1.87 | 4.58,0,0.87 | 2.14 | 38.46,0.996,0.000,0,1,0,0,0,0,-1,0,0,0,,0,,0,,0,0,0,1
1723494901,772,4,4,8,8,2.499,0,0,0.10 | 0.11 | 0.11,0,0.10 | 1.87 | 4.58,0,0.87 | 2.14 | 38.46,0.996,0.000,0,1,0,0,0,0,-1,0,0,0,,0,,0,,0,0,0,1
1723494901,772,4,4,8,8,2.499,0,0,0.10 | 0.11 | 0.11,0,0.10 | 1.87 | 4.58,0,0.87 | 2.14 | 38.46,0.996,0.000,0,1,0,0,0,0,-1,0,0,0,,0,,0,,0,0,0,1
1723494901,772,4,4,8,8,2.499,0,0,0.10 | 0.11 | 0.11,0,0.10 | 1.87 | 4.58,0,0.87 | 2.14 | 38.46,0.996,0.000,0,1,0,0,0,0,-1,0,0,0,,0,,0,,0,0,0,1
1723494901,772,4,4,8,8,2.499,0,0,0.10 | 0.11 | 0.11,0,0.10 | 1.87 | 4.58,0,0.87 | 2.14 | 38.46,0.996,0.000,0,1,0,0,0,0,-1,0,0,0,,0,,0,,0,0,0,1
1723494901,772,4,4,8,8,2.499,0,0,0.10 | 0.11 | 0.11,0,0.10 | 1.87 | 4.58,0,0.87 | 2.14 | 38.46,0.996,0.000,0,1,0,0,0,0,-1,0,0,0,,0,,0,,0,0,0,1
1723494901,772,4,4,8,8,2.499,0,0,0.10 | 0.11 | 0.11,0,0.10 | 1.87 | 4.58,0,0.87 | 2.14 | 38.46,0.996,0.000,0,1,0,0,0,0,-1,0,0,0,,0,,0,,0,0,0,1
1723494901,772,4,4,8,8,2.499,0,0,0.10 | 0.11 | 0.11,0,0.10 | 1.87 | 4.58,0,0.87 | 2.14 | 38.46,0.996,0.000,0,1,0,0,0,0,-1,0,0,0,,0,,0,,0,0,0,1
1723494901,772,4,4,8,8,2.499,0,0,0.10 | 0.11 | 0.11,0,0.10 | 1.87 | 4.58,0,0.87 | 2.14 | 38.46,0.996,0.000,0,1,0,0,0,0,-1,0,0,0,,0,,0,,0,0,0,1
1723494901,772,4,4,8,8,2.499,0,0,0.10 | 0.11 | 0.11,0,0.10 | 1.87 | 4.58,0,0.87 | 2.14 | 38.46,0.996,0.000,0,1,0,0,0,0,-1,0,0,0,,0,,0,,0,0,0,1
1723494902,772,4,4,8,8,1.702,0,0,0.10 | 0.11 | 0.11,0,0.10 | 1.87 | 4.58,0,0.87 | 2.14 | 38.46,0.996,0.000,0,1,0,0,0,0,-1,0,0,0,,0,,0,,0,0,0,1
1723494902,772,4,4,8,8,1.702,0,0,0.10 | 0.11 | 0.11,0,0.10 | 1.87 | 4.58,0,0.87 | 2.14 | 38.46,0.996,0.000,0,1,0,0,0,0,-1,0,0,0,,0,,0,,0,0,0,1
1723494902,772,4,4,8,8,1.702,0,0,0.10 | 0.11 | 0.11,0,0.10 | 1.87 | 4.58,0,0.87 | 2.14 | 38.46,0.996,0.000,0,1,0,0,0,0,-1,0,0,0,,0,,0,,0,0,0,1
1723494902,772,4,4,8,8,1.702,0,0,0.10 | 0.11 | 0.11,0,0.10 | 1.87 | 4.58,0,0.87 | 2.14 | 38.46,0.996,0.000,0,1,0,0,0,0,-1,0,0,0,,0,,0,,0,0,0,1
1723494902,772,4,4,8,8,1.702,0,0,0.10 | 0.11 | 0.11,0,0.10 | 1.87 | 4.58,0,0.87 | 2.14 | 38.46,0.996,0.000,0,1,0,0,0,0,-1,0,0,0,,0,,0,,0,0,0,1
1723494902,772,4,4,8,8,1.702,0,0,0.10 | 0.11 | 0.11,0,0.10 | 1.87 | 4.58,0,0.87 | 2.14 | 38.46,0.996,0.000,0,1,0,0,0,0,-1,0,0,0,,0,,0,,0,0,0,1
1723494902,772,4,4,8,8,1.702,0,0,0.10 | 0.11 | 0.11,0,0.10 | 1.87 | 4.58,0,0.87 | 2.14 | 38.46,0.996,0.000,0,1,0,0,0,0,-1,0,0,0,,0,,0,,0,0,0,1
1723494902,772,4,4,8,8,1.702,0,0,0.10 | 0.11 | 0.11,0,0.10 | 1.87 | 4.58,0,0.87 | 2.14 | 38.46,0.996,0.000,0,1,0,0,0,0,-1,0,0,0,,0,,0,,0,0,0,1
1723494902,772,4,4,8,8,1.702,0,0,0.10 | 0.11 | 0.11,0,0.10 | 1.87 | 4.58,0,0.87 | 2.14 | 38.46,0.996,0.000,0,1,0,0,0,0,-1,0,0,0,,0,,0,,0,0,0,1
1723494902,772,4,4,8,8,1.702,0,0,0.10 | 0.11 | 0.11,0,0.10 | 1.87 | 4.58,0,0.87 | 2.14 | 38.46,0.996,0.000,0,1,0,0,0,0,-1,0,0,0,,0,,0,,0,0,0,1
1723494903,772,4,4,8,8,0.64,0,0,0.10 | 0.11 | 0.11,0,0.10 | 1.87 | 4.58,0,0.87 | 2.14 | 38.46,0.996,0.000,0,1,0,0,0,0,-1,0,0,0,,0,,0,,0,0,0,1
1723494903,772,4,4,8,8,0.64,0,0,0.10 | 0.11 | 0.11,0,0.10 | 1.87 | 4.58,0,0.87 | 2.14 | 38.46,0.996,0.000,0,1,0,0,0,0,-1,0,0,0,,0,,0,,0,0,0,1
1723494903,772,4,4,8,8,0.64,0,0,0.10 | 0.11 | 0.11,0,0.10 | 1.87 | 4.58,0,0.87 | 2.14 | 38.46,0.996,0.000,0,1,0,0,0,0,-1,0,0,0,,0,,0,,0,0,0,1
1723494903,772,4,4,8,8,0.64,0,0,0.10 | 0.11 | 0.11,0,0.10 | 1.87 | 4.58,0,0.87 | 2.14 | 38.46,0.996,0.000,0,1,0,0,0,0,-1,0,0,0,,0,,0,,0,0,0,1
1723494903,772,4,4,8,8,0.64,0,0,0.10 | 0.11 | 0.11,0,0.10 | 1.87 | 4.58,0,0.87 | 2.14 | 38.46,0.996,0.000,0,1,0,0,0,0,-1,0,0,0,,0,,0,,0,0,0,1
