ts,videoBitrate,videoIndex,videoPendingIndex,videoPendingMaxIndex,videoMaxIndex,videoBufferLength,videoDroppedFrames,videoLatencyCount,videoLatency,videoDownloadCount,videoDownload,videoRatioCount,videoRatio,videoMtp,videoEtp,videoLiveLatency,videoPlaybackRate,audioBitrate,audioIndex,audioPendingIndex,audioPendingMaxIndex,audioMaxIndex,audioBufferLength,audioDroppedFrames,audioLatencyCount,audioLatency,audioDownloadCount,audioDownload,audioRatioCount,audioRatio,audioMtp,audioEtp,audioLiveLatency,audioPlaybackRate
1723521591,3843,5,8,8,8,7.467,0,0,0.10 | 0.11 | 0.11,0,0.23 | 0.25 | 0.27,0,15.04 | 16.16 | 17.47,8.078,0.000,0,1,0,0,0,0,-1,0,0,0,,0,,0,,0,0,0,1
1723521591,3843,5,8,8,8,7.467,0,0,0.10 | 0.11 | 0.11,0,0.23 | 0.25 | 0.27,0,15.04 | 16.16 | 17.47,8.078,0.000,0,1,0,0,0,0,-1,0,0,0,,0,,0,,0,0,0,1
1723521591,3843,5,8,8,8,7.467,0,0,0.10 | 0.11 | 0.11,0,0.23 | 0.25 | 0.27,0,15.04 | 16.16 | 17.47,8.078,0.000,0,1,0,0,0,0,-1,0,0,0,,0,,0,,0,0,0,1
1723521591,3843,5,8,8,8,7.467,0,0,0.10 | 0.11 | 0.11,0,0.23 | 0.25 | 0.27,0,15.04 | 16.16 | 17.47,8.078,0.000,0,1,0,0,0,0,-1,0,0,0,,0,,0,,0,0,0,1
1723521592,3843,5,8,8,8,7.467,0,0,0.10 | 0.11 | 0.11,0,0.23 | 0.25 | 0.27,0,15.04 | 16.16 | 17.47,8.078,0.000,0,1,0,0,0,0,-1,0,0,0,,0,,0,,0,0,0,1
1723521592,3843,5,8,8,8,7.467,0,0,0.10 | 0.11 | 0.11,0,0.23 | 0.25 | 0.27,0,15.04 | 16.16 | 17.47,8.078,0.000,0,1,0,0,0,0,-1,0,0,0,,0,,0,,0,0,0,1
1723521592,3843,5,8,8,8,7.467,0,0,0.10 | 0.11 | 0.11,0,0.23 | 0.25 | 0.27,0,15.04 | 16.16 | 17.47,8.078,0.000,0,1,0,0,0,0,-1,0,0,0,,0,,0,,0,0,0,1
1723521592,3843,5,8,8,8,7.467,0,0,0.10 | 0.11 | 0.11,0,0.23 | 0.25 | 0.27,0,15.04 | 16.16 | 17.47,8.078,0.000,0,1,0,0,0,0,-1,0,0,0,,0,,0,,0,0,0,1
1723521592,3843,5,8,8,8,6.513,0,0,0.10 | 0.11 | 0.11,0,0.23 | 0.25 | 0.27,0,15.04 | 16.16 | 17.47,8.078,0.000,0,1,0,0,0,0,-1,0,0,0,,0,,0,,0,0,0,1
1723521592,3843,5,8,8,8,6.513,0,0,0.10 | 0.11 | 0.11,0,0.23 | 0.25 | 0.27,0,15.04 | 16.16 | 17.47,8.078,0.000,0,1,0,0,0,0,-1,0,0,0,,0,,0,,0,0,0,1
1723521592,3843,5,8,8,8,6.513,0,0,0.10 | 0.11 | 0.11,0,0.23 | 0.25 | 0.27,0,15.04 | 16.16 | 17.47,8.078,0.000,0,1,0,0,0,0,-1,0,0,0,,0,,0,,0,0,0,1
1723521592,3843,5,8,8,8,6.513,0,0,0.10 | 0.11 | 0.11,0,0.23 | 0.25 | 0.27,0,15.04 | 16.16 | 17.47,8.078,0.000,0,1,0,0,0,0,-1,0,0,0,,0,,0,,0,0,0,1
1723521592,3843,5,8,8,8,6.513,0,0,0.10 | 0.11 | 0.11,0,0.23 | 0.25 | 0.27,0,15.04 | 16.16 | 17.47,8.078,0.000,0,1,0,0,0,0,-1,0,0,0,,0,,0,,0,0,0,1
1723521592,3843,5,8,8,8,6.513,0,0,0.10 | 0.11 | 0.11,0,0.23 | 0.25 | 0.27,0,15.04 | 16.16 | 17.47,8.078,0.000,0,1,0,0,0,0,-1,0,0,0,,0,,0,,0,0,0,1
1723521593,3843,5,8,8,8,6.513,0,0,0.10 | 0.11 | 0.11,0,0.23 | 0.25 | 0.27,0,15.04 | 16.16 | 17.47,8.078,0.000,0,1,0,0,0,0,-1,0,0,0,,0,,0,,0,0,0,1
1723521593,3843,5,8,8,8,6.513,0,0,0.10 | 0.11 | 0.11,0,0.23 | 0.25 | 0.27,0,15.04 | 16.16 | 17.47,8.078,0.000,0,1,0,0,0,0,-1,0,0,0,,0,,0,,0,0,0,1
1723521593,3843,5,8,8,8,6.513,0,0,0.10 | 0.11 | 0.11,0,0.23 | 0.25 | 0.27,0,15.04 | 16.16 | 17.47,8.078,0.000,0,1,0,0,0,0,-1,0,0,0,,0,,0,,0,0,0,1
1723521593,3843,5,8,8,8,6.513,0,0,0.10 | 0.11 | 0.11,0,0.23 | 0.25 | 0.27,0,15.04 | 16.16 | 17.47,8.078,0.000,0,1,0,0,0,0,-1,0,0,0,,0,,0,,0,0,0,1
1723521593,3843,5,8,8,8,5.451,0,0,0.10 | 0.11 | 0.11,0,0.23 | 0.25 | 0.27,0,15.04 | 16.16 | 17.47,8.078,0.000,0,1,0,0,0,0,-1,0,0,0,,0,,0,,0,0,0,1
1723521593,3843,5,8,8,8,5.451,0,0,0.10 | 0.11 | 0.11,0,0.23 | 0.25 | 0.27,0,15.04 | 16.16 | 17.47,8.078,0.000,0,1,0,0,0,0,-1,0,0,0,,0,,0,,0,0,0,1
1723521593,3843,5,8,8,8,5.451,0,0,0.10 | 0.11 | 0.11,0,0.23 | 0.25 | 0.27,0,15.04 | 16.16 | 17.47,8.078,0.000,0,1,0,0,0,0,-1,0,0,0,,0,,0,,0,0,0,1
1723521593,3843,5,8,8,8,5.451,0,0,0.10 | 0.11 | 0.11,0,0.23 | 0.25 | 0.27,0,15.04 | 16.16 | 17.47,8.078,0.000,0,1,0,0,0,0,-1,0,0,0,,0,,0,,0,0,0,1
1723521593,3843,5,8,8,8,5.451,0,0,0.10 | 0.11 | 0.11,0,0.23 | 0.25 | 0.27,0,15.04 | 16.16 | 17.47,8.078,0.000,0,1,0,0,0,0,-1,0,0,0,,0,,0,,0,0,0,1
1723521593,3843,5,8,8,8,5.451,0,0,0.10 | 0.11 | 0.11,0,0.23 | 0.25 | 0.27,0,15.04 | 16.16 | 17.47,8.078,0.000,0,1,0,0,0,0,-1,0,0,0,,0,,0,,0,0,0,1
1723521594,3843,5,8,8,8,5.451,0,0,0.10 | 0.11 | 0.11,0,0.23 | 0.25 | 0.27,0,15.04 | 16.16 | 17.47,8.078,0.000,0,1,0,0,0,0,-1,0,0,0,,0,,0,,0,0,0,1
1723521594,3843,5,8,8,8,5.451,0,0,0.10 | 0.11 | 0.11,0,0.23 | 0.25 | 0.27,0,15.04 | 16.16 | 17.47,8.078,0.000,0,1,0,0,0,0,-1,0,0,0,,0,,0,,0,0,0,1
1723521594,3843,5,8,8,8,5.451,0,0,0.10 | 0.11 | 0.11,0,0.23 | 0.25 | 0.27,0,15.04 | 16.16 | 17.47,8.078,0.000,0,1,0,0,0,0,-1,0,0,0,,0,,0,,0,0,0,1
1723521594,3843,5,8,8,8,5.451,0,0,0.10 | 0.11 | 0.11,0,0.23 | 0.25 | 0.27,0,15.04 | 16.16 | 17.47,8.078,0.000,0,1,0,0,0,0,-1,0,0,0,,0,,0,,0,0,0,1
1723521594,3843,5,8,8,8,9.189,0,0,0.10 | 0.11 | 0.11,0,0.23 | 0.95 | 2.35,0,1.70 | 4.21 | 17.47,8.548,0.000,0,1,0,0,0,0,-1,0,0,0,,0,,0,,0,0,0,1
1723521594,3843,5,8,8,8,9.189,0,0,0.10 | 0.11 | 0.11,0,0.23 | 0.95 | 2.35,0,1.70 | 4.21 | 17.47,8.548,0.000,0,1,0,0,0,0,-1,0,0,0,,0,,0,,0,0,0,1
1723521594,3843,5,8,8,8,9.189,0,0,0.10 | 0.11 | 0.11,0,0.23 | 0.95 | 2.35,0,1.70 | 4.21 | 17.47,8.548,0.000,0,1,0,0,0,0,-1,0,0,0,,0,,0,,0,0,0,1
1723521594,3843,5,8,8,8,9.189,0,0,0.10 | 0.11 | 0.11,0,0.23 | 0.95 | 2.35,0,1.70 | 4.21 | 17.47,8.548,0.000,0,1,0,0,0,0,-1,0,0,0,,0,,0,,0,0,0,1
1723521594,3843,5,8,8,8,9.189,0,0,0.10 | 0.11 | 0.11,0,0.23 | 0.95 | 2.35,0,1.70 | 4.21 | 17.47,8.548,0.000,0,1,0,0,0,0,-1,0,0,0,,0,,0,,0,0,0,1
1723521594,3843,8,8,8,8,9.189,0,0,0.10 | 0.11 | 0.11,0,0.23 | 0.95 | 2.35,0,1.70 | 4.21 | 17.47,8.548,0.000,0,1,0,0,0,0,-1,0,0,0,,0,,0,,0,0,0,1
1723521595,3843,8,8,8,8,9.189,0,0,0.10 | 0.11 | 0.11,0,0.23 | 0.95 | 2.35,0,1.70 | 4.21 | 17.47,8.548,0.000,0,1,0,0,0,0,-1,0,0,0,,0,,0,,0,0,0,1
1723521595,3843,8,8,8,8,9.189,0,0,0.10 | 0.11 | 0.11,0,0.23 | 0.95 | 2.35,0,1.70 | 4.21 | 17.47,8.548,0.000,0,1,0,0,0,0,-1,0,0,0,,0,,0,,0,0,0,1
1723521595,3843,8,8,8,8,9.189,0,0,0.10 | 0.11 | 0.11,0,0.23 | 0.95 | 2.35,0,1.70 | 4.21 | 17.47,8.548,0.000,0,1,0,0,0,0,-1,0,0,0,,0,,0,,0,0,0,1
1723521595,3843,8,8,8,8,9.189,0,0,0.10 | 0.11 | 0.11,0,0.23 | 0.95 | 2.35,0,1.70 | 4.21 | 17.47,8.548,0.000,0,1,0,0,0,0,-1,0,0,0,,0,,0,,0,0,0,1
1723521595,3843,8,8,8,8,11.514,0,0,0.10 | 0.11 | 0.11,0,0.23 | 1.04 | 2.35,0,1.70 | 3.85 | 17.47,8.786,0.000,0,1,0,0,0,0,-1,0,0,0,,0,,0,,0,0,0,1
1723521595,3843,8,8,8,8,11.514,0,0,0.10 | 0.11 | 0.11,0,0.23 | 1.04 | 2.35,0,1.70 | 3.85 | 17.47,8.786,0.000,0,1,0,0,0,0,-1,0,0,0,,0,,0,,0,0,0,1
1723521595,3843,8,8,8,8,11.514,0,0,0.10 | 0.11 | 0.11,0,0.23 | 1.04 | 2.35,0,1.70 | 3.85 | 17.47,8.786,0.000,0,1,0,0,0,0,-1,0,0,0,,0,,0,,0,0,0,1
1723521595,3843,8,8,8,8,11.514,0,0,0.10 | 0.11 | 0.11,0,0.23 | 1.04 | 2.35,0,1.70 | 3.85 | 17.47,8.786,0.000,0,1,0,0,0,0,-1,0,0,0,,0,,0,,0,0,0,1
1723521595,3843,8,8,8,8,11.514,0,0,0.10 | 0.11 | 0.11,0,0.23 | 1.04 | 2.35,0,1.70 | 3.85 | 17.47,8.786,0.000,0,1,0,0,0,0,-1,0,0,0,,0,,0,,0,0,0,1
1723521595,3843,8,8,8,8,11.514,0,0,0.10 | 0.11 | 0.11,0,0.23 | 1.04 | 2.35,0,1.70 | 3.85 | 17.47,8.786,0.000,0,1,0,0,0,0,-1,0,0,0,,0,,0,,0,0,0,1
1723521596,3843,8,8,8,8,11.514,0,0,0.10 | 0.11 | 0.11,0,0.23 | 1.04 | 2.35,0,1.70 | 3.85 | 17.47,8.786,0.000,0,1,0,0,0,0,-1,0,0,0,,0,,0,,0,0,0,1
1723521596,3843,8,8,8,8,11.514,0,0,0.10 | 0.11 | 0.11,0,0.23 | 1.04 | 2.35,0,1.70 | 3.85 | 17.47,8.786,0.000,0,1,0,0,0,0,-1,0,0,0,,0,,0,,0,0,0,1
1723521596,3843,8,8,8,8,11.514,0,0,0.10 | 0.11 | 0.11,0,0.23 | 1.04 | 2.35,0,1.70 | 3.85 | 17.47,8.786,0.000,0,1,0,0,0,0,-1,0,0,0,,0,,0,,0,0,0,1
1723521596,3843,8,8,8,8,11.514,0,0,0.10 | 0.11 | 0.11,0,0.23 | 1.04 | 2.35,0,1.70 | 3.85 | 17.47,8.786,0.000,0,1,0,0,0,0,-1,0,0,0,,0,,0,,0,0,0,1
1723521596,3843,8,8,8,8,10.529,0,0,0.10 | 0.11 | 0.11,0,0.23 | 1.04 | 2.35,0,1.70 | 3.85 | 17.47,8.786,0.000,0,1,0,0,0,0,-1,0,0,0,,0,,0,,0,0,0,1
1723521596,3843,8,8,8,8,10.529,0,0,0.10 | 0.11 | 0.11,0,0.23 | 1.04 | 2.35,0,1.70 | 3.85 | 17.47,8.786,0.000,0,1,0,0,0,0,-1,0,0,0,,0,,0,,0,0,0,1
1723521596,3843,8,8,8,8,10.529,0,0,0.10 | 0.11 | 0.11,0,0.23 | 1.04 | 2.35,0,1.70 | 3.85 | 17.47,8.786,0.000,0,1,0,0,0,0,-1,0,0,0,,0,,0,,0,0,0,1
1723521596,3843,8,8,8,8,10.529,0,0,0.10 | 0.11 | 0.11,0,0.23 | 1.04 | 2.35,0,1.70 | 3.85 | 17.47,8.786,0.000,0,1,0,0,0,0,-1,0,0,0,,0,,0,,0,0,0,1
1723521596,3843,8,8,8,8,10.529,0,0,0.10 | 0.11 | 0.11,0,0.23 | 1.04 | 2.35,0,1.70 | 3.85 | 17.47,8.786,0.000,0,1,0,0,0,0,-1,0,0,0,,0,,0,,0,0,0,1
1723521596,3843,8,8,8,8,10.529,0,0,0.10 | 0.11 | 0.11,0,0.23 | 1.04 | 2.35,0,1.70 | 3.85 | 17.47,8.786,0.000,0,1,0,0,0,0,-1,0,0,0,,0,,0,,0,0,0,1
1723521597,3843,8,8,8,8,10.529,0,0,0.10 | 0.11 | 0.11,0,0.23 | 1.04 | 2.35,0,1.70 | 3.85 | 17.47,8.786,0.000,0,1,0,0,0,0,-1,0,0,0,,0,,0,,0,0,0,1
1723521597,3843,8,8,8,8,10.529,0,0,0.10 | 0.11 | 0.11,0,0.23 | 1.04 | 2.35,0,1.70 | 3.85 | 17.47,8.786,0.000,0,1,0,0,0,0,-1,0,0,0,,0,,0,,0,0,0,1
1723521597,3843,8,8,8,8,10.529,0,0,0.10 | 0.11 | 0.11,0,0.23 | 1.04 | 2.35,0,1.70 | 3.85 | 17.47,8.786,0.000,0,1,0,0,0,0,-1,0,0,0,,0,,0,,0,0,0,1
1723521597,3843,8,8,8,8,10.529,0,0,0.10 | 0.11 | 0.11,0,0.23 | 1.04 | 2.35,0,1.70 | 3.85 | 17.47,8.786,0.000,0,1,0,0,0,0,-1,0,0,0,,0,,0,,0,0,0,1
1723521597,3843,8,8,8,8,14.267,0,0,0.11 | 0.11 | 0.11,0,0.23 | 1.40 | 2.35,0,1.70 | 2.85 | 17.47,9.486,0.000,0,1,0,0,0,0,-1,0,0,0,,0,,0,,0,0,0,1
1723521597,3843,8,8,8,8,14.267,0,0,0.11 | 0.11 | 0.11,0,0.23 | 1.40 | 2.35,0,1.70 | 2.85 | 17.47,9.486,0.000,0,1,0,0,0,0,-1,0,0,0,,0,,0,,0,0,0,1
1723521597,3843,8,8,8,8,14.267,0,0,0.11 | 0.11 | 0.11,0,0.23 | 1.40 | 2.35,0,1.70 | 2.85 | 17.47,9.486,0.000,0,1,0,0,0,0,-1,0,0,0,,0,,0,,0,0,0,1
1723521597,3843,8,8,8,8,14.267,0,0,0.11 | 0.11 | 0.11,0,0.23 | 1.40 | 2.35,0,1.70 | 2.85 | 17.47,9.486,0.000,0,1,0,0,0,0,-1,0,0,0,,0,,0,,0,0,0,1
1723521597,3843,8,8,8,8,14.267,0,0,0.11 | 0.11 | 0.11,0,0.23 | 1.40 | 2.35,0,1.70 | 2.85 | 17.47,9.486,0.000,0,1,0,0,0,0,-1,0,0,0,,0,,0,,0,0,0,1
1723521597,3843,8,8,8,8,14.267,0,0,0.11 | 0.11 | 0.11,0,0.23 | 1.40 | 2.35,0,1.70 | 2.85 | 17.47,9.486,0.000,0,1,0,0,0,0,-1,0,0,0,,0,,0,,0,0,0,1
1723521598,3843,8,8,8,8,14.267,0,0,0.11 | 0.11 | 0.11,0,0.23 | 1.40 | 2.35,0,1.70 | 2.85 | 17.47,9.486,0.000,0,1,0,0,0,0,-1,0,0,0,,0,,0,,0,0,0,1
1723521598,3843,8,8,8,8,14.267,0,0,0.11 | 0.11 | 0.11,0,0.23 | 1.40 | 2.35,0,1.70 | 2.85 | 17.47,9.486,0.000,0,1,0,0,0,0,-1,0,0,0,,0,,0,,0,0,0,1
1723521598,3843,8,8,8,8,14.267,0,0,0.11 | 0.11 | 0.11,0,0.23 | 1.40 | 2.35,0,1.70 | 2.85 | 17.47,9.486,0.000,0,1,0,0,0,0,-1,0,0,0,,0,,0,,0,0,0,1
1723521598,3843,8,8,8,8,14.267,0,0,0.11 | 0.11 | 0.11,0,0.23 | 1.40 | 2.35,0,1.70 | 2.85 | 17.47,9.486,0.000,0,1,0,0,0,0,-1,0,0,0,,0,,0,,0,0,0,1
1723521598,3843,8,8,8,8,13.204,0,0,0.11 | 0.11 | 0.11,0,0.23 | 1.40 | 2.35,0,1.70 | 2.85 | 17.47,9.486,0.000,0,1,0,0,0,0,-1,0,0,0,,0,,0,,0,0,0,1
1723521598,3843,8,8,8,8,13.204,0,0,0.11 | 0.11 | 0.11,0,0.23 | 1.40 | 2.35,0,1.70 | 2.85 | 17.47,9.486,0.000,0,1,0,0,0,0,-1,0,0,0,,0,,0,,0,0,0,1
1723521598,3843,8,8,8,8,13.204,0,0,0.11 | 0.11 | 0.11,0,0.23 | 1.40 | 2.35,0,1.70 | 2.85 | 17.47,9.486,0.000,0,1,0,0,0,0,-1,0,0,0,,0,,0,,0,0,0,1
1723521598,3843,8,8,8,8,13.204,0,0,0.11 | 0.11 | 0.11,0,0.23 | 1.40 | 2.35,0,1.70 | 2.85 | 17.47,9.486,0.000,0,1,0,0,0,0,-1,0,0,0,,0,,0,,0,0,0,1
1723521598,3843,8,8,8,8,13.204,0,0,0.11 | 0.11 | 0.11,0,0.23 | 1.40 | 2.35,0,1.70 | 2.85 | 17.47,9.486,0.000,0,1,0,0,0,0,-1,0,0,0,,0,,0,,0,0,0,1
1723521598,3843,8,8,8,8,13.204,0,0,0.11 | 0.11 | 0.11,0,0.23 | 1.40 | 2.35,0,1.70 | 2.85 | 17.47,9.486,0.000,0,1,0,0,0,0,-1,0,0,0,,0,,0,,0,0,0,1
1723521599,3843,8,8,8,8,13.204,0,0,0.11 | 0.11 | 0.11,0,0.23 | 1.40 | 2.35,0,1.70 | 2.85 | 17.47,9.486,0.000,0,1,0,0,0,0,-1,0,0,0,,0,,0,,0,0,0,1
1723521599,3843,8,8,8,8,13.204,0,0,0.11 | 0.11 | 0.11,0,0.23 | 1.40 | 2.35,0,1.70 | 2.85 | 17.47,9.486,0.000,0,1,0,0,0,0,-1,0,0,0,,0,,0,,0,0,0,1
1723521599,3843,8,8,8,8,13.204,0,0,0.11 | 0.11 | 0.11,0,0.23 | 1.40 | 2.35,0,1.70 | 2.85 | 17.47,9.486,0.000,0,1,0,0,0,0,-1,0,0,0,,0,,0,,0,0,0,1
1723521599,3843,8,8,8,8,13.204,0,0,0.11 | 0.11 | 0.11,0,0.23 | 1.40 | 2.35,0,1.70 | 2.85 | 17.47,9.486,0.000,0,1,0,0,0,0,-1,0,0,0,,0,,0,,0,0,0,1
1723521599,3843,8,8,8,8,15.608,0,0,0.11 | 0.11 | 0.11,0,1.31 | 1.72 | 2.35,0,1.70 | 2.32 | 3.06,9.491,0.000,0,1,0,0,0,0,-1,0,0,0,,0,,0,,0,0,0,1
1723521599,3843,8,8,8,8,15.608,0,0,0.11 | 0.11 | 0.11,0,1.31 | 1.72 | 2.35,0,1.70 | 2.32 | 3.06,9.491,0.000,0,1,0,0,0,0,-1,0,0,0,,0,,0,,0,0,0,1
1723521599,3843,8,8,8,8,15.608,0,0,0.11 | 0.11 | 0.11,0,1.31 | 1.72 | 2.35,0,1.70 | 2.32 | 3.06,9.491,0.000,0,1,0,0,0,0,-1,0,0,0,,0,,0,,0,0,0,1
1723521599,3843,8,8,8,8,15.608,0,0,0.11 | 0.11 | 0.11,0,1.31 | 1.72 | 2.35,0,1.70 | 2.32 | 3.06,9.491,0.000,0,1,0,0,0,0,-1,0,0,0,,0,,0,,0,0,0,1
1723521599,3843,8,8,8,8,15.608,0,0,0.11 | 0.11 | 0.11,0,1.31 | 1.72 | 2.35,0,1.70 | 2.32 | 3.06,9.491,0.000,0,1,0,0,0,0,-1,0,0,0,,0,,0,,0,0,0,1
1723521599,3843,8,8,8,8,15.608,0,0,0.11 | 0.11 | 0.11,0,1.31 | 1.72 | 2.35,0,1.70 | 2.32 | 3.06,9.491,0.000,0,1,0,0,0,0,-1,0,0,0,,0,,0,,0,0,0,1
1723521600,3843,8,8,8,8,15.608,0,0,0.11 | 0.11 | 0.11,0,1.31 | 1.72 | 2.35,0,1.70 | 2.32 | 3.06,9.491,0.000,0,1,0,0,0,0,-1,0,0,0,,0,,0,,0,0,0,1
1723521600,3843,8,8,8,8,15.608,0,0,0.11 | 0.11 | 0.11,0,1.31 | 1.72 | 2.35,0,1.70 | 2.32 | 3.06,9.491,0.000,0,1,0,0,0,0,-1,0,0,0,,0,,0,,0,0,0,1
1723521600,3843,8,8,8,8,15.608,0,0,0.11 | 0.11 | 0.11,0,1.31 | 1.72 | 2.35,0,1.70 | 2.32 | 3.06,9.491,0.000,0,1,0,0,0,0,-1,0,0,0,,0,,0,,0,0,0,1
1723521600,3843,8,8,8,8,15.608,0,0,0.11 | 0.11 | 0.11,0,1.31 | 1.72 | 2.35,0,1.70 | 2.32 | 3.06,9.491,0.000,0,1,0,0,0,0,-1,0,0,0,,0,,0,,0,0,0,1
1723521600,3843,8,8,8,8,14.545,0,0,0.11 | 0.11 | 0.11,0,1.31 | 1.72 | 2.35,0,1.70 | 2.32 | 3.06,9.491,0.000,0,1,0,0,0,0,-1,0,0,0,,0,,0,,0,0,0,1
1723521600,3843,8,8,8,8,14.545,0,0,0.11 | 0.11 | 0.11,0,1.31 | 1.72 | 2.35,0,1.70 | 2.32 | 3.06,9.491,0.000,0,1,0,0,0,0,-1,0,0,0,,0,,0,,0,0,0,1
1723521600,3843,8,8,8,8,14.545,0,0,0.11 | 0.11 | 0.11,0,1.31 | 1.72 | 2.35,0,1.70 | 2.32 | 3.06,9.491,0.000,0,1,0,0,0,0,-1,0,0,0,,0,,0,,0,0,0,1
1723521600,3843,8,8,8,8,14.545,0,0,0.11 | 0.11 | 0.11,0,1.31 | 1.72 | 2.35,0,1.70 | 2.32 | 3.06,9.491,0.000,0,1,0,0,0,0,-1,0,0,0,,0,,0,,0,0,0,1
1723521600,3843,8,8,8,8,14.545,0,0,0.11 | 0.11 | 0.11,0,1.31 | 1.72 | 2.35,0,1.70 | 2.32 | 3.06,9.491,0.000,0,1,0,0,0,0,-1,0,0,0,,0,,0,,0,0,0,1
1723521600,3843,8,8,8,8,14.545,0,0,0.11 | 0.11 | 0.11,0,1.31 | 1.72 | 2.35,0,1.70 | 2.32 | 3.06,9.491,0.000,0,1,0,0,0,0,-1,0,0,0,,0,,0,,0,0,0,1
1723521601,3843,8,8,8,8,14.545,0,0,0.11 | 0.11 | 0.11,0,1.31 | 1.72 | 2.35,0,1.70 | 2.32 | 3.06,9.491,0.000,0,1,0,0,0,0,-1,0,0,0,,0,,0,,0,0,0,1
1723521601,3843,8,8,8,8,14.545,0,0,0.11 | 0.11 | 0.11,0,1.31 | 1.72 | 2.35,0,1.70 | 2.32 | 3.06,9.491,0.000,0,1,0,0,0,0,-1,0,0,0,,0,,0,,0,0,0,1
1723521601,3843,8,8,8,8,14.545,0,0,0.11 | 0.11 | 0.11,0,1.31 | 1.72 | 2.35,0,1.70 | 2.32 | 3.06,9.491,0.000,0,1,0,0,0,0,-1,0,0,0,,0,,0,,0,0,0,1
1723521601,3843,8,8,8,8,14.545,0,0,0.11 | 0.11 | 0.11,0,1.31 | 1.72 | 2.35,0,1.70 | 2.32 | 3.06,9.491,0.000,0,1,0,0,0,0,-1,0,0,0,,0,,0,,0,0,0,1
1723521601,3843,8,8,8,8,18.283,0,0,0.11 | 0.11 | 0.11,0,1.31 | 1.58 | 1.76,0,2.27 | 2.54 | 3.06,9.491,0.000,0,1,0,0,0,0,-1,0,0,0,,0,,0,,0,0,0,1
1723521601,3843,8,8,8,8,18.283,0,0,0.11 | 0.11 | 0.11,0,1.31 | 1.58 | 1.76,0,2.27 | 2.54 | 3.06,9.491,0.000,0,1,0,0,0,0,-1,0,0,0,,0,,0,,0,0,0,1
1723521601,3843,8,8,8,8,18.283,0,0,0.11 | 0.11 | 0.11,0,1.31 | 1.58 | 1.76,0,2.27 | 2.54 | 3.06,9.491,0.000,0,1,0,0,0,0,-1,0,0,0,,0,,0,,0,0,0,1
1723521601,3843,8,8,8,8,18.283,0,0,0.11 | 0.11 | 0.11,0,1.31 | 1.58 | 1.76,0,2.27 | 2.54 | 3.06,9.491,0.000,0,1,0,0,0,0,-1,0,0,0,,0,,0,,0,0,0,1
1723521601,3843,8,8,8,8,18.283,0,0,0.11 | 0.11 | 0.11,0,1.31 | 1.58 | 1.76,0,2.27 | 2.54 | 3.06,9.491,0.000,0,1,0,0,0,0,-1,0,0,0,,0,,0,,0,0,0,1
1723521601,3843,8,8,8,8,18.283,0,0,0.11 | 0.11 | 0.11,0,1.31 | 1.58 | 1.76,0,2.27 | 2.54 | 3.06,9.491,0.000,0,1,0,0,0,0,-1,0,0,0,,0,,0,,0,0,0,1
1723521602,3843,8,8,8,8,18.283,0,0,0.11 | 0.11 | 0.11,0,1.31 | 1.58 | 1.76,0,2.27 | 2.54 | 3.06,9.491,0.000,0,1,0,0,0,0,-1,0,0,0,,0,,0,,0,0,0,1
1723521602,3843,8,8,8,8,18.283,0,0,0.11 | 0.11 | 0.11,0,1.31 | 1.58 | 1.76,0,2.27 | 2.54 | 3.06,9.491,0.000,0,1,0,0,0,0,-1,0,0,0,,0,,0,,0,0,0,1
1723521602,3843,8,8,8,8,18.283,0,0,0.11 | 0.11 | 0.11,0,1.31 | 1.58 | 1.76,0,2.27 | 2.54 | 3.06,9.491,0.000,0,1,0,0,0,0,-1,0,0,0,,0,,0,,0,0,0,1
1723521602,3843,8,8,8,8,18.283,0,0,0.11 | 0.11 | 0.11,0,1.31 | 1.58 | 1.76,0,2.27 | 2.54 | 3.06,9.491,0.000,0,1,0,0,0,0,-1,0,0,0,,0,,0,,0,0,0,1
1723521602,3843,8,8,8,8,20.42,0,0,0.11 | 0.11 | 0.11,0,1.36 | 1.59 | 1.76,0,2.27 | 2.52 | 2.95,9.492,0.000,0,1,0,0,0,0,-1,0,0,0,,0,,0,,0,0,0,1
1723521602,3843,8,8,8,8,20.42,0,0,0.11 | 0.11 | 0.11,0,1.36 | 1.59 | 1.76,0,2.27 | 2.52 | 2.95,9.492,0.000,0,1,0,0,0,0,-1,0,0,0,,0,,0,,0,0,0,1
1723521602,3843,8,8,8,8,20.42,0,0,0.11 | 0.11 | 0.11,0,1.36 | 1.59 | 1.76,0,2.27 | 2.52 | 2.95,9.492,0.000,0,1,0,0,0,0,-1,0,0,0,,0,,0,,0,0,0,1
1723521602,3843,8,8,8,8,20.42,0,0,0.11 | 0.11 | 0.11,0,1.36 | 1.59 | 1.76,0,2.27 | 2.52 | 2.95,9.492,0.000,0,1,0,0,0,0,-1,0,0,0,,0,,0,,0,0,0,1
1723521602,3843,8,8,8,8,20.42,0,0,0.11 | 0.11 | 0.11,0,1.36 | 1.59 | 1.76,0,2.27 | 2.52 | 2.95,9.492,0.000,0,1,0,0,0,0,-1,0,0,0,,0,,0,,0,0,0,1
1723521602,3843,8,8,8,8,20.42,0,0,0.11 | 0.11 | 0.11,0,1.36 | 1.59 | 1.76,0,2.27 | 2.52 | 2.95,9.492,0.000,0,1,0,0,0,0,-1,0,0,0,,0,,0,,0,0,0,1
1723521603,3843,8,8,8,8,20.42,0,0,0.11 | 0.11 | 0.11,0,1.36 | 1.59 | 1.76,0,2.27 | 2.52 | 2.95,9.492,0.000,0,1,0,0,0,0,-1,0,0,0,,0,,0,,0,0,0,1
1723521603,3843,8,8,8,8,20.42,0,0,0.11 | 0.11 | 0.11,0,1.36 | 1.59 | 1.76,0,2.27 | 2.52 | 2.95,9.492,0.000,0,1,0,0,0,0,-1,0,0,0,,0,,0,,0,0,0,1
1723521603,3843,8,8,8,8,20.42,0,0,0.11 | 0.11 | 0.11,0,1.36 | 1.59 | 1.76,0,2.27 | 2.52 | 2.95,9.492,0.000,0,1,0,0,0,0,-1,0,0,0,,0,,0,,0,0,0,1
1723521603,3843,8,8,8,8,20.42,0,0,0.11 | 0.11 | 0.11,0,1.36 | 1.59 | 1.76,0,2.27 | 2.52 | 2.95,9.492,0.000,0,1,0,0,0,0,-1,0,0,0,,0,,0,,0,0,0,1
1723521603,3843,8,8,8,8,19.623,0,0,0.11 | 0.11 | 0.11,0,1.36 | 1.59 | 1.76,0,2.27 | 2.52 | 2.95,9.492,0.000,0,1,0,0,0,0,-1,0,0,0,,0,,0,,0,0,0,1
1723521603,3843,8,8,8,8,19.623,0,0,0.11 | 0.11 | 0.11,0,1.36 | 1.59 | 1.76,0,2.27 | 2.52 | 2.95,9.492,0.000,0,1,0,0,0,0,-1,0,0,0,,0,,0,,0,0,0,1
1723521603,3843,8,8,8,8,19.623,0,0,0.11 | 0.11 | 0.11,0,1.36 | 1.59 | 1.76,0,2.27 | 2.52 | 2.95,9.492,0.000,0,1,0,0,0,0,-1,0,0,0,,0,,0,,0,0,0,1
1723521603,3843,8,8,8,8,19.623,0,0,0.11 | 0.11 | 0.11,0,1.36 | 1.59 | 1.76,0,2.27 | 2.52 | 2.95,9.492,0.000,0,1,0,0,0,0,-1,0,0,0,,0,,0,,0,0,0,1
1723521603,3843,8,8,8,8,19.623,0,0,0.11 | 0.11 | 0.11,0,1.36 | 1.59 | 1.76,0,2.27 | 2.52 | 2.95,9.492,0.000,0,1,0,0,0,0,-1,0,0,0,,0,,0,,0,0,0,1
1723521603,3843,8,8,8,8,19.623,0,0,0.11 | 0.11 | 0.11,0,1.36 | 1.59 | 1.76,0,2.27 | 2.52 | 2.95,9.492,0.000,0,1,0,0,0,0,-1,0,0,0,,0,,0,,0,0,0,1
1723521604,3843,8,8,8,8,19.623,0,0,0.11 | 0.11 | 0.11,0,1.36 | 1.59 | 1.76,0,2.27 | 2.52 | 2.95,9.492,0.000,0,1,0,0,0,0,-1,0,0,0,,0,,0,,0,0,0,1
1723521604,3843,8,8,8,8,19.623,0,0,0.11 | 0.11 | 0.11,0,1.36 | 1.59 | 1.76,0,2.27 | 2.52 | 2.95,9.492,0.000,0,1,0,0,0,0,-1,0,0,0,,0,,0,,0,0,0,1
1723521604,3843,8,8,8,8,19.623,0,0,0.11 | 0.11 | 0.11,0,1.36 | 1.59 | 1.76,0,2.27 | 2.52 | 2.95,9.492,0.000,0,1,0,0,0,0,-1,0,0,0,,0,,0,,0,0,0,1
1723521604,3843,8,8,8,8,19.623,0,0,0.11 | 0.11 | 0.11,0,1.36 | 1.59 | 1.76,0,2.27 | 2.52 | 2.95,9.492,0.000,0,1,0,0,0,0,-1,0,0,0,,0,,0,,0,0,0,1
1723521604,3843,8,8,8,8,23.329,0,0,0.11 | 0.11 | 0.11,0,1.36 | 1.66 | 2.00,0,2.00 | 2.41 | 2.95,9.491,0.000,0,1,0,0,0,0,-1,0,0,0,,0,,0,,0,0,0,1
1723521604,3843,8,8,8,8,23.329,0,0,0.11 | 0.11 | 0.11,0,1.36 | 1.66 | 2.00,0,2.00 | 2.41 | 2.95,9.491,0.000,0,1,0,0,0,0,-1,0,0,0,,0,,0,,0,0,0,1
1723521604,3843,8,8,8,8,23.329,0,0,0.11 | 0.11 | 0.11,0,1.36 | 1.66 | 2.00,0,2.00 | 2.41 | 2.95,9.491,0.000,0,1,0,0,0,0,-1,0,0,0,,0,,0,,0,0,0,1
1723521604,3843,8,8,8,8,23.329,0,0,0.11 | 0.11 | 0.11,0,1.36 | 1.66 | 2.00,0,2.00 | 2.41 | 2.95,9.491,0.000,0,1,0,0,0,0,-1,0,0,0,,0,,0,,0,0,0,1
1723521604,3843,8,8,8,8,23.329,0,0,0.11 | 0.11 | 0.11,0,1.36 | 1.66 | 2.00,0,2.00 | 2.41 | 2.95,9.491,0.000,0,1,0,0,0,0,-1,0,0,0,,0,,0,,0,0,0,1
1723521604,3843,8,8,8,8,23.329,0,0,0.11 | 0.11 | 0.11,0,1.36 | 1.66 | 2.00,0,2.00 | 2.41 | 2.95,9.491,0.000,0,1,0,0,0,0,-1,0,0,0,,0,,0,,0,0,0,1
1723521605,3843,8,8,8,8,23.329,0,0,0.11 | 0.11 | 0.11,0,1.36 | 1.66 | 2.00,0,2.00 | 2.41 | 2.95,9.491,0.000,0,1,0,0,0,0,-1,0,0,0,,0,,0,,0,0,0,1
1723521605,3843,8,8,8,8,23.329,0,0,0.11 | 0.11 | 0.11,0,1.36 | 1.66 | 2.00,0,2.00 | 2.41 | 2.95,9.491,0.000,0,1,0,0,0,0,-1,0,0,0,,0,,0,,0,0,0,1
1723521605,3843,8,8,8,8,23.329,0,0,0.11 | 0.11 | 0.11,0,1.36 | 1.66 | 2.00,0,2.00 | 2.41 | 2.95,9.491,0.000,0,1,0,0,0,0,-1,0,0,0,,0,,0,,0,0,0,1
1723521605,3843,8,8,8,8,23.329,0,0,0.11 | 0.11 | 0.11,0,1.36 | 1.66 | 2.00,0,2.00 | 2.41 | 2.95,9.491,0.000,0,1,0,0,0,0,-1,0,0,0,,0,,0,,0,0,0,1
1723521605,3843,8,8,8,8,22.298,0,0,0.11 | 0.11 | 0.11,0,1.36 | 1.66 | 2.00,0,2.00 | 2.41 | 2.95,9.491,0.000,0,1,0,0,0,0,-1,0,0,0,,0,,0,,0,0,0,1
1723521605,3843,8,8,8,8,22.298,0,0,0.11 | 0.11 | 0.11,0,1.36 | 1.66 | 2.00,0,2.00 | 2.41 | 2.95,9.491,0.000,0,1,0,0,0,0,-1,0,0,0,,0,,0,,0,0,0,1
1723521605,3843,8,8,8,8,22.298,0,0,0.11 | 0.11 | 0.11,0,1.36 | 1.66 | 2.00,0,2.00 | 2.41 | 2.95,9.491,0.000,0,1,0,0,0,0,-1,0,0,0,,0,,0,,0,0,0,1
1723521605,3843,8,8,8,8,22.298,0,0,0.11 | 0.11 | 0.11,0,1.36 | 1.66 | 2.00,0,2.00 | 2.41 | 2.95,9.491,0.000,0,1,0,0,0,0,-1,0,0,0,,0,,0,,0,0,0,1
1723521605,3843,8,8,8,8,22.298,0,0,0.11 | 0.11 | 0.11,0,1.36 | 1.66 | 2.00,0,2.00 | 2.41 | 2.95,9.491,0.000,0,1,0,0,0,0,-1,0,0,0,,0,,0,,0,0,0,1
1723521605,3843,8,8,8,8,22.298,0,0,0.11 | 0.11 | 0.11,0,1.36 | 1.66 | 2.00,0,2.00 | 2.41 | 2.95,9.491,0.000,0,1,0,0,0,0,-1,0,0,0,,0,,0,,0,0,0,1
1723521606,3843,8,8,8,8,22.298,0,0,0.11 | 0.11 | 0.11,0,1.36 | 1.66 | 2.00,0,2.00 | 2.41 | 2.95,9.491,0.000,0,1,0,0,0,0,-1,0,0,0,,0,,0,,0,0,0,1
1723521606,3843,8,8,8,8,22.298,0,0,0.11 | 0.11 | 0.11,0,1.36 | 1.66 | 2.00,0,2.00 | 2.41 | 2.95,9.491,0.000,0,1,0,0,0,0,-1,0,0,0,,0,,0,,0,0,0,1
1723521606,3843,8,8,8,8,22.298,0,0,0.11 | 0.11 | 0.11,0,1.36 | 1.66 | 2.00,0,2.00 | 2.41 | 2.95,9.491,0.000,0,1,0,0,0,0,-1,0,0,0,,0,,0,,0,0,0,1
1723521606,3843,8,8,8,8,22.298,0,0,0.11 | 0.11 | 0.11,0,1.36 | 1.66 | 2.00,0,2.00 | 2.41 | 2.95,9.491,0.000,0,1,0,0,0,0,-1,0,0,0,,0,,0,,0,0,0,1
1723521606,3843,8,8,8,8,24.436,0,0,0.11 | 0.11 | 0.11,0,1.25 | 1.59 | 2.00,0,2.00 | 2.51 | 3.19,9.494,0.000,0,1,0,0,0,0,-1,0,0,0,,0,,0,,0,0,0,1
1723521606,3843,8,8,8,8,24.436,0,0,0.11 | 0.11 | 0.11,0,1.25 | 1.59 | 2.00,0,2.00 | 2.51 | 3.19,9.494,0.000,0,1,0,0,0,0,-1,0,0,0,,0,,0,,0,0,0,1
1723521606,3843,8,8,8,8,24.436,0,0,0.11 | 0.11 | 0.11,0,1.25 | 1.59 | 2.00,0,2.00 | 2.51 | 3.19,9.494,0.000,0,1,0,0,0,0,-1,0,0,0,,0,,0,,0,0,0,1
1723521606,3843,8,8,8,8,24.436,0,0,0.11 | 0.11 | 0.11,0,1.25 | 1.59 | 2.00,0,2.00 | 2.51 | 3.19,9.494,0.000,0,1,0,0,0,0,-1,0,0,0,,0,,0,,0,0,0,1
1723521606,3843,8,8,8,8,24.436,0,0,0.11 | 0.11 | 0.11,0,1.25 | 1.59 | 2.00,0,2.00 | 2.51 | 3.19,9.494,0.000,0,1,0,0,0,0,-1,0,0,0,,0,,0,,0,0,0,1
1723521606,3843,8,8,8,8,24.436,0,0,0.11 | 0.11 | 0.11,0,1.25 | 1.59 | 2.00,0,2.00 | 2.51 | 3.19,9.494,0.000,0,1,0,0,0,0,-1,0,0,0,,0,,0,,0,0,0,1
1723521607,3843,8,8,8,8,24.436,0,0,0.11 | 0.11 | 0.11,0,1.25 | 1.59 | 2.00,0,2.00 | 2.51 | 3.19,9.494,0.000,0,1,0,0,0,0,-1,0,0,0,,0,,0,,0,0,0,1
1723521607,3843,8,8,8,8,24.436,0,0,0.11 | 0.11 | 0.11,0,1.25 | 1.59 | 2.00,0,2.00 | 2.51 | 3.19,9.494,0.000,0,1,0,0,0,0,-1,0,0,0,,0,,0,,0,0,0,1
1723521607,3843,8,8,8,8,24.436,0,0,0.11 | 0.11 | 0.11,0,1.25 | 1.59 | 2.00,0,2.00 | 2.51 | 3.19,9.494,0.000,0,1,0,0,0,0,-1,0,0,0,,0,,0,,0,0,0,1
1723521607,3843,8,8,8,8,24.436,0,0,0.11 | 0.11 | 0.11,0,1.25 | 1.59 | 2.00,0,2.00 | 2.51 | 3.19,9.494,0.000,0,1,0,0,0,0,-1,0,0,0,,0,,0,,0,0,0,1
1723521607,3843,8,8,8,8,23.639,0,0,0.11 | 0.11 | 0.11,0,1.25 | 1.59 | 2.00,0,2.00 | 2.51 | 3.19,9.494,0.000,0,1,0,0,0,0,-1,0,0,0,,0,,0,,0,0,0,1
1723521607,3843,8,8,8,8,23.639,0,0,0.11 | 0.11 | 0.11,0,1.25 | 1.59 | 2.00,0,2.00 | 2.51 | 3.19,9.494,0.000,0,1,0,0,0,0,-1,0,0,0,,0,,0,,0,0,0,1
1723521607,3843,8,8,8,8,23.639,0,0,0.11 | 0.11 | 0.11,0,1.25 | 1.59 | 2.00,0,2.00 | 2.51 | 3.19,9.494,0.000,0,1,0,0,0,0,-1,0,0,0,,0,,0,,0,0,0,1
1723521607,3843,8,8,8,8,23.639,0,0,0.11 | 0.11 | 0.11,0,1.25 | 1.59 | 2.00,0,2.00 | 2.51 | 3.19,9.494,0.000,0,1,0,0,0,0,-1,0,0,0,,0,,0,,0,0,0,1
1723521607,3843,8,8,8,8,23.639,0,0,0.11 | 0.11 | 0.11,0,1.25 | 1.59 | 2.00,0,2.00 | 2.51 | 3.19,9.494,0.000,0,1,0,0,0,0,-1,0,0,0,,0,,0,,0,0,0,1
1723521607,3843,8,8,8,8,23.639,0,0,0.11 | 0.11 | 0.11,0,1.25 | 1.59 | 2.00,0,2.00 | 2.51 | 3.19,9.494,0.000,0,1,0,0,0,0,-1,0,0,0,,0,,0,,0,0,0,1
1723521608,3843,8,8,8,8,23.639,0,0,0.11 | 0.11 | 0.11,0,1.25 | 1.59 | 2.00,0,2.00 | 2.51 | 3.19,9.494,0.000,0,1,0,0,0,0,-1,0,0,0,,0,,0,,0,0,0,1
1723521608,3843,8,8,8,8,23.639,0,0,0.11 | 0.11 | 0.11,0,1.25 | 1.59 | 2.00,0,2.00 | 2.51 | 3.19,9.494,0.000,0,1,0,0,0,0,-1,0,0,0,,0,,0,,0,0,0,1
1723521608,3843,8,8,8,8,23.639,0,0,0.11 | 0.11 | 0.11,0,1.25 | 1.59 | 2.00,0,2.00 | 2.51 | 3.19,9.494,0.000,0,1,0,0,0,0,-1,0,0,0,,0,,0,,0,0,0,1
1723521608,3843,8,8,8,8,23.639,0,0,0.11 | 0.11 | 0.11,0,1.25 | 1.59 | 2.00,0,2.00 | 2.51 | 3.19,9.494,0.000,0,1,0,0,0,0,-1,0,0,0,,0,,0,,0,0,0,1
1723521608,3843,8,8,8,8,27.361,0,0,0.11 | 0.11 | 0.11,0,1.25 | 1.70 | 2.19,0,1.82 | 2.35 | 3.19,9.492,0.000,0,1,0,0,0,0,-1,0,0,0,,0,,0,,0,0,0,1
1723521608,3843,8,8,8,8,27.361,0,0,0.11 | 0.11 | 0.11,0,1.25 | 1.70 | 2.19,0,1.82 | 2.35 | 3.19,9.492,0.000,0,1,0,0,0,0,-1,0,0,0,,0,,0,,0,0,0,1
1723521608,3843,8,8,8,8,27.361,0,0,0.11 | 0.11 | 0.11,0,1.25 | 1.70 | 2.19,0,1.82 | 2.35 | 3.19,9.492,0.000,0,1,0,0,0,0,-1,0,0,0,,0,,0,,0,0,0,1
1723521608,3843,8,8,8,8,27.361,0,0,0.11 | 0.11 | 0.11,0,1.25 | 1.70 | 2.19,0,1.82 | 2.35 | 3.19,9.492,0.000,0,1,0,0,0,0,-1,0,0,0,,0,,0,,0,0,0,1
1723521608,3843,8,8,8,8,27.361,0,0,0.11 | 0.11 | 0.11,0,1.25 | 1.70 | 2.19,0,1.82 | 2.35 | 3.19,9.492,0.000,0,1,0,0,0,0,-1,0,0,0,,0,,0,,0,0,0,1
1723521608,3843,8,8,8,8,27.361,0,0,0.11 | 0.11 | 0.11,0,1.25 | 1.70 | 2.19,0,1.82 | 2.35 | 3.19,9.492,0.000,0,1,0,0,0,0,-1,0,0,0,,0,,0,,0,0,0,1
1723521609,3843,8,8,8,8,27.361,0,0,0.11 | 0.11 | 0.11,0,1.25 | 1.70 | 2.19,0,1.82 | 2.35 | 3.19,9.492,0.000,0,1,0,0,0,0,-1,0,0,0,,0,,0,,0,0,0,1
1723521609,3843,8,8,8,8,27.361,0,0,0.11 | 0.11 | 0.11,0,1.25 | 1.70 | 2.19,0,1.82 | 2.35 | 3.19,9.492,0.000,0,1,0,0,0,0,-1,0,0,0,,0,,0,,0,0,0,1
1723521609,3843,8,8,8,8,27.361,0,0,0.11 | 0.11 | 0.11,0,1.25 | 1.70 | 2.19,0,1.82 | 2.35 | 3.19,9.492,0.000,0,1,0,0,0,0,-1,0,0,0,,0,,0,,0,0,0,1
1723521609,3843,8,8,8,8,27.361,0,0,0.11 | 0.11 | 0.11,0,1.25 | 1.70 | 2.19,0,1.82 | 2.35 | 3.19,9.492,0.000,0,1,0,0,0,0,-1,0,0,0,,0,,0,,0,0,0,1
1723521609,3843,8,8,8,8,29.496,0,0,0.11 | 0.11 | 0.11,0,1.25 | 1.71 | 2.19,0,1.82 | 2.34 | 3.19,9.492,0.000,0,1,0,0,0,0,-1,0,0,0,,0,,0,,0,0,0,1
1723521609,3843,8,8,8,8,29.496,0,0,0.11 | 0.11 | 0.11,0,1.25 | 1.71 | 2.19,0,1.82 | 2.34 | 3.19,9.492,0.000,0,1,0,0,0,0,-1,0,0,0,,0,,0,,0,0,0,1
1723521609,3843,8,8,8,8,29.496,0,0,0.11 | 0.11 | 0.11,0,1.25 | 1.71 | 2.19,0,1.82 | 2.34 | 3.19,9.492,0.000,0,1,0,0,0,0,-1,0,0,0,,0,,0,,0,0,0,1
1723521609,3843,8,8,8,8,29.496,0,0,0.11 | 0.11 | 0.11,0,1.25 | 1.71 | 2.19,0,1.82 | 2.34 | 3.19,9.492,0.000,0,1,0,0,0,0,-1,0,0,0,,0,,0,,0,0,0,1
1723521609,3843,8,8,8,8,29.496,0,0,0.11 | 0.11 | 0.11,0,1.25 | 1.71 | 2.19,0,1.82 | 2.34 | 3.19,9.492,0.000,0,1,0,0,0,0,-1,0,0,0,,0,,0,,0,0,0,1
1723521609,3843,8,8,8,8,29.496,0,0,0.11 | 0.11 | 0.11,0,1.25 | 1.71 | 2.19,0,1.82 | 2.34 | 3.19,9.492,0.000,0,1,0,0,0,0,-1,0,0,0,,0,,0,,0,0,0,1
1723521610,3843,8,8,8,8,29.496,0,0,0.11 | 0.11 | 0.11,0,1.25 | 1.71 | 2.19,0,1.82 | 2.34 | 3.19,9.492,0.000,0,1,0,0,0,0,-1,0,0,0,,0,,0,,0,0,0,1
1723521610,3843,8,8,8,8,29.496,0,0,0.11 | 0.11 | 0.11,0,1.25 | 1.71 | 2.19,0,1.82 | 2.34 | 3.19,9.492,0.000,0,1,0,0,0,0,-1,0,0,0,,0,,0,,0,0,0,1
1723521610,3843,8,8,8,8,29.496,0,0,0.11 | 0.11 | 0.11,0,1.25 | 1.71 | 2.19,0,1.82 | 2.34 | 3.19,9.492,0.000,0,1,0,0,0,0,-1,0,0,0,,0,,0,,0,0,0,1
1723521610,3843,8,8,8,8,29.496,0,0,0.11 | 0.11 | 0.11,0,1.25 | 1.71 | 2.19,0,1.82 | 2.34 | 3.19,9.492,0.000,0,1,0,0,0,0,-1,0,0,0,,0,,0,,0,0,0,1
1723521610,3843,8,8,8,8,28.436,0,0,0.11 | 0.11 | 0.11,0,1.25 | 1.71 | 2.19,0,1.82 | 2.34 | 3.19,9.492,0.000,0,1,0,0,0,0,-1,0,0,0,,0,,0,,0,0,0,1
1723521610,3843,8,8,8,8,28.436,0,0,0.11 | 0.11 | 0.11,0,1.25 | 1.71 | 2.19,0,1.82 | 2.34 | 3.19,9.492,0.000,0,1,0,0,0,0,-1,0,0,0,,0,,0,,0,0,0,1
1723521610,3843,8,8,8,8,28.436,0,0,0.11 | 0.11 | 0.11,0,1.25 | 1.71 | 2.19,0,1.82 | 2.34 | 3.19,9.492,0.000,0,1,0,0,0,0,-1,0,0,0,,0,,0,,0,0,0,1
1723521610,3843,8,8,8,8,28.436,0,0,0.11 | 0.11 | 0.11,0,1.25 | 1.71 | 2.19,0,1.82 | 2.34 | 3.19,9.492,0.000,0,1,0,0,0,0,-1,0,0,0,,0,,0,,0,0,0,1
1723521610,3843,8,8,8,8,28.436,0,0,0.11 | 0.11 | 0.11,0,1.25 | 1.71 | 2.19,0,1.82 | 2.34 | 3.19,9.492,0.000,0,1,0,0,0,0,-1,0,0,0,,0,,0,,0,0,0,1
1723521610,3843,8,8,8,8,28.436,0,0,0.11 | 0.11 | 0.11,0,1.25 | 1.71 | 2.19,0,1.82 | 2.34 | 3.19,9.492,0.000,0,1,0,0,0,0,-1,0,0,0,,0,,0,,0,0,0,1
1723521611,3843,8,8,8,8,28.436,0,0,0.11 | 0.11 | 0.11,0,1.25 | 1.71 | 2.19,0,1.82 | 2.34 | 3.19,9.492,0.000,0,1,0,0,0,0,-1,0,0,0,,0,,0,,0,0,0,1
1723521611,3843,8,8,8,8,28.436,0,0,0.11 | 0.11 | 0.11,0,1.25 | 1.71 | 2.19,0,1.82 | 2.34 | 3.19,9.492,0.000,0,1,0,0,0,0,-1,0,0,0,,0,,0,,0,0,0,1
1723521611,3843,8,8,8,8,28.436,0,0,0.11 | 0.11 | 0.11,0,1.25 | 1.71 | 2.19,0,1.82 | 2.34 | 3.19,9.492,0.000,0,1,0,0,0,0,-1,0,0,0,,0,,0,,0,0,0,1
1723521611,3843,8,8,8,8,28.436,0,0,0.11 | 0.11 | 0.11,0,1.25 | 1.71 | 2.19,0,1.82 | 2.34 | 3.19,9.492,0.000,0,1,0,0,0,0,-1,0,0,0,,0,,0,,0,0,0,1
1723521611,3843,8,8,8,8,27.639,0,0,0.11 | 0.11 | 0.11,0,1.25 | 1.71 | 2.19,0,1.82 | 2.34 | 3.19,9.492,0.000,0,1,0,0,0,0,-1,0,0,0,,0,,0,,0,0,0,1
1723521611,3843,8,8,8,8,27.639,0,0,0.11 | 0.11 | 0.11,0,1.25 | 1.71 | 2.19,0,1.82 | 2.34 | 3.19,9.492,0.000,0,1,0,0,0,0,-1,0,0,0,,0,,0,,0,0,0,1
1723521611,3843,8,8,8,8,27.639,0,0,0.11 | 0.11 | 0.11,0,1.25 | 1.71 | 2.19,0,1.82 | 2.34 | 3.19,9.492,0.000,0,1,0,0,0,0,-1,0,0,0,,0,,0,,0,0,0,1
1723521611,3843,8,8,8,8,27.639,0,0,0.11 | 0.11 | 0.11,0,1.25 | 1.71 | 2.19,0,1.82 | 2.34 | 3.19,9.492,0.000,0,1,0,0,0,0,-1,0,0,0,,0,,0,,0,0,0,1
1723521611,3843,8,8,8,8,27.639,0,0,0.11 | 0.11 | 0.11,0,1.25 | 1.71 | 2.19,0,1.82 | 2.34 | 3.19,9.492,0.000,0,1,0,0,0,0,-1,0,0,0,,0,,0,,0,0,0,1
1723521611,3843,8,8,8,8,27.639,0,0,0.11 | 0.11 | 0.11,0,1.25 | 1.71 | 2.19,0,1.82 | 2.34 | 3.19,9.492,0.000,0,1,0,0,0,0,-1,0,0,0,,0,,0,,0,0,0,1
1723521612,3843,8,8,8,8,27.639,0,0,0.11 | 0.11 | 0.11,0,1.25 | 1.71 | 2.19,0,1.82 | 2.34 | 3.19,9.492,0.000,0,1,0,0,0,0,-1,0,0,0,,0,,0,,0,0,0,1
1723521612,3843,8,8,8,8,27.639,0,0,0.11 | 0.11 | 0.11,0,1.25 | 1.71 | 2.19,0,1.82 | 2.34 | 3.19,9.492,0.000,0,1,0,0,0,0,-1,0,0,0,,0,,0,,0,0,0,1
1723521612,3843,8,8,8,8,27.639,0,0,0.11 | 0.11 | 0.11,0,1.25 | 1.71 | 2.19,0,1.82 | 2.34 | 3.19,9.492,0.000,0,1,0,0,0,0,-1,0,0,0,,0,,0,,0,0,0,1
1723521612,3843,8,8,8,8,27.639,0,0,0.11 | 0.11 | 0.11,0,1.25 | 1.71 | 2.19,0,1.82 | 2.34 | 3.19,9.492,0.000,0,1,0,0,0,0,-1,0,0,0,,0,,0,,0,0,0,1
1723521612,3843,8,8,8,8,31.376,0,0,0.11 | 0.11 | 0.13,0,1.25 | 1.72 | 2.19,0,1.82 | 2.33 | 3.19,9.508,0.000,0,1,0,0,0,0,-1,0,0,0,,0,,0,,0,0,0,1
1723521612,3843,8,8,8,8,31.376,0,0,0.11 | 0.11 | 0.13,0,1.25 | 1.72 | 2.19,0,1.82 | 2.33 | 3.19,9.508,0.000,0,1,0,0,0,0,-1,0,0,0,,0,,0,,0,0,0,1
1723521612,3843,8,8,8,8,31.376,0,0,0.11 | 0.11 | 0.13,0,1.25 | 1.72 | 2.19,0,1.82 | 2.33 | 3.19,9.508,0.000,0,1,0,0,0,0,-1,0,0,0,,0,,0,,0,0,0,1
1723521612,3843,8,8,8,8,31.376,0,0,0.11 | 0.11 | 0.13,0,1.25 | 1.72 | 2.19,0,1.82 | 2.33 | 3.19,9.508,0.000,0,1,0,0,0,0,-1,0,0,0,,0,,0,,0,0,0,1
1723521612,3843,8,8,8,8,31.376,0,0,0.11 | 0.11 | 0.13,0,1.25 | 1.72 | 2.19,0,1.82 | 2.33 | 3.19,9.508,0.000,0,1,0,0,0,0,-1,0,0,0,,0,,0,,0,0,0,1
1723521612,3843,8,8,8,8,31.376,0,0,0.11 | 0.11 | 0.13,0,1.25 | 1.72 | 2.19,0,1.82 | 2.33 | 3.19,9.508,0.000,0,1,0,0,0,0,-1,0,0,0,,0,,0,,0,0,0,1
1723521613,3843,8,8,8,8,31.376,0,0,0.11 | 0.11 | 0.13,0,1.25 | 1.72 | 2.19,0,1.82 | 2.33 | 3.19,9.508,0.000,0,1,0,0,0,0,-1,0,0,0,,0,,0,,0,0,0,1
1723521613,3843,8,8,8,8,31.376,0,0,0.11 | 0.11 | 0.13,0,1.25 | 1.72 | 2.19,0,1.82 | 2.33 | 3.19,9.508,0.000,0,1,0,0,0,0,-1,0,0,0,,0,,0,,0,0,0,1
1723521613,3843,8,8,8,8,31.376,0,0,0.11 | 0.11 | 0.13,0,1.25 | 1.72 | 2.19,0,1.82 | 2.33 | 3.19,9.508,0.000,0,1,0,0,0,0,-1,0,0,0,,0,,0,,0,0,0,1
1723521613,3843,8,8,8,8,31.376,0,0,0.11 | 0.11 | 0.13,0,1.25 | 1.72 | 2.19,0,1.82 | 2.33 | 3.19,9.508,0.000,0,1,0,0,0,0,-1,0,0,0,,0,,0,,0,0,0,1
1723521613,3843,8,8,8,8,30.314,0,0,0.11 | 0.11 | 0.13,0,1.25 | 1.72 | 2.19,0,1.82 | 2.33 | 3.19,9.508,0.000,0,1,0,0,0,0,-1,0,0,0,,0,,0,,0,0,0,1
1723521613,3843,8,8,8,8,30.314,0,0,0.11 | 0.11 | 0.13,0,1.25 | 1.72 | 2.19,0,1.82 | 2.33 | 3.19,9.508,0.000,0,1,0,0,0,0,-1,0,0,0,,0,,0,,0,0,0,1
1723521613,3843,8,8,8,8,30.314,0,0,0.11 | 0.11 | 0.13,0,1.25 | 1.72 | 2.19,0,1.82 | 2.33 | 3.19,9.508,0.000,0,1,0,0,0,0,-1,0,0,0,,0,,0,,0,0,0,1
1723521613,3843,8,8,8,8,30.314,0,0,0.11 | 0.11 | 0.13,0,1.25 | 1.72 | 2.19,0,1.82 | 2.33 | 3.19,9.508,0.000,0,1,0,0,0,0,-1,0,0,0,,0,,0,,0,0,0,1
1723521613,3843,8,8,8,8,30.314,0,0,0.11 | 0.11 | 0.13,0,1.25 | 1.72 | 2.19,0,1.82 | 2.33 | 3.19,9.508,0.000,0,1,0,0,0,0,-1,0,0,0,,0,,0,,0,0,0,1
1723521613,3843,8,8,8,8,30.314,0,0,0.11 | 0.11 | 0.13,0,1.25 | 1.72 | 2.19,0,1.82 | 2.33 | 3.19,9.508,0.000,0,1,0,0,0,0,-1,0,0,0,,0,,0,,0,0,0,1
1723521614,3843,8,8,8,8,30.314,0,0,0.11 | 0.11 | 0.13,0,1.25 | 1.72 | 2.19,0,1.82 | 2.33 | 3.19,9.508,0.000,0,1,0,0,0,0,-1,0,0,0,,0,,0,,0,0,0,1
1723521614,3843,8,8,8,8,30.314,0,0,0.11 | 0.11 | 0.13,0,1.25 | 1.72 | 2.19,0,1.82 | 2.33 | 3.19,9.508,0.000,0,1,0,0,0,0,-1,0,0,0,,0,,0,,0,0,0,1
1723521614,3843,8,8,8,8,30.314,0,0,0.11 | 0.11 | 0.13,0,1.25 | 1.72 | 2.19,0,1.82 | 2.33 | 3.19,9.508,0.000,0,1,0,0,0,0,-1,0,0,0,,0,,0,,0,0,0,1
1723521614,3843,8,8,8,8,30.314,0,0,0.11 | 0.11 | 0.13,0,1.25 | 1.72 | 2.19,0,1.82 | 2.33 | 3.19,9.508,0.000,0,1,0,0,0,0,-1,0,0,0,,0,,0,,0,0,0,1
1723521614,3843,8,8,8,8,29.251,0,0,0.11 | 0.11 | 0.13,0,1.25 | 1.72 | 2.19,0,1.82 | 2.33 | 3.19,9.508,0.000,0,1,0,0,0,0,-1,0,0,0,,0,,0,,0,0,0,1
1723521614,3843,8,8,8,8,29.251,0,0,0.11 | 0.11 | 0.13,0,1.25 | 1.72 | 2.19,0,1.82 | 2.33 | 3.19,9.508,0.000,0,1,0,0,0,0,-1,0,0,0,,0,,0,,0,0,0,1
1723521614,3843,8,8,8,8,29.251,0,0,0.11 | 0.11 | 0.13,0,1.25 | 1.72 | 2.19,0,1.82 | 2.33 | 3.19,9.508,0.000,0,1,0,0,0,0,-1,0,0,0,,0,,0,,0,0,0,1
1723521614,3843,8,8,8,8,29.251,0,0,0.11 | 0.11 | 0.13,0,1.25 | 1.72 | 2.19,0,1.82 | 2.33 | 3.19,9.508,0.000,0,1,0,0,0,0,-1,0,0,0,,0,,0,,0,0,0,1
1723521614,3843,8,8,8,8,29.251,0,0,0.11 | 0.11 | 0.13,0,1.25 | 1.72 | 2.19,0,1.82 | 2.33 | 3.19,9.508,0.000,0,1,0,0,0,0,-1,0,0,0,,0,,0,,0,0,0,1
1723521614,3843,8,8,8,8,29.251,0,0,0.11 | 0.11 | 0.13,0,1.25 | 1.72 | 2.19,0,1.82 | 2.33 | 3.19,9.508,0.000,0,1,0,0,0,0,-1,0,0,0,,0,,0,,0,0,0,1
1723521615,3843,8,8,8,8,29.251,0,0,0.11 | 0.11 | 0.13,0,1.25 | 1.72 | 2.19,0,1.82 | 2.33 | 3.19,9.508,0.000,0,1,0,0,0,0,-1,0,0,0,,0,,0,,0,0,0,1
1723521615,3843,8,8,8,8,29.251,0,0,0.11 | 0.11 | 0.13,0,1.25 | 1.72 | 2.19,0,1.82 | 2.33 | 3.19,9.508,0.000,0,1,0,0,0,0,-1,0,0,0,,0,,0,,0,0,0,1
1723521615,3843,8,8,8,8,29.251,0,0,0.11 | 0.11 | 0.13,0,1.25 | 1.72 | 2.19,0,1.82 | 2.33 | 3.19,9.508,0.000,0,1,0,0,0,0,-1,0,0,0,,0,,0,,0,0,0,1
1723521615,3843,8,8,8,8,29.251,0,0,0.11 | 0.11 | 0.13,0,1.25 | 1.72 | 2.19,0,1.82 | 2.33 | 3.19,9.508,0.000,0,1,0,0,0,0,-1,0,0,0,,0,,0,,0,0,0,1
1723521615,3843,8,8,8,8,31.386,0,0,0.11 | 0.11 | 0.13,0,1.01 | 1.66 | 2.19,0,1.82 | 2.42 | 3.95,9.506,0.000,0,1,0,0,0,0,-1,0,0,0,,0,,0,,0,0,0,1
1723521615,3843,8,8,8,8,31.386,0,0,0.11 | 0.11 | 0.13,0,1.01 | 1.66 | 2.19,0,1.82 | 2.42 | 3.95,9.506,0.000,0,1,0,0,0,0,-1,0,0,0,,0,,0,,0,0,0,1
1723521615,3843,8,8,8,8,31.386,0,0,0.11 | 0.11 | 0.13,0,1.01 | 1.66 | 2.19,0,1.82 | 2.42 | 3.95,9.506,0.000,0,1,0,0,0,0,-1,0,0,0,,0,,0,,0,0,0,1
1723521615,3843,8,8,8,8,31.386,0,0,0.11 | 0.11 | 0.13,0,1.01 | 1.66 | 2.19,0,1.82 | 2.42 | 3.95,9.506,0.000,0,1,0,0,0,0,-1,0,0,0,,0,,0,,0,0,0,1
1723521615,3843,8,8,8,8,31.386,0,0,0.11 | 0.11 | 0.13,0,1.01 | 1.66 | 2.19,0,1.82 | 2.42 | 3.95,9.506,0.000,0,1,0,0,0,0,-1,0,0,0,,0,,0,,0,0,0,1
1723521615,3843,8,8,8,8,31.386,0,0,0.11 | 0.11 | 0.13,0,1.01 | 1.66 | 2.19,0,1.82 | 2.42 | 3.95,9.506,0.000,0,1,0,0,0,0,-1,0,0,0,,0,,0,,0,0,0,1
1723521616,3843,8,8,8,8,31.386,0,0,0.11 | 0.11 | 0.13,0,1.01 | 1.66 | 2.19,0,1.82 | 2.42 | 3.95,9.506,0.000,0,1,0,0,0,0,-1,0,0,0,,0,,0,,0,0,0,1
1723521616,3843,8,8,8,8,31.386,0,0,0.11 | 0.11 | 0.13,0,1.01 | 1.66 | 2.19,0,1.82 | 2.42 | 3.95,9.506,0.000,0,1,0,0,0,0,-1,0,0,0,,0,,0,,0,0,0,1
1723521616,3843,8,8,8,8,31.386,0,0,0.11 | 0.11 | 0.13,0,1.01 | 1.66 | 2.19,0,1.82 | 2.42 | 3.95,9.506,0.000,0,1,0,0,0,0,-1,0,0,0,,0,,0,,0,0,0,1
1723521616,3843,8,8,8,8,31.386,0,0,0.11 | 0.11 | 0.13,0,1.01 | 1.66 | 2.19,0,1.82 | 2.42 | 3.95,9.506,0.000,0,1,0,0,0,0,-1,0,0,0,,0,,0,,0,0,0,1
1723521616,3843,8,8,8,8,30.592,0,0,0.11 | 0.11 | 0.13,0,1.01 | 1.66 | 2.19,0,1.82 | 2.42 | 3.95,9.506,0.000,0,1,0,0,0,0,-1,0,0,0,,0,,0,,0,0,0,1
1723521616,3843,8,8,8,8,30.592,0,0,0.11 | 0.11 | 0.13,0,1.01 | 1.66 | 2.19,0,1.82 | 2.42 | 3.95,9.506,0.000,0,1,0,0,0,0,-1,0,0,0,,0,,0,,0,0,0,1
1723521616,3843,8,8,8,8,30.592,0,0,0.11 | 0.11 | 0.13,0,1.01 | 1.66 | 2.19,0,1.82 | 2.42 | 3.95,9.506,0.000,0,1,0,0,0,0,-1,0,0,0,,0,,0,,0,0,0,1
1723521616,3843,8,8,8,8,30.592,0,0,0.11 | 0.11 | 0.13,0,1.01 | 1.66 | 2.19,0,1.82 | 2.42 | 3.95,9.506,0.000,0,1,0,0,0,0,-1,0,0,0,,0,,0,,0,0,0,1
1723521616,3843,8,8,8,8,30.592,0,0,0.11 | 0.11 | 0.13,0,1.01 | 1.66 | 2.19,0,1.82 | 2.42 | 3.95,9.506,0.000,0,1,0,0,0,0,-1,0,0,0,,0,,0,,0,0,0,1
1723521616,3843,8,8,8,8,30.592,0,0,0.11 | 0.11 | 0.13,0,1.01 | 1.66 | 2.19,0,1.82 | 2.42 | 3.95,9.506,0.000,0,1,0,0,0,0,-1,0,0,0,,0,,0,,0,0,0,1
1723521617,3843,8,8,8,8,30.592,0,0,0.11 | 0.11 | 0.13,0,1.01 | 1.66 | 2.19,0,1.82 | 2.42 | 3.95,9.506,0.000,0,1,0,0,0,0,-1,0,0,0,,0,,0,,0,0,0,1
1723521617,3843,8,8,8,8,30.592,0,0,0.11 | 0.11 | 0.13,0,1.01 | 1.66 | 2.19,0,1.82 | 2.42 | 3.95,9.506,0.000,0,1,0,0,0,0,-1,0,0,0,,0,,0,,0,0,0,1
1723521617,3843,8,8,8,8,30.592,0,0,0.11 | 0.11 | 0.13,0,1.01 | 1.66 | 2.19,0,1.82 | 2.42 | 3.95,9.506,0.000,0,1,0,0,0,0,-1,0,0,0,,0,,0,,0,0,0,1
1723521617,3843,8,8,8,8,30.592,0,0,0.11 | 0.11 | 0.13,0,1.01 | 1.66 | 2.19,0,1.82 | 2.42 | 3.95,9.506,0.000,0,1,0,0,0,0,-1,0,0,0,,0,,0,,0,0,0,1
1723521617,3843,8,8,8,8,29.53,0,0,0.11 | 0.11 | 0.13,0,1.01 | 1.66 | 2.19,0,1.82 | 2.42 | 3.95,9.506,0.000,0,1,0,0,0,0,-1,0,0,0,,0,,0,,0,0,0,1
1723521617,3843,8,8,8,8,29.53,0,0,0.11 | 0.11 | 0.13,0,1.01 | 1.66 | 2.19,0,1.82 | 2.42 | 3.95,9.506,0.000,0,1,0,0,0,0,-1,0,0,0,,0,,0,,0,0,0,1
1723521617,3843,8,8,8,8,29.53,0,0,0.11 | 0.11 | 0.13,0,1.01 | 1.66 | 2.19,0,1.82 | 2.42 | 3.95,9.506,0.000,0,1,0,0,0,0,-1,0,0,0,,0,,0,,0,0,0,1
1723521617,3843,8,8,8,8,29.53,0,0,0.11 | 0.11 | 0.13,0,1.01 | 1.66 | 2.19,0,1.82 | 2.42 | 3.95,9.506,0.000,0,1,0,0,0,0,-1,0,0,0,,0,,0,,0,0,0,1
1723521617,3843,8,8,8,8,29.53,0,0,0.11 | 0.11 | 0.13,0,1.01 | 1.66 | 2.19,0,1.82 | 2.42 | 3.95,9.506,0.000,0,1,0,0,0,0,-1,0,0,0,,0,,0,,0,0,0,1
1723521617,3843,8,8,8,8,29.53,0,0,0.11 | 0.11 | 0.13,0,1.01 | 1.66 | 2.19,0,1.82 | 2.42 | 3.95,9.506,0.000,0,1,0,0,0,0,-1,0,0,0,,0,,0,,0,0,0,1
1723521618,3843,8,8,8,8,29.53,0,0,0.11 | 0.11 | 0.13,0,1.01 | 1.66 | 2.19,0,1.82 | 2.42 | 3.95,9.506,0.000,0,1,0,0,0,0,-1,0,0,0,,0,,0,,0,0,0,1
1723521618,3843,8,8,8,8,29.53,0,0,0.11 | 0.11 | 0.13,0,1.01 | 1.66 | 2.19,0,1.82 | 2.42 | 3.95,9.506,0.000,0,1,0,0,0,0,-1,0,0,0,,0,,0,,0,0,0,1
1723521618,3843,8,8,8,8,29.53,0,0,0.11 | 0.11 | 0.13,0,1.01 | 1.66 | 2.19,0,1.82 | 2.42 | 3.95,9.506,0.000,0,1,0,0,0,0,-1,0,0,0,,0,,0,,0,0,0,1
1723521618,3843,8,8,8,8,29.53,0,0,0.11 | 0.11 | 0.13,0,1.01 | 1.66 | 2.19,0,1.82 | 2.42 | 3.95,9.506,0.000,0,1,0,0,0,0,-1,0,0,0,,0,,0,,0,0,0,1
1723521618,3843,8,8,8,8,28.467,0,0,0.11 | 0.11 | 0.13,0,1.01 | 1.66 | 2.19,0,1.82 | 2.42 | 3.95,9.506,0.000,0,1,0,0,0,0,-1,0,0,0,,0,,0,,0,0,0,1
1723521618,3843,8,8,8,8,28.467,0,0,0.11 | 0.11 | 0.13,0,1.01 | 1.66 | 2.19,0,1.82 | 2.42 | 3.95,9.506,0.000,0,1,0,0,0,0,-1,0,0,0,,0,,0,,0,0,0,1
1723521618,3843,8,8,8,8,28.467,0,0,0.11 | 0.11 | 0.13,0,1.01 | 1.66 | 2.19,0,1.82 | 2.42 | 3.95,9.506,0.000,0,1,0,0,0,0,-1,0,0,0,,0,,0,,0,0,0,1
1723521618,3843,8,8,8,8,28.467,0,0,0.11 | 0.11 | 0.13,0,1.01 | 1.66 | 2.19,0,1.82 | 2.42 | 3.95,9.506,0.000,0,1,0,0,0,0,-1,0,0,0,,0,,0,,0,0,0,1
1723521618,3843,8,8,8,8,28.467,0,0,0.11 | 0.11 | 0.13,0,1.01 | 1.66 | 2.19,0,1.82 | 2.42 | 3.95,9.506,0.000,0,1,0,0,0,0,-1,0,0,0,,0,,0,,0,0,0,1
1723521618,3843,8,8,8,8,28.467,0,0,0.11 | 0.11 | 0.13,0,1.01 | 1.66 | 2.19,0,1.82 | 2.42 | 3.95,9.506,0.000,0,1,0,0,0,0,-1,0,0,0,,0,,0,,0,0,0,1
1723521619,3843,8,8,8,8,28.467,0,0,0.11 | 0.11 | 0.13,0,1.01 | 1.66 | 2.19,0,1.82 | 2.42 | 3.95,9.506,0.000,0,1,0,0,0,0,-1,0,0,0,,0,,0,,0,0,0,1
1723521619,3843,8,8,8,8,28.467,0,0,0.11 | 0.11 | 0.13,0,1.01 | 1.66 | 2.19,0,1.82 | 2.42 | 3.95,9.506,0.000,0,1,0,0,0,0,-1,0,0,0,,0,,0,,0,0,0,1
1723521619,3843,8,8,8,8,28.467,0,0,0.11 | 0.11 | 0.13,0,1.01 | 1.66 | 2.19,0,1.82 | 2.42 | 3.95,9.506,0.000,0,1,0,0,0,0,-1,0,0,0,,0,,0,,0,0,0,1
1723521619,3843,8,8,8,8,28.467,0,0,0.11 | 0.11 | 0.13,0,1.01 | 1.66 | 2.19,0,1.82 | 2.42 | 3.95,9.506,0.000,0,1,0,0,0,0,-1,0,0,0,,0,,0,,0,0,0,1
1723521619,3843,8,8,8,8,32.204,0,0,0.11 | 0.11 | 0.13,0,1.01 | 1.59 | 2.03,0,1.97 | 2.51 | 3.95,9.509,0.000,0,1,0,0,0,0,-1,0,0,0,,0,,0,,0,0,0,1
1723521619,3843,8,8,8,8,32.204,0,0,0.11 | 0.11 | 0.13,0,1.01 | 1.59 | 2.03,0,1.97 | 2.51 | 3.95,9.509,0.000,0,1,0,0,0,0,-1,0,0,0,,0,,0,,0,0,0,1
1723521619,3843,8,8,8,8,32.204,0,0,0.11 | 0.11 | 0.13,0,1.01 | 1.59 | 2.03,0,1.97 | 2.51 | 3.95,9.509,0.000,0,1,0,0,0,0,-1,0,0,0,,0,,0,,0,0,0,1
1723521619,3843,8,8,8,8,32.204,0,0,0.11 | 0.11 | 0.13,0,1.01 | 1.59 | 2.03,0,1.97 | 2.51 | 3.95,9.509,0.000,0,1,0,0,0,0,-1,0,0,0,,0,,0,,0,0,0,1
1723521619,3843,8,8,8,8,32.204,0,0,0.11 | 0.11 | 0.13,0,1.01 | 1.59 | 2.03,0,1.97 | 2.51 | 3.95,9.509,0.000,0,1,0,0,0,0,-1,0,0,0,,0,,0,,0,0,0,1
1723521619,3843,8,8,8,8,32.204,0,0,0.11 | 0.11 | 0.13,0,1.01 | 1.59 | 2.03,0,1.97 | 2.51 | 3.95,9.509,0.000,0,1,0,0,0,0,-1,0,0,0,,0,,0,,0,0,0,1
1723521620,3843,8,8,8,8,32.204,0,0,0.11 | 0.11 | 0.13,0,1.01 | 1.59 | 2.03,0,1.97 | 2.51 | 3.95,9.509,0.000,0,1,0,0,0,0,-1,0,0,0,,0,,0,,0,0,0,1
1723521620,3843,8,8,8,8,32.204,0,0,0.11 | 0.11 | 0.13,0,1.01 | 1.59 | 2.03,0,1.97 | 2.51 | 3.95,9.509,0.000,0,1,0,0,0,0,-1,0,0,0,,0,,0,,0,0,0,1
1723521620,3843,8,8,8,8,32.204,0,0,0.11 | 0.11 | 0.13,0,1.01 | 1.59 | 2.03,0,1.97 | 2.51 | 3.95,9.509,0.000,0,1,0,0,0,0,-1,0,0,0,,0,,0,,0,0,0,1
1723521620,3843,8,8,8,8,32.204,0,0,0.11 | 0.11 | 0.13,0,1.01 | 1.59 | 2.03,0,1.97 | 2.51 | 3.95,9.509,0.000,0,1,0,0,0,0,-1,0,0,0,,0,,0,,0,0,0,1
1723521620,3843,8,8,8,8,31.18,0,0,0.11 | 0.11 | 0.13,0,1.01 | 1.59 | 2.03,0,1.97 | 2.51 | 3.95,9.509,0.000,0,1,0,0,0,0,-1,0,0,0,,0,,0,,0,0,0,1
1723521620,3843,8,8,8,8,31.18,0,0,0.11 | 0.11 | 0.13,0,1.01 | 1.59 | 2.03,0,1.97 | 2.51 | 3.95,9.509,0.000,0,1,0,0,0,0,-1,0,0,0,,0,,0,,0,0,0,1
1723521620,3843,8,8,8,8,31.18,0,0,0.11 | 0.11 | 0.13,0,1.01 | 1.59 | 2.03,0,1.97 | 2.51 | 3.95,9.509,0.000,0,1,0,0,0,0,-1,0,0,0,,0,,0,,0,0,0,1
1723521620,3843,8,8,8,8,31.18,0,0,0.11 | 0.11 | 0.13,0,1.01 | 1.59 | 2.03,0,1.97 | 2.51 | 3.95,9.509,0.000,0,1,0,0,0,0,-1,0,0,0,,0,,0,,0,0,0,1
1723521620,3843,8,8,8,8,31.18,0,0,0.11 | 0.11 | 0.13,0,1.01 | 1.59 | 2.03,0,1.97 | 2.51 | 3.95,9.509,0.000,0,1,0,0,0,0,-1,0,0,0,,0,,0,,0,0,0,1
1723521620,3843,8,8,8,8,31.18,0,0,0.11 | 0.11 | 0.13,0,1.01 | 1.59 | 2.03,0,1.97 | 2.51 | 3.95,9.509,0.000,0,1,0,0,0,0,-1,0,0,0,,0,,0,,0,0,0,1
1723521621,3843,8,8,8,8,31.18,0,0,0.11 | 0.11 | 0.13,0,1.01 | 1.59 | 2.03,0,1.97 | 2.51 | 3.95,9.509,0.000,0,1,0,0,0,0,-1,0,0,0,,0,,0,,0,0,0,1
1723521621,3843,8,8,8,8,31.18,0,0,0.11 | 0.11 | 0.13,0,1.01 | 1.59 | 2.03,0,1.97 | 2.51 | 3.95,9.509,0.000,0,1,0,0,0,0,-1,0,0,0,,0,,0,,0,0,0,1
1723521621,3843,8,8,8,8,31.18,0,0,0.11 | 0.11 | 0.13,0,1.01 | 1.59 | 2.03,0,1.97 | 2.51 | 3.95,9.509,0.000,0,1,0,0,0,0,-1,0,0,0,,0,,0,,0,0,0,1
1723521621,3843,8,8,8,8,31.18,0,0,0.11 | 0.11 | 0.13,0,1.01 | 1.59 | 2.03,0,1.97 | 2.51 | 3.95,9.509,0.000,0,1,0,0,0,0,-1,0,0,0,,0,,0,,0,0,0,1
1723521621,3843,8,8,8,8,30.345,0,0,0.11 | 0.11 | 0.13,0,1.01 | 1.59 | 2.03,0,1.97 | 2.51 | 3.95,9.509,0.000,0,1,0,0,0,0,-1,0,0,0,,0,,0,,0,0,0,1
1723521621,3843,8,8,8,8,30.345,0,0,0.11 | 0.11 | 0.13,0,1.01 | 1.59 | 2.03,0,1.97 | 2.51 | 3.95,9.509,0.000,0,1,0,0,0,0,-1,0,0,0,,0,,0,,0,0,0,1
1723521621,3843,8,8,8,8,30.345,0,0,0.11 | 0.11 | 0.13,0,1.01 | 1.59 | 2.03,0,1.97 | 2.51 | 3.95,9.509,0.000,0,1,0,0,0,0,-1,0,0,0,,0,,0,,0,0,0,1
1723521621,3843,8,8,8,8,30.345,0,0,0.11 | 0.11 | 0.13,0,1.01 | 1.59 | 2.03,0,1.97 | 2.51 | 3.95,9.509,0.000,0,1,0,0,0,0,-1,0,0,0,,0,,0,,0,0,0,1
1723521621,3843,8,8,8,8,30.345,0,0,0.11 | 0.11 | 0.13,0,1.01 | 1.59 | 2.03,0,1.97 | 2.51 | 3.95,9.509,0.000,0,1,0,0,0,0,-1,0,0,0,,0,,0,,0,0,0,1
1723521621,3843,8,8,8,8,30.345,0,0,0.11 | 0.11 | 0.13,0,1.01 | 1.59 | 2.03,0,1.97 | 2.51 | 3.95,9.509,0.000,0,1,0,0,0,0,-1,0,0,0,,0,,0,,0,0,0,1
1723521622,3843,8,8,8,8,30.345,0,0,0.11 | 0.11 | 0.13,0,1.01 | 1.59 | 2.03,0,1.97 | 2.51 | 3.95,9.509,0.000,0,1,0,0,0,0,-1,0,0,0,,0,,0,,0,0,0,1
1723521622,3843,8,8,8,8,30.345,0,0,0.11 | 0.11 | 0.13,0,1.01 | 1.59 | 2.03,0,1.97 | 2.51 | 3.95,9.509,0.000,0,1,0,0,0,0,-1,0,0,0,,0,,0,,0,0,0,1
1723521622,3843,8,8,8,8,30.345,0,0,0.11 | 0.11 | 0.13,0,1.01 | 1.59 | 2.03,0,1.97 | 2.51 | 3.95,9.509,0.000,0,1,0,0,0,0,-1,0,0,0,,0,,0,,0,0,0,1
1723521622,3843,8,8,8,8,30.345,0,0,0.11 | 0.11 | 0.13,0,1.01 | 1.59 | 2.03,0,1.97 | 2.51 | 3.95,9.509,0.000,0,1,0,0,0,0,-1,0,0,0,,0,,0,,0,0,0,1
1723521622,3843,8,8,8,8,29.26,0,0,0.11 | 0.11 | 0.13,0,1.01 | 1.59 | 2.03,0,1.97 | 2.51 | 3.95,9.509,0.000,0,1,0,0,0,0,-1,0,0,0,,0,,0,,0,0,0,1
1723521622,3843,8,8,8,8,29.26,0,0,0.11 | 0.11 | 0.13,0,1.01 | 1.59 | 2.03,0,1.97 | 2.51 | 3.95,9.509,0.000,0,1,0,0,0,0,-1,0,0,0,,0,,0,,0,0,0,1
1723521622,3843,8,8,8,8,29.26,0,0,0.11 | 0.11 | 0.13,0,1.01 | 1.59 | 2.03,0,1.97 | 2.51 | 3.95,9.509,0.000,0,1,0,0,0,0,-1,0,0,0,,0,,0,,0,0,0,1
1723521622,3843,8,8,8,8,29.26,0,0,0.11 | 0.11 | 0.13,0,1.01 | 1.59 | 2.03,0,1.97 | 2.51 | 3.95,9.509,0.000,0,1,0,0,0,0,-1,0,0,0,,0,,0,,0,0,0,1
1723521622,3843,8,8,8,8,29.26,0,0,0.11 | 0.11 | 0.13,0,1.01 | 1.59 | 2.03,0,1.97 | 2.51 | 3.95,9.509,0.000,0,1,0,0,0,0,-1,0,0,0,,0,,0,,0,0,0,1
1723521622,3843,8,8,8,8,29.26,0,0,0.11 | 0.11 | 0.13,0,1.01 | 1.59 | 2.03,0,1.97 | 2.51 | 3.95,9.509,0.000,0,1,0,0,0,0,-1,0,0,0,,0,,0,,0,0,0,1
1723521623,3843,8,8,8,8,29.26,0,0,0.11 | 0.11 | 0.13,0,1.01 | 1.59 | 2.03,0,1.97 | 2.51 | 3.95,9.509,0.000,0,1,0,0,0,0,-1,0,0,0,,0,,0,,0,0,0,1
1723521623,3843,8,8,8,8,29.26,0,0,0.11 | 0.11 | 0.13,0,1.01 | 1.59 | 2.03,0,1.97 | 2.51 | 3.95,9.509,0.000,0,1,0,0,0,0,-1,0,0,0,,0,,0,,0,0,0,1
1723521623,3843,8,8,8,8,29.26,0,0,0.11 | 0.11 | 0.13,0,1.01 | 1.59 | 2.03,0,1.97 | 2.51 | 3.95,9.509,0.000,0,1,0,0,0,0,-1,0,0,0,,0,,0,,0,0,0,1
1723521623,3843,8,8,8,8,29.26,0,0,0.11 | 0.11 | 0.13,0,1.01 | 1.59 | 2.03,0,1.97 | 2.51 | 3.95,9.509,0.000,0,1,0,0,0,0,-1,0,0,0,,0,,0,,0,0,0,1
1723521623,3843,8,8,8,8,28.204,0,0,0.11 | 0.11 | 0.13,0,1.01 | 1.59 | 2.03,0,1.97 | 2.51 | 3.95,9.509,0.000,0,1,0,0,0,0,-1,0,0,0,,0,,0,,0,0,0,1
1723521623,3843,8,8,8,8,28.204,0,0,0.11 | 0.11 | 0.13,0,1.01 | 1.59 | 2.03,0,1.97 | 2.51 | 3.95,9.509,0.000,0,1,0,0,0,0,-1,0,0,0,,0,,0,,0,0,0,1
1723521623,3843,8,8,8,8,28.204,0,0,0.11 | 0.11 | 0.13,0,1.01 | 1.59 | 2.03,0,1.97 | 2.51 | 3.95,9.509,0.000,0,1,0,0,0,0,-1,0,0,0,,0,,0,,0,0,0,1
1723521623,3843,8,8,8,8,28.204,0,0,0.11 | 0.11 | 0.13,0,1.01 | 1.59 | 2.03,0,1.97 | 2.51 | 3.95,9.509,0.000,0,1,0,0,0,0,-1,0,0,0,,0,,0,,0,0,0,1
1723521623,3843,8,8,8,8,28.204,0,0,0.11 | 0.11 | 0.13,0,1.01 | 1.59 | 2.03,0,1.97 | 2.51 | 3.95,9.509,0.000,0,1,0,0,0,0,-1,0,0,0,,0,,0,,0,0,0,1
1723521623,3843,8,8,8,8,28.204,0,0,0.11 | 0.11 | 0.13,0,1.01 | 1.59 | 2.03,0,1.97 | 2.51 | 3.95,9.509,0.000,0,1,0,0,0,0,-1,0,0,0,,0,,0,,0,0,0,1
1723521624,3843,8,8,8,8,28.204,0,0,0.11 | 0.11 | 0.13,0,1.01 | 1.59 | 2.03,0,1.97 | 2.51 | 3.95,9.509,0.000,0,1,0,0,0,0,-1,0,0,0,,0,,0,,0,0,0,1
1723521624,3843,8,8,8,8,28.204,0,0,0.11 | 0.11 | 0.13,0,1.01 | 1.59 | 2.03,0,1.97 | 2.51 | 3.95,9.509,0.000,0,1,0,0,0,0,-1,0,0,0,,0,,0,,0,0,0,1
1723521624,3843,8,8,8,8,28.204,0,0,0.11 | 0.11 | 0.13,0,1.01 | 1.59 | 2.03,0,1.97 | 2.51 | 3.95,9.509,0.000,0,1,0,0,0,0,-1,0,0,0,,0,,0,,0,0,0,1
1723521624,3843,8,8,8,8,28.204,0,0,0.11 | 0.11 | 0.13,0,1.01 | 1.59 | 2.03,0,1.97 | 2.51 | 3.95,9.509,0.000,0,1,0,0,0,0,-1,0,0,0,,0,,0,,0,0,0,1
1723521624,3843,8,8,8,8,30.608,1,0,0.11 | 0.11 | 0.13,0,1.01 | 1.65 | 2.03,0,1.97 | 2.42 | 3.95,9.508,0.000,0,1,0,0,0,0,-1,0,1,0,,0,,0,,0,0,0,1
1723521624,3843,8,8,8,8,30.608,1,0,0.11 | 0.11 | 0.13,0,1.01 | 1.65 | 2.03,0,1.97 | 2.42 | 3.95,9.508,0.000,0,1,0,0,0,0,-1,0,1,0,,0,,0,,0,0,0,1
1723521624,3843,8,8,8,8,30.608,1,0,0.11 | 0.11 | 0.13,0,1.01 | 1.65 | 2.03,0,1.97 | 2.42 | 3.95,9.508,0.000,0,1,0,0,0,0,-1,0,1,0,,0,,0,,0,0,0,1
1723521624,3843,8,8,8,8,30.608,1,0,0.11 | 0.11 | 0.13,0,1.01 | 1.65 | 2.03,0,1.97 | 2.42 | 3.95,9.508,0.000,0,1,0,0,0,0,-1,0,1,0,,0,,0,,0,0,0,1
1723521624,3843,8,8,8,8,30.608,1,0,0.11 | 0.11 | 0.13,0,1.01 | 1.65 | 2.03,0,1.97 | 2.42 | 3.95,9.508,0.000,0,1,0,0,0,0,-1,0,1,0,,0,,0,,0,0,0,1
1723521624,3843,8,8,8,8,30.608,1,0,0.11 | 0.11 | 0.13,0,1.01 | 1.65 | 2.03,0,1.97 | 2.42 | 3.95,9.508,0.000,0,1,0,0,0,0,-1,0,1,0,,0,,0,,0,0,0,1
1723521625,3843,8,8,8,8,30.608,1,0,0.11 | 0.11 | 0.13,0,1.01 | 1.65 | 2.03,0,1.97 | 2.42 | 3.95,9.508,0.000,0,1,0,0,0,0,-1,0,1,0,,0,,0,,0,0,0,1
1723521625,3843,8,8,8,8,30.608,1,0,0.11 | 0.11 | 0.13,0,1.01 | 1.65 | 2.03,0,1.97 | 2.42 | 3.95,9.508,0.000,0,1,0,0,0,0,-1,0,1,0,,0,,0,,0,0,0,1
1723521625,3843,8,8,8,8,30.608,1,0,0.11 | 0.11 | 0.13,0,1.01 | 1.65 | 2.03,0,1.97 | 2.42 | 3.95,9.508,0.000,0,1,0,0,0,0,-1,0,1,0,,0,,0,,0,0,0,1
1723521625,3843,8,8,8,8,30.608,1,0,0.11 | 0.11 | 0.13,0,1.01 | 1.65 | 2.03,0,1.97 | 2.42 | 3.95,9.508,0.000,0,1,0,0,0,0,-1,0,1,0,,0,,0,,0,0,0,1
1723521625,3843,8,8,8,8,29.545,1,0,0.11 | 0.11 | 0.13,0,1.01 | 1.65 | 2.03,0,1.97 | 2.42 | 3.95,9.508,0.000,0,1,0,0,0,0,-1,0,1,0,,0,,0,,0,0,0,1
1723521625,3843,8,8,8,8,29.545,1,0,0.11 | 0.11 | 0.13,0,1.01 | 1.65 | 2.03,0,1.97 | 2.42 | 3.95,9.508,0.000,0,1,0,0,0,0,-1,0,1,0,,0,,0,,0,0,0,1
1723521625,3843,8,8,8,8,29.545,1,0,0.11 | 0.11 | 0.13,0,1.01 | 1.65 | 2.03,0,1.97 | 2.42 | 3.95,9.508,0.000,0,1,0,0,0,0,-1,0,1,0,,0,,0,,0,0,0,1
1723521625,3843,8,8,8,8,29.545,1,0,0.11 | 0.11 | 0.13,0,1.01 | 1.65 | 2.03,0,1.97 | 2.42 | 3.95,9.508,0.000,0,1,0,0,0,0,-1,0,1,0,,0,,0,,0,0,0,1
1723521625,3843,8,8,8,8,29.545,1,0,0.11 | 0.11 | 0.13,0,1.01 | 1.65 | 2.03,0,1.97 | 2.42 | 3.95,9.508,0.000,0,1,0,0,0,0,-1,0,1,0,,0,,0,,0,0,0,1
1723521625,3843,8,8,8,8,29.545,1,0,0.11 | 0.11 | 0.13,0,1.01 | 1.65 | 2.03,0,1.97 | 2.42 | 3.95,9.508,0.000,0,1,0,0,0,0,-1,0,1,0,,0,,0,,0,0,0,1
1723521626,3843,8,8,8,8,29.545,1,0,0.11 | 0.11 | 0.13,0,1.01 | 1.65 | 2.03,0,1.97 | 2.42 | 3.95,9.508,0.000,0,1,0,0,0,0,-1,0,1,0,,0,,0,,0,0,0,1
1723521626,3843,8,8,8,8,29.545,1,0,0.11 | 0.11 | 0.13,0,1.01 | 1.65 | 2.03,0,1.97 | 2.42 | 3.95,9.508,0.000,0,1,0,0,0,0,-1,0,1,0,,0,,0,,0,0,0,1
1723521626,3843,8,8,8,8,29.545,1,0,0.11 | 0.11 | 0.13,0,1.01 | 1.65 | 2.03,0,1.97 | 2.42 | 3.95,9.508,0.000,0,1,0,0,0,0,-1,0,1,0,,0,,0,,0,0,0,1
1723521626,3843,8,8,8,8,29.545,1,0,0.11 | 0.11 | 0.13,0,1.01 | 1.65 | 2.03,0,1.97 | 2.42 | 3.95,9.508,0.000,0,1,0,0,0,0,-1,0,1,0,,0,,0,,0,0,0,1
1723521626,3843,8,8,8,8,28.482,1,0,0.11 | 0.11 | 0.13,0,1.01 | 1.65 | 2.03,0,1.97 | 2.42 | 3.95,9.508,0.000,0,1,0,0,0,0,-1,0,1,0,,0,,0,,0,0,0,1
1723521626,3843,8,8,8,8,28.482,1,0,0.11 | 0.11 | 0.13,0,1.01 | 1.65 | 2.03,0,1.97 | 2.42 | 3.95,9.508,0.000,0,1,0,0,0,0,-1,0,1,0,,0,,0,,0,0,0,1
1723521626,3843,8,8,8,8,28.482,1,0,0.11 | 0.11 | 0.13,0,1.01 | 1.65 | 2.03,0,1.97 | 2.42 | 3.95,9.508,0.000,0,1,0,0,0,0,-1,0,1,0,,0,,0,,0,0,0,1
1723521626,3843,8,8,8,8,28.482,1,0,0.11 | 0.11 | 0.13,0,1.01 | 1.65 | 2.03,0,1.97 | 2.42 | 3.95,9.508,0.000,0,1,0,0,0,0,-1,0,1,0,,0,,0,,0,0,0,1
1723521626,3843,8,8,8,8,28.482,1,0,0.11 | 0.11 | 0.13,0,1.01 | 1.65 | 2.03,0,1.97 | 2.42 | 3.95,9.508,0.000,0,1,0,0,0,0,-1,0,1,0,,0,,0,,0,0,0,1
1723521626,3843,8,8,8,8,28.482,1,0,0.11 | 0.11 | 0.13,0,1.01 | 1.65 | 2.03,0,1.97 | 2.42 | 3.95,9.508,0.000,0,1,0,0,0,0,-1,0,1,0,,0,,0,,0,0,0,1
1723521627,3843,8,8,8,8,28.482,1,0,0.11 | 0.11 | 0.13,0,1.01 | 1.65 | 2.03,0,1.97 | 2.42 | 3.95,9.508,0.000,0,1,0,0,0,0,-1,0,1,0,,0,,0,,0,0,0,1
1723521627,3843,8,8,8,8,28.482,1,0,0.11 | 0.11 | 0.13,0,1.01 | 1.65 | 2.03,0,1.97 | 2.42 | 3.95,9.508,0.000,0,1,0,0,0,0,-1,0,1,0,,0,,0,,0,0,0,1
1723521627,3843,8,8,8,8,28.482,1,0,0.11 | 0.11 | 0.13,0,1.01 | 1.65 | 2.03,0,1.97 | 2.42 | 3.95,9.508,0.000,0,1,0,0,0,0,-1,0,1,0,,0,,0,,0,0,0,1
1723521627,3843,8,8,8,8,28.482,1,0,0.11 | 0.11 | 0.13,0,1.01 | 1.65 | 2.03,0,1.97 | 2.42 | 3.95,9.508,0.000,0,1,0,0,0,0,-1,0,1,0,,0,,0,,0,0,0,1
1723521627,3843,8,8,8,8,27.42,1,0,0.11 | 0.11 | 0.13,0,1.01 | 1.65 | 2.03,0,1.97 | 2.42 | 3.95,9.508,0.000,0,1,0,0,0,0,-1,0,1,0,,0,,0,,0,0,0,1
1723521627,3843,8,8,8,8,27.42,1,0,0.11 | 0.11 | 0.13,0,1.01 | 1.65 | 2.03,0,1.97 | 2.42 | 3.95,9.508,0.000,0,1,0,0,0,0,-1,0,1,0,,0,,0,,0,0,0,1
1723521627,3843,8,8,8,8,27.42,1,0,0.11 | 0.11 | 0.13,0,1.01 | 1.65 | 2.03,0,1.97 | 2.42 | 3.95,9.508,0.000,0,1,0,0,0,0,-1,0,1,0,,0,,0,,0,0,0,1
1723521627,3843,8,8,8,8,27.42,1,0,0.11 | 0.11 | 0.13,0,1.01 | 1.65 | 2.03,0,1.97 | 2.42 | 3.95,9.508,0.000,0,1,0,0,0,0,-1,0,1,0,,0,,0,,0,0,0,1
1723521627,3843,8,8,8,8,27.42,1,0,0.11 | 0.11 | 0.13,0,1.01 | 1.65 | 2.03,0,1.97 | 2.42 | 3.95,9.508,0.000,0,1,0,0,0,0,-1,0,1,0,,0,,0,,0,0,0,1
1723521627,3843,8,8,8,8,27.42,1,0,0.11 | 0.11 | 0.13,0,1.01 | 1.65 | 2.03,0,1.97 | 2.42 | 3.95,9.508,0.000,0,1,0,0,0,0,-1,0,1,0,,0,,0,,0,0,0,1
1723521628,3843,8,8,8,8,27.42,1,0,0.11 | 0.11 | 0.13,0,1.01 | 1.65 | 2.03,0,1.97 | 2.42 | 3.95,9.508,0.000,0,1,0,0,0,0,-1,0,1,0,,0,,0,,0,0,0,1
1723521628,3843,8,8,8,8,27.42,1,0,0.11 | 0.11 | 0.13,0,1.01 | 1.65 | 2.03,0,1.97 | 2.42 | 3.95,9.508,0.000,0,1,0,0,0,0,-1,0,1,0,,0,,0,,0,0,0,1
1723521628,3843,8,8,8,8,27.42,1,0,0.11 | 0.11 | 0.13,0,1.01 | 1.65 | 2.03,0,1.97 | 2.42 | 3.95,9.508,0.000,0,1,0,0,0,0,-1,0,1,0,,0,,0,,0,0,0,1
1723521628,3843,8,8,8,8,27.42,1,0,0.11 | 0.11 | 0.13,0,1.01 | 1.65 | 2.03,0,1.97 | 2.42 | 3.95,9.508,0.000,0,1,0,0,0,0,-1,0,1,0,,0,,0,,0,0,0,1
1723521628,3843,8,8,8,8,31.423,1,0,0.11 | 0.11 | 0.13,0,1.01 | 1.65 | 2.00,0,2.00 | 2.43 | 3.95,9.488,0.000,0,1,0,0,0,0,-1,0,1,0,,0,,0,,0,0,0,1
1723521628,3843,8,8,8,8,31.423,1,0,0.11 | 0.11 | 0.13,0,1.01 | 1.65 | 2.00,0,2.00 | 2.43 | 3.95,9.488,0.000,0,1,0,0,0,0,-1,0,1,0,,0,,0,,0,0,0,1
1723521628,3843,8,8,8,8,31.423,1,0,0.11 | 0.11 | 0.13,0,1.01 | 1.65 | 2.00,0,2.00 | 2.43 | 3.95,9.488,0.000,0,1,0,0,0,0,-1,0,1,0,,0,,0,,0,0,0,1
1723521628,3843,8,8,8,8,31.423,1,0,0.11 | 0.11 | 0.13,0,1.01 | 1.65 | 2.00,0,2.00 | 2.43 | 3.95,9.488,0.000,0,1,0,0,0,0,-1,0,1,0,,0,,0,,0,0,0,1
1723521628,3843,8,8,8,8,31.423,1,0,0.11 | 0.11 | 0.13,0,1.01 | 1.65 | 2.00,0,2.00 | 2.43 | 3.95,9.488,0.000,0,1,0,0,0,0,-1,0,1,0,,0,,0,,0,0,0,1
1723521628,3843,8,8,8,8,31.423,1,0,0.11 | 0.11 | 0.13,0,1.01 | 1.65 | 2.00,0,2.00 | 2.43 | 3.95,9.488,0.000,0,1,0,0,0,0,-1,0,1,0,,0,,0,,0,0,0,1
1723521629,3843,8,8,8,8,31.423,1,0,0.11 | 0.11 | 0.13,0,1.01 | 1.65 | 2.00,0,2.00 | 2.43 | 3.95,9.488,0.000,0,1,0,0,0,0,-1,0,1,0,,0,,0,,0,0,0,1
1723521629,3843,8,8,8,8,31.423,1,0,0.11 | 0.11 | 0.13,0,1.01 | 1.65 | 2.00,0,2.00 | 2.43 | 3.95,9.488,0.000,0,1,0,0,0,0,-1,0,1,0,,0,,0,,0,0,0,1
1723521629,3843,8,8,8,8,31.423,1,0,0.11 | 0.11 | 0.13,0,1.01 | 1.65 | 2.00,0,2.00 | 2.43 | 3.95,9.488,0.000,0,1,0,0,0,0,-1,0,1,0,,0,,0,,0,0,0,1
1723521629,3843,8,8,8,8,31.423,1,0,0.11 | 0.11 | 0.13,0,1.01 | 1.65 | 2.00,0,2.00 | 2.43 | 3.95,9.488,0.000,0,1,0,0,0,0,-1,0,1,0,,0,,0,,0,0,0,1
1723521629,3843,8,8,8,8,30.361,1,0,0.11 | 0.11 | 0.13,0,1.01 | 1.65 | 2.00,0,2.00 | 2.43 | 3.95,9.488,0.000,0,1,0,0,0,0,-1,0,1,0,,0,,0,,0,0,0,1
1723521629,3843,8,8,8,8,30.361,1,0,0.11 | 0.11 | 0.13,0,1.01 | 1.65 | 2.00,0,2.00 | 2.43 | 3.95,9.488,0.000,0,1,0,0,0,0,-1,0,1,0,,0,,0,,0,0,0,1
1723521629,3843,8,8,8,8,30.361,1,0,0.11 | 0.11 | 0.13,0,1.01 | 1.65 | 2.00,0,2.00 | 2.43 | 3.95,9.488,0.000,0,1,0,0,0,0,-1,0,1,0,,0,,0,,0,0,0,1
1723521629,3843,8,8,8,8,30.361,1,0,0.11 | 0.11 | 0.13,0,1.01 | 1.65 | 2.00,0,2.00 | 2.43 | 3.95,9.488,0.000,0,1,0,0,0,0,-1,0,1,0,,0,,0,,0,0,0,1
1723521629,3843,8,8,8,8,30.361,1,0,0.11 | 0.11 | 0.13,0,1.01 | 1.65 | 2.00,0,2.00 | 2.43 | 3.95,9.488,0.000,0,1,0,0,0,0,-1,0,1,0,,0,,0,,0,0,0,1
1723521629,3843,8,8,8,8,30.361,1,0,0.11 | 0.11 | 0.13,0,1.01 | 1.65 | 2.00,0,2.00 | 2.43 | 3.95,9.488,0.000,0,1,0,0,0,0,-1,0,1,0,,0,,0,,0,0,0,1
1723521630,3843,8,8,8,8,30.361,1,0,0.11 | 0.11 | 0.13,0,1.01 | 1.65 | 2.00,0,2.00 | 2.43 | 3.95,9.488,0.000,0,1,0,0,0,0,-1,0,1,0,,0,,0,,0,0,0,1
1723521630,3843,8,8,8,8,30.361,1,0,0.11 | 0.11 | 0.13,0,1.01 | 1.65 | 2.00,0,2.00 | 2.43 | 3.95,9.488,0.000,0,1,0,0,0,0,-1,0,1,0,,0,,0,,0,0,0,1
1723521630,3843,8,8,8,8,30.361,1,0,0.11 | 0.11 | 0.13,0,1.01 | 1.65 | 2.00,0,2.00 | 2.43 | 3.95,9.488,0.000,0,1,0,0,0,0,-1,0,1,0,,0,,0,,0,0,0,1
1723521630,3843,8,8,8,8,30.361,1,0,0.11 | 0.11 | 0.13,0,1.01 | 1.65 | 2.00,0,2.00 | 2.43 | 3.95,9.488,0.000,0,1,0,0,0,0,-1,0,1,0,,0,,0,,0,0,0,1
1723521630,3843,8,8,8,8,29.187,1,0,0.11 | 0.11 | 0.13,0,1.01 | 1.65 | 2.00,0,2.00 | 2.43 | 3.95,9.488,0.000,0,1,0,0,0,0,-1,0,1,0,,0,,0,,0,0,0,1
1723521630,3843,8,8,8,8,29.187,1,0,0.11 | 0.11 | 0.13,0,1.01 | 1.65 | 2.00,0,2.00 | 2.43 | 3.95,9.488,0.000,0,1,0,0,0,0,-1,0,1,0,,0,,0,,0,0,0,1
1723521630,3843,8,8,8,8,29.187,1,0,0.11 | 0.11 | 0.13,0,1.01 | 1.65 | 2.00,0,2.00 | 2.43 | 3.95,9.488,0.000,0,1,0,0,0,0,-1,0,1,0,,0,,0,,0,0,0,1
1723521630,3843,8,8,8,8,29.187,1,0,0.11 | 0.11 | 0.13,0,1.01 | 1.65 | 2.00,0,2.00 | 2.43 | 3.95,9.488,0.000,0,1,0,0,0,0,-1,0,1,0,,0,,0,,0,0,0,1
1723521630,3843,8,8,8,8,29.187,1,0,0.11 | 0.11 | 0.13,0,1.01 | 1.65 | 2.00,0,2.00 | 2.43 | 3.95,9.488,0.000,0,1,0,0,0,0,-1,0,1,0,,0,,0,,0,0,0,1
1723521630,3843,8,8,8,8,29.187,1,0,0.11 | 0.11 | 0.13,0,1.01 | 1.65 | 2.00,0,2.00 | 2.43 | 3.95,9.488,0.000,0,1,0,0,0,0,-1,0,1,0,,0,,0,,0,0,0,1
1723521631,3843,8,8,8,8,29.187,1,0,0.11 | 0.11 | 0.13,0,1.01 | 1.65 | 2.00,0,2.00 | 2.43 | 3.95,9.488,0.000,0,1,0,0,0,0,-1,0,1,0,,0,,0,,0,0,0,1
1723521631,3843,8,8,8,8,29.187,1,0,0.11 | 0.11 | 0.13,0,1.01 | 1.65 | 2.00,0,2.00 | 2.43 | 3.95,9.488,0.000,0,1,0,0,0,0,-1,0,1,0,,0,,0,,0,0,0,1
1723521631,3843,8,8,8,8,29.187,1,0,0.11 | 0.11 | 0.13,0,1.01 | 1.65 | 2.00,0,2.00 | 2.43 | 3.95,9.488,0.000,0,1,0,0,0,0,-1,0,1,0,,0,,0,,0,0,0,1
1723521631,3843,8,8,8,8,29.187,1,0,0.11 | 0.11 | 0.13,0,1.01 | 1.65 | 2.00,0,2.00 | 2.43 | 3.95,9.488,0.000,0,1,0,0,0,0,-1,0,1,0,,0,,0,,0,0,0,1
1723521631,3843,8,8,8,8,28.236,1,0,0.11 | 0.11 | 0.13,0,1.01 | 1.65 | 2.00,0,2.00 | 2.43 | 3.95,9.488,0.000,0,1,0,0,0,0,-1,0,1,0,,0,,0,,0,0,0,1
1723521631,3843,8,8,8,8,28.236,1,0,0.11 | 0.11 | 0.13,0,1.01 | 1.65 | 2.00,0,2.00 | 2.43 | 3.95,9.488,0.000,0,1,0,0,0,0,-1,0,1,0,,0,,0,,0,0,0,1
1723521631,3843,8,8,8,8,28.236,1,0,0.11 | 0.11 | 0.13,0,1.01 | 1.65 | 2.00,0,2.00 | 2.43 | 3.95,9.488,0.000,0,1,0,0,0,0,-1,0,1,0,,0,,0,,0,0,0,1
1723521631,3843,8,8,8,8,28.236,1,0,0.11 | 0.11 | 0.13,0,1.01 | 1.65 | 2.00,0,2.00 | 2.43 | 3.95,9.488,0.000,0,1,0,0,0,0,-1,0,1,0,,0,,0,,0,0,0,1
1723521631,3843,8,8,8,8,28.236,1,0,0.11 | 0.11 | 0.13,0,1.01 | 1.65 | 2.00,0,2.00 | 2.43 | 3.95,9.488,0.000,0,1,0,0,0,0,-1,0,1,0,,0,,0,,0,0,0,1
1723521631,3843,8,8,8,8,28.236,1,0,0.11 | 0.11 | 0.13,0,1.01 | 1.65 | 2.00,0,2.00 | 2.43 | 3.95,9.488,0.000,0,1,0,0,0,0,-1,0,1,0,,0,,0,,0,0,0,1
1723521632,3843,8,8,8,8,28.236,1,0,0.11 | 0.11 | 0.13,0,1.01 | 1.65 | 2.00,0,2.00 | 2.43 | 3.95,9.488,0.000,0,1,0,0,0,0,-1,0,1,0,,0,,0,,0,0,0,1
1723521632,3843,8,8,8,8,28.236,1,0,0.11 | 0.11 | 0.13,0,1.01 | 1.65 | 2.00,0,2.00 | 2.43 | 3.95,9.488,0.000,0,1,0,0,0,0,-1,0,1,0,,0,,0,,0,0,0,1
1723521632,3843,8,8,8,8,28.236,1,0,0.11 | 0.11 | 0.13,0,1.01 | 1.65 | 2.00,0,2.00 | 2.43 | 3.95,9.488,0.000,0,1,0,0,0,0,-1,0,1,0,,0,,0,,0,0,0,1
1723521632,3843,8,8,8,8,28.236,1,0,0.11 | 0.11 | 0.13,0,1.01 | 1.65 | 2.00,0,2.00 | 2.43 | 3.95,9.488,0.000,0,1,0,0,0,0,-1,0,1,0,,0,,0,,0,0,0,1
1723521632,3843,8,8,8,8,30.639,1,0,0.11 | 0.11 | 0.13,0,1.40 | 1.75 | 2.00,0,2.00 | 2.29 | 2.85,9.488,0.000,0,1,0,0,0,0,-1,0,1,0,,0,,0,,0,0,0,1
1723521632,3843,8,8,8,8,30.639,1,0,0.11 | 0.11 | 0.13,0,1.40 | 1.75 | 2.00,0,2.00 | 2.29 | 2.85,9.488,0.000,0,1,0,0,0,0,-1,0,1,0,,0,,0,,0,0,0,1
1723521632,3843,8,8,8,8,30.639,1,0,0.11 | 0.11 | 0.13,0,1.40 | 1.75 | 2.00,0,2.00 | 2.29 | 2.85,9.488,0.000,0,1,0,0,0,0,-1,0,1,0,,0,,0,,0,0,0,1
1723521632,3843,8,8,8,8,30.639,1,0,0.11 | 0.11 | 0.13,0,1.40 | 1.75 | 2.00,0,2.00 | 2.29 | 2.85,9.488,0.000,0,1,0,0,0,0,-1,0,1,0,,0,,0,,0,0,0,1
1723521632,3843,8,8,8,8,30.639,1,0,0.11 | 0.11 | 0.13,0,1.40 | 1.75 | 2.00,0,2.00 | 2.29 | 2.85,9.488,0.000,0,1,0,0,0,0,-1,0,1,0,,0,,0,,0,0,0,1
1723521632,3843,8,8,8,8,30.639,1,0,0.11 | 0.11 | 0.13,0,1.40 | 1.75 | 2.00,0,2.00 | 2.29 | 2.85,9.488,0.000,0,1,0,0,0,0,-1,0,1,0,,0,,0,,0,0,0,1
1723521633,3843,8,8,8,8,30.639,1,0,0.11 | 0.11 | 0.13,0,1.40 | 1.75 | 2.00,0,2.00 | 2.29 | 2.85,9.488,0.000,0,1,0,0,0,0,-1,0,1,0,,0,,0,,0,0,0,1
1723521633,3843,8,8,8,8,30.639,1,0,0.11 | 0.11 | 0.13,0,1.40 | 1.75 | 2.00,0,2.00 | 2.29 | 2.85,9.488,0.000,0,1,0,0,0,0,-1,0,1,0,,0,,0,,0,0,0,1
1723521633,3843,8,8,8,8,30.639,1,0,0.11 | 0.11 | 0.13,0,1.40 | 1.75 | 2.00,0,2.00 | 2.29 | 2.85,9.488,0.000,0,1,0,0,0,0,-1,0,1,0,,0,,0,,0,0,0,1
1723521633,3843,8,8,8,8,30.639,1,0,0.11 | 0.11 | 0.13,0,1.40 | 1.75 | 2.00,0,2.00 | 2.29 | 2.85,9.488,0.000,0,1,0,0,0,0,-1,0,1,0,,0,,0,,0,0,0,1
1723521633,3843,8,8,8,8,29.576,1,0,0.11 | 0.11 | 0.13,0,1.40 | 1.75 | 2.00,0,2.00 | 2.29 | 2.85,9.488,0.000,0,1,0,0,0,0,-1,0,1,0,,0,,0,,0,0,0,1
1723521633,3843,8,8,8,8,29.576,1,0,0.11 | 0.11 | 0.13,0,1.40 | 1.75 | 2.00,0,2.00 | 2.29 | 2.85,9.488,0.000,0,1,0,0,0,0,-1,0,1,0,,0,,0,,0,0,0,1
1723521633,3843,8,8,8,8,29.576,1,0,0.11 | 0.11 | 0.13,0,1.40 | 1.75 | 2.00,0,2.00 | 2.29 | 2.85,9.488,0.000,0,1,0,0,0,0,-1,0,1,0,,0,,0,,0,0,0,1
1723521633,3843,8,8,8,8,29.576,1,0,0.11 | 0.11 | 0.13,0,1.40 | 1.75 | 2.00,0,2.00 | 2.29 | 2.85,9.488,0.000,0,1,0,0,0,0,-1,0,1,0,,0,,0,,0,0,0,1
1723521633,3843,8,8,8,8,29.576,1,0,0.11 | 0.11 | 0.13,0,1.40 | 1.75 | 2.00,0,2.00 | 2.29 | 2.85,9.488,0.000,0,1,0,0,0,0,-1,0,1,0,,0,,0,,0,0,0,1
1723521633,3843,8,8,8,8,29.576,1,0,0.11 | 0.11 | 0.13,0,1.40 | 1.75 | 2.00,0,2.00 | 2.29 | 2.85,9.488,0.000,0,1,0,0,0,0,-1,0,1,0,,0,,0,,0,0,0,1
1723521634,3843,8,8,8,8,29.576,1,0,0.11 | 0.11 | 0.13,0,1.40 | 1.75 | 2.00,0,2.00 | 2.29 | 2.85,9.488,0.000,0,1,0,0,0,0,-1,0,1,0,,0,,0,,0,0,0,1
1723521634,3843,8,8,8,8,29.576,1,0,0.11 | 0.11 | 0.13,0,1.40 | 1.75 | 2.00,0,2.00 | 2.29 | 2.85,9.488,0.000,0,1,0,0,0,0,-1,0,1,0,,0,,0,,0,0,0,1
1723521634,3843,8,8,8,8,29.576,1,0,0.11 | 0.11 | 0.13,0,1.40 | 1.75 | 2.00,0,2.00 | 2.29 | 2.85,9.488,0.000,0,1,0,0,0,0,-1,0,1,0,,0,,0,,0,0,0,1
1723521634,3843,8,8,8,8,29.576,1,0,0.11 | 0.11 | 0.13,0,1.40 | 1.75 | 2.00,0,2.00 | 2.29 | 2.85,9.488,0.000,0,1,0,0,0,0,-1,0,1,0,,0,,0,,0,0,0,1
1723521634,3843,8,8,8,8,28.513,1,0,0.11 | 0.11 | 0.13,0,1.40 | 1.75 | 2.00,0,2.00 | 2.29 | 2.85,9.488,0.000,0,1,0,0,0,0,-1,0,1,0,,0,,0,,0,0,0,1
1723521634,3843,8,8,8,8,28.513,1,0,0.11 | 0.11 | 0.13,0,1.40 | 1.75 | 2.00,0,2.00 | 2.29 | 2.85,9.488,0.000,0,1,0,0,0,0,-1,0,1,0,,0,,0,,0,0,0,1
1723521634,3843,8,8,8,8,28.513,1,0,0.11 | 0.11 | 0.13,0,1.40 | 1.75 | 2.00,0,2.00 | 2.29 | 2.85,9.488,0.000,0,1,0,0,0,0,-1,0,1,0,,0,,0,,0,0,0,1
1723521634,3843,8,8,8,8,28.513,1,0,0.11 | 0.11 | 0.13,0,1.40 | 1.75 | 2.00,0,2.00 | 2.29 | 2.85,9.488,0.000,0,1,0,0,0,0,-1,0,1,0,,0,,0,,0,0,0,1
1723521634,3843,8,8,8,8,28.513,1,0,0.11 | 0.11 | 0.13,0,1.40 | 1.75 | 2.00,0,2.00 | 2.29 | 2.85,9.488,0.000,0,1,0,0,0,0,-1,0,1,0,,0,,0,,0,0,0,1
1723521634,3843,8,8,8,8,28.513,1,0,0.11 | 0.11 | 0.13,0,1.40 | 1.75 | 2.00,0,2.00 | 2.29 | 2.85,9.488,0.000,0,1,0,0,0,0,-1,0,1,0,,0,,0,,0,0,0,1
1723521635,3843,8,8,8,8,28.513,1,0,0.11 | 0.11 | 0.13,0,1.40 | 1.75 | 2.00,0,2.00 | 2.29 | 2.85,9.488,0.000,0,1,0,0,0,0,-1,0,1,0,,0,,0,,0,0,0,1
1723521635,3843,8,8,8,8,28.513,1,0,0.11 | 0.11 | 0.13,0,1.40 | 1.75 | 2.00,0,2.00 | 2.29 | 2.85,9.488,0.000,0,1,0,0,0,0,-1,0,1,0,,0,,0,,0,0,0,1
1723521635,3843,8,8,8,8,28.513,1,0,0.11 | 0.11 | 0.13,0,1.40 | 1.75 | 2.00,0,2.00 | 2.29 | 2.85,9.488,0.000,0,1,0,0,0,0,-1,0,1,0,,0,,0,,0,0,0,1
1723521635,3843,8,8,8,8,28.513,1,0,0.11 | 0.11 | 0.13,0,1.40 | 1.75 | 2.00,0,2.00 | 2.29 | 2.85,9.488,0.000,0,1,0,0,0,0,-1,0,1,0,,0,,0,,0,0,0,1
1723521635,3843,8,8,8,8,32.251,1,0,0.11 | 0.11 | 0.13,0,1.40 | 1.77 | 2.04,0,1.96 | 2.26 | 2.85,9.482,0.000,0,1,0,0,0,0,-1,0,1,0,,0,,0,,0,0,0,1
1723521635,3843,8,8,8,8,32.251,1,0,0.11 | 0.11 | 0.13,0,1.40 | 1.77 | 2.04,0,1.96 | 2.26 | 2.85,9.482,0.000,0,1,0,0,0,0,-1,0,1,0,,0,,0,,0,0,0,1
1723521635,3843,8,8,8,8,32.251,1,0,0.11 | 0.11 | 0.13,0,1.40 | 1.77 | 2.04,0,1.96 | 2.26 | 2.85,9.482,0.000,0,1,0,0,0,0,-1,0,1,0,,0,,0,,0,0,0,1
1723521635,3843,8,8,8,8,32.251,1,0,0.11 | 0.11 | 0.13,0,1.40 | 1.77 | 2.04,0,1.96 | 2.26 | 2.85,9.482,0.000,0,1,0,0,0,0,-1,0,1,0,,0,,0,,0,0,0,1
1723521635,3843,8,8,8,8,32.251,1,0,0.11 | 0.11 | 0.13,0,1.40 | 1.77 | 2.04,0,1.96 | 2.26 | 2.85,9.482,0.000,0,1,0,0,0,0,-1,0,1,0,,0,,0,,0,0,0,1
1723521635,3843,8,8,8,8,32.251,1,0,0.11 | 0.11 | 0.13,0,1.40 | 1.77 | 2.04,0,1.96 | 2.26 | 2.85,9.482,0.000,0,1,0,0,0,0,-1,0,1,0,,0,,0,,0,0,0,1
1723521636,3843,8,8,8,8,32.251,1,0,0.11 | 0.11 | 0.13,0,1.40 | 1.77 | 2.04,0,1.96 | 2.26 | 2.85,9.482,0.000,0,1,0,0,0,0,-1,0,1,0,,0,,0,,0,0,0,1
1723521636,3843,8,8,8,8,32.251,1,0,0.11 | 0.11 | 0.13,0,1.40 | 1.77 | 2.04,0,1.96 | 2.26 | 2.85,9.482,0.000,0,1,0,0,0,0,-1,0,1,0,,0,,0,,0,0,0,1
1723521636,3843,8,8,8,8,32.251,1,0,0.11 | 0.11 | 0.13,0,1.40 | 1.77 | 2.04,0,1.96 | 2.26 | 2.85,9.482,0.000,0,1,0,0,0,0,-1,0,1,0,,0,,0,,0,0,0,1
1723521636,3843,8,8,8,8,32.251,1,0,0.11 | 0.11 | 0.13,0,1.40 | 1.77 | 2.04,0,1.96 | 2.26 | 2.85,9.482,0.000,0,1,0,0,0,0,-1,0,1,0,,0,,0,,0,0,0,1
1723521636,3843,8,8,8,8,31.188,1,0,0.11 | 0.11 | 0.13,0,1.40 | 1.77 | 2.04,0,1.96 | 2.26 | 2.85,9.482,0.000,0,1,0,0,0,0,-1,0,1,0,,0,,0,,0,0,0,1
1723521636,3843,8,8,8,8,31.188,1,0,0.11 | 0.11 | 0.13,0,1.40 | 1.77 | 2.04,0,1.96 | 2.26 | 2.85,9.482,0.000,0,1,0,0,0,0,-1,0,1,0,,0,,0,,0,0,0,1
1723521636,3843,8,8,8,8,31.188,1,0,0.11 | 0.11 | 0.13,0,1.40 | 1.77 | 2.04,0,1.96 | 2.26 | 2.85,9.482,0.000,0,1,0,0,0,0,-1,0,1,0,,0,,0,,0,0,0,1
1723521636,3843,8,8,8,8,31.188,1,0,0.11 | 0.11 | 0.13,0,1.40 | 1.77 | 2.04,0,1.96 | 2.26 | 2.85,9.482,0.000,0,1,0,0,0,0,-1,0,1,0,,0,,0,,0,0,0,1
1723521636,3843,8,8,8,8,31.188,1,0,0.11 | 0.11 | 0.13,0,1.40 | 1.77 | 2.04,0,1.96 | 2.26 | 2.85,9.482,0.000,0,1,0,0,0,0,-1,0,1,0,,0,,0,,0,0,0,1
1723521636,3843,8,8,8,8,31.188,1,0,0.11 | 0.11 | 0.13,0,1.40 | 1.77 | 2.04,0,1.96 | 2.26 | 2.85,9.482,0.000,0,1,0,0,0,0,-1,0,1,0,,0,,0,,0,0,0,1
1723521637,3843,8,8,8,8,31.188,1,0,0.11 | 0.11 | 0.13,0,1.40 | 1.77 | 2.04,0,1.96 | 2.26 | 2.85,9.482,0.000,0,1,0,0,0,0,-1,0,1,0,,0,,0,,0,0,0,1
1723521637,3843,8,8,8,8,31.188,1,0,0.11 | 0.11 | 0.13,0,1.40 | 1.77 | 2.04,0,1.96 | 2.26 | 2.85,9.482,0.000,0,1,0,0,0,0,-1,0,1,0,,0,,0,,0,0,0,1
1723521637,3843,8,8,8,8,31.188,1,0,0.11 | 0.11 | 0.13,0,1.40 | 1.77 | 2.04,0,1.96 | 2.26 | 2.85,9.482,0.000,0,1,0,0,0,0,-1,0,1,0,,0,,0,,0,0,0,1
1723521637,3843,8,8,8,8,31.188,1,0,0.11 | 0.11 | 0.13,0,1.40 | 1.77 | 2.04,0,1.96 | 2.26 | 2.85,9.482,0.000,0,1,0,0,0,0,-1,0,1,0,,0,,0,,0,0,0,1
1723521637,3843,8,8,8,8,30.392,1,0,0.11 | 0.11 | 0.13,0,1.40 | 1.77 | 2.04,0,1.96 | 2.26 | 2.85,9.482,0.000,0,1,0,0,0,0,-1,0,1,0,,0,,0,,0,0,0,1
1723521637,3843,8,8,8,8,30.392,1,0,0.11 | 0.11 | 0.13,0,1.40 | 1.77 | 2.04,0,1.96 | 2.26 | 2.85,9.482,0.000,0,1,0,0,0,0,-1,0,1,0,,0,,0,,0,0,0,1
1723521637,3843,8,8,8,8,30.392,1,0,0.11 | 0.11 | 0.13,0,1.40 | 1.77 | 2.04,0,1.96 | 2.26 | 2.85,9.482,0.000,0,1,0,0,0,0,-1,0,1,0,,0,,0,,0,0,0,1
1723521637,3843,8,8,8,8,30.392,1,0,0.11 | 0.11 | 0.13,0,1.40 | 1.77 | 2.04,0,1.96 | 2.26 | 2.85,9.482,0.000,0,1,0,0,0,0,-1,0,1,0,,0,,0,,0,0,0,1
1723521637,3843,8,8,8,8,30.392,1,0,0.11 | 0.11 | 0.13,0,1.40 | 1.77 | 2.04,0,1.96 | 2.26 | 2.85,9.482,0.000,0,1,0,0,0,0,-1,0,1,0,,0,,0,,0,0,0,1
1723521637,3843,8,8,8,8,30.392,1,0,0.11 | 0.11 | 0.13,0,1.40 | 1.77 | 2.04,0,1.96 | 2.26 | 2.85,9.482,0.000,0,1,0,0,0,0,-1,0,1,0,,0,,0,,0,0,0,1
1723521638,3843,8,8,8,8,30.392,1,0,0.11 | 0.11 | 0.13,0,1.40 | 1.77 | 2.04,0,1.96 | 2.26 | 2.85,9.482,0.000,0,1,0,0,0,0,-1,0,1,0,,0,,0,,0,0,0,1
1723521638,3843,8,8,8,8,30.392,1,0,0.11 | 0.11 | 0.13,0,1.40 | 1.77 | 2.04,0,1.96 | 2.26 | 2.85,9.482,0.000,0,1,0,0,0,0,-1,0,1,0,,0,,0,,0,0,0,1
1723521638,3843,8,8,8,8,30.392,1,0,0.11 | 0.11 | 0.13,0,1.40 | 1.77 | 2.04,0,1.96 | 2.26 | 2.85,9.482,0.000,0,1,0,0,0,0,-1,0,1,0,,0,,0,,0,0,0,1
1723521638,3843,8,8,8,8,30.392,1,0,0.11 | 0.11 | 0.13,0,1.40 | 1.77 | 2.04,0,1.96 | 2.26 | 2.85,9.482,0.000,0,1,0,0,0,0,-1,0,1,0,,0,,0,,0,0,0,1
1723521638,3843,8,8,8,8,29.329,1,0,0.11 | 0.11 | 0.13,0,1.40 | 1.77 | 2.04,0,1.96 | 2.26 | 2.85,9.482,0.000,0,1,0,0,0,0,-1,0,1,0,,0,,0,,0,0,0,1
1723521638,3843,8,8,8,8,29.329,1,0,0.11 | 0.11 | 0.13,0,1.40 | 1.77 | 2.04,0,1.96 | 2.26 | 2.85,9.482,0.000,0,1,0,0,0,0,-1,0,1,0,,0,,0,,0,0,0,1
1723521638,3843,8,8,8,8,29.329,1,0,0.11 | 0.11 | 0.13,0,1.40 | 1.77 | 2.04,0,1.96 | 2.26 | 2.85,9.482,0.000,0,1,0,0,0,0,-1,0,1,0,,0,,0,,0,0,0,1
1723521638,3843,8,8,8,8,29.329,1,0,0.11 | 0.11 | 0.13,0,1.40 | 1.77 | 2.04,0,1.96 | 2.26 | 2.85,9.482,0.000,0,1,0,0,0,0,-1,0,1,0,,0,,0,,0,0,0,1
1723521638,3843,8,8,8,8,29.329,1,0,0.11 | 0.11 | 0.13,0,1.40 | 1.77 | 2.04,0,1.96 | 2.26 | 2.85,9.482,0.000,0,1,0,0,0,0,-1,0,1,0,,0,,0,,0,0,0,1
1723521638,3843,8,8,8,8,29.329,1,0,0.11 | 0.11 | 0.13,0,1.40 | 1.77 | 2.04,0,1.96 | 2.26 | 2.85,9.482,0.000,0,1,0,0,0,0,-1,0,1,0,,0,,0,,0,0,0,1
1723521639,3843,8,8,8,8,29.329,1,0,0.11 | 0.11 | 0.13,0,1.40 | 1.77 | 2.04,0,1.96 | 2.26 | 2.85,9.482,0.000,0,1,0,0,0,0,-1,0,1,0,,0,,0,,0,0,0,1
1723521639,3843,8,8,8,8,29.329,1,0,0.11 | 0.11 | 0.13,0,1.40 | 1.77 | 2.04,0,1.96 | 2.26 | 2.85,9.482,0.000,0,1,0,0,0,0,-1,0,1,0,,0,,0,,0,0,0,1
1723521639,3843,8,8,8,8,29.329,1,0,0.11 | 0.11 | 0.13,0,1.40 | 1.77 | 2.04,0,1.96 | 2.26 | 2.85,9.482,0.000,0,1,0,0,0,0,-1,0,1,0,,0,,0,,0,0,0,1
1723521639,3843,8,8,8,8,29.329,1,0,0.11 | 0.11 | 0.13,0,1.40 | 1.77 | 2.04,0,1.96 | 2.26 | 2.85,9.482,0.000,0,1,0,0,0,0,-1,0,1,0,,0,,0,,0,0,0,1
1723521639,3843,8,8,8,8,28.267,1,0,0.11 | 0.11 | 0.13,0,1.40 | 1.77 | 2.04,0,1.96 | 2.26 | 2.85,9.482,0.000,0,1,0,0,0,0,-1,0,1,0,,0,,0,,0,0,0,1
1723521639,3843,8,8,8,8,28.267,1,0,0.11 | 0.11 | 0.13,0,1.40 | 1.77 | 2.04,0,1.96 | 2.26 | 2.85,9.482,0.000,0,1,0,0,0,0,-1,0,1,0,,0,,0,,0,0,0,1
1723521639,3843,8,8,8,8,28.267,1,0,0.11 | 0.11 | 0.13,0,1.40 | 1.77 | 2.04,0,1.96 | 2.26 | 2.85,9.482,0.000,0,1,0,0,0,0,-1,0,1,0,,0,,0,,0,0,0,1
1723521639,3843,8,8,8,8,28.267,1,0,0.11 | 0.11 | 0.13,0,1.40 | 1.77 | 2.04,0,1.96 | 2.26 | 2.85,9.482,0.000,0,1,0,0,0,0,-1,0,1,0,,0,,0,,0,0,0,1
1723521639,3843,8,8,8,8,28.267,1,0,0.11 | 0.11 | 0.13,0,1.40 | 1.77 | 2.04,0,1.96 | 2.26 | 2.85,9.482,0.000,0,1,0,0,0,0,-1,0,1,0,,0,,0,,0,0,0,1
1723521639,3843,8,8,8,8,28.267,1,0,0.11 | 0.11 | 0.13,0,1.40 | 1.77 | 2.04,0,1.96 | 2.26 | 2.85,9.482,0.000,0,1,0,0,0,0,-1,0,1,0,,0,,0,,0,0,0,1
1723521640,3843,8,8,8,8,28.267,1,0,0.11 | 0.11 | 0.13,0,1.40 | 1.77 | 2.04,0,1.96 | 2.26 | 2.85,9.482,0.000,0,1,0,0,0,0,-1,0,1,0,,0,,0,,0,0,0,1
1723521640,3843,8,8,8,8,28.267,1,0,0.11 | 0.11 | 0.13,0,1.40 | 1.77 | 2.04,0,1.96 | 2.26 | 2.85,9.482,0.000,0,1,0,0,0,0,-1,0,1,0,,0,,0,,0,0,0,1
1723521640,3843,8,8,8,8,28.267,1,0,0.11 | 0.11 | 0.13,0,1.40 | 1.77 | 2.04,0,1.96 | 2.26 | 2.85,9.482,0.000,0,1,0,0,0,0,-1,0,1,0,,0,,0,,0,0,0,1
1723521640,3843,8,8,8,8,28.267,1,0,0.11 | 0.11 | 0.13,0,1.40 | 1.77 | 2.04,0,1.96 | 2.26 | 2.85,9.482,0.000,0,1,0,0,0,0,-1,0,1,0,,0,,0,,0,0,0,1
1723521640,3843,8,8,8,8,30.388,1,0,0.11 | 0.11 | 0.13,0,1.40 | 1.71 | 2.04,0,1.96 | 2.33 | 2.85,9.480,0.000,0,1,0,0,0,0,-1,0,1,0,,0,,0,,0,0,0,1
1723521640,3843,8,8,8,8,30.388,1,0,0.11 | 0.11 | 0.13,0,1.40 | 1.71 | 2.04,0,1.96 | 2.33 | 2.85,9.480,0.000,0,1,0,0,0,0,-1,0,1,0,,0,,0,,0,0,0,1
1723521640,3843,8,8,8,8,30.388,1,0,0.11 | 0.11 | 0.13,0,1.40 | 1.71 | 2.04,0,1.96 | 2.33 | 2.85,9.480,0.000,0,1,0,0,0,0,-1,0,1,0,,0,,0,,0,0,0,1
1723521640,3843,8,8,8,8,30.388,1,0,0.11 | 0.11 | 0.13,0,1.40 | 1.71 | 2.04,0,1.96 | 2.33 | 2.85,9.480,0.000,0,1,0,0,0,0,-1,0,1,0,,0,,0,,0,0,0,1
1723521640,3843,8,8,8,8,30.388,1,0,0.11 | 0.11 | 0.13,0,1.40 | 1.71 | 2.04,0,1.96 | 2.33 | 2.85,9.480,0.000,0,1,0,0,0,0,-1,0,1,0,,0,,0,,0,0,0,1
1723521640,3843,8,8,8,8,30.388,1,0,0.11 | 0.11 | 0.13,0,1.40 | 1.71 | 2.04,0,1.96 | 2.33 | 2.85,9.480,0.000,0,1,0,0,0,0,-1,0,1,0,,0,,0,,0,0,0,1
1723521641,3843,8,8,8,8,30.388,1,0,0.11 | 0.11 | 0.13,0,1.40 | 1.71 | 2.04,0,1.96 | 2.33 | 2.85,9.480,0.000,0,1,0,0,0,0,-1,0,1,0,,0,,0,,0,0,0,1
1723521641,3843,8,8,8,8,30.388,1,0,0.11 | 0.11 | 0.13,0,1.40 | 1.71 | 2.04,0,1.96 | 2.33 | 2.85,9.480,0.000,0,1,0,0,0,0,-1,0,1,0,,0,,0,,0,0,0,1
1723521641,3843,8,8,8,8,30.388,1,0,0.11 | 0.11 | 0.13,0,1.40 | 1.71 | 2.04,0,1.96 | 2.33 | 2.85,9.480,0.000,0,1,0,0,0,0,-1,0,1,0,,0,,0,,0,0,0,1
1723521641,3843,8,8,8,8,30.388,1,0,0.11 | 0.11 | 0.13,0,1.40 | 1.71 | 2.04,0,1.96 | 2.33 | 2.85,9.480,0.000,0,1,0,0,0,0,-1,0,1,0,,0,,0,,0,0,0,1
1723521641,3843,8,8,8,8,29.608,1,0,0.11 | 0.11 | 0.13,0,1.40 | 1.71 | 2.04,0,1.96 | 2.33 | 2.85,9.480,0.000,0,1,0,0,0,0,-1,0,1,0,,0,,0,,0,0,0,1
1723521641,3843,8,8,8,8,29.608,1,0,0.11 | 0.11 | 0.13,0,1.40 | 1.71 | 2.04,0,1.96 | 2.33 | 2.85,9.480,0.000,0,1,0,0,0,0,-1,0,1,0,,0,,0,,0,0,0,1
1723521641,3843,8,8,8,8,29.608,1,0,0.11 | 0.11 | 0.13,0,1.40 | 1.71 | 2.04,0,1.96 | 2.33 | 2.85,9.480,0.000,0,1,0,0,0,0,-1,0,1,0,,0,,0,,0,0,0,1
1723521641,3843,8,8,8,8,29.608,1,0,0.11 | 0.11 | 0.13,0,1.40 | 1.71 | 2.04,0,1.96 | 2.33 | 2.85,9.480,0.000,0,1,0,0,0,0,-1,0,1,0,,0,,0,,0,0,0,1
1723521641,3843,8,8,8,8,29.608,1,0,0.11 | 0.11 | 0.13,0,1.40 | 1.71 | 2.04,0,1.96 | 2.33 | 2.85,9.480,0.000,0,1,0,0,0,0,-1,0,1,0,,0,,0,,0,0,0,1
1723521641,3843,8,8,8,8,29.608,1,0,0.11 | 0.11 | 0.13,0,1.40 | 1.71 | 2.04,0,1.96 | 2.33 | 2.85,9.480,0.000,0,1,0,0,0,0,-1,0,1,0,,0,,0,,0,0,0,1
1723521642,3843,8,8,8,8,29.608,1,0,0.11 | 0.11 | 0.13,0,1.40 | 1.71 | 2.04,0,1.96 | 2.33 | 2.85,9.480,0.000,0,1,0,0,0,0,-1,0,1,0,,0,,0,,0,0,0,1
1723521642,3843,8,8,8,8,29.608,1,0,0.11 | 0.11 | 0.13,0,1.40 | 1.71 | 2.04,0,1.96 | 2.33 | 2.85,9.480,0.000,0,1,0,0,0,0,-1,0,1,0,,0,,0,,0,0,0,1
1723521642,3843,8,8,8,8,29.608,1,0,0.11 | 0.11 | 0.13,0,1.40 | 1.71 | 2.04,0,1.96 | 2.33 | 2.85,9.480,0.000,0,1,0,0,0,0,-1,0,1,0,,0,,0,,0,0,0,1
1723521642,3843,8,8,8,8,29.608,1,0,0.11 | 0.11 | 0.13,0,1.40 | 1.71 | 2.04,0,1.96 | 2.33 | 2.85,9.480,0.000,0,1,0,0,0,0,-1,0,1,0,,0,,0,,0,0,0,1
1723521642,3843,8,8,8,8,28.545,1,0,0.11 | 0.11 | 0.13,0,1.40 | 1.71 | 2.04,0,1.96 | 2.33 | 2.85,9.480,0.000,0,1,0,0,0,0,-1,0,1,0,,0,,0,,0,0,0,1
1723521642,3843,8,8,8,8,28.545,1,0,0.11 | 0.11 | 0.13,0,1.40 | 1.71 | 2.04,0,1.96 | 2.33 | 2.85,9.480,0.000,0,1,0,0,0,0,-1,0,1,0,,0,,0,,0,0,0,1
1723521642,3843,8,8,8,8,28.545,1,0,0.11 | 0.11 | 0.13,0,1.40 | 1.71 | 2.04,0,1.96 | 2.33 | 2.85,9.480,0.000,0,1,0,0,0,0,-1,0,1,0,,0,,0,,0,0,0,1
1723521642,3843,8,8,8,8,28.545,1,0,0.11 | 0.11 | 0.13,0,1.40 | 1.71 | 2.04,0,1.96 | 2.33 | 2.85,9.480,0.000,0,1,0,0,0,0,-1,0,1,0,,0,,0,,0,0,0,1
1723521642,3843,8,8,8,8,28.545,1,0,0.11 | 0.11 | 0.13,0,1.40 | 1.71 | 2.04,0,1.96 | 2.33 | 2.85,9.480,0.000,0,1,0,0,0,0,-1,0,1,0,,0,,0,,0,0,0,1
1723521642,3843,8,8,8,8,28.545,1,0,0.11 | 0.11 | 0.13,0,1.40 | 1.71 | 2.04,0,1.96 | 2.33 | 2.85,9.480,0.000,0,1,0,0,0,0,-1,0,1,0,,0,,0,,0,0,0,1
1723521643,3843,8,8,8,8,28.545,1,0,0.11 | 0.11 | 0.13,0,1.40 | 1.71 | 2.04,0,1.96 | 2.33 | 2.85,9.480,0.000,0,1,0,0,0,0,-1,0,1,0,,0,,0,,0,0,0,1
1723521643,3843,8,8,8,8,28.545,1,0,0.11 | 0.11 | 0.13,0,1.40 | 1.71 | 2.04,0,1.96 | 2.33 | 2.85,9.480,0.000,0,1,0,0,0,0,-1,0,1,0,,0,,0,,0,0,0,1
1723521643,3843,8,8,8,8,28.545,1,0,0.11 | 0.11 | 0.13,0,1.40 | 1.71 | 2.04,0,1.96 | 2.33 | 2.85,9.480,0.000,0,1,0,0,0,0,-1,0,1,0,,0,,0,,0,0,0,1
1723521643,3843,8,8,8,8,28.545,1,0,0.11 | 0.11 | 0.13,0,1.40 | 1.71 | 2.04,0,1.96 | 2.33 | 2.85,9.480,0.000,0,1,0,0,0,0,-1,0,1,0,,0,,0,,0,0,0,1
1723521643,3843,8,8,8,8,32.282,1,0,0.11 | 0.11 | 0.11,0,1.40 | 1.62 | 2.04,0,1.96 | 2.47 | 2.85,9.483,0.000,0,1,0,0,0,0,-1,0,1,0,,0,,0,,0,0,0,1
1723521643,3843,8,8,8,8,32.282,1,0,0.11 | 0.11 | 0.11,0,1.40 | 1.62 | 2.04,0,1.96 | 2.47 | 2.85,9.483,0.000,0,1,0,0,0,0,-1,0,1,0,,0,,0,,0,0,0,1
1723521643,3843,8,8,8,8,32.282,1,0,0.11 | 0.11 | 0.11,0,1.40 | 1.62 | 2.04,0,1.96 | 2.47 | 2.85,9.483,0.000,0,1,0,0,0,0,-1,0,1,0,,0,,0,,0,0,0,1
1723521643,3843,8,8,8,8,32.282,1,0,0.11 | 0.11 | 0.11,0,1.40 | 1.62 | 2.04,0,1.96 | 2.47 | 2.85,9.483,0.000,0,1,0,0,0,0,-1,0,1,0,,0,,0,,0,0,0,1
1723521643,3843,8,8,8,8,32.282,1,0,0.11 | 0.11 | 0.11,0,1.40 | 1.62 | 2.04,0,1.96 | 2.47 | 2.85,9.483,0.000,0,1,0,0,0,0,-1,0,1,0,,0,,0,,0,0,0,1
1723521643,3843,8,8,8,8,32.282,1,0,0.11 | 0.11 | 0.11,0,1.40 | 1.62 | 2.04,0,1.96 | 2.47 | 2.85,9.483,0.000,0,1,0,0,0,0,-1,0,1,0,,0,,0,,0,0,0,1
1723521644,3843,8,8,8,8,32.282,1,0,0.11 | 0.11 | 0.11,0,1.40 | 1.62 | 2.04,0,1.96 | 2.47 | 2.85,9.483,0.000,0,1,0,0,0,0,-1,0,1,0,,0,,0,,0,0,0,1
1723521644,3843,8,8,8,8,32.282,1,0,0.11 | 0.11 | 0.11,0,1.40 | 1.62 | 2.04,0,1.96 | 2.47 | 2.85,9.483,0.000,0,1,0,0,0,0,-1,0,1,0,,0,,0,,0,0,0,1
1723521644,3843,8,8,8,8,32.282,1,0,0.11 | 0.11 | 0.11,0,1.40 | 1.62 | 2.04,0,1.96 | 2.47 | 2.85,9.483,0.000,0,1,0,0,0,0,-1,0,1,0,,0,,0,,0,0,0,1
1723521644,3843,8,8,8,8,32.282,1,0,0.11 | 0.11 | 0.11,0,1.40 | 1.62 | 2.04,0,1.96 | 2.47 | 2.85,9.483,0.000,0,1,0,0,0,0,-1,0,1,0,,0,,0,,0,0,0,1
1723521644,3843,8,8,8,8,31.22,1,0,0.11 | 0.11 | 0.11,0,1.40 | 1.62 | 2.04,0,1.96 | 2.47 | 2.85,9.483,0.000,0,1,0,0,0,0,-1,0,1,0,,0,,0,,0,0,0,1
1723521644,3843,8,8,8,8,31.22,1,0,0.11 | 0.11 | 0.11,0,1.40 | 1.62 | 2.04,0,1.96 | 2.47 | 2.85,9.483,0.000,0,1,0,0,0,0,-1,0,1,0,,0,,0,,0,0,0,1
1723521644,3843,8,8,8,8,31.22,1,0,0.11 | 0.11 | 0.11,0,1.40 | 1.62 | 2.04,0,1.96 | 2.47 | 2.85,9.483,0.000,0,1,0,0,0,0,-1,0,1,0,,0,,0,,0,0,0,1
1723521644,3843,8,8,8,8,31.22,1,0,0.11 | 0.11 | 0.11,0,1.40 | 1.62 | 2.04,0,1.96 | 2.47 | 2.85,9.483,0.000,0,1,0,0,0,0,-1,0,1,0,,0,,0,,0,0,0,1
1723521644,3843,8,8,8,8,31.22,1,0,0.11 | 0.11 | 0.11,0,1.40 | 1.62 | 2.04,0,1.96 | 2.47 | 2.85,9.483,0.000,0,1,0,0,0,0,-1,0,1,0,,0,,0,,0,0,0,1
1723521644,3843,8,8,8,8,31.22,1,0,0.11 | 0.11 | 0.11,0,1.40 | 1.62 | 2.04,0,1.96 | 2.47 | 2.85,9.483,0.000,0,1,0,0,0,0,-1,0,1,0,,0,,0,,0,0,0,1
1723521645,3843,8,8,8,8,31.22,1,0,0.11 | 0.11 | 0.11,0,1.40 | 1.62 | 2.04,0,1.96 | 2.47 | 2.85,9.483,0.000,0,1,0,0,0,0,-1,0,1,0,,0,,0,,0,0,0,1
1723521645,3843,8,8,8,8,31.22,1,0,0.11 | 0.11 | 0.11,0,1.40 | 1.62 | 2.04,0,1.96 | 2.47 | 2.85,9.483,0.000,0,1,0,0,0,0,-1,0,1,0,,0,,0,,0,0,0,1
1723521645,3843,8,8,8,8,31.22,1,0,0.11 | 0.11 | 0.11,0,1.40 | 1.62 | 2.04,0,1.96 | 2.47 | 2.85,9.483,0.000,0,1,0,0,0,0,-1,0,1,0,,0,,0,,0,0,0,1
1723521645,3843,8,8,8,8,31.22,1,0,0.11 | 0.11 | 0.11,0,1.40 | 1.62 | 2.04,0,1.96 | 2.47 | 2.85,9.483,0.000,0,1,0,0,0,0,-1,0,1,0,,0,,0,,0,0,0,1
1723521645,3843,8,8,8,8,30.423,1,0,0.11 | 0.11 | 0.11,0,1.40 | 1.62 | 2.04,0,1.96 | 2.47 | 2.85,9.483,0.000,0,1,0,0,0,0,-1,0,1,0,,0,,0,,0,0,0,1
1723521645,3843,8,8,8,8,30.423,1,0,0.11 | 0.11 | 0.11,0,1.40 | 1.62 | 2.04,0,1.96 | 2.47 | 2.85,9.483,0.000,0,1,0,0,0,0,-1,0,1,0,,0,,0,,0,0,0,1
1723521645,3843,8,8,8,8,30.423,1,0,0.11 | 0.11 | 0.11,0,1.40 | 1.62 | 2.04,0,1.96 | 2.47 | 2.85,9.483,0.000,0,1,0,0,0,0,-1,0,1,0,,0,,0,,0,0,0,1
1723521645,3843,8,8,8,8,30.423,1,0,0.11 | 0.11 | 0.11,0,1.40 | 1.62 | 2.04,0,1.96 | 2.47 | 2.85,9.483,0.000,0,1,0,0,0,0,-1,0,1,0,,0,,0,,0,0,0,1
1723521645,3843,8,8,8,8,30.423,1,0,0.11 | 0.11 | 0.11,0,1.40 | 1.62 | 2.04,0,1.96 | 2.47 | 2.85,9.483,0.000,0,1,0,0,0,0,-1,0,1,0,,0,,0,,0,0,0,1
1723521645,3843,8,8,8,8,30.423,1,0,0.11 | 0.11 | 0.11,0,1.40 | 1.62 | 2.04,0,1.96 | 2.47 | 2.85,9.483,0.000,0,1,0,0,0,0,-1,0,1,0,,0,,0,,0,0,0,1
1723521646,3843,8,8,8,8,30.423,1,0,0.11 | 0.11 | 0.11,0,1.40 | 1.62 | 2.04,0,1.96 | 2.47 | 2.85,9.483,0.000,0,1,0,0,0,0,-1,0,1,0,,0,,0,,0,0,0,1
1723521646,3843,8,8,8,8,30.423,1,0,0.11 | 0.11 | 0.11,0,1.40 | 1.62 | 2.04,0,1.96 | 2.47 | 2.85,9.483,0.000,0,1,0,0,0,0,-1,0,1,0,,0,,0,,0,0,0,1
1723521646,3843,8,8,8,8,30.423,1,0,0.11 | 0.11 | 0.11,0,1.40 | 1.62 | 2.04,0,1.96 | 2.47 | 2.85,9.483,0.000,0,1,0,0,0,0,-1,0,1,0,,0,,0,,0,0,0,1
1723521646,3843,8,8,8,8,30.423,1,0,0.11 | 0.11 | 0.11,0,1.40 | 1.62 | 2.04,0,1.96 | 2.47 | 2.85,9.483,0.000,0,1,0,0,0,0,-1,0,1,0,,0,,0,,0,0,0,1
1723521646,3843,8,8,8,8,29.361,1,0,0.11 | 0.11 | 0.11,0,1.40 | 1.62 | 2.04,0,1.96 | 2.47 | 2.85,9.483,0.000,0,1,0,0,0,0,-1,0,1,0,,0,,0,,0,0,0,1
1723521646,3843,8,8,8,8,29.361,1,0,0.11 | 0.11 | 0.11,0,1.40 | 1.62 | 2.04,0,1.96 | 2.47 | 2.85,9.483,0.000,0,1,0,0,0,0,-1,0,1,0,,0,,0,,0,0,0,1
1723521646,3843,8,8,8,8,29.361,1,0,0.11 | 0.11 | 0.11,0,1.40 | 1.62 | 2.04,0,1.96 | 2.47 | 2.85,9.483,0.000,0,1,0,0,0,0,-1,0,1,0,,0,,0,,0,0,0,1
1723521646,3843,8,8,8,8,29.361,1,0,0.11 | 0.11 | 0.11,0,1.40 | 1.62 | 2.04,0,1.96 | 2.47 | 2.85,9.483,0.000,0,1,0,0,0,0,-1,0,1,0,,0,,0,,0,0,0,1
1723521646,3843,8,8,8,8,29.361,1,0,0.11 | 0.11 | 0.11,0,1.40 | 1.62 | 2.04,0,1.96 | 2.47 | 2.85,9.483,0.000,0,1,0,0,0,0,-1,0,1,0,,0,,0,,0,0,0,1
1723521646,3843,8,8,8,8,29.361,1,0,0.11 | 0.11 | 0.11,0,1.40 | 1.62 | 2.04,0,1.96 | 2.47 | 2.85,9.483,0.000,0,1,0,0,0,0,-1,0,1,0,,0,,0,,0,0,0,1
1723521647,3843,8,8,8,8,29.361,1,0,0.11 | 0.11 | 0.11,0,1.40 | 1.62 | 2.04,0,1.96 | 2.47 | 2.85,9.483,0.000,0,1,0,0,0,0,-1,0,1,0,,0,,0,,0,0,0,1
1723521647,3843,8,8,8,8,29.361,1,0,0.11 | 0.11 | 0.11,0,1.40 | 1.62 | 2.04,0,1.96 | 2.47 | 2.85,9.483,0.000,0,1,0,0,0,0,-1,0,1,0,,0,,0,,0,0,0,1
1723521647,3843,8,8,8,8,29.361,1,0,0.11 | 0.11 | 0.11,0,1.40 | 1.62 | 2.04,0,1.96 | 2.47 | 2.85,9.483,0.000,0,1,0,0,0,0,-1,0,1,0,,0,,0,,0,0,0,1
1723521647,3843,8,8,8,8,29.361,1,0,0.11 | 0.11 | 0.11,0,1.40 | 1.62 | 2.04,0,1.96 | 2.47 | 2.85,9.483,0.000,0,1,0,0,0,0,-1,0,1,0,,0,,0,,0,0,0,1
1723521647,3843,8,8,8,8,28.298,1,0,0.11 | 0.11 | 0.11,0,1.40 | 1.62 | 2.04,0,1.96 | 2.47 | 2.85,9.483,0.000,0,1,0,0,0,0,-1,0,1,0,,0,,0,,0,0,0,1
1723521647,3843,8,8,8,8,28.298,1,0,0.11 | 0.11 | 0.11,0,1.40 | 1.62 | 2.04,0,1.96 | 2.47 | 2.85,9.483,0.000,0,1,0,0,0,0,-1,0,1,0,,0,,0,,0,0,0,1
1723521647,3843,8,8,8,8,28.298,1,0,0.11 | 0.11 | 0.11,0,1.40 | 1.62 | 2.04,0,1.96 | 2.47 | 2.85,9.483,0.000,0,1,0,0,0,0,-1,0,1,0,,0,,0,,0,0,0,1
1723521647,3843,8,8,8,8,28.298,1,0,0.11 | 0.11 | 0.11,0,1.40 | 1.62 | 2.04,0,1.96 | 2.47 | 2.85,9.483,0.000,0,1,0,0,0,0,-1,0,1,0,,0,,0,,0,0,0,1
1723521647,3843,8,8,8,8,28.298,1,0,0.11 | 0.11 | 0.11,0,1.40 | 1.62 | 2.04,0,1.96 | 2.47 | 2.85,9.483,0.000,0,1,0,0,0,0,-1,0,1,0,,0,,0,,0,0,0,1
1723521647,3843,8,8,8,8,28.298,1,0,0.11 | 0.11 | 0.11,0,1.40 | 1.62 | 2.04,0,1.96 | 2.47 | 2.85,9.483,0.000,0,1,0,0,0,0,-1,0,1,0,,0,,0,,0,0,0,1
1723521648,3843,8,8,8,8,28.298,1,0,0.11 | 0.11 | 0.11,0,1.40 | 1.62 | 2.04,0,1.96 | 2.47 | 2.85,9.483,0.000,0,1,0,0,0,0,-1,0,1,0,,0,,0,,0,0,0,1
1723521648,3843,8,8,8,8,28.298,1,0,0.11 | 0.11 | 0.11,0,1.40 | 1.62 | 2.04,0,1.96 | 2.47 | 2.85,9.483,0.000,0,1,0,0,0,0,-1,0,1,0,,0,,0,,0,0,0,1
1723521648,3843,8,8,8,8,28.298,1,0,0.11 | 0.11 | 0.11,0,1.40 | 1.62 | 2.04,0,1.96 | 2.47 | 2.85,9.483,0.000,0,1,0,0,0,0,-1,0,1,0,,0,,0,,0,0,0,1
1723521648,3843,8,8,8,8,28.298,1,0,0.11 | 0.11 | 0.11,0,1.40 | 1.62 | 2.04,0,1.96 | 2.47 | 2.85,9.483,0.000,0,1,0,0,0,0,-1,0,1,0,,0,,0,,0,0,0,1
1723521648,3843,8,8,8,8,30.436,1,0,0.11 | 0.11 | 0.11,0,1.34 | 1.60 | 2.04,0,1.96 | 2.49 | 2.98,9.432,0.000,0,1,0,0,0,0,-1,0,1,0,,0,,0,,0,0,0,1
1723521648,3843,8,8,8,8,30.436,1,0,0.11 | 0.11 | 0.11,0,1.34 | 1.60 | 2.04,0,1.96 | 2.49 | 2.98,9.432,0.000,0,1,0,0,0,0,-1,0,1,0,,0,,0,,0,0,0,1
1723521648,3843,8,8,8,8,30.436,1,0,0.11 | 0.11 | 0.11,0,1.34 | 1.60 | 2.04,0,1.96 | 2.49 | 2.98,9.432,0.000,0,1,0,0,0,0,-1,0,1,0,,0,,0,,0,0,0,1
1723521648,3843,8,8,8,8,30.436,1,0,0.11 | 0.11 | 0.11,0,1.34 | 1.60 | 2.04,0,1.96 | 2.49 | 2.98,9.432,0.000,0,1,0,0,0,0,-1,0,1,0,,0,,0,,0,0,0,1
1723521648,3843,8,8,8,8,30.436,1,0,0.11 | 0.11 | 0.11,0,1.34 | 1.60 | 2.04,0,1.96 | 2.49 | 2.98,9.432,0.000,0,1,0,0,0,0,-1,0,1,0,,0,,0,,0,0,0,1
1723521648,3843,8,8,8,8,30.436,1,0,0.11 | 0.11 | 0.11,0,1.34 | 1.60 | 2.04,0,1.96 | 2.49 | 2.98,9.432,0.000,0,1,0,0,0,0,-1,0,1,0,,0,,0,,0,0,0,1
1723521649,3843,8,8,8,8,30.436,1,0,0.11 | 0.11 | 0.11,0,1.34 | 1.60 | 2.04,0,1.96 | 2.49 | 2.98,9.432,0.000,0,1,0,0,0,0,-1,0,1,0,,0,,0,,0,0,0,1
1723521649,3843,8,8,8,8,30.436,1,0,0.11 | 0.11 | 0.11,0,1.34 | 1.60 | 2.04,0,1.96 | 2.49 | 2.98,9.432,0.000,0,1,0,0,0,0,-1,0,1,0,,0,,0,,0,0,0,1
1723521649,3843,8,8,8,8,30.436,1,0,0.11 | 0.11 | 0.11,0,1.34 | 1.60 | 2.04,0,1.96 | 2.49 | 2.98,9.432,0.000,0,1,0,0,0,0,-1,0,1,0,,0,,0,,0,0,0,1
1723521649,3843,8,8,8,8,30.436,1,0,0.11 | 0.11 | 0.11,0,1.34 | 1.60 | 2.04,0,1.96 | 2.49 | 2.98,9.432,0.000,0,1,0,0,0,0,-1,0,1,0,,0,,0,,0,0,0,1
1723521649,3843,8,8,8,8,29.636,1,0,0.11 | 0.11 | 0.11,0,1.34 | 1.60 | 2.04,0,1.96 | 2.49 | 2.98,9.432,0.000,0,1,0,0,0,0,-1,0,1,0,,0,,0,,0,0,0,1
1723521649,3843,8,8,8,8,29.636,1,0,0.11 | 0.11 | 0.11,0,1.34 | 1.60 | 2.04,0,1.96 | 2.49 | 2.98,9.432,0.000,0,1,0,0,0,0,-1,0,1,0,,0,,0,,0,0,0,1
1723521649,3843,8,8,8,8,29.636,1,0,0.11 | 0.11 | 0.11,0,1.34 | 1.60 | 2.04,0,1.96 | 2.49 | 2.98,9.432,0.000,0,1,0,0,0,0,-1,0,1,0,,0,,0,,0,0,0,1
1723521649,3843,8,8,8,8,29.636,1,0,0.11 | 0.11 | 0.11,0,1.34 | 1.60 | 2.04,0,1.96 | 2.49 | 2.98,9.432,0.000,0,1,0,0,0,0,-1,0,1,0,,0,,0,,0,0,0,1
1723521649,3843,8,8,8,8,29.636,1,0,0.11 | 0.11 | 0.11,0,1.34 | 1.60 | 2.04,0,1.96 | 2.49 | 2.98,9.432,0.000,0,1,0,0,0,0,-1,0,1,0,,0,,0,,0,0,0,1
1723521649,3843,8,8,8,8,29.636,1,0,0.11 | 0.11 | 0.11,0,1.34 | 1.60 | 2.04,0,1.96 | 2.49 | 2.98,9.432,0.000,0,1,0,0,0,0,-1,0,1,0,,0,,0,,0,0,0,1
1723521650,3843,8,8,8,8,29.636,1,0,0.11 | 0.11 | 0.11,0,1.34 | 1.60 | 2.04,0,1.96 | 2.49 | 2.98,9.432,0.000,0,1,0,0,0,0,-1,0,1,0,,0,,0,,0,0,0,1
1723521650,3843,8,8,8,8,29.636,1,0,0.11 | 0.11 | 0.11,0,1.34 | 1.60 | 2.04,0,1.96 | 2.49 | 2.98,9.432,0.000,0,1,0,0,0,0,-1,0,1,0,,0,,0,,0,0,0,1
1723521650,3843,8,8,8,8,29.636,1,0,0.11 | 0.11 | 0.11,0,1.34 | 1.60 | 2.04,0,1.96 | 2.49 | 2.98,9.432,0.000,0,1,0,0,0,0,-1,0,1,0,,0,,0,,0,0,0,1
1723521650,3843,8,8,8,8,29.636,1,0,0.11 | 0.11 | 0.11,0,1.34 | 1.60 | 2.04,0,1.96 | 2.49 | 2.98,9.432,0.000,0,1,0,0,0,0,-1,0,1,0,,0,,0,,0,0,0,1
1723521650,3843,8,8,8,8,28.389,1,0,0.11 | 0.11 | 0.11,0,1.34 | 1.60 | 2.04,0,1.96 | 2.49 | 2.98,9.432,0.000,0,1,0,0,0,0,-1,0,1,0,,0,,0,,0,0,0,1
1723521650,3843,8,8,8,8,28.389,1,0,0.11 | 0.11 | 0.11,0,1.34 | 1.60 | 2.04,0,1.96 | 2.49 | 2.98,9.432,0.000,0,1,0,0,0,0,-1,0,1,0,,0,,0,,0,0,0,1
1723521650,3843,8,8,8,8,28.389,1,0,0.11 | 0.11 | 0.11,0,1.34 | 1.60 | 2.04,0,1.96 | 2.49 | 2.98,9.432,0.000,0,1,0,0,0,0,-1,0,1,0,,0,,0,,0,0,0,1
1723521650,3843,8,8,8,8,28.389,1,0,0.11 | 0.11 | 0.11,0,1.34 | 1.60 | 2.04,0,1.96 | 2.49 | 2.98,9.432,0.000,0,1,0,0,0,0,-1,0,1,0,,0,,0,,0,0,0,1
1723521650,3843,8,8,8,8,28.389,1,0,0.11 | 0.11 | 0.11,0,1.34 | 1.60 | 2.04,0,1.96 | 2.49 | 2.98,9.432,0.000,0,1,0,0,0,0,-1,0,1,0,,0,,0,,0,0,0,1
1723521650,3843,8,8,8,8,28.389,1,0,0.11 | 0.11 | 0.11,0,1.34 | 1.60 | 2.04,0,1.96 | 2.49 | 2.98,9.432,0.000,0,1,0,0,0,0,-1,0,1,0,,0,,0,,0,0,0,1
1723521651,3843,8,8,8,8,28.389,1,0,0.11 | 0.11 | 0.11,0,1.34 | 1.60 | 2.04,0,1.96 | 2.49 | 2.98,9.432,0.000,0,1,0,0,0,0,-1,0,1,0,,0,,0,,0,0,0,1
1723521651,3843,8,8,8,8,28.389,1,0,0.11 | 0.11 | 0.11,0,1.34 | 1.60 | 2.04,0,1.96 | 2.49 | 2.98,9.432,0.000,0,1,0,0,0,0,-1,0,1,0,,0,,0,,0,0,0,1
1723521651,3843,8,8,8,8,28.389,1,0,0.11 | 0.11 | 0.11,0,1.34 | 1.60 | 2.04,0,1.96 | 2.49 | 2.98,9.432,0.000,0,1,0,0,0,0,-1,0,1,0,,0,,0,,0,0,0,1
1723521651,3843,8,8,8,8,28.389,1,0,0.11 | 0.11 | 0.11,0,1.34 | 1.60 | 2.04,0,1.96 | 2.49 | 2.98,9.432,0.000,0,1,0,0,0,0,-1,0,1,0,,0,,0,,0,0,0,1
1723521651,3843,8,8,8,8,32.187,1,0,0.11 | 0.11 | 0.11,0,1.34 | 1.60 | 2.01,0,1.99 | 2.51 | 2.98,9.434,0.000,0,1,0,0,0,0,-1,0,1,0,,0,,0,,0,0,0,1
1723521651,3843,8,8,8,8,32.187,1,0,0.11 | 0.11 | 0.11,0,1.34 | 1.60 | 2.01,0,1.99 | 2.51 | 2.98,9.434,0.000,0,1,0,0,0,0,-1,0,1,0,,0,,0,,0,0,0,1
1723521651,3843,8,8,8,8,32.187,1,0,0.11 | 0.11 | 0.11,0,1.34 | 1.60 | 2.01,0,1.99 | 2.51 | 2.98,9.434,0.000,0,1,0,0,0,0,-1,0,1,0,,0,,0,,0,0,0,1
1723521651,3843,8,8,8,8,32.187,1,0,0.11 | 0.11 | 0.11,0,1.34 | 1.60 | 2.01,0,1.99 | 2.51 | 2.98,9.434,0.000,0,1,0,0,0,0,-1,0,1,0,,0,,0,,0,0,0,1
1723521651,3843,8,8,8,8,32.187,1,0,0.11 | 0.11 | 0.11,0,1.34 | 1.60 | 2.01,0,1.99 | 2.51 | 2.98,9.434,0.000,0,1,0,0,0,0,-1,0,1,0,,0,,0,,0,0,0,1
1723521651,3843,8,8,8,8,32.187,1,0,0.11 | 0.11 | 0.11,0,1.34 | 1.60 | 2.01,0,1.99 | 2.51 | 2.98,9.434,0.000,0,1,0,0,0,0,-1,0,1,0,,0,,0,,0,0,0,1
1723521652,3843,8,8,8,8,32.187,1,0,0.11 | 0.11 | 0.11,0,1.34 | 1.60 | 2.01,0,1.99 | 2.51 | 2.98,9.434,0.000,0,1,0,0,0,0,-1,0,1,0,,0,,0,,0,0,0,1
1723521652,3843,8,8,8,8,32.187,1,0,0.11 | 0.11 | 0.11,0,1.34 | 1.60 | 2.01,0,1.99 | 2.51 | 2.98,9.434,0.000,0,1,0,0,0,0,-1,0,1,0,,0,,0,,0,0,0,1
1723521652,3843,8,8,8,8,32.187,1,0,0.11 | 0.11 | 0.11,0,1.34 | 1.60 | 2.01,0,1.99 | 2.51 | 2.98,9.434,0.000,0,1,0,0,0,0,-1,0,1,0,,0,,0,,0,0,0,1
1723521652,3843,8,8,8,8,32.187,1,0,0.11 | 0.11 | 0.11,0,1.34 | 1.60 | 2.01,0,1.99 | 2.51 | 2.98,9.434,0.000,0,1,0,0,0,0,-1,0,1,0,,0,,0,,0,0,0,1
1723521652,3843,8,8,8,8,31.251,1,0,0.11 | 0.11 | 0.11,0,1.34 | 1.60 | 2.01,0,1.99 | 2.51 | 2.98,9.434,0.000,0,1,0,0,0,0,-1,0,1,0,,0,,0,,0,0,0,1
1723521652,3843,8,8,8,8,31.251,1,0,0.11 | 0.11 | 0.11,0,1.34 | 1.60 | 2.01,0,1.99 | 2.51 | 2.98,9.434,0.000,0,1,0,0,0,0,-1,0,1,0,,0,,0,,0,0,0,1
1723521652,3843,8,8,8,8,31.251,1,0,0.11 | 0.11 | 0.11,0,1.34 | 1.60 | 2.01,0,1.99 | 2.51 | 2.98,9.434,0.000,0,1,0,0,0,0,-1,0,1,0,,0,,0,,0,0,0,1
1723521652,3843,8,8,8,8,31.251,1,0,0.11 | 0.11 | 0.11,0,1.34 | 1.60 | 2.01,0,1.99 | 2.51 | 2.98,9.434,0.000,0,1,0,0,0,0,-1,0,1,0,,0,,0,,0,0,0,1
1723521652,3843,8,8,8,8,31.251,1,0,0.11 | 0.11 | 0.11,0,1.34 | 1.60 | 2.01,0,1.99 | 2.51 | 2.98,9.434,0.000,0,1,0,0,0,0,-1,0,1,0,,0,,0,,0,0,0,1
1723521652,3843,8,8,8,8,31.251,1,0,0.11 | 0.11 | 0.11,0,1.34 | 1.60 | 2.01,0,1.99 | 2.51 | 2.98,9.434,0.000,0,1,0,0,0,0,-1,0,1,0,,0,,0,,0,0,0,1
1723521653,3843,8,8,8,8,31.251,1,0,0.11 | 0.11 | 0.11,0,1.34 | 1.60 | 2.01,0,1.99 | 2.51 | 2.98,9.434,0.000,0,1,0,0,0,0,-1,0,1,0,,0,,0,,0,0,0,1
1723521653,3843,8,8,8,8,31.251,1,0,0.11 | 0.11 | 0.11,0,1.34 | 1.60 | 2.01,0,1.99 | 2.51 | 2.98,9.434,0.000,0,1,0,0,0,0,-1,0,1,0,,0,,0,,0,0,0,1
1723521653,3843,8,8,8,8,31.251,1,0,0.11 | 0.11 | 0.11,0,1.34 | 1.60 | 2.01,0,1.99 | 2.51 | 2.98,9.434,0.000,0,1,0,0,0,0,-1,0,1,0,,0,,0,,0,0,0,1
1723521653,3843,8,8,8,8,31.251,1,0,0.11 | 0.11 | 0.11,0,1.34 | 1.60 | 2.01,0,1.99 | 2.51 | 2.98,9.434,0.000,0,1,0,0,0,0,-1,0,1,0,,0,,0,,0,0,0,1
1723521653,3843,8,8,8,8,30.181,1,0,0.11 | 0.11 | 0.11,0,1.34 | 1.60 | 2.01,0,1.99 | 2.51 | 2.98,9.434,0.000,0,1,0,0,0,0,-1,0,1,0,,0,,0,,0,0,0,1
1723521653,3843,8,8,8,8,30.181,1,0,0.11 | 0.11 | 0.11,0,1.34 | 1.60 | 2.01,0,1.99 | 2.51 | 2.98,9.434,0.000,0,1,0,0,0,0,-1,0,1,0,,0,,0,,0,0,0,1
1723521653,3843,8,8,8,8,30.181,1,0,0.11 | 0.11 | 0.11,0,1.34 | 1.60 | 2.01,0,1.99 | 2.51 | 2.98,9.434,0.000,0,1,0,0,0,0,-1,0,1,0,,0,,0,,0,0,0,1
1723521653,3843,8,8,8,8,30.181,1,0,0.11 | 0.11 | 0.11,0,1.34 | 1.60 | 2.01,0,1.99 | 2.51 | 2.98,9.434,0.000,0,1,0,0,0,0,-1,0,1,0,,0,,0,,0,0,0,1
1723521653,3843,8,8,8,8,30.181,1,0,0.11 | 0.11 | 0.11,0,1.34 | 1.60 | 2.01,0,1.99 | 2.51 | 2.98,9.434,0.000,0,1,0,0,0,0,-1,0,1,0,,0,,0,,0,0,0,1
1723521653,3843,8,8,8,8,30.181,1,0,0.11 | 0.11 | 0.11,0,1.34 | 1.60 | 2.01,0,1.99 | 2.51 | 2.98,9.434,0.000,0,1,0,0,0,0,-1,0,1,0,,0,,0,,0,0,0,1
1723521654,3843,8,8,8,8,30.181,1,0,0.11 | 0.11 | 0.11,0,1.34 | 1.60 | 2.01,0,1.99 | 2.51 | 2.98,9.434,0.000,0,1,0,0,0,0,-1,0,1,0,,0,,0,,0,0,0,1
1723521654,3843,8,8,8,8,30.181,1,0,0.11 | 0.11 | 0.11,0,1.34 | 1.60 | 2.01,0,1.99 | 2.51 | 2.98,9.434,0.000,0,1,0,0,0,0,-1,0,1,0,,0,,0,,0,0,0,1
1723521654,3843,8,8,8,8,30.181,1,0,0.11 | 0.11 | 0.11,0,1.34 | 1.60 | 2.01,0,1.99 | 2.51 | 2.98,9.434,0.000,0,1,0,0,0,0,-1,0,1,0,,0,,0,,0,0,0,1
1723521654,3843,8,8,8,8,30.181,1,0,0.11 | 0.11 | 0.11,0,1.34 | 1.60 | 2.01,0,1.99 | 2.51 | 2.98,9.434,0.000,0,1,0,0,0,0,-1,0,1,0,,0,,0,,0,0,0,1
1723521654,3843,8,8,8,8,29.392,1,0,0.11 | 0.11 | 0.11,0,1.34 | 1.60 | 2.01,0,1.99 | 2.51 | 2.98,9.434,0.000,0,1,0,0,0,0,-1,0,1,0,,0,,0,,0,0,0,1
1723521654,3843,8,8,8,8,29.392,1,0,0.11 | 0.11 | 0.11,0,1.34 | 1.60 | 2.01,0,1.99 | 2.51 | 2.98,9.434,0.000,0,1,0,0,0,0,-1,0,1,0,,0,,0,,0,0,0,1
1723521654,3843,8,8,8,8,29.392,1,0,0.11 | 0.11 | 0.11,0,1.34 | 1.60 | 2.01,0,1.99 | 2.51 | 2.98,9.434,0.000,0,1,0,0,0,0,-1,0,1,0,,0,,0,,0,0,0,1
1723521654,3843,8,8,8,8,29.392,1,0,0.11 | 0.11 | 0.11,0,1.34 | 1.60 | 2.01,0,1.99 | 2.51 | 2.98,9.434,0.000,0,1,0,0,0,0,-1,0,1,0,,0,,0,,0,0,0,1
1723521654,3843,8,8,8,8,29.392,1,0,0.11 | 0.11 | 0.11,0,1.34 | 1.60 | 2.01,0,1.99 | 2.51 | 2.98,9.434,0.000,0,1,0,0,0,0,-1,0,1,0,,0,,0,,0,0,0,1
1723521654,3843,8,8,8,8,29.392,1,0,0.11 | 0.11 | 0.11,0,1.34 | 1.60 | 2.01,0,1.99 | 2.51 | 2.98,9.434,0.000,0,1,0,0,0,0,-1,0,1,0,,0,,0,,0,0,0,1
1723521655,3843,8,8,8,8,29.392,1,0,0.11 | 0.11 | 0.11,0,1.34 | 1.60 | 2.01,0,1.99 | 2.51 | 2.98,9.434,0.000,0,1,0,0,0,0,-1,0,1,0,,0,,0,,0,0,0,1
1723521655,3843,8,8,8,8,29.392,1,0,0.11 | 0.11 | 0.11,0,1.34 | 1.60 | 2.01,0,1.99 | 2.51 | 2.98,9.434,0.000,0,1,0,0,0,0,-1,0,1,0,,0,,0,,0,0,0,1
1723521655,3843,8,8,8,8,29.392,1,0,0.11 | 0.11 | 0.11,0,1.34 | 1.60 | 2.01,0,1.99 | 2.51 | 2.98,9.434,0.000,0,1,0,0,0,0,-1,0,1,0,,0,,0,,0,0,0,1
1723521655,3843,8,8,8,8,29.392,1,0,0.11 | 0.11 | 0.11,0,1.34 | 1.60 | 2.01,0,1.99 | 2.51 | 2.98,9.434,0.000,0,1,0,0,0,0,-1,0,1,0,,0,,0,,0,0,0,1
1723521655,3843,8,8,8,8,28.329,1,0,0.11 | 0.11 | 0.11,0,1.34 | 1.60 | 2.01,0,1.99 | 2.51 | 2.98,9.434,0.000,0,1,0,0,0,0,-1,0,1,0,,0,,0,,0,0,0,1
1723521655,3843,8,8,8,8,28.329,1,0,0.11 | 0.11 | 0.11,0,1.34 | 1.60 | 2.01,0,1.99 | 2.51 | 2.98,9.434,0.000,0,1,0,0,0,0,-1,0,1,0,,0,,0,,0,0,0,1
1723521655,3843,8,8,8,8,28.329,1,0,0.11 | 0.11 | 0.11,0,1.34 | 1.60 | 2.01,0,1.99 | 2.51 | 2.98,9.434,0.000,0,1,0,0,0,0,-1,0,1,0,,0,,0,,0,0,0,1
1723521655,3843,8,8,8,8,28.329,1,0,0.11 | 0.11 | 0.11,0,1.34 | 1.60 | 2.01,0,1.99 | 2.51 | 2.98,9.434,0.000,0,1,0,0,0,0,-1,0,1,0,,0,,0,,0,0,0,1
1723521655,3843,8,8,8,8,28.329,1,0,0.11 | 0.11 | 0.11,0,1.34 | 1.60 | 2.01,0,1.99 | 2.51 | 2.98,9.434,0.000,0,1,0,0,0,0,-1,0,1,0,,0,,0,,0,0,0,1
1723521655,3843,8,8,8,8,28.329,1,0,0.11 | 0.11 | 0.11,0,1.34 | 1.60 | 2.01,0,1.99 | 2.51 | 2.98,9.434,0.000,0,1,0,0,0,0,-1,0,1,0,,0,,0,,0,0,0,1
1723521656,3843,8,8,8,8,28.329,1,0,0.11 | 0.11 | 0.11,0,1.34 | 1.60 | 2.01,0,1.99 | 2.51 | 2.98,9.434,0.000,0,1,0,0,0,0,-1,0,1,0,,0,,0,,0,0,0,1
1723521656,3843,8,8,8,8,28.329,1,0,0.11 | 0.11 | 0.11,0,1.34 | 1.60 | 2.01,0,1.99 | 2.51 | 2.98,9.434,0.000,0,1,0,0,0,0,-1,0,1,0,,0,,0,,0,0,0,1
1723521656,3843,8,8,8,8,28.329,1,0,0.11 | 0.11 | 0.11,0,1.34 | 1.60 | 2.01,0,1.99 | 2.51 | 2.98,9.434,0.000,0,1,0,0,0,0,-1,0,1,0,,0,,0,,0,0,0,1
1723521656,3843,8,8,8,8,28.329,1,0,0.11 | 0.11 | 0.11,0,1.34 | 1.60 | 2.01,0,1.99 | 2.51 | 2.98,9.434,0.000,0,1,0,0,0,0,-1,0,1,0,,0,,0,,0,0,0,1
1723521656,3843,8,8,8,8,30.467,1,0,0.11 | 0.11 | 0.11,0,1.32 | 1.57 | 2.01,0,1.99 | 2.54 | 3.03,9.436,0.000,0,1,0,0,0,0,-1,0,1,0,,0,,0,,0,0,0,1
1723521656,3843,8,8,8,8,30.467,1,0,0.11 | 0.11 | 0.11,0,1.32 | 1.57 | 2.01,0,1.99 | 2.54 | 3.03,9.436,0.000,0,1,0,0,0,0,-1,0,1,0,,0,,0,,0,0,0,1
1723521656,3843,8,8,8,8,30.467,1,0,0.11 | 0.11 | 0.11,0,1.32 | 1.57 | 2.01,0,1.99 | 2.54 | 3.03,9.436,0.000,0,1,0,0,0,0,-1,0,1,0,,0,,0,,0,0,0,1
1723521656,3843,8,8,8,8,30.467,1,0,0.11 | 0.11 | 0.11,0,1.32 | 1.57 | 2.01,0,1.99 | 2.54 | 3.03,9.436,0.000,0,1,0,0,0,0,-1,0,1,0,,0,,0,,0,0,0,1
1723521656,3843,8,8,8,8,30.467,1,0,0.11 | 0.11 | 0.11,0,1.32 | 1.57 | 2.01,0,1.99 | 2.54 | 3.03,9.436,0.000,0,1,0,0,0,0,-1,0,1,0,,0,,0,,0,0,0,1
1723521656,3843,8,8,8,8,30.467,1,0,0.11 | 0.11 | 0.11,0,1.32 | 1.57 | 2.01,0,1.99 | 2.54 | 3.03,9.436,0.000,0,1,0,0,0,0,-1,0,1,0,,0,,0,,0,0,0,1
1723521657,3843,8,8,8,8,30.467,1,0,0.11 | 0.11 | 0.11,0,1.32 | 1.57 | 2.01,0,1.99 | 2.54 | 3.03,9.436,0.000,0,1,0,0,0,0,-1,0,1,0,,0,,0,,0,0,0,1
1723521657,3843,8,8,8,8,30.467,1,0,0.11 | 0.11 | 0.11,0,1.32 | 1.57 | 2.01,0,1.99 | 2.54 | 3.03,9.436,0.000,0,1,0,0,0,0,-1,0,1,0,,0,,0,,0,0,0,1
1723521657,3843,8,8,8,8,30.467,1,0,0.11 | 0.11 | 0.11,0,1.32 | 1.57 | 2.01,0,1.99 | 2.54 | 3.03,9.436,0.000,0,1,0,0,0,0,-1,0,1,0,,0,,0,,0,0,0,1
1723521657,3843,8,8,8,8,30.467,1,0,0.11 | 0.11 | 0.11,0,1.32 | 1.57 | 2.01,0,1.99 | 2.54 | 3.03,9.436,0.000,0,1,0,0,0,0,-1,0,1,0,,0,,0,,0,0,0,1
1723521657,3843,8,8,8,8,29.404,1,0,0.11 | 0.11 | 0.11,0,1.32 | 1.57 | 2.01,0,1.99 | 2.54 | 3.03,9.436,0.000,0,1,0,0,0,0,-1,0,1,0,,0,,0,,0,0,0,1
1723521657,3843,8,8,8,8,29.404,1,0,0.11 | 0.11 | 0.11,0,1.32 | 1.57 | 2.01,0,1.99 | 2.54 | 3.03,9.436,0.000,0,1,0,0,0,0,-1,0,1,0,,0,,0,,0,0,0,1
1723521657,3843,8,8,8,8,29.404,1,0,0.11 | 0.11 | 0.11,0,1.32 | 1.57 | 2.01,0,1.99 | 2.54 | 3.03,9.436,0.000,0,1,0,0,0,0,-1,0,1,0,,0,,0,,0,0,0,1
1723521657,3843,8,8,8,8,29.404,1,0,0.11 | 0.11 | 0.11,0,1.32 | 1.57 | 2.01,0,1.99 | 2.54 | 3.03,9.436,0.000,0,1,0,0,0,0,-1,0,1,0,,0,,0,,0,0,0,1
1723521657,3843,8,8,8,8,29.404,1,0,0.11 | 0.11 | 0.11,0,1.32 | 1.57 | 2.01,0,1.99 | 2.54 | 3.03,9.436,0.000,0,1,0,0,0,0,-1,0,1,0,,0,,0,,0,0,0,1
1723521657,3843,8,8,8,8,29.404,1,0,0.11 | 0.11 | 0.11,0,1.32 | 1.57 | 2.01,0,1.99 | 2.54 | 3.03,9.436,0.000,0,1,0,0,0,0,-1,0,1,0,,0,,0,,0,0,0,1
1723521658,3843,8,8,8,8,29.404,1,0,0.11 | 0.11 | 0.11,0,1.32 | 1.57 | 2.01,0,1.99 | 2.54 | 3.03,9.436,0.000,0,1,0,0,0,0,-1,0,1,0,,0,,0,,0,0,0,1
1723521658,3843,8,8,8,8,29.404,1,0,0.11 | 0.11 | 0.11,0,1.32 | 1.57 | 2.01,0,1.99 | 2.54 | 3.03,9.436,0.000,0,1,0,0,0,0,-1,0,1,0,,0,,0,,0,0,0,1
1723521658,3843,8,8,8,8,29.404,1,0,0.11 | 0.11 | 0.11,0,1.32 | 1.57 | 2.01,0,1.99 | 2.54 | 3.03,9.436,0.000,0,1,0,0,0,0,-1,0,1,0,,0,,0,,0,0,0,1
1723521658,3843,8,8,8,8,29.404,1,0,0.11 | 0.11 | 0.11,0,1.32 | 1.57 | 2.01,0,1.99 | 2.54 | 3.03,9.436,0.000,0,1,0,0,0,0,-1,0,1,0,,0,,0,,0,0,0,1
1723521658,3843,8,8,8,8,28.608,1,0,0.11 | 0.11 | 0.11,0,1.32 | 1.57 | 2.01,0,1.99 | 2.54 | 3.03,9.436,0.000,0,1,0,0,0,0,-1,0,1,0,,0,,0,,0,0,0,1
1723521658,3843,8,8,8,8,28.608,1,0,0.11 | 0.11 | 0.11,0,1.32 | 1.57 | 2.01,0,1.99 | 2.54 | 3.03,9.436,0.000,0,1,0,0,0,0,-1,0,1,0,,0,,0,,0,0,0,1
1723521658,3843,8,8,8,8,28.608,1,0,0.11 | 0.11 | 0.11,0,1.32 | 1.57 | 2.01,0,1.99 | 2.54 | 3.03,9.436,0.000,0,1,0,0,0,0,-1,0,1,0,,0,,0,,0,0,0,1
1723521658,3843,8,8,8,8,28.608,1,0,0.11 | 0.11 | 0.11,0,1.32 | 1.57 | 2.01,0,1.99 | 2.54 | 3.03,9.436,0.000,0,1,0,0,0,0,-1,0,1,0,,0,,0,,0,0,0,1
1723521658,3843,8,8,8,8,28.608,1,0,0.11 | 0.11 | 0.11,0,1.32 | 1.57 | 2.01,0,1.99 | 2.54 | 3.03,9.436,0.000,0,1,0,0,0,0,-1,0,1,0,,0,,0,,0,0,0,1
1723521658,3843,8,8,8,8,28.608,1,0,0.11 | 0.11 | 0.11,0,1.32 | 1.57 | 2.01,0,1.99 | 2.54 | 3.03,9.436,0.000,0,1,0,0,0,0,-1,0,1,0,,0,,0,,0,0,0,1
1723521659,3843,8,8,8,8,28.608,1,0,0.11 | 0.11 | 0.11,0,1.32 | 1.57 | 2.01,0,1.99 | 2.54 | 3.03,9.436,0.000,0,1,0,0,0,0,-1,0,1,0,,0,,0,,0,0,0,1
1723521659,3843,8,8,8,8,28.608,1,0,0.11 | 0.11 | 0.11,0,1.32 | 1.57 | 2.01,0,1.99 | 2.54 | 3.03,9.436,0.000,0,1,0,0,0,0,-1,0,1,0,,0,,0,,0,0,0,1
1723521659,3843,8,8,8,8,28.608,1,0,0.11 | 0.11 | 0.11,0,1.32 | 1.57 | 2.01,0,1.99 | 2.54 | 3.03,9.436,0.000,0,1,0,0,0,0,-1,0,1,0,,0,,0,,0,0,0,1
1723521659,3843,8,8,8,8,28.608,1,0,0.11 | 0.11 | 0.11,0,1.32 | 1.57 | 2.01,0,1.99 | 2.54 | 3.03,9.436,0.000,0,1,0,0,0,0,-1,0,1,0,,0,,0,,0,0,0,1
1723521659,3843,8,8,8,8,32.283,1,0,0.11 | 0.11 | 0.11,0,1.32 | 1.70 | 2.12,0,1.89 | 2.35 | 3.03,9.437,0.000,0,1,0,0,0,0,-1,0,1,0,,0,,0,,0,0,0,1
1723521659,3843,8,8,8,8,32.283,1,0,0.11 | 0.11 | 0.11,0,1.32 | 1.70 | 2.12,0,1.89 | 2.35 | 3.03,9.437,0.000,0,1,0,0,0,0,-1,0,1,0,,0,,0,,0,0,0,1
1723521659,3843,8,8,8,8,32.283,1,0,0.11 | 0.11 | 0.11,0,1.32 | 1.70 | 2.12,0,1.89 | 2.35 | 3.03,9.437,0.000,0,1,0,0,0,0,-1,0,1,0,,0,,0,,0,0,0,1
1723521659,3843,8,8,8,8,32.283,1,0,0.11 | 0.11 | 0.11,0,1.32 | 1.70 | 2.12,0,1.89 | 2.35 | 3.03,9.437,0.000,0,1,0,0,0,0,-1,0,1,0,,0,,0,,0,0,0,1
1723521659,3843,8,8,8,8,32.283,1,0,0.11 | 0.11 | 0.11,0,1.32 | 1.70 | 2.12,0,1.89 | 2.35 | 3.03,9.437,0.000,0,1,0,0,0,0,-1,0,1,0,,0,,0,,0,0,0,1
1723521659,3843,8,8,8,8,32.283,1,0,0.11 | 0.11 | 0.11,0,1.32 | 1.70 | 2.12,0,1.89 | 2.35 | 3.03,9.437,0.000,0,1,0,0,0,0,-1,0,1,0,,0,,0,,0,0,0,1
1723521660,3843,8,8,8,8,32.283,1,0,0.11 | 0.11 | 0.11,0,1.32 | 1.70 | 2.12,0,1.89 | 2.35 | 3.03,9.437,0.000,0,1,0,0,0,0,-1,0,1,0,,0,,0,,0,0,0,1
1723521660,3843,8,8,8,8,32.283,1,0,0.11 | 0.11 | 0.11,0,1.32 | 1.70 | 2.12,0,1.89 | 2.35 | 3.03,9.437,0.000,0,1,0,0,0,0,-1,0,1,0,,0,,0,,0,0,0,1
1723521660,3843,8,8,8,8,32.283,1,0,0.11 | 0.11 | 0.11,0,1.32 | 1.70 | 2.12,0,1.89 | 2.35 | 3.03,9.437,0.000,0,1,0,0,0,0,-1,0,1,0,,0,,0,,0,0,0,1
1723521660,3843,8,8,8,8,32.283,1,0,0.11 | 0.11 | 0.11,0,1.32 | 1.70 | 2.12,0,1.89 | 2.35 | 3.03,9.437,0.000,0,1,0,0,0,0,-1,0,1,0,,0,,0,,0,0,0,1
1723521660,3843,8,8,8,8,31.189,1,0,0.11 | 0.11 | 0.11,0,1.32 | 1.70 | 2.12,0,1.89 | 2.35 | 3.03,9.437,0.000,0,1,0,0,0,0,-1,0,1,0,,0,,0,,0,0,0,1
1723521660,3843,8,8,8,8,31.189,1,0,0.11 | 0.11 | 0.11,0,1.32 | 1.70 | 2.12,0,1.89 | 2.35 | 3.03,9.437,0.000,0,1,0,0,0,0,-1,0,1,0,,0,,0,,0,0,0,1
1723521660,3843,8,8,8,8,31.189,1,0,0.11 | 0.11 | 0.11,0,1.32 | 1.70 | 2.12,0,1.89 | 2.35 | 3.03,9.437,0.000,0,1,0,0,0,0,-1,0,1,0,,0,,0,,0,0,0,1
1723521660,3843,8,8,8,8,31.189,1,0,0.11 | 0.11 | 0.11,0,1.32 | 1.70 | 2.12,0,1.89 | 2.35 | 3.03,9.437,0.000,0,1,0,0,0,0,-1,0,1,0,,0,,0,,0,0,0,1
1723521660,3843,8,8,8,8,31.189,1,0,0.11 | 0.11 | 0.11,0,1.32 | 1.70 | 2.12,0,1.89 | 2.35 | 3.03,9.437,0.000,0,1,0,0,0,0,-1,0,1,0,,0,,0,,0,0,0,1
1723521660,3843,8,8,8,8,31.189,1,0,0.11 | 0.11 | 0.11,0,1.32 | 1.70 | 2.12,0,1.89 | 2.35 | 3.03,9.437,0.000,0,1,0,0,0,0,-1,0,1,0,,0,,0,,0,0,0,1
1723521661,3843,8,8,8,8,31.189,1,0,0.11 | 0.11 | 0.11,0,1.32 | 1.70 | 2.12,0,1.89 | 2.35 | 3.03,9.437,0.000,0,1,0,0,0,0,-1,0,1,0,,0,,0,,0,0,0,1
1723521661,3843,8,8,8,8,31.189,1,0,0.11 | 0.11 | 0.11,0,1.32 | 1.70 | 2.12,0,1.89 | 2.35 | 3.03,9.437,0.000,0,1,0,0,0,0,-1,0,1,0,,0,,0,,0,0,0,1
1723521661,3843,8,8,8,8,31.189,1,0,0.11 | 0.11 | 0.11,0,1.32 | 1.70 | 2.12,0,1.89 | 2.35 | 3.03,9.437,0.000,0,1,0,0,0,0,-1,0,1,0,,0,,0,,0,0,0,1
1723521661,3843,8,8,8,8,31.189,1,0,0.11 | 0.11 | 0.11,0,1.32 | 1.70 | 2.12,0,1.89 | 2.35 | 3.03,9.437,0.000,0,1,0,0,0,0,-1,0,1,0,,0,,0,,0,0,0,1
1723521661,3843,8,8,8,8,30.22,1,0,0.11 | 0.11 | 0.11,0,1.32 | 1.70 | 2.12,0,1.89 | 2.35 | 3.03,9.437,0.000,0,1,0,0,0,0,-1,0,1,0,,0,,0,,0,0,0,1
1723521661,3843,8,8,8,8,30.22,1,0,0.11 | 0.11 | 0.11,0,1.32 | 1.70 | 2.12,0,1.89 | 2.35 | 3.03,9.437,0.000,0,1,0,0,0,0,-1,0,1,0,,0,,0,,0,0,0,1
1723521661,3843,8,8,8,8,30.22,1,0,0.11 | 0.11 | 0.11,0,1.32 | 1.70 | 2.12,0,1.89 | 2.35 | 3.03,9.437,0.000,0,1,0,0,0,0,-1,0,1,0,,0,,0,,0,0,0,1
1723521661,3843,8,8,8,8,30.22,1,0,0.11 | 0.11 | 0.11,0,1.32 | 1.70 | 2.12,0,1.89 | 2.35 | 3.03,9.437,0.000,0,1,0,0,0,0,-1,0,1,0,,0,,0,,0,0,0,1
1723521661,3843,8,8,8,8,30.22,1,0,0.11 | 0.11 | 0.11,0,1.32 | 1.70 | 2.12,0,1.89 | 2.35 | 3.03,9.437,0.000,0,1,0,0,0,0,-1,0,1,0,,0,,0,,0,0,0,1
1723521661,3843,8,8,8,8,30.22,1,0,0.11 | 0.11 | 0.11,0,1.32 | 1.70 | 2.12,0,1.89 | 2.35 | 3.03,9.437,0.000,0,1,0,0,0,0,-1,0,1,0,,0,,0,,0,0,0,1
1723521662,3843,8,8,8,8,30.22,1,0,0.11 | 0.11 | 0.11,0,1.32 | 1.70 | 2.12,0,1.89 | 2.35 | 3.03,9.437,0.000,0,1,0,0,0,0,-1,0,1,0,,0,,0,,0,0,0,1
1723521662,3843,8,8,8,8,30.22,1,0,0.11 | 0.11 | 0.11,0,1.32 | 1.70 | 2.12,0,1.89 | 2.35 | 3.03,9.437,0.000,0,1,0,0,0,0,-1,0,1,0,,0,,0,,0,0,0,1
1723521662,3843,8,8,8,8,30.22,1,0,0.11 | 0.11 | 0.11,0,1.32 | 1.70 | 2.12,0,1.89 | 2.35 | 3.03,9.437,0.000,0,1,0,0,0,0,-1,0,1,0,,0,,0,,0,0,0,1
1723521662,3843,8,8,8,8,30.22,1,0,0.11 | 0.11 | 0.11,0,1.32 | 1.70 | 2.12,0,1.89 | 2.35 | 3.03,9.437,0.000,0,1,0,0,0,0,-1,0,1,0,,0,,0,,0,0,0,1
1723521662,3843,8,8,8,8,29.423,1,0,0.11 | 0.11 | 0.11,0,1.32 | 1.70 | 2.12,0,1.89 | 2.35 | 3.03,9.437,0.000,0,1,0,0,0,0,-1,0,1,0,,0,,0,,0,0,0,1
1723521662,3843,8,8,8,8,29.423,1,0,0.11 | 0.11 | 0.11,0,1.32 | 1.70 | 2.12,0,1.89 | 2.35 | 3.03,9.437,0.000,0,1,0,0,0,0,-1,0,1,0,,0,,0,,0,0,0,1
1723521662,3843,8,8,8,8,29.423,1,0,0.11 | 0.11 | 0.11,0,1.32 | 1.70 | 2.12,0,1.89 | 2.35 | 3.03,9.437,0.000,0,1,0,0,0,0,-1,0,1,0,,0,,0,,0,0,0,1
1723521662,3843,8,8,8,8,29.423,1,0,0.11 | 0.11 | 0.11,0,1.32 | 1.70 | 2.12,0,1.89 | 2.35 | 3.03,9.437,0.000,0,1,0,0,0,0,-1,0,1,0,,0,,0,,0,0,0,1
1723521662,3843,8,8,8,8,29.423,1,0,0.11 | 0.11 | 0.11,0,1.32 | 1.70 | 2.12,0,1.89 | 2.35 | 3.03,9.437,0.000,0,1,0,0,0,0,-1,0,1,0,,0,,0,,0,0,0,1
1723521662,3843,8,8,8,8,29.423,1,0,0.11 | 0.11 | 0.11,0,1.32 | 1.70 | 2.12,0,1.89 | 2.35 | 3.03,9.437,0.000,0,1,0,0,0,0,-1,0,1,0,,0,,0,,0,0,0,1
1723521663,3843,8,8,8,8,29.423,1,0,0.11 | 0.11 | 0.11,0,1.32 | 1.70 | 2.12,0,1.89 | 2.35 | 3.03,9.437,0.000,0,1,0,0,0,0,-1,0,1,0,,0,,0,,0,0,0,1
1723521663,3843,8,8,8,8,29.423,1,0,0.11 | 0.11 | 0.11,0,1.32 | 1.70 | 2.12,0,1.89 | 2.35 | 3.03,9.437,0.000,0,1,0,0,0,0,-1,0,1,0,,0,,0,,0,0,0,1
1723521663,3843,8,8,8,8,29.423,1,0,0.11 | 0.11 | 0.11,0,1.32 | 1.70 | 2.12,0,1.89 | 2.35 | 3.03,9.437,0.000,0,1,0,0,0,0,-1,0,1,0,,0,,0,,0,0,0,1
1723521663,3843,8,8,8,8,29.423,1,0,0.11 | 0.11 | 0.11,0,1.32 | 1.70 | 2.12,0,1.89 | 2.35 | 3.03,9.437,0.000,0,1,0,0,0,0,-1,0,1,0,,0,,0,,0,0,0,1
1723521663,3843,8,8,8,8,28.361,1,0,0.11 | 0.11 | 0.11,0,1.32 | 1.70 | 2.12,0,1.89 | 2.35 | 3.03,9.437,0.000,0,1,0,0,0,0,-1,0,1,0,,0,,0,,0,0,0,1
1723521663,3843,8,8,8,8,28.361,1,0,0.11 | 0.11 | 0.11,0,1.32 | 1.70 | 2.12,0,1.89 | 2.35 | 3.03,9.437,0.000,0,1,0,0,0,0,-1,0,1,0,,0,,0,,0,0,0,1
1723521663,3843,8,8,8,8,28.361,1,0,0.11 | 0.11 | 0.11,0,1.32 | 1.70 | 2.12,0,1.89 | 2.35 | 3.03,9.437,0.000,0,1,0,0,0,0,-1,0,1,0,,0,,0,,0,0,0,1
1723521663,3843,8,8,8,8,28.361,1,0,0.11 | 0.11 | 0.11,0,1.32 | 1.70 | 2.12,0,1.89 | 2.35 | 3.03,9.437,0.000,0,1,0,0,0,0,-1,0,1,0,,0,,0,,0,0,0,1
1723521663,3843,8,8,8,8,28.361,1,0,0.11 | 0.11 | 0.11,0,1.32 | 1.70 | 2.12,0,1.89 | 2.35 | 3.03,9.437,0.000,0,1,0,0,0,0,-1,0,1,0,,0,,0,,0,0,0,1
1723521663,3843,8,8,8,8,28.361,1,0,0.11 | 0.11 | 0.11,0,1.32 | 1.70 | 2.12,0,1.89 | 2.35 | 3.03,9.437,0.000,0,1,0,0,0,0,-1,0,1,0,,0,,0,,0,0,0,1
1723521664,3843,8,8,8,8,28.361,1,0,0.11 | 0.11 | 0.11,0,1.32 | 1.70 | 2.12,0,1.89 | 2.35 | 3.03,9.437,0.000,0,1,0,0,0,0,-1,0,1,0,,0,,0,,0,0,0,1
1723521664,3843,8,8,8,8,28.361,1,0,0.11 | 0.11 | 0.11,0,1.32 | 1.70 | 2.12,0,1.89 | 2.35 | 3.03,9.437,0.000,0,1,0,0,0,0,-1,0,1,0,,0,,0,,0,0,0,1
1723521664,3843,8,8,8,8,28.361,1,0,0.11 | 0.11 | 0.11,0,1.32 | 1.70 | 2.12,0,1.89 | 2.35 | 3.03,9.437,0.000,0,1,0,0,0,0,-1,0,1,0,,0,,0,,0,0,0,1
1723521664,3843,8,8,8,8,28.361,1,0,0.11 | 0.11 | 0.11,0,1.32 | 1.70 | 2.12,0,1.89 | 2.35 | 3.03,9.437,0.000,0,1,0,0,0,0,-1,0,1,0,,0,,0,,0,0,0,1
1723521664,3843,8,8,8,8,30.498,1,0,0.11 | 0.11 | 0.11,0,1.32 | 1.75 | 2.12,0,1.89 | 2.29 | 3.03,9.488,0.000,0,1,0,0,0,0,-1,0,1,0,,0,,0,,0,0,0,1
1723521664,3843,8,8,8,8,30.498,1,0,0.11 | 0.11 | 0.11,0,1.32 | 1.75 | 2.12,0,1.89 | 2.29 | 3.03,9.488,0.000,0,1,0,0,0,0,-1,0,1,0,,0,,0,,0,0,0,1
1723521664,3843,8,8,8,8,30.498,1,0,0.11 | 0.11 | 0.11,0,1.32 | 1.75 | 2.12,0,1.89 | 2.29 | 3.03,9.488,0.000,0,1,0,0,0,0,-1,0,1,0,,0,,0,,0,0,0,1
1723521664,3843,8,8,8,8,30.498,1,0,0.11 | 0.11 | 0.11,0,1.32 | 1.75 | 2.12,0,1.89 | 2.29 | 3.03,9.488,0.000,0,1,0,0,0,0,-1,0,1,0,,0,,0,,0,0,0,1
1723521664,3843,8,8,8,8,30.498,1,0,0.11 | 0.11 | 0.11,0,1.32 | 1.75 | 2.12,0,1.89 | 2.29 | 3.03,9.488,0.000,0,1,0,0,0,0,-1,0,1,0,,0,,0,,0,0,0,1
1723521664,3843,8,8,8,8,30.498,1,0,0.11 | 0.11 | 0.11,0,1.32 | 1.75 | 2.12,0,1.89 | 2.29 | 3.03,9.488,0.000,0,1,0,0,0,0,-1,0,1,0,,0,,0,,0,0,0,1
1723521665,3843,8,8,8,8,30.498,1,0,0.11 | 0.11 | 0.11,0,1.32 | 1.75 | 2.12,0,1.89 | 2.29 | 3.03,9.488,0.000,0,1,0,0,0,0,-1,0,1,0,,0,,0,,0,0,0,1
1723521665,3843,8,8,8,8,30.498,1,0,0.11 | 0.11 | 0.11,0,1.32 | 1.75 | 2.12,0,1.89 | 2.29 | 3.03,9.488,0.000,0,1,0,0,0,0,-1,0,1,0,,0,,0,,0,0,0,1
1723521665,3843,8,8,8,8,30.498,1,0,0.11 | 0.11 | 0.11,0,1.32 | 1.75 | 2.12,0,1.89 | 2.29 | 3.03,9.488,0.000,0,1,0,0,0,0,-1,0,1,0,,0,,0,,0,0,0,1
1723521665,3843,8,8,8,8,30.498,1,0,0.11 | 0.11 | 0.11,0,1.32 | 1.75 | 2.12,0,1.89 | 2.29 | 3.03,9.488,0.000,0,1,0,0,0,0,-1,0,1,0,,0,,0,,0,0,0,1
1723521665,3843,8,8,8,8,29.436,1,0,0.11 | 0.11 | 0.11,0,1.32 | 1.75 | 2.12,0,1.89 | 2.29 | 3.03,9.488,0.000,0,1,0,0,0,0,-1,0,1,0,,0,,0,,0,0,0,1
1723521665,3843,8,8,8,8,29.436,1,0,0.11 | 0.11 | 0.11,0,1.32 | 1.75 | 2.12,0,1.89 | 2.29 | 3.03,9.488,0.000,0,1,0,0,0,0,-1,0,1,0,,0,,0,,0,0,0,1
1723521665,3843,8,8,8,8,29.436,1,0,0.11 | 0.11 | 0.11,0,1.32 | 1.75 | 2.12,0,1.89 | 2.29 | 3.03,9.488,0.000,0,1,0,0,0,0,-1,0,1,0,,0,,0,,0,0,0,1
1723521665,3843,8,8,8,8,29.436,1,0,0.11 | 0.11 | 0.11,0,1.32 | 1.75 | 2.12,0,1.89 | 2.29 | 3.03,9.488,0.000,0,1,0,0,0,0,-1,0,1,0,,0,,0,,0,0,0,1
1723521665,3843,8,8,8,8,29.436,1,0,0.11 | 0.11 | 0.11,0,1.32 | 1.75 | 2.12,0,1.89 | 2.29 | 3.03,9.488,0.000,0,1,0,0,0,0,-1,0,1,0,,0,,0,,0,0,0,1
1723521665,3843,8,8,8,8,29.436,1,0,0.11 | 0.11 | 0.11,0,1.32 | 1.75 | 2.12,0,1.89 | 2.29 | 3.03,9.488,0.000,0,1,0,0,0,0,-1,0,1,0,,0,,0,,0,0,0,1
1723521666,3843,8,8,8,8,29.436,1,0,0.11 | 0.11 | 0.11,0,1.32 | 1.75 | 2.12,0,1.89 | 2.29 | 3.03,9.488,0.000,0,1,0,0,0,0,-1,0,1,0,,0,,0,,0,0,0,1
1723521666,3843,8,8,8,8,29.436,1,0,0.11 | 0.11 | 0.11,0,1.32 | 1.75 | 2.12,0,1.89 | 2.29 | 3.03,9.488,0.000,0,1,0,0,0,0,-1,0,1,0,,0,,0,,0,0,0,1
1723521666,3843,8,8,8,8,29.436,1,0,0.11 | 0.11 | 0.11,0,1.32 | 1.75 | 2.12,0,1.89 | 2.29 | 3.03,9.488,0.000,0,1,0,0,0,0,-1,0,1,0,,0,,0,,0,0,0,1
1723521666,3843,8,8,8,8,29.436,1,0,0.11 | 0.11 | 0.11,0,1.32 | 1.75 | 2.12,0,1.89 | 2.29 | 3.03,9.488,0.000,0,1,0,0,0,0,-1,0,1,0,,0,,0,,0,0,0,1
1723521666,3843,8,8,8,8,28.639,1,0,0.11 | 0.11 | 0.11,0,1.32 | 1.75 | 2.12,0,1.89 | 2.29 | 3.03,9.488,0.000,0,1,0,0,0,0,-1,0,1,0,,0,,0,,0,0,0,1
1723521666,3843,8,8,8,8,28.639,1,0,0.11 | 0.11 | 0.11,0,1.32 | 1.75 | 2.12,0,1.89 | 2.29 | 3.03,9.488,0.000,0,1,0,0,0,0,-1,0,1,0,,0,,0,,0,0,0,1
1723521666,3843,8,8,8,8,28.639,1,0,0.11 | 0.11 | 0.11,0,1.32 | 1.75 | 2.12,0,1.89 | 2.29 | 3.03,9.488,0.000,0,1,0,0,0,0,-1,0,1,0,,0,,0,,0,0,0,1
1723521666,3843,8,8,8,8,28.639,1,0,0.11 | 0.11 | 0.11,0,1.32 | 1.75 | 2.12,0,1.89 | 2.29 | 3.03,9.488,0.000,0,1,0,0,0,0,-1,0,1,0,,0,,0,,0,0,0,1
1723521666,3843,8,8,8,8,28.639,1,0,0.11 | 0.11 | 0.11,0,1.32 | 1.75 | 2.12,0,1.89 | 2.29 | 3.03,9.488,0.000,0,1,0,0,0,0,-1,0,1,0,,0,,0,,0,0,0,1
1723521666,3843,8,8,8,8,28.639,1,0,0.11 | 0.11 | 0.11,0,1.32 | 1.75 | 2.12,0,1.89 | 2.29 | 3.03,9.488,0.000,0,1,0,0,0,0,-1,0,1,0,,0,,0,,0,0,0,1
1723521667,3843,8,8,8,8,28.639,1,0,0.11 | 0.11 | 0.11,0,1.32 | 1.75 | 2.12,0,1.89 | 2.29 | 3.03,9.488,0.000,0,1,0,0,0,0,-1,0,1,0,,0,,0,,0,0,0,1
1723521667,3843,8,8,8,8,28.639,1,0,0.11 | 0.11 | 0.11,0,1.32 | 1.75 | 2.12,0,1.89 | 2.29 | 3.03,9.488,0.000,0,1,0,0,0,0,-1,0,1,0,,0,,0,,0,0,0,1
1723521667,3843,8,8,8,8,28.639,1,0,0.11 | 0.11 | 0.11,0,1.32 | 1.75 | 2.12,0,1.89 | 2.29 | 3.03,9.488,0.000,0,1,0,0,0,0,-1,0,1,0,,0,,0,,0,0,0,1
1723521667,3843,8,8,8,8,28.639,1,0,0.11 | 0.11 | 0.11,0,1.32 | 1.75 | 2.12,0,1.89 | 2.29 | 3.03,9.488,0.000,0,1,0,0,0,0,-1,0,1,0,,0,,0,,0,0,0,1
1723521667,3843,8,8,8,8,32.361,1,0,0.11 | 0.11 | 0.11,0,1.32 | 1.75 | 2.12,0,1.89 | 2.29 | 3.03,9.489,0.000,0,1,0,0,0,0,-1,0,1,0,,0,,0,,0,0,0,1
1723521667,3843,8,8,8,8,32.361,1,0,0.11 | 0.11 | 0.11,0,1.32 | 1.75 | 2.12,0,1.89 | 2.29 | 3.03,9.489,0.000,0,1,0,0,0,0,-1,0,1,0,,0,,0,,0,0,0,1
1723521667,3843,8,8,8,8,32.361,1,0,0.11 | 0.11 | 0.11,0,1.32 | 1.75 | 2.12,0,1.89 | 2.29 | 3.03,9.489,0.000,0,1,0,0,0,0,-1,0,1,0,,0,,0,,0,0,0,1
1723521667,3843,8,8,8,8,32.361,1,0,0.11 | 0.11 | 0.11,0,1.32 | 1.75 | 2.12,0,1.89 | 2.29 | 3.03,9.489,0.000,0,1,0,0,0,0,-1,0,1,0,,0,,0,,0,0,0,1
1723521667,3843,8,8,8,8,32.361,1,0,0.11 | 0.11 | 0.11,0,1.32 | 1.75 | 2.12,0,1.89 | 2.29 | 3.03,9.489,0.000,0,1,0,0,0,0,-1,0,1,0,,0,,0,,0,0,0,1
1723521667,3843,8,8,8,8,32.361,1,0,0.11 | 0.11 | 0.11,0,1.32 | 1.75 | 2.12,0,1.89 | 2.29 | 3.03,9.489,0.000,0,1,0,0,0,0,-1,0,1,0,,0,,0,,0,0,0,1
1723521668,3843,8,8,8,8,32.361,1,0,0.11 | 0.11 | 0.11,0,1.32 | 1.75 | 2.12,0,1.89 | 2.29 | 3.03,9.489,0.000,0,1,0,0,0,0,-1,0,1,0,,0,,0,,0,0,0,1
1723521668,3843,8,8,8,8,32.361,1,0,0.11 | 0.11 | 0.11,0,1.32 | 1.75 | 2.12,0,1.89 | 2.29 | 3.03,9.489,0.000,0,1,0,0,0,0,-1,0,1,0,,0,,0,,0,0,0,1
1723521668,3843,8,8,8,8,32.361,1,0,0.11 | 0.11 | 0.11,0,1.32 | 1.75 | 2.12,0,1.89 | 2.29 | 3.03,9.489,0.000,0,1,0,0,0,0,-1,0,1,0,,0,,0,,0,0,0,1
1723521668,3843,8,8,8,8,32.361,1,0,0.11 | 0.11 | 0.11,0,1.32 | 1.75 | 2.12,0,1.89 | 2.29 | 3.03,9.489,0.000,0,1,0,0,0,0,-1,0,1,0,,0,,0,,0,0,0,1
1723521668,3843,8,8,8,8,31.314,1,0,0.11 | 0.11 | 0.11,0,1.32 | 1.75 | 2.12,0,1.89 | 2.29 | 3.03,9.489,0.000,0,1,0,0,0,0,-1,0,1,0,,0,,0,,0,0,0,1
1723521668,3843,8,8,8,8,31.314,1,0,0.11 | 0.11 | 0.11,0,1.32 | 1.75 | 2.12,0,1.89 | 2.29 | 3.03,9.489,0.000,0,1,0,0,0,0,-1,0,1,0,,0,,0,,0,0,0,1
1723521668,3843,8,8,8,8,31.314,1,0,0.11 | 0.11 | 0.11,0,1.32 | 1.75 | 2.12,0,1.89 | 2.29 | 3.03,9.489,0.000,0,1,0,0,0,0,-1,0,1,0,,0,,0,,0,0,0,1
1723521668,3843,8,8,8,8,31.314,1,0,0.11 | 0.11 | 0.11,0,1.32 | 1.75 | 2.12,0,1.89 | 2.29 | 3.03,9.489,0.000,0,1,0,0,0,0,-1,0,1,0,,0,,0,,0,0,0,1
1723521668,3843,8,8,8,8,31.314,1,0,0.11 | 0.11 | 0.11,0,1.32 | 1.75 | 2.12,0,1.89 | 2.29 | 3.03,9.489,0.000,0,1,0,0,0,0,-1,0,1,0,,0,,0,,0,0,0,1
1723521668,3843,8,8,8,8,31.314,1,0,0.11 | 0.11 | 0.11,0,1.32 | 1.75 | 2.12,0,1.89 | 2.29 | 3.03,9.489,0.000,0,1,0,0,0,0,-1,0,1,0,,0,,0,,0,0,0,1
1723521669,3843,8,8,8,8,31.314,1,0,0.11 | 0.11 | 0.11,0,1.32 | 1.75 | 2.12,0,1.89 | 2.29 | 3.03,9.489,0.000,0,1,0,0,0,0,-1,0,1,0,,0,,0,,0,0,0,1
1723521669,3843,8,8,8,8,31.314,1,0,0.11 | 0.11 | 0.11,0,1.32 | 1.75 | 2.12,0,1.89 | 2.29 | 3.03,9.489,0.000,0,1,0,0,0,0,-1,0,1,0,,0,,0,,0,0,0,1
1723521669,3843,8,8,8,8,31.314,1,0,0.11 | 0.11 | 0.11,0,1.32 | 1.75 | 2.12,0,1.89 | 2.29 | 3.03,9.489,0.000,0,1,0,0,0,0,-1,0,1,0,,0,,0,,0,0,0,1
1723521669,3843,8,8,8,8,31.314,1,0,0.11 | 0.11 | 0.11,0,1.32 | 1.75 | 2.12,0,1.89 | 2.29 | 3.03,9.489,0.000,0,1,0,0,0,0,-1,0,1,0,,0,,0,,0,0,0,1
1723521669,3843,8,8,8,8,30.251,1,0,0.11 | 0.11 | 0.11,0,1.32 | 1.75 | 2.12,0,1.89 | 2.29 | 3.03,9.489,0.000,0,1,0,0,0,0,-1,0,1,0,,0,,0,,0,0,0,1
1723521669,3843,8,8,8,8,30.251,1,0,0.11 | 0.11 | 0.11,0,1.32 | 1.75 | 2.12,0,1.89 | 2.29 | 3.03,9.489,0.000,0,1,0,0,0,0,-1,0,1,0,,0,,0,,0,0,0,1
1723521669,3843,8,8,8,8,30.251,1,0,0.11 | 0.11 | 0.11,0,1.32 | 1.75 | 2.12,0,1.89 | 2.29 | 3.03,9.489,0.000,0,1,0,0,0,0,-1,0,1,0,,0,,0,,0,0,0,1
1723521669,3843,8,8,8,8,30.251,1,0,0.11 | 0.11 | 0.11,0,1.32 | 1.75 | 2.12,0,1.89 | 2.29 | 3.03,9.489,0.000,0,1,0,0,0,0,-1,0,1,0,,0,,0,,0,0,0,1
1723521669,3843,8,8,8,8,30.251,1,0,0.11 | 0.11 | 0.11,0,1.32 | 1.75 | 2.12,0,1.89 | 2.29 | 3.03,9.489,0.000,0,1,0,0,0,0,-1,0,1,0,,0,,0,,0,0,0,1
1723521669,3843,8,8,8,8,30.251,1,0,0.11 | 0.11 | 0.11,0,1.32 | 1.75 | 2.12,0,1.89 | 2.29 | 3.03,9.489,0.000,0,1,0,0,0,0,-1,0,1,0,,0,,0,,0,0,0,1
1723521670,3843,8,8,8,8,30.251,1,0,0.11 | 0.11 | 0.11,0,1.32 | 1.75 | 2.12,0,1.89 | 2.29 | 3.03,9.489,0.000,0,1,0,0,0,0,-1,0,1,0,,0,,0,,0,0,0,1
1723521670,3843,8,8,8,8,30.251,1,0,0.11 | 0.11 | 0.11,0,1.32 | 1.75 | 2.12,0,1.89 | 2.29 | 3.03,9.489,0.000,0,1,0,0,0,0,-1,0,1,0,,0,,0,,0,0,0,1
1723521670,3843,8,8,8,8,30.251,1,0,0.11 | 0.11 | 0.11,0,1.32 | 1.75 | 2.12,0,1.89 | 2.29 | 3.03,9.489,0.000,0,1,0,0,0,0,-1,0,1,0,,0,,0,,0,0,0,1
1723521670,3843,8,8,8,8,30.251,1,0,0.11 | 0.11 | 0.11,0,1.32 | 1.75 | 2.12,0,1.89 | 2.29 | 3.03,9.489,0.000,0,1,0,0,0,0,-1,0,1,0,,0,,0,,0,0,0,1
1723521670,3843,8,8,8,8,29.187,1,0,0.11 | 0.11 | 0.11,0,1.32 | 1.75 | 2.12,0,1.89 | 2.29 | 3.03,9.489,0.000,0,1,0,0,0,0,-1,0,1,0,,0,,0,,0,0,0,1
1723521670,3843,8,8,8,8,29.187,1,0,0.11 | 0.11 | 0.11,0,1.32 | 1.75 | 2.12,0,1.89 | 2.29 | 3.03,9.489,0.000,0,1,0,0,0,0,-1,0,1,0,,0,,0,,0,0,0,1
1723521670,3843,8,8,8,8,29.187,1,0,0.11 | 0.11 | 0.11,0,1.32 | 1.75 | 2.12,0,1.89 | 2.29 | 3.03,9.489,0.000,0,1,0,0,0,0,-1,0,1,0,,0,,0,,0,0,0,1
1723521670,3843,8,8,8,8,29.187,1,0,0.11 | 0.11 | 0.11,0,1.32 | 1.75 | 2.12,0,1.89 | 2.29 | 3.03,9.489,0.000,0,1,0,0,0,0,-1,0,1,0,,0,,0,,0,0,0,1
1723521670,3843,8,8,8,8,29.187,1,0,0.11 | 0.11 | 0.11,0,1.32 | 1.75 | 2.12,0,1.89 | 2.29 | 3.03,9.489,0.000,0,1,0,0,0,0,-1,0,1,0,,0,,0,,0,0,0,1
1723521670,3843,8,8,8,8,29.187,1,0,0.11 | 0.11 | 0.11,0,1.32 | 1.75 | 2.12,0,1.89 | 2.29 | 3.03,9.489,0.000,0,1,0,0,0,0,-1,0,1,0,,0,,0,,0,0,0,1
1723521671,3843,8,8,8,8,29.187,1,0,0.11 | 0.11 | 0.11,0,1.32 | 1.75 | 2.12,0,1.89 | 2.29 | 3.03,9.489,0.000,0,1,0,0,0,0,-1,0,1,0,,0,,0,,0,0,0,1
1723521671,3843,8,8,8,8,29.187,1,0,0.11 | 0.11 | 0.11,0,1.32 | 1.75 | 2.12,0,1.89 | 2.29 | 3.03,9.489,0.000,0,1,0,0,0,0,-1,0,1,0,,0,,0,,0,0,0,1
1723521671,3843,8,8,8,8,29.187,1,0,0.11 | 0.11 | 0.11,0,1.32 | 1.75 | 2.12,0,1.89 | 2.29 | 3.03,9.489,0.000,0,1,0,0,0,0,-1,0,1,0,,0,,0,,0,0,0,1
1723521671,3843,8,8,8,8,29.187,1,0,0.11 | 0.11 | 0.11,0,1.32 | 1.75 | 2.12,0,1.89 | 2.29 | 3.03,9.489,0.000,0,1,0,0,0,0,-1,0,1,0,,0,,0,,0,0,0,1
1723521671,3843,8,8,8,8,28.392,1,0,0.11 | 0.11 | 0.11,0,1.32 | 1.75 | 2.12,0,1.89 | 2.29 | 3.03,9.489,0.000,0,1,0,0,0,0,-1,0,1,0,,0,,0,,0,0,0,1
1723521671,3843,8,8,8,8,28.392,1,0,0.11 | 0.11 | 0.11,0,1.32 | 1.75 | 2.12,0,1.89 | 2.29 | 3.03,9.489,0.000,0,1,0,0,0,0,-1,0,1,0,,0,,0,,0,0,0,1
1723521671,3843,8,8,8,8,28.392,1,0,0.11 | 0.11 | 0.11,0,1.32 | 1.75 | 2.12,0,1.89 | 2.29 | 3.03,9.489,0.000,0,1,0,0,0,0,-1,0,1,0,,0,,0,,0,0,0,1
1723521671,3843,8,8,8,8,28.392,1,0,0.11 | 0.11 | 0.11,0,1.32 | 1.75 | 2.12,0,1.89 | 2.29 | 3.03,9.489,0.000,0,1,0,0,0,0,-1,0,1,0,,0,,0,,0,0,0,1
1723521671,3843,8,8,8,8,28.392,1,0,0.11 | 0.11 | 0.11,0,1.32 | 1.75 | 2.12,0,1.89 | 2.29 | 3.03,9.489,0.000,0,1,0,0,0,0,-1,0,1,0,,0,,0,,0,0,0,1
1723521671,3843,8,8,8,8,28.392,1,0,0.11 | 0.11 | 0.11,0,1.32 | 1.75 | 2.12,0,1.89 | 2.29 | 3.03,9.489,0.000,0,1,0,0,0,0,-1,0,1,0,,0,,0,,0,0,0,1
1723521672,3843,8,8,8,8,28.392,1,0,0.11 | 0.11 | 0.11,0,1.32 | 1.75 | 2.12,0,1.89 | 2.29 | 3.03,9.489,0.000,0,1,0,0,0,0,-1,0,1,0,,0,,0,,0,0,0,1
1723521672,3843,8,8,8,8,28.392,1,0,0.11 | 0.11 | 0.11,0,1.32 | 1.75 | 2.12,0,1.89 | 2.29 | 3.03,9.489,0.000,0,1,0,0,0,0,-1,0,1,0,,0,,0,,0,0,0,1
1723521672,3843,8,8,8,8,28.392,1,0,0.11 | 0.11 | 0.11,0,1.32 | 1.75 | 2.12,0,1.89 | 2.29 | 3.03,9.489,0.000,0,1,0,0,0,0,-1,0,1,0,,0,,0,,0,0,0,1
1723521672,3843,8,8,8,8,28.392,1,0,0.11 | 0.11 | 0.11,0,1.32 | 1.75 | 2.12,0,1.89 | 2.29 | 3.03,9.489,0.000,0,1,0,0,0,0,-1,0,1,0,,0,,0,,0,0,0,1
1723521672,3843,8,8,8,8,30.529,1,0,0.11 | 0.11 | 0.11,0,1.25 | 1.73 | 2.12,0,1.89 | 2.32 | 3.21,9.482,0.000,0,1,0,0,0,0,-1,0,1,0,,0,,0,,0,0,0,1
1723521672,3843,8,8,8,8,30.529,1,0,0.11 | 0.11 | 0.11,0,1.25 | 1.73 | 2.12,0,1.89 | 2.32 | 3.21,9.482,0.000,0,1,0,0,0,0,-1,0,1,0,,0,,0,,0,0,0,1
1723521672,3843,8,8,8,8,30.529,1,0,0.11 | 0.11 | 0.11,0,1.25 | 1.73 | 2.12,0,1.89 | 2.32 | 3.21,9.482,0.000,0,1,0,0,0,0,-1,0,1,0,,0,,0,,0,0,0,1
1723521672,3843,8,8,8,8,30.529,1,0,0.11 | 0.11 | 0.11,0,1.25 | 1.73 | 2.12,0,1.89 | 2.32 | 3.21,9.482,0.000,0,1,0,0,0,0,-1,0,1,0,,0,,0,,0,0,0,1
1723521672,3843,8,8,8,8,30.529,1,0,0.11 | 0.11 | 0.11,0,1.25 | 1.73 | 2.12,0,1.89 | 2.32 | 3.21,9.482,0.000,0,1,0,0,0,0,-1,0,1,0,,0,,0,,0,0,0,1
1723521672,3843,8,8,8,8,30.529,1,0,0.11 | 0.11 | 0.11,0,1.25 | 1.73 | 2.12,0,1.89 | 2.32 | 3.21,9.482,0.000,0,1,0,0,0,0,-1,0,1,0,,0,,0,,0,0,0,1
1723521673,3843,8,8,8,8,30.529,1,0,0.11 | 0.11 | 0.11,0,1.25 | 1.73 | 2.12,0,1.89 | 2.32 | 3.21,9.482,0.000,0,1,0,0,0,0,-1,0,1,0,,0,,0,,0,0,0,1
1723521673,3843,8,8,8,8,30.529,1,0,0.11 | 0.11 | 0.11,0,1.25 | 1.73 | 2.12,0,1.89 | 2.32 | 3.21,9.482,0.000,0,1,0,0,0,0,-1,0,1,0,,0,,0,,0,0,0,1
1723521673,3843,8,8,8,8,30.529,1,0,0.11 | 0.11 | 0.11,0,1.25 | 1.73 | 2.12,0,1.89 | 2.32 | 3.21,9.482,0.000,0,1,0,0,0,0,-1,0,1,0,,0,,0,,0,0,0,1
1723521673,3843,8,8,8,8,30.529,1,0,0.11 | 0.11 | 0.11,0,1.25 | 1.73 | 2.12,0,1.89 | 2.32 | 3.21,9.482,0.000,0,1,0,0,0,0,-1,0,1,0,,0,,0,,0,0,0,1
1723521673,3843,8,8,8,8,29.467,1,0,0.11 | 0.11 | 0.11,0,1.25 | 1.73 | 2.12,0,1.89 | 2.32 | 3.21,9.482,0.000,0,1,0,0,0,0,-1,0,1,0,,0,,0,,0,0,0,1
1723521673,3843,8,8,8,8,29.467,1,0,0.11 | 0.11 | 0.11,0,1.25 | 1.73 | 2.12,0,1.89 | 2.32 | 3.21,9.482,0.000,0,1,0,0,0,0,-1,0,1,0,,0,,0,,0,0,0,1
1723521673,3843,8,8,8,8,29.467,1,0,0.11 | 0.11 | 0.11,0,1.25 | 1.73 | 2.12,0,1.89 | 2.32 | 3.21,9.482,0.000,0,1,0,0,0,0,-1,0,1,0,,0,,0,,0,0,0,1
1723521673,3843,8,8,8,8,29.467,1,0,0.11 | 0.11 | 0.11,0,1.25 | 1.73 | 2.12,0,1.89 | 2.32 | 3.21,9.482,0.000,0,1,0,0,0,0,-1,0,1,0,,0,,0,,0,0,0,1
1723521673,3843,8,8,8,8,29.467,1,0,0.11 | 0.11 | 0.11,0,1.25 | 1.73 | 2.12,0,1.89 | 2.32 | 3.21,9.482,0.000,0,1,0,0,0,0,-1,0,1,0,,0,,0,,0,0,0,1
1723521673,3843,8,8,8,8,29.467,1,0,0.11 | 0.11 | 0.11,0,1.25 | 1.73 | 2.12,0,1.89 | 2.32 | 3.21,9.482,0.000,0,1,0,0,0,0,-1,0,1,0,,0,,0,,0,0,0,1
1723521674,3843,8,8,8,8,29.467,1,0,0.11 | 0.11 | 0.11,0,1.25 | 1.73 | 2.12,0,1.89 | 2.32 | 3.21,9.482,0.000,0,1,0,0,0,0,-1,0,1,0,,0,,0,,0,0,0,1
1723521674,3843,8,8,8,8,29.467,1,0,0.11 | 0.11 | 0.11,0,1.25 | 1.73 | 2.12,0,1.89 | 2.32 | 3.21,9.482,0.000,0,1,0,0,0,0,-1,0,1,0,,0,,0,,0,0,0,1
1723521674,3843,8,8,8,8,29.467,1,0,0.11 | 0.11 | 0.11,0,1.25 | 1.73 | 2.12,0,1.89 | 2.32 | 3.21,9.482,0.000,0,1,0,0,0,0,-1,0,1,0,,0,,0,,0,0,0,1
1723521674,3843,8,8,8,8,29.467,1,0,0.11 | 0.11 | 0.11,0,1.25 | 1.73 | 2.12,0,1.89 | 2.32 | 3.21,9.482,0.000,0,1,0,0,0,0,-1,0,1,0,,0,,0,,0,0,0,1
1723521674,3843,8,8,8,8,28.404,1,0,0.11 | 0.11 | 0.11,0,1.25 | 1.73 | 2.12,0,1.89 | 2.32 | 3.21,9.482,0.000,0,1,0,0,0,0,-1,0,1,0,,0,,0,,0,0,0,1
1723521674,3843,8,8,8,8,28.404,1,0,0.11 | 0.11 | 0.11,0,1.25 | 1.73 | 2.12,0,1.89 | 2.32 | 3.21,9.482,0.000,0,1,0,0,0,0,-1,0,1,0,,0,,0,,0,0,0,1
1723521674,3843,8,8,8,8,28.404,1,0,0.11 | 0.11 | 0.11,0,1.25 | 1.73 | 2.12,0,1.89 | 2.32 | 3.21,9.482,0.000,0,1,0,0,0,0,-1,0,1,0,,0,,0,,0,0,0,1
1723521674,3843,8,8,8,8,28.404,1,0,0.11 | 0.11 | 0.11,0,1.25 | 1.73 | 2.12,0,1.89 | 2.32 | 3.21,9.482,0.000,0,1,0,0,0,0,-1,0,1,0,,0,,0,,0,0,0,1
1723521674,3843,8,8,8,8,28.404,1,0,0.11 | 0.11 | 0.11,0,1.25 | 1.73 | 2.12,0,1.89 | 2.32 | 3.21,9.482,0.000,0,1,0,0,0,0,-1,0,1,0,,0,,0,,0,0,0,1
1723521674,3843,8,8,8,8,28.404,1,0,0.11 | 0.11 | 0.11,0,1.25 | 1.73 | 2.12,0,1.89 | 2.32 | 3.21,9.482,0.000,0,1,0,0,0,0,-1,0,1,0,,0,,0,,0,0,0,1
1723521675,3843,8,8,8,8,28.404,1,0,0.11 | 0.11 | 0.11,0,1.25 | 1.73 | 2.12,0,1.89 | 2.32 | 3.21,9.482,0.000,0,1,0,0,0,0,-1,0,1,0,,0,,0,,0,0,0,1
1723521675,3843,8,8,8,8,28.404,1,0,0.11 | 0.11 | 0.11,0,1.25 | 1.73 | 2.12,0,1.89 | 2.32 | 3.21,9.482,0.000,0,1,0,0,0,0,-1,0,1,0,,0,,0,,0,0,0,1
1723521675,3843,8,8,8,8,28.404,1,0,0.11 | 0.11 | 0.11,0,1.25 | 1.73 | 2.12,0,1.89 | 2.32 | 3.21,9.482,0.000,0,1,0,0,0,0,-1,0,1,0,,0,,0,,0,0,0,1
1723521675,3843,8,8,8,8,28.404,1,0,0.11 | 0.11 | 0.11,0,1.25 | 1.73 | 2.12,0,1.89 | 2.32 | 3.21,9.482,0.000,0,1,0,0,0,0,-1,0,1,0,,0,,0,,0,0,0,1
1723521675,3843,8,8,8,8,32.408,1,0,0.11 | 0.11 | 0.11,0,1.25 | 1.69 | 2.00,0,2.00 | 2.36 | 3.21,9.486,0.000,0,1,0,0,0,0,-1,0,1,0,,0,,0,,0,0,0,1
1723521675,3843,8,8,8,8,32.408,1,0,0.11 | 0.11 | 0.11,0,1.25 | 1.69 | 2.00,0,2.00 | 2.36 | 3.21,9.486,0.000,0,1,0,0,0,0,-1,0,1,0,,0,,0,,0,0,0,1
1723521675,3843,8,8,8,8,32.408,1,0,0.11 | 0.11 | 0.11,0,1.25 | 1.69 | 2.00,0,2.00 | 2.36 | 3.21,9.486,0.000,0,1,0,0,0,0,-1,0,1,0,,0,,0,,0,0,0,1
1723521675,3843,8,8,8,8,32.408,1,0,0.11 | 0.11 | 0.11,0,1.25 | 1.69 | 2.00,0,2.00 | 2.36 | 3.21,9.486,0.000,0,1,0,0,0,0,-1,0,1,0,,0,,0,,0,0,0,1
1723521675,3843,8,8,8,8,32.408,1,0,0.11 | 0.11 | 0.11,0,1.25 | 1.69 | 2.00,0,2.00 | 2.36 | 3.21,9.486,0.000,0,1,0,0,0,0,-1,0,1,0,,0,,0,,0,0,0,1
1723521675,3843,8,8,8,8,32.408,1,0,0.11 | 0.11 | 0.11,0,1.25 | 1.69 | 2.00,0,2.00 | 2.36 | 3.21,9.486,0.000,0,1,0,0,0,0,-1,0,1,0,,0,,0,,0,0,0,1
1723521676,3843,8,8,8,8,32.408,1,0,0.11 | 0.11 | 0.11,0,1.25 | 1.69 | 2.00,0,2.00 | 2.36 | 3.21,9.486,0.000,0,1,0,0,0,0,-1,0,1,0,,0,,0,,0,0,0,1
1723521676,3843,8,8,8,8,32.408,1,0,0.11 | 0.11 | 0.11,0,1.25 | 1.69 | 2.00,0,2.00 | 2.36 | 3.21,9.486,0.000,0,1,0,0,0,0,-1,0,1,0,,0,,0,,0,0,0,1
1723521676,3843,8,8,8,8,32.408,1,0,0.11 | 0.11 | 0.11,0,1.25 | 1.69 | 2.00,0,2.00 | 2.36 | 3.21,9.486,0.000,0,1,0,0,0,0,-1,0,1,0,,0,,0,,0,0,0,1
1723521676,3843,8,8,8,8,32.408,1,0,0.11 | 0.11 | 0.11,0,1.25 | 1.69 | 2.00,0,2.00 | 2.36 | 3.21,9.486,0.000,0,1,0,0,0,0,-1,0,1,0,,0,,0,,0,0,0,1
1723521676,3843,8,8,8,8,31.345,1,0,0.11 | 0.11 | 0.11,0,1.25 | 1.69 | 2.00,0,2.00 | 2.36 | 3.21,9.486,0.000,0,1,0,0,0,0,-1,0,1,0,,0,,0,,0,0,0,1
1723521676,3843,8,8,8,8,31.345,1,0,0.11 | 0.11 | 0.11,0,1.25 | 1.69 | 2.00,0,2.00 | 2.36 | 3.21,9.486,0.000,0,1,0,0,0,0,-1,0,1,0,,0,,0,,0,0,0,1
1723521676,3843,8,8,8,8,31.345,1,0,0.11 | 0.11 | 0.11,0,1.25 | 1.69 | 2.00,0,2.00 | 2.36 | 3.21,9.486,0.000,0,1,0,0,0,0,-1,0,1,0,,0,,0,,0,0,0,1
1723521676,3843,8,8,8,8,31.345,1,0,0.11 | 0.11 | 0.11,0,1.25 | 1.69 | 2.00,0,2.00 | 2.36 | 3.21,9.486,0.000,0,1,0,0,0,0,-1,0,1,0,,0,,0,,0,0,0,1
1723521676,3843,8,8,8,8,31.345,1,0,0.11 | 0.11 | 0.11,0,1.25 | 1.69 | 2.00,0,2.00 | 2.36 | 3.21,9.486,0.000,0,1,0,0,0,0,-1,0,1,0,,0,,0,,0,0,0,1
1723521676,3843,8,8,8,8,31.345,1,0,0.11 | 0.11 | 0.11,0,1.25 | 1.69 | 2.00,0,2.00 | 2.36 | 3.21,9.486,0.000,0,1,0,0,0,0,-1,0,1,0,,0,,0,,0,0,0,1
1723521677,3843,8,8,8,8,31.345,1,0,0.11 | 0.11 | 0.11,0,1.25 | 1.69 | 2.00,0,2.00 | 2.36 | 3.21,9.486,0.000,0,1,0,0,0,0,-1,0,1,0,,0,,0,,0,0,0,1
1723521677,3843,8,8,8,8,31.345,1,0,0.11 | 0.11 | 0.11,0,1.25 | 1.69 | 2.00,0,2.00 | 2.36 | 3.21,9.486,0.000,0,1,0,0,0,0,-1,0,1,0,,0,,0,,0,0,0,1
1723521677,3843,8,8,8,8,31.345,1,0,0.11 | 0.11 | 0.11,0,1.25 | 1.69 | 2.00,0,2.00 | 2.36 | 3.21,9.486,0.000,0,1,0,0,0,0,-1,0,1,0,,0,,0,,0,0,0,1
1723521677,3843,8,8,8,8,31.345,1,0,0.11 | 0.11 | 0.11,0,1.25 | 1.69 | 2.00,0,2.00 | 2.36 | 3.21,9.486,0.000,0,1,0,0,0,0,-1,0,1,0,,0,,0,,0,0,0,1
1723521677,3843,8,8,8,8,30.281,1,0,0.11 | 0.11 | 0.11,0,1.25 | 1.69 | 2.00,0,2.00 | 2.36 | 3.21,9.486,0.000,0,1,0,0,0,0,-1,0,1,0,,0,,0,,0,0,0,1
1723521677,3843,8,8,8,8,30.281,1,0,0.11 | 0.11 | 0.11,0,1.25 | 1.69 | 2.00,0,2.00 | 2.36 | 3.21,9.486,0.000,0,1,0,0,0,0,-1,0,1,0,,0,,0,,0,0,0,1
1723521677,3843,8,8,8,8,30.281,1,0,0.11 | 0.11 | 0.11,0,1.25 | 1.69 | 2.00,0,2.00 | 2.36 | 3.21,9.486,0.000,0,1,0,0,0,0,-1,0,1,0,,0,,0,,0,0,0,1
1723521677,3843,8,8,8,8,30.281,1,0,0.11 | 0.11 | 0.11,0,1.25 | 1.69 | 2.00,0,2.00 | 2.36 | 3.21,9.486,0.000,0,1,0,0,0,0,-1,0,1,0,,0,,0,,0,0,0,1
1723521677,3843,8,8,8,8,30.281,1,0,0.11 | 0.11 | 0.11,0,1.25 | 1.69 | 2.00,0,2.00 | 2.36 | 3.21,9.486,0.000,0,1,0,0,0,0,-1,0,1,0,,0,,0,,0,0,0,1
1723521677,3843,8,8,8,8,30.281,1,0,0.11 | 0.11 | 0.11,0,1.25 | 1.69 | 2.00,0,2.00 | 2.36 | 3.21,9.486,0.000,0,1,0,0,0,0,-1,0,1,0,,0,,0,,0,0,0,1
1723521678,3843,8,8,8,8,30.281,1,0,0.11 | 0.11 | 0.11,0,1.25 | 1.69 | 2.00,0,2.00 | 2.36 | 3.21,9.486,0.000,0,1,0,0,0,0,-1,0,1,0,,0,,0,,0,0,0,1
1723521678,3843,8,8,8,8,30.281,1,0,0.11 | 0.11 | 0.11,0,1.25 | 1.69 | 2.00,0,2.00 | 2.36 | 3.21,9.486,0.000,0,1,0,0,0,0,-1,0,1,0,,0,,0,,0,0,0,1
1723521678,3843,8,8,8,8,30.281,1,0,0.11 | 0.11 | 0.11,0,1.25 | 1.69 | 2.00,0,2.00 | 2.36 | 3.21,9.486,0.000,0,1,0,0,0,0,-1,0,1,0,,0,,0,,0,0,0,1
1723521678,3843,8,8,8,8,30.281,1,0,0.11 | 0.11 | 0.11,0,1.25 | 1.69 | 2.00,0,2.00 | 2.36 | 3.21,9.486,0.000,0,1,0,0,0,0,-1,0,1,0,,0,,0,,0,0,0,1
1723521678,3843,8,8,8,8,29.22,1,0,0.11 | 0.11 | 0.11,0,1.25 | 1.69 | 2.00,0,2.00 | 2.36 | 3.21,9.486,0.000,0,1,0,0,0,0,-1,0,1,0,,0,,0,,0,0,0,1
1723521678,3843,8,8,8,8,29.22,1,0,0.11 | 0.11 | 0.11,0,1.25 | 1.69 | 2.00,0,2.00 | 2.36 | 3.21,9.486,0.000,0,1,0,0,0,0,-1,0,1,0,,0,,0,,0,0,0,1
1723521678,3843,8,8,8,8,29.22,1,0,0.11 | 0.11 | 0.11,0,1.25 | 1.69 | 2.00,0,2.00 | 2.36 | 3.21,9.486,0.000,0,1,0,0,0,0,-1,0,1,0,,0,,0,,0,0,0,1
1723521678,3843,8,8,8,8,29.22,1,0,0.11 | 0.11 | 0.11,0,1.25 | 1.69 | 2.00,0,2.00 | 2.36 | 3.21,9.486,0.000,0,1,0,0,0,0,-1,0,1,0,,0,,0,,0,0,0,1
1723521678,3843,8,8,8,8,29.22,1,0,0.11 | 0.11 | 0.11,0,1.25 | 1.69 | 2.00,0,2.00 | 2.36 | 3.21,9.486,0.000,0,1,0,0,0,0,-1,0,1,0,,0,,0,,0,0,0,1
1723521678,3843,8,8,8,8,29.22,1,0,0.11 | 0.11 | 0.11,0,1.25 | 1.69 | 2.00,0,2.00 | 2.36 | 3.21,9.486,0.000,0,1,0,0,0,0,-1,0,1,0,,0,,0,,0,0,0,1
1723521679,3843,8,8,8,8,29.22,1,0,0.11 | 0.11 | 0.11,0,1.25 | 1.69 | 2.00,0,2.00 | 2.36 | 3.21,9.486,0.000,0,1,0,0,0,0,-1,0,1,0,,0,,0,,0,0,0,1
1723521679,3843,8,8,8,8,29.22,1,0,0.11 | 0.11 | 0.11,0,1.25 | 1.69 | 2.00,0,2.00 | 2.36 | 3.21,9.486,0.000,0,1,0,0,0,0,-1,0,1,0,,0,,0,,0,0,0,1
1723521679,3843,8,8,8,8,29.22,1,0,0.11 | 0.11 | 0.11,0,1.25 | 1.69 | 2.00,0,2.00 | 2.36 | 3.21,9.486,0.000,0,1,0,0,0,0,-1,0,1,0,,0,,0,,0,0,0,1
1723521679,3843,8,8,8,8,29.22,1,0,0.11 | 0.11 | 0.11,0,1.25 | 1.69 | 2.00,0,2.00 | 2.36 | 3.21,9.486,0.000,0,1,0,0,0,0,-1,0,1,0,,0,,0,,0,0,0,1
1723521679,3843,8,8,8,8,28.423,1,0,0.11 | 0.11 | 0.11,0,1.25 | 1.69 | 2.00,0,2.00 | 2.36 | 3.21,9.486,0.000,0,1,0,0,0,0,-1,0,1,0,,0,,0,,0,0,0,1
1723521679,3843,8,8,8,8,28.423,1,0,0.11 | 0.11 | 0.11,0,1.25 | 1.69 | 2.00,0,2.00 | 2.36 | 3.21,9.486,0.000,0,1,0,0,0,0,-1,0,1,0,,0,,0,,0,0,0,1
1723521679,3843,8,8,8,8,28.423,1,0,0.11 | 0.11 | 0.11,0,1.25 | 1.69 | 2.00,0,2.00 | 2.36 | 3.21,9.486,0.000,0,1,0,0,0,0,-1,0,1,0,,0,,0,,0,0,0,1
1723521679,3843,8,8,8,8,28.423,1,0,0.11 | 0.11 | 0.11,0,1.25 | 1.69 | 2.00,0,2.00 | 2.36 | 3.21,9.486,0.000,0,1,0,0,0,0,-1,0,1,0,,0,,0,,0,0,0,1
1723521679,3843,8,8,8,8,28.423,1,0,0.11 | 0.11 | 0.11,0,1.25 | 1.69 | 2.00,0,2.00 | 2.36 | 3.21,9.486,0.000,0,1,0,0,0,0,-1,0,1,0,,0,,0,,0,0,0,1
1723521679,3843,8,8,8,8,28.423,1,0,0.11 | 0.11 | 0.11,0,1.25 | 1.69 | 2.00,0,2.00 | 2.36 | 3.21,9.486,0.000,0,1,0,0,0,0,-1,0,1,0,,0,,0,,0,0,0,1
1723521680,3843,8,8,8,8,28.423,1,0,0.11 | 0.11 | 0.11,0,1.25 | 1.69 | 2.00,0,2.00 | 2.36 | 3.21,9.486,0.000,0,1,0,0,0,0,-1,0,1,0,,0,,0,,0,0,0,1
1723521680,3843,8,8,8,8,28.423,1,0,0.11 | 0.11 | 0.11,0,1.25 | 1.69 | 2.00,0,2.00 | 2.36 | 3.21,9.486,0.000,0,1,0,0,0,0,-1,0,1,0,,0,,0,,0,0,0,1
1723521680,3843,8,8,8,8,28.423,1,0,0.11 | 0.11 | 0.11,0,1.25 | 1.69 | 2.00,0,2.00 | 2.36 | 3.21,9.486,0.000,0,1,0,0,0,0,-1,0,1,0,,0,,0,,0,0,0,1
1723521680,3843,8,8,8,8,28.423,1,0,0.11 | 0.11 | 0.11,0,1.25 | 1.69 | 2.00,0,2.00 | 2.36 | 3.21,9.486,0.000,0,1,0,0,0,0,-1,0,1,0,,0,,0,,0,0,0,1
1723521680,3843,8,8,8,8,30.529,1,0,0.11 | 0.11 | 0.11,0,1.25 | 1.64 | 2.00,0,2.00 | 2.44 | 3.21,9.474,0.000,0,1,0,0,0,0,-1,0,1,0,,0,,0,,0,0,0,1
1723521680,3843,8,8,8,8,30.529,1,0,0.11 | 0.11 | 0.11,0,1.25 | 1.64 | 2.00,0,2.00 | 2.44 | 3.21,9.474,0.000,0,1,0,0,0,0,-1,0,1,0,,0,,0,,0,0,0,1
1723521680,3843,8,8,8,8,30.529,1,0,0.11 | 0.11 | 0.11,0,1.25 | 1.64 | 2.00,0,2.00 | 2.44 | 3.21,9.474,0.000,0,1,0,0,0,0,-1,0,1,0,,0,,0,,0,0,0,1
1723521680,3843,8,8,8,8,30.529,1,0,0.11 | 0.11 | 0.11,0,1.25 | 1.64 | 2.00,0,2.00 | 2.44 | 3.21,9.474,0.000,0,1,0,0,0,0,-1,0,1,0,,0,,0,,0,0,0,1
1723521680,3843,8,8,8,8,30.529,1,0,0.11 | 0.11 | 0.11,0,1.25 | 1.64 | 2.00,0,2.00 | 2.44 | 3.21,9.474,0.000,0,1,0,0,0,0,-1,0,1,0,,0,,0,,0,0,0,1
1723521680,3843,8,8,8,8,30.529,1,0,0.11 | 0.11 | 0.11,0,1.25 | 1.64 | 2.00,0,2.00 | 2.44 | 3.21,9.474,0.000,0,1,0,0,0,0,-1,0,1,0,,0,,0,,0,0,0,1
1723521681,3843,8,8,8,8,30.529,1,0,0.11 | 0.11 | 0.11,0,1.25 | 1.64 | 2.00,0,2.00 | 2.44 | 3.21,9.474,0.000,0,1,0,0,0,0,-1,0,1,0,,0,,0,,0,0,0,1
1723521681,3843,8,8,8,8,30.529,1,0,0.11 | 0.11 | 0.11,0,1.25 | 1.64 | 2.00,0,2.00 | 2.44 | 3.21,9.474,0.000,0,1,0,0,0,0,-1,0,1,0,,0,,0,,0,0,0,1
1723521681,3843,8,8,8,8,30.529,1,0,0.11 | 0.11 | 0.11,0,1.25 | 1.64 | 2.00,0,2.00 | 2.44 | 3.21,9.474,0.000,0,1,0,0,0,0,-1,0,1,0,,0,,0,,0,0,0,1
1723521681,3843,8,8,8,8,30.529,1,0,0.11 | 0.11 | 0.11,0,1.25 | 1.64 | 2.00,0,2.00 | 2.44 | 3.21,9.474,0.000,0,1,0,0,0,0,-1,0,1,0,,0,,0,,0,0,0,1
1723521681,3843,8,8,8,8,29.467,1,0,0.11 | 0.11 | 0.11,0,1.25 | 1.64 | 2.00,0,2.00 | 2.44 | 3.21,9.474,0.000,0,1,0,0,0,0,-1,0,1,0,,0,,0,,0,0,0,1
1723521681,3843,8,8,8,8,29.467,1,0,0.11 | 0.11 | 0.11,0,1.25 | 1.64 | 2.00,0,2.00 | 2.44 | 3.21,9.474,0.000,0,1,0,0,0,0,-1,0,1,0,,0,,0,,0,0,0,1
1723521681,3843,8,8,8,8,29.467,1,0,0.11 | 0.11 | 0.11,0,1.25 | 1.64 | 2.00,0,2.00 | 2.44 | 3.21,9.474,0.000,0,1,0,0,0,0,-1,0,1,0,,0,,0,,0,0,0,1
1723521681,3843,8,8,8,8,29.467,1,0,0.11 | 0.11 | 0.11,0,1.25 | 1.64 | 2.00,0,2.00 | 2.44 | 3.21,9.474,0.000,0,1,0,0,0,0,-1,0,1,0,,0,,0,,0,0,0,1
1723521681,3843,8,8,8,8,29.467,1,0,0.11 | 0.11 | 0.11,0,1.25 | 1.64 | 2.00,0,2.00 | 2.44 | 3.21,9.474,0.000,0,1,0,0,0,0,-1,0,1,0,,0,,0,,0,0,0,1
1723521681,3843,8,8,8,8,29.467,1,0,0.11 | 0.11 | 0.11,0,1.25 | 1.64 | 2.00,0,2.00 | 2.44 | 3.21,9.474,0.000,0,1,0,0,0,0,-1,0,1,0,,0,,0,,0,0,0,1
1723521682,3843,8,8,8,8,29.467,1,0,0.11 | 0.11 | 0.11,0,1.25 | 1.64 | 2.00,0,2.00 | 2.44 | 3.21,9.474,0.000,0,1,0,0,0,0,-1,0,1,0,,0,,0,,0,0,0,1
1723521682,3843,8,8,8,8,29.467,1,0,0.11 | 0.11 | 0.11,0,1.25 | 1.64 | 2.00,0,2.00 | 2.44 | 3.21,9.474,0.000,0,1,0,0,0,0,-1,0,1,0,,0,,0,,0,0,0,1
1723521682,3843,8,8,8,8,29.467,1,0,0.11 | 0.11 | 0.11,0,1.25 | 1.64 | 2.00,0,2.00 | 2.44 | 3.21,9.474,0.000,0,1,0,0,0,0,-1,0,1,0,,0,,0,,0,0,0,1
1723521682,3843,8,8,8,8,29.467,1,0,0.11 | 0.11 | 0.11,0,1.25 | 1.64 | 2.00,0,2.00 | 2.44 | 3.21,9.474,0.000,0,1,0,0,0,0,-1,0,1,0,,0,,0,,0,0,0,1
1723521682,3843,8,8,8,8,28.404,1,0,0.11 | 0.11 | 0.11,0,1.25 | 1.64 | 2.00,0,2.00 | 2.44 | 3.21,9.474,0.000,0,1,0,0,0,0,-1,0,1,0,,0,,0,,0,0,0,1
1723521682,3843,8,8,8,8,28.404,1,0,0.11 | 0.11 | 0.11,0,1.25 | 1.64 | 2.00,0,2.00 | 2.44 | 3.21,9.474,0.000,0,1,0,0,0,0,-1,0,1,0,,0,,0,,0,0,0,1
1723521682,3843,8,8,8,8,28.404,1,0,0.11 | 0.11 | 0.11,0,1.25 | 1.64 | 2.00,0,2.00 | 2.44 | 3.21,9.474,0.000,0,1,0,0,0,0,-1,0,1,0,,0,,0,,0,0,0,1
1723521682,3843,8,8,8,8,28.404,1,0,0.11 | 0.11 | 0.11,0,1.25 | 1.64 | 2.00,0,2.00 | 2.44 | 3.21,9.474,0.000,0,1,0,0,0,0,-1,0,1,0,,0,,0,,0,0,0,1
1723521682,3843,8,8,8,8,28.404,1,0,0.11 | 0.11 | 0.11,0,1.25 | 1.64 | 2.00,0,2.00 | 2.44 | 3.21,9.474,0.000,0,1,0,0,0,0,-1,0,1,0,,0,,0,,0,0,0,1
1723521682,3843,8,8,8,8,28.404,1,0,0.11 | 0.11 | 0.11,0,1.25 | 1.64 | 2.00,0,2.00 | 2.44 | 3.21,9.474,0.000,0,1,0,0,0,0,-1,0,1,0,,0,,0,,0,0,0,1
1723521683,3843,8,8,8,8,28.404,1,0,0.11 | 0.11 | 0.11,0,1.25 | 1.64 | 2.00,0,2.00 | 2.44 | 3.21,9.474,0.000,0,1,0,0,0,0,-1,0,1,0,,0,,0,,0,0,0,1
1723521683,3843,8,8,8,8,28.404,1,0,0.11 | 0.11 | 0.11,0,1.25 | 1.64 | 2.00,0,2.00 | 2.44 | 3.21,9.474,0.000,0,1,0,0,0,0,-1,0,1,0,,0,,0,,0,0,0,1
1723521683,3843,8,8,8,8,28.404,1,0,0.11 | 0.11 | 0.11,0,1.25 | 1.64 | 2.00,0,2.00 | 2.44 | 3.21,9.474,0.000,0,1,0,0,0,0,-1,0,1,0,,0,,0,,0,0,0,1
1723521683,3843,8,8,8,8,28.404,1,0,0.11 | 0.11 | 0.11,0,1.25 | 1.64 | 2.00,0,2.00 | 2.44 | 3.21,9.474,0.000,0,1,0,0,0,0,-1,0,1,0,,0,,0,,0,0,0,1
1723521683,3843,8,8,8,8,32.407,1,0,0.11 | 0.11 | 0.11,0,1.25 | 1.55 | 1.99,0,2.01 | 2.59 | 3.21,9.473,0.000,0,1,0,0,0,0,-1,0,1,0,,0,,0,,0,0,0,1
1723521683,3843,8,8,8,8,32.407,1,0,0.11 | 0.11 | 0.11,0,1.25 | 1.55 | 1.99,0,2.01 | 2.59 | 3.21,9.473,0.000,0,1,0,0,0,0,-1,0,1,0,,0,,0,,0,0,0,1
1723521683,3843,8,8,8,8,32.407,1,0,0.11 | 0.11 | 0.11,0,1.25 | 1.55 | 1.99,0,2.01 | 2.59 | 3.21,9.473,0.000,0,1,0,0,0,0,-1,0,1,0,,0,,0,,0,0,0,1
1723521683,3843,8,8,8,8,32.407,1,0,0.11 | 0.11 | 0.11,0,1.25 | 1.55 | 1.99,0,2.01 | 2.59 | 3.21,9.473,0.000,0,1,0,0,0,0,-1,0,1,0,,0,,0,,0,0,0,1
1723521683,3843,8,8,8,8,32.407,1,0,0.11 | 0.11 | 0.11,0,1.25 | 1.55 | 1.99,0,2.01 | 2.59 | 3.21,9.473,0.000,0,1,0,0,0,0,-1,0,1,0,,0,,0,,0,0,0,1
1723521683,3843,8,8,8,8,32.407,1,0,0.11 | 0.11 | 0.11,0,1.25 | 1.55 | 1.99,0,2.01 | 2.59 | 3.21,9.473,0.000,0,1,0,0,0,0,-1,0,1,0,,0,,0,,0,0,0,1
1723521684,3843,8,8,8,8,32.407,1,0,0.11 | 0.11 | 0.11,0,1.25 | 1.55 | 1.99,0,2.01 | 2.59 | 3.21,9.473,0.000,0,1,0,0,0,0,-1,0,1,0,,0,,0,,0,0,0,1
1723521684,3843,8,8,8,8,32.407,1,0,0.11 | 0.11 | 0.11,0,1.25 | 1.55 | 1.99,0,2.01 | 2.59 | 3.21,9.473,0.000,0,1,0,0,0,0,-1,0,1,0,,0,,0,,0,0,0,1
1723521684,3843,8,8,8,8,32.407,1,0,0.11 | 0.11 | 0.11,0,1.25 | 1.55 | 1.99,0,2.01 | 2.59 | 3.21,9.473,0.000,0,1,0,0,0,0,-1,0,1,0,,0,,0,,0,0,0,1
1723521684,3843,8,8,8,8,32.407,1,0,0.11 | 0.11 | 0.11,0,1.25 | 1.55 | 1.99,0,2.01 | 2.59 | 3.21,9.473,0.000,0,1,0,0,0,0,-1,0,1,0,,0,,0,,0,0,0,1
1723521684,3843,8,8,8,8,31.345,1,0,0.11 | 0.11 | 0.11,0,1.25 | 1.55 | 1.99,0,2.01 | 2.59 | 3.21,9.473,0.000,0,1,0,0,0,0,-1,0,1,0,,0,,0,,0,0,0,1
1723521684,3843,8,8,8,8,31.345,1,0,0.11 | 0.11 | 0.11,0,1.25 | 1.55 | 1.99,0,2.01 | 2.59 | 3.21,9.473,0.000,0,1,0,0,0,0,-1,0,1,0,,0,,0,,0,0,0,1
1723521684,3843,8,8,8,8,31.345,1,0,0.11 | 0.11 | 0.11,0,1.25 | 1.55 | 1.99,0,2.01 | 2.59 | 3.21,9.473,0.000,0,1,0,0,0,0,-1,0,1,0,,0,,0,,0,0,0,1
1723521684,3843,8,8,8,8,31.345,1,0,0.11 | 0.11 | 0.11,0,1.25 | 1.55 | 1.99,0,2.01 | 2.59 | 3.21,9.473,0.000,0,1,0,0,0,0,-1,0,1,0,,0,,0,,0,0,0,1
1723521684,3843,8,8,8,8,31.345,1,0,0.11 | 0.11 | 0.11,0,1.25 | 1.55 | 1.99,0,2.01 | 2.59 | 3.21,9.473,0.000,0,1,0,0,0,0,-1,0,1,0,,0,,0,,0,0,0,1
1723521684,3843,8,8,8,8,31.345,1,0,0.11 | 0.11 | 0.11,0,1.25 | 1.55 | 1.99,0,2.01 | 2.59 | 3.21,9.473,0.000,0,1,0,0,0,0,-1,0,1,0,,0,,0,,0,0,0,1
1723521685,3843,8,8,8,8,31.345,1,0,0.11 | 0.11 | 0.11,0,1.25 | 1.55 | 1.99,0,2.01 | 2.59 | 3.21,9.473,0.000,0,1,0,0,0,0,-1,0,1,0,,0,,0,,0,0,0,1
1723521685,3843,8,8,8,8,31.345,1,0,0.11 | 0.11 | 0.11,0,1.25 | 1.55 | 1.99,0,2.01 | 2.59 | 3.21,9.473,0.000,0,1,0,0,0,0,-1,0,1,0,,0,,0,,0,0,0,1
1723521685,3843,8,8,8,8,31.345,1,0,0.11 | 0.11 | 0.11,0,1.25 | 1.55 | 1.99,0,2.01 | 2.59 | 3.21,9.473,0.000,0,1,0,0,0,0,-1,0,1,0,,0,,0,,0,0,0,1
1723521685,3843,8,8,8,8,31.345,1,0,0.11 | 0.11 | 0.11,0,1.25 | 1.55 | 1.99,0,2.01 | 2.59 | 3.21,9.473,0.000,0,1,0,0,0,0,-1,0,1,0,,0,,0,,0,0,0,1
1723521685,3843,8,8,8,8,30.283,1,0,0.11 | 0.11 | 0.11,0,1.25 | 1.55 | 1.99,0,2.01 | 2.59 | 3.21,9.473,0.000,0,1,0,0,0,0,-1,0,1,0,,0,,0,,0,0,0,1
1723521685,3843,8,8,8,8,30.283,1,0,0.11 | 0.11 | 0.11,0,1.25 | 1.55 | 1.99,0,2.01 | 2.59 | 3.21,9.473,0.000,0,1,0,0,0,0,-1,0,1,0,,0,,0,,0,0,0,1
1723521685,3843,8,8,8,8,30.283,1,0,0.11 | 0.11 | 0.11,0,1.25 | 1.55 | 1.99,0,2.01 | 2.59 | 3.21,9.473,0.000,0,1,0,0,0,0,-1,0,1,0,,0,,0,,0,0,0,1
1723521685,3843,8,8,8,8,30.283,1,0,0.11 | 0.11 | 0.11,0,1.25 | 1.55 | 1.99,0,2.01 | 2.59 | 3.21,9.473,0.000,0,1,0,0,0,0,-1,0,1,0,,0,,0,,0,0,0,1
1723521685,3843,8,8,8,8,30.283,1,0,0.11 | 0.11 | 0.11,0,1.25 | 1.55 | 1.99,0,2.01 | 2.59 | 3.21,9.473,0.000,0,1,0,0,0,0,-1,0,1,0,,0,,0,,0,0,0,1
1723521685,3843,8,8,8,8,30.283,1,0,0.11 | 0.11 | 0.11,0,1.25 | 1.55 | 1.99,0,2.01 | 2.59 | 3.21,9.473,0.000,0,1,0,0,0,0,-1,0,1,0,,0,,0,,0,0,0,1
1723521686,3843,8,8,8,8,30.283,1,0,0.11 | 0.11 | 0.11,0,1.25 | 1.55 | 1.99,0,2.01 | 2.59 | 3.21,9.473,0.000,0,1,0,0,0,0,-1,0,1,0,,0,,0,,0,0,0,1
1723521686,3843,8,8,8,8,30.283,1,0,0.11 | 0.11 | 0.11,0,1.25 | 1.55 | 1.99,0,2.01 | 2.59 | 3.21,9.473,0.000,0,1,0,0,0,0,-1,0,1,0,,0,,0,,0,0,0,1
1723521686,3843,8,8,8,8,30.283,1,0,0.11 | 0.11 | 0.11,0,1.25 | 1.55 | 1.99,0,2.01 | 2.59 | 3.21,9.473,0.000,0,1,0,0,0,0,-1,0,1,0,,0,,0,,0,0,0,1
1723521686,3843,8,8,8,8,30.283,1,0,0.11 | 0.11 | 0.11,0,1.25 | 1.55 | 1.99,0,2.01 | 2.59 | 3.21,9.473,0.000,0,1,0,0,0,0,-1,0,1,0,,0,,0,,0,0,0,1
1723521686,3843,8,8,8,8,29.22,1,0,0.11 | 0.11 | 0.11,0,1.25 | 1.55 | 1.99,0,2.01 | 2.59 | 3.21,9.473,0.000,0,1,0,0,0,0,-1,0,1,0,,0,,0,,0,0,0,1
1723521686,3843,8,8,8,8,29.22,1,0,0.11 | 0.11 | 0.11,0,1.25 | 1.55 | 1.99,0,2.01 | 2.59 | 3.21,9.473,0.000,0,1,0,0,0,0,-1,0,1,0,,0,,0,,0,0,0,1
1723521686,3843,8,8,8,8,29.22,1,0,0.11 | 0.11 | 0.11,0,1.25 | 1.55 | 1.99,0,2.01 | 2.59 | 3.21,9.473,0.000,0,1,0,0,0,0,-1,0,1,0,,0,,0,,0,0,0,1
1723521686,3843,8,8,8,8,29.22,1,0,0.11 | 0.11 | 0.11,0,1.25 | 1.55 | 1.99,0,2.01 | 2.59 | 3.21,9.473,0.000,0,1,0,0,0,0,-1,0,1,0,,0,,0,,0,0,0,1
1723521686,3843,8,8,8,8,29.22,1,0,0.11 | 0.11 | 0.11,0,1.25 | 1.55 | 1.99,0,2.01 | 2.59 | 3.21,9.473,0.000,0,1,0,0,0,0,-1,0,1,0,,0,,0,,0,0,0,1
1723521686,3843,8,8,8,8,29.22,1,0,0.11 | 0.11 | 0.11,0,1.25 | 1.55 | 1.99,0,2.01 | 2.59 | 3.21,9.473,0.000,0,1,0,0,0,0,-1,0,1,0,,0,,0,,0,0,0,1
1723521687,3843,8,8,8,8,29.22,1,0,0.11 | 0.11 | 0.11,0,1.25 | 1.55 | 1.99,0,2.01 | 2.59 | 3.21,9.473,0.000,0,1,0,0,0,0,-1,0,1,0,,0,,0,,0,0,0,1
1723521687,3843,8,8,8,8,29.22,1,0,0.11 | 0.11 | 0.11,0,1.25 | 1.55 | 1.99,0,2.01 | 2.59 | 3.21,9.473,0.000,0,1,0,0,0,0,-1,0,1,0,,0,,0,,0,0,0,1
1723521687,3843,8,8,8,8,29.22,1,0,0.11 | 0.11 | 0.11,0,1.25 | 1.55 | 1.99,0,2.01 | 2.59 | 3.21,9.473,0.000,0,1,0,0,0,0,-1,0,1,0,,0,,0,,0,0,0,1
1723521687,3843,8,8,8,8,29.22,1,0,0.11 | 0.11 | 0.11,0,1.25 | 1.55 | 1.99,0,2.01 | 2.59 | 3.21,9.473,0.000,0,1,0,0,0,0,-1,0,1,0,,0,,0,,0,0,0,1
1723521687,3843,8,8,8,8,28.423,1,0,0.11 | 0.11 | 0.11,0,1.25 | 1.55 | 1.99,0,2.01 | 2.59 | 3.21,9.473,0.000,0,1,0,0,0,0,-1,0,1,0,,0,,0,,0,0,0,1
1723521687,3843,8,8,8,8,28.423,1,0,0.11 | 0.11 | 0.11,0,1.25 | 1.55 | 1.99,0,2.01 | 2.59 | 3.21,9.473,0.000,0,1,0,0,0,0,-1,0,1,0,,0,,0,,0,0,0,1
1723521687,3843,8,8,8,8,28.423,1,0,0.11 | 0.11 | 0.11,0,1.25 | 1.55 | 1.99,0,2.01 | 2.59 | 3.21,9.473,0.000,0,1,0,0,0,0,-1,0,1,0,,0,,0,,0,0,0,1
1723521687,3843,8,8,8,8,28.423,1,0,0.11 | 0.11 | 0.11,0,1.25 | 1.55 | 1.99,0,2.01 | 2.59 | 3.21,9.473,0.000,0,1,0,0,0,0,-1,0,1,0,,0,,0,,0,0,0,1
1723521687,3843,8,8,8,8,28.423,1,0,0.11 | 0.11 | 0.11,0,1.25 | 1.55 | 1.99,0,2.01 | 2.59 | 3.21,9.473,0.000,0,1,0,0,0,0,-1,0,1,0,,0,,0,,0,0,0,1
1723521687,3843,8,8,8,8,28.423,1,0,0.11 | 0.11 | 0.11,0,1.25 | 1.55 | 1.99,0,2.01 | 2.59 | 3.21,9.473,0.000,0,1,0,0,0,0,-1,0,1,0,,0,,0,,0,0,0,1
1723521688,3843,8,8,8,8,28.423,1,0,0.11 | 0.11 | 0.11,0,1.25 | 1.55 | 1.99,0,2.01 | 2.59 | 3.21,9.473,0.000,0,1,0,0,0,0,-1,0,1,0,,0,,0,,0,0,0,1
1723521688,3843,8,8,8,8,28.423,1,0,0.11 | 0.11 | 0.11,0,1.25 | 1.55 | 1.99,0,2.01 | 2.59 | 3.21,9.473,0.000,0,1,0,0,0,0,-1,0,1,0,,0,,0,,0,0,0,1
1723521688,3843,8,8,8,8,28.423,1,0,0.11 | 0.11 | 0.11,0,1.25 | 1.55 | 1.99,0,2.01 | 2.59 | 3.21,9.473,0.000,0,1,0,0,0,0,-1,0,1,0,,0,,0,,0,0,0,1
1723521688,3843,8,8,8,8,28.423,1,0,0.11 | 0.11 | 0.11,0,1.25 | 1.55 | 1.99,0,2.01 | 2.59 | 3.21,9.473,0.000,0,1,0,0,0,0,-1,0,1,0,,0,,0,,0,0,0,1
1723521688,3843,8,8,8,8,30.561,1,0,0.11 | 0.11 | 0.11,0,1.30 | 1.56 | 1.99,0,2.01 | 2.56 | 3.07,9.486,0.000,0,1,0,0,0,0,-1,0,1,0,,0,,0,,0,0,0,1
1723521688,3843,8,8,8,8,30.561,1,0,0.11 | 0.11 | 0.11,0,1.30 | 1.56 | 1.99,0,2.01 | 2.56 | 3.07,9.486,0.000,0,1,0,0,0,0,-1,0,1,0,,0,,0,,0,0,0,1
1723521688,3843,8,8,8,8,30.561,1,0,0.11 | 0.11 | 0.11,0,1.30 | 1.56 | 1.99,0,2.01 | 2.56 | 3.07,9.486,0.000,0,1,0,0,0,0,-1,0,1,0,,0,,0,,0,0,0,1
1723521688,3843,8,8,8,8,30.561,1,0,0.11 | 0.11 | 0.11,0,1.30 | 1.56 | 1.99,0,2.01 | 2.56 | 3.07,9.486,0.000,0,1,0,0,0,0,-1,0,1,0,,0,,0,,0,0,0,1
1723521688,3843,8,8,8,8,30.561,1,0,0.11 | 0.11 | 0.11,0,1.30 | 1.56 | 1.99,0,2.01 | 2.56 | 3.07,9.486,0.000,0,1,0,0,0,0,-1,0,1,0,,0,,0,,0,0,0,1
1723521688,3843,8,8,8,8,30.561,1,0,0.11 | 0.11 | 0.11,0,1.30 | 1.56 | 1.99,0,2.01 | 2.56 | 3.07,9.486,0.000,0,1,0,0,0,0,-1,0,1,0,,0,,0,,0,0,0,1
1723521689,3843,8,8,8,8,30.561,1,0,0.11 | 0.11 | 0.11,0,1.30 | 1.56 | 1.99,0,2.01 | 2.56 | 3.07,9.486,0.000,0,1,0,0,0,0,-1,0,1,0,,0,,0,,0,0,0,1
1723521689,3843,8,8,8,8,30.561,1,0,0.11 | 0.11 | 0.11,0,1.30 | 1.56 | 1.99,0,2.01 | 2.56 | 3.07,9.486,0.000,0,1,0,0,0,0,-1,0,1,0,,0,,0,,0,0,0,1
1723521689,3843,8,8,8,8,30.561,1,0,0.11 | 0.11 | 0.11,0,1.30 | 1.56 | 1.99,0,2.01 | 2.56 | 3.07,9.486,0.000,0,1,0,0,0,0,-1,0,1,0,,0,,0,,0,0,0,1
1723521689,3843,8,8,8,8,30.561,1,0,0.11 | 0.11 | 0.11,0,1.30 | 1.56 | 1.99,0,2.01 | 2.56 | 3.07,9.486,0.000,0,1,0,0,0,0,-1,0,1,0,,0,,0,,0,0,0,1
1723521689,3843,8,8,8,8,29.498,1,0,0.11 | 0.11 | 0.11,0,1.30 | 1.56 | 1.99,0,2.01 | 2.56 | 3.07,9.486,0.000,0,1,0,0,0,0,-1,0,1,0,,0,,0,,0,0,0,1
1723521689,3843,8,8,8,8,29.498,1,0,0.11 | 0.11 | 0.11,0,1.30 | 1.56 | 1.99,0,2.01 | 2.56 | 3.07,9.486,0.000,0,1,0,0,0,0,-1,0,1,0,,0,,0,,0,0,0,1
1723521689,3843,8,8,8,8,29.498,1,0,0.11 | 0.11 | 0.11,0,1.30 | 1.56 | 1.99,0,2.01 | 2.56 | 3.07,9.486,0.000,0,1,0,0,0,0,-1,0,1,0,,0,,0,,0,0,0,1
1723521689,3843,8,8,8,8,29.498,1,0,0.11 | 0.11 | 0.11,0,1.30 | 1.56 | 1.99,0,2.01 | 2.56 | 3.07,9.486,0.000,0,1,0,0,0,0,-1,0,1,0,,0,,0,,0,0,0,1
1723521689,3843,8,8,8,8,29.498,1,0,0.11 | 0.11 | 0.11,0,1.30 | 1.56 | 1.99,0,2.01 | 2.56 | 3.07,9.486,0.000,0,1,0,0,0,0,-1,0,1,0,,0,,0,,0,0,0,1
1723521689,3843,8,8,8,8,29.498,1,0,0.11 | 0.11 | 0.11,0,1.30 | 1.56 | 1.99,0,2.01 | 2.56 | 3.07,9.486,0.000,0,1,0,0,0,0,-1,0,1,0,,0,,0,,0,0,0,1
1723521690,3843,8,8,8,8,29.498,1,0,0.11 | 0.11 | 0.11,0,1.30 | 1.56 | 1.99,0,2.01 | 2.56 | 3.07,9.486,0.000,0,1,0,0,0,0,-1,0,1,0,,0,,0,,0,0,0,1
1723521690,3843,8,8,8,8,29.498,1,0,0.11 | 0.11 | 0.11,0,1.30 | 1.56 | 1.99,0,2.01 | 2.56 | 3.07,9.486,0.000,0,1,0,0,0,0,-1,0,1,0,,0,,0,,0,0,0,1
1723521690,3843,8,8,8,8,29.498,1,0,0.11 | 0.11 | 0.11,0,1.30 | 1.56 | 1.99,0,2.01 | 2.56 | 3.07,9.486,0.000,0,1,0,0,0,0,-1,0,1,0,,0,,0,,0,0,0,1
1723521690,3843,8,8,8,8,29.498,1,0,0.11 | 0.11 | 0.11,0,1.30 | 1.56 | 1.99,0,2.01 | 2.56 | 3.07,9.486,0.000,0,1,0,0,0,0,-1,0,1,0,,0,,0,,0,0,0,1
1723521690,3843,8,8,8,8,28.388,1,0,0.11 | 0.11 | 0.11,0,1.30 | 1.56 | 1.99,0,2.01 | 2.56 | 3.07,9.486,0.000,0,1,0,0,0,0,-1,0,1,0,,0,,0,,0,0,0,1
1723521690,3843,8,8,8,8,28.388,1,0,0.11 | 0.11 | 0.11,0,1.30 | 1.56 | 1.99,0,2.01 | 2.56 | 3.07,9.486,0.000,0,1,0,0,0,0,-1,0,1,0,,0,,0,,0,0,0,1
1723521690,3843,8,8,8,8,28.388,1,0,0.11 | 0.11 | 0.11,0,1.30 | 1.56 | 1.99,0,2.01 | 2.56 | 3.07,9.486,0.000,0,1,0,0,0,0,-1,0,1,0,,0,,0,,0,0,0,1
1723521690,3843,8,8,8,8,28.388,1,0,0.11 | 0.11 | 0.11,0,1.30 | 1.56 | 1.99,0,2.01 | 2.56 | 3.07,9.486,0.000,0,1,0,0,0,0,-1,0,1,0,,0,,0,,0,0,0,1
1723521690,3843,8,8,8,8,28.388,1,0,0.11 | 0.11 | 0.11,0,1.30 | 1.56 | 1.99,0,2.01 | 2.56 | 3.07,9.486,0.000,0,1,0,0,0,0,-1,0,1,0,,0,,0,,0,0,0,1
1723521690,3843,8,8,8,8,28.388,1,0,0.11 | 0.11 | 0.11,0,1.30 | 1.56 | 1.99,0,2.01 | 2.56 | 3.07,9.486,0.000,0,1,0,0,0,0,-1,0,1,0,,0,,0,,0,0,0,1
1723521691,3843,8,8,8,8,28.388,1,0,0.11 | 0.11 | 0.11,0,1.30 | 1.56 | 1.99,0,2.01 | 2.56 | 3.07,9.486,0.000,0,1,0,0,0,0,-1,0,1,0,,0,,0,,0,0,0,1
1723521691,3843,8,8,8,8,28.388,1,0,0.11 | 0.11 | 0.11,0,1.30 | 1.56 | 1.99,0,2.01 | 2.56 | 3.07,9.486,0.000,0,1,0,0,0,0,-1,0,1,0,,0,,0,,0,0,0,1
1723521691,3843,8,8,8,8,28.388,1,0,0.11 | 0.11 | 0.11,0,1.30 | 1.56 | 1.99,0,2.01 | 2.56 | 3.07,9.486,0.000,0,1,0,0,0,0,-1,0,1,0,,0,,0,,0,0,0,1
1723521691,3843,8,8,8,8,28.388,1,0,0.11 | 0.11 | 0.11,0,1.30 | 1.56 | 1.99,0,2.01 | 2.56 | 3.07,9.486,0.000,0,1,0,0,0,0,-1,0,1,0,,0,,0,,0,0,0,1
1723521691,3843,8,8,8,8,27.639,1,0,0.11 | 0.11 | 0.11,0,1.30 | 1.56 | 1.99,0,2.01 | 2.56 | 3.07,9.486,0.000,0,1,0,0,0,0,-1,0,1,0,,0,,0,,0,0,0,1
1723521691,3843,8,8,8,8,27.639,1,0,0.11 | 0.11 | 0.11,0,1.30 | 1.56 | 1.99,0,2.01 | 2.56 | 3.07,9.486,0.000,0,1,0,0,0,0,-1,0,1,0,,0,,0,,0,0,0,1
1723521691,3843,8,8,8,8,27.639,1,0,0.11 | 0.11 | 0.11,0,1.30 | 1.56 | 1.99,0,2.01 | 2.56 | 3.07,9.486,0.000,0,1,0,0,0,0,-1,0,1,0,,0,,0,,0,0,0,1
1723521691,3843,8,8,8,8,27.639,1,0,0.11 | 0.11 | 0.11,0,1.30 | 1.56 | 1.99,0,2.01 | 2.56 | 3.07,9.486,0.000,0,1,0,0,0,0,-1,0,1,0,,0,,0,,0,0,0,1
1723521691,3843,8,8,8,8,27.639,1,0,0.11 | 0.11 | 0.11,0,1.30 | 1.56 | 1.99,0,2.01 | 2.56 | 3.07,9.486,0.000,0,1,0,0,0,0,-1,0,1,0,,0,,0,,0,0,0,1
1723521691,3843,8,8,8,8,27.639,1,0,0.11 | 0.11 | 0.11,0,1.30 | 1.56 | 1.99,0,2.01 | 2.56 | 3.07,9.486,0.000,0,1,0,0,0,0,-1,0,1,0,,0,,0,,0,0,0,1
1723521692,3843,8,8,8,8,27.639,1,0,0.11 | 0.11 | 0.11,0,1.30 | 1.56 | 1.99,0,2.01 | 2.56 | 3.07,9.486,0.000,0,1,0,0,0,0,-1,0,1,0,,0,,0,,0,0,0,1
1723521692,3843,8,8,8,8,27.639,1,0,0.11 | 0.11 | 0.11,0,1.30 | 1.56 | 1.99,0,2.01 | 2.56 | 3.07,9.486,0.000,0,1,0,0,0,0,-1,0,1,0,,0,,0,,0,0,0,1
1723521692,3843,8,8,8,8,27.639,1,0,0.11 | 0.11 | 0.11,0,1.30 | 1.56 | 1.99,0,2.01 | 2.56 | 3.07,9.486,0.000,0,1,0,0,0,0,-1,0,1,0,,0,,0,,0,0,0,1
1723521692,3843,8,8,8,8,27.639,1,0,0.11 | 0.11 | 0.11,0,1.30 | 1.56 | 1.99,0,2.01 | 2.56 | 3.07,9.486,0.000,0,1,0,0,0,0,-1,0,1,0,,0,,0,,0,0,0,1
1723521692,3843,8,8,8,8,31.313,1,0,0.11 | 0.11 | 0.11,0,1.30 | 1.65 | 2.36,0,1.69 | 2.42 | 3.07,9.485,0.000,0,1,0,0,0,0,-1,0,1,0,,0,,0,,0,0,0,1
1723521692,3843,8,8,8,8,31.313,1,0,0.11 | 0.11 | 0.11,0,1.30 | 1.65 | 2.36,0,1.69 | 2.42 | 3.07,9.485,0.000,0,1,0,0,0,0,-1,0,1,0,,0,,0,,0,0,0,1
1723521692,3843,8,8,8,8,31.313,1,0,0.11 | 0.11 | 0.11,0,1.30 | 1.65 | 2.36,0,1.69 | 2.42 | 3.07,9.485,0.000,0,1,0,0,0,0,-1,0,1,0,,0,,0,,0,0,0,1
1723521692,3843,8,8,8,8,31.313,1,0,0.11 | 0.11 | 0.11,0,1.30 | 1.65 | 2.36,0,1.69 | 2.42 | 3.07,9.485,0.000,0,1,0,0,0,0,-1,0,1,0,,0,,0,,0,0,0,1
1723521692,3843,8,8,8,8,31.313,1,0,0.11 | 0.11 | 0.11,0,1.30 | 1.65 | 2.36,0,1.69 | 2.42 | 3.07,9.485,0.000,0,1,0,0,0,0,-1,0,1,0,,0,,0,,0,0,0,1
1723521692,3843,8,8,8,8,31.313,1,0,0.11 | 0.11 | 0.11,0,1.30 | 1.65 | 2.36,0,1.69 | 2.42 | 3.07,9.485,0.000,0,1,0,0,0,0,-1,0,1,0,,0,,0,,0,0,0,1
1723521693,3843,8,8,8,8,31.313,1,0,0.11 | 0.11 | 0.11,0,1.30 | 1.65 | 2.36,0,1.69 | 2.42 | 3.07,9.485,0.000,0,1,0,0,0,0,-1,0,1,0,,0,,0,,0,0,0,1
1723521693,3843,8,8,8,8,31.313,1,0,0.11 | 0.11 | 0.11,0,1.30 | 1.65 | 2.36,0,1.69 | 2.42 | 3.07,9.485,0.000,0,1,0,0,0,0,-1,0,1,0,,0,,0,,0,0,0,1
1723521693,3843,8,8,8,8,31.313,1,0,0.11 | 0.11 | 0.11,0,1.30 | 1.65 | 2.36,0,1.69 | 2.42 | 3.07,9.485,0.000,0,1,0,0,0,0,-1,0,1,0,,0,,0,,0,0,0,1
1723521693,3843,8,8,8,8,31.313,1,0,0.11 | 0.11 | 0.11,0,1.30 | 1.65 | 2.36,0,1.69 | 2.42 | 3.07,9.485,0.000,0,1,0,0,0,0,-1,0,1,0,,0,,0,,0,0,0,1
1723521693,3843,8,8,8,8,30.251,1,0,0.11 | 0.11 | 0.11,0,1.30 | 1.65 | 2.36,0,1.69 | 2.42 | 3.07,9.485,0.000,0,1,0,0,0,0,-1,0,1,0,,0,,0,,0,0,0,1
1723521693,3843,8,8,8,8,30.251,1,0,0.11 | 0.11 | 0.11,0,1.30 | 1.65 | 2.36,0,1.69 | 2.42 | 3.07,9.485,0.000,0,1,0,0,0,0,-1,0,1,0,,0,,0,,0,0,0,1
1723521693,3843,8,8,8,8,30.251,1,0,0.11 | 0.11 | 0.11,0,1.30 | 1.65 | 2.36,0,1.69 | 2.42 | 3.07,9.485,0.000,0,1,0,0,0,0,-1,0,1,0,,0,,0,,0,0,0,1
1723521693,3843,8,8,8,8,30.251,1,0,0.11 | 0.11 | 0.11,0,1.30 | 1.65 | 2.36,0,1.69 | 2.42 | 3.07,9.485,0.000,0,1,0,0,0,0,-1,0,1,0,,0,,0,,0,0,0,1
1723521693,3843,8,8,8,8,30.251,1,0,0.11 | 0.11 | 0.11,0,1.30 | 1.65 | 2.36,0,1.69 | 2.42 | 3.07,9.485,0.000,0,1,0,0,0,0,-1,0,1,0,,0,,0,,0,0,0,1
1723521693,3843,8,8,8,8,30.251,1,0,0.11 | 0.11 | 0.11,0,1.30 | 1.65 | 2.36,0,1.69 | 2.42 | 3.07,9.485,0.000,0,1,0,0,0,0,-1,0,1,0,,0,,0,,0,0,0,1
1723521694,3843,8,8,8,8,30.251,1,0,0.11 | 0.11 | 0.11,0,1.30 | 1.65 | 2.36,0,1.69 | 2.42 | 3.07,9.485,0.000,0,1,0,0,0,0,-1,0,1,0,,0,,0,,0,0,0,1
1723521694,3843,8,8,8,8,30.251,1,0,0.11 | 0.11 | 0.11,0,1.30 | 1.65 | 2.36,0,1.69 | 2.42 | 3.07,9.485,0.000,0,1,0,0,0,0,-1,0,1,0,,0,,0,,0,0,0,1
1723521694,3843,8,8,8,8,30.251,1,0,0.11 | 0.11 | 0.11,0,1.30 | 1.65 | 2.36,0,1.69 | 2.42 | 3.07,9.485,0.000,0,1,0,0,0,0,-1,0,1,0,,0,,0,,0,0,0,1
1723521694,3843,8,8,8,8,30.251,1,0,0.11 | 0.11 | 0.11,0,1.30 | 1.65 | 2.36,0,1.69 | 2.42 | 3.07,9.485,0.000,0,1,0,0,0,0,-1,0,1,0,,0,,0,,0,0,0,1
1723521694,3843,8,8,8,8,29.454,1,0,0.11 | 0.11 | 0.11,0,1.30 | 1.65 | 2.36,0,1.69 | 2.42 | 3.07,9.485,0.000,0,1,0,0,0,0,-1,0,1,0,,0,,0,,0,0,0,1
1723521694,3843,8,8,8,8,29.454,1,0,0.11 | 0.11 | 0.11,0,1.30 | 1.65 | 2.36,0,1.69 | 2.42 | 3.07,9.485,0.000,0,1,0,0,0,0,-1,0,1,0,,0,,0,,0,0,0,1
1723521694,3843,8,8,8,8,29.454,1,0,0.11 | 0.11 | 0.11,0,1.30 | 1.65 | 2.36,0,1.69 | 2.42 | 3.07,9.485,0.000,0,1,0,0,0,0,-1,0,1,0,,0,,0,,0,0,0,1
1723521694,3843,8,8,8,8,29.454,1,0,0.11 | 0.11 | 0.11,0,1.30 | 1.65 | 2.36,0,1.69 | 2.42 | 3.07,9.485,0.000,0,1,0,0,0,0,-1,0,1,0,,0,,0,,0,0,0,1
1723521694,3843,8,8,8,8,29.454,1,0,0.11 | 0.11 | 0.11,0,1.30 | 1.65 | 2.36,0,1.69 | 2.42 | 3.07,9.485,0.000,0,1,0,0,0,0,-1,0,1,0,,0,,0,,0,0,0,1
1723521694,3843,8,8,8,8,29.454,1,0,0.11 | 0.11 | 0.11,0,1.30 | 1.65 | 2.36,0,1.69 | 2.42 | 3.07,9.485,0.000,0,1,0,0,0,0,-1,0,1,0,,0,,0,,0,0,0,1
1723521695,3843,8,8,8,8,29.454,1,0,0.11 | 0.11 | 0.11,0,1.30 | 1.65 | 2.36,0,1.69 | 2.42 | 3.07,9.485,0.000,0,1,0,0,0,0,-1,0,1,0,,0,,0,,0,0,0,1
1723521695,3843,8,8,8,8,29.454,1,0,0.11 | 0.11 | 0.11,0,1.30 | 1.65 | 2.36,0,1.69 | 2.42 | 3.07,9.485,0.000,0,1,0,0,0,0,-1,0,1,0,,0,,0,,0,0,0,1
1723521695,3843,8,8,8,8,29.454,1,0,0.11 | 0.11 | 0.11,0,1.30 | 1.65 | 2.36,0,1.69 | 2.42 | 3.07,9.485,0.000,0,1,0,0,0,0,-1,0,1,0,,0,,0,,0,0,0,1
1723521695,3843,8,8,8,8,29.454,1,0,0.11 | 0.11 | 0.11,0,1.30 | 1.65 | 2.36,0,1.69 | 2.42 | 3.07,9.485,0.000,0,1,0,0,0,0,-1,0,1,0,,0,,0,,0,0,0,1
1723521695,3843,8,8,8,8,31.423,1,0,0.11 | 0.11 | 0.12,0,1.30 | 1.67 | 2.36,0,1.69 | 2.40 | 3.07,9.488,0.000,0,1,0,0,0,0,-1,0,1,0,,0,,0,,0,0,0,1
1723521695,3843,8,8,8,8,31.423,1,0,0.11 | 0.11 | 0.12,0,1.30 | 1.67 | 2.36,0,1.69 | 2.40 | 3.07,9.488,0.000,0,1,0,0,0,0,-1,0,1,0,,0,,0,,0,0,0,1
1723521695,3843,8,8,8,8,31.423,1,0,0.11 | 0.11 | 0.12,0,1.30 | 1.67 | 2.36,0,1.69 | 2.40 | 3.07,9.488,0.000,0,1,0,0,0,0,-1,0,1,0,,0,,0,,0,0,0,1
1723521695,3843,8,8,8,8,31.423,1,0,0.11 | 0.11 | 0.12,0,1.30 | 1.67 | 2.36,0,1.69 | 2.40 | 3.07,9.488,0.000,0,1,0,0,0,0,-1,0,1,0,,0,,0,,0,0,0,1
1723521695,3843,8,8,8,8,31.423,1,0,0.11 | 0.11 | 0.12,0,1.30 | 1.67 | 2.36,0,1.69 | 2.40 | 3.07,9.488,0.000,0,1,0,0,0,0,-1,0,1,0,,0,,0,,0,0,0,1
1723521695,3843,8,8,8,8,31.423,1,0,0.11 | 0.11 | 0.12,0,1.30 | 1.67 | 2.36,0,1.69 | 2.40 | 3.07,9.488,0.000,0,1,0,0,0,0,-1,0,1,0,,0,,0,,0,0,0,1
1723521696,3843,8,8,8,8,31.423,1,0,0.11 | 0.11 | 0.12,0,1.30 | 1.67 | 2.36,0,1.69 | 2.40 | 3.07,9.488,0.000,0,1,0,0,0,0,-1,0,1,0,,0,,0,,0,0,0,1
1723521696,3843,8,8,8,8,31.423,1,0,0.11 | 0.11 | 0.12,0,1.30 | 1.67 | 2.36,0,1.69 | 2.40 | 3.07,9.488,0.000,0,1,0,0,0,0,-1,0,1,0,,0,,0,,0,0,0,1
1723521696,3843,8,8,8,8,31.423,1,0,0.11 | 0.11 | 0.12,0,1.30 | 1.67 | 2.36,0,1.69 | 2.40 | 3.07,9.488,0.000,0,1,0,0,0,0,-1,0,1,0,,0,,0,,0,0,0,1
1723521696,3843,8,8,8,8,31.423,1,0,0.11 | 0.11 | 0.12,0,1.30 | 1.67 | 2.36,0,1.69 | 2.40 | 3.07,9.488,0.000,0,1,0,0,0,0,-1,0,1,0,,0,,0,,0,0,0,1
1723521696,3843,8,8,8,8,30.529,1,0,0.11 | 0.11 | 0.12,0,1.30 | 1.67 | 2.36,0,1.69 | 2.40 | 3.07,9.488,0.000,0,1,0,0,0,0,-1,0,1,0,,0,,0,,0,0,0,1
1723521696,3843,8,8,8,8,30.529,1,0,0.11 | 0.11 | 0.12,0,1.30 | 1.67 | 2.36,0,1.69 | 2.40 | 3.07,9.488,0.000,0,1,0,0,0,0,-1,0,1,0,,0,,0,,0,0,0,1
1723521696,3843,8,8,8,8,30.529,1,0,0.11 | 0.11 | 0.12,0,1.30 | 1.67 | 2.36,0,1.69 | 2.40 | 3.07,9.488,0.000,0,1,0,0,0,0,-1,0,1,0,,0,,0,,0,0,0,1
1723521696,3843,8,8,8,8,30.529,1,0,0.11 | 0.11 | 0.12,0,1.30 | 1.67 | 2.36,0,1.69 | 2.40 | 3.07,9.488,0.000,0,1,0,0,0,0,-1,0,1,0,,0,,0,,0,0,0,1
1723521696,3843,8,8,8,8,30.529,1,0,0.11 | 0.11 | 0.12,0,1.30 | 1.67 | 2.36,0,1.69 | 2.40 | 3.07,9.488,0.000,0,1,0,0,0,0,-1,0,1,0,,0,,0,,0,0,0,1
1723521696,3843,8,8,8,8,30.529,1,0,0.11 | 0.11 | 0.12,0,1.30 | 1.67 | 2.36,0,1.69 | 2.40 | 3.07,9.488,0.000,0,1,0,0,0,0,-1,0,1,0,,0,,0,,0,0,0,1
1723521697,3843,8,8,8,8,30.529,1,0,0.11 | 0.11 | 0.12,0,1.30 | 1.67 | 2.36,0,1.69 | 2.40 | 3.07,9.488,0.000,0,1,0,0,0,0,-1,0,1,0,,0,,0,,0,0,0,1
1723521697,3843,8,8,8,8,30.529,1,0,0.11 | 0.11 | 0.12,0,1.30 | 1.67 | 2.36,0,1.69 | 2.40 | 3.07,9.488,0.000,0,1,0,0,0,0,-1,0,1,0,,0,,0,,0,0,0,1
1723521697,3843,8,8,8,8,30.529,1,0,0.11 | 0.11 | 0.12,0,1.30 | 1.67 | 2.36,0,1.69 | 2.40 | 3.07,9.488,0.000,0,1,0,0,0,0,-1,0,1,0,,0,,0,,0,0,0,1
1723521697,3843,8,8,8,8,30.529,1,0,0.11 | 0.11 | 0.12,0,1.30 | 1.67 | 2.36,0,1.69 | 2.40 | 3.07,9.488,0.000,0,1,0,0,0,0,-1,0,1,0,,0,,0,,0,0,0,1
1723521697,3843,8,8,8,8,29.451,1,0,0.11 | 0.11 | 0.12,0,1.30 | 1.67 | 2.36,0,1.69 | 2.40 | 3.07,9.488,0.000,0,1,0,0,0,0,-1,0,1,0,,0,,0,,0,0,0,1
1723521697,3843,8,8,8,8,29.451,1,0,0.11 | 0.11 | 0.12,0,1.30 | 1.67 | 2.36,0,1.69 | 2.40 | 3.07,9.488,0.000,0,1,0,0,0,0,-1,0,1,0,,0,,0,,0,0,0,1
1723521697,3843,8,8,8,8,29.451,1,0,0.11 | 0.11 | 0.12,0,1.30 | 1.67 | 2.36,0,1.69 | 2.40 | 3.07,9.488,0.000,0,1,0,0,0,0,-1,0,1,0,,0,,0,,0,0,0,1
1723521697,3843,8,8,8,8,29.451,1,0,0.11 | 0.11 | 0.12,0,1.30 | 1.67 | 2.36,0,1.69 | 2.40 | 3.07,9.488,0.000,0,1,0,0,0,0,-1,0,1,0,,0,,0,,0,0,0,1
1723521697,3843,8,8,8,8,29.451,1,0,0.11 | 0.11 | 0.12,0,1.30 | 1.67 | 2.36,0,1.69 | 2.40 | 3.07,9.488,0.000,0,1,0,0,0,0,-1,0,1,0,,0,,0,,0,0,0,1
1723521697,3843,8,8,8,8,29.451,1,0,0.11 | 0.11 | 0.12,0,1.30 | 1.67 | 2.36,0,1.69 | 2.40 | 3.07,9.488,0.000,0,1,0,0,0,0,-1,0,1,0,,0,,0,,0,0,0,1
1723521698,3843,8,8,8,8,29.451,1,0,0.11 | 0.11 | 0.12,0,1.30 | 1.67 | 2.36,0,1.69 | 2.40 | 3.07,9.488,0.000,0,1,0,0,0,0,-1,0,1,0,,0,,0,,0,0,0,1
1723521698,3843,8,8,8,8,29.451,1,0,0.11 | 0.11 | 0.12,0,1.30 | 1.67 | 2.36,0,1.69 | 2.40 | 3.07,9.488,0.000,0,1,0,0,0,0,-1,0,1,0,,0,,0,,0,0,0,1
1723521698,3843,8,8,8,8,29.451,1,0,0.11 | 0.11 | 0.12,0,1.30 | 1.67 | 2.36,0,1.69 | 2.40 | 3.07,9.488,0.000,0,1,0,0,0,0,-1,0,1,0,,0,,0,,0,0,0,1
1723521698,3843,8,8,8,8,29.451,1,0,0.11 | 0.11 | 0.12,0,1.30 | 1.67 | 2.36,0,1.69 | 2.40 | 3.07,9.488,0.000,0,1,0,0,0,0,-1,0,1,0,,0,,0,,0,0,0,1
1723521698,3843,8,8,8,8,28.389,1,0,0.11 | 0.11 | 0.12,0,1.30 | 1.67 | 2.36,0,1.69 | 2.40 | 3.07,9.488,0.000,0,1,0,0,0,0,-1,0,1,0,,0,,0,,0,0,0,1
1723521698,3843,8,8,8,8,28.389,1,0,0.11 | 0.11 | 0.12,0,1.30 | 1.67 | 2.36,0,1.69 | 2.40 | 3.07,9.488,0.000,0,1,0,0,0,0,-1,0,1,0,,0,,0,,0,0,0,1
1723521698,3843,8,8,8,8,28.389,1,0,0.11 | 0.11 | 0.12,0,1.30 | 1.67 | 2.36,0,1.69 | 2.40 | 3.07,9.488,0.000,0,1,0,0,0,0,-1,0,1,0,,0,,0,,0,0,0,1
1723521698,3843,8,8,8,8,28.389,1,0,0.11 | 0.11 | 0.12,0,1.30 | 1.67 | 2.36,0,1.69 | 2.40 | 3.07,9.488,0.000,0,1,0,0,0,0,-1,0,1,0,,0,,0,,0,0,0,1
1723521698,3843,8,8,8,8,28.389,1,0,0.11 | 0.11 | 0.12,0,1.30 | 1.67 | 2.36,0,1.69 | 2.40 | 3.07,9.488,0.000,0,1,0,0,0,0,-1,0,1,0,,0,,0,,0,0,0,1
1723521698,3843,8,8,8,8,28.389,1,0,0.11 | 0.11 | 0.12,0,1.30 | 1.67 | 2.36,0,1.69 | 2.40 | 3.07,9.488,0.000,0,1,0,0,0,0,-1,0,1,0,,0,,0,,0,0,0,1
1723521699,3843,8,8,8,8,28.389,1,0,0.11 | 0.11 | 0.12,0,1.30 | 1.67 | 2.36,0,1.69 | 2.40 | 3.07,9.488,0.000,0,1,0,0,0,0,-1,0,1,0,,0,,0,,0,0,0,1
1723521699,3843,8,8,8,8,28.389,1,0,0.11 | 0.11 | 0.12,0,1.30 | 1.67 | 2.36,0,1.69 | 2.40 | 3.07,9.488,0.000,0,1,0,0,0,0,-1,0,1,0,,0,,0,,0,0,0,1
1723521699,3843,8,8,8,8,28.389,1,0,0.11 | 0.11 | 0.12,0,1.30 | 1.67 | 2.36,0,1.69 | 2.40 | 3.07,9.488,0.000,0,1,0,0,0,0,-1,0,1,0,,0,,0,,0,0,0,1
1723521699,3843,8,8,8,8,28.389,1,0,0.11 | 0.11 | 0.12,0,1.30 | 1.67 | 2.36,0,1.69 | 2.40 | 3.07,9.488,0.000,0,1,0,0,0,0,-1,0,1,0,,0,,0,,0,0,0,1
1723521699,3843,8,8,8,8,32.392,1,0,0.11 | 0.11 | 0.12,0,1.30 | 1.74 | 2.36,0,1.69 | 2.30 | 3.07,9.482,0.000,0,1,0,0,0,0,-1,0,1,0,,0,,0,,0,0,0,1
1723521699,3843,8,8,8,8,32.392,1,0,0.11 | 0.11 | 0.12,0,1.30 | 1.74 | 2.36,0,1.69 | 2.30 | 3.07,9.482,0.000,0,1,0,0,0,0,-1,0,1,0,,0,,0,,0,0,0,1
1723521699,3843,8,8,8,8,32.392,1,0,0.11 | 0.11 | 0.12,0,1.30 | 1.74 | 2.36,0,1.69 | 2.30 | 3.07,9.482,0.000,0,1,0,0,0,0,-1,0,1,0,,0,,0,,0,0,0,1
1723521699,3843,8,8,8,8,32.392,1,0,0.11 | 0.11 | 0.12,0,1.30 | 1.74 | 2.36,0,1.69 | 2.30 | 3.07,9.482,0.000,0,1,0,0,0,0,-1,0,1,0,,0,,0,,0,0,0,1
1723521699,3843,8,8,8,8,32.392,1,0,0.11 | 0.11 | 0.12,0,1.30 | 1.74 | 2.36,0,1.69 | 2.30 | 3.07,9.482,0.000,0,1,0,0,0,0,-1,0,1,0,,0,,0,,0,0,0,1
1723521699,3843,8,8,8,8,32.392,1,0,0.11 | 0.11 | 0.12,0,1.30 | 1.74 | 2.36,0,1.69 | 2.30 | 3.07,9.482,0.000,0,1,0,0,0,0,-1,0,1,0,,0,,0,,0,0,0,1
1723521700,3843,8,8,8,8,32.392,1,0,0.11 | 0.11 | 0.12,0,1.30 | 1.74 | 2.36,0,1.69 | 2.30 | 3.07,9.482,0.000,0,1,0,0,0,0,-1,0,1,0,,0,,0,,0,0,0,1
1723521700,3843,8,8,8,8,32.392,1,0,0.11 | 0.11 | 0.12,0,1.30 | 1.74 | 2.36,0,1.69 | 2.30 | 3.07,9.482,0.000,0,1,0,0,0,0,-1,0,1,0,,0,,0,,0,0,0,1
1723521700,3843,8,8,8,8,32.392,1,0,0.11 | 0.11 | 0.12,0,1.30 | 1.74 | 2.36,0,1.69 | 2.30 | 3.07,9.482,0.000,0,1,0,0,0,0,-1,0,1,0,,0,,0,,0,0,0,1
1723521700,3843,8,8,8,8,32.392,1,0,0.11 | 0.11 | 0.12,0,1.30 | 1.74 | 2.36,0,1.69 | 2.30 | 3.07,9.482,0.000,0,1,0,0,0,0,-1,0,1,0,,0,,0,,0,0,0,1
1723521700,3843,8,8,8,8,31.185,1,0,0.11 | 0.11 | 0.12,0,1.30 | 1.74 | 2.36,0,1.69 | 2.30 | 3.07,9.482,0.000,0,1,0,0,0,0,-1,0,1,0,,0,,0,,0,0,0,1
1723521700,3843,8,8,8,8,31.185,1,0,0.11 | 0.11 | 0.12,0,1.30 | 1.74 | 2.36,0,1.69 | 2.30 | 3.07,9.482,0.000,0,1,0,0,0,0,-1,0,1,0,,0,,0,,0,0,0,1
1723521700,3843,8,8,8,8,31.185,1,0,0.11 | 0.11 | 0.12,0,1.30 | 1.74 | 2.36,0,1.69 | 2.30 | 3.07,9.482,0.000,0,1,0,0,0,0,-1,0,1,0,,0,,0,,0,0,0,1
1723521700,3843,8,8,8,8,31.185,1,0,0.11 | 0.11 | 0.12,0,1.30 | 1.74 | 2.36,0,1.69 | 2.30 | 3.07,9.482,0.000,0,1,0,0,0,0,-1,0,1,0,,0,,0,,0,0,0,1
1723521700,3843,8,8,8,8,31.185,1,0,0.11 | 0.11 | 0.12,0,1.30 | 1.74 | 2.36,0,1.69 | 2.30 | 3.07,9.482,0.000,0,1,0,0,0,0,-1,0,1,0,,0,,0,,0,0,0,1
1723521700,3843,8,8,8,8,31.185,1,0,0.11 | 0.11 | 0.12,0,1.30 | 1.74 | 2.36,0,1.69 | 2.30 | 3.07,9.482,0.000,0,1,0,0,0,0,-1,0,1,0,,0,,0,,0,0,0,1
1723521701,3843,8,8,8,8,31.185,1,0,0.11 | 0.11 | 0.12,0,1.30 | 1.74 | 2.36,0,1.69 | 2.30 | 3.07,9.482,0.000,0,1,0,0,0,0,-1,0,1,0,,0,,0,,0,0,0,1
1723521701,3843,8,8,8,8,31.185,1,0,0.11 | 0.11 | 0.12,0,1.30 | 1.74 | 2.36,0,1.69 | 2.30 | 3.07,9.482,0.000,0,1,0,0,0,0,-1,0,1,0,,0,,0,,0,0,0,1
1723521701,3843,8,8,8,8,31.185,1,0,0.11 | 0.11 | 0.12,0,1.30 | 1.74 | 2.36,0,1.69 | 2.30 | 3.07,9.482,0.000,0,1,0,0,0,0,-1,0,1,0,,0,,0,,0,0,0,1
1723521701,3843,8,8,8,8,31.185,1,0,0.11 | 0.11 | 0.12,0,1.30 | 1.74 | 2.36,0,1.69 | 2.30 | 3.07,9.482,0.000,0,1,0,0,0,0,-1,0,1,0,,0,,0,,0,0,0,1
1723521701,3843,8,8,8,8,30.267,1,0,0.11 | 0.11 | 0.12,0,1.30 | 1.74 | 2.36,0,1.69 | 2.30 | 3.07,9.482,0.000,0,1,0,0,0,0,-1,0,1,0,,0,,0,,0,0,0,1
1723521701,3843,8,8,8,8,30.267,1,0,0.11 | 0.11 | 0.12,0,1.30 | 1.74 | 2.36,0,1.69 | 2.30 | 3.07,9.482,0.000,0,1,0,0,0,0,-1,0,1,0,,0,,0,,0,0,0,1
1723521701,3843,8,8,8,8,30.267,1,0,0.11 | 0.11 | 0.12,0,1.30 | 1.74 | 2.36,0,1.69 | 2.30 | 3.07,9.482,0.000,0,1,0,0,0,0,-1,0,1,0,,0,,0,,0,0,0,1
1723521701,3843,8,8,8,8,30.267,1,0,0.11 | 0.11 | 0.12,0,1.30 | 1.74 | 2.36,0,1.69 | 2.30 | 3.07,9.482,0.000,0,1,0,0,0,0,-1,0,1,0,,0,,0,,0,0,0,1
1723521701,3843,8,8,8,8,30.267,1,0,0.11 | 0.11 | 0.12,0,1.30 | 1.74 | 2.36,0,1.69 | 2.30 | 3.07,9.482,0.000,0,1,0,0,0,0,-1,0,1,0,,0,,0,,0,0,0,1
1723521701,3843,8,8,8,8,30.267,1,0,0.11 | 0.11 | 0.12,0,1.30 | 1.74 | 2.36,0,1.69 | 2.30 | 3.07,9.482,0.000,0,1,0,0,0,0,-1,0,1,0,,0,,0,,0,0,0,1
1723521702,3843,8,8,8,8,30.267,1,0,0.11 | 0.11 | 0.12,0,1.30 | 1.74 | 2.36,0,1.69 | 2.30 | 3.07,9.482,0.000,0,1,0,0,0,0,-1,0,1,0,,0,,0,,0,0,0,1
1723521702,3843,8,8,8,8,30.267,1,0,0.11 | 0.11 | 0.12,0,1.30 | 1.74 | 2.36,0,1.69 | 2.30 | 3.07,9.482,0.000,0,1,0,0,0,0,-1,0,1,0,,0,,0,,0,0,0,1
1723521702,3843,8,8,8,8,30.267,1,0,0.11 | 0.11 | 0.12,0,1.30 | 1.74 | 2.36,0,1.69 | 2.30 | 3.07,9.482,0.000,0,1,0,0,0,0,-1,0,1,0,,0,,0,,0,0,0,1
1723521702,3843,8,8,8,8,30.267,1,0,0.11 | 0.11 | 0.12,0,1.30 | 1.74 | 2.36,0,1.69 | 2.30 | 3.07,9.482,0.000,0,1,0,0,0,0,-1,0,1,0,,0,,0,,0,0,0,1
1723521702,3843,8,8,8,8,29.198,1,0,0.11 | 0.11 | 0.12,0,1.30 | 1.74 | 2.36,0,1.69 | 2.30 | 3.07,9.482,0.000,0,1,0,0,0,0,-1,0,1,0,,0,,0,,0,0,0,1
1723521702,3843,8,8,8,8,29.198,1,0,0.11 | 0.11 | 0.12,0,1.30 | 1.74 | 2.36,0,1.69 | 2.30 | 3.07,9.482,0.000,0,1,0,0,0,0,-1,0,1,0,,0,,0,,0,0,0,1
1723521702,3843,8,8,8,8,29.198,1,0,0.11 | 0.11 | 0.12,0,1.30 | 1.74 | 2.36,0,1.69 | 2.30 | 3.07,9.482,0.000,0,1,0,0,0,0,-1,0,1,0,,0,,0,,0,0,0,1
1723521702,3843,8,8,8,8,29.198,1,0,0.11 | 0.11 | 0.12,0,1.30 | 1.74 | 2.36,0,1.69 | 2.30 | 3.07,9.482,0.000,0,1,0,0,0,0,-1,0,1,0,,0,,0,,0,0,0,1
1723521702,3843,8,8,8,8,29.198,1,0,0.11 | 0.11 | 0.12,0,1.30 | 1.74 | 2.36,0,1.69 | 2.30 | 3.07,9.482,0.000,0,1,0,0,0,0,-1,0,1,0,,0,,0,,0,0,0,1
1723521702,3843,8,8,8,8,29.198,1,0,0.11 | 0.11 | 0.12,0,1.30 | 1.74 | 2.36,0,1.69 | 2.30 | 3.07,9.482,0.000,0,1,0,0,0,0,-1,0,1,0,,0,,0,,0,0,0,1
1723521703,3843,8,8,8,8,29.198,1,0,0.11 | 0.11 | 0.12,0,1.30 | 1.74 | 2.36,0,1.69 | 2.30 | 3.07,9.482,0.000,0,1,0,0,0,0,-1,0,1,0,,0,,0,,0,0,0,1
1723521703,3843,8,8,8,8,29.198,1,0,0.11 | 0.11 | 0.12,0,1.30 | 1.74 | 2.36,0,1.69 | 2.30 | 3.07,9.482,0.000,0,1,0,0,0,0,-1,0,1,0,,0,,0,,0,0,0,1
1723521703,3843,8,8,8,8,29.198,1,0,0.11 | 0.11 | 0.12,0,1.30 | 1.74 | 2.36,0,1.69 | 2.30 | 3.07,9.482,0.000,0,1,0,0,0,0,-1,0,1,0,,0,,0,,0,0,0,1
1723521703,3843,8,8,8,8,29.198,1,0,0.11 | 0.11 | 0.12,0,1.30 | 1.74 | 2.36,0,1.69 | 2.30 | 3.07,9.482,0.000,0,1,0,0,0,0,-1,0,1,0,,0,,0,,0,0,0,1
1723521703,3843,8,8,8,8,31.385,1,0,0.11 | 0.11 | 0.12,0,1.30 | 1.73 | 2.36,0,1.69 | 2.31 | 3.08,9.462,0.000,0,1,0,0,0,0,-1,0,1,0,,0,,0,,0,0,0,1
1723521703,3843,8,8,8,8,31.385,1,0,0.11 | 0.11 | 0.12,0,1.30 | 1.73 | 2.36,0,1.69 | 2.31 | 3.08,9.462,0.000,0,1,0,0,0,0,-1,0,1,0,,0,,0,,0,0,0,1
1723521703,3843,8,8,8,8,31.385,1,0,0.11 | 0.11 | 0.12,0,1.30 | 1.73 | 2.36,0,1.69 | 2.31 | 3.08,9.462,0.000,0,1,0,0,0,0,-1,0,1,0,,0,,0,,0,0,0,1
1723521703,3843,8,8,8,8,31.385,1,0,0.11 | 0.11 | 0.12,0,1.30 | 1.73 | 2.36,0,1.69 | 2.31 | 3.08,9.462,0.000,0,1,0,0,0,0,-1,0,1,0,,0,,0,,0,0,0,1
1723521703,3843,8,8,8,8,31.385,1,0,0.11 | 0.11 | 0.12,0,1.30 | 1.73 | 2.36,0,1.69 | 2.31 | 3.08,9.462,0.000,0,1,0,0,0,0,-1,0,1,0,,0,,0,,0,0,0,1
1723521703,3843,8,8,8,8,31.385,1,0,0.11 | 0.11 | 0.12,0,1.30 | 1.73 | 2.36,0,1.69 | 2.31 | 3.08,9.462,0.000,0,1,0,0,0,0,-1,0,1,0,,0,,0,,0,0,0,1
1723521704,3843,8,8,8,8,31.385,1,0,0.11 | 0.11 | 0.12,0,1.30 | 1.73 | 2.36,0,1.69 | 2.31 | 3.08,9.462,0.000,0,1,0,0,0,0,-1,0,1,0,,0,,0,,0,0,0,1
1723521704,3843,8,8,8,8,31.385,1,0,0.11 | 0.11 | 0.12,0,1.30 | 1.73 | 2.36,0,1.69 | 2.31 | 3.08,9.462,0.000,0,1,0,0,0,0,-1,0,1,0,,0,,0,,0,0,0,1
1723521704,3843,8,8,8,8,31.385,1,0,0.11 | 0.11 | 0.12,0,1.30 | 1.73 | 2.36,0,1.69 | 2.31 | 3.08,9.462,0.000,0,1,0,0,0,0,-1,0,1,0,,0,,0,,0,0,0,1
1723521704,3843,8,8,8,8,31.385,1,0,0.11 | 0.11 | 0.12,0,1.30 | 1.73 | 2.36,0,1.69 | 2.31 | 3.08,9.462,0.000,0,1,0,0,0,0,-1,0,1,0,,0,,0,,0,0,0,1
1723521704,3843,8,8,8,8,30.544,1,0,0.11 | 0.11 | 0.12,0,1.30 | 1.73 | 2.36,0,1.69 | 2.31 | 3.08,9.462,0.000,0,1,0,0,0,0,-1,0,1,0,,0,,0,,0,0,0,1
1723521704,3843,8,8,8,8,30.544,1,0,0.11 | 0.11 | 0.12,0,1.30 | 1.73 | 2.36,0,1.69 | 2.31 | 3.08,9.462,0.000,0,1,0,0,0,0,-1,0,1,0,,0,,0,,0,0,0,1
1723521704,3843,8,8,8,8,30.544,1,0,0.11 | 0.11 | 0.12,0,1.30 | 1.73 | 2.36,0,1.69 | 2.31 | 3.08,9.462,0.000,0,1,0,0,0,0,-1,0,1,0,,0,,0,,0,0,0,1
1723521704,3843,8,8,8,8,30.544,1,0,0.11 | 0.11 | 0.12,0,1.30 | 1.73 | 2.36,0,1.69 | 2.31 | 3.08,9.462,0.000,0,1,0,0,0,0,-1,0,1,0,,0,,0,,0,0,0,1
1723521704,3843,8,8,8,8,30.544,1,0,0.11 | 0.11 | 0.12,0,1.30 | 1.73 | 2.36,0,1.69 | 2.31 | 3.08,9.462,0.000,0,1,0,0,0,0,-1,0,1,0,,0,,0,,0,0,0,1
1723521704,3843,8,8,8,8,30.544,1,0,0.11 | 0.11 | 0.12,0,1.30 | 1.73 | 2.36,0,1.69 | 2.31 | 3.08,9.462,0.000,0,1,0,0,0,0,-1,0,1,0,,0,,0,,0,0,0,1
1723521705,3843,8,8,8,8,30.544,1,0,0.11 | 0.11 | 0.12,0,1.30 | 1.73 | 2.36,0,1.69 | 2.31 | 3.08,9.462,0.000,0,1,0,0,0,0,-1,0,1,0,,0,,0,,0,0,0,1
1723521705,3843,8,8,8,8,30.544,1,0,0.11 | 0.11 | 0.12,0,1.30 | 1.73 | 2.36,0,1.69 | 2.31 | 3.08,9.462,0.000,0,1,0,0,0,0,-1,0,1,0,,0,,0,,0,0,0,1
1723521705,3843,8,8,8,8,30.544,1,0,0.11 | 0.11 | 0.12,0,1.30 | 1.73 | 2.36,0,1.69 | 2.31 | 3.08,9.462,0.000,0,1,0,0,0,0,-1,0,1,0,,0,,0,,0,0,0,1
1723521705,3843,8,8,8,8,30.544,1,0,0.11 | 0.11 | 0.12,0,1.30 | 1.73 | 2.36,0,1.69 | 2.31 | 3.08,9.462,0.000,0,1,0,0,0,0,-1,0,1,0,,0,,0,,0,0,0,1
1723521705,3843,8,8,8,8,29.483,1,0,0.11 | 0.11 | 0.12,0,1.30 | 1.73 | 2.36,0,1.69 | 2.31 | 3.08,9.462,0.000,0,1,0,0,0,0,-1,0,1,0,,0,,0,,0,0,0,1
1723521705,3843,8,8,8,8,29.483,1,0,0.11 | 0.11 | 0.12,0,1.30 | 1.73 | 2.36,0,1.69 | 2.31 | 3.08,9.462,0.000,0,1,0,0,0,0,-1,0,1,0,,0,,0,,0,0,0,1
1723521705,3843,8,8,8,8,29.483,1,0,0.11 | 0.11 | 0.12,0,1.30 | 1.73 | 2.36,0,1.69 | 2.31 | 3.08,9.462,0.000,0,1,0,0,0,0,-1,0,1,0,,0,,0,,0,0,0,1
1723521705,3843,8,8,8,8,29.483,1,0,0.11 | 0.11 | 0.12,0,1.30 | 1.73 | 2.36,0,1.69 | 2.31 | 3.08,9.462,0.000,0,1,0,0,0,0,-1,0,1,0,,0,,0,,0,0,0,1
1723521705,3843,8,8,8,8,29.483,1,0,0.11 | 0.11 | 0.12,0,1.30 | 1.73 | 2.36,0,1.69 | 2.31 | 3.08,9.462,0.000,0,1,0,0,0,0,-1,0,1,0,,0,,0,,0,0,0,1
1723521705,3843,8,8,8,8,29.483,1,0,0.11 | 0.11 | 0.12,0,1.30 | 1.73 | 2.36,0,1.69 | 2.31 | 3.08,9.462,0.000,0,1,0,0,0,0,-1,0,1,0,,0,,0,,0,0,0,1
1723521706,3843,8,8,8,8,29.483,1,0,0.11 | 0.11 | 0.12,0,1.30 | 1.73 | 2.36,0,1.69 | 2.31 | 3.08,9.462,0.000,0,1,0,0,0,0,-1,0,1,0,,0,,0,,0,0,0,1
1723521706,3843,8,8,8,8,29.483,1,0,0.11 | 0.11 | 0.12,0,1.30 | 1.73 | 2.36,0,1.69 | 2.31 | 3.08,9.462,0.000,0,1,0,0,0,0,-1,0,1,0,,0,,0,,0,0,0,1
1723521706,3843,8,8,8,8,29.483,1,0,0.11 | 0.11 | 0.12,0,1.30 | 1.73 | 2.36,0,1.69 | 2.31 | 3.08,9.462,0.000,0,1,0,0,0,0,-1,0,1,0,,0,,0,,0,0,0,1
1723521706,3843,8,8,8,8,29.483,1,0,0.11 | 0.11 | 0.12,0,1.30 | 1.73 | 2.36,0,1.69 | 2.31 | 3.08,9.462,0.000,0,1,0,0,0,0,-1,0,1,0,,0,,0,,0,0,0,1
1723521706,3843,8,8,8,8,28.42,1,0,0.11 | 0.11 | 0.12,0,1.30 | 1.73 | 2.36,0,1.69 | 2.31 | 3.08,9.462,0.000,0,1,0,0,0,0,-1,0,1,0,,0,,0,,0,0,0,1
1723521706,3843,8,8,8,8,28.42,1,0,0.11 | 0.11 | 0.12,0,1.30 | 1.73 | 2.36,0,1.69 | 2.31 | 3.08,9.462,0.000,0,1,0,0,0,0,-1,0,1,0,,0,,0,,0,0,0,1
1723521706,3843,8,8,8,8,28.42,1,0,0.11 | 0.11 | 0.12,0,1.30 | 1.73 | 2.36,0,1.69 | 2.31 | 3.08,9.462,0.000,0,1,0,0,0,0,-1,0,1,0,,0,,0,,0,0,0,1
1723521706,3843,8,8,8,8,28.42,1,0,0.11 | 0.11 | 0.12,0,1.30 | 1.73 | 2.36,0,1.69 | 2.31 | 3.08,9.462,0.000,0,1,0,0,0,0,-1,0,1,0,,0,,0,,0,0,0,1
1723521706,3843,8,8,8,8,28.42,1,0,0.11 | 0.11 | 0.12,0,1.30 | 1.73 | 2.36,0,1.69 | 2.31 | 3.08,9.462,0.000,0,1,0,0,0,0,-1,0,1,0,,0,,0,,0,0,0,1
1723521706,3843,8,8,8,8,28.42,1,0,0.11 | 0.11 | 0.12,0,1.30 | 1.73 | 2.36,0,1.69 | 2.31 | 3.08,9.462,0.000,0,1,0,0,0,0,-1,0,1,0,,0,,0,,0,0,0,1
1723521707,3843,8,8,8,8,28.42,1,0,0.11 | 0.11 | 0.12,0,1.30 | 1.73 | 2.36,0,1.69 | 2.31 | 3.08,9.462,0.000,0,1,0,0,0,0,-1,0,1,0,,0,,0,,0,0,0,1
1723521707,3843,8,8,8,8,28.42,1,0,0.11 | 0.11 | 0.12,0,1.30 | 1.73 | 2.36,0,1.69 | 2.31 | 3.08,9.462,0.000,0,1,0,0,0,0,-1,0,1,0,,0,,0,,0,0,0,1
1723521707,3843,8,8,8,8,28.42,1,0,0.11 | 0.11 | 0.12,0,1.30 | 1.73 | 2.36,0,1.69 | 2.31 | 3.08,9.462,0.000,0,1,0,0,0,0,-1,0,1,0,,0,,0,,0,0,0,1
1723521707,3843,8,8,8,8,28.42,1,0,0.11 | 0.11 | 0.12,0,1.30 | 1.73 | 2.36,0,1.69 | 2.31 | 3.08,9.462,0.000,0,1,0,0,0,0,-1,0,1,0,,0,,0,,0,0,0,1
1723521707,3843,8,8,8,8,32.256,1,0,0.11 | 0.11 | 0.12,0,1.30 | 1.58 | 1.88,0,2.13 | 2.52 | 3.08,9.455,0.000,0,1,0,0,0,0,-1,0,1,0,,0,,0,,0,0,0,1
1723521707,3843,8,8,8,8,32.256,1,0,0.11 | 0.11 | 0.12,0,1.30 | 1.58 | 1.88,0,2.13 | 2.52 | 3.08,9.455,0.000,0,1,0,0,0,0,-1,0,1,0,,0,,0,,0,0,0,1
1723521707,3843,8,8,8,8,32.256,1,0,0.11 | 0.11 | 0.12,0,1.30 | 1.58 | 1.88,0,2.13 | 2.52 | 3.08,9.455,0.000,0,1,0,0,0,0,-1,0,1,0,,0,,0,,0,0,0,1
1723521707,3843,8,8,8,8,32.256,1,0,0.11 | 0.11 | 0.12,0,1.30 | 1.58 | 1.88,0,2.13 | 2.52 | 3.08,9.455,0.000,0,1,0,0,0,0,-1,0,1,0,,0,,0,,0,0,0,1
1723521707,3843,8,8,8,8,32.256,1,0,0.11 | 0.11 | 0.12,0,1.30 | 1.58 | 1.88,0,2.13 | 2.52 | 3.08,9.455,0.000,0,1,0,0,0,0,-1,0,1,0,,0,,0,,0,0,0,1
1723521707,3843,8,8,8,8,32.256,1,0,0.11 | 0.11 | 0.12,0,1.30 | 1.58 | 1.88,0,2.13 | 2.52 | 3.08,9.455,0.000,0,1,0,0,0,0,-1,0,1,0,,0,,0,,0,0,0,1
1723521708,3843,8,8,8,8,32.256,1,0,0.11 | 0.11 | 0.12,0,1.30 | 1.58 | 1.88,0,2.13 | 2.52 | 3.08,9.455,0.000,0,1,0,0,0,0,-1,0,1,0,,0,,0,,0,0,0,1
1723521708,3843,8,8,8,8,32.256,1,0,0.11 | 0.11 | 0.12,0,1.30 | 1.58 | 1.88,0,2.13 | 2.52 | 3.08,9.455,0.000,0,1,0,0,0,0,-1,0,1,0,,0,,0,,0,0,0,1
1723521708,3843,8,8,8,8,32.256,1,0,0.11 | 0.11 | 0.12,0,1.30 | 1.58 | 1.88,0,2.13 | 2.52 | 3.08,9.455,0.000,0,1,0,0,0,0,-1,0,1,0,,0,,0,,0,0,0,1
1723521708,3843,8,8,8,8,32.256,1,0,0.11 | 0.11 | 0.12,0,1.30 | 1.58 | 1.88,0,2.13 | 2.52 | 3.08,9.455,0.000,0,1,0,0,0,0,-1,0,1,0,,0,,0,,0,0,0,1
1723521708,3843,8,8,8,8,31.298,3,0,0.11 | 0.11 | 0.12,0,1.30 | 1.58 | 1.88,0,2.13 | 2.52 | 3.08,9.455,0.000,0,1,0,0,0,0,-1,0,3,0,,0,,0,,0,0,0,1
1723521708,3843,8,8,8,8,31.298,3,0,0.11 | 0.11 | 0.12,0,1.30 | 1.58 | 1.88,0,2.13 | 2.52 | 3.08,9.455,0.000,0,1,0,0,0,0,-1,0,3,0,,0,,0,,0,0,0,1
1723521708,3843,8,8,8,8,31.298,3,0,0.11 | 0.11 | 0.12,0,1.30 | 1.58 | 1.88,0,2.13 | 2.52 | 3.08,9.455,0.000,0,1,0,0,0,0,-1,0,3,0,,0,,0,,0,0,0,1
1723521708,3843,8,8,8,8,31.298,3,0,0.11 | 0.11 | 0.12,0,1.30 | 1.58 | 1.88,0,2.13 | 2.52 | 3.08,9.455,0.000,0,1,0,0,0,0,-1,0,3,0,,0,,0,,0,0,0,1
1723521708,3843,8,8,8,8,31.298,3,0,0.11 | 0.11 | 0.12,0,1.30 | 1.58 | 1.88,0,2.13 | 2.52 | 3.08,9.455,0.000,0,1,0,0,0,0,-1,0,3,0,,0,,0,,0,0,0,1
1723521708,3843,8,8,8,8,31.298,3,0,0.11 | 0.11 | 0.12,0,1.30 | 1.58 | 1.88,0,2.13 | 2.52 | 3.08,9.455,0.000,0,1,0,0,0,0,-1,0,3,0,,0,,0,,0,0,0,1
1723521709,3843,8,8,8,8,31.298,3,0,0.11 | 0.11 | 0.12,0,1.30 | 1.58 | 1.88,0,2.13 | 2.52 | 3.08,9.455,0.000,0,1,0,0,0,0,-1,0,3,0,,0,,0,,0,0,0,1
1723521709,3843,8,8,8,8,31.298,3,0,0.11 | 0.11 | 0.12,0,1.30 | 1.58 | 1.88,0,2.13 | 2.52 | 3.08,9.455,0.000,0,1,0,0,0,0,-1,0,3,0,,0,,0,,0,0,0,1
1723521709,3843,8,8,8,8,31.298,3,0,0.11 | 0.11 | 0.12,0,1.30 | 1.58 | 1.88,0,2.13 | 2.52 | 3.08,9.455,0.000,0,1,0,0,0,0,-1,0,3,0,,0,,0,,0,0,0,1
1723521709,3843,8,8,8,8,31.298,3,0,0.11 | 0.11 | 0.12,0,1.30 | 1.58 | 1.88,0,2.13 | 2.52 | 3.08,9.455,0.000,0,1,0,0,0,0,-1,0,3,0,,0,,0,,0,0,0,1
1723521709,3843,8,8,8,8,30.236,3,0,0.11 | 0.11 | 0.12,0,1.30 | 1.58 | 1.88,0,2.13 | 2.52 | 3.08,9.455,0.000,0,1,0,0,0,0,-1,0,3,0,,0,,0,,0,0,0,1
1723521709,3843,8,8,8,8,30.236,3,0,0.11 | 0.11 | 0.12,0,1.30 | 1.58 | 1.88,0,2.13 | 2.52 | 3.08,9.455,0.000,0,1,0,0,0,0,-1,0,3,0,,0,,0,,0,0,0,1
1723521709,3843,8,8,8,8,30.236,3,0,0.11 | 0.11 | 0.12,0,1.30 | 1.58 | 1.88,0,2.13 | 2.52 | 3.08,9.455,0.000,0,1,0,0,0,0,-1,0,3,0,,0,,0,,0,0,0,1
1723521709,3843,8,8,8,8,30.236,3,0,0.11 | 0.11 | 0.12,0,1.30 | 1.58 | 1.88,0,2.13 | 2.52 | 3.08,9.455,0.000,0,1,0,0,0,0,-1,0,3,0,,0,,0,,0,0,0,1
1723521709,3843,8,8,8,8,30.236,3,0,0.11 | 0.11 | 0.12,0,1.30 | 1.58 | 1.88,0,2.13 | 2.52 | 3.08,9.455,0.000,0,1,0,0,0,0,-1,0,3,0,,0,,0,,0,0,0,1
1723521709,3843,8,8,8,8,30.236,3,0,0.11 | 0.11 | 0.12,0,1.30 | 1.58 | 1.88,0,2.13 | 2.52 | 3.08,9.455,0.000,0,1,0,0,0,0,-1,0,3,0,,0,,0,,0,0,0,1
1723521710,3843,8,8,8,8,30.236,3,0,0.11 | 0.11 | 0.12,0,1.30 | 1.58 | 1.88,0,2.13 | 2.52 | 3.08,9.455,0.000,0,1,0,0,0,0,-1,0,3,0,,0,,0,,0,0,0,1
1723521710,3843,8,8,8,8,30.236,3,0,0.11 | 0.11 | 0.12,0,1.30 | 1.58 | 1.88,0,2.13 | 2.52 | 3.08,9.455,0.000,0,1,0,0,0,0,-1,0,3,0,,0,,0,,0,0,0,1
1723521710,3843,8,8,8,8,30.236,3,0,0.11 | 0.11 | 0.12,0,1.30 | 1.58 | 1.88,0,2.13 | 2.52 | 3.08,9.455,0.000,0,1,0,0,0,0,-1,0,3,0,,0,,0,,0,0,0,1
1723521710,3843,8,8,8,8,30.236,3,0,0.11 | 0.11 | 0.12,0,1.30 | 1.58 | 1.88,0,2.13 | 2.52 | 3.08,9.455,0.000,0,1,0,0,0,0,-1,0,3,0,,0,,0,,0,0,0,1
1723521710,3843,8,8,8,8,29.439,3,0,0.11 | 0.11 | 0.12,0,1.30 | 1.58 | 1.88,0,2.13 | 2.52 | 3.08,9.455,0.000,0,1,0,0,0,0,-1,0,3,0,,0,,0,,0,0,0,1
1723521710,3843,8,8,8,8,29.439,3,0,0.11 | 0.11 | 0.12,0,1.30 | 1.58 | 1.88,0,2.13 | 2.52 | 3.08,9.455,0.000,0,1,0,0,0,0,-1,0,3,0,,0,,0,,0,0,0,1
1723521710,3843,8,8,8,8,29.439,3,0,0.11 | 0.11 | 0.12,0,1.30 | 1.58 | 1.88,0,2.13 | 2.52 | 3.08,9.455,0.000,0,1,0,0,0,0,-1,0,3,0,,0,,0,,0,0,0,1
1723521710,3843,8,8,8,8,29.439,3,0,0.11 | 0.11 | 0.12,0,1.30 | 1.58 | 1.88,0,2.13 | 2.52 | 3.08,9.455,0.000,0,1,0,0,0,0,-1,0,3,0,,0,,0,,0,0,0,1
1723521710,3843,8,8,8,8,29.439,3,0,0.11 | 0.11 | 0.12,0,1.30 | 1.58 | 1.88,0,2.13 | 2.52 | 3.08,9.455,0.000,0,1,0,0,0,0,-1,0,3,0,,0,,0,,0,0,0,1
1723521710,3843,8,8,8,8,29.439,3,0,0.11 | 0.11 | 0.12,0,1.30 | 1.58 | 1.88,0,2.13 | 2.52 | 3.08,9.455,0.000,0,1,0,0,0,0,-1,0,3,0,,0,,0,,0,0,0,1
1723521711,3843,8,8,8,8,29.439,3,0,0.11 | 0.11 | 0.12,0,1.30 | 1.58 | 1.88,0,2.13 | 2.52 | 3.08,9.455,0.000,0,1,0,0,0,0,-1,0,3,0,,0,,0,,0,0,0,1
1723521711,3843,8,8,8,8,29.439,3,0,0.11 | 0.11 | 0.12,0,1.30 | 1.58 | 1.88,0,2.13 | 2.52 | 3.08,9.455,0.000,0,1,0,0,0,0,-1,0,3,0,,0,,0,,0,0,0,1
1723521711,3843,8,8,8,8,29.439,3,0,0.11 | 0.11 | 0.12,0,1.30 | 1.58 | 1.88,0,2.13 | 2.52 | 3.08,9.455,0.000,0,1,0,0,0,0,-1,0,3,0,,0,,0,,0,0,0,1
1723521711,3843,8,8,8,8,29.439,3,0,0.11 | 0.11 | 0.12,0,1.30 | 1.58 | 1.88,0,2.13 | 2.52 | 3.08,9.455,0.000,0,1,0,0,0,0,-1,0,3,0,,0,,0,,0,0,0,1
1723521711,3843,8,8,8,8,28.361,3,0,0.11 | 0.11 | 0.12,0,1.30 | 1.58 | 1.88,0,2.13 | 2.52 | 3.08,9.455,0.000,0,1,0,0,0,0,-1,0,3,0,,0,,0,,0,0,0,1
1723521711,3843,8,8,8,8,28.361,3,0,0.11 | 0.11 | 0.12,0,1.30 | 1.58 | 1.88,0,2.13 | 2.52 | 3.08,9.455,0.000,0,1,0,0,0,0,-1,0,3,0,,0,,0,,0,0,0,1
1723521711,3843,8,8,8,8,28.361,3,0,0.11 | 0.11 | 0.12,0,1.30 | 1.58 | 1.88,0,2.13 | 2.52 | 3.08,9.455,0.000,0,1,0,0,0,0,-1,0,3,0,,0,,0,,0,0,0,1
1723521711,3843,8,8,8,8,28.361,3,0,0.11 | 0.11 | 0.12,0,1.30 | 1.58 | 1.88,0,2.13 | 2.52 | 3.08,9.455,0.000,0,1,0,0,0,0,-1,0,3,0,,0,,0,,0,0,0,1
1723521711,3843,8,8,8,8,28.361,3,0,0.11 | 0.11 | 0.12,0,1.30 | 1.58 | 1.88,0,2.13 | 2.52 | 3.08,9.455,0.000,0,1,0,0,0,0,-1,0,3,0,,0,,0,,0,0,0,1
1723521711,3843,8,8,8,8,28.361,3,0,0.11 | 0.11 | 0.12,0,1.30 | 1.58 | 1.88,0,2.13 | 2.52 | 3.08,9.455,0.000,0,1,0,0,0,0,-1,0,3,0,,0,,0,,0,0,0,1
1723521712,3843,8,8,8,8,28.361,3,0,0.11 | 0.11 | 0.12,0,1.30 | 1.58 | 1.88,0,2.13 | 2.52 | 3.08,9.455,0.000,0,1,0,0,0,0,-1,0,3,0,,0,,0,,0,0,0,1
1723521712,3843,8,8,8,8,28.361,3,0,0.11 | 0.11 | 0.12,0,1.30 | 1.58 | 1.88,0,2.13 | 2.52 | 3.08,9.455,0.000,0,1,0,0,0,0,-1,0,3,0,,0,,0,,0,0,0,1
1723521712,3843,8,8,8,8,28.361,3,0,0.11 | 0.11 | 0.12,0,1.30 | 1.58 | 1.88,0,2.13 | 2.52 | 3.08,9.455,0.000,0,1,0,0,0,0,-1,0,3,0,,0,,0,,0,0,0,1
1723521712,3843,8,8,8,8,28.361,3,0,0.11 | 0.11 | 0.12,0,1.30 | 1.58 | 1.88,0,2.13 | 2.52 | 3.08,9.455,0.000,0,1,0,0,0,0,-1,0,3,0,,0,,0,,0,0,0,1
1723521712,3843,8,8,8,8,30.498,3,0,0.11 | 0.11 | 0.11,0,1.30 | 1.62 | 1.88,0,2.13 | 2.47 | 3.08,9.454,0.000,0,1,0,0,0,0,-1,0,3,0,,0,,0,,0,0,0,1
1723521712,3843,8,8,8,8,30.498,3,0,0.11 | 0.11 | 0.11,0,1.30 | 1.62 | 1.88,0,2.13 | 2.47 | 3.08,9.454,0.000,0,1,0,0,0,0,-1,0,3,0,,0,,0,,0,0,0,1
1723521712,3843,8,8,8,8,30.498,3,0,0.11 | 0.11 | 0.11,0,1.30 | 1.62 | 1.88,0,2.13 | 2.47 | 3.08,9.454,0.000,0,1,0,0,0,0,-1,0,3,0,,0,,0,,0,0,0,1
1723521712,3843,8,8,8,8,30.498,3,0,0.11 | 0.11 | 0.11,0,1.30 | 1.62 | 1.88,0,2.13 | 2.47 | 3.08,9.454,0.000,0,1,0,0,0,0,-1,0,3,0,,0,,0,,0,0,0,1
1723521712,3843,8,8,8,8,30.498,3,0,0.11 | 0.11 | 0.11,0,1.30 | 1.62 | 1.88,0,2.13 | 2.47 | 3.08,9.454,0.000,0,1,0,0,0,0,-1,0,3,0,,0,,0,,0,0,0,1
1723521712,3843,8,8,8,8,30.498,3,0,0.11 | 0.11 | 0.11,0,1.30 | 1.62 | 1.88,0,2.13 | 2.47 | 3.08,9.454,0.000,0,1,0,0,0,0,-1,0,3,0,,0,,0,,0,0,0,1
1723521713,3843,8,8,8,8,30.498,3,0,0.11 | 0.11 | 0.11,0,1.30 | 1.62 | 1.88,0,2.13 | 2.47 | 3.08,9.454,0.000,0,1,0,0,0,0,-1,0,3,0,,0,,0,,0,0,0,1
1723521713,3843,8,8,8,8,30.498,3,0,0.11 | 0.11 | 0.11,0,1.30 | 1.62 | 1.88,0,2.13 | 2.47 | 3.08,9.454,0.000,0,1,0,0,0,0,-1,0,3,0,,0,,0,,0,0,0,1
1723521713,3843,8,8,8,8,30.498,3,0,0.11 | 0.11 | 0.11,0,1.30 | 1.62 | 1.88,0,2.13 | 2.47 | 3.08,9.454,0.000,0,1,0,0,0,0,-1,0,3,0,,0,,0,,0,0,0,1
1723521713,3843,8,8,8,8,30.498,3,0,0.11 | 0.11 | 0.11,0,1.30 | 1.62 | 1.88,0,2.13 | 2.47 | 3.08,9.454,0.000,0,1,0,0,0,0,-1,0,3,0,,0,,0,,0,0,0,1
1723521713,3843,8,8,8,8,29.435,3,0,0.11 | 0.11 | 0.11,0,1.30 | 1.62 | 1.88,0,2.13 | 2.47 | 3.08,9.454,0.000,0,1,0,0,0,0,-1,0,3,0,,0,,0,,0,0,0,1
1723521713,3843,8,8,8,8,29.435,3,0,0.11 | 0.11 | 0.11,0,1.30 | 1.62 | 1.88,0,2.13 | 2.47 | 3.08,9.454,0.000,0,1,0,0,0,0,-1,0,3,0,,0,,0,,0,0,0,1
1723521713,3843,8,8,8,8,29.435,3,0,0.11 | 0.11 | 0.11,0,1.30 | 1.62 | 1.88,0,2.13 | 2.47 | 3.08,9.454,0.000,0,1,0,0,0,0,-1,0,3,0,,0,,0,,0,0,0,1
1723521713,3843,8,8,8,8,29.435,3,0,0.11 | 0.11 | 0.11,0,1.30 | 1.62 | 1.88,0,2.13 | 2.47 | 3.08,9.454,0.000,0,1,0,0,0,0,-1,0,3,0,,0,,0,,0,0,0,1
1723521713,3843,8,8,8,8,29.435,3,0,0.11 | 0.11 | 0.11,0,1.30 | 1.62 | 1.88,0,2.13 | 2.47 | 3.08,9.454,0.000,0,1,0,0,0,0,-1,0,3,0,,0,,0,,0,0,0,1
1723521713,3843,8,8,8,8,29.435,3,0,0.11 | 0.11 | 0.11,0,1.30 | 1.62 | 1.88,0,2.13 | 2.47 | 3.08,9.454,0.000,0,1,0,0,0,0,-1,0,3,0,,0,,0,,0,0,0,1
1723521714,3843,8,8,8,8,29.435,3,0,0.11 | 0.11 | 0.11,0,1.30 | 1.62 | 1.88,0,2.13 | 2.47 | 3.08,9.454,0.000,0,1,0,0,0,0,-1,0,3,0,,0,,0,,0,0,0,1
1723521714,3843,8,8,8,8,29.435,3,0,0.11 | 0.11 | 0.11,0,1.30 | 1.62 | 1.88,0,2.13 | 2.47 | 3.08,9.454,0.000,0,1,0,0,0,0,-1,0,3,0,,0,,0,,0,0,0,1
1723521714,3843,8,8,8,8,29.435,3,0,0.11 | 0.11 | 0.11,0,1.30 | 1.62 | 1.88,0,2.13 | 2.47 | 3.08,9.454,0.000,0,1,0,0,0,0,-1,0,3,0,,0,,0,,0,0,0,1
1723521714,3843,8,8,8,8,29.435,3,0,0.11 | 0.11 | 0.11,0,1.30 | 1.62 | 1.88,0,2.13 | 2.47 | 3.08,9.454,0.000,0,1,0,0,0,0,-1,0,3,0,,0,,0,,0,0,0,1
1723521714,3843,8,8,8,8,28.639,3,0,0.11 | 0.11 | 0.11,0,1.30 | 1.62 | 1.88,0,2.13 | 2.47 | 3.08,9.454,0.000,0,1,0,0,0,0,-1,0,3,0,,0,,0,,0,0,0,1
1723521714,3843,8,8,8,8,28.639,3,0,0.11 | 0.11 | 0.11,0,1.30 | 1.62 | 1.88,0,2.13 | 2.47 | 3.08,9.454,0.000,0,1,0,0,0,0,-1,0,3,0,,0,,0,,0,0,0,1
1723521714,3843,8,8,8,8,28.639,3,0,0.11 | 0.11 | 0.11,0,1.30 | 1.62 | 1.88,0,2.13 | 2.47 | 3.08,9.454,0.000,0,1,0,0,0,0,-1,0,3,0,,0,,0,,0,0,0,1
1723521714,3843,8,8,8,8,28.639,3,0,0.11 | 0.11 | 0.11,0,1.30 | 1.62 | 1.88,0,2.13 | 2.47 | 3.08,9.454,0.000,0,1,0,0,0,0,-1,0,3,0,,0,,0,,0,0,0,1
1723521714,3843,8,8,8,8,28.639,3,0,0.11 | 0.11 | 0.11,0,1.30 | 1.62 | 1.88,0,2.13 | 2.47 | 3.08,9.454,0.000,0,1,0,0,0,0,-1,0,3,0,,0,,0,,0,0,0,1
1723521714,3843,8,8,8,8,28.639,3,0,0.11 | 0.11 | 0.11,0,1.30 | 1.62 | 1.88,0,2.13 | 2.47 | 3.08,9.454,0.000,0,1,0,0,0,0,-1,0,3,0,,0,,0,,0,0,0,1
1723521715,3843,8,8,8,8,28.639,3,0,0.11 | 0.11 | 0.11,0,1.30 | 1.62 | 1.88,0,2.13 | 2.47 | 3.08,9.454,0.000,0,1,0,0,0,0,-1,0,3,0,,0,,0,,0,0,0,1
1723521715,3843,8,8,8,8,28.639,3,0,0.11 | 0.11 | 0.11,0,1.30 | 1.62 | 1.88,0,2.13 | 2.47 | 3.08,9.454,0.000,0,1,0,0,0,0,-1,0,3,0,,0,,0,,0,0,0,1
1723521715,3843,8,8,8,8,28.639,3,0,0.11 | 0.11 | 0.11,0,1.30 | 1.62 | 1.88,0,2.13 | 2.47 | 3.08,9.454,0.000,0,1,0,0,0,0,-1,0,3,0,,0,,0,,0,0,0,1
1723521715,3843,8,8,8,8,28.639,3,0,0.11 | 0.11 | 0.11,0,1.30 | 1.62 | 1.88,0,2.13 | 2.47 | 3.08,9.454,0.000,0,1,0,0,0,0,-1,0,3,0,,0,,0,,0,0,0,1
1723521715,3843,8,8,8,8,32.228,3,0,0.11 | 0.11 | 0.11,0,1.30 | 1.70 | 2.21,0,1.81 | 2.35 | 3.08,9.459,0.000,0,1,0,0,0,0,-1,0,3,0,,0,,0,,0,0,0,1
1723521715,3843,8,8,8,8,32.228,3,0,0.11 | 0.11 | 0.11,0,1.30 | 1.70 | 2.21,0,1.81 | 2.35 | 3.08,9.459,0.000,0,1,0,0,0,0,-1,0,3,0,,0,,0,,0,0,0,1
1723521715,3843,8,8,8,8,32.228,3,0,0.11 | 0.11 | 0.11,0,1.30 | 1.70 | 2.21,0,1.81 | 2.35 | 3.08,9.459,0.000,0,1,0,0,0,0,-1,0,3,0,,0,,0,,0,0,0,1
1723521715,3843,8,8,8,8,32.228,3,0,0.11 | 0.11 | 0.11,0,1.30 | 1.70 | 2.21,0,1.81 | 2.35 | 3.08,9.459,0.000,0,1,0,0,0,0,-1,0,3,0,,0,,0,,0,0,0,1
1723521715,3843,8,8,8,8,32.228,3,0,0.11 | 0.11 | 0.11,0,1.30 | 1.70 | 2.21,0,1.81 | 2.35 | 3.08,9.459,0.000,0,1,0,0,0,0,-1,0,3,0,,0,,0,,0,0,0,1
1723521715,3843,8,8,8,8,32.228,3,0,0.11 | 0.11 | 0.11,0,1.30 | 1.70 | 2.21,0,1.81 | 2.35 | 3.08,9.459,0.000,0,1,0,0,0,0,-1,0,3,0,,0,,0,,0,0,0,1
1723521716,3843,8,8,8,8,32.228,3,0,0.11 | 0.11 | 0.11,0,1.30 | 1.70 | 2.21,0,1.81 | 2.35 | 3.08,9.459,0.000,0,1,0,0,0,0,-1,0,3,0,,0,,0,,0,0,0,1
1723521716,3843,8,8,8,8,32.228,3,0,0.11 | 0.11 | 0.11,0,1.30 | 1.70 | 2.21,0,1.81 | 2.35 | 3.08,9.459,0.000,0,1,0,0,0,0,-1,0,3,0,,0,,0,,0,0,0,1
1723521716,3843,8,8,8,8,32.228,3,0,0.11 | 0.11 | 0.11,0,1.30 | 1.70 | 2.21,0,1.81 | 2.35 | 3.08,9.459,0.000,0,1,0,0,0,0,-1,0,3,0,,0,,0,,0,0,0,1
1723521716,3843,8,8,8,8,32.228,3,0,0.11 | 0.11 | 0.11,0,1.30 | 1.70 | 2.21,0,1.81 | 2.35 | 3.08,9.459,0.000,0,1,0,0,0,0,-1,0,3,0,,0,,0,,0,0,0,1
1723521716,3843,8,8,8,8,31.312,3,0,0.11 | 0.11 | 0.11,0,1.30 | 1.70 | 2.21,0,1.81 | 2.35 | 3.08,9.459,0.000,0,1,0,0,0,0,-1,0,3,0,,0,,0,,0,0,0,1
1723521716,3843,8,8,8,8,31.312,3,0,0.11 | 0.11 | 0.11,0,1.30 | 1.70 | 2.21,0,1.81 | 2.35 | 3.08,9.459,0.000,0,1,0,0,0,0,-1,0,3,0,,0,,0,,0,0,0,1
1723521716,3843,8,8,8,8,31.312,3,0,0.11 | 0.11 | 0.11,0,1.30 | 1.70 | 2.21,0,1.81 | 2.35 | 3.08,9.459,0.000,0,1,0,0,0,0,-1,0,3,0,,0,,0,,0,0,0,1
1723521716,3843,8,8,8,8,31.312,3,0,0.11 | 0.11 | 0.11,0,1.30 | 1.70 | 2.21,0,1.81 | 2.35 | 3.08,9.459,0.000,0,1,0,0,0,0,-1,0,3,0,,0,,0,,0,0,0,1
1723521716,3843,8,8,8,8,31.312,3,0,0.11 | 0.11 | 0.11,0,1.30 | 1.70 | 2.21,0,1.81 | 2.35 | 3.08,9.459,0.000,0,1,0,0,0,0,-1,0,3,0,,0,,0,,0,0,0,1
1723521716,3843,8,8,8,8,31.312,3,0,0.11 | 0.11 | 0.11,0,1.30 | 1.70 | 2.21,0,1.81 | 2.35 | 3.08,9.459,0.000,0,1,0,0,0,0,-1,0,3,0,,0,,0,,0,0,0,1
1723521717,3843,8,8,8,8,31.312,3,0,0.11 | 0.11 | 0.11,0,1.30 | 1.70 | 2.21,0,1.81 | 2.35 | 3.08,9.459,0.000,0,1,0,0,0,0,-1,0,3,0,,0,,0,,0,0,0,1
1723521717,3843,8,8,8,8,31.312,3,0,0.11 | 0.11 | 0.11,0,1.30 | 1.70 | 2.21,0,1.81 | 2.35 | 3.08,9.459,0.000,0,1,0,0,0,0,-1,0,3,0,,0,,0,,0,0,0,1
1723521717,3843,8,8,8,8,31.312,3,0,0.11 | 0.11 | 0.11,0,1.30 | 1.70 | 2.21,0,1.81 | 2.35 | 3.08,9.459,0.000,0,1,0,0,0,0,-1,0,3,0,,0,,0,,0,0,0,1
1723521717,3843,8,8,8,8,31.312,3,0,0.11 | 0.11 | 0.11,0,1.30 | 1.70 | 2.21,0,1.81 | 2.35 | 3.08,9.459,0.000,0,1,0,0,0,0,-1,0,3,0,,0,,0,,0,0,0,1
1723521717,3843,8,8,8,8,30.251,3,0,0.11 | 0.11 | 0.11,0,1.30 | 1.70 | 2.21,0,1.81 | 2.35 | 3.08,9.459,0.000,0,1,0,0,0,0,-1,0,3,0,,0,,0,,0,0,0,1
1723521717,3843,8,8,8,8,30.251,3,0,0.11 | 0.11 | 0.11,0,1.30 | 1.70 | 2.21,0,1.81 | 2.35 | 3.08,9.459,0.000,0,1,0,0,0,0,-1,0,3,0,,0,,0,,0,0,0,1
1723521717,3843,8,8,8,8,30.251,3,0,0.11 | 0.11 | 0.11,0,1.30 | 1.70 | 2.21,0,1.81 | 2.35 | 3.08,9.459,0.000,0,1,0,0,0,0,-1,0,3,0,,0,,0,,0,0,0,1
1723521717,3843,8,8,8,8,30.251,3,0,0.11 | 0.11 | 0.11,0,1.30 | 1.70 | 2.21,0,1.81 | 2.35 | 3.08,9.459,0.000,0,1,0,0,0,0,-1,0,3,0,,0,,0,,0,0,0,1
1723521717,3843,8,8,8,8,30.251,3,0,0.11 | 0.11 | 0.11,0,1.30 | 1.70 | 2.21,0,1.81 | 2.35 | 3.08,9.459,0.000,0,1,0,0,0,0,-1,0,3,0,,0,,0,,0,0,0,1
1723521717,3843,8,8,8,8,30.251,3,0,0.11 | 0.11 | 0.11,0,1.30 | 1.70 | 2.21,0,1.81 | 2.35 | 3.08,9.459,0.000,0,1,0,0,0,0,-1,0,3,0,,0,,0,,0,0,0,1
1723521718,3843,8,8,8,8,30.251,3,0,0.11 | 0.11 | 0.11,0,1.30 | 1.70 | 2.21,0,1.81 | 2.35 | 3.08,9.459,0.000,0,1,0,0,0,0,-1,0,3,0,,0,,0,,0,0,0,1
1723521718,3843,8,8,8,8,30.251,3,0,0.11 | 0.11 | 0.11,0,1.30 | 1.70 | 2.21,0,1.81 | 2.35 | 3.08,9.459,0.000,0,1,0,0,0,0,-1,0,3,0,,0,,0,,0,0,0,1
1723521718,3843,8,8,8,8,30.251,3,0,0.11 | 0.11 | 0.11,0,1.30 | 1.70 | 2.21,0,1.81 | 2.35 | 3.08,9.459,0.000,0,1,0,0,0,0,-1,0,3,0,,0,,0,,0,0,0,1
1723521718,3843,8,8,8,8,30.251,3,0,0.11 | 0.11 | 0.11,0,1.30 | 1.70 | 2.21,0,1.81 | 2.35 | 3.08,9.459,0.000,0,1,0,0,0,0,-1,0,3,0,,0,,0,,0,0,0,1
1723521718,3843,8,8,8,8,29.186,3,0,0.11 | 0.11 | 0.11,0,1.30 | 1.70 | 2.21,0,1.81 | 2.35 | 3.08,9.459,0.000,0,1,0,0,0,0,-1,0,3,0,,0,,0,,0,0,0,1
1723521718,3843,8,8,8,8,29.186,3,0,0.11 | 0.11 | 0.11,0,1.30 | 1.70 | 2.21,0,1.81 | 2.35 | 3.08,9.459,0.000,0,1,0,0,0,0,-1,0,3,0,,0,,0,,0,0,0,1
1723521718,3843,8,8,8,8,29.186,3,0,0.11 | 0.11 | 0.11,0,1.30 | 1.70 | 2.21,0,1.81 | 2.35 | 3.08,9.459,0.000,0,1,0,0,0,0,-1,0,3,0,,0,,0,,0,0,0,1
1723521718,3843,8,8,8,8,29.186,3,0,0.11 | 0.11 | 0.11,0,1.30 | 1.70 | 2.21,0,1.81 | 2.35 | 3.08,9.459,0.000,0,1,0,0,0,0,-1,0,3,0,,0,,0,,0,0,0,1
1723521718,3843,8,8,8,8,29.186,3,0,0.11 | 0.11 | 0.11,0,1.30 | 1.70 | 2.21,0,1.81 | 2.35 | 3.08,9.459,0.000,0,1,0,0,0,0,-1,0,3,0,,0,,0,,0,0,0,1
1723521718,3843,8,8,8,8,29.186,3,0,0.11 | 0.11 | 0.11,0,1.30 | 1.70 | 2.21,0,1.81 | 2.35 | 3.08,9.459,0.000,0,1,0,0,0,0,-1,0,3,0,,0,,0,,0,0,0,1
1723521719,3843,8,8,8,8,29.186,3,0,0.11 | 0.11 | 0.11,0,1.30 | 1.70 | 2.21,0,1.81 | 2.35 | 3.08,9.459,0.000,0,1,0,0,0,0,-1,0,3,0,,0,,0,,0,0,0,1
1723521719,3843,8,8,8,8,29.186,3,0,0.11 | 0.11 | 0.11,0,1.30 | 1.70 | 2.21,0,1.81 | 2.35 | 3.08,9.459,0.000,0,1,0,0,0,0,-1,0,3,0,,0,,0,,0,0,0,1
1723521719,3843,8,8,8,8,29.186,3,0,0.11 | 0.11 | 0.11,0,1.30 | 1.70 | 2.21,0,1.81 | 2.35 | 3.08,9.459,0.000,0,1,0,0,0,0,-1,0,3,0,,0,,0,,0,0,0,1
1723521719,3843,8,8,8,8,29.186,3,0,0.11 | 0.11 | 0.11,0,1.30 | 1.70 | 2.21,0,1.81 | 2.35 | 3.08,9.459,0.000,0,1,0,0,0,0,-1,0,3,0,,0,,0,,0,0,0,1
1723521719,3843,8,8,8,8,31.583,3,0,0.11 | 0.11 | 0.11,0,1.22 | 1.68 | 2.21,0,1.81 | 2.38 | 3.29,9.469,0.000,0,1,0,0,0,0,-1,0,3,0,,0,,0,,0,0,0,1
1723521719,3843,8,8,8,8,31.583,3,0,0.11 | 0.11 | 0.11,0,1.22 | 1.68 | 2.21,0,1.81 | 2.38 | 3.29,9.469,0.000,0,1,0,0,0,0,-1,0,3,0,,0,,0,,0,0,0,1
1723521719,3843,8,8,8,8,31.583,3,0,0.11 | 0.11 | 0.11,0,1.22 | 1.68 | 2.21,0,1.81 | 2.38 | 3.29,9.469,0.000,0,1,0,0,0,0,-1,0,3,0,,0,,0,,0,0,0,1
1723521719,3843,8,8,8,8,31.583,3,0,0.11 | 0.11 | 0.11,0,1.22 | 1.68 | 2.21,0,1.81 | 2.38 | 3.29,9.469,0.000,0,1,0,0,0,0,-1,0,3,0,,0,,0,,0,0,0,1
1723521719,3843,8,8,8,8,31.583,3,0,0.11 | 0.11 | 0.11,0,1.22 | 1.68 | 2.21,0,1.81 | 2.38 | 3.29,9.469,0.000,0,1,0,0,0,0,-1,0,3,0,,0,,0,,0,0,0,1
1723521719,3843,8,8,8,8,31.583,3,0,0.11 | 0.11 | 0.11,0,1.22 | 1.68 | 2.21,0,1.81 | 2.38 | 3.29,9.469,0.000,0,1,0,0,0,0,-1,0,3,0,,0,,0,,0,0,0,1
1723521720,3843,8,8,8,8,31.583,3,0,0.11 | 0.11 | 0.11,0,1.22 | 1.68 | 2.21,0,1.81 | 2.38 | 3.29,9.469,0.000,0,1,0,0,0,0,-1,0,3,0,,0,,0,,0,0,0,1
1723521720,3843,8,8,8,8,31.583,3,0,0.11 | 0.11 | 0.11,0,1.22 | 1.68 | 2.21,0,1.81 | 2.38 | 3.29,9.469,0.000,0,1,0,0,0,0,-1,0,3,0,,0,,0,,0,0,0,1
1723521720,3843,8,8,8,8,31.583,3,0,0.11 | 0.11 | 0.11,0,1.22 | 1.68 | 2.21,0,1.81 | 2.38 | 3.29,9.469,0.000,0,1,0,0,0,0,-1,0,3,0,,0,,0,,0,0,0,1
1723521720,3843,8,8,8,8,31.583,3,0,0.11 | 0.11 | 0.11,0,1.22 | 1.68 | 2.21,0,1.81 | 2.38 | 3.29,9.469,0.000,0,1,0,0,0,0,-1,0,3,0,,0,,0,,0,0,0,1
1723521720,3843,8,8,8,8,30.388,3,0,0.11 | 0.11 | 0.11,0,1.22 | 1.68 | 2.21,0,1.81 | 2.38 | 3.29,9.469,0.000,0,1,0,0,0,0,-1,0,3,0,,0,,0,,0,0,0,1
1723521720,3843,8,8,8,8,30.388,3,0,0.11 | 0.11 | 0.11,0,1.22 | 1.68 | 2.21,0,1.81 | 2.38 | 3.29,9.469,0.000,0,1,0,0,0,0,-1,0,3,0,,0,,0,,0,0,0,1
1723521720,3843,8,8,8,8,30.388,3,0,0.11 | 0.11 | 0.11,0,1.22 | 1.68 | 2.21,0,1.81 | 2.38 | 3.29,9.469,0.000,0,1,0,0,0,0,-1,0,3,0,,0,,0,,0,0,0,1
1723521720,3843,8,8,8,8,30.388,3,0,0.11 | 0.11 | 0.11,0,1.22 | 1.68 | 2.21,0,1.81 | 2.38 | 3.29,9.469,0.000,0,1,0,0,0,0,-1,0,3,0,,0,,0,,0,0,0,1
1723521720,3843,8,8,8,8,30.388,3,0,0.11 | 0.11 | 0.11,0,1.22 | 1.68 | 2.21,0,1.81 | 2.38 | 3.29,9.469,0.000,0,1,0,0,0,0,-1,0,3,0,,0,,0,,0,0,0,1
1723521720,3843,8,8,8,8,30.388,3,0,0.11 | 0.11 | 0.11,0,1.22 | 1.68 | 2.21,0,1.81 | 2.38 | 3.29,9.469,0.000,0,1,0,0,0,0,-1,0,3,0,,0,,0,,0,0,0,1
1723521721,3843,8,8,8,8,30.388,3,0,0.11 | 0.11 | 0.11,0,1.22 | 1.68 | 2.21,0,1.81 | 2.38 | 3.29,9.469,0.000,0,1,0,0,0,0,-1,0,3,0,,0,,0,,0,0,0,1
1723521721,3843,8,8,8,8,30.388,3,0,0.11 | 0.11 | 0.11,0,1.22 | 1.68 | 2.21,0,1.81 | 2.38 | 3.29,9.469,0.000,0,1,0,0,0,0,-1,0,3,0,,0,,0,,0,0,0,1
1723521721,3843,8,8,8,8,30.388,3,0,0.11 | 0.11 | 0.11,0,1.22 | 1.68 | 2.21,0,1.81 | 2.38 | 3.29,9.469,0.000,0,1,0,0,0,0,-1,0,3,0,,0,,0,,0,0,0,1
1723521721,3843,8,8,8,8,30.388,3,0,0.11 | 0.11 | 0.11,0,1.22 | 1.68 | 2.21,0,1.81 | 2.38 | 3.29,9.469,0.000,0,1,0,0,0,0,-1,0,3,0,,0,,0,,0,0,0,1
1723521721,3843,8,8,8,8,29.467,3,0,0.11 | 0.11 | 0.11,0,1.22 | 1.68 | 2.21,0,1.81 | 2.38 | 3.29,9.469,0.000,0,1,0,0,0,0,-1,0,3,0,,0,,0,,0,0,0,1
1723521721,3843,8,8,8,8,29.467,3,0,0.11 | 0.11 | 0.11,0,1.22 | 1.68 | 2.21,0,1.81 | 2.38 | 3.29,9.469,0.000,0,1,0,0,0,0,-1,0,3,0,,0,,0,,0,0,0,1
1723521721,3843,8,8,8,8,29.467,3,0,0.11 | 0.11 | 0.11,0,1.22 | 1.68 | 2.21,0,1.81 | 2.38 | 3.29,9.469,0.000,0,1,0,0,0,0,-1,0,3,0,,0,,0,,0,0,0,1
1723521721,3843,8,8,8,8,29.467,3,0,0.11 | 0.11 | 0.11,0,1.22 | 1.68 | 2.21,0,1.81 | 2.38 | 3.29,9.469,0.000,0,1,0,0,0,0,-1,0,3,0,,0,,0,,0,0,0,1
1723521721,3843,8,8,8,8,29.467,3,0,0.11 | 0.11 | 0.11,0,1.22 | 1.68 | 2.21,0,1.81 | 2.38 | 3.29,9.469,0.000,0,1,0,0,0,0,-1,0,3,0,,0,,0,,0,0,0,1
1723521721,3843,8,8,8,8,29.467,3,0,0.11 | 0.11 | 0.11,0,1.22 | 1.68 | 2.21,0,1.81 | 2.38 | 3.29,9.469,0.000,0,1,0,0,0,0,-1,0,3,0,,0,,0,,0,0,0,1
1723521722,3843,8,8,8,8,29.467,3,0,0.11 | 0.11 | 0.11,0,1.22 | 1.68 | 2.21,0,1.81 | 2.38 | 3.29,9.469,0.000,0,1,0,0,0,0,-1,0,3,0,,0,,0,,0,0,0,1
1723521722,3843,8,8,8,8,29.467,3,0,0.11 | 0.11 | 0.11,0,1.22 | 1.68 | 2.21,0,1.81 | 2.38 | 3.29,9.469,0.000,0,1,0,0,0,0,-1,0,3,0,,0,,0,,0,0,0,1
1723521722,3843,8,8,8,8,29.467,3,0,0.11 | 0.11 | 0.11,0,1.22 | 1.68 | 2.21,0,1.81 | 2.38 | 3.29,9.469,0.000,0,1,0,0,0,0,-1,0,3,0,,0,,0,,0,0,0,1
1723521722,3843,8,8,8,8,29.467,3,0,0.11 | 0.11 | 0.11,0,1.22 | 1.68 | 2.21,0,1.81 | 2.38 | 3.29,9.469,0.000,0,1,0,0,0,0,-1,0,3,0,,0,,0,,0,0,0,1
1723521722,3843,8,8,8,8,28.399,3,0,0.11 | 0.11 | 0.11,0,1.22 | 1.68 | 2.21,0,1.81 | 2.38 | 3.29,9.469,0.000,0,1,0,0,0,0,-1,0,3,0,,0,,0,,0,0,0,1
1723521722,3843,8,8,8,8,28.399,3,0,0.11 | 0.11 | 0.11,0,1.22 | 1.68 | 2.21,0,1.81 | 2.38 | 3.29,9.469,0.000,0,1,0,0,0,0,-1,0,3,0,,0,,0,,0,0,0,1
1723521722,3843,8,8,8,8,28.399,3,0,0.11 | 0.11 | 0.11,0,1.22 | 1.68 | 2.21,0,1.81 | 2.38 | 3.29,9.469,0.000,0,1,0,0,0,0,-1,0,3,0,,0,,0,,0,0,0,1
1723521722,3843,8,8,8,8,28.399,3,0,0.11 | 0.11 | 0.11,0,1.22 | 1.68 | 2.21,0,1.81 | 2.38 | 3.29,9.469,0.000,0,1,0,0,0,0,-1,0,3,0,,0,,0,,0,0,0,1
1723521722,3843,8,8,8,8,28.399,3,0,0.11 | 0.11 | 0.11,0,1.22 | 1.68 | 2.21,0,1.81 | 2.38 | 3.29,9.469,0.000,0,1,0,0,0,0,-1,0,3,0,,0,,0,,0,0,0,1
1723521722,3843,8,8,8,8,28.399,3,0,0.11 | 0.11 | 0.11,0,1.22 | 1.68 | 2.21,0,1.81 | 2.38 | 3.29,9.469,0.000,0,1,0,0,0,0,-1,0,3,0,,0,,0,,0,0,0,1
1723521723,3843,8,8,8,8,28.399,3,0,0.11 | 0.11 | 0.11,0,1.22 | 1.68 | 2.21,0,1.81 | 2.38 | 3.29,9.469,0.000,0,1,0,0,0,0,-1,0,3,0,,0,,0,,0,0,0,1
1723521723,3843,8,8,8,8,28.399,3,0,0.11 | 0.11 | 0.11,0,1.22 | 1.68 | 2.21,0,1.81 | 2.38 | 3.29,9.469,0.000,0,1,0,0,0,0,-1,0,3,0,,0,,0,,0,0,0,1
1723521723,3843,8,8,8,8,28.399,3,0,0.11 | 0.11 | 0.11,0,1.22 | 1.68 | 2.21,0,1.81 | 2.38 | 3.29,9.469,0.000,0,1,0,0,0,0,-1,0,3,0,,0,,0,,0,0,0,1
1723521723,3843,8,8,8,8,28.399,3,0,0.11 | 0.11 | 0.11,0,1.22 | 1.68 | 2.21,0,1.81 | 2.38 | 3.29,9.469,0.000,0,1,0,0,0,0,-1,0,3,0,,0,,0,,0,0,0,1
1723521723,3843,8,8,8,8,32.289,3,0,0.11 | 0.11 | 0.11,0,1.22 | 1.73 | 2.21,0,1.81 | 2.31 | 3.29,9.471,0.000,0,1,0,0,0,0,-1,0,3,0,,0,,0,,0,0,0,1
1723521723,3843,8,8,8,8,32.289,3,0,0.11 | 0.11 | 0.11,0,1.22 | 1.73 | 2.21,0,1.81 | 2.31 | 3.29,9.471,0.000,0,1,0,0,0,0,-1,0,3,0,,0,,0,,0,0,0,1
1723521723,3843,8,8,8,8,32.289,3,0,0.11 | 0.11 | 0.11,0,1.22 | 1.73 | 2.21,0,1.81 | 2.31 | 3.29,9.471,0.000,0,1,0,0,0,0,-1,0,3,0,,0,,0,,0,0,0,1
1723521723,3843,8,8,8,8,32.289,3,0,0.11 | 0.11 | 0.11,0,1.22 | 1.73 | 2.21,0,1.81 | 2.31 | 3.29,9.471,0.000,0,1,0,0,0,0,-1,0,3,0,,0,,0,,0,0,0,1
1723521723,3843,8,8,8,8,32.289,3,0,0.11 | 0.11 | 0.11,0,1.22 | 1.73 | 2.21,0,1.81 | 2.31 | 3.29,9.471,0.000,0,1,0,0,0,0,-1,0,3,0,,0,,0,,0,0,0,1
1723521723,3843,8,8,8,8,32.289,3,0,0.11 | 0.11 | 0.11,0,1.22 | 1.73 | 2.21,0,1.81 | 2.31 | 3.29,9.471,0.000,0,1,0,0,0,0,-1,0,3,0,,0,,0,,0,0,0,1
1723521724,3843,8,8,8,8,32.289,3,0,0.11 | 0.11 | 0.11,0,1.22 | 1.73 | 2.21,0,1.81 | 2.31 | 3.29,9.471,0.000,0,1,0,0,0,0,-1,0,3,0,,0,,0,,0,0,0,1
1723521724,3843,8,8,8,8,32.289,3,0,0.11 | 0.11 | 0.11,0,1.22 | 1.73 | 2.21,0,1.81 | 2.31 | 3.29,9.471,0.000,0,1,0,0,0,0,-1,0,3,0,,0,,0,,0,0,0,1
1723521724,3843,8,8,8,8,32.289,3,0,0.11 | 0.11 | 0.11,0,1.22 | 1.73 | 2.21,0,1.81 | 2.31 | 3.29,9.471,0.000,0,1,0,0,0,0,-1,0,3,0,,0,,0,,0,0,0,1
1723521724,3843,8,8,8,8,32.289,3,0,0.11 | 0.11 | 0.11,0,1.22 | 1.73 | 2.21,0,1.81 | 2.31 | 3.29,9.471,0.000,0,1,0,0,0,0,-1,0,3,0,,0,,0,,0,0,0,1
1723521724,3843,8,8,8,8,31.345,3,0,0.11 | 0.11 | 0.11,0,1.22 | 1.73 | 2.21,0,1.81 | 2.31 | 3.29,9.471,0.000,0,1,0,0,0,0,-1,0,3,0,,0,,0,,0,0,0,1
1723521724,3843,8,8,8,8,31.345,3,0,0.11 | 0.11 | 0.11,0,1.22 | 1.73 | 2.21,0,1.81 | 2.31 | 3.29,9.471,0.000,0,1,0,0,0,0,-1,0,3,0,,0,,0,,0,0,0,1
1723521724,3843,8,8,8,8,31.345,3,0,0.11 | 0.11 | 0.11,0,1.22 | 1.73 | 2.21,0,1.81 | 2.31 | 3.29,9.471,0.000,0,1,0,0,0,0,-1,0,3,0,,0,,0,,0,0,0,1
1723521724,3843,8,8,8,8,31.345,3,0,0.11 | 0.11 | 0.11,0,1.22 | 1.73 | 2.21,0,1.81 | 2.31 | 3.29,9.471,0.000,0,1,0,0,0,0,-1,0,3,0,,0,,0,,0,0,0,1
1723521724,3843,8,8,8,8,31.345,3,0,0.11 | 0.11 | 0.11,0,1.22 | 1.73 | 2.21,0,1.81 | 2.31 | 3.29,9.471,0.000,0,1,0,0,0,0,-1,0,3,0,,0,,0,,0,0,0,1
1723521724,3843,8,8,8,8,31.345,3,0,0.11 | 0.11 | 0.11,0,1.22 | 1.73 | 2.21,0,1.81 | 2.31 | 3.29,9.471,0.000,0,1,0,0,0,0,-1,0,3,0,,0,,0,,0,0,0,1
1723521725,3843,8,8,8,8,31.345,3,0,0.11 | 0.11 | 0.11,0,1.22 | 1.73 | 2.21,0,1.81 | 2.31 | 3.29,9.471,0.000,0,1,0,0,0,0,-1,0,3,0,,0,,0,,0,0,0,1
1723521725,3843,8,8,8,8,31.345,3,0,0.11 | 0.11 | 0.11,0,1.22 | 1.73 | 2.21,0,1.81 | 2.31 | 3.29,9.471,0.000,0,1,0,0,0,0,-1,0,3,0,,0,,0,,0,0,0,1
1723521725,3843,8,8,8,8,31.345,3,0,0.11 | 0.11 | 0.11,0,1.22 | 1.73 | 2.21,0,1.81 | 2.31 | 3.29,9.471,0.000,0,1,0,0,0,0,-1,0,3,0,,0,,0,,0,0,0,1
1723521725,3843,8,8,8,8,31.345,3,0,0.11 | 0.11 | 0.11,0,1.22 | 1.73 | 2.21,0,1.81 | 2.31 | 3.29,9.471,0.000,0,1,0,0,0,0,-1,0,3,0,,0,,0,,0,0,0,1
1723521725,3843,8,8,8,8,30.283,3,0,0.11 | 0.11 | 0.11,0,1.22 | 1.73 | 2.21,0,1.81 | 2.31 | 3.29,9.471,0.000,0,1,0,0,0,0,-1,0,3,0,,0,,0,,0,0,0,1
1723521725,3843,8,8,8,8,30.283,3,0,0.11 | 0.11 | 0.11,0,1.22 | 1.73 | 2.21,0,1.81 | 2.31 | 3.29,9.471,0.000,0,1,0,0,0,0,-1,0,3,0,,0,,0,,0,0,0,1
1723521725,3843,8,8,8,8,30.283,3,0,0.11 | 0.11 | 0.11,0,1.22 | 1.73 | 2.21,0,1.81 | 2.31 | 3.29,9.471,0.000,0,1,0,0,0,0,-1,0,3,0,,0,,0,,0,0,0,1
1723521725,3843,8,8,8,8,30.283,3,0,0.11 | 0.11 | 0.11,0,1.22 | 1.73 | 2.21,0,1.81 | 2.31 | 3.29,9.471,0.000,0,1,0,0,0,0,-1,0,3,0,,0,,0,,0,0,0,1
1723521725,3843,8,8,8,8,30.283,3,0,0.11 | 0.11 | 0.11,0,1.22 | 1.73 | 2.21,0,1.81 | 2.31 | 3.29,9.471,0.000,0,1,0,0,0,0,-1,0,3,0,,0,,0,,0,0,0,1
1723521725,3843,8,8,8,8,30.283,3,0,0.11 | 0.11 | 0.11,0,1.22 | 1.73 | 2.21,0,1.81 | 2.31 | 3.29,9.471,0.000,0,1,0,0,0,0,-1,0,3,0,,0,,0,,0,0,0,1
1723521726,3843,8,8,8,8,30.283,3,0,0.11 | 0.11 | 0.11,0,1.22 | 1.73 | 2.21,0,1.81 | 2.31 | 3.29,9.471,0.000,0,1,0,0,0,0,-1,0,3,0,,0,,0,,0,0,0,1
1723521726,3843,8,8,8,8,30.283,3,0,0.11 | 0.11 | 0.11,0,1.22 | 1.73 | 2.21,0,1.81 | 2.31 | 3.29,9.471,0.000,0,1,0,0,0,0,-1,0,3,0,,0,,0,,0,0,0,1
1723521726,3843,8,8,8,8,30.283,3,0,0.11 | 0.11 | 0.11,0,1.22 | 1.73 | 2.21,0,1.81 | 2.31 | 3.29,9.471,0.000,0,1,0,0,0,0,-1,0,3,0,,0,,0,,0,0,0,1
1723521726,3843,8,8,8,8,30.283,3,0,0.11 | 0.11 | 0.11,0,1.22 | 1.73 | 2.21,0,1.81 | 2.31 | 3.29,9.471,0.000,0,1,0,0,0,0,-1,0,3,0,,0,,0,,0,0,0,1
1723521726,3843,8,8,8,8,29.22,4,0,0.11 | 0.11 | 0.11,0,1.22 | 1.73 | 2.21,0,1.81 | 2.31 | 3.29,9.471,0.000,0,1,0,0,0,0,-1,0,4,0,,0,,0,,0,0,0,1
1723521726,3843,8,8,8,8,29.22,4,0,0.11 | 0.11 | 0.11,0,1.22 | 1.73 | 2.21,0,1.81 | 2.31 | 3.29,9.471,0.000,0,1,0,0,0,0,-1,0,4,0,,0,,0,,0,0,0,1
1723521726,3843,8,8,8,8,29.22,4,0,0.11 | 0.11 | 0.11,0,1.22 | 1.73 | 2.21,0,1.81 | 2.31 | 3.29,9.471,0.000,0,1,0,0,0,0,-1,0,4,0,,0,,0,,0,0,0,1
1723521726,3843,8,8,8,8,29.22,4,0,0.11 | 0.11 | 0.11,0,1.22 | 1.73 | 2.21,0,1.81 | 2.31 | 3.29,9.471,0.000,0,1,0,0,0,0,-1,0,4,0,,0,,0,,0,0,0,1
1723521726,3843,8,8,8,8,29.22,4,0,0.11 | 0.11 | 0.11,0,1.22 | 1.73 | 2.21,0,1.81 | 2.31 | 3.29,9.471,0.000,0,1,0,0,0,0,-1,0,4,0,,0,,0,,0,0,0,1
1723521726,3843,8,8,8,8,29.22,4,0,0.11 | 0.11 | 0.11,0,1.22 | 1.73 | 2.21,0,1.81 | 2.31 | 3.29,9.471,0.000,0,1,0,0,0,0,-1,0,4,0,,0,,0,,0,0,0,1
1723521727,3843,8,8,8,8,29.22,4,0,0.11 | 0.11 | 0.11,0,1.22 | 1.73 | 2.21,0,1.81 | 2.31 | 3.29,9.471,0.000,0,1,0,0,0,0,-1,0,4,0,,0,,0,,0,0,0,1
1723521727,3843,8,8,8,8,29.22,4,0,0.11 | 0.11 | 0.11,0,1.22 | 1.73 | 2.21,0,1.81 | 2.31 | 3.29,9.471,0.000,0,1,0,0,0,0,-1,0,4,0,,0,,0,,0,0,0,1
1723521727,3843,8,8,8,8,29.22,4,0,0.11 | 0.11 | 0.11,0,1.22 | 1.73 | 2.21,0,1.81 | 2.31 | 3.29,9.471,0.000,0,1,0,0,0,0,-1,0,4,0,,0,,0,,0,0,0,1
1723521727,3843,8,8,8,8,29.22,4,0,0.11 | 0.11 | 0.11,0,1.22 | 1.73 | 2.21,0,1.81 | 2.31 | 3.29,9.471,0.000,0,1,0,0,0,0,-1,0,4,0,,0,,0,,0,0,0,1
1723521727,3843,8,8,8,8,28.423,4,0,0.11 | 0.11 | 0.11,0,1.22 | 1.73 | 2.21,0,1.81 | 2.31 | 3.29,9.471,0.000,0,1,0,0,0,0,-1,0,4,0,,0,,0,,0,0,0,1
1723521727,3843,8,8,8,8,28.423,4,0,0.11 | 0.11 | 0.11,0,1.22 | 1.73 | 2.21,0,1.81 | 2.31 | 3.29,9.471,0.000,0,1,0,0,0,0,-1,0,4,0,,0,,0,,0,0,0,1
1723521727,3843,8,8,8,8,28.423,4,0,0.11 | 0.11 | 0.11,0,1.22 | 1.73 | 2.21,0,1.81 | 2.31 | 3.29,9.471,0.000,0,1,0,0,0,0,-1,0,4,0,,0,,0,,0,0,0,1
1723521727,3843,8,8,8,8,28.423,4,0,0.11 | 0.11 | 0.11,0,1.22 | 1.73 | 2.21,0,1.81 | 2.31 | 3.29,9.471,0.000,0,1,0,0,0,0,-1,0,4,0,,0,,0,,0,0,0,1
1723521727,3843,8,8,8,8,28.423,4,0,0.11 | 0.11 | 0.11,0,1.22 | 1.73 | 2.21,0,1.81 | 2.31 | 3.29,9.471,0.000,0,1,0,0,0,0,-1,0,4,0,,0,,0,,0,0,0,1
1723521727,3843,8,8,8,8,28.423,4,0,0.11 | 0.11 | 0.11,0,1.22 | 1.73 | 2.21,0,1.81 | 2.31 | 3.29,9.471,0.000,0,1,0,0,0,0,-1,0,4,0,,0,,0,,0,0,0,1
1723521728,3843,8,8,8,8,28.423,4,0,0.11 | 0.11 | 0.11,0,1.22 | 1.73 | 2.21,0,1.81 | 2.31 | 3.29,9.471,0.000,0,1,0,0,0,0,-1,0,4,0,,0,,0,,0,0,0,1
1723521728,3843,8,8,8,8,28.423,4,0,0.11 | 0.11 | 0.11,0,1.22 | 1.73 | 2.21,0,1.81 | 2.31 | 3.29,9.471,0.000,0,1,0,0,0,0,-1,0,4,0,,0,,0,,0,0,0,1
1723521728,3843,8,8,8,8,28.423,4,0,0.11 | 0.11 | 0.11,0,1.22 | 1.73 | 2.21,0,1.81 | 2.31 | 3.29,9.471,0.000,0,1,0,0,0,0,-1,0,4,0,,0,,0,,0,0,0,1
1723521728,3843,8,8,8,8,28.423,4,0,0.11 | 0.11 | 0.11,0,1.22 | 1.73 | 2.21,0,1.81 | 2.31 | 3.29,9.471,0.000,0,1,0,0,0,0,-1,0,4,0,,0,,0,,0,0,0,1
1723521728,3843,8,8,8,8,30.561,4,0,0.11 | 0.11 | 0.11,0,1.22 | 1.66 | 2.21,0,1.81 | 2.42 | 3.29,9.310,0.000,0,1,0,0,0,0,-1,0,4,0,,0,,0,,0,0,0,1
1723521728,3843,8,8,8,8,30.561,4,0,0.11 | 0.11 | 0.11,0,1.22 | 1.66 | 2.21,0,1.81 | 2.42 | 3.29,9.310,0.000,0,1,0,0,0,0,-1,0,4,0,,0,,0,,0,0,0,1
1723521728,3843,8,8,8,8,30.561,4,0,0.11 | 0.11 | 0.11,0,1.22 | 1.66 | 2.21,0,1.81 | 2.42 | 3.29,9.310,0.000,0,1,0,0,0,0,-1,0,4,0,,0,,0,,0,0,0,1
1723521728,3843,8,8,8,8,30.561,4,0,0.11 | 0.11 | 0.11,0,1.22 | 1.66 | 2.21,0,1.81 | 2.42 | 3.29,9.310,0.000,0,1,0,0,0,0,-1,0,4,0,,0,,0,,0,0,0,1
1723521728,3843,8,8,8,8,30.561,4,0,0.11 | 0.11 | 0.11,0,1.22 | 1.66 | 2.21,0,1.81 | 2.42 | 3.29,9.310,0.000,0,1,0,0,0,0,-1,0,4,0,,0,,0,,0,0,0,1
1723521728,3843,8,8,8,8,30.561,4,0,0.11 | 0.11 | 0.11,0,1.22 | 1.66 | 2.21,0,1.81 | 2.42 | 3.29,9.310,0.000,0,1,0,0,0,0,-1,0,4,0,,0,,0,,0,0,0,1
1723521729,3843,8,8,8,8,30.561,4,0,0.11 | 0.11 | 0.11,0,1.22 | 1.66 | 2.21,0,1.81 | 2.42 | 3.29,9.310,0.000,0,1,0,0,0,0,-1,0,4,0,,0,,0,,0,0,0,1
1723521729,3843,8,8,8,8,30.561,4,0,0.11 | 0.11 | 0.11,0,1.22 | 1.66 | 2.21,0,1.81 | 2.42 | 3.29,9.310,0.000,0,1,0,0,0,0,-1,0,4,0,,0,,0,,0,0,0,1
1723521729,3843,8,8,8,8,30.561,4,0,0.11 | 0.11 | 0.11,0,1.22 | 1.66 | 2.21,0,1.81 | 2.42 | 3.29,9.310,0.000,0,1,0,0,0,0,-1,0,4,0,,0,,0,,0,0,0,1
1723521729,3843,8,8,8,8,30.561,4,0,0.11 | 0.11 | 0.11,0,1.22 | 1.66 | 2.21,0,1.81 | 2.42 | 3.29,9.310,0.000,0,1,0,0,0,0,-1,0,4,0,,0,,0,,0,0,0,1
1723521729,3843,8,8,8,8,29.498,4,0,0.11 | 0.11 | 0.11,0,1.22 | 1.66 | 2.21,0,1.81 | 2.42 | 3.29,9.310,0.000,0,1,0,0,0,0,-1,0,4,0,,0,,0,,0,0,0,1
1723521729,3843,8,8,8,8,29.498,4,0,0.11 | 0.11 | 0.11,0,1.22 | 1.66 | 2.21,0,1.81 | 2.42 | 3.29,9.310,0.000,0,1,0,0,0,0,-1,0,4,0,,0,,0,,0,0,0,1
1723521729,3843,8,8,8,8,29.498,4,0,0.11 | 0.11 | 0.11,0,1.22 | 1.66 | 2.21,0,1.81 | 2.42 | 3.29,9.310,0.000,0,1,0,0,0,0,-1,0,4,0,,0,,0,,0,0,0,1
1723521729,3843,8,8,8,8,29.498,4,0,0.11 | 0.11 | 0.11,0,1.22 | 1.66 | 2.21,0,1.81 | 2.42 | 3.29,9.310,0.000,0,1,0,0,0,0,-1,0,4,0,,0,,0,,0,0,0,1
1723521729,3843,8,8,8,8,29.498,4,0,0.11 | 0.11 | 0.11,0,1.22 | 1.66 | 2.21,0,1.81 | 2.42 | 3.29,9.310,0.000,0,1,0,0,0,0,-1,0,4,0,,0,,0,,0,0,0,1
1723521729,3843,8,8,8,8,29.498,4,0,0.11 | 0.11 | 0.11,0,1.22 | 1.66 | 2.21,0,1.81 | 2.42 | 3.29,9.310,0.000,0,1,0,0,0,0,-1,0,4,0,,0,,0,,0,0,0,1
1723521730,3843,8,8,8,8,29.498,4,0,0.11 | 0.11 | 0.11,0,1.22 | 1.66 | 2.21,0,1.81 | 2.42 | 3.29,9.310,0.000,0,1,0,0,0,0,-1,0,4,0,,0,,0,,0,0,0,1
1723521730,3843,8,8,8,8,29.498,4,0,0.11 | 0.11 | 0.11,0,1.22 | 1.66 | 2.21,0,1.81 | 2.42 | 3.29,9.310,0.000,0,1,0,0,0,0,-1,0,4,0,,0,,0,,0,0,0,1
1723521730,3843,8,8,8,8,29.498,4,0,0.11 | 0.11 | 0.11,0,1.22 | 1.66 | 2.21,0,1.81 | 2.42 | 3.29,9.310,0.000,0,1,0,0,0,0,-1,0,4,0,,0,,0,,0,0,0,1
1723521730,3843,8,8,8,8,29.498,4,0,0.11 | 0.11 | 0.11,0,1.22 | 1.66 | 2.21,0,1.81 | 2.42 | 3.29,9.310,0.000,0,1,0,0,0,0,-1,0,4,0,,0,,0,,0,0,0,1
1723521730,3843,8,8,8,8,28.436,4,0,0.11 | 0.11 | 0.11,0,1.22 | 1.66 | 2.21,0,1.81 | 2.42 | 3.29,9.310,0.000,0,1,0,0,0,0,-1,0,4,0,,0,,0,,0,0,0,1
1723521730,3843,8,8,8,8,28.436,4,0,0.11 | 0.11 | 0.11,0,1.22 | 1.66 | 2.21,0,1.81 | 2.42 | 3.29,9.310,0.000,0,1,0,0,0,0,-1,0,4,0,,0,,0,,0,0,0,1
1723521730,3843,8,8,8,8,28.436,4,0,0.11 | 0.11 | 0.11,0,1.22 | 1.66 | 2.21,0,1.81 | 2.42 | 3.29,9.310,0.000,0,1,0,0,0,0,-1,0,4,0,,0,,0,,0,0,0,1
1723521730,3843,8,8,8,8,28.436,4,0,0.11 | 0.11 | 0.11,0,1.22 | 1.66 | 2.21,0,1.81 | 2.42 | 3.29,9.310,0.000,0,1,0,0,0,0,-1,0,4,0,,0,,0,,0,0,0,1
1723521730,3843,8,8,8,8,28.436,4,0,0.11 | 0.11 | 0.11,0,1.22 | 1.66 | 2.21,0,1.81 | 2.42 | 3.29,9.310,0.000,0,1,0,0,0,0,-1,0,4,0,,0,,0,,0,0,0,1
1723521730,3843,8,8,8,8,28.436,4,0,0.11 | 0.11 | 0.11,0,1.22 | 1.66 | 2.21,0,1.81 | 2.42 | 3.29,9.310,0.000,0,1,0,0,0,0,-1,0,4,0,,0,,0,,0,0,0,1
1723521731,3843,8,8,8,8,28.436,4,0,0.11 | 0.11 | 0.11,0,1.22 | 1.66 | 2.21,0,1.81 | 2.42 | 3.29,9.310,0.000,0,1,0,0,0,0,-1,0,4,0,,0,,0,,0,0,0,1
1723521731,3843,8,8,8,8,28.436,4,0,0.11 | 0.11 | 0.11,0,1.22 | 1.66 | 2.21,0,1.81 | 2.42 | 3.29,9.310,0.000,0,1,0,0,0,0,-1,0,4,0,,0,,0,,0,0,0,1
1723521731,3843,8,8,8,8,28.436,4,0,0.11 | 0.11 | 0.11,0,1.22 | 1.66 | 2.21,0,1.81 | 2.42 | 3.29,9.310,0.000,0,1,0,0,0,0,-1,0,4,0,,0,,0,,0,0,0,1
1723521731,3843,8,8,8,8,28.436,4,0,0.11 | 0.11 | 0.11,0,1.22 | 1.66 | 2.21,0,1.81 | 2.42 | 3.29,9.310,0.000,0,1,0,0,0,0,-1,0,4,0,,0,,0,,0,0,0,1
1723521731,3843,8,8,8,8,32.228,5,0,0.11 | 0.11 | 0.11,0,1.22 | 1.61 | 2.02,0,1.98 | 2.49 | 3.29,9.315,0.000,0,1,0,0,0,0,-1,0,5,0,,0,,0,,0,0,0,1
1723521731,3843,8,8,8,8,32.228,5,0,0.11 | 0.11 | 0.11,0,1.22 | 1.61 | 2.02,0,1.98 | 2.49 | 3.29,9.315,0.000,0,1,0,0,0,0,-1,0,5,0,,0,,0,,0,0,0,1
1723521731,3843,8,8,8,8,32.228,5,0,0.11 | 0.11 | 0.11,0,1.22 | 1.61 | 2.02,0,1.98 | 2.49 | 3.29,9.315,0.000,0,1,0,0,0,0,-1,0,5,0,,0,,0,,0,0,0,1
1723521731,3843,8,8,8,8,32.228,5,0,0.11 | 0.11 | 0.11,0,1.22 | 1.61 | 2.02,0,1.98 | 2.49 | 3.29,9.315,0.000,0,1,0,0,0,0,-1,0,5,0,,0,,0,,0,0,0,1
1723521731,3843,8,8,8,8,32.228,5,0,0.11 | 0.11 | 0.11,0,1.22 | 1.61 | 2.02,0,1.98 | 2.49 | 3.29,9.315,0.000,0,1,0,0,0,0,-1,0,5,0,,0,,0,,0,0,0,1
1723521731,3843,8,8,8,8,32.228,5,0,0.11 | 0.11 | 0.11,0,1.22 | 1.61 | 2.02,0,1.98 | 2.49 | 3.29,9.315,0.000,0,1,0,0,0,0,-1,0,5,0,,0,,0,,0,0,0,1
1723521732,3843,8,8,8,8,32.228,5,0,0.11 | 0.11 | 0.11,0,1.22 | 1.61 | 2.02,0,1.98 | 2.49 | 3.29,9.315,0.000,0,1,0,0,0,0,-1,0,5,0,,0,,0,,0,0,0,1
1723521732,3843,8,8,8,8,32.228,5,0,0.11 | 0.11 | 0.11,0,1.22 | 1.61 | 2.02,0,1.98 | 2.49 | 3.29,9.315,0.000,0,1,0,0,0,0,-1,0,5,0,,0,,0,,0,0,0,1
1723521732,3843,8,8,8,8,32.228,5,0,0.11 | 0.11 | 0.11,0,1.22 | 1.61 | 2.02,0,1.98 | 2.49 | 3.29,9.315,0.000,0,1,0,0,0,0,-1,0,5,0,,0,,0,,0,0,0,1
1723521732,3843,8,8,8,8,32.228,5,0,0.11 | 0.11 | 0.11,0,1.22 | 1.61 | 2.02,0,1.98 | 2.49 | 3.29,9.315,0.000,0,1,0,0,0,0,-1,0,5,0,,0,,0,,0,0,0,1
1723521732,3843,8,8,8,8,31.329,5,0,0.11 | 0.11 | 0.11,0,1.22 | 1.61 | 2.02,0,1.98 | 2.49 | 3.29,9.315,0.000,0,1,0,0,0,0,-1,0,5,0,,0,,0,,0,0,0,1
1723521732,3843,8,8,8,8,31.329,5,0,0.11 | 0.11 | 0.11,0,1.22 | 1.61 | 2.02,0,1.98 | 2.49 | 3.29,9.315,0.000,0,1,0,0,0,0,-1,0,5,0,,0,,0,,0,0,0,1
1723521732,3843,8,8,8,8,31.329,5,0,0.11 | 0.11 | 0.11,0,1.22 | 1.61 | 2.02,0,1.98 | 2.49 | 3.29,9.315,0.000,0,1,0,0,0,0,-1,0,5,0,,0,,0,,0,0,0,1
1723521732,3843,8,8,8,8,31.329,5,0,0.11 | 0.11 | 0.11,0,1.22 | 1.61 | 2.02,0,1.98 | 2.49 | 3.29,9.315,0.000,0,1,0,0,0,0,-1,0,5,0,,0,,0,,0,0,0,1
1723521732,3843,8,8,8,8,31.329,5,0,0.11 | 0.11 | 0.11,0,1.22 | 1.61 | 2.02,0,1.98 | 2.49 | 3.29,9.315,0.000,0,1,0,0,0,0,-1,0,5,0,,0,,0,,0,0,0,1
1723521732,3843,8,8,8,8,31.329,5,0,0.11 | 0.11 | 0.11,0,1.22 | 1.61 | 2.02,0,1.98 | 2.49 | 3.29,9.315,0.000,0,1,0,0,0,0,-1,0,5,0,,0,,0,,0,0,0,1
1723521733,3843,8,8,8,8,31.329,5,0,0.11 | 0.11 | 0.11,0,1.22 | 1.61 | 2.02,0,1.98 | 2.49 | 3.29,9.315,0.000,0,1,0,0,0,0,-1,0,5,0,,0,,0,,0,0,0,1
1723521733,3843,8,8,8,8,31.329,5,0,0.11 | 0.11 | 0.11,0,1.22 | 1.61 | 2.02,0,1.98 | 2.49 | 3.29,9.315,0.000,0,1,0,0,0,0,-1,0,5,0,,0,,0,,0,0,0,1
1723521733,3843,8,8,8,8,31.329,5,0,0.11 | 0.11 | 0.11,0,1.22 | 1.61 | 2.02,0,1.98 | 2.49 | 3.29,9.315,0.000,0,1,0,0,0,0,-1,0,5,0,,0,,0,,0,0,0,1
1723521733,3843,8,8,8,8,31.329,5,0,0.11 | 0.11 | 0.11,0,1.22 | 1.61 | 2.02,0,1.98 | 2.49 | 3.29,9.315,0.000,0,1,0,0,0,0,-1,0,5,0,,0,,0,,0,0,0,1
1723521733,3843,8,8,8,8,30.267,5,0,0.11 | 0.11 | 0.11,0,1.22 | 1.61 | 2.02,0,1.98 | 2.49 | 3.29,9.315,0.000,0,1,0,0,0,0,-1,0,5,0,,0,,0,,0,0,0,1
1723521733,3843,8,8,8,8,30.267,5,0,0.11 | 0.11 | 0.11,0,1.22 | 1.61 | 2.02,0,1.98 | 2.49 | 3.29,9.315,0.000,0,1,0,0,0,0,-1,0,5,0,,0,,0,,0,0,0,1
1723521733,3843,8,8,8,8,30.267,5,0,0.11 | 0.11 | 0.11,0,1.22 | 1.61 | 2.02,0,1.98 | 2.49 | 3.29,9.315,0.000,0,1,0,0,0,0,-1,0,5,0,,0,,0,,0,0,0,1
1723521733,3843,8,8,8,8,30.267,5,0,0.11 | 0.11 | 0.11,0,1.22 | 1.61 | 2.02,0,1.98 | 2.49 | 3.29,9.315,0.000,0,1,0,0,0,0,-1,0,5,0,,0,,0,,0,0,0,1
1723521733,3843,8,8,8,8,30.267,5,0,0.11 | 0.11 | 0.11,0,1.22 | 1.61 | 2.02,0,1.98 | 2.49 | 3.29,9.315,0.000,0,1,0,0,0,0,-1,0,5,0,,0,,0,,0,0,0,1
1723521733,3843,8,8,8,8,30.267,5,0,0.11 | 0.11 | 0.11,0,1.22 | 1.61 | 2.02,0,1.98 | 2.49 | 3.29,9.315,0.000,0,1,0,0,0,0,-1,0,5,0,,0,,0,,0,0,0,1
1723521734,3843,8,8,8,8,30.267,5,0,0.11 | 0.11 | 0.11,0,1.22 | 1.61 | 2.02,0,1.98 | 2.49 | 3.29,9.315,0.000,0,1,0,0,0,0,-1,0,5,0,,0,,0,,0,0,0,1
1723521734,3843,8,8,8,8,30.267,5,0,0.11 | 0.11 | 0.11,0,1.22 | 1.61 | 2.02,0,1.98 | 2.49 | 3.29,9.315,0.000,0,1,0,0,0,0,-1,0,5,0,,0,,0,,0,0,0,1
1723521734,3843,8,8,8,8,30.267,5,0,0.11 | 0.11 | 0.11,0,1.22 | 1.61 | 2.02,0,1.98 | 2.49 | 3.29,9.315,0.000,0,1,0,0,0,0,-1,0,5,0,,0,,0,,0,0,0,1
1723521734,3843,8,8,8,8,30.267,5,0,0.11 | 0.11 | 0.11,0,1.22 | 1.61 | 2.02,0,1.98 | 2.49 | 3.29,9.315,0.000,0,1,0,0,0,0,-1,0,5,0,,0,,0,,0,0,0,1
1723521734,3843,8,8,8,8,29.204,5,0,0.11 | 0.11 | 0.11,0,1.22 | 1.61 | 2.02,0,1.98 | 2.49 | 3.29,9.315,0.000,0,1,0,0,0,0,-1,0,5,0,,0,,0,,0,0,0,1
1723521734,3843,8,8,8,8,29.204,5,0,0.11 | 0.11 | 0.11,0,1.22 | 1.61 | 2.02,0,1.98 | 2.49 | 3.29,9.315,0.000,0,1,0,0,0,0,-1,0,5,0,,0,,0,,0,0,0,1
1723521734,3843,8,8,8,8,29.204,5,0,0.11 | 0.11 | 0.11,0,1.22 | 1.61 | 2.02,0,1.98 | 2.49 | 3.29,9.315,0.000,0,1,0,0,0,0,-1,0,5,0,,0,,0,,0,0,0,1
1723521734,3843,8,8,8,8,29.204,5,0,0.11 | 0.11 | 0.11,0,1.22 | 1.61 | 2.02,0,1.98 | 2.49 | 3.29,9.315,0.000,0,1,0,0,0,0,-1,0,5,0,,0,,0,,0,0,0,1
1723521734,3843,8,8,8,8,29.204,5,0,0.11 | 0.11 | 0.11,0,1.22 | 1.61 | 2.02,0,1.98 | 2.49 | 3.29,9.315,0.000,0,1,0,0,0,0,-1,0,5,0,,0,,0,,0,0,0,1
1723521734,3843,8,8,8,8,29.204,5,0,0.11 | 0.11 | 0.11,0,1.22 | 1.61 | 2.02,0,1.98 | 2.49 | 3.29,9.315,0.000,0,1,0,0,0,0,-1,0,5,0,,0,,0,,0,0,0,1
1723521735,3843,8,8,8,8,29.204,5,0,0.11 | 0.11 | 0.11,0,1.22 | 1.61 | 2.02,0,1.98 | 2.49 | 3.29,9.315,0.000,0,1,0,0,0,0,-1,0,5,0,,0,,0,,0,0,0,1
1723521735,3843,8,8,8,8,29.204,5,0,0.11 | 0.11 | 0.11,0,1.22 | 1.61 | 2.02,0,1.98 | 2.49 | 3.29,9.315,0.000,0,1,0,0,0,0,-1,0,5,0,,0,,0,,0,0,0,1
1723521735,3843,8,8,8,8,29.204,5,0,0.11 | 0.11 | 0.11,0,1.22 | 1.61 | 2.02,0,1.98 | 2.49 | 3.29,9.315,0.000,0,1,0,0,0,0,-1,0,5,0,,0,,0,,0,0,0,1
1723521735,3843,8,8,8,8,29.204,5,0,0.11 | 0.11 | 0.11,0,1.22 | 1.61 | 2.02,0,1.98 | 2.49 | 3.29,9.315,0.000,0,1,0,0,0,0,-1,0,5,0,,0,,0,,0,0,0,1
1723521735,3843,8,8,8,8,28.399,5,0,0.11 | 0.11 | 0.11,0,1.22 | 1.61 | 2.02,0,1.98 | 2.49 | 3.29,9.315,0.000,0,1,0,0,0,0,-1,0,5,0,,0,,0,,0,0,0,1
1723521735,3843,8,8,8,8,28.399,5,0,0.11 | 0.11 | 0.11,0,1.22 | 1.61 | 2.02,0,1.98 | 2.49 | 3.29,9.315,0.000,0,1,0,0,0,0,-1,0,5,0,,0,,0,,0,0,0,1
1723521735,3843,8,8,8,8,28.399,5,0,0.11 | 0.11 | 0.11,0,1.22 | 1.61 | 2.02,0,1.98 | 2.49 | 3.29,9.315,0.000,0,1,0,0,0,0,-1,0,5,0,,0,,0,,0,0,0,1
1723521735,3843,8,8,8,8,28.399,5,0,0.11 | 0.11 | 0.11,0,1.22 | 1.61 | 2.02,0,1.98 | 2.49 | 3.29,9.315,0.000,0,1,0,0,0,0,-1,0,5,0,,0,,0,,0,0,0,1
1723521735,3843,8,8,8,8,28.399,5,0,0.11 | 0.11 | 0.11,0,1.22 | 1.61 | 2.02,0,1.98 | 2.49 | 3.29,9.315,0.000,0,1,0,0,0,0,-1,0,5,0,,0,,0,,0,0,0,1
1723521735,3843,8,8,8,8,28.399,5,0,0.11 | 0.11 | 0.11,0,1.22 | 1.61 | 2.02,0,1.98 | 2.49 | 3.29,9.315,0.000,0,1,0,0,0,0,-1,0,5,0,,0,,0,,0,0,0,1
1723521736,3843,8,8,8,8,28.399,5,0,0.11 | 0.11 | 0.11,0,1.22 | 1.61 | 2.02,0,1.98 | 2.49 | 3.29,9.315,0.000,0,1,0,0,0,0,-1,0,5,0,,0,,0,,0,0,0,1
1723521736,3843,8,8,8,8,28.399,5,0,0.11 | 0.11 | 0.11,0,1.22 | 1.61 | 2.02,0,1.98 | 2.49 | 3.29,9.315,0.000,0,1,0,0,0,0,-1,0,5,0,,0,,0,,0,0,0,1
1723521736,3843,8,8,8,8,28.399,5,0,0.11 | 0.11 | 0.11,0,1.22 | 1.61 | 2.02,0,1.98 | 2.49 | 3.29,9.315,0.000,0,1,0,0,0,0,-1,0,5,0,,0,,0,,0,0,0,1
1723521736,3843,8,8,8,8,28.399,5,0,0.11 | 0.11 | 0.11,0,1.22 | 1.61 | 2.02,0,1.98 | 2.49 | 3.29,9.315,0.000,0,1,0,0,0,0,-1,0,5,0,,0,,0,,0,0,0,1
1723521736,3843,8,8,8,8,30.513,5,0,0.11 | 0.11 | 0.11,0,1.23 | 1.67 | 2.02,0,1.98 | 2.39 | 3.24,9.266,0.000,0,1,0,0,0,0,-1,0,5,0,,0,,0,,0,0,0,1
1723521736,3843,8,8,8,8,30.513,5,0,0.11 | 0.11 | 0.11,0,1.23 | 1.67 | 2.02,0,1.98 | 2.39 | 3.24,9.266,0.000,0,1,0,0,0,0,-1,0,5,0,,0,,0,,0,0,0,1
1723521736,3843,8,8,8,8,30.513,5,0,0.11 | 0.11 | 0.11,0,1.23 | 1.67 | 2.02,0,1.98 | 2.39 | 3.24,9.266,0.000,0,1,0,0,0,0,-1,0,5,0,,0,,0,,0,0,0,1
1723521736,3843,8,8,8,8,30.513,5,0,0.11 | 0.11 | 0.11,0,1.23 | 1.67 | 2.02,0,1.98 | 2.39 | 3.24,9.266,0.000,0,1,0,0,0,0,-1,0,5,0,,0,,0,,0,0,0,1
1723521736,3843,8,8,8,8,30.513,5,0,0.11 | 0.11 | 0.11,0,1.23 | 1.67 | 2.02,0,1.98 | 2.39 | 3.24,9.266,0.000,0,1,0,0,0,0,-1,0,5,0,,0,,0,,0,0,0,1
1723521736,3843,8,8,8,8,30.513,5,0,0.11 | 0.11 | 0.11,0,1.23 | 1.67 | 2.02,0,1.98 | 2.39 | 3.24,9.266,0.000,0,1,0,0,0,0,-1,0,5,0,,0,,0,,0,0,0,1
1723521737,3843,8,8,8,8,30.513,5,0,0.11 | 0.11 | 0.11,0,1.23 | 1.67 | 2.02,0,1.98 | 2.39 | 3.24,9.266,0.000,0,1,0,0,0,0,-1,0,5,0,,0,,0,,0,0,0,1
1723521737,3843,8,8,8,8,30.513,5,0,0.11 | 0.11 | 0.11,0,1.23 | 1.67 | 2.02,0,1.98 | 2.39 | 3.24,9.266,0.000,0,1,0,0,0,0,-1,0,5,0,,0,,0,,0,0,0,1
1723521737,3843,8,8,8,8,30.513,5,0,0.11 | 0.11 | 0.11,0,1.23 | 1.67 | 2.02,0,1.98 | 2.39 | 3.24,9.266,0.000,0,1,0,0,0,0,-1,0,5,0,,0,,0,,0,0,0,1
1723521737,3843,8,8,8,8,30.513,5,0,0.11 | 0.11 | 0.11,0,1.23 | 1.67 | 2.02,0,1.98 | 2.39 | 3.24,9.266,0.000,0,1,0,0,0,0,-1,0,5,0,,0,,0,,0,0,0,1
1723521737,3843,8,8,8,8,29.451,5,0,0.11 | 0.11 | 0.11,0,1.23 | 1.67 | 2.02,0,1.98 | 2.39 | 3.24,9.266,0.000,0,1,0,0,0,0,-1,0,5,0,,0,,0,,0,0,0,1
1723521737,3843,8,8,8,8,29.451,5,0,0.11 | 0.11 | 0.11,0,1.23 | 1.67 | 2.02,0,1.98 | 2.39 | 3.24,9.266,0.000,0,1,0,0,0,0,-1,0,5,0,,0,,0,,0,0,0,1
1723521737,3843,8,8,8,8,29.451,5,0,0.11 | 0.11 | 0.11,0,1.23 | 1.67 | 2.02,0,1.98 | 2.39 | 3.24,9.266,0.000,0,1,0,0,0,0,-1,0,5,0,,0,,0,,0,0,0,1
1723521737,3843,8,8,8,8,29.451,5,0,0.11 | 0.11 | 0.11,0,1.23 | 1.67 | 2.02,0,1.98 | 2.39 | 3.24,9.266,0.000,0,1,0,0,0,0,-1,0,5,0,,0,,0,,0,0,0,1
1723521737,3843,8,8,8,8,29.451,5,0,0.11 | 0.11 | 0.11,0,1.23 | 1.67 | 2.02,0,1.98 | 2.39 | 3.24,9.266,0.000,0,1,0,0,0,0,-1,0,5,0,,0,,0,,0,0,0,1
1723521737,3843,8,8,8,8,29.451,5,0,0.11 | 0.11 | 0.11,0,1.23 | 1.67 | 2.02,0,1.98 | 2.39 | 3.24,9.266,0.000,0,1,0,0,0,0,-1,0,5,0,,0,,0,,0,0,0,1
1723521738,3843,8,8,8,8,29.451,5,0,0.11 | 0.11 | 0.11,0,1.23 | 1.67 | 2.02,0,1.98 | 2.39 | 3.24,9.266,0.000,0,1,0,0,0,0,-1,0,5,0,,0,,0,,0,0,0,1
1723521738,3843,8,8,8,8,29.451,5,0,0.11 | 0.11 | 0.11,0,1.23 | 1.67 | 2.02,0,1.98 | 2.39 | 3.24,9.266,0.000,0,1,0,0,0,0,-1,0,5,0,,0,,0,,0,0,0,1
1723521738,3843,8,8,8,8,29.451,5,0,0.11 | 0.11 | 0.11,0,1.23 | 1.67 | 2.02,0,1.98 | 2.39 | 3.24,9.266,0.000,0,1,0,0,0,0,-1,0,5,0,,0,,0,,0,0,0,1
1723521738,3843,8,8,8,8,29.451,5,0,0.11 | 0.11 | 0.11,0,1.23 | 1.67 | 2.02,0,1.98 | 2.39 | 3.24,9.266,0.000,0,1,0,0,0,0,-1,0,5,0,,0,,0,,0,0,0,1
1723521738,3843,8,8,8,8,28.384,5,0,0.11 | 0.11 | 0.11,0,1.23 | 1.67 | 2.02,0,1.98 | 2.39 | 3.24,9.266,0.000,0,1,0,0,0,0,-1,0,5,0,,0,,0,,0,0,0,1
1723521738,3843,8,8,8,8,28.384,5,0,0.11 | 0.11 | 0.11,0,1.23 | 1.67 | 2.02,0,1.98 | 2.39 | 3.24,9.266,0.000,0,1,0,0,0,0,-1,0,5,0,,0,,0,,0,0,0,1
1723521738,3843,8,8,8,8,28.384,5,0,0.11 | 0.11 | 0.11,0,1.23 | 1.67 | 2.02,0,1.98 | 2.39 | 3.24,9.266,0.000,0,1,0,0,0,0,-1,0,5,0,,0,,0,,0,0,0,1
1723521738,3843,8,8,8,8,28.384,5,0,0.11 | 0.11 | 0.11,0,1.23 | 1.67 | 2.02,0,1.98 | 2.39 | 3.24,9.266,0.000,0,1,0,0,0,0,-1,0,5,0,,0,,0,,0,0,0,1
1723521738,3843,8,8,8,8,28.384,5,0,0.11 | 0.11 | 0.11,0,1.23 | 1.67 | 2.02,0,1.98 | 2.39 | 3.24,9.266,0.000,0,1,0,0,0,0,-1,0,5,0,,0,,0,,0,0,0,1
1723521738,3843,8,8,8,8,28.384,5,0,0.11 | 0.11 | 0.11,0,1.23 | 1.67 | 2.02,0,1.98 | 2.39 | 3.24,9.266,0.000,0,1,0,0,0,0,-1,0,5,0,,0,,0,,0,0,0,1
1723521739,3843,8,8,8,8,28.384,5,0,0.11 | 0.11 | 0.11,0,1.23 | 1.67 | 2.02,0,1.98 | 2.39 | 3.24,9.266,0.000,0,1,0,0,0,0,-1,0,5,0,,0,,0,,0,0,0,1
1723521739,3843,8,8,8,8,28.384,5,0,0.11 | 0.11 | 0.11,0,1.23 | 1.67 | 2.02,0,1.98 | 2.39 | 3.24,9.266,0.000,0,1,0,0,0,0,-1,0,5,0,,0,,0,,0,0,0,1
1723521739,3843,8,8,8,8,28.384,5,0,0.11 | 0.11 | 0.11,0,1.23 | 1.67 | 2.02,0,1.98 | 2.39 | 3.24,9.266,0.000,0,1,0,0,0,0,-1,0,5,0,,0,,0,,0,0,0,1
1723521739,3843,8,8,8,8,28.384,5,0,0.11 | 0.11 | 0.11,0,1.23 | 1.67 | 2.02,0,1.98 | 2.39 | 3.24,9.266,0.000,0,1,0,0,0,0,-1,0,5,0,,0,,0,,0,0,0,1
1723521739,3843,8,8,8,8,32.351,5,0,0.11 | 0.11 | 0.11,0,1.23 | 1.71 | 2.11,0,1.90 | 2.34 | 3.24,9.254,0.000,0,1,0,0,0,0,-1,0,5,0,,0,,0,,0,0,0,1
1723521739,3843,8,8,8,8,32.351,5,0,0.11 | 0.11 | 0.11,0,1.23 | 1.71 | 2.11,0,1.90 | 2.34 | 3.24,9.254,0.000,0,1,0,0,0,0,-1,0,5,0,,0,,0,,0,0,0,1
1723521739,3843,8,8,8,8,32.351,5,0,0.11 | 0.11 | 0.11,0,1.23 | 1.71 | 2.11,0,1.90 | 2.34 | 3.24,9.254,0.000,0,1,0,0,0,0,-1,0,5,0,,0,,0,,0,0,0,1
1723521739,3843,8,8,8,8,32.351,5,0,0.11 | 0.11 | 0.11,0,1.23 | 1.71 | 2.11,0,1.90 | 2.34 | 3.24,9.254,0.000,0,1,0,0,0,0,-1,0,5,0,,0,,0,,0,0,0,1
1723521739,3843,8,8,8,8,32.351,5,0,0.11 | 0.11 | 0.11,0,1.23 | 1.71 | 2.11,0,1.90 | 2.34 | 3.24,9.254,0.000,0,1,0,0,0,0,-1,0,5,0,,0,,0,,0,0,0,1
1723521739,3843,8,8,8,8,32.351,5,0,0.11 | 0.11 | 0.11,0,1.23 | 1.71 | 2.11,0,1.90 | 2.34 | 3.24,9.254,0.000,0,1,0,0,0,0,-1,0,5,0,,0,,0,,0,0,0,1
1723521740,3843,8,8,8,8,32.351,5,0,0.11 | 0.11 | 0.11,0,1.23 | 1.71 | 2.11,0,1.90 | 2.34 | 3.24,9.254,0.000,0,1,0,0,0,0,-1,0,5,0,,0,,0,,0,0,0,1
1723521740,3843,8,8,8,8,32.351,5,0,0.11 | 0.11 | 0.11,0,1.23 | 1.71 | 2.11,0,1.90 | 2.34 | 3.24,9.254,0.000,0,1,0,0,0,0,-1,0,5,0,,0,,0,,0,0,0,1
1723521740,3843,8,8,8,8,32.351,5,0,0.11 | 0.11 | 0.11,0,1.23 | 1.71 | 2.11,0,1.90 | 2.34 | 3.24,9.254,0.000,0,1,0,0,0,0,-1,0,5,0,,0,,0,,0,0,0,1
1723521740,3843,8,8,8,8,32.351,5,0,0.11 | 0.11 | 0.11,0,1.23 | 1.71 | 2.11,0,1.90 | 2.34 | 3.24,9.254,0.000,0,1,0,0,0,0,-1,0,5,0,,0,,0,,0,0,0,1
1723521740,3843,8,8,8,8,31.188,5,0,0.11 | 0.11 | 0.11,0,1.23 | 1.71 | 2.11,0,1.90 | 2.34 | 3.24,9.254,0.000,0,1,0,0,0,0,-1,0,5,0,,0,,0,,0,0,0,1
1723521740,3843,8,8,8,8,31.188,5,0,0.11 | 0.11 | 0.11,0,1.23 | 1.71 | 2.11,0,1.90 | 2.34 | 3.24,9.254,0.000,0,1,0,0,0,0,-1,0,5,0,,0,,0,,0,0,0,1
1723521740,3843,8,8,8,8,31.188,5,0,0.11 | 0.11 | 0.11,0,1.23 | 1.71 | 2.11,0,1.90 | 2.34 | 3.24,9.254,0.000,0,1,0,0,0,0,-1,0,5,0,,0,,0,,0,0,0,1
1723521740,3843,8,8,8,8,31.188,5,0,0.11 | 0.11 | 0.11,0,1.23 | 1.71 | 2.11,0,1.90 | 2.34 | 3.24,9.254,0.000,0,1,0,0,0,0,-1,0,5,0,,0,,0,,0,0,0,1
1723521740,3843,8,8,8,8,31.188,5,0,0.11 | 0.11 | 0.11,0,1.23 | 1.71 | 2.11,0,1.90 | 2.34 | 3.24,9.254,0.000,0,1,0,0,0,0,-1,0,5,0,,0,,0,,0,0,0,1
1723521740,3843,8,8,8,8,31.188,5,0,0.11 | 0.11 | 0.11,0,1.23 | 1.71 | 2.11,0,1.90 | 2.34 | 3.24,9.254,0.000,0,1,0,0,0,0,-1,0,5,0,,0,,0,,0,0,0,1
1723521741,3843,8,8,8,8,31.188,5,0,0.11 | 0.11 | 0.11,0,1.23 | 1.71 | 2.11,0,1.90 | 2.34 | 3.24,9.254,0.000,0,1,0,0,0,0,-1,0,5,0,,0,,0,,0,0,0,1
1723521741,3843,8,8,8,8,31.188,5,0,0.11 | 0.11 | 0.11,0,1.23 | 1.71 | 2.11,0,1.90 | 2.34 | 3.24,9.254,0.000,0,1,0,0,0,0,-1,0,5,0,,0,,0,,0,0,0,1
1723521741,3843,8,8,8,8,31.188,5,0,0.11 | 0.11 | 0.11,0,1.23 | 1.71 | 2.11,0,1.90 | 2.34 | 3.24,9.254,0.000,0,1,0,0,0,0,-1,0,5,0,,0,,0,,0,0,0,1
1723521741,3843,8,8,8,8,31.188,5,0,0.11 | 0.11 | 0.11,0,1.23 | 1.71 | 2.11,0,1.90 | 2.34 | 3.24,9.254,0.000,0,1,0,0,0,0,-1,0,5,0,,0,,0,,0,0,0,1
1723521741,3843,8,8,8,8,30.267,5,0,0.11 | 0.11 | 0.11,0,1.23 | 1.71 | 2.11,0,1.90 | 2.34 | 3.24,9.254,0.000,0,1,0,0,0,0,-1,0,5,0,,0,,0,,0,0,0,1
1723521741,3843,8,8,8,8,30.267,5,0,0.11 | 0.11 | 0.11,0,1.23 | 1.71 | 2.11,0,1.90 | 2.34 | 3.24,9.254,0.000,0,1,0,0,0,0,-1,0,5,0,,0,,0,,0,0,0,1
1723521741,3843,8,8,8,8,30.267,5,0,0.11 | 0.11 | 0.11,0,1.23 | 1.71 | 2.11,0,1.90 | 2.34 | 3.24,9.254,0.000,0,1,0,0,0,0,-1,0,5,0,,0,,0,,0,0,0,1
1723521741,3843,8,8,8,8,30.267,5,0,0.11 | 0.11 | 0.11,0,1.23 | 1.71 | 2.11,0,1.90 | 2.34 | 3.24,9.254,0.000,0,1,0,0,0,0,-1,0,5,0,,0,,0,,0,0,0,1
1723521741,3843,8,8,8,8,30.267,5,0,0.11 | 0.11 | 0.11,0,1.23 | 1.71 | 2.11,0,1.90 | 2.34 | 3.24,9.254,0.000,0,1,0,0,0,0,-1,0,5,0,,0,,0,,0,0,0,1
1723521741,3843,8,8,8,8,30.267,5,0,0.11 | 0.11 | 0.11,0,1.23 | 1.71 | 2.11,0,1.90 | 2.34 | 3.24,9.254,0.000,0,1,0,0,0,0,-1,0,5,0,,0,,0,,0,0,0,1
1723521742,3843,8,8,8,8,30.267,5,0,0.11 | 0.11 | 0.11,0,1.23 | 1.71 | 2.11,0,1.90 | 2.34 | 3.24,9.254,0.000,0,1,0,0,0,0,-1,0,5,0,,0,,0,,0,0,0,1
1723521742,3843,8,8,8,8,30.267,5,0,0.11 | 0.11 | 0.11,0,1.23 | 1.71 | 2.11,0,1.90 | 2.34 | 3.24,9.254,0.000,0,1,0,0,0,0,-1,0,5,0,,0,,0,,0,0,0,1
1723521742,3843,8,8,8,8,30.267,5,0,0.11 | 0.11 | 0.11,0,1.23 | 1.71 | 2.11,0,1.90 | 2.34 | 3.24,9.254,0.000,0,1,0,0,0,0,-1,0,5,0,,0,,0,,0,0,0,1
1723521742,3843,8,8,8,8,30.267,5,0,0.11 | 0.11 | 0.11,0,1.23 | 1.71 | 2.11,0,1.90 | 2.34 | 3.24,9.254,0.000,0,1,0,0,0,0,-1,0,5,0,,0,,0,,0,0,0,1
1723521742,3843,8,8,8,8,29.204,5,0,0.11 | 0.11 | 0.11,0,1.23 | 1.71 | 2.11,0,1.90 | 2.34 | 3.24,9.254,0.000,0,1,0,0,0,0,-1,0,5,0,,0,,0,,0,0,0,1
1723521742,3843,8,8,8,8,29.204,5,0,0.11 | 0.11 | 0.11,0,1.23 | 1.71 | 2.11,0,1.90 | 2.34 | 3.24,9.254,0.000,0,1,0,0,0,0,-1,0,5,0,,0,,0,,0,0,0,1
1723521742,3843,8,8,8,8,29.204,5,0,0.11 | 0.11 | 0.11,0,1.23 | 1.71 | 2.11,0,1.90 | 2.34 | 3.24,9.254,0.000,0,1,0,0,0,0,-1,0,5,0,,0,,0,,0,0,0,1
1723521742,3843,8,8,8,8,29.204,5,0,0.11 | 0.11 | 0.11,0,1.23 | 1.71 | 2.11,0,1.90 | 2.34 | 3.24,9.254,0.000,0,1,0,0,0,0,-1,0,5,0,,0,,0,,0,0,0,1
1723521742,3843,8,8,8,8,29.204,5,0,0.11 | 0.11 | 0.11,0,1.23 | 1.71 | 2.11,0,1.90 | 2.34 | 3.24,9.254,0.000,0,1,0,0,0,0,-1,0,5,0,,0,,0,,0,0,0,1
1723521742,3843,8,8,8,8,29.204,5,0,0.11 | 0.11 | 0.11,0,1.23 | 1.71 | 2.11,0,1.90 | 2.34 | 3.24,9.254,0.000,0,1,0,0,0,0,-1,0,5,0,,0,,0,,0,0,0,1
1723521743,3843,8,8,8,8,29.204,5,0,0.11 | 0.11 | 0.11,0,1.23 | 1.71 | 2.11,0,1.90 | 2.34 | 3.24,9.254,0.000,0,1,0,0,0,0,-1,0,5,0,,0,,0,,0,0,0,1
1723521743,3843,8,8,8,8,29.204,5,0,0.11 | 0.11 | 0.11,0,1.23 | 1.71 | 2.11,0,1.90 | 2.34 | 3.24,9.254,0.000,0,1,0,0,0,0,-1,0,5,0,,0,,0,,0,0,0,1
1723521743,3843,8,8,8,8,29.204,5,0,0.11 | 0.11 | 0.11,0,1.23 | 1.71 | 2.11,0,1.90 | 2.34 | 3.24,9.254,0.000,0,1,0,0,0,0,-1,0,5,0,,0,,0,,0,0,0,1
1723521743,3843,8,8,8,8,29.204,5,0,0.11 | 0.11 | 0.11,0,1.23 | 1.71 | 2.11,0,1.90 | 2.34 | 3.24,9.254,0.000,0,1,0,0,0,0,-1,0,5,0,,0,,0,,0,0,0,1
1723521743,3843,8,8,8,8,28.406,5,0,0.11 | 0.11 | 0.11,0,1.23 | 1.71 | 2.11,0,1.90 | 2.34 | 3.24,9.254,0.000,0,1,0,0,0,0,-1,0,5,0,,0,,0,,0,0,0,1
1723521743,3843,8,8,8,8,28.406,5,0,0.11 | 0.11 | 0.11,0,1.23 | 1.71 | 2.11,0,1.90 | 2.34 | 3.24,9.254,0.000,0,1,0,0,0,0,-1,0,5,0,,0,,0,,0,0,0,1
1723521743,3843,8,8,8,8,28.406,5,0,0.11 | 0.11 | 0.11,0,1.23 | 1.71 | 2.11,0,1.90 | 2.34 | 3.24,9.254,0.000,0,1,0,0,0,0,-1,0,5,0,,0,,0,,0,0,0,1
1723521743,3843,8,8,8,8,28.406,5,0,0.11 | 0.11 | 0.11,0,1.23 | 1.71 | 2.11,0,1.90 | 2.34 | 3.24,9.254,0.000,0,1,0,0,0,0,-1,0,5,0,,0,,0,,0,0,0,1
1723521743,3843,8,8,8,8,28.406,5,0,0.11 | 0.11 | 0.11,0,1.23 | 1.71 | 2.11,0,1.90 | 2.34 | 3.24,9.254,0.000,0,1,0,0,0,0,-1,0,5,0,,0,,0,,0,0,0,1
1723521743,3843,8,8,8,8,28.406,5,0,0.11 | 0.11 | 0.11,0,1.23 | 1.71 | 2.11,0,1.90 | 2.34 | 3.24,9.254,0.000,0,1,0,0,0,0,-1,0,5,0,,0,,0,,0,0,0,1
1723521744,3843,8,8,8,8,28.406,5,0,0.11 | 0.11 | 0.11,0,1.23 | 1.71 | 2.11,0,1.90 | 2.34 | 3.24,9.254,0.000,0,1,0,0,0,0,-1,0,5,0,,0,,0,,0,0,0,1
1723521744,3843,8,8,8,8,28.406,5,0,0.11 | 0.11 | 0.11,0,1.23 | 1.71 | 2.11,0,1.90 | 2.34 | 3.24,9.254,0.000,0,1,0,0,0,0,-1,0,5,0,,0,,0,,0,0,0,1
1723521744,3843,8,8,8,8,28.406,5,0,0.11 | 0.11 | 0.11,0,1.23 | 1.71 | 2.11,0,1.90 | 2.34 | 3.24,9.254,0.000,0,1,0,0,0,0,-1,0,5,0,,0,,0,,0,0,0,1
1723521744,3843,8,8,8,8,28.406,5,0,0.11 | 0.11 | 0.11,0,1.23 | 1.71 | 2.11,0,1.90 | 2.34 | 3.24,9.254,0.000,0,1,0,0,0,0,-1,0,5,0,,0,,0,,0,0,0,1
1723521744,3843,8,8,8,8,30.529,5,0,0.11 | 0.11 | 0.11,0,1.32 | 1.73 | 2.11,0,1.90 | 2.31 | 3.02,9.419,0.000,0,1,0,0,0,0,-1,0,5,0,,0,,0,,0,0,0,1
1723521744,3843,8,8,8,8,30.529,5,0,0.11 | 0.11 | 0.11,0,1.32 | 1.73 | 2.11,0,1.90 | 2.31 | 3.02,9.419,0.000,0,1,0,0,0,0,-1,0,5,0,,0,,0,,0,0,0,1
1723521744,3843,8,8,8,8,30.529,5,0,0.11 | 0.11 | 0.11,0,1.32 | 1.73 | 2.11,0,1.90 | 2.31 | 3.02,9.419,0.000,0,1,0,0,0,0,-1,0,5,0,,0,,0,,0,0,0,1
1723521744,3843,8,8,8,8,30.529,5,0,0.11 | 0.11 | 0.11,0,1.32 | 1.73 | 2.11,0,1.90 | 2.31 | 3.02,9.419,0.000,0,1,0,0,0,0,-1,0,5,0,,0,,0,,0,0,0,1
1723521744,3843,8,8,8,8,30.529,5,0,0.11 | 0.11 | 0.11,0,1.32 | 1.73 | 2.11,0,1.90 | 2.31 | 3.02,9.419,0.000,0,1,0,0,0,0,-1,0,5,0,,0,,0,,0,0,0,1
1723521744,3843,8,8,8,8,30.529,5,0,0.11 | 0.11 | 0.11,0,1.32 | 1.73 | 2.11,0,1.90 | 2.31 | 3.02,9.419,0.000,0,1,0,0,0,0,-1,0,5,0,,0,,0,,0,0,0,1
1723521745,3843,8,8,8,8,30.529,5,0,0.11 | 0.11 | 0.11,0,1.32 | 1.73 | 2.11,0,1.90 | 2.31 | 3.02,9.419,0.000,0,1,0,0,0,0,-1,0,5,0,,0,,0,,0,0,0,1
1723521745,3843,8,8,8,8,30.529,5,0,0.11 | 0.11 | 0.11,0,1.32 | 1.73 | 2.11,0,1.90 | 2.31 | 3.02,9.419,0.000,0,1,0,0,0,0,-1,0,5,0,,0,,0,,0,0,0,1
1723521745,3843,8,8,8,8,30.529,5,0,0.11 | 0.11 | 0.11,0,1.32 | 1.73 | 2.11,0,1.90 | 2.31 | 3.02,9.419,0.000,0,1,0,0,0,0,-1,0,5,0,,0,,0,,0,0,0,1
1723521745,3843,8,8,8,8,30.529,5,0,0.11 | 0.11 | 0.11,0,1.32 | 1.73 | 2.11,0,1.90 | 2.31 | 3.02,9.419,0.000,0,1,0,0,0,0,-1,0,5,0,,0,,0,,0,0,0,1
1723521745,3843,8,8,8,8,29.466,5,0,0.11 | 0.11 | 0.11,0,1.32 | 1.73 | 2.11,0,1.90 | 2.31 | 3.02,9.419,0.000,0,1,0,0,0,0,-1,0,5,0,,0,,0,,0,0,0,1
1723521745,3843,8,8,8,8,29.466,5,0,0.11 | 0.11 | 0.11,0,1.32 | 1.73 | 2.11,0,1.90 | 2.31 | 3.02,9.419,0.000,0,1,0,0,0,0,-1,0,5,0,,0,,0,,0,0,0,1
1723521745,3843,8,8,8,8,29.466,5,0,0.11 | 0.11 | 0.11,0,1.32 | 1.73 | 2.11,0,1.90 | 2.31 | 3.02,9.419,0.000,0,1,0,0,0,0,-1,0,5,0,,0,,0,,0,0,0,1
1723521745,3843,8,8,8,8,29.466,5,0,0.11 | 0.11 | 0.11,0,1.32 | 1.73 | 2.11,0,1.90 | 2.31 | 3.02,9.419,0.000,0,1,0,0,0,0,-1,0,5,0,,0,,0,,0,0,0,1
1723521745,3843,8,8,8,8,29.466,5,0,0.11 | 0.11 | 0.11,0,1.32 | 1.73 | 2.11,0,1.90 | 2.31 | 3.02,9.419,0.000,0,1,0,0,0,0,-1,0,5,0,,0,,0,,0,0,0,1
1723521745,3843,8,8,8,8,29.466,5,0,0.11 | 0.11 | 0.11,0,1.32 | 1.73 | 2.11,0,1.90 | 2.31 | 3.02,9.419,0.000,0,1,0,0,0,0,-1,0,5,0,,0,,0,,0,0,0,1
1723521746,3843,8,8,8,8,29.466,5,0,0.11 | 0.11 | 0.11,0,1.32 | 1.73 | 2.11,0,1.90 | 2.31 | 3.02,9.419,0.000,0,1,0,0,0,0,-1,0,5,0,,0,,0,,0,0,0,1
1723521746,3843,8,8,8,8,29.466,5,0,0.11 | 0.11 | 0.11,0,1.32 | 1.73 | 2.11,0,1.90 | 2.31 | 3.02,9.419,0.000,0,1,0,0,0,0,-1,0,5,0,,0,,0,,0,0,0,1
1723521746,3843,8,8,8,8,29.466,5,0,0.11 | 0.11 | 0.11,0,1.32 | 1.73 | 2.11,0,1.90 | 2.31 | 3.02,9.419,0.000,0,1,0,0,0,0,-1,0,5,0,,0,,0,,0,0,0,1
1723521746,3843,8,8,8,8,29.466,5,0,0.11 | 0.11 | 0.11,0,1.32 | 1.73 | 2.11,0,1.90 | 2.31 | 3.02,9.419,0.000,0,1,0,0,0,0,-1,0,5,0,,0,,0,,0,0,0,1
1723521746,3843,8,8,8,8,28.404,5,0,0.11 | 0.11 | 0.11,0,1.32 | 1.73 | 2.11,0,1.90 | 2.31 | 3.02,9.419,0.000,0,1,0,0,0,0,-1,0,5,0,,0,,0,,0,0,0,1
1723521746,3843,8,8,8,8,28.404,5,0,0.11 | 0.11 | 0.11,0,1.32 | 1.73 | 2.11,0,1.90 | 2.31 | 3.02,9.419,0.000,0,1,0,0,0,0,-1,0,5,0,,0,,0,,0,0,0,1
1723521746,3843,8,8,8,8,28.404,5,0,0.11 | 0.11 | 0.11,0,1.32 | 1.73 | 2.11,0,1.90 | 2.31 | 3.02,9.419,0.000,0,1,0,0,0,0,-1,0,5,0,,0,,0,,0,0,0,1
1723521746,3843,8,8,8,8,28.404,5,0,0.11 | 0.11 | 0.11,0,1.32 | 1.73 | 2.11,0,1.90 | 2.31 | 3.02,9.419,0.000,0,1,0,0,0,0,-1,0,5,0,,0,,0,,0,0,0,1
1723521746,3843,8,8,8,8,28.404,5,0,0.11 | 0.11 | 0.11,0,1.32 | 1.73 | 2.11,0,1.90 | 2.31 | 3.02,9.419,0.000,0,1,0,0,0,0,-1,0,5,0,,0,,0,,0,0,0,1
1723521746,3843,8,8,8,8,28.404,5,0,0.11 | 0.11 | 0.11,0,1.32 | 1.73 | 2.11,0,1.90 | 2.31 | 3.02,9.419,0.000,0,1,0,0,0,0,-1,0,5,0,,0,,0,,0,0,0,1
1723521747,3843,8,8,8,8,28.404,5,0,0.11 | 0.11 | 0.11,0,1.32 | 1.73 | 2.11,0,1.90 | 2.31 | 3.02,9.419,0.000,0,1,0,0,0,0,-1,0,5,0,,0,,0,,0,0,0,1
1723521747,3843,8,8,8,8,28.404,5,0,0.11 | 0.11 | 0.11,0,1.32 | 1.73 | 2.11,0,1.90 | 2.31 | 3.02,9.419,0.000,0,1,0,0,0,0,-1,0,5,0,,0,,0,,0,0,0,1
1723521747,3843,8,8,8,8,28.404,5,0,0.11 | 0.11 | 0.11,0,1.32 | 1.73 | 2.11,0,1.90 | 2.31 | 3.02,9.419,0.000,0,1,0,0,0,0,-1,0,5,0,,0,,0,,0,0,0,1
1723521747,3843,8,8,8,8,28.404,5,0,0.11 | 0.11 | 0.11,0,1.32 | 1.73 | 2.11,0,1.90 | 2.31 | 3.02,9.419,0.000,0,1,0,0,0,0,-1,0,5,0,,0,,0,,0,0,0,1
1723521747,3843,8,8,8,8,32.232,5,0,0.11 | 0.11 | 0.11,0,1.32 | 1.69 | 2.11,0,1.90 | 2.37 | 3.02,9.406,0.000,0,1,0,0,0,0,-1,0,5,0,,0,,0,,0,0,0,1
1723521747,3843,8,8,8,8,32.232,5,0,0.11 | 0.11 | 0.11,0,1.32 | 1.69 | 2.11,0,1.90 | 2.37 | 3.02,9.406,0.000,0,1,0,0,0,0,-1,0,5,0,,0,,0,,0,0,0,1
1723521747,3843,8,8,8,8,32.232,5,0,0.11 | 0.11 | 0.11,0,1.32 | 1.69 | 2.11,0,1.90 | 2.37 | 3.02,9.406,0.000,0,1,0,0,0,0,-1,0,5,0,,0,,0,,0,0,0,1
1723521747,3843,8,8,8,8,32.232,5,0,0.11 | 0.11 | 0.11,0,1.32 | 1.69 | 2.11,0,1.90 | 2.37 | 3.02,9.406,0.000,0,1,0,0,0,0,-1,0,5,0,,0,,0,,0,0,0,1
1723521747,3843,8,8,8,8,32.232,5,0,0.11 | 0.11 | 0.11,0,1.32 | 1.69 | 2.11,0,1.90 | 2.37 | 3.02,9.406,0.000,0,1,0,0,0,0,-1,0,5,0,,0,,0,,0,0,0,1
1723521747,3843,8,8,8,8,32.232,5,0,0.11 | 0.11 | 0.11,0,1.32 | 1.69 | 2.11,0,1.90 | 2.37 | 3.02,9.406,0.000,0,1,0,0,0,0,-1,0,5,0,,0,,0,,0,0,0,1
1723521748,3843,8,8,8,8,32.232,5,0,0.11 | 0.11 | 0.11,0,1.32 | 1.69 | 2.11,0,1.90 | 2.37 | 3.02,9.406,0.000,0,1,0,0,0,0,-1,0,5,0,,0,,0,,0,0,0,1
1723521748,3843,8,8,8,8,32.232,5,0,0.11 | 0.11 | 0.11,0,1.32 | 1.69 | 2.11,0,1.90 | 2.37 | 3.02,9.406,0.000,0,1,0,0,0,0,-1,0,5,0,,0,,0,,0,0,0,1
1723521748,3843,8,8,8,8,32.232,5,0,0.11 | 0.11 | 0.11,0,1.32 | 1.69 | 2.11,0,1.90 | 2.37 | 3.02,9.406,0.000,0,1,0,0,0,0,-1,0,5,0,,0,,0,,0,0,0,1
1723521748,3843,8,8,8,8,32.232,5,0,0.11 | 0.11 | 0.11,0,1.32 | 1.69 | 2.11,0,1.90 | 2.37 | 3.02,9.406,0.000,0,1,0,0,0,0,-1,0,5,0,,0,,0,,0,0,0,1
1723521748,3843,8,8,8,8,31.329,5,0,0.11 | 0.11 | 0.11,0,1.32 | 1.69 | 2.11,0,1.90 | 2.37 | 3.02,9.406,0.000,0,1,0,0,0,0,-1,0,5,0,,0,,0,,0,0,0,1
1723521748,3843,8,8,8,8,31.329,5,0,0.11 | 0.11 | 0.11,0,1.32 | 1.69 | 2.11,0,1.90 | 2.37 | 3.02,9.406,0.000,0,1,0,0,0,0,-1,0,5,0,,0,,0,,0,0,0,1
1723521748,3843,8,8,8,8,31.329,5,0,0.11 | 0.11 | 0.11,0,1.32 | 1.69 | 2.11,0,1.90 | 2.37 | 3.02,9.406,0.000,0,1,0,0,0,0,-1,0,5,0,,0,,0,,0,0,0,1
1723521748,3843,8,8,8,8,31.329,5,0,0.11 | 0.11 | 0.11,0,1.32 | 1.69 | 2.11,0,1.90 | 2.37 | 3.02,9.406,0.000,0,1,0,0,0,0,-1,0,5,0,,0,,0,,0,0,0,1
1723521748,3843,8,8,8,8,31.329,5,0,0.11 | 0.11 | 0.11,0,1.32 | 1.69 | 2.11,0,1.90 | 2.37 | 3.02,9.406,0.000,0,1,0,0,0,0,-1,0,5,0,,0,,0,,0,0,0,1
1723521748,3843,8,8,8,8,31.329,5,0,0.11 | 0.11 | 0.11,0,1.32 | 1.69 | 2.11,0,1.90 | 2.37 | 3.02,9.406,0.000,0,1,0,0,0,0,-1,0,5,0,,0,,0,,0,0,0,1
1723521749,3843,8,8,8,8,31.329,5,0,0.11 | 0.11 | 0.11,0,1.32 | 1.69 | 2.11,0,1.90 | 2.37 | 3.02,9.406,0.000,0,1,0,0,0,0,-1,0,5,0,,0,,0,,0,0,0,1
1723521749,3843,8,8,8,8,31.329,5,0,0.11 | 0.11 | 0.11,0,1.32 | 1.69 | 2.11,0,1.90 | 2.37 | 3.02,9.406,0.000,0,1,0,0,0,0,-1,0,5,0,,0,,0,,0,0,0,1
1723521749,3843,8,8,8,8,31.329,5,0,0.11 | 0.11 | 0.11,0,1.32 | 1.69 | 2.11,0,1.90 | 2.37 | 3.02,9.406,0.000,0,1,0,0,0,0,-1,0,5,0,,0,,0,,0,0,0,1
1723521749,3843,8,8,8,8,31.329,5,0,0.11 | 0.11 | 0.11,0,1.32 | 1.69 | 2.11,0,1.90 | 2.37 | 3.02,9.406,0.000,0,1,0,0,0,0,-1,0,5,0,,0,,0,,0,0,0,1
1723521749,3843,8,8,8,8,30.267,5,0,0.11 | 0.11 | 0.11,0,1.32 | 1.69 | 2.11,0,1.90 | 2.37 | 3.02,9.406,0.000,0,1,0,0,0,0,-1,0,5,0,,0,,0,,0,0,0,1
1723521749,3843,8,8,8,8,30.267,5,0,0.11 | 0.11 | 0.11,0,1.32 | 1.69 | 2.11,0,1.90 | 2.37 | 3.02,9.406,0.000,0,1,0,0,0,0,-1,0,5,0,,0,,0,,0,0,0,1
1723521749,3843,8,8,8,8,30.267,5,0,0.11 | 0.11 | 0.11,0,1.32 | 1.69 | 2.11,0,1.90 | 2.37 | 3.02,9.406,0.000,0,1,0,0,0,0,-1,0,5,0,,0,,0,,0,0,0,1
1723521749,3843,8,8,8,8,30.267,5,0,0.11 | 0.11 | 0.11,0,1.32 | 1.69 | 2.11,0,1.90 | 2.37 | 3.02,9.406,0.000,0,1,0,0,0,0,-1,0,5,0,,0,,0,,0,0,0,1
1723521749,3843,8,8,8,8,30.267,5,0,0.11 | 0.11 | 0.11,0,1.32 | 1.69 | 2.11,0,1.90 | 2.37 | 3.02,9.406,0.000,0,1,0,0,0,0,-1,0,5,0,,0,,0,,0,0,0,1
1723521749,3843,8,8,8,8,30.267,5,0,0.11 | 0.11 | 0.11,0,1.32 | 1.69 | 2.11,0,1.90 | 2.37 | 3.02,9.406,0.000,0,1,0,0,0,0,-1,0,5,0,,0,,0,,0,0,0,1
1723521750,3843,8,8,8,8,30.267,5,0,0.11 | 0.11 | 0.11,0,1.32 | 1.69 | 2.11,0,1.90 | 2.37 | 3.02,9.406,0.000,0,1,0,0,0,0,-1,0,5,0,,0,,0,,0,0,0,1
1723521750,3843,8,8,8,8,30.267,5,0,0.11 | 0.11 | 0.11,0,1.32 | 1.69 | 2.11,0,1.90 | 2.37 | 3.02,9.406,0.000,0,1,0,0,0,0,-1,0,5,0,,0,,0,,0,0,0,1
1723521750,3843,8,8,8,8,30.267,5,0,0.11 | 0.11 | 0.11,0,1.32 | 1.69 | 2.11,0,1.90 | 2.37 | 3.02,9.406,0.000,0,1,0,0,0,0,-1,0,5,0,,0,,0,,0,0,0,1
1723521750,3843,8,8,8,8,30.267,5,0,0.11 | 0.11 | 0.11,0,1.32 | 1.69 | 2.11,0,1.90 | 2.37 | 3.02,9.406,0.000,0,1,0,0,0,0,-1,0,5,0,,0,,0,,0,0,0,1
1723521750,3843,8,8,8,8,29.202,5,0,0.11 | 0.11 | 0.11,0,1.32 | 1.69 | 2.11,0,1.90 | 2.37 | 3.02,9.406,0.000,0,1,0,0,0,0,-1,0,5,0,,0,,0,,0,0,0,1
1723521750,3843,8,8,8,8,29.202,5,0,0.11 | 0.11 | 0.11,0,1.32 | 1.69 | 2.11,0,1.90 | 2.37 | 3.02,9.406,0.000,0,1,0,0,0,0,-1,0,5,0,,0,,0,,0,0,0,1
1723521750,3843,8,8,8,8,29.202,5,0,0.11 | 0.11 | 0.11,0,1.32 | 1.69 | 2.11,0,1.90 | 2.37 | 3.02,9.406,0.000,0,1,0,0,0,0,-1,0,5,0,,0,,0,,0,0,0,1
1723521750,3843,8,8,8,8,29.202,5,0,0.11 | 0.11 | 0.11,0,1.32 | 1.69 | 2.11,0,1.90 | 2.37 | 3.02,9.406,0.000,0,1,0,0,0,0,-1,0,5,0,,0,,0,,0,0,0,1
1723521750,3843,8,8,8,8,29.202,5,0,0.11 | 0.11 | 0.11,0,1.32 | 1.69 | 2.11,0,1.90 | 2.37 | 3.02,9.406,0.000,0,1,0,0,0,0,-1,0,5,0,,0,,0,,0,0,0,1
1723521750,3843,8,8,8,8,29.202,5,0,0.11 | 0.11 | 0.11,0,1.32 | 1.69 | 2.11,0,1.90 | 2.37 | 3.02,9.406,0.000,0,1,0,0,0,0,-1,0,5,0,,0,,0,,0,0,0,1
1723521751,3843,8,8,8,8,29.202,5,0,0.11 | 0.11 | 0.11,0,1.32 | 1.69 | 2.11,0,1.90 | 2.37 | 3.02,9.406,0.000,0,1,0,0,0,0,-1,0,5,0,,0,,0,,0,0,0,1
1723521751,3843,8,8,8,8,29.202,5,0,0.11 | 0.11 | 0.11,0,1.32 | 1.69 | 2.11,0,1.90 | 2.37 | 3.02,9.406,0.000,0,1,0,0,0,0,-1,0,5,0,,0,,0,,0,0,0,1
1723521751,3843,8,8,8,8,29.202,5,0,0.11 | 0.11 | 0.11,0,1.32 | 1.69 | 2.11,0,1.90 | 2.37 | 3.02,9.406,0.000,0,1,0,0,0,0,-1,0,5,0,,0,,0,,0,0,0,1
1723521751,3843,8,8,8,8,29.202,5,0,0.11 | 0.11 | 0.11,0,1.32 | 1.69 | 2.11,0,1.90 | 2.37 | 3.02,9.406,0.000,0,1,0,0,0,0,-1,0,5,0,,0,,0,,0,0,0,1
1723521751,3843,8,8,8,8,28.408,5,0,0.11 | 0.11 | 0.11,0,1.32 | 1.69 | 2.11,0,1.90 | 2.37 | 3.02,9.406,0.000,0,1,0,0,0,0,-1,0,5,0,,0,,0,,0,0,0,1
1723521751,3843,8,8,8,8,28.408,5,0,0.11 | 0.11 | 0.11,0,1.32 | 1.69 | 2.11,0,1.90 | 2.37 | 3.02,9.406,0.000,0,1,0,0,0,0,-1,0,5,0,,0,,0,,0,0,0,1
1723521751,3843,8,8,8,8,28.408,5,0,0.11 | 0.11 | 0.11,0,1.32 | 1.69 | 2.11,0,1.90 | 2.37 | 3.02,9.406,0.000,0,1,0,0,0,0,-1,0,5,0,,0,,0,,0,0,0,1
1723521751,3843,8,8,8,8,28.408,5,0,0.11 | 0.11 | 0.11,0,1.32 | 1.69 | 2.11,0,1.90 | 2.37 | 3.02,9.406,0.000,0,1,0,0,0,0,-1,0,5,0,,0,,0,,0,0,0,1
1723521751,3843,8,8,8,8,28.408,5,0,0.11 | 0.11 | 0.11,0,1.32 | 1.69 | 2.11,0,1.90 | 2.37 | 3.02,9.406,0.000,0,1,0,0,0,0,-1,0,5,0,,0,,0,,0,0,0,1
1723521751,3843,8,8,8,8,28.408,5,0,0.11 | 0.11 | 0.11,0,1.32 | 1.69 | 2.11,0,1.90 | 2.37 | 3.02,9.406,0.000,0,1,0,0,0,0,-1,0,5,0,,0,,0,,0,0,0,1
1723521752,3843,8,8,8,8,28.408,5,0,0.11 | 0.11 | 0.11,0,1.32 | 1.69 | 2.11,0,1.90 | 2.37 | 3.02,9.406,0.000,0,1,0,0,0,0,-1,0,5,0,,0,,0,,0,0,0,1
1723521752,3843,8,8,8,8,28.408,5,0,0.11 | 0.11 | 0.11,0,1.32 | 1.69 | 2.11,0,1.90 | 2.37 | 3.02,9.406,0.000,0,1,0,0,0,0,-1,0,5,0,,0,,0,,0,0,0,1
1723521752,3843,8,8,8,8,28.408,5,0,0.11 | 0.11 | 0.11,0,1.32 | 1.69 | 2.11,0,1.90 | 2.37 | 3.02,9.406,0.000,0,1,0,0,0,0,-1,0,5,0,,0,,0,,0,0,0,1
1723521752,3843,8,8,8,8,28.408,5,0,0.11 | 0.11 | 0.11,0,1.32 | 1.69 | 2.11,0,1.90 | 2.37 | 3.02,9.406,0.000,0,1,0,0,0,0,-1,0,5,0,,0,,0,,0,0,0,1
1723521752,3843,8,8,8,8,30.529,5,0,0.11 | 0.11 | 0.11,0,1.32 | 1.66 | 2.11,0,1.90 | 2.41 | 3.02,9.459,0.000,0,1,0,0,0,0,-1,0,5,0,,0,,0,,0,0,0,1
1723521752,3843,8,8,8,8,30.529,5,0,0.11 | 0.11 | 0.11,0,1.32 | 1.66 | 2.11,0,1.90 | 2.41 | 3.02,9.459,0.000,0,1,0,0,0,0,-1,0,5,0,,0,,0,,0,0,0,1
1723521752,3843,8,8,8,8,30.529,5,0,0.11 | 0.11 | 0.11,0,1.32 | 1.66 | 2.11,0,1.90 | 2.41 | 3.02,9.459,0.000,0,1,0,0,0,0,-1,0,5,0,,0,,0,,0,0,0,1
1723521752,3843,8,8,8,8,30.529,5,0,0.11 | 0.11 | 0.11,0,1.32 | 1.66 | 2.11,0,1.90 | 2.41 | 3.02,9.459,0.000,0,1,0,0,0,0,-1,0,5,0,,0,,0,,0,0,0,1
1723521752,3843,8,8,8,8,30.529,5,0,0.11 | 0.11 | 0.11,0,1.32 | 1.66 | 2.11,0,1.90 | 2.41 | 3.02,9.459,0.000,0,1,0,0,0,0,-1,0,5,0,,0,,0,,0,0,0,1
1723521752,3843,8,8,8,8,30.529,5,0,0.11 | 0.11 | 0.11,0,1.32 | 1.66 | 2.11,0,1.90 | 2.41 | 3.02,9.459,0.000,0,1,0,0,0,0,-1,0,5,0,,0,,0,,0,0,0,1
1723521753,3843,8,8,8,8,30.529,5,0,0.11 | 0.11 | 0.11,0,1.32 | 1.66 | 2.11,0,1.90 | 2.41 | 3.02,9.459,0.000,0,1,0,0,0,0,-1,0,5,0,,0,,0,,0,0,0,1
1723521753,3843,8,8,8,8,30.529,5,0,0.11 | 0.11 | 0.11,0,1.32 | 1.66 | 2.11,0,1.90 | 2.41 | 3.02,9.459,0.000,0,1,0,0,0,0,-1,0,5,0,,0,,0,,0,0,0,1
1723521753,3843,8,8,8,8,30.529,5,0,0.11 | 0.11 | 0.11,0,1.32 | 1.66 | 2.11,0,1.90 | 2.41 | 3.02,9.459,0.000,0,1,0,0,0,0,-1,0,5,0,,0,,0,,0,0,0,1
1723521753,3843,8,8,8,8,30.529,5,0,0.11 | 0.11 | 0.11,0,1.32 | 1.66 | 2.11,0,1.90 | 2.41 | 3.02,9.459,0.000,0,1,0,0,0,0,-1,0,5,0,,0,,0,,0,0,0,1
1723521753,3843,8,8,8,8,29.467,5,0,0.11 | 0.11 | 0.11,0,1.32 | 1.66 | 2.11,0,1.90 | 2.41 | 3.02,9.459,0.000,0,1,0,0,0,0,-1,0,5,0,,0,,0,,0,0,0,1
1723521753,3843,8,8,8,8,29.467,5,0,0.11 | 0.11 | 0.11,0,1.32 | 1.66 | 2.11,0,1.90 | 2.41 | 3.02,9.459,0.000,0,1,0,0,0,0,-1,0,5,0,,0,,0,,0,0,0,1
1723521753,3843,8,8,8,8,29.467,5,0,0.11 | 0.11 | 0.11,0,1.32 | 1.66 | 2.11,0,1.90 | 2.41 | 3.02,9.459,0.000,0,1,0,0,0,0,-1,0,5,0,,0,,0,,0,0,0,1
1723521753,3843,8,8,8,8,29.467,5,0,0.11 | 0.11 | 0.11,0,1.32 | 1.66 | 2.11,0,1.90 | 2.41 | 3.02,9.459,0.000,0,1,0,0,0,0,-1,0,5,0,,0,,0,,0,0,0,1
1723521753,3843,8,8,8,8,29.467,5,0,0.11 | 0.11 | 0.11,0,1.32 | 1.66 | 2.11,0,1.90 | 2.41 | 3.02,9.459,0.000,0,1,0,0,0,0,-1,0,5,0,,0,,0,,0,0,0,1
1723521753,3843,8,8,8,8,29.467,5,0,0.11 | 0.11 | 0.11,0,1.32 | 1.66 | 2.11,0,1.90 | 2.41 | 3.02,9.459,0.000,0,1,0,0,0,0,-1,0,5,0,,0,,0,,0,0,0,1
1723521754,3843,8,8,8,8,29.467,5,0,0.11 | 0.11 | 0.11,0,1.32 | 1.66 | 2.11,0,1.90 | 2.41 | 3.02,9.459,0.000,0,1,0,0,0,0,-1,0,5,0,,0,,0,,0,0,0,1
1723521754,3843,8,8,8,8,29.467,5,0,0.11 | 0.11 | 0.11,0,1.32 | 1.66 | 2.11,0,1.90 | 2.41 | 3.02,9.459,0.000,0,1,0,0,0,0,-1,0,5,0,,0,,0,,0,0,0,1
1723521754,3843,8,8,8,8,29.467,5,0,0.11 | 0.11 | 0.11,0,1.32 | 1.66 | 2.11,0,1.90 | 2.41 | 3.02,9.459,0.000,0,1,0,0,0,0,-1,0,5,0,,0,,0,,0,0,0,1
1723521754,3843,8,8,8,8,29.467,5,0,0.11 | 0.11 | 0.11,0,1.32 | 1.66 | 2.11,0,1.90 | 2.41 | 3.02,9.459,0.000,0,1,0,0,0,0,-1,0,5,0,,0,,0,,0,0,0,1
1723521754,3843,8,8,8,8,28.404,5,0,0.11 | 0.11 | 0.11,0,1.32 | 1.66 | 2.11,0,1.90 | 2.41 | 3.02,9.459,0.000,0,1,0,0,0,0,-1,0,5,0,,0,,0,,0,0,0,1
1723521754,3843,8,8,8,8,28.404,5,0,0.11 | 0.11 | 0.11,0,1.32 | 1.66 | 2.11,0,1.90 | 2.41 | 3.02,9.459,0.000,0,1,0,0,0,0,-1,0,5,0,,0,,0,,0,0,0,1
1723521754,3843,8,8,8,8,28.404,5,0,0.11 | 0.11 | 0.11,0,1.32 | 1.66 | 2.11,0,1.90 | 2.41 | 3.02,9.459,0.000,0,1,0,0,0,0,-1,0,5,0,,0,,0,,0,0,0,1
1723521754,3843,8,8,8,8,28.404,5,0,0.11 | 0.11 | 0.11,0,1.32 | 1.66 | 2.11,0,1.90 | 2.41 | 3.02,9.459,0.000,0,1,0,0,0,0,-1,0,5,0,,0,,0,,0,0,0,1
1723521754,3843,8,8,8,8,28.404,5,0,0.11 | 0.11 | 0.11,0,1.32 | 1.66 | 2.11,0,1.90 | 2.41 | 3.02,9.459,0.000,0,1,0,0,0,0,-1,0,5,0,,0,,0,,0,0,0,1
1723521754,3843,8,8,8,8,28.404,5,0,0.11 | 0.11 | 0.11,0,1.32 | 1.66 | 2.11,0,1.90 | 2.41 | 3.02,9.459,0.000,0,1,0,0,0,0,-1,0,5,0,,0,,0,,0,0,0,1
1723521755,3843,8,8,8,8,28.404,5,0,0.11 | 0.11 | 0.11,0,1.32 | 1.66 | 2.11,0,1.90 | 2.41 | 3.02,9.459,0.000,0,1,0,0,0,0,-1,0,5,0,,0,,0,,0,0,0,1
1723521755,3843,8,8,8,8,28.404,5,0,0.11 | 0.11 | 0.11,0,1.32 | 1.66 | 2.11,0,1.90 | 2.41 | 3.02,9.459,0.000,0,1,0,0,0,0,-1,0,5,0,,0,,0,,0,0,0,1
1723521755,3843,8,8,8,8,28.404,5,0,0.11 | 0.11 | 0.11,0,1.32 | 1.66 | 2.11,0,1.90 | 2.41 | 3.02,9.459,0.000,0,1,0,0,0,0,-1,0,5,0,,0,,0,,0,0,0,1
1723521755,3843,8,8,8,8,28.404,5,0,0.11 | 0.11 | 0.11,0,1.32 | 1.66 | 2.11,0,1.90 | 2.41 | 3.02,9.459,0.000,0,1,0,0,0,0,-1,0,5,0,,0,,0,,0,0,0,1
1723521755,3843,8,8,8,8,27.607,5,0,0.11 | 0.11 | 0.11,0,1.32 | 1.66 | 2.11,0,1.90 | 2.41 | 3.02,9.459,0.000,0,1,0,0,0,0,-1,0,5,0,,0,,0,,0,0,0,1
1723521755,3843,8,8,8,8,27.607,5,0,0.11 | 0.11 | 0.11,0,1.32 | 1.66 | 2.11,0,1.90 | 2.41 | 3.02,9.459,0.000,0,1,0,0,0,0,-1,0,5,0,,0,,0,,0,0,0,1
1723521755,3843,8,8,8,8,27.607,5,0,0.11 | 0.11 | 0.11,0,1.32 | 1.66 | 2.11,0,1.90 | 2.41 | 3.02,9.459,0.000,0,1,0,0,0,0,-1,0,5,0,,0,,0,,0,0,0,1
1723521755,3843,8,8,8,8,27.607,5,0,0.11 | 0.11 | 0.11,0,1.32 | 1.66 | 2.11,0,1.90 | 2.41 | 3.02,9.459,0.000,0,1,0,0,0,0,-1,0,5,0,,0,,0,,0,0,0,1
1723521755,3843,8,8,8,8,27.607,5,0,0.11 | 0.11 | 0.11,0,1.32 | 1.66 | 2.11,0,1.90 | 2.41 | 3.02,9.459,0.000,0,1,0,0,0,0,-1,0,5,0,,0,,0,,0,0,0,1
1723521755,3843,8,8,8,8,27.607,5,0,0.11 | 0.11 | 0.11,0,1.32 | 1.66 | 2.11,0,1.90 | 2.41 | 3.02,9.459,0.000,0,1,0,0,0,0,-1,0,5,0,,0,,0,,0,0,0,1
1723521756,3843,8,8,8,8,27.607,5,0,0.11 | 0.11 | 0.11,0,1.32 | 1.66 | 2.11,0,1.90 | 2.41 | 3.02,9.459,0.000,0,1,0,0,0,0,-1,0,5,0,,0,,0,,0,0,0,1
1723521756,3843,8,8,8,8,27.607,5,0,0.11 | 0.11 | 0.11,0,1.32 | 1.66 | 2.11,0,1.90 | 2.41 | 3.02,9.459,0.000,0,1,0,0,0,0,-1,0,5,0,,0,,0,,0,0,0,1
1723521756,3843,8,8,8,8,27.607,5,0,0.11 | 0.11 | 0.11,0,1.32 | 1.66 | 2.11,0,1.90 | 2.41 | 3.02,9.459,0.000,0,1,0,0,0,0,-1,0,5,0,,0,,0,,0,0,0,1
1723521756,3843,8,8,8,8,27.607,5,0,0.11 | 0.11 | 0.11,0,1.32 | 1.66 | 2.11,0,1.90 | 2.41 | 3.02,9.459,0.000,0,1,0,0,0,0,-1,0,5,0,,0,,0,,0,0,0,1
1723521756,3843,8,8,8,8,31.329,5,0,0.11 | 0.11 | 0.11,0,1.32 | 1.70 | 2.27,0,1.76 | 2.36 | 3.02,9.471,0.000,0,1,0,0,0,0,-1,0,5,0,,0,,0,,0,0,0,1
1723521756,3843,8,8,8,8,31.329,5,0,0.11 | 0.11 | 0.11,0,1.32 | 1.70 | 2.27,0,1.76 | 2.36 | 3.02,9.471,0.000,0,1,0,0,0,0,-1,0,5,0,,0,,0,,0,0,0,1
1723521756,3843,8,8,8,8,31.329,5,0,0.11 | 0.11 | 0.11,0,1.32 | 1.70 | 2.27,0,1.76 | 2.36 | 3.02,9.471,0.000,0,1,0,0,0,0,-1,0,5,0,,0,,0,,0,0,0,1
1723521756,3843,8,8,8,8,31.329,5,0,0.11 | 0.11 | 0.11,0,1.32 | 1.70 | 2.27,0,1.76 | 2.36 | 3.02,9.471,0.000,0,1,0,0,0,0,-1,0,5,0,,0,,0,,0,0,0,1
1723521756,3843,8,8,8,8,31.329,5,0,0.11 | 0.11 | 0.11,0,1.32 | 1.70 | 2.27,0,1.76 | 2.36 | 3.02,9.471,0.000,0,1,0,0,0,0,-1,0,5,0,,0,,0,,0,0,0,1
1723521756,3843,8,8,8,8,31.329,5,0,0.11 | 0.11 | 0.11,0,1.32 | 1.70 | 2.27,0,1.76 | 2.36 | 3.02,9.471,0.000,0,1,0,0,0,0,-1,0,5,0,,0,,0,,0,0,0,1
1723521757,3843,8,8,8,8,31.329,5,0,0.11 | 0.11 | 0.11,0,1.32 | 1.70 | 2.27,0,1.76 | 2.36 | 3.02,9.471,0.000,0,1,0,0,0,0,-1,0,5,0,,0,,0,,0,0,0,1
1723521757,3843,8,8,8,8,31.329,5,0,0.11 | 0.11 | 0.11,0,1.32 | 1.70 | 2.27,0,1.76 | 2.36 | 3.02,9.471,0.000,0,1,0,0,0,0,-1,0,5,0,,0,,0,,0,0,0,1
1723521757,3843,8,8,8,8,31.329,5,0,0.11 | 0.11 | 0.11,0,1.32 | 1.70 | 2.27,0,1.76 | 2.36 | 3.02,9.471,0.000,0,1,0,0,0,0,-1,0,5,0,,0,,0,,0,0,0,1
1723521757,3843,8,8,8,8,31.329,5,0,0.11 | 0.11 | 0.11,0,1.32 | 1.70 | 2.27,0,1.76 | 2.36 | 3.02,9.471,0.000,0,1,0,0,0,0,-1,0,5,0,,0,,0,,0,0,0,1
1723521757,3843,8,8,8,8,30.267,5,0,0.11 | 0.11 | 0.11,0,1.32 | 1.70 | 2.27,0,1.76 | 2.36 | 3.02,9.471,0.000,0,1,0,0,0,0,-1,0,5,0,,0,,0,,0,0,0,1
1723521757,3843,8,8,8,8,30.267,5,0,0.11 | 0.11 | 0.11,0,1.32 | 1.70 | 2.27,0,1.76 | 2.36 | 3.02,9.471,0.000,0,1,0,0,0,0,-1,0,5,0,,0,,0,,0,0,0,1
1723521757,3843,8,8,8,8,30.267,5,0,0.11 | 0.11 | 0.11,0,1.32 | 1.70 | 2.27,0,1.76 | 2.36 | 3.02,9.471,0.000,0,1,0,0,0,0,-1,0,5,0,,0,,0,,0,0,0,1
1723521757,3843,8,8,8,8,30.267,5,0,0.11 | 0.11 | 0.11,0,1.32 | 1.70 | 2.27,0,1.76 | 2.36 | 3.02,9.471,0.000,0,1,0,0,0,0,-1,0,5,0,,0,,0,,0,0,0,1
1723521757,3843,8,8,8,8,30.267,5,0,0.11 | 0.11 | 0.11,0,1.32 | 1.70 | 2.27,0,1.76 | 2.36 | 3.02,9.471,0.000,0,1,0,0,0,0,-1,0,5,0,,0,,0,,0,0,0,1
1723521757,3843,8,8,8,8,30.267,5,0,0.11 | 0.11 | 0.11,0,1.32 | 1.70 | 2.27,0,1.76 | 2.36 | 3.02,9.471,0.000,0,1,0,0,0,0,-1,0,5,0,,0,,0,,0,0,0,1
1723521758,3843,8,8,8,8,30.267,5,0,0.11 | 0.11 | 0.11,0,1.32 | 1.70 | 2.27,0,1.76 | 2.36 | 3.02,9.471,0.000,0,1,0,0,0,0,-1,0,5,0,,0,,0,,0,0,0,1
1723521758,3843,8,8,8,8,30.267,5,0,0.11 | 0.11 | 0.11,0,1.32 | 1.70 | 2.27,0,1.76 | 2.36 | 3.02,9.471,0.000,0,1,0,0,0,0,-1,0,5,0,,0,,0,,0,0,0,1
1723521758,3843,8,8,8,8,30.267,5,0,0.11 | 0.11 | 0.11,0,1.32 | 1.70 | 2.27,0,1.76 | 2.36 | 3.02,9.471,0.000,0,1,0,0,0,0,-1,0,5,0,,0,,0,,0,0,0,1
1723521758,3843,8,8,8,8,30.267,5,0,0.11 | 0.11 | 0.11,0,1.32 | 1.70 | 2.27,0,1.76 | 2.36 | 3.02,9.471,0.000,0,1,0,0,0,0,-1,0,5,0,,0,,0,,0,0,0,1
1723521758,3843,8,8,8,8,29.204,5,0,0.11 | 0.11 | 0.11,0,1.32 | 1.70 | 2.27,0,1.76 | 2.36 | 3.02,9.471,0.000,0,1,0,0,0,0,-1,0,5,0,,0,,0,,0,0,0,1
1723521758,3843,8,8,8,8,29.204,5,0,0.11 | 0.11 | 0.11,0,1.32 | 1.70 | 2.27,0,1.76 | 2.36 | 3.02,9.471,0.000,0,1,0,0,0,0,-1,0,5,0,,0,,0,,0,0,0,1
1723521758,3843,8,8,8,8,29.204,5,0,0.11 | 0.11 | 0.11,0,1.32 | 1.70 | 2.27,0,1.76 | 2.36 | 3.02,9.471,0.000,0,1,0,0,0,0,-1,0,5,0,,0,,0,,0,0,0,1
1723521758,3843,8,8,8,8,29.204,5,0,0.11 | 0.11 | 0.11,0,1.32 | 1.70 | 2.27,0,1.76 | 2.36 | 3.02,9.471,0.000,0,1,0,0,0,0,-1,0,5,0,,0,,0,,0,0,0,1
1723521758,3843,8,8,8,8,29.204,5,0,0.11 | 0.11 | 0.11,0,1.32 | 1.70 | 2.27,0,1.76 | 2.36 | 3.02,9.471,0.000,0,1,0,0,0,0,-1,0,5,0,,0,,0,,0,0,0,1
1723521758,3843,8,8,8,8,29.204,5,0,0.11 | 0.11 | 0.11,0,1.32 | 1.70 | 2.27,0,1.76 | 2.36 | 3.02,9.471,0.000,0,1,0,0,0,0,-1,0,5,0,,0,,0,,0,0,0,1
1723521759,3843,8,8,8,8,29.204,5,0,0.11 | 0.11 | 0.11,0,1.32 | 1.70 | 2.27,0,1.76 | 2.36 | 3.02,9.471,0.000,0,1,0,0,0,0,-1,0,5,0,,0,,0,,0,0,0,1
1723521759,3843,8,8,8,8,29.204,5,0,0.11 | 0.11 | 0.11,0,1.32 | 1.70 | 2.27,0,1.76 | 2.36 | 3.02,9.471,0.000,0,1,0,0,0,0,-1,0,5,0,,0,,0,,0,0,0,1
1723521759,3843,8,8,8,8,29.204,5,0,0.11 | 0.11 | 0.11,0,1.32 | 1.70 | 2.27,0,1.76 | 2.36 | 3.02,9.471,0.000,0,1,0,0,0,0,-1,0,5,0,,0,,0,,0,0,0,1
1723521759,3843,8,8,8,8,29.204,5,0,0.11 | 0.11 | 0.11,0,1.32 | 1.70 | 2.27,0,1.76 | 2.36 | 3.02,9.471,0.000,0,1,0,0,0,0,-1,0,5,0,,0,,0,,0,0,0,1
1723521759,3843,8,8,8,8,28.408,5,0,0.11 | 0.11 | 0.11,0,1.32 | 1.70 | 2.27,0,1.76 | 2.36 | 3.02,9.471,0.000,0,1,0,0,0,0,-1,0,5,0,,0,,0,,0,0,0,1
1723521759,3843,8,8,8,8,28.408,5,0,0.11 | 0.11 | 0.11,0,1.32 | 1.70 | 2.27,0,1.76 | 2.36 | 3.02,9.471,0.000,0,1,0,0,0,0,-1,0,5,0,,0,,0,,0,0,0,1
1723521759,3843,8,8,8,8,28.408,5,0,0.11 | 0.11 | 0.11,0,1.32 | 1.70 | 2.27,0,1.76 | 2.36 | 3.02,9.471,0.000,0,1,0,0,0,0,-1,0,5,0,,0,,0,,0,0,0,1
1723521759,3843,8,8,8,8,28.408,5,0,0.11 | 0.11 | 0.11,0,1.32 | 1.70 | 2.27,0,1.76 | 2.36 | 3.02,9.471,0.000,0,1,0,0,0,0,-1,0,5,0,,0,,0,,0,0,0,1
1723521759,3843,8,8,8,8,28.408,5,0,0.11 | 0.11 | 0.11,0,1.32 | 1.70 | 2.27,0,1.76 | 2.36 | 3.02,9.471,0.000,0,1,0,0,0,0,-1,0,5,0,,0,,0,,0,0,0,1
1723521759,3843,8,8,8,8,28.408,5,0,0.11 | 0.11 | 0.11,0,1.32 | 1.70 | 2.27,0,1.76 | 2.36 | 3.02,9.471,0.000,0,1,0,0,0,0,-1,0,5,0,,0,,0,,0,0,0,1
1723521760,3843,8,8,8,8,28.408,5,0,0.11 | 0.11 | 0.11,0,1.32 | 1.70 | 2.27,0,1.76 | 2.36 | 3.02,9.471,0.000,0,1,0,0,0,0,-1,0,5,0,,0,,0,,0,0,0,1
1723521760,3843,8,8,8,8,28.408,5,0,0.11 | 0.11 | 0.11,0,1.32 | 1.70 | 2.27,0,1.76 | 2.36 | 3.02,9.471,0.000,0,1,0,0,0,0,-1,0,5,0,,0,,0,,0,0,0,1
1723521760,3843,8,8,8,8,28.408,5,0,0.11 | 0.11 | 0.11,0,1.32 | 1.70 | 2.27,0,1.76 | 2.36 | 3.02,9.471,0.000,0,1,0,0,0,0,-1,0,5,0,,0,,0,,0,0,0,1
1723521760,3843,8,8,8,8,28.408,5,0,0.11 | 0.11 | 0.11,0,1.32 | 1.70 | 2.27,0,1.76 | 2.36 | 3.02,9.471,0.000,0,1,0,0,0,0,-1,0,5,0,,0,,0,,0,0,0,1
1723521760,3843,8,8,8,8,30.529,6,0,0.11 | 0.11 | 0.11,0,1.36 | 1.71 | 2.27,0,1.76 | 2.34 | 2.93,9.476,0.000,0,1,0,0,0,0,-1,0,6,0,,0,,0,,0,0,0,1
1723521760,3843,8,8,8,8,30.529,6,0,0.11 | 0.11 | 0.11,0,1.36 | 1.71 | 2.27,0,1.76 | 2.34 | 2.93,9.476,0.000,0,1,0,0,0,0,-1,0,6,0,,0,,0,,0,0,0,1
1723521760,3843,8,8,8,8,30.529,6,0,0.11 | 0.11 | 0.11,0,1.36 | 1.71 | 2.27,0,1.76 | 2.34 | 2.93,9.476,0.000,0,1,0,0,0,0,-1,0,6,0,,0,,0,,0,0,0,1
1723521760,3843,8,8,8,8,30.529,6,0,0.11 | 0.11 | 0.11,0,1.36 | 1.71 | 2.27,0,1.76 | 2.34 | 2.93,9.476,0.000,0,1,0,0,0,0,-1,0,6,0,,0,,0,,0,0,0,1
1723521760,3843,8,8,8,8,30.529,6,0,0.11 | 0.11 | 0.11,0,1.36 | 1.71 | 2.27,0,1.76 | 2.34 | 2.93,9.476,0.000,0,1,0,0,0,0,-1,0,6,0,,0,,0,,0,0,0,1
1723521760,3843,8,8,8,8,30.529,6,0,0.11 | 0.11 | 0.11,0,1.36 | 1.71 | 2.27,0,1.76 | 2.34 | 2.93,9.476,0.000,0,1,0,0,0,0,-1,0,6,0,,0,,0,,0,0,0,1
1723521761,3843,8,8,8,8,30.529,6,0,0.11 | 0.11 | 0.11,0,1.36 | 1.71 | 2.27,0,1.76 | 2.34 | 2.93,9.476,0.000,0,1,0,0,0,0,-1,0,6,0,,0,,0,,0,0,0,1
1723521761,3843,8,8,8,8,30.529,6,0,0.11 | 0.11 | 0.11,0,1.36 | 1.71 | 2.27,0,1.76 | 2.34 | 2.93,9.476,0.000,0,1,0,0,0,0,-1,0,6,0,,0,,0,,0,0,0,1
1723521761,3843,8,8,8,8,30.529,6,0,0.11 | 0.11 | 0.11,0,1.36 | 1.71 | 2.27,0,1.76 | 2.34 | 2.93,9.476,0.000,0,1,0,0,0,0,-1,0,6,0,,0,,0,,0,0,0,1
1723521761,3843,8,8,8,8,30.529,6,0,0.11 | 0.11 | 0.11,0,1.36 | 1.71 | 2.27,0,1.76 | 2.34 | 2.93,9.476,0.000,0,1,0,0,0,0,-1,0,6,0,,0,,0,,0,0,0,1
1723521761,3843,8,8,8,8,29.467,6,0,0.11 | 0.11 | 0.11,0,1.36 | 1.71 | 2.27,0,1.76 | 2.34 | 2.93,9.476,0.000,0,1,0,0,0,0,-1,0,6,0,,0,,0,,0,0,0,1
1723521761,3843,8,8,8,8,29.467,6,0,0.11 | 0.11 | 0.11,0,1.36 | 1.71 | 2.27,0,1.76 | 2.34 | 2.93,9.476,0.000,0,1,0,0,0,0,-1,0,6,0,,0,,0,,0,0,0,1
1723521761,3843,8,8,8,8,29.467,6,0,0.11 | 0.11 | 0.11,0,1.36 | 1.71 | 2.27,0,1.76 | 2.34 | 2.93,9.476,0.000,0,1,0,0,0,0,-1,0,6,0,,0,,0,,0,0,0,1
1723521761,3843,8,8,8,8,29.467,6,0,0.11 | 0.11 | 0.11,0,1.36 | 1.71 | 2.27,0,1.76 | 2.34 | 2.93,9.476,0.000,0,1,0,0,0,0,-1,0,6,0,,0,,0,,0,0,0,1
1723521761,3843,8,8,8,8,29.467,6,0,0.11 | 0.11 | 0.11,0,1.36 | 1.71 | 2.27,0,1.76 | 2.34 | 2.93,9.476,0.000,0,1,0,0,0,0,-1,0,6,0,,0,,0,,0,0,0,1
1723521761,3843,8,8,8,8,29.467,6,0,0.11 | 0.11 | 0.11,0,1.36 | 1.71 | 2.27,0,1.76 | 2.34 | 2.93,9.476,0.000,0,1,0,0,0,0,-1,0,6,0,,0,,0,,0,0,0,1
1723521762,3843,8,8,8,8,29.467,6,0,0.11 | 0.11 | 0.11,0,1.36 | 1.71 | 2.27,0,1.76 | 2.34 | 2.93,9.476,0.000,0,1,0,0,0,0,-1,0,6,0,,0,,0,,0,0,0,1
1723521762,3843,8,8,8,8,29.467,6,0,0.11 | 0.11 | 0.11,0,1.36 | 1.71 | 2.27,0,1.76 | 2.34 | 2.93,9.476,0.000,0,1,0,0,0,0,-1,0,6,0,,0,,0,,0,0,0,1
1723521762,3843,8,8,8,8,29.467,6,0,0.11 | 0.11 | 0.11,0,1.36 | 1.71 | 2.27,0,1.76 | 2.34 | 2.93,9.476,0.000,0,1,0,0,0,0,-1,0,6,0,,0,,0,,0,0,0,1
1723521762,3843,8,8,8,8,29.467,6,0,0.11 | 0.11 | 0.11,0,1.36 | 1.71 | 2.27,0,1.76 | 2.34 | 2.93,9.476,0.000,0,1,0,0,0,0,-1,0,6,0,,0,,0,,0,0,0,1
1723521762,3843,8,8,8,8,28.404,6,0,0.11 | 0.11 | 0.11,0,1.36 | 1.71 | 2.27,0,1.76 | 2.34 | 2.93,9.476,0.000,0,1,0,0,0,0,-1,0,6,0,,0,,0,,0,0,0,1
1723521762,3843,8,8,8,8,28.404,6,0,0.11 | 0.11 | 0.11,0,1.36 | 1.71 | 2.27,0,1.76 | 2.34 | 2.93,9.476,0.000,0,1,0,0,0,0,-1,0,6,0,,0,,0,,0,0,0,1
1723521762,3843,8,8,8,8,28.404,6,0,0.11 | 0.11 | 0.11,0,1.36 | 1.71 | 2.27,0,1.76 | 2.34 | 2.93,9.476,0.000,0,1,0,0,0,0,-1,0,6,0,,0,,0,,0,0,0,1
1723521762,3843,8,8,8,8,28.404,6,0,0.11 | 0.11 | 0.11,0,1.36 | 1.71 | 2.27,0,1.76 | 2.34 | 2.93,9.476,0.000,0,1,0,0,0,0,-1,0,6,0,,0,,0,,0,0,0,1
1723521762,3843,8,8,8,8,28.404,6,0,0.11 | 0.11 | 0.11,0,1.36 | 1.71 | 2.27,0,1.76 | 2.34 | 2.93,9.476,0.000,0,1,0,0,0,0,-1,0,6,0,,0,,0,,0,0,0,1
1723521762,3843,8,8,8,8,28.404,6,0,0.11 | 0.11 | 0.11,0,1.36 | 1.71 | 2.27,0,1.76 | 2.34 | 2.93,9.476,0.000,0,1,0,0,0,0,-1,0,6,0,,0,,0,,0,0,0,1
1723521763,3843,8,8,8,8,28.404,6,0,0.11 | 0.11 | 0.11,0,1.36 | 1.71 | 2.27,0,1.76 | 2.34 | 2.93,9.476,0.000,0,1,0,0,0,0,-1,0,6,0,,0,,0,,0,0,0,1
1723521763,3843,8,8,8,8,28.404,6,0,0.11 | 0.11 | 0.11,0,1.36 | 1.71 | 2.27,0,1.76 | 2.34 | 2.93,9.476,0.000,0,1,0,0,0,0,-1,0,6,0,,0,,0,,0,0,0,1
1723521763,3843,8,8,8,8,28.404,6,0,0.11 | 0.11 | 0.11,0,1.36 | 1.71 | 2.27,0,1.76 | 2.34 | 2.93,9.476,0.000,0,1,0,0,0,0,-1,0,6,0,,0,,0,,0,0,0,1
1723521763,3843,8,8,8,8,28.404,6,0,0.11 | 0.11 | 0.11,0,1.36 | 1.71 | 2.27,0,1.76 | 2.34 | 2.93,9.476,0.000,0,1,0,0,0,0,-1,0,6,0,,0,,0,,0,0,0,1
1723521763,3843,8,8,8,8,32.287,6,0,0.11 | 0.11 | 0.11,0,1.36 | 1.78 | 2.27,0,1.76 | 2.25 | 2.93,9.485,0.000,0,1,0,0,0,0,-1,0,6,0,,0,,0,,0,0,0,1
1723521763,3843,8,8,8,8,32.287,6,0,0.11 | 0.11 | 0.11,0,1.36 | 1.78 | 2.27,0,1.76 | 2.25 | 2.93,9.485,0.000,0,1,0,0,0,0,-1,0,6,0,,0,,0,,0,0,0,1
1723521763,3843,8,8,8,8,32.287,6,0,0.11 | 0.11 | 0.11,0,1.36 | 1.78 | 2.27,0,1.76 | 2.25 | 2.93,9.485,0.000,0,1,0,0,0,0,-1,0,6,0,,0,,0,,0,0,0,1
1723521763,3843,8,8,8,8,32.287,6,0,0.11 | 0.11 | 0.11,0,1.36 | 1.78 | 2.27,0,1.76 | 2.25 | 2.93,9.485,0.000,0,1,0,0,0,0,-1,0,6,0,,0,,0,,0,0,0,1
1723521763,3843,8,8,8,8,32.287,6,0,0.11 | 0.11 | 0.11,0,1.36 | 1.78 | 2.27,0,1.76 | 2.25 | 2.93,9.485,0.000,0,1,0,0,0,0,-1,0,6,0,,0,,0,,0,0,0,1
1723521763,3843,8,8,8,8,32.287,6,0,0.11 | 0.11 | 0.11,0,1.36 | 1.78 | 2.27,0,1.76 | 2.25 | 2.93,9.485,0.000,0,1,0,0,0,0,-1,0,6,0,,0,,0,,0,0,0,1
1723521764,3843,8,8,8,8,32.287,6,0,0.11 | 0.11 | 0.11,0,1.36 | 1.78 | 2.27,0,1.76 | 2.25 | 2.93,9.485,0.000,0,1,0,0,0,0,-1,0,6,0,,0,,0,,0,0,0,1
1723521764,3843,8,8,8,8,32.287,6,0,0.11 | 0.11 | 0.11,0,1.36 | 1.78 | 2.27,0,1.76 | 2.25 | 2.93,9.485,0.000,0,1,0,0,0,0,-1,0,6,0,,0,,0,,0,0,0,1
1723521764,3843,8,8,8,8,32.287,6,0,0.11 | 0.11 | 0.11,0,1.36 | 1.78 | 2.27,0,1.76 | 2.25 | 2.93,9.485,0.000,0,1,0,0,0,0,-1,0,6,0,,0,,0,,0,0,0,1
1723521764,3843,8,8,8,8,32.287,6,0,0.11 | 0.11 | 0.11,0,1.36 | 1.78 | 2.27,0,1.76 | 2.25 | 2.93,9.485,0.000,0,1,0,0,0,0,-1,0,6,0,,0,,0,,0,0,0,1
1723521764,3843,8,8,8,8,31.345,6,0,0.11 | 0.11 | 0.11,0,1.36 | 1.78 | 2.27,0,1.76 | 2.25 | 2.93,9.485,0.000,0,1,0,0,0,0,-1,0,6,0,,0,,0,,0,0,0,1
1723521764,3843,8,8,8,8,31.345,6,0,0.11 | 0.11 | 0.11,0,1.36 | 1.78 | 2.27,0,1.76 | 2.25 | 2.93,9.485,0.000,0,1,0,0,0,0,-1,0,6,0,,0,,0,,0,0,0,1
1723521764,3843,8,8,8,8,31.345,6,0,0.11 | 0.11 | 0.11,0,1.36 | 1.78 | 2.27,0,1.76 | 2.25 | 2.93,9.485,0.000,0,1,0,0,0,0,-1,0,6,0,,0,,0,,0,0,0,1
1723521764,3843,8,8,8,8,31.345,6,0,0.11 | 0.11 | 0.11,0,1.36 | 1.78 | 2.27,0,1.76 | 2.25 | 2.93,9.485,0.000,0,1,0,0,0,0,-1,0,6,0,,0,,0,,0,0,0,1
1723521764,3843,8,8,8,8,31.345,6,0,0.11 | 0.11 | 0.11,0,1.36 | 1.78 | 2.27,0,1.76 | 2.25 | 2.93,9.485,0.000,0,1,0,0,0,0,-1,0,6,0,,0,,0,,0,0,0,1
1723521764,3843,8,8,8,8,31.345,6,0,0.11 | 0.11 | 0.11,0,1.36 | 1.78 | 2.27,0,1.76 | 2.25 | 2.93,9.485,0.000,0,1,0,0,0,0,-1,0,6,0,,0,,0,,0,0,0,1
1723521765,3843,8,8,8,8,31.345,6,0,0.11 | 0.11 | 0.11,0,1.36 | 1.78 | 2.27,0,1.76 | 2.25 | 2.93,9.485,0.000,0,1,0,0,0,0,-1,0,6,0,,0,,0,,0,0,0,1
1723521765,3843,8,8,8,8,31.345,6,0,0.11 | 0.11 | 0.11,0,1.36 | 1.78 | 2.27,0,1.76 | 2.25 | 2.93,9.485,0.000,0,1,0,0,0,0,-1,0,6,0,,0,,0,,0,0,0,1
1723521765,3843,8,8,8,8,31.345,6,0,0.11 | 0.11 | 0.11,0,1.36 | 1.78 | 2.27,0,1.76 | 2.25 | 2.93,9.485,0.000,0,1,0,0,0,0,-1,0,6,0,,0,,0,,0,0,0,1
1723521765,3843,8,8,8,8,31.345,6,0,0.11 | 0.11 | 0.11,0,1.36 | 1.78 | 2.27,0,1.76 | 2.25 | 2.93,9.485,0.000,0,1,0,0,0,0,-1,0,6,0,,0,,0,,0,0,0,1
1723521765,3843,8,8,8,8,30.283,6,0,0.11 | 0.11 | 0.11,0,1.36 | 1.78 | 2.27,0,1.76 | 2.25 | 2.93,9.485,0.000,0,1,0,0,0,0,-1,0,6,0,,0,,0,,0,0,0,1
1723521765,3843,8,8,8,8,30.283,6,0,0.11 | 0.11 | 0.11,0,1.36 | 1.78 | 2.27,0,1.76 | 2.25 | 2.93,9.485,0.000,0,1,0,0,0,0,-1,0,6,0,,0,,0,,0,0,0,1
1723521765,3843,8,8,8,8,30.283,6,0,0.11 | 0.11 | 0.11,0,1.36 | 1.78 | 2.27,0,1.76 | 2.25 | 2.93,9.485,0.000,0,1,0,0,0,0,-1,0,6,0,,0,,0,,0,0,0,1
1723521765,3843,8,8,8,8,30.283,6,0,0.11 | 0.11 | 0.11,0,1.36 | 1.78 | 2.27,0,1.76 | 2.25 | 2.93,9.485,0.000,0,1,0,0,0,0,-1,0,6,0,,0,,0,,0,0,0,1
1723521765,3843,8,8,8,8,30.283,6,0,0.11 | 0.11 | 0.11,0,1.36 | 1.78 | 2.27,0,1.76 | 2.25 | 2.93,9.485,0.000,0,1,0,0,0,0,-1,0,6,0,,0,,0,,0,0,0,1
1723521765,3843,8,8,8,8,30.283,6,0,0.11 | 0.11 | 0.11,0,1.36 | 1.78 | 2.27,0,1.76 | 2.25 | 2.93,9.485,0.000,0,1,0,0,0,0,-1,0,6,0,,0,,0,,0,0,0,1
1723521766,3843,8,8,8,8,30.283,6,0,0.11 | 0.11 | 0.11,0,1.36 | 1.78 | 2.27,0,1.76 | 2.25 | 2.93,9.485,0.000,0,1,0,0,0,0,-1,0,6,0,,0,,0,,0,0,0,1
1723521766,3843,8,8,8,8,30.283,6,0,0.11 | 0.11 | 0.11,0,1.36 | 1.78 | 2.27,0,1.76 | 2.25 | 2.93,9.485,0.000,0,1,0,0,0,0,-1,0,6,0,,0,,0,,0,0,0,1
1723521766,3843,8,8,8,8,30.283,6,0,0.11 | 0.11 | 0.11,0,1.36 | 1.78 | 2.27,0,1.76 | 2.25 | 2.93,9.485,0.000,0,1,0,0,0,0,-1,0,6,0,,0,,0,,0,0,0,1
1723521766,3843,8,8,8,8,30.283,6,0,0.11 | 0.11 | 0.11,0,1.36 | 1.78 | 2.27,0,1.76 | 2.25 | 2.93,9.485,0.000,0,1,0,0,0,0,-1,0,6,0,,0,,0,,0,0,0,1
1723521766,3843,8,8,8,8,29.22,6,0,0.11 | 0.11 | 0.11,0,1.36 | 1.78 | 2.27,0,1.76 | 2.25 | 2.93,9.485,0.000,0,1,0,0,0,0,-1,0,6,0,,0,,0,,0,0,0,1
1723521766,3843,8,8,8,8,29.22,6,0,0.11 | 0.11 | 0.11,0,1.36 | 1.78 | 2.27,0,1.76 | 2.25 | 2.93,9.485,0.000,0,1,0,0,0,0,-1,0,6,0,,0,,0,,0,0,0,1
1723521766,3843,8,8,8,8,29.22,6,0,0.11 | 0.11 | 0.11,0,1.36 | 1.78 | 2.27,0,1.76 | 2.25 | 2.93,9.485,0.000,0,1,0,0,0,0,-1,0,6,0,,0,,0,,0,0,0,1
1723521766,3843,8,8,8,8,29.22,6,0,0.11 | 0.11 | 0.11,0,1.36 | 1.78 | 2.27,0,1.76 | 2.25 | 2.93,9.485,0.000,0,1,0,0,0,0,-1,0,6,0,,0,,0,,0,0,0,1
1723521766,3843,8,8,8,8,29.22,6,0,0.11 | 0.11 | 0.11,0,1.36 | 1.78 | 2.27,0,1.76 | 2.25 | 2.93,9.485,0.000,0,1,0,0,0,0,-1,0,6,0,,0,,0,,0,0,0,1
1723521766,3843,8,8,8,8,29.22,6,0,0.11 | 0.11 | 0.11,0,1.36 | 1.78 | 2.27,0,1.76 | 2.25 | 2.93,9.485,0.000,0,1,0,0,0,0,-1,0,6,0,,0,,0,,0,0,0,1
1723521767,3843,8,8,8,8,29.22,6,0,0.11 | 0.11 | 0.11,0,1.36 | 1.78 | 2.27,0,1.76 | 2.25 | 2.93,9.485,0.000,0,1,0,0,0,0,-1,0,6,0,,0,,0,,0,0,0,1
1723521767,3843,8,8,8,8,29.22,6,0,0.11 | 0.11 | 0.11,0,1.36 | 1.78 | 2.27,0,1.76 | 2.25 | 2.93,9.485,0.000,0,1,0,0,0,0,-1,0,6,0,,0,,0,,0,0,0,1
1723521767,3843,8,8,8,8,29.22,6,0,0.11 | 0.11 | 0.11,0,1.36 | 1.78 | 2.27,0,1.76 | 2.25 | 2.93,9.485,0.000,0,1,0,0,0,0,-1,0,6,0,,0,,0,,0,0,0,1
1723521767,3843,8,8,8,8,29.22,6,0,0.11 | 0.11 | 0.11,0,1.36 | 1.78 | 2.27,0,1.76 | 2.25 | 2.93,9.485,0.000,0,1,0,0,0,0,-1,0,6,0,,0,,0,,0,0,0,1
1723521767,3843,8,8,8,8,28.423,6,0,0.11 | 0.11 | 0.11,0,1.36 | 1.78 | 2.27,0,1.76 | 2.25 | 2.93,9.485,0.000,0,1,0,0,0,0,-1,0,6,0,,0,,0,,0,0,0,1
1723521767,3843,8,8,8,8,28.423,6,0,0.11 | 0.11 | 0.11,0,1.36 | 1.78 | 2.27,0,1.76 | 2.25 | 2.93,9.485,0.000,0,1,0,0,0,0,-1,0,6,0,,0,,0,,0,0,0,1
1723521767,3843,8,8,8,8,28.423,6,0,0.11 | 0.11 | 0.11,0,1.36 | 1.78 | 2.27,0,1.76 | 2.25 | 2.93,9.485,0.000,0,1,0,0,0,0,-1,0,6,0,,0,,0,,0,0,0,1
1723521767,3843,8,8,8,8,28.423,6,0,0.11 | 0.11 | 0.11,0,1.36 | 1.78 | 2.27,0,1.76 | 2.25 | 2.93,9.485,0.000,0,1,0,0,0,0,-1,0,6,0,,0,,0,,0,0,0,1
1723521767,3843,8,8,8,8,28.423,6,0,0.11 | 0.11 | 0.11,0,1.36 | 1.78 | 2.27,0,1.76 | 2.25 | 2.93,9.485,0.000,0,1,0,0,0,0,-1,0,6,0,,0,,0,,0,0,0,1
1723521767,3843,8,8,8,8,28.423,6,0,0.11 | 0.11 | 0.11,0,1.36 | 1.78 | 2.27,0,1.76 | 2.25 | 2.93,9.485,0.000,0,1,0,0,0,0,-1,0,6,0,,0,,0,,0,0,0,1
1723521768,3843,8,8,8,8,28.423,6,0,0.11 | 0.11 | 0.11,0,1.36 | 1.78 | 2.27,0,1.76 | 2.25 | 2.93,9.485,0.000,0,1,0,0,0,0,-1,0,6,0,,0,,0,,0,0,0,1
1723521768,3843,8,8,8,8,28.423,6,0,0.11 | 0.11 | 0.11,0,1.36 | 1.78 | 2.27,0,1.76 | 2.25 | 2.93,9.485,0.000,0,1,0,0,0,0,-1,0,6,0,,0,,0,,0,0,0,1
1723521768,3843,8,8,8,8,28.423,6,0,0.11 | 0.11 | 0.11,0,1.36 | 1.78 | 2.27,0,1.76 | 2.25 | 2.93,9.485,0.000,0,1,0,0,0,0,-1,0,6,0,,0,,0,,0,0,0,1
1723521768,3843,8,8,8,8,28.423,6,0,0.11 | 0.11 | 0.11,0,1.36 | 1.78 | 2.27,0,1.76 | 2.25 | 2.93,9.485,0.000,0,1,0,0,0,0,-1,0,6,0,,0,,0,,0,0,0,1
1723521768,3843,8,8,8,8,30.513,6,0,0.11 | 0.12 | 0.14,0,1.27 | 1.75 | 2.27,0,1.76 | 2.28 | 3.15,9.537,0.000,0,1,0,0,0,0,-1,0,6,0,,0,,0,,0,0,0,1
1723521768,3843,8,8,8,8,30.513,6,0,0.11 | 0.12 | 0.14,0,1.27 | 1.75 | 2.27,0,1.76 | 2.28 | 3.15,9.537,0.000,0,1,0,0,0,0,-1,0,6,0,,0,,0,,0,0,0,1
1723521768,3843,8,8,8,8,30.513,6,0,0.11 | 0.12 | 0.14,0,1.27 | 1.75 | 2.27,0,1.76 | 2.28 | 3.15,9.537,0.000,0,1,0,0,0,0,-1,0,6,0,,0,,0,,0,0,0,1
1723521768,3843,8,8,8,8,30.513,6,0,0.11 | 0.12 | 0.14,0,1.27 | 1.75 | 2.27,0,1.76 | 2.28 | 3.15,9.537,0.000,0,1,0,0,0,0,-1,0,6,0,,0,,0,,0,0,0,1
1723521768,3843,8,8,8,8,30.513,6,0,0.11 | 0.12 | 0.14,0,1.27 | 1.75 | 2.27,0,1.76 | 2.28 | 3.15,9.537,0.000,0,1,0,0,0,0,-1,0,6,0,,0,,0,,0,0,0,1
1723521768,3843,8,8,8,8,30.513,6,0,0.11 | 0.12 | 0.14,0,1.27 | 1.75 | 2.27,0,1.76 | 2.28 | 3.15,9.537,0.000,0,1,0,0,0,0,-1,0,6,0,,0,,0,,0,0,0,1
1723521769,3843,8,8,8,8,30.513,6,0,0.11 | 0.12 | 0.14,0,1.27 | 1.75 | 2.27,0,1.76 | 2.28 | 3.15,9.537,0.000,0,1,0,0,0,0,-1,0,6,0,,0,,0,,0,0,0,1
1723521769,3843,8,8,8,8,30.513,6,0,0.11 | 0.12 | 0.14,0,1.27 | 1.75 | 2.27,0,1.76 | 2.28 | 3.15,9.537,0.000,0,1,0,0,0,0,-1,0,6,0,,0,,0,,0,0,0,1
1723521769,3843,8,8,8,8,30.513,6,0,0.11 | 0.12 | 0.14,0,1.27 | 1.75 | 2.27,0,1.76 | 2.28 | 3.15,9.537,0.000,0,1,0,0,0,0,-1,0,6,0,,0,,0,,0,0,0,1
1723521769,3843,8,8,8,8,30.513,6,0,0.11 | 0.12 | 0.14,0,1.27 | 1.75 | 2.27,0,1.76 | 2.28 | 3.15,9.537,0.000,0,1,0,0,0,0,-1,0,6,0,,0,,0,,0,0,0,1
1723521769,3843,8,8,8,8,29.451,6,0,0.11 | 0.12 | 0.14,0,1.27 | 1.75 | 2.27,0,1.76 | 2.28 | 3.15,9.537,0.000,0,1,0,0,0,0,-1,0,6,0,,0,,0,,0,0,0,1
1723521769,3843,8,8,8,8,29.451,6,0,0.11 | 0.12 | 0.14,0,1.27 | 1.75 | 2.27,0,1.76 | 2.28 | 3.15,9.537,0.000,0,1,0,0,0,0,-1,0,6,0,,0,,0,,0,0,0,1
1723521769,3843,8,8,8,8,29.451,6,0,0.11 | 0.12 | 0.14,0,1.27 | 1.75 | 2.27,0,1.76 | 2.28 | 3.15,9.537,0.000,0,1,0,0,0,0,-1,0,6,0,,0,,0,,0,0,0,1
1723521769,3843,8,8,8,8,29.451,6,0,0.11 | 0.12 | 0.14,0,1.27 | 1.75 | 2.27,0,1.76 | 2.28 | 3.15,9.537,0.000,0,1,0,0,0,0,-1,0,6,0,,0,,0,,0,0,0,1
1723521769,3843,8,8,8,8,29.451,6,0,0.11 | 0.12 | 0.14,0,1.27 | 1.75 | 2.27,0,1.76 | 2.28 | 3.15,9.537,0.000,0,1,0,0,0,0,-1,0,6,0,,0,,0,,0,0,0,1
1723521769,3843,8,8,8,8,29.451,6,0,0.11 | 0.12 | 0.14,0,1.27 | 1.75 | 2.27,0,1.76 | 2.28 | 3.15,9.537,0.000,0,1,0,0,0,0,-1,0,6,0,,0,,0,,0,0,0,1
1723521770,3843,8,8,8,8,29.451,6,0,0.11 | 0.12 | 0.14,0,1.27 | 1.75 | 2.27,0,1.76 | 2.28 | 3.15,9.537,0.000,0,1,0,0,0,0,-1,0,6,0,,0,,0,,0,0,0,1
1723521770,3843,8,8,8,8,29.451,6,0,0.11 | 0.12 | 0.14,0,1.27 | 1.75 | 2.27,0,1.76 | 2.28 | 3.15,9.537,0.000,0,1,0,0,0,0,-1,0,6,0,,0,,0,,0,0,0,1
1723521770,3843,8,8,8,8,29.451,6,0,0.11 | 0.12 | 0.14,0,1.27 | 1.75 | 2.27,0,1.76 | 2.28 | 3.15,9.537,0.000,0,1,0,0,0,0,-1,0,6,0,,0,,0,,0,0,0,1
1723521770,3843,8,8,8,8,29.451,6,0,0.11 | 0.12 | 0.14,0,1.27 | 1.75 | 2.27,0,1.76 | 2.28 | 3.15,9.537,0.000,0,1,0,0,0,0,-1,0,6,0,,0,,0,,0,0,0,1
1723521770,3843,8,8,8,8,28.386,6,0,0.11 | 0.12 | 0.14,0,1.27 | 1.75 | 2.27,0,1.76 | 2.28 | 3.15,9.537,0.000,0,1,0,0,0,0,-1,0,6,0,,0,,0,,0,0,0,1
1723521770,3843,8,8,8,8,28.386,6,0,0.11 | 0.12 | 0.14,0,1.27 | 1.75 | 2.27,0,1.76 | 2.28 | 3.15,9.537,0.000,0,1,0,0,0,0,-1,0,6,0,,0,,0,,0,0,0,1
1723521770,3843,8,8,8,8,28.386,6,0,0.11 | 0.12 | 0.14,0,1.27 | 1.75 | 2.27,0,1.76 | 2.28 | 3.15,9.537,0.000,0,1,0,0,0,0,-1,0,6,0,,0,,0,,0,0,0,1
1723521770,3843,8,8,8,8,28.386,6,0,0.11 | 0.12 | 0.14,0,1.27 | 1.75 | 2.27,0,1.76 | 2.28 | 3.15,9.537,0.000,0,1,0,0,0,0,-1,0,6,0,,0,,0,,0,0,0,1
1723521770,3843,8,8,8,8,28.386,6,0,0.11 | 0.12 | 0.14,0,1.27 | 1.75 | 2.27,0,1.76 | 2.28 | 3.15,9.537,0.000,0,1,0,0,0,0,-1,0,6,0,,0,,0,,0,0,0,1
1723521770,3843,8,8,8,8,28.386,6,0,0.11 | 0.12 | 0.14,0,1.27 | 1.75 | 2.27,0,1.76 | 2.28 | 3.15,9.537,0.000,0,1,0,0,0,0,-1,0,6,0,,0,,0,,0,0,0,1
1723521771,3843,8,8,8,8,28.386,6,0,0.11 | 0.12 | 0.14,0,1.27 | 1.75 | 2.27,0,1.76 | 2.28 | 3.15,9.537,0.000,0,1,0,0,0,0,-1,0,6,0,,0,,0,,0,0,0,1
1723521771,3843,8,8,8,8,28.386,6,0,0.11 | 0.12 | 0.14,0,1.27 | 1.75 | 2.27,0,1.76 | 2.28 | 3.15,9.537,0.000,0,1,0,0,0,0,-1,0,6,0,,0,,0,,0,0,0,1
1723521771,3843,8,8,8,8,28.386,6,0,0.11 | 0.12 | 0.14,0,1.27 | 1.75 | 2.27,0,1.76 | 2.28 | 3.15,9.537,0.000,0,1,0,0,0,0,-1,0,6,0,,0,,0,,0,0,0,1
1723521771,3843,8,8,8,8,28.386,6,0,0.11 | 0.12 | 0.14,0,1.27 | 1.75 | 2.27,0,1.76 | 2.28 | 3.15,9.537,0.000,0,1,0,0,0,0,-1,0,6,0,,0,,0,,0,0,0,1
1723521771,3843,8,8,8,8,27.592,6,0,0.11 | 0.12 | 0.14,0,1.27 | 1.69 | 2.09,0,1.91 | 2.36 | 3.15,9.535,0.000,0,1,0,0,0,0,-1,0,6,0,,0,,0,,0,0,0,1
1723521771,3843,8,8,8,8,27.592,6,0,0.11 | 0.12 | 0.14,0,1.27 | 1.69 | 2.09,0,1.91 | 2.36 | 3.15,9.535,0.000,0,1,0,0,0,0,-1,0,6,0,,0,,0,,0,0,0,1
1723521771,3843,8,8,8,8,27.592,6,0,0.11 | 0.12 | 0.14,0,1.27 | 1.69 | 2.09,0,1.91 | 2.36 | 3.15,9.535,0.000,0,1,0,0,0,0,-1,0,6,0,,0,,0,,0,0,0,1
1723521771,3843,8,8,8,8,27.592,6,0,0.11 | 0.12 | 0.14,0,1.27 | 1.69 | 2.09,0,1.91 | 2.36 | 3.15,9.535,0.000,0,1,0,0,0,0,-1,0,6,0,,0,,0,,0,0,0,1
1723521771,3843,8,8,8,8,27.592,6,0,0.11 | 0.12 | 0.14,0,1.27 | 1.69 | 2.09,0,1.91 | 2.36 | 3.15,9.535,0.000,0,1,0,0,0,0,-1,0,6,0,,0,,0,,0,0,0,1
1723521771,3843,8,8,8,8,27.592,6,0,0.11 | 0.12 | 0.14,0,1.27 | 1.69 | 2.09,0,1.91 | 2.36 | 3.15,9.535,0.000,0,1,0,0,0,0,-1,0,6,0,,0,,0,,0,0,0,1
1723521772,3843,8,8,8,8,27.592,6,0,0.11 | 0.12 | 0.14,0,1.27 | 1.69 | 2.09,0,1.91 | 2.36 | 3.15,9.535,0.000,0,1,0,0,0,0,-1,0,6,0,,0,,0,,0,0,0,1
1723521772,3843,8,8,8,8,27.592,6,0,0.11 | 0.12 | 0.14,0,1.27 | 1.69 | 2.09,0,1.91 | 2.36 | 3.15,9.535,0.000,0,1,0,0,0,0,-1,0,6,0,,0,,0,,0,0,0,1
1723521772,3843,8,8,8,8,27.592,6,0,0.11 | 0.12 | 0.14,0,1.27 | 1.69 | 2.09,0,1.91 | 2.36 | 3.15,9.535,0.000,0,1,0,0,0,0,-1,0,6,0,,0,,0,,0,0,0,1
1723521772,3843,8,8,8,8,27.592,6,0,0.11 | 0.12 | 0.14,0,1.27 | 1.69 | 2.09,0,1.91 | 2.36 | 3.15,9.535,0.000,0,1,0,0,0,0,-1,0,6,0,,0,,0,,0,0,0,1
1723521772,3843,8,8,8,8,31.329,6,0,0.11 | 0.12 | 0.14,0,1.27 | 1.69 | 2.09,0,1.91 | 2.36 | 3.15,9.535,0.000,0,1,0,0,0,0,-1,0,6,0,,0,,0,,0,0,0,1
1723521772,3843,8,8,8,8,31.329,6,0,0.11 | 0.12 | 0.14,0,1.27 | 1.69 | 2.09,0,1.91 | 2.36 | 3.15,9.535,0.000,0,1,0,0,0,0,-1,0,6,0,,0,,0,,0,0,0,1
1723521772,3843,8,8,8,8,31.329,6,0,0.11 | 0.12 | 0.14,0,1.27 | 1.69 | 2.09,0,1.91 | 2.36 | 3.15,9.535,0.000,0,1,0,0,0,0,-1,0,6,0,,0,,0,,0,0,0,1
1723521772,3843,8,8,8,8,31.329,6,0,0.11 | 0.12 | 0.14,0,1.27 | 1.69 | 2.09,0,1.91 | 2.36 | 3.15,9.535,0.000,0,1,0,0,0,0,-1,0,6,0,,0,,0,,0,0,0,1
1723521772,3843,8,8,8,8,31.329,6,0,0.11 | 0.12 | 0.14,0,1.27 | 1.69 | 2.09,0,1.91 | 2.36 | 3.15,9.535,0.000,0,1,0,0,0,0,-1,0,6,0,,0,,0,,0,0,0,1
1723521772,3843,8,8,8,8,31.329,6,0,0.11 | 0.12 | 0.14,0,1.27 | 1.69 | 2.09,0,1.91 | 2.36 | 3.15,9.535,0.000,0,1,0,0,0,0,-1,0,6,0,,0,,0,,0,0,0,1
1723521773,3843,8,8,8,8,31.329,6,0,0.11 | 0.12 | 0.14,0,1.27 | 1.69 | 2.09,0,1.91 | 2.36 | 3.15,9.535,0.000,0,1,0,0,0,0,-1,0,6,0,,0,,0,,0,0,0,1
1723521773,3843,8,8,8,8,31.329,6,0,0.11 | 0.12 | 0.14,0,1.27 | 1.69 | 2.09,0,1.91 | 2.36 | 3.15,9.535,0.000,0,1,0,0,0,0,-1,0,6,0,,0,,0,,0,0,0,1
1723521773,3843,8,8,8,8,31.329,6,0,0.11 | 0.12 | 0.14,0,1.27 | 1.69 | 2.09,0,1.91 | 2.36 | 3.15,9.535,0.000,0,1,0,0,0,0,-1,0,6,0,,0,,0,,0,0,0,1
1723521773,3843,8,8,8,8,31.329,6,0,0.11 | 0.12 | 0.14,0,1.27 | 1.69 | 2.09,0,1.91 | 2.36 | 3.15,9.535,0.000,0,1,0,0,0,0,-1,0,6,0,,0,,0,,0,0,0,1
1723521773,3843,8,8,8,8,30.267,6,0,0.11 | 0.12 | 0.14,0,1.27 | 1.69 | 2.09,0,1.91 | 2.36 | 3.15,9.535,0.000,0,1,0,0,0,0,-1,0,6,0,,0,,0,,0,0,0,1
1723521773,3843,8,8,8,8,30.267,6,0,0.11 | 0.12 | 0.14,0,1.27 | 1.69 | 2.09,0,1.91 | 2.36 | 3.15,9.535,0.000,0,1,0,0,0,0,-1,0,6,0,,0,,0,,0,0,0,1
1723521773,3843,8,8,8,8,30.267,6,0,0.11 | 0.12 | 0.14,0,1.27 | 1.69 | 2.09,0,1.91 | 2.36 | 3.15,9.535,0.000,0,1,0,0,0,0,-1,0,6,0,,0,,0,,0,0,0,1
1723521773,3843,8,8,8,8,30.267,6,0,0.11 | 0.12 | 0.14,0,1.27 | 1.69 | 2.09,0,1.91 | 2.36 | 3.15,9.535,0.000,0,1,0,0,0,0,-1,0,6,0,,0,,0,,0,0,0,1
1723521773,3843,8,8,8,8,30.267,6,0,0.11 | 0.12 | 0.14,0,1.27 | 1.69 | 2.09,0,1.91 | 2.36 | 3.15,9.535,0.000,0,1,0,0,0,0,-1,0,6,0,,0,,0,,0,0,0,1
1723521773,3843,8,8,8,8,30.267,6,0,0.11 | 0.12 | 0.14,0,1.27 | 1.69 | 2.09,0,1.91 | 2.36 | 3.15,9.535,0.000,0,1,0,0,0,0,-1,0,6,0,,0,,0,,0,0,0,1
1723521774,3843,8,8,8,8,30.267,6,0,0.11 | 0.12 | 0.14,0,1.27 | 1.69 | 2.09,0,1.91 | 2.36 | 3.15,9.535,0.000,0,1,0,0,0,0,-1,0,6,0,,0,,0,,0,0,0,1
1723521774,3843,8,8,8,8,30.267,6,0,0.11 | 0.12 | 0.14,0,1.27 | 1.69 | 2.09,0,1.91 | 2.36 | 3.15,9.535,0.000,0,1,0,0,0,0,-1,0,6,0,,0,,0,,0,0,0,1
1723521774,3843,8,8,8,8,30.267,6,0,0.11 | 0.12 | 0.14,0,1.27 | 1.69 | 2.09,0,1.91 | 2.36 | 3.15,9.535,0.000,0,1,0,0,0,0,-1,0,6,0,,0,,0,,0,0,0,1
1723521774,3843,8,8,8,8,30.267,6,0,0.11 | 0.12 | 0.14,0,1.27 | 1.69 | 2.09,0,1.91 | 2.36 | 3.15,9.535,0.000,0,1,0,0,0,0,-1,0,6,0,,0,,0,,0,0,0,1
1723521774,3843,8,8,8,8,29.205,6,0,0.11 | 0.12 | 0.14,0,1.27 | 1.69 | 2.09,0,1.91 | 2.36 | 3.15,9.535,0.000,0,1,0,0,0,0,-1,0,6,0,,0,,0,,0,0,0,1
1723521774,3843,8,8,8,8,29.205,6,0,0.11 | 0.12 | 0.14,0,1.27 | 1.69 | 2.09,0,1.91 | 2.36 | 3.15,9.535,0.000,0,1,0,0,0,0,-1,0,6,0,,0,,0,,0,0,0,1
1723521774,3843,8,8,8,8,29.205,6,0,0.11 | 0.12 | 0.14,0,1.27 | 1.69 | 2.09,0,1.91 | 2.36 | 3.15,9.535,0.000,0,1,0,0,0,0,-1,0,6,0,,0,,0,,0,0,0,1
1723521774,3843,8,8,8,8,29.205,6,0,0.11 | 0.12 | 0.14,0,1.27 | 1.69 | 2.09,0,1.91 | 2.36 | 3.15,9.535,0.000,0,1,0,0,0,0,-1,0,6,0,,0,,0,,0,0,0,1
1723521774,3843,8,8,8,8,29.205,6,0,0.11 | 0.12 | 0.14,0,1.27 | 1.69 | 2.09,0,1.91 | 2.36 | 3.15,9.535,0.000,0,1,0,0,0,0,-1,0,6,0,,0,,0,,0,0,0,1
1723521774,3843,8,8,8,8,29.205,6,0,0.11 | 0.12 | 0.14,0,1.27 | 1.69 | 2.09,0,1.91 | 2.36 | 3.15,9.535,0.000,0,1,0,0,0,0,-1,0,6,0,,0,,0,,0,0,0,1
1723521775,3843,8,8,8,8,29.205,6,0,0.11 | 0.12 | 0.14,0,1.27 | 1.69 | 2.09,0,1.91 | 2.36 | 3.15,9.535,0.000,0,1,0,0,0,0,-1,0,6,0,,0,,0,,0,0,0,1
1723521775,3843,8,8,8,8,29.205,6,0,0.11 | 0.12 | 0.14,0,1.27 | 1.69 | 2.09,0,1.91 | 2.36 | 3.15,9.535,0.000,0,1,0,0,0,0,-1,0,6,0,,0,,0,,0,0,0,1
1723521775,3843,8,8,8,8,29.205,6,0,0.11 | 0.12 | 0.14,0,1.27 | 1.69 | 2.09,0,1.91 | 2.36 | 3.15,9.535,0.000,0,1,0,0,0,0,-1,0,6,0,,0,,0,,0,0,0,1
1723521775,3843,8,8,8,8,29.205,6,0,0.11 | 0.12 | 0.14,0,1.27 | 1.69 | 2.09,0,1.91 | 2.36 | 3.15,9.535,0.000,0,1,0,0,0,0,-1,0,6,0,,0,,0,,0,0,0,1
1723521775,3843,8,8,8,8,28.406,6,0,0.11 | 0.12 | 0.14,0,1.27 | 1.68 | 2.09,0,1.91 | 2.39 | 3.15,9.502,0.000,0,1,0,0,0,0,-1,0,6,0,,0,,0,,0,0,0,1
1723521775,3843,8,8,8,8,28.406,6,0,0.11 | 0.12 | 0.14,0,1.27 | 1.68 | 2.09,0,1.91 | 2.39 | 3.15,9.502,0.000,0,1,0,0,0,0,-1,0,6,0,,0,,0,,0,0,0,1
1723521775,3843,8,8,8,8,28.406,6,0,0.11 | 0.12 | 0.14,0,1.27 | 1.68 | 2.09,0,1.91 | 2.39 | 3.15,9.502,0.000,0,1,0,0,0,0,-1,0,6,0,,0,,0,,0,0,0,1
1723521775,3843,8,8,8,8,28.406,6,0,0.11 | 0.12 | 0.14,0,1.27 | 1.68 | 2.09,0,1.91 | 2.39 | 3.15,9.502,0.000,0,1,0,0,0,0,-1,0,6,0,,0,,0,,0,0,0,1
1723521775,3843,8,8,8,8,28.406,6,0,0.11 | 0.12 | 0.14,0,1.27 | 1.68 | 2.09,0,1.91 | 2.39 | 3.15,9.502,0.000,0,1,0,0,0,0,-1,0,6,0,,0,,0,,0,0,0,1
1723521775,3843,8,8,8,8,28.406,6,0,0.11 | 0.12 | 0.14,0,1.27 | 1.68 | 2.09,0,1.91 | 2.39 | 3.15,9.502,0.000,0,1,0,0,0,0,-1,0,6,0,,0,,0,,0,0,0,1
1723521776,3843,8,8,8,8,28.406,6,0,0.11 | 0.12 | 0.14,0,1.27 | 1.68 | 2.09,0,1.91 | 2.39 | 3.15,9.502,0.000,0,1,0,0,0,0,-1,0,6,0,,0,,0,,0,0,0,1
1723521776,3843,8,8,8,8,28.406,6,0,0.11 | 0.12 | 0.14,0,1.27 | 1.68 | 2.09,0,1.91 | 2.39 | 3.15,9.502,0.000,0,1,0,0,0,0,-1,0,6,0,,0,,0,,0,0,0,1
1723521776,3843,8,8,8,8,28.406,6,0,0.11 | 0.12 | 0.14,0,1.27 | 1.68 | 2.09,0,1.91 | 2.39 | 3.15,9.502,0.000,0,1,0,0,0,0,-1,0,6,0,,0,,0,,0,0,0,1
1723521776,3843,8,8,8,8,28.406,6,0,0.11 | 0.12 | 0.14,0,1.27 | 1.68 | 2.09,0,1.91 | 2.39 | 3.15,9.502,0.000,0,1,0,0,0,0,-1,0,6,0,,0,,0,,0,0,0,1
1723521776,3843,8,8,8,8,30.529,6,0,0.11 | 0.12 | 0.14,0,1.27 | 1.68 | 2.09,0,1.91 | 2.39 | 3.15,9.502,0.000,0,1,0,0,0,0,-1,0,6,0,,0,,0,,0,0,0,1
1723521776,3843,8,8,8,8,30.529,6,0,0.11 | 0.12 | 0.14,0,1.27 | 1.68 | 2.09,0,1.91 | 2.39 | 3.15,9.502,0.000,0,1,0,0,0,0,-1,0,6,0,,0,,0,,0,0,0,1
1723521776,3843,8,8,8,8,30.529,6,0,0.11 | 0.12 | 0.14,0,1.27 | 1.68 | 2.09,0,1.91 | 2.39 | 3.15,9.502,0.000,0,1,0,0,0,0,-1,0,6,0,,0,,0,,0,0,0,1
1723521776,3843,8,8,8,8,30.529,6,0,0.11 | 0.12 | 0.14,0,1.27 | 1.68 | 2.09,0,1.91 | 2.39 | 3.15,9.502,0.000,0,1,0,0,0,0,-1,0,6,0,,0,,0,,0,0,0,1
1723521776,3843,8,8,8,8,30.529,6,0,0.11 | 0.12 | 0.14,0,1.27 | 1.68 | 2.09,0,1.91 | 2.39 | 3.15,9.502,0.000,0,1,0,0,0,0,-1,0,6,0,,0,,0,,0,0,0,1
1723521776,3843,8,8,8,8,30.529,6,0,0.11 | 0.12 | 0.14,0,1.27 | 1.68 | 2.09,0,1.91 | 2.39 | 3.15,9.502,0.000,0,1,0,0,0,0,-1,0,6,0,,0,,0,,0,0,0,1
1723521777,3843,8,8,8,8,30.529,6,0,0.11 | 0.12 | 0.14,0,1.27 | 1.68 | 2.09,0,1.91 | 2.39 | 3.15,9.502,0.000,0,1,0,0,0,0,-1,0,6,0,,0,,0,,0,0,0,1
1723521777,3843,8,8,8,8,30.529,6,0,0.11 | 0.12 | 0.14,0,1.27 | 1.68 | 2.09,0,1.91 | 2.39 | 3.15,9.502,0.000,0,1,0,0,0,0,-1,0,6,0,,0,,0,,0,0,0,1
1723521777,3843,8,8,8,8,30.529,6,0,0.11 | 0.12 | 0.14,0,1.27 | 1.68 | 2.09,0,1.91 | 2.39 | 3.15,9.502,0.000,0,1,0,0,0,0,-1,0,6,0,,0,,0,,0,0,0,1
1723521777,3843,8,8,8,8,30.529,6,0,0.11 | 0.12 | 0.14,0,1.27 | 1.68 | 2.09,0,1.91 | 2.39 | 3.15,9.502,0.000,0,1,0,0,0,0,-1,0,6,0,,0,,0,,0,0,0,1
1723521777,3843,8,8,8,8,29.457,6,0,0.11 | 0.12 | 0.14,0,1.27 | 1.68 | 2.09,0,1.91 | 2.39 | 3.15,9.502,0.000,0,1,0,0,0,0,-1,0,6,0,,0,,0,,0,0,0,1
1723521777,3843,8,8,8,8,29.457,6,0,0.11 | 0.12 | 0.14,0,1.27 | 1.68 | 2.09,0,1.91 | 2.39 | 3.15,9.502,0.000,0,1,0,0,0,0,-1,0,6,0,,0,,0,,0,0,0,1
1723521777,3843,8,8,8,8,29.457,6,0,0.11 | 0.12 | 0.14,0,1.27 | 1.68 | 2.09,0,1.91 | 2.39 | 3.15,9.502,0.000,0,1,0,0,0,0,-1,0,6,0,,0,,0,,0,0,0,1
1723521777,3843,8,8,8,8,29.457,6,0,0.11 | 0.12 | 0.14,0,1.27 | 1.68 | 2.09,0,1.91 | 2.39 | 3.15,9.502,0.000,0,1,0,0,0,0,-1,0,6,0,,0,,0,,0,0,0,1
1723521777,3843,8,8,8,8,29.457,6,0,0.11 | 0.12 | 0.14,0,1.27 | 1.68 | 2.09,0,1.91 | 2.39 | 3.15,9.502,0.000,0,1,0,0,0,0,-1,0,6,0,,0,,0,,0,0,0,1
1723521777,3843,8,8,8,8,29.457,6,0,0.11 | 0.12 | 0.14,0,1.27 | 1.68 | 2.09,0,1.91 | 2.39 | 3.15,9.502,0.000,0,1,0,0,0,0,-1,0,6,0,,0,,0,,0,0,0,1
1723521778,3843,8,8,8,8,29.457,6,0,0.11 | 0.12 | 0.14,0,1.27 | 1.68 | 2.09,0,1.91 | 2.39 | 3.15,9.502,0.000,0,1,0,0,0,0,-1,0,6,0,,0,,0,,0,0,0,1
1723521778,3843,8,8,8,8,29.457,6,0,0.11 | 0.12 | 0.14,0,1.27 | 1.68 | 2.09,0,1.91 | 2.39 | 3.15,9.502,0.000,0,1,0,0,0,0,-1,0,6,0,,0,,0,,0,0,0,1
1723521778,3843,8,8,8,8,29.457,6,0,0.11 | 0.12 | 0.14,0,1.27 | 1.68 | 2.09,0,1.91 | 2.39 | 3.15,9.502,0.000,0,1,0,0,0,0,-1,0,6,0,,0,,0,,0,0,0,1
1723521778,3843,8,8,8,8,29.457,6,0,0.11 | 0.12 | 0.14,0,1.27 | 1.68 | 2.09,0,1.91 | 2.39 | 3.15,9.502,0.000,0,1,0,0,0,0,-1,0,6,0,,0,,0,,0,0,0,1
1723521778,3843,8,8,8,8,28.404,6,0,0.11 | 0.12 | 0.14,0,1.27 | 1.68 | 2.09,0,1.91 | 2.39 | 3.15,9.502,0.000,0,1,0,0,0,0,-1,0,6,0,,0,,0,,0,0,0,1
1723521778,3843,8,8,8,8,28.404,6,0,0.11 | 0.12 | 0.14,0,1.27 | 1.68 | 2.09,0,1.91 | 2.39 | 3.15,9.502,0.000,0,1,0,0,0,0,-1,0,6,0,,0,,0,,0,0,0,1
1723521778,3843,8,8,8,8,28.404,6,0,0.11 | 0.12 | 0.14,0,1.27 | 1.68 | 2.09,0,1.91 | 2.39 | 3.15,9.502,0.000,0,1,0,0,0,0,-1,0,6,0,,0,,0,,0,0,0,1
1723521778,3843,8,8,8,8,28.404,6,0,0.11 | 0.12 | 0.14,0,1.27 | 1.68 | 2.09,0,1.91 | 2.39 | 3.15,9.502,0.000,0,1,0,0,0,0,-1,0,6,0,,0,,0,,0,0,0,1
1723521778,3843,8,8,8,8,28.404,6,0,0.11 | 0.12 | 0.14,0,1.27 | 1.68 | 2.09,0,1.91 | 2.39 | 3.15,9.502,0.000,0,1,0,0,0,0,-1,0,6,0,,0,,0,,0,0,0,1
1723521778,3843,8,8,8,8,28.404,6,0,0.11 | 0.12 | 0.14,0,1.27 | 1.68 | 2.09,0,1.91 | 2.39 | 3.15,9.502,0.000,0,1,0,0,0,0,-1,0,6,0,,0,,0,,0,0,0,1
1723521779,3843,8,8,8,8,28.404,6,0,0.11 | 0.12 | 0.14,0,1.27 | 1.68 | 2.09,0,1.91 | 2.39 | 3.15,9.502,0.000,0,1,0,0,0,0,-1,0,6,0,,0,,0,,0,0,0,1
1723521779,3843,8,8,8,8,28.404,6,0,0.11 | 0.12 | 0.14,0,1.27 | 1.68 | 2.09,0,1.91 | 2.39 | 3.15,9.502,0.000,0,1,0,0,0,0,-1,0,6,0,,0,,0,,0,0,0,1
1723521779,3843,8,8,8,8,28.404,6,0,0.11 | 0.12 | 0.14,0,1.27 | 1.68 | 2.09,0,1.91 | 2.39 | 3.15,9.502,0.000,0,1,0,0,0,0,-1,0,6,0,,0,,0,,0,0,0,1
1723521779,3843,8,8,8,8,28.404,6,0,0.11 | 0.12 | 0.14,0,1.27 | 1.68 | 2.09,0,1.91 | 2.39 | 3.15,9.502,0.000,0,1,0,0,0,0,-1,0,6,0,,0,,0,,0,0,0,1
1723521779,3843,8,8,8,8,32.407,6,0,0.11 | 0.12 | 0.14,0,1.27 | 1.63 | 2.03,0,1.97 | 2.45 | 3.15,9.502,0.000,0,1,0,0,0,0,-1,0,6,0,,0,,0,,0,0,0,1
1723521779,3843,8,8,8,8,32.407,6,0,0.11 | 0.12 | 0.14,0,1.27 | 1.63 | 2.03,0,1.97 | 2.45 | 3.15,9.502,0.000,0,1,0,0,0,0,-1,0,6,0,,0,,0,,0,0,0,1
1723521779,3843,8,8,8,8,32.407,6,0,0.11 | 0.12 | 0.14,0,1.27 | 1.63 | 2.03,0,1.97 | 2.45 | 3.15,9.502,0.000,0,1,0,0,0,0,-1,0,6,0,,0,,0,,0,0,0,1
1723521779,3843,8,8,8,8,32.407,6,0,0.11 | 0.12 | 0.14,0,1.27 | 1.63 | 2.03,0,1.97 | 2.45 | 3.15,9.502,0.000,0,1,0,0,0,0,-1,0,6,0,,0,,0,,0,0,0,1
1723521779,3843,8,8,8,8,32.407,6,0,0.11 | 0.12 | 0.14,0,1.27 | 1.63 | 2.03,0,1.97 | 2.45 | 3.15,9.502,0.000,0,1,0,0,0,0,-1,0,6,0,,0,,0,,0,0,0,1
1723521779,3843,8,8,8,8,32.407,6,0,0.11 | 0.12 | 0.14,0,1.27 | 1.63 | 2.03,0,1.97 | 2.45 | 3.15,9.502,0.000,0,1,0,0,0,0,-1,0,6,0,,0,,0,,0,0,0,1
1723521780,3843,8,8,8,8,32.407,6,0,0.11 | 0.12 | 0.14,0,1.27 | 1.63 | 2.03,0,1.97 | 2.45 | 3.15,9.502,0.000,0,1,0,0,0,0,-1,0,6,0,,0,,0,,0,0,0,1
1723521780,3843,8,8,8,8,32.407,6,0,0.11 | 0.12 | 0.14,0,1.27 | 1.63 | 2.03,0,1.97 | 2.45 | 3.15,9.502,0.000,0,1,0,0,0,0,-1,0,6,0,,0,,0,,0,0,0,1
1723521780,3843,8,8,8,8,32.407,6,0,0.11 | 0.12 | 0.14,0,1.27 | 1.63 | 2.03,0,1.97 | 2.45 | 3.15,9.502,0.000,0,1,0,0,0,0,-1,0,6,0,,0,,0,,0,0,0,1
1723521780,3843,8,8,8,8,32.407,6,0,0.11 | 0.12 | 0.14,0,1.27 | 1.63 | 2.03,0,1.97 | 2.45 | 3.15,9.502,0.000,0,1,0,0,0,0,-1,0,6,0,,0,,0,,0,0,0,1
1723521780,3843,8,8,8,8,31.188,6,0,0.11 | 0.12 | 0.14,0,1.27 | 1.63 | 2.03,0,1.97 | 2.45 | 3.15,9.502,0.000,0,1,0,0,0,0,-1,0,6,0,,0,,0,,0,0,0,1
1723521780,3843,8,8,8,8,31.188,6,0,0.11 | 0.12 | 0.14,0,1.27 | 1.63 | 2.03,0,1.97 | 2.45 | 3.15,9.502,0.000,0,1,0,0,0,0,-1,0,6,0,,0,,0,,0,0,0,1
1723521780,3843,8,8,8,8,31.188,6,0,0.11 | 0.12 | 0.14,0,1.27 | 1.63 | 2.03,0,1.97 | 2.45 | 3.15,9.502,0.000,0,1,0,0,0,0,-1,0,6,0,,0,,0,,0,0,0,1
1723521780,3843,8,8,8,8,31.188,6,0,0.11 | 0.12 | 0.14,0,1.27 | 1.63 | 2.03,0,1.97 | 2.45 | 3.15,9.502,0.000,0,1,0,0,0,0,-1,0,6,0,,0,,0,,0,0,0,1
1723521780,3843,8,8,8,8,31.188,6,0,0.11 | 0.12 | 0.14,0,1.27 | 1.63 | 2.03,0,1.97 | 2.45 | 3.15,9.502,0.000,0,1,0,0,0,0,-1,0,6,0,,0,,0,,0,0,0,1
1723521780,3843,8,8,8,8,31.188,6,0,0.11 | 0.12 | 0.14,0,1.27 | 1.63 | 2.03,0,1.97 | 2.45 | 3.15,9.502,0.000,0,1,0,0,0,0,-1,0,6,0,,0,,0,,0,0,0,1
1723521781,3843,8,8,8,8,31.188,6,0,0.11 | 0.12 | 0.14,0,1.27 | 1.63 | 2.03,0,1.97 | 2.45 | 3.15,9.502,0.000,0,1,0,0,0,0,-1,0,6,0,,0,,0,,0,0,0,1
1723521781,3843,8,8,8,8,31.188,6,0,0.11 | 0.12 | 0.14,0,1.27 | 1.63 | 2.03,0,1.97 | 2.45 | 3.15,9.502,0.000,0,1,0,0,0,0,-1,0,6,0,,0,,0,,0,0,0,1
1723521781,3843,8,8,8,8,31.188,6,0,0.11 | 0.12 | 0.14,0,1.27 | 1.63 | 2.03,0,1.97 | 2.45 | 3.15,9.502,0.000,0,1,0,0,0,0,-1,0,6,0,,0,,0,,0,0,0,1
1723521781,3843,8,8,8,8,31.188,6,0,0.11 | 0.12 | 0.14,0,1.27 | 1.63 | 2.03,0,1.97 | 2.45 | 3.15,9.502,0.000,0,1,0,0,0,0,-1,0,6,0,,0,,0,,0,0,0,1
1723521781,3843,8,8,8,8,30.267,6,0,0.11 | 0.12 | 0.14,0,1.27 | 1.63 | 2.03,0,1.97 | 2.45 | 3.15,9.502,0.000,0,1,0,0,0,0,-1,0,6,0,,0,,0,,0,0,0,1
1723521781,3843,8,8,8,8,30.267,6,0,0.11 | 0.12 | 0.14,0,1.27 | 1.63 | 2.03,0,1.97 | 2.45 | 3.15,9.502,0.000,0,1,0,0,0,0,-1,0,6,0,,0,,0,,0,0,0,1
1723521781,3843,8,8,8,8,30.267,6,0,0.11 | 0.12 | 0.14,0,1.27 | 1.63 | 2.03,0,1.97 | 2.45 | 3.15,9.502,0.000,0,1,0,0,0,0,-1,0,6,0,,0,,0,,0,0,0,1
1723521781,3843,8,8,8,8,30.267,6,0,0.11 | 0.12 | 0.14,0,1.27 | 1.63 | 2.03,0,1.97 | 2.45 | 3.15,9.502,0.000,0,1,0,0,0,0,-1,0,6,0,,0,,0,,0,0,0,1
1723521781,3843,8,8,8,8,30.267,6,0,0.11 | 0.12 | 0.14,0,1.27 | 1.63 | 2.03,0,1.97 | 2.45 | 3.15,9.502,0.000,0,1,0,0,0,0,-1,0,6,0,,0,,0,,0,0,0,1
1723521781,3843,8,8,8,8,30.267,6,0,0.11 | 0.12 | 0.14,0,1.27 | 1.63 | 2.03,0,1.97 | 2.45 | 3.15,9.502,0.000,0,1,0,0,0,0,-1,0,6,0,,0,,0,,0,0,0,1
1723521782,3843,8,8,8,8,30.267,6,0,0.11 | 0.12 | 0.14,0,1.27 | 1.63 | 2.03,0,1.97 | 2.45 | 3.15,9.502,0.000,0,1,0,0,0,0,-1,0,6,0,,0,,0,,0,0,0,1
1723521782,3843,8,8,8,8,30.267,6,0,0.11 | 0.12 | 0.14,0,1.27 | 1.63 | 2.03,0,1.97 | 2.45 | 3.15,9.502,0.000,0,1,0,0,0,0,-1,0,6,0,,0,,0,,0,0,0,1
1723521782,3843,8,8,8,8,30.267,6,0,0.11 | 0.12 | 0.14,0,1.27 | 1.63 | 2.03,0,1.97 | 2.45 | 3.15,9.502,0.000,0,1,0,0,0,0,-1,0,6,0,,0,,0,,0,0,0,1
1723521782,3843,8,8,8,8,30.267,6,0,0.11 | 0.12 | 0.14,0,1.27 | 1.63 | 2.03,0,1.97 | 2.45 | 3.15,9.502,0.000,0,1,0,0,0,0,-1,0,6,0,,0,,0,,0,0,0,1
1723521782,3843,8,8,8,8,29.204,6,0,0.11 | 0.12 | 0.14,0,1.27 | 1.63 | 2.03,0,1.97 | 2.45 | 3.15,9.502,0.000,0,1,0,0,0,0,-1,0,6,0,,0,,0,,0,0,0,1
1723521782,3843,8,8,8,8,29.204,6,0,0.11 | 0.12 | 0.14,0,1.27 | 1.63 | 2.03,0,1.97 | 2.45 | 3.15,9.502,0.000,0,1,0,0,0,0,-1,0,6,0,,0,,0,,0,0,0,1
1723521782,3843,8,8,8,8,29.204,6,0,0.11 | 0.12 | 0.14,0,1.27 | 1.63 | 2.03,0,1.97 | 2.45 | 3.15,9.502,0.000,0,1,0,0,0,0,-1,0,6,0,,0,,0,,0,0,0,1
1723521782,3843,8,8,8,8,29.204,6,0,0.11 | 0.12 | 0.14,0,1.27 | 1.63 | 2.03,0,1.97 | 2.45 | 3.15,9.502,0.000,0,1,0,0,0,0,-1,0,6,0,,0,,0,,0,0,0,1
1723521782,3843,8,8,8,8,29.204,6,0,0.11 | 0.12 | 0.14,0,1.27 | 1.63 | 2.03,0,1.97 | 2.45 | 3.15,9.502,0.000,0,1,0,0,0,0,-1,0,6,0,,0,,0,,0,0,0,1
1723521782,3843,8,8,8,8,29.204,6,0,0.11 | 0.12 | 0.14,0,1.27 | 1.63 | 2.03,0,1.97 | 2.45 | 3.15,9.502,0.000,0,1,0,0,0,0,-1,0,6,0,,0,,0,,0,0,0,1
1723521783,3843,8,8,8,8,29.204,6,0,0.11 | 0.12 | 0.14,0,1.27 | 1.63 | 2.03,0,1.97 | 2.45 | 3.15,9.502,0.000,0,1,0,0,0,0,-1,0,6,0,,0,,0,,0,0,0,1
1723521783,3843,8,8,8,8,29.204,6,0,0.11 | 0.12 | 0.14,0,1.27 | 1.63 | 2.03,0,1.97 | 2.45 | 3.15,9.502,0.000,0,1,0,0,0,0,-1,0,6,0,,0,,0,,0,0,0,1
1723521783,3843,8,8,8,8,29.204,6,0,0.11 | 0.12 | 0.14,0,1.27 | 1.63 | 2.03,0,1.97 | 2.45 | 3.15,9.502,0.000,0,1,0,0,0,0,-1,0,6,0,,0,,0,,0,0,0,1
1723521783,3843,8,8,8,8,29.204,6,0,0.11 | 0.12 | 0.14,0,1.27 | 1.63 | 2.03,0,1.97 | 2.45 | 3.15,9.502,0.000,0,1,0,0,0,0,-1,0,6,0,,0,,0,,0,0,0,1
1723521783,3843,8,8,8,8,28.408,6,0,0.11 | 0.12 | 0.14,0,1.27 | 1.63 | 2.03,0,1.97 | 2.45 | 3.15,9.502,0.000,0,1,0,0,0,0,-1,0,6,0,,0,,0,,0,0,0,1
1723521783,3843,8,8,8,8,28.408,6,0,0.11 | 0.12 | 0.14,0,1.27 | 1.63 | 2.03,0,1.97 | 2.45 | 3.15,9.502,0.000,0,1,0,0,0,0,-1,0,6,0,,0,,0,,0,0,0,1
1723521783,3843,8,8,8,8,28.408,6,0,0.11 | 0.12 | 0.14,0,1.27 | 1.63 | 2.03,0,1.97 | 2.45 | 3.15,9.502,0.000,0,1,0,0,0,0,-1,0,6,0,,0,,0,,0,0,0,1
1723521783,3843,8,8,8,8,28.408,6,0,0.11 | 0.12 | 0.14,0,1.27 | 1.63 | 2.03,0,1.97 | 2.45 | 3.15,9.502,0.000,0,1,0,0,0,0,-1,0,6,0,,0,,0,,0,0,0,1
1723521783,3843,8,8,8,8,28.408,6,0,0.11 | 0.12 | 0.14,0,1.27 | 1.63 | 2.03,0,1.97 | 2.45 | 3.15,9.502,0.000,0,1,0,0,0,0,-1,0,6,0,,0,,0,,0,0,0,1
1723521783,3843,8,8,8,8,28.408,6,0,0.11 | 0.12 | 0.14,0,1.27 | 1.63 | 2.03,0,1.97 | 2.45 | 3.15,9.502,0.000,0,1,0,0,0,0,-1,0,6,0,,0,,0,,0,0,0,1
1723521784,3843,8,8,8,8,28.408,6,0,0.11 | 0.12 | 0.14,0,1.27 | 1.63 | 2.03,0,1.97 | 2.45 | 3.15,9.502,0.000,0,1,0,0,0,0,-1,0,6,0,,0,,0,,0,0,0,1
1723521784,3843,8,8,8,8,28.408,6,0,0.11 | 0.12 | 0.14,0,1.27 | 1.63 | 2.03,0,1.97 | 2.45 | 3.15,9.502,0.000,0,1,0,0,0,0,-1,0,6,0,,0,,0,,0,0,0,1
1723521784,3843,8,8,8,8,28.408,6,0,0.11 | 0.12 | 0.14,0,1.27 | 1.63 | 2.03,0,1.97 | 2.45 | 3.15,9.502,0.000,0,1,0,0,0,0,-1,0,6,0,,0,,0,,0,0,0,1
1723521784,3843,8,8,8,8,28.408,6,0,0.11 | 0.12 | 0.14,0,1.27 | 1.63 | 2.03,0,1.97 | 2.45 | 3.15,9.502,0.000,0,1,0,0,0,0,-1,0,6,0,,0,,0,,0,0,0,1
1723521784,3843,8,8,8,8,30.529,6,0,0.11 | 0.11 | 0.12,0,1.31 | 1.65 | 2.03,0,1.97 | 2.42 | 3.06,9.449,0.000,0,1,0,0,0,0,-1,0,6,0,,0,,0,,0,0,0,1
1723521784,3843,8,8,8,8,30.529,6,0,0.11 | 0.11 | 0.12,0,1.31 | 1.65 | 2.03,0,1.97 | 2.42 | 3.06,9.449,0.000,0,1,0,0,0,0,-1,0,6,0,,0,,0,,0,0,0,1
1723521784,3843,8,8,8,8,30.529,6,0,0.11 | 0.11 | 0.12,0,1.31 | 1.65 | 2.03,0,1.97 | 2.42 | 3.06,9.449,0.000,0,1,0,0,0,0,-1,0,6,0,,0,,0,,0,0,0,1
1723521784,3843,8,8,8,8,30.529,6,0,0.11 | 0.11 | 0.12,0,1.31 | 1.65 | 2.03,0,1.97 | 2.42 | 3.06,9.449,0.000,0,1,0,0,0,0,-1,0,6,0,,0,,0,,0,0,0,1
1723521784,3843,8,8,8,8,30.529,6,0,0.11 | 0.11 | 0.12,0,1.31 | 1.65 | 2.03,0,1.97 | 2.42 | 3.06,9.449,0.000,0,1,0,0,0,0,-1,0,6,0,,0,,0,,0,0,0,1
1723521784,3843,8,8,8,8,30.529,6,0,0.11 | 0.11 | 0.12,0,1.31 | 1.65 | 2.03,0,1.97 | 2.42 | 3.06,9.449,0.000,0,1,0,0,0,0,-1,0,6,0,,0,,0,,0,0,0,1
1723521785,3843,8,8,8,8,30.529,6,0,0.11 | 0.11 | 0.12,0,1.31 | 1.65 | 2.03,0,1.97 | 2.42 | 3.06,9.449,0.000,0,1,0,0,0,0,-1,0,6,0,,0,,0,,0,0,0,1
1723521785,3843,8,8,8,8,30.529,6,0,0.11 | 0.11 | 0.12,0,1.31 | 1.65 | 2.03,0,1.97 | 2.42 | 3.06,9.449,0.000,0,1,0,0,0,0,-1,0,6,0,,0,,0,,0,0,0,1
1723521785,3843,8,8,8,8,30.529,6,0,0.11 | 0.11 | 0.12,0,1.31 | 1.65 | 2.03,0,1.97 | 2.42 | 3.06,9.449,0.000,0,1,0,0,0,0,-1,0,6,0,,0,,0,,0,0,0,1
1723521785,3843,8,8,8,8,30.529,6,0,0.11 | 0.11 | 0.12,0,1.31 | 1.65 | 2.03,0,1.97 | 2.42 | 3.06,9.449,0.000,0,1,0,0,0,0,-1,0,6,0,,0,,0,,0,0,0,1
1723521785,3843,8,8,8,8,29.467,6,0,0.11 | 0.11 | 0.12,0,1.31 | 1.65 | 2.03,0,1.97 | 2.42 | 3.06,9.449,0.000,0,1,0,0,0,0,-1,0,6,0,,0,,0,,0,0,0,1
1723521785,3843,8,8,8,8,29.467,6,0,0.11 | 0.11 | 0.12,0,1.31 | 1.65 | 2.03,0,1.97 | 2.42 | 3.06,9.449,0.000,0,1,0,0,0,0,-1,0,6,0,,0,,0,,0,0,0,1
1723521785,3843,8,8,8,8,29.467,6,0,0.11 | 0.11 | 0.12,0,1.31 | 1.65 | 2.03,0,1.97 | 2.42 | 3.06,9.449,0.000,0,1,0,0,0,0,-1,0,6,0,,0,,0,,0,0,0,1
1723521785,3843,8,8,8,8,29.467,6,0,0.11 | 0.11 | 0.12,0,1.31 | 1.65 | 2.03,0,1.97 | 2.42 | 3.06,9.449,0.000,0,1,0,0,0,0,-1,0,6,0,,0,,0,,0,0,0,1
1723521785,3843,8,8,8,8,29.467,6,0,0.11 | 0.11 | 0.12,0,1.31 | 1.65 | 2.03,0,1.97 | 2.42 | 3.06,9.449,0.000,0,1,0,0,0,0,-1,0,6,0,,0,,0,,0,0,0,1
1723521785,3843,8,8,8,8,29.467,6,0,0.11 | 0.11 | 0.12,0,1.31 | 1.65 | 2.03,0,1.97 | 2.42 | 3.06,9.449,0.000,0,1,0,0,0,0,-1,0,6,0,,0,,0,,0,0,0,1
1723521786,3843,8,8,8,8,29.467,6,0,0.11 | 0.11 | 0.12,0,1.31 | 1.65 | 2.03,0,1.97 | 2.42 | 3.06,9.449,0.000,0,1,0,0,0,0,-1,0,6,0,,0,,0,,0,0,0,1
1723521786,3843,8,8,8,8,29.467,6,0,0.11 | 0.11 | 0.12,0,1.31 | 1.65 | 2.03,0,1.97 | 2.42 | 3.06,9.449,0.000,0,1,0,0,0,0,-1,0,6,0,,0,,0,,0,0,0,1
1723521786,3843,8,8,8,8,29.467,6,0,0.11 | 0.11 | 0.12,0,1.31 | 1.65 | 2.03,0,1.97 | 2.42 | 3.06,9.449,0.000,0,1,0,0,0,0,-1,0,6,0,,0,,0,,0,0,0,1
1723521786,3843,8,8,8,8,29.467,6,0,0.11 | 0.11 | 0.12,0,1.31 | 1.65 | 2.03,0,1.97 | 2.42 | 3.06,9.449,0.000,0,1,0,0,0,0,-1,0,6,0,,0,,0,,0,0,0,1
1723521786,3843,8,8,8,8,28.404,6,0,0.11 | 0.11 | 0.12,0,1.31 | 1.65 | 2.03,0,1.97 | 2.42 | 3.06,9.449,0.000,0,1,0,0,0,0,-1,0,6,0,,0,,0,,0,0,0,1
1723521786,3843,8,8,8,8,28.404,6,0,0.11 | 0.11 | 0.12,0,1.31 | 1.65 | 2.03,0,1.97 | 2.42 | 3.06,9.449,0.000,0,1,0,0,0,0,-1,0,6,0,,0,,0,,0,0,0,1
1723521786,3843,8,8,8,8,28.404,6,0,0.11 | 0.11 | 0.12,0,1.31 | 1.65 | 2.03,0,1.97 | 2.42 | 3.06,9.449,0.000,0,1,0,0,0,0,-1,0,6,0,,0,,0,,0,0,0,1
1723521786,3843,8,8,8,8,28.404,6,0,0.11 | 0.11 | 0.12,0,1.31 | 1.65 | 2.03,0,1.97 | 2.42 | 3.06,9.449,0.000,0,1,0,0,0,0,-1,0,6,0,,0,,0,,0,0,0,1
1723521786,3843,8,8,8,8,28.404,6,0,0.11 | 0.11 | 0.12,0,1.31 | 1.65 | 2.03,0,1.97 | 2.42 | 3.06,9.449,0.000,0,1,0,0,0,0,-1,0,6,0,,0,,0,,0,0,0,1
1723521786,3843,8,8,8,8,28.404,6,0,0.11 | 0.11 | 0.12,0,1.31 | 1.65 | 2.03,0,1.97 | 2.42 | 3.06,9.449,0.000,0,1,0,0,0,0,-1,0,6,0,,0,,0,,0,0,0,1
1723521787,3843,8,8,8,8,28.404,6,0,0.11 | 0.11 | 0.12,0,1.31 | 1.65 | 2.03,0,1.97 | 2.42 | 3.06,9.449,0.000,0,1,0,0,0,0,-1,0,6,0,,0,,0,,0,0,0,1
1723521787,3843,8,8,8,8,28.404,6,0,0.11 | 0.11 | 0.12,0,1.31 | 1.65 | 2.03,0,1.97 | 2.42 | 3.06,9.449,0.000,0,1,0,0,0,0,-1,0,6,0,,0,,0,,0,0,0,1
1723521787,3843,8,8,8,8,28.404,6,0,0.11 | 0.11 | 0.12,0,1.31 | 1.65 | 2.03,0,1.97 | 2.42 | 3.06,9.449,0.000,0,1,0,0,0,0,-1,0,6,0,,0,,0,,0,0,0,1
1723521787,3843,8,8,8,8,28.404,6,0,0.11 | 0.11 | 0.12,0,1.31 | 1.65 | 2.03,0,1.97 | 2.42 | 3.06,9.449,0.000,0,1,0,0,0,0,-1,0,6,0,,0,,0,,0,0,0,1
1723521787,3843,8,8,8,8,27.603,6,0,0.11 | 0.11 | 0.12,0,1.31 | 1.65 | 2.03,0,1.97 | 2.42 | 3.06,9.449,0.000,0,1,0,0,0,0,-1,0,6,0,,0,,0,,0,0,0,1
1723521787,3843,8,8,8,8,27.603,6,0,0.11 | 0.11 | 0.12,0,1.31 | 1.65 | 2.03,0,1.97 | 2.42 | 3.06,9.449,0.000,0,1,0,0,0,0,-1,0,6,0,,0,,0,,0,0,0,1
1723521787,3843,8,8,8,8,27.603,6,0,0.11 | 0.11 | 0.12,0,1.31 | 1.65 | 2.03,0,1.97 | 2.42 | 3.06,9.449,0.000,0,1,0,0,0,0,-1,0,6,0,,0,,0,,0,0,0,1
1723521787,3843,8,8,8,8,27.603,6,0,0.11 | 0.11 | 0.12,0,1.31 | 1.65 | 2.03,0,1.97 | 2.42 | 3.06,9.449,0.000,0,1,0,0,0,0,-1,0,6,0,,0,,0,,0,0,0,1
1723521787,3843,8,8,8,8,27.603,6,0,0.11 | 0.11 | 0.12,0,1.31 | 1.65 | 2.03,0,1.97 | 2.42 | 3.06,9.449,0.000,0,1,0,0,0,0,-1,0,6,0,,0,,0,,0,0,0,1
1723521787,3843,8,8,8,8,27.603,6,0,0.11 | 0.11 | 0.12,0,1.31 | 1.65 | 2.03,0,1.97 | 2.42 | 3.06,9.449,0.000,0,1,0,0,0,0,-1,0,6,0,,0,,0,,0,0,0,1
1723521788,3843,8,8,8,8,27.603,6,0,0.11 | 0.11 | 0.12,0,1.31 | 1.65 | 2.03,0,1.97 | 2.42 | 3.06,9.449,0.000,0,1,0,0,0,0,-1,0,6,0,,0,,0,,0,0,0,1
1723521788,3843,8,8,8,8,27.603,6,0,0.11 | 0.11 | 0.12,0,1.31 | 1.65 | 2.03,0,1.97 | 2.42 | 3.06,9.449,0.000,0,1,0,0,0,0,-1,0,6,0,,0,,0,,0,0,0,1
1723521788,3843,8,8,8,8,27.603,6,0,0.11 | 0.11 | 0.12,0,1.31 | 1.65 | 2.03,0,1.97 | 2.42 | 3.06,9.449,0.000,0,1,0,0,0,0,-1,0,6,0,,0,,0,,0,0,0,1
1723521788,3843,8,8,8,8,27.603,6,0,0.11 | 0.11 | 0.12,0,1.31 | 1.65 | 2.03,0,1.97 | 2.42 | 3.06,9.449,0.000,0,1,0,0,0,0,-1,0,6,0,,0,,0,,0,0,0,1
1723521788,3843,8,8,8,8,31.329,6,0,0.11 | 0.11 | 0.12,0,1.31 | 1.70 | 2.24,0,1.78 | 2.35 | 3.06,9.417,0.000,0,1,0,0,0,0,-1,0,6,0,,0,,0,,0,0,0,1
1723521788,3843,8,8,8,8,31.329,6,0,0.11 | 0.11 | 0.12,0,1.31 | 1.70 | 2.24,0,1.78 | 2.35 | 3.06,9.417,0.000,0,1,0,0,0,0,-1,0,6,0,,0,,0,,0,0,0,1
1723521788,3843,8,8,8,8,31.329,6,0,0.11 | 0.11 | 0.12,0,1.31 | 1.70 | 2.24,0,1.78 | 2.35 | 3.06,9.417,0.000,0,1,0,0,0,0,-1,0,6,0,,0,,0,,0,0,0,1
1723521788,3843,8,8,8,8,31.329,6,0,0.11 | 0.11 | 0.12,0,1.31 | 1.70 | 2.24,0,1.78 | 2.35 | 3.06,9.417,0.000,0,1,0,0,0,0,-1,0,6,0,,0,,0,,0,0,0,1
1723521788,3843,8,8,8,8,31.329,6,0,0.11 | 0.11 | 0.12,0,1.31 | 1.70 | 2.24,0,1.78 | 2.35 | 3.06,9.417,0.000,0,1,0,0,0,0,-1,0,6,0,,0,,0,,0,0,0,1
1723521788,3843,8,8,8,8,31.329,6,0,0.11 | 0.11 | 0.12,0,1.31 | 1.70 | 2.24,0,1.78 | 2.35 | 3.06,9.417,0.000,0,1,0,0,0,0,-1,0,6,0,,0,,0,,0,0,0,1
1723521789,3843,8,8,8,8,31.329,6,0,0.11 | 0.11 | 0.12,0,1.31 | 1.70 | 2.24,0,1.78 | 2.35 | 3.06,9.417,0.000,0,1,0,0,0,0,-1,0,6,0,,0,,0,,0,0,0,1
1723521789,3843,8,8,8,8,31.329,6,0,0.11 | 0.11 | 0.12,0,1.31 | 1.70 | 2.24,0,1.78 | 2.35 | 3.06,9.417,0.000,0,1,0,0,0,0,-1,0,6,0,,0,,0,,0,0,0,1
1723521789,3843,8,8,8,8,31.329,6,0,0.11 | 0.11 | 0.12,0,1.31 | 1.70 | 2.24,0,1.78 | 2.35 | 3.06,9.417,0.000,0,1,0,0,0,0,-1,0,6,0,,0,,0,,0,0,0,1
1723521789,3843,8,8,8,8,31.329,6,0,0.11 | 0.11 | 0.12,0,1.31 | 1.70 | 2.24,0,1.78 | 2.35 | 3.06,9.417,0.000,0,1,0,0,0,0,-1,0,6,0,,0,,0,,0,0,0,1
1723521789,3843,8,8,8,8,30.267,6,0,0.11 | 0.11 | 0.12,0,1.31 | 1.70 | 2.24,0,1.78 | 2.35 | 3.06,9.417,0.000,0,1,0,0,0,0,-1,0,6,0,,0,,0,,0,0,0,1
1723521789,3843,8,8,8,8,30.267,6,0,0.11 | 0.11 | 0.12,0,1.31 | 1.70 | 2.24,0,1.78 | 2.35 | 3.06,9.417,0.000,0,1,0,0,0,0,-1,0,6,0,,0,,0,,0,0,0,1
1723521789,3843,8,8,8,8,30.267,6,0,0.11 | 0.11 | 0.12,0,1.31 | 1.70 | 2.24,0,1.78 | 2.35 | 3.06,9.417,0.000,0,1,0,0,0,0,-1,0,6,0,,0,,0,,0,0,0,1
1723521789,3843,8,8,8,8,30.267,6,0,0.11 | 0.11 | 0.12,0,1.31 | 1.70 | 2.24,0,1.78 | 2.35 | 3.06,9.417,0.000,0,1,0,0,0,0,-1,0,6,0,,0,,0,,0,0,0,1
1723521789,3843,8,8,8,8,30.267,6,0,0.11 | 0.11 | 0.12,0,1.31 | 1.70 | 2.24,0,1.78 | 2.35 | 3.06,9.417,0.000,0,1,0,0,0,0,-1,0,6,0,,0,,0,,0,0,0,1
1723521789,3843,8,8,8,8,30.267,6,0,0.11 | 0.11 | 0.12,0,1.31 | 1.70 | 2.24,0,1.78 | 2.35 | 3.06,9.417,0.000,0,1,0,0,0,0,-1,0,6,0,,0,,0,,0,0,0,1
1723521790,3843,8,8,8,8,30.267,6,0,0.11 | 0.11 | 0.12,0,1.31 | 1.70 | 2.24,0,1.78 | 2.35 | 3.06,9.417,0.000,0,1,0,0,0,0,-1,0,6,0,,0,,0,,0,0,0,1
1723521790,3843,8,8,8,8,30.267,6,0,0.11 | 0.11 | 0.12,0,1.31 | 1.70 | 2.24,0,1.78 | 2.35 | 3.06,9.417,0.000,0,1,0,0,0,0,-1,0,6,0,,0,,0,,0,0,0,1
1723521790,3843,8,8,8,8,30.267,6,0,0.11 | 0.11 | 0.12,0,1.31 | 1.70 | 2.24,0,1.78 | 2.35 | 3.06,9.417,0.000,0,1,0,0,0,0,-1,0,6,0,,0,,0,,0,0,0,1
1723521790,3843,8,8,8,8,30.267,6,0,0.11 | 0.11 | 0.12,0,1.31 | 1.70 | 2.24,0,1.78 | 2.35 | 3.06,9.417,0.000,0,1,0,0,0,0,-1,0,6,0,,0,,0,,0,0,0,1
1723521790,3843,8,8,8,8,29.204,6,0,0.11 | 0.11 | 0.12,0,1.31 | 1.70 | 2.24,0,1.78 | 2.35 | 3.06,9.417,0.000,0,1,0,0,0,0,-1,0,6,0,,0,,0,,0,0,0,1
1723521790,3843,8,8,8,8,29.204,6,0,0.11 | 0.11 | 0.12,0,1.31 | 1.70 | 2.24,0,1.78 | 2.35 | 3.06,9.417,0.000,0,1,0,0,0,0,-1,0,6,0,,0,,0,,0,0,0,1
1723521790,3843,8,8,8,8,29.204,6,0,0.11 | 0.11 | 0.12,0,1.31 | 1.70 | 2.24,0,1.78 | 2.35 | 3.06,9.417,0.000,0,1,0,0,0,0,-1,0,6,0,,0,,0,,0,0,0,1
1723521790,3843,8,8,8,8,29.204,6,0,0.11 | 0.11 | 0.12,0,1.31 | 1.70 | 2.24,0,1.78 | 2.35 | 3.06,9.417,0.000,0,1,0,0,0,0,-1,0,6,0,,0,,0,,0,0,0,1
1723521790,3843,8,8,8,8,29.204,6,0,0.11 | 0.11 | 0.12,0,1.31 | 1.70 | 2.24,0,1.78 | 2.35 | 3.06,9.417,0.000,0,1,0,0,0,0,-1,0,6,0,,0,,0,,0,0,0,1
1723521790,3843,8,8,8,8,29.204,6,0,0.11 | 0.11 | 0.12,0,1.31 | 1.70 | 2.24,0,1.78 | 2.35 | 3.06,9.417,0.000,0,1,0,0,0,0,-1,0,6,0,,0,,0,,0,0,0,1
1723521791,3843,8,8,8,8,29.204,6,0,0.11 | 0.11 | 0.12,0,1.31 | 1.70 | 2.24,0,1.78 | 2.35 | 3.06,9.417,0.000,0,1,0,0,0,0,-1,0,6,0,,0,,0,,0,0,0,1
1723521791,3843,8,8,8,8,29.204,6,0,0.11 | 0.11 | 0.12,0,1.31 | 1.70 | 2.24,0,1.78 | 2.35 | 3.06,9.417,0.000,0,1,0,0,0,0,-1,0,6,0,,0,,0,,0,0,0,1
1723521791,3843,8,8,8,8,29.204,6,0,0.11 | 0.11 | 0.12,0,1.31 | 1.70 | 2.24,0,1.78 | 2.35 | 3.06,9.417,0.000,0,1,0,0,0,0,-1,0,6,0,,0,,0,,0,0,0,1
1723521791,3843,8,8,8,8,29.204,6,0,0.11 | 0.11 | 0.12,0,1.31 | 1.70 | 2.24,0,1.78 | 2.35 | 3.06,9.417,0.000,0,1,0,0,0,0,-1,0,6,0,,0,,0,,0,0,0,1
1723521791,3843,8,8,8,8,28.406,6,0,0.11 | 0.11 | 0.12,0,1.31 | 1.70 | 2.24,0,1.78 | 2.35 | 3.06,9.417,0.000,0,1,0,0,0,0,-1,0,6,0,,0,,0,,0,0,0,1
1723521791,3843,8,8,8,8,28.406,6,0,0.11 | 0.11 | 0.12,0,1.31 | 1.70 | 2.24,0,1.78 | 2.35 | 3.06,9.417,0.000,0,1,0,0,0,0,-1,0,6,0,,0,,0,,0,0,0,1
1723521791,3843,8,8,8,8,28.406,6,0,0.11 | 0.11 | 0.12,0,1.31 | 1.70 | 2.24,0,1.78 | 2.35 | 3.06,9.417,0.000,0,1,0,0,0,0,-1,0,6,0,,0,,0,,0,0,0,1
1723521791,3843,8,8,8,8,28.406,6,0,0.11 | 0.11 | 0.12,0,1.31 | 1.70 | 2.24,0,1.78 | 2.35 | 3.06,9.417,0.000,0,1,0,0,0,0,-1,0,6,0,,0,,0,,0,0,0,1
1723521791,3843,8,8,8,8,28.406,6,0,0.11 | 0.11 | 0.12,0,1.31 | 1.70 | 2.24,0,1.78 | 2.35 | 3.06,9.417,0.000,0,1,0,0,0,0,-1,0,6,0,,0,,0,,0,0,0,1
1723521791,3843,8,8,8,8,28.406,6,0,0.11 | 0.11 | 0.12,0,1.31 | 1.70 | 2.24,0,1.78 | 2.35 | 3.06,9.417,0.000,0,1,0,0,0,0,-1,0,6,0,,0,,0,,0,0,0,1
1723521792,3843,8,8,8,8,28.406,6,0,0.11 | 0.11 | 0.12,0,1.31 | 1.70 | 2.24,0,1.78 | 2.35 | 3.06,9.417,0.000,0,1,0,0,0,0,-1,0,6,0,,0,,0,,0,0,0,1
1723521792,3843,8,8,8,8,28.406,6,0,0.11 | 0.11 | 0.12,0,1.31 | 1.70 | 2.24,0,1.78 | 2.35 | 3.06,9.417,0.000,0,1,0,0,0,0,-1,0,6,0,,0,,0,,0,0,0,1
1723521792,3843,8,8,8,8,28.406,6,0,0.11 | 0.11 | 0.12,0,1.31 | 1.70 | 2.24,0,1.78 | 2.35 | 3.06,9.417,0.000,0,1,0,0,0,0,-1,0,6,0,,0,,0,,0,0,0,1
1723521792,3843,8,8,8,8,28.406,6,0,0.11 | 0.11 | 0.12,0,1.31 | 1.70 | 2.24,0,1.78 | 2.35 | 3.06,9.417,0.000,0,1,0,0,0,0,-1,0,6,0,,0,,0,,0,0,0,1
1723521792,3843,8,8,8,8,30.513,6,0,0.11 | 0.11 | 0.11,0,1.34 | 1.72 | 2.24,0,1.78 | 2.33 | 2.99,9.405,0.000,0,1,0,0,0,0,-1,0,6,0,,0,,0,,0,0,0,1
1723521792,3843,8,8,8,8,30.513,6,0,0.11 | 0.11 | 0.11,0,1.34 | 1.72 | 2.24,0,1.78 | 2.33 | 2.99,9.405,0.000,0,1,0,0,0,0,-1,0,6,0,,0,,0,,0,0,0,1
1723521792,3843,8,8,8,8,30.513,6,0,0.11 | 0.11 | 0.11,0,1.34 | 1.72 | 2.24,0,1.78 | 2.33 | 2.99,9.405,0.000,0,1,0,0,0,0,-1,0,6,0,,0,,0,,0,0,0,1
1723521792,3843,8,8,8,8,30.513,6,0,0.11 | 0.11 | 0.11,0,1.34 | 1.72 | 2.24,0,1.78 | 2.33 | 2.99,9.405,0.000,0,1,0,0,0,0,-1,0,6,0,,0,,0,,0,0,0,1
1723521792,3843,8,8,8,8,30.513,6,0,0.11 | 0.11 | 0.11,0,1.34 | 1.72 | 2.24,0,1.78 | 2.33 | 2.99,9.405,0.000,0,1,0,0,0,0,-1,0,6,0,,0,,0,,0,0,0,1
1723521792,3843,8,8,8,8,30.513,6,0,0.11 | 0.11 | 0.11,0,1.34 | 1.72 | 2.24,0,1.78 | 2.33 | 2.99,9.405,0.000,0,1,0,0,0,0,-1,0,6,0,,0,,0,,0,0,0,1
1723521793,3843,8,8,8,8,30.513,6,0,0.11 | 0.11 | 0.11,0,1.34 | 1.72 | 2.24,0,1.78 | 2.33 | 2.99,9.405,0.000,0,1,0,0,0,0,-1,0,6,0,,0,,0,,0,0,0,1
1723521793,3843,8,8,8,8,30.513,6,0,0.11 | 0.11 | 0.11,0,1.34 | 1.72 | 2.24,0,1.78 | 2.33 | 2.99,9.405,0.000,0,1,0,0,0,0,-1,0,6,0,,0,,0,,0,0,0,1
1723521793,3843,8,8,8,8,30.513,6,0,0.11 | 0.11 | 0.11,0,1.34 | 1.72 | 2.24,0,1.78 | 2.33 | 2.99,9.405,0.000,0,1,0,0,0,0,-1,0,6,0,,0,,0,,0,0,0,1
1723521793,3843,8,8,8,8,30.513,6,0,0.11 | 0.11 | 0.11,0,1.34 | 1.72 | 2.24,0,1.78 | 2.33 | 2.99,9.405,0.000,0,1,0,0,0,0,-1,0,6,0,,0,,0,,0,0,0,1
1723521793,3843,8,8,8,8,29.451,6,0,0.11 | 0.11 | 0.11,0,1.34 | 1.72 | 2.24,0,1.78 | 2.33 | 2.99,9.405,0.000,0,1,0,0,0,0,-1,0,6,0,,0,,0,,0,0,0,1
1723521793,3843,8,8,8,8,29.451,6,0,0.11 | 0.11 | 0.11,0,1.34 | 1.72 | 2.24,0,1.78 | 2.33 | 2.99,9.405,0.000,0,1,0,0,0,0,-1,0,6,0,,0,,0,,0,0,0,1
1723521793,3843,8,8,8,8,29.451,6,0,0.11 | 0.11 | 0.11,0,1.34 | 1.72 | 2.24,0,1.78 | 2.33 | 2.99,9.405,0.000,0,1,0,0,0,0,-1,0,6,0,,0,,0,,0,0,0,1
1723521793,3843,8,8,8,8,29.451,6,0,0.11 | 0.11 | 0.11,0,1.34 | 1.72 | 2.24,0,1.78 | 2.33 | 2.99,9.405,0.000,0,1,0,0,0,0,-1,0,6,0,,0,,0,,0,0,0,1
1723521793,3843,8,8,8,8,29.451,6,0,0.11 | 0.11 | 0.11,0,1.34 | 1.72 | 2.24,0,1.78 | 2.33 | 2.99,9.405,0.000,0,1,0,0,0,0,-1,0,6,0,,0,,0,,0,0,0,1
1723521793,3843,8,8,8,8,29.451,6,0,0.11 | 0.11 | 0.11,0,1.34 | 1.72 | 2.24,0,1.78 | 2.33 | 2.99,9.405,0.000,0,1,0,0,0,0,-1,0,6,0,,0,,0,,0,0,0,1
1723521794,3843,8,8,8,8,29.451,6,0,0.11 | 0.11 | 0.11,0,1.34 | 1.72 | 2.24,0,1.78 | 2.33 | 2.99,9.405,0.000,0,1,0,0,0,0,-1,0,6,0,,0,,0,,0,0,0,1
1723521794,3843,8,8,8,8,29.451,6,0,0.11 | 0.11 | 0.11,0,1.34 | 1.72 | 2.24,0,1.78 | 2.33 | 2.99,9.405,0.000,0,1,0,0,0,0,-1,0,6,0,,0,,0,,0,0,0,1
1723521794,3843,8,8,8,8,29.451,6,0,0.11 | 0.11 | 0.11,0,1.34 | 1.72 | 2.24,0,1.78 | 2.33 | 2.99,9.405,0.000,0,1,0,0,0,0,-1,0,6,0,,0,,0,,0,0,0,1
1723521794,3843,8,8,8,8,29.451,6,0,0.11 | 0.11 | 0.11,0,1.34 | 1.72 | 2.24,0,1.78 | 2.33 | 2.99,9.405,0.000,0,1,0,0,0,0,-1,0,6,0,,0,,0,,0,0,0,1
1723521794,3843,8,8,8,8,28.654,6,0,0.11 | 0.11 | 0.11,0,1.34 | 1.72 | 2.24,0,1.78 | 2.33 | 2.99,9.405,0.000,0,1,0,0,0,0,-1,0,6,0,,0,,0,,0,0,0,1
1723521794,3843,8,8,8,8,28.654,6,0,0.11 | 0.11 | 0.11,0,1.34 | 1.72 | 2.24,0,1.78 | 2.33 | 2.99,9.405,0.000,0,1,0,0,0,0,-1,0,6,0,,0,,0,,0,0,0,1
1723521794,3843,8,8,8,8,28.654,6,0,0.11 | 0.11 | 0.11,0,1.34 | 1.72 | 2.24,0,1.78 | 2.33 | 2.99,9.405,0.000,0,1,0,0,0,0,-1,0,6,0,,0,,0,,0,0,0,1
1723521794,3843,8,8,8,8,28.654,6,0,0.11 | 0.11 | 0.11,0,1.34 | 1.72 | 2.24,0,1.78 | 2.33 | 2.99,9.405,0.000,0,1,0,0,0,0,-1,0,6,0,,0,,0,,0,0,0,1
1723521794,3843,8,8,8,8,28.654,6,0,0.11 | 0.11 | 0.11,0,1.34 | 1.72 | 2.24,0,1.78 | 2.33 | 2.99,9.405,0.000,0,1,0,0,0,0,-1,0,6,0,,0,,0,,0,0,0,1
1723521794,3843,8,8,8,8,28.654,6,0,0.11 | 0.11 | 0.11,0,1.34 | 1.72 | 2.24,0,1.78 | 2.33 | 2.99,9.405,0.000,0,1,0,0,0,0,-1,0,6,0,,0,,0,,0,0,0,1
1723521795,3843,8,8,8,8,28.654,6,0,0.11 | 0.11 | 0.11,0,1.34 | 1.72 | 2.24,0,1.78 | 2.33 | 2.99,9.405,0.000,0,1,0,0,0,0,-1,0,6,0,,0,,0,,0,0,0,1
1723521795,3843,8,8,8,8,28.654,6,0,0.11 | 0.11 | 0.11,0,1.34 | 1.72 | 2.24,0,1.78 | 2.33 | 2.99,9.405,0.000,0,1,0,0,0,0,-1,0,6,0,,0,,0,,0,0,0,1
1723521795,3843,8,8,8,8,28.654,6,0,0.11 | 0.11 | 0.11,0,1.34 | 1.72 | 2.24,0,1.78 | 2.33 | 2.99,9.405,0.000,0,1,0,0,0,0,-1,0,6,0,,0,,0,,0,0,0,1
1723521795,3843,8,8,8,8,28.654,6,0,0.11 | 0.11 | 0.11,0,1.34 | 1.72 | 2.24,0,1.78 | 2.33 | 2.99,9.405,0.000,0,1,0,0,0,0,-1,0,6,0,,0,,0,,0,0,0,1
1723521795,3843,8,8,8,8,32.392,6,0,0.11 | 0.11 | 0.11,0,1.34 | 1.74 | 2.24,0,1.78 | 2.30 | 2.99,9.405,0.000,0,1,0,0,0,0,-1,0,6,0,,0,,0,,0,0,0,1
1723521795,3843,8,8,8,8,32.392,6,0,0.11 | 0.11 | 0.11,0,1.34 | 1.74 | 2.24,0,1.78 | 2.30 | 2.99,9.405,0.000,0,1,0,0,0,0,-1,0,6,0,,0,,0,,0,0,0,1
1723521795,3843,8,8,8,8,32.392,6,0,0.11 | 0.11 | 0.11,0,1.34 | 1.74 | 2.24,0,1.78 | 2.30 | 2.99,9.405,0.000,0,1,0,0,0,0,-1,0,6,0,,0,,0,,0,0,0,1
1723521795,3843,8,8,8,8,32.392,6,0,0.11 | 0.11 | 0.11,0,1.34 | 1.74 | 2.24,0,1.78 | 2.30 | 2.99,9.405,0.000,0,1,0,0,0,0,-1,0,6,0,,0,,0,,0,0,0,1
1723521795,3843,8,8,8,8,32.392,6,0,0.11 | 0.11 | 0.11,0,1.34 | 1.74 | 2.24,0,1.78 | 2.30 | 2.99,9.405,0.000,0,1,0,0,0,0,-1,0,6,0,,0,,0,,0,0,0,1
1723521795,3843,8,8,8,8,32.392,6,0,0.11 | 0.11 | 0.11,0,1.34 | 1.74 | 2.24,0,1.78 | 2.30 | 2.99,9.405,0.000,0,1,0,0,0,0,-1,0,6,0,,0,,0,,0,0,0,1
1723521796,3843,8,8,8,8,32.392,6,0,0.11 | 0.11 | 0.11,0,1.34 | 1.74 | 2.24,0,1.78 | 2.30 | 2.99,9.405,0.000,0,1,0,0,0,0,-1,0,6,0,,0,,0,,0,0,0,1
1723521796,3843,8,8,8,8,32.392,6,0,0.11 | 0.11 | 0.11,0,1.34 | 1.74 | 2.24,0,1.78 | 2.30 | 2.99,9.405,0.000,0,1,0,0,0,0,-1,0,6,0,,0,,0,,0,0,0,1
1723521796,3843,8,8,8,8,32.392,6,0,0.11 | 0.11 | 0.11,0,1.34 | 1.74 | 2.24,0,1.78 | 2.30 | 2.99,9.405,0.000,0,1,0,0,0,0,-1,0,6,0,,0,,0,,0,0,0,1
1723521796,3843,8,8,8,8,32.392,6,0,0.11 | 0.11 | 0.11,0,1.34 | 1.74 | 2.24,0,1.78 | 2.30 | 2.99,9.405,0.000,0,1,0,0,0,0,-1,0,6,0,,0,,0,,0,0,0,1
1723521796,3843,8,8,8,8,31.329,6,0,0.11 | 0.11 | 0.11,0,1.34 | 1.74 | 2.24,0,1.78 | 2.30 | 2.99,9.405,0.000,0,1,0,0,0,0,-1,0,6,0,,0,,0,,0,0,0,1
1723521796,3843,8,8,8,8,31.329,6,0,0.11 | 0.11 | 0.11,0,1.34 | 1.74 | 2.24,0,1.78 | 2.30 | 2.99,9.405,0.000,0,1,0,0,0,0,-1,0,6,0,,0,,0,,0,0,0,1
1723521796,3843,8,8,8,8,31.329,6,0,0.11 | 0.11 | 0.11,0,1.34 | 1.74 | 2.24,0,1.78 | 2.30 | 2.99,9.405,0.000,0,1,0,0,0,0,-1,0,6,0,,0,,0,,0,0,0,1
1723521796,3843,8,8,8,8,31.329,6,0,0.11 | 0.11 | 0.11,0,1.34 | 1.74 | 2.24,0,1.78 | 2.30 | 2.99,9.405,0.000,0,1,0,0,0,0,-1,0,6,0,,0,,0,,0,0,0,1
1723521796,3843,8,8,8,8,31.329,6,0,0.11 | 0.11 | 0.11,0,1.34 | 1.74 | 2.24,0,1.78 | 2.30 | 2.99,9.405,0.000,0,1,0,0,0,0,-1,0,6,0,,0,,0,,0,0,0,1
1723521796,3843,8,8,8,8,31.329,6,0,0.11 | 0.11 | 0.11,0,1.34 | 1.74 | 2.24,0,1.78 | 2.30 | 2.99,9.405,0.000,0,1,0,0,0,0,-1,0,6,0,,0,,0,,0,0,0,1
1723521797,3843,8,8,8,8,31.329,6,0,0.11 | 0.11 | 0.11,0,1.34 | 1.74 | 2.24,0,1.78 | 2.30 | 2.99,9.405,0.000,0,1,0,0,0,0,-1,0,6,0,,0,,0,,0,0,0,1
1723521797,3843,8,8,8,8,31.329,6,0,0.11 | 0.11 | 0.11,0,1.34 | 1.74 | 2.24,0,1.78 | 2.30 | 2.99,9.405,0.000,0,1,0,0,0,0,-1,0,6,0,,0,,0,,0,0,0,1
1723521797,3843,8,8,8,8,31.329,6,0,0.11 | 0.11 | 0.11,0,1.34 | 1.74 | 2.24,0,1.78 | 2.30 | 2.99,9.405,0.000,0,1,0,0,0,0,-1,0,6,0,,0,,0,,0,0,0,1
1723521797,3843,8,8,8,8,31.329,6,0,0.11 | 0.11 | 0.11,0,1.34 | 1.74 | 2.24,0,1.78 | 2.30 | 2.99,9.405,0.000,0,1,0,0,0,0,-1,0,6,0,,0,,0,,0,0,0,1
1723521797,3843,8,8,8,8,30.267,6,0,0.11 | 0.11 | 0.11,0,1.34 | 1.74 | 2.24,0,1.78 | 2.30 | 2.99,9.405,0.000,0,1,0,0,0,0,-1,0,6,0,,0,,0,,0,0,0,1
1723521797,3843,8,8,8,8,30.267,6,0,0.11 | 0.11 | 0.11,0,1.34 | 1.74 | 2.24,0,1.78 | 2.30 | 2.99,9.405,0.000,0,1,0,0,0,0,-1,0,6,0,,0,,0,,0,0,0,1
1723521797,3843,8,8,8,8,30.267,6,0,0.11 | 0.11 | 0.11,0,1.34 | 1.74 | 2.24,0,1.78 | 2.30 | 2.99,9.405,0.000,0,1,0,0,0,0,-1,0,6,0,,0,,0,,0,0,0,1
1723521797,3843,8,8,8,8,30.267,6,0,0.11 | 0.11 | 0.11,0,1.34 | 1.74 | 2.24,0,1.78 | 2.30 | 2.99,9.405,0.000,0,1,0,0,0,0,-1,0,6,0,,0,,0,,0,0,0,1
1723521797,3843,8,8,8,8,30.267,6,0,0.11 | 0.11 | 0.11,0,1.34 | 1.74 | 2.24,0,1.78 | 2.30 | 2.99,9.405,0.000,0,1,0,0,0,0,-1,0,6,0,,0,,0,,0,0,0,1
1723521797,3843,8,8,8,8,30.267,6,0,0.11 | 0.11 | 0.11,0,1.34 | 1.74 | 2.24,0,1.78 | 2.30 | 2.99,9.405,0.000,0,1,0,0,0,0,-1,0,6,0,,0,,0,,0,0,0,1
1723521798,3843,8,8,8,8,30.267,6,0,0.11 | 0.11 | 0.11,0,1.34 | 1.74 | 2.24,0,1.78 | 2.30 | 2.99,9.405,0.000,0,1,0,0,0,0,-1,0,6,0,,0,,0,,0,0,0,1
1723521798,3843,8,8,8,8,30.267,6,0,0.11 | 0.11 | 0.11,0,1.34 | 1.74 | 2.24,0,1.78 | 2.30 | 2.99,9.405,0.000,0,1,0,0,0,0,-1,0,6,0,,0,,0,,0,0,0,1
1723521798,3843,8,8,8,8,30.267,6,0,0.11 | 0.11 | 0.11,0,1.34 | 1.74 | 2.24,0,1.78 | 2.30 | 2.99,9.405,0.000,0,1,0,0,0,0,-1,0,6,0,,0,,0,,0,0,0,1
1723521798,3843,8,8,8,8,30.267,6,0,0.11 | 0.11 | 0.11,0,1.34 | 1.74 | 2.24,0,1.78 | 2.30 | 2.99,9.405,0.000,0,1,0,0,0,0,-1,0,6,0,,0,,0,,0,0,0,1
1723521798,3843,8,8,8,8,29.204,6,0,0.11 | 0.11 | 0.11,0,1.34 | 1.74 | 2.24,0,1.78 | 2.30 | 2.99,9.405,0.000,0,1,0,0,0,0,-1,0,6,0,,0,,0,,0,0,0,1
1723521798,3843,8,8,8,8,29.204,6,0,0.11 | 0.11 | 0.11,0,1.34 | 1.74 | 2.24,0,1.78 | 2.30 | 2.99,9.405,0.000,0,1,0,0,0,0,-1,0,6,0,,0,,0,,0,0,0,1
1723521798,3843,8,8,8,8,29.204,6,0,0.11 | 0.11 | 0.11,0,1.34 | 1.74 | 2.24,0,1.78 | 2.30 | 2.99,9.405,0.000,0,1,0,0,0,0,-1,0,6,0,,0,,0,,0,0,0,1
1723521798,3843,8,8,8,8,29.204,6,0,0.11 | 0.11 | 0.11,0,1.34 | 1.74 | 2.24,0,1.78 | 2.30 | 2.99,9.405,0.000,0,1,0,0,0,0,-1,0,6,0,,0,,0,,0,0,0,1
1723521798,3843,8,8,8,8,29.204,6,0,0.11 | 0.11 | 0.11,0,1.34 | 1.74 | 2.24,0,1.78 | 2.30 | 2.99,9.405,0.000,0,1,0,0,0,0,-1,0,6,0,,0,,0,,0,0,0,1
1723521798,3843,8,8,8,8,29.204,6,0,0.11 | 0.11 | 0.11,0,1.34 | 1.74 | 2.24,0,1.78 | 2.30 | 2.99,9.405,0.000,0,1,0,0,0,0,-1,0,6,0,,0,,0,,0,0,0,1
1723521799,3843,8,8,8,8,29.204,6,0,0.11 | 0.11 | 0.11,0,1.34 | 1.74 | 2.24,0,1.78 | 2.30 | 2.99,9.405,0.000,0,1,0,0,0,0,-1,0,6,0,,0,,0,,0,0,0,1
1723521799,3843,8,8,8,8,29.204,6,0,0.11 | 0.11 | 0.11,0,1.34 | 1.74 | 2.24,0,1.78 | 2.30 | 2.99,9.405,0.000,0,1,0,0,0,0,-1,0,6,0,,0,,0,,0,0,0,1
1723521799,3843,8,8,8,8,29.204,6,0,0.11 | 0.11 | 0.11,0,1.34 | 1.74 | 2.24,0,1.78 | 2.30 | 2.99,9.405,0.000,0,1,0,0,0,0,-1,0,6,0,,0,,0,,0,0,0,1
1723521799,3843,8,8,8,8,29.204,6,0,0.11 | 0.11 | 0.11,0,1.34 | 1.74 | 2.24,0,1.78 | 2.30 | 2.99,9.405,0.000,0,1,0,0,0,0,-1,0,6,0,,0,,0,,0,0,0,1
1723521799,3843,8,8,8,8,28.408,6,0,0.11 | 0.11 | 0.11,0,1.34 | 1.74 | 2.24,0,1.78 | 2.30 | 2.99,9.405,0.000,0,1,0,0,0,0,-1,0,6,0,,0,,0,,0,0,0,1
1723521799,3843,8,8,8,8,28.408,6,0,0.11 | 0.11 | 0.11,0,1.34 | 1.74 | 2.24,0,1.78 | 2.30 | 2.99,9.405,0.000,0,1,0,0,0,0,-1,0,6,0,,0,,0,,0,0,0,1
1723521799,3843,8,8,8,8,28.408,6,0,0.11 | 0.11 | 0.11,0,1.34 | 1.74 | 2.24,0,1.78 | 2.30 | 2.99,9.405,0.000,0,1,0,0,0,0,-1,0,6,0,,0,,0,,0,0,0,1
1723521799,3843,8,8,8,8,28.408,6,0,0.11 | 0.11 | 0.11,0,1.34 | 1.74 | 2.24,0,1.78 | 2.30 | 2.99,9.405,0.000,0,1,0,0,0,0,-1,0,6,0,,0,,0,,0,0,0,1
1723521799,3843,8,8,8,8,28.408,6,0,0.11 | 0.11 | 0.11,0,1.34 | 1.74 | 2.24,0,1.78 | 2.30 | 2.99,9.405,0.000,0,1,0,0,0,0,-1,0,6,0,,0,,0,,0,0,0,1
1723521799,3843,8,8,8,8,28.408,6,0,0.11 | 0.11 | 0.11,0,1.34 | 1.74 | 2.24,0,1.78 | 2.30 | 2.99,9.405,0.000,0,1,0,0,0,0,-1,0,6,0,,0,,0,,0,0,0,1
1723521800,3843,8,8,8,8,28.408,6,0,0.11 | 0.11 | 0.11,0,1.34 | 1.74 | 2.24,0,1.78 | 2.30 | 2.99,9.405,0.000,0,1,0,0,0,0,-1,0,6,0,,0,,0,,0,0,0,1
1723521800,3843,8,8,8,8,28.408,6,0,0.11 | 0.11 | 0.11,0,1.34 | 1.74 | 2.24,0,1.78 | 2.30 | 2.99,9.405,0.000,0,1,0,0,0,0,-1,0,6,0,,0,,0,,0,0,0,1
1723521800,3843,8,8,8,8,28.408,6,0,0.11 | 0.11 | 0.11,0,1.34 | 1.74 | 2.24,0,1.78 | 2.30 | 2.99,9.405,0.000,0,1,0,0,0,0,-1,0,6,0,,0,,0,,0,0,0,1
1723521800,3843,8,8,8,8,28.408,6,0,0.11 | 0.11 | 0.11,0,1.34 | 1.74 | 2.24,0,1.78 | 2.30 | 2.99,9.405,0.000,0,1,0,0,0,0,-1,0,6,0,,0,,0,,0,0,0,1
1723521800,3843,8,8,8,8,30.513,6,0,0.11 | 0.11 | 0.11,0,1.22 | 1.71 | 2.24,0,1.78 | 2.34 | 3.28,9.344,0.000,0,1,0,0,0,0,-1,0,6,0,,0,,0,,0,0,0,1
1723521800,3843,8,8,8,8,30.513,6,0,0.11 | 0.11 | 0.11,0,1.22 | 1.71 | 2.24,0,1.78 | 2.34 | 3.28,9.344,0.000,0,1,0,0,0,0,-1,0,6,0,,0,,0,,0,0,0,1
1723521800,3843,8,8,8,8,30.513,6,0,0.11 | 0.11 | 0.11,0,1.22 | 1.71 | 2.24,0,1.78 | 2.34 | 3.28,9.344,0.000,0,1,0,0,0,0,-1,0,6,0,,0,,0,,0,0,0,1
1723521800,3843,8,8,8,8,30.513,6,0,0.11 | 0.11 | 0.11,0,1.22 | 1.71 | 2.24,0,1.78 | 2.34 | 3.28,9.344,0.000,0,1,0,0,0,0,-1,0,6,0,,0,,0,,0,0,0,1
1723521800,3843,8,8,8,8,30.513,6,0,0.11 | 0.11 | 0.11,0,1.22 | 1.71 | 2.24,0,1.78 | 2.34 | 3.28,9.344,0.000,0,1,0,0,0,0,-1,0,6,0,,0,,0,,0,0,0,1
1723521800,3843,8,8,8,8,30.513,6,0,0.11 | 0.11 | 0.11,0,1.22 | 1.71 | 2.24,0,1.78 | 2.34 | 3.28,9.344,0.000,0,1,0,0,0,0,-1,0,6,0,,0,,0,,0,0,0,1
1723521801,3843,8,8,8,8,30.513,6,0,0.11 | 0.11 | 0.11,0,1.22 | 1.71 | 2.24,0,1.78 | 2.34 | 3.28,9.344,0.000,0,1,0,0,0,0,-1,0,6,0,,0,,0,,0,0,0,1
1723521801,3843,8,8,8,8,30.513,6,0,0.11 | 0.11 | 0.11,0,1.22 | 1.71 | 2.24,0,1.78 | 2.34 | 3.28,9.344,0.000,0,1,0,0,0,0,-1,0,6,0,,0,,0,,0,0,0,1
1723521801,3843,8,8,8,8,30.513,6,0,0.11 | 0.11 | 0.11,0,1.22 | 1.71 | 2.24,0,1.78 | 2.34 | 3.28,9.344,0.000,0,1,0,0,0,0,-1,0,6,0,,0,,0,,0,0,0,1
1723521801,3843,8,8,8,8,30.513,6,0,0.11 | 0.11 | 0.11,0,1.22 | 1.71 | 2.24,0,1.78 | 2.34 | 3.28,9.344,0.000,0,1,0,0,0,0,-1,0,6,0,,0,,0,,0,0,0,1
1723521801,3843,8,8,8,8,29.451,6,0,0.11 | 0.11 | 0.11,0,1.22 | 1.71 | 2.24,0,1.78 | 2.34 | 3.28,9.344,0.000,0,1,0,0,0,0,-1,0,6,0,,0,,0,,0,0,0,1
1723521801,3843,8,8,8,8,29.451,6,0,0.11 | 0.11 | 0.11,0,1.22 | 1.71 | 2.24,0,1.78 | 2.34 | 3.28,9.344,0.000,0,1,0,0,0,0,-1,0,6,0,,0,,0,,0,0,0,1
1723521801,3843,8,8,8,8,29.451,6,0,0.11 | 0.11 | 0.11,0,1.22 | 1.71 | 2.24,0,1.78 | 2.34 | 3.28,9.344,0.000,0,1,0,0,0,0,-1,0,6,0,,0,,0,,0,0,0,1
1723521801,3843,8,8,8,8,29.451,6,0,0.11 | 0.11 | 0.11,0,1.22 | 1.71 | 2.24,0,1.78 | 2.34 | 3.28,9.344,0.000,0,1,0,0,0,0,-1,0,6,0,,0,,0,,0,0,0,1
1723521801,3843,8,8,8,8,29.451,6,0,0.11 | 0.11 | 0.11,0,1.22 | 1.71 | 2.24,0,1.78 | 2.34 | 3.28,9.344,0.000,0,1,0,0,0,0,-1,0,6,0,,0,,0,,0,0,0,1
1723521801,3843,8,8,8,8,29.451,6,0,0.11 | 0.11 | 0.11,0,1.22 | 1.71 | 2.24,0,1.78 | 2.34 | 3.28,9.344,0.000,0,1,0,0,0,0,-1,0,6,0,,0,,0,,0,0,0,1
1723521802,3843,8,8,8,8,29.451,6,0,0.11 | 0.11 | 0.11,0,1.22 | 1.71 | 2.24,0,1.78 | 2.34 | 3.28,9.344,0.000,0,1,0,0,0,0,-1,0,6,0,,0,,0,,0,0,0,1
1723521802,3843,8,8,8,8,29.451,6,0,0.11 | 0.11 | 0.11,0,1.22 | 1.71 | 2.24,0,1.78 | 2.34 | 3.28,9.344,0.000,0,1,0,0,0,0,-1,0,6,0,,0,,0,,0,0,0,1
1723521802,3843,8,8,8,8,29.451,6,0,0.11 | 0.11 | 0.11,0,1.22 | 1.71 | 2.24,0,1.78 | 2.34 | 3.28,9.344,0.000,0,1,0,0,0,0,-1,0,6,0,,0,,0,,0,0,0,1
1723521802,3843,8,8,8,8,29.451,6,0,0.11 | 0.11 | 0.11,0,1.22 | 1.71 | 2.24,0,1.78 | 2.34 | 3.28,9.344,0.000,0,1,0,0,0,0,-1,0,6,0,,0,,0,,0,0,0,1
1723521802,3843,8,8,8,8,28.389,6,0,0.11 | 0.11 | 0.11,0,1.22 | 1.71 | 2.24,0,1.78 | 2.34 | 3.28,9.344,0.000,0,1,0,0,0,0,-1,0,6,0,,0,,0,,0,0,0,1
1723521802,3843,8,8,8,8,28.389,6,0,0.11 | 0.11 | 0.11,0,1.22 | 1.71 | 2.24,0,1.78 | 2.34 | 3.28,9.344,0.000,0,1,0,0,0,0,-1,0,6,0,,0,,0,,0,0,0,1
1723521802,3843,8,8,8,8,28.389,6,0,0.11 | 0.11 | 0.11,0,1.22 | 1.71 | 2.24,0,1.78 | 2.34 | 3.28,9.344,0.000,0,1,0,0,0,0,-1,0,6,0,,0,,0,,0,0,0,1
1723521802,3843,8,8,8,8,28.389,6,0,0.11 | 0.11 | 0.11,0,1.22 | 1.71 | 2.24,0,1.78 | 2.34 | 3.28,9.344,0.000,0,1,0,0,0,0,-1,0,6,0,,0,,0,,0,0,0,1
1723521802,3843,8,8,8,8,28.389,6,0,0.11 | 0.11 | 0.11,0,1.22 | 1.71 | 2.24,0,1.78 | 2.34 | 3.28,9.344,0.000,0,1,0,0,0,0,-1,0,6,0,,0,,0,,0,0,0,1
1723521802,3843,8,8,8,8,28.389,6,0,0.11 | 0.11 | 0.11,0,1.22 | 1.71 | 2.24,0,1.78 | 2.34 | 3.28,9.344,0.000,0,1,0,0,0,0,-1,0,6,0,,0,,0,,0,0,0,1
1723521803,3843,8,8,8,8,28.389,6,0,0.11 | 0.11 | 0.11,0,1.22 | 1.71 | 2.24,0,1.78 | 2.34 | 3.28,9.344,0.000,0,1,0,0,0,0,-1,0,6,0,,0,,0,,0,0,0,1
1723521803,3843,8,8,8,8,28.389,6,0,0.11 | 0.11 | 0.11,0,1.22 | 1.71 | 2.24,0,1.78 | 2.34 | 3.28,9.344,0.000,0,1,0,0,0,0,-1,0,6,0,,0,,0,,0,0,0,1
1723521803,3843,8,8,8,8,28.389,6,0,0.11 | 0.11 | 0.11,0,1.22 | 1.71 | 2.24,0,1.78 | 2.34 | 3.28,9.344,0.000,0,1,0,0,0,0,-1,0,6,0,,0,,0,,0,0,0,1
1723521803,3843,8,8,8,8,28.389,6,0,0.11 | 0.11 | 0.11,0,1.22 | 1.71 | 2.24,0,1.78 | 2.34 | 3.28,9.344,0.000,0,1,0,0,0,0,-1,0,6,0,,0,,0,,0,0,0,1
1723521803,3843,8,8,8,8,32.345,6,0,0.11 | 0.11 | 0.11,0,1.22 | 1.68 | 2.12,0,1.89 | 2.39 | 3.28,9.382,0.000,0,1,0,0,0,0,-1,0,6,0,,0,,0,,0,0,0,1
1723521803,3843,8,8,8,8,32.345,6,0,0.11 | 0.11 | 0.11,0,1.22 | 1.68 | 2.12,0,1.89 | 2.39 | 3.28,9.382,0.000,0,1,0,0,0,0,-1,0,6,0,,0,,0,,0,0,0,1
1723521803,3843,8,8,8,8,32.345,6,0,0.11 | 0.11 | 0.11,0,1.22 | 1.68 | 2.12,0,1.89 | 2.39 | 3.28,9.382,0.000,0,1,0,0,0,0,-1,0,6,0,,0,,0,,0,0,0,1
1723521803,3843,8,8,8,8,32.345,6,0,0.11 | 0.11 | 0.11,0,1.22 | 1.68 | 2.12,0,1.89 | 2.39 | 3.28,9.382,0.000,0,1,0,0,0,0,-1,0,6,0,,0,,0,,0,0,0,1
1723521803,3843,8,8,8,8,32.345,6,0,0.11 | 0.11 | 0.11,0,1.22 | 1.68 | 2.12,0,1.89 | 2.39 | 3.28,9.382,0.000,0,1,0,0,0,0,-1,0,6,0,,0,,0,,0,0,0,1
1723521803,3843,8,8,8,8,32.345,6,0,0.11 | 0.11 | 0.11,0,1.22 | 1.68 | 2.12,0,1.89 | 2.39 | 3.28,9.382,0.000,0,1,0,0,0,0,-1,0,6,0,,0,,0,,0,0,0,1
1723521804,3843,8,8,8,8,32.345,6,0,0.11 | 0.11 | 0.11,0,1.22 | 1.68 | 2.12,0,1.89 | 2.39 | 3.28,9.382,0.000,0,1,0,0,0,0,-1,0,6,0,,0,,0,,0,0,0,1
1723521804,3843,8,8,8,8,32.345,6,0,0.11 | 0.11 | 0.11,0,1.22 | 1.68 | 2.12,0,1.89 | 2.39 | 3.28,9.382,0.000,0,1,0,0,0,0,-1,0,6,0,,0,,0,,0,0,0,1
1723521804,3843,8,8,8,8,32.345,6,0,0.11 | 0.11 | 0.11,0,1.22 | 1.68 | 2.12,0,1.89 | 2.39 | 3.28,9.382,0.000,0,1,0,0,0,0,-1,0,6,0,,0,,0,,0,0,0,1
1723521804,3843,8,8,8,8,32.345,6,0,0.11 | 0.11 | 0.11,0,1.22 | 1.68 | 2.12,0,1.89 | 2.39 | 3.28,9.382,0.000,0,1,0,0,0,0,-1,0,6,0,,0,,0,,0,0,0,1
1723521804,3843,8,8,8,8,31.329,6,0,0.11 | 0.11 | 0.11,0,1.22 | 1.68 | 2.12,0,1.89 | 2.39 | 3.28,9.382,0.000,0,1,0,0,0,0,-1,0,6,0,,0,,0,,0,0,0,1
1723521804,3843,8,8,8,8,31.329,6,0,0.11 | 0.11 | 0.11,0,1.22 | 1.68 | 2.12,0,1.89 | 2.39 | 3.28,9.382,0.000,0,1,0,0,0,0,-1,0,6,0,,0,,0,,0,0,0,1
1723521804,3843,8,8,8,8,31.329,6,0,0.11 | 0.11 | 0.11,0,1.22 | 1.68 | 2.12,0,1.89 | 2.39 | 3.28,9.382,0.000,0,1,0,0,0,0,-1,0,6,0,,0,,0,,0,0,0,1
1723521804,3843,8,8,8,8,31.329,6,0,0.11 | 0.11 | 0.11,0,1.22 | 1.68 | 2.12,0,1.89 | 2.39 | 3.28,9.382,0.000,0,1,0,0,0,0,-1,0,6,0,,0,,0,,0,0,0,1
1723521804,3843,8,8,8,8,31.329,6,0,0.11 | 0.11 | 0.11,0,1.22 | 1.68 | 2.12,0,1.89 | 2.39 | 3.28,9.382,0.000,0,1,0,0,0,0,-1,0,6,0,,0,,0,,0,0,0,1
1723521804,3843,8,8,8,8,31.329,6,0,0.11 | 0.11 | 0.11,0,1.22 | 1.68 | 2.12,0,1.89 | 2.39 | 3.28,9.382,0.000,0,1,0,0,0,0,-1,0,6,0,,0,,0,,0,0,0,1
1723521805,3843,8,8,8,8,31.329,6,0,0.11 | 0.11 | 0.11,0,1.22 | 1.68 | 2.12,0,1.89 | 2.39 | 3.28,9.382,0.000,0,1,0,0,0,0,-1,0,6,0,,0,,0,,0,0,0,1
1723521805,3843,8,8,8,8,31.329,6,0,0.11 | 0.11 | 0.11,0,1.22 | 1.68 | 2.12,0,1.89 | 2.39 | 3.28,9.382,0.000,0,1,0,0,0,0,-1,0,6,0,,0,,0,,0,0,0,1
1723521805,3843,8,8,8,8,31.329,6,0,0.11 | 0.11 | 0.11,0,1.22 | 1.68 | 2.12,0,1.89 | 2.39 | 3.28,9.382,0.000,0,1,0,0,0,0,-1,0,6,0,,0,,0,,0,0,0,1
1723521805,3843,8,8,8,8,31.329,6,0,0.11 | 0.11 | 0.11,0,1.22 | 1.68 | 2.12,0,1.89 | 2.39 | 3.28,9.382,0.000,0,1,0,0,0,0,-1,0,6,0,,0,,0,,0,0,0,1
1723521805,3843,8,8,8,8,30.267,6,0,0.11 | 0.11 | 0.11,0,1.22 | 1.68 | 2.12,0,1.89 | 2.39 | 3.28,9.382,0.000,0,1,0,0,0,0,-1,0,6,0,,0,,0,,0,0,0,1
1723521805,3843,8,8,8,8,30.267,6,0,0.11 | 0.11 | 0.11,0,1.22 | 1.68 | 2.12,0,1.89 | 2.39 | 3.28,9.382,0.000,0,1,0,0,0,0,-1,0,6,0,,0,,0,,0,0,0,1
1723521805,3843,8,8,8,8,30.267,6,0,0.11 | 0.11 | 0.11,0,1.22 | 1.68 | 2.12,0,1.89 | 2.39 | 3.28,9.382,0.000,0,1,0,0,0,0,-1,0,6,0,,0,,0,,0,0,0,1
1723521805,3843,8,8,8,8,30.267,6,0,0.11 | 0.11 | 0.11,0,1.22 | 1.68 | 2.12,0,1.89 | 2.39 | 3.28,9.382,0.000,0,1,0,0,0,0,-1,0,6,0,,0,,0,,0,0,0,1
1723521805,3843,8,8,8,8,30.267,6,0,0.11 | 0.11 | 0.11,0,1.22 | 1.68 | 2.12,0,1.89 | 2.39 | 3.28,9.382,0.000,0,1,0,0,0,0,-1,0,6,0,,0,,0,,0,0,0,1
1723521805,3843,8,8,8,8,30.267,6,0,0.11 | 0.11 | 0.11,0,1.22 | 1.68 | 2.12,0,1.89 | 2.39 | 3.28,9.382,0.000,0,1,0,0,0,0,-1,0,6,0,,0,,0,,0,0,0,1
1723521806,3843,8,8,8,8,30.267,6,0,0.11 | 0.11 | 0.11,0,1.22 | 1.68 | 2.12,0,1.89 | 2.39 | 3.28,9.382,0.000,0,1,0,0,0,0,-1,0,6,0,,0,,0,,0,0,0,1
1723521806,3843,8,8,8,8,30.267,6,0,0.11 | 0.11 | 0.11,0,1.22 | 1.68 | 2.12,0,1.89 | 2.39 | 3.28,9.382,0.000,0,1,0,0,0,0,-1,0,6,0,,0,,0,,0,0,0,1
1723521806,3843,8,8,8,8,30.267,6,0,0.11 | 0.11 | 0.11,0,1.22 | 1.68 | 2.12,0,1.89 | 2.39 | 3.28,9.382,0.000,0,1,0,0,0,0,-1,0,6,0,,0,,0,,0,0,0,1
1723521806,3843,8,8,8,8,30.267,6,0,0.11 | 0.11 | 0.11,0,1.22 | 1.68 | 2.12,0,1.89 | 2.39 | 3.28,9.382,0.000,0,1,0,0,0,0,-1,0,6,0,,0,,0,,0,0,0,1
1723521806,3843,8,8,8,8,29.204,6,0,0.11 | 0.11 | 0.11,0,1.22 | 1.68 | 2.12,0,1.89 | 2.39 | 3.28,9.382,0.000,0,1,0,0,0,0,-1,0,6,0,,0,,0,,0,0,0,1
1723521806,3843,8,8,8,8,29.204,6,0,0.11 | 0.11 | 0.11,0,1.22 | 1.68 | 2.12,0,1.89 | 2.39 | 3.28,9.382,0.000,0,1,0,0,0,0,-1,0,6,0,,0,,0,,0,0,0,1
1723521806,3843,8,8,8,8,29.204,6,0,0.11 | 0.11 | 0.11,0,1.22 | 1.68 | 2.12,0,1.89 | 2.39 | 3.28,9.382,0.000,0,1,0,0,0,0,-1,0,6,0,,0,,0,,0,0,0,1
1723521806,3843,8,8,8,8,29.204,6,0,0.11 | 0.11 | 0.11,0,1.22 | 1.68 | 2.12,0,1.89 | 2.39 | 3.28,9.382,0.000,0,1,0,0,0,0,-1,0,6,0,,0,,0,,0,0,0,1
1723521806,3843,8,8,8,8,29.204,6,0,0.11 | 0.11 | 0.11,0,1.22 | 1.68 | 2.12,0,1.89 | 2.39 | 3.28,9.382,0.000,0,1,0,0,0,0,-1,0,6,0,,0,,0,,0,0,0,1
1723521806,3843,8,8,8,8,29.204,6,0,0.11 | 0.11 | 0.11,0,1.22 | 1.68 | 2.12,0,1.89 | 2.39 | 3.28,9.382,0.000,0,1,0,0,0,0,-1,0,6,0,,0,,0,,0,0,0,1
1723521807,3843,8,8,8,8,29.204,6,0,0.11 | 0.11 | 0.11,0,1.22 | 1.68 | 2.12,0,1.89 | 2.39 | 3.28,9.382,0.000,0,1,0,0,0,0,-1,0,6,0,,0,,0,,0,0,0,1
1723521807,3843,8,8,8,8,29.204,6,0,0.11 | 0.11 | 0.11,0,1.22 | 1.68 | 2.12,0,1.89 | 2.39 | 3.28,9.382,0.000,0,1,0,0,0,0,-1,0,6,0,,0,,0,,0,0,0,1
1723521807,3843,8,8,8,8,29.204,6,0,0.11 | 0.11 | 0.11,0,1.22 | 1.68 | 2.12,0,1.89 | 2.39 | 3.28,9.382,0.000,0,1,0,0,0,0,-1,0,6,0,,0,,0,,0,0,0,1
1723521807,3843,8,8,8,8,29.204,6,0,0.11 | 0.11 | 0.11,0,1.22 | 1.68 | 2.12,0,1.89 | 2.39 | 3.28,9.382,0.000,0,1,0,0,0,0,-1,0,6,0,,0,,0,,0,0,0,1
1723521807,3843,8,8,8,8,28.408,6,0,0.11 | 0.11 | 0.11,0,1.22 | 1.68 | 2.12,0,1.89 | 2.39 | 3.28,9.382,0.000,0,1,0,0,0,0,-1,0,6,0,,0,,0,,0,0,0,1
1723521807,3843,8,8,8,8,28.408,6,0,0.11 | 0.11 | 0.11,0,1.22 | 1.68 | 2.12,0,1.89 | 2.39 | 3.28,9.382,0.000,0,1,0,0,0,0,-1,0,6,0,,0,,0,,0,0,0,1
1723521807,3843,8,8,8,8,28.408,6,0,0.11 | 0.11 | 0.11,0,1.22 | 1.68 | 2.12,0,1.89 | 2.39 | 3.28,9.382,0.000,0,1,0,0,0,0,-1,0,6,0,,0,,0,,0,0,0,1
1723521807,3843,8,8,8,8,28.408,6,0,0.11 | 0.11 | 0.11,0,1.22 | 1.68 | 2.12,0,1.89 | 2.39 | 3.28,9.382,0.000,0,1,0,0,0,0,-1,0,6,0,,0,,0,,0,0,0,1
1723521807,3843,8,8,8,8,28.408,6,0,0.11 | 0.11 | 0.11,0,1.22 | 1.68 | 2.12,0,1.89 | 2.39 | 3.28,9.382,0.000,0,1,0,0,0,0,-1,0,6,0,,0,,0,,0,0,0,1
1723521807,3843,8,8,8,8,28.408,6,0,0.11 | 0.11 | 0.11,0,1.22 | 1.68 | 2.12,0,1.89 | 2.39 | 3.28,9.382,0.000,0,1,0,0,0,0,-1,0,6,0,,0,,0,,0,0,0,1
1723521808,3843,8,8,8,8,28.408,6,0,0.11 | 0.11 | 0.11,0,1.22 | 1.68 | 2.12,0,1.89 | 2.39 | 3.28,9.382,0.000,0,1,0,0,0,0,-1,0,6,0,,0,,0,,0,0,0,1
1723521808,3843,8,8,8,8,28.408,6,0,0.11 | 0.11 | 0.11,0,1.22 | 1.68 | 2.12,0,1.89 | 2.39 | 3.28,9.382,0.000,0,1,0,0,0,0,-1,0,6,0,,0,,0,,0,0,0,1
1723521808,3843,8,8,8,8,28.408,6,0,0.11 | 0.11 | 0.11,0,1.22 | 1.68 | 2.12,0,1.89 | 2.39 | 3.28,9.382,0.000,0,1,0,0,0,0,-1,0,6,0,,0,,0,,0,0,0,1
1723521808,3843,8,8,8,8,28.408,6,0,0.11 | 0.11 | 0.11,0,1.22 | 1.68 | 2.12,0,1.89 | 2.39 | 3.28,9.382,0.000,0,1,0,0,0,0,-1,0,6,0,,0,,0,,0,0,0,1
1723521808,3843,8,8,8,8,30.545,6,0,0.11 | 0.11 | 0.11,0,1.22 | 1.69 | 2.12,0,1.89 | 2.36 | 3.28,9.422,0.000,0,1,0,0,0,0,-1,0,6,0,,0,,0,,0,0,0,1
1723521808,3843,8,8,8,8,30.545,6,0,0.11 | 0.11 | 0.11,0,1.22 | 1.69 | 2.12,0,1.89 | 2.36 | 3.28,9.422,0.000,0,1,0,0,0,0,-1,0,6,0,,0,,0,,0,0,0,1
1723521808,3843,8,8,8,8,30.545,6,0,0.11 | 0.11 | 0.11,0,1.22 | 1.69 | 2.12,0,1.89 | 2.36 | 3.28,9.422,0.000,0,1,0,0,0,0,-1,0,6,0,,0,,0,,0,0,0,1
1723521808,3843,8,8,8,8,30.545,6,0,0.11 | 0.11 | 0.11,0,1.22 | 1.69 | 2.12,0,1.89 | 2.36 | 3.28,9.422,0.000,0,1,0,0,0,0,-1,0,6,0,,0,,0,,0,0,0,1
1723521808,3843,8,8,8,8,30.545,6,0,0.11 | 0.11 | 0.11,0,1.22 | 1.69 | 2.12,0,1.89 | 2.36 | 3.28,9.422,0.000,0,1,0,0,0,0,-1,0,6,0,,0,,0,,0,0,0,1
1723521808,3843,8,8,8,8,30.545,6,0,0.11 | 0.11 | 0.11,0,1.22 | 1.69 | 2.12,0,1.89 | 2.36 | 3.28,9.422,0.000,0,1,0,0,0,0,-1,0,6,0,,0,,0,,0,0,0,1
1723521809,3843,8,8,8,8,30.545,6,0,0.11 | 0.11 | 0.11,0,1.22 | 1.69 | 2.12,0,1.89 | 2.36 | 3.28,9.422,0.000,0,1,0,0,0,0,-1,0,6,0,,0,,0,,0,0,0,1
1723521809,3843,8,8,8,8,30.545,6,0,0.11 | 0.11 | 0.11,0,1.22 | 1.69 | 2.12,0,1.89 | 2.36 | 3.28,9.422,0.000,0,1,0,0,0,0,-1,0,6,0,,0,,0,,0,0,0,1
1723521809,3843,8,8,8,8,30.545,6,0,0.11 | 0.11 | 0.11,0,1.22 | 1.69 | 2.12,0,1.89 | 2.36 | 3.28,9.422,0.000,0,1,0,0,0,0,-1,0,6,0,,0,,0,,0,0,0,1
1723521809,3843,8,8,8,8,30.545,6,0,0.11 | 0.11 | 0.11,0,1.22 | 1.69 | 2.12,0,1.89 | 2.36 | 3.28,9.422,0.000,0,1,0,0,0,0,-1,0,6,0,,0,,0,,0,0,0,1
1723521809,3843,8,8,8,8,29.483,6,0,0.11 | 0.11 | 0.11,0,1.22 | 1.69 | 2.12,0,1.89 | 2.36 | 3.28,9.422,0.000,0,1,0,0,0,0,-1,0,6,0,,0,,0,,0,0,0,1
1723521809,3843,8,8,8,8,29.483,6,0,0.11 | 0.11 | 0.11,0,1.22 | 1.69 | 2.12,0,1.89 | 2.36 | 3.28,9.422,0.000,0,1,0,0,0,0,-1,0,6,0,,0,,0,,0,0,0,1
1723521809,3843,8,8,8,8,29.483,6,0,0.11 | 0.11 | 0.11,0,1.22 | 1.69 | 2.12,0,1.89 | 2.36 | 3.28,9.422,0.000,0,1,0,0,0,0,-1,0,6,0,,0,,0,,0,0,0,1
1723521809,3843,8,8,8,8,29.483,6,0,0.11 | 0.11 | 0.11,0,1.22 | 1.69 | 2.12,0,1.89 | 2.36 | 3.28,9.422,0.000,0,1,0,0,0,0,-1,0,6,0,,0,,0,,0,0,0,1
1723521809,3843,8,8,8,8,29.483,6,0,0.11 | 0.11 | 0.11,0,1.22 | 1.69 | 2.12,0,1.89 | 2.36 | 3.28,9.422,0.000,0,1,0,0,0,0,-1,0,6,0,,0,,0,,0,0,0,1
1723521809,3843,8,8,8,8,29.483,6,0,0.11 | 0.11 | 0.11,0,1.22 | 1.69 | 2.12,0,1.89 | 2.36 | 3.28,9.422,0.000,0,1,0,0,0,0,-1,0,6,0,,0,,0,,0,0,0,1
1723521810,3843,8,8,8,8,29.483,6,0,0.11 | 0.11 | 0.11,0,1.22 | 1.69 | 2.12,0,1.89 | 2.36 | 3.28,9.422,0.000,0,1,0,0,0,0,-1,0,6,0,,0,,0,,0,0,0,1
1723521810,3843,8,8,8,8,29.483,6,0,0.11 | 0.11 | 0.11,0,1.22 | 1.69 | 2.12,0,1.89 | 2.36 | 3.28,9.422,0.000,0,1,0,0,0,0,-1,0,6,0,,0,,0,,0,0,0,1
1723521810,3843,8,8,8,8,29.483,6,0,0.11 | 0.11 | 0.11,0,1.22 | 1.69 | 2.12,0,1.89 | 2.36 | 3.28,9.422,0.000,0,1,0,0,0,0,-1,0,6,0,,0,,0,,0,0,0,1
1723521810,3843,8,8,8,8,29.483,6,0,0.11 | 0.11 | 0.11,0,1.22 | 1.69 | 2.12,0,1.89 | 2.36 | 3.28,9.422,0.000,0,1,0,0,0,0,-1,0,6,0,,0,,0,,0,0,0,1
1723521810,3843,8,8,8,8,28.42,6,0,0.11 | 0.11 | 0.11,0,1.22 | 1.69 | 2.12,0,1.89 | 2.36 | 3.28,9.422,0.000,0,1,0,0,0,0,-1,0,6,0,,0,,0,,0,0,0,1
1723521810,3843,8,8,8,8,28.42,6,0,0.11 | 0.11 | 0.11,0,1.22 | 1.69 | 2.12,0,1.89 | 2.36 | 3.28,9.422,0.000,0,1,0,0,0,0,-1,0,6,0,,0,,0,,0,0,0,1
1723521810,3843,8,8,8,8,28.42,6,0,0.11 | 0.11 | 0.11,0,1.22 | 1.69 | 2.12,0,1.89 | 2.36 | 3.28,9.422,0.000,0,1,0,0,0,0,-1,0,6,0,,0,,0,,0,0,0,1
1723521810,3843,8,8,8,8,28.42,6,0,0.11 | 0.11 | 0.11,0,1.22 | 1.69 | 2.12,0,1.89 | 2.36 | 3.28,9.422,0.000,0,1,0,0,0,0,-1,0,6,0,,0,,0,,0,0,0,1
1723521810,3843,8,8,8,8,28.42,6,0,0.11 | 0.11 | 0.11,0,1.22 | 1.69 | 2.12,0,1.89 | 2.36 | 3.28,9.422,0.000,0,1,0,0,0,0,-1,0,6,0,,0,,0,,0,0,0,1
1723521810,3843,8,8,8,8,28.42,6,0,0.11 | 0.11 | 0.11,0,1.22 | 1.69 | 2.12,0,1.89 | 2.36 | 3.28,9.422,0.000,0,1,0,0,0,0,-1,0,6,0,,0,,0,,0,0,0,1
1723521811,3843,8,8,8,8,28.42,6,0,0.11 | 0.11 | 0.11,0,1.22 | 1.69 | 2.12,0,1.89 | 2.36 | 3.28,9.422,0.000,0,1,0,0,0,0,-1,0,6,0,,0,,0,,0,0,0,1
1723521811,3843,8,8,8,8,28.42,6,0,0.11 | 0.11 | 0.11,0,1.22 | 1.69 | 2.12,0,1.89 | 2.36 | 3.28,9.422,0.000,0,1,0,0,0,0,-1,0,6,0,,0,,0,,0,0,0,1
1723521811,3843,8,8,8,8,28.42,6,0,0.11 | 0.11 | 0.11,0,1.22 | 1.69 | 2.12,0,1.89 | 2.36 | 3.28,9.422,0.000,0,1,0,0,0,0,-1,0,6,0,,0,,0,,0,0,0,1
1723521811,3843,8,8,8,8,28.42,6,0,0.11 | 0.11 | 0.11,0,1.22 | 1.69 | 2.12,0,1.89 | 2.36 | 3.28,9.422,0.000,0,1,0,0,0,0,-1,0,6,0,,0,,0,,0,0,0,1
1723521811,3843,8,8,8,8,27.623,6,0,0.11 | 0.12 | 0.14,0,1.22 | 1.68 | 2.12,0,1.89 | 2.38 | 3.28,9.442,0.000,0,1,0,0,0,0,-1,0,6,0,,0,,0,,0,0,0,1
1723521811,3843,8,8,8,8,27.623,6,0,0.11 | 0.12 | 0.14,0,1.22 | 1.68 | 2.12,0,1.89 | 2.38 | 3.28,9.442,0.000,0,1,0,0,0,0,-1,0,6,0,,0,,0,,0,0,0,1
1723521811,3843,8,8,8,8,27.623,6,0,0.11 | 0.12 | 0.14,0,1.22 | 1.68 | 2.12,0,1.89 | 2.38 | 3.28,9.442,0.000,0,1,0,0,0,0,-1,0,6,0,,0,,0,,0,0,0,1
1723521811,3843,8,8,8,8,27.623,6,0,0.11 | 0.12 | 0.14,0,1.22 | 1.68 | 2.12,0,1.89 | 2.38 | 3.28,9.442,0.000,0,1,0,0,0,0,-1,0,6,0,,0,,0,,0,0,0,1
1723521811,3843,8,8,8,8,27.623,6,0,0.11 | 0.12 | 0.14,0,1.22 | 1.68 | 2.12,0,1.89 | 2.38 | 3.28,9.442,0.000,0,1,0,0,0,0,-1,0,6,0,,0,,0,,0,0,0,1
1723521811,3843,8,8,8,8,27.623,6,0,0.11 | 0.12 | 0.14,0,1.22 | 1.68 | 2.12,0,1.89 | 2.38 | 3.28,9.442,0.000,0,1,0,0,0,0,-1,0,6,0,,0,,0,,0,0,0,1
1723521812,3843,8,8,8,8,27.623,6,0,0.11 | 0.12 | 0.14,0,1.22 | 1.68 | 2.12,0,1.89 | 2.38 | 3.28,9.442,0.000,0,1,0,0,0,0,-1,0,6,0,,0,,0,,0,0,0,1
1723521812,3843,8,8,8,8,27.623,6,0,0.11 | 0.12 | 0.14,0,1.22 | 1.68 | 2.12,0,1.89 | 2.38 | 3.28,9.442,0.000,0,1,0,0,0,0,-1,0,6,0,,0,,0,,0,0,0,1
1723521812,3843,8,8,8,8,27.623,6,0,0.11 | 0.12 | 0.14,0,1.22 | 1.68 | 2.12,0,1.89 | 2.38 | 3.28,9.442,0.000,0,1,0,0,0,0,-1,0,6,0,,0,,0,,0,0,0,1
1723521812,3843,8,8,8,8,27.623,6,0,0.11 | 0.12 | 0.14,0,1.22 | 1.68 | 2.12,0,1.89 | 2.38 | 3.28,9.442,0.000,0,1,0,0,0,0,-1,0,6,0,,0,,0,,0,0,0,1
1723521812,3843,8,8,8,8,31.313,6,0,0.11 | 0.12 | 0.14,0,1.22 | 1.68 | 2.12,0,1.89 | 2.38 | 3.28,9.442,0.000,0,1,0,0,0,0,-1,0,6,0,,0,,0,,0,0,0,1
1723521812,3843,8,8,8,8,31.313,6,0,0.11 | 0.12 | 0.14,0,1.22 | 1.68 | 2.12,0,1.89 | 2.38 | 3.28,9.442,0.000,0,1,0,0,0,0,-1,0,6,0,,0,,0,,0,0,0,1
1723521812,3843,8,8,8,8,31.313,6,0,0.11 | 0.12 | 0.14,0,1.22 | 1.68 | 2.12,0,1.89 | 2.38 | 3.28,9.442,0.000,0,1,0,0,0,0,-1,0,6,0,,0,,0,,0,0,0,1
1723521812,3843,8,8,8,8,31.313,6,0,0.11 | 0.12 | 0.14,0,1.22 | 1.68 | 2.12,0,1.89 | 2.38 | 3.28,9.442,0.000,0,1,0,0,0,0,-1,0,6,0,,0,,0,,0,0,0,1
1723521812,3843,8,8,8,8,31.313,6,0,0.11 | 0.12 | 0.14,0,1.22 | 1.68 | 2.12,0,1.89 | 2.38 | 3.28,9.442,0.000,0,1,0,0,0,0,-1,0,6,0,,0,,0,,0,0,0,1
1723521812,3843,8,8,8,8,31.313,6,0,0.11 | 0.12 | 0.14,0,1.22 | 1.68 | 2.12,0,1.89 | 2.38 | 3.28,9.442,0.000,0,1,0,0,0,0,-1,0,6,0,,0,,0,,0,0,0,1
1723521813,3843,8,8,8,8,31.313,6,0,0.11 | 0.12 | 0.14,0,1.22 | 1.68 | 2.12,0,1.89 | 2.38 | 3.28,9.442,0.000,0,1,0,0,0,0,-1,0,6,0,,0,,0,,0,0,0,1
1723521813,3843,8,8,8,8,31.313,6,0,0.11 | 0.12 | 0.14,0,1.22 | 1.68 | 2.12,0,1.89 | 2.38 | 3.28,9.442,0.000,0,1,0,0,0,0,-1,0,6,0,,0,,0,,0,0,0,1
1723521813,3843,8,8,8,8,31.313,6,0,0.11 | 0.12 | 0.14,0,1.22 | 1.68 | 2.12,0,1.89 | 2.38 | 3.28,9.442,0.000,0,1,0,0,0,0,-1,0,6,0,,0,,0,,0,0,0,1
1723521813,3843,8,8,8,8,31.313,6,0,0.11 | 0.12 | 0.14,0,1.22 | 1.68 | 2.12,0,1.89 | 2.38 | 3.28,9.442,0.000,0,1,0,0,0,0,-1,0,6,0,,0,,0,,0,0,0,1
1723521813,3843,8,8,8,8,30.251,6,0,0.11 | 0.12 | 0.14,0,1.22 | 1.68 | 2.12,0,1.89 | 2.38 | 3.28,9.442,0.000,0,1,0,0,0,0,-1,0,6,0,,0,,0,,0,0,0,1
1723521813,3843,8,8,8,8,30.251,6,0,0.11 | 0.12 | 0.14,0,1.22 | 1.68 | 2.12,0,1.89 | 2.38 | 3.28,9.442,0.000,0,1,0,0,0,0,-1,0,6,0,,0,,0,,0,0,0,1
1723521813,3843,8,8,8,8,30.251,6,0,0.11 | 0.12 | 0.14,0,1.22 | 1.68 | 2.12,0,1.89 | 2.38 | 3.28,9.442,0.000,0,1,0,0,0,0,-1,0,6,0,,0,,0,,0,0,0,1
1723521813,3843,8,8,8,8,30.251,6,0,0.11 | 0.12 | 0.14,0,1.22 | 1.68 | 2.12,0,1.89 | 2.38 | 3.28,9.442,0.000,0,1,0,0,0,0,-1,0,6,0,,0,,0,,0,0,0,1
1723521813,3843,8,8,8,8,30.251,6,0,0.11 | 0.12 | 0.14,0,1.22 | 1.68 | 2.12,0,1.89 | 2.38 | 3.28,9.442,0.000,0,1,0,0,0,0,-1,0,6,0,,0,,0,,0,0,0,1
1723521813,3843,8,8,8,8,30.251,6,0,0.11 | 0.12 | 0.14,0,1.22 | 1.68 | 2.12,0,1.89 | 2.38 | 3.28,9.442,0.000,0,1,0,0,0,0,-1,0,6,0,,0,,0,,0,0,0,1
1723521814,3843,8,8,8,8,30.251,6,0,0.11 | 0.12 | 0.14,0,1.22 | 1.68 | 2.12,0,1.89 | 2.38 | 3.28,9.442,0.000,0,1,0,0,0,0,-1,0,6,0,,0,,0,,0,0,0,1
1723521814,3843,8,8,8,8,30.251,6,0,0.11 | 0.12 | 0.14,0,1.22 | 1.68 | 2.12,0,1.89 | 2.38 | 3.28,9.442,0.000,0,1,0,0,0,0,-1,0,6,0,,0,,0,,0,0,0,1
1723521814,3843,8,8,8,8,30.251,6,0,0.11 | 0.12 | 0.14,0,1.22 | 1.68 | 2.12,0,1.89 | 2.38 | 3.28,9.442,0.000,0,1,0,0,0,0,-1,0,6,0,,0,,0,,0,0,0,1
1723521814,3843,8,8,8,8,30.251,6,0,0.11 | 0.12 | 0.14,0,1.22 | 1.68 | 2.12,0,1.89 | 2.38 | 3.28,9.442,0.000,0,1,0,0,0,0,-1,0,6,0,,0,,0,,0,0,0,1
1723521814,3843,8,8,8,8,29.186,6,0,0.11 | 0.12 | 0.14,0,1.22 | 1.68 | 2.12,0,1.89 | 2.38 | 3.28,9.442,0.000,0,1,0,0,0,0,-1,0,6,0,,0,,0,,0,0,0,1
1723521814,3843,8,8,8,8,29.186,6,0,0.11 | 0.12 | 0.14,0,1.22 | 1.68 | 2.12,0,1.89 | 2.38 | 3.28,9.442,0.000,0,1,0,0,0,0,-1,0,6,0,,0,,0,,0,0,0,1
1723521814,3843,8,8,8,8,29.186,6,0,0.11 | 0.12 | 0.14,0,1.22 | 1.68 | 2.12,0,1.89 | 2.38 | 3.28,9.442,0.000,0,1,0,0,0,0,-1,0,6,0,,0,,0,,0,0,0,1
1723521814,3843,8,8,8,8,29.186,6,0,0.11 | 0.12 | 0.14,0,1.22 | 1.68 | 2.12,0,1.89 | 2.38 | 3.28,9.442,0.000,0,1,0,0,0,0,-1,0,6,0,,0,,0,,0,0,0,1
1723521814,3843,8,8,8,8,29.186,6,0,0.11 | 0.12 | 0.14,0,1.22 | 1.68 | 2.12,0,1.89 | 2.38 | 3.28,9.442,0.000,0,1,0,0,0,0,-1,0,6,0,,0,,0,,0,0,0,1
1723521814,3843,8,8,8,8,29.186,6,0,0.11 | 0.12 | 0.14,0,1.22 | 1.68 | 2.12,0,1.89 | 2.38 | 3.28,9.442,0.000,0,1,0,0,0,0,-1,0,6,0,,0,,0,,0,0,0,1
1723521815,3843,8,8,8,8,29.186,6,0,0.11 | 0.12 | 0.14,0,1.22 | 1.68 | 2.12,0,1.89 | 2.38 | 3.28,9.442,0.000,0,1,0,0,0,0,-1,0,6,0,,0,,0,,0,0,0,1
1723521815,3843,8,8,8,8,29.186,6,0,0.11 | 0.12 | 0.14,0,1.22 | 1.68 | 2.12,0,1.89 | 2.38 | 3.28,9.442,0.000,0,1,0,0,0,0,-1,0,6,0,,0,,0,,0,0,0,1
1723521815,3843,8,8,8,8,29.186,6,0,0.11 | 0.12 | 0.14,0,1.22 | 1.68 | 2.12,0,1.89 | 2.38 | 3.28,9.442,0.000,0,1,0,0,0,0,-1,0,6,0,,0,,0,,0,0,0,1
1723521815,3843,8,8,8,8,29.186,6,0,0.11 | 0.12 | 0.14,0,1.22 | 1.68 | 2.12,0,1.89 | 2.38 | 3.28,9.442,0.000,0,1,0,0,0,0,-1,0,6,0,,0,,0,,0,0,0,1
1723521815,3843,8,8,8,8,28.392,6,0,0.11 | 0.12 | 0.14,0,1.22 | 1.68 | 2.12,0,1.89 | 2.38 | 3.28,9.442,0.000,0,1,0,0,0,0,-1,0,6,0,,0,,0,,0,0,0,1
1723521815,3843,8,8,8,8,28.392,6,0,0.11 | 0.12 | 0.14,0,1.22 | 1.68 | 2.12,0,1.89 | 2.38 | 3.28,9.442,0.000,0,1,0,0,0,0,-1,0,6,0,,0,,0,,0,0,0,1
1723521815,3843,8,8,8,8,28.392,6,0,0.11 | 0.12 | 0.14,0,1.22 | 1.68 | 2.12,0,1.89 | 2.38 | 3.28,9.442,0.000,0,1,0,0,0,0,-1,0,6,0,,0,,0,,0,0,0,1
1723521815,3843,8,8,8,8,28.392,6,0,0.11 | 0.12 | 0.14,0,1.22 | 1.68 | 2.12,0,1.89 | 2.38 | 3.28,9.442,0.000,0,1,0,0,0,0,-1,0,6,0,,0,,0,,0,0,0,1
1723521815,3843,8,8,8,8,28.392,6,0,0.11 | 0.12 | 0.14,0,1.22 | 1.68 | 2.12,0,1.89 | 2.38 | 3.28,9.442,0.000,0,1,0,0,0,0,-1,0,6,0,,0,,0,,0,0,0,1
1723521815,3843,8,8,8,8,28.392,6,0,0.11 | 0.12 | 0.14,0,1.22 | 1.68 | 2.12,0,1.89 | 2.38 | 3.28,9.442,0.000,0,1,0,0,0,0,-1,0,6,0,,0,,0,,0,0,0,1
1723521816,3843,8,8,8,8,28.392,6,0,0.11 | 0.12 | 0.14,0,1.22 | 1.68 | 2.12,0,1.89 | 2.38 | 3.28,9.442,0.000,0,1,0,0,0,0,-1,0,6,0,,0,,0,,0,0,0,1
1723521816,3843,8,8,8,8,28.392,6,0,0.11 | 0.12 | 0.14,0,1.22 | 1.68 | 2.12,0,1.89 | 2.38 | 3.28,9.442,0.000,0,1,0,0,0,0,-1,0,6,0,,0,,0,,0,0,0,1
1723521816,3843,8,8,8,8,28.392,6,0,0.11 | 0.12 | 0.14,0,1.22 | 1.68 | 2.12,0,1.89 | 2.38 | 3.28,9.442,0.000,0,1,0,0,0,0,-1,0,6,0,,0,,0,,0,0,0,1
1723521816,3843,8,8,8,8,28.392,6,0,0.11 | 0.12 | 0.14,0,1.22 | 1.68 | 2.12,0,1.89 | 2.38 | 3.28,9.442,0.000,0,1,0,0,0,0,-1,0,6,0,,0,,0,,0,0,0,1
1723521816,3843,8,8,8,8,30.529,6,0,0.11 | 0.12 | 0.14,0,1.37 | 1.72 | 2.12,0,1.89 | 2.33 | 2.92,9.505,0.000,0,1,0,0,0,0,-1,0,6,0,,0,,0,,0,0,0,1
1723521816,3843,8,8,8,8,30.529,6,0,0.11 | 0.12 | 0.14,0,1.37 | 1.72 | 2.12,0,1.89 | 2.33 | 2.92,9.505,0.000,0,1,0,0,0,0,-1,0,6,0,,0,,0,,0,0,0,1
1723521816,3843,8,8,8,8,30.529,6,0,0.11 | 0.12 | 0.14,0,1.37 | 1.72 | 2.12,0,1.89 | 2.33 | 2.92,9.505,0.000,0,1,0,0,0,0,-1,0,6,0,,0,,0,,0,0,0,1
1723521816,3843,8,8,8,8,30.529,6,0,0.11 | 0.12 | 0.14,0,1.37 | 1.72 | 2.12,0,1.89 | 2.33 | 2.92,9.505,0.000,0,1,0,0,0,0,-1,0,6,0,,0,,0,,0,0,0,1
1723521816,3843,8,8,8,8,30.529,6,0,0.11 | 0.12 | 0.14,0,1.37 | 1.72 | 2.12,0,1.89 | 2.33 | 2.92,9.505,0.000,0,1,0,0,0,0,-1,0,6,0,,0,,0,,0,0,0,1
1723521816,3843,8,8,8,8,30.529,6,0,0.11 | 0.12 | 0.14,0,1.37 | 1.72 | 2.12,0,1.89 | 2.33 | 2.92,9.505,0.000,0,1,0,0,0,0,-1,0,6,0,,0,,0,,0,0,0,1
1723521817,3843,8,8,8,8,30.529,6,0,0.11 | 0.12 | 0.14,0,1.37 | 1.72 | 2.12,0,1.89 | 2.33 | 2.92,9.505,0.000,0,1,0,0,0,0,-1,0,6,0,,0,,0,,0,0,0,1
1723521817,3843,8,8,8,8,30.529,6,0,0.11 | 0.12 | 0.14,0,1.37 | 1.72 | 2.12,0,1.89 | 2.33 | 2.92,9.505,0.000,0,1,0,0,0,0,-1,0,6,0,,0,,0,,0,0,0,1
1723521817,3843,8,8,8,8,30.529,6,0,0.11 | 0.12 | 0.14,0,1.37 | 1.72 | 2.12,0,1.89 | 2.33 | 2.92,9.505,0.000,0,1,0,0,0,0,-1,0,6,0,,0,,0,,0,0,0,1
1723521817,3843,8,8,8,8,30.529,6,0,0.11 | 0.12 | 0.14,0,1.37 | 1.72 | 2.12,0,1.89 | 2.33 | 2.92,9.505,0.000,0,1,0,0,0,0,-1,0,6,0,,0,,0,,0,0,0,1
1723521817,3843,8,8,8,8,29.467,6,0,0.11 | 0.12 | 0.14,0,1.37 | 1.72 | 2.12,0,1.89 | 2.33 | 2.92,9.505,0.000,0,1,0,0,0,0,-1,0,6,0,,0,,0,,0,0,0,1
1723521817,3843,8,8,8,8,29.467,6,0,0.11 | 0.12 | 0.14,0,1.37 | 1.72 | 2.12,0,1.89 | 2.33 | 2.92,9.505,0.000,0,1,0,0,0,0,-1,0,6,0,,0,,0,,0,0,0,1
1723521817,3843,8,8,8,8,29.467,6,0,0.11 | 0.12 | 0.14,0,1.37 | 1.72 | 2.12,0,1.89 | 2.33 | 2.92,9.505,0.000,0,1,0,0,0,0,-1,0,6,0,,0,,0,,0,0,0,1
1723521817,3843,8,8,8,8,29.467,6,0,0.11 | 0.12 | 0.14,0,1.37 | 1.72 | 2.12,0,1.89 | 2.33 | 2.92,9.505,0.000,0,1,0,0,0,0,-1,0,6,0,,0,,0,,0,0,0,1
1723521817,3843,8,8,8,8,29.467,6,0,0.11 | 0.12 | 0.14,0,1.37 | 1.72 | 2.12,0,1.89 | 2.33 | 2.92,9.505,0.000,0,1,0,0,0,0,-1,0,6,0,,0,,0,,0,0,0,1
1723521817,3843,8,8,8,8,29.467,6,0,0.11 | 0.12 | 0.14,0,1.37 | 1.72 | 2.12,0,1.89 | 2.33 | 2.92,9.505,0.000,0,1,0,0,0,0,-1,0,6,0,,0,,0,,0,0,0,1
1723521818,3843,8,8,8,8,29.467,6,0,0.11 | 0.12 | 0.14,0,1.37 | 1.72 | 2.12,0,1.89 | 2.33 | 2.92,9.505,0.000,0,1,0,0,0,0,-1,0,6,0,,0,,0,,0,0,0,1
1723521818,3843,8,8,8,8,29.467,6,0,0.11 | 0.12 | 0.14,0,1.37 | 1.72 | 2.12,0,1.89 | 2.33 | 2.92,9.505,0.000,0,1,0,0,0,0,-1,0,6,0,,0,,0,,0,0,0,1
1723521818,3843,8,8,8,8,29.467,6,0,0.11 | 0.12 | 0.14,0,1.37 | 1.72 | 2.12,0,1.89 | 2.33 | 2.92,9.505,0.000,0,1,0,0,0,0,-1,0,6,0,,0,,0,,0,0,0,1
1723521818,3843,8,8,8,8,29.467,6,0,0.11 | 0.12 | 0.14,0,1.37 | 1.72 | 2.12,0,1.89 | 2.33 | 2.92,9.505,0.000,0,1,0,0,0,0,-1,0,6,0,,0,,0,,0,0,0,1
1723521818,3843,8,8,8,8,28.669,6,0,0.11 | 0.12 | 0.14,0,1.37 | 1.72 | 2.12,0,1.89 | 2.33 | 2.92,9.505,0.000,0,1,0,0,0,0,-1,0,6,0,,0,,0,,0,0,0,1
1723521818,3843,8,8,8,8,28.669,6,0,0.11 | 0.12 | 0.14,0,1.37 | 1.72 | 2.12,0,1.89 | 2.33 | 2.92,9.505,0.000,0,1,0,0,0,0,-1,0,6,0,,0,,0,,0,0,0,1
1723521818,3843,8,8,8,8,28.669,6,0,0.11 | 0.12 | 0.14,0,1.37 | 1.72 | 2.12,0,1.89 | 2.33 | 2.92,9.505,0.000,0,1,0,0,0,0,-1,0,6,0,,0,,0,,0,0,0,1
1723521818,3843,8,8,8,8,28.669,6,0,0.11 | 0.12 | 0.14,0,1.37 | 1.72 | 2.12,0,1.89 | 2.33 | 2.92,9.505,0.000,0,1,0,0,0,0,-1,0,6,0,,0,,0,,0,0,0,1
1723521818,3843,8,8,8,8,28.669,6,0,0.11 | 0.12 | 0.14,0,1.37 | 1.72 | 2.12,0,1.89 | 2.33 | 2.92,9.505,0.000,0,1,0,0,0,0,-1,0,6,0,,0,,0,,0,0,0,1
1723521818,3843,8,8,8,8,28.669,6,0,0.11 | 0.12 | 0.14,0,1.37 | 1.72 | 2.12,0,1.89 | 2.33 | 2.92,9.505,0.000,0,1,0,0,0,0,-1,0,6,0,,0,,0,,0,0,0,1
1723521819,3843,8,8,8,8,28.669,6,0,0.11 | 0.12 | 0.14,0,1.37 | 1.72 | 2.12,0,1.89 | 2.33 | 2.92,9.505,0.000,0,1,0,0,0,0,-1,0,6,0,,0,,0,,0,0,0,1
1723521819,3843,8,8,8,8,28.669,6,0,0.11 | 0.12 | 0.14,0,1.37 | 1.72 | 2.12,0,1.89 | 2.33 | 2.92,9.505,0.000,0,1,0,0,0,0,-1,0,6,0,,0,,0,,0,0,0,1
1723521819,3843,8,8,8,8,28.669,6,0,0.11 | 0.12 | 0.14,0,1.37 | 1.72 | 2.12,0,1.89 | 2.33 | 2.92,9.505,0.000,0,1,0,0,0,0,-1,0,6,0,,0,,0,,0,0,0,1
1723521819,3843,8,8,8,8,28.669,6,0,0.11 | 0.12 | 0.14,0,1.37 | 1.72 | 2.12,0,1.89 | 2.33 | 2.92,9.505,0.000,0,1,0,0,0,0,-1,0,6,0,,0,,0,,0,0,0,1
1723521819,3843,8,8,8,8,32.376,6,0,0.11 | 0.12 | 0.14,0,1.37 | 1.64 | 1.95,0,2.05 | 2.44 | 2.92,9.511,0.000,0,1,0,0,0,0,-1,0,6,0,,0,,0,,0,0,0,1
1723521819,3843,8,8,8,8,32.376,6,0,0.11 | 0.12 | 0.14,0,1.37 | 1.64 | 1.95,0,2.05 | 2.44 | 2.92,9.511,0.000,0,1,0,0,0,0,-1,0,6,0,,0,,0,,0,0,0,1
1723521819,3843,8,8,8,8,32.376,6,0,0.11 | 0.12 | 0.14,0,1.37 | 1.64 | 1.95,0,2.05 | 2.44 | 2.92,9.511,0.000,0,1,0,0,0,0,-1,0,6,0,,0,,0,,0,0,0,1
1723521819,3843,8,8,8,8,32.376,6,0,0.11 | 0.12 | 0.14,0,1.37 | 1.64 | 1.95,0,2.05 | 2.44 | 2.92,9.511,0.000,0,1,0,0,0,0,-1,0,6,0,,0,,0,,0,0,0,1
1723521819,3843,8,8,8,8,32.376,6,0,0.11 | 0.12 | 0.14,0,1.37 | 1.64 | 1.95,0,2.05 | 2.44 | 2.92,9.511,0.000,0,1,0,0,0,0,-1,0,6,0,,0,,0,,0,0,0,1
1723521819,3843,8,8,8,8,32.376,6,0,0.11 | 0.12 | 0.14,0,1.37 | 1.64 | 1.95,0,2.05 | 2.44 | 2.92,9.511,0.000,0,1,0,0,0,0,-1,0,6,0,,0,,0,,0,0,0,1
1723521820,3843,8,8,8,8,32.376,6,0,0.11 | 0.12 | 0.14,0,1.37 | 1.64 | 1.95,0,2.05 | 2.44 | 2.92,9.511,0.000,0,1,0,0,0,0,-1,0,6,0,,0,,0,,0,0,0,1
1723521820,3843,8,8,8,8,32.376,6,0,0.11 | 0.12 | 0.14,0,1.37 | 1.64 | 1.95,0,2.05 | 2.44 | 2.92,9.511,0.000,0,1,0,0,0,0,-1,0,6,0,,0,,0,,0,0,0,1
1723521820,3843,8,8,8,8,32.376,6,0,0.11 | 0.12 | 0.14,0,1.37 | 1.64 | 1.95,0,2.05 | 2.44 | 2.92,9.511,0.000,0,1,0,0,0,0,-1,0,6,0,,0,,0,,0,0,0,1
1723521820,3843,8,8,8,8,32.376,6,0,0.11 | 0.12 | 0.14,0,1.37 | 1.64 | 1.95,0,2.05 | 2.44 | 2.92,9.511,0.000,0,1,0,0,0,0,-1,0,6,0,,0,,0,,0,0,0,1
1723521820,3843,8,8,8,8,31.183,6,0,0.11 | 0.12 | 0.14,0,1.37 | 1.64 | 1.95,0,2.05 | 2.44 | 2.92,9.511,0.000,0,1,0,0,0,0,-1,0,6,0,,0,,0,,0,0,0,1
1723521820,3843,8,8,8,8,31.183,6,0,0.11 | 0.12 | 0.14,0,1.37 | 1.64 | 1.95,0,2.05 | 2.44 | 2.92,9.511,0.000,0,1,0,0,0,0,-1,0,6,0,,0,,0,,0,0,0,1
1723521820,3843,8,8,8,8,31.183,6,0,0.11 | 0.12 | 0.14,0,1.37 | 1.64 | 1.95,0,2.05 | 2.44 | 2.92,9.511,0.000,0,1,0,0,0,0,-1,0,6,0,,0,,0,,0,0,0,1
1723521820,3843,8,8,8,8,31.183,6,0,0.11 | 0.12 | 0.14,0,1.37 | 1.64 | 1.95,0,2.05 | 2.44 | 2.92,9.511,0.000,0,1,0,0,0,0,-1,0,6,0,,0,,0,,0,0,0,1
1723521820,3843,8,8,8,8,31.183,6,0,0.11 | 0.12 | 0.14,0,1.37 | 1.64 | 1.95,0,2.05 | 2.44 | 2.92,9.511,0.000,0,1,0,0,0,0,-1,0,6,0,,0,,0,,0,0,0,1
1723521820,3843,8,8,8,8,31.183,6,0,0.11 | 0.12 | 0.14,0,1.37 | 1.64 | 1.95,0,2.05 | 2.44 | 2.92,9.511,0.000,0,1,0,0,0,0,-1,0,6,0,,0,,0,,0,0,0,1
1723521821,3843,8,8,8,8,31.183,6,0,0.11 | 0.12 | 0.14,0,1.37 | 1.64 | 1.95,0,2.05 | 2.44 | 2.92,9.511,0.000,0,1,0,0,0,0,-1,0,6,0,,0,,0,,0,0,0,1
1723521821,3843,8,8,8,8,31.183,6,0,0.11 | 0.12 | 0.14,0,1.37 | 1.64 | 1.95,0,2.05 | 2.44 | 2.92,9.511,0.000,0,1,0,0,0,0,-1,0,6,0,,0,,0,,0,0,0,1
1723521821,3843,8,8,8,8,31.183,6,0,0.11 | 0.12 | 0.14,0,1.37 | 1.64 | 1.95,0,2.05 | 2.44 | 2.92,9.511,0.000,0,1,0,0,0,0,-1,0,6,0,,0,,0,,0,0,0,1
1723521821,3843,8,8,8,8,31.183,6,0,0.11 | 0.12 | 0.14,0,1.37 | 1.64 | 1.95,0,2.05 | 2.44 | 2.92,9.511,0.000,0,1,0,0,0,0,-1,0,6,0,,0,,0,,0,0,0,1
1723521821,3843,8,8,8,8,30.251,6,0,0.11 | 0.12 | 0.14,0,1.37 | 1.64 | 1.95,0,2.05 | 2.44 | 2.92,9.511,0.000,0,1,0,0,0,0,-1,0,6,0,,0,,0,,0,0,0,1
1723521821,3843,8,8,8,8,30.251,6,0,0.11 | 0.12 | 0.14,0,1.37 | 1.64 | 1.95,0,2.05 | 2.44 | 2.92,9.511,0.000,0,1,0,0,0,0,-1,0,6,0,,0,,0,,0,0,0,1
1723521821,3843,8,8,8,8,30.251,6,0,0.11 | 0.12 | 0.14,0,1.37 | 1.64 | 1.95,0,2.05 | 2.44 | 2.92,9.511,0.000,0,1,0,0,0,0,-1,0,6,0,,0,,0,,0,0,0,1
1723521821,3843,8,8,8,8,30.251,6,0,0.11 | 0.12 | 0.14,0,1.37 | 1.64 | 1.95,0,2.05 | 2.44 | 2.92,9.511,0.000,0,1,0,0,0,0,-1,0,6,0,,0,,0,,0,0,0,1
1723521821,3843,8,8,8,8,30.251,6,0,0.11 | 0.12 | 0.14,0,1.37 | 1.64 | 1.95,0,2.05 | 2.44 | 2.92,9.511,0.000,0,1,0,0,0,0,-1,0,6,0,,0,,0,,0,0,0,1
1723521821,3843,8,8,8,8,30.251,6,0,0.11 | 0.12 | 0.14,0,1.37 | 1.64 | 1.95,0,2.05 | 2.44 | 2.92,9.511,0.000,0,1,0,0,0,0,-1,0,6,0,,0,,0,,0,0,0,1
1723521822,3843,8,8,8,8,30.251,6,0,0.11 | 0.12 | 0.14,0,1.37 | 1.64 | 1.95,0,2.05 | 2.44 | 2.92,9.511,0.000,0,1,0,0,0,0,-1,0,6,0,,0,,0,,0,0,0,1
1723521822,3843,8,8,8,8,30.251,6,0,0.11 | 0.12 | 0.14,0,1.37 | 1.64 | 1.95,0,2.05 | 2.44 | 2.92,9.511,0.000,0,1,0,0,0,0,-1,0,6,0,,0,,0,,0,0,0,1
1723521822,3843,8,8,8,8,30.251,6,0,0.11 | 0.12 | 0.14,0,1.37 | 1.64 | 1.95,0,2.05 | 2.44 | 2.92,9.511,0.000,0,1,0,0,0,0,-1,0,6,0,,0,,0,,0,0,0,1
1723521822,3843,8,8,8,8,30.251,6,0,0.11 | 0.12 | 0.14,0,1.37 | 1.64 | 1.95,0,2.05 | 2.44 | 2.92,9.511,0.000,0,1,0,0,0,0,-1,0,6,0,,0,,0,,0,0,0,1
1723521822,3843,8,8,8,8,29.184,6,0,0.11 | 0.12 | 0.14,0,1.37 | 1.64 | 1.95,0,2.05 | 2.44 | 2.92,9.511,0.000,0,1,0,0,0,0,-1,0,6,0,,0,,0,,0,0,0,1
1723521822,3843,8,8,8,8,29.184,6,0,0.11 | 0.12 | 0.14,0,1.37 | 1.64 | 1.95,0,2.05 | 2.44 | 2.92,9.511,0.000,0,1,0,0,0,0,-1,0,6,0,,0,,0,,0,0,0,1
1723521822,3843,8,8,8,8,29.184,6,0,0.11 | 0.12 | 0.14,0,1.37 | 1.64 | 1.95,0,2.05 | 2.44 | 2.92,9.511,0.000,0,1,0,0,0,0,-1,0,6,0,,0,,0,,0,0,0,1
1723521822,3843,8,8,8,8,29.184,6,0,0.11 | 0.12 | 0.14,0,1.37 | 1.64 | 1.95,0,2.05 | 2.44 | 2.92,9.511,0.000,0,1,0,0,0,0,-1,0,6,0,,0,,0,,0,0,0,1
1723521822,3843,8,8,8,8,29.184,6,0,0.11 | 0.12 | 0.14,0,1.37 | 1.64 | 1.95,0,2.05 | 2.44 | 2.92,9.511,0.000,0,1,0,0,0,0,-1,0,6,0,,0,,0,,0,0,0,1
1723521822,3843,8,8,8,8,29.184,6,0,0.11 | 0.12 | 0.14,0,1.37 | 1.64 | 1.95,0,2.05 | 2.44 | 2.92,9.511,0.000,0,1,0,0,0,0,-1,0,6,0,,0,,0,,0,0,0,1
1723521823,3843,8,8,8,8,29.184,6,0,0.11 | 0.12 | 0.14,0,1.37 | 1.64 | 1.95,0,2.05 | 2.44 | 2.92,9.511,0.000,0,1,0,0,0,0,-1,0,6,0,,0,,0,,0,0,0,1
1723521823,3843,8,8,8,8,29.184,6,0,0.11 | 0.12 | 0.14,0,1.37 | 1.64 | 1.95,0,2.05 | 2.44 | 2.92,9.511,0.000,0,1,0,0,0,0,-1,0,6,0,,0,,0,,0,0,0,1
1723521823,3843,8,8,8,8,29.184,6,0,0.11 | 0.12 | 0.14,0,1.37 | 1.64 | 1.95,0,2.05 | 2.44 | 2.92,9.511,0.000,0,1,0,0,0,0,-1,0,6,0,,0,,0,,0,0,0,1
1723521823,3843,8,8,8,8,29.184,6,0,0.11 | 0.12 | 0.14,0,1.37 | 1.64 | 1.95,0,2.05 | 2.44 | 2.92,9.511,0.000,0,1,0,0,0,0,-1,0,6,0,,0,,0,,0,0,0,1
1723521823,3843,8,8,8,8,28.392,6,0,0.11 | 0.12 | 0.14,0,1.37 | 1.64 | 1.95,0,2.05 | 2.44 | 2.92,9.511,0.000,0,1,0,0,0,0,-1,0,6,0,,0,,0,,0,0,0,1
1723521823,3843,8,8,8,8,28.392,6,0,0.11 | 0.12 | 0.14,0,1.37 | 1.64 | 1.95,0,2.05 | 2.44 | 2.92,9.511,0.000,0,1,0,0,0,0,-1,0,6,0,,0,,0,,0,0,0,1
1723521823,3843,8,8,8,8,28.392,6,0,0.11 | 0.12 | 0.14,0,1.37 | 1.64 | 1.95,0,2.05 | 2.44 | 2.92,9.511,0.000,0,1,0,0,0,0,-1,0,6,0,,0,,0,,0,0,0,1
1723521823,3843,8,8,8,8,28.392,6,0,0.11 | 0.12 | 0.14,0,1.37 | 1.64 | 1.95,0,2.05 | 2.44 | 2.92,9.511,0.000,0,1,0,0,0,0,-1,0,6,0,,0,,0,,0,0,0,1
1723521823,3843,8,8,8,8,28.392,6,0,0.11 | 0.12 | 0.14,0,1.37 | 1.64 | 1.95,0,2.05 | 2.44 | 2.92,9.511,0.000,0,1,0,0,0,0,-1,0,6,0,,0,,0,,0,0,0,1
1723521823,3843,8,8,8,8,28.392,6,0,0.11 | 0.12 | 0.14,0,1.37 | 1.64 | 1.95,0,2.05 | 2.44 | 2.92,9.511,0.000,0,1,0,0,0,0,-1,0,6,0,,0,,0,,0,0,0,1
1723521824,3843,8,8,8,8,28.392,6,0,0.11 | 0.12 | 0.14,0,1.37 | 1.64 | 1.95,0,2.05 | 2.44 | 2.92,9.511,0.000,0,1,0,0,0,0,-1,0,6,0,,0,,0,,0,0,0,1
1723521824,3843,8,8,8,8,28.392,6,0,0.11 | 0.12 | 0.14,0,1.37 | 1.64 | 1.95,0,2.05 | 2.44 | 2.92,9.511,0.000,0,1,0,0,0,0,-1,0,6,0,,0,,0,,0,0,0,1
1723521824,3843,8,8,8,8,28.392,6,0,0.11 | 0.12 | 0.14,0,1.37 | 1.64 | 1.95,0,2.05 | 2.44 | 2.92,9.511,0.000,0,1,0,0,0,0,-1,0,6,0,,0,,0,,0,0,0,1
1723521824,3843,8,8,8,8,28.392,6,0,0.11 | 0.12 | 0.14,0,1.37 | 1.64 | 1.95,0,2.05 | 2.44 | 2.92,9.511,0.000,0,1,0,0,0,0,-1,0,6,0,,0,,0,,0,0,0,1
1723521824,3843,8,8,8,8,30.512,6,0,0.11 | 0.12 | 0.14,0,1.37 | 1.63 | 1.95,0,2.05 | 2.46 | 2.92,9.475,0.000,0,1,0,0,0,0,-1,0,6,0,,0,,0,,0,0,0,1
1723521824,3843,8,8,8,8,30.512,6,0,0.11 | 0.12 | 0.14,0,1.37 | 1.63 | 1.95,0,2.05 | 2.46 | 2.92,9.475,0.000,0,1,0,0,0,0,-1,0,6,0,,0,,0,,0,0,0,1
1723521824,3843,8,8,8,8,30.512,6,0,0.11 | 0.12 | 0.14,0,1.37 | 1.63 | 1.95,0,2.05 | 2.46 | 2.92,9.475,0.000,0,1,0,0,0,0,-1,0,6,0,,0,,0,,0,0,0,1
1723521824,3843,8,8,8,8,30.512,6,0,0.11 | 0.12 | 0.14,0,1.37 | 1.63 | 1.95,0,2.05 | 2.46 | 2.92,9.475,0.000,0,1,0,0,0,0,-1,0,6,0,,0,,0,,0,0,0,1
1723521824,3843,8,8,8,8,30.512,6,0,0.11 | 0.12 | 0.14,0,1.37 | 1.63 | 1.95,0,2.05 | 2.46 | 2.92,9.475,0.000,0,1,0,0,0,0,-1,0,6,0,,0,,0,,0,0,0,1
1723521824,3843,8,8,8,8,30.512,6,0,0.11 | 0.12 | 0.14,0,1.37 | 1.63 | 1.95,0,2.05 | 2.46 | 2.92,9.475,0.000,0,1,0,0,0,0,-1,0,6,0,,0,,0,,0,0,0,1
1723521825,3843,8,8,8,8,30.512,6,0,0.11 | 0.12 | 0.14,0,1.37 | 1.63 | 1.95,0,2.05 | 2.46 | 2.92,9.475,0.000,0,1,0,0,0,0,-1,0,6,0,,0,,0,,0,0,0,1
1723521825,3843,8,8,8,8,30.512,6,0,0.11 | 0.12 | 0.14,0,1.37 | 1.63 | 1.95,0,2.05 | 2.46 | 2.92,9.475,0.000,0,1,0,0,0,0,-1,0,6,0,,0,,0,,0,0,0,1
1723521825,3843,8,8,8,8,30.512,6,0,0.11 | 0.12 | 0.14,0,1.37 | 1.63 | 1.95,0,2.05 | 2.46 | 2.92,9.475,0.000,0,1,0,0,0,0,-1,0,6,0,,0,,0,,0,0,0,1
1723521825,3843,8,8,8,8,30.512,6,0,0.11 | 0.12 | 0.14,0,1.37 | 1.63 | 1.95,0,2.05 | 2.46 | 2.92,9.475,0.000,0,1,0,0,0,0,-1,0,6,0,,0,,0,,0,0,0,1
1723521825,3843,8,8,8,8,29.451,6,0,0.11 | 0.12 | 0.14,0,1.37 | 1.63 | 1.95,0,2.05 | 2.46 | 2.92,9.475,0.000,0,1,0,0,0,0,-1,0,6,0,,0,,0,,0,0,0,1
1723521825,3843,8,8,8,8,29.451,6,0,0.11 | 0.12 | 0.14,0,1.37 | 1.63 | 1.95,0,2.05 | 2.46 | 2.92,9.475,0.000,0,1,0,0,0,0,-1,0,6,0,,0,,0,,0,0,0,1
1723521825,3843,8,8,8,8,29.451,6,0,0.11 | 0.12 | 0.14,0,1.37 | 1.63 | 1.95,0,2.05 | 2.46 | 2.92,9.475,0.000,0,1,0,0,0,0,-1,0,6,0,,0,,0,,0,0,0,1
1723521825,3843,8,8,8,8,29.451,6,0,0.11 | 0.12 | 0.14,0,1.37 | 1.63 | 1.95,0,2.05 | 2.46 | 2.92,9.475,0.000,0,1,0,0,0,0,-1,0,6,0,,0,,0,,0,0,0,1
1723521825,3843,8,8,8,8,29.451,6,0,0.11 | 0.12 | 0.14,0,1.37 | 1.63 | 1.95,0,2.05 | 2.46 | 2.92,9.475,0.000,0,1,0,0,0,0,-1,0,6,0,,0,,0,,0,0,0,1
1723521825,3843,8,8,8,8,29.451,6,0,0.11 | 0.12 | 0.14,0,1.37 | 1.63 | 1.95,0,2.05 | 2.46 | 2.92,9.475,0.000,0,1,0,0,0,0,-1,0,6,0,,0,,0,,0,0,0,1
1723521826,3843,8,8,8,8,29.451,6,0,0.11 | 0.12 | 0.14,0,1.37 | 1.63 | 1.95,0,2.05 | 2.46 | 2.92,9.475,0.000,0,1,0,0,0,0,-1,0,6,0,,0,,0,,0,0,0,1
1723521826,3843,8,8,8,8,29.451,6,0,0.11 | 0.12 | 0.14,0,1.37 | 1.63 | 1.95,0,2.05 | 2.46 | 2.92,9.475,0.000,0,1,0,0,0,0,-1,0,6,0,,0,,0,,0,0,0,1
1723521826,3843,8,8,8,8,29.451,6,0,0.11 | 0.12 | 0.14,0,1.37 | 1.63 | 1.95,0,2.05 | 2.46 | 2.92,9.475,0.000,0,1,0,0,0,0,-1,0,6,0,,0,,0,,0,0,0,1
1723521826,3843,8,8,8,8,29.451,6,0,0.11 | 0.12 | 0.14,0,1.37 | 1.63 | 1.95,0,2.05 | 2.46 | 2.92,9.475,0.000,0,1,0,0,0,0,-1,0,6,0,,0,,0,,0,0,0,1
1723521826,3843,8,8,8,8,28.388,6,0,0.11 | 0.12 | 0.14,0,1.37 | 1.63 | 1.95,0,2.05 | 2.46 | 2.92,9.475,0.000,0,1,0,0,0,0,-1,0,6,0,,0,,0,,0,0,0,1
1723521826,3843,8,8,8,8,28.388,6,0,0.11 | 0.12 | 0.14,0,1.37 | 1.63 | 1.95,0,2.05 | 2.46 | 2.92,9.475,0.000,0,1,0,0,0,0,-1,0,6,0,,0,,0,,0,0,0,1
1723521826,3843,8,8,8,8,28.388,6,0,0.11 | 0.12 | 0.14,0,1.37 | 1.63 | 1.95,0,2.05 | 2.46 | 2.92,9.475,0.000,0,1,0,0,0,0,-1,0,6,0,,0,,0,,0,0,0,1
1723521826,3843,8,8,8,8,28.388,6,0,0.11 | 0.12 | 0.14,0,1.37 | 1.63 | 1.95,0,2.05 | 2.46 | 2.92,9.475,0.000,0,1,0,0,0,0,-1,0,6,0,,0,,0,,0,0,0,1
1723521826,3843,8,8,8,8,28.388,6,0,0.11 | 0.12 | 0.14,0,1.37 | 1.63 | 1.95,0,2.05 | 2.46 | 2.92,9.475,0.000,0,1,0,0,0,0,-1,0,6,0,,0,,0,,0,0,0,1
1723521826,3843,8,8,8,8,28.388,6,0,0.11 | 0.12 | 0.14,0,1.37 | 1.63 | 1.95,0,2.05 | 2.46 | 2.92,9.475,0.000,0,1,0,0,0,0,-1,0,6,0,,0,,0,,0,0,0,1
1723521827,3843,8,8,8,8,28.388,6,0,0.11 | 0.12 | 0.14,0,1.37 | 1.63 | 1.95,0,2.05 | 2.46 | 2.92,9.475,0.000,0,1,0,0,0,0,-1,0,6,0,,0,,0,,0,0,0,1
1723521827,3843,8,8,8,8,28.388,6,0,0.11 | 0.12 | 0.14,0,1.37 | 1.63 | 1.95,0,2.05 | 2.46 | 2.92,9.475,0.000,0,1,0,0,0,0,-1,0,6,0,,0,,0,,0,0,0,1
1723521827,3843,8,8,8,8,28.388,6,0,0.11 | 0.12 | 0.14,0,1.37 | 1.63 | 1.95,0,2.05 | 2.46 | 2.92,9.475,0.000,0,1,0,0,0,0,-1,0,6,0,,0,,0,,0,0,0,1
1723521827,3843,8,8,8,8,28.388,6,0,0.11 | 0.12 | 0.14,0,1.37 | 1.63 | 1.95,0,2.05 | 2.46 | 2.92,9.475,0.000,0,1,0,0,0,0,-1,0,6,0,,0,,0,,0,0,0,1
1723521827,3843,8,8,8,8,32.392,6,0,0.11 | 0.11 | 0.11,0,1.37 | 1.65 | 2.03,0,1.97 | 2.43 | 2.92,9.454,0.000,0,1,0,0,0,0,-1,0,6,0,,0,,0,,0,0,0,1
1723521827,3843,8,8,8,8,32.392,6,0,0.11 | 0.11 | 0.11,0,1.37 | 1.65 | 2.03,0,1.97 | 2.43 | 2.92,9.454,0.000,0,1,0,0,0,0,-1,0,6,0,,0,,0,,0,0,0,1
1723521827,3843,8,8,8,8,32.392,6,0,0.11 | 0.11 | 0.11,0,1.37 | 1.65 | 2.03,0,1.97 | 2.43 | 2.92,9.454,0.000,0,1,0,0,0,0,-1,0,6,0,,0,,0,,0,0,0,1
1723521827,3843,8,8,8,8,32.392,6,0,0.11 | 0.11 | 0.11,0,1.37 | 1.65 | 2.03,0,1.97 | 2.43 | 2.92,9.454,0.000,0,1,0,0,0,0,-1,0,6,0,,0,,0,,0,0,0,1
1723521827,3843,8,8,8,8,32.392,6,0,0.11 | 0.11 | 0.11,0,1.37 | 1.65 | 2.03,0,1.97 | 2.43 | 2.92,9.454,0.000,0,1,0,0,0,0,-1,0,6,0,,0,,0,,0,0,0,1
1723521827,3843,8,8,8,8,32.392,6,0,0.11 | 0.11 | 0.11,0,1.37 | 1.65 | 2.03,0,1.97 | 2.43 | 2.92,9.454,0.000,0,1,0,0,0,0,-1,0,6,0,,0,,0,,0,0,0,1
1723521828,3843,8,8,8,8,32.392,6,0,0.11 | 0.11 | 0.11,0,1.37 | 1.65 | 2.03,0,1.97 | 2.43 | 2.92,9.454,0.000,0,1,0,0,0,0,-1,0,6,0,,0,,0,,0,0,0,1
1723521828,3843,8,8,8,8,32.392,6,0,0.11 | 0.11 | 0.11,0,1.37 | 1.65 | 2.03,0,1.97 | 2.43 | 2.92,9.454,0.000,0,1,0,0,0,0,-1,0,6,0,,0,,0,,0,0,0,1
1723521828,3843,8,8,8,8,32.392,6,0,0.11 | 0.11 | 0.11,0,1.37 | 1.65 | 2.03,0,1.97 | 2.43 | 2.92,9.454,0.000,0,1,0,0,0,0,-1,0,6,0,,0,,0,,0,0,0,1
1723521828,3843,8,8,8,8,32.392,6,0,0.11 | 0.11 | 0.11,0,1.37 | 1.65 | 2.03,0,1.97 | 2.43 | 2.92,9.454,0.000,0,1,0,0,0,0,-1,0,6,0,,0,,0,,0,0,0,1
1723521828,3843,8,8,8,8,31.329,6,0,0.11 | 0.11 | 0.11,0,1.37 | 1.65 | 2.03,0,1.97 | 2.43 | 2.92,9.454,0.000,0,1,0,0,0,0,-1,0,6,0,,0,,0,,0,0,0,1
1723521828,3843,8,8,8,8,31.329,6,0,0.11 | 0.11 | 0.11,0,1.37 | 1.65 | 2.03,0,1.97 | 2.43 | 2.92,9.454,0.000,0,1,0,0,0,0,-1,0,6,0,,0,,0,,0,0,0,1
1723521828,3843,8,8,8,8,31.329,6,0,0.11 | 0.11 | 0.11,0,1.37 | 1.65 | 2.03,0,1.97 | 2.43 | 2.92,9.454,0.000,0,1,0,0,0,0,-1,0,6,0,,0,,0,,0,0,0,1
1723521828,3843,8,8,8,8,31.329,6,0,0.11 | 0.11 | 0.11,0,1.37 | 1.65 | 2.03,0,1.97 | 2.43 | 2.92,9.454,0.000,0,1,0,0,0,0,-1,0,6,0,,0,,0,,0,0,0,1
1723521828,3843,8,8,8,8,31.329,6,0,0.11 | 0.11 | 0.11,0,1.37 | 1.65 | 2.03,0,1.97 | 2.43 | 2.92,9.454,0.000,0,1,0,0,0,0,-1,0,6,0,,0,,0,,0,0,0,1
1723521828,3843,8,8,8,8,31.329,6,0,0.11 | 0.11 | 0.11,0,1.37 | 1.65 | 2.03,0,1.97 | 2.43 | 2.92,9.454,0.000,0,1,0,0,0,0,-1,0,6,0,,0,,0,,0,0,0,1
1723521829,3843,8,8,8,8,31.329,6,0,0.11 | 0.11 | 0.11,0,1.37 | 1.65 | 2.03,0,1.97 | 2.43 | 2.92,9.454,0.000,0,1,0,0,0,0,-1,0,6,0,,0,,0,,0,0,0,1
1723521829,3843,8,8,8,8,31.329,6,0,0.11 | 0.11 | 0.11,0,1.37 | 1.65 | 2.03,0,1.97 | 2.43 | 2.92,9.454,0.000,0,1,0,0,0,0,-1,0,6,0,,0,,0,,0,0,0,1
1723521829,3843,8,8,8,8,31.329,6,0,0.11 | 0.11 | 0.11,0,1.37 | 1.65 | 2.03,0,1.97 | 2.43 | 2.92,9.454,0.000,0,1,0,0,0,0,-1,0,6,0,,0,,0,,0,0,0,1
1723521829,3843,8,8,8,8,31.329,6,0,0.11 | 0.11 | 0.11,0,1.37 | 1.65 | 2.03,0,1.97 | 2.43 | 2.92,9.454,0.000,0,1,0,0,0,0,-1,0,6,0,,0,,0,,0,0,0,1
1723521829,3843,8,8,8,8,30.267,6,0,0.11 | 0.11 | 0.11,0,1.37 | 1.65 | 2.03,0,1.97 | 2.43 | 2.92,9.454,0.000,0,1,0,0,0,0,-1,0,6,0,,0,,0,,0,0,0,1
1723521829,3843,8,8,8,8,30.267,6,0,0.11 | 0.11 | 0.11,0,1.37 | 1.65 | 2.03,0,1.97 | 2.43 | 2.92,9.454,0.000,0,1,0,0,0,0,-1,0,6,0,,0,,0,,0,0,0,1
1723521829,3843,8,8,8,8,30.267,6,0,0.11 | 0.11 | 0.11,0,1.37 | 1.65 | 2.03,0,1.97 | 2.43 | 2.92,9.454,0.000,0,1,0,0,0,0,-1,0,6,0,,0,,0,,0,0,0,1
1723521829,3843,8,8,8,8,30.267,6,0,0.11 | 0.11 | 0.11,0,1.37 | 1.65 | 2.03,0,1.97 | 2.43 | 2.92,9.454,0.000,0,1,0,0,0,0,-1,0,6,0,,0,,0,,0,0,0,1
1723521829,3843,8,8,8,8,30.267,6,0,0.11 | 0.11 | 0.11,0,1.37 | 1.65 | 2.03,0,1.97 | 2.43 | 2.92,9.454,0.000,0,1,0,0,0,0,-1,0,6,0,,0,,0,,0,0,0,1
1723521829,3843,8,8,8,8,30.267,6,0,0.11 | 0.11 | 0.11,0,1.37 | 1.65 | 2.03,0,1.97 | 2.43 | 2.92,9.454,0.000,0,1,0,0,0,0,-1,0,6,0,,0,,0,,0,0,0,1
1723521830,3843,8,8,8,8,30.267,6,0,0.11 | 0.11 | 0.11,0,1.37 | 1.65 | 2.03,0,1.97 | 2.43 | 2.92,9.454,0.000,0,1,0,0,0,0,-1,0,6,0,,0,,0,,0,0,0,1
1723521830,3843,8,8,8,8,30.267,6,0,0.11 | 0.11 | 0.11,0,1.37 | 1.65 | 2.03,0,1.97 | 2.43 | 2.92,9.454,0.000,0,1,0,0,0,0,-1,0,6,0,,0,,0,,0,0,0,1
1723521830,3843,8,8,8,8,30.267,6,0,0.11 | 0.11 | 0.11,0,1.37 | 1.65 | 2.03,0,1.97 | 2.43 | 2.92,9.454,0.000,0,1,0,0,0,0,-1,0,6,0,,0,,0,,0,0,0,1
1723521830,3843,8,8,8,8,30.267,6,0,0.11 | 0.11 | 0.11,0,1.37 | 1.65 | 2.03,0,1.97 | 2.43 | 2.92,9.454,0.000,0,1,0,0,0,0,-1,0,6,0,,0,,0,,0,0,0,1
1723521830,3843,8,8,8,8,29.184,6,0,0.11 | 0.11 | 0.11,0,1.37 | 1.65 | 2.03,0,1.97 | 2.43 | 2.92,9.454,0.000,0,1,0,0,0,0,-1,0,6,0,,0,,0,,0,0,0,1
1723521830,3843,8,8,8,8,29.184,6,0,0.11 | 0.11 | 0.11,0,1.37 | 1.65 | 2.03,0,1.97 | 2.43 | 2.92,9.454,0.000,0,1,0,0,0,0,-1,0,6,0,,0,,0,,0,0,0,1
1723521830,3843,8,8,8,8,29.184,6,0,0.11 | 0.11 | 0.11,0,1.37 | 1.65 | 2.03,0,1.97 | 2.43 | 2.92,9.454,0.000,0,1,0,0,0,0,-1,0,6,0,,0,,0,,0,0,0,1
1723521830,3843,8,8,8,8,29.184,6,0,0.11 | 0.11 | 0.11,0,1.37 | 1.65 | 2.03,0,1.97 | 2.43 | 2.92,9.454,0.000,0,1,0,0,0,0,-1,0,6,0,,0,,0,,0,0,0,1
1723521830,3843,8,8,8,8,29.184,6,0,0.11 | 0.11 | 0.11,0,1.37 | 1.65 | 2.03,0,1.97 | 2.43 | 2.92,9.454,0.000,0,1,0,0,0,0,-1,0,6,0,,0,,0,,0,0,0,1
1723521830,3843,8,8,8,8,29.184,6,0,0.11 | 0.11 | 0.11,0,1.37 | 1.65 | 2.03,0,1.97 | 2.43 | 2.92,9.454,0.000,0,1,0,0,0,0,-1,0,6,0,,0,,0,,0,0,0,1
1723521831,3843,8,8,8,8,29.184,6,0,0.11 | 0.11 | 0.11,0,1.37 | 1.65 | 2.03,0,1.97 | 2.43 | 2.92,9.454,0.000,0,1,0,0,0,0,-1,0,6,0,,0,,0,,0,0,0,1
1723521831,3843,8,8,8,8,29.184,6,0,0.11 | 0.11 | 0.11,0,1.37 | 1.65 | 2.03,0,1.97 | 2.43 | 2.92,9.454,0.000,0,1,0,0,0,0,-1,0,6,0,,0,,0,,0,0,0,1
1723521831,3843,8,8,8,8,29.184,6,0,0.11 | 0.11 | 0.11,0,1.37 | 1.65 | 2.03,0,1.97 | 2.43 | 2.92,9.454,0.000,0,1,0,0,0,0,-1,0,6,0,,0,,0,,0,0,0,1
1723521831,3843,8,8,8,8,29.184,6,0,0.11 | 0.11 | 0.11,0,1.37 | 1.65 | 2.03,0,1.97 | 2.43 | 2.92,9.454,0.000,0,1,0,0,0,0,-1,0,6,0,,0,,0,,0,0,0,1
1723521831,3843,8,8,8,8,28.408,6,0,0.11 | 0.11 | 0.11,0,1.37 | 1.65 | 2.03,0,1.97 | 2.43 | 2.92,9.454,0.000,0,1,0,0,0,0,-1,0,6,0,,0,,0,,0,0,0,1
1723521831,3843,8,8,8,8,28.408,6,0,0.11 | 0.11 | 0.11,0,1.37 | 1.65 | 2.03,0,1.97 | 2.43 | 2.92,9.454,0.000,0,1,0,0,0,0,-1,0,6,0,,0,,0,,0,0,0,1
1723521831,3843,8,8,8,8,28.408,6,0,0.11 | 0.11 | 0.11,0,1.37 | 1.65 | 2.03,0,1.97 | 2.43 | 2.92,9.454,0.000,0,1,0,0,0,0,-1,0,6,0,,0,,0,,0,0,0,1
1723521831,3843,8,8,8,8,28.408,6,0,0.11 | 0.11 | 0.11,0,1.37 | 1.65 | 2.03,0,1.97 | 2.43 | 2.92,9.454,0.000,0,1,0,0,0,0,-1,0,6,0,,0,,0,,0,0,0,1
1723521831,3843,8,8,8,8,28.408,6,0,0.11 | 0.11 | 0.11,0,1.37 | 1.65 | 2.03,0,1.97 | 2.43 | 2.92,9.454,0.000,0,1,0,0,0,0,-1,0,6,0,,0,,0,,0,0,0,1
1723521831,3843,8,8,8,8,28.408,6,0,0.11 | 0.11 | 0.11,0,1.37 | 1.65 | 2.03,0,1.97 | 2.43 | 2.92,9.454,0.000,0,1,0,0,0,0,-1,0,6,0,,0,,0,,0,0,0,1
1723521832,3843,8,8,8,8,28.408,6,0,0.11 | 0.11 | 0.11,0,1.37 | 1.65 | 2.03,0,1.97 | 2.43 | 2.92,9.454,0.000,0,1,0,0,0,0,-1,0,6,0,,0,,0,,0,0,0,1
1723521832,3843,8,8,8,8,28.408,6,0,0.11 | 0.11 | 0.11,0,1.37 | 1.65 | 2.03,0,1.97 | 2.43 | 2.92,9.454,0.000,0,1,0,0,0,0,-1,0,6,0,,0,,0,,0,0,0,1
1723521832,3843,8,8,8,8,28.408,6,0,0.11 | 0.11 | 0.11,0,1.37 | 1.65 | 2.03,0,1.97 | 2.43 | 2.92,9.454,0.000,0,1,0,0,0,0,-1,0,6,0,,0,,0,,0,0,0,1
1723521832,3843,8,8,8,8,28.408,6,0,0.11 | 0.11 | 0.11,0,1.37 | 1.65 | 2.03,0,1.97 | 2.43 | 2.92,9.454,0.000,0,1,0,0,0,0,-1,0,6,0,,0,,0,,0,0,0,1
1723521832,3843,8,8,8,8,30.529,7,0,0.11 | 0.11 | 0.11,0,1.38 | 1.66 | 2.03,0,1.97 | 2.41 | 2.90,9.447,0.000,0,1,0,0,0,0,-1,0,7,0,,0,,0,,0,0,0,1
1723521832,3843,8,8,8,8,30.529,7,0,0.11 | 0.11 | 0.11,0,1.38 | 1.66 | 2.03,0,1.97 | 2.41 | 2.90,9.447,0.000,0,1,0,0,0,0,-1,0,7,0,,0,,0,,0,0,0,1
1723521832,3843,8,8,8,8,30.529,7,0,0.11 | 0.11 | 0.11,0,1.38 | 1.66 | 2.03,0,1.97 | 2.41 | 2.90,9.447,0.000,0,1,0,0,0,0,-1,0,7,0,,0,,0,,0,0,0,1
1723521832,3843,8,8,8,8,30.529,7,0,0.11 | 0.11 | 0.11,0,1.38 | 1.66 | 2.03,0,1.97 | 2.41 | 2.90,9.447,0.000,0,1,0,0,0,0,-1,0,7,0,,0,,0,,0,0,0,1
1723521832,3843,8,8,8,8,30.529,7,0,0.11 | 0.11 | 0.11,0,1.38 | 1.66 | 2.03,0,1.97 | 2.41 | 2.90,9.447,0.000,0,1,0,0,0,0,-1,0,7,0,,0,,0,,0,0,0,1
1723521832,3843,8,8,8,8,30.529,7,0,0.11 | 0.11 | 0.11,0,1.38 | 1.66 | 2.03,0,1.97 | 2.41 | 2.90,9.447,0.000,0,1,0,0,0,0,-1,0,7,0,,0,,0,,0,0,0,1
1723521833,3843,8,8,8,8,30.529,7,0,0.11 | 0.11 | 0.11,0,1.38 | 1.66 | 2.03,0,1.97 | 2.41 | 2.90,9.447,0.000,0,1,0,0,0,0,-1,0,7,0,,0,,0,,0,0,0,1
1723521833,3843,8,8,8,8,30.529,7,0,0.11 | 0.11 | 0.11,0,1.38 | 1.66 | 2.03,0,1.97 | 2.41 | 2.90,9.447,0.000,0,1,0,0,0,0,-1,0,7,0,,0,,0,,0,0,0,1
1723521833,3843,8,8,8,8,30.529,7,0,0.11 | 0.11 | 0.11,0,1.38 | 1.66 | 2.03,0,1.97 | 2.41 | 2.90,9.447,0.000,0,1,0,0,0,0,-1,0,7,0,,0,,0,,0,0,0,1
1723521833,3843,8,8,8,8,30.529,7,0,0.11 | 0.11 | 0.11,0,1.38 | 1.66 | 2.03,0,1.97 | 2.41 | 2.90,9.447,0.000,0,1,0,0,0,0,-1,0,7,0,,0,,0,,0,0,0,1
1723521833,3843,8,8,8,8,29.467,7,0,0.11 | 0.11 | 0.11,0,1.38 | 1.66 | 2.03,0,1.97 | 2.41 | 2.90,9.447,0.000,0,1,0,0,0,0,-1,0,7,0,,0,,0,,0,0,0,1
1723521833,3843,8,8,8,8,29.467,7,0,0.11 | 0.11 | 0.11,0,1.38 | 1.66 | 2.03,0,1.97 | 2.41 | 2.90,9.447,0.000,0,1,0,0,0,0,-1,0,7,0,,0,,0,,0,0,0,1
1723521833,3843,8,8,8,8,29.467,7,0,0.11 | 0.11 | 0.11,0,1.38 | 1.66 | 2.03,0,1.97 | 2.41 | 2.90,9.447,0.000,0,1,0,0,0,0,-1,0,7,0,,0,,0,,0,0,0,1
1723521833,3843,8,8,8,8,29.467,7,0,0.11 | 0.11 | 0.11,0,1.38 | 1.66 | 2.03,0,1.97 | 2.41 | 2.90,9.447,0.000,0,1,0,0,0,0,-1,0,7,0,,0,,0,,0,0,0,1
1723521833,3843,8,8,8,8,29.467,7,0,0.11 | 0.11 | 0.11,0,1.38 | 1.66 | 2.03,0,1.97 | 2.41 | 2.90,9.447,0.000,0,1,0,0,0,0,-1,0,7,0,,0,,0,,0,0,0,1
1723521833,3843,8,8,8,8,29.467,7,0,0.11 | 0.11 | 0.11,0,1.38 | 1.66 | 2.03,0,1.97 | 2.41 | 2.90,9.447,0.000,0,1,0,0,0,0,-1,0,7,0,,0,,0,,0,0,0,1
1723521834,3843,8,8,8,8,29.467,7,0,0.11 | 0.11 | 0.11,0,1.38 | 1.66 | 2.03,0,1.97 | 2.41 | 2.90,9.447,0.000,0,1,0,0,0,0,-1,0,7,0,,0,,0,,0,0,0,1
1723521834,3843,8,8,8,8,29.467,7,0,0.11 | 0.11 | 0.11,0,1.38 | 1.66 | 2.03,0,1.97 | 2.41 | 2.90,9.447,0.000,0,1,0,0,0,0,-1,0,7,0,,0,,0,,0,0,0,1
1723521834,3843,8,8,8,8,29.467,7,0,0.11 | 0.11 | 0.11,0,1.38 | 1.66 | 2.03,0,1.97 | 2.41 | 2.90,9.447,0.000,0,1,0,0,0,0,-1,0,7,0,,0,,0,,0,0,0,1
1723521834,3843,8,8,8,8,29.467,7,0,0.11 | 0.11 | 0.11,0,1.38 | 1.66 | 2.03,0,1.97 | 2.41 | 2.90,9.447,0.000,0,1,0,0,0,0,-1,0,7,0,,0,,0,,0,0,0,1
1723521834,3843,8,8,8,8,28.404,7,0,0.11 | 0.11 | 0.11,0,1.38 | 1.66 | 2.03,0,1.97 | 2.41 | 2.90,9.447,0.000,0,1,0,0,0,0,-1,0,7,0,,0,,0,,0,0,0,1
1723521834,3843,8,8,8,8,28.404,7,0,0.11 | 0.11 | 0.11,0,1.38 | 1.66 | 2.03,0,1.97 | 2.41 | 2.90,9.447,0.000,0,1,0,0,0,0,-1,0,7,0,,0,,0,,0,0,0,1
1723521834,3843,8,8,8,8,28.404,7,0,0.11 | 0.11 | 0.11,0,1.38 | 1.66 | 2.03,0,1.97 | 2.41 | 2.90,9.447,0.000,0,1,0,0,0,0,-1,0,7,0,,0,,0,,0,0,0,1
1723521834,3843,8,8,8,8,28.404,7,0,0.11 | 0.11 | 0.11,0,1.38 | 1.66 | 2.03,0,1.97 | 2.41 | 2.90,9.447,0.000,0,1,0,0,0,0,-1,0,7,0,,0,,0,,0,0,0,1
1723521834,3843,8,8,8,8,28.404,7,0,0.11 | 0.11 | 0.11,0,1.38 | 1.66 | 2.03,0,1.97 | 2.41 | 2.90,9.447,0.000,0,1,0,0,0,0,-1,0,7,0,,0,,0,,0,0,0,1
1723521834,3843,8,8,8,8,28.404,7,0,0.11 | 0.11 | 0.11,0,1.38 | 1.66 | 2.03,0,1.97 | 2.41 | 2.90,9.447,0.000,0,1,0,0,0,0,-1,0,7,0,,0,,0,,0,0,0,1
1723521835,3843,8,8,8,8,28.404,7,0,0.11 | 0.11 | 0.11,0,1.38 | 1.66 | 2.03,0,1.97 | 2.41 | 2.90,9.447,0.000,0,1,0,0,0,0,-1,0,7,0,,0,,0,,0,0,0,1
1723521835,3843,8,8,8,8,28.404,7,0,0.11 | 0.11 | 0.11,0,1.38 | 1.66 | 2.03,0,1.97 | 2.41 | 2.90,9.447,0.000,0,1,0,0,0,0,-1,0,7,0,,0,,0,,0,0,0,1
1723521835,3843,8,8,8,8,28.404,7,0,0.11 | 0.11 | 0.11,0,1.38 | 1.66 | 2.03,0,1.97 | 2.41 | 2.90,9.447,0.000,0,1,0,0,0,0,-1,0,7,0,,0,,0,,0,0,0,1
1723521835,3843,8,8,8,8,28.404,7,0,0.11 | 0.11 | 0.11,0,1.38 | 1.66 | 2.03,0,1.97 | 2.41 | 2.90,9.447,0.000,0,1,0,0,0,0,-1,0,7,0,,0,,0,,0,0,0,1
1723521835,3843,8,8,8,8,27.607,7,0,0.11 | 0.11 | 0.11,0,1.38 | 1.66 | 2.03,0,1.97 | 2.41 | 2.90,9.447,0.000,0,1,0,0,0,0,-1,0,7,0,,0,,0,,0,0,0,1
1723521835,3843,8,8,8,8,27.607,7,0,0.11 | 0.11 | 0.11,0,1.38 | 1.66 | 2.03,0,1.97 | 2.41 | 2.90,9.447,0.000,0,1,0,0,0,0,-1,0,7,0,,0,,0,,0,0,0,1
1723521835,3843,8,8,8,8,27.607,7,0,0.11 | 0.11 | 0.11,0,1.38 | 1.66 | 2.03,0,1.97 | 2.41 | 2.90,9.447,0.000,0,1,0,0,0,0,-1,0,7,0,,0,,0,,0,0,0,1
1723521835,3843,8,8,8,8,27.607,7,0,0.11 | 0.11 | 0.11,0,1.38 | 1.66 | 2.03,0,1.97 | 2.41 | 2.90,9.447,0.000,0,1,0,0,0,0,-1,0,7,0,,0,,0,,0,0,0,1
1723521835,3843,8,8,8,8,27.607,7,0,0.11 | 0.11 | 0.11,0,1.38 | 1.66 | 2.03,0,1.97 | 2.41 | 2.90,9.447,0.000,0,1,0,0,0,0,-1,0,7,0,,0,,0,,0,0,0,1
1723521835,3843,8,8,8,8,27.607,7,0,0.11 | 0.11 | 0.11,0,1.38 | 1.66 | 2.03,0,1.97 | 2.41 | 2.90,9.447,0.000,0,1,0,0,0,0,-1,0,7,0,,0,,0,,0,0,0,1
1723521836,3843,8,8,8,8,27.607,7,0,0.11 | 0.11 | 0.11,0,1.38 | 1.66 | 2.03,0,1.97 | 2.41 | 2.90,9.447,0.000,0,1,0,0,0,0,-1,0,7,0,,0,,0,,0,0,0,1
1723521836,3843,8,8,8,8,27.607,7,0,0.11 | 0.11 | 0.11,0,1.38 | 1.66 | 2.03,0,1.97 | 2.41 | 2.90,9.447,0.000,0,1,0,0,0,0,-1,0,7,0,,0,,0,,0,0,0,1
1723521836,3843,8,8,8,8,27.607,7,0,0.11 | 0.11 | 0.11,0,1.38 | 1.66 | 2.03,0,1.97 | 2.41 | 2.90,9.447,0.000,0,1,0,0,0,0,-1,0,7,0,,0,,0,,0,0,0,1
1723521836,3843,8,8,8,8,27.607,7,0,0.11 | 0.11 | 0.11,0,1.38 | 1.66 | 2.03,0,1.97 | 2.41 | 2.90,9.447,0.000,0,1,0,0,0,0,-1,0,7,0,,0,,0,,0,0,0,1
1723521836,3843,8,8,8,8,31.329,7,0,0.11 | 0.11 | 0.11,0,1.38 | 1.75 | 2.17,0,1.85 | 2.29 | 2.90,9.402,0.000,0,1,0,0,0,0,-1,0,7,0,,0,,0,,0,0,0,1
1723521836,3843,8,8,8,8,31.329,7,0,0.11 | 0.11 | 0.11,0,1.38 | 1.75 | 2.17,0,1.85 | 2.29 | 2.90,9.402,0.000,0,1,0,0,0,0,-1,0,7,0,,0,,0,,0,0,0,1
1723521836,3843,8,8,8,8,31.329,7,0,0.11 | 0.11 | 0.11,0,1.38 | 1.75 | 2.17,0,1.85 | 2.29 | 2.90,9.402,0.000,0,1,0,0,0,0,-1,0,7,0,,0,,0,,0,0,0,1
1723521836,3843,8,8,8,8,31.329,7,0,0.11 | 0.11 | 0.11,0,1.38 | 1.75 | 2.17,0,1.85 | 2.29 | 2.90,9.402,0.000,0,1,0,0,0,0,-1,0,7,0,,0,,0,,0,0,0,1
1723521836,3843,8,8,8,8,31.329,7,0,0.11 | 0.11 | 0.11,0,1.38 | 1.75 | 2.17,0,1.85 | 2.29 | 2.90,9.402,0.000,0,1,0,0,0,0,-1,0,7,0,,0,,0,,0,0,0,1
1723521836,3843,8,8,8,8,31.329,7,0,0.11 | 0.11 | 0.11,0,1.38 | 1.75 | 2.17,0,1.85 | 2.29 | 2.90,9.402,0.000,0,1,0,0,0,0,-1,0,7,0,,0,,0,,0,0,0,1
1723521837,3843,8,8,8,8,31.329,7,0,0.11 | 0.11 | 0.11,0,1.38 | 1.75 | 2.17,0,1.85 | 2.29 | 2.90,9.402,0.000,0,1,0,0,0,0,-1,0,7,0,,0,,0,,0,0,0,1
1723521837,3843,8,8,8,8,31.329,7,0,0.11 | 0.11 | 0.11,0,1.38 | 1.75 | 2.17,0,1.85 | 2.29 | 2.90,9.402,0.000,0,1,0,0,0,0,-1,0,7,0,,0,,0,,0,0,0,1
1723521837,3843,8,8,8,8,31.329,7,0,0.11 | 0.11 | 0.11,0,1.38 | 1.75 | 2.17,0,1.85 | 2.29 | 2.90,9.402,0.000,0,1,0,0,0,0,-1,0,7,0,,0,,0,,0,0,0,1
1723521837,3843,8,8,8,8,31.329,7,0,0.11 | 0.11 | 0.11,0,1.38 | 1.75 | 2.17,0,1.85 | 2.29 | 2.90,9.402,0.000,0,1,0,0,0,0,-1,0,7,0,,0,,0,,0,0,0,1
1723521837,3843,8,8,8,8,30.267,7,0,0.11 | 0.11 | 0.11,0,1.38 | 1.75 | 2.17,0,1.85 | 2.29 | 2.90,9.402,0.000,0,1,0,0,0,0,-1,0,7,0,,0,,0,,0,0,0,1
1723521837,3843,8,8,8,8,30.267,7,0,0.11 | 0.11 | 0.11,0,1.38 | 1.75 | 2.17,0,1.85 | 2.29 | 2.90,9.402,0.000,0,1,0,0,0,0,-1,0,7,0,,0,,0,,0,0,0,1
1723521837,3843,8,8,8,8,30.267,7,0,0.11 | 0.11 | 0.11,0,1.38 | 1.75 | 2.17,0,1.85 | 2.29 | 2.90,9.402,0.000,0,1,0,0,0,0,-1,0,7,0,,0,,0,,0,0,0,1
1723521837,3843,8,8,8,8,30.267,7,0,0.11 | 0.11 | 0.11,0,1.38 | 1.75 | 2.17,0,1.85 | 2.29 | 2.90,9.402,0.000,0,1,0,0,0,0,-1,0,7,0,,0,,0,,0,0,0,1
1723521837,3843,8,8,8,8,30.267,7,0,0.11 | 0.11 | 0.11,0,1.38 | 1.75 | 2.17,0,1.85 | 2.29 | 2.90,9.402,0.000,0,1,0,0,0,0,-1,0,7,0,,0,,0,,0,0,0,1
1723521837,3843,8,8,8,8,30.267,7,0,0.11 | 0.11 | 0.11,0,1.38 | 1.75 | 2.17,0,1.85 | 2.29 | 2.90,9.402,0.000,0,1,0,0,0,0,-1,0,7,0,,0,,0,,0,0,0,1
1723521838,3843,8,8,8,8,30.267,7,0,0.11 | 0.11 | 0.11,0,1.38 | 1.75 | 2.17,0,1.85 | 2.29 | 2.90,9.402,0.000,0,1,0,0,0,0,-1,0,7,0,,0,,0,,0,0,0,1
1723521838,3843,8,8,8,8,30.267,7,0,0.11 | 0.11 | 0.11,0,1.38 | 1.75 | 2.17,0,1.85 | 2.29 | 2.90,9.402,0.000,0,1,0,0,0,0,-1,0,7,0,,0,,0,,0,0,0,1
1723521838,3843,8,8,8,8,30.267,7,0,0.11 | 0.11 | 0.11,0,1.38 | 1.75 | 2.17,0,1.85 | 2.29 | 2.90,9.402,0.000,0,1,0,0,0,0,-1,0,7,0,,0,,0,,0,0,0,1
1723521838,3843,8,8,8,8,30.267,7,0,0.11 | 0.11 | 0.11,0,1.38 | 1.75 | 2.17,0,1.85 | 2.29 | 2.90,9.402,0.000,0,1,0,0,0,0,-1,0,7,0,,0,,0,,0,0,0,1
1723521838,3843,8,8,8,8,29.204,7,0,0.11 | 0.11 | 0.11,0,1.38 | 1.75 | 2.17,0,1.85 | 2.29 | 2.90,9.402,0.000,0,1,0,0,0,0,-1,0,7,0,,0,,0,,0,0,0,1
1723521838,3843,8,8,8,8,29.204,7,0,0.11 | 0.11 | 0.11,0,1.38 | 1.75 | 2.17,0,1.85 | 2.29 | 2.90,9.402,0.000,0,1,0,0,0,0,-1,0,7,0,,0,,0,,0,0,0,1
1723521838,3843,8,8,8,8,29.204,7,0,0.11 | 0.11 | 0.11,0,1.38 | 1.75 | 2.17,0,1.85 | 2.29 | 2.90,9.402,0.000,0,1,0,0,0,0,-1,0,7,0,,0,,0,,0,0,0,1
1723521838,3843,8,8,8,8,29.204,7,0,0.11 | 0.11 | 0.11,0,1.38 | 1.75 | 2.17,0,1.85 | 2.29 | 2.90,9.402,0.000,0,1,0,0,0,0,-1,0,7,0,,0,,0,,0,0,0,1
1723521838,3843,8,8,8,8,29.204,7,0,0.11 | 0.11 | 0.11,0,1.38 | 1.75 | 2.17,0,1.85 | 2.29 | 2.90,9.402,0.000,0,1,0,0,0,0,-1,0,7,0,,0,,0,,0,0,0,1
1723521838,3843,8,8,8,8,29.204,7,0,0.11 | 0.11 | 0.11,0,1.38 | 1.75 | 2.17,0,1.85 | 2.29 | 2.90,9.402,0.000,0,1,0,0,0,0,-1,0,7,0,,0,,0,,0,0,0,1
1723521839,3843,8,8,8,8,29.204,7,0,0.11 | 0.11 | 0.11,0,1.38 | 1.75 | 2.17,0,1.85 | 2.29 | 2.90,9.402,0.000,0,1,0,0,0,0,-1,0,7,0,,0,,0,,0,0,0,1
1723521839,3843,8,8,8,8,29.204,7,0,0.11 | 0.11 | 0.11,0,1.38 | 1.75 | 2.17,0,1.85 | 2.29 | 2.90,9.402,0.000,0,1,0,0,0,0,-1,0,7,0,,0,,0,,0,0,0,1
1723521839,3843,8,8,8,8,29.204,7,0,0.11 | 0.11 | 0.11,0,1.38 | 1.75 | 2.17,0,1.85 | 2.29 | 2.90,9.402,0.000,0,1,0,0,0,0,-1,0,7,0,,0,,0,,0,0,0,1
1723521839,3843,8,8,8,8,29.204,7,0,0.11 | 0.11 | 0.11,0,1.38 | 1.75 | 2.17,0,1.85 | 2.29 | 2.90,9.402,0.000,0,1,0,0,0,0,-1,0,7,0,,0,,0,,0,0,0,1
1723521839,3843,8,8,8,8,28.407,7,0,0.11 | 0.11 | 0.11,0,1.38 | 1.75 | 2.17,0,1.85 | 2.29 | 2.90,9.402,0.000,0,1,0,0,0,0,-1,0,7,0,,0,,0,,0,0,0,1
1723521839,3843,8,8,8,8,28.407,7,0,0.11 | 0.11 | 0.11,0,1.38 | 1.75 | 2.17,0,1.85 | 2.29 | 2.90,9.402,0.000,0,1,0,0,0,0,-1,0,7,0,,0,,0,,0,0,0,1
1723521839,3843,8,8,8,8,28.407,7,0,0.11 | 0.11 | 0.11,0,1.38 | 1.75 | 2.17,0,1.85 | 2.29 | 2.90,9.402,0.000,0,1,0,0,0,0,-1,0,7,0,,0,,0,,0,0,0,1
1723521839,3843,8,8,8,8,28.407,7,0,0.11 | 0.11 | 0.11,0,1.38 | 1.75 | 2.17,0,1.85 | 2.29 | 2.90,9.402,0.000,0,1,0,0,0,0,-1,0,7,0,,0,,0,,0,0,0,1
1723521839,3843,8,8,8,8,28.407,7,0,0.11 | 0.11 | 0.11,0,1.38 | 1.75 | 2.17,0,1.85 | 2.29 | 2.90,9.402,0.000,0,1,0,0,0,0,-1,0,7,0,,0,,0,,0,0,0,1
1723521839,3843,8,8,8,8,28.407,7,0,0.11 | 0.11 | 0.11,0,1.38 | 1.75 | 2.17,0,1.85 | 2.29 | 2.90,9.402,0.000,0,1,0,0,0,0,-1,0,7,0,,0,,0,,0,0,0,1
1723521840,3843,8,8,8,8,28.407,7,0,0.11 | 0.11 | 0.11,0,1.38 | 1.75 | 2.17,0,1.85 | 2.29 | 2.90,9.402,0.000,0,1,0,0,0,0,-1,0,7,0,,0,,0,,0,0,0,1
1723521840,3843,8,8,8,8,28.407,7,0,0.11 | 0.11 | 0.11,0,1.38 | 1.75 | 2.17,0,1.85 | 2.29 | 2.90,9.402,0.000,0,1,0,0,0,0,-1,0,7,0,,0,,0,,0,0,0,1
1723521840,3843,8,8,8,8,28.407,7,0,0.11 | 0.11 | 0.11,0,1.38 | 1.75 | 2.17,0,1.85 | 2.29 | 2.90,9.402,0.000,0,1,0,0,0,0,-1,0,7,0,,0,,0,,0,0,0,1
1723521840,3843,8,8,8,8,28.407,7,0,0.11 | 0.11 | 0.11,0,1.38 | 1.75 | 2.17,0,1.85 | 2.29 | 2.90,9.402,0.000,0,1,0,0,0,0,-1,0,7,0,,0,,0,,0,0,0,1
1723521840,3843,8,8,8,8,30.387,7,0,0.11 | 0.11 | 0.11,0,1.38 | 1.75 | 2.17,0,1.85 | 2.29 | 2.89,9.442,0.000,0,1,0,0,0,0,-1,0,7,0,,0,,0,,0,0,0,1
1723521840,3843,8,8,8,8,30.387,7,0,0.11 | 0.11 | 0.11,0,1.38 | 1.75 | 2.17,0,1.85 | 2.29 | 2.89,9.442,0.000,0,1,0,0,0,0,-1,0,7,0,,0,,0,,0,0,0,1
1723521840,3843,8,8,8,8,30.387,7,0,0.11 | 0.11 | 0.11,0,1.38 | 1.75 | 2.17,0,1.85 | 2.29 | 2.89,9.442,0.000,0,1,0,0,0,0,-1,0,7,0,,0,,0,,0,0,0,1
1723521840,3843,8,8,8,8,30.387,7,0,0.11 | 0.11 | 0.11,0,1.38 | 1.75 | 2.17,0,1.85 | 2.29 | 2.89,9.442,0.000,0,1,0,0,0,0,-1,0,7,0,,0,,0,,0,0,0,1
1723521840,3843,8,8,8,8,30.387,7,0,0.11 | 0.11 | 0.11,0,1.38 | 1.75 | 2.17,0,1.85 | 2.29 | 2.89,9.442,0.000,0,1,0,0,0,0,-1,0,7,0,,0,,0,,0,0,0,1
1723521840,3843,8,8,8,8,30.387,7,0,0.11 | 0.11 | 0.11,0,1.38 | 1.75 | 2.17,0,1.85 | 2.29 | 2.89,9.442,0.000,0,1,0,0,0,0,-1,0,7,0,,0,,0,,0,0,0,1
1723521841,3843,8,8,8,8,30.387,7,0,0.11 | 0.11 | 0.11,0,1.38 | 1.75 | 2.17,0,1.85 | 2.29 | 2.89,9.442,0.000,0,1,0,0,0,0,-1,0,7,0,,0,,0,,0,0,0,1
1723521841,3843,8,8,8,8,30.387,7,0,0.11 | 0.11 | 0.11,0,1.38 | 1.75 | 2.17,0,1.85 | 2.29 | 2.89,9.442,0.000,0,1,0,0,0,0,-1,0,7,0,,0,,0,,0,0,0,1
1723521841,3843,8,8,8,8,30.387,7,0,0.11 | 0.11 | 0.11,0,1.38 | 1.75 | 2.17,0,1.85 | 2.29 | 2.89,9.442,0.000,0,1,0,0,0,0,-1,0,7,0,,0,,0,,0,0,0,1
1723521841,3843,8,8,8,8,30.387,7,0,0.11 | 0.11 | 0.11,0,1.38 | 1.75 | 2.17,0,1.85 | 2.29 | 2.89,9.442,0.000,0,1,0,0,0,0,-1,0,7,0,,0,,0,,0,0,0,1
1723521841,3843,8,8,8,8,29.467,7,0,0.11 | 0.11 | 0.11,0,1.38 | 1.75 | 2.17,0,1.85 | 2.29 | 2.89,9.442,0.000,0,1,0,0,0,0,-1,0,7,0,,0,,0,,0,0,0,1
1723521841,3843,8,8,8,8,29.467,7,0,0.11 | 0.11 | 0.11,0,1.38 | 1.75 | 2.17,0,1.85 | 2.29 | 2.89,9.442,0.000,0,1,0,0,0,0,-1,0,7,0,,0,,0,,0,0,0,1
1723521841,3843,8,8,8,8,29.467,7,0,0.11 | 0.11 | 0.11,0,1.38 | 1.75 | 2.17,0,1.85 | 2.29 | 2.89,9.442,0.000,0,1,0,0,0,0,-1,0,7,0,,0,,0,,0,0,0,1
1723521841,3843,8,8,8,8,29.467,7,0,0.11 | 0.11 | 0.11,0,1.38 | 1.75 | 2.17,0,1.85 | 2.29 | 2.89,9.442,0.000,0,1,0,0,0,0,-1,0,7,0,,0,,0,,0,0,0,1
1723521841,3843,8,8,8,8,29.467,7,0,0.11 | 0.11 | 0.11,0,1.38 | 1.75 | 2.17,0,1.85 | 2.29 | 2.89,9.442,0.000,0,1,0,0,0,0,-1,0,7,0,,0,,0,,0,0,0,1
1723521841,3843,8,8,8,8,29.467,7,0,0.11 | 0.11 | 0.11,0,1.38 | 1.75 | 2.17,0,1.85 | 2.29 | 2.89,9.442,0.000,0,1,0,0,0,0,-1,0,7,0,,0,,0,,0,0,0,1
1723521842,3843,8,8,8,8,29.467,7,0,0.11 | 0.11 | 0.11,0,1.38 | 1.75 | 2.17,0,1.85 | 2.29 | 2.89,9.442,0.000,0,1,0,0,0,0,-1,0,7,0,,0,,0,,0,0,0,1
1723521842,3843,8,8,8,8,29.467,7,0,0.11 | 0.11 | 0.11,0,1.38 | 1.75 | 2.17,0,1.85 | 2.29 | 2.89,9.442,0.000,0,1,0,0,0,0,-1,0,7,0,,0,,0,,0,0,0,1
1723521842,3843,8,8,8,8,29.467,7,0,0.11 | 0.11 | 0.11,0,1.38 | 1.75 | 2.17,0,1.85 | 2.29 | 2.89,9.442,0.000,0,1,0,0,0,0,-1,0,7,0,,0,,0,,0,0,0,1
1723521842,3843,8,8,8,8,29.467,7,0,0.11 | 0.11 | 0.11,0,1.38 | 1.75 | 2.17,0,1.85 | 2.29 | 2.89,9.442,0.000,0,1,0,0,0,0,-1,0,7,0,,0,,0,,0,0,0,1
1723521842,3843,8,8,8,8,28.404,7,0,0.11 | 0.11 | 0.11,0,1.38 | 1.75 | 2.17,0,1.85 | 2.29 | 2.89,9.442,0.000,0,1,0,0,0,0,-1,0,7,0,,0,,0,,0,0,0,1
1723521842,3843,8,8,8,8,28.404,7,0,0.11 | 0.11 | 0.11,0,1.38 | 1.75 | 2.17,0,1.85 | 2.29 | 2.89,9.442,0.000,0,1,0,0,0,0,-1,0,7,0,,0,,0,,0,0,0,1
1723521842,3843,8,8,8,8,28.404,7,0,0.11 | 0.11 | 0.11,0,1.38 | 1.75 | 2.17,0,1.85 | 2.29 | 2.89,9.442,0.000,0,1,0,0,0,0,-1,0,7,0,,0,,0,,0,0,0,1
1723521842,3843,8,8,8,8,28.404,7,0,0.11 | 0.11 | 0.11,0,1.38 | 1.75 | 2.17,0,1.85 | 2.29 | 2.89,9.442,0.000,0,1,0,0,0,0,-1,0,7,0,,0,,0,,0,0,0,1
1723521842,3843,8,8,8,8,28.404,7,0,0.11 | 0.11 | 0.11,0,1.38 | 1.75 | 2.17,0,1.85 | 2.29 | 2.89,9.442,0.000,0,1,0,0,0,0,-1,0,7,0,,0,,0,,0,0,0,1
1723521842,3843,8,8,8,8,28.404,7,0,0.11 | 0.11 | 0.11,0,1.38 | 1.75 | 2.17,0,1.85 | 2.29 | 2.89,9.442,0.000,0,1,0,0,0,0,-1,0,7,0,,0,,0,,0,0,0,1
1723521843,3843,8,8,8,8,28.404,7,0,0.11 | 0.11 | 0.11,0,1.38 | 1.75 | 2.17,0,1.85 | 2.29 | 2.89,9.442,0.000,0,1,0,0,0,0,-1,0,7,0,,0,,0,,0,0,0,1
1723521843,3843,8,8,8,8,28.404,7,0,0.11 | 0.11 | 0.11,0,1.38 | 1.75 | 2.17,0,1.85 | 2.29 | 2.89,9.442,0.000,0,1,0,0,0,0,-1,0,7,0,,0,,0,,0,0,0,1
1723521843,3843,8,8,8,8,28.404,7,0,0.11 | 0.11 | 0.11,0,1.38 | 1.75 | 2.17,0,1.85 | 2.29 | 2.89,9.442,0.000,0,1,0,0,0,0,-1,0,7,0,,0,,0,,0,0,0,1
1723521843,3843,8,8,8,8,28.404,7,0,0.11 | 0.11 | 0.11,0,1.38 | 1.75 | 2.17,0,1.85 | 2.29 | 2.89,9.442,0.000,0,1,0,0,0,0,-1,0,7,0,,0,,0,,0,0,0,1
1723521843,3843,8,8,8,8,32.28,7,0,0.11 | 0.11 | 0.11,0,1.38 | 1.77 | 2.17,0,1.85 | 2.26 | 2.89,9.443,0.000,0,1,0,0,0,0,-1,0,7,0,,0,,0,,0,0,0,1
1723521843,3843,8,8,8,8,32.28,7,0,0.11 | 0.11 | 0.11,0,1.38 | 1.77 | 2.17,0,1.85 | 2.26 | 2.89,9.443,0.000,0,1,0,0,0,0,-1,0,7,0,,0,,0,,0,0,0,1
1723521843,3843,8,8,8,8,32.28,7,0,0.11 | 0.11 | 0.11,0,1.38 | 1.77 | 2.17,0,1.85 | 2.26 | 2.89,9.443,0.000,0,1,0,0,0,0,-1,0,7,0,,0,,0,,0,0,0,1
1723521843,3843,8,8,8,8,32.28,7,0,0.11 | 0.11 | 0.11,0,1.38 | 1.77 | 2.17,0,1.85 | 2.26 | 2.89,9.443,0.000,0,1,0,0,0,0,-1,0,7,0,,0,,0,,0,0,0,1
1723521843,3843,8,8,8,8,32.28,7,0,0.11 | 0.11 | 0.11,0,1.38 | 1.77 | 2.17,0,1.85 | 2.26 | 2.89,9.443,0.000,0,1,0,0,0,0,-1,0,7,0,,0,,0,,0,0,0,1
1723521843,3843,8,8,8,8,32.28,7,0,0.11 | 0.11 | 0.11,0,1.38 | 1.77 | 2.17,0,1.85 | 2.26 | 2.89,9.443,0.000,0,1,0,0,0,0,-1,0,7,0,,0,,0,,0,0,0,1
1723521844,3843,8,8,8,8,32.28,7,0,0.11 | 0.11 | 0.11,0,1.38 | 1.77 | 2.17,0,1.85 | 2.26 | 2.89,9.443,0.000,0,1,0,0,0,0,-1,0,7,0,,0,,0,,0,0,0,1
1723521844,3843,8,8,8,8,32.28,7,0,0.11 | 0.11 | 0.11,0,1.38 | 1.77 | 2.17,0,1.85 | 2.26 | 2.89,9.443,0.000,0,1,0,0,0,0,-1,0,7,0,,0,,0,,0,0,0,1
1723521844,3843,8,8,8,8,32.28,7,0,0.11 | 0.11 | 0.11,0,1.38 | 1.77 | 2.17,0,1.85 | 2.26 | 2.89,9.443,0.000,0,1,0,0,0,0,-1,0,7,0,,0,,0,,0,0,0,1
1723521844,3843,8,8,8,8,32.28,7,0,0.11 | 0.11 | 0.11,0,1.38 | 1.77 | 2.17,0,1.85 | 2.26 | 2.89,9.443,0.000,0,1,0,0,0,0,-1,0,7,0,,0,,0,,0,0,0,1
1723521844,3843,8,8,8,8,31.345,7,0,0.11 | 0.11 | 0.11,0,1.38 | 1.77 | 2.17,0,1.85 | 2.26 | 2.89,9.443,0.000,0,1,0,0,0,0,-1,0,7,0,,0,,0,,0,0,0,1
1723521844,3843,8,8,8,8,31.345,7,0,0.11 | 0.11 | 0.11,0,1.38 | 1.77 | 2.17,0,1.85 | 2.26 | 2.89,9.443,0.000,0,1,0,0,0,0,-1,0,7,0,,0,,0,,0,0,0,1
1723521844,3843,8,8,8,8,31.345,7,0,0.11 | 0.11 | 0.11,0,1.38 | 1.77 | 2.17,0,1.85 | 2.26 | 2.89,9.443,0.000,0,1,0,0,0,0,-1,0,7,0,,0,,0,,0,0,0,1
1723521844,3843,8,8,8,8,31.345,7,0,0.11 | 0.11 | 0.11,0,1.38 | 1.77 | 2.17,0,1.85 | 2.26 | 2.89,9.443,0.000,0,1,0,0,0,0,-1,0,7,0,,0,,0,,0,0,0,1
1723521844,3843,8,8,8,8,31.345,7,0,0.11 | 0.11 | 0.11,0,1.38 | 1.77 | 2.17,0,1.85 | 2.26 | 2.89,9.443,0.000,0,1,0,0,0,0,-1,0,7,0,,0,,0,,0,0,0,1
1723521844,3843,8,8,8,8,31.345,7,0,0.11 | 0.11 | 0.11,0,1.38 | 1.77 | 2.17,0,1.85 | 2.26 | 2.89,9.443,0.000,0,1,0,0,0,0,-1,0,7,0,,0,,0,,0,0,0,1
1723521845,3843,8,8,8,8,31.345,7,0,0.11 | 0.11 | 0.11,0,1.38 | 1.77 | 2.17,0,1.85 | 2.26 | 2.89,9.443,0.000,0,1,0,0,0,0,-1,0,7,0,,0,,0,,0,0,0,1
1723521845,3843,8,8,8,8,31.345,7,0,0.11 | 0.11 | 0.11,0,1.38 | 1.77 | 2.17,0,1.85 | 2.26 | 2.89,9.443,0.000,0,1,0,0,0,0,-1,0,7,0,,0,,0,,0,0,0,1
1723521845,3843,8,8,8,8,31.345,7,0,0.11 | 0.11 | 0.11,0,1.38 | 1.77 | 2.17,0,1.85 | 2.26 | 2.89,9.443,0.000,0,1,0,0,0,0,-1,0,7,0,,0,,0,,0,0,0,1
1723521845,3843,8,8,8,8,31.345,7,0,0.11 | 0.11 | 0.11,0,1.38 | 1.77 | 2.17,0,1.85 | 2.26 | 2.89,9.443,0.000,0,1,0,0,0,0,-1,0,7,0,,0,,0,,0,0,0,1
1723521845,3843,8,8,8,8,30.282,7,0,0.11 | 0.11 | 0.11,0,1.38 | 1.77 | 2.17,0,1.85 | 2.26 | 2.89,9.443,0.000,0,1,0,0,0,0,-1,0,7,0,,0,,0,,0,0,0,1
1723521845,3843,8,8,8,8,30.282,7,0,0.11 | 0.11 | 0.11,0,1.38 | 1.77 | 2.17,0,1.85 | 2.26 | 2.89,9.443,0.000,0,1,0,0,0,0,-1,0,7,0,,0,,0,,0,0,0,1
1723521845,3843,8,8,8,8,30.282,7,0,0.11 | 0.11 | 0.11,0,1.38 | 1.77 | 2.17,0,1.85 | 2.26 | 2.89,9.443,0.000,0,1,0,0,0,0,-1,0,7,0,,0,,0,,0,0,0,1
1723521845,3843,8,8,8,8,30.282,7,0,0.11 | 0.11 | 0.11,0,1.38 | 1.77 | 2.17,0,1.85 | 2.26 | 2.89,9.443,0.000,0,1,0,0,0,0,-1,0,7,0,,0,,0,,0,0,0,1
1723521845,3843,8,8,8,8,30.282,7,0,0.11 | 0.11 | 0.11,0,1.38 | 1.77 | 2.17,0,1.85 | 2.26 | 2.89,9.443,0.000,0,1,0,0,0,0,-1,0,7,0,,0,,0,,0,0,0,1
1723521845,3843,8,8,8,8,30.282,7,0,0.11 | 0.11 | 0.11,0,1.38 | 1.77 | 2.17,0,1.85 | 2.26 | 2.89,9.443,0.000,0,1,0,0,0,0,-1,0,7,0,,0,,0,,0,0,0,1
1723521846,3843,8,8,8,8,30.282,7,0,0.11 | 0.11 | 0.11,0,1.38 | 1.77 | 2.17,0,1.85 | 2.26 | 2.89,9.443,0.000,0,1,0,0,0,0,-1,0,7,0,,0,,0,,0,0,0,1
1723521846,3843,8,8,8,8,30.282,7,0,0.11 | 0.11 | 0.11,0,1.38 | 1.77 | 2.17,0,1.85 | 2.26 | 2.89,9.443,0.000,0,1,0,0,0,0,-1,0,7,0,,0,,0,,0,0,0,1
1723521846,3843,8,8,8,8,30.282,7,0,0.11 | 0.11 | 0.11,0,1.38 | 1.77 | 2.17,0,1.85 | 2.26 | 2.89,9.443,0.000,0,1,0,0,0,0,-1,0,7,0,,0,,0,,0,0,0,1
1723521846,3843,8,8,8,8,30.282,7,0,0.11 | 0.11 | 0.11,0,1.38 | 1.77 | 2.17,0,1.85 | 2.26 | 2.89,9.443,0.000,0,1,0,0,0,0,-1,0,7,0,,0,,0,,0,0,0,1
1723521846,3843,8,8,8,8,29.22,7,0,0.11 | 0.11 | 0.11,0,1.38 | 1.77 | 2.17,0,1.85 | 2.26 | 2.89,9.443,0.000,0,1,0,0,0,0,-1,0,7,0,,0,,0,,0,0,0,1
1723521846,3843,8,8,8,8,29.22,7,0,0.11 | 0.11 | 0.11,0,1.38 | 1.77 | 2.17,0,1.85 | 2.26 | 2.89,9.443,0.000,0,1,0,0,0,0,-1,0,7,0,,0,,0,,0,0,0,1
1723521846,3843,8,8,8,8,29.22,7,0,0.11 | 0.11 | 0.11,0,1.38 | 1.77 | 2.17,0,1.85 | 2.26 | 2.89,9.443,0.000,0,1,0,0,0,0,-1,0,7,0,,0,,0,,0,0,0,1
1723521846,3843,8,8,8,8,29.22,7,0,0.11 | 0.11 | 0.11,0,1.38 | 1.77 | 2.17,0,1.85 | 2.26 | 2.89,9.443,0.000,0,1,0,0,0,0,-1,0,7,0,,0,,0,,0,0,0,1
1723521846,3843,8,8,8,8,29.22,7,0,0.11 | 0.11 | 0.11,0,1.38 | 1.77 | 2.17,0,1.85 | 2.26 | 2.89,9.443,0.000,0,1,0,0,0,0,-1,0,7,0,,0,,0,,0,0,0,1
1723521846,3843,8,8,8,8,29.22,7,0,0.11 | 0.11 | 0.11,0,1.38 | 1.77 | 2.17,0,1.85 | 2.26 | 2.89,9.443,0.000,0,1,0,0,0,0,-1,0,7,0,,0,,0,,0,0,0,1
1723521847,3843,8,8,8,8,29.22,7,0,0.11 | 0.11 | 0.11,0,1.38 | 1.77 | 2.17,0,1.85 | 2.26 | 2.89,9.443,0.000,0,1,0,0,0,0,-1,0,7,0,,0,,0,,0,0,0,1
1723521847,3843,8,8,8,8,29.22,7,0,0.11 | 0.11 | 0.11,0,1.38 | 1.77 | 2.17,0,1.85 | 2.26 | 2.89,9.443,0.000,0,1,0,0,0,0,-1,0,7,0,,0,,0,,0,0,0,1
1723521847,3843,8,8,8,8,29.22,7,0,0.11 | 0.11 | 0.11,0,1.38 | 1.77 | 2.17,0,1.85 | 2.26 | 2.89,9.443,0.000,0,1,0,0,0,0,-1,0,7,0,,0,,0,,0,0,0,1
1723521847,3843,8,8,8,8,29.22,7,0,0.11 | 0.11 | 0.11,0,1.38 | 1.77 | 2.17,0,1.85 | 2.26 | 2.89,9.443,0.000,0,1,0,0,0,0,-1,0,7,0,,0,,0,,0,0,0,1
1723521847,3843,8,8,8,8,28.423,7,0,0.11 | 0.11 | 0.11,0,1.38 | 1.77 | 2.17,0,1.85 | 2.26 | 2.89,9.443,0.000,0,1,0,0,0,0,-1,0,7,0,,0,,0,,0,0,0,1
1723521847,3843,8,8,8,8,28.423,7,0,0.11 | 0.11 | 0.11,0,1.38 | 1.77 | 2.17,0,1.85 | 2.26 | 2.89,9.443,0.000,0,1,0,0,0,0,-1,0,7,0,,0,,0,,0,0,0,1
1723521847,3843,8,8,8,8,28.423,7,0,0.11 | 0.11 | 0.11,0,1.38 | 1.77 | 2.17,0,1.85 | 2.26 | 2.89,9.443,0.000,0,1,0,0,0,0,-1,0,7,0,,0,,0,,0,0,0,1
1723521847,3843,8,8,8,8,28.423,7,0,0.11 | 0.11 | 0.11,0,1.38 | 1.77 | 2.17,0,1.85 | 2.26 | 2.89,9.443,0.000,0,1,0,0,0,0,-1,0,7,0,,0,,0,,0,0,0,1
1723521847,3843,8,8,8,8,28.423,7,0,0.11 | 0.11 | 0.11,0,1.38 | 1.77 | 2.17,0,1.85 | 2.26 | 2.89,9.443,0.000,0,1,0,0,0,0,-1,0,7,0,,0,,0,,0,0,0,1
1723521848,3843,8,8,8,8,28.423,7,0,0.11 | 0.11 | 0.11,0,1.38 | 1.77 | 2.17,0,1.85 | 2.26 | 2.89,9.443,0.000,0,1,0,0,0,0,-1,0,7,0,,0,,0,,0,0,0,1
1723521848,3843,8,8,8,8,28.423,7,0,0.11 | 0.11 | 0.11,0,1.38 | 1.77 | 2.17,0,1.85 | 2.26 | 2.89,9.443,0.000,0,1,0,0,0,0,-1,0,7,0,,0,,0,,0,0,0,1
1723521848,3843,8,8,8,8,28.423,7,0,0.11 | 0.11 | 0.11,0,1.38 | 1.77 | 2.17,0,1.85 | 2.26 | 2.89,9.443,0.000,0,1,0,0,0,0,-1,0,7,0,,0,,0,,0,0,0,1
1723521848,3843,8,8,8,8,28.423,7,0,0.11 | 0.11 | 0.11,0,1.38 | 1.77 | 2.17,0,1.85 | 2.26 | 2.89,9.443,0.000,0,1,0,0,0,0,-1,0,7,0,,0,,0,,0,0,0,1
1723521848,3843,8,8,8,8,30.388,7,0,0.11 | 0.12 | 0.13,0,1.35 | 1.75 | 2.17,0,1.85 | 2.28 | 2.97,9.428,0.000,0,1,0,0,0,0,-1,0,7,0,,0,,0,,0,0,0,1
1723521848,3843,8,8,8,8,30.388,7,0,0.11 | 0.12 | 0.13,0,1.35 | 1.75 | 2.17,0,1.85 | 2.28 | 2.97,9.428,0.000,0,1,0,0,0,0,-1,0,7,0,,0,,0,,0,0,0,1
1723521848,3843,8,8,8,8,30.388,7,0,0.11 | 0.12 | 0.13,0,1.35 | 1.75 | 2.17,0,1.85 | 2.28 | 2.97,9.428,0.000,0,1,0,0,0,0,-1,0,7,0,,0,,0,,0,0,0,1
1723521848,3843,8,8,8,8,30.388,7,0,0.11 | 0.12 | 0.13,0,1.35 | 1.75 | 2.17,0,1.85 | 2.28 | 2.97,9.428,0.000,0,1,0,0,0,0,-1,0,7,0,,0,,0,,0,0,0,1
1723521848,3843,8,8,8,8,30.388,7,0,0.11 | 0.12 | 0.13,0,1.35 | 1.75 | 2.17,0,1.85 | 2.28 | 2.97,9.428,0.000,0,1,0,0,0,0,-1,0,7,0,,0,,0,,0,0,0,1
1723521848,3843,8,8,8,8,30.388,7,0,0.11 | 0.12 | 0.13,0,1.35 | 1.75 | 2.17,0,1.85 | 2.28 | 2.97,9.428,0.000,0,1,0,0,0,0,-1,0,7,0,,0,,0,,0,0,0,1
1723521849,3843,8,8,8,8,30.388,7,0,0.11 | 0.12 | 0.13,0,1.35 | 1.75 | 2.17,0,1.85 | 2.28 | 2.97,9.428,0.000,0,1,0,0,0,0,-1,0,7,0,,0,,0,,0,0,0,1
1723521849,3843,8,8,8,8,30.388,7,0,0.11 | 0.12 | 0.13,0,1.35 | 1.75 | 2.17,0,1.85 | 2.28 | 2.97,9.428,0.000,0,1,0,0,0,0,-1,0,7,0,,0,,0,,0,0,0,1
1723521849,3843,8,8,8,8,30.388,7,0,0.11 | 0.12 | 0.13,0,1.35 | 1.75 | 2.17,0,1.85 | 2.28 | 2.97,9.428,0.000,0,1,0,0,0,0,-1,0,7,0,,0,,0,,0,0,0,1
1723521849,3843,8,8,8,8,30.388,7,0,0.11 | 0.12 | 0.13,0,1.35 | 1.75 | 2.17,0,1.85 | 2.28 | 2.97,9.428,0.000,0,1,0,0,0,0,-1,0,7,0,,0,,0,,0,0,0,1
1723521849,3843,8,8,8,8,29.588,7,0,0.11 | 0.12 | 0.13,0,1.35 | 1.75 | 2.17,0,1.85 | 2.28 | 2.97,9.428,0.000,0,1,0,0,0,0,-1,0,7,0,,0,,0,,0,0,0,1
1723521849,3843,8,8,8,8,29.588,7,0,0.11 | 0.12 | 0.13,0,1.35 | 1.75 | 2.17,0,1.85 | 2.28 | 2.97,9.428,0.000,0,1,0,0,0,0,-1,0,7,0,,0,,0,,0,0,0,1
1723521849,3843,8,8,8,8,29.588,7,0,0.11 | 0.12 | 0.13,0,1.35 | 1.75 | 2.17,0,1.85 | 2.28 | 2.97,9.428,0.000,0,1,0,0,0,0,-1,0,7,0,,0,,0,,0,0,0,1
1723521849,3843,8,8,8,8,29.588,7,0,0.11 | 0.12 | 0.13,0,1.35 | 1.75 | 2.17,0,1.85 | 2.28 | 2.97,9.428,0.000,0,1,0,0,0,0,-1,0,7,0,,0,,0,,0,0,0,1
1723521849,3843,8,8,8,8,29.588,7,0,0.11 | 0.12 | 0.13,0,1.35 | 1.75 | 2.17,0,1.85 | 2.28 | 2.97,9.428,0.000,0,1,0,0,0,0,-1,0,7,0,,0,,0,,0,0,0,1
1723521849,3843,8,8,8,8,29.588,7,0,0.11 | 0.12 | 0.13,0,1.35 | 1.75 | 2.17,0,1.85 | 2.28 | 2.97,9.428,0.000,0,1,0,0,0,0,-1,0,7,0,,0,,0,,0,0,0,1
1723521850,3843,8,8,8,8,29.588,7,0,0.11 | 0.12 | 0.13,0,1.35 | 1.75 | 2.17,0,1.85 | 2.28 | 2.97,9.428,0.000,0,1,0,0,0,0,-1,0,7,0,,0,,0,,0,0,0,1
1723521850,3843,8,8,8,8,29.588,7,0,0.11 | 0.12 | 0.13,0,1.35 | 1.75 | 2.17,0,1.85 | 2.28 | 2.97,9.428,0.000,0,1,0,0,0,0,-1,0,7,0,,0,,0,,0,0,0,1
1723521850,3843,8,8,8,8,29.588,7,0,0.11 | 0.12 | 0.13,0,1.35 | 1.75 | 2.17,0,1.85 | 2.28 | 2.97,9.428,0.000,0,1,0,0,0,0,-1,0,7,0,,0,,0,,0,0,0,1
1723521850,3843,8,8,8,8,29.588,7,0,0.11 | 0.12 | 0.13,0,1.35 | 1.75 | 2.17,0,1.85 | 2.28 | 2.97,9.428,0.000,0,1,0,0,0,0,-1,0,7,0,,0,,0,,0,0,0,1
1723521850,3843,8,8,8,8,28.526,7,0,0.11 | 0.12 | 0.13,0,1.35 | 1.75 | 2.17,0,1.85 | 2.28 | 2.97,9.428,0.000,0,1,0,0,0,0,-1,0,7,0,,0,,0,,0,0,0,1
1723521850,3843,8,8,8,8,28.526,7,0,0.11 | 0.12 | 0.13,0,1.35 | 1.75 | 2.17,0,1.85 | 2.28 | 2.97,9.428,0.000,0,1,0,0,0,0,-1,0,7,0,,0,,0,,0,0,0,1
1723521850,3843,8,8,8,8,28.526,7,0,0.11 | 0.12 | 0.13,0,1.35 | 1.75 | 2.17,0,1.85 | 2.28 | 2.97,9.428,0.000,0,1,0,0,0,0,-1,0,7,0,,0,,0,,0,0,0,1
1723521850,3843,8,8,8,8,28.526,7,0,0.11 | 0.12 | 0.13,0,1.35 | 1.75 | 2.17,0,1.85 | 2.28 | 2.97,9.428,0.000,0,1,0,0,0,0,-1,0,7,0,,0,,0,,0,0,0,1
1723521850,3843,8,8,8,8,28.526,7,0,0.11 | 0.12 | 0.13,0,1.35 | 1.75 | 2.17,0,1.85 | 2.28 | 2.97,9.428,0.000,0,1,0,0,0,0,-1,0,7,0,,0,,0,,0,0,0,1
1723521850,3843,8,8,8,8,28.526,7,0,0.11 | 0.12 | 0.13,0,1.35 | 1.75 | 2.17,0,1.85 | 2.28 | 2.97,9.428,0.000,0,1,0,0,0,0,-1,0,7,0,,0,,0,,0,0,0,1
1723521851,3843,8,8,8,8,28.526,7,0,0.11 | 0.12 | 0.13,0,1.35 | 1.75 | 2.17,0,1.85 | 2.28 | 2.97,9.428,0.000,0,1,0,0,0,0,-1,0,7,0,,0,,0,,0,0,0,1
1723521851,3843,8,8,8,8,28.526,7,0,0.11 | 0.12 | 0.13,0,1.35 | 1.75 | 2.17,0,1.85 | 2.28 | 2.97,9.428,0.000,0,1,0,0,0,0,-1,0,7,0,,0,,0,,0,0,0,1
1723521851,3843,8,8,8,8,28.526,7,0,0.11 | 0.12 | 0.13,0,1.35 | 1.75 | 2.17,0,1.85 | 2.28 | 2.97,9.428,0.000,0,1,0,0,0,0,-1,0,7,0,,0,,0,,0,0,0,1
1723521851,3843,8,8,8,8,28.526,7,0,0.11 | 0.12 | 0.13,0,1.35 | 1.75 | 2.17,0,1.85 | 2.28 | 2.97,9.428,0.000,0,1,0,0,0,0,-1,0,7,0,,0,,0,,0,0,0,1
1723521851,3843,8,8,8,8,27.467,7,0,0.11 | 0.12 | 0.13,0,1.35 | 1.75 | 2.17,0,1.85 | 2.28 | 2.97,9.428,0.000,0,1,0,0,0,0,-1,0,7,0,,0,,0,,0,0,0,1
1723521851,3843,8,8,8,8,27.467,7,0,0.11 | 0.12 | 0.13,0,1.35 | 1.75 | 2.17,0,1.85 | 2.28 | 2.97,9.428,0.000,0,1,0,0,0,0,-1,0,7,0,,0,,0,,0,0,0,1
1723521851,3843,8,8,8,8,27.467,7,0,0.11 | 0.12 | 0.13,0,1.35 | 1.75 | 2.17,0,1.85 | 2.28 | 2.97,9.428,0.000,0,1,0,0,0,0,-1,0,7,0,,0,,0,,0,0,0,1
1723521851,3843,8,8,8,8,27.467,7,0,0.11 | 0.12 | 0.13,0,1.35 | 1.75 | 2.17,0,1.85 | 2.28 | 2.97,9.428,0.000,0,1,0,0,0,0,-1,0,7,0,,0,,0,,0,0,0,1
1723521851,3843,8,8,8,8,27.467,7,0,0.11 | 0.12 | 0.13,0,1.35 | 1.75 | 2.17,0,1.85 | 2.28 | 2.97,9.428,0.000,0,1,0,0,0,0,-1,0,7,0,,0,,0,,0,0,0,1
1723521851,3843,8,8,8,8,27.467,7,0,0.11 | 0.12 | 0.13,0,1.35 | 1.75 | 2.17,0,1.85 | 2.28 | 2.97,9.428,0.000,0,1,0,0,0,0,-1,0,7,0,,0,,0,,0,0,0,1
1723521852,3843,8,8,8,8,27.467,7,0,0.11 | 0.12 | 0.13,0,1.35 | 1.75 | 2.17,0,1.85 | 2.28 | 2.97,9.428,0.000,0,1,0,0,0,0,-1,0,7,0,,0,,0,,0,0,0,1
1723521852,3843,8,8,8,8,27.467,7,0,0.11 | 0.12 | 0.13,0,1.35 | 1.75 | 2.17,0,1.85 | 2.28 | 2.97,9.428,0.000,0,1,0,0,0,0,-1,0,7,0,,0,,0,,0,0,0,1
1723521852,3843,8,8,8,8,27.467,7,0,0.11 | 0.12 | 0.13,0,1.35 | 1.75 | 2.17,0,1.85 | 2.28 | 2.97,9.428,0.000,0,1,0,0,0,0,-1,0,7,0,,0,,0,,0,0,0,1
1723521852,3843,8,8,8,8,27.467,7,0,0.11 | 0.12 | 0.13,0,1.35 | 1.75 | 2.17,0,1.85 | 2.28 | 2.97,9.428,0.000,0,1,0,0,0,0,-1,0,7,0,,0,,0,,0,0,0,1
1723521852,3843,8,8,8,8,31.204,7,0,0.11 | 0.12 | 0.13,0,1.35 | 1.70 | 2.11,0,1.89 | 2.36 | 2.97,9.466,0.000,0,1,0,0,0,0,-1,0,7,0,,0,,0,,0,0,0,1
1723521852,3843,8,8,8,8,31.204,7,0,0.11 | 0.12 | 0.13,0,1.35 | 1.70 | 2.11,0,1.89 | 2.36 | 2.97,9.466,0.000,0,1,0,0,0,0,-1,0,7,0,,0,,0,,0,0,0,1
1723521852,3843,8,8,8,8,31.204,7,0,0.11 | 0.12 | 0.13,0,1.35 | 1.70 | 2.11,0,1.89 | 2.36 | 2.97,9.466,0.000,0,1,0,0,0,0,-1,0,7,0,,0,,0,,0,0,0,1
1723521852,3843,8,8,8,8,31.204,7,0,0.11 | 0.12 | 0.13,0,1.35 | 1.70 | 2.11,0,1.89 | 2.36 | 2.97,9.466,0.000,0,1,0,0,0,0,-1,0,7,0,,0,,0,,0,0,0,1
1723521852,3843,8,8,8,8,31.204,7,0,0.11 | 0.12 | 0.13,0,1.35 | 1.70 | 2.11,0,1.89 | 2.36 | 2.97,9.466,0.000,0,1,0,0,0,0,-1,0,7,0,,0,,0,,0,0,0,1
1723521852,3843,8,8,8,8,31.204,7,0,0.11 | 0.12 | 0.13,0,1.35 | 1.70 | 2.11,0,1.89 | 2.36 | 2.97,9.466,0.000,0,1,0,0,0,0,-1,0,7,0,,0,,0,,0,0,0,1
1723521853,3843,8,8,8,8,31.204,7,0,0.11 | 0.12 | 0.13,0,1.35 | 1.70 | 2.11,0,1.89 | 2.36 | 2.97,9.466,0.000,0,1,0,0,0,0,-1,0,7,0,,0,,0,,0,0,0,1
1723521853,3843,8,8,8,8,31.204,7,0,0.11 | 0.12 | 0.13,0,1.35 | 1.70 | 2.11,0,1.89 | 2.36 | 2.97,9.466,0.000,0,1,0,0,0,0,-1,0,7,0,,0,,0,,0,0,0,1
1723521853,3843,8,8,8,8,31.204,7,0,0.11 | 0.12 | 0.13,0,1.35 | 1.70 | 2.11,0,1.89 | 2.36 | 2.97,9.466,0.000,0,1,0,0,0,0,-1,0,7,0,,0,,0,,0,0,0,1
1723521853,3843,8,8,8,8,31.204,7,0,0.11 | 0.12 | 0.13,0,1.35 | 1.70 | 2.11,0,1.89 | 2.36 | 2.97,9.466,0.000,0,1,0,0,0,0,-1,0,7,0,,0,,0,,0,0,0,1
1723521853,3843,8,8,8,8,30.395,7,0,0.11 | 0.12 | 0.13,0,1.35 | 1.70 | 2.11,0,1.89 | 2.36 | 2.97,9.466,0.000,0,1,0,0,0,0,-1,0,7,0,,0,,0,,0,0,0,1
1723521853,3843,8,8,8,8,30.395,7,0,0.11 | 0.12 | 0.13,0,1.35 | 1.70 | 2.11,0,1.89 | 2.36 | 2.97,9.466,0.000,0,1,0,0,0,0,-1,0,7,0,,0,,0,,0,0,0,1
1723521853,3843,8,8,8,8,30.395,7,0,0.11 | 0.12 | 0.13,0,1.35 | 1.70 | 2.11,0,1.89 | 2.36 | 2.97,9.466,0.000,0,1,0,0,0,0,-1,0,7,0,,0,,0,,0,0,0,1
1723521853,3843,8,8,8,8,30.395,7,0,0.11 | 0.12 | 0.13,0,1.35 | 1.70 | 2.11,0,1.89 | 2.36 | 2.97,9.466,0.000,0,1,0,0,0,0,-1,0,7,0,,0,,0,,0,0,0,1
1723521853,3843,8,8,8,8,30.395,7,0,0.11 | 0.12 | 0.13,0,1.35 | 1.70 | 2.11,0,1.89 | 2.36 | 2.97,9.466,0.000,0,1,0,0,0,0,-1,0,7,0,,0,,0,,0,0,0,1
1723521853,3843,8,8,8,8,30.395,7,0,0.11 | 0.12 | 0.13,0,1.35 | 1.70 | 2.11,0,1.89 | 2.36 | 2.97,9.466,0.000,0,1,0,0,0,0,-1,0,7,0,,0,,0,,0,0,0,1
1723521854,3843,8,8,8,8,30.395,7,0,0.11 | 0.12 | 0.13,0,1.35 | 1.70 | 2.11,0,1.89 | 2.36 | 2.97,9.466,0.000,0,1,0,0,0,0,-1,0,7,0,,0,,0,,0,0,0,1
1723521854,3843,8,8,8,8,30.395,7,0,0.11 | 0.12 | 0.13,0,1.35 | 1.70 | 2.11,0,1.89 | 2.36 | 2.97,9.466,0.000,0,1,0,0,0,0,-1,0,7,0,,0,,0,,0,0,0,1
1723521854,3843,8,8,8,8,30.395,7,0,0.11 | 0.12 | 0.13,0,1.35 | 1.70 | 2.11,0,1.89 | 2.36 | 2.97,9.466,0.000,0,1,0,0,0,0,-1,0,7,0,,0,,0,,0,0,0,1
1723521854,3843,8,8,8,8,30.395,7,0,0.11 | 0.12 | 0.13,0,1.35 | 1.70 | 2.11,0,1.89 | 2.36 | 2.97,9.466,0.000,0,1,0,0,0,0,-1,0,7,0,,0,,0,,0,0,0,1
1723521854,3843,8,8,8,8,29.345,7,0,0.11 | 0.12 | 0.13,0,1.35 | 1.70 | 2.11,0,1.89 | 2.36 | 2.97,9.466,0.000,0,1,0,0,0,0,-1,0,7,0,,0,,0,,0,0,0,1
1723521854,3843,8,8,8,8,29.345,7,0,0.11 | 0.12 | 0.13,0,1.35 | 1.70 | 2.11,0,1.89 | 2.36 | 2.97,9.466,0.000,0,1,0,0,0,0,-1,0,7,0,,0,,0,,0,0,0,1
1723521854,3843,8,8,8,8,29.345,7,0,0.11 | 0.12 | 0.13,0,1.35 | 1.70 | 2.11,0,1.89 | 2.36 | 2.97,9.466,0.000,0,1,0,0,0,0,-1,0,7,0,,0,,0,,0,0,0,1
1723521854,3843,8,8,8,8,29.345,7,0,0.11 | 0.12 | 0.13,0,1.35 | 1.70 | 2.11,0,1.89 | 2.36 | 2.97,9.466,0.000,0,1,0,0,0,0,-1,0,7,0,,0,,0,,0,0,0,1
1723521854,3843,8,8,8,8,29.345,7,0,0.11 | 0.12 | 0.13,0,1.35 | 1.70 | 2.11,0,1.89 | 2.36 | 2.97,9.466,0.000,0,1,0,0,0,0,-1,0,7,0,,0,,0,,0,0,0,1
1723521854,3843,8,8,8,8,29.345,7,0,0.11 | 0.12 | 0.13,0,1.35 | 1.70 | 2.11,0,1.89 | 2.36 | 2.97,9.466,0.000,0,1,0,0,0,0,-1,0,7,0,,0,,0,,0,0,0,1
1723521855,3843,8,8,8,8,29.345,7,0,0.11 | 0.12 | 0.13,0,1.35 | 1.70 | 2.11,0,1.89 | 2.36 | 2.97,9.466,0.000,0,1,0,0,0,0,-1,0,7,0,,0,,0,,0,0,0,1
1723521855,3843,8,8,8,8,29.345,7,0,0.11 | 0.12 | 0.13,0,1.35 | 1.70 | 2.11,0,1.89 | 2.36 | 2.97,9.466,0.000,0,1,0,0,0,0,-1,0,7,0,,0,,0,,0,0,0,1
1723521855,3843,8,8,8,8,29.345,7,0,0.11 | 0.12 | 0.13,0,1.35 | 1.70 | 2.11,0,1.89 | 2.36 | 2.97,9.466,0.000,0,1,0,0,0,0,-1,0,7,0,,0,,0,,0,0,0,1
1723521855,3843,8,8,8,8,29.345,7,0,0.11 | 0.12 | 0.13,0,1.35 | 1.70 | 2.11,0,1.89 | 2.36 | 2.97,9.466,0.000,0,1,0,0,0,0,-1,0,7,0,,0,,0,,0,0,0,1
1723521855,3843,8,8,8,8,28.283,7,0,0.11 | 0.12 | 0.13,0,1.35 | 1.70 | 2.11,0,1.89 | 2.36 | 2.97,9.466,0.000,0,1,0,0,0,0,-1,0,7,0,,0,,0,,0,0,0,1
1723521855,3843,8,8,8,8,28.283,7,0,0.11 | 0.12 | 0.13,0,1.35 | 1.70 | 2.11,0,1.89 | 2.36 | 2.97,9.466,0.000,0,1,0,0,0,0,-1,0,7,0,,0,,0,,0,0,0,1
1723521855,3843,8,8,8,8,28.283,7,0,0.11 | 0.12 | 0.13,0,1.35 | 1.70 | 2.11,0,1.89 | 2.36 | 2.97,9.466,0.000,0,1,0,0,0,0,-1,0,7,0,,0,,0,,0,0,0,1
1723521855,3843,8,8,8,8,28.283,7,0,0.11 | 0.12 | 0.13,0,1.35 | 1.70 | 2.11,0,1.89 | 2.36 | 2.97,9.466,0.000,0,1,0,0,0,0,-1,0,7,0,,0,,0,,0,0,0,1
1723521855,3843,8,8,8,8,28.283,7,0,0.11 | 0.12 | 0.13,0,1.35 | 1.70 | 2.11,0,1.89 | 2.36 | 2.97,9.466,0.000,0,1,0,0,0,0,-1,0,7,0,,0,,0,,0,0,0,1
1723521855,3843,8,8,8,8,28.283,7,0,0.11 | 0.12 | 0.13,0,1.35 | 1.70 | 2.11,0,1.89 | 2.36 | 2.97,9.466,0.000,0,1,0,0,0,0,-1,0,7,0,,0,,0,,0,0,0,1
1723521856,3843,8,8,8,8,28.283,7,0,0.11 | 0.12 | 0.13,0,1.35 | 1.70 | 2.11,0,1.89 | 2.36 | 2.97,9.466,0.000,0,1,0,0,0,0,-1,0,7,0,,0,,0,,0,0,0,1
1723521856,3843,8,8,8,8,28.283,7,0,0.11 | 0.12 | 0.13,0,1.35 | 1.70 | 2.11,0,1.89 | 2.36 | 2.97,9.466,0.000,0,1,0,0,0,0,-1,0,7,0,,0,,0,,0,0,0,1
1723521856,3843,8,8,8,8,28.283,7,0,0.11 | 0.12 | 0.13,0,1.35 | 1.70 | 2.11,0,1.89 | 2.36 | 2.97,9.466,0.000,0,1,0,0,0,0,-1,0,7,0,,0,,0,,0,0,0,1
1723521856,3843,8,8,8,8,28.283,7,0,0.11 | 0.12 | 0.13,0,1.35 | 1.70 | 2.11,0,1.89 | 2.36 | 2.97,9.466,0.000,0,1,0,0,0,0,-1,0,7,0,,0,,0,,0,0,0,1
1723521856,3843,8,8,8,8,30.42,7,0,0.11 | 0.12 | 0.13,0,1.35 | 1.71 | 2.11,0,1.89 | 2.34 | 2.97,9.459,0.000,0,1,0,0,0,0,-1,0,7,0,,0,,0,,0,0,0,1
1723521856,3843,8,8,8,8,30.42,7,0,0.11 | 0.12 | 0.13,0,1.35 | 1.71 | 2.11,0,1.89 | 2.34 | 2.97,9.459,0.000,0,1,0,0,0,0,-1,0,7,0,,0,,0,,0,0,0,1
1723521856,3843,8,8,8,8,30.42,7,0,0.11 | 0.12 | 0.13,0,1.35 | 1.71 | 2.11,0,1.89 | 2.34 | 2.97,9.459,0.000,0,1,0,0,0,0,-1,0,7,0,,0,,0,,0,0,0,1
1723521856,3843,8,8,8,8,30.42,7,0,0.11 | 0.12 | 0.13,0,1.35 | 1.71 | 2.11,0,1.89 | 2.34 | 2.97,9.459,0.000,0,1,0,0,0,0,-1,0,7,0,,0,,0,,0,0,0,1
1723521856,3843,8,8,8,8,30.42,7,0,0.11 | 0.12 | 0.13,0,1.35 | 1.71 | 2.11,0,1.89 | 2.34 | 2.97,9.459,0.000,0,1,0,0,0,0,-1,0,7,0,,0,,0,,0,0,0,1
1723521856,3843,8,8,8,8,30.42,7,0,0.11 | 0.12 | 0.13,0,1.35 | 1.71 | 2.11,0,1.89 | 2.34 | 2.97,9.459,0.000,0,1,0,0,0,0,-1,0,7,0,,0,,0,,0,0,0,1
1723521857,3843,8,8,8,8,30.42,7,0,0.11 | 0.12 | 0.13,0,1.35 | 1.71 | 2.11,0,1.89 | 2.34 | 2.97,9.459,0.000,0,1,0,0,0,0,-1,0,7,0,,0,,0,,0,0,0,1
1723521857,3843,8,8,8,8,30.42,7,0,0.11 | 0.12 | 0.13,0,1.35 | 1.71 | 2.11,0,1.89 | 2.34 | 2.97,9.459,0.000,0,1,0,0,0,0,-1,0,7,0,,0,,0,,0,0,0,1
1723521857,3843,8,8,8,8,30.42,7,0,0.11 | 0.12 | 0.13,0,1.35 | 1.71 | 2.11,0,1.89 | 2.34 | 2.97,9.459,0.000,0,1,0,0,0,0,-1,0,7,0,,0,,0,,0,0,0,1
1723521857,3843,8,8,8,8,30.42,7,0,0.11 | 0.12 | 0.13,0,1.35 | 1.71 | 2.11,0,1.89 | 2.34 | 2.97,9.459,0.000,0,1,0,0,0,0,-1,0,7,0,,0,,0,,0,0,0,1
1723521857,3843,8,8,8,8,29.623,7,0,0.11 | 0.12 | 0.13,0,1.35 | 1.71 | 2.11,0,1.89 | 2.34 | 2.97,9.459,0.000,0,1,0,0,0,0,-1,0,7,0,,0,,0,,0,0,0,1
1723521857,3843,8,8,8,8,29.623,7,0,0.11 | 0.12 | 0.13,0,1.35 | 1.71 | 2.11,0,1.89 | 2.34 | 2.97,9.459,0.000,0,1,0,0,0,0,-1,0,7,0,,0,,0,,0,0,0,1
1723521857,3843,8,8,8,8,29.623,7,0,0.11 | 0.12 | 0.13,0,1.35 | 1.71 | 2.11,0,1.89 | 2.34 | 2.97,9.459,0.000,0,1,0,0,0,0,-1,0,7,0,,0,,0,,0,0,0,1
1723521857,3843,8,8,8,8,29.623,7,0,0.11 | 0.12 | 0.13,0,1.35 | 1.71 | 2.11,0,1.89 | 2.34 | 2.97,9.459,0.000,0,1,0,0,0,0,-1,0,7,0,,0,,0,,0,0,0,1
1723521857,3843,8,8,8,8,29.623,7,0,0.11 | 0.12 | 0.13,0,1.35 | 1.71 | 2.11,0,1.89 | 2.34 | 2.97,9.459,0.000,0,1,0,0,0,0,-1,0,7,0,,0,,0,,0,0,0,1
1723521857,3843,8,8,8,8,29.623,7,0,0.11 | 0.12 | 0.13,0,1.35 | 1.71 | 2.11,0,1.89 | 2.34 | 2.97,9.459,0.000,0,1,0,0,0,0,-1,0,7,0,,0,,0,,0,0,0,1
1723521858,3843,8,8,8,8,29.623,7,0,0.11 | 0.12 | 0.13,0,1.35 | 1.71 | 2.11,0,1.89 | 2.34 | 2.97,9.459,0.000,0,1,0,0,0,0,-1,0,7,0,,0,,0,,0,0,0,1
1723521858,3843,8,8,8,8,29.623,7,0,0.11 | 0.12 | 0.13,0,1.35 | 1.71 | 2.11,0,1.89 | 2.34 | 2.97,9.459,0.000,0,1,0,0,0,0,-1,0,7,0,,0,,0,,0,0,0,1
1723521858,3843,8,8,8,8,29.623,7,0,0.11 | 0.12 | 0.13,0,1.35 | 1.71 | 2.11,0,1.89 | 2.34 | 2.97,9.459,0.000,0,1,0,0,0,0,-1,0,7,0,,0,,0,,0,0,0,1
1723521858,3843,8,8,8,8,29.623,7,0,0.11 | 0.12 | 0.13,0,1.35 | 1.71 | 2.11,0,1.89 | 2.34 | 2.97,9.459,0.000,0,1,0,0,0,0,-1,0,7,0,,0,,0,,0,0,0,1
1723521858,3843,8,8,8,8,28.512,7,0,0.11 | 0.12 | 0.13,0,1.35 | 1.71 | 2.11,0,1.89 | 2.34 | 2.97,9.459,0.000,0,1,0,0,0,0,-1,0,7,0,,0,,0,,0,0,0,1
1723521858,3843,8,8,8,8,28.512,7,0,0.11 | 0.12 | 0.13,0,1.35 | 1.71 | 2.11,0,1.89 | 2.34 | 2.97,9.459,0.000,0,1,0,0,0,0,-1,0,7,0,,0,,0,,0,0,0,1
1723521858,3843,8,8,8,8,28.512,7,0,0.11 | 0.12 | 0.13,0,1.35 | 1.71 | 2.11,0,1.89 | 2.34 | 2.97,9.459,0.000,0,1,0,0,0,0,-1,0,7,0,,0,,0,,0,0,0,1
1723521858,3843,8,8,8,8,28.512,7,0,0.11 | 0.12 | 0.13,0,1.35 | 1.71 | 2.11,0,1.89 | 2.34 | 2.97,9.459,0.000,0,1,0,0,0,0,-1,0,7,0,,0,,0,,0,0,0,1
1723521858,3843,8,8,8,8,28.512,7,0,0.11 | 0.12 | 0.13,0,1.35 | 1.71 | 2.11,0,1.89 | 2.34 | 2.97,9.459,0.000,0,1,0,0,0,0,-1,0,7,0,,0,,0,,0,0,0,1
1723521858,3843,8,8,8,8,28.512,7,0,0.11 | 0.12 | 0.13,0,1.35 | 1.71 | 2.11,0,1.89 | 2.34 | 2.97,9.459,0.000,0,1,0,0,0,0,-1,0,7,0,,0,,0,,0,0,0,1
1723521859,3843,8,8,8,8,28.512,7,0,0.11 | 0.12 | 0.13,0,1.35 | 1.71 | 2.11,0,1.89 | 2.34 | 2.97,9.459,0.000,0,1,0,0,0,0,-1,0,7,0,,0,,0,,0,0,0,1
1723521859,3843,8,8,8,8,28.512,7,0,0.11 | 0.12 | 0.13,0,1.35 | 1.71 | 2.11,0,1.89 | 2.34 | 2.97,9.459,0.000,0,1,0,0,0,0,-1,0,7,0,,0,,0,,0,0,0,1
1723521859,3843,8,8,8,8,28.512,7,0,0.11 | 0.12 | 0.13,0,1.35 | 1.71 | 2.11,0,1.89 | 2.34 | 2.97,9.459,0.000,0,1,0,0,0,0,-1,0,7,0,,0,,0,,0,0,0,1
1723521859,3843,8,8,8,8,28.512,7,0,0.11 | 0.12 | 0.13,0,1.35 | 1.71 | 2.11,0,1.89 | 2.34 | 2.97,9.459,0.000,0,1,0,0,0,0,-1,0,7,0,,0,,0,,0,0,0,1
1723521859,3843,8,8,8,8,32.251,7,0,0.11 | 0.11 | 0.13,0,1.35 | 1.63 | 1.94,0,2.06 | 2.46 | 2.97,9.450,0.000,0,1,0,0,0,0,-1,0,7,0,,0,,0,,0,0,0,1
1723521859,3843,8,8,8,8,32.251,7,0,0.11 | 0.11 | 0.13,0,1.35 | 1.63 | 1.94,0,2.06 | 2.46 | 2.97,9.450,0.000,0,1,0,0,0,0,-1,0,7,0,,0,,0,,0,0,0,1
1723521859,3843,8,8,8,8,32.251,7,0,0.11 | 0.11 | 0.13,0,1.35 | 1.63 | 1.94,0,2.06 | 2.46 | 2.97,9.450,0.000,0,1,0,0,0,0,-1,0,7,0,,0,,0,,0,0,0,1
1723521859,3843,8,8,8,8,32.251,7,0,0.11 | 0.11 | 0.13,0,1.35 | 1.63 | 1.94,0,2.06 | 2.46 | 2.97,9.450,0.000,0,1,0,0,0,0,-1,0,7,0,,0,,0,,0,0,0,1
1723521859,3843,8,8,8,8,32.251,7,0,0.11 | 0.11 | 0.13,0,1.35 | 1.63 | 1.94,0,2.06 | 2.46 | 2.97,9.450,0.000,0,1,0,0,0,0,-1,0,7,0,,0,,0,,0,0,0,1
1723521859,3843,8,8,8,8,32.251,7,0,0.11 | 0.11 | 0.13,0,1.35 | 1.63 | 1.94,0,2.06 | 2.46 | 2.97,9.450,0.000,0,1,0,0,0,0,-1,0,7,0,,0,,0,,0,0,0,1
1723521860,3843,8,8,8,8,32.251,7,0,0.11 | 0.11 | 0.13,0,1.35 | 1.63 | 1.94,0,2.06 | 2.46 | 2.97,9.450,0.000,0,1,0,0,0,0,-1,0,7,0,,0,,0,,0,0,0,1
1723521860,3843,8,8,8,8,32.251,7,0,0.11 | 0.11 | 0.13,0,1.35 | 1.63 | 1.94,0,2.06 | 2.46 | 2.97,9.450,0.000,0,1,0,0,0,0,-1,0,7,0,,0,,0,,0,0,0,1
1723521860,3843,8,8,8,8,32.251,7,0,0.11 | 0.11 | 0.13,0,1.35 | 1.63 | 1.94,0,2.06 | 2.46 | 2.97,9.450,0.000,0,1,0,0,0,0,-1,0,7,0,,0,,0,,0,0,0,1
1723521860,3843,8,8,8,8,32.251,7,0,0.11 | 0.11 | 0.13,0,1.35 | 1.63 | 1.94,0,2.06 | 2.46 | 2.97,9.450,0.000,0,1,0,0,0,0,-1,0,7,0,,0,,0,,0,0,0,1
1723521860,3843,8,8,8,8,31.184,7,0,0.11 | 0.11 | 0.13,0,1.35 | 1.63 | 1.94,0,2.06 | 2.46 | 2.97,9.450,0.000,0,1,0,0,0,0,-1,0,7,0,,0,,0,,0,0,0,1
1723521860,3843,8,8,8,8,31.184,7,0,0.11 | 0.11 | 0.13,0,1.35 | 1.63 | 1.94,0,2.06 | 2.46 | 2.97,9.450,0.000,0,1,0,0,0,0,-1,0,7,0,,0,,0,,0,0,0,1
1723521860,3843,8,8,8,8,31.184,7,0,0.11 | 0.11 | 0.13,0,1.35 | 1.63 | 1.94,0,2.06 | 2.46 | 2.97,9.450,0.000,0,1,0,0,0,0,-1,0,7,0,,0,,0,,0,0,0,1
1723521860,3843,8,8,8,8,31.184,7,0,0.11 | 0.11 | 0.13,0,1.35 | 1.63 | 1.94,0,2.06 | 2.46 | 2.97,9.450,0.000,0,1,0,0,0,0,-1,0,7,0,,0,,0,,0,0,0,1
1723521860,3843,8,8,8,8,31.184,7,0,0.11 | 0.11 | 0.13,0,1.35 | 1.63 | 1.94,0,2.06 | 2.46 | 2.97,9.450,0.000,0,1,0,0,0,0,-1,0,7,0,,0,,0,,0,0,0,1
1723521860,3843,8,8,8,8,31.184,7,0,0.11 | 0.11 | 0.13,0,1.35 | 1.63 | 1.94,0,2.06 | 2.46 | 2.97,9.450,0.000,0,1,0,0,0,0,-1,0,7,0,,0,,0,,0,0,0,1
1723521861,3843,8,8,8,8,31.184,7,0,0.11 | 0.11 | 0.13,0,1.35 | 1.63 | 1.94,0,2.06 | 2.46 | 2.97,9.450,0.000,0,1,0,0,0,0,-1,0,7,0,,0,,0,,0,0,0,1
1723521861,3843,8,8,8,8,31.184,7,0,0.11 | 0.11 | 0.13,0,1.35 | 1.63 | 1.94,0,2.06 | 2.46 | 2.97,9.450,0.000,0,1,0,0,0,0,-1,0,7,0,,0,,0,,0,0,0,1
1723521861,3843,8,8,8,8,31.184,7,0,0.11 | 0.11 | 0.13,0,1.35 | 1.63 | 1.94,0,2.06 | 2.46 | 2.97,9.450,0.000,0,1,0,0,0,0,-1,0,7,0,,0,,0,,0,0,0,1
1723521861,3843,8,8,8,8,31.184,7,0,0.11 | 0.11 | 0.13,0,1.35 | 1.63 | 1.94,0,2.06 | 2.46 | 2.97,9.450,0.000,0,1,0,0,0,0,-1,0,7,0,,0,,0,,0,0,0,1
1723521861,3843,8,8,8,8,30.392,7,0,0.11 | 0.11 | 0.13,0,1.35 | 1.63 | 1.94,0,2.06 | 2.46 | 2.97,9.450,0.000,0,1,0,0,0,0,-1,0,7,0,,0,,0,,0,0,0,1
1723521861,3843,8,8,8,8,30.392,7,0,0.11 | 0.11 | 0.13,0,1.35 | 1.63 | 1.94,0,2.06 | 2.46 | 2.97,9.450,0.000,0,1,0,0,0,0,-1,0,7,0,,0,,0,,0,0,0,1
1723521861,3843,8,8,8,8,30.392,7,0,0.11 | 0.11 | 0.13,0,1.35 | 1.63 | 1.94,0,2.06 | 2.46 | 2.97,9.450,0.000,0,1,0,0,0,0,-1,0,7,0,,0,,0,,0,0,0,1
1723521861,3843,8,8,8,8,30.392,7,0,0.11 | 0.11 | 0.13,0,1.35 | 1.63 | 1.94,0,2.06 | 2.46 | 2.97,9.450,0.000,0,1,0,0,0,0,-1,0,7,0,,0,,0,,0,0,0,1
1723521861,3843,8,8,8,8,30.392,7,0,0.11 | 0.11 | 0.13,0,1.35 | 1.63 | 1.94,0,2.06 | 2.46 | 2.97,9.450,0.000,0,1,0,0,0,0,-1,0,7,0,,0,,0,,0,0,0,1
1723521861,3843,8,8,8,8,30.392,7,0,0.11 | 0.11 | 0.13,0,1.35 | 1.63 | 1.94,0,2.06 | 2.46 | 2.97,9.450,0.000,0,1,0,0,0,0,-1,0,7,0,,0,,0,,0,0,0,1
1723521862,3843,8,8,8,8,30.392,7,0,0.11 | 0.11 | 0.13,0,1.35 | 1.63 | 1.94,0,2.06 | 2.46 | 2.97,9.450,0.000,0,1,0,0,0,0,-1,0,7,0,,0,,0,,0,0,0,1
1723521862,3843,8,8,8,8,30.392,7,0,0.11 | 0.11 | 0.13,0,1.35 | 1.63 | 1.94,0,2.06 | 2.46 | 2.97,9.450,0.000,0,1,0,0,0,0,-1,0,7,0,,0,,0,,0,0,0,1
1723521862,3843,8,8,8,8,30.392,7,0,0.11 | 0.11 | 0.13,0,1.35 | 1.63 | 1.94,0,2.06 | 2.46 | 2.97,9.450,0.000,0,1,0,0,0,0,-1,0,7,0,,0,,0,,0,0,0,1
1723521862,3843,8,8,8,8,30.392,7,0,0.11 | 0.11 | 0.13,0,1.35 | 1.63 | 1.94,0,2.06 | 2.46 | 2.97,9.450,0.000,0,1,0,0,0,0,-1,0,7,0,,0,,0,,0,0,0,1
1723521862,3843,8,8,8,8,29.328,7,0,0.11 | 0.11 | 0.13,0,1.35 | 1.63 | 1.94,0,2.06 | 2.46 | 2.97,9.450,0.000,0,1,0,0,0,0,-1,0,7,0,,0,,0,,0,0,0,1
1723521862,3843,8,8,8,8,29.328,7,0,0.11 | 0.11 | 0.13,0,1.35 | 1.63 | 1.94,0,2.06 | 2.46 | 2.97,9.450,0.000,0,1,0,0,0,0,-1,0,7,0,,0,,0,,0,0,0,1
1723521862,3843,8,8,8,8,29.328,7,0,0.11 | 0.11 | 0.13,0,1.35 | 1.63 | 1.94,0,2.06 | 2.46 | 2.97,9.450,0.000,0,1,0,0,0,0,-1,0,7,0,,0,,0,,0,0,0,1
1723521862,3843,8,8,8,8,29.328,7,0,0.11 | 0.11 | 0.13,0,1.35 | 1.63 | 1.94,0,2.06 | 2.46 | 2.97,9.450,0.000,0,1,0,0,0,0,-1,0,7,0,,0,,0,,0,0,0,1
1723521862,3843,8,8,8,8,29.328,7,0,0.11 | 0.11 | 0.13,0,1.35 | 1.63 | 1.94,0,2.06 | 2.46 | 2.97,9.450,0.000,0,1,0,0,0,0,-1,0,7,0,,0,,0,,0,0,0,1
1723521862,3843,8,8,8,8,29.328,7,0,0.11 | 0.11 | 0.13,0,1.35 | 1.63 | 1.94,0,2.06 | 2.46 | 2.97,9.450,0.000,0,1,0,0,0,0,-1,0,7,0,,0,,0,,0,0,0,1
1723521863,3843,8,8,8,8,29.328,7,0,0.11 | 0.11 | 0.13,0,1.35 | 1.63 | 1.94,0,2.06 | 2.46 | 2.97,9.450,0.000,0,1,0,0,0,0,-1,0,7,0,,0,,0,,0,0,0,1
1723521863,3843,8,8,8,8,29.328,7,0,0.11 | 0.11 | 0.13,0,1.35 | 1.63 | 1.94,0,2.06 | 2.46 | 2.97,9.450,0.000,0,1,0,0,0,0,-1,0,7,0,,0,,0,,0,0,0,1
1723521863,3843,8,8,8,8,29.328,7,0,0.11 | 0.11 | 0.13,0,1.35 | 1.63 | 1.94,0,2.06 | 2.46 | 2.97,9.450,0.000,0,1,0,0,0,0,-1,0,7,0,,0,,0,,0,0,0,1
1723521863,3843,8,8,8,8,29.328,7,0,0.11 | 0.11 | 0.13,0,1.35 | 1.63 | 1.94,0,2.06 | 2.46 | 2.97,9.450,0.000,0,1,0,0,0,0,-1,0,7,0,,0,,0,,0,0,0,1
1723521863,3843,8,8,8,8,28.267,7,0,0.11 | 0.11 | 0.13,0,1.35 | 1.63 | 1.94,0,2.06 | 2.46 | 2.97,9.450,0.000,0,1,0,0,0,0,-1,0,7,0,,0,,0,,0,0,0,1
1723521863,3843,8,8,8,8,28.267,7,0,0.11 | 0.11 | 0.13,0,1.35 | 1.63 | 1.94,0,2.06 | 2.46 | 2.97,9.450,0.000,0,1,0,0,0,0,-1,0,7,0,,0,,0,,0,0,0,1
1723521863,3843,8,8,8,8,28.267,7,0,0.11 | 0.11 | 0.13,0,1.35 | 1.63 | 1.94,0,2.06 | 2.46 | 2.97,9.450,0.000,0,1,0,0,0,0,-1,0,7,0,,0,,0,,0,0,0,1
1723521863,3843,8,8,8,8,28.267,7,0,0.11 | 0.11 | 0.13,0,1.35 | 1.63 | 1.94,0,2.06 | 2.46 | 2.97,9.450,0.000,0,1,0,0,0,0,-1,0,7,0,,0,,0,,0,0,0,1
1723521863,3843,8,8,8,8,28.267,7,0,0.11 | 0.11 | 0.13,0,1.35 | 1.63 | 1.94,0,2.06 | 2.46 | 2.97,9.450,0.000,0,1,0,0,0,0,-1,0,7,0,,0,,0,,0,0,0,1
1723521863,3843,8,8,8,8,28.267,7,0,0.11 | 0.11 | 0.13,0,1.35 | 1.63 | 1.94,0,2.06 | 2.46 | 2.97,9.450,0.000,0,1,0,0,0,0,-1,0,7,0,,0,,0,,0,0,0,1
1723521864,3843,8,8,8,8,28.267,7,0,0.11 | 0.11 | 0.13,0,1.35 | 1.63 | 1.94,0,2.06 | 2.46 | 2.97,9.450,0.000,0,1,0,0,0,0,-1,0,7,0,,0,,0,,0,0,0,1
1723521864,3843,8,8,8,8,28.267,7,0,0.11 | 0.11 | 0.13,0,1.35 | 1.63 | 1.94,0,2.06 | 2.46 | 2.97,9.450,0.000,0,1,0,0,0,0,-1,0,7,0,,0,,0,,0,0,0,1
1723521864,3843,8,8,8,8,28.267,7,0,0.11 | 0.11 | 0.13,0,1.35 | 1.63 | 1.94,0,2.06 | 2.46 | 2.97,9.450,0.000,0,1,0,0,0,0,-1,0,7,0,,0,,0,,0,0,0,1
1723521864,3843,8,8,8,8,28.267,7,0,0.11 | 0.11 | 0.13,0,1.35 | 1.63 | 1.94,0,2.06 | 2.46 | 2.97,9.450,0.000,0,1,0,0,0,0,-1,0,7,0,,0,,0,,0,0,0,1
1723521864,3843,8,8,8,8,30.404,7,0,0.11 | 0.11 | 0.11,0,1.31 | 1.62 | 1.94,0,2.06 | 2.48 | 3.06,9.398,0.000,0,1,0,0,0,0,-1,0,7,0,,0,,0,,0,0,0,1
1723521864,3843,8,8,8,8,30.404,7,0,0.11 | 0.11 | 0.11,0,1.31 | 1.62 | 1.94,0,2.06 | 2.48 | 3.06,9.398,0.000,0,1,0,0,0,0,-1,0,7,0,,0,,0,,0,0,0,1
1723521864,3843,8,8,8,8,30.404,7,0,0.11 | 0.11 | 0.11,0,1.31 | 1.62 | 1.94,0,2.06 | 2.48 | 3.06,9.398,0.000,0,1,0,0,0,0,-1,0,7,0,,0,,0,,0,0,0,1
1723521864,3843,8,8,8,8,30.404,7,0,0.11 | 0.11 | 0.11,0,1.31 | 1.62 | 1.94,0,2.06 | 2.48 | 3.06,9.398,0.000,0,1,0,0,0,0,-1,0,7,0,,0,,0,,0,0,0,1
1723521864,3843,8,8,8,8,30.404,7,0,0.11 | 0.11 | 0.11,0,1.31 | 1.62 | 1.94,0,2.06 | 2.48 | 3.06,9.398,0.000,0,1,0,0,0,0,-1,0,7,0,,0,,0,,0,0,0,1
1723521864,3843,8,8,8,8,30.404,7,0,0.11 | 0.11 | 0.11,0,1.31 | 1.62 | 1.94,0,2.06 | 2.48 | 3.06,9.398,0.000,0,1,0,0,0,0,-1,0,7,0,,0,,0,,0,0,0,1
1723521865,3843,8,8,8,8,30.404,7,0,0.11 | 0.11 | 0.11,0,1.31 | 1.62 | 1.94,0,2.06 | 2.48 | 3.06,9.398,0.000,0,1,0,0,0,0,-1,0,7,0,,0,,0,,0,0,0,1
1723521865,3843,8,8,8,8,30.404,7,0,0.11 | 0.11 | 0.11,0,1.31 | 1.62 | 1.94,0,2.06 | 2.48 | 3.06,9.398,0.000,0,1,0,0,0,0,-1,0,7,0,,0,,0,,0,0,0,1
1723521865,3843,8,8,8,8,30.404,7,0,0.11 | 0.11 | 0.11,0,1.31 | 1.62 | 1.94,0,2.06 | 2.48 | 3.06,9.398,0.000,0,1,0,0,0,0,-1,0,7,0,,0,,0,,0,0,0,1
1723521865,3843,8,8,8,8,30.404,7,0,0.11 | 0.11 | 0.11,0,1.31 | 1.62 | 1.94,0,2.06 | 2.48 | 3.06,9.398,0.000,0,1,0,0,0,0,-1,0,7,0,,0,,0,,0,0,0,1
1723521865,3843,8,8,8,8,29.608,7,0,0.11 | 0.11 | 0.11,0,1.31 | 1.62 | 1.94,0,2.06 | 2.48 | 3.06,9.398,0.000,0,1,0,0,0,0,-1,0,7,0,,0,,0,,0,0,0,1
1723521865,3843,8,8,8,8,29.608,7,0,0.11 | 0.11 | 0.11,0,1.31 | 1.62 | 1.94,0,2.06 | 2.48 | 3.06,9.398,0.000,0,1,0,0,0,0,-1,0,7,0,,0,,0,,0,0,0,1
1723521865,3843,8,8,8,8,29.608,7,0,0.11 | 0.11 | 0.11,0,1.31 | 1.62 | 1.94,0,2.06 | 2.48 | 3.06,9.398,0.000,0,1,0,0,0,0,-1,0,7,0,,0,,0,,0,0,0,1
1723521865,3843,8,8,8,8,29.608,7,0,0.11 | 0.11 | 0.11,0,1.31 | 1.62 | 1.94,0,2.06 | 2.48 | 3.06,9.398,0.000,0,1,0,0,0,0,-1,0,7,0,,0,,0,,0,0,0,1
1723521865,3843,8,8,8,8,29.608,7,0,0.11 | 0.11 | 0.11,0,1.31 | 1.62 | 1.94,0,2.06 | 2.48 | 3.06,9.398,0.000,0,1,0,0,0,0,-1,0,7,0,,0,,0,,0,0,0,1
1723521865,3843,8,8,8,8,29.608,7,0,0.11 | 0.11 | 0.11,0,1.31 | 1.62 | 1.94,0,2.06 | 2.48 | 3.06,9.398,0.000,0,1,0,0,0,0,-1,0,7,0,,0,,0,,0,0,0,1
1723521866,3843,8,8,8,8,29.608,7,0,0.11 | 0.11 | 0.11,0,1.31 | 1.62 | 1.94,0,2.06 | 2.48 | 3.06,9.398,0.000,0,1,0,0,0,0,-1,0,7,0,,0,,0,,0,0,0,1
1723521866,3843,8,8,8,8,29.608,7,0,0.11 | 0.11 | 0.11,0,1.31 | 1.62 | 1.94,0,2.06 | 2.48 | 3.06,9.398,0.000,0,1,0,0,0,0,-1,0,7,0,,0,,0,,0,0,0,1
1723521866,3843,8,8,8,8,29.608,7,0,0.11 | 0.11 | 0.11,0,1.31 | 1.62 | 1.94,0,2.06 | 2.48 | 3.06,9.398,0.000,0,1,0,0,0,0,-1,0,7,0,,0,,0,,0,0,0,1
1723521866,3843,8,8,8,8,29.608,7,0,0.11 | 0.11 | 0.11,0,1.31 | 1.62 | 1.94,0,2.06 | 2.48 | 3.06,9.398,0.000,0,1,0,0,0,0,-1,0,7,0,,0,,0,,0,0,0,1
1723521866,3843,8,8,8,8,28.513,7,0,0.11 | 0.11 | 0.11,0,1.31 | 1.62 | 1.94,0,2.06 | 2.48 | 3.06,9.398,0.000,0,1,0,0,0,0,-1,0,7,0,,0,,0,,0,0,0,1
1723521866,3843,8,8,8,8,28.513,7,0,0.11 | 0.11 | 0.11,0,1.31 | 1.62 | 1.94,0,2.06 | 2.48 | 3.06,9.398,0.000,0,1,0,0,0,0,-1,0,7,0,,0,,0,,0,0,0,1
1723521866,3843,8,8,8,8,28.513,7,0,0.11 | 0.11 | 0.11,0,1.31 | 1.62 | 1.94,0,2.06 | 2.48 | 3.06,9.398,0.000,0,1,0,0,0,0,-1,0,7,0,,0,,0,,0,0,0,1
1723521866,3843,8,8,8,8,28.513,7,0,0.11 | 0.11 | 0.11,0,1.31 | 1.62 | 1.94,0,2.06 | 2.48 | 3.06,9.398,0.000,0,1,0,0,0,0,-1,0,7,0,,0,,0,,0,0,0,1
1723521866,3843,8,8,8,8,28.513,7,0,0.11 | 0.11 | 0.11,0,1.31 | 1.62 | 1.94,0,2.06 | 2.48 | 3.06,9.398,0.000,0,1,0,0,0,0,-1,0,7,0,,0,,0,,0,0,0,1
1723521866,3843,8,8,8,8,28.513,7,0,0.11 | 0.11 | 0.11,0,1.31 | 1.62 | 1.94,0,2.06 | 2.48 | 3.06,9.398,0.000,0,1,0,0,0,0,-1,0,7,0,,0,,0,,0,0,0,1
1723521867,3843,8,8,8,8,28.513,7,0,0.11 | 0.11 | 0.11,0,1.31 | 1.62 | 1.94,0,2.06 | 2.48 | 3.06,9.398,0.000,0,1,0,0,0,0,-1,0,7,0,,0,,0,,0,0,0,1
1723521867,3843,8,8,8,8,28.513,7,0,0.11 | 0.11 | 0.11,0,1.31 | 1.62 | 1.94,0,2.06 | 2.48 | 3.06,9.398,0.000,0,1,0,0,0,0,-1,0,7,0,,0,,0,,0,0,0,1
1723521867,3843,8,8,8,8,28.513,7,0,0.11 | 0.11 | 0.11,0,1.31 | 1.62 | 1.94,0,2.06 | 2.48 | 3.06,9.398,0.000,0,1,0,0,0,0,-1,0,7,0,,0,,0,,0,0,0,1
1723521867,3843,8,8,8,8,28.513,7,0,0.11 | 0.11 | 0.11,0,1.31 | 1.62 | 1.94,0,2.06 | 2.48 | 3.06,9.398,0.000,0,1,0,0,0,0,-1,0,7,0,,0,,0,,0,0,0,1
1723521867,3843,8,8,8,8,32.251,7,0,0.11 | 0.11 | 0.11,0,1.31 | 1.67 | 2.15,0,1.86 | 2.40 | 3.06,9.399,0.000,0,1,0,0,0,0,-1,0,7,0,,0,,0,,0,0,0,1
1723521867,3843,8,8,8,8,32.251,7,0,0.11 | 0.11 | 0.11,0,1.31 | 1.67 | 2.15,0,1.86 | 2.40 | 3.06,9.399,0.000,0,1,0,0,0,0,-1,0,7,0,,0,,0,,0,0,0,1
1723521867,3843,8,8,8,8,32.251,7,0,0.11 | 0.11 | 0.11,0,1.31 | 1.67 | 2.15,0,1.86 | 2.40 | 3.06,9.399,0.000,0,1,0,0,0,0,-1,0,7,0,,0,,0,,0,0,0,1
1723521867,3843,8,8,8,8,32.251,7,0,0.11 | 0.11 | 0.11,0,1.31 | 1.67 | 2.15,0,1.86 | 2.40 | 3.06,9.399,0.000,0,1,0,0,0,0,-1,0,7,0,,0,,0,,0,0,0,1
1723521867,3843,8,8,8,8,32.251,7,0,0.11 | 0.11 | 0.11,0,1.31 | 1.67 | 2.15,0,1.86 | 2.40 | 3.06,9.399,0.000,0,1,0,0,0,0,-1,0,7,0,,0,,0,,0,0,0,1
1723521867,3843,8,8,8,8,32.251,7,0,0.11 | 0.11 | 0.11,0,1.31 | 1.67 | 2.15,0,1.86 | 2.40 | 3.06,9.399,0.000,0,1,0,0,0,0,-1,0,7,0,,0,,0,,0,0,0,1
1723521868,3843,8,8,8,8,32.251,7,0,0.11 | 0.11 | 0.11,0,1.31 | 1.67 | 2.15,0,1.86 | 2.40 | 3.06,9.399,0.000,0,1,0,0,0,0,-1,0,7,0,,0,,0,,0,0,0,1
1723521868,3843,8,8,8,8,32.251,7,0,0.11 | 0.11 | 0.11,0,1.31 | 1.67 | 2.15,0,1.86 | 2.40 | 3.06,9.399,0.000,0,1,0,0,0,0,-1,0,7,0,,0,,0,,0,0,0,1
1723521868,3843,8,8,8,8,32.251,7,0,0.11 | 0.11 | 0.11,0,1.31 | 1.67 | 2.15,0,1.86 | 2.40 | 3.06,9.399,0.000,0,1,0,0,0,0,-1,0,7,0,,0,,0,,0,0,0,1
1723521868,3843,8,8,8,8,32.251,7,0,0.11 | 0.11 | 0.11,0,1.31 | 1.67 | 2.15,0,1.86 | 2.40 | 3.06,9.399,0.000,0,1,0,0,0,0,-1,0,7,0,,0,,0,,0,0,0,1
1723521868,3843,8,8,8,8,31.454,7,0,0.11 | 0.11 | 0.11,0,1.31 | 1.67 | 2.15,0,1.86 | 2.40 | 3.06,9.399,0.000,0,1,0,0,0,0,-1,0,7,0,,0,,0,,0,0,0,1
1723521868,3843,8,8,8,8,31.454,7,0,0.11 | 0.11 | 0.11,0,1.31 | 1.67 | 2.15,0,1.86 | 2.40 | 3.06,9.399,0.000,0,1,0,0,0,0,-1,0,7,0,,0,,0,,0,0,0,1
1723521868,3843,8,8,8,8,31.454,7,0,0.11 | 0.11 | 0.11,0,1.31 | 1.67 | 2.15,0,1.86 | 2.40 | 3.06,9.399,0.000,0,1,0,0,0,0,-1,0,7,0,,0,,0,,0,0,0,1
1723521868,3843,8,8,8,8,31.454,7,0,0.11 | 0.11 | 0.11,0,1.31 | 1.67 | 2.15,0,1.86 | 2.40 | 3.06,9.399,0.000,0,1,0,0,0,0,-1,0,7,0,,0,,0,,0,0,0,1
1723521868,3843,8,8,8,8,31.454,7,0,0.11 | 0.11 | 0.11,0,1.31 | 1.67 | 2.15,0,1.86 | 2.40 | 3.06,9.399,0.000,0,1,0,0,0,0,-1,0,7,0,,0,,0,,0,0,0,1
1723521868,3843,8,8,8,8,31.454,7,0,0.11 | 0.11 | 0.11,0,1.31 | 1.67 | 2.15,0,1.86 | 2.40 | 3.06,9.399,0.000,0,1,0,0,0,0,-1,0,7,0,,0,,0,,0,0,0,1
1723521869,3843,8,8,8,8,31.454,7,0,0.11 | 0.11 | 0.11,0,1.31 | 1.67 | 2.15,0,1.86 | 2.40 | 3.06,9.399,0.000,0,1,0,0,0,0,-1,0,7,0,,0,,0,,0,0,0,1
1723521869,3843,8,8,8,8,31.454,7,0,0.11 | 0.11 | 0.11,0,1.31 | 1.67 | 2.15,0,1.86 | 2.40 | 3.06,9.399,0.000,0,1,0,0,0,0,-1,0,7,0,,0,,0,,0,0,0,1
1723521869,3843,8,8,8,8,31.454,7,0,0.11 | 0.11 | 0.11,0,1.31 | 1.67 | 2.15,0,1.86 | 2.40 | 3.06,9.399,0.000,0,1,0,0,0,0,-1,0,7,0,,0,,0,,0,0,0,1
1723521869,3843,8,8,8,8,31.454,7,0,0.11 | 0.11 | 0.11,0,1.31 | 1.67 | 2.15,0,1.86 | 2.40 | 3.06,9.399,0.000,0,1,0,0,0,0,-1,0,7,0,,0,,0,,0,0,0,1
1723521869,3843,8,8,8,8,30.376,7,0,0.11 | 0.11 | 0.11,0,1.31 | 1.67 | 2.15,0,1.86 | 2.40 | 3.06,9.399,0.000,0,1,0,0,0,0,-1,0,7,0,,0,,0,,0,0,0,1
1723521869,3843,8,8,8,8,30.376,7,0,0.11 | 0.11 | 0.11,0,1.31 | 1.67 | 2.15,0,1.86 | 2.40 | 3.06,9.399,0.000,0,1,0,0,0,0,-1,0,7,0,,0,,0,,0,0,0,1
1723521869,3843,8,8,8,8,30.376,7,0,0.11 | 0.11 | 0.11,0,1.31 | 1.67 | 2.15,0,1.86 | 2.40 | 3.06,9.399,0.000,0,1,0,0,0,0,-1,0,7,0,,0,,0,,0,0,0,1
1723521869,3843,8,8,8,8,30.376,7,0,0.11 | 0.11 | 0.11,0,1.31 | 1.67 | 2.15,0,1.86 | 2.40 | 3.06,9.399,0.000,0,1,0,0,0,0,-1,0,7,0,,0,,0,,0,0,0,1
1723521869,3843,8,8,8,8,30.376,7,0,0.11 | 0.11 | 0.11,0,1.31 | 1.67 | 2.15,0,1.86 | 2.40 | 3.06,9.399,0.000,0,1,0,0,0,0,-1,0,7,0,,0,,0,,0,0,0,1
1723521869,3843,8,8,8,8,30.376,7,0,0.11 | 0.11 | 0.11,0,1.31 | 1.67 | 2.15,0,1.86 | 2.40 | 3.06,9.399,0.000,0,1,0,0,0,0,-1,0,7,0,,0,,0,,0,0,0,1
1723521870,3843,8,8,8,8,30.376,7,0,0.11 | 0.11 | 0.11,0,1.31 | 1.67 | 2.15,0,1.86 | 2.40 | 3.06,9.399,0.000,0,1,0,0,0,0,-1,0,7,0,,0,,0,,0,0,0,1
1723521870,3843,8,8,8,8,30.376,7,0,0.11 | 0.11 | 0.11,0,1.31 | 1.67 | 2.15,0,1.86 | 2.40 | 3.06,9.399,0.000,0,1,0,0,0,0,-1,0,7,0,,0,,0,,0,0,0,1
1723521870,3843,8,8,8,8,30.376,7,0,0.11 | 0.11 | 0.11,0,1.31 | 1.67 | 2.15,0,1.86 | 2.40 | 3.06,9.399,0.000,0,1,0,0,0,0,-1,0,7,0,,0,,0,,0,0,0,1
1723521870,3843,8,8,8,8,30.376,7,0,0.11 | 0.11 | 0.11,0,1.31 | 1.67 | 2.15,0,1.86 | 2.40 | 3.06,9.399,0.000,0,1,0,0,0,0,-1,0,7,0,,0,,0,,0,0,0,1
1723521870,3843,8,8,8,8,29.313,7,0,0.11 | 0.11 | 0.11,0,1.31 | 1.67 | 2.15,0,1.86 | 2.40 | 3.06,9.399,0.000,0,1,0,0,0,0,-1,0,7,0,,0,,0,,0,0,0,1
1723521870,3843,8,8,8,8,29.313,7,0,0.11 | 0.11 | 0.11,0,1.31 | 1.67 | 2.15,0,1.86 | 2.40 | 3.06,9.399,0.000,0,1,0,0,0,0,-1,0,7,0,,0,,0,,0,0,0,1
1723521870,3843,8,8,8,8,29.313,7,0,0.11 | 0.11 | 0.11,0,1.31 | 1.67 | 2.15,0,1.86 | 2.40 | 3.06,9.399,0.000,0,1,0,0,0,0,-1,0,7,0,,0,,0,,0,0,0,1
1723521870,3843,8,8,8,8,29.313,7,0,0.11 | 0.11 | 0.11,0,1.31 | 1.67 | 2.15,0,1.86 | 2.40 | 3.06,9.399,0.000,0,1,0,0,0,0,-1,0,7,0,,0,,0,,0,0,0,1
1723521870,3843,8,8,8,8,29.313,7,0,0.11 | 0.11 | 0.11,0,1.31 | 1.67 | 2.15,0,1.86 | 2.40 | 3.06,9.399,0.000,0,1,0,0,0,0,-1,0,7,0,,0,,0,,0,0,0,1
1723521870,3843,8,8,8,8,29.313,7,0,0.11 | 0.11 | 0.11,0,1.31 | 1.67 | 2.15,0,1.86 | 2.40 | 3.06,9.399,0.000,0,1,0,0,0,0,-1,0,7,0,,0,,0,,0,0,0,1
1723521871,3843,8,8,8,8,29.313,7,0,0.11 | 0.11 | 0.11,0,1.31 | 1.67 | 2.15,0,1.86 | 2.40 | 3.06,9.399,0.000,0,1,0,0,0,0,-1,0,7,0,,0,,0,,0,0,0,1
1723521871,3843,8,8,8,8,29.313,7,0,0.11 | 0.11 | 0.11,0,1.31 | 1.67 | 2.15,0,1.86 | 2.40 | 3.06,9.399,0.000,0,1,0,0,0,0,-1,0,7,0,,0,,0,,0,0,0,1
1723521871,3843,8,8,8,8,29.313,7,0,0.11 | 0.11 | 0.11,0,1.31 | 1.67 | 2.15,0,1.86 | 2.40 | 3.06,9.399,0.000,0,1,0,0,0,0,-1,0,7,0,,0,,0,,0,0,0,1
1723521871,3843,8,8,8,8,29.313,7,0,0.11 | 0.11 | 0.11,0,1.31 | 1.67 | 2.15,0,1.86 | 2.40 | 3.06,9.399,0.000,0,1,0,0,0,0,-1,0,7,0,,0,,0,,0,0,0,1
1723521871,3843,8,8,8,8,28.243,7,0,0.11 | 0.11 | 0.11,0,1.31 | 1.69 | 2.15,0,1.86 | 2.37 | 3.06,9.386,0.000,0,1,0,0,0,0,-1,0,7,0,,0,,0,,0,0,0,1
1723521871,3843,8,8,8,8,28.243,7,0,0.11 | 0.11 | 0.11,0,1.31 | 1.69 | 2.15,0,1.86 | 2.37 | 3.06,9.386,0.000,0,1,0,0,0,0,-1,0,7,0,,0,,0,,0,0,0,1
1723521871,3843,8,8,8,8,28.243,7,0,0.11 | 0.11 | 0.11,0,1.31 | 1.69 | 2.15,0,1.86 | 2.37 | 3.06,9.386,0.000,0,1,0,0,0,0,-1,0,7,0,,0,,0,,0,0,0,1
1723521871,3843,8,8,8,8,28.243,7,0,0.11 | 0.11 | 0.11,0,1.31 | 1.69 | 2.15,0,1.86 | 2.37 | 3.06,9.386,0.000,0,1,0,0,0,0,-1,0,7,0,,0,,0,,0,0,0,1
1723521871,3843,8,8,8,8,28.243,7,0,0.11 | 0.11 | 0.11,0,1.31 | 1.69 | 2.15,0,1.86 | 2.37 | 3.06,9.386,0.000,0,1,0,0,0,0,-1,0,7,0,,0,,0,,0,0,0,1
1723521871,3843,8,8,8,8,28.243,7,0,0.11 | 0.11 | 0.11,0,1.31 | 1.69 | 2.15,0,1.86 | 2.37 | 3.06,9.386,0.000,0,1,0,0,0,0,-1,0,7,0,,0,,0,,0,0,0,1
1723521872,3843,8,8,8,8,28.243,7,0,0.11 | 0.11 | 0.11,0,1.31 | 1.69 | 2.15,0,1.86 | 2.37 | 3.06,9.386,0.000,0,1,0,0,0,0,-1,0,7,0,,0,,0,,0,0,0,1
1723521872,3843,8,8,8,8,28.243,7,0,0.11 | 0.11 | 0.11,0,1.31 | 1.69 | 2.15,0,1.86 | 2.37 | 3.06,9.386,0.000,0,1,0,0,0,0,-1,0,7,0,,0,,0,,0,0,0,1
1723521872,3843,8,8,8,8,28.243,7,0,0.11 | 0.11 | 0.11,0,1.31 | 1.69 | 2.15,0,1.86 | 2.37 | 3.06,9.386,0.000,0,1,0,0,0,0,-1,0,7,0,,0,,0,,0,0,0,1
1723521872,3843,8,8,8,8,28.243,7,0,0.11 | 0.11 | 0.11,0,1.31 | 1.69 | 2.15,0,1.86 | 2.37 | 3.06,9.386,0.000,0,1,0,0,0,0,-1,0,7,0,,0,,0,,0,0,0,1
1723521872,3843,8,8,8,8,30.389,7,0,0.11 | 0.11 | 0.11,0,1.31 | 1.69 | 2.15,0,1.86 | 2.37 | 3.06,9.386,0.000,0,1,0,0,0,0,-1,0,7,0,,0,,0,,0,0,0,1
1723521872,3843,8,8,8,8,30.389,7,0,0.11 | 0.11 | 0.11,0,1.31 | 1.69 | 2.15,0,1.86 | 2.37 | 3.06,9.386,0.000,0,1,0,0,0,0,-1,0,7,0,,0,,0,,0,0,0,1
1723521872,3843,8,8,8,8,30.389,7,0,0.11 | 0.11 | 0.11,0,1.31 | 1.69 | 2.15,0,1.86 | 2.37 | 3.06,9.386,0.000,0,1,0,0,0,0,-1,0,7,0,,0,,0,,0,0,0,1
1723521872,3843,8,8,8,8,30.389,7,0,0.11 | 0.11 | 0.11,0,1.31 | 1.69 | 2.15,0,1.86 | 2.37 | 3.06,9.386,0.000,0,1,0,0,0,0,-1,0,7,0,,0,,0,,0,0,0,1
1723521872,3843,8,8,8,8,30.389,7,0,0.11 | 0.11 | 0.11,0,1.31 | 1.69 | 2.15,0,1.86 | 2.37 | 3.06,9.386,0.000,0,1,0,0,0,0,-1,0,7,0,,0,,0,,0,0,0,1
1723521872,3843,8,8,8,8,30.389,7,0,0.11 | 0.11 | 0.11,0,1.31 | 1.69 | 2.15,0,1.86 | 2.37 | 3.06,9.386,0.000,0,1,0,0,0,0,-1,0,7,0,,0,,0,,0,0,0,1
1723521873,3843,8,8,8,8,30.389,7,0,0.11 | 0.11 | 0.11,0,1.31 | 1.69 | 2.15,0,1.86 | 2.37 | 3.06,9.386,0.000,0,1,0,0,0,0,-1,0,7,0,,0,,0,,0,0,0,1
1723521873,3843,8,8,8,8,30.389,7,0,0.11 | 0.11 | 0.11,0,1.31 | 1.69 | 2.15,0,1.86 | 2.37 | 3.06,9.386,0.000,0,1,0,0,0,0,-1,0,7,0,,0,,0,,0,0,0,1
1723521873,3843,8,8,8,8,30.389,7,0,0.11 | 0.11 | 0.11,0,1.31 | 1.69 | 2.15,0,1.86 | 2.37 | 3.06,9.386,0.000,0,1,0,0,0,0,-1,0,7,0,,0,,0,,0,0,0,1
1723521873,3843,8,8,8,8,30.389,7,0,0.11 | 0.11 | 0.11,0,1.31 | 1.69 | 2.15,0,1.86 | 2.37 | 3.06,9.386,0.000,0,1,0,0,0,0,-1,0,7,0,,0,,0,,0,0,0,1
1723521873,3843,8,8,8,8,29.588,7,0,0.11 | 0.11 | 0.11,0,1.31 | 1.69 | 2.15,0,1.86 | 2.37 | 3.06,9.386,0.000,0,1,0,0,0,0,-1,0,7,0,,0,,0,,0,0,0,1
1723521873,3843,8,8,8,8,29.588,7,0,0.11 | 0.11 | 0.11,0,1.31 | 1.69 | 2.15,0,1.86 | 2.37 | 3.06,9.386,0.000,0,1,0,0,0,0,-1,0,7,0,,0,,0,,0,0,0,1
1723521873,3843,8,8,8,8,29.588,7,0,0.11 | 0.11 | 0.11,0,1.31 | 1.69 | 2.15,0,1.86 | 2.37 | 3.06,9.386,0.000,0,1,0,0,0,0,-1,0,7,0,,0,,0,,0,0,0,1
1723521873,3843,8,8,8,8,29.588,7,0,0.11 | 0.11 | 0.11,0,1.31 | 1.69 | 2.15,0,1.86 | 2.37 | 3.06,9.386,0.000,0,1,0,0,0,0,-1,0,7,0,,0,,0,,0,0,0,1
1723521873,3843,8,8,8,8,29.588,7,0,0.11 | 0.11 | 0.11,0,1.31 | 1.69 | 2.15,0,1.86 | 2.37 | 3.06,9.386,0.000,0,1,0,0,0,0,-1,0,7,0,,0,,0,,0,0,0,1
1723521873,3843,8,8,8,8,29.588,7,0,0.11 | 0.11 | 0.11,0,1.31 | 1.69 | 2.15,0,1.86 | 2.37 | 3.06,9.386,0.000,0,1,0,0,0,0,-1,0,7,0,,0,,0,,0,0,0,1
1723521874,3843,8,8,8,8,29.588,7,0,0.11 | 0.11 | 0.11,0,1.31 | 1.69 | 2.15,0,1.86 | 2.37 | 3.06,9.386,0.000,0,1,0,0,0,0,-1,0,7,0,,0,,0,,0,0,0,1
1723521874,3843,8,8,8,8,29.588,7,0,0.11 | 0.11 | 0.11,0,1.31 | 1.69 | 2.15,0,1.86 | 2.37 | 3.06,9.386,0.000,0,1,0,0,0,0,-1,0,7,0,,0,,0,,0,0,0,1
1723521874,3843,8,8,8,8,29.588,7,0,0.11 | 0.11 | 0.11,0,1.31 | 1.69 | 2.15,0,1.86 | 2.37 | 3.06,9.386,0.000,0,1,0,0,0,0,-1,0,7,0,,0,,0,,0,0,0,1
1723521874,3843,8,8,8,8,29.588,7,0,0.11 | 0.11 | 0.11,0,1.31 | 1.69 | 2.15,0,1.86 | 2.37 | 3.06,9.386,0.000,0,1,0,0,0,0,-1,0,7,0,,0,,0,,0,0,0,1
1723521874,3843,8,8,8,8,28.498,7,0,0.11 | 0.11 | 0.11,0,1.31 | 1.69 | 2.15,0,1.86 | 2.37 | 3.06,9.386,0.000,0,1,0,0,0,0,-1,0,7,0,,0,,0,,0,0,0,1
1723521874,3843,8,8,8,8,28.498,7,0,0.11 | 0.11 | 0.11,0,1.31 | 1.69 | 2.15,0,1.86 | 2.37 | 3.06,9.386,0.000,0,1,0,0,0,0,-1,0,7,0,,0,,0,,0,0,0,1
1723521874,3843,8,8,8,8,28.498,7,0,0.11 | 0.11 | 0.11,0,1.31 | 1.69 | 2.15,0,1.86 | 2.37 | 3.06,9.386,0.000,0,1,0,0,0,0,-1,0,7,0,,0,,0,,0,0,0,1
1723521874,3843,8,8,8,8,28.498,7,0,0.11 | 0.11 | 0.11,0,1.31 | 1.69 | 2.15,0,1.86 | 2.37 | 3.06,9.386,0.000,0,1,0,0,0,0,-1,0,7,0,,0,,0,,0,0,0,1
1723521874,3843,8,8,8,8,28.498,7,0,0.11 | 0.11 | 0.11,0,1.31 | 1.69 | 2.15,0,1.86 | 2.37 | 3.06,9.386,0.000,0,1,0,0,0,0,-1,0,7,0,,0,,0,,0,0,0,1
1723521874,3843,8,8,8,8,28.498,7,0,0.11 | 0.11 | 0.11,0,1.31 | 1.69 | 2.15,0,1.86 | 2.37 | 3.06,9.386,0.000,0,1,0,0,0,0,-1,0,7,0,,0,,0,,0,0,0,1
1723521875,3843,8,8,8,8,28.498,7,0,0.11 | 0.11 | 0.11,0,1.31 | 1.69 | 2.15,0,1.86 | 2.37 | 3.06,9.386,0.000,0,1,0,0,0,0,-1,0,7,0,,0,,0,,0,0,0,1
1723521875,3843,8,8,8,8,28.498,7,0,0.11 | 0.11 | 0.11,0,1.31 | 1.69 | 2.15,0,1.86 | 2.37 | 3.06,9.386,0.000,0,1,0,0,0,0,-1,0,7,0,,0,,0,,0,0,0,1
1723521875,3843,8,8,8,8,28.498,7,0,0.11 | 0.11 | 0.11,0,1.31 | 1.69 | 2.15,0,1.86 | 2.37 | 3.06,9.386,0.000,0,1,0,0,0,0,-1,0,7,0,,0,,0,,0,0,0,1
1723521875,3843,8,8,8,8,28.498,7,0,0.11 | 0.11 | 0.11,0,1.31 | 1.69 | 2.15,0,1.86 | 2.37 | 3.06,9.386,0.000,0,1,0,0,0,0,-1,0,7,0,,0,,0,,0,0,0,1
1723521875,3843,8,8,8,8,32.236,7,0,0.11 | 0.11 | 0.11,0,1.31 | 1.75 | 2.15,0,1.86 | 2.28 | 3.06,9.396,0.000,0,1,0,0,0,0,-1,0,7,0,,0,,0,,0,0,0,1
1723521875,3843,8,8,8,8,32.236,7,0,0.11 | 0.11 | 0.11,0,1.31 | 1.75 | 2.15,0,1.86 | 2.28 | 3.06,9.396,0.000,0,1,0,0,0,0,-1,0,7,0,,0,,0,,0,0,0,1
1723521875,3843,8,8,8,8,32.236,7,0,0.11 | 0.11 | 0.11,0,1.31 | 1.75 | 2.15,0,1.86 | 2.28 | 3.06,9.396,0.000,0,1,0,0,0,0,-1,0,7,0,,0,,0,,0,0,0,1
1723521875,3843,8,8,8,8,32.236,7,0,0.11 | 0.11 | 0.11,0,1.31 | 1.75 | 2.15,0,1.86 | 2.28 | 3.06,9.396,0.000,0,1,0,0,0,0,-1,0,7,0,,0,,0,,0,0,0,1
1723521875,3843,8,8,8,8,32.236,7,0,0.11 | 0.11 | 0.11,0,1.31 | 1.75 | 2.15,0,1.86 | 2.28 | 3.06,9.396,0.000,0,1,0,0,0,0,-1,0,7,0,,0,,0,,0,0,0,1
1723521875,3843,8,8,8,8,32.236,7,0,0.11 | 0.11 | 0.11,0,1.31 | 1.75 | 2.15,0,1.86 | 2.28 | 3.06,9.396,0.000,0,1,0,0,0,0,-1,0,7,0,,0,,0,,0,0,0,1
1723521876,3843,8,8,8,8,32.236,7,0,0.11 | 0.11 | 0.11,0,1.31 | 1.75 | 2.15,0,1.86 | 2.28 | 3.06,9.396,0.000,0,1,0,0,0,0,-1,0,7,0,,0,,0,,0,0,0,1
1723521876,3843,8,8,8,8,32.236,7,0,0.11 | 0.11 | 0.11,0,1.31 | 1.75 | 2.15,0,1.86 | 2.28 | 3.06,9.396,0.000,0,1,0,0,0,0,-1,0,7,0,,0,,0,,0,0,0,1
1723521876,3843,8,8,8,8,32.236,7,0,0.11 | 0.11 | 0.11,0,1.31 | 1.75 | 2.15,0,1.86 | 2.28 | 3.06,9.396,0.000,0,1,0,0,0,0,-1,0,7,0,,0,,0,,0,0,0,1
1723521876,3843,8,8,8,8,32.236,7,0,0.11 | 0.11 | 0.11,0,1.31 | 1.75 | 2.15,0,1.86 | 2.28 | 3.06,9.396,0.000,0,1,0,0,0,0,-1,0,7,0,,0,,0,,0,0,0,1
1723521876,3843,8,8,8,8,31.439,7,0,0.11 | 0.11 | 0.11,0,1.31 | 1.75 | 2.15,0,1.86 | 2.28 | 3.06,9.396,0.000,0,1,0,0,0,0,-1,0,7,0,,0,,0,,0,0,0,1
1723521876,3843,8,8,8,8,31.439,7,0,0.11 | 0.11 | 0.11,0,1.31 | 1.75 | 2.15,0,1.86 | 2.28 | 3.06,9.396,0.000,0,1,0,0,0,0,-1,0,7,0,,0,,0,,0,0,0,1
1723521876,3843,8,8,8,8,31.439,7,0,0.11 | 0.11 | 0.11,0,1.31 | 1.75 | 2.15,0,1.86 | 2.28 | 3.06,9.396,0.000,0,1,0,0,0,0,-1,0,7,0,,0,,0,,0,0,0,1
1723521876,3843,8,8,8,8,31.439,7,0,0.11 | 0.11 | 0.11,0,1.31 | 1.75 | 2.15,0,1.86 | 2.28 | 3.06,9.396,0.000,0,1,0,0,0,0,-1,0,7,0,,0,,0,,0,0,0,1
1723521876,3843,8,8,8,8,31.439,7,0,0.11 | 0.11 | 0.11,0,1.31 | 1.75 | 2.15,0,1.86 | 2.28 | 3.06,9.396,0.000,0,1,0,0,0,0,-1,0,7,0,,0,,0,,0,0,0,1
1723521876,3843,8,8,8,8,31.439,7,0,0.11 | 0.11 | 0.11,0,1.31 | 1.75 | 2.15,0,1.86 | 2.28 | 3.06,9.396,0.000,0,1,0,0,0,0,-1,0,7,0,,0,,0,,0,0,0,1
1723521877,3843,8,8,8,8,31.439,7,0,0.11 | 0.11 | 0.11,0,1.31 | 1.75 | 2.15,0,1.86 | 2.28 | 3.06,9.396,0.000,0,1,0,0,0,0,-1,0,7,0,,0,,0,,0,0,0,1
1723521877,3843,8,8,8,8,31.439,7,0,0.11 | 0.11 | 0.11,0,1.31 | 1.75 | 2.15,0,1.86 | 2.28 | 3.06,9.396,0.000,0,1,0,0,0,0,-1,0,7,0,,0,,0,,0,0,0,1
1723521877,3843,8,8,8,8,31.439,7,0,0.11 | 0.11 | 0.11,0,1.31 | 1.75 | 2.15,0,1.86 | 2.28 | 3.06,9.396,0.000,0,1,0,0,0,0,-1,0,7,0,,0,,0,,0,0,0,1
1723521877,3843,8,8,8,8,31.439,7,0,0.11 | 0.11 | 0.11,0,1.31 | 1.75 | 2.15,0,1.86 | 2.28 | 3.06,9.396,0.000,0,1,0,0,0,0,-1,0,7,0,,0,,0,,0,0,0,1
1723521877,3843,8,8,8,8,30.376,7,0,0.11 | 0.11 | 0.11,0,1.31 | 1.75 | 2.15,0,1.86 | 2.28 | 3.06,9.396,0.000,0,1,0,0,0,0,-1,0,7,0,,0,,0,,0,0,0,1
1723521877,3843,8,8,8,8,30.376,7,0,0.11 | 0.11 | 0.11,0,1.31 | 1.75 | 2.15,0,1.86 | 2.28 | 3.06,9.396,0.000,0,1,0,0,0,0,-1,0,7,0,,0,,0,,0,0,0,1
1723521877,3843,8,8,8,8,30.376,7,0,0.11 | 0.11 | 0.11,0,1.31 | 1.75 | 2.15,0,1.86 | 2.28 | 3.06,9.396,0.000,0,1,0,0,0,0,-1,0,7,0,,0,,0,,0,0,0,1
1723521877,3843,8,8,8,8,30.376,7,0,0.11 | 0.11 | 0.11,0,1.31 | 1.75 | 2.15,0,1.86 | 2.28 | 3.06,9.396,0.000,0,1,0,0,0,0,-1,0,7,0,,0,,0,,0,0,0,1
1723521877,3843,8,8,8,8,30.376,7,0,0.11 | 0.11 | 0.11,0,1.31 | 1.75 | 2.15,0,1.86 | 2.28 | 3.06,9.396,0.000,0,1,0,0,0,0,-1,0,7,0,,0,,0,,0,0,0,1
1723521877,3843,8,8,8,8,30.376,7,0,0.11 | 0.11 | 0.11,0,1.31 | 1.75 | 2.15,0,1.86 | 2.28 | 3.06,9.396,0.000,0,1,0,0,0,0,-1,0,7,0,,0,,0,,0,0,0,1
1723521878,3843,8,8,8,8,30.376,7,0,0.11 | 0.11 | 0.11,0,1.31 | 1.75 | 2.15,0,1.86 | 2.28 | 3.06,9.396,0.000,0,1,0,0,0,0,-1,0,7,0,,0,,0,,0,0,0,1
1723521878,3843,8,8,8,8,30.376,7,0,0.11 | 0.11 | 0.11,0,1.31 | 1.75 | 2.15,0,1.86 | 2.28 | 3.06,9.396,0.000,0,1,0,0,0,0,-1,0,7,0,,0,,0,,0,0,0,1
1723521878,3843,8,8,8,8,30.376,7,0,0.11 | 0.11 | 0.11,0,1.31 | 1.75 | 2.15,0,1.86 | 2.28 | 3.06,9.396,0.000,0,1,0,0,0,0,-1,0,7,0,,0,,0,,0,0,0,1
1723521878,3843,8,8,8,8,30.376,7,0,0.11 | 0.11 | 0.11,0,1.31 | 1.75 | 2.15,0,1.86 | 2.28 | 3.06,9.396,0.000,0,1,0,0,0,0,-1,0,7,0,,0,,0,,0,0,0,1
1723521878,3843,8,8,8,8,29.312,7,0,0.11 | 0.11 | 0.11,0,1.31 | 1.75 | 2.15,0,1.86 | 2.28 | 3.06,9.396,0.000,0,1,0,0,0,0,-1,0,7,0,,0,,0,,0,0,0,1
1723521878,3843,8,8,8,8,29.312,7,0,0.11 | 0.11 | 0.11,0,1.31 | 1.75 | 2.15,0,1.86 | 2.28 | 3.06,9.396,0.000,0,1,0,0,0,0,-1,0,7,0,,0,,0,,0,0,0,1
1723521878,3843,8,8,8,8,29.312,7,0,0.11 | 0.11 | 0.11,0,1.31 | 1.75 | 2.15,0,1.86 | 2.28 | 3.06,9.396,0.000,0,1,0,0,0,0,-1,0,7,0,,0,,0,,0,0,0,1
1723521878,3843,8,8,8,8,29.312,7,0,0.11 | 0.11 | 0.11,0,1.31 | 1.75 | 2.15,0,1.86 | 2.28 | 3.06,9.396,0.000,0,1,0,0,0,0,-1,0,7,0,,0,,0,,0,0,0,1
1723521878,3843,8,8,8,8,29.312,7,0,0.11 | 0.11 | 0.11,0,1.31 | 1.75 | 2.15,0,1.86 | 2.28 | 3.06,9.396,0.000,0,1,0,0,0,0,-1,0,7,0,,0,,0,,0,0,0,1
1723521878,3843,8,8,8,8,29.312,7,0,0.11 | 0.11 | 0.11,0,1.31 | 1.75 | 2.15,0,1.86 | 2.28 | 3.06,9.396,0.000,0,1,0,0,0,0,-1,0,7,0,,0,,0,,0,0,0,1
1723521879,3843,8,8,8,8,29.312,7,0,0.11 | 0.11 | 0.11,0,1.31 | 1.75 | 2.15,0,1.86 | 2.28 | 3.06,9.396,0.000,0,1,0,0,0,0,-1,0,7,0,,0,,0,,0,0,0,1
1723521879,3843,8,8,8,8,29.312,7,0,0.11 | 0.11 | 0.11,0,1.31 | 1.75 | 2.15,0,1.86 | 2.28 | 3.06,9.396,0.000,0,1,0,0,0,0,-1,0,7,0,,0,,0,,0,0,0,1
1723521879,3843,8,8,8,8,29.312,7,0,0.11 | 0.11 | 0.11,0,1.31 | 1.75 | 2.15,0,1.86 | 2.28 | 3.06,9.396,0.000,0,1,0,0,0,0,-1,0,7,0,,0,,0,,0,0,0,1
1723521879,3843,8,8,8,8,29.312,7,0,0.11 | 0.11 | 0.11,0,1.31 | 1.75 | 2.15,0,1.86 | 2.28 | 3.06,9.396,0.000,0,1,0,0,0,0,-1,0,7,0,,0,,0,,0,0,0,1
1723521879,3843,8,8,8,8,28.251,7,0,0.11 | 0.11 | 0.11,0,1.31 | 1.75 | 2.15,0,1.86 | 2.28 | 3.06,9.396,0.000,0,1,0,0,0,0,-1,0,7,0,,0,,0,,0,0,0,1
1723521879,3843,8,8,8,8,28.251,7,0,0.11 | 0.11 | 0.11,0,1.31 | 1.75 | 2.15,0,1.86 | 2.28 | 3.06,9.396,0.000,0,1,0,0,0,0,-1,0,7,0,,0,,0,,0,0,0,1
1723521879,3843,8,8,8,8,28.251,7,0,0.11 | 0.11 | 0.11,0,1.31 | 1.75 | 2.15,0,1.86 | 2.28 | 3.06,9.396,0.000,0,1,0,0,0,0,-1,0,7,0,,0,,0,,0,0,0,1
1723521879,3843,8,8,8,8,28.251,7,0,0.11 | 0.11 | 0.11,0,1.31 | 1.75 | 2.15,0,1.86 | 2.28 | 3.06,9.396,0.000,0,1,0,0,0,0,-1,0,7,0,,0,,0,,0,0,0,1
1723521879,3843,8,8,8,8,28.251,7,0,0.11 | 0.11 | 0.11,0,1.31 | 1.75 | 2.15,0,1.86 | 2.28 | 3.06,9.396,0.000,0,1,0,0,0,0,-1,0,7,0,,0,,0,,0,0,0,1
1723521879,3843,8,8,8,8,28.251,7,0,0.11 | 0.11 | 0.11,0,1.31 | 1.75 | 2.15,0,1.86 | 2.28 | 3.06,9.396,0.000,0,1,0,0,0,0,-1,0,7,0,,0,,0,,0,0,0,1
1723521880,3843,8,8,8,8,28.251,7,0,0.11 | 0.11 | 0.11,0,1.31 | 1.75 | 2.15,0,1.86 | 2.28 | 3.06,9.396,0.000,0,1,0,0,0,0,-1,0,7,0,,0,,0,,0,0,0,1
1723521880,3843,8,8,8,8,28.251,7,0,0.11 | 0.11 | 0.11,0,1.31 | 1.75 | 2.15,0,1.86 | 2.28 | 3.06,9.396,0.000,0,1,0,0,0,0,-1,0,7,0,,0,,0,,0,0,0,1
1723521880,3843,8,8,8,8,28.251,7,0,0.11 | 0.11 | 0.11,0,1.31 | 1.75 | 2.15,0,1.86 | 2.28 | 3.06,9.396,0.000,0,1,0,0,0,0,-1,0,7,0,,0,,0,,0,0,0,1
1723521880,3843,8,8,8,8,28.251,7,0,0.11 | 0.11 | 0.11,0,1.31 | 1.75 | 2.15,0,1.86 | 2.28 | 3.06,9.396,0.000,0,1,0,0,0,0,-1,0,7,0,,0,,0,,0,0,0,1
1723521880,3843,8,8,8,8,30.386,7,0,0.11 | 0.11 | 0.11,0,1.40 | 1.78 | 2.15,0,1.86 | 2.25 | 2.85,9.449,0.000,0,1,0,0,0,0,-1,0,7,0,,0,,0,,0,0,0,1
1723521880,3843,8,8,8,8,30.386,7,0,0.11 | 0.11 | 0.11,0,1.40 | 1.78 | 2.15,0,1.86 | 2.25 | 2.85,9.449,0.000,0,1,0,0,0,0,-1,0,7,0,,0,,0,,0,0,0,1
1723521880,3843,8,8,8,8,30.386,7,0,0.11 | 0.11 | 0.11,0,1.40 | 1.78 | 2.15,0,1.86 | 2.25 | 2.85,9.449,0.000,0,1,0,0,0,0,-1,0,7,0,,0,,0,,0,0,0,1
1723521880,3843,8,8,8,8,30.386,7,0,0.11 | 0.11 | 0.11,0,1.40 | 1.78 | 2.15,0,1.86 | 2.25 | 2.85,9.449,0.000,0,1,0,0,0,0,-1,0,7,0,,0,,0,,0,0,0,1
1723521880,3843,8,8,8,8,30.386,7,0,0.11 | 0.11 | 0.11,0,1.40 | 1.78 | 2.15,0,1.86 | 2.25 | 2.85,9.449,0.000,0,1,0,0,0,0,-1,0,7,0,,0,,0,,0,0,0,1
1723521880,3843,8,8,8,8,30.386,7,0,0.11 | 0.11 | 0.11,0,1.40 | 1.78 | 2.15,0,1.86 | 2.25 | 2.85,9.449,0.000,0,1,0,0,0,0,-1,0,7,0,,0,,0,,0,0,0,1
1723521881,3843,8,8,8,8,30.386,7,0,0.11 | 0.11 | 0.11,0,1.40 | 1.78 | 2.15,0,1.86 | 2.25 | 2.85,9.449,0.000,0,1,0,0,0,0,-1,0,7,0,,0,,0,,0,0,0,1
1723521881,3843,8,8,8,8,30.386,7,0,0.11 | 0.11 | 0.11,0,1.40 | 1.78 | 2.15,0,1.86 | 2.25 | 2.85,9.449,0.000,0,1,0,0,0,0,-1,0,7,0,,0,,0,,0,0,0,1
1723521881,3843,8,8,8,8,30.386,7,0,0.11 | 0.11 | 0.11,0,1.40 | 1.78 | 2.15,0,1.86 | 2.25 | 2.85,9.449,0.000,0,1,0,0,0,0,-1,0,7,0,,0,,0,,0,0,0,1
1723521881,3843,8,8,8,8,30.386,7,0,0.11 | 0.11 | 0.11,0,1.40 | 1.78 | 2.15,0,1.86 | 2.25 | 2.85,9.449,0.000,0,1,0,0,0,0,-1,0,7,0,,0,,0,,0,0,0,1
1723521881,3843,8,8,8,8,29.592,7,0,0.11 | 0.11 | 0.11,0,1.40 | 1.78 | 2.15,0,1.86 | 2.25 | 2.85,9.449,0.000,0,1,0,0,0,0,-1,0,7,0,,0,,0,,0,0,0,1
1723521881,3843,8,8,8,8,29.592,7,0,0.11 | 0.11 | 0.11,0,1.40 | 1.78 | 2.15,0,1.86 | 2.25 | 2.85,9.449,0.000,0,1,0,0,0,0,-1,0,7,0,,0,,0,,0,0,0,1
1723521881,3843,8,8,8,8,29.592,7,0,0.11 | 0.11 | 0.11,0,1.40 | 1.78 | 2.15,0,1.86 | 2.25 | 2.85,9.449,0.000,0,1,0,0,0,0,-1,0,7,0,,0,,0,,0,0,0,1
1723521881,3843,8,8,8,8,29.592,7,0,0.11 | 0.11 | 0.11,0,1.40 | 1.78 | 2.15,0,1.86 | 2.25 | 2.85,9.449,0.000,0,1,0,0,0,0,-1,0,7,0,,0,,0,,0,0,0,1
1723521881,3843,8,8,8,8,29.592,7,0,0.11 | 0.11 | 0.11,0,1.40 | 1.78 | 2.15,0,1.86 | 2.25 | 2.85,9.449,0.000,0,1,0,0,0,0,-1,0,7,0,,0,,0,,0,0,0,1
1723521881,3843,8,8,8,8,29.592,7,0,0.11 | 0.11 | 0.11,0,1.40 | 1.78 | 2.15,0,1.86 | 2.25 | 2.85,9.449,0.000,0,1,0,0,0,0,-1,0,7,0,,0,,0,,0,0,0,1
1723521882,3843,8,8,8,8,29.592,7,0,0.11 | 0.11 | 0.11,0,1.40 | 1.78 | 2.15,0,1.86 | 2.25 | 2.85,9.449,0.000,0,1,0,0,0,0,-1,0,7,0,,0,,0,,0,0,0,1
1723521882,3843,8,8,8,8,29.592,7,0,0.11 | 0.11 | 0.11,0,1.40 | 1.78 | 2.15,0,1.86 | 2.25 | 2.85,9.449,0.000,0,1,0,0,0,0,-1,0,7,0,,0,,0,,0,0,0,1
1723521882,3843,8,8,8,8,29.592,7,0,0.11 | 0.11 | 0.11,0,1.40 | 1.78 | 2.15,0,1.86 | 2.25 | 2.85,9.449,0.000,0,1,0,0,0,0,-1,0,7,0,,0,,0,,0,0,0,1
1723521882,3843,8,8,8,8,29.592,7,0,0.11 | 0.11 | 0.11,0,1.40 | 1.78 | 2.15,0,1.86 | 2.25 | 2.85,9.449,0.000,0,1,0,0,0,0,-1,0,7,0,,0,,0,,0,0,0,1
1723521882,3843,8,8,8,8,28.514,7,0,0.11 | 0.11 | 0.11,0,1.40 | 1.78 | 2.15,0,1.86 | 2.25 | 2.85,9.449,0.000,0,1,0,0,0,0,-1,0,7,0,,0,,0,,0,0,0,1
1723521882,3843,8,8,8,8,28.514,7,0,0.11 | 0.11 | 0.11,0,1.40 | 1.78 | 2.15,0,1.86 | 2.25 | 2.85,9.449,0.000,0,1,0,0,0,0,-1,0,7,0,,0,,0,,0,0,0,1
1723521882,3843,8,8,8,8,28.514,7,0,0.11 | 0.11 | 0.11,0,1.40 | 1.78 | 2.15,0,1.86 | 2.25 | 2.85,9.449,0.000,0,1,0,0,0,0,-1,0,7,0,,0,,0,,0,0,0,1
1723521882,3843,8,8,8,8,28.514,7,0,0.11 | 0.11 | 0.11,0,1.40 | 1.78 | 2.15,0,1.86 | 2.25 | 2.85,9.449,0.000,0,1,0,0,0,0,-1,0,7,0,,0,,0,,0,0,0,1
1723521882,3843,8,8,8,8,28.514,7,0,0.11 | 0.11 | 0.11,0,1.40 | 1.78 | 2.15,0,1.86 | 2.25 | 2.85,9.449,0.000,0,1,0,0,0,0,-1,0,7,0,,0,,0,,0,0,0,1
1723521882,3843,8,8,8,8,28.514,7,0,0.11 | 0.11 | 0.11,0,1.40 | 1.78 | 2.15,0,1.86 | 2.25 | 2.85,9.449,0.000,0,1,0,0,0,0,-1,0,7,0,,0,,0,,0,0,0,1
1723521883,3843,8,8,8,8,28.514,7,0,0.11 | 0.11 | 0.11,0,1.40 | 1.78 | 2.15,0,1.86 | 2.25 | 2.85,9.449,0.000,0,1,0,0,0,0,-1,0,7,0,,0,,0,,0,0,0,1
1723521883,3843,8,8,8,8,28.514,7,0,0.11 | 0.11 | 0.11,0,1.40 | 1.78 | 2.15,0,1.86 | 2.25 | 2.85,9.449,0.000,0,1,0,0,0,0,-1,0,7,0,,0,,0,,0,0,0,1
1723521883,3843,8,8,8,8,28.514,7,0,0.11 | 0.11 | 0.11,0,1.40 | 1.78 | 2.15,0,1.86 | 2.25 | 2.85,9.449,0.000,0,1,0,0,0,0,-1,0,7,0,,0,,0,,0,0,0,1
1723521883,3843,8,8,8,8,28.514,7,0,0.11 | 0.11 | 0.11,0,1.40 | 1.78 | 2.15,0,1.86 | 2.25 | 2.85,9.449,0.000,0,1,0,0,0,0,-1,0,7,0,,0,,0,,0,0,0,1
1723521883,3843,8,8,8,8,32.187,7,0,0.11 | 0.11 | 0.11,0,1.40 | 1.75 | 2.05,0,1.95 | 2.29 | 2.85,9.448,0.000,0,1,0,0,0,0,-1,0,7,0,,0,,0,,0,0,0,1
1723521883,3843,8,8,8,8,32.187,7,0,0.11 | 0.11 | 0.11,0,1.40 | 1.75 | 2.05,0,1.95 | 2.29 | 2.85,9.448,0.000,0,1,0,0,0,0,-1,0,7,0,,0,,0,,0,0,0,1
1723521883,3843,8,8,8,8,32.187,7,0,0.11 | 0.11 | 0.11,0,1.40 | 1.75 | 2.05,0,1.95 | 2.29 | 2.85,9.448,0.000,0,1,0,0,0,0,-1,0,7,0,,0,,0,,0,0,0,1
1723521883,3843,8,8,8,8,32.187,7,0,0.11 | 0.11 | 0.11,0,1.40 | 1.75 | 2.05,0,1.95 | 2.29 | 2.85,9.448,0.000,0,1,0,0,0,0,-1,0,7,0,,0,,0,,0,0,0,1
1723521883,3843,8,8,8,8,32.187,7,0,0.11 | 0.11 | 0.11,0,1.40 | 1.75 | 2.05,0,1.95 | 2.29 | 2.85,9.448,0.000,0,1,0,0,0,0,-1,0,7,0,,0,,0,,0,0,0,1
1723521883,3843,8,8,8,8,32.187,7,0,0.11 | 0.11 | 0.11,0,1.40 | 1.75 | 2.05,0,1.95 | 2.29 | 2.85,9.448,0.000,0,1,0,0,0,0,-1,0,7,0,,0,,0,,0,0,0,1
1723521884,3843,8,8,8,8,32.187,7,0,0.11 | 0.11 | 0.11,0,1.40 | 1.75 | 2.05,0,1.95 | 2.29 | 2.85,9.448,0.000,0,1,0,0,0,0,-1,0,7,0,,0,,0,,0,0,0,1
1723521884,3843,8,8,8,8,32.187,7,0,0.11 | 0.11 | 0.11,0,1.40 | 1.75 | 2.05,0,1.95 | 2.29 | 2.85,9.448,0.000,0,1,0,0,0,0,-1,0,7,0,,0,,0,,0,0,0,1
1723521884,3843,8,8,8,8,32.187,7,0,0.11 | 0.11 | 0.11,0,1.40 | 1.75 | 2.05,0,1.95 | 2.29 | 2.85,9.448,0.000,0,1,0,0,0,0,-1,0,7,0,,0,,0,,0,0,0,1
1723521884,3843,8,8,8,8,32.187,7,0,0.11 | 0.11 | 0.11,0,1.40 | 1.75 | 2.05,0,1.95 | 2.29 | 2.85,9.448,0.000,0,1,0,0,0,0,-1,0,7,0,,0,,0,,0,0,0,1
1723521884,3843,8,8,8,8,31.188,8,0,0.11 | 0.11 | 0.11,0,1.40 | 1.75 | 2.05,0,1.95 | 2.29 | 2.85,9.448,0.000,0,1,0,0,0,0,-1,0,8,0,,0,,0,,0,0,0,1
1723521884,3843,8,8,8,8,31.188,8,0,0.11 | 0.11 | 0.11,0,1.40 | 1.75 | 2.05,0,1.95 | 2.29 | 2.85,9.448,0.000,0,1,0,0,0,0,-1,0,8,0,,0,,0,,0,0,0,1
1723521884,3843,8,8,8,8,31.188,8,0,0.11 | 0.11 | 0.11,0,1.40 | 1.75 | 2.05,0,1.95 | 2.29 | 2.85,9.448,0.000,0,1,0,0,0,0,-1,0,8,0,,0,,0,,0,0,0,1
1723521884,3843,8,8,8,8,31.188,8,0,0.11 | 0.11 | 0.11,0,1.40 | 1.75 | 2.05,0,1.95 | 2.29 | 2.85,9.448,0.000,0,1,0,0,0,0,-1,0,8,0,,0,,0,,0,0,0,1
1723521884,3843,8,8,8,8,31.188,8,0,0.11 | 0.11 | 0.11,0,1.40 | 1.75 | 2.05,0,1.95 | 2.29 | 2.85,9.448,0.000,0,1,0,0,0,0,-1,0,8,0,,0,,0,,0,0,0,1
1723521884,3843,8,8,8,8,31.188,8,0,0.11 | 0.11 | 0.11,0,1.40 | 1.75 | 2.05,0,1.95 | 2.29 | 2.85,9.448,0.000,0,1,0,0,0,0,-1,0,8,0,,0,,0,,0,0,0,1
1723521885,3843,8,8,8,8,31.188,8,0,0.11 | 0.11 | 0.11,0,1.40 | 1.75 | 2.05,0,1.95 | 2.29 | 2.85,9.448,0.000,0,1,0,0,0,0,-1,0,8,0,,0,,0,,0,0,0,1
1723521885,3843,8,8,8,8,31.188,8,0,0.11 | 0.11 | 0.11,0,1.40 | 1.75 | 2.05,0,1.95 | 2.29 | 2.85,9.448,0.000,0,1,0,0,0,0,-1,0,8,0,,0,,0,,0,0,0,1
1723521885,3843,8,8,8,8,31.188,8,0,0.11 | 0.11 | 0.11,0,1.40 | 1.75 | 2.05,0,1.95 | 2.29 | 2.85,9.448,0.000,0,1,0,0,0,0,-1,0,8,0,,0,,0,,0,0,0,1
1723521885,3843,8,8,8,8,31.188,8,0,0.11 | 0.11 | 0.11,0,1.40 | 1.75 | 2.05,0,1.95 | 2.29 | 2.85,9.448,0.000,0,1,0,0,0,0,-1,0,8,0,,0,,0,,0,0,0,1
1723521885,3843,8,8,8,8,30.392,8,0,0.11 | 0.11 | 0.11,0,1.40 | 1.75 | 2.05,0,1.95 | 2.29 | 2.85,9.448,0.000,0,1,0,0,0,0,-1,0,8,0,,0,,0,,0,0,0,1
1723521885,3843,8,8,8,8,30.392,8,0,0.11 | 0.11 | 0.11,0,1.40 | 1.75 | 2.05,0,1.95 | 2.29 | 2.85,9.448,0.000,0,1,0,0,0,0,-1,0,8,0,,0,,0,,0,0,0,1
1723521885,3843,8,8,8,8,30.392,8,0,0.11 | 0.11 | 0.11,0,1.40 | 1.75 | 2.05,0,1.95 | 2.29 | 2.85,9.448,0.000,0,1,0,0,0,0,-1,0,8,0,,0,,0,,0,0,0,1
1723521885,3843,8,8,8,8,30.392,8,0,0.11 | 0.11 | 0.11,0,1.40 | 1.75 | 2.05,0,1.95 | 2.29 | 2.85,9.448,0.000,0,1,0,0,0,0,-1,0,8,0,,0,,0,,0,0,0,1
1723521885,3843,8,8,8,8,30.392,8,0,0.11 | 0.11 | 0.11,0,1.40 | 1.75 | 2.05,0,1.95 | 2.29 | 2.85,9.448,0.000,0,1,0,0,0,0,-1,0,8,0,,0,,0,,0,0,0,1
1723521885,3843,8,8,8,8,30.392,8,0,0.11 | 0.11 | 0.11,0,1.40 | 1.75 | 2.05,0,1.95 | 2.29 | 2.85,9.448,0.000,0,1,0,0,0,0,-1,0,8,0,,0,,0,,0,0,0,1
1723521886,3843,8,8,8,8,30.392,8,0,0.11 | 0.11 | 0.11,0,1.40 | 1.75 | 2.05,0,1.95 | 2.29 | 2.85,9.448,0.000,0,1,0,0,0,0,-1,0,8,0,,0,,0,,0,0,0,1
1723521886,3843,8,8,8,8,30.392,8,0,0.11 | 0.11 | 0.11,0,1.40 | 1.75 | 2.05,0,1.95 | 2.29 | 2.85,9.448,0.000,0,1,0,0,0,0,-1,0,8,0,,0,,0,,0,0,0,1
1723521886,3843,8,8,8,8,30.392,8,0,0.11 | 0.11 | 0.11,0,1.40 | 1.75 | 2.05,0,1.95 | 2.29 | 2.85,9.448,0.000,0,1,0,0,0,0,-1,0,8,0,,0,,0,,0,0,0,1
1723521886,3843,8,8,8,8,30.392,8,0,0.11 | 0.11 | 0.11,0,1.40 | 1.75 | 2.05,0,1.95 | 2.29 | 2.85,9.448,0.000,0,1,0,0,0,0,-1,0,8,0,,0,,0,,0,0,0,1
1723521886,3843,8,8,8,8,29.329,8,0,0.11 | 0.11 | 0.11,0,1.40 | 1.75 | 2.05,0,1.95 | 2.29 | 2.85,9.448,0.000,0,1,0,0,0,0,-1,0,8,0,,0,,0,,0,0,0,1
1723521886,3843,8,8,8,8,29.329,8,0,0.11 | 0.11 | 0.11,0,1.40 | 1.75 | 2.05,0,1.95 | 2.29 | 2.85,9.448,0.000,0,1,0,0,0,0,-1,0,8,0,,0,,0,,0,0,0,1
1723521886,3843,8,8,8,8,29.329,8,0,0.11 | 0.11 | 0.11,0,1.40 | 1.75 | 2.05,0,1.95 | 2.29 | 2.85,9.448,0.000,0,1,0,0,0,0,-1,0,8,0,,0,,0,,0,0,0,1
1723521886,3843,8,8,8,8,29.329,8,0,0.11 | 0.11 | 0.11,0,1.40 | 1.75 | 2.05,0,1.95 | 2.29 | 2.85,9.448,0.000,0,1,0,0,0,0,-1,0,8,0,,0,,0,,0,0,0,1
1723521886,3843,8,8,8,8,29.329,8,0,0.11 | 0.11 | 0.11,0,1.40 | 1.75 | 2.05,0,1.95 | 2.29 | 2.85,9.448,0.000,0,1,0,0,0,0,-1,0,8,0,,0,,0,,0,0,0,1
1723521886,3843,8,8,8,8,29.329,8,0,0.11 | 0.11 | 0.11,0,1.40 | 1.75 | 2.05,0,1.95 | 2.29 | 2.85,9.448,0.000,0,1,0,0,0,0,-1,0,8,0,,0,,0,,0,0,0,1
1723521887,3843,8,8,8,8,29.329,8,0,0.11 | 0.11 | 0.11,0,1.40 | 1.75 | 2.05,0,1.95 | 2.29 | 2.85,9.448,0.000,0,1,0,0,0,0,-1,0,8,0,,0,,0,,0,0,0,1
1723521887,3843,8,8,8,8,29.329,8,0,0.11 | 0.11 | 0.11,0,1.40 | 1.75 | 2.05,0,1.95 | 2.29 | 2.85,9.448,0.000,0,1,0,0,0,0,-1,0,8,0,,0,,0,,0,0,0,1
1723521887,3843,8,8,8,8,29.329,8,0,0.11 | 0.11 | 0.11,0,1.40 | 1.75 | 2.05,0,1.95 | 2.29 | 2.85,9.448,0.000,0,1,0,0,0,0,-1,0,8,0,,0,,0,,0,0,0,1
1723521887,3843,8,8,8,8,29.329,8,0,0.11 | 0.11 | 0.11,0,1.40 | 1.75 | 2.05,0,1.95 | 2.29 | 2.85,9.448,0.000,0,1,0,0,0,0,-1,0,8,0,,0,,0,,0,0,0,1
1723521887,3843,8,8,8,8,28.263,8,0,0.11 | 0.11 | 0.11,0,1.40 | 1.75 | 2.05,0,1.95 | 2.29 | 2.85,9.448,0.000,0,1,0,0,0,0,-1,0,8,0,,0,,0,,0,0,0,1
1723521887,3843,8,8,8,8,28.263,8,0,0.11 | 0.11 | 0.11,0,1.40 | 1.75 | 2.05,0,1.95 | 2.29 | 2.85,9.448,0.000,0,1,0,0,0,0,-1,0,8,0,,0,,0,,0,0,0,1
1723521887,3843,8,8,8,8,28.263,8,0,0.11 | 0.11 | 0.11,0,1.40 | 1.75 | 2.05,0,1.95 | 2.29 | 2.85,9.448,0.000,0,1,0,0,0,0,-1,0,8,0,,0,,0,,0,0,0,1
1723521887,3843,8,8,8,8,28.263,8,0,0.11 | 0.11 | 0.11,0,1.40 | 1.75 | 2.05,0,1.95 | 2.29 | 2.85,9.448,0.000,0,1,0,0,0,0,-1,0,8,0,,0,,0,,0,0,0,1
1723521887,3843,8,8,8,8,28.263,8,0,0.11 | 0.11 | 0.11,0,1.40 | 1.75 | 2.05,0,1.95 | 2.29 | 2.85,9.448,0.000,0,1,0,0,0,0,-1,0,8,0,,0,,0,,0,0,0,1
1723521887,3843,8,8,8,8,28.263,8,0,0.11 | 0.11 | 0.11,0,1.40 | 1.75 | 2.05,0,1.95 | 2.29 | 2.85,9.448,0.000,0,1,0,0,0,0,-1,0,8,0,,0,,0,,0,0,0,1
1723521888,3843,8,8,8,8,28.263,8,0,0.11 | 0.11 | 0.11,0,1.40 | 1.75 | 2.05,0,1.95 | 2.29 | 2.85,9.448,0.000,0,1,0,0,0,0,-1,0,8,0,,0,,0,,0,0,0,1
1723521888,3843,8,8,8,8,28.263,8,0,0.11 | 0.11 | 0.11,0,1.40 | 1.75 | 2.05,0,1.95 | 2.29 | 2.85,9.448,0.000,0,1,0,0,0,0,-1,0,8,0,,0,,0,,0,0,0,1
1723521888,3843,8,8,8,8,28.263,8,0,0.11 | 0.11 | 0.11,0,1.40 | 1.75 | 2.05,0,1.95 | 2.29 | 2.85,9.448,0.000,0,1,0,0,0,0,-1,0,8,0,,0,,0,,0,0,0,1
1723521888,3843,8,8,8,8,28.263,8,0,0.11 | 0.11 | 0.11,0,1.40 | 1.75 | 2.05,0,1.95 | 2.29 | 2.85,9.448,0.000,0,1,0,0,0,0,-1,0,8,0,,0,,0,,0,0,0,1
1723521888,3843,8,8,8,8,30.404,8,0,0.11 | 0.11 | 0.11,0,1.40 | 1.72 | 2.05,0,1.95 | 2.33 | 2.87,9.404,0.000,0,1,0,0,0,0,-1,0,8,0,,0,,0,,0,0,0,1
1723521888,3843,8,8,8,8,30.404,8,0,0.11 | 0.11 | 0.11,0,1.40 | 1.72 | 2.05,0,1.95 | 2.33 | 2.87,9.404,0.000,0,1,0,0,0,0,-1,0,8,0,,0,,0,,0,0,0,1
1723521888,3843,8,8,8,8,30.404,8,0,0.11 | 0.11 | 0.11,0,1.40 | 1.72 | 2.05,0,1.95 | 2.33 | 2.87,9.404,0.000,0,1,0,0,0,0,-1,0,8,0,,0,,0,,0,0,0,1
1723521888,3843,8,8,8,8,30.404,8,0,0.11 | 0.11 | 0.11,0,1.40 | 1.72 | 2.05,0,1.95 | 2.33 | 2.87,9.404,0.000,0,1,0,0,0,0,-1,0,8,0,,0,,0,,0,0,0,1
1723521888,3843,8,8,8,8,30.404,8,0,0.11 | 0.11 | 0.11,0,1.40 | 1.72 | 2.05,0,1.95 | 2.33 | 2.87,9.404,0.000,0,1,0,0,0,0,-1,0,8,0,,0,,0,,0,0,0,1
1723521888,3843,8,8,8,8,30.404,8,0,0.11 | 0.11 | 0.11,0,1.40 | 1.72 | 2.05,0,1.95 | 2.33 | 2.87,9.404,0.000,0,1,0,0,0,0,-1,0,8,0,,0,,0,,0,0,0,1
1723521889,3843,8,8,8,8,30.404,8,0,0.11 | 0.11 | 0.11,0,1.40 | 1.72 | 2.05,0,1.95 | 2.33 | 2.87,9.404,0.000,0,1,0,0,0,0,-1,0,8,0,,0,,0,,0,0,0,1
1723521889,3843,8,8,8,8,30.404,8,0,0.11 | 0.11 | 0.11,0,1.40 | 1.72 | 2.05,0,1.95 | 2.33 | 2.87,9.404,0.000,0,1,0,0,0,0,-1,0,8,0,,0,,0,,0,0,0,1
1723521889,3843,8,8,8,8,30.404,8,0,0.11 | 0.11 | 0.11,0,1.40 | 1.72 | 2.05,0,1.95 | 2.33 | 2.87,9.404,0.000,0,1,0,0,0,0,-1,0,8,0,,0,,0,,0,0,0,1
1723521889,3843,8,8,8,8,30.404,8,0,0.11 | 0.11 | 0.11,0,1.40 | 1.72 | 2.05,0,1.95 | 2.33 | 2.87,9.404,0.000,0,1,0,0,0,0,-1,0,8,0,,0,,0,,0,0,0,1
1723521889,3843,8,8,8,8,29.608,8,0,0.11 | 0.11 | 0.11,0,1.40 | 1.72 | 2.05,0,1.95 | 2.33 | 2.87,9.404,0.000,0,1,0,0,0,0,-1,0,8,0,,0,,0,,0,0,0,1
1723521889,3843,8,8,8,8,29.608,8,0,0.11 | 0.11 | 0.11,0,1.40 | 1.72 | 2.05,0,1.95 | 2.33 | 2.87,9.404,0.000,0,1,0,0,0,0,-1,0,8,0,,0,,0,,0,0,0,1
1723521889,3843,8,8,8,8,29.608,8,0,0.11 | 0.11 | 0.11,0,1.40 | 1.72 | 2.05,0,1.95 | 2.33 | 2.87,9.404,0.000,0,1,0,0,0,0,-1,0,8,0,,0,,0,,0,0,0,1
1723521889,3843,8,8,8,8,29.608,8,0,0.11 | 0.11 | 0.11,0,1.40 | 1.72 | 2.05,0,1.95 | 2.33 | 2.87,9.404,0.000,0,1,0,0,0,0,-1,0,8,0,,0,,0,,0,0,0,1
1723521889,3843,8,8,8,8,29.608,8,0,0.11 | 0.11 | 0.11,0,1.40 | 1.72 | 2.05,0,1.95 | 2.33 | 2.87,9.404,0.000,0,1,0,0,0,0,-1,0,8,0,,0,,0,,0,0,0,1
1723521889,3843,8,8,8,8,29.608,8,0,0.11 | 0.11 | 0.11,0,1.40 | 1.72 | 2.05,0,1.95 | 2.33 | 2.87,9.404,0.000,0,1,0,0,0,0,-1,0,8,0,,0,,0,,0,0,0,1
1723521890,3843,8,8,8,8,29.608,8,0,0.11 | 0.11 | 0.11,0,1.40 | 1.72 | 2.05,0,1.95 | 2.33 | 2.87,9.404,0.000,0,1,0,0,0,0,-1,0,8,0,,0,,0,,0,0,0,1
1723521890,3843,8,8,8,8,29.608,8,0,0.11 | 0.11 | 0.11,0,1.40 | 1.72 | 2.05,0,1.95 | 2.33 | 2.87,9.404,0.000,0,1,0,0,0,0,-1,0,8,0,,0,,0,,0,0,0,1
1723521890,3843,8,8,8,8,29.608,8,0,0.11 | 0.11 | 0.11,0,1.40 | 1.72 | 2.05,0,1.95 | 2.33 | 2.87,9.404,0.000,0,1,0,0,0,0,-1,0,8,0,,0,,0,,0,0,0,1
1723521890,3843,8,8,8,8,29.608,8,0,0.11 | 0.11 | 0.11,0,1.40 | 1.72 | 2.05,0,1.95 | 2.33 | 2.87,9.404,0.000,0,1,0,0,0,0,-1,0,8,0,,0,,0,,0,0,0,1
1723521890,3843,8,8,8,8,28.385,8,0,0.11 | 0.11 | 0.11,0,1.40 | 1.72 | 2.05,0,1.95 | 2.33 | 2.87,9.404,0.000,0,1,0,0,0,0,-1,0,8,0,,0,,0,,0,0,0,1
1723521890,3843,8,8,8,8,28.385,8,0,0.11 | 0.11 | 0.11,0,1.40 | 1.72 | 2.05,0,1.95 | 2.33 | 2.87,9.404,0.000,0,1,0,0,0,0,-1,0,8,0,,0,,0,,0,0,0,1
1723521890,3843,8,8,8,8,28.385,8,0,0.11 | 0.11 | 0.11,0,1.40 | 1.72 | 2.05,0,1.95 | 2.33 | 2.87,9.404,0.000,0,1,0,0,0,0,-1,0,8,0,,0,,0,,0,0,0,1
1723521890,3843,8,8,8,8,28.385,8,0,0.11 | 0.11 | 0.11,0,1.40 | 1.72 | 2.05,0,1.95 | 2.33 | 2.87,9.404,0.000,0,1,0,0,0,0,-1,0,8,0,,0,,0,,0,0,0,1
1723521890,3843,8,8,8,8,28.385,8,0,0.11 | 0.11 | 0.11,0,1.40 | 1.72 | 2.05,0,1.95 | 2.33 | 2.87,9.404,0.000,0,1,0,0,0,0,-1,0,8,0,,0,,0,,0,0,0,1
1723521890,3843,8,8,8,8,28.385,8,0,0.11 | 0.11 | 0.11,0,1.40 | 1.72 | 2.05,0,1.95 | 2.33 | 2.87,9.404,0.000,0,1,0,0,0,0,-1,0,8,0,,0,,0,,0,0,0,1
1723521891,3843,8,8,8,8,28.385,8,0,0.11 | 0.11 | 0.11,0,1.40 | 1.72 | 2.05,0,1.95 | 2.33 | 2.87,9.404,0.000,0,1,0,0,0,0,-1,0,8,0,,0,,0,,0,0,0,1
1723521891,3843,8,8,8,8,28.385,8,0,0.11 | 0.11 | 0.11,0,1.40 | 1.72 | 2.05,0,1.95 | 2.33 | 2.87,9.404,0.000,0,1,0,0,0,0,-1,0,8,0,,0,,0,,0,0,0,1
1723521891,3843,8,8,8,8,28.385,8,0,0.11 | 0.11 | 0.11,0,1.40 | 1.72 | 2.05,0,1.95 | 2.33 | 2.87,9.404,0.000,0,1,0,0,0,0,-1,0,8,0,,0,,0,,0,0,0,1
1723521891,3843,8,8,8,8,28.385,8,0,0.11 | 0.11 | 0.11,0,1.40 | 1.72 | 2.05,0,1.95 | 2.33 | 2.87,9.404,0.000,0,1,0,0,0,0,-1,0,8,0,,0,,0,,0,0,0,1
1723521891,3843,8,8,8,8,32.283,8,0,0.11 | 0.11 | 0.11,0,1.40 | 1.71 | 2.02,0,1.98 | 2.35 | 2.87,9.405,0.000,0,1,0,0,0,0,-1,0,8,0,,0,,0,,0,0,0,1
1723521891,3843,8,8,8,8,32.283,8,0,0.11 | 0.11 | 0.11,0,1.40 | 1.71 | 2.02,0,1.98 | 2.35 | 2.87,9.405,0.000,0,1,0,0,0,0,-1,0,8,0,,0,,0,,0,0,0,1
1723521891,3843,8,8,8,8,32.283,8,0,0.11 | 0.11 | 0.11,0,1.40 | 1.71 | 2.02,0,1.98 | 2.35 | 2.87,9.405,0.000,0,1,0,0,0,0,-1,0,8,0,,0,,0,,0,0,0,1
1723521891,3843,8,8,8,8,32.283,8,0,0.11 | 0.11 | 0.11,0,1.40 | 1.71 | 2.02,0,1.98 | 2.35 | 2.87,9.405,0.000,0,1,0,0,0,0,-1,0,8,0,,0,,0,,0,0,0,1
1723521891,3843,8,8,8,8,32.283,8,0,0.11 | 0.11 | 0.11,0,1.40 | 1.71 | 2.02,0,1.98 | 2.35 | 2.87,9.405,0.000,0,1,0,0,0,0,-1,0,8,0,,0,,0,,0,0,0,1
1723521891,3843,8,8,8,8,32.283,8,0,0.11 | 0.11 | 0.11,0,1.40 | 1.71 | 2.02,0,1.98 | 2.35 | 2.87,9.405,0.000,0,1,0,0,0,0,-1,0,8,0,,0,,0,,0,0,0,1
1723521892,3843,8,8,8,8,32.283,8,0,0.11 | 0.11 | 0.11,0,1.40 | 1.71 | 2.02,0,1.98 | 2.35 | 2.87,9.405,0.000,0,1,0,0,0,0,-1,0,8,0,,0,,0,,0,0,0,1
1723521892,3843,8,8,8,8,32.283,8,0,0.11 | 0.11 | 0.11,0,1.40 | 1.71 | 2.02,0,1.98 | 2.35 | 2.87,9.405,0.000,0,1,0,0,0,0,-1,0,8,0,,0,,0,,0,0,0,1
1723521892,3843,8,8,8,8,32.283,8,0,0.11 | 0.11 | 0.11,0,1.40 | 1.71 | 2.02,0,1.98 | 2.35 | 2.87,9.405,0.000,0,1,0,0,0,0,-1,0,8,0,,0,,0,,0,0,0,1
1723521892,3843,8,8,8,8,32.283,8,0,0.11 | 0.11 | 0.11,0,1.40 | 1.71 | 2.02,0,1.98 | 2.35 | 2.87,9.405,0.000,0,1,0,0,0,0,-1,0,8,0,,0,,0,,0,0,0,1
1723521892,3843,8,8,8,8,31.22,8,0,0.11 | 0.11 | 0.11,0,1.40 | 1.71 | 2.02,0,1.98 | 2.35 | 2.87,9.405,0.000,0,1,0,0,0,0,-1,0,8,0,,0,,0,,0,0,0,1
1723521892,3843,8,8,8,8,31.22,8,0,0.11 | 0.11 | 0.11,0,1.40 | 1.71 | 2.02,0,1.98 | 2.35 | 2.87,9.405,0.000,0,1,0,0,0,0,-1,0,8,0,,0,,0,,0,0,0,1
1723521892,3843,8,8,8,8,31.22,8,0,0.11 | 0.11 | 0.11,0,1.40 | 1.71 | 2.02,0,1.98 | 2.35 | 2.87,9.405,0.000,0,1,0,0,0,0,-1,0,8,0,,0,,0,,0,0,0,1
1723521892,3843,8,8,8,8,31.22,8,0,0.11 | 0.11 | 0.11,0,1.40 | 1.71 | 2.02,0,1.98 | 2.35 | 2.87,9.405,0.000,0,1,0,0,0,0,-1,0,8,0,,0,,0,,0,0,0,1
1723521892,3843,8,8,8,8,31.22,8,0,0.11 | 0.11 | 0.11,0,1.40 | 1.71 | 2.02,0,1.98 | 2.35 | 2.87,9.405,0.000,0,1,0,0,0,0,-1,0,8,0,,0,,0,,0,0,0,1
1723521892,3843,8,8,8,8,31.22,8,0,0.11 | 0.11 | 0.11,0,1.40 | 1.71 | 2.02,0,1.98 | 2.35 | 2.87,9.405,0.000,0,1,0,0,0,0,-1,0,8,0,,0,,0,,0,0,0,1
1723521893,3843,8,8,8,8,31.22,8,0,0.11 | 0.11 | 0.11,0,1.40 | 1.71 | 2.02,0,1.98 | 2.35 | 2.87,9.405,0.000,0,1,0,0,0,0,-1,0,8,0,,0,,0,,0,0,0,1
1723521893,3843,8,8,8,8,31.22,8,0,0.11 | 0.11 | 0.11,0,1.40 | 1.71 | 2.02,0,1.98 | 2.35 | 2.87,9.405,0.000,0,1,0,0,0,0,-1,0,8,0,,0,,0,,0,0,0,1
1723521893,3843,8,8,8,8,31.22,8,0,0.11 | 0.11 | 0.11,0,1.40 | 1.71 | 2.02,0,1.98 | 2.35 | 2.87,9.405,0.000,0,1,0,0,0,0,-1,0,8,0,,0,,0,,0,0,0,1
1723521893,3843,8,8,8,8,31.22,8,0,0.11 | 0.11 | 0.11,0,1.40 | 1.71 | 2.02,0,1.98 | 2.35 | 2.87,9.405,0.000,0,1,0,0,0,0,-1,0,8,0,,0,,0,,0,0,0,1
