ts,videoBitrate,videoIndex,videoPendingIndex,videoPendingMaxIndex,videoMaxIndex,videoBufferLength,videoDroppedFrames,videoLatencyCount,videoLatency,videoDownloadCount,videoDownload,videoRatioCount,videoRatio,videoMtp,videoEtp,videoLiveLatency,videoPlaybackRate,audioBitrate,audioIndex,audioPendingIndex,audioPendingMaxIndex,audioMaxIndex,audioBufferLength,audioDroppedFrames,audioLatencyCount,audioLatency,audioDownloadCount,audioDownload,audioRatioCount,audioRatio,audioMtp,audioEtp,audioLiveLatency,audioPlaybackRate
1723314233,3843,8,8,8,8,7.637,0,0,0.11 | 0.11 | 0.11,0,0.11 | 0.26 | 0.41,0,9.83 | 15.44 | 36.04,15.650,0.000,0,1,0,0,0,0,-1,0,0,0,,0,,0,,0,0,0,1
1723314234,3843,8,8,8,8,7.637,0,0,0.11 | 0.11 | 0.11,0,0.11 | 0.26 | 0.41,0,9.83 | 15.44 | 36.04,15.650,0.000,0,1,0,0,0,0,-1,0,0,0,,0,,0,,0,0,0,1
1723314234,3843,8,8,8,8,7.637,0,0,0.11 | 0.11 | 0.11,0,0.11 | 0.26 | 0.41,0,9.83 | 15.44 | 36.04,15.650,0.000,0,1,0,0,0,0,-1,0,0,0,,0,,0,,0,0,0,1
1723314234,3843,8,8,8,8,7.637,0,0,0.11 | 0.11 | 0.11,0,0.11 | 0.26 | 0.41,0,9.83 | 15.44 | 36.04,15.650,0.000,0,1,0,0,0,0,-1,0,0,0,,0,,0,,0,0,0,1
1723314234,3843,8,8,8,8,7.637,0,0,0.11 | 0.11 | 0.11,0,0.11 | 0.26 | 0.41,0,9.83 | 15.44 | 36.04,15.650,0.000,0,1,0,0,0,0,-1,0,0,0,,0,,0,,0,0,0,1
1723314234,3843,8,8,8,8,7.637,0,0,0.11 | 0.11 | 0.11,0,0.11 | 0.26 | 0.41,0,9.83 | 15.44 | 36.04,15.650,0.000,0,1,0,0,0,0,-1,0,0,0,,0,,0,,0,0,0,1
1723314234,3843,8,8,8,8,7.637,0,0,0.11 | 0.11 | 0.11,0,0.11 | 0.26 | 0.41,0,9.83 | 15.44 | 36.04,15.650,0.000,0,1,0,0,0,0,-1,0,0,0,,0,,0,,0,0,0,1
1723314234,3843,8,8,8,8,7.637,0,0,0.11 | 0.11 | 0.11,0,0.11 | 0.26 | 0.41,0,9.83 | 15.44 | 36.04,15.650,0.000,0,1,0,0,0,0,-1,0,0,0,,0,,0,,0,0,0,1
1723314234,3843,8,8,8,8,7.637,0,0,0.11 | 0.11 | 0.11,0,0.11 | 0.26 | 0.41,0,9.83 | 15.44 | 36.04,15.650,0.000,0,1,0,0,0,0,-1,0,0,0,,0,,0,,0,0,0,1
1723314234,3843,8,8,8,8,7.637,0,0,0.11 | 0.11 | 0.11,0,0.11 | 0.26 | 0.41,0,9.83 | 15.44 | 36.04,15.650,0.000,0,1,0,0,0,0,-1,0,0,0,,0,,0,,0,0,0,1
1723314234,3843,8,8,8,8,6.715,0,0,0.11 | 0.11 | 0.11,0,0.11 | 0.26 | 0.41,0,9.83 | 15.44 | 36.04,15.650,0.000,0,1,0,0,0,0,-1,0,0,0,,0,,0,,0,0,0,1
1723314235,3843,8,8,8,8,6.715,0,0,0.11 | 0.11 | 0.11,0,0.11 | 0.26 | 0.41,0,9.83 | 15.44 | 36.04,15.650,0.000,0,1,0,0,0,0,-1,0,0,0,,0,,0,,0,0,0,1
1723314235,3843,8,8,8,8,6.715,0,0,0.11 | 0.11 | 0.11,0,0.11 | 0.26 | 0.41,0,9.83 | 15.44 | 36.04,15.650,0.000,0,1,0,0,0,0,-1,0,0,0,,0,,0,,0,0,0,1
1723314235,3843,8,8,8,8,6.715,0,0,0.11 | 0.11 | 0.11,0,0.11 | 0.26 | 0.41,0,9.83 | 15.44 | 36.04,15.650,0.000,0,1,0,0,0,0,-1,0,0,0,,0,,0,,0,0,0,1
1723314235,3843,8,8,8,8,6.715,0,0,0.11 | 0.11 | 0.11,0,0.11 | 0.26 | 0.41,0,9.83 | 15.44 | 36.04,15.650,0.000,0,1,0,0,0,0,-1,0,0,0,,0,,0,,0,0,0,1
1723314235,3843,8,8,8,8,6.715,0,0,0.11 | 0.11 | 0.11,0,0.11 | 0.26 | 0.41,0,9.83 | 15.44 | 36.04,15.650,0.000,0,1,0,0,0,0,-1,0,0,0,,0,,0,,0,0,0,1
1723314235,3843,8,8,8,8,6.715,0,0,0.11 | 0.11 | 0.11,0,0.11 | 0.26 | 0.41,0,9.83 | 15.44 | 36.04,15.650,0.000,0,1,0,0,0,0,-1,0,0,0,,0,,0,,0,0,0,1
1723314235,3843,8,8,8,8,6.715,0,0,0.11 | 0.11 | 0.11,0,0.11 | 0.26 | 0.41,0,9.83 | 15.44 | 36.04,15.650,0.000,0,1,0,0,0,0,-1,0,0,0,,0,,0,,0,0,0,1
1723314235,3843,8,8,8,8,6.715,0,0,0.11 | 0.11 | 0.11,0,0.11 | 0.26 | 0.41,0,9.83 | 15.44 | 36.04,15.650,0.000,0,1,0,0,0,0,-1,0,0,0,,0,,0,,0,0,0,1
1723314235,3843,8,8,8,8,6.715,0,0,0.11 | 0.11 | 0.11,0,0.11 | 0.26 | 0.41,0,9.83 | 15.44 | 36.04,15.650,0.000,0,1,0,0,0,0,-1,0,0,0,,0,,0,,0,0,0,1
1723314235,3843,8,8,8,8,13.653,0,0,0.11 | 0.11 | 0.11,0,0.11 | 0.59 | 1.17,0,3.41 | 6.82 | 36.04,17.328,0.000,0,1,0,0,0,0,-1,0,0,0,,0,,0,,0,0,0,1
1723314236,3843,8,8,8,8,13.653,0,0,0.11 | 0.11 | 0.11,0,0.11 | 0.59 | 1.17,0,3.41 | 6.82 | 36.04,17.328,0.000,0,1,0,0,0,0,-1,0,0,0,,0,,0,,0,0,0,1
1723314236,3843,8,8,8,8,13.653,0,0,0.11 | 0.11 | 0.11,0,0.11 | 0.59 | 1.17,0,3.41 | 6.82 | 36.04,17.328,0.000,0,1,0,0,0,0,-1,0,0,0,,0,,0,,0,0,0,1
1723314236,3843,8,8,8,8,13.653,0,0,0.11 | 0.11 | 0.11,0,0.11 | 0.59 | 1.17,0,3.41 | 6.82 | 36.04,17.328,0.000,0,1,0,0,0,0,-1,0,0,0,,0,,0,,0,0,0,1
1723314236,3843,8,8,8,8,13.653,0,0,0.11 | 0.11 | 0.11,0,0.11 | 0.59 | 1.17,0,3.41 | 6.82 | 36.04,17.328,0.000,0,1,0,0,0,0,-1,0,0,0,,0,,0,,0,0,0,1
1723314236,3843,8,8,8,8,13.653,0,0,0.11 | 0.11 | 0.11,0,0.11 | 0.59 | 1.17,0,3.41 | 6.82 | 36.04,17.328,0.000,0,1,0,0,0,0,-1,0,0,0,,0,,0,,0,0,0,1
1723314236,3843,8,8,8,8,13.653,0,0,0.11 | 0.11 | 0.11,0,0.11 | 0.59 | 1.17,0,3.41 | 6.82 | 36.04,17.328,0.000,0,1,0,0,0,0,-1,0,0,0,,0,,0,,0,0,0,1
1723314236,3843,8,8,8,8,13.653,0,0,0.11 | 0.11 | 0.11,0,0.11 | 0.59 | 1.17,0,3.41 | 6.82 | 36.04,17.328,0.000,0,1,0,0,0,0,-1,0,0,0,,0,,0,,0,0,0,1
1723314236,3843,8,8,8,8,13.653,0,0,0.11 | 0.11 | 0.11,0,0.11 | 0.59 | 1.17,0,3.41 | 6.82 | 36.04,17.328,0.000,0,1,0,0,0,0,-1,0,0,0,,0,,0,,0,0,0,1
1723314236,3843,8,8,8,8,13.653,0,0,0.11 | 0.11 | 0.11,0,0.11 | 0.59 | 1.17,0,3.41 | 6.82 | 36.04,17.328,0.000,0,1,0,0,0,0,-1,0,0,0,,0,,0,,0,0,0,1
1723314236,3843,8,8,8,8,17.39,0,0,0.11 | 0.11 | 0.11,0,0.11 | 0.70 | 1.17,0,3.41 | 5.72 | 36.04,19.135,0.000,0,1,0,0,0,0,-1,0,0,0,,0,,0,,0,0,0,1
1723314237,3843,8,8,8,8,17.39,0,0,0.11 | 0.11 | 0.11,0,0.11 | 0.70 | 1.17,0,3.41 | 5.72 | 36.04,19.135,0.000,0,1,0,0,0,0,-1,0,0,0,,0,,0,,0,0,0,1
1723314237,3843,8,8,8,8,17.39,0,0,0.11 | 0.11 | 0.11,0,0.11 | 0.70 | 1.17,0,3.41 | 5.72 | 36.04,19.135,0.000,0,1,0,0,0,0,-1,0,0,0,,0,,0,,0,0,0,1
1723314237,3843,8,8,8,8,17.39,0,0,0.11 | 0.11 | 0.11,0,0.11 | 0.70 | 1.17,0,3.41 | 5.72 | 36.04,19.135,0.000,0,1,0,0,0,0,-1,0,0,0,,0,,0,,0,0,0,1
1723314237,3843,8,8,8,8,17.39,0,0,0.11 | 0.11 | 0.11,0,0.11 | 0.70 | 1.17,0,3.41 | 5.72 | 36.04,19.135,0.000,0,1,0,0,0,0,-1,0,0,0,,0,,0,,0,0,0,1
1723314237,3843,8,8,8,8,17.39,0,0,0.11 | 0.11 | 0.11,0,0.11 | 0.70 | 1.17,0,3.41 | 5.72 | 36.04,19.135,0.000,0,1,0,0,0,0,-1,0,0,0,,0,,0,,0,0,0,1
1723314237,3843,8,8,8,8,17.39,0,0,0.11 | 0.11 | 0.11,0,0.11 | 0.70 | 1.17,0,3.41 | 5.72 | 36.04,19.135,0.000,0,1,0,0,0,0,-1,0,0,0,,0,,0,,0,0,0,1
1723314237,3843,8,8,8,8,17.39,0,0,0.11 | 0.11 | 0.11,0,0.11 | 0.70 | 1.17,0,3.41 | 5.72 | 36.04,19.135,0.000,0,1,0,0,0,0,-1,0,0,0,,0,,0,,0,0,0,1
1723314237,3843,8,8,8,8,17.39,0,0,0.11 | 0.11 | 0.11,0,0.11 | 0.70 | 1.17,0,3.41 | 5.72 | 36.04,19.135,0.000,0,1,0,0,0,0,-1,0,0,0,,0,,0,,0,0,0,1
1723314237,3843,8,8,8,8,17.39,0,0,0.11 | 0.11 | 0.11,0,0.11 | 0.70 | 1.17,0,3.41 | 5.72 | 36.04,19.135,0.000,0,1,0,0,0,0,-1,0,0,0,,0,,0,,0,0,0,1
1723314237,3843,8,8,8,8,19.684,0,0,0.11 | 0.11 | 0.11,0,0.66 | 0.86 | 1.17,0,3.41 | 4.65 | 6.11,18.997,0.000,0,1,0,0,0,0,-1,0,0,0,,0,,0,,0,0,0,1
1723314238,3843,8,8,8,8,19.684,0,0,0.11 | 0.11 | 0.11,0,0.66 | 0.86 | 1.17,0,3.41 | 4.65 | 6.11,18.997,0.000,0,1,0,0,0,0,-1,0,0,0,,0,,0,,0,0,0,1
1723314238,3843,8,8,8,8,19.684,0,0,0.11 | 0.11 | 0.11,0,0.66 | 0.86 | 1.17,0,3.41 | 4.65 | 6.11,18.997,0.000,0,1,0,0,0,0,-1,0,0,0,,0,,0,,0,0,0,1
1723314238,3843,8,8,8,8,19.684,0,0,0.11 | 0.11 | 0.11,0,0.66 | 0.86 | 1.17,0,3.41 | 4.65 | 6.11,18.997,0.000,0,1,0,0,0,0,-1,0,0,0,,0,,0,,0,0,0,1
1723314238,3843,8,8,8,8,19.684,0,0,0.11 | 0.11 | 0.11,0,0.66 | 0.86 | 1.17,0,3.41 | 4.65 | 6.11,18.997,0.000,0,1,0,0,0,0,-1,0,0,0,,0,,0,,0,0,0,1
1723314238,3843,8,8,8,8,19.684,0,0,0.11 | 0.11 | 0.11,0,0.66 | 0.86 | 1.17,0,3.41 | 4.65 | 6.11,18.997,0.000,0,1,0,0,0,0,-1,0,0,0,,0,,0,,0,0,0,1
1723314238,3843,8,8,8,8,19.684,0,0,0.11 | 0.11 | 0.11,0,0.66 | 0.86 | 1.17,0,3.41 | 4.65 | 6.11,18.997,0.000,0,1,0,0,0,0,-1,0,0,0,,0,,0,,0,0,0,1
1723314238,3843,8,8,8,8,19.684,0,0,0.11 | 0.11 | 0.11,0,0.66 | 0.86 | 1.17,0,3.41 | 4.65 | 6.11,18.997,0.000,0,1,0,0,0,0,-1,0,0,0,,0,,0,,0,0,0,1
1723314238,3843,8,8,8,8,19.684,0,0,0.11 | 0.11 | 0.11,0,0.66 | 0.86 | 1.17,0,3.41 | 4.65 | 6.11,18.997,0.000,0,1,0,0,0,0,-1,0,0,0,,0,,0,,0,0,0,1
1723314238,3843,8,8,8,8,19.684,0,0,0.11 | 0.11 | 0.11,0,0.66 | 0.86 | 1.17,0,3.41 | 4.65 | 6.11,18.997,0.000,0,1,0,0,0,0,-1,0,0,0,,0,,0,,0,0,0,1
1723314238,3843,8,8,8,8,23.406,0,0,0.11 | 0.11 | 0.11,0,0.66 | 0.79 | 0.88,0,4.55 | 5.08 | 6.11,18.989,0.000,0,1,0,0,0,0,-1,0,0,0,,0,,0,,0,0,0,1
1723314239,3843,8,8,8,8,23.406,0,0,0.11 | 0.11 | 0.11,0,0.66 | 0.79 | 0.88,0,4.55 | 5.08 | 6.11,18.989,0.000,0,1,0,0,0,0,-1,0,0,0,,0,,0,,0,0,0,1
1723314239,3843,8,8,8,8,23.406,0,0,0.11 | 0.11 | 0.11,0,0.66 | 0.79 | 0.88,0,4.55 | 5.08 | 6.11,18.989,0.000,0,1,0,0,0,0,-1,0,0,0,,0,,0,,0,0,0,1
1723314239,3843,8,8,8,8,23.406,0,0,0.11 | 0.11 | 0.11,0,0.66 | 0.79 | 0.88,0,4.55 | 5.08 | 6.11,18.989,0.000,0,1,0,0,0,0,-1,0,0,0,,0,,0,,0,0,0,1
1723314239,3843,8,8,8,8,23.406,0,0,0.11 | 0.11 | 0.11,0,0.66 | 0.79 | 0.88,0,4.55 | 5.08 | 6.11,18.989,0.000,0,1,0,0,0,0,-1,0,0,0,,0,,0,,0,0,0,1
1723314239,3843,8,8,8,8,23.406,0,0,0.11 | 0.11 | 0.11,0,0.66 | 0.79 | 0.88,0,4.55 | 5.08 | 6.11,18.989,0.000,0,1,0,0,0,0,-1,0,0,0,,0,,0,,0,0,0,1
1723314239,3843,8,8,8,8,23.406,0,0,0.11 | 0.11 | 0.11,0,0.66 | 0.79 | 0.88,0,4.55 | 5.08 | 6.11,18.989,0.000,0,1,0,0,0,0,-1,0,0,0,,0,,0,,0,0,0,1
1723314239,3843,8,8,8,8,23.406,0,0,0.11 | 0.11 | 0.11,0,0.66 | 0.79 | 0.88,0,4.55 | 5.08 | 6.11,18.989,0.000,0,1,0,0,0,0,-1,0,0,0,,0,,0,,0,0,0,1
1723314239,3843,8,8,8,8,23.406,0,0,0.11 | 0.11 | 0.11,0,0.66 | 0.79 | 0.88,0,4.55 | 5.08 | 6.11,18.989,0.000,0,1,0,0,0,0,-1,0,0,0,,0,,0,,0,0,0,1
1723314239,3843,8,8,8,8,23.406,0,0,0.11 | 0.11 | 0.11,0,0.66 | 0.79 | 0.88,0,4.55 | 5.08 | 6.11,18.989,0.000,0,1,0,0,0,0,-1,0,0,0,,0,,0,,0,0,0,1
1723314239,3843,8,8,8,8,25.668,0,0,0.11 | 0.11 | 0.11,0,0.68 | 0.79 | 0.88,0,4.55 | 5.04 | 5.90,18.999,0.000,0,1,0,0,0,0,-1,0,0,0,,0,,0,,0,0,0,1
1723314240,3843,8,8,8,8,25.668,0,0,0.11 | 0.11 | 0.11,0,0.68 | 0.79 | 0.88,0,4.55 | 5.04 | 5.90,18.999,0.000,0,1,0,0,0,0,-1,0,0,0,,0,,0,,0,0,0,1
1723314240,3843,8,8,8,8,25.668,0,0,0.11 | 0.11 | 0.11,0,0.68 | 0.79 | 0.88,0,4.55 | 5.04 | 5.90,18.999,0.000,0,1,0,0,0,0,-1,0,0,0,,0,,0,,0,0,0,1
1723314240,3843,8,8,8,8,25.668,0,0,0.11 | 0.11 | 0.11,0,0.68 | 0.79 | 0.88,0,4.55 | 5.04 | 5.90,18.999,0.000,0,1,0,0,0,0,-1,0,0,0,,0,,0,,0,0,0,1
1723314240,3843,8,8,8,8,25.668,0,0,0.11 | 0.11 | 0.11,0,0.68 | 0.79 | 0.88,0,4.55 | 5.04 | 5.90,18.999,0.000,0,1,0,0,0,0,-1,0,0,0,,0,,0,,0,0,0,1
1723314240,3843,8,8,8,8,25.668,0,0,0.11 | 0.11 | 0.11,0,0.68 | 0.79 | 0.88,0,4.55 | 5.04 | 5.90,18.999,0.000,0,1,0,0,0,0,-1,0,0,0,,0,,0,,0,0,0,1
1723314240,3843,8,8,8,8,25.668,0,0,0.11 | 0.11 | 0.11,0,0.68 | 0.79 | 0.88,0,4.55 | 5.04 | 5.90,18.999,0.000,0,1,0,0,0,0,-1,0,0,0,,0,,0,,0,0,0,1
1723314240,3843,8,8,8,8,25.668,0,0,0.11 | 0.11 | 0.11,0,0.68 | 0.79 | 0.88,0,4.55 | 5.04 | 5.90,18.999,0.000,0,1,0,0,0,0,-1,0,0,0,,0,,0,,0,0,0,1
1723314240,3843,8,8,8,8,25.668,0,0,0.11 | 0.11 | 0.11,0,0.68 | 0.79 | 0.88,0,4.55 | 5.04 | 5.90,18.999,0.000,0,1,0,0,0,0,-1,0,0,0,,0,,0,,0,0,0,1
1723314240,3843,8,8,8,8,25.668,0,0,0.11 | 0.11 | 0.11,0,0.68 | 0.79 | 0.88,0,4.55 | 5.04 | 5.90,18.999,0.000,0,1,0,0,0,0,-1,0,0,0,,0,,0,,0,0,0,1
1723314240,3843,8,8,8,8,29.404,0,0,0.11 | 0.11 | 0.11,0,0.68 | 0.83 | 1.00,0,3.99 | 4.82 | 5.90,18.983,0.000,0,1,0,0,0,0,-1,0,0,0,,0,,0,,0,0,0,1
1723314241,3843,8,8,8,8,29.404,0,0,0.11 | 0.11 | 0.11,0,0.68 | 0.83 | 1.00,0,3.99 | 4.82 | 5.90,18.983,0.000,0,1,0,0,0,0,-1,0,0,0,,0,,0,,0,0,0,1
1723314241,3843,8,8,8,8,29.404,0,0,0.11 | 0.11 | 0.11,0,0.68 | 0.83 | 1.00,0,3.99 | 4.82 | 5.90,18.983,0.000,0,1,0,0,0,0,-1,0,0,0,,0,,0,,0,0,0,1
1723314241,3843,8,8,8,8,29.404,0,0,0.11 | 0.11 | 0.11,0,0.68 | 0.83 | 1.00,0,3.99 | 4.82 | 5.90,18.983,0.000,0,1,0,0,0,0,-1,0,0,0,,0,,0,,0,0,0,1
1723314241,3843,8,8,8,8,29.404,0,0,0.11 | 0.11 | 0.11,0,0.68 | 0.83 | 1.00,0,3.99 | 4.82 | 5.90,18.983,0.000,0,1,0,0,0,0,-1,0,0,0,,0,,0,,0,0,0,1
1723314241,3843,8,8,8,8,29.404,0,0,0.11 | 0.11 | 0.11,0,0.68 | 0.83 | 1.00,0,3.99 | 4.82 | 5.90,18.983,0.000,0,1,0,0,0,0,-1,0,0,0,,0,,0,,0,0,0,1
1723314241,3843,8,8,8,8,29.404,0,0,0.11 | 0.11 | 0.11,0,0.68 | 0.83 | 1.00,0,3.99 | 4.82 | 5.90,18.983,0.000,0,1,0,0,0,0,-1,0,0,0,,0,,0,,0,0,0,1
1723314241,3843,8,8,8,8,29.404,0,0,0.11 | 0.11 | 0.11,0,0.68 | 0.83 | 1.00,0,3.99 | 4.82 | 5.90,18.983,0.000,0,1,0,0,0,0,-1,0,0,0,,0,,0,,0,0,0,1
1723314241,3843,8,8,8,8,29.404,0,0,0.11 | 0.11 | 0.11,0,0.68 | 0.83 | 1.00,0,3.99 | 4.82 | 5.90,18.983,0.000,0,1,0,0,0,0,-1,0,0,0,,0,,0,,0,0,0,1
1723314241,3843,8,8,8,8,29.404,0,0,0.11 | 0.11 | 0.11,0,0.68 | 0.83 | 1.00,0,3.99 | 4.82 | 5.90,18.983,0.000,0,1,0,0,0,0,-1,0,0,0,,0,,0,,0,0,0,1
1723314241,3843,8,8,8,8,31.809,0,0,0.11 | 0.11 | 0.11,0,0.63 | 0.80 | 1.00,0,3.99 | 5.02 | 6.38,18.992,0.000,0,1,0,0,0,0,-1,0,0,0,,0,,0,,0,0,0,1
1723314242,3843,8,8,8,8,31.809,0,0,0.11 | 0.11 | 0.11,0,0.63 | 0.80 | 1.00,0,3.99 | 5.02 | 6.38,18.992,0.000,0,1,0,0,0,0,-1,0,0,0,,0,,0,,0,0,0,1
1723314242,3843,8,8,8,8,31.809,0,0,0.11 | 0.11 | 0.11,0,0.63 | 0.80 | 1.00,0,3.99 | 5.02 | 6.38,18.992,0.000,0,1,0,0,0,0,-1,0,0,0,,0,,0,,0,0,0,1
1723314242,3843,8,8,8,8,31.809,0,0,0.11 | 0.11 | 0.11,0,0.63 | 0.80 | 1.00,0,3.99 | 5.02 | 6.38,18.992,0.000,0,1,0,0,0,0,-1,0,0,0,,0,,0,,0,0,0,1
1723314242,3843,8,8,8,8,31.809,0,0,0.11 | 0.11 | 0.11,0,0.63 | 0.80 | 1.00,0,3.99 | 5.02 | 6.38,18.992,0.000,0,1,0,0,0,0,-1,0,0,0,,0,,0,,0,0,0,1
1723314242,3843,8,8,8,8,31.809,0,0,0.11 | 0.11 | 0.11,0,0.63 | 0.80 | 1.00,0,3.99 | 5.02 | 6.38,18.992,0.000,0,1,0,0,0,0,-1,0,0,0,,0,,0,,0,0,0,1
1723314242,3843,8,8,8,8,31.809,0,0,0.11 | 0.11 | 0.11,0,0.63 | 0.80 | 1.00,0,3.99 | 5.02 | 6.38,18.992,0.000,0,1,0,0,0,0,-1,0,0,0,,0,,0,,0,0,0,1
1723314242,3843,8,8,8,8,31.809,0,0,0.11 | 0.11 | 0.11,0,0.63 | 0.80 | 1.00,0,3.99 | 5.02 | 6.38,18.992,0.000,0,1,0,0,0,0,-1,0,0,0,,0,,0,,0,0,0,1
1723314242,3843,8,8,8,8,31.809,0,0,0.11 | 0.11 | 0.11,0,0.63 | 0.80 | 1.00,0,3.99 | 5.02 | 6.38,18.992,0.000,0,1,0,0,0,0,-1,0,0,0,,0,,0,,0,0,0,1
1723314242,3843,8,8,8,8,31.809,0,0,0.11 | 0.11 | 0.11,0,0.63 | 0.80 | 1.00,0,3.99 | 5.02 | 6.38,18.992,0.000,0,1,0,0,0,0,-1,0,0,0,,0,,0,,0,0,0,1
1723314242,3843,8,8,8,8,30.746,0,0,0.11 | 0.11 | 0.11,0,0.63 | 0.80 | 1.00,0,3.99 | 5.02 | 6.38,18.992,0.000,0,1,0,0,0,0,-1,0,0,0,,0,,0,,0,0,0,1
1723314243,3843,8,8,8,8,30.746,0,0,0.11 | 0.11 | 0.11,0,0.63 | 0.80 | 1.00,0,3.99 | 5.02 | 6.38,18.992,0.000,0,1,0,0,0,0,-1,0,0,0,,0,,0,,0,0,0,1
1723314243,3843,8,8,8,8,30.746,0,0,0.11 | 0.11 | 0.11,0,0.63 | 0.80 | 1.00,0,3.99 | 5.02 | 6.38,18.992,0.000,0,1,0,0,0,0,-1,0,0,0,,0,,0,,0,0,0,1
1723314243,3843,8,8,8,8,30.746,0,0,0.11 | 0.11 | 0.11,0,0.63 | 0.80 | 1.00,0,3.99 | 5.02 | 6.38,18.992,0.000,0,1,0,0,0,0,-1,0,0,0,,0,,0,,0,0,0,1
1723314243,3843,8,8,8,8,30.746,0,0,0.11 | 0.11 | 0.11,0,0.63 | 0.80 | 1.00,0,3.99 | 5.02 | 6.38,18.992,0.000,0,1,0,0,0,0,-1,0,0,0,,0,,0,,0,0,0,1
1723314243,3843,8,8,8,8,30.746,0,0,0.11 | 0.11 | 0.11,0,0.63 | 0.80 | 1.00,0,3.99 | 5.02 | 6.38,18.992,0.000,0,1,0,0,0,0,-1,0,0,0,,0,,0,,0,0,0,1
1723314243,3843,8,8,8,8,30.746,0,0,0.11 | 0.11 | 0.11,0,0.63 | 0.80 | 1.00,0,3.99 | 5.02 | 6.38,18.992,0.000,0,1,0,0,0,0,-1,0,0,0,,0,,0,,0,0,0,1
1723314243,3843,8,8,8,8,30.746,0,0,0.11 | 0.11 | 0.11,0,0.63 | 0.80 | 1.00,0,3.99 | 5.02 | 6.38,18.992,0.000,0,1,0,0,0,0,-1,0,0,0,,0,,0,,0,0,0,1
1723314243,3843,8,8,8,8,30.746,0,0,0.11 | 0.11 | 0.11,0,0.63 | 0.80 | 1.00,0,3.99 | 5.02 | 6.38,18.992,0.000,0,1,0,0,0,0,-1,0,0,0,,0,,0,,0,0,0,1
1723314243,3843,8,8,8,8,30.746,0,0,0.11 | 0.11 | 0.11,0,0.63 | 0.80 | 1.00,0,3.99 | 5.02 | 6.38,18.992,0.000,0,1,0,0,0,0,-1,0,0,0,,0,,0,,0,0,0,1
1723314243,3843,8,8,8,8,29.684,0,0,0.11 | 0.11 | 0.11,0,0.63 | 0.80 | 1.00,0,3.99 | 5.02 | 6.38,18.992,0.000,0,1,0,0,0,0,-1,0,0,0,,0,,0,,0,0,0,1
1723314244,3843,8,8,8,8,29.684,0,0,0.11 | 0.11 | 0.11,0,0.63 | 0.80 | 1.00,0,3.99 | 5.02 | 6.38,18.992,0.000,0,1,0,0,0,0,-1,0,0,0,,0,,0,,0,0,0,1
1723314244,3843,8,8,8,8,29.684,0,0,0.11 | 0.11 | 0.11,0,0.63 | 0.80 | 1.00,0,3.99 | 5.02 | 6.38,18.992,0.000,0,1,0,0,0,0,-1,0,0,0,,0,,0,,0,0,0,1
1723314244,3843,8,8,8,8,29.684,0,0,0.11 | 0.11 | 0.11,0,0.63 | 0.80 | 1.00,0,3.99 | 5.02 | 6.38,18.992,0.000,0,1,0,0,0,0,-1,0,0,0,,0,,0,,0,0,0,1
1723314244,3843,8,8,8,8,29.684,0,0,0.11 | 0.11 | 0.11,0,0.63 | 0.80 | 1.00,0,3.99 | 5.02 | 6.38,18.992,0.000,0,1,0,0,0,0,-1,0,0,0,,0,,0,,0,0,0,1
1723314244,3843,8,8,8,8,29.684,0,0,0.11 | 0.11 | 0.11,0,0.63 | 0.80 | 1.00,0,3.99 | 5.02 | 6.38,18.992,0.000,0,1,0,0,0,0,-1,0,0,0,,0,,0,,0,0,0,1
1723314244,3843,8,8,8,8,29.684,0,0,0.11 | 0.11 | 0.11,0,0.63 | 0.80 | 1.00,0,3.99 | 5.02 | 6.38,18.992,0.000,0,1,0,0,0,0,-1,0,0,0,,0,,0,,0,0,0,1
1723314244,3843,8,8,8,8,29.684,0,0,0.11 | 0.11 | 0.11,0,0.63 | 0.80 | 1.00,0,3.99 | 5.02 | 6.38,18.992,0.000,0,1,0,0,0,0,-1,0,0,0,,0,,0,,0,0,0,1
1723314244,3843,8,8,8,8,29.684,0,0,0.11 | 0.11 | 0.11,0,0.63 | 0.80 | 1.00,0,3.99 | 5.02 | 6.38,18.992,0.000,0,1,0,0,0,0,-1,0,0,0,,0,,0,,0,0,0,1
1723314244,3843,8,8,8,8,29.684,0,0,0.11 | 0.11 | 0.11,0,0.63 | 0.80 | 1.00,0,3.99 | 5.02 | 6.38,18.992,0.000,0,1,0,0,0,0,-1,0,0,0,,0,,0,,0,0,0,1
1723314244,3843,8,8,8,8,28.621,0,0,0.11 | 0.11 | 0.11,0,0.63 | 0.80 | 1.00,0,3.99 | 5.02 | 6.38,18.992,0.000,0,1,0,0,0,0,-1,0,0,0,,0,,0,,0,0,0,1
1723314245,3843,8,8,8,8,28.621,0,0,0.11 | 0.11 | 0.11,0,0.63 | 0.80 | 1.00,0,3.99 | 5.02 | 6.38,18.992,0.000,0,1,0,0,0,0,-1,0,0,0,,0,,0,,0,0,0,1
1723314245,3843,8,8,8,8,28.621,0,0,0.11 | 0.11 | 0.11,0,0.63 | 0.80 | 1.00,0,3.99 | 5.02 | 6.38,18.992,0.000,0,1,0,0,0,0,-1,0,0,0,,0,,0,,0,0,0,1
1723314245,3843,8,8,8,8,28.621,0,0,0.11 | 0.11 | 0.11,0,0.63 | 0.80 | 1.00,0,3.99 | 5.02 | 6.38,18.992,0.000,0,1,0,0,0,0,-1,0,0,0,,0,,0,,0,0,0,1
1723314245,3843,8,8,8,8,28.621,0,0,0.11 | 0.11 | 0.11,0,0.63 | 0.80 | 1.00,0,3.99 | 5.02 | 6.38,18.992,0.000,0,1,0,0,0,0,-1,0,0,0,,0,,0,,0,0,0,1
1723314245,3843,8,8,8,8,28.621,0,0,0.11 | 0.11 | 0.11,0,0.63 | 0.80 | 1.00,0,3.99 | 5.02 | 6.38,18.992,0.000,0,1,0,0,0,0,-1,0,0,0,,0,,0,,0,0,0,1
1723314245,3843,8,8,8,8,28.621,0,0,0.11 | 0.11 | 0.11,0,0.63 | 0.80 | 1.00,0,3.99 | 5.02 | 6.38,18.992,0.000,0,1,0,0,0,0,-1,0,0,0,,0,,0,,0,0,0,1
1723314245,3843,8,8,8,8,28.621,0,0,0.11 | 0.11 | 0.11,0,0.63 | 0.80 | 1.00,0,3.99 | 5.02 | 6.38,18.992,0.000,0,1,0,0,0,0,-1,0,0,0,,0,,0,,0,0,0,1
1723314245,3843,8,8,8,8,28.621,0,0,0.11 | 0.11 | 0.11,0,0.63 | 0.80 | 1.00,0,3.99 | 5.02 | 6.38,18.992,0.000,0,1,0,0,0,0,-1,0,0,0,,0,,0,,0,0,0,1
1723314245,3843,8,8,8,8,28.621,0,0,0.11 | 0.11 | 0.11,0,0.63 | 0.80 | 1.00,0,3.99 | 5.02 | 6.38,18.992,0.000,0,1,0,0,0,0,-1,0,0,0,,0,,0,,0,0,0,1
1723314245,3843,8,8,8,8,32.359,0,0,0.11 | 0.11 | 0.12,0,0.63 | 0.85 | 1.09,0,3.65 | 4.70 | 6.38,18.988,0.000,0,1,0,0,0,0,-1,0,0,0,,0,,0,,0,0,0,1
1723314246,3843,8,8,8,8,32.359,0,0,0.11 | 0.11 | 0.12,0,0.63 | 0.85 | 1.09,0,3.65 | 4.70 | 6.38,18.988,0.000,0,1,0,0,0,0,-1,0,0,0,,0,,0,,0,0,0,1
1723314246,3843,8,8,8,8,32.359,0,0,0.11 | 0.11 | 0.12,0,0.63 | 0.85 | 1.09,0,3.65 | 4.70 | 6.38,18.988,0.000,0,1,0,0,0,0,-1,0,0,0,,0,,0,,0,0,0,1
1723314246,3843,8,8,8,8,32.359,0,0,0.11 | 0.11 | 0.12,0,0.63 | 0.85 | 1.09,0,3.65 | 4.70 | 6.38,18.988,0.000,0,1,0,0,0,0,-1,0,0,0,,0,,0,,0,0,0,1
1723314246,3843,8,8,8,8,32.359,0,0,0.11 | 0.11 | 0.12,0,0.63 | 0.85 | 1.09,0,3.65 | 4.70 | 6.38,18.988,0.000,0,1,0,0,0,0,-1,0,0,0,,0,,0,,0,0,0,1
1723314246,3843,8,8,8,8,32.359,0,0,0.11 | 0.11 | 0.12,0,0.63 | 0.85 | 1.09,0,3.65 | 4.70 | 6.38,18.988,0.000,0,1,0,0,0,0,-1,0,0,0,,0,,0,,0,0,0,1
1723314246,3843,8,8,8,8,32.359,0,0,0.11 | 0.11 | 0.12,0,0.63 | 0.85 | 1.09,0,3.65 | 4.70 | 6.38,18.988,0.000,0,1,0,0,0,0,-1,0,0,0,,0,,0,,0,0,0,1
1723314246,3843,8,8,8,8,32.359,0,0,0.11 | 0.11 | 0.12,0,0.63 | 0.85 | 1.09,0,3.65 | 4.70 | 6.38,18.988,0.000,0,1,0,0,0,0,-1,0,0,0,,0,,0,,0,0,0,1
1723314246,3843,8,8,8,8,32.359,0,0,0.11 | 0.11 | 0.12,0,0.63 | 0.85 | 1.09,0,3.65 | 4.70 | 6.38,18.988,0.000,0,1,0,0,0,0,-1,0,0,0,,0,,0,,0,0,0,1
1723314246,3843,8,8,8,8,32.359,0,0,0.11 | 0.11 | 0.12,0,0.63 | 0.85 | 1.09,0,3.65 | 4.70 | 6.38,18.988,0.000,0,1,0,0,0,0,-1,0,0,0,,0,,0,,0,0,0,1
1723314246,3843,8,8,8,8,31.562,0,0,0.11 | 0.11 | 0.12,0,0.63 | 0.85 | 1.09,0,3.65 | 4.70 | 6.38,18.988,0.000,0,1,0,0,0,0,-1,0,0,0,,0,,0,,0,0,0,1
1723314247,3843,8,8,8,8,31.562,0,0,0.11 | 0.11 | 0.12,0,0.63 | 0.85 | 1.09,0,3.65 | 4.70 | 6.38,18.988,0.000,0,1,0,0,0,0,-1,0,0,0,,0,,0,,0,0,0,1
1723314247,3843,8,8,8,8,31.562,0,0,0.11 | 0.11 | 0.12,0,0.63 | 0.85 | 1.09,0,3.65 | 4.70 | 6.38,18.988,0.000,0,1,0,0,0,0,-1,0,0,0,,0,,0,,0,0,0,1
1723314247,3843,8,8,8,8,31.562,0,0,0.11 | 0.11 | 0.12,0,0.63 | 0.85 | 1.09,0,3.65 | 4.70 | 6.38,18.988,0.000,0,1,0,0,0,0,-1,0,0,0,,0,,0,,0,0,0,1
1723314247,3843,8,8,8,8,31.562,0,0,0.11 | 0.11 | 0.12,0,0.63 | 0.85 | 1.09,0,3.65 | 4.70 | 6.38,18.988,0.000,0,1,0,0,0,0,-1,0,0,0,,0,,0,,0,0,0,1
1723314247,3843,8,8,8,8,31.562,0,0,0.11 | 0.11 | 0.12,0,0.63 | 0.85 | 1.09,0,3.65 | 4.70 | 6.38,18.988,0.000,0,1,0,0,0,0,-1,0,0,0,,0,,0,,0,0,0,1
1723314247,3843,8,8,8,8,31.562,0,0,0.11 | 0.11 | 0.12,0,0.63 | 0.85 | 1.09,0,3.65 | 4.70 | 6.38,18.988,0.000,0,1,0,0,0,0,-1,0,0,0,,0,,0,,0,0,0,1
1723314247,3843,8,8,8,8,31.562,0,0,0.11 | 0.11 | 0.12,0,0.63 | 0.85 | 1.09,0,3.65 | 4.70 | 6.38,18.988,0.000,0,1,0,0,0,0,-1,0,0,0,,0,,0,,0,0,0,1
1723314247,3843,8,8,8,8,31.562,0,0,0.11 | 0.11 | 0.12,0,0.63 | 0.85 | 1.09,0,3.65 | 4.70 | 6.38,18.988,0.000,0,1,0,0,0,0,-1,0,0,0,,0,,0,,0,0,0,1
1723314247,3843,8,8,8,8,31.562,0,0,0.11 | 0.11 | 0.12,0,0.63 | 0.85 | 1.09,0,3.65 | 4.70 | 6.38,18.988,0.000,0,1,0,0,0,0,-1,0,0,0,,0,,0,,0,0,0,1
1723314247,3843,8,8,8,8,30.5,0,0,0.11 | 0.11 | 0.12,0,0.63 | 0.85 | 1.09,0,3.65 | 4.70 | 6.38,18.988,0.000,0,1,0,0,0,0,-1,0,0,0,,0,,0,,0,0,0,1
1723314248,3843,8,8,8,8,30.5,0,0,0.11 | 0.11 | 0.12,0,0.63 | 0.85 | 1.09,0,3.65 | 4.70 | 6.38,18.988,0.000,0,1,0,0,0,0,-1,0,0,0,,0,,0,,0,0,0,1
1723314248,3843,8,8,8,8,30.5,0,0,0.11 | 0.11 | 0.12,0,0.63 | 0.85 | 1.09,0,3.65 | 4.70 | 6.38,18.988,0.000,0,1,0,0,0,0,-1,0,0,0,,0,,0,,0,0,0,1
1723314248,3843,8,8,8,8,30.5,0,0,0.11 | 0.11 | 0.12,0,0.63 | 0.85 | 1.09,0,3.65 | 4.70 | 6.38,18.988,0.000,0,1,0,0,0,0,-1,0,0,0,,0,,0,,0,0,0,1
1723314248,3843,8,8,8,8,30.5,0,0,0.11 | 0.11 | 0.12,0,0.63 | 0.85 | 1.09,0,3.65 | 4.70 | 6.38,18.988,0.000,0,1,0,0,0,0,-1,0,0,0,,0,,0,,0,0,0,1
1723314248,3843,8,8,8,8,30.5,0,0,0.11 | 0.11 | 0.12,0,0.63 | 0.85 | 1.09,0,3.65 | 4.70 | 6.38,18.988,0.000,0,1,0,0,0,0,-1,0,0,0,,0,,0,,0,0,0,1
1723314248,3843,8,8,8,8,30.5,0,0,0.11 | 0.11 | 0.12,0,0.63 | 0.85 | 1.09,0,3.65 | 4.70 | 6.38,18.988,0.000,0,1,0,0,0,0,-1,0,0,0,,0,,0,,0,0,0,1
1723314248,3843,8,8,8,8,30.5,0,0,0.11 | 0.11 | 0.12,0,0.63 | 0.85 | 1.09,0,3.65 | 4.70 | 6.38,18.988,0.000,0,1,0,0,0,0,-1,0,0,0,,0,,0,,0,0,0,1
1723314248,3843,8,8,8,8,30.5,0,0,0.11 | 0.11 | 0.12,0,0.63 | 0.85 | 1.09,0,3.65 | 4.70 | 6.38,18.988,0.000,0,1,0,0,0,0,-1,0,0,0,,0,,0,,0,0,0,1
1723314248,3843,8,8,8,8,30.5,0,0,0.11 | 0.11 | 0.12,0,0.63 | 0.85 | 1.09,0,3.65 | 4.70 | 6.38,18.988,0.000,0,1,0,0,0,0,-1,0,0,0,,0,,0,,0,0,0,1
1723314248,3843,8,8,8,8,29.437,0,0,0.11 | 0.11 | 0.12,0,0.63 | 0.85 | 1.09,0,3.65 | 4.70 | 6.38,18.988,0.000,0,1,0,0,0,0,-1,0,0,0,,0,,0,,0,0,0,1
1723314249,3843,8,8,8,8,29.437,0,0,0.11 | 0.11 | 0.12,0,0.63 | 0.85 | 1.09,0,3.65 | 4.70 | 6.38,18.988,0.000,0,1,0,0,0,0,-1,0,0,0,,0,,0,,0,0,0,1
1723314249,3843,8,8,8,8,29.437,0,0,0.11 | 0.11 | 0.12,0,0.63 | 0.85 | 1.09,0,3.65 | 4.70 | 6.38,18.988,0.000,0,1,0,0,0,0,-1,0,0,0,,0,,0,,0,0,0,1
1723314249,3843,8,8,8,8,29.437,0,0,0.11 | 0.11 | 0.12,0,0.63 | 0.85 | 1.09,0,3.65 | 4.70 | 6.38,18.988,0.000,0,1,0,0,0,0,-1,0,0,0,,0,,0,,0,0,0,1
1723314249,3843,8,8,8,8,29.437,0,0,0.11 | 0.11 | 0.12,0,0.63 | 0.85 | 1.09,0,3.65 | 4.70 | 6.38,18.988,0.000,0,1,0,0,0,0,-1,0,0,0,,0,,0,,0,0,0,1
1723314249,3843,8,8,8,8,29.437,0,0,0.11 | 0.11 | 0.12,0,0.63 | 0.85 | 1.09,0,3.65 | 4.70 | 6.38,18.988,0.000,0,1,0,0,0,0,-1,0,0,0,,0,,0,,0,0,0,1
1723314249,3843,8,8,8,8,29.437,0,0,0.11 | 0.11 | 0.12,0,0.63 | 0.85 | 1.09,0,3.65 | 4.70 | 6.38,18.988,0.000,0,1,0,0,0,0,-1,0,0,0,,0,,0,,0,0,0,1
1723314249,3843,8,8,8,8,29.437,0,0,0.11 | 0.11 | 0.12,0,0.63 | 0.85 | 1.09,0,3.65 | 4.70 | 6.38,18.988,0.000,0,1,0,0,0,0,-1,0,0,0,,0,,0,,0,0,0,1
1723314249,3843,8,8,8,8,29.437,0,0,0.11 | 0.11 | 0.12,0,0.63 | 0.85 | 1.09,0,3.65 | 4.70 | 6.38,18.988,0.000,0,1,0,0,0,0,-1,0,0,0,,0,,0,,0,0,0,1
1723314249,3843,8,8,8,8,29.437,0,0,0.11 | 0.11 | 0.12,0,0.63 | 0.85 | 1.09,0,3.65 | 4.70 | 6.38,18.988,0.000,0,1,0,0,0,0,-1,0,0,0,,0,,0,,0,0,0,1
1723314249,3843,8,8,8,8,31.575,0,0,0.11 | 0.11 | 0.12,0,0.63 | 0.85 | 1.09,0,3.65 | 4.68 | 6.38,18.985,0.000,0,1,0,0,0,0,-1,0,0,0,,0,,0,,0,0,0,1
1723314250,3843,8,8,8,8,31.575,0,0,0.11 | 0.11 | 0.12,0,0.63 | 0.85 | 1.09,0,3.65 | 4.68 | 6.38,18.985,0.000,0,1,0,0,0,0,-1,0,0,0,,0,,0,,0,0,0,1
1723314250,3843,8,8,8,8,31.575,0,0,0.11 | 0.11 | 0.12,0,0.63 | 0.85 | 1.09,0,3.65 | 4.68 | 6.38,18.985,0.000,0,1,0,0,0,0,-1,0,0,0,,0,,0,,0,0,0,1
1723314250,3843,8,8,8,8,31.575,0,0,0.11 | 0.11 | 0.12,0,0.63 | 0.85 | 1.09,0,3.65 | 4.68 | 6.38,18.985,0.000,0,1,0,0,0,0,-1,0,0,0,,0,,0,,0,0,0,1
1723314250,3843,8,8,8,8,31.575,0,0,0.11 | 0.11 | 0.12,0,0.63 | 0.85 | 1.09,0,3.65 | 4.68 | 6.38,18.985,0.000,0,1,0,0,0,0,-1,0,0,0,,0,,0,,0,0,0,1
1723314250,3843,8,8,8,8,31.575,0,0,0.11 | 0.11 | 0.12,0,0.63 | 0.85 | 1.09,0,3.65 | 4.68 | 6.38,18.985,0.000,0,1,0,0,0,0,-1,0,0,0,,0,,0,,0,0,0,1
1723314250,3843,8,8,8,8,31.575,0,0,0.11 | 0.11 | 0.12,0,0.63 | 0.85 | 1.09,0,3.65 | 4.68 | 6.38,18.985,0.000,0,1,0,0,0,0,-1,0,0,0,,0,,0,,0,0,0,1
1723314250,3843,8,8,8,8,31.575,0,0,0.11 | 0.11 | 0.12,0,0.63 | 0.85 | 1.09,0,3.65 | 4.68 | 6.38,18.985,0.000,0,1,0,0,0,0,-1,0,0,0,,0,,0,,0,0,0,1
1723314250,3843,8,8,8,8,31.575,0,0,0.11 | 0.11 | 0.12,0,0.63 | 0.85 | 1.09,0,3.65 | 4.68 | 6.38,18.985,0.000,0,1,0,0,0,0,-1,0,0,0,,0,,0,,0,0,0,1
1723314250,3843,8,8,8,8,31.575,0,0,0.11 | 0.11 | 0.12,0,0.63 | 0.85 | 1.09,0,3.65 | 4.68 | 6.38,18.985,0.000,0,1,0,0,0,0,-1,0,0,0,,0,,0,,0,0,0,1
1723314250,3843,8,8,8,8,30.778,0,0,0.11 | 0.11 | 0.12,0,0.63 | 0.85 | 1.09,0,3.65 | 4.68 | 6.38,18.985,0.000,0,1,0,0,0,0,-1,0,0,0,,0,,0,,0,0,0,1
1723314251,3843,8,8,8,8,30.778,0,0,0.11 | 0.11 | 0.12,0,0.63 | 0.85 | 1.09,0,3.65 | 4.68 | 6.38,18.985,0.000,0,1,0,0,0,0,-1,0,0,0,,0,,0,,0,0,0,1
1723314251,3843,8,8,8,8,30.778,0,0,0.11 | 0.11 | 0.12,0,0.63 | 0.85 | 1.09,0,3.65 | 4.68 | 6.38,18.985,0.000,0,1,0,0,0,0,-1,0,0,0,,0,,0,,0,0,0,1
1723314251,3843,8,8,8,8,30.778,0,0,0.11 | 0.11 | 0.12,0,0.63 | 0.85 | 1.09,0,3.65 | 4.68 | 6.38,18.985,0.000,0,1,0,0,0,0,-1,0,0,0,,0,,0,,0,0,0,1
1723314251,3843,8,8,8,8,30.778,0,0,0.11 | 0.11 | 0.12,0,0.63 | 0.85 | 1.09,0,3.65 | 4.68 | 6.38,18.985,0.000,0,1,0,0,0,0,-1,0,0,0,,0,,0,,0,0,0,1
1723314251,3843,8,8,8,8,30.778,0,0,0.11 | 0.11 | 0.12,0,0.63 | 0.85 | 1.09,0,3.65 | 4.68 | 6.38,18.985,0.000,0,1,0,0,0,0,-1,0,0,0,,0,,0,,0,0,0,1
1723314251,3843,8,8,8,8,30.778,0,0,0.11 | 0.11 | 0.12,0,0.63 | 0.85 | 1.09,0,3.65 | 4.68 | 6.38,18.985,0.000,0,1,0,0,0,0,-1,0,0,0,,0,,0,,0,0,0,1
1723314251,3843,8,8,8,8,30.778,0,0,0.11 | 0.11 | 0.12,0,0.63 | 0.85 | 1.09,0,3.65 | 4.68 | 6.38,18.985,0.000,0,1,0,0,0,0,-1,0,0,0,,0,,0,,0,0,0,1
1723314251,3843,8,8,8,8,30.778,0,0,0.11 | 0.11 | 0.12,0,0.63 | 0.85 | 1.09,0,3.65 | 4.68 | 6.38,18.985,0.000,0,1,0,0,0,0,-1,0,0,0,,0,,0,,0,0,0,1
1723314251,3843,8,8,8,8,30.778,0,0,0.11 | 0.11 | 0.12,0,0.63 | 0.85 | 1.09,0,3.65 | 4.68 | 6.38,18.985,0.000,0,1,0,0,0,0,-1,0,0,0,,0,,0,,0,0,0,1
1723314251,3843,8,8,8,8,29.715,0,0,0.11 | 0.11 | 0.12,0,0.63 | 0.85 | 1.09,0,3.65 | 4.68 | 6.38,18.985,0.000,0,1,0,0,0,0,-1,0,0,0,,0,,0,,0,0,0,1
1723314252,3843,8,8,8,8,29.715,0,0,0.11 | 0.11 | 0.12,0,0.63 | 0.85 | 1.09,0,3.65 | 4.68 | 6.38,18.985,0.000,0,1,0,0,0,0,-1,0,0,0,,0,,0,,0,0,0,1
1723314252,3843,8,8,8,8,29.715,0,0,0.11 | 0.11 | 0.12,0,0.63 | 0.85 | 1.09,0,3.65 | 4.68 | 6.38,18.985,0.000,0,1,0,0,0,0,-1,0,0,0,,0,,0,,0,0,0,1
1723314252,3843,8,8,8,8,29.715,0,0,0.11 | 0.11 | 0.12,0,0.63 | 0.85 | 1.09,0,3.65 | 4.68 | 6.38,18.985,0.000,0,1,0,0,0,0,-1,0,0,0,,0,,0,,0,0,0,1
1723314252,3843,8,8,8,8,29.715,0,0,0.11 | 0.11 | 0.12,0,0.63 | 0.85 | 1.09,0,3.65 | 4.68 | 6.38,18.985,0.000,0,1,0,0,0,0,-1,0,0,0,,0,,0,,0,0,0,1
1723314252,3843,8,8,8,8,29.715,0,0,0.11 | 0.11 | 0.12,0,0.63 | 0.85 | 1.09,0,3.65 | 4.68 | 6.38,18.985,0.000,0,1,0,0,0,0,-1,0,0,0,,0,,0,,0,0,0,1
1723314252,3843,8,8,8,8,29.715,0,0,0.11 | 0.11 | 0.12,0,0.63 | 0.85 | 1.09,0,3.65 | 4.68 | 6.38,18.985,0.000,0,1,0,0,0,0,-1,0,0,0,,0,,0,,0,0,0,1
1723314252,3843,8,8,8,8,29.715,0,0,0.11 | 0.11 | 0.12,0,0.63 | 0.85 | 1.09,0,3.65 | 4.68 | 6.38,18.985,0.000,0,1,0,0,0,0,-1,0,0,0,,0,,0,,0,0,0,1
1723314252,3843,8,8,8,8,29.715,0,0,0.11 | 0.11 | 0.12,0,0.63 | 0.85 | 1.09,0,3.65 | 4.68 | 6.38,18.985,0.000,0,1,0,0,0,0,-1,0,0,0,,0,,0,,0,0,0,1
1723314252,3843,8,8,8,8,29.715,0,0,0.11 | 0.11 | 0.12,0,0.63 | 0.85 | 1.09,0,3.65 | 4.68 | 6.38,18.985,0.000,0,1,0,0,0,0,-1,0,0,0,,0,,0,,0,0,0,1
1723314252,3843,8,8,8,8,28.653,0,0,0.11 | 0.11 | 0.12,0,0.63 | 0.85 | 1.09,0,3.65 | 4.68 | 6.38,18.985,0.000,0,1,0,0,0,0,-1,0,0,0,,0,,0,,0,0,0,1
1723314253,3843,8,8,8,8,28.653,0,0,0.11 | 0.11 | 0.12,0,0.63 | 0.85 | 1.09,0,3.65 | 4.68 | 6.38,18.985,0.000,0,1,0,0,0,0,-1,0,0,0,,0,,0,,0,0,0,1
1723314253,3843,8,8,8,8,28.653,0,0,0.11 | 0.11 | 0.12,0,0.63 | 0.85 | 1.09,0,3.65 | 4.68 | 6.38,18.985,0.000,0,1,0,0,0,0,-1,0,0,0,,0,,0,,0,0,0,1
1723314253,3843,8,8,8,8,28.653,0,0,0.11 | 0.11 | 0.12,0,0.63 | 0.85 | 1.09,0,3.65 | 4.68 | 6.38,18.985,0.000,0,1,0,0,0,0,-1,0,0,0,,0,,0,,0,0,0,1
1723314253,3843,8,8,8,8,28.653,0,0,0.11 | 0.11 | 0.12,0,0.63 | 0.85 | 1.09,0,3.65 | 4.68 | 6.38,18.985,0.000,0,1,0,0,0,0,-1,0,0,0,,0,,0,,0,0,0,1
1723314253,3843,8,8,8,8,28.653,0,0,0.11 | 0.11 | 0.12,0,0.63 | 0.85 | 1.09,0,3.65 | 4.68 | 6.38,18.985,0.000,0,1,0,0,0,0,-1,0,0,0,,0,,0,,0,0,0,1
1723314253,3843,8,8,8,8,28.653,0,0,0.11 | 0.11 | 0.12,0,0.63 | 0.85 | 1.09,0,3.65 | 4.68 | 6.38,18.985,0.000,0,1,0,0,0,0,-1,0,0,0,,0,,0,,0,0,0,1
1723314253,3843,8,8,8,8,28.653,0,0,0.11 | 0.11 | 0.12,0,0.63 | 0.85 | 1.09,0,3.65 | 4.68 | 6.38,18.985,0.000,0,1,0,0,0,0,-1,0,0,0,,0,,0,,0,0,0,1
1723314253,3843,8,8,8,8,28.653,0,0,0.11 | 0.11 | 0.12,0,0.63 | 0.85 | 1.09,0,3.65 | 4.68 | 6.38,18.985,0.000,0,1,0,0,0,0,-1,0,0,0,,0,,0,,0,0,0,1
1723314253,3843,8,8,8,8,28.653,0,0,0.11 | 0.11 | 0.12,0,0.63 | 0.85 | 1.09,0,3.65 | 4.68 | 6.38,18.985,0.000,0,1,0,0,0,0,-1,0,0,0,,0,,0,,0,0,0,1
1723314253,3843,8,8,8,8,32.39,0,0,0.11 | 0.11 | 0.12,0,0.63 | 0.86 | 1.09,0,3.65 | 4.66 | 6.38,18.999,0.000,0,1,0,0,0,0,-1,0,0,0,,0,,0,,0,0,0,1
1723314254,3843,8,8,8,8,32.39,0,0,0.11 | 0.11 | 0.12,0,0.63 | 0.86 | 1.09,0,3.65 | 4.66 | 6.38,18.999,0.000,0,1,0,0,0,0,-1,0,0,0,,0,,0,,0,0,0,1
1723314254,3843,8,8,8,8,32.39,0,0,0.11 | 0.11 | 0.12,0,0.63 | 0.86 | 1.09,0,3.65 | 4.66 | 6.38,18.999,0.000,0,1,0,0,0,0,-1,0,0,0,,0,,0,,0,0,0,1
1723314254,3843,8,8,8,8,32.39,0,0,0.11 | 0.11 | 0.12,0,0.63 | 0.86 | 1.09,0,3.65 | 4.66 | 6.38,18.999,0.000,0,1,0,0,0,0,-1,0,0,0,,0,,0,,0,0,0,1
1723314254,3843,8,8,8,8,32.39,0,0,0.11 | 0.11 | 0.12,0,0.63 | 0.86 | 1.09,0,3.65 | 4.66 | 6.38,18.999,0.000,0,1,0,0,0,0,-1,0,0,0,,0,,0,,0,0,0,1
1723314254,3843,8,8,8,8,32.39,0,0,0.11 | 0.11 | 0.12,0,0.63 | 0.86 | 1.09,0,3.65 | 4.66 | 6.38,18.999,0.000,0,1,0,0,0,0,-1,0,0,0,,0,,0,,0,0,0,1
1723314254,3843,8,8,8,8,32.39,0,0,0.11 | 0.11 | 0.12,0,0.63 | 0.86 | 1.09,0,3.65 | 4.66 | 6.38,18.999,0.000,0,1,0,0,0,0,-1,0,0,0,,0,,0,,0,0,0,1
1723314254,3843,8,8,8,8,32.39,0,0,0.11 | 0.11 | 0.12,0,0.63 | 0.86 | 1.09,0,3.65 | 4.66 | 6.38,18.999,0.000,0,1,0,0,0,0,-1,0,0,0,,0,,0,,0,0,0,1
1723314254,3843,8,8,8,8,32.39,0,0,0.11 | 0.11 | 0.12,0,0.63 | 0.86 | 1.09,0,3.65 | 4.66 | 6.38,18.999,0.000,0,1,0,0,0,0,-1,0,0,0,,0,,0,,0,0,0,1
1723314254,3843,8,8,8,8,32.39,0,0,0.11 | 0.11 | 0.12,0,0.63 | 0.86 | 1.09,0,3.65 | 4.66 | 6.38,18.999,0.000,0,1,0,0,0,0,-1,0,0,0,,0,,0,,0,0,0,1
1723314254,3843,8,8,8,8,31.593,0,0,0.11 | 0.11 | 0.12,0,0.63 | 0.86 | 1.09,0,3.65 | 4.66 | 6.38,18.999,0.000,0,1,0,0,0,0,-1,0,0,0,,0,,0,,0,0,0,1
1723314255,3843,8,8,8,8,31.593,0,0,0.11 | 0.11 | 0.12,0,0.63 | 0.86 | 1.09,0,3.65 | 4.66 | 6.38,18.999,0.000,0,1,0,0,0,0,-1,0,0,0,,0,,0,,0,0,0,1
1723314255,3843,8,8,8,8,31.593,0,0,0.11 | 0.11 | 0.12,0,0.63 | 0.86 | 1.09,0,3.65 | 4.66 | 6.38,18.999,0.000,0,1,0,0,0,0,-1,0,0,0,,0,,0,,0,0,0,1
1723314255,3843,8,8,8,8,31.593,0,0,0.11 | 0.11 | 0.12,0,0.63 | 0.86 | 1.09,0,3.65 | 4.66 | 6.38,18.999,0.000,0,1,0,0,0,0,-1,0,0,0,,0,,0,,0,0,0,1
1723314255,3843,8,8,8,8,31.593,0,0,0.11 | 0.11 | 0.12,0,0.63 | 0.86 | 1.09,0,3.65 | 4.66 | 6.38,18.999,0.000,0,1,0,0,0,0,-1,0,0,0,,0,,0,,0,0,0,1
1723314255,3843,8,8,8,8,31.593,0,0,0.11 | 0.11 | 0.12,0,0.63 | 0.86 | 1.09,0,3.65 | 4.66 | 6.38,18.999,0.000,0,1,0,0,0,0,-1,0,0,0,,0,,0,,0,0,0,1
1723314255,3843,8,8,8,8,31.593,0,0,0.11 | 0.11 | 0.12,0,0.63 | 0.86 | 1.09,0,3.65 | 4.66 | 6.38,18.999,0.000,0,1,0,0,0,0,-1,0,0,0,,0,,0,,0,0,0,1
1723314255,3843,8,8,8,8,31.593,0,0,0.11 | 0.11 | 0.12,0,0.63 | 0.86 | 1.09,0,3.65 | 4.66 | 6.38,18.999,0.000,0,1,0,0,0,0,-1,0,0,0,,0,,0,,0,0,0,1
1723314255,3843,8,8,8,8,31.593,0,0,0.11 | 0.11 | 0.12,0,0.63 | 0.86 | 1.09,0,3.65 | 4.66 | 6.38,18.999,0.000,0,1,0,0,0,0,-1,0,0,0,,0,,0,,0,0,0,1
1723314255,3843,8,8,8,8,31.593,0,0,0.11 | 0.11 | 0.12,0,0.63 | 0.86 | 1.09,0,3.65 | 4.66 | 6.38,18.999,0.000,0,1,0,0,0,0,-1,0,0,0,,0,,0,,0,0,0,1
1723314255,3843,8,8,8,8,30.531,0,0,0.11 | 0.11 | 0.12,0,0.63 | 0.86 | 1.09,0,3.65 | 4.66 | 6.38,18.999,0.000,0,1,0,0,0,0,-1,0,0,0,,0,,0,,0,0,0,1
1723314256,3843,8,8,8,8,30.531,0,0,0.11 | 0.11 | 0.12,0,0.63 | 0.86 | 1.09,0,3.65 | 4.66 | 6.38,18.999,0.000,0,1,0,0,0,0,-1,0,0,0,,0,,0,,0,0,0,1
1723314256,3843,8,8,8,8,30.531,0,0,0.11 | 0.11 | 0.12,0,0.63 | 0.86 | 1.09,0,3.65 | 4.66 | 6.38,18.999,0.000,0,1,0,0,0,0,-1,0,0,0,,0,,0,,0,0,0,1
1723314256,3843,8,8,8,8,30.531,0,0,0.11 | 0.11 | 0.12,0,0.63 | 0.86 | 1.09,0,3.65 | 4.66 | 6.38,18.999,0.000,0,1,0,0,0,0,-1,0,0,0,,0,,0,,0,0,0,1
1723314256,3843,8,8,8,8,30.531,0,0,0.11 | 0.11 | 0.12,0,0.63 | 0.86 | 1.09,0,3.65 | 4.66 | 6.38,18.999,0.000,0,1,0,0,0,0,-1,0,0,0,,0,,0,,0,0,0,1
1723314256,3843,8,8,8,8,30.531,0,0,0.11 | 0.11 | 0.12,0,0.63 | 0.86 | 1.09,0,3.65 | 4.66 | 6.38,18.999,0.000,0,1,0,0,0,0,-1,0,0,0,,0,,0,,0,0,0,1
1723314256,3843,8,8,8,8,30.531,0,0,0.11 | 0.11 | 0.12,0,0.63 | 0.86 | 1.09,0,3.65 | 4.66 | 6.38,18.999,0.000,0,1,0,0,0,0,-1,0,0,0,,0,,0,,0,0,0,1
1723314256,3843,8,8,8,8,30.531,0,0,0.11 | 0.11 | 0.12,0,0.63 | 0.86 | 1.09,0,3.65 | 4.66 | 6.38,18.999,0.000,0,1,0,0,0,0,-1,0,0,0,,0,,0,,0,0,0,1
1723314256,3843,8,8,8,8,30.531,0,0,0.11 | 0.11 | 0.12,0,0.63 | 0.86 | 1.09,0,3.65 | 4.66 | 6.38,18.999,0.000,0,1,0,0,0,0,-1,0,0,0,,0,,0,,0,0,0,1
1723314256,3843,8,8,8,8,30.531,0,0,0.11 | 0.11 | 0.12,0,0.63 | 0.86 | 1.09,0,3.65 | 4.66 | 6.38,18.999,0.000,0,1,0,0,0,0,-1,0,0,0,,0,,0,,0,0,0,1
1723314256,3843,8,8,8,8,29.468,0,0,0.11 | 0.11 | 0.12,0,0.63 | 0.86 | 1.09,0,3.65 | 4.66 | 6.38,18.999,0.000,0,1,0,0,0,0,-1,0,0,0,,0,,0,,0,0,0,1
1723314257,3843,8,8,8,8,29.468,0,0,0.11 | 0.11 | 0.12,0,0.63 | 0.86 | 1.09,0,3.65 | 4.66 | 6.38,18.999,0.000,0,1,0,0,0,0,-1,0,0,0,,0,,0,,0,0,0,1
1723314257,3843,8,8,8,8,29.468,0,0,0.11 | 0.11 | 0.12,0,0.63 | 0.86 | 1.09,0,3.65 | 4.66 | 6.38,18.999,0.000,0,1,0,0,0,0,-1,0,0,0,,0,,0,,0,0,0,1
1723314257,3843,8,8,8,8,29.468,0,0,0.11 | 0.11 | 0.12,0,0.63 | 0.86 | 1.09,0,3.65 | 4.66 | 6.38,18.999,0.000,0,1,0,0,0,0,-1,0,0,0,,0,,0,,0,0,0,1
1723314257,3843,8,8,8,8,29.468,0,0,0.11 | 0.11 | 0.12,0,0.63 | 0.86 | 1.09,0,3.65 | 4.66 | 6.38,18.999,0.000,0,1,0,0,0,0,-1,0,0,0,,0,,0,,0,0,0,1
1723314257,3843,8,8,8,8,29.468,0,0,0.11 | 0.11 | 0.12,0,0.63 | 0.86 | 1.09,0,3.65 | 4.66 | 6.38,18.999,0.000,0,1,0,0,0,0,-1,0,0,0,,0,,0,,0,0,0,1
1723314257,3843,8,8,8,8,29.468,0,0,0.11 | 0.11 | 0.12,0,0.63 | 0.86 | 1.09,0,3.65 | 4.66 | 6.38,18.999,0.000,0,1,0,0,0,0,-1,0,0,0,,0,,0,,0,0,0,1
1723314257,3843,8,8,8,8,29.468,0,0,0.11 | 0.11 | 0.12,0,0.63 | 0.86 | 1.09,0,3.65 | 4.66 | 6.38,18.999,0.000,0,1,0,0,0,0,-1,0,0,0,,0,,0,,0,0,0,1
1723314257,3843,8,8,8,8,29.468,0,0,0.11 | 0.11 | 0.12,0,0.63 | 0.86 | 1.09,0,3.65 | 4.66 | 6.38,18.999,0.000,0,1,0,0,0,0,-1,0,0,0,,0,,0,,0,0,0,1
1723314257,3843,8,8,8,8,29.468,0,0,0.11 | 0.11 | 0.12,0,0.63 | 0.86 | 1.09,0,3.65 | 4.66 | 6.38,18.999,0.000,0,1,0,0,0,0,-1,0,0,0,,0,,0,,0,0,0,1
1723314257,3843,8,8,8,8,31.606,0,0,0.11 | 0.11 | 0.12,0,0.51 | 0.83 | 1.09,0,3.65 | 4.83 | 7.92,19.001,0.000,0,1,0,0,0,0,-1,0,0,0,,0,,0,,0,0,0,1
1723314258,3843,8,8,8,8,31.606,0,0,0.11 | 0.11 | 0.12,0,0.51 | 0.83 | 1.09,0,3.65 | 4.83 | 7.92,19.001,0.000,0,1,0,0,0,0,-1,0,0,0,,0,,0,,0,0,0,1
1723314258,3843,8,8,8,8,31.606,0,0,0.11 | 0.11 | 0.12,0,0.51 | 0.83 | 1.09,0,3.65 | 4.83 | 7.92,19.001,0.000,0,1,0,0,0,0,-1,0,0,0,,0,,0,,0,0,0,1
1723314258,3843,8,8,8,8,31.606,0,0,0.11 | 0.11 | 0.12,0,0.51 | 0.83 | 1.09,0,3.65 | 4.83 | 7.92,19.001,0.000,0,1,0,0,0,0,-1,0,0,0,,0,,0,,0,0,0,1
1723314258,3843,8,8,8,8,31.606,0,0,0.11 | 0.11 | 0.12,0,0.51 | 0.83 | 1.09,0,3.65 | 4.83 | 7.92,19.001,0.000,0,1,0,0,0,0,-1,0,0,0,,0,,0,,0,0,0,1
1723314258,3843,8,8,8,8,31.606,0,0,0.11 | 0.11 | 0.12,0,0.51 | 0.83 | 1.09,0,3.65 | 4.83 | 7.92,19.001,0.000,0,1,0,0,0,0,-1,0,0,0,,0,,0,,0,0,0,1
1723314258,3843,8,8,8,8,31.606,0,0,0.11 | 0.11 | 0.12,0,0.51 | 0.83 | 1.09,0,3.65 | 4.83 | 7.92,19.001,0.000,0,1,0,0,0,0,-1,0,0,0,,0,,0,,0,0,0,1
1723314258,3843,8,8,8,8,31.606,0,0,0.11 | 0.11 | 0.12,0,0.51 | 0.83 | 1.09,0,3.65 | 4.83 | 7.92,19.001,0.000,0,1,0,0,0,0,-1,0,0,0,,0,,0,,0,0,0,1
1723314258,3843,8,8,8,8,31.606,0,0,0.11 | 0.11 | 0.12,0,0.51 | 0.83 | 1.09,0,3.65 | 4.83 | 7.92,19.001,0.000,0,1,0,0,0,0,-1,0,0,0,,0,,0,,0,0,0,1
1723314258,3843,8,8,8,8,31.606,0,0,0.11 | 0.11 | 0.12,0,0.51 | 0.83 | 1.09,0,3.65 | 4.83 | 7.92,19.001,0.000,0,1,0,0,0,0,-1,0,0,0,,0,,0,,0,0,0,1
1723314258,3843,8,8,8,8,30.809,0,0,0.11 | 0.11 | 0.12,0,0.51 | 0.83 | 1.09,0,3.65 | 4.83 | 7.92,19.001,0.000,0,1,0,0,0,0,-1,0,0,0,,0,,0,,0,0,0,1
1723314259,3843,8,8,8,8,30.809,0,0,0.11 | 0.11 | 0.12,0,0.51 | 0.83 | 1.09,0,3.65 | 4.83 | 7.92,19.001,0.000,0,1,0,0,0,0,-1,0,0,0,,0,,0,,0,0,0,1
1723314259,3843,8,8,8,8,30.809,0,0,0.11 | 0.11 | 0.12,0,0.51 | 0.83 | 1.09,0,3.65 | 4.83 | 7.92,19.001,0.000,0,1,0,0,0,0,-1,0,0,0,,0,,0,,0,0,0,1
1723314259,3843,8,8,8,8,30.809,0,0,0.11 | 0.11 | 0.12,0,0.51 | 0.83 | 1.09,0,3.65 | 4.83 | 7.92,19.001,0.000,0,1,0,0,0,0,-1,0,0,0,,0,,0,,0,0,0,1
1723314259,3843,8,8,8,8,30.809,0,0,0.11 | 0.11 | 0.12,0,0.51 | 0.83 | 1.09,0,3.65 | 4.83 | 7.92,19.001,0.000,0,1,0,0,0,0,-1,0,0,0,,0,,0,,0,0,0,1
1723314259,3843,8,8,8,8,30.809,0,0,0.11 | 0.11 | 0.12,0,0.51 | 0.83 | 1.09,0,3.65 | 4.83 | 7.92,19.001,0.000,0,1,0,0,0,0,-1,0,0,0,,0,,0,,0,0,0,1
1723314259,3843,8,8,8,8,30.809,0,0,0.11 | 0.11 | 0.12,0,0.51 | 0.83 | 1.09,0,3.65 | 4.83 | 7.92,19.001,0.000,0,1,0,0,0,0,-1,0,0,0,,0,,0,,0,0,0,1
1723314259,3843,8,8,8,8,30.809,0,0,0.11 | 0.11 | 0.12,0,0.51 | 0.83 | 1.09,0,3.65 | 4.83 | 7.92,19.001,0.000,0,1,0,0,0,0,-1,0,0,0,,0,,0,,0,0,0,1
1723314259,3843,8,8,8,8,30.809,0,0,0.11 | 0.11 | 0.12,0,0.51 | 0.83 | 1.09,0,3.65 | 4.83 | 7.92,19.001,0.000,0,1,0,0,0,0,-1,0,0,0,,0,,0,,0,0,0,1
1723314259,3843,8,8,8,8,30.809,0,0,0.11 | 0.11 | 0.12,0,0.51 | 0.83 | 1.09,0,3.65 | 4.83 | 7.92,19.001,0.000,0,1,0,0,0,0,-1,0,0,0,,0,,0,,0,0,0,1
1723314259,3843,8,8,8,8,29.746,0,0,0.11 | 0.11 | 0.12,0,0.51 | 0.83 | 1.09,0,3.65 | 4.83 | 7.92,19.001,0.000,0,1,0,0,0,0,-1,0,0,0,,0,,0,,0,0,0,1
1723314260,3843,8,8,8,8,29.746,0,0,0.11 | 0.11 | 0.12,0,0.51 | 0.83 | 1.09,0,3.65 | 4.83 | 7.92,19.001,0.000,0,1,0,0,0,0,-1,0,0,0,,0,,0,,0,0,0,1
1723314260,3843,8,8,8,8,29.746,0,0,0.11 | 0.11 | 0.12,0,0.51 | 0.83 | 1.09,0,3.65 | 4.83 | 7.92,19.001,0.000,0,1,0,0,0,0,-1,0,0,0,,0,,0,,0,0,0,1
1723314260,3843,8,8,8,8,29.746,0,0,0.11 | 0.11 | 0.12,0,0.51 | 0.83 | 1.09,0,3.65 | 4.83 | 7.92,19.001,0.000,0,1,0,0,0,0,-1,0,0,0,,0,,0,,0,0,0,1
1723314260,3843,8,8,8,8,29.746,0,0,0.11 | 0.11 | 0.12,0,0.51 | 0.83 | 1.09,0,3.65 | 4.83 | 7.92,19.001,0.000,0,1,0,0,0,0,-1,0,0,0,,0,,0,,0,0,0,1
1723314260,3843,8,8,8,8,29.746,0,0,0.11 | 0.11 | 0.12,0,0.51 | 0.83 | 1.09,0,3.65 | 4.83 | 7.92,19.001,0.000,0,1,0,0,0,0,-1,0,0,0,,0,,0,,0,0,0,1
1723314260,3843,8,8,8,8,29.746,0,0,0.11 | 0.11 | 0.12,0,0.51 | 0.83 | 1.09,0,3.65 | 4.83 | 7.92,19.001,0.000,0,1,0,0,0,0,-1,0,0,0,,0,,0,,0,0,0,1
1723314260,3843,8,8,8,8,29.746,0,0,0.11 | 0.11 | 0.12,0,0.51 | 0.83 | 1.09,0,3.65 | 4.83 | 7.92,19.001,0.000,0,1,0,0,0,0,-1,0,0,0,,0,,0,,0,0,0,1
1723314260,3843,8,8,8,8,29.746,0,0,0.11 | 0.11 | 0.12,0,0.51 | 0.83 | 1.09,0,3.65 | 4.83 | 7.92,19.001,0.000,0,1,0,0,0,0,-1,0,0,0,,0,,0,,0,0,0,1
1723314260,3843,8,8,8,8,29.746,0,0,0.11 | 0.11 | 0.12,0,0.51 | 0.83 | 1.09,0,3.65 | 4.83 | 7.92,19.001,0.000,0,1,0,0,0,0,-1,0,0,0,,0,,0,,0,0,0,1
1723314260,3843,8,8,8,8,28.684,0,0,0.11 | 0.11 | 0.12,0,0.51 | 0.83 | 1.09,0,3.65 | 4.83 | 7.92,19.001,0.000,0,1,0,0,0,0,-1,0,0,0,,0,,0,,0,0,0,1
1723314261,3843,8,8,8,8,28.684,0,0,0.11 | 0.11 | 0.12,0,0.51 | 0.83 | 1.09,0,3.65 | 4.83 | 7.92,19.001,0.000,0,1,0,0,0,0,-1,0,0,0,,0,,0,,0,0,0,1
1723314261,3843,8,8,8,8,28.684,0,0,0.11 | 0.11 | 0.12,0,0.51 | 0.83 | 1.09,0,3.65 | 4.83 | 7.92,19.001,0.000,0,1,0,0,0,0,-1,0,0,0,,0,,0,,0,0,0,1
1723314261,3843,8,8,8,8,28.684,0,0,0.11 | 0.11 | 0.12,0,0.51 | 0.83 | 1.09,0,3.65 | 4.83 | 7.92,19.001,0.000,0,1,0,0,0,0,-1,0,0,0,,0,,0,,0,0,0,1
1723314261,3843,8,8,8,8,28.684,0,0,0.11 | 0.11 | 0.12,0,0.51 | 0.83 | 1.09,0,3.65 | 4.83 | 7.92,19.001,0.000,0,1,0,0,0,0,-1,0,0,0,,0,,0,,0,0,0,1
1723314261,3843,8,8,8,8,28.684,0,0,0.11 | 0.11 | 0.12,0,0.51 | 0.83 | 1.09,0,3.65 | 4.83 | 7.92,19.001,0.000,0,1,0,0,0,0,-1,0,0,0,,0,,0,,0,0,0,1
1723314261,3843,8,8,8,8,28.684,0,0,0.11 | 0.11 | 0.12,0,0.51 | 0.83 | 1.09,0,3.65 | 4.83 | 7.92,19.001,0.000,0,1,0,0,0,0,-1,0,0,0,,0,,0,,0,0,0,1
1723314261,3843,8,8,8,8,28.684,0,0,0.11 | 0.11 | 0.12,0,0.51 | 0.83 | 1.09,0,3.65 | 4.83 | 7.92,19.001,0.000,0,1,0,0,0,0,-1,0,0,0,,0,,0,,0,0,0,1
1723314261,3843,8,8,8,8,28.684,0,0,0.11 | 0.11 | 0.12,0,0.51 | 0.83 | 1.09,0,3.65 | 4.83 | 7.92,19.001,0.000,0,1,0,0,0,0,-1,0,0,0,,0,,0,,0,0,0,1
1723314261,3843,8,8,8,8,28.684,0,0,0.11 | 0.11 | 0.12,0,0.51 | 0.83 | 1.09,0,3.65 | 4.83 | 7.92,19.001,0.000,0,1,0,0,0,0,-1,0,0,0,,0,,0,,0,0,0,1
1723314261,3843,8,8,8,8,32.421,0,0,0.11 | 0.11 | 0.11,0,0.51 | 0.80 | 1.02,0,3.93 | 5.01 | 7.92,18.997,0.000,0,1,0,0,0,0,-1,0,0,0,,0,,0,,0,0,0,1
1723314262,3843,8,8,8,8,32.421,0,0,0.11 | 0.11 | 0.11,0,0.51 | 0.80 | 1.02,0,3.93 | 5.01 | 7.92,18.997,0.000,0,1,0,0,0,0,-1,0,0,0,,0,,0,,0,0,0,1
1723314262,3843,8,8,8,8,32.421,0,0,0.11 | 0.11 | 0.11,0,0.51 | 0.80 | 1.02,0,3.93 | 5.01 | 7.92,18.997,0.000,0,1,0,0,0,0,-1,0,0,0,,0,,0,,0,0,0,1
1723314262,3843,8,8,8,8,32.421,0,0,0.11 | 0.11 | 0.11,0,0.51 | 0.80 | 1.02,0,3.93 | 5.01 | 7.92,18.997,0.000,0,1,0,0,0,0,-1,0,0,0,,0,,0,,0,0,0,1
1723314262,3843,8,8,8,8,32.421,0,0,0.11 | 0.11 | 0.11,0,0.51 | 0.80 | 1.02,0,3.93 | 5.01 | 7.92,18.997,0.000,0,1,0,0,0,0,-1,0,0,0,,0,,0,,0,0,0,1
1723314262,3843,8,8,8,8,32.421,0,0,0.11 | 0.11 | 0.11,0,0.51 | 0.80 | 1.02,0,3.93 | 5.01 | 7.92,18.997,0.000,0,1,0,0,0,0,-1,0,0,0,,0,,0,,0,0,0,1
1723314262,3843,8,8,8,8,32.421,0,0,0.11 | 0.11 | 0.11,0,0.51 | 0.80 | 1.02,0,3.93 | 5.01 | 7.92,18.997,0.000,0,1,0,0,0,0,-1,0,0,0,,0,,0,,0,0,0,1
1723314262,3843,8,8,8,8,32.421,0,0,0.11 | 0.11 | 0.11,0,0.51 | 0.80 | 1.02,0,3.93 | 5.01 | 7.92,18.997,0.000,0,1,0,0,0,0,-1,0,0,0,,0,,0,,0,0,0,1
1723314262,3843,8,8,8,8,32.421,0,0,0.11 | 0.11 | 0.11,0,0.51 | 0.80 | 1.02,0,3.93 | 5.01 | 7.92,18.997,0.000,0,1,0,0,0,0,-1,0,0,0,,0,,0,,0,0,0,1
1723314262,3843,8,8,8,8,32.421,0,0,0.11 | 0.11 | 0.11,0,0.51 | 0.80 | 1.02,0,3.93 | 5.01 | 7.92,18.997,0.000,0,1,0,0,0,0,-1,0,0,0,,0,,0,,0,0,0,1
1723314262,3843,8,8,8,8,31.357,0,0,0.11 | 0.11 | 0.11,0,0.51 | 0.80 | 1.02,0,3.93 | 5.01 | 7.92,18.997,0.000,0,1,0,0,0,0,-1,0,0,0,,0,,0,,0,0,0,1
1723314263,3843,8,8,8,8,31.357,0,0,0.11 | 0.11 | 0.11,0,0.51 | 0.80 | 1.02,0,3.93 | 5.01 | 7.92,18.997,0.000,0,1,0,0,0,0,-1,0,0,0,,0,,0,,0,0,0,1
1723314263,3843,8,8,8,8,31.357,0,0,0.11 | 0.11 | 0.11,0,0.51 | 0.80 | 1.02,0,3.93 | 5.01 | 7.92,18.997,0.000,0,1,0,0,0,0,-1,0,0,0,,0,,0,,0,0,0,1
1723314263,3843,8,8,8,8,31.357,0,0,0.11 | 0.11 | 0.11,0,0.51 | 0.80 | 1.02,0,3.93 | 5.01 | 7.92,18.997,0.000,0,1,0,0,0,0,-1,0,0,0,,0,,0,,0,0,0,1
1723314263,3843,8,8,8,8,31.357,0,0,0.11 | 0.11 | 0.11,0,0.51 | 0.80 | 1.02,0,3.93 | 5.01 | 7.92,18.997,0.000,0,1,0,0,0,0,-1,0,0,0,,0,,0,,0,0,0,1
1723314263,3843,8,8,8,8,31.357,0,0,0.11 | 0.11 | 0.11,0,0.51 | 0.80 | 1.02,0,3.93 | 5.01 | 7.92,18.997,0.000,0,1,0,0,0,0,-1,0,0,0,,0,,0,,0,0,0,1
1723314263,3843,8,8,8,8,31.357,0,0,0.11 | 0.11 | 0.11,0,0.51 | 0.80 | 1.02,0,3.93 | 5.01 | 7.92,18.997,0.000,0,1,0,0,0,0,-1,0,0,0,,0,,0,,0,0,0,1
1723314263,3843,8,8,8,8,31.357,0,0,0.11 | 0.11 | 0.11,0,0.51 | 0.80 | 1.02,0,3.93 | 5.01 | 7.92,18.997,0.000,0,1,0,0,0,0,-1,0,0,0,,0,,0,,0,0,0,1
1723314263,3843,8,8,8,8,31.357,0,0,0.11 | 0.11 | 0.11,0,0.51 | 0.80 | 1.02,0,3.93 | 5.01 | 7.92,18.997,0.000,0,1,0,0,0,0,-1,0,0,0,,0,,0,,0,0,0,1
1723314263,3843,8,8,8,8,31.357,0,0,0.11 | 0.11 | 0.11,0,0.51 | 0.80 | 1.02,0,3.93 | 5.01 | 7.92,18.997,0.000,0,1,0,0,0,0,-1,0,0,0,,0,,0,,0,0,0,1
1723314263,3843,8,8,8,8,30.562,0,0,0.11 | 0.11 | 0.11,0,0.51 | 0.80 | 1.02,0,3.93 | 5.01 | 7.92,18.997,0.000,0,1,0,0,0,0,-1,0,0,0,,0,,0,,0,0,0,1
1723314264,3843,8,8,8,8,30.562,0,0,0.11 | 0.11 | 0.11,0,0.51 | 0.80 | 1.02,0,3.93 | 5.01 | 7.92,18.997,0.000,0,1,0,0,0,0,-1,0,0,0,,0,,0,,0,0,0,1
1723314264,3843,8,8,8,8,30.562,0,0,0.11 | 0.11 | 0.11,0,0.51 | 0.80 | 1.02,0,3.93 | 5.01 | 7.92,18.997,0.000,0,1,0,0,0,0,-1,0,0,0,,0,,0,,0,0,0,1
1723314264,3843,8,8,8,8,30.562,0,0,0.11 | 0.11 | 0.11,0,0.51 | 0.80 | 1.02,0,3.93 | 5.01 | 7.92,18.997,0.000,0,1,0,0,0,0,-1,0,0,0,,0,,0,,0,0,0,1
1723314264,3843,8,8,8,8,30.562,0,0,0.11 | 0.11 | 0.11,0,0.51 | 0.80 | 1.02,0,3.93 | 5.01 | 7.92,18.997,0.000,0,1,0,0,0,0,-1,0,0,0,,0,,0,,0,0,0,1
1723314264,3843,8,8,8,8,30.562,0,0,0.11 | 0.11 | 0.11,0,0.51 | 0.80 | 1.02,0,3.93 | 5.01 | 7.92,18.997,0.000,0,1,0,0,0,0,-1,0,0,0,,0,,0,,0,0,0,1
1723314264,3843,8,8,8,8,30.562,0,0,0.11 | 0.11 | 0.11,0,0.51 | 0.80 | 1.02,0,3.93 | 5.01 | 7.92,18.997,0.000,0,1,0,0,0,0,-1,0,0,0,,0,,0,,0,0,0,1
1723314264,3843,8,8,8,8,30.562,0,0,0.11 | 0.11 | 0.11,0,0.51 | 0.80 | 1.02,0,3.93 | 5.01 | 7.92,18.997,0.000,0,1,0,0,0,0,-1,0,0,0,,0,,0,,0,0,0,1
1723314264,3843,8,8,8,8,30.562,0,0,0.11 | 0.11 | 0.11,0,0.51 | 0.80 | 1.02,0,3.93 | 5.01 | 7.92,18.997,0.000,0,1,0,0,0,0,-1,0,0,0,,0,,0,,0,0,0,1
1723314264,3843,8,8,8,8,30.562,0,0,0.11 | 0.11 | 0.11,0,0.51 | 0.80 | 1.02,0,3.93 | 5.01 | 7.92,18.997,0.000,0,1,0,0,0,0,-1,0,0,0,,0,,0,,0,0,0,1
1723314264,3843,8,8,8,8,29.5,0,0,0.11 | 0.11 | 0.11,0,0.51 | 0.80 | 1.02,0,3.93 | 5.01 | 7.92,18.997,0.000,0,1,0,0,0,0,-1,0,0,0,,0,,0,,0,0,0,1
1723314265,3843,8,8,8,8,29.5,0,0,0.11 | 0.11 | 0.11,0,0.51 | 0.80 | 1.02,0,3.93 | 5.01 | 7.92,18.997,0.000,0,1,0,0,0,0,-1,0,0,0,,0,,0,,0,0,0,1
1723314265,3843,8,8,8,8,29.5,0,0,0.11 | 0.11 | 0.11,0,0.51 | 0.80 | 1.02,0,3.93 | 5.01 | 7.92,18.997,0.000,0,1,0,0,0,0,-1,0,0,0,,0,,0,,0,0,0,1
1723314265,3843,8,8,8,8,29.5,0,0,0.11 | 0.11 | 0.11,0,0.51 | 0.80 | 1.02,0,3.93 | 5.01 | 7.92,18.997,0.000,0,1,0,0,0,0,-1,0,0,0,,0,,0,,0,0,0,1
1723314265,3843,8,8,8,8,29.5,0,0,0.11 | 0.11 | 0.11,0,0.51 | 0.80 | 1.02,0,3.93 | 5.01 | 7.92,18.997,0.000,0,1,0,0,0,0,-1,0,0,0,,0,,0,,0,0,0,1
1723314265,3843,8,8,8,8,29.5,0,0,0.11 | 0.11 | 0.11,0,0.51 | 0.80 | 1.02,0,3.93 | 5.01 | 7.92,18.997,0.000,0,1,0,0,0,0,-1,0,0,0,,0,,0,,0,0,0,1
1723314265,3843,8,8,8,8,29.5,0,0,0.11 | 0.11 | 0.11,0,0.51 | 0.80 | 1.02,0,3.93 | 5.01 | 7.92,18.997,0.000,0,1,0,0,0,0,-1,0,0,0,,0,,0,,0,0,0,1
1723314265,3843,8,8,8,8,29.5,0,0,0.11 | 0.11 | 0.11,0,0.51 | 0.80 | 1.02,0,3.93 | 5.01 | 7.92,18.997,0.000,0,1,0,0,0,0,-1,0,0,0,,0,,0,,0,0,0,1
1723314265,3843,8,8,8,8,29.5,0,0,0.11 | 0.11 | 0.11,0,0.51 | 0.80 | 1.02,0,3.93 | 5.01 | 7.92,18.997,0.000,0,1,0,0,0,0,-1,0,0,0,,0,,0,,0,0,0,1
1723314265,3843,8,8,8,8,29.5,0,0,0.11 | 0.11 | 0.11,0,0.51 | 0.80 | 1.02,0,3.93 | 5.01 | 7.92,18.997,0.000,0,1,0,0,0,0,-1,0,0,0,,0,,0,,0,0,0,1
1723314265,3843,8,8,8,8,31.637,0,0,0.11 | 0.11 | 0.11,0,0.51 | 0.83 | 1.02,0,3.93 | 4.83 | 7.92,18.982,0.000,0,1,0,0,0,0,-1,0,0,0,,0,,0,,0,0,0,1
1723314266,3843,8,8,8,8,31.637,0,0,0.11 | 0.11 | 0.11,0,0.51 | 0.83 | 1.02,0,3.93 | 4.83 | 7.92,18.982,0.000,0,1,0,0,0,0,-1,0,0,0,,0,,0,,0,0,0,1
1723314266,3843,8,8,8,8,31.637,0,0,0.11 | 0.11 | 0.11,0,0.51 | 0.83 | 1.02,0,3.93 | 4.83 | 7.92,18.982,0.000,0,1,0,0,0,0,-1,0,0,0,,0,,0,,0,0,0,1
1723314266,3843,8,8,8,8,31.637,0,0,0.11 | 0.11 | 0.11,0,0.51 | 0.83 | 1.02,0,3.93 | 4.83 | 7.92,18.982,0.000,0,1,0,0,0,0,-1,0,0,0,,0,,0,,0,0,0,1
1723314266,3843,8,8,8,8,31.637,0,0,0.11 | 0.11 | 0.11,0,0.51 | 0.83 | 1.02,0,3.93 | 4.83 | 7.92,18.982,0.000,0,1,0,0,0,0,-1,0,0,0,,0,,0,,0,0,0,1
1723314266,3843,8,8,8,8,31.637,0,0,0.11 | 0.11 | 0.11,0,0.51 | 0.83 | 1.02,0,3.93 | 4.83 | 7.92,18.982,0.000,0,1,0,0,0,0,-1,0,0,0,,0,,0,,0,0,0,1
1723314266,3843,8,8,8,8,31.637,0,0,0.11 | 0.11 | 0.11,0,0.51 | 0.83 | 1.02,0,3.93 | 4.83 | 7.92,18.982,0.000,0,1,0,0,0,0,-1,0,0,0,,0,,0,,0,0,0,1
1723314266,3843,8,8,8,8,31.637,0,0,0.11 | 0.11 | 0.11,0,0.51 | 0.83 | 1.02,0,3.93 | 4.83 | 7.92,18.982,0.000,0,1,0,0,0,0,-1,0,0,0,,0,,0,,0,0,0,1
1723314266,3843,8,8,8,8,31.637,0,0,0.11 | 0.11 | 0.11,0,0.51 | 0.83 | 1.02,0,3.93 | 4.83 | 7.92,18.982,0.000,0,1,0,0,0,0,-1,0,0,0,,0,,0,,0,0,0,1
1723314266,3843,8,8,8,8,31.637,0,0,0.11 | 0.11 | 0.11,0,0.51 | 0.83 | 1.02,0,3.93 | 4.83 | 7.92,18.982,0.000,0,1,0,0,0,0,-1,0,0,0,,0,,0,,0,0,0,1
1723314266,3843,8,8,8,8,30.575,0,0,0.11 | 0.11 | 0.11,0,0.51 | 0.83 | 1.02,0,3.93 | 4.83 | 7.92,18.982,0.000,0,1,0,0,0,0,-1,0,0,0,,0,,0,,0,0,0,1
1723314267,3843,8,8,8,8,30.575,0,0,0.11 | 0.11 | 0.11,0,0.51 | 0.83 | 1.02,0,3.93 | 4.83 | 7.92,18.982,0.000,0,1,0,0,0,0,-1,0,0,0,,0,,0,,0,0,0,1
1723314267,3843,8,8,8,8,30.575,0,0,0.11 | 0.11 | 0.11,0,0.51 | 0.83 | 1.02,0,3.93 | 4.83 | 7.92,18.982,0.000,0,1,0,0,0,0,-1,0,0,0,,0,,0,,0,0,0,1
1723314267,3843,8,8,8,8,30.575,0,0,0.11 | 0.11 | 0.11,0,0.51 | 0.83 | 1.02,0,3.93 | 4.83 | 7.92,18.982,0.000,0,1,0,0,0,0,-1,0,0,0,,0,,0,,0,0,0,1
1723314267,3843,8,8,8,8,30.575,0,0,0.11 | 0.11 | 0.11,0,0.51 | 0.83 | 1.02,0,3.93 | 4.83 | 7.92,18.982,0.000,0,1,0,0,0,0,-1,0,0,0,,0,,0,,0,0,0,1
1723314267,3843,8,8,8,8,30.575,0,0,0.11 | 0.11 | 0.11,0,0.51 | 0.83 | 1.02,0,3.93 | 4.83 | 7.92,18.982,0.000,0,1,0,0,0,0,-1,0,0,0,,0,,0,,0,0,0,1
1723314267,3843,8,8,8,8,30.575,0,0,0.11 | 0.11 | 0.11,0,0.51 | 0.83 | 1.02,0,3.93 | 4.83 | 7.92,18.982,0.000,0,1,0,0,0,0,-1,0,0,0,,0,,0,,0,0,0,1
1723314267,3843,8,8,8,8,30.575,0,0,0.11 | 0.11 | 0.11,0,0.51 | 0.83 | 1.02,0,3.93 | 4.83 | 7.92,18.982,0.000,0,1,0,0,0,0,-1,0,0,0,,0,,0,,0,0,0,1
1723314267,3843,8,8,8,8,30.575,0,0,0.11 | 0.11 | 0.11,0,0.51 | 0.83 | 1.02,0,3.93 | 4.83 | 7.92,18.982,0.000,0,1,0,0,0,0,-1,0,0,0,,0,,0,,0,0,0,1
1723314267,3843,8,8,8,8,30.575,0,0,0.11 | 0.11 | 0.11,0,0.51 | 0.83 | 1.02,0,3.93 | 4.83 | 7.92,18.982,0.000,0,1,0,0,0,0,-1,0,0,0,,0,,0,,0,0,0,1
1723314267,3843,8,8,8,8,29.778,0,0,0.11 | 0.11 | 0.11,0,0.51 | 0.83 | 1.02,0,3.93 | 4.83 | 7.92,18.982,0.000,0,1,0,0,0,0,-1,0,0,0,,0,,0,,0,0,0,1
1723314268,3843,8,8,8,8,29.778,0,0,0.11 | 0.11 | 0.11,0,0.51 | 0.83 | 1.02,0,3.93 | 4.83 | 7.92,18.982,0.000,0,1,0,0,0,0,-1,0,0,0,,0,,0,,0,0,0,1
1723314268,3843,8,8,8,8,29.778,0,0,0.11 | 0.11 | 0.11,0,0.51 | 0.83 | 1.02,0,3.93 | 4.83 | 7.92,18.982,0.000,0,1,0,0,0,0,-1,0,0,0,,0,,0,,0,0,0,1
1723314268,3843,8,8,8,8,29.778,0,0,0.11 | 0.11 | 0.11,0,0.51 | 0.83 | 1.02,0,3.93 | 4.83 | 7.92,18.982,0.000,0,1,0,0,0,0,-1,0,0,0,,0,,0,,0,0,0,1
1723314268,3843,8,8,8,8,29.778,0,0,0.11 | 0.11 | 0.11,0,0.51 | 0.83 | 1.02,0,3.93 | 4.83 | 7.92,18.982,0.000,0,1,0,0,0,0,-1,0,0,0,,0,,0,,0,0,0,1
1723314268,3843,8,8,8,8,29.778,0,0,0.11 | 0.11 | 0.11,0,0.51 | 0.83 | 1.02,0,3.93 | 4.83 | 7.92,18.982,0.000,0,1,0,0,0,0,-1,0,0,0,,0,,0,,0,0,0,1
1723314268,3843,8,8,8,8,29.778,0,0,0.11 | 0.11 | 0.11,0,0.51 | 0.83 | 1.02,0,3.93 | 4.83 | 7.92,18.982,0.000,0,1,0,0,0,0,-1,0,0,0,,0,,0,,0,0,0,1
1723314268,3843,8,8,8,8,29.778,0,0,0.11 | 0.11 | 0.11,0,0.51 | 0.83 | 1.02,0,3.93 | 4.83 | 7.92,18.982,0.000,0,1,0,0,0,0,-1,0,0,0,,0,,0,,0,0,0,1
1723314268,3843,8,8,8,8,29.778,0,0,0.11 | 0.11 | 0.11,0,0.51 | 0.83 | 1.02,0,3.93 | 4.83 | 7.92,18.982,0.000,0,1,0,0,0,0,-1,0,0,0,,0,,0,,0,0,0,1
1723314268,3843,8,8,8,8,29.778,0,0,0.11 | 0.11 | 0.11,0,0.51 | 0.83 | 1.02,0,3.93 | 4.83 | 7.92,18.982,0.000,0,1,0,0,0,0,-1,0,0,0,,0,,0,,0,0,0,1
1723314268,3843,8,8,8,8,28.714,0,0,0.11 | 0.11 | 0.11,0,0.51 | 0.83 | 1.02,0,3.93 | 4.83 | 7.92,18.982,0.000,0,1,0,0,0,0,-1,0,0,0,,0,,0,,0,0,0,1
1723314269,3843,8,8,8,8,28.714,0,0,0.11 | 0.11 | 0.11,0,0.51 | 0.83 | 1.02,0,3.93 | 4.83 | 7.92,18.982,0.000,0,1,0,0,0,0,-1,0,0,0,,0,,0,,0,0,0,1
1723314269,3843,8,8,8,8,28.714,0,0,0.11 | 0.11 | 0.11,0,0.51 | 0.83 | 1.02,0,3.93 | 4.83 | 7.92,18.982,0.000,0,1,0,0,0,0,-1,0,0,0,,0,,0,,0,0,0,1
1723314269,3843,8,8,8,8,28.714,0,0,0.11 | 0.11 | 0.11,0,0.51 | 0.83 | 1.02,0,3.93 | 4.83 | 7.92,18.982,0.000,0,1,0,0,0,0,-1,0,0,0,,0,,0,,0,0,0,1
1723314269,3843,8,8,8,8,28.714,0,0,0.11 | 0.11 | 0.11,0,0.51 | 0.83 | 1.02,0,3.93 | 4.83 | 7.92,18.982,0.000,0,1,0,0,0,0,-1,0,0,0,,0,,0,,0,0,0,1
1723314269,3843,8,8,8,8,28.714,0,0,0.11 | 0.11 | 0.11,0,0.51 | 0.83 | 1.02,0,3.93 | 4.83 | 7.92,18.982,0.000,0,1,0,0,0,0,-1,0,0,0,,0,,0,,0,0,0,1
1723314269,3843,8,8,8,8,28.714,0,0,0.11 | 0.11 | 0.11,0,0.51 | 0.83 | 1.02,0,3.93 | 4.83 | 7.92,18.982,0.000,0,1,0,0,0,0,-1,0,0,0,,0,,0,,0,0,0,1
1723314269,3843,8,8,8,8,28.714,0,0,0.11 | 0.11 | 0.11,0,0.51 | 0.83 | 1.02,0,3.93 | 4.83 | 7.92,18.982,0.000,0,1,0,0,0,0,-1,0,0,0,,0,,0,,0,0,0,1
1723314269,3843,8,8,8,8,28.714,0,0,0.11 | 0.11 | 0.11,0,0.51 | 0.83 | 1.02,0,3.93 | 4.83 | 7.92,18.982,0.000,0,1,0,0,0,0,-1,0,0,0,,0,,0,,0,0,0,1
1723314269,3843,8,8,8,8,28.714,0,0,0.11 | 0.11 | 0.11,0,0.51 | 0.83 | 1.02,0,3.93 | 4.83 | 7.92,18.982,0.000,0,1,0,0,0,0,-1,0,0,0,,0,,0,,0,0,0,1
1723314269,3843,8,8,8,8,32.453,0,0,0.11 | 0.11 | 0.11,0,0.51 | 0.82 | 1.00,0,4.00 | 4.85 | 7.92,18.973,0.000,0,1,0,0,0,0,-1,0,0,0,,0,,0,,0,0,0,1
1723314270,3843,8,8,8,8,32.453,0,0,0.11 | 0.11 | 0.11,0,0.51 | 0.82 | 1.00,0,4.00 | 4.85 | 7.92,18.973,0.000,0,1,0,0,0,0,-1,0,0,0,,0,,0,,0,0,0,1
1723314270,3843,8,8,8,8,32.453,0,0,0.11 | 0.11 | 0.11,0,0.51 | 0.82 | 1.00,0,4.00 | 4.85 | 7.92,18.973,0.000,0,1,0,0,0,0,-1,0,0,0,,0,,0,,0,0,0,1
1723314270,3843,8,8,8,8,32.453,0,0,0.11 | 0.11 | 0.11,0,0.51 | 0.82 | 1.00,0,4.00 | 4.85 | 7.92,18.973,0.000,0,1,0,0,0,0,-1,0,0,0,,0,,0,,0,0,0,1
1723314270,3843,8,8,8,8,32.453,0,0,0.11 | 0.11 | 0.11,0,0.51 | 0.82 | 1.00,0,4.00 | 4.85 | 7.92,18.973,0.000,0,1,0,0,0,0,-1,0,0,0,,0,,0,,0,0,0,1
1723314270,3843,8,8,8,8,32.453,0,0,0.11 | 0.11 | 0.11,0,0.51 | 0.82 | 1.00,0,4.00 | 4.85 | 7.92,18.973,0.000,0,1,0,0,0,0,-1,0,0,0,,0,,0,,0,0,0,1
1723314270,3843,8,8,8,8,32.453,0,0,0.11 | 0.11 | 0.11,0,0.51 | 0.82 | 1.00,0,4.00 | 4.85 | 7.92,18.973,0.000,0,1,0,0,0,0,-1,0,0,0,,0,,0,,0,0,0,1
1723314270,3843,8,8,8,8,32.453,0,0,0.11 | 0.11 | 0.11,0,0.51 | 0.82 | 1.00,0,4.00 | 4.85 | 7.92,18.973,0.000,0,1,0,0,0,0,-1,0,0,0,,0,,0,,0,0,0,1
1723314270,3843,8,8,8,8,32.453,0,0,0.11 | 0.11 | 0.11,0,0.51 | 0.82 | 1.00,0,4.00 | 4.85 | 7.92,18.973,0.000,0,1,0,0,0,0,-1,0,0,0,,0,,0,,0,0,0,1
1723314270,3843,8,8,8,8,32.453,0,0,0.11 | 0.11 | 0.11,0,0.51 | 0.82 | 1.00,0,4.00 | 4.85 | 7.92,18.973,0.000,0,1,0,0,0,0,-1,0,0,0,,0,,0,,0,0,0,1
1723314270,3843,8,8,8,8,31.39,0,0,0.11 | 0.11 | 0.11,0,0.51 | 0.82 | 1.00,0,4.00 | 4.85 | 7.92,18.973,0.000,0,1,0,0,0,0,-1,0,0,0,,0,,0,,0,0,0,1
1723314271,3843,8,8,8,8,31.39,0,0,0.11 | 0.11 | 0.11,0,0.51 | 0.82 | 1.00,0,4.00 | 4.85 | 7.92,18.973,0.000,0,1,0,0,0,0,-1,0,0,0,,0,,0,,0,0,0,1
1723314271,3843,8,8,8,8,31.39,0,0,0.11 | 0.11 | 0.11,0,0.51 | 0.82 | 1.00,0,4.00 | 4.85 | 7.92,18.973,0.000,0,1,0,0,0,0,-1,0,0,0,,0,,0,,0,0,0,1
1723314271,3843,8,8,8,8,31.39,0,0,0.11 | 0.11 | 0.11,0,0.51 | 0.82 | 1.00,0,4.00 | 4.85 | 7.92,18.973,0.000,0,1,0,0,0,0,-1,0,0,0,,0,,0,,0,0,0,1
1723314271,3843,8,8,8,8,31.39,0,0,0.11 | 0.11 | 0.11,0,0.51 | 0.82 | 1.00,0,4.00 | 4.85 | 7.92,18.973,0.000,0,1,0,0,0,0,-1,0,0,0,,0,,0,,0,0,0,1
1723314271,3843,8,8,8,8,31.39,0,0,0.11 | 0.11 | 0.11,0,0.51 | 0.82 | 1.00,0,4.00 | 4.85 | 7.92,18.973,0.000,0,1,0,0,0,0,-1,0,0,0,,0,,0,,0,0,0,1
1723314271,3843,8,8,8,8,31.39,0,0,0.11 | 0.11 | 0.11,0,0.51 | 0.82 | 1.00,0,4.00 | 4.85 | 7.92,18.973,0.000,0,1,0,0,0,0,-1,0,0,0,,0,,0,,0,0,0,1
1723314271,3843,8,8,8,8,31.39,0,0,0.11 | 0.11 | 0.11,0,0.51 | 0.82 | 1.00,0,4.00 | 4.85 | 7.92,18.973,0.000,0,1,0,0,0,0,-1,0,0,0,,0,,0,,0,0,0,1
1723314271,3843,8,8,8,8,31.39,0,0,0.11 | 0.11 | 0.11,0,0.51 | 0.82 | 1.00,0,4.00 | 4.85 | 7.92,18.973,0.000,0,1,0,0,0,0,-1,0,0,0,,0,,0,,0,0,0,1
1723314271,3843,8,8,8,8,31.39,0,0,0.11 | 0.11 | 0.11,0,0.51 | 0.82 | 1.00,0,4.00 | 4.85 | 7.92,18.973,0.000,0,1,0,0,0,0,-1,0,0,0,,0,,0,,0,0,0,1
1723314271,3843,8,8,8,8,30.593,0,0,0.11 | 0.11 | 0.11,0,0.51 | 0.82 | 1.00,0,4.00 | 4.85 | 7.92,18.973,0.000,0,1,0,0,0,0,-1,0,0,0,,0,,0,,0,0,0,1
1723314272,3843,8,8,8,8,30.593,0,0,0.11 | 0.11 | 0.11,0,0.51 | 0.82 | 1.00,0,4.00 | 4.85 | 7.92,18.973,0.000,0,1,0,0,0,0,-1,0,0,0,,0,,0,,0,0,0,1
1723314272,3843,8,8,8,8,30.593,0,0,0.11 | 0.11 | 0.11,0,0.51 | 0.82 | 1.00,0,4.00 | 4.85 | 7.92,18.973,0.000,0,1,0,0,0,0,-1,0,0,0,,0,,0,,0,0,0,1
1723314272,3843,8,8,8,8,30.593,0,0,0.11 | 0.11 | 0.11,0,0.51 | 0.82 | 1.00,0,4.00 | 4.85 | 7.92,18.973,0.000,0,1,0,0,0,0,-1,0,0,0,,0,,0,,0,0,0,1
1723314272,3843,8,8,8,8,30.593,0,0,0.11 | 0.11 | 0.11,0,0.51 | 0.82 | 1.00,0,4.00 | 4.85 | 7.92,18.973,0.000,0,1,0,0,0,0,-1,0,0,0,,0,,0,,0,0,0,1
1723314272,3843,8,8,8,8,30.593,0,0,0.11 | 0.11 | 0.11,0,0.51 | 0.82 | 1.00,0,4.00 | 4.85 | 7.92,18.973,0.000,0,1,0,0,0,0,-1,0,0,0,,0,,0,,0,0,0,1
1723314272,3843,8,8,8,8,30.593,0,0,0.11 | 0.11 | 0.11,0,0.51 | 0.82 | 1.00,0,4.00 | 4.85 | 7.92,18.973,0.000,0,1,0,0,0,0,-1,0,0,0,,0,,0,,0,0,0,1
1723314272,3843,8,8,8,8,30.593,0,0,0.11 | 0.11 | 0.11,0,0.51 | 0.82 | 1.00,0,4.00 | 4.85 | 7.92,18.973,0.000,0,1,0,0,0,0,-1,0,0,0,,0,,0,,0,0,0,1
1723314272,3843,8,8,8,8,30.593,0,0,0.11 | 0.11 | 0.11,0,0.51 | 0.82 | 1.00,0,4.00 | 4.85 | 7.92,18.973,0.000,0,1,0,0,0,0,-1,0,0,0,,0,,0,,0,0,0,1
1723314272,3843,8,8,8,8,30.593,0,0,0.11 | 0.11 | 0.11,0,0.51 | 0.82 | 1.00,0,4.00 | 4.85 | 7.92,18.973,0.000,0,1,0,0,0,0,-1,0,0,0,,0,,0,,0,0,0,1
1723314272,3843,8,8,8,8,29.358,0,0,0.11 | 0.11 | 0.11,0,0.51 | 0.82 | 1.00,0,4.00 | 4.85 | 7.92,18.973,0.000,0,1,0,0,0,0,-1,0,0,0,,0,,0,,0,0,0,1
1723314273,3843,8,8,8,8,29.358,0,0,0.11 | 0.11 | 0.11,0,0.51 | 0.82 | 1.00,0,4.00 | 4.85 | 7.92,18.973,0.000,0,1,0,0,0,0,-1,0,0,0,,0,,0,,0,0,0,1
1723314273,3843,8,8,8,8,29.358,0,0,0.11 | 0.11 | 0.11,0,0.51 | 0.82 | 1.00,0,4.00 | 4.85 | 7.92,18.973,0.000,0,1,0,0,0,0,-1,0,0,0,,0,,0,,0,0,0,1
1723314273,3843,8,8,8,8,29.358,0,0,0.11 | 0.11 | 0.11,0,0.51 | 0.82 | 1.00,0,4.00 | 4.85 | 7.92,18.973,0.000,0,1,0,0,0,0,-1,0,0,0,,0,,0,,0,0,0,1
1723314273,3843,8,8,8,8,29.358,0,0,0.11 | 0.11 | 0.11,0,0.51 | 0.82 | 1.00,0,4.00 | 4.85 | 7.92,18.973,0.000,0,1,0,0,0,0,-1,0,0,0,,0,,0,,0,0,0,1
1723314273,3843,8,8,8,8,29.358,0,0,0.11 | 0.11 | 0.11,0,0.51 | 0.82 | 1.00,0,4.00 | 4.85 | 7.92,18.973,0.000,0,1,0,0,0,0,-1,0,0,0,,0,,0,,0,0,0,1
1723314273,3843,8,8,8,8,29.358,0,0,0.11 | 0.11 | 0.11,0,0.51 | 0.82 | 1.00,0,4.00 | 4.85 | 7.92,18.973,0.000,0,1,0,0,0,0,-1,0,0,0,,0,,0,,0,0,0,1
1723314273,3843,8,8,8,8,29.358,0,0,0.11 | 0.11 | 0.11,0,0.51 | 0.82 | 1.00,0,4.00 | 4.85 | 7.92,18.973,0.000,0,1,0,0,0,0,-1,0,0,0,,0,,0,,0,0,0,1
1723314273,3843,8,8,8,8,29.358,0,0,0.11 | 0.11 | 0.11,0,0.51 | 0.82 | 1.00,0,4.00 | 4.85 | 7.92,18.973,0.000,0,1,0,0,0,0,-1,0,0,0,,0,,0,,0,0,0,1
1723314273,3843,8,8,8,8,29.358,0,0,0.11 | 0.11 | 0.11,0,0.51 | 0.82 | 1.00,0,4.00 | 4.85 | 7.92,18.973,0.000,0,1,0,0,0,0,-1,0,0,0,,0,,0,,0,0,0,1
1723314273,3843,8,8,8,8,31.668,0,0,0.11 | 0.11 | 0.11,0,0.70 | 0.87 | 1.00,0,4.00 | 4.58 | 5.71,18.967,0.000,0,1,0,0,0,0,-1,0,0,0,,0,,0,,0,0,0,1
1723314274,3843,8,8,8,8,31.668,0,0,0.11 | 0.11 | 0.11,0,0.70 | 0.87 | 1.00,0,4.00 | 4.58 | 5.71,18.967,0.000,0,1,0,0,0,0,-1,0,0,0,,0,,0,,0,0,0,1
1723314274,3843,8,8,8,8,31.668,0,0,0.11 | 0.11 | 0.11,0,0.70 | 0.87 | 1.00,0,4.00 | 4.58 | 5.71,18.967,0.000,0,1,0,0,0,0,-1,0,0,0,,0,,0,,0,0,0,1
1723314274,3843,8,8,8,8,31.668,0,0,0.11 | 0.11 | 0.11,0,0.70 | 0.87 | 1.00,0,4.00 | 4.58 | 5.71,18.967,0.000,0,1,0,0,0,0,-1,0,0,0,,0,,0,,0,0,0,1
1723314274,3843,8,8,8,8,31.668,0,0,0.11 | 0.11 | 0.11,0,0.70 | 0.87 | 1.00,0,4.00 | 4.58 | 5.71,18.967,0.000,0,1,0,0,0,0,-1,0,0,0,,0,,0,,0,0,0,1
1723314274,3843,8,8,8,8,31.668,0,0,0.11 | 0.11 | 0.11,0,0.70 | 0.87 | 1.00,0,4.00 | 4.58 | 5.71,18.967,0.000,0,1,0,0,0,0,-1,0,0,0,,0,,0,,0,0,0,1
1723314274,3843,8,8,8,8,31.668,0,0,0.11 | 0.11 | 0.11,0,0.70 | 0.87 | 1.00,0,4.00 | 4.58 | 5.71,18.967,0.000,0,1,0,0,0,0,-1,0,0,0,,0,,0,,0,0,0,1
1723314274,3843,8,8,8,8,31.668,0,0,0.11 | 0.11 | 0.11,0,0.70 | 0.87 | 1.00,0,4.00 | 4.58 | 5.71,18.967,0.000,0,1,0,0,0,0,-1,0,0,0,,0,,0,,0,0,0,1
1723314274,3843,8,8,8,8,31.668,0,0,0.11 | 0.11 | 0.11,0,0.70 | 0.87 | 1.00,0,4.00 | 4.58 | 5.71,18.967,0.000,0,1,0,0,0,0,-1,0,0,0,,0,,0,,0,0,0,1
1723314274,3843,8,8,8,8,31.668,0,0,0.11 | 0.11 | 0.11,0,0.70 | 0.87 | 1.00,0,4.00 | 4.58 | 5.71,18.967,0.000,0,1,0,0,0,0,-1,0,0,0,,0,,0,,0,0,0,1
1723314274,3843,8,8,8,8,30.606,0,0,0.11 | 0.11 | 0.11,0,0.70 | 0.87 | 1.00,0,4.00 | 4.58 | 5.71,18.967,0.000,0,1,0,0,0,0,-1,0,0,0,,0,,0,,0,0,0,1
1723314275,3843,8,8,8,8,30.606,0,0,0.11 | 0.11 | 0.11,0,0.70 | 0.87 | 1.00,0,4.00 | 4.58 | 5.71,18.967,0.000,0,1,0,0,0,0,-1,0,0,0,,0,,0,,0,0,0,1
1723314275,3843,8,8,8,8,30.606,0,0,0.11 | 0.11 | 0.11,0,0.70 | 0.87 | 1.00,0,4.00 | 4.58 | 5.71,18.967,0.000,0,1,0,0,0,0,-1,0,0,0,,0,,0,,0,0,0,1
1723314275,3843,8,8,8,8,30.606,0,0,0.11 | 0.11 | 0.11,0,0.70 | 0.87 | 1.00,0,4.00 | 4.58 | 5.71,18.967,0.000,0,1,0,0,0,0,-1,0,0,0,,0,,0,,0,0,0,1
1723314275,3843,8,8,8,8,30.606,0,0,0.11 | 0.11 | 0.11,0,0.70 | 0.87 | 1.00,0,4.00 | 4.58 | 5.71,18.967,0.000,0,1,0,0,0,0,-1,0,0,0,,0,,0,,0,0,0,1
1723314275,3843,8,8,8,8,30.606,0,0,0.11 | 0.11 | 0.11,0,0.70 | 0.87 | 1.00,0,4.00 | 4.58 | 5.71,18.967,0.000,0,1,0,0,0,0,-1,0,0,0,,0,,0,,0,0,0,1
1723314275,3843,8,8,8,8,30.606,0,0,0.11 | 0.11 | 0.11,0,0.70 | 0.87 | 1.00,0,4.00 | 4.58 | 5.71,18.967,0.000,0,1,0,0,0,0,-1,0,0,0,,0,,0,,0,0,0,1
1723314275,3843,8,8,8,8,30.606,0,0,0.11 | 0.11 | 0.11,0,0.70 | 0.87 | 1.00,0,4.00 | 4.58 | 5.71,18.967,0.000,0,1,0,0,0,0,-1,0,0,0,,0,,0,,0,0,0,1
1723314275,3843,8,8,8,8,30.606,0,0,0.11 | 0.11 | 0.11,0,0.70 | 0.87 | 1.00,0,4.00 | 4.58 | 5.71,18.967,0.000,0,1,0,0,0,0,-1,0,0,0,,0,,0,,0,0,0,1
1723314275,3843,8,8,8,8,30.606,0,0,0.11 | 0.11 | 0.11,0,0.70 | 0.87 | 1.00,0,4.00 | 4.58 | 5.71,18.967,0.000,0,1,0,0,0,0,-1,0,0,0,,0,,0,,0,0,0,1
1723314275,3843,8,8,8,8,29.809,0,0,0.11 | 0.11 | 0.11,0,0.70 | 0.87 | 1.00,0,4.00 | 4.58 | 5.71,18.967,0.000,0,1,0,0,0,0,-1,0,0,0,,0,,0,,0,0,0,1
1723314276,3843,8,8,8,8,29.809,0,0,0.11 | 0.11 | 0.11,0,0.70 | 0.87 | 1.00,0,4.00 | 4.58 | 5.71,18.967,0.000,0,1,0,0,0,0,-1,0,0,0,,0,,0,,0,0,0,1
1723314276,3843,8,8,8,8,29.809,0,0,0.11 | 0.11 | 0.11,0,0.70 | 0.87 | 1.00,0,4.00 | 4.58 | 5.71,18.967,0.000,0,1,0,0,0,0,-1,0,0,0,,0,,0,,0,0,0,1
1723314276,3843,8,8,8,8,29.809,0,0,0.11 | 0.11 | 0.11,0,0.70 | 0.87 | 1.00,0,4.00 | 4.58 | 5.71,18.967,0.000,0,1,0,0,0,0,-1,0,0,0,,0,,0,,0,0,0,1
1723314276,3843,8,8,8,8,29.809,0,0,0.11 | 0.11 | 0.11,0,0.70 | 0.87 | 1.00,0,4.00 | 4.58 | 5.71,18.967,0.000,0,1,0,0,0,0,-1,0,0,0,,0,,0,,0,0,0,1
1723314276,3843,8,8,8,8,29.809,0,0,0.11 | 0.11 | 0.11,0,0.70 | 0.87 | 1.00,0,4.00 | 4.58 | 5.71,18.967,0.000,0,1,0,0,0,0,-1,0,0,0,,0,,0,,0,0,0,1
1723314276,3843,8,8,8,8,29.809,0,0,0.11 | 0.11 | 0.11,0,0.70 | 0.87 | 1.00,0,4.00 | 4.58 | 5.71,18.967,0.000,0,1,0,0,0,0,-1,0,0,0,,0,,0,,0,0,0,1
1723314276,3843,8,8,8,8,29.809,0,0,0.11 | 0.11 | 0.11,0,0.70 | 0.87 | 1.00,0,4.00 | 4.58 | 5.71,18.967,0.000,0,1,0,0,0,0,-1,0,0,0,,0,,0,,0,0,0,1
1723314276,3843,8,8,8,8,29.809,0,0,0.11 | 0.11 | 0.11,0,0.70 | 0.87 | 1.00,0,4.00 | 4.58 | 5.71,18.967,0.000,0,1,0,0,0,0,-1,0,0,0,,0,,0,,0,0,0,1
1723314276,3843,8,8,8,8,29.809,0,0,0.11 | 0.11 | 0.11,0,0.70 | 0.87 | 1.00,0,4.00 | 4.58 | 5.71,18.967,0.000,0,1,0,0,0,0,-1,0,0,0,,0,,0,,0,0,0,1
1723314276,3843,8,8,8,8,28.746,0,0,0.11 | 0.11 | 0.11,0,0.70 | 0.87 | 1.00,0,4.00 | 4.58 | 5.71,18.967,0.000,0,1,0,0,0,0,-1,0,0,0,,0,,0,,0,0,0,1
1723314277,3843,8,8,8,8,28.746,0,0,0.11 | 0.11 | 0.11,0,0.70 | 0.87 | 1.00,0,4.00 | 4.58 | 5.71,18.967,0.000,0,1,0,0,0,0,-1,0,0,0,,0,,0,,0,0,0,1
1723314277,3843,8,8,8,8,28.746,0,0,0.11 | 0.11 | 0.11,0,0.70 | 0.87 | 1.00,0,4.00 | 4.58 | 5.71,18.967,0.000,0,1,0,0,0,0,-1,0,0,0,,0,,0,,0,0,0,1
1723314277,3843,8,8,8,8,28.746,0,0,0.11 | 0.11 | 0.11,0,0.70 | 0.87 | 1.00,0,4.00 | 4.58 | 5.71,18.967,0.000,0,1,0,0,0,0,-1,0,0,0,,0,,0,,0,0,0,1
1723314277,3843,8,8,8,8,28.746,0,0,0.11 | 0.11 | 0.11,0,0.70 | 0.87 | 1.00,0,4.00 | 4.58 | 5.71,18.967,0.000,0,1,0,0,0,0,-1,0,0,0,,0,,0,,0,0,0,1
1723314277,3843,8,8,8,8,28.746,0,0,0.11 | 0.11 | 0.11,0,0.70 | 0.87 | 1.00,0,4.00 | 4.58 | 5.71,18.967,0.000,0,1,0,0,0,0,-1,0,0,0,,0,,0,,0,0,0,1
1723314277,3843,8,8,8,8,28.746,0,0,0.11 | 0.11 | 0.11,0,0.70 | 0.87 | 1.00,0,4.00 | 4.58 | 5.71,18.967,0.000,0,1,0,0,0,0,-1,0,0,0,,0,,0,,0,0,0,1
1723314277,3843,8,8,8,8,28.746,0,0,0.11 | 0.11 | 0.11,0,0.70 | 0.87 | 1.00,0,4.00 | 4.58 | 5.71,18.967,0.000,0,1,0,0,0,0,-1,0,0,0,,0,,0,,0,0,0,1
1723314277,3843,8,8,8,8,28.746,0,0,0.11 | 0.11 | 0.11,0,0.70 | 0.87 | 1.00,0,4.00 | 4.58 | 5.71,18.967,0.000,0,1,0,0,0,0,-1,0,0,0,,0,,0,,0,0,0,1
1723314277,3843,8,8,8,8,28.746,0,0,0.11 | 0.11 | 0.11,0,0.70 | 0.87 | 1.00,0,4.00 | 4.58 | 5.71,18.967,0.000,0,1,0,0,0,0,-1,0,0,0,,0,,0,,0,0,0,1
1723314277,3843,8,8,8,8,32.484,0,0,0.11 | 0.11 | 0.11,0,0.70 | 0.89 | 1.02,0,3.92 | 4.52 | 5.71,18.965,0.000,0,1,0,0,0,0,-1,0,0,0,,0,,0,,0,0,0,1
1723314278,3843,8,8,8,8,32.484,0,0,0.11 | 0.11 | 0.11,0,0.70 | 0.89 | 1.02,0,3.92 | 4.52 | 5.71,18.965,0.000,0,1,0,0,0,0,-1,0,0,0,,0,,0,,0,0,0,1
1723314278,3843,8,8,8,8,32.484,0,0,0.11 | 0.11 | 0.11,0,0.70 | 0.89 | 1.02,0,3.92 | 4.52 | 5.71,18.965,0.000,0,1,0,0,0,0,-1,0,0,0,,0,,0,,0,0,0,1
1723314278,3843,8,8,8,8,32.484,0,0,0.11 | 0.11 | 0.11,0,0.70 | 0.89 | 1.02,0,3.92 | 4.52 | 5.71,18.965,0.000,0,1,0,0,0,0,-1,0,0,0,,0,,0,,0,0,0,1
1723314278,3843,8,8,8,8,32.484,0,0,0.11 | 0.11 | 0.11,0,0.70 | 0.89 | 1.02,0,3.92 | 4.52 | 5.71,18.965,0.000,0,1,0,0,0,0,-1,0,0,0,,0,,0,,0,0,0,1
1723314278,3843,8,8,8,8,32.484,0,0,0.11 | 0.11 | 0.11,0,0.70 | 0.89 | 1.02,0,3.92 | 4.52 | 5.71,18.965,0.000,0,1,0,0,0,0,-1,0,0,0,,0,,0,,0,0,0,1
1723314278,3843,8,8,8,8,32.484,0,0,0.11 | 0.11 | 0.11,0,0.70 | 0.89 | 1.02,0,3.92 | 4.52 | 5.71,18.965,0.000,0,1,0,0,0,0,-1,0,0,0,,0,,0,,0,0,0,1
1723314278,3843,8,8,8,8,32.484,0,0,0.11 | 0.11 | 0.11,0,0.70 | 0.89 | 1.02,0,3.92 | 4.52 | 5.71,18.965,0.000,0,1,0,0,0,0,-1,0,0,0,,0,,0,,0,0,0,1
1723314278,3843,8,8,8,8,32.484,0,0,0.11 | 0.11 | 0.11,0,0.70 | 0.89 | 1.02,0,3.92 | 4.52 | 5.71,18.965,0.000,0,1,0,0,0,0,-1,0,0,0,,0,,0,,0,0,0,1
1723314278,3843,8,8,8,8,32.484,0,0,0.11 | 0.11 | 0.11,0,0.70 | 0.89 | 1.02,0,3.92 | 4.52 | 5.71,18.965,0.000,0,1,0,0,0,0,-1,0,0,0,,0,,0,,0,0,0,1
1723314278,3843,8,8,8,8,31.421,0,0,0.11 | 0.11 | 0.11,0,0.70 | 0.89 | 1.02,0,3.92 | 4.52 | 5.71,18.965,0.000,0,1,0,0,0,0,-1,0,0,0,,0,,0,,0,0,0,1
1723314279,3843,8,8,8,8,31.421,0,0,0.11 | 0.11 | 0.11,0,0.70 | 0.89 | 1.02,0,3.92 | 4.52 | 5.71,18.965,0.000,0,1,0,0,0,0,-1,0,0,0,,0,,0,,0,0,0,1
1723314279,3843,8,8,8,8,31.421,0,0,0.11 | 0.11 | 0.11,0,0.70 | 0.89 | 1.02,0,3.92 | 4.52 | 5.71,18.965,0.000,0,1,0,0,0,0,-1,0,0,0,,0,,0,,0,0,0,1
1723314279,3843,8,8,8,8,31.421,0,0,0.11 | 0.11 | 0.11,0,0.70 | 0.89 | 1.02,0,3.92 | 4.52 | 5.71,18.965,0.000,0,1,0,0,0,0,-1,0,0,0,,0,,0,,0,0,0,1
1723314279,3843,8,8,8,8,31.421,0,0,0.11 | 0.11 | 0.11,0,0.70 | 0.89 | 1.02,0,3.92 | 4.52 | 5.71,18.965,0.000,0,1,0,0,0,0,-1,0,0,0,,0,,0,,0,0,0,1
1723314279,3843,8,8,8,8,31.421,0,0,0.11 | 0.11 | 0.11,0,0.70 | 0.89 | 1.02,0,3.92 | 4.52 | 5.71,18.965,0.000,0,1,0,0,0,0,-1,0,0,0,,0,,0,,0,0,0,1
1723314279,3843,8,8,8,8,31.421,0,0,0.11 | 0.11 | 0.11,0,0.70 | 0.89 | 1.02,0,3.92 | 4.52 | 5.71,18.965,0.000,0,1,0,0,0,0,-1,0,0,0,,0,,0,,0,0,0,1
1723314279,3843,8,8,8,8,31.421,0,0,0.11 | 0.11 | 0.11,0,0.70 | 0.89 | 1.02,0,3.92 | 4.52 | 5.71,18.965,0.000,0,1,0,0,0,0,-1,0,0,0,,0,,0,,0,0,0,1
1723314279,3843,8,8,8,8,31.421,0,0,0.11 | 0.11 | 0.11,0,0.70 | 0.89 | 1.02,0,3.92 | 4.52 | 5.71,18.965,0.000,0,1,0,0,0,0,-1,0,0,0,,0,,0,,0,0,0,1
1723314279,3843,8,8,8,8,31.421,0,0,0.11 | 0.11 | 0.11,0,0.70 | 0.89 | 1.02,0,3.92 | 4.52 | 5.71,18.965,0.000,0,1,0,0,0,0,-1,0,0,0,,0,,0,,0,0,0,1
1723314279,3843,8,8,8,8,30.359,0,0,0.11 | 0.11 | 0.11,0,0.70 | 0.89 | 1.02,0,3.92 | 4.52 | 5.71,18.965,0.000,0,1,0,0,0,0,-1,0,0,0,,0,,0,,0,0,0,1
1723314280,3843,8,8,8,8,30.359,0,0,0.11 | 0.11 | 0.11,0,0.70 | 0.89 | 1.02,0,3.92 | 4.52 | 5.71,18.965,0.000,0,1,0,0,0,0,-1,0,0,0,,0,,0,,0,0,0,1
1723314280,3843,8,8,8,8,30.359,0,0,0.11 | 0.11 | 0.11,0,0.70 | 0.89 | 1.02,0,3.92 | 4.52 | 5.71,18.965,0.000,0,1,0,0,0,0,-1,0,0,0,,0,,0,,0,0,0,1
1723314280,3843,8,8,8,8,30.359,0,0,0.11 | 0.11 | 0.11,0,0.70 | 0.89 | 1.02,0,3.92 | 4.52 | 5.71,18.965,0.000,0,1,0,0,0,0,-1,0,0,0,,0,,0,,0,0,0,1
1723314280,3843,8,8,8,8,30.359,0,0,0.11 | 0.11 | 0.11,0,0.70 | 0.89 | 1.02,0,3.92 | 4.52 | 5.71,18.965,0.000,0,1,0,0,0,0,-1,0,0,0,,0,,0,,0,0,0,1
1723314280,3843,8,8,8,8,30.359,0,0,0.11 | 0.11 | 0.11,0,0.70 | 0.89 | 1.02,0,3.92 | 4.52 | 5.71,18.965,0.000,0,1,0,0,0,0,-1,0,0,0,,0,,0,,0,0,0,1
1723314280,3843,8,8,8,8,30.359,0,0,0.11 | 0.11 | 0.11,0,0.70 | 0.89 | 1.02,0,3.92 | 4.52 | 5.71,18.965,0.000,0,1,0,0,0,0,-1,0,0,0,,0,,0,,0,0,0,1
1723314280,3843,8,8,8,8,30.359,0,0,0.11 | 0.11 | 0.11,0,0.70 | 0.89 | 1.02,0,3.92 | 4.52 | 5.71,18.965,0.000,0,1,0,0,0,0,-1,0,0,0,,0,,0,,0,0,0,1
1723314280,3843,8,8,8,8,30.359,0,0,0.11 | 0.11 | 0.11,0,0.70 | 0.89 | 1.02,0,3.92 | 4.52 | 5.71,18.965,0.000,0,1,0,0,0,0,-1,0,0,0,,0,,0,,0,0,0,1
1723314280,3843,8,8,8,8,30.359,0,0,0.11 | 0.11 | 0.11,0,0.70 | 0.89 | 1.02,0,3.92 | 4.52 | 5.71,18.965,0.000,0,1,0,0,0,0,-1,0,0,0,,0,,0,,0,0,0,1
1723314280,3843,8,8,8,8,29.562,0,0,0.11 | 0.11 | 0.11,0,0.70 | 0.89 | 1.02,0,3.92 | 4.52 | 5.71,18.965,0.000,0,1,0,0,0,0,-1,0,0,0,,0,,0,,0,0,0,1
1723314281,3843,8,8,8,8,29.562,0,0,0.11 | 0.11 | 0.11,0,0.70 | 0.89 | 1.02,0,3.92 | 4.52 | 5.71,18.965,0.000,0,1,0,0,0,0,-1,0,0,0,,0,,0,,0,0,0,1
1723314281,3843,8,8,8,8,29.562,0,0,0.11 | 0.11 | 0.11,0,0.70 | 0.89 | 1.02,0,3.92 | 4.52 | 5.71,18.965,0.000,0,1,0,0,0,0,-1,0,0,0,,0,,0,,0,0,0,1
1723314281,3843,8,8,8,8,29.562,0,0,0.11 | 0.11 | 0.11,0,0.70 | 0.89 | 1.02,0,3.92 | 4.52 | 5.71,18.965,0.000,0,1,0,0,0,0,-1,0,0,0,,0,,0,,0,0,0,1
1723314281,3843,8,8,8,8,29.562,0,0,0.11 | 0.11 | 0.11,0,0.70 | 0.89 | 1.02,0,3.92 | 4.52 | 5.71,18.965,0.000,0,1,0,0,0,0,-1,0,0,0,,0,,0,,0,0,0,1
1723314281,3843,8,8,8,8,29.562,0,0,0.11 | 0.11 | 0.11,0,0.70 | 0.89 | 1.02,0,3.92 | 4.52 | 5.71,18.965,0.000,0,1,0,0,0,0,-1,0,0,0,,0,,0,,0,0,0,1
1723314281,3843,8,8,8,8,29.562,0,0,0.11 | 0.11 | 0.11,0,0.70 | 0.89 | 1.02,0,3.92 | 4.52 | 5.71,18.965,0.000,0,1,0,0,0,0,-1,0,0,0,,0,,0,,0,0,0,1
1723314281,3843,8,8,8,8,29.562,0,0,0.11 | 0.11 | 0.11,0,0.70 | 0.89 | 1.02,0,3.92 | 4.52 | 5.71,18.965,0.000,0,1,0,0,0,0,-1,0,0,0,,0,,0,,0,0,0,1
1723314281,3843,8,8,8,8,29.562,0,0,0.11 | 0.11 | 0.11,0,0.70 | 0.89 | 1.02,0,3.92 | 4.52 | 5.71,18.965,0.000,0,1,0,0,0,0,-1,0,0,0,,0,,0,,0,0,0,1
1723314281,3843,8,8,8,8,29.562,0,0,0.11 | 0.11 | 0.11,0,0.70 | 0.89 | 1.02,0,3.92 | 4.52 | 5.71,18.965,0.000,0,1,0,0,0,0,-1,0,0,0,,0,,0,,0,0,0,1
1723314281,3843,8,8,8,8,31.7,0,0,0.11 | 0.11 | 0.11,0,0.70 | 0.86 | 1.02,0,3.92 | 4.67 | 5.71,18.981,0.000,0,1,0,0,0,0,-1,0,0,0,,0,,0,,0,0,0,1
1723314282,3843,8,8,8,8,31.7,0,0,0.11 | 0.11 | 0.11,0,0.70 | 0.86 | 1.02,0,3.92 | 4.67 | 5.71,18.981,0.000,0,1,0,0,0,0,-1,0,0,0,,0,,0,,0,0,0,1
1723314282,3843,8,8,8,8,31.7,0,0,0.11 | 0.11 | 0.11,0,0.70 | 0.86 | 1.02,0,3.92 | 4.67 | 5.71,18.981,0.000,0,1,0,0,0,0,-1,0,0,0,,0,,0,,0,0,0,1
1723314282,3843,8,8,8,8,31.7,0,0,0.11 | 0.11 | 0.11,0,0.70 | 0.86 | 1.02,0,3.92 | 4.67 | 5.71,18.981,0.000,0,1,0,0,0,0,-1,0,0,0,,0,,0,,0,0,0,1
1723314282,3843,8,8,8,8,31.7,0,0,0.11 | 0.11 | 0.11,0,0.70 | 0.86 | 1.02,0,3.92 | 4.67 | 5.71,18.981,0.000,0,1,0,0,0,0,-1,0,0,0,,0,,0,,0,0,0,1
1723314282,3843,8,8,8,8,31.7,0,0,0.11 | 0.11 | 0.11,0,0.70 | 0.86 | 1.02,0,3.92 | 4.67 | 5.71,18.981,0.000,0,1,0,0,0,0,-1,0,0,0,,0,,0,,0,0,0,1
1723314282,3843,8,8,8,8,31.7,0,0,0.11 | 0.11 | 0.11,0,0.70 | 0.86 | 1.02,0,3.92 | 4.67 | 5.71,18.981,0.000,0,1,0,0,0,0,-1,0,0,0,,0,,0,,0,0,0,1
1723314282,3843,8,8,8,8,31.7,0,0,0.11 | 0.11 | 0.11,0,0.70 | 0.86 | 1.02,0,3.92 | 4.67 | 5.71,18.981,0.000,0,1,0,0,0,0,-1,0,0,0,,0,,0,,0,0,0,1
1723314282,3843,8,8,8,8,31.7,0,0,0.11 | 0.11 | 0.11,0,0.70 | 0.86 | 1.02,0,3.92 | 4.67 | 5.71,18.981,0.000,0,1,0,0,0,0,-1,0,0,0,,0,,0,,0,0,0,1
1723314282,3843,8,8,8,8,31.7,0,0,0.11 | 0.11 | 0.11,0,0.70 | 0.86 | 1.02,0,3.92 | 4.67 | 5.71,18.981,0.000,0,1,0,0,0,0,-1,0,0,0,,0,,0,,0,0,0,1
1723314282,3843,8,8,8,8,30.558,0,0,0.11 | 0.11 | 0.11,0,0.70 | 0.86 | 1.02,0,3.92 | 4.67 | 5.71,18.981,0.000,0,1,0,0,0,0,-1,0,0,0,,0,,0,,0,0,0,1
1723314283,3843,8,8,8,8,30.558,0,0,0.11 | 0.11 | 0.11,0,0.70 | 0.86 | 1.02,0,3.92 | 4.67 | 5.71,18.981,0.000,0,1,0,0,0,0,-1,0,0,0,,0,,0,,0,0,0,1
1723314283,3843,8,8,8,8,30.558,0,0,0.11 | 0.11 | 0.11,0,0.70 | 0.86 | 1.02,0,3.92 | 4.67 | 5.71,18.981,0.000,0,1,0,0,0,0,-1,0,0,0,,0,,0,,0,0,0,1
1723314283,3843,8,8,8,8,30.558,0,0,0.11 | 0.11 | 0.11,0,0.70 | 0.86 | 1.02,0,3.92 | 4.67 | 5.71,18.981,0.000,0,1,0,0,0,0,-1,0,0,0,,0,,0,,0,0,0,1
1723314283,3843,8,8,8,8,30.558,0,0,0.11 | 0.11 | 0.11,0,0.70 | 0.86 | 1.02,0,3.92 | 4.67 | 5.71,18.981,0.000,0,1,0,0,0,0,-1,0,0,0,,0,,0,,0,0,0,1
1723314283,3843,8,8,8,8,30.558,0,0,0.11 | 0.11 | 0.11,0,0.70 | 0.86 | 1.02,0,3.92 | 4.67 | 5.71,18.981,0.000,0,1,0,0,0,0,-1,0,0,0,,0,,0,,0,0,0,1
1723314283,3843,8,8,8,8,30.558,0,0,0.11 | 0.11 | 0.11,0,0.70 | 0.86 | 1.02,0,3.92 | 4.67 | 5.71,18.981,0.000,0,1,0,0,0,0,-1,0,0,0,,0,,0,,0,0,0,1
1723314283,3843,8,8,8,8,30.558,0,0,0.11 | 0.11 | 0.11,0,0.70 | 0.86 | 1.02,0,3.92 | 4.67 | 5.71,18.981,0.000,0,1,0,0,0,0,-1,0,0,0,,0,,0,,0,0,0,1
1723314283,3843,8,8,8,8,30.558,0,0,0.11 | 0.11 | 0.11,0,0.70 | 0.86 | 1.02,0,3.92 | 4.67 | 5.71,18.981,0.000,0,1,0,0,0,0,-1,0,0,0,,0,,0,,0,0,0,1
1723314283,3843,8,8,8,8,30.558,0,0,0.11 | 0.11 | 0.11,0,0.70 | 0.86 | 1.02,0,3.92 | 4.67 | 5.71,18.981,0.000,0,1,0,0,0,0,-1,0,0,0,,0,,0,,0,0,0,1
1723314283,3843,8,8,8,8,29.575,0,0,0.11 | 0.11 | 0.11,0,0.70 | 0.86 | 1.02,0,3.92 | 4.67 | 5.71,18.981,0.000,0,1,0,0,0,0,-1,0,0,0,,0,,0,,0,0,0,1
1723314284,3843,8,8,8,8,29.575,0,0,0.11 | 0.11 | 0.11,0,0.70 | 0.86 | 1.02,0,3.92 | 4.67 | 5.71,18.981,0.000,0,1,0,0,0,0,-1,0,0,0,,0,,0,,0,0,0,1
1723314284,3843,8,8,8,8,29.575,0,0,0.11 | 0.11 | 0.11,0,0.70 | 0.86 | 1.02,0,3.92 | 4.67 | 5.71,18.981,0.000,0,1,0,0,0,0,-1,0,0,0,,0,,0,,0,0,0,1
1723314284,3843,8,8,8,8,29.575,0,0,0.11 | 0.11 | 0.11,0,0.70 | 0.86 | 1.02,0,3.92 | 4.67 | 5.71,18.981,0.000,0,1,0,0,0,0,-1,0,0,0,,0,,0,,0,0,0,1
1723314284,3843,8,8,8,8,29.575,0,0,0.11 | 0.11 | 0.11,0,0.70 | 0.86 | 1.02,0,3.92 | 4.67 | 5.71,18.981,0.000,0,1,0,0,0,0,-1,0,0,0,,0,,0,,0,0,0,1
1723314284,3843,8,8,8,8,29.575,0,0,0.11 | 0.11 | 0.11,0,0.70 | 0.86 | 1.02,0,3.92 | 4.67 | 5.71,18.981,0.000,0,1,0,0,0,0,-1,0,0,0,,0,,0,,0,0,0,1
1723314284,3843,8,8,8,8,29.575,0,0,0.11 | 0.11 | 0.11,0,0.70 | 0.86 | 1.02,0,3.92 | 4.67 | 5.71,18.981,0.000,0,1,0,0,0,0,-1,0,0,0,,0,,0,,0,0,0,1
1723314284,3843,8,8,8,8,29.575,0,0,0.11 | 0.11 | 0.11,0,0.70 | 0.86 | 1.02,0,3.92 | 4.67 | 5.71,18.981,0.000,0,1,0,0,0,0,-1,0,0,0,,0,,0,,0,0,0,1
1723314284,3843,8,8,8,8,29.575,0,0,0.11 | 0.11 | 0.11,0,0.70 | 0.86 | 1.02,0,3.92 | 4.67 | 5.71,18.981,0.000,0,1,0,0,0,0,-1,0,0,0,,0,,0,,0,0,0,1
1723314284,3843,8,8,8,8,29.575,0,0,0.11 | 0.11 | 0.11,0,0.70 | 0.86 | 1.02,0,3.92 | 4.67 | 5.71,18.981,0.000,0,1,0,0,0,0,-1,0,0,0,,0,,0,,0,0,0,1
1723314284,3843,8,8,8,8,28.777,0,0,0.11 | 0.11 | 0.11,0,0.70 | 0.86 | 1.02,0,3.92 | 4.67 | 5.71,18.981,0.000,0,1,0,0,0,0,-1,0,0,0,,0,,0,,0,0,0,1
1723314285,3843,8,8,8,8,28.777,0,0,0.11 | 0.11 | 0.11,0,0.70 | 0.86 | 1.02,0,3.92 | 4.67 | 5.71,18.981,0.000,0,1,0,0,0,0,-1,0,0,0,,0,,0,,0,0,0,1
1723314285,3843,8,8,8,8,28.777,0,0,0.11 | 0.11 | 0.11,0,0.70 | 0.86 | 1.02,0,3.92 | 4.67 | 5.71,18.981,0.000,0,1,0,0,0,0,-1,0,0,0,,0,,0,,0,0,0,1
1723314285,3843,8,8,8,8,28.777,0,0,0.11 | 0.11 | 0.11,0,0.70 | 0.86 | 1.02,0,3.92 | 4.67 | 5.71,18.981,0.000,0,1,0,0,0,0,-1,0,0,0,,0,,0,,0,0,0,1
1723314285,3843,8,8,8,8,28.777,0,0,0.11 | 0.11 | 0.11,0,0.70 | 0.86 | 1.02,0,3.92 | 4.67 | 5.71,18.981,0.000,0,1,0,0,0,0,-1,0,0,0,,0,,0,,0,0,0,1
1723314285,3843,8,8,8,8,28.777,0,0,0.11 | 0.11 | 0.11,0,0.70 | 0.86 | 1.02,0,3.92 | 4.67 | 5.71,18.981,0.000,0,1,0,0,0,0,-1,0,0,0,,0,,0,,0,0,0,1
1723314285,3843,8,8,8,8,28.777,0,0,0.11 | 0.11 | 0.11,0,0.70 | 0.86 | 1.02,0,3.92 | 4.67 | 5.71,18.981,0.000,0,1,0,0,0,0,-1,0,0,0,,0,,0,,0,0,0,1
1723314285,3843,8,8,8,8,28.777,0,0,0.11 | 0.11 | 0.11,0,0.70 | 0.86 | 1.02,0,3.92 | 4.67 | 5.71,18.981,0.000,0,1,0,0,0,0,-1,0,0,0,,0,,0,,0,0,0,1
1723314285,3843,8,8,8,8,28.777,0,0,0.11 | 0.11 | 0.11,0,0.70 | 0.86 | 1.02,0,3.92 | 4.67 | 5.71,18.981,0.000,0,1,0,0,0,0,-1,0,0,0,,0,,0,,0,0,0,1
1723314285,3843,8,8,8,8,28.777,0,0,0.11 | 0.11 | 0.11,0,0.70 | 0.86 | 1.02,0,3.92 | 4.67 | 5.71,18.981,0.000,0,1,0,0,0,0,-1,0,0,0,,0,,0,,0,0,0,1
1723314285,3843,8,8,8,8,32.515,0,0,0.11 | 0.11 | 0.11,0,0.70 | 0.81 | 1.02,0,3.92 | 4.95 | 5.71,18.984,0.000,0,1,0,0,0,0,-1,0,0,0,,0,,0,,0,0,0,1
1723314286,3843,8,8,8,8,32.515,0,0,0.11 | 0.11 | 0.11,0,0.70 | 0.81 | 1.02,0,3.92 | 4.95 | 5.71,18.984,0.000,0,1,0,0,0,0,-1,0,0,0,,0,,0,,0,0,0,1
1723314286,3843,8,8,8,8,32.515,0,0,0.11 | 0.11 | 0.11,0,0.70 | 0.81 | 1.02,0,3.92 | 4.95 | 5.71,18.984,0.000,0,1,0,0,0,0,-1,0,0,0,,0,,0,,0,0,0,1
1723314286,3843,8,8,8,8,32.515,0,0,0.11 | 0.11 | 0.11,0,0.70 | 0.81 | 1.02,0,3.92 | 4.95 | 5.71,18.984,0.000,0,1,0,0,0,0,-1,0,0,0,,0,,0,,0,0,0,1
1723314286,3843,8,8,8,8,32.515,0,0,0.11 | 0.11 | 0.11,0,0.70 | 0.81 | 1.02,0,3.92 | 4.95 | 5.71,18.984,0.000,0,1,0,0,0,0,-1,0,0,0,,0,,0,,0,0,0,1
1723314286,3843,8,8,8,8,32.515,0,0,0.11 | 0.11 | 0.11,0,0.70 | 0.81 | 1.02,0,3.92 | 4.95 | 5.71,18.984,0.000,0,1,0,0,0,0,-1,0,0,0,,0,,0,,0,0,0,1
1723314286,3843,8,8,8,8,32.515,0,0,0.11 | 0.11 | 0.11,0,0.70 | 0.81 | 1.02,0,3.92 | 4.95 | 5.71,18.984,0.000,0,1,0,0,0,0,-1,0,0,0,,0,,0,,0,0,0,1
1723314286,3843,8,8,8,8,32.515,0,0,0.11 | 0.11 | 0.11,0,0.70 | 0.81 | 1.02,0,3.92 | 4.95 | 5.71,18.984,0.000,0,1,0,0,0,0,-1,0,0,0,,0,,0,,0,0,0,1
1723314286,3843,8,8,8,8,32.515,0,0,0.11 | 0.11 | 0.11,0,0.70 | 0.81 | 1.02,0,3.92 | 4.95 | 5.71,18.984,0.000,0,1,0,0,0,0,-1,0,0,0,,0,,0,,0,0,0,1
1723314286,3843,8,8,8,8,32.515,0,0,0.11 | 0.11 | 0.11,0,0.70 | 0.81 | 1.02,0,3.92 | 4.95 | 5.71,18.984,0.000,0,1,0,0,0,0,-1,0,0,0,,0,,0,,0,0,0,1
1723314286,3843,8,8,8,8,31.453,0,0,0.11 | 0.11 | 0.11,0,0.70 | 0.81 | 1.02,0,3.92 | 4.95 | 5.71,18.984,0.000,0,1,0,0,0,0,-1,0,0,0,,0,,0,,0,0,0,1
1723314287,3843,8,8,8,8,31.453,0,0,0.11 | 0.11 | 0.11,0,0.70 | 0.81 | 1.02,0,3.92 | 4.95 | 5.71,18.984,0.000,0,1,0,0,0,0,-1,0,0,0,,0,,0,,0,0,0,1
1723314287,3843,8,8,8,8,31.453,0,0,0.11 | 0.11 | 0.11,0,0.70 | 0.81 | 1.02,0,3.92 | 4.95 | 5.71,18.984,0.000,0,1,0,0,0,0,-1,0,0,0,,0,,0,,0,0,0,1
1723314287,3843,8,8,8,8,31.453,0,0,0.11 | 0.11 | 0.11,0,0.70 | 0.81 | 1.02,0,3.92 | 4.95 | 5.71,18.984,0.000,0,1,0,0,0,0,-1,0,0,0,,0,,0,,0,0,0,1
1723314287,3843,8,8,8,8,31.453,0,0,0.11 | 0.11 | 0.11,0,0.70 | 0.81 | 1.02,0,3.92 | 4.95 | 5.71,18.984,0.000,0,1,0,0,0,0,-1,0,0,0,,0,,0,,0,0,0,1
1723314287,3843,8,8,8,8,31.453,0,0,0.11 | 0.11 | 0.11,0,0.70 | 0.81 | 1.02,0,3.92 | 4.95 | 5.71,18.984,0.000,0,1,0,0,0,0,-1,0,0,0,,0,,0,,0,0,0,1
1723314287,3843,8,8,8,8,31.453,0,0,0.11 | 0.11 | 0.11,0,0.70 | 0.81 | 1.02,0,3.92 | 4.95 | 5.71,18.984,0.000,0,1,0,0,0,0,-1,0,0,0,,0,,0,,0,0,0,1
1723314287,3843,8,8,8,8,31.453,0,0,0.11 | 0.11 | 0.11,0,0.70 | 0.81 | 1.02,0,3.92 | 4.95 | 5.71,18.984,0.000,0,1,0,0,0,0,-1,0,0,0,,0,,0,,0,0,0,1
1723314287,3843,8,8,8,8,31.453,0,0,0.11 | 0.11 | 0.11,0,0.70 | 0.81 | 1.02,0,3.92 | 4.95 | 5.71,18.984,0.000,0,1,0,0,0,0,-1,0,0,0,,0,,0,,0,0,0,1
1723314287,3843,8,8,8,8,31.453,0,0,0.11 | 0.11 | 0.11,0,0.70 | 0.81 | 1.02,0,3.92 | 4.95 | 5.71,18.984,0.000,0,1,0,0,0,0,-1,0,0,0,,0,,0,,0,0,0,1
1723314287,3843,8,8,8,8,30.39,0,0,0.11 | 0.11 | 0.11,0,0.70 | 0.81 | 1.02,0,3.92 | 4.95 | 5.71,18.984,0.000,0,1,0,0,0,0,-1,0,0,0,,0,,0,,0,0,0,1
1723314288,3843,8,8,8,8,30.39,0,0,0.11 | 0.11 | 0.11,0,0.70 | 0.81 | 1.02,0,3.92 | 4.95 | 5.71,18.984,0.000,0,1,0,0,0,0,-1,0,0,0,,0,,0,,0,0,0,1
1723314288,3843,8,8,8,8,30.39,0,0,0.11 | 0.11 | 0.11,0,0.70 | 0.81 | 1.02,0,3.92 | 4.95 | 5.71,18.984,0.000,0,1,0,0,0,0,-1,0,0,0,,0,,0,,0,0,0,1
1723314288,3843,8,8,8,8,30.39,0,0,0.11 | 0.11 | 0.11,0,0.70 | 0.81 | 1.02,0,3.92 | 4.95 | 5.71,18.984,0.000,0,1,0,0,0,0,-1,0,0,0,,0,,0,,0,0,0,1
1723314288,3843,8,8,8,8,30.39,0,0,0.11 | 0.11 | 0.11,0,0.70 | 0.81 | 1.02,0,3.92 | 4.95 | 5.71,18.984,0.000,0,1,0,0,0,0,-1,0,0,0,,0,,0,,0,0,0,1
1723314288,3843,8,8,8,8,30.39,0,0,0.11 | 0.11 | 0.11,0,0.70 | 0.81 | 1.02,0,3.92 | 4.95 | 5.71,18.984,0.000,0,1,0,0,0,0,-1,0,0,0,,0,,0,,0,0,0,1
1723314288,3843,8,8,8,8,30.39,0,0,0.11 | 0.11 | 0.11,0,0.70 | 0.81 | 1.02,0,3.92 | 4.95 | 5.71,18.984,0.000,0,1,0,0,0,0,-1,0,0,0,,0,,0,,0,0,0,1
1723314288,3843,8,8,8,8,30.39,0,0,0.11 | 0.11 | 0.11,0,0.70 | 0.81 | 1.02,0,3.92 | 4.95 | 5.71,18.984,0.000,0,1,0,0,0,0,-1,0,0,0,,0,,0,,0,0,0,1
1723314288,3843,8,8,8,8,30.39,0,0,0.11 | 0.11 | 0.11,0,0.70 | 0.81 | 1.02,0,3.92 | 4.95 | 5.71,18.984,0.000,0,1,0,0,0,0,-1,0,0,0,,0,,0,,0,0,0,1
1723314288,3843,8,8,8,8,30.39,0,0,0.11 | 0.11 | 0.11,0,0.70 | 0.81 | 1.02,0,3.92 | 4.95 | 5.71,18.984,0.000,0,1,0,0,0,0,-1,0,0,0,,0,,0,,0,0,0,1
1723314288,3843,8,8,8,8,29.593,0,0,0.11 | 0.11 | 0.11,0,0.70 | 0.81 | 1.02,0,3.92 | 4.95 | 5.71,18.984,0.000,0,1,0,0,0,0,-1,0,0,0,,0,,0,,0,0,0,1
1723314289,3843,8,8,8,8,29.593,0,0,0.11 | 0.11 | 0.11,0,0.70 | 0.81 | 1.02,0,3.92 | 4.95 | 5.71,18.984,0.000,0,1,0,0,0,0,-1,0,0,0,,0,,0,,0,0,0,1
1723314289,3843,8,8,8,8,29.593,0,0,0.11 | 0.11 | 0.11,0,0.70 | 0.81 | 1.02,0,3.92 | 4.95 | 5.71,18.984,0.000,0,1,0,0,0,0,-1,0,0,0,,0,,0,,0,0,0,1
1723314289,3843,8,8,8,8,29.593,0,0,0.11 | 0.11 | 0.11,0,0.70 | 0.81 | 1.02,0,3.92 | 4.95 | 5.71,18.984,0.000,0,1,0,0,0,0,-1,0,0,0,,0,,0,,0,0,0,1
1723314289,3843,8,8,8,8,29.593,0,0,0.11 | 0.11 | 0.11,0,0.70 | 0.81 | 1.02,0,3.92 | 4.95 | 5.71,18.984,0.000,0,1,0,0,0,0,-1,0,0,0,,0,,0,,0,0,0,1
1723314289,3843,8,8,8,8,29.593,0,0,0.11 | 0.11 | 0.11,0,0.70 | 0.81 | 1.02,0,3.92 | 4.95 | 5.71,18.984,0.000,0,1,0,0,0,0,-1,0,0,0,,0,,0,,0,0,0,1
1723314289,3843,8,8,8,8,29.593,0,0,0.11 | 0.11 | 0.11,0,0.70 | 0.81 | 1.02,0,3.92 | 4.95 | 5.71,18.984,0.000,0,1,0,0,0,0,-1,0,0,0,,0,,0,,0,0,0,1
1723314289,3843,8,8,8,8,29.593,0,0,0.11 | 0.11 | 0.11,0,0.70 | 0.81 | 1.02,0,3.92 | 4.95 | 5.71,18.984,0.000,0,1,0,0,0,0,-1,0,0,0,,0,,0,,0,0,0,1
1723314289,3843,8,8,8,8,29.593,0,0,0.11 | 0.11 | 0.11,0,0.70 | 0.81 | 1.02,0,3.92 | 4.95 | 5.71,18.984,0.000,0,1,0,0,0,0,-1,0,0,0,,0,,0,,0,0,0,1
1723314289,3843,8,8,8,8,29.593,0,0,0.11 | 0.11 | 0.11,0,0.70 | 0.81 | 1.02,0,3.92 | 4.95 | 5.71,18.984,0.000,0,1,0,0,0,0,-1,0,0,0,,0,,0,,0,0,0,1
1723314289,3843,8,8,8,8,31.731,0,0,0.11 | 0.11 | 0.11,0,0.66 | 0.80 | 1.02,0,3.92 | 5.02 | 6.09,18.977,0.000,0,1,0,0,0,0,-1,0,0,0,,0,,0,,0,0,0,1
1723314290,3843,8,8,8,8,31.731,0,0,0.11 | 0.11 | 0.11,0,0.66 | 0.80 | 1.02,0,3.92 | 5.02 | 6.09,18.977,0.000,0,1,0,0,0,0,-1,0,0,0,,0,,0,,0,0,0,1
1723314290,3843,8,8,8,8,31.731,0,0,0.11 | 0.11 | 0.11,0,0.66 | 0.80 | 1.02,0,3.92 | 5.02 | 6.09,18.977,0.000,0,1,0,0,0,0,-1,0,0,0,,0,,0,,0,0,0,1
1723314290,3843,8,8,8,8,31.731,0,0,0.11 | 0.11 | 0.11,0,0.66 | 0.80 | 1.02,0,3.92 | 5.02 | 6.09,18.977,0.000,0,1,0,0,0,0,-1,0,0,0,,0,,0,,0,0,0,1
1723314290,3843,8,8,8,8,31.731,0,0,0.11 | 0.11 | 0.11,0,0.66 | 0.80 | 1.02,0,3.92 | 5.02 | 6.09,18.977,0.000,0,1,0,0,0,0,-1,0,0,0,,0,,0,,0,0,0,1
1723314290,3843,8,8,8,8,31.731,0,0,0.11 | 0.11 | 0.11,0,0.66 | 0.80 | 1.02,0,3.92 | 5.02 | 6.09,18.977,0.000,0,1,0,0,0,0,-1,0,0,0,,0,,0,,0,0,0,1
1723314290,3843,8,8,8,8,31.731,0,0,0.11 | 0.11 | 0.11,0,0.66 | 0.80 | 1.02,0,3.92 | 5.02 | 6.09,18.977,0.000,0,1,0,0,0,0,-1,0,0,0,,0,,0,,0,0,0,1
1723314290,3843,8,8,8,8,31.731,0,0,0.11 | 0.11 | 0.11,0,0.66 | 0.80 | 1.02,0,3.92 | 5.02 | 6.09,18.977,0.000,0,1,0,0,0,0,-1,0,0,0,,0,,0,,0,0,0,1
1723314290,3843,8,8,8,8,31.731,0,0,0.11 | 0.11 | 0.11,0,0.66 | 0.80 | 1.02,0,3.92 | 5.02 | 6.09,18.977,0.000,0,1,0,0,0,0,-1,0,0,0,,0,,0,,0,0,0,1
1723314290,3843,8,8,8,8,31.731,0,0,0.11 | 0.11 | 0.11,0,0.66 | 0.80 | 1.02,0,3.92 | 5.02 | 6.09,18.977,0.000,0,1,0,0,0,0,-1,0,0,0,,0,,0,,0,0,0,1
1723314290,3843,8,8,8,8,30.668,0,0,0.11 | 0.11 | 0.11,0,0.66 | 0.80 | 1.02,0,3.92 | 5.02 | 6.09,18.977,0.000,0,1,0,0,0,0,-1,0,0,0,,0,,0,,0,0,0,1
1723314291,3843,8,8,8,8,30.668,0,0,0.11 | 0.11 | 0.11,0,0.66 | 0.80 | 1.02,0,3.92 | 5.02 | 6.09,18.977,0.000,0,1,0,0,0,0,-1,0,0,0,,0,,0,,0,0,0,1
1723314291,3843,8,8,8,8,30.668,0,0,0.11 | 0.11 | 0.11,0,0.66 | 0.80 | 1.02,0,3.92 | 5.02 | 6.09,18.977,0.000,0,1,0,0,0,0,-1,0,0,0,,0,,0,,0,0,0,1
1723314291,3843,8,8,8,8,30.668,0,0,0.11 | 0.11 | 0.11,0,0.66 | 0.80 | 1.02,0,3.92 | 5.02 | 6.09,18.977,0.000,0,1,0,0,0,0,-1,0,0,0,,0,,0,,0,0,0,1
1723314291,3843,8,8,8,8,30.668,0,0,0.11 | 0.11 | 0.11,0,0.66 | 0.80 | 1.02,0,3.92 | 5.02 | 6.09,18.977,0.000,0,1,0,0,0,0,-1,0,0,0,,0,,0,,0,0,0,1
1723314291,3843,8,8,8,8,30.668,0,0,0.11 | 0.11 | 0.11,0,0.66 | 0.80 | 1.02,0,3.92 | 5.02 | 6.09,18.977,0.000,0,1,0,0,0,0,-1,0,0,0,,0,,0,,0,0,0,1
1723314291,3843,8,8,8,8,30.668,0,0,0.11 | 0.11 | 0.11,0,0.66 | 0.80 | 1.02,0,3.92 | 5.02 | 6.09,18.977,0.000,0,1,0,0,0,0,-1,0,0,0,,0,,0,,0,0,0,1
1723314291,3843,8,8,8,8,30.668,0,0,0.11 | 0.11 | 0.11,0,0.66 | 0.80 | 1.02,0,3.92 | 5.02 | 6.09,18.977,0.000,0,1,0,0,0,0,-1,0,0,0,,0,,0,,0,0,0,1
1723314291,3843,8,8,8,8,30.668,0,0,0.11 | 0.11 | 0.11,0,0.66 | 0.80 | 1.02,0,3.92 | 5.02 | 6.09,18.977,0.000,0,1,0,0,0,0,-1,0,0,0,,0,,0,,0,0,0,1
1723314291,3843,8,8,8,8,30.668,0,0,0.11 | 0.11 | 0.11,0,0.66 | 0.80 | 1.02,0,3.92 | 5.02 | 6.09,18.977,0.000,0,1,0,0,0,0,-1,0,0,0,,0,,0,,0,0,0,1
1723314291,3843,8,8,8,8,29.606,0,0,0.11 | 0.11 | 0.11,0,0.66 | 0.80 | 1.02,0,3.92 | 5.02 | 6.09,18.977,0.000,0,1,0,0,0,0,-1,0,0,0,,0,,0,,0,0,0,1
1723314292,3843,8,8,8,8,29.606,0,0,0.11 | 0.11 | 0.11,0,0.66 | 0.80 | 1.02,0,3.92 | 5.02 | 6.09,18.977,0.000,0,1,0,0,0,0,-1,0,0,0,,0,,0,,0,0,0,1
1723314292,3843,8,8,8,8,29.606,0,0,0.11 | 0.11 | 0.11,0,0.66 | 0.80 | 1.02,0,3.92 | 5.02 | 6.09,18.977,0.000,0,1,0,0,0,0,-1,0,0,0,,0,,0,,0,0,0,1
1723314292,3843,8,8,8,8,29.606,0,0,0.11 | 0.11 | 0.11,0,0.66 | 0.80 | 1.02,0,3.92 | 5.02 | 6.09,18.977,0.000,0,1,0,0,0,0,-1,0,0,0,,0,,0,,0,0,0,1
1723314292,3843,8,8,8,8,29.606,0,0,0.11 | 0.11 | 0.11,0,0.66 | 0.80 | 1.02,0,3.92 | 5.02 | 6.09,18.977,0.000,0,1,0,0,0,0,-1,0,0,0,,0,,0,,0,0,0,1
1723314292,3843,8,8,8,8,29.606,0,0,0.11 | 0.11 | 0.11,0,0.66 | 0.80 | 1.02,0,3.92 | 5.02 | 6.09,18.977,0.000,0,1,0,0,0,0,-1,0,0,0,,0,,0,,0,0,0,1
1723314292,3843,8,8,8,8,29.606,0,0,0.11 | 0.11 | 0.11,0,0.66 | 0.80 | 1.02,0,3.92 | 5.02 | 6.09,18.977,0.000,0,1,0,0,0,0,-1,0,0,0,,0,,0,,0,0,0,1
1723314292,3843,8,8,8,8,29.606,0,0,0.11 | 0.11 | 0.11,0,0.66 | 0.80 | 1.02,0,3.92 | 5.02 | 6.09,18.977,0.000,0,1,0,0,0,0,-1,0,0,0,,0,,0,,0,0,0,1
1723314292,3843,8,8,8,8,29.606,0,0,0.11 | 0.11 | 0.11,0,0.66 | 0.80 | 1.02,0,3.92 | 5.02 | 6.09,18.977,0.000,0,1,0,0,0,0,-1,0,0,0,,0,,0,,0,0,0,1
1723314292,3843,8,8,8,8,29.606,0,0,0.11 | 0.11 | 0.11,0,0.66 | 0.80 | 1.02,0,3.92 | 5.02 | 6.09,18.977,0.000,0,1,0,0,0,0,-1,0,0,0,,0,,0,,0,0,0,1
1723314292,3843,8,8,8,8,33.358,0,0,0.11 | 0.11 | 0.11,0,0.66 | 0.79 | 1.01,0,3.98 | 5.04 | 6.09,18.974,0.000,0,1,0,0,0,0,-1,0,0,0,,0,,0,,0,0,0,1
1723314293,3843,8,8,8,8,33.358,0,0,0.11 | 0.11 | 0.11,0,0.66 | 0.79 | 1.01,0,3.98 | 5.04 | 6.09,18.974,0.000,0,1,0,0,0,0,-1,0,0,0,,0,,0,,0,0,0,1
1723314293,3843,8,8,8,8,33.358,0,0,0.11 | 0.11 | 0.11,0,0.66 | 0.79 | 1.01,0,3.98 | 5.04 | 6.09,18.974,0.000,0,1,0,0,0,0,-1,0,0,0,,0,,0,,0,0,0,1
1723314293,3843,8,8,8,8,33.358,0,0,0.11 | 0.11 | 0.11,0,0.66 | 0.79 | 1.01,0,3.98 | 5.04 | 6.09,18.974,0.000,0,1,0,0,0,0,-1,0,0,0,,0,,0,,0,0,0,1
1723314293,3843,8,8,8,8,33.358,0,0,0.11 | 0.11 | 0.11,0,0.66 | 0.79 | 1.01,0,3.98 | 5.04 | 6.09,18.974,0.000,0,1,0,0,0,0,-1,0,0,0,,0,,0,,0,0,0,1
1723314293,3843,8,8,8,8,33.358,0,0,0.11 | 0.11 | 0.11,0,0.66 | 0.79 | 1.01,0,3.98 | 5.04 | 6.09,18.974,0.000,0,1,0,0,0,0,-1,0,0,0,,0,,0,,0,0,0,1
1723314293,3843,8,8,8,8,33.358,0,0,0.11 | 0.11 | 0.11,0,0.66 | 0.79 | 1.01,0,3.98 | 5.04 | 6.09,18.974,0.000,0,1,0,0,0,0,-1,0,0,0,,0,,0,,0,0,0,1
1723314293,3843,8,8,8,8,33.358,0,0,0.11 | 0.11 | 0.11,0,0.66 | 0.79 | 1.01,0,3.98 | 5.04 | 6.09,18.974,0.000,0,1,0,0,0,0,-1,0,0,0,,0,,0,,0,0,0,1
1723314293,3843,8,8,8,8,33.358,0,0,0.11 | 0.11 | 0.11,0,0.66 | 0.79 | 1.01,0,3.98 | 5.04 | 6.09,18.974,0.000,0,1,0,0,0,0,-1,0,0,0,,0,,0,,0,0,0,1
1723314293,3843,8,8,8,8,33.358,0,0,0.11 | 0.11 | 0.11,0,0.66 | 0.79 | 1.01,0,3.98 | 5.04 | 6.09,18.974,0.000,0,1,0,0,0,0,-1,0,0,0,,0,,0,,0,0,0,1
1723314293,3843,8,8,8,8,32.546,0,0,0.11 | 0.11 | 0.11,0,0.66 | 0.79 | 1.01,0,3.98 | 5.04 | 6.09,18.974,0.000,0,1,0,0,0,0,-1,0,0,0,,0,,0,,0,0,0,1
1723314294,3843,8,8,8,8,32.546,0,0,0.11 | 0.11 | 0.11,0,0.66 | 0.79 | 1.01,0,3.98 | 5.04 | 6.09,18.974,0.000,0,1,0,0,0,0,-1,0,0,0,,0,,0,,0,0,0,1
1723314294,3843,8,8,8,8,32.546,0,0,0.11 | 0.11 | 0.11,0,0.66 | 0.79 | 1.01,0,3.98 | 5.04 | 6.09,18.974,0.000,0,1,0,0,0,0,-1,0,0,0,,0,,0,,0,0,0,1
1723314294,3843,8,8,8,8,32.546,0,0,0.11 | 0.11 | 0.11,0,0.66 | 0.79 | 1.01,0,3.98 | 5.04 | 6.09,18.974,0.000,0,1,0,0,0,0,-1,0,0,0,,0,,0,,0,0,0,1
1723314294,3843,8,8,8,8,32.546,0,0,0.11 | 0.11 | 0.11,0,0.66 | 0.79 | 1.01,0,3.98 | 5.04 | 6.09,18.974,0.000,0,1,0,0,0,0,-1,0,0,0,,0,,0,,0,0,0,1
1723314294,3843,8,8,8,8,32.546,0,0,0.11 | 0.11 | 0.11,0,0.66 | 0.79 | 1.01,0,3.98 | 5.04 | 6.09,18.974,0.000,0,1,0,0,0,0,-1,0,0,0,,0,,0,,0,0,0,1
1723314294,3843,8,8,8,8,32.546,0,0,0.11 | 0.11 | 0.11,0,0.66 | 0.79 | 1.01,0,3.98 | 5.04 | 6.09,18.974,0.000,0,1,0,0,0,0,-1,0,0,0,,0,,0,,0,0,0,1
1723314294,3843,8,8,8,8,32.546,0,0,0.11 | 0.11 | 0.11,0,0.66 | 0.79 | 1.01,0,3.98 | 5.04 | 6.09,18.974,0.000,0,1,0,0,0,0,-1,0,0,0,,0,,0,,0,0,0,1
1723314294,3843,8,8,8,8,32.546,0,0,0.11 | 0.11 | 0.11,0,0.66 | 0.79 | 1.01,0,3.98 | 5.04 | 6.09,18.974,0.000,0,1,0,0,0,0,-1,0,0,0,,0,,0,,0,0,0,1
1723314294,3843,8,8,8,8,32.546,0,0,0.11 | 0.11 | 0.11,0,0.66 | 0.79 | 1.01,0,3.98 | 5.04 | 6.09,18.974,0.000,0,1,0,0,0,0,-1,0,0,0,,0,,0,,0,0,0,1
1723314294,3843,8,8,8,8,31.484,0,0,0.11 | 0.11 | 0.11,0,0.66 | 0.79 | 1.01,0,3.98 | 5.04 | 6.09,18.974,0.000,0,1,0,0,0,0,-1,0,0,0,,0,,0,,0,0,0,1
1723314295,3843,8,8,8,8,31.484,0,0,0.11 | 0.11 | 0.11,0,0.66 | 0.79 | 1.01,0,3.98 | 5.04 | 6.09,18.974,0.000,0,1,0,0,0,0,-1,0,0,0,,0,,0,,0,0,0,1
1723314295,3843,8,8,8,8,31.484,0,0,0.11 | 0.11 | 0.11,0,0.66 | 0.79 | 1.01,0,3.98 | 5.04 | 6.09,18.974,0.000,0,1,0,0,0,0,-1,0,0,0,,0,,0,,0,0,0,1
1723314295,3843,8,8,8,8,31.484,0,0,0.11 | 0.11 | 0.11,0,0.66 | 0.79 | 1.01,0,3.98 | 5.04 | 6.09,18.974,0.000,0,1,0,0,0,0,-1,0,0,0,,0,,0,,0,0,0,1
1723314295,3843,8,8,8,8,31.484,0,0,0.11 | 0.11 | 0.11,0,0.66 | 0.79 | 1.01,0,3.98 | 5.04 | 6.09,18.974,0.000,0,1,0,0,0,0,-1,0,0,0,,0,,0,,0,0,0,1
1723314295,3843,8,8,8,8,31.484,0,0,0.11 | 0.11 | 0.11,0,0.66 | 0.79 | 1.01,0,3.98 | 5.04 | 6.09,18.974,0.000,0,1,0,0,0,0,-1,0,0,0,,0,,0,,0,0,0,1
1723314295,3843,8,8,8,8,31.484,0,0,0.11 | 0.11 | 0.11,0,0.66 | 0.79 | 1.01,0,3.98 | 5.04 | 6.09,18.974,0.000,0,1,0,0,0,0,-1,0,0,0,,0,,0,,0,0,0,1
1723314295,3843,8,8,8,8,31.484,0,0,0.11 | 0.11 | 0.11,0,0.66 | 0.79 | 1.01,0,3.98 | 5.04 | 6.09,18.974,0.000,0,1,0,0,0,0,-1,0,0,0,,0,,0,,0,0,0,1
1723314295,3843,8,8,8,8,31.484,0,0,0.11 | 0.11 | 0.11,0,0.66 | 0.79 | 1.01,0,3.98 | 5.04 | 6.09,18.974,0.000,0,1,0,0,0,0,-1,0,0,0,,0,,0,,0,0,0,1
1723314295,3843,8,8,8,8,31.484,0,0,0.11 | 0.11 | 0.11,0,0.66 | 0.79 | 1.01,0,3.98 | 5.04 | 6.09,18.974,0.000,0,1,0,0,0,0,-1,0,0,0,,0,,0,,0,0,0,1
1723314295,3843,8,8,8,8,30.421,0,0,0.11 | 0.11 | 0.11,0,0.66 | 0.79 | 1.01,0,3.98 | 5.04 | 6.09,18.974,0.000,0,1,0,0,0,0,-1,0,0,0,,0,,0,,0,0,0,1
1723314296,3843,8,8,8,8,30.421,0,0,0.11 | 0.11 | 0.11,0,0.66 | 0.79 | 1.01,0,3.98 | 5.04 | 6.09,18.974,0.000,0,1,0,0,0,0,-1,0,0,0,,0,,0,,0,0,0,1
1723314296,3843,8,8,8,8,30.421,0,0,0.11 | 0.11 | 0.11,0,0.66 | 0.79 | 1.01,0,3.98 | 5.04 | 6.09,18.974,0.000,0,1,0,0,0,0,-1,0,0,0,,0,,0,,0,0,0,1
1723314296,3843,8,8,8,8,30.421,0,0,0.11 | 0.11 | 0.11,0,0.66 | 0.79 | 1.01,0,3.98 | 5.04 | 6.09,18.974,0.000,0,1,0,0,0,0,-1,0,0,0,,0,,0,,0,0,0,1
1723314296,3843,8,8,8,8,30.421,0,0,0.11 | 0.11 | 0.11,0,0.66 | 0.79 | 1.01,0,3.98 | 5.04 | 6.09,18.974,0.000,0,1,0,0,0,0,-1,0,0,0,,0,,0,,0,0,0,1
1723314296,3843,8,8,8,8,30.421,0,0,0.11 | 0.11 | 0.11,0,0.66 | 0.79 | 1.01,0,3.98 | 5.04 | 6.09,18.974,0.000,0,1,0,0,0,0,-1,0,0,0,,0,,0,,0,0,0,1
1723314296,3843,8,8,8,8,30.421,0,0,0.11 | 0.11 | 0.11,0,0.66 | 0.79 | 1.01,0,3.98 | 5.04 | 6.09,18.974,0.000,0,1,0,0,0,0,-1,0,0,0,,0,,0,,0,0,0,1
1723314296,3843,8,8,8,8,30.421,0,0,0.11 | 0.11 | 0.11,0,0.66 | 0.79 | 1.01,0,3.98 | 5.04 | 6.09,18.974,0.000,0,1,0,0,0,0,-1,0,0,0,,0,,0,,0,0,0,1
1723314296,3843,8,8,8,8,30.421,0,0,0.11 | 0.11 | 0.11,0,0.66 | 0.79 | 1.01,0,3.98 | 5.04 | 6.09,18.974,0.000,0,1,0,0,0,0,-1,0,0,0,,0,,0,,0,0,0,1
1723314296,3843,8,8,8,8,30.421,0,0,0.11 | 0.11 | 0.11,0,0.66 | 0.79 | 1.01,0,3.98 | 5.04 | 6.09,18.974,0.000,0,1,0,0,0,0,-1,0,0,0,,0,,0,,0,0,0,1
1723314296,3843,8,8,8,8,29.359,0,0,0.11 | 0.11 | 0.11,0,0.66 | 0.79 | 1.01,0,3.98 | 5.04 | 6.09,18.974,0.000,0,1,0,0,0,0,-1,0,0,0,,0,,0,,0,0,0,1
1723314297,3843,8,8,8,8,29.359,0,0,0.11 | 0.11 | 0.11,0,0.66 | 0.79 | 1.01,0,3.98 | 5.04 | 6.09,18.974,0.000,0,1,0,0,0,0,-1,0,0,0,,0,,0,,0,0,0,1
1723314297,3843,8,8,8,8,29.359,0,0,0.11 | 0.11 | 0.11,0,0.66 | 0.79 | 1.01,0,3.98 | 5.04 | 6.09,18.974,0.000,0,1,0,0,0,0,-1,0,0,0,,0,,0,,0,0,0,1
1723314297,3843,8,8,8,8,29.359,0,0,0.11 | 0.11 | 0.11,0,0.66 | 0.79 | 1.01,0,3.98 | 5.04 | 6.09,18.974,0.000,0,1,0,0,0,0,-1,0,0,0,,0,,0,,0,0,0,1
1723314297,3843,8,8,8,8,29.359,0,0,0.11 | 0.11 | 0.11,0,0.66 | 0.79 | 1.01,0,3.98 | 5.04 | 6.09,18.974,0.000,0,1,0,0,0,0,-1,0,0,0,,0,,0,,0,0,0,1
1723314297,3843,8,8,8,8,29.359,0,0,0.11 | 0.11 | 0.11,0,0.66 | 0.79 | 1.01,0,3.98 | 5.04 | 6.09,18.974,0.000,0,1,0,0,0,0,-1,0,0,0,,0,,0,,0,0,0,1
1723314297,3843,8,8,8,8,29.359,0,0,0.11 | 0.11 | 0.11,0,0.66 | 0.79 | 1.01,0,3.98 | 5.04 | 6.09,18.974,0.000,0,1,0,0,0,0,-1,0,0,0,,0,,0,,0,0,0,1
1723314297,3843,8,8,8,8,29.359,0,0,0.11 | 0.11 | 0.11,0,0.66 | 0.79 | 1.01,0,3.98 | 5.04 | 6.09,18.974,0.000,0,1,0,0,0,0,-1,0,0,0,,0,,0,,0,0,0,1
1723314297,3843,8,8,8,8,29.359,0,0,0.11 | 0.11 | 0.11,0,0.66 | 0.79 | 1.01,0,3.98 | 5.04 | 6.09,18.974,0.000,0,1,0,0,0,0,-1,0,0,0,,0,,0,,0,0,0,1
1723314297,3843,8,8,8,8,29.359,0,0,0.11 | 0.11 | 0.11,0,0.66 | 0.79 | 1.01,0,3.98 | 5.04 | 6.09,18.974,0.000,0,1,0,0,0,0,-1,0,0,0,,0,,0,,0,0,0,1
1723314297,3843,8,8,8,8,31.668,0,0,0.11 | 0.11 | 0.11,0,0.66 | 0.78 | 1.01,0,3.98 | 5.11 | 6.09,18.978,0.000,0,1,0,0,0,0,-1,0,0,0,,0,,0,,0,0,0,1
1723314298,3843,8,8,8,8,31.668,0,0,0.11 | 0.11 | 0.11,0,0.66 | 0.78 | 1.01,0,3.98 | 5.11 | 6.09,18.978,0.000,0,1,0,0,0,0,-1,0,0,0,,0,,0,,0,0,0,1
1723314298,3843,8,8,8,8,31.668,0,0,0.11 | 0.11 | 0.11,0,0.66 | 0.78 | 1.01,0,3.98 | 5.11 | 6.09,18.978,0.000,0,1,0,0,0,0,-1,0,0,0,,0,,0,,0,0,0,1
1723314298,3843,8,8,8,8,31.668,0,0,0.11 | 0.11 | 0.11,0,0.66 | 0.78 | 1.01,0,3.98 | 5.11 | 6.09,18.978,0.000,0,1,0,0,0,0,-1,0,0,0,,0,,0,,0,0,0,1
1723314298,3843,8,8,8,8,31.668,0,0,0.11 | 0.11 | 0.11,0,0.66 | 0.78 | 1.01,0,3.98 | 5.11 | 6.09,18.978,0.000,0,1,0,0,0,0,-1,0,0,0,,0,,0,,0,0,0,1
1723314298,3843,8,8,8,8,31.668,0,0,0.11 | 0.11 | 0.11,0,0.66 | 0.78 | 1.01,0,3.98 | 5.11 | 6.09,18.978,0.000,0,1,0,0,0,0,-1,0,0,0,,0,,0,,0,0,0,1
1723314298,3843,8,8,8,8,31.668,0,0,0.11 | 0.11 | 0.11,0,0.66 | 0.78 | 1.01,0,3.98 | 5.11 | 6.09,18.978,0.000,0,1,0,0,0,0,-1,0,0,0,,0,,0,,0,0,0,1
1723314298,3843,8,8,8,8,31.668,0,0,0.11 | 0.11 | 0.11,0,0.66 | 0.78 | 1.01,0,3.98 | 5.11 | 6.09,18.978,0.000,0,1,0,0,0,0,-1,0,0,0,,0,,0,,0,0,0,1
1723314298,3843,8,8,8,8,31.668,0,0,0.11 | 0.11 | 0.11,0,0.66 | 0.78 | 1.01,0,3.98 | 5.11 | 6.09,18.978,0.000,0,1,0,0,0,0,-1,0,0,0,,0,,0,,0,0,0,1
1723314298,3843,8,8,8,8,31.668,0,0,0.11 | 0.11 | 0.11,0,0.66 | 0.78 | 1.01,0,3.98 | 5.11 | 6.09,18.978,0.000,0,1,0,0,0,0,-1,0,0,0,,0,,0,,0,0,0,1
1723314298,3843,8,8,8,8,30.7,0,0,0.11 | 0.11 | 0.11,0,0.66 | 0.78 | 1.01,0,3.98 | 5.11 | 6.09,18.978,0.000,0,1,0,0,0,0,-1,0,0,0,,0,,0,,0,0,0,1
1723314299,3843,8,8,8,8,30.7,0,0,0.11 | 0.11 | 0.11,0,0.66 | 0.78 | 1.01,0,3.98 | 5.11 | 6.09,18.978,0.000,0,1,0,0,0,0,-1,0,0,0,,0,,0,,0,0,0,1
1723314299,3843,8,8,8,8,30.7,0,0,0.11 | 0.11 | 0.11,0,0.66 | 0.78 | 1.01,0,3.98 | 5.11 | 6.09,18.978,0.000,0,1,0,0,0,0,-1,0,0,0,,0,,0,,0,0,0,1
1723314299,3843,8,8,8,8,30.7,0,0,0.11 | 0.11 | 0.11,0,0.66 | 0.78 | 1.01,0,3.98 | 5.11 | 6.09,18.978,0.000,0,1,0,0,0,0,-1,0,0,0,,0,,0,,0,0,0,1
1723314299,3843,8,8,8,8,30.7,0,0,0.11 | 0.11 | 0.11,0,0.66 | 0.78 | 1.01,0,3.98 | 5.11 | 6.09,18.978,0.000,0,1,0,0,0,0,-1,0,0,0,,0,,0,,0,0,0,1
1723314299,3843,8,8,8,8,30.7,0,0,0.11 | 0.11 | 0.11,0,0.66 | 0.78 | 1.01,0,3.98 | 5.11 | 6.09,18.978,0.000,0,1,0,0,0,0,-1,0,0,0,,0,,0,,0,0,0,1
1723314299,3843,8,8,8,8,30.7,0,0,0.11 | 0.11 | 0.11,0,0.66 | 0.78 | 1.01,0,3.98 | 5.11 | 6.09,18.978,0.000,0,1,0,0,0,0,-1,0,0,0,,0,,0,,0,0,0,1
1723314299,3843,8,8,8,8,30.7,0,0,0.11 | 0.11 | 0.11,0,0.66 | 0.78 | 1.01,0,3.98 | 5.11 | 6.09,18.978,0.000,0,1,0,0,0,0,-1,0,0,0,,0,,0,,0,0,0,1
1723314299,3843,8,8,8,8,30.7,0,0,0.11 | 0.11 | 0.11,0,0.66 | 0.78 | 1.01,0,3.98 | 5.11 | 6.09,18.978,0.000,0,1,0,0,0,0,-1,0,0,0,,0,,0,,0,0,0,1
1723314299,3843,8,8,8,8,30.7,0,0,0.11 | 0.11 | 0.11,0,0.66 | 0.78 | 1.01,0,3.98 | 5.11 | 6.09,18.978,0.000,0,1,0,0,0,0,-1,0,0,0,,0,,0,,0,0,0,1
1723314299,3843,8,8,8,8,29.637,0,0,0.11 | 0.11 | 0.11,0,0.66 | 0.78 | 1.01,0,3.98 | 5.11 | 6.09,18.978,0.000,0,1,0,0,0,0,-1,0,0,0,,0,,0,,0,0,0,1
1723314300,3843,8,8,8,8,29.637,0,0,0.11 | 0.11 | 0.11,0,0.66 | 0.78 | 1.01,0,3.98 | 5.11 | 6.09,18.978,0.000,0,1,0,0,0,0,-1,0,0,0,,0,,0,,0,0,0,1
1723314300,3843,8,8,8,8,29.637,0,0,0.11 | 0.11 | 0.11,0,0.66 | 0.78 | 1.01,0,3.98 | 5.11 | 6.09,18.978,0.000,0,1,0,0,0,0,-1,0,0,0,,0,,0,,0,0,0,1
1723314300,3843,8,8,8,8,29.637,0,0,0.11 | 0.11 | 0.11,0,0.66 | 0.78 | 1.01,0,3.98 | 5.11 | 6.09,18.978,0.000,0,1,0,0,0,0,-1,0,0,0,,0,,0,,0,0,0,1
1723314300,3843,8,8,8,8,29.637,0,0,0.11 | 0.11 | 0.11,0,0.66 | 0.78 | 1.01,0,3.98 | 5.11 | 6.09,18.978,0.000,0,1,0,0,0,0,-1,0,0,0,,0,,0,,0,0,0,1
1723314300,3843,8,8,8,8,29.637,0,0,0.11 | 0.11 | 0.11,0,0.66 | 0.78 | 1.01,0,3.98 | 5.11 | 6.09,18.978,0.000,0,1,0,0,0,0,-1,0,0,0,,0,,0,,0,0,0,1
1723314300,3843,8,8,8,8,29.637,0,0,0.11 | 0.11 | 0.11,0,0.66 | 0.78 | 1.01,0,3.98 | 5.11 | 6.09,18.978,0.000,0,1,0,0,0,0,-1,0,0,0,,0,,0,,0,0,0,1
1723314300,3843,8,8,8,8,29.637,0,0,0.11 | 0.11 | 0.11,0,0.66 | 0.78 | 1.01,0,3.98 | 5.11 | 6.09,18.978,0.000,0,1,0,0,0,0,-1,0,0,0,,0,,0,,0,0,0,1
1723314300,3843,8,8,8,8,29.637,0,0,0.11 | 0.11 | 0.11,0,0.66 | 0.78 | 1.01,0,3.98 | 5.11 | 6.09,18.978,0.000,0,1,0,0,0,0,-1,0,0,0,,0,,0,,0,0,0,1
1723314300,3843,8,8,8,8,29.637,0,0,0.11 | 0.11 | 0.11,0,0.66 | 0.78 | 1.01,0,3.98 | 5.11 | 6.09,18.978,0.000,0,1,0,0,0,0,-1,0,0,0,,0,,0,,0,0,0,1
1723314300,3843,8,8,8,8,33.375,0,0,0.11 | 0.11 | 0.11,0,0.66 | 0.85 | 1.06,0,3.77 | 4.73 | 6.09,18.968,0.000,0,1,0,0,0,0,-1,0,0,0,,0,,0,,0,0,0,1
1723314301,3843,8,8,8,8,33.375,0,0,0.11 | 0.11 | 0.11,0,0.66 | 0.85 | 1.06,0,3.77 | 4.73 | 6.09,18.968,0.000,0,1,0,0,0,0,-1,0,0,0,,0,,0,,0,0,0,1
1723314301,3843,8,8,8,8,33.375,0,0,0.11 | 0.11 | 0.11,0,0.66 | 0.85 | 1.06,0,3.77 | 4.73 | 6.09,18.968,0.000,0,1,0,0,0,0,-1,0,0,0,,0,,0,,0,0,0,1
1723314301,3843,8,8,8,8,33.375,0,0,0.11 | 0.11 | 0.11,0,0.66 | 0.85 | 1.06,0,3.77 | 4.73 | 6.09,18.968,0.000,0,1,0,0,0,0,-1,0,0,0,,0,,0,,0,0,0,1
1723314301,3843,8,8,8,8,33.375,0,0,0.11 | 0.11 | 0.11,0,0.66 | 0.85 | 1.06,0,3.77 | 4.73 | 6.09,18.968,0.000,0,1,0,0,0,0,-1,0,0,0,,0,,0,,0,0,0,1
1723314301,3843,8,8,8,8,33.375,0,0,0.11 | 0.11 | 0.11,0,0.66 | 0.85 | 1.06,0,3.77 | 4.73 | 6.09,18.968,0.000,0,1,0,0,0,0,-1,0,0,0,,0,,0,,0,0,0,1
1723314301,3843,8,8,8,8,33.375,0,0,0.11 | 0.11 | 0.11,0,0.66 | 0.85 | 1.06,0,3.77 | 4.73 | 6.09,18.968,0.000,0,1,0,0,0,0,-1,0,0,0,,0,,0,,0,0,0,1
1723314301,3843,8,8,8,8,33.375,0,0,0.11 | 0.11 | 0.11,0,0.66 | 0.85 | 1.06,0,3.77 | 4.73 | 6.09,18.968,0.000,0,1,0,0,0,0,-1,0,0,0,,0,,0,,0,0,0,1
1723314301,3843,8,8,8,8,33.375,0,0,0.11 | 0.11 | 0.11,0,0.66 | 0.85 | 1.06,0,3.77 | 4.73 | 6.09,18.968,0.000,0,1,0,0,0,0,-1,0,0,0,,0,,0,,0,0,0,1
1723314301,3843,8,8,8,8,33.375,0,0,0.11 | 0.11 | 0.11,0,0.66 | 0.85 | 1.06,0,3.77 | 4.73 | 6.09,18.968,0.000,0,1,0,0,0,0,-1,0,0,0,,0,,0,,0,0,0,1
1723314301,3843,8,8,8,8,32.578,0,0,0.11 | 0.11 | 0.11,0,0.66 | 0.85 | 1.06,0,3.77 | 4.73 | 6.09,18.968,0.000,0,1,0,0,0,0,-1,0,0,0,,0,,0,,0,0,0,1
1723314302,3843,8,8,8,8,32.578,0,0,0.11 | 0.11 | 0.11,0,0.66 | 0.85 | 1.06,0,3.77 | 4.73 | 6.09,18.968,0.000,0,1,0,0,0,0,-1,0,0,0,,0,,0,,0,0,0,1
1723314302,3843,8,8,8,8,32.578,0,0,0.11 | 0.11 | 0.11,0,0.66 | 0.85 | 1.06,0,3.77 | 4.73 | 6.09,18.968,0.000,0,1,0,0,0,0,-1,0,0,0,,0,,0,,0,0,0,1
1723314302,3843,8,8,8,8,32.578,0,0,0.11 | 0.11 | 0.11,0,0.66 | 0.85 | 1.06,0,3.77 | 4.73 | 6.09,18.968,0.000,0,1,0,0,0,0,-1,0,0,0,,0,,0,,0,0,0,1
1723314302,3843,8,8,8,8,32.578,0,0,0.11 | 0.11 | 0.11,0,0.66 | 0.85 | 1.06,0,3.77 | 4.73 | 6.09,18.968,0.000,0,1,0,0,0,0,-1,0,0,0,,0,,0,,0,0,0,1
1723314302,3843,8,8,8,8,32.578,0,0,0.11 | 0.11 | 0.11,0,0.66 | 0.85 | 1.06,0,3.77 | 4.73 | 6.09,18.968,0.000,0,1,0,0,0,0,-1,0,0,0,,0,,0,,0,0,0,1
1723314302,3843,8,8,8,8,32.578,0,0,0.11 | 0.11 | 0.11,0,0.66 | 0.85 | 1.06,0,3.77 | 4.73 | 6.09,18.968,0.000,0,1,0,0,0,0,-1,0,0,0,,0,,0,,0,0,0,1
1723314302,3843,8,8,8,8,32.578,0,0,0.11 | 0.11 | 0.11,0,0.66 | 0.85 | 1.06,0,3.77 | 4.73 | 6.09,18.968,0.000,0,1,0,0,0,0,-1,0,0,0,,0,,0,,0,0,0,1
1723314302,3843,8,8,8,8,32.578,0,0,0.11 | 0.11 | 0.11,0,0.66 | 0.85 | 1.06,0,3.77 | 4.73 | 6.09,18.968,0.000,0,1,0,0,0,0,-1,0,0,0,,0,,0,,0,0,0,1
1723314302,3843,8,8,8,8,32.578,0,0,0.11 | 0.11 | 0.11,0,0.66 | 0.85 | 1.06,0,3.77 | 4.73 | 6.09,18.968,0.000,0,1,0,0,0,0,-1,0,0,0,,0,,0,,0,0,0,1
1723314302,3843,8,8,8,8,31.358,0,0,0.11 | 0.11 | 0.11,0,0.66 | 0.85 | 1.06,0,3.77 | 4.73 | 6.09,18.968,0.000,0,1,0,0,0,0,-1,0,0,0,,0,,0,,0,0,0,1
1723314303,3843,8,8,8,8,31.358,0,0,0.11 | 0.11 | 0.11,0,0.66 | 0.85 | 1.06,0,3.77 | 4.73 | 6.09,18.968,0.000,0,1,0,0,0,0,-1,0,0,0,,0,,0,,0,0,0,1
1723314303,3843,8,8,8,8,31.358,0,0,0.11 | 0.11 | 0.11,0,0.66 | 0.85 | 1.06,0,3.77 | 4.73 | 6.09,18.968,0.000,0,1,0,0,0,0,-1,0,0,0,,0,,0,,0,0,0,1
1723314303,3843,8,8,8,8,31.358,0,0,0.11 | 0.11 | 0.11,0,0.66 | 0.85 | 1.06,0,3.77 | 4.73 | 6.09,18.968,0.000,0,1,0,0,0,0,-1,0,0,0,,0,,0,,0,0,0,1
1723314303,3843,8,8,8,8,31.358,0,0,0.11 | 0.11 | 0.11,0,0.66 | 0.85 | 1.06,0,3.77 | 4.73 | 6.09,18.968,0.000,0,1,0,0,0,0,-1,0,0,0,,0,,0,,0,0,0,1
1723314303,3843,8,8,8,8,31.358,0,0,0.11 | 0.11 | 0.11,0,0.66 | 0.85 | 1.06,0,3.77 | 4.73 | 6.09,18.968,0.000,0,1,0,0,0,0,-1,0,0,0,,0,,0,,0,0,0,1
1723314303,3843,8,8,8,8,31.358,0,0,0.11 | 0.11 | 0.11,0,0.66 | 0.85 | 1.06,0,3.77 | 4.73 | 6.09,18.968,0.000,0,1,0,0,0,0,-1,0,0,0,,0,,0,,0,0,0,1
1723314303,3843,8,8,8,8,31.358,0,0,0.11 | 0.11 | 0.11,0,0.66 | 0.85 | 1.06,0,3.77 | 4.73 | 6.09,18.968,0.000,0,1,0,0,0,0,-1,0,0,0,,0,,0,,0,0,0,1
1723314303,3843,8,8,8,8,31.358,0,0,0.11 | 0.11 | 0.11,0,0.66 | 0.85 | 1.06,0,3.77 | 4.73 | 6.09,18.968,0.000,0,1,0,0,0,0,-1,0,0,0,,0,,0,,0,0,0,1
1723314303,3843,8,8,8,8,31.358,0,0,0.11 | 0.11 | 0.11,0,0.66 | 0.85 | 1.06,0,3.77 | 4.73 | 6.09,18.968,0.000,0,1,0,0,0,0,-1,0,0,0,,0,,0,,0,0,0,1
1723314303,3843,8,8,8,8,30.453,0,0,0.11 | 0.11 | 0.11,0,0.66 | 0.85 | 1.06,0,3.77 | 4.73 | 6.09,18.968,0.000,0,1,0,0,0,0,-1,0,0,0,,0,,0,,0,0,0,1
1723314304,3843,8,8,8,8,30.453,0,0,0.11 | 0.11 | 0.11,0,0.66 | 0.85 | 1.06,0,3.77 | 4.73 | 6.09,18.968,0.000,0,1,0,0,0,0,-1,0,0,0,,0,,0,,0,0,0,1
1723314304,3843,8,8,8,8,30.453,0,0,0.11 | 0.11 | 0.11,0,0.66 | 0.85 | 1.06,0,3.77 | 4.73 | 6.09,18.968,0.000,0,1,0,0,0,0,-1,0,0,0,,0,,0,,0,0,0,1
1723314304,3843,8,8,8,8,30.453,0,0,0.11 | 0.11 | 0.11,0,0.66 | 0.85 | 1.06,0,3.77 | 4.73 | 6.09,18.968,0.000,0,1,0,0,0,0,-1,0,0,0,,0,,0,,0,0,0,1
1723314304,3843,8,8,8,8,30.453,0,0,0.11 | 0.11 | 0.11,0,0.66 | 0.85 | 1.06,0,3.77 | 4.73 | 6.09,18.968,0.000,0,1,0,0,0,0,-1,0,0,0,,0,,0,,0,0,0,1
1723314304,3843,8,8,8,8,30.453,0,0,0.11 | 0.11 | 0.11,0,0.66 | 0.85 | 1.06,0,3.77 | 4.73 | 6.09,18.968,0.000,0,1,0,0,0,0,-1,0,0,0,,0,,0,,0,0,0,1
1723314304,3843,8,8,8,8,30.453,0,0,0.11 | 0.11 | 0.11,0,0.66 | 0.85 | 1.06,0,3.77 | 4.73 | 6.09,18.968,0.000,0,1,0,0,0,0,-1,0,0,0,,0,,0,,0,0,0,1
1723314304,3843,8,8,8,8,30.453,0,0,0.11 | 0.11 | 0.11,0,0.66 | 0.85 | 1.06,0,3.77 | 4.73 | 6.09,18.968,0.000,0,1,0,0,0,0,-1,0,0,0,,0,,0,,0,0,0,1
1723314304,3843,8,8,8,8,30.453,0,0,0.11 | 0.11 | 0.11,0,0.66 | 0.85 | 1.06,0,3.77 | 4.73 | 6.09,18.968,0.000,0,1,0,0,0,0,-1,0,0,0,,0,,0,,0,0,0,1
1723314304,3843,8,8,8,8,30.453,0,0,0.11 | 0.11 | 0.11,0,0.66 | 0.85 | 1.06,0,3.77 | 4.73 | 6.09,18.968,0.000,0,1,0,0,0,0,-1,0,0,0,,0,,0,,0,0,0,1
1723314304,3843,8,8,8,8,29.39,0,0,0.11 | 0.11 | 0.11,0,0.66 | 0.85 | 1.06,0,3.77 | 4.73 | 6.09,18.968,0.000,0,1,0,0,0,0,-1,0,0,0,,0,,0,,0,0,0,1
1723314305,3843,8,8,8,8,29.39,0,0,0.11 | 0.11 | 0.11,0,0.66 | 0.85 | 1.06,0,3.77 | 4.73 | 6.09,18.968,0.000,0,1,0,0,0,0,-1,0,0,0,,0,,0,,0,0,0,1
1723314305,3843,8,8,8,8,29.39,0,0,0.11 | 0.11 | 0.11,0,0.66 | 0.85 | 1.06,0,3.77 | 4.73 | 6.09,18.968,0.000,0,1,0,0,0,0,-1,0,0,0,,0,,0,,0,0,0,1
1723314305,3843,8,8,8,8,29.39,0,0,0.11 | 0.11 | 0.11,0,0.66 | 0.85 | 1.06,0,3.77 | 4.73 | 6.09,18.968,0.000,0,1,0,0,0,0,-1,0,0,0,,0,,0,,0,0,0,1
1723314305,3843,8,8,8,8,29.39,0,0,0.11 | 0.11 | 0.11,0,0.66 | 0.85 | 1.06,0,3.77 | 4.73 | 6.09,18.968,0.000,0,1,0,0,0,0,-1,0,0,0,,0,,0,,0,0,0,1
1723314305,3843,8,8,8,8,29.39,0,0,0.11 | 0.11 | 0.11,0,0.66 | 0.85 | 1.06,0,3.77 | 4.73 | 6.09,18.968,0.000,0,1,0,0,0,0,-1,0,0,0,,0,,0,,0,0,0,1
1723314305,3843,8,8,8,8,29.39,0,0,0.11 | 0.11 | 0.11,0,0.66 | 0.85 | 1.06,0,3.77 | 4.73 | 6.09,18.968,0.000,0,1,0,0,0,0,-1,0,0,0,,0,,0,,0,0,0,1
1723314305,3843,8,8,8,8,29.39,0,0,0.11 | 0.11 | 0.11,0,0.66 | 0.85 | 1.06,0,3.77 | 4.73 | 6.09,18.968,0.000,0,1,0,0,0,0,-1,0,0,0,,0,,0,,0,0,0,1
1723314305,3843,8,8,8,8,29.39,0,0,0.11 | 0.11 | 0.11,0,0.66 | 0.85 | 1.06,0,3.77 | 4.73 | 6.09,18.968,0.000,0,1,0,0,0,0,-1,0,0,0,,0,,0,,0,0,0,1
1723314305,3843,8,8,8,8,29.39,0,0,0.11 | 0.11 | 0.11,0,0.66 | 0.85 | 1.06,0,3.77 | 4.73 | 6.09,18.968,0.000,0,1,0,0,0,0,-1,0,0,0,,0,,0,,0,0,0,1
1723314305,3843,8,8,8,8,31.722,0,0,0.11 | 0.11 | 0.11,0,0.66 | 0.87 | 1.06,0,3.77 | 4.57 | 6.06,18.974,0.000,0,1,0,0,0,0,-1,0,0,0,,0,,0,,0,0,0,1
1723314306,3843,8,8,8,8,31.722,0,0,0.11 | 0.11 | 0.11,0,0.66 | 0.87 | 1.06,0,3.77 | 4.57 | 6.06,18.974,0.000,0,1,0,0,0,0,-1,0,0,0,,0,,0,,0,0,0,1
1723314306,3843,8,8,8,8,31.722,0,0,0.11 | 0.11 | 0.11,0,0.66 | 0.87 | 1.06,0,3.77 | 4.57 | 6.06,18.974,0.000,0,1,0,0,0,0,-1,0,0,0,,0,,0,,0,0,0,1
1723314306,3843,8,8,8,8,31.722,0,0,0.11 | 0.11 | 0.11,0,0.66 | 0.87 | 1.06,0,3.77 | 4.57 | 6.06,18.974,0.000,0,1,0,0,0,0,-1,0,0,0,,0,,0,,0,0,0,1
1723314306,3843,8,8,8,8,31.722,0,0,0.11 | 0.11 | 0.11,0,0.66 | 0.87 | 1.06,0,3.77 | 4.57 | 6.06,18.974,0.000,0,1,0,0,0,0,-1,0,0,0,,0,,0,,0,0,0,1
1723314306,3843,8,8,8,8,31.722,0,0,0.11 | 0.11 | 0.11,0,0.66 | 0.87 | 1.06,0,3.77 | 4.57 | 6.06,18.974,0.000,0,1,0,0,0,0,-1,0,0,0,,0,,0,,0,0,0,1
1723314306,3843,8,8,8,8,31.722,0,0,0.11 | 0.11 | 0.11,0,0.66 | 0.87 | 1.06,0,3.77 | 4.57 | 6.06,18.974,0.000,0,1,0,0,0,0,-1,0,0,0,,0,,0,,0,0,0,1
1723314306,3843,8,8,8,8,31.722,0,0,0.11 | 0.11 | 0.11,0,0.66 | 0.87 | 1.06,0,3.77 | 4.57 | 6.06,18.974,0.000,0,1,0,0,0,0,-1,0,0,0,,0,,0,,0,0,0,1
1723314306,3843,8,8,8,8,31.722,0,0,0.11 | 0.11 | 0.11,0,0.66 | 0.87 | 1.06,0,3.77 | 4.57 | 6.06,18.974,0.000,0,1,0,0,0,0,-1,0,0,0,,0,,0,,0,0,0,1
1723314306,3843,8,8,8,8,31.722,0,0,0.11 | 0.11 | 0.11,0,0.66 | 0.87 | 1.06,0,3.77 | 4.57 | 6.06,18.974,0.000,0,1,0,0,0,0,-1,0,0,0,,0,,0,,0,0,0,1
1723314306,3843,8,8,8,8,30.731,0,0,0.11 | 0.11 | 0.11,0,0.66 | 0.87 | 1.06,0,3.77 | 4.57 | 6.06,18.974,0.000,0,1,0,0,0,0,-1,0,0,0,,0,,0,,0,0,0,1
1723314307,3843,8,8,8,8,30.731,0,0,0.11 | 0.11 | 0.11,0,0.66 | 0.87 | 1.06,0,3.77 | 4.57 | 6.06,18.974,0.000,0,1,0,0,0,0,-1,0,0,0,,0,,0,,0,0,0,1
1723314307,3843,8,8,8,8,30.731,0,0,0.11 | 0.11 | 0.11,0,0.66 | 0.87 | 1.06,0,3.77 | 4.57 | 6.06,18.974,0.000,0,1,0,0,0,0,-1,0,0,0,,0,,0,,0,0,0,1
1723314307,3843,8,8,8,8,30.731,0,0,0.11 | 0.11 | 0.11,0,0.66 | 0.87 | 1.06,0,3.77 | 4.57 | 6.06,18.974,0.000,0,1,0,0,0,0,-1,0,0,0,,0,,0,,0,0,0,1
1723314307,3843,8,8,8,8,30.731,0,0,0.11 | 0.11 | 0.11,0,0.66 | 0.87 | 1.06,0,3.77 | 4.57 | 6.06,18.974,0.000,0,1,0,0,0,0,-1,0,0,0,,0,,0,,0,0,0,1
1723314307,3843,8,8,8,8,30.731,0,0,0.11 | 0.11 | 0.11,0,0.66 | 0.87 | 1.06,0,3.77 | 4.57 | 6.06,18.974,0.000,0,1,0,0,0,0,-1,0,0,0,,0,,0,,0,0,0,1
1723314307,3843,8,8,8,8,30.731,0,0,0.11 | 0.11 | 0.11,0,0.66 | 0.87 | 1.06,0,3.77 | 4.57 | 6.06,18.974,0.000,0,1,0,0,0,0,-1,0,0,0,,0,,0,,0,0,0,1
1723314307,3843,8,8,8,8,30.731,0,0,0.11 | 0.11 | 0.11,0,0.66 | 0.87 | 1.06,0,3.77 | 4.57 | 6.06,18.974,0.000,0,1,0,0,0,0,-1,0,0,0,,0,,0,,0,0,0,1
1723314307,3843,8,8,8,8,30.731,0,0,0.11 | 0.11 | 0.11,0,0.66 | 0.87 | 1.06,0,3.77 | 4.57 | 6.06,18.974,0.000,0,1,0,0,0,0,-1,0,0,0,,0,,0,,0,0,0,1
1723314307,3843,8,8,8,8,30.731,0,0,0.11 | 0.11 | 0.11,0,0.66 | 0.87 | 1.06,0,3.77 | 4.57 | 6.06,18.974,0.000,0,1,0,0,0,0,-1,0,0,0,,0,,0,,0,0,0,1
1723314307,3843,8,8,8,8,29.668,0,0,0.11 | 0.11 | 0.11,0,0.66 | 0.87 | 1.06,0,3.77 | 4.57 | 6.06,18.974,0.000,0,1,0,0,0,0,-1,0,0,0,,0,,0,,0,0,0,1
1723314308,3843,8,8,8,8,29.668,0,0,0.11 | 0.11 | 0.11,0,0.66 | 0.87 | 1.06,0,3.77 | 4.57 | 6.06,18.974,0.000,0,1,0,0,0,0,-1,0,0,0,,0,,0,,0,0,0,1
1723314308,3843,8,8,8,8,29.668,0,0,0.11 | 0.11 | 0.11,0,0.66 | 0.87 | 1.06,0,3.77 | 4.57 | 6.06,18.974,0.000,0,1,0,0,0,0,-1,0,0,0,,0,,0,,0,0,0,1
1723314308,3843,8,8,8,8,29.668,0,0,0.11 | 0.11 | 0.11,0,0.66 | 0.87 | 1.06,0,3.77 | 4.57 | 6.06,18.974,0.000,0,1,0,0,0,0,-1,0,0,0,,0,,0,,0,0,0,1
1723314308,3843,8,8,8,8,29.668,0,0,0.11 | 0.11 | 0.11,0,0.66 | 0.87 | 1.06,0,3.77 | 4.57 | 6.06,18.974,0.000,0,1,0,0,0,0,-1,0,0,0,,0,,0,,0,0,0,1
1723314308,3843,8,8,8,8,29.668,0,0,0.11 | 0.11 | 0.11,0,0.66 | 0.87 | 1.06,0,3.77 | 4.57 | 6.06,18.974,0.000,0,1,0,0,0,0,-1,0,0,0,,0,,0,,0,0,0,1
1723314308,3843,8,8,8,8,29.668,0,0,0.11 | 0.11 | 0.11,0,0.66 | 0.87 | 1.06,0,3.77 | 4.57 | 6.06,18.974,0.000,0,1,0,0,0,0,-1,0,0,0,,0,,0,,0,0,0,1
1723314308,3843,8,8,8,8,29.668,0,0,0.11 | 0.11 | 0.11,0,0.66 | 0.87 | 1.06,0,3.77 | 4.57 | 6.06,18.974,0.000,0,1,0,0,0,0,-1,0,0,0,,0,,0,,0,0,0,1
1723314308,3843,8,8,8,8,29.668,0,0,0.11 | 0.11 | 0.11,0,0.66 | 0.87 | 1.06,0,3.77 | 4.57 | 6.06,18.974,0.000,0,1,0,0,0,0,-1,0,0,0,,0,,0,,0,0,0,1
1723314308,3843,8,8,8,8,29.668,0,0,0.11 | 0.11 | 0.11,0,0.66 | 0.87 | 1.06,0,3.77 | 4.57 | 6.06,18.974,0.000,0,1,0,0,0,0,-1,0,0,0,,0,,0,,0,0,0,1
1723314308,3843,8,8,8,8,33.396,0,0,0.11 | 0.11 | 0.11,0,0.66 | 0.87 | 1.06,0,3.77 | 4.58 | 6.06,18.976,0.000,0,1,0,0,0,0,-1,0,0,0,,0,,0,,0,0,0,1
1723314309,3843,8,8,8,8,33.396,0,0,0.11 | 0.11 | 0.11,0,0.66 | 0.87 | 1.06,0,3.77 | 4.58 | 6.06,18.976,0.000,0,1,0,0,0,0,-1,0,0,0,,0,,0,,0,0,0,1
1723314309,3843,8,8,8,8,33.396,0,0,0.11 | 0.11 | 0.11,0,0.66 | 0.87 | 1.06,0,3.77 | 4.58 | 6.06,18.976,0.000,0,1,0,0,0,0,-1,0,0,0,,0,,0,,0,0,0,1
1723314309,3843,8,8,8,8,33.396,0,0,0.11 | 0.11 | 0.11,0,0.66 | 0.87 | 1.06,0,3.77 | 4.58 | 6.06,18.976,0.000,0,1,0,0,0,0,-1,0,0,0,,0,,0,,0,0,0,1
1723314309,3843,8,8,8,8,33.396,0,0,0.11 | 0.11 | 0.11,0,0.66 | 0.87 | 1.06,0,3.77 | 4.58 | 6.06,18.976,0.000,0,1,0,0,0,0,-1,0,0,0,,0,,0,,0,0,0,1
1723314309,3843,8,8,8,8,33.396,0,0,0.11 | 0.11 | 0.11,0,0.66 | 0.87 | 1.06,0,3.77 | 4.58 | 6.06,18.976,0.000,0,1,0,0,0,0,-1,0,0,0,,0,,0,,0,0,0,1
1723314309,3843,8,8,8,8,33.396,0,0,0.11 | 0.11 | 0.11,0,0.66 | 0.87 | 1.06,0,3.77 | 4.58 | 6.06,18.976,0.000,0,1,0,0,0,0,-1,0,0,0,,0,,0,,0,0,0,1
1723314309,3843,8,8,8,8,33.396,0,0,0.11 | 0.11 | 0.11,0,0.66 | 0.87 | 1.06,0,3.77 | 4.58 | 6.06,18.976,0.000,0,1,0,0,0,0,-1,0,0,0,,0,,0,,0,0,0,1
1723314309,3843,8,8,8,8,33.396,0,0,0.11 | 0.11 | 0.11,0,0.66 | 0.87 | 1.06,0,3.77 | 4.58 | 6.06,18.976,0.000,0,1,0,0,0,0,-1,0,0,0,,0,,0,,0,0,0,1
1723314309,3843,8,8,8,8,33.396,0,0,0.11 | 0.11 | 0.11,0,0.66 | 0.87 | 1.06,0,3.77 | 4.58 | 6.06,18.976,0.000,0,1,0,0,0,0,-1,0,0,0,,0,,0,,0,0,0,1
1723314309,3843,8,8,8,8,32.605,0,0,0.11 | 0.11 | 0.11,0,0.66 | 0.87 | 1.06,0,3.77 | 4.58 | 6.06,18.976,0.000,0,1,0,0,0,0,-1,0,0,0,,0,,0,,0,0,0,1
1723314310,3843,8,8,8,8,32.605,0,0,0.11 | 0.11 | 0.11,0,0.66 | 0.87 | 1.06,0,3.77 | 4.58 | 6.06,18.976,0.000,0,1,0,0,0,0,-1,0,0,0,,0,,0,,0,0,0,1
1723314310,3843,8,8,8,8,32.605,0,0,0.11 | 0.11 | 0.11,0,0.66 | 0.87 | 1.06,0,3.77 | 4.58 | 6.06,18.976,0.000,0,1,0,0,0,0,-1,0,0,0,,0,,0,,0,0,0,1
1723314310,3843,8,8,8,8,32.605,0,0,0.11 | 0.11 | 0.11,0,0.66 | 0.87 | 1.06,0,3.77 | 4.58 | 6.06,18.976,0.000,0,1,0,0,0,0,-1,0,0,0,,0,,0,,0,0,0,1
1723314310,3843,8,8,8,8,32.605,0,0,0.11 | 0.11 | 0.11,0,0.66 | 0.87 | 1.06,0,3.77 | 4.58 | 6.06,18.976,0.000,0,1,0,0,0,0,-1,0,0,0,,0,,0,,0,0,0,1
1723314310,3843,8,8,8,8,32.605,0,0,0.11 | 0.11 | 0.11,0,0.66 | 0.87 | 1.06,0,3.77 | 4.58 | 6.06,18.976,0.000,0,1,0,0,0,0,-1,0,0,0,,0,,0,,0,0,0,1
1723314310,3843,8,8,8,8,32.605,0,0,0.11 | 0.11 | 0.11,0,0.66 | 0.87 | 1.06,0,3.77 | 4.58 | 6.06,18.976,0.000,0,1,0,0,0,0,-1,0,0,0,,0,,0,,0,0,0,1
1723314310,3843,8,8,8,8,32.605,0,0,0.11 | 0.11 | 0.11,0,0.66 | 0.87 | 1.06,0,3.77 | 4.58 | 6.06,18.976,0.000,0,1,0,0,0,0,-1,0,0,0,,0,,0,,0,0,0,1
1723314310,3843,8,8,8,8,32.605,0,0,0.11 | 0.11 | 0.11,0,0.66 | 0.87 | 1.06,0,3.77 | 4.58 | 6.06,18.976,0.000,0,1,0,0,0,0,-1,0,0,0,,0,,0,,0,0,0,1
1723314310,3843,8,8,8,8,32.605,0,0,0.11 | 0.11 | 0.11,0,0.66 | 0.87 | 1.06,0,3.77 | 4.58 | 6.06,18.976,0.000,0,1,0,0,0,0,-1,0,0,0,,0,,0,,0,0,0,1
1723314310,3843,8,8,8,8,31.546,0,0,0.11 | 0.11 | 0.11,0,0.66 | 0.87 | 1.06,0,3.77 | 4.58 | 6.06,18.976,0.000,0,1,0,0,0,0,-1,0,0,0,,0,,0,,0,0,0,1
1723314311,3843,8,8,8,8,31.546,0,0,0.11 | 0.11 | 0.11,0,0.66 | 0.87 | 1.06,0,3.77 | 4.58 | 6.06,18.976,0.000,0,1,0,0,0,0,-1,0,0,0,,0,,0,,0,0,0,1
1723314311,3843,8,8,8,8,31.546,0,0,0.11 | 0.11 | 0.11,0,0.66 | 0.87 | 1.06,0,3.77 | 4.58 | 6.06,18.976,0.000,0,1,0,0,0,0,-1,0,0,0,,0,,0,,0,0,0,1
1723314311,3843,8,8,8,8,31.546,0,0,0.11 | 0.11 | 0.11,0,0.66 | 0.87 | 1.06,0,3.77 | 4.58 | 6.06,18.976,0.000,0,1,0,0,0,0,-1,0,0,0,,0,,0,,0,0,0,1
1723314311,3843,8,8,8,8,31.546,0,0,0.11 | 0.11 | 0.11,0,0.66 | 0.87 | 1.06,0,3.77 | 4.58 | 6.06,18.976,0.000,0,1,0,0,0,0,-1,0,0,0,,0,,0,,0,0,0,1
1723314311,3843,8,8,8,8,31.546,0,0,0.11 | 0.11 | 0.11,0,0.66 | 0.87 | 1.06,0,3.77 | 4.58 | 6.06,18.976,0.000,0,1,0,0,0,0,-1,0,0,0,,0,,0,,0,0,0,1
1723314311,3843,8,8,8,8,31.546,0,0,0.11 | 0.11 | 0.11,0,0.66 | 0.87 | 1.06,0,3.77 | 4.58 | 6.06,18.976,0.000,0,1,0,0,0,0,-1,0,0,0,,0,,0,,0,0,0,1
1723314311,3843,8,8,8,8,31.546,0,0,0.11 | 0.11 | 0.11,0,0.66 | 0.87 | 1.06,0,3.77 | 4.58 | 6.06,18.976,0.000,0,1,0,0,0,0,-1,0,0,0,,0,,0,,0,0,0,1
1723314311,3843,8,8,8,8,31.546,0,0,0.11 | 0.11 | 0.11,0,0.66 | 0.87 | 1.06,0,3.77 | 4.58 | 6.06,18.976,0.000,0,1,0,0,0,0,-1,0,0,0,,0,,0,,0,0,0,1
1723314311,3843,8,8,8,8,31.546,0,0,0.11 | 0.11 | 0.11,0,0.66 | 0.87 | 1.06,0,3.77 | 4.58 | 6.06,18.976,0.000,0,1,0,0,0,0,-1,0,0,0,,0,,0,,0,0,0,1
1723314311,3843,8,8,8,8,30.484,0,0,0.11 | 0.11 | 0.11,0,0.66 | 0.87 | 1.06,0,3.77 | 4.58 | 6.06,18.976,0.000,0,1,0,0,0,0,-1,0,0,0,,0,,0,,0,0,0,1
1723314312,3843,8,8,8,8,30.484,0,0,0.11 | 0.11 | 0.11,0,0.66 | 0.87 | 1.06,0,3.77 | 4.58 | 6.06,18.976,0.000,0,1,0,0,0,0,-1,0,0,0,,0,,0,,0,0,0,1
1723314312,3843,8,8,8,8,30.484,0,0,0.11 | 0.11 | 0.11,0,0.66 | 0.87 | 1.06,0,3.77 | 4.58 | 6.06,18.976,0.000,0,1,0,0,0,0,-1,0,0,0,,0,,0,,0,0,0,1
1723314312,3843,8,8,8,8,30.484,0,0,0.11 | 0.11 | 0.11,0,0.66 | 0.87 | 1.06,0,3.77 | 4.58 | 6.06,18.976,0.000,0,1,0,0,0,0,-1,0,0,0,,0,,0,,0,0,0,1
1723314312,3843,8,8,8,8,30.484,0,0,0.11 | 0.11 | 0.11,0,0.66 | 0.87 | 1.06,0,3.77 | 4.58 | 6.06,18.976,0.000,0,1,0,0,0,0,-1,0,0,0,,0,,0,,0,0,0,1
1723314312,3843,8,8,8,8,30.484,0,0,0.11 | 0.11 | 0.11,0,0.66 | 0.87 | 1.06,0,3.77 | 4.58 | 6.06,18.976,0.000,0,1,0,0,0,0,-1,0,0,0,,0,,0,,0,0,0,1
1723314312,3843,8,8,8,8,30.484,0,0,0.11 | 0.11 | 0.11,0,0.66 | 0.87 | 1.06,0,3.77 | 4.58 | 6.06,18.976,0.000,0,1,0,0,0,0,-1,0,0,0,,0,,0,,0,0,0,1
1723314312,3843,8,8,8,8,30.484,0,0,0.11 | 0.11 | 0.11,0,0.66 | 0.87 | 1.06,0,3.77 | 4.58 | 6.06,18.976,0.000,0,1,0,0,0,0,-1,0,0,0,,0,,0,,0,0,0,1
1723314312,3843,8,8,8,8,30.484,0,0,0.11 | 0.11 | 0.11,0,0.66 | 0.87 | 1.06,0,3.77 | 4.58 | 6.06,18.976,0.000,0,1,0,0,0,0,-1,0,0,0,,0,,0,,0,0,0,1
1723314312,3843,8,8,8,8,30.484,0,0,0.11 | 0.11 | 0.11,0,0.66 | 0.87 | 1.06,0,3.77 | 4.58 | 6.06,18.976,0.000,0,1,0,0,0,0,-1,0,0,0,,0,,0,,0,0,0,1
1723314312,3843,8,8,8,8,29.356,0,0,0.11 | 0.11 | 0.11,0,0.66 | 0.87 | 1.06,0,3.77 | 4.58 | 6.06,18.976,0.000,0,1,0,0,0,0,-1,0,0,0,,0,,0,,0,0,0,1
1723314313,3843,8,8,8,8,29.356,0,0,0.11 | 0.11 | 0.11,0,0.66 | 0.87 | 1.06,0,3.77 | 4.58 | 6.06,18.976,0.000,0,1,0,0,0,0,-1,0,0,0,,0,,0,,0,0,0,1
1723314313,3843,8,8,8,8,29.356,0,0,0.11 | 0.11 | 0.11,0,0.66 | 0.87 | 1.06,0,3.77 | 4.58 | 6.06,18.976,0.000,0,1,0,0,0,0,-1,0,0,0,,0,,0,,0,0,0,1
1723314313,3843,8,8,8,8,29.356,0,0,0.11 | 0.11 | 0.11,0,0.66 | 0.87 | 1.06,0,3.77 | 4.58 | 6.06,18.976,0.000,0,1,0,0,0,0,-1,0,0,0,,0,,0,,0,0,0,1
1723314313,3843,8,8,8,8,29.356,0,0,0.11 | 0.11 | 0.11,0,0.66 | 0.87 | 1.06,0,3.77 | 4.58 | 6.06,18.976,0.000,0,1,0,0,0,0,-1,0,0,0,,0,,0,,0,0,0,1
1723314313,3843,8,8,8,8,29.356,0,0,0.11 | 0.11 | 0.11,0,0.66 | 0.87 | 1.06,0,3.77 | 4.58 | 6.06,18.976,0.000,0,1,0,0,0,0,-1,0,0,0,,0,,0,,0,0,0,1
1723314313,3843,8,8,8,8,29.356,0,0,0.11 | 0.11 | 0.11,0,0.66 | 0.87 | 1.06,0,3.77 | 4.58 | 6.06,18.976,0.000,0,1,0,0,0,0,-1,0,0,0,,0,,0,,0,0,0,1
1723314313,3843,8,8,8,8,29.356,0,0,0.11 | 0.11 | 0.11,0,0.66 | 0.87 | 1.06,0,3.77 | 4.58 | 6.06,18.976,0.000,0,1,0,0,0,0,-1,0,0,0,,0,,0,,0,0,0,1
1723314313,3843,8,8,8,8,29.356,0,0,0.11 | 0.11 | 0.11,0,0.66 | 0.87 | 1.06,0,3.77 | 4.58 | 6.06,18.976,0.000,0,1,0,0,0,0,-1,0,0,0,,0,,0,,0,0,0,1
1723314313,3843,8,8,8,8,29.356,0,0,0.11 | 0.11 | 0.11,0,0.66 | 0.87 | 1.06,0,3.77 | 4.58 | 6.06,18.976,0.000,0,1,0,0,0,0,-1,0,0,0,,0,,0,,0,0,0,1
1723314313,3843,8,8,8,8,31.559,0,0,0.11 | 0.11 | 0.11,0,0.62 | 0.86 | 1.06,0,3.77 | 4.63 | 6.43,18.971,0.000,0,1,0,0,0,0,-1,0,0,0,,0,,0,,0,0,0,1
1723314314,3843,8,8,8,8,31.559,0,0,0.11 | 0.11 | 0.11,0,0.62 | 0.86 | 1.06,0,3.77 | 4.63 | 6.43,18.971,0.000,0,1,0,0,0,0,-1,0,0,0,,0,,0,,0,0,0,1
1723314314,3843,8,8,8,8,31.559,0,0,0.11 | 0.11 | 0.11,0,0.62 | 0.86 | 1.06,0,3.77 | 4.63 | 6.43,18.971,0.000,0,1,0,0,0,0,-1,0,0,0,,0,,0,,0,0,0,1
1723314314,3843,8,8,8,8,31.559,0,0,0.11 | 0.11 | 0.11,0,0.62 | 0.86 | 1.06,0,3.77 | 4.63 | 6.43,18.971,0.000,0,1,0,0,0,0,-1,0,0,0,,0,,0,,0,0,0,1
1723314314,3843,8,8,8,8,31.559,0,0,0.11 | 0.11 | 0.11,0,0.62 | 0.86 | 1.06,0,3.77 | 4.63 | 6.43,18.971,0.000,0,1,0,0,0,0,-1,0,0,0,,0,,0,,0,0,0,1
1723314314,3843,8,8,8,8,31.559,0,0,0.11 | 0.11 | 0.11,0,0.62 | 0.86 | 1.06,0,3.77 | 4.63 | 6.43,18.971,0.000,0,1,0,0,0,0,-1,0,0,0,,0,,0,,0,0,0,1
1723314314,3843,8,8,8,8,31.559,0,0,0.11 | 0.11 | 0.11,0,0.62 | 0.86 | 1.06,0,3.77 | 4.63 | 6.43,18.971,0.000,0,1,0,0,0,0,-1,0,0,0,,0,,0,,0,0,0,1
1723314314,3843,8,8,8,8,31.559,0,0,0.11 | 0.11 | 0.11,0,0.62 | 0.86 | 1.06,0,3.77 | 4.63 | 6.43,18.971,0.000,0,1,0,0,0,0,-1,0,0,0,,0,,0,,0,0,0,1
1723314314,3843,8,8,8,8,31.559,0,0,0.11 | 0.11 | 0.11,0,0.62 | 0.86 | 1.06,0,3.77 | 4.63 | 6.43,18.971,0.000,0,1,0,0,0,0,-1,0,0,0,,0,,0,,0,0,0,1
1723314314,3843,8,8,8,8,31.559,0,0,0.11 | 0.11 | 0.11,0,0.62 | 0.86 | 1.06,0,3.77 | 4.63 | 6.43,18.971,0.000,0,1,0,0,0,0,-1,0,0,0,,0,,0,,0,0,0,1
1723314314,3843,8,8,8,8,30.762,0,0,0.11 | 0.11 | 0.11,0,0.62 | 0.86 | 1.06,0,3.77 | 4.63 | 6.43,18.971,0.000,0,1,0,0,0,0,-1,0,0,0,,0,,0,,0,0,0,1
1723314315,3843,8,8,8,8,30.762,0,0,0.11 | 0.11 | 0.11,0,0.62 | 0.86 | 1.06,0,3.77 | 4.63 | 6.43,18.971,0.000,0,1,0,0,0,0,-1,0,0,0,,0,,0,,0,0,0,1
1723314315,3843,8,8,8,8,30.762,0,0,0.11 | 0.11 | 0.11,0,0.62 | 0.86 | 1.06,0,3.77 | 4.63 | 6.43,18.971,0.000,0,1,0,0,0,0,-1,0,0,0,,0,,0,,0,0,0,1
1723314315,3843,8,8,8,8,30.762,0,0,0.11 | 0.11 | 0.11,0,0.62 | 0.86 | 1.06,0,3.77 | 4.63 | 6.43,18.971,0.000,0,1,0,0,0,0,-1,0,0,0,,0,,0,,0,0,0,1
1723314315,3843,8,8,8,8,30.762,0,0,0.11 | 0.11 | 0.11,0,0.62 | 0.86 | 1.06,0,3.77 | 4.63 | 6.43,18.971,0.000,0,1,0,0,0,0,-1,0,0,0,,0,,0,,0,0,0,1
1723314315,3843,8,8,8,8,30.762,0,0,0.11 | 0.11 | 0.11,0,0.62 | 0.86 | 1.06,0,3.77 | 4.63 | 6.43,18.971,0.000,0,1,0,0,0,0,-1,0,0,0,,0,,0,,0,0,0,1
1723314315,3843,8,8,8,8,30.762,0,0,0.11 | 0.11 | 0.11,0,0.62 | 0.86 | 1.06,0,3.77 | 4.63 | 6.43,18.971,0.000,0,1,0,0,0,0,-1,0,0,0,,0,,0,,0,0,0,1
1723314315,3843,8,8,8,8,30.762,0,0,0.11 | 0.11 | 0.11,0,0.62 | 0.86 | 1.06,0,3.77 | 4.63 | 6.43,18.971,0.000,0,1,0,0,0,0,-1,0,0,0,,0,,0,,0,0,0,1
1723314315,3843,8,8,8,8,30.762,0,0,0.11 | 0.11 | 0.11,0,0.62 | 0.86 | 1.06,0,3.77 | 4.63 | 6.43,18.971,0.000,0,1,0,0,0,0,-1,0,0,0,,0,,0,,0,0,0,1
1723314315,3843,8,8,8,8,30.762,0,0,0.11 | 0.11 | 0.11,0,0.62 | 0.86 | 1.06,0,3.77 | 4.63 | 6.43,18.971,0.000,0,1,0,0,0,0,-1,0,0,0,,0,,0,,0,0,0,1
1723314315,3843,8,8,8,8,29.699,0,0,0.11 | 0.11 | 0.11,0,0.62 | 0.86 | 1.06,0,3.77 | 4.63 | 6.43,18.971,0.000,0,1,0,0,0,0,-1,0,0,0,,0,,0,,0,0,0,1
1723314316,3843,8,8,8,8,29.699,0,0,0.11 | 0.11 | 0.11,0,0.62 | 0.86 | 1.06,0,3.77 | 4.63 | 6.43,18.971,0.000,0,1,0,0,0,0,-1,0,0,0,,0,,0,,0,0,0,1
1723314316,3843,8,8,8,8,29.699,0,0,0.11 | 0.11 | 0.11,0,0.62 | 0.86 | 1.06,0,3.77 | 4.63 | 6.43,18.971,0.000,0,1,0,0,0,0,-1,0,0,0,,0,,0,,0,0,0,1
1723314316,3843,8,8,8,8,29.699,0,0,0.11 | 0.11 | 0.11,0,0.62 | 0.86 | 1.06,0,3.77 | 4.63 | 6.43,18.971,0.000,0,1,0,0,0,0,-1,0,0,0,,0,,0,,0,0,0,1
1723314316,3843,8,8,8,8,29.699,0,0,0.11 | 0.11 | 0.11,0,0.62 | 0.86 | 1.06,0,3.77 | 4.63 | 6.43,18.971,0.000,0,1,0,0,0,0,-1,0,0,0,,0,,0,,0,0,0,1
1723314316,3843,8,8,8,8,29.699,0,0,0.11 | 0.11 | 0.11,0,0.62 | 0.86 | 1.06,0,3.77 | 4.63 | 6.43,18.971,0.000,0,1,0,0,0,0,-1,0,0,0,,0,,0,,0,0,0,1
1723314316,3843,8,8,8,8,29.699,0,0,0.11 | 0.11 | 0.11,0,0.62 | 0.86 | 1.06,0,3.77 | 4.63 | 6.43,18.971,0.000,0,1,0,0,0,0,-1,0,0,0,,0,,0,,0,0,0,1
1723314316,3843,8,8,8,8,29.699,0,0,0.11 | 0.11 | 0.11,0,0.62 | 0.86 | 1.06,0,3.77 | 4.63 | 6.43,18.971,0.000,0,1,0,0,0,0,-1,0,0,0,,0,,0,,0,0,0,1
1723314316,3843,8,8,8,8,29.699,0,0,0.11 | 0.11 | 0.11,0,0.62 | 0.86 | 1.06,0,3.77 | 4.63 | 6.43,18.971,0.000,0,1,0,0,0,0,-1,0,0,0,,0,,0,,0,0,0,1
1723314316,3843,8,8,8,8,29.699,0,0,0.11 | 0.11 | 0.11,0,0.62 | 0.86 | 1.06,0,3.77 | 4.63 | 6.43,18.971,0.000,0,1,0,0,0,0,-1,0,0,0,,0,,0,,0,0,0,1
1723314316,3843,8,8,8,8,33.421,0,0,0.11 | 0.11 | 0.11,0,0.62 | 0.85 | 1.00,0,4.00 | 4.73 | 6.43,18.989,0.000,0,1,0,0,0,0,-1,0,0,0,,0,,0,,0,0,0,1
1723314317,3843,8,8,8,8,33.421,0,0,0.11 | 0.11 | 0.11,0,0.62 | 0.85 | 1.00,0,4.00 | 4.73 | 6.43,18.989,0.000,0,1,0,0,0,0,-1,0,0,0,,0,,0,,0,0,0,1
1723314317,3843,8,8,8,8,33.421,0,0,0.11 | 0.11 | 0.11,0,0.62 | 0.85 | 1.00,0,4.00 | 4.73 | 6.43,18.989,0.000,0,1,0,0,0,0,-1,0,0,0,,0,,0,,0,0,0,1
1723314317,3843,8,8,8,8,33.421,0,0,0.11 | 0.11 | 0.11,0,0.62 | 0.85 | 1.00,0,4.00 | 4.73 | 6.43,18.989,0.000,0,1,0,0,0,0,-1,0,0,0,,0,,0,,0,0,0,1
1723314317,3843,8,8,8,8,33.421,0,0,0.11 | 0.11 | 0.11,0,0.62 | 0.85 | 1.00,0,4.00 | 4.73 | 6.43,18.989,0.000,0,1,0,0,0,0,-1,0,0,0,,0,,0,,0,0,0,1
1723314317,3843,8,8,8,8,33.421,0,0,0.11 | 0.11 | 0.11,0,0.62 | 0.85 | 1.00,0,4.00 | 4.73 | 6.43,18.989,0.000,0,1,0,0,0,0,-1,0,0,0,,0,,0,,0,0,0,1
1723314317,3843,8,8,8,8,33.421,0,0,0.11 | 0.11 | 0.11,0,0.62 | 0.85 | 1.00,0,4.00 | 4.73 | 6.43,18.989,0.000,0,1,0,0,0,0,-1,0,0,0,,0,,0,,0,0,0,1
1723314317,3843,8,8,8,8,33.421,0,0,0.11 | 0.11 | 0.11,0,0.62 | 0.85 | 1.00,0,4.00 | 4.73 | 6.43,18.989,0.000,0,1,0,0,0,0,-1,0,0,0,,0,,0,,0,0,0,1
1723314317,3843,8,8,8,8,33.421,0,0,0.11 | 0.11 | 0.11,0,0.62 | 0.85 | 1.00,0,4.00 | 4.73 | 6.43,18.989,0.000,0,1,0,0,0,0,-1,0,0,0,,0,,0,,0,0,0,1
1723314317,3843,8,8,8,8,33.421,0,0,0.11 | 0.11 | 0.11,0,0.62 | 0.85 | 1.00,0,4.00 | 4.73 | 6.43,18.989,0.000,0,1,0,0,0,0,-1,0,0,0,,0,,0,,0,0,0,1
1723314317,3843,8,8,8,8,32.375,0,0,0.11 | 0.11 | 0.11,0,0.62 | 0.85 | 1.00,0,4.00 | 4.73 | 6.43,18.989,0.000,0,1,0,0,0,0,-1,0,0,0,,0,,0,,0,0,0,1
1723314318,3843,8,8,8,8,32.375,0,0,0.11 | 0.11 | 0.11,0,0.62 | 0.85 | 1.00,0,4.00 | 4.73 | 6.43,18.989,0.000,0,1,0,0,0,0,-1,0,0,0,,0,,0,,0,0,0,1
1723314318,3843,8,8,8,8,32.375,0,0,0.11 | 0.11 | 0.11,0,0.62 | 0.85 | 1.00,0,4.00 | 4.73 | 6.43,18.989,0.000,0,1,0,0,0,0,-1,0,0,0,,0,,0,,0,0,0,1
1723314318,3843,8,8,8,8,32.375,0,0,0.11 | 0.11 | 0.11,0,0.62 | 0.85 | 1.00,0,4.00 | 4.73 | 6.43,18.989,0.000,0,1,0,0,0,0,-1,0,0,0,,0,,0,,0,0,0,1
1723314318,3843,8,8,8,8,32.375,0,0,0.11 | 0.11 | 0.11,0,0.62 | 0.85 | 1.00,0,4.00 | 4.73 | 6.43,18.989,0.000,0,1,0,0,0,0,-1,0,0,0,,0,,0,,0,0,0,1
1723314318,3843,8,8,8,8,32.375,0,0,0.11 | 0.11 | 0.11,0,0.62 | 0.85 | 1.00,0,4.00 | 4.73 | 6.43,18.989,0.000,0,1,0,0,0,0,-1,0,0,0,,0,,0,,0,0,0,1
1723314318,3843,8,8,8,8,32.375,0,0,0.11 | 0.11 | 0.11,0,0.62 | 0.85 | 1.00,0,4.00 | 4.73 | 6.43,18.989,0.000,0,1,0,0,0,0,-1,0,0,0,,0,,0,,0,0,0,1
1723314318,3843,8,8,8,8,32.375,0,0,0.11 | 0.11 | 0.11,0,0.62 | 0.85 | 1.00,0,4.00 | 4.73 | 6.43,18.989,0.000,0,1,0,0,0,0,-1,0,0,0,,0,,0,,0,0,0,1
1723314318,3843,8,8,8,8,32.375,0,0,0.11 | 0.11 | 0.11,0,0.62 | 0.85 | 1.00,0,4.00 | 4.73 | 6.43,18.989,0.000,0,1,0,0,0,0,-1,0,0,0,,0,,0,,0,0,0,1
1723314318,3843,8,8,8,8,32.375,0,0,0.11 | 0.11 | 0.11,0,0.62 | 0.85 | 1.00,0,4.00 | 4.73 | 6.43,18.989,0.000,0,1,0,0,0,0,-1,0,0,0,,0,,0,,0,0,0,1
1723314318,3843,8,8,8,8,31.578,0,0,0.11 | 0.11 | 0.11,0,0.62 | 0.85 | 1.00,0,4.00 | 4.73 | 6.43,18.989,0.000,0,1,0,0,0,0,-1,0,0,0,,0,,0,,0,0,0,1
1723314319,3843,8,8,8,8,31.578,0,0,0.11 | 0.11 | 0.11,0,0.62 | 0.85 | 1.00,0,4.00 | 4.73 | 6.43,18.989,0.000,0,1,0,0,0,0,-1,0,0,0,,0,,0,,0,0,0,1
1723314319,3843,8,8,8,8,31.578,0,0,0.11 | 0.11 | 0.11,0,0.62 | 0.85 | 1.00,0,4.00 | 4.73 | 6.43,18.989,0.000,0,1,0,0,0,0,-1,0,0,0,,0,,0,,0,0,0,1
1723314319,3843,8,8,8,8,31.578,0,0,0.11 | 0.11 | 0.11,0,0.62 | 0.85 | 1.00,0,4.00 | 4.73 | 6.43,18.989,0.000,0,1,0,0,0,0,-1,0,0,0,,0,,0,,0,0,0,1
1723314319,3843,8,8,8,8,31.578,0,0,0.11 | 0.11 | 0.11,0,0.62 | 0.85 | 1.00,0,4.00 | 4.73 | 6.43,18.989,0.000,0,1,0,0,0,0,-1,0,0,0,,0,,0,,0,0,0,1
1723314319,3843,8,8,8,8,31.578,0,0,0.11 | 0.11 | 0.11,0,0.62 | 0.85 | 1.00,0,4.00 | 4.73 | 6.43,18.989,0.000,0,1,0,0,0,0,-1,0,0,0,,0,,0,,0,0,0,1
1723314319,3843,8,8,8,8,31.578,0,0,0.11 | 0.11 | 0.11,0,0.62 | 0.85 | 1.00,0,4.00 | 4.73 | 6.43,18.989,0.000,0,1,0,0,0,0,-1,0,0,0,,0,,0,,0,0,0,1
1723314319,3843,8,8,8,8,31.578,0,0,0.11 | 0.11 | 0.11,0,0.62 | 0.85 | 1.00,0,4.00 | 4.73 | 6.43,18.989,0.000,0,1,0,0,0,0,-1,0,0,0,,0,,0,,0,0,0,1
1723314319,3843,8,8,8,8,31.578,0,0,0.11 | 0.11 | 0.11,0,0.62 | 0.85 | 1.00,0,4.00 | 4.73 | 6.43,18.989,0.000,0,1,0,0,0,0,-1,0,0,0,,0,,0,,0,0,0,1
1723314319,3843,8,8,8,8,31.578,0,0,0.11 | 0.11 | 0.11,0,0.62 | 0.85 | 1.00,0,4.00 | 4.73 | 6.43,18.989,0.000,0,1,0,0,0,0,-1,0,0,0,,0,,0,,0,0,0,1
1723314319,3843,8,8,8,8,30.515,0,0,0.11 | 0.11 | 0.11,0,0.62 | 0.85 | 1.00,0,4.00 | 4.73 | 6.43,18.989,0.000,0,1,0,0,0,0,-1,0,0,0,,0,,0,,0,0,0,1
1723314320,3843,8,8,8,8,30.515,0,0,0.11 | 0.11 | 0.11,0,0.62 | 0.85 | 1.00,0,4.00 | 4.73 | 6.43,18.989,0.000,0,1,0,0,0,0,-1,0,0,0,,0,,0,,0,0,0,1
1723314320,3843,8,8,8,8,30.515,0,0,0.11 | 0.11 | 0.11,0,0.62 | 0.85 | 1.00,0,4.00 | 4.73 | 6.43,18.989,0.000,0,1,0,0,0,0,-1,0,0,0,,0,,0,,0,0,0,1
1723314320,3843,8,8,8,8,30.515,0,0,0.11 | 0.11 | 0.11,0,0.62 | 0.85 | 1.00,0,4.00 | 4.73 | 6.43,18.989,0.000,0,1,0,0,0,0,-1,0,0,0,,0,,0,,0,0,0,1
1723314320,3843,8,8,8,8,30.515,0,0,0.11 | 0.11 | 0.11,0,0.62 | 0.85 | 1.00,0,4.00 | 4.73 | 6.43,18.989,0.000,0,1,0,0,0,0,-1,0,0,0,,0,,0,,0,0,0,1
1723314320,3843,8,8,8,8,30.515,0,0,0.11 | 0.11 | 0.11,0,0.62 | 0.85 | 1.00,0,4.00 | 4.73 | 6.43,18.989,0.000,0,1,0,0,0,0,-1,0,0,0,,0,,0,,0,0,0,1
1723314320,3843,8,8,8,8,30.515,0,0,0.11 | 0.11 | 0.11,0,0.62 | 0.85 | 1.00,0,4.00 | 4.73 | 6.43,18.989,0.000,0,1,0,0,0,0,-1,0,0,0,,0,,0,,0,0,0,1
1723314320,3843,8,8,8,8,30.515,0,0,0.11 | 0.11 | 0.11,0,0.62 | 0.85 | 1.00,0,4.00 | 4.73 | 6.43,18.989,0.000,0,1,0,0,0,0,-1,0,0,0,,0,,0,,0,0,0,1
1723314320,3843,8,8,8,8,30.515,0,0,0.11 | 0.11 | 0.11,0,0.62 | 0.85 | 1.00,0,4.00 | 4.73 | 6.43,18.989,0.000,0,1,0,0,0,0,-1,0,0,0,,0,,0,,0,0,0,1
1723314320,3843,8,8,8,8,30.515,0,0,0.11 | 0.11 | 0.11,0,0.62 | 0.85 | 1.00,0,4.00 | 4.73 | 6.43,18.989,0.000,0,1,0,0,0,0,-1,0,0,0,,0,,0,,0,0,0,1
1723314320,3843,8,8,8,8,29.453,0,0,0.11 | 0.11 | 0.11,0,0.62 | 0.85 | 1.00,0,4.00 | 4.73 | 6.43,18.989,0.000,0,1,0,0,0,0,-1,0,0,0,,0,,0,,0,0,0,1
1723314321,3843,8,8,8,8,29.453,0,0,0.11 | 0.11 | 0.11,0,0.62 | 0.85 | 1.00,0,4.00 | 4.73 | 6.43,18.989,0.000,0,1,0,0,0,0,-1,0,0,0,,0,,0,,0,0,0,1
1723314321,3843,8,8,8,8,29.453,0,0,0.11 | 0.11 | 0.11,0,0.62 | 0.85 | 1.00,0,4.00 | 4.73 | 6.43,18.989,0.000,0,1,0,0,0,0,-1,0,0,0,,0,,0,,0,0,0,1
1723314321,3843,8,8,8,8,29.453,0,0,0.11 | 0.11 | 0.11,0,0.62 | 0.85 | 1.00,0,4.00 | 4.73 | 6.43,18.989,0.000,0,1,0,0,0,0,-1,0,0,0,,0,,0,,0,0,0,1
1723314321,3843,8,8,8,8,29.453,0,0,0.11 | 0.11 | 0.11,0,0.62 | 0.85 | 1.00,0,4.00 | 4.73 | 6.43,18.989,0.000,0,1,0,0,0,0,-1,0,0,0,,0,,0,,0,0,0,1
1723314321,3843,8,8,8,8,29.453,0,0,0.11 | 0.11 | 0.11,0,0.62 | 0.85 | 1.00,0,4.00 | 4.73 | 6.43,18.989,0.000,0,1,0,0,0,0,-1,0,0,0,,0,,0,,0,0,0,1
1723314321,3843,8,8,8,8,29.453,0,0,0.11 | 0.11 | 0.11,0,0.62 | 0.85 | 1.00,0,4.00 | 4.73 | 6.43,18.989,0.000,0,1,0,0,0,0,-1,0,0,0,,0,,0,,0,0,0,1
1723314321,3843,8,8,8,8,29.453,0,0,0.11 | 0.11 | 0.11,0,0.62 | 0.85 | 1.00,0,4.00 | 4.73 | 6.43,18.989,0.000,0,1,0,0,0,0,-1,0,0,0,,0,,0,,0,0,0,1
1723314321,3843,8,8,8,8,29.453,0,0,0.11 | 0.11 | 0.11,0,0.62 | 0.85 | 1.00,0,4.00 | 4.73 | 6.43,18.989,0.000,0,1,0,0,0,0,-1,0,0,0,,0,,0,,0,0,0,1
1723314321,3843,8,8,8,8,29.453,0,0,0.11 | 0.11 | 0.11,0,0.62 | 0.85 | 1.00,0,4.00 | 4.73 | 6.43,18.989,0.000,0,1,0,0,0,0,-1,0,0,0,,0,,0,,0,0,0,1
1723314321,3843,8,8,8,8,31.59,0,0,0.11 | 0.11 | 0.11,0,0.62 | 0.82 | 1.00,0,4.00 | 4.88 | 6.43,18.992,0.000,0,1,0,0,0,0,-1,0,0,0,,0,,0,,0,0,0,1
1723314322,3843,8,8,8,8,31.59,0,0,0.11 | 0.11 | 0.11,0,0.62 | 0.82 | 1.00,0,4.00 | 4.88 | 6.43,18.992,0.000,0,1,0,0,0,0,-1,0,0,0,,0,,0,,0,0,0,1
1723314322,3843,8,8,8,8,31.59,0,0,0.11 | 0.11 | 0.11,0,0.62 | 0.82 | 1.00,0,4.00 | 4.88 | 6.43,18.992,0.000,0,1,0,0,0,0,-1,0,0,0,,0,,0,,0,0,0,1
1723314322,3843,8,8,8,8,31.59,0,0,0.11 | 0.11 | 0.11,0,0.62 | 0.82 | 1.00,0,4.00 | 4.88 | 6.43,18.992,0.000,0,1,0,0,0,0,-1,0,0,0,,0,,0,,0,0,0,1
1723314322,3843,8,8,8,8,31.59,0,0,0.11 | 0.11 | 0.11,0,0.62 | 0.82 | 1.00,0,4.00 | 4.88 | 6.43,18.992,0.000,0,1,0,0,0,0,-1,0,0,0,,0,,0,,0,0,0,1
1723314322,3843,8,8,8,8,31.59,0,0,0.11 | 0.11 | 0.11,0,0.62 | 0.82 | 1.00,0,4.00 | 4.88 | 6.43,18.992,0.000,0,1,0,0,0,0,-1,0,0,0,,0,,0,,0,0,0,1
1723314322,3843,8,8,8,8,31.59,0,0,0.11 | 0.11 | 0.11,0,0.62 | 0.82 | 1.00,0,4.00 | 4.88 | 6.43,18.992,0.000,0,1,0,0,0,0,-1,0,0,0,,0,,0,,0,0,0,1
1723314322,3843,8,8,8,8,31.59,0,0,0.11 | 0.11 | 0.11,0,0.62 | 0.82 | 1.00,0,4.00 | 4.88 | 6.43,18.992,0.000,0,1,0,0,0,0,-1,0,0,0,,0,,0,,0,0,0,1
1723314322,3843,8,8,8,8,31.59,0,0,0.11 | 0.11 | 0.11,0,0.62 | 0.82 | 1.00,0,4.00 | 4.88 | 6.43,18.992,0.000,0,1,0,0,0,0,-1,0,0,0,,0,,0,,0,0,0,1
1723314322,3843,8,8,8,8,31.59,0,0,0.11 | 0.11 | 0.11,0,0.62 | 0.82 | 1.00,0,4.00 | 4.88 | 6.43,18.992,0.000,0,1,0,0,0,0,-1,0,0,0,,0,,0,,0,0,0,1
1723314322,3843,8,8,8,8,30.558,0,0,0.11 | 0.11 | 0.11,0,0.62 | 0.82 | 1.00,0,4.00 | 4.88 | 6.43,18.992,0.000,0,1,0,0,0,0,-1,0,0,0,,0,,0,,0,0,0,1
1723314323,3843,8,8,8,8,30.558,0,0,0.11 | 0.11 | 0.11,0,0.62 | 0.82 | 1.00,0,4.00 | 4.88 | 6.43,18.992,0.000,0,1,0,0,0,0,-1,0,0,0,,0,,0,,0,0,0,1
1723314323,3843,8,8,8,8,30.558,0,0,0.11 | 0.11 | 0.11,0,0.62 | 0.82 | 1.00,0,4.00 | 4.88 | 6.43,18.992,0.000,0,1,0,0,0,0,-1,0,0,0,,0,,0,,0,0,0,1
1723314323,3843,8,8,8,8,30.558,0,0,0.11 | 0.11 | 0.11,0,0.62 | 0.82 | 1.00,0,4.00 | 4.88 | 6.43,18.992,0.000,0,1,0,0,0,0,-1,0,0,0,,0,,0,,0,0,0,1
1723314323,3843,8,8,8,8,30.558,0,0,0.11 | 0.11 | 0.11,0,0.62 | 0.82 | 1.00,0,4.00 | 4.88 | 6.43,18.992,0.000,0,1,0,0,0,0,-1,0,0,0,,0,,0,,0,0,0,1
1723314323,3843,8,8,8,8,30.558,0,0,0.11 | 0.11 | 0.11,0,0.62 | 0.82 | 1.00,0,4.00 | 4.88 | 6.43,18.992,0.000,0,1,0,0,0,0,-1,0,0,0,,0,,0,,0,0,0,1
1723314323,3843,8,8,8,8,30.558,0,0,0.11 | 0.11 | 0.11,0,0.62 | 0.82 | 1.00,0,4.00 | 4.88 | 6.43,18.992,0.000,0,1,0,0,0,0,-1,0,0,0,,0,,0,,0,0,0,1
1723314323,3843,8,8,8,8,30.558,0,0,0.11 | 0.11 | 0.11,0,0.62 | 0.82 | 1.00,0,4.00 | 4.88 | 6.43,18.992,0.000,0,1,0,0,0,0,-1,0,0,0,,0,,0,,0,0,0,1
1723314323,3843,8,8,8,8,30.558,0,0,0.11 | 0.11 | 0.11,0,0.62 | 0.82 | 1.00,0,4.00 | 4.88 | 6.43,18.992,0.000,0,1,0,0,0,0,-1,0,0,0,,0,,0,,0,0,0,1
1723314323,3843,8,8,8,8,30.558,0,0,0.11 | 0.11 | 0.11,0,0.62 | 0.82 | 1.00,0,4.00 | 4.88 | 6.43,18.992,0.000,0,1,0,0,0,0,-1,0,0,0,,0,,0,,0,0,0,1
1723314323,3843,8,8,8,8,29.731,0,0,0.11 | 0.11 | 0.11,0,0.62 | 0.82 | 1.00,0,4.00 | 4.88 | 6.43,18.992,0.000,0,1,0,0,0,0,-1,0,0,0,,0,,0,,0,0,0,1
1723314324,3843,8,8,8,8,29.731,0,0,0.11 | 0.11 | 0.11,0,0.62 | 0.82 | 1.00,0,4.00 | 4.88 | 6.43,18.992,0.000,0,1,0,0,0,0,-1,0,0,0,,0,,0,,0,0,0,1
1723314324,3843,8,8,8,8,29.731,0,0,0.11 | 0.11 | 0.11,0,0.62 | 0.82 | 1.00,0,4.00 | 4.88 | 6.43,18.992,0.000,0,1,0,0,0,0,-1,0,0,0,,0,,0,,0,0,0,1
1723314324,3843,8,8,8,8,29.731,0,0,0.11 | 0.11 | 0.11,0,0.62 | 0.82 | 1.00,0,4.00 | 4.88 | 6.43,18.992,0.000,0,1,0,0,0,0,-1,0,0,0,,0,,0,,0,0,0,1
1723314324,3843,8,8,8,8,29.731,0,0,0.11 | 0.11 | 0.11,0,0.62 | 0.82 | 1.00,0,4.00 | 4.88 | 6.43,18.992,0.000,0,1,0,0,0,0,-1,0,0,0,,0,,0,,0,0,0,1
1723314324,3843,8,8,8,8,29.731,0,0,0.11 | 0.11 | 0.11,0,0.62 | 0.82 | 1.00,0,4.00 | 4.88 | 6.43,18.992,0.000,0,1,0,0,0,0,-1,0,0,0,,0,,0,,0,0,0,1
1723314324,3843,8,8,8,8,29.731,0,0,0.11 | 0.11 | 0.11,0,0.62 | 0.82 | 1.00,0,4.00 | 4.88 | 6.43,18.992,0.000,0,1,0,0,0,0,-1,0,0,0,,0,,0,,0,0,0,1
1723314324,3843,8,8,8,8,29.731,0,0,0.11 | 0.11 | 0.11,0,0.62 | 0.82 | 1.00,0,4.00 | 4.88 | 6.43,18.992,0.000,0,1,0,0,0,0,-1,0,0,0,,0,,0,,0,0,0,1
1723314324,3843,8,8,8,8,29.731,0,0,0.11 | 0.11 | 0.11,0,0.62 | 0.82 | 1.00,0,4.00 | 4.88 | 6.43,18.992,0.000,0,1,0,0,0,0,-1,0,0,0,,0,,0,,0,0,0,1
1723314324,3843,8,8,8,8,29.731,0,0,0.11 | 0.11 | 0.11,0,0.62 | 0.82 | 1.00,0,4.00 | 4.88 | 6.43,18.992,0.000,0,1,0,0,0,0,-1,0,0,0,,0,,0,,0,0,0,1
1723314324,3843,8,8,8,8,33.468,0,0,0.11 | 0.11 | 0.11,0,0.62 | 0.77 | 0.99,0,4.03 | 5.19 | 6.43,19.001,0.000,0,1,0,0,0,0,-1,0,0,0,,0,,0,,0,0,0,1
1723314325,3843,8,8,8,8,33.468,0,0,0.11 | 0.11 | 0.11,0,0.62 | 0.77 | 0.99,0,4.03 | 5.19 | 6.43,19.001,0.000,0,1,0,0,0,0,-1,0,0,0,,0,,0,,0,0,0,1
1723314325,3843,8,8,8,8,33.468,0,0,0.11 | 0.11 | 0.11,0,0.62 | 0.77 | 0.99,0,4.03 | 5.19 | 6.43,19.001,0.000,0,1,0,0,0,0,-1,0,0,0,,0,,0,,0,0,0,1
1723314325,3843,8,8,8,8,33.468,0,0,0.11 | 0.11 | 0.11,0,0.62 | 0.77 | 0.99,0,4.03 | 5.19 | 6.43,19.001,0.000,0,1,0,0,0,0,-1,0,0,0,,0,,0,,0,0,0,1
1723314325,3843,8,8,8,8,33.468,0,0,0.11 | 0.11 | 0.11,0,0.62 | 0.77 | 0.99,0,4.03 | 5.19 | 6.43,19.001,0.000,0,1,0,0,0,0,-1,0,0,0,,0,,0,,0,0,0,1
1723314325,3843,8,8,8,8,33.468,0,0,0.11 | 0.11 | 0.11,0,0.62 | 0.77 | 0.99,0,4.03 | 5.19 | 6.43,19.001,0.000,0,1,0,0,0,0,-1,0,0,0,,0,,0,,0,0,0,1
1723314325,3843,8,8,8,8,33.468,0,0,0.11 | 0.11 | 0.11,0,0.62 | 0.77 | 0.99,0,4.03 | 5.19 | 6.43,19.001,0.000,0,1,0,0,0,0,-1,0,0,0,,0,,0,,0,0,0,1
1723314325,3843,8,8,8,8,33.468,0,0,0.11 | 0.11 | 0.11,0,0.62 | 0.77 | 0.99,0,4.03 | 5.19 | 6.43,19.001,0.000,0,1,0,0,0,0,-1,0,0,0,,0,,0,,0,0,0,1
1723314325,3843,8,8,8,8,33.468,0,0,0.11 | 0.11 | 0.11,0,0.62 | 0.77 | 0.99,0,4.03 | 5.19 | 6.43,19.001,0.000,0,1,0,0,0,0,-1,0,0,0,,0,,0,,0,0,0,1
1723314325,3843,8,8,8,8,33.468,0,0,0.11 | 0.11 | 0.11,0,0.62 | 0.77 | 0.99,0,4.03 | 5.19 | 6.43,19.001,0.000,0,1,0,0,0,0,-1,0,0,0,,0,,0,,0,0,0,1
1723314325,3843,8,8,8,8,32.406,0,0,0.11 | 0.11 | 0.11,0,0.62 | 0.77 | 0.99,0,4.03 | 5.19 | 6.43,19.001,0.000,0,1,0,0,0,0,-1,0,0,0,,0,,0,,0,0,0,1
1723314326,3843,8,8,8,8,32.406,0,0,0.11 | 0.11 | 0.11,0,0.62 | 0.77 | 0.99,0,4.03 | 5.19 | 6.43,19.001,0.000,0,1,0,0,0,0,-1,0,0,0,,0,,0,,0,0,0,1
1723314326,3843,8,8,8,8,32.406,0,0,0.11 | 0.11 | 0.11,0,0.62 | 0.77 | 0.99,0,4.03 | 5.19 | 6.43,19.001,0.000,0,1,0,0,0,0,-1,0,0,0,,0,,0,,0,0,0,1
1723314326,3843,8,8,8,8,32.406,0,0,0.11 | 0.11 | 0.11,0,0.62 | 0.77 | 0.99,0,4.03 | 5.19 | 6.43,19.001,0.000,0,1,0,0,0,0,-1,0,0,0,,0,,0,,0,0,0,1
1723314326,3843,8,8,8,8,32.406,0,0,0.11 | 0.11 | 0.11,0,0.62 | 0.77 | 0.99,0,4.03 | 5.19 | 6.43,19.001,0.000,0,1,0,0,0,0,-1,0,0,0,,0,,0,,0,0,0,1
1723314326,3843,8,8,8,8,32.406,0,0,0.11 | 0.11 | 0.11,0,0.62 | 0.77 | 0.99,0,4.03 | 5.19 | 6.43,19.001,0.000,0,1,0,0,0,0,-1,0,0,0,,0,,0,,0,0,0,1
1723314326,3843,8,8,8,8,32.406,0,0,0.11 | 0.11 | 0.11,0,0.62 | 0.77 | 0.99,0,4.03 | 5.19 | 6.43,19.001,0.000,0,1,0,0,0,0,-1,0,0,0,,0,,0,,0,0,0,1
1723314326,3843,8,8,8,8,32.406,0,0,0.11 | 0.11 | 0.11,0,0.62 | 0.77 | 0.99,0,4.03 | 5.19 | 6.43,19.001,0.000,0,1,0,0,0,0,-1,0,0,0,,0,,0,,0,0,0,1
1723314326,3843,8,8,8,8,32.406,0,0,0.11 | 0.11 | 0.11,0,0.62 | 0.77 | 0.99,0,4.03 | 5.19 | 6.43,19.001,0.000,0,1,0,0,0,0,-1,0,0,0,,0,,0,,0,0,0,1
1723314326,3843,8,8,8,8,32.406,0,0,0.11 | 0.11 | 0.11,0,0.62 | 0.77 | 0.99,0,4.03 | 5.19 | 6.43,19.001,0.000,0,1,0,0,0,0,-1,0,0,0,,0,,0,,0,0,0,1
1723314326,3843,8,8,8,8,31.609,0,0,0.11 | 0.11 | 0.11,0,0.62 | 0.77 | 0.99,0,4.03 | 5.19 | 6.43,19.001,0.000,0,1,0,0,0,0,-1,0,0,0,,0,,0,,0,0,0,1
1723314327,3843,8,8,8,8,31.609,0,0,0.11 | 0.11 | 0.11,0,0.62 | 0.77 | 0.99,0,4.03 | 5.19 | 6.43,19.001,0.000,0,1,0,0,0,0,-1,0,0,0,,0,,0,,0,0,0,1
1723314327,3843,8,8,8,8,31.609,0,0,0.11 | 0.11 | 0.11,0,0.62 | 0.77 | 0.99,0,4.03 | 5.19 | 6.43,19.001,0.000,0,1,0,0,0,0,-1,0,0,0,,0,,0,,0,0,0,1
1723314327,3843,8,8,8,8,31.609,0,0,0.11 | 0.11 | 0.11,0,0.62 | 0.77 | 0.99,0,4.03 | 5.19 | 6.43,19.001,0.000,0,1,0,0,0,0,-1,0,0,0,,0,,0,,0,0,0,1
1723314327,3843,8,8,8,8,31.609,0,0,0.11 | 0.11 | 0.11,0,0.62 | 0.77 | 0.99,0,4.03 | 5.19 | 6.43,19.001,0.000,0,1,0,0,0,0,-1,0,0,0,,0,,0,,0,0,0,1
1723314327,3843,8,8,8,8,31.609,0,0,0.11 | 0.11 | 0.11,0,0.62 | 0.77 | 0.99,0,4.03 | 5.19 | 6.43,19.001,0.000,0,1,0,0,0,0,-1,0,0,0,,0,,0,,0,0,0,1
1723314327,3843,8,8,8,8,31.609,0,0,0.11 | 0.11 | 0.11,0,0.62 | 0.77 | 0.99,0,4.03 | 5.19 | 6.43,19.001,0.000,0,1,0,0,0,0,-1,0,0,0,,0,,0,,0,0,0,1
1723314327,3843,8,8,8,8,31.609,0,0,0.11 | 0.11 | 0.11,0,0.62 | 0.77 | 0.99,0,4.03 | 5.19 | 6.43,19.001,0.000,0,1,0,0,0,0,-1,0,0,0,,0,,0,,0,0,0,1
1723314327,3843,8,8,8,8,31.609,0,0,0.11 | 0.11 | 0.11,0,0.62 | 0.77 | 0.99,0,4.03 | 5.19 | 6.43,19.001,0.000,0,1,0,0,0,0,-1,0,0,0,,0,,0,,0,0,0,1
1723314327,3843,8,8,8,8,31.609,0,0,0.11 | 0.11 | 0.11,0,0.62 | 0.77 | 0.99,0,4.03 | 5.19 | 6.43,19.001,0.000,0,1,0,0,0,0,-1,0,0,0,,0,,0,,0,0,0,1
1723314327,3843,8,8,8,8,30.546,0,0,0.11 | 0.11 | 0.11,0,0.62 | 0.77 | 0.99,0,4.03 | 5.19 | 6.43,19.001,0.000,0,1,0,0,0,0,-1,0,0,0,,0,,0,,0,0,0,1
1723314328,3843,8,8,8,8,30.546,0,0,0.11 | 0.11 | 0.11,0,0.62 | 0.77 | 0.99,0,4.03 | 5.19 | 6.43,19.001,0.000,0,1,0,0,0,0,-1,0,0,0,,0,,0,,0,0,0,1
1723314328,3843,8,8,8,8,30.546,0,0,0.11 | 0.11 | 0.11,0,0.62 | 0.77 | 0.99,0,4.03 | 5.19 | 6.43,19.001,0.000,0,1,0,0,0,0,-1,0,0,0,,0,,0,,0,0,0,1
1723314328,3843,8,8,8,8,30.546,0,0,0.11 | 0.11 | 0.11,0,0.62 | 0.77 | 0.99,0,4.03 | 5.19 | 6.43,19.001,0.000,0,1,0,0,0,0,-1,0,0,0,,0,,0,,0,0,0,1
1723314328,3843,8,8,8,8,30.546,0,0,0.11 | 0.11 | 0.11,0,0.62 | 0.77 | 0.99,0,4.03 | 5.19 | 6.43,19.001,0.000,0,1,0,0,0,0,-1,0,0,0,,0,,0,,0,0,0,1
1723314328,3843,8,8,8,8,30.546,0,0,0.11 | 0.11 | 0.11,0,0.62 | 0.77 | 0.99,0,4.03 | 5.19 | 6.43,19.001,0.000,0,1,0,0,0,0,-1,0,0,0,,0,,0,,0,0,0,1
1723314328,3843,8,8,8,8,30.546,0,0,0.11 | 0.11 | 0.11,0,0.62 | 0.77 | 0.99,0,4.03 | 5.19 | 6.43,19.001,0.000,0,1,0,0,0,0,-1,0,0,0,,0,,0,,0,0,0,1
1723314328,3843,8,8,8,8,30.546,0,0,0.11 | 0.11 | 0.11,0,0.62 | 0.77 | 0.99,0,4.03 | 5.19 | 6.43,19.001,0.000,0,1,0,0,0,0,-1,0,0,0,,0,,0,,0,0,0,1
1723314328,3843,8,8,8,8,30.546,0,0,0.11 | 0.11 | 0.11,0,0.62 | 0.77 | 0.99,0,4.03 | 5.19 | 6.43,19.001,0.000,0,1,0,0,0,0,-1,0,0,0,,0,,0,,0,0,0,1
1723314328,3843,8,8,8,8,30.546,0,0,0.11 | 0.11 | 0.11,0,0.62 | 0.77 | 0.99,0,4.03 | 5.19 | 6.43,19.001,0.000,0,1,0,0,0,0,-1,0,0,0,,0,,0,,0,0,0,1
1723314328,3843,8,8,8,8,29.484,0,0,0.11 | 0.11 | 0.11,0,0.62 | 0.77 | 0.99,0,4.03 | 5.19 | 6.43,19.001,0.000,0,1,0,0,0,0,-1,0,0,0,,0,,0,,0,0,0,1
1723314329,3843,8,8,8,8,29.484,0,0,0.11 | 0.11 | 0.11,0,0.62 | 0.77 | 0.99,0,4.03 | 5.19 | 6.43,19.001,0.000,0,1,0,0,0,0,-1,0,0,0,,0,,0,,0,0,0,1
1723314329,3843,8,8,8,8,29.484,0,0,0.11 | 0.11 | 0.11,0,0.62 | 0.77 | 0.99,0,4.03 | 5.19 | 6.43,19.001,0.000,0,1,0,0,0,0,-1,0,0,0,,0,,0,,0,0,0,1
1723314329,3843,8,8,8,8,29.484,0,0,0.11 | 0.11 | 0.11,0,0.62 | 0.77 | 0.99,0,4.03 | 5.19 | 6.43,19.001,0.000,0,1,0,0,0,0,-1,0,0,0,,0,,0,,0,0,0,1
1723314329,3843,8,8,8,8,29.484,0,0,0.11 | 0.11 | 0.11,0,0.62 | 0.77 | 0.99,0,4.03 | 5.19 | 6.43,19.001,0.000,0,1,0,0,0,0,-1,0,0,0,,0,,0,,0,0,0,1
1723314329,3843,8,8,8,8,29.484,0,0,0.11 | 0.11 | 0.11,0,0.62 | 0.77 | 0.99,0,4.03 | 5.19 | 6.43,19.001,0.000,0,1,0,0,0,0,-1,0,0,0,,0,,0,,0,0,0,1
1723314329,3843,8,8,8,8,29.484,0,0,0.11 | 0.11 | 0.11,0,0.62 | 0.77 | 0.99,0,4.03 | 5.19 | 6.43,19.001,0.000,0,1,0,0,0,0,-1,0,0,0,,0,,0,,0,0,0,1
1723314329,3843,8,8,8,8,29.484,0,0,0.11 | 0.11 | 0.11,0,0.62 | 0.77 | 0.99,0,4.03 | 5.19 | 6.43,19.001,0.000,0,1,0,0,0,0,-1,0,0,0,,0,,0,,0,0,0,1
1723314329,3843,8,8,8,8,29.484,0,0,0.11 | 0.11 | 0.11,0,0.62 | 0.77 | 0.99,0,4.03 | 5.19 | 6.43,19.001,0.000,0,1,0,0,0,0,-1,0,0,0,,0,,0,,0,0,0,1
1723314329,3843,8,8,8,8,29.484,0,0,0.11 | 0.11 | 0.11,0,0.62 | 0.77 | 0.99,0,4.03 | 5.19 | 6.43,19.001,0.000,0,1,0,0,0,0,-1,0,0,0,,0,,0,,0,0,0,1
1723314329,3843,8,8,8,8,31.621,0,0,0.11 | 0.11 | 0.11,0,0.65 | 0.78 | 0.99,0,4.03 | 5.13 | 6.12,18.989,0.000,0,1,0,0,0,0,-1,0,0,0,,0,,0,,0,0,0,1
1723314330,3843,8,8,8,8,31.621,0,0,0.11 | 0.11 | 0.11,0,0.65 | 0.78 | 0.99,0,4.03 | 5.13 | 6.12,18.989,0.000,0,1,0,0,0,0,-1,0,0,0,,0,,0,,0,0,0,1
1723314330,3843,8,8,8,8,31.621,0,0,0.11 | 0.11 | 0.11,0,0.65 | 0.78 | 0.99,0,4.03 | 5.13 | 6.12,18.989,0.000,0,1,0,0,0,0,-1,0,0,0,,0,,0,,0,0,0,1
1723314330,3843,8,8,8,8,31.621,0,0,0.11 | 0.11 | 0.11,0,0.65 | 0.78 | 0.99,0,4.03 | 5.13 | 6.12,18.989,0.000,0,1,0,0,0,0,-1,0,0,0,,0,,0,,0,0,0,1
1723314330,3843,8,8,8,8,31.621,0,0,0.11 | 0.11 | 0.11,0,0.65 | 0.78 | 0.99,0,4.03 | 5.13 | 6.12,18.989,0.000,0,1,0,0,0,0,-1,0,0,0,,0,,0,,0,0,0,1
1723314330,3843,8,8,8,8,31.621,0,0,0.11 | 0.11 | 0.11,0,0.65 | 0.78 | 0.99,0,4.03 | 5.13 | 6.12,18.989,0.000,0,1,0,0,0,0,-1,0,0,0,,0,,0,,0,0,0,1
1723314330,3843,8,8,8,8,31.621,0,0,0.11 | 0.11 | 0.11,0,0.65 | 0.78 | 0.99,0,4.03 | 5.13 | 6.12,18.989,0.000,0,1,0,0,0,0,-1,0,0,0,,0,,0,,0,0,0,1
1723314330,3843,8,8,8,8,31.621,0,0,0.11 | 0.11 | 0.11,0,0.65 | 0.78 | 0.99,0,4.03 | 5.13 | 6.12,18.989,0.000,0,1,0,0,0,0,-1,0,0,0,,0,,0,,0,0,0,1
1723314330,3843,8,8,8,8,31.621,0,0,0.11 | 0.11 | 0.11,0,0.65 | 0.78 | 0.99,0,4.03 | 5.13 | 6.12,18.989,0.000,0,1,0,0,0,0,-1,0,0,0,,0,,0,,0,0,0,1
1723314330,3843,8,8,8,8,31.621,0,0,0.11 | 0.11 | 0.11,0,0.65 | 0.78 | 0.99,0,4.03 | 5.13 | 6.12,18.989,0.000,0,1,0,0,0,0,-1,0,0,0,,0,,0,,0,0,0,1
1723314330,3843,8,8,8,8,30.559,0,0,0.11 | 0.11 | 0.11,0,0.65 | 0.78 | 0.99,0,4.03 | 5.13 | 6.12,18.989,0.000,0,1,0,0,0,0,-1,0,0,0,,0,,0,,0,0,0,1
1723314331,3843,8,8,8,8,30.559,0,0,0.11 | 0.11 | 0.11,0,0.65 | 0.78 | 0.99,0,4.03 | 5.13 | 6.12,18.989,0.000,0,1,0,0,0,0,-1,0,0,0,,0,,0,,0,0,0,1
1723314331,3843,8,8,8,8,30.559,0,0,0.11 | 0.11 | 0.11,0,0.65 | 0.78 | 0.99,0,4.03 | 5.13 | 6.12,18.989,0.000,0,1,0,0,0,0,-1,0,0,0,,0,,0,,0,0,0,1
1723314331,3843,8,8,8,8,30.559,0,0,0.11 | 0.11 | 0.11,0,0.65 | 0.78 | 0.99,0,4.03 | 5.13 | 6.12,18.989,0.000,0,1,0,0,0,0,-1,0,0,0,,0,,0,,0,0,0,1
1723314331,3843,8,8,8,8,30.559,0,0,0.11 | 0.11 | 0.11,0,0.65 | 0.78 | 0.99,0,4.03 | 5.13 | 6.12,18.989,0.000,0,1,0,0,0,0,-1,0,0,0,,0,,0,,0,0,0,1
1723314331,3843,8,8,8,8,30.559,0,0,0.11 | 0.11 | 0.11,0,0.65 | 0.78 | 0.99,0,4.03 | 5.13 | 6.12,18.989,0.000,0,1,0,0,0,0,-1,0,0,0,,0,,0,,0,0,0,1
1723314331,3843,8,8,8,8,30.559,0,0,0.11 | 0.11 | 0.11,0,0.65 | 0.78 | 0.99,0,4.03 | 5.13 | 6.12,18.989,0.000,0,1,0,0,0,0,-1,0,0,0,,0,,0,,0,0,0,1
1723314331,3843,8,8,8,8,30.559,0,0,0.11 | 0.11 | 0.11,0,0.65 | 0.78 | 0.99,0,4.03 | 5.13 | 6.12,18.989,0.000,0,1,0,0,0,0,-1,0,0,0,,0,,0,,0,0,0,1
1723314331,3843,8,8,8,8,30.559,0,0,0.11 | 0.11 | 0.11,0,0.65 | 0.78 | 0.99,0,4.03 | 5.13 | 6.12,18.989,0.000,0,1,0,0,0,0,-1,0,0,0,,0,,0,,0,0,0,1
1723314331,3843,8,8,8,8,30.559,0,0,0.11 | 0.11 | 0.11,0,0.65 | 0.78 | 0.99,0,4.03 | 5.13 | 6.12,18.989,0.000,0,1,0,0,0,0,-1,0,0,0,,0,,0,,0,0,0,1
1723314331,3843,8,8,8,8,29.762,0,0,0.11 | 0.11 | 0.11,0,0.65 | 0.78 | 0.99,0,4.03 | 5.13 | 6.12,18.989,0.000,0,1,0,0,0,0,-1,0,0,0,,0,,0,,0,0,0,1
1723314332,3843,8,8,8,8,29.762,0,0,0.11 | 0.11 | 0.11,0,0.65 | 0.78 | 0.99,0,4.03 | 5.13 | 6.12,18.989,0.000,0,1,0,0,0,0,-1,0,0,0,,0,,0,,0,0,0,1
1723314332,3843,8,8,8,8,29.762,0,0,0.11 | 0.11 | 0.11,0,0.65 | 0.78 | 0.99,0,4.03 | 5.13 | 6.12,18.989,0.000,0,1,0,0,0,0,-1,0,0,0,,0,,0,,0,0,0,1
1723314332,3843,8,8,8,8,29.762,0,0,0.11 | 0.11 | 0.11,0,0.65 | 0.78 | 0.99,0,4.03 | 5.13 | 6.12,18.989,0.000,0,1,0,0,0,0,-1,0,0,0,,0,,0,,0,0,0,1
1723314332,3843,8,8,8,8,29.762,0,0,0.11 | 0.11 | 0.11,0,0.65 | 0.78 | 0.99,0,4.03 | 5.13 | 6.12,18.989,0.000,0,1,0,0,0,0,-1,0,0,0,,0,,0,,0,0,0,1
1723314332,3843,8,8,8,8,29.762,0,0,0.11 | 0.11 | 0.11,0,0.65 | 0.78 | 0.99,0,4.03 | 5.13 | 6.12,18.989,0.000,0,1,0,0,0,0,-1,0,0,0,,0,,0,,0,0,0,1
1723314332,3843,8,8,8,8,29.762,0,0,0.11 | 0.11 | 0.11,0,0.65 | 0.78 | 0.99,0,4.03 | 5.13 | 6.12,18.989,0.000,0,1,0,0,0,0,-1,0,0,0,,0,,0,,0,0,0,1
1723314332,3843,8,8,8,8,29.762,0,0,0.11 | 0.11 | 0.11,0,0.65 | 0.78 | 0.99,0,4.03 | 5.13 | 6.12,18.989,0.000,0,1,0,0,0,0,-1,0,0,0,,0,,0,,0,0,0,1
1723314332,3843,8,8,8,8,29.762,0,0,0.11 | 0.11 | 0.11,0,0.65 | 0.78 | 0.99,0,4.03 | 5.13 | 6.12,18.989,0.000,0,1,0,0,0,0,-1,0,0,0,,0,,0,,0,0,0,1
1723314332,3843,8,8,8,8,29.762,0,0,0.11 | 0.11 | 0.11,0,0.65 | 0.78 | 0.99,0,4.03 | 5.13 | 6.12,18.989,0.000,0,1,0,0,0,0,-1,0,0,0,,0,,0,,0,0,0,1
1723314332,3843,8,8,8,8,28.558,0,0,0.11 | 0.11 | 0.11,0,0.65 | 0.78 | 0.99,0,4.03 | 5.13 | 6.12,18.989,0.000,0,1,0,0,0,0,-1,0,0,0,,0,,0,,0,0,0,1
1723314333,3843,8,8,8,8,28.558,0,0,0.11 | 0.11 | 0.11,0,0.65 | 0.78 | 0.99,0,4.03 | 5.13 | 6.12,18.989,0.000,0,1,0,0,0,0,-1,0,0,0,,0,,0,,0,0,0,1
1723314333,3843,8,8,8,8,28.558,0,0,0.11 | 0.11 | 0.11,0,0.65 | 0.78 | 0.99,0,4.03 | 5.13 | 6.12,18.989,0.000,0,1,0,0,0,0,-1,0,0,0,,0,,0,,0,0,0,1
1723314333,3843,8,8,8,8,28.558,0,0,0.11 | 0.11 | 0.11,0,0.65 | 0.78 | 0.99,0,4.03 | 5.13 | 6.12,18.989,0.000,0,1,0,0,0,0,-1,0,0,0,,0,,0,,0,0,0,1
1723314333,3843,8,8,8,8,28.558,0,0,0.11 | 0.11 | 0.11,0,0.65 | 0.78 | 0.99,0,4.03 | 5.13 | 6.12,18.989,0.000,0,1,0,0,0,0,-1,0,0,0,,0,,0,,0,0,0,1
1723314333,3843,8,8,8,8,28.558,0,0,0.11 | 0.11 | 0.11,0,0.65 | 0.78 | 0.99,0,4.03 | 5.13 | 6.12,18.989,0.000,0,1,0,0,0,0,-1,0,0,0,,0,,0,,0,0,0,1
1723314333,3843,8,8,8,8,28.558,0,0,0.11 | 0.11 | 0.11,0,0.65 | 0.78 | 0.99,0,4.03 | 5.13 | 6.12,18.989,0.000,0,1,0,0,0,0,-1,0,0,0,,0,,0,,0,0,0,1
1723314333,3843,8,8,8,8,28.558,0,0,0.11 | 0.11 | 0.11,0,0.65 | 0.78 | 0.99,0,4.03 | 5.13 | 6.12,18.989,0.000,0,1,0,0,0,0,-1,0,0,0,,0,,0,,0,0,0,1
1723314333,3843,8,8,8,8,28.558,0,0,0.11 | 0.11 | 0.11,0,0.65 | 0.78 | 0.99,0,4.03 | 5.13 | 6.12,18.989,0.000,0,1,0,0,0,0,-1,0,0,0,,0,,0,,0,0,0,1
1723314333,3843,8,8,8,8,28.558,0,0,0.11 | 0.11 | 0.11,0,0.65 | 0.78 | 0.99,0,4.03 | 5.13 | 6.12,18.989,0.000,0,1,0,0,0,0,-1,0,0,0,,0,,0,,0,0,0,1
1723314333,3843,8,8,8,8,32.437,0,0,0.11 | 0.11 | 0.12,0,0.65 | 0.83 | 1.18,0,3.38 | 4.84 | 6.12,18.982,0.000,0,1,0,0,0,0,-1,0,0,0,,0,,0,,0,0,0,1
1723314334,3843,8,8,8,8,32.437,0,0,0.11 | 0.11 | 0.12,0,0.65 | 0.83 | 1.18,0,3.38 | 4.84 | 6.12,18.982,0.000,0,1,0,0,0,0,-1,0,0,0,,0,,0,,0,0,0,1
1723314334,3843,8,8,8,8,32.437,0,0,0.11 | 0.11 | 0.12,0,0.65 | 0.83 | 1.18,0,3.38 | 4.84 | 6.12,18.982,0.000,0,1,0,0,0,0,-1,0,0,0,,0,,0,,0,0,0,1
1723314334,3843,8,8,8,8,32.437,0,0,0.11 | 0.11 | 0.12,0,0.65 | 0.83 | 1.18,0,3.38 | 4.84 | 6.12,18.982,0.000,0,1,0,0,0,0,-1,0,0,0,,0,,0,,0,0,0,1
1723314334,3843,8,8,8,8,32.437,0,0,0.11 | 0.11 | 0.12,0,0.65 | 0.83 | 1.18,0,3.38 | 4.84 | 6.12,18.982,0.000,0,1,0,0,0,0,-1,0,0,0,,0,,0,,0,0,0,1
1723314334,3843,8,8,8,8,32.437,0,0,0.11 | 0.11 | 0.12,0,0.65 | 0.83 | 1.18,0,3.38 | 4.84 | 6.12,18.982,0.000,0,1,0,0,0,0,-1,0,0,0,,0,,0,,0,0,0,1
1723314334,3843,8,8,8,8,32.437,0,0,0.11 | 0.11 | 0.12,0,0.65 | 0.83 | 1.18,0,3.38 | 4.84 | 6.12,18.982,0.000,0,1,0,0,0,0,-1,0,0,0,,0,,0,,0,0,0,1
1723314334,3843,8,8,8,8,32.437,0,0,0.11 | 0.11 | 0.12,0,0.65 | 0.83 | 1.18,0,3.38 | 4.84 | 6.12,18.982,0.000,0,1,0,0,0,0,-1,0,0,0,,0,,0,,0,0,0,1
1723314334,3843,8,8,8,8,32.437,0,0,0.11 | 0.11 | 0.12,0,0.65 | 0.83 | 1.18,0,3.38 | 4.84 | 6.12,18.982,0.000,0,1,0,0,0,0,-1,0,0,0,,0,,0,,0,0,0,1
1723314334,3843,8,8,8,8,32.437,0,0,0.11 | 0.11 | 0.12,0,0.65 | 0.83 | 1.18,0,3.38 | 4.84 | 6.12,18.982,0.000,0,1,0,0,0,0,-1,0,0,0,,0,,0,,0,0,0,1
1723314334,3843,8,8,8,8,31.375,0,0,0.11 | 0.11 | 0.12,0,0.65 | 0.83 | 1.18,0,3.38 | 4.84 | 6.12,18.982,0.000,0,1,0,0,0,0,-1,0,0,0,,0,,0,,0,0,0,1
1723314335,3843,8,8,8,8,31.375,0,0,0.11 | 0.11 | 0.12,0,0.65 | 0.83 | 1.18,0,3.38 | 4.84 | 6.12,18.982,0.000,0,1,0,0,0,0,-1,0,0,0,,0,,0,,0,0,0,1
1723314335,3843,8,8,8,8,31.375,0,0,0.11 | 0.11 | 0.12,0,0.65 | 0.83 | 1.18,0,3.38 | 4.84 | 6.12,18.982,0.000,0,1,0,0,0,0,-1,0,0,0,,0,,0,,0,0,0,1
1723314335,3843,8,8,8,8,31.375,0,0,0.11 | 0.11 | 0.12,0,0.65 | 0.83 | 1.18,0,3.38 | 4.84 | 6.12,18.982,0.000,0,1,0,0,0,0,-1,0,0,0,,0,,0,,0,0,0,1
1723314335,3843,8,8,8,8,31.375,0,0,0.11 | 0.11 | 0.12,0,0.65 | 0.83 | 1.18,0,3.38 | 4.84 | 6.12,18.982,0.000,0,1,0,0,0,0,-1,0,0,0,,0,,0,,0,0,0,1
1723314335,3843,8,8,8,8,31.375,0,0,0.11 | 0.11 | 0.12,0,0.65 | 0.83 | 1.18,0,3.38 | 4.84 | 6.12,18.982,0.000,0,1,0,0,0,0,-1,0,0,0,,0,,0,,0,0,0,1
1723314335,3843,8,8,8,8,31.375,0,0,0.11 | 0.11 | 0.12,0,0.65 | 0.83 | 1.18,0,3.38 | 4.84 | 6.12,18.982,0.000,0,1,0,0,0,0,-1,0,0,0,,0,,0,,0,0,0,1
1723314335,3843,8,8,8,8,31.375,0,0,0.11 | 0.11 | 0.12,0,0.65 | 0.83 | 1.18,0,3.38 | 4.84 | 6.12,18.982,0.000,0,1,0,0,0,0,-1,0,0,0,,0,,0,,0,0,0,1
1723314335,3843,8,8,8,8,31.375,0,0,0.11 | 0.11 | 0.12,0,0.65 | 0.83 | 1.18,0,3.38 | 4.84 | 6.12,18.982,0.000,0,1,0,0,0,0,-1,0,0,0,,0,,0,,0,0,0,1
1723314335,3843,8,8,8,8,31.375,0,0,0.11 | 0.11 | 0.12,0,0.65 | 0.83 | 1.18,0,3.38 | 4.84 | 6.12,18.982,0.000,0,1,0,0,0,0,-1,0,0,0,,0,,0,,0,0,0,1
1723314335,3843,8,8,8,8,30.578,0,0,0.11 | 0.11 | 0.12,0,0.65 | 0.83 | 1.18,0,3.38 | 4.84 | 6.12,18.982,0.000,0,1,0,0,0,0,-1,0,0,0,,0,,0,,0,0,0,1
1723314336,3843,8,8,8,8,30.578,0,0,0.11 | 0.11 | 0.12,0,0.65 | 0.83 | 1.18,0,3.38 | 4.84 | 6.12,18.982,0.000,0,1,0,0,0,0,-1,0,0,0,,0,,0,,0,0,0,1
1723314336,3843,8,8,8,8,30.578,0,0,0.11 | 0.11 | 0.12,0,0.65 | 0.83 | 1.18,0,3.38 | 4.84 | 6.12,18.982,0.000,0,1,0,0,0,0,-1,0,0,0,,0,,0,,0,0,0,1
1723314336,3843,8,8,8,8,30.578,0,0,0.11 | 0.11 | 0.12,0,0.65 | 0.83 | 1.18,0,3.38 | 4.84 | 6.12,18.982,0.000,0,1,0,0,0,0,-1,0,0,0,,0,,0,,0,0,0,1
1723314336,3843,8,8,8,8,30.578,0,0,0.11 | 0.11 | 0.12,0,0.65 | 0.83 | 1.18,0,3.38 | 4.84 | 6.12,18.982,0.000,0,1,0,0,0,0,-1,0,0,0,,0,,0,,0,0,0,1
1723314336,3843,8,8,8,8,30.578,0,0,0.11 | 0.11 | 0.12,0,0.65 | 0.83 | 1.18,0,3.38 | 4.84 | 6.12,18.982,0.000,0,1,0,0,0,0,-1,0,0,0,,0,,0,,0,0,0,1
1723314336,3843,8,8,8,8,30.578,0,0,0.11 | 0.11 | 0.12,0,0.65 | 0.83 | 1.18,0,3.38 | 4.84 | 6.12,18.982,0.000,0,1,0,0,0,0,-1,0,0,0,,0,,0,,0,0,0,1
1723314336,3843,8,8,8,8,30.578,0,0,0.11 | 0.11 | 0.12,0,0.65 | 0.83 | 1.18,0,3.38 | 4.84 | 6.12,18.982,0.000,0,1,0,0,0,0,-1,0,0,0,,0,,0,,0,0,0,1
1723314336,3843,8,8,8,8,30.578,0,0,0.11 | 0.11 | 0.12,0,0.65 | 0.83 | 1.18,0,3.38 | 4.84 | 6.12,18.982,0.000,0,1,0,0,0,0,-1,0,0,0,,0,,0,,0,0,0,1
1723314336,3843,8,8,8,8,30.578,0,0,0.11 | 0.11 | 0.12,0,0.65 | 0.83 | 1.18,0,3.38 | 4.84 | 6.12,18.982,0.000,0,1,0,0,0,0,-1,0,0,0,,0,,0,,0,0,0,1
1723314336,3843,8,8,8,8,29.515,0,0,0.11 | 0.11 | 0.12,0,0.65 | 0.83 | 1.18,0,3.38 | 4.84 | 6.12,18.982,0.000,0,1,0,0,0,0,-1,0,0,0,,0,,0,,0,0,0,1
1723314337,3843,8,8,8,8,29.515,0,0,0.11 | 0.11 | 0.12,0,0.65 | 0.83 | 1.18,0,3.38 | 4.84 | 6.12,18.982,0.000,0,1,0,0,0,0,-1,0,0,0,,0,,0,,0,0,0,1
1723314337,3843,8,8,8,8,29.515,0,0,0.11 | 0.11 | 0.12,0,0.65 | 0.83 | 1.18,0,3.38 | 4.84 | 6.12,18.982,0.000,0,1,0,0,0,0,-1,0,0,0,,0,,0,,0,0,0,1
1723314337,3843,8,8,8,8,29.515,0,0,0.11 | 0.11 | 0.12,0,0.65 | 0.83 | 1.18,0,3.38 | 4.84 | 6.12,18.982,0.000,0,1,0,0,0,0,-1,0,0,0,,0,,0,,0,0,0,1
1723314337,3843,8,8,8,8,29.515,0,0,0.11 | 0.11 | 0.12,0,0.65 | 0.83 | 1.18,0,3.38 | 4.84 | 6.12,18.982,0.000,0,1,0,0,0,0,-1,0,0,0,,0,,0,,0,0,0,1
1723314337,3843,8,8,8,8,29.515,0,0,0.11 | 0.11 | 0.12,0,0.65 | 0.83 | 1.18,0,3.38 | 4.84 | 6.12,18.982,0.000,0,1,0,0,0,0,-1,0,0,0,,0,,0,,0,0,0,1
1723314337,3843,8,8,8,8,29.515,0,0,0.11 | 0.11 | 0.12,0,0.65 | 0.83 | 1.18,0,3.38 | 4.84 | 6.12,18.982,0.000,0,1,0,0,0,0,-1,0,0,0,,0,,0,,0,0,0,1
1723314337,3843,8,8,8,8,29.515,0,0,0.11 | 0.11 | 0.12,0,0.65 | 0.83 | 1.18,0,3.38 | 4.84 | 6.12,18.982,0.000,0,1,0,0,0,0,-1,0,0,0,,0,,0,,0,0,0,1
1723314337,3843,8,8,8,8,29.515,0,0,0.11 | 0.11 | 0.12,0,0.65 | 0.83 | 1.18,0,3.38 | 4.84 | 6.12,18.982,0.000,0,1,0,0,0,0,-1,0,0,0,,0,,0,,0,0,0,1
1723314337,3843,8,8,8,8,29.515,0,0,0.11 | 0.11 | 0.12,0,0.65 | 0.83 | 1.18,0,3.38 | 4.84 | 6.12,18.982,0.000,0,1,0,0,0,0,-1,0,0,0,,0,,0,,0,0,0,1
1723314337,3843,8,8,8,8,31.653,0,0,0.11 | 0.11 | 0.12,0,0.65 | 0.83 | 1.18,0,3.38 | 4.79 | 6.12,18.974,0.000,0,1,0,0,0,0,-1,0,0,0,,0,,0,,0,0,0,1
1723314338,3843,8,8,8,8,31.653,0,0,0.11 | 0.11 | 0.12,0,0.65 | 0.83 | 1.18,0,3.38 | 4.79 | 6.12,18.974,0.000,0,1,0,0,0,0,-1,0,0,0,,0,,0,,0,0,0,1
1723314338,3843,8,8,8,8,31.653,0,0,0.11 | 0.11 | 0.12,0,0.65 | 0.83 | 1.18,0,3.38 | 4.79 | 6.12,18.974,0.000,0,1,0,0,0,0,-1,0,0,0,,0,,0,,0,0,0,1
1723314338,3843,8,8,8,8,31.653,0,0,0.11 | 0.11 | 0.12,0,0.65 | 0.83 | 1.18,0,3.38 | 4.79 | 6.12,18.974,0.000,0,1,0,0,0,0,-1,0,0,0,,0,,0,,0,0,0,1
1723314338,3843,8,8,8,8,31.653,0,0,0.11 | 0.11 | 0.12,0,0.65 | 0.83 | 1.18,0,3.38 | 4.79 | 6.12,18.974,0.000,0,1,0,0,0,0,-1,0,0,0,,0,,0,,0,0,0,1
1723314338,3843,8,8,8,8,31.653,0,0,0.11 | 0.11 | 0.12,0,0.65 | 0.83 | 1.18,0,3.38 | 4.79 | 6.12,18.974,0.000,0,1,0,0,0,0,-1,0,0,0,,0,,0,,0,0,0,1
1723314338,3843,8,8,8,8,31.653,0,0,0.11 | 0.11 | 0.12,0,0.65 | 0.83 | 1.18,0,3.38 | 4.79 | 6.12,18.974,0.000,0,1,0,0,0,0,-1,0,0,0,,0,,0,,0,0,0,1
1723314338,3843,8,8,8,8,31.653,0,0,0.11 | 0.11 | 0.12,0,0.65 | 0.83 | 1.18,0,3.38 | 4.79 | 6.12,18.974,0.000,0,1,0,0,0,0,-1,0,0,0,,0,,0,,0,0,0,1
1723314338,3843,8,8,8,8,31.653,0,0,0.11 | 0.11 | 0.12,0,0.65 | 0.83 | 1.18,0,3.38 | 4.79 | 6.12,18.974,0.000,0,1,0,0,0,0,-1,0,0,0,,0,,0,,0,0,0,1
1723314338,3843,8,8,8,8,31.653,0,0,0.11 | 0.11 | 0.12,0,0.65 | 0.83 | 1.18,0,3.38 | 4.79 | 6.12,18.974,0.000,0,1,0,0,0,0,-1,0,0,0,,0,,0,,0,0,0,1
1723314338,3843,8,8,8,8,30.59,0,0,0.11 | 0.11 | 0.12,0,0.65 | 0.83 | 1.18,0,3.38 | 4.79 | 6.12,18.974,0.000,0,1,0,0,0,0,-1,0,0,0,,0,,0,,0,0,0,1
1723314339,3843,8,8,8,8,30.59,0,0,0.11 | 0.11 | 0.12,0,0.65 | 0.83 | 1.18,0,3.38 | 4.79 | 6.12,18.974,0.000,0,1,0,0,0,0,-1,0,0,0,,0,,0,,0,0,0,1
1723314339,3843,8,8,8,8,30.59,0,0,0.11 | 0.11 | 0.12,0,0.65 | 0.83 | 1.18,0,3.38 | 4.79 | 6.12,18.974,0.000,0,1,0,0,0,0,-1,0,0,0,,0,,0,,0,0,0,1
1723314339,3843,8,8,8,8,30.59,0,0,0.11 | 0.11 | 0.12,0,0.65 | 0.83 | 1.18,0,3.38 | 4.79 | 6.12,18.974,0.000,0,1,0,0,0,0,-1,0,0,0,,0,,0,,0,0,0,1
1723314339,3843,8,8,8,8,30.59,0,0,0.11 | 0.11 | 0.12,0,0.65 | 0.83 | 1.18,0,3.38 | 4.79 | 6.12,18.974,0.000,0,1,0,0,0,0,-1,0,0,0,,0,,0,,0,0,0,1
1723314339,3843,8,8,8,8,30.59,0,0,0.11 | 0.11 | 0.12,0,0.65 | 0.83 | 1.18,0,3.38 | 4.79 | 6.12,18.974,0.000,0,1,0,0,0,0,-1,0,0,0,,0,,0,,0,0,0,1
1723314339,3843,8,8,8,8,30.59,0,0,0.11 | 0.11 | 0.12,0,0.65 | 0.83 | 1.18,0,3.38 | 4.79 | 6.12,18.974,0.000,0,1,0,0,0,0,-1,0,0,0,,0,,0,,0,0,0,1
1723314339,3843,8,8,8,8,30.59,0,0,0.11 | 0.11 | 0.12,0,0.65 | 0.83 | 1.18,0,3.38 | 4.79 | 6.12,18.974,0.000,0,1,0,0,0,0,-1,0,0,0,,0,,0,,0,0,0,1
1723314339,3843,8,8,8,8,30.59,0,0,0.11 | 0.11 | 0.12,0,0.65 | 0.83 | 1.18,0,3.38 | 4.79 | 6.12,18.974,0.000,0,1,0,0,0,0,-1,0,0,0,,0,,0,,0,0,0,1
1723314339,3843,8,8,8,8,30.59,0,0,0.11 | 0.11 | 0.12,0,0.65 | 0.83 | 1.18,0,3.38 | 4.79 | 6.12,18.974,0.000,0,1,0,0,0,0,-1,0,0,0,,0,,0,,0,0,0,1
1723314339,3843,8,8,8,8,29.793,0,0,0.11 | 0.11 | 0.12,0,0.65 | 0.83 | 1.18,0,3.38 | 4.79 | 6.12,18.974,0.000,0,1,0,0,0,0,-1,0,0,0,,0,,0,,0,0,0,1
1723314340,3843,8,8,8,8,29.793,0,0,0.11 | 0.11 | 0.12,0,0.65 | 0.83 | 1.18,0,3.38 | 4.79 | 6.12,18.974,0.000,0,1,0,0,0,0,-1,0,0,0,,0,,0,,0,0,0,1
1723314340,3843,8,8,8,8,29.793,0,0,0.11 | 0.11 | 0.12,0,0.65 | 0.83 | 1.18,0,3.38 | 4.79 | 6.12,18.974,0.000,0,1,0,0,0,0,-1,0,0,0,,0,,0,,0,0,0,1
1723314340,3843,8,8,8,8,29.793,0,0,0.11 | 0.11 | 0.12,0,0.65 | 0.83 | 1.18,0,3.38 | 4.79 | 6.12,18.974,0.000,0,1,0,0,0,0,-1,0,0,0,,0,,0,,0,0,0,1
1723314340,3843,8,8,8,8,29.793,0,0,0.11 | 0.11 | 0.12,0,0.65 | 0.83 | 1.18,0,3.38 | 4.79 | 6.12,18.974,0.000,0,1,0,0,0,0,-1,0,0,0,,0,,0,,0,0,0,1
1723314340,3843,8,8,8,8,29.793,0,0,0.11 | 0.11 | 0.12,0,0.65 | 0.83 | 1.18,0,3.38 | 4.79 | 6.12,18.974,0.000,0,1,0,0,0,0,-1,0,0,0,,0,,0,,0,0,0,1
1723314340,3843,8,8,8,8,29.793,0,0,0.11 | 0.11 | 0.12,0,0.65 | 0.83 | 1.18,0,3.38 | 4.79 | 6.12,18.974,0.000,0,1,0,0,0,0,-1,0,0,0,,0,,0,,0,0,0,1
1723314340,3843,8,8,8,8,29.793,0,0,0.11 | 0.11 | 0.12,0,0.65 | 0.83 | 1.18,0,3.38 | 4.79 | 6.12,18.974,0.000,0,1,0,0,0,0,-1,0,0,0,,0,,0,,0,0,0,1
1723314340,3843,8,8,8,8,29.793,0,0,0.11 | 0.11 | 0.12,0,0.65 | 0.83 | 1.18,0,3.38 | 4.79 | 6.12,18.974,0.000,0,1,0,0,0,0,-1,0,0,0,,0,,0,,0,0,0,1
1723314340,3843,8,8,8,8,29.793,0,0,0.11 | 0.11 | 0.12,0,0.65 | 0.83 | 1.18,0,3.38 | 4.79 | 6.12,18.974,0.000,0,1,0,0,0,0,-1,0,0,0,,0,,0,,0,0,0,1
1723314340,3843,8,8,8,8,28.731,0,0,0.11 | 0.11 | 0.12,0,0.65 | 0.83 | 1.18,0,3.38 | 4.79 | 6.12,18.974,0.000,0,1,0,0,0,0,-1,0,0,0,,0,,0,,0,0,0,1
1723314341,3843,8,8,8,8,28.731,0,0,0.11 | 0.11 | 0.12,0,0.65 | 0.83 | 1.18,0,3.38 | 4.79 | 6.12,18.974,0.000,0,1,0,0,0,0,-1,0,0,0,,0,,0,,0,0,0,1
1723314341,3843,8,8,8,8,28.731,0,0,0.11 | 0.11 | 0.12,0,0.65 | 0.83 | 1.18,0,3.38 | 4.79 | 6.12,18.974,0.000,0,1,0,0,0,0,-1,0,0,0,,0,,0,,0,0,0,1
1723314341,3843,8,8,8,8,28.731,0,0,0.11 | 0.11 | 0.12,0,0.65 | 0.83 | 1.18,0,3.38 | 4.79 | 6.12,18.974,0.000,0,1,0,0,0,0,-1,0,0,0,,0,,0,,0,0,0,1
1723314341,3843,8,8,8,8,28.731,0,0,0.11 | 0.11 | 0.12,0,0.65 | 0.83 | 1.18,0,3.38 | 4.79 | 6.12,18.974,0.000,0,1,0,0,0,0,-1,0,0,0,,0,,0,,0,0,0,1
1723314341,3843,8,8,8,8,28.731,0,0,0.11 | 0.11 | 0.12,0,0.65 | 0.83 | 1.18,0,3.38 | 4.79 | 6.12,18.974,0.000,0,1,0,0,0,0,-1,0,0,0,,0,,0,,0,0,0,1
1723314341,3843,8,8,8,8,28.731,0,0,0.11 | 0.11 | 0.12,0,0.65 | 0.83 | 1.18,0,3.38 | 4.79 | 6.12,18.974,0.000,0,1,0,0,0,0,-1,0,0,0,,0,,0,,0,0,0,1
1723314341,3843,8,8,8,8,28.731,0,0,0.11 | 0.11 | 0.12,0,0.65 | 0.83 | 1.18,0,3.38 | 4.79 | 6.12,18.974,0.000,0,1,0,0,0,0,-1,0,0,0,,0,,0,,0,0,0,1
1723314341,3843,8,8,8,8,28.731,0,0,0.11 | 0.11 | 0.12,0,0.65 | 0.83 | 1.18,0,3.38 | 4.79 | 6.12,18.974,0.000,0,1,0,0,0,0,-1,0,0,0,,0,,0,,0,0,0,1
1723314341,3843,8,8,8,8,28.731,0,0,0.11 | 0.11 | 0.12,0,0.65 | 0.83 | 1.18,0,3.38 | 4.79 | 6.12,18.974,0.000,0,1,0,0,0,0,-1,0,0,0,,0,,0,,0,0,0,1
1723314341,3843,8,8,8,8,32.468,0,0,0.11 | 0.11 | 0.12,0,0.65 | 0.87 | 1.18,0,3.38 | 4.61 | 6.12,18.964,0.000,0,1,0,0,0,0,-1,0,0,0,,0,,0,,0,0,0,1
1723314342,3843,8,8,8,8,32.468,0,0,0.11 | 0.11 | 0.12,0,0.65 | 0.87 | 1.18,0,3.38 | 4.61 | 6.12,18.964,0.000,0,1,0,0,0,0,-1,0,0,0,,0,,0,,0,0,0,1
1723314342,3843,8,8,8,8,32.468,0,0,0.11 | 0.11 | 0.12,0,0.65 | 0.87 | 1.18,0,3.38 | 4.61 | 6.12,18.964,0.000,0,1,0,0,0,0,-1,0,0,0,,0,,0,,0,0,0,1
1723314342,3843,8,8,8,8,32.468,0,0,0.11 | 0.11 | 0.12,0,0.65 | 0.87 | 1.18,0,3.38 | 4.61 | 6.12,18.964,0.000,0,1,0,0,0,0,-1,0,0,0,,0,,0,,0,0,0,1
1723314342,3843,8,8,8,8,32.468,0,0,0.11 | 0.11 | 0.12,0,0.65 | 0.87 | 1.18,0,3.38 | 4.61 | 6.12,18.964,0.000,0,1,0,0,0,0,-1,0,0,0,,0,,0,,0,0,0,1
1723314342,3843,8,8,8,8,32.468,0,0,0.11 | 0.11 | 0.12,0,0.65 | 0.87 | 1.18,0,3.38 | 4.61 | 6.12,18.964,0.000,0,1,0,0,0,0,-1,0,0,0,,0,,0,,0,0,0,1
1723314342,3843,8,8,8,8,32.468,0,0,0.11 | 0.11 | 0.12,0,0.65 | 0.87 | 1.18,0,3.38 | 4.61 | 6.12,18.964,0.000,0,1,0,0,0,0,-1,0,0,0,,0,,0,,0,0,0,1
1723314342,3843,8,8,8,8,32.468,0,0,0.11 | 0.11 | 0.12,0,0.65 | 0.87 | 1.18,0,3.38 | 4.61 | 6.12,18.964,0.000,0,1,0,0,0,0,-1,0,0,0,,0,,0,,0,0,0,1
1723314342,3843,8,8,8,8,32.468,0,0,0.11 | 0.11 | 0.12,0,0.65 | 0.87 | 1.18,0,3.38 | 4.61 | 6.12,18.964,0.000,0,1,0,0,0,0,-1,0,0,0,,0,,0,,0,0,0,1
1723314342,3843,8,8,8,8,32.468,0,0,0.11 | 0.11 | 0.12,0,0.65 | 0.87 | 1.18,0,3.38 | 4.61 | 6.12,18.964,0.000,0,1,0,0,0,0,-1,0,0,0,,0,,0,,0,0,0,1
1723314342,3843,8,8,8,8,31.358,0,0,0.11 | 0.11 | 0.12,0,0.65 | 0.87 | 1.18,0,3.38 | 4.61 | 6.12,18.964,0.000,0,1,0,0,0,0,-1,0,0,0,,0,,0,,0,0,0,1
1723314343,3843,8,8,8,8,31.358,0,0,0.11 | 0.11 | 0.12,0,0.65 | 0.87 | 1.18,0,3.38 | 4.61 | 6.12,18.964,0.000,0,1,0,0,0,0,-1,0,0,0,,0,,0,,0,0,0,1
1723314343,3843,8,8,8,8,31.358,0,0,0.11 | 0.11 | 0.12,0,0.65 | 0.87 | 1.18,0,3.38 | 4.61 | 6.12,18.964,0.000,0,1,0,0,0,0,-1,0,0,0,,0,,0,,0,0,0,1
1723314343,3843,8,8,8,8,31.358,0,0,0.11 | 0.11 | 0.12,0,0.65 | 0.87 | 1.18,0,3.38 | 4.61 | 6.12,18.964,0.000,0,1,0,0,0,0,-1,0,0,0,,0,,0,,0,0,0,1
1723314343,3843,8,8,8,8,31.358,0,0,0.11 | 0.11 | 0.12,0,0.65 | 0.87 | 1.18,0,3.38 | 4.61 | 6.12,18.964,0.000,0,1,0,0,0,0,-1,0,0,0,,0,,0,,0,0,0,1
1723314343,3843,8,8,8,8,31.358,0,0,0.11 | 0.11 | 0.12,0,0.65 | 0.87 | 1.18,0,3.38 | 4.61 | 6.12,18.964,0.000,0,1,0,0,0,0,-1,0,0,0,,0,,0,,0,0,0,1
1723314343,3843,8,8,8,8,31.358,0,0,0.11 | 0.11 | 0.12,0,0.65 | 0.87 | 1.18,0,3.38 | 4.61 | 6.12,18.964,0.000,0,1,0,0,0,0,-1,0,0,0,,0,,0,,0,0,0,1
1723314343,3843,8,8,8,8,31.358,0,0,0.11 | 0.11 | 0.12,0,0.65 | 0.87 | 1.18,0,3.38 | 4.61 | 6.12,18.964,0.000,0,1,0,0,0,0,-1,0,0,0,,0,,0,,0,0,0,1
1723314343,3843,8,8,8,8,31.358,0,0,0.11 | 0.11 | 0.12,0,0.65 | 0.87 | 1.18,0,3.38 | 4.61 | 6.12,18.964,0.000,0,1,0,0,0,0,-1,0,0,0,,0,,0,,0,0,0,1
1723314343,3843,8,8,8,8,31.358,0,0,0.11 | 0.11 | 0.12,0,0.65 | 0.87 | 1.18,0,3.38 | 4.61 | 6.12,18.964,0.000,0,1,0,0,0,0,-1,0,0,0,,0,,0,,0,0,0,1
1723314343,3843,8,8,8,8,30.609,0,0,0.11 | 0.11 | 0.12,0,0.65 | 0.87 | 1.18,0,3.38 | 4.61 | 6.12,18.964,0.000,0,1,0,0,0,0,-1,0,0,0,,0,,0,,0,0,0,1
1723314344,3843,8,8,8,8,30.609,0,0,0.11 | 0.11 | 0.12,0,0.65 | 0.87 | 1.18,0,3.38 | 4.61 | 6.12,18.964,0.000,0,1,0,0,0,0,-1,0,0,0,,0,,0,,0,0,0,1
1723314344,3843,8,8,8,8,30.609,0,0,0.11 | 0.11 | 0.12,0,0.65 | 0.87 | 1.18,0,3.38 | 4.61 | 6.12,18.964,0.000,0,1,0,0,0,0,-1,0,0,0,,0,,0,,0,0,0,1
1723314344,3843,8,8,8,8,30.609,0,0,0.11 | 0.11 | 0.12,0,0.65 | 0.87 | 1.18,0,3.38 | 4.61 | 6.12,18.964,0.000,0,1,0,0,0,0,-1,0,0,0,,0,,0,,0,0,0,1
1723314344,3843,8,8,8,8,30.609,0,0,0.11 | 0.11 | 0.12,0,0.65 | 0.87 | 1.18,0,3.38 | 4.61 | 6.12,18.964,0.000,0,1,0,0,0,0,-1,0,0,0,,0,,0,,0,0,0,1
1723314344,3843,8,8,8,8,30.609,0,0,0.11 | 0.11 | 0.12,0,0.65 | 0.87 | 1.18,0,3.38 | 4.61 | 6.12,18.964,0.000,0,1,0,0,0,0,-1,0,0,0,,0,,0,,0,0,0,1
1723314344,3843,8,8,8,8,30.609,0,0,0.11 | 0.11 | 0.12,0,0.65 | 0.87 | 1.18,0,3.38 | 4.61 | 6.12,18.964,0.000,0,1,0,0,0,0,-1,0,0,0,,0,,0,,0,0,0,1
1723314344,3843,8,8,8,8,30.609,0,0,0.11 | 0.11 | 0.12,0,0.65 | 0.87 | 1.18,0,3.38 | 4.61 | 6.12,18.964,0.000,0,1,0,0,0,0,-1,0,0,0,,0,,0,,0,0,0,1
1723314344,3843,8,8,8,8,30.609,0,0,0.11 | 0.11 | 0.12,0,0.65 | 0.87 | 1.18,0,3.38 | 4.61 | 6.12,18.964,0.000,0,1,0,0,0,0,-1,0,0,0,,0,,0,,0,0,0,1
1723314344,3843,8,8,8,8,30.609,0,0,0.11 | 0.11 | 0.12,0,0.65 | 0.87 | 1.18,0,3.38 | 4.61 | 6.12,18.964,0.000,0,1,0,0,0,0,-1,0,0,0,,0,,0,,0,0,0,1
1723314344,3843,8,8,8,8,29.546,0,0,0.11 | 0.11 | 0.12,0,0.65 | 0.87 | 1.18,0,3.38 | 4.61 | 6.12,18.964,0.000,0,1,0,0,0,0,-1,0,0,0,,0,,0,,0,0,0,1
1723314345,3843,8,8,8,8,29.546,0,0,0.11 | 0.11 | 0.12,0,0.65 | 0.87 | 1.18,0,3.38 | 4.61 | 6.12,18.964,0.000,0,1,0,0,0,0,-1,0,0,0,,0,,0,,0,0,0,1
1723314345,3843,8,8,8,8,29.546,0,0,0.11 | 0.11 | 0.12,0,0.65 | 0.87 | 1.18,0,3.38 | 4.61 | 6.12,18.964,0.000,0,1,0,0,0,0,-1,0,0,0,,0,,0,,0,0,0,1
1723314345,3843,8,8,8,8,29.546,0,0,0.11 | 0.11 | 0.12,0,0.65 | 0.87 | 1.18,0,3.38 | 4.61 | 6.12,18.964,0.000,0,1,0,0,0,0,-1,0,0,0,,0,,0,,0,0,0,1
1723314345,3843,8,8,8,8,29.546,0,0,0.11 | 0.11 | 0.12,0,0.65 | 0.87 | 1.18,0,3.38 | 4.61 | 6.12,18.964,0.000,0,1,0,0,0,0,-1,0,0,0,,0,,0,,0,0,0,1
1723314345,3843,8,8,8,8,29.546,0,0,0.11 | 0.11 | 0.12,0,0.65 | 0.87 | 1.18,0,3.38 | 4.61 | 6.12,18.964,0.000,0,1,0,0,0,0,-1,0,0,0,,0,,0,,0,0,0,1
1723314345,3843,8,8,8,8,29.546,0,0,0.11 | 0.11 | 0.12,0,0.65 | 0.87 | 1.18,0,3.38 | 4.61 | 6.12,18.964,0.000,0,1,0,0,0,0,-1,0,0,0,,0,,0,,0,0,0,1
1723314345,3843,8,8,8,8,29.546,0,0,0.11 | 0.11 | 0.12,0,0.65 | 0.87 | 1.18,0,3.38 | 4.61 | 6.12,18.964,0.000,0,1,0,0,0,0,-1,0,0,0,,0,,0,,0,0,0,1
1723314345,3843,8,8,8,8,29.546,0,0,0.11 | 0.11 | 0.12,0,0.65 | 0.87 | 1.18,0,3.38 | 4.61 | 6.12,18.964,0.000,0,1,0,0,0,0,-1,0,0,0,,0,,0,,0,0,0,1
1723314345,3843,8,8,8,8,29.546,0,0,0.11 | 0.11 | 0.12,0,0.65 | 0.87 | 1.18,0,3.38 | 4.61 | 6.12,18.964,0.000,0,1,0,0,0,0,-1,0,0,0,,0,,0,,0,0,0,1
1723314345,3843,8,8,8,8,31.684,0,0,0.11 | 0.11 | 0.12,0,0.65 | 0.87 | 1.18,0,3.38 | 4.62 | 6.19,18.963,0.000,0,1,0,0,0,0,-1,0,0,0,,0,,0,,0,0,0,1
1723314346,3843,8,8,8,8,31.684,0,0,0.11 | 0.11 | 0.12,0,0.65 | 0.87 | 1.18,0,3.38 | 4.62 | 6.19,18.963,0.000,0,1,0,0,0,0,-1,0,0,0,,0,,0,,0,0,0,1
1723314346,3843,8,8,8,8,31.684,0,0,0.11 | 0.11 | 0.12,0,0.65 | 0.87 | 1.18,0,3.38 | 4.62 | 6.19,18.963,0.000,0,1,0,0,0,0,-1,0,0,0,,0,,0,,0,0,0,1
1723314346,3843,8,8,8,8,31.684,0,0,0.11 | 0.11 | 0.12,0,0.65 | 0.87 | 1.18,0,3.38 | 4.62 | 6.19,18.963,0.000,0,1,0,0,0,0,-1,0,0,0,,0,,0,,0,0,0,1
1723314346,3843,8,8,8,8,31.684,0,0,0.11 | 0.11 | 0.12,0,0.65 | 0.87 | 1.18,0,3.38 | 4.62 | 6.19,18.963,0.000,0,1,0,0,0,0,-1,0,0,0,,0,,0,,0,0,0,1
1723314346,3843,8,8,8,8,31.684,0,0,0.11 | 0.11 | 0.12,0,0.65 | 0.87 | 1.18,0,3.38 | 4.62 | 6.19,18.963,0.000,0,1,0,0,0,0,-1,0,0,0,,0,,0,,0,0,0,1
1723314346,3843,8,8,8,8,31.684,0,0,0.11 | 0.11 | 0.12,0,0.65 | 0.87 | 1.18,0,3.38 | 4.62 | 6.19,18.963,0.000,0,1,0,0,0,0,-1,0,0,0,,0,,0,,0,0,0,1
1723314346,3843,8,8,8,8,31.684,0,0,0.11 | 0.11 | 0.12,0,0.65 | 0.87 | 1.18,0,3.38 | 4.62 | 6.19,18.963,0.000,0,1,0,0,0,0,-1,0,0,0,,0,,0,,0,0,0,1
1723314346,3843,8,8,8,8,31.684,0,0,0.11 | 0.11 | 0.12,0,0.65 | 0.87 | 1.18,0,3.38 | 4.62 | 6.19,18.963,0.000,0,1,0,0,0,0,-1,0,0,0,,0,,0,,0,0,0,1
1723314346,3843,8,8,8,8,31.684,0,0,0.11 | 0.11 | 0.12,0,0.65 | 0.87 | 1.18,0,3.38 | 4.62 | 6.19,18.963,0.000,0,1,0,0,0,0,-1,0,0,0,,0,,0,,0,0,0,1
1723314346,3843,8,8,8,8,30.621,0,0,0.11 | 0.11 | 0.12,0,0.65 | 0.87 | 1.18,0,3.38 | 4.62 | 6.19,18.963,0.000,0,1,0,0,0,0,-1,0,0,0,,0,,0,,0,0,0,1
1723314347,3843,8,8,8,8,30.621,0,0,0.11 | 0.11 | 0.12,0,0.65 | 0.87 | 1.18,0,3.38 | 4.62 | 6.19,18.963,0.000,0,1,0,0,0,0,-1,0,0,0,,0,,0,,0,0,0,1
1723314347,3843,8,8,8,8,30.621,0,0,0.11 | 0.11 | 0.12,0,0.65 | 0.87 | 1.18,0,3.38 | 4.62 | 6.19,18.963,0.000,0,1,0,0,0,0,-1,0,0,0,,0,,0,,0,0,0,1
1723314347,3843,8,8,8,8,30.621,0,0,0.11 | 0.11 | 0.12,0,0.65 | 0.87 | 1.18,0,3.38 | 4.62 | 6.19,18.963,0.000,0,1,0,0,0,0,-1,0,0,0,,0,,0,,0,0,0,1
1723314347,3843,8,8,8,8,30.621,0,0,0.11 | 0.11 | 0.12,0,0.65 | 0.87 | 1.18,0,3.38 | 4.62 | 6.19,18.963,0.000,0,1,0,0,0,0,-1,0,0,0,,0,,0,,0,0,0,1
1723314347,3843,8,8,8,8,30.621,0,0,0.11 | 0.11 | 0.12,0,0.65 | 0.87 | 1.18,0,3.38 | 4.62 | 6.19,18.963,0.000,0,1,0,0,0,0,-1,0,0,0,,0,,0,,0,0,0,1
1723314347,3843,8,8,8,8,30.621,0,0,0.11 | 0.11 | 0.12,0,0.65 | 0.87 | 1.18,0,3.38 | 4.62 | 6.19,18.963,0.000,0,1,0,0,0,0,-1,0,0,0,,0,,0,,0,0,0,1
1723314347,3843,8,8,8,8,30.621,0,0,0.11 | 0.11 | 0.12,0,0.65 | 0.87 | 1.18,0,3.38 | 4.62 | 6.19,18.963,0.000,0,1,0,0,0,0,-1,0,0,0,,0,,0,,0,0,0,1
1723314347,3843,8,8,8,8,30.621,0,0,0.11 | 0.11 | 0.12,0,0.65 | 0.87 | 1.18,0,3.38 | 4.62 | 6.19,18.963,0.000,0,1,0,0,0,0,-1,0,0,0,,0,,0,,0,0,0,1
1723314347,3843,8,8,8,8,30.621,0,0,0.11 | 0.11 | 0.12,0,0.65 | 0.87 | 1.18,0,3.38 | 4.62 | 6.19,18.963,0.000,0,1,0,0,0,0,-1,0,0,0,,0,,0,,0,0,0,1
1723314347,3843,8,8,8,8,29.559,0,0,0.11 | 0.11 | 0.12,0,0.65 | 0.87 | 1.18,0,3.38 | 4.62 | 6.19,18.963,0.000,0,1,0,0,0,0,-1,0,0,0,,0,,0,,0,0,0,1
1723314348,3843,8,8,8,8,29.559,0,0,0.11 | 0.11 | 0.12,0,0.65 | 0.87 | 1.18,0,3.38 | 4.62 | 6.19,18.963,0.000,0,1,0,0,0,0,-1,0,0,0,,0,,0,,0,0,0,1
1723314348,3843,8,8,8,8,29.559,0,0,0.11 | 0.11 | 0.12,0,0.65 | 0.87 | 1.18,0,3.38 | 4.62 | 6.19,18.963,0.000,0,1,0,0,0,0,-1,0,0,0,,0,,0,,0,0,0,1
1723314348,3843,8,8,8,8,29.559,0,0,0.11 | 0.11 | 0.12,0,0.65 | 0.87 | 1.18,0,3.38 | 4.62 | 6.19,18.963,0.000,0,1,0,0,0,0,-1,0,0,0,,0,,0,,0,0,0,1
1723314348,3843,8,8,8,8,29.559,0,0,0.11 | 0.11 | 0.12,0,0.65 | 0.87 | 1.18,0,3.38 | 4.62 | 6.19,18.963,0.000,0,1,0,0,0,0,-1,0,0,0,,0,,0,,0,0,0,1
1723314348,3843,8,8,8,8,29.559,0,0,0.11 | 0.11 | 0.12,0,0.65 | 0.87 | 1.18,0,3.38 | 4.62 | 6.19,18.963,0.000,0,1,0,0,0,0,-1,0,0,0,,0,,0,,0,0,0,1
1723314348,3843,8,8,8,8,29.559,0,0,0.11 | 0.11 | 0.12,0,0.65 | 0.87 | 1.18,0,3.38 | 4.62 | 6.19,18.963,0.000,0,1,0,0,0,0,-1,0,0,0,,0,,0,,0,0,0,1
1723314348,3843,8,8,8,8,29.559,0,0,0.11 | 0.11 | 0.12,0,0.65 | 0.87 | 1.18,0,3.38 | 4.62 | 6.19,18.963,0.000,0,1,0,0,0,0,-1,0,0,0,,0,,0,,0,0,0,1
1723314348,3843,8,8,8,8,29.559,0,0,0.11 | 0.11 | 0.12,0,0.65 | 0.87 | 1.18,0,3.38 | 4.62 | 6.19,18.963,0.000,0,1,0,0,0,0,-1,0,0,0,,0,,0,,0,0,0,1
1723314348,3843,8,8,8,8,29.559,0,0,0.11 | 0.11 | 0.12,0,0.65 | 0.87 | 1.18,0,3.38 | 4.62 | 6.19,18.963,0.000,0,1,0,0,0,0,-1,0,0,0,,0,,0,,0,0,0,1
1723314348,3843,8,8,8,8,33.437,0,0,0.11 | 0.11 | 0.11,0,0.65 | 0.79 | 0.94,0,4.26 | 5.06 | 6.19,18.957,0.000,0,1,0,0,0,0,-1,0,0,0,,0,,0,,0,0,0,1
1723314349,3843,8,8,8,8,33.437,0,0,0.11 | 0.11 | 0.11,0,0.65 | 0.79 | 0.94,0,4.26 | 5.06 | 6.19,18.957,0.000,0,1,0,0,0,0,-1,0,0,0,,0,,0,,0,0,0,1
1723314349,3843,8,8,8,8,33.437,0,0,0.11 | 0.11 | 0.11,0,0.65 | 0.79 | 0.94,0,4.26 | 5.06 | 6.19,18.957,0.000,0,1,0,0,0,0,-1,0,0,0,,0,,0,,0,0,0,1
1723314349,3843,8,8,8,8,33.437,0,0,0.11 | 0.11 | 0.11,0,0.65 | 0.79 | 0.94,0,4.26 | 5.06 | 6.19,18.957,0.000,0,1,0,0,0,0,-1,0,0,0,,0,,0,,0,0,0,1
1723314349,3843,8,8,8,8,33.437,0,0,0.11 | 0.11 | 0.11,0,0.65 | 0.79 | 0.94,0,4.26 | 5.06 | 6.19,18.957,0.000,0,1,0,0,0,0,-1,0,0,0,,0,,0,,0,0,0,1
1723314349,3843,8,8,8,8,33.437,0,0,0.11 | 0.11 | 0.11,0,0.65 | 0.79 | 0.94,0,4.26 | 5.06 | 6.19,18.957,0.000,0,1,0,0,0,0,-1,0,0,0,,0,,0,,0,0,0,1
1723314349,3843,8,8,8,8,33.437,0,0,0.11 | 0.11 | 0.11,0,0.65 | 0.79 | 0.94,0,4.26 | 5.06 | 6.19,18.957,0.000,0,1,0,0,0,0,-1,0,0,0,,0,,0,,0,0,0,1
1723314349,3843,8,8,8,8,33.437,0,0,0.11 | 0.11 | 0.11,0,0.65 | 0.79 | 0.94,0,4.26 | 5.06 | 6.19,18.957,0.000,0,1,0,0,0,0,-1,0,0,0,,0,,0,,0,0,0,1
1723314349,3843,8,8,8,8,33.437,0,0,0.11 | 0.11 | 0.11,0,0.65 | 0.79 | 0.94,0,4.26 | 5.06 | 6.19,18.957,0.000,0,1,0,0,0,0,-1,0,0,0,,0,,0,,0,0,0,1
1723314349,3843,8,8,8,8,33.437,0,0,0.11 | 0.11 | 0.11,0,0.65 | 0.79 | 0.94,0,4.26 | 5.06 | 6.19,18.957,0.000,0,1,0,0,0,0,-1,0,0,0,,0,,0,,0,0,0,1
1723314349,3843,8,8,8,8,32.5,0,0,0.11 | 0.11 | 0.11,0,0.65 | 0.79 | 0.94,0,4.26 | 5.06 | 6.19,18.957,0.000,0,1,0,0,0,0,-1,0,0,0,,0,,0,,0,0,0,1
1723314350,3843,8,8,8,8,32.5,0,0,0.11 | 0.11 | 0.11,0,0.65 | 0.79 | 0.94,0,4.26 | 5.06 | 6.19,18.957,0.000,0,1,0,0,0,0,-1,0,0,0,,0,,0,,0,0,0,1
1723314350,3843,8,8,8,8,32.5,0,0,0.11 | 0.11 | 0.11,0,0.65 | 0.79 | 0.94,0,4.26 | 5.06 | 6.19,18.957,0.000,0,1,0,0,0,0,-1,0,0,0,,0,,0,,0,0,0,1
1723314350,3843,8,8,8,8,32.5,0,0,0.11 | 0.11 | 0.11,0,0.65 | 0.79 | 0.94,0,4.26 | 5.06 | 6.19,18.957,0.000,0,1,0,0,0,0,-1,0,0,0,,0,,0,,0,0,0,1
1723314350,3843,8,8,8,8,32.5,0,0,0.11 | 0.11 | 0.11,0,0.65 | 0.79 | 0.94,0,4.26 | 5.06 | 6.19,18.957,0.000,0,1,0,0,0,0,-1,0,0,0,,0,,0,,0,0,0,1
1723314350,3843,8,8,8,8,32.5,0,0,0.11 | 0.11 | 0.11,0,0.65 | 0.79 | 0.94,0,4.26 | 5.06 | 6.19,18.957,0.000,0,1,0,0,0,0,-1,0,0,0,,0,,0,,0,0,0,1
1723314350,3843,8,8,8,8,32.5,0,0,0.11 | 0.11 | 0.11,0,0.65 | 0.79 | 0.94,0,4.26 | 5.06 | 6.19,18.957,0.000,0,1,0,0,0,0,-1,0,0,0,,0,,0,,0,0,0,1
1723314350,3843,8,8,8,8,32.5,0,0,0.11 | 0.11 | 0.11,0,0.65 | 0.79 | 0.94,0,4.26 | 5.06 | 6.19,18.957,0.000,0,1,0,0,0,0,-1,0,0,0,,0,,0,,0,0,0,1
1723314350,3843,8,8,8,8,32.5,0,0,0.11 | 0.11 | 0.11,0,0.65 | 0.79 | 0.94,0,4.26 | 5.06 | 6.19,18.957,0.000,0,1,0,0,0,0,-1,0,0,0,,0,,0,,0,0,0,1
1723314350,3843,8,8,8,8,32.5,0,0,0.11 | 0.11 | 0.11,0,0.65 | 0.79 | 0.94,0,4.26 | 5.06 | 6.19,18.957,0.000,0,1,0,0,0,0,-1,0,0,0,,0,,0,,0,0,0,1
1723314350,3843,8,8,8,8,31.437,0,0,0.11 | 0.11 | 0.11,0,0.65 | 0.79 | 0.94,0,4.26 | 5.06 | 6.19,18.957,0.000,0,1,0,0,0,0,-1,0,0,0,,0,,0,,0,0,0,1
1723314351,3843,8,8,8,8,31.437,0,0,0.11 | 0.11 | 0.11,0,0.65 | 0.79 | 0.94,0,4.26 | 5.06 | 6.19,18.957,0.000,0,1,0,0,0,0,-1,0,0,0,,0,,0,,0,0,0,1
1723314351,3843,8,8,8,8,31.437,0,0,0.11 | 0.11 | 0.11,0,0.65 | 0.79 | 0.94,0,4.26 | 5.06 | 6.19,18.957,0.000,0,1,0,0,0,0,-1,0,0,0,,0,,0,,0,0,0,1
1723314351,3843,8,8,8,8,31.437,0,0,0.11 | 0.11 | 0.11,0,0.65 | 0.79 | 0.94,0,4.26 | 5.06 | 6.19,18.957,0.000,0,1,0,0,0,0,-1,0,0,0,,0,,0,,0,0,0,1
1723314351,3843,8,8,8,8,31.437,0,0,0.11 | 0.11 | 0.11,0,0.65 | 0.79 | 0.94,0,4.26 | 5.06 | 6.19,18.957,0.000,0,1,0,0,0,0,-1,0,0,0,,0,,0,,0,0,0,1
1723314351,3843,8,8,8,8,31.437,0,0,0.11 | 0.11 | 0.11,0,0.65 | 0.79 | 0.94,0,4.26 | 5.06 | 6.19,18.957,0.000,0,1,0,0,0,0,-1,0,0,0,,0,,0,,0,0,0,1
1723314351,3843,8,8,8,8,31.437,0,0,0.11 | 0.11 | 0.11,0,0.65 | 0.79 | 0.94,0,4.26 | 5.06 | 6.19,18.957,0.000,0,1,0,0,0,0,-1,0,0,0,,0,,0,,0,0,0,1
1723314351,3843,8,8,8,8,31.437,0,0,0.11 | 0.11 | 0.11,0,0.65 | 0.79 | 0.94,0,4.26 | 5.06 | 6.19,18.957,0.000,0,1,0,0,0,0,-1,0,0,0,,0,,0,,0,0,0,1
1723314351,3843,8,8,8,8,31.437,0,0,0.11 | 0.11 | 0.11,0,0.65 | 0.79 | 0.94,0,4.26 | 5.06 | 6.19,18.957,0.000,0,1,0,0,0,0,-1,0,0,0,,0,,0,,0,0,0,1
1723314351,3843,8,8,8,8,31.437,0,0,0.11 | 0.11 | 0.11,0,0.65 | 0.79 | 0.94,0,4.26 | 5.06 | 6.19,18.957,0.000,0,1,0,0,0,0,-1,0,0,0,,0,,0,,0,0,0,1
1723314351,3843,8,8,8,8,30.375,0,0,0.11 | 0.11 | 0.11,0,0.65 | 0.79 | 0.94,0,4.26 | 5.06 | 6.19,18.957,0.000,0,1,0,0,0,0,-1,0,0,0,,0,,0,,0,0,0,1
1723314352,3843,8,8,8,8,30.375,0,0,0.11 | 0.11 | 0.11,0,0.65 | 0.79 | 0.94,0,4.26 | 5.06 | 6.19,18.957,0.000,0,1,0,0,0,0,-1,0,0,0,,0,,0,,0,0,0,1
1723314352,3843,8,8,8,8,30.375,0,0,0.11 | 0.11 | 0.11,0,0.65 | 0.79 | 0.94,0,4.26 | 5.06 | 6.19,18.957,0.000,0,1,0,0,0,0,-1,0,0,0,,0,,0,,0,0,0,1
1723314352,3843,8,8,8,8,30.375,0,0,0.11 | 0.11 | 0.11,0,0.65 | 0.79 | 0.94,0,4.26 | 5.06 | 6.19,18.957,0.000,0,1,0,0,0,0,-1,0,0,0,,0,,0,,0,0,0,1
1723314352,3843,8,8,8,8,30.375,0,0,0.11 | 0.11 | 0.11,0,0.65 | 0.79 | 0.94,0,4.26 | 5.06 | 6.19,18.957,0.000,0,1,0,0,0,0,-1,0,0,0,,0,,0,,0,0,0,1
1723314352,3843,8,8,8,8,30.375,0,0,0.11 | 0.11 | 0.11,0,0.65 | 0.79 | 0.94,0,4.26 | 5.06 | 6.19,18.957,0.000,0,1,0,0,0,0,-1,0,0,0,,0,,0,,0,0,0,1
1723314352,3843,8,8,8,8,30.375,0,0,0.11 | 0.11 | 0.11,0,0.65 | 0.79 | 0.94,0,4.26 | 5.06 | 6.19,18.957,0.000,0,1,0,0,0,0,-1,0,0,0,,0,,0,,0,0,0,1
1723314352,3843,8,8,8,8,30.375,0,0,0.11 | 0.11 | 0.11,0,0.65 | 0.79 | 0.94,0,4.26 | 5.06 | 6.19,18.957,0.000,0,1,0,0,0,0,-1,0,0,0,,0,,0,,0,0,0,1
1723314352,3843,8,8,8,8,30.375,0,0,0.11 | 0.11 | 0.11,0,0.65 | 0.79 | 0.94,0,4.26 | 5.06 | 6.19,18.957,0.000,0,1,0,0,0,0,-1,0,0,0,,0,,0,,0,0,0,1
1723314352,3843,8,8,8,8,30.375,0,0,0.11 | 0.11 | 0.11,0,0.65 | 0.79 | 0.94,0,4.26 | 5.06 | 6.19,18.957,0.000,0,1,0,0,0,0,-1,0,0,0,,0,,0,,0,0,0,1
1723314352,3843,8,8,8,8,29.358,0,0,0.11 | 0.11 | 0.11,0,0.65 | 0.79 | 0.94,0,4.26 | 5.06 | 6.19,18.957,0.000,0,1,0,0,0,0,-1,0,0,0,,0,,0,,0,0,0,1
1723314353,3843,8,8,8,8,29.358,0,0,0.11 | 0.11 | 0.11,0,0.65 | 0.79 | 0.94,0,4.26 | 5.06 | 6.19,18.957,0.000,0,1,0,0,0,0,-1,0,0,0,,0,,0,,0,0,0,1
1723314353,3843,8,8,8,8,29.358,0,0,0.11 | 0.11 | 0.11,0,0.65 | 0.79 | 0.94,0,4.26 | 5.06 | 6.19,18.957,0.000,0,1,0,0,0,0,-1,0,0,0,,0,,0,,0,0,0,1
1723314353,3843,8,8,8,8,29.358,0,0,0.11 | 0.11 | 0.11,0,0.65 | 0.79 | 0.94,0,4.26 | 5.06 | 6.19,18.957,0.000,0,1,0,0,0,0,-1,0,0,0,,0,,0,,0,0,0,1
1723314353,3843,8,8,8,8,29.358,0,0,0.11 | 0.11 | 0.11,0,0.65 | 0.79 | 0.94,0,4.26 | 5.06 | 6.19,18.957,0.000,0,1,0,0,0,0,-1,0,0,0,,0,,0,,0,0,0,1
1723314353,3843,8,8,8,8,29.358,0,0,0.11 | 0.11 | 0.11,0,0.65 | 0.79 | 0.94,0,4.26 | 5.06 | 6.19,18.957,0.000,0,1,0,0,0,0,-1,0,0,0,,0,,0,,0,0,0,1
1723314353,3843,8,8,8,8,29.358,0,0,0.11 | 0.11 | 0.11,0,0.65 | 0.79 | 0.94,0,4.26 | 5.06 | 6.19,18.957,0.000,0,1,0,0,0,0,-1,0,0,0,,0,,0,,0,0,0,1
1723314353,3843,8,8,8,8,29.358,0,0,0.11 | 0.11 | 0.11,0,0.65 | 0.79 | 0.94,0,4.26 | 5.06 | 6.19,18.957,0.000,0,1,0,0,0,0,-1,0,0,0,,0,,0,,0,0,0,1
1723314353,3843,8,8,8,8,29.358,0,0,0.11 | 0.11 | 0.11,0,0.65 | 0.79 | 0.94,0,4.26 | 5.06 | 6.19,18.957,0.000,0,1,0,0,0,0,-1,0,0,0,,0,,0,,0,0,0,1
1723314353,3843,8,8,8,8,29.358,0,0,0.11 | 0.11 | 0.11,0,0.65 | 0.79 | 0.94,0,4.26 | 5.06 | 6.19,18.957,0.000,0,1,0,0,0,0,-1,0,0,0,,0,,0,,0,0,0,1
1723314353,3843,8,8,8,8,31.606,0,0,0.11 | 0.11 | 0.11,0,0.65 | 0.81 | 0.94,0,4.26 | 4.95 | 6.19,18.958,0.000,0,1,0,0,0,0,-1,0,0,0,,0,,0,,0,0,0,1
1723314354,3843,8,8,8,8,31.606,0,0,0.11 | 0.11 | 0.11,0,0.65 | 0.81 | 0.94,0,4.26 | 4.95 | 6.19,18.958,0.000,0,1,0,0,0,0,-1,0,0,0,,0,,0,,0,0,0,1
1723314354,3843,8,8,8,8,31.606,0,0,0.11 | 0.11 | 0.11,0,0.65 | 0.81 | 0.94,0,4.26 | 4.95 | 6.19,18.958,0.000,0,1,0,0,0,0,-1,0,0,0,,0,,0,,0,0,0,1
1723314354,3843,8,8,8,8,31.606,0,0,0.11 | 0.11 | 0.11,0,0.65 | 0.81 | 0.94,0,4.26 | 4.95 | 6.19,18.958,0.000,0,1,0,0,0,0,-1,0,0,0,,0,,0,,0,0,0,1
1723314354,3843,8,8,8,8,31.606,0,0,0.11 | 0.11 | 0.11,0,0.65 | 0.81 | 0.94,0,4.26 | 4.95 | 6.19,18.958,0.000,0,1,0,0,0,0,-1,0,0,0,,0,,0,,0,0,0,1
1723314354,3843,8,8,8,8,31.606,0,0,0.11 | 0.11 | 0.11,0,0.65 | 0.81 | 0.94,0,4.26 | 4.95 | 6.19,18.958,0.000,0,1,0,0,0,0,-1,0,0,0,,0,,0,,0,0,0,1
1723314354,3843,8,8,8,8,31.606,0,0,0.11 | 0.11 | 0.11,0,0.65 | 0.81 | 0.94,0,4.26 | 4.95 | 6.19,18.958,0.000,0,1,0,0,0,0,-1,0,0,0,,0,,0,,0,0,0,1
1723314354,3843,8,8,8,8,31.606,0,0,0.11 | 0.11 | 0.11,0,0.65 | 0.81 | 0.94,0,4.26 | 4.95 | 6.19,18.958,0.000,0,1,0,0,0,0,-1,0,0,0,,0,,0,,0,0,0,1
1723314354,3843,8,8,8,8,31.606,0,0,0.11 | 0.11 | 0.11,0,0.65 | 0.81 | 0.94,0,4.26 | 4.95 | 6.19,18.958,0.000,0,1,0,0,0,0,-1,0,0,0,,0,,0,,0,0,0,1
1723314354,3843,8,8,8,8,31.606,0,0,0.11 | 0.11 | 0.11,0,0.65 | 0.81 | 0.94,0,4.26 | 4.95 | 6.19,18.958,0.000,0,1,0,0,0,0,-1,0,0,0,,0,,0,,0,0,0,1
1723314354,3843,8,8,8,8,30.653,0,0,0.11 | 0.11 | 0.11,0,0.65 | 0.81 | 0.94,0,4.26 | 4.95 | 6.19,18.958,0.000,0,1,0,0,0,0,-1,0,0,0,,0,,0,,0,0,0,1
1723314355,3843,8,8,8,8,30.653,0,0,0.11 | 0.11 | 0.11,0,0.65 | 0.81 | 0.94,0,4.26 | 4.95 | 6.19,18.958,0.000,0,1,0,0,0,0,-1,0,0,0,,0,,0,,0,0,0,1
1723314355,3843,8,8,8,8,30.653,0,0,0.11 | 0.11 | 0.11,0,0.65 | 0.81 | 0.94,0,4.26 | 4.95 | 6.19,18.958,0.000,0,1,0,0,0,0,-1,0,0,0,,0,,0,,0,0,0,1
1723314355,3843,8,8,8,8,30.653,0,0,0.11 | 0.11 | 0.11,0,0.65 | 0.81 | 0.94,0,4.26 | 4.95 | 6.19,18.958,0.000,0,1,0,0,0,0,-1,0,0,0,,0,,0,,0,0,0,1
1723314355,3843,8,8,8,8,30.653,0,0,0.11 | 0.11 | 0.11,0,0.65 | 0.81 | 0.94,0,4.26 | 4.95 | 6.19,18.958,0.000,0,1,0,0,0,0,-1,0,0,0,,0,,0,,0,0,0,1
1723314355,3843,8,8,8,8,30.653,0,0,0.11 | 0.11 | 0.11,0,0.65 | 0.81 | 0.94,0,4.26 | 4.95 | 6.19,18.958,0.000,0,1,0,0,0,0,-1,0,0,0,,0,,0,,0,0,0,1
1723314355,3843,8,8,8,8,30.653,0,0,0.11 | 0.11 | 0.11,0,0.65 | 0.81 | 0.94,0,4.26 | 4.95 | 6.19,18.958,0.000,0,1,0,0,0,0,-1,0,0,0,,0,,0,,0,0,0,1
1723314355,3843,8,8,8,8,30.653,0,0,0.11 | 0.11 | 0.11,0,0.65 | 0.81 | 0.94,0,4.26 | 4.95 | 6.19,18.958,0.000,0,1,0,0,0,0,-1,0,0,0,,0,,0,,0,0,0,1
1723314355,3843,8,8,8,8,30.653,0,0,0.11 | 0.11 | 0.11,0,0.65 | 0.81 | 0.94,0,4.26 | 4.95 | 6.19,18.958,0.000,0,1,0,0,0,0,-1,0,0,0,,0,,0,,0,0,0,1
1723314355,3843,8,8,8,8,30.653,0,0,0.11 | 0.11 | 0.11,0,0.65 | 0.81 | 0.94,0,4.26 | 4.95 | 6.19,18.958,0.000,0,1,0,0,0,0,-1,0,0,0,,0,,0,,0,0,0,1
1723314355,3843,8,8,8,8,29.59,0,0,0.11 | 0.11 | 0.11,0,0.65 | 0.81 | 0.94,0,4.26 | 4.95 | 6.19,18.958,0.000,0,1,0,0,0,0,-1,0,0,0,,0,,0,,0,0,0,1
1723314356,3843,8,8,8,8,29.59,0,0,0.11 | 0.11 | 0.11,0,0.65 | 0.81 | 0.94,0,4.26 | 4.95 | 6.19,18.958,0.000,0,1,0,0,0,0,-1,0,0,0,,0,,0,,0,0,0,1
1723314356,3843,8,8,8,8,29.59,0,0,0.11 | 0.11 | 0.11,0,0.65 | 0.81 | 0.94,0,4.26 | 4.95 | 6.19,18.958,0.000,0,1,0,0,0,0,-1,0,0,0,,0,,0,,0,0,0,1
1723314356,3843,8,8,8,8,29.59,0,0,0.11 | 0.11 | 0.11,0,0.65 | 0.81 | 0.94,0,4.26 | 4.95 | 6.19,18.958,0.000,0,1,0,0,0,0,-1,0,0,0,,0,,0,,0,0,0,1
1723314356,3843,8,8,8,8,29.59,0,0,0.11 | 0.11 | 0.11,0,0.65 | 0.81 | 0.94,0,4.26 | 4.95 | 6.19,18.958,0.000,0,1,0,0,0,0,-1,0,0,0,,0,,0,,0,0,0,1
1723314356,3843,8,8,8,8,29.59,0,0,0.11 | 0.11 | 0.11,0,0.65 | 0.81 | 0.94,0,4.26 | 4.95 | 6.19,18.958,0.000,0,1,0,0,0,0,-1,0,0,0,,0,,0,,0,0,0,1
1723314356,3843,8,8,8,8,29.59,0,0,0.11 | 0.11 | 0.11,0,0.65 | 0.81 | 0.94,0,4.26 | 4.95 | 6.19,18.958,0.000,0,1,0,0,0,0,-1,0,0,0,,0,,0,,0,0,0,1
1723314356,3843,8,8,8,8,29.59,0,0,0.11 | 0.11 | 0.11,0,0.65 | 0.81 | 0.94,0,4.26 | 4.95 | 6.19,18.958,0.000,0,1,0,0,0,0,-1,0,0,0,,0,,0,,0,0,0,1
1723314356,3843,8,8,8,8,29.59,0,0,0.11 | 0.11 | 0.11,0,0.65 | 0.81 | 0.94,0,4.26 | 4.95 | 6.19,18.958,0.000,0,1,0,0,0,0,-1,0,0,0,,0,,0,,0,0,0,1
1723314356,3843,8,8,8,8,29.59,0,0,0.11 | 0.11 | 0.11,0,0.65 | 0.81 | 0.94,0,4.26 | 4.95 | 6.19,18.958,0.000,0,1,0,0,0,0,-1,0,0,0,,0,,0,,0,0,0,1
1723314356,3843,8,8,8,8,33.372,0,0,0.11 | 0.11 | 0.11,0,0.65 | 0.85 | 1.11,0,3.61 | 4.71 | 6.19,18.949,0.000,0,1,0,0,0,0,-1,0,0,0,,0,,0,,0,0,0,1
1723314357,3843,8,8,8,8,33.372,0,0,0.11 | 0.11 | 0.11,0,0.65 | 0.85 | 1.11,0,3.61 | 4.71 | 6.19,18.949,0.000,0,1,0,0,0,0,-1,0,0,0,,0,,0,,0,0,0,1
1723314357,3843,8,8,8,8,33.372,0,0,0.11 | 0.11 | 0.11,0,0.65 | 0.85 | 1.11,0,3.61 | 4.71 | 6.19,18.949,0.000,0,1,0,0,0,0,-1,0,0,0,,0,,0,,0,0,0,1
1723314357,3843,8,8,8,8,33.372,0,0,0.11 | 0.11 | 0.11,0,0.65 | 0.85 | 1.11,0,3.61 | 4.71 | 6.19,18.949,0.000,0,1,0,0,0,0,-1,0,0,0,,0,,0,,0,0,0,1
1723314357,3843,8,8,8,8,33.372,0,0,0.11 | 0.11 | 0.11,0,0.65 | 0.85 | 1.11,0,3.61 | 4.71 | 6.19,18.949,0.000,0,1,0,0,0,0,-1,0,0,0,,0,,0,,0,0,0,1
1723314357,3843,8,8,8,8,33.372,0,0,0.11 | 0.11 | 0.11,0,0.65 | 0.85 | 1.11,0,3.61 | 4.71 | 6.19,18.949,0.000,0,1,0,0,0,0,-1,0,0,0,,0,,0,,0,0,0,1
1723314357,3843,8,8,8,8,33.372,0,0,0.11 | 0.11 | 0.11,0,0.65 | 0.85 | 1.11,0,3.61 | 4.71 | 6.19,18.949,0.000,0,1,0,0,0,0,-1,0,0,0,,0,,0,,0,0,0,1
1723314357,3843,8,8,8,8,33.372,0,0,0.11 | 0.11 | 0.11,0,0.65 | 0.85 | 1.11,0,3.61 | 4.71 | 6.19,18.949,0.000,0,1,0,0,0,0,-1,0,0,0,,0,,0,,0,0,0,1
1723314357,3843,8,8,8,8,33.372,0,0,0.11 | 0.11 | 0.11,0,0.65 | 0.85 | 1.11,0,3.61 | 4.71 | 6.19,18.949,0.000,0,1,0,0,0,0,-1,0,0,0,,0,,0,,0,0,0,1
1723314357,3843,8,8,8,8,33.372,0,0,0.11 | 0.11 | 0.11,0,0.65 | 0.85 | 1.11,0,3.61 | 4.71 | 6.19,18.949,0.000,0,1,0,0,0,0,-1,0,0,0,,0,,0,,0,0,0,1
1723314357,3843,8,8,8,8,32.531,0,0,0.11 | 0.11 | 0.11,0,0.65 | 0.85 | 1.11,0,3.61 | 4.71 | 6.19,18.949,0.000,0,1,0,0,0,0,-1,0,0,0,,0,,0,,0,0,0,1
1723314358,3843,8,8,8,8,32.531,0,0,0.11 | 0.11 | 0.11,0,0.65 | 0.85 | 1.11,0,3.61 | 4.71 | 6.19,18.949,0.000,0,1,0,0,0,0,-1,0,0,0,,0,,0,,0,0,0,1
1723314358,3843,8,8,8,8,32.531,0,0,0.11 | 0.11 | 0.11,0,0.65 | 0.85 | 1.11,0,3.61 | 4.71 | 6.19,18.949,0.000,0,1,0,0,0,0,-1,0,0,0,,0,,0,,0,0,0,1
1723314358,3843,8,8,8,8,32.531,0,0,0.11 | 0.11 | 0.11,0,0.65 | 0.85 | 1.11,0,3.61 | 4.71 | 6.19,18.949,0.000,0,1,0,0,0,0,-1,0,0,0,,0,,0,,0,0,0,1
1723314358,3843,8,8,8,8,32.531,0,0,0.11 | 0.11 | 0.11,0,0.65 | 0.85 | 1.11,0,3.61 | 4.71 | 6.19,18.949,0.000,0,1,0,0,0,0,-1,0,0,0,,0,,0,,0,0,0,1
1723314358,3843,8,8,8,8,32.531,0,0,0.11 | 0.11 | 0.11,0,0.65 | 0.85 | 1.11,0,3.61 | 4.71 | 6.19,18.949,0.000,0,1,0,0,0,0,-1,0,0,0,,0,,0,,0,0,0,1
1723314358,3843,8,8,8,8,32.531,0,0,0.11 | 0.11 | 0.11,0,0.65 | 0.85 | 1.11,0,3.61 | 4.71 | 6.19,18.949,0.000,0,1,0,0,0,0,-1,0,0,0,,0,,0,,0,0,0,1
1723314358,3843,8,8,8,8,32.531,0,0,0.11 | 0.11 | 0.11,0,0.65 | 0.85 | 1.11,0,3.61 | 4.71 | 6.19,18.949,0.000,0,1,0,0,0,0,-1,0,0,0,,0,,0,,0,0,0,1
1723314358,3843,8,8,8,8,32.531,0,0,0.11 | 0.11 | 0.11,0,0.65 | 0.85 | 1.11,0,3.61 | 4.71 | 6.19,18.949,0.000,0,1,0,0,0,0,-1,0,0,0,,0,,0,,0,0,0,1
1723314358,3843,8,8,8,8,32.531,0,0,0.11 | 0.11 | 0.11,0,0.65 | 0.85 | 1.11,0,3.61 | 4.71 | 6.19,18.949,0.000,0,1,0,0,0,0,-1,0,0,0,,0,,0,,0,0,0,1
1723314358,3843,8,8,8,8,31.468,0,0,0.11 | 0.11 | 0.11,0,0.65 | 0.85 | 1.11,0,3.61 | 4.71 | 6.19,18.949,0.000,0,1,0,0,0,0,-1,0,0,0,,0,,0,,0,0,0,1
1723314359,3843,8,8,8,8,31.468,0,0,0.11 | 0.11 | 0.11,0,0.65 | 0.85 | 1.11,0,3.61 | 4.71 | 6.19,18.949,0.000,0,1,0,0,0,0,-1,0,0,0,,0,,0,,0,0,0,1
1723314359,3843,8,8,8,8,31.468,0,0,0.11 | 0.11 | 0.11,0,0.65 | 0.85 | 1.11,0,3.61 | 4.71 | 6.19,18.949,0.000,0,1,0,0,0,0,-1,0,0,0,,0,,0,,0,0,0,1
1723314359,3843,8,8,8,8,31.468,0,0,0.11 | 0.11 | 0.11,0,0.65 | 0.85 | 1.11,0,3.61 | 4.71 | 6.19,18.949,0.000,0,1,0,0,0,0,-1,0,0,0,,0,,0,,0,0,0,1
1723314359,3843,8,8,8,8,31.468,0,0,0.11 | 0.11 | 0.11,0,0.65 | 0.85 | 1.11,0,3.61 | 4.71 | 6.19,18.949,0.000,0,1,0,0,0,0,-1,0,0,0,,0,,0,,0,0,0,1
1723314359,3843,8,8,8,8,31.468,0,0,0.11 | 0.11 | 0.11,0,0.65 | 0.85 | 1.11,0,3.61 | 4.71 | 6.19,18.949,0.000,0,1,0,0,0,0,-1,0,0,0,,0,,0,,0,0,0,1
1723314359,3843,8,8,8,8,31.468,0,0,0.11 | 0.11 | 0.11,0,0.65 | 0.85 | 1.11,0,3.61 | 4.71 | 6.19,18.949,0.000,0,1,0,0,0,0,-1,0,0,0,,0,,0,,0,0,0,1
1723314359,3843,8,8,8,8,31.468,0,0,0.11 | 0.11 | 0.11,0,0.65 | 0.85 | 1.11,0,3.61 | 4.71 | 6.19,18.949,0.000,0,1,0,0,0,0,-1,0,0,0,,0,,0,,0,0,0,1
1723314359,3843,8,8,8,8,31.468,0,0,0.11 | 0.11 | 0.11,0,0.65 | 0.85 | 1.11,0,3.61 | 4.71 | 6.19,18.949,0.000,0,1,0,0,0,0,-1,0,0,0,,0,,0,,0,0,0,1
1723314359,3843,8,8,8,8,31.468,0,0,0.11 | 0.11 | 0.11,0,0.65 | 0.85 | 1.11,0,3.61 | 4.71 | 6.19,18.949,0.000,0,1,0,0,0,0,-1,0,0,0,,0,,0,,0,0,0,1
1723314359,3843,8,8,8,8,30.406,0,0,0.11 | 0.11 | 0.11,0,0.65 | 0.85 | 1.11,0,3.61 | 4.71 | 6.19,18.949,0.000,0,1,0,0,0,0,-1,0,0,0,,0,,0,,0,0,0,1
1723314360,3843,8,8,8,8,30.406,0,0,0.11 | 0.11 | 0.11,0,0.65 | 0.85 | 1.11,0,3.61 | 4.71 | 6.19,18.949,0.000,0,1,0,0,0,0,-1,0,0,0,,0,,0,,0,0,0,1
1723314360,3843,8,8,8,8,30.406,0,0,0.11 | 0.11 | 0.11,0,0.65 | 0.85 | 1.11,0,3.61 | 4.71 | 6.19,18.949,0.000,0,1,0,0,0,0,-1,0,0,0,,0,,0,,0,0,0,1
1723314360,3843,8,8,8,8,30.406,0,0,0.11 | 0.11 | 0.11,0,0.65 | 0.85 | 1.11,0,3.61 | 4.71 | 6.19,18.949,0.000,0,1,0,0,0,0,-1,0,0,0,,0,,0,,0,0,0,1
1723314360,3843,8,8,8,8,30.406,0,0,0.11 | 0.11 | 0.11,0,0.65 | 0.85 | 1.11,0,3.61 | 4.71 | 6.19,18.949,0.000,0,1,0,0,0,0,-1,0,0,0,,0,,0,,0,0,0,1
1723314360,3843,8,8,8,8,30.406,0,0,0.11 | 0.11 | 0.11,0,0.65 | 0.85 | 1.11,0,3.61 | 4.71 | 6.19,18.949,0.000,0,1,0,0,0,0,-1,0,0,0,,0,,0,,0,0,0,1
1723314360,3843,8,8,8,8,30.406,0,0,0.11 | 0.11 | 0.11,0,0.65 | 0.85 | 1.11,0,3.61 | 4.71 | 6.19,18.949,0.000,0,1,0,0,0,0,-1,0,0,0,,0,,0,,0,0,0,1
1723314360,3843,8,8,8,8,30.406,0,0,0.11 | 0.11 | 0.11,0,0.65 | 0.85 | 1.11,0,3.61 | 4.71 | 6.19,18.949,0.000,0,1,0,0,0,0,-1,0,0,0,,0,,0,,0,0,0,1
1723314360,3843,8,8,8,8,30.406,0,0,0.11 | 0.11 | 0.11,0,0.65 | 0.85 | 1.11,0,3.61 | 4.71 | 6.19,18.949,0.000,0,1,0,0,0,0,-1,0,0,0,,0,,0,,0,0,0,1
1723314360,3843,8,8,8,8,30.406,0,0,0.11 | 0.11 | 0.11,0,0.65 | 0.85 | 1.11,0,3.61 | 4.71 | 6.19,18.949,0.000,0,1,0,0,0,0,-1,0,0,0,,0,,0,,0,0,0,1
1723314360,3843,8,8,8,8,29.609,0,0,0.11 | 0.11 | 0.11,0,0.65 | 0.85 | 1.11,0,3.61 | 4.71 | 6.19,18.949,0.000,0,1,0,0,0,0,-1,0,0,0,,0,,0,,0,0,0,1
1723314361,3843,8,8,8,8,29.609,0,0,0.11 | 0.11 | 0.11,0,0.65 | 0.85 | 1.11,0,3.61 | 4.71 | 6.19,18.949,0.000,0,1,0,0,0,0,-1,0,0,0,,0,,0,,0,0,0,1
1723314361,3843,8,8,8,8,29.609,0,0,0.11 | 0.11 | 0.11,0,0.65 | 0.85 | 1.11,0,3.61 | 4.71 | 6.19,18.949,0.000,0,1,0,0,0,0,-1,0,0,0,,0,,0,,0,0,0,1
1723314361,3843,8,8,8,8,29.609,0,0,0.11 | 0.11 | 0.11,0,0.65 | 0.85 | 1.11,0,3.61 | 4.71 | 6.19,18.949,0.000,0,1,0,0,0,0,-1,0,0,0,,0,,0,,0,0,0,1
1723314361,3843,8,8,8,8,29.609,0,0,0.11 | 0.11 | 0.11,0,0.65 | 0.85 | 1.11,0,3.61 | 4.71 | 6.19,18.949,0.000,0,1,0,0,0,0,-1,0,0,0,,0,,0,,0,0,0,1
1723314361,3843,8,8,8,8,29.609,0,0,0.11 | 0.11 | 0.11,0,0.65 | 0.85 | 1.11,0,3.61 | 4.71 | 6.19,18.949,0.000,0,1,0,0,0,0,-1,0,0,0,,0,,0,,0,0,0,1
1723314361,3843,8,8,8,8,29.609,0,0,0.11 | 0.11 | 0.11,0,0.65 | 0.85 | 1.11,0,3.61 | 4.71 | 6.19,18.949,0.000,0,1,0,0,0,0,-1,0,0,0,,0,,0,,0,0,0,1
1723314361,3843,8,8,8,8,29.609,0,0,0.11 | 0.11 | 0.11,0,0.65 | 0.85 | 1.11,0,3.61 | 4.71 | 6.19,18.949,0.000,0,1,0,0,0,0,-1,0,0,0,,0,,0,,0,0,0,1
1723314361,3843,8,8,8,8,29.609,0,0,0.11 | 0.11 | 0.11,0,0.65 | 0.85 | 1.11,0,3.61 | 4.71 | 6.19,18.949,0.000,0,1,0,0,0,0,-1,0,0,0,,0,,0,,0,0,0,1
1723314361,3843,8,8,8,8,29.609,0,0,0.11 | 0.11 | 0.11,0,0.65 | 0.85 | 1.11,0,3.61 | 4.71 | 6.19,18.949,0.000,0,1,0,0,0,0,-1,0,0,0,,0,,0,,0,0,0,1
1723314361,3843,8,8,8,8,31.746,0,0,0.11 | 0.11 | 0.11,0,0.61 | 0.84 | 1.11,0,3.61 | 4.76 | 6.60,18.965,0.000,0,1,0,0,0,0,-1,0,0,0,,0,,0,,0,0,0,1
1723314362,3843,8,8,8,8,31.746,0,0,0.11 | 0.11 | 0.11,0,0.61 | 0.84 | 1.11,0,3.61 | 4.76 | 6.60,18.965,0.000,0,1,0,0,0,0,-1,0,0,0,,0,,0,,0,0,0,1
1723314362,3843,8,8,8,8,31.746,0,0,0.11 | 0.11 | 0.11,0,0.61 | 0.84 | 1.11,0,3.61 | 4.76 | 6.60,18.965,0.000,0,1,0,0,0,0,-1,0,0,0,,0,,0,,0,0,0,1
1723314362,3843,8,8,8,8,31.746,0,0,0.11 | 0.11 | 0.11,0,0.61 | 0.84 | 1.11,0,3.61 | 4.76 | 6.60,18.965,0.000,0,1,0,0,0,0,-1,0,0,0,,0,,0,,0,0,0,1
1723314362,3843,8,8,8,8,31.746,0,0,0.11 | 0.11 | 0.11,0,0.61 | 0.84 | 1.11,0,3.61 | 4.76 | 6.60,18.965,0.000,0,1,0,0,0,0,-1,0,0,0,,0,,0,,0,0,0,1
1723314362,3843,8,8,8,8,31.746,0,0,0.11 | 0.11 | 0.11,0,0.61 | 0.84 | 1.11,0,3.61 | 4.76 | 6.60,18.965,0.000,0,1,0,0,0,0,-1,0,0,0,,0,,0,,0,0,0,1
1723314362,3843,8,8,8,8,31.746,0,0,0.11 | 0.11 | 0.11,0,0.61 | 0.84 | 1.11,0,3.61 | 4.76 | 6.60,18.965,0.000,0,1,0,0,0,0,-1,0,0,0,,0,,0,,0,0,0,1
1723314362,3843,8,8,8,8,31.746,0,0,0.11 | 0.11 | 0.11,0,0.61 | 0.84 | 1.11,0,3.61 | 4.76 | 6.60,18.965,0.000,0,1,0,0,0,0,-1,0,0,0,,0,,0,,0,0,0,1
1723314362,3843,8,8,8,8,31.746,0,0,0.11 | 0.11 | 0.11,0,0.61 | 0.84 | 1.11,0,3.61 | 4.76 | 6.60,18.965,0.000,0,1,0,0,0,0,-1,0,0,0,,0,,0,,0,0,0,1
1723314362,3843,8,8,8,8,31.746,0,0,0.11 | 0.11 | 0.11,0,0.61 | 0.84 | 1.11,0,3.61 | 4.76 | 6.60,18.965,0.000,0,1,0,0,0,0,-1,0,0,0,,0,,0,,0,0,0,1
1723314362,3843,8,8,8,8,30.558,0,0,0.11 | 0.11 | 0.11,0,0.61 | 0.84 | 1.11,0,3.61 | 4.76 | 6.60,18.965,0.000,0,1,0,0,0,0,-1,0,0,0,,0,,0,,0,0,0,1
1723314363,3843,8,8,8,8,30.558,0,0,0.11 | 0.11 | 0.11,0,0.61 | 0.84 | 1.11,0,3.61 | 4.76 | 6.60,18.965,0.000,0,1,0,0,0,0,-1,0,0,0,,0,,0,,0,0,0,1
1723314363,3843,8,8,8,8,30.558,0,0,0.11 | 0.11 | 0.11,0,0.61 | 0.84 | 1.11,0,3.61 | 4.76 | 6.60,18.965,0.000,0,1,0,0,0,0,-1,0,0,0,,0,,0,,0,0,0,1
1723314363,3843,8,8,8,8,30.558,0,0,0.11 | 0.11 | 0.11,0,0.61 | 0.84 | 1.11,0,3.61 | 4.76 | 6.60,18.965,0.000,0,1,0,0,0,0,-1,0,0,0,,0,,0,,0,0,0,1
1723314363,3843,8,8,8,8,30.558,0,0,0.11 | 0.11 | 0.11,0,0.61 | 0.84 | 1.11,0,3.61 | 4.76 | 6.60,18.965,0.000,0,1,0,0,0,0,-1,0,0,0,,0,,0,,0,0,0,1
1723314363,3843,8,8,8,8,30.558,0,0,0.11 | 0.11 | 0.11,0,0.61 | 0.84 | 1.11,0,3.61 | 4.76 | 6.60,18.965,0.000,0,1,0,0,0,0,-1,0,0,0,,0,,0,,0,0,0,1
1723314363,3843,8,8,8,8,30.558,0,0,0.11 | 0.11 | 0.11,0,0.61 | 0.84 | 1.11,0,3.61 | 4.76 | 6.60,18.965,0.000,0,1,0,0,0,0,-1,0,0,0,,0,,0,,0,0,0,1
1723314363,3843,8,8,8,8,30.558,0,0,0.11 | 0.11 | 0.11,0,0.61 | 0.84 | 1.11,0,3.61 | 4.76 | 6.60,18.965,0.000,0,1,0,0,0,0,-1,0,0,0,,0,,0,,0,0,0,1
1723314363,3843,8,8,8,8,30.558,0,0,0.11 | 0.11 | 0.11,0,0.61 | 0.84 | 1.11,0,3.61 | 4.76 | 6.60,18.965,0.000,0,1,0,0,0,0,-1,0,0,0,,0,,0,,0,0,0,1
1723314363,3843,8,8,8,8,30.558,0,0,0.11 | 0.11 | 0.11,0,0.61 | 0.84 | 1.11,0,3.61 | 4.76 | 6.60,18.965,0.000,0,1,0,0,0,0,-1,0,0,0,,0,,0,,0,0,0,1
1723314363,3843,8,8,8,8,29.621,0,0,0.11 | 0.11 | 0.11,0,0.61 | 0.84 | 1.11,0,3.61 | 4.76 | 6.60,18.965,0.000,0,1,0,0,0,0,-1,0,0,0,,0,,0,,0,0,0,1
1723314364,3843,8,8,8,8,29.621,0,0,0.11 | 0.11 | 0.11,0,0.61 | 0.84 | 1.11,0,3.61 | 4.76 | 6.60,18.965,0.000,0,1,0,0,0,0,-1,0,0,0,,0,,0,,0,0,0,1
1723314364,3843,8,8,8,8,29.621,0,0,0.11 | 0.11 | 0.11,0,0.61 | 0.84 | 1.11,0,3.61 | 4.76 | 6.60,18.965,0.000,0,1,0,0,0,0,-1,0,0,0,,0,,0,,0,0,0,1
1723314364,3843,8,8,8,8,29.621,0,0,0.11 | 0.11 | 0.11,0,0.61 | 0.84 | 1.11,0,3.61 | 4.76 | 6.60,18.965,0.000,0,1,0,0,0,0,-1,0,0,0,,0,,0,,0,0,0,1
1723314364,3843,8,8,8,8,29.621,0,0,0.11 | 0.11 | 0.11,0,0.61 | 0.84 | 1.11,0,3.61 | 4.76 | 6.60,18.965,0.000,0,1,0,0,0,0,-1,0,0,0,,0,,0,,0,0,0,1
1723314364,3843,8,8,8,8,29.621,0,0,0.11 | 0.11 | 0.11,0,0.61 | 0.84 | 1.11,0,3.61 | 4.76 | 6.60,18.965,0.000,0,1,0,0,0,0,-1,0,0,0,,0,,0,,0,0,0,1
1723314364,3843,8,8,8,8,29.621,0,0,0.11 | 0.11 | 0.11,0,0.61 | 0.84 | 1.11,0,3.61 | 4.76 | 6.60,18.965,0.000,0,1,0,0,0,0,-1,0,0,0,,0,,0,,0,0,0,1
1723314364,3843,8,8,8,8,29.621,0,0,0.11 | 0.11 | 0.11,0,0.61 | 0.84 | 1.11,0,3.61 | 4.76 | 6.60,18.965,0.000,0,1,0,0,0,0,-1,0,0,0,,0,,0,,0,0,0,1
1723314364,3843,8,8,8,8,29.621,0,0,0.11 | 0.11 | 0.11,0,0.61 | 0.84 | 1.11,0,3.61 | 4.76 | 6.60,18.965,0.000,0,1,0,0,0,0,-1,0,0,0,,0,,0,,0,0,0,1
1723314364,3843,8,8,8,8,29.621,0,0,0.11 | 0.11 | 0.11,0,0.61 | 0.84 | 1.11,0,3.61 | 4.76 | 6.60,18.965,0.000,0,1,0,0,0,0,-1,0,0,0,,0,,0,,0,0,0,1
1723314364,3843,8,8,8,8,33.359,0,0,0.11 | 0.11 | 0.11,0,0.61 | 0.86 | 1.11,0,3.61 | 4.63 | 6.60,18.974,0.000,0,1,0,0,0,0,-1,0,0,0,,0,,0,,0,0,0,1
1723314365,3843,8,8,8,8,33.359,0,0,0.11 | 0.11 | 0.11,0,0.61 | 0.86 | 1.11,0,3.61 | 4.63 | 6.60,18.974,0.000,0,1,0,0,0,0,-1,0,0,0,,0,,0,,0,0,0,1
1723314365,3843,8,8,8,8,33.359,0,0,0.11 | 0.11 | 0.11,0,0.61 | 0.86 | 1.11,0,3.61 | 4.63 | 6.60,18.974,0.000,0,1,0,0,0,0,-1,0,0,0,,0,,0,,0,0,0,1
1723314365,3843,8,8,8,8,33.359,0,0,0.11 | 0.11 | 0.11,0,0.61 | 0.86 | 1.11,0,3.61 | 4.63 | 6.60,18.974,0.000,0,1,0,0,0,0,-1,0,0,0,,0,,0,,0,0,0,1
1723314365,3843,8,8,8,8,33.359,0,0,0.11 | 0.11 | 0.11,0,0.61 | 0.86 | 1.11,0,3.61 | 4.63 | 6.60,18.974,0.000,0,1,0,0,0,0,-1,0,0,0,,0,,0,,0,0,0,1
1723314365,3843,8,8,8,8,33.359,0,0,0.11 | 0.11 | 0.11,0,0.61 | 0.86 | 1.11,0,3.61 | 4.63 | 6.60,18.974,0.000,0,1,0,0,0,0,-1,0,0,0,,0,,0,,0,0,0,1
1723314365,3843,8,8,8,8,33.359,0,0,0.11 | 0.11 | 0.11,0,0.61 | 0.86 | 1.11,0,3.61 | 4.63 | 6.60,18.974,0.000,0,1,0,0,0,0,-1,0,0,0,,0,,0,,0,0,0,1
1723314365,3843,8,8,8,8,33.359,0,0,0.11 | 0.11 | 0.11,0,0.61 | 0.86 | 1.11,0,3.61 | 4.63 | 6.60,18.974,0.000,0,1,0,0,0,0,-1,0,0,0,,0,,0,,0,0,0,1
1723314365,3843,8,8,8,8,33.359,0,0,0.11 | 0.11 | 0.11,0,0.61 | 0.86 | 1.11,0,3.61 | 4.63 | 6.60,18.974,0.000,0,1,0,0,0,0,-1,0,0,0,,0,,0,,0,0,0,1
1723314365,3843,8,8,8,8,33.359,0,0,0.11 | 0.11 | 0.11,0,0.61 | 0.86 | 1.11,0,3.61 | 4.63 | 6.60,18.974,0.000,0,1,0,0,0,0,-1,0,0,0,,0,,0,,0,0,0,1
1723314365,3843,8,8,8,8,32.562,0,0,0.11 | 0.11 | 0.11,0,0.61 | 0.86 | 1.11,0,3.61 | 4.63 | 6.60,18.974,0.000,0,1,0,0,0,0,-1,0,0,0,,0,,0,,0,0,0,1
1723314366,3843,8,8,8,8,32.562,0,0,0.11 | 0.11 | 0.11,0,0.61 | 0.86 | 1.11,0,3.61 | 4.63 | 6.60,18.974,0.000,0,1,0,0,0,0,-1,0,0,0,,0,,0,,0,0,0,1
1723314366,3843,8,8,8,8,32.562,0,0,0.11 | 0.11 | 0.11,0,0.61 | 0.86 | 1.11,0,3.61 | 4.63 | 6.60,18.974,0.000,0,1,0,0,0,0,-1,0,0,0,,0,,0,,0,0,0,1
1723314366,3843,8,8,8,8,32.562,0,0,0.11 | 0.11 | 0.11,0,0.61 | 0.86 | 1.11,0,3.61 | 4.63 | 6.60,18.974,0.000,0,1,0,0,0,0,-1,0,0,0,,0,,0,,0,0,0,1
1723314366,3843,8,8,8,8,32.562,0,0,0.11 | 0.11 | 0.11,0,0.61 | 0.86 | 1.11,0,3.61 | 4.63 | 6.60,18.974,0.000,0,1,0,0,0,0,-1,0,0,0,,0,,0,,0,0,0,1
1723314366,3843,8,8,8,8,32.562,0,0,0.11 | 0.11 | 0.11,0,0.61 | 0.86 | 1.11,0,3.61 | 4.63 | 6.60,18.974,0.000,0,1,0,0,0,0,-1,0,0,0,,0,,0,,0,0,0,1
1723314366,3843,8,8,8,8,32.562,0,0,0.11 | 0.11 | 0.11,0,0.61 | 0.86 | 1.11,0,3.61 | 4.63 | 6.60,18.974,0.000,0,1,0,0,0,0,-1,0,0,0,,0,,0,,0,0,0,1
1723314366,3843,8,8,8,8,32.562,0,0,0.11 | 0.11 | 0.11,0,0.61 | 0.86 | 1.11,0,3.61 | 4.63 | 6.60,18.974,0.000,0,1,0,0,0,0,-1,0,0,0,,0,,0,,0,0,0,1
1723314366,3843,8,8,8,8,32.562,0,0,0.11 | 0.11 | 0.11,0,0.61 | 0.86 | 1.11,0,3.61 | 4.63 | 6.60,18.974,0.000,0,1,0,0,0,0,-1,0,0,0,,0,,0,,0,0,0,1
1723314366,3843,8,8,8,8,32.562,0,0,0.11 | 0.11 | 0.11,0,0.61 | 0.86 | 1.11,0,3.61 | 4.63 | 6.60,18.974,0.000,0,1,0,0,0,0,-1,0,0,0,,0,,0,,0,0,0,1
1723314366,3843,8,8,8,8,31.5,0,0,0.11 | 0.11 | 0.11,0,0.61 | 0.86 | 1.11,0,3.61 | 4.63 | 6.60,18.974,0.000,0,1,0,0,0,0,-1,0,0,0,,0,,0,,0,0,0,1
1723314367,3843,8,8,8,8,31.5,0,0,0.11 | 0.11 | 0.11,0,0.61 | 0.86 | 1.11,0,3.61 | 4.63 | 6.60,18.974,0.000,0,1,0,0,0,0,-1,0,0,0,,0,,0,,0,0,0,1
1723314367,3843,8,8,8,8,31.5,0,0,0.11 | 0.11 | 0.11,0,0.61 | 0.86 | 1.11,0,3.61 | 4.63 | 6.60,18.974,0.000,0,1,0,0,0,0,-1,0,0,0,,0,,0,,0,0,0,1
1723314367,3843,8,8,8,8,31.5,0,0,0.11 | 0.11 | 0.11,0,0.61 | 0.86 | 1.11,0,3.61 | 4.63 | 6.60,18.974,0.000,0,1,0,0,0,0,-1,0,0,0,,0,,0,,0,0,0,1
1723314367,3843,8,8,8,8,31.5,0,0,0.11 | 0.11 | 0.11,0,0.61 | 0.86 | 1.11,0,3.61 | 4.63 | 6.60,18.974,0.000,0,1,0,0,0,0,-1,0,0,0,,0,,0,,0,0,0,1
1723314367,3843,8,8,8,8,31.5,0,0,0.11 | 0.11 | 0.11,0,0.61 | 0.86 | 1.11,0,3.61 | 4.63 | 6.60,18.974,0.000,0,1,0,0,0,0,-1,0,0,0,,0,,0,,0,0,0,1
1723314367,3843,8,8,8,8,31.5,0,0,0.11 | 0.11 | 0.11,0,0.61 | 0.86 | 1.11,0,3.61 | 4.63 | 6.60,18.974,0.000,0,1,0,0,0,0,-1,0,0,0,,0,,0,,0,0,0,1
1723314367,3843,8,8,8,8,31.5,0,0,0.11 | 0.11 | 0.11,0,0.61 | 0.86 | 1.11,0,3.61 | 4.63 | 6.60,18.974,0.000,0,1,0,0,0,0,-1,0,0,0,,0,,0,,0,0,0,1
1723314367,3843,8,8,8,8,31.5,0,0,0.11 | 0.11 | 0.11,0,0.61 | 0.86 | 1.11,0,3.61 | 4.63 | 6.60,18.974,0.000,0,1,0,0,0,0,-1,0,0,0,,0,,0,,0,0,0,1
1723314367,3843,8,8,8,8,31.5,0,0,0.11 | 0.11 | 0.11,0,0.61 | 0.86 | 1.11,0,3.61 | 4.63 | 6.60,18.974,0.000,0,1,0,0,0,0,-1,0,0,0,,0,,0,,0,0,0,1
1723314367,3843,8,8,8,8,30.437,0,0,0.11 | 0.11 | 0.11,0,0.61 | 0.86 | 1.11,0,3.61 | 4.63 | 6.60,18.974,0.000,0,1,0,0,0,0,-1,0,0,0,,0,,0,,0,0,0,1
1723314368,3843,8,8,8,8,30.437,0,0,0.11 | 0.11 | 0.11,0,0.61 | 0.86 | 1.11,0,3.61 | 4.63 | 6.60,18.974,0.000,0,1,0,0,0,0,-1,0,0,0,,0,,0,,0,0,0,1
1723314368,3843,8,8,8,8,30.437,0,0,0.11 | 0.11 | 0.11,0,0.61 | 0.86 | 1.11,0,3.61 | 4.63 | 6.60,18.974,0.000,0,1,0,0,0,0,-1,0,0,0,,0,,0,,0,0,0,1
1723314368,3843,8,8,8,8,30.437,0,0,0.11 | 0.11 | 0.11,0,0.61 | 0.86 | 1.11,0,3.61 | 4.63 | 6.60,18.974,0.000,0,1,0,0,0,0,-1,0,0,0,,0,,0,,0,0,0,1
1723314368,3843,8,8,8,8,30.437,0,0,0.11 | 0.11 | 0.11,0,0.61 | 0.86 | 1.11,0,3.61 | 4.63 | 6.60,18.974,0.000,0,1,0,0,0,0,-1,0,0,0,,0,,0,,0,0,0,1
1723314368,3843,8,8,8,8,30.437,0,0,0.11 | 0.11 | 0.11,0,0.61 | 0.86 | 1.11,0,3.61 | 4.63 | 6.60,18.974,0.000,0,1,0,0,0,0,-1,0,0,0,,0,,0,,0,0,0,1
1723314368,3843,8,8,8,8,30.437,0,0,0.11 | 0.11 | 0.11,0,0.61 | 0.86 | 1.11,0,3.61 | 4.63 | 6.60,18.974,0.000,0,1,0,0,0,0,-1,0,0,0,,0,,0,,0,0,0,1
1723314368,3843,8,8,8,8,30.437,0,0,0.11 | 0.11 | 0.11,0,0.61 | 0.86 | 1.11,0,3.61 | 4.63 | 6.60,18.974,0.000,0,1,0,0,0,0,-1,0,0,0,,0,,0,,0,0,0,1
1723314368,3843,8,8,8,8,30.437,0,0,0.11 | 0.11 | 0.11,0,0.61 | 0.86 | 1.11,0,3.61 | 4.63 | 6.60,18.974,0.000,0,1,0,0,0,0,-1,0,0,0,,0,,0,,0,0,0,1
1723314368,3843,8,8,8,8,30.437,0,0,0.11 | 0.11 | 0.11,0,0.61 | 0.86 | 1.11,0,3.61 | 4.63 | 6.60,18.974,0.000,0,1,0,0,0,0,-1,0,0,0,,0,,0,,0,0,0,1
1723314368,3843,8,8,8,8,29.375,0,0,0.11 | 0.11 | 0.11,0,0.61 | 0.86 | 1.11,0,3.61 | 4.63 | 6.60,18.974,0.000,0,1,0,0,0,0,-1,0,0,0,,0,,0,,0,0,0,1
1723314369,3843,8,8,8,8,29.375,0,0,0.11 | 0.11 | 0.11,0,0.61 | 0.86 | 1.11,0,3.61 | 4.63 | 6.60,18.974,0.000,0,1,0,0,0,0,-1,0,0,0,,0,,0,,0,0,0,1
1723314369,3843,8,8,8,8,29.375,0,0,0.11 | 0.11 | 0.11,0,0.61 | 0.86 | 1.11,0,3.61 | 4.63 | 6.60,18.974,0.000,0,1,0,0,0,0,-1,0,0,0,,0,,0,,0,0,0,1
1723314369,3843,8,8,8,8,29.375,0,0,0.11 | 0.11 | 0.11,0,0.61 | 0.86 | 1.11,0,3.61 | 4.63 | 6.60,18.974,0.000,0,1,0,0,0,0,-1,0,0,0,,0,,0,,0,0,0,1
1723314369,3843,8,8,8,8,29.375,0,0,0.11 | 0.11 | 0.11,0,0.61 | 0.86 | 1.11,0,3.61 | 4.63 | 6.60,18.974,0.000,0,1,0,0,0,0,-1,0,0,0,,0,,0,,0,0,0,1
1723314369,3843,8,8,8,8,29.375,0,0,0.11 | 0.11 | 0.11,0,0.61 | 0.86 | 1.11,0,3.61 | 4.63 | 6.60,18.974,0.000,0,1,0,0,0,0,-1,0,0,0,,0,,0,,0,0,0,1
1723314369,3843,8,8,8,8,29.375,0,0,0.11 | 0.11 | 0.11,0,0.61 | 0.86 | 1.11,0,3.61 | 4.63 | 6.60,18.974,0.000,0,1,0,0,0,0,-1,0,0,0,,0,,0,,0,0,0,1
1723314369,3843,8,8,8,8,29.375,0,0,0.11 | 0.11 | 0.11,0,0.61 | 0.86 | 1.11,0,3.61 | 4.63 | 6.60,18.974,0.000,0,1,0,0,0,0,-1,0,0,0,,0,,0,,0,0,0,1
1723314369,3843,8,8,8,8,29.375,0,0,0.11 | 0.11 | 0.11,0,0.61 | 0.86 | 1.11,0,3.61 | 4.63 | 6.60,18.974,0.000,0,1,0,0,0,0,-1,0,0,0,,0,,0,,0,0,0,1
1723314369,3843,8,8,8,8,29.375,0,0,0.11 | 0.11 | 0.11,0,0.61 | 0.86 | 1.11,0,3.61 | 4.63 | 6.60,18.974,0.000,0,1,0,0,0,0,-1,0,0,0,,0,,0,,0,0,0,1
1723314369,3843,8,8,8,8,31.778,0,0,0.11 | 0.11 | 0.11,0,0.57 | 0.82 | 1.11,0,3.61 | 4.90 | 6.96,18.960,0.000,0,1,0,0,0,0,-1,0,0,0,,0,,0,,0,0,0,1
1723314370,3843,8,8,8,8,31.778,0,0,0.11 | 0.11 | 0.11,0,0.57 | 0.82 | 1.11,0,3.61 | 4.90 | 6.96,18.960,0.000,0,1,0,0,0,0,-1,0,0,0,,0,,0,,0,0,0,1
1723314370,3843,8,8,8,8,31.778,0,0,0.11 | 0.11 | 0.11,0,0.57 | 0.82 | 1.11,0,3.61 | 4.90 | 6.96,18.960,0.000,0,1,0,0,0,0,-1,0,0,0,,0,,0,,0,0,0,1
1723314370,3843,8,8,8,8,31.778,0,0,0.11 | 0.11 | 0.11,0,0.57 | 0.82 | 1.11,0,3.61 | 4.90 | 6.96,18.960,0.000,0,1,0,0,0,0,-1,0,0,0,,0,,0,,0,0,0,1
1723314370,3843,8,8,8,8,31.778,0,0,0.11 | 0.11 | 0.11,0,0.57 | 0.82 | 1.11,0,3.61 | 4.90 | 6.96,18.960,0.000,0,1,0,0,0,0,-1,0,0,0,,0,,0,,0,0,0,1
1723314370,3843,8,8,8,8,31.778,0,0,0.11 | 0.11 | 0.11,0,0.57 | 0.82 | 1.11,0,3.61 | 4.90 | 6.96,18.960,0.000,0,1,0,0,0,0,-1,0,0,0,,0,,0,,0,0,0,1
1723314370,3843,8,8,8,8,31.778,0,0,0.11 | 0.11 | 0.11,0,0.57 | 0.82 | 1.11,0,3.61 | 4.90 | 6.96,18.960,0.000,0,1,0,0,0,0,-1,0,0,0,,0,,0,,0,0,0,1
1723314370,3843,8,8,8,8,31.778,0,0,0.11 | 0.11 | 0.11,0,0.57 | 0.82 | 1.11,0,3.61 | 4.90 | 6.96,18.960,0.000,0,1,0,0,0,0,-1,0,0,0,,0,,0,,0,0,0,1
1723314370,3843,8,8,8,8,31.778,0,0,0.11 | 0.11 | 0.11,0,0.57 | 0.82 | 1.11,0,3.61 | 4.90 | 6.96,18.960,0.000,0,1,0,0,0,0,-1,0,0,0,,0,,0,,0,0,0,1
1723314370,3843,8,8,8,8,31.778,0,0,0.11 | 0.11 | 0.11,0,0.57 | 0.82 | 1.11,0,3.61 | 4.90 | 6.96,18.960,0.000,0,1,0,0,0,0,-1,0,0,0,,0,,0,,0,0,0,1
1723314370,3843,8,8,8,8,30.715,0,0,0.11 | 0.11 | 0.11,0,0.57 | 0.82 | 1.11,0,3.61 | 4.90 | 6.96,18.960,0.000,0,1,0,0,0,0,-1,0,0,0,,0,,0,,0,0,0,1
1723314371,3843,8,8,8,8,30.715,0,0,0.11 | 0.11 | 0.11,0,0.57 | 0.82 | 1.11,0,3.61 | 4.90 | 6.96,18.960,0.000,0,1,0,0,0,0,-1,0,0,0,,0,,0,,0,0,0,1
1723314371,3843,8,8,8,8,30.715,0,0,0.11 | 0.11 | 0.11,0,0.57 | 0.82 | 1.11,0,3.61 | 4.90 | 6.96,18.960,0.000,0,1,0,0,0,0,-1,0,0,0,,0,,0,,0,0,0,1
1723314371,3843,8,8,8,8,30.715,0,0,0.11 | 0.11 | 0.11,0,0.57 | 0.82 | 1.11,0,3.61 | 4.90 | 6.96,18.960,0.000,0,1,0,0,0,0,-1,0,0,0,,0,,0,,0,0,0,1
1723314371,3843,8,8,8,8,30.715,0,0,0.11 | 0.11 | 0.11,0,0.57 | 0.82 | 1.11,0,3.61 | 4.90 | 6.96,18.960,0.000,0,1,0,0,0,0,-1,0,0,0,,0,,0,,0,0,0,1
1723314371,3843,8,8,8,8,30.715,0,0,0.11 | 0.11 | 0.11,0,0.57 | 0.82 | 1.11,0,3.61 | 4.90 | 6.96,18.960,0.000,0,1,0,0,0,0,-1,0,0,0,,0,,0,,0,0,0,1
1723314371,3843,8,8,8,8,30.715,0,0,0.11 | 0.11 | 0.11,0,0.57 | 0.82 | 1.11,0,3.61 | 4.90 | 6.96,18.960,0.000,0,1,0,0,0,0,-1,0,0,0,,0,,0,,0,0,0,1
1723314371,3843,8,8,8,8,30.715,0,0,0.11 | 0.11 | 0.11,0,0.57 | 0.82 | 1.11,0,3.61 | 4.90 | 6.96,18.960,0.000,0,1,0,0,0,0,-1,0,0,0,,0,,0,,0,0,0,1
1723314371,3843,8,8,8,8,30.715,0,0,0.11 | 0.11 | 0.11,0,0.57 | 0.82 | 1.11,0,3.61 | 4.90 | 6.96,18.960,0.000,0,1,0,0,0,0,-1,0,0,0,,0,,0,,0,0,0,1
1723314371,3843,8,8,8,8,30.715,0,0,0.11 | 0.11 | 0.11,0,0.57 | 0.82 | 1.11,0,3.61 | 4.90 | 6.96,18.960,0.000,0,1,0,0,0,0,-1,0,0,0,,0,,0,,0,0,0,1
1723314371,3843,8,8,8,8,29.653,0,0,0.11 | 0.11 | 0.11,0,0.57 | 0.82 | 1.11,0,3.61 | 4.90 | 6.96,18.960,0.000,0,1,0,0,0,0,-1,0,0,0,,0,,0,,0,0,0,1
1723314372,3843,8,8,8,8,29.653,0,0,0.11 | 0.11 | 0.11,0,0.57 | 0.82 | 1.11,0,3.61 | 4.90 | 6.96,18.960,0.000,0,1,0,0,0,0,-1,0,0,0,,0,,0,,0,0,0,1
1723314372,3843,8,8,8,8,29.653,0,0,0.11 | 0.11 | 0.11,0,0.57 | 0.82 | 1.11,0,3.61 | 4.90 | 6.96,18.960,0.000,0,1,0,0,0,0,-1,0,0,0,,0,,0,,0,0,0,1
1723314372,3843,8,8,8,8,29.653,0,0,0.11 | 0.11 | 0.11,0,0.57 | 0.82 | 1.11,0,3.61 | 4.90 | 6.96,18.960,0.000,0,1,0,0,0,0,-1,0,0,0,,0,,0,,0,0,0,1
1723314372,3843,8,8,8,8,29.653,0,0,0.11 | 0.11 | 0.11,0,0.57 | 0.82 | 1.11,0,3.61 | 4.90 | 6.96,18.960,0.000,0,1,0,0,0,0,-1,0,0,0,,0,,0,,0,0,0,1
1723314372,3843,8,8,8,8,29.653,0,0,0.11 | 0.11 | 0.11,0,0.57 | 0.82 | 1.11,0,3.61 | 4.90 | 6.96,18.960,0.000,0,1,0,0,0,0,-1,0,0,0,,0,,0,,0,0,0,1
1723314372,3843,8,8,8,8,29.653,0,0,0.11 | 0.11 | 0.11,0,0.57 | 0.82 | 1.11,0,3.61 | 4.90 | 6.96,18.960,0.000,0,1,0,0,0,0,-1,0,0,0,,0,,0,,0,0,0,1
1723314372,3843,8,8,8,8,29.653,0,0,0.11 | 0.11 | 0.11,0,0.57 | 0.82 | 1.11,0,3.61 | 4.90 | 6.96,18.960,0.000,0,1,0,0,0,0,-1,0,0,0,,0,,0,,0,0,0,1
1723314372,3843,8,8,8,8,29.653,0,0,0.11 | 0.11 | 0.11,0,0.57 | 0.82 | 1.11,0,3.61 | 4.90 | 6.96,18.960,0.000,0,1,0,0,0,0,-1,0,0,0,,0,,0,,0,0,0,1
1723314372,3843,8,8,8,8,29.653,0,0,0.11 | 0.11 | 0.11,0,0.57 | 0.82 | 1.11,0,3.61 | 4.90 | 6.96,18.960,0.000,0,1,0,0,0,0,-1,0,0,0,,0,,0,,0,0,0,1
1723314372,3843,8,8,8,8,28.557,0,0,0.11 | 0.11 | 0.11,0,0.57 | 0.82 | 1.11,0,3.61 | 4.90 | 6.96,18.960,0.000,0,1,0,0,0,0,-1,0,0,0,,0,,0,,0,0,0,1
1723314373,3843,8,8,8,8,28.557,0,0,0.11 | 0.11 | 0.11,0,0.57 | 0.82 | 1.11,0,3.61 | 4.90 | 6.96,18.960,0.000,0,1,0,0,0,0,-1,0,0,0,,0,,0,,0,0,0,1
1723314373,3843,8,8,8,8,28.557,0,0,0.11 | 0.11 | 0.11,0,0.57 | 0.82 | 1.11,0,3.61 | 4.90 | 6.96,18.960,0.000,0,1,0,0,0,0,-1,0,0,0,,0,,0,,0,0,0,1
1723314373,3843,8,8,8,8,28.557,0,0,0.11 | 0.11 | 0.11,0,0.57 | 0.82 | 1.11,0,3.61 | 4.90 | 6.96,18.960,0.000,0,1,0,0,0,0,-1,0,0,0,,0,,0,,0,0,0,1
1723314373,3843,8,8,8,8,28.557,0,0,0.11 | 0.11 | 0.11,0,0.57 | 0.82 | 1.11,0,3.61 | 4.90 | 6.96,18.960,0.000,0,1,0,0,0,0,-1,0,0,0,,0,,0,,0,0,0,1
1723314373,3843,8,8,8,8,28.557,0,0,0.11 | 0.11 | 0.11,0,0.57 | 0.82 | 1.11,0,3.61 | 4.90 | 6.96,18.960,0.000,0,1,0,0,0,0,-1,0,0,0,,0,,0,,0,0,0,1
1723314373,3843,8,8,8,8,28.557,0,0,0.11 | 0.11 | 0.11,0,0.57 | 0.82 | 1.11,0,3.61 | 4.90 | 6.96,18.960,0.000,0,1,0,0,0,0,-1,0,0,0,,0,,0,,0,0,0,1
1723314373,3843,8,8,8,8,28.557,0,0,0.11 | 0.11 | 0.11,0,0.57 | 0.82 | 1.11,0,3.61 | 4.90 | 6.96,18.960,0.000,0,1,0,0,0,0,-1,0,0,0,,0,,0,,0,0,0,1
1723314373,3843,8,8,8,8,28.557,0,0,0.11 | 0.11 | 0.11,0,0.57 | 0.82 | 1.11,0,3.61 | 4.90 | 6.96,18.960,0.000,0,1,0,0,0,0,-1,0,0,0,,0,,0,,0,0,0,1
1723314373,3843,8,8,8,8,28.557,0,0,0.11 | 0.11 | 0.11,0,0.57 | 0.82 | 1.11,0,3.61 | 4.90 | 6.96,18.960,0.000,0,1,0,0,0,0,-1,0,0,0,,0,,0,,0,0,0,1
1723314373,3843,8,8,8,8,32.593,0,0,0.11 | 0.11 | 0.11,0,0.57 | 0.79 | 1.01,0,3.96 | 5.05 | 6.96,18.969,0.000,0,1,0,0,0,0,-1,0,0,0,,0,,0,,0,0,0,1
1723314374,3843,8,8,8,8,32.593,0,0,0.11 | 0.11 | 0.11,0,0.57 | 0.79 | 1.01,0,3.96 | 5.05 | 6.96,18.969,0.000,0,1,0,0,0,0,-1,0,0,0,,0,,0,,0,0,0,1
1723314374,3843,8,8,8,8,32.593,0,0,0.11 | 0.11 | 0.11,0,0.57 | 0.79 | 1.01,0,3.96 | 5.05 | 6.96,18.969,0.000,0,1,0,0,0,0,-1,0,0,0,,0,,0,,0,0,0,1
1723314374,3843,8,8,8,8,32.593,0,0,0.11 | 0.11 | 0.11,0,0.57 | 0.79 | 1.01,0,3.96 | 5.05 | 6.96,18.969,0.000,0,1,0,0,0,0,-1,0,0,0,,0,,0,,0,0,0,1
1723314374,3843,8,8,8,8,32.593,0,0,0.11 | 0.11 | 0.11,0,0.57 | 0.79 | 1.01,0,3.96 | 5.05 | 6.96,18.969,0.000,0,1,0,0,0,0,-1,0,0,0,,0,,0,,0,0,0,1
1723314374,3843,8,8,8,8,32.593,0,0,0.11 | 0.11 | 0.11,0,0.57 | 0.79 | 1.01,0,3.96 | 5.05 | 6.96,18.969,0.000,0,1,0,0,0,0,-1,0,0,0,,0,,0,,0,0,0,1
1723314374,3843,8,8,8,8,32.593,0,0,0.11 | 0.11 | 0.11,0,0.57 | 0.79 | 1.01,0,3.96 | 5.05 | 6.96,18.969,0.000,0,1,0,0,0,0,-1,0,0,0,,0,,0,,0,0,0,1
1723314374,3843,8,8,8,8,32.593,0,0,0.11 | 0.11 | 0.11,0,0.57 | 0.79 | 1.01,0,3.96 | 5.05 | 6.96,18.969,0.000,0,1,0,0,0,0,-1,0,0,0,,0,,0,,0,0,0,1
1723314374,3843,8,8,8,8,32.593,0,0,0.11 | 0.11 | 0.11,0,0.57 | 0.79 | 1.01,0,3.96 | 5.05 | 6.96,18.969,0.000,0,1,0,0,0,0,-1,0,0,0,,0,,0,,0,0,0,1
1723314374,3843,8,8,8,8,32.593,0,0,0.11 | 0.11 | 0.11,0,0.57 | 0.79 | 1.01,0,3.96 | 5.05 | 6.96,18.969,0.000,0,1,0,0,0,0,-1,0,0,0,,0,,0,,0,0,0,1
1723314374,3843,8,8,8,8,31.531,0,0,0.11 | 0.11 | 0.11,0,0.57 | 0.79 | 1.01,0,3.96 | 5.05 | 6.96,18.969,0.000,0,1,0,0,0,0,-1,0,0,0,,0,,0,,0,0,0,1
1723314375,3843,8,8,8,8,31.531,0,0,0.11 | 0.11 | 0.11,0,0.57 | 0.79 | 1.01,0,3.96 | 5.05 | 6.96,18.969,0.000,0,1,0,0,0,0,-1,0,0,0,,0,,0,,0,0,0,1
1723314375,3843,8,8,8,8,31.531,0,0,0.11 | 0.11 | 0.11,0,0.57 | 0.79 | 1.01,0,3.96 | 5.05 | 6.96,18.969,0.000,0,1,0,0,0,0,-1,0,0,0,,0,,0,,0,0,0,1
1723314375,3843,8,8,8,8,31.531,0,0,0.11 | 0.11 | 0.11,0,0.57 | 0.79 | 1.01,0,3.96 | 5.05 | 6.96,18.969,0.000,0,1,0,0,0,0,-1,0,0,0,,0,,0,,0,0,0,1
1723314375,3843,8,8,8,8,31.531,0,0,0.11 | 0.11 | 0.11,0,0.57 | 0.79 | 1.01,0,3.96 | 5.05 | 6.96,18.969,0.000,0,1,0,0,0,0,-1,0,0,0,,0,,0,,0,0,0,1
1723314375,3843,8,8,8,8,31.531,0,0,0.11 | 0.11 | 0.11,0,0.57 | 0.79 | 1.01,0,3.96 | 5.05 | 6.96,18.969,0.000,0,1,0,0,0,0,-1,0,0,0,,0,,0,,0,0,0,1
1723314375,3843,8,8,8,8,31.531,0,0,0.11 | 0.11 | 0.11,0,0.57 | 0.79 | 1.01,0,3.96 | 5.05 | 6.96,18.969,0.000,0,1,0,0,0,0,-1,0,0,0,,0,,0,,0,0,0,1
1723314375,3843,8,8,8,8,31.531,0,0,0.11 | 0.11 | 0.11,0,0.57 | 0.79 | 1.01,0,3.96 | 5.05 | 6.96,18.969,0.000,0,1,0,0,0,0,-1,0,0,0,,0,,0,,0,0,0,1
1723314375,3843,8,8,8,8,31.531,0,0,0.11 | 0.11 | 0.11,0,0.57 | 0.79 | 1.01,0,3.96 | 5.05 | 6.96,18.969,0.000,0,1,0,0,0,0,-1,0,0,0,,0,,0,,0,0,0,1
1723314375,3843,8,8,8,8,31.531,0,0,0.11 | 0.11 | 0.11,0,0.57 | 0.79 | 1.01,0,3.96 | 5.05 | 6.96,18.969,0.000,0,1,0,0,0,0,-1,0,0,0,,0,,0,,0,0,0,1
1723314375,3843,8,8,8,8,30.468,0,0,0.11 | 0.11 | 0.11,0,0.57 | 0.79 | 1.01,0,3.96 | 5.05 | 6.96,18.969,0.000,0,1,0,0,0,0,-1,0,0,0,,0,,0,,0,0,0,1
1723314376,3843,8,8,8,8,30.468,0,0,0.11 | 0.11 | 0.11,0,0.57 | 0.79 | 1.01,0,3.96 | 5.05 | 6.96,18.969,0.000,0,1,0,0,0,0,-1,0,0,0,,0,,0,,0,0,0,1
1723314376,3843,8,8,8,8,30.468,0,0,0.11 | 0.11 | 0.11,0,0.57 | 0.79 | 1.01,0,3.96 | 5.05 | 6.96,18.969,0.000,0,1,0,0,0,0,-1,0,0,0,,0,,0,,0,0,0,1
1723314376,3843,8,8,8,8,30.468,0,0,0.11 | 0.11 | 0.11,0,0.57 | 0.79 | 1.01,0,3.96 | 5.05 | 6.96,18.969,0.000,0,1,0,0,0,0,-1,0,0,0,,0,,0,,0,0,0,1
1723314376,3843,8,8,8,8,30.468,0,0,0.11 | 0.11 | 0.11,0,0.57 | 0.79 | 1.01,0,3.96 | 5.05 | 6.96,18.969,0.000,0,1,0,0,0,0,-1,0,0,0,,0,,0,,0,0,0,1
1723314376,3843,8,8,8,8,30.468,0,0,0.11 | 0.11 | 0.11,0,0.57 | 0.79 | 1.01,0,3.96 | 5.05 | 6.96,18.969,0.000,0,1,0,0,0,0,-1,0,0,0,,0,,0,,0,0,0,1
1723314376,3843,8,8,8,8,30.468,0,0,0.11 | 0.11 | 0.11,0,0.57 | 0.79 | 1.01,0,3.96 | 5.05 | 6.96,18.969,0.000,0,1,0,0,0,0,-1,0,0,0,,0,,0,,0,0,0,1
1723314376,3843,8,8,8,8,30.468,0,0,0.11 | 0.11 | 0.11,0,0.57 | 0.79 | 1.01,0,3.96 | 5.05 | 6.96,18.969,0.000,0,1,0,0,0,0,-1,0,0,0,,0,,0,,0,0,0,1
1723314376,3843,8,8,8,8,30.468,0,0,0.11 | 0.11 | 0.11,0,0.57 | 0.79 | 1.01,0,3.96 | 5.05 | 6.96,18.969,0.000,0,1,0,0,0,0,-1,0,0,0,,0,,0,,0,0,0,1
1723314376,3843,8,8,8,8,30.468,0,0,0.11 | 0.11 | 0.11,0,0.57 | 0.79 | 1.01,0,3.96 | 5.05 | 6.96,18.969,0.000,0,1,0,0,0,0,-1,0,0,0,,0,,0,,0,0,0,1
1723314376,3843,8,8,8,8,29.406,0,0,0.11 | 0.11 | 0.11,0,0.57 | 0.79 | 1.01,0,3.96 | 5.05 | 6.96,18.969,0.000,0,1,0,0,0,0,-1,0,0,0,,0,,0,,0,0,0,1
1723314377,3843,8,8,8,8,29.406,0,0,0.11 | 0.11 | 0.11,0,0.57 | 0.79 | 1.01,0,3.96 | 5.05 | 6.96,18.969,0.000,0,1,0,0,0,0,-1,0,0,0,,0,,0,,0,0,0,1
1723314377,3843,8,8,8,8,29.406,0,0,0.11 | 0.11 | 0.11,0,0.57 | 0.79 | 1.01,0,3.96 | 5.05 | 6.96,18.969,0.000,0,1,0,0,0,0,-1,0,0,0,,0,,0,,0,0,0,1
1723314377,3843,8,8,8,8,29.406,0,0,0.11 | 0.11 | 0.11,0,0.57 | 0.79 | 1.01,0,3.96 | 5.05 | 6.96,18.969,0.000,0,1,0,0,0,0,-1,0,0,0,,0,,0,,0,0,0,1
1723314377,3843,8,8,8,8,29.406,0,0,0.11 | 0.11 | 0.11,0,0.57 | 0.79 | 1.01,0,3.96 | 5.05 | 6.96,18.969,0.000,0,1,0,0,0,0,-1,0,0,0,,0,,0,,0,0,0,1
1723314377,3843,8,8,8,8,29.406,0,0,0.11 | 0.11 | 0.11,0,0.57 | 0.79 | 1.01,0,3.96 | 5.05 | 6.96,18.969,0.000,0,1,0,0,0,0,-1,0,0,0,,0,,0,,0,0,0,1
1723314377,3843,8,8,8,8,29.406,0,0,0.11 | 0.11 | 0.11,0,0.57 | 0.79 | 1.01,0,3.96 | 5.05 | 6.96,18.969,0.000,0,1,0,0,0,0,-1,0,0,0,,0,,0,,0,0,0,1
1723314377,3843,8,8,8,8,29.406,0,0,0.11 | 0.11 | 0.11,0,0.57 | 0.79 | 1.01,0,3.96 | 5.05 | 6.96,18.969,0.000,0,1,0,0,0,0,-1,0,0,0,,0,,0,,0,0,0,1
1723314377,3843,8,8,8,8,29.406,0,0,0.11 | 0.11 | 0.11,0,0.57 | 0.79 | 1.01,0,3.96 | 5.05 | 6.96,18.969,0.000,0,1,0,0,0,0,-1,0,0,0,,0,,0,,0,0,0,1
1723314377,3843,8,8,8,8,29.406,0,0,0.11 | 0.11 | 0.11,0,0.57 | 0.79 | 1.01,0,3.96 | 5.05 | 6.96,18.969,0.000,0,1,0,0,0,0,-1,0,0,0,,0,,0,,0,0,0,1
1723314377,3843,8,8,8,8,31.809,0,0,0.11 | 0.11 | 0.11,0,0.57 | 0.82 | 1.01,0,3.96 | 4.86 | 6.96,18.939,0.000,0,1,0,0,0,0,-1,0,0,0,,0,,0,,0,0,0,1
1723314378,3843,8,8,8,8,31.809,0,0,0.11 | 0.11 | 0.11,0,0.57 | 0.82 | 1.01,0,3.96 | 4.86 | 6.96,18.939,0.000,0,1,0,0,0,0,-1,0,0,0,,0,,0,,0,0,0,1
1723314378,3843,8,8,8,8,31.809,0,0,0.11 | 0.11 | 0.11,0,0.57 | 0.82 | 1.01,0,3.96 | 4.86 | 6.96,18.939,0.000,0,1,0,0,0,0,-1,0,0,0,,0,,0,,0,0,0,1
1723314378,3843,8,8,8,8,31.809,0,0,0.11 | 0.11 | 0.11,0,0.57 | 0.82 | 1.01,0,3.96 | 4.86 | 6.96,18.939,0.000,0,1,0,0,0,0,-1,0,0,0,,0,,0,,0,0,0,1
1723314378,3843,8,8,8,8,31.809,0,0,0.11 | 0.11 | 0.11,0,0.57 | 0.82 | 1.01,0,3.96 | 4.86 | 6.96,18.939,0.000,0,1,0,0,0,0,-1,0,0,0,,0,,0,,0,0,0,1
1723314378,3843,8,8,8,8,31.809,0,0,0.11 | 0.11 | 0.11,0,0.57 | 0.82 | 1.01,0,3.96 | 4.86 | 6.96,18.939,0.000,0,1,0,0,0,0,-1,0,0,0,,0,,0,,0,0,0,1
1723314378,3843,8,8,8,8,31.809,0,0,0.11 | 0.11 | 0.11,0,0.57 | 0.82 | 1.01,0,3.96 | 4.86 | 6.96,18.939,0.000,0,1,0,0,0,0,-1,0,0,0,,0,,0,,0,0,0,1
1723314378,3843,8,8,8,8,31.809,0,0,0.11 | 0.11 | 0.11,0,0.57 | 0.82 | 1.01,0,3.96 | 4.86 | 6.96,18.939,0.000,0,1,0,0,0,0,-1,0,0,0,,0,,0,,0,0,0,1
1723314378,3843,8,8,8,8,31.809,0,0,0.11 | 0.11 | 0.11,0,0.57 | 0.82 | 1.01,0,3.96 | 4.86 | 6.96,18.939,0.000,0,1,0,0,0,0,-1,0,0,0,,0,,0,,0,0,0,1
1723314378,3843,8,8,8,8,31.809,0,0,0.11 | 0.11 | 0.11,0,0.57 | 0.82 | 1.01,0,3.96 | 4.86 | 6.96,18.939,0.000,0,1,0,0,0,0,-1,0,0,0,,0,,0,,0,0,0,1
1723314378,3843,8,8,8,8,30.746,0,0,0.11 | 0.11 | 0.11,0,0.57 | 0.82 | 1.01,0,3.96 | 4.86 | 6.96,18.939,0.000,0,1,0,0,0,0,-1,0,0,0,,0,,0,,0,0,0,1
1723314379,3843,8,8,8,8,30.746,0,0,0.11 | 0.11 | 0.11,0,0.57 | 0.82 | 1.01,0,3.96 | 4.86 | 6.96,18.939,0.000,0,1,0,0,0,0,-1,0,0,0,,0,,0,,0,0,0,1
1723314379,3843,8,8,8,8,30.746,0,0,0.11 | 0.11 | 0.11,0,0.57 | 0.82 | 1.01,0,3.96 | 4.86 | 6.96,18.939,0.000,0,1,0,0,0,0,-1,0,0,0,,0,,0,,0,0,0,1
1723314379,3843,8,8,8,8,30.746,0,0,0.11 | 0.11 | 0.11,0,0.57 | 0.82 | 1.01,0,3.96 | 4.86 | 6.96,18.939,0.000,0,1,0,0,0,0,-1,0,0,0,,0,,0,,0,0,0,1
1723314379,3843,8,8,8,8,30.746,0,0,0.11 | 0.11 | 0.11,0,0.57 | 0.82 | 1.01,0,3.96 | 4.86 | 6.96,18.939,0.000,0,1,0,0,0,0,-1,0,0,0,,0,,0,,0,0,0,1
1723314379,3843,8,8,8,8,30.746,0,0,0.11 | 0.11 | 0.11,0,0.57 | 0.82 | 1.01,0,3.96 | 4.86 | 6.96,18.939,0.000,0,1,0,0,0,0,-1,0,0,0,,0,,0,,0,0,0,1
1723314379,3843,8,8,8,8,30.746,0,0,0.11 | 0.11 | 0.11,0,0.57 | 0.82 | 1.01,0,3.96 | 4.86 | 6.96,18.939,0.000,0,1,0,0,0,0,-1,0,0,0,,0,,0,,0,0,0,1
1723314379,3843,8,8,8,8,30.746,0,0,0.11 | 0.11 | 0.11,0,0.57 | 0.82 | 1.01,0,3.96 | 4.86 | 6.96,18.939,0.000,0,1,0,0,0,0,-1,0,0,0,,0,,0,,0,0,0,1
1723314379,3843,8,8,8,8,30.746,0,0,0.11 | 0.11 | 0.11,0,0.57 | 0.82 | 1.01,0,3.96 | 4.86 | 6.96,18.939,0.000,0,1,0,0,0,0,-1,0,0,0,,0,,0,,0,0,0,1
1723314379,3843,8,8,8,8,30.746,0,0,0.11 | 0.11 | 0.11,0,0.57 | 0.82 | 1.01,0,3.96 | 4.86 | 6.96,18.939,0.000,0,1,0,0,0,0,-1,0,0,0,,0,,0,,0,0,0,1
1723314379,3843,8,8,8,8,29.684,0,0,0.11 | 0.11 | 0.11,0,0.57 | 0.82 | 1.01,0,3.96 | 4.86 | 6.96,18.939,0.000,0,1,0,0,0,0,-1,0,0,0,,0,,0,,0,0,0,1
1723314380,3843,8,8,8,8,29.684,0,0,0.11 | 0.11 | 0.11,0,0.57 | 0.82 | 1.01,0,3.96 | 4.86 | 6.96,18.939,0.000,0,1,0,0,0,0,-1,0,0,0,,0,,0,,0,0,0,1
1723314380,3843,8,8,8,8,29.684,0,0,0.11 | 0.11 | 0.11,0,0.57 | 0.82 | 1.01,0,3.96 | 4.86 | 6.96,18.939,0.000,0,1,0,0,0,0,-1,0,0,0,,0,,0,,0,0,0,1
1723314380,3843,8,8,8,8,29.684,0,0,0.11 | 0.11 | 0.11,0,0.57 | 0.82 | 1.01,0,3.96 | 4.86 | 6.96,18.939,0.000,0,1,0,0,0,0,-1,0,0,0,,0,,0,,0,0,0,1
1723314380,3843,8,8,8,8,29.684,0,0,0.11 | 0.11 | 0.11,0,0.57 | 0.82 | 1.01,0,3.96 | 4.86 | 6.96,18.939,0.000,0,1,0,0,0,0,-1,0,0,0,,0,,0,,0,0,0,1
1723314380,3843,8,8,8,8,29.684,0,0,0.11 | 0.11 | 0.11,0,0.57 | 0.82 | 1.01,0,3.96 | 4.86 | 6.96,18.939,0.000,0,1,0,0,0,0,-1,0,0,0,,0,,0,,0,0,0,1
1723314380,3843,8,8,8,8,29.684,0,0,0.11 | 0.11 | 0.11,0,0.57 | 0.82 | 1.01,0,3.96 | 4.86 | 6.96,18.939,0.000,0,1,0,0,0,0,-1,0,0,0,,0,,0,,0,0,0,1
1723314380,3843,8,8,8,8,29.684,0,0,0.11 | 0.11 | 0.11,0,0.57 | 0.82 | 1.01,0,3.96 | 4.86 | 6.96,18.939,0.000,0,1,0,0,0,0,-1,0,0,0,,0,,0,,0,0,0,1
1723314380,3843,8,8,8,8,29.684,0,0,0.11 | 0.11 | 0.11,0,0.57 | 0.82 | 1.01,0,3.96 | 4.86 | 6.96,18.939,0.000,0,1,0,0,0,0,-1,0,0,0,,0,,0,,0,0,0,1
1723314380,3843,8,8,8,8,29.684,0,0,0.11 | 0.11 | 0.11,0,0.57 | 0.82 | 1.01,0,3.96 | 4.86 | 6.96,18.939,0.000,0,1,0,0,0,0,-1,0,0,0,,0,,0,,0,0,0,1
1723314380,3843,8,8,8,8,28.621,0,0,0.11 | 0.11 | 0.11,0,0.57 | 0.82 | 1.01,0,3.96 | 4.86 | 6.96,18.939,0.000,0,1,0,0,0,0,-1,0,0,0,,0,,0,,0,0,0,1
1723314381,3843,8,8,8,8,28.621,0,0,0.11 | 0.11 | 0.11,0,0.57 | 0.82 | 1.01,0,3.96 | 4.86 | 6.96,18.939,0.000,0,1,0,0,0,0,-1,0,0,0,,0,,0,,0,0,0,1
1723314381,3843,8,8,8,8,28.621,0,0,0.11 | 0.11 | 0.11,0,0.57 | 0.82 | 1.01,0,3.96 | 4.86 | 6.96,18.939,0.000,0,1,0,0,0,0,-1,0,0,0,,0,,0,,0,0,0,1
1723314381,3843,8,8,8,8,28.621,0,0,0.11 | 0.11 | 0.11,0,0.57 | 0.82 | 1.01,0,3.96 | 4.86 | 6.96,18.939,0.000,0,1,0,0,0,0,-1,0,0,0,,0,,0,,0,0,0,1
1723314381,3843,8,8,8,8,28.621,0,0,0.11 | 0.11 | 0.11,0,0.57 | 0.82 | 1.01,0,3.96 | 4.86 | 6.96,18.939,0.000,0,1,0,0,0,0,-1,0,0,0,,0,,0,,0,0,0,1
1723314381,3843,8,8,8,8,28.621,0,0,0.11 | 0.11 | 0.11,0,0.57 | 0.82 | 1.01,0,3.96 | 4.86 | 6.96,18.939,0.000,0,1,0,0,0,0,-1,0,0,0,,0,,0,,0,0,0,1
1723314381,3843,8,8,8,8,28.621,0,0,0.11 | 0.11 | 0.11,0,0.57 | 0.82 | 1.01,0,3.96 | 4.86 | 6.96,18.939,0.000,0,1,0,0,0,0,-1,0,0,0,,0,,0,,0,0,0,1
1723314381,3843,8,8,8,8,28.621,0,0,0.11 | 0.11 | 0.11,0,0.57 | 0.82 | 1.01,0,3.96 | 4.86 | 6.96,18.939,0.000,0,1,0,0,0,0,-1,0,0,0,,0,,0,,0,0,0,1
1723314381,3843,8,8,8,8,28.621,0,0,0.11 | 0.11 | 0.11,0,0.57 | 0.82 | 1.01,0,3.96 | 4.86 | 6.96,18.939,0.000,0,1,0,0,0,0,-1,0,0,0,,0,,0,,0,0,0,1
1723314381,3843,8,8,8,8,28.621,0,0,0.11 | 0.11 | 0.11,0,0.57 | 0.82 | 1.01,0,3.96 | 4.86 | 6.96,18.939,0.000,0,1,0,0,0,0,-1,0,0,0,,0,,0,,0,0,0,1
1723314381,3843,8,8,8,8,32.604,0,0,0.11 | 0.11 | 0.11,0,0.57 | 0.84 | 1.05,0,3.82 | 4.76 | 6.96,18.934,0.000,0,1,0,0,0,0,-1,0,0,0,,0,,0,,0,0,0,1
1723314382,3843,8,8,8,8,32.604,0,0,0.11 | 0.11 | 0.11,0,0.57 | 0.84 | 1.05,0,3.82 | 4.76 | 6.96,18.934,0.000,0,1,0,0,0,0,-1,0,0,0,,0,,0,,0,0,0,1
1723314382,3843,8,8,8,8,32.604,0,0,0.11 | 0.11 | 0.11,0,0.57 | 0.84 | 1.05,0,3.82 | 4.76 | 6.96,18.934,0.000,0,1,0,0,0,0,-1,0,0,0,,0,,0,,0,0,0,1
1723314382,3843,8,8,8,8,32.604,0,0,0.11 | 0.11 | 0.11,0,0.57 | 0.84 | 1.05,0,3.82 | 4.76 | 6.96,18.934,0.000,0,1,0,0,0,0,-1,0,0,0,,0,,0,,0,0,0,1
1723314382,3843,8,8,8,8,32.604,0,0,0.11 | 0.11 | 0.11,0,0.57 | 0.84 | 1.05,0,3.82 | 4.76 | 6.96,18.934,0.000,0,1,0,0,0,0,-1,0,0,0,,0,,0,,0,0,0,1
1723314382,3843,8,8,8,8,32.604,0,0,0.11 | 0.11 | 0.11,0,0.57 | 0.84 | 1.05,0,3.82 | 4.76 | 6.96,18.934,0.000,0,1,0,0,0,0,-1,0,0,0,,0,,0,,0,0,0,1
1723314382,3843,8,8,8,8,32.604,0,0,0.11 | 0.11 | 0.11,0,0.57 | 0.84 | 1.05,0,3.82 | 4.76 | 6.96,18.934,0.000,0,1,0,0,0,0,-1,0,0,0,,0,,0,,0,0,0,1
1723314382,3843,8,8,8,8,32.604,0,0,0.11 | 0.11 | 0.11,0,0.57 | 0.84 | 1.05,0,3.82 | 4.76 | 6.96,18.934,0.000,0,1,0,0,0,0,-1,0,0,0,,0,,0,,0,0,0,1
1723314382,3843,8,8,8,8,32.604,0,0,0.11 | 0.11 | 0.11,0,0.57 | 0.84 | 1.05,0,3.82 | 4.76 | 6.96,18.934,0.000,0,1,0,0,0,0,-1,0,0,0,,0,,0,,0,0,0,1
1723314382,3843,8,8,8,8,32.604,0,0,0.11 | 0.11 | 0.11,0,0.57 | 0.84 | 1.05,0,3.82 | 4.76 | 6.96,18.934,0.000,0,1,0,0,0,0,-1,0,0,0,,0,,0,,0,0,0,1
1723314382,3843,8,8,8,8,31.358,0,0,0.11 | 0.11 | 0.11,0,0.57 | 0.84 | 1.05,0,3.82 | 4.76 | 6.96,18.934,0.000,0,1,0,0,0,0,-1,0,0,0,,0,,0,,0,0,0,1
1723314383,3843,8,8,8,8,31.358,0,0,0.11 | 0.11 | 0.11,0,0.57 | 0.84 | 1.05,0,3.82 | 4.76 | 6.96,18.934,0.000,0,1,0,0,0,0,-1,0,0,0,,0,,0,,0,0,0,1
1723314383,3843,8,8,8,8,31.358,0,0,0.11 | 0.11 | 0.11,0,0.57 | 0.84 | 1.05,0,3.82 | 4.76 | 6.96,18.934,0.000,0,1,0,0,0,0,-1,0,0,0,,0,,0,,0,0,0,1
1723314383,3843,8,8,8,8,31.358,0,0,0.11 | 0.11 | 0.11,0,0.57 | 0.84 | 1.05,0,3.82 | 4.76 | 6.96,18.934,0.000,0,1,0,0,0,0,-1,0,0,0,,0,,0,,0,0,0,1
1723314383,3843,8,8,8,8,31.358,0,0,0.11 | 0.11 | 0.11,0,0.57 | 0.84 | 1.05,0,3.82 | 4.76 | 6.96,18.934,0.000,0,1,0,0,0,0,-1,0,0,0,,0,,0,,0,0,0,1
1723314383,3843,8,8,8,8,31.358,0,0,0.11 | 0.11 | 0.11,0,0.57 | 0.84 | 1.05,0,3.82 | 4.76 | 6.96,18.934,0.000,0,1,0,0,0,0,-1,0,0,0,,0,,0,,0,0,0,1
1723314383,3843,8,8,8,8,31.358,0,0,0.11 | 0.11 | 0.11,0,0.57 | 0.84 | 1.05,0,3.82 | 4.76 | 6.96,18.934,0.000,0,1,0,0,0,0,-1,0,0,0,,0,,0,,0,0,0,1
1723314383,3843,8,8,8,8,31.358,0,0,0.11 | 0.11 | 0.11,0,0.57 | 0.84 | 1.05,0,3.82 | 4.76 | 6.96,18.934,0.000,0,1,0,0,0,0,-1,0,0,0,,0,,0,,0,0,0,1
1723314383,3843,8,8,8,8,31.358,0,0,0.11 | 0.11 | 0.11,0,0.57 | 0.84 | 1.05,0,3.82 | 4.76 | 6.96,18.934,0.000,0,1,0,0,0,0,-1,0,0,0,,0,,0,,0,0,0,1
1723314383,3843,8,8,8,8,31.358,0,0,0.11 | 0.11 | 0.11,0,0.57 | 0.84 | 1.05,0,3.82 | 4.76 | 6.96,18.934,0.000,0,1,0,0,0,0,-1,0,0,0,,0,,0,,0,0,0,1
1723314383,3843,8,8,8,8,30.484,0,0,0.11 | 0.11 | 0.11,0,0.57 | 0.84 | 1.05,0,3.82 | 4.76 | 6.96,18.934,0.000,0,1,0,0,0,0,-1,0,0,0,,0,,0,,0,0,0,1
1723314384,3843,8,8,8,8,30.484,0,0,0.11 | 0.11 | 0.11,0,0.57 | 0.84 | 1.05,0,3.82 | 4.76 | 6.96,18.934,0.000,0,1,0,0,0,0,-1,0,0,0,,0,,0,,0,0,0,1
1723314384,3843,8,8,8,8,30.484,0,0,0.11 | 0.11 | 0.11,0,0.57 | 0.84 | 1.05,0,3.82 | 4.76 | 6.96,18.934,0.000,0,1,0,0,0,0,-1,0,0,0,,0,,0,,0,0,0,1
1723314384,3843,8,8,8,8,30.484,0,0,0.11 | 0.11 | 0.11,0,0.57 | 0.84 | 1.05,0,3.82 | 4.76 | 6.96,18.934,0.000,0,1,0,0,0,0,-1,0,0,0,,0,,0,,0,0,0,1
1723314384,3843,8,8,8,8,30.484,0,0,0.11 | 0.11 | 0.11,0,0.57 | 0.84 | 1.05,0,3.82 | 4.76 | 6.96,18.934,0.000,0,1,0,0,0,0,-1,0,0,0,,0,,0,,0,0,0,1
1723314384,3843,8,8,8,8,30.484,0,0,0.11 | 0.11 | 0.11,0,0.57 | 0.84 | 1.05,0,3.82 | 4.76 | 6.96,18.934,0.000,0,1,0,0,0,0,-1,0,0,0,,0,,0,,0,0,0,1
1723314384,3843,8,8,8,8,30.484,0,0,0.11 | 0.11 | 0.11,0,0.57 | 0.84 | 1.05,0,3.82 | 4.76 | 6.96,18.934,0.000,0,1,0,0,0,0,-1,0,0,0,,0,,0,,0,0,0,1
1723314384,3843,8,8,8,8,30.484,0,0,0.11 | 0.11 | 0.11,0,0.57 | 0.84 | 1.05,0,3.82 | 4.76 | 6.96,18.934,0.000,0,1,0,0,0,0,-1,0,0,0,,0,,0,,0,0,0,1
1723314384,3843,8,8,8,8,30.484,0,0,0.11 | 0.11 | 0.11,0,0.57 | 0.84 | 1.05,0,3.82 | 4.76 | 6.96,18.934,0.000,0,1,0,0,0,0,-1,0,0,0,,0,,0,,0,0,0,1
1723314384,3843,8,8,8,8,30.484,0,0,0.11 | 0.11 | 0.11,0,0.57 | 0.84 | 1.05,0,3.82 | 4.76 | 6.96,18.934,0.000,0,1,0,0,0,0,-1,0,0,0,,0,,0,,0,0,0,1
1723314384,3843,8,8,8,8,29.421,0,0,0.11 | 0.11 | 0.11,0,0.57 | 0.84 | 1.05,0,3.82 | 4.76 | 6.96,18.934,0.000,0,1,0,0,0,0,-1,0,0,0,,0,,0,,0,0,0,1
1723314385,3843,8,8,8,8,29.421,0,0,0.11 | 0.11 | 0.11,0,0.57 | 0.84 | 1.05,0,3.82 | 4.76 | 6.96,18.934,0.000,0,1,0,0,0,0,-1,0,0,0,,0,,0,,0,0,0,1
1723314385,3843,8,8,8,8,29.421,0,0,0.11 | 0.11 | 0.11,0,0.57 | 0.84 | 1.05,0,3.82 | 4.76 | 6.96,18.934,0.000,0,1,0,0,0,0,-1,0,0,0,,0,,0,,0,0,0,1
1723314385,3843,8,8,8,8,29.421,0,0,0.11 | 0.11 | 0.11,0,0.57 | 0.84 | 1.05,0,3.82 | 4.76 | 6.96,18.934,0.000,0,1,0,0,0,0,-1,0,0,0,,0,,0,,0,0,0,1
1723314385,3843,8,8,8,8,29.421,0,0,0.11 | 0.11 | 0.11,0,0.57 | 0.84 | 1.05,0,3.82 | 4.76 | 6.96,18.934,0.000,0,1,0,0,0,0,-1,0,0,0,,0,,0,,0,0,0,1
1723314385,3843,8,8,8,8,29.421,0,0,0.11 | 0.11 | 0.11,0,0.57 | 0.84 | 1.05,0,3.82 | 4.76 | 6.96,18.934,0.000,0,1,0,0,0,0,-1,0,0,0,,0,,0,,0,0,0,1
1723314385,3843,8,8,8,8,29.421,0,0,0.11 | 0.11 | 0.11,0,0.57 | 0.84 | 1.05,0,3.82 | 4.76 | 6.96,18.934,0.000,0,1,0,0,0,0,-1,0,0,0,,0,,0,,0,0,0,1
1723314385,3843,8,8,8,8,29.421,0,0,0.11 | 0.11 | 0.11,0,0.57 | 0.84 | 1.05,0,3.82 | 4.76 | 6.96,18.934,0.000,0,1,0,0,0,0,-1,0,0,0,,0,,0,,0,0,0,1
1723314385,3843,8,8,8,8,29.421,0,0,0.11 | 0.11 | 0.11,0,0.57 | 0.84 | 1.05,0,3.82 | 4.76 | 6.96,18.934,0.000,0,1,0,0,0,0,-1,0,0,0,,0,,0,,0,0,0,1
1723314385,3843,8,8,8,8,29.421,0,0,0.11 | 0.11 | 0.11,0,0.57 | 0.84 | 1.05,0,3.82 | 4.76 | 6.96,18.934,0.000,0,1,0,0,0,0,-1,0,0,0,,0,,0,,0,0,0,1
1723314385,3843,8,8,8,8,31.559,0,0,0.11 | 0.11 | 0.11,0,0.67 | 0.86 | 1.05,0,3.82 | 4.63 | 6.00,18.907,0.000,0,1,0,0,0,0,-1,0,0,0,,0,,0,,0,0,0,1
1723314386,3843,8,8,8,8,31.559,0,0,0.11 | 0.11 | 0.11,0,0.67 | 0.86 | 1.05,0,3.82 | 4.63 | 6.00,18.907,0.000,0,1,0,0,0,0,-1,0,0,0,,0,,0,,0,0,0,1
1723314386,3843,8,8,8,8,31.559,0,0,0.11 | 0.11 | 0.11,0,0.67 | 0.86 | 1.05,0,3.82 | 4.63 | 6.00,18.907,0.000,0,1,0,0,0,0,-1,0,0,0,,0,,0,,0,0,0,1
1723314386,3843,8,8,8,8,31.559,0,0,0.11 | 0.11 | 0.11,0,0.67 | 0.86 | 1.05,0,3.82 | 4.63 | 6.00,18.907,0.000,0,1,0,0,0,0,-1,0,0,0,,0,,0,,0,0,0,1
1723314386,3843,8,8,8,8,31.559,0,0,0.11 | 0.11 | 0.11,0,0.67 | 0.86 | 1.05,0,3.82 | 4.63 | 6.00,18.907,0.000,0,1,0,0,0,0,-1,0,0,0,,0,,0,,0,0,0,1
1723314386,3843,8,8,8,8,31.559,0,0,0.11 | 0.11 | 0.11,0,0.67 | 0.86 | 1.05,0,3.82 | 4.63 | 6.00,18.907,0.000,0,1,0,0,0,0,-1,0,0,0,,0,,0,,0,0,0,1
1723314386,3843,8,8,8,8,31.559,0,0,0.11 | 0.11 | 0.11,0,0.67 | 0.86 | 1.05,0,3.82 | 4.63 | 6.00,18.907,0.000,0,1,0,0,0,0,-1,0,0,0,,0,,0,,0,0,0,1
1723314386,3843,8,8,8,8,31.559,0,0,0.11 | 0.11 | 0.11,0,0.67 | 0.86 | 1.05,0,3.82 | 4.63 | 6.00,18.907,0.000,0,1,0,0,0,0,-1,0,0,0,,0,,0,,0,0,0,1
1723314386,3843,8,8,8,8,31.559,0,0,0.11 | 0.11 | 0.11,0,0.67 | 0.86 | 1.05,0,3.82 | 4.63 | 6.00,18.907,0.000,0,1,0,0,0,0,-1,0,0,0,,0,,0,,0,0,0,1
1723314386,3843,8,8,8,8,31.559,0,0,0.11 | 0.11 | 0.11,0,0.67 | 0.86 | 1.05,0,3.82 | 4.63 | 6.00,18.907,0.000,0,1,0,0,0,0,-1,0,0,0,,0,,0,,0,0,0,1
1723314386,3843,8,8,8,8,30.762,0,0,0.11 | 0.11 | 0.11,0,0.67 | 0.86 | 1.05,0,3.82 | 4.63 | 6.00,18.907,0.000,0,1,0,0,0,0,-1,0,0,0,,0,,0,,0,0,0,1
1723314387,3843,8,8,8,8,30.762,0,0,0.11 | 0.11 | 0.11,0,0.67 | 0.86 | 1.05,0,3.82 | 4.63 | 6.00,18.907,0.000,0,1,0,0,0,0,-1,0,0,0,,0,,0,,0,0,0,1
1723314387,3843,8,8,8,8,30.762,0,0,0.11 | 0.11 | 0.11,0,0.67 | 0.86 | 1.05,0,3.82 | 4.63 | 6.00,18.907,0.000,0,1,0,0,0,0,-1,0,0,0,,0,,0,,0,0,0,1
1723314387,3843,8,8,8,8,30.762,0,0,0.11 | 0.11 | 0.11,0,0.67 | 0.86 | 1.05,0,3.82 | 4.63 | 6.00,18.907,0.000,0,1,0,0,0,0,-1,0,0,0,,0,,0,,0,0,0,1
1723314387,3843,8,8,8,8,30.762,0,0,0.11 | 0.11 | 0.11,0,0.67 | 0.86 | 1.05,0,3.82 | 4.63 | 6.00,18.907,0.000,0,1,0,0,0,0,-1,0,0,0,,0,,0,,0,0,0,1
1723314387,3843,8,8,8,8,30.762,0,0,0.11 | 0.11 | 0.11,0,0.67 | 0.86 | 1.05,0,3.82 | 4.63 | 6.00,18.907,0.000,0,1,0,0,0,0,-1,0,0,0,,0,,0,,0,0,0,1
1723314387,3843,8,8,8,8,30.762,0,0,0.11 | 0.11 | 0.11,0,0.67 | 0.86 | 1.05,0,3.82 | 4.63 | 6.00,18.907,0.000,0,1,0,0,0,0,-1,0,0,0,,0,,0,,0,0,0,1
1723314387,3843,8,8,8,8,30.762,0,0,0.11 | 0.11 | 0.11,0,0.67 | 0.86 | 1.05,0,3.82 | 4.63 | 6.00,18.907,0.000,0,1,0,0,0,0,-1,0,0,0,,0,,0,,0,0,0,1
1723314387,3843,8,8,8,8,30.762,0,0,0.11 | 0.11 | 0.11,0,0.67 | 0.86 | 1.05,0,3.82 | 4.63 | 6.00,18.907,0.000,0,1,0,0,0,0,-1,0,0,0,,0,,0,,0,0,0,1
1723314387,3843,8,8,8,8,30.762,0,0,0.11 | 0.11 | 0.11,0,0.67 | 0.86 | 1.05,0,3.82 | 4.63 | 6.00,18.907,0.000,0,1,0,0,0,0,-1,0,0,0,,0,,0,,0,0,0,1
1723314387,3843,8,8,8,8,29.7,0,0,0.11 | 0.11 | 0.11,0,0.67 | 0.86 | 1.05,0,3.82 | 4.63 | 6.00,18.907,0.000,0,1,0,0,0,0,-1,0,0,0,,0,,0,,0,0,0,1
1723314388,3843,8,8,8,8,29.7,0,0,0.11 | 0.11 | 0.11,0,0.67 | 0.86 | 1.05,0,3.82 | 4.63 | 6.00,18.907,0.000,0,1,0,0,0,0,-1,0,0,0,,0,,0,,0,0,0,1
1723314388,3843,8,8,8,8,29.7,0,0,0.11 | 0.11 | 0.11,0,0.67 | 0.86 | 1.05,0,3.82 | 4.63 | 6.00,18.907,0.000,0,1,0,0,0,0,-1,0,0,0,,0,,0,,0,0,0,1
1723314388,3843,8,8,8,8,29.7,0,0,0.11 | 0.11 | 0.11,0,0.67 | 0.86 | 1.05,0,3.82 | 4.63 | 6.00,18.907,0.000,0,1,0,0,0,0,-1,0,0,0,,0,,0,,0,0,0,1
1723314388,3843,8,8,8,8,29.7,0,0,0.11 | 0.11 | 0.11,0,0.67 | 0.86 | 1.05,0,3.82 | 4.63 | 6.00,18.907,0.000,0,1,0,0,0,0,-1,0,0,0,,0,,0,,0,0,0,1
1723314388,3843,8,8,8,8,29.7,0,0,0.11 | 0.11 | 0.11,0,0.67 | 0.86 | 1.05,0,3.82 | 4.63 | 6.00,18.907,0.000,0,1,0,0,0,0,-1,0,0,0,,0,,0,,0,0,0,1
1723314388,3843,8,8,8,8,29.7,0,0,0.11 | 0.11 | 0.11,0,0.67 | 0.86 | 1.05,0,3.82 | 4.63 | 6.00,18.907,0.000,0,1,0,0,0,0,-1,0,0,0,,0,,0,,0,0,0,1
1723314388,3843,8,8,8,8,29.7,0,0,0.11 | 0.11 | 0.11,0,0.67 | 0.86 | 1.05,0,3.82 | 4.63 | 6.00,18.907,0.000,0,1,0,0,0,0,-1,0,0,0,,0,,0,,0,0,0,1
1723314388,3843,8,8,8,8,29.7,0,0,0.11 | 0.11 | 0.11,0,0.67 | 0.86 | 1.05,0,3.82 | 4.63 | 6.00,18.907,0.000,0,1,0,0,0,0,-1,0,0,0,,0,,0,,0,0,0,1
1723314388,3843,8,8,8,8,29.7,0,0,0.11 | 0.11 | 0.11,0,0.67 | 0.86 | 1.05,0,3.82 | 4.63 | 6.00,18.907,0.000,0,1,0,0,0,0,-1,0,0,0,,0,,0,,0,0,0,1
1723314388,3843,8,8,8,8,28.637,0,0,0.11 | 0.11 | 0.11,0,0.67 | 0.86 | 1.05,0,3.82 | 4.63 | 6.00,18.907,0.000,0,1,0,0,0,0,-1,0,0,0,,0,,0,,0,0,0,1
1723314389,3843,8,8,8,8,28.637,0,0,0.11 | 0.11 | 0.11,0,0.67 | 0.86 | 1.05,0,3.82 | 4.63 | 6.00,18.907,0.000,0,1,0,0,0,0,-1,0,0,0,,0,,0,,0,0,0,1
1723314389,3843,8,8,8,8,28.637,0,0,0.11 | 0.11 | 0.11,0,0.67 | 0.86 | 1.05,0,3.82 | 4.63 | 6.00,18.907,0.000,0,1,0,0,0,0,-1,0,0,0,,0,,0,,0,0,0,1
1723314389,3843,8,8,8,8,28.637,0,0,0.11 | 0.11 | 0.11,0,0.67 | 0.86 | 1.05,0,3.82 | 4.63 | 6.00,18.907,0.000,0,1,0,0,0,0,-1,0,0,0,,0,,0,,0,0,0,1
1723314389,3843,8,8,8,8,28.637,0,0,0.11 | 0.11 | 0.11,0,0.67 | 0.86 | 1.05,0,3.82 | 4.63 | 6.00,18.907,0.000,0,1,0,0,0,0,-1,0,0,0,,0,,0,,0,0,0,1
1723314389,3843,8,8,8,8,28.637,0,0,0.11 | 0.11 | 0.11,0,0.67 | 0.86 | 1.05,0,3.82 | 4.63 | 6.00,18.907,0.000,0,1,0,0,0,0,-1,0,0,0,,0,,0,,0,0,0,1
1723314389,3843,8,8,8,8,28.637,0,0,0.11 | 0.11 | 0.11,0,0.67 | 0.86 | 1.05,0,3.82 | 4.63 | 6.00,18.907,0.000,0,1,0,0,0,0,-1,0,0,0,,0,,0,,0,0,0,1
1723314389,3843,8,8,8,8,28.637,0,0,0.11 | 0.11 | 0.11,0,0.67 | 0.86 | 1.05,0,3.82 | 4.63 | 6.00,18.907,0.000,0,1,0,0,0,0,-1,0,0,0,,0,,0,,0,0,0,1
1723314389,3843,8,8,8,8,28.637,0,0,0.11 | 0.11 | 0.11,0,0.67 | 0.86 | 1.05,0,3.82 | 4.63 | 6.00,18.907,0.000,0,1,0,0,0,0,-1,0,0,0,,0,,0,,0,0,0,1
1723314389,3843,8,8,8,8,28.637,0,0,0.11 | 0.11 | 0.11,0,0.67 | 0.86 | 1.05,0,3.82 | 4.63 | 6.00,18.907,0.000,0,1,0,0,0,0,-1,0,0,0,,0,,0,,0,0,0,1
1723314389,3843,8,8,8,8,32.375,0,0,0.11 | 0.11 | 0.11,0,0.67 | 0.84 | 1.05,0,3.82 | 4.77 | 6.00,18.911,0.000,0,1,0,0,0,0,-1,0,0,0,,0,,0,,0,0,0,1
1723314390,3843,8,8,8,8,32.375,0,0,0.11 | 0.11 | 0.11,0,0.67 | 0.84 | 1.05,0,3.82 | 4.77 | 6.00,18.911,0.000,0,1,0,0,0,0,-1,0,0,0,,0,,0,,0,0,0,1
1723314390,3843,8,8,8,8,32.375,0,0,0.11 | 0.11 | 0.11,0,0.67 | 0.84 | 1.05,0,3.82 | 4.77 | 6.00,18.911,0.000,0,1,0,0,0,0,-1,0,0,0,,0,,0,,0,0,0,1
1723314390,3843,8,8,8,8,32.375,0,0,0.11 | 0.11 | 0.11,0,0.67 | 0.84 | 1.05,0,3.82 | 4.77 | 6.00,18.911,0.000,0,1,0,0,0,0,-1,0,0,0,,0,,0,,0,0,0,1
1723314390,3843,8,8,8,8,32.375,0,0,0.11 | 0.11 | 0.11,0,0.67 | 0.84 | 1.05,0,3.82 | 4.77 | 6.00,18.911,0.000,0,1,0,0,0,0,-1,0,0,0,,0,,0,,0,0,0,1
1723314390,3843,8,8,8,8,32.375,0,0,0.11 | 0.11 | 0.11,0,0.67 | 0.84 | 1.05,0,3.82 | 4.77 | 6.00,18.911,0.000,0,1,0,0,0,0,-1,0,0,0,,0,,0,,0,0,0,1
1723314390,3843,8,8,8,8,32.375,0,0,0.11 | 0.11 | 0.11,0,0.67 | 0.84 | 1.05,0,3.82 | 4.77 | 6.00,18.911,0.000,0,1,0,0,0,0,-1,0,0,0,,0,,0,,0,0,0,1
1723314390,3843,8,8,8,8,32.375,0,0,0.11 | 0.11 | 0.11,0,0.67 | 0.84 | 1.05,0,3.82 | 4.77 | 6.00,18.911,0.000,0,1,0,0,0,0,-1,0,0,0,,0,,0,,0,0,0,1
1723314390,3843,8,8,8,8,32.375,0,0,0.11 | 0.11 | 0.11,0,0.67 | 0.84 | 1.05,0,3.82 | 4.77 | 6.00,18.911,0.000,0,1,0,0,0,0,-1,0,0,0,,0,,0,,0,0,0,1
1723314390,3843,8,8,8,8,32.375,0,0,0.11 | 0.11 | 0.11,0,0.67 | 0.84 | 1.05,0,3.82 | 4.77 | 6.00,18.911,0.000,0,1,0,0,0,0,-1,0,0,0,,0,,0,,0,0,0,1
1723314390,3843,8,8,8,8,31.578,0,0,0.11 | 0.11 | 0.11,0,0.67 | 0.84 | 1.05,0,3.82 | 4.77 | 6.00,18.911,0.000,0,1,0,0,0,0,-1,0,0,0,,0,,0,,0,0,0,1
1723314391,3843,8,8,8,8,31.578,0,0,0.11 | 0.11 | 0.11,0,0.67 | 0.84 | 1.05,0,3.82 | 4.77 | 6.00,18.911,0.000,0,1,0,0,0,0,-1,0,0,0,,0,,0,,0,0,0,1
1723314391,3843,8,8,8,8,31.578,0,0,0.11 | 0.11 | 0.11,0,0.67 | 0.84 | 1.05,0,3.82 | 4.77 | 6.00,18.911,0.000,0,1,0,0,0,0,-1,0,0,0,,0,,0,,0,0,0,1
1723314391,3843,8,8,8,8,31.578,0,0,0.11 | 0.11 | 0.11,0,0.67 | 0.84 | 1.05,0,3.82 | 4.77 | 6.00,18.911,0.000,0,1,0,0,0,0,-1,0,0,0,,0,,0,,0,0,0,1
1723314391,3843,8,8,8,8,31.578,0,0,0.11 | 0.11 | 0.11,0,0.67 | 0.84 | 1.05,0,3.82 | 4.77 | 6.00,18.911,0.000,0,1,0,0,0,0,-1,0,0,0,,0,,0,,0,0,0,1
1723314391,3843,8,8,8,8,31.578,0,0,0.11 | 0.11 | 0.11,0,0.67 | 0.84 | 1.05,0,3.82 | 4.77 | 6.00,18.911,0.000,0,1,0,0,0,0,-1,0,0,0,,0,,0,,0,0,0,1
1723314391,3843,8,8,8,8,31.578,0,0,0.11 | 0.11 | 0.11,0,0.67 | 0.84 | 1.05,0,3.82 | 4.77 | 6.00,18.911,0.000,0,1,0,0,0,0,-1,0,0,0,,0,,0,,0,0,0,1
1723314391,3843,8,8,8,8,31.578,0,0,0.11 | 0.11 | 0.11,0,0.67 | 0.84 | 1.05,0,3.82 | 4.77 | 6.00,18.911,0.000,0,1,0,0,0,0,-1,0,0,0,,0,,0,,0,0,0,1
1723314391,3843,8,8,8,8,31.578,0,0,0.11 | 0.11 | 0.11,0,0.67 | 0.84 | 1.05,0,3.82 | 4.77 | 6.00,18.911,0.000,0,1,0,0,0,0,-1,0,0,0,,0,,0,,0,0,0,1
1723314391,3843,8,8,8,8,31.578,0,0,0.11 | 0.11 | 0.11,0,0.67 | 0.84 | 1.05,0,3.82 | 4.77 | 6.00,18.911,0.000,0,1,0,0,0,0,-1,0,0,0,,0,,0,,0,0,0,1
1723314391,3843,8,8,8,8,30.515,0,0,0.11 | 0.11 | 0.11,0,0.67 | 0.84 | 1.05,0,3.82 | 4.77 | 6.00,18.911,0.000,0,1,0,0,0,0,-1,0,0,0,,0,,0,,0,0,0,1
1723314392,3843,8,8,8,8,30.515,0,0,0.11 | 0.11 | 0.11,0,0.67 | 0.84 | 1.05,0,3.82 | 4.77 | 6.00,18.911,0.000,0,1,0,0,0,0,-1,0,0,0,,0,,0,,0,0,0,1
1723314392,3843,8,8,8,8,30.515,0,0,0.11 | 0.11 | 0.11,0,0.67 | 0.84 | 1.05,0,3.82 | 4.77 | 6.00,18.911,0.000,0,1,0,0,0,0,-1,0,0,0,,0,,0,,0,0,0,1
1723314392,3843,8,8,8,8,30.515,0,0,0.11 | 0.11 | 0.11,0,0.67 | 0.84 | 1.05,0,3.82 | 4.77 | 6.00,18.911,0.000,0,1,0,0,0,0,-1,0,0,0,,0,,0,,0,0,0,1
1723314392,3843,8,8,8,8,30.515,0,0,0.11 | 0.11 | 0.11,0,0.67 | 0.84 | 1.05,0,3.82 | 4.77 | 6.00,18.911,0.000,0,1,0,0,0,0,-1,0,0,0,,0,,0,,0,0,0,1
1723314392,3843,8,8,8,8,30.515,0,0,0.11 | 0.11 | 0.11,0,0.67 | 0.84 | 1.05,0,3.82 | 4.77 | 6.00,18.911,0.000,0,1,0,0,0,0,-1,0,0,0,,0,,0,,0,0,0,1
1723314392,3843,8,8,8,8,30.515,0,0,0.11 | 0.11 | 0.11,0,0.67 | 0.84 | 1.05,0,3.82 | 4.77 | 6.00,18.911,0.000,0,1,0,0,0,0,-1,0,0,0,,0,,0,,0,0,0,1
1723314392,3843,8,8,8,8,30.515,0,0,0.11 | 0.11 | 0.11,0,0.67 | 0.84 | 1.05,0,3.82 | 4.77 | 6.00,18.911,0.000,0,1,0,0,0,0,-1,0,0,0,,0,,0,,0,0,0,1
1723314392,3843,8,8,8,8,30.515,0,0,0.11 | 0.11 | 0.11,0,0.67 | 0.84 | 1.05,0,3.82 | 4.77 | 6.00,18.911,0.000,0,1,0,0,0,0,-1,0,0,0,,0,,0,,0,0,0,1
1723314392,3843,8,8,8,8,30.515,0,0,0.11 | 0.11 | 0.11,0,0.67 | 0.84 | 1.05,0,3.82 | 4.77 | 6.00,18.911,0.000,0,1,0,0,0,0,-1,0,0,0,,0,,0,,0,0,0,1
1723314392,3843,8,8,8,8,29.357,0,0,0.11 | 0.11 | 0.11,0,0.67 | 0.84 | 1.05,0,3.82 | 4.77 | 6.00,18.911,0.000,0,1,0,0,0,0,-1,0,0,0,,0,,0,,0,0,0,1
1723314393,3843,8,8,8,8,29.357,0,0,0.11 | 0.11 | 0.11,0,0.67 | 0.84 | 1.05,0,3.82 | 4.77 | 6.00,18.911,0.000,0,1,0,0,0,0,-1,0,0,0,,0,,0,,0,0,0,1
1723314393,3843,8,8,8,8,29.357,0,0,0.11 | 0.11 | 0.11,0,0.67 | 0.84 | 1.05,0,3.82 | 4.77 | 6.00,18.911,0.000,0,1,0,0,0,0,-1,0,0,0,,0,,0,,0,0,0,1
1723314393,3843,8,8,8,8,29.357,0,0,0.11 | 0.11 | 0.11,0,0.67 | 0.84 | 1.05,0,3.82 | 4.77 | 6.00,18.911,0.000,0,1,0,0,0,0,-1,0,0,0,,0,,0,,0,0,0,1
1723314393,3843,8,8,8,8,29.357,0,0,0.11 | 0.11 | 0.11,0,0.67 | 0.84 | 1.05,0,3.82 | 4.77 | 6.00,18.911,0.000,0,1,0,0,0,0,-1,0,0,0,,0,,0,,0,0,0,1
1723314393,3843,8,8,8,8,29.357,0,0,0.11 | 0.11 | 0.11,0,0.67 | 0.84 | 1.05,0,3.82 | 4.77 | 6.00,18.911,0.000,0,1,0,0,0,0,-1,0,0,0,,0,,0,,0,0,0,1
1723314393,3843,8,8,8,8,29.357,0,0,0.11 | 0.11 | 0.11,0,0.67 | 0.84 | 1.05,0,3.82 | 4.77 | 6.00,18.911,0.000,0,1,0,0,0,0,-1,0,0,0,,0,,0,,0,0,0,1
1723314393,3843,8,8,8,8,29.357,0,0,0.11 | 0.11 | 0.11,0,0.67 | 0.84 | 1.05,0,3.82 | 4.77 | 6.00,18.911,0.000,0,1,0,0,0,0,-1,0,0,0,,0,,0,,0,0,0,1
1723314393,3843,8,8,8,8,29.357,0,0,0.11 | 0.11 | 0.11,0,0.67 | 0.84 | 1.05,0,3.82 | 4.77 | 6.00,18.911,0.000,0,1,0,0,0,0,-1,0,0,0,,0,,0,,0,0,0,1
1723314393,3843,8,8,8,8,29.357,0,0,0.11 | 0.11 | 0.11,0,0.67 | 0.84 | 1.05,0,3.82 | 4.77 | 6.00,18.911,0.000,0,1,0,0,0,0,-1,0,0,0,,0,,0,,0,0,0,1
1723314393,3843,8,8,8,8,31.59,0,0,0.11 | 0.11 | 0.11,0,0.67 | 0.83 | 1.05,0,3.82 | 4.84 | 6.00,18.938,0.000,0,1,0,0,0,0,-1,0,0,0,,0,,0,,0,0,0,1
1723314394,3843,8,8,8,8,31.59,0,0,0.11 | 0.11 | 0.11,0,0.67 | 0.83 | 1.05,0,3.82 | 4.84 | 6.00,18.938,0.000,0,1,0,0,0,0,-1,0,0,0,,0,,0,,0,0,0,1
1723314394,3843,8,8,8,8,31.59,0,0,0.11 | 0.11 | 0.11,0,0.67 | 0.83 | 1.05,0,3.82 | 4.84 | 6.00,18.938,0.000,0,1,0,0,0,0,-1,0,0,0,,0,,0,,0,0,0,1
1723314394,3843,8,8,8,8,31.59,0,0,0.11 | 0.11 | 0.11,0,0.67 | 0.83 | 1.05,0,3.82 | 4.84 | 6.00,18.938,0.000,0,1,0,0,0,0,-1,0,0,0,,0,,0,,0,0,0,1
1723314394,3843,8,8,8,8,31.59,0,0,0.11 | 0.11 | 0.11,0,0.67 | 0.83 | 1.05,0,3.82 | 4.84 | 6.00,18.938,0.000,0,1,0,0,0,0,-1,0,0,0,,0,,0,,0,0,0,1
1723314394,3843,8,8,8,8,31.59,0,0,0.11 | 0.11 | 0.11,0,0.67 | 0.83 | 1.05,0,3.82 | 4.84 | 6.00,18.938,0.000,0,1,0,0,0,0,-1,0,0,0,,0,,0,,0,0,0,1
1723314394,3843,8,8,8,8,31.59,0,0,0.11 | 0.11 | 0.11,0,0.67 | 0.83 | 1.05,0,3.82 | 4.84 | 6.00,18.938,0.000,0,1,0,0,0,0,-1,0,0,0,,0,,0,,0,0,0,1
1723314394,3843,8,8,8,8,31.59,0,0,0.11 | 0.11 | 0.11,0,0.67 | 0.83 | 1.05,0,3.82 | 4.84 | 6.00,18.938,0.000,0,1,0,0,0,0,-1,0,0,0,,0,,0,,0,0,0,1
1723314394,3843,8,8,8,8,31.59,0,0,0.11 | 0.11 | 0.11,0,0.67 | 0.83 | 1.05,0,3.82 | 4.84 | 6.00,18.938,0.000,0,1,0,0,0,0,-1,0,0,0,,0,,0,,0,0,0,1
1723314394,3843,8,8,8,8,31.59,0,0,0.11 | 0.11 | 0.11,0,0.67 | 0.83 | 1.05,0,3.82 | 4.84 | 6.00,18.938,0.000,0,1,0,0,0,0,-1,0,0,0,,0,,0,,0,0,0,1
1723314394,3843,8,8,8,8,30.793,0,0,0.11 | 0.11 | 0.11,0,0.67 | 0.83 | 1.05,0,3.82 | 4.84 | 6.00,18.938,0.000,0,1,0,0,0,0,-1,0,0,0,,0,,0,,0,0,0,1
1723314395,3843,8,8,8,8,30.793,0,0,0.11 | 0.11 | 0.11,0,0.67 | 0.83 | 1.05,0,3.82 | 4.84 | 6.00,18.938,0.000,0,1,0,0,0,0,-1,0,0,0,,0,,0,,0,0,0,1
1723314395,3843,8,8,8,8,30.793,0,0,0.11 | 0.11 | 0.11,0,0.67 | 0.83 | 1.05,0,3.82 | 4.84 | 6.00,18.938,0.000,0,1,0,0,0,0,-1,0,0,0,,0,,0,,0,0,0,1
1723314395,3843,8,8,8,8,30.793,0,0,0.11 | 0.11 | 0.11,0,0.67 | 0.83 | 1.05,0,3.82 | 4.84 | 6.00,18.938,0.000,0,1,0,0,0,0,-1,0,0,0,,0,,0,,0,0,0,1
1723314395,3843,8,8,8,8,30.793,0,0,0.11 | 0.11 | 0.11,0,0.67 | 0.83 | 1.05,0,3.82 | 4.84 | 6.00,18.938,0.000,0,1,0,0,0,0,-1,0,0,0,,0,,0,,0,0,0,1
1723314395,3843,8,8,8,8,30.793,0,0,0.11 | 0.11 | 0.11,0,0.67 | 0.83 | 1.05,0,3.82 | 4.84 | 6.00,18.938,0.000,0,1,0,0,0,0,-1,0,0,0,,0,,0,,0,0,0,1
1723314395,3843,8,8,8,8,30.793,0,0,0.11 | 0.11 | 0.11,0,0.67 | 0.83 | 1.05,0,3.82 | 4.84 | 6.00,18.938,0.000,0,1,0,0,0,0,-1,0,0,0,,0,,0,,0,0,0,1
1723314395,3843,8,8,8,8,30.793,0,0,0.11 | 0.11 | 0.11,0,0.67 | 0.83 | 1.05,0,3.82 | 4.84 | 6.00,18.938,0.000,0,1,0,0,0,0,-1,0,0,0,,0,,0,,0,0,0,1
1723314395,3843,8,8,8,8,30.793,0,0,0.11 | 0.11 | 0.11,0,0.67 | 0.83 | 1.05,0,3.82 | 4.84 | 6.00,18.938,0.000,0,1,0,0,0,0,-1,0,0,0,,0,,0,,0,0,0,1
1723314395,3843,8,8,8,8,30.793,0,0,0.11 | 0.11 | 0.11,0,0.67 | 0.83 | 1.05,0,3.82 | 4.84 | 6.00,18.938,0.000,0,1,0,0,0,0,-1,0,0,0,,0,,0,,0,0,0,1
1723314395,3843,8,8,8,8,29.731,0,0,0.11 | 0.11 | 0.11,0,0.67 | 0.83 | 1.05,0,3.82 | 4.84 | 6.00,18.938,0.000,0,1,0,0,0,0,-1,0,0,0,,0,,0,,0,0,0,1
1723314396,3843,8,8,8,8,29.731,0,0,0.11 | 0.11 | 0.11,0,0.67 | 0.83 | 1.05,0,3.82 | 4.84 | 6.00,18.938,0.000,0,1,0,0,0,0,-1,0,0,0,,0,,0,,0,0,0,1
1723314396,3843,8,8,8,8,29.731,0,0,0.11 | 0.11 | 0.11,0,0.67 | 0.83 | 1.05,0,3.82 | 4.84 | 6.00,18.938,0.000,0,1,0,0,0,0,-1,0,0,0,,0,,0,,0,0,0,1
1723314396,3843,8,8,8,8,29.731,0,0,0.11 | 0.11 | 0.11,0,0.67 | 0.83 | 1.05,0,3.82 | 4.84 | 6.00,18.938,0.000,0,1,0,0,0,0,-1,0,0,0,,0,,0,,0,0,0,1
1723314396,3843,8,8,8,8,29.731,0,0,0.11 | 0.11 | 0.11,0,0.67 | 0.83 | 1.05,0,3.82 | 4.84 | 6.00,18.938,0.000,0,1,0,0,0,0,-1,0,0,0,,0,,0,,0,0,0,1
1723314396,3843,8,8,8,8,29.731,0,0,0.11 | 0.11 | 0.11,0,0.67 | 0.83 | 1.05,0,3.82 | 4.84 | 6.00,18.938,0.000,0,1,0,0,0,0,-1,0,0,0,,0,,0,,0,0,0,1
1723314396,3843,8,8,8,8,29.731,0,0,0.11 | 0.11 | 0.11,0,0.67 | 0.83 | 1.05,0,3.82 | 4.84 | 6.00,18.938,0.000,0,1,0,0,0,0,-1,0,0,0,,0,,0,,0,0,0,1
1723314396,3843,8,8,8,8,29.731,0,0,0.11 | 0.11 | 0.11,0,0.67 | 0.83 | 1.05,0,3.82 | 4.84 | 6.00,18.938,0.000,0,1,0,0,0,0,-1,0,0,0,,0,,0,,0,0,0,1
1723314396,3843,8,8,8,8,29.731,0,0,0.11 | 0.11 | 0.11,0,0.67 | 0.83 | 1.05,0,3.82 | 4.84 | 6.00,18.938,0.000,0,1,0,0,0,0,-1,0,0,0,,0,,0,,0,0,0,1
1723314396,3843,8,8,8,8,29.731,0,0,0.11 | 0.11 | 0.11,0,0.67 | 0.83 | 1.05,0,3.82 | 4.84 | 6.00,18.938,0.000,0,1,0,0,0,0,-1,0,0,0,,0,,0,,0,0,0,1
1723314396,3843,8,8,8,8,28.668,0,0,0.11 | 0.11 | 0.11,0,0.67 | 0.83 | 1.05,0,3.82 | 4.84 | 6.00,18.938,0.000,0,1,0,0,0,0,-1,0,0,0,,0,,0,,0,0,0,1
1723314397,3843,8,8,8,8,28.668,0,0,0.11 | 0.11 | 0.11,0,0.67 | 0.83 | 1.05,0,3.82 | 4.84 | 6.00,18.938,0.000,0,1,0,0,0,0,-1,0,0,0,,0,,0,,0,0,0,1
1723314397,3843,8,8,8,8,28.668,0,0,0.11 | 0.11 | 0.11,0,0.67 | 0.83 | 1.05,0,3.82 | 4.84 | 6.00,18.938,0.000,0,1,0,0,0,0,-1,0,0,0,,0,,0,,0,0,0,1
1723314397,3843,8,8,8,8,28.668,0,0,0.11 | 0.11 | 0.11,0,0.67 | 0.83 | 1.05,0,3.82 | 4.84 | 6.00,18.938,0.000,0,1,0,0,0,0,-1,0,0,0,,0,,0,,0,0,0,1
1723314397,3843,8,8,8,8,28.668,0,0,0.11 | 0.11 | 0.11,0,0.67 | 0.83 | 1.05,0,3.82 | 4.84 | 6.00,18.938,0.000,0,1,0,0,0,0,-1,0,0,0,,0,,0,,0,0,0,1
1723314397,3843,8,8,8,8,28.668,0,0,0.11 | 0.11 | 0.11,0,0.67 | 0.83 | 1.05,0,3.82 | 4.84 | 6.00,18.938,0.000,0,1,0,0,0,0,-1,0,0,0,,0,,0,,0,0,0,1
1723314397,3843,8,8,8,8,28.668,0,0,0.11 | 0.11 | 0.11,0,0.67 | 0.83 | 1.05,0,3.82 | 4.84 | 6.00,18.938,0.000,0,1,0,0,0,0,-1,0,0,0,,0,,0,,0,0,0,1
1723314397,3843,8,8,8,8,28.668,0,0,0.11 | 0.11 | 0.11,0,0.67 | 0.83 | 1.05,0,3.82 | 4.84 | 6.00,18.938,0.000,0,1,0,0,0,0,-1,0,0,0,,0,,0,,0,0,0,1
1723314397,3843,8,8,8,8,28.668,0,0,0.11 | 0.11 | 0.11,0,0.67 | 0.83 | 1.05,0,3.82 | 4.84 | 6.00,18.938,0.000,0,1,0,0,0,0,-1,0,0,0,,0,,0,,0,0,0,1
1723314397,3843,8,8,8,8,28.668,0,0,0.11 | 0.11 | 0.11,0,0.67 | 0.83 | 1.05,0,3.82 | 4.84 | 6.00,18.938,0.000,0,1,0,0,0,0,-1,0,0,0,,0,,0,,0,0,0,1
1723314397,3843,8,8,8,8,32.406,0,0,0.11 | 0.11 | 0.12,0,0.67 | 0.85 | 1.14,0,3.52 | 4.71 | 6.00,18.941,0.000,0,1,0,0,0,0,-1,0,0,0,,0,,0,,0,0,0,1
1723314398,3843,8,8,8,8,32.406,0,0,0.11 | 0.11 | 0.12,0,0.67 | 0.85 | 1.14,0,3.52 | 4.71 | 6.00,18.941,0.000,0,1,0,0,0,0,-1,0,0,0,,0,,0,,0,0,0,1
1723314398,3843,8,8,8,8,32.406,0,0,0.11 | 0.11 | 0.12,0,0.67 | 0.85 | 1.14,0,3.52 | 4.71 | 6.00,18.941,0.000,0,1,0,0,0,0,-1,0,0,0,,0,,0,,0,0,0,1
1723314398,3843,8,8,8,8,32.406,0,0,0.11 | 0.11 | 0.12,0,0.67 | 0.85 | 1.14,0,3.52 | 4.71 | 6.00,18.941,0.000,0,1,0,0,0,0,-1,0,0,0,,0,,0,,0,0,0,1
1723314398,3843,8,8,8,8,32.406,0,0,0.11 | 0.11 | 0.12,0,0.67 | 0.85 | 1.14,0,3.52 | 4.71 | 6.00,18.941,0.000,0,1,0,0,0,0,-1,0,0,0,,0,,0,,0,0,0,1
1723314398,3843,8,8,8,8,32.406,0,0,0.11 | 0.11 | 0.12,0,0.67 | 0.85 | 1.14,0,3.52 | 4.71 | 6.00,18.941,0.000,0,1,0,0,0,0,-1,0,0,0,,0,,0,,0,0,0,1
1723314398,3843,8,8,8,8,32.406,0,0,0.11 | 0.11 | 0.12,0,0.67 | 0.85 | 1.14,0,3.52 | 4.71 | 6.00,18.941,0.000,0,1,0,0,0,0,-1,0,0,0,,0,,0,,0,0,0,1
1723314398,3843,8,8,8,8,32.406,0,0,0.11 | 0.11 | 0.12,0,0.67 | 0.85 | 1.14,0,3.52 | 4.71 | 6.00,18.941,0.000,0,1,0,0,0,0,-1,0,0,0,,0,,0,,0,0,0,1
1723314398,3843,8,8,8,8,32.406,0,0,0.11 | 0.11 | 0.12,0,0.67 | 0.85 | 1.14,0,3.52 | 4.71 | 6.00,18.941,0.000,0,1,0,0,0,0,-1,0,0,0,,0,,0,,0,0,0,1
1723314398,3843,8,8,8,8,32.406,0,0,0.11 | 0.11 | 0.12,0,0.67 | 0.85 | 1.14,0,3.52 | 4.71 | 6.00,18.941,0.000,0,1,0,0,0,0,-1,0,0,0,,0,,0,,0,0,0,1
1723314398,3843,8,8,8,8,31.609,0,0,0.11 | 0.11 | 0.12,0,0.67 | 0.85 | 1.14,0,3.52 | 4.71 | 6.00,18.941,0.000,0,1,0,0,0,0,-1,0,0,0,,0,,0,,0,0,0,1
1723314399,3843,8,8,8,8,31.609,0,0,0.11 | 0.11 | 0.12,0,0.67 | 0.85 | 1.14,0,3.52 | 4.71 | 6.00,18.941,0.000,0,1,0,0,0,0,-1,0,0,0,,0,,0,,0,0,0,1
1723314399,3843,8,8,8,8,31.609,0,0,0.11 | 0.11 | 0.12,0,0.67 | 0.85 | 1.14,0,3.52 | 4.71 | 6.00,18.941,0.000,0,1,0,0,0,0,-1,0,0,0,,0,,0,,0,0,0,1
1723314399,3843,8,8,8,8,31.609,0,0,0.11 | 0.11 | 0.12,0,0.67 | 0.85 | 1.14,0,3.52 | 4.71 | 6.00,18.941,0.000,0,1,0,0,0,0,-1,0,0,0,,0,,0,,0,0,0,1
1723314399,3843,8,8,8,8,31.609,0,0,0.11 | 0.11 | 0.12,0,0.67 | 0.85 | 1.14,0,3.52 | 4.71 | 6.00,18.941,0.000,0,1,0,0,0,0,-1,0,0,0,,0,,0,,0,0,0,1
1723314399,3843,8,8,8,8,31.609,0,0,0.11 | 0.11 | 0.12,0,0.67 | 0.85 | 1.14,0,3.52 | 4.71 | 6.00,18.941,0.000,0,1,0,0,0,0,-1,0,0,0,,0,,0,,0,0,0,1
1723314399,3843,8,8,8,8,31.609,0,0,0.11 | 0.11 | 0.12,0,0.67 | 0.85 | 1.14,0,3.52 | 4.71 | 6.00,18.941,0.000,0,1,0,0,0,0,-1,0,0,0,,0,,0,,0,0,0,1
1723314399,3843,8,8,8,8,31.609,0,0,0.11 | 0.11 | 0.12,0,0.67 | 0.85 | 1.14,0,3.52 | 4.71 | 6.00,18.941,0.000,0,1,0,0,0,0,-1,0,0,0,,0,,0,,0,0,0,1
1723314399,3843,8,8,8,8,31.609,0,0,0.11 | 0.11 | 0.12,0,0.67 | 0.85 | 1.14,0,3.52 | 4.71 | 6.00,18.941,0.000,0,1,0,0,0,0,-1,0,0,0,,0,,0,,0,0,0,1
1723314399,3843,8,8,8,8,31.609,0,0,0.11 | 0.11 | 0.12,0,0.67 | 0.85 | 1.14,0,3.52 | 4.71 | 6.00,18.941,0.000,0,1,0,0,0,0,-1,0,0,0,,0,,0,,0,0,0,1
1723314399,3843,8,8,8,8,30.546,0,0,0.11 | 0.11 | 0.12,0,0.67 | 0.85 | 1.14,0,3.52 | 4.71 | 6.00,18.941,0.000,0,1,0,0,0,0,-1,0,0,0,,0,,0,,0,0,0,1
1723314400,3843,8,8,8,8,30.546,0,0,0.11 | 0.11 | 0.12,0,0.67 | 0.85 | 1.14,0,3.52 | 4.71 | 6.00,18.941,0.000,0,1,0,0,0,0,-1,0,0,0,,0,,0,,0,0,0,1
1723314400,3843,8,8,8,8,30.546,0,0,0.11 | 0.11 | 0.12,0,0.67 | 0.85 | 1.14,0,3.52 | 4.71 | 6.00,18.941,0.000,0,1,0,0,0,0,-1,0,0,0,,0,,0,,0,0,0,1
1723314400,3843,8,8,8,8,30.546,0,0,0.11 | 0.11 | 0.12,0,0.67 | 0.85 | 1.14,0,3.52 | 4.71 | 6.00,18.941,0.000,0,1,0,0,0,0,-1,0,0,0,,0,,0,,0,0,0,1
1723314400,3843,8,8,8,8,30.546,0,0,0.11 | 0.11 | 0.12,0,0.67 | 0.85 | 1.14,0,3.52 | 4.71 | 6.00,18.941,0.000,0,1,0,0,0,0,-1,0,0,0,,0,,0,,0,0,0,1
1723314400,3843,8,8,8,8,30.546,0,0,0.11 | 0.11 | 0.12,0,0.67 | 0.85 | 1.14,0,3.52 | 4.71 | 6.00,18.941,0.000,0,1,0,0,0,0,-1,0,0,0,,0,,0,,0,0,0,1
1723314400,3843,8,8,8,8,30.546,0,0,0.11 | 0.11 | 0.12,0,0.67 | 0.85 | 1.14,0,3.52 | 4.71 | 6.00,18.941,0.000,0,1,0,0,0,0,-1,0,0,0,,0,,0,,0,0,0,1
1723314400,3843,8,8,8,8,30.546,0,0,0.11 | 0.11 | 0.12,0,0.67 | 0.85 | 1.14,0,3.52 | 4.71 | 6.00,18.941,0.000,0,1,0,0,0,0,-1,0,0,0,,0,,0,,0,0,0,1
1723314400,3843,8,8,8,8,30.546,0,0,0.11 | 0.11 | 0.12,0,0.67 | 0.85 | 1.14,0,3.52 | 4.71 | 6.00,18.941,0.000,0,1,0,0,0,0,-1,0,0,0,,0,,0,,0,0,0,1
1723314400,3843,8,8,8,8,30.546,0,0,0.11 | 0.11 | 0.12,0,0.67 | 0.85 | 1.14,0,3.52 | 4.71 | 6.00,18.941,0.000,0,1,0,0,0,0,-1,0,0,0,,0,,0,,0,0,0,1
1723314400,3843,8,8,8,8,29.484,0,0,0.11 | 0.11 | 0.12,0,0.67 | 0.85 | 1.14,0,3.52 | 4.71 | 6.00,18.941,0.000,0,1,0,0,0,0,-1,0,0,0,,0,,0,,0,0,0,1
1723314401,3843,8,8,8,8,29.484,0,0,0.11 | 0.11 | 0.12,0,0.67 | 0.85 | 1.14,0,3.52 | 4.71 | 6.00,18.941,0.000,0,1,0,0,0,0,-1,0,0,0,,0,,0,,0,0,0,1
1723314401,3843,8,8,8,8,29.484,0,0,0.11 | 0.11 | 0.12,0,0.67 | 0.85 | 1.14,0,3.52 | 4.71 | 6.00,18.941,0.000,0,1,0,0,0,0,-1,0,0,0,,0,,0,,0,0,0,1
1723314401,3843,8,8,8,8,29.484,0,0,0.11 | 0.11 | 0.12,0,0.67 | 0.85 | 1.14,0,3.52 | 4.71 | 6.00,18.941,0.000,0,1,0,0,0,0,-1,0,0,0,,0,,0,,0,0,0,1
1723314401,3843,8,8,8,8,29.484,0,0,0.11 | 0.11 | 0.12,0,0.67 | 0.85 | 1.14,0,3.52 | 4.71 | 6.00,18.941,0.000,0,1,0,0,0,0,-1,0,0,0,,0,,0,,0,0,0,1
1723314401,3843,8,8,8,8,29.484,0,0,0.11 | 0.11 | 0.12,0,0.67 | 0.85 | 1.14,0,3.52 | 4.71 | 6.00,18.941,0.000,0,1,0,0,0,0,-1,0,0,0,,0,,0,,0,0,0,1
1723314401,3843,8,8,8,8,29.484,0,0,0.11 | 0.11 | 0.12,0,0.67 | 0.85 | 1.14,0,3.52 | 4.71 | 6.00,18.941,0.000,0,1,0,0,0,0,-1,0,0,0,,0,,0,,0,0,0,1
1723314401,3843,8,8,8,8,29.484,0,0,0.11 | 0.11 | 0.12,0,0.67 | 0.85 | 1.14,0,3.52 | 4.71 | 6.00,18.941,0.000,0,1,0,0,0,0,-1,0,0,0,,0,,0,,0,0,0,1
1723314401,3843,8,8,8,8,29.484,0,0,0.11 | 0.11 | 0.12,0,0.67 | 0.85 | 1.14,0,3.52 | 4.71 | 6.00,18.941,0.000,0,1,0,0,0,0,-1,0,0,0,,0,,0,,0,0,0,1
1723314401,3843,8,8,8,8,29.484,0,0,0.11 | 0.11 | 0.12,0,0.67 | 0.85 | 1.14,0,3.52 | 4.71 | 6.00,18.941,0.000,0,1,0,0,0,0,-1,0,0,0,,0,,0,,0,0,0,1
1723314401,3843,8,8,8,8,31.621,0,0,0.11 | 0.11 | 0.12,0,0.68 | 0.85 | 1.14,0,3.52 | 4.69 | 5.87,19.010,0.000,0,1,0,0,0,0,-1,0,0,0,,0,,0,,0,0,0,1
1723314402,3843,8,8,8,8,31.621,0,0,0.11 | 0.11 | 0.12,0,0.68 | 0.85 | 1.14,0,3.52 | 4.69 | 5.87,19.010,0.000,0,1,0,0,0,0,-1,0,0,0,,0,,0,,0,0,0,1
1723314402,3843,8,8,8,8,31.621,0,0,0.11 | 0.11 | 0.12,0,0.68 | 0.85 | 1.14,0,3.52 | 4.69 | 5.87,19.010,0.000,0,1,0,0,0,0,-1,0,0,0,,0,,0,,0,0,0,1
1723314402,3843,8,8,8,8,31.621,0,0,0.11 | 0.11 | 0.12,0,0.68 | 0.85 | 1.14,0,3.52 | 4.69 | 5.87,19.010,0.000,0,1,0,0,0,0,-1,0,0,0,,0,,0,,0,0,0,1
1723314402,3843,8,8,8,8,31.621,0,0,0.11 | 0.11 | 0.12,0,0.68 | 0.85 | 1.14,0,3.52 | 4.69 | 5.87,19.010,0.000,0,1,0,0,0,0,-1,0,0,0,,0,,0,,0,0,0,1
1723314402,3843,8,8,8,8,31.621,0,0,0.11 | 0.11 | 0.12,0,0.68 | 0.85 | 1.14,0,3.52 | 4.69 | 5.87,19.010,0.000,0,1,0,0,0,0,-1,0,0,0,,0,,0,,0,0,0,1
1723314402,3843,8,8,8,8,31.621,0,0,0.11 | 0.11 | 0.12,0,0.68 | 0.85 | 1.14,0,3.52 | 4.69 | 5.87,19.010,0.000,0,1,0,0,0,0,-1,0,0,0,,0,,0,,0,0,0,1
1723314402,3843,8,8,8,8,31.621,0,0,0.11 | 0.11 | 0.12,0,0.68 | 0.85 | 1.14,0,3.52 | 4.69 | 5.87,19.010,0.000,0,1,0,0,0,0,-1,0,0,0,,0,,0,,0,0,0,1
1723314402,3843,8,8,8,8,31.621,0,0,0.11 | 0.11 | 0.12,0,0.68 | 0.85 | 1.14,0,3.52 | 4.69 | 5.87,19.010,0.000,0,1,0,0,0,0,-1,0,0,0,,0,,0,,0,0,0,1
1723314402,3843,8,8,8,8,31.621,0,0,0.11 | 0.11 | 0.12,0,0.68 | 0.85 | 1.14,0,3.52 | 4.69 | 5.87,19.010,0.000,0,1,0,0,0,0,-1,0,0,0,,0,,0,,0,0,0,1
1723314402,3843,8,8,8,8,30.558,0,0,0.11 | 0.11 | 0.12,0,0.68 | 0.85 | 1.14,0,3.52 | 4.69 | 5.87,19.010,0.000,0,1,0,0,0,0,-1,0,0,0,,0,,0,,0,0,0,1
1723314403,3843,8,8,8,8,30.558,0,0,0.11 | 0.11 | 0.12,0,0.68 | 0.85 | 1.14,0,3.52 | 4.69 | 5.87,19.010,0.000,0,1,0,0,0,0,-1,0,0,0,,0,,0,,0,0,0,1
1723314403,3843,8,8,8,8,30.558,0,0,0.11 | 0.11 | 0.12,0,0.68 | 0.85 | 1.14,0,3.52 | 4.69 | 5.87,19.010,0.000,0,1,0,0,0,0,-1,0,0,0,,0,,0,,0,0,0,1
1723314403,3843,8,8,8,8,30.558,0,0,0.11 | 0.11 | 0.12,0,0.68 | 0.85 | 1.14,0,3.52 | 4.69 | 5.87,19.010,0.000,0,1,0,0,0,0,-1,0,0,0,,0,,0,,0,0,0,1
1723314403,3843,8,8,8,8,30.558,0,0,0.11 | 0.11 | 0.12,0,0.68 | 0.85 | 1.14,0,3.52 | 4.69 | 5.87,19.010,0.000,0,1,0,0,0,0,-1,0,0,0,,0,,0,,0,0,0,1
1723314403,3843,8,8,8,8,30.558,0,0,0.11 | 0.11 | 0.12,0,0.68 | 0.85 | 1.14,0,3.52 | 4.69 | 5.87,19.010,0.000,0,1,0,0,0,0,-1,0,0,0,,0,,0,,0,0,0,1
1723314403,3843,8,8,8,8,30.558,0,0,0.11 | 0.11 | 0.12,0,0.68 | 0.85 | 1.14,0,3.52 | 4.69 | 5.87,19.010,0.000,0,1,0,0,0,0,-1,0,0,0,,0,,0,,0,0,0,1
1723314403,3843,8,8,8,8,30.558,0,0,0.11 | 0.11 | 0.12,0,0.68 | 0.85 | 1.14,0,3.52 | 4.69 | 5.87,19.010,0.000,0,1,0,0,0,0,-1,0,0,0,,0,,0,,0,0,0,1
1723314403,3843,8,8,8,8,30.558,0,0,0.11 | 0.11 | 0.12,0,0.68 | 0.85 | 1.14,0,3.52 | 4.69 | 5.87,19.010,0.000,0,1,0,0,0,0,-1,0,0,0,,0,,0,,0,0,0,1
1723314403,3843,8,8,8,8,30.558,0,0,0.11 | 0.11 | 0.12,0,0.68 | 0.85 | 1.14,0,3.52 | 4.69 | 5.87,19.010,0.000,0,1,0,0,0,0,-1,0,0,0,,0,,0,,0,0,0,1
1723314403,3843,8,8,8,8,29.762,0,0,0.11 | 0.11 | 0.12,0,0.68 | 0.85 | 1.14,0,3.52 | 4.69 | 5.87,19.010,0.000,0,1,0,0,0,0,-1,0,0,0,,0,,0,,0,0,0,1
1723314404,3843,8,8,8,8,29.762,0,0,0.11 | 0.11 | 0.12,0,0.68 | 0.85 | 1.14,0,3.52 | 4.69 | 5.87,19.010,0.000,0,1,0,0,0,0,-1,0,0,0,,0,,0,,0,0,0,1
1723314404,3843,8,8,8,8,29.762,0,0,0.11 | 0.11 | 0.12,0,0.68 | 0.85 | 1.14,0,3.52 | 4.69 | 5.87,19.010,0.000,0,1,0,0,0,0,-1,0,0,0,,0,,0,,0,0,0,1
1723314404,3843,8,8,8,8,29.762,0,0,0.11 | 0.11 | 0.12,0,0.68 | 0.85 | 1.14,0,3.52 | 4.69 | 5.87,19.010,0.000,0,1,0,0,0,0,-1,0,0,0,,0,,0,,0,0,0,1
1723314404,3843,8,8,8,8,29.762,0,0,0.11 | 0.11 | 0.12,0,0.68 | 0.85 | 1.14,0,3.52 | 4.69 | 5.87,19.010,0.000,0,1,0,0,0,0,-1,0,0,0,,0,,0,,0,0,0,1
1723314404,3843,8,8,8,8,29.762,0,0,0.11 | 0.11 | 0.12,0,0.68 | 0.85 | 1.14,0,3.52 | 4.69 | 5.87,19.010,0.000,0,1,0,0,0,0,-1,0,0,0,,0,,0,,0,0,0,1
1723314404,3843,8,8,8,8,29.762,0,0,0.11 | 0.11 | 0.12,0,0.68 | 0.85 | 1.14,0,3.52 | 4.69 | 5.87,19.010,0.000,0,1,0,0,0,0,-1,0,0,0,,0,,0,,0,0,0,1
1723314404,3843,8,8,8,8,29.762,0,0,0.11 | 0.11 | 0.12,0,0.68 | 0.85 | 1.14,0,3.52 | 4.69 | 5.87,19.010,0.000,0,1,0,0,0,0,-1,0,0,0,,0,,0,,0,0,0,1
1723314404,3843,8,8,8,8,29.762,0,0,0.11 | 0.11 | 0.12,0,0.68 | 0.85 | 1.14,0,3.52 | 4.69 | 5.87,19.010,0.000,0,1,0,0,0,0,-1,0,0,0,,0,,0,,0,0,0,1
1723314404,3843,8,8,8,8,29.762,0,0,0.11 | 0.11 | 0.12,0,0.68 | 0.85 | 1.14,0,3.52 | 4.69 | 5.87,19.010,0.000,0,1,0,0,0,0,-1,0,0,0,,0,,0,,0,0,0,1
1723314404,3843,8,8,8,8,28.7,0,0,0.11 | 0.11 | 0.12,0,0.68 | 0.85 | 1.14,0,3.52 | 4.69 | 5.87,19.010,0.000,0,1,0,0,0,0,-1,0,0,0,,0,,0,,0,0,0,1
1723314405,3843,8,8,8,8,28.7,0,0,0.11 | 0.11 | 0.12,0,0.68 | 0.85 | 1.14,0,3.52 | 4.69 | 5.87,19.010,0.000,0,1,0,0,0,0,-1,0,0,0,,0,,0,,0,0,0,1
1723314405,3843,8,8,8,8,28.7,0,0,0.11 | 0.11 | 0.12,0,0.68 | 0.85 | 1.14,0,3.52 | 4.69 | 5.87,19.010,0.000,0,1,0,0,0,0,-1,0,0,0,,0,,0,,0,0,0,1
1723314405,3843,8,8,8,8,28.7,0,0,0.11 | 0.11 | 0.12,0,0.68 | 0.85 | 1.14,0,3.52 | 4.69 | 5.87,19.010,0.000,0,1,0,0,0,0,-1,0,0,0,,0,,0,,0,0,0,1
1723314405,3843,8,8,8,8,28.7,0,0,0.11 | 0.11 | 0.12,0,0.68 | 0.85 | 1.14,0,3.52 | 4.69 | 5.87,19.010,0.000,0,1,0,0,0,0,-1,0,0,0,,0,,0,,0,0,0,1
1723314405,3843,8,8,8,8,28.7,0,0,0.11 | 0.11 | 0.12,0,0.68 | 0.85 | 1.14,0,3.52 | 4.69 | 5.87,19.010,0.000,0,1,0,0,0,0,-1,0,0,0,,0,,0,,0,0,0,1
1723314405,3843,8,8,8,8,28.7,0,0,0.11 | 0.11 | 0.12,0,0.68 | 0.85 | 1.14,0,3.52 | 4.69 | 5.87,19.010,0.000,0,1,0,0,0,0,-1,0,0,0,,0,,0,,0,0,0,1
1723314405,3843,8,8,8,8,28.7,0,0,0.11 | 0.11 | 0.12,0,0.68 | 0.85 | 1.14,0,3.52 | 4.69 | 5.87,19.010,0.000,0,1,0,0,0,0,-1,0,0,0,,0,,0,,0,0,0,1
1723314405,3843,8,8,8,8,28.7,0,0,0.11 | 0.11 | 0.12,0,0.68 | 0.85 | 1.14,0,3.52 | 4.69 | 5.87,19.010,0.000,0,1,0,0,0,0,-1,0,0,0,,0,,0,,0,0,0,1
1723314405,3843,8,8,8,8,28.7,0,0,0.11 | 0.11 | 0.12,0,0.68 | 0.85 | 1.14,0,3.52 | 4.69 | 5.87,19.010,0.000,0,1,0,0,0,0,-1,0,0,0,,0,,0,,0,0,0,1
1723314405,3843,8,8,8,8,32.437,0,0,0.11 | 0.11 | 0.12,0,0.68 | 0.89 | 1.14,0,3.52 | 4.52 | 5.87,19.018,0.000,0,1,0,0,0,0,-1,0,0,0,,0,,0,,0,0,0,1
1723314406,3843,8,8,8,8,32.437,0,0,0.11 | 0.11 | 0.12,0,0.68 | 0.89 | 1.14,0,3.52 | 4.52 | 5.87,19.018,0.000,0,1,0,0,0,0,-1,0,0,0,,0,,0,,0,0,0,1
1723314406,3843,8,8,8,8,32.437,0,0,0.11 | 0.11 | 0.12,0,0.68 | 0.89 | 1.14,0,3.52 | 4.52 | 5.87,19.018,0.000,0,1,0,0,0,0,-1,0,0,0,,0,,0,,0,0,0,1
1723314406,3843,8,8,8,8,32.437,0,0,0.11 | 0.11 | 0.12,0,0.68 | 0.89 | 1.14,0,3.52 | 4.52 | 5.87,19.018,0.000,0,1,0,0,0,0,-1,0,0,0,,0,,0,,0,0,0,1
1723314406,3843,8,8,8,8,32.437,0,0,0.11 | 0.11 | 0.12,0,0.68 | 0.89 | 1.14,0,3.52 | 4.52 | 5.87,19.018,0.000,0,1,0,0,0,0,-1,0,0,0,,0,,0,,0,0,0,1
1723314406,3843,8,8,8,8,32.437,0,0,0.11 | 0.11 | 0.12,0,0.68 | 0.89 | 1.14,0,3.52 | 4.52 | 5.87,19.018,0.000,0,1,0,0,0,0,-1,0,0,0,,0,,0,,0,0,0,1
1723314406,3843,8,8,8,8,32.437,0,0,0.11 | 0.11 | 0.12,0,0.68 | 0.89 | 1.14,0,3.52 | 4.52 | 5.87,19.018,0.000,0,1,0,0,0,0,-1,0,0,0,,0,,0,,0,0,0,1
1723314406,3843,8,8,8,8,32.437,0,0,0.11 | 0.11 | 0.12,0,0.68 | 0.89 | 1.14,0,3.52 | 4.52 | 5.87,19.018,0.000,0,1,0,0,0,0,-1,0,0,0,,0,,0,,0,0,0,1
1723314406,3843,8,8,8,8,32.437,0,0,0.11 | 0.11 | 0.12,0,0.68 | 0.89 | 1.14,0,3.52 | 4.52 | 5.87,19.018,0.000,0,1,0,0,0,0,-1,0,0,0,,0,,0,,0,0,0,1
1723314406,3843,8,8,8,8,32.437,0,0,0.11 | 0.11 | 0.12,0,0.68 | 0.89 | 1.14,0,3.52 | 4.52 | 5.87,19.018,0.000,0,1,0,0,0,0,-1,0,0,0,,0,,0,,0,0,0,1
1723314406,3843,8,8,8,8,31.375,0,0,0.11 | 0.11 | 0.12,0,0.68 | 0.89 | 1.14,0,3.52 | 4.52 | 5.87,19.018,0.000,0,1,0,0,0,0,-1,0,0,0,,0,,0,,0,0,0,1
1723314407,3843,8,8,8,8,31.375,0,0,0.11 | 0.11 | 0.12,0,0.68 | 0.89 | 1.14,0,3.52 | 4.52 | 5.87,19.018,0.000,0,1,0,0,0,0,-1,0,0,0,,0,,0,,0,0,0,1
1723314407,3843,8,8,8,8,31.375,0,0,0.11 | 0.11 | 0.12,0,0.68 | 0.89 | 1.14,0,3.52 | 4.52 | 5.87,19.018,0.000,0,1,0,0,0,0,-1,0,0,0,,0,,0,,0,0,0,1
1723314407,3843,8,8,8,8,31.375,0,0,0.11 | 0.11 | 0.12,0,0.68 | 0.89 | 1.14,0,3.52 | 4.52 | 5.87,19.018,0.000,0,1,0,0,0,0,-1,0,0,0,,0,,0,,0,0,0,1
1723314407,3843,8,8,8,8,31.375,0,0,0.11 | 0.11 | 0.12,0,0.68 | 0.89 | 1.14,0,3.52 | 4.52 | 5.87,19.018,0.000,0,1,0,0,0,0,-1,0,0,0,,0,,0,,0,0,0,1
1723314407,3843,8,8,8,8,31.375,0,0,0.11 | 0.11 | 0.12,0,0.68 | 0.89 | 1.14,0,3.52 | 4.52 | 5.87,19.018,0.000,0,1,0,0,0,0,-1,0,0,0,,0,,0,,0,0,0,1
1723314407,3843,8,8,8,8,31.375,0,0,0.11 | 0.11 | 0.12,0,0.68 | 0.89 | 1.14,0,3.52 | 4.52 | 5.87,19.018,0.000,0,1,0,0,0,0,-1,0,0,0,,0,,0,,0,0,0,1
1723314407,3843,8,8,8,8,31.375,0,0,0.11 | 0.11 | 0.12,0,0.68 | 0.89 | 1.14,0,3.52 | 4.52 | 5.87,19.018,0.000,0,1,0,0,0,0,-1,0,0,0,,0,,0,,0,0,0,1
1723314407,3843,8,8,8,8,31.375,0,0,0.11 | 0.11 | 0.12,0,0.68 | 0.89 | 1.14,0,3.52 | 4.52 | 5.87,19.018,0.000,0,1,0,0,0,0,-1,0,0,0,,0,,0,,0,0,0,1
1723314407,3843,8,8,8,8,31.375,0,0,0.11 | 0.11 | 0.12,0,0.68 | 0.89 | 1.14,0,3.52 | 4.52 | 5.87,19.018,0.000,0,1,0,0,0,0,-1,0,0,0,,0,,0,,0,0,0,1
1723314407,3843,8,8,8,8,30.578,0,0,0.11 | 0.11 | 0.12,0,0.68 | 0.89 | 1.14,0,3.52 | 4.52 | 5.87,19.018,0.000,0,1,0,0,0,0,-1,0,0,0,,0,,0,,0,0,0,1
1723314408,3843,8,8,8,8,30.578,0,0,0.11 | 0.11 | 0.12,0,0.68 | 0.89 | 1.14,0,3.52 | 4.52 | 5.87,19.018,0.000,0,1,0,0,0,0,-1,0,0,0,,0,,0,,0,0,0,1
1723314408,3843,8,8,8,8,30.578,0,0,0.11 | 0.11 | 0.12,0,0.68 | 0.89 | 1.14,0,3.52 | 4.52 | 5.87,19.018,0.000,0,1,0,0,0,0,-1,0,0,0,,0,,0,,0,0,0,1
1723314408,3843,8,8,8,8,30.578,0,0,0.11 | 0.11 | 0.12,0,0.68 | 0.89 | 1.14,0,3.52 | 4.52 | 5.87,19.018,0.000,0,1,0,0,0,0,-1,0,0,0,,0,,0,,0,0,0,1
1723314408,3843,8,8,8,8,30.578,0,0,0.11 | 0.11 | 0.12,0,0.68 | 0.89 | 1.14,0,3.52 | 4.52 | 5.87,19.018,0.000,0,1,0,0,0,0,-1,0,0,0,,0,,0,,0,0,0,1
1723314408,3843,8,8,8,8,30.578,0,0,0.11 | 0.11 | 0.12,0,0.68 | 0.89 | 1.14,0,3.52 | 4.52 | 5.87,19.018,0.000,0,1,0,0,0,0,-1,0,0,0,,0,,0,,0,0,0,1
1723314408,3843,8,8,8,8,30.578,0,0,0.11 | 0.11 | 0.12,0,0.68 | 0.89 | 1.14,0,3.52 | 4.52 | 5.87,19.018,0.000,0,1,0,0,0,0,-1,0,0,0,,0,,0,,0,0,0,1
1723314408,3843,8,8,8,8,30.578,0,0,0.11 | 0.11 | 0.12,0,0.68 | 0.89 | 1.14,0,3.52 | 4.52 | 5.87,19.018,0.000,0,1,0,0,0,0,-1,0,0,0,,0,,0,,0,0,0,1
1723314408,3843,8,8,8,8,30.578,0,0,0.11 | 0.11 | 0.12,0,0.68 | 0.89 | 1.14,0,3.52 | 4.52 | 5.87,19.018,0.000,0,1,0,0,0,0,-1,0,0,0,,0,,0,,0,0,0,1
1723314408,3843,8,8,8,8,30.578,0,0,0.11 | 0.11 | 0.12,0,0.68 | 0.89 | 1.14,0,3.52 | 4.52 | 5.87,19.018,0.000,0,1,0,0,0,0,-1,0,0,0,,0,,0,,0,0,0,1
1723314408,3843,8,8,8,8,29.515,0,0,0.11 | 0.11 | 0.12,0,0.68 | 0.89 | 1.14,0,3.52 | 4.52 | 5.87,19.018,0.000,0,1,0,0,0,0,-1,0,0,0,,0,,0,,0,0,0,1
1723314409,3843,8,8,8,8,29.515,0,0,0.11 | 0.11 | 0.12,0,0.68 | 0.89 | 1.14,0,3.52 | 4.52 | 5.87,19.018,0.000,0,1,0,0,0,0,-1,0,0,0,,0,,0,,0,0,0,1
1723314409,3843,8,8,8,8,29.515,0,0,0.11 | 0.11 | 0.12,0,0.68 | 0.89 | 1.14,0,3.52 | 4.52 | 5.87,19.018,0.000,0,1,0,0,0,0,-1,0,0,0,,0,,0,,0,0,0,1
1723314409,3843,8,8,8,8,29.515,0,0,0.11 | 0.11 | 0.12,0,0.68 | 0.89 | 1.14,0,3.52 | 4.52 | 5.87,19.018,0.000,0,1,0,0,0,0,-1,0,0,0,,0,,0,,0,0,0,1
1723314409,3843,8,8,8,8,29.515,0,0,0.11 | 0.11 | 0.12,0,0.68 | 0.89 | 1.14,0,3.52 | 4.52 | 5.87,19.018,0.000,0,1,0,0,0,0,-1,0,0,0,,0,,0,,0,0,0,1
1723314409,3843,8,8,8,8,29.515,0,0,0.11 | 0.11 | 0.12,0,0.68 | 0.89 | 1.14,0,3.52 | 4.52 | 5.87,19.018,0.000,0,1,0,0,0,0,-1,0,0,0,,0,,0,,0,0,0,1
1723314409,3843,8,8,8,8,29.515,0,0,0.11 | 0.11 | 0.12,0,0.68 | 0.89 | 1.14,0,3.52 | 4.52 | 5.87,19.018,0.000,0,1,0,0,0,0,-1,0,0,0,,0,,0,,0,0,0,1
1723314409,3843,8,8,8,8,29.515,0,0,0.11 | 0.11 | 0.12,0,0.68 | 0.89 | 1.14,0,3.52 | 4.52 | 5.87,19.018,0.000,0,1,0,0,0,0,-1,0,0,0,,0,,0,,0,0,0,1
1723314409,3843,8,8,8,8,29.515,0,0,0.11 | 0.11 | 0.12,0,0.68 | 0.89 | 1.14,0,3.52 | 4.52 | 5.87,19.018,0.000,0,1,0,0,0,0,-1,0,0,0,,0,,0,,0,0,0,1
1723314409,3843,8,8,8,8,29.515,0,0,0.11 | 0.11 | 0.12,0,0.68 | 0.89 | 1.14,0,3.52 | 4.52 | 5.87,19.018,0.000,0,1,0,0,0,0,-1,0,0,0,,0,,0,,0,0,0,1
1723314409,3843,8,8,8,8,31.653,0,0,0.11 | 0.11 | 0.12,0,0.65 | 0.88 | 1.14,0,3.52 | 4.56 | 6.16,19.018,0.000,0,1,0,0,0,0,-1,0,0,0,,0,,0,,0,0,0,1
1723314410,3843,8,8,8,8,31.653,0,0,0.11 | 0.11 | 0.12,0,0.65 | 0.88 | 1.14,0,3.52 | 4.56 | 6.16,19.018,0.000,0,1,0,0,0,0,-1,0,0,0,,0,,0,,0,0,0,1
1723314410,3843,8,8,8,8,31.653,0,0,0.11 | 0.11 | 0.12,0,0.65 | 0.88 | 1.14,0,3.52 | 4.56 | 6.16,19.018,0.000,0,1,0,0,0,0,-1,0,0,0,,0,,0,,0,0,0,1
1723314410,3843,8,8,8,8,31.653,0,0,0.11 | 0.11 | 0.12,0,0.65 | 0.88 | 1.14,0,3.52 | 4.56 | 6.16,19.018,0.000,0,1,0,0,0,0,-1,0,0,0,,0,,0,,0,0,0,1
1723314410,3843,8,8,8,8,31.653,0,0,0.11 | 0.11 | 0.12,0,0.65 | 0.88 | 1.14,0,3.52 | 4.56 | 6.16,19.018,0.000,0,1,0,0,0,0,-1,0,0,0,,0,,0,,0,0,0,1
1723314410,3843,8,8,8,8,31.653,0,0,0.11 | 0.11 | 0.12,0,0.65 | 0.88 | 1.14,0,3.52 | 4.56 | 6.16,19.018,0.000,0,1,0,0,0,0,-1,0,0,0,,0,,0,,0,0,0,1
1723314410,3843,8,8,8,8,31.653,0,0,0.11 | 0.11 | 0.12,0,0.65 | 0.88 | 1.14,0,3.52 | 4.56 | 6.16,19.018,0.000,0,1,0,0,0,0,-1,0,0,0,,0,,0,,0,0,0,1
1723314410,3843,8,8,8,8,31.653,0,0,0.11 | 0.11 | 0.12,0,0.65 | 0.88 | 1.14,0,3.52 | 4.56 | 6.16,19.018,0.000,0,1,0,0,0,0,-1,0,0,0,,0,,0,,0,0,0,1
1723314410,3843,8,8,8,8,31.653,0,0,0.11 | 0.11 | 0.12,0,0.65 | 0.88 | 1.14,0,3.52 | 4.56 | 6.16,19.018,0.000,0,1,0,0,0,0,-1,0,0,0,,0,,0,,0,0,0,1
1723314410,3843,8,8,8,8,31.653,0,0,0.11 | 0.11 | 0.12,0,0.65 | 0.88 | 1.14,0,3.52 | 4.56 | 6.16,19.018,0.000,0,1,0,0,0,0,-1,0,0,0,,0,,0,,0,0,0,1
1723314410,3843,8,8,8,8,30.59,0,0,0.11 | 0.11 | 0.12,0,0.65 | 0.88 | 1.14,0,3.52 | 4.56 | 6.16,19.018,0.000,0,1,0,0,0,0,-1,0,0,0,,0,,0,,0,0,0,1
1723314411,3843,8,8,8,8,30.59,0,0,0.11 | 0.11 | 0.12,0,0.65 | 0.88 | 1.14,0,3.52 | 4.56 | 6.16,19.018,0.000,0,1,0,0,0,0,-1,0,0,0,,0,,0,,0,0,0,1
1723314411,3843,8,8,8,8,30.59,0,0,0.11 | 0.11 | 0.12,0,0.65 | 0.88 | 1.14,0,3.52 | 4.56 | 6.16,19.018,0.000,0,1,0,0,0,0,-1,0,0,0,,0,,0,,0,0,0,1
1723314411,3843,8,8,8,8,30.59,0,0,0.11 | 0.11 | 0.12,0,0.65 | 0.88 | 1.14,0,3.52 | 4.56 | 6.16,19.018,0.000,0,1,0,0,0,0,-1,0,0,0,,0,,0,,0,0,0,1
1723314411,3843,8,8,8,8,30.59,0,0,0.11 | 0.11 | 0.12,0,0.65 | 0.88 | 1.14,0,3.52 | 4.56 | 6.16,19.018,0.000,0,1,0,0,0,0,-1,0,0,0,,0,,0,,0,0,0,1
1723314411,3843,8,8,8,8,30.59,0,0,0.11 | 0.11 | 0.12,0,0.65 | 0.88 | 1.14,0,3.52 | 4.56 | 6.16,19.018,0.000,0,1,0,0,0,0,-1,0,0,0,,0,,0,,0,0,0,1
1723314411,3843,8,8,8,8,30.59,0,0,0.11 | 0.11 | 0.12,0,0.65 | 0.88 | 1.14,0,3.52 | 4.56 | 6.16,19.018,0.000,0,1,0,0,0,0,-1,0,0,0,,0,,0,,0,0,0,1
1723314411,3843,8,8,8,8,30.59,0,0,0.11 | 0.11 | 0.12,0,0.65 | 0.88 | 1.14,0,3.52 | 4.56 | 6.16,19.018,0.000,0,1,0,0,0,0,-1,0,0,0,,0,,0,,0,0,0,1
1723314411,3843,8,8,8,8,30.59,0,0,0.11 | 0.11 | 0.12,0,0.65 | 0.88 | 1.14,0,3.52 | 4.56 | 6.16,19.018,0.000,0,1,0,0,0,0,-1,0,0,0,,0,,0,,0,0,0,1
1723314411,3843,8,8,8,8,30.59,0,0,0.11 | 0.11 | 0.12,0,0.65 | 0.88 | 1.14,0,3.52 | 4.56 | 6.16,19.018,0.000,0,1,0,0,0,0,-1,0,0,0,,0,,0,,0,0,0,1
1723314411,3843,8,8,8,8,29.793,0,0,0.11 | 0.11 | 0.12,0,0.65 | 0.88 | 1.14,0,3.52 | 4.56 | 6.16,19.018,0.000,0,1,0,0,0,0,-1,0,0,0,,0,,0,,0,0,0,1
1723314412,3843,8,8,8,8,29.793,0,0,0.11 | 0.11 | 0.12,0,0.65 | 0.88 | 1.14,0,3.52 | 4.56 | 6.16,19.018,0.000,0,1,0,0,0,0,-1,0,0,0,,0,,0,,0,0,0,1
1723314412,3843,8,8,8,8,29.793,0,0,0.11 | 0.11 | 0.12,0,0.65 | 0.88 | 1.14,0,3.52 | 4.56 | 6.16,19.018,0.000,0,1,0,0,0,0,-1,0,0,0,,0,,0,,0,0,0,1
1723314412,3843,8,8,8,8,29.793,0,0,0.11 | 0.11 | 0.12,0,0.65 | 0.88 | 1.14,0,3.52 | 4.56 | 6.16,19.018,0.000,0,1,0,0,0,0,-1,0,0,0,,0,,0,,0,0,0,1
1723314412,3843,8,8,8,8,29.793,0,0,0.11 | 0.11 | 0.12,0,0.65 | 0.88 | 1.14,0,3.52 | 4.56 | 6.16,19.018,0.000,0,1,0,0,0,0,-1,0,0,0,,0,,0,,0,0,0,1
1723314412,3843,8,8,8,8,29.793,0,0,0.11 | 0.11 | 0.12,0,0.65 | 0.88 | 1.14,0,3.52 | 4.56 | 6.16,19.018,0.000,0,1,0,0,0,0,-1,0,0,0,,0,,0,,0,0,0,1
1723314412,3843,8,8,8,8,29.793,0,0,0.11 | 0.11 | 0.12,0,0.65 | 0.88 | 1.14,0,3.52 | 4.56 | 6.16,19.018,0.000,0,1,0,0,0,0,-1,0,0,0,,0,,0,,0,0,0,1
1723314412,3843,8,8,8,8,29.793,0,0,0.11 | 0.11 | 0.12,0,0.65 | 0.88 | 1.14,0,3.52 | 4.56 | 6.16,19.018,0.000,0,1,0,0,0,0,-1,0,0,0,,0,,0,,0,0,0,1
1723314412,3843,8,8,8,8,29.793,0,0,0.11 | 0.11 | 0.12,0,0.65 | 0.88 | 1.14,0,3.52 | 4.56 | 6.16,19.018,0.000,0,1,0,0,0,0,-1,0,0,0,,0,,0,,0,0,0,1
1723314412,3843,8,8,8,8,29.793,0,0,0.11 | 0.11 | 0.12,0,0.65 | 0.88 | 1.14,0,3.52 | 4.56 | 6.16,19.018,0.000,0,1,0,0,0,0,-1,0,0,0,,0,,0,,0,0,0,1
1723314412,3843,8,8,8,8,28.558,0,0,0.11 | 0.11 | 0.12,0,0.65 | 0.88 | 1.14,0,3.52 | 4.56 | 6.16,19.018,0.000,0,1,0,0,0,0,-1,0,0,0,,0,,0,,0,0,0,1
1723314413,3843,8,8,8,8,28.558,0,0,0.11 | 0.11 | 0.12,0,0.65 | 0.88 | 1.14,0,3.52 | 4.56 | 6.16,19.018,0.000,0,1,0,0,0,0,-1,0,0,0,,0,,0,,0,0,0,1
1723314413,3843,8,8,8,8,28.558,0,0,0.11 | 0.11 | 0.12,0,0.65 | 0.88 | 1.14,0,3.52 | 4.56 | 6.16,19.018,0.000,0,1,0,0,0,0,-1,0,0,0,,0,,0,,0,0,0,1
1723314413,3843,8,8,8,8,28.558,0,0,0.11 | 0.11 | 0.12,0,0.65 | 0.88 | 1.14,0,3.52 | 4.56 | 6.16,19.018,0.000,0,1,0,0,0,0,-1,0,0,0,,0,,0,,0,0,0,1
1723314413,3843,8,8,8,8,28.558,0,0,0.11 | 0.11 | 0.12,0,0.65 | 0.88 | 1.14,0,3.52 | 4.56 | 6.16,19.018,0.000,0,1,0,0,0,0,-1,0,0,0,,0,,0,,0,0,0,1
1723314413,3843,8,8,8,8,28.558,0,0,0.11 | 0.11 | 0.12,0,0.65 | 0.88 | 1.14,0,3.52 | 4.56 | 6.16,19.018,0.000,0,1,0,0,0,0,-1,0,0,0,,0,,0,,0,0,0,1
1723314413,3843,8,8,8,8,28.558,0,0,0.11 | 0.11 | 0.12,0,0.65 | 0.88 | 1.14,0,3.52 | 4.56 | 6.16,19.018,0.000,0,1,0,0,0,0,-1,0,0,0,,0,,0,,0,0,0,1
1723314413,3843,8,8,8,8,28.558,0,0,0.11 | 0.11 | 0.12,0,0.65 | 0.88 | 1.14,0,3.52 | 4.56 | 6.16,19.018,0.000,0,1,0,0,0,0,-1,0,0,0,,0,,0,,0,0,0,1
1723314413,3843,8,8,8,8,28.558,0,0,0.11 | 0.11 | 0.12,0,0.65 | 0.88 | 1.14,0,3.52 | 4.56 | 6.16,19.018,0.000,0,1,0,0,0,0,-1,0,0,0,,0,,0,,0,0,0,1
1723314413,3843,8,8,8,8,28.558,0,0,0.11 | 0.11 | 0.12,0,0.65 | 0.88 | 1.14,0,3.52 | 4.56 | 6.16,19.018,0.000,0,1,0,0,0,0,-1,0,0,0,,0,,0,,0,0,0,1
1723314413,3843,8,8,8,8,32.468,0,0,0.11 | 0.11 | 0.12,0,0.65 | 0.85 | 1.04,0,3.84 | 4.72 | 6.16,19.022,0.000,0,1,0,0,0,0,-1,0,0,0,,0,,0,,0,0,0,1
1723314414,3843,8,8,8,8,32.468,0,0,0.11 | 0.11 | 0.12,0,0.65 | 0.85 | 1.04,0,3.84 | 4.72 | 6.16,19.022,0.000,0,1,0,0,0,0,-1,0,0,0,,0,,0,,0,0,0,1
1723314414,3843,8,8,8,8,32.468,0,0,0.11 | 0.11 | 0.12,0,0.65 | 0.85 | 1.04,0,3.84 | 4.72 | 6.16,19.022,0.000,0,1,0,0,0,0,-1,0,0,0,,0,,0,,0,0,0,1
1723314414,3843,8,8,8,8,32.468,0,0,0.11 | 0.11 | 0.12,0,0.65 | 0.85 | 1.04,0,3.84 | 4.72 | 6.16,19.022,0.000,0,1,0,0,0,0,-1,0,0,0,,0,,0,,0,0,0,1
1723314414,3843,8,8,8,8,32.468,0,0,0.11 | 0.11 | 0.12,0,0.65 | 0.85 | 1.04,0,3.84 | 4.72 | 6.16,19.022,0.000,0,1,0,0,0,0,-1,0,0,0,,0,,0,,0,0,0,1
1723314414,3843,8,8,8,8,32.468,0,0,0.11 | 0.11 | 0.12,0,0.65 | 0.85 | 1.04,0,3.84 | 4.72 | 6.16,19.022,0.000,0,1,0,0,0,0,-1,0,0,0,,0,,0,,0,0,0,1
1723314414,3843,8,8,8,8,32.468,0,0,0.11 | 0.11 | 0.12,0,0.65 | 0.85 | 1.04,0,3.84 | 4.72 | 6.16,19.022,0.000,0,1,0,0,0,0,-1,0,0,0,,0,,0,,0,0,0,1
1723314414,3843,8,8,8,8,32.468,0,0,0.11 | 0.11 | 0.12,0,0.65 | 0.85 | 1.04,0,3.84 | 4.72 | 6.16,19.022,0.000,0,1,0,0,0,0,-1,0,0,0,,0,,0,,0,0,0,1
1723314414,3843,8,8,8,8,32.468,0,0,0.11 | 0.11 | 0.12,0,0.65 | 0.85 | 1.04,0,3.84 | 4.72 | 6.16,19.022,0.000,0,1,0,0,0,0,-1,0,0,0,,0,,0,,0,0,0,1
1723314414,3843,8,8,8,8,32.468,0,0,0.11 | 0.11 | 0.12,0,0.65 | 0.85 | 1.04,0,3.84 | 4.72 | 6.16,19.022,0.000,0,1,0,0,0,0,-1,0,0,0,,0,,0,,0,0,0,1
1723314414,3843,8,8,8,8,31.406,0,0,0.11 | 0.11 | 0.12,0,0.65 | 0.85 | 1.04,0,3.84 | 4.72 | 6.16,19.022,0.000,0,1,0,0,0,0,-1,0,0,0,,0,,0,,0,0,0,1
1723314415,3843,8,8,8,8,31.406,0,0,0.11 | 0.11 | 0.12,0,0.65 | 0.85 | 1.04,0,3.84 | 4.72 | 6.16,19.022,0.000,0,1,0,0,0,0,-1,0,0,0,,0,,0,,0,0,0,1
1723314415,3843,8,8,8,8,31.406,0,0,0.11 | 0.11 | 0.12,0,0.65 | 0.85 | 1.04,0,3.84 | 4.72 | 6.16,19.022,0.000,0,1,0,0,0,0,-1,0,0,0,,0,,0,,0,0,0,1
1723314415,3843,8,8,8,8,31.406,0,0,0.11 | 0.11 | 0.12,0,0.65 | 0.85 | 1.04,0,3.84 | 4.72 | 6.16,19.022,0.000,0,1,0,0,0,0,-1,0,0,0,,0,,0,,0,0,0,1
1723314415,3843,8,8,8,8,31.406,0,0,0.11 | 0.11 | 0.12,0,0.65 | 0.85 | 1.04,0,3.84 | 4.72 | 6.16,19.022,0.000,0,1,0,0,0,0,-1,0,0,0,,0,,0,,0,0,0,1
1723314415,3843,8,8,8,8,31.406,0,0,0.11 | 0.11 | 0.12,0,0.65 | 0.85 | 1.04,0,3.84 | 4.72 | 6.16,19.022,0.000,0,1,0,0,0,0,-1,0,0,0,,0,,0,,0,0,0,1
1723314415,3843,8,8,8,8,31.406,0,0,0.11 | 0.11 | 0.12,0,0.65 | 0.85 | 1.04,0,3.84 | 4.72 | 6.16,19.022,0.000,0,1,0,0,0,0,-1,0,0,0,,0,,0,,0,0,0,1
1723314415,3843,8,8,8,8,31.406,0,0,0.11 | 0.11 | 0.12,0,0.65 | 0.85 | 1.04,0,3.84 | 4.72 | 6.16,19.022,0.000,0,1,0,0,0,0,-1,0,0,0,,0,,0,,0,0,0,1
1723314415,3843,8,8,8,8,31.406,0,0,0.11 | 0.11 | 0.12,0,0.65 | 0.85 | 1.04,0,3.84 | 4.72 | 6.16,19.022,0.000,0,1,0,0,0,0,-1,0,0,0,,0,,0,,0,0,0,1
1723314415,3843,8,8,8,8,31.406,0,0,0.11 | 0.11 | 0.12,0,0.65 | 0.85 | 1.04,0,3.84 | 4.72 | 6.16,19.022,0.000,0,1,0,0,0,0,-1,0,0,0,,0,,0,,0,0,0,1
1723314415,3843,8,8,8,8,30.609,0,0,0.11 | 0.11 | 0.12,0,0.65 | 0.85 | 1.04,0,3.84 | 4.72 | 6.16,19.022,0.000,0,1,0,0,0,0,-1,0,0,0,,0,,0,,0,0,0,1
1723314416,3843,8,8,8,8,30.609,0,0,0.11 | 0.11 | 0.12,0,0.65 | 0.85 | 1.04,0,3.84 | 4.72 | 6.16,19.022,0.000,0,1,0,0,0,0,-1,0,0,0,,0,,0,,0,0,0,1
1723314416,3843,8,8,8,8,30.609,0,0,0.11 | 0.11 | 0.12,0,0.65 | 0.85 | 1.04,0,3.84 | 4.72 | 6.16,19.022,0.000,0,1,0,0,0,0,-1,0,0,0,,0,,0,,0,0,0,1
1723314416,3843,8,8,8,8,30.609,0,0,0.11 | 0.11 | 0.12,0,0.65 | 0.85 | 1.04,0,3.84 | 4.72 | 6.16,19.022,0.000,0,1,0,0,0,0,-1,0,0,0,,0,,0,,0,0,0,1
1723314416,3843,8,8,8,8,30.609,0,0,0.11 | 0.11 | 0.12,0,0.65 | 0.85 | 1.04,0,3.84 | 4.72 | 6.16,19.022,0.000,0,1,0,0,0,0,-1,0,0,0,,0,,0,,0,0,0,1
1723314416,3843,8,8,8,8,30.609,0,0,0.11 | 0.11 | 0.12,0,0.65 | 0.85 | 1.04,0,3.84 | 4.72 | 6.16,19.022,0.000,0,1,0,0,0,0,-1,0,0,0,,0,,0,,0,0,0,1
1723314416,3843,8,8,8,8,30.609,0,0,0.11 | 0.11 | 0.12,0,0.65 | 0.85 | 1.04,0,3.84 | 4.72 | 6.16,19.022,0.000,0,1,0,0,0,0,-1,0,0,0,,0,,0,,0,0,0,1
1723314416,3843,8,8,8,8,30.609,0,0,0.11 | 0.11 | 0.12,0,0.65 | 0.85 | 1.04,0,3.84 | 4.72 | 6.16,19.022,0.000,0,1,0,0,0,0,-1,0,0,0,,0,,0,,0,0,0,1
1723314416,3843,8,8,8,8,30.609,0,0,0.11 | 0.11 | 0.12,0,0.65 | 0.85 | 1.04,0,3.84 | 4.72 | 6.16,19.022,0.000,0,1,0,0,0,0,-1,0,0,0,,0,,0,,0,0,0,1
1723314416,3843,8,8,8,8,30.609,0,0,0.11 | 0.11 | 0.12,0,0.65 | 0.85 | 1.04,0,3.84 | 4.72 | 6.16,19.022,0.000,0,1,0,0,0,0,-1,0,0,0,,0,,0,,0,0,0,1
1723314416,3843,8,8,8,8,29.546,0,0,0.11 | 0.11 | 0.12,0,0.65 | 0.85 | 1.04,0,3.84 | 4.72 | 6.16,19.022,0.000,0,1,0,0,0,0,-1,0,0,0,,0,,0,,0,0,0,1
1723314417,3843,8,8,8,8,29.546,0,0,0.11 | 0.11 | 0.12,0,0.65 | 0.85 | 1.04,0,3.84 | 4.72 | 6.16,19.022,0.000,0,1,0,0,0,0,-1,0,0,0,,0,,0,,0,0,0,1
1723314417,3843,8,8,8,8,29.546,0,0,0.11 | 0.11 | 0.12,0,0.65 | 0.85 | 1.04,0,3.84 | 4.72 | 6.16,19.022,0.000,0,1,0,0,0,0,-1,0,0,0,,0,,0,,0,0,0,1
1723314417,3843,8,8,8,8,29.546,0,0,0.11 | 0.11 | 0.12,0,0.65 | 0.85 | 1.04,0,3.84 | 4.72 | 6.16,19.022,0.000,0,1,0,0,0,0,-1,0,0,0,,0,,0,,0,0,0,1
1723314417,3843,8,8,8,8,29.546,0,0,0.11 | 0.11 | 0.12,0,0.65 | 0.85 | 1.04,0,3.84 | 4.72 | 6.16,19.022,0.000,0,1,0,0,0,0,-1,0,0,0,,0,,0,,0,0,0,1
1723314417,3843,8,8,8,8,29.546,0,0,0.11 | 0.11 | 0.12,0,0.65 | 0.85 | 1.04,0,3.84 | 4.72 | 6.16,19.022,0.000,0,1,0,0,0,0,-1,0,0,0,,0,,0,,0,0,0,1
1723314417,3843,8,8,8,8,29.546,0,0,0.11 | 0.11 | 0.12,0,0.65 | 0.85 | 1.04,0,3.84 | 4.72 | 6.16,19.022,0.000,0,1,0,0,0,0,-1,0,0,0,,0,,0,,0,0,0,1
1723314417,3843,8,8,8,8,29.546,0,0,0.11 | 0.11 | 0.12,0,0.65 | 0.85 | 1.04,0,3.84 | 4.72 | 6.16,19.022,0.000,0,1,0,0,0,0,-1,0,0,0,,0,,0,,0,0,0,1
1723314417,3843,8,8,8,8,29.546,0,0,0.11 | 0.11 | 0.12,0,0.65 | 0.85 | 1.04,0,3.84 | 4.72 | 6.16,19.022,0.000,0,1,0,0,0,0,-1,0,0,0,,0,,0,,0,0,0,1
1723314417,3843,8,8,8,8,29.546,0,0,0.11 | 0.11 | 0.12,0,0.65 | 0.85 | 1.04,0,3.84 | 4.72 | 6.16,19.022,0.000,0,1,0,0,0,0,-1,0,0,0,,0,,0,,0,0,0,1
1723314417,3843,8,8,8,8,31.637,0,0,0.11 | 0.11 | 0.12,0,0.65 | 0.84 | 1.04,0,3.84 | 4.78 | 6.20,19.001,0.000,0,1,0,0,0,0,-1,0,0,0,,0,,0,,0,0,0,1
1723314418,3843,8,8,8,8,31.637,0,0,0.11 | 0.11 | 0.12,0,0.65 | 0.84 | 1.04,0,3.84 | 4.78 | 6.20,19.001,0.000,0,1,0,0,0,0,-1,0,0,0,,0,,0,,0,0,0,1
1723314418,3843,8,8,8,8,31.637,0,0,0.11 | 0.11 | 0.12,0,0.65 | 0.84 | 1.04,0,3.84 | 4.78 | 6.20,19.001,0.000,0,1,0,0,0,0,-1,0,0,0,,0,,0,,0,0,0,1
1723314418,3843,8,8,8,8,31.637,0,0,0.11 | 0.11 | 0.12,0,0.65 | 0.84 | 1.04,0,3.84 | 4.78 | 6.20,19.001,0.000,0,1,0,0,0,0,-1,0,0,0,,0,,0,,0,0,0,1
1723314418,3843,8,8,8,8,31.637,0,0,0.11 | 0.11 | 0.12,0,0.65 | 0.84 | 1.04,0,3.84 | 4.78 | 6.20,19.001,0.000,0,1,0,0,0,0,-1,0,0,0,,0,,0,,0,0,0,1
1723314418,3843,8,8,8,8,31.637,0,0,0.11 | 0.11 | 0.12,0,0.65 | 0.84 | 1.04,0,3.84 | 4.78 | 6.20,19.001,0.000,0,1,0,0,0,0,-1,0,0,0,,0,,0,,0,0,0,1
1723314418,3843,8,8,8,8,31.637,0,0,0.11 | 0.11 | 0.12,0,0.65 | 0.84 | 1.04,0,3.84 | 4.78 | 6.20,19.001,0.000,0,1,0,0,0,0,-1,0,0,0,,0,,0,,0,0,0,1
1723314418,3843,8,8,8,8,31.637,0,0,0.11 | 0.11 | 0.12,0,0.65 | 0.84 | 1.04,0,3.84 | 4.78 | 6.20,19.001,0.000,0,1,0,0,0,0,-1,0,0,0,,0,,0,,0,0,0,1
1723314418,3843,8,8,8,8,31.637,0,0,0.11 | 0.11 | 0.12,0,0.65 | 0.84 | 1.04,0,3.84 | 4.78 | 6.20,19.001,0.000,0,1,0,0,0,0,-1,0,0,0,,0,,0,,0,0,0,1
1723314418,3843,8,8,8,8,31.637,0,0,0.11 | 0.11 | 0.12,0,0.65 | 0.84 | 1.04,0,3.84 | 4.78 | 6.20,19.001,0.000,0,1,0,0,0,0,-1,0,0,0,,0,,0,,0,0,0,1
1723314418,3843,8,8,8,8,30.621,0,0,0.11 | 0.11 | 0.12,0,0.65 | 0.84 | 1.04,0,3.84 | 4.78 | 6.20,19.001,0.000,0,1,0,0,0,0,-1,0,0,0,,0,,0,,0,0,0,1
1723314419,3843,8,8,8,8,30.621,0,0,0.11 | 0.11 | 0.12,0,0.65 | 0.84 | 1.04,0,3.84 | 4.78 | 6.20,19.001,0.000,0,1,0,0,0,0,-1,0,0,0,,0,,0,,0,0,0,1
1723314419,3843,8,8,8,8,30.621,0,0,0.11 | 0.11 | 0.12,0,0.65 | 0.84 | 1.04,0,3.84 | 4.78 | 6.20,19.001,0.000,0,1,0,0,0,0,-1,0,0,0,,0,,0,,0,0,0,1
1723314419,3843,8,8,8,8,30.621,0,0,0.11 | 0.11 | 0.12,0,0.65 | 0.84 | 1.04,0,3.84 | 4.78 | 6.20,19.001,0.000,0,1,0,0,0,0,-1,0,0,0,,0,,0,,0,0,0,1
1723314419,3843,8,8,8,8,30.621,0,0,0.11 | 0.11 | 0.12,0,0.65 | 0.84 | 1.04,0,3.84 | 4.78 | 6.20,19.001,0.000,0,1,0,0,0,0,-1,0,0,0,,0,,0,,0,0,0,1
1723314419,3843,8,8,8,8,30.621,0,0,0.11 | 0.11 | 0.12,0,0.65 | 0.84 | 1.04,0,3.84 | 4.78 | 6.20,19.001,0.000,0,1,0,0,0,0,-1,0,0,0,,0,,0,,0,0,0,1
1723314419,3843,8,8,8,8,30.621,0,0,0.11 | 0.11 | 0.12,0,0.65 | 0.84 | 1.04,0,3.84 | 4.78 | 6.20,19.001,0.000,0,1,0,0,0,0,-1,0,0,0,,0,,0,,0,0,0,1
1723314419,3843,8,8,8,8,30.621,0,0,0.11 | 0.11 | 0.12,0,0.65 | 0.84 | 1.04,0,3.84 | 4.78 | 6.20,19.001,0.000,0,1,0,0,0,0,-1,0,0,0,,0,,0,,0,0,0,1
1723314419,3843,8,8,8,8,30.621,0,0,0.11 | 0.11 | 0.12,0,0.65 | 0.84 | 1.04,0,3.84 | 4.78 | 6.20,19.001,0.000,0,1,0,0,0,0,-1,0,0,0,,0,,0,,0,0,0,1
1723314419,3843,8,8,8,8,30.621,0,0,0.11 | 0.11 | 0.12,0,0.65 | 0.84 | 1.04,0,3.84 | 4.78 | 6.20,19.001,0.000,0,1,0,0,0,0,-1,0,0,0,,0,,0,,0,0,0,1
1723314419,3843,8,8,8,8,29.559,0,0,0.11 | 0.11 | 0.12,0,0.65 | 0.84 | 1.04,0,3.84 | 4.78 | 6.20,19.001,0.000,0,1,0,0,0,0,-1,0,0,0,,0,,0,,0,0,0,1
1723314420,3843,8,8,8,8,29.559,0,0,0.11 | 0.11 | 0.12,0,0.65 | 0.84 | 1.04,0,3.84 | 4.78 | 6.20,19.001,0.000,0,1,0,0,0,0,-1,0,0,0,,0,,0,,0,0,0,1
1723314420,3843,8,8,8,8,29.559,0,0,0.11 | 0.11 | 0.12,0,0.65 | 0.84 | 1.04,0,3.84 | 4.78 | 6.20,19.001,0.000,0,1,0,0,0,0,-1,0,0,0,,0,,0,,0,0,0,1
1723314420,3843,8,8,8,8,29.559,0,0,0.11 | 0.11 | 0.12,0,0.65 | 0.84 | 1.04,0,3.84 | 4.78 | 6.20,19.001,0.000,0,1,0,0,0,0,-1,0,0,0,,0,,0,,0,0,0,1
1723314420,3843,8,8,8,8,29.559,0,0,0.11 | 0.11 | 0.12,0,0.65 | 0.84 | 1.04,0,3.84 | 4.78 | 6.20,19.001,0.000,0,1,0,0,0,0,-1,0,0,0,,0,,0,,0,0,0,1
1723314420,3843,8,8,8,8,29.559,0,0,0.11 | 0.11 | 0.12,0,0.65 | 0.84 | 1.04,0,3.84 | 4.78 | 6.20,19.001,0.000,0,1,0,0,0,0,-1,0,0,0,,0,,0,,0,0,0,1
1723314420,3843,8,8,8,8,29.559,0,0,0.11 | 0.11 | 0.12,0,0.65 | 0.84 | 1.04,0,3.84 | 4.78 | 6.20,19.001,0.000,0,1,0,0,0,0,-1,0,0,0,,0,,0,,0,0,0,1
1723314420,3843,8,8,8,8,29.559,0,0,0.11 | 0.11 | 0.12,0,0.65 | 0.84 | 1.04,0,3.84 | 4.78 | 6.20,19.001,0.000,0,1,0,0,0,0,-1,0,0,0,,0,,0,,0,0,0,1
1723314420,3843,8,8,8,8,29.559,0,0,0.11 | 0.11 | 0.12,0,0.65 | 0.84 | 1.04,0,3.84 | 4.78 | 6.20,19.001,0.000,0,1,0,0,0,0,-1,0,0,0,,0,,0,,0,0,0,1
1723314420,3843,8,8,8,8,29.559,0,0,0.11 | 0.11 | 0.12,0,0.65 | 0.84 | 1.04,0,3.84 | 4.78 | 6.20,19.001,0.000,0,1,0,0,0,0,-1,0,0,0,,0,,0,,0,0,0,1
1723314420,3843,8,8,8,8,33.465,0,0,0.11 | 0.11 | 0.12,0,0.65 | 0.82 | 1.01,0,3.95 | 4.89 | 6.20,18.972,0.000,0,1,0,0,0,0,-1,0,0,0,,0,,0,,0,0,0,1
1723314421,3843,8,8,8,8,33.465,0,0,0.11 | 0.11 | 0.12,0,0.65 | 0.82 | 1.01,0,3.95 | 4.89 | 6.20,18.972,0.000,0,1,0,0,0,0,-1,0,0,0,,0,,0,,0,0,0,1
1723314421,3843,8,8,8,8,33.465,0,0,0.11 | 0.11 | 0.12,0,0.65 | 0.82 | 1.01,0,3.95 | 4.89 | 6.20,18.972,0.000,0,1,0,0,0,0,-1,0,0,0,,0,,0,,0,0,0,1
1723314421,3843,8,8,8,8,33.465,0,0,0.11 | 0.11 | 0.12,0,0.65 | 0.82 | 1.01,0,3.95 | 4.89 | 6.20,18.972,0.000,0,1,0,0,0,0,-1,0,0,0,,0,,0,,0,0,0,1
1723314421,3843,8,8,8,8,33.465,0,0,0.11 | 0.11 | 0.12,0,0.65 | 0.82 | 1.01,0,3.95 | 4.89 | 6.20,18.972,0.000,0,1,0,0,0,0,-1,0,0,0,,0,,0,,0,0,0,1
1723314421,3843,8,8,8,8,33.465,0,0,0.11 | 0.11 | 0.12,0,0.65 | 0.82 | 1.01,0,3.95 | 4.89 | 6.20,18.972,0.000,0,1,0,0,0,0,-1,0,0,0,,0,,0,,0,0,0,1
1723314421,3843,8,8,8,8,33.465,0,0,0.11 | 0.11 | 0.12,0,0.65 | 0.82 | 1.01,0,3.95 | 4.89 | 6.20,18.972,0.000,0,1,0,0,0,0,-1,0,0,0,,0,,0,,0,0,0,1
1723314421,3843,8,8,8,8,33.465,0,0,0.11 | 0.11 | 0.12,0,0.65 | 0.82 | 1.01,0,3.95 | 4.89 | 6.20,18.972,0.000,0,1,0,0,0,0,-1,0,0,0,,0,,0,,0,0,0,1
1723314421,3843,8,8,8,8,33.465,0,0,0.11 | 0.11 | 0.12,0,0.65 | 0.82 | 1.01,0,3.95 | 4.89 | 6.20,18.972,0.000,0,1,0,0,0,0,-1,0,0,0,,0,,0,,0,0,0,1
1723314421,3843,8,8,8,8,33.465,0,0,0.11 | 0.11 | 0.12,0,0.65 | 0.82 | 1.01,0,3.95 | 4.89 | 6.20,18.972,0.000,0,1,0,0,0,0,-1,0,0,0,,0,,0,,0,0,0,1
1723314421,3843,8,8,8,8,32.5,0,0,0.11 | 0.11 | 0.12,0,0.65 | 0.82 | 1.01,0,3.95 | 4.89 | 6.20,18.972,0.000,0,1,0,0,0,0,-1,0,0,0,,0,,0,,0,0,0,1
1723314422,3843,8,8,8,8,32.5,0,0,0.11 | 0.11 | 0.12,0,0.65 | 0.82 | 1.01,0,3.95 | 4.89 | 6.20,18.972,0.000,0,1,0,0,0,0,-1,0,0,0,,0,,0,,0,0,0,1
1723314422,3843,8,8,8,8,32.5,0,0,0.11 | 0.11 | 0.12,0,0.65 | 0.82 | 1.01,0,3.95 | 4.89 | 6.20,18.972,0.000,0,1,0,0,0,0,-1,0,0,0,,0,,0,,0,0,0,1
1723314422,3843,8,8,8,8,32.5,0,0,0.11 | 0.11 | 0.12,0,0.65 | 0.82 | 1.01,0,3.95 | 4.89 | 6.20,18.972,0.000,0,1,0,0,0,0,-1,0,0,0,,0,,0,,0,0,0,1
1723314422,3843,8,8,8,8,32.5,0,0,0.11 | 0.11 | 0.12,0,0.65 | 0.82 | 1.01,0,3.95 | 4.89 | 6.20,18.972,0.000,0,1,0,0,0,0,-1,0,0,0,,0,,0,,0,0,0,1
1723314422,3843,8,8,8,8,32.5,0,0,0.11 | 0.11 | 0.12,0,0.65 | 0.82 | 1.01,0,3.95 | 4.89 | 6.20,18.972,0.000,0,1,0,0,0,0,-1,0,0,0,,0,,0,,0,0,0,1
1723314422,3843,8,8,8,8,32.5,0,0,0.11 | 0.11 | 0.12,0,0.65 | 0.82 | 1.01,0,3.95 | 4.89 | 6.20,18.972,0.000,0,1,0,0,0,0,-1,0,0,0,,0,,0,,0,0,0,1
1723314422,3843,8,8,8,8,32.5,0,0,0.11 | 0.11 | 0.12,0,0.65 | 0.82 | 1.01,0,3.95 | 4.89 | 6.20,18.972,0.000,0,1,0,0,0,0,-1,0,0,0,,0,,0,,0,0,0,1
1723314422,3843,8,8,8,8,32.5,0,0,0.11 | 0.11 | 0.12,0,0.65 | 0.82 | 1.01,0,3.95 | 4.89 | 6.20,18.972,0.000,0,1,0,0,0,0,-1,0,0,0,,0,,0,,0,0,0,1
1723314422,3843,8,8,8,8,32.5,0,0,0.11 | 0.11 | 0.12,0,0.65 | 0.82 | 1.01,0,3.95 | 4.89 | 6.20,18.972,0.000,0,1,0,0,0,0,-1,0,0,0,,0,,0,,0,0,0,1
1723314422,3843,8,8,8,8,31.358,0,0,0.11 | 0.11 | 0.12,0,0.65 | 0.82 | 1.01,0,3.95 | 4.89 | 6.20,18.972,0.000,0,1,0,0,0,0,-1,0,0,0,,0,,0,,0,0,0,1
1723314423,3843,8,8,8,8,31.358,0,0,0.11 | 0.11 | 0.12,0,0.65 | 0.82 | 1.01,0,3.95 | 4.89 | 6.20,18.972,0.000,0,1,0,0,0,0,-1,0,0,0,,0,,0,,0,0,0,1
1723314423,3843,8,8,8,8,31.358,0,0,0.11 | 0.11 | 0.12,0,0.65 | 0.82 | 1.01,0,3.95 | 4.89 | 6.20,18.972,0.000,0,1,0,0,0,0,-1,0,0,0,,0,,0,,0,0,0,1
1723314423,3843,8,8,8,8,31.358,0,0,0.11 | 0.11 | 0.12,0,0.65 | 0.82 | 1.01,0,3.95 | 4.89 | 6.20,18.972,0.000,0,1,0,0,0,0,-1,0,0,0,,0,,0,,0,0,0,1
1723314423,3843,8,8,8,8,31.358,0,0,0.11 | 0.11 | 0.12,0,0.65 | 0.82 | 1.01,0,3.95 | 4.89 | 6.20,18.972,0.000,0,1,0,0,0,0,-1,0,0,0,,0,,0,,0,0,0,1
1723314423,3843,8,8,8,8,31.358,0,0,0.11 | 0.11 | 0.12,0,0.65 | 0.82 | 1.01,0,3.95 | 4.89 | 6.20,18.972,0.000,0,1,0,0,0,0,-1,0,0,0,,0,,0,,0,0,0,1
1723314423,3843,8,8,8,8,31.358,0,0,0.11 | 0.11 | 0.12,0,0.65 | 0.82 | 1.01,0,3.95 | 4.89 | 6.20,18.972,0.000,0,1,0,0,0,0,-1,0,0,0,,0,,0,,0,0,0,1
1723314423,3843,8,8,8,8,31.358,0,0,0.11 | 0.11 | 0.12,0,0.65 | 0.82 | 1.01,0,3.95 | 4.89 | 6.20,18.972,0.000,0,1,0,0,0,0,-1,0,0,0,,0,,0,,0,0,0,1
1723314423,3843,8,8,8,8,31.358,0,0,0.11 | 0.11 | 0.12,0,0.65 | 0.82 | 1.01,0,3.95 | 4.89 | 6.20,18.972,0.000,0,1,0,0,0,0,-1,0,0,0,,0,,0,,0,0,0,1
1723314423,3843,8,8,8,8,31.358,0,0,0.11 | 0.11 | 0.12,0,0.65 | 0.82 | 1.01,0,3.95 | 4.89 | 6.20,18.972,0.000,0,1,0,0,0,0,-1,0,0,0,,0,,0,,0,0,0,1
1723314423,3843,8,8,8,8,30.375,0,0,0.11 | 0.11 | 0.12,0,0.65 | 0.82 | 1.01,0,3.95 | 4.89 | 6.20,18.972,0.000,0,1,0,0,0,0,-1,0,0,0,,0,,0,,0,0,0,1
1723314424,3843,8,8,8,8,30.375,0,0,0.11 | 0.11 | 0.12,0,0.65 | 0.82 | 1.01,0,3.95 | 4.89 | 6.20,18.972,0.000,0,1,0,0,0,0,-1,0,0,0,,0,,0,,0,0,0,1
1723314424,3843,8,8,8,8,30.375,0,0,0.11 | 0.11 | 0.12,0,0.65 | 0.82 | 1.01,0,3.95 | 4.89 | 6.20,18.972,0.000,0,1,0,0,0,0,-1,0,0,0,,0,,0,,0,0,0,1
1723314424,3843,8,8,8,8,30.375,0,0,0.11 | 0.11 | 0.12,0,0.65 | 0.82 | 1.01,0,3.95 | 4.89 | 6.20,18.972,0.000,0,1,0,0,0,0,-1,0,0,0,,0,,0,,0,0,0,1
1723314424,3843,8,8,8,8,30.375,0,0,0.11 | 0.11 | 0.12,0,0.65 | 0.82 | 1.01,0,3.95 | 4.89 | 6.20,18.972,0.000,0,1,0,0,0,0,-1,0,0,0,,0,,0,,0,0,0,1
1723314424,3843,8,8,8,8,30.375,0,0,0.11 | 0.11 | 0.12,0,0.65 | 0.82 | 1.01,0,3.95 | 4.89 | 6.20,18.972,0.000,0,1,0,0,0,0,-1,0,0,0,,0,,0,,0,0,0,1
1723314424,3843,8,8,8,8,30.375,0,0,0.11 | 0.11 | 0.12,0,0.65 | 0.82 | 1.01,0,3.95 | 4.89 | 6.20,18.972,0.000,0,1,0,0,0,0,-1,0,0,0,,0,,0,,0,0,0,1
1723314424,3843,8,8,8,8,30.375,0,0,0.11 | 0.11 | 0.12,0,0.65 | 0.82 | 1.01,0,3.95 | 4.89 | 6.20,18.972,0.000,0,1,0,0,0,0,-1,0,0,0,,0,,0,,0,0,0,1
1723314424,3843,8,8,8,8,30.375,0,0,0.11 | 0.11 | 0.12,0,0.65 | 0.82 | 1.01,0,3.95 | 4.89 | 6.20,18.972,0.000,0,1,0,0,0,0,-1,0,0,0,,0,,0,,0,0,0,1
1723314424,3843,8,8,8,8,30.375,0,0,0.11 | 0.11 | 0.12,0,0.65 | 0.82 | 1.01,0,3.95 | 4.89 | 6.20,18.972,0.000,0,1,0,0,0,0,-1,0,0,0,,0,,0,,0,0,0,1
1723314424,3843,8,8,8,8,29.578,0,0,0.11 | 0.11 | 0.12,0,0.65 | 0.82 | 1.01,0,3.95 | 4.89 | 6.20,18.972,0.000,0,1,0,0,0,0,-1,0,0,0,,0,,0,,0,0,0,1
1723314425,3843,8,8,8,8,29.578,0,0,0.11 | 0.11 | 0.12,0,0.65 | 0.82 | 1.01,0,3.95 | 4.89 | 6.20,18.972,0.000,0,1,0,0,0,0,-1,0,0,0,,0,,0,,0,0,0,1
1723314425,3843,8,8,8,8,29.578,0,0,0.11 | 0.11 | 0.12,0,0.65 | 0.82 | 1.01,0,3.95 | 4.89 | 6.20,18.972,0.000,0,1,0,0,0,0,-1,0,0,0,,0,,0,,0,0,0,1
1723314425,3843,8,8,8,8,29.578,0,0,0.11 | 0.11 | 0.12,0,0.65 | 0.82 | 1.01,0,3.95 | 4.89 | 6.20,18.972,0.000,0,1,0,0,0,0,-1,0,0,0,,0,,0,,0,0,0,1
1723314425,3843,8,8,8,8,29.578,0,0,0.11 | 0.11 | 0.12,0,0.65 | 0.82 | 1.01,0,3.95 | 4.89 | 6.20,18.972,0.000,0,1,0,0,0,0,-1,0,0,0,,0,,0,,0,0,0,1
1723314425,3843,8,8,8,8,29.578,0,0,0.11 | 0.11 | 0.12,0,0.65 | 0.82 | 1.01,0,3.95 | 4.89 | 6.20,18.972,0.000,0,1,0,0,0,0,-1,0,0,0,,0,,0,,0,0,0,1
1723314425,3843,8,8,8,8,29.578,0,0,0.11 | 0.11 | 0.12,0,0.65 | 0.82 | 1.01,0,3.95 | 4.89 | 6.20,18.972,0.000,0,1,0,0,0,0,-1,0,0,0,,0,,0,,0,0,0,1
1723314425,3843,8,8,8,8,29.578,0,0,0.11 | 0.11 | 0.12,0,0.65 | 0.82 | 1.01,0,3.95 | 4.89 | 6.20,18.972,0.000,0,1,0,0,0,0,-1,0,0,0,,0,,0,,0,0,0,1
1723314425,3843,8,8,8,8,29.578,0,0,0.11 | 0.11 | 0.12,0,0.65 | 0.82 | 1.01,0,3.95 | 4.89 | 6.20,18.972,0.000,0,1,0,0,0,0,-1,0,0,0,,0,,0,,0,0,0,1
1723314425,3843,8,8,8,8,29.578,0,0,0.11 | 0.11 | 0.12,0,0.65 | 0.82 | 1.01,0,3.95 | 4.89 | 6.20,18.972,0.000,0,1,0,0,0,0,-1,0,0,0,,0,,0,,0,0,0,1
1723314425,3843,8,8,8,8,31.715,0,0,0.11 | 0.11 | 0.12,0,0.65 | 0.82 | 1.01,0,3.95 | 4.86 | 6.20,18.972,0.000,0,1,0,0,0,0,-1,0,0,0,,0,,0,,0,0,0,1
1723314426,3843,8,8,8,8,31.715,0,0,0.11 | 0.11 | 0.12,0,0.65 | 0.82 | 1.01,0,3.95 | 4.86 | 6.20,18.972,0.000,0,1,0,0,0,0,-1,0,0,0,,0,,0,,0,0,0,1
1723314426,3843,8,8,8,8,31.715,0,0,0.11 | 0.11 | 0.12,0,0.65 | 0.82 | 1.01,0,3.95 | 4.86 | 6.20,18.972,0.000,0,1,0,0,0,0,-1,0,0,0,,0,,0,,0,0,0,1
1723314426,3843,8,8,8,8,31.715,0,0,0.11 | 0.11 | 0.12,0,0.65 | 0.82 | 1.01,0,3.95 | 4.86 | 6.20,18.972,0.000,0,1,0,0,0,0,-1,0,0,0,,0,,0,,0,0,0,1
1723314426,3843,8,8,8,8,31.715,0,0,0.11 | 0.11 | 0.12,0,0.65 | 0.82 | 1.01,0,3.95 | 4.86 | 6.20,18.972,0.000,0,1,0,0,0,0,-1,0,0,0,,0,,0,,0,0,0,1
1723314426,3843,8,8,8,8,31.715,0,0,0.11 | 0.11 | 0.12,0,0.65 | 0.82 | 1.01,0,3.95 | 4.86 | 6.20,18.972,0.000,0,1,0,0,0,0,-1,0,0,0,,0,,0,,0,0,0,1
1723314426,3843,8,8,8,8,31.715,0,0,0.11 | 0.11 | 0.12,0,0.65 | 0.82 | 1.01,0,3.95 | 4.86 | 6.20,18.972,0.000,0,1,0,0,0,0,-1,0,0,0,,0,,0,,0,0,0,1
1723314426,3843,8,8,8,8,31.715,0,0,0.11 | 0.11 | 0.12,0,0.65 | 0.82 | 1.01,0,3.95 | 4.86 | 6.20,18.972,0.000,0,1,0,0,0,0,-1,0,0,0,,0,,0,,0,0,0,1
1723314426,3843,8,8,8,8,31.715,0,0,0.11 | 0.11 | 0.12,0,0.65 | 0.82 | 1.01,0,3.95 | 4.86 | 6.20,18.972,0.000,0,1,0,0,0,0,-1,0,0,0,,0,,0,,0,0,0,1
1723314426,3843,8,8,8,8,31.715,0,0,0.11 | 0.11 | 0.12,0,0.65 | 0.82 | 1.01,0,3.95 | 4.86 | 6.20,18.972,0.000,0,1,0,0,0,0,-1,0,0,0,,0,,0,,0,0,0,1
1723314426,3843,8,8,8,8,30.653,0,0,0.11 | 0.11 | 0.12,0,0.65 | 0.82 | 1.01,0,3.95 | 4.86 | 6.20,18.972,0.000,0,1,0,0,0,0,-1,0,0,0,,0,,0,,0,0,0,1
1723314427,3843,8,8,8,8,30.653,0,0,0.11 | 0.11 | 0.12,0,0.65 | 0.82 | 1.01,0,3.95 | 4.86 | 6.20,18.972,0.000,0,1,0,0,0,0,-1,0,0,0,,0,,0,,0,0,0,1
1723314427,3843,8,8,8,8,30.653,0,0,0.11 | 0.11 | 0.12,0,0.65 | 0.82 | 1.01,0,3.95 | 4.86 | 6.20,18.972,0.000,0,1,0,0,0,0,-1,0,0,0,,0,,0,,0,0,0,1
1723314427,3843,8,8,8,8,30.653,0,0,0.11 | 0.11 | 0.12,0,0.65 | 0.82 | 1.01,0,3.95 | 4.86 | 6.20,18.972,0.000,0,1,0,0,0,0,-1,0,0,0,,0,,0,,0,0,0,1
1723314427,3843,8,8,8,8,30.653,0,0,0.11 | 0.11 | 0.12,0,0.65 | 0.82 | 1.01,0,3.95 | 4.86 | 6.20,18.972,0.000,0,1,0,0,0,0,-1,0,0,0,,0,,0,,0,0,0,1
1723314427,3843,8,8,8,8,30.653,0,0,0.11 | 0.11 | 0.12,0,0.65 | 0.82 | 1.01,0,3.95 | 4.86 | 6.20,18.972,0.000,0,1,0,0,0,0,-1,0,0,0,,0,,0,,0,0,0,1
1723314427,3843,8,8,8,8,30.653,0,0,0.11 | 0.11 | 0.12,0,0.65 | 0.82 | 1.01,0,3.95 | 4.86 | 6.20,18.972,0.000,0,1,0,0,0,0,-1,0,0,0,,0,,0,,0,0,0,1
1723314427,3843,8,8,8,8,30.653,0,0,0.11 | 0.11 | 0.12,0,0.65 | 0.82 | 1.01,0,3.95 | 4.86 | 6.20,18.972,0.000,0,1,0,0,0,0,-1,0,0,0,,0,,0,,0,0,0,1
1723314427,3843,8,8,8,8,30.653,0,0,0.11 | 0.11 | 0.12,0,0.65 | 0.82 | 1.01,0,3.95 | 4.86 | 6.20,18.972,0.000,0,1,0,0,0,0,-1,0,0,0,,0,,0,,0,0,0,1
1723314427,3843,8,8,8,8,30.653,0,0,0.11 | 0.11 | 0.12,0,0.65 | 0.82 | 1.01,0,3.95 | 4.86 | 6.20,18.972,0.000,0,1,0,0,0,0,-1,0,0,0,,0,,0,,0,0,0,1
1723314427,3843,8,8,8,8,29.59,0,0,0.11 | 0.11 | 0.12,0,0.65 | 0.82 | 1.01,0,3.95 | 4.86 | 6.20,18.972,0.000,0,1,0,0,0,0,-1,0,0,0,,0,,0,,0,0,0,1
1723314428,3843,8,8,8,8,29.59,0,0,0.11 | 0.11 | 0.12,0,0.65 | 0.82 | 1.01,0,3.95 | 4.86 | 6.20,18.972,0.000,0,1,0,0,0,0,-1,0,0,0,,0,,0,,0,0,0,1
1723314428,3843,8,8,8,8,29.59,0,0,0.11 | 0.11 | 0.12,0,0.65 | 0.82 | 1.01,0,3.95 | 4.86 | 6.20,18.972,0.000,0,1,0,0,0,0,-1,0,0,0,,0,,0,,0,0,0,1
1723314428,3843,8,8,8,8,29.59,0,0,0.11 | 0.11 | 0.12,0,0.65 | 0.82 | 1.01,0,3.95 | 4.86 | 6.20,18.972,0.000,0,1,0,0,0,0,-1,0,0,0,,0,,0,,0,0,0,1
1723314428,3843,8,8,8,8,29.59,0,0,0.11 | 0.11 | 0.12,0,0.65 | 0.82 | 1.01,0,3.95 | 4.86 | 6.20,18.972,0.000,0,1,0,0,0,0,-1,0,0,0,,0,,0,,0,0,0,1
1723314428,3843,8,8,8,8,29.59,0,0,0.11 | 0.11 | 0.12,0,0.65 | 0.82 | 1.01,0,3.95 | 4.86 | 6.20,18.972,0.000,0,1,0,0,0,0,-1,0,0,0,,0,,0,,0,0,0,1
1723314428,3843,8,8,8,8,29.59,0,0,0.11 | 0.11 | 0.12,0,0.65 | 0.82 | 1.01,0,3.95 | 4.86 | 6.20,18.972,0.000,0,1,0,0,0,0,-1,0,0,0,,0,,0,,0,0,0,1
1723314428,3843,8,8,8,8,29.59,0,0,0.11 | 0.11 | 0.12,0,0.65 | 0.82 | 1.01,0,3.95 | 4.86 | 6.20,18.972,0.000,0,1,0,0,0,0,-1,0,0,0,,0,,0,,0,0,0,1
1723314428,3843,8,8,8,8,29.59,0,0,0.11 | 0.11 | 0.12,0,0.65 | 0.82 | 1.01,0,3.95 | 4.86 | 6.20,18.972,0.000,0,1,0,0,0,0,-1,0,0,0,,0,,0,,0,0,0,1
1723314428,3843,8,8,8,8,29.59,0,0,0.11 | 0.11 | 0.12,0,0.65 | 0.82 | 1.01,0,3.95 | 4.86 | 6.20,18.972,0.000,0,1,0,0,0,0,-1,0,0,0,,0,,0,,0,0,0,1
1723314428,3843,8,8,8,8,28.793,0,0,0.11 | 0.11 | 0.12,0,0.65 | 0.82 | 1.01,0,3.95 | 4.86 | 6.20,18.972,0.000,0,1,0,0,0,0,-1,0,0,0,,0,,0,,0,0,0,1
1723314429,3843,8,8,8,8,28.793,0,0,0.11 | 0.11 | 0.12,0,0.65 | 0.82 | 1.01,0,3.95 | 4.86 | 6.20,18.972,0.000,0,1,0,0,0,0,-1,0,0,0,,0,,0,,0,0,0,1
1723314429,3843,8,8,8,8,28.793,0,0,0.11 | 0.11 | 0.12,0,0.65 | 0.82 | 1.01,0,3.95 | 4.86 | 6.20,18.972,0.000,0,1,0,0,0,0,-1,0,0,0,,0,,0,,0,0,0,1
1723314429,3843,8,8,8,8,28.793,0,0,0.11 | 0.11 | 0.12,0,0.65 | 0.82 | 1.01,0,3.95 | 4.86 | 6.20,18.972,0.000,0,1,0,0,0,0,-1,0,0,0,,0,,0,,0,0,0,1
1723314429,3843,8,8,8,8,28.793,0,0,0.11 | 0.11 | 0.12,0,0.65 | 0.82 | 1.01,0,3.95 | 4.86 | 6.20,18.972,0.000,0,1,0,0,0,0,-1,0,0,0,,0,,0,,0,0,0,1
1723314429,3843,8,8,8,8,28.793,0,0,0.11 | 0.11 | 0.12,0,0.65 | 0.82 | 1.01,0,3.95 | 4.86 | 6.20,18.972,0.000,0,1,0,0,0,0,-1,0,0,0,,0,,0,,0,0,0,1
1723314429,3843,8,8,8,8,28.793,0,0,0.11 | 0.11 | 0.12,0,0.65 | 0.82 | 1.01,0,3.95 | 4.86 | 6.20,18.972,0.000,0,1,0,0,0,0,-1,0,0,0,,0,,0,,0,0,0,1
1723314429,3843,8,8,8,8,28.793,0,0,0.11 | 0.11 | 0.12,0,0.65 | 0.82 | 1.01,0,3.95 | 4.86 | 6.20,18.972,0.000,0,1,0,0,0,0,-1,0,0,0,,0,,0,,0,0,0,1
1723314429,3843,8,8,8,8,28.793,0,0,0.11 | 0.11 | 0.12,0,0.65 | 0.82 | 1.01,0,3.95 | 4.86 | 6.20,18.972,0.000,0,1,0,0,0,0,-1,0,0,0,,0,,0,,0,0,0,1
1723314429,3843,8,8,8,8,28.793,0,0,0.11 | 0.11 | 0.12,0,0.65 | 0.82 | 1.01,0,3.95 | 4.86 | 6.20,18.972,0.000,0,1,0,0,0,0,-1,0,0,0,,0,,0,,0,0,0,1
1723314429,3843,8,8,8,8,32.531,0,0,0.11 | 0.11 | 0.11,0,0.65 | 0.85 | 1.10,0,3.63 | 4.73 | 6.20,18.962,0.000,0,1,0,0,0,0,-1,0,0,0,,0,,0,,0,0,0,1
1723314430,3843,8,8,8,8,32.531,0,0,0.11 | 0.11 | 0.11,0,0.65 | 0.85 | 1.10,0,3.63 | 4.73 | 6.20,18.962,0.000,0,1,0,0,0,0,-1,0,0,0,,0,,0,,0,0,0,1
1723314430,3843,8,8,8,8,32.531,0,0,0.11 | 0.11 | 0.11,0,0.65 | 0.85 | 1.10,0,3.63 | 4.73 | 6.20,18.962,0.000,0,1,0,0,0,0,-1,0,0,0,,0,,0,,0,0,0,1
1723314430,3843,8,8,8,8,32.531,0,0,0.11 | 0.11 | 0.11,0,0.65 | 0.85 | 1.10,0,3.63 | 4.73 | 6.20,18.962,0.000,0,1,0,0,0,0,-1,0,0,0,,0,,0,,0,0,0,1
1723314430,3843,8,8,8,8,32.531,0,0,0.11 | 0.11 | 0.11,0,0.65 | 0.85 | 1.10,0,3.63 | 4.73 | 6.20,18.962,0.000,0,1,0,0,0,0,-1,0,0,0,,0,,0,,0,0,0,1
1723314430,3843,8,8,8,8,32.531,0,0,0.11 | 0.11 | 0.11,0,0.65 | 0.85 | 1.10,0,3.63 | 4.73 | 6.20,18.962,0.000,0,1,0,0,0,0,-1,0,0,0,,0,,0,,0,0,0,1
1723314430,3843,8,8,8,8,32.531,0,0,0.11 | 0.11 | 0.11,0,0.65 | 0.85 | 1.10,0,3.63 | 4.73 | 6.20,18.962,0.000,0,1,0,0,0,0,-1,0,0,0,,0,,0,,0,0,0,1
1723314430,3843,8,8,8,8,32.531,0,0,0.11 | 0.11 | 0.11,0,0.65 | 0.85 | 1.10,0,3.63 | 4.73 | 6.20,18.962,0.000,0,1,0,0,0,0,-1,0,0,0,,0,,0,,0,0,0,1
1723314430,3843,8,8,8,8,32.531,0,0,0.11 | 0.11 | 0.11,0,0.65 | 0.85 | 1.10,0,3.63 | 4.73 | 6.20,18.962,0.000,0,1,0,0,0,0,-1,0,0,0,,0,,0,,0,0,0,1
1723314430,3843,8,8,8,8,32.531,0,0,0.11 | 0.11 | 0.11,0,0.65 | 0.85 | 1.10,0,3.63 | 4.73 | 6.20,18.962,0.000,0,1,0,0,0,0,-1,0,0,0,,0,,0,,0,0,0,1
1723314430,3843,8,8,8,8,31.468,0,0,0.11 | 0.11 | 0.11,0,0.65 | 0.85 | 1.10,0,3.63 | 4.73 | 6.20,18.962,0.000,0,1,0,0,0,0,-1,0,0,0,,0,,0,,0,0,0,1
1723314431,3843,8,8,8,8,31.468,0,0,0.11 | 0.11 | 0.11,0,0.65 | 0.85 | 1.10,0,3.63 | 4.73 | 6.20,18.962,0.000,0,1,0,0,0,0,-1,0,0,0,,0,,0,,0,0,0,1
1723314431,3843,8,8,8,8,31.468,0,0,0.11 | 0.11 | 0.11,0,0.65 | 0.85 | 1.10,0,3.63 | 4.73 | 6.20,18.962,0.000,0,1,0,0,0,0,-1,0,0,0,,0,,0,,0,0,0,1
1723314431,3843,8,8,8,8,31.468,0,0,0.11 | 0.11 | 0.11,0,0.65 | 0.85 | 1.10,0,3.63 | 4.73 | 6.20,18.962,0.000,0,1,0,0,0,0,-1,0,0,0,,0,,0,,0,0,0,1
1723314431,3843,8,8,8,8,31.468,0,0,0.11 | 0.11 | 0.11,0,0.65 | 0.85 | 1.10,0,3.63 | 4.73 | 6.20,18.962,0.000,0,1,0,0,0,0,-1,0,0,0,,0,,0,,0,0,0,1
1723314431,3843,8,8,8,8,31.468,0,0,0.11 | 0.11 | 0.11,0,0.65 | 0.85 | 1.10,0,3.63 | 4.73 | 6.20,18.962,0.000,0,1,0,0,0,0,-1,0,0,0,,0,,0,,0,0,0,1
1723314431,3843,8,8,8,8,31.468,0,0,0.11 | 0.11 | 0.11,0,0.65 | 0.85 | 1.10,0,3.63 | 4.73 | 6.20,18.962,0.000,0,1,0,0,0,0,-1,0,0,0,,0,,0,,0,0,0,1
1723314431,3843,8,8,8,8,31.468,0,0,0.11 | 0.11 | 0.11,0,0.65 | 0.85 | 1.10,0,3.63 | 4.73 | 6.20,18.962,0.000,0,1,0,0,0,0,-1,0,0,0,,0,,0,,0,0,0,1
1723314431,3843,8,8,8,8,31.468,0,0,0.11 | 0.11 | 0.11,0,0.65 | 0.85 | 1.10,0,3.63 | 4.73 | 6.20,18.962,0.000,0,1,0,0,0,0,-1,0,0,0,,0,,0,,0,0,0,1
1723314431,3843,8,8,8,8,31.468,0,0,0.11 | 0.11 | 0.11,0,0.65 | 0.85 | 1.10,0,3.63 | 4.73 | 6.20,18.962,0.000,0,1,0,0,0,0,-1,0,0,0,,0,,0,,0,0,0,1
1723314431,3843,8,8,8,8,30.406,0,0,0.11 | 0.11 | 0.11,0,0.65 | 0.85 | 1.10,0,3.63 | 4.73 | 6.20,18.962,0.000,0,1,0,0,0,0,-1,0,0,0,,0,,0,,0,0,0,1
1723314432,3843,8,8,8,8,30.406,0,0,0.11 | 0.11 | 0.11,0,0.65 | 0.85 | 1.10,0,3.63 | 4.73 | 6.20,18.962,0.000,0,1,0,0,0,0,-1,0,0,0,,0,,0,,0,0,0,1
1723314432,3843,8,8,8,8,30.406,0,0,0.11 | 0.11 | 0.11,0,0.65 | 0.85 | 1.10,0,3.63 | 4.73 | 6.20,18.962,0.000,0,1,0,0,0,0,-1,0,0,0,,0,,0,,0,0,0,1
1723314432,3843,8,8,8,8,30.406,0,0,0.11 | 0.11 | 0.11,0,0.65 | 0.85 | 1.10,0,3.63 | 4.73 | 6.20,18.962,0.000,0,1,0,0,0,0,-1,0,0,0,,0,,0,,0,0,0,1
1723314432,3843,8,8,8,8,30.406,0,0,0.11 | 0.11 | 0.11,0,0.65 | 0.85 | 1.10,0,3.63 | 4.73 | 6.20,18.962,0.000,0,1,0,0,0,0,-1,0,0,0,,0,,0,,0,0,0,1
1723314432,3843,8,8,8,8,30.406,0,0,0.11 | 0.11 | 0.11,0,0.65 | 0.85 | 1.10,0,3.63 | 4.73 | 6.20,18.962,0.000,0,1,0,0,0,0,-1,0,0,0,,0,,0,,0,0,0,1
1723314432,3843,8,8,8,8,30.406,0,0,0.11 | 0.11 | 0.11,0,0.65 | 0.85 | 1.10,0,3.63 | 4.73 | 6.20,18.962,0.000,0,1,0,0,0,0,-1,0,0,0,,0,,0,,0,0,0,1
1723314432,3843,8,8,8,8,30.406,0,0,0.11 | 0.11 | 0.11,0,0.65 | 0.85 | 1.10,0,3.63 | 4.73 | 6.20,18.962,0.000,0,1,0,0,0,0,-1,0,0,0,,0,,0,,0,0,0,1
1723314432,3843,8,8,8,8,30.406,0,0,0.11 | 0.11 | 0.11,0,0.65 | 0.85 | 1.10,0,3.63 | 4.73 | 6.20,18.962,0.000,0,1,0,0,0,0,-1,0,0,0,,0,,0,,0,0,0,1
1723314432,3843,8,8,8,8,30.406,0,0,0.11 | 0.11 | 0.11,0,0.65 | 0.85 | 1.10,0,3.63 | 4.73 | 6.20,18.962,0.000,0,1,0,0,0,0,-1,0,0,0,,0,,0,,0,0,0,1
1723314432,3843,8,8,8,8,29.358,0,0,0.11 | 0.11 | 0.11,0,0.65 | 0.85 | 1.10,0,3.63 | 4.73 | 6.20,18.962,0.000,0,1,0,0,0,0,-1,0,0,0,,0,,0,,0,0,0,1
1723314433,3843,8,8,8,8,29.358,0,0,0.11 | 0.11 | 0.11,0,0.65 | 0.85 | 1.10,0,3.63 | 4.73 | 6.20,18.962,0.000,0,1,0,0,0,0,-1,0,0,0,,0,,0,,0,0,0,1
1723314433,3843,8,8,8,8,29.358,0,0,0.11 | 0.11 | 0.11,0,0.65 | 0.85 | 1.10,0,3.63 | 4.73 | 6.20,18.962,0.000,0,1,0,0,0,0,-1,0,0,0,,0,,0,,0,0,0,1
1723314433,3843,8,8,8,8,29.358,0,0,0.11 | 0.11 | 0.11,0,0.65 | 0.85 | 1.10,0,3.63 | 4.73 | 6.20,18.962,0.000,0,1,0,0,0,0,-1,0,0,0,,0,,0,,0,0,0,1
1723314433,3843,8,8,8,8,29.358,0,0,0.11 | 0.11 | 0.11,0,0.65 | 0.85 | 1.10,0,3.63 | 4.73 | 6.20,18.962,0.000,0,1,0,0,0,0,-1,0,0,0,,0,,0,,0,0,0,1
1723314433,3843,8,8,8,8,29.358,0,0,0.11 | 0.11 | 0.11,0,0.65 | 0.85 | 1.10,0,3.63 | 4.73 | 6.20,18.962,0.000,0,1,0,0,0,0,-1,0,0,0,,0,,0,,0,0,0,1
1723314433,3843,8,8,8,8,29.358,0,0,0.11 | 0.11 | 0.11,0,0.65 | 0.85 | 1.10,0,3.63 | 4.73 | 6.20,18.962,0.000,0,1,0,0,0,0,-1,0,0,0,,0,,0,,0,0,0,1
1723314433,3843,8,8,8,8,29.358,0,0,0.11 | 0.11 | 0.11,0,0.65 | 0.85 | 1.10,0,3.63 | 4.73 | 6.20,18.962,0.000,0,1,0,0,0,0,-1,0,0,0,,0,,0,,0,0,0,1
1723314433,3843,8,8,8,8,29.358,0,0,0.11 | 0.11 | 0.11,0,0.65 | 0.85 | 1.10,0,3.63 | 4.73 | 6.20,18.962,0.000,0,1,0,0,0,0,-1,0,0,0,,0,,0,,0,0,0,1
1723314433,3843,8,8,8,8,29.358,0,0,0.11 | 0.11 | 0.11,0,0.65 | 0.85 | 1.10,0,3.63 | 4.73 | 6.20,18.962,0.000,0,1,0,0,0,0,-1,0,0,0,,0,,0,,0,0,0,1
1723314433,3843,8,8,8,8,31.746,0,0,0.11 | 0.11 | 0.11,0,0.67 | 0.85 | 1.10,0,3.63 | 4.70 | 6.00,18.980,0.000,0,1,0,0,0,0,-1,0,0,0,,0,,0,,0,0,0,1
1723314434,3843,8,8,8,8,31.746,0,0,0.11 | 0.11 | 0.11,0,0.67 | 0.85 | 1.10,0,3.63 | 4.70 | 6.00,18.980,0.000,0,1,0,0,0,0,-1,0,0,0,,0,,0,,0,0,0,1
1723314434,3843,8,8,8,8,31.746,0,0,0.11 | 0.11 | 0.11,0,0.67 | 0.85 | 1.10,0,3.63 | 4.70 | 6.00,18.980,0.000,0,1,0,0,0,0,-1,0,0,0,,0,,0,,0,0,0,1
1723314434,3843,8,8,8,8,31.746,0,0,0.11 | 0.11 | 0.11,0,0.67 | 0.85 | 1.10,0,3.63 | 4.70 | 6.00,18.980,0.000,0,1,0,0,0,0,-1,0,0,0,,0,,0,,0,0,0,1
1723314434,3843,8,8,8,8,31.746,0,0,0.11 | 0.11 | 0.11,0,0.67 | 0.85 | 1.10,0,3.63 | 4.70 | 6.00,18.980,0.000,0,1,0,0,0,0,-1,0,0,0,,0,,0,,0,0,0,1
1723314434,3843,8,8,8,8,31.746,0,0,0.11 | 0.11 | 0.11,0,0.67 | 0.85 | 1.10,0,3.63 | 4.70 | 6.00,18.980,0.000,0,1,0,0,0,0,-1,0,0,0,,0,,0,,0,0,0,1
1723314434,3843,8,8,8,8,31.746,0,0,0.11 | 0.11 | 0.11,0,0.67 | 0.85 | 1.10,0,3.63 | 4.70 | 6.00,18.980,0.000,0,1,0,0,0,0,-1,0,0,0,,0,,0,,0,0,0,1
1723314434,3843,8,8,8,8,31.746,0,0,0.11 | 0.11 | 0.11,0,0.67 | 0.85 | 1.10,0,3.63 | 4.70 | 6.00,18.980,0.000,0,1,0,0,0,0,-1,0,0,0,,0,,0,,0,0,0,1
1723314434,3843,8,8,8,8,31.746,0,0,0.11 | 0.11 | 0.11,0,0.67 | 0.85 | 1.10,0,3.63 | 4.70 | 6.00,18.980,0.000,0,1,0,0,0,0,-1,0,0,0,,0,,0,,0,0,0,1
1723314434,3843,8,8,8,8,31.746,0,0,0.11 | 0.11 | 0.11,0,0.67 | 0.85 | 1.10,0,3.63 | 4.70 | 6.00,18.980,0.000,0,1,0,0,0,0,-1,0,0,0,,0,,0,,0,0,0,1
1723314434,3843,8,8,8,8,30.684,0,0,0.11 | 0.11 | 0.11,0,0.67 | 0.85 | 1.10,0,3.63 | 4.70 | 6.00,18.980,0.000,0,1,0,0,0,0,-1,0,0,0,,0,,0,,0,0,0,1
1723314435,3843,8,8,8,8,30.684,0,0,0.11 | 0.11 | 0.11,0,0.67 | 0.85 | 1.10,0,3.63 | 4.70 | 6.00,18.980,0.000,0,1,0,0,0,0,-1,0,0,0,,0,,0,,0,0,0,1
1723314435,3843,8,8,8,8,30.684,0,0,0.11 | 0.11 | 0.11,0,0.67 | 0.85 | 1.10,0,3.63 | 4.70 | 6.00,18.980,0.000,0,1,0,0,0,0,-1,0,0,0,,0,,0,,0,0,0,1
1723314435,3843,8,8,8,8,30.684,0,0,0.11 | 0.11 | 0.11,0,0.67 | 0.85 | 1.10,0,3.63 | 4.70 | 6.00,18.980,0.000,0,1,0,0,0,0,-1,0,0,0,,0,,0,,0,0,0,1
1723314435,3843,8,8,8,8,30.684,0,0,0.11 | 0.11 | 0.11,0,0.67 | 0.85 | 1.10,0,3.63 | 4.70 | 6.00,18.980,0.000,0,1,0,0,0,0,-1,0,0,0,,0,,0,,0,0,0,1
1723314435,3843,8,8,8,8,30.684,0,0,0.11 | 0.11 | 0.11,0,0.67 | 0.85 | 1.10,0,3.63 | 4.70 | 6.00,18.980,0.000,0,1,0,0,0,0,-1,0,0,0,,0,,0,,0,0,0,1
1723314435,3843,8,8,8,8,30.684,0,0,0.11 | 0.11 | 0.11,0,0.67 | 0.85 | 1.10,0,3.63 | 4.70 | 6.00,18.980,0.000,0,1,0,0,0,0,-1,0,0,0,,0,,0,,0,0,0,1
1723314435,3843,8,8,8,8,30.684,0,0,0.11 | 0.11 | 0.11,0,0.67 | 0.85 | 1.10,0,3.63 | 4.70 | 6.00,18.980,0.000,0,1,0,0,0,0,-1,0,0,0,,0,,0,,0,0,0,1
1723314435,3843,8,8,8,8,30.684,0,0,0.11 | 0.11 | 0.11,0,0.67 | 0.85 | 1.10,0,3.63 | 4.70 | 6.00,18.980,0.000,0,1,0,0,0,0,-1,0,0,0,,0,,0,,0,0,0,1
1723314435,3843,8,8,8,8,30.684,0,0,0.11 | 0.11 | 0.11,0,0.67 | 0.85 | 1.10,0,3.63 | 4.70 | 6.00,18.980,0.000,0,1,0,0,0,0,-1,0,0,0,,0,,0,,0,0,0,1
1723314435,3843,8,8,8,8,29.621,0,0,0.11 | 0.11 | 0.11,0,0.67 | 0.85 | 1.10,0,3.63 | 4.70 | 6.00,18.980,0.000,0,1,0,0,0,0,-1,0,0,0,,0,,0,,0,0,0,1
1723314436,3843,8,8,8,8,29.621,0,0,0.11 | 0.11 | 0.11,0,0.67 | 0.85 | 1.10,0,3.63 | 4.70 | 6.00,18.980,0.000,0,1,0,0,0,0,-1,0,0,0,,0,,0,,0,0,0,1
1723314436,3843,8,8,8,8,29.621,0,0,0.11 | 0.11 | 0.11,0,0.67 | 0.85 | 1.10,0,3.63 | 4.70 | 6.00,18.980,0.000,0,1,0,0,0,0,-1,0,0,0,,0,,0,,0,0,0,1
1723314436,3843,8,8,8,8,29.621,0,0,0.11 | 0.11 | 0.11,0,0.67 | 0.85 | 1.10,0,3.63 | 4.70 | 6.00,18.980,0.000,0,1,0,0,0,0,-1,0,0,0,,0,,0,,0,0,0,1
1723314436,3843,8,8,8,8,29.621,0,0,0.11 | 0.11 | 0.11,0,0.67 | 0.85 | 1.10,0,3.63 | 4.70 | 6.00,18.980,0.000,0,1,0,0,0,0,-1,0,0,0,,0,,0,,0,0,0,1
1723314436,3843,8,8,8,8,29.621,0,0,0.11 | 0.11 | 0.11,0,0.67 | 0.85 | 1.10,0,3.63 | 4.70 | 6.00,18.980,0.000,0,1,0,0,0,0,-1,0,0,0,,0,,0,,0,0,0,1
1723314436,3843,8,8,8,8,29.621,0,0,0.11 | 0.11 | 0.11,0,0.67 | 0.85 | 1.10,0,3.63 | 4.70 | 6.00,18.980,0.000,0,1,0,0,0,0,-1,0,0,0,,0,,0,,0,0,0,1
1723314436,3843,8,8,8,8,29.621,0,0,0.11 | 0.11 | 0.11,0,0.67 | 0.85 | 1.10,0,3.63 | 4.70 | 6.00,18.980,0.000,0,1,0,0,0,0,-1,0,0,0,,0,,0,,0,0,0,1
1723314436,3843,8,8,8,8,29.621,0,0,0.11 | 0.11 | 0.11,0,0.67 | 0.85 | 1.10,0,3.63 | 4.70 | 6.00,18.980,0.000,0,1,0,0,0,0,-1,0,0,0,,0,,0,,0,0,0,1
1723314436,3843,8,8,8,8,29.621,0,0,0.11 | 0.11 | 0.11,0,0.67 | 0.85 | 1.10,0,3.63 | 4.70 | 6.00,18.980,0.000,0,1,0,0,0,0,-1,0,0,0,,0,,0,,0,0,0,1
1723314436,3843,8,8,8,8,33.359,0,0,0.11 | 0.11 | 0.11,0,0.67 | 0.86 | 1.10,0,3.63 | 4.65 | 6.00,19.000,0.000,0,1,0,0,0,0,-1,0,0,0,,0,,0,,0,0,0,1
1723314437,3843,8,8,8,8,33.359,0,0,0.11 | 0.11 | 0.11,0,0.67 | 0.86 | 1.10,0,3.63 | 4.65 | 6.00,19.000,0.000,0,1,0,0,0,0,-1,0,0,0,,0,,0,,0,0,0,1
1723314437,3843,8,8,8,8,33.359,0,0,0.11 | 0.11 | 0.11,0,0.67 | 0.86 | 1.10,0,3.63 | 4.65 | 6.00,19.000,0.000,0,1,0,0,0,0,-1,0,0,0,,0,,0,,0,0,0,1
1723314437,3843,8,8,8,8,33.359,0,0,0.11 | 0.11 | 0.11,0,0.67 | 0.86 | 1.10,0,3.63 | 4.65 | 6.00,19.000,0.000,0,1,0,0,0,0,-1,0,0,0,,0,,0,,0,0,0,1
1723314437,3843,8,8,8,8,33.359,0,0,0.11 | 0.11 | 0.11,0,0.67 | 0.86 | 1.10,0,3.63 | 4.65 | 6.00,19.000,0.000,0,1,0,0,0,0,-1,0,0,0,,0,,0,,0,0,0,1
1723314437,3843,8,8,8,8,33.359,0,0,0.11 | 0.11 | 0.11,0,0.67 | 0.86 | 1.10,0,3.63 | 4.65 | 6.00,19.000,0.000,0,1,0,0,0,0,-1,0,0,0,,0,,0,,0,0,0,1
1723314437,3843,8,8,8,8,33.359,0,0,0.11 | 0.11 | 0.11,0,0.67 | 0.86 | 1.10,0,3.63 | 4.65 | 6.00,19.000,0.000,0,1,0,0,0,0,-1,0,0,0,,0,,0,,0,0,0,1
1723314437,3843,8,8,8,8,33.359,0,0,0.11 | 0.11 | 0.11,0,0.67 | 0.86 | 1.10,0,3.63 | 4.65 | 6.00,19.000,0.000,0,1,0,0,0,0,-1,0,0,0,,0,,0,,0,0,0,1
1723314437,3843,8,8,8,8,33.359,0,0,0.11 | 0.11 | 0.11,0,0.67 | 0.86 | 1.10,0,3.63 | 4.65 | 6.00,19.000,0.000,0,1,0,0,0,0,-1,0,0,0,,0,,0,,0,0,0,1
1723314437,3843,8,8,8,8,33.359,0,0,0.11 | 0.11 | 0.11,0,0.67 | 0.86 | 1.10,0,3.63 | 4.65 | 6.00,19.000,0.000,0,1,0,0,0,0,-1,0,0,0,,0,,0,,0,0,0,1
1723314437,3843,8,8,8,8,32.562,0,0,0.11 | 0.11 | 0.11,0,0.67 | 0.86 | 1.10,0,3.63 | 4.65 | 6.00,19.000,0.000,0,1,0,0,0,0,-1,0,0,0,,0,,0,,0,0,0,1
1723314438,3843,8,8,8,8,32.562,0,0,0.11 | 0.11 | 0.11,0,0.67 | 0.86 | 1.10,0,3.63 | 4.65 | 6.00,19.000,0.000,0,1,0,0,0,0,-1,0,0,0,,0,,0,,0,0,0,1
1723314438,3843,8,8,8,8,32.562,0,0,0.11 | 0.11 | 0.11,0,0.67 | 0.86 | 1.10,0,3.63 | 4.65 | 6.00,19.000,0.000,0,1,0,0,0,0,-1,0,0,0,,0,,0,,0,0,0,1
1723314438,3843,8,8,8,8,32.562,0,0,0.11 | 0.11 | 0.11,0,0.67 | 0.86 | 1.10,0,3.63 | 4.65 | 6.00,19.000,0.000,0,1,0,0,0,0,-1,0,0,0,,0,,0,,0,0,0,1
1723314438,3843,8,8,8,8,32.562,0,0,0.11 | 0.11 | 0.11,0,0.67 | 0.86 | 1.10,0,3.63 | 4.65 | 6.00,19.000,0.000,0,1,0,0,0,0,-1,0,0,0,,0,,0,,0,0,0,1
1723314438,3843,8,8,8,8,32.562,0,0,0.11 | 0.11 | 0.11,0,0.67 | 0.86 | 1.10,0,3.63 | 4.65 | 6.00,19.000,0.000,0,1,0,0,0,0,-1,0,0,0,,0,,0,,0,0,0,1
1723314438,3843,8,8,8,8,32.562,0,0,0.11 | 0.11 | 0.11,0,0.67 | 0.86 | 1.10,0,3.63 | 4.65 | 6.00,19.000,0.000,0,1,0,0,0,0,-1,0,0,0,,0,,0,,0,0,0,1
1723314438,3843,8,8,8,8,32.562,0,0,0.11 | 0.11 | 0.11,0,0.67 | 0.86 | 1.10,0,3.63 | 4.65 | 6.00,19.000,0.000,0,1,0,0,0,0,-1,0,0,0,,0,,0,,0,0,0,1
1723314438,3843,8,8,8,8,32.562,0,0,0.11 | 0.11 | 0.11,0,0.67 | 0.86 | 1.10,0,3.63 | 4.65 | 6.00,19.000,0.000,0,1,0,0,0,0,-1,0,0,0,,0,,0,,0,0,0,1
1723314438,3843,8,8,8,8,32.562,0,0,0.11 | 0.11 | 0.11,0,0.67 | 0.86 | 1.10,0,3.63 | 4.65 | 6.00,19.000,0.000,0,1,0,0,0,0,-1,0,0,0,,0,,0,,0,0,0,1
1723314438,3843,8,8,8,8,31.5,0,0,0.11 | 0.11 | 0.11,0,0.67 | 0.86 | 1.10,0,3.63 | 4.65 | 6.00,19.000,0.000,0,1,0,0,0,0,-1,0,0,0,,0,,0,,0,0,0,1
1723314439,3843,8,8,8,8,31.5,0,0,0.11 | 0.11 | 0.11,0,0.67 | 0.86 | 1.10,0,3.63 | 4.65 | 6.00,19.000,0.000,0,1,0,0,0,0,-1,0,0,0,,0,,0,,0,0,0,1
1723314439,3843,8,8,8,8,31.5,0,0,0.11 | 0.11 | 0.11,0,0.67 | 0.86 | 1.10,0,3.63 | 4.65 | 6.00,19.000,0.000,0,1,0,0,0,0,-1,0,0,0,,0,,0,,0,0,0,1
1723314439,3843,8,8,8,8,31.5,0,0,0.11 | 0.11 | 0.11,0,0.67 | 0.86 | 1.10,0,3.63 | 4.65 | 6.00,19.000,0.000,0,1,0,0,0,0,-1,0,0,0,,0,,0,,0,0,0,1
1723314439,3843,8,8,8,8,31.5,0,0,0.11 | 0.11 | 0.11,0,0.67 | 0.86 | 1.10,0,3.63 | 4.65 | 6.00,19.000,0.000,0,1,0,0,0,0,-1,0,0,0,,0,,0,,0,0,0,1
1723314439,3843,8,8,8,8,31.5,0,0,0.11 | 0.11 | 0.11,0,0.67 | 0.86 | 1.10,0,3.63 | 4.65 | 6.00,19.000,0.000,0,1,0,0,0,0,-1,0,0,0,,0,,0,,0,0,0,1
1723314439,3843,8,8,8,8,31.5,0,0,0.11 | 0.11 | 0.11,0,0.67 | 0.86 | 1.10,0,3.63 | 4.65 | 6.00,19.000,0.000,0,1,0,0,0,0,-1,0,0,0,,0,,0,,0,0,0,1
1723314439,3843,8,8,8,8,31.5,0,0,0.11 | 0.11 | 0.11,0,0.67 | 0.86 | 1.10,0,3.63 | 4.65 | 6.00,19.000,0.000,0,1,0,0,0,0,-1,0,0,0,,0,,0,,0,0,0,1
1723314439,3843,8,8,8,8,31.5,0,0,0.11 | 0.11 | 0.11,0,0.67 | 0.86 | 1.10,0,3.63 | 4.65 | 6.00,19.000,0.000,0,1,0,0,0,0,-1,0,0,0,,0,,0,,0,0,0,1
1723314439,3843,8,8,8,8,31.5,0,0,0.11 | 0.11 | 0.11,0,0.67 | 0.86 | 1.10,0,3.63 | 4.65 | 6.00,19.000,0.000,0,1,0,0,0,0,-1,0,0,0,,0,,0,,0,0,0,1
1723314439,3843,8,8,8,8,30.437,0,0,0.11 | 0.11 | 0.11,0,0.67 | 0.86 | 1.10,0,3.63 | 4.65 | 6.00,19.000,0.000,0,1,0,0,0,0,-1,0,0,0,,0,,0,,0,0,0,1
1723314440,3843,8,8,8,8,30.437,0,0,0.11 | 0.11 | 0.11,0,0.67 | 0.86 | 1.10,0,3.63 | 4.65 | 6.00,19.000,0.000,0,1,0,0,0,0,-1,0,0,0,,0,,0,,0,0,0,1
1723314440,3843,8,8,8,8,30.437,0,0,0.11 | 0.11 | 0.11,0,0.67 | 0.86 | 1.10,0,3.63 | 4.65 | 6.00,19.000,0.000,0,1,0,0,0,0,-1,0,0,0,,0,,0,,0,0,0,1
1723314440,3843,8,8,8,8,30.437,0,0,0.11 | 0.11 | 0.11,0,0.67 | 0.86 | 1.10,0,3.63 | 4.65 | 6.00,19.000,0.000,0,1,0,0,0,0,-1,0,0,0,,0,,0,,0,0,0,1
1723314440,3843,8,8,8,8,30.437,0,0,0.11 | 0.11 | 0.11,0,0.67 | 0.86 | 1.10,0,3.63 | 4.65 | 6.00,19.000,0.000,0,1,0,0,0,0,-1,0,0,0,,0,,0,,0,0,0,1
1723314440,3843,8,8,8,8,30.437,0,0,0.11 | 0.11 | 0.11,0,0.67 | 0.86 | 1.10,0,3.63 | 4.65 | 6.00,19.000,0.000,0,1,0,0,0,0,-1,0,0,0,,0,,0,,0,0,0,1
1723314440,3843,8,8,8,8,30.437,0,0,0.11 | 0.11 | 0.11,0,0.67 | 0.86 | 1.10,0,3.63 | 4.65 | 6.00,19.000,0.000,0,1,0,0,0,0,-1,0,0,0,,0,,0,,0,0,0,1
1723314440,3843,8,8,8,8,30.437,0,0,0.11 | 0.11 | 0.11,0,0.67 | 0.86 | 1.10,0,3.63 | 4.65 | 6.00,19.000,0.000,0,1,0,0,0,0,-1,0,0,0,,0,,0,,0,0,0,1
1723314440,3843,8,8,8,8,30.437,0,0,0.11 | 0.11 | 0.11,0,0.67 | 0.86 | 1.10,0,3.63 | 4.65 | 6.00,19.000,0.000,0,1,0,0,0,0,-1,0,0,0,,0,,0,,0,0,0,1
1723314440,3843,8,8,8,8,30.437,0,0,0.11 | 0.11 | 0.11,0,0.67 | 0.86 | 1.10,0,3.63 | 4.65 | 6.00,19.000,0.000,0,1,0,0,0,0,-1,0,0,0,,0,,0,,0,0,0,1
1723314440,3843,8,8,8,8,29.375,0,0,0.11 | 0.11 | 0.11,0,0.67 | 0.86 | 1.10,0,3.63 | 4.65 | 6.00,19.000,0.000,0,1,0,0,0,0,-1,0,0,0,,0,,0,,0,0,0,1
1723314441,3843,8,8,8,8,29.375,0,0,0.11 | 0.11 | 0.11,0,0.67 | 0.86 | 1.10,0,3.63 | 4.65 | 6.00,19.000,0.000,0,1,0,0,0,0,-1,0,0,0,,0,,0,,0,0,0,1
1723314441,3843,8,8,8,8,29.375,0,0,0.11 | 0.11 | 0.11,0,0.67 | 0.86 | 1.10,0,3.63 | 4.65 | 6.00,19.000,0.000,0,1,0,0,0,0,-1,0,0,0,,0,,0,,0,0,0,1
1723314441,3843,8,8,8,8,29.375,0,0,0.11 | 0.11 | 0.11,0,0.67 | 0.86 | 1.10,0,3.63 | 4.65 | 6.00,19.000,0.000,0,1,0,0,0,0,-1,0,0,0,,0,,0,,0,0,0,1
1723314441,3843,8,8,8,8,29.375,0,0,0.11 | 0.11 | 0.11,0,0.67 | 0.86 | 1.10,0,3.63 | 4.65 | 6.00,19.000,0.000,0,1,0,0,0,0,-1,0,0,0,,0,,0,,0,0,0,1
1723314441,3843,8,8,8,8,29.375,0,0,0.11 | 0.11 | 0.11,0,0.67 | 0.86 | 1.10,0,3.63 | 4.65 | 6.00,19.000,0.000,0,1,0,0,0,0,-1,0,0,0,,0,,0,,0,0,0,1
1723314441,3843,8,8,8,8,29.375,0,0,0.11 | 0.11 | 0.11,0,0.67 | 0.86 | 1.10,0,3.63 | 4.65 | 6.00,19.000,0.000,0,1,0,0,0,0,-1,0,0,0,,0,,0,,0,0,0,1
1723314441,3843,8,8,8,8,29.375,0,0,0.11 | 0.11 | 0.11,0,0.67 | 0.86 | 1.10,0,3.63 | 4.65 | 6.00,19.000,0.000,0,1,0,0,0,0,-1,0,0,0,,0,,0,,0,0,0,1
1723314441,3843,8,8,8,8,29.375,0,0,0.11 | 0.11 | 0.11,0,0.67 | 0.86 | 1.10,0,3.63 | 4.65 | 6.00,19.000,0.000,0,1,0,0,0,0,-1,0,0,0,,0,,0,,0,0,0,1
1723314441,3843,8,8,8,8,29.375,0,0,0.11 | 0.11 | 0.11,0,0.67 | 0.86 | 1.10,0,3.63 | 4.65 | 6.00,19.000,0.000,0,1,0,0,0,0,-1,0,0,0,,0,,0,,0,0,0,1
1723314441,3843,8,8,8,8,31.778,0,0,0.11 | 0.11 | 0.11,0,0.59 | 0.84 | 1.10,0,3.63 | 4.76 | 6.75,19.012,0.000,0,1,0,0,0,0,-1,0,0,0,,0,,0,,0,0,0,1
1723314442,3843,8,8,8,8,31.778,0,0,0.11 | 0.11 | 0.11,0,0.59 | 0.84 | 1.10,0,3.63 | 4.76 | 6.75,19.012,0.000,0,1,0,0,0,0,-1,0,0,0,,0,,0,,0,0,0,1
1723314442,3843,8,8,8,8,31.778,0,0,0.11 | 0.11 | 0.11,0,0.59 | 0.84 | 1.10,0,3.63 | 4.76 | 6.75,19.012,0.000,0,1,0,0,0,0,-1,0,0,0,,0,,0,,0,0,0,1
1723314442,3843,8,8,8,8,31.778,0,0,0.11 | 0.11 | 0.11,0,0.59 | 0.84 | 1.10,0,3.63 | 4.76 | 6.75,19.012,0.000,0,1,0,0,0,0,-1,0,0,0,,0,,0,,0,0,0,1
1723314442,3843,8,8,8,8,31.778,0,0,0.11 | 0.11 | 0.11,0,0.59 | 0.84 | 1.10,0,3.63 | 4.76 | 6.75,19.012,0.000,0,1,0,0,0,0,-1,0,0,0,,0,,0,,0,0,0,1
1723314442,3843,8,8,8,8,31.778,0,0,0.11 | 0.11 | 0.11,0,0.59 | 0.84 | 1.10,0,3.63 | 4.76 | 6.75,19.012,0.000,0,1,0,0,0,0,-1,0,0,0,,0,,0,,0,0,0,1
1723314442,3843,8,8,8,8,31.778,0,0,0.11 | 0.11 | 0.11,0,0.59 | 0.84 | 1.10,0,3.63 | 4.76 | 6.75,19.012,0.000,0,1,0,0,0,0,-1,0,0,0,,0,,0,,0,0,0,1
1723314442,3843,8,8,8,8,31.778,0,0,0.11 | 0.11 | 0.11,0,0.59 | 0.84 | 1.10,0,3.63 | 4.76 | 6.75,19.012,0.000,0,1,0,0,0,0,-1,0,0,0,,0,,0,,0,0,0,1
1723314442,3843,8,8,8,8,31.778,0,0,0.11 | 0.11 | 0.11,0,0.59 | 0.84 | 1.10,0,3.63 | 4.76 | 6.75,19.012,0.000,0,1,0,0,0,0,-1,0,0,0,,0,,0,,0,0,0,1
1723314442,3843,8,8,8,8,31.778,0,0,0.11 | 0.11 | 0.11,0,0.59 | 0.84 | 1.10,0,3.63 | 4.76 | 6.75,19.012,0.000,0,1,0,0,0,0,-1,0,0,0,,0,,0,,0,0,0,1
1723314442,3843,8,8,8,8,30.558,0,0,0.11 | 0.11 | 0.11,0,0.59 | 0.84 | 1.10,0,3.63 | 4.76 | 6.75,19.012,0.000,0,1,0,0,0,0,-1,0,0,0,,0,,0,,0,0,0,1
1723314443,3843,8,8,8,8,30.558,0,0,0.11 | 0.11 | 0.11,0,0.59 | 0.84 | 1.10,0,3.63 | 4.76 | 6.75,19.012,0.000,0,1,0,0,0,0,-1,0,0,0,,0,,0,,0,0,0,1
1723314443,3843,8,8,8,8,30.558,0,0,0.11 | 0.11 | 0.11,0,0.59 | 0.84 | 1.10,0,3.63 | 4.76 | 6.75,19.012,0.000,0,1,0,0,0,0,-1,0,0,0,,0,,0,,0,0,0,1
1723314443,3843,8,8,8,8,30.558,0,0,0.11 | 0.11 | 0.11,0,0.59 | 0.84 | 1.10,0,3.63 | 4.76 | 6.75,19.012,0.000,0,1,0,0,0,0,-1,0,0,0,,0,,0,,0,0,0,1
1723314443,3843,8,8,8,8,30.558,0,0,0.11 | 0.11 | 0.11,0,0.59 | 0.84 | 1.10,0,3.63 | 4.76 | 6.75,19.012,0.000,0,1,0,0,0,0,-1,0,0,0,,0,,0,,0,0,0,1
1723314443,3843,8,8,8,8,30.558,0,0,0.11 | 0.11 | 0.11,0,0.59 | 0.84 | 1.10,0,3.63 | 4.76 | 6.75,19.012,0.000,0,1,0,0,0,0,-1,0,0,0,,0,,0,,0,0,0,1
1723314443,3843,8,8,8,8,30.558,0,0,0.11 | 0.11 | 0.11,0,0.59 | 0.84 | 1.10,0,3.63 | 4.76 | 6.75,19.012,0.000,0,1,0,0,0,0,-1,0,0,0,,0,,0,,0,0,0,1
1723314443,3843,8,8,8,8,30.558,0,0,0.11 | 0.11 | 0.11,0,0.59 | 0.84 | 1.10,0,3.63 | 4.76 | 6.75,19.012,0.000,0,1,0,0,0,0,-1,0,0,0,,0,,0,,0,0,0,1
1723314443,3843,8,8,8,8,30.558,0,0,0.11 | 0.11 | 0.11,0,0.59 | 0.84 | 1.10,0,3.63 | 4.76 | 6.75,19.012,0.000,0,1,0,0,0,0,-1,0,0,0,,0,,0,,0,0,0,1
1723314443,3843,8,8,8,8,30.558,0,0,0.11 | 0.11 | 0.11,0,0.59 | 0.84 | 1.10,0,3.63 | 4.76 | 6.75,19.012,0.000,0,1,0,0,0,0,-1,0,0,0,,0,,0,,0,0,0,1
1723314443,3843,8,8,8,8,29.653,0,0,0.11 | 0.11 | 0.11,0,0.59 | 0.84 | 1.10,0,3.63 | 4.76 | 6.75,19.012,0.000,0,1,0,0,0,0,-1,0,0,0,,0,,0,,0,0,0,1
1723314444,3843,8,8,8,8,29.653,0,0,0.11 | 0.11 | 0.11,0,0.59 | 0.84 | 1.10,0,3.63 | 4.76 | 6.75,19.012,0.000,0,1,0,0,0,0,-1,0,0,0,,0,,0,,0,0,0,1
1723314444,3843,8,8,8,8,29.653,0,0,0.11 | 0.11 | 0.11,0,0.59 | 0.84 | 1.10,0,3.63 | 4.76 | 6.75,19.012,0.000,0,1,0,0,0,0,-1,0,0,0,,0,,0,,0,0,0,1
1723314444,3843,8,8,8,8,29.653,0,0,0.11 | 0.11 | 0.11,0,0.59 | 0.84 | 1.10,0,3.63 | 4.76 | 6.75,19.012,0.000,0,1,0,0,0,0,-1,0,0,0,,0,,0,,0,0,0,1
1723314444,3843,8,8,8,8,29.653,0,0,0.11 | 0.11 | 0.11,0,0.59 | 0.84 | 1.10,0,3.63 | 4.76 | 6.75,19.012,0.000,0,1,0,0,0,0,-1,0,0,0,,0,,0,,0,0,0,1
1723314444,3843,8,8,8,8,29.653,0,0,0.11 | 0.11 | 0.11,0,0.59 | 0.84 | 1.10,0,3.63 | 4.76 | 6.75,19.012,0.000,0,1,0,0,0,0,-1,0,0,0,,0,,0,,0,0,0,1
1723314444,3843,8,8,8,8,29.653,0,0,0.11 | 0.11 | 0.11,0,0.59 | 0.84 | 1.10,0,3.63 | 4.76 | 6.75,19.012,0.000,0,1,0,0,0,0,-1,0,0,0,,0,,0,,0,0,0,1
1723314444,3843,8,8,8,8,29.653,0,0,0.11 | 0.11 | 0.11,0,0.59 | 0.84 | 1.10,0,3.63 | 4.76 | 6.75,19.012,0.000,0,1,0,0,0,0,-1,0,0,0,,0,,0,,0,0,0,1
1723314444,3843,8,8,8,8,29.653,0,0,0.11 | 0.11 | 0.11,0,0.59 | 0.84 | 1.10,0,3.63 | 4.76 | 6.75,19.012,0.000,0,1,0,0,0,0,-1,0,0,0,,0,,0,,0,0,0,1
1723314444,3843,8,8,8,8,29.653,0,0,0.11 | 0.11 | 0.11,0,0.59 | 0.84 | 1.10,0,3.63 | 4.76 | 6.75,19.012,0.000,0,1,0,0,0,0,-1,0,0,0,,0,,0,,0,0,0,1
1723314444,3843,8,8,8,8,28.59,0,0,0.11 | 0.11 | 0.11,0,0.59 | 0.84 | 1.10,0,3.63 | 4.76 | 6.75,19.012,0.000,0,1,0,0,0,0,-1,0,0,0,,0,,0,,0,0,0,1
1723314445,3843,8,8,8,8,28.59,0,0,0.11 | 0.11 | 0.11,0,0.59 | 0.84 | 1.10,0,3.63 | 4.76 | 6.75,19.012,0.000,0,1,0,0,0,0,-1,0,0,0,,0,,0,,0,0,0,1
1723314445,3843,8,8,8,8,28.59,0,0,0.11 | 0.11 | 0.11,0,0.59 | 0.84 | 1.10,0,3.63 | 4.76 | 6.75,19.012,0.000,0,1,0,0,0,0,-1,0,0,0,,0,,0,,0,0,0,1
1723314445,3843,8,8,8,8,28.59,0,0,0.11 | 0.11 | 0.11,0,0.59 | 0.84 | 1.10,0,3.63 | 4.76 | 6.75,19.012,0.000,0,1,0,0,0,0,-1,0,0,0,,0,,0,,0,0,0,1
1723314445,3843,8,8,8,8,28.59,0,0,0.11 | 0.11 | 0.11,0,0.59 | 0.84 | 1.10,0,3.63 | 4.76 | 6.75,19.012,0.000,0,1,0,0,0,0,-1,0,0,0,,0,,0,,0,0,0,1
1723314445,3843,8,8,8,8,28.59,0,0,0.11 | 0.11 | 0.11,0,0.59 | 0.84 | 1.10,0,3.63 | 4.76 | 6.75,19.012,0.000,0,1,0,0,0,0,-1,0,0,0,,0,,0,,0,0,0,1
1723314445,3843,8,8,8,8,28.59,0,0,0.11 | 0.11 | 0.11,0,0.59 | 0.84 | 1.10,0,3.63 | 4.76 | 6.75,19.012,0.000,0,1,0,0,0,0,-1,0,0,0,,0,,0,,0,0,0,1
1723314445,3843,8,8,8,8,28.59,0,0,0.11 | 0.11 | 0.11,0,0.59 | 0.84 | 1.10,0,3.63 | 4.76 | 6.75,19.012,0.000,0,1,0,0,0,0,-1,0,0,0,,0,,0,,0,0,0,1
1723314445,3843,8,8,8,8,28.59,0,0,0.11 | 0.11 | 0.11,0,0.59 | 0.84 | 1.10,0,3.63 | 4.76 | 6.75,19.012,0.000,0,1,0,0,0,0,-1,0,0,0,,0,,0,,0,0,0,1
1723314445,3843,8,8,8,8,28.59,0,0,0.11 | 0.11 | 0.11,0,0.59 | 0.84 | 1.10,0,3.63 | 4.76 | 6.75,19.012,0.000,0,1,0,0,0,0,-1,0,0,0,,0,,0,,0,0,0,1
1723314445,3843,8,8,8,8,32.593,0,0,0.11 | 0.11 | 0.11,0,0.59 | 0.83 | 1.06,0,3.78 | 4.82 | 6.75,19.012,0.000,0,1,0,0,0,0,-1,0,0,0,,0,,0,,0,0,0,1
1723314446,3843,8,8,8,8,32.593,0,0,0.11 | 0.11 | 0.11,0,0.59 | 0.83 | 1.06,0,3.78 | 4.82 | 6.75,19.012,0.000,0,1,0,0,0,0,-1,0,0,0,,0,,0,,0,0,0,1
1723314446,3843,8,8,8,8,32.593,0,0,0.11 | 0.11 | 0.11,0,0.59 | 0.83 | 1.06,0,3.78 | 4.82 | 6.75,19.012,0.000,0,1,0,0,0,0,-1,0,0,0,,0,,0,,0,0,0,1
1723314446,3843,8,8,8,8,32.593,0,0,0.11 | 0.11 | 0.11,0,0.59 | 0.83 | 1.06,0,3.78 | 4.82 | 6.75,19.012,0.000,0,1,0,0,0,0,-1,0,0,0,,0,,0,,0,0,0,1
1723314446,3843,8,8,8,8,32.593,0,0,0.11 | 0.11 | 0.11,0,0.59 | 0.83 | 1.06,0,3.78 | 4.82 | 6.75,19.012,0.000,0,1,0,0,0,0,-1,0,0,0,,0,,0,,0,0,0,1
1723314446,3843,8,8,8,8,32.593,0,0,0.11 | 0.11 | 0.11,0,0.59 | 0.83 | 1.06,0,3.78 | 4.82 | 6.75,19.012,0.000,0,1,0,0,0,0,-1,0,0,0,,0,,0,,0,0,0,1
1723314446,3843,8,8,8,8,32.593,0,0,0.11 | 0.11 | 0.11,0,0.59 | 0.83 | 1.06,0,3.78 | 4.82 | 6.75,19.012,0.000,0,1,0,0,0,0,-1,0,0,0,,0,,0,,0,0,0,1
1723314446,3843,8,8,8,8,32.593,0,0,0.11 | 0.11 | 0.11,0,0.59 | 0.83 | 1.06,0,3.78 | 4.82 | 6.75,19.012,0.000,0,1,0,0,0,0,-1,0,0,0,,0,,0,,0,0,0,1
1723314446,3843,8,8,8,8,32.593,0,0,0.11 | 0.11 | 0.11,0,0.59 | 0.83 | 1.06,0,3.78 | 4.82 | 6.75,19.012,0.000,0,1,0,0,0,0,-1,0,0,0,,0,,0,,0,0,0,1
1723314446,3843,8,8,8,8,32.593,0,0,0.11 | 0.11 | 0.11,0,0.59 | 0.83 | 1.06,0,3.78 | 4.82 | 6.75,19.012,0.000,0,1,0,0,0,0,-1,0,0,0,,0,,0,,0,0,0,1
1723314446,3843,8,8,8,8,31.531,0,0,0.11 | 0.11 | 0.11,0,0.59 | 0.83 | 1.06,0,3.78 | 4.82 | 6.75,19.012,0.000,0,1,0,0,0,0,-1,0,0,0,,0,,0,,0,0,0,1
1723314447,3843,8,8,8,8,31.531,0,0,0.11 | 0.11 | 0.11,0,0.59 | 0.83 | 1.06,0,3.78 | 4.82 | 6.75,19.012,0.000,0,1,0,0,0,0,-1,0,0,0,,0,,0,,0,0,0,1
1723314447,3843,8,8,8,8,31.531,0,0,0.11 | 0.11 | 0.11,0,0.59 | 0.83 | 1.06,0,3.78 | 4.82 | 6.75,19.012,0.000,0,1,0,0,0,0,-1,0,0,0,,0,,0,,0,0,0,1
1723314447,3843,8,8,8,8,31.531,0,0,0.11 | 0.11 | 0.11,0,0.59 | 0.83 | 1.06,0,3.78 | 4.82 | 6.75,19.012,0.000,0,1,0,0,0,0,-1,0,0,0,,0,,0,,0,0,0,1
1723314447,3843,8,8,8,8,31.531,0,0,0.11 | 0.11 | 0.11,0,0.59 | 0.83 | 1.06,0,3.78 | 4.82 | 6.75,19.012,0.000,0,1,0,0,0,0,-1,0,0,0,,0,,0,,0,0,0,1
1723314447,3843,8,8,8,8,31.531,0,0,0.11 | 0.11 | 0.11,0,0.59 | 0.83 | 1.06,0,3.78 | 4.82 | 6.75,19.012,0.000,0,1,0,0,0,0,-1,0,0,0,,0,,0,,0,0,0,1
1723314447,3843,8,8,8,8,31.531,0,0,0.11 | 0.11 | 0.11,0,0.59 | 0.83 | 1.06,0,3.78 | 4.82 | 6.75,19.012,0.000,0,1,0,0,0,0,-1,0,0,0,,0,,0,,0,0,0,1
1723314447,3843,8,8,8,8,31.531,0,0,0.11 | 0.11 | 0.11,0,0.59 | 0.83 | 1.06,0,3.78 | 4.82 | 6.75,19.012,0.000,0,1,0,0,0,0,-1,0,0,0,,0,,0,,0,0,0,1
1723314447,3843,8,8,8,8,31.531,0,0,0.11 | 0.11 | 0.11,0,0.59 | 0.83 | 1.06,0,3.78 | 4.82 | 6.75,19.012,0.000,0,1,0,0,0,0,-1,0,0,0,,0,,0,,0,0,0,1
1723314447,3843,8,8,8,8,31.531,0,0,0.11 | 0.11 | 0.11,0,0.59 | 0.83 | 1.06,0,3.78 | 4.82 | 6.75,19.012,0.000,0,1,0,0,0,0,-1,0,0,0,,0,,0,,0,0,0,1
1723314447,3843,8,8,8,8,30.468,0,0,0.11 | 0.11 | 0.11,0,0.59 | 0.83 | 1.06,0,3.78 | 4.82 | 6.75,19.012,0.000,0,1,0,0,0,0,-1,0,0,0,,0,,0,,0,0,0,1
1723314448,3843,8,8,8,8,30.468,0,0,0.11 | 0.11 | 0.11,0,0.59 | 0.83 | 1.06,0,3.78 | 4.82 | 6.75,19.012,0.000,0,1,0,0,0,0,-1,0,0,0,,0,,0,,0,0,0,1
1723314448,3843,8,8,8,8,30.468,0,0,0.11 | 0.11 | 0.11,0,0.59 | 0.83 | 1.06,0,3.78 | 4.82 | 6.75,19.012,0.000,0,1,0,0,0,0,-1,0,0,0,,0,,0,,0,0,0,1
1723314448,3843,8,8,8,8,30.468,0,0,0.11 | 0.11 | 0.11,0,0.59 | 0.83 | 1.06,0,3.78 | 4.82 | 6.75,19.012,0.000,0,1,0,0,0,0,-1,0,0,0,,0,,0,,0,0,0,1
1723314448,3843,8,8,8,8,30.468,0,0,0.11 | 0.11 | 0.11,0,0.59 | 0.83 | 1.06,0,3.78 | 4.82 | 6.75,19.012,0.000,0,1,0,0,0,0,-1,0,0,0,,0,,0,,0,0,0,1
1723314448,3843,8,8,8,8,30.468,0,0,0.11 | 0.11 | 0.11,0,0.59 | 0.83 | 1.06,0,3.78 | 4.82 | 6.75,19.012,0.000,0,1,0,0,0,0,-1,0,0,0,,0,,0,,0,0,0,1
1723314448,3843,8,8,8,8,30.468,0,0,0.11 | 0.11 | 0.11,0,0.59 | 0.83 | 1.06,0,3.78 | 4.82 | 6.75,19.012,0.000,0,1,0,0,0,0,-1,0,0,0,,0,,0,,0,0,0,1
1723314448,3843,8,8,8,8,30.468,0,0,0.11 | 0.11 | 0.11,0,0.59 | 0.83 | 1.06,0,3.78 | 4.82 | 6.75,19.012,0.000,0,1,0,0,0,0,-1,0,0,0,,0,,0,,0,0,0,1
1723314448,3843,8,8,8,8,30.468,0,0,0.11 | 0.11 | 0.11,0,0.59 | 0.83 | 1.06,0,3.78 | 4.82 | 6.75,19.012,0.000,0,1,0,0,0,0,-1,0,0,0,,0,,0,,0,0,0,1
1723314448,3843,8,8,8,8,30.468,0,0,0.11 | 0.11 | 0.11,0,0.59 | 0.83 | 1.06,0,3.78 | 4.82 | 6.75,19.012,0.000,0,1,0,0,0,0,-1,0,0,0,,0,,0,,0,0,0,1
1723314448,3843,8,8,8,8,29.406,0,0,0.11 | 0.11 | 0.11,0,0.59 | 0.83 | 1.06,0,3.78 | 4.82 | 6.75,19.012,0.000,0,1,0,0,0,0,-1,0,0,0,,0,,0,,0,0,0,1
1723314449,3843,8,8,8,8,29.406,0,0,0.11 | 0.11 | 0.11,0,0.59 | 0.83 | 1.06,0,3.78 | 4.82 | 6.75,19.012,0.000,0,1,0,0,0,0,-1,0,0,0,,0,,0,,0,0,0,1
1723314449,3843,8,8,8,8,29.406,0,0,0.11 | 0.11 | 0.11,0,0.59 | 0.83 | 1.06,0,3.78 | 4.82 | 6.75,19.012,0.000,0,1,0,0,0,0,-1,0,0,0,,0,,0,,0,0,0,1
1723314449,3843,8,8,8,8,29.406,0,0,0.11 | 0.11 | 0.11,0,0.59 | 0.83 | 1.06,0,3.78 | 4.82 | 6.75,19.012,0.000,0,1,0,0,0,0,-1,0,0,0,,0,,0,,0,0,0,1
1723314449,3843,8,8,8,8,29.406,0,0,0.11 | 0.11 | 0.11,0,0.59 | 0.83 | 1.06,0,3.78 | 4.82 | 6.75,19.012,0.000,0,1,0,0,0,0,-1,0,0,0,,0,,0,,0,0,0,1
1723314449,3843,8,8,8,8,29.406,0,0,0.11 | 0.11 | 0.11,0,0.59 | 0.83 | 1.06,0,3.78 | 4.82 | 6.75,19.012,0.000,0,1,0,0,0,0,-1,0,0,0,,0,,0,,0,0,0,1
1723314449,3843,8,8,8,8,29.406,0,0,0.11 | 0.11 | 0.11,0,0.59 | 0.83 | 1.06,0,3.78 | 4.82 | 6.75,19.012,0.000,0,1,0,0,0,0,-1,0,0,0,,0,,0,,0,0,0,1
1723314449,3843,8,8,8,8,29.406,0,0,0.11 | 0.11 | 0.11,0,0.59 | 0.83 | 1.06,0,3.78 | 4.82 | 6.75,19.012,0.000,0,1,0,0,0,0,-1,0,0,0,,0,,0,,0,0,0,1
1723314449,3843,8,8,8,8,29.406,0,0,0.11 | 0.11 | 0.11,0,0.59 | 0.83 | 1.06,0,3.78 | 4.82 | 6.75,19.012,0.000,0,1,0,0,0,0,-1,0,0,0,,0,,0,,0,0,0,1
1723314449,3843,8,8,8,8,29.406,0,0,0.11 | 0.11 | 0.11,0,0.59 | 0.83 | 1.06,0,3.78 | 4.82 | 6.75,19.012,0.000,0,1,0,0,0,0,-1,0,0,0,,0,,0,,0,0,0,1
1723314449,3843,8,8,8,8,31.653,0,0,0.11 | 0.11 | 0.11,0,0.59 | 0.84 | 1.06,0,3.78 | 4.75 | 6.75,18.985,0.000,0,1,0,0,0,0,-1,0,0,0,,0,,0,,0,0,0,1
1723314450,3843,8,8,8,8,31.653,0,0,0.11 | 0.11 | 0.11,0,0.59 | 0.84 | 1.06,0,3.78 | 4.75 | 6.75,18.985,0.000,0,1,0,0,0,0,-1,0,0,0,,0,,0,,0,0,0,1
1723314450,3843,8,8,8,8,31.653,0,0,0.11 | 0.11 | 0.11,0,0.59 | 0.84 | 1.06,0,3.78 | 4.75 | 6.75,18.985,0.000,0,1,0,0,0,0,-1,0,0,0,,0,,0,,0,0,0,1
1723314450,3843,8,8,8,8,31.653,0,0,0.11 | 0.11 | 0.11,0,0.59 | 0.84 | 1.06,0,3.78 | 4.75 | 6.75,18.985,0.000,0,1,0,0,0,0,-1,0,0,0,,0,,0,,0,0,0,1
1723314450,3843,8,8,8,8,31.653,0,0,0.11 | 0.11 | 0.11,0,0.59 | 0.84 | 1.06,0,3.78 | 4.75 | 6.75,18.985,0.000,0,1,0,0,0,0,-1,0,0,0,,0,,0,,0,0,0,1
1723314450,3843,8,8,8,8,31.653,0,0,0.11 | 0.11 | 0.11,0,0.59 | 0.84 | 1.06,0,3.78 | 4.75 | 6.75,18.985,0.000,0,1,0,0,0,0,-1,0,0,0,,0,,0,,0,0,0,1
1723314450,3843,8,8,8,8,31.653,0,0,0.11 | 0.11 | 0.11,0,0.59 | 0.84 | 1.06,0,3.78 | 4.75 | 6.75,18.985,0.000,0,1,0,0,0,0,-1,0,0,0,,0,,0,,0,0,0,1
1723314450,3843,8,8,8,8,31.653,0,0,0.11 | 0.11 | 0.11,0,0.59 | 0.84 | 1.06,0,3.78 | 4.75 | 6.75,18.985,0.000,0,1,0,0,0,0,-1,0,0,0,,0,,0,,0,0,0,1
1723314450,3843,8,8,8,8,31.653,0,0,0.11 | 0.11 | 0.11,0,0.59 | 0.84 | 1.06,0,3.78 | 4.75 | 6.75,18.985,0.000,0,1,0,0,0,0,-1,0,0,0,,0,,0,,0,0,0,1
1723314450,3843,8,8,8,8,31.653,0,0,0.11 | 0.11 | 0.11,0,0.59 | 0.84 | 1.06,0,3.78 | 4.75 | 6.75,18.985,0.000,0,1,0,0,0,0,-1,0,0,0,,0,,0,,0,0,0,1
1723314450,3843,8,8,8,8,30.746,0,0,0.11 | 0.11 | 0.11,0,0.59 | 0.84 | 1.06,0,3.78 | 4.75 | 6.75,18.985,0.000,0,1,0,0,0,0,-1,0,0,0,,0,,0,,0,0,0,1
1723314451,3843,8,8,8,8,30.746,0,0,0.11 | 0.11 | 0.11,0,0.59 | 0.84 | 1.06,0,3.78 | 4.75 | 6.75,18.985,0.000,0,1,0,0,0,0,-1,0,0,0,,0,,0,,0,0,0,1
1723314451,3843,8,8,8,8,30.746,0,0,0.11 | 0.11 | 0.11,0,0.59 | 0.84 | 1.06,0,3.78 | 4.75 | 6.75,18.985,0.000,0,1,0,0,0,0,-1,0,0,0,,0,,0,,0,0,0,1
1723314451,3843,8,8,8,8,30.746,0,0,0.11 | 0.11 | 0.11,0,0.59 | 0.84 | 1.06,0,3.78 | 4.75 | 6.75,18.985,0.000,0,1,0,0,0,0,-1,0,0,0,,0,,0,,0,0,0,1
1723314451,3843,8,8,8,8,30.746,0,0,0.11 | 0.11 | 0.11,0,0.59 | 0.84 | 1.06,0,3.78 | 4.75 | 6.75,18.985,0.000,0,1,0,0,0,0,-1,0,0,0,,0,,0,,0,0,0,1
1723314451,3843,8,8,8,8,30.746,0,0,0.11 | 0.11 | 0.11,0,0.59 | 0.84 | 1.06,0,3.78 | 4.75 | 6.75,18.985,0.000,0,1,0,0,0,0,-1,0,0,0,,0,,0,,0,0,0,1
1723314451,3843,8,8,8,8,30.746,0,0,0.11 | 0.11 | 0.11,0,0.59 | 0.84 | 1.06,0,3.78 | 4.75 | 6.75,18.985,0.000,0,1,0,0,0,0,-1,0,0,0,,0,,0,,0,0,0,1
1723314451,3843,8,8,8,8,30.746,0,0,0.11 | 0.11 | 0.11,0,0.59 | 0.84 | 1.06,0,3.78 | 4.75 | 6.75,18.985,0.000,0,1,0,0,0,0,-1,0,0,0,,0,,0,,0,0,0,1
1723314451,3843,8,8,8,8,30.746,0,0,0.11 | 0.11 | 0.11,0,0.59 | 0.84 | 1.06,0,3.78 | 4.75 | 6.75,18.985,0.000,0,1,0,0,0,0,-1,0,0,0,,0,,0,,0,0,0,1
1723314451,3843,8,8,8,8,30.746,0,0,0.11 | 0.11 | 0.11,0,0.59 | 0.84 | 1.06,0,3.78 | 4.75 | 6.75,18.985,0.000,0,1,0,0,0,0,-1,0,0,0,,0,,0,,0,0,0,1
1723314451,3843,8,8,8,8,29.684,0,0,0.11 | 0.11 | 0.11,0,0.59 | 0.84 | 1.06,0,3.78 | 4.75 | 6.75,18.985,0.000,0,1,0,0,0,0,-1,0,0,0,,0,,0,,0,0,0,1
1723314452,3843,8,8,8,8,29.684,0,0,0.11 | 0.11 | 0.11,0,0.59 | 0.84 | 1.06,0,3.78 | 4.75 | 6.75,18.985,0.000,0,1,0,0,0,0,-1,0,0,0,,0,,0,,0,0,0,1
1723314452,3843,8,8,8,8,29.684,0,0,0.11 | 0.11 | 0.11,0,0.59 | 0.84 | 1.06,0,3.78 | 4.75 | 6.75,18.985,0.000,0,1,0,0,0,0,-1,0,0,0,,0,,0,,0,0,0,1
1723314452,3843,8,8,8,8,29.684,0,0,0.11 | 0.11 | 0.11,0,0.59 | 0.84 | 1.06,0,3.78 | 4.75 | 6.75,18.985,0.000,0,1,0,0,0,0,-1,0,0,0,,0,,0,,0,0,0,1
1723314452,3843,8,8,8,8,29.684,0,0,0.11 | 0.11 | 0.11,0,0.59 | 0.84 | 1.06,0,3.78 | 4.75 | 6.75,18.985,0.000,0,1,0,0,0,0,-1,0,0,0,,0,,0,,0,0,0,1
1723314452,3843,8,8,8,8,29.684,0,0,0.11 | 0.11 | 0.11,0,0.59 | 0.84 | 1.06,0,3.78 | 4.75 | 6.75,18.985,0.000,0,1,0,0,0,0,-1,0,0,0,,0,,0,,0,0,0,1
1723314452,3843,8,8,8,8,29.684,0,0,0.11 | 0.11 | 0.11,0,0.59 | 0.84 | 1.06,0,3.78 | 4.75 | 6.75,18.985,0.000,0,1,0,0,0,0,-1,0,0,0,,0,,0,,0,0,0,1
1723314452,3843,8,8,8,8,29.684,0,0,0.11 | 0.11 | 0.11,0,0.59 | 0.84 | 1.06,0,3.78 | 4.75 | 6.75,18.985,0.000,0,1,0,0,0,0,-1,0,0,0,,0,,0,,0,0,0,1
1723314452,3843,8,8,8,8,29.684,0,0,0.11 | 0.11 | 0.11,0,0.59 | 0.84 | 1.06,0,3.78 | 4.75 | 6.75,18.985,0.000,0,1,0,0,0,0,-1,0,0,0,,0,,0,,0,0,0,1
1723314452,3843,8,8,8,8,29.684,0,0,0.11 | 0.11 | 0.11,0,0.59 | 0.84 | 1.06,0,3.78 | 4.75 | 6.75,18.985,0.000,0,1,0,0,0,0,-1,0,0,0,,0,,0,,0,0,0,1
1723314452,3843,8,8,8,8,33.358,0,0,0.11 | 0.11 | 0.11,0,0.59 | 0.84 | 1.06,0,3.78 | 4.77 | 6.75,18.982,0.000,0,1,0,0,0,0,-1,0,0,0,,0,,0,,0,0,0,1
1723314453,3843,8,8,8,8,33.358,0,0,0.11 | 0.11 | 0.11,0,0.59 | 0.84 | 1.06,0,3.78 | 4.77 | 6.75,18.982,0.000,0,1,0,0,0,0,-1,0,0,0,,0,,0,,0,0,0,1
1723314453,3843,8,8,8,8,33.358,0,0,0.11 | 0.11 | 0.11,0,0.59 | 0.84 | 1.06,0,3.78 | 4.77 | 6.75,18.982,0.000,0,1,0,0,0,0,-1,0,0,0,,0,,0,,0,0,0,1
1723314453,3843,8,8,8,8,33.358,0,0,0.11 | 0.11 | 0.11,0,0.59 | 0.84 | 1.06,0,3.78 | 4.77 | 6.75,18.982,0.000,0,1,0,0,0,0,-1,0,0,0,,0,,0,,0,0,0,1
1723314453,3843,8,8,8,8,33.358,0,0,0.11 | 0.11 | 0.11,0,0.59 | 0.84 | 1.06,0,3.78 | 4.77 | 6.75,18.982,0.000,0,1,0,0,0,0,-1,0,0,0,,0,,0,,0,0,0,1
1723314453,3843,8,8,8,8,33.358,0,0,0.11 | 0.11 | 0.11,0,0.59 | 0.84 | 1.06,0,3.78 | 4.77 | 6.75,18.982,0.000,0,1,0,0,0,0,-1,0,0,0,,0,,0,,0,0,0,1
1723314453,3843,8,8,8,8,33.358,0,0,0.11 | 0.11 | 0.11,0,0.59 | 0.84 | 1.06,0,3.78 | 4.77 | 6.75,18.982,0.000,0,1,0,0,0,0,-1,0,0,0,,0,,0,,0,0,0,1
1723314453,3843,8,8,8,8,33.358,0,0,0.11 | 0.11 | 0.11,0,0.59 | 0.84 | 1.06,0,3.78 | 4.77 | 6.75,18.982,0.000,0,1,0,0,0,0,-1,0,0,0,,0,,0,,0,0,0,1
1723314453,3843,8,8,8,8,33.358,0,0,0.11 | 0.11 | 0.11,0,0.59 | 0.84 | 1.06,0,3.78 | 4.77 | 6.75,18.982,0.000,0,1,0,0,0,0,-1,0,0,0,,0,,0,,0,0,0,1
1723314453,3843,8,8,8,8,33.358,0,0,0.11 | 0.11 | 0.11,0,0.59 | 0.84 | 1.06,0,3.78 | 4.77 | 6.75,18.982,0.000,0,1,0,0,0,0,-1,0,0,0,,0,,0,,0,0,0,1
1723314453,3843,8,8,8,8,32.359,0,0,0.11 | 0.11 | 0.11,0,0.59 | 0.84 | 1.06,0,3.78 | 4.77 | 6.75,18.982,0.000,0,1,0,0,0,0,-1,0,0,0,,0,,0,,0,0,0,1
1723314454,3843,8,8,8,8,32.359,0,0,0.11 | 0.11 | 0.11,0,0.59 | 0.84 | 1.06,0,3.78 | 4.77 | 6.75,18.982,0.000,0,1,0,0,0,0,-1,0,0,0,,0,,0,,0,0,0,1
1723314454,3843,8,8,8,8,32.359,0,0,0.11 | 0.11 | 0.11,0,0.59 | 0.84 | 1.06,0,3.78 | 4.77 | 6.75,18.982,0.000,0,1,0,0,0,0,-1,0,0,0,,0,,0,,0,0,0,1
1723314454,3843,8,8,8,8,32.359,0,0,0.11 | 0.11 | 0.11,0,0.59 | 0.84 | 1.06,0,3.78 | 4.77 | 6.75,18.982,0.000,0,1,0,0,0,0,-1,0,0,0,,0,,0,,0,0,0,1
1723314454,3843,8,8,8,8,32.359,0,0,0.11 | 0.11 | 0.11,0,0.59 | 0.84 | 1.06,0,3.78 | 4.77 | 6.75,18.982,0.000,0,1,0,0,0,0,-1,0,0,0,,0,,0,,0,0,0,1
1723314454,3843,8,8,8,8,32.359,0,0,0.11 | 0.11 | 0.11,0,0.59 | 0.84 | 1.06,0,3.78 | 4.77 | 6.75,18.982,0.000,0,1,0,0,0,0,-1,0,0,0,,0,,0,,0,0,0,1
1723314454,3843,8,8,8,8,32.359,0,0,0.11 | 0.11 | 0.11,0,0.59 | 0.84 | 1.06,0,3.78 | 4.77 | 6.75,18.982,0.000,0,1,0,0,0,0,-1,0,0,0,,0,,0,,0,0,0,1
1723314454,3843,8,8,8,8,32.359,0,0,0.11 | 0.11 | 0.11,0,0.59 | 0.84 | 1.06,0,3.78 | 4.77 | 6.75,18.982,0.000,0,1,0,0,0,0,-1,0,0,0,,0,,0,,0,0,0,1
1723314454,3843,8,8,8,8,32.359,0,0,0.11 | 0.11 | 0.11,0,0.59 | 0.84 | 1.06,0,3.78 | 4.77 | 6.75,18.982,0.000,0,1,0,0,0,0,-1,0,0,0,,0,,0,,0,0,0,1
1723314454,3843,8,8,8,8,32.359,0,0,0.11 | 0.11 | 0.11,0,0.59 | 0.84 | 1.06,0,3.78 | 4.77 | 6.75,18.982,0.000,0,1,0,0,0,0,-1,0,0,0,,0,,0,,0,0,0,1
1723314454,3843,8,8,8,8,31.562,0,0,0.11 | 0.11 | 0.11,0,0.59 | 0.84 | 1.06,0,3.78 | 4.77 | 6.75,18.982,0.000,0,1,0,0,0,0,-1,0,0,0,,0,,0,,0,0,0,1
1723314455,3843,8,8,8,8,31.562,0,0,0.11 | 0.11 | 0.11,0,0.59 | 0.84 | 1.06,0,3.78 | 4.77 | 6.75,18.982,0.000,0,1,0,0,0,0,-1,0,0,0,,0,,0,,0,0,0,1
1723314455,3843,8,8,8,8,31.562,0,0,0.11 | 0.11 | 0.11,0,0.59 | 0.84 | 1.06,0,3.78 | 4.77 | 6.75,18.982,0.000,0,1,0,0,0,0,-1,0,0,0,,0,,0,,0,0,0,1
1723314455,3843,8,8,8,8,31.562,0,0,0.11 | 0.11 | 0.11,0,0.59 | 0.84 | 1.06,0,3.78 | 4.77 | 6.75,18.982,0.000,0,1,0,0,0,0,-1,0,0,0,,0,,0,,0,0,0,1
1723314455,3843,8,8,8,8,31.562,0,0,0.11 | 0.11 | 0.11,0,0.59 | 0.84 | 1.06,0,3.78 | 4.77 | 6.75,18.982,0.000,0,1,0,0,0,0,-1,0,0,0,,0,,0,,0,0,0,1
1723314455,3843,8,8,8,8,31.562,0,0,0.11 | 0.11 | 0.11,0,0.59 | 0.84 | 1.06,0,3.78 | 4.77 | 6.75,18.982,0.000,0,1,0,0,0,0,-1,0,0,0,,0,,0,,0,0,0,1
1723314455,3843,8,8,8,8,31.562,0,0,0.11 | 0.11 | 0.11,0,0.59 | 0.84 | 1.06,0,3.78 | 4.77 | 6.75,18.982,0.000,0,1,0,0,0,0,-1,0,0,0,,0,,0,,0,0,0,1
1723314455,3843,8,8,8,8,31.562,0,0,0.11 | 0.11 | 0.11,0,0.59 | 0.84 | 1.06,0,3.78 | 4.77 | 6.75,18.982,0.000,0,1,0,0,0,0,-1,0,0,0,,0,,0,,0,0,0,1
1723314455,3843,8,8,8,8,31.562,0,0,0.11 | 0.11 | 0.11,0,0.59 | 0.84 | 1.06,0,3.78 | 4.77 | 6.75,18.982,0.000,0,1,0,0,0,0,-1,0,0,0,,0,,0,,0,0,0,1
1723314455,3843,8,8,8,8,31.562,0,0,0.11 | 0.11 | 0.11,0,0.59 | 0.84 | 1.06,0,3.78 | 4.77 | 6.75,18.982,0.000,0,1,0,0,0,0,-1,0,0,0,,0,,0,,0,0,0,1
1723314455,3843,8,8,8,8,30.5,0,0,0.11 | 0.11 | 0.11,0,0.59 | 0.84 | 1.06,0,3.78 | 4.77 | 6.75,18.982,0.000,0,1,0,0,0,0,-1,0,0,0,,0,,0,,0,0,0,1
1723314456,3843,8,8,8,8,30.5,0,0,0.11 | 0.11 | 0.11,0,0.59 | 0.84 | 1.06,0,3.78 | 4.77 | 6.75,18.982,0.000,0,1,0,0,0,0,-1,0,0,0,,0,,0,,0,0,0,1
1723314456,3843,8,8,8,8,30.5,0,0,0.11 | 0.11 | 0.11,0,0.59 | 0.84 | 1.06,0,3.78 | 4.77 | 6.75,18.982,0.000,0,1,0,0,0,0,-1,0,0,0,,0,,0,,0,0,0,1
1723314456,3843,8,8,8,8,30.5,0,0,0.11 | 0.11 | 0.11,0,0.59 | 0.84 | 1.06,0,3.78 | 4.77 | 6.75,18.982,0.000,0,1,0,0,0,0,-1,0,0,0,,0,,0,,0,0,0,1
1723314456,3843,8,8,8,8,30.5,0,0,0.11 | 0.11 | 0.11,0,0.59 | 0.84 | 1.06,0,3.78 | 4.77 | 6.75,18.982,0.000,0,1,0,0,0,0,-1,0,0,0,,0,,0,,0,0,0,1
1723314456,3843,8,8,8,8,30.5,0,0,0.11 | 0.11 | 0.11,0,0.59 | 0.84 | 1.06,0,3.78 | 4.77 | 6.75,18.982,0.000,0,1,0,0,0,0,-1,0,0,0,,0,,0,,0,0,0,1
1723314456,3843,8,8,8,8,30.5,0,0,0.11 | 0.11 | 0.11,0,0.59 | 0.84 | 1.06,0,3.78 | 4.77 | 6.75,18.982,0.000,0,1,0,0,0,0,-1,0,0,0,,0,,0,,0,0,0,1
1723314456,3843,8,8,8,8,30.5,0,0,0.11 | 0.11 | 0.11,0,0.59 | 0.84 | 1.06,0,3.78 | 4.77 | 6.75,18.982,0.000,0,1,0,0,0,0,-1,0,0,0,,0,,0,,0,0,0,1
1723314456,3843,8,8,8,8,30.5,0,0,0.11 | 0.11 | 0.11,0,0.59 | 0.84 | 1.06,0,3.78 | 4.77 | 6.75,18.982,0.000,0,1,0,0,0,0,-1,0,0,0,,0,,0,,0,0,0,1
1723314456,3843,8,8,8,8,30.5,0,0,0.11 | 0.11 | 0.11,0,0.59 | 0.84 | 1.06,0,3.78 | 4.77 | 6.75,18.982,0.000,0,1,0,0,0,0,-1,0,0,0,,0,,0,,0,0,0,1
1723314456,3843,8,8,8,8,29.437,0,0,0.11 | 0.11 | 0.11,0,0.59 | 0.84 | 1.06,0,3.78 | 4.77 | 6.75,18.982,0.000,0,1,0,0,0,0,-1,0,0,0,,0,,0,,0,0,0,1
1723314457,3843,8,8,8,8,29.437,0,0,0.11 | 0.11 | 0.11,0,0.59 | 0.84 | 1.06,0,3.78 | 4.77 | 6.75,18.982,0.000,0,1,0,0,0,0,-1,0,0,0,,0,,0,,0,0,0,1
1723314457,3843,8,8,8,8,29.437,0,0,0.11 | 0.11 | 0.11,0,0.59 | 0.84 | 1.06,0,3.78 | 4.77 | 6.75,18.982,0.000,0,1,0,0,0,0,-1,0,0,0,,0,,0,,0,0,0,1
1723314457,3843,8,8,8,8,29.437,0,0,0.11 | 0.11 | 0.11,0,0.59 | 0.84 | 1.06,0,3.78 | 4.77 | 6.75,18.982,0.000,0,1,0,0,0,0,-1,0,0,0,,0,,0,,0,0,0,1
1723314457,3843,8,8,8,8,29.437,0,0,0.11 | 0.11 | 0.11,0,0.59 | 0.84 | 1.06,0,3.78 | 4.77 | 6.75,18.982,0.000,0,1,0,0,0,0,-1,0,0,0,,0,,0,,0,0,0,1
1723314457,3843,8,8,8,8,29.437,0,0,0.11 | 0.11 | 0.11,0,0.59 | 0.84 | 1.06,0,3.78 | 4.77 | 6.75,18.982,0.000,0,1,0,0,0,0,-1,0,0,0,,0,,0,,0,0,0,1
1723314457,3843,8,8,8,8,29.437,0,0,0.11 | 0.11 | 0.11,0,0.59 | 0.84 | 1.06,0,3.78 | 4.77 | 6.75,18.982,0.000,0,1,0,0,0,0,-1,0,0,0,,0,,0,,0,0,0,1
1723314457,3843,8,8,8,8,29.437,0,0,0.11 | 0.11 | 0.11,0,0.59 | 0.84 | 1.06,0,3.78 | 4.77 | 6.75,18.982,0.000,0,1,0,0,0,0,-1,0,0,0,,0,,0,,0,0,0,1
1723314457,3843,8,8,8,8,29.437,0,0,0.11 | 0.11 | 0.11,0,0.59 | 0.84 | 1.06,0,3.78 | 4.77 | 6.75,18.982,0.000,0,1,0,0,0,0,-1,0,0,0,,0,,0,,0,0,0,1
1723314457,3843,8,8,8,8,29.437,0,0,0.11 | 0.11 | 0.11,0,0.59 | 0.84 | 1.06,0,3.78 | 4.77 | 6.75,18.982,0.000,0,1,0,0,0,0,-1,0,0,0,,0,,0,,0,0,0,1
1723314457,3843,8,8,8,8,31.575,0,0,0.11 | 0.11 | 0.11,0,0.69 | 0.86 | 1.06,0,3.78 | 4.64 | 5.81,18.961,0.000,0,1,0,0,0,0,-1,0,0,0,,0,,0,,0,0,0,1
1723314458,3843,8,8,8,8,31.575,0,0,0.11 | 0.11 | 0.11,0,0.69 | 0.86 | 1.06,0,3.78 | 4.64 | 5.81,18.961,0.000,0,1,0,0,0,0,-1,0,0,0,,0,,0,,0,0,0,1
1723314458,3843,8,8,8,8,31.575,0,0,0.11 | 0.11 | 0.11,0,0.69 | 0.86 | 1.06,0,3.78 | 4.64 | 5.81,18.961,0.000,0,1,0,0,0,0,-1,0,0,0,,0,,0,,0,0,0,1
1723314458,3843,8,8,8,8,31.575,0,0,0.11 | 0.11 | 0.11,0,0.69 | 0.86 | 1.06,0,3.78 | 4.64 | 5.81,18.961,0.000,0,1,0,0,0,0,-1,0,0,0,,0,,0,,0,0,0,1
1723314458,3843,8,8,8,8,31.575,0,0,0.11 | 0.11 | 0.11,0,0.69 | 0.86 | 1.06,0,3.78 | 4.64 | 5.81,18.961,0.000,0,1,0,0,0,0,-1,0,0,0,,0,,0,,0,0,0,1
1723314458,3843,8,8,8,8,31.575,0,0,0.11 | 0.11 | 0.11,0,0.69 | 0.86 | 1.06,0,3.78 | 4.64 | 5.81,18.961,0.000,0,1,0,0,0,0,-1,0,0,0,,0,,0,,0,0,0,1
1723314458,3843,8,8,8,8,31.575,0,0,0.11 | 0.11 | 0.11,0,0.69 | 0.86 | 1.06,0,3.78 | 4.64 | 5.81,18.961,0.000,0,1,0,0,0,0,-1,0,0,0,,0,,0,,0,0,0,1
1723314458,3843,8,8,8,8,31.575,0,0,0.11 | 0.11 | 0.11,0,0.69 | 0.86 | 1.06,0,3.78 | 4.64 | 5.81,18.961,0.000,0,1,0,0,0,0,-1,0,0,0,,0,,0,,0,0,0,1
1723314458,3843,8,8,8,8,31.575,0,0,0.11 | 0.11 | 0.11,0,0.69 | 0.86 | 1.06,0,3.78 | 4.64 | 5.81,18.961,0.000,0,1,0,0,0,0,-1,0,0,0,,0,,0,,0,0,0,1
1723314458,3843,8,8,8,8,31.575,0,0,0.11 | 0.11 | 0.11,0,0.69 | 0.86 | 1.06,0,3.78 | 4.64 | 5.81,18.961,0.000,0,1,0,0,0,0,-1,0,0,0,,0,,0,,0,0,0,1
1723314458,3843,8,8,8,8,30.778,0,0,0.11 | 0.11 | 0.11,0,0.69 | 0.86 | 1.06,0,3.78 | 4.64 | 5.81,18.961,0.000,0,1,0,0,0,0,-1,0,0,0,,0,,0,,0,0,0,1
1723314459,3843,8,8,8,8,30.778,0,0,0.11 | 0.11 | 0.11,0,0.69 | 0.86 | 1.06,0,3.78 | 4.64 | 5.81,18.961,0.000,0,1,0,0,0,0,-1,0,0,0,,0,,0,,0,0,0,1
1723314459,3843,8,8,8,8,30.778,0,0,0.11 | 0.11 | 0.11,0,0.69 | 0.86 | 1.06,0,3.78 | 4.64 | 5.81,18.961,0.000,0,1,0,0,0,0,-1,0,0,0,,0,,0,,0,0,0,1
1723314459,3843,8,8,8,8,30.778,0,0,0.11 | 0.11 | 0.11,0,0.69 | 0.86 | 1.06,0,3.78 | 4.64 | 5.81,18.961,0.000,0,1,0,0,0,0,-1,0,0,0,,0,,0,,0,0,0,1
1723314459,3843,8,8,8,8,30.778,0,0,0.11 | 0.11 | 0.11,0,0.69 | 0.86 | 1.06,0,3.78 | 4.64 | 5.81,18.961,0.000,0,1,0,0,0,0,-1,0,0,0,,0,,0,,0,0,0,1
1723314459,3843,8,8,8,8,30.778,0,0,0.11 | 0.11 | 0.11,0,0.69 | 0.86 | 1.06,0,3.78 | 4.64 | 5.81,18.961,0.000,0,1,0,0,0,0,-1,0,0,0,,0,,0,,0,0,0,1
1723314459,3843,8,8,8,8,30.778,0,0,0.11 | 0.11 | 0.11,0,0.69 | 0.86 | 1.06,0,3.78 | 4.64 | 5.81,18.961,0.000,0,1,0,0,0,0,-1,0,0,0,,0,,0,,0,0,0,1
1723314459,3843,8,8,8,8,30.778,0,0,0.11 | 0.11 | 0.11,0,0.69 | 0.86 | 1.06,0,3.78 | 4.64 | 5.81,18.961,0.000,0,1,0,0,0,0,-1,0,0,0,,0,,0,,0,0,0,1
1723314459,3843,8,8,8,8,30.778,0,0,0.11 | 0.11 | 0.11,0,0.69 | 0.86 | 1.06,0,3.78 | 4.64 | 5.81,18.961,0.000,0,1,0,0,0,0,-1,0,0,0,,0,,0,,0,0,0,1
1723314459,3843,8,8,8,8,30.778,0,0,0.11 | 0.11 | 0.11,0,0.69 | 0.86 | 1.06,0,3.78 | 4.64 | 5.81,18.961,0.000,0,1,0,0,0,0,-1,0,0,0,,0,,0,,0,0,0,1
1723314459,3843,8,8,8,8,29.715,0,0,0.11 | 0.11 | 0.11,0,0.69 | 0.86 | 1.06,0,3.78 | 4.64 | 5.81,18.961,0.000,0,1,0,0,0,0,-1,0,0,0,,0,,0,,0,0,0,1
1723314460,3843,8,8,8,8,29.715,0,0,0.11 | 0.11 | 0.11,0,0.69 | 0.86 | 1.06,0,3.78 | 4.64 | 5.81,18.961,0.000,0,1,0,0,0,0,-1,0,0,0,,0,,0,,0,0,0,1
1723314460,3843,8,8,8,8,29.715,0,0,0.11 | 0.11 | 0.11,0,0.69 | 0.86 | 1.06,0,3.78 | 4.64 | 5.81,18.961,0.000,0,1,0,0,0,0,-1,0,0,0,,0,,0,,0,0,0,1
1723314460,3843,8,8,8,8,29.715,0,0,0.11 | 0.11 | 0.11,0,0.69 | 0.86 | 1.06,0,3.78 | 4.64 | 5.81,18.961,0.000,0,1,0,0,0,0,-1,0,0,0,,0,,0,,0,0,0,1
1723314460,3843,8,8,8,8,29.715,0,0,0.11 | 0.11 | 0.11,0,0.69 | 0.86 | 1.06,0,3.78 | 4.64 | 5.81,18.961,0.000,0,1,0,0,0,0,-1,0,0,0,,0,,0,,0,0,0,1
1723314460,3843,8,8,8,8,29.715,0,0,0.11 | 0.11 | 0.11,0,0.69 | 0.86 | 1.06,0,3.78 | 4.64 | 5.81,18.961,0.000,0,1,0,0,0,0,-1,0,0,0,,0,,0,,0,0,0,1
1723314460,3843,8,8,8,8,29.715,0,0,0.11 | 0.11 | 0.11,0,0.69 | 0.86 | 1.06,0,3.78 | 4.64 | 5.81,18.961,0.000,0,1,0,0,0,0,-1,0,0,0,,0,,0,,0,0,0,1
1723314460,3843,8,8,8,8,29.715,0,0,0.11 | 0.11 | 0.11,0,0.69 | 0.86 | 1.06,0,3.78 | 4.64 | 5.81,18.961,0.000,0,1,0,0,0,0,-1,0,0,0,,0,,0,,0,0,0,1
1723314460,3843,8,8,8,8,29.715,0,0,0.11 | 0.11 | 0.11,0,0.69 | 0.86 | 1.06,0,3.78 | 4.64 | 5.81,18.961,0.000,0,1,0,0,0,0,-1,0,0,0,,0,,0,,0,0,0,1
1723314460,3843,8,8,8,8,29.715,0,0,0.11 | 0.11 | 0.11,0,0.69 | 0.86 | 1.06,0,3.78 | 4.64 | 5.81,18.961,0.000,0,1,0,0,0,0,-1,0,0,0,,0,,0,,0,0,0,1
1723314460,3843,8,8,8,8,28.653,0,0,0.11 | 0.11 | 0.11,0,0.69 | 0.86 | 1.06,0,3.78 | 4.64 | 5.81,18.961,0.000,0,1,0,0,0,0,-1,0,0,0,,0,,0,,0,0,0,1
1723314461,3843,8,8,8,8,28.653,0,0,0.11 | 0.11 | 0.11,0,0.69 | 0.86 | 1.06,0,3.78 | 4.64 | 5.81,18.961,0.000,0,1,0,0,0,0,-1,0,0,0,,0,,0,,0,0,0,1
1723314461,3843,8,8,8,8,28.653,0,0,0.11 | 0.11 | 0.11,0,0.69 | 0.86 | 1.06,0,3.78 | 4.64 | 5.81,18.961,0.000,0,1,0,0,0,0,-1,0,0,0,,0,,0,,0,0,0,1
1723314461,3843,8,8,8,8,28.653,0,0,0.11 | 0.11 | 0.11,0,0.69 | 0.86 | 1.06,0,3.78 | 4.64 | 5.81,18.961,0.000,0,1,0,0,0,0,-1,0,0,0,,0,,0,,0,0,0,1
1723314461,3843,8,8,8,8,28.653,0,0,0.11 | 0.11 | 0.11,0,0.69 | 0.86 | 1.06,0,3.78 | 4.64 | 5.81,18.961,0.000,0,1,0,0,0,0,-1,0,0,0,,0,,0,,0,0,0,1
1723314461,3843,8,8,8,8,28.653,0,0,0.11 | 0.11 | 0.11,0,0.69 | 0.86 | 1.06,0,3.78 | 4.64 | 5.81,18.961,0.000,0,1,0,0,0,0,-1,0,0,0,,0,,0,,0,0,0,1
1723314461,3843,8,8,8,8,28.653,0,0,0.11 | 0.11 | 0.11,0,0.69 | 0.86 | 1.06,0,3.78 | 4.64 | 5.81,18.961,0.000,0,1,0,0,0,0,-1,0,0,0,,0,,0,,0,0,0,1
1723314461,3843,8,8,8,8,28.653,0,0,0.11 | 0.11 | 0.11,0,0.69 | 0.86 | 1.06,0,3.78 | 4.64 | 5.81,18.961,0.000,0,1,0,0,0,0,-1,0,0,0,,0,,0,,0,0,0,1
1723314461,3843,8,8,8,8,28.653,0,0,0.11 | 0.11 | 0.11,0,0.69 | 0.86 | 1.06,0,3.78 | 4.64 | 5.81,18.961,0.000,0,1,0,0,0,0,-1,0,0,0,,0,,0,,0,0,0,1
1723314461,3843,8,8,8,8,28.653,0,0,0.11 | 0.11 | 0.11,0,0.69 | 0.86 | 1.06,0,3.78 | 4.64 | 5.81,18.961,0.000,0,1,0,0,0,0,-1,0,0,0,,0,,0,,0,0,0,1
1723314461,3843,8,8,8,8,32.39,0,0,0.11 | 0.11 | 0.11,0,0.69 | 0.82 | 0.98,0,4.06 | 4.85 | 5.81,18.962,0.000,0,1,0,0,0,0,-1,0,0,0,,0,,0,,0,0,0,1
1723314462,3843,8,8,8,8,32.39,0,0,0.11 | 0.11 | 0.11,0,0.69 | 0.82 | 0.98,0,4.06 | 4.85 | 5.81,18.962,0.000,0,1,0,0,0,0,-1,0,0,0,,0,,0,,0,0,0,1
1723314462,3843,8,8,8,8,32.39,0,0,0.11 | 0.11 | 0.11,0,0.69 | 0.82 | 0.98,0,4.06 | 4.85 | 5.81,18.962,0.000,0,1,0,0,0,0,-1,0,0,0,,0,,0,,0,0,0,1
1723314462,3843,8,8,8,8,32.39,0,0,0.11 | 0.11 | 0.11,0,0.69 | 0.82 | 0.98,0,4.06 | 4.85 | 5.81,18.962,0.000,0,1,0,0,0,0,-1,0,0,0,,0,,0,,0,0,0,1
1723314462,3843,8,8,8,8,32.39,0,0,0.11 | 0.11 | 0.11,0,0.69 | 0.82 | 0.98,0,4.06 | 4.85 | 5.81,18.962,0.000,0,1,0,0,0,0,-1,0,0,0,,0,,0,,0,0,0,1
1723314462,3843,8,8,8,8,32.39,0,0,0.11 | 0.11 | 0.11,0,0.69 | 0.82 | 0.98,0,4.06 | 4.85 | 5.81,18.962,0.000,0,1,0,0,0,0,-1,0,0,0,,0,,0,,0,0,0,1
1723314462,3843,8,8,8,8,32.39,0,0,0.11 | 0.11 | 0.11,0,0.69 | 0.82 | 0.98,0,4.06 | 4.85 | 5.81,18.962,0.000,0,1,0,0,0,0,-1,0,0,0,,0,,0,,0,0,0,1
1723314462,3843,8,8,8,8,32.39,0,0,0.11 | 0.11 | 0.11,0,0.69 | 0.82 | 0.98,0,4.06 | 4.85 | 5.81,18.962,0.000,0,1,0,0,0,0,-1,0,0,0,,0,,0,,0,0,0,1
1723314462,3843,8,8,8,8,32.39,0,0,0.11 | 0.11 | 0.11,0,0.69 | 0.82 | 0.98,0,4.06 | 4.85 | 5.81,18.962,0.000,0,1,0,0,0,0,-1,0,0,0,,0,,0,,0,0,0,1
1723314462,3843,8,8,8,8,32.39,0,0,0.11 | 0.11 | 0.11,0,0.69 | 0.82 | 0.98,0,4.06 | 4.85 | 5.81,18.962,0.000,0,1,0,0,0,0,-1,0,0,0,,0,,0,,0,0,0,1
1723314462,3843,8,8,8,8,31.357,0,0,0.11 | 0.11 | 0.11,0,0.69 | 0.82 | 0.98,0,4.06 | 4.85 | 5.81,18.962,0.000,0,1,0,0,0,0,-1,0,0,0,,0,,0,,0,0,0,1
1723314463,3843,8,8,8,8,31.357,0,0,0.11 | 0.11 | 0.11,0,0.69 | 0.82 | 0.98,0,4.06 | 4.85 | 5.81,18.962,0.000,0,1,0,0,0,0,-1,0,0,0,,0,,0,,0,0,0,1
1723314463,3843,8,8,8,8,31.357,0,0,0.11 | 0.11 | 0.11,0,0.69 | 0.82 | 0.98,0,4.06 | 4.85 | 5.81,18.962,0.000,0,1,0,0,0,0,-1,0,0,0,,0,,0,,0,0,0,1
1723314463,3843,8,8,8,8,31.357,0,0,0.11 | 0.11 | 0.11,0,0.69 | 0.82 | 0.98,0,4.06 | 4.85 | 5.81,18.962,0.000,0,1,0,0,0,0,-1,0,0,0,,0,,0,,0,0,0,1
1723314463,3843,8,8,8,8,31.357,0,0,0.11 | 0.11 | 0.11,0,0.69 | 0.82 | 0.98,0,4.06 | 4.85 | 5.81,18.962,0.000,0,1,0,0,0,0,-1,0,0,0,,0,,0,,0,0,0,1
1723314463,3843,8,8,8,8,31.357,0,0,0.11 | 0.11 | 0.11,0,0.69 | 0.82 | 0.98,0,4.06 | 4.85 | 5.81,18.962,0.000,0,1,0,0,0,0,-1,0,0,0,,0,,0,,0,0,0,1
1723314463,3843,8,8,8,8,31.357,0,0,0.11 | 0.11 | 0.11,0,0.69 | 0.82 | 0.98,0,4.06 | 4.85 | 5.81,18.962,0.000,0,1,0,0,0,0,-1,0,0,0,,0,,0,,0,0,0,1
1723314463,3843,8,8,8,8,31.357,0,0,0.11 | 0.11 | 0.11,0,0.69 | 0.82 | 0.98,0,4.06 | 4.85 | 5.81,18.962,0.000,0,1,0,0,0,0,-1,0,0,0,,0,,0,,0,0,0,1
1723314463,3843,8,8,8,8,31.357,0,0,0.11 | 0.11 | 0.11,0,0.69 | 0.82 | 0.98,0,4.06 | 4.85 | 5.81,18.962,0.000,0,1,0,0,0,0,-1,0,0,0,,0,,0,,0,0,0,1
1723314463,3843,8,8,8,8,31.357,0,0,0.11 | 0.11 | 0.11,0,0.69 | 0.82 | 0.98,0,4.06 | 4.85 | 5.81,18.962,0.000,0,1,0,0,0,0,-1,0,0,0,,0,,0,,0,0,0,1
1723314463,3843,8,8,8,8,30.531,0,0,0.11 | 0.11 | 0.11,0,0.69 | 0.82 | 0.98,0,4.06 | 4.85 | 5.81,18.962,0.000,0,1,0,0,0,0,-1,0,0,0,,0,,0,,0,0,0,1
1723314464,3843,8,8,8,8,30.531,0,0,0.11 | 0.11 | 0.11,0,0.69 | 0.82 | 0.98,0,4.06 | 4.85 | 5.81,18.962,0.000,0,1,0,0,0,0,-1,0,0,0,,0,,0,,0,0,0,1
1723314464,3843,8,8,8,8,30.531,0,0,0.11 | 0.11 | 0.11,0,0.69 | 0.82 | 0.98,0,4.06 | 4.85 | 5.81,18.962,0.000,0,1,0,0,0,0,-1,0,0,0,,0,,0,,0,0,0,1
1723314464,3843,8,8,8,8,30.531,0,0,0.11 | 0.11 | 0.11,0,0.69 | 0.82 | 0.98,0,4.06 | 4.85 | 5.81,18.962,0.000,0,1,0,0,0,0,-1,0,0,0,,0,,0,,0,0,0,1
1723314464,3843,8,8,8,8,30.531,0,0,0.11 | 0.11 | 0.11,0,0.69 | 0.82 | 0.98,0,4.06 | 4.85 | 5.81,18.962,0.000,0,1,0,0,0,0,-1,0,0,0,,0,,0,,0,0,0,1
1723314464,3843,8,8,8,8,30.531,0,0,0.11 | 0.11 | 0.11,0,0.69 | 0.82 | 0.98,0,4.06 | 4.85 | 5.81,18.962,0.000,0,1,0,0,0,0,-1,0,0,0,,0,,0,,0,0,0,1
1723314464,3843,8,8,8,8,30.531,0,0,0.11 | 0.11 | 0.11,0,0.69 | 0.82 | 0.98,0,4.06 | 4.85 | 5.81,18.962,0.000,0,1,0,0,0,0,-1,0,0,0,,0,,0,,0,0,0,1
1723314464,3843,8,8,8,8,30.531,0,0,0.11 | 0.11 | 0.11,0,0.69 | 0.82 | 0.98,0,4.06 | 4.85 | 5.81,18.962,0.000,0,1,0,0,0,0,-1,0,0,0,,0,,0,,0,0,0,1
1723314464,3843,8,8,8,8,30.531,0,0,0.11 | 0.11 | 0.11,0,0.69 | 0.82 | 0.98,0,4.06 | 4.85 | 5.81,18.962,0.000,0,1,0,0,0,0,-1,0,0,0,,0,,0,,0,0,0,1
1723314464,3843,8,8,8,8,30.531,0,0,0.11 | 0.11 | 0.11,0,0.69 | 0.82 | 0.98,0,4.06 | 4.85 | 5.81,18.962,0.000,0,1,0,0,0,0,-1,0,0,0,,0,,0,,0,0,0,1
1723314464,3843,8,8,8,8,29.468,0,0,0.11 | 0.11 | 0.11,0,0.69 | 0.82 | 0.98,0,4.06 | 4.85 | 5.81,18.962,0.000,0,1,0,0,0,0,-1,0,0,0,,0,,0,,0,0,0,1
1723314465,3843,8,8,8,8,29.468,0,0,0.11 | 0.11 | 0.11,0,0.69 | 0.82 | 0.98,0,4.06 | 4.85 | 5.81,18.962,0.000,0,1,0,0,0,0,-1,0,0,0,,0,,0,,0,0,0,1
1723314465,3843,8,8,8,8,29.468,0,0,0.11 | 0.11 | 0.11,0,0.69 | 0.82 | 0.98,0,4.06 | 4.85 | 5.81,18.962,0.000,0,1,0,0,0,0,-1,0,0,0,,0,,0,,0,0,0,1
1723314465,3843,8,8,8,8,29.468,0,0,0.11 | 0.11 | 0.11,0,0.69 | 0.82 | 0.98,0,4.06 | 4.85 | 5.81,18.962,0.000,0,1,0,0,0,0,-1,0,0,0,,0,,0,,0,0,0,1
1723314465,3843,8,8,8,8,29.468,0,0,0.11 | 0.11 | 0.11,0,0.69 | 0.82 | 0.98,0,4.06 | 4.85 | 5.81,18.962,0.000,0,1,0,0,0,0,-1,0,0,0,,0,,0,,0,0,0,1
1723314465,3843,8,8,8,8,29.468,0,0,0.11 | 0.11 | 0.11,0,0.69 | 0.82 | 0.98,0,4.06 | 4.85 | 5.81,18.962,0.000,0,1,0,0,0,0,-1,0,0,0,,0,,0,,0,0,0,1
1723314465,3843,8,8,8,8,29.468,0,0,0.11 | 0.11 | 0.11,0,0.69 | 0.82 | 0.98,0,4.06 | 4.85 | 5.81,18.962,0.000,0,1,0,0,0,0,-1,0,0,0,,0,,0,,0,0,0,1
1723314465,3843,8,8,8,8,29.468,0,0,0.11 | 0.11 | 0.11,0,0.69 | 0.82 | 0.98,0,4.06 | 4.85 | 5.81,18.962,0.000,0,1,0,0,0,0,-1,0,0,0,,0,,0,,0,0,0,1
1723314465,3843,8,8,8,8,29.468,0,0,0.11 | 0.11 | 0.11,0,0.69 | 0.82 | 0.98,0,4.06 | 4.85 | 5.81,18.962,0.000,0,1,0,0,0,0,-1,0,0,0,,0,,0,,0,0,0,1
1723314465,3843,8,8,8,8,29.468,0,0,0.11 | 0.11 | 0.11,0,0.69 | 0.82 | 0.98,0,4.06 | 4.85 | 5.81,18.962,0.000,0,1,0,0,0,0,-1,0,0,0,,0,,0,,0,0,0,1
1723314465,3843,8,8,8,8,31.606,0,0,0.11 | 0.11 | 0.11,0,0.68 | 0.81 | 0.98,0,4.06 | 4.91 | 5.89,18.959,0.000,0,1,0,0,0,0,-1,0,0,0,,0,,0,,0,0,0,1
1723314466,3843,8,8,8,8,31.606,0,0,0.11 | 0.11 | 0.11,0,0.68 | 0.81 | 0.98,0,4.06 | 4.91 | 5.89,18.959,0.000,0,1,0,0,0,0,-1,0,0,0,,0,,0,,0,0,0,1
1723314466,3843,8,8,8,8,31.606,0,0,0.11 | 0.11 | 0.11,0,0.68 | 0.81 | 0.98,0,4.06 | 4.91 | 5.89,18.959,0.000,0,1,0,0,0,0,-1,0,0,0,,0,,0,,0,0,0,1
1723314466,3843,8,8,8,8,31.606,0,0,0.11 | 0.11 | 0.11,0,0.68 | 0.81 | 0.98,0,4.06 | 4.91 | 5.89,18.959,0.000,0,1,0,0,0,0,-1,0,0,0,,0,,0,,0,0,0,1
1723314466,3843,8,8,8,8,31.606,0,0,0.11 | 0.11 | 0.11,0,0.68 | 0.81 | 0.98,0,4.06 | 4.91 | 5.89,18.959,0.000,0,1,0,0,0,0,-1,0,0,0,,0,,0,,0,0,0,1
1723314466,3843,8,8,8,8,31.606,0,0,0.11 | 0.11 | 0.11,0,0.68 | 0.81 | 0.98,0,4.06 | 4.91 | 5.89,18.959,0.000,0,1,0,0,0,0,-1,0,0,0,,0,,0,,0,0,0,1
1723314466,3843,8,8,8,8,31.606,0,0,0.11 | 0.11 | 0.11,0,0.68 | 0.81 | 0.98,0,4.06 | 4.91 | 5.89,18.959,0.000,0,1,0,0,0,0,-1,0,0,0,,0,,0,,0,0,0,1
1723314466,3843,8,8,8,8,31.606,0,0,0.11 | 0.11 | 0.11,0,0.68 | 0.81 | 0.98,0,4.06 | 4.91 | 5.89,18.959,0.000,0,1,0,0,0,0,-1,0,0,0,,0,,0,,0,0,0,1
1723314466,3843,8,8,8,8,31.606,0,0,0.11 | 0.11 | 0.11,0,0.68 | 0.81 | 0.98,0,4.06 | 4.91 | 5.89,18.959,0.000,0,1,0,0,0,0,-1,0,0,0,,0,,0,,0,0,0,1
1723314466,3843,8,8,8,8,31.606,0,0,0.11 | 0.11 | 0.11,0,0.68 | 0.81 | 0.98,0,4.06 | 4.91 | 5.89,18.959,0.000,0,1,0,0,0,0,-1,0,0,0,,0,,0,,0,0,0,1
1723314466,3843,8,8,8,8,30.809,0,0,0.11 | 0.11 | 0.11,0,0.68 | 0.81 | 0.98,0,4.06 | 4.91 | 5.89,18.959,0.000,0,1,0,0,0,0,-1,0,0,0,,0,,0,,0,0,0,1
1723314467,3843,8,8,8,8,30.809,0,0,0.11 | 0.11 | 0.11,0,0.68 | 0.81 | 0.98,0,4.06 | 4.91 | 5.89,18.959,0.000,0,1,0,0,0,0,-1,0,0,0,,0,,0,,0,0,0,1
1723314467,3843,8,8,8,8,30.809,0,0,0.11 | 0.11 | 0.11,0,0.68 | 0.81 | 0.98,0,4.06 | 4.91 | 5.89,18.959,0.000,0,1,0,0,0,0,-1,0,0,0,,0,,0,,0,0,0,1
1723314467,3843,8,8,8,8,30.809,0,0,0.11 | 0.11 | 0.11,0,0.68 | 0.81 | 0.98,0,4.06 | 4.91 | 5.89,18.959,0.000,0,1,0,0,0,0,-1,0,0,0,,0,,0,,0,0,0,1
1723314467,3843,8,8,8,8,30.809,0,0,0.11 | 0.11 | 0.11,0,0.68 | 0.81 | 0.98,0,4.06 | 4.91 | 5.89,18.959,0.000,0,1,0,0,0,0,-1,0,0,0,,0,,0,,0,0,0,1
1723314467,3843,8,8,8,8,30.809,0,0,0.11 | 0.11 | 0.11,0,0.68 | 0.81 | 0.98,0,4.06 | 4.91 | 5.89,18.959,0.000,0,1,0,0,0,0,-1,0,0,0,,0,,0,,0,0,0,1
1723314467,3843,8,8,8,8,30.809,0,0,0.11 | 0.11 | 0.11,0,0.68 | 0.81 | 0.98,0,4.06 | 4.91 | 5.89,18.959,0.000,0,1,0,0,0,0,-1,0,0,0,,0,,0,,0,0,0,1
1723314467,3843,8,8,8,8,30.809,0,0,0.11 | 0.11 | 0.11,0,0.68 | 0.81 | 0.98,0,4.06 | 4.91 | 5.89,18.959,0.000,0,1,0,0,0,0,-1,0,0,0,,0,,0,,0,0,0,1
1723314467,3843,8,8,8,8,30.809,0,0,0.11 | 0.11 | 0.11,0,0.68 | 0.81 | 0.98,0,4.06 | 4.91 | 5.89,18.959,0.000,0,1,0,0,0,0,-1,0,0,0,,0,,0,,0,0,0,1
1723314467,3843,8,8,8,8,30.809,0,0,0.11 | 0.11 | 0.11,0,0.68 | 0.81 | 0.98,0,4.06 | 4.91 | 5.89,18.959,0.000,0,1,0,0,0,0,-1,0,0,0,,0,,0,,0,0,0,1
1723314467,3843,8,8,8,8,29.746,0,0,0.11 | 0.11 | 0.11,0,0.68 | 0.81 | 0.98,0,4.06 | 4.91 | 5.89,18.959,0.000,0,1,0,0,0,0,-1,0,0,0,,0,,0,,0,0,0,1
1723314468,3843,8,8,8,8,29.746,0,0,0.11 | 0.11 | 0.11,0,0.68 | 0.81 | 0.98,0,4.06 | 4.91 | 5.89,18.959,0.000,0,1,0,0,0,0,-1,0,0,0,,0,,0,,0,0,0,1
1723314468,3843,8,8,8,8,29.746,0,0,0.11 | 0.11 | 0.11,0,0.68 | 0.81 | 0.98,0,4.06 | 4.91 | 5.89,18.959,0.000,0,1,0,0,0,0,-1,0,0,0,,0,,0,,0,0,0,1
1723314468,3843,8,8,8,8,29.746,0,0,0.11 | 0.11 | 0.11,0,0.68 | 0.81 | 0.98,0,4.06 | 4.91 | 5.89,18.959,0.000,0,1,0,0,0,0,-1,0,0,0,,0,,0,,0,0,0,1
1723314468,3843,8,8,8,8,29.746,0,0,0.11 | 0.11 | 0.11,0,0.68 | 0.81 | 0.98,0,4.06 | 4.91 | 5.89,18.959,0.000,0,1,0,0,0,0,-1,0,0,0,,0,,0,,0,0,0,1
1723314468,3843,8,8,8,8,29.746,0,0,0.11 | 0.11 | 0.11,0,0.68 | 0.81 | 0.98,0,4.06 | 4.91 | 5.89,18.959,0.000,0,1,0,0,0,0,-1,0,0,0,,0,,0,,0,0,0,1
1723314468,3843,8,8,8,8,29.746,0,0,0.11 | 0.11 | 0.11,0,0.68 | 0.81 | 0.98,0,4.06 | 4.91 | 5.89,18.959,0.000,0,1,0,0,0,0,-1,0,0,0,,0,,0,,0,0,0,1
1723314468,3843,8,8,8,8,29.746,0,0,0.11 | 0.11 | 0.11,0,0.68 | 0.81 | 0.98,0,4.06 | 4.91 | 5.89,18.959,0.000,0,1,0,0,0,0,-1,0,0,0,,0,,0,,0,0,0,1
1723314468,3843,8,8,8,8,29.746,0,0,0.11 | 0.11 | 0.11,0,0.68 | 0.81 | 0.98,0,4.06 | 4.91 | 5.89,18.959,0.000,0,1,0,0,0,0,-1,0,0,0,,0,,0,,0,0,0,1
1723314468,3843,8,8,8,8,29.746,0,0,0.11 | 0.11 | 0.11,0,0.68 | 0.81 | 0.98,0,4.06 | 4.91 | 5.89,18.959,0.000,0,1,0,0,0,0,-1,0,0,0,,0,,0,,0,0,0,1
1723314468,3843,8,8,8,8,28.684,0,0,0.11 | 0.11 | 0.11,0,0.68 | 0.81 | 0.98,0,4.06 | 4.91 | 5.89,18.959,0.000,0,1,0,0,0,0,-1,0,0,0,,0,,0,,0,0,0,1
1723314469,3843,8,8,8,8,28.684,0,0,0.11 | 0.11 | 0.11,0,0.68 | 0.81 | 0.98,0,4.06 | 4.91 | 5.89,18.959,0.000,0,1,0,0,0,0,-1,0,0,0,,0,,0,,0,0,0,1
1723314469,3843,8,8,8,8,28.684,0,0,0.11 | 0.11 | 0.11,0,0.68 | 0.81 | 0.98,0,4.06 | 4.91 | 5.89,18.959,0.000,0,1,0,0,0,0,-1,0,0,0,,0,,0,,0,0,0,1
1723314469,3843,8,8,8,8,28.684,0,0,0.11 | 0.11 | 0.11,0,0.68 | 0.81 | 0.98,0,4.06 | 4.91 | 5.89,18.959,0.000,0,1,0,0,0,0,-1,0,0,0,,0,,0,,0,0,0,1
1723314469,3843,8,8,8,8,28.684,0,0,0.11 | 0.11 | 0.11,0,0.68 | 0.81 | 0.98,0,4.06 | 4.91 | 5.89,18.959,0.000,0,1,0,0,0,0,-1,0,0,0,,0,,0,,0,0,0,1
1723314469,3843,8,8,8,8,28.684,0,0,0.11 | 0.11 | 0.11,0,0.68 | 0.81 | 0.98,0,4.06 | 4.91 | 5.89,18.959,0.000,0,1,0,0,0,0,-1,0,0,0,,0,,0,,0,0,0,1
1723314469,3843,8,8,8,8,28.684,0,0,0.11 | 0.11 | 0.11,0,0.68 | 0.81 | 0.98,0,4.06 | 4.91 | 5.89,18.959,0.000,0,1,0,0,0,0,-1,0,0,0,,0,,0,,0,0,0,1
1723314469,3843,8,8,8,8,28.684,0,0,0.11 | 0.11 | 0.11,0,0.68 | 0.81 | 0.98,0,4.06 | 4.91 | 5.89,18.959,0.000,0,1,0,0,0,0,-1,0,0,0,,0,,0,,0,0,0,1
1723314469,3843,8,8,8,8,28.684,0,0,0.11 | 0.11 | 0.11,0,0.68 | 0.81 | 0.98,0,4.06 | 4.91 | 5.89,18.959,0.000,0,1,0,0,0,0,-1,0,0,0,,0,,0,,0,0,0,1
1723314469,3843,8,8,8,8,28.684,0,0,0.11 | 0.11 | 0.11,0,0.68 | 0.81 | 0.98,0,4.06 | 4.91 | 5.89,18.959,0.000,0,1,0,0,0,0,-1,0,0,0,,0,,0,,0,0,0,1
1723314469,3843,8,8,8,8,32.421,0,0,0.11 | 0.11 | 0.11,0,0.68 | 0.82 | 1.01,0,3.94 | 4.86 | 5.89,18.962,0.000,0,1,0,0,0,0,-1,0,0,0,,0,,0,,0,0,0,1
1723314470,3843,8,8,8,8,32.421,0,0,0.11 | 0.11 | 0.11,0,0.68 | 0.82 | 1.01,0,3.94 | 4.86 | 5.89,18.962,0.000,0,1,0,0,0,0,-1,0,0,0,,0,,0,,0,0,0,1
1723314470,3843,8,8,8,8,32.421,0,0,0.11 | 0.11 | 0.11,0,0.68 | 0.82 | 1.01,0,3.94 | 4.86 | 5.89,18.962,0.000,0,1,0,0,0,0,-1,0,0,0,,0,,0,,0,0,0,1
1723314470,3843,8,8,8,8,32.421,0,0,0.11 | 0.11 | 0.11,0,0.68 | 0.82 | 1.01,0,3.94 | 4.86 | 5.89,18.962,0.000,0,1,0,0,0,0,-1,0,0,0,,0,,0,,0,0,0,1
1723314470,3843,8,8,8,8,32.421,0,0,0.11 | 0.11 | 0.11,0,0.68 | 0.82 | 1.01,0,3.94 | 4.86 | 5.89,18.962,0.000,0,1,0,0,0,0,-1,0,0,0,,0,,0,,0,0,0,1
1723314470,3843,8,8,8,8,32.421,0,0,0.11 | 0.11 | 0.11,0,0.68 | 0.82 | 1.01,0,3.94 | 4.86 | 5.89,18.962,0.000,0,1,0,0,0,0,-1,0,0,0,,0,,0,,0,0,0,1
1723314470,3843,8,8,8,8,32.421,0,0,0.11 | 0.11 | 0.11,0,0.68 | 0.82 | 1.01,0,3.94 | 4.86 | 5.89,18.962,0.000,0,1,0,0,0,0,-1,0,0,0,,0,,0,,0,0,0,1
1723314470,3843,8,8,8,8,32.421,0,0,0.11 | 0.11 | 0.11,0,0.68 | 0.82 | 1.01,0,3.94 | 4.86 | 5.89,18.962,0.000,0,1,0,0,0,0,-1,0,0,0,,0,,0,,0,0,0,1
1723314470,3843,8,8,8,8,32.421,0,0,0.11 | 0.11 | 0.11,0,0.68 | 0.82 | 1.01,0,3.94 | 4.86 | 5.89,18.962,0.000,0,1,0,0,0,0,-1,0,0,0,,0,,0,,0,0,0,1
1723314470,3843,8,8,8,8,32.421,0,0,0.11 | 0.11 | 0.11,0,0.68 | 0.82 | 1.01,0,3.94 | 4.86 | 5.89,18.962,0.000,0,1,0,0,0,0,-1,0,0,0,,0,,0,,0,0,0,1
1723314470,3843,8,8,8,8,31.359,0,0,0.11 | 0.11 | 0.11,0,0.68 | 0.82 | 1.01,0,3.94 | 4.86 | 5.89,18.962,0.000,0,1,0,0,0,0,-1,0,0,0,,0,,0,,0,0,0,1
1723314471,3843,8,8,8,8,31.359,0,0,0.11 | 0.11 | 0.11,0,0.68 | 0.82 | 1.01,0,3.94 | 4.86 | 5.89,18.962,0.000,0,1,0,0,0,0,-1,0,0,0,,0,,0,,0,0,0,1
1723314471,3843,8,8,8,8,31.359,0,0,0.11 | 0.11 | 0.11,0,0.68 | 0.82 | 1.01,0,3.94 | 4.86 | 5.89,18.962,0.000,0,1,0,0,0,0,-1,0,0,0,,0,,0,,0,0,0,1
1723314471,3843,8,8,8,8,31.359,0,0,0.11 | 0.11 | 0.11,0,0.68 | 0.82 | 1.01,0,3.94 | 4.86 | 5.89,18.962,0.000,0,1,0,0,0,0,-1,0,0,0,,0,,0,,0,0,0,1
1723314471,3843,8,8,8,8,31.359,0,0,0.11 | 0.11 | 0.11,0,0.68 | 0.82 | 1.01,0,3.94 | 4.86 | 5.89,18.962,0.000,0,1,0,0,0,0,-1,0,0,0,,0,,0,,0,0,0,1
1723314471,3843,8,8,8,8,31.359,0,0,0.11 | 0.11 | 0.11,0,0.68 | 0.82 | 1.01,0,3.94 | 4.86 | 5.89,18.962,0.000,0,1,0,0,0,0,-1,0,0,0,,0,,0,,0,0,0,1
1723314471,3843,8,8,8,8,31.359,0,0,0.11 | 0.11 | 0.11,0,0.68 | 0.82 | 1.01,0,3.94 | 4.86 | 5.89,18.962,0.000,0,1,0,0,0,0,-1,0,0,0,,0,,0,,0,0,0,1
1723314471,3843,8,8,8,8,31.359,0,0,0.11 | 0.11 | 0.11,0,0.68 | 0.82 | 1.01,0,3.94 | 4.86 | 5.89,18.962,0.000,0,1,0,0,0,0,-1,0,0,0,,0,,0,,0,0,0,1
1723314471,3843,8,8,8,8,31.359,0,0,0.11 | 0.11 | 0.11,0,0.68 | 0.82 | 1.01,0,3.94 | 4.86 | 5.89,18.962,0.000,0,1,0,0,0,0,-1,0,0,0,,0,,0,,0,0,0,1
1723314471,3843,8,8,8,8,31.359,0,0,0.11 | 0.11 | 0.11,0,0.68 | 0.82 | 1.01,0,3.94 | 4.86 | 5.89,18.962,0.000,0,1,0,0,0,0,-1,0,0,0,,0,,0,,0,0,0,1
1723314471,3843,8,8,8,8,30.562,0,0,0.11 | 0.11 | 0.11,0,0.68 | 0.82 | 1.01,0,3.94 | 4.86 | 5.89,18.962,0.000,0,1,0,0,0,0,-1,0,0,0,,0,,0,,0,0,0,1
1723314472,3843,8,8,8,8,30.562,0,0,0.11 | 0.11 | 0.11,0,0.68 | 0.82 | 1.01,0,3.94 | 4.86 | 5.89,18.962,0.000,0,1,0,0,0,0,-1,0,0,0,,0,,0,,0,0,0,1
1723314472,3843,8,8,8,8,30.562,0,0,0.11 | 0.11 | 0.11,0,0.68 | 0.82 | 1.01,0,3.94 | 4.86 | 5.89,18.962,0.000,0,1,0,0,0,0,-1,0,0,0,,0,,0,,0,0,0,1
1723314472,3843,8,8,8,8,30.562,0,0,0.11 | 0.11 | 0.11,0,0.68 | 0.82 | 1.01,0,3.94 | 4.86 | 5.89,18.962,0.000,0,1,0,0,0,0,-1,0,0,0,,0,,0,,0,0,0,1
1723314472,3843,8,8,8,8,30.562,0,0,0.11 | 0.11 | 0.11,0,0.68 | 0.82 | 1.01,0,3.94 | 4.86 | 5.89,18.962,0.000,0,1,0,0,0,0,-1,0,0,0,,0,,0,,0,0,0,1
1723314472,3843,8,8,8,8,30.562,0,0,0.11 | 0.11 | 0.11,0,0.68 | 0.82 | 1.01,0,3.94 | 4.86 | 5.89,18.962,0.000,0,1,0,0,0,0,-1,0,0,0,,0,,0,,0,0,0,1
1723314472,3843,8,8,8,8,30.562,0,0,0.11 | 0.11 | 0.11,0,0.68 | 0.82 | 1.01,0,3.94 | 4.86 | 5.89,18.962,0.000,0,1,0,0,0,0,-1,0,0,0,,0,,0,,0,0,0,1
1723314472,3843,8,8,8,8,30.562,0,0,0.11 | 0.11 | 0.11,0,0.68 | 0.82 | 1.01,0,3.94 | 4.86 | 5.89,18.962,0.000,0,1,0,0,0,0,-1,0,0,0,,0,,0,,0,0,0,1
1723314472,3843,8,8,8,8,30.562,0,0,0.11 | 0.11 | 0.11,0,0.68 | 0.82 | 1.01,0,3.94 | 4.86 | 5.89,18.962,0.000,0,1,0,0,0,0,-1,0,0,0,,0,,0,,0,0,0,1
1723314472,3843,8,8,8,8,30.562,0,0,0.11 | 0.11 | 0.11,0,0.68 | 0.82 | 1.01,0,3.94 | 4.86 | 5.89,18.962,0.000,0,1,0,0,0,0,-1,0,0,0,,0,,0,,0,0,0,1
1723314472,3843,8,8,8,8,29.358,0,0,0.11 | 0.11 | 0.11,0,0.68 | 0.82 | 1.01,0,3.94 | 4.86 | 5.89,18.962,0.000,0,1,0,0,0,0,-1,0,0,0,,0,,0,,0,0,0,1
1723314473,3843,8,8,8,8,29.358,0,0,0.11 | 0.11 | 0.11,0,0.68 | 0.82 | 1.01,0,3.94 | 4.86 | 5.89,18.962,0.000,0,1,0,0,0,0,-1,0,0,0,,0,,0,,0,0,0,1
1723314473,3843,8,8,8,8,29.358,0,0,0.11 | 0.11 | 0.11,0,0.68 | 0.82 | 1.01,0,3.94 | 4.86 | 5.89,18.962,0.000,0,1,0,0,0,0,-1,0,0,0,,0,,0,,0,0,0,1
1723314473,3843,8,8,8,8,29.358,0,0,0.11 | 0.11 | 0.11,0,0.68 | 0.82 | 1.01,0,3.94 | 4.86 | 5.89,18.962,0.000,0,1,0,0,0,0,-1,0,0,0,,0,,0,,0,0,0,1
1723314473,3843,8,8,8,8,29.358,0,0,0.11 | 0.11 | 0.11,0,0.68 | 0.82 | 1.01,0,3.94 | 4.86 | 5.89,18.962,0.000,0,1,0,0,0,0,-1,0,0,0,,0,,0,,0,0,0,1
1723314473,3843,8,8,8,8,29.358,0,0,0.11 | 0.11 | 0.11,0,0.68 | 0.82 | 1.01,0,3.94 | 4.86 | 5.89,18.962,0.000,0,1,0,0,0,0,-1,0,0,0,,0,,0,,0,0,0,1
1723314473,3843,8,8,8,8,29.358,0,0,0.11 | 0.11 | 0.11,0,0.68 | 0.82 | 1.01,0,3.94 | 4.86 | 5.89,18.962,0.000,0,1,0,0,0,0,-1,0,0,0,,0,,0,,0,0,0,1
1723314473,3843,8,8,8,8,29.358,0,0,0.11 | 0.11 | 0.11,0,0.68 | 0.82 | 1.01,0,3.94 | 4.86 | 5.89,18.962,0.000,0,1,0,0,0,0,-1,0,0,0,,0,,0,,0,0,0,1
1723314473,3843,8,8,8,8,29.358,0,0,0.11 | 0.11 | 0.11,0,0.68 | 0.82 | 1.01,0,3.94 | 4.86 | 5.89,18.962,0.000,0,1,0,0,0,0,-1,0,0,0,,0,,0,,0,0,0,1
1723314473,3843,8,8,8,8,29.358,0,0,0.11 | 0.11 | 0.11,0,0.68 | 0.82 | 1.01,0,3.94 | 4.86 | 5.89,18.962,0.000,0,1,0,0,0,0,-1,0,0,0,,0,,0,,0,0,0,1
1723314473,3843,8,8,8,8,31.575,0,0,0.11 | 0.11 | 0.11,0,0.68 | 0.83 | 1.01,0,3.94 | 4.84 | 5.89,18.983,0.000,0,1,0,0,0,0,-1,0,0,0,,0,,0,,0,0,0,1
1723314474,3843,8,8,8,8,31.575,0,0,0.11 | 0.11 | 0.11,0,0.68 | 0.83 | 1.01,0,3.94 | 4.84 | 5.89,18.983,0.000,0,1,0,0,0,0,-1,0,0,0,,0,,0,,0,0,0,1
1723314474,3843,8,8,8,8,31.575,0,0,0.11 | 0.11 | 0.11,0,0.68 | 0.83 | 1.01,0,3.94 | 4.84 | 5.89,18.983,0.000,0,1,0,0,0,0,-1,0,0,0,,0,,0,,0,0,0,1
1723314474,3843,8,8,8,8,31.575,0,0,0.11 | 0.11 | 0.11,0,0.68 | 0.83 | 1.01,0,3.94 | 4.84 | 5.89,18.983,0.000,0,1,0,0,0,0,-1,0,0,0,,0,,0,,0,0,0,1
1723314474,3843,8,8,8,8,31.575,0,0,0.11 | 0.11 | 0.11,0,0.68 | 0.83 | 1.01,0,3.94 | 4.84 | 5.89,18.983,0.000,0,1,0,0,0,0,-1,0,0,0,,0,,0,,0,0,0,1
1723314474,3843,8,8,8,8,31.575,0,0,0.11 | 0.11 | 0.11,0,0.68 | 0.83 | 1.01,0,3.94 | 4.84 | 5.89,18.983,0.000,0,1,0,0,0,0,-1,0,0,0,,0,,0,,0,0,0,1
1723314474,3843,8,8,8,8,31.575,0,0,0.11 | 0.11 | 0.11,0,0.68 | 0.83 | 1.01,0,3.94 | 4.84 | 5.89,18.983,0.000,0,1,0,0,0,0,-1,0,0,0,,0,,0,,0,0,0,1
1723314474,3843,8,8,8,8,31.575,0,0,0.11 | 0.11 | 0.11,0,0.68 | 0.83 | 1.01,0,3.94 | 4.84 | 5.89,18.983,0.000,0,1,0,0,0,0,-1,0,0,0,,0,,0,,0,0,0,1
1723314474,3843,8,8,8,8,31.575,0,0,0.11 | 0.11 | 0.11,0,0.68 | 0.83 | 1.01,0,3.94 | 4.84 | 5.89,18.983,0.000,0,1,0,0,0,0,-1,0,0,0,,0,,0,,0,0,0,1
1723314474,3843,8,8,8,8,31.575,0,0,0.11 | 0.11 | 0.11,0,0.68 | 0.83 | 1.01,0,3.94 | 4.84 | 5.89,18.983,0.000,0,1,0,0,0,0,-1,0,0,0,,0,,0,,0,0,0,1
1723314474,3843,8,8,8,8,30.575,0,0,0.11 | 0.11 | 0.11,0,0.68 | 0.83 | 1.01,0,3.94 | 4.84 | 5.89,18.983,0.000,0,1,0,0,0,0,-1,0,0,0,,0,,0,,0,0,0,1
1723314475,3843,8,8,8,8,30.575,0,0,0.11 | 0.11 | 0.11,0,0.68 | 0.83 | 1.01,0,3.94 | 4.84 | 5.89,18.983,0.000,0,1,0,0,0,0,-1,0,0,0,,0,,0,,0,0,0,1
1723314475,3843,8,8,8,8,30.575,0,0,0.11 | 0.11 | 0.11,0,0.68 | 0.83 | 1.01,0,3.94 | 4.84 | 5.89,18.983,0.000,0,1,0,0,0,0,-1,0,0,0,,0,,0,,0,0,0,1
1723314475,3843,8,8,8,8,30.575,0,0,0.11 | 0.11 | 0.11,0,0.68 | 0.83 | 1.01,0,3.94 | 4.84 | 5.89,18.983,0.000,0,1,0,0,0,0,-1,0,0,0,,0,,0,,0,0,0,1
1723314475,3843,8,8,8,8,30.575,0,0,0.11 | 0.11 | 0.11,0,0.68 | 0.83 | 1.01,0,3.94 | 4.84 | 5.89,18.983,0.000,0,1,0,0,0,0,-1,0,0,0,,0,,0,,0,0,0,1
1723314475,3843,8,8,8,8,30.575,0,0,0.11 | 0.11 | 0.11,0,0.68 | 0.83 | 1.01,0,3.94 | 4.84 | 5.89,18.983,0.000,0,1,0,0,0,0,-1,0,0,0,,0,,0,,0,0,0,1
1723314475,3843,8,8,8,8,30.575,0,0,0.11 | 0.11 | 0.11,0,0.68 | 0.83 | 1.01,0,3.94 | 4.84 | 5.89,18.983,0.000,0,1,0,0,0,0,-1,0,0,0,,0,,0,,0,0,0,1
1723314475,3843,8,8,8,8,30.575,0,0,0.11 | 0.11 | 0.11,0,0.68 | 0.83 | 1.01,0,3.94 | 4.84 | 5.89,18.983,0.000,0,1,0,0,0,0,-1,0,0,0,,0,,0,,0,0,0,1
1723314475,3843,8,8,8,8,30.575,0,0,0.11 | 0.11 | 0.11,0,0.68 | 0.83 | 1.01,0,3.94 | 4.84 | 5.89,18.983,0.000,0,1,0,0,0,0,-1,0,0,0,,0,,0,,0,0,0,1
1723314475,3843,8,8,8,8,30.575,0,0,0.11 | 0.11 | 0.11,0,0.68 | 0.83 | 1.01,0,3.94 | 4.84 | 5.89,18.983,0.000,0,1,0,0,0,0,-1,0,0,0,,0,,0,,0,0,0,1
1723314475,3843,8,8,8,8,29.778,0,0,0.11 | 0.11 | 0.11,0,0.68 | 0.83 | 1.01,0,3.94 | 4.84 | 5.89,18.983,0.000,0,1,0,0,0,0,-1,0,0,0,,0,,0,,0,0,0,1
1723314476,3843,8,8,8,8,29.778,0,0,0.11 | 0.11 | 0.11,0,0.68 | 0.83 | 1.01,0,3.94 | 4.84 | 5.89,18.983,0.000,0,1,0,0,0,0,-1,0,0,0,,0,,0,,0,0,0,1
1723314476,3843,8,8,8,8,29.778,0,0,0.11 | 0.11 | 0.11,0,0.68 | 0.83 | 1.01,0,3.94 | 4.84 | 5.89,18.983,0.000,0,1,0,0,0,0,-1,0,0,0,,0,,0,,0,0,0,1
1723314476,3843,8,8,8,8,29.778,0,0,0.11 | 0.11 | 0.11,0,0.68 | 0.83 | 1.01,0,3.94 | 4.84 | 5.89,18.983,0.000,0,1,0,0,0,0,-1,0,0,0,,0,,0,,0,0,0,1
1723314476,3843,8,8,8,8,29.778,0,0,0.11 | 0.11 | 0.11,0,0.68 | 0.83 | 1.01,0,3.94 | 4.84 | 5.89,18.983,0.000,0,1,0,0,0,0,-1,0,0,0,,0,,0,,0,0,0,1
1723314476,3843,8,8,8,8,29.778,0,0,0.11 | 0.11 | 0.11,0,0.68 | 0.83 | 1.01,0,3.94 | 4.84 | 5.89,18.983,0.000,0,1,0,0,0,0,-1,0,0,0,,0,,0,,0,0,0,1
1723314476,3843,8,8,8,8,29.778,0,0,0.11 | 0.11 | 0.11,0,0.68 | 0.83 | 1.01,0,3.94 | 4.84 | 5.89,18.983,0.000,0,1,0,0,0,0,-1,0,0,0,,0,,0,,0,0,0,1
1723314476,3843,8,8,8,8,29.778,0,0,0.11 | 0.11 | 0.11,0,0.68 | 0.83 | 1.01,0,3.94 | 4.84 | 5.89,18.983,0.000,0,1,0,0,0,0,-1,0,0,0,,0,,0,,0,0,0,1
1723314476,3843,8,8,8,8,29.778,0,0,0.11 | 0.11 | 0.11,0,0.68 | 0.83 | 1.01,0,3.94 | 4.84 | 5.89,18.983,0.000,0,1,0,0,0,0,-1,0,0,0,,0,,0,,0,0,0,1
1723314476,3843,8,8,8,8,29.778,0,0,0.11 | 0.11 | 0.11,0,0.68 | 0.83 | 1.01,0,3.94 | 4.84 | 5.89,18.983,0.000,0,1,0,0,0,0,-1,0,0,0,,0,,0,,0,0,0,1
1723314476,3843,8,8,8,8,28.715,0,0,0.11 | 0.11 | 0.11,0,0.68 | 0.83 | 1.01,0,3.94 | 4.84 | 5.89,18.983,0.000,0,1,0,0,0,0,-1,0,0,0,,0,,0,,0,0,0,1
1723314477,3843,8,8,8,8,28.715,0,0,0.11 | 0.11 | 0.11,0,0.68 | 0.83 | 1.01,0,3.94 | 4.84 | 5.89,18.983,0.000,0,1,0,0,0,0,-1,0,0,0,,0,,0,,0,0,0,1
1723314477,3843,8,8,8,8,28.715,0,0,0.11 | 0.11 | 0.11,0,0.68 | 0.83 | 1.01,0,3.94 | 4.84 | 5.89,18.983,0.000,0,1,0,0,0,0,-1,0,0,0,,0,,0,,0,0,0,1
1723314477,3843,8,8,8,8,28.715,0,0,0.11 | 0.11 | 0.11,0,0.68 | 0.83 | 1.01,0,3.94 | 4.84 | 5.89,18.983,0.000,0,1,0,0,0,0,-1,0,0,0,,0,,0,,0,0,0,1
1723314477,3843,8,8,8,8,28.715,0,0,0.11 | 0.11 | 0.11,0,0.68 | 0.83 | 1.01,0,3.94 | 4.84 | 5.89,18.983,0.000,0,1,0,0,0,0,-1,0,0,0,,0,,0,,0,0,0,1
1723314477,3843,8,8,8,8,28.715,0,0,0.11 | 0.11 | 0.11,0,0.68 | 0.83 | 1.01,0,3.94 | 4.84 | 5.89,18.983,0.000,0,1,0,0,0,0,-1,0,0,0,,0,,0,,0,0,0,1
1723314477,3843,8,8,8,8,28.715,0,0,0.11 | 0.11 | 0.11,0,0.68 | 0.83 | 1.01,0,3.94 | 4.84 | 5.89,18.983,0.000,0,1,0,0,0,0,-1,0,0,0,,0,,0,,0,0,0,1
1723314477,3843,8,8,8,8,28.715,0,0,0.11 | 0.11 | 0.11,0,0.68 | 0.83 | 1.01,0,3.94 | 4.84 | 5.89,18.983,0.000,0,1,0,0,0,0,-1,0,0,0,,0,,0,,0,0,0,1
1723314477,3843,8,8,8,8,28.715,0,0,0.11 | 0.11 | 0.11,0,0.68 | 0.83 | 1.01,0,3.94 | 4.84 | 5.89,18.983,0.000,0,1,0,0,0,0,-1,0,0,0,,0,,0,,0,0,0,1
1723314477,3843,8,8,8,8,28.715,0,0,0.11 | 0.11 | 0.11,0,0.68 | 0.83 | 1.01,0,3.94 | 4.84 | 5.89,18.983,0.000,0,1,0,0,0,0,-1,0,0,0,,0,,0,,0,0,0,1
1723314477,3843,8,8,8,8,32.453,0,0,0.11 | 0.11 | 0.11,0,0.68 | 0.87 | 1.06,0,3.76 | 4.62 | 5.89,18.980,0.000,0,1,0,0,0,0,-1,0,0,0,,0,,0,,0,0,0,1
1723314478,3843,8,8,8,8,32.453,0,0,0.11 | 0.11 | 0.11,0,0.68 | 0.87 | 1.06,0,3.76 | 4.62 | 5.89,18.980,0.000,0,1,0,0,0,0,-1,0,0,0,,0,,0,,0,0,0,1
1723314478,3843,8,8,8,8,32.453,0,0,0.11 | 0.11 | 0.11,0,0.68 | 0.87 | 1.06,0,3.76 | 4.62 | 5.89,18.980,0.000,0,1,0,0,0,0,-1,0,0,0,,0,,0,,0,0,0,1
1723314478,3843,8,8,8,8,32.453,0,0,0.11 | 0.11 | 0.11,0,0.68 | 0.87 | 1.06,0,3.76 | 4.62 | 5.89,18.980,0.000,0,1,0,0,0,0,-1,0,0,0,,0,,0,,0,0,0,1
1723314478,3843,8,8,8,8,32.453,0,0,0.11 | 0.11 | 0.11,0,0.68 | 0.87 | 1.06,0,3.76 | 4.62 | 5.89,18.980,0.000,0,1,0,0,0,0,-1,0,0,0,,0,,0,,0,0,0,1
1723314478,3843,8,8,8,8,32.453,0,0,0.11 | 0.11 | 0.11,0,0.68 | 0.87 | 1.06,0,3.76 | 4.62 | 5.89,18.980,0.000,0,1,0,0,0,0,-1,0,0,0,,0,,0,,0,0,0,1
1723314478,3843,8,8,8,8,32.453,0,0,0.11 | 0.11 | 0.11,0,0.68 | 0.87 | 1.06,0,3.76 | 4.62 | 5.89,18.980,0.000,0,1,0,0,0,0,-1,0,0,0,,0,,0,,0,0,0,1
1723314478,3843,8,8,8,8,32.453,0,0,0.11 | 0.11 | 0.11,0,0.68 | 0.87 | 1.06,0,3.76 | 4.62 | 5.89,18.980,0.000,0,1,0,0,0,0,-1,0,0,0,,0,,0,,0,0,0,1
1723314478,3843,8,8,8,8,32.453,0,0,0.11 | 0.11 | 0.11,0,0.68 | 0.87 | 1.06,0,3.76 | 4.62 | 5.89,18.980,0.000,0,1,0,0,0,0,-1,0,0,0,,0,,0,,0,0,0,1
1723314478,3843,8,8,8,8,32.453,0,0,0.11 | 0.11 | 0.11,0,0.68 | 0.87 | 1.06,0,3.76 | 4.62 | 5.89,18.980,0.000,0,1,0,0,0,0,-1,0,0,0,,0,,0,,0,0,0,1
1723314478,3843,8,8,8,8,31.39,0,0,0.11 | 0.11 | 0.11,0,0.68 | 0.87 | 1.06,0,3.76 | 4.62 | 5.89,18.980,0.000,0,1,0,0,0,0,-1,0,0,0,,0,,0,,0,0,0,1
1723314479,3843,8,8,8,8,31.39,0,0,0.11 | 0.11 | 0.11,0,0.68 | 0.87 | 1.06,0,3.76 | 4.62 | 5.89,18.980,0.000,0,1,0,0,0,0,-1,0,0,0,,0,,0,,0,0,0,1
1723314479,3843,8,8,8,8,31.39,0,0,0.11 | 0.11 | 0.11,0,0.68 | 0.87 | 1.06,0,3.76 | 4.62 | 5.89,18.980,0.000,0,1,0,0,0,0,-1,0,0,0,,0,,0,,0,0,0,1
1723314479,3843,8,8,8,8,31.39,0,0,0.11 | 0.11 | 0.11,0,0.68 | 0.87 | 1.06,0,3.76 | 4.62 | 5.89,18.980,0.000,0,1,0,0,0,0,-1,0,0,0,,0,,0,,0,0,0,1
1723314479,3843,8,8,8,8,31.39,0,0,0.11 | 0.11 | 0.11,0,0.68 | 0.87 | 1.06,0,3.76 | 4.62 | 5.89,18.980,0.000,0,1,0,0,0,0,-1,0,0,0,,0,,0,,0,0,0,1
1723314479,3843,8,8,8,8,31.39,0,0,0.11 | 0.11 | 0.11,0,0.68 | 0.87 | 1.06,0,3.76 | 4.62 | 5.89,18.980,0.000,0,1,0,0,0,0,-1,0,0,0,,0,,0,,0,0,0,1
1723314479,3843,8,8,8,8,31.39,0,0,0.11 | 0.11 | 0.11,0,0.68 | 0.87 | 1.06,0,3.76 | 4.62 | 5.89,18.980,0.000,0,1,0,0,0,0,-1,0,0,0,,0,,0,,0,0,0,1
1723314479,3843,8,8,8,8,31.39,0,0,0.11 | 0.11 | 0.11,0,0.68 | 0.87 | 1.06,0,3.76 | 4.62 | 5.89,18.980,0.000,0,1,0,0,0,0,-1,0,0,0,,0,,0,,0,0,0,1
1723314479,3843,8,8,8,8,31.39,0,0,0.11 | 0.11 | 0.11,0,0.68 | 0.87 | 1.06,0,3.76 | 4.62 | 5.89,18.980,0.000,0,1,0,0,0,0,-1,0,0,0,,0,,0,,0,0,0,1
1723314479,3843,8,8,8,8,31.39,0,0,0.11 | 0.11 | 0.11,0,0.68 | 0.87 | 1.06,0,3.76 | 4.62 | 5.89,18.980,0.000,0,1,0,0,0,0,-1,0,0,0,,0,,0,,0,0,0,1
1723314479,3843,8,8,8,8,30.593,0,0,0.11 | 0.11 | 0.11,0,0.68 | 0.87 | 1.06,0,3.76 | 4.62 | 5.89,18.980,0.000,0,1,0,0,0,0,-1,0,0,0,,0,,0,,0,0,0,1
1723314480,3843,8,8,8,8,30.593,0,0,0.11 | 0.11 | 0.11,0,0.68 | 0.87 | 1.06,0,3.76 | 4.62 | 5.89,18.980,0.000,0,1,0,0,0,0,-1,0,0,0,,0,,0,,0,0,0,1
1723314480,3843,8,8,8,8,30.593,0,0,0.11 | 0.11 | 0.11,0,0.68 | 0.87 | 1.06,0,3.76 | 4.62 | 5.89,18.980,0.000,0,1,0,0,0,0,-1,0,0,0,,0,,0,,0,0,0,1
1723314480,3843,8,8,8,8,30.593,0,0,0.11 | 0.11 | 0.11,0,0.68 | 0.87 | 1.06,0,3.76 | 4.62 | 5.89,18.980,0.000,0,1,0,0,0,0,-1,0,0,0,,0,,0,,0,0,0,1
1723314480,3843,8,8,8,8,30.593,0,0,0.11 | 0.11 | 0.11,0,0.68 | 0.87 | 1.06,0,3.76 | 4.62 | 5.89,18.980,0.000,0,1,0,0,0,0,-1,0,0,0,,0,,0,,0,0,0,1
1723314480,3843,8,8,8,8,30.593,0,0,0.11 | 0.11 | 0.11,0,0.68 | 0.87 | 1.06,0,3.76 | 4.62 | 5.89,18.980,0.000,0,1,0,0,0,0,-1,0,0,0,,0,,0,,0,0,0,1
1723314480,3843,8,8,8,8,30.593,0,0,0.11 | 0.11 | 0.11,0,0.68 | 0.87 | 1.06,0,3.76 | 4.62 | 5.89,18.980,0.000,0,1,0,0,0,0,-1,0,0,0,,0,,0,,0,0,0,1
1723314480,3843,8,8,8,8,30.593,0,0,0.11 | 0.11 | 0.11,0,0.68 | 0.87 | 1.06,0,3.76 | 4.62 | 5.89,18.980,0.000,0,1,0,0,0,0,-1,0,0,0,,0,,0,,0,0,0,1
1723314480,3843,8,8,8,8,30.593,0,0,0.11 | 0.11 | 0.11,0,0.68 | 0.87 | 1.06,0,3.76 | 4.62 | 5.89,18.980,0.000,0,1,0,0,0,0,-1,0,0,0,,0,,0,,0,0,0,1
1723314480,3843,8,8,8,8,30.593,0,0,0.11 | 0.11 | 0.11,0,0.68 | 0.87 | 1.06,0,3.76 | 4.62 | 5.89,18.980,0.000,0,1,0,0,0,0,-1,0,0,0,,0,,0,,0,0,0,1
1723314480,3843,8,8,8,8,29.531,0,0,0.11 | 0.11 | 0.11,0,0.68 | 0.87 | 1.06,0,3.76 | 4.62 | 5.89,18.980,0.000,0,1,0,0,0,0,-1,0,0,0,,0,,0,,0,0,0,1
1723314481,3843,8,8,8,8,29.531,0,0,0.11 | 0.11 | 0.11,0,0.68 | 0.87 | 1.06,0,3.76 | 4.62 | 5.89,18.980,0.000,0,1,0,0,0,0,-1,0,0,0,,0,,0,,0,0,0,1
1723314481,3843,8,8,8,8,29.531,0,0,0.11 | 0.11 | 0.11,0,0.68 | 0.87 | 1.06,0,3.76 | 4.62 | 5.89,18.980,0.000,0,1,0,0,0,0,-1,0,0,0,,0,,0,,0,0,0,1
1723314481,3843,8,8,8,8,29.531,0,0,0.11 | 0.11 | 0.11,0,0.68 | 0.87 | 1.06,0,3.76 | 4.62 | 5.89,18.980,0.000,0,1,0,0,0,0,-1,0,0,0,,0,,0,,0,0,0,1
1723314481,3843,8,8,8,8,29.531,0,0,0.11 | 0.11 | 0.11,0,0.68 | 0.87 | 1.06,0,3.76 | 4.62 | 5.89,18.980,0.000,0,1,0,0,0,0,-1,0,0,0,,0,,0,,0,0,0,1
1723314481,3843,8,8,8,8,29.531,0,0,0.11 | 0.11 | 0.11,0,0.68 | 0.87 | 1.06,0,3.76 | 4.62 | 5.89,18.980,0.000,0,1,0,0,0,0,-1,0,0,0,,0,,0,,0,0,0,1
1723314481,3843,8,8,8,8,29.531,0,0,0.11 | 0.11 | 0.11,0,0.68 | 0.87 | 1.06,0,3.76 | 4.62 | 5.89,18.980,0.000,0,1,0,0,0,0,-1,0,0,0,,0,,0,,0,0,0,1
1723314481,3843,8,8,8,8,29.531,0,0,0.11 | 0.11 | 0.11,0,0.68 | 0.87 | 1.06,0,3.76 | 4.62 | 5.89,18.980,0.000,0,1,0,0,0,0,-1,0,0,0,,0,,0,,0,0,0,1
1723314481,3843,8,8,8,8,29.531,0,0,0.11 | 0.11 | 0.11,0,0.68 | 0.87 | 1.06,0,3.76 | 4.62 | 5.89,18.980,0.000,0,1,0,0,0,0,-1,0,0,0,,0,,0,,0,0,0,1
1723314481,3843,8,8,8,8,29.531,0,0,0.11 | 0.11 | 0.11,0,0.68 | 0.87 | 1.06,0,3.76 | 4.62 | 5.89,18.980,0.000,0,1,0,0,0,0,-1,0,0,0,,0,,0,,0,0,0,1
1723314481,3843,8,8,8,8,31.667,0,0,0.11 | 0.11 | 0.11,0,0.69 | 0.87 | 1.06,0,3.76 | 4.60 | 5.79,18.993,0.000,0,1,0,0,0,0,-1,0,0,0,,0,,0,,0,0,0,1
1723314482,3843,8,8,8,8,31.667,0,0,0.11 | 0.11 | 0.11,0,0.69 | 0.87 | 1.06,0,3.76 | 4.60 | 5.79,18.993,0.000,0,1,0,0,0,0,-1,0,0,0,,0,,0,,0,0,0,1
1723314482,3843,8,8,8,8,31.667,0,0,0.11 | 0.11 | 0.11,0,0.69 | 0.87 | 1.06,0,3.76 | 4.60 | 5.79,18.993,0.000,0,1,0,0,0,0,-1,0,0,0,,0,,0,,0,0,0,1
1723314482,3843,8,8,8,8,31.667,0,0,0.11 | 0.11 | 0.11,0,0.69 | 0.87 | 1.06,0,3.76 | 4.60 | 5.79,18.993,0.000,0,1,0,0,0,0,-1,0,0,0,,0,,0,,0,0,0,1
1723314482,3843,8,8,8,8,31.667,0,0,0.11 | 0.11 | 0.11,0,0.69 | 0.87 | 1.06,0,3.76 | 4.60 | 5.79,18.993,0.000,0,1,0,0,0,0,-1,0,0,0,,0,,0,,0,0,0,1
1723314482,3843,8,8,8,8,31.667,0,0,0.11 | 0.11 | 0.11,0,0.69 | 0.87 | 1.06,0,3.76 | 4.60 | 5.79,18.993,0.000,0,1,0,0,0,0,-1,0,0,0,,0,,0,,0,0,0,1
1723314482,3843,8,8,8,8,31.667,0,0,0.11 | 0.11 | 0.11,0,0.69 | 0.87 | 1.06,0,3.76 | 4.60 | 5.79,18.993,0.000,0,1,0,0,0,0,-1,0,0,0,,0,,0,,0,0,0,1
1723314482,3843,8,8,8,8,31.667,0,0,0.11 | 0.11 | 0.11,0,0.69 | 0.87 | 1.06,0,3.76 | 4.60 | 5.79,18.993,0.000,0,1,0,0,0,0,-1,0,0,0,,0,,0,,0,0,0,1
1723314482,3843,8,8,8,8,31.667,0,0,0.11 | 0.11 | 0.11,0,0.69 | 0.87 | 1.06,0,3.76 | 4.60 | 5.79,18.993,0.000,0,1,0,0,0,0,-1,0,0,0,,0,,0,,0,0,0,1
1723314482,3843,8,8,8,8,31.667,0,0,0.11 | 0.11 | 0.11,0,0.69 | 0.87 | 1.06,0,3.76 | 4.60 | 5.79,18.993,0.000,0,1,0,0,0,0,-1,0,0,0,,0,,0,,0,0,0,1
1723314482,3843,8,8,8,8,30.558,0,0,0.11 | 0.11 | 0.11,0,0.69 | 0.87 | 1.06,0,3.76 | 4.60 | 5.79,18.993,0.000,0,1,0,0,0,0,-1,0,0,0,,0,,0,,0,0,0,1
1723314483,3843,8,8,8,8,30.558,0,0,0.11 | 0.11 | 0.11,0,0.69 | 0.87 | 1.06,0,3.76 | 4.60 | 5.79,18.993,0.000,0,1,0,0,0,0,-1,0,0,0,,0,,0,,0,0,0,1
1723314483,3843,8,8,8,8,30.558,0,0,0.11 | 0.11 | 0.11,0,0.69 | 0.87 | 1.06,0,3.76 | 4.60 | 5.79,18.993,0.000,0,1,0,0,0,0,-1,0,0,0,,0,,0,,0,0,0,1
1723314483,3843,8,8,8,8,30.558,0,0,0.11 | 0.11 | 0.11,0,0.69 | 0.87 | 1.06,0,3.76 | 4.60 | 5.79,18.993,0.000,0,1,0,0,0,0,-1,0,0,0,,0,,0,,0,0,0,1
1723314483,3843,8,8,8,8,30.558,0,0,0.11 | 0.11 | 0.11,0,0.69 | 0.87 | 1.06,0,3.76 | 4.60 | 5.79,18.993,0.000,0,1,0,0,0,0,-1,0,0,0,,0,,0,,0,0,0,1
1723314483,3843,8,8,8,8,30.558,0,0,0.11 | 0.11 | 0.11,0,0.69 | 0.87 | 1.06,0,3.76 | 4.60 | 5.79,18.993,0.000,0,1,0,0,0,0,-1,0,0,0,,0,,0,,0,0,0,1
1723314483,3843,8,8,8,8,30.558,0,0,0.11 | 0.11 | 0.11,0,0.69 | 0.87 | 1.06,0,3.76 | 4.60 | 5.79,18.993,0.000,0,1,0,0,0,0,-1,0,0,0,,0,,0,,0,0,0,1
1723314483,3843,8,8,8,8,30.558,0,0,0.11 | 0.11 | 0.11,0,0.69 | 0.87 | 1.06,0,3.76 | 4.60 | 5.79,18.993,0.000,0,1,0,0,0,0,-1,0,0,0,,0,,0,,0,0,0,1
1723314483,3843,8,8,8,8,30.558,0,0,0.11 | 0.11 | 0.11,0,0.69 | 0.87 | 1.06,0,3.76 | 4.60 | 5.79,18.993,0.000,0,1,0,0,0,0,-1,0,0,0,,0,,0,,0,0,0,1
1723314483,3843,8,8,8,8,30.558,0,0,0.11 | 0.11 | 0.11,0,0.69 | 0.87 | 1.06,0,3.76 | 4.60 | 5.79,18.993,0.000,0,1,0,0,0,0,-1,0,0,0,,0,,0,,0,0,0,1
1723314483,3843,8,8,8,8,29.809,0,0,0.11 | 0.11 | 0.11,0,0.69 | 0.87 | 1.06,0,3.76 | 4.60 | 5.79,18.993,0.000,0,1,0,0,0,0,-1,0,0,0,,0,,0,,0,0,0,1
1723314484,3843,8,8,8,8,29.809,0,0,0.11 | 0.11 | 0.11,0,0.69 | 0.87 | 1.06,0,3.76 | 4.60 | 5.79,18.993,0.000,0,1,0,0,0,0,-1,0,0,0,,0,,0,,0,0,0,1
1723314484,3843,8,8,8,8,29.809,0,0,0.11 | 0.11 | 0.11,0,0.69 | 0.87 | 1.06,0,3.76 | 4.60 | 5.79,18.993,0.000,0,1,0,0,0,0,-1,0,0,0,,0,,0,,0,0,0,1
1723314484,3843,8,8,8,8,29.809,0,0,0.11 | 0.11 | 0.11,0,0.69 | 0.87 | 1.06,0,3.76 | 4.60 | 5.79,18.993,0.000,0,1,0,0,0,0,-1,0,0,0,,0,,0,,0,0,0,1
1723314484,3843,8,8,8,8,29.809,0,0,0.11 | 0.11 | 0.11,0,0.69 | 0.87 | 1.06,0,3.76 | 4.60 | 5.79,18.993,0.000,0,1,0,0,0,0,-1,0,0,0,,0,,0,,0,0,0,1
1723314484,3843,8,8,8,8,29.809,0,0,0.11 | 0.11 | 0.11,0,0.69 | 0.87 | 1.06,0,3.76 | 4.60 | 5.79,18.993,0.000,0,1,0,0,0,0,-1,0,0,0,,0,,0,,0,0,0,1
1723314484,3843,8,8,8,8,29.809,0,0,0.11 | 0.11 | 0.11,0,0.69 | 0.87 | 1.06,0,3.76 | 4.60 | 5.79,18.993,0.000,0,1,0,0,0,0,-1,0,0,0,,0,,0,,0,0,0,1
1723314484,3843,8,8,8,8,29.809,0,0,0.11 | 0.11 | 0.11,0,0.69 | 0.87 | 1.06,0,3.76 | 4.60 | 5.79,18.993,0.000,0,1,0,0,0,0,-1,0,0,0,,0,,0,,0,0,0,1
1723314484,3843,8,8,8,8,29.809,0,0,0.11 | 0.11 | 0.11,0,0.69 | 0.87 | 1.06,0,3.76 | 4.60 | 5.79,18.993,0.000,0,1,0,0,0,0,-1,0,0,0,,0,,0,,0,0,0,1
1723314484,3843,8,8,8,8,29.809,0,0,0.11 | 0.11 | 0.11,0,0.69 | 0.87 | 1.06,0,3.76 | 4.60 | 5.79,18.993,0.000,0,1,0,0,0,0,-1,0,0,0,,0,,0,,0,0,0,1
1723314484,3843,8,8,8,8,28.746,0,0,0.11 | 0.11 | 0.11,0,0.69 | 0.87 | 1.06,0,3.76 | 4.60 | 5.79,18.993,0.000,0,1,0,0,0,0,-1,0,0,0,,0,,0,,0,0,0,1
1723314485,3843,8,8,8,8,28.746,0,0,0.11 | 0.11 | 0.11,0,0.69 | 0.87 | 1.06,0,3.76 | 4.60 | 5.79,18.993,0.000,0,1,0,0,0,0,-1,0,0,0,,0,,0,,0,0,0,1
1723314485,3843,8,8,8,8,28.746,0,0,0.11 | 0.11 | 0.11,0,0.69 | 0.87 | 1.06,0,3.76 | 4.60 | 5.79,18.993,0.000,0,1,0,0,0,0,-1,0,0,0,,0,,0,,0,0,0,1
1723314485,3843,8,8,8,8,28.746,0,0,0.11 | 0.11 | 0.11,0,0.69 | 0.87 | 1.06,0,3.76 | 4.60 | 5.79,18.993,0.000,0,1,0,0,0,0,-1,0,0,0,,0,,0,,0,0,0,1
1723314485,3843,8,8,8,8,28.746,0,0,0.11 | 0.11 | 0.11,0,0.69 | 0.87 | 1.06,0,3.76 | 4.60 | 5.79,18.993,0.000,0,1,0,0,0,0,-1,0,0,0,,0,,0,,0,0,0,1
1723314485,3843,8,8,8,8,28.746,0,0,0.11 | 0.11 | 0.11,0,0.69 | 0.87 | 1.06,0,3.76 | 4.60 | 5.79,18.993,0.000,0,1,0,0,0,0,-1,0,0,0,,0,,0,,0,0,0,1
1723314485,3843,8,8,8,8,28.746,0,0,0.11 | 0.11 | 0.11,0,0.69 | 0.87 | 1.06,0,3.76 | 4.60 | 5.79,18.993,0.000,0,1,0,0,0,0,-1,0,0,0,,0,,0,,0,0,0,1
1723314485,3843,8,8,8,8,28.746,0,0,0.11 | 0.11 | 0.11,0,0.69 | 0.87 | 1.06,0,3.76 | 4.60 | 5.79,18.993,0.000,0,1,0,0,0,0,-1,0,0,0,,0,,0,,0,0,0,1
1723314485,3843,8,8,8,8,28.746,0,0,0.11 | 0.11 | 0.11,0,0.69 | 0.87 | 1.06,0,3.76 | 4.60 | 5.79,18.993,0.000,0,1,0,0,0,0,-1,0,0,0,,0,,0,,0,0,0,1
1723314485,3843,8,8,8,8,28.746,0,0,0.11 | 0.11 | 0.11,0,0.69 | 0.87 | 1.06,0,3.76 | 4.60 | 5.79,18.993,0.000,0,1,0,0,0,0,-1,0,0,0,,0,,0,,0,0,0,1
1723314485,3843,8,8,8,8,32.484,0,0,0.11 | 0.11 | 0.11,0,0.69 | 0.88 | 1.06,0,3.76 | 4.55 | 5.79,18.988,0.000,0,1,0,0,0,0,-1,0,0,0,,0,,0,,0,0,0,1
1723314486,3843,8,8,8,8,32.484,0,0,0.11 | 0.11 | 0.11,0,0.69 | 0.88 | 1.06,0,3.76 | 4.55 | 5.79,18.988,0.000,0,1,0,0,0,0,-1,0,0,0,,0,,0,,0,0,0,1
1723314486,3843,8,8,8,8,32.484,0,0,0.11 | 0.11 | 0.11,0,0.69 | 0.88 | 1.06,0,3.76 | 4.55 | 5.79,18.988,0.000,0,1,0,0,0,0,-1,0,0,0,,0,,0,,0,0,0,1
1723314486,3843,8,8,8,8,32.484,0,0,0.11 | 0.11 | 0.11,0,0.69 | 0.88 | 1.06,0,3.76 | 4.55 | 5.79,18.988,0.000,0,1,0,0,0,0,-1,0,0,0,,0,,0,,0,0,0,1
1723314486,3843,8,8,8,8,32.484,0,0,0.11 | 0.11 | 0.11,0,0.69 | 0.88 | 1.06,0,3.76 | 4.55 | 5.79,18.988,0.000,0,1,0,0,0,0,-1,0,0,0,,0,,0,,0,0,0,1
1723314486,3843,8,8,8,8,32.484,0,0,0.11 | 0.11 | 0.11,0,0.69 | 0.88 | 1.06,0,3.76 | 4.55 | 5.79,18.988,0.000,0,1,0,0,0,0,-1,0,0,0,,0,,0,,0,0,0,1
1723314486,3843,8,8,8,8,32.484,0,0,0.11 | 0.11 | 0.11,0,0.69 | 0.88 | 1.06,0,3.76 | 4.55 | 5.79,18.988,0.000,0,1,0,0,0,0,-1,0,0,0,,0,,0,,0,0,0,1
1723314486,3843,8,8,8,8,32.484,0,0,0.11 | 0.11 | 0.11,0,0.69 | 0.88 | 1.06,0,3.76 | 4.55 | 5.79,18.988,0.000,0,1,0,0,0,0,-1,0,0,0,,0,,0,,0,0,0,1
1723314486,3843,8,8,8,8,32.484,0,0,0.11 | 0.11 | 0.11,0,0.69 | 0.88 | 1.06,0,3.76 | 4.55 | 5.79,18.988,0.000,0,1,0,0,0,0,-1,0,0,0,,0,,0,,0,0,0,1
1723314486,3843,8,8,8,8,32.484,0,0,0.11 | 0.11 | 0.11,0,0.69 | 0.88 | 1.06,0,3.76 | 4.55 | 5.79,18.988,0.000,0,1,0,0,0,0,-1,0,0,0,,0,,0,,0,0,0,1
1723314486,3843,8,8,8,8,31.421,0,0,0.11 | 0.11 | 0.11,0,0.69 | 0.88 | 1.06,0,3.76 | 4.55 | 5.79,18.988,0.000,0,1,0,0,0,0,-1,0,0,0,,0,,0,,0,0,0,1
1723314487,3843,8,8,8,8,31.421,0,0,0.11 | 0.11 | 0.11,0,0.69 | 0.88 | 1.06,0,3.76 | 4.55 | 5.79,18.988,0.000,0,1,0,0,0,0,-1,0,0,0,,0,,0,,0,0,0,1
1723314487,3843,8,8,8,8,31.421,0,0,0.11 | 0.11 | 0.11,0,0.69 | 0.88 | 1.06,0,3.76 | 4.55 | 5.79,18.988,0.000,0,1,0,0,0,0,-1,0,0,0,,0,,0,,0,0,0,1
1723314487,3843,8,8,8,8,31.421,0,0,0.11 | 0.11 | 0.11,0,0.69 | 0.88 | 1.06,0,3.76 | 4.55 | 5.79,18.988,0.000,0,1,0,0,0,0,-1,0,0,0,,0,,0,,0,0,0,1
1723314487,3843,8,8,8,8,31.421,0,0,0.11 | 0.11 | 0.11,0,0.69 | 0.88 | 1.06,0,3.76 | 4.55 | 5.79,18.988,0.000,0,1,0,0,0,0,-1,0,0,0,,0,,0,,0,0,0,1
1723314487,3843,8,8,8,8,31.421,0,0,0.11 | 0.11 | 0.11,0,0.69 | 0.88 | 1.06,0,3.76 | 4.55 | 5.79,18.988,0.000,0,1,0,0,0,0,-1,0,0,0,,0,,0,,0,0,0,1
1723314487,3843,8,8,8,8,31.421,0,0,0.11 | 0.11 | 0.11,0,0.69 | 0.88 | 1.06,0,3.76 | 4.55 | 5.79,18.988,0.000,0,1,0,0,0,0,-1,0,0,0,,0,,0,,0,0,0,1
1723314487,3843,8,8,8,8,31.421,0,0,0.11 | 0.11 | 0.11,0,0.69 | 0.88 | 1.06,0,3.76 | 4.55 | 5.79,18.988,0.000,0,1,0,0,0,0,-1,0,0,0,,0,,0,,0,0,0,1
1723314487,3843,8,8,8,8,31.421,0,0,0.11 | 0.11 | 0.11,0,0.69 | 0.88 | 1.06,0,3.76 | 4.55 | 5.79,18.988,0.000,0,1,0,0,0,0,-1,0,0,0,,0,,0,,0,0,0,1
1723314487,3843,8,8,8,8,31.421,0,0,0.11 | 0.11 | 0.11,0,0.69 | 0.88 | 1.06,0,3.76 | 4.55 | 5.79,18.988,0.000,0,1,0,0,0,0,-1,0,0,0,,0,,0,,0,0,0,1
1723314487,3843,8,8,8,8,30.359,0,0,0.11 | 0.11 | 0.11,0,0.69 | 0.88 | 1.06,0,3.76 | 4.55 | 5.79,18.988,0.000,0,1,0,0,0,0,-1,0,0,0,,0,,0,,0,0,0,1
1723314488,3843,8,8,8,8,30.359,0,0,0.11 | 0.11 | 0.11,0,0.69 | 0.88 | 1.06,0,3.76 | 4.55 | 5.79,18.988,0.000,0,1,0,0,0,0,-1,0,0,0,,0,,0,,0,0,0,1
1723314488,3843,8,8,8,8,30.359,0,0,0.11 | 0.11 | 0.11,0,0.69 | 0.88 | 1.06,0,3.76 | 4.55 | 5.79,18.988,0.000,0,1,0,0,0,0,-1,0,0,0,,0,,0,,0,0,0,1
1723314488,3843,8,8,8,8,30.359,0,0,0.11 | 0.11 | 0.11,0,0.69 | 0.88 | 1.06,0,3.76 | 4.55 | 5.79,18.988,0.000,0,1,0,0,0,0,-1,0,0,0,,0,,0,,0,0,0,1
1723314488,3843,8,8,8,8,30.359,0,0,0.11 | 0.11 | 0.11,0,0.69 | 0.88 | 1.06,0,3.76 | 4.55 | 5.79,18.988,0.000,0,1,0,0,0,0,-1,0,0,0,,0,,0,,0,0,0,1
1723314488,3843,8,8,8,8,30.359,0,0,0.11 | 0.11 | 0.11,0,0.69 | 0.88 | 1.06,0,3.76 | 4.55 | 5.79,18.988,0.000,0,1,0,0,0,0,-1,0,0,0,,0,,0,,0,0,0,1
1723314488,3843,8,8,8,8,30.359,0,0,0.11 | 0.11 | 0.11,0,0.69 | 0.88 | 1.06,0,3.76 | 4.55 | 5.79,18.988,0.000,0,1,0,0,0,0,-1,0,0,0,,0,,0,,0,0,0,1
1723314488,3843,8,8,8,8,30.359,0,0,0.11 | 0.11 | 0.11,0,0.69 | 0.88 | 1.06,0,3.76 | 4.55 | 5.79,18.988,0.000,0,1,0,0,0,0,-1,0,0,0,,0,,0,,0,0,0,1
1723314488,3843,8,8,8,8,30.359,0,0,0.11 | 0.11 | 0.11,0,0.69 | 0.88 | 1.06,0,3.76 | 4.55 | 5.79,18.988,0.000,0,1,0,0,0,0,-1,0,0,0,,0,,0,,0,0,0,1
1723314488,3843,8,8,8,8,30.359,0,0,0.11 | 0.11 | 0.11,0,0.69 | 0.88 | 1.06,0,3.76 | 4.55 | 5.79,18.988,0.000,0,1,0,0,0,0,-1,0,0,0,,0,,0,,0,0,0,1
1723314488,3843,8,8,8,8,29.562,0,0,0.11 | 0.11 | 0.11,0,0.69 | 0.88 | 1.06,0,3.76 | 4.55 | 5.79,18.988,0.000,0,1,0,0,0,0,-1,0,0,0,,0,,0,,0,0,0,1
1723314489,3843,8,8,8,8,29.562,0,0,0.11 | 0.11 | 0.11,0,0.69 | 0.88 | 1.06,0,3.76 | 4.55 | 5.79,18.988,0.000,0,1,0,0,0,0,-1,0,0,0,,0,,0,,0,0,0,1
1723314489,3843,8,8,8,8,29.562,0,0,0.11 | 0.11 | 0.11,0,0.69 | 0.88 | 1.06,0,3.76 | 4.55 | 5.79,18.988,0.000,0,1,0,0,0,0,-1,0,0,0,,0,,0,,0,0,0,1
1723314489,3843,8,8,8,8,29.562,0,0,0.11 | 0.11 | 0.11,0,0.69 | 0.88 | 1.06,0,3.76 | 4.55 | 5.79,18.988,0.000,0,1,0,0,0,0,-1,0,0,0,,0,,0,,0,0,0,1
1723314489,3843,8,8,8,8,29.562,0,0,0.11 | 0.11 | 0.11,0,0.69 | 0.88 | 1.06,0,3.76 | 4.55 | 5.79,18.988,0.000,0,1,0,0,0,0,-1,0,0,0,,0,,0,,0,0,0,1
1723314489,3843,8,8,8,8,29.562,0,0,0.11 | 0.11 | 0.11,0,0.69 | 0.88 | 1.06,0,3.76 | 4.55 | 5.79,18.988,0.000,0,1,0,0,0,0,-1,0,0,0,,0,,0,,0,0,0,1
1723314489,3843,8,8,8,8,29.562,0,0,0.11 | 0.11 | 0.11,0,0.69 | 0.88 | 1.06,0,3.76 | 4.55 | 5.79,18.988,0.000,0,1,0,0,0,0,-1,0,0,0,,0,,0,,0,0,0,1
1723314489,3843,8,8,8,8,29.562,0,0,0.11 | 0.11 | 0.11,0,0.69 | 0.88 | 1.06,0,3.76 | 4.55 | 5.79,18.988,0.000,0,1,0,0,0,0,-1,0,0,0,,0,,0,,0,0,0,1
1723314489,3843,8,8,8,8,29.562,0,0,0.11 | 0.11 | 0.11,0,0.69 | 0.88 | 1.06,0,3.76 | 4.55 | 5.79,18.988,0.000,0,1,0,0,0,0,-1,0,0,0,,0,,0,,0,0,0,1
1723314489,3843,8,8,8,8,29.562,0,0,0.11 | 0.11 | 0.11,0,0.69 | 0.88 | 1.06,0,3.76 | 4.55 | 5.79,18.988,0.000,0,1,0,0,0,0,-1,0,0,0,,0,,0,,0,0,0,1
1723314489,3843,8,8,8,8,31.7,0,0,0.11 | 0.11 | 0.11,0,0.67 | 0.87 | 1.06,0,3.76 | 4.59 | 5.97,18.966,0.000,0,1,0,0,0,0,-1,0,0,0,,0,,0,,0,0,0,1
1723314490,3843,8,8,8,8,31.7,0,0,0.11 | 0.11 | 0.11,0,0.67 | 0.87 | 1.06,0,3.76 | 4.59 | 5.97,18.966,0.000,0,1,0,0,0,0,-1,0,0,0,,0,,0,,0,0,0,1
1723314490,3843,8,8,8,8,31.7,0,0,0.11 | 0.11 | 0.11,0,0.67 | 0.87 | 1.06,0,3.76 | 4.59 | 5.97,18.966,0.000,0,1,0,0,0,0,-1,0,0,0,,0,,0,,0,0,0,1
1723314490,3843,8,8,8,8,31.7,0,0,0.11 | 0.11 | 0.11,0,0.67 | 0.87 | 1.06,0,3.76 | 4.59 | 5.97,18.966,0.000,0,1,0,0,0,0,-1,0,0,0,,0,,0,,0,0,0,1
1723314490,3843,8,8,8,8,31.7,0,0,0.11 | 0.11 | 0.11,0,0.67 | 0.87 | 1.06,0,3.76 | 4.59 | 5.97,18.966,0.000,0,1,0,0,0,0,-1,0,0,0,,0,,0,,0,0,0,1
1723314490,3843,8,8,8,8,31.7,0,0,0.11 | 0.11 | 0.11,0,0.67 | 0.87 | 1.06,0,3.76 | 4.59 | 5.97,18.966,0.000,0,1,0,0,0,0,-1,0,0,0,,0,,0,,0,0,0,1
1723314490,3843,8,8,8,8,31.7,0,0,0.11 | 0.11 | 0.11,0,0.67 | 0.87 | 1.06,0,3.76 | 4.59 | 5.97,18.966,0.000,0,1,0,0,0,0,-1,0,0,0,,0,,0,,0,0,0,1
1723314490,3843,8,8,8,8,31.7,0,0,0.11 | 0.11 | 0.11,0,0.67 | 0.87 | 1.06,0,3.76 | 4.59 | 5.97,18.966,0.000,0,1,0,0,0,0,-1,0,0,0,,0,,0,,0,0,0,1
1723314490,3843,8,8,8,8,31.7,0,0,0.11 | 0.11 | 0.11,0,0.67 | 0.87 | 1.06,0,3.76 | 4.59 | 5.97,18.966,0.000,0,1,0,0,0,0,-1,0,0,0,,0,,0,,0,0,0,1
1723314490,3843,8,8,8,8,31.7,0,0,0.11 | 0.11 | 0.11,0,0.67 | 0.87 | 1.06,0,3.76 | 4.59 | 5.97,18.966,0.000,0,1,0,0,0,0,-1,0,0,0,,0,,0,,0,0,0,1
1723314490,3843,8,8,8,8,30.637,0,0,0.11 | 0.11 | 0.11,0,0.67 | 0.87 | 1.06,0,3.76 | 4.59 | 5.97,18.966,0.000,0,1,0,0,0,0,-1,0,0,0,,0,,0,,0,0,0,1
1723314491,3843,8,8,8,8,30.637,0,0,0.11 | 0.11 | 0.11,0,0.67 | 0.87 | 1.06,0,3.76 | 4.59 | 5.97,18.966,0.000,0,1,0,0,0,0,-1,0,0,0,,0,,0,,0,0,0,1
1723314491,3843,8,8,8,8,30.637,0,0,0.11 | 0.11 | 0.11,0,0.67 | 0.87 | 1.06,0,3.76 | 4.59 | 5.97,18.966,0.000,0,1,0,0,0,0,-1,0,0,0,,0,,0,,0,0,0,1
1723314491,3843,8,8,8,8,30.637,0,0,0.11 | 0.11 | 0.11,0,0.67 | 0.87 | 1.06,0,3.76 | 4.59 | 5.97,18.966,0.000,0,1,0,0,0,0,-1,0,0,0,,0,,0,,0,0,0,1
1723314491,3843,8,8,8,8,30.637,0,0,0.11 | 0.11 | 0.11,0,0.67 | 0.87 | 1.06,0,3.76 | 4.59 | 5.97,18.966,0.000,0,1,0,0,0,0,-1,0,0,0,,0,,0,,0,0,0,1
1723314491,3843,8,8,8,8,30.637,0,0,0.11 | 0.11 | 0.11,0,0.67 | 0.87 | 1.06,0,3.76 | 4.59 | 5.97,18.966,0.000,0,1,0,0,0,0,-1,0,0,0,,0,,0,,0,0,0,1
1723314491,3843,8,8,8,8,30.637,0,0,0.11 | 0.11 | 0.11,0,0.67 | 0.87 | 1.06,0,3.76 | 4.59 | 5.97,18.966,0.000,0,1,0,0,0,0,-1,0,0,0,,0,,0,,0,0,0,1
1723314491,3843,8,8,8,8,30.637,0,0,0.11 | 0.11 | 0.11,0,0.67 | 0.87 | 1.06,0,3.76 | 4.59 | 5.97,18.966,0.000,0,1,0,0,0,0,-1,0,0,0,,0,,0,,0,0,0,1
1723314491,3843,8,8,8,8,30.637,0,0,0.11 | 0.11 | 0.11,0,0.67 | 0.87 | 1.06,0,3.76 | 4.59 | 5.97,18.966,0.000,0,1,0,0,0,0,-1,0,0,0,,0,,0,,0,0,0,1
1723314491,3843,8,8,8,8,30.637,0,0,0.11 | 0.11 | 0.11,0,0.67 | 0.87 | 1.06,0,3.76 | 4.59 | 5.97,18.966,0.000,0,1,0,0,0,0,-1,0,0,0,,0,,0,,0,0,0,1
1723314491,3843,8,8,8,8,29.575,0,0,0.11 | 0.11 | 0.11,0,0.67 | 0.87 | 1.06,0,3.76 | 4.59 | 5.97,18.966,0.000,0,1,0,0,0,0,-1,0,0,0,,0,,0,,0,0,0,1
1723314492,3843,8,8,8,8,29.575,0,0,0.11 | 0.11 | 0.11,0,0.67 | 0.87 | 1.06,0,3.76 | 4.59 | 5.97,18.966,0.000,0,1,0,0,0,0,-1,0,0,0,,0,,0,,0,0,0,1
1723314492,3843,8,8,8,8,29.575,0,0,0.11 | 0.11 | 0.11,0,0.67 | 0.87 | 1.06,0,3.76 | 4.59 | 5.97,18.966,0.000,0,1,0,0,0,0,-1,0,0,0,,0,,0,,0,0,0,1
1723314492,3843,8,8,8,8,29.575,0,0,0.11 | 0.11 | 0.11,0,0.67 | 0.87 | 1.06,0,3.76 | 4.59 | 5.97,18.966,0.000,0,1,0,0,0,0,-1,0,0,0,,0,,0,,0,0,0,1
1723314492,3843,8,8,8,8,29.575,0,0,0.11 | 0.11 | 0.11,0,0.67 | 0.87 | 1.06,0,3.76 | 4.59 | 5.97,18.966,0.000,0,1,0,0,0,0,-1,0,0,0,,0,,0,,0,0,0,1
1723314492,3843,8,8,8,8,29.575,0,0,0.11 | 0.11 | 0.11,0,0.67 | 0.87 | 1.06,0,3.76 | 4.59 | 5.97,18.966,0.000,0,1,0,0,0,0,-1,0,0,0,,0,,0,,0,0,0,1
1723314492,3843,8,8,8,8,29.575,0,0,0.11 | 0.11 | 0.11,0,0.67 | 0.87 | 1.06,0,3.76 | 4.59 | 5.97,18.966,0.000,0,1,0,0,0,0,-1,0,0,0,,0,,0,,0,0,0,1
1723314492,3843,8,8,8,8,29.575,0,0,0.11 | 0.11 | 0.11,0,0.67 | 0.87 | 1.06,0,3.76 | 4.59 | 5.97,18.966,0.000,0,1,0,0,0,0,-1,0,0,0,,0,,0,,0,0,0,1
1723314492,3843,8,8,8,8,29.575,0,0,0.11 | 0.11 | 0.11,0,0.67 | 0.87 | 1.06,0,3.76 | 4.59 | 5.97,18.966,0.000,0,1,0,0,0,0,-1,0,0,0,,0,,0,,0,0,0,1
1723314492,3843,8,8,8,8,29.575,0,0,0.11 | 0.11 | 0.11,0,0.67 | 0.87 | 1.06,0,3.76 | 4.59 | 5.97,18.966,0.000,0,1,0,0,0,0,-1,0,0,0,,0,,0,,0,0,0,1
1723314492,3843,8,8,8,8,33.358,0,0,0.11 | 0.11 | 0.11,0,0.67 | 0.85 | 1.06,0,3.78 | 4.72 | 5.97,18.971,0.000,0,1,0,0,0,0,-1,0,0,0,,0,,0,,0,0,0,1
1723314493,3843,8,8,8,8,33.358,0,0,0.11 | 0.11 | 0.11,0,0.67 | 0.85 | 1.06,0,3.78 | 4.72 | 5.97,18.971,0.000,0,1,0,0,0,0,-1,0,0,0,,0,,0,,0,0,0,1
1723314493,3843,8,8,8,8,33.358,0,0,0.11 | 0.11 | 0.11,0,0.67 | 0.85 | 1.06,0,3.78 | 4.72 | 5.97,18.971,0.000,0,1,0,0,0,0,-1,0,0,0,,0,,0,,0,0,0,1
1723314493,3843,8,8,8,8,33.358,0,0,0.11 | 0.11 | 0.11,0,0.67 | 0.85 | 1.06,0,3.78 | 4.72 | 5.97,18.971,0.000,0,1,0,0,0,0,-1,0,0,0,,0,,0,,0,0,0,1
1723314493,3843,8,8,8,8,33.358,0,0,0.11 | 0.11 | 0.11,0,0.67 | 0.85 | 1.06,0,3.78 | 4.72 | 5.97,18.971,0.000,0,1,0,0,0,0,-1,0,0,0,,0,,0,,0,0,0,1
1723314493,3843,8,8,8,8,33.358,0,0,0.11 | 0.11 | 0.11,0,0.67 | 0.85 | 1.06,0,3.78 | 4.72 | 5.97,18.971,0.000,0,1,0,0,0,0,-1,0,0,0,,0,,0,,0,0,0,1
1723314493,3843,8,8,8,8,33.358,0,0,0.11 | 0.11 | 0.11,0,0.67 | 0.85 | 1.06,0,3.78 | 4.72 | 5.97,18.971,0.000,0,1,0,0,0,0,-1,0,0,0,,0,,0,,0,0,0,1
1723314493,3843,8,8,8,8,33.358,0,0,0.11 | 0.11 | 0.11,0,0.67 | 0.85 | 1.06,0,3.78 | 4.72 | 5.97,18.971,0.000,0,1,0,0,0,0,-1,0,0,0,,0,,0,,0,0,0,1
1723314493,3843,8,8,8,8,33.358,0,0,0.11 | 0.11 | 0.11,0,0.67 | 0.85 | 1.06,0,3.78 | 4.72 | 5.97,18.971,0.000,0,1,0,0,0,0,-1,0,0,0,,0,,0,,0,0,0,1
1723314493,3843,8,8,8,8,33.358,0,0,0.11 | 0.11 | 0.11,0,0.67 | 0.85 | 1.06,0,3.78 | 4.72 | 5.97,18.971,0.000,0,1,0,0,0,0,-1,0,0,0,,0,,0,,0,0,0,1
1723314493,3843,8,8,8,8,32.515,0,0,0.11 | 0.11 | 0.11,0,0.67 | 0.85 | 1.06,0,3.78 | 4.72 | 5.97,18.971,0.000,0,1,0,0,0,0,-1,0,0,0,,0,,0,,0,0,0,1
1723314494,3843,8,8,8,8,32.515,0,0,0.11 | 0.11 | 0.11,0,0.67 | 0.85 | 1.06,0,3.78 | 4.72 | 5.97,18.971,0.000,0,1,0,0,0,0,-1,0,0,0,,0,,0,,0,0,0,1
1723314494,3843,8,8,8,8,32.515,0,0,0.11 | 0.11 | 0.11,0,0.67 | 0.85 | 1.06,0,3.78 | 4.72 | 5.97,18.971,0.000,0,1,0,0,0,0,-1,0,0,0,,0,,0,,0,0,0,1
1723314494,3843,8,8,8,8,32.515,0,0,0.11 | 0.11 | 0.11,0,0.67 | 0.85 | 1.06,0,3.78 | 4.72 | 5.97,18.971,0.000,0,1,0,0,0,0,-1,0,0,0,,0,,0,,0,0,0,1
1723314494,3843,8,8,8,8,32.515,0,0,0.11 | 0.11 | 0.11,0,0.67 | 0.85 | 1.06,0,3.78 | 4.72 | 5.97,18.971,0.000,0,1,0,0,0,0,-1,0,0,0,,0,,0,,0,0,0,1
1723314494,3843,8,8,8,8,32.515,0,0,0.11 | 0.11 | 0.11,0,0.67 | 0.85 | 1.06,0,3.78 | 4.72 | 5.97,18.971,0.000,0,1,0,0,0,0,-1,0,0,0,,0,,0,,0,0,0,1
1723314494,3843,8,8,8,8,32.515,0,0,0.11 | 0.11 | 0.11,0,0.67 | 0.85 | 1.06,0,3.78 | 4.72 | 5.97,18.971,0.000,0,1,0,0,0,0,-1,0,0,0,,0,,0,,0,0,0,1
1723314494,3843,8,8,8,8,32.515,0,0,0.11 | 0.11 | 0.11,0,0.67 | 0.85 | 1.06,0,3.78 | 4.72 | 5.97,18.971,0.000,0,1,0,0,0,0,-1,0,0,0,,0,,0,,0,0,0,1
1723314494,3843,8,8,8,8,32.515,0,0,0.11 | 0.11 | 0.11,0,0.67 | 0.85 | 1.06,0,3.78 | 4.72 | 5.97,18.971,0.000,0,1,0,0,0,0,-1,0,0,0,,0,,0,,0,0,0,1
1723314494,3843,8,8,8,8,32.515,0,0,0.11 | 0.11 | 0.11,0,0.67 | 0.85 | 1.06,0,3.78 | 4.72 | 5.97,18.971,0.000,0,1,0,0,0,0,-1,0,0,0,,0,,0,,0,0,0,1
1723314494,3843,8,8,8,8,31.453,0,0,0.11 | 0.11 | 0.11,0,0.67 | 0.85 | 1.06,0,3.78 | 4.72 | 5.97,18.971,0.000,0,1,0,0,0,0,-1,0,0,0,,0,,0,,0,0,0,1
1723314495,3843,8,8,8,8,31.453,0,0,0.11 | 0.11 | 0.11,0,0.67 | 0.85 | 1.06,0,3.78 | 4.72 | 5.97,18.971,0.000,0,1,0,0,0,0,-1,0,0,0,,0,,0,,0,0,0,1
1723314495,3843,8,8,8,8,31.453,0,0,0.11 | 0.11 | 0.11,0,0.67 | 0.85 | 1.06,0,3.78 | 4.72 | 5.97,18.971,0.000,0,1,0,0,0,0,-1,0,0,0,,0,,0,,0,0,0,1
1723314495,3843,8,8,8,8,31.453,0,0,0.11 | 0.11 | 0.11,0,0.67 | 0.85 | 1.06,0,3.78 | 4.72 | 5.97,18.971,0.000,0,1,0,0,0,0,-1,0,0,0,,0,,0,,0,0,0,1
1723314495,3843,8,8,8,8,31.453,0,0,0.11 | 0.11 | 0.11,0,0.67 | 0.85 | 1.06,0,3.78 | 4.72 | 5.97,18.971,0.000,0,1,0,0,0,0,-1,0,0,0,,0,,0,,0,0,0,1
1723314495,3843,8,8,8,8,31.453,0,0,0.11 | 0.11 | 0.11,0,0.67 | 0.85 | 1.06,0,3.78 | 4.72 | 5.97,18.971,0.000,0,1,0,0,0,0,-1,0,0,0,,0,,0,,0,0,0,1
1723314495,3843,8,8,8,8,31.453,0,0,0.11 | 0.11 | 0.11,0,0.67 | 0.85 | 1.06,0,3.78 | 4.72 | 5.97,18.971,0.000,0,1,0,0,0,0,-1,0,0,0,,0,,0,,0,0,0,1
1723314495,3843,8,8,8,8,31.453,0,0,0.11 | 0.11 | 0.11,0,0.67 | 0.85 | 1.06,0,3.78 | 4.72 | 5.97,18.971,0.000,0,1,0,0,0,0,-1,0,0,0,,0,,0,,0,0,0,1
1723314495,3843,8,8,8,8,31.453,0,0,0.11 | 0.11 | 0.11,0,0.67 | 0.85 | 1.06,0,3.78 | 4.72 | 5.97,18.971,0.000,0,1,0,0,0,0,-1,0,0,0,,0,,0,,0,0,0,1
1723314495,3843,8,8,8,8,31.453,0,0,0.11 | 0.11 | 0.11,0,0.67 | 0.85 | 1.06,0,3.78 | 4.72 | 5.97,18.971,0.000,0,1,0,0,0,0,-1,0,0,0,,0,,0,,0,0,0,1
1723314495,3843,8,8,8,8,30.39,0,0,0.11 | 0.11 | 0.11,0,0.67 | 0.85 | 1.06,0,3.78 | 4.72 | 5.97,18.971,0.000,0,1,0,0,0,0,-1,0,0,0,,0,,0,,0,0,0,1
1723314496,3843,8,8,8,8,30.39,0,0,0.11 | 0.11 | 0.11,0,0.67 | 0.85 | 1.06,0,3.78 | 4.72 | 5.97,18.971,0.000,0,1,0,0,0,0,-1,0,0,0,,0,,0,,0,0,0,1
1723314496,3843,8,8,8,8,30.39,0,0,0.11 | 0.11 | 0.11,0,0.67 | 0.85 | 1.06,0,3.78 | 4.72 | 5.97,18.971,0.000,0,1,0,0,0,0,-1,0,0,0,,0,,0,,0,0,0,1
1723314496,3843,8,8,8,8,30.39,0,0,0.11 | 0.11 | 0.11,0,0.67 | 0.85 | 1.06,0,3.78 | 4.72 | 5.97,18.971,0.000,0,1,0,0,0,0,-1,0,0,0,,0,,0,,0,0,0,1
1723314496,3843,8,8,8,8,30.39,0,0,0.11 | 0.11 | 0.11,0,0.67 | 0.85 | 1.06,0,3.78 | 4.72 | 5.97,18.971,0.000,0,1,0,0,0,0,-1,0,0,0,,0,,0,,0,0,0,1
1723314496,3843,8,8,8,8,30.39,0,0,0.11 | 0.11 | 0.11,0,0.67 | 0.85 | 1.06,0,3.78 | 4.72 | 5.97,18.971,0.000,0,1,0,0,0,0,-1,0,0,0,,0,,0,,0,0,0,1
1723314496,3843,8,8,8,8,30.39,0,0,0.11 | 0.11 | 0.11,0,0.67 | 0.85 | 1.06,0,3.78 | 4.72 | 5.97,18.971,0.000,0,1,0,0,0,0,-1,0,0,0,,0,,0,,0,0,0,1
1723314496,3843,8,8,8,8,30.39,0,0,0.11 | 0.11 | 0.11,0,0.67 | 0.85 | 1.06,0,3.78 | 4.72 | 5.97,18.971,0.000,0,1,0,0,0,0,-1,0,0,0,,0,,0,,0,0,0,1
1723314496,3843,8,8,8,8,30.39,0,0,0.11 | 0.11 | 0.11,0,0.67 | 0.85 | 1.06,0,3.78 | 4.72 | 5.97,18.971,0.000,0,1,0,0,0,0,-1,0,0,0,,0,,0,,0,0,0,1
1723314496,3843,8,8,8,8,30.39,0,0,0.11 | 0.11 | 0.11,0,0.67 | 0.85 | 1.06,0,3.78 | 4.72 | 5.97,18.971,0.000,0,1,0,0,0,0,-1,0,0,0,,0,,0,,0,0,0,1
1723314496,3843,8,8,8,8,29.593,0,0,0.11 | 0.11 | 0.11,0,0.67 | 0.85 | 1.06,0,3.78 | 4.72 | 5.97,18.971,0.000,0,1,0,0,0,0,-1,0,0,0,,0,,0,,0,0,0,1
1723314497,3843,8,8,8,8,29.593,0,0,0.11 | 0.11 | 0.11,0,0.67 | 0.85 | 1.06,0,3.78 | 4.72 | 5.97,18.971,0.000,0,1,0,0,0,0,-1,0,0,0,,0,,0,,0,0,0,1
1723314497,3843,8,8,8,8,29.593,0,0,0.11 | 0.11 | 0.11,0,0.67 | 0.85 | 1.06,0,3.78 | 4.72 | 5.97,18.971,0.000,0,1,0,0,0,0,-1,0,0,0,,0,,0,,0,0,0,1
1723314497,3843,8,8,8,8,29.593,0,0,0.11 | 0.11 | 0.11,0,0.67 | 0.85 | 1.06,0,3.78 | 4.72 | 5.97,18.971,0.000,0,1,0,0,0,0,-1,0,0,0,,0,,0,,0,0,0,1
1723314497,3843,8,8,8,8,29.593,0,0,0.11 | 0.11 | 0.11,0,0.67 | 0.85 | 1.06,0,3.78 | 4.72 | 5.97,18.971,0.000,0,1,0,0,0,0,-1,0,0,0,,0,,0,,0,0,0,1
1723314497,3843,8,8,8,8,29.593,0,0,0.11 | 0.11 | 0.11,0,0.67 | 0.85 | 1.06,0,3.78 | 4.72 | 5.97,18.971,0.000,0,1,0,0,0,0,-1,0,0,0,,0,,0,,0,0,0,1
1723314497,3843,8,8,8,8,29.593,0,0,0.11 | 0.11 | 0.11,0,0.67 | 0.85 | 1.06,0,3.78 | 4.72 | 5.97,18.971,0.000,0,1,0,0,0,0,-1,0,0,0,,0,,0,,0,0,0,1
1723314497,3843,8,8,8,8,29.593,0,0,0.11 | 0.11 | 0.11,0,0.67 | 0.85 | 1.06,0,3.78 | 4.72 | 5.97,18.971,0.000,0,1,0,0,0,0,-1,0,0,0,,0,,0,,0,0,0,1
1723314497,3843,8,8,8,8,29.593,0,0,0.11 | 0.11 | 0.11,0,0.67 | 0.85 | 1.06,0,3.78 | 4.72 | 5.97,18.971,0.000,0,1,0,0,0,0,-1,0,0,0,,0,,0,,0,0,0,1
1723314497,3843,8,8,8,8,29.593,0,0,0.11 | 0.11 | 0.11,0,0.67 | 0.85 | 1.06,0,3.78 | 4.72 | 5.97,18.971,0.000,0,1,0,0,0,0,-1,0,0,0,,0,,0,,0,0,0,1
1723314497,3843,8,8,8,8,31.731,0,0,0.11 | 0.11 | 0.11,0,0.67 | 0.85 | 1.06,0,3.78 | 4.70 | 5.97,18.982,0.000,0,1,0,0,0,0,-1,0,0,0,,0,,0,,0,0,0,1
1723314498,3843,8,8,8,8,31.731,0,0,0.11 | 0.11 | 0.11,0,0.67 | 0.85 | 1.06,0,3.78 | 4.70 | 5.97,18.982,0.000,0,1,0,0,0,0,-1,0,0,0,,0,,0,,0,0,0,1
1723314498,3843,8,8,8,8,31.731,0,0,0.11 | 0.11 | 0.11,0,0.67 | 0.85 | 1.06,0,3.78 | 4.70 | 5.97,18.982,0.000,0,1,0,0,0,0,-1,0,0,0,,0,,0,,0,0,0,1
1723314498,3843,8,8,8,8,31.731,0,0,0.11 | 0.11 | 0.11,0,0.67 | 0.85 | 1.06,0,3.78 | 4.70 | 5.97,18.982,0.000,0,1,0,0,0,0,-1,0,0,0,,0,,0,,0,0,0,1
1723314498,3843,8,8,8,8,31.731,0,0,0.11 | 0.11 | 0.11,0,0.67 | 0.85 | 1.06,0,3.78 | 4.70 | 5.97,18.982,0.000,0,1,0,0,0,0,-1,0,0,0,,0,,0,,0,0,0,1
1723314498,3843,8,8,8,8,31.731,0,0,0.11 | 0.11 | 0.11,0,0.67 | 0.85 | 1.06,0,3.78 | 4.70 | 5.97,18.982,0.000,0,1,0,0,0,0,-1,0,0,0,,0,,0,,0,0,0,1
1723314498,3843,8,8,8,8,31.731,0,0,0.11 | 0.11 | 0.11,0,0.67 | 0.85 | 1.06,0,3.78 | 4.70 | 5.97,18.982,0.000,0,1,0,0,0,0,-1,0,0,0,,0,,0,,0,0,0,1
1723314498,3843,8,8,8,8,31.731,0,0,0.11 | 0.11 | 0.11,0,0.67 | 0.85 | 1.06,0,3.78 | 4.70 | 5.97,18.982,0.000,0,1,0,0,0,0,-1,0,0,0,,0,,0,,0,0,0,1
1723314498,3843,8,8,8,8,31.731,0,0,0.11 | 0.11 | 0.11,0,0.67 | 0.85 | 1.06,0,3.78 | 4.70 | 5.97,18.982,0.000,0,1,0,0,0,0,-1,0,0,0,,0,,0,,0,0,0,1
1723314498,3843,8,8,8,8,31.731,0,0,0.11 | 0.11 | 0.11,0,0.67 | 0.85 | 1.06,0,3.78 | 4.70 | 5.97,18.982,0.000,0,1,0,0,0,0,-1,0,0,0,,0,,0,,0,0,0,1
1723314498,3843,8,8,8,8,30.668,0,0,0.11 | 0.11 | 0.11,0,0.67 | 0.85 | 1.06,0,3.78 | 4.70 | 5.97,18.982,0.000,0,1,0,0,0,0,-1,0,0,0,,0,,0,,0,0,0,1
1723314499,3843,8,8,8,8,30.668,0,0,0.11 | 0.11 | 0.11,0,0.67 | 0.85 | 1.06,0,3.78 | 4.70 | 5.97,18.982,0.000,0,1,0,0,0,0,-1,0,0,0,,0,,0,,0,0,0,1
1723314499,3843,8,8,8,8,30.668,0,0,0.11 | 0.11 | 0.11,0,0.67 | 0.85 | 1.06,0,3.78 | 4.70 | 5.97,18.982,0.000,0,1,0,0,0,0,-1,0,0,0,,0,,0,,0,0,0,1
1723314499,3843,8,8,8,8,30.668,0,0,0.11 | 0.11 | 0.11,0,0.67 | 0.85 | 1.06,0,3.78 | 4.70 | 5.97,18.982,0.000,0,1,0,0,0,0,-1,0,0,0,,0,,0,,0,0,0,1
1723314499,3843,8,8,8,8,30.668,0,0,0.11 | 0.11 | 0.11,0,0.67 | 0.85 | 1.06,0,3.78 | 4.70 | 5.97,18.982,0.000,0,1,0,0,0,0,-1,0,0,0,,0,,0,,0,0,0,1
1723314499,3843,8,8,8,8,30.668,0,0,0.11 | 0.11 | 0.11,0,0.67 | 0.85 | 1.06,0,3.78 | 4.70 | 5.97,18.982,0.000,0,1,0,0,0,0,-1,0,0,0,,0,,0,,0,0,0,1
1723314499,3843,8,8,8,8,30.668,0,0,0.11 | 0.11 | 0.11,0,0.67 | 0.85 | 1.06,0,3.78 | 4.70 | 5.97,18.982,0.000,0,1,0,0,0,0,-1,0,0,0,,0,,0,,0,0,0,1
1723314499,3843,8,8,8,8,30.668,0,0,0.11 | 0.11 | 0.11,0,0.67 | 0.85 | 1.06,0,3.78 | 4.70 | 5.97,18.982,0.000,0,1,0,0,0,0,-1,0,0,0,,0,,0,,0,0,0,1
1723314499,3843,8,8,8,8,30.668,0,0,0.11 | 0.11 | 0.11,0,0.67 | 0.85 | 1.06,0,3.78 | 4.70 | 5.97,18.982,0.000,0,1,0,0,0,0,-1,0,0,0,,0,,0,,0,0,0,1
1723314499,3843,8,8,8,8,30.668,0,0,0.11 | 0.11 | 0.11,0,0.67 | 0.85 | 1.06,0,3.78 | 4.70 | 5.97,18.982,0.000,0,1,0,0,0,0,-1,0,0,0,,0,,0,,0,0,0,1
1723314499,3843,8,8,8,8,29.605,0,0,0.11 | 0.11 | 0.11,0,0.67 | 0.85 | 1.06,0,3.78 | 4.70 | 5.97,18.982,0.000,0,1,0,0,0,0,-1,0,0,0,,0,,0,,0,0,0,1
1723314500,3843,8,8,8,8,29.605,0,0,0.11 | 0.11 | 0.11,0,0.67 | 0.85 | 1.06,0,3.78 | 4.70 | 5.97,18.982,0.000,0,1,0,0,0,0,-1,0,0,0,,0,,0,,0,0,0,1
1723314500,3843,8,8,8,8,29.605,0,0,0.11 | 0.11 | 0.11,0,0.67 | 0.85 | 1.06,0,3.78 | 4.70 | 5.97,18.982,0.000,0,1,0,0,0,0,-1,0,0,0,,0,,0,,0,0,0,1
1723314500,3843,8,8,8,8,29.605,0,0,0.11 | 0.11 | 0.11,0,0.67 | 0.85 | 1.06,0,3.78 | 4.70 | 5.97,18.982,0.000,0,1,0,0,0,0,-1,0,0,0,,0,,0,,0,0,0,1
1723314500,3843,8,8,8,8,29.605,0,0,0.11 | 0.11 | 0.11,0,0.67 | 0.85 | 1.06,0,3.78 | 4.70 | 5.97,18.982,0.000,0,1,0,0,0,0,-1,0,0,0,,0,,0,,0,0,0,1
1723314500,3843,8,8,8,8,29.605,0,0,0.11 | 0.11 | 0.11,0,0.67 | 0.85 | 1.06,0,3.78 | 4.70 | 5.97,18.982,0.000,0,1,0,0,0,0,-1,0,0,0,,0,,0,,0,0,0,1
1723314500,3843,8,8,8,8,29.605,0,0,0.11 | 0.11 | 0.11,0,0.67 | 0.85 | 1.06,0,3.78 | 4.70 | 5.97,18.982,0.000,0,1,0,0,0,0,-1,0,0,0,,0,,0,,0,0,0,1
1723314500,3843,8,8,8,8,29.605,0,0,0.11 | 0.11 | 0.11,0,0.67 | 0.85 | 1.06,0,3.78 | 4.70 | 5.97,18.982,0.000,0,1,0,0,0,0,-1,0,0,0,,0,,0,,0,0,0,1
1723314500,3843,8,8,8,8,29.605,0,0,0.11 | 0.11 | 0.11,0,0.67 | 0.85 | 1.06,0,3.78 | 4.70 | 5.97,18.982,0.000,0,1,0,0,0,0,-1,0,0,0,,0,,0,,0,0,0,1
1723314500,3843,8,8,8,8,29.605,0,0,0.11 | 0.11 | 0.11,0,0.67 | 0.85 | 1.06,0,3.78 | 4.70 | 5.97,18.982,0.000,0,1,0,0,0,0,-1,0,0,0,,0,,0,,0,0,0,1
1723314500,3843,8,8,8,8,33.421,0,0,0.11 | 0.11 | 0.11,0,0.67 | 0.81 | 0.97,0,4.12 | 4.94 | 5.97,18.982,0.000,0,1,0,0,0,0,-1,0,0,0,,0,,0,,0,0,0,1
1723314501,3843,8,8,8,8,33.421,0,0,0.11 | 0.11 | 0.11,0,0.67 | 0.81 | 0.97,0,4.12 | 4.94 | 5.97,18.982,0.000,0,1,0,0,0,0,-1,0,0,0,,0,,0,,0,0,0,1
1723314501,3843,8,8,8,8,33.421,0,0,0.11 | 0.11 | 0.11,0,0.67 | 0.81 | 0.97,0,4.12 | 4.94 | 5.97,18.982,0.000,0,1,0,0,0,0,-1,0,0,0,,0,,0,,0,0,0,1
1723314501,3843,8,8,8,8,33.421,0,0,0.11 | 0.11 | 0.11,0,0.67 | 0.81 | 0.97,0,4.12 | 4.94 | 5.97,18.982,0.000,0,1,0,0,0,0,-1,0,0,0,,0,,0,,0,0,0,1
1723314501,3843,8,8,8,8,33.421,0,0,0.11 | 0.11 | 0.11,0,0.67 | 0.81 | 0.97,0,4.12 | 4.94 | 5.97,18.982,0.000,0,1,0,0,0,0,-1,0,0,0,,0,,0,,0,0,0,1
1723314501,3843,8,8,8,8,33.421,0,0,0.11 | 0.11 | 0.11,0,0.67 | 0.81 | 0.97,0,4.12 | 4.94 | 5.97,18.982,0.000,0,1,0,0,0,0,-1,0,0,0,,0,,0,,0,0,0,1
1723314501,3843,8,8,8,8,33.421,0,0,0.11 | 0.11 | 0.11,0,0.67 | 0.81 | 0.97,0,4.12 | 4.94 | 5.97,18.982,0.000,0,1,0,0,0,0,-1,0,0,0,,0,,0,,0,0,0,1
1723314501,3843,8,8,8,8,33.421,0,0,0.11 | 0.11 | 0.11,0,0.67 | 0.81 | 0.97,0,4.12 | 4.94 | 5.97,18.982,0.000,0,1,0,0,0,0,-1,0,0,0,,0,,0,,0,0,0,1
1723314501,3843,8,8,8,8,33.421,0,0,0.11 | 0.11 | 0.11,0,0.67 | 0.81 | 0.97,0,4.12 | 4.94 | 5.97,18.982,0.000,0,1,0,0,0,0,-1,0,0,0,,0,,0,,0,0,0,1
1723314501,3843,8,8,8,8,33.421,0,0,0.11 | 0.11 | 0.11,0,0.67 | 0.81 | 0.97,0,4.12 | 4.94 | 5.97,18.982,0.000,0,1,0,0,0,0,-1,0,0,0,,0,,0,,0,0,0,1
1723314501,3843,8,8,8,8,32.546,0,0,0.11 | 0.11 | 0.11,0,0.67 | 0.81 | 0.97,0,4.12 | 4.94 | 5.97,18.982,0.000,0,1,0,0,0,0,-1,0,0,0,,0,,0,,0,0,0,1
1723314502,3843,8,8,8,8,32.546,0,0,0.11 | 0.11 | 0.11,0,0.67 | 0.81 | 0.97,0,4.12 | 4.94 | 5.97,18.982,0.000,0,1,0,0,0,0,-1,0,0,0,,0,,0,,0,0,0,1
1723314502,3843,8,8,8,8,32.546,0,0,0.11 | 0.11 | 0.11,0,0.67 | 0.81 | 0.97,0,4.12 | 4.94 | 5.97,18.982,0.000,0,1,0,0,0,0,-1,0,0,0,,0,,0,,0,0,0,1
1723314502,3843,8,8,8,8,32.546,0,0,0.11 | 0.11 | 0.11,0,0.67 | 0.81 | 0.97,0,4.12 | 4.94 | 5.97,18.982,0.000,0,1,0,0,0,0,-1,0,0,0,,0,,0,,0,0,0,1
1723314502,3843,8,8,8,8,32.546,0,0,0.11 | 0.11 | 0.11,0,0.67 | 0.81 | 0.97,0,4.12 | 4.94 | 5.97,18.982,0.000,0,1,0,0,0,0,-1,0,0,0,,0,,0,,0,0,0,1
1723314502,3843,8,8,8,8,32.546,0,0,0.11 | 0.11 | 0.11,0,0.67 | 0.81 | 0.97,0,4.12 | 4.94 | 5.97,18.982,0.000,0,1,0,0,0,0,-1,0,0,0,,0,,0,,0,0,0,1
1723314502,3843,8,8,8,8,32.546,0,0,0.11 | 0.11 | 0.11,0,0.67 | 0.81 | 0.97,0,4.12 | 4.94 | 5.97,18.982,0.000,0,1,0,0,0,0,-1,0,0,0,,0,,0,,0,0,0,1
1723314502,3843,8,8,8,8,32.546,0,0,0.11 | 0.11 | 0.11,0,0.67 | 0.81 | 0.97,0,4.12 | 4.94 | 5.97,18.982,0.000,0,1,0,0,0,0,-1,0,0,0,,0,,0,,0,0,0,1
1723314502,3843,8,8,8,8,32.546,0,0,0.11 | 0.11 | 0.11,0,0.67 | 0.81 | 0.97,0,4.12 | 4.94 | 5.97,18.982,0.000,0,1,0,0,0,0,-1,0,0,0,,0,,0,,0,0,0,1
1723314502,3843,8,8,8,8,32.546,0,0,0.11 | 0.11 | 0.11,0,0.67 | 0.81 | 0.97,0,4.12 | 4.94 | 5.97,18.982,0.000,0,1,0,0,0,0,-1,0,0,0,,0,,0,,0,0,0,1
1723314502,3843,8,8,8,8,31.358,0,0,0.11 | 0.11 | 0.11,0,0.67 | 0.81 | 0.97,0,4.12 | 4.94 | 5.97,18.982,0.000,0,1,0,0,0,0,-1,0,0,0,,0,,0,,0,0,0,1
1723314503,3843,8,8,8,8,31.358,0,0,0.11 | 0.11 | 0.11,0,0.67 | 0.81 | 0.97,0,4.12 | 4.94 | 5.97,18.982,0.000,0,1,0,0,0,0,-1,0,0,0,,0,,0,,0,0,0,1
1723314503,3843,8,8,8,8,31.358,0,0,0.11 | 0.11 | 0.11,0,0.67 | 0.81 | 0.97,0,4.12 | 4.94 | 5.97,18.982,0.000,0,1,0,0,0,0,-1,0,0,0,,0,,0,,0,0,0,1
1723314503,3843,8,8,8,8,31.358,0,0,0.11 | 0.11 | 0.11,0,0.67 | 0.81 | 0.97,0,4.12 | 4.94 | 5.97,18.982,0.000,0,1,0,0,0,0,-1,0,0,0,,0,,0,,0,0,0,1
1723314503,3843,8,8,8,8,31.358,0,0,0.11 | 0.11 | 0.11,0,0.67 | 0.81 | 0.97,0,4.12 | 4.94 | 5.97,18.982,0.000,0,1,0,0,0,0,-1,0,0,0,,0,,0,,0,0,0,1
1723314503,3843,8,8,8,8,31.358,0,0,0.11 | 0.11 | 0.11,0,0.67 | 0.81 | 0.97,0,4.12 | 4.94 | 5.97,18.982,0.000,0,1,0,0,0,0,-1,0,0,0,,0,,0,,0,0,0,1
1723314503,3843,8,8,8,8,31.358,0,0,0.11 | 0.11 | 0.11,0,0.67 | 0.81 | 0.97,0,4.12 | 4.94 | 5.97,18.982,0.000,0,1,0,0,0,0,-1,0,0,0,,0,,0,,0,0,0,1
1723314503,3843,8,8,8,8,31.358,0,0,0.11 | 0.11 | 0.11,0,0.67 | 0.81 | 0.97,0,4.12 | 4.94 | 5.97,18.982,0.000,0,1,0,0,0,0,-1,0,0,0,,0,,0,,0,0,0,1
1723314503,3843,8,8,8,8,31.358,0,0,0.11 | 0.11 | 0.11,0,0.67 | 0.81 | 0.97,0,4.12 | 4.94 | 5.97,18.982,0.000,0,1,0,0,0,0,-1,0,0,0,,0,,0,,0,0,0,1
1723314503,3843,8,8,8,8,31.358,0,0,0.11 | 0.11 | 0.11,0,0.67 | 0.81 | 0.97,0,4.12 | 4.94 | 5.97,18.982,0.000,0,1,0,0,0,0,-1,0,0,0,,0,,0,,0,0,0,1
1723314503,3843,8,8,8,8,30.421,0,0,0.11 | 0.11 | 0.11,0,0.67 | 0.81 | 0.97,0,4.12 | 4.94 | 5.97,18.982,0.000,0,1,0,0,0,0,-1,0,0,0,,0,,0,,0,0,0,1
1723314504,3843,8,8,8,8,30.421,0,0,0.11 | 0.11 | 0.11,0,0.67 | 0.81 | 0.97,0,4.12 | 4.94 | 5.97,18.982,0.000,0,1,0,0,0,0,-1,0,0,0,,0,,0,,0,0,0,1
1723314504,3843,8,8,8,8,30.421,0,0,0.11 | 0.11 | 0.11,0,0.67 | 0.81 | 0.97,0,4.12 | 4.94 | 5.97,18.982,0.000,0,1,0,0,0,0,-1,0,0,0,,0,,0,,0,0,0,1
1723314504,3843,8,8,8,8,30.421,0,0,0.11 | 0.11 | 0.11,0,0.67 | 0.81 | 0.97,0,4.12 | 4.94 | 5.97,18.982,0.000,0,1,0,0,0,0,-1,0,0,0,,0,,0,,0,0,0,1
1723314504,3843,8,8,8,8,30.421,0,0,0.11 | 0.11 | 0.11,0,0.67 | 0.81 | 0.97,0,4.12 | 4.94 | 5.97,18.982,0.000,0,1,0,0,0,0,-1,0,0,0,,0,,0,,0,0,0,1
1723314504,3843,8,8,8,8,30.421,0,0,0.11 | 0.11 | 0.11,0,0.67 | 0.81 | 0.97,0,4.12 | 4.94 | 5.97,18.982,0.000,0,1,0,0,0,0,-1,0,0,0,,0,,0,,0,0,0,1
1723314504,3843,8,8,8,8,30.421,0,0,0.11 | 0.11 | 0.11,0,0.67 | 0.81 | 0.97,0,4.12 | 4.94 | 5.97,18.982,0.000,0,1,0,0,0,0,-1,0,0,0,,0,,0,,0,0,0,1
1723314504,3843,8,8,8,8,30.421,0,0,0.11 | 0.11 | 0.11,0,0.67 | 0.81 | 0.97,0,4.12 | 4.94 | 5.97,18.982,0.000,0,1,0,0,0,0,-1,0,0,0,,0,,0,,0,0,0,1
1723314504,3843,8,8,8,8,30.421,0,0,0.11 | 0.11 | 0.11,0,0.67 | 0.81 | 0.97,0,4.12 | 4.94 | 5.97,18.982,0.000,0,1,0,0,0,0,-1,0,0,0,,0,,0,,0,0,0,1
1723314504,3843,8,8,8,8,30.421,0,0,0.11 | 0.11 | 0.11,0,0.67 | 0.81 | 0.97,0,4.12 | 4.94 | 5.97,18.982,0.000,0,1,0,0,0,0,-1,0,0,0,,0,,0,,0,0,0,1
1723314504,3843,8,8,8,8,29.359,0,0,0.11 | 0.11 | 0.11,0,0.67 | 0.81 | 0.97,0,4.12 | 4.94 | 5.97,18.982,0.000,0,1,0,0,0,0,-1,0,0,0,,0,,0,,0,0,0,1
1723314505,3843,8,8,8,8,29.359,0,0,0.11 | 0.11 | 0.11,0,0.67 | 0.81 | 0.97,0,4.12 | 4.94 | 5.97,18.982,0.000,0,1,0,0,0,0,-1,0,0,0,,0,,0,,0,0,0,1
1723314505,3843,8,8,8,8,29.359,0,0,0.11 | 0.11 | 0.11,0,0.67 | 0.81 | 0.97,0,4.12 | 4.94 | 5.97,18.982,0.000,0,1,0,0,0,0,-1,0,0,0,,0,,0,,0,0,0,1
1723314505,3843,8,8,8,8,29.359,0,0,0.11 | 0.11 | 0.11,0,0.67 | 0.81 | 0.97,0,4.12 | 4.94 | 5.97,18.982,0.000,0,1,0,0,0,0,-1,0,0,0,,0,,0,,0,0,0,1
1723314505,3843,8,8,8,8,29.359,0,0,0.11 | 0.11 | 0.11,0,0.67 | 0.81 | 0.97,0,4.12 | 4.94 | 5.97,18.982,0.000,0,1,0,0,0,0,-1,0,0,0,,0,,0,,0,0,0,1
1723314505,3843,8,8,8,8,29.359,0,0,0.11 | 0.11 | 0.11,0,0.67 | 0.81 | 0.97,0,4.12 | 4.94 | 5.97,18.982,0.000,0,1,0,0,0,0,-1,0,0,0,,0,,0,,0,0,0,1
1723314505,3843,8,8,8,8,29.359,0,0,0.11 | 0.11 | 0.11,0,0.67 | 0.81 | 0.97,0,4.12 | 4.94 | 5.97,18.982,0.000,0,1,0,0,0,0,-1,0,0,0,,0,,0,,0,0,0,1
1723314505,3843,8,8,8,8,29.359,0,0,0.11 | 0.11 | 0.11,0,0.67 | 0.81 | 0.97,0,4.12 | 4.94 | 5.97,18.982,0.000,0,1,0,0,0,0,-1,0,0,0,,0,,0,,0,0,0,1
1723314505,3843,8,8,8,8,29.359,0,0,0.11 | 0.11 | 0.11,0,0.67 | 0.81 | 0.97,0,4.12 | 4.94 | 5.97,18.982,0.000,0,1,0,0,0,0,-1,0,0,0,,0,,0,,0,0,0,1
1723314505,3843,8,8,8,8,29.359,0,0,0.11 | 0.11 | 0.11,0,0.67 | 0.81 | 0.97,0,4.12 | 4.94 | 5.97,18.982,0.000,0,1,0,0,0,0,-1,0,0,0,,0,,0,,0,0,0,1
1723314505,3843,8,8,8,8,31.762,0,0,0.11 | 0.11 | 0.11,0,0.63 | 0.80 | 0.97,0,4.12 | 5.00 | 6.31,18.992,0.000,0,1,0,0,0,0,-1,0,0,0,,0,,0,,0,0,0,1
1723314506,3843,8,8,8,8,31.762,0,0,0.11 | 0.11 | 0.11,0,0.63 | 0.80 | 0.97,0,4.12 | 5.00 | 6.31,18.992,0.000,0,1,0,0,0,0,-1,0,0,0,,0,,0,,0,0,0,1
1723314506,3843,8,8,8,8,31.762,0,0,0.11 | 0.11 | 0.11,0,0.63 | 0.80 | 0.97,0,4.12 | 5.00 | 6.31,18.992,0.000,0,1,0,0,0,0,-1,0,0,0,,0,,0,,0,0,0,1
1723314506,3843,8,8,8,8,31.762,0,0,0.11 | 0.11 | 0.11,0,0.63 | 0.80 | 0.97,0,4.12 | 5.00 | 6.31,18.992,0.000,0,1,0,0,0,0,-1,0,0,0,,0,,0,,0,0,0,1
1723314506,3843,8,8,8,8,31.762,0,0,0.11 | 0.11 | 0.11,0,0.63 | 0.80 | 0.97,0,4.12 | 5.00 | 6.31,18.992,0.000,0,1,0,0,0,0,-1,0,0,0,,0,,0,,0,0,0,1
1723314506,3843,8,8,8,8,31.762,0,0,0.11 | 0.11 | 0.11,0,0.63 | 0.80 | 0.97,0,4.12 | 5.00 | 6.31,18.992,0.000,0,1,0,0,0,0,-1,0,0,0,,0,,0,,0,0,0,1
1723314506,3843,8,8,8,8,31.762,0,0,0.11 | 0.11 | 0.11,0,0.63 | 0.80 | 0.97,0,4.12 | 5.00 | 6.31,18.992,0.000,0,1,0,0,0,0,-1,0,0,0,,0,,0,,0,0,0,1
1723314506,3843,8,8,8,8,31.762,0,0,0.11 | 0.11 | 0.11,0,0.63 | 0.80 | 0.97,0,4.12 | 5.00 | 6.31,18.992,0.000,0,1,0,0,0,0,-1,0,0,0,,0,,0,,0,0,0,1
1723314506,3843,8,8,8,8,31.762,0,0,0.11 | 0.11 | 0.11,0,0.63 | 0.80 | 0.97,0,4.12 | 5.00 | 6.31,18.992,0.000,0,1,0,0,0,0,-1,0,0,0,,0,,0,,0,0,0,1
1723314506,3843,8,8,8,8,31.762,0,0,0.11 | 0.11 | 0.11,0,0.63 | 0.80 | 0.97,0,4.12 | 5.00 | 6.31,18.992,0.000,0,1,0,0,0,0,-1,0,0,0,,0,,0,,0,0,0,1
1723314506,3843,8,8,8,8,30.7,0,0,0.11 | 0.11 | 0.11,0,0.63 | 0.80 | 0.97,0,4.12 | 5.00 | 6.31,18.992,0.000,0,1,0,0,0,0,-1,0,0,0,,0,,0,,0,0,0,1
1723314507,3843,8,8,8,8,30.7,0,0,0.11 | 0.11 | 0.11,0,0.63 | 0.80 | 0.97,0,4.12 | 5.00 | 6.31,18.992,0.000,0,1,0,0,0,0,-1,0,0,0,,0,,0,,0,0,0,1
1723314507,3843,8,8,8,8,30.7,0,0,0.11 | 0.11 | 0.11,0,0.63 | 0.80 | 0.97,0,4.12 | 5.00 | 6.31,18.992,0.000,0,1,0,0,0,0,-1,0,0,0,,0,,0,,0,0,0,1
1723314507,3843,8,8,8,8,30.7,0,0,0.11 | 0.11 | 0.11,0,0.63 | 0.80 | 0.97,0,4.12 | 5.00 | 6.31,18.992,0.000,0,1,0,0,0,0,-1,0,0,0,,0,,0,,0,0,0,1
1723314507,3843,8,8,8,8,30.7,0,0,0.11 | 0.11 | 0.11,0,0.63 | 0.80 | 0.97,0,4.12 | 5.00 | 6.31,18.992,0.000,0,1,0,0,0,0,-1,0,0,0,,0,,0,,0,0,0,1
1723314507,3843,8,8,8,8,30.7,0,0,0.11 | 0.11 | 0.11,0,0.63 | 0.80 | 0.97,0,4.12 | 5.00 | 6.31,18.992,0.000,0,1,0,0,0,0,-1,0,0,0,,0,,0,,0,0,0,1
1723314507,3843,8,8,8,8,30.7,0,0,0.11 | 0.11 | 0.11,0,0.63 | 0.80 | 0.97,0,4.12 | 5.00 | 6.31,18.992,0.000,0,1,0,0,0,0,-1,0,0,0,,0,,0,,0,0,0,1
1723314507,3843,8,8,8,8,30.7,0,0,0.11 | 0.11 | 0.11,0,0.63 | 0.80 | 0.97,0,4.12 | 5.00 | 6.31,18.992,0.000,0,1,0,0,0,0,-1,0,0,0,,0,,0,,0,0,0,1
1723314507,3843,8,8,8,8,30.7,0,0,0.11 | 0.11 | 0.11,0,0.63 | 0.80 | 0.97,0,4.12 | 5.00 | 6.31,18.992,0.000,0,1,0,0,0,0,-1,0,0,0,,0,,0,,0,0,0,1
1723314507,3843,8,8,8,8,30.7,0,0,0.11 | 0.11 | 0.11,0,0.63 | 0.80 | 0.97,0,4.12 | 5.00 | 6.31,18.992,0.000,0,1,0,0,0,0,-1,0,0,0,,0,,0,,0,0,0,1
1723314507,3843,8,8,8,8,29.637,0,0,0.11 | 0.11 | 0.11,0,0.63 | 0.80 | 0.97,0,4.12 | 5.00 | 6.31,18.992,0.000,0,1,0,0,0,0,-1,0,0,0,,0,,0,,0,0,0,1
1723314508,3843,8,8,8,8,29.637,0,0,0.11 | 0.11 | 0.11,0,0.63 | 0.80 | 0.97,0,4.12 | 5.00 | 6.31,18.992,0.000,0,1,0,0,0,0,-1,0,0,0,,0,,0,,0,0,0,1
1723314508,3843,8,8,8,8,29.637,0,0,0.11 | 0.11 | 0.11,0,0.63 | 0.80 | 0.97,0,4.12 | 5.00 | 6.31,18.992,0.000,0,1,0,0,0,0,-1,0,0,0,,0,,0,,0,0,0,1
1723314508,3843,8,8,8,8,29.637,0,0,0.11 | 0.11 | 0.11,0,0.63 | 0.80 | 0.97,0,4.12 | 5.00 | 6.31,18.992,0.000,0,1,0,0,0,0,-1,0,0,0,,0,,0,,0,0,0,1
1723314508,3843,8,8,8,8,29.637,0,0,0.11 | 0.11 | 0.11,0,0.63 | 0.80 | 0.97,0,4.12 | 5.00 | 6.31,18.992,0.000,0,1,0,0,0,0,-1,0,0,0,,0,,0,,0,0,0,1
1723314508,3843,8,8,8,8,29.637,0,0,0.11 | 0.11 | 0.11,0,0.63 | 0.80 | 0.97,0,4.12 | 5.00 | 6.31,18.992,0.000,0,1,0,0,0,0,-1,0,0,0,,0,,0,,0,0,0,1
1723314508,3843,8,8,8,8,29.637,0,0,0.11 | 0.11 | 0.11,0,0.63 | 0.80 | 0.97,0,4.12 | 5.00 | 6.31,18.992,0.000,0,1,0,0,0,0,-1,0,0,0,,0,,0,,0,0,0,1
1723314508,3843,8,8,8,8,29.637,0,0,0.11 | 0.11 | 0.11,0,0.63 | 0.80 | 0.97,0,4.12 | 5.00 | 6.31,18.992,0.000,0,1,0,0,0,0,-1,0,0,0,,0,,0,,0,0,0,1
1723314508,3843,8,8,8,8,29.637,0,0,0.11 | 0.11 | 0.11,0,0.63 | 0.80 | 0.97,0,4.12 | 5.00 | 6.31,18.992,0.000,0,1,0,0,0,0,-1,0,0,0,,0,,0,,0,0,0,1
1723314508,3843,8,8,8,8,29.637,0,0,0.11 | 0.11 | 0.11,0,0.63 | 0.80 | 0.97,0,4.12 | 5.00 | 6.31,18.992,0.000,0,1,0,0,0,0,-1,0,0,0,,0,,0,,0,0,0,1
1723314508,3843,8,8,8,8,28.575,0,0,0.11 | 0.11 | 0.11,0,0.63 | 0.80 | 0.97,0,4.12 | 5.00 | 6.31,18.992,0.000,0,1,0,0,0,0,-1,0,0,0,,0,,0,,0,0,0,1
1723314509,3843,8,8,8,8,28.575,0,0,0.11 | 0.11 | 0.11,0,0.63 | 0.80 | 0.97,0,4.12 | 5.00 | 6.31,18.992,0.000,0,1,0,0,0,0,-1,0,0,0,,0,,0,,0,0,0,1
1723314509,3843,8,8,8,8,28.575,0,0,0.11 | 0.11 | 0.11,0,0.63 | 0.80 | 0.97,0,4.12 | 5.00 | 6.31,18.992,0.000,0,1,0,0,0,0,-1,0,0,0,,0,,0,,0,0,0,1
1723314509,3843,8,8,8,8,28.575,0,0,0.11 | 0.11 | 0.11,0,0.63 | 0.80 | 0.97,0,4.12 | 5.00 | 6.31,18.992,0.000,0,1,0,0,0,0,-1,0,0,0,,0,,0,,0,0,0,1
1723314509,3843,8,8,8,8,28.575,0,0,0.11 | 0.11 | 0.11,0,0.63 | 0.80 | 0.97,0,4.12 | 5.00 | 6.31,18.992,0.000,0,1,0,0,0,0,-1,0,0,0,,0,,0,,0,0,0,1
1723314509,3843,8,8,8,8,28.575,0,0,0.11 | 0.11 | 0.11,0,0.63 | 0.80 | 0.97,0,4.12 | 5.00 | 6.31,18.992,0.000,0,1,0,0,0,0,-1,0,0,0,,0,,0,,0,0,0,1
1723314509,3843,8,8,8,8,28.575,0,0,0.11 | 0.11 | 0.11,0,0.63 | 0.80 | 0.97,0,4.12 | 5.00 | 6.31,18.992,0.000,0,1,0,0,0,0,-1,0,0,0,,0,,0,,0,0,0,1
1723314509,3843,8,8,8,8,28.575,0,0,0.11 | 0.11 | 0.11,0,0.63 | 0.80 | 0.97,0,4.12 | 5.00 | 6.31,18.992,0.000,0,1,0,0,0,0,-1,0,0,0,,0,,0,,0,0,0,1
1723314509,3843,8,8,8,8,28.575,0,0,0.11 | 0.11 | 0.11,0,0.63 | 0.80 | 0.97,0,4.12 | 5.00 | 6.31,18.992,0.000,0,1,0,0,0,0,-1,0,0,0,,0,,0,,0,0,0,1
1723314509,3843,8,8,8,8,28.575,0,0,0.11 | 0.11 | 0.11,0,0.63 | 0.80 | 0.97,0,4.12 | 5.00 | 6.31,18.992,0.000,0,1,0,0,0,0,-1,0,0,0,,0,,0,,0,0,0,1
1723314509,3843,8,8,8,8,32.578,0,0,0.11 | 0.11 | 0.11,0,0.63 | 0.83 | 1.08,0,3.72 | 4.84 | 6.31,18.988,0.000,0,1,0,0,0,0,-1,0,0,0,,0,,0,,0,0,0,1
1723314510,3843,8,8,8,8,32.578,0,0,0.11 | 0.11 | 0.11,0,0.63 | 0.83 | 1.08,0,3.72 | 4.84 | 6.31,18.988,0.000,0,1,0,0,0,0,-1,0,0,0,,0,,0,,0,0,0,1
1723314510,3843,8,8,8,8,32.578,0,0,0.11 | 0.11 | 0.11,0,0.63 | 0.83 | 1.08,0,3.72 | 4.84 | 6.31,18.988,0.000,0,1,0,0,0,0,-1,0,0,0,,0,,0,,0,0,0,1
1723314510,3843,8,8,8,8,32.578,0,0,0.11 | 0.11 | 0.11,0,0.63 | 0.83 | 1.08,0,3.72 | 4.84 | 6.31,18.988,0.000,0,1,0,0,0,0,-1,0,0,0,,0,,0,,0,0,0,1
1723314510,3843,8,8,8,8,32.578,0,0,0.11 | 0.11 | 0.11,0,0.63 | 0.83 | 1.08,0,3.72 | 4.84 | 6.31,18.988,0.000,0,1,0,0,0,0,-1,0,0,0,,0,,0,,0,0,0,1
1723314510,3843,8,8,8,8,32.578,0,0,0.11 | 0.11 | 0.11,0,0.63 | 0.83 | 1.08,0,3.72 | 4.84 | 6.31,18.988,0.000,0,1,0,0,0,0,-1,0,0,0,,0,,0,,0,0,0,1
1723314510,3843,8,8,8,8,32.578,0,0,0.11 | 0.11 | 0.11,0,0.63 | 0.83 | 1.08,0,3.72 | 4.84 | 6.31,18.988,0.000,0,1,0,0,0,0,-1,0,0,0,,0,,0,,0,0,0,1
1723314510,3843,8,8,8,8,32.578,0,0,0.11 | 0.11 | 0.11,0,0.63 | 0.83 | 1.08,0,3.72 | 4.84 | 6.31,18.988,0.000,0,1,0,0,0,0,-1,0,0,0,,0,,0,,0,0,0,1
1723314510,3843,8,8,8,8,32.578,0,0,0.11 | 0.11 | 0.11,0,0.63 | 0.83 | 1.08,0,3.72 | 4.84 | 6.31,18.988,0.000,0,1,0,0,0,0,-1,0,0,0,,0,,0,,0,0,0,1
1723314510,3843,8,8,8,8,32.578,0,0,0.11 | 0.11 | 0.11,0,0.63 | 0.83 | 1.08,0,3.72 | 4.84 | 6.31,18.988,0.000,0,1,0,0,0,0,-1,0,0,0,,0,,0,,0,0,0,1
1723314510,3843,8,8,8,8,31.515,0,0,0.11 | 0.11 | 0.11,0,0.63 | 0.83 | 1.08,0,3.72 | 4.84 | 6.31,18.988,0.000,0,1,0,0,0,0,-1,0,0,0,,0,,0,,0,0,0,1
1723314511,3843,8,8,8,8,31.515,0,0,0.11 | 0.11 | 0.11,0,0.63 | 0.83 | 1.08,0,3.72 | 4.84 | 6.31,18.988,0.000,0,1,0,0,0,0,-1,0,0,0,,0,,0,,0,0,0,1
1723314511,3843,8,8,8,8,31.515,0,0,0.11 | 0.11 | 0.11,0,0.63 | 0.83 | 1.08,0,3.72 | 4.84 | 6.31,18.988,0.000,0,1,0,0,0,0,-1,0,0,0,,0,,0,,0,0,0,1
1723314511,3843,8,8,8,8,31.515,0,0,0.11 | 0.11 | 0.11,0,0.63 | 0.83 | 1.08,0,3.72 | 4.84 | 6.31,18.988,0.000,0,1,0,0,0,0,-1,0,0,0,,0,,0,,0,0,0,1
1723314511,3843,8,8,8,8,31.515,0,0,0.11 | 0.11 | 0.11,0,0.63 | 0.83 | 1.08,0,3.72 | 4.84 | 6.31,18.988,0.000,0,1,0,0,0,0,-1,0,0,0,,0,,0,,0,0,0,1
1723314511,3843,8,8,8,8,31.515,0,0,0.11 | 0.11 | 0.11,0,0.63 | 0.83 | 1.08,0,3.72 | 4.84 | 6.31,18.988,0.000,0,1,0,0,0,0,-1,0,0,0,,0,,0,,0,0,0,1
1723314511,3843,8,8,8,8,31.515,0,0,0.11 | 0.11 | 0.11,0,0.63 | 0.83 | 1.08,0,3.72 | 4.84 | 6.31,18.988,0.000,0,1,0,0,0,0,-1,0,0,0,,0,,0,,0,0,0,1
1723314511,3843,8,8,8,8,31.515,0,0,0.11 | 0.11 | 0.11,0,0.63 | 0.83 | 1.08,0,3.72 | 4.84 | 6.31,18.988,0.000,0,1,0,0,0,0,-1,0,0,0,,0,,0,,0,0,0,1
1723314511,3843,8,8,8,8,31.515,0,0,0.11 | 0.11 | 0.11,0,0.63 | 0.83 | 1.08,0,3.72 | 4.84 | 6.31,18.988,0.000,0,1,0,0,0,0,-1,0,0,0,,0,,0,,0,0,0,1
1723314511,3843,8,8,8,8,31.515,0,0,0.11 | 0.11 | 0.11,0,0.63 | 0.83 | 1.08,0,3.72 | 4.84 | 6.31,18.988,0.000,0,1,0,0,0,0,-1,0,0,0,,0,,0,,0,0,0,1
1723314511,3843,8,8,8,8,30.453,0,0,0.11 | 0.11 | 0.11,0,0.63 | 0.83 | 1.08,0,3.72 | 4.84 | 6.31,18.988,0.000,0,1,0,0,0,0,-1,0,0,0,,0,,0,,0,0,0,1
1723314512,3843,8,8,8,8,30.453,0,0,0.11 | 0.11 | 0.11,0,0.63 | 0.83 | 1.08,0,3.72 | 4.84 | 6.31,18.988,0.000,0,1,0,0,0,0,-1,0,0,0,,0,,0,,0,0,0,1
1723314512,3843,8,8,8,8,30.453,0,0,0.11 | 0.11 | 0.11,0,0.63 | 0.83 | 1.08,0,3.72 | 4.84 | 6.31,18.988,0.000,0,1,0,0,0,0,-1,0,0,0,,0,,0,,0,0,0,1
1723314512,3843,8,8,8,8,30.453,0,0,0.11 | 0.11 | 0.11,0,0.63 | 0.83 | 1.08,0,3.72 | 4.84 | 6.31,18.988,0.000,0,1,0,0,0,0,-1,0,0,0,,0,,0,,0,0,0,1
1723314512,3843,8,8,8,8,30.453,0,0,0.11 | 0.11 | 0.11,0,0.63 | 0.83 | 1.08,0,3.72 | 4.84 | 6.31,18.988,0.000,0,1,0,0,0,0,-1,0,0,0,,0,,0,,0,0,0,1
1723314512,3843,8,8,8,8,30.453,0,0,0.11 | 0.11 | 0.11,0,0.63 | 0.83 | 1.08,0,3.72 | 4.84 | 6.31,18.988,0.000,0,1,0,0,0,0,-1,0,0,0,,0,,0,,0,0,0,1
1723314512,3843,8,8,8,8,30.453,0,0,0.11 | 0.11 | 0.11,0,0.63 | 0.83 | 1.08,0,3.72 | 4.84 | 6.31,18.988,0.000,0,1,0,0,0,0,-1,0,0,0,,0,,0,,0,0,0,1
1723314512,3843,8,8,8,8,30.453,0,0,0.11 | 0.11 | 0.11,0,0.63 | 0.83 | 1.08,0,3.72 | 4.84 | 6.31,18.988,0.000,0,1,0,0,0,0,-1,0,0,0,,0,,0,,0,0,0,1
1723314512,3843,8,8,8,8,30.453,0,0,0.11 | 0.11 | 0.11,0,0.63 | 0.83 | 1.08,0,3.72 | 4.84 | 6.31,18.988,0.000,0,1,0,0,0,0,-1,0,0,0,,0,,0,,0,0,0,1
1723314512,3843,8,8,8,8,30.453,0,0,0.11 | 0.11 | 0.11,0,0.63 | 0.83 | 1.08,0,3.72 | 4.84 | 6.31,18.988,0.000,0,1,0,0,0,0,-1,0,0,0,,0,,0,,0,0,0,1
1723314512,3843,8,8,8,8,29.358,0,0,0.11 | 0.11 | 0.11,0,0.63 | 0.83 | 1.08,0,3.72 | 4.84 | 6.31,18.988,0.000,0,1,0,0,0,0,-1,0,0,0,,0,,0,,0,0,0,1
1723314513,3843,8,8,8,8,29.358,0,0,0.11 | 0.11 | 0.11,0,0.63 | 0.83 | 1.08,0,3.72 | 4.84 | 6.31,18.988,0.000,0,1,0,0,0,0,-1,0,0,0,,0,,0,,0,0,0,1
1723314513,3843,8,8,8,8,29.358,0,0,0.11 | 0.11 | 0.11,0,0.63 | 0.83 | 1.08,0,3.72 | 4.84 | 6.31,18.988,0.000,0,1,0,0,0,0,-1,0,0,0,,0,,0,,0,0,0,1
1723314513,3843,8,8,8,8,29.358,0,0,0.11 | 0.11 | 0.11,0,0.63 | 0.83 | 1.08,0,3.72 | 4.84 | 6.31,18.988,0.000,0,1,0,0,0,0,-1,0,0,0,,0,,0,,0,0,0,1
1723314513,3843,8,8,8,8,29.358,0,0,0.11 | 0.11 | 0.11,0,0.63 | 0.83 | 1.08,0,3.72 | 4.84 | 6.31,18.988,0.000,0,1,0,0,0,0,-1,0,0,0,,0,,0,,0,0,0,1
1723314513,3843,8,8,8,8,29.358,0,0,0.11 | 0.11 | 0.11,0,0.63 | 0.83 | 1.08,0,3.72 | 4.84 | 6.31,18.988,0.000,0,1,0,0,0,0,-1,0,0,0,,0,,0,,0,0,0,1
1723314513,3843,8,8,8,8,29.358,0,0,0.11 | 0.11 | 0.11,0,0.63 | 0.83 | 1.08,0,3.72 | 4.84 | 6.31,18.988,0.000,0,1,0,0,0,0,-1,0,0,0,,0,,0,,0,0,0,1
1723314513,3843,8,8,8,8,29.358,0,0,0.11 | 0.11 | 0.11,0,0.63 | 0.83 | 1.08,0,3.72 | 4.84 | 6.31,18.988,0.000,0,1,0,0,0,0,-1,0,0,0,,0,,0,,0,0,0,1
1723314513,3843,8,8,8,8,29.358,0,0,0.11 | 0.11 | 0.11,0,0.63 | 0.83 | 1.08,0,3.72 | 4.84 | 6.31,18.988,0.000,0,1,0,0,0,0,-1,0,0,0,,0,,0,,0,0,0,1
1723314513,3843,8,8,8,8,29.358,0,0,0.11 | 0.11 | 0.11,0,0.63 | 0.83 | 1.08,0,3.72 | 4.84 | 6.31,18.988,0.000,0,1,0,0,0,0,-1,0,0,0,,0,,0,,0,0,0,1
1723314513,3843,8,8,8,8,31.684,0,0,0.11 | 0.11 | 0.11,0,0.63 | 0.84 | 1.08,0,3.72 | 4.77 | 6.31,18.974,0.000,0,1,0,0,0,0,-1,0,0,0,,0,,0,,0,0,0,1
1723314514,3843,8,8,8,8,31.684,0,0,0.11 | 0.11 | 0.11,0,0.63 | 0.84 | 1.08,0,3.72 | 4.77 | 6.31,18.974,0.000,0,1,0,0,0,0,-1,0,0,0,,0,,0,,0,0,0,1
1723314514,3843,8,8,8,8,31.684,0,0,0.11 | 0.11 | 0.11,0,0.63 | 0.84 | 1.08,0,3.72 | 4.77 | 6.31,18.974,0.000,0,1,0,0,0,0,-1,0,0,0,,0,,0,,0,0,0,1
1723314514,3843,8,8,8,8,31.684,0,0,0.11 | 0.11 | 0.11,0,0.63 | 0.84 | 1.08,0,3.72 | 4.77 | 6.31,18.974,0.000,0,1,0,0,0,0,-1,0,0,0,,0,,0,,0,0,0,1
1723314514,3843,8,8,8,8,31.684,0,0,0.11 | 0.11 | 0.11,0,0.63 | 0.84 | 1.08,0,3.72 | 4.77 | 6.31,18.974,0.000,0,1,0,0,0,0,-1,0,0,0,,0,,0,,0,0,0,1
1723314514,3843,8,8,8,8,31.684,0,0,0.11 | 0.11 | 0.11,0,0.63 | 0.84 | 1.08,0,3.72 | 4.77 | 6.31,18.974,0.000,0,1,0,0,0,0,-1,0,0,0,,0,,0,,0,0,0,1
1723314514,3843,8,8,8,8,31.684,0,0,0.11 | 0.11 | 0.11,0,0.63 | 0.84 | 1.08,0,3.72 | 4.77 | 6.31,18.974,0.000,0,1,0,0,0,0,-1,0,0,0,,0,,0,,0,0,0,1
1723314514,3843,8,8,8,8,31.684,0,0,0.11 | 0.11 | 0.11,0,0.63 | 0.84 | 1.08,0,3.72 | 4.77 | 6.31,18.974,0.000,0,1,0,0,0,0,-1,0,0,0,,0,,0,,0,0,0,1
1723314514,3843,8,8,8,8,31.684,0,0,0.11 | 0.11 | 0.11,0,0.63 | 0.84 | 1.08,0,3.72 | 4.77 | 6.31,18.974,0.000,0,1,0,0,0,0,-1,0,0,0,,0,,0,,0,0,0,1
1723314514,3843,8,8,8,8,31.684,0,0,0.11 | 0.11 | 0.11,0,0.63 | 0.84 | 1.08,0,3.72 | 4.77 | 6.31,18.974,0.000,0,1,0,0,0,0,-1,0,0,0,,0,,0,,0,0,0,1
1723314514,3843,8,8,8,8,30.731,0,0,0.11 | 0.11 | 0.11,0,0.63 | 0.84 | 1.08,0,3.72 | 4.77 | 6.31,18.974,0.000,0,1,0,0,0,0,-1,0,0,0,,0,,0,,0,0,0,1
1723314515,3843,8,8,8,8,30.731,0,0,0.11 | 0.11 | 0.11,0,0.63 | 0.84 | 1.08,0,3.72 | 4.77 | 6.31,18.974,0.000,0,1,0,0,0,0,-1,0,0,0,,0,,0,,0,0,0,1
1723314515,3843,8,8,8,8,30.731,0,0,0.11 | 0.11 | 0.11,0,0.63 | 0.84 | 1.08,0,3.72 | 4.77 | 6.31,18.974,0.000,0,1,0,0,0,0,-1,0,0,0,,0,,0,,0,0,0,1
1723314515,3843,8,8,8,8,30.731,0,0,0.11 | 0.11 | 0.11,0,0.63 | 0.84 | 1.08,0,3.72 | 4.77 | 6.31,18.974,0.000,0,1,0,0,0,0,-1,0,0,0,,0,,0,,0,0,0,1
1723314515,3843,8,8,8,8,30.731,0,0,0.11 | 0.11 | 0.11,0,0.63 | 0.84 | 1.08,0,3.72 | 4.77 | 6.31,18.974,0.000,0,1,0,0,0,0,-1,0,0,0,,0,,0,,0,0,0,1
1723314515,3843,8,8,8,8,30.731,0,0,0.11 | 0.11 | 0.11,0,0.63 | 0.84 | 1.08,0,3.72 | 4.77 | 6.31,18.974,0.000,0,1,0,0,0,0,-1,0,0,0,,0,,0,,0,0,0,1
1723314515,3843,8,8,8,8,30.731,0,0,0.11 | 0.11 | 0.11,0,0.63 | 0.84 | 1.08,0,3.72 | 4.77 | 6.31,18.974,0.000,0,1,0,0,0,0,-1,0,0,0,,0,,0,,0,0,0,1
1723314515,3843,8,8,8,8,30.731,0,0,0.11 | 0.11 | 0.11,0,0.63 | 0.84 | 1.08,0,3.72 | 4.77 | 6.31,18.974,0.000,0,1,0,0,0,0,-1,0,0,0,,0,,0,,0,0,0,1
1723314515,3843,8,8,8,8,30.731,0,0,0.11 | 0.11 | 0.11,0,0.63 | 0.84 | 1.08,0,3.72 | 4.77 | 6.31,18.974,0.000,0,1,0,0,0,0,-1,0,0,0,,0,,0,,0,0,0,1
1723314515,3843,8,8,8,8,30.731,0,0,0.11 | 0.11 | 0.11,0,0.63 | 0.84 | 1.08,0,3.72 | 4.77 | 6.31,18.974,0.000,0,1,0,0,0,0,-1,0,0,0,,0,,0,,0,0,0,1
1723314515,3843,8,8,8,8,29.668,0,0,0.11 | 0.11 | 0.11,0,0.63 | 0.84 | 1.08,0,3.72 | 4.77 | 6.31,18.974,0.000,0,1,0,0,0,0,-1,0,0,0,,0,,0,,0,0,0,1
1723314516,3843,8,8,8,8,29.668,0,0,0.11 | 0.11 | 0.11,0,0.63 | 0.84 | 1.08,0,3.72 | 4.77 | 6.31,18.974,0.000,0,1,0,0,0,0,-1,0,0,0,,0,,0,,0,0,0,1
1723314516,3843,8,8,8,8,29.668,0,0,0.11 | 0.11 | 0.11,0,0.63 | 0.84 | 1.08,0,3.72 | 4.77 | 6.31,18.974,0.000,0,1,0,0,0,0,-1,0,0,0,,0,,0,,0,0,0,1
1723314516,3843,8,8,8,8,29.668,0,0,0.11 | 0.11 | 0.11,0,0.63 | 0.84 | 1.08,0,3.72 | 4.77 | 6.31,18.974,0.000,0,1,0,0,0,0,-1,0,0,0,,0,,0,,0,0,0,1
1723314516,3843,8,8,8,8,29.668,0,0,0.11 | 0.11 | 0.11,0,0.63 | 0.84 | 1.08,0,3.72 | 4.77 | 6.31,18.974,0.000,0,1,0,0,0,0,-1,0,0,0,,0,,0,,0,0,0,1
1723314516,3843,8,8,8,8,29.668,0,0,0.11 | 0.11 | 0.11,0,0.63 | 0.84 | 1.08,0,3.72 | 4.77 | 6.31,18.974,0.000,0,1,0,0,0,0,-1,0,0,0,,0,,0,,0,0,0,1
1723314516,3843,8,8,8,8,29.668,0,0,0.11 | 0.11 | 0.11,0,0.63 | 0.84 | 1.08,0,3.72 | 4.77 | 6.31,18.974,0.000,0,1,0,0,0,0,-1,0,0,0,,0,,0,,0,0,0,1
1723314516,3843,8,8,8,8,29.668,0,0,0.11 | 0.11 | 0.11,0,0.63 | 0.84 | 1.08,0,3.72 | 4.77 | 6.31,18.974,0.000,0,1,0,0,0,0,-1,0,0,0,,0,,0,,0,0,0,1
1723314516,3843,8,8,8,8,29.668,0,0,0.11 | 0.11 | 0.11,0,0.63 | 0.84 | 1.08,0,3.72 | 4.77 | 6.31,18.974,0.000,0,1,0,0,0,0,-1,0,0,0,,0,,0,,0,0,0,1
1723314516,3843,8,8,8,8,29.668,0,0,0.11 | 0.11 | 0.11,0,0.63 | 0.84 | 1.08,0,3.72 | 4.77 | 6.31,18.974,0.000,0,1,0,0,0,0,-1,0,0,0,,0,,0,,0,0,0,1
1723314516,3843,8,8,8,8,33.406,0,0,0.11 | 0.11 | 0.11,0,0.63 | 0.87 | 1.08,0,3.72 | 4.60 | 6.31,18.985,0.000,0,1,0,0,0,0,-1,0,0,0,,0,,0,,0,0,0,1
1723314517,3843,8,8,8,8,33.406,0,0,0.11 | 0.11 | 0.11,0,0.63 | 0.87 | 1.08,0,3.72 | 4.60 | 6.31,18.985,0.000,0,1,0,0,0,0,-1,0,0,0,,0,,0,,0,0,0,1
1723314517,3843,8,8,8,8,33.406,0,0,0.11 | 0.11 | 0.11,0,0.63 | 0.87 | 1.08,0,3.72 | 4.60 | 6.31,18.985,0.000,0,1,0,0,0,0,-1,0,0,0,,0,,0,,0,0,0,1
1723314517,3843,8,8,8,8,33.406,0,0,0.11 | 0.11 | 0.11,0,0.63 | 0.87 | 1.08,0,3.72 | 4.60 | 6.31,18.985,0.000,0,1,0,0,0,0,-1,0,0,0,,0,,0,,0,0,0,1
1723314517,3843,8,8,8,8,33.406,0,0,0.11 | 0.11 | 0.11,0,0.63 | 0.87 | 1.08,0,3.72 | 4.60 | 6.31,18.985,0.000,0,1,0,0,0,0,-1,0,0,0,,0,,0,,0,0,0,1
1723314517,3843,8,8,8,8,33.406,0,0,0.11 | 0.11 | 0.11,0,0.63 | 0.87 | 1.08,0,3.72 | 4.60 | 6.31,18.985,0.000,0,1,0,0,0,0,-1,0,0,0,,0,,0,,0,0,0,1
1723314517,3843,8,8,8,8,33.406,0,0,0.11 | 0.11 | 0.11,0,0.63 | 0.87 | 1.08,0,3.72 | 4.60 | 6.31,18.985,0.000,0,1,0,0,0,0,-1,0,0,0,,0,,0,,0,0,0,1
1723314517,3843,8,8,8,8,33.406,0,0,0.11 | 0.11 | 0.11,0,0.63 | 0.87 | 1.08,0,3.72 | 4.60 | 6.31,18.985,0.000,0,1,0,0,0,0,-1,0,0,0,,0,,0,,0,0,0,1
1723314517,3843,8,8,8,8,33.406,0,0,0.11 | 0.11 | 0.11,0,0.63 | 0.87 | 1.08,0,3.72 | 4.60 | 6.31,18.985,0.000,0,1,0,0,0,0,-1,0,0,0,,0,,0,,0,0,0,1
1723314517,3843,8,8,8,8,33.406,0,0,0.11 | 0.11 | 0.11,0,0.63 | 0.87 | 1.08,0,3.72 | 4.60 | 6.31,18.985,0.000,0,1,0,0,0,0,-1,0,0,0,,0,,0,,0,0,0,1
1723314517,3843,8,8,8,8,32.609,0,0,0.11 | 0.11 | 0.11,0,0.63 | 0.87 | 1.08,0,3.72 | 4.60 | 6.31,18.985,0.000,0,1,0,0,0,0,-1,0,0,0,,0,,0,,0,0,0,1
1723314518,3843,8,8,8,8,32.609,0,0,0.11 | 0.11 | 0.11,0,0.63 | 0.87 | 1.08,0,3.72 | 4.60 | 6.31,18.985,0.000,0,1,0,0,0,0,-1,0,0,0,,0,,0,,0,0,0,1
1723314518,3843,8,8,8,8,32.609,0,0,0.11 | 0.11 | 0.11,0,0.63 | 0.87 | 1.08,0,3.72 | 4.60 | 6.31,18.985,0.000,0,1,0,0,0,0,-1,0,0,0,,0,,0,,0,0,0,1
1723314518,3843,8,8,8,8,32.609,0,0,0.11 | 0.11 | 0.11,0,0.63 | 0.87 | 1.08,0,3.72 | 4.60 | 6.31,18.985,0.000,0,1,0,0,0,0,-1,0,0,0,,0,,0,,0,0,0,1
1723314518,3843,8,8,8,8,32.609,0,0,0.11 | 0.11 | 0.11,0,0.63 | 0.87 | 1.08,0,3.72 | 4.60 | 6.31,18.985,0.000,0,1,0,0,0,0,-1,0,0,0,,0,,0,,0,0,0,1
1723314518,3843,8,8,8,8,32.609,0,0,0.11 | 0.11 | 0.11,0,0.63 | 0.87 | 1.08,0,3.72 | 4.60 | 6.31,18.985,0.000,0,1,0,0,0,0,-1,0,0,0,,0,,0,,0,0,0,1
1723314518,3843,8,8,8,8,32.609,0,0,0.11 | 0.11 | 0.11,0,0.63 | 0.87 | 1.08,0,3.72 | 4.60 | 6.31,18.985,0.000,0,1,0,0,0,0,-1,0,0,0,,0,,0,,0,0,0,1
1723314518,3843,8,8,8,8,32.609,0,0,0.11 | 0.11 | 0.11,0,0.63 | 0.87 | 1.08,0,3.72 | 4.60 | 6.31,18.985,0.000,0,1,0,0,0,0,-1,0,0,0,,0,,0,,0,0,0,1
1723314518,3843,8,8,8,8,32.609,0,0,0.11 | 0.11 | 0.11,0,0.63 | 0.87 | 1.08,0,3.72 | 4.60 | 6.31,18.985,0.000,0,1,0,0,0,0,-1,0,0,0,,0,,0,,0,0,0,1
1723314518,3843,8,8,8,8,32.609,0,0,0.11 | 0.11 | 0.11,0,0.63 | 0.87 | 1.08,0,3.72 | 4.60 | 6.31,18.985,0.000,0,1,0,0,0,0,-1,0,0,0,,0,,0,,0,0,0,1
1723314518,3843,8,8,8,8,31.546,0,0,0.11 | 0.11 | 0.11,0,0.63 | 0.87 | 1.08,0,3.72 | 4.60 | 6.31,18.985,0.000,0,1,0,0,0,0,-1,0,0,0,,0,,0,,0,0,0,1
1723314519,3843,8,8,8,8,31.546,0,0,0.11 | 0.11 | 0.11,0,0.63 | 0.87 | 1.08,0,3.72 | 4.60 | 6.31,18.985,0.000,0,1,0,0,0,0,-1,0,0,0,,0,,0,,0,0,0,1
1723314519,3843,8,8,8,8,31.546,0,0,0.11 | 0.11 | 0.11,0,0.63 | 0.87 | 1.08,0,3.72 | 4.60 | 6.31,18.985,0.000,0,1,0,0,0,0,-1,0,0,0,,0,,0,,0,0,0,1
1723314519,3843,8,8,8,8,31.546,0,0,0.11 | 0.11 | 0.11,0,0.63 | 0.87 | 1.08,0,3.72 | 4.60 | 6.31,18.985,0.000,0,1,0,0,0,0,-1,0,0,0,,0,,0,,0,0,0,1
1723314519,3843,8,8,8,8,31.546,0,0,0.11 | 0.11 | 0.11,0,0.63 | 0.87 | 1.08,0,3.72 | 4.60 | 6.31,18.985,0.000,0,1,0,0,0,0,-1,0,0,0,,0,,0,,0,0,0,1
1723314519,3843,8,8,8,8,31.546,0,0,0.11 | 0.11 | 0.11,0,0.63 | 0.87 | 1.08,0,3.72 | 4.60 | 6.31,18.985,0.000,0,1,0,0,0,0,-1,0,0,0,,0,,0,,0,0,0,1
1723314519,3843,8,8,8,8,31.546,0,0,0.11 | 0.11 | 0.11,0,0.63 | 0.87 | 1.08,0,3.72 | 4.60 | 6.31,18.985,0.000,0,1,0,0,0,0,-1,0,0,0,,0,,0,,0,0,0,1
1723314519,3843,8,8,8,8,31.546,0,0,0.11 | 0.11 | 0.11,0,0.63 | 0.87 | 1.08,0,3.72 | 4.60 | 6.31,18.985,0.000,0,1,0,0,0,0,-1,0,0,0,,0,,0,,0,0,0,1
1723314519,3843,8,8,8,8,31.546,0,0,0.11 | 0.11 | 0.11,0,0.63 | 0.87 | 1.08,0,3.72 | 4.60 | 6.31,18.985,0.000,0,1,0,0,0,0,-1,0,0,0,,0,,0,,0,0,0,1
1723314519,3843,8,8,8,8,31.546,0,0,0.11 | 0.11 | 0.11,0,0.63 | 0.87 | 1.08,0,3.72 | 4.60 | 6.31,18.985,0.000,0,1,0,0,0,0,-1,0,0,0,,0,,0,,0,0,0,1
1723314519,3843,8,8,8,8,30.484,0,0,0.11 | 0.11 | 0.11,0,0.63 | 0.87 | 1.08,0,3.72 | 4.60 | 6.31,18.985,0.000,0,1,0,0,0,0,-1,0,0,0,,0,,0,,0,0,0,1
1723314520,3843,8,8,8,8,30.484,0,0,0.11 | 0.11 | 0.11,0,0.63 | 0.87 | 1.08,0,3.72 | 4.60 | 6.31,18.985,0.000,0,1,0,0,0,0,-1,0,0,0,,0,,0,,0,0,0,1
1723314520,3843,8,8,8,8,30.484,0,0,0.11 | 0.11 | 0.11,0,0.63 | 0.87 | 1.08,0,3.72 | 4.60 | 6.31,18.985,0.000,0,1,0,0,0,0,-1,0,0,0,,0,,0,,0,0,0,1
1723314520,3843,8,8,8,8,30.484,0,0,0.11 | 0.11 | 0.11,0,0.63 | 0.87 | 1.08,0,3.72 | 4.60 | 6.31,18.985,0.000,0,1,0,0,0,0,-1,0,0,0,,0,,0,,0,0,0,1
1723314520,3843,8,8,8,8,30.484,0,0,0.11 | 0.11 | 0.11,0,0.63 | 0.87 | 1.08,0,3.72 | 4.60 | 6.31,18.985,0.000,0,1,0,0,0,0,-1,0,0,0,,0,,0,,0,0,0,1
1723314520,3843,8,8,8,8,30.484,0,0,0.11 | 0.11 | 0.11,0,0.63 | 0.87 | 1.08,0,3.72 | 4.60 | 6.31,18.985,0.000,0,1,0,0,0,0,-1,0,0,0,,0,,0,,0,0,0,1
1723314520,3843,8,8,8,8,30.484,0,0,0.11 | 0.11 | 0.11,0,0.63 | 0.87 | 1.08,0,3.72 | 4.60 | 6.31,18.985,0.000,0,1,0,0,0,0,-1,0,0,0,,0,,0,,0,0,0,1
1723314520,3843,8,8,8,8,30.484,0,0,0.11 | 0.11 | 0.11,0,0.63 | 0.87 | 1.08,0,3.72 | 4.60 | 6.31,18.985,0.000,0,1,0,0,0,0,-1,0,0,0,,0,,0,,0,0,0,1
1723314520,3843,8,8,8,8,30.484,0,0,0.11 | 0.11 | 0.11,0,0.63 | 0.87 | 1.08,0,3.72 | 4.60 | 6.31,18.985,0.000,0,1,0,0,0,0,-1,0,0,0,,0,,0,,0,0,0,1
1723314520,3843,8,8,8,8,30.484,0,0,0.11 | 0.11 | 0.11,0,0.63 | 0.87 | 1.08,0,3.72 | 4.60 | 6.31,18.985,0.000,0,1,0,0,0,0,-1,0,0,0,,0,,0,,0,0,0,1
1723314520,3843,8,8,8,8,29.421,0,0,0.11 | 0.11 | 0.11,0,0.63 | 0.87 | 1.08,0,3.72 | 4.60 | 6.31,18.985,0.000,0,1,0,0,0,0,-1,0,0,0,,0,,0,,0,0,0,1
1723314521,3843,8,8,8,8,29.421,0,0,0.11 | 0.11 | 0.11,0,0.63 | 0.87 | 1.08,0,3.72 | 4.60 | 6.31,18.985,0.000,0,1,0,0,0,0,-1,0,0,0,,0,,0,,0,0,0,1
1723314521,3843,8,8,8,8,29.421,0,0,0.11 | 0.11 | 0.11,0,0.63 | 0.87 | 1.08,0,3.72 | 4.60 | 6.31,18.985,0.000,0,1,0,0,0,0,-1,0,0,0,,0,,0,,0,0,0,1
1723314521,3843,8,8,8,8,29.421,0,0,0.11 | 0.11 | 0.11,0,0.63 | 0.87 | 1.08,0,3.72 | 4.60 | 6.31,18.985,0.000,0,1,0,0,0,0,-1,0,0,0,,0,,0,,0,0,0,1
1723314521,3843,8,8,8,8,29.421,0,0,0.11 | 0.11 | 0.11,0,0.63 | 0.87 | 1.08,0,3.72 | 4.60 | 6.31,18.985,0.000,0,1,0,0,0,0,-1,0,0,0,,0,,0,,0,0,0,1
1723314521,3843,8,8,8,8,29.421,0,0,0.11 | 0.11 | 0.11,0,0.63 | 0.87 | 1.08,0,3.72 | 4.60 | 6.31,18.985,0.000,0,1,0,0,0,0,-1,0,0,0,,0,,0,,0,0,0,1
1723314521,3843,8,8,8,8,29.421,0,0,0.11 | 0.11 | 0.11,0,0.63 | 0.87 | 1.08,0,3.72 | 4.60 | 6.31,18.985,0.000,0,1,0,0,0,0,-1,0,0,0,,0,,0,,0,0,0,1
1723314521,3843,8,8,8,8,29.421,0,0,0.11 | 0.11 | 0.11,0,0.63 | 0.87 | 1.08,0,3.72 | 4.60 | 6.31,18.985,0.000,0,1,0,0,0,0,-1,0,0,0,,0,,0,,0,0,0,1
1723314521,3843,8,8,8,8,29.421,0,0,0.11 | 0.11 | 0.11,0,0.63 | 0.87 | 1.08,0,3.72 | 4.60 | 6.31,18.985,0.000,0,1,0,0,0,0,-1,0,0,0,,0,,0,,0,0,0,1
1723314521,3843,8,8,8,8,29.421,0,0,0.11 | 0.11 | 0.11,0,0.63 | 0.87 | 1.08,0,3.72 | 4.60 | 6.31,18.985,0.000,0,1,0,0,0,0,-1,0,0,0,,0,,0,,0,0,0,1
1723314521,3843,8,8,8,8,31.559,0,0,0.11 | 0.11 | 0.11,0,0.70 | 0.89 | 1.08,0,3.72 | 4.51 | 5.73,18.974,0.000,0,1,0,0,0,0,-1,0,0,0,,0,,0,,0,0,0,1
1723314522,3843,8,8,8,8,31.559,0,0,0.11 | 0.11 | 0.11,0,0.70 | 0.89 | 1.08,0,3.72 | 4.51 | 5.73,18.974,0.000,0,1,0,0,0,0,-1,0,0,0,,0,,0,,0,0,0,1
1723314522,3843,8,8,8,8,31.559,0,0,0.11 | 0.11 | 0.11,0,0.70 | 0.89 | 1.08,0,3.72 | 4.51 | 5.73,18.974,0.000,0,1,0,0,0,0,-1,0,0,0,,0,,0,,0,0,0,1
1723314522,3843,8,8,8,8,31.559,0,0,0.11 | 0.11 | 0.11,0,0.70 | 0.89 | 1.08,0,3.72 | 4.51 | 5.73,18.974,0.000,0,1,0,0,0,0,-1,0,0,0,,0,,0,,0,0,0,1
1723314522,3843,8,8,8,8,31.559,0,0,0.11 | 0.11 | 0.11,0,0.70 | 0.89 | 1.08,0,3.72 | 4.51 | 5.73,18.974,0.000,0,1,0,0,0,0,-1,0,0,0,,0,,0,,0,0,0,1
1723314522,3843,8,8,8,8,31.559,0,0,0.11 | 0.11 | 0.11,0,0.70 | 0.89 | 1.08,0,3.72 | 4.51 | 5.73,18.974,0.000,0,1,0,0,0,0,-1,0,0,0,,0,,0,,0,0,0,1
1723314522,3843,8,8,8,8,31.559,0,0,0.11 | 0.11 | 0.11,0,0.70 | 0.89 | 1.08,0,3.72 | 4.51 | 5.73,18.974,0.000,0,1,0,0,0,0,-1,0,0,0,,0,,0,,0,0,0,1
1723314522,3843,8,8,8,8,31.559,0,0,0.11 | 0.11 | 0.11,0,0.70 | 0.89 | 1.08,0,3.72 | 4.51 | 5.73,18.974,0.000,0,1,0,0,0,0,-1,0,0,0,,0,,0,,0,0,0,1
1723314522,3843,8,8,8,8,31.559,0,0,0.11 | 0.11 | 0.11,0,0.70 | 0.89 | 1.08,0,3.72 | 4.51 | 5.73,18.974,0.000,0,1,0,0,0,0,-1,0,0,0,,0,,0,,0,0,0,1
1723314522,3843,8,8,8,8,31.559,0,0,0.11 | 0.11 | 0.11,0,0.70 | 0.89 | 1.08,0,3.72 | 4.51 | 5.73,18.974,0.000,0,1,0,0,0,0,-1,0,0,0,,0,,0,,0,0,0,1
1723314522,3843,8,8,8,8,30.558,0,0,0.11 | 0.11 | 0.11,0,0.70 | 0.89 | 1.08,0,3.72 | 4.51 | 5.73,18.974,0.000,0,1,0,0,0,0,-1,0,0,0,,0,,0,,0,0,0,1
1723314523,3843,8,8,8,8,30.558,0,0,0.11 | 0.11 | 0.11,0,0.70 | 0.89 | 1.08,0,3.72 | 4.51 | 5.73,18.974,0.000,0,1,0,0,0,0,-1,0,0,0,,0,,0,,0,0,0,1
1723314523,3843,8,8,8,8,30.558,0,0,0.11 | 0.11 | 0.11,0,0.70 | 0.89 | 1.08,0,3.72 | 4.51 | 5.73,18.974,0.000,0,1,0,0,0,0,-1,0,0,0,,0,,0,,0,0,0,1
1723314523,3843,8,8,8,8,30.558,0,0,0.11 | 0.11 | 0.11,0,0.70 | 0.89 | 1.08,0,3.72 | 4.51 | 5.73,18.974,0.000,0,1,0,0,0,0,-1,0,0,0,,0,,0,,0,0,0,1
1723314523,3843,8,8,8,8,30.558,0,0,0.11 | 0.11 | 0.11,0,0.70 | 0.89 | 1.08,0,3.72 | 4.51 | 5.73,18.974,0.000,0,1,0,0,0,0,-1,0,0,0,,0,,0,,0,0,0,1
1723314523,3843,8,8,8,8,30.558,0,0,0.11 | 0.11 | 0.11,0,0.70 | 0.89 | 1.08,0,3.72 | 4.51 | 5.73,18.974,0.000,0,1,0,0,0,0,-1,0,0,0,,0,,0,,0,0,0,1
1723314523,3843,8,8,8,8,30.558,0,0,0.11 | 0.11 | 0.11,0,0.70 | 0.89 | 1.08,0,3.72 | 4.51 | 5.73,18.974,0.000,0,1,0,0,0,0,-1,0,0,0,,0,,0,,0,0,0,1
1723314523,3843,8,8,8,8,30.558,0,0,0.11 | 0.11 | 0.11,0,0.70 | 0.89 | 1.08,0,3.72 | 4.51 | 5.73,18.974,0.000,0,1,0,0,0,0,-1,0,0,0,,0,,0,,0,0,0,1
1723314523,3843,8,8,8,8,30.558,0,0,0.11 | 0.11 | 0.11,0,0.70 | 0.89 | 1.08,0,3.72 | 4.51 | 5.73,18.974,0.000,0,1,0,0,0,0,-1,0,0,0,,0,,0,,0,0,0,1
1723314523,3843,8,8,8,8,30.558,0,0,0.11 | 0.11 | 0.11,0,0.70 | 0.89 | 1.08,0,3.72 | 4.51 | 5.73,18.974,0.000,0,1,0,0,0,0,-1,0,0,0,,0,,0,,0,0,0,1
1723314523,3843,8,8,8,8,29.7,0,0,0.11 | 0.11 | 0.11,0,0.70 | 0.89 | 1.08,0,3.72 | 4.51 | 5.73,18.974,0.000,0,1,0,0,0,0,-1,0,0,0,,0,,0,,0,0,0,1
1723314524,3843,8,8,8,8,29.7,0,0,0.11 | 0.11 | 0.11,0,0.70 | 0.89 | 1.08,0,3.72 | 4.51 | 5.73,18.974,0.000,0,1,0,0,0,0,-1,0,0,0,,0,,0,,0,0,0,1
1723314524,3843,8,8,8,8,29.7,0,0,0.11 | 0.11 | 0.11,0,0.70 | 0.89 | 1.08,0,3.72 | 4.51 | 5.73,18.974,0.000,0,1,0,0,0,0,-1,0,0,0,,0,,0,,0,0,0,1
1723314524,3843,8,8,8,8,29.7,0,0,0.11 | 0.11 | 0.11,0,0.70 | 0.89 | 1.08,0,3.72 | 4.51 | 5.73,18.974,0.000,0,1,0,0,0,0,-1,0,0,0,,0,,0,,0,0,0,1
1723314524,3843,8,8,8,8,29.7,0,0,0.11 | 0.11 | 0.11,0,0.70 | 0.89 | 1.08,0,3.72 | 4.51 | 5.73,18.974,0.000,0,1,0,0,0,0,-1,0,0,0,,0,,0,,0,0,0,1
1723314524,3843,8,8,8,8,29.7,0,0,0.11 | 0.11 | 0.11,0,0.70 | 0.89 | 1.08,0,3.72 | 4.51 | 5.73,18.974,0.000,0,1,0,0,0,0,-1,0,0,0,,0,,0,,0,0,0,1
1723314524,3843,8,8,8,8,29.7,0,0,0.11 | 0.11 | 0.11,0,0.70 | 0.89 | 1.08,0,3.72 | 4.51 | 5.73,18.974,0.000,0,1,0,0,0,0,-1,0,0,0,,0,,0,,0,0,0,1
1723314524,3843,8,8,8,8,29.7,0,0,0.11 | 0.11 | 0.11,0,0.70 | 0.89 | 1.08,0,3.72 | 4.51 | 5.73,18.974,0.000,0,1,0,0,0,0,-1,0,0,0,,0,,0,,0,0,0,1
1723314524,3843,8,8,8,8,29.7,0,0,0.11 | 0.11 | 0.11,0,0.70 | 0.89 | 1.08,0,3.72 | 4.51 | 5.73,18.974,0.000,0,1,0,0,0,0,-1,0,0,0,,0,,0,,0,0,0,1
1723314524,3843,8,8,8,8,29.7,0,0,0.11 | 0.11 | 0.11,0,0.70 | 0.89 | 1.08,0,3.72 | 4.51 | 5.73,18.974,0.000,0,1,0,0,0,0,-1,0,0,0,,0,,0,,0,0,0,1
1723314524,3843,8,8,8,8,33.437,0,0,0.11 | 0.11 | 0.11,0,0.70 | 0.87 | 1.02,0,3.91 | 4.60 | 5.73,18.980,0.000,0,1,0,0,0,0,-1,0,0,0,,0,,0,,0,0,0,1
1723314525,3843,8,8,8,8,33.437,0,0,0.11 | 0.11 | 0.11,0,0.70 | 0.87 | 1.02,0,3.91 | 4.60 | 5.73,18.980,0.000,0,1,0,0,0,0,-1,0,0,0,,0,,0,,0,0,0,1
1723314525,3843,8,8,8,8,33.437,0,0,0.11 | 0.11 | 0.11,0,0.70 | 0.87 | 1.02,0,3.91 | 4.60 | 5.73,18.980,0.000,0,1,0,0,0,0,-1,0,0,0,,0,,0,,0,0,0,1
1723314525,3843,8,8,8,8,33.437,0,0,0.11 | 0.11 | 0.11,0,0.70 | 0.87 | 1.02,0,3.91 | 4.60 | 5.73,18.980,0.000,0,1,0,0,0,0,-1,0,0,0,,0,,0,,0,0,0,1
1723314525,3843,8,8,8,8,33.437,0,0,0.11 | 0.11 | 0.11,0,0.70 | 0.87 | 1.02,0,3.91 | 4.60 | 5.73,18.980,0.000,0,1,0,0,0,0,-1,0,0,0,,0,,0,,0,0,0,1
1723314525,3843,8,8,8,8,33.437,0,0,0.11 | 0.11 | 0.11,0,0.70 | 0.87 | 1.02,0,3.91 | 4.60 | 5.73,18.980,0.000,0,1,0,0,0,0,-1,0,0,0,,0,,0,,0,0,0,1
1723314525,3843,8,8,8,8,33.437,0,0,0.11 | 0.11 | 0.11,0,0.70 | 0.87 | 1.02,0,3.91 | 4.60 | 5.73,18.980,0.000,0,1,0,0,0,0,-1,0,0,0,,0,,0,,0,0,0,1
1723314525,3843,8,8,8,8,33.437,0,0,0.11 | 0.11 | 0.11,0,0.70 | 0.87 | 1.02,0,3.91 | 4.60 | 5.73,18.980,0.000,0,1,0,0,0,0,-1,0,0,0,,0,,0,,0,0,0,1
1723314525,3843,8,8,8,8,33.437,0,0,0.11 | 0.11 | 0.11,0,0.70 | 0.87 | 1.02,0,3.91 | 4.60 | 5.73,18.980,0.000,0,1,0,0,0,0,-1,0,0,0,,0,,0,,0,0,0,1
1723314525,3843,8,8,8,8,33.437,0,0,0.11 | 0.11 | 0.11,0,0.70 | 0.87 | 1.02,0,3.91 | 4.60 | 5.73,18.980,0.000,0,1,0,0,0,0,-1,0,0,0,,0,,0,,0,0,0,1
1723314525,3843,8,8,8,8,32.375,0,0,0.11 | 0.11 | 0.11,0,0.70 | 0.87 | 1.02,0,3.91 | 4.60 | 5.73,18.980,0.000,0,1,0,0,0,0,-1,0,0,0,,0,,0,,0,0,0,1
1723314526,3843,8,8,8,8,32.375,0,0,0.11 | 0.11 | 0.11,0,0.70 | 0.87 | 1.02,0,3.91 | 4.60 | 5.73,18.980,0.000,0,1,0,0,0,0,-1,0,0,0,,0,,0,,0,0,0,1
1723314526,3843,8,8,8,8,32.375,0,0,0.11 | 0.11 | 0.11,0,0.70 | 0.87 | 1.02,0,3.91 | 4.60 | 5.73,18.980,0.000,0,1,0,0,0,0,-1,0,0,0,,0,,0,,0,0,0,1
1723314526,3843,8,8,8,8,32.375,0,0,0.11 | 0.11 | 0.11,0,0.70 | 0.87 | 1.02,0,3.91 | 4.60 | 5.73,18.980,0.000,0,1,0,0,0,0,-1,0,0,0,,0,,0,,0,0,0,1
1723314526,3843,8,8,8,8,32.375,0,0,0.11 | 0.11 | 0.11,0,0.70 | 0.87 | 1.02,0,3.91 | 4.60 | 5.73,18.980,0.000,0,1,0,0,0,0,-1,0,0,0,,0,,0,,0,0,0,1
1723314526,3843,8,8,8,8,32.375,0,0,0.11 | 0.11 | 0.11,0,0.70 | 0.87 | 1.02,0,3.91 | 4.60 | 5.73,18.980,0.000,0,1,0,0,0,0,-1,0,0,0,,0,,0,,0,0,0,1
1723314526,3843,8,8,8,8,32.375,0,0,0.11 | 0.11 | 0.11,0,0.70 | 0.87 | 1.02,0,3.91 | 4.60 | 5.73,18.980,0.000,0,1,0,0,0,0,-1,0,0,0,,0,,0,,0,0,0,1
1723314526,3843,8,8,8,8,32.375,0,0,0.11 | 0.11 | 0.11,0,0.70 | 0.87 | 1.02,0,3.91 | 4.60 | 5.73,18.980,0.000,0,1,0,0,0,0,-1,0,0,0,,0,,0,,0,0,0,1
1723314526,3843,8,8,8,8,32.375,0,0,0.11 | 0.11 | 0.11,0,0.70 | 0.87 | 1.02,0,3.91 | 4.60 | 5.73,18.980,0.000,0,1,0,0,0,0,-1,0,0,0,,0,,0,,0,0,0,1
1723314526,3843,8,8,8,8,32.375,0,0,0.11 | 0.11 | 0.11,0,0.70 | 0.87 | 1.02,0,3.91 | 4.60 | 5.73,18.980,0.000,0,1,0,0,0,0,-1,0,0,0,,0,,0,,0,0,0,1
1723314526,3843,8,8,8,8,31.578,0,0,0.11 | 0.11 | 0.11,0,0.70 | 0.87 | 1.02,0,3.91 | 4.60 | 5.73,18.980,0.000,0,1,0,0,0,0,-1,0,0,0,,0,,0,,0,0,0,1
1723314527,3843,8,8,8,8,31.578,0,0,0.11 | 0.11 | 0.11,0,0.70 | 0.87 | 1.02,0,3.91 | 4.60 | 5.73,18.980,0.000,0,1,0,0,0,0,-1,0,0,0,,0,,0,,0,0,0,1
1723314527,3843,8,8,8,8,31.578,0,0,0.11 | 0.11 | 0.11,0,0.70 | 0.87 | 1.02,0,3.91 | 4.60 | 5.73,18.980,0.000,0,1,0,0,0,0,-1,0,0,0,,0,,0,,0,0,0,1
1723314527,3843,8,8,8,8,31.578,0,0,0.11 | 0.11 | 0.11,0,0.70 | 0.87 | 1.02,0,3.91 | 4.60 | 5.73,18.980,0.000,0,1,0,0,0,0,-1,0,0,0,,0,,0,,0,0,0,1
1723314527,3843,8,8,8,8,31.578,0,0,0.11 | 0.11 | 0.11,0,0.70 | 0.87 | 1.02,0,3.91 | 4.60 | 5.73,18.980,0.000,0,1,0,0,0,0,-1,0,0,0,,0,,0,,0,0,0,1
1723314527,3843,8,8,8,8,31.578,0,0,0.11 | 0.11 | 0.11,0,0.70 | 0.87 | 1.02,0,3.91 | 4.60 | 5.73,18.980,0.000,0,1,0,0,0,0,-1,0,0,0,,0,,0,,0,0,0,1
1723314527,3843,8,8,8,8,31.578,0,0,0.11 | 0.11 | 0.11,0,0.70 | 0.87 | 1.02,0,3.91 | 4.60 | 5.73,18.980,0.000,0,1,0,0,0,0,-1,0,0,0,,0,,0,,0,0,0,1
1723314527,3843,8,8,8,8,31.578,0,0,0.11 | 0.11 | 0.11,0,0.70 | 0.87 | 1.02,0,3.91 | 4.60 | 5.73,18.980,0.000,0,1,0,0,0,0,-1,0,0,0,,0,,0,,0,0,0,1
1723314527,3843,8,8,8,8,31.578,0,0,0.11 | 0.11 | 0.11,0,0.70 | 0.87 | 1.02,0,3.91 | 4.60 | 5.73,18.980,0.000,0,1,0,0,0,0,-1,0,0,0,,0,,0,,0,0,0,1
1723314527,3843,8,8,8,8,31.578,0,0,0.11 | 0.11 | 0.11,0,0.70 | 0.87 | 1.02,0,3.91 | 4.60 | 5.73,18.980,0.000,0,1,0,0,0,0,-1,0,0,0,,0,,0,,0,0,0,1
1723314527,3843,8,8,8,8,30.515,0,0,0.11 | 0.11 | 0.11,0,0.70 | 0.87 | 1.02,0,3.91 | 4.60 | 5.73,18.980,0.000,0,1,0,0,0,0,-1,0,0,0,,0,,0,,0,0,0,1
1723314528,3843,8,8,8,8,30.515,0,0,0.11 | 0.11 | 0.11,0,0.70 | 0.87 | 1.02,0,3.91 | 4.60 | 5.73,18.980,0.000,0,1,0,0,0,0,-1,0,0,0,,0,,0,,0,0,0,1
1723314528,3843,8,8,8,8,30.515,0,0,0.11 | 0.11 | 0.11,0,0.70 | 0.87 | 1.02,0,3.91 | 4.60 | 5.73,18.980,0.000,0,1,0,0,0,0,-1,0,0,0,,0,,0,,0,0,0,1
1723314528,3843,8,8,8,8,30.515,0,0,0.11 | 0.11 | 0.11,0,0.70 | 0.87 | 1.02,0,3.91 | 4.60 | 5.73,18.980,0.000,0,1,0,0,0,0,-1,0,0,0,,0,,0,,0,0,0,1
1723314528,3843,8,8,8,8,30.515,0,0,0.11 | 0.11 | 0.11,0,0.70 | 0.87 | 1.02,0,3.91 | 4.60 | 5.73,18.980,0.000,0,1,0,0,0,0,-1,0,0,0,,0,,0,,0,0,0,1
1723314528,3843,8,8,8,8,30.515,0,0,0.11 | 0.11 | 0.11,0,0.70 | 0.87 | 1.02,0,3.91 | 4.60 | 5.73,18.980,0.000,0,1,0,0,0,0,-1,0,0,0,,0,,0,,0,0,0,1
1723314528,3843,8,8,8,8,30.515,0,0,0.11 | 0.11 | 0.11,0,0.70 | 0.87 | 1.02,0,3.91 | 4.60 | 5.73,18.980,0.000,0,1,0,0,0,0,-1,0,0,0,,0,,0,,0,0,0,1
1723314528,3843,8,8,8,8,30.515,0,0,0.11 | 0.11 | 0.11,0,0.70 | 0.87 | 1.02,0,3.91 | 4.60 | 5.73,18.980,0.000,0,1,0,0,0,0,-1,0,0,0,,0,,0,,0,0,0,1
1723314528,3843,8,8,8,8,30.515,0,0,0.11 | 0.11 | 0.11,0,0.70 | 0.87 | 1.02,0,3.91 | 4.60 | 5.73,18.980,0.000,0,1,0,0,0,0,-1,0,0,0,,0,,0,,0,0,0,1
1723314528,3843,8,8,8,8,30.515,0,0,0.11 | 0.11 | 0.11,0,0.70 | 0.87 | 1.02,0,3.91 | 4.60 | 5.73,18.980,0.000,0,1,0,0,0,0,-1,0,0,0,,0,,0,,0,0,0,1
1723314528,3843,8,8,8,8,29.453,0,0,0.11 | 0.11 | 0.11,0,0.70 | 0.87 | 1.02,0,3.91 | 4.60 | 5.73,18.980,0.000,0,1,0,0,0,0,-1,0,0,0,,0,,0,,0,0,0,1
1723314529,3843,8,8,8,8,29.453,0,0,0.11 | 0.11 | 0.11,0,0.70 | 0.87 | 1.02,0,3.91 | 4.60 | 5.73,18.980,0.000,0,1,0,0,0,0,-1,0,0,0,,0,,0,,0,0,0,1
1723314529,3843,8,8,8,8,29.453,0,0,0.11 | 0.11 | 0.11,0,0.70 | 0.87 | 1.02,0,3.91 | 4.60 | 5.73,18.980,0.000,0,1,0,0,0,0,-1,0,0,0,,0,,0,,0,0,0,1
1723314529,3843,8,8,8,8,29.453,0,0,0.11 | 0.11 | 0.11,0,0.70 | 0.87 | 1.02,0,3.91 | 4.60 | 5.73,18.980,0.000,0,1,0,0,0,0,-1,0,0,0,,0,,0,,0,0,0,1
1723314529,3843,8,8,8,8,29.453,0,0,0.11 | 0.11 | 0.11,0,0.70 | 0.87 | 1.02,0,3.91 | 4.60 | 5.73,18.980,0.000,0,1,0,0,0,0,-1,0,0,0,,0,,0,,0,0,0,1
1723314529,3843,8,8,8,8,29.453,0,0,0.11 | 0.11 | 0.11,0,0.70 | 0.87 | 1.02,0,3.91 | 4.60 | 5.73,18.980,0.000,0,1,0,0,0,0,-1,0,0,0,,0,,0,,0,0,0,1
1723314529,3843,8,8,8,8,29.453,0,0,0.11 | 0.11 | 0.11,0,0.70 | 0.87 | 1.02,0,3.91 | 4.60 | 5.73,18.980,0.000,0,1,0,0,0,0,-1,0,0,0,,0,,0,,0,0,0,1
1723314529,3843,8,8,8,8,29.453,0,0,0.11 | 0.11 | 0.11,0,0.70 | 0.87 | 1.02,0,3.91 | 4.60 | 5.73,18.980,0.000,0,1,0,0,0,0,-1,0,0,0,,0,,0,,0,0,0,1
1723314529,3843,8,8,8,8,29.453,0,0,0.11 | 0.11 | 0.11,0,0.70 | 0.87 | 1.02,0,3.91 | 4.60 | 5.73,18.980,0.000,0,1,0,0,0,0,-1,0,0,0,,0,,0,,0,0,0,1
1723314529,3843,8,8,8,8,29.453,0,0,0.11 | 0.11 | 0.11,0,0.70 | 0.87 | 1.02,0,3.91 | 4.60 | 5.73,18.980,0.000,0,1,0,0,0,0,-1,0,0,0,,0,,0,,0,0,0,1
1723314529,3843,8,8,8,8,31.59,0,0,0.11 | 0.11 | 0.11,0,0.68 | 0.85 | 1.02,0,3.91 | 4.69 | 5.89,18.974,0.000,0,1,0,0,0,0,-1,0,0,0,,0,,0,,0,0,0,1
1723314530,3843,8,8,8,8,31.59,0,0,0.11 | 0.11 | 0.11,0,0.68 | 0.85 | 1.02,0,3.91 | 4.69 | 5.89,18.974,0.000,0,1,0,0,0,0,-1,0,0,0,,0,,0,,0,0,0,1
1723314530,3843,8,8,8,8,31.59,0,0,0.11 | 0.11 | 0.11,0,0.68 | 0.85 | 1.02,0,3.91 | 4.69 | 5.89,18.974,0.000,0,1,0,0,0,0,-1,0,0,0,,0,,0,,0,0,0,1
1723314530,3843,8,8,8,8,31.59,0,0,0.11 | 0.11 | 0.11,0,0.68 | 0.85 | 1.02,0,3.91 | 4.69 | 5.89,18.974,0.000,0,1,0,0,0,0,-1,0,0,0,,0,,0,,0,0,0,1
1723314530,3843,8,8,8,8,31.59,0,0,0.11 | 0.11 | 0.11,0,0.68 | 0.85 | 1.02,0,3.91 | 4.69 | 5.89,18.974,0.000,0,1,0,0,0,0,-1,0,0,0,,0,,0,,0,0,0,1
1723314530,3843,8,8,8,8,31.59,0,0,0.11 | 0.11 | 0.11,0,0.68 | 0.85 | 1.02,0,3.91 | 4.69 | 5.89,18.974,0.000,0,1,0,0,0,0,-1,0,0,0,,0,,0,,0,0,0,1
1723314530,3843,8,8,8,8,31.59,0,0,0.11 | 0.11 | 0.11,0,0.68 | 0.85 | 1.02,0,3.91 | 4.69 | 5.89,18.974,0.000,0,1,0,0,0,0,-1,0,0,0,,0,,0,,0,0,0,1
1723314530,3843,8,8,8,8,31.59,0,0,0.11 | 0.11 | 0.11,0,0.68 | 0.85 | 1.02,0,3.91 | 4.69 | 5.89,18.974,0.000,0,1,0,0,0,0,-1,0,0,0,,0,,0,,0,0,0,1
1723314530,3843,8,8,8,8,31.59,0,0,0.11 | 0.11 | 0.11,0,0.68 | 0.85 | 1.02,0,3.91 | 4.69 | 5.89,18.974,0.000,0,1,0,0,0,0,-1,0,0,0,,0,,0,,0,0,0,1
1723314530,3843,8,8,8,8,31.59,0,0,0.11 | 0.11 | 0.11,0,0.68 | 0.85 | 1.02,0,3.91 | 4.69 | 5.89,18.974,0.000,0,1,0,0,0,0,-1,0,0,0,,0,,0,,0,0,0,1
1723314530,3843,8,8,8,8,30.793,0,0,0.11 | 0.11 | 0.11,0,0.68 | 0.85 | 1.02,0,3.91 | 4.69 | 5.89,18.974,0.000,0,1,0,0,0,0,-1,0,0,0,,0,,0,,0,0,0,1
1723314531,3843,8,8,8,8,30.793,0,0,0.11 | 0.11 | 0.11,0,0.68 | 0.85 | 1.02,0,3.91 | 4.69 | 5.89,18.974,0.000,0,1,0,0,0,0,-1,0,0,0,,0,,0,,0,0,0,1
1723314531,3843,8,8,8,8,30.793,0,0,0.11 | 0.11 | 0.11,0,0.68 | 0.85 | 1.02,0,3.91 | 4.69 | 5.89,18.974,0.000,0,1,0,0,0,0,-1,0,0,0,,0,,0,,0,0,0,1
1723314531,3843,8,8,8,8,30.793,0,0,0.11 | 0.11 | 0.11,0,0.68 | 0.85 | 1.02,0,3.91 | 4.69 | 5.89,18.974,0.000,0,1,0,0,0,0,-1,0,0,0,,0,,0,,0,0,0,1
1723314531,3843,8,8,8,8,30.793,0,0,0.11 | 0.11 | 0.11,0,0.68 | 0.85 | 1.02,0,3.91 | 4.69 | 5.89,18.974,0.000,0,1,0,0,0,0,-1,0,0,0,,0,,0,,0,0,0,1
1723314531,3843,8,8,8,8,30.793,0,0,0.11 | 0.11 | 0.11,0,0.68 | 0.85 | 1.02,0,3.91 | 4.69 | 5.89,18.974,0.000,0,1,0,0,0,0,-1,0,0,0,,0,,0,,0,0,0,1
1723314531,3843,8,8,8,8,30.793,0,0,0.11 | 0.11 | 0.11,0,0.68 | 0.85 | 1.02,0,3.91 | 4.69 | 5.89,18.974,0.000,0,1,0,0,0,0,-1,0,0,0,,0,,0,,0,0,0,1
1723314531,3843,8,8,8,8,30.793,0,0,0.11 | 0.11 | 0.11,0,0.68 | 0.85 | 1.02,0,3.91 | 4.69 | 5.89,18.974,0.000,0,1,0,0,0,0,-1,0,0,0,,0,,0,,0,0,0,1
1723314531,3843,8,8,8,8,30.793,0,0,0.11 | 0.11 | 0.11,0,0.68 | 0.85 | 1.02,0,3.91 | 4.69 | 5.89,18.974,0.000,0,1,0,0,0,0,-1,0,0,0,,0,,0,,0,0,0,1
1723314531,3843,8,8,8,8,30.793,0,0,0.11 | 0.11 | 0.11,0,0.68 | 0.85 | 1.02,0,3.91 | 4.69 | 5.89,18.974,0.000,0,1,0,0,0,0,-1,0,0,0,,0,,0,,0,0,0,1
1723314531,3843,8,8,8,8,29.731,0,0,0.11 | 0.11 | 0.11,0,0.68 | 0.85 | 1.02,0,3.91 | 4.69 | 5.89,18.974,0.000,0,1,0,0,0,0,-1,0,0,0,,0,,0,,0,0,0,1
1723314532,3843,8,8,8,8,29.731,0,0,0.11 | 0.11 | 0.11,0,0.68 | 0.85 | 1.02,0,3.91 | 4.69 | 5.89,18.974,0.000,0,1,0,0,0,0,-1,0,0,0,,0,,0,,0,0,0,1
1723314532,3843,8,8,8,8,29.731,0,0,0.11 | 0.11 | 0.11,0,0.68 | 0.85 | 1.02,0,3.91 | 4.69 | 5.89,18.974,0.000,0,1,0,0,0,0,-1,0,0,0,,0,,0,,0,0,0,1
1723314532,3843,8,8,8,8,29.731,0,0,0.11 | 0.11 | 0.11,0,0.68 | 0.85 | 1.02,0,3.91 | 4.69 | 5.89,18.974,0.000,0,1,0,0,0,0,-1,0,0,0,,0,,0,,0,0,0,1
1723314532,3843,8,8,8,8,29.731,0,0,0.11 | 0.11 | 0.11,0,0.68 | 0.85 | 1.02,0,3.91 | 4.69 | 5.89,18.974,0.000,0,1,0,0,0,0,-1,0,0,0,,0,,0,,0,0,0,1
1723314532,3843,8,8,8,8,29.731,0,0,0.11 | 0.11 | 0.11,0,0.68 | 0.85 | 1.02,0,3.91 | 4.69 | 5.89,18.974,0.000,0,1,0,0,0,0,-1,0,0,0,,0,,0,,0,0,0,1
1723314532,3843,8,8,8,8,29.731,0,0,0.11 | 0.11 | 0.11,0,0.68 | 0.85 | 1.02,0,3.91 | 4.69 | 5.89,18.974,0.000,0,1,0,0,0,0,-1,0,0,0,,0,,0,,0,0,0,1
1723314532,3843,8,8,8,8,29.731,0,0,0.11 | 0.11 | 0.11,0,0.68 | 0.85 | 1.02,0,3.91 | 4.69 | 5.89,18.974,0.000,0,1,0,0,0,0,-1,0,0,0,,0,,0,,0,0,0,1
1723314532,3843,8,8,8,8,29.731,0,0,0.11 | 0.11 | 0.11,0,0.68 | 0.85 | 1.02,0,3.91 | 4.69 | 5.89,18.974,0.000,0,1,0,0,0,0,-1,0,0,0,,0,,0,,0,0,0,1
1723314532,3843,8,8,8,8,29.731,0,0,0.11 | 0.11 | 0.11,0,0.68 | 0.85 | 1.02,0,3.91 | 4.69 | 5.89,18.974,0.000,0,1,0,0,0,0,-1,0,0,0,,0,,0,,0,0,0,1
1723314532,3843,8,8,8,8,28.558,0,0,0.11 | 0.11 | 0.11,0,0.68 | 0.85 | 1.02,0,3.91 | 4.69 | 5.89,18.974,0.000,0,1,0,0,0,0,-1,0,0,0,,0,,0,,0,0,0,1
1723314533,3843,8,8,8,8,28.558,0,0,0.11 | 0.11 | 0.11,0,0.68 | 0.85 | 1.02,0,3.91 | 4.69 | 5.89,18.974,0.000,0,1,0,0,0,0,-1,0,0,0,,0,,0,,0,0,0,1
1723314533,3843,8,8,8,8,28.558,0,0,0.11 | 0.11 | 0.11,0,0.68 | 0.85 | 1.02,0,3.91 | 4.69 | 5.89,18.974,0.000,0,1,0,0,0,0,-1,0,0,0,,0,,0,,0,0,0,1
1723314533,3843,8,8,8,8,28.558,0,0,0.11 | 0.11 | 0.11,0,0.68 | 0.85 | 1.02,0,3.91 | 4.69 | 5.89,18.974,0.000,0,1,0,0,0,0,-1,0,0,0,,0,,0,,0,0,0,1
1723314533,3843,8,8,8,8,28.558,0,0,0.11 | 0.11 | 0.11,0,0.68 | 0.85 | 1.02,0,3.91 | 4.69 | 5.89,18.974,0.000,0,1,0,0,0,0,-1,0,0,0,,0,,0,,0,0,0,1
1723314533,3843,8,8,8,8,28.558,0,0,0.11 | 0.11 | 0.11,0,0.68 | 0.85 | 1.02,0,3.91 | 4.69 | 5.89,18.974,0.000,0,1,0,0,0,0,-1,0,0,0,,0,,0,,0,0,0,1
1723314533,3843,8,8,8,8,28.558,0,0,0.11 | 0.11 | 0.11,0,0.68 | 0.85 | 1.02,0,3.91 | 4.69 | 5.89,18.974,0.000,0,1,0,0,0,0,-1,0,0,0,,0,,0,,0,0,0,1
1723314533,3843,8,8,8,8,28.558,0,0,0.11 | 0.11 | 0.11,0,0.68 | 0.85 | 1.02,0,3.91 | 4.69 | 5.89,18.974,0.000,0,1,0,0,0,0,-1,0,0,0,,0,,0,,0,0,0,1
1723314533,3843,8,8,8,8,28.558,0,0,0.11 | 0.11 | 0.11,0,0.68 | 0.85 | 1.02,0,3.91 | 4.69 | 5.89,18.974,0.000,0,1,0,0,0,0,-1,0,0,0,,0,,0,,0,0,0,1
1723314533,3843,8,8,8,8,28.558,0,0,0.11 | 0.11 | 0.11,0,0.68 | 0.85 | 1.02,0,3.91 | 4.69 | 5.89,18.974,0.000,0,1,0,0,0,0,-1,0,0,0,,0,,0,,0,0,0,1
1723314533,3843,8,8,8,8,32.406,0,0,0.11 | 0.11 | 0.11,0,0.68 | 0.85 | 1.01,0,3.96 | 4.72 | 5.89,18.962,0.000,0,1,0,0,0,0,-1,0,0,0,,0,,0,,0,0,0,1
1723314534,3843,8,8,8,8,32.406,0,0,0.11 | 0.11 | 0.11,0,0.68 | 0.85 | 1.01,0,3.96 | 4.72 | 5.89,18.962,0.000,0,1,0,0,0,0,-1,0,0,0,,0,,0,,0,0,0,1
1723314534,3843,8,8,8,8,32.406,0,0,0.11 | 0.11 | 0.11,0,0.68 | 0.85 | 1.01,0,3.96 | 4.72 | 5.89,18.962,0.000,0,1,0,0,0,0,-1,0,0,0,,0,,0,,0,0,0,1
1723314534,3843,8,8,8,8,32.406,0,0,0.11 | 0.11 | 0.11,0,0.68 | 0.85 | 1.01,0,3.96 | 4.72 | 5.89,18.962,0.000,0,1,0,0,0,0,-1,0,0,0,,0,,0,,0,0,0,1
1723314534,3843,8,8,8,8,32.406,0,0,0.11 | 0.11 | 0.11,0,0.68 | 0.85 | 1.01,0,3.96 | 4.72 | 5.89,18.962,0.000,0,1,0,0,0,0,-1,0,0,0,,0,,0,,0,0,0,1
1723314534,3843,8,8,8,8,32.406,0,0,0.11 | 0.11 | 0.11,0,0.68 | 0.85 | 1.01,0,3.96 | 4.72 | 5.89,18.962,0.000,0,1,0,0,0,0,-1,0,0,0,,0,,0,,0,0,0,1
1723314534,3843,8,8,8,8,32.406,0,0,0.11 | 0.11 | 0.11,0,0.68 | 0.85 | 1.01,0,3.96 | 4.72 | 5.89,18.962,0.000,0,1,0,0,0,0,-1,0,0,0,,0,,0,,0,0,0,1
1723314534,3843,8,8,8,8,32.406,0,0,0.11 | 0.11 | 0.11,0,0.68 | 0.85 | 1.01,0,3.96 | 4.72 | 5.89,18.962,0.000,0,1,0,0,0,0,-1,0,0,0,,0,,0,,0,0,0,1
1723314534,3843,8,8,8,8,32.406,0,0,0.11 | 0.11 | 0.11,0,0.68 | 0.85 | 1.01,0,3.96 | 4.72 | 5.89,18.962,0.000,0,1,0,0,0,0,-1,0,0,0,,0,,0,,0,0,0,1
1723314534,3843,8,8,8,8,32.406,0,0,0.11 | 0.11 | 0.11,0,0.68 | 0.85 | 1.01,0,3.96 | 4.72 | 5.89,18.962,0.000,0,1,0,0,0,0,-1,0,0,0,,0,,0,,0,0,0,1
1723314534,3843,8,8,8,8,31.609,0,0,0.11 | 0.11 | 0.11,0,0.68 | 0.85 | 1.01,0,3.96 | 4.72 | 5.89,18.962,0.000,0,1,0,0,0,0,-1,0,0,0,,0,,0,,0,0,0,1
1723314535,3843,8,8,8,8,31.609,0,0,0.11 | 0.11 | 0.11,0,0.68 | 0.85 | 1.01,0,3.96 | 4.72 | 5.89,18.962,0.000,0,1,0,0,0,0,-1,0,0,0,,0,,0,,0,0,0,1
1723314535,3843,8,8,8,8,31.609,0,0,0.11 | 0.11 | 0.11,0,0.68 | 0.85 | 1.01,0,3.96 | 4.72 | 5.89,18.962,0.000,0,1,0,0,0,0,-1,0,0,0,,0,,0,,0,0,0,1
1723314535,3843,8,8,8,8,31.609,0,0,0.11 | 0.11 | 0.11,0,0.68 | 0.85 | 1.01,0,3.96 | 4.72 | 5.89,18.962,0.000,0,1,0,0,0,0,-1,0,0,0,,0,,0,,0,0,0,1
1723314535,3843,8,8,8,8,31.609,0,0,0.11 | 0.11 | 0.11,0,0.68 | 0.85 | 1.01,0,3.96 | 4.72 | 5.89,18.962,0.000,0,1,0,0,0,0,-1,0,0,0,,0,,0,,0,0,0,1
1723314535,3843,8,8,8,8,31.609,0,0,0.11 | 0.11 | 0.11,0,0.68 | 0.85 | 1.01,0,3.96 | 4.72 | 5.89,18.962,0.000,0,1,0,0,0,0,-1,0,0,0,,0,,0,,0,0,0,1
1723314535,3843,8,8,8,8,31.609,0,0,0.11 | 0.11 | 0.11,0,0.68 | 0.85 | 1.01,0,3.96 | 4.72 | 5.89,18.962,0.000,0,1,0,0,0,0,-1,0,0,0,,0,,0,,0,0,0,1
1723314535,3843,8,8,8,8,31.609,0,0,0.11 | 0.11 | 0.11,0,0.68 | 0.85 | 1.01,0,3.96 | 4.72 | 5.89,18.962,0.000,0,1,0,0,0,0,-1,0,0,0,,0,,0,,0,0,0,1
1723314535,3843,8,8,8,8,31.609,0,0,0.11 | 0.11 | 0.11,0,0.68 | 0.85 | 1.01,0,3.96 | 4.72 | 5.89,18.962,0.000,0,1,0,0,0,0,-1,0,0,0,,0,,0,,0,0,0,1
1723314535,3843,8,8,8,8,31.609,0,0,0.11 | 0.11 | 0.11,0,0.68 | 0.85 | 1.01,0,3.96 | 4.72 | 5.89,18.962,0.000,0,1,0,0,0,0,-1,0,0,0,,0,,0,,0,0,0,1
1723314535,3843,8,8,8,8,30.546,0,0,0.11 | 0.11 | 0.11,0,0.68 | 0.85 | 1.01,0,3.96 | 4.72 | 5.89,18.962,0.000,0,1,0,0,0,0,-1,0,0,0,,0,,0,,0,0,0,1
1723314536,3843,8,8,8,8,30.546,0,0,0.11 | 0.11 | 0.11,0,0.68 | 0.85 | 1.01,0,3.96 | 4.72 | 5.89,18.962,0.000,0,1,0,0,0,0,-1,0,0,0,,0,,0,,0,0,0,1
1723314536,3843,8,8,8,8,30.546,0,0,0.11 | 0.11 | 0.11,0,0.68 | 0.85 | 1.01,0,3.96 | 4.72 | 5.89,18.962,0.000,0,1,0,0,0,0,-1,0,0,0,,0,,0,,0,0,0,1
1723314536,3843,8,8,8,8,30.546,0,0,0.11 | 0.11 | 0.11,0,0.68 | 0.85 | 1.01,0,3.96 | 4.72 | 5.89,18.962,0.000,0,1,0,0,0,0,-1,0,0,0,,0,,0,,0,0,0,1
1723314536,3843,8,8,8,8,30.546,0,0,0.11 | 0.11 | 0.11,0,0.68 | 0.85 | 1.01,0,3.96 | 4.72 | 5.89,18.962,0.000,0,1,0,0,0,0,-1,0,0,0,,0,,0,,0,0,0,1
1723314536,3843,8,8,8,8,30.546,0,0,0.11 | 0.11 | 0.11,0,0.68 | 0.85 | 1.01,0,3.96 | 4.72 | 5.89,18.962,0.000,0,1,0,0,0,0,-1,0,0,0,,0,,0,,0,0,0,1
1723314536,3843,8,8,8,8,30.546,0,0,0.11 | 0.11 | 0.11,0,0.68 | 0.85 | 1.01,0,3.96 | 4.72 | 5.89,18.962,0.000,0,1,0,0,0,0,-1,0,0,0,,0,,0,,0,0,0,1
1723314536,3843,8,8,8,8,30.546,0,0,0.11 | 0.11 | 0.11,0,0.68 | 0.85 | 1.01,0,3.96 | 4.72 | 5.89,18.962,0.000,0,1,0,0,0,0,-1,0,0,0,,0,,0,,0,0,0,1
1723314536,3843,8,8,8,8,30.546,0,0,0.11 | 0.11 | 0.11,0,0.68 | 0.85 | 1.01,0,3.96 | 4.72 | 5.89,18.962,0.000,0,1,0,0,0,0,-1,0,0,0,,0,,0,,0,0,0,1
1723314536,3843,8,8,8,8,30.546,0,0,0.11 | 0.11 | 0.11,0,0.68 | 0.85 | 1.01,0,3.96 | 4.72 | 5.89,18.962,0.000,0,1,0,0,0,0,-1,0,0,0,,0,,0,,0,0,0,1
1723314536,3843,8,8,8,8,29.484,0,0,0.11 | 0.11 | 0.11,0,0.68 | 0.85 | 1.01,0,3.96 | 4.72 | 5.89,18.962,0.000,0,1,0,0,0,0,-1,0,0,0,,0,,0,,0,0,0,1
1723314537,3843,8,8,8,8,29.484,0,0,0.11 | 0.11 | 0.11,0,0.68 | 0.85 | 1.01,0,3.96 | 4.72 | 5.89,18.962,0.000,0,1,0,0,0,0,-1,0,0,0,,0,,0,,0,0,0,1
1723314537,3843,8,8,8,8,29.484,0,0,0.11 | 0.11 | 0.11,0,0.68 | 0.85 | 1.01,0,3.96 | 4.72 | 5.89,18.962,0.000,0,1,0,0,0,0,-1,0,0,0,,0,,0,,0,0,0,1
1723314537,3843,8,8,8,8,29.484,0,0,0.11 | 0.11 | 0.11,0,0.68 | 0.85 | 1.01,0,3.96 | 4.72 | 5.89,18.962,0.000,0,1,0,0,0,0,-1,0,0,0,,0,,0,,0,0,0,1
1723314537,3843,8,8,8,8,29.484,0,0,0.11 | 0.11 | 0.11,0,0.68 | 0.85 | 1.01,0,3.96 | 4.72 | 5.89,18.962,0.000,0,1,0,0,0,0,-1,0,0,0,,0,,0,,0,0,0,1
1723314537,3843,8,8,8,8,29.484,0,0,0.11 | 0.11 | 0.11,0,0.68 | 0.85 | 1.01,0,3.96 | 4.72 | 5.89,18.962,0.000,0,1,0,0,0,0,-1,0,0,0,,0,,0,,0,0,0,1
1723314537,3843,8,8,8,8,29.484,0,0,0.11 | 0.11 | 0.11,0,0.68 | 0.85 | 1.01,0,3.96 | 4.72 | 5.89,18.962,0.000,0,1,0,0,0,0,-1,0,0,0,,0,,0,,0,0,0,1
1723314537,3843,8,8,8,8,29.484,0,0,0.11 | 0.11 | 0.11,0,0.68 | 0.85 | 1.01,0,3.96 | 4.72 | 5.89,18.962,0.000,0,1,0,0,0,0,-1,0,0,0,,0,,0,,0,0,0,1
1723314537,3843,8,8,8,8,29.484,0,0,0.11 | 0.11 | 0.11,0,0.68 | 0.85 | 1.01,0,3.96 | 4.72 | 5.89,18.962,0.000,0,1,0,0,0,0,-1,0,0,0,,0,,0,,0,0,0,1
1723314537,3843,8,8,8,8,29.484,0,0,0.11 | 0.11 | 0.11,0,0.68 | 0.85 | 1.01,0,3.96 | 4.72 | 5.89,18.962,0.000,0,1,0,0,0,0,-1,0,0,0,,0,,0,,0,0,0,1
1723314537,3843,8,8,8,8,31.621,0,0,0.11 | 0.11 | 0.11,0,0.55 | 0.81 | 1.01,0,3.96 | 4.94 | 7.31,18.975,0.000,0,1,0,0,0,0,-1,0,0,0,,0,,0,,0,0,0,1
1723314538,3843,8,8,8,8,31.621,0,0,0.11 | 0.11 | 0.11,0,0.55 | 0.81 | 1.01,0,3.96 | 4.94 | 7.31,18.975,0.000,0,1,0,0,0,0,-1,0,0,0,,0,,0,,0,0,0,1
1723314538,3843,8,8,8,8,31.621,0,0,0.11 | 0.11 | 0.11,0,0.55 | 0.81 | 1.01,0,3.96 | 4.94 | 7.31,18.975,0.000,0,1,0,0,0,0,-1,0,0,0,,0,,0,,0,0,0,1
1723314538,3843,8,8,8,8,31.621,0,0,0.11 | 0.11 | 0.11,0,0.55 | 0.81 | 1.01,0,3.96 | 4.94 | 7.31,18.975,0.000,0,1,0,0,0,0,-1,0,0,0,,0,,0,,0,0,0,1
1723314538,3843,8,8,8,8,31.621,0,0,0.11 | 0.11 | 0.11,0,0.55 | 0.81 | 1.01,0,3.96 | 4.94 | 7.31,18.975,0.000,0,1,0,0,0,0,-1,0,0,0,,0,,0,,0,0,0,1
1723314538,3843,8,8,8,8,31.621,0,0,0.11 | 0.11 | 0.11,0,0.55 | 0.81 | 1.01,0,3.96 | 4.94 | 7.31,18.975,0.000,0,1,0,0,0,0,-1,0,0,0,,0,,0,,0,0,0,1
1723314538,3843,8,8,8,8,31.621,0,0,0.11 | 0.11 | 0.11,0,0.55 | 0.81 | 1.01,0,3.96 | 4.94 | 7.31,18.975,0.000,0,1,0,0,0,0,-1,0,0,0,,0,,0,,0,0,0,1
1723314538,3843,8,8,8,8,31.621,0,0,0.11 | 0.11 | 0.11,0,0.55 | 0.81 | 1.01,0,3.96 | 4.94 | 7.31,18.975,0.000,0,1,0,0,0,0,-1,0,0,0,,0,,0,,0,0,0,1
1723314538,3843,8,8,8,8,31.621,0,0,0.11 | 0.11 | 0.11,0,0.55 | 0.81 | 1.01,0,3.96 | 4.94 | 7.31,18.975,0.000,0,1,0,0,0,0,-1,0,0,0,,0,,0,,0,0,0,1
1723314538,3843,8,8,8,8,31.621,0,0,0.11 | 0.11 | 0.11,0,0.55 | 0.81 | 1.01,0,3.96 | 4.94 | 7.31,18.975,0.000,0,1,0,0,0,0,-1,0,0,0,,0,,0,,0,0,0,1
1723314538,3843,8,8,8,8,30.559,0,0,0.11 | 0.11 | 0.11,0,0.55 | 0.81 | 1.01,0,3.96 | 4.94 | 7.31,18.975,0.000,0,1,0,0,0,0,-1,0,0,0,,0,,0,,0,0,0,1
1723314539,3843,8,8,8,8,30.559,0,0,0.11 | 0.11 | 0.11,0,0.55 | 0.81 | 1.01,0,3.96 | 4.94 | 7.31,18.975,0.000,0,1,0,0,0,0,-1,0,0,0,,0,,0,,0,0,0,1
1723314539,3843,8,8,8,8,30.559,0,0,0.11 | 0.11 | 0.11,0,0.55 | 0.81 | 1.01,0,3.96 | 4.94 | 7.31,18.975,0.000,0,1,0,0,0,0,-1,0,0,0,,0,,0,,0,0,0,1
1723314539,3843,8,8,8,8,30.559,0,0,0.11 | 0.11 | 0.11,0,0.55 | 0.81 | 1.01,0,3.96 | 4.94 | 7.31,18.975,0.000,0,1,0,0,0,0,-1,0,0,0,,0,,0,,0,0,0,1
1723314539,3843,8,8,8,8,30.559,0,0,0.11 | 0.11 | 0.11,0,0.55 | 0.81 | 1.01,0,3.96 | 4.94 | 7.31,18.975,0.000,0,1,0,0,0,0,-1,0,0,0,,0,,0,,0,0,0,1
1723314539,3843,8,8,8,8,30.559,0,0,0.11 | 0.11 | 0.11,0,0.55 | 0.81 | 1.01,0,3.96 | 4.94 | 7.31,18.975,0.000,0,1,0,0,0,0,-1,0,0,0,,0,,0,,0,0,0,1
1723314539,3843,8,8,8,8,30.559,0,0,0.11 | 0.11 | 0.11,0,0.55 | 0.81 | 1.01,0,3.96 | 4.94 | 7.31,18.975,0.000,0,1,0,0,0,0,-1,0,0,0,,0,,0,,0,0,0,1
1723314539,3843,8,8,8,8,30.559,0,0,0.11 | 0.11 | 0.11,0,0.55 | 0.81 | 1.01,0,3.96 | 4.94 | 7.31,18.975,0.000,0,1,0,0,0,0,-1,0,0,0,,0,,0,,0,0,0,1
1723314539,3843,8,8,8,8,30.559,0,0,0.11 | 0.11 | 0.11,0,0.55 | 0.81 | 1.01,0,3.96 | 4.94 | 7.31,18.975,0.000,0,1,0,0,0,0,-1,0,0,0,,0,,0,,0,0,0,1
1723314539,3843,8,8,8,8,30.559,0,0,0.11 | 0.11 | 0.11,0,0.55 | 0.81 | 1.01,0,3.96 | 4.94 | 7.31,18.975,0.000,0,1,0,0,0,0,-1,0,0,0,,0,,0,,0,0,0,1
1723314539,3843,8,8,8,8,29.762,0,0,0.11 | 0.11 | 0.11,0,0.55 | 0.81 | 1.01,0,3.96 | 4.94 | 7.31,18.975,0.000,0,1,0,0,0,0,-1,0,0,0,,0,,0,,0,0,0,1
1723314540,3843,8,8,8,8,29.762,0,0,0.11 | 0.11 | 0.11,0,0.55 | 0.81 | 1.01,0,3.96 | 4.94 | 7.31,18.975,0.000,0,1,0,0,0,0,-1,0,0,0,,0,,0,,0,0,0,1
1723314540,3843,8,8,8,8,29.762,0,0,0.11 | 0.11 | 0.11,0,0.55 | 0.81 | 1.01,0,3.96 | 4.94 | 7.31,18.975,0.000,0,1,0,0,0,0,-1,0,0,0,,0,,0,,0,0,0,1
1723314540,3843,8,8,8,8,29.762,0,0,0.11 | 0.11 | 0.11,0,0.55 | 0.81 | 1.01,0,3.96 | 4.94 | 7.31,18.975,0.000,0,1,0,0,0,0,-1,0,0,0,,0,,0,,0,0,0,1
1723314540,3843,8,8,8,8,29.762,0,0,0.11 | 0.11 | 0.11,0,0.55 | 0.81 | 1.01,0,3.96 | 4.94 | 7.31,18.975,0.000,0,1,0,0,0,0,-1,0,0,0,,0,,0,,0,0,0,1
1723314540,3843,8,8,8,8,29.762,0,0,0.11 | 0.11 | 0.11,0,0.55 | 0.81 | 1.01,0,3.96 | 4.94 | 7.31,18.975,0.000,0,1,0,0,0,0,-1,0,0,0,,0,,0,,0,0,0,1
1723314540,3843,8,8,8,8,29.762,0,0,0.11 | 0.11 | 0.11,0,0.55 | 0.81 | 1.01,0,3.96 | 4.94 | 7.31,18.975,0.000,0,1,0,0,0,0,-1,0,0,0,,0,,0,,0,0,0,1
1723314540,3843,8,8,8,8,29.762,0,0,0.11 | 0.11 | 0.11,0,0.55 | 0.81 | 1.01,0,3.96 | 4.94 | 7.31,18.975,0.000,0,1,0,0,0,0,-1,0,0,0,,0,,0,,0,0,0,1
1723314540,3843,8,8,8,8,29.762,0,0,0.11 | 0.11 | 0.11,0,0.55 | 0.81 | 1.01,0,3.96 | 4.94 | 7.31,18.975,0.000,0,1,0,0,0,0,-1,0,0,0,,0,,0,,0,0,0,1
1723314540,3843,8,8,8,8,29.762,0,0,0.11 | 0.11 | 0.11,0,0.55 | 0.81 | 1.01,0,3.96 | 4.94 | 7.31,18.975,0.000,0,1,0,0,0,0,-1,0,0,0,,0,,0,,0,0,0,1
1723314540,3843,8,8,8,8,33.454,0,0,0.11 | 0.11 | 0.11,0,0.55 | 0.79 | 1.00,0,4.00 | 5.07 | 7.31,18.978,0.000,0,1,0,0,0,0,-1,0,0,0,,0,,0,,0,0,0,1
1723314541,3843,8,8,8,8,33.454,0,0,0.11 | 0.11 | 0.11,0,0.55 | 0.79 | 1.00,0,4.00 | 5.07 | 7.31,18.978,0.000,0,1,0,0,0,0,-1,0,0,0,,0,,0,,0,0,0,1
1723314541,3843,8,8,8,8,33.454,0,0,0.11 | 0.11 | 0.11,0,0.55 | 0.79 | 1.00,0,4.00 | 5.07 | 7.31,18.978,0.000,0,1,0,0,0,0,-1,0,0,0,,0,,0,,0,0,0,1
1723314541,3843,8,8,8,8,33.454,0,0,0.11 | 0.11 | 0.11,0,0.55 | 0.79 | 1.00,0,4.00 | 5.07 | 7.31,18.978,0.000,0,1,0,0,0,0,-1,0,0,0,,0,,0,,0,0,0,1
1723314541,3843,8,8,8,8,33.454,0,0,0.11 | 0.11 | 0.11,0,0.55 | 0.79 | 1.00,0,4.00 | 5.07 | 7.31,18.978,0.000,0,1,0,0,0,0,-1,0,0,0,,0,,0,,0,0,0,1
1723314541,3843,8,8,8,8,33.454,0,0,0.11 | 0.11 | 0.11,0,0.55 | 0.79 | 1.00,0,4.00 | 5.07 | 7.31,18.978,0.000,0,1,0,0,0,0,-1,0,0,0,,0,,0,,0,0,0,1
1723314541,3843,8,8,8,8,33.454,0,0,0.11 | 0.11 | 0.11,0,0.55 | 0.79 | 1.00,0,4.00 | 5.07 | 7.31,18.978,0.000,0,1,0,0,0,0,-1,0,0,0,,0,,0,,0,0,0,1
1723314541,3843,8,8,8,8,33.454,0,0,0.11 | 0.11 | 0.11,0,0.55 | 0.79 | 1.00,0,4.00 | 5.07 | 7.31,18.978,0.000,0,1,0,0,0,0,-1,0,0,0,,0,,0,,0,0,0,1
1723314541,3843,8,8,8,8,33.454,0,0,0.11 | 0.11 | 0.11,0,0.55 | 0.79 | 1.00,0,4.00 | 5.07 | 7.31,18.978,0.000,0,1,0,0,0,0,-1,0,0,0,,0,,0,,0,0,0,1
1723314541,3843,8,8,8,8,33.454,0,0,0.11 | 0.11 | 0.11,0,0.55 | 0.79 | 1.00,0,4.00 | 5.07 | 7.31,18.978,0.000,0,1,0,0,0,0,-1,0,0,0,,0,,0,,0,0,0,1
1723314541,3843,8,8,8,8,32.437,0,0,0.11 | 0.11 | 0.11,0,0.55 | 0.79 | 1.00,0,4.00 | 5.07 | 7.31,18.978,0.000,0,1,0,0,0,0,-1,0,0,0,,0,,0,,0,0,0,1
1723314542,3843,8,8,8,8,32.437,0,0,0.11 | 0.11 | 0.11,0,0.55 | 0.79 | 1.00,0,4.00 | 5.07 | 7.31,18.978,0.000,0,1,0,0,0,0,-1,0,0,0,,0,,0,,0,0,0,1
1723314542,3843,8,8,8,8,32.437,0,0,0.11 | 0.11 | 0.11,0,0.55 | 0.79 | 1.00,0,4.00 | 5.07 | 7.31,18.978,0.000,0,1,0,0,0,0,-1,0,0,0,,0,,0,,0,0,0,1
1723314542,3843,8,8,8,8,32.437,0,0,0.11 | 0.11 | 0.11,0,0.55 | 0.79 | 1.00,0,4.00 | 5.07 | 7.31,18.978,0.000,0,1,0,0,0,0,-1,0,0,0,,0,,0,,0,0,0,1
1723314542,3843,8,8,8,8,32.437,0,0,0.11 | 0.11 | 0.11,0,0.55 | 0.79 | 1.00,0,4.00 | 5.07 | 7.31,18.978,0.000,0,1,0,0,0,0,-1,0,0,0,,0,,0,,0,0,0,1
1723314542,3843,8,8,8,8,32.437,0,0,0.11 | 0.11 | 0.11,0,0.55 | 0.79 | 1.00,0,4.00 | 5.07 | 7.31,18.978,0.000,0,1,0,0,0,0,-1,0,0,0,,0,,0,,0,0,0,1
1723314542,3843,8,8,8,8,32.437,0,0,0.11 | 0.11 | 0.11,0,0.55 | 0.79 | 1.00,0,4.00 | 5.07 | 7.31,18.978,0.000,0,1,0,0,0,0,-1,0,0,0,,0,,0,,0,0,0,1
1723314542,3843,8,8,8,8,32.437,0,0,0.11 | 0.11 | 0.11,0,0.55 | 0.79 | 1.00,0,4.00 | 5.07 | 7.31,18.978,0.000,0,1,0,0,0,0,-1,0,0,0,,0,,0,,0,0,0,1
1723314542,3843,8,8,8,8,32.437,0,0,0.11 | 0.11 | 0.11,0,0.55 | 0.79 | 1.00,0,4.00 | 5.07 | 7.31,18.978,0.000,0,1,0,0,0,0,-1,0,0,0,,0,,0,,0,0,0,1
1723314542,3843,8,8,8,8,32.437,0,0,0.11 | 0.11 | 0.11,0,0.55 | 0.79 | 1.00,0,4.00 | 5.07 | 7.31,18.978,0.000,0,1,0,0,0,0,-1,0,0,0,,0,,0,,0,0,0,1
1723314542,3843,8,8,8,8,31.358,0,0,0.11 | 0.11 | 0.11,0,0.55 | 0.79 | 1.00,0,4.00 | 5.07 | 7.31,18.978,0.000,0,1,0,0,0,0,-1,0,0,0,,0,,0,,0,0,0,1
1723314543,3843,8,8,8,8,31.358,0,0,0.11 | 0.11 | 0.11,0,0.55 | 0.79 | 1.00,0,4.00 | 5.07 | 7.31,18.978,0.000,0,1,0,0,0,0,-1,0,0,0,,0,,0,,0,0,0,1
1723314543,3843,8,8,8,8,31.358,0,0,0.11 | 0.11 | 0.11,0,0.55 | 0.79 | 1.00,0,4.00 | 5.07 | 7.31,18.978,0.000,0,1,0,0,0,0,-1,0,0,0,,0,,0,,0,0,0,1
1723314543,3843,8,8,8,8,31.358,0,0,0.11 | 0.11 | 0.11,0,0.55 | 0.79 | 1.00,0,4.00 | 5.07 | 7.31,18.978,0.000,0,1,0,0,0,0,-1,0,0,0,,0,,0,,0,0,0,1
1723314543,3843,8,8,8,8,31.358,0,0,0.11 | 0.11 | 0.11,0,0.55 | 0.79 | 1.00,0,4.00 | 5.07 | 7.31,18.978,0.000,0,1,0,0,0,0,-1,0,0,0,,0,,0,,0,0,0,1
1723314543,3843,8,8,8,8,31.358,0,0,0.11 | 0.11 | 0.11,0,0.55 | 0.79 | 1.00,0,4.00 | 5.07 | 7.31,18.978,0.000,0,1,0,0,0,0,-1,0,0,0,,0,,0,,0,0,0,1
1723314543,3843,8,8,8,8,31.358,0,0,0.11 | 0.11 | 0.11,0,0.55 | 0.79 | 1.00,0,4.00 | 5.07 | 7.31,18.978,0.000,0,1,0,0,0,0,-1,0,0,0,,0,,0,,0,0,0,1
1723314543,3843,8,8,8,8,31.358,0,0,0.11 | 0.11 | 0.11,0,0.55 | 0.79 | 1.00,0,4.00 | 5.07 | 7.31,18.978,0.000,0,1,0,0,0,0,-1,0,0,0,,0,,0,,0,0,0,1
1723314543,3843,8,8,8,8,31.358,0,0,0.11 | 0.11 | 0.11,0,0.55 | 0.79 | 1.00,0,4.00 | 5.07 | 7.31,18.978,0.000,0,1,0,0,0,0,-1,0,0,0,,0,,0,,0,0,0,1
1723314543,3843,8,8,8,8,31.358,0,0,0.11 | 0.11 | 0.11,0,0.55 | 0.79 | 1.00,0,4.00 | 5.07 | 7.31,18.978,0.000,0,1,0,0,0,0,-1,0,0,0,,0,,0,,0,0,0,1
1723314543,3843,8,8,8,8,30.578,0,0,0.11 | 0.11 | 0.11,0,0.55 | 0.79 | 1.00,0,4.00 | 5.07 | 7.31,18.978,0.000,0,1,0,0,0,0,-1,0,0,0,,0,,0,,0,0,0,1
1723314544,3843,8,8,8,8,30.578,0,0,0.11 | 0.11 | 0.11,0,0.55 | 0.79 | 1.00,0,4.00 | 5.07 | 7.31,18.978,0.000,0,1,0,0,0,0,-1,0,0,0,,0,,0,,0,0,0,1
1723314544,3843,8,8,8,8,30.578,0,0,0.11 | 0.11 | 0.11,0,0.55 | 0.79 | 1.00,0,4.00 | 5.07 | 7.31,18.978,0.000,0,1,0,0,0,0,-1,0,0,0,,0,,0,,0,0,0,1
1723314544,3843,8,8,8,8,30.578,0,0,0.11 | 0.11 | 0.11,0,0.55 | 0.79 | 1.00,0,4.00 | 5.07 | 7.31,18.978,0.000,0,1,0,0,0,0,-1,0,0,0,,0,,0,,0,0,0,1
1723314544,3843,8,8,8,8,30.578,0,0,0.11 | 0.11 | 0.11,0,0.55 | 0.79 | 1.00,0,4.00 | 5.07 | 7.31,18.978,0.000,0,1,0,0,0,0,-1,0,0,0,,0,,0,,0,0,0,1
1723314544,3843,8,8,8,8,30.578,0,0,0.11 | 0.11 | 0.11,0,0.55 | 0.79 | 1.00,0,4.00 | 5.07 | 7.31,18.978,0.000,0,1,0,0,0,0,-1,0,0,0,,0,,0,,0,0,0,1
1723314544,3843,8,8,8,8,30.578,0,0,0.11 | 0.11 | 0.11,0,0.55 | 0.79 | 1.00,0,4.00 | 5.07 | 7.31,18.978,0.000,0,1,0,0,0,0,-1,0,0,0,,0,,0,,0,0,0,1
1723314544,3843,8,8,8,8,30.578,0,0,0.11 | 0.11 | 0.11,0,0.55 | 0.79 | 1.00,0,4.00 | 5.07 | 7.31,18.978,0.000,0,1,0,0,0,0,-1,0,0,0,,0,,0,,0,0,0,1
1723314544,3843,8,8,8,8,30.578,0,0,0.11 | 0.11 | 0.11,0,0.55 | 0.79 | 1.00,0,4.00 | 5.07 | 7.31,18.978,0.000,0,1,0,0,0,0,-1,0,0,0,,0,,0,,0,0,0,1
1723314544,3843,8,8,8,8,30.578,0,0,0.11 | 0.11 | 0.11,0,0.55 | 0.79 | 1.00,0,4.00 | 5.07 | 7.31,18.978,0.000,0,1,0,0,0,0,-1,0,0,0,,0,,0,,0,0,0,1
1723314544,3843,8,8,8,8,29.515,0,0,0.11 | 0.11 | 0.11,0,0.55 | 0.79 | 1.00,0,4.00 | 5.07 | 7.31,18.978,0.000,0,1,0,0,0,0,-1,0,0,0,,0,,0,,0,0,0,1
1723314545,3843,8,8,8,8,29.515,0,0,0.11 | 0.11 | 0.11,0,0.55 | 0.79 | 1.00,0,4.00 | 5.07 | 7.31,18.978,0.000,0,1,0,0,0,0,-1,0,0,0,,0,,0,,0,0,0,1
1723314545,3843,8,8,8,8,29.515,0,0,0.11 | 0.11 | 0.11,0,0.55 | 0.79 | 1.00,0,4.00 | 5.07 | 7.31,18.978,0.000,0,1,0,0,0,0,-1,0,0,0,,0,,0,,0,0,0,1
1723314545,3843,8,8,8,8,29.515,0,0,0.11 | 0.11 | 0.11,0,0.55 | 0.79 | 1.00,0,4.00 | 5.07 | 7.31,18.978,0.000,0,1,0,0,0,0,-1,0,0,0,,0,,0,,0,0,0,1
1723314545,3843,8,8,8,8,29.515,0,0,0.11 | 0.11 | 0.11,0,0.55 | 0.79 | 1.00,0,4.00 | 5.07 | 7.31,18.978,0.000,0,1,0,0,0,0,-1,0,0,0,,0,,0,,0,0,0,1
1723314545,3843,8,8,8,8,29.515,0,0,0.11 | 0.11 | 0.11,0,0.55 | 0.79 | 1.00,0,4.00 | 5.07 | 7.31,18.978,0.000,0,1,0,0,0,0,-1,0,0,0,,0,,0,,0,0,0,1
1723314545,3843,8,8,8,8,29.515,0,0,0.11 | 0.11 | 0.11,0,0.55 | 0.79 | 1.00,0,4.00 | 5.07 | 7.31,18.978,0.000,0,1,0,0,0,0,-1,0,0,0,,0,,0,,0,0,0,1
1723314545,3843,8,8,8,8,29.515,0,0,0.11 | 0.11 | 0.11,0,0.55 | 0.79 | 1.00,0,4.00 | 5.07 | 7.31,18.978,0.000,0,1,0,0,0,0,-1,0,0,0,,0,,0,,0,0,0,1
1723314545,3843,8,8,8,8,29.515,0,0,0.11 | 0.11 | 0.11,0,0.55 | 0.79 | 1.00,0,4.00 | 5.07 | 7.31,18.978,0.000,0,1,0,0,0,0,-1,0,0,0,,0,,0,,0,0,0,1
1723314545,3843,8,8,8,8,29.515,0,0,0.11 | 0.11 | 0.11,0,0.55 | 0.79 | 1.00,0,4.00 | 5.07 | 7.31,18.978,0.000,0,1,0,0,0,0,-1,0,0,0,,0,,0,,0,0,0,1
1723314545,3843,8,8,8,8,31.653,0,0,0.11 | 0.11 | 0.11,0,0.55 | 0.78 | 1.00,0,4.00 | 5.12 | 7.31,18.960,0.000,0,1,0,0,0,0,-1,0,0,0,,0,,0,,0,0,0,1
1723314546,3843,8,8,8,8,31.653,0,0,0.11 | 0.11 | 0.11,0,0.55 | 0.78 | 1.00,0,4.00 | 5.12 | 7.31,18.960,0.000,0,1,0,0,0,0,-1,0,0,0,,0,,0,,0,0,0,1
1723314546,3843,8,8,8,8,31.653,0,0,0.11 | 0.11 | 0.11,0,0.55 | 0.78 | 1.00,0,4.00 | 5.12 | 7.31,18.960,0.000,0,1,0,0,0,0,-1,0,0,0,,0,,0,,0,0,0,1
1723314546,3843,8,8,8,8,31.653,0,0,0.11 | 0.11 | 0.11,0,0.55 | 0.78 | 1.00,0,4.00 | 5.12 | 7.31,18.960,0.000,0,1,0,0,0,0,-1,0,0,0,,0,,0,,0,0,0,1
1723314546,3843,8,8,8,8,31.653,0,0,0.11 | 0.11 | 0.11,0,0.55 | 0.78 | 1.00,0,4.00 | 5.12 | 7.31,18.960,0.000,0,1,0,0,0,0,-1,0,0,0,,0,,0,,0,0,0,1
1723314546,3843,8,8,8,8,31.653,0,0,0.11 | 0.11 | 0.11,0,0.55 | 0.78 | 1.00,0,4.00 | 5.12 | 7.31,18.960,0.000,0,1,0,0,0,0,-1,0,0,0,,0,,0,,0,0,0,1
1723314546,3843,8,8,8,8,31.653,0,0,0.11 | 0.11 | 0.11,0,0.55 | 0.78 | 1.00,0,4.00 | 5.12 | 7.31,18.960,0.000,0,1,0,0,0,0,-1,0,0,0,,0,,0,,0,0,0,1
1723314546,3843,8,8,8,8,31.653,0,0,0.11 | 0.11 | 0.11,0,0.55 | 0.78 | 1.00,0,4.00 | 5.12 | 7.31,18.960,0.000,0,1,0,0,0,0,-1,0,0,0,,0,,0,,0,0,0,1
1723314546,3843,8,8,8,8,31.653,0,0,0.11 | 0.11 | 0.11,0,0.55 | 0.78 | 1.00,0,4.00 | 5.12 | 7.31,18.960,0.000,0,1,0,0,0,0,-1,0,0,0,,0,,0,,0,0,0,1
1723314546,3843,8,8,8,8,31.653,0,0,0.11 | 0.11 | 0.11,0,0.55 | 0.78 | 1.00,0,4.00 | 5.12 | 7.31,18.960,0.000,0,1,0,0,0,0,-1,0,0,0,,0,,0,,0,0,0,1
1723314546,3843,8,8,8,8,30.59,0,0,0.11 | 0.11 | 0.11,0,0.55 | 0.78 | 1.00,0,4.00 | 5.12 | 7.31,18.960,0.000,0,1,0,0,0,0,-1,0,0,0,,0,,0,,0,0,0,1
1723314547,3843,8,8,8,8,30.59,0,0,0.11 | 0.11 | 0.11,0,0.55 | 0.78 | 1.00,0,4.00 | 5.12 | 7.31,18.960,0.000,0,1,0,0,0,0,-1,0,0,0,,0,,0,,0,0,0,1
1723314547,3843,8,8,8,8,30.59,0,0,0.11 | 0.11 | 0.11,0,0.55 | 0.78 | 1.00,0,4.00 | 5.12 | 7.31,18.960,0.000,0,1,0,0,0,0,-1,0,0,0,,0,,0,,0,0,0,1
1723314547,3843,8,8,8,8,30.59,0,0,0.11 | 0.11 | 0.11,0,0.55 | 0.78 | 1.00,0,4.00 | 5.12 | 7.31,18.960,0.000,0,1,0,0,0,0,-1,0,0,0,,0,,0,,0,0,0,1
1723314547,3843,8,8,8,8,30.59,0,0,0.11 | 0.11 | 0.11,0,0.55 | 0.78 | 1.00,0,4.00 | 5.12 | 7.31,18.960,0.000,0,1,0,0,0,0,-1,0,0,0,,0,,0,,0,0,0,1
1723314547,3843,8,8,8,8,30.59,0,0,0.11 | 0.11 | 0.11,0,0.55 | 0.78 | 1.00,0,4.00 | 5.12 | 7.31,18.960,0.000,0,1,0,0,0,0,-1,0,0,0,,0,,0,,0,0,0,1
1723314547,3843,8,8,8,8,30.59,0,0,0.11 | 0.11 | 0.11,0,0.55 | 0.78 | 1.00,0,4.00 | 5.12 | 7.31,18.960,0.000,0,1,0,0,0,0,-1,0,0,0,,0,,0,,0,0,0,1
1723314547,3843,8,8,8,8,30.59,0,0,0.11 | 0.11 | 0.11,0,0.55 | 0.78 | 1.00,0,4.00 | 5.12 | 7.31,18.960,0.000,0,1,0,0,0,0,-1,0,0,0,,0,,0,,0,0,0,1
1723314547,3843,8,8,8,8,30.59,0,0,0.11 | 0.11 | 0.11,0,0.55 | 0.78 | 1.00,0,4.00 | 5.12 | 7.31,18.960,0.000,0,1,0,0,0,0,-1,0,0,0,,0,,0,,0,0,0,1
1723314547,3843,8,8,8,8,30.59,0,0,0.11 | 0.11 | 0.11,0,0.55 | 0.78 | 1.00,0,4.00 | 5.12 | 7.31,18.960,0.000,0,1,0,0,0,0,-1,0,0,0,,0,,0,,0,0,0,1
1723314547,3843,8,8,8,8,29.793,0,0,0.11 | 0.11 | 0.11,0,0.55 | 0.78 | 1.00,0,4.00 | 5.12 | 7.31,18.960,0.000,0,1,0,0,0,0,-1,0,0,0,,0,,0,,0,0,0,1
1723314548,3843,8,8,8,8,29.793,0,0,0.11 | 0.11 | 0.11,0,0.55 | 0.78 | 1.00,0,4.00 | 5.12 | 7.31,18.960,0.000,0,1,0,0,0,0,-1,0,0,0,,0,,0,,0,0,0,1
1723314548,3843,8,8,8,8,29.793,0,0,0.11 | 0.11 | 0.11,0,0.55 | 0.78 | 1.00,0,4.00 | 5.12 | 7.31,18.960,0.000,0,1,0,0,0,0,-1,0,0,0,,0,,0,,0,0,0,1
1723314548,3843,8,8,8,8,29.793,0,0,0.11 | 0.11 | 0.11,0,0.55 | 0.78 | 1.00,0,4.00 | 5.12 | 7.31,18.960,0.000,0,1,0,0,0,0,-1,0,0,0,,0,,0,,0,0,0,1
1723314548,3843,8,8,8,8,29.793,0,0,0.11 | 0.11 | 0.11,0,0.55 | 0.78 | 1.00,0,4.00 | 5.12 | 7.31,18.960,0.000,0,1,0,0,0,0,-1,0,0,0,,0,,0,,0,0,0,1
1723314548,3843,8,8,8,8,29.793,0,0,0.11 | 0.11 | 0.11,0,0.55 | 0.78 | 1.00,0,4.00 | 5.12 | 7.31,18.960,0.000,0,1,0,0,0,0,-1,0,0,0,,0,,0,,0,0,0,1
1723314548,3843,8,8,8,8,29.793,0,0,0.11 | 0.11 | 0.11,0,0.55 | 0.78 | 1.00,0,4.00 | 5.12 | 7.31,18.960,0.000,0,1,0,0,0,0,-1,0,0,0,,0,,0,,0,0,0,1
1723314548,3843,8,8,8,8,29.793,0,0,0.11 | 0.11 | 0.11,0,0.55 | 0.78 | 1.00,0,4.00 | 5.12 | 7.31,18.960,0.000,0,1,0,0,0,0,-1,0,0,0,,0,,0,,0,0,0,1
1723314548,3843,8,8,8,8,29.793,0,0,0.11 | 0.11 | 0.11,0,0.55 | 0.78 | 1.00,0,4.00 | 5.12 | 7.31,18.960,0.000,0,1,0,0,0,0,-1,0,0,0,,0,,0,,0,0,0,1
1723314548,3843,8,8,8,8,29.793,0,0,0.11 | 0.11 | 0.11,0,0.55 | 0.78 | 1.00,0,4.00 | 5.12 | 7.31,18.960,0.000,0,1,0,0,0,0,-1,0,0,0,,0,,0,,0,0,0,1
1723314548,3843,8,8,8,8,28.731,0,0,0.11 | 0.11 | 0.11,0,0.55 | 0.78 | 1.00,0,4.00 | 5.12 | 7.31,18.960,0.000,0,1,0,0,0,0,-1,0,0,0,,0,,0,,0,0,0,1
1723314549,3843,8,8,8,8,28.731,0,0,0.11 | 0.11 | 0.11,0,0.55 | 0.78 | 1.00,0,4.00 | 5.12 | 7.31,18.960,0.000,0,1,0,0,0,0,-1,0,0,0,,0,,0,,0,0,0,1
1723314549,3843,8,8,8,8,28.731,0,0,0.11 | 0.11 | 0.11,0,0.55 | 0.78 | 1.00,0,4.00 | 5.12 | 7.31,18.960,0.000,0,1,0,0,0,0,-1,0,0,0,,0,,0,,0,0,0,1
1723314549,3843,8,8,8,8,28.731,0,0,0.11 | 0.11 | 0.11,0,0.55 | 0.78 | 1.00,0,4.00 | 5.12 | 7.31,18.960,0.000,0,1,0,0,0,0,-1,0,0,0,,0,,0,,0,0,0,1
1723314549,3843,8,8,8,8,28.731,0,0,0.11 | 0.11 | 0.11,0,0.55 | 0.78 | 1.00,0,4.00 | 5.12 | 7.31,18.960,0.000,0,1,0,0,0,0,-1,0,0,0,,0,,0,,0,0,0,1
1723314549,3843,8,8,8,8,28.731,0,0,0.11 | 0.11 | 0.11,0,0.55 | 0.78 | 1.00,0,4.00 | 5.12 | 7.31,18.960,0.000,0,1,0,0,0,0,-1,0,0,0,,0,,0,,0,0,0,1
1723314549,3843,8,8,8,8,28.731,0,0,0.11 | 0.11 | 0.11,0,0.55 | 0.78 | 1.00,0,4.00 | 5.12 | 7.31,18.960,0.000,0,1,0,0,0,0,-1,0,0,0,,0,,0,,0,0,0,1
1723314549,3843,8,8,8,8,28.731,0,0,0.11 | 0.11 | 0.11,0,0.55 | 0.78 | 1.00,0,4.00 | 5.12 | 7.31,18.960,0.000,0,1,0,0,0,0,-1,0,0,0,,0,,0,,0,0,0,1
1723314549,3843,8,8,8,8,28.731,0,0,0.11 | 0.11 | 0.11,0,0.55 | 0.78 | 1.00,0,4.00 | 5.12 | 7.31,18.960,0.000,0,1,0,0,0,0,-1,0,0,0,,0,,0,,0,0,0,1
1723314549,3843,8,8,8,8,28.731,0,0,0.11 | 0.11 | 0.11,0,0.55 | 0.78 | 1.00,0,4.00 | 5.12 | 7.31,18.960,0.000,0,1,0,0,0,0,-1,0,0,0,,0,,0,,0,0,0,1
1723314549,3843,8,8,8,8,32.468,0,0,0.11 | 0.11 | 0.11,0,0.55 | 0.76 | 0.93,0,4.30 | 5.24 | 7.31,18.968,0.000,0,1,0,0,0,0,-1,0,0,0,,0,,0,,0,0,0,1
1723314550,3843,8,8,8,8,32.468,0,0,0.11 | 0.11 | 0.11,0,0.55 | 0.76 | 0.93,0,4.30 | 5.24 | 7.31,18.968,0.000,0,1,0,0,0,0,-1,0,0,0,,0,,0,,0,0,0,1
1723314550,3843,8,8,8,8,32.468,0,0,0.11 | 0.11 | 0.11,0,0.55 | 0.76 | 0.93,0,4.30 | 5.24 | 7.31,18.968,0.000,0,1,0,0,0,0,-1,0,0,0,,0,,0,,0,0,0,1
1723314550,3843,8,8,8,8,32.468,0,0,0.11 | 0.11 | 0.11,0,0.55 | 0.76 | 0.93,0,4.30 | 5.24 | 7.31,18.968,0.000,0,1,0,0,0,0,-1,0,0,0,,0,,0,,0,0,0,1
1723314550,3843,8,8,8,8,32.468,0,0,0.11 | 0.11 | 0.11,0,0.55 | 0.76 | 0.93,0,4.30 | 5.24 | 7.31,18.968,0.000,0,1,0,0,0,0,-1,0,0,0,,0,,0,,0,0,0,1
1723314550,3843,8,8,8,8,32.468,0,0,0.11 | 0.11 | 0.11,0,0.55 | 0.76 | 0.93,0,4.30 | 5.24 | 7.31,18.968,0.000,0,1,0,0,0,0,-1,0,0,0,,0,,0,,0,0,0,1
1723314550,3843,8,8,8,8,32.468,0,0,0.11 | 0.11 | 0.11,0,0.55 | 0.76 | 0.93,0,4.30 | 5.24 | 7.31,18.968,0.000,0,1,0,0,0,0,-1,0,0,0,,0,,0,,0,0,0,1
1723314550,3843,8,8,8,8,32.468,0,0,0.11 | 0.11 | 0.11,0,0.55 | 0.76 | 0.93,0,4.30 | 5.24 | 7.31,18.968,0.000,0,1,0,0,0,0,-1,0,0,0,,0,,0,,0,0,0,1
1723314550,3843,8,8,8,8,32.468,0,0,0.11 | 0.11 | 0.11,0,0.55 | 0.76 | 0.93,0,4.30 | 5.24 | 7.31,18.968,0.000,0,1,0,0,0,0,-1,0,0,0,,0,,0,,0,0,0,1
1723314550,3843,8,8,8,8,32.468,0,0,0.11 | 0.11 | 0.11,0,0.55 | 0.76 | 0.93,0,4.30 | 5.24 | 7.31,18.968,0.000,0,1,0,0,0,0,-1,0,0,0,,0,,0,,0,0,0,1
1723314550,3843,8,8,8,8,31.406,0,0,0.11 | 0.11 | 0.11,0,0.55 | 0.76 | 0.93,0,4.30 | 5.24 | 7.31,18.968,0.000,0,1,0,0,0,0,-1,0,0,0,,0,,0,,0,0,0,1
1723314551,3843,8,8,8,8,31.406,0,0,0.11 | 0.11 | 0.11,0,0.55 | 0.76 | 0.93,0,4.30 | 5.24 | 7.31,18.968,0.000,0,1,0,0,0,0,-1,0,0,0,,0,,0,,0,0,0,1
1723314551,3843,8,8,8,8,31.406,0,0,0.11 | 0.11 | 0.11,0,0.55 | 0.76 | 0.93,0,4.30 | 5.24 | 7.31,18.968,0.000,0,1,0,0,0,0,-1,0,0,0,,0,,0,,0,0,0,1
1723314551,3843,8,8,8,8,31.406,0,0,0.11 | 0.11 | 0.11,0,0.55 | 0.76 | 0.93,0,4.30 | 5.24 | 7.31,18.968,0.000,0,1,0,0,0,0,-1,0,0,0,,0,,0,,0,0,0,1
1723314551,3843,8,8,8,8,31.406,0,0,0.11 | 0.11 | 0.11,0,0.55 | 0.76 | 0.93,0,4.30 | 5.24 | 7.31,18.968,0.000,0,1,0,0,0,0,-1,0,0,0,,0,,0,,0,0,0,1
1723314551,3843,8,8,8,8,31.406,0,0,0.11 | 0.11 | 0.11,0,0.55 | 0.76 | 0.93,0,4.30 | 5.24 | 7.31,18.968,0.000,0,1,0,0,0,0,-1,0,0,0,,0,,0,,0,0,0,1
1723314551,3843,8,8,8,8,31.406,0,0,0.11 | 0.11 | 0.11,0,0.55 | 0.76 | 0.93,0,4.30 | 5.24 | 7.31,18.968,0.000,0,1,0,0,0,0,-1,0,0,0,,0,,0,,0,0,0,1
1723314551,3843,8,8,8,8,31.406,0,0,0.11 | 0.11 | 0.11,0,0.55 | 0.76 | 0.93,0,4.30 | 5.24 | 7.31,18.968,0.000,0,1,0,0,0,0,-1,0,0,0,,0,,0,,0,0,0,1
1723314551,3843,8,8,8,8,31.406,0,0,0.11 | 0.11 | 0.11,0,0.55 | 0.76 | 0.93,0,4.30 | 5.24 | 7.31,18.968,0.000,0,1,0,0,0,0,-1,0,0,0,,0,,0,,0,0,0,1
1723314551,3843,8,8,8,8,31.406,0,0,0.11 | 0.11 | 0.11,0,0.55 | 0.76 | 0.93,0,4.30 | 5.24 | 7.31,18.968,0.000,0,1,0,0,0,0,-1,0,0,0,,0,,0,,0,0,0,1
1723314551,3843,8,8,8,8,30.609,0,0,0.11 | 0.11 | 0.11,0,0.55 | 0.76 | 0.93,0,4.30 | 5.24 | 7.31,18.968,0.000,0,1,0,0,0,0,-1,0,0,0,,0,,0,,0,0,0,1
1723314552,3843,8,8,8,8,30.609,0,0,0.11 | 0.11 | 0.11,0,0.55 | 0.76 | 0.93,0,4.30 | 5.24 | 7.31,18.968,0.000,0,1,0,0,0,0,-1,0,0,0,,0,,0,,0,0,0,1
1723314552,3843,8,8,8,8,30.609,0,0,0.11 | 0.11 | 0.11,0,0.55 | 0.76 | 0.93,0,4.30 | 5.24 | 7.31,18.968,0.000,0,1,0,0,0,0,-1,0,0,0,,0,,0,,0,0,0,1
1723314552,3843,8,8,8,8,30.609,0,0,0.11 | 0.11 | 0.11,0,0.55 | 0.76 | 0.93,0,4.30 | 5.24 | 7.31,18.968,0.000,0,1,0,0,0,0,-1,0,0,0,,0,,0,,0,0,0,1
1723314552,3843,8,8,8,8,30.609,0,0,0.11 | 0.11 | 0.11,0,0.55 | 0.76 | 0.93,0,4.30 | 5.24 | 7.31,18.968,0.000,0,1,0,0,0,0,-1,0,0,0,,0,,0,,0,0,0,1
1723314552,3843,8,8,8,8,30.609,0,0,0.11 | 0.11 | 0.11,0,0.55 | 0.76 | 0.93,0,4.30 | 5.24 | 7.31,18.968,0.000,0,1,0,0,0,0,-1,0,0,0,,0,,0,,0,0,0,1
1723314552,3843,8,8,8,8,30.609,0,0,0.11 | 0.11 | 0.11,0,0.55 | 0.76 | 0.93,0,4.30 | 5.24 | 7.31,18.968,0.000,0,1,0,0,0,0,-1,0,0,0,,0,,0,,0,0,0,1
1723314552,3843,8,8,8,8,30.609,0,0,0.11 | 0.11 | 0.11,0,0.55 | 0.76 | 0.93,0,4.30 | 5.24 | 7.31,18.968,0.000,0,1,0,0,0,0,-1,0,0,0,,0,,0,,0,0,0,1
1723314552,3843,8,8,8,8,30.609,0,0,0.11 | 0.11 | 0.11,0,0.55 | 0.76 | 0.93,0,4.30 | 5.24 | 7.31,18.968,0.000,0,1,0,0,0,0,-1,0,0,0,,0,,0,,0,0,0,1
1723314552,3843,8,8,8,8,30.609,0,0,0.11 | 0.11 | 0.11,0,0.55 | 0.76 | 0.93,0,4.30 | 5.24 | 7.31,18.968,0.000,0,1,0,0,0,0,-1,0,0,0,,0,,0,,0,0,0,1
1723314552,3843,8,8,8,8,29.357,0,0,0.11 | 0.11 | 0.11,0,0.55 | 0.76 | 0.93,0,4.30 | 5.24 | 7.31,18.968,0.000,0,1,0,0,0,0,-1,0,0,0,,0,,0,,0,0,0,1
1723314553,3843,8,8,8,8,29.357,0,0,0.11 | 0.11 | 0.11,0,0.55 | 0.76 | 0.93,0,4.30 | 5.24 | 7.31,18.968,0.000,0,1,0,0,0,0,-1,0,0,0,,0,,0,,0,0,0,1
1723314553,3843,8,8,8,8,29.357,0,0,0.11 | 0.11 | 0.11,0,0.55 | 0.76 | 0.93,0,4.30 | 5.24 | 7.31,18.968,0.000,0,1,0,0,0,0,-1,0,0,0,,0,,0,,0,0,0,1
1723314553,3843,8,8,8,8,29.357,0,0,0.11 | 0.11 | 0.11,0,0.55 | 0.76 | 0.93,0,4.30 | 5.24 | 7.31,18.968,0.000,0,1,0,0,0,0,-1,0,0,0,,0,,0,,0,0,0,1
1723314553,3843,8,8,8,8,29.357,0,0,0.11 | 0.11 | 0.11,0,0.55 | 0.76 | 0.93,0,4.30 | 5.24 | 7.31,18.968,0.000,0,1,0,0,0,0,-1,0,0,0,,0,,0,,0,0,0,1
1723314553,3843,8,8,8,8,29.357,0,0,0.11 | 0.11 | 0.11,0,0.55 | 0.76 | 0.93,0,4.30 | 5.24 | 7.31,18.968,0.000,0,1,0,0,0,0,-1,0,0,0,,0,,0,,0,0,0,1
1723314553,3843,8,8,8,8,29.357,0,0,0.11 | 0.11 | 0.11,0,0.55 | 0.76 | 0.93,0,4.30 | 5.24 | 7.31,18.968,0.000,0,1,0,0,0,0,-1,0,0,0,,0,,0,,0,0,0,1
1723314553,3843,8,8,8,8,29.357,0,0,0.11 | 0.11 | 0.11,0,0.55 | 0.76 | 0.93,0,4.30 | 5.24 | 7.31,18.968,0.000,0,1,0,0,0,0,-1,0,0,0,,0,,0,,0,0,0,1
1723314553,3843,8,8,8,8,29.357,0,0,0.11 | 0.11 | 0.11,0,0.55 | 0.76 | 0.93,0,4.30 | 5.24 | 7.31,18.968,0.000,0,1,0,0,0,0,-1,0,0,0,,0,,0,,0,0,0,1
1723314553,3843,8,8,8,8,29.357,0,0,0.11 | 0.11 | 0.11,0,0.55 | 0.76 | 0.93,0,4.30 | 5.24 | 7.31,18.968,0.000,0,1,0,0,0,0,-1,0,0,0,,0,,0,,0,0,0,1
1723314553,3843,8,8,8,8,31.684,0,0,0.11 | 0.11 | 0.11,0,0.65 | 0.80 | 0.93,0,4.30 | 5.02 | 6.16,18.966,0.000,0,1,0,0,0,0,-1,0,0,0,,0,,0,,0,0,0,1
1723314554,3843,8,8,8,8,31.684,0,0,0.11 | 0.11 | 0.11,0,0.65 | 0.80 | 0.93,0,4.30 | 5.02 | 6.16,18.966,0.000,0,1,0,0,0,0,-1,0,0,0,,0,,0,,0,0,0,1
1723314554,3843,8,8,8,8,31.684,0,0,0.11 | 0.11 | 0.11,0,0.65 | 0.80 | 0.93,0,4.30 | 5.02 | 6.16,18.966,0.000,0,1,0,0,0,0,-1,0,0,0,,0,,0,,0,0,0,1
1723314554,3843,8,8,8,8,31.684,0,0,0.11 | 0.11 | 0.11,0,0.65 | 0.80 | 0.93,0,4.30 | 5.02 | 6.16,18.966,0.000,0,1,0,0,0,0,-1,0,0,0,,0,,0,,0,0,0,1
1723314554,3843,8,8,8,8,31.684,0,0,0.11 | 0.11 | 0.11,0,0.65 | 0.80 | 0.93,0,4.30 | 5.02 | 6.16,18.966,0.000,0,1,0,0,0,0,-1,0,0,0,,0,,0,,0,0,0,1
1723314554,3843,8,8,8,8,31.684,0,0,0.11 | 0.11 | 0.11,0,0.65 | 0.80 | 0.93,0,4.30 | 5.02 | 6.16,18.966,0.000,0,1,0,0,0,0,-1,0,0,0,,0,,0,,0,0,0,1
1723314554,3843,8,8,8,8,31.684,0,0,0.11 | 0.11 | 0.11,0,0.65 | 0.80 | 0.93,0,4.30 | 5.02 | 6.16,18.966,0.000,0,1,0,0,0,0,-1,0,0,0,,0,,0,,0,0,0,1
1723314554,3843,8,8,8,8,31.684,0,0,0.11 | 0.11 | 0.11,0,0.65 | 0.80 | 0.93,0,4.30 | 5.02 | 6.16,18.966,0.000,0,1,0,0,0,0,-1,0,0,0,,0,,0,,0,0,0,1
1723314554,3843,8,8,8,8,31.684,0,0,0.11 | 0.11 | 0.11,0,0.65 | 0.80 | 0.93,0,4.30 | 5.02 | 6.16,18.966,0.000,0,1,0,0,0,0,-1,0,0,0,,0,,0,,0,0,0,1
1723314554,3843,8,8,8,8,31.684,0,0,0.11 | 0.11 | 0.11,0,0.65 | 0.80 | 0.93,0,4.30 | 5.02 | 6.16,18.966,0.000,0,1,0,0,0,0,-1,0,0,0,,0,,0,,0,0,0,1
1723314554,3843,8,8,8,8,30.621,0,0,0.11 | 0.11 | 0.11,0,0.65 | 0.80 | 0.93,0,4.30 | 5.02 | 6.16,18.966,0.000,0,1,0,0,0,0,-1,0,0,0,,0,,0,,0,0,0,1
1723314555,3843,8,8,8,8,30.621,0,0,0.11 | 0.11 | 0.11,0,0.65 | 0.80 | 0.93,0,4.30 | 5.02 | 6.16,18.966,0.000,0,1,0,0,0,0,-1,0,0,0,,0,,0,,0,0,0,1
1723314555,3843,8,8,8,8,30.621,0,0,0.11 | 0.11 | 0.11,0,0.65 | 0.80 | 0.93,0,4.30 | 5.02 | 6.16,18.966,0.000,0,1,0,0,0,0,-1,0,0,0,,0,,0,,0,0,0,1
1723314555,3843,8,8,8,8,30.621,0,0,0.11 | 0.11 | 0.11,0,0.65 | 0.80 | 0.93,0,4.30 | 5.02 | 6.16,18.966,0.000,0,1,0,0,0,0,-1,0,0,0,,0,,0,,0,0,0,1
1723314555,3843,8,8,8,8,30.621,0,0,0.11 | 0.11 | 0.11,0,0.65 | 0.80 | 0.93,0,4.30 | 5.02 | 6.16,18.966,0.000,0,1,0,0,0,0,-1,0,0,0,,0,,0,,0,0,0,1
1723314555,3843,8,8,8,8,30.621,0,0,0.11 | 0.11 | 0.11,0,0.65 | 0.80 | 0.93,0,4.30 | 5.02 | 6.16,18.966,0.000,0,1,0,0,0,0,-1,0,0,0,,0,,0,,0,0,0,1
1723314555,3843,8,8,8,8,30.621,0,0,0.11 | 0.11 | 0.11,0,0.65 | 0.80 | 0.93,0,4.30 | 5.02 | 6.16,18.966,0.000,0,1,0,0,0,0,-1,0,0,0,,0,,0,,0,0,0,1
1723314555,3843,8,8,8,8,30.621,0,0,0.11 | 0.11 | 0.11,0,0.65 | 0.80 | 0.93,0,4.30 | 5.02 | 6.16,18.966,0.000,0,1,0,0,0,0,-1,0,0,0,,0,,0,,0,0,0,1
1723314555,3843,8,8,8,8,30.621,0,0,0.11 | 0.11 | 0.11,0,0.65 | 0.80 | 0.93,0,4.30 | 5.02 | 6.16,18.966,0.000,0,1,0,0,0,0,-1,0,0,0,,0,,0,,0,0,0,1
1723314555,3843,8,8,8,8,30.621,0,0,0.11 | 0.11 | 0.11,0,0.65 | 0.80 | 0.93,0,4.30 | 5.02 | 6.16,18.966,0.000,0,1,0,0,0,0,-1,0,0,0,,0,,0,,0,0,0,1
1723314555,3843,8,8,8,8,29.559,0,0,0.11 | 0.11 | 0.11,0,0.65 | 0.80 | 0.93,0,4.30 | 5.02 | 6.16,18.966,0.000,0,1,0,0,0,0,-1,0,0,0,,0,,0,,0,0,0,1
1723314556,3843,8,8,8,8,29.559,0,0,0.11 | 0.11 | 0.11,0,0.65 | 0.80 | 0.93,0,4.30 | 5.02 | 6.16,18.966,0.000,0,1,0,0,0,0,-1,0,0,0,,0,,0,,0,0,0,1
1723314556,3843,8,8,8,8,29.559,0,0,0.11 | 0.11 | 0.11,0,0.65 | 0.80 | 0.93,0,4.30 | 5.02 | 6.16,18.966,0.000,0,1,0,0,0,0,-1,0,0,0,,0,,0,,0,0,0,1
1723314556,3843,8,8,8,8,29.559,0,0,0.11 | 0.11 | 0.11,0,0.65 | 0.80 | 0.93,0,4.30 | 5.02 | 6.16,18.966,0.000,0,1,0,0,0,0,-1,0,0,0,,0,,0,,0,0,0,1
1723314556,3843,8,8,8,8,29.559,0,0,0.11 | 0.11 | 0.11,0,0.65 | 0.80 | 0.93,0,4.30 | 5.02 | 6.16,18.966,0.000,0,1,0,0,0,0,-1,0,0,0,,0,,0,,0,0,0,1
1723314556,3843,8,8,8,8,29.559,0,0,0.11 | 0.11 | 0.11,0,0.65 | 0.80 | 0.93,0,4.30 | 5.02 | 6.16,18.966,0.000,0,1,0,0,0,0,-1,0,0,0,,0,,0,,0,0,0,1
1723314556,3843,8,8,8,8,29.559,0,0,0.11 | 0.11 | 0.11,0,0.65 | 0.80 | 0.93,0,4.30 | 5.02 | 6.16,18.966,0.000,0,1,0,0,0,0,-1,0,0,0,,0,,0,,0,0,0,1
1723314556,3843,8,8,8,8,29.559,0,0,0.11 | 0.11 | 0.11,0,0.65 | 0.80 | 0.93,0,4.30 | 5.02 | 6.16,18.966,0.000,0,1,0,0,0,0,-1,0,0,0,,0,,0,,0,0,0,1
1723314556,3843,8,8,8,8,29.559,0,0,0.11 | 0.11 | 0.11,0,0.65 | 0.80 | 0.93,0,4.30 | 5.02 | 6.16,18.966,0.000,0,1,0,0,0,0,-1,0,0,0,,0,,0,,0,0,0,1
1723314556,3843,8,8,8,8,29.559,0,0,0.11 | 0.11 | 0.11,0,0.65 | 0.80 | 0.93,0,4.30 | 5.02 | 6.16,18.966,0.000,0,1,0,0,0,0,-1,0,0,0,,0,,0,,0,0,0,1
1723314556,3843,8,8,8,8,28.762,0,0,0.11 | 0.11 | 0.11,0,0.65 | 0.80 | 0.93,0,4.30 | 5.02 | 6.16,18.966,0.000,0,1,0,0,0,0,-1,0,0,0,,0,,0,,0,0,0,1
1723314557,3843,8,8,8,8,28.762,0,0,0.11 | 0.11 | 0.11,0,0.65 | 0.80 | 0.93,0,4.30 | 5.02 | 6.16,18.966,0.000,0,1,0,0,0,0,-1,0,0,0,,0,,0,,0,0,0,1
1723314557,3843,8,8,8,8,28.762,0,0,0.11 | 0.11 | 0.11,0,0.65 | 0.80 | 0.93,0,4.30 | 5.02 | 6.16,18.966,0.000,0,1,0,0,0,0,-1,0,0,0,,0,,0,,0,0,0,1
1723314557,3843,8,8,8,8,28.762,0,0,0.11 | 0.11 | 0.11,0,0.65 | 0.80 | 0.93,0,4.30 | 5.02 | 6.16,18.966,0.000,0,1,0,0,0,0,-1,0,0,0,,0,,0,,0,0,0,1
1723314557,3843,8,8,8,8,28.762,0,0,0.11 | 0.11 | 0.11,0,0.65 | 0.80 | 0.93,0,4.30 | 5.02 | 6.16,18.966,0.000,0,1,0,0,0,0,-1,0,0,0,,0,,0,,0,0,0,1
1723314557,3843,8,8,8,8,28.762,0,0,0.11 | 0.11 | 0.11,0,0.65 | 0.80 | 0.93,0,4.30 | 5.02 | 6.16,18.966,0.000,0,1,0,0,0,0,-1,0,0,0,,0,,0,,0,0,0,1
1723314557,3843,8,8,8,8,28.762,0,0,0.11 | 0.11 | 0.11,0,0.65 | 0.80 | 0.93,0,4.30 | 5.02 | 6.16,18.966,0.000,0,1,0,0,0,0,-1,0,0,0,,0,,0,,0,0,0,1
1723314557,3843,8,8,8,8,28.762,0,0,0.11 | 0.11 | 0.11,0,0.65 | 0.80 | 0.93,0,4.30 | 5.02 | 6.16,18.966,0.000,0,1,0,0,0,0,-1,0,0,0,,0,,0,,0,0,0,1
1723314557,3843,8,8,8,8,28.762,0,0,0.11 | 0.11 | 0.11,0,0.65 | 0.80 | 0.93,0,4.30 | 5.02 | 6.16,18.966,0.000,0,1,0,0,0,0,-1,0,0,0,,0,,0,,0,0,0,1
1723314557,3843,8,8,8,8,28.762,0,0,0.11 | 0.11 | 0.11,0,0.65 | 0.80 | 0.93,0,4.30 | 5.02 | 6.16,18.966,0.000,0,1,0,0,0,0,-1,0,0,0,,0,,0,,0,0,0,1
1723314557,3843,8,8,8,8,32.5,0,0,0.11 | 0.11 | 0.11,0,0.65 | 0.82 | 1.01,0,3.97 | 4.90 | 6.16,18.950,0.000,0,1,0,0,0,0,-1,0,0,0,,0,,0,,0,0,0,1
1723314558,3843,8,8,8,8,32.5,0,0,0.11 | 0.11 | 0.11,0,0.65 | 0.82 | 1.01,0,3.97 | 4.90 | 6.16,18.950,0.000,0,1,0,0,0,0,-1,0,0,0,,0,,0,,0,0,0,1
1723314558,3843,8,8,8,8,32.5,0,0,0.11 | 0.11 | 0.11,0,0.65 | 0.82 | 1.01,0,3.97 | 4.90 | 6.16,18.950,0.000,0,1,0,0,0,0,-1,0,0,0,,0,,0,,0,0,0,1
1723314558,3843,8,8,8,8,32.5,0,0,0.11 | 0.11 | 0.11,0,0.65 | 0.82 | 1.01,0,3.97 | 4.90 | 6.16,18.950,0.000,0,1,0,0,0,0,-1,0,0,0,,0,,0,,0,0,0,1
1723314558,3843,8,8,8,8,32.5,0,0,0.11 | 0.11 | 0.11,0,0.65 | 0.82 | 1.01,0,3.97 | 4.90 | 6.16,18.950,0.000,0,1,0,0,0,0,-1,0,0,0,,0,,0,,0,0,0,1
1723314558,3843,8,8,8,8,32.5,0,0,0.11 | 0.11 | 0.11,0,0.65 | 0.82 | 1.01,0,3.97 | 4.90 | 6.16,18.950,0.000,0,1,0,0,0,0,-1,0,0,0,,0,,0,,0,0,0,1
1723314558,3843,8,8,8,8,32.5,0,0,0.11 | 0.11 | 0.11,0,0.65 | 0.82 | 1.01,0,3.97 | 4.90 | 6.16,18.950,0.000,0,1,0,0,0,0,-1,0,0,0,,0,,0,,0,0,0,1
1723314558,3843,8,8,8,8,32.5,0,0,0.11 | 0.11 | 0.11,0,0.65 | 0.82 | 1.01,0,3.97 | 4.90 | 6.16,18.950,0.000,0,1,0,0,0,0,-1,0,0,0,,0,,0,,0,0,0,1
1723314558,3843,8,8,8,8,32.5,0,0,0.11 | 0.11 | 0.11,0,0.65 | 0.82 | 1.01,0,3.97 | 4.90 | 6.16,18.950,0.000,0,1,0,0,0,0,-1,0,0,0,,0,,0,,0,0,0,1
1723314558,3843,8,8,8,8,32.5,0,0,0.11 | 0.11 | 0.11,0,0.65 | 0.82 | 1.01,0,3.97 | 4.90 | 6.16,18.950,0.000,0,1,0,0,0,0,-1,0,0,0,,0,,0,,0,0,0,1
1723314558,3843,8,8,8,8,31.437,0,0,0.11 | 0.11 | 0.11,0,0.65 | 0.82 | 1.01,0,3.97 | 4.90 | 6.16,18.950,0.000,0,1,0,0,0,0,-1,0,0,0,,0,,0,,0,0,0,1
1723314559,3843,8,8,8,8,31.437,0,0,0.11 | 0.11 | 0.11,0,0.65 | 0.82 | 1.01,0,3.97 | 4.90 | 6.16,18.950,0.000,0,1,0,0,0,0,-1,0,0,0,,0,,0,,0,0,0,1
1723314559,3843,8,8,8,8,31.437,0,0,0.11 | 0.11 | 0.11,0,0.65 | 0.82 | 1.01,0,3.97 | 4.90 | 6.16,18.950,0.000,0,1,0,0,0,0,-1,0,0,0,,0,,0,,0,0,0,1
1723314559,3843,8,8,8,8,31.437,0,0,0.11 | 0.11 | 0.11,0,0.65 | 0.82 | 1.01,0,3.97 | 4.90 | 6.16,18.950,0.000,0,1,0,0,0,0,-1,0,0,0,,0,,0,,0,0,0,1
1723314559,3843,8,8,8,8,31.437,0,0,0.11 | 0.11 | 0.11,0,0.65 | 0.82 | 1.01,0,3.97 | 4.90 | 6.16,18.950,0.000,0,1,0,0,0,0,-1,0,0,0,,0,,0,,0,0,0,1
1723314559,3843,8,8,8,8,31.437,0,0,0.11 | 0.11 | 0.11,0,0.65 | 0.82 | 1.01,0,3.97 | 4.90 | 6.16,18.950,0.000,0,1,0,0,0,0,-1,0,0,0,,0,,0,,0,0,0,1
1723314559,3843,8,8,8,8,31.437,0,0,0.11 | 0.11 | 0.11,0,0.65 | 0.82 | 1.01,0,3.97 | 4.90 | 6.16,18.950,0.000,0,1,0,0,0,0,-1,0,0,0,,0,,0,,0,0,0,1
1723314559,3843,8,8,8,8,31.437,0,0,0.11 | 0.11 | 0.11,0,0.65 | 0.82 | 1.01,0,3.97 | 4.90 | 6.16,18.950,0.000,0,1,0,0,0,0,-1,0,0,0,,0,,0,,0,0,0,1
1723314559,3843,8,8,8,8,31.437,0,0,0.11 | 0.11 | 0.11,0,0.65 | 0.82 | 1.01,0,3.97 | 4.90 | 6.16,18.950,0.000,0,1,0,0,0,0,-1,0,0,0,,0,,0,,0,0,0,1
1723314559,3843,8,8,8,8,31.437,0,0,0.11 | 0.11 | 0.11,0,0.65 | 0.82 | 1.01,0,3.97 | 4.90 | 6.16,18.950,0.000,0,1,0,0,0,0,-1,0,0,0,,0,,0,,0,0,0,1
1723314559,3843,8,8,8,8,30.375,0,0,0.11 | 0.11 | 0.11,0,0.65 | 0.82 | 1.01,0,3.97 | 4.90 | 6.16,18.950,0.000,0,1,0,0,0,0,-1,0,0,0,,0,,0,,0,0,0,1
1723314560,3843,8,8,8,8,30.375,0,0,0.11 | 0.11 | 0.11,0,0.65 | 0.82 | 1.01,0,3.97 | 4.90 | 6.16,18.950,0.000,0,1,0,0,0,0,-1,0,0,0,,0,,0,,0,0,0,1
1723314560,3843,8,8,8,8,30.375,0,0,0.11 | 0.11 | 0.11,0,0.65 | 0.82 | 1.01,0,3.97 | 4.90 | 6.16,18.950,0.000,0,1,0,0,0,0,-1,0,0,0,,0,,0,,0,0,0,1
1723314560,3843,8,8,8,8,30.375,0,0,0.11 | 0.11 | 0.11,0,0.65 | 0.82 | 1.01,0,3.97 | 4.90 | 6.16,18.950,0.000,0,1,0,0,0,0,-1,0,0,0,,0,,0,,0,0,0,1
1723314560,3843,8,8,8,8,30.375,0,0,0.11 | 0.11 | 0.11,0,0.65 | 0.82 | 1.01,0,3.97 | 4.90 | 6.16,18.950,0.000,0,1,0,0,0,0,-1,0,0,0,,0,,0,,0,0,0,1
1723314560,3843,8,8,8,8,30.375,0,0,0.11 | 0.11 | 0.11,0,0.65 | 0.82 | 1.01,0,3.97 | 4.90 | 6.16,18.950,0.000,0,1,0,0,0,0,-1,0,0,0,,0,,0,,0,0,0,1
1723314560,3843,8,8,8,8,30.375,0,0,0.11 | 0.11 | 0.11,0,0.65 | 0.82 | 1.01,0,3.97 | 4.90 | 6.16,18.950,0.000,0,1,0,0,0,0,-1,0,0,0,,0,,0,,0,0,0,1
1723314560,3843,8,8,8,8,30.375,0,0,0.11 | 0.11 | 0.11,0,0.65 | 0.82 | 1.01,0,3.97 | 4.90 | 6.16,18.950,0.000,0,1,0,0,0,0,-1,0,0,0,,0,,0,,0,0,0,1
1723314560,3843,8,8,8,8,30.375,0,0,0.11 | 0.11 | 0.11,0,0.65 | 0.82 | 1.01,0,3.97 | 4.90 | 6.16,18.950,0.000,0,1,0,0,0,0,-1,0,0,0,,0,,0,,0,0,0,1
1723314560,3843,8,8,8,8,30.375,0,0,0.11 | 0.11 | 0.11,0,0.65 | 0.82 | 1.01,0,3.97 | 4.90 | 6.16,18.950,0.000,0,1,0,0,0,0,-1,0,0,0,,0,,0,,0,0,0,1
1723314560,3843,8,8,8,8,29.578,0,0,0.11 | 0.11 | 0.11,0,0.65 | 0.82 | 1.01,0,3.97 | 4.90 | 6.16,18.950,0.000,0,1,0,0,0,0,-1,0,0,0,,0,,0,,0,0,0,1
1723314561,3843,8,8,8,8,29.578,0,0,0.11 | 0.11 | 0.11,0,0.65 | 0.82 | 1.01,0,3.97 | 4.90 | 6.16,18.950,0.000,0,1,0,0,0,0,-1,0,0,0,,0,,0,,0,0,0,1
1723314561,3843,8,8,8,8,29.578,0,0,0.11 | 0.11 | 0.11,0,0.65 | 0.82 | 1.01,0,3.97 | 4.90 | 6.16,18.950,0.000,0,1,0,0,0,0,-1,0,0,0,,0,,0,,0,0,0,1
1723314561,3843,8,8,8,8,29.578,0,0,0.11 | 0.11 | 0.11,0,0.65 | 0.82 | 1.01,0,3.97 | 4.90 | 6.16,18.950,0.000,0,1,0,0,0,0,-1,0,0,0,,0,,0,,0,0,0,1
1723314561,3843,8,8,8,8,29.578,0,0,0.11 | 0.11 | 0.11,0,0.65 | 0.82 | 1.01,0,3.97 | 4.90 | 6.16,18.950,0.000,0,1,0,0,0,0,-1,0,0,0,,0,,0,,0,0,0,1
1723314561,3843,8,8,8,8,29.578,0,0,0.11 | 0.11 | 0.11,0,0.65 | 0.82 | 1.01,0,3.97 | 4.90 | 6.16,18.950,0.000,0,1,0,0,0,0,-1,0,0,0,,0,,0,,0,0,0,1
1723314561,3843,8,8,8,8,29.578,0,0,0.11 | 0.11 | 0.11,0,0.65 | 0.82 | 1.01,0,3.97 | 4.90 | 6.16,18.950,0.000,0,1,0,0,0,0,-1,0,0,0,,0,,0,,0,0,0,1
1723314561,3843,8,8,8,8,29.578,0,0,0.11 | 0.11 | 0.11,0,0.65 | 0.82 | 1.01,0,3.97 | 4.90 | 6.16,18.950,0.000,0,1,0,0,0,0,-1,0,0,0,,0,,0,,0,0,0,1
1723314561,3843,8,8,8,8,29.578,0,0,0.11 | 0.11 | 0.11,0,0.65 | 0.82 | 1.01,0,3.97 | 4.90 | 6.16,18.950,0.000,0,1,0,0,0,0,-1,0,0,0,,0,,0,,0,0,0,1
1723314561,3843,8,8,8,8,29.578,0,0,0.11 | 0.11 | 0.11,0,0.65 | 0.82 | 1.01,0,3.97 | 4.90 | 6.16,18.950,0.000,0,1,0,0,0,0,-1,0,0,0,,0,,0,,0,0,0,1
1723314561,3843,8,8,8,8,31.715,0,0,0.11 | 0.11 | 0.11,0,0.63 | 0.81 | 1.01,0,3.97 | 4.94 | 6.39,18.983,0.000,0,1,0,0,0,0,-1,0,0,0,,0,,0,,0,0,0,1
1723314562,3843,8,8,8,8,31.715,0,0,0.11 | 0.11 | 0.11,0,0.63 | 0.81 | 1.01,0,3.97 | 4.94 | 6.39,18.983,0.000,0,1,0,0,0,0,-1,0,0,0,,0,,0,,0,0,0,1
1723314562,3843,8,8,8,8,31.715,0,0,0.11 | 0.11 | 0.11,0,0.63 | 0.81 | 1.01,0,3.97 | 4.94 | 6.39,18.983,0.000,0,1,0,0,0,0,-1,0,0,0,,0,,0,,0,0,0,1
1723314562,3843,8,8,8,8,31.715,0,0,0.11 | 0.11 | 0.11,0,0.63 | 0.81 | 1.01,0,3.97 | 4.94 | 6.39,18.983,0.000,0,1,0,0,0,0,-1,0,0,0,,0,,0,,0,0,0,1
1723314562,3843,8,8,8,8,31.715,0,0,0.11 | 0.11 | 0.11,0,0.63 | 0.81 | 1.01,0,3.97 | 4.94 | 6.39,18.983,0.000,0,1,0,0,0,0,-1,0,0,0,,0,,0,,0,0,0,1
1723314562,3843,8,8,8,8,31.715,0,0,0.11 | 0.11 | 0.11,0,0.63 | 0.81 | 1.01,0,3.97 | 4.94 | 6.39,18.983,0.000,0,1,0,0,0,0,-1,0,0,0,,0,,0,,0,0,0,1
1723314562,3843,8,8,8,8,31.715,0,0,0.11 | 0.11 | 0.11,0,0.63 | 0.81 | 1.01,0,3.97 | 4.94 | 6.39,18.983,0.000,0,1,0,0,0,0,-1,0,0,0,,0,,0,,0,0,0,1
1723314562,3843,8,8,8,8,31.715,0,0,0.11 | 0.11 | 0.11,0,0.63 | 0.81 | 1.01,0,3.97 | 4.94 | 6.39,18.983,0.000,0,1,0,0,0,0,-1,0,0,0,,0,,0,,0,0,0,1
1723314562,3843,8,8,8,8,31.715,0,0,0.11 | 0.11 | 0.11,0,0.63 | 0.81 | 1.01,0,3.97 | 4.94 | 6.39,18.983,0.000,0,1,0,0,0,0,-1,0,0,0,,0,,0,,0,0,0,1
1723314562,3843,8,8,8,8,31.715,0,0,0.11 | 0.11 | 0.11,0,0.63 | 0.81 | 1.01,0,3.97 | 4.94 | 6.39,18.983,0.000,0,1,0,0,0,0,-1,0,0,0,,0,,0,,0,0,0,1
1723314562,3843,8,8,8,8,30.558,0,0,0.11 | 0.11 | 0.11,0,0.63 | 0.81 | 1.01,0,3.97 | 4.94 | 6.39,18.983,0.000,0,1,0,0,0,0,-1,0,0,0,,0,,0,,0,0,0,1
1723314563,3843,8,8,8,8,30.558,0,0,0.11 | 0.11 | 0.11,0,0.63 | 0.81 | 1.01,0,3.97 | 4.94 | 6.39,18.983,0.000,0,1,0,0,0,0,-1,0,0,0,,0,,0,,0,0,0,1
1723314563,3843,8,8,8,8,30.558,0,0,0.11 | 0.11 | 0.11,0,0.63 | 0.81 | 1.01,0,3.97 | 4.94 | 6.39,18.983,0.000,0,1,0,0,0,0,-1,0,0,0,,0,,0,,0,0,0,1
1723314563,3843,8,8,8,8,30.558,0,0,0.11 | 0.11 | 0.11,0,0.63 | 0.81 | 1.01,0,3.97 | 4.94 | 6.39,18.983,0.000,0,1,0,0,0,0,-1,0,0,0,,0,,0,,0,0,0,1
1723314563,3843,8,8,8,8,30.558,0,0,0.11 | 0.11 | 0.11,0,0.63 | 0.81 | 1.01,0,3.97 | 4.94 | 6.39,18.983,0.000,0,1,0,0,0,0,-1,0,0,0,,0,,0,,0,0,0,1
1723314563,3843,8,8,8,8,30.558,0,0,0.11 | 0.11 | 0.11,0,0.63 | 0.81 | 1.01,0,3.97 | 4.94 | 6.39,18.983,0.000,0,1,0,0,0,0,-1,0,0,0,,0,,0,,0,0,0,1
1723314563,3843,8,8,8,8,30.558,0,0,0.11 | 0.11 | 0.11,0,0.63 | 0.81 | 1.01,0,3.97 | 4.94 | 6.39,18.983,0.000,0,1,0,0,0,0,-1,0,0,0,,0,,0,,0,0,0,1
1723314563,3843,8,8,8,8,30.558,0,0,0.11 | 0.11 | 0.11,0,0.63 | 0.81 | 1.01,0,3.97 | 4.94 | 6.39,18.983,0.000,0,1,0,0,0,0,-1,0,0,0,,0,,0,,0,0,0,1
1723314563,3843,8,8,8,8,30.558,0,0,0.11 | 0.11 | 0.11,0,0.63 | 0.81 | 1.01,0,3.97 | 4.94 | 6.39,18.983,0.000,0,1,0,0,0,0,-1,0,0,0,,0,,0,,0,0,0,1
1723314563,3843,8,8,8,8,30.558,0,0,0.11 | 0.11 | 0.11,0,0.63 | 0.81 | 1.01,0,3.97 | 4.94 | 6.39,18.983,0.000,0,1,0,0,0,0,-1,0,0,0,,0,,0,,0,0,0,1
1723314563,3843,8,8,8,8,29.59,0,0,0.11 | 0.11 | 0.11,0,0.63 | 0.81 | 1.01,0,3.97 | 4.94 | 6.39,18.983,0.000,0,1,0,0,0,0,-1,0,0,0,,0,,0,,0,0,0,1
1723314564,3843,8,8,8,8,29.59,0,0,0.11 | 0.11 | 0.11,0,0.63 | 0.81 | 1.01,0,3.97 | 4.94 | 6.39,18.983,0.000,0,1,0,0,0,0,-1,0,0,0,,0,,0,,0,0,0,1
1723314564,3843,8,8,8,8,29.59,0,0,0.11 | 0.11 | 0.11,0,0.63 | 0.81 | 1.01,0,3.97 | 4.94 | 6.39,18.983,0.000,0,1,0,0,0,0,-1,0,0,0,,0,,0,,0,0,0,1
1723314564,3843,8,8,8,8,29.59,0,0,0.11 | 0.11 | 0.11,0,0.63 | 0.81 | 1.01,0,3.97 | 4.94 | 6.39,18.983,0.000,0,1,0,0,0,0,-1,0,0,0,,0,,0,,0,0,0,1
1723314564,3843,8,8,8,8,29.59,0,0,0.11 | 0.11 | 0.11,0,0.63 | 0.81 | 1.01,0,3.97 | 4.94 | 6.39,18.983,0.000,0,1,0,0,0,0,-1,0,0,0,,0,,0,,0,0,0,1
1723314564,3843,8,8,8,8,29.59,0,0,0.11 | 0.11 | 0.11,0,0.63 | 0.81 | 1.01,0,3.97 | 4.94 | 6.39,18.983,0.000,0,1,0,0,0,0,-1,0,0,0,,0,,0,,0,0,0,1
1723314564,3843,8,8,8,8,29.59,0,0,0.11 | 0.11 | 0.11,0,0.63 | 0.81 | 1.01,0,3.97 | 4.94 | 6.39,18.983,0.000,0,1,0,0,0,0,-1,0,0,0,,0,,0,,0,0,0,1
1723314564,3843,8,8,8,8,29.59,0,0,0.11 | 0.11 | 0.11,0,0.63 | 0.81 | 1.01,0,3.97 | 4.94 | 6.39,18.983,0.000,0,1,0,0,0,0,-1,0,0,0,,0,,0,,0,0,0,1
1723314564,3843,8,8,8,8,29.59,0,0,0.11 | 0.11 | 0.11,0,0.63 | 0.81 | 1.01,0,3.97 | 4.94 | 6.39,18.983,0.000,0,1,0,0,0,0,-1,0,0,0,,0,,0,,0,0,0,1
1723314564,3843,8,8,8,8,29.59,0,0,0.11 | 0.11 | 0.11,0,0.63 | 0.81 | 1.01,0,3.97 | 4.94 | 6.39,18.983,0.000,0,1,0,0,0,0,-1,0,0,0,,0,,0,,0,0,0,1
1723314564,3843,8,8,8,8,28.793,0,0,0.11 | 0.11 | 0.11,0,0.63 | 0.81 | 1.01,0,3.97 | 4.94 | 6.39,18.983,0.000,0,1,0,0,0,0,-1,0,0,0,,0,,0,,0,0,0,1
1723314565,3843,8,8,8,8,28.793,0,0,0.11 | 0.11 | 0.11,0,0.63 | 0.81 | 1.01,0,3.97 | 4.94 | 6.39,18.983,0.000,0,1,0,0,0,0,-1,0,0,0,,0,,0,,0,0,0,1
1723314565,3843,8,8,8,8,28.793,0,0,0.11 | 0.11 | 0.11,0,0.63 | 0.81 | 1.01,0,3.97 | 4.94 | 6.39,18.983,0.000,0,1,0,0,0,0,-1,0,0,0,,0,,0,,0,0,0,1
1723314565,3843,8,8,8,8,28.793,0,0,0.11 | 0.11 | 0.11,0,0.63 | 0.81 | 1.01,0,3.97 | 4.94 | 6.39,18.983,0.000,0,1,0,0,0,0,-1,0,0,0,,0,,0,,0,0,0,1
1723314565,3843,8,8,8,8,28.793,0,0,0.11 | 0.11 | 0.11,0,0.63 | 0.81 | 1.01,0,3.97 | 4.94 | 6.39,18.983,0.000,0,1,0,0,0,0,-1,0,0,0,,0,,0,,0,0,0,1
1723314565,3843,8,8,8,8,28.793,0,0,0.11 | 0.11 | 0.11,0,0.63 | 0.81 | 1.01,0,3.97 | 4.94 | 6.39,18.983,0.000,0,1,0,0,0,0,-1,0,0,0,,0,,0,,0,0,0,1
1723314565,3843,8,8,8,8,28.793,0,0,0.11 | 0.11 | 0.11,0,0.63 | 0.81 | 1.01,0,3.97 | 4.94 | 6.39,18.983,0.000,0,1,0,0,0,0,-1,0,0,0,,0,,0,,0,0,0,1
1723314565,3843,8,8,8,8,28.793,0,0,0.11 | 0.11 | 0.11,0,0.63 | 0.81 | 1.01,0,3.97 | 4.94 | 6.39,18.983,0.000,0,1,0,0,0,0,-1,0,0,0,,0,,0,,0,0,0,1
1723314565,3843,8,8,8,8,28.793,0,0,0.11 | 0.11 | 0.11,0,0.63 | 0.81 | 1.01,0,3.97 | 4.94 | 6.39,18.983,0.000,0,1,0,0,0,0,-1,0,0,0,,0,,0,,0,0,0,1
1723314565,3843,8,8,8,8,28.793,0,0,0.11 | 0.11 | 0.11,0,0.63 | 0.81 | 1.01,0,3.97 | 4.94 | 6.39,18.983,0.000,0,1,0,0,0,0,-1,0,0,0,,0,,0,,0,0,0,1
1723314565,3843,8,8,8,8,32.531,0,0,0.11 | 0.11 | 0.11,0,0.63 | 0.82 | 1.01,0,3.97 | 4.88 | 6.39,18.985,0.000,0,1,0,0,0,0,-1,0,0,0,,0,,0,,0,0,0,1
1723314566,3843,8,8,8,8,32.531,0,0,0.11 | 0.11 | 0.11,0,0.63 | 0.82 | 1.01,0,3.97 | 4.88 | 6.39,18.985,0.000,0,1,0,0,0,0,-1,0,0,0,,0,,0,,0,0,0,1
1723314566,3843,8,8,8,8,32.531,0,0,0.11 | 0.11 | 0.11,0,0.63 | 0.82 | 1.01,0,3.97 | 4.88 | 6.39,18.985,0.000,0,1,0,0,0,0,-1,0,0,0,,0,,0,,0,0,0,1
1723314566,3843,8,8,8,8,32.531,0,0,0.11 | 0.11 | 0.11,0,0.63 | 0.82 | 1.01,0,3.97 | 4.88 | 6.39,18.985,0.000,0,1,0,0,0,0,-1,0,0,0,,0,,0,,0,0,0,1
1723314566,3843,8,8,8,8,32.531,0,0,0.11 | 0.11 | 0.11,0,0.63 | 0.82 | 1.01,0,3.97 | 4.88 | 6.39,18.985,0.000,0,1,0,0,0,0,-1,0,0,0,,0,,0,,0,0,0,1
1723314566,3843,8,8,8,8,32.531,0,0,0.11 | 0.11 | 0.11,0,0.63 | 0.82 | 1.01,0,3.97 | 4.88 | 6.39,18.985,0.000,0,1,0,0,0,0,-1,0,0,0,,0,,0,,0,0,0,1
1723314566,3843,8,8,8,8,32.531,0,0,0.11 | 0.11 | 0.11,0,0.63 | 0.82 | 1.01,0,3.97 | 4.88 | 6.39,18.985,0.000,0,1,0,0,0,0,-1,0,0,0,,0,,0,,0,0,0,1
1723314566,3843,8,8,8,8,32.531,0,0,0.11 | 0.11 | 0.11,0,0.63 | 0.82 | 1.01,0,3.97 | 4.88 | 6.39,18.985,0.000,0,1,0,0,0,0,-1,0,0,0,,0,,0,,0,0,0,1
1723314566,3843,8,8,8,8,32.531,0,0,0.11 | 0.11 | 0.11,0,0.63 | 0.82 | 1.01,0,3.97 | 4.88 | 6.39,18.985,0.000,0,1,0,0,0,0,-1,0,0,0,,0,,0,,0,0,0,1
1723314566,3843,8,8,8,8,32.531,0,0,0.11 | 0.11 | 0.11,0,0.63 | 0.82 | 1.01,0,3.97 | 4.88 | 6.39,18.985,0.000,0,1,0,0,0,0,-1,0,0,0,,0,,0,,0,0,0,1
1723314566,3843,8,8,8,8,31.468,0,0,0.11 | 0.11 | 0.11,0,0.63 | 0.82 | 1.01,0,3.97 | 4.88 | 6.39,18.985,0.000,0,1,0,0,0,0,-1,0,0,0,,0,,0,,0,0,0,1
1723314567,3843,8,8,8,8,31.468,0,0,0.11 | 0.11 | 0.11,0,0.63 | 0.82 | 1.01,0,3.97 | 4.88 | 6.39,18.985,0.000,0,1,0,0,0,0,-1,0,0,0,,0,,0,,0,0,0,1
1723314567,3843,8,8,8,8,31.468,0,0,0.11 | 0.11 | 0.11,0,0.63 | 0.82 | 1.01,0,3.97 | 4.88 | 6.39,18.985,0.000,0,1,0,0,0,0,-1,0,0,0,,0,,0,,0,0,0,1
1723314567,3843,8,8,8,8,31.468,0,0,0.11 | 0.11 | 0.11,0,0.63 | 0.82 | 1.01,0,3.97 | 4.88 | 6.39,18.985,0.000,0,1,0,0,0,0,-1,0,0,0,,0,,0,,0,0,0,1
1723314567,3843,8,8,8,8,31.468,0,0,0.11 | 0.11 | 0.11,0,0.63 | 0.82 | 1.01,0,3.97 | 4.88 | 6.39,18.985,0.000,0,1,0,0,0,0,-1,0,0,0,,0,,0,,0,0,0,1
1723314567,3843,8,8,8,8,31.468,0,0,0.11 | 0.11 | 0.11,0,0.63 | 0.82 | 1.01,0,3.97 | 4.88 | 6.39,18.985,0.000,0,1,0,0,0,0,-1,0,0,0,,0,,0,,0,0,0,1
1723314567,3843,8,8,8,8,31.468,0,0,0.11 | 0.11 | 0.11,0,0.63 | 0.82 | 1.01,0,3.97 | 4.88 | 6.39,18.985,0.000,0,1,0,0,0,0,-1,0,0,0,,0,,0,,0,0,0,1
1723314567,3843,8,8,8,8,31.468,0,0,0.11 | 0.11 | 0.11,0,0.63 | 0.82 | 1.01,0,3.97 | 4.88 | 6.39,18.985,0.000,0,1,0,0,0,0,-1,0,0,0,,0,,0,,0,0,0,1
1723314567,3843,8,8,8,8,31.468,0,0,0.11 | 0.11 | 0.11,0,0.63 | 0.82 | 1.01,0,3.97 | 4.88 | 6.39,18.985,0.000,0,1,0,0,0,0,-1,0,0,0,,0,,0,,0,0,0,1
1723314567,3843,8,8,8,8,31.468,0,0,0.11 | 0.11 | 0.11,0,0.63 | 0.82 | 1.01,0,3.97 | 4.88 | 6.39,18.985,0.000,0,1,0,0,0,0,-1,0,0,0,,0,,0,,0,0,0,1
1723314567,3843,8,8,8,8,30.406,0,0,0.11 | 0.11 | 0.11,0,0.63 | 0.82 | 1.01,0,3.97 | 4.88 | 6.39,18.985,0.000,0,1,0,0,0,0,-1,0,0,0,,0,,0,,0,0,0,1
1723314568,3843,8,8,8,8,30.406,0,0,0.11 | 0.11 | 0.11,0,0.63 | 0.82 | 1.01,0,3.97 | 4.88 | 6.39,18.985,0.000,0,1,0,0,0,0,-1,0,0,0,,0,,0,,0,0,0,1
1723314568,3843,8,8,8,8,30.406,0,0,0.11 | 0.11 | 0.11,0,0.63 | 0.82 | 1.01,0,3.97 | 4.88 | 6.39,18.985,0.000,0,1,0,0,0,0,-1,0,0,0,,0,,0,,0,0,0,1
1723314568,3843,8,8,8,8,30.406,0,0,0.11 | 0.11 | 0.11,0,0.63 | 0.82 | 1.01,0,3.97 | 4.88 | 6.39,18.985,0.000,0,1,0,0,0,0,-1,0,0,0,,0,,0,,0,0,0,1
1723314568,3843,8,8,8,8,30.406,0,0,0.11 | 0.11 | 0.11,0,0.63 | 0.82 | 1.01,0,3.97 | 4.88 | 6.39,18.985,0.000,0,1,0,0,0,0,-1,0,0,0,,0,,0,,0,0,0,1
1723314568,3843,8,8,8,8,30.406,0,0,0.11 | 0.11 | 0.11,0,0.63 | 0.82 | 1.01,0,3.97 | 4.88 | 6.39,18.985,0.000,0,1,0,0,0,0,-1,0,0,0,,0,,0,,0,0,0,1
1723314568,3843,8,8,8,8,30.406,0,0,0.11 | 0.11 | 0.11,0,0.63 | 0.82 | 1.01,0,3.97 | 4.88 | 6.39,18.985,0.000,0,1,0,0,0,0,-1,0,0,0,,0,,0,,0,0,0,1
1723314568,3843,8,8,8,8,30.406,0,0,0.11 | 0.11 | 0.11,0,0.63 | 0.82 | 1.01,0,3.97 | 4.88 | 6.39,18.985,0.000,0,1,0,0,0,0,-1,0,0,0,,0,,0,,0,0,0,1
1723314568,3843,8,8,8,8,30.406,0,0,0.11 | 0.11 | 0.11,0,0.63 | 0.82 | 1.01,0,3.97 | 4.88 | 6.39,18.985,0.000,0,1,0,0,0,0,-1,0,0,0,,0,,0,,0,0,0,1
1723314568,3843,8,8,8,8,30.406,0,0,0.11 | 0.11 | 0.11,0,0.63 | 0.82 | 1.01,0,3.97 | 4.88 | 6.39,18.985,0.000,0,1,0,0,0,0,-1,0,0,0,,0,,0,,0,0,0,1
1723314568,3843,8,8,8,8,29.609,0,0,0.11 | 0.11 | 0.11,0,0.63 | 0.82 | 1.01,0,3.97 | 4.88 | 6.39,18.985,0.000,0,1,0,0,0,0,-1,0,0,0,,0,,0,,0,0,0,1
1723314569,3843,8,8,8,8,29.609,0,0,0.11 | 0.11 | 0.11,0,0.63 | 0.82 | 1.01,0,3.97 | 4.88 | 6.39,18.985,0.000,0,1,0,0,0,0,-1,0,0,0,,0,,0,,0,0,0,1
1723314569,3843,8,8,8,8,29.609,0,0,0.11 | 0.11 | 0.11,0,0.63 | 0.82 | 1.01,0,3.97 | 4.88 | 6.39,18.985,0.000,0,1,0,0,0,0,-1,0,0,0,,0,,0,,0,0,0,1
1723314569,3843,8,8,8,8,29.609,0,0,0.11 | 0.11 | 0.11,0,0.63 | 0.82 | 1.01,0,3.97 | 4.88 | 6.39,18.985,0.000,0,1,0,0,0,0,-1,0,0,0,,0,,0,,0,0,0,1
1723314569,3843,8,8,8,8,29.609,0,0,0.11 | 0.11 | 0.11,0,0.63 | 0.82 | 1.01,0,3.97 | 4.88 | 6.39,18.985,0.000,0,1,0,0,0,0,-1,0,0,0,,0,,0,,0,0,0,1
1723314569,3843,8,8,8,8,29.609,0,0,0.11 | 0.11 | 0.11,0,0.63 | 0.82 | 1.01,0,3.97 | 4.88 | 6.39,18.985,0.000,0,1,0,0,0,0,-1,0,0,0,,0,,0,,0,0,0,1
1723314569,3843,8,8,8,8,29.609,0,0,0.11 | 0.11 | 0.11,0,0.63 | 0.82 | 1.01,0,3.97 | 4.88 | 6.39,18.985,0.000,0,1,0,0,0,0,-1,0,0,0,,0,,0,,0,0,0,1
1723314569,3843,8,8,8,8,29.609,0,0,0.11 | 0.11 | 0.11,0,0.63 | 0.82 | 1.01,0,3.97 | 4.88 | 6.39,18.985,0.000,0,1,0,0,0,0,-1,0,0,0,,0,,0,,0,0,0,1
1723314569,3843,8,8,8,8,29.609,0,0,0.11 | 0.11 | 0.11,0,0.63 | 0.82 | 1.01,0,3.97 | 4.88 | 6.39,18.985,0.000,0,1,0,0,0,0,-1,0,0,0,,0,,0,,0,0,0,1
1723314569,3843,8,8,8,8,29.609,0,0,0.11 | 0.11 | 0.11,0,0.63 | 0.82 | 1.01,0,3.97 | 4.88 | 6.39,18.985,0.000,0,1,0,0,0,0,-1,0,0,0,,0,,0,,0,0,0,1
1723314569,3843,8,8,8,8,31.746,0,0,0.11 | 0.11 | 0.11,0,0.63 | 0.82 | 1.01,0,3.97 | 4.90 | 6.39,18.985,0.000,0,1,0,0,0,0,-1,0,0,0,,0,,0,,0,0,0,1
1723314570,3843,8,8,8,8,31.746,0,0,0.11 | 0.11 | 0.11,0,0.63 | 0.82 | 1.01,0,3.97 | 4.90 | 6.39,18.985,0.000,0,1,0,0,0,0,-1,0,0,0,,0,,0,,0,0,0,1
1723314570,3843,8,8,8,8,31.746,0,0,0.11 | 0.11 | 0.11,0,0.63 | 0.82 | 1.01,0,3.97 | 4.90 | 6.39,18.985,0.000,0,1,0,0,0,0,-1,0,0,0,,0,,0,,0,0,0,1
1723314570,3843,8,8,8,8,31.746,0,0,0.11 | 0.11 | 0.11,0,0.63 | 0.82 | 1.01,0,3.97 | 4.90 | 6.39,18.985,0.000,0,1,0,0,0,0,-1,0,0,0,,0,,0,,0,0,0,1
1723314570,3843,8,8,8,8,31.746,0,0,0.11 | 0.11 | 0.11,0,0.63 | 0.82 | 1.01,0,3.97 | 4.90 | 6.39,18.985,0.000,0,1,0,0,0,0,-1,0,0,0,,0,,0,,0,0,0,1
1723314570,3843,8,8,8,8,31.746,0,0,0.11 | 0.11 | 0.11,0,0.63 | 0.82 | 1.01,0,3.97 | 4.90 | 6.39,18.985,0.000,0,1,0,0,0,0,-1,0,0,0,,0,,0,,0,0,0,1
1723314570,3843,8,8,8,8,31.746,0,0,0.11 | 0.11 | 0.11,0,0.63 | 0.82 | 1.01,0,3.97 | 4.90 | 6.39,18.985,0.000,0,1,0,0,0,0,-1,0,0,0,,0,,0,,0,0,0,1
1723314570,3843,8,8,8,8,31.746,0,0,0.11 | 0.11 | 0.11,0,0.63 | 0.82 | 1.01,0,3.97 | 4.90 | 6.39,18.985,0.000,0,1,0,0,0,0,-1,0,0,0,,0,,0,,0,0,0,1
1723314570,3843,8,8,8,8,31.746,0,0,0.11 | 0.11 | 0.11,0,0.63 | 0.82 | 1.01,0,3.97 | 4.90 | 6.39,18.985,0.000,0,1,0,0,0,0,-1,0,0,0,,0,,0,,0,0,0,1
1723314570,3843,8,8,8,8,31.746,0,0,0.11 | 0.11 | 0.11,0,0.63 | 0.82 | 1.01,0,3.97 | 4.90 | 6.39,18.985,0.000,0,1,0,0,0,0,-1,0,0,0,,0,,0,,0,0,0,1
1723314570,3843,8,8,8,8,30.684,0,0,0.11 | 0.11 | 0.11,0,0.63 | 0.82 | 1.01,0,3.97 | 4.90 | 6.39,18.985,0.000,0,1,0,0,0,0,-1,0,0,0,,0,,0,,0,0,0,1
1723314571,3843,8,8,8,8,30.684,0,0,0.11 | 0.11 | 0.11,0,0.63 | 0.82 | 1.01,0,3.97 | 4.90 | 6.39,18.985,0.000,0,1,0,0,0,0,-1,0,0,0,,0,,0,,0,0,0,1
1723314571,3843,8,8,8,8,30.684,0,0,0.11 | 0.11 | 0.11,0,0.63 | 0.82 | 1.01,0,3.97 | 4.90 | 6.39,18.985,0.000,0,1,0,0,0,0,-1,0,0,0,,0,,0,,0,0,0,1
1723314571,3843,8,8,8,8,30.684,0,0,0.11 | 0.11 | 0.11,0,0.63 | 0.82 | 1.01,0,3.97 | 4.90 | 6.39,18.985,0.000,0,1,0,0,0,0,-1,0,0,0,,0,,0,,0,0,0,1
1723314571,3843,8,8,8,8,30.684,0,0,0.11 | 0.11 | 0.11,0,0.63 | 0.82 | 1.01,0,3.97 | 4.90 | 6.39,18.985,0.000,0,1,0,0,0,0,-1,0,0,0,,0,,0,,0,0,0,1
1723314571,3843,8,8,8,8,30.684,0,0,0.11 | 0.11 | 0.11,0,0.63 | 0.82 | 1.01,0,3.97 | 4.90 | 6.39,18.985,0.000,0,1,0,0,0,0,-1,0,0,0,,0,,0,,0,0,0,1
1723314571,3843,8,8,8,8,30.684,0,0,0.11 | 0.11 | 0.11,0,0.63 | 0.82 | 1.01,0,3.97 | 4.90 | 6.39,18.985,0.000,0,1,0,0,0,0,-1,0,0,0,,0,,0,,0,0,0,1
1723314571,3843,8,8,8,8,30.684,0,0,0.11 | 0.11 | 0.11,0,0.63 | 0.82 | 1.01,0,3.97 | 4.90 | 6.39,18.985,0.000,0,1,0,0,0,0,-1,0,0,0,,0,,0,,0,0,0,1
1723314571,3843,8,8,8,8,30.684,0,0,0.11 | 0.11 | 0.11,0,0.63 | 0.82 | 1.01,0,3.97 | 4.90 | 6.39,18.985,0.000,0,1,0,0,0,0,-1,0,0,0,,0,,0,,0,0,0,1
1723314571,3843,8,8,8,8,30.684,0,0,0.11 | 0.11 | 0.11,0,0.63 | 0.82 | 1.01,0,3.97 | 4.90 | 6.39,18.985,0.000,0,1,0,0,0,0,-1,0,0,0,,0,,0,,0,0,0,1
1723314571,3843,8,8,8,8,29.621,0,0,0.11 | 0.11 | 0.11,0,0.63 | 0.82 | 1.01,0,3.97 | 4.90 | 6.39,18.985,0.000,0,1,0,0,0,0,-1,0,0,0,,0,,0,,0,0,0,1
1723314572,3843,8,8,8,8,29.621,0,0,0.11 | 0.11 | 0.11,0,0.63 | 0.82 | 1.01,0,3.97 | 4.90 | 6.39,18.985,0.000,0,1,0,0,0,0,-1,0,0,0,,0,,0,,0,0,0,1
1723314572,3843,8,8,8,8,29.621,0,0,0.11 | 0.11 | 0.11,0,0.63 | 0.82 | 1.01,0,3.97 | 4.90 | 6.39,18.985,0.000,0,1,0,0,0,0,-1,0,0,0,,0,,0,,0,0,0,1
1723314572,3843,8,8,8,8,29.621,0,0,0.11 | 0.11 | 0.11,0,0.63 | 0.82 | 1.01,0,3.97 | 4.90 | 6.39,18.985,0.000,0,1,0,0,0,0,-1,0,0,0,,0,,0,,0,0,0,1
1723314572,3843,8,8,8,8,29.621,0,0,0.11 | 0.11 | 0.11,0,0.63 | 0.82 | 1.01,0,3.97 | 4.90 | 6.39,18.985,0.000,0,1,0,0,0,0,-1,0,0,0,,0,,0,,0,0,0,1
1723314572,3843,8,8,8,8,29.621,0,0,0.11 | 0.11 | 0.11,0,0.63 | 0.82 | 1.01,0,3.97 | 4.90 | 6.39,18.985,0.000,0,1,0,0,0,0,-1,0,0,0,,0,,0,,0,0,0,1
1723314572,3843,8,8,8,8,29.621,0,0,0.11 | 0.11 | 0.11,0,0.63 | 0.82 | 1.01,0,3.97 | 4.90 | 6.39,18.985,0.000,0,1,0,0,0,0,-1,0,0,0,,0,,0,,0,0,0,1
1723314572,3843,8,8,8,8,29.621,0,0,0.11 | 0.11 | 0.11,0,0.63 | 0.82 | 1.01,0,3.97 | 4.90 | 6.39,18.985,0.000,0,1,0,0,0,0,-1,0,0,0,,0,,0,,0,0,0,1
1723314572,3843,8,8,8,8,29.621,0,0,0.11 | 0.11 | 0.11,0,0.63 | 0.82 | 1.01,0,3.97 | 4.90 | 6.39,18.985,0.000,0,1,0,0,0,0,-1,0,0,0,,0,,0,,0,0,0,1
1723314572,3843,8,8,8,8,29.621,0,0,0.11 | 0.11 | 0.11,0,0.63 | 0.82 | 1.01,0,3.97 | 4.90 | 6.39,18.985,0.000,0,1,0,0,0,0,-1,0,0,0,,0,,0,,0,0,0,1
1723314572,3843,8,8,8,8,28.556,0,0,0.11 | 0.11 | 0.11,0,0.63 | 0.82 | 1.01,0,3.97 | 4.90 | 6.39,18.985,0.000,0,1,0,0,0,0,-1,0,0,0,,0,,0,,0,0,0,1
1723314573,3843,8,8,8,8,28.556,0,0,0.11 | 0.11 | 0.11,0,0.63 | 0.82 | 1.01,0,3.97 | 4.90 | 6.39,18.985,0.000,0,1,0,0,0,0,-1,0,0,0,,0,,0,,0,0,0,1
1723314573,3843,8,8,8,8,28.556,0,0,0.11 | 0.11 | 0.11,0,0.63 | 0.82 | 1.01,0,3.97 | 4.90 | 6.39,18.985,0.000,0,1,0,0,0,0,-1,0,0,0,,0,,0,,0,0,0,1
1723314573,3843,8,8,8,8,28.556,0,0,0.11 | 0.11 | 0.11,0,0.63 | 0.82 | 1.01,0,3.97 | 4.90 | 6.39,18.985,0.000,0,1,0,0,0,0,-1,0,0,0,,0,,0,,0,0,0,1
1723314573,3843,8,8,8,8,28.556,0,0,0.11 | 0.11 | 0.11,0,0.63 | 0.82 | 1.01,0,3.97 | 4.90 | 6.39,18.985,0.000,0,1,0,0,0,0,-1,0,0,0,,0,,0,,0,0,0,1
1723314573,3843,8,8,8,8,28.556,0,0,0.11 | 0.11 | 0.11,0,0.63 | 0.82 | 1.01,0,3.97 | 4.90 | 6.39,18.985,0.000,0,1,0,0,0,0,-1,0,0,0,,0,,0,,0,0,0,1
1723314573,3843,8,8,8,8,28.556,0,0,0.11 | 0.11 | 0.11,0,0.63 | 0.82 | 1.01,0,3.97 | 4.90 | 6.39,18.985,0.000,0,1,0,0,0,0,-1,0,0,0,,0,,0,,0,0,0,1
1723314573,3843,8,8,8,8,28.556,0,0,0.11 | 0.11 | 0.11,0,0.63 | 0.82 | 1.01,0,3.97 | 4.90 | 6.39,18.985,0.000,0,1,0,0,0,0,-1,0,0,0,,0,,0,,0,0,0,1
1723314573,3843,8,8,8,8,28.556,0,0,0.11 | 0.11 | 0.11,0,0.63 | 0.82 | 1.01,0,3.97 | 4.90 | 6.39,18.985,0.000,0,1,0,0,0,0,-1,0,0,0,,0,,0,,0,0,0,1
1723314573,3843,8,8,8,8,28.556,0,0,0.11 | 0.11 | 0.11,0,0.63 | 0.82 | 1.01,0,3.97 | 4.90 | 6.39,18.985,0.000,0,1,0,0,0,0,-1,0,0,0,,0,,0,,0,0,0,1
1723314573,3843,8,8,8,8,32.562,0,0,0.11 | 0.11 | 0.11,0,0.63 | 0.85 | 1.16,0,3.46 | 4.68 | 6.39,18.994,0.000,0,1,0,0,0,0,-1,0,0,0,,0,,0,,0,0,0,1
1723314574,3843,8,8,8,8,32.562,0,0,0.11 | 0.11 | 0.11,0,0.63 | 0.85 | 1.16,0,3.46 | 4.68 | 6.39,18.994,0.000,0,1,0,0,0,0,-1,0,0,0,,0,,0,,0,0,0,1
1723314574,3843,8,8,8,8,32.562,0,0,0.11 | 0.11 | 0.11,0,0.63 | 0.85 | 1.16,0,3.46 | 4.68 | 6.39,18.994,0.000,0,1,0,0,0,0,-1,0,0,0,,0,,0,,0,0,0,1
1723314574,3843,8,8,8,8,32.562,0,0,0.11 | 0.11 | 0.11,0,0.63 | 0.85 | 1.16,0,3.46 | 4.68 | 6.39,18.994,0.000,0,1,0,0,0,0,-1,0,0,0,,0,,0,,0,0,0,1
1723314574,3843,8,8,8,8,32.562,0,0,0.11 | 0.11 | 0.11,0,0.63 | 0.85 | 1.16,0,3.46 | 4.68 | 6.39,18.994,0.000,0,1,0,0,0,0,-1,0,0,0,,0,,0,,0,0,0,1
1723314574,3843,8,8,8,8,32.562,0,0,0.11 | 0.11 | 0.11,0,0.63 | 0.85 | 1.16,0,3.46 | 4.68 | 6.39,18.994,0.000,0,1,0,0,0,0,-1,0,0,0,,0,,0,,0,0,0,1
1723314574,3843,8,8,8,8,32.562,0,0,0.11 | 0.11 | 0.11,0,0.63 | 0.85 | 1.16,0,3.46 | 4.68 | 6.39,18.994,0.000,0,1,0,0,0,0,-1,0,0,0,,0,,0,,0,0,0,1
1723314574,3843,8,8,8,8,32.562,0,0,0.11 | 0.11 | 0.11,0,0.63 | 0.85 | 1.16,0,3.46 | 4.68 | 6.39,18.994,0.000,0,1,0,0,0,0,-1,0,0,0,,0,,0,,0,0,0,1
1723314574,3843,8,8,8,8,32.562,0,0,0.11 | 0.11 | 0.11,0,0.63 | 0.85 | 1.16,0,3.46 | 4.68 | 6.39,18.994,0.000,0,1,0,0,0,0,-1,0,0,0,,0,,0,,0,0,0,1
1723314574,3843,8,8,8,8,32.562,0,0,0.11 | 0.11 | 0.11,0,0.63 | 0.85 | 1.16,0,3.46 | 4.68 | 6.39,18.994,0.000,0,1,0,0,0,0,-1,0,0,0,,0,,0,,0,0,0,1
1723314574,3843,8,8,8,8,31.5,0,0,0.11 | 0.11 | 0.11,0,0.63 | 0.85 | 1.16,0,3.46 | 4.68 | 6.39,18.994,0.000,0,1,0,0,0,0,-1,0,0,0,,0,,0,,0,0,0,1
1723314575,3843,8,8,8,8,31.5,0,0,0.11 | 0.11 | 0.11,0,0.63 | 0.85 | 1.16,0,3.46 | 4.68 | 6.39,18.994,0.000,0,1,0,0,0,0,-1,0,0,0,,0,,0,,0,0,0,1
1723314575,3843,8,8,8,8,31.5,0,0,0.11 | 0.11 | 0.11,0,0.63 | 0.85 | 1.16,0,3.46 | 4.68 | 6.39,18.994,0.000,0,1,0,0,0,0,-1,0,0,0,,0,,0,,0,0,0,1
1723314575,3843,8,8,8,8,31.5,0,0,0.11 | 0.11 | 0.11,0,0.63 | 0.85 | 1.16,0,3.46 | 4.68 | 6.39,18.994,0.000,0,1,0,0,0,0,-1,0,0,0,,0,,0,,0,0,0,1
1723314575,3843,8,8,8,8,31.5,0,0,0.11 | 0.11 | 0.11,0,0.63 | 0.85 | 1.16,0,3.46 | 4.68 | 6.39,18.994,0.000,0,1,0,0,0,0,-1,0,0,0,,0,,0,,0,0,0,1
1723314575,3843,8,8,8,8,31.5,0,0,0.11 | 0.11 | 0.11,0,0.63 | 0.85 | 1.16,0,3.46 | 4.68 | 6.39,18.994,0.000,0,1,0,0,0,0,-1,0,0,0,,0,,0,,0,0,0,1
1723314575,3843,8,8,8,8,31.5,0,0,0.11 | 0.11 | 0.11,0,0.63 | 0.85 | 1.16,0,3.46 | 4.68 | 6.39,18.994,0.000,0,1,0,0,0,0,-1,0,0,0,,0,,0,,0,0,0,1
1723314575,3843,8,8,8,8,31.5,0,0,0.11 | 0.11 | 0.11,0,0.63 | 0.85 | 1.16,0,3.46 | 4.68 | 6.39,18.994,0.000,0,1,0,0,0,0,-1,0,0,0,,0,,0,,0,0,0,1
1723314575,3843,8,8,8,8,31.5,0,0,0.11 | 0.11 | 0.11,0,0.63 | 0.85 | 1.16,0,3.46 | 4.68 | 6.39,18.994,0.000,0,1,0,0,0,0,-1,0,0,0,,0,,0,,0,0,0,1
1723314575,3843,8,8,8,8,31.5,0,0,0.11 | 0.11 | 0.11,0,0.63 | 0.85 | 1.16,0,3.46 | 4.68 | 6.39,18.994,0.000,0,1,0,0,0,0,-1,0,0,0,,0,,0,,0,0,0,1
1723314575,3843,8,8,8,8,30.437,0,0,0.11 | 0.11 | 0.11,0,0.63 | 0.85 | 1.16,0,3.46 | 4.68 | 6.39,18.994,0.000,0,1,0,0,0,0,-1,0,0,0,,0,,0,,0,0,0,1
1723314576,3843,8,8,8,8,30.437,0,0,0.11 | 0.11 | 0.11,0,0.63 | 0.85 | 1.16,0,3.46 | 4.68 | 6.39,18.994,0.000,0,1,0,0,0,0,-1,0,0,0,,0,,0,,0,0,0,1
1723314576,3843,8,8,8,8,30.437,0,0,0.11 | 0.11 | 0.11,0,0.63 | 0.85 | 1.16,0,3.46 | 4.68 | 6.39,18.994,0.000,0,1,0,0,0,0,-1,0,0,0,,0,,0,,0,0,0,1
1723314576,3843,8,8,8,8,30.437,0,0,0.11 | 0.11 | 0.11,0,0.63 | 0.85 | 1.16,0,3.46 | 4.68 | 6.39,18.994,0.000,0,1,0,0,0,0,-1,0,0,0,,0,,0,,0,0,0,1
1723314576,3843,8,8,8,8,30.437,0,0,0.11 | 0.11 | 0.11,0,0.63 | 0.85 | 1.16,0,3.46 | 4.68 | 6.39,18.994,0.000,0,1,0,0,0,0,-1,0,0,0,,0,,0,,0,0,0,1
1723314576,3843,8,8,8,8,30.437,0,0,0.11 | 0.11 | 0.11,0,0.63 | 0.85 | 1.16,0,3.46 | 4.68 | 6.39,18.994,0.000,0,1,0,0,0,0,-1,0,0,0,,0,,0,,0,0,0,1
1723314576,3843,8,8,8,8,30.437,0,0,0.11 | 0.11 | 0.11,0,0.63 | 0.85 | 1.16,0,3.46 | 4.68 | 6.39,18.994,0.000,0,1,0,0,0,0,-1,0,0,0,,0,,0,,0,0,0,1
1723314576,3843,8,8,8,8,30.437,0,0,0.11 | 0.11 | 0.11,0,0.63 | 0.85 | 1.16,0,3.46 | 4.68 | 6.39,18.994,0.000,0,1,0,0,0,0,-1,0,0,0,,0,,0,,0,0,0,1
1723314576,3843,8,8,8,8,30.437,0,0,0.11 | 0.11 | 0.11,0,0.63 | 0.85 | 1.16,0,3.46 | 4.68 | 6.39,18.994,0.000,0,1,0,0,0,0,-1,0,0,0,,0,,0,,0,0,0,1
1723314576,3843,8,8,8,8,30.437,0,0,0.11 | 0.11 | 0.11,0,0.63 | 0.85 | 1.16,0,3.46 | 4.68 | 6.39,18.994,0.000,0,1,0,0,0,0,-1,0,0,0,,0,,0,,0,0,0,1
1723314576,3843,8,8,8,8,29.375,0,0,0.11 | 0.11 | 0.11,0,0.63 | 0.85 | 1.16,0,3.46 | 4.68 | 6.39,18.994,0.000,0,1,0,0,0,0,-1,0,0,0,,0,,0,,0,0,0,1
1723314577,3843,8,8,8,8,29.375,0,0,0.11 | 0.11 | 0.11,0,0.63 | 0.85 | 1.16,0,3.46 | 4.68 | 6.39,18.994,0.000,0,1,0,0,0,0,-1,0,0,0,,0,,0,,0,0,0,1
1723314577,3843,8,8,8,8,29.375,0,0,0.11 | 0.11 | 0.11,0,0.63 | 0.85 | 1.16,0,3.46 | 4.68 | 6.39,18.994,0.000,0,1,0,0,0,0,-1,0,0,0,,0,,0,,0,0,0,1
1723314577,3843,8,8,8,8,29.375,0,0,0.11 | 0.11 | 0.11,0,0.63 | 0.85 | 1.16,0,3.46 | 4.68 | 6.39,18.994,0.000,0,1,0,0,0,0,-1,0,0,0,,0,,0,,0,0,0,1
1723314577,3843,8,8,8,8,29.375,0,0,0.11 | 0.11 | 0.11,0,0.63 | 0.85 | 1.16,0,3.46 | 4.68 | 6.39,18.994,0.000,0,1,0,0,0,0,-1,0,0,0,,0,,0,,0,0,0,1
1723314577,3843,8,8,8,8,29.375,0,0,0.11 | 0.11 | 0.11,0,0.63 | 0.85 | 1.16,0,3.46 | 4.68 | 6.39,18.994,0.000,0,1,0,0,0,0,-1,0,0,0,,0,,0,,0,0,0,1
1723314577,3843,8,8,8,8,29.375,0,0,0.11 | 0.11 | 0.11,0,0.63 | 0.85 | 1.16,0,3.46 | 4.68 | 6.39,18.994,0.000,0,1,0,0,0,0,-1,0,0,0,,0,,0,,0,0,0,1
1723314577,3843,8,8,8,8,29.375,0,0,0.11 | 0.11 | 0.11,0,0.63 | 0.85 | 1.16,0,3.46 | 4.68 | 6.39,18.994,0.000,0,1,0,0,0,0,-1,0,0,0,,0,,0,,0,0,0,1
1723314577,3843,8,8,8,8,29.375,0,0,0.11 | 0.11 | 0.11,0,0.63 | 0.85 | 1.16,0,3.46 | 4.68 | 6.39,18.994,0.000,0,1,0,0,0,0,-1,0,0,0,,0,,0,,0,0,0,1
1723314577,3843,8,8,8,8,29.375,0,0,0.11 | 0.11 | 0.11,0,0.63 | 0.85 | 1.16,0,3.46 | 4.68 | 6.39,18.994,0.000,0,1,0,0,0,0,-1,0,0,0,,0,,0,,0,0,0,1
1723314577,3843,8,8,8,8,31.778,0,0,0.11 | 0.11 | 0.11,0,0.60 | 0.85 | 1.16,0,3.46 | 4.73 | 6.71,18.981,0.000,0,1,0,0,0,0,-1,0,0,0,,0,,0,,0,0,0,1
1723314578,3843,8,8,8,8,31.778,0,0,0.11 | 0.11 | 0.11,0,0.60 | 0.85 | 1.16,0,3.46 | 4.73 | 6.71,18.981,0.000,0,1,0,0,0,0,-1,0,0,0,,0,,0,,0,0,0,1
1723314578,3843,8,8,8,8,31.778,0,0,0.11 | 0.11 | 0.11,0,0.60 | 0.85 | 1.16,0,3.46 | 4.73 | 6.71,18.981,0.000,0,1,0,0,0,0,-1,0,0,0,,0,,0,,0,0,0,1
1723314578,3843,8,8,8,8,31.778,0,0,0.11 | 0.11 | 0.11,0,0.60 | 0.85 | 1.16,0,3.46 | 4.73 | 6.71,18.981,0.000,0,1,0,0,0,0,-1,0,0,0,,0,,0,,0,0,0,1
1723314578,3843,8,8,8,8,31.778,0,0,0.11 | 0.11 | 0.11,0,0.60 | 0.85 | 1.16,0,3.46 | 4.73 | 6.71,18.981,0.000,0,1,0,0,0,0,-1,0,0,0,,0,,0,,0,0,0,1
1723314578,3843,8,8,8,8,31.778,0,0,0.11 | 0.11 | 0.11,0,0.60 | 0.85 | 1.16,0,3.46 | 4.73 | 6.71,18.981,0.000,0,1,0,0,0,0,-1,0,0,0,,0,,0,,0,0,0,1
1723314578,3843,8,8,8,8,31.778,0,0,0.11 | 0.11 | 0.11,0,0.60 | 0.85 | 1.16,0,3.46 | 4.73 | 6.71,18.981,0.000,0,1,0,0,0,0,-1,0,0,0,,0,,0,,0,0,0,1
1723314578,3843,8,8,8,8,31.778,0,0,0.11 | 0.11 | 0.11,0,0.60 | 0.85 | 1.16,0,3.46 | 4.73 | 6.71,18.981,0.000,0,1,0,0,0,0,-1,0,0,0,,0,,0,,0,0,0,1
1723314578,3843,8,8,8,8,31.778,0,0,0.11 | 0.11 | 0.11,0,0.60 | 0.85 | 1.16,0,3.46 | 4.73 | 6.71,18.981,0.000,0,1,0,0,0,0,-1,0,0,0,,0,,0,,0,0,0,1
1723314578,3843,8,8,8,8,31.778,0,0,0.11 | 0.11 | 0.11,0,0.60 | 0.85 | 1.16,0,3.46 | 4.73 | 6.71,18.981,0.000,0,1,0,0,0,0,-1,0,0,0,,0,,0,,0,0,0,1
1723314578,3843,8,8,8,8,30.715,0,0,0.11 | 0.11 | 0.11,0,0.60 | 0.85 | 1.16,0,3.46 | 4.73 | 6.71,18.981,0.000,0,1,0,0,0,0,-1,0,0,0,,0,,0,,0,0,0,1
1723314579,3843,8,8,8,8,30.715,0,0,0.11 | 0.11 | 0.11,0,0.60 | 0.85 | 1.16,0,3.46 | 4.73 | 6.71,18.981,0.000,0,1,0,0,0,0,-1,0,0,0,,0,,0,,0,0,0,1
1723314579,3843,8,8,8,8,30.715,0,0,0.11 | 0.11 | 0.11,0,0.60 | 0.85 | 1.16,0,3.46 | 4.73 | 6.71,18.981,0.000,0,1,0,0,0,0,-1,0,0,0,,0,,0,,0,0,0,1
1723314579,3843,8,8,8,8,30.715,0,0,0.11 | 0.11 | 0.11,0,0.60 | 0.85 | 1.16,0,3.46 | 4.73 | 6.71,18.981,0.000,0,1,0,0,0,0,-1,0,0,0,,0,,0,,0,0,0,1
1723314579,3843,8,8,8,8,30.715,0,0,0.11 | 0.11 | 0.11,0,0.60 | 0.85 | 1.16,0,3.46 | 4.73 | 6.71,18.981,0.000,0,1,0,0,0,0,-1,0,0,0,,0,,0,,0,0,0,1
1723314579,3843,8,8,8,8,30.715,0,0,0.11 | 0.11 | 0.11,0,0.60 | 0.85 | 1.16,0,3.46 | 4.73 | 6.71,18.981,0.000,0,1,0,0,0,0,-1,0,0,0,,0,,0,,0,0,0,1
1723314579,3843,8,8,8,8,30.715,0,0,0.11 | 0.11 | 0.11,0,0.60 | 0.85 | 1.16,0,3.46 | 4.73 | 6.71,18.981,0.000,0,1,0,0,0,0,-1,0,0,0,,0,,0,,0,0,0,1
1723314579,3843,8,8,8,8,30.715,0,0,0.11 | 0.11 | 0.11,0,0.60 | 0.85 | 1.16,0,3.46 | 4.73 | 6.71,18.981,0.000,0,1,0,0,0,0,-1,0,0,0,,0,,0,,0,0,0,1
1723314579,3843,8,8,8,8,30.715,0,0,0.11 | 0.11 | 0.11,0,0.60 | 0.85 | 1.16,0,3.46 | 4.73 | 6.71,18.981,0.000,0,1,0,0,0,0,-1,0,0,0,,0,,0,,0,0,0,1
1723314579,3843,8,8,8,8,30.715,0,0,0.11 | 0.11 | 0.11,0,0.60 | 0.85 | 1.16,0,3.46 | 4.73 | 6.71,18.981,0.000,0,1,0,0,0,0,-1,0,0,0,,0,,0,,0,0,0,1
1723314579,3843,8,8,8,8,34.359,0,0,0.11 | 0.11 | 0.11,0,0.05 | 0.62 | 1.16,0,3.46 | 6.49 | 86.96,18.981,0.000,0,1,0,0,0,0,-1,0,0,0,,0,,0,,0,0,0,1
1723314580,3843,8,8,8,8,34.359,0,0,0.11 | 0.11 | 0.11,0,0.05 | 0.62 | 1.16,0,3.46 | 6.49 | 86.96,18.981,0.000,0,1,0,0,0,0,-1,0,0,0,,0,,0,,0,0,0,1
1723314580,3843,8,8,8,8,34.359,0,0,0.11 | 0.11 | 0.11,0,0.05 | 0.62 | 1.16,0,3.46 | 6.49 | 86.96,18.981,0.000,0,1,0,0,0,0,-1,0,0,0,,0,,0,,0,0,0,1
1723314580,3843,8,8,8,8,34.359,0,0,0.11 | 0.11 | 0.11,0,0.05 | 0.62 | 1.16,0,3.46 | 6.49 | 86.96,18.981,0.000,0,1,0,0,0,0,-1,0,0,0,,0,,0,,0,0,0,1
1723314580,3843,8,8,8,8,34.359,0,0,0.11 | 0.11 | 0.11,0,0.05 | 0.62 | 1.16,0,3.46 | 6.49 | 86.96,18.981,0.000,0,1,0,0,0,0,-1,0,0,0,,0,,0,,0,0,0,1
1723314580,3843,8,8,8,8,34.359,0,0,0.11 | 0.11 | 0.11,0,0.05 | 0.62 | 1.16,0,3.46 | 6.49 | 86.96,18.981,0.000,0,1,0,0,0,0,-1,0,0,0,,0,,0,,0,0,0,1
1723314580,3843,8,8,8,8,34.359,0,0,0.11 | 0.11 | 0.11,0,0.05 | 0.62 | 1.16,0,3.46 | 6.49 | 86.96,18.981,0.000,0,1,0,0,0,0,-1,0,0,0,,0,,0,,0,0,0,1
1723314580,3843,8,8,8,8,34.359,0,0,0.11 | 0.11 | 0.11,0,0.05 | 0.62 | 1.16,0,3.46 | 6.49 | 86.96,18.981,0.000,0,1,0,0,0,0,-1,0,0,0,,0,,0,,0,0,0,1
1723314580,3843,8,8,8,8,34.359,0,0,0.11 | 0.11 | 0.11,0,0.05 | 0.62 | 1.16,0,3.46 | 6.49 | 86.96,18.981,0.000,0,1,0,0,0,0,-1,0,0,0,,0,,0,,0,0,0,1
1723314580,3843,8,8,8,8,34.359,0,0,0.11 | 0.11 | 0.11,0,0.05 | 0.62 | 1.16,0,3.46 | 6.49 | 86.96,18.981,0.000,0,1,0,0,0,0,-1,0,0,0,,0,,0,,0,0,0,1
1723314580,3843,8,8,8,8,33.39,0,0,0.11 | 0.11 | 0.11,0,0.05 | 0.62 | 1.16,0,3.46 | 6.49 | 86.96,18.981,0.000,0,1,0,0,0,0,-1,0,0,0,,0,,0,,0,0,0,1
1723314581,3843,8,8,8,8,33.39,0,0,0.11 | 0.11 | 0.11,0,0.05 | 0.62 | 1.16,0,3.46 | 6.49 | 86.96,18.981,0.000,0,1,0,0,0,0,-1,0,0,0,,0,,0,,0,0,0,1
1723314581,3843,8,8,8,8,33.39,0,0,0.11 | 0.11 | 0.11,0,0.05 | 0.62 | 1.16,0,3.46 | 6.49 | 86.96,18.981,0.000,0,1,0,0,0,0,-1,0,0,0,,0,,0,,0,0,0,1
1723314581,3843,8,8,8,8,33.39,0,0,0.11 | 0.11 | 0.11,0,0.05 | 0.62 | 1.16,0,3.46 | 6.49 | 86.96,18.981,0.000,0,1,0,0,0,0,-1,0,0,0,,0,,0,,0,0,0,1
1723314581,3843,8,8,8,8,33.39,0,0,0.11 | 0.11 | 0.11,0,0.05 | 0.62 | 1.16,0,3.46 | 6.49 | 86.96,18.981,0.000,0,1,0,0,0,0,-1,0,0,0,,0,,0,,0,0,0,1
1723314581,3843,8,8,8,8,33.39,0,0,0.11 | 0.11 | 0.11,0,0.05 | 0.62 | 1.16,0,3.46 | 6.49 | 86.96,18.981,0.000,0,1,0,0,0,0,-1,0,0,0,,0,,0,,0,0,0,1
1723314581,3843,8,8,8,8,33.39,0,0,0.11 | 0.11 | 0.11,0,0.05 | 0.62 | 1.16,0,3.46 | 6.49 | 86.96,18.981,0.000,0,1,0,0,0,0,-1,0,0,0,,0,,0,,0,0,0,1
1723314581,3843,8,8,8,8,33.39,0,0,0.11 | 0.11 | 0.11,0,0.05 | 0.62 | 1.16,0,3.46 | 6.49 | 86.96,18.981,0.000,0,1,0,0,0,0,-1,0,0,0,,0,,0,,0,0,0,1
1723314581,3843,8,8,8,8,33.39,0,0,0.11 | 0.11 | 0.11,0,0.05 | 0.62 | 1.16,0,3.46 | 6.49 | 86.96,18.981,0.000,0,1,0,0,0,0,-1,0,0,0,,0,,0,,0,0,0,1
1723314581,3843,8,8,8,8,33.39,0,0,0.11 | 0.11 | 0.11,0,0.05 | 0.62 | 1.16,0,3.46 | 6.49 | 86.96,18.981,0.000,0,1,0,0,0,0,-1,0,0,0,,0,,0,,0,0,0,1
1723314581,3843,8,8,8,8,32.593,0,0,0.11 | 0.11 | 0.11,0,0.05 | 0.62 | 1.16,0,3.46 | 6.49 | 86.96,18.981,0.000,0,1,0,0,0,0,-1,0,0,0,,0,,0,,0,0,0,1
1723314582,3843,8,8,8,8,32.593,0,0,0.11 | 0.11 | 0.11,0,0.05 | 0.62 | 1.16,0,3.46 | 6.49 | 86.96,18.981,0.000,0,1,0,0,0,0,-1,0,0,0,,0,,0,,0,0,0,1
1723314582,3843,8,8,8,8,32.593,0,0,0.11 | 0.11 | 0.11,0,0.05 | 0.62 | 1.16,0,3.46 | 6.49 | 86.96,18.981,0.000,0,1,0,0,0,0,-1,0,0,0,,0,,0,,0,0,0,1
1723314582,3843,8,8,8,8,32.593,0,0,0.11 | 0.11 | 0.11,0,0.05 | 0.62 | 1.16,0,3.46 | 6.49 | 86.96,18.981,0.000,0,1,0,0,0,0,-1,0,0,0,,0,,0,,0,0,0,1
1723314582,3843,8,8,8,8,32.593,0,0,0.11 | 0.11 | 0.11,0,0.05 | 0.62 | 1.16,0,3.46 | 6.49 | 86.96,18.981,0.000,0,1,0,0,0,0,-1,0,0,0,,0,,0,,0,0,0,1
1723314582,3843,8,8,8,8,32.593,0,0,0.11 | 0.11 | 0.11,0,0.05 | 0.62 | 1.16,0,3.46 | 6.49 | 86.96,18.981,0.000,0,1,0,0,0,0,-1,0,0,0,,0,,0,,0,0,0,1
1723314582,3843,8,8,8,8,32.593,0,0,0.11 | 0.11 | 0.11,0,0.05 | 0.62 | 1.16,0,3.46 | 6.49 | 86.96,18.981,0.000,0,1,0,0,0,0,-1,0,0,0,,0,,0,,0,0,0,1
1723314582,3843,8,8,8,8,32.593,0,0,0.11 | 0.11 | 0.11,0,0.05 | 0.62 | 1.16,0,3.46 | 6.49 | 86.96,18.981,0.000,0,1,0,0,0,0,-1,0,0,0,,0,,0,,0,0,0,1
1723314582,3843,8,8,8,8,32.593,0,0,0.11 | 0.11 | 0.11,0,0.05 | 0.62 | 1.16,0,3.46 | 6.49 | 86.96,18.981,0.000,0,1,0,0,0,0,-1,0,0,0,,0,,0,,0,0,0,1
1723314582,3843,8,8,8,8,32.593,0,0,0.11 | 0.11 | 0.11,0,0.05 | 0.62 | 1.16,0,3.46 | 6.49 | 86.96,18.981,0.000,0,1,0,0,0,0,-1,0,0,0,,0,,0,,0,0,0,1
1723314582,3843,8,8,8,8,31.358,0,0,0.11 | 0.11 | 0.11,0,0.05 | 0.62 | 1.16,0,3.46 | 6.49 | 86.96,18.981,0.000,0,1,0,0,0,0,-1,0,0,0,,0,,0,,0,0,0,1
1723314583,3843,8,8,8,8,31.358,0,0,0.11 | 0.11 | 0.11,0,0.05 | 0.62 | 1.16,0,3.46 | 6.49 | 86.96,18.981,0.000,0,1,0,0,0,0,-1,0,0,0,,0,,0,,0,0,0,1
1723314583,3843,8,8,8,8,31.358,0,0,0.11 | 0.11 | 0.11,0,0.05 | 0.62 | 1.16,0,3.46 | 6.49 | 86.96,18.981,0.000,0,1,0,0,0,0,-1,0,0,0,,0,,0,,0,0,0,1
1723314583,3843,8,8,8,8,31.358,0,0,0.11 | 0.11 | 0.11,0,0.05 | 0.62 | 1.16,0,3.46 | 6.49 | 86.96,18.981,0.000,0,1,0,0,0,0,-1,0,0,0,,0,,0,,0,0,0,1
1723314583,3843,8,8,8,8,31.358,0,0,0.11 | 0.11 | 0.11,0,0.05 | 0.62 | 1.16,0,3.46 | 6.49 | 86.96,18.981,0.000,0,1,0,0,0,0,-1,0,0,0,,0,,0,,0,0,0,1
1723314583,3843,8,8,8,8,31.358,0,0,0.11 | 0.11 | 0.11,0,0.05 | 0.62 | 1.16,0,3.46 | 6.49 | 86.96,18.981,0.000,0,1,0,0,0,0,-1,0,0,0,,0,,0,,0,0,0,1
1723314583,3843,8,8,8,8,31.358,0,0,0.11 | 0.11 | 0.11,0,0.05 | 0.62 | 1.16,0,3.46 | 6.49 | 86.96,18.981,0.000,0,1,0,0,0,0,-1,0,0,0,,0,,0,,0,0,0,1
1723314583,3843,8,8,8,8,31.358,0,0,0.11 | 0.11 | 0.11,0,0.05 | 0.62 | 1.16,0,3.46 | 6.49 | 86.96,18.981,0.000,0,1,0,0,0,0,-1,0,0,0,,0,,0,,0,0,0,1
1723314583,3843,8,8,8,8,31.358,0,0,0.11 | 0.11 | 0.11,0,0.05 | 0.62 | 1.16,0,3.46 | 6.49 | 86.96,18.981,0.000,0,1,0,0,0,0,-1,0,0,0,,0,,0,,0,0,0,1
1723314583,3843,8,8,8,8,31.358,0,0,0.11 | 0.11 | 0.11,0,0.05 | 0.62 | 1.16,0,3.46 | 6.49 | 86.96,18.981,0.000,0,1,0,0,0,0,-1,0,0,0,,0,,0,,0,0,0,1
1723314583,3843,8,8,8,8,30.468,0,0,0.11 | 0.11 | 0.11,0,0.05 | 0.62 | 1.16,0,3.46 | 6.49 | 86.96,18.981,0.000,0,1,0,0,0,0,-1,0,0,0,,0,,0,,0,0,0,1
1723314584,3843,8,8,8,8,30.468,0,0,0.11 | 0.11 | 0.11,0,0.05 | 0.62 | 1.16,0,3.46 | 6.49 | 86.96,18.981,0.000,0,1,0,0,0,0,-1,0,0,0,,0,,0,,0,0,0,1
1723314584,3843,8,8,8,8,30.468,0,0,0.11 | 0.11 | 0.11,0,0.05 | 0.62 | 1.16,0,3.46 | 6.49 | 86.96,18.981,0.000,0,1,0,0,0,0,-1,0,0,0,,0,,0,,0,0,0,1
1723314584,3843,8,8,8,8,30.468,0,0,0.11 | 0.11 | 0.11,0,0.05 | 0.62 | 1.16,0,3.46 | 6.49 | 86.96,18.981,0.000,0,1,0,0,0,0,-1,0,0,0,,0,,0,,0,0,0,1
1723314584,3843,8,8,8,8,30.468,0,0,0.11 | 0.11 | 0.11,0,0.05 | 0.62 | 1.16,0,3.46 | 6.49 | 86.96,18.981,0.000,0,1,0,0,0,0,-1,0,0,0,,0,,0,,0,0,0,1
1723314584,3843,8,8,8,8,30.468,0,0,0.11 | 0.11 | 0.11,0,0.05 | 0.62 | 1.16,0,3.46 | 6.49 | 86.96,18.981,0.000,0,1,0,0,0,0,-1,0,0,0,,0,,0,,0,0,0,1
1723314584,3843,8,8,8,8,30.468,0,0,0.11 | 0.11 | 0.11,0,0.05 | 0.62 | 1.16,0,3.46 | 6.49 | 86.96,18.981,0.000,0,1,0,0,0,0,-1,0,0,0,,0,,0,,0,0,0,1
1723314584,3843,8,8,8,8,30.468,0,0,0.11 | 0.11 | 0.11,0,0.05 | 0.62 | 1.16,0,3.46 | 6.49 | 86.96,18.981,0.000,0,1,0,0,0,0,-1,0,0,0,,0,,0,,0,0,0,1
1723314584,3843,8,8,8,8,30.468,0,0,0.11 | 0.11 | 0.11,0,0.05 | 0.62 | 1.16,0,3.46 | 6.49 | 86.96,18.981,0.000,0,1,0,0,0,0,-1,0,0,0,,0,,0,,0,0,0,1
1723314584,3843,8,8,8,8,30.468,0,0,0.11 | 0.11 | 0.11,0,0.05 | 0.62 | 1.16,0,3.46 | 6.49 | 86.96,18.981,0.000,0,1,0,0,0,0,-1,0,0,0,,0,,0,,0,0,0,1
1723314584,3843,8,8,8,8,30.106,0,0,0.11 | 0.11 | 0.11,0,0.02 | 0.45 | 1.16,0,3.46 | 8.81 | 222.22,18.981,0.000,0,1,0,0,0,0,-1,0,0,0,,0,,0,,0,0,0,1
1723314585,3843,8,8,8,8,30.106,0,0,0.11 | 0.11 | 0.11,0,0.02 | 0.45 | 1.16,0,3.46 | 8.81 | 222.22,18.981,0.000,0,1,0,0,0,0,-1,0,0,0,,0,,0,,0,0,0,1
1723314585,3843,8,8,8,8,30.106,0,0,0.11 | 0.11 | 0.11,0,0.02 | 0.45 | 1.16,0,3.46 | 8.81 | 222.22,18.981,0.000,0,1,0,0,0,0,-1,0,0,0,,0,,0,,0,0,0,1
1723314585,3843,8,8,8,8,30.106,0,0,0.11 | 0.11 | 0.11,0,0.02 | 0.45 | 1.16,0,3.46 | 8.81 | 222.22,18.981,0.000,0,1,0,0,0,0,-1,0,0,0,,0,,0,,0,0,0,1
1723314585,3843,8,8,8,8,30.106,0,0,0.11 | 0.11 | 0.11,0,0.02 | 0.45 | 1.16,0,3.46 | 8.81 | 222.22,18.981,0.000,0,1,0,0,0,0,-1,0,0,0,,0,,0,,0,0,0,1
1723314585,3843,8,8,8,8,30.106,0,0,0.11 | 0.11 | 0.11,0,0.02 | 0.45 | 1.16,0,3.46 | 8.81 | 222.22,18.981,0.000,0,1,0,0,0,0,-1,0,0,0,,0,,0,,0,0,0,1
1723314585,3843,8,8,8,8,30.106,0,0,0.11 | 0.11 | 0.11,0,0.02 | 0.45 | 1.16,0,3.46 | 8.81 | 222.22,18.981,0.000,0,1,0,0,0,0,-1,0,0,0,,0,,0,,0,0,0,1
1723314585,3843,8,8,8,8,30.106,0,0,0.11 | 0.11 | 0.11,0,0.02 | 0.45 | 1.16,0,3.46 | 8.81 | 222.22,18.981,0.000,0,1,0,0,0,0,-1,0,0,0,,0,,0,,0,0,0,1
1723314585,3843,8,8,8,8,30.106,0,0,0.11 | 0.11 | 0.11,0,0.02 | 0.45 | 1.16,0,3.46 | 8.81 | 222.22,18.981,0.000,0,1,0,0,0,0,-1,0,0,0,,0,,0,,0,0,0,1
1723314585,3843,8,8,8,8,30.106,0,0,0.11 | 0.11 | 0.11,0,0.02 | 0.45 | 1.16,0,3.46 | 8.81 | 222.22,18.981,0.000,0,1,0,0,0,0,-1,0,0,0,,0,,0,,0,0,0,1
1723314585,3843,8,8,8,8,29.309,0,0,0.11 | 0.11 | 0.11,0,0.02 | 0.45 | 1.16,0,3.46 | 8.81 | 222.22,18.981,0.000,0,1,0,0,0,0,-1,0,0,0,,0,,0,,0,0,0,1
1723314586,3843,8,8,8,8,29.309,0,0,0.11 | 0.11 | 0.11,0,0.02 | 0.45 | 1.16,0,3.46 | 8.81 | 222.22,18.981,0.000,0,1,0,0,0,0,-1,0,0,0,,0,,0,,0,0,0,1
1723314586,3843,8,8,8,8,29.309,0,0,0.11 | 0.11 | 0.11,0,0.02 | 0.45 | 1.16,0,3.46 | 8.81 | 222.22,18.981,0.000,0,1,0,0,0,0,-1,0,0,0,,0,,0,,0,0,0,1
1723314586,3843,8,8,8,8,29.309,0,0,0.11 | 0.11 | 0.11,0,0.02 | 0.45 | 1.16,0,3.46 | 8.81 | 222.22,18.981,0.000,0,1,0,0,0,0,-1,0,0,0,,0,,0,,0,0,0,1
1723314586,3843,8,8,8,8,29.309,0,0,0.11 | 0.11 | 0.11,0,0.02 | 0.45 | 1.16,0,3.46 | 8.81 | 222.22,18.981,0.000,0,1,0,0,0,0,-1,0,0,0,,0,,0,,0,0,0,1
1723314586,3843,8,8,8,8,29.309,0,0,0.11 | 0.11 | 0.11,0,0.02 | 0.45 | 1.16,0,3.46 | 8.81 | 222.22,18.981,0.000,0,1,0,0,0,0,-1,0,0,0,,0,,0,,0,0,0,1
1723314586,3843,8,8,8,8,29.309,0,0,0.11 | 0.11 | 0.11,0,0.02 | 0.45 | 1.16,0,3.46 | 8.81 | 222.22,18.981,0.000,0,1,0,0,0,0,-1,0,0,0,,0,,0,,0,0,0,1
1723314586,3843,8,8,8,8,29.309,0,0,0.11 | 0.11 | 0.11,0,0.02 | 0.45 | 1.16,0,3.46 | 8.81 | 222.22,18.981,0.000,0,1,0,0,0,0,-1,0,0,0,,0,,0,,0,0,0,1
1723314586,3843,8,8,8,8,29.309,0,0,0.11 | 0.11 | 0.11,0,0.02 | 0.45 | 1.16,0,3.46 | 8.81 | 222.22,18.981,0.000,0,1,0,0,0,0,-1,0,0,0,,0,,0,,0,0,0,1
1723314586,3843,8,8,8,8,29.309,0,0,0.11 | 0.11 | 0.11,0,0.02 | 0.45 | 1.16,0,3.46 | 8.81 | 222.22,18.981,0.000,0,1,0,0,0,0,-1,0,0,0,,0,,0,,0,0,0,1
1723314586,3843,8,8,8,8,28.246,0,0,0.11 | 0.11 | 0.11,0,0.02 | 0.45 | 1.16,0,3.46 | 8.81 | 222.22,18.981,0.000,0,1,0,0,0,0,-1,0,0,0,,0,,0,,0,0,0,1
1723314587,3843,8,8,8,8,28.246,0,0,0.11 | 0.11 | 0.11,0,0.02 | 0.45 | 1.16,0,3.46 | 8.81 | 222.22,18.981,0.000,0,1,0,0,0,0,-1,0,0,0,,0,,0,,0,0,0,1
1723314587,3843,8,8,8,8,28.246,0,0,0.11 | 0.11 | 0.11,0,0.02 | 0.45 | 1.16,0,3.46 | 8.81 | 222.22,18.981,0.000,0,1,0,0,0,0,-1,0,0,0,,0,,0,,0,0,0,1
1723314587,3843,8,8,8,8,28.246,0,0,0.11 | 0.11 | 0.11,0,0.02 | 0.45 | 1.16,0,3.46 | 8.81 | 222.22,18.981,0.000,0,1,0,0,0,0,-1,0,0,0,,0,,0,,0,0,0,1
1723314587,3843,8,8,8,8,28.246,0,0,0.11 | 0.11 | 0.11,0,0.02 | 0.45 | 1.16,0,3.46 | 8.81 | 222.22,18.981,0.000,0,1,0,0,0,0,-1,0,0,0,,0,,0,,0,0,0,1
1723314587,3843,8,8,8,8,28.246,0,0,0.11 | 0.11 | 0.11,0,0.02 | 0.45 | 1.16,0,3.46 | 8.81 | 222.22,18.981,0.000,0,1,0,0,0,0,-1,0,0,0,,0,,0,,0,0,0,1
1723314587,3843,8,8,8,8,28.246,0,0,0.11 | 0.11 | 0.11,0,0.02 | 0.45 | 1.16,0,3.46 | 8.81 | 222.22,18.981,0.000,0,1,0,0,0,0,-1,0,0,0,,0,,0,,0,0,0,1
1723314587,3843,8,8,8,8,28.246,0,0,0.11 | 0.11 | 0.11,0,0.02 | 0.45 | 1.16,0,3.46 | 8.81 | 222.22,18.981,0.000,0,1,0,0,0,0,-1,0,0,0,,0,,0,,0,0,0,1
1723314587,3843,8,8,8,8,28.246,0,0,0.11 | 0.11 | 0.11,0,0.02 | 0.45 | 1.16,0,3.46 | 8.81 | 222.22,18.981,0.000,0,1,0,0,0,0,-1,0,0,0,,0,,0,,0,0,0,1
1723314587,3843,8,8,8,8,28.246,0,0,0.11 | 0.11 | 0.11,0,0.02 | 0.45 | 1.16,0,3.46 | 8.81 | 222.22,18.981,0.000,0,1,0,0,0,0,-1,0,0,0,,0,,0,,0,0,0,1
1723314587,3843,8,8,8,8,27.184,0,0,0.11 | 0.11 | 0.11,0,0.02 | 0.45 | 1.16,0,3.46 | 8.81 | 222.22,18.981,0.000,0,1,0,0,0,0,-1,0,0,0,,0,,0,,0,0,0,1
1723314588,3843,8,8,8,8,27.184,0,0,0.11 | 0.11 | 0.11,0,0.02 | 0.45 | 1.16,0,3.46 | 8.81 | 222.22,18.981,0.000,0,1,0,0,0,0,-1,0,0,0,,0,,0,,0,0,0,1
1723314588,3843,8,8,8,8,27.184,0,0,0.11 | 0.11 | 0.11,0,0.02 | 0.45 | 1.16,0,3.46 | 8.81 | 222.22,18.981,0.000,0,1,0,0,0,0,-1,0,0,0,,0,,0,,0,0,0,1
1723314588,3843,8,8,8,8,27.184,0,0,0.11 | 0.11 | 0.11,0,0.02 | 0.45 | 1.16,0,3.46 | 8.81 | 222.22,18.981,0.000,0,1,0,0,0,0,-1,0,0,0,,0,,0,,0,0,0,1
1723314588,3843,8,8,8,8,27.184,0,0,0.11 | 0.11 | 0.11,0,0.02 | 0.45 | 1.16,0,3.46 | 8.81 | 222.22,18.981,0.000,0,1,0,0,0,0,-1,0,0,0,,0,,0,,0,0,0,1
1723314588,3843,8,8,8,8,27.184,0,0,0.11 | 0.11 | 0.11,0,0.02 | 0.45 | 1.16,0,3.46 | 8.81 | 222.22,18.981,0.000,0,1,0,0,0,0,-1,0,0,0,,0,,0,,0,0,0,1
1723314588,3843,8,8,8,8,27.184,0,0,0.11 | 0.11 | 0.11,0,0.02 | 0.45 | 1.16,0,3.46 | 8.81 | 222.22,18.981,0.000,0,1,0,0,0,0,-1,0,0,0,,0,,0,,0,0,0,1
1723314588,3843,8,8,8,8,27.184,0,0,0.11 | 0.11 | 0.11,0,0.02 | 0.45 | 1.16,0,3.46 | 8.81 | 222.22,18.981,0.000,0,1,0,0,0,0,-1,0,0,0,,0,,0,,0,0,0,1
1723314588,3843,8,8,8,8,27.184,0,0,0.11 | 0.11 | 0.11,0,0.02 | 0.45 | 1.16,0,3.46 | 8.81 | 222.22,18.981,0.000,0,1,0,0,0,0,-1,0,0,0,,0,,0,,0,0,0,1
1723314588,3843,8,8,8,8,27.184,0,0,0.11 | 0.11 | 0.11,0,0.02 | 0.45 | 1.16,0,3.46 | 8.81 | 222.22,18.981,0.000,0,1,0,0,0,0,-1,0,0,0,,0,,0,,0,0,0,1
1723314588,3843,8,8,8,8,26.121,0,0,0.11 | 0.11 | 0.11,0,0.02 | 0.45 | 1.16,0,3.46 | 8.81 | 222.22,18.981,0.000,0,1,0,0,0,0,-1,0,0,0,,0,,0,,0,0,0,1
1723314589,3843,8,8,8,8,26.121,0,0,0.11 | 0.11 | 0.11,0,0.02 | 0.45 | 1.16,0,3.46 | 8.81 | 222.22,18.981,0.000,0,1,0,0,0,0,-1,0,0,0,,0,,0,,0,0,0,1
1723314589,3843,8,8,8,8,26.121,0,0,0.11 | 0.11 | 0.11,0,0.02 | 0.45 | 1.16,0,3.46 | 8.81 | 222.22,18.981,0.000,0,1,0,0,0,0,-1,0,0,0,,0,,0,,0,0,0,1
1723314589,3843,8,8,8,8,26.121,0,0,0.11 | 0.11 | 0.11,0,0.02 | 0.45 | 1.16,0,3.46 | 8.81 | 222.22,18.981,0.000,0,1,0,0,0,0,-1,0,0,0,,0,,0,,0,0,0,1
1723314589,3843,8,8,8,8,26.121,0,0,0.11 | 0.11 | 0.11,0,0.02 | 0.45 | 1.16,0,3.46 | 8.81 | 222.22,18.981,0.000,0,1,0,0,0,0,-1,0,0,0,,0,,0,,0,0,0,1
1723314589,3843,8,8,8,8,26.121,0,0,0.11 | 0.11 | 0.11,0,0.02 | 0.45 | 1.16,0,3.46 | 8.81 | 222.22,18.981,0.000,0,1,0,0,0,0,-1,0,0,0,,0,,0,,0,0,0,1
1723314589,3843,8,8,8,8,26.121,0,0,0.11 | 0.11 | 0.11,0,0.02 | 0.45 | 1.16,0,3.46 | 8.81 | 222.22,18.981,0.000,0,1,0,0,0,0,-1,0,0,0,,0,,0,,0,0,0,1
1723314589,3843,8,8,8,8,26.121,0,0,0.11 | 0.11 | 0.11,0,0.02 | 0.45 | 1.16,0,3.46 | 8.81 | 222.22,18.981,0.000,0,1,0,0,0,0,-1,0,0,0,,0,,0,,0,0,0,1
1723314589,3843,8,8,8,8,26.121,0,0,0.11 | 0.11 | 0.11,0,0.02 | 0.45 | 1.16,0,3.46 | 8.81 | 222.22,18.981,0.000,0,1,0,0,0,0,-1,0,0,0,,0,,0,,0,0,0,1
1723314589,3843,8,8,8,8,26.121,0,0,0.11 | 0.11 | 0.11,0,0.02 | 0.45 | 1.16,0,3.46 | 8.81 | 222.22,18.981,0.000,0,1,0,0,0,0,-1,0,0,0,,0,,0,,0,0,0,1
1723314589,3843,8,8,8,8,25.059,0,0,0.11 | 0.11 | 0.11,0,0.02 | 0.45 | 1.16,0,3.46 | 8.81 | 222.22,18.981,0.000,0,1,0,0,0,0,-1,0,0,0,,0,,0,,0,0,0,1
1723314590,3843,8,8,8,8,25.059,0,0,0.11 | 0.11 | 0.11,0,0.02 | 0.45 | 1.16,0,3.46 | 8.81 | 222.22,18.981,0.000,0,1,0,0,0,0,-1,0,0,0,,0,,0,,0,0,0,1
1723314590,3843,8,8,8,8,25.059,0,0,0.11 | 0.11 | 0.11,0,0.02 | 0.45 | 1.16,0,3.46 | 8.81 | 222.22,18.981,0.000,0,1,0,0,0,0,-1,0,0,0,,0,,0,,0,0,0,1
1723314590,3843,8,8,8,8,25.059,0,0,0.11 | 0.11 | 0.11,0,0.02 | 0.45 | 1.16,0,3.46 | 8.81 | 222.22,18.981,0.000,0,1,0,0,0,0,-1,0,0,0,,0,,0,,0,0,0,1
1723314590,3843,8,8,8,8,25.059,0,0,0.11 | 0.11 | 0.11,0,0.02 | 0.45 | 1.16,0,3.46 | 8.81 | 222.22,18.981,0.000,0,1,0,0,0,0,-1,0,0,0,,0,,0,,0,0,0,1
1723314590,3843,8,8,8,8,25.059,0,0,0.11 | 0.11 | 0.11,0,0.02 | 0.45 | 1.16,0,3.46 | 8.81 | 222.22,18.981,0.000,0,1,0,0,0,0,-1,0,0,0,,0,,0,,0,0,0,1
1723314590,3843,8,8,8,8,25.059,0,0,0.11 | 0.11 | 0.11,0,0.02 | 0.45 | 1.16,0,3.46 | 8.81 | 222.22,18.981,0.000,0,1,0,0,0,0,-1,0,0,0,,0,,0,,0,0,0,1
1723314590,3843,8,8,8,8,25.059,0,0,0.11 | 0.11 | 0.11,0,0.02 | 0.45 | 1.16,0,3.46 | 8.81 | 222.22,18.981,0.000,0,1,0,0,0,0,-1,0,0,0,,0,,0,,0,0,0,1
1723314590,3843,8,8,8,8,25.059,0,0,0.11 | 0.11 | 0.11,0,0.02 | 0.45 | 1.16,0,3.46 | 8.81 | 222.22,18.981,0.000,0,1,0,0,0,0,-1,0,0,0,,0,,0,,0,0,0,1
1723314590,3843,8,8,8,8,25.059,0,0,0.11 | 0.11 | 0.11,0,0.02 | 0.45 | 1.16,0,3.46 | 8.81 | 222.22,18.981,0.000,0,1,0,0,0,0,-1,0,0,0,,0,,0,,0,0,0,1
1723314590,3843,8,8,8,8,24.262,0,0,0.11 | 0.11 | 0.11,0,0.02 | 0.45 | 1.16,0,3.46 | 8.81 | 222.22,18.981,0.000,0,1,0,0,0,0,-1,0,0,0,,0,,0,,0,0,0,1
1723314591,3843,8,8,8,8,24.262,0,0,0.11 | 0.11 | 0.11,0,0.02 | 0.45 | 1.16,0,3.46 | 8.81 | 222.22,18.981,0.000,0,1,0,0,0,0,-1,0,0,0,,0,,0,,0,0,0,1
1723314591,3843,8,8,8,8,24.262,0,0,0.11 | 0.11 | 0.11,0,0.02 | 0.45 | 1.16,0,3.46 | 8.81 | 222.22,18.981,0.000,0,1,0,0,0,0,-1,0,0,0,,0,,0,,0,0,0,1
1723314591,3843,8,8,8,8,24.262,0,0,0.11 | 0.11 | 0.11,0,0.02 | 0.45 | 1.16,0,3.46 | 8.81 | 222.22,18.981,0.000,0,1,0,0,0,0,-1,0,0,0,,0,,0,,0,0,0,1
1723314591,3843,8,8,8,8,24.262,0,0,0.11 | 0.11 | 0.11,0,0.02 | 0.45 | 1.16,0,3.46 | 8.81 | 222.22,18.981,0.000,0,1,0,0,0,0,-1,0,0,0,,0,,0,,0,0,0,1
1723314591,3843,8,8,8,8,24.262,0,0,0.11 | 0.11 | 0.11,0,0.02 | 0.45 | 1.16,0,3.46 | 8.81 | 222.22,18.981,0.000,0,1,0,0,0,0,-1,0,0,0,,0,,0,,0,0,0,1
1723314591,3843,8,8,8,8,24.262,0,0,0.11 | 0.11 | 0.11,0,0.02 | 0.45 | 1.16,0,3.46 | 8.81 | 222.22,18.981,0.000,0,1,0,0,0,0,-1,0,0,0,,0,,0,,0,0,0,1
1723314591,3843,8,8,8,8,24.262,0,0,0.11 | 0.11 | 0.11,0,0.02 | 0.45 | 1.16,0,3.46 | 8.81 | 222.22,18.981,0.000,0,1,0,0,0,0,-1,0,0,0,,0,,0,,0,0,0,1
1723314591,3843,8,8,8,8,24.262,0,0,0.11 | 0.11 | 0.11,0,0.02 | 0.45 | 1.16,0,3.46 | 8.81 | 222.22,18.981,0.000,0,1,0,0,0,0,-1,0,0,0,,0,,0,,0,0,0,1
1723314591,3843,8,8,8,8,24.262,0,0,0.11 | 0.11 | 0.11,0,0.02 | 0.45 | 1.16,0,3.46 | 8.81 | 222.22,18.981,0.000,0,1,0,0,0,0,-1,0,0,0,,0,,0,,0,0,0,1
1723314591,3843,8,8,8,8,23.2,0,0,0.11 | 0.11 | 0.11,0,0.02 | 0.45 | 1.16,0,3.46 | 8.81 | 222.22,18.981,0.000,0,1,0,0,0,0,-1,0,0,0,,0,,0,,0,0,0,1
1723314592,3843,8,8,8,8,23.2,0,0,0.11 | 0.11 | 0.11,0,0.02 | 0.45 | 1.16,0,3.46 | 8.81 | 222.22,18.981,0.000,0,1,0,0,0,0,-1,0,0,0,,0,,0,,0,0,0,1
1723314592,3843,8,8,8,8,23.2,0,0,0.11 | 0.11 | 0.11,0,0.02 | 0.45 | 1.16,0,3.46 | 8.81 | 222.22,18.981,0.000,0,1,0,0,0,0,-1,0,0,0,,0,,0,,0,0,0,1
1723314592,3843,8,8,8,8,23.2,0,0,0.11 | 0.11 | 0.11,0,0.02 | 0.45 | 1.16,0,3.46 | 8.81 | 222.22,18.981,0.000,0,1,0,0,0,0,-1,0,0,0,,0,,0,,0,0,0,1
1723314592,3843,8,8,8,8,23.2,0,0,0.11 | 0.11 | 0.11,0,0.02 | 0.45 | 1.16,0,3.46 | 8.81 | 222.22,18.981,0.000,0,1,0,0,0,0,-1,0,0,0,,0,,0,,0,0,0,1
1723314592,3843,8,8,8,8,23.2,0,0,0.11 | 0.11 | 0.11,0,0.02 | 0.45 | 1.16,0,3.46 | 8.81 | 222.22,18.981,0.000,0,1,0,0,0,0,-1,0,0,0,,0,,0,,0,0,0,1
1723314592,3843,8,8,8,8,23.2,0,0,0.11 | 0.11 | 0.11,0,0.02 | 0.45 | 1.16,0,3.46 | 8.81 | 222.22,18.981,0.000,0,1,0,0,0,0,-1,0,0,0,,0,,0,,0,0,0,1
1723314592,3843,8,8,8,8,23.2,0,0,0.11 | 0.11 | 0.11,0,0.02 | 0.45 | 1.16,0,3.46 | 8.81 | 222.22,18.981,0.000,0,1,0,0,0,0,-1,0,0,0,,0,,0,,0,0,0,1
1723314592,3843,8,8,8,8,23.2,0,0,0.11 | 0.11 | 0.11,0,0.02 | 0.45 | 1.16,0,3.46 | 8.81 | 222.22,18.981,0.000,0,1,0,0,0,0,-1,0,0,0,,0,,0,,0,0,0,1
1723314592,3843,8,8,8,8,23.2,0,0,0.11 | 0.11 | 0.11,0,0.02 | 0.45 | 1.16,0,3.46 | 8.81 | 222.22,18.981,0.000,0,1,0,0,0,0,-1,0,0,0,,0,,0,,0,0,0,1
1723314592,3843,8,8,8,8,22.137,0,0,0.11 | 0.11 | 0.11,0,0.02 | 0.45 | 1.16,0,3.46 | 8.81 | 222.22,18.981,0.000,0,1,0,0,0,0,-1,0,0,0,,0,,0,,0,0,0,1
1723314593,3843,8,8,8,8,22.137,0,0,0.11 | 0.11 | 0.11,0,0.02 | 0.45 | 1.16,0,3.46 | 8.81 | 222.22,18.981,0.000,0,1,0,0,0,0,-1,0,0,0,,0,,0,,0,0,0,1
1723314593,3843,8,8,8,8,22.137,0,0,0.11 | 0.11 | 0.11,0,0.02 | 0.45 | 1.16,0,3.46 | 8.81 | 222.22,18.981,0.000,0,1,0,0,0,0,-1,0,0,0,,0,,0,,0,0,0,1
1723314593,3843,8,8,8,8,22.137,0,0,0.11 | 0.11 | 0.11,0,0.02 | 0.45 | 1.16,0,3.46 | 8.81 | 222.22,18.981,0.000,0,1,0,0,0,0,-1,0,0,0,,0,,0,,0,0,0,1
1723314593,3843,8,8,8,8,22.137,0,0,0.11 | 0.11 | 0.11,0,0.02 | 0.45 | 1.16,0,3.46 | 8.81 | 222.22,18.981,0.000,0,1,0,0,0,0,-1,0,0,0,,0,,0,,0,0,0,1
1723314593,3843,8,8,8,8,22.137,0,0,0.11 | 0.11 | 0.11,0,0.02 | 0.45 | 1.16,0,3.46 | 8.81 | 222.22,18.981,0.000,0,1,0,0,0,0,-1,0,0,0,,0,,0,,0,0,0,1
1723314593,3843,8,8,8,8,22.137,0,0,0.11 | 0.11 | 0.11,0,0.02 | 0.45 | 1.16,0,3.46 | 8.81 | 222.22,18.981,0.000,0,1,0,0,0,0,-1,0,0,0,,0,,0,,0,0,0,1
1723314593,3843,8,8,8,8,22.137,0,0,0.11 | 0.11 | 0.11,0,0.02 | 0.45 | 1.16,0,3.46 | 8.81 | 222.22,18.981,0.000,0,1,0,0,0,0,-1,0,0,0,,0,,0,,0,0,0,1
1723314593,3843,8,8,8,8,22.137,0,0,0.11 | 0.11 | 0.11,0,0.02 | 0.45 | 1.16,0,3.46 | 8.81 | 222.22,18.981,0.000,0,1,0,0,0,0,-1,0,0,0,,0,,0,,0,0,0,1
1723314593,3843,8,8,8,8,22.137,0,0,0.11 | 0.11 | 0.11,0,0.02 | 0.45 | 1.16,0,3.46 | 8.81 | 222.22,18.981,0.000,0,1,0,0,0,0,-1,0,0,0,,0,,0,,0,0,0,1
1723314593,3843,8,8,8,8,21.075,0,0,0.11 | 0.11 | 0.11,0,0.02 | 0.45 | 1.16,0,3.46 | 8.81 | 222.22,18.981,0.000,0,1,0,0,0,0,-1,0,0,0,,0,,0,,0,0,0,1
1723314594,3843,8,8,8,8,21.075,0,0,0.11 | 0.11 | 0.11,0,0.02 | 0.45 | 1.16,0,3.46 | 8.81 | 222.22,18.981,0.000,0,1,0,0,0,0,-1,0,0,0,,0,,0,,0,0,0,1
1723314594,3843,8,8,8,8,21.075,0,0,0.11 | 0.11 | 0.11,0,0.02 | 0.45 | 1.16,0,3.46 | 8.81 | 222.22,18.981,0.000,0,1,0,0,0,0,-1,0,0,0,,0,,0,,0,0,0,1
1723314594,3843,8,8,8,8,21.075,0,0,0.11 | 0.11 | 0.11,0,0.02 | 0.45 | 1.16,0,3.46 | 8.81 | 222.22,18.981,0.000,0,1,0,0,0,0,-1,0,0,0,,0,,0,,0,0,0,1
1723314594,3843,8,8,8,8,21.075,0,0,0.11 | 0.11 | 0.11,0,0.02 | 0.45 | 1.16,0,3.46 | 8.81 | 222.22,18.981,0.000,0,1,0,0,0,0,-1,0,0,0,,0,,0,,0,0,0,1
1723314594,3843,8,8,8,8,21.075,0,0,0.11 | 0.11 | 0.11,0,0.02 | 0.45 | 1.16,0,3.46 | 8.81 | 222.22,18.981,0.000,0,1,0,0,0,0,-1,0,0,0,,0,,0,,0,0,0,1
1723314594,3843,8,8,8,8,21.075,0,0,0.11 | 0.11 | 0.11,0,0.02 | 0.45 | 1.16,0,3.46 | 8.81 | 222.22,18.981,0.000,0,1,0,0,0,0,-1,0,0,0,,0,,0,,0,0,0,1
1723314594,3843,8,8,8,8,21.075,0,0,0.11 | 0.11 | 0.11,0,0.02 | 0.45 | 1.16,0,3.46 | 8.81 | 222.22,18.981,0.000,0,1,0,0,0,0,-1,0,0,0,,0,,0,,0,0,0,1
1723314594,3843,8,8,8,8,21.075,0,0,0.11 | 0.11 | 0.11,0,0.02 | 0.45 | 1.16,0,3.46 | 8.81 | 222.22,18.981,0.000,0,1,0,0,0,0,-1,0,0,0,,0,,0,,0,0,0,1
1723314594,3843,8,8,8,8,21.075,0,0,0.11 | 0.11 | 0.11,0,0.02 | 0.45 | 1.16,0,3.46 | 8.81 | 222.22,18.981,0.000,0,1,0,0,0,0,-1,0,0,0,,0,,0,,0,0,0,1
1723314594,3843,8,8,8,8,20.278,0,0,0.11 | 0.11 | 0.11,0,0.02 | 0.45 | 1.16,0,3.46 | 8.81 | 222.22,18.981,0.000,0,1,0,0,0,0,-1,0,0,0,,0,,0,,0,0,0,1
1723314595,3843,8,8,8,8,20.278,0,0,0.11 | 0.11 | 0.11,0,0.02 | 0.45 | 1.16,0,3.46 | 8.81 | 222.22,18.981,0.000,0,1,0,0,0,0,-1,0,0,0,,0,,0,,0,0,0,1
1723314595,3843,8,8,8,8,20.278,0,0,0.11 | 0.11 | 0.11,0,0.02 | 0.45 | 1.16,0,3.46 | 8.81 | 222.22,18.981,0.000,0,1,0,0,0,0,-1,0,0,0,,0,,0,,0,0,0,1
1723314595,3843,8,8,8,8,20.278,0,0,0.11 | 0.11 | 0.11,0,0.02 | 0.45 | 1.16,0,3.46 | 8.81 | 222.22,18.981,0.000,0,1,0,0,0,0,-1,0,0,0,,0,,0,,0,0,0,1
1723314595,3843,8,8,8,8,20.278,0,0,0.11 | 0.11 | 0.11,0,0.02 | 0.45 | 1.16,0,3.46 | 8.81 | 222.22,18.981,0.000,0,1,0,0,0,0,-1,0,0,0,,0,,0,,0,0,0,1
1723314595,3843,8,8,8,8,20.278,0,0,0.11 | 0.11 | 0.11,0,0.02 | 0.45 | 1.16,0,3.46 | 8.81 | 222.22,18.981,0.000,0,1,0,0,0,0,-1,0,0,0,,0,,0,,0,0,0,1
1723314595,3843,8,8,8,8,20.278,0,0,0.11 | 0.11 | 0.11,0,0.02 | 0.45 | 1.16,0,3.46 | 8.81 | 222.22,18.981,0.000,0,1,0,0,0,0,-1,0,0,0,,0,,0,,0,0,0,1
1723314595,3843,8,8,8,8,20.278,0,0,0.11 | 0.11 | 0.11,0,0.02 | 0.45 | 1.16,0,3.46 | 8.81 | 222.22,18.981,0.000,0,1,0,0,0,0,-1,0,0,0,,0,,0,,0,0,0,1
1723314595,3843,8,8,8,8,20.278,0,0,0.11 | 0.11 | 0.11,0,0.02 | 0.45 | 1.16,0,3.46 | 8.81 | 222.22,18.981,0.000,0,1,0,0,0,0,-1,0,0,0,,0,,0,,0,0,0,1
1723314595,3843,8,8,8,8,20.278,0,0,0.11 | 0.11 | 0.11,0,0.02 | 0.45 | 1.16,0,3.46 | 8.81 | 222.22,18.981,0.000,0,1,0,0,0,0,-1,0,0,0,,0,,0,,0,0,0,1
1723314595,3843,8,8,8,8,19.215,0,0,0.11 | 0.11 | 0.11,0,0.02 | 0.45 | 1.16,0,3.46 | 8.81 | 222.22,18.981,0.000,0,1,0,0,0,0,-1,0,0,0,,0,,0,,0,0,0,1
1723314596,3843,8,8,8,8,19.215,0,0,0.11 | 0.11 | 0.11,0,0.02 | 0.45 | 1.16,0,3.46 | 8.81 | 222.22,18.981,0.000,0,1,0,0,0,0,-1,0,0,0,,0,,0,,0,0,0,1
1723314596,3843,8,8,8,8,19.215,0,0,0.11 | 0.11 | 0.11,0,0.02 | 0.45 | 1.16,0,3.46 | 8.81 | 222.22,18.981,0.000,0,1,0,0,0,0,-1,0,0,0,,0,,0,,0,0,0,1
1723314596,3843,8,8,8,8,19.215,0,0,0.11 | 0.11 | 0.11,0,0.02 | 0.45 | 1.16,0,3.46 | 8.81 | 222.22,18.981,0.000,0,1,0,0,0,0,-1,0,0,0,,0,,0,,0,0,0,1
1723314596,3843,8,8,8,8,19.215,0,0,0.11 | 0.11 | 0.11,0,0.02 | 0.45 | 1.16,0,3.46 | 8.81 | 222.22,18.981,0.000,0,1,0,0,0,0,-1,0,0,0,,0,,0,,0,0,0,1
1723314596,3843,8,8,8,8,19.215,0,0,0.11 | 0.11 | 0.11,0,0.02 | 0.45 | 1.16,0,3.46 | 8.81 | 222.22,18.981,0.000,0,1,0,0,0,0,-1,0,0,0,,0,,0,,0,0,0,1
1723314596,3843,8,8,8,8,19.215,0,0,0.11 | 0.11 | 0.11,0,0.02 | 0.45 | 1.16,0,3.46 | 8.81 | 222.22,18.981,0.000,0,1,0,0,0,0,-1,0,0,0,,0,,0,,0,0,0,1
1723314596,3843,8,8,8,8,19.215,0,0,0.11 | 0.11 | 0.11,0,0.02 | 0.45 | 1.16,0,3.46 | 8.81 | 222.22,18.981,0.000,0,1,0,0,0,0,-1,0,0,0,,0,,0,,0,0,0,1
1723314596,3843,8,8,8,8,19.215,0,0,0.11 | 0.11 | 0.11,0,0.02 | 0.45 | 1.16,0,3.46 | 8.81 | 222.22,18.981,0.000,0,1,0,0,0,0,-1,0,0,0,,0,,0,,0,0,0,1
1723314596,3843,8,8,8,8,19.215,0,0,0.11 | 0.11 | 0.11,0,0.02 | 0.45 | 1.16,0,3.46 | 8.81 | 222.22,18.981,0.000,0,1,0,0,0,0,-1,0,0,0,,0,,0,,0,0,0,1
1723314596,3843,8,8,8,8,18.153,0,0,0.11 | 0.11 | 0.11,0,0.02 | 0.45 | 1.16,0,3.46 | 8.81 | 222.22,18.981,0.000,0,1,0,0,0,0,-1,0,0,0,,0,,0,,0,0,0,1
1723314597,3843,8,8,8,8,18.153,0,0,0.11 | 0.11 | 0.11,0,0.02 | 0.45 | 1.16,0,3.46 | 8.81 | 222.22,18.981,0.000,0,1,0,0,0,0,-1,0,0,0,,0,,0,,0,0,0,1
1723314597,3843,8,8,8,8,18.153,0,0,0.11 | 0.11 | 0.11,0,0.02 | 0.45 | 1.16,0,3.46 | 8.81 | 222.22,18.981,0.000,0,1,0,0,0,0,-1,0,0,0,,0,,0,,0,0,0,1
1723314597,3843,8,8,8,8,18.153,0,0,0.11 | 0.11 | 0.11,0,0.02 | 0.45 | 1.16,0,3.46 | 8.81 | 222.22,18.981,0.000,0,1,0,0,0,0,-1,0,0,0,,0,,0,,0,0,0,1
1723314597,3843,8,8,8,8,18.153,0,0,0.11 | 0.11 | 0.11,0,0.02 | 0.45 | 1.16,0,3.46 | 8.81 | 222.22,18.981,0.000,0,1,0,0,0,0,-1,0,0,0,,0,,0,,0,0,0,1
1723314597,3843,8,8,8,8,18.153,0,0,0.11 | 0.11 | 0.11,0,0.02 | 0.45 | 1.16,0,3.46 | 8.81 | 222.22,18.981,0.000,0,1,0,0,0,0,-1,0,0,0,,0,,0,,0,0,0,1
1723314597,3843,8,8,8,8,18.153,0,0,0.11 | 0.11 | 0.11,0,0.02 | 0.45 | 1.16,0,3.46 | 8.81 | 222.22,18.981,0.000,0,1,0,0,0,0,-1,0,0,0,,0,,0,,0,0,0,1
1723314597,3843,8,8,8,8,18.153,0,0,0.11 | 0.11 | 0.11,0,0.02 | 0.45 | 1.16,0,3.46 | 8.81 | 222.22,18.981,0.000,0,1,0,0,0,0,-1,0,0,0,,0,,0,,0,0,0,1
1723314597,3843,8,8,8,8,18.153,0,0,0.11 | 0.11 | 0.11,0,0.02 | 0.45 | 1.16,0,3.46 | 8.81 | 222.22,18.981,0.000,0,1,0,0,0,0,-1,0,0,0,,0,,0,,0,0,0,1
1723314597,3843,8,8,8,8,18.153,0,0,0.11 | 0.11 | 0.11,0,0.02 | 0.45 | 1.16,0,3.46 | 8.81 | 222.22,18.981,0.000,0,1,0,0,0,0,-1,0,0,0,,0,,0,,0,0,0,1
1723314597,3843,8,8,8,8,17.09,0,0,0.11 | 0.11 | 0.11,0,0.02 | 0.45 | 1.16,0,3.46 | 8.81 | 222.22,18.981,0.000,0,1,0,0,0,0,-1,0,0,0,,0,,0,,0,0,0,1
1723314598,3843,8,8,8,8,17.09,0,0,0.11 | 0.11 | 0.11,0,0.02 | 0.45 | 1.16,0,3.46 | 8.81 | 222.22,18.981,0.000,0,1,0,0,0,0,-1,0,0,0,,0,,0,,0,0,0,1
1723314598,3843,8,8,8,8,17.09,0,0,0.11 | 0.11 | 0.11,0,0.02 | 0.45 | 1.16,0,3.46 | 8.81 | 222.22,18.981,0.000,0,1,0,0,0,0,-1,0,0,0,,0,,0,,0,0,0,1
1723314598,3843,8,8,8,8,17.09,0,0,0.11 | 0.11 | 0.11,0,0.02 | 0.45 | 1.16,0,3.46 | 8.81 | 222.22,18.981,0.000,0,1,0,0,0,0,-1,0,0,0,,0,,0,,0,0,0,1
1723314598,3843,8,8,8,8,17.09,0,0,0.11 | 0.11 | 0.11,0,0.02 | 0.45 | 1.16,0,3.46 | 8.81 | 222.22,18.981,0.000,0,1,0,0,0,0,-1,0,0,0,,0,,0,,0,0,0,1
1723314598,3843,8,8,8,8,17.09,0,0,0.11 | 0.11 | 0.11,0,0.02 | 0.45 | 1.16,0,3.46 | 8.81 | 222.22,18.981,0.000,0,1,0,0,0,0,-1,0,0,0,,0,,0,,0,0,0,1
1723314598,3843,8,8,8,8,17.09,0,0,0.11 | 0.11 | 0.11,0,0.02 | 0.45 | 1.16,0,3.46 | 8.81 | 222.22,18.981,0.000,0,1,0,0,0,0,-1,0,0,0,,0,,0,,0,0,0,1
1723314598,3843,8,8,8,8,17.09,0,0,0.11 | 0.11 | 0.11,0,0.02 | 0.45 | 1.16,0,3.46 | 8.81 | 222.22,18.981,0.000,0,1,0,0,0,0,-1,0,0,0,,0,,0,,0,0,0,1
1723314598,3843,8,8,8,8,17.09,0,0,0.11 | 0.11 | 0.11,0,0.02 | 0.45 | 1.16,0,3.46 | 8.81 | 222.22,18.981,0.000,0,1,0,0,0,0,-1,0,0,0,,0,,0,,0,0,0,1
1723314598,3843,8,8,8,8,17.09,0,0,0.11 | 0.11 | 0.11,0,0.02 | 0.45 | 1.16,0,3.46 | 8.81 | 222.22,18.981,0.000,0,1,0,0,0,0,-1,0,0,0,,0,,0,,0,0,0,1
1723314598,3843,8,8,8,8,16.293,0,0,0.11 | 0.11 | 0.11,0,0.02 | 0.45 | 1.16,0,3.46 | 8.81 | 222.22,18.981,0.000,0,1,0,0,0,0,-1,0,0,0,,0,,0,,0,0,0,1
1723314599,3843,8,8,8,8,16.293,0,0,0.11 | 0.11 | 0.11,0,0.02 | 0.45 | 1.16,0,3.46 | 8.81 | 222.22,18.981,0.000,0,1,0,0,0,0,-1,0,0,0,,0,,0,,0,0,0,1
1723314599,3843,8,8,8,8,16.293,0,0,0.11 | 0.11 | 0.11,0,0.02 | 0.45 | 1.16,0,3.46 | 8.81 | 222.22,18.981,0.000,0,1,0,0,0,0,-1,0,0,0,,0,,0,,0,0,0,1
1723314599,3843,8,8,8,8,16.293,0,0,0.11 | 0.11 | 0.11,0,0.02 | 0.45 | 1.16,0,3.46 | 8.81 | 222.22,18.981,0.000,0,1,0,0,0,0,-1,0,0,0,,0,,0,,0,0,0,1
1723314599,3843,8,8,8,8,16.293,0,0,0.11 | 0.11 | 0.11,0,0.02 | 0.45 | 1.16,0,3.46 | 8.81 | 222.22,18.981,0.000,0,1,0,0,0,0,-1,0,0,0,,0,,0,,0,0,0,1
1723314599,3843,8,8,8,8,16.293,0,0,0.11 | 0.11 | 0.11,0,0.02 | 0.45 | 1.16,0,3.46 | 8.81 | 222.22,18.981,0.000,0,1,0,0,0,0,-1,0,0,0,,0,,0,,0,0,0,1
1723314599,3843,8,8,8,8,16.293,0,0,0.11 | 0.11 | 0.11,0,0.02 | 0.45 | 1.16,0,3.46 | 8.81 | 222.22,18.981,0.000,0,1,0,0,0,0,-1,0,0,0,,0,,0,,0,0,0,1
1723314599,3843,8,8,8,8,16.293,0,0,0.11 | 0.11 | 0.11,0,0.02 | 0.45 | 1.16,0,3.46 | 8.81 | 222.22,18.981,0.000,0,1,0,0,0,0,-1,0,0,0,,0,,0,,0,0,0,1
1723314599,3843,8,8,8,8,16.293,0,0,0.11 | 0.11 | 0.11,0,0.02 | 0.45 | 1.16,0,3.46 | 8.81 | 222.22,18.981,0.000,0,1,0,0,0,0,-1,0,0,0,,0,,0,,0,0,0,1
1723314599,3843,8,8,8,8,16.293,0,0,0.11 | 0.11 | 0.11,0,0.02 | 0.45 | 1.16,0,3.46 | 8.81 | 222.22,18.981,0.000,0,1,0,0,0,0,-1,0,0,0,,0,,0,,0,0,0,1
1723314599,3843,8,8,8,8,15.231,0,0,0.11 | 0.11 | 0.11,0,0.02 | 0.45 | 1.16,0,3.46 | 8.81 | 222.22,18.981,0.000,0,1,0,0,0,0,-1,0,0,0,,0,,0,,0,0,0,1
1723314600,3843,8,8,8,8,15.231,0,0,0.11 | 0.11 | 0.11,0,0.02 | 0.45 | 1.16,0,3.46 | 8.81 | 222.22,18.981,0.000,0,1,0,0,0,0,-1,0,0,0,,0,,0,,0,0,0,1
1723314600,3843,8,8,8,8,15.231,0,0,0.11 | 0.11 | 0.11,0,0.02 | 0.45 | 1.16,0,3.46 | 8.81 | 222.22,18.981,0.000,0,1,0,0,0,0,-1,0,0,0,,0,,0,,0,0,0,1
1723314600,3843,8,8,8,8,15.231,0,0,0.11 | 0.11 | 0.11,0,0.02 | 0.45 | 1.16,0,3.46 | 8.81 | 222.22,18.981,0.000,0,1,0,0,0,0,-1,0,0,0,,0,,0,,0,0,0,1
1723314600,3843,8,8,8,8,15.231,0,0,0.11 | 0.11 | 0.11,0,0.02 | 0.45 | 1.16,0,3.46 | 8.81 | 222.22,18.981,0.000,0,1,0,0,0,0,-1,0,0,0,,0,,0,,0,0,0,1
1723314600,3843,8,8,8,8,15.231,0,0,0.11 | 0.11 | 0.11,0,0.02 | 0.45 | 1.16,0,3.46 | 8.81 | 222.22,18.981,0.000,0,1,0,0,0,0,-1,0,0,0,,0,,0,,0,0,0,1
1723314600,3843,8,8,8,8,15.231,0,0,0.11 | 0.11 | 0.11,0,0.02 | 0.45 | 1.16,0,3.46 | 8.81 | 222.22,18.981,0.000,0,1,0,0,0,0,-1,0,0,0,,0,,0,,0,0,0,1
1723314600,3843,8,8,8,8,15.231,0,0,0.11 | 0.11 | 0.11,0,0.02 | 0.45 | 1.16,0,3.46 | 8.81 | 222.22,18.981,0.000,0,1,0,0,0,0,-1,0,0,0,,0,,0,,0,0,0,1
1723314600,3843,8,8,8,8,15.231,0,0,0.11 | 0.11 | 0.11,0,0.02 | 0.45 | 1.16,0,3.46 | 8.81 | 222.22,18.981,0.000,0,1,0,0,0,0,-1,0,0,0,,0,,0,,0,0,0,1
1723314600,3843,8,8,8,8,15.231,0,0,0.11 | 0.11 | 0.11,0,0.02 | 0.45 | 1.16,0,3.46 | 8.81 | 222.22,18.981,0.000,0,1,0,0,0,0,-1,0,0,0,,0,,0,,0,0,0,1
1723314600,3843,8,8,8,8,14.168,0,0,0.11 | 0.11 | 0.11,0,0.02 | 0.45 | 1.16,0,3.46 | 8.81 | 222.22,18.981,0.000,0,1,0,0,0,0,-1,0,0,0,,0,,0,,0,0,0,1
1723314601,3843,8,8,8,8,14.168,0,0,0.11 | 0.11 | 0.11,0,0.02 | 0.45 | 1.16,0,3.46 | 8.81 | 222.22,18.981,0.000,0,1,0,0,0,0,-1,0,0,0,,0,,0,,0,0,0,1
1723314601,3843,8,8,8,8,14.168,0,0,0.11 | 0.11 | 0.11,0,0.02 | 0.45 | 1.16,0,3.46 | 8.81 | 222.22,18.981,0.000,0,1,0,0,0,0,-1,0,0,0,,0,,0,,0,0,0,1
1723314601,3843,8,8,8,8,14.168,0,0,0.11 | 0.11 | 0.11,0,0.02 | 0.45 | 1.16,0,3.46 | 8.81 | 222.22,18.981,0.000,0,1,0,0,0,0,-1,0,0,0,,0,,0,,0,0,0,1
1723314601,3843,8,8,8,8,14.168,0,0,0.11 | 0.11 | 0.11,0,0.02 | 0.45 | 1.16,0,3.46 | 8.81 | 222.22,18.981,0.000,0,1,0,0,0,0,-1,0,0,0,,0,,0,,0,0,0,1
1723314601,3843,8,8,8,8,14.168,0,0,0.11 | 0.11 | 0.11,0,0.02 | 0.45 | 1.16,0,3.46 | 8.81 | 222.22,18.981,0.000,0,1,0,0,0,0,-1,0,0,0,,0,,0,,0,0,0,1
1723314601,3843,8,8,8,8,14.168,0,0,0.11 | 0.11 | 0.11,0,0.02 | 0.45 | 1.16,0,3.46 | 8.81 | 222.22,18.981,0.000,0,1,0,0,0,0,-1,0,0,0,,0,,0,,0,0,0,1
1723314601,3843,8,8,8,8,14.168,0,0,0.11 | 0.11 | 0.11,0,0.02 | 0.45 | 1.16,0,3.46 | 8.81 | 222.22,18.981,0.000,0,1,0,0,0,0,-1,0,0,0,,0,,0,,0,0,0,1
1723314601,3843,8,8,8,8,14.168,0,0,0.11 | 0.11 | 0.11,0,0.02 | 0.45 | 1.16,0,3.46 | 8.81 | 222.22,18.981,0.000,0,1,0,0,0,0,-1,0,0,0,,0,,0,,0,0,0,1
1723314601,3843,8,8,8,8,14.168,0,0,0.11 | 0.11 | 0.11,0,0.02 | 0.45 | 1.16,0,3.46 | 8.81 | 222.22,18.981,0.000,0,1,0,0,0,0,-1,0,0,0,,0,,0,,0,0,0,1
1723314601,3843,8,8,8,8,13.106,0,0,0.11 | 0.11 | 0.11,0,0.02 | 0.45 | 1.16,0,3.46 | 8.81 | 222.22,18.981,0.000,0,1,0,0,0,0,-1,0,0,0,,0,,0,,0,0,0,1
1723314602,3843,8,8,8,8,13.106,0,0,0.11 | 0.11 | 0.11,0,0.02 | 0.45 | 1.16,0,3.46 | 8.81 | 222.22,18.981,0.000,0,1,0,0,0,0,-1,0,0,0,,0,,0,,0,0,0,1
1723314602,3843,8,8,8,8,13.106,0,0,0.11 | 0.11 | 0.11,0,0.02 | 0.45 | 1.16,0,3.46 | 8.81 | 222.22,18.981,0.000,0,1,0,0,0,0,-1,0,0,0,,0,,0,,0,0,0,1
1723314602,3843,8,8,8,8,13.106,0,0,0.11 | 0.11 | 0.11,0,0.02 | 0.45 | 1.16,0,3.46 | 8.81 | 222.22,18.981,0.000,0,1,0,0,0,0,-1,0,0,0,,0,,0,,0,0,0,1
1723314602,3843,8,8,8,8,13.106,0,0,0.11 | 0.11 | 0.11,0,0.02 | 0.45 | 1.16,0,3.46 | 8.81 | 222.22,18.981,0.000,0,1,0,0,0,0,-1,0,0,0,,0,,0,,0,0,0,1
1723314602,3843,8,8,8,8,13.106,0,0,0.11 | 0.11 | 0.11,0,0.02 | 0.45 | 1.16,0,3.46 | 8.81 | 222.22,18.981,0.000,0,1,0,0,0,0,-1,0,0,0,,0,,0,,0,0,0,1
1723314602,3843,8,8,8,8,13.106,0,0,0.11 | 0.11 | 0.11,0,0.02 | 0.45 | 1.16,0,3.46 | 8.81 | 222.22,18.981,0.000,0,1,0,0,0,0,-1,0,0,0,,0,,0,,0,0,0,1
1723314602,3843,8,8,8,8,13.106,0,0,0.11 | 0.11 | 0.11,0,0.02 | 0.45 | 1.16,0,3.46 | 8.81 | 222.22,18.981,0.000,0,1,0,0,0,0,-1,0,0,0,,0,,0,,0,0,0,1
1723314602,3843,8,8,8,8,13.106,0,0,0.11 | 0.11 | 0.11,0,0.02 | 0.45 | 1.16,0,3.46 | 8.81 | 222.22,18.981,0.000,0,1,0,0,0,0,-1,0,0,0,,0,,0,,0,0,0,1
1723314602,3843,8,8,8,8,13.106,0,0,0.11 | 0.11 | 0.11,0,0.02 | 0.45 | 1.16,0,3.46 | 8.81 | 222.22,18.981,0.000,0,1,0,0,0,0,-1,0,0,0,,0,,0,,0,0,0,1
1723314602,3843,8,8,8,8,12.309,0,0,0.11 | 0.11 | 0.11,0,0.02 | 0.45 | 1.16,0,3.46 | 8.81 | 222.22,18.981,0.000,0,1,0,0,0,0,-1,0,0,0,,0,,0,,0,0,0,1
1723314603,3843,8,8,8,8,12.309,0,0,0.11 | 0.11 | 0.11,0,0.02 | 0.45 | 1.16,0,3.46 | 8.81 | 222.22,18.981,0.000,0,1,0,0,0,0,-1,0,0,0,,0,,0,,0,0,0,1
1723314603,3843,8,8,8,8,12.309,0,0,0.11 | 0.11 | 0.11,0,0.02 | 0.45 | 1.16,0,3.46 | 8.81 | 222.22,18.981,0.000,0,1,0,0,0,0,-1,0,0,0,,0,,0,,0,0,0,1
1723314603,3843,8,8,8,8,12.309,0,0,0.11 | 0.11 | 0.11,0,0.02 | 0.45 | 1.16,0,3.46 | 8.81 | 222.22,18.981,0.000,0,1,0,0,0,0,-1,0,0,0,,0,,0,,0,0,0,1
1723314603,3843,8,8,8,8,12.309,0,0,0.11 | 0.11 | 0.11,0,0.02 | 0.45 | 1.16,0,3.46 | 8.81 | 222.22,18.981,0.000,0,1,0,0,0,0,-1,0,0,0,,0,,0,,0,0,0,1
1723314603,3843,8,8,8,8,12.309,0,0,0.11 | 0.11 | 0.11,0,0.02 | 0.45 | 1.16,0,3.46 | 8.81 | 222.22,18.981,0.000,0,1,0,0,0,0,-1,0,0,0,,0,,0,,0,0,0,1
1723314603,3843,8,8,8,8,12.309,0,0,0.11 | 0.11 | 0.11,0,0.02 | 0.45 | 1.16,0,3.46 | 8.81 | 222.22,18.981,0.000,0,1,0,0,0,0,-1,0,0,0,,0,,0,,0,0,0,1
1723314603,3843,8,8,8,8,12.309,0,0,0.11 | 0.11 | 0.11,0,0.02 | 0.45 | 1.16,0,3.46 | 8.81 | 222.22,18.981,0.000,0,1,0,0,0,0,-1,0,0,0,,0,,0,,0,0,0,1
1723314603,3843,8,8,8,8,12.309,0,0,0.11 | 0.11 | 0.11,0,0.02 | 0.45 | 1.16,0,3.46 | 8.81 | 222.22,18.981,0.000,0,1,0,0,0,0,-1,0,0,0,,0,,0,,0,0,0,1
1723314603,3843,8,8,8,8,12.309,0,0,0.11 | 0.11 | 0.11,0,0.02 | 0.45 | 1.16,0,3.46 | 8.81 | 222.22,18.981,0.000,0,1,0,0,0,0,-1,0,0,0,,0,,0,,0,0,0,1
1723314603,3843,8,8,8,8,11.246,0,0,0.11 | 0.11 | 0.11,0,0.02 | 0.45 | 1.16,0,3.46 | 8.81 | 222.22,18.981,0.000,0,1,0,0,0,0,-1,0,0,0,,0,,0,,0,0,0,1
1723314604,3843,8,8,8,8,11.246,0,0,0.11 | 0.11 | 0.11,0,0.02 | 0.45 | 1.16,0,3.46 | 8.81 | 222.22,18.981,0.000,0,1,0,0,0,0,-1,0,0,0,,0,,0,,0,0,0,1
1723314604,3843,8,8,8,8,11.246,0,0,0.11 | 0.11 | 0.11,0,0.02 | 0.45 | 1.16,0,3.46 | 8.81 | 222.22,18.981,0.000,0,1,0,0,0,0,-1,0,0,0,,0,,0,,0,0,0,1
1723314604,3843,8,8,8,8,11.246,0,0,0.11 | 0.11 | 0.11,0,0.02 | 0.45 | 1.16,0,3.46 | 8.81 | 222.22,18.981,0.000,0,1,0,0,0,0,-1,0,0,0,,0,,0,,0,0,0,1
1723314604,3843,8,8,8,8,11.246,0,0,0.11 | 0.11 | 0.11,0,0.02 | 0.45 | 1.16,0,3.46 | 8.81 | 222.22,18.981,0.000,0,1,0,0,0,0,-1,0,0,0,,0,,0,,0,0,0,1
1723314604,3843,8,8,8,8,11.246,0,0,0.11 | 0.11 | 0.11,0,0.02 | 0.45 | 1.16,0,3.46 | 8.81 | 222.22,18.981,0.000,0,1,0,0,0,0,-1,0,0,0,,0,,0,,0,0,0,1
1723314604,3843,8,8,8,8,11.246,0,0,0.11 | 0.11 | 0.11,0,0.02 | 0.45 | 1.16,0,3.46 | 8.81 | 222.22,18.981,0.000,0,1,0,0,0,0,-1,0,0,0,,0,,0,,0,0,0,1
1723314604,3843,8,8,8,8,11.246,0,0,0.11 | 0.11 | 0.11,0,0.02 | 0.45 | 1.16,0,3.46 | 8.81 | 222.22,18.981,0.000,0,1,0,0,0,0,-1,0,0,0,,0,,0,,0,0,0,1
1723314604,3843,8,8,8,8,11.246,0,0,0.11 | 0.11 | 0.11,0,0.02 | 0.45 | 1.16,0,3.46 | 8.81 | 222.22,18.981,0.000,0,1,0,0,0,0,-1,0,0,0,,0,,0,,0,0,0,1
1723314604,3843,8,8,8,8,11.246,0,0,0.11 | 0.11 | 0.11,0,0.02 | 0.45 | 1.16,0,3.46 | 8.81 | 222.22,18.981,0.000,0,1,0,0,0,0,-1,0,0,0,,0,,0,,0,0,0,1
1723314604,3843,8,8,8,8,10.184,0,0,0.11 | 0.11 | 0.11,0,0.02 | 0.45 | 1.16,0,3.46 | 8.81 | 222.22,18.981,0.000,0,1,0,0,0,0,-1,0,0,0,,0,,0,,0,0,0,1
1723314605,3843,8,8,8,8,10.184,0,0,0.11 | 0.11 | 0.11,0,0.02 | 0.45 | 1.16,0,3.46 | 8.81 | 222.22,18.981,0.000,0,1,0,0,0,0,-1,0,0,0,,0,,0,,0,0,0,1
1723314605,3843,8,8,8,8,10.184,0,0,0.11 | 0.11 | 0.11,0,0.02 | 0.45 | 1.16,0,3.46 | 8.81 | 222.22,18.981,0.000,0,1,0,0,0,0,-1,0,0,0,,0,,0,,0,0,0,1
1723314605,3843,8,8,8,8,10.184,0,0,0.11 | 0.11 | 0.11,0,0.02 | 0.45 | 1.16,0,3.46 | 8.81 | 222.22,18.981,0.000,0,1,0,0,0,0,-1,0,0,0,,0,,0,,0,0,0,1
1723314605,3843,8,8,8,8,10.184,0,0,0.11 | 0.11 | 0.11,0,0.02 | 0.45 | 1.16,0,3.46 | 8.81 | 222.22,18.981,0.000,0,1,0,0,0,0,-1,0,0,0,,0,,0,,0,0,0,1
1723314605,3843,8,8,8,8,10.184,0,0,0.11 | 0.11 | 0.11,0,0.02 | 0.45 | 1.16,0,3.46 | 8.81 | 222.22,18.981,0.000,0,1,0,0,0,0,-1,0,0,0,,0,,0,,0,0,0,1
1723314605,3843,8,8,8,8,10.184,0,0,0.11 | 0.11 | 0.11,0,0.02 | 0.45 | 1.16,0,3.46 | 8.81 | 222.22,18.981,0.000,0,1,0,0,0,0,-1,0,0,0,,0,,0,,0,0,0,1
1723314605,3843,8,8,8,8,10.184,0,0,0.11 | 0.11 | 0.11,0,0.02 | 0.45 | 1.16,0,3.46 | 8.81 | 222.22,18.981,0.000,0,1,0,0,0,0,-1,0,0,0,,0,,0,,0,0,0,1
1723314605,3843,8,8,8,8,10.184,0,0,0.11 | 0.11 | 0.11,0,0.02 | 0.45 | 1.16,0,3.46 | 8.81 | 222.22,18.981,0.000,0,1,0,0,0,0,-1,0,0,0,,0,,0,,0,0,0,1
1723314605,3843,8,8,8,8,10.184,0,0,0.11 | 0.11 | 0.11,0,0.02 | 0.45 | 1.16,0,3.46 | 8.81 | 222.22,18.981,0.000,0,1,0,0,0,0,-1,0,0,0,,0,,0,,0,0,0,1
1723314605,3843,8,8,8,8,9.121,0,0,0.11 | 0.11 | 0.11,0,0.02 | 0.45 | 1.16,0,3.46 | 8.81 | 222.22,18.981,0.000,0,1,0,0,0,0,-1,0,0,0,,0,,0,,0,0,0,1
1723314606,3843,8,8,8,8,9.121,0,0,0.11 | 0.11 | 0.11,0,0.02 | 0.45 | 1.16,0,3.46 | 8.81 | 222.22,18.981,0.000,0,1,0,0,0,0,-1,0,0,0,,0,,0,,0,0,0,1
1723314606,3843,8,8,8,8,9.121,0,0,0.11 | 0.11 | 0.11,0,0.02 | 0.45 | 1.16,0,3.46 | 8.81 | 222.22,18.981,0.000,0,1,0,0,0,0,-1,0,0,0,,0,,0,,0,0,0,1
1723314606,3843,8,8,8,8,9.121,0,0,0.11 | 0.11 | 0.11,0,0.02 | 0.45 | 1.16,0,3.46 | 8.81 | 222.22,18.981,0.000,0,1,0,0,0,0,-1,0,0,0,,0,,0,,0,0,0,1
1723314606,3843,8,8,8,8,9.121,0,0,0.11 | 0.11 | 0.11,0,0.02 | 0.45 | 1.16,0,3.46 | 8.81 | 222.22,18.981,0.000,0,1,0,0,0,0,-1,0,0,0,,0,,0,,0,0,0,1
1723314606,3843,8,8,8,8,9.121,0,0,0.11 | 0.11 | 0.11,0,0.02 | 0.45 | 1.16,0,3.46 | 8.81 | 222.22,18.981,0.000,0,1,0,0,0,0,-1,0,0,0,,0,,0,,0,0,0,1
1723314606,3843,8,8,8,8,9.121,0,0,0.11 | 0.11 | 0.11,0,0.02 | 0.45 | 1.16,0,3.46 | 8.81 | 222.22,18.981,0.000,0,1,0,0,0,0,-1,0,0,0,,0,,0,,0,0,0,1
1723314606,3843,8,8,8,8,9.121,0,0,0.11 | 0.11 | 0.11,0,0.02 | 0.45 | 1.16,0,3.46 | 8.81 | 222.22,18.981,0.000,0,1,0,0,0,0,-1,0,0,0,,0,,0,,0,0,0,1
1723314606,3843,8,8,8,8,9.121,0,0,0.11 | 0.11 | 0.11,0,0.02 | 0.45 | 1.16,0,3.46 | 8.81 | 222.22,18.981,0.000,0,1,0,0,0,0,-1,0,0,0,,0,,0,,0,0,0,1
1723314606,3843,8,8,8,8,9.121,0,0,0.11 | 0.11 | 0.11,0,0.02 | 0.45 | 1.16,0,3.46 | 8.81 | 222.22,18.981,0.000,0,1,0,0,0,0,-1,0,0,0,,0,,0,,0,0,0,1
1723314606,3843,8,8,8,8,8.059,0,0,0.11 | 0.11 | 0.11,0,0.02 | 0.45 | 1.16,0,3.46 | 8.81 | 222.22,18.981,0.000,0,1,0,0,0,0,-1,0,0,0,,0,,0,,0,0,0,1
1723314607,3843,8,8,8,8,8.059,0,0,0.11 | 0.11 | 0.11,0,0.02 | 0.45 | 1.16,0,3.46 | 8.81 | 222.22,18.981,0.000,0,1,0,0,0,0,-1,0,0,0,,0,,0,,0,0,0,1
1723314607,3843,8,8,8,8,8.059,0,0,0.11 | 0.11 | 0.11,0,0.02 | 0.45 | 1.16,0,3.46 | 8.81 | 222.22,18.981,0.000,0,1,0,0,0,0,-1,0,0,0,,0,,0,,0,0,0,1
1723314607,3843,8,8,8,8,8.059,0,0,0.11 | 0.11 | 0.11,0,0.02 | 0.45 | 1.16,0,3.46 | 8.81 | 222.22,18.981,0.000,0,1,0,0,0,0,-1,0,0,0,,0,,0,,0,0,0,1
1723314607,3843,8,8,8,8,8.059,0,0,0.11 | 0.11 | 0.11,0,0.02 | 0.45 | 1.16,0,3.46 | 8.81 | 222.22,18.981,0.000,0,1,0,0,0,0,-1,0,0,0,,0,,0,,0,0,0,1
1723314607,3843,8,8,8,8,8.059,0,0,0.11 | 0.11 | 0.11,0,0.02 | 0.45 | 1.16,0,3.46 | 8.81 | 222.22,18.981,0.000,0,1,0,0,0,0,-1,0,0,0,,0,,0,,0,0,0,1
1723314607,3843,8,8,8,8,8.059,0,0,0.11 | 0.11 | 0.11,0,0.02 | 0.45 | 1.16,0,3.46 | 8.81 | 222.22,18.981,0.000,0,1,0,0,0,0,-1,0,0,0,,0,,0,,0,0,0,1
1723314607,3843,8,8,8,8,8.059,0,0,0.11 | 0.11 | 0.11,0,0.02 | 0.45 | 1.16,0,3.46 | 8.81 | 222.22,18.981,0.000,0,1,0,0,0,0,-1,0,0,0,,0,,0,,0,0,0,1
1723314607,3843,8,8,8,8,8.059,0,0,0.11 | 0.11 | 0.11,0,0.02 | 0.45 | 1.16,0,3.46 | 8.81 | 222.22,18.981,0.000,0,1,0,0,0,0,-1,0,0,0,,0,,0,,0,0,0,1
1723314607,3843,8,8,8,8,8.059,0,0,0.11 | 0.11 | 0.11,0,0.02 | 0.45 | 1.16,0,3.46 | 8.81 | 222.22,18.981,0.000,0,1,0,0,0,0,-1,0,0,0,,0,,0,,0,0,0,1
1723314607,3843,8,8,8,8,7.262,0,0,0.11 | 0.11 | 0.11,0,0.02 | 0.45 | 1.16,0,3.46 | 8.81 | 222.22,18.981,0.000,0,1,0,0,0,0,-1,0,0,0,,0,,0,,0,0,0,1
1723314608,3843,8,8,8,8,7.262,0,0,0.11 | 0.11 | 0.11,0,0.02 | 0.45 | 1.16,0,3.46 | 8.81 | 222.22,18.981,0.000,0,1,0,0,0,0,-1,0,0,0,,0,,0,,0,0,0,1
1723314608,3843,8,8,8,8,7.262,0,0,0.11 | 0.11 | 0.11,0,0.02 | 0.45 | 1.16,0,3.46 | 8.81 | 222.22,18.981,0.000,0,1,0,0,0,0,-1,0,0,0,,0,,0,,0,0,0,1
1723314608,3843,8,8,8,8,7.262,0,0,0.11 | 0.11 | 0.11,0,0.02 | 0.45 | 1.16,0,3.46 | 8.81 | 222.22,18.981,0.000,0,1,0,0,0,0,-1,0,0,0,,0,,0,,0,0,0,1
1723314608,3843,8,8,8,8,7.262,0,0,0.11 | 0.11 | 0.11,0,0.02 | 0.45 | 1.16,0,3.46 | 8.81 | 222.22,18.981,0.000,0,1,0,0,0,0,-1,0,0,0,,0,,0,,0,0,0,1
1723314608,3843,8,8,8,8,7.262,0,0,0.11 | 0.11 | 0.11,0,0.02 | 0.45 | 1.16,0,3.46 | 8.81 | 222.22,18.981,0.000,0,1,0,0,0,0,-1,0,0,0,,0,,0,,0,0,0,1
1723314608,3843,8,8,8,8,7.262,0,0,0.11 | 0.11 | 0.11,0,0.02 | 0.45 | 1.16,0,3.46 | 8.81 | 222.22,18.981,0.000,0,1,0,0,0,0,-1,0,0,0,,0,,0,,0,0,0,1
1723314608,3843,8,8,8,8,7.262,0,0,0.11 | 0.11 | 0.11,0,0.02 | 0.45 | 1.16,0,3.46 | 8.81 | 222.22,18.981,0.000,0,1,0,0,0,0,-1,0,0,0,,0,,0,,0,0,0,1
1723314608,3843,8,8,8,8,7.262,0,0,0.11 | 0.11 | 0.11,0,0.02 | 0.45 | 1.16,0,3.46 | 8.81 | 222.22,18.981,0.000,0,1,0,0,0,0,-1,0,0,0,,0,,0,,0,0,0,1
1723314608,3843,8,8,8,8,7.262,0,0,0.11 | 0.11 | 0.11,0,0.02 | 0.45 | 1.16,0,3.46 | 8.81 | 222.22,18.981,0.000,0,1,0,0,0,0,-1,0,0,0,,0,,0,,0,0,0,1
1723314608,3843,8,8,8,8,6.2,0,0,0.11 | 0.11 | 0.11,0,0.02 | 0.45 | 1.16,0,3.46 | 8.81 | 222.22,18.981,0.000,0,1,0,0,0,0,-1,0,0,0,,0,,0,,0,0,0,1
1723314609,3843,8,8,8,8,6.2,0,0,0.11 | 0.11 | 0.11,0,0.02 | 0.45 | 1.16,0,3.46 | 8.81 | 222.22,18.981,0.000,0,1,0,0,0,0,-1,0,0,0,,0,,0,,0,0,0,1
1723314609,3843,8,8,8,8,6.2,0,0,0.11 | 0.11 | 0.11,0,0.02 | 0.45 | 1.16,0,3.46 | 8.81 | 222.22,18.981,0.000,0,1,0,0,0,0,-1,0,0,0,,0,,0,,0,0,0,1
1723314609,3843,8,8,8,8,6.2,0,0,0.11 | 0.11 | 0.11,0,0.02 | 0.45 | 1.16,0,3.46 | 8.81 | 222.22,18.981,0.000,0,1,0,0,0,0,-1,0,0,0,,0,,0,,0,0,0,1
1723314609,3843,8,8,8,8,6.2,0,0,0.11 | 0.11 | 0.11,0,0.02 | 0.45 | 1.16,0,3.46 | 8.81 | 222.22,18.981,0.000,0,1,0,0,0,0,-1,0,0,0,,0,,0,,0,0,0,1
1723314609,3843,8,8,8,8,6.2,0,0,0.11 | 0.11 | 0.11,0,0.02 | 0.45 | 1.16,0,3.46 | 8.81 | 222.22,18.981,0.000,0,1,0,0,0,0,-1,0,0,0,,0,,0,,0,0,0,1
1723314609,3843,8,8,8,8,6.2,0,0,0.11 | 0.11 | 0.11,0,0.02 | 0.45 | 1.16,0,3.46 | 8.81 | 222.22,18.981,0.000,0,1,0,0,0,0,-1,0,0,0,,0,,0,,0,0,0,1
1723314609,3843,8,8,8,8,6.2,0,0,0.11 | 0.11 | 0.11,0,0.02 | 0.45 | 1.16,0,3.46 | 8.81 | 222.22,18.981,0.000,0,1,0,0,0,0,-1,0,0,0,,0,,0,,0,0,0,1
1723314609,3843,8,8,8,8,6.2,0,0,0.11 | 0.11 | 0.11,0,0.02 | 0.45 | 1.16,0,3.46 | 8.81 | 222.22,18.981,0.000,0,1,0,0,0,0,-1,0,0,0,,0,,0,,0,0,0,1
1723314609,3843,8,8,8,8,6.2,0,0,0.11 | 0.11 | 0.11,0,0.02 | 0.45 | 1.16,0,3.46 | 8.81 | 222.22,18.981,0.000,0,1,0,0,0,0,-1,0,0,0,,0,,0,,0,0,0,1
1723314609,3843,8,8,8,8,5.137,0,0,0.11 | 0.11 | 0.11,0,0.02 | 0.45 | 1.16,0,3.46 | 8.81 | 222.22,18.981,0.000,0,1,0,0,0,0,-1,0,0,0,,0,,0,,0,0,0,1
1723314610,3843,8,8,8,8,5.137,0,0,0.11 | 0.11 | 0.11,0,0.02 | 0.45 | 1.16,0,3.46 | 8.81 | 222.22,18.981,0.000,0,1,0,0,0,0,-1,0,0,0,,0,,0,,0,0,0,1
1723314610,3843,8,8,8,8,5.137,0,0,0.11 | 0.11 | 0.11,0,0.02 | 0.45 | 1.16,0,3.46 | 8.81 | 222.22,18.981,0.000,0,1,0,0,0,0,-1,0,0,0,,0,,0,,0,0,0,1
1723314610,3843,8,8,8,8,5.137,0,0,0.11 | 0.11 | 0.11,0,0.02 | 0.45 | 1.16,0,3.46 | 8.81 | 222.22,18.981,0.000,0,1,0,0,0,0,-1,0,0,0,,0,,0,,0,0,0,1
1723314610,3843,8,8,8,8,5.137,0,0,0.11 | 0.11 | 0.11,0,0.02 | 0.45 | 1.16,0,3.46 | 8.81 | 222.22,18.981,0.000,0,1,0,0,0,0,-1,0,0,0,,0,,0,,0,0,0,1
1723314610,3843,8,8,8,8,5.137,0,0,0.11 | 0.11 | 0.11,0,0.02 | 0.45 | 1.16,0,3.46 | 8.81 | 222.22,18.981,0.000,0,1,0,0,0,0,-1,0,0,0,,0,,0,,0,0,0,1
1723314610,3843,8,8,8,8,5.137,0,0,0.11 | 0.11 | 0.11,0,0.02 | 0.45 | 1.16,0,3.46 | 8.81 | 222.22,18.981,0.000,0,1,0,0,0,0,-1,0,0,0,,0,,0,,0,0,0,1
1723314610,3843,8,8,8,8,5.137,0,0,0.11 | 0.11 | 0.11,0,0.02 | 0.45 | 1.16,0,3.46 | 8.81 | 222.22,18.981,0.000,0,1,0,0,0,0,-1,0,0,0,,0,,0,,0,0,0,1
1723314610,3843,8,8,8,8,5.137,0,0,0.11 | 0.11 | 0.11,0,0.02 | 0.45 | 1.16,0,3.46 | 8.81 | 222.22,18.981,0.000,0,1,0,0,0,0,-1,0,0,0,,0,,0,,0,0,0,1
1723314610,3843,8,8,8,8,5.137,0,0,0.11 | 0.11 | 0.11,0,0.02 | 0.45 | 1.16,0,3.46 | 8.81 | 222.22,18.981,0.000,0,1,0,0,0,0,-1,0,0,0,,0,,0,,0,0,0,1
1723314610,3843,8,8,8,8,4.075,0,0,0.11 | 0.11 | 0.11,0,0.02 | 0.45 | 1.16,0,3.46 | 8.81 | 222.22,18.981,0.000,0,1,0,0,0,0,-1,0,0,0,,0,,0,,0,0,0,1
1723314611,3843,8,8,8,8,4.075,0,0,0.11 | 0.11 | 0.11,0,0.02 | 0.45 | 1.16,0,3.46 | 8.81 | 222.22,18.981,0.000,0,1,0,0,0,0,-1,0,0,0,,0,,0,,0,0,0,1
1723314611,3843,8,8,8,8,4.075,0,0,0.11 | 0.11 | 0.11,0,0.02 | 0.45 | 1.16,0,3.46 | 8.81 | 222.22,18.981,0.000,0,1,0,0,0,0,-1,0,0,0,,0,,0,,0,0,0,1
1723314611,3843,8,8,8,8,4.075,0,0,0.11 | 0.11 | 0.11,0,0.02 | 0.45 | 1.16,0,3.46 | 8.81 | 222.22,18.981,0.000,0,1,0,0,0,0,-1,0,0,0,,0,,0,,0,0,0,1
1723314611,3843,8,8,8,8,4.075,0,0,0.11 | 0.11 | 0.11,0,0.02 | 0.45 | 1.16,0,3.46 | 8.81 | 222.22,18.981,0.000,0,1,0,0,0,0,-1,0,0,0,,0,,0,,0,0,0,1
1723314611,3843,8,8,8,8,4.075,0,0,0.11 | 0.11 | 0.11,0,0.02 | 0.45 | 1.16,0,3.46 | 8.81 | 222.22,18.981,0.000,0,1,0,0,0,0,-1,0,0,0,,0,,0,,0,0,0,1
1723314611,3843,8,8,8,8,4.075,0,0,0.11 | 0.11 | 0.11,0,0.02 | 0.45 | 1.16,0,3.46 | 8.81 | 222.22,18.981,0.000,0,1,0,0,0,0,-1,0,0,0,,0,,0,,0,0,0,1
1723314611,3843,8,8,8,8,4.075,0,0,0.11 | 0.11 | 0.11,0,0.02 | 0.45 | 1.16,0,3.46 | 8.81 | 222.22,18.981,0.000,0,1,0,0,0,0,-1,0,0,0,,0,,0,,0,0,0,1
1723314611,3843,8,8,8,8,4.075,0,0,0.11 | 0.11 | 0.11,0,0.02 | 0.45 | 1.16,0,3.46 | 8.81 | 222.22,18.981,0.000,0,1,0,0,0,0,-1,0,0,0,,0,,0,,0,0,0,1
1723314611,3843,8,8,8,8,4.075,0,0,0.11 | 0.11 | 0.11,0,0.02 | 0.45 | 1.16,0,3.46 | 8.81 | 222.22,18.981,0.000,0,1,0,0,0,0,-1,0,0,0,,0,,0,,0,0,0,1
1723314611,3843,8,8,8,8,3.278,0,0,0.11 | 0.11 | 0.11,0,0.02 | 0.45 | 1.16,0,3.46 | 8.81 | 222.22,18.981,0.000,0,1,0,0,0,0,-1,0,0,0,,0,,0,,0,0,0,1
1723314612,3843,8,8,8,8,3.278,0,0,0.11 | 0.11 | 0.11,0,0.02 | 0.45 | 1.16,0,3.46 | 8.81 | 222.22,18.981,0.000,0,1,0,0,0,0,-1,0,0,0,,0,,0,,0,0,0,1
1723314612,3843,8,8,8,8,3.278,0,0,0.11 | 0.11 | 0.11,0,0.02 | 0.45 | 1.16,0,3.46 | 8.81 | 222.22,18.981,0.000,0,1,0,0,0,0,-1,0,0,0,,0,,0,,0,0,0,1
1723314612,3843,8,8,8,8,3.278,0,0,0.11 | 0.11 | 0.11,0,0.02 | 0.45 | 1.16,0,3.46 | 8.81 | 222.22,18.981,0.000,0,1,0,0,0,0,-1,0,0,0,,0,,0,,0,0,0,1
1723314612,3843,8,8,8,8,3.278,0,0,0.11 | 0.11 | 0.11,0,0.02 | 0.45 | 1.16,0,3.46 | 8.81 | 222.22,18.981,0.000,0,1,0,0,0,0,-1,0,0,0,,0,,0,,0,0,0,1
1723314612,3843,8,8,8,8,3.278,0,0,0.11 | 0.11 | 0.11,0,0.02 | 0.45 | 1.16,0,3.46 | 8.81 | 222.22,18.981,0.000,0,1,0,0,0,0,-1,0,0,0,,0,,0,,0,0,0,1
1723314612,3843,8,8,8,8,3.278,0,0,0.11 | 0.11 | 0.11,0,0.02 | 0.45 | 1.16,0,3.46 | 8.81 | 222.22,18.981,0.000,0,1,0,0,0,0,-1,0,0,0,,0,,0,,0,0,0,1
1723314612,3843,8,8,8,8,3.278,0,0,0.11 | 0.11 | 0.11,0,0.02 | 0.45 | 1.16,0,3.46 | 8.81 | 222.22,18.981,0.000,0,1,0,0,0,0,-1,0,0,0,,0,,0,,0,0,0,1
1723314612,3843,8,8,8,8,3.278,0,0,0.11 | 0.11 | 0.11,0,0.02 | 0.45 | 1.16,0,3.46 | 8.81 | 222.22,18.981,0.000,0,1,0,0,0,0,-1,0,0,0,,0,,0,,0,0,0,1
1723314612,3843,8,8,8,8,3.278,0,0,0.11 | 0.11 | 0.11,0,0.02 | 0.45 | 1.16,0,3.46 | 8.81 | 222.22,18.981,0.000,0,1,0,0,0,0,-1,0,0,0,,0,,0,,0,0,0,1
1723314612,3843,8,8,8,8,2.215,0,0,0.11 | 0.11 | 0.11,0,0.02 | 0.45 | 1.16,0,3.46 | 8.81 | 222.22,18.981,0.000,0,1,0,0,0,0,-1,0,0,0,,0,,0,,0,0,0,1
1723314613,3843,8,8,8,8,2.215,0,0,0.11 | 0.11 | 0.11,0,0.02 | 0.45 | 1.16,0,3.46 | 8.81 | 222.22,18.981,0.000,0,1,0,0,0,0,-1,0,0,0,,0,,0,,0,0,0,1
1723314613,3843,8,8,8,8,2.215,0,0,0.11 | 0.11 | 0.11,0,0.02 | 0.45 | 1.16,0,3.46 | 8.81 | 222.22,18.981,0.000,0,1,0,0,0,0,-1,0,0,0,,0,,0,,0,0,0,1
1723314613,3843,8,8,8,8,2.215,0,0,0.11 | 0.11 | 0.11,0,0.02 | 0.45 | 1.16,0,3.46 | 8.81 | 222.22,18.981,0.000,0,1,0,0,0,0,-1,0,0,0,,0,,0,,0,0,0,1
1723314613,3843,8,8,8,8,2.215,0,0,0.11 | 0.11 | 0.11,0,0.02 | 0.45 | 1.16,0,3.46 | 8.81 | 222.22,18.981,0.000,0,1,0,0,0,0,-1,0,0,0,,0,,0,,0,0,0,1
1723314613,3843,8,8,8,8,2.215,0,0,0.11 | 0.11 | 0.11,0,0.02 | 0.45 | 1.16,0,3.46 | 8.81 | 222.22,18.981,0.000,0,1,0,0,0,0,-1,0,0,0,,0,,0,,0,0,0,1
1723314613,3843,8,8,8,8,2.215,0,0,0.11 | 0.11 | 0.11,0,0.02 | 0.45 | 1.16,0,3.46 | 8.81 | 222.22,18.981,0.000,0,1,0,0,0,0,-1,0,0,0,,0,,0,,0,0,0,1
1723314613,3843,8,8,8,8,2.215,0,0,0.11 | 0.11 | 0.11,0,0.02 | 0.45 | 1.16,0,3.46 | 8.81 | 222.22,18.981,0.000,0,1,0,0,0,0,-1,0,0,0,,0,,0,,0,0,0,1
1723314613,3843,8,8,8,8,2.215,0,0,0.11 | 0.11 | 0.11,0,0.02 | 0.45 | 1.16,0,3.46 | 8.81 | 222.22,18.981,0.000,0,1,0,0,0,0,-1,0,0,0,,0,,0,,0,0,0,1
1723314613,3843,8,8,8,8,2.215,0,0,0.11 | 0.11 | 0.11,0,0.02 | 0.45 | 1.16,0,3.46 | 8.81 | 222.22,18.981,0.000,0,1,0,0,0,0,-1,0,0,0,,0,,0,,0,0,0,1
1723314613,3843,8,8,8,8,1.153,0,0,0.11 | 0.11 | 0.11,0,0.02 | 0.45 | 1.16,0,3.46 | 8.81 | 222.22,18.981,0.000,0,1,0,0,0,0,-1,0,0,0,,0,,0,,0,0,0,1
1723314614,3843,8,8,8,8,1.153,0,0,0.11 | 0.11 | 0.11,0,0.02 | 0.45 | 1.16,0,3.46 | 8.81 | 222.22,18.981,0.000,0,1,0,0,0,0,-1,0,0,0,,0,,0,,0,0,0,1
1723314614,3843,8,8,8,8,1.153,0,0,0.11 | 0.11 | 0.11,0,0.02 | 0.45 | 1.16,0,3.46 | 8.81 | 222.22,18.981,0.000,0,1,0,0,0,0,-1,0,0,0,,0,,0,,0,0,0,1
1723314614,3843,8,8,8,8,1.153,0,0,0.11 | 0.11 | 0.11,0,0.02 | 0.45 | 1.16,0,3.46 | 8.81 | 222.22,18.981,0.000,0,1,0,0,0,0,-1,0,0,0,,0,,0,,0,0,0,1
1723314614,3843,8,8,8,8,1.153,0,0,0.11 | 0.11 | 0.11,0,0.02 | 0.45 | 1.16,0,3.46 | 8.81 | 222.22,18.981,0.000,0,1,0,0,0,0,-1,0,0,0,,0,,0,,0,0,0,1
1723314614,3843,8,8,8,8,1.153,0,0,0.11 | 0.11 | 0.11,0,0.02 | 0.45 | 1.16,0,3.46 | 8.81 | 222.22,18.981,0.000,0,1,0,0,0,0,-1,0,0,0,,0,,0,,0,0,0,1
1723314614,3843,8,8,8,8,1.153,0,0,0.11 | 0.11 | 0.11,0,0.02 | 0.45 | 1.16,0,3.46 | 8.81 | 222.22,18.981,0.000,0,1,0,0,0,0,-1,0,0,0,,0,,0,,0,0,0,1
1723314614,3843,8,8,8,8,1.153,0,0,0.11 | 0.11 | 0.11,0,0.02 | 0.45 | 1.16,0,3.46 | 8.81 | 222.22,18.981,0.000,0,1,0,0,0,0,-1,0,0,0,,0,,0,,0,0,0,1
1723314614,3843,8,8,8,8,1.153,0,0,0.11 | 0.11 | 0.11,0,0.02 | 0.45 | 1.16,0,3.46 | 8.81 | 222.22,18.981,0.000,0,1,0,0,0,0,-1,0,0,0,,0,,0,,0,0,0,1
1723314614,3843,8,8,8,8,1.153,0,0,0.11 | 0.11 | 0.11,0,0.02 | 0.45 | 1.16,0,3.46 | 8.81 | 222.22,18.981,0.000,0,1,0,0,0,0,-1,0,0,0,,0,,0,,0,0,0,1
