ts,videoBitrate,videoIndex,videoPendingIndex,videoPendingMaxIndex,videoMaxIndex,videoBufferLength,videoDroppedFrames,videoLatencyCount,videoLatency,videoDownloadCount,videoDownload,videoRatioCount,videoRatio,videoMtp,videoEtp,videoLiveLatency,videoPlaybackRate,audioBitrate,audioIndex,audioPendingIndex,audioPendingMaxIndex,audioMaxIndex,audioBufferLength,audioDroppedFrames,audioLatencyCount,audioLatency,audioDownloadCount,audioDownload,audioRatioCount,audioRatio,audioMtp,audioEtp,Throughput,audioLiveLatency,audioPlaybackRate
17253893688,772,0,4,8,8,0,0,0,,0,,0,,0,0,0,1,0,0,0,0,-1,0,0,0,,0,,0,,0,0,933,0,1
17253893689,772,0,4,8,8,4.753,0,0,0.11 | 0.11 | 0.11,0,1.79 | 1.79 | 1.79,0,2.23 | 2.23 | 2.23,0.933,0.000,0,1,0,0,0,0,-1,0,0,0,,0,,0,,0,0,933,0,1
17253893690,772,4,4,8,8,4.753,0,0,0.11 | 0.11 | 0.11,0,1.79 | 1.79 | 1.79,0,2.23 | 2.23 | 2.23,0.933,0.000,0,1,0,0,0,0,-1,0,0,0,,0,,0,,0,0,933,0,1
17253893691,772,4,4,8,8,4.753,0,0,0.11 | 0.11 | 0.11,0,1.79 | 1.79 | 1.79,0,2.23 | 2.23 | 2.23,0.933,0.000,0,1,0,0,0,0,-1,0,0,0,,0,,0,,0,0,933,0,1
17253893692,772,4,4,8,8,4.753,0,0,0.11 | 0.11 | 0.11,0,1.79 | 1.79 | 1.79,0,2.23 | 2.23 | 2.23,0.933,0.000,0,1,0,0,0,0,-1,0,0,0,,0,,0,,0,0,933,0,1
17253893693,772,4,4,8,8,4.753,0,0,0.11 | 0.11 | 0.11,0,1.79 | 1.79 | 1.79,0,2.23 | 2.23 | 2.23,0.933,0.000,0,1,0,0,0,0,-1,0,0,0,,0,,0,,0,0,933,0,1
17253893694,772,4,4,8,8,4.753,0,0,0.11 | 0.11 | 0.11,0,1.79 | 1.79 | 1.79,0,2.23 | 2.23 | 2.23,0.933,0.000,0,1,0,0,0,0,-1,0,0,0,,0,,0,,0,0,933,0,1
17253893695,772,4,4,8,8,4.753,0,0,0.11 | 0.11 | 0.11,0,1.79 | 1.79 | 1.79,0,2.23 | 2.23 | 2.23,0.933,0.000,0,1,0,0,0,0,-1,0,0,0,,0,,0,,0,0,933,0,1
17253893696,772,4,4,8,8,4.753,0,0,0.11 | 0.11 | 0.11,0,1.79 | 1.79 | 1.79,0,2.23 | 2.23 | 2.23,0.933,0.000,0,1,0,0,0,0,-1,0,0,0,,0,,0,,0,0,952,0,1
17253893697,772,4,4,8,8,4.753,0,0,0.11 | 0.11 | 0.11,0,1.79 | 1.79 | 1.79,0,2.23 | 2.23 | 2.23,0.933,0.000,0,1,0,0,0,0,-1,0,0,0,,0,,0,,0,0,952,0,1
17253893698,772,4,4,8,8,4.753,0,0,0.11 | 0.11 | 0.11,0,1.79 | 1.79 | 1.79,0,2.23 | 2.23 | 2.23,0.933,0.000,0,1,0,0,0,0,-1,0,0,0,,0,,0,,0,0,952,0,1
17253893699,772,4,4,8,8,7,0,0,0.11 | 0.11 | 0.11,0,0.71 | 1.25 | 1.79,0,2.23 | 3.19 | 5.62,0.952,0.000,0,1,0,0,0,0,-1,0,0,0,,0,,0,,0,0,952,0,1
17253893700,772,4,4,8,8,7,0,0,0.11 | 0.11 | 0.11,0,0.71 | 1.25 | 1.79,0,2.23 | 3.19 | 5.62,0.952,0.000,0,1,0,0,0,0,-1,0,0,0,,0,,0,,0,0,952,0,1
17253893701,772,4,4,8,8,7,0,0,0.11 | 0.11 | 0.11,0,0.71 | 1.25 | 1.79,0,2.23 | 3.19 | 5.62,0.952,0.000,0,1,0,0,0,0,-1,0,0,0,,0,,0,,0,0,952,0,1
17253893702,772,4,4,8,8,7,0,0,0.11 | 0.11 | 0.11,0,0.71 | 1.25 | 1.79,0,2.23 | 3.19 | 5.62,0.952,0.000,0,1,0,0,0,0,-1,0,0,0,,0,,0,,0,0,952,0,1
17253893703,772,4,4,8,8,7,0,0,0.11 | 0.11 | 0.11,0,0.71 | 1.25 | 1.79,0,2.23 | 3.19 | 5.62,0.952,0.000,0,1,0,0,0,0,-1,0,0,0,,0,,0,,0,0,952,0,1
17253893704,772,4,4,8,8,7,0,0,0.11 | 0.11 | 0.11,0,0.71 | 1.25 | 1.79,0,2.23 | 3.19 | 5.62,0.952,0.000,0,1,0,0,0,0,-1,0,0,0,,0,,0,,0,0,952,0,1
17253893705,772,4,4,8,8,7,0,0,0.11 | 0.11 | 0.11,0,0.71 | 1.25 | 1.79,0,2.23 | 3.19 | 5.62,0.952,0.000,0,1,0,0,0,0,-1,0,0,0,,0,,0,,0,0,952,0,1
17253893706,772,4,4,8,8,7,0,0,0.11 | 0.11 | 0.11,0,0.71 | 1.25 | 1.79,0,2.23 | 3.19 | 5.62,0.952,0.000,0,1,0,0,0,0,-1,0,0,0,,0,,0,,0,0,952,0,1
17253893707,772,4,4,8,8,7,0,0,0.11 | 0.11 | 0.11,0,0.71 | 1.25 | 1.79,0,2.23 | 3.19 | 5.62,0.952,0.000,0,1,0,0,0,0,-1,0,0,0,,0,,0,,0,0,952,0,1
17253893708,772,4,4,8,8,7,0,0,0.11 | 0.11 | 0.11,0,0.71 | 1.25 | 1.79,0,2.23 | 3.19 | 5.62,0.952,0.000,0,1,0,0,0,0,-1,0,0,0,,0,,0,,0,0,952,0,1
17253893709,772,4,4,8,8,5.938,0,0,0.11 | 0.11 | 0.11,0,0.71 | 1.25 | 1.79,0,2.23 | 3.19 | 5.62,0.952,0.000,0,1,0,0,0,0,-1,0,0,0,,0,,0,,0,0,952,0,1
17253893710,772,4,4,8,8,5.938,0,0,0.11 | 0.11 | 0.11,0,0.71 | 1.25 | 1.79,0,2.23 | 3.19 | 5.62,0.952,0.000,0,1,0,0,0,0,-1,0,0,0,,0,,0,,0,0,952,0,1
17253893711,772,4,4,8,8,5.938,0,0,0.11 | 0.11 | 0.11,0,0.71 | 1.25 | 1.79,0,2.23 | 3.19 | 5.62,0.952,0.000,0,1,0,0,0,0,-1,0,0,0,,0,,0,,0,0,952,0,1
17253893712,772,4,4,8,8,5.938,0,0,0.11 | 0.11 | 0.11,0,0.71 | 1.25 | 1.79,0,2.23 | 3.19 | 5.62,0.952,0.000,0,1,0,0,0,0,-1,0,0,0,,0,,0,,0,0,952,0,1
17253893713,772,4,4,8,8,5.938,0,0,0.11 | 0.11 | 0.11,0,0.71 | 1.25 | 1.79,0,2.23 | 3.19 | 5.62,0.952,0.000,0,1,0,0,0,0,-1,0,0,0,,0,,0,,0,0,952,0,1
17253893714,772,4,4,8,8,5.938,0,0,0.11 | 0.11 | 0.11,0,0.71 | 1.25 | 1.79,0,2.23 | 3.19 | 5.62,0.952,0.000,0,1,0,0,0,0,-1,0,0,0,,0,,0,,0,0,952,0,1
17253893715,772,4,4,8,8,5.938,0,0,0.11 | 0.11 | 0.11,0,0.71 | 1.25 | 1.79,0,2.23 | 3.19 | 5.62,0.952,0.000,0,1,0,0,0,0,-1,0,0,0,,0,,0,,0,0,952,0,1
17253893716,772,4,4,8,8,5.938,0,0,0.11 | 0.11 | 0.11,0,0.71 | 1.25 | 1.79,0,2.23 | 3.19 | 5.62,0.952,0.000,0,1,0,0,0,0,-1,0,0,0,,0,,0,,0,0,952,0,1
17253893717,772,4,4,8,8,5.938,0,0,0.11 | 0.11 | 0.11,0,0.71 | 1.25 | 1.79,0,2.23 | 3.19 | 5.62,0.952,0.000,0,1,0,0,0,0,-1,0,0,0,,0,,0,,0,0,952,0,1
17253893718,772,4,4,8,8,5.938,0,0,0.11 | 0.11 | 0.11,0,0.71 | 1.25 | 1.79,0,2.23 | 3.19 | 5.62,0.952,0.000,0,1,0,0,0,0,-1,0,0,0,,0,,0,,0,0,952,0,1
17253893719,772,4,4,8,8,5.141,0,0,0.11 | 0.11 | 0.11,0,0.71 | 1.25 | 1.79,0,2.23 | 3.19 | 5.62,0.952,0.000,0,1,0,0,0,0,-1,0,0,0,,0,,0,,0,0,952,0,1
17253893720,772,4,4,8,8,5.141,0,0,0.11 | 0.11 | 0.11,0,0.71 | 1.25 | 1.79,0,2.23 | 3.19 | 5.62,0.952,0.000,0,1,0,0,0,0,-1,0,0,0,,0,,0,,0,0,952,0,1
17253893721,772,4,4,8,8,5.141,0,0,0.11 | 0.11 | 0.11,0,0.71 | 1.25 | 1.79,0,2.23 | 3.19 | 5.62,0.952,0.000,0,1,0,0,0,0,-1,0,0,0,,0,,0,,0,0,952,0,1
17253893722,772,4,4,8,8,5.141,0,0,0.11 | 0.11 | 0.11,0,0.71 | 1.25 | 1.79,0,2.23 | 3.19 | 5.62,0.952,0.000,0,1,0,0,0,0,-1,0,0,0,,0,,0,,0,0,952,0,1
17253893723,772,4,4,8,8,5.141,0,0,0.11 | 0.11 | 0.11,0,0.71 | 1.25 | 1.79,0,2.23 | 3.19 | 5.62,0.952,0.000,0,1,0,0,0,0,-1,0,0,0,,0,,0,,0,0,952,0,1
17253893724,772,4,4,8,8,5.141,0,0,0.11 | 0.11 | 0.11,0,0.71 | 1.25 | 1.79,0,2.23 | 3.19 | 5.62,0.952,0.000,0,1,0,0,0,0,-1,0,0,0,,0,,0,,0,0,952,0,1
17253893725,772,4,4,8,8,5.141,0,0,0.11 | 0.11 | 0.11,0,0.71 | 1.25 | 1.79,0,2.23 | 3.19 | 5.62,0.952,0.000,0,1,0,0,0,0,-1,0,0,0,,0,,0,,0,0,952,0,1
17253893726,772,4,4,8,8,5.141,0,0,0.11 | 0.11 | 0.11,0,0.71 | 1.25 | 1.79,0,2.23 | 3.19 | 5.62,0.952,0.000,0,1,0,0,0,0,-1,0,0,0,,0,,0,,0,0,952,0,1
17253893727,772,4,4,8,8,5.141,0,0,0.11 | 0.11 | 0.11,0,0.71 | 1.25 | 1.79,0,2.23 | 3.19 | 5.62,0.952,0.000,0,1,0,0,0,0,-1,0,0,0,,0,,0,,0,0,952,0,1
17253893728,772,4,4,8,8,5.141,0,0,0.11 | 0.11 | 0.11,0,0.71 | 1.25 | 1.79,0,2.23 | 3.19 | 5.62,0.952,0.000,0,1,0,0,0,0,-1,0,0,0,,0,,0,,0,0,952,0,1
17253893729,772,4,4,8,8,4.078,0,0,0.11 | 0.11 | 0.11,0,0.71 | 1.25 | 1.79,0,2.23 | 3.19 | 5.62,0.952,0.000,0,1,0,0,0,0,-1,0,0,0,,0,,0,,0,0,952,0,1
17253893730,772,4,4,8,8,4.078,0,0,0.11 | 0.11 | 0.11,0,0.71 | 1.25 | 1.79,0,2.23 | 3.19 | 5.62,0.952,0.000,0,1,0,0,0,0,-1,0,0,0,,0,,0,,0,0,952,0,1
17253893731,772,4,4,8,8,4.078,0,0,0.11 | 0.11 | 0.11,0,0.71 | 1.25 | 1.79,0,2.23 | 3.19 | 5.62,0.952,0.000,0,1,0,0,0,0,-1,0,0,0,,0,,0,,0,0,952,0,1
17253893732,772,4,4,8,8,4.078,0,0,0.11 | 0.11 | 0.11,0,0.71 | 1.25 | 1.79,0,2.23 | 3.19 | 5.62,0.952,0.000,0,1,0,0,0,0,-1,0,0,0,,0,,0,,0,0,952,0,1
17253893733,772,4,4,8,8,4.078,0,0,0.11 | 0.11 | 0.11,0,0.71 | 1.25 | 1.79,0,2.23 | 3.19 | 5.62,0.952,0.000,0,1,0,0,0,0,-1,0,0,0,,0,,0,,0,0,952,0,1
17253893734,772,4,4,8,8,4.078,0,0,0.11 | 0.11 | 0.11,0,0.71 | 1.25 | 1.79,0,2.23 | 3.19 | 5.62,0.952,0.000,0,1,0,0,0,0,-1,0,0,0,,0,,0,,0,0,952,0,1
17253893735,772,4,4,8,8,4.078,0,0,0.11 | 0.11 | 0.11,0,0.71 | 1.25 | 1.79,0,2.23 | 3.19 | 5.62,0.952,0.000,0,1,0,0,0,0,-1,0,0,0,,0,,0,,0,0,952,0,1
17253893736,772,4,4,8,8,4.078,0,0,0.11 | 0.11 | 0.11,0,0.71 | 1.25 | 1.79,0,2.23 | 3.19 | 5.62,0.952,0.000,0,1,0,0,0,0,-1,0,0,0,,0,,0,,0,0,952,0,1
17253893737,772,4,4,8,8,4.078,0,0,0.11 | 0.11 | 0.11,0,0.71 | 1.25 | 1.79,0,2.23 | 3.19 | 5.62,0.952,0.000,0,1,0,0,0,0,-1,0,0,0,,0,,0,,0,0,952,0,1
17253893738,772,4,4,8,8,4.078,0,0,0.11 | 0.11 | 0.11,0,0.71 | 1.25 | 1.79,0,2.23 | 3.19 | 5.62,0.952,0.000,0,1,0,0,0,0,-1,0,0,0,,0,,0,,0,0,952,0,1
17253893739,772,4,4,8,8,3.016,0,0,0.11 | 0.11 | 0.11,0,0.71 | 1.25 | 1.79,0,2.23 | 3.19 | 5.62,0.952,0.000,0,1,0,0,0,0,-1,0,0,0,,0,,0,,0,0,952,0,1
17253893740,772,4,4,8,8,3.016,0,0,0.11 | 0.11 | 0.11,0,0.71 | 1.25 | 1.79,0,2.23 | 3.19 | 5.62,0.952,0.000,0,1,0,0,0,0,-1,0,0,0,,0,,0,,0,0,952,0,1
17253893741,772,4,4,8,8,3.016,0,0,0.11 | 0.11 | 0.11,0,0.71 | 1.25 | 1.79,0,2.23 | 3.19 | 5.62,0.952,0.000,0,1,0,0,0,0,-1,0,0,0,,0,,0,,0,0,952,0,1
17253893742,772,4,4,8,8,3.016,0,0,0.11 | 0.11 | 0.11,0,0.71 | 1.25 | 1.79,0,2.23 | 3.19 | 5.62,0.952,0.000,0,1,0,0,0,0,-1,0,0,0,,0,,0,,0,0,952,0,1
17253893743,772,4,4,8,8,3.016,0,0,0.11 | 0.11 | 0.11,0,0.71 | 1.25 | 1.79,0,2.23 | 3.19 | 5.62,0.952,0.000,0,1,0,0,0,0,-1,0,0,0,,0,,0,,0,0,952,0,1
17253893744,772,4,4,8,8,3.016,0,0,0.11 | 0.11 | 0.11,0,0.71 | 1.25 | 1.79,0,2.23 | 3.19 | 5.62,0.952,0.000,0,1,0,0,0,0,-1,0,0,0,,0,,0,,0,0,952,0,1
17253893745,772,4,4,8,8,3.016,0,0,0.11 | 0.11 | 0.11,0,0.71 | 1.25 | 1.79,0,2.23 | 3.19 | 5.62,0.952,0.000,0,1,0,0,0,0,-1,0,0,0,,0,,0,,0,0,952,0,1
17253893746,772,4,4,8,8,3.016,0,0,0.11 | 0.11 | 0.11,0,0.71 | 1.25 | 1.79,0,2.23 | 3.19 | 5.62,0.952,0.000,0,1,0,0,0,0,-1,0,0,0,,0,,0,,0,0,952,0,1
17253893747,772,4,4,8,8,3.016,0,0,0.11 | 0.11 | 0.11,0,0.71 | 1.25 | 1.79,0,2.23 | 3.19 | 5.62,0.952,0.000,0,1,0,0,0,0,-1,0,0,0,,0,,0,,0,0,936.3333333333334,0,1
17253893748,772,4,4,8,8,3.016,0,0,0.11 | 0.11 | 0.11,0,0.71 | 1.25 | 1.79,0,2.23 | 3.19 | 5.62,0.952,0.000,0,1,0,0,0,0,-1,0,0,0,,0,,0,,0,0,936.3333333333334,0,1
17253893749,772,4,4,8,8,6.753,0,0,0.11 | 0.11 | 0.11,0,0.71 | 2.49 | 4.97,0,0.80 | 1.60 | 5.62,0.936,0.000,0,1,0,0,0,0,-1,0,0,0,,0,,0,,0,0,936.3333333333334,0,1
17253893750,772,4,4,8,8,6.753,0,0,0.11 | 0.11 | 0.11,0,0.71 | 2.49 | 4.97,0,0.80 | 1.60 | 5.62,0.936,0.000,0,1,0,0,0,0,-1,0,0,0,,0,,0,,0,0,936.3333333333334,0,1
17253893751,772,4,4,8,8,6.753,0,0,0.11 | 0.11 | 0.11,0,0.71 | 2.49 | 4.97,0,0.80 | 1.60 | 5.62,0.936,0.000,0,1,0,0,0,0,-1,0,0,0,,0,,0,,0,0,936.3333333333334,0,1
17253893752,772,4,4,8,8,6.753,0,0,0.11 | 0.11 | 0.11,0,0.71 | 2.49 | 4.97,0,0.80 | 1.60 | 5.62,0.936,0.000,0,1,0,0,0,0,-1,0,0,0,,0,,0,,0,0,936.3333333333334,0,1
17253893753,772,4,4,8,8,6.753,0,0,0.11 | 0.11 | 0.11,0,0.71 | 2.49 | 4.97,0,0.80 | 1.60 | 5.62,0.936,0.000,0,1,0,0,0,0,-1,0,0,0,,0,,0,,0,0,936.3333333333334,0,1
17253893754,772,4,4,8,8,6.753,0,0,0.11 | 0.11 | 0.11,0,0.71 | 2.49 | 4.97,0,0.80 | 1.60 | 5.62,0.936,0.000,0,1,0,0,0,0,-1,0,0,0,,0,,0,,0,0,936.3333333333334,0,1
17253893755,772,4,4,8,8,6.753,0,0,0.11 | 0.11 | 0.11,0,0.71 | 2.49 | 4.97,0,0.80 | 1.60 | 5.62,0.936,0.000,0,1,0,0,0,0,-1,0,0,0,,0,,0,,0,0,936.3333333333334,0,1
17253893756,772,4,4,8,8,6.753,0,0,0.11 | 0.11 | 0.11,0,0.71 | 2.49 | 4.97,0,0.80 | 1.60 | 5.62,0.936,0.000,0,1,0,0,0,0,-1,0,0,0,,0,,0,,0,0,936.3333333333334,0,1
17253893757,772,4,4,8,8,6.753,0,0,0.11 | 0.11 | 0.11,0,0.71 | 2.49 | 4.97,0,0.80 | 1.60 | 5.62,0.936,0.000,0,1,0,0,0,0,-1,0,0,0,,0,,0,,0,0,936.3333333333334,0,1
17253893758,772,4,4,8,8,6.753,0,0,0.11 | 0.11 | 0.11,0,0.71 | 2.49 | 4.97,0,0.80 | 1.60 | 5.62,0.936,0.000,0,1,0,0,0,0,-1,0,0,0,,0,,0,,0,0,936.3333333333334,0,1
17253893759,772,4,4,8,8,5.957,0,0,0.11 | 0.11 | 0.11,0,0.71 | 2.49 | 4.97,0,0.80 | 1.60 | 5.62,0.936,0.000,0,1,0,0,0,0,-1,0,0,0,,0,,0,,0,0,936.3333333333334,0,1
17253893760,772,4,4,8,8,5.957,0,0,0.11 | 0.11 | 0.11,0,0.71 | 2.49 | 4.97,0,0.80 | 1.60 | 5.62,0.936,0.000,0,1,0,0,0,0,-1,0,0,0,,0,,0,,0,0,936.3333333333334,0,1
17253893761,772,4,4,8,8,5.957,0,0,0.11 | 0.11 | 0.11,0,0.71 | 2.49 | 4.97,0,0.80 | 1.60 | 5.62,0.936,0.000,0,1,0,0,0,0,-1,0,0,0,,0,,0,,0,0,936.3333333333334,0,1
17253893762,772,4,4,8,8,5.957,0,0,0.11 | 0.11 | 0.11,0,0.71 | 2.49 | 4.97,0,0.80 | 1.60 | 5.62,0.936,0.000,0,1,0,0,0,0,-1,0,0,0,,0,,0,,0,0,936.3333333333334,0,1
17253893763,772,4,4,8,8,5.957,0,0,0.11 | 0.11 | 0.11,0,0.71 | 2.49 | 4.97,0,0.80 | 1.60 | 5.62,0.936,0.000,0,1,0,0,0,0,-1,0,0,0,,0,,0,,0,0,936.3333333333334,0,1
17253893764,772,4,4,8,8,5.957,0,0,0.11 | 0.11 | 0.11,0,0.71 | 2.49 | 4.97,0,0.80 | 1.60 | 5.62,0.936,0.000,0,1,0,0,0,0,-1,0,0,0,,0,,0,,0,0,936.3333333333334,0,1
17253893765,772,4,4,8,8,5.957,0,0,0.11 | 0.11 | 0.11,0,0.71 | 2.49 | 4.97,0,0.80 | 1.60 | 5.62,0.936,0.000,0,1,0,0,0,0,-1,0,0,0,,0,,0,,0,0,936.3333333333334,0,1
17253893766,772,4,4,8,8,5.957,0,0,0.11 | 0.11 | 0.11,0,0.71 | 2.49 | 4.97,0,0.80 | 1.60 | 5.62,0.936,0.000,0,1,0,0,0,0,-1,0,0,0,,0,,0,,0,0,936.3333333333334,0,1
17253893767,772,4,4,8,8,5.957,0,0,0.11 | 0.11 | 0.11,0,0.71 | 2.49 | 4.97,0,0.80 | 1.60 | 5.62,0.936,0.000,0,1,0,0,0,0,-1,0,0,0,,0,,0,,0,0,936.3333333333334,0,1
17253893768,772,4,4,8,8,5.957,0,0,0.11 | 0.11 | 0.11,0,0.71 | 2.49 | 4.97,0,0.80 | 1.60 | 5.62,0.936,0.000,0,1,0,0,0,0,-1,0,0,0,,0,,0,,0,0,936.3333333333334,0,1
17253893769,772,4,4,8,8,4.894,0,0,0.11 | 0.11 | 0.11,0,0.71 | 2.49 | 4.97,0,0.80 | 1.60 | 5.62,0.936,0.000,0,1,0,0,0,0,-1,0,0,0,,0,,0,,0,0,936.3333333333334,0,1
17253893770,772,4,4,8,8,4.894,0,0,0.11 | 0.11 | 0.11,0,0.71 | 2.49 | 4.97,0,0.80 | 1.60 | 5.62,0.936,0.000,0,1,0,0,0,0,-1,0,0,0,,0,,0,,0,0,936.3333333333334,0,1
17253893771,772,4,4,8,8,4.894,0,0,0.11 | 0.11 | 0.11,0,0.71 | 2.49 | 4.97,0,0.80 | 1.60 | 5.62,0.936,0.000,0,1,0,0,0,0,-1,0,0,0,,0,,0,,0,0,936.3333333333334,0,1
17253893772,772,4,4,8,8,4.894,0,0,0.11 | 0.11 | 0.11,0,0.71 | 2.49 | 4.97,0,0.80 | 1.60 | 5.62,0.936,0.000,0,1,0,0,0,0,-1,0,0,0,,0,,0,,0,0,936.3333333333334,0,1
17253893773,772,4,4,8,8,4.894,0,0,0.11 | 0.11 | 0.11,0,0.71 | 2.49 | 4.97,0,0.80 | 1.60 | 5.62,0.936,0.000,0,1,0,0,0,0,-1,0,0,0,,0,,0,,0,0,939.75,0,1
17253893774,772,4,4,8,8,4.894,0,0,0.11 | 0.11 | 0.11,0,0.71 | 2.49 | 4.97,0,0.80 | 1.60 | 5.62,0.936,0.000,0,1,0,0,0,0,-1,0,0,0,,0,,0,,0,0,939.75,0,1
17253893775,772,4,4,8,8,4.894,0,0,0.11 | 0.11 | 0.11,0,0.71 | 2.49 | 4.97,0,0.80 | 1.60 | 5.62,0.936,0.000,0,1,0,0,0,0,-1,0,0,0,,0,,0,,0,0,939.75,0,1
17253893776,772,4,4,8,8,4.894,0,0,0.11 | 0.11 | 0.11,0,0.71 | 2.49 | 4.97,0,0.80 | 1.60 | 5.62,0.936,0.000,0,1,0,0,0,0,-1,0,0,0,,0,,0,,0,0,939.75,0,1
17253893777,772,4,4,8,8,4.894,0,0,0.11 | 0.11 | 0.11,0,0.71 | 2.49 | 4.97,0,0.80 | 1.60 | 5.62,0.936,0.000,0,1,0,0,0,0,-1,0,0,0,,0,,0,,0,0,939.75,0,1
17253893778,772,4,4,8,8,4.894,0,0,0.11 | 0.11 | 0.11,0,0.71 | 2.49 | 4.97,0,0.80 | 1.60 | 5.62,0.936,0.000,0,1,0,0,0,0,-1,0,0,0,,0,,0,,0,0,939.75,0,1
17253893779,772,4,4,8,8,7.031,0,0,0.11 | 0.11 | 0.11,0,0.71 | 2.49 | 4.97,0,0.80 | 1.60 | 5.62,0.940,0.000,0,1,0,0,0,0,-1,0,0,0,,0,,0,,0,0,939.75,0,1
17253893780,772,4,4,8,8,7.031,0,0,0.11 | 0.11 | 0.11,0,0.71 | 2.49 | 4.97,0,0.80 | 1.60 | 5.62,0.940,0.000,0,1,0,0,0,0,-1,0,0,0,,0,,0,,0,0,939.75,0,1
17253893781,772,4,4,8,8,7.031,0,0,0.11 | 0.11 | 0.11,0,0.71 | 2.49 | 4.97,0,0.80 | 1.60 | 5.62,0.940,0.000,0,1,0,0,0,0,-1,0,0,0,,0,,0,,0,0,939.75,0,1
17253893782,772,4,4,8,8,7.031,0,0,0.11 | 0.11 | 0.11,0,0.71 | 2.49 | 4.97,0,0.80 | 1.60 | 5.62,0.940,0.000,0,1,0,0,0,0,-1,0,0,0,,0,,0,,0,0,939.75,0,1
17253893783,772,4,4,8,8,7.031,0,0,0.11 | 0.11 | 0.11,0,0.71 | 2.49 | 4.97,0,0.80 | 1.60 | 5.62,0.940,0.000,0,1,0,0,0,0,-1,0,0,0,,0,,0,,0,0,939.75,0,1
17253893784,772,4,4,8,8,7.031,0,0,0.11 | 0.11 | 0.11,0,0.71 | 2.49 | 4.97,0,0.80 | 1.60 | 5.62,0.940,0.000,0,1,0,0,0,0,-1,0,0,0,,0,,0,,0,0,939.75,0,1
17253893785,772,4,4,8,8,7.031,0,0,0.11 | 0.11 | 0.11,0,0.71 | 2.49 | 4.97,0,0.80 | 1.60 | 5.62,0.940,0.000,0,1,0,0,0,0,-1,0,0,0,,0,,0,,0,0,939.75,0,1
17253893786,772,4,4,8,8,7.031,0,0,0.11 | 0.11 | 0.11,0,0.71 | 2.49 | 4.97,0,0.80 | 1.60 | 5.62,0.940,0.000,0,1,0,0,0,0,-1,0,0,0,,0,,0,,0,0,939.75,0,1
17253893787,772,4,4,8,8,7.031,0,0,0.11 | 0.11 | 0.11,0,0.71 | 2.49 | 4.97,0,0.80 | 1.60 | 5.62,0.940,0.000,0,1,0,0,0,0,-1,0,0,0,,0,,0,,0,0,939.75,0,1
17253893788,772,4,4,8,8,7.031,0,0,0.11 | 0.11 | 0.11,0,0.71 | 2.49 | 4.97,0,0.80 | 1.60 | 5.62,0.940,0.000,0,1,0,0,0,0,-1,0,0,0,,0,,0,,0,0,939.75,0,1
17253893789,772,4,4,8,8,5.969,0,0,0.11 | 0.11 | 0.11,0,0.71 | 2.49 | 4.97,0,0.80 | 1.60 | 5.62,0.940,0.000,0,1,0,0,0,0,-1,0,0,0,,0,,0,,0,0,939.75,0,1
17253893790,772,4,4,8,8,5.969,0,0,0.11 | 0.11 | 0.11,0,0.71 | 2.49 | 4.97,0,0.80 | 1.60 | 5.62,0.940,0.000,0,1,0,0,0,0,-1,0,0,0,,0,,0,,0,0,939.75,0,1
17253893791,772,4,4,8,8,5.969,0,0,0.11 | 0.11 | 0.11,0,0.71 | 2.49 | 4.97,0,0.80 | 1.60 | 5.62,0.940,0.000,0,1,0,0,0,0,-1,0,0,0,,0,,0,,0,0,939.75,0,1
17253893792,772,4,4,8,8,5.969,0,0,0.11 | 0.11 | 0.11,0,0.71 | 2.49 | 4.97,0,0.80 | 1.60 | 5.62,0.940,0.000,0,1,0,0,0,0,-1,0,0,0,,0,,0,,0,0,939.75,0,1
17253893793,772,4,4,8,8,5.969,0,0,0.11 | 0.11 | 0.11,0,0.71 | 2.49 | 4.97,0,0.80 | 1.60 | 5.62,0.940,0.000,0,1,0,0,0,0,-1,0,0,0,,0,,0,,0,0,939.75,0,1
17253893794,772,4,4,8,8,5.969,0,0,0.11 | 0.11 | 0.11,0,0.71 | 2.49 | 4.97,0,0.80 | 1.60 | 5.62,0.940,0.000,0,1,0,0,0,0,-1,0,0,0,,0,,0,,0,0,939.75,0,1
17253893795,772,4,4,8,8,5.969,0,0,0.11 | 0.11 | 0.11,0,0.71 | 2.49 | 4.97,0,0.80 | 1.60 | 5.62,0.940,0.000,0,1,0,0,0,0,-1,0,0,0,,0,,0,,0,0,939.75,0,1
17253893796,772,4,4,8,8,5.969,0,0,0.11 | 0.11 | 0.11,0,0.71 | 2.49 | 4.97,0,0.80 | 1.60 | 5.62,0.940,0.000,0,1,0,0,0,0,-1,0,0,0,,0,,0,,0,0,939.75,0,1
17253893797,772,4,4,8,8,5.969,0,0,0.11 | 0.11 | 0.11,0,0.71 | 2.49 | 4.97,0,0.80 | 1.60 | 5.62,0.940,0.000,0,1,0,0,0,0,-1,0,0,0,,0,,0,,0,0,939.75,0,1
17253893798,772,4,4,8,8,5.969,0,0,0.11 | 0.11 | 0.11,0,0.71 | 2.49 | 4.97,0,0.80 | 1.60 | 5.62,0.940,0.000,0,1,0,0,0,0,-1,0,0,0,,0,,0,,0,0,939.75,0,1
17253893799,772,4,4,8,8,4.907,0,0,0.11 | 0.11 | 0.11,0,0.71 | 2.49 | 4.97,0,0.80 | 1.60 | 5.62,0.940,0.000,0,1,0,0,0,0,-1,0,0,0,,0,,0,,0,0,939.75,0,1
17253893800,772,4,4,8,8,4.907,0,0,0.11 | 0.11 | 0.11,0,0.71 | 2.49 | 4.97,0,0.80 | 1.60 | 5.62,0.940,0.000,0,1,0,0,0,0,-1,0,0,0,,0,,0,,0,0,939.75,0,1
17253893801,772,4,4,8,8,4.907,0,0,0.11 | 0.11 | 0.11,0,0.71 | 2.49 | 4.97,0,0.80 | 1.60 | 5.62,0.940,0.000,0,1,0,0,0,0,-1,0,0,0,,0,,0,,0,0,939.75,0,1
17253893802,772,4,4,8,8,4.907,0,0,0.11 | 0.11 | 0.11,0,0.71 | 2.49 | 4.97,0,0.80 | 1.60 | 5.62,0.940,0.000,0,1,0,0,0,0,-1,0,0,0,,0,,0,,0,0,939.75,0,1
17253893803,772,4,4,8,8,4.907,0,0,0.11 | 0.11 | 0.11,0,0.71 | 2.49 | 4.97,0,0.80 | 1.60 | 5.62,0.940,0.000,0,1,0,0,0,0,-1,0,0,0,,0,,0,,0,0,939.75,0,1
17253893804,772,4,4,8,8,4.907,0,0,0.11 | 0.11 | 0.11,0,0.71 | 2.49 | 4.97,0,0.80 | 1.60 | 5.62,0.940,0.000,0,1,0,0,0,0,-1,0,0,0,,0,,0,,0,0,939.75,0,1
17253893805,772,4,4,8,8,4.907,0,0,0.11 | 0.11 | 0.11,0,0.71 | 2.49 | 4.97,0,0.80 | 1.60 | 5.62,0.940,0.000,0,1,0,0,0,0,-1,0,0,0,,0,,0,,0,0,939.75,0,1
17253893806,772,4,4,8,8,4.907,0,0,0.11 | 0.11 | 0.11,0,0.71 | 2.49 | 4.97,0,0.80 | 1.60 | 5.62,0.940,0.000,0,1,0,0,0,0,-1,0,0,0,,0,,0,,0,0,939.75,0,1
17253893807,772,4,4,8,8,4.907,0,0,0.11 | 0.11 | 0.11,0,0.71 | 2.49 | 4.97,0,0.80 | 1.60 | 5.62,0.940,0.000,0,1,0,0,0,0,-1,0,0,0,,0,,0,,0,0,939.75,0,1
17253893808,772,4,4,8,8,4.907,0,0,0.11 | 0.11 | 0.11,0,0.71 | 2.49 | 4.97,0,0.80 | 1.60 | 5.62,0.940,0.000,0,1,0,0,0,0,-1,0,0,0,,0,,0,,0,0,939.75,0,1
17253893809,772,4,4,8,8,4.109,0,0,0.11 | 0.11 | 0.11,0,0.71 | 2.49 | 4.97,0,0.80 | 1.60 | 5.62,0.940,0.000,0,1,0,0,0,0,-1,0,0,0,,0,,0,,0,0,939.75,0,1
17253893810,772,4,4,8,8,4.109,0,0,0.11 | 0.11 | 0.11,0,0.71 | 2.49 | 4.97,0,0.80 | 1.60 | 5.62,0.940,0.000,0,1,0,0,0,0,-1,0,0,0,,0,,0,,0,0,939.75,0,1
17253893811,772,4,4,8,8,4.109,0,0,0.11 | 0.11 | 0.11,0,0.71 | 2.49 | 4.97,0,0.80 | 1.60 | 5.62,0.940,0.000,0,1,0,0,0,0,-1,0,0,0,,0,,0,,0,0,938.5,0,1
17253893812,772,4,4,8,8,4.109,0,0,0.11 | 0.11 | 0.11,0,0.71 | 2.49 | 4.97,0,0.80 | 1.60 | 5.62,0.940,0.000,0,1,0,0,0,0,-1,0,0,0,,0,,0,,0,0,938.5,0,1
17253893813,772,4,4,8,8,4.109,0,0,0.11 | 0.11 | 0.11,0,0.71 | 2.49 | 4.97,0,0.80 | 1.60 | 5.62,0.940,0.000,0,1,0,0,0,0,-1,0,0,0,,0,,0,,0,0,938.5,0,1
17253893814,772,4,4,8,8,4.109,0,0,0.11 | 0.11 | 0.11,0,0.71 | 2.49 | 4.97,0,0.80 | 1.60 | 5.62,0.940,0.000,0,1,0,0,0,0,-1,0,0,0,,0,,0,,0,0,938.5,0,1
17253893815,772,4,4,8,8,4.109,0,0,0.11 | 0.11 | 0.11,0,0.71 | 2.49 | 4.97,0,0.80 | 1.60 | 5.62,0.940,0.000,0,1,0,0,0,0,-1,0,0,0,,0,,0,,0,0,938.5,0,1
17253893816,772,4,4,8,8,4.109,0,0,0.11 | 0.11 | 0.11,0,0.71 | 2.49 | 4.97,0,0.80 | 1.60 | 5.62,0.940,0.000,0,1,0,0,0,0,-1,0,0,0,,0,,0,,0,0,938.5,0,1
17253893817,772,4,4,8,8,4.109,0,0,0.11 | 0.11 | 0.11,0,0.71 | 2.49 | 4.97,0,0.80 | 1.60 | 5.62,0.940,0.000,0,1,0,0,0,0,-1,0,0,0,,0,,0,,0,0,938.5,0,1
17253893818,772,4,4,8,8,4.109,0,0,0.11 | 0.11 | 0.11,0,0.71 | 2.49 | 4.97,0,0.80 | 1.60 | 5.62,0.940,0.000,0,1,0,0,0,0,-1,0,0,0,,0,,0,,0,0,938.5,0,1
17253893819,772,4,4,8,8,7.847,0,0,0.11 | 0.11 | 0.11,0,0.71 | 2.96 | 4.97,0,0.80 | 1.35 | 5.62,0.939,0.000,0,1,0,0,0,0,-1,0,0,0,,0,,0,,0,0,938.5,0,1
17253893820,772,4,4,8,8,7.847,0,0,0.11 | 0.11 | 0.11,0,0.71 | 2.96 | 4.97,0,0.80 | 1.35 | 5.62,0.939,0.000,0,1,0,0,0,0,-1,0,0,0,,0,,0,,0,0,938.5,0,1
17253893821,772,4,4,8,8,7.847,0,0,0.11 | 0.11 | 0.11,0,0.71 | 2.96 | 4.97,0,0.80 | 1.35 | 5.62,0.939,0.000,0,1,0,0,0,0,-1,0,0,0,,0,,0,,0,0,938.5,0,1
17253893822,772,4,4,8,8,7.847,0,0,0.11 | 0.11 | 0.11,0,0.71 | 2.96 | 4.97,0,0.80 | 1.35 | 5.62,0.939,0.000,0,1,0,0,0,0,-1,0,0,0,,0,,0,,0,0,938.5,0,1
17253893823,772,4,4,8,8,7.847,0,0,0.11 | 0.11 | 0.11,0,0.71 | 2.96 | 4.97,0,0.80 | 1.35 | 5.62,0.939,0.000,0,1,0,0,0,0,-1,0,0,0,,0,,0,,0,0,938.5,0,1
17253893824,772,4,4,8,8,7.847,0,0,0.11 | 0.11 | 0.11,0,0.71 | 2.96 | 4.97,0,0.80 | 1.35 | 5.62,0.939,0.000,0,1,0,0,0,0,-1,0,0,0,,0,,0,,0,0,938.5,0,1
17253893825,772,4,4,8,8,7.847,0,0,0.11 | 0.11 | 0.11,0,0.71 | 2.96 | 4.97,0,0.80 | 1.35 | 5.62,0.939,0.000,0,1,0,0,0,0,-1,0,0,0,,0,,0,,0,0,938.5,0,1
17253893826,772,4,4,8,8,7.847,0,0,0.11 | 0.11 | 0.11,0,0.71 | 2.96 | 4.97,0,0.80 | 1.35 | 5.62,0.939,0.000,0,1,0,0,0,0,-1,0,0,0,,0,,0,,0,0,938.5,0,1
17253893827,772,4,4,8,8,7.847,0,0,0.11 | 0.11 | 0.11,0,0.71 | 2.96 | 4.97,0,0.80 | 1.35 | 5.62,0.939,0.000,0,1,0,0,0,0,-1,0,0,0,,0,,0,,0,0,938.5,0,1
17253893828,772,4,4,8,8,7.847,0,0,0.11 | 0.11 | 0.11,0,0.71 | 2.96 | 4.97,0,0.80 | 1.35 | 5.62,0.939,0.000,0,1,0,0,0,0,-1,0,0,0,,0,,0,,0,0,938.5,0,1
17253893829,772,4,4,8,8,6.785,0,0,0.11 | 0.11 | 0.11,0,0.71 | 2.96 | 4.97,0,0.80 | 1.35 | 5.62,0.939,0.000,0,1,0,0,0,0,-1,0,0,0,,0,,0,,0,0,938.5,0,1
17253893830,772,4,4,8,8,6.785,0,0,0.11 | 0.11 | 0.11,0,0.71 | 2.96 | 4.97,0,0.80 | 1.35 | 5.62,0.939,0.000,0,1,0,0,0,0,-1,0,0,0,,0,,0,,0,0,938.5,0,1
17253893831,772,4,4,8,8,6.785,0,0,0.11 | 0.11 | 0.11,0,0.71 | 2.96 | 4.97,0,0.80 | 1.35 | 5.62,0.939,0.000,0,1,0,0,0,0,-1,0,0,0,,0,,0,,0,0,938.5,0,1
17253893832,772,4,4,8,8,6.785,0,0,0.11 | 0.11 | 0.11,0,0.71 | 2.96 | 4.97,0,0.80 | 1.35 | 5.62,0.939,0.000,0,1,0,0,0,0,-1,0,0,0,,0,,0,,0,0,938.5,0,1
17253893833,772,4,4,8,8,6.785,0,0,0.11 | 0.11 | 0.11,0,0.71 | 2.96 | 4.97,0,0.80 | 1.35 | 5.62,0.939,0.000,0,1,0,0,0,0,-1,0,0,0,,0,,0,,0,0,938.5,0,1
17253893834,772,4,4,8,8,6.785,0,0,0.11 | 0.11 | 0.11,0,0.71 | 2.96 | 4.97,0,0.80 | 1.35 | 5.62,0.939,0.000,0,1,0,0,0,0,-1,0,0,0,,0,,0,,0,0,938.5,0,1
17253893835,772,4,4,8,8,6.785,0,0,0.11 | 0.11 | 0.11,0,0.71 | 2.96 | 4.97,0,0.80 | 1.35 | 5.62,0.939,0.000,0,1,0,0,0,0,-1,0,0,0,,0,,0,,0,0,938.5,0,1
17253893836,772,4,4,8,8,6.785,0,0,0.11 | 0.11 | 0.11,0,0.71 | 2.96 | 4.97,0,0.80 | 1.35 | 5.62,0.939,0.000,0,1,0,0,0,0,-1,0,0,0,,0,,0,,0,0,938.5,0,1
17253893837,772,4,4,8,8,6.785,0,0,0.11 | 0.11 | 0.11,0,0.71 | 2.96 | 4.97,0,0.80 | 1.35 | 5.62,0.939,0.000,0,1,0,0,0,0,-1,0,0,0,,0,,0,,0,0,938.5,0,1
17253893838,772,4,4,8,8,6.785,0,0,0.11 | 0.11 | 0.11,0,0.71 | 2.96 | 4.97,0,0.80 | 1.35 | 5.62,0.939,0.000,0,1,0,0,0,0,-1,0,0,0,,0,,0,,0,0,938.5,0,1
17253893839,772,4,4,8,8,5.722,0,0,0.11 | 0.11 | 0.11,0,0.71 | 2.96 | 4.97,0,0.80 | 1.35 | 5.62,0.939,0.000,0,1,0,0,0,0,-1,0,0,0,,0,,0,,0,0,938.5,0,1
17253893840,772,4,4,8,8,5.722,0,0,0.11 | 0.11 | 0.11,0,0.71 | 2.96 | 4.97,0,0.80 | 1.35 | 5.62,0.939,0.000,0,1,0,0,0,0,-1,0,0,0,,0,,0,,0,0,938.5,0,1
17253893841,772,4,4,8,8,5.722,0,0,0.11 | 0.11 | 0.11,0,0.71 | 2.96 | 4.97,0,0.80 | 1.35 | 5.62,0.939,0.000,0,1,0,0,0,0,-1,0,0,0,,0,,0,,0,0,938.5,0,1
17253893842,772,4,4,8,8,5.722,0,0,0.11 | 0.11 | 0.11,0,0.71 | 2.96 | 4.97,0,0.80 | 1.35 | 5.62,0.939,0.000,0,1,0,0,0,0,-1,0,0,0,,0,,0,,0,0,938.5,0,1
17253893843,772,4,4,8,8,5.722,0,0,0.11 | 0.11 | 0.11,0,0.71 | 2.96 | 4.97,0,0.80 | 1.35 | 5.62,0.939,0.000,0,1,0,0,0,0,-1,0,0,0,,0,,0,,0,0,938.5,0,1
17253893844,772,4,4,8,8,5.722,0,0,0.11 | 0.11 | 0.11,0,0.71 | 2.96 | 4.97,0,0.80 | 1.35 | 5.62,0.939,0.000,0,1,0,0,0,0,-1,0,0,0,,0,,0,,0,0,938.5,0,1
17253893845,772,4,4,8,8,5.722,0,0,0.11 | 0.11 | 0.11,0,0.71 | 2.96 | 4.97,0,0.80 | 1.35 | 5.62,0.939,0.000,0,1,0,0,0,0,-1,0,0,0,,0,,0,,0,0,938.5,0,1
17253893846,772,4,4,8,8,5.722,0,0,0.11 | 0.11 | 0.11,0,0.71 | 2.96 | 4.97,0,0.80 | 1.35 | 5.62,0.939,0.000,0,1,0,0,0,0,-1,0,0,0,,0,,0,,0,0,938.5,0,1
17253893847,772,4,4,8,8,5.722,0,0,0.11 | 0.11 | 0.11,0,0.71 | 2.96 | 4.97,0,0.80 | 1.35 | 5.62,0.939,0.000,0,1,0,0,0,0,-1,0,0,0,,0,,0,,0,0,938.5,0,1
17253893848,772,4,4,8,8,5.722,0,0,0.11 | 0.11 | 0.11,0,0.71 | 2.96 | 4.97,0,0.80 | 1.35 | 5.62,0.939,0.000,0,1,0,0,0,0,-1,0,0,0,,0,,0,,0,0,938.5,0,1
17253893849,772,4,4,8,8,4.925,0,0,0.11 | 0.11 | 0.11,0,0.71 | 2.96 | 4.97,0,0.80 | 1.35 | 5.62,0.939,0.000,0,1,0,0,0,0,-1,0,0,0,,0,,0,,0,0,938.5,0,1
17253893850,772,4,4,8,8,4.925,0,0,0.11 | 0.11 | 0.11,0,0.71 | 2.96 | 4.97,0,0.80 | 1.35 | 5.62,0.939,0.000,0,1,0,0,0,0,-1,0,0,0,,0,,0,,0,0,938.5,0,1
17253893851,772,4,4,8,8,4.925,0,0,0.11 | 0.11 | 0.11,0,0.71 | 2.96 | 4.97,0,0.80 | 1.35 | 5.62,0.939,0.000,0,1,0,0,0,0,-1,0,0,0,,0,,0,,0,0,938.5,0,1
17253893852,580,4,3,8,8,4.925,0,0,0.11 | 0.11 | 0.11,0,0.71 | 2.96 | 4.97,0,0.80 | 1.35 | 5.62,0.939,0.000,0,1,0,0,0,0,-1,0,0,0,,0,,0,,0,0,879.25,0,1
17253893853,580,4,3,8,8,4.925,0,0,0.11 | 0.11 | 0.11,0,0.71 | 2.96 | 4.97,0,0.80 | 1.35 | 5.62,0.939,0.000,0,1,0,0,0,0,-1,0,0,0,,0,,0,,0,0,879.25,0,1
17253893854,580,4,3,8,8,4.925,0,0,0.11 | 0.11 | 0.11,0,0.71 | 2.96 | 4.97,0,0.80 | 1.35 | 5.62,0.939,0.000,0,1,0,0,0,0,-1,0,0,0,,0,,0,,0,0,879.25,0,1
17253893855,580,4,3,8,8,4.925,0,0,0.11 | 0.11 | 0.11,0,0.71 | 2.96 | 4.97,0,0.80 | 1.35 | 5.62,0.939,0.000,0,1,0,0,0,0,-1,0,0,0,,0,,0,,0,0,879.25,0,1
17253893856,580,4,3,8,8,4.925,0,0,0.11 | 0.11 | 0.11,0,0.71 | 2.96 | 4.97,0,0.80 | 1.35 | 5.62,0.939,0.000,0,1,0,0,0,0,-1,0,0,0,,0,,0,,0,0,879.25,0,1
17253893857,580,4,3,8,8,4.925,0,0,0.11 | 0.11 | 0.11,0,0.71 | 2.96 | 4.97,0,0.80 | 1.35 | 5.62,0.939,0.000,0,1,0,0,0,0,-1,0,0,0,,0,,0,,0,0,879.25,0,1
17253893858,580,4,3,8,8,4.925,0,0,0.11 | 0.11 | 0.11,0,0.71 | 2.96 | 4.97,0,0.80 | 1.35 | 5.62,0.939,0.000,0,1,0,0,0,0,-1,0,0,0,,0,,0,,0,0,879.25,0,1
17253893859,580,4,3,8,8,7.063,0,0,0.11 | 0.11 | 0.11,0,2.50 | 3.78 | 4.97,0,0.80 | 1.06 | 1.60,0.879,0.000,0,1,0,0,0,0,-1,0,0,0,,0,,0,,0,0,879.25,0,1
17253893860,580,4,3,8,8,7.063,0,0,0.11 | 0.11 | 0.11,0,2.50 | 3.78 | 4.97,0,0.80 | 1.06 | 1.60,0.879,0.000,0,1,0,0,0,0,-1,0,0,0,,0,,0,,0,0,879.25,0,1
17253893861,580,4,3,8,8,7.063,0,0,0.11 | 0.11 | 0.11,0,2.50 | 3.78 | 4.97,0,0.80 | 1.06 | 1.60,0.879,0.000,0,1,0,0,0,0,-1,0,0,0,,0,,0,,0,0,879.25,0,1
17253893862,580,4,3,8,8,7.063,0,0,0.11 | 0.11 | 0.11,0,2.50 | 3.78 | 4.97,0,0.80 | 1.06 | 1.60,0.879,0.000,0,1,0,0,0,0,-1,0,0,0,,0,,0,,0,0,879.25,0,1
17253893863,580,4,3,8,8,7.063,0,0,0.11 | 0.11 | 0.11,0,2.50 | 3.78 | 4.97,0,0.80 | 1.06 | 1.60,0.879,0.000,0,1,0,0,0,0,-1,0,0,0,,0,,0,,0,0,879.25,0,1
17253893864,580,4,3,8,8,7.063,0,0,0.11 | 0.11 | 0.11,0,2.50 | 3.78 | 4.97,0,0.80 | 1.06 | 1.60,0.879,0.000,0,1,0,0,0,0,-1,0,0,0,,0,,0,,0,0,879.25,0,1
17253893865,580,4,3,8,8,7.063,0,0,0.11 | 0.11 | 0.11,0,2.50 | 3.78 | 4.97,0,0.80 | 1.06 | 1.60,0.879,0.000,0,1,0,0,0,0,-1,0,0,0,,0,,0,,0,0,879.25,0,1
17253893866,580,4,3,8,8,7.063,0,0,0.11 | 0.11 | 0.11,0,2.50 | 3.78 | 4.97,0,0.80 | 1.06 | 1.60,0.879,0.000,0,1,0,0,0,0,-1,0,0,0,,0,,0,,0,0,879.25,0,1
17253893867,580,4,3,8,8,7.063,0,0,0.11 | 0.11 | 0.11,0,2.50 | 3.78 | 4.97,0,0.80 | 1.06 | 1.60,0.879,0.000,0,1,0,0,0,0,-1,0,0,0,,0,,0,,0,0,879.25,0,1
17253893868,580,4,3,8,8,7.063,0,0,0.11 | 0.11 | 0.11,0,2.50 | 3.78 | 4.97,0,0.80 | 1.06 | 1.60,0.879,0.000,0,1,0,0,0,0,-1,0,0,0,,0,,0,,0,0,879.25,0,1
17253893869,580,4,3,8,8,6,0,0,0.11 | 0.11 | 0.11,0,2.50 | 3.78 | 4.97,0,0.80 | 1.06 | 1.60,0.879,0.000,0,1,0,0,0,0,-1,0,0,0,,0,,0,,0,0,879.25,0,1
17253893870,580,4,3,8,8,6,0,0,0.11 | 0.11 | 0.11,0,2.50 | 3.78 | 4.97,0,0.80 | 1.06 | 1.60,0.879,0.000,0,1,0,0,0,0,-1,0,0,0,,0,,0,,0,0,879.25,0,1
17253893871,580,4,3,8,8,6,0,0,0.11 | 0.11 | 0.11,0,2.50 | 3.78 | 4.97,0,0.80 | 1.06 | 1.60,0.879,0.000,0,1,0,0,0,0,-1,0,0,0,,0,,0,,0,0,879.25,0,1
17253893872,580,4,3,8,8,6,0,0,0.11 | 0.11 | 0.11,0,2.50 | 3.78 | 4.97,0,0.80 | 1.06 | 1.60,0.879,0.000,0,1,0,0,0,0,-1,0,0,0,,0,,0,,0,0,879.25,0,1
17253893873,580,4,3,8,8,6,0,0,0.11 | 0.11 | 0.11,0,2.50 | 3.78 | 4.97,0,0.80 | 1.06 | 1.60,0.879,0.000,0,1,0,0,0,0,-1,0,0,0,,0,,0,,0,0,879.25,0,1
17253893874,580,4,3,8,8,6,0,0,0.11 | 0.11 | 0.11,0,2.50 | 3.78 | 4.97,0,0.80 | 1.06 | 1.60,0.879,0.000,0,1,0,0,0,0,-1,0,0,0,,0,,0,,0,0,879.25,0,1
17253893875,580,4,3,8,8,6,0,0,0.11 | 0.11 | 0.11,0,2.50 | 3.78 | 4.97,0,0.80 | 1.06 | 1.60,0.879,0.000,0,1,0,0,0,0,-1,0,0,0,,0,,0,,0,0,879.25,0,1
17253893876,580,4,3,8,8,6,0,0,0.11 | 0.11 | 0.11,0,2.50 | 3.78 | 4.97,0,0.80 | 1.06 | 1.60,0.879,0.000,0,1,0,0,0,0,-1,0,0,0,,0,,0,,0,0,879.25,0,1
17253893877,580,4,3,8,8,6,0,0,0.11 | 0.11 | 0.11,0,2.50 | 3.78 | 4.97,0,0.80 | 1.06 | 1.60,0.879,0.000,0,1,0,0,0,0,-1,0,0,0,,0,,0,,0,0,879.25,0,1
17253893878,580,4,3,8,8,6,0,0,0.11 | 0.11 | 0.11,0,2.50 | 3.78 | 4.97,0,0.80 | 1.06 | 1.60,0.879,0.000,0,1,0,0,0,0,-1,0,0,0,,0,,0,,0,0,879.25,0,1
17253893879,580,4,3,8,8,4.938,0,0,0.11 | 0.11 | 0.11,0,2.50 | 3.78 | 4.97,0,0.80 | 1.06 | 1.60,0.879,0.000,0,1,0,0,0,0,-1,0,0,0,,0,,0,,0,0,879.25,0,1
17253893880,580,4,3,8,8,4.938,0,0,0.11 | 0.11 | 0.11,0,2.50 | 3.78 | 4.97,0,0.80 | 1.06 | 1.60,0.879,0.000,0,1,0,0,0,0,-1,0,0,0,,0,,0,,0,0,879.25,0,1
17253893881,580,4,3,8,8,4.938,0,0,0.11 | 0.11 | 0.11,0,2.50 | 3.78 | 4.97,0,0.80 | 1.06 | 1.60,0.879,0.000,0,1,0,0,0,0,-1,0,0,0,,0,,0,,0,0,879.25,0,1
17253893882,580,4,3,8,8,4.938,0,0,0.11 | 0.11 | 0.11,0,2.50 | 3.78 | 4.97,0,0.80 | 1.06 | 1.60,0.879,0.000,0,1,0,0,0,0,-1,0,0,0,,0,,0,,0,0,879.25,0,1
17253893883,580,4,3,8,8,4.938,0,0,0.11 | 0.11 | 0.11,0,2.50 | 3.78 | 4.97,0,0.80 | 1.06 | 1.60,0.879,0.000,0,1,0,0,0,0,-1,0,0,0,,0,,0,,0,0,879.25,0,1
17253893884,580,4,3,8,8,4.938,0,0,0.11 | 0.11 | 0.11,0,2.50 | 3.78 | 4.97,0,0.80 | 1.06 | 1.60,0.879,0.000,0,1,0,0,0,0,-1,0,0,0,,0,,0,,0,0,879.25,0,1
17253893885,580,4,3,8,8,4.938,0,0,0.11 | 0.11 | 0.11,0,2.50 | 3.78 | 4.97,0,0.80 | 1.06 | 1.60,0.879,0.000,0,1,0,0,0,0,-1,0,0,0,,0,,0,,0,0,861.25,0,1
17253893886,580,4,3,8,8,4.938,0,0,0.11 | 0.11 | 0.11,0,2.50 | 3.78 | 4.97,0,0.80 | 1.06 | 1.60,0.879,0.000,0,1,0,0,0,0,-1,0,0,0,,0,,0,,0,0,861.25,0,1
17253893887,580,4,3,8,8,4.938,0,0,0.11 | 0.11 | 0.11,0,2.50 | 3.78 | 4.97,0,0.80 | 1.06 | 1.60,0.879,0.000,0,1,0,0,0,0,-1,0,0,0,,0,,0,,0,0,861.25,0,1
17253893888,580,4,3,8,8,4.938,0,0,0.11 | 0.11 | 0.11,0,2.50 | 3.78 | 4.97,0,0.80 | 1.06 | 1.60,0.879,0.000,0,1,0,0,0,0,-1,0,0,0,,0,,0,,0,0,861.25,0,1
17253893889,580,4,3,8,8,8.941,0,0,0.11 | 0.11 | 0.11,0,2.50 | 3.31 | 3.99,0,1.00 | 1.21 | 1.60,0.861,0.000,0,1,0,0,0,0,-1,0,0,0,,0,,0,,0,0,861.25,0,1
17253893890,580,4,3,8,8,8.941,0,0,0.11 | 0.11 | 0.11,0,2.50 | 3.31 | 3.99,0,1.00 | 1.21 | 1.60,0.861,0.000,0,1,0,0,0,0,-1,0,0,0,,0,,0,,0,0,861.25,0,1
17253893891,580,4,3,8,8,8.941,0,0,0.11 | 0.11 | 0.11,0,2.50 | 3.31 | 3.99,0,1.00 | 1.21 | 1.60,0.861,0.000,0,1,0,0,0,0,-1,0,0,0,,0,,0,,0,0,861.25,0,1
17253893892,580,4,3,8,8,8.941,0,0,0.11 | 0.11 | 0.11,0,2.50 | 3.31 | 3.99,0,1.00 | 1.21 | 1.60,0.861,0.000,0,1,0,0,0,0,-1,0,0,0,,0,,0,,0,0,861.25,0,1
17253893893,580,4,3,8,8,8.941,0,0,0.11 | 0.11 | 0.11,0,2.50 | 3.31 | 3.99,0,1.00 | 1.21 | 1.60,0.861,0.000,0,1,0,0,0,0,-1,0,0,0,,0,,0,,0,0,861.25,0,1
17253893894,580,4,3,8,8,8.941,0,0,0.11 | 0.11 | 0.11,0,2.50 | 3.31 | 3.99,0,1.00 | 1.21 | 1.60,0.861,0.000,0,1,0,0,0,0,-1,0,0,0,,0,,0,,0,0,861.25,0,1
17253893895,580,4,3,8,8,8.941,0,0,0.11 | 0.11 | 0.11,0,2.50 | 3.31 | 3.99,0,1.00 | 1.21 | 1.60,0.861,0.000,0,1,0,0,0,0,-1,0,0,0,,0,,0,,0,0,861.25,0,1
17253893896,580,4,3,8,8,8.941,0,0,0.11 | 0.11 | 0.11,0,2.50 | 3.31 | 3.99,0,1.00 | 1.21 | 1.60,0.861,0.000,0,1,0,0,0,0,-1,0,0,0,,0,,0,,0,0,861.25,0,1
17253893897,580,4,3,8,8,8.941,0,0,0.11 | 0.11 | 0.11,0,2.50 | 3.31 | 3.99,0,1.00 | 1.21 | 1.60,0.861,0.000,0,1,0,0,0,0,-1,0,0,0,,0,,0,,0,0,861.25,0,1
17253893898,580,4,3,8,8,8.941,0,0,0.11 | 0.11 | 0.11,0,2.50 | 3.31 | 3.99,0,1.00 | 1.21 | 1.60,0.861,0.000,0,1,0,0,0,0,-1,0,0,0,,0,,0,,0,0,861.25,0,1
17253893899,580,4,3,8,8,7.878,0,0,0.11 | 0.11 | 0.11,0,2.50 | 3.31 | 3.99,0,1.00 | 1.21 | 1.60,0.861,0.000,0,1,0,0,0,0,-1,0,0,0,,0,,0,,0,0,861.25,0,1
17253893900,580,4,3,8,8,7.878,0,0,0.11 | 0.11 | 0.11,0,2.50 | 3.31 | 3.99,0,1.00 | 1.21 | 1.60,0.861,0.000,0,1,0,0,0,0,-1,0,0,0,,0,,0,,0,0,861.25,0,1
17253893901,580,4,3,8,8,7.878,0,0,0.11 | 0.11 | 0.11,0,2.50 | 3.31 | 3.99,0,1.00 | 1.21 | 1.60,0.861,0.000,0,1,0,0,0,0,-1,0,0,0,,0,,0,,0,0,861.25,0,1
17253893902,580,4,3,8,8,7.878,0,0,0.11 | 0.11 | 0.11,0,2.50 | 3.31 | 3.99,0,1.00 | 1.21 | 1.60,0.861,0.000,0,1,0,0,0,0,-1,0,0,0,,0,,0,,0,0,861.25,0,1
17253893903,580,4,3,8,8,7.878,0,0,0.11 | 0.11 | 0.11,0,2.50 | 3.31 | 3.99,0,1.00 | 1.21 | 1.60,0.861,0.000,0,1,0,0,0,0,-1,0,0,0,,0,,0,,0,0,861.25,0,1
17253893904,580,4,3,8,8,7.878,0,0,0.11 | 0.11 | 0.11,0,2.50 | 3.31 | 3.99,0,1.00 | 1.21 | 1.60,0.861,0.000,0,1,0,0,0,0,-1,0,0,0,,0,,0,,0,0,861.25,0,1
17253893905,580,4,3,8,8,7.878,0,0,0.11 | 0.11 | 0.11,0,2.50 | 3.31 | 3.99,0,1.00 | 1.21 | 1.60,0.861,0.000,0,1,0,0,0,0,-1,0,0,0,,0,,0,,0,0,861.25,0,1
17253893906,580,4,3,8,8,7.878,0,0,0.11 | 0.11 | 0.11,0,2.50 | 3.31 | 3.99,0,1.00 | 1.21 | 1.60,0.861,0.000,0,1,0,0,0,0,-1,0,0,0,,0,,0,,0,0,861.25,0,1
17253893907,580,4,3,8,8,7.878,0,0,0.11 | 0.11 | 0.11,0,2.50 | 3.31 | 3.99,0,1.00 | 1.21 | 1.60,0.861,0.000,0,1,0,0,0,0,-1,0,0,0,,0,,0,,0,0,861.25,0,1
17253893908,580,4,3,8,8,7.878,0,0,0.11 | 0.11 | 0.11,0,2.50 | 3.31 | 3.99,0,1.00 | 1.21 | 1.60,0.861,0.000,0,1,0,0,0,0,-1,0,0,0,,0,,0,,0,0,848,0,1
17253893909,580,4,3,8,8,10.016,0,0,0.11 | 0.11 | 0.11,0,2.18 | 3.23 | 3.99,0,1.00 | 1.24 | 1.84,0.848,0.000,0,1,0,0,0,0,-1,0,0,0,,0,,0,,0,0,848,0,1
17253893910,580,4,3,8,8,10.016,0,0,0.11 | 0.11 | 0.11,0,2.18 | 3.23 | 3.99,0,1.00 | 1.24 | 1.84,0.848,0.000,0,1,0,0,0,0,-1,0,0,0,,0,,0,,0,0,848,0,1
17253893911,580,4,3,8,8,10.016,0,0,0.11 | 0.11 | 0.11,0,2.18 | 3.23 | 3.99,0,1.00 | 1.24 | 1.84,0.848,0.000,0,1,0,0,0,0,-1,0,0,0,,0,,0,,0,0,848,0,1
17253893912,580,4,3,8,8,10.016,0,0,0.11 | 0.11 | 0.11,0,2.18 | 3.23 | 3.99,0,1.00 | 1.24 | 1.84,0.848,0.000,0,1,0,0,0,0,-1,0,0,0,,0,,0,,0,0,848,0,1
17253893913,580,4,3,8,8,10.016,0,0,0.11 | 0.11 | 0.11,0,2.18 | 3.23 | 3.99,0,1.00 | 1.24 | 1.84,0.848,0.000,0,1,0,0,0,0,-1,0,0,0,,0,,0,,0,0,848,0,1
17253893914,580,4,3,8,8,10.016,0,0,0.11 | 0.11 | 0.11,0,2.18 | 3.23 | 3.99,0,1.00 | 1.24 | 1.84,0.848,0.000,0,1,0,0,0,0,-1,0,0,0,,0,,0,,0,0,848,0,1
17253893915,580,4,3,8,8,10.016,0,0,0.11 | 0.11 | 0.11,0,2.18 | 3.23 | 3.99,0,1.00 | 1.24 | 1.84,0.848,0.000,0,1,0,0,0,0,-1,0,0,0,,0,,0,,0,0,848,0,1
17253893916,580,4,3,8,8,10.016,0,0,0.11 | 0.11 | 0.11,0,2.18 | 3.23 | 3.99,0,1.00 | 1.24 | 1.84,0.848,0.000,0,1,0,0,0,0,-1,0,0,0,,0,,0,,0,0,848,0,1
17253893917,580,4,3,8,8,10.016,0,0,0.11 | 0.11 | 0.11,0,2.18 | 3.23 | 3.99,0,1.00 | 1.24 | 1.84,0.848,0.000,0,1,0,0,0,0,-1,0,0,0,,0,,0,,0,0,848,0,1
17253893918,580,4,3,8,8,10.016,0,0,0.11 | 0.11 | 0.11,0,2.18 | 3.23 | 3.99,0,1.00 | 1.24 | 1.84,0.848,0.000,0,1,0,0,0,0,-1,0,0,0,,0,,0,,0,0,848,0,1
17253893919,580,4,3,8,8,8.953,0,0,0.11 | 0.11 | 0.11,0,2.18 | 3.23 | 3.99,0,1.00 | 1.24 | 1.84,0.848,0.000,0,1,0,0,0,0,-1,0,0,0,,0,,0,,0,0,848,0,1
17253893920,580,4,3,8,8,8.953,0,0,0.11 | 0.11 | 0.11,0,2.18 | 3.23 | 3.99,0,1.00 | 1.24 | 1.84,0.848,0.000,0,1,0,0,0,0,-1,0,0,0,,0,,0,,0,0,848,0,1
17253893921,580,4,3,8,8,8.953,0,0,0.11 | 0.11 | 0.11,0,2.18 | 3.23 | 3.99,0,1.00 | 1.24 | 1.84,0.848,0.000,0,1,0,0,0,0,-1,0,0,0,,0,,0,,0,0,848,0,1
17253893922,580,4,3,8,8,8.953,0,0,0.11 | 0.11 | 0.11,0,2.18 | 3.23 | 3.99,0,1.00 | 1.24 | 1.84,0.848,0.000,0,1,0,0,0,0,-1,0,0,0,,0,,0,,0,0,848,0,1
17253893923,580,4,3,8,8,8.953,0,0,0.11 | 0.11 | 0.11,0,2.18 | 3.23 | 3.99,0,1.00 | 1.24 | 1.84,0.848,0.000,0,1,0,0,0,0,-1,0,0,0,,0,,0,,0,0,848,0,1
17253893924,580,4,3,8,8,8.953,0,0,0.11 | 0.11 | 0.11,0,2.18 | 3.23 | 3.99,0,1.00 | 1.24 | 1.84,0.848,0.000,0,1,0,0,0,0,-1,0,0,0,,0,,0,,0,0,848,0,1
17253893925,580,4,3,8,8,8.953,0,0,0.11 | 0.11 | 0.11,0,2.18 | 3.23 | 3.99,0,1.00 | 1.24 | 1.84,0.848,0.000,0,1,0,0,0,0,-1,0,0,0,,0,,0,,0,0,848,0,1
17253893926,580,4,3,8,8,8.953,0,0,0.11 | 0.11 | 0.11,0,2.18 | 3.23 | 3.99,0,1.00 | 1.24 | 1.84,0.848,0.000,0,1,0,0,0,0,-1,0,0,0,,0,,0,,0,0,848,0,1
17253893927,580,4,3,8,8,8.953,0,0,0.11 | 0.11 | 0.11,0,2.18 | 3.23 | 3.99,0,1.00 | 1.24 | 1.84,0.848,0.000,0,1,0,0,0,0,-1,0,0,0,,0,,0,,0,0,848,0,1
17253893928,580,4,3,8,8,8.953,0,0,0.11 | 0.11 | 0.11,0,2.18 | 3.23 | 3.99,0,1.00 | 1.24 | 1.84,0.848,0.000,0,1,0,0,0,0,-1,0,0,0,,0,,0,,0,0,848,0,1
17253893929,580,3,3,8,8,8.157,0,0,0.11 | 0.11 | 0.11,0,2.18 | 3.23 | 3.99,0,1.00 | 1.24 | 1.84,0.848,0.000,0,1,0,0,0,0,-1,0,0,0,,0,,0,,0,0,848,0,1
17253893930,580,3,3,8,8,8.157,0,0,0.11 | 0.11 | 0.11,0,2.18 | 3.23 | 3.99,0,1.00 | 1.24 | 1.84,0.848,0.000,0,1,0,0,0,0,-1,0,0,0,,0,,0,,0,0,848,0,1
17253893931,580,3,3,8,8,8.157,0,0,0.11 | 0.11 | 0.11,0,2.18 | 3.23 | 3.99,0,1.00 | 1.24 | 1.84,0.848,0.000,0,1,0,0,0,0,-1,0,0,0,,0,,0,,0,0,848,0,1
17253893932,580,3,3,8,8,8.157,0,0,0.11 | 0.11 | 0.11,0,2.18 | 3.23 | 3.99,0,1.00 | 1.24 | 1.84,0.848,0.000,0,1,0,0,0,0,-1,0,0,0,,0,,0,,0,0,848,0,1
17253893933,580,3,3,8,8,8.157,0,0,0.11 | 0.11 | 0.11,0,2.18 | 3.23 | 3.99,0,1.00 | 1.24 | 1.84,0.848,0.000,0,1,0,0,0,0,-1,0,0,0,,0,,0,,0,0,848,0,1
17253893934,580,3,3,8,8,8.157,0,0,0.11 | 0.11 | 0.11,0,2.18 | 3.23 | 3.99,0,1.00 | 1.24 | 1.84,0.848,0.000,0,1,0,0,0,0,-1,0,0,0,,0,,0,,0,0,848,0,1
17253893935,580,3,3,8,8,8.157,0,0,0.11 | 0.11 | 0.11,0,2.18 | 3.23 | 3.99,0,1.00 | 1.24 | 1.84,0.848,0.000,0,1,0,0,0,0,-1,0,0,0,,0,,0,,0,0,848,0,1
17253893936,580,3,3,8,8,8.157,0,0,0.11 | 0.11 | 0.11,0,2.18 | 3.23 | 3.99,0,1.00 | 1.24 | 1.84,0.848,0.000,0,1,0,0,0,0,-1,0,0,0,,0,,0,,0,0,848,0,1
17253893937,580,3,3,8,8,8.157,0,0,0.11 | 0.11 | 0.11,0,2.18 | 3.23 | 3.99,0,1.00 | 1.24 | 1.84,0.848,0.000,0,1,0,0,0,0,-1,0,0,0,,0,,0,,0,0,848,0,1
17253893938,580,3,3,8,8,8.157,0,0,0.11 | 0.11 | 0.11,0,2.18 | 3.23 | 3.99,0,1.00 | 1.24 | 1.84,0.848,0.000,0,1,0,0,0,0,-1,0,0,0,,0,,0,,0,0,848,0,1
17253893939,580,3,3,8,8,7.094,0,0,0.11 | 0.11 | 0.11,0,2.18 | 3.23 | 3.99,0,1.00 | 1.24 | 1.84,0.848,0.000,0,1,0,0,0,0,-1,0,0,0,,0,,0,,0,0,848,0,1
17253893940,580,3,3,8,8,7.094,0,0,0.11 | 0.11 | 0.11,0,2.18 | 3.23 | 3.99,0,1.00 | 1.24 | 1.84,0.848,0.000,0,1,0,0,0,0,-1,0,0,0,,0,,0,,0,0,848,0,1
17253893941,580,3,3,8,8,7.094,0,0,0.11 | 0.11 | 0.11,0,2.18 | 3.23 | 3.99,0,1.00 | 1.24 | 1.84,0.848,0.000,0,1,0,0,0,0,-1,0,0,0,,0,,0,,0,0,818.75,0,1
17253893942,580,3,3,8,8,7.094,0,0,0.11 | 0.11 | 0.11,0,2.18 | 3.23 | 3.99,0,1.00 | 1.24 | 1.84,0.848,0.000,0,1,0,0,0,0,-1,0,0,0,,0,,0,,0,0,818.75,0,1
17253893943,580,3,3,8,8,7.094,0,0,0.11 | 0.11 | 0.11,0,2.18 | 3.23 | 3.99,0,1.00 | 1.24 | 1.84,0.848,0.000,0,1,0,0,0,0,-1,0,0,0,,0,,0,,0,0,818.75,0,1
17253893944,580,3,3,8,8,7.094,0,0,0.11 | 0.11 | 0.11,0,2.18 | 3.23 | 3.99,0,1.00 | 1.24 | 1.84,0.848,0.000,0,1,0,0,0,0,-1,0,0,0,,0,,0,,0,0,818.75,0,1
17253893945,580,3,3,8,8,7.094,0,0,0.11 | 0.11 | 0.11,0,2.18 | 3.23 | 3.99,0,1.00 | 1.24 | 1.84,0.848,0.000,0,1,0,0,0,0,-1,0,0,0,,0,,0,,0,0,818.75,0,1
17253893946,580,3,3,8,8,7.094,0,0,0.11 | 0.11 | 0.11,0,2.18 | 3.23 | 3.99,0,1.00 | 1.24 | 1.84,0.848,0.000,0,1,0,0,0,0,-1,0,0,0,,0,,0,,0,0,818.75,0,1
17253893947,580,3,3,8,8,7.094,0,0,0.11 | 0.11 | 0.11,0,2.18 | 3.23 | 3.99,0,1.00 | 1.24 | 1.84,0.848,0.000,0,1,0,0,0,0,-1,0,0,0,,0,,0,,0,0,818.75,0,1
17253893948,580,3,3,8,8,7.094,0,0,0.11 | 0.11 | 0.11,0,2.18 | 3.23 | 3.99,0,1.00 | 1.24 | 1.84,0.848,0.000,0,1,0,0,0,0,-1,0,0,0,,0,,0,,0,0,818.75,0,1
17253893949,580,3,3,8,8,10.832,0,0,0.11 | 0.11 | 0.11,0,2.18 | 3.11 | 3.99,0,1.00 | 1.29 | 1.84,0.819,0.000,0,1,0,0,0,0,-1,0,0,0,,0,,0,,0,0,818.75,0,1
17253893950,580,3,3,8,8,10.832,0,0,0.11 | 0.11 | 0.11,0,2.18 | 3.11 | 3.99,0,1.00 | 1.29 | 1.84,0.819,0.000,0,1,0,0,0,0,-1,0,0,0,,0,,0,,0,0,818.75,0,1
17253893951,580,3,3,8,8,10.832,0,0,0.11 | 0.11 | 0.11,0,2.18 | 3.11 | 3.99,0,1.00 | 1.29 | 1.84,0.819,0.000,0,1,0,0,0,0,-1,0,0,0,,0,,0,,0,0,818.75,0,1
17253893952,580,3,3,8,8,10.832,0,0,0.11 | 0.11 | 0.11,0,2.18 | 3.11 | 3.99,0,1.00 | 1.29 | 1.84,0.819,0.000,0,1,0,0,0,0,-1,0,0,0,,0,,0,,0,0,818.75,0,1
17253893953,580,3,3,8,8,10.832,0,0,0.11 | 0.11 | 0.11,0,2.18 | 3.11 | 3.99,0,1.00 | 1.29 | 1.84,0.819,0.000,0,1,0,0,0,0,-1,0,0,0,,0,,0,,0,0,818.75,0,1
17253893954,580,3,3,8,8,10.832,0,0,0.11 | 0.11 | 0.11,0,2.18 | 3.11 | 3.99,0,1.00 | 1.29 | 1.84,0.819,0.000,0,1,0,0,0,0,-1,0,0,0,,0,,0,,0,0,818.75,0,1
17253893955,580,3,3,8,8,10.832,0,0,0.11 | 0.11 | 0.11,0,2.18 | 3.11 | 3.99,0,1.00 | 1.29 | 1.84,0.819,0.000,0,1,0,0,0,0,-1,0,0,0,,0,,0,,0,0,818.75,0,1
17253893956,580,3,3,8,8,10.832,0,0,0.11 | 0.11 | 0.11,0,2.18 | 3.11 | 3.99,0,1.00 | 1.29 | 1.84,0.819,0.000,0,1,0,0,0,0,-1,0,0,0,,0,,0,,0,0,818.75,0,1
17253893957,580,3,3,8,8,10.832,0,0,0.11 | 0.11 | 0.11,0,2.18 | 3.11 | 3.99,0,1.00 | 1.29 | 1.84,0.819,0.000,0,1,0,0,0,0,-1,0,0,0,,0,,0,,0,0,818.75,0,1
17253893958,580,3,3,8,8,10.832,0,0,0.11 | 0.11 | 0.11,0,2.18 | 3.11 | 3.99,0,1.00 | 1.29 | 1.84,0.819,0.000,0,1,0,0,0,0,-1,0,0,0,,0,,0,,0,0,818.75,0,1
17253893959,580,3,3,8,8,9.769,0,0,0.11 | 0.11 | 0.11,0,2.18 | 3.11 | 3.99,0,1.00 | 1.29 | 1.84,0.819,0.000,0,1,0,0,0,0,-1,0,0,0,,0,,0,,0,0,818.75,0,1
17253893960,580,3,3,8,8,9.769,0,0,0.11 | 0.11 | 0.11,0,2.18 | 3.11 | 3.99,0,1.00 | 1.29 | 1.84,0.819,0.000,0,1,0,0,0,0,-1,0,0,0,,0,,0,,0,0,818.75,0,1
17253893961,580,3,3,8,8,9.769,0,0,0.11 | 0.11 | 0.11,0,2.18 | 3.11 | 3.99,0,1.00 | 1.29 | 1.84,0.819,0.000,0,1,0,0,0,0,-1,0,0,0,,0,,0,,0,0,818.75,0,1
17253893962,580,3,3,8,8,9.769,0,0,0.11 | 0.11 | 0.11,0,2.18 | 3.11 | 3.99,0,1.00 | 1.29 | 1.84,0.819,0.000,0,1,0,0,0,0,-1,0,0,0,,0,,0,,0,0,860,0,1
17253893963,580,3,3,8,8,9.769,0,0,0.11 | 0.11 | 0.11,0,2.18 | 3.11 | 3.99,0,1.00 | 1.29 | 1.84,0.819,0.000,0,1,0,0,0,0,-1,0,0,0,,0,,0,,0,0,860,0,1
17253893964,580,3,3,8,8,9.769,0,0,0.11 | 0.11 | 0.11,0,2.18 | 3.11 | 3.99,0,1.00 | 1.29 | 1.84,0.819,0.000,0,1,0,0,0,0,-1,0,0,0,,0,,0,,0,0,860,0,1
17253893965,580,3,3,8,8,9.769,0,0,0.11 | 0.11 | 0.11,0,2.18 | 3.11 | 3.99,0,1.00 | 1.29 | 1.84,0.819,0.000,0,1,0,0,0,0,-1,0,0,0,,0,,0,,0,0,860,0,1
17253893966,580,3,3,8,8,9.769,0,0,0.11 | 0.11 | 0.11,0,2.18 | 3.11 | 3.99,0,1.00 | 1.29 | 1.84,0.819,0.000,0,1,0,0,0,0,-1,0,0,0,,0,,0,,0,0,860,0,1
17253893967,580,3,3,8,8,9.769,0,0,0.11 | 0.11 | 0.11,0,2.18 | 3.11 | 3.99,0,1.00 | 1.29 | 1.84,0.819,0.000,0,1,0,0,0,0,-1,0,0,0,,0,,0,,0,0,860,0,1
17253893968,580,3,3,8,8,9.769,0,0,0.11 | 0.11 | 0.11,0,2.18 | 3.11 | 3.99,0,1.00 | 1.29 | 1.84,0.819,0.000,0,1,0,0,0,0,-1,0,0,0,,0,,0,,0,0,860,0,1
17253893969,580,3,3,8,8,11.907,0,0,0.11 | 0.13 | 0.22,0,1.93 | 2.59 | 3.18,0,1.26 | 1.54 | 2.08,0.860,0.000,0,1,0,0,0,0,-1,0,0,0,,0,,0,,0,0,860,0,1
17253893970,580,3,3,8,8,11.907,0,0,0.11 | 0.13 | 0.22,0,1.93 | 2.59 | 3.18,0,1.26 | 1.54 | 2.08,0.860,0.000,0,1,0,0,0,0,-1,0,0,0,,0,,0,,0,0,860,0,1
17253893971,580,3,3,8,8,11.907,0,0,0.11 | 0.13 | 0.22,0,1.93 | 2.59 | 3.18,0,1.26 | 1.54 | 2.08,0.860,0.000,0,1,0,0,0,0,-1,0,0,0,,0,,0,,0,0,860,0,1
17253893972,580,3,3,8,8,11.907,0,0,0.11 | 0.13 | 0.22,0,1.93 | 2.59 | 3.18,0,1.26 | 1.54 | 2.08,0.860,0.000,0,1,0,0,0,0,-1,0,0,0,,0,,0,,0,0,860,0,1
17253893973,580,3,3,8,8,11.907,0,0,0.11 | 0.13 | 0.22,0,1.93 | 2.59 | 3.18,0,1.26 | 1.54 | 2.08,0.860,0.000,0,1,0,0,0,0,-1,0,0,0,,0,,0,,0,0,860,0,1
17253893974,580,3,3,8,8,11.907,0,0,0.11 | 0.13 | 0.22,0,1.93 | 2.59 | 3.18,0,1.26 | 1.54 | 2.08,0.860,0.000,0,1,0,0,0,0,-1,0,0,0,,0,,0,,0,0,860,0,1
17253893975,580,3,3,8,8,11.907,0,0,0.11 | 0.13 | 0.22,0,1.93 | 2.59 | 3.18,0,1.26 | 1.54 | 2.08,0.860,0.000,0,1,0,0,0,0,-1,0,0,0,,0,,0,,0,0,860,0,1
17253893976,580,3,3,8,8,11.907,0,0,0.11 | 0.13 | 0.22,0,1.93 | 2.59 | 3.18,0,1.26 | 1.54 | 2.08,0.860,0.000,0,1,0,0,0,0,-1,0,0,0,,0,,0,,0,0,860,0,1
17253893977,580,3,3,8,8,11.907,0,0,0.11 | 0.13 | 0.22,0,1.93 | 2.59 | 3.18,0,1.26 | 1.54 | 2.08,0.860,0.000,0,1,0,0,0,0,-1,0,0,0,,0,,0,,0,0,860,0,1
17253893978,580,3,3,8,8,11.907,0,0,0.11 | 0.13 | 0.22,0,1.93 | 2.59 | 3.18,0,1.26 | 1.54 | 2.08,0.860,0.000,0,1,0,0,0,0,-1,0,0,0,,0,,0,,0,0,860,0,1
17253893979,580,3,3,8,8,11.11,0,0,0.11 | 0.13 | 0.22,0,1.93 | 2.59 | 3.18,0,1.26 | 1.54 | 2.08,0.860,0.000,0,1,0,0,0,0,-1,0,0,0,,0,,0,,0,0,860,0,1
17253893980,580,3,3,8,8,11.11,0,0,0.11 | 0.13 | 0.22,0,1.93 | 2.59 | 3.18,0,1.26 | 1.54 | 2.08,0.860,0.000,0,1,0,0,0,0,-1,0,0,0,,0,,0,,0,0,860,0,1
17253893981,580,3,3,8,8,11.11,0,0,0.11 | 0.13 | 0.22,0,1.93 | 2.59 | 3.18,0,1.26 | 1.54 | 2.08,0.860,0.000,0,1,0,0,0,0,-1,0,0,0,,0,,0,,0,0,860,0,1
17253893982,580,3,3,8,8,11.11,0,0,0.11 | 0.13 | 0.22,0,1.93 | 2.59 | 3.18,0,1.26 | 1.54 | 2.08,0.860,0.000,0,1,0,0,0,0,-1,0,0,0,,0,,0,,0,0,860,0,1
17253893983,580,3,3,8,8,11.11,0,0,0.11 | 0.13 | 0.22,0,1.93 | 2.59 | 3.18,0,1.26 | 1.54 | 2.08,0.860,0.000,0,1,0,0,0,0,-1,0,0,0,,0,,0,,0,0,860,0,1
17253893984,580,3,3,8,8,11.11,0,0,0.11 | 0.13 | 0.22,0,1.93 | 2.59 | 3.18,0,1.26 | 1.54 | 2.08,0.860,0.000,0,1,0,0,0,0,-1,0,0,0,,0,,0,,0,0,860,0,1
17253893985,580,3,3,8,8,11.11,0,0,0.11 | 0.13 | 0.22,0,1.93 | 2.59 | 3.18,0,1.26 | 1.54 | 2.08,0.860,0.000,0,1,0,0,0,0,-1,0,0,0,,0,,0,,0,0,860,0,1
17253893986,580,3,3,8,8,11.11,0,0,0.11 | 0.13 | 0.22,0,1.93 | 2.59 | 3.18,0,1.26 | 1.54 | 2.08,0.860,0.000,0,1,0,0,0,0,-1,0,0,0,,0,,0,,0,0,860,0,1
17253893987,580,3,3,8,8,11.11,0,0,0.11 | 0.13 | 0.22,0,1.93 | 2.59 | 3.18,0,1.26 | 1.54 | 2.08,0.860,0.000,0,1,0,0,0,0,-1,0,0,0,,0,,0,,0,0,860,0,1
17253893988,580,3,3,8,8,11.11,0,0,0.11 | 0.13 | 0.22,0,1.93 | 2.59 | 3.18,0,1.26 | 1.54 | 2.08,0.860,0.000,0,1,0,0,0,0,-1,0,0,0,,0,,0,,0,0,860,0,1
17253893989,580,3,3,8,8,10.047,0,0,0.11 | 0.13 | 0.22,0,1.93 | 2.59 | 3.18,0,1.26 | 1.54 | 2.08,0.860,0.000,0,1,0,0,0,0,-1,0,0,0,,0,,0,,0,0,860,0,1
17253893990,580,3,3,8,8,10.047,0,0,0.11 | 0.13 | 0.22,0,1.93 | 2.59 | 3.18,0,1.26 | 1.54 | 2.08,0.860,0.000,0,1,0,0,0,0,-1,0,0,0,,0,,0,,0,0,860,0,1
17253893991,580,3,3,8,8,10.047,0,0,0.11 | 0.13 | 0.22,0,1.93 | 2.59 | 3.18,0,1.26 | 1.54 | 2.08,0.860,0.000,0,1,0,0,0,0,-1,0,0,0,,0,,0,,0,0,860,0,1
17253893992,580,3,3,8,8,10.047,0,0,0.11 | 0.13 | 0.22,0,1.93 | 2.59 | 3.18,0,1.26 | 1.54 | 2.08,0.860,0.000,0,1,0,0,0,0,-1,0,0,0,,0,,0,,0,0,860,0,1
17253893993,580,3,3,8,8,10.047,0,0,0.11 | 0.13 | 0.22,0,1.93 | 2.59 | 3.18,0,1.26 | 1.54 | 2.08,0.860,0.000,0,1,0,0,0,0,-1,0,0,0,,0,,0,,0,0,860,0,1
17253893994,580,3,3,8,8,10.047,0,0,0.11 | 0.13 | 0.22,0,1.93 | 2.59 | 3.18,0,1.26 | 1.54 | 2.08,0.860,0.000,0,1,0,0,0,0,-1,0,0,0,,0,,0,,0,0,860,0,1
17253893995,580,3,3,8,8,10.047,0,0,0.11 | 0.13 | 0.22,0,1.93 | 2.59 | 3.18,0,1.26 | 1.54 | 2.08,0.860,0.000,0,1,0,0,0,0,-1,0,0,0,,0,,0,,0,0,860,0,1
17253893996,580,3,3,8,8,10.047,0,0,0.11 | 0.13 | 0.22,0,1.93 | 2.59 | 3.18,0,1.26 | 1.54 | 2.08,0.860,0.000,0,1,0,0,0,0,-1,0,0,0,,0,,0,,0,0,860,0,1
17253893997,580,3,3,8,8,10.047,0,0,0.11 | 0.13 | 0.22,0,1.93 | 2.59 | 3.18,0,1.26 | 1.54 | 2.08,0.860,0.000,0,1,0,0,0,0,-1,0,0,0,,0,,0,,0,0,860,0,1
17253893998,580,3,3,8,8,10.047,0,0,0.11 | 0.13 | 0.22,0,1.93 | 2.59 | 3.18,0,1.26 | 1.54 | 2.08,0.860,0.000,0,1,0,0,0,0,-1,0,0,0,,0,,0,,0,0,860,0,1
17253893999,580,3,3,8,8,8.985,0,0,0.11 | 0.13 | 0.22,0,1.93 | 2.59 | 3.18,0,1.26 | 1.54 | 2.08,0.860,0.000,0,1,0,0,0,0,-1,0,0,0,,0,,0,,0,0,860,0,1
17253894000,580,3,3,8,8,8.985,0,0,0.11 | 0.13 | 0.22,0,1.93 | 2.59 | 3.18,0,1.26 | 1.54 | 2.08,0.860,0.000,0,1,0,0,0,0,-1,0,0,0,,0,,0,,0,0,860,0,1
17253894001,580,3,3,8,8,8.985,0,0,0.11 | 0.13 | 0.22,0,1.93 | 2.59 | 3.18,0,1.26 | 1.54 | 2.08,0.860,0.000,0,1,0,0,0,0,-1,0,0,0,,0,,0,,0,0,860,0,1
17253894002,580,3,3,8,8,8.985,0,0,0.11 | 0.13 | 0.22,0,1.93 | 2.59 | 3.18,0,1.26 | 1.54 | 2.08,0.860,0.000,0,1,0,0,0,0,-1,0,0,0,,0,,0,,0,0,860,0,1
17253894003,580,3,3,8,8,8.985,0,0,0.11 | 0.13 | 0.22,0,1.93 | 2.59 | 3.18,0,1.26 | 1.54 | 2.08,0.860,0.000,0,1,0,0,0,0,-1,0,0,0,,0,,0,,0,0,860,0,1
17253894004,580,3,3,8,8,8.985,0,0,0.11 | 0.13 | 0.22,0,1.93 | 2.59 | 3.18,0,1.26 | 1.54 | 2.08,0.860,0.000,0,1,0,0,0,0,-1,0,0,0,,0,,0,,0,0,860,0,1
17253894005,580,3,3,8,8,8.985,0,0,0.11 | 0.13 | 0.22,0,1.93 | 2.59 | 3.18,0,1.26 | 1.54 | 2.08,0.860,0.000,0,1,0,0,0,0,-1,0,0,0,,0,,0,,0,0,860,0,1
17253894006,580,3,3,8,8,8.985,0,0,0.11 | 0.13 | 0.22,0,1.93 | 2.59 | 3.18,0,1.26 | 1.54 | 2.08,0.860,0.000,0,1,0,0,0,0,-1,0,0,0,,0,,0,,0,0,860,0,1
17253894007,580,3,3,8,8,8.985,0,0,0.11 | 0.13 | 0.22,0,1.93 | 2.59 | 3.18,0,1.26 | 1.54 | 2.08,0.860,0.000,0,1,0,0,0,0,-1,0,0,0,,0,,0,,0,0,890,0,1
17253894008,580,3,3,8,8,8.985,0,0,0.11 | 0.13 | 0.22,0,1.93 | 2.59 | 3.18,0,1.26 | 1.54 | 2.08,0.860,0.000,0,1,0,0,0,0,-1,0,0,0,,0,,0,,0,0,890,0,1
17253894009,580,3,3,8,8,12.722,0,0,0.10 | 0.13 | 0.22,0,1.93 | 2.65 | 3.32,0,1.21 | 1.51 | 2.08,0.890,0.000,0,1,0,0,0,0,-1,0,0,0,,0,,0,,0,0,890,0,1
17253894010,580,3,3,8,8,12.722,0,0,0.10 | 0.13 | 0.22,0,1.93 | 2.65 | 3.32,0,1.21 | 1.51 | 2.08,0.890,0.000,0,1,0,0,0,0,-1,0,0,0,,0,,0,,0,0,890,0,1
17253894011,580,3,3,8,8,12.722,0,0,0.10 | 0.13 | 0.22,0,1.93 | 2.65 | 3.32,0,1.21 | 1.51 | 2.08,0.890,0.000,0,1,0,0,0,0,-1,0,0,0,,0,,0,,0,0,890,0,1
17253894012,580,3,3,8,8,12.722,0,0,0.10 | 0.13 | 0.22,0,1.93 | 2.65 | 3.32,0,1.21 | 1.51 | 2.08,0.890,0.000,0,1,0,0,0,0,-1,0,0,0,,0,,0,,0,0,890,0,1
17253894013,580,3,3,8,8,12.722,0,0,0.10 | 0.13 | 0.22,0,1.93 | 2.65 | 3.32,0,1.21 | 1.51 | 2.08,0.890,0.000,0,1,0,0,0,0,-1,0,0,0,,0,,0,,0,0,890,0,1
17253894014,580,3,3,8,8,12.722,0,0,0.10 | 0.13 | 0.22,0,1.93 | 2.65 | 3.32,0,1.21 | 1.51 | 2.08,0.890,0.000,0,1,0,0,0,0,-1,0,0,0,,0,,0,,0,0,890,0,1
17253894015,580,3,3,8,8,12.722,0,0,0.10 | 0.13 | 0.22,0,1.93 | 2.65 | 3.32,0,1.21 | 1.51 | 2.08,0.890,0.000,0,1,0,0,0,0,-1,0,0,0,,0,,0,,0,0,890,0,1
17253894016,580,3,3,8,8,12.722,0,0,0.10 | 0.13 | 0.22,0,1.93 | 2.65 | 3.32,0,1.21 | 1.51 | 2.08,0.890,0.000,0,1,0,0,0,0,-1,0,0,0,,0,,0,,0,0,890,0,1
17253894017,580,3,3,8,8,12.722,0,0,0.10 | 0.13 | 0.22,0,1.93 | 2.65 | 3.32,0,1.21 | 1.51 | 2.08,0.890,0.000,0,1,0,0,0,0,-1,0,0,0,,0,,0,,0,0,890,0,1
17253894018,580,3,3,8,8,12.722,0,0,0.10 | 0.13 | 0.22,0,1.93 | 2.65 | 3.32,0,1.21 | 1.51 | 2.08,0.890,0.000,0,1,0,0,0,0,-1,0,0,0,,0,,0,,0,0,890,0,1
17253894019,580,3,3,8,8,11.925,0,0,0.10 | 0.13 | 0.22,0,1.93 | 2.65 | 3.32,0,1.21 | 1.51 | 2.08,0.890,0.000,0,1,0,0,0,0,-1,0,0,0,,0,,0,,0,0,890,0,1
17253894020,580,3,3,8,8,11.925,0,0,0.10 | 0.13 | 0.22,0,1.93 | 2.65 | 3.32,0,1.21 | 1.51 | 2.08,0.890,0.000,0,1,0,0,0,0,-1,0,0,0,,0,,0,,0,0,890,0,1
17253894021,580,3,3,8,8,11.925,0,0,0.10 | 0.13 | 0.22,0,1.93 | 2.65 | 3.32,0,1.21 | 1.51 | 2.08,0.890,0.000,0,1,0,0,0,0,-1,0,0,0,,0,,0,,0,0,890,0,1
17253894022,580,3,3,8,8,11.925,0,0,0.10 | 0.13 | 0.22,0,1.93 | 2.65 | 3.32,0,1.21 | 1.51 | 2.08,0.890,0.000,0,1,0,0,0,0,-1,0,0,0,,0,,0,,0,0,890,0,1
17253894023,580,3,3,8,8,11.925,0,0,0.10 | 0.13 | 0.22,0,1.93 | 2.65 | 3.32,0,1.21 | 1.51 | 2.08,0.890,0.000,0,1,0,0,0,0,-1,0,0,0,,0,,0,,0,0,890,0,1
17253894024,580,3,3,8,8,11.925,0,0,0.10 | 0.13 | 0.22,0,1.93 | 2.65 | 3.32,0,1.21 | 1.51 | 2.08,0.890,0.000,0,1,0,0,0,0,-1,0,0,0,,0,,0,,0,0,890,0,1
17253894025,580,3,3,8,8,11.925,0,0,0.10 | 0.13 | 0.22,0,1.93 | 2.65 | 3.32,0,1.21 | 1.51 | 2.08,0.890,0.000,0,1,0,0,0,0,-1,0,0,0,,0,,0,,0,0,890,0,1
17253894026,580,3,3,8,8,11.925,0,0,0.10 | 0.13 | 0.22,0,1.93 | 2.65 | 3.32,0,1.21 | 1.51 | 2.08,0.890,0.000,0,1,0,0,0,0,-1,0,0,0,,0,,0,,0,0,890,0,1
17253894027,580,3,3,8,8,11.925,0,0,0.10 | 0.13 | 0.22,0,1.93 | 2.65 | 3.32,0,1.21 | 1.51 | 2.08,0.890,0.000,0,1,0,0,0,0,-1,0,0,0,,0,,0,,0,0,890,0,1
17253894028,580,3,3,8,8,11.925,0,0,0.10 | 0.13 | 0.22,0,1.93 | 2.65 | 3.32,0,1.21 | 1.51 | 2.08,0.890,0.000,0,1,0,0,0,0,-1,0,0,0,,0,,0,,0,0,890,0,1
17253894029,580,3,3,8,8,10.863,0,0,0.10 | 0.13 | 0.22,0,1.93 | 2.65 | 3.32,0,1.21 | 1.51 | 2.08,0.890,0.000,0,1,0,0,0,0,-1,0,0,0,,0,,0,,0,0,890,0,1
17253894030,580,3,3,8,8,10.863,0,0,0.10 | 0.13 | 0.22,0,1.93 | 2.65 | 3.32,0,1.21 | 1.51 | 2.08,0.890,0.000,0,1,0,0,0,0,-1,0,0,0,,0,,0,,0,0,890,0,1
17253894031,580,3,3,8,8,10.863,0,0,0.10 | 0.13 | 0.22,0,1.93 | 2.65 | 3.32,0,1.21 | 1.51 | 2.08,0.890,0.000,0,1,0,0,0,0,-1,0,0,0,,0,,0,,0,0,890,0,1
17253894032,580,3,3,8,8,10.863,0,0,0.10 | 0.13 | 0.22,0,1.93 | 2.65 | 3.32,0,1.21 | 1.51 | 2.08,0.890,0.000,0,1,0,0,0,0,-1,0,0,0,,0,,0,,0,0,890,0,1
17253894033,580,3,3,8,8,10.863,0,0,0.10 | 0.13 | 0.22,0,1.93 | 2.65 | 3.32,0,1.21 | 1.51 | 2.08,0.890,0.000,0,1,0,0,0,0,-1,0,0,0,,0,,0,,0,0,890,0,1
17253894034,580,3,3,8,8,10.863,0,0,0.10 | 0.13 | 0.22,0,1.93 | 2.65 | 3.32,0,1.21 | 1.51 | 2.08,0.890,0.000,0,1,0,0,0,0,-1,0,0,0,,0,,0,,0,0,890,0,1
17253894035,580,3,3,8,8,10.863,0,0,0.10 | 0.13 | 0.22,0,1.93 | 2.65 | 3.32,0,1.21 | 1.51 | 2.08,0.890,0.000,0,1,0,0,0,0,-1,0,0,0,,0,,0,,0,0,890,0,1
17253894036,580,3,3,8,8,10.863,0,0,0.10 | 0.13 | 0.22,0,1.93 | 2.65 | 3.32,0,1.21 | 1.51 | 2.08,0.890,0.000,0,1,0,0,0,0,-1,0,0,0,,0,,0,,0,0,890,0,1
17253894037,580,3,3,8,8,10.863,0,0,0.10 | 0.13 | 0.22,0,1.93 | 2.65 | 3.32,0,1.21 | 1.51 | 2.08,0.890,0.000,0,1,0,0,0,0,-1,0,0,0,,0,,0,,0,0,890,0,1
17253894038,580,3,3,8,8,10.863,0,0,0.10 | 0.13 | 0.22,0,1.93 | 2.65 | 3.32,0,1.21 | 1.51 | 2.08,0.890,0.000,0,1,0,0,0,0,-1,0,0,0,,0,,0,,0,0,890,0,1
17253894039,580,3,3,8,8,9.8,0,0,0.10 | 0.13 | 0.22,0,1.93 | 2.65 | 3.32,0,1.21 | 1.51 | 2.08,0.890,0.000,0,1,0,0,0,0,-1,0,0,0,,0,,0,,0,0,890,0,1
17253894040,580,3,3,8,8,9.8,0,0,0.10 | 0.13 | 0.22,0,1.93 | 2.65 | 3.32,0,1.21 | 1.51 | 2.08,0.890,0.000,0,1,0,0,0,0,-1,0,0,0,,0,,0,,0,0,890,0,1
17253894041,580,3,3,8,8,9.8,0,0,0.10 | 0.13 | 0.22,0,1.93 | 2.65 | 3.32,0,1.21 | 1.51 | 2.08,0.890,0.000,0,1,0,0,0,0,-1,0,0,0,,0,,0,,0,0,890,0,1
17253894042,580,3,3,8,8,9.8,0,0,0.10 | 0.13 | 0.22,0,1.93 | 2.65 | 3.32,0,1.21 | 1.51 | 2.08,0.890,0.000,0,1,0,0,0,0,-1,0,0,0,,0,,0,,0,0,890,0,1
17253894043,580,3,3,8,8,9.8,0,0,0.10 | 0.13 | 0.22,0,1.93 | 2.65 | 3.32,0,1.21 | 1.51 | 2.08,0.890,0.000,0,1,0,0,0,0,-1,0,0,0,,0,,0,,0,0,904.75,0,1
17253894044,580,3,3,8,8,9.8,0,0,0.10 | 0.13 | 0.22,0,1.93 | 2.65 | 3.32,0,1.21 | 1.51 | 2.08,0.890,0.000,0,1,0,0,0,0,-1,0,0,0,,0,,0,,0,0,904.75,0,1
17253894045,580,3,3,8,8,9.8,0,0,0.10 | 0.13 | 0.22,0,1.93 | 2.65 | 3.32,0,1.21 | 1.51 | 2.08,0.890,0.000,0,1,0,0,0,0,-1,0,0,0,,0,,0,,0,0,904.75,0,1
17253894046,580,3,3,8,8,9.8,0,0,0.10 | 0.13 | 0.22,0,1.93 | 2.65 | 3.32,0,1.21 | 1.51 | 2.08,0.890,0.000,0,1,0,0,0,0,-1,0,0,0,,0,,0,,0,0,904.75,0,1
17253894047,580,3,3,8,8,9.8,0,0,0.10 | 0.13 | 0.22,0,1.93 | 2.65 | 3.32,0,1.21 | 1.51 | 2.08,0.890,0.000,0,1,0,0,0,0,-1,0,0,0,,0,,0,,0,0,904.75,0,1
17253894048,580,3,3,8,8,9.8,0,0,0.10 | 0.13 | 0.22,0,1.93 | 2.65 | 3.32,0,1.21 | 1.51 | 2.08,0.890,0.000,0,1,0,0,0,0,-1,0,0,0,,0,,0,,0,0,904.75,0,1
17253894049,580,3,3,8,8,11.938,0,0,0.10 | 0.13 | 0.22,0,1.93 | 2.62 | 3.32,0,1.21 | 1.53 | 2.08,0.905,0.000,0,1,0,0,0,0,-1,0,0,0,,0,,0,,0,0,904.75,0,1
17253894050,580,3,3,8,8,11.938,0,0,0.10 | 0.13 | 0.22,0,1.93 | 2.62 | 3.32,0,1.21 | 1.53 | 2.08,0.905,0.000,0,1,0,0,0,0,-1,0,0,0,,0,,0,,0,0,904.75,0,1
17253894051,580,3,3,8,8,11.938,0,0,0.10 | 0.13 | 0.22,0,1.93 | 2.62 | 3.32,0,1.21 | 1.53 | 2.08,0.905,0.000,0,1,0,0,0,0,-1,0,0,0,,0,,0,,0,0,904.75,0,1
17253894052,580,3,3,8,8,11.938,0,0,0.10 | 0.13 | 0.22,0,1.93 | 2.62 | 3.32,0,1.21 | 1.53 | 2.08,0.905,0.000,0,1,0,0,0,0,-1,0,0,0,,0,,0,,0,0,904.75,0,1
17253894053,580,3,3,8,8,11.938,0,0,0.10 | 0.13 | 0.22,0,1.93 | 2.62 | 3.32,0,1.21 | 1.53 | 2.08,0.905,0.000,0,1,0,0,0,0,-1,0,0,0,,0,,0,,0,0,904.75,0,1
17253894054,580,3,3,8,8,11.938,0,0,0.10 | 0.13 | 0.22,0,1.93 | 2.62 | 3.32,0,1.21 | 1.53 | 2.08,0.905,0.000,0,1,0,0,0,0,-1,0,0,0,,0,,0,,0,0,904.75,0,1
17253894055,580,3,3,8,8,11.938,0,0,0.10 | 0.13 | 0.22,0,1.93 | 2.62 | 3.32,0,1.21 | 1.53 | 2.08,0.905,0.000,0,1,0,0,0,0,-1,0,0,0,,0,,0,,0,0,904.75,0,1
17253894056,580,3,3,8,8,11.938,0,0,0.10 | 0.13 | 0.22,0,1.93 | 2.62 | 3.32,0,1.21 | 1.53 | 2.08,0.905,0.000,0,1,0,0,0,0,-1,0,0,0,,0,,0,,0,0,904.75,0,1
17253894057,580,3,3,8,8,11.938,0,0,0.10 | 0.13 | 0.22,0,1.93 | 2.62 | 3.32,0,1.21 | 1.53 | 2.08,0.905,0.000,0,1,0,0,0,0,-1,0,0,0,,0,,0,,0,0,904.75,0,1
17253894058,580,3,3,8,8,11.938,0,0,0.10 | 0.13 | 0.22,0,1.93 | 2.62 | 3.32,0,1.21 | 1.53 | 2.08,0.905,0.000,0,1,0,0,0,0,-1,0,0,0,,0,,0,,0,0,904.75,0,1
17253894059,580,3,3,8,8,11.141,0,0,0.10 | 0.13 | 0.22,0,1.93 | 2.62 | 3.32,0,1.21 | 1.53 | 2.08,0.905,0.000,0,1,0,0,0,0,-1,0,0,0,,0,,0,,0,0,904.75,0,1
17253894060,580,3,3,8,8,11.141,0,0,0.10 | 0.13 | 0.22,0,1.93 | 2.62 | 3.32,0,1.21 | 1.53 | 2.08,0.905,0.000,0,1,0,0,0,0,-1,0,0,0,,0,,0,,0,0,904.75,0,1
17253894061,580,3,3,8,8,11.141,0,0,0.10 | 0.13 | 0.22,0,1.93 | 2.62 | 3.32,0,1.21 | 1.53 | 2.08,0.905,0.000,0,1,0,0,0,0,-1,0,0,0,,0,,0,,0,0,904.75,0,1
17253894062,580,3,3,8,8,11.141,0,0,0.10 | 0.13 | 0.22,0,1.93 | 2.62 | 3.32,0,1.21 | 1.53 | 2.08,0.905,0.000,0,1,0,0,0,0,-1,0,0,0,,0,,0,,0,0,904.75,0,1
17253894063,580,3,3,8,8,11.141,0,0,0.10 | 0.13 | 0.22,0,1.93 | 2.62 | 3.32,0,1.21 | 1.53 | 2.08,0.905,0.000,0,1,0,0,0,0,-1,0,0,0,,0,,0,,0,0,904.75,0,1
17253894064,580,3,3,8,8,11.141,0,0,0.10 | 0.13 | 0.22,0,1.93 | 2.62 | 3.32,0,1.21 | 1.53 | 2.08,0.905,0.000,0,1,0,0,0,0,-1,0,0,0,,0,,0,,0,0,904.75,0,1
17253894065,580,3,3,8,8,11.141,0,0,0.10 | 0.13 | 0.22,0,1.93 | 2.62 | 3.32,0,1.21 | 1.53 | 2.08,0.905,0.000,0,1,0,0,0,0,-1,0,0,0,,0,,0,,0,0,904.75,0,1
17253894066,580,3,3,8,8,11.141,0,0,0.10 | 0.13 | 0.22,0,1.93 | 2.62 | 3.32,0,1.21 | 1.53 | 2.08,0.905,0.000,0,1,0,0,0,0,-1,0,0,0,,0,,0,,0,0,904.75,0,1
17253894067,580,3,3,8,8,11.141,0,0,0.10 | 0.13 | 0.22,0,1.93 | 2.62 | 3.32,0,1.21 | 1.53 | 2.08,0.905,0.000,0,1,0,0,0,0,-1,0,0,0,,0,,0,,0,0,904.75,0,1
17253894068,580,3,3,8,8,11.141,0,0,0.10 | 0.13 | 0.22,0,1.93 | 2.62 | 3.32,0,1.21 | 1.53 | 2.08,0.905,0.000,0,1,0,0,0,0,-1,0,0,0,,0,,0,,0,0,904.75,0,1
17253894069,580,3,3,8,8,9.913,0,0,0.10 | 0.13 | 0.22,0,1.93 | 2.62 | 3.32,0,1.21 | 1.53 | 2.08,0.905,0.000,0,1,0,0,0,0,-1,0,0,0,,0,,0,,0,0,904.75,0,1
17253894070,580,3,3,8,8,9.913,0,0,0.10 | 0.13 | 0.22,0,1.93 | 2.62 | 3.32,0,1.21 | 1.53 | 2.08,0.905,0.000,0,1,0,0,0,0,-1,0,0,0,,0,,0,,0,0,904.75,0,1
17253894071,580,3,3,8,8,9.913,0,0,0.10 | 0.13 | 0.22,0,1.93 | 2.62 | 3.32,0,1.21 | 1.53 | 2.08,0.905,0.000,0,1,0,0,0,0,-1,0,0,0,,0,,0,,0,0,904.75,0,1
17253894072,580,3,3,8,8,9.913,0,0,0.10 | 0.13 | 0.22,0,1.93 | 2.62 | 3.32,0,1.21 | 1.53 | 2.08,0.905,0.000,0,1,0,0,0,0,-1,0,0,0,,0,,0,,0,0,904.75,0,1
17253894073,580,3,3,8,8,9.913,0,0,0.10 | 0.13 | 0.22,0,1.93 | 2.62 | 3.32,0,1.21 | 1.53 | 2.08,0.905,0.000,0,1,0,0,0,0,-1,0,0,0,,0,,0,,0,0,904.75,0,1
17253894074,580,3,3,8,8,9.913,0,0,0.10 | 0.13 | 0.22,0,1.93 | 2.62 | 3.32,0,1.21 | 1.53 | 2.08,0.905,0.000,0,1,0,0,0,0,-1,0,0,0,,0,,0,,0,0,904.75,0,1
17253894075,580,3,3,8,8,9.913,0,0,0.10 | 0.13 | 0.22,0,1.93 | 2.62 | 3.32,0,1.21 | 1.53 | 2.08,0.905,0.000,0,1,0,0,0,0,-1,0,0,0,,0,,0,,0,0,904.75,0,1
17253894076,580,3,3,8,8,9.913,0,0,0.10 | 0.13 | 0.22,0,1.93 | 2.62 | 3.32,0,1.21 | 1.53 | 2.08,0.905,0.000,0,1,0,0,0,0,-1,0,0,0,,0,,0,,0,0,904.75,0,1
17253894077,580,3,3,8,8,9.913,0,0,0.10 | 0.13 | 0.22,0,1.93 | 2.62 | 3.32,0,1.21 | 1.53 | 2.08,0.905,0.000,0,1,0,0,0,0,-1,0,0,0,,0,,0,,0,0,904.75,0,1
17253894078,580,3,3,8,8,9.913,0,0,0.10 | 0.13 | 0.22,0,1.93 | 2.62 | 3.32,0,1.21 | 1.53 | 2.08,0.905,0.000,0,1,0,0,0,0,-1,0,0,0,,0,,0,,0,0,904.75,0,1
17253894079,580,3,3,8,8,9.016,0,0,0.10 | 0.13 | 0.22,0,1.93 | 2.62 | 3.32,0,1.21 | 1.53 | 2.08,0.905,0.000,0,1,0,0,0,0,-1,0,0,0,,0,,0,,0,0,904.75,0,1
17253894080,580,3,3,8,8,9.016,0,0,0.10 | 0.13 | 0.22,0,1.93 | 2.62 | 3.32,0,1.21 | 1.53 | 2.08,0.905,0.000,0,1,0,0,0,0,-1,0,0,0,,0,,0,,0,0,904.75,0,1
17253894081,580,3,3,8,8,9.016,0,0,0.10 | 0.13 | 0.22,0,1.93 | 2.62 | 3.32,0,1.21 | 1.53 | 2.08,0.905,0.000,0,1,0,0,0,0,-1,0,0,0,,0,,0,,0,0,904.75,0,1
17253894082,580,3,3,8,8,9.016,0,0,0.10 | 0.13 | 0.22,0,1.93 | 2.62 | 3.32,0,1.21 | 1.53 | 2.08,0.905,0.000,0,1,0,0,0,0,-1,0,0,0,,0,,0,,0,0,904.75,0,1
17253894083,580,3,3,8,8,9.016,0,0,0.10 | 0.13 | 0.22,0,1.93 | 2.62 | 3.32,0,1.21 | 1.53 | 2.08,0.905,0.000,0,1,0,0,0,0,-1,0,0,0,,0,,0,,0,0,904.75,0,1
17253894084,580,3,3,8,8,9.016,0,0,0.10 | 0.13 | 0.22,0,1.93 | 2.62 | 3.32,0,1.21 | 1.53 | 2.08,0.905,0.000,0,1,0,0,0,0,-1,0,0,0,,0,,0,,0,0,904.75,0,1
17253894085,580,3,3,8,8,9.016,0,0,0.10 | 0.13 | 0.22,0,1.93 | 2.62 | 3.32,0,1.21 | 1.53 | 2.08,0.905,0.000,0,1,0,0,0,0,-1,0,0,0,,0,,0,,0,0,904.75,0,1
17253894086,580,3,3,8,8,9.016,0,0,0.10 | 0.13 | 0.22,0,1.93 | 2.62 | 3.32,0,1.21 | 1.53 | 2.08,0.905,0.000,0,1,0,0,0,0,-1,0,0,0,,0,,0,,0,0,904.75,0,1
17253894087,580,3,3,8,8,9.016,0,0,0.10 | 0.13 | 0.22,0,1.93 | 2.62 | 3.32,0,1.21 | 1.53 | 2.08,0.905,0.000,0,1,0,0,0,0,-1,0,0,0,,0,,0,,0,0,920,0,1
17253894088,580,3,3,8,8,9.016,0,0,0.10 | 0.13 | 0.22,0,1.93 | 2.62 | 3.32,0,1.21 | 1.53 | 2.08,0.905,0.000,0,1,0,0,0,0,-1,0,0,0,,0,,0,,0,0,920,0,1
17253894089,580,3,3,8,8,12.753,0,0,0.10 | 0.13 | 0.22,0,1.93 | 2.63 | 3.32,0,1.21 | 1.52 | 2.08,0.920,0.000,0,1,0,0,0,0,-1,0,0,0,,0,,0,,0,0,920,0,1
17253894090,580,3,3,8,8,12.753,0,0,0.10 | 0.13 | 0.22,0,1.93 | 2.63 | 3.32,0,1.21 | 1.52 | 2.08,0.920,0.000,0,1,0,0,0,0,-1,0,0,0,,0,,0,,0,0,920,0,1
17253894091,580,3,3,8,8,12.753,0,0,0.10 | 0.13 | 0.22,0,1.93 | 2.63 | 3.32,0,1.21 | 1.52 | 2.08,0.920,0.000,0,1,0,0,0,0,-1,0,0,0,,0,,0,,0,0,920,0,1
17253894092,580,3,3,8,8,12.753,0,0,0.10 | 0.13 | 0.22,0,1.93 | 2.63 | 3.32,0,1.21 | 1.52 | 2.08,0.920,0.000,0,1,0,0,0,0,-1,0,0,0,,0,,0,,0,0,920,0,1
17253894093,580,3,3,8,8,12.753,0,0,0.10 | 0.13 | 0.22,0,1.93 | 2.63 | 3.32,0,1.21 | 1.52 | 2.08,0.920,0.000,0,1,0,0,0,0,-1,0,0,0,,0,,0,,0,0,920,0,1
17253894094,580,3,3,8,8,12.753,0,0,0.10 | 0.13 | 0.22,0,1.93 | 2.63 | 3.32,0,1.21 | 1.52 | 2.08,0.920,0.000,0,1,0,0,0,0,-1,0,0,0,,0,,0,,0,0,920,0,1
17253894095,580,3,3,8,8,12.753,0,0,0.10 | 0.13 | 0.22,0,1.93 | 2.63 | 3.32,0,1.21 | 1.52 | 2.08,0.920,0.000,0,1,0,0,0,0,-1,0,0,0,,0,,0,,0,0,920,0,1
17253894096,580,3,3,8,8,12.753,0,0,0.10 | 0.13 | 0.22,0,1.93 | 2.63 | 3.32,0,1.21 | 1.52 | 2.08,0.920,0.000,0,1,0,0,0,0,-1,0,0,0,,0,,0,,0,0,920,0,1
17253894097,580,3,3,8,8,12.753,0,0,0.10 | 0.13 | 0.22,0,1.93 | 2.63 | 3.32,0,1.21 | 1.52 | 2.08,0.920,0.000,0,1,0,0,0,0,-1,0,0,0,,0,,0,,0,0,920,0,1
17253894098,580,3,3,8,8,12.753,0,0,0.10 | 0.13 | 0.22,0,1.93 | 2.63 | 3.32,0,1.21 | 1.52 | 2.08,0.920,0.000,0,1,0,0,0,0,-1,0,0,0,,0,,0,,0,0,920,0,1
17253894099,580,3,3,8,8,11.957,0,0,0.10 | 0.13 | 0.22,0,1.93 | 2.63 | 3.32,0,1.21 | 1.52 | 2.08,0.920,0.000,0,1,0,0,0,0,-1,0,0,0,,0,,0,,0,0,920,0,1
17253894100,580,3,3,8,8,11.957,0,0,0.10 | 0.13 | 0.22,0,1.93 | 2.63 | 3.32,0,1.21 | 1.52 | 2.08,0.920,0.000,0,1,0,0,0,0,-1,0,0,0,,0,,0,,0,0,920,0,1
17253894101,580,3,3,8,8,11.957,0,0,0.10 | 0.13 | 0.22,0,1.93 | 2.63 | 3.32,0,1.21 | 1.52 | 2.08,0.920,0.000,0,1,0,0,0,0,-1,0,0,0,,0,,0,,0,0,920,0,1
17253894102,580,3,3,8,8,11.957,0,0,0.10 | 0.13 | 0.22,0,1.93 | 2.63 | 3.32,0,1.21 | 1.52 | 2.08,0.920,0.000,0,1,0,0,0,0,-1,0,0,0,,0,,0,,0,0,920,0,1
17253894103,580,3,3,8,8,11.957,0,0,0.10 | 0.13 | 0.22,0,1.93 | 2.63 | 3.32,0,1.21 | 1.52 | 2.08,0.920,0.000,0,1,0,0,0,0,-1,0,0,0,,0,,0,,0,0,920,0,1
17253894104,580,3,3,8,8,11.957,0,0,0.10 | 0.13 | 0.22,0,1.93 | 2.63 | 3.32,0,1.21 | 1.52 | 2.08,0.920,0.000,0,1,0,0,0,0,-1,0,0,0,,0,,0,,0,0,920,0,1
17253894105,580,3,3,8,8,11.957,0,0,0.10 | 0.13 | 0.22,0,1.93 | 2.63 | 3.32,0,1.21 | 1.52 | 2.08,0.920,0.000,0,1,0,0,0,0,-1,0,0,0,,0,,0,,0,0,920,0,1
17253894106,580,3,3,8,8,11.957,0,0,0.10 | 0.13 | 0.22,0,1.93 | 2.63 | 3.32,0,1.21 | 1.52 | 2.08,0.920,0.000,0,1,0,0,0,0,-1,0,0,0,,0,,0,,0,0,920,0,1
17253894107,580,3,3,8,8,11.957,0,0,0.10 | 0.13 | 0.22,0,1.93 | 2.63 | 3.32,0,1.21 | 1.52 | 2.08,0.920,0.000,0,1,0,0,0,0,-1,0,0,0,,0,,0,,0,0,920,0,1
17253894108,580,3,3,8,8,11.957,0,0,0.10 | 0.13 | 0.22,0,1.93 | 2.63 | 3.32,0,1.21 | 1.52 | 2.08,0.920,0.000,0,1,0,0,0,0,-1,0,0,0,,0,,0,,0,0,920,0,1
17253894109,580,3,3,8,8,10.894,0,0,0.10 | 0.13 | 0.22,0,1.93 | 2.63 | 3.32,0,1.21 | 1.52 | 2.08,0.920,0.000,0,1,0,0,0,0,-1,0,0,0,,0,,0,,0,0,920,0,1
17253894110,580,3,3,8,8,10.894,0,0,0.10 | 0.13 | 0.22,0,1.93 | 2.63 | 3.32,0,1.21 | 1.52 | 2.08,0.920,0.000,0,1,0,0,0,0,-1,0,0,0,,0,,0,,0,0,920,0,1
17253894111,580,3,3,8,8,10.894,0,0,0.10 | 0.13 | 0.22,0,1.93 | 2.63 | 3.32,0,1.21 | 1.52 | 2.08,0.920,0.000,0,1,0,0,0,0,-1,0,0,0,,0,,0,,0,0,920,0,1
17253894112,580,3,3,8,8,10.894,0,0,0.10 | 0.13 | 0.22,0,1.93 | 2.63 | 3.32,0,1.21 | 1.52 | 2.08,0.920,0.000,0,1,0,0,0,0,-1,0,0,0,,0,,0,,0,0,920,0,1
17253894113,580,3,3,8,8,10.894,0,0,0.10 | 0.13 | 0.22,0,1.93 | 2.63 | 3.32,0,1.21 | 1.52 | 2.08,0.920,0.000,0,1,0,0,0,0,-1,0,0,0,,0,,0,,0,0,920,0,1
17253894114,580,3,3,8,8,10.894,0,0,0.10 | 0.13 | 0.22,0,1.93 | 2.63 | 3.32,0,1.21 | 1.52 | 2.08,0.920,0.000,0,1,0,0,0,0,-1,0,0,0,,0,,0,,0,0,920,0,1
17253894115,580,3,3,8,8,10.894,0,0,0.10 | 0.13 | 0.22,0,1.93 | 2.63 | 3.32,0,1.21 | 1.52 | 2.08,0.920,0.000,0,1,0,0,0,0,-1,0,0,0,,0,,0,,0,0,920,0,1
17253894116,580,3,3,8,8,10.894,0,0,0.10 | 0.13 | 0.22,0,1.93 | 2.63 | 3.32,0,1.21 | 1.52 | 2.08,0.920,0.000,0,1,0,0,0,0,-1,0,0,0,,0,,0,,0,0,920,0,1
17253894117,580,3,3,8,8,10.894,0,0,0.10 | 0.13 | 0.22,0,1.93 | 2.63 | 3.32,0,1.21 | 1.52 | 2.08,0.920,0.000,0,1,0,0,0,0,-1,0,0,0,,0,,0,,0,0,920,0,1
17253894118,580,3,3,8,8,10.894,0,0,0.10 | 0.13 | 0.22,0,1.93 | 2.63 | 3.32,0,1.21 | 1.52 | 2.08,0.920,0.000,0,1,0,0,0,0,-1,0,0,0,,0,,0,,0,0,930.5,0,1
17253894119,580,3,3,8,8,13.012,0,0,0.10 | 0.11 | 0.11,0,1.55 | 2.54 | 3.32,0,1.21 | 1.58 | 2.58,0.930,0.000,0,1,0,0,0,0,-1,0,0,0,,0,,0,,0,0,930.5,0,1
17253894120,580,3,3,8,8,13.012,0,0,0.10 | 0.11 | 0.11,0,1.55 | 2.54 | 3.32,0,1.21 | 1.58 | 2.58,0.930,0.000,0,1,0,0,0,0,-1,0,0,0,,0,,0,,0,0,930.5,0,1
17253894121,580,3,3,8,8,13.012,0,0,0.10 | 0.11 | 0.11,0,1.55 | 2.54 | 3.32,0,1.21 | 1.58 | 2.58,0.930,0.000,0,1,0,0,0,0,-1,0,0,0,,0,,0,,0,0,930.5,0,1
17253894122,580,3,3,8,8,13.012,0,0,0.10 | 0.11 | 0.11,0,1.55 | 2.54 | 3.32,0,1.21 | 1.58 | 2.58,0.930,0.000,0,1,0,0,0,0,-1,0,0,0,,0,,0,,0,0,930.5,0,1
17253894123,580,3,3,8,8,13.012,0,0,0.10 | 0.11 | 0.11,0,1.55 | 2.54 | 3.32,0,1.21 | 1.58 | 2.58,0.930,0.000,0,1,0,0,0,0,-1,0,0,0,,0,,0,,0,0,930.5,0,1
17253894124,580,3,3,8,8,13.012,0,0,0.10 | 0.11 | 0.11,0,1.55 | 2.54 | 3.32,0,1.21 | 1.58 | 2.58,0.930,0.000,0,1,0,0,0,0,-1,0,0,0,,0,,0,,0,0,930.5,0,1
17253894125,580,3,3,8,8,13.012,0,0,0.10 | 0.11 | 0.11,0,1.55 | 2.54 | 3.32,0,1.21 | 1.58 | 2.58,0.930,0.000,0,1,0,0,0,0,-1,0,0,0,,0,,0,,0,0,930.5,0,1
17253894126,580,3,3,8,8,13.012,0,0,0.10 | 0.11 | 0.11,0,1.55 | 2.54 | 3.32,0,1.21 | 1.58 | 2.58,0.930,0.000,0,1,0,0,0,0,-1,0,0,0,,0,,0,,0,0,930.5,0,1
17253894127,580,3,3,8,8,13.012,0,0,0.10 | 0.11 | 0.11,0,1.55 | 2.54 | 3.32,0,1.21 | 1.58 | 2.58,0.930,0.000,0,1,0,0,0,0,-1,0,0,0,,0,,0,,0,0,930.5,0,1
17253894128,580,3,3,8,8,13.012,0,0,0.10 | 0.11 | 0.11,0,1.55 | 2.54 | 3.32,0,1.21 | 1.58 | 2.58,0.930,0.000,0,1,0,0,0,0,-1,0,0,0,,0,,0,,0,0,930.5,0,1
17253894129,580,3,3,8,8,11.969,0,0,0.10 | 0.11 | 0.11,0,1.55 | 2.54 | 3.32,0,1.21 | 1.58 | 2.58,0.930,0.000,0,1,0,0,0,0,-1,0,0,0,,0,,0,,0,0,930.5,0,1
17253894130,580,3,3,8,8,11.969,0,0,0.10 | 0.11 | 0.11,0,1.55 | 2.54 | 3.32,0,1.21 | 1.58 | 2.58,0.930,0.000,0,1,0,0,0,0,-1,0,0,0,,0,,0,,0,0,930.5,0,1
17253894131,580,3,3,8,8,11.969,0,0,0.10 | 0.11 | 0.11,0,1.55 | 2.54 | 3.32,0,1.21 | 1.58 | 2.58,0.930,0.000,0,1,0,0,0,0,-1,0,0,0,,0,,0,,0,0,930.5,0,1
17253894132,580,3,3,8,8,11.969,0,0,0.10 | 0.11 | 0.11,0,1.55 | 2.54 | 3.32,0,1.21 | 1.58 | 2.58,0.930,0.000,0,1,0,0,0,0,-1,0,0,0,,0,,0,,0,0,930.5,0,1
17253894133,772,3,4,8,8,11.969,0,0,0.10 | 0.11 | 0.11,0,1.55 | 2.54 | 3.32,0,1.21 | 1.58 | 2.58,0.930,0.000,0,1,0,0,0,0,-1,0,0,0,,0,,0,,0,0,930.5,0,1
17253894134,772,3,4,8,8,11.969,0,0,0.10 | 0.11 | 0.11,0,1.55 | 2.54 | 3.32,0,1.21 | 1.58 | 2.58,0.930,0.000,0,1,0,0,0,0,-1,0,0,0,,0,,0,,0,0,930.5,0,1
17253894135,772,3,4,8,8,11.969,0,0,0.10 | 0.11 | 0.11,0,1.55 | 2.54 | 3.32,0,1.21 | 1.58 | 2.58,0.930,0.000,0,1,0,0,0,0,-1,0,0,0,,0,,0,,0,0,930.5,0,1
17253894136,772,3,4,8,8,11.969,0,0,0.10 | 0.11 | 0.11,0,1.55 | 2.54 | 3.32,0,1.21 | 1.58 | 2.58,0.930,0.000,0,1,0,0,0,0,-1,0,0,0,,0,,0,,0,0,930.5,0,1
17253894137,772,3,4,8,8,11.969,0,0,0.10 | 0.11 | 0.11,0,1.55 | 2.54 | 3.32,0,1.21 | 1.58 | 2.58,0.930,0.000,0,1,0,0,0,0,-1,0,0,0,,0,,0,,0,0,930.5,0,1
17253894138,772,3,4,8,8,11.969,0,0,0.10 | 0.11 | 0.11,0,1.55 | 2.54 | 3.32,0,1.21 | 1.58 | 2.58,0.930,0.000,0,1,0,0,0,0,-1,0,0,0,,0,,0,,0,0,930.5,0,1
17253894139,772,3,4,8,8,10.907,0,0,0.10 | 0.11 | 0.11,0,1.55 | 2.54 | 3.32,0,1.21 | 1.58 | 2.58,0.930,0.000,0,1,0,0,0,0,-1,0,0,0,,0,,0,,0,0,930.5,0,1
17253894140,772,3,4,8,8,10.907,0,0,0.10 | 0.11 | 0.11,0,1.55 | 2.54 | 3.32,0,1.21 | 1.58 | 2.58,0.930,0.000,0,1,0,0,0,0,-1,0,0,0,,0,,0,,0,0,930.5,0,1
17253894141,772,3,4,8,8,10.907,0,0,0.10 | 0.11 | 0.11,0,1.55 | 2.54 | 3.32,0,1.21 | 1.58 | 2.58,0.930,0.000,0,1,0,0,0,0,-1,0,0,0,,0,,0,,0,0,930.5,0,1
17253894142,772,3,4,8,8,10.907,0,0,0.10 | 0.11 | 0.11,0,1.55 | 2.54 | 3.32,0,1.21 | 1.58 | 2.58,0.930,0.000,0,1,0,0,0,0,-1,0,0,0,,0,,0,,0,0,930.5,0,1
17253894143,772,3,4,8,8,10.907,0,0,0.10 | 0.11 | 0.11,0,1.55 | 2.54 | 3.32,0,1.21 | 1.58 | 2.58,0.930,0.000,0,1,0,0,0,0,-1,0,0,0,,0,,0,,0,0,930.5,0,1
17253894144,772,3,4,8,8,10.907,0,0,0.10 | 0.11 | 0.11,0,1.55 | 2.54 | 3.32,0,1.21 | 1.58 | 2.58,0.930,0.000,0,1,0,0,0,0,-1,0,0,0,,0,,0,,0,0,930.5,0,1
17253894145,772,3,4,8,8,10.907,0,0,0.10 | 0.11 | 0.11,0,1.55 | 2.54 | 3.32,0,1.21 | 1.58 | 2.58,0.930,0.000,0,1,0,0,0,0,-1,0,0,0,,0,,0,,0,0,930.5,0,1
17253894146,772,3,4,8,8,10.907,0,0,0.10 | 0.11 | 0.11,0,1.55 | 2.54 | 3.32,0,1.21 | 1.58 | 2.58,0.930,0.000,0,1,0,0,0,0,-1,0,0,0,,0,,0,,0,0,930.5,0,1
17253894147,772,3,4,8,8,10.907,0,0,0.10 | 0.11 | 0.11,0,1.55 | 2.54 | 3.32,0,1.21 | 1.58 | 2.58,0.930,0.000,0,1,0,0,0,0,-1,0,0,0,,0,,0,,0,0,930.5,0,1
17253894148,772,3,4,8,8,10.907,0,0,0.10 | 0.11 | 0.11,0,1.55 | 2.54 | 3.32,0,1.21 | 1.58 | 2.58,0.930,0.000,0,1,0,0,0,0,-1,0,0,0,,0,,0,,0,0,930.5,0,1
17253894149,772,3,4,8,8,10.11,0,0,0.10 | 0.11 | 0.11,0,1.55 | 2.54 | 3.32,0,1.21 | 1.58 | 2.58,0.930,0.000,0,1,0,0,0,0,-1,0,0,0,,0,,0,,0,0,930.5,0,1
17253894150,772,3,4,8,8,10.11,0,0,0.10 | 0.11 | 0.11,0,1.55 | 2.54 | 3.32,0,1.21 | 1.58 | 2.58,0.930,0.000,0,1,0,0,0,0,-1,0,0,0,,0,,0,,0,0,930.5,0,1
17253894151,772,3,4,8,8,10.11,0,0,0.10 | 0.11 | 0.11,0,1.55 | 2.54 | 3.32,0,1.21 | 1.58 | 2.58,0.930,0.000,0,1,0,0,0,0,-1,0,0,0,,0,,0,,0,0,930.5,0,1
17253894152,772,3,4,8,8,10.11,0,0,0.10 | 0.11 | 0.11,0,1.55 | 2.54 | 3.32,0,1.21 | 1.58 | 2.58,0.930,0.000,0,1,0,0,0,0,-1,0,0,0,,0,,0,,0,0,930.5,0,1
17253894153,772,3,4,8,8,10.11,0,0,0.10 | 0.11 | 0.11,0,1.55 | 2.54 | 3.32,0,1.21 | 1.58 | 2.58,0.930,0.000,0,1,0,0,0,0,-1,0,0,0,,0,,0,,0,0,930.5,0,1
17253894154,772,3,4,8,8,10.11,0,0,0.10 | 0.11 | 0.11,0,1.55 | 2.54 | 3.32,0,1.21 | 1.58 | 2.58,0.930,0.000,0,1,0,0,0,0,-1,0,0,0,,0,,0,,0,0,930.5,0,1
17253894155,772,3,4,8,8,10.11,0,0,0.10 | 0.11 | 0.11,0,1.55 | 2.54 | 3.32,0,1.21 | 1.58 | 2.58,0.930,0.000,0,1,0,0,0,0,-1,0,0,0,,0,,0,,0,0,930.5,0,1
17253894156,772,3,4,8,8,10.11,0,0,0.10 | 0.11 | 0.11,0,1.55 | 2.54 | 3.32,0,1.21 | 1.58 | 2.58,0.930,0.000,0,1,0,0,0,0,-1,0,0,0,,0,,0,,0,0,930.5,0,1
17253894157,772,3,4,8,8,10.11,0,0,0.10 | 0.11 | 0.11,0,1.55 | 2.54 | 3.32,0,1.21 | 1.58 | 2.58,0.930,0.000,0,1,0,0,0,0,-1,0,0,0,,0,,0,,0,0,930.5,0,1
17253894158,772,3,4,8,8,10.11,0,0,0.10 | 0.11 | 0.11,0,1.55 | 2.54 | 3.32,0,1.21 | 1.58 | 2.58,0.930,0.000,0,1,0,0,0,0,-1,0,0,0,,0,,0,,0,0,930.5,0,1
17253894159,772,3,4,8,8,9.047,0,0,0.10 | 0.11 | 0.11,0,1.55 | 2.54 | 3.32,0,1.21 | 1.58 | 2.58,0.930,0.000,0,1,0,0,0,0,-1,0,0,0,,0,,0,,0,0,930.5,0,1
17253894160,772,3,4,8,8,9.047,0,0,0.10 | 0.11 | 0.11,0,1.55 | 2.54 | 3.32,0,1.21 | 1.58 | 2.58,0.930,0.000,0,1,0,0,0,0,-1,0,0,0,,0,,0,,0,0,930.5,0,1
17253894161,772,3,4,8,8,9.047,0,0,0.10 | 0.11 | 0.11,0,1.55 | 2.54 | 3.32,0,1.21 | 1.58 | 2.58,0.930,0.000,0,1,0,0,0,0,-1,0,0,0,,0,,0,,0,0,930.5,0,1
17253894162,772,3,4,8,8,9.047,0,0,0.10 | 0.11 | 0.11,0,1.55 | 2.54 | 3.32,0,1.21 | 1.58 | 2.58,0.930,0.000,0,1,0,0,0,0,-1,0,0,0,,0,,0,,0,0,930.5,0,1
17253894163,772,3,4,8,8,9.047,0,0,0.10 | 0.11 | 0.11,0,1.55 | 2.54 | 3.32,0,1.21 | 1.58 | 2.58,0.930,0.000,0,1,0,0,0,0,-1,0,0,0,,0,,0,,0,0,930.5,0,1
17253894164,772,3,4,8,8,9.047,0,0,0.10 | 0.11 | 0.11,0,1.55 | 2.54 | 3.32,0,1.21 | 1.58 | 2.58,0.930,0.000,0,1,0,0,0,0,-1,0,0,0,,0,,0,,0,0,930.5,0,1
17253894165,772,3,4,8,8,9.047,0,0,0.10 | 0.11 | 0.11,0,1.55 | 2.54 | 3.32,0,1.21 | 1.58 | 2.58,0.930,0.000,0,1,0,0,0,0,-1,0,0,0,,0,,0,,0,0,930.5,0,1
17253894166,772,3,4,8,8,9.047,0,0,0.10 | 0.11 | 0.11,0,1.55 | 2.54 | 3.32,0,1.21 | 1.58 | 2.58,0.930,0.000,0,1,0,0,0,0,-1,0,0,0,,0,,0,,0,0,930.5,0,1
17253894167,772,3,4,8,8,9.047,0,0,0.10 | 0.11 | 0.11,0,1.55 | 2.54 | 3.32,0,1.21 | 1.58 | 2.58,0.930,0.000,0,1,0,0,0,0,-1,0,0,0,,0,,0,,0,0,930.5,0,1
17253894168,772,3,4,8,8,9.047,0,0,0.10 | 0.11 | 0.11,0,1.55 | 2.54 | 3.32,0,1.21 | 1.58 | 2.58,0.930,0.000,0,1,0,0,0,0,-1,0,0,0,,0,,0,,0,0,930.5,0,1
17253894169,772,3,4,8,8,7.913,0,0,0.10 | 0.11 | 0.11,0,1.55 | 2.54 | 3.32,0,1.21 | 1.58 | 2.58,0.930,0.000,0,1,0,0,0,0,-1,0,0,0,,0,,0,,0,0,930.5,0,1
17253894170,772,3,4,8,8,7.913,0,0,0.10 | 0.11 | 0.11,0,1.55 | 2.54 | 3.32,0,1.21 | 1.58 | 2.58,0.930,0.000,0,1,0,0,0,0,-1,0,0,0,,0,,0,,0,0,930.5,0,1
17253894171,772,3,4,8,8,7.913,0,0,0.10 | 0.11 | 0.11,0,1.55 | 2.54 | 3.32,0,1.21 | 1.58 | 2.58,0.930,0.000,0,1,0,0,0,0,-1,0,0,0,,0,,0,,0,0,930.5,0,1
17253894172,772,3,4,8,8,7.913,0,0,0.10 | 0.11 | 0.11,0,1.55 | 2.54 | 3.32,0,1.21 | 1.58 | 2.58,0.930,0.000,0,1,0,0,0,0,-1,0,0,0,,0,,0,,0,0,930.5,0,1
17253894173,772,3,4,8,8,7.913,0,0,0.10 | 0.11 | 0.11,0,1.55 | 2.54 | 3.32,0,1.21 | 1.58 | 2.58,0.930,0.000,0,1,0,0,0,0,-1,0,0,0,,0,,0,,0,0,930.5,0,1
17253894174,772,3,4,8,8,7.913,0,0,0.10 | 0.11 | 0.11,0,1.55 | 2.54 | 3.32,0,1.21 | 1.58 | 2.58,0.930,0.000,0,1,0,0,0,0,-1,0,0,0,,0,,0,,0,0,930.5,0,1
17253894175,772,3,4,8,8,7.913,0,0,0.10 | 0.11 | 0.11,0,1.55 | 2.54 | 3.32,0,1.21 | 1.58 | 2.58,0.930,0.000,0,1,0,0,0,0,-1,0,0,0,,0,,0,,0,0,930.5,0,1
17253894176,772,4,4,8,8,7.913,0,0,0.10 | 0.11 | 0.11,0,1.55 | 2.54 | 3.32,0,1.21 | 1.58 | 2.58,0.930,0.000,0,1,0,0,0,0,-1,0,0,0,,0,,0,,0,0,930.25,0,1
17253894177,772,4,4,8,8,7.913,0,0,0.10 | 0.11 | 0.11,0,1.55 | 2.54 | 3.32,0,1.21 | 1.58 | 2.58,0.930,0.000,0,1,0,0,0,0,-1,0,0,0,,0,,0,,0,0,930.25,0,1
17253894178,772,4,4,8,8,7.913,0,0,0.10 | 0.11 | 0.11,0,1.55 | 2.54 | 3.32,0,1.21 | 1.58 | 2.58,0.930,0.000,0,1,0,0,0,0,-1,0,0,0,,0,,0,,0,0,930.25,0,1
17253894179,772,4,4,8,8,6.922,0,0,0.10 | 0.11 | 0.11,0,1.55 | 2.72 | 4.03,0,0.99 | 1.47 | 2.58,0.930,0.000,0,1,0,0,0,0,-1,0,0,0,,0,,0,,0,0,930.25,0,1
17253894180,772,4,4,8,8,6.922,0,0,0.10 | 0.11 | 0.11,0,1.55 | 2.72 | 4.03,0,0.99 | 1.47 | 2.58,0.930,0.000,0,1,0,0,0,0,-1,0,0,0,,0,,0,,0,0,930.25,0,1
17253894181,772,4,4,8,8,6.922,0,0,0.10 | 0.11 | 0.11,0,1.55 | 2.72 | 4.03,0,0.99 | 1.47 | 2.58,0.930,0.000,0,1,0,0,0,0,-1,0,0,0,,0,,0,,0,0,930.25,0,1
17253894182,772,4,4,8,8,6.922,0,0,0.10 | 0.11 | 0.11,0,1.55 | 2.72 | 4.03,0,0.99 | 1.47 | 2.58,0.930,0.000,0,1,0,0,0,0,-1,0,0,0,,0,,0,,0,0,930.25,0,1
17253894183,772,4,4,8,8,6.922,0,0,0.10 | 0.11 | 0.11,0,1.55 | 2.72 | 4.03,0,0.99 | 1.47 | 2.58,0.930,0.000,0,1,0,0,0,0,-1,0,0,0,,0,,0,,0,0,930.25,0,1
17253894184,772,4,4,8,8,6.922,0,0,0.10 | 0.11 | 0.11,0,1.55 | 2.72 | 4.03,0,0.99 | 1.47 | 2.58,0.930,0.000,0,1,0,0,0,0,-1,0,0,0,,0,,0,,0,0,930.25,0,1
17253894185,772,4,4,8,8,6.922,0,0,0.10 | 0.11 | 0.11,0,1.55 | 2.72 | 4.03,0,0.99 | 1.47 | 2.58,0.930,0.000,0,1,0,0,0,0,-1,0,0,0,,0,,0,,0,0,930.25,0,1
17253894186,772,4,4,8,8,6.922,0,0,0.10 | 0.11 | 0.11,0,1.55 | 2.72 | 4.03,0,0.99 | 1.47 | 2.58,0.930,0.000,0,1,0,0,0,0,-1,0,0,0,,0,,0,,0,0,930.25,0,1
17253894187,772,4,4,8,8,6.922,0,0,0.10 | 0.11 | 0.11,0,1.55 | 2.72 | 4.03,0,0.99 | 1.47 | 2.58,0.930,0.000,0,1,0,0,0,0,-1,0,0,0,,0,,0,,0,0,930.25,0,1
17253894188,772,4,4,8,8,6.922,0,0,0.10 | 0.11 | 0.11,0,1.55 | 2.72 | 4.03,0,0.99 | 1.47 | 2.58,0.930,0.000,0,1,0,0,0,0,-1,0,0,0,,0,,0,,0,0,930.25,0,1
17253894189,772,4,4,8,8,6.125,0,0,0.10 | 0.11 | 0.11,0,1.55 | 2.72 | 4.03,0,0.99 | 1.47 | 2.58,0.930,0.000,0,1,0,0,0,0,-1,0,0,0,,0,,0,,0,0,930.25,0,1
17253894190,772,4,4,8,8,6.125,0,0,0.10 | 0.11 | 0.11,0,1.55 | 2.72 | 4.03,0,0.99 | 1.47 | 2.58,0.930,0.000,0,1,0,0,0,0,-1,0,0,0,,0,,0,,0,0,930.25,0,1
17253894191,772,4,4,8,8,6.125,0,0,0.10 | 0.11 | 0.11,0,1.55 | 2.72 | 4.03,0,0.99 | 1.47 | 2.58,0.930,0.000,0,1,0,0,0,0,-1,0,0,0,,0,,0,,0,0,930.25,0,1
17253894192,772,4,4,8,8,6.125,0,0,0.10 | 0.11 | 0.11,0,1.55 | 2.72 | 4.03,0,0.99 | 1.47 | 2.58,0.930,0.000,0,1,0,0,0,0,-1,0,0,0,,0,,0,,0,0,930.25,0,1
17253894193,772,4,4,8,8,6.125,0,0,0.10 | 0.11 | 0.11,0,1.55 | 2.72 | 4.03,0,0.99 | 1.47 | 2.58,0.930,0.000,0,1,0,0,0,0,-1,0,0,0,,0,,0,,0,0,930.25,0,1
17253894194,772,4,4,8,8,6.125,0,0,0.10 | 0.11 | 0.11,0,1.55 | 2.72 | 4.03,0,0.99 | 1.47 | 2.58,0.930,0.000,0,1,0,0,0,0,-1,0,0,0,,0,,0,,0,0,930.25,0,1
17253894195,772,4,4,8,8,6.125,0,0,0.10 | 0.11 | 0.11,0,1.55 | 2.72 | 4.03,0,0.99 | 1.47 | 2.58,0.930,0.000,0,1,0,0,0,0,-1,0,0,0,,0,,0,,0,0,930.25,0,1
17253894196,772,4,4,8,8,6.125,0,0,0.10 | 0.11 | 0.11,0,1.55 | 2.72 | 4.03,0,0.99 | 1.47 | 2.58,0.930,0.000,0,1,0,0,0,0,-1,0,0,0,,0,,0,,0,0,930.25,0,1
17253894197,772,4,4,8,8,6.125,0,0,0.10 | 0.11 | 0.11,0,1.55 | 2.72 | 4.03,0,0.99 | 1.47 | 2.58,0.930,0.000,0,1,0,0,0,0,-1,0,0,0,,0,,0,,0,0,930.25,0,1
17253894198,387,4,2,8,8,6.125,0,0,0.10 | 0.11 | 0.11,0,1.55 | 2.72 | 4.03,0,0.99 | 1.47 | 2.58,0.930,0.000,0,1,0,0,0,0,-1,0,0,0,,0,,0,,0,0,916,0,1
17253894199,387,4,2,8,8,4.922,0,0,0.10 | 0.11 | 0.11,0,1.55 | 2.73 | 4.03,0,0.99 | 1.46 | 2.58,0.916,0.000,0,1,0,0,0,0,-1,0,0,0,,0,,0,,0,0,916,0,1
17253894200,387,4,2,8,8,4.922,0,0,0.10 | 0.11 | 0.11,0,1.55 | 2.73 | 4.03,0,0.99 | 1.46 | 2.58,0.916,0.000,0,1,0,0,0,0,-1,0,0,0,,0,,0,,0,0,916,0,1
17253894201,387,4,2,8,8,4.922,0,0,0.10 | 0.11 | 0.11,0,1.55 | 2.73 | 4.03,0,0.99 | 1.46 | 2.58,0.916,0.000,0,1,0,0,0,0,-1,0,0,0,,0,,0,,0,0,916,0,1
17253894202,387,4,2,8,8,4.922,0,0,0.10 | 0.11 | 0.11,0,1.55 | 2.73 | 4.03,0,0.99 | 1.46 | 2.58,0.916,0.000,0,1,0,0,0,0,-1,0,0,0,,0,,0,,0,0,916,0,1
17253894203,387,4,2,8,8,4.922,0,0,0.10 | 0.11 | 0.11,0,1.55 | 2.73 | 4.03,0,0.99 | 1.46 | 2.58,0.916,0.000,0,1,0,0,0,0,-1,0,0,0,,0,,0,,0,0,916,0,1
17253894204,387,4,2,8,8,4.922,0,0,0.10 | 0.11 | 0.11,0,1.55 | 2.73 | 4.03,0,0.99 | 1.46 | 2.58,0.916,0.000,0,1,0,0,0,0,-1,0,0,0,,0,,0,,0,0,916,0,1
17253894205,387,4,2,8,8,4.922,0,0,0.10 | 0.11 | 0.11,0,1.55 | 2.73 | 4.03,0,0.99 | 1.46 | 2.58,0.916,0.000,0,1,0,0,0,0,-1,0,0,0,,0,,0,,0,0,916,0,1
17253894206,387,4,2,8,8,4.922,0,0,0.10 | 0.11 | 0.11,0,1.55 | 2.73 | 4.03,0,0.99 | 1.46 | 2.58,0.916,0.000,0,1,0,0,0,0,-1,0,0,0,,0,,0,,0,0,916,0,1
17253894207,387,4,2,8,8,4.922,0,0,0.10 | 0.11 | 0.11,0,1.55 | 2.73 | 4.03,0,0.99 | 1.46 | 2.58,0.916,0.000,0,1,0,0,0,0,-1,0,0,0,,0,,0,,0,0,916,0,1
17253894208,387,4,2,8,8,4.922,0,0,0.10 | 0.11 | 0.11,0,1.55 | 2.73 | 4.03,0,0.99 | 1.46 | 2.58,0.916,0.000,0,1,0,0,0,0,-1,0,0,0,,0,,0,,0,0,916,0,1
17253894209,387,4,2,8,8,4,0,0,0.10 | 0.11 | 0.11,0,1.55 | 2.73 | 4.03,0,0.99 | 1.46 | 2.58,0.916,0.000,0,1,0,0,0,0,-1,0,0,0,,0,,0,,0,0,916,0,1
17253894210,387,4,2,8,8,4,0,0,0.10 | 0.11 | 0.11,0,1.55 | 2.73 | 4.03,0,0.99 | 1.46 | 2.58,0.916,0.000,0,1,0,0,0,0,-1,0,0,0,,0,,0,,0,0,916,0,1
17253894211,387,4,2,8,8,4,0,0,0.10 | 0.11 | 0.11,0,1.55 | 2.73 | 4.03,0,0.99 | 1.46 | 2.58,0.916,0.000,0,1,0,0,0,0,-1,0,0,0,,0,,0,,0,0,916,0,1
17253894212,387,4,2,8,8,4,0,0,0.10 | 0.11 | 0.11,0,1.55 | 2.73 | 4.03,0,0.99 | 1.46 | 2.58,0.916,0.000,0,1,0,0,0,0,-1,0,0,0,,0,,0,,0,0,916,0,1
17253894213,387,4,2,8,8,4,0,0,0.10 | 0.11 | 0.11,0,1.55 | 2.73 | 4.03,0,0.99 | 1.46 | 2.58,0.916,0.000,0,1,0,0,0,0,-1,0,0,0,,0,,0,,0,0,916,0,1
17253894214,387,4,2,8,8,4,0,0,0.10 | 0.11 | 0.11,0,1.55 | 2.73 | 4.03,0,0.99 | 1.46 | 2.58,0.916,0.000,0,1,0,0,0,0,-1,0,0,0,,0,,0,,0,0,916,0,1
17253894215,387,4,2,8,8,4,0,0,0.10 | 0.11 | 0.11,0,1.55 | 2.73 | 4.03,0,0.99 | 1.46 | 2.58,0.916,0.000,0,1,0,0,0,0,-1,0,0,0,,0,,0,,0,0,916,0,1
17253894216,387,4,2,8,8,4,0,0,0.10 | 0.11 | 0.11,0,1.55 | 2.73 | 4.03,0,0.99 | 1.46 | 2.58,0.916,0.000,0,1,0,0,0,0,-1,0,0,0,,0,,0,,0,0,916,0,1
17253894217,387,4,2,8,8,4,0,0,0.10 | 0.11 | 0.11,0,1.55 | 2.73 | 4.03,0,0.99 | 1.46 | 2.58,0.916,0.000,0,1,0,0,0,0,-1,0,0,0,,0,,0,,0,0,916,0,1
17253894218,387,4,2,8,8,4,0,0,0.10 | 0.11 | 0.11,0,1.55 | 2.73 | 4.03,0,0.99 | 1.46 | 2.58,0.916,0.000,0,1,0,0,0,0,-1,0,0,0,,0,,0,,0,0,916,0,1
17253894219,387,4,2,8,8,2.938,0,0,0.10 | 0.11 | 0.11,0,1.55 | 2.73 | 4.03,0,0.99 | 1.46 | 2.58,0.916,0.000,0,1,0,0,0,0,-1,0,0,0,,0,,0,,0,0,916,0,1
17253894220,387,4,2,8,8,2.938,0,0,0.10 | 0.11 | 0.11,0,1.55 | 2.73 | 4.03,0,0.99 | 1.46 | 2.58,0.916,0.000,0,1,0,0,0,0,-1,0,0,0,,0,,0,,0,0,916,0,1
17253894221,580,4,3,8,8,2.938,0,0,0.10 | 0.11 | 0.11,0,1.55 | 2.73 | 4.03,0,0.99 | 1.46 | 2.58,0.916,0.000,0,1,0,0,0,0,-1,0,0,0,,0,,0,,0,0,926,0,1
17253894222,580,4,3,8,8,2.938,0,0,0.10 | 0.11 | 0.11,0,1.55 | 2.73 | 4.03,0,0.99 | 1.46 | 2.58,0.916,0.000,0,1,0,0,0,0,-1,0,0,0,,0,,0,,0,0,926,0,1
17253894223,580,4,3,8,8,2.938,0,0,0.10 | 0.11 | 0.11,0,1.55 | 2.73 | 4.03,0,0.99 | 1.46 | 2.58,0.916,0.000,0,1,0,0,0,0,-1,0,0,0,,0,,0,,0,0,926,0,1
17253894224,580,4,3,8,8,2.938,0,0,0.10 | 0.11 | 0.11,0,1.55 | 2.73 | 4.03,0,0.99 | 1.46 | 2.58,0.916,0.000,0,1,0,0,0,0,-1,0,0,0,,0,,0,,0,0,926,0,1
17253894225,580,4,3,8,8,2.938,0,0,0.10 | 0.11 | 0.11,0,1.55 | 2.73 | 4.03,0,0.99 | 1.46 | 2.58,0.916,0.000,0,1,0,0,0,0,-1,0,0,0,,0,,0,,0,0,926,0,1
17253894226,580,4,3,8,8,2.938,0,0,0.10 | 0.11 | 0.11,0,1.55 | 2.73 | 4.03,0,0.99 | 1.46 | 2.58,0.916,0.000,0,1,0,0,0,0,-1,0,0,0,,0,,0,,0,0,926,0,1
17253894227,580,4,3,8,8,2.938,0,0,0.10 | 0.11 | 0.11,0,1.55 | 2.73 | 4.03,0,0.99 | 1.46 | 2.58,0.916,0.000,0,1,0,0,0,0,-1,0,0,0,,0,,0,,0,0,926,0,1
17253894228,580,4,3,8,8,2.938,0,0,0.10 | 0.11 | 0.11,0,1.55 | 2.73 | 4.03,0,0.99 | 1.46 | 2.58,0.916,0.000,0,1,0,0,0,0,-1,0,0,0,,0,,0,,0,0,926,0,1
17253894229,580,4,3,8,8,6.941,0,0,0.10 | 0.11 | 0.11,0,1.55 | 2.42 | 4.03,0,0.99 | 1.65 | 2.58,0.926,0.000,0,1,0,0,0,0,-1,0,0,0,,0,,0,,0,0,926,0,1
17253894230,580,4,3,8,8,6.941,0,0,0.10 | 0.11 | 0.11,0,1.55 | 2.42 | 4.03,0,0.99 | 1.65 | 2.58,0.926,0.000,0,1,0,0,0,0,-1,0,0,0,,0,,0,,0,0,926,0,1
17253894231,580,4,3,8,8,6.941,0,0,0.10 | 0.11 | 0.11,0,1.55 | 2.42 | 4.03,0,0.99 | 1.65 | 2.58,0.926,0.000,0,1,0,0,0,0,-1,0,0,0,,0,,0,,0,0,926,0,1
17253894232,580,4,3,8,8,6.941,0,0,0.10 | 0.11 | 0.11,0,1.55 | 2.42 | 4.03,0,0.99 | 1.65 | 2.58,0.926,0.000,0,1,0,0,0,0,-1,0,0,0,,0,,0,,0,0,926,0,1
17253894233,580,4,3,8,8,6.941,0,0,0.10 | 0.11 | 0.11,0,1.55 | 2.42 | 4.03,0,0.99 | 1.65 | 2.58,0.926,0.000,0,1,0,0,0,0,-1,0,0,0,,0,,0,,0,0,926,0,1
17253894234,580,4,3,8,8,6.941,0,0,0.10 | 0.11 | 0.11,0,1.55 | 2.42 | 4.03,0,0.99 | 1.65 | 2.58,0.926,0.000,0,1,0,0,0,0,-1,0,0,0,,0,,0,,0,0,926,0,1
17253894235,580,4,3,8,8,6.941,0,0,0.10 | 0.11 | 0.11,0,1.55 | 2.42 | 4.03,0,0.99 | 1.65 | 2.58,0.926,0.000,0,1,0,0,0,0,-1,0,0,0,,0,,0,,0,0,926,0,1
17253894236,580,4,3,8,8,6.941,0,0,0.10 | 0.11 | 0.11,0,1.55 | 2.42 | 4.03,0,0.99 | 1.65 | 2.58,0.926,0.000,0,1,0,0,0,0,-1,0,0,0,,0,,0,,0,0,926,0,1
17253894237,580,4,3,8,8,6.941,0,0,0.10 | 0.11 | 0.11,0,1.55 | 2.42 | 4.03,0,0.99 | 1.65 | 2.58,0.926,0.000,0,1,0,0,0,0,-1,0,0,0,,0,,0,,0,0,926,0,1
17253894238,580,4,3,8,8,6.941,0,0,0.10 | 0.11 | 0.11,0,1.55 | 2.42 | 4.03,0,0.99 | 1.65 | 2.58,0.926,0.000,0,1,0,0,0,0,-1,0,0,0,,0,,0,,0,0,926,0,1
17253894239,580,4,3,8,8,5.876,0,0,0.10 | 0.11 | 0.11,0,1.55 | 2.42 | 4.03,0,0.99 | 1.65 | 2.58,0.926,0.000,0,1,0,0,0,0,-1,0,0,0,,0,,0,,0,0,926,0,1
17253894240,580,4,3,8,8,5.876,0,0,0.10 | 0.11 | 0.11,0,1.55 | 2.42 | 4.03,0,0.99 | 1.65 | 2.58,0.926,0.000,0,1,0,0,0,0,-1,0,0,0,,0,,0,,0,0,926,0,1
17253894241,580,4,3,8,8,5.876,0,0,0.10 | 0.11 | 0.11,0,1.55 | 2.42 | 4.03,0,0.99 | 1.65 | 2.58,0.926,0.000,0,1,0,0,0,0,-1,0,0,0,,0,,0,,0,0,926,0,1
17253894242,580,4,3,8,8,5.876,0,0,0.10 | 0.11 | 0.11,0,1.55 | 2.42 | 4.03,0,0.99 | 1.65 | 2.58,0.926,0.000,0,1,0,0,0,0,-1,0,0,0,,0,,0,,0,0,926,0,1
17253894243,580,4,3,8,8,5.876,0,0,0.10 | 0.11 | 0.11,0,1.55 | 2.42 | 4.03,0,0.99 | 1.65 | 2.58,0.926,0.000,0,1,0,0,0,0,-1,0,0,0,,0,,0,,0,0,926,0,1
17253894244,580,4,3,8,8,5.876,0,0,0.10 | 0.11 | 0.11,0,1.55 | 2.42 | 4.03,0,0.99 | 1.65 | 2.58,0.926,0.000,0,1,0,0,0,0,-1,0,0,0,,0,,0,,0,0,926,0,1
17253894245,580,4,3,8,8,5.876,0,0,0.10 | 0.11 | 0.11,0,1.55 | 2.42 | 4.03,0,0.99 | 1.65 | 2.58,0.926,0.000,0,1,0,0,0,0,-1,0,0,0,,0,,0,,0,0,926,0,1
17253894246,580,4,3,8,8,5.876,0,0,0.10 | 0.11 | 0.11,0,1.55 | 2.42 | 4.03,0,0.99 | 1.65 | 2.58,0.926,0.000,0,1,0,0,0,0,-1,0,0,0,,0,,0,,0,0,926,0,1
17253894247,580,4,3,8,8,5.876,0,0,0.10 | 0.11 | 0.11,0,1.55 | 2.42 | 4.03,0,0.99 | 1.65 | 2.58,0.926,0.000,0,1,0,0,0,0,-1,0,0,0,,0,,0,,0,0,926,0,1
17253894248,580,4,3,8,8,5.876,0,0,0.10 | 0.11 | 0.11,0,1.55 | 2.42 | 4.03,0,0.99 | 1.65 | 2.58,0.926,0.000,0,1,0,0,0,0,-1,0,0,0,,0,,0,,0,0,926,0,1
17253894249,580,4,3,8,8,4.816,0,0,0.10 | 0.11 | 0.11,0,1.55 | 2.42 | 4.03,0,0.99 | 1.65 | 2.58,0.926,0.000,0,1,0,0,0,0,-1,0,0,0,,0,,0,,0,0,926,0,1
17253894250,580,4,3,8,8,4.816,0,0,0.10 | 0.11 | 0.11,0,1.55 | 2.42 | 4.03,0,0.99 | 1.65 | 2.58,0.926,0.000,0,1,0,0,0,0,-1,0,0,0,,0,,0,,0,0,926,0,1
17253894251,580,2,3,8,8,4.816,0,0,0.10 | 0.11 | 0.11,0,1.55 | 2.42 | 4.03,0,0.99 | 1.65 | 2.58,0.926,0.000,0,1,0,0,0,0,-1,0,0,0,,0,,0,,0,0,926,0,1
17253894252,580,2,3,8,8,4.816,0,0,0.10 | 0.11 | 0.11,0,1.55 | 2.42 | 4.03,0,0.99 | 1.65 | 2.58,0.926,0.000,0,1,0,0,0,0,-1,0,0,0,,0,,0,,0,0,926,0,1
17253894253,580,2,3,8,8,4.816,0,0,0.10 | 0.11 | 0.11,0,1.55 | 2.42 | 4.03,0,0.99 | 1.65 | 2.58,0.926,0.000,0,1,0,0,0,0,-1,0,0,0,,0,,0,,0,0,926,0,1
17253894254,580,2,3,8,8,4.816,0,0,0.10 | 0.11 | 0.11,0,1.55 | 2.42 | 4.03,0,0.99 | 1.65 | 2.58,0.926,0.000,0,1,0,0,0,0,-1,0,0,0,,0,,0,,0,0,926,0,1
17253894255,580,2,3,8,8,4.816,0,0,0.10 | 0.11 | 0.11,0,1.55 | 2.42 | 4.03,0,0.99 | 1.65 | 2.58,0.926,0.000,0,1,0,0,0,0,-1,0,0,0,,0,,0,,0,0,926,0,1
17253894256,580,2,3,8,8,4.816,0,0,0.10 | 0.11 | 0.11,0,1.55 | 2.42 | 4.03,0,0.99 | 1.65 | 2.58,0.926,0.000,0,1,0,0,0,0,-1,0,0,0,,0,,0,,0,0,903.5,0,1
17253894257,387,2,2,8,8,4.816,0,0,0.10 | 0.11 | 0.11,0,1.55 | 2.42 | 4.03,0,0.99 | 1.65 | 2.58,0.926,0.000,0,1,0,0,0,0,-1,0,0,0,,0,,0,,0,0,903.5,0,1
17253894258,387,2,2,8,8,4.816,0,0,0.10 | 0.11 | 0.11,0,1.55 | 2.42 | 4.03,0,0.99 | 1.65 | 2.58,0.926,0.000,0,1,0,0,0,0,-1,0,0,0,,0,,0,,0,0,903.5,0,1
17253894259,387,3,2,8,8,3.753,0,0,0.10 | 0.11 | 0.11,0,2.01 | 2.87 | 4.03,0,0.99 | 1.39 | 1.99,0.903,0.000,0,1,0,0,0,0,-1,0,0,0,,0,,0,,0,0,903.5,0,1
17253894260,387,3,2,8,8,3.753,0,0,0.10 | 0.11 | 0.11,0,2.01 | 2.87 | 4.03,0,0.99 | 1.39 | 1.99,0.903,0.000,0,1,0,0,0,0,-1,0,0,0,,0,,0,,0,0,903.5,0,1
17253894261,387,3,2,8,8,3.753,0,0,0.10 | 0.11 | 0.11,0,2.01 | 2.87 | 4.03,0,0.99 | 1.39 | 1.99,0.903,0.000,0,1,0,0,0,0,-1,0,0,0,,0,,0,,0,0,903.5,0,1
17253894262,387,3,2,8,8,3.753,0,0,0.10 | 0.11 | 0.11,0,2.01 | 2.87 | 4.03,0,0.99 | 1.39 | 1.99,0.903,0.000,0,1,0,0,0,0,-1,0,0,0,,0,,0,,0,0,903.5,0,1
17253894263,387,3,2,8,8,3.753,0,0,0.10 | 0.11 | 0.11,0,2.01 | 2.87 | 4.03,0,0.99 | 1.39 | 1.99,0.903,0.000,0,1,0,0,0,0,-1,0,0,0,,0,,0,,0,0,903.5,0,1
17253894264,387,3,2,8,8,3.753,0,0,0.10 | 0.11 | 0.11,0,2.01 | 2.87 | 4.03,0,0.99 | 1.39 | 1.99,0.903,0.000,0,1,0,0,0,0,-1,0,0,0,,0,,0,,0,0,903.5,0,1
17253894265,387,3,2,8,8,3.753,0,0,0.10 | 0.11 | 0.11,0,2.01 | 2.87 | 4.03,0,0.99 | 1.39 | 1.99,0.903,0.000,0,1,0,0,0,0,-1,0,0,0,,0,,0,,0,0,903.5,0,1
17253894266,387,3,2,8,8,3.753,0,0,0.10 | 0.11 | 0.11,0,2.01 | 2.87 | 4.03,0,0.99 | 1.39 | 1.99,0.903,0.000,0,1,0,0,0,0,-1,0,0,0,,0,,0,,0,0,903.5,0,1
17253894267,387,3,2,8,8,3.753,0,0,0.10 | 0.11 | 0.11,0,2.01 | 2.87 | 4.03,0,0.99 | 1.39 | 1.99,0.903,0.000,0,1,0,0,0,0,-1,0,0,0,,0,,0,,0,0,903.5,0,1
17253894268,387,3,2,8,8,3.753,0,0,0.10 | 0.11 | 0.11,0,2.01 | 2.87 | 4.03,0,0.99 | 1.39 | 1.99,0.903,0.000,0,1,0,0,0,0,-1,0,0,0,,0,,0,,0,0,903.5,0,1
17253894269,387,3,2,8,8,2.713,0,0,0.10 | 0.11 | 0.11,0,2.01 | 2.87 | 4.03,0,0.99 | 1.39 | 1.99,0.903,0.000,0,1,0,0,0,0,-1,0,0,0,,0,,0,,0,0,903.5,0,1
17253894270,387,3,2,8,8,2.713,0,0,0.10 | 0.11 | 0.11,0,2.01 | 2.87 | 4.03,0,0.99 | 1.39 | 1.99,0.903,0.000,0,1,0,0,0,0,-1,0,0,0,,0,,0,,0,0,903.5,0,1
17253894271,387,3,2,8,8,2.713,0,0,0.10 | 0.11 | 0.11,0,2.01 | 2.87 | 4.03,0,0.99 | 1.39 | 1.99,0.903,0.000,0,1,0,0,0,0,-1,0,0,0,,0,,0,,0,0,903.5,0,1
17253894272,387,3,2,8,8,2.713,0,0,0.10 | 0.11 | 0.11,0,2.01 | 2.87 | 4.03,0,0.99 | 1.39 | 1.99,0.903,0.000,0,1,0,0,0,0,-1,0,0,0,,0,,0,,0,0,903.5,0,1
17253894273,387,3,2,8,8,2.713,0,0,0.10 | 0.11 | 0.11,0,2.01 | 2.87 | 4.03,0,0.99 | 1.39 | 1.99,0.903,0.000,0,1,0,0,0,0,-1,0,0,0,,0,,0,,0,0,903.5,0,1
17253894274,387,3,2,8,8,2.713,0,0,0.10 | 0.11 | 0.11,0,2.01 | 2.87 | 4.03,0,0.99 | 1.39 | 1.99,0.903,0.000,0,1,0,0,0,0,-1,0,0,0,,0,,0,,0,0,903.5,0,1
17253894275,387,3,2,8,8,2.713,0,0,0.10 | 0.11 | 0.11,0,2.01 | 2.87 | 4.03,0,0.99 | 1.39 | 1.99,0.903,0.000,0,1,0,0,0,0,-1,0,0,0,,0,,0,,0,0,903.5,0,1
17253894276,387,3,2,8,8,2.713,0,0,0.10 | 0.11 | 0.11,0,2.01 | 2.87 | 4.03,0,0.99 | 1.39 | 1.99,0.903,0.000,0,1,0,0,0,0,-1,0,0,0,,0,,0,,0,0,903.5,0,1
17253894277,387,3,2,8,8,2.713,0,0,0.10 | 0.11 | 0.11,0,2.01 | 2.87 | 4.03,0,0.99 | 1.39 | 1.99,0.903,0.000,0,1,0,0,0,0,-1,0,0,0,,0,,0,,0,0,888.75,0,1
17253894278,387,3,2,8,8,2.713,0,0,0.10 | 0.11 | 0.11,0,2.01 | 2.87 | 4.03,0,0.99 | 1.39 | 1.99,0.903,0.000,0,1,0,0,0,0,-1,0,0,0,,0,,0,,0,0,888.75,0,1
17253894279,387,3,2,8,8,5.016,0,0,0.10 | 0.11 | 0.11,0,1.81 | 2.32 | 3.36,0,1.19 | 1.73 | 2.21,0.889,0.000,0,1,0,0,0,0,-1,0,0,0,,0,,0,,0,0,888.75,0,1
17253894280,387,3,2,8,8,5.016,0,0,0.10 | 0.11 | 0.11,0,1.81 | 2.32 | 3.36,0,1.19 | 1.73 | 2.21,0.889,0.000,0,1,0,0,0,0,-1,0,0,0,,0,,0,,0,0,888.75,0,1
17253894281,387,3,2,8,8,5.016,0,0,0.10 | 0.11 | 0.11,0,1.81 | 2.32 | 3.36,0,1.19 | 1.73 | 2.21,0.889,0.000,0,1,0,0,0,0,-1,0,0,0,,0,,0,,0,0,888.75,0,1
17253894282,387,3,2,8,8,5.016,0,0,0.10 | 0.11 | 0.11,0,1.81 | 2.32 | 3.36,0,1.19 | 1.73 | 2.21,0.889,0.000,0,1,0,0,0,0,-1,0,0,0,,0,,0,,0,0,888.75,0,1
17253894283,387,3,2,8,8,5.016,0,0,0.10 | 0.11 | 0.11,0,1.81 | 2.32 | 3.36,0,1.19 | 1.73 | 2.21,0.889,0.000,0,1,0,0,0,0,-1,0,0,0,,0,,0,,0,0,888.75,0,1
17253894284,387,3,2,8,8,5.016,0,0,0.10 | 0.11 | 0.11,0,1.81 | 2.32 | 3.36,0,1.19 | 1.73 | 2.21,0.889,0.000,0,1,0,0,0,0,-1,0,0,0,,0,,0,,0,0,888.75,0,1
17253894285,387,3,2,8,8,5.016,0,0,0.10 | 0.11 | 0.11,0,1.81 | 2.32 | 3.36,0,1.19 | 1.73 | 2.21,0.889,0.000,0,1,0,0,0,0,-1,0,0,0,,0,,0,,0,0,888.75,0,1
17253894286,387,3,2,8,8,5.016,0,0,0.10 | 0.11 | 0.11,0,1.81 | 2.32 | 3.36,0,1.19 | 1.73 | 2.21,0.889,0.000,0,1,0,0,0,0,-1,0,0,0,,0,,0,,0,0,888.75,0,1
17253894287,387,3,2,8,8,5.016,0,0,0.10 | 0.11 | 0.11,0,1.81 | 2.32 | 3.36,0,1.19 | 1.73 | 2.21,0.889,0.000,0,1,0,0,0,0,-1,0,0,0,,0,,0,,0,0,888.75,0,1
17253894288,387,3,2,8,8,5.016,0,0,0.10 | 0.11 | 0.11,0,1.81 | 2.32 | 3.36,0,1.19 | 1.73 | 2.21,0.889,0.000,0,1,0,0,0,0,-1,0,0,0,,0,,0,,0,0,888.75,0,1
17253894289,387,3,2,8,8,4.031,0,0,0.10 | 0.11 | 0.11,0,1.81 | 2.32 | 3.36,0,1.19 | 1.73 | 2.21,0.889,0.000,0,1,0,0,0,0,-1,0,0,0,,0,,0,,0,0,888.75,0,1
17253894290,387,3,2,8,8,4.031,0,0,0.10 | 0.11 | 0.11,0,1.81 | 2.32 | 3.36,0,1.19 | 1.73 | 2.21,0.889,0.000,0,1,0,0,0,0,-1,0,0,0,,0,,0,,0,0,888.75,0,1
17253894291,387,2,2,8,8,4.031,0,0,0.10 | 0.11 | 0.11,0,1.81 | 2.32 | 3.36,0,1.19 | 1.73 | 2.21,0.889,0.000,0,1,0,0,0,0,-1,0,0,0,,0,,0,,0,0,888.75,0,1
17253894292,387,2,2,8,8,4.031,0,0,0.10 | 0.11 | 0.11,0,1.81 | 2.32 | 3.36,0,1.19 | 1.73 | 2.21,0.889,0.000,0,1,0,0,0,0,-1,0,0,0,,0,,0,,0,0,888.75,0,1
17253894293,387,2,2,8,8,4.031,0,0,0.10 | 0.11 | 0.11,0,1.81 | 2.32 | 3.36,0,1.19 | 1.73 | 2.21,0.889,0.000,0,1,0,0,0,0,-1,0,0,0,,0,,0,,0,0,888.75,0,1
17253894294,387,2,2,8,8,4.031,0,0,0.10 | 0.11 | 0.11,0,1.81 | 2.32 | 3.36,0,1.19 | 1.73 | 2.21,0.889,0.000,0,1,0,0,0,0,-1,0,0,0,,0,,0,,0,0,888.75,0,1
17253894295,387,2,2,8,8,4.031,0,0,0.10 | 0.11 | 0.11,0,1.81 | 2.32 | 3.36,0,1.19 | 1.73 | 2.21,0.889,0.000,0,1,0,0,0,0,-1,0,0,0,,0,,0,,0,0,888.75,0,1
17253894296,387,2,2,8,8,4.031,0,0,0.10 | 0.11 | 0.11,0,1.81 | 2.32 | 3.36,0,1.19 | 1.73 | 2.21,0.889,0.000,0,1,0,0,0,0,-1,0,0,0,,0,,0,,0,0,888.75,0,1
17253894297,387,2,2,8,8,4.031,0,0,0.10 | 0.11 | 0.11,0,1.81 | 2.32 | 3.36,0,1.19 | 1.73 | 2.21,0.889,0.000,0,1,0,0,0,0,-1,0,0,0,,0,,0,,0,0,888.75,0,1
17253894298,387,2,2,8,8,4.031,0,0,0.10 | 0.11 | 0.11,0,1.81 | 2.32 | 3.36,0,1.19 | 1.73 | 2.21,0.889,0.000,0,1,0,0,0,0,-1,0,0,0,,0,,0,,0,0,903,0,1
17253894299,387,2,2,8,8,7.769,0,0,0.10 | 0.11 | 0.11,0,1.81 | 2.29 | 3.36,0,1.19 | 1.75 | 2.21,0.903,0.000,0,1,0,0,0,0,-1,0,0,0,,0,,0,,0,0,903,0,1
17253894300,387,2,2,8,8,7.769,0,0,0.10 | 0.11 | 0.11,0,1.81 | 2.29 | 3.36,0,1.19 | 1.75 | 2.21,0.903,0.000,0,1,0,0,0,0,-1,0,0,0,,0,,0,,0,0,903,0,1
17253894301,387,2,2,8,8,7.769,0,0,0.10 | 0.11 | 0.11,0,1.81 | 2.29 | 3.36,0,1.19 | 1.75 | 2.21,0.903,0.000,0,1,0,0,0,0,-1,0,0,0,,0,,0,,0,0,903,0,1
17253894302,387,2,2,8,8,7.769,0,0,0.10 | 0.11 | 0.11,0,1.81 | 2.29 | 3.36,0,1.19 | 1.75 | 2.21,0.903,0.000,0,1,0,0,0,0,-1,0,0,0,,0,,0,,0,0,903,0,1
17253894303,387,2,2,8,8,7.769,0,0,0.10 | 0.11 | 0.11,0,1.81 | 2.29 | 3.36,0,1.19 | 1.75 | 2.21,0.903,0.000,0,1,0,0,0,0,-1,0,0,0,,0,,0,,0,0,903,0,1
17253894304,387,2,2,8,8,7.769,0,0,0.10 | 0.11 | 0.11,0,1.81 | 2.29 | 3.36,0,1.19 | 1.75 | 2.21,0.903,0.000,0,1,0,0,0,0,-1,0,0,0,,0,,0,,0,0,903,0,1
17253894305,387,2,2,8,8,7.769,0,0,0.10 | 0.11 | 0.11,0,1.81 | 2.29 | 3.36,0,1.19 | 1.75 | 2.21,0.903,0.000,0,1,0,0,0,0,-1,0,0,0,,0,,0,,0,0,903,0,1
17253894306,387,2,2,8,8,7.769,0,0,0.10 | 0.11 | 0.11,0,1.81 | 2.29 | 3.36,0,1.19 | 1.75 | 2.21,0.903,0.000,0,1,0,0,0,0,-1,0,0,0,,0,,0,,0,0,903,0,1
17253894307,387,2,2,8,8,7.769,0,0,0.10 | 0.11 | 0.11,0,1.81 | 2.29 | 3.36,0,1.19 | 1.75 | 2.21,0.903,0.000,0,1,0,0,0,0,-1,0,0,0,,0,,0,,0,0,903,0,1
17253894308,387,2,2,8,8,7.769,0,0,0.10 | 0.11 | 0.11,0,1.81 | 2.29 | 3.36,0,1.19 | 1.75 | 2.21,0.903,0.000,0,1,0,0,0,0,-1,0,0,0,,0,,0,,0,0,903,0,1
17253894309,387,2,2,8,8,6.707,0,0,0.10 | 0.11 | 0.11,0,1.81 | 2.29 | 3.36,0,1.19 | 1.75 | 2.21,0.903,0.000,0,1,0,0,0,0,-1,0,0,0,,0,,0,,0,0,903,0,1
17253894310,387,2,2,8,8,6.707,0,0,0.10 | 0.11 | 0.11,0,1.81 | 2.29 | 3.36,0,1.19 | 1.75 | 2.21,0.903,0.000,0,1,0,0,0,0,-1,0,0,0,,0,,0,,0,0,903,0,1
17253894311,387,2,2,8,8,6.707,0,0,0.10 | 0.11 | 0.11,0,1.81 | 2.29 | 3.36,0,1.19 | 1.75 | 2.21,0.903,0.000,0,1,0,0,0,0,-1,0,0,0,,0,,0,,0,0,903,0,1
17253894312,387,2,2,8,8,6.707,0,0,0.10 | 0.11 | 0.11,0,1.81 | 2.29 | 3.36,0,1.19 | 1.75 | 2.21,0.903,0.000,0,1,0,0,0,0,-1,0,0,0,,0,,0,,0,0,903,0,1
17253894313,387,2,2,8,8,6.707,0,0,0.10 | 0.11 | 0.11,0,1.81 | 2.29 | 3.36,0,1.19 | 1.75 | 2.21,0.903,0.000,0,1,0,0,0,0,-1,0,0,0,,0,,0,,0,0,915,0,1
17253894314,387,2,2,8,8,6.707,0,0,0.10 | 0.11 | 0.11,0,1.81 | 2.29 | 3.36,0,1.19 | 1.75 | 2.21,0.903,0.000,0,1,0,0,0,0,-1,0,0,0,,0,,0,,0,0,915,0,1
17253894315,387,2,2,8,8,6.707,0,0,0.10 | 0.11 | 0.11,0,1.81 | 2.29 | 3.36,0,1.19 | 1.75 | 2.21,0.903,0.000,0,1,0,0,0,0,-1,0,0,0,,0,,0,,0,0,915,0,1
17253894316,387,2,2,8,8,6.707,0,0,0.10 | 0.11 | 0.11,0,1.81 | 2.29 | 3.36,0,1.19 | 1.75 | 2.21,0.903,0.000,0,1,0,0,0,0,-1,0,0,0,,0,,0,,0,0,915,0,1
17253894317,387,2,2,8,8,6.707,0,0,0.10 | 0.11 | 0.11,0,1.81 | 2.29 | 3.36,0,1.19 | 1.75 | 2.21,0.903,0.000,0,1,0,0,0,0,-1,0,0,0,,0,,0,,0,0,915,0,1
17253894318,387,2,2,8,8,6.707,0,0,0.10 | 0.11 | 0.11,0,1.81 | 2.29 | 3.36,0,1.19 | 1.75 | 2.21,0.903,0.000,0,1,0,0,0,0,-1,0,0,0,,0,,0,,0,0,915,0,1
17253894319,387,2,2,8,8,9.11,0,0,0.11 | 0.11 | 0.11,0,1.37 | 2.13 | 3.36,0,1.19 | 1.88 | 2.92,0.915,0.000,0,1,0,0,0,0,-1,0,0,0,,0,,0,,0,0,915,0,1
17253894320,387,2,2,8,8,9.11,0,0,0.11 | 0.11 | 0.11,0,1.37 | 2.13 | 3.36,0,1.19 | 1.88 | 2.92,0.915,0.000,0,1,0,0,0,0,-1,0,0,0,,0,,0,,0,0,915,0,1
17253894321,387,2,2,8,8,9.11,0,0,0.11 | 0.11 | 0.11,0,1.37 | 2.13 | 3.36,0,1.19 | 1.88 | 2.92,0.915,0.000,0,1,0,0,0,0,-1,0,0,0,,0,,0,,0,0,915,0,1
17253894322,387,2,2,8,8,9.11,0,0,0.11 | 0.11 | 0.11,0,1.37 | 2.13 | 3.36,0,1.19 | 1.88 | 2.92,0.915,0.000,0,1,0,0,0,0,-1,0,0,0,,0,,0,,0,0,915,0,1
17253894323,387,2,2,8,8,9.11,0,0,0.11 | 0.11 | 0.11,0,1.37 | 2.13 | 3.36,0,1.19 | 1.88 | 2.92,0.915,0.000,0,1,0,0,0,0,-1,0,0,0,,0,,0,,0,0,915,0,1
17253894324,387,2,2,8,8,9.11,0,0,0.11 | 0.11 | 0.11,0,1.37 | 2.13 | 3.36,0,1.19 | 1.88 | 2.92,0.915,0.000,0,1,0,0,0,0,-1,0,0,0,,0,,0,,0,0,915,0,1
17253894325,387,2,2,8,8,9.11,0,0,0.11 | 0.11 | 0.11,0,1.37 | 2.13 | 3.36,0,1.19 | 1.88 | 2.92,0.915,0.000,0,1,0,0,0,0,-1,0,0,0,,0,,0,,0,0,915,0,1
17253894326,387,2,2,8,8,9.11,0,0,0.11 | 0.11 | 0.11,0,1.37 | 2.13 | 3.36,0,1.19 | 1.88 | 2.92,0.915,0.000,0,1,0,0,0,0,-1,0,0,0,,0,,0,,0,0,915,0,1
17253894327,387,2,2,8,8,9.11,0,0,0.11 | 0.11 | 0.11,0,1.37 | 2.13 | 3.36,0,1.19 | 1.88 | 2.92,0.915,0.000,0,1,0,0,0,0,-1,0,0,0,,0,,0,,0,0,915,0,1
17253894328,387,2,2,8,8,9.11,0,0,0.11 | 0.11 | 0.11,0,1.37 | 2.13 | 3.36,0,1.19 | 1.88 | 2.92,0.915,0.000,0,1,0,0,0,0,-1,0,0,0,,0,,0,,0,0,915,0,1
17253894329,387,2,2,8,8,8.047,0,0,0.11 | 0.11 | 0.11,0,1.37 | 2.13 | 3.36,0,1.19 | 1.88 | 2.92,0.915,0.000,0,1,0,0,0,0,-1,0,0,0,,0,,0,,0,0,915,0,1
17253894330,387,2,2,8,8,8.047,0,0,0.11 | 0.11 | 0.11,0,1.37 | 2.13 | 3.36,0,1.19 | 1.88 | 2.92,0.915,0.000,0,1,0,0,0,0,-1,0,0,0,,0,,0,,0,0,915,0,1
17253894331,387,2,2,8,8,8.047,0,0,0.11 | 0.11 | 0.11,0,1.37 | 2.13 | 3.36,0,1.19 | 1.88 | 2.92,0.915,0.000,0,1,0,0,0,0,-1,0,0,0,,0,,0,,0,0,915,0,1
17253894332,387,2,2,8,8,8.047,0,0,0.11 | 0.11 | 0.11,0,1.37 | 2.13 | 3.36,0,1.19 | 1.88 | 2.92,0.915,0.000,0,1,0,0,0,0,-1,0,0,0,,0,,0,,0,0,915,0,1
17253894333,387,2,2,8,8,8.047,0,0,0.11 | 0.11 | 0.11,0,1.37 | 2.13 | 3.36,0,1.19 | 1.88 | 2.92,0.915,0.000,0,1,0,0,0,0,-1,0,0,0,,0,,0,,0,0,915,0,1
17253894334,387,2,2,8,8,8.047,0,0,0.11 | 0.11 | 0.11,0,1.37 | 2.13 | 3.36,0,1.19 | 1.88 | 2.92,0.915,0.000,0,1,0,0,0,0,-1,0,0,0,,0,,0,,0,0,915,0,1
17253894335,387,2,2,8,8,8.047,0,0,0.11 | 0.11 | 0.11,0,1.37 | 2.13 | 3.36,0,1.19 | 1.88 | 2.92,0.915,0.000,0,1,0,0,0,0,-1,0,0,0,,0,,0,,0,0,923,0,1
17253894336,387,2,2,8,8,8.047,0,0,0.11 | 0.11 | 0.11,0,1.37 | 2.13 | 3.36,0,1.19 | 1.88 | 2.92,0.915,0.000,0,1,0,0,0,0,-1,0,0,0,,0,,0,,0,0,923,0,1
17253894337,387,2,2,8,8,8.047,0,0,0.11 | 0.11 | 0.11,0,1.37 | 2.13 | 3.36,0,1.19 | 1.88 | 2.92,0.915,0.000,0,1,0,0,0,0,-1,0,0,0,,0,,0,,0,0,923,0,1
17253894338,387,2,2,8,8,8.047,0,0,0.11 | 0.11 | 0.11,0,1.37 | 2.13 | 3.36,0,1.19 | 1.88 | 2.92,0.915,0.000,0,1,0,0,0,0,-1,0,0,0,,0,,0,,0,0,923,0,1
17253894339,387,2,2,8,8,11.785,0,0,0.11 | 0.11 | 0.11,0,1.37 | 1.83 | 2.18,0,1.84 | 2.18 | 2.92,0.923,0.000,0,1,0,0,0,0,-1,0,0,0,,0,,0,,0,0,923,0,1
17253894340,387,2,2,8,8,11.785,0,0,0.11 | 0.11 | 0.11,0,1.37 | 1.83 | 2.18,0,1.84 | 2.18 | 2.92,0.923,0.000,0,1,0,0,0,0,-1,0,0,0,,0,,0,,0,0,923,0,1
17253894341,387,2,2,8,8,11.785,0,0,0.11 | 0.11 | 0.11,0,1.37 | 1.83 | 2.18,0,1.84 | 2.18 | 2.92,0.923,0.000,0,1,0,0,0,0,-1,0,0,0,,0,,0,,0,0,923,0,1
17253894342,387,2,2,8,8,11.785,0,0,0.11 | 0.11 | 0.11,0,1.37 | 1.83 | 2.18,0,1.84 | 2.18 | 2.92,0.923,0.000,0,1,0,0,0,0,-1,0,0,0,,0,,0,,0,0,923,0,1
17253894343,387,2,2,8,8,11.785,0,0,0.11 | 0.11 | 0.11,0,1.37 | 1.83 | 2.18,0,1.84 | 2.18 | 2.92,0.923,0.000,0,1,0,0,0,0,-1,0,0,0,,0,,0,,0,0,923,0,1
17253894344,387,2,2,8,8,11.785,0,0,0.11 | 0.11 | 0.11,0,1.37 | 1.83 | 2.18,0,1.84 | 2.18 | 2.92,0.923,0.000,0,1,0,0,0,0,-1,0,0,0,,0,,0,,0,0,923,0,1
17253894345,387,2,2,8,8,11.785,0,0,0.11 | 0.11 | 0.11,0,1.37 | 1.83 | 2.18,0,1.84 | 2.18 | 2.92,0.923,0.000,0,1,0,0,0,0,-1,0,0,0,,0,,0,,0,0,923,0,1
17253894346,387,2,2,8,8,11.785,0,0,0.11 | 0.11 | 0.11,0,1.37 | 1.83 | 2.18,0,1.84 | 2.18 | 2.92,0.923,0.000,0,1,0,0,0,0,-1,0,0,0,,0,,0,,0,0,923,0,1
17253894347,387,2,2,8,8,11.785,0,0,0.11 | 0.11 | 0.11,0,1.37 | 1.83 | 2.18,0,1.84 | 2.18 | 2.92,0.923,0.000,0,1,0,0,0,0,-1,0,0,0,,0,,0,,0,0,923,0,1
17253894348,387,2,2,8,8,11.785,0,0,0.11 | 0.11 | 0.11,0,1.37 | 1.83 | 2.18,0,1.84 | 2.18 | 2.92,0.923,0.000,0,1,0,0,0,0,-1,0,0,0,,0,,0,,0,0,923,0,1
17253894349,387,2,2,8,8,10.722,0,0,0.11 | 0.11 | 0.11,0,1.37 | 1.83 | 2.18,0,1.84 | 2.18 | 2.92,0.923,0.000,0,1,0,0,0,0,-1,0,0,0,,0,,0,,0,0,923,0,1
17253894350,387,2,2,8,8,10.722,0,0,0.11 | 0.11 | 0.11,0,1.37 | 1.83 | 2.18,0,1.84 | 2.18 | 2.92,0.923,0.000,0,1,0,0,0,0,-1,0,0,0,,0,,0,,0,0,923,0,1
17253894351,387,2,2,8,8,10.722,0,0,0.11 | 0.11 | 0.11,0,1.37 | 1.83 | 2.18,0,1.84 | 2.18 | 2.92,0.923,0.000,0,1,0,0,0,0,-1,0,0,0,,0,,0,,0,0,923,0,1
17253894352,387,2,2,8,8,10.722,0,0,0.11 | 0.11 | 0.11,0,1.37 | 1.83 | 2.18,0,1.84 | 2.18 | 2.92,0.923,0.000,0,1,0,0,0,0,-1,0,0,0,,0,,0,,0,0,923,0,1
17253894353,387,2,2,8,8,10.722,0,0,0.11 | 0.11 | 0.11,0,1.37 | 1.83 | 2.18,0,1.84 | 2.18 | 2.92,0.923,0.000,0,1,0,0,0,0,-1,0,0,0,,0,,0,,0,0,923,0,1
17253894354,387,2,2,8,8,10.722,0,0,0.11 | 0.11 | 0.11,0,1.37 | 1.83 | 2.18,0,1.84 | 2.18 | 2.92,0.923,0.000,0,1,0,0,0,0,-1,0,0,0,,0,,0,,0,0,923,0,1
17253894355,387,2,2,8,8,10.722,0,0,0.11 | 0.11 | 0.11,0,1.37 | 1.83 | 2.18,0,1.84 | 2.18 | 2.92,0.923,0.000,0,1,0,0,0,0,-1,0,0,0,,0,,0,,0,0,923,0,1
17253894356,387,2,2,8,8,10.722,0,0,0.11 | 0.11 | 0.11,0,1.37 | 1.83 | 2.18,0,1.84 | 2.18 | 2.92,0.923,0.000,0,1,0,0,0,0,-1,0,0,0,,0,,0,,0,0,923,0,1
17253894357,387,2,2,8,8,10.722,0,0,0.11 | 0.11 | 0.11,0,1.37 | 1.83 | 2.18,0,1.84 | 2.18 | 2.92,0.923,0.000,0,1,0,0,0,0,-1,0,0,0,,0,,0,,0,0,907.5,0,1
17253894358,387,2,2,8,8,10.722,0,0,0.11 | 0.11 | 0.11,0,1.37 | 1.83 | 2.18,0,1.84 | 2.18 | 2.92,0.923,0.000,0,1,0,0,0,0,-1,0,0,0,,0,,0,,0,0,907.5,0,1
17253894359,387,2,2,8,8,13.109,0,0,0.11 | 0.11 | 0.11,0,1.37 | 1.77 | 2.18,0,1.84 | 2.26 | 2.92,0.907,0.000,0,1,0,0,0,0,-1,0,0,0,,0,,0,,0,0,907.5,0,1
17253894360,387,2,2,8,8,13.109,0,0,0.11 | 0.11 | 0.11,0,1.37 | 1.77 | 2.18,0,1.84 | 2.26 | 2.92,0.907,0.000,0,1,0,0,0,0,-1,0,0,0,,0,,0,,0,0,907.5,0,1
17253894361,387,2,2,8,8,13.109,0,0,0.11 | 0.11 | 0.11,0,1.37 | 1.77 | 2.18,0,1.84 | 2.26 | 2.92,0.907,0.000,0,1,0,0,0,0,-1,0,0,0,,0,,0,,0,0,907.5,0,1
17253894362,387,2,2,8,8,13.109,0,0,0.11 | 0.11 | 0.11,0,1.37 | 1.77 | 2.18,0,1.84 | 2.26 | 2.92,0.907,0.000,0,1,0,0,0,0,-1,0,0,0,,0,,0,,0,0,907.5,0,1
17253894363,387,2,2,8,8,13.109,0,0,0.11 | 0.11 | 0.11,0,1.37 | 1.77 | 2.18,0,1.84 | 2.26 | 2.92,0.907,0.000,0,1,0,0,0,0,-1,0,0,0,,0,,0,,0,0,907.5,0,1
17253894364,387,2,2,8,8,13.109,0,0,0.11 | 0.11 | 0.11,0,1.37 | 1.77 | 2.18,0,1.84 | 2.26 | 2.92,0.907,0.000,0,1,0,0,0,0,-1,0,0,0,,0,,0,,0,0,907.5,0,1
17253894365,387,2,2,8,8,13.109,0,0,0.11 | 0.11 | 0.11,0,1.37 | 1.77 | 2.18,0,1.84 | 2.26 | 2.92,0.907,0.000,0,1,0,0,0,0,-1,0,0,0,,0,,0,,0,0,907.5,0,1
17253894366,387,2,2,8,8,13.109,0,0,0.11 | 0.11 | 0.11,0,1.37 | 1.77 | 2.18,0,1.84 | 2.26 | 2.92,0.907,0.000,0,1,0,0,0,0,-1,0,0,0,,0,,0,,0,0,907.5,0,1
17253894367,387,2,2,8,8,13.109,0,0,0.11 | 0.11 | 0.11,0,1.37 | 1.77 | 2.18,0,1.84 | 2.26 | 2.92,0.907,0.000,0,1,0,0,0,0,-1,0,0,0,,0,,0,,0,0,907.5,0,1
17253894368,387,2,2,8,8,13.109,0,0,0.11 | 0.11 | 0.11,0,1.37 | 1.77 | 2.18,0,1.84 | 2.26 | 2.92,0.907,0.000,0,1,0,0,0,0,-1,0,0,0,,0,,0,,0,0,907.5,0,1
17253894369,387,2,2,8,8,11.913,0,0,0.11 | 0.11 | 0.11,0,1.37 | 1.77 | 2.18,0,1.84 | 2.26 | 2.92,0.907,0.000,0,1,0,0,0,0,-1,0,0,0,,0,,0,,0,0,907.5,0,1
17253894370,387,2,2,8,8,11.913,0,0,0.11 | 0.11 | 0.11,0,1.37 | 1.77 | 2.18,0,1.84 | 2.26 | 2.92,0.907,0.000,0,1,0,0,0,0,-1,0,0,0,,0,,0,,0,0,907.5,0,1
17253894371,387,2,2,8,8,11.913,0,0,0.11 | 0.11 | 0.11,0,1.37 | 1.77 | 2.18,0,1.84 | 2.26 | 2.92,0.907,0.000,0,1,0,0,0,0,-1,0,0,0,,0,,0,,0,0,907.5,0,1
17253894372,387,2,2,8,8,11.913,0,0,0.11 | 0.11 | 0.11,0,1.37 | 1.77 | 2.18,0,1.84 | 2.26 | 2.92,0.907,0.000,0,1,0,0,0,0,-1,0,0,0,,0,,0,,0,0,907.5,0,1
17253894373,387,2,2,8,8,11.913,0,0,0.11 | 0.11 | 0.11,0,1.37 | 1.77 | 2.18,0,1.84 | 2.26 | 2.92,0.907,0.000,0,1,0,0,0,0,-1,0,0,0,,0,,0,,0,0,907.5,0,1
17253894374,387,2,2,8,8,11.913,0,0,0.11 | 0.11 | 0.11,0,1.37 | 1.77 | 2.18,0,1.84 | 2.26 | 2.92,0.907,0.000,0,1,0,0,0,0,-1,0,0,0,,0,,0,,0,0,907.5,0,1
17253894375,387,2,2,8,8,11.913,0,0,0.11 | 0.11 | 0.11,0,1.37 | 1.77 | 2.18,0,1.84 | 2.26 | 2.92,0.907,0.000,0,1,0,0,0,0,-1,0,0,0,,0,,0,,0,0,907.5,0,1
17253894376,387,2,2,8,8,11.913,0,0,0.11 | 0.11 | 0.11,0,1.37 | 1.77 | 2.18,0,1.84 | 2.26 | 2.92,0.907,0.000,0,1,0,0,0,0,-1,0,0,0,,0,,0,,0,0,907.5,0,1
17253894377,387,2,2,8,8,11.913,0,0,0.11 | 0.11 | 0.11,0,1.37 | 1.77 | 2.18,0,1.84 | 2.26 | 2.92,0.907,0.000,0,1,0,0,0,0,-1,0,0,0,,0,,0,,0,0,907.5,0,1
17253894378,387,2,2,8,8,11.913,0,0,0.11 | 0.11 | 0.11,0,1.37 | 1.77 | 2.18,0,1.84 | 2.26 | 2.92,0.907,0.000,0,1,0,0,0,0,-1,0,0,0,,0,,0,,0,0,907.5,0,1
17253894379,387,2,2,8,8,11,0,0,0.11 | 0.11 | 0.11,0,1.37 | 1.77 | 2.18,0,1.84 | 2.26 | 2.92,0.907,0.000,0,1,0,0,0,0,-1,0,0,0,,0,,0,,0,0,907.5,0,1
17253894380,387,2,2,8,8,11,0,0,0.11 | 0.11 | 0.11,0,1.37 | 1.77 | 2.18,0,1.84 | 2.26 | 2.92,0.907,0.000,0,1,0,0,0,0,-1,0,0,0,,0,,0,,0,0,907.5,0,1
17253894381,387,2,2,8,8,11,0,0,0.11 | 0.11 | 0.11,0,1.37 | 1.77 | 2.18,0,1.84 | 2.26 | 2.92,0.907,0.000,0,1,0,0,0,0,-1,0,0,0,,0,,0,,0,0,907.5,0,1
17253894382,387,2,2,8,8,11,0,0,0.11 | 0.11 | 0.11,0,1.37 | 1.77 | 2.18,0,1.84 | 2.26 | 2.92,0.907,0.000,0,1,0,0,0,0,-1,0,0,0,,0,,0,,0,0,907.5,0,1
17253894383,387,2,2,8,8,11,0,0,0.11 | 0.11 | 0.11,0,1.37 | 1.77 | 2.18,0,1.84 | 2.26 | 2.92,0.907,0.000,0,1,0,0,0,0,-1,0,0,0,,0,,0,,0,0,907.5,0,1
17253894384,387,2,2,8,8,11,0,0,0.11 | 0.11 | 0.11,0,1.37 | 1.77 | 2.18,0,1.84 | 2.26 | 2.92,0.907,0.000,0,1,0,0,0,0,-1,0,0,0,,0,,0,,0,0,907.5,0,1
17253894385,387,2,2,8,8,11,0,0,0.11 | 0.11 | 0.11,0,1.37 | 1.77 | 2.18,0,1.84 | 2.26 | 2.92,0.907,0.000,0,1,0,0,0,0,-1,0,0,0,,0,,0,,0,0,907.5,0,1
17253894386,387,2,2,8,8,11,0,0,0.11 | 0.11 | 0.11,0,1.37 | 1.77 | 2.18,0,1.84 | 2.26 | 2.92,0.907,0.000,0,1,0,0,0,0,-1,0,0,0,,0,,0,,0,0,907.5,0,1
17253894387,387,2,2,8,8,11,0,0,0.11 | 0.11 | 0.11,0,1.37 | 1.77 | 2.18,0,1.84 | 2.26 | 2.92,0.907,0.000,0,1,0,0,0,0,-1,0,0,0,,0,,0,,0,0,907.5,0,1
17253894388,387,2,2,8,8,11,0,0,0.11 | 0.11 | 0.11,0,1.37 | 1.77 | 2.18,0,1.84 | 2.26 | 2.92,0.907,0.000,0,1,0,0,0,0,-1,0,0,0,,0,,0,,0,0,907.5,0,1
17253894389,387,2,2,8,8,9.938,0,0,0.11 | 0.11 | 0.11,0,1.37 | 1.77 | 2.18,0,1.84 | 2.26 | 2.92,0.907,0.000,0,1,0,0,0,0,-1,0,0,0,,0,,0,,0,0,907.5,0,1
17253894390,387,2,2,8,8,9.938,0,0,0.11 | 0.11 | 0.11,0,1.37 | 1.77 | 2.18,0,1.84 | 2.26 | 2.92,0.907,0.000,0,1,0,0,0,0,-1,0,0,0,,0,,0,,0,0,907.5,0,1
17253894391,387,2,2,8,8,9.938,0,0,0.11 | 0.11 | 0.11,0,1.37 | 1.77 | 2.18,0,1.84 | 2.26 | 2.92,0.907,0.000,0,1,0,0,0,0,-1,0,0,0,,0,,0,,0,0,892.75,0,1
17253894392,387,2,2,8,8,9.938,0,0,0.11 | 0.11 | 0.11,0,1.37 | 1.77 | 2.18,0,1.84 | 2.26 | 2.92,0.907,0.000,0,1,0,0,0,0,-1,0,0,0,,0,,0,,0,0,892.75,0,1
17253894393,387,2,2,8,8,9.938,0,0,0.11 | 0.11 | 0.11,0,1.37 | 1.77 | 2.18,0,1.84 | 2.26 | 2.92,0.907,0.000,0,1,0,0,0,0,-1,0,0,0,,0,,0,,0,0,892.75,0,1
17253894394,387,2,2,8,8,9.938,0,0,0.11 | 0.11 | 0.11,0,1.37 | 1.77 | 2.18,0,1.84 | 2.26 | 2.92,0.907,0.000,0,1,0,0,0,0,-1,0,0,0,,0,,0,,0,0,892.75,0,1
17253894395,387,2,2,8,8,9.938,0,0,0.11 | 0.11 | 0.11,0,1.37 | 1.77 | 2.18,0,1.84 | 2.26 | 2.92,0.907,0.000,0,1,0,0,0,0,-1,0,0,0,,0,,0,,0,0,892.75,0,1
17253894396,387,2,2,8,8,9.938,0,0,0.11 | 0.11 | 0.11,0,1.37 | 1.77 | 2.18,0,1.84 | 2.26 | 2.92,0.907,0.000,0,1,0,0,0,0,-1,0,0,0,,0,,0,,0,0,892.75,0,1
17253894397,387,2,2,8,8,9.938,0,0,0.11 | 0.11 | 0.11,0,1.37 | 1.77 | 2.18,0,1.84 | 2.26 | 2.92,0.907,0.000,0,1,0,0,0,0,-1,0,0,0,,0,,0,,0,0,892.75,0,1
17253894398,387,2,2,8,8,9.938,0,0,0.11 | 0.11 | 0.11,0,1.37 | 1.77 | 2.18,0,1.84 | 2.26 | 2.92,0.907,0.000,0,1,0,0,0,0,-1,0,0,0,,0,,0,,0,0,892.75,0,1
17253894399,387,2,2,8,8,13.941,0,0,0.10 | 0.11 | 0.11,0,1.37 | 1.73 | 2.18,0,1.84 | 2.31 | 2.92,0.893,0.000,0,1,0,0,0,0,-1,0,0,0,,0,,0,,0,0,892.75,0,1
17253894400,387,2,2,8,8,13.941,0,0,0.10 | 0.11 | 0.11,0,1.37 | 1.73 | 2.18,0,1.84 | 2.31 | 2.92,0.893,0.000,0,1,0,0,0,0,-1,0,0,0,,0,,0,,0,0,892.75,0,1
17253894401,387,2,2,8,8,13.941,0,0,0.10 | 0.11 | 0.11,0,1.37 | 1.73 | 2.18,0,1.84 | 2.31 | 2.92,0.893,0.000,0,1,0,0,0,0,-1,0,0,0,,0,,0,,0,0,892.75,0,1
17253894402,387,2,2,8,8,13.941,0,0,0.10 | 0.11 | 0.11,0,1.37 | 1.73 | 2.18,0,1.84 | 2.31 | 2.92,0.893,0.000,0,1,0,0,0,0,-1,0,0,0,,0,,0,,0,0,892.75,0,1
17253894403,387,2,2,8,8,13.941,0,0,0.10 | 0.11 | 0.11,0,1.37 | 1.73 | 2.18,0,1.84 | 2.31 | 2.92,0.893,0.000,0,1,0,0,0,0,-1,0,0,0,,0,,0,,0,0,892.75,0,1
17253894404,387,2,2,8,8,13.941,0,0,0.10 | 0.11 | 0.11,0,1.37 | 1.73 | 2.18,0,1.84 | 2.31 | 2.92,0.893,0.000,0,1,0,0,0,0,-1,0,0,0,,0,,0,,0,0,892.75,0,1
17253894405,387,2,2,8,8,13.941,0,0,0.10 | 0.11 | 0.11,0,1.37 | 1.73 | 2.18,0,1.84 | 2.31 | 2.92,0.893,0.000,0,1,0,0,0,0,-1,0,0,0,,0,,0,,0,0,892.75,0,1
17253894406,387,2,2,8,8,13.941,0,0,0.10 | 0.11 | 0.11,0,1.37 | 1.73 | 2.18,0,1.84 | 2.31 | 2.92,0.893,0.000,0,1,0,0,0,0,-1,0,0,0,,0,,0,,0,0,892.75,0,1
17253894407,387,2,2,8,8,13.941,0,0,0.10 | 0.11 | 0.11,0,1.37 | 1.73 | 2.18,0,1.84 | 2.31 | 2.92,0.893,0.000,0,1,0,0,0,0,-1,0,0,0,,0,,0,,0,0,892.75,0,1
17253894408,387,2,2,8,8,13.941,0,0,0.10 | 0.11 | 0.11,0,1.37 | 1.73 | 2.18,0,1.84 | 2.31 | 2.92,0.893,0.000,0,1,0,0,0,0,-1,0,0,0,,0,,0,,0,0,892.75,0,1
17253894409,387,2,2,8,8,12.878,0,0,0.10 | 0.11 | 0.11,0,1.37 | 1.73 | 2.18,0,1.84 | 2.31 | 2.92,0.893,0.000,0,1,0,0,0,0,-1,0,0,0,,0,,0,,0,0,892.75,0,1
17253894410,387,2,2,8,8,12.878,0,0,0.10 | 0.11 | 0.11,0,1.37 | 1.73 | 2.18,0,1.84 | 2.31 | 2.92,0.893,0.000,0,1,0,0,0,0,-1,0,0,0,,0,,0,,0,0,892.75,0,1
17253894411,387,2,2,8,8,12.878,0,0,0.10 | 0.11 | 0.11,0,1.37 | 1.73 | 2.18,0,1.84 | 2.31 | 2.92,0.893,0.000,0,1,0,0,0,0,-1,0,0,0,,0,,0,,0,0,892.75,0,1
17253894412,387,2,2,8,8,12.878,0,0,0.10 | 0.11 | 0.11,0,1.37 | 1.73 | 2.18,0,1.84 | 2.31 | 2.92,0.893,0.000,0,1,0,0,0,0,-1,0,0,0,,0,,0,,0,0,892.75,0,1
17253894413,387,2,2,8,8,12.878,0,0,0.10 | 0.11 | 0.11,0,1.37 | 1.73 | 2.18,0,1.84 | 2.31 | 2.92,0.893,0.000,0,1,0,0,0,0,-1,0,0,0,,0,,0,,0,0,892.75,0,1
17253894414,387,2,2,8,8,12.878,0,0,0.10 | 0.11 | 0.11,0,1.37 | 1.73 | 2.18,0,1.84 | 2.31 | 2.92,0.893,0.000,0,1,0,0,0,0,-1,0,0,0,,0,,0,,0,0,892.75,0,1
17253894415,387,2,2,8,8,12.878,0,0,0.10 | 0.11 | 0.11,0,1.37 | 1.73 | 2.18,0,1.84 | 2.31 | 2.92,0.893,0.000,0,1,0,0,0,0,-1,0,0,0,,0,,0,,0,0,892.75,0,1
17253894416,387,2,2,8,8,12.878,0,0,0.10 | 0.11 | 0.11,0,1.37 | 1.73 | 2.18,0,1.84 | 2.31 | 2.92,0.893,0.000,0,1,0,0,0,0,-1,0,0,0,,0,,0,,0,0,892.75,0,1
17253894417,387,2,2,8,8,12.878,0,0,0.10 | 0.11 | 0.11,0,1.37 | 1.73 | 2.18,0,1.84 | 2.31 | 2.92,0.893,0.000,0,1,0,0,0,0,-1,0,0,0,,0,,0,,0,0,892.75,0,1
17253894418,387,2,2,8,8,12.878,0,0,0.10 | 0.11 | 0.11,0,1.37 | 1.73 | 2.18,0,1.84 | 2.31 | 2.92,0.893,0.000,0,1,0,0,0,0,-1,0,0,0,,0,,0,,0,0,892.75,0,1
17253894419,387,2,2,8,8,11.816,0,0,0.10 | 0.11 | 0.11,0,1.37 | 1.73 | 2.18,0,1.84 | 2.31 | 2.92,0.893,0.000,0,1,0,0,0,0,-1,0,0,0,,0,,0,,0,0,892.75,0,1
17253894420,387,2,2,8,8,11.816,0,0,0.10 | 0.11 | 0.11,0,1.37 | 1.73 | 2.18,0,1.84 | 2.31 | 2.92,0.893,0.000,0,1,0,0,0,0,-1,0,0,0,,0,,0,,0,0,892.75,0,1
17253894421,387,2,2,8,8,11.816,0,0,0.10 | 0.11 | 0.11,0,1.37 | 1.73 | 2.18,0,1.84 | 2.31 | 2.92,0.893,0.000,0,1,0,0,0,0,-1,0,0,0,,0,,0,,0,0,892.75,0,1
17253894422,387,2,2,8,8,11.816,0,0,0.10 | 0.11 | 0.11,0,1.37 | 1.73 | 2.18,0,1.84 | 2.31 | 2.92,0.893,0.000,0,1,0,0,0,0,-1,0,0,0,,0,,0,,0,0,892.75,0,1
17253894423,387,2,2,8,8,11.816,0,0,0.10 | 0.11 | 0.11,0,1.37 | 1.73 | 2.18,0,1.84 | 2.31 | 2.92,0.893,0.000,0,1,0,0,0,0,-1,0,0,0,,0,,0,,0,0,892.75,0,1
17253894424,387,2,2,8,8,11.816,0,0,0.10 | 0.11 | 0.11,0,1.37 | 1.73 | 2.18,0,1.84 | 2.31 | 2.92,0.893,0.000,0,1,0,0,0,0,-1,0,0,0,,0,,0,,0,0,892.75,0,1
17253894425,387,2,2,8,8,11.816,0,0,0.10 | 0.11 | 0.11,0,1.37 | 1.73 | 2.18,0,1.84 | 2.31 | 2.92,0.893,0.000,0,1,0,0,0,0,-1,0,0,0,,0,,0,,0,0,892.75,0,1
17253894426,387,2,2,8,8,11.816,0,0,0.10 | 0.11 | 0.11,0,1.37 | 1.73 | 2.18,0,1.84 | 2.31 | 2.92,0.893,0.000,0,1,0,0,0,0,-1,0,0,0,,0,,0,,0,0,892.75,0,1
17253894427,387,2,2,8,8,11.816,0,0,0.10 | 0.11 | 0.11,0,1.37 | 1.73 | 2.18,0,1.84 | 2.31 | 2.92,0.893,0.000,0,1,0,0,0,0,-1,0,0,0,,0,,0,,0,0,892.75,0,1
17253894428,387,2,2,8,8,11.816,0,0,0.10 | 0.11 | 0.11,0,1.37 | 1.73 | 2.18,0,1.84 | 2.31 | 2.92,0.893,0.000,0,1,0,0,0,0,-1,0,0,0,,0,,0,,0,0,892.75,0,1
17253894429,387,2,2,8,8,10.753,0,0,0.10 | 0.11 | 0.11,0,1.37 | 1.73 | 2.18,0,1.84 | 2.31 | 2.92,0.893,0.000,0,1,0,0,0,0,-1,0,0,0,,0,,0,,0,0,892.75,0,1
17253894430,387,2,2,8,8,10.753,0,0,0.10 | 0.11 | 0.11,0,1.37 | 1.73 | 2.18,0,1.84 | 2.31 | 2.92,0.893,0.000,0,1,0,0,0,0,-1,0,0,0,,0,,0,,0,0,892.75,0,1
17253894431,387,2,2,8,8,10.753,0,0,0.10 | 0.11 | 0.11,0,1.37 | 1.73 | 2.18,0,1.84 | 2.31 | 2.92,0.893,0.000,0,1,0,0,0,0,-1,0,0,0,,0,,0,,0,0,892.75,0,1
17253894432,387,2,2,8,8,10.753,0,0,0.10 | 0.11 | 0.11,0,1.37 | 1.73 | 2.18,0,1.84 | 2.31 | 2.92,0.893,0.000,0,1,0,0,0,0,-1,0,0,0,,0,,0,,0,0,892.75,0,1
17253894433,387,2,2,8,8,10.753,0,0,0.10 | 0.11 | 0.11,0,1.37 | 1.73 | 2.18,0,1.84 | 2.31 | 2.92,0.893,0.000,0,1,0,0,0,0,-1,0,0,0,,0,,0,,0,0,892.75,0,1
17253894434,387,2,2,8,8,10.753,0,0,0.10 | 0.11 | 0.11,0,1.37 | 1.73 | 2.18,0,1.84 | 2.31 | 2.92,0.893,0.000,0,1,0,0,0,0,-1,0,0,0,,0,,0,,0,0,892.75,0,1
17253894435,387,2,2,8,8,10.753,0,0,0.10 | 0.11 | 0.11,0,1.37 | 1.73 | 2.18,0,1.84 | 2.31 | 2.92,0.893,0.000,0,1,0,0,0,0,-1,0,0,0,,0,,0,,0,0,892.75,0,1
17253894436,387,2,2,8,8,10.753,0,0,0.10 | 0.11 | 0.11,0,1.37 | 1.73 | 2.18,0,1.84 | 2.31 | 2.92,0.893,0.000,0,1,0,0,0,0,-1,0,0,0,,0,,0,,0,0,892.75,0,1
17253894437,387,2,2,8,8,10.753,0,0,0.10 | 0.11 | 0.11,0,1.37 | 1.73 | 2.18,0,1.84 | 2.31 | 2.92,0.893,0.000,0,1,0,0,0,0,-1,0,0,0,,0,,0,,0,0,878.25,0,1
17253894438,387,2,2,8,8,10.753,0,0,0.10 | 0.11 | 0.11,0,1.37 | 1.73 | 2.18,0,1.84 | 2.31 | 2.92,0.893,0.000,0,1,0,0,0,0,-1,0,0,0,,0,,0,,0,0,878.25,0,1
17253894439,387,2,2,8,8,13.109,0,0,0.10 | 0.11 | 0.11,0,1.46 | 1.75 | 2.18,0,1.84 | 2.28 | 2.74,0.878,0.000,0,1,0,0,0,0,-1,0,0,0,,0,,0,,0,0,878.25,0,1
17253894440,387,2,2,8,8,13.109,0,0,0.10 | 0.11 | 0.11,0,1.46 | 1.75 | 2.18,0,1.84 | 2.28 | 2.74,0.878,0.000,0,1,0,0,0,0,-1,0,0,0,,0,,0,,0,0,878.25,0,1
17253894441,387,2,2,8,8,13.109,0,0,0.10 | 0.11 | 0.11,0,1.46 | 1.75 | 2.18,0,1.84 | 2.28 | 2.74,0.878,0.000,0,1,0,0,0,0,-1,0,0,0,,0,,0,,0,0,878.25,0,1
17253894442,387,2,2,8,8,13.109,0,0,0.10 | 0.11 | 0.11,0,1.46 | 1.75 | 2.18,0,1.84 | 2.28 | 2.74,0.878,0.000,0,1,0,0,0,0,-1,0,0,0,,0,,0,,0,0,878.25,0,1
17253894443,387,2,2,8,8,13.109,0,0,0.10 | 0.11 | 0.11,0,1.46 | 1.75 | 2.18,0,1.84 | 2.28 | 2.74,0.878,0.000,0,1,0,0,0,0,-1,0,0,0,,0,,0,,0,0,878.25,0,1
17253894444,387,2,2,8,8,13.109,0,0,0.10 | 0.11 | 0.11,0,1.46 | 1.75 | 2.18,0,1.84 | 2.28 | 2.74,0.878,0.000,0,1,0,0,0,0,-1,0,0,0,,0,,0,,0,0,878.25,0,1
17253894445,387,2,2,8,8,13.109,0,0,0.10 | 0.11 | 0.11,0,1.46 | 1.75 | 2.18,0,1.84 | 2.28 | 2.74,0.878,0.000,0,1,0,0,0,0,-1,0,0,0,,0,,0,,0,0,878.25,0,1
17253894446,387,2,2,8,8,13.109,0,0,0.10 | 0.11 | 0.11,0,1.46 | 1.75 | 2.18,0,1.84 | 2.28 | 2.74,0.878,0.000,0,1,0,0,0,0,-1,0,0,0,,0,,0,,0,0,878.25,0,1
17253894447,387,2,2,8,8,13.109,0,0,0.10 | 0.11 | 0.11,0,1.46 | 1.75 | 2.18,0,1.84 | 2.28 | 2.74,0.878,0.000,0,1,0,0,0,0,-1,0,0,0,,0,,0,,0,0,878.25,0,1
17253894448,387,2,2,8,8,13.109,0,0,0.10 | 0.11 | 0.11,0,1.46 | 1.75 | 2.18,0,1.84 | 2.28 | 2.74,0.878,0.000,0,1,0,0,0,0,-1,0,0,0,,0,,0,,0,0,878.25,0,1
17253894449,387,2,2,8,8,12.094,0,0,0.10 | 0.11 | 0.11,0,1.46 | 1.75 | 2.18,0,1.84 | 2.28 | 2.74,0.878,0.000,0,1,0,0,0,0,-1,0,0,0,,0,,0,,0,0,878.25,0,1
17253894450,387,2,2,8,8,12.094,0,0,0.10 | 0.11 | 0.11,0,1.46 | 1.75 | 2.18,0,1.84 | 2.28 | 2.74,0.878,0.000,0,1,0,0,0,0,-1,0,0,0,,0,,0,,0,0,878.25,0,1
17253894451,387,2,2,8,8,12.094,0,0,0.10 | 0.11 | 0.11,0,1.46 | 1.75 | 2.18,0,1.84 | 2.28 | 2.74,0.878,0.000,0,1,0,0,0,0,-1,0,0,0,,0,,0,,0,0,878.25,0,1
17253894452,387,2,2,8,8,12.094,0,0,0.10 | 0.11 | 0.11,0,1.46 | 1.75 | 2.18,0,1.84 | 2.28 | 2.74,0.878,0.000,0,1,0,0,0,0,-1,0,0,0,,0,,0,,0,0,878.25,0,1
17253894453,387,2,2,8,8,12.094,0,0,0.10 | 0.11 | 0.11,0,1.46 | 1.75 | 2.18,0,1.84 | 2.28 | 2.74,0.878,0.000,0,1,0,0,0,0,-1,0,0,0,,0,,0,,0,0,878.25,0,1
17253894454,387,2,2,8,8,12.094,0,0,0.10 | 0.11 | 0.11,0,1.46 | 1.75 | 2.18,0,1.84 | 2.28 | 2.74,0.878,0.000,0,1,0,0,0,0,-1,0,0,0,,0,,0,,0,0,878.25,0,1
17253894455,387,2,2,8,8,12.094,0,0,0.10 | 0.11 | 0.11,0,1.46 | 1.75 | 2.18,0,1.84 | 2.28 | 2.74,0.878,0.000,0,1,0,0,0,0,-1,0,0,0,,0,,0,,0,0,878.25,0,1
17253894456,387,2,2,8,8,12.094,0,0,0.10 | 0.11 | 0.11,0,1.46 | 1.75 | 2.18,0,1.84 | 2.28 | 2.74,0.878,0.000,0,1,0,0,0,0,-1,0,0,0,,0,,0,,0,0,878.25,0,1
17253894457,387,2,2,8,8,12.094,0,0,0.10 | 0.11 | 0.11,0,1.46 | 1.75 | 2.18,0,1.84 | 2.28 | 2.74,0.878,0.000,0,1,0,0,0,0,-1,0,0,0,,0,,0,,0,0,878.25,0,1
17253894458,387,2,2,8,8,12.094,0,0,0.10 | 0.11 | 0.11,0,1.46 | 1.75 | 2.18,0,1.84 | 2.28 | 2.74,0.878,0.000,0,1,0,0,0,0,-1,0,0,0,,0,,0,,0,0,878.25,0,1
17253894459,387,2,2,8,8,11.032,0,0,0.10 | 0.11 | 0.11,0,1.46 | 1.75 | 2.18,0,1.84 | 2.28 | 2.74,0.878,0.000,0,1,0,0,0,0,-1,0,0,0,,0,,0,,0,0,878.25,0,1
17253894460,387,2,2,8,8,11.032,0,0,0.10 | 0.11 | 0.11,0,1.46 | 1.75 | 2.18,0,1.84 | 2.28 | 2.74,0.878,0.000,0,1,0,0,0,0,-1,0,0,0,,0,,0,,0,0,878.25,0,1
17253894461,387,2,2,8,8,11.032,0,0,0.10 | 0.11 | 0.11,0,1.46 | 1.75 | 2.18,0,1.84 | 2.28 | 2.74,0.878,0.000,0,1,0,0,0,0,-1,0,0,0,,0,,0,,0,0,878.25,0,1
17253894462,387,2,2,8,8,11.032,0,0,0.10 | 0.11 | 0.11,0,1.46 | 1.75 | 2.18,0,1.84 | 2.28 | 2.74,0.878,0.000,0,1,0,0,0,0,-1,0,0,0,,0,,0,,0,0,878.25,0,1
17253894463,387,2,2,8,8,11.032,0,0,0.10 | 0.11 | 0.11,0,1.46 | 1.75 | 2.18,0,1.84 | 2.28 | 2.74,0.878,0.000,0,1,0,0,0,0,-1,0,0,0,,0,,0,,0,0,878.25,0,1
17253894464,387,2,2,8,8,11.032,0,0,0.10 | 0.11 | 0.11,0,1.46 | 1.75 | 2.18,0,1.84 | 2.28 | 2.74,0.878,0.000,0,1,0,0,0,0,-1,0,0,0,,0,,0,,0,0,878.25,0,1
17253894465,387,2,2,8,8,11.032,0,0,0.10 | 0.11 | 0.11,0,1.46 | 1.75 | 2.18,0,1.84 | 2.28 | 2.74,0.878,0.000,0,1,0,0,0,0,-1,0,0,0,,0,,0,,0,0,878.25,0,1
17253894466,387,2,2,8,8,11.032,0,0,0.10 | 0.11 | 0.11,0,1.46 | 1.75 | 2.18,0,1.84 | 2.28 | 2.74,0.878,0.000,0,1,0,0,0,0,-1,0,0,0,,0,,0,,0,0,878.25,0,1
17253894467,387,2,2,8,8,11.032,0,0,0.10 | 0.11 | 0.11,0,1.46 | 1.75 | 2.18,0,1.84 | 2.28 | 2.74,0.878,0.000,0,1,0,0,0,0,-1,0,0,0,,0,,0,,0,0,878.25,0,1
17253894468,387,2,2,8,8,11.032,0,0,0.10 | 0.11 | 0.11,0,1.46 | 1.75 | 2.18,0,1.84 | 2.28 | 2.74,0.878,0.000,0,1,0,0,0,0,-1,0,0,0,,0,,0,,0,0,878.25,0,1
17253894469,387,2,2,8,8,9.913,0,0,0.10 | 0.11 | 0.11,0,1.46 | 1.75 | 2.18,0,1.84 | 2.28 | 2.74,0.878,0.000,0,1,0,0,0,0,-1,0,0,0,,0,,0,,0,0,878.25,0,1
17253894470,387,2,2,8,8,9.913,0,0,0.10 | 0.11 | 0.11,0,1.46 | 1.75 | 2.18,0,1.84 | 2.28 | 2.74,0.878,0.000,0,1,0,0,0,0,-1,0,0,0,,0,,0,,0,0,878.25,0,1
17253894471,387,2,2,8,8,9.913,0,0,0.10 | 0.11 | 0.11,0,1.46 | 1.75 | 2.18,0,1.84 | 2.28 | 2.74,0.878,0.000,0,1,0,0,0,0,-1,0,0,0,,0,,0,,0,0,878.25,0,1
17253894472,387,2,2,8,8,9.913,0,0,0.10 | 0.11 | 0.11,0,1.46 | 1.75 | 2.18,0,1.84 | 2.28 | 2.74,0.878,0.000,0,1,0,0,0,0,-1,0,0,0,,0,,0,,0,0,878.25,0,1
17253894473,387,2,2,8,8,9.913,0,0,0.10 | 0.11 | 0.11,0,1.46 | 1.75 | 2.18,0,1.84 | 2.28 | 2.74,0.878,0.000,0,1,0,0,0,0,-1,0,0,0,,0,,0,,0,0,878.25,0,1
17253894474,387,2,2,8,8,9.913,0,0,0.10 | 0.11 | 0.11,0,1.46 | 1.75 | 2.18,0,1.84 | 2.28 | 2.74,0.878,0.000,0,1,0,0,0,0,-1,0,0,0,,0,,0,,0,0,878.25,0,1
17253894475,387,2,2,8,8,9.913,0,0,0.10 | 0.11 | 0.11,0,1.46 | 1.75 | 2.18,0,1.84 | 2.28 | 2.74,0.878,0.000,0,1,0,0,0,0,-1,0,0,0,,0,,0,,0,0,878.25,0,1
17253894476,387,2,2,8,8,9.913,0,0,0.10 | 0.11 | 0.11,0,1.46 | 1.75 | 2.18,0,1.84 | 2.28 | 2.74,0.878,0.000,0,1,0,0,0,0,-1,0,0,0,,0,,0,,0,0,878.25,0,1
17253894477,387,2,2,8,8,9.913,0,0,0.10 | 0.11 | 0.11,0,1.46 | 1.75 | 2.18,0,1.84 | 2.28 | 2.74,0.878,0.000,0,1,0,0,0,0,-1,0,0,0,,0,,0,,0,0,878.25,0,1
17253894478,387,2,2,8,8,9.913,0,0,0.10 | 0.11 | 0.11,0,1.46 | 1.75 | 2.18,0,1.84 | 2.28 | 2.74,0.878,0.000,0,1,0,0,0,0,-1,0,0,0,,0,,0,,0,0,851.75,0,1
17253894479,387,2,2,8,8,13.707,0,0,0.10 | 0.11 | 0.11,0,1.46 | 1.83 | 2.46,0,1.62 | 2.19 | 2.74,0.852,0.000,0,1,0,0,0,0,-1,0,0,0,,0,,0,,0,0,851.75,0,1
17253894480,387,2,2,8,8,13.707,0,0,0.10 | 0.11 | 0.11,0,1.46 | 1.83 | 2.46,0,1.62 | 2.19 | 2.74,0.852,0.000,0,1,0,0,0,0,-1,0,0,0,,0,,0,,0,0,851.75,0,1
17253894481,387,2,2,8,8,13.707,0,0,0.10 | 0.11 | 0.11,0,1.46 | 1.83 | 2.46,0,1.62 | 2.19 | 2.74,0.852,0.000,0,1,0,0,0,0,-1,0,0,0,,0,,0,,0,0,851.75,0,1
17253894482,387,2,2,8,8,13.707,0,0,0.10 | 0.11 | 0.11,0,1.46 | 1.83 | 2.46,0,1.62 | 2.19 | 2.74,0.852,0.000,0,1,0,0,0,0,-1,0,0,0,,0,,0,,0,0,851.75,0,1
17253894483,387,2,2,8,8,13.707,0,0,0.10 | 0.11 | 0.11,0,1.46 | 1.83 | 2.46,0,1.62 | 2.19 | 2.74,0.852,0.000,0,1,0,0,0,0,-1,0,0,0,,0,,0,,0,0,851.75,0,1
17253894484,387,2,2,8,8,13.707,0,0,0.10 | 0.11 | 0.11,0,1.46 | 1.83 | 2.46,0,1.62 | 2.19 | 2.74,0.852,0.000,0,1,0,0,0,0,-1,0,0,0,,0,,0,,0,0,851.75,0,1
17253894485,387,2,2,8,8,13.707,0,0,0.10 | 0.11 | 0.11,0,1.46 | 1.83 | 2.46,0,1.62 | 2.19 | 2.74,0.852,0.000,0,1,0,0,0,0,-1,0,0,0,,0,,0,,0,0,851.75,0,1
17253894486,387,2,2,8,8,13.707,0,0,0.10 | 0.11 | 0.11,0,1.46 | 1.83 | 2.46,0,1.62 | 2.19 | 2.74,0.852,0.000,0,1,0,0,0,0,-1,0,0,0,,0,,0,,0,0,851.75,0,1
17253894487,387,2,2,8,8,13.707,0,0,0.10 | 0.11 | 0.11,0,1.46 | 1.83 | 2.46,0,1.62 | 2.19 | 2.74,0.852,0.000,0,1,0,0,0,0,-1,0,0,0,,0,,0,,0,0,851.75,0,1
17253894488,387,2,2,8,8,13.707,0,0,0.10 | 0.11 | 0.11,0,1.46 | 1.83 | 2.46,0,1.62 | 2.19 | 2.74,0.852,0.000,0,1,0,0,0,0,-1,0,0,0,,0,,0,,0,0,851.75,0,1
17253894489,387,2,2,8,8,12.91,0,0,0.10 | 0.11 | 0.11,0,1.46 | 1.83 | 2.46,0,1.62 | 2.19 | 2.74,0.852,0.000,0,1,0,0,0,0,-1,0,0,0,,0,,0,,0,0,851.75,0,1
17253894490,387,2,2,8,8,12.91,0,0,0.10 | 0.11 | 0.11,0,1.46 | 1.83 | 2.46,0,1.62 | 2.19 | 2.74,0.852,0.000,0,1,0,0,0,0,-1,0,0,0,,0,,0,,0,0,851.75,0,1
17253894491,387,2,2,8,8,12.91,0,0,0.10 | 0.11 | 0.11,0,1.46 | 1.83 | 2.46,0,1.62 | 2.19 | 2.74,0.852,0.000,0,1,0,0,0,0,-1,0,0,0,,0,,0,,0,0,851.75,0,1
17253894492,387,2,2,8,8,12.91,0,0,0.10 | 0.11 | 0.11,0,1.46 | 1.83 | 2.46,0,1.62 | 2.19 | 2.74,0.852,0.000,0,1,0,0,0,0,-1,0,0,0,,0,,0,,0,0,851.75,0,1
17253894493,387,2,2,8,8,12.91,0,0,0.10 | 0.11 | 0.11,0,1.46 | 1.83 | 2.46,0,1.62 | 2.19 | 2.74,0.852,0.000,0,1,0,0,0,0,-1,0,0,0,,0,,0,,0,0,851.75,0,1
17253894494,387,2,2,8,8,12.91,0,0,0.10 | 0.11 | 0.11,0,1.46 | 1.83 | 2.46,0,1.62 | 2.19 | 2.74,0.852,0.000,0,1,0,0,0,0,-1,0,0,0,,0,,0,,0,0,851.75,0,1
17253894495,387,2,2,8,8,12.91,0,0,0.10 | 0.11 | 0.11,0,1.46 | 1.83 | 2.46,0,1.62 | 2.19 | 2.74,0.852,0.000,0,1,0,0,0,0,-1,0,0,0,,0,,0,,0,0,851.75,0,1
17253894496,387,2,2,8,8,12.91,0,0,0.10 | 0.11 | 0.11,0,1.46 | 1.83 | 2.46,0,1.62 | 2.19 | 2.74,0.852,0.000,0,1,0,0,0,0,-1,0,0,0,,0,,0,,0,0,851.75,0,1
17253894497,387,2,2,8,8,12.91,0,0,0.10 | 0.11 | 0.11,0,1.46 | 1.83 | 2.46,0,1.62 | 2.19 | 2.74,0.852,0.000,0,1,0,0,0,0,-1,0,0,0,,0,,0,,0,0,851.75,0,1
17253894498,580,2,3,8,8,12.91,0,0,0.10 | 0.11 | 0.11,0,1.46 | 1.83 | 2.46,0,1.62 | 2.19 | 2.74,0.852,0.000,0,1,0,0,0,0,-1,0,0,0,,0,,0,,0,0,851.75,0,1
17253894499,580,2,3,8,8,11.709,0,0,0.10 | 0.11 | 0.11,0,1.46 | 1.83 | 2.46,0,1.62 | 2.19 | 2.74,0.852,0.000,0,1,0,0,0,0,-1,0,0,0,,0,,0,,0,0,851.75,0,1
17253894500,580,2,3,8,8,11.709,0,0,0.10 | 0.11 | 0.11,0,1.46 | 1.83 | 2.46,0,1.62 | 2.19 | 2.74,0.852,0.000,0,1,0,0,0,0,-1,0,0,0,,0,,0,,0,0,851.75,0,1
17253894501,580,2,3,8,8,11.709,0,0,0.10 | 0.11 | 0.11,0,1.46 | 1.83 | 2.46,0,1.62 | 2.19 | 2.74,0.852,0.000,0,1,0,0,0,0,-1,0,0,0,,0,,0,,0,0,851.75,0,1
17253894502,580,2,3,8,8,11.709,0,0,0.10 | 0.11 | 0.11,0,1.46 | 1.83 | 2.46,0,1.62 | 2.19 | 2.74,0.852,0.000,0,1,0,0,0,0,-1,0,0,0,,0,,0,,0,0,851.75,0,1
17253894503,580,2,3,8,8,11.709,0,0,0.10 | 0.11 | 0.11,0,1.46 | 1.83 | 2.46,0,1.62 | 2.19 | 2.74,0.852,0.000,0,1,0,0,0,0,-1,0,0,0,,0,,0,,0,0,851.75,0,1
17253894504,580,2,3,8,8,11.709,0,0,0.10 | 0.11 | 0.11,0,1.46 | 1.83 | 2.46,0,1.62 | 2.19 | 2.74,0.852,0.000,0,1,0,0,0,0,-1,0,0,0,,0,,0,,0,0,851.75,0,1
17253894505,580,2,3,8,8,11.709,0,0,0.10 | 0.11 | 0.11,0,1.46 | 1.83 | 2.46,0,1.62 | 2.19 | 2.74,0.852,0.000,0,1,0,0,0,0,-1,0,0,0,,0,,0,,0,0,851.75,0,1
17253894506,580,2,3,8,8,11.709,0,0,0.10 | 0.11 | 0.11,0,1.46 | 1.83 | 2.46,0,1.62 | 2.19 | 2.74,0.852,0.000,0,1,0,0,0,0,-1,0,0,0,,0,,0,,0,0,851.75,0,1
17253894507,580,2,3,8,8,11.709,0,0,0.10 | 0.11 | 0.11,0,1.46 | 1.83 | 2.46,0,1.62 | 2.19 | 2.74,0.852,0.000,0,1,0,0,0,0,-1,0,0,0,,0,,0,,0,0,851.75,0,1
17253894508,580,2,3,8,8,11.709,0,0,0.10 | 0.11 | 0.11,0,1.46 | 1.83 | 2.46,0,1.62 | 2.19 | 2.74,0.852,0.000,0,1,0,0,0,0,-1,0,0,0,,0,,0,,0,0,851.75,0,1
17253894509,580,2,3,8,8,10.785,0,0,0.10 | 0.11 | 0.11,0,1.46 | 1.83 | 2.46,0,1.62 | 2.19 | 2.74,0.852,0.000,0,1,0,0,0,0,-1,0,0,0,,0,,0,,0,0,851.75,0,1
17253894510,580,2,3,8,8,10.785,0,0,0.10 | 0.11 | 0.11,0,1.46 | 1.83 | 2.46,0,1.62 | 2.19 | 2.74,0.852,0.000,0,1,0,0,0,0,-1,0,0,0,,0,,0,,0,0,851.75,0,1
17253894511,580,2,3,8,8,10.785,0,0,0.10 | 0.11 | 0.11,0,1.46 | 1.83 | 2.46,0,1.62 | 2.19 | 2.74,0.852,0.000,0,1,0,0,0,0,-1,0,0,0,,0,,0,,0,0,851.75,0,1
17253894512,580,2,3,8,8,10.785,0,0,0.10 | 0.11 | 0.11,0,1.46 | 1.83 | 2.46,0,1.62 | 2.19 | 2.74,0.852,0.000,0,1,0,0,0,0,-1,0,0,0,,0,,0,,0,0,851.75,0,1
17253894513,580,2,3,8,8,10.785,0,0,0.10 | 0.11 | 0.11,0,1.46 | 1.83 | 2.46,0,1.62 | 2.19 | 2.74,0.852,0.000,0,1,0,0,0,0,-1,0,0,0,,0,,0,,0,0,851.75,0,1
17253894514,580,2,3,8,8,10.785,0,0,0.10 | 0.11 | 0.11,0,1.46 | 1.83 | 2.46,0,1.62 | 2.19 | 2.74,0.852,0.000,0,1,0,0,0,0,-1,0,0,0,,0,,0,,0,0,851.75,0,1
17253894515,580,2,3,8,8,10.785,0,0,0.10 | 0.11 | 0.11,0,1.46 | 1.83 | 2.46,0,1.62 | 2.19 | 2.74,0.852,0.000,0,1,0,0,0,0,-1,0,0,0,,0,,0,,0,0,851.75,0,1
17253894516,580,2,3,8,8,10.785,0,0,0.10 | 0.11 | 0.11,0,1.46 | 1.83 | 2.46,0,1.62 | 2.19 | 2.74,0.852,0.000,0,1,0,0,0,0,-1,0,0,0,,0,,0,,0,0,851.75,0,1
17253894517,580,2,3,8,8,10.785,0,0,0.10 | 0.11 | 0.11,0,1.46 | 1.83 | 2.46,0,1.62 | 2.19 | 2.74,0.852,0.000,0,1,0,0,0,0,-1,0,0,0,,0,,0,,0,0,851.75,0,1
17253894518,580,2,3,8,8,10.785,0,0,0.10 | 0.11 | 0.11,0,1.46 | 1.83 | 2.46,0,1.62 | 2.19 | 2.74,0.852,0.000,0,1,0,0,0,0,-1,0,0,0,,0,,0,,0,0,851.75,0,1
17253894519,580,2,3,8,8,9.722,0,0,0.10 | 0.11 | 0.11,0,1.46 | 1.83 | 2.46,0,1.62 | 2.19 | 2.74,0.852,0.000,0,1,0,0,0,0,-1,0,0,0,,0,,0,,0,0,851.75,0,1
17253894520,580,2,3,8,8,9.722,0,0,0.10 | 0.11 | 0.11,0,1.46 | 1.83 | 2.46,0,1.62 | 2.19 | 2.74,0.852,0.000,0,1,0,0,0,0,-1,0,0,0,,0,,0,,0,0,851.75,0,1
17253894521,580,2,3,8,8,9.722,0,0,0.10 | 0.11 | 0.11,0,1.46 | 1.83 | 2.46,0,1.62 | 2.19 | 2.74,0.852,0.000,0,1,0,0,0,0,-1,0,0,0,,0,,0,,0,0,851.75,0,1
17253894522,580,2,3,8,8,9.722,0,0,0.10 | 0.11 | 0.11,0,1.46 | 1.83 | 2.46,0,1.62 | 2.19 | 2.74,0.852,0.000,0,1,0,0,0,0,-1,0,0,0,,0,,0,,0,0,871.5,0,1
17253894523,580,2,3,8,8,9.722,0,0,0.10 | 0.11 | 0.11,0,1.46 | 1.83 | 2.46,0,1.62 | 2.19 | 2.74,0.852,0.000,0,1,0,0,0,0,-1,0,0,0,,0,,0,,0,0,871.5,0,1
17253894524,580,2,3,8,8,9.722,0,0,0.10 | 0.11 | 0.11,0,1.46 | 1.83 | 2.46,0,1.62 | 2.19 | 2.74,0.852,0.000,0,1,0,0,0,0,-1,0,0,0,,0,,0,,0,0,871.5,0,1
17253894525,580,2,3,8,8,9.722,0,0,0.10 | 0.11 | 0.11,0,1.46 | 1.83 | 2.46,0,1.62 | 2.19 | 2.74,0.852,0.000,0,1,0,0,0,0,-1,0,0,0,,0,,0,,0,0,871.5,0,1
17253894526,580,2,3,8,8,9.722,0,0,0.10 | 0.11 | 0.11,0,1.46 | 1.83 | 2.46,0,1.62 | 2.19 | 2.74,0.852,0.000,0,1,0,0,0,0,-1,0,0,0,,0,,0,,0,0,871.5,0,1
17253894527,580,2,3,8,8,9.722,0,0,0.10 | 0.11 | 0.11,0,1.46 | 1.83 | 2.46,0,1.62 | 2.19 | 2.74,0.852,0.000,0,1,0,0,0,0,-1,0,0,0,,0,,0,,0,0,871.5,0,1
17253894528,580,2,3,8,8,9.722,0,0,0.10 | 0.11 | 0.11,0,1.46 | 1.83 | 2.46,0,1.62 | 2.19 | 2.74,0.852,0.000,0,1,0,0,0,0,-1,0,0,0,,0,,0,,0,0,871.5,0,1
17253894529,580,2,3,8,8,8.925,0,0,0.10 | 0.11 | 0.11,0,1.46 | 1.98 | 2.46,0,1.62 | 2.02 | 2.74,0.872,0.000,0,1,0,0,0,0,-1,0,0,0,,0,,0,,0,0,871.5,0,1
17253894530,580,3,3,8,8,8.925,0,0,0.10 | 0.11 | 0.11,0,1.46 | 1.98 | 2.46,0,1.62 | 2.02 | 2.74,0.872,0.000,0,1,0,0,0,0,-1,0,0,0,,0,,0,,0,0,871.5,0,1
17253894531,580,3,3,8,8,8.925,0,0,0.10 | 0.11 | 0.11,0,1.46 | 1.98 | 2.46,0,1.62 | 2.02 | 2.74,0.872,0.000,0,1,0,0,0,0,-1,0,0,0,,0,,0,,0,0,871.5,0,1
17253894532,580,3,3,8,8,8.925,0,0,0.10 | 0.11 | 0.11,0,1.46 | 1.98 | 2.46,0,1.62 | 2.02 | 2.74,0.872,0.000,0,1,0,0,0,0,-1,0,0,0,,0,,0,,0,0,871.5,0,1
17253894533,580,3,3,8,8,8.925,0,0,0.10 | 0.11 | 0.11,0,1.46 | 1.98 | 2.46,0,1.62 | 2.02 | 2.74,0.872,0.000,0,1,0,0,0,0,-1,0,0,0,,0,,0,,0,0,871.5,0,1
17253894534,580,3,3,8,8,8.925,0,0,0.10 | 0.11 | 0.11,0,1.46 | 1.98 | 2.46,0,1.62 | 2.02 | 2.74,0.872,0.000,0,1,0,0,0,0,-1,0,0,0,,0,,0,,0,0,871.5,0,1
17253894535,580,3,3,8,8,8.925,0,0,0.10 | 0.11 | 0.11,0,1.46 | 1.98 | 2.46,0,1.62 | 2.02 | 2.74,0.872,0.000,0,1,0,0,0,0,-1,0,0,0,,0,,0,,0,0,871.5,0,1
17253894536,580,3,3,8,8,8.925,0,0,0.10 | 0.11 | 0.11,0,1.46 | 1.98 | 2.46,0,1.62 | 2.02 | 2.74,0.872,0.000,0,1,0,0,0,0,-1,0,0,0,,0,,0,,0,0,871.5,0,1
17253894537,580,3,3,8,8,8.925,0,0,0.10 | 0.11 | 0.11,0,1.46 | 1.98 | 2.46,0,1.62 | 2.02 | 2.74,0.872,0.000,0,1,0,0,0,0,-1,0,0,0,,0,,0,,0,0,871.5,0,1
17253894538,580,3,3,8,8,8.925,0,0,0.10 | 0.11 | 0.11,0,1.46 | 1.98 | 2.46,0,1.62 | 2.02 | 2.74,0.872,0.000,0,1,0,0,0,0,-1,0,0,0,,0,,0,,0,0,871.5,0,1
17253894539,580,3,3,8,8,7.863,0,0,0.10 | 0.11 | 0.11,0,1.46 | 1.98 | 2.46,0,1.62 | 2.02 | 2.74,0.872,0.000,0,1,0,0,0,0,-1,0,0,0,,0,,0,,0,0,871.5,0,1
17253894540,580,3,3,8,8,7.863,0,0,0.10 | 0.11 | 0.11,0,1.46 | 1.98 | 2.46,0,1.62 | 2.02 | 2.74,0.872,0.000,0,1,0,0,0,0,-1,0,0,0,,0,,0,,0,0,871.5,0,1
17253894541,580,3,3,8,8,7.863,0,0,0.10 | 0.11 | 0.11,0,1.46 | 1.98 | 2.46,0,1.62 | 2.02 | 2.74,0.872,0.000,0,1,0,0,0,0,-1,0,0,0,,0,,0,,0,0,871.5,0,1
17253894542,580,3,3,8,8,7.863,0,0,0.10 | 0.11 | 0.11,0,1.46 | 1.98 | 2.46,0,1.62 | 2.02 | 2.74,0.872,0.000,0,1,0,0,0,0,-1,0,0,0,,0,,0,,0,0,871.5,0,1
17253894543,580,3,3,8,8,7.863,0,0,0.10 | 0.11 | 0.11,0,1.46 | 1.98 | 2.46,0,1.62 | 2.02 | 2.74,0.872,0.000,0,1,0,0,0,0,-1,0,0,0,,0,,0,,0,0,871.5,0,1
17253894544,580,3,3,8,8,7.863,0,0,0.10 | 0.11 | 0.11,0,1.46 | 1.98 | 2.46,0,1.62 | 2.02 | 2.74,0.872,0.000,0,1,0,0,0,0,-1,0,0,0,,0,,0,,0,0,871.5,0,1
17253894545,580,3,3,8,8,7.863,0,0,0.10 | 0.11 | 0.11,0,1.46 | 1.98 | 2.46,0,1.62 | 2.02 | 2.74,0.872,0.000,0,1,0,0,0,0,-1,0,0,0,,0,,0,,0,0,871.5,0,1
17253894546,580,3,3,8,8,7.863,0,0,0.10 | 0.11 | 0.11,0,1.46 | 1.98 | 2.46,0,1.62 | 2.02 | 2.74,0.872,0.000,0,1,0,0,0,0,-1,0,0,0,,0,,0,,0,0,871.5,0,1
17253894547,580,3,3,8,8,7.863,0,0,0.10 | 0.11 | 0.11,0,1.46 | 1.98 | 2.46,0,1.62 | 2.02 | 2.74,0.872,0.000,0,1,0,0,0,0,-1,0,0,0,,0,,0,,0,0,871.5,0,1
17253894548,580,3,3,8,8,7.863,0,0,0.10 | 0.11 | 0.11,0,1.46 | 1.98 | 2.46,0,1.62 | 2.02 | 2.74,0.872,0.000,0,1,0,0,0,0,-1,0,0,0,,0,,0,,0,0,871.5,0,1
17253894549,580,3,3,8,8,6.8,0,0,0.10 | 0.11 | 0.11,0,1.46 | 1.98 | 2.46,0,1.62 | 2.02 | 2.74,0.872,0.000,0,1,0,0,0,0,-1,0,0,0,,0,,0,,0,0,871.5,0,1
17253894550,580,3,3,8,8,6.8,0,0,0.10 | 0.11 | 0.11,0,1.46 | 1.98 | 2.46,0,1.62 | 2.02 | 2.74,0.872,0.000,0,1,0,0,0,0,-1,0,0,0,,0,,0,,0,0,871.5,0,1
17253894551,580,3,3,8,8,6.8,0,0,0.10 | 0.11 | 0.11,0,1.46 | 1.98 | 2.46,0,1.62 | 2.02 | 2.74,0.872,0.000,0,1,0,0,0,0,-1,0,0,0,,0,,0,,0,0,871.5,0,1
17253894552,580,3,3,8,8,6.8,0,0,0.10 | 0.11 | 0.11,0,1.46 | 1.98 | 2.46,0,1.62 | 2.02 | 2.74,0.872,0.000,0,1,0,0,0,0,-1,0,0,0,,0,,0,,0,0,871.5,0,1
17253894553,580,3,3,8,8,6.8,0,0,0.10 | 0.11 | 0.11,0,1.46 | 1.98 | 2.46,0,1.62 | 2.02 | 2.74,0.872,0.000,0,1,0,0,0,0,-1,0,0,0,,0,,0,,0,0,871.5,0,1
17253894554,580,3,3,8,8,6.8,0,0,0.10 | 0.11 | 0.11,0,1.46 | 1.98 | 2.46,0,1.62 | 2.02 | 2.74,0.872,0.000,0,1,0,0,0,0,-1,0,0,0,,0,,0,,0,0,878.75,0,1
17253894555,580,3,3,8,8,6.8,0,0,0.10 | 0.11 | 0.11,0,1.46 | 1.98 | 2.46,0,1.62 | 2.02 | 2.74,0.872,0.000,0,1,0,0,0,0,-1,0,0,0,,0,,0,,0,0,878.75,0,1
17253894556,580,3,3,8,8,6.8,0,0,0.10 | 0.11 | 0.11,0,1.46 | 1.98 | 2.46,0,1.62 | 2.02 | 2.74,0.872,0.000,0,1,0,0,0,0,-1,0,0,0,,0,,0,,0,0,878.75,0,1
17253894557,580,3,3,8,8,6.8,0,0,0.10 | 0.11 | 0.11,0,1.46 | 1.98 | 2.46,0,1.62 | 2.02 | 2.74,0.872,0.000,0,1,0,0,0,0,-1,0,0,0,,0,,0,,0,0,878.75,0,1
17253894558,580,3,3,8,8,6.8,0,0,0.10 | 0.11 | 0.11,0,1.46 | 1.98 | 2.46,0,1.62 | 2.02 | 2.74,0.872,0.000,0,1,0,0,0,0,-1,0,0,0,,0,,0,,0,0,878.75,0,1
17253894559,580,3,3,8,8,5.738,0,0,0.10 | 0.11 | 0.11,0,1.46 | 2.30 | 3.12,0,1.28 | 1.74 | 2.74,0.879,0.000,0,1,0,0,0,0,-1,0,0,0,,0,,0,,0,0,878.75,0,1
17253894560,580,3,3,8,8,5.738,0,0,0.10 | 0.11 | 0.11,0,1.46 | 2.30 | 3.12,0,1.28 | 1.74 | 2.74,0.879,0.000,0,1,0,0,0,0,-1,0,0,0,,0,,0,,0,0,878.75,0,1
17253894561,580,3,3,8,8,5.738,0,0,0.10 | 0.11 | 0.11,0,1.46 | 2.30 | 3.12,0,1.28 | 1.74 | 2.74,0.879,0.000,0,1,0,0,0,0,-1,0,0,0,,0,,0,,0,0,878.75,0,1
17253894562,580,3,3,8,8,5.738,0,0,0.10 | 0.11 | 0.11,0,1.46 | 2.30 | 3.12,0,1.28 | 1.74 | 2.74,0.879,0.000,0,1,0,0,0,0,-1,0,0,0,,0,,0,,0,0,878.75,0,1
17253894563,580,3,3,8,8,5.738,0,0,0.10 | 0.11 | 0.11,0,1.46 | 2.30 | 3.12,0,1.28 | 1.74 | 2.74,0.879,0.000,0,1,0,0,0,0,-1,0,0,0,,0,,0,,0,0,878.75,0,1
17253894564,580,3,3,8,8,5.738,0,0,0.10 | 0.11 | 0.11,0,1.46 | 2.30 | 3.12,0,1.28 | 1.74 | 2.74,0.879,0.000,0,1,0,0,0,0,-1,0,0,0,,0,,0,,0,0,878.75,0,1
17253894565,580,3,3,8,8,5.738,0,0,0.10 | 0.11 | 0.11,0,1.46 | 2.30 | 3.12,0,1.28 | 1.74 | 2.74,0.879,0.000,0,1,0,0,0,0,-1,0,0,0,,0,,0,,0,0,878.75,0,1
17253894566,580,3,3,8,8,5.738,0,0,0.10 | 0.11 | 0.11,0,1.46 | 2.30 | 3.12,0,1.28 | 1.74 | 2.74,0.879,0.000,0,1,0,0,0,0,-1,0,0,0,,0,,0,,0,0,878.75,0,1
17253894567,580,3,3,8,8,5.738,0,0,0.10 | 0.11 | 0.11,0,1.46 | 2.30 | 3.12,0,1.28 | 1.74 | 2.74,0.879,0.000,0,1,0,0,0,0,-1,0,0,0,,0,,0,,0,0,878.75,0,1
17253894568,580,3,3,8,8,5.738,0,0,0.10 | 0.11 | 0.11,0,1.46 | 2.30 | 3.12,0,1.28 | 1.74 | 2.74,0.879,0.000,0,1,0,0,0,0,-1,0,0,0,,0,,0,,0,0,878.75,0,1
17253894569,580,3,3,8,8,4.707,0,0,0.10 | 0.11 | 0.11,0,1.46 | 2.30 | 3.12,0,1.28 | 1.74 | 2.74,0.879,0.000,0,1,0,0,0,0,-1,0,0,0,,0,,0,,0,0,878.75,0,1
17253894570,580,3,3,8,8,4.707,0,0,0.10 | 0.11 | 0.11,0,1.46 | 2.30 | 3.12,0,1.28 | 1.74 | 2.74,0.879,0.000,0,1,0,0,0,0,-1,0,0,0,,0,,0,,0,0,878.75,0,1
17253894571,580,3,3,8,8,4.707,0,0,0.10 | 0.11 | 0.11,0,1.46 | 2.30 | 3.12,0,1.28 | 1.74 | 2.74,0.879,0.000,0,1,0,0,0,0,-1,0,0,0,,0,,0,,0,0,878.75,0,1
17253894572,580,3,3,8,8,4.707,0,0,0.10 | 0.11 | 0.11,0,1.46 | 2.30 | 3.12,0,1.28 | 1.74 | 2.74,0.879,0.000,0,1,0,0,0,0,-1,0,0,0,,0,,0,,0,0,878.75,0,1
17253894573,580,3,3,8,8,4.707,0,0,0.10 | 0.11 | 0.11,0,1.46 | 2.30 | 3.12,0,1.28 | 1.74 | 2.74,0.879,0.000,0,1,0,0,0,0,-1,0,0,0,,0,,0,,0,0,878.75,0,1
17253894574,580,3,3,8,8,4.707,0,0,0.10 | 0.11 | 0.11,0,1.46 | 2.30 | 3.12,0,1.28 | 1.74 | 2.74,0.879,0.000,0,1,0,0,0,0,-1,0,0,0,,0,,0,,0,0,878.75,0,1
17253894575,580,3,3,8,8,4.707,0,0,0.10 | 0.11 | 0.11,0,1.46 | 2.30 | 3.12,0,1.28 | 1.74 | 2.74,0.879,0.000,0,1,0,0,0,0,-1,0,0,0,,0,,0,,0,0,878.75,0,1
17253894576,580,3,3,8,8,4.707,0,0,0.10 | 0.11 | 0.11,0,1.46 | 2.30 | 3.12,0,1.28 | 1.74 | 2.74,0.879,0.000,0,1,0,0,0,0,-1,0,0,0,,0,,0,,0,0,878.75,0,1
17253894577,772,3,4,8,8,4.707,0,0,0.10 | 0.11 | 0.11,0,1.46 | 2.30 | 3.12,0,1.28 | 1.74 | 2.74,0.879,0.000,0,1,0,0,0,0,-1,0,0,0,,0,,0,,0,0,901.75,0,1
17253894578,772,3,4,8,8,4.707,0,0,0.10 | 0.11 | 0.11,0,1.46 | 2.30 | 3.12,0,1.28 | 1.74 | 2.74,0.879,0.000,0,1,0,0,0,0,-1,0,0,0,,0,,0,,0,0,901.75,0,1
17253894579,772,3,4,8,8,7.041,0,0,0.11 | 0.16 | 0.31,0,1.94 | 2.42 | 3.12,0,1.28 | 1.65 | 2.06,0.902,0.000,0,1,0,0,0,0,-1,0,0,0,,0,,0,,0,0,901.75,0,1
17253894580,772,3,4,8,8,7.041,0,0,0.11 | 0.16 | 0.31,0,1.94 | 2.42 | 3.12,0,1.28 | 1.65 | 2.06,0.902,0.000,0,1,0,0,0,0,-1,0,0,0,,0,,0,,0,0,901.75,0,1
17253894581,772,3,4,8,8,7.041,0,0,0.11 | 0.16 | 0.31,0,1.94 | 2.42 | 3.12,0,1.28 | 1.65 | 2.06,0.902,0.000,0,1,0,0,0,0,-1,0,0,0,,0,,0,,0,0,901.75,0,1
17253894582,772,3,4,8,8,7.041,0,0,0.11 | 0.16 | 0.31,0,1.94 | 2.42 | 3.12,0,1.28 | 1.65 | 2.06,0.902,0.000,0,1,0,0,0,0,-1,0,0,0,,0,,0,,0,0,901.75,0,1
17253894583,772,3,4,8,8,7.041,0,0,0.11 | 0.16 | 0.31,0,1.94 | 2.42 | 3.12,0,1.28 | 1.65 | 2.06,0.902,0.000,0,1,0,0,0,0,-1,0,0,0,,0,,0,,0,0,901.75,0,1
17253894584,772,3,4,8,8,7.041,0,0,0.11 | 0.16 | 0.31,0,1.94 | 2.42 | 3.12,0,1.28 | 1.65 | 2.06,0.902,0.000,0,1,0,0,0,0,-1,0,0,0,,0,,0,,0,0,901.75,0,1
17253894585,772,3,4,8,8,7.041,0,0,0.11 | 0.16 | 0.31,0,1.94 | 2.42 | 3.12,0,1.28 | 1.65 | 2.06,0.902,0.000,0,1,0,0,0,0,-1,0,0,0,,0,,0,,0,0,901.75,0,1
17253894586,772,3,4,8,8,7.041,0,0,0.11 | 0.16 | 0.31,0,1.94 | 2.42 | 3.12,0,1.28 | 1.65 | 2.06,0.902,0.000,0,1,0,0,0,0,-1,0,0,0,,0,,0,,0,0,901.75,0,1
17253894587,772,3,4,8,8,7.041,0,0,0.11 | 0.16 | 0.31,0,1.94 | 2.42 | 3.12,0,1.28 | 1.65 | 2.06,0.902,0.000,0,1,0,0,0,0,-1,0,0,0,,0,,0,,0,0,901.75,0,1
17253894588,772,3,4,8,8,7.041,0,0,0.11 | 0.16 | 0.31,0,1.94 | 2.42 | 3.12,0,1.28 | 1.65 | 2.06,0.902,0.000,0,1,0,0,0,0,-1,0,0,0,,0,,0,,0,0,901.75,0,1
17253894589,772,3,4,8,8,6.016,0,0,0.11 | 0.16 | 0.31,0,1.94 | 2.42 | 3.12,0,1.28 | 1.65 | 2.06,0.902,0.000,0,1,0,0,0,0,-1,0,0,0,,0,,0,,0,0,901.75,0,1
17253894590,772,3,4,8,8,6.016,0,0,0.11 | 0.16 | 0.31,0,1.94 | 2.42 | 3.12,0,1.28 | 1.65 | 2.06,0.902,0.000,0,1,0,0,0,0,-1,0,0,0,,0,,0,,0,0,901.75,0,1
17253894591,772,3,4,8,8,6.016,0,0,0.11 | 0.16 | 0.31,0,1.94 | 2.42 | 3.12,0,1.28 | 1.65 | 2.06,0.902,0.000,0,1,0,0,0,0,-1,0,0,0,,0,,0,,0,0,901.75,0,1
17253894592,772,3,4,8,8,6.016,0,0,0.11 | 0.16 | 0.31,0,1.94 | 2.42 | 3.12,0,1.28 | 1.65 | 2.06,0.902,0.000,0,1,0,0,0,0,-1,0,0,0,,0,,0,,0,0,901.75,0,1
17253894593,772,3,4,8,8,6.016,0,0,0.11 | 0.16 | 0.31,0,1.94 | 2.42 | 3.12,0,1.28 | 1.65 | 2.06,0.902,0.000,0,1,0,0,0,0,-1,0,0,0,,0,,0,,0,0,901.75,0,1
17253894594,772,3,4,8,8,6.016,0,0,0.11 | 0.16 | 0.31,0,1.94 | 2.42 | 3.12,0,1.28 | 1.65 | 2.06,0.902,0.000,0,1,0,0,0,0,-1,0,0,0,,0,,0,,0,0,901.75,0,1
17253894595,772,3,4,8,8,6.016,0,0,0.11 | 0.16 | 0.31,0,1.94 | 2.42 | 3.12,0,1.28 | 1.65 | 2.06,0.902,0.000,0,1,0,0,0,0,-1,0,0,0,,0,,0,,0,0,901.75,0,1
17253894596,772,3,4,8,8,6.016,0,0,0.11 | 0.16 | 0.31,0,1.94 | 2.42 | 3.12,0,1.28 | 1.65 | 2.06,0.902,0.000,0,1,0,0,0,0,-1,0,0,0,,0,,0,,0,0,901.75,0,1
17253894597,772,3,4,8,8,6.016,0,0,0.11 | 0.16 | 0.31,0,1.94 | 2.42 | 3.12,0,1.28 | 1.65 | 2.06,0.902,0.000,0,1,0,0,0,0,-1,0,0,0,,0,,0,,0,0,901.75,0,1
17253894598,772,3,4,8,8,6.016,0,0,0.11 | 0.16 | 0.31,0,1.94 | 2.42 | 3.12,0,1.28 | 1.65 | 2.06,0.902,0.000,0,1,0,0,0,0,-1,0,0,0,,0,,0,,0,0,901.75,0,1
17253894599,772,3,4,8,8,4.953,0,0,0.11 | 0.16 | 0.31,0,1.94 | 2.42 | 3.12,0,1.28 | 1.65 | 2.06,0.902,0.000,0,1,0,0,0,0,-1,0,0,0,,0,,0,,0,0,901.75,0,1
17253894600,772,3,4,8,8,4.953,0,0,0.11 | 0.16 | 0.31,0,1.94 | 2.42 | 3.12,0,1.28 | 1.65 | 2.06,0.902,0.000,0,1,0,0,0,0,-1,0,0,0,,0,,0,,0,0,901.75,0,1
17253894601,772,3,4,8,8,4.953,0,0,0.11 | 0.16 | 0.31,0,1.94 | 2.42 | 3.12,0,1.28 | 1.65 | 2.06,0.902,0.000,0,1,0,0,0,0,-1,0,0,0,,0,,0,,0,0,901.75,0,1
17253894602,772,3,4,8,8,4.953,0,0,0.11 | 0.16 | 0.31,0,1.94 | 2.42 | 3.12,0,1.28 | 1.65 | 2.06,0.902,0.000,0,1,0,0,0,0,-1,0,0,0,,0,,0,,0,0,901.75,0,1
17253894603,772,3,4,8,8,4.953,0,0,0.11 | 0.16 | 0.31,0,1.94 | 2.42 | 3.12,0,1.28 | 1.65 | 2.06,0.902,0.000,0,1,0,0,0,0,-1,0,0,0,,0,,0,,0,0,901.75,0,1
17253894604,772,3,4,8,8,4.953,0,0,0.11 | 0.16 | 0.31,0,1.94 | 2.42 | 3.12,0,1.28 | 1.65 | 2.06,0.902,0.000,0,1,0,0,0,0,-1,0,0,0,,0,,0,,0,0,901.75,0,1
17253894605,772,3,4,8,8,4.953,0,0,0.11 | 0.16 | 0.31,0,1.94 | 2.42 | 3.12,0,1.28 | 1.65 | 2.06,0.902,0.000,0,1,0,0,0,0,-1,0,0,0,,0,,0,,0,0,901.75,0,1
17253894606,772,3,4,8,8,4.953,0,0,0.11 | 0.16 | 0.31,0,1.94 | 2.42 | 3.12,0,1.28 | 1.65 | 2.06,0.902,0.000,0,1,0,0,0,0,-1,0,0,0,,0,,0,,0,0,901.75,0,1
17253894607,772,3,4,8,8,4.953,0,0,0.11 | 0.16 | 0.31,0,1.94 | 2.42 | 3.12,0,1.28 | 1.65 | 2.06,0.902,0.000,0,1,0,0,0,0,-1,0,0,0,,0,,0,,0,0,901.75,0,1
17253894608,387,3,2,8,8,4.953,0,0,0.11 | 0.16 | 0.31,0,1.94 | 2.42 | 3.12,0,1.28 | 1.65 | 2.06,0.902,0.000,0,1,0,0,0,0,-1,0,0,0,,0,,0,,0,0,927,0,1
17253894609,387,4,2,8,8,3.94,0,0,0.11 | 0.16 | 0.31,0,1.94 | 2.52 | 3.12,0,1.28 | 1.59 | 2.06,0.927,0.000,0,1,0,0,0,0,-1,0,0,0,,0,,0,,0,0,927,0,1
17253894610,387,4,2,8,8,3.94,0,0,0.11 | 0.16 | 0.31,0,1.94 | 2.52 | 3.12,0,1.28 | 1.59 | 2.06,0.927,0.000,0,1,0,0,0,0,-1,0,0,0,,0,,0,,0,0,927,0,1
17253894611,387,4,2,8,8,3.94,0,0,0.11 | 0.16 | 0.31,0,1.94 | 2.52 | 3.12,0,1.28 | 1.59 | 2.06,0.927,0.000,0,1,0,0,0,0,-1,0,0,0,,0,,0,,0,0,927,0,1
17253894612,387,4,2,8,8,3.94,0,0,0.11 | 0.16 | 0.31,0,1.94 | 2.52 | 3.12,0,1.28 | 1.59 | 2.06,0.927,0.000,0,1,0,0,0,0,-1,0,0,0,,0,,0,,0,0,927,0,1
17253894613,387,4,2,8,8,3.94,0,0,0.11 | 0.16 | 0.31,0,1.94 | 2.52 | 3.12,0,1.28 | 1.59 | 2.06,0.927,0.000,0,1,0,0,0,0,-1,0,0,0,,0,,0,,0,0,927,0,1
17253894614,387,4,2,8,8,3.94,0,0,0.11 | 0.16 | 0.31,0,1.94 | 2.52 | 3.12,0,1.28 | 1.59 | 2.06,0.927,0.000,0,1,0,0,0,0,-1,0,0,0,,0,,0,,0,0,927,0,1
17253894615,387,4,2,8,8,3.94,0,0,0.11 | 0.16 | 0.31,0,1.94 | 2.52 | 3.12,0,1.28 | 1.59 | 2.06,0.927,0.000,0,1,0,0,0,0,-1,0,0,0,,0,,0,,0,0,927,0,1
17253894616,387,4,2,8,8,3.94,0,0,0.11 | 0.16 | 0.31,0,1.94 | 2.52 | 3.12,0,1.28 | 1.59 | 2.06,0.927,0.000,0,1,0,0,0,0,-1,0,0,0,,0,,0,,0,0,927,0,1
17253894617,387,4,2,8,8,3.94,0,0,0.11 | 0.16 | 0.31,0,1.94 | 2.52 | 3.12,0,1.28 | 1.59 | 2.06,0.927,0.000,0,1,0,0,0,0,-1,0,0,0,,0,,0,,0,0,927,0,1
17253894618,387,4,2,8,8,3.94,0,0,0.11 | 0.16 | 0.31,0,1.94 | 2.52 | 3.12,0,1.28 | 1.59 | 2.06,0.927,0.000,0,1,0,0,0,0,-1,0,0,0,,0,,0,,0,0,927,0,1
17253894619,387,4,2,8,8,3.094,0,0,0.11 | 0.16 | 0.31,0,1.94 | 2.52 | 3.12,0,1.28 | 1.59 | 2.06,0.927,0.000,0,1,0,0,0,0,-1,0,0,0,,0,,0,,0,0,927,0,1
17253894620,387,4,2,8,8,3.094,0,0,0.11 | 0.16 | 0.31,0,1.94 | 2.52 | 3.12,0,1.28 | 1.59 | 2.06,0.927,0.000,0,1,0,0,0,0,-1,0,0,0,,0,,0,,0,0,927,0,1
17253894621,387,4,2,8,8,3.094,0,0,0.11 | 0.16 | 0.31,0,1.94 | 2.52 | 3.12,0,1.28 | 1.59 | 2.06,0.927,0.000,0,1,0,0,0,0,-1,0,0,0,,0,,0,,0,0,927,0,1
17253894622,387,4,2,8,8,3.094,0,0,0.11 | 0.16 | 0.31,0,1.94 | 2.52 | 3.12,0,1.28 | 1.59 | 2.06,0.927,0.000,0,1,0,0,0,0,-1,0,0,0,,0,,0,,0,0,927,0,1
17253894623,387,4,2,8,8,3.094,0,0,0.11 | 0.16 | 0.31,0,1.94 | 2.52 | 3.12,0,1.28 | 1.59 | 2.06,0.927,0.000,0,1,0,0,0,0,-1,0,0,0,,0,,0,,0,0,927,0,1
17253894624,387,4,2,8,8,3.094,0,0,0.11 | 0.16 | 0.31,0,1.94 | 2.52 | 3.12,0,1.28 | 1.59 | 2.06,0.927,0.000,0,1,0,0,0,0,-1,0,0,0,,0,,0,,0,0,927,0,1
17253894625,387,4,2,8,8,3.094,0,0,0.11 | 0.16 | 0.31,0,1.94 | 2.52 | 3.12,0,1.28 | 1.59 | 2.06,0.927,0.000,0,1,0,0,0,0,-1,0,0,0,,0,,0,,0,0,927,0,1
17253894626,387,4,2,8,8,3.094,0,0,0.11 | 0.16 | 0.31,0,1.94 | 2.52 | 3.12,0,1.28 | 1.59 | 2.06,0.927,0.000,0,1,0,0,0,0,-1,0,0,0,,0,,0,,0,0,927,0,1
17253894627,387,4,2,8,8,3.094,0,0,0.11 | 0.16 | 0.31,0,1.94 | 2.52 | 3.12,0,1.28 | 1.59 | 2.06,0.927,0.000,0,1,0,0,0,0,-1,0,0,0,,0,,0,,0,0,927,0,1
17253894628,387,4,2,8,8,3.094,0,0,0.11 | 0.16 | 0.31,0,1.94 | 2.52 | 3.12,0,1.28 | 1.59 | 2.06,0.927,0.000,0,1,0,0,0,0,-1,0,0,0,,0,,0,,0,0,927,0,1
17253894629,387,4,2,8,8,2.031,0,0,0.11 | 0.16 | 0.31,0,1.94 | 2.52 | 3.12,0,1.28 | 1.59 | 2.06,0.927,0.000,0,1,0,0,0,0,-1,0,0,0,,0,,0,,0,0,927,0,1
17253894630,387,4,2,8,8,2.031,0,0,0.11 | 0.16 | 0.31,0,1.94 | 2.52 | 3.12,0,1.28 | 1.59 | 2.06,0.927,0.000,0,1,0,0,0,0,-1,0,0,0,,0,,0,,0,0,927,0,1
17253894631,387,4,2,8,8,2.031,0,0,0.11 | 0.16 | 0.31,0,1.94 | 2.52 | 3.12,0,1.28 | 1.59 | 2.06,0.927,0.000,0,1,0,0,0,0,-1,0,0,0,,0,,0,,0,0,927,0,1
17253894632,387,4,2,8,8,2.031,0,0,0.11 | 0.16 | 0.31,0,1.94 | 2.52 | 3.12,0,1.28 | 1.59 | 2.06,0.927,0.000,0,1,0,0,0,0,-1,0,0,0,,0,,0,,0,0,927,0,1
17253894633,387,4,2,8,8,2.031,0,0,0.11 | 0.16 | 0.31,0,1.94 | 2.52 | 3.12,0,1.28 | 1.59 | 2.06,0.927,0.000,0,1,0,0,0,0,-1,0,0,0,,0,,0,,0,0,927,0,1
17253894634,387,4,2,8,8,2.031,0,0,0.11 | 0.16 | 0.31,0,1.94 | 2.52 | 3.12,0,1.28 | 1.59 | 2.06,0.927,0.000,0,1,0,0,0,0,-1,0,0,0,,0,,0,,0,0,927,0,1
17253894635,580,4,3,8,8,2.031,0,0,0.11 | 0.16 | 0.31,0,1.94 | 2.52 | 3.12,0,1.28 | 1.59 | 2.06,0.927,0.000,0,1,0,0,0,0,-1,0,0,0,,0,,0,,0,0,908.5,0,1
17253894636,580,4,3,8,8,2.031,0,0,0.11 | 0.16 | 0.31,0,1.94 | 2.52 | 3.12,0,1.28 | 1.59 | 2.06,0.927,0.000,0,1,0,0,0,0,-1,0,0,0,,0,,0,,0,0,908.5,0,1
17253894637,580,4,3,8,8,2.031,0,0,0.11 | 0.16 | 0.31,0,1.94 | 2.52 | 3.12,0,1.28 | 1.59 | 2.06,0.927,0.000,0,1,0,0,0,0,-1,0,0,0,,0,,0,,0,0,908.5,0,1
17253894638,580,4,3,8,8,2.031,0,0,0.11 | 0.16 | 0.31,0,1.94 | 2.52 | 3.12,0,1.28 | 1.59 | 2.06,0.927,0.000,0,1,0,0,0,0,-1,0,0,0,,0,,0,,0,0,908.5,0,1
17253894639,580,4,3,8,8,5.769,0,0,0.11 | 0.16 | 0.31,0,1.94 | 2.61 | 3.12,0,1.28 | 1.53 | 2.06,0.908,0.000,0,1,0,0,0,0,-1,0,0,0,,0,,0,,0,0,908.5,0,1
17253894640,580,4,3,8,8,5.769,0,0,0.11 | 0.16 | 0.31,0,1.94 | 2.61 | 3.12,0,1.28 | 1.53 | 2.06,0.908,0.000,0,1,0,0,0,0,-1,0,0,0,,0,,0,,0,0,908.5,0,1
17253894641,580,4,3,8,8,5.769,0,0,0.11 | 0.16 | 0.31,0,1.94 | 2.61 | 3.12,0,1.28 | 1.53 | 2.06,0.908,0.000,0,1,0,0,0,0,-1,0,0,0,,0,,0,,0,0,908.5,0,1
17253894642,580,4,3,8,8,5.769,0,0,0.11 | 0.16 | 0.31,0,1.94 | 2.61 | 3.12,0,1.28 | 1.53 | 2.06,0.908,0.000,0,1,0,0,0,0,-1,0,0,0,,0,,0,,0,0,908.5,0,1
17253894643,580,4,3,8,8,5.769,0,0,0.11 | 0.16 | 0.31,0,1.94 | 2.61 | 3.12,0,1.28 | 1.53 | 2.06,0.908,0.000,0,1,0,0,0,0,-1,0,0,0,,0,,0,,0,0,908.5,0,1
17253894644,580,4,3,8,8,5.769,0,0,0.11 | 0.16 | 0.31,0,1.94 | 2.61 | 3.12,0,1.28 | 1.53 | 2.06,0.908,0.000,0,1,0,0,0,0,-1,0,0,0,,0,,0,,0,0,908.5,0,1
17253894645,580,4,3,8,8,5.769,0,0,0.11 | 0.16 | 0.31,0,1.94 | 2.61 | 3.12,0,1.28 | 1.53 | 2.06,0.908,0.000,0,1,0,0,0,0,-1,0,0,0,,0,,0,,0,0,908.5,0,1
17253894646,580,4,3,8,8,5.769,0,0,0.11 | 0.16 | 0.31,0,1.94 | 2.61 | 3.12,0,1.28 | 1.53 | 2.06,0.908,0.000,0,1,0,0,0,0,-1,0,0,0,,0,,0,,0,0,908.5,0,1
17253894647,580,4,3,8,8,5.769,0,0,0.11 | 0.16 | 0.31,0,1.94 | 2.61 | 3.12,0,1.28 | 1.53 | 2.06,0.908,0.000,0,1,0,0,0,0,-1,0,0,0,,0,,0,,0,0,908.5,0,1
17253894648,580,4,3,8,8,5.769,0,0,0.11 | 0.16 | 0.31,0,1.94 | 2.61 | 3.12,0,1.28 | 1.53 | 2.06,0.908,0.000,0,1,0,0,0,0,-1,0,0,0,,0,,0,,0,0,908.5,0,1
17253894649,580,2,3,8,8,4.707,0,0,0.11 | 0.16 | 0.31,0,1.94 | 2.61 | 3.12,0,1.28 | 1.53 | 2.06,0.908,0.000,0,1,0,0,0,0,-1,0,0,0,,0,,0,,0,0,908.5,0,1
17253894650,580,2,3,8,8,4.707,0,0,0.11 | 0.16 | 0.31,0,1.94 | 2.61 | 3.12,0,1.28 | 1.53 | 2.06,0.908,0.000,0,1,0,0,0,0,-1,0,0,0,,0,,0,,0,0,908.5,0,1
17253894651,580,2,3,8,8,4.707,0,0,0.11 | 0.16 | 0.31,0,1.94 | 2.61 | 3.12,0,1.28 | 1.53 | 2.06,0.908,0.000,0,1,0,0,0,0,-1,0,0,0,,0,,0,,0,0,908.5,0,1
17253894652,580,2,3,8,8,4.707,0,0,0.11 | 0.16 | 0.31,0,1.94 | 2.61 | 3.12,0,1.28 | 1.53 | 2.06,0.908,0.000,0,1,0,0,0,0,-1,0,0,0,,0,,0,,0,0,908.5,0,1
17253894653,580,2,3,8,8,4.707,0,0,0.11 | 0.16 | 0.31,0,1.94 | 2.61 | 3.12,0,1.28 | 1.53 | 2.06,0.908,0.000,0,1,0,0,0,0,-1,0,0,0,,0,,0,,0,0,908.5,0,1
17253894654,580,2,3,8,8,4.707,0,0,0.11 | 0.16 | 0.31,0,1.94 | 2.61 | 3.12,0,1.28 | 1.53 | 2.06,0.908,0.000,0,1,0,0,0,0,-1,0,0,0,,0,,0,,0,0,908.5,0,1
17253894655,580,2,3,8,8,4.707,0,0,0.11 | 0.16 | 0.31,0,1.94 | 2.61 | 3.12,0,1.28 | 1.53 | 2.06,0.908,0.000,0,1,0,0,0,0,-1,0,0,0,,0,,0,,0,0,908.5,0,1
17253894656,580,2,3,8,8,4.707,0,0,0.11 | 0.16 | 0.31,0,1.94 | 2.61 | 3.12,0,1.28 | 1.53 | 2.06,0.908,0.000,0,1,0,0,0,0,-1,0,0,0,,0,,0,,0,0,908.5,0,1
17253894657,580,2,3,8,8,4.707,0,0,0.11 | 0.16 | 0.31,0,1.94 | 2.61 | 3.12,0,1.28 | 1.53 | 2.06,0.908,0.000,0,1,0,0,0,0,-1,0,0,0,,0,,0,,0,0,908.5,0,1
17253894658,580,2,3,8,8,4.707,0,0,0.11 | 0.16 | 0.31,0,1.94 | 2.61 | 3.12,0,1.28 | 1.53 | 2.06,0.908,0.000,0,1,0,0,0,0,-1,0,0,0,,0,,0,,0,0,908.5,0,1
17253894659,580,2,3,8,8,3.91,0,0,0.11 | 0.16 | 0.31,0,1.94 | 2.61 | 3.12,0,1.28 | 1.53 | 2.06,0.908,0.000,0,1,0,0,0,0,-1,0,0,0,,0,,0,,0,0,908.5,0,1
17253894660,580,2,3,8,8,3.91,0,0,0.11 | 0.16 | 0.31,0,1.94 | 2.61 | 3.12,0,1.28 | 1.53 | 2.06,0.908,0.000,0,1,0,0,0,0,-1,0,0,0,,0,,0,,0,0,908.5,0,1
17253894661,580,2,3,8,8,3.91,0,0,0.11 | 0.16 | 0.31,0,1.94 | 2.61 | 3.12,0,1.28 | 1.53 | 2.06,0.908,0.000,0,1,0,0,0,0,-1,0,0,0,,0,,0,,0,0,908.5,0,1
17253894662,580,2,3,8,8,3.91,0,0,0.11 | 0.16 | 0.31,0,1.94 | 2.61 | 3.12,0,1.28 | 1.53 | 2.06,0.908,0.000,0,1,0,0,0,0,-1,0,0,0,,0,,0,,0,0,896.25,0,1
17253894663,580,2,3,8,8,3.91,0,0,0.11 | 0.16 | 0.31,0,1.94 | 2.61 | 3.12,0,1.28 | 1.53 | 2.06,0.908,0.000,0,1,0,0,0,0,-1,0,0,0,,0,,0,,0,0,896.25,0,1
17253894664,580,2,3,8,8,3.91,0,0,0.11 | 0.16 | 0.31,0,1.94 | 2.61 | 3.12,0,1.28 | 1.53 | 2.06,0.908,0.000,0,1,0,0,0,0,-1,0,0,0,,0,,0,,0,0,896.25,0,1
17253894665,580,2,3,8,8,3.91,0,0,0.11 | 0.16 | 0.31,0,1.94 | 2.61 | 3.12,0,1.28 | 1.53 | 2.06,0.908,0.000,0,1,0,0,0,0,-1,0,0,0,,0,,0,,0,0,896.25,0,1
17253894666,580,2,3,8,8,3.91,0,0,0.11 | 0.16 | 0.31,0,1.94 | 2.61 | 3.12,0,1.28 | 1.53 | 2.06,0.908,0.000,0,1,0,0,0,0,-1,0,0,0,,0,,0,,0,0,896.25,0,1
17253894667,580,2,3,8,8,3.91,0,0,0.11 | 0.16 | 0.31,0,1.94 | 2.61 | 3.12,0,1.28 | 1.53 | 2.06,0.908,0.000,0,1,0,0,0,0,-1,0,0,0,,0,,0,,0,0,896.25,0,1
17253894668,580,2,3,8,8,3.91,0,0,0.11 | 0.16 | 0.31,0,1.94 | 2.61 | 3.12,0,1.28 | 1.53 | 2.06,0.908,0.000,0,1,0,0,0,0,-1,0,0,0,,0,,0,,0,0,896.25,0,1
17253894669,580,2,3,8,8,5.913,0,0,0.11 | 0.16 | 0.31,0,1.94 | 2.45 | 2.88,0,1.39 | 1.64 | 2.06,0.896,0.000,0,1,0,0,0,0,-1,0,0,0,,0,,0,,0,0,896.25,0,1
17253894670,580,2,3,8,8,5.913,0,0,0.11 | 0.16 | 0.31,0,1.94 | 2.45 | 2.88,0,1.39 | 1.64 | 2.06,0.896,0.000,0,1,0,0,0,0,-1,0,0,0,,0,,0,,0,0,896.25,0,1
17253894671,580,2,3,8,8,5.913,0,0,0.11 | 0.16 | 0.31,0,1.94 | 2.45 | 2.88,0,1.39 | 1.64 | 2.06,0.896,0.000,0,1,0,0,0,0,-1,0,0,0,,0,,0,,0,0,896.25,0,1
17253894672,580,2,3,8,8,5.913,0,0,0.11 | 0.16 | 0.31,0,1.94 | 2.45 | 2.88,0,1.39 | 1.64 | 2.06,0.896,0.000,0,1,0,0,0,0,-1,0,0,0,,0,,0,,0,0,896.25,0,1
17253894673,580,2,3,8,8,5.913,0,0,0.11 | 0.16 | 0.31,0,1.94 | 2.45 | 2.88,0,1.39 | 1.64 | 2.06,0.896,0.000,0,1,0,0,0,0,-1,0,0,0,,0,,0,,0,0,896.25,0,1
17253894674,580,2,3,8,8,5.913,0,0,0.11 | 0.16 | 0.31,0,1.94 | 2.45 | 2.88,0,1.39 | 1.64 | 2.06,0.896,0.000,0,1,0,0,0,0,-1,0,0,0,,0,,0,,0,0,896.25,0,1
17253894675,580,2,3,8,8,5.913,0,0,0.11 | 0.16 | 0.31,0,1.94 | 2.45 | 2.88,0,1.39 | 1.64 | 2.06,0.896,0.000,0,1,0,0,0,0,-1,0,0,0,,0,,0,,0,0,896.25,0,1
17253894676,580,2,3,8,8,5.913,0,0,0.11 | 0.16 | 0.31,0,1.94 | 2.45 | 2.88,0,1.39 | 1.64 | 2.06,0.896,0.000,0,1,0,0,0,0,-1,0,0,0,,0,,0,,0,0,896.25,0,1
17253894677,580,2,3,8,8,5.913,0,0,0.11 | 0.16 | 0.31,0,1.94 | 2.45 | 2.88,0,1.39 | 1.64 | 2.06,0.896,0.000,0,1,0,0,0,0,-1,0,0,0,,0,,0,,0,0,896.25,0,1
17253894678,580,2,3,8,8,5.913,0,0,0.11 | 0.16 | 0.31,0,1.94 | 2.45 | 2.88,0,1.39 | 1.64 | 2.06,0.896,0.000,0,1,0,0,0,0,-1,0,0,0,,0,,0,,0,0,896.25,0,1
17253894679,580,2,3,8,8,4.985,0,0,0.11 | 0.16 | 0.31,0,1.94 | 2.45 | 2.88,0,1.39 | 1.64 | 2.06,0.896,0.000,0,1,0,0,0,0,-1,0,0,0,,0,,0,,0,0,896.25,0,1
17253894680,580,2,3,8,8,4.985,0,0,0.11 | 0.16 | 0.31,0,1.94 | 2.45 | 2.88,0,1.39 | 1.64 | 2.06,0.896,0.000,0,1,0,0,0,0,-1,0,0,0,,0,,0,,0,0,896.25,0,1
17253894681,580,2,3,8,8,4.985,0,0,0.11 | 0.16 | 0.31,0,1.94 | 2.45 | 2.88,0,1.39 | 1.64 | 2.06,0.896,0.000,0,1,0,0,0,0,-1,0,0,0,,0,,0,,0,0,896.25,0,1
17253894682,580,2,3,8,8,4.985,0,0,0.11 | 0.16 | 0.31,0,1.94 | 2.45 | 2.88,0,1.39 | 1.64 | 2.06,0.896,0.000,0,1,0,0,0,0,-1,0,0,0,,0,,0,,0,0,896.25,0,1
17253894683,580,2,3,8,8,4.985,0,0,0.11 | 0.16 | 0.31,0,1.94 | 2.45 | 2.88,0,1.39 | 1.64 | 2.06,0.896,0.000,0,1,0,0,0,0,-1,0,0,0,,0,,0,,0,0,896.25,0,1
17253894684,580,2,3,8,8,4.985,0,0,0.11 | 0.16 | 0.31,0,1.94 | 2.45 | 2.88,0,1.39 | 1.64 | 2.06,0.896,0.000,0,1,0,0,0,0,-1,0,0,0,,0,,0,,0,0,896.25,0,1
17253894685,580,2,3,8,8,4.985,0,0,0.11 | 0.16 | 0.31,0,1.94 | 2.45 | 2.88,0,1.39 | 1.64 | 2.06,0.896,0.000,0,1,0,0,0,0,-1,0,0,0,,0,,0,,0,0,896.25,0,1
17253894686,580,2,3,8,8,4.985,0,0,0.11 | 0.16 | 0.31,0,1.94 | 2.45 | 2.88,0,1.39 | 1.64 | 2.06,0.896,0.000,0,1,0,0,0,0,-1,0,0,0,,0,,0,,0,0,896.25,0,1
17253894687,580,2,3,8,8,4.985,0,0,0.11 | 0.16 | 0.31,0,1.94 | 2.45 | 2.88,0,1.39 | 1.64 | 2.06,0.896,0.000,0,1,0,0,0,0,-1,0,0,0,,0,,0,,0,0,896.25,0,1
17253894688,580,2,3,8,8,4.985,0,0,0.11 | 0.16 | 0.31,0,1.94 | 2.45 | 2.88,0,1.39 | 1.64 | 2.06,0.896,0.000,0,1,0,0,0,0,-1,0,0,0,,0,,0,,0,0,896.25,0,1
17253894689,580,3,3,8,8,3.922,0,0,0.11 | 0.16 | 0.31,0,1.94 | 2.45 | 2.88,0,1.39 | 1.64 | 2.06,0.896,0.000,0,1,0,0,0,0,-1,0,0,0,,0,,0,,0,0,896.25,0,1
17253894690,580,3,3,8,8,3.922,0,0,0.11 | 0.16 | 0.31,0,1.94 | 2.45 | 2.88,0,1.39 | 1.64 | 2.06,0.896,0.000,0,1,0,0,0,0,-1,0,0,0,,0,,0,,0,0,896.25,0,1
17253894691,580,3,3,8,8,3.922,0,0,0.11 | 0.16 | 0.31,0,1.94 | 2.45 | 2.88,0,1.39 | 1.64 | 2.06,0.896,0.000,0,1,0,0,0,0,-1,0,0,0,,0,,0,,0,0,896.25,0,1
17253894692,580,3,3,8,8,3.922,0,0,0.11 | 0.16 | 0.31,0,1.94 | 2.45 | 2.88,0,1.39 | 1.64 | 2.06,0.896,0.000,0,1,0,0,0,0,-1,0,0,0,,0,,0,,0,0,896.25,0,1
17253894693,580,3,3,8,8,3.922,0,0,0.11 | 0.16 | 0.31,0,1.94 | 2.45 | 2.88,0,1.39 | 1.64 | 2.06,0.896,0.000,0,1,0,0,0,0,-1,0,0,0,,0,,0,,0,0,896.25,0,1
17253894694,580,3,3,8,8,3.922,0,0,0.11 | 0.16 | 0.31,0,1.94 | 2.45 | 2.88,0,1.39 | 1.64 | 2.06,0.896,0.000,0,1,0,0,0,0,-1,0,0,0,,0,,0,,0,0,896.25,0,1
17253894695,580,3,3,8,8,3.922,0,0,0.11 | 0.16 | 0.31,0,1.94 | 2.45 | 2.88,0,1.39 | 1.64 | 2.06,0.896,0.000,0,1,0,0,0,0,-1,0,0,0,,0,,0,,0,0,871.75,0,1
17253894696,580,3,3,8,8,3.922,0,0,0.11 | 0.16 | 0.31,0,1.94 | 2.45 | 2.88,0,1.39 | 1.64 | 2.06,0.896,0.000,0,1,0,0,0,0,-1,0,0,0,,0,,0,,0,0,871.75,0,1
17253894697,580,3,3,8,8,3.922,0,0,0.11 | 0.16 | 0.31,0,1.94 | 2.45 | 2.88,0,1.39 | 1.64 | 2.06,0.896,0.000,0,1,0,0,0,0,-1,0,0,0,,0,,0,,0,0,871.75,0,1
17253894698,580,3,3,8,8,3.922,0,0,0.11 | 0.16 | 0.31,0,1.94 | 2.45 | 2.88,0,1.39 | 1.64 | 2.06,0.896,0.000,0,1,0,0,0,0,-1,0,0,0,,0,,0,,0,0,871.75,0,1
17253894699,580,3,3,8,8,7.769,0,0,0.11 | 0.11 | 0.11,0,2.46 | 2.77 | 3.24,0,1.23 | 1.44 | 1.62,0.872,0.000,0,1,0,0,0,0,-1,0,0,0,,0,,0,,0,0,871.75,0,1
17253894700,580,3,3,8,8,7.769,0,0,0.11 | 0.11 | 0.11,0,2.46 | 2.77 | 3.24,0,1.23 | 1.44 | 1.62,0.872,0.000,0,1,0,0,0,0,-1,0,0,0,,0,,0,,0,0,871.75,0,1
17253894701,580,3,3,8,8,7.769,0,0,0.11 | 0.11 | 0.11,0,2.46 | 2.77 | 3.24,0,1.23 | 1.44 | 1.62,0.872,0.000,0,1,0,0,0,0,-1,0,0,0,,0,,0,,0,0,871.75,0,1
17253894702,580,3,3,8,8,7.769,0,0,0.11 | 0.11 | 0.11,0,2.46 | 2.77 | 3.24,0,1.23 | 1.44 | 1.62,0.872,0.000,0,1,0,0,0,0,-1,0,0,0,,0,,0,,0,0,871.75,0,1
17253894703,580,3,3,8,8,7.769,0,0,0.11 | 0.11 | 0.11,0,2.46 | 2.77 | 3.24,0,1.23 | 1.44 | 1.62,0.872,0.000,0,1,0,0,0,0,-1,0,0,0,,0,,0,,0,0,871.75,0,1
17253894704,580,3,3,8,8,7.769,0,0,0.11 | 0.11 | 0.11,0,2.46 | 2.77 | 3.24,0,1.23 | 1.44 | 1.62,0.872,0.000,0,1,0,0,0,0,-1,0,0,0,,0,,0,,0,0,871.75,0,1
17253894705,580,3,3,8,8,7.769,0,0,0.11 | 0.11 | 0.11,0,2.46 | 2.77 | 3.24,0,1.23 | 1.44 | 1.62,0.872,0.000,0,1,0,0,0,0,-1,0,0,0,,0,,0,,0,0,871.75,0,1
17253894706,580,3,3,8,8,7.769,0,0,0.11 | 0.11 | 0.11,0,2.46 | 2.77 | 3.24,0,1.23 | 1.44 | 1.62,0.872,0.000,0,1,0,0,0,0,-1,0,0,0,,0,,0,,0,0,871.75,0,1
17253894707,580,3,3,8,8,7.769,0,0,0.11 | 0.11 | 0.11,0,2.46 | 2.77 | 3.24,0,1.23 | 1.44 | 1.62,0.872,0.000,0,1,0,0,0,0,-1,0,0,0,,0,,0,,0,0,871.75,0,1
17253894708,580,3,3,8,8,7.769,0,0,0.11 | 0.11 | 0.11,0,2.46 | 2.77 | 3.24,0,1.23 | 1.44 | 1.62,0.872,0.000,0,1,0,0,0,0,-1,0,0,0,,0,,0,,0,0,871.75,0,1
17253894709,580,3,3,8,8,6.863,0,0,0.11 | 0.11 | 0.11,0,2.46 | 2.77 | 3.24,0,1.23 | 1.44 | 1.62,0.872,0.000,0,1,0,0,0,0,-1,0,0,0,,0,,0,,0,0,871.75,0,1
17253894710,580,3,3,8,8,6.863,0,0,0.11 | 0.11 | 0.11,0,2.46 | 2.77 | 3.24,0,1.23 | 1.44 | 1.62,0.872,0.000,0,1,0,0,0,0,-1,0,0,0,,0,,0,,0,0,871.75,0,1
17253894711,580,3,3,8,8,6.863,0,0,0.11 | 0.11 | 0.11,0,2.46 | 2.77 | 3.24,0,1.23 | 1.44 | 1.62,0.872,0.000,0,1,0,0,0,0,-1,0,0,0,,0,,0,,0,0,871.75,0,1
17253894712,580,3,3,8,8,6.863,0,0,0.11 | 0.11 | 0.11,0,2.46 | 2.77 | 3.24,0,1.23 | 1.44 | 1.62,0.872,0.000,0,1,0,0,0,0,-1,0,0,0,,0,,0,,0,0,871.75,0,1
17253894713,580,3,3,8,8,6.863,0,0,0.11 | 0.11 | 0.11,0,2.46 | 2.77 | 3.24,0,1.23 | 1.44 | 1.62,0.872,0.000,0,1,0,0,0,0,-1,0,0,0,,0,,0,,0,0,871.75,0,1
17253894714,580,3,3,8,8,6.863,0,0,0.11 | 0.11 | 0.11,0,2.46 | 2.77 | 3.24,0,1.23 | 1.44 | 1.62,0.872,0.000,0,1,0,0,0,0,-1,0,0,0,,0,,0,,0,0,871.75,0,1
17253894715,580,3,3,8,8,6.863,0,0,0.11 | 0.11 | 0.11,0,2.46 | 2.77 | 3.24,0,1.23 | 1.44 | 1.62,0.872,0.000,0,1,0,0,0,0,-1,0,0,0,,0,,0,,0,0,871.75,0,1
17253894716,580,3,3,8,8,6.863,0,0,0.11 | 0.11 | 0.11,0,2.46 | 2.77 | 3.24,0,1.23 | 1.44 | 1.62,0.872,0.000,0,1,0,0,0,0,-1,0,0,0,,0,,0,,0,0,871.75,0,1
17253894717,580,3,3,8,8,6.863,0,0,0.11 | 0.11 | 0.11,0,2.46 | 2.77 | 3.24,0,1.23 | 1.44 | 1.62,0.872,0.000,0,1,0,0,0,0,-1,0,0,0,,0,,0,,0,0,871.75,0,1
17253894718,580,3,3,8,8,6.863,0,0,0.11 | 0.11 | 0.11,0,2.46 | 2.77 | 3.24,0,1.23 | 1.44 | 1.62,0.872,0.000,0,1,0,0,0,0,-1,0,0,0,,0,,0,,0,0,871.75,0,1
17253894719,580,3,3,8,8,8.916,0,0,0.11 | 0.11 | 0.11,0,2.25 | 2.61 | 3.24,0,1.23 | 1.53 | 1.78,0.868,0.000,0,1,0,0,0,0,-1,0,0,0,,0,,0,,0,0,868.25,0,1
17253894720,580,3,3,8,8,8.916,0,0,0.11 | 0.11 | 0.11,0,2.25 | 2.61 | 3.24,0,1.23 | 1.53 | 1.78,0.868,0.000,0,1,0,0,0,0,-1,0,0,0,,0,,0,,0,0,868.25,0,1
17253894721,580,3,3,8,8,8.916,0,0,0.11 | 0.11 | 0.11,0,2.25 | 2.61 | 3.24,0,1.23 | 1.53 | 1.78,0.868,0.000,0,1,0,0,0,0,-1,0,0,0,,0,,0,,0,0,868.25,0,1
17253894722,580,3,3,8,8,8.916,0,0,0.11 | 0.11 | 0.11,0,2.25 | 2.61 | 3.24,0,1.23 | 1.53 | 1.78,0.868,0.000,0,1,0,0,0,0,-1,0,0,0,,0,,0,,0,0,868.25,0,1
17253894723,580,3,3,8,8,8.916,0,0,0.11 | 0.11 | 0.11,0,2.25 | 2.61 | 3.24,0,1.23 | 1.53 | 1.78,0.868,0.000,0,1,0,0,0,0,-1,0,0,0,,0,,0,,0,0,868.25,0,1
17253894724,580,3,3,8,8,8.916,0,0,0.11 | 0.11 | 0.11,0,2.25 | 2.61 | 3.24,0,1.23 | 1.53 | 1.78,0.868,0.000,0,1,0,0,0,0,-1,0,0,0,,0,,0,,0,0,868.25,0,1
17253894725,580,3,3,8,8,8.916,0,0,0.11 | 0.11 | 0.11,0,2.25 | 2.61 | 3.24,0,1.23 | 1.53 | 1.78,0.868,0.000,0,1,0,0,0,0,-1,0,0,0,,0,,0,,0,0,868.25,0,1
17253894726,580,3,3,8,8,8.916,0,0,0.11 | 0.11 | 0.11,0,2.25 | 2.61 | 3.24,0,1.23 | 1.53 | 1.78,0.868,0.000,0,1,0,0,0,0,-1,0,0,0,,0,,0,,0,0,868.25,0,1
17253894727,580,3,3,8,8,8.916,0,0,0.11 | 0.11 | 0.11,0,2.25 | 2.61 | 3.24,0,1.23 | 1.53 | 1.78,0.868,0.000,0,1,0,0,0,0,-1,0,0,0,,0,,0,,0,0,868.25,0,1
17253894728,580,3,3,8,8,8.916,0,0,0.11 | 0.11 | 0.11,0,2.25 | 2.61 | 3.24,0,1.23 | 1.53 | 1.78,0.868,0.000,0,1,0,0,0,0,-1,0,0,0,,0,,0,,0,0,868.25,0,1
17253894729,580,3,3,8,8,7.938,0,0,0.11 | 0.11 | 0.11,0,2.25 | 2.61 | 3.24,0,1.23 | 1.53 | 1.78,0.868,0.000,0,1,0,0,0,0,-1,0,0,0,,0,,0,,0,0,868.25,0,1
17253894730,580,3,3,8,8,7.938,0,0,0.11 | 0.11 | 0.11,0,2.25 | 2.61 | 3.24,0,1.23 | 1.53 | 1.78,0.868,0.000,0,1,0,0,0,0,-1,0,0,0,,0,,0,,0,0,868.25,0,1
17253894731,580,3,3,8,8,7.938,0,0,0.11 | 0.11 | 0.11,0,2.25 | 2.61 | 3.24,0,1.23 | 1.53 | 1.78,0.868,0.000,0,1,0,0,0,0,-1,0,0,0,,0,,0,,0,0,868.25,0,1
17253894732,580,3,3,8,8,7.938,0,0,0.11 | 0.11 | 0.11,0,2.25 | 2.61 | 3.24,0,1.23 | 1.53 | 1.78,0.868,0.000,0,1,0,0,0,0,-1,0,0,0,,0,,0,,0,0,868.25,0,1
17253894733,580,3,3,8,8,7.938,0,0,0.11 | 0.11 | 0.11,0,2.25 | 2.61 | 3.24,0,1.23 | 1.53 | 1.78,0.868,0.000,0,1,0,0,0,0,-1,0,0,0,,0,,0,,0,0,868.25,0,1
17253894734,580,3,3,8,8,7.938,0,0,0.11 | 0.11 | 0.11,0,2.25 | 2.61 | 3.24,0,1.23 | 1.53 | 1.78,0.868,0.000,0,1,0,0,0,0,-1,0,0,0,,0,,0,,0,0,868.25,0,1
17253894735,580,3,3,8,8,7.938,0,0,0.11 | 0.11 | 0.11,0,2.25 | 2.61 | 3.24,0,1.23 | 1.53 | 1.78,0.868,0.000,0,1,0,0,0,0,-1,0,0,0,,0,,0,,0,0,868.25,0,1
17253894736,580,3,3,8,8,7.938,0,0,0.11 | 0.11 | 0.11,0,2.25 | 2.61 | 3.24,0,1.23 | 1.53 | 1.78,0.868,0.000,0,1,0,0,0,0,-1,0,0,0,,0,,0,,0,0,868.25,0,1
17253894737,580,3,3,8,8,7.938,0,0,0.11 | 0.11 | 0.11,0,2.25 | 2.61 | 3.24,0,1.23 | 1.53 | 1.78,0.868,0.000,0,1,0,0,0,0,-1,0,0,0,,0,,0,,0,0,868.25,0,1
17253894738,580,3,3,8,8,7.938,0,0,0.11 | 0.11 | 0.11,0,2.25 | 2.61 | 3.24,0,1.23 | 1.53 | 1.78,0.868,0.000,0,1,0,0,0,0,-1,0,0,0,,0,,0,,0,0,868.25,0,1
17253894739,580,3,3,8,8,7.141,0,0,0.11 | 0.11 | 0.11,0,2.25 | 2.61 | 3.24,0,1.23 | 1.53 | 1.78,0.868,0.000,0,1,0,0,0,0,-1,0,0,0,,0,,0,,0,0,868.25,0,1
17253894740,580,3,3,8,8,7.141,0,0,0.11 | 0.11 | 0.11,0,2.25 | 2.61 | 3.24,0,1.23 | 1.53 | 1.78,0.868,0.000,0,1,0,0,0,0,-1,0,0,0,,0,,0,,0,0,868.25,0,1
17253894741,580,3,3,8,8,7.141,0,0,0.11 | 0.11 | 0.11,0,2.25 | 2.61 | 3.24,0,1.23 | 1.53 | 1.78,0.868,0.000,0,1,0,0,0,0,-1,0,0,0,,0,,0,,0,0,868.25,0,1
17253894742,580,3,3,8,8,7.141,0,0,0.11 | 0.11 | 0.11,0,2.25 | 2.61 | 3.24,0,1.23 | 1.53 | 1.78,0.868,0.000,0,1,0,0,0,0,-1,0,0,0,,0,,0,,0,0,868.25,0,1
17253894743,580,3,3,8,8,7.141,0,0,0.11 | 0.11 | 0.11,0,2.25 | 2.61 | 3.24,0,1.23 | 1.53 | 1.78,0.868,0.000,0,1,0,0,0,0,-1,0,0,0,,0,,0,,0,0,868.25,0,1
17253894744,580,3,3,8,8,7.141,0,0,0.11 | 0.11 | 0.11,0,2.25 | 2.61 | 3.24,0,1.23 | 1.53 | 1.78,0.868,0.000,0,1,0,0,0,0,-1,0,0,0,,0,,0,,0,0,868.25,0,1
17253894745,580,3,3,8,8,7.141,0,0,0.11 | 0.11 | 0.11,0,2.25 | 2.61 | 3.24,0,1.23 | 1.53 | 1.78,0.868,0.000,0,1,0,0,0,0,-1,0,0,0,,0,,0,,0,0,868.25,0,1
17253894746,580,3,3,8,8,7.141,0,0,0.11 | 0.11 | 0.11,0,2.25 | 2.61 | 3.24,0,1.23 | 1.53 | 1.78,0.868,0.000,0,1,0,0,0,0,-1,0,0,0,,0,,0,,0,0,868.25,0,1
17253894747,580,3,3,8,8,7.141,0,0,0.11 | 0.11 | 0.11,0,2.25 | 2.61 | 3.24,0,1.23 | 1.53 | 1.78,0.868,0.000,0,1,0,0,0,0,-1,0,0,0,,0,,0,,0,0,868.25,0,1
17253894748,580,3,3,8,8,7.141,0,0,0.11 | 0.11 | 0.11,0,2.25 | 2.61 | 3.24,0,1.23 | 1.53 | 1.78,0.868,0.000,0,1,0,0,0,0,-1,0,0,0,,0,,0,,0,0,868.25,0,1
17253894749,580,3,3,8,8,6.078,0,0,0.11 | 0.11 | 0.11,0,2.25 | 2.61 | 3.24,0,1.23 | 1.53 | 1.78,0.868,0.000,0,1,0,0,0,0,-1,0,0,0,,0,,0,,0,0,868.25,0,1
17253894750,580,3,3,8,8,6.078,0,0,0.11 | 0.11 | 0.11,0,2.25 | 2.61 | 3.24,0,1.23 | 1.53 | 1.78,0.868,0.000,0,1,0,0,0,0,-1,0,0,0,,0,,0,,0,0,868.25,0,1
17253894751,580,3,3,8,8,6.078,0,0,0.11 | 0.11 | 0.11,0,2.25 | 2.61 | 3.24,0,1.23 | 1.53 | 1.78,0.868,0.000,0,1,0,0,0,0,-1,0,0,0,,0,,0,,0,0,868.25,0,1
17253894752,580,3,3,8,8,6.078,0,0,0.11 | 0.11 | 0.11,0,2.25 | 2.61 | 3.24,0,1.23 | 1.53 | 1.78,0.868,0.000,0,1,0,0,0,0,-1,0,0,0,,0,,0,,0,0,887.25,0,1
17253894753,580,3,3,8,8,6.078,0,0,0.11 | 0.11 | 0.11,0,2.25 | 2.61 | 3.24,0,1.23 | 1.53 | 1.78,0.868,0.000,0,1,0,0,0,0,-1,0,0,0,,0,,0,,0,0,887.25,0,1
17253894754,580,3,3,8,8,6.078,0,0,0.11 | 0.11 | 0.11,0,2.25 | 2.61 | 3.24,0,1.23 | 1.53 | 1.78,0.868,0.000,0,1,0,0,0,0,-1,0,0,0,,0,,0,,0,0,887.25,0,1
17253894755,580,3,3,8,8,6.078,0,0,0.11 | 0.11 | 0.11,0,2.25 | 2.61 | 3.24,0,1.23 | 1.53 | 1.78,0.868,0.000,0,1,0,0,0,0,-1,0,0,0,,0,,0,,0,0,887.25,0,1
17253894756,580,3,3,8,8,6.078,0,0,0.11 | 0.11 | 0.11,0,2.25 | 2.61 | 3.24,0,1.23 | 1.53 | 1.78,0.868,0.000,0,1,0,0,0,0,-1,0,0,0,,0,,0,,0,0,887.25,0,1
17253894757,580,3,3,8,8,6.078,0,0,0.11 | 0.11 | 0.11,0,2.25 | 2.61 | 3.24,0,1.23 | 1.53 | 1.78,0.868,0.000,0,1,0,0,0,0,-1,0,0,0,,0,,0,,0,0,887.25,0,1
17253894758,580,3,3,8,8,6.078,0,0,0.11 | 0.11 | 0.11,0,2.25 | 2.61 | 3.24,0,1.23 | 1.53 | 1.78,0.868,0.000,0,1,0,0,0,0,-1,0,0,0,,0,,0,,0,0,887.25,0,1
17253894759,580,3,3,8,8,9.816,0,0,0.11 | 0.11 | 0.11,0,2.25 | 2.79 | 3.24,0,1.23 | 1.44 | 1.78,0.887,0.000,0,1,0,0,0,0,-1,0,0,0,,0,,0,,0,0,887.25,0,1
17253894760,580,3,3,8,8,9.816,0,0,0.11 | 0.11 | 0.11,0,2.25 | 2.79 | 3.24,0,1.23 | 1.44 | 1.78,0.887,0.000,0,1,0,0,0,0,-1,0,0,0,,0,,0,,0,0,887.25,0,1
17253894761,580,3,3,8,8,9.816,0,0,0.11 | 0.11 | 0.11,0,2.25 | 2.79 | 3.24,0,1.23 | 1.44 | 1.78,0.887,0.000,0,1,0,0,0,0,-1,0,0,0,,0,,0,,0,0,887.25,0,1
17253894762,580,3,3,8,8,9.816,0,0,0.11 | 0.11 | 0.11,0,2.25 | 2.79 | 3.24,0,1.23 | 1.44 | 1.78,0.887,0.000,0,1,0,0,0,0,-1,0,0,0,,0,,0,,0,0,887.25,0,1
17253894763,580,3,3,8,8,9.816,0,0,0.11 | 0.11 | 0.11,0,2.25 | 2.79 | 3.24,0,1.23 | 1.44 | 1.78,0.887,0.000,0,1,0,0,0,0,-1,0,0,0,,0,,0,,0,0,887.25,0,1
17253894764,580,3,3,8,8,9.816,0,0,0.11 | 0.11 | 0.11,0,2.25 | 2.79 | 3.24,0,1.23 | 1.44 | 1.78,0.887,0.000,0,1,0,0,0,0,-1,0,0,0,,0,,0,,0,0,887.25,0,1
17253894765,580,3,3,8,8,9.816,0,0,0.11 | 0.11 | 0.11,0,2.25 | 2.79 | 3.24,0,1.23 | 1.44 | 1.78,0.887,0.000,0,1,0,0,0,0,-1,0,0,0,,0,,0,,0,0,887.25,0,1
17253894766,580,3,3,8,8,9.816,0,0,0.11 | 0.11 | 0.11,0,2.25 | 2.79 | 3.24,0,1.23 | 1.44 | 1.78,0.887,0.000,0,1,0,0,0,0,-1,0,0,0,,0,,0,,0,0,887.25,0,1
17253894767,580,3,3,8,8,9.816,0,0,0.11 | 0.11 | 0.11,0,2.25 | 2.79 | 3.24,0,1.23 | 1.44 | 1.78,0.887,0.000,0,1,0,0,0,0,-1,0,0,0,,0,,0,,0,0,887.25,0,1
17253894768,580,3,3,8,8,9.816,0,0,0.11 | 0.11 | 0.11,0,2.25 | 2.79 | 3.24,0,1.23 | 1.44 | 1.78,0.887,0.000,0,1,0,0,0,0,-1,0,0,0,,0,,0,,0,0,887.25,0,1
17253894769,580,3,3,8,8,8.713,0,0,0.11 | 0.11 | 0.11,0,2.25 | 2.79 | 3.24,0,1.23 | 1.44 | 1.78,0.887,0.000,0,1,0,0,0,0,-1,0,0,0,,0,,0,,0,0,887.25,0,1
17253894770,580,3,3,8,8,8.713,0,0,0.11 | 0.11 | 0.11,0,2.25 | 2.79 | 3.24,0,1.23 | 1.44 | 1.78,0.887,0.000,0,1,0,0,0,0,-1,0,0,0,,0,,0,,0,0,887.25,0,1
17253894771,580,3,3,8,8,8.713,0,0,0.11 | 0.11 | 0.11,0,2.25 | 2.79 | 3.24,0,1.23 | 1.44 | 1.78,0.887,0.000,0,1,0,0,0,0,-1,0,0,0,,0,,0,,0,0,887.25,0,1
17253894772,580,3,3,8,8,8.713,0,0,0.11 | 0.11 | 0.11,0,2.25 | 2.79 | 3.24,0,1.23 | 1.44 | 1.78,0.887,0.000,0,1,0,0,0,0,-1,0,0,0,,0,,0,,0,0,887.25,0,1
17253894773,580,3,3,8,8,8.713,0,0,0.11 | 0.11 | 0.11,0,2.25 | 2.79 | 3.24,0,1.23 | 1.44 | 1.78,0.887,0.000,0,1,0,0,0,0,-1,0,0,0,,0,,0,,0,0,887.25,0,1
17253894774,580,3,3,8,8,8.713,0,0,0.11 | 0.11 | 0.11,0,2.25 | 2.79 | 3.24,0,1.23 | 1.44 | 1.78,0.887,0.000,0,1,0,0,0,0,-1,0,0,0,,0,,0,,0,0,887.25,0,1
17253894775,580,3,3,8,8,8.713,0,0,0.11 | 0.11 | 0.11,0,2.25 | 2.79 | 3.24,0,1.23 | 1.44 | 1.78,0.887,0.000,0,1,0,0,0,0,-1,0,0,0,,0,,0,,0,0,871.5,0,1
17253894776,580,3,3,8,8,8.713,0,0,0.11 | 0.11 | 0.11,0,2.25 | 2.79 | 3.24,0,1.23 | 1.44 | 1.78,0.887,0.000,0,1,0,0,0,0,-1,0,0,0,,0,,0,,0,0,871.5,0,1
17253894777,580,3,3,8,8,8.713,0,0,0.11 | 0.11 | 0.11,0,2.25 | 2.79 | 3.24,0,1.23 | 1.44 | 1.78,0.887,0.000,0,1,0,0,0,0,-1,0,0,0,,0,,0,,0,0,871.5,0,1
17253894778,580,3,3,8,8,8.713,0,0,0.11 | 0.11 | 0.11,0,2.25 | 2.79 | 3.24,0,1.23 | 1.44 | 1.78,0.887,0.000,0,1,0,0,0,0,-1,0,0,0,,0,,0,,0,0,871.5,0,1
17253894779,580,3,3,8,8,11.063,0,0,0.10 | 0.11 | 0.11,0,2.18 | 2.72 | 3.24,0,1.23 | 1.47 | 1.84,0.872,0.000,0,1,0,0,0,0,-1,0,0,0,,0,,0,,0,0,871.5,0,1
17253894780,580,3,3,8,8,11.063,0,0,0.10 | 0.11 | 0.11,0,2.18 | 2.72 | 3.24,0,1.23 | 1.47 | 1.84,0.872,0.000,0,1,0,0,0,0,-1,0,0,0,,0,,0,,0,0,871.5,0,1
17253894781,580,3,3,8,8,11.063,0,0,0.10 | 0.11 | 0.11,0,2.18 | 2.72 | 3.24,0,1.23 | 1.47 | 1.84,0.872,0.000,0,1,0,0,0,0,-1,0,0,0,,0,,0,,0,0,871.5,0,1
17253894782,580,3,3,8,8,11.063,0,0,0.10 | 0.11 | 0.11,0,2.18 | 2.72 | 3.24,0,1.23 | 1.47 | 1.84,0.872,0.000,0,1,0,0,0,0,-1,0,0,0,,0,,0,,0,0,871.5,0,1
17253894783,580,3,3,8,8,11.063,0,0,0.10 | 0.11 | 0.11,0,2.18 | 2.72 | 3.24,0,1.23 | 1.47 | 1.84,0.872,0.000,0,1,0,0,0,0,-1,0,0,0,,0,,0,,0,0,871.5,0,1
17253894784,580,3,3,8,8,11.063,0,0,0.10 | 0.11 | 0.11,0,2.18 | 2.72 | 3.24,0,1.23 | 1.47 | 1.84,0.872,0.000,0,1,0,0,0,0,-1,0,0,0,,0,,0,,0,0,871.5,0,1
17253894785,580,3,3,8,8,11.063,0,0,0.10 | 0.11 | 0.11,0,2.18 | 2.72 | 3.24,0,1.23 | 1.47 | 1.84,0.872,0.000,0,1,0,0,0,0,-1,0,0,0,,0,,0,,0,0,871.5,0,1
17253894786,580,3,3,8,8,11.063,0,0,0.10 | 0.11 | 0.11,0,2.18 | 2.72 | 3.24,0,1.23 | 1.47 | 1.84,0.872,0.000,0,1,0,0,0,0,-1,0,0,0,,0,,0,,0,0,871.5,0,1
17253894787,580,3,3,8,8,11.063,0,0,0.10 | 0.11 | 0.11,0,2.18 | 2.72 | 3.24,0,1.23 | 1.47 | 1.84,0.872,0.000,0,1,0,0,0,0,-1,0,0,0,,0,,0,,0,0,871.5,0,1
17253894788,580,3,3,8,8,11.063,0,0,0.10 | 0.11 | 0.11,0,2.18 | 2.72 | 3.24,0,1.23 | 1.47 | 1.84,0.872,0.000,0,1,0,0,0,0,-1,0,0,0,,0,,0,,0,0,871.5,0,1
17253894789,580,3,3,8,8,10.094,0,0,0.10 | 0.11 | 0.11,0,2.18 | 2.72 | 3.24,0,1.23 | 1.47 | 1.84,0.872,0.000,0,1,0,0,0,0,-1,0,0,0,,0,,0,,0,0,871.5,0,1
17253894790,580,3,3,8,8,10.094,0,0,0.10 | 0.11 | 0.11,0,2.18 | 2.72 | 3.24,0,1.23 | 1.47 | 1.84,0.872,0.000,0,1,0,0,0,0,-1,0,0,0,,0,,0,,0,0,871.5,0,1
17253894791,580,3,3,8,8,10.094,0,0,0.10 | 0.11 | 0.11,0,2.18 | 2.72 | 3.24,0,1.23 | 1.47 | 1.84,0.872,0.000,0,1,0,0,0,0,-1,0,0,0,,0,,0,,0,0,871.5,0,1
17253894792,580,3,3,8,8,10.094,0,0,0.10 | 0.11 | 0.11,0,2.18 | 2.72 | 3.24,0,1.23 | 1.47 | 1.84,0.872,0.000,0,1,0,0,0,0,-1,0,0,0,,0,,0,,0,0,871.5,0,1
17253894793,580,3,3,8,8,10.094,0,0,0.10 | 0.11 | 0.11,0,2.18 | 2.72 | 3.24,0,1.23 | 1.47 | 1.84,0.872,0.000,0,1,0,0,0,0,-1,0,0,0,,0,,0,,0,0,871.5,0,1
17253894794,580,3,3,8,8,10.094,0,0,0.10 | 0.11 | 0.11,0,2.18 | 2.72 | 3.24,0,1.23 | 1.47 | 1.84,0.872,0.000,0,1,0,0,0,0,-1,0,0,0,,0,,0,,0,0,871.5,0,1
17253894795,580,3,3,8,8,10.094,0,0,0.10 | 0.11 | 0.11,0,2.18 | 2.72 | 3.24,0,1.23 | 1.47 | 1.84,0.872,0.000,0,1,0,0,0,0,-1,0,0,0,,0,,0,,0,0,871.5,0,1
17253894796,580,3,3,8,8,10.094,0,0,0.10 | 0.11 | 0.11,0,2.18 | 2.72 | 3.24,0,1.23 | 1.47 | 1.84,0.872,0.000,0,1,0,0,0,0,-1,0,0,0,,0,,0,,0,0,871.5,0,1
17253894797,580,3,3,8,8,10.094,0,0,0.10 | 0.11 | 0.11,0,2.18 | 2.72 | 3.24,0,1.23 | 1.47 | 1.84,0.872,0.000,0,1,0,0,0,0,-1,0,0,0,,0,,0,,0,0,871.5,0,1
17253894798,580,3,3,8,8,10.094,0,0,0.10 | 0.11 | 0.11,0,2.18 | 2.72 | 3.24,0,1.23 | 1.47 | 1.84,0.872,0.000,0,1,0,0,0,0,-1,0,0,0,,0,,0,,0,0,871.5,0,1
17253894799,580,3,3,8,8,9.031,0,0,0.10 | 0.11 | 0.11,0,2.18 | 2.72 | 3.24,0,1.23 | 1.47 | 1.84,0.872,0.000,0,1,0,0,0,0,-1,0,0,0,,0,,0,,0,0,871.5,0,1
17253894800,580,3,3,8,8,9.031,0,0,0.10 | 0.11 | 0.11,0,2.18 | 2.72 | 3.24,0,1.23 | 1.47 | 1.84,0.872,0.000,0,1,0,0,0,0,-1,0,0,0,,0,,0,,0,0,871.5,0,1
17253894801,580,3,3,8,8,9.031,0,0,0.10 | 0.11 | 0.11,0,2.18 | 2.72 | 3.24,0,1.23 | 1.47 | 1.84,0.872,0.000,0,1,0,0,0,0,-1,0,0,0,,0,,0,,0,0,885,0,1
17253894802,580,3,3,8,8,9.031,0,0,0.10 | 0.11 | 0.11,0,2.18 | 2.72 | 3.24,0,1.23 | 1.47 | 1.84,0.872,0.000,0,1,0,0,0,0,-1,0,0,0,,0,,0,,0,0,885,0,1
17253894803,580,3,3,8,8,9.031,0,0,0.10 | 0.11 | 0.11,0,2.18 | 2.72 | 3.24,0,1.23 | 1.47 | 1.84,0.872,0.000,0,1,0,0,0,0,-1,0,0,0,,0,,0,,0,0,885,0,1
17253894804,580,3,3,8,8,9.031,0,0,0.10 | 0.11 | 0.11,0,2.18 | 2.72 | 3.24,0,1.23 | 1.47 | 1.84,0.872,0.000,0,1,0,0,0,0,-1,0,0,0,,0,,0,,0,0,885,0,1
17253894805,580,3,3,8,8,9.031,0,0,0.10 | 0.11 | 0.11,0,2.18 | 2.72 | 3.24,0,1.23 | 1.47 | 1.84,0.872,0.000,0,1,0,0,0,0,-1,0,0,0,,0,,0,,0,0,885,0,1
17253894806,580,3,3,8,8,9.031,0,0,0.10 | 0.11 | 0.11,0,2.18 | 2.72 | 3.24,0,1.23 | 1.47 | 1.84,0.872,0.000,0,1,0,0,0,0,-1,0,0,0,,0,,0,,0,0,885,0,1
17253894807,580,3,3,8,8,9.031,0,0,0.10 | 0.11 | 0.11,0,2.18 | 2.72 | 3.24,0,1.23 | 1.47 | 1.84,0.872,0.000,0,1,0,0,0,0,-1,0,0,0,,0,,0,,0,0,885,0,1
17253894808,580,3,3,8,8,9.031,0,0,0.10 | 0.11 | 0.11,0,2.18 | 2.72 | 3.24,0,1.23 | 1.47 | 1.84,0.872,0.000,0,1,0,0,0,0,-1,0,0,0,,0,,0,,0,0,885,0,1
17253894809,580,3,3,8,8,12.769,0,0,0.10 | 0.11 | 0.11,0,2.18 | 2.51 | 3.19,0,1.25 | 1.59 | 1.84,0.885,0.000,0,1,0,0,0,0,-1,0,0,0,,0,,0,,0,0,885,0,1
17253894810,580,3,3,8,8,12.769,0,0,0.10 | 0.11 | 0.11,0,2.18 | 2.51 | 3.19,0,1.25 | 1.59 | 1.84,0.885,0.000,0,1,0,0,0,0,-1,0,0,0,,0,,0,,0,0,885,0,1
17253894811,580,3,3,8,8,12.769,0,0,0.10 | 0.11 | 0.11,0,2.18 | 2.51 | 3.19,0,1.25 | 1.59 | 1.84,0.885,0.000,0,1,0,0,0,0,-1,0,0,0,,0,,0,,0,0,885,0,1
17253894812,580,3,3,8,8,12.769,0,0,0.10 | 0.11 | 0.11,0,2.18 | 2.51 | 3.19,0,1.25 | 1.59 | 1.84,0.885,0.000,0,1,0,0,0,0,-1,0,0,0,,0,,0,,0,0,885,0,1
17253894813,580,3,3,8,8,12.769,0,0,0.10 | 0.11 | 0.11,0,2.18 | 2.51 | 3.19,0,1.25 | 1.59 | 1.84,0.885,0.000,0,1,0,0,0,0,-1,0,0,0,,0,,0,,0,0,885,0,1
17253894814,580,3,3,8,8,12.769,0,0,0.10 | 0.11 | 0.11,0,2.18 | 2.51 | 3.19,0,1.25 | 1.59 | 1.84,0.885,0.000,0,1,0,0,0,0,-1,0,0,0,,0,,0,,0,0,885,0,1
17253894815,580,3,3,8,8,12.769,0,0,0.10 | 0.11 | 0.11,0,2.18 | 2.51 | 3.19,0,1.25 | 1.59 | 1.84,0.885,0.000,0,1,0,0,0,0,-1,0,0,0,,0,,0,,0,0,885,0,1
17253894816,580,3,3,8,8,12.769,0,0,0.10 | 0.11 | 0.11,0,2.18 | 2.51 | 3.19,0,1.25 | 1.59 | 1.84,0.885,0.000,0,1,0,0,0,0,-1,0,0,0,,0,,0,,0,0,885,0,1
17253894817,580,3,3,8,8,12.769,0,0,0.10 | 0.11 | 0.11,0,2.18 | 2.51 | 3.19,0,1.25 | 1.59 | 1.84,0.885,0.000,0,1,0,0,0,0,-1,0,0,0,,0,,0,,0,0,885,0,1
17253894818,580,3,3,8,8,12.769,0,0,0.10 | 0.11 | 0.11,0,2.18 | 2.51 | 3.19,0,1.25 | 1.59 | 1.84,0.885,0.000,0,1,0,0,0,0,-1,0,0,0,,0,,0,,0,0,885,0,1
17253894819,580,3,3,8,8,11.707,0,0,0.10 | 0.11 | 0.11,0,2.18 | 2.51 | 3.19,0,1.25 | 1.59 | 1.84,0.885,0.000,0,1,0,0,0,0,-1,0,0,0,,0,,0,,0,0,885,0,1
17253894820,580,3,3,8,8,11.707,0,0,0.10 | 0.11 | 0.11,0,2.18 | 2.51 | 3.19,0,1.25 | 1.59 | 1.84,0.885,0.000,0,1,0,0,0,0,-1,0,0,0,,0,,0,,0,0,885,0,1
17253894821,772,3,4,8,8,11.707,0,0,0.10 | 0.11 | 0.11,0,2.18 | 2.51 | 3.19,0,1.25 | 1.59 | 1.84,0.885,0.000,0,1,0,0,0,0,-1,0,0,0,,0,,0,,0,0,885,0,1
17253894822,772,3,4,8,8,11.707,0,0,0.10 | 0.11 | 0.11,0,2.18 | 2.51 | 3.19,0,1.25 | 1.59 | 1.84,0.885,0.000,0,1,0,0,0,0,-1,0,0,0,,0,,0,,0,0,885,0,1
17253894823,772,3,4,8,8,11.707,0,0,0.10 | 0.11 | 0.11,0,2.18 | 2.51 | 3.19,0,1.25 | 1.59 | 1.84,0.885,0.000,0,1,0,0,0,0,-1,0,0,0,,0,,0,,0,0,885,0,1
17253894824,772,3,4,8,8,11.707,0,0,0.10 | 0.11 | 0.11,0,2.18 | 2.51 | 3.19,0,1.25 | 1.59 | 1.84,0.885,0.000,0,1,0,0,0,0,-1,0,0,0,,0,,0,,0,0,885,0,1
17253894825,772,3,4,8,8,11.707,0,0,0.10 | 0.11 | 0.11,0,2.18 | 2.51 | 3.19,0,1.25 | 1.59 | 1.84,0.885,0.000,0,1,0,0,0,0,-1,0,0,0,,0,,0,,0,0,885,0,1
17253894826,772,3,4,8,8,11.707,0,0,0.10 | 0.11 | 0.11,0,2.18 | 2.51 | 3.19,0,1.25 | 1.59 | 1.84,0.885,0.000,0,1,0,0,0,0,-1,0,0,0,,0,,0,,0,0,885,0,1
17253894827,772,3,4,8,8,11.707,0,0,0.10 | 0.11 | 0.11,0,2.18 | 2.51 | 3.19,0,1.25 | 1.59 | 1.84,0.885,0.000,0,1,0,0,0,0,-1,0,0,0,,0,,0,,0,0,885,0,1
17253894828,772,3,4,8,8,11.707,0,0,0.10 | 0.11 | 0.11,0,2.18 | 2.51 | 3.19,0,1.25 | 1.59 | 1.84,0.885,0.000,0,1,0,0,0,0,-1,0,0,0,,0,,0,,0,0,885,0,1
17253894829,772,3,4,8,8,10.91,0,0,0.10 | 0.11 | 0.11,0,2.18 | 2.51 | 3.19,0,1.25 | 1.59 | 1.84,0.885,0.000,0,1,0,0,0,0,-1,0,0,0,,0,,0,,0,0,885,0,1
17253894830,772,3,4,8,8,10.91,0,0,0.10 | 0.11 | 0.11,0,2.18 | 2.51 | 3.19,0,1.25 | 1.59 | 1.84,0.885,0.000,0,1,0,0,0,0,-1,0,0,0,,0,,0,,0,0,885,0,1
17253894831,772,3,4,8,8,10.91,0,0,0.10 | 0.11 | 0.11,0,2.18 | 2.51 | 3.19,0,1.25 | 1.59 | 1.84,0.885,0.000,0,1,0,0,0,0,-1,0,0,0,,0,,0,,0,0,885,0,1
17253894832,772,3,4,8,8,10.91,0,0,0.10 | 0.11 | 0.11,0,2.18 | 2.51 | 3.19,0,1.25 | 1.59 | 1.84,0.885,0.000,0,1,0,0,0,0,-1,0,0,0,,0,,0,,0,0,885,0,1
17253894833,772,3,4,8,8,10.91,0,0,0.10 | 0.11 | 0.11,0,2.18 | 2.51 | 3.19,0,1.25 | 1.59 | 1.84,0.885,0.000,0,1,0,0,0,0,-1,0,0,0,,0,,0,,0,0,885,0,1
17253894834,772,3,4,8,8,10.91,0,0,0.10 | 0.11 | 0.11,0,2.18 | 2.51 | 3.19,0,1.25 | 1.59 | 1.84,0.885,0.000,0,1,0,0,0,0,-1,0,0,0,,0,,0,,0,0,885,0,1
17253894835,772,3,4,8,8,10.91,0,0,0.10 | 0.11 | 0.11,0,2.18 | 2.51 | 3.19,0,1.25 | 1.59 | 1.84,0.885,0.000,0,1,0,0,0,0,-1,0,0,0,,0,,0,,0,0,885,0,1
17253894836,772,3,4,8,8,10.91,0,0,0.10 | 0.11 | 0.11,0,2.18 | 2.51 | 3.19,0,1.25 | 1.59 | 1.84,0.885,0.000,0,1,0,0,0,0,-1,0,0,0,,0,,0,,0,0,885,0,1
17253894837,772,3,4,8,8,10.91,0,0,0.10 | 0.11 | 0.11,0,2.18 | 2.51 | 3.19,0,1.25 | 1.59 | 1.84,0.885,0.000,0,1,0,0,0,0,-1,0,0,0,,0,,0,,0,0,885,0,1
17253894838,772,3,4,8,8,10.91,0,0,0.10 | 0.11 | 0.11,0,2.18 | 2.51 | 3.19,0,1.25 | 1.59 | 1.84,0.885,0.000,0,1,0,0,0,0,-1,0,0,0,,0,,0,,0,0,885,0,1
17253894839,772,3,4,8,8,9.847,0,0,0.10 | 0.11 | 0.11,0,2.18 | 2.51 | 3.19,0,1.25 | 1.59 | 1.84,0.885,0.000,0,1,0,0,0,0,-1,0,0,0,,0,,0,,0,0,885,0,1
17253894840,772,3,4,8,8,9.847,0,0,0.10 | 0.11 | 0.11,0,2.18 | 2.51 | 3.19,0,1.25 | 1.59 | 1.84,0.885,0.000,0,1,0,0,0,0,-1,0,0,0,,0,,0,,0,0,885,0,1
17253894841,772,3,4,8,8,9.847,0,0,0.10 | 0.11 | 0.11,0,2.18 | 2.51 | 3.19,0,1.25 | 1.59 | 1.84,0.885,0.000,0,1,0,0,0,0,-1,0,0,0,,0,,0,,0,0,885,0,1
17253894842,772,3,4,8,8,9.847,0,0,0.10 | 0.11 | 0.11,0,2.18 | 2.51 | 3.19,0,1.25 | 1.59 | 1.84,0.885,0.000,0,1,0,0,0,0,-1,0,0,0,,0,,0,,0,0,885,0,1
17253894843,772,3,4,8,8,9.847,0,0,0.10 | 0.11 | 0.11,0,2.18 | 2.51 | 3.19,0,1.25 | 1.59 | 1.84,0.885,0.000,0,1,0,0,0,0,-1,0,0,0,,0,,0,,0,0,885,0,1
17253894844,772,3,4,8,8,9.847,0,0,0.10 | 0.11 | 0.11,0,2.18 | 2.51 | 3.19,0,1.25 | 1.59 | 1.84,0.885,0.000,0,1,0,0,0,0,-1,0,0,0,,0,,0,,0,0,885,0,1
17253894845,772,3,4,8,8,9.847,0,0,0.10 | 0.11 | 0.11,0,2.18 | 2.51 | 3.19,0,1.25 | 1.59 | 1.84,0.885,0.000,0,1,0,0,0,0,-1,0,0,0,,0,,0,,0,0,885,0,1
17253894846,772,3,4,8,8,9.847,0,0,0.10 | 0.11 | 0.11,0,2.18 | 2.51 | 3.19,0,1.25 | 1.59 | 1.84,0.885,0.000,0,1,0,0,0,0,-1,0,0,0,,0,,0,,0,0,885,0,1
17253894847,772,3,4,8,8,9.847,0,0,0.10 | 0.11 | 0.11,0,2.18 | 2.51 | 3.19,0,1.25 | 1.59 | 1.84,0.885,0.000,0,1,0,0,0,0,-1,0,0,0,,0,,0,,0,0,885,0,1
17253894848,772,3,4,8,8,9.847,0,0,0.10 | 0.11 | 0.11,0,2.18 | 2.51 | 3.19,0,1.25 | 1.59 | 1.84,0.885,0.000,0,1,0,0,0,0,-1,0,0,0,,0,,0,,0,0,885,0,1
17253894849,772,3,4,8,8,8.785,0,0,0.10 | 0.11 | 0.11,0,2.18 | 2.61 | 3.19,0,1.25 | 1.53 | 1.84,0.907,0.000,0,1,0,0,0,0,-1,0,0,0,,0,,0,,0,0,907.5,0,1
17253894850,772,3,4,8,8,8.785,0,0,0.10 | 0.11 | 0.11,0,2.18 | 2.61 | 3.19,0,1.25 | 1.53 | 1.84,0.907,0.000,0,1,0,0,0,0,-1,0,0,0,,0,,0,,0,0,907.5,0,1
17253894851,772,4,4,8,8,8.785,0,0,0.10 | 0.11 | 0.11,0,2.18 | 2.61 | 3.19,0,1.25 | 1.53 | 1.84,0.907,0.000,0,1,0,0,0,0,-1,0,0,0,,0,,0,,0,0,907.5,0,1
17253894852,772,4,4,8,8,8.785,0,0,0.10 | 0.11 | 0.11,0,2.18 | 2.61 | 3.19,0,1.25 | 1.53 | 1.84,0.907,0.000,0,1,0,0,0,0,-1,0,0,0,,0,,0,,0,0,907.5,0,1
17253894853,772,4,4,8,8,8.785,0,0,0.10 | 0.11 | 0.11,0,2.18 | 2.61 | 3.19,0,1.25 | 1.53 | 1.84,0.907,0.000,0,1,0,0,0,0,-1,0,0,0,,0,,0,,0,0,907.5,0,1
17253894854,772,4,4,8,8,8.785,0,0,0.10 | 0.11 | 0.11,0,2.18 | 2.61 | 3.19,0,1.25 | 1.53 | 1.84,0.907,0.000,0,1,0,0,0,0,-1,0,0,0,,0,,0,,0,0,907.5,0,1
17253894855,772,4,4,8,8,8.785,0,0,0.10 | 0.11 | 0.11,0,2.18 | 2.61 | 3.19,0,1.25 | 1.53 | 1.84,0.907,0.000,0,1,0,0,0,0,-1,0,0,0,,0,,0,,0,0,907.5,0,1
17253894856,772,4,4,8,8,8.785,0,0,0.10 | 0.11 | 0.11,0,2.18 | 2.61 | 3.19,0,1.25 | 1.53 | 1.84,0.907,0.000,0,1,0,0,0,0,-1,0,0,0,,0,,0,,0,0,907.5,0,1
17253894857,772,4,4,8,8,8.785,0,0,0.10 | 0.11 | 0.11,0,2.18 | 2.61 | 3.19,0,1.25 | 1.53 | 1.84,0.907,0.000,0,1,0,0,0,0,-1,0,0,0,,0,,0,,0,0,907.5,0,1
17253894858,772,4,4,8,8,8.785,0,0,0.10 | 0.11 | 0.11,0,2.18 | 2.61 | 3.19,0,1.25 | 1.53 | 1.84,0.907,0.000,0,1,0,0,0,0,-1,0,0,0,,0,,0,,0,0,907.5,0,1
17253894859,772,4,4,8,8,7.722,0,0,0.10 | 0.11 | 0.11,0,2.18 | 2.61 | 3.19,0,1.25 | 1.53 | 1.84,0.907,0.000,0,1,0,0,0,0,-1,0,0,0,,0,,0,,0,0,907.5,0,1
17253894860,772,4,4,8,8,7.722,0,0,0.10 | 0.11 | 0.11,0,2.18 | 2.61 | 3.19,0,1.25 | 1.53 | 1.84,0.907,0.000,0,1,0,0,0,0,-1,0,0,0,,0,,0,,0,0,907.5,0,1
17253894861,772,4,4,8,8,7.722,0,0,0.10 | 0.11 | 0.11,0,2.18 | 2.61 | 3.19,0,1.25 | 1.53 | 1.84,0.907,0.000,0,1,0,0,0,0,-1,0,0,0,,0,,0,,0,0,907.5,0,1
17253894862,772,4,4,8,8,7.722,0,0,0.10 | 0.11 | 0.11,0,2.18 | 2.61 | 3.19,0,1.25 | 1.53 | 1.84,0.907,0.000,0,1,0,0,0,0,-1,0,0,0,,0,,0,,0,0,907.5,0,1
17253894863,772,4,4,8,8,7.722,0,0,0.10 | 0.11 | 0.11,0,2.18 | 2.61 | 3.19,0,1.25 | 1.53 | 1.84,0.907,0.000,0,1,0,0,0,0,-1,0,0,0,,0,,0,,0,0,907.5,0,1
17253894864,772,4,4,8,8,7.722,0,0,0.10 | 0.11 | 0.11,0,2.18 | 2.61 | 3.19,0,1.25 | 1.53 | 1.84,0.907,0.000,0,1,0,0,0,0,-1,0,0,0,,0,,0,,0,0,907.5,0,1
17253894865,772,4,4,8,8,7.722,0,0,0.10 | 0.11 | 0.11,0,2.18 | 2.61 | 3.19,0,1.25 | 1.53 | 1.84,0.907,0.000,0,1,0,0,0,0,-1,0,0,0,,0,,0,,0,0,907.5,0,1
17253894866,772,4,4,8,8,7.722,0,0,0.10 | 0.11 | 0.11,0,2.18 | 2.61 | 3.19,0,1.25 | 1.53 | 1.84,0.907,0.000,0,1,0,0,0,0,-1,0,0,0,,0,,0,,0,0,907.5,0,1
17253894867,772,4,4,8,8,7.722,0,0,0.10 | 0.11 | 0.11,0,2.18 | 2.61 | 3.19,0,1.25 | 1.53 | 1.84,0.907,0.000,0,1,0,0,0,0,-1,0,0,0,,0,,0,,0,0,907.5,0,1
17253894868,772,4,4,8,8,7.722,0,0,0.10 | 0.11 | 0.11,0,2.18 | 2.61 | 3.19,0,1.25 | 1.53 | 1.84,0.907,0.000,0,1,0,0,0,0,-1,0,0,0,,0,,0,,0,0,907.5,0,1
17253894869,772,4,4,8,8,6.713,0,0,0.10 | 0.11 | 0.11,0,2.18 | 2.61 | 3.19,0,1.25 | 1.53 | 1.84,0.907,0.000,0,1,0,0,0,0,-1,0,0,0,,0,,0,,0,0,907.5,0,1
17253894870,772,4,4,8,8,6.713,0,0,0.10 | 0.11 | 0.11,0,2.18 | 2.61 | 3.19,0,1.25 | 1.53 | 1.84,0.907,0.000,0,1,0,0,0,0,-1,0,0,0,,0,,0,,0,0,907.5,0,1
17253894871,772,4,4,8,8,6.713,0,0,0.10 | 0.11 | 0.11,0,2.18 | 2.61 | 3.19,0,1.25 | 1.53 | 1.84,0.907,0.000,0,1,0,0,0,0,-1,0,0,0,,0,,0,,0,0,907.5,0,1
17253894872,772,4,4,8,8,6.713,0,0,0.10 | 0.11 | 0.11,0,2.18 | 2.61 | 3.19,0,1.25 | 1.53 | 1.84,0.907,0.000,0,1,0,0,0,0,-1,0,0,0,,0,,0,,0,0,907.5,0,1
17253894873,772,4,4,8,8,6.713,0,0,0.10 | 0.11 | 0.11,0,2.18 | 2.61 | 3.19,0,1.25 | 1.53 | 1.84,0.907,0.000,0,1,0,0,0,0,-1,0,0,0,,0,,0,,0,0,907.5,0,1
17253894874,772,4,4,8,8,6.713,0,0,0.10 | 0.11 | 0.11,0,2.18 | 2.61 | 3.19,0,1.25 | 1.53 | 1.84,0.907,0.000,0,1,0,0,0,0,-1,0,0,0,,0,,0,,0,0,907.5,0,1
17253894875,772,4,4,8,8,6.713,0,0,0.10 | 0.11 | 0.11,0,2.18 | 2.61 | 3.19,0,1.25 | 1.53 | 1.84,0.907,0.000,0,1,0,0,0,0,-1,0,0,0,,0,,0,,0,0,907.5,0,1
17253894876,772,4,4,8,8,6.713,0,0,0.10 | 0.11 | 0.11,0,2.18 | 2.61 | 3.19,0,1.25 | 1.53 | 1.84,0.907,0.000,0,1,0,0,0,0,-1,0,0,0,,0,,0,,0,0,907.5,0,1
17253894877,772,4,4,8,8,6.713,0,0,0.10 | 0.11 | 0.11,0,2.18 | 2.61 | 3.19,0,1.25 | 1.53 | 1.84,0.907,0.000,0,1,0,0,0,0,-1,0,0,0,,0,,0,,0,0,907.5,0,1
17253894878,772,4,4,8,8,6.713,0,0,0.10 | 0.11 | 0.11,0,2.18 | 2.61 | 3.19,0,1.25 | 1.53 | 1.84,0.907,0.000,0,1,0,0,0,0,-1,0,0,0,,0,,0,,0,0,907.5,0,1
17253894879,772,4,4,8,8,5.863,0,0,0.10 | 0.11 | 0.11,0,2.18 | 2.61 | 3.19,0,1.25 | 1.53 | 1.84,0.907,0.000,0,1,0,0,0,0,-1,0,0,0,,0,,0,,0,0,907.5,0,1
17253894880,772,4,4,8,8,5.863,0,0,0.10 | 0.11 | 0.11,0,2.18 | 2.61 | 3.19,0,1.25 | 1.53 | 1.84,0.907,0.000,0,1,0,0,0,0,-1,0,0,0,,0,,0,,0,0,907.5,0,1
17253894881,772,4,4,8,8,5.863,0,0,0.10 | 0.11 | 0.11,0,2.18 | 2.61 | 3.19,0,1.25 | 1.53 | 1.84,0.907,0.000,0,1,0,0,0,0,-1,0,0,0,,0,,0,,0,0,907.5,0,1
17253894882,772,4,4,8,8,5.863,0,0,0.10 | 0.11 | 0.11,0,2.18 | 2.61 | 3.19,0,1.25 | 1.53 | 1.84,0.907,0.000,0,1,0,0,0,0,-1,0,0,0,,0,,0,,0,0,907.5,0,1
17253894883,772,4,4,8,8,5.863,0,0,0.10 | 0.11 | 0.11,0,2.18 | 2.61 | 3.19,0,1.25 | 1.53 | 1.84,0.907,0.000,0,1,0,0,0,0,-1,0,0,0,,0,,0,,0,0,907.5,0,1
17253894884,772,4,4,8,8,5.863,0,0,0.10 | 0.11 | 0.11,0,2.18 | 2.61 | 3.19,0,1.25 | 1.53 | 1.84,0.907,0.000,0,1,0,0,0,0,-1,0,0,0,,0,,0,,0,0,907.5,0,1
17253894885,772,4,4,8,8,5.863,0,0,0.10 | 0.11 | 0.11,0,2.18 | 2.61 | 3.19,0,1.25 | 1.53 | 1.84,0.907,0.000,0,1,0,0,0,0,-1,0,0,0,,0,,0,,0,0,907.5,0,1
17253894886,772,4,4,8,8,5.863,0,0,0.10 | 0.11 | 0.11,0,2.18 | 2.61 | 3.19,0,1.25 | 1.53 | 1.84,0.907,0.000,0,1,0,0,0,0,-1,0,0,0,,0,,0,,0,0,907.5,0,1
17253894887,387,4,2,8,8,5.863,0,0,0.10 | 0.11 | 0.11,0,2.18 | 2.61 | 3.19,0,1.25 | 1.53 | 1.84,0.907,0.000,0,1,0,0,0,0,-1,0,0,0,,0,,0,,0,0,910.5,0,1
17253894888,387,4,2,8,8,5.863,0,0,0.10 | 0.11 | 0.11,0,2.18 | 2.61 | 3.19,0,1.25 | 1.53 | 1.84,0.907,0.000,0,1,0,0,0,0,-1,0,0,0,,0,,0,,0,0,910.5,0,1
17253894889,387,4,2,8,8,4.722,0,0,0.10 | 0.11 | 0.11,0,2.18 | 2.73 | 3.66,0,1.09 | 1.47 | 1.84,0.910,0.000,0,1,0,0,0,0,-1,0,0,0,,0,,0,,0,0,910.5,0,1
17253894890,387,4,2,8,8,4.722,0,0,0.10 | 0.11 | 0.11,0,2.18 | 2.73 | 3.66,0,1.09 | 1.47 | 1.84,0.910,0.000,0,1,0,0,0,0,-1,0,0,0,,0,,0,,0,0,910.5,0,1
17253894891,387,4,2,8,8,4.722,0,0,0.10 | 0.11 | 0.11,0,2.18 | 2.73 | 3.66,0,1.09 | 1.47 | 1.84,0.910,0.000,0,1,0,0,0,0,-1,0,0,0,,0,,0,,0,0,910.5,0,1
17253894892,387,4,2,8,8,4.722,0,0,0.10 | 0.11 | 0.11,0,2.18 | 2.73 | 3.66,0,1.09 | 1.47 | 1.84,0.910,0.000,0,1,0,0,0,0,-1,0,0,0,,0,,0,,0,0,910.5,0,1
17253894893,387,4,2,8,8,4.722,0,0,0.10 | 0.11 | 0.11,0,2.18 | 2.73 | 3.66,0,1.09 | 1.47 | 1.84,0.910,0.000,0,1,0,0,0,0,-1,0,0,0,,0,,0,,0,0,910.5,0,1
17253894894,387,4,2,8,8,4.722,0,0,0.10 | 0.11 | 0.11,0,2.18 | 2.73 | 3.66,0,1.09 | 1.47 | 1.84,0.910,0.000,0,1,0,0,0,0,-1,0,0,0,,0,,0,,0,0,910.5,0,1
17253894895,387,4,2,8,8,4.722,0,0,0.10 | 0.11 | 0.11,0,2.18 | 2.73 | 3.66,0,1.09 | 1.47 | 1.84,0.910,0.000,0,1,0,0,0,0,-1,0,0,0,,0,,0,,0,0,910.5,0,1
17253894896,387,4,2,8,8,4.722,0,0,0.10 | 0.11 | 0.11,0,2.18 | 2.73 | 3.66,0,1.09 | 1.47 | 1.84,0.910,0.000,0,1,0,0,0,0,-1,0,0,0,,0,,0,,0,0,910.5,0,1
17253894897,387,4,2,8,8,4.722,0,0,0.10 | 0.11 | 0.11,0,2.18 | 2.73 | 3.66,0,1.09 | 1.47 | 1.84,0.910,0.000,0,1,0,0,0,0,-1,0,0,0,,0,,0,,0,0,910.5,0,1
17253894898,387,4,2,8,8,4.722,0,0,0.10 | 0.11 | 0.11,0,2.18 | 2.73 | 3.66,0,1.09 | 1.47 | 1.84,0.910,0.000,0,1,0,0,0,0,-1,0,0,0,,0,,0,,0,0,910.5,0,1
17253894899,387,4,2,8,8,3.738,0,0,0.10 | 0.11 | 0.11,0,2.18 | 2.73 | 3.66,0,1.09 | 1.47 | 1.84,0.910,0.000,0,1,0,0,0,0,-1,0,0,0,,0,,0,,0,0,910.5,0,1
17253894900,387,4,2,8,8,3.738,0,0,0.10 | 0.11 | 0.11,0,2.18 | 2.73 | 3.66,0,1.09 | 1.47 | 1.84,0.910,0.000,0,1,0,0,0,0,-1,0,0,0,,0,,0,,0,0,910.5,0,1
17253894901,387,4,2,8,8,3.738,0,0,0.10 | 0.11 | 0.11,0,2.18 | 2.73 | 3.66,0,1.09 | 1.47 | 1.84,0.910,0.000,0,1,0,0,0,0,-1,0,0,0,,0,,0,,0,0,910.5,0,1
17253894902,387,4,2,8,8,3.738,0,0,0.10 | 0.11 | 0.11,0,2.18 | 2.73 | 3.66,0,1.09 | 1.47 | 1.84,0.910,0.000,0,1,0,0,0,0,-1,0,0,0,,0,,0,,0,0,910.5,0,1
17253894903,580,4,3,8,8,3.738,0,0,0.10 | 0.11 | 0.11,0,2.18 | 2.73 | 3.66,0,1.09 | 1.47 | 1.84,0.910,0.000,0,1,0,0,0,0,-1,0,0,0,,0,,0,,0,0,942,0,1
17253894904,580,4,3,8,8,3.738,0,0,0.10 | 0.11 | 0.11,0,2.18 | 2.73 | 3.66,0,1.09 | 1.47 | 1.84,0.910,0.000,0,1,0,0,0,0,-1,0,0,0,,0,,0,,0,0,942,0,1
17253894905,580,4,3,8,8,3.738,0,0,0.10 | 0.11 | 0.11,0,2.18 | 2.73 | 3.66,0,1.09 | 1.47 | 1.84,0.910,0.000,0,1,0,0,0,0,-1,0,0,0,,0,,0,,0,0,942,0,1
17253894906,580,4,3,8,8,3.738,0,0,0.10 | 0.11 | 0.11,0,2.18 | 2.73 | 3.66,0,1.09 | 1.47 | 1.84,0.910,0.000,0,1,0,0,0,0,-1,0,0,0,,0,,0,,0,0,942,0,1
17253894907,580,4,3,8,8,3.738,0,0,0.10 | 0.11 | 0.11,0,2.18 | 2.73 | 3.66,0,1.09 | 1.47 | 1.84,0.910,0.000,0,1,0,0,0,0,-1,0,0,0,,0,,0,,0,0,942,0,1
17253894908,580,4,3,8,8,3.738,0,0,0.10 | 0.11 | 0.11,0,2.18 | 2.73 | 3.66,0,1.09 | 1.47 | 1.84,0.910,0.000,0,1,0,0,0,0,-1,0,0,0,,0,,0,,0,0,942,0,1
17253894909,580,4,3,8,8,6.125,0,0,0.10 | 0.11 | 0.11,0,1.33 | 2.51 | 3.66,0,1.09 | 1.59 | 3.01,0.942,0.000,0,1,0,0,0,0,-1,0,0,0,,0,,0,,0,0,942,0,1
17253894910,580,4,3,8,8,6.125,0,0,0.10 | 0.11 | 0.11,0,1.33 | 2.51 | 3.66,0,1.09 | 1.59 | 3.01,0.942,0.000,0,1,0,0,0,0,-1,0,0,0,,0,,0,,0,0,942,0,1
17253894911,580,4,3,8,8,6.125,0,0,0.10 | 0.11 | 0.11,0,1.33 | 2.51 | 3.66,0,1.09 | 1.59 | 3.01,0.942,0.000,0,1,0,0,0,0,-1,0,0,0,,0,,0,,0,0,942,0,1
17253894912,580,4,3,8,8,6.125,0,0,0.10 | 0.11 | 0.11,0,1.33 | 2.51 | 3.66,0,1.09 | 1.59 | 3.01,0.942,0.000,0,1,0,0,0,0,-1,0,0,0,,0,,0,,0,0,942,0,1
17253894913,580,4,3,8,8,6.125,0,0,0.10 | 0.11 | 0.11,0,1.33 | 2.51 | 3.66,0,1.09 | 1.59 | 3.01,0.942,0.000,0,1,0,0,0,0,-1,0,0,0,,0,,0,,0,0,942,0,1
17253894914,580,4,3,8,8,6.125,0,0,0.10 | 0.11 | 0.11,0,1.33 | 2.51 | 3.66,0,1.09 | 1.59 | 3.01,0.942,0.000,0,1,0,0,0,0,-1,0,0,0,,0,,0,,0,0,942,0,1
17253894915,580,4,3,8,8,6.125,0,0,0.10 | 0.11 | 0.11,0,1.33 | 2.51 | 3.66,0,1.09 | 1.59 | 3.01,0.942,0.000,0,1,0,0,0,0,-1,0,0,0,,0,,0,,0,0,942,0,1
17253894916,580,4,3,8,8,6.125,0,0,0.10 | 0.11 | 0.11,0,1.33 | 2.51 | 3.66,0,1.09 | 1.59 | 3.01,0.942,0.000,0,1,0,0,0,0,-1,0,0,0,,0,,0,,0,0,942,0,1
17253894917,580,4,3,8,8,6.125,0,0,0.10 | 0.11 | 0.11,0,1.33 | 2.51 | 3.66,0,1.09 | 1.59 | 3.01,0.942,0.000,0,1,0,0,0,0,-1,0,0,0,,0,,0,,0,0,942,0,1
17253894918,580,4,3,8,8,6.125,0,0,0.10 | 0.11 | 0.11,0,1.33 | 2.51 | 3.66,0,1.09 | 1.59 | 3.01,0.942,0.000,0,1,0,0,0,0,-1,0,0,0,,0,,0,,0,0,942,0,1
17253894919,580,4,3,8,8,5.076,0,0,0.10 | 0.11 | 0.11,0,1.33 | 2.51 | 3.66,0,1.09 | 1.59 | 3.01,0.942,0.000,0,1,0,0,0,0,-1,0,0,0,,0,,0,,0,0,942,0,1
17253894920,580,4,3,8,8,5.076,0,0,0.10 | 0.11 | 0.11,0,1.33 | 2.51 | 3.66,0,1.09 | 1.59 | 3.01,0.942,0.000,0,1,0,0,0,0,-1,0,0,0,,0,,0,,0,0,942,0,1
17253894921,580,4,3,8,8,5.076,0,0,0.10 | 0.11 | 0.11,0,1.33 | 2.51 | 3.66,0,1.09 | 1.59 | 3.01,0.942,0.000,0,1,0,0,0,0,-1,0,0,0,,0,,0,,0,0,942,0,1
17253894922,580,4,3,8,8,5.076,0,0,0.10 | 0.11 | 0.11,0,1.33 | 2.51 | 3.66,0,1.09 | 1.59 | 3.01,0.942,0.000,0,1,0,0,0,0,-1,0,0,0,,0,,0,,0,0,942,0,1
17253894923,580,4,3,8,8,5.076,0,0,0.10 | 0.11 | 0.11,0,1.33 | 2.51 | 3.66,0,1.09 | 1.59 | 3.01,0.942,0.000,0,1,0,0,0,0,-1,0,0,0,,0,,0,,0,0,942,0,1
17253894924,580,4,3,8,8,5.076,0,0,0.10 | 0.11 | 0.11,0,1.33 | 2.51 | 3.66,0,1.09 | 1.59 | 3.01,0.942,0.000,0,1,0,0,0,0,-1,0,0,0,,0,,0,,0,0,942,0,1
17253894925,387,4,2,8,8,5.076,0,0,0.10 | 0.11 | 0.11,0,1.33 | 2.51 | 3.66,0,1.09 | 1.59 | 3.01,0.942,0.000,0,1,0,0,0,0,-1,0,0,0,,0,,0,,0,0,933.25,0,1
17253894926,387,4,2,8,8,5.076,0,0,0.10 | 0.11 | 0.11,0,1.33 | 2.51 | 3.66,0,1.09 | 1.59 | 3.01,0.942,0.000,0,1,0,0,0,0,-1,0,0,0,,0,,0,,0,0,933.25,0,1
17253894927,387,4,2,8,8,5.076,0,0,0.10 | 0.11 | 0.11,0,1.33 | 2.51 | 3.66,0,1.09 | 1.59 | 3.01,0.942,0.000,0,1,0,0,0,0,-1,0,0,0,,0,,0,,0,0,933.25,0,1
17253894928,387,4,2,8,8,5.076,0,0,0.10 | 0.11 | 0.11,0,1.33 | 2.51 | 3.66,0,1.09 | 1.59 | 3.01,0.942,0.000,0,1,0,0,0,0,-1,0,0,0,,0,,0,,0,0,933.25,0,1
17253894929,387,4,2,8,8,3.969,0,0,0.10 | 0.11 | 0.11,0,1.33 | 2.42 | 3.66,0,1.09 | 1.65 | 3.01,0.933,0.000,0,1,0,0,0,0,-1,0,0,0,,0,,0,,0,0,933.25,0,1
17253894930,387,4,2,8,8,3.969,0,0,0.10 | 0.11 | 0.11,0,1.33 | 2.42 | 3.66,0,1.09 | 1.65 | 3.01,0.933,0.000,0,1,0,0,0,0,-1,0,0,0,,0,,0,,0,0,933.25,0,1
17253894931,387,3,2,8,8,3.969,0,0,0.10 | 0.11 | 0.11,0,1.33 | 2.42 | 3.66,0,1.09 | 1.65 | 3.01,0.933,0.000,0,1,0,0,0,0,-1,0,0,0,,0,,0,,0,0,933.25,0,1
17253894932,387,3,2,8,8,3.969,0,0,0.10 | 0.11 | 0.11,0,1.33 | 2.42 | 3.66,0,1.09 | 1.65 | 3.01,0.933,0.000,0,1,0,0,0,0,-1,0,0,0,,0,,0,,0,0,933.25,0,1
17253894933,387,3,2,8,8,3.969,0,0,0.10 | 0.11 | 0.11,0,1.33 | 2.42 | 3.66,0,1.09 | 1.65 | 3.01,0.933,0.000,0,1,0,0,0,0,-1,0,0,0,,0,,0,,0,0,933.25,0,1
17253894934,387,3,2,8,8,3.969,0,0,0.10 | 0.11 | 0.11,0,1.33 | 2.42 | 3.66,0,1.09 | 1.65 | 3.01,0.933,0.000,0,1,0,0,0,0,-1,0,0,0,,0,,0,,0,0,933.25,0,1
17253894935,387,3,2,8,8,3.969,0,0,0.10 | 0.11 | 0.11,0,1.33 | 2.42 | 3.66,0,1.09 | 1.65 | 3.01,0.933,0.000,0,1,0,0,0,0,-1,0,0,0,,0,,0,,0,0,933.25,0,1
17253894936,387,3,2,8,8,3.969,0,0,0.10 | 0.11 | 0.11,0,1.33 | 2.42 | 3.66,0,1.09 | 1.65 | 3.01,0.933,0.000,0,1,0,0,0,0,-1,0,0,0,,0,,0,,0,0,933.25,0,1
17253894937,387,3,2,8,8,3.969,0,0,0.10 | 0.11 | 0.11,0,1.33 | 2.42 | 3.66,0,1.09 | 1.65 | 3.01,0.933,0.000,0,1,0,0,0,0,-1,0,0,0,,0,,0,,0,0,933.25,0,1
17253894938,387,3,2,8,8,3.969,0,0,0.10 | 0.11 | 0.11,0,1.33 | 2.42 | 3.66,0,1.09 | 1.65 | 3.01,0.933,0.000,0,1,0,0,0,0,-1,0,0,0,,0,,0,,0,0,933.25,0,1
17253894939,387,3,2,8,8,2.953,0,0,0.10 | 0.11 | 0.11,0,1.33 | 2.42 | 3.66,0,1.09 | 1.65 | 3.01,0.933,0.000,0,1,0,0,0,0,-1,0,0,0,,0,,0,,0,0,933.25,0,1
17253894940,387,3,2,8,8,2.953,0,0,0.10 | 0.11 | 0.11,0,1.33 | 2.42 | 3.66,0,1.09 | 1.65 | 3.01,0.933,0.000,0,1,0,0,0,0,-1,0,0,0,,0,,0,,0,0,933.25,0,1
17253894941,387,3,2,8,8,2.953,0,0,0.10 | 0.11 | 0.11,0,1.33 | 2.42 | 3.66,0,1.09 | 1.65 | 3.01,0.933,0.000,0,1,0,0,0,0,-1,0,0,0,,0,,0,,0,0,933.25,0,1
17253894942,387,3,2,8,8,2.953,0,0,0.10 | 0.11 | 0.11,0,1.33 | 2.42 | 3.66,0,1.09 | 1.65 | 3.01,0.933,0.000,0,1,0,0,0,0,-1,0,0,0,,0,,0,,0,0,933.25,0,1
17253894943,387,3,2,8,8,2.953,0,0,0.10 | 0.11 | 0.11,0,1.33 | 2.42 | 3.66,0,1.09 | 1.65 | 3.01,0.933,0.000,0,1,0,0,0,0,-1,0,0,0,,0,,0,,0,0,933.25,0,1
17253894944,387,3,2,8,8,2.953,0,0,0.10 | 0.11 | 0.11,0,1.33 | 2.42 | 3.66,0,1.09 | 1.65 | 3.01,0.933,0.000,0,1,0,0,0,0,-1,0,0,0,,0,,0,,0,0,933.25,0,1
17253894945,387,3,2,8,8,2.953,0,0,0.10 | 0.11 | 0.11,0,1.33 | 2.42 | 3.66,0,1.09 | 1.65 | 3.01,0.933,0.000,0,1,0,0,0,0,-1,0,0,0,,0,,0,,0,0,933.25,0,1
17253894946,387,3,2,8,8,2.953,0,0,0.10 | 0.11 | 0.11,0,1.33 | 2.42 | 3.66,0,1.09 | 1.65 | 3.01,0.933,0.000,0,1,0,0,0,0,-1,0,0,0,,0,,0,,0,0,933.25,0,1
17253894947,387,3,2,8,8,2.953,0,0,0.10 | 0.11 | 0.11,0,1.33 | 2.42 | 3.66,0,1.09 | 1.65 | 3.01,0.933,0.000,0,1,0,0,0,0,-1,0,0,0,,0,,0,,0,0,933.25,0,1
17253894948,387,3,2,8,8,2.953,0,0,0.10 | 0.11 | 0.11,0,1.33 | 2.42 | 3.66,0,1.09 | 1.65 | 3.01,0.933,0.000,0,1,0,0,0,0,-1,0,0,0,,0,,0,,0,0,933.25,0,1
17253894949,387,3,2,8,8,2.157,0,0,0.10 | 0.11 | 0.11,0,1.33 | 2.42 | 3.66,0,1.09 | 1.65 | 3.01,0.933,0.000,0,1,0,0,0,0,-1,0,0,0,,0,,0,,0,0,933.25,0,1
17253894950,387,3,2,8,8,2.157,0,0,0.10 | 0.11 | 0.11,0,1.33 | 2.42 | 3.66,0,1.09 | 1.65 | 3.01,0.933,0.000,0,1,0,0,0,0,-1,0,0,0,,0,,0,,0,0,933.25,0,1
17253894951,387,3,2,8,8,2.157,0,0,0.10 | 0.11 | 0.11,0,1.33 | 2.42 | 3.66,0,1.09 | 1.65 | 3.01,0.933,0.000,0,1,0,0,0,0,-1,0,0,0,,0,,0,,0,0,933.25,0,1
17253894952,387,3,2,8,8,2.157,0,0,0.10 | 0.11 | 0.11,0,1.33 | 2.42 | 3.66,0,1.09 | 1.65 | 3.01,0.933,0.000,0,1,0,0,0,0,-1,0,0,0,,0,,0,,0,0,920,0,1
17253894953,387,3,2,8,8,2.157,0,0,0.10 | 0.11 | 0.11,0,1.33 | 2.42 | 3.66,0,1.09 | 1.65 | 3.01,0.933,0.000,0,1,0,0,0,0,-1,0,0,0,,0,,0,,0,0,920,0,1
17253894954,387,3,2,8,8,2.157,0,0,0.10 | 0.11 | 0.11,0,1.33 | 2.42 | 3.66,0,1.09 | 1.65 | 3.01,0.933,0.000,0,1,0,0,0,0,-1,0,0,0,,0,,0,,0,0,920,0,1
17253894955,387,3,2,8,8,2.157,0,0,0.10 | 0.11 | 0.11,0,1.33 | 2.42 | 3.66,0,1.09 | 1.65 | 3.01,0.933,0.000,0,1,0,0,0,0,-1,0,0,0,,0,,0,,0,0,920,0,1
17253894956,387,3,2,8,8,2.157,0,0,0.10 | 0.11 | 0.11,0,1.33 | 2.42 | 3.66,0,1.09 | 1.65 | 3.01,0.933,0.000,0,1,0,0,0,0,-1,0,0,0,,0,,0,,0,0,920,0,1
17253894957,387,3,2,8,8,2.157,0,0,0.10 | 0.11 | 0.11,0,1.33 | 2.42 | 3.66,0,1.09 | 1.65 | 3.01,0.933,0.000,0,1,0,0,0,0,-1,0,0,0,,0,,0,,0,0,920,0,1
17253894958,387,3,2,8,8,2.157,0,0,0.10 | 0.11 | 0.11,0,1.33 | 2.42 | 3.66,0,1.09 | 1.65 | 3.01,0.933,0.000,0,1,0,0,0,0,-1,0,0,0,,0,,0,,0,0,920,0,1
17253894959,387,3,2,8,8,5.894,0,0,0.10 | 0.11 | 0.11,0,1.33 | 2.37 | 3.66,0,1.09 | 1.69 | 3.01,0.920,0.000,0,1,0,0,0,0,-1,0,0,0,,0,,0,,0,0,920,0,1
17253894960,387,3,2,8,8,5.894,0,0,0.10 | 0.11 | 0.11,0,1.33 | 2.37 | 3.66,0,1.09 | 1.69 | 3.01,0.920,0.000,0,1,0,0,0,0,-1,0,0,0,,0,,0,,0,0,920,0,1
17253894961,387,3,2,8,8,5.894,0,0,0.10 | 0.11 | 0.11,0,1.33 | 2.37 | 3.66,0,1.09 | 1.69 | 3.01,0.920,0.000,0,1,0,0,0,0,-1,0,0,0,,0,,0,,0,0,920,0,1
17253894962,387,3,2,8,8,5.894,0,0,0.10 | 0.11 | 0.11,0,1.33 | 2.37 | 3.66,0,1.09 | 1.69 | 3.01,0.920,0.000,0,1,0,0,0,0,-1,0,0,0,,0,,0,,0,0,920,0,1
17253894963,387,3,2,8,8,5.894,0,0,0.10 | 0.11 | 0.11,0,1.33 | 2.37 | 3.66,0,1.09 | 1.69 | 3.01,0.920,0.000,0,1,0,0,0,0,-1,0,0,0,,0,,0,,0,0,920,0,1
17253894964,387,3,2,8,8,5.894,0,0,0.10 | 0.11 | 0.11,0,1.33 | 2.37 | 3.66,0,1.09 | 1.69 | 3.01,0.920,0.000,0,1,0,0,0,0,-1,0,0,0,,0,,0,,0,0,920,0,1
17253894965,387,3,2,8,8,5.894,0,0,0.10 | 0.11 | 0.11,0,1.33 | 2.37 | 3.66,0,1.09 | 1.69 | 3.01,0.920,0.000,0,1,0,0,0,0,-1,0,0,0,,0,,0,,0,0,920,0,1
17253894966,387,3,2,8,8,5.894,0,0,0.10 | 0.11 | 0.11,0,1.33 | 2.37 | 3.66,0,1.09 | 1.69 | 3.01,0.920,0.000,0,1,0,0,0,0,-1,0,0,0,,0,,0,,0,0,920,0,1
17253894967,387,3,2,8,8,5.894,0,0,0.10 | 0.11 | 0.11,0,1.33 | 2.37 | 3.66,0,1.09 | 1.69 | 3.01,0.920,0.000,0,1,0,0,0,0,-1,0,0,0,,0,,0,,0,0,920,0,1
17253894968,387,3,2,8,8,5.894,0,0,0.10 | 0.11 | 0.11,0,1.33 | 2.37 | 3.66,0,1.09 | 1.69 | 3.01,0.920,0.000,0,1,0,0,0,0,-1,0,0,0,,0,,0,,0,0,920,0,1
17253894969,387,3,2,8,8,7.913,0,0,0.10 | 0.11 | 0.11,0,1.33 | 1.85 | 2.44,0,1.64 | 2.17 | 3.01,0.909,0.000,0,1,0,0,0,0,-1,0,0,0,,0,,0,,0,0,909.25,0,1
17253894970,387,3,2,8,8,7.913,0,0,0.10 | 0.11 | 0.11,0,1.33 | 1.85 | 2.44,0,1.64 | 2.17 | 3.01,0.909,0.000,0,1,0,0,0,0,-1,0,0,0,,0,,0,,0,0,909.25,0,1
17253894971,387,2,2,8,8,7.913,0,0,0.10 | 0.11 | 0.11,0,1.33 | 1.85 | 2.44,0,1.64 | 2.17 | 3.01,0.909,0.000,0,1,0,0,0,0,-1,0,0,0,,0,,0,,0,0,909.25,0,1
17253894972,387,2,2,8,8,7.913,0,0,0.10 | 0.11 | 0.11,0,1.33 | 1.85 | 2.44,0,1.64 | 2.17 | 3.01,0.909,0.000,0,1,0,0,0,0,-1,0,0,0,,0,,0,,0,0,909.25,0,1
17253894973,387,2,2,8,8,7.913,0,0,0.10 | 0.11 | 0.11,0,1.33 | 1.85 | 2.44,0,1.64 | 2.17 | 3.01,0.909,0.000,0,1,0,0,0,0,-1,0,0,0,,0,,0,,0,0,909.25,0,1
17253894974,387,2,2,8,8,7.913,0,0,0.10 | 0.11 | 0.11,0,1.33 | 1.85 | 2.44,0,1.64 | 2.17 | 3.01,0.909,0.000,0,1,0,0,0,0,-1,0,0,0,,0,,0,,0,0,909.25,0,1
17253894975,387,2,2,8,8,7.913,0,0,0.10 | 0.11 | 0.11,0,1.33 | 1.85 | 2.44,0,1.64 | 2.17 | 3.01,0.909,0.000,0,1,0,0,0,0,-1,0,0,0,,0,,0,,0,0,909.25,0,1
17253894976,387,2,2,8,8,7.913,0,0,0.10 | 0.11 | 0.11,0,1.33 | 1.85 | 2.44,0,1.64 | 2.17 | 3.01,0.909,0.000,0,1,0,0,0,0,-1,0,0,0,,0,,0,,0,0,909.25,0,1
17253894977,387,2,2,8,8,7.913,0,0,0.10 | 0.11 | 0.11,0,1.33 | 1.85 | 2.44,0,1.64 | 2.17 | 3.01,0.909,0.000,0,1,0,0,0,0,-1,0,0,0,,0,,0,,0,0,909.25,0,1
17253894978,387,2,2,8,8,7.913,0,0,0.10 | 0.11 | 0.11,0,1.33 | 1.85 | 2.44,0,1.64 | 2.17 | 3.01,0.909,0.000,0,1,0,0,0,0,-1,0,0,0,,0,,0,,0,0,909.25,0,1
17253894979,387,2,2,8,8,6.969,0,0,0.10 | 0.11 | 0.11,0,1.33 | 1.85 | 2.44,0,1.64 | 2.17 | 3.01,0.909,0.000,0,1,0,0,0,0,-1,0,0,0,,0,,0,,0,0,909.25,0,1
17253894980,387,2,2,8,8,6.969,0,0,0.10 | 0.11 | 0.11,0,1.33 | 1.85 | 2.44,0,1.64 | 2.17 | 3.01,0.909,0.000,0,1,0,0,0,0,-1,0,0,0,,0,,0,,0,0,909.25,0,1
17253894981,387,2,2,8,8,6.969,0,0,0.10 | 0.11 | 0.11,0,1.33 | 1.85 | 2.44,0,1.64 | 2.17 | 3.01,0.909,0.000,0,1,0,0,0,0,-1,0,0,0,,0,,0,,0,0,909.25,0,1
17253894982,387,2,2,8,8,6.969,0,0,0.10 | 0.11 | 0.11,0,1.33 | 1.85 | 2.44,0,1.64 | 2.17 | 3.01,0.909,0.000,0,1,0,0,0,0,-1,0,0,0,,0,,0,,0,0,909.25,0,1
17253894983,387,2,2,8,8,6.969,0,0,0.10 | 0.11 | 0.11,0,1.33 | 1.85 | 2.44,0,1.64 | 2.17 | 3.01,0.909,0.000,0,1,0,0,0,0,-1,0,0,0,,0,,0,,0,0,909.25,0,1
17253894984,387,2,2,8,8,6.969,0,0,0.10 | 0.11 | 0.11,0,1.33 | 1.85 | 2.44,0,1.64 | 2.17 | 3.01,0.909,0.000,0,1,0,0,0,0,-1,0,0,0,,0,,0,,0,0,909.25,0,1
17253894985,387,2,2,8,8,6.969,0,0,0.10 | 0.11 | 0.11,0,1.33 | 1.85 | 2.44,0,1.64 | 2.17 | 3.01,0.909,0.000,0,1,0,0,0,0,-1,0,0,0,,0,,0,,0,0,909.25,0,1
17253894986,387,2,2,8,8,6.969,0,0,0.10 | 0.11 | 0.11,0,1.33 | 1.85 | 2.44,0,1.64 | 2.17 | 3.01,0.909,0.000,0,1,0,0,0,0,-1,0,0,0,,0,,0,,0,0,909.25,0,1
17253894987,387,2,2,8,8,6.969,0,0,0.10 | 0.11 | 0.11,0,1.33 | 1.85 | 2.44,0,1.64 | 2.17 | 3.01,0.909,0.000,0,1,0,0,0,0,-1,0,0,0,,0,,0,,0,0,909.25,0,1
17253894988,387,2,2,8,8,6.969,0,0,0.10 | 0.11 | 0.11,0,1.33 | 1.85 | 2.44,0,1.64 | 2.17 | 3.01,0.909,0.000,0,1,0,0,0,0,-1,0,0,0,,0,,0,,0,0,909.25,0,1
17253894989,387,2,2,8,8,10.707,0,0,0.10 | 0.11 | 0.11,0,1.55 | 1.99 | 2.44,0,1.64 | 2.01 | 2.58,0.913,0.000,0,1,0,0,0,0,-1,0,0,0,,0,,0,,0,0,913.25,0,1
17253894990,387,2,2,8,8,10.707,0,0,0.10 | 0.11 | 0.11,0,1.55 | 1.99 | 2.44,0,1.64 | 2.01 | 2.58,0.913,0.000,0,1,0,0,0,0,-1,0,0,0,,0,,0,,0,0,913.25,0,1
17253894991,387,2,2,8,8,10.707,0,0,0.10 | 0.11 | 0.11,0,1.55 | 1.99 | 2.44,0,1.64 | 2.01 | 2.58,0.913,0.000,0,1,0,0,0,0,-1,0,0,0,,0,,0,,0,0,913.25,0,1
17253894992,387,2,2,8,8,10.707,0,0,0.10 | 0.11 | 0.11,0,1.55 | 1.99 | 2.44,0,1.64 | 2.01 | 2.58,0.913,0.000,0,1,0,0,0,0,-1,0,0,0,,0,,0,,0,0,913.25,0,1
17253894993,387,2,2,8,8,10.707,0,0,0.10 | 0.11 | 0.11,0,1.55 | 1.99 | 2.44,0,1.64 | 2.01 | 2.58,0.913,0.000,0,1,0,0,0,0,-1,0,0,0,,0,,0,,0,0,913.25,0,1
17253894994,387,2,2,8,8,10.707,0,0,0.10 | 0.11 | 0.11,0,1.55 | 1.99 | 2.44,0,1.64 | 2.01 | 2.58,0.913,0.000,0,1,0,0,0,0,-1,0,0,0,,0,,0,,0,0,913.25,0,1
17253894995,387,2,2,8,8,10.707,0,0,0.10 | 0.11 | 0.11,0,1.55 | 1.99 | 2.44,0,1.64 | 2.01 | 2.58,0.913,0.000,0,1,0,0,0,0,-1,0,0,0,,0,,0,,0,0,913.25,0,1
17253894996,387,2,2,8,8,10.707,0,0,0.10 | 0.11 | 0.11,0,1.55 | 1.99 | 2.44,0,1.64 | 2.01 | 2.58,0.913,0.000,0,1,0,0,0,0,-1,0,0,0,,0,,0,,0,0,913.25,0,1
17253894997,387,2,2,8,8,10.707,0,0,0.10 | 0.11 | 0.11,0,1.55 | 1.99 | 2.44,0,1.64 | 2.01 | 2.58,0.913,0.000,0,1,0,0,0,0,-1,0,0,0,,0,,0,,0,0,913.25,0,1
17253894998,387,2,2,8,8,10.707,0,0,0.10 | 0.11 | 0.11,0,1.55 | 1.99 | 2.44,0,1.64 | 2.01 | 2.58,0.913,0.000,0,1,0,0,0,0,-1,0,0,0,,0,,0,,0,0,913.25,0,1
17253894999,387,2,2,8,8,9.91,0,0,0.10 | 0.11 | 0.11,0,1.55 | 1.99 | 2.44,0,1.64 | 2.01 | 2.58,0.913,0.000,0,1,0,0,0,0,-1,0,0,0,,0,,0,,0,0,913.25,0,1
17253895000,387,2,2,8,8,9.91,0,0,0.10 | 0.11 | 0.11,0,1.55 | 1.99 | 2.44,0,1.64 | 2.01 | 2.58,0.913,0.000,0,1,0,0,0,0,-1,0,0,0,,0,,0,,0,0,913.25,0,1
17253895001,387,2,2,8,8,9.91,0,0,0.10 | 0.11 | 0.11,0,1.55 | 1.99 | 2.44,0,1.64 | 2.01 | 2.58,0.913,0.000,0,1,0,0,0,0,-1,0,0,0,,0,,0,,0,0,913.25,0,1
17253895002,387,2,2,8,8,9.91,0,0,0.10 | 0.11 | 0.11,0,1.55 | 1.99 | 2.44,0,1.64 | 2.01 | 2.58,0.913,0.000,0,1,0,0,0,0,-1,0,0,0,,0,,0,,0,0,913.25,0,1
17253895003,387,2,2,8,8,9.91,0,0,0.10 | 0.11 | 0.11,0,1.55 | 1.99 | 2.44,0,1.64 | 2.01 | 2.58,0.913,0.000,0,1,0,0,0,0,-1,0,0,0,,0,,0,,0,0,913.25,0,1
17253895004,387,2,2,8,8,9.91,0,0,0.10 | 0.11 | 0.11,0,1.55 | 1.99 | 2.44,0,1.64 | 2.01 | 2.58,0.913,0.000,0,1,0,0,0,0,-1,0,0,0,,0,,0,,0,0,924.75,0,1
17253895005,387,2,2,8,8,9.91,0,0,0.10 | 0.11 | 0.11,0,1.55 | 1.99 | 2.44,0,1.64 | 2.01 | 2.58,0.913,0.000,0,1,0,0,0,0,-1,0,0,0,,0,,0,,0,0,924.75,0,1
17253895006,387,2,2,8,8,9.91,0,0,0.10 | 0.11 | 0.11,0,1.55 | 1.99 | 2.44,0,1.64 | 2.01 | 2.58,0.913,0.000,0,1,0,0,0,0,-1,0,0,0,,0,,0,,0,0,924.75,0,1
17253895007,387,2,2,8,8,9.91,0,0,0.10 | 0.11 | 0.11,0,1.55 | 1.99 | 2.44,0,1.64 | 2.01 | 2.58,0.913,0.000,0,1,0,0,0,0,-1,0,0,0,,0,,0,,0,0,924.75,0,1
17253895008,387,2,2,8,8,9.91,0,0,0.10 | 0.11 | 0.11,0,1.55 | 1.99 | 2.44,0,1.64 | 2.01 | 2.58,0.913,0.000,0,1,0,0,0,0,-1,0,0,0,,0,,0,,0,0,924.75,0,1
17253895009,387,2,2,8,8,12.047,0,0,0.10 | 0.11 | 0.11,0,1.38 | 1.82 | 2.44,0,1.64 | 2.20 | 2.89,0.925,0.000,0,1,0,0,0,0,-1,0,0,0,,0,,0,,0,0,924.75,0,1
17253895010,387,2,2,8,8,12.047,0,0,0.10 | 0.11 | 0.11,0,1.38 | 1.82 | 2.44,0,1.64 | 2.20 | 2.89,0.925,0.000,0,1,0,0,0,0,-1,0,0,0,,0,,0,,0,0,924.75,0,1
17253895011,387,2,2,8,8,12.047,0,0,0.10 | 0.11 | 0.11,0,1.38 | 1.82 | 2.44,0,1.64 | 2.20 | 2.89,0.925,0.000,0,1,0,0,0,0,-1,0,0,0,,0,,0,,0,0,924.75,0,1
17253895012,387,2,2,8,8,12.047,0,0,0.10 | 0.11 | 0.11,0,1.38 | 1.82 | 2.44,0,1.64 | 2.20 | 2.89,0.925,0.000,0,1,0,0,0,0,-1,0,0,0,,0,,0,,0,0,924.75,0,1
17253895013,387,2,2,8,8,12.047,0,0,0.10 | 0.11 | 0.11,0,1.38 | 1.82 | 2.44,0,1.64 | 2.20 | 2.89,0.925,0.000,0,1,0,0,0,0,-1,0,0,0,,0,,0,,0,0,924.75,0,1
17253895014,387,2,2,8,8,12.047,0,0,0.10 | 0.11 | 0.11,0,1.38 | 1.82 | 2.44,0,1.64 | 2.20 | 2.89,0.925,0.000,0,1,0,0,0,0,-1,0,0,0,,0,,0,,0,0,924.75,0,1
17253895015,387,2,2,8,8,12.047,0,0,0.10 | 0.11 | 0.11,0,1.38 | 1.82 | 2.44,0,1.64 | 2.20 | 2.89,0.925,0.000,0,1,0,0,0,0,-1,0,0,0,,0,,0,,0,0,924.75,0,1
17253895016,387,2,2,8,8,12.047,0,0,0.10 | 0.11 | 0.11,0,1.38 | 1.82 | 2.44,0,1.64 | 2.20 | 2.89,0.925,0.000,0,1,0,0,0,0,-1,0,0,0,,0,,0,,0,0,924.75,0,1
17253895017,387,2,2,8,8,12.047,0,0,0.10 | 0.11 | 0.11,0,1.38 | 1.82 | 2.44,0,1.64 | 2.20 | 2.89,0.925,0.000,0,1,0,0,0,0,-1,0,0,0,,0,,0,,0,0,924.75,0,1
17253895018,387,2,2,8,8,12.047,0,0,0.10 | 0.11 | 0.11,0,1.38 | 1.82 | 2.44,0,1.64 | 2.20 | 2.89,0.925,0.000,0,1,0,0,0,0,-1,0,0,0,,0,,0,,0,0,924.75,0,1
17253895019,387,2,2,8,8,10.985,0,0,0.10 | 0.11 | 0.11,0,1.38 | 1.82 | 2.44,0,1.64 | 2.20 | 2.89,0.925,0.000,0,1,0,0,0,0,-1,0,0,0,,0,,0,,0,0,924.75,0,1
17253895020,387,2,2,8,8,10.985,0,0,0.10 | 0.11 | 0.11,0,1.38 | 1.82 | 2.44,0,1.64 | 2.20 | 2.89,0.925,0.000,0,1,0,0,0,0,-1,0,0,0,,0,,0,,0,0,924.75,0,1
17253895021,387,2,2,8,8,10.985,0,0,0.10 | 0.11 | 0.11,0,1.38 | 1.82 | 2.44,0,1.64 | 2.20 | 2.89,0.925,0.000,0,1,0,0,0,0,-1,0,0,0,,0,,0,,0,0,924.75,0,1
17253895022,387,2,2,8,8,10.985,0,0,0.10 | 0.11 | 0.11,0,1.38 | 1.82 | 2.44,0,1.64 | 2.20 | 2.89,0.925,0.000,0,1,0,0,0,0,-1,0,0,0,,0,,0,,0,0,924.75,0,1
17253895023,387,2,2,8,8,10.985,0,0,0.10 | 0.11 | 0.11,0,1.38 | 1.82 | 2.44,0,1.64 | 2.20 | 2.89,0.925,0.000,0,1,0,0,0,0,-1,0,0,0,,0,,0,,0,0,924.75,0,1
17253895024,387,2,2,8,8,10.985,0,0,0.10 | 0.11 | 0.11,0,1.38 | 1.82 | 2.44,0,1.64 | 2.20 | 2.89,0.925,0.000,0,1,0,0,0,0,-1,0,0,0,,0,,0,,0,0,924.75,0,1
17253895025,387,2,2,8,8,10.985,0,0,0.10 | 0.11 | 0.11,0,1.38 | 1.82 | 2.44,0,1.64 | 2.20 | 2.89,0.925,0.000,0,1,0,0,0,0,-1,0,0,0,,0,,0,,0,0,924.75,0,1
17253895026,387,2,2,8,8,10.985,0,0,0.10 | 0.11 | 0.11,0,1.38 | 1.82 | 2.44,0,1.64 | 2.20 | 2.89,0.925,0.000,0,1,0,0,0,0,-1,0,0,0,,0,,0,,0,0,924.75,0,1
17253895027,387,2,2,8,8,10.985,0,0,0.10 | 0.11 | 0.11,0,1.38 | 1.82 | 2.44,0,1.64 | 2.20 | 2.89,0.925,0.000,0,1,0,0,0,0,-1,0,0,0,,0,,0,,0,0,924.75,0,1
17253895028,387,2,2,8,8,10.985,0,0,0.10 | 0.11 | 0.11,0,1.38 | 1.82 | 2.44,0,1.64 | 2.20 | 2.89,0.925,0.000,0,1,0,0,0,0,-1,0,0,0,,0,,0,,0,0,924.75,0,1
17253895029,387,2,2,8,8,9.922,0,0,0.10 | 0.11 | 0.11,0,1.38 | 1.82 | 2.44,0,1.64 | 2.20 | 2.89,0.925,0.000,0,1,0,0,0,0,-1,0,0,0,,0,,0,,0,0,924.75,0,1
17253895030,387,2,2,8,8,9.922,0,0,0.10 | 0.11 | 0.11,0,1.38 | 1.82 | 2.44,0,1.64 | 2.20 | 2.89,0.925,0.000,0,1,0,0,0,0,-1,0,0,0,,0,,0,,0,0,924.75,0,1
17253895031,387,2,2,8,8,9.922,0,0,0.10 | 0.11 | 0.11,0,1.38 | 1.82 | 2.44,0,1.64 | 2.20 | 2.89,0.925,0.000,0,1,0,0,0,0,-1,0,0,0,,0,,0,,0,0,924.75,0,1
17253895032,387,2,2,8,8,9.922,0,0,0.10 | 0.11 | 0.11,0,1.38 | 1.82 | 2.44,0,1.64 | 2.20 | 2.89,0.925,0.000,0,1,0,0,0,0,-1,0,0,0,,0,,0,,0,0,924.75,0,1
17253895033,387,2,2,8,8,9.922,0,0,0.10 | 0.11 | 0.11,0,1.38 | 1.82 | 2.44,0,1.64 | 2.20 | 2.89,0.925,0.000,0,1,0,0,0,0,-1,0,0,0,,0,,0,,0,0,931.75,0,1
17253895034,387,2,2,8,8,9.922,0,0,0.10 | 0.11 | 0.11,0,1.38 | 1.82 | 2.44,0,1.64 | 2.20 | 2.89,0.925,0.000,0,1,0,0,0,0,-1,0,0,0,,0,,0,,0,0,931.75,0,1
17253895035,387,2,2,8,8,9.922,0,0,0.10 | 0.11 | 0.11,0,1.38 | 1.82 | 2.44,0,1.64 | 2.20 | 2.89,0.925,0.000,0,1,0,0,0,0,-1,0,0,0,,0,,0,,0,0,931.75,0,1
17253895036,387,2,2,8,8,9.922,0,0,0.10 | 0.11 | 0.11,0,1.38 | 1.82 | 2.44,0,1.64 | 2.20 | 2.89,0.925,0.000,0,1,0,0,0,0,-1,0,0,0,,0,,0,,0,0,931.75,0,1
17253895037,387,2,2,8,8,9.922,0,0,0.10 | 0.11 | 0.11,0,1.38 | 1.82 | 2.44,0,1.64 | 2.20 | 2.89,0.925,0.000,0,1,0,0,0,0,-1,0,0,0,,0,,0,,0,0,931.75,0,1
17253895038,387,2,2,8,8,9.922,0,0,0.10 | 0.11 | 0.11,0,1.38 | 1.82 | 2.44,0,1.64 | 2.20 | 2.89,0.925,0.000,0,1,0,0,0,0,-1,0,0,0,,0,,0,,0,0,931.75,0,1
17253895039,387,2,2,8,8,13.925,0,0,0.11 | 0.11 | 0.11,0,1.38 | 1.66 | 1.89,0,2.12 | 2.41 | 2.89,0.932,0.000,0,1,0,0,0,0,-1,0,0,0,,0,,0,,0,0,931.75,0,1
17253895040,387,2,2,8,8,13.925,0,0,0.11 | 0.11 | 0.11,0,1.38 | 1.66 | 1.89,0,2.12 | 2.41 | 2.89,0.932,0.000,0,1,0,0,0,0,-1,0,0,0,,0,,0,,0,0,931.75,0,1
17253895041,387,2,2,8,8,13.925,0,0,0.11 | 0.11 | 0.11,0,1.38 | 1.66 | 1.89,0,2.12 | 2.41 | 2.89,0.932,0.000,0,1,0,0,0,0,-1,0,0,0,,0,,0,,0,0,931.75,0,1
17253895042,387,2,2,8,8,13.925,0,0,0.11 | 0.11 | 0.11,0,1.38 | 1.66 | 1.89,0,2.12 | 2.41 | 2.89,0.932,0.000,0,1,0,0,0,0,-1,0,0,0,,0,,0,,0,0,931.75,0,1
17253895043,387,2,2,8,8,13.925,0,0,0.11 | 0.11 | 0.11,0,1.38 | 1.66 | 1.89,0,2.12 | 2.41 | 2.89,0.932,0.000,0,1,0,0,0,0,-1,0,0,0,,0,,0,,0,0,931.75,0,1
17253895044,387,2,2,8,8,13.925,0,0,0.11 | 0.11 | 0.11,0,1.38 | 1.66 | 1.89,0,2.12 | 2.41 | 2.89,0.932,0.000,0,1,0,0,0,0,-1,0,0,0,,0,,0,,0,0,931.75,0,1
17253895045,387,2,2,8,8,13.925,0,0,0.11 | 0.11 | 0.11,0,1.38 | 1.66 | 1.89,0,2.12 | 2.41 | 2.89,0.932,0.000,0,1,0,0,0,0,-1,0,0,0,,0,,0,,0,0,931.75,0,1
17253895046,387,2,2,8,8,13.925,0,0,0.11 | 0.11 | 0.11,0,1.38 | 1.66 | 1.89,0,2.12 | 2.41 | 2.89,0.932,0.000,0,1,0,0,0,0,-1,0,0,0,,0,,0,,0,0,931.75,0,1
17253895047,387,2,2,8,8,13.925,0,0,0.11 | 0.11 | 0.11,0,1.38 | 1.66 | 1.89,0,2.12 | 2.41 | 2.89,0.932,0.000,0,1,0,0,0,0,-1,0,0,0,,0,,0,,0,0,931.75,0,1
17253895048,387,2,2,8,8,13.925,0,0,0.11 | 0.11 | 0.11,0,1.38 | 1.66 | 1.89,0,2.12 | 2.41 | 2.89,0.932,0.000,0,1,0,0,0,0,-1,0,0,0,,0,,0,,0,0,931.75,0,1
17253895049,387,2,2,8,8,12.863,0,0,0.11 | 0.11 | 0.11,0,1.38 | 1.66 | 1.89,0,2.12 | 2.41 | 2.89,0.932,0.000,0,1,0,0,0,0,-1,0,0,0,,0,,0,,0,0,931.75,0,1
17253895050,387,2,2,8,8,12.863,0,0,0.11 | 0.11 | 0.11,0,1.38 | 1.66 | 1.89,0,2.12 | 2.41 | 2.89,0.932,0.000,0,1,0,0,0,0,-1,0,0,0,,0,,0,,0,0,931.75,0,1
17253895051,387,2,2,8,8,12.863,0,0,0.11 | 0.11 | 0.11,0,1.38 | 1.66 | 1.89,0,2.12 | 2.41 | 2.89,0.932,0.000,0,1,0,0,0,0,-1,0,0,0,,0,,0,,0,0,931.75,0,1
17253895052,387,2,2,8,8,12.863,0,0,0.11 | 0.11 | 0.11,0,1.38 | 1.66 | 1.89,0,2.12 | 2.41 | 2.89,0.932,0.000,0,1,0,0,0,0,-1,0,0,0,,0,,0,,0,0,931.75,0,1
17253895053,387,2,2,8,8,12.863,0,0,0.11 | 0.11 | 0.11,0,1.38 | 1.66 | 1.89,0,2.12 | 2.41 | 2.89,0.932,0.000,0,1,0,0,0,0,-1,0,0,0,,0,,0,,0,0,931.75,0,1
17253895054,387,2,2,8,8,12.863,0,0,0.11 | 0.11 | 0.11,0,1.38 | 1.66 | 1.89,0,2.12 | 2.41 | 2.89,0.932,0.000,0,1,0,0,0,0,-1,0,0,0,,0,,0,,0,0,931.75,0,1
17253895055,387,2,2,8,8,12.863,0,0,0.11 | 0.11 | 0.11,0,1.38 | 1.66 | 1.89,0,2.12 | 2.41 | 2.89,0.932,0.000,0,1,0,0,0,0,-1,0,0,0,,0,,0,,0,0,931.75,0,1
17253895056,387,2,2,8,8,12.863,0,0,0.11 | 0.11 | 0.11,0,1.38 | 1.66 | 1.89,0,2.12 | 2.41 | 2.89,0.932,0.000,0,1,0,0,0,0,-1,0,0,0,,0,,0,,0,0,931.75,0,1
17253895057,387,2,2,8,8,12.863,0,0,0.11 | 0.11 | 0.11,0,1.38 | 1.66 | 1.89,0,2.12 | 2.41 | 2.89,0.932,0.000,0,1,0,0,0,0,-1,0,0,0,,0,,0,,0,0,931.75,0,1
17253895058,387,2,2,8,8,12.863,0,0,0.11 | 0.11 | 0.11,0,1.38 | 1.66 | 1.89,0,2.12 | 2.41 | 2.89,0.932,0.000,0,1,0,0,0,0,-1,0,0,0,,0,,0,,0,0,931.75,0,1
17253895059,387,2,2,8,8,11.8,0,0,0.11 | 0.11 | 0.11,0,1.38 | 1.66 | 1.89,0,2.12 | 2.41 | 2.89,0.932,0.000,0,1,0,0,0,0,-1,0,0,0,,0,,0,,0,0,931.75,0,1
17253895060,387,2,2,8,8,11.8,0,0,0.11 | 0.11 | 0.11,0,1.38 | 1.66 | 1.89,0,2.12 | 2.41 | 2.89,0.932,0.000,0,1,0,0,0,0,-1,0,0,0,,0,,0,,0,0,931.75,0,1
17253895061,387,2,2,8,8,11.8,0,0,0.11 | 0.11 | 0.11,0,1.38 | 1.66 | 1.89,0,2.12 | 2.41 | 2.89,0.932,0.000,0,1,0,0,0,0,-1,0,0,0,,0,,0,,0,0,931.75,0,1
17253895062,387,2,2,8,8,11.8,0,0,0.11 | 0.11 | 0.11,0,1.38 | 1.66 | 1.89,0,2.12 | 2.41 | 2.89,0.932,0.000,0,1,0,0,0,0,-1,0,0,0,,0,,0,,0,0,931.75,0,1
17253895063,387,2,2,8,8,11.8,0,0,0.11 | 0.11 | 0.11,0,1.38 | 1.66 | 1.89,0,2.12 | 2.41 | 2.89,0.932,0.000,0,1,0,0,0,0,-1,0,0,0,,0,,0,,0,0,931.75,0,1
17253895064,387,2,2,8,8,11.8,0,0,0.11 | 0.11 | 0.11,0,1.38 | 1.66 | 1.89,0,2.12 | 2.41 | 2.89,0.932,0.000,0,1,0,0,0,0,-1,0,0,0,,0,,0,,0,0,931.75,0,1
17253895065,387,2,2,8,8,11.8,0,0,0.11 | 0.11 | 0.11,0,1.38 | 1.66 | 1.89,0,2.12 | 2.41 | 2.89,0.932,0.000,0,1,0,0,0,0,-1,0,0,0,,0,,0,,0,0,931.75,0,1
17253895066,387,2,2,8,8,11.8,0,0,0.11 | 0.11 | 0.11,0,1.38 | 1.66 | 1.89,0,2.12 | 2.41 | 2.89,0.932,0.000,0,1,0,0,0,0,-1,0,0,0,,0,,0,,0,0,931.75,0,1
17253895067,387,2,2,8,8,11.8,0,0,0.11 | 0.11 | 0.11,0,1.38 | 1.66 | 1.89,0,2.12 | 2.41 | 2.89,0.932,0.000,0,1,0,0,0,0,-1,0,0,0,,0,,0,,0,0,931.75,0,1
17253895068,387,2,2,8,8,11.8,0,0,0.11 | 0.11 | 0.11,0,1.38 | 1.66 | 1.89,0,2.12 | 2.41 | 2.89,0.932,0.000,0,1,0,0,0,0,-1,0,0,0,,0,,0,,0,0,931.75,0,1
17253895069,387,2,2,8,8,10.713,0,0,0.11 | 0.11 | 0.11,0,1.38 | 1.66 | 1.89,0,2.12 | 2.41 | 2.89,0.932,0.000,0,1,0,0,0,0,-1,0,0,0,,0,,0,,0,0,931.75,0,1
17253895070,387,2,2,8,8,10.713,0,0,0.11 | 0.11 | 0.11,0,1.38 | 1.66 | 1.89,0,2.12 | 2.41 | 2.89,0.932,0.000,0,1,0,0,0,0,-1,0,0,0,,0,,0,,0,0,931.75,0,1
17253895071,387,2,2,8,8,10.713,0,0,0.11 | 0.11 | 0.11,0,1.38 | 1.66 | 1.89,0,2.12 | 2.41 | 2.89,0.932,0.000,0,1,0,0,0,0,-1,0,0,0,,0,,0,,0,0,931.75,0,1
17253895072,387,2,2,8,8,10.713,0,0,0.11 | 0.11 | 0.11,0,1.38 | 1.66 | 1.89,0,2.12 | 2.41 | 2.89,0.932,0.000,0,1,0,0,0,0,-1,0,0,0,,0,,0,,0,0,931.75,0,1
17253895073,387,2,2,8,8,10.713,0,0,0.11 | 0.11 | 0.11,0,1.38 | 1.66 | 1.89,0,2.12 | 2.41 | 2.89,0.932,0.000,0,1,0,0,0,0,-1,0,0,0,,0,,0,,0,0,931.75,0,1
17253895074,387,2,2,8,8,10.713,0,0,0.11 | 0.11 | 0.11,0,1.38 | 1.66 | 1.89,0,2.12 | 2.41 | 2.89,0.932,0.000,0,1,0,0,0,0,-1,0,0,0,,0,,0,,0,0,931.75,0,1
17253895075,387,2,2,8,8,10.713,0,0,0.11 | 0.11 | 0.11,0,1.38 | 1.66 | 1.89,0,2.12 | 2.41 | 2.89,0.932,0.000,0,1,0,0,0,0,-1,0,0,0,,0,,0,,0,0,931.75,0,1
17253895076,387,2,2,8,8,10.713,0,0,0.11 | 0.11 | 0.11,0,1.38 | 1.66 | 1.89,0,2.12 | 2.41 | 2.89,0.932,0.000,0,1,0,0,0,0,-1,0,0,0,,0,,0,,0,0,931.75,0,1
17253895077,387,2,2,8,8,10.713,0,0,0.11 | 0.11 | 0.11,0,1.38 | 1.66 | 1.89,0,2.12 | 2.41 | 2.89,0.932,0.000,0,1,0,0,0,0,-1,0,0,0,,0,,0,,0,0,931.75,0,1
17253895078,387,2,2,8,8,10.713,0,0,0.11 | 0.11 | 0.11,0,1.38 | 1.66 | 1.89,0,2.12 | 2.41 | 2.89,0.932,0.000,0,1,0,0,0,0,-1,0,0,0,,0,,0,,0,0,931.75,0,1
17253895079,387,2,2,8,8,12.937,0,0,0.11 | 0.11 | 0.11,0,1.38 | 1.64 | 1.89,0,2.12 | 2.44 | 2.89,0.946,0.000,0,1,0,0,0,0,-1,0,0,0,,0,,0,,0,0,945.75,0,1
17253895080,387,2,2,8,8,12.937,0,0,0.11 | 0.11 | 0.11,0,1.38 | 1.64 | 1.89,0,2.12 | 2.44 | 2.89,0.946,0.000,0,1,0,0,0,0,-1,0,0,0,,0,,0,,0,0,945.75,0,1
17253895081,387,2,2,8,8,12.937,0,0,0.11 | 0.11 | 0.11,0,1.38 | 1.64 | 1.89,0,2.12 | 2.44 | 2.89,0.946,0.000,0,1,0,0,0,0,-1,0,0,0,,0,,0,,0,0,945.75,0,1
17253895082,387,2,2,8,8,12.937,0,0,0.11 | 0.11 | 0.11,0,1.38 | 1.64 | 1.89,0,2.12 | 2.44 | 2.89,0.946,0.000,0,1,0,0,0,0,-1,0,0,0,,0,,0,,0,0,945.75,0,1
17253895083,387,2,2,8,8,12.937,0,0,0.11 | 0.11 | 0.11,0,1.38 | 1.64 | 1.89,0,2.12 | 2.44 | 2.89,0.946,0.000,0,1,0,0,0,0,-1,0,0,0,,0,,0,,0,0,945.75,0,1
17253895084,387,2,2,8,8,12.937,0,0,0.11 | 0.11 | 0.11,0,1.38 | 1.64 | 1.89,0,2.12 | 2.44 | 2.89,0.946,0.000,0,1,0,0,0,0,-1,0,0,0,,0,,0,,0,0,945.75,0,1
17253895085,387,2,2,8,8,12.937,0,0,0.11 | 0.11 | 0.11,0,1.38 | 1.64 | 1.89,0,2.12 | 2.44 | 2.89,0.946,0.000,0,1,0,0,0,0,-1,0,0,0,,0,,0,,0,0,945.75,0,1
17253895086,387,2,2,8,8,12.937,0,0,0.11 | 0.11 | 0.11,0,1.38 | 1.64 | 1.89,0,2.12 | 2.44 | 2.89,0.946,0.000,0,1,0,0,0,0,-1,0,0,0,,0,,0,,0,0,945.75,0,1
17253895087,387,2,2,8,8,12.937,0,0,0.11 | 0.11 | 0.11,0,1.38 | 1.64 | 1.89,0,2.12 | 2.44 | 2.89,0.946,0.000,0,1,0,0,0,0,-1,0,0,0,,0,,0,,0,0,945.75,0,1
17253895088,387,2,2,8,8,12.937,0,0,0.11 | 0.11 | 0.11,0,1.38 | 1.64 | 1.89,0,2.12 | 2.44 | 2.89,0.946,0.000,0,1,0,0,0,0,-1,0,0,0,,0,,0,,0,0,945.75,0,1
17253895089,387,2,2,8,8,12.078,0,0,0.11 | 0.11 | 0.11,0,1.38 | 1.64 | 1.89,0,2.12 | 2.44 | 2.89,0.946,0.000,0,1,0,0,0,0,-1,0,0,0,,0,,0,,0,0,945.75,0,1
17253895090,387,2,2,8,8,12.078,0,0,0.11 | 0.11 | 0.11,0,1.38 | 1.64 | 1.89,0,2.12 | 2.44 | 2.89,0.946,0.000,0,1,0,0,0,0,-1,0,0,0,,0,,0,,0,0,945.75,0,1
17253895091,387,2,2,8,8,12.078,0,0,0.11 | 0.11 | 0.11,0,1.38 | 1.64 | 1.89,0,2.12 | 2.44 | 2.89,0.946,0.000,0,1,0,0,0,0,-1,0,0,0,,0,,0,,0,0,945.75,0,1
17253895092,387,2,2,8,8,12.078,0,0,0.11 | 0.11 | 0.11,0,1.38 | 1.64 | 1.89,0,2.12 | 2.44 | 2.89,0.946,0.000,0,1,0,0,0,0,-1,0,0,0,,0,,0,,0,0,945.75,0,1
17253895093,387,2,2,8,8,12.078,0,0,0.11 | 0.11 | 0.11,0,1.38 | 1.64 | 1.89,0,2.12 | 2.44 | 2.89,0.946,0.000,0,1,0,0,0,0,-1,0,0,0,,0,,0,,0,0,945.75,0,1
17253895094,387,2,2,8,8,12.078,0,0,0.11 | 0.11 | 0.11,0,1.38 | 1.64 | 1.89,0,2.12 | 2.44 | 2.89,0.946,0.000,0,1,0,0,0,0,-1,0,0,0,,0,,0,,0,0,945.75,0,1
17253895095,387,2,2,8,8,12.078,0,0,0.11 | 0.11 | 0.11,0,1.38 | 1.64 | 1.89,0,2.12 | 2.44 | 2.89,0.946,0.000,0,1,0,0,0,0,-1,0,0,0,,0,,0,,0,0,945.75,0,1
17253895096,387,2,2,8,8,12.078,0,0,0.11 | 0.11 | 0.11,0,1.38 | 1.64 | 1.89,0,2.12 | 2.44 | 2.89,0.946,0.000,0,1,0,0,0,0,-1,0,0,0,,0,,0,,0,0,945.75,0,1
17253895097,387,2,2,8,8,12.078,0,0,0.11 | 0.11 | 0.11,0,1.38 | 1.64 | 1.89,0,2.12 | 2.44 | 2.89,0.946,0.000,0,1,0,0,0,0,-1,0,0,0,,0,,0,,0,0,945.75,0,1
17253895098,387,2,2,8,8,12.078,0,0,0.11 | 0.11 | 0.11,0,1.38 | 1.64 | 1.89,0,2.12 | 2.44 | 2.89,0.946,0.000,0,1,0,0,0,0,-1,0,0,0,,0,,0,,0,0,945.75,0,1
17253895099,387,2,2,8,8,11.016,0,0,0.11 | 0.11 | 0.11,0,1.38 | 1.64 | 1.89,0,2.12 | 2.44 | 2.89,0.946,0.000,0,1,0,0,0,0,-1,0,0,0,,0,,0,,0,0,945.75,0,1
17253895100,387,2,2,8,8,11.016,0,0,0.11 | 0.11 | 0.11,0,1.38 | 1.64 | 1.89,0,2.12 | 2.44 | 2.89,0.946,0.000,0,1,0,0,0,0,-1,0,0,0,,0,,0,,0,0,945.75,0,1
17253895101,387,2,2,8,8,11.016,0,0,0.11 | 0.11 | 0.11,0,1.38 | 1.64 | 1.89,0,2.12 | 2.44 | 2.89,0.946,0.000,0,1,0,0,0,0,-1,0,0,0,,0,,0,,0,0,945.75,0,1
17253895102,387,2,2,8,8,11.016,0,0,0.11 | 0.11 | 0.11,0,1.38 | 1.64 | 1.89,0,2.12 | 2.44 | 2.89,0.946,0.000,0,1,0,0,0,0,-1,0,0,0,,0,,0,,0,0,945.75,0,1
17253895103,387,2,2,8,8,11.016,0,0,0.11 | 0.11 | 0.11,0,1.38 | 1.64 | 1.89,0,2.12 | 2.44 | 2.89,0.946,0.000,0,1,0,0,0,0,-1,0,0,0,,0,,0,,0,0,945.75,0,1
17253895104,387,2,2,8,8,11.016,0,0,0.11 | 0.11 | 0.11,0,1.38 | 1.64 | 1.89,0,2.12 | 2.44 | 2.89,0.946,0.000,0,1,0,0,0,0,-1,0,0,0,,0,,0,,0,0,945.75,0,1
17253895105,387,2,2,8,8,11.016,0,0,0.11 | 0.11 | 0.11,0,1.38 | 1.64 | 1.89,0,2.12 | 2.44 | 2.89,0.946,0.000,0,1,0,0,0,0,-1,0,0,0,,0,,0,,0,0,945.75,0,1
17253895106,387,2,2,8,8,11.016,0,0,0.11 | 0.11 | 0.11,0,1.38 | 1.64 | 1.89,0,2.12 | 2.44 | 2.89,0.946,0.000,0,1,0,0,0,0,-1,0,0,0,,0,,0,,0,0,945.75,0,1
17253895107,387,2,2,8,8,11.016,0,0,0.11 | 0.11 | 0.11,0,1.38 | 1.64 | 1.89,0,2.12 | 2.44 | 2.89,0.946,0.000,0,1,0,0,0,0,-1,0,0,0,,0,,0,,0,0,945.75,0,1
17253895108,387,2,2,8,8,11.016,0,0,0.11 | 0.11 | 0.11,0,1.38 | 1.64 | 1.89,0,2.12 | 2.44 | 2.89,0.946,0.000,0,1,0,0,0,0,-1,0,0,0,,0,,0,,0,0,945.75,0,1
17253895109,387,2,2,8,8,9.953,0,0,0.11 | 0.11 | 0.11,0,1.38 | 1.64 | 1.89,0,2.12 | 2.44 | 2.89,0.946,0.000,0,1,0,0,0,0,-1,0,0,0,,0,,0,,0,0,945.75,0,1
17253895110,387,2,2,8,8,9.953,0,0,0.11 | 0.11 | 0.11,0,1.38 | 1.64 | 1.89,0,2.12 | 2.44 | 2.89,0.946,0.000,0,1,0,0,0,0,-1,0,0,0,,0,,0,,0,0,945.75,0,1
17253895111,387,2,2,8,8,9.953,0,0,0.11 | 0.11 | 0.11,0,1.38 | 1.64 | 1.89,0,2.12 | 2.44 | 2.89,0.946,0.000,0,1,0,0,0,0,-1,0,0,0,,0,,0,,0,0,945.75,0,1
17253895112,387,2,2,8,8,9.953,0,0,0.11 | 0.11 | 0.11,0,1.38 | 1.64 | 1.89,0,2.12 | 2.44 | 2.89,0.946,0.000,0,1,0,0,0,0,-1,0,0,0,,0,,0,,0,0,945.75,0,1
17253895113,387,2,2,8,8,9.953,0,0,0.11 | 0.11 | 0.11,0,1.38 | 1.64 | 1.89,0,2.12 | 2.44 | 2.89,0.946,0.000,0,1,0,0,0,0,-1,0,0,0,,0,,0,,0,0,945.75,0,1
17253895114,387,2,2,8,8,9.953,0,0,0.11 | 0.11 | 0.11,0,1.38 | 1.64 | 1.89,0,2.12 | 2.44 | 2.89,0.946,0.000,0,1,0,0,0,0,-1,0,0,0,,0,,0,,0,0,945.75,0,1
17253895115,387,2,2,8,8,9.953,0,0,0.11 | 0.11 | 0.11,0,1.38 | 1.64 | 1.89,0,2.12 | 2.44 | 2.89,0.946,0.000,0,1,0,0,0,0,-1,0,0,0,,0,,0,,0,0,945.75,0,1
17253895116,387,2,2,8,8,9.953,0,0,0.11 | 0.11 | 0.11,0,1.38 | 1.64 | 1.89,0,2.12 | 2.44 | 2.89,0.946,0.000,0,1,0,0,0,0,-1,0,0,0,,0,,0,,0,0,945.75,0,1
17253895117,387,2,2,8,8,9.953,0,0,0.11 | 0.11 | 0.11,0,1.38 | 1.64 | 1.89,0,2.12 | 2.44 | 2.89,0.946,0.000,0,1,0,0,0,0,-1,0,0,0,,0,,0,,0,0,945.75,0,1
17253895118,387,2,2,8,8,9.953,0,0,0.11 | 0.11 | 0.11,0,1.38 | 1.64 | 1.89,0,2.12 | 2.44 | 2.89,0.946,0.000,0,1,0,0,0,0,-1,0,0,0,,0,,0,,0,0,945.75,0,1
17253895119,387,2,2,8,8,13.722,0,0,0.11 | 0.11 | 0.11,0,1.38 | 1.75 | 2.36,0,1.70 | 2.28 | 2.89,0.938,0.000,0,1,0,0,0,0,-1,0,0,0,,0,,0,,0,0,938,0,1
17253895120,387,2,2,8,8,13.722,0,0,0.11 | 0.11 | 0.11,0,1.38 | 1.75 | 2.36,0,1.70 | 2.28 | 2.89,0.938,0.000,0,1,0,0,0,0,-1,0,0,0,,0,,0,,0,0,938,0,1
17253895121,387,2,2,8,8,13.722,0,0,0.11 | 0.11 | 0.11,0,1.38 | 1.75 | 2.36,0,1.70 | 2.28 | 2.89,0.938,0.000,0,1,0,0,0,0,-1,0,0,0,,0,,0,,0,0,938,0,1
17253895122,387,2,2,8,8,13.722,0,0,0.11 | 0.11 | 0.11,0,1.38 | 1.75 | 2.36,0,1.70 | 2.28 | 2.89,0.938,0.000,0,1,0,0,0,0,-1,0,0,0,,0,,0,,0,0,938,0,1
17253895123,387,2,2,8,8,13.722,0,0,0.11 | 0.11 | 0.11,0,1.38 | 1.75 | 2.36,0,1.70 | 2.28 | 2.89,0.938,0.000,0,1,0,0,0,0,-1,0,0,0,,0,,0,,0,0,938,0,1
17253895124,387,2,2,8,8,13.722,0,0,0.11 | 0.11 | 0.11,0,1.38 | 1.75 | 2.36,0,1.70 | 2.28 | 2.89,0.938,0.000,0,1,0,0,0,0,-1,0,0,0,,0,,0,,0,0,938,0,1
17253895125,387,2,2,8,8,13.722,0,0,0.11 | 0.11 | 0.11,0,1.38 | 1.75 | 2.36,0,1.70 | 2.28 | 2.89,0.938,0.000,0,1,0,0,0,0,-1,0,0,0,,0,,0,,0,0,938,0,1
17253895126,387,2,2,8,8,13.722,0,0,0.11 | 0.11 | 0.11,0,1.38 | 1.75 | 2.36,0,1.70 | 2.28 | 2.89,0.938,0.000,0,1,0,0,0,0,-1,0,0,0,,0,,0,,0,0,938,0,1
17253895127,387,2,2,8,8,13.722,0,0,0.11 | 0.11 | 0.11,0,1.38 | 1.75 | 2.36,0,1.70 | 2.28 | 2.89,0.938,0.000,0,1,0,0,0,0,-1,0,0,0,,0,,0,,0,0,938,0,1
17253895128,387,2,2,8,8,13.722,0,0,0.11 | 0.11 | 0.11,0,1.38 | 1.75 | 2.36,0,1.70 | 2.28 | 2.89,0.938,0.000,0,1,0,0,0,0,-1,0,0,0,,0,,0,,0,0,938,0,1
17253895129,387,2,2,8,8,12.894,0,0,0.11 | 0.11 | 0.11,0,1.38 | 1.75 | 2.36,0,1.70 | 2.28 | 2.89,0.938,0.000,0,1,0,0,0,0,-1,0,0,0,,0,,0,,0,0,938,0,1
17253895130,387,2,2,8,8,12.894,0,0,0.11 | 0.11 | 0.11,0,1.38 | 1.75 | 2.36,0,1.70 | 2.28 | 2.89,0.938,0.000,0,1,0,0,0,0,-1,0,0,0,,0,,0,,0,0,938,0,1
17253895131,387,2,2,8,8,12.894,0,0,0.11 | 0.11 | 0.11,0,1.38 | 1.75 | 2.36,0,1.70 | 2.28 | 2.89,0.938,0.000,0,1,0,0,0,0,-1,0,0,0,,0,,0,,0,0,938,0,1
17253895132,387,2,2,8,8,12.894,0,0,0.11 | 0.11 | 0.11,0,1.38 | 1.75 | 2.36,0,1.70 | 2.28 | 2.89,0.938,0.000,0,1,0,0,0,0,-1,0,0,0,,0,,0,,0,0,938,0,1
17253895133,387,2,2,8,8,12.894,0,0,0.11 | 0.11 | 0.11,0,1.38 | 1.75 | 2.36,0,1.70 | 2.28 | 2.89,0.938,0.000,0,1,0,0,0,0,-1,0,0,0,,0,,0,,0,0,938,0,1
17253895134,387,2,2,8,8,12.894,0,0,0.11 | 0.11 | 0.11,0,1.38 | 1.75 | 2.36,0,1.70 | 2.28 | 2.89,0.938,0.000,0,1,0,0,0,0,-1,0,0,0,,0,,0,,0,0,938,0,1
17253895135,387,2,2,8,8,12.894,0,0,0.11 | 0.11 | 0.11,0,1.38 | 1.75 | 2.36,0,1.70 | 2.28 | 2.89,0.938,0.000,0,1,0,0,0,0,-1,0,0,0,,0,,0,,0,0,938,0,1
17253895136,387,2,2,8,8,12.894,0,0,0.11 | 0.11 | 0.11,0,1.38 | 1.75 | 2.36,0,1.70 | 2.28 | 2.89,0.938,0.000,0,1,0,0,0,0,-1,0,0,0,,0,,0,,0,0,938,0,1
17253895137,387,2,2,8,8,12.894,0,0,0.11 | 0.11 | 0.11,0,1.38 | 1.75 | 2.36,0,1.70 | 2.28 | 2.89,0.938,0.000,0,1,0,0,0,0,-1,0,0,0,,0,,0,,0,0,938,0,1
17253895138,387,2,2,8,8,12.894,0,0,0.11 | 0.11 | 0.11,0,1.38 | 1.75 | 2.36,0,1.70 | 2.28 | 2.89,0.938,0.000,0,1,0,0,0,0,-1,0,0,0,,0,,0,,0,0,938,0,1
17253895139,387,2,2,8,8,11.832,0,0,0.11 | 0.11 | 0.11,0,1.38 | 1.75 | 2.36,0,1.70 | 2.28 | 2.89,0.938,0.000,0,1,0,0,0,0,-1,0,0,0,,0,,0,,0,0,938,0,1
17253895140,387,2,2,8,8,11.832,0,0,0.11 | 0.11 | 0.11,0,1.38 | 1.75 | 2.36,0,1.70 | 2.28 | 2.89,0.938,0.000,0,1,0,0,0,0,-1,0,0,0,,0,,0,,0,0,938,0,1
17253895141,387,2,2,8,8,11.832,0,0,0.11 | 0.11 | 0.11,0,1.38 | 1.75 | 2.36,0,1.70 | 2.28 | 2.89,0.938,0.000,0,1,0,0,0,0,-1,0,0,0,,0,,0,,0,0,938,0,1
17253895142,387,2,2,8,8,11.832,0,0,0.11 | 0.11 | 0.11,0,1.38 | 1.75 | 2.36,0,1.70 | 2.28 | 2.89,0.938,0.000,0,1,0,0,0,0,-1,0,0,0,,0,,0,,0,0,938,0,1
17253895143,387,2,2,8,8,11.832,0,0,0.11 | 0.11 | 0.11,0,1.38 | 1.75 | 2.36,0,1.70 | 2.28 | 2.89,0.938,0.000,0,1,0,0,0,0,-1,0,0,0,,0,,0,,0,0,938,0,1
17253895144,387,2,2,8,8,11.832,0,0,0.11 | 0.11 | 0.11,0,1.38 | 1.75 | 2.36,0,1.70 | 2.28 | 2.89,0.938,0.000,0,1,0,0,0,0,-1,0,0,0,,0,,0,,0,0,938,0,1
17253895145,387,2,2,8,8,11.832,0,0,0.11 | 0.11 | 0.11,0,1.38 | 1.75 | 2.36,0,1.70 | 2.28 | 2.89,0.938,0.000,0,1,0,0,0,0,-1,0,0,0,,0,,0,,0,0,938,0,1
17253895146,387,2,2,8,8,11.832,0,0,0.11 | 0.11 | 0.11,0,1.38 | 1.75 | 2.36,0,1.70 | 2.28 | 2.89,0.938,0.000,0,1,0,0,0,0,-1,0,0,0,,0,,0,,0,0,938,0,1
17253895147,387,2,2,8,8,11.832,0,0,0.11 | 0.11 | 0.11,0,1.38 | 1.75 | 2.36,0,1.70 | 2.28 | 2.89,0.938,0.000,0,1,0,0,0,0,-1,0,0,0,,0,,0,,0,0,938,0,1
17253895148,387,2,2,8,8,11.832,0,0,0.11 | 0.11 | 0.11,0,1.38 | 1.75 | 2.36,0,1.70 | 2.28 | 2.89,0.938,0.000,0,1,0,0,0,0,-1,0,0,0,,0,,0,,0,0,938,0,1
17253895149,387,2,2,8,8,10.769,0,0,0.11 | 0.11 | 0.11,0,1.38 | 1.75 | 2.36,0,1.70 | 2.28 | 2.89,0.938,0.000,0,1,0,0,0,0,-1,0,0,0,,0,,0,,0,0,938,0,1
17253895150,387,2,2,8,8,10.769,0,0,0.11 | 0.11 | 0.11,0,1.38 | 1.75 | 2.36,0,1.70 | 2.28 | 2.89,0.938,0.000,0,1,0,0,0,0,-1,0,0,0,,0,,0,,0,0,938,0,1
17253895151,387,2,2,8,8,10.769,0,0,0.11 | 0.11 | 0.11,0,1.38 | 1.75 | 2.36,0,1.70 | 2.28 | 2.89,0.938,0.000,0,1,0,0,0,0,-1,0,0,0,,0,,0,,0,0,938,0,1
17253895152,387,2,2,8,8,10.769,0,0,0.11 | 0.11 | 0.11,0,1.38 | 1.75 | 2.36,0,1.70 | 2.28 | 2.89,0.938,0.000,0,1,0,0,0,0,-1,0,0,0,,0,,0,,0,0,938,0,1
17253895153,387,2,2,8,8,10.769,0,0,0.11 | 0.11 | 0.11,0,1.38 | 1.75 | 2.36,0,1.70 | 2.28 | 2.89,0.938,0.000,0,1,0,0,0,0,-1,0,0,0,,0,,0,,0,0,938,0,1
17253895154,387,2,2,8,8,10.769,0,0,0.11 | 0.11 | 0.11,0,1.38 | 1.75 | 2.36,0,1.70 | 2.28 | 2.89,0.938,0.000,0,1,0,0,0,0,-1,0,0,0,,0,,0,,0,0,916,0,1
17253895155,387,2,2,8,8,10.769,0,0,0.11 | 0.11 | 0.11,0,1.38 | 1.75 | 2.36,0,1.70 | 2.28 | 2.89,0.938,0.000,0,1,0,0,0,0,-1,0,0,0,,0,,0,,0,0,916,0,1
17253895156,387,2,2,8,8,10.769,0,0,0.11 | 0.11 | 0.11,0,1.38 | 1.75 | 2.36,0,1.70 | 2.28 | 2.89,0.938,0.000,0,1,0,0,0,0,-1,0,0,0,,0,,0,,0,0,916,0,1
17253895157,387,2,2,8,8,10.769,0,0,0.11 | 0.11 | 0.11,0,1.38 | 1.75 | 2.36,0,1.70 | 2.28 | 2.89,0.938,0.000,0,1,0,0,0,0,-1,0,0,0,,0,,0,,0,0,916,0,1
17253895158,387,2,2,8,8,10.769,0,0,0.11 | 0.11 | 0.11,0,1.38 | 1.75 | 2.36,0,1.70 | 2.28 | 2.89,0.938,0.000,0,1,0,0,0,0,-1,0,0,0,,0,,0,,0,0,916,0,1
17253895159,387,2,2,8,8,12.907,0,0,0.10 | 0.11 | 0.11,0,1.44 | 1.77 | 2.36,0,1.70 | 2.26 | 2.78,0.916,0.000,0,1,0,0,0,0,-1,0,0,0,,0,,0,,0,0,916,0,1
17253895160,387,2,2,8,8,12.907,0,0,0.10 | 0.11 | 0.11,0,1.44 | 1.77 | 2.36,0,1.70 | 2.26 | 2.78,0.916,0.000,0,1,0,0,0,0,-1,0,0,0,,0,,0,,0,0,916,0,1
17253895161,387,2,2,8,8,12.907,0,0,0.10 | 0.11 | 0.11,0,1.44 | 1.77 | 2.36,0,1.70 | 2.26 | 2.78,0.916,0.000,0,1,0,0,0,0,-1,0,0,0,,0,,0,,0,0,916,0,1
17253895162,387,2,2,8,8,12.907,0,0,0.10 | 0.11 | 0.11,0,1.44 | 1.77 | 2.36,0,1.70 | 2.26 | 2.78,0.916,0.000,0,1,0,0,0,0,-1,0,0,0,,0,,0,,0,0,916,0,1
17253895163,387,2,2,8,8,12.907,0,0,0.10 | 0.11 | 0.11,0,1.44 | 1.77 | 2.36,0,1.70 | 2.26 | 2.78,0.916,0.000,0,1,0,0,0,0,-1,0,0,0,,0,,0,,0,0,916,0,1
17253895164,387,2,2,8,8,12.907,0,0,0.10 | 0.11 | 0.11,0,1.44 | 1.77 | 2.36,0,1.70 | 2.26 | 2.78,0.916,0.000,0,1,0,0,0,0,-1,0,0,0,,0,,0,,0,0,916,0,1
17253895165,387,2,2,8,8,12.907,0,0,0.10 | 0.11 | 0.11,0,1.44 | 1.77 | 2.36,0,1.70 | 2.26 | 2.78,0.916,0.000,0,1,0,0,0,0,-1,0,0,0,,0,,0,,0,0,916,0,1
17253895166,387,2,2,8,8,12.907,0,0,0.10 | 0.11 | 0.11,0,1.44 | 1.77 | 2.36,0,1.70 | 2.26 | 2.78,0.916,0.000,0,1,0,0,0,0,-1,0,0,0,,0,,0,,0,0,916,0,1
17253895167,387,2,2,8,8,12.907,0,0,0.10 | 0.11 | 0.11,0,1.44 | 1.77 | 2.36,0,1.70 | 2.26 | 2.78,0.916,0.000,0,1,0,0,0,0,-1,0,0,0,,0,,0,,0,0,916,0,1
17253895168,387,2,2,8,8,12.907,0,0,0.10 | 0.11 | 0.11,0,1.44 | 1.77 | 2.36,0,1.70 | 2.26 | 2.78,0.916,0.000,0,1,0,0,0,0,-1,0,0,0,,0,,0,,0,0,916,0,1
17253895169,772,2,4,8,8,11.913,0,0,0.10 | 0.11 | 0.11,0,1.44 | 1.77 | 2.36,0,1.70 | 2.26 | 2.78,0.916,0.000,0,1,0,0,0,0,-1,0,0,0,,0,,0,,0,0,916,0,1
17253895170,772,2,4,8,8,11.913,0,0,0.10 | 0.11 | 0.11,0,1.44 | 1.77 | 2.36,0,1.70 | 2.26 | 2.78,0.916,0.000,0,1,0,0,0,0,-1,0,0,0,,0,,0,,0,0,916,0,1
17253895171,772,2,4,8,8,11.913,0,0,0.10 | 0.11 | 0.11,0,1.44 | 1.77 | 2.36,0,1.70 | 2.26 | 2.78,0.916,0.000,0,1,0,0,0,0,-1,0,0,0,,0,,0,,0,0,916,0,1
17253895172,772,2,4,8,8,11.913,0,0,0.10 | 0.11 | 0.11,0,1.44 | 1.77 | 2.36,0,1.70 | 2.26 | 2.78,0.916,0.000,0,1,0,0,0,0,-1,0,0,0,,0,,0,,0,0,916,0,1
17253895173,772,2,4,8,8,11.913,0,0,0.10 | 0.11 | 0.11,0,1.44 | 1.77 | 2.36,0,1.70 | 2.26 | 2.78,0.916,0.000,0,1,0,0,0,0,-1,0,0,0,,0,,0,,0,0,916,0,1
17253895174,772,2,4,8,8,11.913,0,0,0.10 | 0.11 | 0.11,0,1.44 | 1.77 | 2.36,0,1.70 | 2.26 | 2.78,0.916,0.000,0,1,0,0,0,0,-1,0,0,0,,0,,0,,0,0,916,0,1
17253895175,772,2,4,8,8,11.913,0,0,0.10 | 0.11 | 0.11,0,1.44 | 1.77 | 2.36,0,1.70 | 2.26 | 2.78,0.916,0.000,0,1,0,0,0,0,-1,0,0,0,,0,,0,,0,0,916,0,1
17253895176,772,2,4,8,8,11.913,0,0,0.10 | 0.11 | 0.11,0,1.44 | 1.77 | 2.36,0,1.70 | 2.26 | 2.78,0.916,0.000,0,1,0,0,0,0,-1,0,0,0,,0,,0,,0,0,916,0,1
17253895177,772,2,4,8,8,11.913,0,0,0.10 | 0.11 | 0.11,0,1.44 | 1.77 | 2.36,0,1.70 | 2.26 | 2.78,0.916,0.000,0,1,0,0,0,0,-1,0,0,0,,0,,0,,0,0,916,0,1
17253895178,772,2,4,8,8,11.913,0,0,0.10 | 0.11 | 0.11,0,1.44 | 1.77 | 2.36,0,1.70 | 2.26 | 2.78,0.916,0.000,0,1,0,0,0,0,-1,0,0,0,,0,,0,,0,0,916,0,1
17253895179,772,2,4,8,8,11.047,0,0,0.10 | 0.11 | 0.11,0,1.44 | 1.77 | 2.36,0,1.70 | 2.26 | 2.78,0.916,0.000,0,1,0,0,0,0,-1,0,0,0,,0,,0,,0,0,916,0,1
17253895180,772,2,4,8,8,11.047,0,0,0.10 | 0.11 | 0.11,0,1.44 | 1.77 | 2.36,0,1.70 | 2.26 | 2.78,0.916,0.000,0,1,0,0,0,0,-1,0,0,0,,0,,0,,0,0,916,0,1
17253895181,772,2,4,8,8,11.047,0,0,0.10 | 0.11 | 0.11,0,1.44 | 1.77 | 2.36,0,1.70 | 2.26 | 2.78,0.916,0.000,0,1,0,0,0,0,-1,0,0,0,,0,,0,,0,0,916,0,1
17253895182,772,2,4,8,8,11.047,0,0,0.10 | 0.11 | 0.11,0,1.44 | 1.77 | 2.36,0,1.70 | 2.26 | 2.78,0.916,0.000,0,1,0,0,0,0,-1,0,0,0,,0,,0,,0,0,916,0,1
17253895183,772,2,4,8,8,11.047,0,0,0.10 | 0.11 | 0.11,0,1.44 | 1.77 | 2.36,0,1.70 | 2.26 | 2.78,0.916,0.000,0,1,0,0,0,0,-1,0,0,0,,0,,0,,0,0,916,0,1
17253895184,772,2,4,8,8,11.047,0,0,0.10 | 0.11 | 0.11,0,1.44 | 1.77 | 2.36,0,1.70 | 2.26 | 2.78,0.916,0.000,0,1,0,0,0,0,-1,0,0,0,,0,,0,,0,0,916,0,1
17253895185,772,2,4,8,8,11.047,0,0,0.10 | 0.11 | 0.11,0,1.44 | 1.77 | 2.36,0,1.70 | 2.26 | 2.78,0.916,0.000,0,1,0,0,0,0,-1,0,0,0,,0,,0,,0,0,916,0,1
17253895186,772,2,4,8,8,11.047,0,0,0.10 | 0.11 | 0.11,0,1.44 | 1.77 | 2.36,0,1.70 | 2.26 | 2.78,0.916,0.000,0,1,0,0,0,0,-1,0,0,0,,0,,0,,0,0,916,0,1
17253895187,772,2,4,8,8,11.047,0,0,0.10 | 0.11 | 0.11,0,1.44 | 1.77 | 2.36,0,1.70 | 2.26 | 2.78,0.916,0.000,0,1,0,0,0,0,-1,0,0,0,,0,,0,,0,0,916,0,1
17253895188,772,2,4,8,8,11.047,0,0,0.10 | 0.11 | 0.11,0,1.44 | 1.77 | 2.36,0,1.70 | 2.26 | 2.78,0.916,0.000,0,1,0,0,0,0,-1,0,0,0,,0,,0,,0,0,916,0,1
17253895189,772,2,4,8,8,9.985,0,0,0.10 | 0.11 | 0.11,0,1.44 | 1.77 | 2.36,0,1.70 | 2.26 | 2.78,0.916,0.000,0,1,0,0,0,0,-1,0,0,0,,0,,0,,0,0,916,0,1
17253895190,772,2,4,8,8,9.985,0,0,0.10 | 0.11 | 0.11,0,1.44 | 1.77 | 2.36,0,1.70 | 2.26 | 2.78,0.916,0.000,0,1,0,0,0,0,-1,0,0,0,,0,,0,,0,0,916,0,1
17253895191,772,2,4,8,8,9.985,0,0,0.10 | 0.11 | 0.11,0,1.44 | 1.77 | 2.36,0,1.70 | 2.26 | 2.78,0.916,0.000,0,1,0,0,0,0,-1,0,0,0,,0,,0,,0,0,916,0,1
17253895192,772,2,4,8,8,9.985,0,0,0.10 | 0.11 | 0.11,0,1.44 | 1.77 | 2.36,0,1.70 | 2.26 | 2.78,0.916,0.000,0,1,0,0,0,0,-1,0,0,0,,0,,0,,0,0,916,0,1
17253895193,772,2,4,8,8,9.985,0,0,0.10 | 0.11 | 0.11,0,1.44 | 1.77 | 2.36,0,1.70 | 2.26 | 2.78,0.916,0.000,0,1,0,0,0,0,-1,0,0,0,,0,,0,,0,0,916,0,1
17253895194,772,2,4,8,8,9.985,0,0,0.10 | 0.11 | 0.11,0,1.44 | 1.77 | 2.36,0,1.70 | 2.26 | 2.78,0.916,0.000,0,1,0,0,0,0,-1,0,0,0,,0,,0,,0,0,916,0,1
17253895195,772,2,4,8,8,9.985,0,0,0.10 | 0.11 | 0.11,0,1.44 | 1.77 | 2.36,0,1.70 | 2.26 | 2.78,0.916,0.000,0,1,0,0,0,0,-1,0,0,0,,0,,0,,0,0,916,0,1
17253895196,772,2,4,8,8,9.985,0,0,0.10 | 0.11 | 0.11,0,1.44 | 1.77 | 2.36,0,1.70 | 2.26 | 2.78,0.916,0.000,0,1,0,0,0,0,-1,0,0,0,,0,,0,,0,0,916,0,1
17253895197,772,2,4,8,8,9.985,0,0,0.10 | 0.11 | 0.11,0,1.44 | 1.77 | 2.36,0,1.70 | 2.26 | 2.78,0.916,0.000,0,1,0,0,0,0,-1,0,0,0,,0,,0,,0,0,916,0,1
17253895198,772,2,4,8,8,9.985,0,0,0.10 | 0.11 | 0.11,0,1.44 | 1.77 | 2.36,0,1.70 | 2.26 | 2.78,0.916,0.000,0,1,0,0,0,0,-1,0,0,0,,0,,0,,0,0,916,0,1
17253895199,772,2,4,8,8,8.922,0,0,0.10 | 0.11 | 0.11,0,1.44 | 1.77 | 2.36,0,1.70 | 2.26 | 2.78,0.916,0.000,0,1,0,0,0,0,-1,0,0,0,,0,,0,,0,0,916,0,1
17253895200,772,2,4,8,8,8.922,0,0,0.10 | 0.11 | 0.11,0,1.44 | 1.77 | 2.36,0,1.70 | 2.26 | 2.78,0.916,0.000,0,1,0,0,0,0,-1,0,0,0,,0,,0,,0,0,916,0,1
17253895201,772,2,4,8,8,8.922,0,0,0.10 | 0.11 | 0.11,0,1.44 | 1.77 | 2.36,0,1.70 | 2.26 | 2.78,0.916,0.000,0,1,0,0,0,0,-1,0,0,0,,0,,0,,0,0,916,0,1
17253895202,772,2,4,8,8,8.922,0,0,0.10 | 0.11 | 0.11,0,1.44 | 1.77 | 2.36,0,1.70 | 2.26 | 2.78,0.916,0.000,0,1,0,0,0,0,-1,0,0,0,,0,,0,,0,0,916,0,1
17253895203,772,2,4,8,8,8.922,0,0,0.10 | 0.11 | 0.11,0,1.44 | 1.77 | 2.36,0,1.70 | 2.26 | 2.78,0.916,0.000,0,1,0,0,0,0,-1,0,0,0,,0,,0,,0,0,916,0,1
17253895204,772,2,4,8,8,8.922,0,0,0.10 | 0.11 | 0.11,0,1.44 | 1.77 | 2.36,0,1.70 | 2.26 | 2.78,0.916,0.000,0,1,0,0,0,0,-1,0,0,0,,0,,0,,0,0,916,0,1
17253895205,772,2,4,8,8,8.922,0,0,0.10 | 0.11 | 0.11,0,1.44 | 1.77 | 2.36,0,1.70 | 2.26 | 2.78,0.916,0.000,0,1,0,0,0,0,-1,0,0,0,,0,,0,,0,0,916,0,1
17253895206,772,2,4,8,8,8.922,0,0,0.10 | 0.11 | 0.11,0,1.44 | 1.77 | 2.36,0,1.70 | 2.26 | 2.78,0.916,0.000,0,1,0,0,0,0,-1,0,0,0,,0,,0,,0,0,916,0,1
17253895207,772,2,4,8,8,8.922,0,0,0.10 | 0.11 | 0.11,0,1.44 | 1.77 | 2.36,0,1.70 | 2.26 | 2.78,0.916,0.000,0,1,0,0,0,0,-1,0,0,0,,0,,0,,0,0,916,0,1
17253895208,772,2,4,8,8,8.922,0,0,0.10 | 0.11 | 0.11,0,1.44 | 1.77 | 2.36,0,1.70 | 2.26 | 2.78,0.916,0.000,0,1,0,0,0,0,-1,0,0,0,,0,,0,,0,0,916,0,1
17253895209,772,2,4,8,8,8.125,0,0,0.10 | 0.11 | 0.11,0,1.44 | 1.77 | 2.36,0,1.70 | 2.26 | 2.78,0.916,0.000,0,1,0,0,0,0,-1,0,0,0,,0,,0,,0,0,916,0,1
17253895210,772,2,4,8,8,8.125,0,0,0.10 | 0.11 | 0.11,0,1.44 | 1.77 | 2.36,0,1.70 | 2.26 | 2.78,0.916,0.000,0,1,0,0,0,0,-1,0,0,0,,0,,0,,0,0,916,0,1
17253895211,772,2,4,8,8,8.125,0,0,0.10 | 0.11 | 0.11,0,1.44 | 1.77 | 2.36,0,1.70 | 2.26 | 2.78,0.916,0.000,0,1,0,0,0,0,-1,0,0,0,,0,,0,,0,0,916,0,1
17253895212,772,2,4,8,8,8.125,0,0,0.10 | 0.11 | 0.11,0,1.44 | 1.77 | 2.36,0,1.70 | 2.26 | 2.78,0.916,0.000,0,1,0,0,0,0,-1,0,0,0,,0,,0,,0,0,916,0,1
17253895213,772,2,4,8,8,8.125,0,0,0.10 | 0.11 | 0.11,0,1.44 | 1.77 | 2.36,0,1.70 | 2.26 | 2.78,0.916,0.000,0,1,0,0,0,0,-1,0,0,0,,0,,0,,0,0,916,0,1
17253895214,772,2,4,8,8,8.125,0,0,0.10 | 0.11 | 0.11,0,1.44 | 1.77 | 2.36,0,1.70 | 2.26 | 2.78,0.916,0.000,0,1,0,0,0,0,-1,0,0,0,,0,,0,,0,0,916,0,1
17253895215,772,2,4,8,8,8.125,0,0,0.10 | 0.11 | 0.11,0,1.44 | 1.77 | 2.36,0,1.70 | 2.26 | 2.78,0.916,0.000,0,1,0,0,0,0,-1,0,0,0,,0,,0,,0,0,916,0,1
17253895216,772,2,4,8,8,8.125,0,0,0.10 | 0.11 | 0.11,0,1.44 | 1.77 | 2.36,0,1.70 | 2.26 | 2.78,0.916,0.000,0,1,0,0,0,0,-1,0,0,0,,0,,0,,0,0,916,0,1
17253895217,772,2,4,8,8,8.125,0,0,0.10 | 0.11 | 0.11,0,1.44 | 1.77 | 2.36,0,1.70 | 2.26 | 2.78,0.916,0.000,0,1,0,0,0,0,-1,0,0,0,,0,,0,,0,0,913.75,0,1
17253895218,772,4,4,8,8,8.125,0,0,0.10 | 0.11 | 0.11,0,1.44 | 1.77 | 2.36,0,1.70 | 2.26 | 2.78,0.916,0.000,0,1,0,0,0,0,-1,0,0,0,,0,,0,,0,0,913.75,0,1
17253895219,772,4,4,8,8,7.063,0,0,0.10 | 0.11 | 0.11,0,1.44 | 2.46 | 4.57,0,0.88 | 1.63 | 2.78,0.914,0.000,0,1,0,0,0,0,-1,0,0,0,,0,,0,,0,0,913.75,0,1
17253895220,772,4,4,8,8,7.063,0,0,0.10 | 0.11 | 0.11,0,1.44 | 2.46 | 4.57,0,0.88 | 1.63 | 2.78,0.914,0.000,0,1,0,0,0,0,-1,0,0,0,,0,,0,,0,0,913.75,0,1
17253895221,772,4,4,8,8,7.063,0,0,0.10 | 0.11 | 0.11,0,1.44 | 2.46 | 4.57,0,0.88 | 1.63 | 2.78,0.914,0.000,0,1,0,0,0,0,-1,0,0,0,,0,,0,,0,0,913.75,0,1
17253895222,772,4,4,8,8,7.063,0,0,0.10 | 0.11 | 0.11,0,1.44 | 2.46 | 4.57,0,0.88 | 1.63 | 2.78,0.914,0.000,0,1,0,0,0,0,-1,0,0,0,,0,,0,,0,0,913.75,0,1
17253895223,772,4,4,8,8,7.063,0,0,0.10 | 0.11 | 0.11,0,1.44 | 2.46 | 4.57,0,0.88 | 1.63 | 2.78,0.914,0.000,0,1,0,0,0,0,-1,0,0,0,,0,,0,,0,0,913.75,0,1
17253895224,772,4,4,8,8,7.063,0,0,0.10 | 0.11 | 0.11,0,1.44 | 2.46 | 4.57,0,0.88 | 1.63 | 2.78,0.914,0.000,0,1,0,0,0,0,-1,0,0,0,,0,,0,,0,0,913.75,0,1
17253895225,772,4,4,8,8,7.063,0,0,0.10 | 0.11 | 0.11,0,1.44 | 2.46 | 4.57,0,0.88 | 1.63 | 2.78,0.914,0.000,0,1,0,0,0,0,-1,0,0,0,,0,,0,,0,0,913.75,0,1
17253895226,772,4,4,8,8,7.063,0,0,0.10 | 0.11 | 0.11,0,1.44 | 2.46 | 4.57,0,0.88 | 1.63 | 2.78,0.914,0.000,0,1,0,0,0,0,-1,0,0,0,,0,,0,,0,0,913.75,0,1
17253895227,772,4,4,8,8,7.063,0,0,0.10 | 0.11 | 0.11,0,1.44 | 2.46 | 4.57,0,0.88 | 1.63 | 2.78,0.914,0.000,0,1,0,0,0,0,-1,0,0,0,,0,,0,,0,0,913.75,0,1
17253895228,772,4,4,8,8,7.063,0,0,0.10 | 0.11 | 0.11,0,1.44 | 2.46 | 4.57,0,0.88 | 1.63 | 2.78,0.914,0.000,0,1,0,0,0,0,-1,0,0,0,,0,,0,,0,0,913.75,0,1
17253895229,772,4,4,8,8,6,0,0,0.10 | 0.11 | 0.11,0,1.44 | 2.46 | 4.57,0,0.88 | 1.63 | 2.78,0.914,0.000,0,1,0,0,0,0,-1,0,0,0,,0,,0,,0,0,913.75,0,1
17253895230,772,4,4,8,8,6,0,0,0.10 | 0.11 | 0.11,0,1.44 | 2.46 | 4.57,0,0.88 | 1.63 | 2.78,0.914,0.000,0,1,0,0,0,0,-1,0,0,0,,0,,0,,0,0,913.75,0,1
17253895231,772,4,4,8,8,6,0,0,0.10 | 0.11 | 0.11,0,1.44 | 2.46 | 4.57,0,0.88 | 1.63 | 2.78,0.914,0.000,0,1,0,0,0,0,-1,0,0,0,,0,,0,,0,0,913.75,0,1
17253895232,772,4,4,8,8,6,0,0,0.10 | 0.11 | 0.11,0,1.44 | 2.46 | 4.57,0,0.88 | 1.63 | 2.78,0.914,0.000,0,1,0,0,0,0,-1,0,0,0,,0,,0,,0,0,913.75,0,1
17253895233,772,4,4,8,8,6,0,0,0.10 | 0.11 | 0.11,0,1.44 | 2.46 | 4.57,0,0.88 | 1.63 | 2.78,0.914,0.000,0,1,0,0,0,0,-1,0,0,0,,0,,0,,0,0,913.75,0,1
17253895234,772,4,4,8,8,6,0,0,0.10 | 0.11 | 0.11,0,1.44 | 2.46 | 4.57,0,0.88 | 1.63 | 2.78,0.914,0.000,0,1,0,0,0,0,-1,0,0,0,,0,,0,,0,0,913.75,0,1
17253895235,772,4,4,8,8,6,0,0,0.10 | 0.11 | 0.11,0,1.44 | 2.46 | 4.57,0,0.88 | 1.63 | 2.78,0.914,0.000,0,1,0,0,0,0,-1,0,0,0,,0,,0,,0,0,913.75,0,1
17253895236,772,4,4,8,8,6,0,0,0.10 | 0.11 | 0.11,0,1.44 | 2.46 | 4.57,0,0.88 | 1.63 | 2.78,0.914,0.000,0,1,0,0,0,0,-1,0,0,0,,0,,0,,0,0,913.75,0,1
17253895237,772,4,4,8,8,6,0,0,0.10 | 0.11 | 0.11,0,1.44 | 2.46 | 4.57,0,0.88 | 1.63 | 2.78,0.914,0.000,0,1,0,0,0,0,-1,0,0,0,,0,,0,,0,0,913.75,0,1
17253895238,772,4,4,8,8,6,0,0,0.10 | 0.11 | 0.11,0,1.44 | 2.46 | 4.57,0,0.88 | 1.63 | 2.78,0.914,0.000,0,1,0,0,0,0,-1,0,0,0,,0,,0,,0,0,913.75,0,1
17253895239,772,4,4,8,8,4.938,0,0,0.10 | 0.11 | 0.11,0,1.44 | 2.46 | 4.57,0,0.88 | 1.63 | 2.78,0.914,0.000,0,1,0,0,0,0,-1,0,0,0,,0,,0,,0,0,913.75,0,1
17253895240,772,4,4,8,8,4.938,0,0,0.10 | 0.11 | 0.11,0,1.44 | 2.46 | 4.57,0,0.88 | 1.63 | 2.78,0.914,0.000,0,1,0,0,0,0,-1,0,0,0,,0,,0,,0,0,913.75,0,1
17253895241,772,4,4,8,8,4.938,0,0,0.10 | 0.11 | 0.11,0,1.44 | 2.46 | 4.57,0,0.88 | 1.63 | 2.78,0.914,0.000,0,1,0,0,0,0,-1,0,0,0,,0,,0,,0,0,913.75,0,1
17253895242,772,4,4,8,8,4.938,0,0,0.10 | 0.11 | 0.11,0,1.44 | 2.46 | 4.57,0,0.88 | 1.63 | 2.78,0.914,0.000,0,1,0,0,0,0,-1,0,0,0,,0,,0,,0,0,913.75,0,1
17253895243,772,4,4,8,8,4.938,0,0,0.10 | 0.11 | 0.11,0,1.44 | 2.46 | 4.57,0,0.88 | 1.63 | 2.78,0.914,0.000,0,1,0,0,0,0,-1,0,0,0,,0,,0,,0,0,913.75,0,1
17253895244,387,4,2,8,8,4.938,0,0,0.10 | 0.11 | 0.11,0,1.44 | 2.46 | 4.57,0,0.88 | 1.63 | 2.78,0.914,0.000,0,1,0,0,0,0,-1,0,0,0,,0,,0,,0,0,913.5,0,1
17253895245,387,4,2,8,8,4.938,0,0,0.10 | 0.11 | 0.11,0,1.44 | 2.46 | 4.57,0,0.88 | 1.63 | 2.78,0.914,0.000,0,1,0,0,0,0,-1,0,0,0,,0,,0,,0,0,913.5,0,1
17253895246,387,4,2,8,8,4.938,0,0,0.10 | 0.11 | 0.11,0,1.44 | 2.46 | 4.57,0,0.88 | 1.63 | 2.78,0.914,0.000,0,1,0,0,0,0,-1,0,0,0,,0,,0,,0,0,913.5,0,1
17253895247,387,4,2,8,8,4.938,0,0,0.10 | 0.11 | 0.11,0,1.44 | 2.46 | 4.57,0,0.88 | 1.63 | 2.78,0.914,0.000,0,1,0,0,0,0,-1,0,0,0,,0,,0,,0,0,913.5,0,1
17253895248,387,4,2,8,8,4.938,0,0,0.10 | 0.11 | 0.11,0,1.44 | 2.46 | 4.57,0,0.88 | 1.63 | 2.78,0.914,0.000,0,1,0,0,0,0,-1,0,0,0,,0,,0,,0,0,913.5,0,1
17253895249,387,4,2,8,8,3.985,0,0,0.10 | 0.11 | 0.11,0,1.44 | 2.73 | 4.57,0,0.88 | 1.47 | 2.78,0.913,0.000,0,1,0,0,0,0,-1,0,0,0,,0,,0,,0,0,913.5,0,1
17253895250,387,4,2,8,8,3.985,0,0,0.10 | 0.11 | 0.11,0,1.44 | 2.73 | 4.57,0,0.88 | 1.47 | 2.78,0.913,0.000,0,1,0,0,0,0,-1,0,0,0,,0,,0,,0,0,913.5,0,1
17253895251,387,4,2,8,8,3.985,0,0,0.10 | 0.11 | 0.11,0,1.44 | 2.73 | 4.57,0,0.88 | 1.47 | 2.78,0.913,0.000,0,1,0,0,0,0,-1,0,0,0,,0,,0,,0,0,913.5,0,1
17253895252,387,4,2,8,8,3.985,0,0,0.10 | 0.11 | 0.11,0,1.44 | 2.73 | 4.57,0,0.88 | 1.47 | 2.78,0.913,0.000,0,1,0,0,0,0,-1,0,0,0,,0,,0,,0,0,913.5,0,1
17253895253,387,4,2,8,8,3.985,0,0,0.10 | 0.11 | 0.11,0,1.44 | 2.73 | 4.57,0,0.88 | 1.47 | 2.78,0.913,0.000,0,1,0,0,0,0,-1,0,0,0,,0,,0,,0,0,913.5,0,1
17253895254,387,4,2,8,8,3.985,0,0,0.10 | 0.11 | 0.11,0,1.44 | 2.73 | 4.57,0,0.88 | 1.47 | 2.78,0.913,0.000,0,1,0,0,0,0,-1,0,0,0,,0,,0,,0,0,913.5,0,1
17253895255,387,4,2,8,8,3.985,0,0,0.10 | 0.11 | 0.11,0,1.44 | 2.73 | 4.57,0,0.88 | 1.47 | 2.78,0.913,0.000,0,1,0,0,0,0,-1,0,0,0,,0,,0,,0,0,913.5,0,1
17253895256,387,4,2,8,8,3.985,0,0,0.10 | 0.11 | 0.11,0,1.44 | 2.73 | 4.57,0,0.88 | 1.47 | 2.78,0.913,0.000,0,1,0,0,0,0,-1,0,0,0,,0,,0,,0,0,913.5,0,1
17253895257,387,4,2,8,8,3.985,0,0,0.10 | 0.11 | 0.11,0,1.44 | 2.73 | 4.57,0,0.88 | 1.47 | 2.78,0.913,0.000,0,1,0,0,0,0,-1,0,0,0,,0,,0,,0,0,913.5,0,1
17253895258,387,4,2,8,8,3.985,0,0,0.10 | 0.11 | 0.11,0,1.44 | 2.73 | 4.57,0,0.88 | 1.47 | 2.78,0.913,0.000,0,1,0,0,0,0,-1,0,0,0,,0,,0,,0,0,913.5,0,1
17253895259,387,4,2,8,8,3.078,0,0,0.10 | 0.11 | 0.11,0,1.44 | 2.73 | 4.57,0,0.88 | 1.47 | 2.78,0.913,0.000,0,1,0,0,0,0,-1,0,0,0,,0,,0,,0,0,913.5,0,1
17253895260,387,4,2,8,8,3.078,0,0,0.10 | 0.11 | 0.11,0,1.44 | 2.73 | 4.57,0,0.88 | 1.47 | 2.78,0.913,0.000,0,1,0,0,0,0,-1,0,0,0,,0,,0,,0,0,913.5,0,1
17253895261,387,4,2,8,8,3.078,0,0,0.10 | 0.11 | 0.11,0,1.44 | 2.73 | 4.57,0,0.88 | 1.47 | 2.78,0.913,0.000,0,1,0,0,0,0,-1,0,0,0,,0,,0,,0,0,913.5,0,1
17253895262,387,4,2,8,8,3.078,0,0,0.10 | 0.11 | 0.11,0,1.44 | 2.73 | 4.57,0,0.88 | 1.47 | 2.78,0.913,0.000,0,1,0,0,0,0,-1,0,0,0,,0,,0,,0,0,913.5,0,1
17253895263,387,4,2,8,8,3.078,0,0,0.10 | 0.11 | 0.11,0,1.44 | 2.73 | 4.57,0,0.88 | 1.47 | 2.78,0.913,0.000,0,1,0,0,0,0,-1,0,0,0,,0,,0,,0,0,913.5,0,1
17253895264,387,4,2,8,8,3.078,0,0,0.10 | 0.11 | 0.11,0,1.44 | 2.73 | 4.57,0,0.88 | 1.47 | 2.78,0.913,0.000,0,1,0,0,0,0,-1,0,0,0,,0,,0,,0,0,913.5,0,1
17253895265,387,4,2,8,8,3.078,0,0,0.10 | 0.11 | 0.11,0,1.44 | 2.73 | 4.57,0,0.88 | 1.47 | 2.78,0.913,0.000,0,1,0,0,0,0,-1,0,0,0,,0,,0,,0,0,913.5,0,1
17253895266,387,4,2,8,8,3.078,0,0,0.10 | 0.11 | 0.11,0,1.44 | 2.73 | 4.57,0,0.88 | 1.47 | 2.78,0.913,0.000,0,1,0,0,0,0,-1,0,0,0,,0,,0,,0,0,913.5,0,1
17253895267,387,4,2,8,8,3.078,0,0,0.10 | 0.11 | 0.11,0,1.44 | 2.73 | 4.57,0,0.88 | 1.47 | 2.78,0.913,0.000,0,1,0,0,0,0,-1,0,0,0,,0,,0,,0,0,913.5,0,1
17253895268,580,4,3,8,8,3.078,0,0,0.10 | 0.11 | 0.11,0,1.44 | 2.73 | 4.57,0,0.88 | 1.47 | 2.78,0.913,0.000,0,1,0,0,0,0,-1,0,0,0,,0,,0,,0,0,910.75,0,1
17253895269,580,4,3,8,8,6.713,0,0,0.10 | 0.11 | 0.11,0,1.44 | 2.68 | 4.57,0,0.88 | 1.49 | 2.78,0.911,0.000,0,1,0,0,0,0,-1,0,0,0,,0,,0,,0,0,910.75,0,1
17253895270,580,4,3,8,8,6.713,0,0,0.10 | 0.11 | 0.11,0,1.44 | 2.68 | 4.57,0,0.88 | 1.49 | 2.78,0.911,0.000,0,1,0,0,0,0,-1,0,0,0,,0,,0,,0,0,910.75,0,1
17253895271,580,4,3,8,8,6.713,0,0,0.10 | 0.11 | 0.11,0,1.44 | 2.68 | 4.57,0,0.88 | 1.49 | 2.78,0.911,0.000,0,1,0,0,0,0,-1,0,0,0,,0,,0,,0,0,910.75,0,1
17253895272,580,4,3,8,8,6.713,0,0,0.10 | 0.11 | 0.11,0,1.44 | 2.68 | 4.57,0,0.88 | 1.49 | 2.78,0.911,0.000,0,1,0,0,0,0,-1,0,0,0,,0,,0,,0,0,910.75,0,1
17253895273,580,4,3,8,8,6.713,0,0,0.10 | 0.11 | 0.11,0,1.44 | 2.68 | 4.57,0,0.88 | 1.49 | 2.78,0.911,0.000,0,1,0,0,0,0,-1,0,0,0,,0,,0,,0,0,910.75,0,1
17253895274,580,4,3,8,8,6.713,0,0,0.10 | 0.11 | 0.11,0,1.44 | 2.68 | 4.57,0,0.88 | 1.49 | 2.78,0.911,0.000,0,1,0,0,0,0,-1,0,0,0,,0,,0,,0,0,910.75,0,1
17253895275,580,4,3,8,8,6.713,0,0,0.10 | 0.11 | 0.11,0,1.44 | 2.68 | 4.57,0,0.88 | 1.49 | 2.78,0.911,0.000,0,1,0,0,0,0,-1,0,0,0,,0,,0,,0,0,910.75,0,1
17253895276,580,4,3,8,8,6.713,0,0,0.10 | 0.11 | 0.11,0,1.44 | 2.68 | 4.57,0,0.88 | 1.49 | 2.78,0.911,0.000,0,1,0,0,0,0,-1,0,0,0,,0,,0,,0,0,910.75,0,1
17253895277,580,4,3,8,8,6.713,0,0,0.10 | 0.11 | 0.11,0,1.44 | 2.68 | 4.57,0,0.88 | 1.49 | 2.78,0.911,0.000,0,1,0,0,0,0,-1,0,0,0,,0,,0,,0,0,910.75,0,1
17253895278,580,4,3,8,8,6.713,0,0,0.10 | 0.11 | 0.11,0,1.44 | 2.68 | 4.57,0,0.88 | 1.49 | 2.78,0.911,0.000,0,1,0,0,0,0,-1,0,0,0,,0,,0,,0,0,910.75,0,1
17253895279,580,4,3,8,8,5.753,0,0,0.10 | 0.11 | 0.11,0,1.44 | 2.68 | 4.57,0,0.88 | 1.49 | 2.78,0.911,0.000,0,1,0,0,0,0,-1,0,0,0,,0,,0,,0,0,910.75,0,1
17253895280,580,4,3,8,8,5.753,0,0,0.10 | 0.11 | 0.11,0,1.44 | 2.68 | 4.57,0,0.88 | 1.49 | 2.78,0.911,0.000,0,1,0,0,0,0,-1,0,0,0,,0,,0,,0,0,910.75,0,1
17253895281,580,4,3,8,8,5.753,0,0,0.10 | 0.11 | 0.11,0,1.44 | 2.68 | 4.57,0,0.88 | 1.49 | 2.78,0.911,0.000,0,1,0,0,0,0,-1,0,0,0,,0,,0,,0,0,910.75,0,1
17253895282,580,4,3,8,8,5.753,0,0,0.10 | 0.11 | 0.11,0,1.44 | 2.68 | 4.57,0,0.88 | 1.49 | 2.78,0.911,0.000,0,1,0,0,0,0,-1,0,0,0,,0,,0,,0,0,910.75,0,1
17253895283,580,4,3,8,8,5.753,0,0,0.10 | 0.11 | 0.11,0,1.44 | 2.68 | 4.57,0,0.88 | 1.49 | 2.78,0.911,0.000,0,1,0,0,0,0,-1,0,0,0,,0,,0,,0,0,910.75,0,1
17253895284,580,4,3,8,8,5.753,0,0,0.10 | 0.11 | 0.11,0,1.44 | 2.68 | 4.57,0,0.88 | 1.49 | 2.78,0.911,0.000,0,1,0,0,0,0,-1,0,0,0,,0,,0,,0,0,910.75,0,1
17253895285,580,4,3,8,8,5.753,0,0,0.10 | 0.11 | 0.11,0,1.44 | 2.68 | 4.57,0,0.88 | 1.49 | 2.78,0.911,0.000,0,1,0,0,0,0,-1,0,0,0,,0,,0,,0,0,910.75,0,1
17253895286,580,4,3,8,8,5.753,0,0,0.10 | 0.11 | 0.11,0,1.44 | 2.68 | 4.57,0,0.88 | 1.49 | 2.78,0.911,0.000,0,1,0,0,0,0,-1,0,0,0,,0,,0,,0,0,910.75,0,1
17253895287,580,4,3,8,8,5.753,0,0,0.10 | 0.11 | 0.11,0,1.44 | 2.68 | 4.57,0,0.88 | 1.49 | 2.78,0.911,0.000,0,1,0,0,0,0,-1,0,0,0,,0,,0,,0,0,910.75,0,1
17253895288,580,4,3,8,8,5.753,0,0,0.10 | 0.11 | 0.11,0,1.44 | 2.68 | 4.57,0,0.88 | 1.49 | 2.78,0.911,0.000,0,1,0,0,0,0,-1,0,0,0,,0,,0,,0,0,910.75,0,1
17253895289,580,2,3,8,8,4.957,0,0,0.10 | 0.11 | 0.11,0,1.44 | 2.68 | 4.57,0,0.88 | 1.49 | 2.78,0.911,0.000,0,1,0,0,0,0,-1,0,0,0,,0,,0,,0,0,910.75,0,1
17253895290,580,2,3,8,8,4.957,0,0,0.10 | 0.11 | 0.11,0,1.44 | 2.68 | 4.57,0,0.88 | 1.49 | 2.78,0.911,0.000,0,1,0,0,0,0,-1,0,0,0,,0,,0,,0,0,910.75,0,1
17253895291,580,2,3,8,8,4.957,0,0,0.10 | 0.11 | 0.11,0,1.44 | 2.68 | 4.57,0,0.88 | 1.49 | 2.78,0.911,0.000,0,1,0,0,0,0,-1,0,0,0,,0,,0,,0,0,910.75,0,1
17253895292,580,2,3,8,8,4.957,0,0,0.10 | 0.11 | 0.11,0,1.44 | 2.68 | 4.57,0,0.88 | 1.49 | 2.78,0.911,0.000,0,1,0,0,0,0,-1,0,0,0,,0,,0,,0,0,910.75,0,1
17253895293,580,2,3,8,8,4.957,0,0,0.10 | 0.11 | 0.11,0,1.44 | 2.68 | 4.57,0,0.88 | 1.49 | 2.78,0.911,0.000,0,1,0,0,0,0,-1,0,0,0,,0,,0,,0,0,910.75,0,1
17253895294,580,2,3,8,8,4.957,0,0,0.10 | 0.11 | 0.11,0,1.44 | 2.68 | 4.57,0,0.88 | 1.49 | 2.78,0.911,0.000,0,1,0,0,0,0,-1,0,0,0,,0,,0,,0,0,910.75,0,1
17253895295,580,2,3,8,8,4.957,0,0,0.10 | 0.11 | 0.11,0,1.44 | 2.68 | 4.57,0,0.88 | 1.49 | 2.78,0.911,0.000,0,1,0,0,0,0,-1,0,0,0,,0,,0,,0,0,910.75,0,1
17253895296,580,2,3,8,8,4.957,0,0,0.10 | 0.11 | 0.11,0,1.44 | 2.68 | 4.57,0,0.88 | 1.49 | 2.78,0.911,0.000,0,1,0,0,0,0,-1,0,0,0,,0,,0,,0,0,910.75,0,1
17253895297,580,2,3,8,8,4.957,0,0,0.10 | 0.11 | 0.11,0,1.44 | 2.68 | 4.57,0,0.88 | 1.49 | 2.78,0.911,0.000,0,1,0,0,0,0,-1,0,0,0,,0,,0,,0,0,910.75,0,1
17253895298,580,2,3,8,8,4.957,0,0,0.10 | 0.11 | 0.11,0,1.44 | 2.68 | 4.57,0,0.88 | 1.49 | 2.78,0.911,0.000,0,1,0,0,0,0,-1,0,0,0,,0,,0,,0,0,910.75,0,1
17253895299,580,2,3,8,8,3.894,0,0,0.10 | 0.11 | 0.11,0,1.44 | 2.68 | 4.57,0,0.88 | 1.49 | 2.78,0.911,0.000,0,1,0,0,0,0,-1,0,0,0,,0,,0,,0,0,910.75,0,1
17253895300,387,3,2,8,8,3.894,0,0,0.10 | 0.11 | 0.11,0,1.44 | 2.68 | 4.57,0,0.88 | 1.49 | 2.78,0.911,0.000,0,1,0,0,0,0,-1,0,0,0,,0,,0,,0,0,930,0,1
17253895301,387,3,2,8,8,3.894,0,0,0.10 | 0.11 | 0.11,0,1.44 | 2.68 | 4.57,0,0.88 | 1.49 | 2.78,0.911,0.000,0,1,0,0,0,0,-1,0,0,0,,0,,0,,0,0,930,0,1
17253895302,387,3,2,8,8,3.894,0,0,0.10 | 0.11 | 0.11,0,1.44 | 2.68 | 4.57,0,0.88 | 1.49 | 2.78,0.911,0.000,0,1,0,0,0,0,-1,0,0,0,,0,,0,,0,0,930,0,1
17253895303,387,3,2,8,8,3.894,0,0,0.10 | 0.11 | 0.11,0,1.44 | 2.68 | 4.57,0,0.88 | 1.49 | 2.78,0.911,0.000,0,1,0,0,0,0,-1,0,0,0,,0,,0,,0,0,930,0,1
17253895304,387,3,2,8,8,3.894,0,0,0.10 | 0.11 | 0.11,0,1.44 | 2.68 | 4.57,0,0.88 | 1.49 | 2.78,0.911,0.000,0,1,0,0,0,0,-1,0,0,0,,0,,0,,0,0,930,0,1
17253895305,387,3,2,8,8,3.894,0,0,0.10 | 0.11 | 0.11,0,1.44 | 2.68 | 4.57,0,0.88 | 1.49 | 2.78,0.911,0.000,0,1,0,0,0,0,-1,0,0,0,,0,,0,,0,0,930,0,1
17253895306,387,3,2,8,8,3.894,0,0,0.10 | 0.11 | 0.11,0,1.44 | 2.68 | 4.57,0,0.88 | 1.49 | 2.78,0.911,0.000,0,1,0,0,0,0,-1,0,0,0,,0,,0,,0,0,930,0,1
17253895307,387,3,2,8,8,3.894,0,0,0.10 | 0.11 | 0.11,0,1.44 | 2.68 | 4.57,0,0.88 | 1.49 | 2.78,0.911,0.000,0,1,0,0,0,0,-1,0,0,0,,0,,0,,0,0,930,0,1
17253895308,387,3,2,8,8,3.894,0,0,0.10 | 0.11 | 0.11,0,1.44 | 2.68 | 4.57,0,0.88 | 1.49 | 2.78,0.911,0.000,0,1,0,0,0,0,-1,0,0,0,,0,,0,,0,0,930,0,1
17253895309,387,3,2,8,8,2.831,0,0,0.11 | 0.11 | 0.11,0,2.16 | 3.06 | 4.57,0,0.88 | 1.31 | 1.85,0.930,0.000,0,1,0,0,0,0,-1,0,0,0,,0,,0,,0,0,930,0,1
17253895310,387,3,2,8,8,2.831,0,0,0.11 | 0.11 | 0.11,0,2.16 | 3.06 | 4.57,0,0.88 | 1.31 | 1.85,0.930,0.000,0,1,0,0,0,0,-1,0,0,0,,0,,0,,0,0,930,0,1
17253895311,387,3,2,8,8,2.831,0,0,0.11 | 0.11 | 0.11,0,2.16 | 3.06 | 4.57,0,0.88 | 1.31 | 1.85,0.930,0.000,0,1,0,0,0,0,-1,0,0,0,,0,,0,,0,0,930,0,1
17253895312,387,3,2,8,8,2.831,0,0,0.11 | 0.11 | 0.11,0,2.16 | 3.06 | 4.57,0,0.88 | 1.31 | 1.85,0.930,0.000,0,1,0,0,0,0,-1,0,0,0,,0,,0,,0,0,930,0,1
17253895313,387,3,2,8,8,2.831,0,0,0.11 | 0.11 | 0.11,0,2.16 | 3.06 | 4.57,0,0.88 | 1.31 | 1.85,0.930,0.000,0,1,0,0,0,0,-1,0,0,0,,0,,0,,0,0,930,0,1
17253895314,387,3,2,8,8,2.831,0,0,0.11 | 0.11 | 0.11,0,2.16 | 3.06 | 4.57,0,0.88 | 1.31 | 1.85,0.930,0.000,0,1,0,0,0,0,-1,0,0,0,,0,,0,,0,0,930,0,1
17253895315,387,3,2,8,8,2.831,0,0,0.11 | 0.11 | 0.11,0,2.16 | 3.06 | 4.57,0,0.88 | 1.31 | 1.85,0.930,0.000,0,1,0,0,0,0,-1,0,0,0,,0,,0,,0,0,930,0,1
17253895316,387,3,2,8,8,2.831,0,0,0.11 | 0.11 | 0.11,0,2.16 | 3.06 | 4.57,0,0.88 | 1.31 | 1.85,0.930,0.000,0,1,0,0,0,0,-1,0,0,0,,0,,0,,0,0,930,0,1
17253895317,387,3,2,8,8,2.831,0,0,0.11 | 0.11 | 0.11,0,2.16 | 3.06 | 4.57,0,0.88 | 1.31 | 1.85,0.930,0.000,0,1,0,0,0,0,-1,0,0,0,,0,,0,,0,0,930,0,1
17253895318,387,3,2,8,8,2.831,0,0,0.11 | 0.11 | 0.11,0,2.16 | 3.06 | 4.57,0,0.88 | 1.31 | 1.85,0.930,0.000,0,1,0,0,0,0,-1,0,0,0,,0,,0,,0,0,930,0,1
17253895319,387,3,2,8,8,1.769,0,0,0.11 | 0.11 | 0.11,0,2.16 | 3.06 | 4.57,0,0.88 | 1.31 | 1.85,0.930,0.000,0,1,0,0,0,0,-1,0,0,0,,0,,0,,0,0,930,0,1
17253895320,387,3,2,8,8,1.769,0,0,0.11 | 0.11 | 0.11,0,2.16 | 3.06 | 4.57,0,0.88 | 1.31 | 1.85,0.930,0.000,0,1,0,0,0,0,-1,0,0,0,,0,,0,,0,0,930,0,1
17253895321,387,3,2,8,8,1.769,0,0,0.11 | 0.11 | 0.11,0,2.16 | 3.06 | 4.57,0,0.88 | 1.31 | 1.85,0.930,0.000,0,1,0,0,0,0,-1,0,0,0,,0,,0,,0,0,930,0,1
17253895322,387,3,2,8,8,1.769,0,0,0.11 | 0.11 | 0.11,0,2.16 | 3.06 | 4.57,0,0.88 | 1.31 | 1.85,0.930,0.000,0,1,0,0,0,0,-1,0,0,0,,0,,0,,0,0,847.6,0,1
17253895323,387,3,2,8,8,1.769,0,0,0.11 | 0.11 | 0.11,0,2.16 | 3.06 | 4.57,0,0.88 | 1.31 | 1.85,0.930,0.000,0,1,0,0,0,0,-1,0,0,0,,0,,0,,0,0,847.6,0,1
17253895324,387,3,2,8,8,1.769,0,0,0.11 | 0.11 | 0.11,0,2.16 | 3.06 | 4.57,0,0.88 | 1.31 | 1.85,0.930,0.000,0,1,0,0,0,0,-1,0,0,0,,0,,0,,0,0,847.6,0,1
17253895325,387,3,2,8,8,1.769,0,0,0.11 | 0.11 | 0.11,0,2.16 | 3.06 | 4.57,0,0.88 | 1.31 | 1.85,0.930,0.000,0,1,0,0,0,0,-1,0,0,0,,0,,0,,0,0,847.6,0,1
17253895326,387,3,2,8,8,1.769,0,0,0.11 | 0.11 | 0.11,0,2.16 | 3.06 | 4.57,0,0.88 | 1.31 | 1.85,0.930,0.000,0,1,0,0,0,0,-1,0,0,0,,0,,0,,0,0,847.6,0,1
17253895327,387,3,2,8,8,1.769,0,0,0.11 | 0.11 | 0.11,0,2.16 | 3.06 | 4.57,0,0.88 | 1.31 | 1.85,0.930,0.000,0,1,0,0,0,0,-1,0,0,0,,0,,0,,0,0,847.6,0,1
17253895328,387,3,2,8,8,1.769,0,0,0.11 | 0.11 | 0.11,0,2.16 | 3.06 | 4.57,0,0.88 | 1.31 | 1.85,0.930,0.000,0,1,0,0,0,0,-1,0,0,0,,0,,0,,0,0,847.6,0,1
17253895329,387,2,2,8,8,3.907,0,0,0.10 | 0.11 | 0.11,0,2.00 | 2.42 | 2.98,0,1.34 | 1.65 | 2.00,0.848,0.000,0,1,0,0,0,0,-1,0,0,0,,0,,0,,0,0,847.6,0,1
17253895330,387,2,2,8,8,3.907,0,0,0.10 | 0.11 | 0.11,0,2.00 | 2.42 | 2.98,0,1.34 | 1.65 | 2.00,0.848,0.000,0,1,0,0,0,0,-1,0,0,0,,0,,0,,0,0,847.6,0,1
17253895331,387,2,2,8,8,3.907,0,0,0.10 | 0.11 | 0.11,0,2.00 | 2.42 | 2.98,0,1.34 | 1.65 | 2.00,0.848,0.000,0,1,0,0,0,0,-1,0,0,0,,0,,0,,0,0,847.6,0,1
17253895332,387,2,2,8,8,3.907,0,0,0.10 | 0.11 | 0.11,0,2.00 | 2.42 | 2.98,0,1.34 | 1.65 | 2.00,0.848,0.000,0,1,0,0,0,0,-1,0,0,0,,0,,0,,0,0,847.6,0,1
17253895333,387,2,2,8,8,3.907,0,0,0.10 | 0.11 | 0.11,0,2.00 | 2.42 | 2.98,0,1.34 | 1.65 | 2.00,0.848,0.000,0,1,0,0,0,0,-1,0,0,0,,0,,0,,0,0,847.6,0,1
17253895334,387,2,2,8,8,3.907,0,0,0.10 | 0.11 | 0.11,0,2.00 | 2.42 | 2.98,0,1.34 | 1.65 | 2.00,0.848,0.000,0,1,0,0,0,0,-1,0,0,0,,0,,0,,0,0,847.6,0,1
17253895335,387,2,2,8,8,3.907,0,0,0.10 | 0.11 | 0.11,0,2.00 | 2.42 | 2.98,0,1.34 | 1.65 | 2.00,0.848,0.000,0,1,0,0,0,0,-1,0,0,0,,0,,0,,0,0,847.6,0,1
17253895336,387,2,2,8,8,3.907,0,0,0.10 | 0.11 | 0.11,0,2.00 | 2.42 | 2.98,0,1.34 | 1.65 | 2.00,0.848,0.000,0,1,0,0,0,0,-1,0,0,0,,0,,0,,0,0,847.6,0,1
17253895337,387,2,2,8,8,3.907,0,0,0.10 | 0.11 | 0.11,0,2.00 | 2.42 | 2.98,0,1.34 | 1.65 | 2.00,0.848,0.000,0,1,0,0,0,0,-1,0,0,0,,0,,0,,0,0,847.6,0,1
17253895338,387,2,2,8,8,3.907,0,0,0.10 | 0.11 | 0.11,0,2.00 | 2.42 | 2.98,0,1.34 | 1.65 | 2.00,0.848,0.000,0,1,0,0,0,0,-1,0,0,0,,0,,0,,0,0,847.6,0,1
17253895339,387,2,2,8,8,3.11,0,0,0.10 | 0.11 | 0.11,0,2.00 | 2.42 | 2.98,0,1.34 | 1.65 | 2.00,0.848,0.000,0,1,0,0,0,0,-1,0,0,0,,0,,0,,0,0,847.6,0,1
17253895340,387,2,2,8,8,3.11,0,0,0.10 | 0.11 | 0.11,0,2.00 | 2.42 | 2.98,0,1.34 | 1.65 | 2.00,0.848,0.000,0,1,0,0,0,0,-1,0,0,0,,0,,0,,0,0,847.6,0,1
17253895341,387,2,2,8,8,3.11,0,0,0.10 | 0.11 | 0.11,0,2.00 | 2.42 | 2.98,0,1.34 | 1.65 | 2.00,0.848,0.000,0,1,0,0,0,0,-1,0,0,0,,0,,0,,0,0,847.6,0,1
17253895342,387,2,2,8,8,3.11,0,0,0.10 | 0.11 | 0.11,0,2.00 | 2.42 | 2.98,0,1.34 | 1.65 | 2.00,0.848,0.000,0,1,0,0,0,0,-1,0,0,0,,0,,0,,0,0,847.6,0,1
17253895343,387,2,2,8,8,3.11,0,0,0.10 | 0.11 | 0.11,0,2.00 | 2.42 | 2.98,0,1.34 | 1.65 | 2.00,0.848,0.000,0,1,0,0,0,0,-1,0,0,0,,0,,0,,0,0,865.6666666666666,0,1
17253895344,387,2,2,8,8,3.11,0,0,0.10 | 0.11 | 0.11,0,2.00 | 2.42 | 2.98,0,1.34 | 1.65 | 2.00,0.848,0.000,0,1,0,0,0,0,-1,0,0,0,,0,,0,,0,0,865.6666666666666,0,1
17253895345,387,2,2,8,8,3.11,0,0,0.10 | 0.11 | 0.11,0,2.00 | 2.42 | 2.98,0,1.34 | 1.65 | 2.00,0.848,0.000,0,1,0,0,0,0,-1,0,0,0,,0,,0,,0,0,865.6666666666666,0,1
17253895346,387,2,2,8,8,3.11,0,0,0.10 | 0.11 | 0.11,0,2.00 | 2.42 | 2.98,0,1.34 | 1.65 | 2.00,0.848,0.000,0,1,0,0,0,0,-1,0,0,0,,0,,0,,0,0,865.6666666666666,0,1
17253895347,387,2,2,8,8,3.11,0,0,0.10 | 0.11 | 0.11,0,2.00 | 2.42 | 2.98,0,1.34 | 1.65 | 2.00,0.848,0.000,0,1,0,0,0,0,-1,0,0,0,,0,,0,,0,0,865.6666666666666,0,1
17253895348,387,2,2,8,8,3.11,0,0,0.10 | 0.11 | 0.11,0,2.00 | 2.42 | 2.98,0,1.34 | 1.65 | 2.00,0.848,0.000,0,1,0,0,0,0,-1,0,0,0,,0,,0,,0,0,865.6666666666666,0,1
17253895349,387,2,2,8,8,6.847,0,0,0.10 | 0.11 | 0.11,0,1.98 | 2.28 | 2.98,0,1.34 | 1.76 | 2.03,0.866,0.000,0,1,0,0,0,0,-1,0,0,0,,0,,0,,0,0,865.6666666666666,0,1
17253895350,387,2,2,8,8,6.847,0,0,0.10 | 0.11 | 0.11,0,1.98 | 2.28 | 2.98,0,1.34 | 1.76 | 2.03,0.866,0.000,0,1,0,0,0,0,-1,0,0,0,,0,,0,,0,0,865.6666666666666,0,1
17253895351,387,2,2,8,8,6.847,0,0,0.10 | 0.11 | 0.11,0,1.98 | 2.28 | 2.98,0,1.34 | 1.76 | 2.03,0.866,0.000,0,1,0,0,0,0,-1,0,0,0,,0,,0,,0,0,865.6666666666666,0,1
17253895352,387,2,2,8,8,6.847,0,0,0.10 | 0.11 | 0.11,0,1.98 | 2.28 | 2.98,0,1.34 | 1.76 | 2.03,0.866,0.000,0,1,0,0,0,0,-1,0,0,0,,0,,0,,0,0,865.6666666666666,0,1
17253895353,387,2,2,8,8,6.847,0,0,0.10 | 0.11 | 0.11,0,1.98 | 2.28 | 2.98,0,1.34 | 1.76 | 2.03,0.866,0.000,0,1,0,0,0,0,-1,0,0,0,,0,,0,,0,0,865.6666666666666,0,1
17253895354,387,2,2,8,8,6.847,0,0,0.10 | 0.11 | 0.11,0,1.98 | 2.28 | 2.98,0,1.34 | 1.76 | 2.03,0.866,0.000,0,1,0,0,0,0,-1,0,0,0,,0,,0,,0,0,865.6666666666666,0,1
17253895355,387,2,2,8,8,6.847,0,0,0.10 | 0.11 | 0.11,0,1.98 | 2.28 | 2.98,0,1.34 | 1.76 | 2.03,0.866,0.000,0,1,0,0,0,0,-1,0,0,0,,0,,0,,0,0,865.6666666666666,0,1
17253895356,387,2,2,8,8,6.847,0,0,0.10 | 0.11 | 0.11,0,1.98 | 2.28 | 2.98,0,1.34 | 1.76 | 2.03,0.866,0.000,0,1,0,0,0,0,-1,0,0,0,,0,,0,,0,0,865.6666666666666,0,1
17253895357,387,2,2,8,8,6.847,0,0,0.10 | 0.11 | 0.11,0,1.98 | 2.28 | 2.98,0,1.34 | 1.76 | 2.03,0.866,0.000,0,1,0,0,0,0,-1,0,0,0,,0,,0,,0,0,865.6666666666666,0,1
17253895358,387,2,2,8,8,6.847,0,0,0.10 | 0.11 | 0.11,0,1.98 | 2.28 | 2.98,0,1.34 | 1.76 | 2.03,0.866,0.000,0,1,0,0,0,0,-1,0,0,0,,0,,0,,0,0,865.6666666666666,0,1
17253895359,387,2,2,8,8,5.785,0,0,0.10 | 0.11 | 0.11,0,1.98 | 2.28 | 2.98,0,1.34 | 1.76 | 2.03,0.866,0.000,0,1,0,0,0,0,-1,0,0,0,,0,,0,,0,0,865.6666666666666,0,1
17253895360,387,2,2,8,8,5.785,0,0,0.10 | 0.11 | 0.11,0,1.98 | 2.28 | 2.98,0,1.34 | 1.76 | 2.03,0.866,0.000,0,1,0,0,0,0,-1,0,0,0,,0,,0,,0,0,865.8333333333334,0,1
17253895361,387,2,2,8,8,5.785,0,0,0.10 | 0.11 | 0.11,0,1.98 | 2.28 | 2.98,0,1.34 | 1.76 | 2.03,0.866,0.000,0,1,0,0,0,0,-1,0,0,0,,0,,0,,0,0,865.8333333333334,0,1
17253895362,387,2,2,8,8,5.785,0,0,0.10 | 0.11 | 0.11,0,1.98 | 2.28 | 2.98,0,1.34 | 1.76 | 2.03,0.866,0.000,0,1,0,0,0,0,-1,0,0,0,,0,,0,,0,0,865.8333333333334,0,1
17253895363,387,2,2,8,8,5.785,0,0,0.10 | 0.11 | 0.11,0,1.98 | 2.28 | 2.98,0,1.34 | 1.76 | 2.03,0.866,0.000,0,1,0,0,0,0,-1,0,0,0,,0,,0,,0,0,865.8333333333334,0,1
17253895364,387,2,2,8,8,5.785,0,0,0.10 | 0.11 | 0.11,0,1.98 | 2.28 | 2.98,0,1.34 | 1.76 | 2.03,0.866,0.000,0,1,0,0,0,0,-1,0,0,0,,0,,0,,0,0,865.8333333333334,0,1
17253895365,387,2,2,8,8,5.785,0,0,0.10 | 0.11 | 0.11,0,1.98 | 2.28 | 2.98,0,1.34 | 1.76 | 2.03,0.866,0.000,0,1,0,0,0,0,-1,0,0,0,,0,,0,,0,0,865.8333333333334,0,1
17253895366,387,2,2,8,8,5.785,0,0,0.10 | 0.11 | 0.11,0,1.98 | 2.28 | 2.98,0,1.34 | 1.76 | 2.03,0.866,0.000,0,1,0,0,0,0,-1,0,0,0,,0,,0,,0,0,865.8333333333334,0,1
17253895367,387,2,2,8,8,5.785,0,0,0.10 | 0.11 | 0.11,0,1.98 | 2.28 | 2.98,0,1.34 | 1.76 | 2.03,0.866,0.000,0,1,0,0,0,0,-1,0,0,0,,0,,0,,0,0,865.8333333333334,0,1
17253895368,387,2,2,8,8,5.785,0,0,0.10 | 0.11 | 0.11,0,1.98 | 2.28 | 2.98,0,1.34 | 1.76 | 2.03,0.866,0.000,0,1,0,0,0,0,-1,0,0,0,,0,,0,,0,0,865.8333333333334,0,1
17253895369,387,2,2,8,8,7.913,0,0,0.10 | 0.11 | 0.11,0,1.57 | 2.13 | 2.98,0,1.34 | 1.88 | 2.54,0.866,0.000,0,1,0,0,0,0,-1,0,0,0,,0,,0,,0,0,865.8333333333334,0,1
17253895370,387,2,2,8,8,7.913,0,0,0.10 | 0.11 | 0.11,0,1.57 | 2.13 | 2.98,0,1.34 | 1.88 | 2.54,0.866,0.000,0,1,0,0,0,0,-1,0,0,0,,0,,0,,0,0,865.8333333333334,0,1
17253895371,387,2,2,8,8,7.913,0,0,0.10 | 0.11 | 0.11,0,1.57 | 2.13 | 2.98,0,1.34 | 1.88 | 2.54,0.866,0.000,0,1,0,0,0,0,-1,0,0,0,,0,,0,,0,0,865.8333333333334,0,1
17253895372,387,2,2,8,8,7.913,0,0,0.10 | 0.11 | 0.11,0,1.57 | 2.13 | 2.98,0,1.34 | 1.88 | 2.54,0.866,0.000,0,1,0,0,0,0,-1,0,0,0,,0,,0,,0,0,865.8333333333334,0,1
17253895373,387,2,2,8,8,7.913,0,0,0.10 | 0.11 | 0.11,0,1.57 | 2.13 | 2.98,0,1.34 | 1.88 | 2.54,0.866,0.000,0,1,0,0,0,0,-1,0,0,0,,0,,0,,0,0,865.8333333333334,0,1
17253895374,387,2,2,8,8,7.913,0,0,0.10 | 0.11 | 0.11,0,1.57 | 2.13 | 2.98,0,1.34 | 1.88 | 2.54,0.866,0.000,0,1,0,0,0,0,-1,0,0,0,,0,,0,,0,0,865.8333333333334,0,1
17253895375,387,2,2,8,8,7.913,0,0,0.10 | 0.11 | 0.11,0,1.57 | 2.13 | 2.98,0,1.34 | 1.88 | 2.54,0.866,0.000,0,1,0,0,0,0,-1,0,0,0,,0,,0,,0,0,865.8333333333334,0,1
17253895376,387,2,2,8,8,7.913,0,0,0.10 | 0.11 | 0.11,0,1.57 | 2.13 | 2.98,0,1.34 | 1.88 | 2.54,0.866,0.000,0,1,0,0,0,0,-1,0,0,0,,0,,0,,0,0,865.8333333333334,0,1
17253895377,387,2,2,8,8,7.913,0,0,0.10 | 0.11 | 0.11,0,1.57 | 2.13 | 2.98,0,1.34 | 1.88 | 2.54,0.866,0.000,0,1,0,0,0,0,-1,0,0,0,,0,,0,,0,0,865.8333333333334,0,1
17253895378,387,2,2,8,8,7.913,0,0,0.10 | 0.11 | 0.11,0,1.57 | 2.13 | 2.98,0,1.34 | 1.88 | 2.54,0.866,0.000,0,1,0,0,0,0,-1,0,0,0,,0,,0,,0,0,865.8333333333334,0,1
17253895379,387,2,2,8,8,7.125,0,0,0.10 | 0.11 | 0.11,0,1.57 | 2.13 | 2.98,0,1.34 | 1.88 | 2.54,0.866,0.000,0,1,0,0,0,0,-1,0,0,0,,0,,0,,0,0,865.8333333333334,0,1
17253895380,387,2,2,8,8,7.125,0,0,0.10 | 0.11 | 0.11,0,1.57 | 2.13 | 2.98,0,1.34 | 1.88 | 2.54,0.866,0.000,0,1,0,0,0,0,-1,0,0,0,,0,,0,,0,0,865.8333333333334,0,1
17253895381,387,2,2,8,8,7.125,0,0,0.10 | 0.11 | 0.11,0,1.57 | 2.13 | 2.98,0,1.34 | 1.88 | 2.54,0.866,0.000,0,1,0,0,0,0,-1,0,0,0,,0,,0,,0,0,865.8333333333334,0,1
17253895382,387,2,2,8,8,7.125,0,0,0.10 | 0.11 | 0.11,0,1.57 | 2.13 | 2.98,0,1.34 | 1.88 | 2.54,0.866,0.000,0,1,0,0,0,0,-1,0,0,0,,0,,0,,0,0,866.1666666666666,0,1
17253895383,387,2,2,8,8,7.125,0,0,0.10 | 0.11 | 0.11,0,1.57 | 2.13 | 2.98,0,1.34 | 1.88 | 2.54,0.866,0.000,0,1,0,0,0,0,-1,0,0,0,,0,,0,,0,0,866.1666666666666,0,1
17253895384,387,2,2,8,8,7.125,0,0,0.10 | 0.11 | 0.11,0,1.57 | 2.13 | 2.98,0,1.34 | 1.88 | 2.54,0.866,0.000,0,1,0,0,0,0,-1,0,0,0,,0,,0,,0,0,866.1666666666666,0,1
17253895385,387,2,2,8,8,7.125,0,0,0.10 | 0.11 | 0.11,0,1.57 | 2.13 | 2.98,0,1.34 | 1.88 | 2.54,0.866,0.000,0,1,0,0,0,0,-1,0,0,0,,0,,0,,0,0,866.1666666666666,0,1
17253895386,387,2,2,8,8,7.125,0,0,0.10 | 0.11 | 0.11,0,1.57 | 2.13 | 2.98,0,1.34 | 1.88 | 2.54,0.866,0.000,0,1,0,0,0,0,-1,0,0,0,,0,,0,,0,0,866.1666666666666,0,1
17253895387,387,2,2,8,8,7.125,0,0,0.10 | 0.11 | 0.11,0,1.57 | 2.13 | 2.98,0,1.34 | 1.88 | 2.54,0.866,0.000,0,1,0,0,0,0,-1,0,0,0,,0,,0,,0,0,866.1666666666666,0,1
17253895388,387,2,2,8,8,7.125,0,0,0.10 | 0.11 | 0.11,0,1.57 | 2.13 | 2.98,0,1.34 | 1.88 | 2.54,0.866,0.000,0,1,0,0,0,0,-1,0,0,0,,0,,0,,0,0,866.1666666666666,0,1
17253895389,387,2,2,8,8,10.863,0,0,0.10 | 0.10 | 0.10,0,1.57 | 1.93 | 2.16,0,1.85 | 2.08 | 2.54,0.866,0.000,0,1,0,0,0,0,-1,0,0,0,,0,,0,,0,0,866.1666666666666,0,1
17253895390,387,2,2,8,8,10.863,0,0,0.10 | 0.10 | 0.10,0,1.57 | 1.93 | 2.16,0,1.85 | 2.08 | 2.54,0.866,0.000,0,1,0,0,0,0,-1,0,0,0,,0,,0,,0,0,866.1666666666666,0,1
17253895391,387,2,2,8,8,10.863,0,0,0.10 | 0.10 | 0.10,0,1.57 | 1.93 | 2.16,0,1.85 | 2.08 | 2.54,0.866,0.000,0,1,0,0,0,0,-1,0,0,0,,0,,0,,0,0,866.1666666666666,0,1
17253895392,387,2,2,8,8,10.863,0,0,0.10 | 0.10 | 0.10,0,1.57 | 1.93 | 2.16,0,1.85 | 2.08 | 2.54,0.866,0.000,0,1,0,0,0,0,-1,0,0,0,,0,,0,,0,0,866.1666666666666,0,1
17253895393,387,2,2,8,8,10.863,0,0,0.10 | 0.10 | 0.10,0,1.57 | 1.93 | 2.16,0,1.85 | 2.08 | 2.54,0.866,0.000,0,1,0,0,0,0,-1,0,0,0,,0,,0,,0,0,866.1666666666666,0,1
17253895394,387,2,2,8,8,10.863,0,0,0.10 | 0.10 | 0.10,0,1.57 | 1.93 | 2.16,0,1.85 | 2.08 | 2.54,0.866,0.000,0,1,0,0,0,0,-1,0,0,0,,0,,0,,0,0,866.1666666666666,0,1
17253895395,387,2,2,8,8,10.863,0,0,0.10 | 0.10 | 0.10,0,1.57 | 1.93 | 2.16,0,1.85 | 2.08 | 2.54,0.866,0.000,0,1,0,0,0,0,-1,0,0,0,,0,,0,,0,0,866.1666666666666,0,1
17253895396,387,2,2,8,8,10.863,0,0,0.10 | 0.10 | 0.10,0,1.57 | 1.93 | 2.16,0,1.85 | 2.08 | 2.54,0.866,0.000,0,1,0,0,0,0,-1,0,0,0,,0,,0,,0,0,866.1666666666666,0,1
17253895397,387,2,2,8,8,10.863,0,0,0.10 | 0.10 | 0.10,0,1.57 | 1.93 | 2.16,0,1.85 | 2.08 | 2.54,0.866,0.000,0,1,0,0,0,0,-1,0,0,0,,0,,0,,0,0,922.75,0,1
17253895398,387,2,2,8,8,10.863,0,0,0.10 | 0.10 | 0.10,0,1.57 | 1.93 | 2.16,0,1.85 | 2.08 | 2.54,0.866,0.000,0,1,0,0,0,0,-1,0,0,0,,0,,0,,0,0,922.75,0,1
17253895399,387,2,2,8,8,13,0,0,0.10 | 0.10 | 0.10,0,1.36 | 1.77 | 2.16,0,1.85 | 2.26 | 2.94,0.923,0.000,0,1,0,0,0,0,-1,0,0,0,,0,,0,,0,0,922.75,0,1
17253895400,387,2,2,8,8,13,0,0,0.10 | 0.10 | 0.10,0,1.36 | 1.77 | 2.16,0,1.85 | 2.26 | 2.94,0.923,0.000,0,1,0,0,0,0,-1,0,0,0,,0,,0,,0,0,922.75,0,1
17253895401,387,2,2,8,8,13,0,0,0.10 | 0.10 | 0.10,0,1.36 | 1.77 | 2.16,0,1.85 | 2.26 | 2.94,0.923,0.000,0,1,0,0,0,0,-1,0,0,0,,0,,0,,0,0,922.75,0,1
17253895402,387,2,2,8,8,13,0,0,0.10 | 0.10 | 0.10,0,1.36 | 1.77 | 2.16,0,1.85 | 2.26 | 2.94,0.923,0.000,0,1,0,0,0,0,-1,0,0,0,,0,,0,,0,0,922.75,0,1
17253895403,387,2,2,8,8,13,0,0,0.10 | 0.10 | 0.10,0,1.36 | 1.77 | 2.16,0,1.85 | 2.26 | 2.94,0.923,0.000,0,1,0,0,0,0,-1,0,0,0,,0,,0,,0,0,922.75,0,1
17253895404,387,2,2,8,8,13,0,0,0.10 | 0.10 | 0.10,0,1.36 | 1.77 | 2.16,0,1.85 | 2.26 | 2.94,0.923,0.000,0,1,0,0,0,0,-1,0,0,0,,0,,0,,0,0,922.75,0,1
17253895405,387,2,2,8,8,13,0,0,0.10 | 0.10 | 0.10,0,1.36 | 1.77 | 2.16,0,1.85 | 2.26 | 2.94,0.923,0.000,0,1,0,0,0,0,-1,0,0,0,,0,,0,,0,0,922.75,0,1
17253895406,387,2,2,8,8,13,0,0,0.10 | 0.10 | 0.10,0,1.36 | 1.77 | 2.16,0,1.85 | 2.26 | 2.94,0.923,0.000,0,1,0,0,0,0,-1,0,0,0,,0,,0,,0,0,922.75,0,1
17253895407,387,2,2,8,8,13,0,0,0.10 | 0.10 | 0.10,0,1.36 | 1.77 | 2.16,0,1.85 | 2.26 | 2.94,0.923,0.000,0,1,0,0,0,0,-1,0,0,0,,0,,0,,0,0,922.75,0,1
17253895408,387,2,2,8,8,13,0,0,0.10 | 0.10 | 0.10,0,1.36 | 1.77 | 2.16,0,1.85 | 2.26 | 2.94,0.923,0.000,0,1,0,0,0,0,-1,0,0,0,,0,,0,,0,0,922.75,0,1
17253895409,387,2,2,8,8,11.938,0,0,0.10 | 0.10 | 0.10,0,1.36 | 1.77 | 2.16,0,1.85 | 2.26 | 2.94,0.923,0.000,0,1,0,0,0,0,-1,0,0,0,,0,,0,,0,0,922.75,0,1
17253895410,387,2,2,8,8,11.938,0,0,0.10 | 0.10 | 0.10,0,1.36 | 1.77 | 2.16,0,1.85 | 2.26 | 2.94,0.923,0.000,0,1,0,0,0,0,-1,0,0,0,,0,,0,,0,0,922.75,0,1
17253895411,387,2,2,8,8,11.938,0,0,0.10 | 0.10 | 0.10,0,1.36 | 1.77 | 2.16,0,1.85 | 2.26 | 2.94,0.923,0.000,0,1,0,0,0,0,-1,0,0,0,,0,,0,,0,0,922.75,0,1
17253895412,387,2,2,8,8,11.938,0,0,0.10 | 0.10 | 0.10,0,1.36 | 1.77 | 2.16,0,1.85 | 2.26 | 2.94,0.923,0.000,0,1,0,0,0,0,-1,0,0,0,,0,,0,,0,0,922.75,0,1
17253895413,387,2,2,8,8,11.938,0,0,0.10 | 0.10 | 0.10,0,1.36 | 1.77 | 2.16,0,1.85 | 2.26 | 2.94,0.923,0.000,0,1,0,0,0,0,-1,0,0,0,,0,,0,,0,0,922.75,0,1
17253895414,387,2,2,8,8,11.938,0,0,0.10 | 0.10 | 0.10,0,1.36 | 1.77 | 2.16,0,1.85 | 2.26 | 2.94,0.923,0.000,0,1,0,0,0,0,-1,0,0,0,,0,,0,,0,0,922.75,0,1
17253895415,387,2,2,8,8,11.938,0,0,0.10 | 0.10 | 0.10,0,1.36 | 1.77 | 2.16,0,1.85 | 2.26 | 2.94,0.923,0.000,0,1,0,0,0,0,-1,0,0,0,,0,,0,,0,0,922.75,0,1
17253895416,387,2,2,8,8,11.938,0,0,0.10 | 0.10 | 0.10,0,1.36 | 1.77 | 2.16,0,1.85 | 2.26 | 2.94,0.923,0.000,0,1,0,0,0,0,-1,0,0,0,,0,,0,,0,0,922.75,0,1
17253895417,387,2,2,8,8,11.938,0,0,0.10 | 0.10 | 0.10,0,1.36 | 1.77 | 2.16,0,1.85 | 2.26 | 2.94,0.923,0.000,0,1,0,0,0,0,-1,0,0,0,,0,,0,,0,0,922.75,0,1
17253895418,387,2,2,8,8,11.938,0,0,0.10 | 0.10 | 0.10,0,1.36 | 1.77 | 2.16,0,1.85 | 2.26 | 2.94,0.923,0.000,0,1,0,0,0,0,-1,0,0,0,,0,,0,,0,0,922.75,0,1
17253895419,387,2,2,8,8,11.141,0,0,0.10 | 0.10 | 0.10,0,1.36 | 1.77 | 2.16,0,1.85 | 2.26 | 2.94,0.923,0.000,0,1,0,0,0,0,-1,0,0,0,,0,,0,,0,0,922.75,0,1
17253895420,387,2,2,8,8,11.141,0,0,0.10 | 0.10 | 0.10,0,1.36 | 1.77 | 2.16,0,1.85 | 2.26 | 2.94,0.923,0.000,0,1,0,0,0,0,-1,0,0,0,,0,,0,,0,0,922.75,0,1
17253895421,387,2,2,8,8,11.141,0,0,0.10 | 0.10 | 0.10,0,1.36 | 1.77 | 2.16,0,1.85 | 2.26 | 2.94,0.923,0.000,0,1,0,0,0,0,-1,0,0,0,,0,,0,,0,0,922.75,0,1
17253895422,387,2,2,8,8,11.141,0,0,0.10 | 0.10 | 0.10,0,1.36 | 1.77 | 2.16,0,1.85 | 2.26 | 2.94,0.923,0.000,0,1,0,0,0,0,-1,0,0,0,,0,,0,,0,0,922.75,0,1
17253895423,387,2,2,8,8,11.141,0,0,0.10 | 0.10 | 0.10,0,1.36 | 1.77 | 2.16,0,1.85 | 2.26 | 2.94,0.923,0.000,0,1,0,0,0,0,-1,0,0,0,,0,,0,,0,0,922.75,0,1
17253895424,387,2,2,8,8,11.141,0,0,0.10 | 0.10 | 0.10,0,1.36 | 1.77 | 2.16,0,1.85 | 2.26 | 2.94,0.923,0.000,0,1,0,0,0,0,-1,0,0,0,,0,,0,,0,0,922.75,0,1
17253895425,387,2,2,8,8,11.141,0,0,0.10 | 0.10 | 0.10,0,1.36 | 1.77 | 2.16,0,1.85 | 2.26 | 2.94,0.923,0.000,0,1,0,0,0,0,-1,0,0,0,,0,,0,,0,0,922.75,0,1
17253895426,387,2,2,8,8,11.141,0,0,0.10 | 0.10 | 0.10,0,1.36 | 1.77 | 2.16,0,1.85 | 2.26 | 2.94,0.923,0.000,0,1,0,0,0,0,-1,0,0,0,,0,,0,,0,0,922.75,0,1
17253895427,387,2,2,8,8,11.141,0,0,0.10 | 0.10 | 0.10,0,1.36 | 1.77 | 2.16,0,1.85 | 2.26 | 2.94,0.923,0.000,0,1,0,0,0,0,-1,0,0,0,,0,,0,,0,0,922.75,0,1
17253895428,387,2,2,8,8,11.141,0,0,0.10 | 0.10 | 0.10,0,1.36 | 1.77 | 2.16,0,1.85 | 2.26 | 2.94,0.923,0.000,0,1,0,0,0,0,-1,0,0,0,,0,,0,,0,0,922.75,0,1
17253895429,387,2,2,8,8,10.078,0,0,0.10 | 0.10 | 0.10,0,1.36 | 1.77 | 2.16,0,1.85 | 2.26 | 2.94,0.923,0.000,0,1,0,0,0,0,-1,0,0,0,,0,,0,,0,0,922.75,0,1
17253895430,387,2,2,8,8,10.078,0,0,0.10 | 0.10 | 0.10,0,1.36 | 1.77 | 2.16,0,1.85 | 2.26 | 2.94,0.923,0.000,0,1,0,0,0,0,-1,0,0,0,,0,,0,,0,0,922.75,0,1
17253895431,387,2,2,8,8,10.078,0,0,0.10 | 0.10 | 0.10,0,1.36 | 1.77 | 2.16,0,1.85 | 2.26 | 2.94,0.923,0.000,0,1,0,0,0,0,-1,0,0,0,,0,,0,,0,0,922.25,0,1
17253895432,387,2,2,8,8,10.078,0,0,0.10 | 0.10 | 0.10,0,1.36 | 1.77 | 2.16,0,1.85 | 2.26 | 2.94,0.923,0.000,0,1,0,0,0,0,-1,0,0,0,,0,,0,,0,0,922.25,0,1
17253895433,387,2,2,8,8,10.078,0,0,0.10 | 0.10 | 0.10,0,1.36 | 1.77 | 2.16,0,1.85 | 2.26 | 2.94,0.923,0.000,0,1,0,0,0,0,-1,0,0,0,,0,,0,,0,0,922.25,0,1
17253895434,387,2,2,8,8,10.078,0,0,0.10 | 0.10 | 0.10,0,1.36 | 1.77 | 2.16,0,1.85 | 2.26 | 2.94,0.923,0.000,0,1,0,0,0,0,-1,0,0,0,,0,,0,,0,0,922.25,0,1
17253895435,387,2,2,8,8,10.078,0,0,0.10 | 0.10 | 0.10,0,1.36 | 1.77 | 2.16,0,1.85 | 2.26 | 2.94,0.923,0.000,0,1,0,0,0,0,-1,0,0,0,,0,,0,,0,0,922.25,0,1
17253895436,387,2,2,8,8,10.078,0,0,0.10 | 0.10 | 0.10,0,1.36 | 1.77 | 2.16,0,1.85 | 2.26 | 2.94,0.923,0.000,0,1,0,0,0,0,-1,0,0,0,,0,,0,,0,0,922.25,0,1
17253895437,387,2,2,8,8,10.078,0,0,0.10 | 0.10 | 0.10,0,1.36 | 1.77 | 2.16,0,1.85 | 2.26 | 2.94,0.923,0.000,0,1,0,0,0,0,-1,0,0,0,,0,,0,,0,0,922.25,0,1
17253895438,387,2,2,8,8,10.078,0,0,0.10 | 0.10 | 0.10,0,1.36 | 1.77 | 2.16,0,1.85 | 2.26 | 2.94,0.923,0.000,0,1,0,0,0,0,-1,0,0,0,,0,,0,,0,0,922.25,0,1
17253895439,387,2,2,8,8,13.816,0,0,0.10 | 0.10 | 0.10,0,1.36 | 1.73 | 2.16,0,1.85 | 2.31 | 2.94,0.922,0.000,0,1,0,0,0,0,-1,0,0,0,,0,,0,,0,0,922.25,0,1
17253895440,387,2,2,8,8,13.816,0,0,0.10 | 0.10 | 0.10,0,1.36 | 1.73 | 2.16,0,1.85 | 2.31 | 2.94,0.922,0.000,0,1,0,0,0,0,-1,0,0,0,,0,,0,,0,0,922.25,0,1
17253895441,387,2,2,8,8,13.816,0,0,0.10 | 0.10 | 0.10,0,1.36 | 1.73 | 2.16,0,1.85 | 2.31 | 2.94,0.922,0.000,0,1,0,0,0,0,-1,0,0,0,,0,,0,,0,0,922.25,0,1
17253895442,387,2,2,8,8,13.816,0,0,0.10 | 0.10 | 0.10,0,1.36 | 1.73 | 2.16,0,1.85 | 2.31 | 2.94,0.922,0.000,0,1,0,0,0,0,-1,0,0,0,,0,,0,,0,0,922.25,0,1
17253895443,387,2,2,8,8,13.816,0,0,0.10 | 0.10 | 0.10,0,1.36 | 1.73 | 2.16,0,1.85 | 2.31 | 2.94,0.922,0.000,0,1,0,0,0,0,-1,0,0,0,,0,,0,,0,0,922.25,0,1
17253895444,387,2,2,8,8,13.816,0,0,0.10 | 0.10 | 0.10,0,1.36 | 1.73 | 2.16,0,1.85 | 2.31 | 2.94,0.922,0.000,0,1,0,0,0,0,-1,0,0,0,,0,,0,,0,0,922.25,0,1
17253895445,387,2,2,8,8,13.816,0,0,0.10 | 0.10 | 0.10,0,1.36 | 1.73 | 2.16,0,1.85 | 2.31 | 2.94,0.922,0.000,0,1,0,0,0,0,-1,0,0,0,,0,,0,,0,0,922.25,0,1
17253895446,387,2,2,8,8,13.816,0,0,0.10 | 0.10 | 0.10,0,1.36 | 1.73 | 2.16,0,1.85 | 2.31 | 2.94,0.922,0.000,0,1,0,0,0,0,-1,0,0,0,,0,,0,,0,0,922.25,0,1
17253895447,387,2,2,8,8,13.816,0,0,0.10 | 0.10 | 0.10,0,1.36 | 1.73 | 2.16,0,1.85 | 2.31 | 2.94,0.922,0.000,0,1,0,0,0,0,-1,0,0,0,,0,,0,,0,0,922.25,0,1
17253895448,387,2,2,8,8,13.816,0,0,0.10 | 0.10 | 0.10,0,1.36 | 1.73 | 2.16,0,1.85 | 2.31 | 2.94,0.922,0.000,0,1,0,0,0,0,-1,0,0,0,,0,,0,,0,0,922.25,0,1
17253895449,387,2,2,8,8,12.753,0,0,0.10 | 0.10 | 0.10,0,1.36 | 1.73 | 2.16,0,1.85 | 2.31 | 2.94,0.922,0.000,0,1,0,0,0,0,-1,0,0,0,,0,,0,,0,0,922.25,0,1
17253895450,387,2,2,8,8,12.753,0,0,0.10 | 0.10 | 0.10,0,1.36 | 1.73 | 2.16,0,1.85 | 2.31 | 2.94,0.922,0.000,0,1,0,0,0,0,-1,0,0,0,,0,,0,,0,0,922.25,0,1
17253895451,387,2,2,8,8,12.753,0,0,0.10 | 0.10 | 0.10,0,1.36 | 1.73 | 2.16,0,1.85 | 2.31 | 2.94,0.922,0.000,0,1,0,0,0,0,-1,0,0,0,,0,,0,,0,0,922.25,0,1
17253895452,387,2,2,8,8,12.753,0,0,0.10 | 0.10 | 0.10,0,1.36 | 1.73 | 2.16,0,1.85 | 2.31 | 2.94,0.922,0.000,0,1,0,0,0,0,-1,0,0,0,,0,,0,,0,0,922.25,0,1
17253895453,387,2,2,8,8,12.753,0,0,0.10 | 0.10 | 0.10,0,1.36 | 1.73 | 2.16,0,1.85 | 2.31 | 2.94,0.922,0.000,0,1,0,0,0,0,-1,0,0,0,,0,,0,,0,0,922.25,0,1
17253895454,387,2,2,8,8,12.753,0,0,0.10 | 0.10 | 0.10,0,1.36 | 1.73 | 2.16,0,1.85 | 2.31 | 2.94,0.922,0.000,0,1,0,0,0,0,-1,0,0,0,,0,,0,,0,0,922.25,0,1
17253895455,387,2,2,8,8,12.753,0,0,0.10 | 0.10 | 0.10,0,1.36 | 1.73 | 2.16,0,1.85 | 2.31 | 2.94,0.922,0.000,0,1,0,0,0,0,-1,0,0,0,,0,,0,,0,0,922.25,0,1
17253895456,387,2,2,8,8,12.753,0,0,0.10 | 0.10 | 0.10,0,1.36 | 1.73 | 2.16,0,1.85 | 2.31 | 2.94,0.922,0.000,0,1,0,0,0,0,-1,0,0,0,,0,,0,,0,0,922.25,0,1
17253895457,387,2,2,8,8,12.753,0,0,0.10 | 0.10 | 0.10,0,1.36 | 1.73 | 2.16,0,1.85 | 2.31 | 2.94,0.922,0.000,0,1,0,0,0,0,-1,0,0,0,,0,,0,,0,0,922.25,0,1
17253895458,387,2,2,8,8,12.753,0,0,0.10 | 0.10 | 0.10,0,1.36 | 1.73 | 2.16,0,1.85 | 2.31 | 2.94,0.922,0.000,0,1,0,0,0,0,-1,0,0,0,,0,,0,,0,0,922.25,0,1
17253895459,387,2,2,8,8,11.957,0,0,0.10 | 0.10 | 0.10,0,1.36 | 1.73 | 2.16,0,1.85 | 2.31 | 2.94,0.922,0.000,0,1,0,0,0,0,-1,0,0,0,,0,,0,,0,0,922.25,0,1
17253895460,387,2,2,8,8,11.957,0,0,0.10 | 0.10 | 0.10,0,1.36 | 1.73 | 2.16,0,1.85 | 2.31 | 2.94,0.922,0.000,0,1,0,0,0,0,-1,0,0,0,,0,,0,,0,0,922.25,0,1
17253895461,387,2,2,8,8,11.957,0,0,0.10 | 0.10 | 0.10,0,1.36 | 1.73 | 2.16,0,1.85 | 2.31 | 2.94,0.922,0.000,0,1,0,0,0,0,-1,0,0,0,,0,,0,,0,0,922.25,0,1
17253895462,387,2,2,8,8,11.957,0,0,0.10 | 0.10 | 0.10,0,1.36 | 1.73 | 2.16,0,1.85 | 2.31 | 2.94,0.922,0.000,0,1,0,0,0,0,-1,0,0,0,,0,,0,,0,0,922.25,0,1
17253895463,387,2,2,8,8,11.957,0,0,0.10 | 0.10 | 0.10,0,1.36 | 1.73 | 2.16,0,1.85 | 2.31 | 2.94,0.922,0.000,0,1,0,0,0,0,-1,0,0,0,,0,,0,,0,0,922.25,0,1
17253895464,387,2,2,8,8,11.957,0,0,0.10 | 0.10 | 0.10,0,1.36 | 1.73 | 2.16,0,1.85 | 2.31 | 2.94,0.922,0.000,0,1,0,0,0,0,-1,0,0,0,,0,,0,,0,0,922.25,0,1
17253895465,387,2,2,8,8,11.957,0,0,0.10 | 0.10 | 0.10,0,1.36 | 1.73 | 2.16,0,1.85 | 2.31 | 2.94,0.922,0.000,0,1,0,0,0,0,-1,0,0,0,,0,,0,,0,0,922.25,0,1
17253895466,387,2,2,8,8,11.957,0,0,0.10 | 0.10 | 0.10,0,1.36 | 1.73 | 2.16,0,1.85 | 2.31 | 2.94,0.922,0.000,0,1,0,0,0,0,-1,0,0,0,,0,,0,,0,0,922.25,0,1
17253895467,387,2,2,8,8,11.957,0,0,0.10 | 0.10 | 0.10,0,1.36 | 1.73 | 2.16,0,1.85 | 2.31 | 2.94,0.922,0.000,0,1,0,0,0,0,-1,0,0,0,,0,,0,,0,0,922.25,0,1
17253895468,387,2,2,8,8,11.957,0,0,0.10 | 0.10 | 0.10,0,1.36 | 1.73 | 2.16,0,1.85 | 2.31 | 2.94,0.922,0.000,0,1,0,0,0,0,-1,0,0,0,,0,,0,,0,0,922.25,0,1
17253895469,387,2,2,8,8,10.713,0,0,0.10 | 0.10 | 0.10,0,1.36 | 1.73 | 2.16,0,1.85 | 2.31 | 2.94,0.922,0.000,0,1,0,0,0,0,-1,0,0,0,,0,,0,,0,0,922.25,0,1
17253895470,387,2,2,8,8,10.713,0,0,0.10 | 0.10 | 0.10,0,1.36 | 1.73 | 2.16,0,1.85 | 2.31 | 2.94,0.922,0.000,0,1,0,0,0,0,-1,0,0,0,,0,,0,,0,0,922.25,0,1
17253895471,387,2,2,8,8,10.713,0,0,0.10 | 0.10 | 0.10,0,1.36 | 1.73 | 2.16,0,1.85 | 2.31 | 2.94,0.922,0.000,0,1,0,0,0,0,-1,0,0,0,,0,,0,,0,0,922.25,0,1
17253895472,387,2,2,8,8,10.713,0,0,0.10 | 0.10 | 0.10,0,1.36 | 1.73 | 2.16,0,1.85 | 2.31 | 2.94,0.922,0.000,0,1,0,0,0,0,-1,0,0,0,,0,,0,,0,0,922.25,0,1
17253895473,387,2,2,8,8,10.713,0,0,0.10 | 0.10 | 0.10,0,1.36 | 1.73 | 2.16,0,1.85 | 2.31 | 2.94,0.922,0.000,0,1,0,0,0,0,-1,0,0,0,,0,,0,,0,0,922.25,0,1
17253895474,387,2,2,8,8,10.713,0,0,0.10 | 0.10 | 0.10,0,1.36 | 1.73 | 2.16,0,1.85 | 2.31 | 2.94,0.922,0.000,0,1,0,0,0,0,-1,0,0,0,,0,,0,,0,0,922.25,0,1
17253895475,387,2,2,8,8,10.713,0,0,0.10 | 0.10 | 0.10,0,1.36 | 1.73 | 2.16,0,1.85 | 2.31 | 2.94,0.922,0.000,0,1,0,0,0,0,-1,0,0,0,,0,,0,,0,0,922.25,0,1
17253895476,387,2,2,8,8,10.713,0,0,0.10 | 0.10 | 0.10,0,1.36 | 1.73 | 2.16,0,1.85 | 2.31 | 2.94,0.922,0.000,0,1,0,0,0,0,-1,0,0,0,,0,,0,,0,0,922.25,0,1
17253895477,387,2,2,8,8,10.713,0,0,0.10 | 0.10 | 0.10,0,1.36 | 1.73 | 2.16,0,1.85 | 2.31 | 2.94,0.922,0.000,0,1,0,0,0,0,-1,0,0,0,,0,,0,,0,0,922.25,0,1
17253895478,387,2,2,8,8,10.713,0,0,0.10 | 0.10 | 0.10,0,1.36 | 1.73 | 2.16,0,1.85 | 2.31 | 2.94,0.922,0.000,0,1,0,0,0,0,-1,0,0,0,,0,,0,,0,0,897.75,0,1
17253895479,387,2,2,8,8,12.984,0,0,0.10 | 0.11 | 0.11,0,1.36 | 1.73 | 2.16,0,1.85 | 2.32 | 2.94,0.898,0.000,0,1,0,0,0,0,-1,0,0,0,,0,,0,,0,0,897.75,0,1
17253895480,387,2,2,8,8,12.984,0,0,0.10 | 0.11 | 0.11,0,1.36 | 1.73 | 2.16,0,1.85 | 2.32 | 2.94,0.898,0.000,0,1,0,0,0,0,-1,0,0,0,,0,,0,,0,0,897.75,0,1
17253895481,387,2,2,8,8,12.984,0,0,0.10 | 0.11 | 0.11,0,1.36 | 1.73 | 2.16,0,1.85 | 2.32 | 2.94,0.898,0.000,0,1,0,0,0,0,-1,0,0,0,,0,,0,,0,0,897.75,0,1
17253895482,387,2,2,8,8,12.984,0,0,0.10 | 0.11 | 0.11,0,1.36 | 1.73 | 2.16,0,1.85 | 2.32 | 2.94,0.898,0.000,0,1,0,0,0,0,-1,0,0,0,,0,,0,,0,0,897.75,0,1
17253895483,387,2,2,8,8,12.984,0,0,0.10 | 0.11 | 0.11,0,1.36 | 1.73 | 2.16,0,1.85 | 2.32 | 2.94,0.898,0.000,0,1,0,0,0,0,-1,0,0,0,,0,,0,,0,0,897.75,0,1
17253895484,387,2,2,8,8,12.984,0,0,0.10 | 0.11 | 0.11,0,1.36 | 1.73 | 2.16,0,1.85 | 2.32 | 2.94,0.898,0.000,0,1,0,0,0,0,-1,0,0,0,,0,,0,,0,0,897.75,0,1
17253895485,387,2,2,8,8,12.984,0,0,0.10 | 0.11 | 0.11,0,1.36 | 1.73 | 2.16,0,1.85 | 2.32 | 2.94,0.898,0.000,0,1,0,0,0,0,-1,0,0,0,,0,,0,,0,0,897.75,0,1
17253895486,387,2,2,8,8,12.984,0,0,0.10 | 0.11 | 0.11,0,1.36 | 1.73 | 2.16,0,1.85 | 2.32 | 2.94,0.898,0.000,0,1,0,0,0,0,-1,0,0,0,,0,,0,,0,0,897.75,0,1
17253895487,387,2,2,8,8,12.984,0,0,0.10 | 0.11 | 0.11,0,1.36 | 1.73 | 2.16,0,1.85 | 2.32 | 2.94,0.898,0.000,0,1,0,0,0,0,-1,0,0,0,,0,,0,,0,0,897.75,0,1
17253895488,387,2,2,8,8,12.984,0,0,0.10 | 0.11 | 0.11,0,1.36 | 1.73 | 2.16,0,1.85 | 2.32 | 2.94,0.898,0.000,0,1,0,0,0,0,-1,0,0,0,,0,,0,,0,0,897.75,0,1
17253895489,387,2,2,8,8,11.969,0,0,0.10 | 0.11 | 0.11,0,1.36 | 1.73 | 2.16,0,1.85 | 2.32 | 2.94,0.898,0.000,0,1,0,0,0,0,-1,0,0,0,,0,,0,,0,0,897.75,0,1
17253895490,387,2,2,8,8,11.969,0,0,0.10 | 0.11 | 0.11,0,1.36 | 1.73 | 2.16,0,1.85 | 2.32 | 2.94,0.898,0.000,0,1,0,0,0,0,-1,0,0,0,,0,,0,,0,0,897.75,0,1
17253895491,387,2,2,8,8,11.969,0,0,0.10 | 0.11 | 0.11,0,1.36 | 1.73 | 2.16,0,1.85 | 2.32 | 2.94,0.898,0.000,0,1,0,0,0,0,-1,0,0,0,,0,,0,,0,0,897.75,0,1
17253895492,387,2,2,8,8,11.969,0,0,0.10 | 0.11 | 0.11,0,1.36 | 1.73 | 2.16,0,1.85 | 2.32 | 2.94,0.898,0.000,0,1,0,0,0,0,-1,0,0,0,,0,,0,,0,0,897.75,0,1
17253895493,387,2,2,8,8,11.969,0,0,0.10 | 0.11 | 0.11,0,1.36 | 1.73 | 2.16,0,1.85 | 2.32 | 2.94,0.898,0.000,0,1,0,0,0,0,-1,0,0,0,,0,,0,,0,0,897.75,0,1
17253895494,387,2,2,8,8,11.969,0,0,0.10 | 0.11 | 0.11,0,1.36 | 1.73 | 2.16,0,1.85 | 2.32 | 2.94,0.898,0.000,0,1,0,0,0,0,-1,0,0,0,,0,,0,,0,0,897.75,0,1
17253895495,387,2,2,8,8,11.969,0,0,0.10 | 0.11 | 0.11,0,1.36 | 1.73 | 2.16,0,1.85 | 2.32 | 2.94,0.898,0.000,0,1,0,0,0,0,-1,0,0,0,,0,,0,,0,0,897.75,0,1
17253895496,387,2,2,8,8,11.969,0,0,0.10 | 0.11 | 0.11,0,1.36 | 1.73 | 2.16,0,1.85 | 2.32 | 2.94,0.898,0.000,0,1,0,0,0,0,-1,0,0,0,,0,,0,,0,0,897.75,0,1
17253895497,387,2,2,8,8,11.969,0,0,0.10 | 0.11 | 0.11,0,1.36 | 1.73 | 2.16,0,1.85 | 2.32 | 2.94,0.898,0.000,0,1,0,0,0,0,-1,0,0,0,,0,,0,,0,0,897.75,0,1
17253895498,387,2,2,8,8,11.969,0,0,0.10 | 0.11 | 0.11,0,1.36 | 1.73 | 2.16,0,1.85 | 2.32 | 2.94,0.898,0.000,0,1,0,0,0,0,-1,0,0,0,,0,,0,,0,0,897.75,0,1
17253895499,387,2,2,8,8,10.906,0,0,0.10 | 0.11 | 0.11,0,1.36 | 1.73 | 2.16,0,1.85 | 2.32 | 2.94,0.898,0.000,0,1,0,0,0,0,-1,0,0,0,,0,,0,,0,0,897.75,0,1
17253895500,387,2,2,8,8,10.906,0,0,0.10 | 0.11 | 0.11,0,1.36 | 1.73 | 2.16,0,1.85 | 2.32 | 2.94,0.898,0.000,0,1,0,0,0,0,-1,0,0,0,,0,,0,,0,0,897.75,0,1
17253895501,387,2,2,8,8,10.906,0,0,0.10 | 0.11 | 0.11,0,1.36 | 1.73 | 2.16,0,1.85 | 2.32 | 2.94,0.898,0.000,0,1,0,0,0,0,-1,0,0,0,,0,,0,,0,0,897.75,0,1
17253895502,387,2,2,8,8,10.906,0,0,0.10 | 0.11 | 0.11,0,1.36 | 1.73 | 2.16,0,1.85 | 2.32 | 2.94,0.898,0.000,0,1,0,0,0,0,-1,0,0,0,,0,,0,,0,0,897.75,0,1
17253895503,387,2,2,8,8,10.906,0,0,0.10 | 0.11 | 0.11,0,1.36 | 1.73 | 2.16,0,1.85 | 2.32 | 2.94,0.898,0.000,0,1,0,0,0,0,-1,0,0,0,,0,,0,,0,0,897.75,0,1
17253895504,387,2,2,8,8,10.906,0,0,0.10 | 0.11 | 0.11,0,1.36 | 1.73 | 2.16,0,1.85 | 2.32 | 2.94,0.898,0.000,0,1,0,0,0,0,-1,0,0,0,,0,,0,,0,0,897.75,0,1
17253895505,387,2,2,8,8,10.906,0,0,0.10 | 0.11 | 0.11,0,1.36 | 1.73 | 2.16,0,1.85 | 2.32 | 2.94,0.898,0.000,0,1,0,0,0,0,-1,0,0,0,,0,,0,,0,0,897.75,0,1
17253895506,387,2,2,8,8,10.906,0,0,0.10 | 0.11 | 0.11,0,1.36 | 1.73 | 2.16,0,1.85 | 2.32 | 2.94,0.898,0.000,0,1,0,0,0,0,-1,0,0,0,,0,,0,,0,0,897.75,0,1
17253895507,387,2,2,8,8,10.906,0,0,0.10 | 0.11 | 0.11,0,1.36 | 1.73 | 2.16,0,1.85 | 2.32 | 2.94,0.898,0.000,0,1,0,0,0,0,-1,0,0,0,,0,,0,,0,0,897.75,0,1
17253895508,387,2,2,8,8,10.906,0,0,0.10 | 0.11 | 0.11,0,1.36 | 1.73 | 2.16,0,1.85 | 2.32 | 2.94,0.898,0.000,0,1,0,0,0,0,-1,0,0,0,,0,,0,,0,0,897.75,0,1
17253895509,387,2,2,8,8,10.109,0,0,0.10 | 0.11 | 0.11,0,1.36 | 1.73 | 2.16,0,1.85 | 2.32 | 2.94,0.898,0.000,0,1,0,0,0,0,-1,0,0,0,,0,,0,,0,0,897.75,0,1
17253895510,387,2,2,8,8,10.109,0,0,0.10 | 0.11 | 0.11,0,1.36 | 1.73 | 2.16,0,1.85 | 2.32 | 2.94,0.898,0.000,0,1,0,0,0,0,-1,0,0,0,,0,,0,,0,0,897.75,0,1
17253895511,387,2,2,8,8,10.109,0,0,0.10 | 0.11 | 0.11,0,1.36 | 1.73 | 2.16,0,1.85 | 2.32 | 2.94,0.898,0.000,0,1,0,0,0,0,-1,0,0,0,,0,,0,,0,0,897.75,0,1
17253895512,387,2,2,8,8,10.109,0,0,0.10 | 0.11 | 0.11,0,1.36 | 1.73 | 2.16,0,1.85 | 2.32 | 2.94,0.898,0.000,0,1,0,0,0,0,-1,0,0,0,,0,,0,,0,0,897.75,0,1
17253895513,387,2,2,8,8,10.109,0,0,0.10 | 0.11 | 0.11,0,1.36 | 1.73 | 2.16,0,1.85 | 2.32 | 2.94,0.898,0.000,0,1,0,0,0,0,-1,0,0,0,,0,,0,,0,0,897.75,0,1
17253895514,387,2,2,8,8,10.109,0,0,0.10 | 0.11 | 0.11,0,1.36 | 1.73 | 2.16,0,1.85 | 2.32 | 2.94,0.898,0.000,0,1,0,0,0,0,-1,0,0,0,,0,,0,,0,0,897.75,0,1
17253895515,387,2,2,8,8,10.109,0,0,0.10 | 0.11 | 0.11,0,1.36 | 1.73 | 2.16,0,1.85 | 2.32 | 2.94,0.898,0.000,0,1,0,0,0,0,-1,0,0,0,,0,,0,,0,0,897.75,0,1
17253895516,387,2,2,8,8,10.109,0,0,0.10 | 0.11 | 0.11,0,1.36 | 1.73 | 2.16,0,1.85 | 2.32 | 2.94,0.898,0.000,0,1,0,0,0,0,-1,0,0,0,,0,,0,,0,0,897.75,0,1
17253895517,387,2,2,8,8,10.109,0,0,0.10 | 0.11 | 0.11,0,1.36 | 1.73 | 2.16,0,1.85 | 2.32 | 2.94,0.898,0.000,0,1,0,0,0,0,-1,0,0,0,,0,,0,,0,0,897.75,0,1
17253895518,387,2,2,8,8,10.109,0,0,0.10 | 0.11 | 0.11,0,1.36 | 1.73 | 2.16,0,1.85 | 2.32 | 2.94,0.898,0.000,0,1,0,0,0,0,-1,0,0,0,,0,,0,,0,0,897.75,0,1
17253895519,387,2,2,8,8,9.047,0,0,0.10 | 0.11 | 0.11,0,1.36 | 1.73 | 2.16,0,1.85 | 2.32 | 2.94,0.898,0.000,0,1,0,0,0,0,-1,0,0,0,,0,,0,,0,0,897.75,0,1
17253895520,387,2,2,8,8,9.047,0,0,0.10 | 0.11 | 0.11,0,1.36 | 1.73 | 2.16,0,1.85 | 2.32 | 2.94,0.898,0.000,0,1,0,0,0,0,-1,0,0,0,,0,,0,,0,0,875.75,0,1
17253895521,387,2,2,8,8,9.047,0,0,0.10 | 0.11 | 0.11,0,1.36 | 1.73 | 2.16,0,1.85 | 2.32 | 2.94,0.898,0.000,0,1,0,0,0,0,-1,0,0,0,,0,,0,,0,0,875.75,0,1
17253895522,387,2,2,8,8,9.047,0,0,0.10 | 0.11 | 0.11,0,1.36 | 1.73 | 2.16,0,1.85 | 2.32 | 2.94,0.898,0.000,0,1,0,0,0,0,-1,0,0,0,,0,,0,,0,0,875.75,0,1
17253895523,387,2,2,8,8,9.047,0,0,0.10 | 0.11 | 0.11,0,1.36 | 1.73 | 2.16,0,1.85 | 2.32 | 2.94,0.898,0.000,0,1,0,0,0,0,-1,0,0,0,,0,,0,,0,0,875.75,0,1
17253895524,387,2,2,8,8,9.047,0,0,0.10 | 0.11 | 0.11,0,1.36 | 1.73 | 2.16,0,1.85 | 2.32 | 2.94,0.898,0.000,0,1,0,0,0,0,-1,0,0,0,,0,,0,,0,0,875.75,0,1
17253895525,387,2,2,8,8,9.047,0,0,0.10 | 0.11 | 0.11,0,1.36 | 1.73 | 2.16,0,1.85 | 2.32 | 2.94,0.898,0.000,0,1,0,0,0,0,-1,0,0,0,,0,,0,,0,0,875.75,0,1
17253895526,387,2,2,8,8,9.047,0,0,0.10 | 0.11 | 0.11,0,1.36 | 1.73 | 2.16,0,1.85 | 2.32 | 2.94,0.898,0.000,0,1,0,0,0,0,-1,0,0,0,,0,,0,,0,0,875.75,0,1
17253895527,387,2,2,8,8,9.047,0,0,0.10 | 0.11 | 0.11,0,1.36 | 1.73 | 2.16,0,1.85 | 2.32 | 2.94,0.898,0.000,0,1,0,0,0,0,-1,0,0,0,,0,,0,,0,0,875.75,0,1
17253895528,387,2,2,8,8,9.047,0,0,0.10 | 0.11 | 0.11,0,1.36 | 1.73 | 2.16,0,1.85 | 2.32 | 2.94,0.898,0.000,0,1,0,0,0,0,-1,0,0,0,,0,,0,,0,0,875.75,0,1
17253895529,387,2,2,8,8,12.785,0,0,0.10 | 0.11 | 0.11,0,1.36 | 1.84 | 2.60,0,1.54 | 2.18 | 2.94,0.876,0.000,0,1,0,0,0,0,-1,0,0,0,,0,,0,,0,0,875.75,0,1
17253895530,387,2,2,8,8,12.785,0,0,0.10 | 0.11 | 0.11,0,1.36 | 1.84 | 2.60,0,1.54 | 2.18 | 2.94,0.876,0.000,0,1,0,0,0,0,-1,0,0,0,,0,,0,,0,0,875.75,0,1
17253895531,387,2,2,8,8,12.785,0,0,0.10 | 0.11 | 0.11,0,1.36 | 1.84 | 2.60,0,1.54 | 2.18 | 2.94,0.876,0.000,0,1,0,0,0,0,-1,0,0,0,,0,,0,,0,0,875.75,0,1
17253895532,387,2,2,8,8,12.785,0,0,0.10 | 0.11 | 0.11,0,1.36 | 1.84 | 2.60,0,1.54 | 2.18 | 2.94,0.876,0.000,0,1,0,0,0,0,-1,0,0,0,,0,,0,,0,0,875.75,0,1
17253895533,387,2,2,8,8,12.785,0,0,0.10 | 0.11 | 0.11,0,1.36 | 1.84 | 2.60,0,1.54 | 2.18 | 2.94,0.876,0.000,0,1,0,0,0,0,-1,0,0,0,,0,,0,,0,0,875.75,0,1
17253895534,387,2,2,8,8,12.785,0,0,0.10 | 0.11 | 0.11,0,1.36 | 1.84 | 2.60,0,1.54 | 2.18 | 2.94,0.876,0.000,0,1,0,0,0,0,-1,0,0,0,,0,,0,,0,0,875.75,0,1
17253895535,387,2,2,8,8,12.785,0,0,0.10 | 0.11 | 0.11,0,1.36 | 1.84 | 2.60,0,1.54 | 2.18 | 2.94,0.876,0.000,0,1,0,0,0,0,-1,0,0,0,,0,,0,,0,0,875.75,0,1
17253895536,387,2,2,8,8,12.785,0,0,0.10 | 0.11 | 0.11,0,1.36 | 1.84 | 2.60,0,1.54 | 2.18 | 2.94,0.876,0.000,0,1,0,0,0,0,-1,0,0,0,,0,,0,,0,0,875.75,0,1
17253895537,387,2,2,8,8,12.785,0,0,0.10 | 0.11 | 0.11,0,1.36 | 1.84 | 2.60,0,1.54 | 2.18 | 2.94,0.876,0.000,0,1,0,0,0,0,-1,0,0,0,,0,,0,,0,0,875.75,0,1
17253895538,387,2,2,8,8,12.785,0,0,0.10 | 0.11 | 0.11,0,1.36 | 1.84 | 2.60,0,1.54 | 2.18 | 2.94,0.876,0.000,0,1,0,0,0,0,-1,0,0,0,,0,,0,,0,0,875.75,0,1
17253895539,387,2,2,8,8,11.722,0,0,0.10 | 0.11 | 0.11,0,1.36 | 1.84 | 2.60,0,1.54 | 2.18 | 2.94,0.876,0.000,0,1,0,0,0,0,-1,0,0,0,,0,,0,,0,0,875.75,0,1
17253895540,387,2,2,8,8,11.722,0,0,0.10 | 0.11 | 0.11,0,1.36 | 1.84 | 2.60,0,1.54 | 2.18 | 2.94,0.876,0.000,0,1,0,0,0,0,-1,0,0,0,,0,,0,,0,0,875.75,0,1
17253895541,580,2,3,8,8,11.722,0,0,0.10 | 0.11 | 0.11,0,1.36 | 1.84 | 2.60,0,1.54 | 2.18 | 2.94,0.876,0.000,0,1,0,0,0,0,-1,0,0,0,,0,,0,,0,0,875.75,0,1
17253895542,580,2,3,8,8,11.722,0,0,0.10 | 0.11 | 0.11,0,1.36 | 1.84 | 2.60,0,1.54 | 2.18 | 2.94,0.876,0.000,0,1,0,0,0,0,-1,0,0,0,,0,,0,,0,0,875.75,0,1
17253895543,580,2,3,8,8,11.722,0,0,0.10 | 0.11 | 0.11,0,1.36 | 1.84 | 2.60,0,1.54 | 2.18 | 2.94,0.876,0.000,0,1,0,0,0,0,-1,0,0,0,,0,,0,,0,0,875.75,0,1
17253895544,580,2,3,8,8,11.722,0,0,0.10 | 0.11 | 0.11,0,1.36 | 1.84 | 2.60,0,1.54 | 2.18 | 2.94,0.876,0.000,0,1,0,0,0,0,-1,0,0,0,,0,,0,,0,0,875.75,0,1
17253895545,580,2,3,8,8,11.722,0,0,0.10 | 0.11 | 0.11,0,1.36 | 1.84 | 2.60,0,1.54 | 2.18 | 2.94,0.876,0.000,0,1,0,0,0,0,-1,0,0,0,,0,,0,,0,0,875.75,0,1
17253895546,580,2,3,8,8,11.722,0,0,0.10 | 0.11 | 0.11,0,1.36 | 1.84 | 2.60,0,1.54 | 2.18 | 2.94,0.876,0.000,0,1,0,0,0,0,-1,0,0,0,,0,,0,,0,0,875.75,0,1
17253895547,580,2,3,8,8,11.722,0,0,0.10 | 0.11 | 0.11,0,1.36 | 1.84 | 2.60,0,1.54 | 2.18 | 2.94,0.876,0.000,0,1,0,0,0,0,-1,0,0,0,,0,,0,,0,0,875.75,0,1
17253895548,580,2,3,8,8,11.722,0,0,0.10 | 0.11 | 0.11,0,1.36 | 1.84 | 2.60,0,1.54 | 2.18 | 2.94,0.876,0.000,0,1,0,0,0,0,-1,0,0,0,,0,,0,,0,0,875.75,0,1
17253895549,580,2,3,8,8,10.925,0,0,0.10 | 0.11 | 0.11,0,1.36 | 1.84 | 2.60,0,1.54 | 2.18 | 2.94,0.876,0.000,0,1,0,0,0,0,-1,0,0,0,,0,,0,,0,0,875.75,0,1
17253895550,580,2,3,8,8,10.925,0,0,0.10 | 0.11 | 0.11,0,1.36 | 1.84 | 2.60,0,1.54 | 2.18 | 2.94,0.876,0.000,0,1,0,0,0,0,-1,0,0,0,,0,,0,,0,0,875.75,0,1
17253895551,580,2,3,8,8,10.925,0,0,0.10 | 0.11 | 0.11,0,1.36 | 1.84 | 2.60,0,1.54 | 2.18 | 2.94,0.876,0.000,0,1,0,0,0,0,-1,0,0,0,,0,,0,,0,0,875.75,0,1
17253895552,580,2,3,8,8,10.925,0,0,0.10 | 0.11 | 0.11,0,1.36 | 1.84 | 2.60,0,1.54 | 2.18 | 2.94,0.876,0.000,0,1,0,0,0,0,-1,0,0,0,,0,,0,,0,0,875.75,0,1
17253895553,580,2,3,8,8,10.925,0,0,0.10 | 0.11 | 0.11,0,1.36 | 1.84 | 2.60,0,1.54 | 2.18 | 2.94,0.876,0.000,0,1,0,0,0,0,-1,0,0,0,,0,,0,,0,0,875.75,0,1
17253895554,580,2,3,8,8,10.925,0,0,0.10 | 0.11 | 0.11,0,1.36 | 1.84 | 2.60,0,1.54 | 2.18 | 2.94,0.876,0.000,0,1,0,0,0,0,-1,0,0,0,,0,,0,,0,0,875.75,0,1
17253895555,580,2,3,8,8,10.925,0,0,0.10 | 0.11 | 0.11,0,1.36 | 1.84 | 2.60,0,1.54 | 2.18 | 2.94,0.876,0.000,0,1,0,0,0,0,-1,0,0,0,,0,,0,,0,0,875.75,0,1
17253895556,580,2,3,8,8,10.925,0,0,0.10 | 0.11 | 0.11,0,1.36 | 1.84 | 2.60,0,1.54 | 2.18 | 2.94,0.876,0.000,0,1,0,0,0,0,-1,0,0,0,,0,,0,,0,0,875.75,0,1
17253895557,580,2,3,8,8,10.925,0,0,0.10 | 0.11 | 0.11,0,1.36 | 1.84 | 2.60,0,1.54 | 2.18 | 2.94,0.876,0.000,0,1,0,0,0,0,-1,0,0,0,,0,,0,,0,0,875.75,0,1
17253895558,580,2,3,8,8,10.925,0,0,0.10 | 0.11 | 0.11,0,1.36 | 1.84 | 2.60,0,1.54 | 2.18 | 2.94,0.876,0.000,0,1,0,0,0,0,-1,0,0,0,,0,,0,,0,0,875.75,0,1
17253895559,580,2,3,8,8,9.863,0,0,0.10 | 0.11 | 0.11,0,1.36 | 1.84 | 2.60,0,1.54 | 2.18 | 2.94,0.876,0.000,0,1,0,0,0,0,-1,0,0,0,,0,,0,,0,0,875.75,0,1
17253895560,580,2,3,8,8,9.863,0,0,0.10 | 0.11 | 0.11,0,1.36 | 1.84 | 2.60,0,1.54 | 2.18 | 2.94,0.876,0.000,0,1,0,0,0,0,-1,0,0,0,,0,,0,,0,0,875.75,0,1
17253895561,580,2,3,8,8,9.863,0,0,0.10 | 0.11 | 0.11,0,1.36 | 1.84 | 2.60,0,1.54 | 2.18 | 2.94,0.876,0.000,0,1,0,0,0,0,-1,0,0,0,,0,,0,,0,0,875.75,0,1
17253895562,580,2,3,8,8,9.863,0,0,0.10 | 0.11 | 0.11,0,1.36 | 1.84 | 2.60,0,1.54 | 2.18 | 2.94,0.876,0.000,0,1,0,0,0,0,-1,0,0,0,,0,,0,,0,0,875.75,0,1
17253895563,580,2,3,8,8,9.863,0,0,0.10 | 0.11 | 0.11,0,1.36 | 1.84 | 2.60,0,1.54 | 2.18 | 2.94,0.876,0.000,0,1,0,0,0,0,-1,0,0,0,,0,,0,,0,0,875.75,0,1
17253895564,772,2,4,8,8,9.863,0,0,0.10 | 0.11 | 0.11,0,1.36 | 1.84 | 2.60,0,1.54 | 2.18 | 2.94,0.876,0.000,0,1,0,0,0,0,-1,0,0,0,,0,,0,,0,0,885.5,0,1
17253895565,772,2,4,8,8,9.863,0,0,0.10 | 0.11 | 0.11,0,1.36 | 1.84 | 2.60,0,1.54 | 2.18 | 2.94,0.876,0.000,0,1,0,0,0,0,-1,0,0,0,,0,,0,,0,0,885.5,0,1
17253895566,772,2,4,8,8,9.863,0,0,0.10 | 0.11 | 0.11,0,1.36 | 1.84 | 2.60,0,1.54 | 2.18 | 2.94,0.876,0.000,0,1,0,0,0,0,-1,0,0,0,,0,,0,,0,0,885.5,0,1
17253895567,772,2,4,8,8,9.863,0,0,0.10 | 0.11 | 0.11,0,1.36 | 1.84 | 2.60,0,1.54 | 2.18 | 2.94,0.876,0.000,0,1,0,0,0,0,-1,0,0,0,,0,,0,,0,0,885.5,0,1
17253895568,772,3,4,8,8,9.863,0,0,0.10 | 0.11 | 0.11,0,1.36 | 1.84 | 2.60,0,1.54 | 2.18 | 2.94,0.876,0.000,0,1,0,0,0,0,-1,0,0,0,,0,,0,,0,0,885.5,0,1
17253895569,772,3,4,8,8,8.713,0,0,0.10 | 0.11 | 0.11,0,1.57 | 2.03 | 2.60,0,1.54 | 1.97 | 2.55,0.885,0.000,0,1,0,0,0,0,-1,0,0,0,,0,,0,,0,0,885.5,0,1
17253895570,772,3,4,8,8,8.713,0,0,0.10 | 0.11 | 0.11,0,1.57 | 2.03 | 2.60,0,1.54 | 1.97 | 2.55,0.885,0.000,0,1,0,0,0,0,-1,0,0,0,,0,,0,,0,0,885.5,0,1
17253895571,772,3,4,8,8,8.713,0,0,0.10 | 0.11 | 0.11,0,1.57 | 2.03 | 2.60,0,1.54 | 1.97 | 2.55,0.885,0.000,0,1,0,0,0,0,-1,0,0,0,,0,,0,,0,0,885.5,0,1
17253895572,772,3,4,8,8,8.713,0,0,0.10 | 0.11 | 0.11,0,1.57 | 2.03 | 2.60,0,1.54 | 1.97 | 2.55,0.885,0.000,0,1,0,0,0,0,-1,0,0,0,,0,,0,,0,0,885.5,0,1
17253895573,772,3,4,8,8,8.713,0,0,0.10 | 0.11 | 0.11,0,1.57 | 2.03 | 2.60,0,1.54 | 1.97 | 2.55,0.885,0.000,0,1,0,0,0,0,-1,0,0,0,,0,,0,,0,0,885.5,0,1
17253895574,772,3,4,8,8,8.713,0,0,0.10 | 0.11 | 0.11,0,1.57 | 2.03 | 2.60,0,1.54 | 1.97 | 2.55,0.885,0.000,0,1,0,0,0,0,-1,0,0,0,,0,,0,,0,0,885.5,0,1
17253895575,772,3,4,8,8,8.713,0,0,0.10 | 0.11 | 0.11,0,1.57 | 2.03 | 2.60,0,1.54 | 1.97 | 2.55,0.885,0.000,0,1,0,0,0,0,-1,0,0,0,,0,,0,,0,0,885.5,0,1
17253895576,772,3,4,8,8,8.713,0,0,0.10 | 0.11 | 0.11,0,1.57 | 2.03 | 2.60,0,1.54 | 1.97 | 2.55,0.885,0.000,0,1,0,0,0,0,-1,0,0,0,,0,,0,,0,0,885.5,0,1
17253895577,772,3,4,8,8,8.713,0,0,0.10 | 0.11 | 0.11,0,1.57 | 2.03 | 2.60,0,1.54 | 1.97 | 2.55,0.885,0.000,0,1,0,0,0,0,-1,0,0,0,,0,,0,,0,0,885.5,0,1
17253895578,772,3,4,8,8,8.713,0,0,0.10 | 0.11 | 0.11,0,1.57 | 2.03 | 2.60,0,1.54 | 1.97 | 2.55,0.885,0.000,0,1,0,0,0,0,-1,0,0,0,,0,,0,,0,0,885.5,0,1
17253895579,772,3,4,8,8,7.738,0,0,0.10 | 0.11 | 0.11,0,1.57 | 2.03 | 2.60,0,1.54 | 1.97 | 2.55,0.885,0.000,0,1,0,0,0,0,-1,0,0,0,,0,,0,,0,0,885.5,0,1
17253895580,772,3,4,8,8,7.738,0,0,0.10 | 0.11 | 0.11,0,1.57 | 2.03 | 2.60,0,1.54 | 1.97 | 2.55,0.885,0.000,0,1,0,0,0,0,-1,0,0,0,,0,,0,,0,0,885.5,0,1
17253895581,772,3,4,8,8,7.738,0,0,0.10 | 0.11 | 0.11,0,1.57 | 2.03 | 2.60,0,1.54 | 1.97 | 2.55,0.885,0.000,0,1,0,0,0,0,-1,0,0,0,,0,,0,,0,0,885.5,0,1
17253895582,772,3,4,8,8,7.738,0,0,0.10 | 0.11 | 0.11,0,1.57 | 2.03 | 2.60,0,1.54 | 1.97 | 2.55,0.885,0.000,0,1,0,0,0,0,-1,0,0,0,,0,,0,,0,0,885.5,0,1
17253895583,772,3,4,8,8,7.738,0,0,0.10 | 0.11 | 0.11,0,1.57 | 2.03 | 2.60,0,1.54 | 1.97 | 2.55,0.885,0.000,0,1,0,0,0,0,-1,0,0,0,,0,,0,,0,0,885.5,0,1
17253895584,772,3,4,8,8,7.738,0,0,0.10 | 0.11 | 0.11,0,1.57 | 2.03 | 2.60,0,1.54 | 1.97 | 2.55,0.885,0.000,0,1,0,0,0,0,-1,0,0,0,,0,,0,,0,0,885.5,0,1
17253895585,772,3,4,8,8,7.738,0,0,0.10 | 0.11 | 0.11,0,1.57 | 2.03 | 2.60,0,1.54 | 1.97 | 2.55,0.885,0.000,0,1,0,0,0,0,-1,0,0,0,,0,,0,,0,0,885.5,0,1
17253895586,772,3,4,8,8,7.738,0,0,0.10 | 0.11 | 0.11,0,1.57 | 2.03 | 2.60,0,1.54 | 1.97 | 2.55,0.885,0.000,0,1,0,0,0,0,-1,0,0,0,,0,,0,,0,0,885.5,0,1
17253895587,772,3,4,8,8,7.738,0,0,0.10 | 0.11 | 0.11,0,1.57 | 2.03 | 2.60,0,1.54 | 1.97 | 2.55,0.885,0.000,0,1,0,0,0,0,-1,0,0,0,,0,,0,,0,0,885.5,0,1
17253895588,772,3,4,8,8,7.738,0,0,0.10 | 0.11 | 0.11,0,1.57 | 2.03 | 2.60,0,1.54 | 1.97 | 2.55,0.885,0.000,0,1,0,0,0,0,-1,0,0,0,,0,,0,,0,0,885.5,0,1
17253895589,772,3,4,8,8,6.941,0,0,0.10 | 0.11 | 0.11,0,1.57 | 2.03 | 2.60,0,1.54 | 1.97 | 2.55,0.885,0.000,0,1,0,0,0,0,-1,0,0,0,,0,,0,,0,0,885.5,0,1
17253895590,772,3,4,8,8,6.941,0,0,0.10 | 0.11 | 0.11,0,1.57 | 2.03 | 2.60,0,1.54 | 1.97 | 2.55,0.885,0.000,0,1,0,0,0,0,-1,0,0,0,,0,,0,,0,0,885.5,0,1
17253895591,772,3,4,8,8,6.941,0,0,0.10 | 0.11 | 0.11,0,1.57 | 2.03 | 2.60,0,1.54 | 1.97 | 2.55,0.885,0.000,0,1,0,0,0,0,-1,0,0,0,,0,,0,,0,0,885.5,0,1
17253895592,772,3,4,8,8,6.941,0,0,0.10 | 0.11 | 0.11,0,1.57 | 2.03 | 2.60,0,1.54 | 1.97 | 2.55,0.885,0.000,0,1,0,0,0,0,-1,0,0,0,,0,,0,,0,0,885.5,0,1
17253895593,772,3,4,8,8,6.941,0,0,0.10 | 0.11 | 0.11,0,1.57 | 2.03 | 2.60,0,1.54 | 1.97 | 2.55,0.885,0.000,0,1,0,0,0,0,-1,0,0,0,,0,,0,,0,0,885.5,0,1
17253895594,772,3,4,8,8,6.941,0,0,0.10 | 0.11 | 0.11,0,1.57 | 2.03 | 2.60,0,1.54 | 1.97 | 2.55,0.885,0.000,0,1,0,0,0,0,-1,0,0,0,,0,,0,,0,0,885.5,0,1
17253895595,772,3,4,8,8,6.941,0,0,0.10 | 0.11 | 0.11,0,1.57 | 2.03 | 2.60,0,1.54 | 1.97 | 2.55,0.885,0.000,0,1,0,0,0,0,-1,0,0,0,,0,,0,,0,0,885.5,0,1
17253895596,772,3,4,8,8,6.941,0,0,0.10 | 0.11 | 0.11,0,1.57 | 2.03 | 2.60,0,1.54 | 1.97 | 2.55,0.885,0.000,0,1,0,0,0,0,-1,0,0,0,,0,,0,,0,0,885.5,0,1
17253895597,772,3,4,8,8,6.941,0,0,0.10 | 0.11 | 0.11,0,1.57 | 2.03 | 2.60,0,1.54 | 1.97 | 2.55,0.885,0.000,0,1,0,0,0,0,-1,0,0,0,,0,,0,,0,0,885.5,0,1
17253895598,772,3,4,8,8,6.941,0,0,0.10 | 0.11 | 0.11,0,1.57 | 2.03 | 2.60,0,1.54 | 1.97 | 2.55,0.885,0.000,0,1,0,0,0,0,-1,0,0,0,,0,,0,,0,0,885.5,0,1
17253895599,772,3,4,8,8,5.878,0,0,0.10 | 0.11 | 0.11,0,1.57 | 2.03 | 2.60,0,1.54 | 1.97 | 2.55,0.885,0.000,0,1,0,0,0,0,-1,0,0,0,,0,,0,,0,0,885.5,0,1
17253895600,772,3,4,8,8,5.878,0,0,0.10 | 0.11 | 0.11,0,1.57 | 2.03 | 2.60,0,1.54 | 1.97 | 2.55,0.885,0.000,0,1,0,0,0,0,-1,0,0,0,,0,,0,,0,0,885.5,0,1
17253895601,772,3,4,8,8,5.878,0,0,0.10 | 0.11 | 0.11,0,1.57 | 2.03 | 2.60,0,1.54 | 1.97 | 2.55,0.885,0.000,0,1,0,0,0,0,-1,0,0,0,,0,,0,,0,0,885.5,0,1
17253895602,772,3,4,8,8,5.878,0,0,0.10 | 0.11 | 0.11,0,1.57 | 2.03 | 2.60,0,1.54 | 1.97 | 2.55,0.885,0.000,0,1,0,0,0,0,-1,0,0,0,,0,,0,,0,0,885.5,0,1
17253895603,772,3,4,8,8,5.878,0,0,0.10 | 0.11 | 0.11,0,1.57 | 2.03 | 2.60,0,1.54 | 1.97 | 2.55,0.885,0.000,0,1,0,0,0,0,-1,0,0,0,,0,,0,,0,0,885.5,0,1
17253895604,772,3,4,8,8,5.878,0,0,0.10 | 0.11 | 0.11,0,1.57 | 2.03 | 2.60,0,1.54 | 1.97 | 2.55,0.885,0.000,0,1,0,0,0,0,-1,0,0,0,,0,,0,,0,0,885.5,0,1
17253895605,772,3,4,8,8,5.878,0,0,0.10 | 0.11 | 0.11,0,1.57 | 2.03 | 2.60,0,1.54 | 1.97 | 2.55,0.885,0.000,0,1,0,0,0,0,-1,0,0,0,,0,,0,,0,0,885.5,0,1
17253895606,772,3,4,8,8,5.878,0,0,0.10 | 0.11 | 0.11,0,1.57 | 2.03 | 2.60,0,1.54 | 1.97 | 2.55,0.885,0.000,0,1,0,0,0,0,-1,0,0,0,,0,,0,,0,0,885.5,0,1
17253895607,772,3,4,8,8,5.878,0,0,0.10 | 0.11 | 0.11,0,1.57 | 2.03 | 2.60,0,1.54 | 1.97 | 2.55,0.885,0.000,0,1,0,0,0,0,-1,0,0,0,,0,,0,,0,0,885.5,0,1
17253895608,772,3,4,8,8,5.878,0,0,0.10 | 0.11 | 0.11,0,1.57 | 2.03 | 2.60,0,1.54 | 1.97 | 2.55,0.885,0.000,0,1,0,0,0,0,-1,0,0,0,,0,,0,,0,0,885.5,0,1
17253895609,772,3,4,8,8,4.814,0,0,0.10 | 0.11 | 0.11,0,1.57 | 2.03 | 2.60,0,1.54 | 1.97 | 2.55,0.885,0.000,0,1,0,0,0,0,-1,0,0,0,,0,,0,,0,0,885.5,0,1
17253895610,772,3,4,8,8,4.814,0,0,0.10 | 0.11 | 0.11,0,1.57 | 2.03 | 2.60,0,1.54 | 1.97 | 2.55,0.885,0.000,0,1,0,0,0,0,-1,0,0,0,,0,,0,,0,0,885.5,0,1
17253895611,772,2,4,8,8,4.814,0,0,0.10 | 0.11 | 0.11,0,1.57 | 2.03 | 2.60,0,1.54 | 1.97 | 2.55,0.885,0.000,0,1,0,0,0,0,-1,0,0,0,,0,,0,,0,0,885.5,0,1
17253895612,772,2,4,8,8,4.814,0,0,0.10 | 0.11 | 0.11,0,1.57 | 2.03 | 2.60,0,1.54 | 1.97 | 2.55,0.885,0.000,0,1,0,0,0,0,-1,0,0,0,,0,,0,,0,0,885.5,0,1
17253895613,387,4,2,8,8,4.814,0,0,0.10 | 0.11 | 0.11,0,1.57 | 2.03 | 2.60,0,1.54 | 1.97 | 2.55,0.885,0.000,0,1,0,0,0,0,-1,0,0,0,,0,,0,,0,0,874,0,1
17253895614,387,4,2,8,8,4.814,0,0,0.10 | 0.11 | 0.11,0,1.57 | 2.03 | 2.60,0,1.54 | 1.97 | 2.55,0.885,0.000,0,1,0,0,0,0,-1,0,0,0,,0,,0,,0,0,874,0,1
17253895615,387,4,2,8,8,4.814,0,0,0.10 | 0.11 | 0.11,0,1.57 | 2.03 | 2.60,0,1.54 | 1.97 | 2.55,0.885,0.000,0,1,0,0,0,0,-1,0,0,0,,0,,0,,0,0,874,0,1
17253895616,387,4,2,8,8,4.814,0,0,0.10 | 0.11 | 0.11,0,1.57 | 2.03 | 2.60,0,1.54 | 1.97 | 2.55,0.885,0.000,0,1,0,0,0,0,-1,0,0,0,,0,,0,,0,0,874,0,1
17253895617,387,4,2,8,8,4.814,0,0,0.10 | 0.11 | 0.11,0,1.57 | 2.03 | 2.60,0,1.54 | 1.97 | 2.55,0.885,0.000,0,1,0,0,0,0,-1,0,0,0,,0,,0,,0,0,874,0,1
17253895618,387,4,2,8,8,4.814,0,0,0.10 | 0.11 | 0.11,0,1.57 | 2.03 | 2.60,0,1.54 | 1.97 | 2.55,0.885,0.000,0,1,0,0,0,0,-1,0,0,0,,0,,0,,0,0,874,0,1
17253895619,387,4,2,8,8,3.753,0,0,0.11 | 0.11 | 0.11,0,1.57 | 2.74 | 4.65,0,0.86 | 1.46 | 2.55,0.874,0.000,0,1,0,0,0,0,-1,0,0,0,,0,,0,,0,0,874,0,1
17253895620,387,4,2,8,8,3.753,0,0,0.11 | 0.11 | 0.11,0,1.57 | 2.74 | 4.65,0,0.86 | 1.46 | 2.55,0.874,0.000,0,1,0,0,0,0,-1,0,0,0,,0,,0,,0,0,874,0,1
17253895621,387,4,2,8,8,3.753,0,0,0.11 | 0.11 | 0.11,0,1.57 | 2.74 | 4.65,0,0.86 | 1.46 | 2.55,0.874,0.000,0,1,0,0,0,0,-1,0,0,0,,0,,0,,0,0,874,0,1
17253895622,387,4,2,8,8,3.753,0,0,0.11 | 0.11 | 0.11,0,1.57 | 2.74 | 4.65,0,0.86 | 1.46 | 2.55,0.874,0.000,0,1,0,0,0,0,-1,0,0,0,,0,,0,,0,0,874,0,1
17253895623,387,4,2,8,8,3.753,0,0,0.11 | 0.11 | 0.11,0,1.57 | 2.74 | 4.65,0,0.86 | 1.46 | 2.55,0.874,0.000,0,1,0,0,0,0,-1,0,0,0,,0,,0,,0,0,874,0,1
17253895624,387,4,2,8,8,3.753,0,0,0.11 | 0.11 | 0.11,0,1.57 | 2.74 | 4.65,0,0.86 | 1.46 | 2.55,0.874,0.000,0,1,0,0,0,0,-1,0,0,0,,0,,0,,0,0,874,0,1
17253895625,387,4,2,8,8,3.753,0,0,0.11 | 0.11 | 0.11,0,1.57 | 2.74 | 4.65,0,0.86 | 1.46 | 2.55,0.874,0.000,0,1,0,0,0,0,-1,0,0,0,,0,,0,,0,0,874,0,1
17253895626,387,4,2,8,8,3.753,0,0,0.11 | 0.11 | 0.11,0,1.57 | 2.74 | 4.65,0,0.86 | 1.46 | 2.55,0.874,0.000,0,1,0,0,0,0,-1,0,0,0,,0,,0,,0,0,874,0,1
17253895627,387,4,2,8,8,3.753,0,0,0.11 | 0.11 | 0.11,0,1.57 | 2.74 | 4.65,0,0.86 | 1.46 | 2.55,0.874,0.000,0,1,0,0,0,0,-1,0,0,0,,0,,0,,0,0,874,0,1
17253895628,387,4,2,8,8,3.753,0,0,0.11 | 0.11 | 0.11,0,1.57 | 2.74 | 4.65,0,0.86 | 1.46 | 2.55,0.874,0.000,0,1,0,0,0,0,-1,0,0,0,,0,,0,,0,0,874,0,1
17253895629,387,4,2,8,8,2.957,0,0,0.11 | 0.11 | 0.11,0,1.57 | 2.74 | 4.65,0,0.86 | 1.46 | 2.55,0.874,0.000,0,1,0,0,0,0,-1,0,0,0,,0,,0,,0,0,874,0,1
17253895630,580,4,3,8,8,2.957,0,0,0.11 | 0.11 | 0.11,0,1.57 | 2.74 | 4.65,0,0.86 | 1.46 | 2.55,0.874,0.000,0,1,0,0,0,0,-1,0,0,0,,0,,0,,0,0,893,0,1
17253895631,580,4,3,8,8,2.957,0,0,0.11 | 0.11 | 0.11,0,1.57 | 2.74 | 4.65,0,0.86 | 1.46 | 2.55,0.874,0.000,0,1,0,0,0,0,-1,0,0,0,,0,,0,,0,0,893,0,1
17253895632,580,4,3,8,8,2.957,0,0,0.11 | 0.11 | 0.11,0,1.57 | 2.74 | 4.65,0,0.86 | 1.46 | 2.55,0.874,0.000,0,1,0,0,0,0,-1,0,0,0,,0,,0,,0,0,893,0,1
17253895633,580,4,3,8,8,2.957,0,0,0.11 | 0.11 | 0.11,0,1.57 | 2.74 | 4.65,0,0.86 | 1.46 | 2.55,0.874,0.000,0,1,0,0,0,0,-1,0,0,0,,0,,0,,0,0,893,0,1
17253895634,580,4,3,8,8,2.957,0,0,0.11 | 0.11 | 0.11,0,1.57 | 2.74 | 4.65,0,0.86 | 1.46 | 2.55,0.874,0.000,0,1,0,0,0,0,-1,0,0,0,,0,,0,,0,0,893,0,1
17253895635,580,4,3,8,8,2.957,0,0,0.11 | 0.11 | 0.11,0,1.57 | 2.74 | 4.65,0,0.86 | 1.46 | 2.55,0.874,0.000,0,1,0,0,0,0,-1,0,0,0,,0,,0,,0,0,893,0,1
17253895636,580,4,3,8,8,2.957,0,0,0.11 | 0.11 | 0.11,0,1.57 | 2.74 | 4.65,0,0.86 | 1.46 | 2.55,0.874,0.000,0,1,0,0,0,0,-1,0,0,0,,0,,0,,0,0,893,0,1
17253895637,580,4,3,8,8,2.957,0,0,0.11 | 0.11 | 0.11,0,1.57 | 2.74 | 4.65,0,0.86 | 1.46 | 2.55,0.874,0.000,0,1,0,0,0,0,-1,0,0,0,,0,,0,,0,0,893,0,1
17253895638,580,4,3,8,8,2.957,0,0,0.11 | 0.11 | 0.11,0,1.57 | 2.74 | 4.65,0,0.86 | 1.46 | 2.55,0.874,0.000,0,1,0,0,0,0,-1,0,0,0,,0,,0,,0,0,893,0,1
17253895639,580,4,3,8,8,5.094,0,0,0.11 | 0.11 | 0.11,0,1.49 | 2.72 | 4.65,0,0.86 | 1.47 | 2.69,0.893,0.000,0,1,0,0,0,0,-1,0,0,0,,0,,0,,0,0,893,0,1
17253895640,580,4,3,8,8,5.094,0,0,0.11 | 0.11 | 0.11,0,1.49 | 2.72 | 4.65,0,0.86 | 1.47 | 2.69,0.893,0.000,0,1,0,0,0,0,-1,0,0,0,,0,,0,,0,0,893,0,1
17253895641,580,4,3,8,8,5.094,0,0,0.11 | 0.11 | 0.11,0,1.49 | 2.72 | 4.65,0,0.86 | 1.47 | 2.69,0.893,0.000,0,1,0,0,0,0,-1,0,0,0,,0,,0,,0,0,893,0,1
17253895642,580,4,3,8,8,5.094,0,0,0.11 | 0.11 | 0.11,0,1.49 | 2.72 | 4.65,0,0.86 | 1.47 | 2.69,0.893,0.000,0,1,0,0,0,0,-1,0,0,0,,0,,0,,0,0,893,0,1
17253895643,580,4,3,8,8,5.094,0,0,0.11 | 0.11 | 0.11,0,1.49 | 2.72 | 4.65,0,0.86 | 1.47 | 2.69,0.893,0.000,0,1,0,0,0,0,-1,0,0,0,,0,,0,,0,0,893,0,1
17253895644,580,4,3,8,8,5.094,0,0,0.11 | 0.11 | 0.11,0,1.49 | 2.72 | 4.65,0,0.86 | 1.47 | 2.69,0.893,0.000,0,1,0,0,0,0,-1,0,0,0,,0,,0,,0,0,893,0,1
17253895645,580,4,3,8,8,5.094,0,0,0.11 | 0.11 | 0.11,0,1.49 | 2.72 | 4.65,0,0.86 | 1.47 | 2.69,0.893,0.000,0,1,0,0,0,0,-1,0,0,0,,0,,0,,0,0,893,0,1
17253895646,580,4,3,8,8,5.094,0,0,0.11 | 0.11 | 0.11,0,1.49 | 2.72 | 4.65,0,0.86 | 1.47 | 2.69,0.893,0.000,0,1,0,0,0,0,-1,0,0,0,,0,,0,,0,0,893,0,1
17253895647,580,4,3,8,8,5.094,0,0,0.11 | 0.11 | 0.11,0,1.49 | 2.72 | 4.65,0,0.86 | 1.47 | 2.69,0.893,0.000,0,1,0,0,0,0,-1,0,0,0,,0,,0,,0,0,893,0,1
17253895648,580,4,3,8,8,5.094,0,0,0.11 | 0.11 | 0.11,0,1.49 | 2.72 | 4.65,0,0.86 | 1.47 | 2.69,0.893,0.000,0,1,0,0,0,0,-1,0,0,0,,0,,0,,0,0,893,0,1
17253895649,580,4,3,8,8,4.031,0,0,0.11 | 0.11 | 0.11,0,1.49 | 2.72 | 4.65,0,0.86 | 1.47 | 2.69,0.893,0.000,0,1,0,0,0,0,-1,0,0,0,,0,,0,,0,0,893,0,1
17253895650,580,4,3,8,8,4.031,0,0,0.11 | 0.11 | 0.11,0,1.49 | 2.72 | 4.65,0,0.86 | 1.47 | 2.69,0.893,0.000,0,1,0,0,0,0,-1,0,0,0,,0,,0,,0,0,893,0,1
17253895651,580,2,3,8,8,4.031,0,0,0.11 | 0.11 | 0.11,0,1.49 | 2.72 | 4.65,0,0.86 | 1.47 | 2.69,0.893,0.000,0,1,0,0,0,0,-1,0,0,0,,0,,0,,0,0,893,0,1
17253895652,580,2,3,8,8,4.031,0,0,0.11 | 0.11 | 0.11,0,1.49 | 2.72 | 4.65,0,0.86 | 1.47 | 2.69,0.893,0.000,0,1,0,0,0,0,-1,0,0,0,,0,,0,,0,0,893,0,1
17253895653,580,2,3,8,8,4.031,0,0,0.11 | 0.11 | 0.11,0,1.49 | 2.72 | 4.65,0,0.86 | 1.47 | 2.69,0.893,0.000,0,1,0,0,0,0,-1,0,0,0,,0,,0,,0,0,893,0,1
17253895654,580,2,3,8,8,4.031,0,0,0.11 | 0.11 | 0.11,0,1.49 | 2.72 | 4.65,0,0.86 | 1.47 | 2.69,0.893,0.000,0,1,0,0,0,0,-1,0,0,0,,0,,0,,0,0,893,0,1
17253895655,580,2,3,8,8,4.031,0,0,0.11 | 0.11 | 0.11,0,1.49 | 2.72 | 4.65,0,0.86 | 1.47 | 2.69,0.893,0.000,0,1,0,0,0,0,-1,0,0,0,,0,,0,,0,0,893,0,1
17253895656,580,2,3,8,8,4.031,0,0,0.11 | 0.11 | 0.11,0,1.49 | 2.72 | 4.65,0,0.86 | 1.47 | 2.69,0.893,0.000,0,1,0,0,0,0,-1,0,0,0,,0,,0,,0,0,893,0,1
17253895657,580,2,3,8,8,4.031,0,0,0.11 | 0.11 | 0.11,0,1.49 | 2.72 | 4.65,0,0.86 | 1.47 | 2.69,0.893,0.000,0,1,0,0,0,0,-1,0,0,0,,0,,0,,0,0,893,0,1
17253895658,580,2,3,8,8,4.031,0,0,0.11 | 0.11 | 0.11,0,1.49 | 2.72 | 4.65,0,0.86 | 1.47 | 2.69,0.893,0.000,0,1,0,0,0,0,-1,0,0,0,,0,,0,,0,0,893,0,1
17253895659,580,2,3,8,8,2.969,0,0,0.11 | 0.11 | 0.11,0,1.49 | 2.72 | 4.65,0,0.86 | 1.47 | 2.69,0.893,0.000,0,1,0,0,0,0,-1,0,0,0,,0,,0,,0,0,893,0,1
17253895660,580,2,3,8,8,2.969,0,0,0.11 | 0.11 | 0.11,0,1.49 | 2.72 | 4.65,0,0.86 | 1.47 | 2.69,0.893,0.000,0,1,0,0,0,0,-1,0,0,0,,0,,0,,0,0,893,0,1
17253895661,580,2,3,8,8,2.969,0,0,0.11 | 0.11 | 0.11,0,1.49 | 2.72 | 4.65,0,0.86 | 1.47 | 2.69,0.893,0.000,0,1,0,0,0,0,-1,0,0,0,,0,,0,,0,0,893,0,1
17253895662,580,2,3,8,8,2.969,0,0,0.11 | 0.11 | 0.11,0,1.49 | 2.72 | 4.65,0,0.86 | 1.47 | 2.69,0.893,0.000,0,1,0,0,0,0,-1,0,0,0,,0,,0,,0,0,893,0,1
17253895663,580,2,3,8,8,2.969,0,0,0.11 | 0.11 | 0.11,0,1.49 | 2.72 | 4.65,0,0.86 | 1.47 | 2.69,0.893,0.000,0,1,0,0,0,0,-1,0,0,0,,0,,0,,0,0,893,0,1
17253895664,580,2,3,8,8,2.969,0,0,0.11 | 0.11 | 0.11,0,1.49 | 2.72 | 4.65,0,0.86 | 1.47 | 2.69,0.893,0.000,0,1,0,0,0,0,-1,0,0,0,,0,,0,,0,0,893,0,1
17253895665,580,2,3,8,8,2.969,0,0,0.11 | 0.11 | 0.11,0,1.49 | 2.72 | 4.65,0,0.86 | 1.47 | 2.69,0.893,0.000,0,1,0,0,0,0,-1,0,0,0,,0,,0,,0,0,893,0,1
17253895666,580,2,3,8,8,2.969,0,0,0.11 | 0.11 | 0.11,0,1.49 | 2.72 | 4.65,0,0.86 | 1.47 | 2.69,0.893,0.000,0,1,0,0,0,0,-1,0,0,0,,0,,0,,0,0,897,0,1
17253895667,580,2,3,8,8,2.969,0,0,0.11 | 0.11 | 0.11,0,1.49 | 2.72 | 4.65,0,0.86 | 1.47 | 2.69,0.893,0.000,0,1,0,0,0,0,-1,0,0,0,,0,,0,,0,0,897,0,1
17253895668,580,2,3,8,8,2.969,0,0,0.11 | 0.11 | 0.11,0,1.49 | 2.72 | 4.65,0,0.86 | 1.47 | 2.69,0.893,0.000,0,1,0,0,0,0,-1,0,0,0,,0,,0,,0,0,897,0,1
17253895669,580,2,3,8,8,6.707,0,0,0.11 | 0.11 | 0.11,0,1.49 | 2.91 | 4.65,0,0.86 | 1.37 | 2.69,0.897,0.000,0,1,0,0,0,0,-1,0,0,0,,0,,0,,0,0,897,0,1
17253895670,580,2,3,8,8,6.707,0,0,0.11 | 0.11 | 0.11,0,1.49 | 2.91 | 4.65,0,0.86 | 1.37 | 2.69,0.897,0.000,0,1,0,0,0,0,-1,0,0,0,,0,,0,,0,0,897,0,1
17253895671,580,2,3,8,8,6.707,0,0,0.11 | 0.11 | 0.11,0,1.49 | 2.91 | 4.65,0,0.86 | 1.37 | 2.69,0.897,0.000,0,1,0,0,0,0,-1,0,0,0,,0,,0,,0,0,897,0,1
17253895672,580,2,3,8,8,6.707,0,0,0.11 | 0.11 | 0.11,0,1.49 | 2.91 | 4.65,0,0.86 | 1.37 | 2.69,0.897,0.000,0,1,0,0,0,0,-1,0,0,0,,0,,0,,0,0,897,0,1
17253895673,580,2,3,8,8,6.707,0,0,0.11 | 0.11 | 0.11,0,1.49 | 2.91 | 4.65,0,0.86 | 1.37 | 2.69,0.897,0.000,0,1,0,0,0,0,-1,0,0,0,,0,,0,,0,0,897,0,1
17253895674,580,2,3,8,8,6.707,0,0,0.11 | 0.11 | 0.11,0,1.49 | 2.91 | 4.65,0,0.86 | 1.37 | 2.69,0.897,0.000,0,1,0,0,0,0,-1,0,0,0,,0,,0,,0,0,897,0,1
17253895675,580,2,3,8,8,6.707,0,0,0.11 | 0.11 | 0.11,0,1.49 | 2.91 | 4.65,0,0.86 | 1.37 | 2.69,0.897,0.000,0,1,0,0,0,0,-1,0,0,0,,0,,0,,0,0,897,0,1
17253895676,580,2,3,8,8,6.707,0,0,0.11 | 0.11 | 0.11,0,1.49 | 2.91 | 4.65,0,0.86 | 1.37 | 2.69,0.897,0.000,0,1,0,0,0,0,-1,0,0,0,,0,,0,,0,0,897,0,1
17253895677,580,2,3,8,8,6.707,0,0,0.11 | 0.11 | 0.11,0,1.49 | 2.91 | 4.65,0,0.86 | 1.37 | 2.69,0.897,0.000,0,1,0,0,0,0,-1,0,0,0,,0,,0,,0,0,897,0,1
17253895678,580,2,3,8,8,6.707,0,0,0.11 | 0.11 | 0.11,0,1.49 | 2.91 | 4.65,0,0.86 | 1.37 | 2.69,0.897,0.000,0,1,0,0,0,0,-1,0,0,0,,0,,0,,0,0,897,0,1
17253895679,580,2,3,8,8,5.91,0,0,0.11 | 0.11 | 0.11,0,1.49 | 2.91 | 4.65,0,0.86 | 1.37 | 2.69,0.897,0.000,0,1,0,0,0,0,-1,0,0,0,,0,,0,,0,0,897,0,1
17253895680,580,2,3,8,8,5.91,0,0,0.11 | 0.11 | 0.11,0,1.49 | 2.91 | 4.65,0,0.86 | 1.37 | 2.69,0.897,0.000,0,1,0,0,0,0,-1,0,0,0,,0,,0,,0,0,897,0,1
17253895681,580,2,3,8,8,5.91,0,0,0.11 | 0.11 | 0.11,0,1.49 | 2.91 | 4.65,0,0.86 | 1.37 | 2.69,0.897,0.000,0,1,0,0,0,0,-1,0,0,0,,0,,0,,0,0,897,0,1
17253895682,580,2,3,8,8,5.91,0,0,0.11 | 0.11 | 0.11,0,1.49 | 2.91 | 4.65,0,0.86 | 1.37 | 2.69,0.897,0.000,0,1,0,0,0,0,-1,0,0,0,,0,,0,,0,0,897,0,1
17253895683,580,2,3,8,8,5.91,0,0,0.11 | 0.11 | 0.11,0,1.49 | 2.91 | 4.65,0,0.86 | 1.37 | 2.69,0.897,0.000,0,1,0,0,0,0,-1,0,0,0,,0,,0,,0,0,897,0,1
17253895684,580,2,3,8,8,5.91,0,0,0.11 | 0.11 | 0.11,0,1.49 | 2.91 | 4.65,0,0.86 | 1.37 | 2.69,0.897,0.000,0,1,0,0,0,0,-1,0,0,0,,0,,0,,0,0,897,0,1
17253895685,580,2,3,8,8,5.91,0,0,0.11 | 0.11 | 0.11,0,1.49 | 2.91 | 4.65,0,0.86 | 1.37 | 2.69,0.897,0.000,0,1,0,0,0,0,-1,0,0,0,,0,,0,,0,0,897,0,1
17253895686,580,2,3,8,8,5.91,0,0,0.11 | 0.11 | 0.11,0,1.49 | 2.91 | 4.65,0,0.86 | 1.37 | 2.69,0.897,0.000,0,1,0,0,0,0,-1,0,0,0,,0,,0,,0,0,897,0,1
17253895687,580,2,3,8,8,5.91,0,0,0.11 | 0.11 | 0.11,0,1.49 | 2.91 | 4.65,0,0.86 | 1.37 | 2.69,0.897,0.000,0,1,0,0,0,0,-1,0,0,0,,0,,0,,0,0,897,0,1
17253895688,580,2,3,8,8,5.91,0,0,0.11 | 0.11 | 0.11,0,1.49 | 2.91 | 4.65,0,0.86 | 1.37 | 2.69,0.897,0.000,0,1,0,0,0,0,-1,0,0,0,,0,,0,,0,0,897,0,1
17253895689,580,2,3,8,8,4.847,0,0,0.11 | 0.11 | 0.11,0,1.49 | 2.91 | 4.65,0,0.86 | 1.37 | 2.69,0.897,0.000,0,1,0,0,0,0,-1,0,0,0,,0,,0,,0,0,897,0,1
17253895690,580,2,3,8,8,4.847,0,0,0.11 | 0.11 | 0.11,0,1.49 | 2.91 | 4.65,0,0.86 | 1.37 | 2.69,0.897,0.000,0,1,0,0,0,0,-1,0,0,0,,0,,0,,0,0,881.75,0,1
17253895691,580,3,3,8,8,4.847,0,0,0.11 | 0.11 | 0.11,0,1.49 | 2.91 | 4.65,0,0.86 | 1.37 | 2.69,0.897,0.000,0,1,0,0,0,0,-1,0,0,0,,0,,0,,0,0,881.75,0,1
17253895692,580,3,3,8,8,4.847,0,0,0.11 | 0.11 | 0.11,0,1.49 | 2.91 | 4.65,0,0.86 | 1.37 | 2.69,0.897,0.000,0,1,0,0,0,0,-1,0,0,0,,0,,0,,0,0,881.75,0,1
17253895693,580,3,3,8,8,4.847,0,0,0.11 | 0.11 | 0.11,0,1.49 | 2.91 | 4.65,0,0.86 | 1.37 | 2.69,0.897,0.000,0,1,0,0,0,0,-1,0,0,0,,0,,0,,0,0,881.75,0,1
17253895694,580,3,3,8,8,4.847,0,0,0.11 | 0.11 | 0.11,0,1.49 | 2.91 | 4.65,0,0.86 | 1.37 | 2.69,0.897,0.000,0,1,0,0,0,0,-1,0,0,0,,0,,0,,0,0,881.75,0,1
17253895695,580,3,3,8,8,4.847,0,0,0.11 | 0.11 | 0.11,0,1.49 | 2.91 | 4.65,0,0.86 | 1.37 | 2.69,0.897,0.000,0,1,0,0,0,0,-1,0,0,0,,0,,0,,0,0,881.75,0,1
17253895696,580,3,3,8,8,4.847,0,0,0.11 | 0.11 | 0.11,0,1.49 | 2.91 | 4.65,0,0.86 | 1.37 | 2.69,0.897,0.000,0,1,0,0,0,0,-1,0,0,0,,0,,0,,0,0,881.75,0,1
17253895697,580,3,3,8,8,4.847,0,0,0.11 | 0.11 | 0.11,0,1.49 | 2.91 | 4.65,0,0.86 | 1.37 | 2.69,0.897,0.000,0,1,0,0,0,0,-1,0,0,0,,0,,0,,0,0,881.75,0,1
17253895698,580,3,3,8,8,4.847,0,0,0.11 | 0.11 | 0.11,0,1.49 | 2.91 | 4.65,0,0.86 | 1.37 | 2.69,0.897,0.000,0,1,0,0,0,0,-1,0,0,0,,0,,0,,0,0,881.75,0,1
17253895699,580,3,3,8,8,6.985,0,0,0.11 | 0.11 | 0.11,0,1.49 | 2.95 | 4.65,0,0.86 | 1.36 | 2.69,0.882,0.000,0,1,0,0,0,0,-1,0,0,0,,0,,0,,0,0,881.75,0,1
17253895700,580,3,3,8,8,6.985,0,0,0.11 | 0.11 | 0.11,0,1.49 | 2.95 | 4.65,0,0.86 | 1.36 | 2.69,0.882,0.000,0,1,0,0,0,0,-1,0,0,0,,0,,0,,0,0,881.75,0,1
17253895701,580,3,3,8,8,6.985,0,0,0.11 | 0.11 | 0.11,0,1.49 | 2.95 | 4.65,0,0.86 | 1.36 | 2.69,0.882,0.000,0,1,0,0,0,0,-1,0,0,0,,0,,0,,0,0,881.75,0,1
17253895702,580,3,3,8,8,6.985,0,0,0.11 | 0.11 | 0.11,0,1.49 | 2.95 | 4.65,0,0.86 | 1.36 | 2.69,0.882,0.000,0,1,0,0,0,0,-1,0,0,0,,0,,0,,0,0,881.75,0,1
17253895703,580,3,3,8,8,6.985,0,0,0.11 | 0.11 | 0.11,0,1.49 | 2.95 | 4.65,0,0.86 | 1.36 | 2.69,0.882,0.000,0,1,0,0,0,0,-1,0,0,0,,0,,0,,0,0,881.75,0,1
17253895704,580,3,3,8,8,6.985,0,0,0.11 | 0.11 | 0.11,0,1.49 | 2.95 | 4.65,0,0.86 | 1.36 | 2.69,0.882,0.000,0,1,0,0,0,0,-1,0,0,0,,0,,0,,0,0,881.75,0,1
17253895705,580,3,3,8,8,6.985,0,0,0.11 | 0.11 | 0.11,0,1.49 | 2.95 | 4.65,0,0.86 | 1.36 | 2.69,0.882,0.000,0,1,0,0,0,0,-1,0,0,0,,0,,0,,0,0,881.75,0,1
17253895706,580,3,3,8,8,6.985,0,0,0.11 | 0.11 | 0.11,0,1.49 | 2.95 | 4.65,0,0.86 | 1.36 | 2.69,0.882,0.000,0,1,0,0,0,0,-1,0,0,0,,0,,0,,0,0,881.75,0,1
17253895707,580,3,3,8,8,6.985,0,0,0.11 | 0.11 | 0.11,0,1.49 | 2.95 | 4.65,0,0.86 | 1.36 | 2.69,0.882,0.000,0,1,0,0,0,0,-1,0,0,0,,0,,0,,0,0,881.75,0,1
17253895708,580,3,3,8,8,6.985,0,0,0.11 | 0.11 | 0.11,0,1.49 | 2.95 | 4.65,0,0.86 | 1.36 | 2.69,0.882,0.000,0,1,0,0,0,0,-1,0,0,0,,0,,0,,0,0,881.75,0,1
17253895709,580,3,3,8,8,5.922,0,0,0.11 | 0.11 | 0.11,0,1.49 | 2.95 | 4.65,0,0.86 | 1.36 | 2.69,0.882,0.000,0,1,0,0,0,0,-1,0,0,0,,0,,0,,0,0,881.75,0,1
17253895710,580,3,3,8,8,5.922,0,0,0.11 | 0.11 | 0.11,0,1.49 | 2.95 | 4.65,0,0.86 | 1.36 | 2.69,0.882,0.000,0,1,0,0,0,0,-1,0,0,0,,0,,0,,0,0,881.75,0,1
17253895711,580,3,3,8,8,5.922,0,0,0.11 | 0.11 | 0.11,0,1.49 | 2.95 | 4.65,0,0.86 | 1.36 | 2.69,0.882,0.000,0,1,0,0,0,0,-1,0,0,0,,0,,0,,0,0,881.75,0,1
17253895712,580,3,3,8,8,5.922,0,0,0.11 | 0.11 | 0.11,0,1.49 | 2.95 | 4.65,0,0.86 | 1.36 | 2.69,0.882,0.000,0,1,0,0,0,0,-1,0,0,0,,0,,0,,0,0,881.75,0,1
17253895713,580,3,3,8,8,5.922,0,0,0.11 | 0.11 | 0.11,0,1.49 | 2.95 | 4.65,0,0.86 | 1.36 | 2.69,0.882,0.000,0,1,0,0,0,0,-1,0,0,0,,0,,0,,0,0,881.75,0,1
17253895714,580,3,3,8,8,5.922,0,0,0.11 | 0.11 | 0.11,0,1.49 | 2.95 | 4.65,0,0.86 | 1.36 | 2.69,0.882,0.000,0,1,0,0,0,0,-1,0,0,0,,0,,0,,0,0,881.75,0,1
17253895715,580,3,3,8,8,5.922,0,0,0.11 | 0.11 | 0.11,0,1.49 | 2.95 | 4.65,0,0.86 | 1.36 | 2.69,0.882,0.000,0,1,0,0,0,0,-1,0,0,0,,0,,0,,0,0,881.75,0,1
17253895716,580,3,3,8,8,5.922,0,0,0.11 | 0.11 | 0.11,0,1.49 | 2.95 | 4.65,0,0.86 | 1.36 | 2.69,0.882,0.000,0,1,0,0,0,0,-1,0,0,0,,0,,0,,0,0,881.75,0,1
17253895717,580,3,3,8,8,5.922,0,0,0.11 | 0.11 | 0.11,0,1.49 | 2.95 | 4.65,0,0.86 | 1.36 | 2.69,0.882,0.000,0,1,0,0,0,0,-1,0,0,0,,0,,0,,0,0,881.75,0,1
17253895718,580,3,3,8,8,5.922,0,0,0.11 | 0.11 | 0.11,0,1.49 | 2.95 | 4.65,0,0.86 | 1.36 | 2.69,0.882,0.000,0,1,0,0,0,0,-1,0,0,0,,0,,0,,0,0,881.75,0,1
17253895719,580,3,3,8,8,5.125,0,0,0.11 | 0.11 | 0.11,0,1.49 | 2.95 | 4.65,0,0.86 | 1.36 | 2.69,0.882,0.000,0,1,0,0,0,0,-1,0,0,0,,0,,0,,0,0,881.75,0,1
17253895720,580,3,3,8,8,5.125,0,0,0.11 | 0.11 | 0.11,0,1.49 | 2.95 | 4.65,0,0.86 | 1.36 | 2.69,0.882,0.000,0,1,0,0,0,0,-1,0,0,0,,0,,0,,0,0,881.75,0,1
17253895721,580,3,3,8,8,5.125,0,0,0.11 | 0.11 | 0.11,0,1.49 | 2.95 | 4.65,0,0.86 | 1.36 | 2.69,0.882,0.000,0,1,0,0,0,0,-1,0,0,0,,0,,0,,0,0,893,0,1
17253895722,580,3,3,8,8,5.125,0,0,0.11 | 0.11 | 0.11,0,1.49 | 2.95 | 4.65,0,0.86 | 1.36 | 2.69,0.882,0.000,0,1,0,0,0,0,-1,0,0,0,,0,,0,,0,0,893,0,1
17253895723,580,3,3,8,8,5.125,0,0,0.11 | 0.11 | 0.11,0,1.49 | 2.95 | 4.65,0,0.86 | 1.36 | 2.69,0.882,0.000,0,1,0,0,0,0,-1,0,0,0,,0,,0,,0,0,893,0,1
17253895724,580,3,3,8,8,5.125,0,0,0.11 | 0.11 | 0.11,0,1.49 | 2.95 | 4.65,0,0.86 | 1.36 | 2.69,0.882,0.000,0,1,0,0,0,0,-1,0,0,0,,0,,0,,0,0,893,0,1
17253895725,580,3,3,8,8,5.125,0,0,0.11 | 0.11 | 0.11,0,1.49 | 2.95 | 4.65,0,0.86 | 1.36 | 2.69,0.882,0.000,0,1,0,0,0,0,-1,0,0,0,,0,,0,,0,0,893,0,1
17253895726,580,3,3,8,8,5.125,0,0,0.11 | 0.11 | 0.11,0,1.49 | 2.95 | 4.65,0,0.86 | 1.36 | 2.69,0.882,0.000,0,1,0,0,0,0,-1,0,0,0,,0,,0,,0,0,893,0,1
17253895727,580,3,3,8,8,5.125,0,0,0.11 | 0.11 | 0.11,0,1.49 | 2.95 | 4.65,0,0.86 | 1.36 | 2.69,0.882,0.000,0,1,0,0,0,0,-1,0,0,0,,0,,0,,0,0,893,0,1
17253895728,580,3,3,8,8,5.125,0,0,0.11 | 0.11 | 0.11,0,1.49 | 2.95 | 4.65,0,0.86 | 1.36 | 2.69,0.882,0.000,0,1,0,0,0,0,-1,0,0,0,,0,,0,,0,0,893,0,1
17253895729,580,3,3,8,8,8.863,0,0,0.10 | 0.11 | 0.11,0,1.49 | 2.54 | 3.36,0,1.19 | 1.58 | 2.69,0.893,0.000,0,1,0,0,0,0,-1,0,0,0,,0,,0,,0,0,893,0,1
17253895730,580,3,3,8,8,8.863,0,0,0.10 | 0.11 | 0.11,0,1.49 | 2.54 | 3.36,0,1.19 | 1.58 | 2.69,0.893,0.000,0,1,0,0,0,0,-1,0,0,0,,0,,0,,0,0,893,0,1
17253895731,580,3,3,8,8,8.863,0,0,0.10 | 0.11 | 0.11,0,1.49 | 2.54 | 3.36,0,1.19 | 1.58 | 2.69,0.893,0.000,0,1,0,0,0,0,-1,0,0,0,,0,,0,,0,0,893,0,1
17253895732,580,3,3,8,8,8.863,0,0,0.10 | 0.11 | 0.11,0,1.49 | 2.54 | 3.36,0,1.19 | 1.58 | 2.69,0.893,0.000,0,1,0,0,0,0,-1,0,0,0,,0,,0,,0,0,893,0,1
17253895733,580,3,3,8,8,8.863,0,0,0.10 | 0.11 | 0.11,0,1.49 | 2.54 | 3.36,0,1.19 | 1.58 | 2.69,0.893,0.000,0,1,0,0,0,0,-1,0,0,0,,0,,0,,0,0,893,0,1
17253895734,580,3,3,8,8,8.863,0,0,0.10 | 0.11 | 0.11,0,1.49 | 2.54 | 3.36,0,1.19 | 1.58 | 2.69,0.893,0.000,0,1,0,0,0,0,-1,0,0,0,,0,,0,,0,0,893,0,1
17253895735,580,3,3,8,8,8.863,0,0,0.10 | 0.11 | 0.11,0,1.49 | 2.54 | 3.36,0,1.19 | 1.58 | 2.69,0.893,0.000,0,1,0,0,0,0,-1,0,0,0,,0,,0,,0,0,893,0,1
17253895736,580,3,3,8,8,8.863,0,0,0.10 | 0.11 | 0.11,0,1.49 | 2.54 | 3.36,0,1.19 | 1.58 | 2.69,0.893,0.000,0,1,0,0,0,0,-1,0,0,0,,0,,0,,0,0,893,0,1
17253895737,580,3,3,8,8,8.863,0,0,0.10 | 0.11 | 0.11,0,1.49 | 2.54 | 3.36,0,1.19 | 1.58 | 2.69,0.893,0.000,0,1,0,0,0,0,-1,0,0,0,,0,,0,,0,0,893,0,1
17253895738,580,3,3,8,8,8.863,0,0,0.10 | 0.11 | 0.11,0,1.49 | 2.54 | 3.36,0,1.19 | 1.58 | 2.69,0.893,0.000,0,1,0,0,0,0,-1,0,0,0,,0,,0,,0,0,893,0,1
17253895739,580,3,3,8,8,7.8,0,0,0.10 | 0.11 | 0.11,0,1.49 | 2.54 | 3.36,0,1.19 | 1.58 | 2.69,0.893,0.000,0,1,0,0,0,0,-1,0,0,0,,0,,0,,0,0,893,0,1
17253895740,580,3,3,8,8,7.8,0,0,0.10 | 0.11 | 0.11,0,1.49 | 2.54 | 3.36,0,1.19 | 1.58 | 2.69,0.893,0.000,0,1,0,0,0,0,-1,0,0,0,,0,,0,,0,0,893,0,1
17253895741,580,3,3,8,8,7.8,0,0,0.10 | 0.11 | 0.11,0,1.49 | 2.54 | 3.36,0,1.19 | 1.58 | 2.69,0.893,0.000,0,1,0,0,0,0,-1,0,0,0,,0,,0,,0,0,907.25,0,1
17253895742,580,3,3,8,8,7.8,0,0,0.10 | 0.11 | 0.11,0,1.49 | 2.54 | 3.36,0,1.19 | 1.58 | 2.69,0.893,0.000,0,1,0,0,0,0,-1,0,0,0,,0,,0,,0,0,907.25,0,1
17253895743,580,3,3,8,8,7.8,0,0,0.10 | 0.11 | 0.11,0,1.49 | 2.54 | 3.36,0,1.19 | 1.58 | 2.69,0.893,0.000,0,1,0,0,0,0,-1,0,0,0,,0,,0,,0,0,907.25,0,1
17253895744,580,3,3,8,8,7.8,0,0,0.10 | 0.11 | 0.11,0,1.49 | 2.54 | 3.36,0,1.19 | 1.58 | 2.69,0.893,0.000,0,1,0,0,0,0,-1,0,0,0,,0,,0,,0,0,907.25,0,1
17253895745,580,3,3,8,8,7.8,0,0,0.10 | 0.11 | 0.11,0,1.49 | 2.54 | 3.36,0,1.19 | 1.58 | 2.69,0.893,0.000,0,1,0,0,0,0,-1,0,0,0,,0,,0,,0,0,907.25,0,1
17253895746,580,3,3,8,8,7.8,0,0,0.10 | 0.11 | 0.11,0,1.49 | 2.54 | 3.36,0,1.19 | 1.58 | 2.69,0.893,0.000,0,1,0,0,0,0,-1,0,0,0,,0,,0,,0,0,907.25,0,1
17253895747,580,3,3,8,8,7.8,0,0,0.10 | 0.11 | 0.11,0,1.49 | 2.54 | 3.36,0,1.19 | 1.58 | 2.69,0.893,0.000,0,1,0,0,0,0,-1,0,0,0,,0,,0,,0,0,907.25,0,1
17253895748,580,3,3,8,8,7.8,0,0,0.10 | 0.11 | 0.11,0,1.49 | 2.54 | 3.36,0,1.19 | 1.58 | 2.69,0.893,0.000,0,1,0,0,0,0,-1,0,0,0,,0,,0,,0,0,907.25,0,1
17253895749,580,3,3,8,8,9.938,0,0,0.10 | 0.11 | 0.11,0,1.91 | 2.64 | 3.36,0,1.19 | 1.51 | 2.10,0.907,0.000,0,1,0,0,0,0,-1,0,0,0,,0,,0,,0,0,907.25,0,1
17253895750,580,3,3,8,8,9.938,0,0,0.10 | 0.11 | 0.11,0,1.91 | 2.64 | 3.36,0,1.19 | 1.51 | 2.10,0.907,0.000,0,1,0,0,0,0,-1,0,0,0,,0,,0,,0,0,907.25,0,1
17253895751,580,3,3,8,8,9.938,0,0,0.10 | 0.11 | 0.11,0,1.91 | 2.64 | 3.36,0,1.19 | 1.51 | 2.10,0.907,0.000,0,1,0,0,0,0,-1,0,0,0,,0,,0,,0,0,907.25,0,1
17253895752,580,3,3,8,8,9.938,0,0,0.10 | 0.11 | 0.11,0,1.91 | 2.64 | 3.36,0,1.19 | 1.51 | 2.10,0.907,0.000,0,1,0,0,0,0,-1,0,0,0,,0,,0,,0,0,907.25,0,1
17253895753,580,3,3,8,8,9.938,0,0,0.10 | 0.11 | 0.11,0,1.91 | 2.64 | 3.36,0,1.19 | 1.51 | 2.10,0.907,0.000,0,1,0,0,0,0,-1,0,0,0,,0,,0,,0,0,907.25,0,1
17253895754,580,3,3,8,8,9.938,0,0,0.10 | 0.11 | 0.11,0,1.91 | 2.64 | 3.36,0,1.19 | 1.51 | 2.10,0.907,0.000,0,1,0,0,0,0,-1,0,0,0,,0,,0,,0,0,907.25,0,1
17253895755,580,3,3,8,8,9.938,0,0,0.10 | 0.11 | 0.11,0,1.91 | 2.64 | 3.36,0,1.19 | 1.51 | 2.10,0.907,0.000,0,1,0,0,0,0,-1,0,0,0,,0,,0,,0,0,907.25,0,1
17253895756,580,3,3,8,8,9.938,0,0,0.10 | 0.11 | 0.11,0,1.91 | 2.64 | 3.36,0,1.19 | 1.51 | 2.10,0.907,0.000,0,1,0,0,0,0,-1,0,0,0,,0,,0,,0,0,907.25,0,1
17253895757,580,3,3,8,8,9.938,0,0,0.10 | 0.11 | 0.11,0,1.91 | 2.64 | 3.36,0,1.19 | 1.51 | 2.10,0.907,0.000,0,1,0,0,0,0,-1,0,0,0,,0,,0,,0,0,907.25,0,1
17253895758,580,3,3,8,8,9.938,0,0,0.10 | 0.11 | 0.11,0,1.91 | 2.64 | 3.36,0,1.19 | 1.51 | 2.10,0.907,0.000,0,1,0,0,0,0,-1,0,0,0,,0,,0,,0,0,907.25,0,1
17253895759,580,3,3,8,8,9.141,0,0,0.10 | 0.11 | 0.11,0,1.91 | 2.64 | 3.36,0,1.19 | 1.51 | 2.10,0.907,0.000,0,1,0,0,0,0,-1,0,0,0,,0,,0,,0,0,907.25,0,1
17253895760,580,3,3,8,8,9.141,0,0,0.10 | 0.11 | 0.11,0,1.91 | 2.64 | 3.36,0,1.19 | 1.51 | 2.10,0.907,0.000,0,1,0,0,0,0,-1,0,0,0,,0,,0,,0,0,907.25,0,1
17253895761,580,3,3,8,8,9.141,0,0,0.10 | 0.11 | 0.11,0,1.91 | 2.64 | 3.36,0,1.19 | 1.51 | 2.10,0.907,0.000,0,1,0,0,0,0,-1,0,0,0,,0,,0,,0,0,907.25,0,1
17253895762,580,3,3,8,8,9.141,0,0,0.10 | 0.11 | 0.11,0,1.91 | 2.64 | 3.36,0,1.19 | 1.51 | 2.10,0.907,0.000,0,1,0,0,0,0,-1,0,0,0,,0,,0,,0,0,907.25,0,1
17253895763,580,3,3,8,8,9.141,0,0,0.10 | 0.11 | 0.11,0,1.91 | 2.64 | 3.36,0,1.19 | 1.51 | 2.10,0.907,0.000,0,1,0,0,0,0,-1,0,0,0,,0,,0,,0,0,907.25,0,1
17253895764,580,3,3,8,8,9.141,0,0,0.10 | 0.11 | 0.11,0,1.91 | 2.64 | 3.36,0,1.19 | 1.51 | 2.10,0.907,0.000,0,1,0,0,0,0,-1,0,0,0,,0,,0,,0,0,907.25,0,1
17253895765,580,3,3,8,8,9.141,0,0,0.10 | 0.11 | 0.11,0,1.91 | 2.64 | 3.36,0,1.19 | 1.51 | 2.10,0.907,0.000,0,1,0,0,0,0,-1,0,0,0,,0,,0,,0,0,907.25,0,1
17253895766,580,3,3,8,8,9.141,0,0,0.10 | 0.11 | 0.11,0,1.91 | 2.64 | 3.36,0,1.19 | 1.51 | 2.10,0.907,0.000,0,1,0,0,0,0,-1,0,0,0,,0,,0,,0,0,907.25,0,1
17253895767,580,3,3,8,8,9.141,0,0,0.10 | 0.11 | 0.11,0,1.91 | 2.64 | 3.36,0,1.19 | 1.51 | 2.10,0.907,0.000,0,1,0,0,0,0,-1,0,0,0,,0,,0,,0,0,907.25,0,1
17253895768,580,3,3,8,8,9.141,0,0,0.10 | 0.11 | 0.11,0,1.91 | 2.64 | 3.36,0,1.19 | 1.51 | 2.10,0.907,0.000,0,1,0,0,0,0,-1,0,0,0,,0,,0,,0,0,907.25,0,1
17253895769,580,3,3,8,8,7.913,0,0,0.10 | 0.11 | 0.11,0,1.91 | 2.64 | 3.36,0,1.19 | 1.51 | 2.10,0.907,0.000,0,1,0,0,0,0,-1,0,0,0,,0,,0,,0,0,907.25,0,1
17253895770,580,3,3,8,8,7.913,0,0,0.10 | 0.11 | 0.11,0,1.91 | 2.64 | 3.36,0,1.19 | 1.51 | 2.10,0.907,0.000,0,1,0,0,0,0,-1,0,0,0,,0,,0,,0,0,907.25,0,1
17253895771,580,3,3,8,8,7.913,0,0,0.10 | 0.11 | 0.11,0,1.91 | 2.64 | 3.36,0,1.19 | 1.51 | 2.10,0.907,0.000,0,1,0,0,0,0,-1,0,0,0,,0,,0,,0,0,907.25,0,1
17253895772,580,3,3,8,8,7.913,0,0,0.10 | 0.11 | 0.11,0,1.91 | 2.64 | 3.36,0,1.19 | 1.51 | 2.10,0.907,0.000,0,1,0,0,0,0,-1,0,0,0,,0,,0,,0,0,926.25,0,1
17253895773,580,3,3,8,8,7.913,0,0,0.10 | 0.11 | 0.11,0,1.91 | 2.64 | 3.36,0,1.19 | 1.51 | 2.10,0.907,0.000,0,1,0,0,0,0,-1,0,0,0,,0,,0,,0,0,926.25,0,1
17253895774,580,3,3,8,8,7.913,0,0,0.10 | 0.11 | 0.11,0,1.91 | 2.64 | 3.36,0,1.19 | 1.51 | 2.10,0.907,0.000,0,1,0,0,0,0,-1,0,0,0,,0,,0,,0,0,926.25,0,1
17253895775,580,3,3,8,8,7.913,0,0,0.10 | 0.11 | 0.11,0,1.91 | 2.64 | 3.36,0,1.19 | 1.51 | 2.10,0.907,0.000,0,1,0,0,0,0,-1,0,0,0,,0,,0,,0,0,926.25,0,1
17253895776,580,3,3,8,8,7.913,0,0,0.10 | 0.11 | 0.11,0,1.91 | 2.64 | 3.36,0,1.19 | 1.51 | 2.10,0.907,0.000,0,1,0,0,0,0,-1,0,0,0,,0,,0,,0,0,926.25,0,1
17253895777,580,3,3,8,8,7.913,0,0,0.10 | 0.11 | 0.11,0,1.91 | 2.64 | 3.36,0,1.19 | 1.51 | 2.10,0.907,0.000,0,1,0,0,0,0,-1,0,0,0,,0,,0,,0,0,926.25,0,1
17253895778,580,3,3,8,8,7.913,0,0,0.10 | 0.11 | 0.11,0,1.91 | 2.64 | 3.36,0,1.19 | 1.51 | 2.10,0.907,0.000,0,1,0,0,0,0,-1,0,0,0,,0,,0,,0,0,926.25,0,1
17253895779,580,3,3,8,8,11.816,0,0,0.10 | 0.11 | 0.11,0,1.91 | 2.54 | 3.01,0,1.33 | 1.58 | 2.10,0.926,0.000,0,1,0,0,0,0,-1,0,0,0,,0,,0,,0,0,926.25,0,1
17253895780,580,3,3,8,8,11.816,0,0,0.10 | 0.11 | 0.11,0,1.91 | 2.54 | 3.01,0,1.33 | 1.58 | 2.10,0.926,0.000,0,1,0,0,0,0,-1,0,0,0,,0,,0,,0,0,926.25,0,1
17253895781,580,3,3,8,8,11.816,0,0,0.10 | 0.11 | 0.11,0,1.91 | 2.54 | 3.01,0,1.33 | 1.58 | 2.10,0.926,0.000,0,1,0,0,0,0,-1,0,0,0,,0,,0,,0,0,926.25,0,1
17253895782,580,3,3,8,8,11.816,0,0,0.10 | 0.11 | 0.11,0,1.91 | 2.54 | 3.01,0,1.33 | 1.58 | 2.10,0.926,0.000,0,1,0,0,0,0,-1,0,0,0,,0,,0,,0,0,926.25,0,1
17253895783,580,3,3,8,8,11.816,0,0,0.10 | 0.11 | 0.11,0,1.91 | 2.54 | 3.01,0,1.33 | 1.58 | 2.10,0.926,0.000,0,1,0,0,0,0,-1,0,0,0,,0,,0,,0,0,926.25,0,1
17253895784,580,3,3,8,8,11.816,0,0,0.10 | 0.11 | 0.11,0,1.91 | 2.54 | 3.01,0,1.33 | 1.58 | 2.10,0.926,0.000,0,1,0,0,0,0,-1,0,0,0,,0,,0,,0,0,926.25,0,1
17253895785,580,3,3,8,8,11.816,0,0,0.10 | 0.11 | 0.11,0,1.91 | 2.54 | 3.01,0,1.33 | 1.58 | 2.10,0.926,0.000,0,1,0,0,0,0,-1,0,0,0,,0,,0,,0,0,926.25,0,1
17253895786,580,3,3,8,8,11.816,0,0,0.10 | 0.11 | 0.11,0,1.91 | 2.54 | 3.01,0,1.33 | 1.58 | 2.10,0.926,0.000,0,1,0,0,0,0,-1,0,0,0,,0,,0,,0,0,926.25,0,1
17253895787,580,3,3,8,8,11.816,0,0,0.10 | 0.11 | 0.11,0,1.91 | 2.54 | 3.01,0,1.33 | 1.58 | 2.10,0.926,0.000,0,1,0,0,0,0,-1,0,0,0,,0,,0,,0,0,926.25,0,1
17253895788,580,3,3,8,8,11.816,0,0,0.10 | 0.11 | 0.11,0,1.91 | 2.54 | 3.01,0,1.33 | 1.58 | 2.10,0.926,0.000,0,1,0,0,0,0,-1,0,0,0,,0,,0,,0,0,926.25,0,1
17253895789,580,3,3,8,8,10.753,0,0,0.10 | 0.11 | 0.11,0,1.91 | 2.54 | 3.01,0,1.33 | 1.58 | 2.10,0.926,0.000,0,1,0,0,0,0,-1,0,0,0,,0,,0,,0,0,926.25,0,1
17253895790,580,3,3,8,8,10.753,0,0,0.10 | 0.11 | 0.11,0,1.91 | 2.54 | 3.01,0,1.33 | 1.58 | 2.10,0.926,0.000,0,1,0,0,0,0,-1,0,0,0,,0,,0,,0,0,926.25,0,1
17253895791,580,3,3,8,8,10.753,0,0,0.10 | 0.11 | 0.11,0,1.91 | 2.54 | 3.01,0,1.33 | 1.58 | 2.10,0.926,0.000,0,1,0,0,0,0,-1,0,0,0,,0,,0,,0,0,926.25,0,1
17253895792,580,3,3,8,8,10.753,0,0,0.10 | 0.11 | 0.11,0,1.91 | 2.54 | 3.01,0,1.33 | 1.58 | 2.10,0.926,0.000,0,1,0,0,0,0,-1,0,0,0,,0,,0,,0,0,926.25,0,1
17253895793,580,3,3,8,8,10.753,0,0,0.10 | 0.11 | 0.11,0,1.91 | 2.54 | 3.01,0,1.33 | 1.58 | 2.10,0.926,0.000,0,1,0,0,0,0,-1,0,0,0,,0,,0,,0,0,926.25,0,1
17253895794,580,3,3,8,8,10.753,0,0,0.10 | 0.11 | 0.11,0,1.91 | 2.54 | 3.01,0,1.33 | 1.58 | 2.10,0.926,0.000,0,1,0,0,0,0,-1,0,0,0,,0,,0,,0,0,926.25,0,1
17253895795,580,3,3,8,8,10.753,0,0,0.10 | 0.11 | 0.11,0,1.91 | 2.54 | 3.01,0,1.33 | 1.58 | 2.10,0.926,0.000,0,1,0,0,0,0,-1,0,0,0,,0,,0,,0,0,926.25,0,1
17253895796,580,3,3,8,8,10.753,0,0,0.10 | 0.11 | 0.11,0,1.91 | 2.54 | 3.01,0,1.33 | 1.58 | 2.10,0.926,0.000,0,1,0,0,0,0,-1,0,0,0,,0,,0,,0,0,926.25,0,1
17253895797,580,3,3,8,8,10.753,0,0,0.10 | 0.11 | 0.11,0,1.91 | 2.54 | 3.01,0,1.33 | 1.58 | 2.10,0.926,0.000,0,1,0,0,0,0,-1,0,0,0,,0,,0,,0,0,926.25,0,1
17253895798,580,3,3,8,8,10.753,0,0,0.10 | 0.11 | 0.11,0,1.91 | 2.54 | 3.01,0,1.33 | 1.58 | 2.10,0.926,0.000,0,1,0,0,0,0,-1,0,0,0,,0,,0,,0,0,926.25,0,1
17253895799,580,3,3,8,8,9.957,0,0,0.10 | 0.11 | 0.11,0,1.91 | 2.54 | 3.01,0,1.33 | 1.58 | 2.10,0.926,0.000,0,1,0,0,0,0,-1,0,0,0,,0,,0,,0,0,926.25,0,1
17253895800,580,3,3,8,8,9.957,0,0,0.10 | 0.11 | 0.11,0,1.91 | 2.54 | 3.01,0,1.33 | 1.58 | 2.10,0.926,0.000,0,1,0,0,0,0,-1,0,0,0,,0,,0,,0,0,926.25,0,1
17253895801,580,3,3,8,8,9.957,0,0,0.10 | 0.11 | 0.11,0,1.91 | 2.54 | 3.01,0,1.33 | 1.58 | 2.10,0.926,0.000,0,1,0,0,0,0,-1,0,0,0,,0,,0,,0,0,926.25,0,1
17253895802,580,3,3,8,8,9.957,0,0,0.10 | 0.11 | 0.11,0,1.91 | 2.54 | 3.01,0,1.33 | 1.58 | 2.10,0.926,0.000,0,1,0,0,0,0,-1,0,0,0,,0,,0,,0,0,926.25,0,1
17253895803,580,3,3,8,8,9.957,0,0,0.10 | 0.11 | 0.11,0,1.91 | 2.54 | 3.01,0,1.33 | 1.58 | 2.10,0.926,0.000,0,1,0,0,0,0,-1,0,0,0,,0,,0,,0,0,926.25,0,1
17253895804,580,3,3,8,8,9.957,0,0,0.10 | 0.11 | 0.11,0,1.91 | 2.54 | 3.01,0,1.33 | 1.58 | 2.10,0.926,0.000,0,1,0,0,0,0,-1,0,0,0,,0,,0,,0,0,951.75,0,1
17253895805,580,3,3,8,8,9.957,0,0,0.10 | 0.11 | 0.11,0,1.91 | 2.54 | 3.01,0,1.33 | 1.58 | 2.10,0.926,0.000,0,1,0,0,0,0,-1,0,0,0,,0,,0,,0,0,951.75,0,1
17253895806,580,3,3,8,8,9.957,0,0,0.10 | 0.11 | 0.11,0,1.91 | 2.54 | 3.01,0,1.33 | 1.58 | 2.10,0.926,0.000,0,1,0,0,0,0,-1,0,0,0,,0,,0,,0,0,951.75,0,1
17253895807,580,3,3,8,8,9.957,0,0,0.10 | 0.11 | 0.11,0,1.91 | 2.54 | 3.01,0,1.33 | 1.58 | 2.10,0.926,0.000,0,1,0,0,0,0,-1,0,0,0,,0,,0,,0,0,951.75,0,1
17253895808,580,3,3,8,8,9.957,0,0,0.10 | 0.11 | 0.11,0,1.91 | 2.54 | 3.01,0,1.33 | 1.58 | 2.10,0.926,0.000,0,1,0,0,0,0,-1,0,0,0,,0,,0,,0,0,951.75,0,1
17253895809,580,3,3,8,8,12.094,0,0,0.10 | 0.11 | 0.11,0,1.91 | 2.49 | 3.01,0,1.33 | 1.61 | 2.10,0.952,0.000,0,1,0,0,0,0,-1,0,0,0,,0,,0,,0,0,951.75,0,1
17253895810,580,3,3,8,8,12.094,0,0,0.10 | 0.11 | 0.11,0,1.91 | 2.49 | 3.01,0,1.33 | 1.61 | 2.10,0.952,0.000,0,1,0,0,0,0,-1,0,0,0,,0,,0,,0,0,951.75,0,1
17253895811,580,3,3,8,8,12.094,0,0,0.10 | 0.11 | 0.11,0,1.91 | 2.49 | 3.01,0,1.33 | 1.61 | 2.10,0.952,0.000,0,1,0,0,0,0,-1,0,0,0,,0,,0,,0,0,951.75,0,1
17253895812,580,3,3,8,8,12.094,0,0,0.10 | 0.11 | 0.11,0,1.91 | 2.49 | 3.01,0,1.33 | 1.61 | 2.10,0.952,0.000,0,1,0,0,0,0,-1,0,0,0,,0,,0,,0,0,951.75,0,1
17253895813,580,3,3,8,8,12.094,0,0,0.10 | 0.11 | 0.11,0,1.91 | 2.49 | 3.01,0,1.33 | 1.61 | 2.10,0.952,0.000,0,1,0,0,0,0,-1,0,0,0,,0,,0,,0,0,951.75,0,1
17253895814,772,3,4,8,8,12.094,0,0,0.10 | 0.11 | 0.11,0,1.91 | 2.49 | 3.01,0,1.33 | 1.61 | 2.10,0.952,0.000,0,1,0,0,0,0,-1,0,0,0,,0,,0,,0,0,951.75,0,1
17253895815,772,3,4,8,8,12.094,0,0,0.10 | 0.11 | 0.11,0,1.91 | 2.49 | 3.01,0,1.33 | 1.61 | 2.10,0.952,0.000,0,1,0,0,0,0,-1,0,0,0,,0,,0,,0,0,951.75,0,1
17253895816,772,3,4,8,8,12.094,0,0,0.10 | 0.11 | 0.11,0,1.91 | 2.49 | 3.01,0,1.33 | 1.61 | 2.10,0.952,0.000,0,1,0,0,0,0,-1,0,0,0,,0,,0,,0,0,951.75,0,1
17253895817,772,3,4,8,8,12.094,0,0,0.10 | 0.11 | 0.11,0,1.91 | 2.49 | 3.01,0,1.33 | 1.61 | 2.10,0.952,0.000,0,1,0,0,0,0,-1,0,0,0,,0,,0,,0,0,951.75,0,1
17253895818,772,3,4,8,8,12.094,0,0,0.10 | 0.11 | 0.11,0,1.91 | 2.49 | 3.01,0,1.33 | 1.61 | 2.10,0.952,0.000,0,1,0,0,0,0,-1,0,0,0,,0,,0,,0,0,951.75,0,1
17253895819,772,3,4,8,8,11.031,0,0,0.10 | 0.11 | 0.11,0,1.91 | 2.49 | 3.01,0,1.33 | 1.61 | 2.10,0.952,0.000,0,1,0,0,0,0,-1,0,0,0,,0,,0,,0,0,951.75,0,1
17253895820,772,3,4,8,8,11.031,0,0,0.10 | 0.11 | 0.11,0,1.91 | 2.49 | 3.01,0,1.33 | 1.61 | 2.10,0.952,0.000,0,1,0,0,0,0,-1,0,0,0,,0,,0,,0,0,951.75,0,1
17253895821,772,3,4,8,8,11.031,0,0,0.10 | 0.11 | 0.11,0,1.91 | 2.49 | 3.01,0,1.33 | 1.61 | 2.10,0.952,0.000,0,1,0,0,0,0,-1,0,0,0,,0,,0,,0,0,951.75,0,1
17253895822,772,3,4,8,8,11.031,0,0,0.10 | 0.11 | 0.11,0,1.91 | 2.49 | 3.01,0,1.33 | 1.61 | 2.10,0.952,0.000,0,1,0,0,0,0,-1,0,0,0,,0,,0,,0,0,951.75,0,1
17253895823,772,3,4,8,8,11.031,0,0,0.10 | 0.11 | 0.11,0,1.91 | 2.49 | 3.01,0,1.33 | 1.61 | 2.10,0.952,0.000,0,1,0,0,0,0,-1,0,0,0,,0,,0,,0,0,951.75,0,1
17253895824,772,3,4,8,8,11.031,0,0,0.10 | 0.11 | 0.11,0,1.91 | 2.49 | 3.01,0,1.33 | 1.61 | 2.10,0.952,0.000,0,1,0,0,0,0,-1,0,0,0,,0,,0,,0,0,951.75,0,1
17253895825,772,3,4,8,8,11.031,0,0,0.10 | 0.11 | 0.11,0,1.91 | 2.49 | 3.01,0,1.33 | 1.61 | 2.10,0.952,0.000,0,1,0,0,0,0,-1,0,0,0,,0,,0,,0,0,951.75,0,1
17253895826,772,3,4,8,8,11.031,0,0,0.10 | 0.11 | 0.11,0,1.91 | 2.49 | 3.01,0,1.33 | 1.61 | 2.10,0.952,0.000,0,1,0,0,0,0,-1,0,0,0,,0,,0,,0,0,951.75,0,1
17253895827,772,3,4,8,8,11.031,0,0,0.10 | 0.11 | 0.11,0,1.91 | 2.49 | 3.01,0,1.33 | 1.61 | 2.10,0.952,0.000,0,1,0,0,0,0,-1,0,0,0,,0,,0,,0,0,951.75,0,1
17253895828,772,3,4,8,8,11.031,0,0,0.10 | 0.11 | 0.11,0,1.91 | 2.49 | 3.01,0,1.33 | 1.61 | 2.10,0.952,0.000,0,1,0,0,0,0,-1,0,0,0,,0,,0,,0,0,951.75,0,1
17253895829,772,3,4,8,8,9.969,0,0,0.10 | 0.11 | 0.11,0,1.91 | 2.49 | 3.01,0,1.33 | 1.61 | 2.10,0.952,0.000,0,1,0,0,0,0,-1,0,0,0,,0,,0,,0,0,951.75,0,1
17253895830,772,3,4,8,8,9.969,0,0,0.10 | 0.11 | 0.11,0,1.91 | 2.49 | 3.01,0,1.33 | 1.61 | 2.10,0.952,0.000,0,1,0,0,0,0,-1,0,0,0,,0,,0,,0,0,951.75,0,1
17253895831,772,3,4,8,8,9.969,0,0,0.10 | 0.11 | 0.11,0,1.91 | 2.49 | 3.01,0,1.33 | 1.61 | 2.10,0.952,0.000,0,1,0,0,0,0,-1,0,0,0,,0,,0,,0,0,951.75,0,1
17253895832,772,3,4,8,8,9.969,0,0,0.10 | 0.11 | 0.11,0,1.91 | 2.49 | 3.01,0,1.33 | 1.61 | 2.10,0.952,0.000,0,1,0,0,0,0,-1,0,0,0,,0,,0,,0,0,951.75,0,1
17253895833,772,3,4,8,8,9.969,0,0,0.10 | 0.11 | 0.11,0,1.91 | 2.49 | 3.01,0,1.33 | 1.61 | 2.10,0.952,0.000,0,1,0,0,0,0,-1,0,0,0,,0,,0,,0,0,951.75,0,1
17253895834,772,3,4,8,8,9.969,0,0,0.10 | 0.11 | 0.11,0,1.91 | 2.49 | 3.01,0,1.33 | 1.61 | 2.10,0.952,0.000,0,1,0,0,0,0,-1,0,0,0,,0,,0,,0,0,951.75,0,1
17253895835,772,3,4,8,8,9.969,0,0,0.10 | 0.11 | 0.11,0,1.91 | 2.49 | 3.01,0,1.33 | 1.61 | 2.10,0.952,0.000,0,1,0,0,0,0,-1,0,0,0,,0,,0,,0,0,951.75,0,1
17253895836,772,3,4,8,8,9.969,0,0,0.10 | 0.11 | 0.11,0,1.91 | 2.49 | 3.01,0,1.33 | 1.61 | 2.10,0.952,0.000,0,1,0,0,0,0,-1,0,0,0,,0,,0,,0,0,951.75,0,1
17253895837,772,3,4,8,8,9.969,0,0,0.10 | 0.11 | 0.11,0,1.91 | 2.49 | 3.01,0,1.33 | 1.61 | 2.10,0.952,0.000,0,1,0,0,0,0,-1,0,0,0,,0,,0,,0,0,951.75,0,1
17253895838,772,3,4,8,8,9.969,0,0,0.10 | 0.11 | 0.11,0,1.91 | 2.49 | 3.01,0,1.33 | 1.61 | 2.10,0.952,0.000,0,1,0,0,0,0,-1,0,0,0,,0,,0,,0,0,951.75,0,1
17253895839,772,3,4,8,8,8.907,0,0,0.10 | 0.11 | 0.11,0,1.91 | 2.49 | 3.01,0,1.33 | 1.61 | 2.10,0.952,0.000,0,1,0,0,0,0,-1,0,0,0,,0,,0,,0,0,951.75,0,1
17253895840,772,3,4,8,8,8.907,0,0,0.10 | 0.11 | 0.11,0,1.91 | 2.49 | 3.01,0,1.33 | 1.61 | 2.10,0.952,0.000,0,1,0,0,0,0,-1,0,0,0,,0,,0,,0,0,951.75,0,1
17253895841,772,3,4,8,8,8.907,0,0,0.10 | 0.11 | 0.11,0,1.91 | 2.49 | 3.01,0,1.33 | 1.61 | 2.10,0.952,0.000,0,1,0,0,0,0,-1,0,0,0,,0,,0,,0,0,951.75,0,1
17253895842,772,3,4,8,8,8.907,0,0,0.10 | 0.11 | 0.11,0,1.91 | 2.49 | 3.01,0,1.33 | 1.61 | 2.10,0.952,0.000,0,1,0,0,0,0,-1,0,0,0,,0,,0,,0,0,951.75,0,1
17253895843,772,3,4,8,8,8.907,0,0,0.10 | 0.11 | 0.11,0,1.91 | 2.49 | 3.01,0,1.33 | 1.61 | 2.10,0.952,0.000,0,1,0,0,0,0,-1,0,0,0,,0,,0,,0,0,951.75,0,1
17253895844,772,3,4,8,8,8.907,0,0,0.10 | 0.11 | 0.11,0,1.91 | 2.49 | 3.01,0,1.33 | 1.61 | 2.10,0.952,0.000,0,1,0,0,0,0,-1,0,0,0,,0,,0,,0,0,951.75,0,1
17253895845,772,3,4,8,8,8.907,0,0,0.10 | 0.11 | 0.11,0,1.91 | 2.49 | 3.01,0,1.33 | 1.61 | 2.10,0.952,0.000,0,1,0,0,0,0,-1,0,0,0,,0,,0,,0,0,951.75,0,1
17253895846,772,3,4,8,8,8.907,0,0,0.10 | 0.11 | 0.11,0,1.91 | 2.49 | 3.01,0,1.33 | 1.61 | 2.10,0.952,0.000,0,1,0,0,0,0,-1,0,0,0,,0,,0,,0,0,951.75,0,1
17253895847,772,3,4,8,8,8.907,0,0,0.10 | 0.11 | 0.11,0,1.91 | 2.49 | 3.01,0,1.33 | 1.61 | 2.10,0.952,0.000,0,1,0,0,0,0,-1,0,0,0,,0,,0,,0,0,951.75,0,1
17253895848,772,3,4,8,8,8.907,0,0,0.10 | 0.11 | 0.11,0,1.91 | 2.49 | 3.01,0,1.33 | 1.61 | 2.10,0.952,0.000,0,1,0,0,0,0,-1,0,0,0,,0,,0,,0,0,951.75,0,1
17253895849,772,3,4,8,8,8.11,0,0,0.10 | 0.11 | 0.11,0,1.91 | 2.49 | 3.01,0,1.33 | 1.61 | 2.10,0.952,0.000,0,1,0,0,0,0,-1,0,0,0,,0,,0,,0,0,951.75,0,1
17253895850,772,3,4,8,8,8.11,0,0,0.10 | 0.11 | 0.11,0,1.91 | 2.49 | 3.01,0,1.33 | 1.61 | 2.10,0.952,0.000,0,1,0,0,0,0,-1,0,0,0,,0,,0,,0,0,951.75,0,1
17253895851,772,3,4,8,8,8.11,0,0,0.10 | 0.11 | 0.11,0,1.91 | 2.49 | 3.01,0,1.33 | 1.61 | 2.10,0.952,0.000,0,1,0,0,0,0,-1,0,0,0,,0,,0,,0,0,951.75,0,1
17253895852,772,3,4,8,8,8.11,0,0,0.10 | 0.11 | 0.11,0,1.91 | 2.49 | 3.01,0,1.33 | 1.61 | 2.10,0.952,0.000,0,1,0,0,0,0,-1,0,0,0,,0,,0,,0,0,951.75,0,1
17253895853,772,3,4,8,8,8.11,0,0,0.10 | 0.11 | 0.11,0,1.91 | 2.49 | 3.01,0,1.33 | 1.61 | 2.10,0.952,0.000,0,1,0,0,0,0,-1,0,0,0,,0,,0,,0,0,951.5,0,1
17253895854,772,3,4,8,8,8.11,0,0,0.10 | 0.11 | 0.11,0,1.91 | 2.49 | 3.01,0,1.33 | 1.61 | 2.10,0.952,0.000,0,1,0,0,0,0,-1,0,0,0,,0,,0,,0,0,951.5,0,1
17253895855,772,4,4,8,8,8.11,0,0,0.10 | 0.11 | 0.11,0,1.91 | 2.49 | 3.01,0,1.33 | 1.61 | 2.10,0.952,0.000,0,1,0,0,0,0,-1,0,0,0,,0,,0,,0,0,951.5,0,1
17253895856,772,4,4,8,8,8.11,0,0,0.10 | 0.11 | 0.11,0,1.91 | 2.49 | 3.01,0,1.33 | 1.61 | 2.10,0.952,0.000,0,1,0,0,0,0,-1,0,0,0,,0,,0,,0,0,951.5,0,1
17253895857,772,4,4,8,8,8.11,0,0,0.10 | 0.11 | 0.11,0,1.91 | 2.49 | 3.01,0,1.33 | 1.61 | 2.10,0.952,0.000,0,1,0,0,0,0,-1,0,0,0,,0,,0,,0,0,951.5,0,1
17253895858,772,4,4,8,8,8.11,0,0,0.10 | 0.11 | 0.11,0,1.91 | 2.49 | 3.01,0,1.33 | 1.61 | 2.10,0.952,0.000,0,1,0,0,0,0,-1,0,0,0,,0,,0,,0,0,951.5,0,1
17253895859,772,4,4,8,8,7.047,0,0,0.10 | 0.11 | 0.11,0,1.91 | 2.66 | 3.69,0,1.08 | 1.51 | 2.10,0.952,0.000,0,1,0,0,0,0,-1,0,0,0,,0,,0,,0,0,951.5,0,1
17253895860,772,4,4,8,8,7.047,0,0,0.10 | 0.11 | 0.11,0,1.91 | 2.66 | 3.69,0,1.08 | 1.51 | 2.10,0.952,0.000,0,1,0,0,0,0,-1,0,0,0,,0,,0,,0,0,951.5,0,1
17253895861,772,4,4,8,8,7.047,0,0,0.10 | 0.11 | 0.11,0,1.91 | 2.66 | 3.69,0,1.08 | 1.51 | 2.10,0.952,0.000,0,1,0,0,0,0,-1,0,0,0,,0,,0,,0,0,951.5,0,1
17253895862,772,4,4,8,8,7.047,0,0,0.10 | 0.11 | 0.11,0,1.91 | 2.66 | 3.69,0,1.08 | 1.51 | 2.10,0.952,0.000,0,1,0,0,0,0,-1,0,0,0,,0,,0,,0,0,951.5,0,1
17253895863,772,4,4,8,8,7.047,0,0,0.10 | 0.11 | 0.11,0,1.91 | 2.66 | 3.69,0,1.08 | 1.51 | 2.10,0.952,0.000,0,1,0,0,0,0,-1,0,0,0,,0,,0,,0,0,951.5,0,1
17253895864,772,4,4,8,8,7.047,0,0,0.10 | 0.11 | 0.11,0,1.91 | 2.66 | 3.69,0,1.08 | 1.51 | 2.10,0.952,0.000,0,1,0,0,0,0,-1,0,0,0,,0,,0,,0,0,951.5,0,1
17253895865,772,4,4,8,8,7.047,0,0,0.10 | 0.11 | 0.11,0,1.91 | 2.66 | 3.69,0,1.08 | 1.51 | 2.10,0.952,0.000,0,1,0,0,0,0,-1,0,0,0,,0,,0,,0,0,951.5,0,1
17253895866,772,4,4,8,8,7.047,0,0,0.10 | 0.11 | 0.11,0,1.91 | 2.66 | 3.69,0,1.08 | 1.51 | 2.10,0.952,0.000,0,1,0,0,0,0,-1,0,0,0,,0,,0,,0,0,951.5,0,1
17253895867,772,4,4,8,8,7.047,0,0,0.10 | 0.11 | 0.11,0,1.91 | 2.66 | 3.69,0,1.08 | 1.51 | 2.10,0.952,0.000,0,1,0,0,0,0,-1,0,0,0,,0,,0,,0,0,951.5,0,1
17253895868,772,4,4,8,8,7.047,0,0,0.10 | 0.11 | 0.11,0,1.91 | 2.66 | 3.69,0,1.08 | 1.51 | 2.10,0.952,0.000,0,1,0,0,0,0,-1,0,0,0,,0,,0,,0,0,951.5,0,1
17253895869,772,4,4,8,8,5.913,0,0,0.10 | 0.11 | 0.11,0,1.91 | 2.66 | 3.69,0,1.08 | 1.51 | 2.10,0.952,0.000,0,1,0,0,0,0,-1,0,0,0,,0,,0,,0,0,951.5,0,1
17253895870,772,4,4,8,8,5.913,0,0,0.10 | 0.11 | 0.11,0,1.91 | 2.66 | 3.69,0,1.08 | 1.51 | 2.10,0.952,0.000,0,1,0,0,0,0,-1,0,0,0,,0,,0,,0,0,951.5,0,1
17253895871,772,4,4,8,8,5.913,0,0,0.10 | 0.11 | 0.11,0,1.91 | 2.66 | 3.69,0,1.08 | 1.51 | 2.10,0.952,0.000,0,1,0,0,0,0,-1,0,0,0,,0,,0,,0,0,951.5,0,1
17253895872,772,4,4,8,8,5.913,0,0,0.10 | 0.11 | 0.11,0,1.91 | 2.66 | 3.69,0,1.08 | 1.51 | 2.10,0.952,0.000,0,1,0,0,0,0,-1,0,0,0,,0,,0,,0,0,951.5,0,1
17253895873,772,4,4,8,8,5.913,0,0,0.10 | 0.11 | 0.11,0,1.91 | 2.66 | 3.69,0,1.08 | 1.51 | 2.10,0.952,0.000,0,1,0,0,0,0,-1,0,0,0,,0,,0,,0,0,951.5,0,1
17253895874,772,4,4,8,8,5.913,0,0,0.10 | 0.11 | 0.11,0,1.91 | 2.66 | 3.69,0,1.08 | 1.51 | 2.10,0.952,0.000,0,1,0,0,0,0,-1,0,0,0,,0,,0,,0,0,951.5,0,1
17253895875,772,4,4,8,8,5.913,0,0,0.10 | 0.11 | 0.11,0,1.91 | 2.66 | 3.69,0,1.08 | 1.51 | 2.10,0.952,0.000,0,1,0,0,0,0,-1,0,0,0,,0,,0,,0,0,951.5,0,1
17253895876,772,4,4,8,8,5.913,0,0,0.10 | 0.11 | 0.11,0,1.91 | 2.66 | 3.69,0,1.08 | 1.51 | 2.10,0.952,0.000,0,1,0,0,0,0,-1,0,0,0,,0,,0,,0,0,951.5,0,1
17253895877,772,4,4,8,8,5.913,0,0,0.10 | 0.11 | 0.11,0,1.91 | 2.66 | 3.69,0,1.08 | 1.51 | 2.10,0.952,0.000,0,1,0,0,0,0,-1,0,0,0,,0,,0,,0,0,951.5,0,1
17253895878,772,4,4,8,8,5.913,0,0,0.10 | 0.11 | 0.11,0,1.91 | 2.66 | 3.69,0,1.08 | 1.51 | 2.10,0.952,0.000,0,1,0,0,0,0,-1,0,0,0,,0,,0,,0,0,951.5,0,1
17253895879,772,4,4,8,8,4.922,0,0,0.10 | 0.11 | 0.11,0,1.91 | 2.66 | 3.69,0,1.08 | 1.51 | 2.10,0.952,0.000,0,1,0,0,0,0,-1,0,0,0,,0,,0,,0,0,951.5,0,1
17253895880,772,4,4,8,8,4.922,0,0,0.10 | 0.11 | 0.11,0,1.91 | 2.66 | 3.69,0,1.08 | 1.51 | 2.10,0.952,0.000,0,1,0,0,0,0,-1,0,0,0,,0,,0,,0,0,951.5,0,1
17253895881,772,4,4,8,8,4.922,0,0,0.10 | 0.11 | 0.11,0,1.91 | 2.66 | 3.69,0,1.08 | 1.51 | 2.10,0.952,0.000,0,1,0,0,0,0,-1,0,0,0,,0,,0,,0,0,951.5,0,1
17253895882,387,4,2,8,8,4.922,0,0,0.10 | 0.11 | 0.11,0,1.91 | 2.66 | 3.69,0,1.08 | 1.51 | 2.10,0.952,0.000,0,1,0,0,0,0,-1,0,0,0,,0,,0,,0,0,950.75,0,1
17253895883,387,4,2,8,8,4.922,0,0,0.10 | 0.11 | 0.11,0,1.91 | 2.66 | 3.69,0,1.08 | 1.51 | 2.10,0.952,0.000,0,1,0,0,0,0,-1,0,0,0,,0,,0,,0,0,950.75,0,1
17253895884,387,4,2,8,8,4.922,0,0,0.10 | 0.11 | 0.11,0,1.91 | 2.66 | 3.69,0,1.08 | 1.51 | 2.10,0.952,0.000,0,1,0,0,0,0,-1,0,0,0,,0,,0,,0,0,950.75,0,1
17253895885,387,4,2,8,8,4.922,0,0,0.10 | 0.11 | 0.11,0,1.91 | 2.66 | 3.69,0,1.08 | 1.51 | 2.10,0.952,0.000,0,1,0,0,0,0,-1,0,0,0,,0,,0,,0,0,950.75,0,1
17253895886,387,4,2,8,8,4.922,0,0,0.10 | 0.11 | 0.11,0,1.91 | 2.66 | 3.69,0,1.08 | 1.51 | 2.10,0.952,0.000,0,1,0,0,0,0,-1,0,0,0,,0,,0,,0,0,950.75,0,1
17253895887,387,4,2,8,8,4.922,0,0,0.10 | 0.11 | 0.11,0,1.91 | 2.66 | 3.69,0,1.08 | 1.51 | 2.10,0.952,0.000,0,1,0,0,0,0,-1,0,0,0,,0,,0,,0,0,950.75,0,1
17253895888,387,4,2,8,8,4.922,0,0,0.10 | 0.11 | 0.11,0,1.91 | 2.66 | 3.69,0,1.08 | 1.51 | 2.10,0.952,0.000,0,1,0,0,0,0,-1,0,0,0,,0,,0,,0,0,950.75,0,1
17253895889,387,4,2,8,8,4.125,0,0,0.11 | 0.11 | 0.11,0,2.08 | 2.88 | 3.69,0,1.08 | 1.39 | 1.92,0.951,0.000,0,1,0,0,0,0,-1,0,0,0,,0,,0,,0,0,950.75,0,1
17253895890,387,4,2,8,8,4.125,0,0,0.11 | 0.11 | 0.11,0,2.08 | 2.88 | 3.69,0,1.08 | 1.39 | 1.92,0.951,0.000,0,1,0,0,0,0,-1,0,0,0,,0,,0,,0,0,950.75,0,1
17253895891,387,4,2,8,8,4.125,0,0,0.11 | 0.11 | 0.11,0,2.08 | 2.88 | 3.69,0,1.08 | 1.39 | 1.92,0.951,0.000,0,1,0,0,0,0,-1,0,0,0,,0,,0,,0,0,950.75,0,1
17253895892,387,4,2,8,8,4.125,0,0,0.11 | 0.11 | 0.11,0,2.08 | 2.88 | 3.69,0,1.08 | 1.39 | 1.92,0.951,0.000,0,1,0,0,0,0,-1,0,0,0,,0,,0,,0,0,950.75,0,1
17253895893,387,4,2,8,8,4.125,0,0,0.11 | 0.11 | 0.11,0,2.08 | 2.88 | 3.69,0,1.08 | 1.39 | 1.92,0.951,0.000,0,1,0,0,0,0,-1,0,0,0,,0,,0,,0,0,950.75,0,1
17253895894,387,4,2,8,8,4.125,0,0,0.11 | 0.11 | 0.11,0,2.08 | 2.88 | 3.69,0,1.08 | 1.39 | 1.92,0.951,0.000,0,1,0,0,0,0,-1,0,0,0,,0,,0,,0,0,950.75,0,1
17253895895,387,4,2,8,8,4.125,0,0,0.11 | 0.11 | 0.11,0,2.08 | 2.88 | 3.69,0,1.08 | 1.39 | 1.92,0.951,0.000,0,1,0,0,0,0,-1,0,0,0,,0,,0,,0,0,950.75,0,1
17253895896,387,4,2,8,8,4.125,0,0,0.11 | 0.11 | 0.11,0,2.08 | 2.88 | 3.69,0,1.08 | 1.39 | 1.92,0.951,0.000,0,1,0,0,0,0,-1,0,0,0,,0,,0,,0,0,950.75,0,1
17253895897,387,4,2,8,8,4.125,0,0,0.11 | 0.11 | 0.11,0,2.08 | 2.88 | 3.69,0,1.08 | 1.39 | 1.92,0.951,0.000,0,1,0,0,0,0,-1,0,0,0,,0,,0,,0,0,950.75,0,1
17253895898,387,4,2,8,8,4.125,0,0,0.11 | 0.11 | 0.11,0,2.08 | 2.88 | 3.69,0,1.08 | 1.39 | 1.92,0.951,0.000,0,1,0,0,0,0,-1,0,0,0,,0,,0,,0,0,950.75,0,1
17253895899,387,4,2,8,8,3.063,0,0,0.11 | 0.11 | 0.11,0,2.08 | 2.88 | 3.69,0,1.08 | 1.39 | 1.92,0.951,0.000,0,1,0,0,0,0,-1,0,0,0,,0,,0,,0,0,950.75,0,1
17253895900,387,4,2,8,8,3.063,0,0,0.11 | 0.11 | 0.11,0,2.08 | 2.88 | 3.69,0,1.08 | 1.39 | 1.92,0.951,0.000,0,1,0,0,0,0,-1,0,0,0,,0,,0,,0,0,950.75,0,1
17253895901,387,4,2,8,8,3.063,0,0,0.11 | 0.11 | 0.11,0,2.08 | 2.88 | 3.69,0,1.08 | 1.39 | 1.92,0.951,0.000,0,1,0,0,0,0,-1,0,0,0,,0,,0,,0,0,950.75,0,1
17253895902,387,4,2,8,8,3.063,0,0,0.11 | 0.11 | 0.11,0,2.08 | 2.88 | 3.69,0,1.08 | 1.39 | 1.92,0.951,0.000,0,1,0,0,0,0,-1,0,0,0,,0,,0,,0,0,950.75,0,1
17253895903,387,4,2,8,8,3.063,0,0,0.11 | 0.11 | 0.11,0,2.08 | 2.88 | 3.69,0,1.08 | 1.39 | 1.92,0.951,0.000,0,1,0,0,0,0,-1,0,0,0,,0,,0,,0,0,950.75,0,1
17253895904,387,4,2,8,8,3.063,0,0,0.11 | 0.11 | 0.11,0,2.08 | 2.88 | 3.69,0,1.08 | 1.39 | 1.92,0.951,0.000,0,1,0,0,0,0,-1,0,0,0,,0,,0,,0,0,950.75,0,1
17253895905,387,4,2,8,8,3.063,0,0,0.11 | 0.11 | 0.11,0,2.08 | 2.88 | 3.69,0,1.08 | 1.39 | 1.92,0.951,0.000,0,1,0,0,0,0,-1,0,0,0,,0,,0,,0,0,950.75,0,1
17253895906,387,4,2,8,8,3.063,0,0,0.11 | 0.11 | 0.11,0,2.08 | 2.88 | 3.69,0,1.08 | 1.39 | 1.92,0.951,0.000,0,1,0,0,0,0,-1,0,0,0,,0,,0,,0,0,950.75,0,1
17253895907,387,4,2,8,8,3.063,0,0,0.11 | 0.11 | 0.11,0,2.08 | 2.88 | 3.69,0,1.08 | 1.39 | 1.92,0.951,0.000,0,1,0,0,0,0,-1,0,0,0,,0,,0,,0,0,950.75,0,1
17253895908,387,4,2,8,8,3.063,0,0,0.11 | 0.11 | 0.11,0,2.08 | 2.88 | 3.69,0,1.08 | 1.39 | 1.92,0.951,0.000,0,1,0,0,0,0,-1,0,0,0,,0,,0,,0,0,950.75,0,1
17253895909,387,4,2,8,8,2,0,0,0.11 | 0.11 | 0.11,0,2.08 | 2.88 | 3.69,0,1.08 | 1.39 | 1.92,0.951,0.000,0,1,0,0,0,0,-1,0,0,0,,0,,0,,0,0,950.75,0,1
17253895910,387,4,2,8,8,2,0,0,0.11 | 0.11 | 0.11,0,2.08 | 2.88 | 3.69,0,1.08 | 1.39 | 1.92,0.951,0.000,0,1,0,0,0,0,-1,0,0,0,,0,,0,,0,0,950.75,0,1
17253895911,580,4,3,8,8,2,0,0,0.11 | 0.11 | 0.11,0,2.08 | 2.88 | 3.69,0,1.08 | 1.39 | 1.92,0.951,0.000,0,1,0,0,0,0,-1,0,0,0,,0,,0,,0,0,927.25,0,1
17253895912,580,4,3,8,8,2,0,0,0.11 | 0.11 | 0.11,0,2.08 | 2.88 | 3.69,0,1.08 | 1.39 | 1.92,0.951,0.000,0,1,0,0,0,0,-1,0,0,0,,0,,0,,0,0,927.25,0,1
17253895913,580,4,3,8,8,2,0,0,0.11 | 0.11 | 0.11,0,2.08 | 2.88 | 3.69,0,1.08 | 1.39 | 1.92,0.951,0.000,0,1,0,0,0,0,-1,0,0,0,,0,,0,,0,0,927.25,0,1
17253895914,580,4,3,8,8,2,0,0,0.11 | 0.11 | 0.11,0,2.08 | 2.88 | 3.69,0,1.08 | 1.39 | 1.92,0.951,0.000,0,1,0,0,0,0,-1,0,0,0,,0,,0,,0,0,927.25,0,1
17253895915,580,4,3,8,8,2,0,0,0.11 | 0.11 | 0.11,0,2.08 | 2.88 | 3.69,0,1.08 | 1.39 | 1.92,0.951,0.000,0,1,0,0,0,0,-1,0,0,0,,0,,0,,0,0,927.25,0,1
17253895916,580,4,3,8,8,2,0,0,0.11 | 0.11 | 0.11,0,2.08 | 2.88 | 3.69,0,1.08 | 1.39 | 1.92,0.951,0.000,0,1,0,0,0,0,-1,0,0,0,,0,,0,,0,0,927.25,0,1
17253895917,580,4,3,8,8,2,0,0,0.11 | 0.11 | 0.11,0,2.08 | 2.88 | 3.69,0,1.08 | 1.39 | 1.92,0.951,0.000,0,1,0,0,0,0,-1,0,0,0,,0,,0,,0,0,927.25,0,1
17253895918,580,4,3,8,8,2,0,0,0.11 | 0.11 | 0.11,0,2.08 | 2.88 | 3.69,0,1.08 | 1.39 | 1.92,0.951,0.000,0,1,0,0,0,0,-1,0,0,0,,0,,0,,0,0,927.25,0,1
17253895919,580,4,3,8,8,5.738,0,0,0.11 | 0.16 | 0.31,0,2.08 | 2.76 | 3.69,0,1.08 | 1.45 | 1.92,0.927,0.000,0,1,0,0,0,0,-1,0,0,0,,0,,0,,0,0,927.25,0,1
17253895920,580,4,3,8,8,5.738,0,0,0.11 | 0.16 | 0.31,0,2.08 | 2.76 | 3.69,0,1.08 | 1.45 | 1.92,0.927,0.000,0,1,0,0,0,0,-1,0,0,0,,0,,0,,0,0,927.25,0,1
17253895921,580,4,3,8,8,5.738,0,0,0.11 | 0.16 | 0.31,0,2.08 | 2.76 | 3.69,0,1.08 | 1.45 | 1.92,0.927,0.000,0,1,0,0,0,0,-1,0,0,0,,0,,0,,0,0,927.25,0,1
17253895922,580,4,3,8,8,5.738,0,0,0.11 | 0.16 | 0.31,0,2.08 | 2.76 | 3.69,0,1.08 | 1.45 | 1.92,0.927,0.000,0,1,0,0,0,0,-1,0,0,0,,0,,0,,0,0,927.25,0,1
17253895923,580,4,3,8,8,5.738,0,0,0.11 | 0.16 | 0.31,0,2.08 | 2.76 | 3.69,0,1.08 | 1.45 | 1.92,0.927,0.000,0,1,0,0,0,0,-1,0,0,0,,0,,0,,0,0,927.25,0,1
17253895924,580,4,3,8,8,5.738,0,0,0.11 | 0.16 | 0.31,0,2.08 | 2.76 | 3.69,0,1.08 | 1.45 | 1.92,0.927,0.000,0,1,0,0,0,0,-1,0,0,0,,0,,0,,0,0,927.25,0,1
17253895925,580,4,3,8,8,5.738,0,0,0.11 | 0.16 | 0.31,0,2.08 | 2.76 | 3.69,0,1.08 | 1.45 | 1.92,0.927,0.000,0,1,0,0,0,0,-1,0,0,0,,0,,0,,0,0,927.25,0,1
17253895926,580,4,3,8,8,5.738,0,0,0.11 | 0.16 | 0.31,0,2.08 | 2.76 | 3.69,0,1.08 | 1.45 | 1.92,0.927,0.000,0,1,0,0,0,0,-1,0,0,0,,0,,0,,0,0,927.25,0,1
17253895927,580,4,3,8,8,5.738,0,0,0.11 | 0.16 | 0.31,0,2.08 | 2.76 | 3.69,0,1.08 | 1.45 | 1.92,0.927,0.000,0,1,0,0,0,0,-1,0,0,0,,0,,0,,0,0,927.25,0,1
17253895928,580,4,3,8,8,5.738,0,0,0.11 | 0.16 | 0.31,0,2.08 | 2.76 | 3.69,0,1.08 | 1.45 | 1.92,0.927,0.000,0,1,0,0,0,0,-1,0,0,0,,0,,0,,0,0,927.25,0,1
17253895929,580,4,3,8,8,4.941,0,0,0.11 | 0.16 | 0.31,0,2.08 | 2.76 | 3.69,0,1.08 | 1.45 | 1.92,0.927,0.000,0,1,0,0,0,0,-1,0,0,0,,0,,0,,0,0,927.25,0,1
17253895930,580,2,3,8,8,4.941,0,0,0.11 | 0.16 | 0.31,0,2.08 | 2.76 | 3.69,0,1.08 | 1.45 | 1.92,0.927,0.000,0,1,0,0,0,0,-1,0,0,0,,0,,0,,0,0,927.25,0,1
17253895931,580,2,3,8,8,4.941,0,0,0.11 | 0.16 | 0.31,0,2.08 | 2.76 | 3.69,0,1.08 | 1.45 | 1.92,0.927,0.000,0,1,0,0,0,0,-1,0,0,0,,0,,0,,0,0,927.25,0,1
17253895932,580,2,3,8,8,4.941,0,0,0.11 | 0.16 | 0.31,0,2.08 | 2.76 | 3.69,0,1.08 | 1.45 | 1.92,0.927,0.000,0,1,0,0,0,0,-1,0,0,0,,0,,0,,0,0,927.25,0,1
17253895933,580,2,3,8,8,4.941,0,0,0.11 | 0.16 | 0.31,0,2.08 | 2.76 | 3.69,0,1.08 | 1.45 | 1.92,0.927,0.000,0,1,0,0,0,0,-1,0,0,0,,0,,0,,0,0,927.25,0,1
17253895934,580,2,3,8,8,4.941,0,0,0.11 | 0.16 | 0.31,0,2.08 | 2.76 | 3.69,0,1.08 | 1.45 | 1.92,0.927,0.000,0,1,0,0,0,0,-1,0,0,0,,0,,0,,0,0,927.25,0,1
17253895935,580,2,3,8,8,4.941,0,0,0.11 | 0.16 | 0.31,0,2.08 | 2.76 | 3.69,0,1.08 | 1.45 | 1.92,0.927,0.000,0,1,0,0,0,0,-1,0,0,0,,0,,0,,0,0,927.25,0,1
17253895936,580,2,3,8,8,4.941,0,0,0.11 | 0.16 | 0.31,0,2.08 | 2.76 | 3.69,0,1.08 | 1.45 | 1.92,0.927,0.000,0,1,0,0,0,0,-1,0,0,0,,0,,0,,0,0,927.25,0,1
17253895937,580,2,3,8,8,4.941,0,0,0.11 | 0.16 | 0.31,0,2.08 | 2.76 | 3.69,0,1.08 | 1.45 | 1.92,0.927,0.000,0,1,0,0,0,0,-1,0,0,0,,0,,0,,0,0,927.25,0,1
17253895938,580,2,3,8,8,4.941,0,0,0.11 | 0.16 | 0.31,0,2.08 | 2.76 | 3.69,0,1.08 | 1.45 | 1.92,0.927,0.000,0,1,0,0,0,0,-1,0,0,0,,0,,0,,0,0,927.25,0,1
17253895939,580,2,3,8,8,7.078,0,0,0.11 | 0.16 | 0.31,0,1.95 | 2.73 | 3.69,0,1.08 | 1.47 | 2.05,0.927,0.000,0,1,0,0,0,0,-1,0,0,0,,0,,0,,0,0,927.25,0,1
17253895940,580,2,3,8,8,7.078,0,0,0.11 | 0.16 | 0.31,0,1.95 | 2.73 | 3.69,0,1.08 | 1.47 | 2.05,0.927,0.000,0,1,0,0,0,0,-1,0,0,0,,0,,0,,0,0,927.25,0,1
17253895941,580,2,3,8,8,7.078,0,0,0.11 | 0.16 | 0.31,0,1.95 | 2.73 | 3.69,0,1.08 | 1.47 | 2.05,0.927,0.000,0,1,0,0,0,0,-1,0,0,0,,0,,0,,0,0,927.25,0,1
17253895942,580,2,3,8,8,7.078,0,0,0.11 | 0.16 | 0.31,0,1.95 | 2.73 | 3.69,0,1.08 | 1.47 | 2.05,0.927,0.000,0,1,0,0,0,0,-1,0,0,0,,0,,0,,0,0,927.25,0,1
17253895943,580,2,3,8,8,7.078,0,0,0.11 | 0.16 | 0.31,0,1.95 | 2.73 | 3.69,0,1.08 | 1.47 | 2.05,0.927,0.000,0,1,0,0,0,0,-1,0,0,0,,0,,0,,0,0,927.25,0,1
17253895944,580,2,3,8,8,7.078,0,0,0.11 | 0.16 | 0.31,0,1.95 | 2.73 | 3.69,0,1.08 | 1.47 | 2.05,0.927,0.000,0,1,0,0,0,0,-1,0,0,0,,0,,0,,0,0,927.25,0,1
17253895945,580,2,3,8,8,7.078,0,0,0.11 | 0.16 | 0.31,0,1.95 | 2.73 | 3.69,0,1.08 | 1.47 | 2.05,0.927,0.000,0,1,0,0,0,0,-1,0,0,0,,0,,0,,0,0,927.25,0,1
17253895946,580,2,3,8,8,7.078,0,0,0.11 | 0.16 | 0.31,0,1.95 | 2.73 | 3.69,0,1.08 | 1.47 | 2.05,0.927,0.000,0,1,0,0,0,0,-1,0,0,0,,0,,0,,0,0,927.25,0,1
17253895947,580,2,3,8,8,7.078,0,0,0.11 | 0.16 | 0.31,0,1.95 | 2.73 | 3.69,0,1.08 | 1.47 | 2.05,0.927,0.000,0,1,0,0,0,0,-1,0,0,0,,0,,0,,0,0,927.25,0,1
17253895948,580,2,3,8,8,7.078,0,0,0.11 | 0.16 | 0.31,0,1.95 | 2.73 | 3.69,0,1.08 | 1.47 | 2.05,0.927,0.000,0,1,0,0,0,0,-1,0,0,0,,0,,0,,0,0,927.25,0,1
17253895949,580,2,3,8,8,6.016,0,0,0.11 | 0.16 | 0.31,0,1.95 | 2.73 | 3.69,0,1.08 | 1.47 | 2.05,0.927,0.000,0,1,0,0,0,0,-1,0,0,0,,0,,0,,0,0,927.25,0,1
17253895950,580,2,3,8,8,6.016,0,0,0.11 | 0.16 | 0.31,0,1.95 | 2.73 | 3.69,0,1.08 | 1.47 | 2.05,0.927,0.000,0,1,0,0,0,0,-1,0,0,0,,0,,0,,0,0,927.25,0,1
17253895951,580,2,3,8,8,6.016,0,0,0.11 | 0.16 | 0.31,0,1.95 | 2.73 | 3.69,0,1.08 | 1.47 | 2.05,0.927,0.000,0,1,0,0,0,0,-1,0,0,0,,0,,0,,0,0,927.25,0,1
17253895952,580,2,3,8,8,6.016,0,0,0.11 | 0.16 | 0.31,0,1.95 | 2.73 | 3.69,0,1.08 | 1.47 | 2.05,0.927,0.000,0,1,0,0,0,0,-1,0,0,0,,0,,0,,0,0,927.25,0,1
17253895953,580,2,3,8,8,6.016,0,0,0.11 | 0.16 | 0.31,0,1.95 | 2.73 | 3.69,0,1.08 | 1.47 | 2.05,0.927,0.000,0,1,0,0,0,0,-1,0,0,0,,0,,0,,0,0,927.25,0,1
17253895954,580,2,3,8,8,6.016,0,0,0.11 | 0.16 | 0.31,0,1.95 | 2.73 | 3.69,0,1.08 | 1.47 | 2.05,0.927,0.000,0,1,0,0,0,0,-1,0,0,0,,0,,0,,0,0,927.25,0,1
17253895955,580,2,3,8,8,6.016,0,0,0.11 | 0.16 | 0.31,0,1.95 | 2.73 | 3.69,0,1.08 | 1.47 | 2.05,0.927,0.000,0,1,0,0,0,0,-1,0,0,0,,0,,0,,0,0,927.25,0,1
17253895956,580,2,3,8,8,6.016,0,0,0.11 | 0.16 | 0.31,0,1.95 | 2.73 | 3.69,0,1.08 | 1.47 | 2.05,0.927,0.000,0,1,0,0,0,0,-1,0,0,0,,0,,0,,0,0,927.25,0,1
17253895957,580,2,3,8,8,6.016,0,0,0.11 | 0.16 | 0.31,0,1.95 | 2.73 | 3.69,0,1.08 | 1.47 | 2.05,0.927,0.000,0,1,0,0,0,0,-1,0,0,0,,0,,0,,0,0,927.25,0,1
17253895958,580,2,3,8,8,6.016,0,0,0.11 | 0.16 | 0.31,0,1.95 | 2.73 | 3.69,0,1.08 | 1.47 | 2.05,0.927,0.000,0,1,0,0,0,0,-1,0,0,0,,0,,0,,0,0,927.25,0,1
17253895959,580,2,3,8,8,4.953,0,0,0.11 | 0.16 | 0.31,0,1.95 | 2.73 | 3.69,0,1.08 | 1.47 | 2.05,0.927,0.000,0,1,0,0,0,0,-1,0,0,0,,0,,0,,0,0,927.25,0,1
17253895960,580,2,3,8,8,4.953,0,0,0.11 | 0.16 | 0.31,0,1.95 | 2.73 | 3.69,0,1.08 | 1.47 | 2.05,0.927,0.000,0,1,0,0,0,0,-1,0,0,0,,0,,0,,0,0,927.25,0,1
17253895961,580,2,3,8,8,4.953,0,0,0.11 | 0.16 | 0.31,0,1.95 | 2.73 | 3.69,0,1.08 | 1.47 | 2.05,0.927,0.000,0,1,0,0,0,0,-1,0,0,0,,0,,0,,0,0,927.25,0,1
17253895962,580,2,3,8,8,4.953,0,0,0.11 | 0.16 | 0.31,0,1.95 | 2.73 | 3.69,0,1.08 | 1.47 | 2.05,0.927,0.000,0,1,0,0,0,0,-1,0,0,0,,0,,0,,0,0,927.25,0,1
17253895963,580,2,3,8,8,4.953,0,0,0.11 | 0.16 | 0.31,0,1.95 | 2.73 | 3.69,0,1.08 | 1.47 | 2.05,0.927,0.000,0,1,0,0,0,0,-1,0,0,0,,0,,0,,0,0,920,0,1
17253895964,580,2,3,8,8,4.953,0,0,0.11 | 0.16 | 0.31,0,1.95 | 2.73 | 3.69,0,1.08 | 1.47 | 2.05,0.927,0.000,0,1,0,0,0,0,-1,0,0,0,,0,,0,,0,0,920,0,1
17253895965,580,2,3,8,8,4.953,0,0,0.11 | 0.16 | 0.31,0,1.95 | 2.73 | 3.69,0,1.08 | 1.47 | 2.05,0.927,0.000,0,1,0,0,0,0,-1,0,0,0,,0,,0,,0,0,920,0,1
17253895966,580,2,3,8,8,4.953,0,0,0.11 | 0.16 | 0.31,0,1.95 | 2.73 | 3.69,0,1.08 | 1.47 | 2.05,0.927,0.000,0,1,0,0,0,0,-1,0,0,0,,0,,0,,0,0,920,0,1
17253895967,580,2,3,8,8,4.953,0,0,0.11 | 0.16 | 0.31,0,1.95 | 2.73 | 3.69,0,1.08 | 1.47 | 2.05,0.927,0.000,0,1,0,0,0,0,-1,0,0,0,,0,,0,,0,0,920,0,1
17253895968,580,2,3,8,8,4.953,0,0,0.11 | 0.16 | 0.31,0,1.95 | 2.73 | 3.69,0,1.08 | 1.47 | 2.05,0.927,0.000,0,1,0,0,0,0,-1,0,0,0,,0,,0,,0,0,920,0,1
17253895969,580,3,3,8,8,8.713,0,0,0.10 | 0.16 | 0.31,0,1.95 | 2.54 | 2.94,0,1.36 | 1.58 | 2.05,0.920,0.000,0,1,0,0,0,0,-1,0,0,0,,0,,0,,0,0,920,0,1
17253895970,580,3,3,8,8,8.713,0,0,0.10 | 0.16 | 0.31,0,1.95 | 2.54 | 2.94,0,1.36 | 1.58 | 2.05,0.920,0.000,0,1,0,0,0,0,-1,0,0,0,,0,,0,,0,0,920,0,1
17253895971,580,3,3,8,8,8.713,0,0,0.10 | 0.16 | 0.31,0,1.95 | 2.54 | 2.94,0,1.36 | 1.58 | 2.05,0.920,0.000,0,1,0,0,0,0,-1,0,0,0,,0,,0,,0,0,920,0,1
17253895972,580,3,3,8,8,8.713,0,0,0.10 | 0.16 | 0.31,0,1.95 | 2.54 | 2.94,0,1.36 | 1.58 | 2.05,0.920,0.000,0,1,0,0,0,0,-1,0,0,0,,0,,0,,0,0,920,0,1
17253895973,580,3,3,8,8,8.713,0,0,0.10 | 0.16 | 0.31,0,1.95 | 2.54 | 2.94,0,1.36 | 1.58 | 2.05,0.920,0.000,0,1,0,0,0,0,-1,0,0,0,,0,,0,,0,0,920,0,1
17253895974,580,3,3,8,8,8.713,0,0,0.10 | 0.16 | 0.31,0,1.95 | 2.54 | 2.94,0,1.36 | 1.58 | 2.05,0.920,0.000,0,1,0,0,0,0,-1,0,0,0,,0,,0,,0,0,920,0,1
17253895975,580,3,3,8,8,8.713,0,0,0.10 | 0.16 | 0.31,0,1.95 | 2.54 | 2.94,0,1.36 | 1.58 | 2.05,0.920,0.000,0,1,0,0,0,0,-1,0,0,0,,0,,0,,0,0,920,0,1
17253895976,580,3,3,8,8,8.713,0,0,0.10 | 0.16 | 0.31,0,1.95 | 2.54 | 2.94,0,1.36 | 1.58 | 2.05,0.920,0.000,0,1,0,0,0,0,-1,0,0,0,,0,,0,,0,0,920,0,1
17253895977,580,3,3,8,8,8.713,0,0,0.10 | 0.16 | 0.31,0,1.95 | 2.54 | 2.94,0,1.36 | 1.58 | 2.05,0.920,0.000,0,1,0,0,0,0,-1,0,0,0,,0,,0,,0,0,920,0,1
17253895978,580,3,3,8,8,8.713,0,0,0.10 | 0.16 | 0.31,0,1.95 | 2.54 | 2.94,0,1.36 | 1.58 | 2.05,0.920,0.000,0,1,0,0,0,0,-1,0,0,0,,0,,0,,0,0,920,0,1
17253895979,580,3,3,8,8,7.894,0,0,0.10 | 0.16 | 0.31,0,1.95 | 2.54 | 2.94,0,1.36 | 1.58 | 2.05,0.920,0.000,0,1,0,0,0,0,-1,0,0,0,,0,,0,,0,0,920,0,1
17253895980,580,3,3,8,8,7.894,0,0,0.10 | 0.16 | 0.31,0,1.95 | 2.54 | 2.94,0,1.36 | 1.58 | 2.05,0.920,0.000,0,1,0,0,0,0,-1,0,0,0,,0,,0,,0,0,920,0,1
17253895981,580,3,3,8,8,7.894,0,0,0.10 | 0.16 | 0.31,0,1.95 | 2.54 | 2.94,0,1.36 | 1.58 | 2.05,0.920,0.000,0,1,0,0,0,0,-1,0,0,0,,0,,0,,0,0,920,0,1
17253895982,580,3,3,8,8,7.894,0,0,0.10 | 0.16 | 0.31,0,1.95 | 2.54 | 2.94,0,1.36 | 1.58 | 2.05,0.920,0.000,0,1,0,0,0,0,-1,0,0,0,,0,,0,,0,0,910.5,0,1
17253895983,580,3,3,8,8,7.894,0,0,0.10 | 0.16 | 0.31,0,1.95 | 2.54 | 2.94,0,1.36 | 1.58 | 2.05,0.920,0.000,0,1,0,0,0,0,-1,0,0,0,,0,,0,,0,0,910.5,0,1
17253895984,580,3,3,8,8,7.894,0,0,0.10 | 0.16 | 0.31,0,1.95 | 2.54 | 2.94,0,1.36 | 1.58 | 2.05,0.920,0.000,0,1,0,0,0,0,-1,0,0,0,,0,,0,,0,0,910.5,0,1
17253895985,580,3,3,8,8,7.894,0,0,0.10 | 0.16 | 0.31,0,1.95 | 2.54 | 2.94,0,1.36 | 1.58 | 2.05,0.920,0.000,0,1,0,0,0,0,-1,0,0,0,,0,,0,,0,0,910.5,0,1
17253895986,580,3,3,8,8,7.894,0,0,0.10 | 0.16 | 0.31,0,1.95 | 2.54 | 2.94,0,1.36 | 1.58 | 2.05,0.920,0.000,0,1,0,0,0,0,-1,0,0,0,,0,,0,,0,0,910.5,0,1
17253895987,580,3,3,8,8,7.894,0,0,0.10 | 0.16 | 0.31,0,1.95 | 2.54 | 2.94,0,1.36 | 1.58 | 2.05,0.920,0.000,0,1,0,0,0,0,-1,0,0,0,,0,,0,,0,0,910.5,0,1
17253895988,580,3,3,8,8,7.894,0,0,0.10 | 0.16 | 0.31,0,1.95 | 2.54 | 2.94,0,1.36 | 1.58 | 2.05,0.920,0.000,0,1,0,0,0,0,-1,0,0,0,,0,,0,,0,0,910.5,0,1
17253895989,580,3,3,8,8,10.032,0,0,0.10 | 0.16 | 0.31,0,1.77 | 2.29 | 2.94,0,1.36 | 1.75 | 2.26,0.910,0.000,0,1,0,0,0,0,-1,0,0,0,,0,,0,,0,0,910.5,0,1
17253895990,580,3,3,8,8,10.032,0,0,0.10 | 0.16 | 0.31,0,1.77 | 2.29 | 2.94,0,1.36 | 1.75 | 2.26,0.910,0.000,0,1,0,0,0,0,-1,0,0,0,,0,,0,,0,0,910.5,0,1
17253895991,580,3,3,8,8,10.032,0,0,0.10 | 0.16 | 0.31,0,1.77 | 2.29 | 2.94,0,1.36 | 1.75 | 2.26,0.910,0.000,0,1,0,0,0,0,-1,0,0,0,,0,,0,,0,0,910.5,0,1
17253895992,580,3,3,8,8,10.032,0,0,0.10 | 0.16 | 0.31,0,1.77 | 2.29 | 2.94,0,1.36 | 1.75 | 2.26,0.910,0.000,0,1,0,0,0,0,-1,0,0,0,,0,,0,,0,0,910.5,0,1
17253895993,580,3,3,8,8,10.032,0,0,0.10 | 0.16 | 0.31,0,1.77 | 2.29 | 2.94,0,1.36 | 1.75 | 2.26,0.910,0.000,0,1,0,0,0,0,-1,0,0,0,,0,,0,,0,0,910.5,0,1
17253895994,580,3,3,8,8,10.032,0,0,0.10 | 0.16 | 0.31,0,1.77 | 2.29 | 2.94,0,1.36 | 1.75 | 2.26,0.910,0.000,0,1,0,0,0,0,-1,0,0,0,,0,,0,,0,0,910.5,0,1
17253895995,580,3,3,8,8,10.032,0,0,0.10 | 0.16 | 0.31,0,1.77 | 2.29 | 2.94,0,1.36 | 1.75 | 2.26,0.910,0.000,0,1,0,0,0,0,-1,0,0,0,,0,,0,,0,0,910.5,0,1
17253895996,580,3,3,8,8,10.032,0,0,0.10 | 0.16 | 0.31,0,1.77 | 2.29 | 2.94,0,1.36 | 1.75 | 2.26,0.910,0.000,0,1,0,0,0,0,-1,0,0,0,,0,,0,,0,0,910.5,0,1
17253895997,580,3,3,8,8,10.032,0,0,0.10 | 0.16 | 0.31,0,1.77 | 2.29 | 2.94,0,1.36 | 1.75 | 2.26,0.910,0.000,0,1,0,0,0,0,-1,0,0,0,,0,,0,,0,0,910.5,0,1
17253895998,580,3,3,8,8,10.032,0,0,0.10 | 0.16 | 0.31,0,1.77 | 2.29 | 2.94,0,1.36 | 1.75 | 2.26,0.910,0.000,0,1,0,0,0,0,-1,0,0,0,,0,,0,,0,0,910.5,0,1
17253895999,580,3,3,8,8,8.969,0,0,0.10 | 0.16 | 0.31,0,1.77 | 2.29 | 2.94,0,1.36 | 1.75 | 2.26,0.910,0.000,0,1,0,0,0,0,-1,0,0,0,,0,,0,,0,0,910.5,0,1
17253896000,580,3,3,8,8,8.969,0,0,0.10 | 0.16 | 0.31,0,1.77 | 2.29 | 2.94,0,1.36 | 1.75 | 2.26,0.910,0.000,0,1,0,0,0,0,-1,0,0,0,,0,,0,,0,0,910.5,0,1
17253896001,580,3,3,8,8,8.969,0,0,0.10 | 0.16 | 0.31,0,1.77 | 2.29 | 2.94,0,1.36 | 1.75 | 2.26,0.910,0.000,0,1,0,0,0,0,-1,0,0,0,,0,,0,,0,0,910.5,0,1
17253896002,580,3,3,8,8,8.969,0,0,0.10 | 0.16 | 0.31,0,1.77 | 2.29 | 2.94,0,1.36 | 1.75 | 2.26,0.910,0.000,0,1,0,0,0,0,-1,0,0,0,,0,,0,,0,0,910.5,0,1
17253896003,580,3,3,8,8,8.969,0,0,0.10 | 0.16 | 0.31,0,1.77 | 2.29 | 2.94,0,1.36 | 1.75 | 2.26,0.910,0.000,0,1,0,0,0,0,-1,0,0,0,,0,,0,,0,0,910.5,0,1
17253896004,580,3,3,8,8,8.969,0,0,0.10 | 0.16 | 0.31,0,1.77 | 2.29 | 2.94,0,1.36 | 1.75 | 2.26,0.910,0.000,0,1,0,0,0,0,-1,0,0,0,,0,,0,,0,0,910.5,0,1
17253896005,580,3,3,8,8,8.969,0,0,0.10 | 0.16 | 0.31,0,1.77 | 2.29 | 2.94,0,1.36 | 1.75 | 2.26,0.910,0.000,0,1,0,0,0,0,-1,0,0,0,,0,,0,,0,0,910.5,0,1
17253896006,580,3,3,8,8,8.969,0,0,0.10 | 0.16 | 0.31,0,1.77 | 2.29 | 2.94,0,1.36 | 1.75 | 2.26,0.910,0.000,0,1,0,0,0,0,-1,0,0,0,,0,,0,,0,0,910.5,0,1
17253896007,580,3,3,8,8,8.969,0,0,0.10 | 0.16 | 0.31,0,1.77 | 2.29 | 2.94,0,1.36 | 1.75 | 2.26,0.910,0.000,0,1,0,0,0,0,-1,0,0,0,,0,,0,,0,0,910.5,0,1
17253896008,580,3,3,8,8,8.969,0,0,0.10 | 0.16 | 0.31,0,1.77 | 2.29 | 2.94,0,1.36 | 1.75 | 2.26,0.910,0.000,0,1,0,0,0,0,-1,0,0,0,,0,,0,,0,0,910.5,0,1
17253896009,580,3,3,8,8,8.172,0,0,0.10 | 0.16 | 0.31,0,1.77 | 2.29 | 2.94,0,1.36 | 1.75 | 2.26,0.910,0.000,0,1,0,0,0,0,-1,0,0,0,,0,,0,,0,0,910.5,0,1
17253896010,580,3,3,8,8,8.172,0,0,0.10 | 0.16 | 0.31,0,1.77 | 2.29 | 2.94,0,1.36 | 1.75 | 2.26,0.910,0.000,0,1,0,0,0,0,-1,0,0,0,,0,,0,,0,0,910.5,0,1
17253896011,580,3,3,8,8,8.172,0,0,0.10 | 0.16 | 0.31,0,1.77 | 2.29 | 2.94,0,1.36 | 1.75 | 2.26,0.910,0.000,0,1,0,0,0,0,-1,0,0,0,,0,,0,,0,0,910.5,0,1
17253896012,580,3,3,8,8,8.172,0,0,0.10 | 0.16 | 0.31,0,1.77 | 2.29 | 2.94,0,1.36 | 1.75 | 2.26,0.910,0.000,0,1,0,0,0,0,-1,0,0,0,,0,,0,,0,0,910.5,0,1
17253896013,580,3,3,8,8,8.172,0,0,0.10 | 0.16 | 0.31,0,1.77 | 2.29 | 2.94,0,1.36 | 1.75 | 2.26,0.910,0.000,0,1,0,0,0,0,-1,0,0,0,,0,,0,,0,0,910.5,0,1
17253896014,580,3,3,8,8,8.172,0,0,0.10 | 0.16 | 0.31,0,1.77 | 2.29 | 2.94,0,1.36 | 1.75 | 2.26,0.910,0.000,0,1,0,0,0,0,-1,0,0,0,,0,,0,,0,0,910.5,0,1
17253896015,580,3,3,8,8,8.172,0,0,0.10 | 0.16 | 0.31,0,1.77 | 2.29 | 2.94,0,1.36 | 1.75 | 2.26,0.910,0.000,0,1,0,0,0,0,-1,0,0,0,,0,,0,,0,0,910.5,0,1
17253896016,580,3,3,8,8,8.172,0,0,0.10 | 0.16 | 0.31,0,1.77 | 2.29 | 2.94,0,1.36 | 1.75 | 2.26,0.910,0.000,0,1,0,0,0,0,-1,0,0,0,,0,,0,,0,0,910.5,0,1
17253896017,580,3,3,8,8,8.172,0,0,0.10 | 0.16 | 0.31,0,1.77 | 2.29 | 2.94,0,1.36 | 1.75 | 2.26,0.910,0.000,0,1,0,0,0,0,-1,0,0,0,,0,,0,,0,0,921,0,1
17253896018,580,3,3,8,8,8.172,0,0,0.10 | 0.16 | 0.31,0,1.77 | 2.29 | 2.94,0,1.36 | 1.75 | 2.26,0.910,0.000,0,1,0,0,0,0,-1,0,0,0,,0,,0,,0,0,921,0,1
17253896019,580,3,3,8,8,11.878,0,0,0.10 | 0.11 | 0.11,0,1.77 | 2.52 | 3.40,0,1.18 | 1.59 | 2.26,0.921,0.000,0,1,0,0,0,0,-1,0,0,0,,0,,0,,0,0,921,0,1
17253896020,580,3,3,8,8,11.878,0,0,0.10 | 0.11 | 0.11,0,1.77 | 2.52 | 3.40,0,1.18 | 1.59 | 2.26,0.921,0.000,0,1,0,0,0,0,-1,0,0,0,,0,,0,,0,0,921,0,1
17253896021,580,3,3,8,8,11.878,0,0,0.10 | 0.11 | 0.11,0,1.77 | 2.52 | 3.40,0,1.18 | 1.59 | 2.26,0.921,0.000,0,1,0,0,0,0,-1,0,0,0,,0,,0,,0,0,921,0,1
17253896022,580,3,3,8,8,11.878,0,0,0.10 | 0.11 | 0.11,0,1.77 | 2.52 | 3.40,0,1.18 | 1.59 | 2.26,0.921,0.000,0,1,0,0,0,0,-1,0,0,0,,0,,0,,0,0,921,0,1
17253896023,580,3,3,8,8,11.878,0,0,0.10 | 0.11 | 0.11,0,1.77 | 2.52 | 3.40,0,1.18 | 1.59 | 2.26,0.921,0.000,0,1,0,0,0,0,-1,0,0,0,,0,,0,,0,0,921,0,1
17253896024,580,3,3,8,8,11.878,0,0,0.10 | 0.11 | 0.11,0,1.77 | 2.52 | 3.40,0,1.18 | 1.59 | 2.26,0.921,0.000,0,1,0,0,0,0,-1,0,0,0,,0,,0,,0,0,921,0,1
17253896025,580,3,3,8,8,11.878,0,0,0.10 | 0.11 | 0.11,0,1.77 | 2.52 | 3.40,0,1.18 | 1.59 | 2.26,0.921,0.000,0,1,0,0,0,0,-1,0,0,0,,0,,0,,0,0,921,0,1
17253896026,580,3,3,8,8,11.878,0,0,0.10 | 0.11 | 0.11,0,1.77 | 2.52 | 3.40,0,1.18 | 1.59 | 2.26,0.921,0.000,0,1,0,0,0,0,-1,0,0,0,,0,,0,,0,0,921,0,1
17253896027,580,3,3,8,8,11.878,0,0,0.10 | 0.11 | 0.11,0,1.77 | 2.52 | 3.40,0,1.18 | 1.59 | 2.26,0.921,0.000,0,1,0,0,0,0,-1,0,0,0,,0,,0,,0,0,921,0,1
17253896028,580,3,3,8,8,11.878,0,0,0.10 | 0.11 | 0.11,0,1.77 | 2.52 | 3.40,0,1.18 | 1.59 | 2.26,0.921,0.000,0,1,0,0,0,0,-1,0,0,0,,0,,0,,0,0,921,0,1
17253896029,580,3,3,8,8,10.847,0,0,0.10 | 0.11 | 0.11,0,1.77 | 2.52 | 3.40,0,1.18 | 1.59 | 2.26,0.921,0.000,0,1,0,0,0,0,-1,0,0,0,,0,,0,,0,0,921,0,1
17253896030,580,3,3,8,8,10.847,0,0,0.10 | 0.11 | 0.11,0,1.77 | 2.52 | 3.40,0,1.18 | 1.59 | 2.26,0.921,0.000,0,1,0,0,0,0,-1,0,0,0,,0,,0,,0,0,921,0,1
17253896031,580,3,3,8,8,10.847,0,0,0.10 | 0.11 | 0.11,0,1.77 | 2.52 | 3.40,0,1.18 | 1.59 | 2.26,0.921,0.000,0,1,0,0,0,0,-1,0,0,0,,0,,0,,0,0,921,0,1
17253896032,580,3,3,8,8,10.847,0,0,0.10 | 0.11 | 0.11,0,1.77 | 2.52 | 3.40,0,1.18 | 1.59 | 2.26,0.921,0.000,0,1,0,0,0,0,-1,0,0,0,,0,,0,,0,0,921,0,1
17253896033,580,3,3,8,8,10.847,0,0,0.10 | 0.11 | 0.11,0,1.77 | 2.52 | 3.40,0,1.18 | 1.59 | 2.26,0.921,0.000,0,1,0,0,0,0,-1,0,0,0,,0,,0,,0,0,921,0,1
17253896034,580,3,3,8,8,10.847,0,0,0.10 | 0.11 | 0.11,0,1.77 | 2.52 | 3.40,0,1.18 | 1.59 | 2.26,0.921,0.000,0,1,0,0,0,0,-1,0,0,0,,0,,0,,0,0,921,0,1
17253896035,580,3,3,8,8,10.847,0,0,0.10 | 0.11 | 0.11,0,1.77 | 2.52 | 3.40,0,1.18 | 1.59 | 2.26,0.921,0.000,0,1,0,0,0,0,-1,0,0,0,,0,,0,,0,0,921,0,1
17253896036,580,3,3,8,8,10.847,0,0,0.10 | 0.11 | 0.11,0,1.77 | 2.52 | 3.40,0,1.18 | 1.59 | 2.26,0.921,0.000,0,1,0,0,0,0,-1,0,0,0,,0,,0,,0,0,921,0,1
17253896037,580,3,3,8,8,10.847,0,0,0.10 | 0.11 | 0.11,0,1.77 | 2.52 | 3.40,0,1.18 | 1.59 | 2.26,0.921,0.000,0,1,0,0,0,0,-1,0,0,0,,0,,0,,0,0,921,0,1
17253896038,580,3,3,8,8,10.847,0,0,0.10 | 0.11 | 0.11,0,1.77 | 2.52 | 3.40,0,1.18 | 1.59 | 2.26,0.921,0.000,0,1,0,0,0,0,-1,0,0,0,,0,,0,,0,0,921,0,1
17253896039,580,3,3,8,8,9.785,0,0,0.10 | 0.11 | 0.11,0,1.77 | 2.52 | 3.40,0,1.18 | 1.59 | 2.26,0.921,0.000,0,1,0,0,0,0,-1,0,0,0,,0,,0,,0,0,921,0,1
17253896040,580,3,3,8,8,9.785,0,0,0.10 | 0.11 | 0.11,0,1.77 | 2.52 | 3.40,0,1.18 | 1.59 | 2.26,0.921,0.000,0,1,0,0,0,0,-1,0,0,0,,0,,0,,0,0,921,0,1
17253896041,580,3,3,8,8,9.785,0,0,0.10 | 0.11 | 0.11,0,1.77 | 2.52 | 3.40,0,1.18 | 1.59 | 2.26,0.921,0.000,0,1,0,0,0,0,-1,0,0,0,,0,,0,,0,0,920.75,0,1
17253896042,580,3,3,8,8,9.785,0,0,0.10 | 0.11 | 0.11,0,1.77 | 2.52 | 3.40,0,1.18 | 1.59 | 2.26,0.921,0.000,0,1,0,0,0,0,-1,0,0,0,,0,,0,,0,0,920.75,0,1
17253896043,580,3,3,8,8,9.785,0,0,0.10 | 0.11 | 0.11,0,1.77 | 2.52 | 3.40,0,1.18 | 1.59 | 2.26,0.921,0.000,0,1,0,0,0,0,-1,0,0,0,,0,,0,,0,0,920.75,0,1
17253896044,580,3,3,8,8,9.785,0,0,0.10 | 0.11 | 0.11,0,1.77 | 2.52 | 3.40,0,1.18 | 1.59 | 2.26,0.921,0.000,0,1,0,0,0,0,-1,0,0,0,,0,,0,,0,0,920.75,0,1
17253896045,580,3,3,8,8,9.785,0,0,0.10 | 0.11 | 0.11,0,1.77 | 2.52 | 3.40,0,1.18 | 1.59 | 2.26,0.921,0.000,0,1,0,0,0,0,-1,0,0,0,,0,,0,,0,0,920.75,0,1
17253896046,580,3,3,8,8,9.785,0,0,0.10 | 0.11 | 0.11,0,1.77 | 2.52 | 3.40,0,1.18 | 1.59 | 2.26,0.921,0.000,0,1,0,0,0,0,-1,0,0,0,,0,,0,,0,0,920.75,0,1
17253896047,580,3,3,8,8,9.785,0,0,0.10 | 0.11 | 0.11,0,1.77 | 2.52 | 3.40,0,1.18 | 1.59 | 2.26,0.921,0.000,0,1,0,0,0,0,-1,0,0,0,,0,,0,,0,0,920.75,0,1
17253896048,580,3,3,8,8,9.785,0,0,0.10 | 0.11 | 0.11,0,1.77 | 2.52 | 3.40,0,1.18 | 1.59 | 2.26,0.921,0.000,0,1,0,0,0,0,-1,0,0,0,,0,,0,,0,0,920.75,0,1
17253896049,580,3,3,8,8,11.922,0,0,0.10 | 0.11 | 0.11,0,1.77 | 2.58 | 3.40,0,1.18 | 1.55 | 2.26,0.921,0.000,0,1,0,0,0,0,-1,0,0,0,,0,,0,,0,0,920.75,0,1
17253896050,580,3,3,8,8,11.922,0,0,0.10 | 0.11 | 0.11,0,1.77 | 2.58 | 3.40,0,1.18 | 1.55 | 2.26,0.921,0.000,0,1,0,0,0,0,-1,0,0,0,,0,,0,,0,0,920.75,0,1
17253896051,580,3,3,8,8,11.922,0,0,0.10 | 0.11 | 0.11,0,1.77 | 2.58 | 3.40,0,1.18 | 1.55 | 2.26,0.921,0.000,0,1,0,0,0,0,-1,0,0,0,,0,,0,,0,0,920.75,0,1
17253896052,580,3,3,8,8,11.922,0,0,0.10 | 0.11 | 0.11,0,1.77 | 2.58 | 3.40,0,1.18 | 1.55 | 2.26,0.921,0.000,0,1,0,0,0,0,-1,0,0,0,,0,,0,,0,0,920.75,0,1
17253896053,580,3,3,8,8,11.922,0,0,0.10 | 0.11 | 0.11,0,1.77 | 2.58 | 3.40,0,1.18 | 1.55 | 2.26,0.921,0.000,0,1,0,0,0,0,-1,0,0,0,,0,,0,,0,0,920.75,0,1
17253896054,580,3,3,8,8,11.922,0,0,0.10 | 0.11 | 0.11,0,1.77 | 2.58 | 3.40,0,1.18 | 1.55 | 2.26,0.921,0.000,0,1,0,0,0,0,-1,0,0,0,,0,,0,,0,0,920.75,0,1
17253896055,580,3,3,8,8,11.922,0,0,0.10 | 0.11 | 0.11,0,1.77 | 2.58 | 3.40,0,1.18 | 1.55 | 2.26,0.921,0.000,0,1,0,0,0,0,-1,0,0,0,,0,,0,,0,0,920.75,0,1
17253896056,580,3,3,8,8,11.922,0,0,0.10 | 0.11 | 0.11,0,1.77 | 2.58 | 3.40,0,1.18 | 1.55 | 2.26,0.921,0.000,0,1,0,0,0,0,-1,0,0,0,,0,,0,,0,0,920.75,0,1
17253896057,580,3,3,8,8,11.922,0,0,0.10 | 0.11 | 0.11,0,1.77 | 2.58 | 3.40,0,1.18 | 1.55 | 2.26,0.921,0.000,0,1,0,0,0,0,-1,0,0,0,,0,,0,,0,0,920.75,0,1
17253896058,580,3,3,8,8,11.922,0,0,0.10 | 0.11 | 0.11,0,1.77 | 2.58 | 3.40,0,1.18 | 1.55 | 2.26,0.921,0.000,0,1,0,0,0,0,-1,0,0,0,,0,,0,,0,0,920.75,0,1
17253896059,580,3,3,8,8,11.125,0,0,0.10 | 0.11 | 0.11,0,1.77 | 2.58 | 3.40,0,1.18 | 1.55 | 2.26,0.921,0.000,0,1,0,0,0,0,-1,0,0,0,,0,,0,,0,0,920.75,0,1
17253896060,580,3,3,8,8,11.125,0,0,0.10 | 0.11 | 0.11,0,1.77 | 2.58 | 3.40,0,1.18 | 1.55 | 2.26,0.921,0.000,0,1,0,0,0,0,-1,0,0,0,,0,,0,,0,0,920.75,0,1
17253896061,580,3,3,8,8,11.125,0,0,0.10 | 0.11 | 0.11,0,1.77 | 2.58 | 3.40,0,1.18 | 1.55 | 2.26,0.921,0.000,0,1,0,0,0,0,-1,0,0,0,,0,,0,,0,0,920.75,0,1
17253896062,580,3,3,8,8,11.125,0,0,0.10 | 0.11 | 0.11,0,1.77 | 2.58 | 3.40,0,1.18 | 1.55 | 2.26,0.921,0.000,0,1,0,0,0,0,-1,0,0,0,,0,,0,,0,0,920.75,0,1
17253896063,580,3,3,8,8,11.125,0,0,0.10 | 0.11 | 0.11,0,1.77 | 2.58 | 3.40,0,1.18 | 1.55 | 2.26,0.921,0.000,0,1,0,0,0,0,-1,0,0,0,,0,,0,,0,0,920.75,0,1
17253896064,580,3,3,8,8,11.125,0,0,0.10 | 0.11 | 0.11,0,1.77 | 2.58 | 3.40,0,1.18 | 1.55 | 2.26,0.921,0.000,0,1,0,0,0,0,-1,0,0,0,,0,,0,,0,0,920.75,0,1
17253896065,580,3,3,8,8,11.125,0,0,0.10 | 0.11 | 0.11,0,1.77 | 2.58 | 3.40,0,1.18 | 1.55 | 2.26,0.921,0.000,0,1,0,0,0,0,-1,0,0,0,,0,,0,,0,0,920.75,0,1
17253896066,580,3,3,8,8,11.125,0,0,0.10 | 0.11 | 0.11,0,1.77 | 2.58 | 3.40,0,1.18 | 1.55 | 2.26,0.921,0.000,0,1,0,0,0,0,-1,0,0,0,,0,,0,,0,0,920.75,0,1
17253896067,580,3,3,8,8,11.125,0,0,0.10 | 0.11 | 0.11,0,1.77 | 2.58 | 3.40,0,1.18 | 1.55 | 2.26,0.921,0.000,0,1,0,0,0,0,-1,0,0,0,,0,,0,,0,0,920.75,0,1
17253896068,580,3,3,8,8,11.125,0,0,0.10 | 0.11 | 0.11,0,1.77 | 2.58 | 3.40,0,1.18 | 1.55 | 2.26,0.921,0.000,0,1,0,0,0,0,-1,0,0,0,,0,,0,,0,0,920.75,0,1
17253896069,580,3,3,8,8,9.913,0,0,0.10 | 0.11 | 0.11,0,1.77 | 2.58 | 3.40,0,1.18 | 1.55 | 2.26,0.921,0.000,0,1,0,0,0,0,-1,0,0,0,,0,,0,,0,0,920.75,0,1
17253896070,580,3,3,8,8,9.913,0,0,0.10 | 0.11 | 0.11,0,1.77 | 2.58 | 3.40,0,1.18 | 1.55 | 2.26,0.921,0.000,0,1,0,0,0,0,-1,0,0,0,,0,,0,,0,0,920.75,0,1
17253896071,580,3,3,8,8,9.913,0,0,0.10 | 0.11 | 0.11,0,1.77 | 2.58 | 3.40,0,1.18 | 1.55 | 2.26,0.921,0.000,0,1,0,0,0,0,-1,0,0,0,,0,,0,,0,0,920.75,0,1
17253896072,580,3,3,8,8,9.913,0,0,0.10 | 0.11 | 0.11,0,1.77 | 2.58 | 3.40,0,1.18 | 1.55 | 2.26,0.921,0.000,0,1,0,0,0,0,-1,0,0,0,,0,,0,,0,0,920.75,0,1
17253896073,580,3,3,8,8,9.913,0,0,0.10 | 0.11 | 0.11,0,1.77 | 2.58 | 3.40,0,1.18 | 1.55 | 2.26,0.921,0.000,0,1,0,0,0,0,-1,0,0,0,,0,,0,,0,0,920.75,0,1
17253896074,580,3,3,8,8,9.913,0,0,0.10 | 0.11 | 0.11,0,1.77 | 2.58 | 3.40,0,1.18 | 1.55 | 2.26,0.921,0.000,0,1,0,0,0,0,-1,0,0,0,,0,,0,,0,0,920.75,0,1
17253896075,580,3,3,8,8,9.913,0,0,0.10 | 0.11 | 0.11,0,1.77 | 2.58 | 3.40,0,1.18 | 1.55 | 2.26,0.921,0.000,0,1,0,0,0,0,-1,0,0,0,,0,,0,,0,0,920.75,0,1
17253896076,580,3,3,8,8,9.913,0,0,0.10 | 0.11 | 0.11,0,1.77 | 2.58 | 3.40,0,1.18 | 1.55 | 2.26,0.921,0.000,0,1,0,0,0,0,-1,0,0,0,,0,,0,,0,0,920.75,0,1
17253896077,580,3,3,8,8,9.913,0,0,0.10 | 0.11 | 0.11,0,1.77 | 2.58 | 3.40,0,1.18 | 1.55 | 2.26,0.921,0.000,0,1,0,0,0,0,-1,0,0,0,,0,,0,,0,0,920.75,0,1
17253896078,580,3,3,8,8,9.913,0,0,0.10 | 0.11 | 0.11,0,1.77 | 2.58 | 3.40,0,1.18 | 1.55 | 2.26,0.921,0.000,0,1,0,0,0,0,-1,0,0,0,,0,,0,,0,0,920.75,0,1
17253896079,580,3,3,8,8,9,0,0,0.10 | 0.11 | 0.11,0,1.77 | 2.58 | 3.40,0,1.18 | 1.55 | 2.26,0.921,0.000,0,1,0,0,0,0,-1,0,0,0,,0,,0,,0,0,920.75,0,1
17253896080,580,3,3,8,8,9,0,0,0.10 | 0.11 | 0.11,0,1.77 | 2.58 | 3.40,0,1.18 | 1.55 | 2.26,0.921,0.000,0,1,0,0,0,0,-1,0,0,0,,0,,0,,0,0,920.75,0,1
17253896081,580,3,3,8,8,9,0,0,0.10 | 0.11 | 0.11,0,1.77 | 2.58 | 3.40,0,1.18 | 1.55 | 2.26,0.921,0.000,0,1,0,0,0,0,-1,0,0,0,,0,,0,,0,0,920.75,0,1
17253896082,580,3,3,8,8,9,0,0,0.10 | 0.11 | 0.11,0,1.77 | 2.58 | 3.40,0,1.18 | 1.55 | 2.26,0.921,0.000,0,1,0,0,0,0,-1,0,0,0,,0,,0,,0,0,920.75,0,1
17253896083,580,3,3,8,8,9,0,0,0.10 | 0.11 | 0.11,0,1.77 | 2.58 | 3.40,0,1.18 | 1.55 | 2.26,0.921,0.000,0,1,0,0,0,0,-1,0,0,0,,0,,0,,0,0,935.5,0,1
17253896084,580,3,3,8,8,9,0,0,0.10 | 0.11 | 0.11,0,1.77 | 2.58 | 3.40,0,1.18 | 1.55 | 2.26,0.921,0.000,0,1,0,0,0,0,-1,0,0,0,,0,,0,,0,0,935.5,0,1
17253896085,580,3,3,8,8,9,0,0,0.10 | 0.11 | 0.11,0,1.77 | 2.58 | 3.40,0,1.18 | 1.55 | 2.26,0.921,0.000,0,1,0,0,0,0,-1,0,0,0,,0,,0,,0,0,935.5,0,1
17253896086,580,3,3,8,8,9,0,0,0.10 | 0.11 | 0.11,0,1.77 | 2.58 | 3.40,0,1.18 | 1.55 | 2.26,0.921,0.000,0,1,0,0,0,0,-1,0,0,0,,0,,0,,0,0,935.5,0,1
17253896087,580,3,3,8,8,9,0,0,0.10 | 0.11 | 0.11,0,1.77 | 2.58 | 3.40,0,1.18 | 1.55 | 2.26,0.921,0.000,0,1,0,0,0,0,-1,0,0,0,,0,,0,,0,0,935.5,0,1
17253896088,580,3,3,8,8,9,0,0,0.10 | 0.11 | 0.11,0,1.77 | 2.58 | 3.40,0,1.18 | 1.55 | 2.26,0.921,0.000,0,1,0,0,0,0,-1,0,0,0,,0,,0,,0,0,935.5,0,1
17253896089,580,3,3,8,8,12.738,0,0,0.10 | 0.16 | 0.32,0,1.77 | 2.58 | 3.40,0,1.18 | 1.55 | 2.26,0.935,0.000,0,1,0,0,0,0,-1,0,0,0,,0,,0,,0,0,935.5,0,1
17253896090,580,3,3,8,8,12.738,0,0,0.10 | 0.16 | 0.32,0,1.77 | 2.58 | 3.40,0,1.18 | 1.55 | 2.26,0.935,0.000,0,1,0,0,0,0,-1,0,0,0,,0,,0,,0,0,935.5,0,1
17253896091,580,3,3,8,8,12.738,0,0,0.10 | 0.16 | 0.32,0,1.77 | 2.58 | 3.40,0,1.18 | 1.55 | 2.26,0.935,0.000,0,1,0,0,0,0,-1,0,0,0,,0,,0,,0,0,935.5,0,1
17253896092,580,3,3,8,8,12.738,0,0,0.10 | 0.16 | 0.32,0,1.77 | 2.58 | 3.40,0,1.18 | 1.55 | 2.26,0.935,0.000,0,1,0,0,0,0,-1,0,0,0,,0,,0,,0,0,935.5,0,1
17253896093,580,3,3,8,8,12.738,0,0,0.10 | 0.16 | 0.32,0,1.77 | 2.58 | 3.40,0,1.18 | 1.55 | 2.26,0.935,0.000,0,1,0,0,0,0,-1,0,0,0,,0,,0,,0,0,935.5,0,1
17253896094,580,3,3,8,8,12.738,0,0,0.10 | 0.16 | 0.32,0,1.77 | 2.58 | 3.40,0,1.18 | 1.55 | 2.26,0.935,0.000,0,1,0,0,0,0,-1,0,0,0,,0,,0,,0,0,935.5,0,1
17253896095,580,3,3,8,8,12.738,0,0,0.10 | 0.16 | 0.32,0,1.77 | 2.58 | 3.40,0,1.18 | 1.55 | 2.26,0.935,0.000,0,1,0,0,0,0,-1,0,0,0,,0,,0,,0,0,935.5,0,1
17253896096,580,3,3,8,8,12.738,0,0,0.10 | 0.16 | 0.32,0,1.77 | 2.58 | 3.40,0,1.18 | 1.55 | 2.26,0.935,0.000,0,1,0,0,0,0,-1,0,0,0,,0,,0,,0,0,935.5,0,1
17253896097,580,3,3,8,8,12.738,0,0,0.10 | 0.16 | 0.32,0,1.77 | 2.58 | 3.40,0,1.18 | 1.55 | 2.26,0.935,0.000,0,1,0,0,0,0,-1,0,0,0,,0,,0,,0,0,935.5,0,1
17253896098,772,3,4,8,8,12.738,0,0,0.10 | 0.16 | 0.32,0,1.77 | 2.58 | 3.40,0,1.18 | 1.55 | 2.26,0.935,0.000,0,1,0,0,0,0,-1,0,0,0,,0,,0,,0,0,935.5,0,1
17253896099,772,3,4,8,8,11.941,0,0,0.10 | 0.16 | 0.32,0,1.77 | 2.58 | 3.40,0,1.18 | 1.55 | 2.26,0.935,0.000,0,1,0,0,0,0,-1,0,0,0,,0,,0,,0,0,935.5,0,1
17253896100,772,3,4,8,8,11.941,0,0,0.10 | 0.16 | 0.32,0,1.77 | 2.58 | 3.40,0,1.18 | 1.55 | 2.26,0.935,0.000,0,1,0,0,0,0,-1,0,0,0,,0,,0,,0,0,935.5,0,1
17253896101,772,3,4,8,8,11.941,0,0,0.10 | 0.16 | 0.32,0,1.77 | 2.58 | 3.40,0,1.18 | 1.55 | 2.26,0.935,0.000,0,1,0,0,0,0,-1,0,0,0,,0,,0,,0,0,935.5,0,1
17253896102,772,3,4,8,8,11.941,0,0,0.10 | 0.16 | 0.32,0,1.77 | 2.58 | 3.40,0,1.18 | 1.55 | 2.26,0.935,0.000,0,1,0,0,0,0,-1,0,0,0,,0,,0,,0,0,935.5,0,1
17253896103,772,3,4,8,8,11.941,0,0,0.10 | 0.16 | 0.32,0,1.77 | 2.58 | 3.40,0,1.18 | 1.55 | 2.26,0.935,0.000,0,1,0,0,0,0,-1,0,0,0,,0,,0,,0,0,935.5,0,1
17253896104,772,3,4,8,8,11.941,0,0,0.10 | 0.16 | 0.32,0,1.77 | 2.58 | 3.40,0,1.18 | 1.55 | 2.26,0.935,0.000,0,1,0,0,0,0,-1,0,0,0,,0,,0,,0,0,935.5,0,1
17253896105,772,3,4,8,8,11.941,0,0,0.10 | 0.16 | 0.32,0,1.77 | 2.58 | 3.40,0,1.18 | 1.55 | 2.26,0.935,0.000,0,1,0,0,0,0,-1,0,0,0,,0,,0,,0,0,935.5,0,1
17253896106,772,3,4,8,8,11.941,0,0,0.10 | 0.16 | 0.32,0,1.77 | 2.58 | 3.40,0,1.18 | 1.55 | 2.26,0.935,0.000,0,1,0,0,0,0,-1,0,0,0,,0,,0,,0,0,935.5,0,1
17253896107,772,3,4,8,8,11.941,0,0,0.10 | 0.16 | 0.32,0,1.77 | 2.58 | 3.40,0,1.18 | 1.55 | 2.26,0.935,0.000,0,1,0,0,0,0,-1,0,0,0,,0,,0,,0,0,935.5,0,1
17253896108,772,3,4,8,8,11.941,0,0,0.10 | 0.16 | 0.32,0,1.77 | 2.58 | 3.40,0,1.18 | 1.55 | 2.26,0.935,0.000,0,1,0,0,0,0,-1,0,0,0,,0,,0,,0,0,935.5,0,1
17253896109,772,3,4,8,8,10.878,0,0,0.10 | 0.16 | 0.32,0,1.77 | 2.58 | 3.40,0,1.18 | 1.55 | 2.26,0.935,0.000,0,1,0,0,0,0,-1,0,0,0,,0,,0,,0,0,935.5,0,1
17253896110,772,3,4,8,8,10.878,0,0,0.10 | 0.16 | 0.32,0,1.77 | 2.58 | 3.40,0,1.18 | 1.55 | 2.26,0.935,0.000,0,1,0,0,0,0,-1,0,0,0,,0,,0,,0,0,935.5,0,1
17253896111,772,3,4,8,8,10.878,0,0,0.10 | 0.16 | 0.32,0,1.77 | 2.58 | 3.40,0,1.18 | 1.55 | 2.26,0.935,0.000,0,1,0,0,0,0,-1,0,0,0,,0,,0,,0,0,935.5,0,1
17253896112,772,3,4,8,8,10.878,0,0,0.10 | 0.16 | 0.32,0,1.77 | 2.58 | 3.40,0,1.18 | 1.55 | 2.26,0.935,0.000,0,1,0,0,0,0,-1,0,0,0,,0,,0,,0,0,935.5,0,1
17253896113,772,3,4,8,8,10.878,0,0,0.10 | 0.16 | 0.32,0,1.77 | 2.58 | 3.40,0,1.18 | 1.55 | 2.26,0.935,0.000,0,1,0,0,0,0,-1,0,0,0,,0,,0,,0,0,935.5,0,1
17253896114,772,3,4,8,8,10.878,0,0,0.10 | 0.16 | 0.32,0,1.77 | 2.58 | 3.40,0,1.18 | 1.55 | 2.26,0.935,0.000,0,1,0,0,0,0,-1,0,0,0,,0,,0,,0,0,935.5,0,1
17253896115,772,3,4,8,8,10.878,0,0,0.10 | 0.16 | 0.32,0,1.77 | 2.58 | 3.40,0,1.18 | 1.55 | 2.26,0.935,0.000,0,1,0,0,0,0,-1,0,0,0,,0,,0,,0,0,935.5,0,1
17253896116,772,3,4,8,8,10.878,0,0,0.10 | 0.16 | 0.32,0,1.77 | 2.58 | 3.40,0,1.18 | 1.55 | 2.26,0.935,0.000,0,1,0,0,0,0,-1,0,0,0,,0,,0,,0,0,935.5,0,1
17253896117,772,3,4,8,8,10.878,0,0,0.10 | 0.16 | 0.32,0,1.77 | 2.58 | 3.40,0,1.18 | 1.55 | 2.26,0.935,0.000,0,1,0,0,0,0,-1,0,0,0,,0,,0,,0,0,935.5,0,1
17253896118,772,3,4,8,8,10.878,0,0,0.10 | 0.16 | 0.32,0,1.77 | 2.58 | 3.40,0,1.18 | 1.55 | 2.26,0.935,0.000,0,1,0,0,0,0,-1,0,0,0,,0,,0,,0,0,935.5,0,1
17253896119,772,3,4,8,8,9.816,0,0,0.10 | 0.16 | 0.32,0,1.77 | 2.58 | 3.40,0,1.18 | 1.55 | 2.26,0.935,0.000,0,1,0,0,0,0,-1,0,0,0,,0,,0,,0,0,935.5,0,1
17253896120,772,3,4,8,8,9.816,0,0,0.10 | 0.16 | 0.32,0,1.77 | 2.58 | 3.40,0,1.18 | 1.55 | 2.26,0.935,0.000,0,1,0,0,0,0,-1,0,0,0,,0,,0,,0,0,935.5,0,1
17253896121,772,3,4,8,8,9.816,0,0,0.10 | 0.16 | 0.32,0,1.77 | 2.58 | 3.40,0,1.18 | 1.55 | 2.26,0.935,0.000,0,1,0,0,0,0,-1,0,0,0,,0,,0,,0,0,935.5,0,1
17253896122,772,3,4,8,8,9.816,0,0,0.10 | 0.16 | 0.32,0,1.77 | 2.58 | 3.40,0,1.18 | 1.55 | 2.26,0.935,0.000,0,1,0,0,0,0,-1,0,0,0,,0,,0,,0,0,935.5,0,1
17253896123,772,3,4,8,8,9.816,0,0,0.10 | 0.16 | 0.32,0,1.77 | 2.58 | 3.40,0,1.18 | 1.55 | 2.26,0.935,0.000,0,1,0,0,0,0,-1,0,0,0,,0,,0,,0,0,935.5,0,1
17253896124,772,3,4,8,8,9.816,0,0,0.10 | 0.16 | 0.32,0,1.77 | 2.58 | 3.40,0,1.18 | 1.55 | 2.26,0.935,0.000,0,1,0,0,0,0,-1,0,0,0,,0,,0,,0,0,935.5,0,1
17253896125,772,3,4,8,8,9.816,0,0,0.10 | 0.16 | 0.32,0,1.77 | 2.58 | 3.40,0,1.18 | 1.55 | 2.26,0.935,0.000,0,1,0,0,0,0,-1,0,0,0,,0,,0,,0,0,935.5,0,1
17253896126,772,3,4,8,8,9.816,0,0,0.10 | 0.16 | 0.32,0,1.77 | 2.58 | 3.40,0,1.18 | 1.55 | 2.26,0.935,0.000,0,1,0,0,0,0,-1,0,0,0,,0,,0,,0,0,935.5,0,1
17253896127,772,3,4,8,8,9.816,0,0,0.10 | 0.16 | 0.32,0,1.77 | 2.58 | 3.40,0,1.18 | 1.55 | 2.26,0.935,0.000,0,1,0,0,0,0,-1,0,0,0,,0,,0,,0,0,935.5,0,1
17253896128,772,3,4,8,8,9.816,0,0,0.10 | 0.16 | 0.32,0,1.77 | 2.58 | 3.40,0,1.18 | 1.55 | 2.26,0.935,0.000,0,1,0,0,0,0,-1,0,0,0,,0,,0,,0,0,935.5,0,1
17253896129,772,3,4,8,8,8.753,0,0,0.10 | 0.16 | 0.32,0,1.77 | 2.58 | 3.40,0,1.18 | 1.55 | 2.26,0.935,0.000,0,1,0,0,0,0,-1,0,0,0,,0,,0,,0,0,935.5,0,1
17253896130,772,3,4,8,8,8.753,0,0,0.10 | 0.16 | 0.32,0,1.77 | 2.58 | 3.40,0,1.18 | 1.55 | 2.26,0.935,0.000,0,1,0,0,0,0,-1,0,0,0,,0,,0,,0,0,937.5,0,1
17253896131,772,4,4,8,8,8.753,0,0,0.10 | 0.16 | 0.32,0,1.77 | 2.58 | 3.40,0,1.18 | 1.55 | 2.26,0.935,0.000,0,1,0,0,0,0,-1,0,0,0,,0,,0,,0,0,937.5,0,1
17253896132,772,4,4,8,8,8.753,0,0,0.10 | 0.16 | 0.32,0,1.77 | 2.58 | 3.40,0,1.18 | 1.55 | 2.26,0.935,0.000,0,1,0,0,0,0,-1,0,0,0,,0,,0,,0,0,937.5,0,1
17253896133,772,4,4,8,8,8.753,0,0,0.10 | 0.16 | 0.32,0,1.77 | 2.58 | 3.40,0,1.18 | 1.55 | 2.26,0.935,0.000,0,1,0,0,0,0,-1,0,0,0,,0,,0,,0,0,937.5,0,1
17253896134,772,4,4,8,8,8.753,0,0,0.10 | 0.16 | 0.32,0,1.77 | 2.58 | 3.40,0,1.18 | 1.55 | 2.26,0.935,0.000,0,1,0,0,0,0,-1,0,0,0,,0,,0,,0,0,937.5,0,1
17253896135,772,4,4,8,8,8.753,0,0,0.10 | 0.16 | 0.32,0,1.77 | 2.58 | 3.40,0,1.18 | 1.55 | 2.26,0.935,0.000,0,1,0,0,0,0,-1,0,0,0,,0,,0,,0,0,937.5,0,1
17253896136,772,4,4,8,8,8.753,0,0,0.10 | 0.16 | 0.32,0,1.77 | 2.58 | 3.40,0,1.18 | 1.55 | 2.26,0.935,0.000,0,1,0,0,0,0,-1,0,0,0,,0,,0,,0,0,937.5,0,1
17253896137,772,4,4,8,8,8.753,0,0,0.10 | 0.16 | 0.32,0,1.77 | 2.58 | 3.40,0,1.18 | 1.55 | 2.26,0.935,0.000,0,1,0,0,0,0,-1,0,0,0,,0,,0,,0,0,937.5,0,1
17253896138,772,4,4,8,8,8.753,0,0,0.10 | 0.16 | 0.32,0,1.77 | 2.58 | 3.40,0,1.18 | 1.55 | 2.26,0.935,0.000,0,1,0,0,0,0,-1,0,0,0,,0,,0,,0,0,937.5,0,1
17253896139,772,4,4,8,8,7.957,0,0,0.11 | 0.16 | 0.32,0,2.22 | 2.88 | 3.40,0,1.18 | 1.39 | 1.80,0.938,0.000,0,1,0,0,0,0,-1,0,0,0,,0,,0,,0,0,937.5,0,1
17253896140,772,4,4,8,8,7.957,0,0,0.11 | 0.16 | 0.32,0,2.22 | 2.88 | 3.40,0,1.18 | 1.39 | 1.80,0.938,0.000,0,1,0,0,0,0,-1,0,0,0,,0,,0,,0,0,937.5,0,1
17253896141,772,4,4,8,8,7.957,0,0,0.11 | 0.16 | 0.32,0,2.22 | 2.88 | 3.40,0,1.18 | 1.39 | 1.80,0.938,0.000,0,1,0,0,0,0,-1,0,0,0,,0,,0,,0,0,937.5,0,1
17253896142,772,4,4,8,8,7.957,0,0,0.11 | 0.16 | 0.32,0,2.22 | 2.88 | 3.40,0,1.18 | 1.39 | 1.80,0.938,0.000,0,1,0,0,0,0,-1,0,0,0,,0,,0,,0,0,937.5,0,1
17253896143,772,4,4,8,8,7.957,0,0,0.11 | 0.16 | 0.32,0,2.22 | 2.88 | 3.40,0,1.18 | 1.39 | 1.80,0.938,0.000,0,1,0,0,0,0,-1,0,0,0,,0,,0,,0,0,937.5,0,1
17253896144,772,4,4,8,8,7.957,0,0,0.11 | 0.16 | 0.32,0,2.22 | 2.88 | 3.40,0,1.18 | 1.39 | 1.80,0.938,0.000,0,1,0,0,0,0,-1,0,0,0,,0,,0,,0,0,937.5,0,1
17253896145,772,4,4,8,8,7.957,0,0,0.11 | 0.16 | 0.32,0,2.22 | 2.88 | 3.40,0,1.18 | 1.39 | 1.80,0.938,0.000,0,1,0,0,0,0,-1,0,0,0,,0,,0,,0,0,937.5,0,1
17253896146,772,4,4,8,8,7.957,0,0,0.11 | 0.16 | 0.32,0,2.22 | 2.88 | 3.40,0,1.18 | 1.39 | 1.80,0.938,0.000,0,1,0,0,0,0,-1,0,0,0,,0,,0,,0,0,937.5,0,1
17253896147,772,4,4,8,8,7.957,0,0,0.11 | 0.16 | 0.32,0,2.22 | 2.88 | 3.40,0,1.18 | 1.39 | 1.80,0.938,0.000,0,1,0,0,0,0,-1,0,0,0,,0,,0,,0,0,937.5,0,1
17253896148,772,4,4,8,8,7.957,0,0,0.11 | 0.16 | 0.32,0,2.22 | 2.88 | 3.40,0,1.18 | 1.39 | 1.80,0.938,0.000,0,1,0,0,0,0,-1,0,0,0,,0,,0,,0,0,937.5,0,1
17253896149,772,4,4,8,8,6.894,0,0,0.11 | 0.16 | 0.32,0,2.22 | 2.88 | 3.40,0,1.18 | 1.39 | 1.80,0.938,0.000,0,1,0,0,0,0,-1,0,0,0,,0,,0,,0,0,937.5,0,1
17253896150,772,4,4,8,8,6.894,0,0,0.11 | 0.16 | 0.32,0,2.22 | 2.88 | 3.40,0,1.18 | 1.39 | 1.80,0.938,0.000,0,1,0,0,0,0,-1,0,0,0,,0,,0,,0,0,937.5,0,1
17253896151,772,4,4,8,8,6.894,0,0,0.11 | 0.16 | 0.32,0,2.22 | 2.88 | 3.40,0,1.18 | 1.39 | 1.80,0.938,0.000,0,1,0,0,0,0,-1,0,0,0,,0,,0,,0,0,937.5,0,1
17253896152,772,4,4,8,8,6.894,0,0,0.11 | 0.16 | 0.32,0,2.22 | 2.88 | 3.40,0,1.18 | 1.39 | 1.80,0.938,0.000,0,1,0,0,0,0,-1,0,0,0,,0,,0,,0,0,937.5,0,1
17253896153,772,4,4,8,8,6.894,0,0,0.11 | 0.16 | 0.32,0,2.22 | 2.88 | 3.40,0,1.18 | 1.39 | 1.80,0.938,0.000,0,1,0,0,0,0,-1,0,0,0,,0,,0,,0,0,937.5,0,1
17253896154,772,4,4,8,8,6.894,0,0,0.11 | 0.16 | 0.32,0,2.22 | 2.88 | 3.40,0,1.18 | 1.39 | 1.80,0.938,0.000,0,1,0,0,0,0,-1,0,0,0,,0,,0,,0,0,937.5,0,1
17253896155,772,4,4,8,8,6.894,0,0,0.11 | 0.16 | 0.32,0,2.22 | 2.88 | 3.40,0,1.18 | 1.39 | 1.80,0.938,0.000,0,1,0,0,0,0,-1,0,0,0,,0,,0,,0,0,937.5,0,1
17253896156,772,4,4,8,8,6.894,0,0,0.11 | 0.16 | 0.32,0,2.22 | 2.88 | 3.40,0,1.18 | 1.39 | 1.80,0.938,0.000,0,1,0,0,0,0,-1,0,0,0,,0,,0,,0,0,937.5,0,1
17253896157,772,4,4,8,8,6.894,0,0,0.11 | 0.16 | 0.32,0,2.22 | 2.88 | 3.40,0,1.18 | 1.39 | 1.80,0.938,0.000,0,1,0,0,0,0,-1,0,0,0,,0,,0,,0,0,937.5,0,1
17253896158,772,4,4,8,8,6.894,0,0,0.11 | 0.16 | 0.32,0,2.22 | 2.88 | 3.40,0,1.18 | 1.39 | 1.80,0.938,0.000,0,1,0,0,0,0,-1,0,0,0,,0,,0,,0,0,937.5,0,1
17253896159,772,4,4,8,8,5.831,0,0,0.11 | 0.16 | 0.32,0,2.22 | 2.88 | 3.40,0,1.18 | 1.39 | 1.80,0.938,0.000,0,1,0,0,0,0,-1,0,0,0,,0,,0,,0,0,937.5,0,1
17253896160,772,4,4,8,8,5.831,0,0,0.11 | 0.16 | 0.32,0,2.22 | 2.88 | 3.40,0,1.18 | 1.39 | 1.80,0.938,0.000,0,1,0,0,0,0,-1,0,0,0,,0,,0,,0,0,937.5,0,1
17253896161,772,4,4,8,8,5.831,0,0,0.11 | 0.16 | 0.32,0,2.22 | 2.88 | 3.40,0,1.18 | 1.39 | 1.80,0.938,0.000,0,1,0,0,0,0,-1,0,0,0,,0,,0,,0,0,937.5,0,1
17253896162,772,4,4,8,8,5.831,0,0,0.11 | 0.16 | 0.32,0,2.22 | 2.88 | 3.40,0,1.18 | 1.39 | 1.80,0.938,0.000,0,1,0,0,0,0,-1,0,0,0,,0,,0,,0,0,937.5,0,1
17253896163,772,4,4,8,8,5.831,0,0,0.11 | 0.16 | 0.32,0,2.22 | 2.88 | 3.40,0,1.18 | 1.39 | 1.80,0.938,0.000,0,1,0,0,0,0,-1,0,0,0,,0,,0,,0,0,937.5,0,1
17253896164,772,4,4,8,8,5.831,0,0,0.11 | 0.16 | 0.32,0,2.22 | 2.88 | 3.40,0,1.18 | 1.39 | 1.80,0.938,0.000,0,1,0,0,0,0,-1,0,0,0,,0,,0,,0,0,937.5,0,1
17253896165,772,4,4,8,8,5.831,0,0,0.11 | 0.16 | 0.32,0,2.22 | 2.88 | 3.40,0,1.18 | 1.39 | 1.80,0.938,0.000,0,1,0,0,0,0,-1,0,0,0,,0,,0,,0,0,937.5,0,1
17253896166,772,4,4,8,8,5.831,0,0,0.11 | 0.16 | 0.32,0,2.22 | 2.88 | 3.40,0,1.18 | 1.39 | 1.80,0.938,0.000,0,1,0,0,0,0,-1,0,0,0,,0,,0,,0,0,937.5,0,1
17253896167,772,4,4,8,8,5.831,0,0,0.11 | 0.16 | 0.32,0,2.22 | 2.88 | 3.40,0,1.18 | 1.39 | 1.80,0.938,0.000,0,1,0,0,0,0,-1,0,0,0,,0,,0,,0,0,937.5,0,1
17253896168,772,4,4,8,8,5.831,0,0,0.11 | 0.16 | 0.32,0,2.22 | 2.88 | 3.40,0,1.18 | 1.39 | 1.80,0.938,0.000,0,1,0,0,0,0,-1,0,0,0,,0,,0,,0,0,937.5,0,1
17253896169,772,3,4,8,8,4.713,0,0,0.11 | 0.16 | 0.32,0,2.22 | 2.88 | 3.40,0,1.18 | 1.39 | 1.80,0.938,0.000,0,1,0,0,0,0,-1,0,0,0,,0,,0,,0,0,937.5,0,1
17253896170,772,3,4,8,8,4.713,0,0,0.11 | 0.16 | 0.32,0,2.22 | 2.88 | 3.40,0,1.18 | 1.39 | 1.80,0.938,0.000,0,1,0,0,0,0,-1,0,0,0,,0,,0,,0,0,937.5,0,1
17253896171,772,3,4,8,8,4.713,0,0,0.11 | 0.16 | 0.32,0,2.22 | 2.88 | 3.40,0,1.18 | 1.39 | 1.80,0.938,0.000,0,1,0,0,0,0,-1,0,0,0,,0,,0,,0,0,937.5,0,1
17253896172,772,3,4,8,8,4.713,0,0,0.11 | 0.16 | 0.32,0,2.22 | 2.88 | 3.40,0,1.18 | 1.39 | 1.80,0.938,0.000,0,1,0,0,0,0,-1,0,0,0,,0,,0,,0,0,937.5,0,1
17253896173,772,3,4,8,8,4.713,0,0,0.11 | 0.16 | 0.32,0,2.22 | 2.88 | 3.40,0,1.18 | 1.39 | 1.80,0.938,0.000,0,1,0,0,0,0,-1,0,0,0,,0,,0,,0,0,937.5,0,1
17253896174,387,3,2,8,8,4.713,0,0,0.11 | 0.16 | 0.32,0,2.22 | 2.88 | 3.40,0,1.18 | 1.39 | 1.80,0.938,0.000,0,1,0,0,0,0,-1,0,0,0,,0,,0,,0,0,934.75,0,1
17253896175,387,3,2,8,8,4.713,0,0,0.11 | 0.16 | 0.32,0,2.22 | 2.88 | 3.40,0,1.18 | 1.39 | 1.80,0.938,0.000,0,1,0,0,0,0,-1,0,0,0,,0,,0,,0,0,934.75,0,1
17253896176,387,3,2,8,8,4.713,0,0,0.11 | 0.16 | 0.32,0,2.22 | 2.88 | 3.40,0,1.18 | 1.39 | 1.80,0.938,0.000,0,1,0,0,0,0,-1,0,0,0,,0,,0,,0,0,934.75,0,1
17253896177,387,4,2,8,8,4.713,0,0,0.11 | 0.16 | 0.32,0,2.22 | 2.88 | 3.40,0,1.18 | 1.39 | 1.80,0.938,0.000,0,1,0,0,0,0,-1,0,0,0,,0,,0,,0,0,934.75,0,1
17253896178,387,4,2,8,8,4.713,0,0,0.11 | 0.16 | 0.32,0,2.22 | 2.88 | 3.40,0,1.18 | 1.39 | 1.80,0.938,0.000,0,1,0,0,0,0,-1,0,0,0,,0,,0,,0,0,934.75,0,1
17253896179,387,4,2,8,8,3.707,0,0,0.11 | 0.16 | 0.32,0,2.22 | 3.10 | 4.26,0,0.94 | 1.29 | 1.80,0.935,0.000,0,1,0,0,0,0,-1,0,0,0,,0,,0,,0,0,934.75,0,1
17253896180,387,4,2,8,8,3.707,0,0,0.11 | 0.16 | 0.32,0,2.22 | 3.10 | 4.26,0,0.94 | 1.29 | 1.80,0.935,0.000,0,1,0,0,0,0,-1,0,0,0,,0,,0,,0,0,934.75,0,1
17253896181,387,4,2,8,8,3.707,0,0,0.11 | 0.16 | 0.32,0,2.22 | 3.10 | 4.26,0,0.94 | 1.29 | 1.80,0.935,0.000,0,1,0,0,0,0,-1,0,0,0,,0,,0,,0,0,934.75,0,1
17253896182,387,4,2,8,8,3.707,0,0,0.11 | 0.16 | 0.32,0,2.22 | 3.10 | 4.26,0,0.94 | 1.29 | 1.80,0.935,0.000,0,1,0,0,0,0,-1,0,0,0,,0,,0,,0,0,934.75,0,1
17253896183,387,4,2,8,8,3.707,0,0,0.11 | 0.16 | 0.32,0,2.22 | 3.10 | 4.26,0,0.94 | 1.29 | 1.80,0.935,0.000,0,1,0,0,0,0,-1,0,0,0,,0,,0,,0,0,934.75,0,1
17253896184,387,4,2,8,8,3.707,0,0,0.11 | 0.16 | 0.32,0,2.22 | 3.10 | 4.26,0,0.94 | 1.29 | 1.80,0.935,0.000,0,1,0,0,0,0,-1,0,0,0,,0,,0,,0,0,934.75,0,1
17253896185,387,4,2,8,8,3.707,0,0,0.11 | 0.16 | 0.32,0,2.22 | 3.10 | 4.26,0,0.94 | 1.29 | 1.80,0.935,0.000,0,1,0,0,0,0,-1,0,0,0,,0,,0,,0,0,934.75,0,1
17253896186,387,4,2,8,8,3.707,0,0,0.11 | 0.16 | 0.32,0,2.22 | 3.10 | 4.26,0,0.94 | 1.29 | 1.80,0.935,0.000,0,1,0,0,0,0,-1,0,0,0,,0,,0,,0,0,934.75,0,1
17253896187,387,4,2,8,8,3.707,0,0,0.11 | 0.16 | 0.32,0,2.22 | 3.10 | 4.26,0,0.94 | 1.29 | 1.80,0.935,0.000,0,1,0,0,0,0,-1,0,0,0,,0,,0,,0,0,934.75,0,1
17253896188,387,4,2,8,8,3.707,0,0,0.11 | 0.16 | 0.32,0,2.22 | 3.10 | 4.26,0,0.94 | 1.29 | 1.80,0.935,0.000,0,1,0,0,0,0,-1,0,0,0,,0,,0,,0,0,934.75,0,1
17253896189,387,4,2,8,8,2.91,0,0,0.11 | 0.16 | 0.32,0,2.22 | 3.10 | 4.26,0,0.94 | 1.29 | 1.80,0.935,0.000,0,1,0,0,0,0,-1,0,0,0,,0,,0,,0,0,934.75,0,1
17253896190,387,4,2,8,8,2.91,0,0,0.11 | 0.16 | 0.32,0,2.22 | 3.10 | 4.26,0,0.94 | 1.29 | 1.80,0.935,0.000,0,1,0,0,0,0,-1,0,0,0,,0,,0,,0,0,934.75,0,1
17253896191,387,4,2,8,8,2.91,0,0,0.11 | 0.16 | 0.32,0,2.22 | 3.10 | 4.26,0,0.94 | 1.29 | 1.80,0.935,0.000,0,1,0,0,0,0,-1,0,0,0,,0,,0,,0,0,934.75,0,1
17253896192,580,4,3,8,8,2.91,0,0,0.11 | 0.16 | 0.32,0,2.22 | 3.10 | 4.26,0,0.94 | 1.29 | 1.80,0.935,0.000,0,1,0,0,0,0,-1,0,0,0,,0,,0,,0,0,915,0,1
17253896193,580,4,3,8,8,2.91,0,0,0.11 | 0.16 | 0.32,0,2.22 | 3.10 | 4.26,0,0.94 | 1.29 | 1.80,0.935,0.000,0,1,0,0,0,0,-1,0,0,0,,0,,0,,0,0,915,0,1
17253896194,580,4,3,8,8,2.91,0,0,0.11 | 0.16 | 0.32,0,2.22 | 3.10 | 4.26,0,0.94 | 1.29 | 1.80,0.935,0.000,0,1,0,0,0,0,-1,0,0,0,,0,,0,,0,0,915,0,1
17253896195,580,4,3,8,8,2.91,0,0,0.11 | 0.16 | 0.32,0,2.22 | 3.10 | 4.26,0,0.94 | 1.29 | 1.80,0.935,0.000,0,1,0,0,0,0,-1,0,0,0,,0,,0,,0,0,915,0,1
17253896196,580,4,3,8,8,2.91,0,0,0.11 | 0.16 | 0.32,0,2.22 | 3.10 | 4.26,0,0.94 | 1.29 | 1.80,0.935,0.000,0,1,0,0,0,0,-1,0,0,0,,0,,0,,0,0,915,0,1
17253896197,580,4,3,8,8,2.91,0,0,0.11 | 0.16 | 0.32,0,2.22 | 3.10 | 4.26,0,0.94 | 1.29 | 1.80,0.935,0.000,0,1,0,0,0,0,-1,0,0,0,,0,,0,,0,0,915,0,1
17253896198,580,4,3,8,8,2.91,0,0,0.11 | 0.16 | 0.32,0,2.22 | 3.10 | 4.26,0,0.94 | 1.29 | 1.80,0.935,0.000,0,1,0,0,0,0,-1,0,0,0,,0,,0,,0,0,915,0,1
17253896199,580,4,3,8,8,5.047,0,0,0.11 | 0.16 | 0.32,0,1.57 | 2.94 | 4.26,0,0.94 | 1.36 | 2.55,0.915,0.000,0,1,0,0,0,0,-1,0,0,0,,0,,0,,0,0,915,0,1
17253896200,580,4,3,8,8,5.047,0,0,0.11 | 0.16 | 0.32,0,1.57 | 2.94 | 4.26,0,0.94 | 1.36 | 2.55,0.915,0.000,0,1,0,0,0,0,-1,0,0,0,,0,,0,,0,0,915,0,1
17253896201,580,4,3,8,8,5.047,0,0,0.11 | 0.16 | 0.32,0,1.57 | 2.94 | 4.26,0,0.94 | 1.36 | 2.55,0.915,0.000,0,1,0,0,0,0,-1,0,0,0,,0,,0,,0,0,915,0,1
17253896202,580,4,3,8,8,5.047,0,0,0.11 | 0.16 | 0.32,0,1.57 | 2.94 | 4.26,0,0.94 | 1.36 | 2.55,0.915,0.000,0,1,0,0,0,0,-1,0,0,0,,0,,0,,0,0,915,0,1
17253896203,580,4,3,8,8,5.047,0,0,0.11 | 0.16 | 0.32,0,1.57 | 2.94 | 4.26,0,0.94 | 1.36 | 2.55,0.915,0.000,0,1,0,0,0,0,-1,0,0,0,,0,,0,,0,0,915,0,1
17253896204,580,4,3,8,8,5.047,0,0,0.11 | 0.16 | 0.32,0,1.57 | 2.94 | 4.26,0,0.94 | 1.36 | 2.55,0.915,0.000,0,1,0,0,0,0,-1,0,0,0,,0,,0,,0,0,915,0,1
17253896205,580,4,3,8,8,5.047,0,0,0.11 | 0.16 | 0.32,0,1.57 | 2.94 | 4.26,0,0.94 | 1.36 | 2.55,0.915,0.000,0,1,0,0,0,0,-1,0,0,0,,0,,0,,0,0,915,0,1
17253896206,580,4,3,8,8,5.047,0,0,0.11 | 0.16 | 0.32,0,1.57 | 2.94 | 4.26,0,0.94 | 1.36 | 2.55,0.915,0.000,0,1,0,0,0,0,-1,0,0,0,,0,,0,,0,0,915,0,1
17253896207,580,4,3,8,8,5.047,0,0,0.11 | 0.16 | 0.32,0,1.57 | 2.94 | 4.26,0,0.94 | 1.36 | 2.55,0.915,0.000,0,1,0,0,0,0,-1,0,0,0,,0,,0,,0,0,915,0,1
17253896208,580,2,3,8,8,5.047,0,0,0.11 | 0.16 | 0.32,0,1.57 | 2.94 | 4.26,0,0.94 | 1.36 | 2.55,0.915,0.000,0,1,0,0,0,0,-1,0,0,0,,0,,0,,0,0,915,0,1
17253896209,580,2,3,8,8,3.985,0,0,0.11 | 0.16 | 0.32,0,1.57 | 2.94 | 4.26,0,0.94 | 1.36 | 2.55,0.915,0.000,0,1,0,0,0,0,-1,0,0,0,,0,,0,,0,0,915,0,1
17253896210,580,2,3,8,8,3.985,0,0,0.11 | 0.16 | 0.32,0,1.57 | 2.94 | 4.26,0,0.94 | 1.36 | 2.55,0.915,0.000,0,1,0,0,0,0,-1,0,0,0,,0,,0,,0,0,915,0,1
17253896211,580,2,3,8,8,3.985,0,0,0.11 | 0.16 | 0.32,0,1.57 | 2.94 | 4.26,0,0.94 | 1.36 | 2.55,0.915,0.000,0,1,0,0,0,0,-1,0,0,0,,0,,0,,0,0,915,0,1
17253896212,580,2,3,8,8,3.985,0,0,0.11 | 0.16 | 0.32,0,1.57 | 2.94 | 4.26,0,0.94 | 1.36 | 2.55,0.915,0.000,0,1,0,0,0,0,-1,0,0,0,,0,,0,,0,0,915,0,1
17253896213,580,2,3,8,8,3.985,0,0,0.11 | 0.16 | 0.32,0,1.57 | 2.94 | 4.26,0,0.94 | 1.36 | 2.55,0.915,0.000,0,1,0,0,0,0,-1,0,0,0,,0,,0,,0,0,915,0,1
17253896214,580,2,3,8,8,3.985,0,0,0.11 | 0.16 | 0.32,0,1.57 | 2.94 | 4.26,0,0.94 | 1.36 | 2.55,0.915,0.000,0,1,0,0,0,0,-1,0,0,0,,0,,0,,0,0,915,0,1
17253896215,580,2,3,8,8,3.985,0,0,0.11 | 0.16 | 0.32,0,1.57 | 2.94 | 4.26,0,0.94 | 1.36 | 2.55,0.915,0.000,0,1,0,0,0,0,-1,0,0,0,,0,,0,,0,0,915,0,1
17253896216,580,2,3,8,8,3.985,0,0,0.11 | 0.16 | 0.32,0,1.57 | 2.94 | 4.26,0,0.94 | 1.36 | 2.55,0.915,0.000,0,1,0,0,0,0,-1,0,0,0,,0,,0,,0,0,915,0,1
17253896217,580,2,3,8,8,3.985,0,0,0.11 | 0.16 | 0.32,0,1.57 | 2.94 | 4.26,0,0.94 | 1.36 | 2.55,0.915,0.000,0,1,0,0,0,0,-1,0,0,0,,0,,0,,0,0,915,0,1
17253896218,580,2,3,8,8,3.985,0,0,0.11 | 0.16 | 0.32,0,1.57 | 2.94 | 4.26,0,0.94 | 1.36 | 2.55,0.915,0.000,0,1,0,0,0,0,-1,0,0,0,,0,,0,,0,0,915,0,1
17253896219,580,2,3,8,8,2.922,0,0,0.11 | 0.16 | 0.32,0,1.57 | 2.94 | 4.26,0,0.94 | 1.36 | 2.55,0.915,0.000,0,1,0,0,0,0,-1,0,0,0,,0,,0,,0,0,915,0,1
17253896220,580,2,3,8,8,2.922,0,0,0.11 | 0.16 | 0.32,0,1.57 | 2.94 | 4.26,0,0.94 | 1.36 | 2.55,0.915,0.000,0,1,0,0,0,0,-1,0,0,0,,0,,0,,0,0,915,0,1
17253896221,580,2,3,8,8,2.922,0,0,0.11 | 0.16 | 0.32,0,1.57 | 2.94 | 4.26,0,0.94 | 1.36 | 2.55,0.915,0.000,0,1,0,0,0,0,-1,0,0,0,,0,,0,,0,0,915,0,1
17253896222,580,2,3,8,8,2.922,0,0,0.11 | 0.16 | 0.32,0,1.57 | 2.94 | 4.26,0,0.94 | 1.36 | 2.55,0.915,0.000,0,1,0,0,0,0,-1,0,0,0,,0,,0,,0,0,915,0,1
17253896223,580,2,3,8,8,2.922,0,0,0.11 | 0.16 | 0.32,0,1.57 | 2.94 | 4.26,0,0.94 | 1.36 | 2.55,0.915,0.000,0,1,0,0,0,0,-1,0,0,0,,0,,0,,0,0,915,0,1
17253896224,580,2,3,8,8,2.922,0,0,0.11 | 0.16 | 0.32,0,1.57 | 2.94 | 4.26,0,0.94 | 1.36 | 2.55,0.915,0.000,0,1,0,0,0,0,-1,0,0,0,,0,,0,,0,0,915,0,1
17253896225,580,2,3,8,8,2.922,0,0,0.11 | 0.16 | 0.32,0,1.57 | 2.94 | 4.26,0,0.94 | 1.36 | 2.55,0.915,0.000,0,1,0,0,0,0,-1,0,0,0,,0,,0,,0,0,915,0,1
17253896226,580,2,3,8,8,2.922,0,0,0.11 | 0.16 | 0.32,0,1.57 | 2.94 | 4.26,0,0.94 | 1.36 | 2.55,0.915,0.000,0,1,0,0,0,0,-1,0,0,0,,0,,0,,0,0,900.75,0,1
17253896227,580,2,3,8,8,2.922,0,0,0.11 | 0.16 | 0.32,0,1.57 | 2.94 | 4.26,0,0.94 | 1.36 | 2.55,0.915,0.000,0,1,0,0,0,0,-1,0,0,0,,0,,0,,0,0,900.75,0,1
17253896228,580,2,3,8,8,2.922,0,0,0.11 | 0.16 | 0.32,0,1.57 | 2.94 | 4.26,0,0.94 | 1.36 | 2.55,0.915,0.000,0,1,0,0,0,0,-1,0,0,0,,0,,0,,0,0,900.75,0,1
17253896229,580,2,3,8,8,6.925,0,0,0.10 | 0.11 | 0.11,0,1.57 | 2.98 | 4.26,0,0.94 | 1.34 | 2.55,0.901,0.000,0,1,0,0,0,0,-1,0,0,0,,0,,0,,0,0,900.75,0,1
17253896230,580,2,3,8,8,6.925,0,0,0.10 | 0.11 | 0.11,0,1.57 | 2.98 | 4.26,0,0.94 | 1.34 | 2.55,0.901,0.000,0,1,0,0,0,0,-1,0,0,0,,0,,0,,0,0,900.75,0,1
17253896231,580,2,3,8,8,6.925,0,0,0.10 | 0.11 | 0.11,0,1.57 | 2.98 | 4.26,0,0.94 | 1.34 | 2.55,0.901,0.000,0,1,0,0,0,0,-1,0,0,0,,0,,0,,0,0,900.75,0,1
17253896232,580,2,3,8,8,6.925,0,0,0.10 | 0.11 | 0.11,0,1.57 | 2.98 | 4.26,0,0.94 | 1.34 | 2.55,0.901,0.000,0,1,0,0,0,0,-1,0,0,0,,0,,0,,0,0,900.75,0,1
17253896233,580,2,3,8,8,6.925,0,0,0.10 | 0.11 | 0.11,0,1.57 | 2.98 | 4.26,0,0.94 | 1.34 | 2.55,0.901,0.000,0,1,0,0,0,0,-1,0,0,0,,0,,0,,0,0,900.75,0,1
17253896234,580,2,3,8,8,6.925,0,0,0.10 | 0.11 | 0.11,0,1.57 | 2.98 | 4.26,0,0.94 | 1.34 | 2.55,0.901,0.000,0,1,0,0,0,0,-1,0,0,0,,0,,0,,0,0,900.75,0,1
17253896235,580,2,3,8,8,6.925,0,0,0.10 | 0.11 | 0.11,0,1.57 | 2.98 | 4.26,0,0.94 | 1.34 | 2.55,0.901,0.000,0,1,0,0,0,0,-1,0,0,0,,0,,0,,0,0,900.75,0,1
17253896236,580,2,3,8,8,6.925,0,0,0.10 | 0.11 | 0.11,0,1.57 | 2.98 | 4.26,0,0.94 | 1.34 | 2.55,0.901,0.000,0,1,0,0,0,0,-1,0,0,0,,0,,0,,0,0,900.75,0,1
17253896237,580,2,3,8,8,6.925,0,0,0.10 | 0.11 | 0.11,0,1.57 | 2.98 | 4.26,0,0.94 | 1.34 | 2.55,0.901,0.000,0,1,0,0,0,0,-1,0,0,0,,0,,0,,0,0,900.75,0,1
17253896238,580,2,3,8,8,6.925,0,0,0.10 | 0.11 | 0.11,0,1.57 | 2.98 | 4.26,0,0.94 | 1.34 | 2.55,0.901,0.000,0,1,0,0,0,0,-1,0,0,0,,0,,0,,0,0,900.75,0,1
17253896239,580,2,3,8,8,5.863,0,0,0.10 | 0.11 | 0.11,0,1.57 | 2.98 | 4.26,0,0.94 | 1.34 | 2.55,0.901,0.000,0,1,0,0,0,0,-1,0,0,0,,0,,0,,0,0,900.75,0,1
17253896240,580,2,3,8,8,5.863,0,0,0.10 | 0.11 | 0.11,0,1.57 | 2.98 | 4.26,0,0.94 | 1.34 | 2.55,0.901,0.000,0,1,0,0,0,0,-1,0,0,0,,0,,0,,0,0,900.75,0,1
17253896241,580,2,3,8,8,5.863,0,0,0.10 | 0.11 | 0.11,0,1.57 | 2.98 | 4.26,0,0.94 | 1.34 | 2.55,0.901,0.000,0,1,0,0,0,0,-1,0,0,0,,0,,0,,0,0,900.75,0,1
17253896242,580,2,3,8,8,5.863,0,0,0.10 | 0.11 | 0.11,0,1.57 | 2.98 | 4.26,0,0.94 | 1.34 | 2.55,0.901,0.000,0,1,0,0,0,0,-1,0,0,0,,0,,0,,0,0,900.75,0,1
17253896243,580,2,3,8,8,5.863,0,0,0.10 | 0.11 | 0.11,0,1.57 | 2.98 | 4.26,0,0.94 | 1.34 | 2.55,0.901,0.000,0,1,0,0,0,0,-1,0,0,0,,0,,0,,0,0,900.75,0,1
17253896244,580,2,3,8,8,5.863,0,0,0.10 | 0.11 | 0.11,0,1.57 | 2.98 | 4.26,0,0.94 | 1.34 | 2.55,0.901,0.000,0,1,0,0,0,0,-1,0,0,0,,0,,0,,0,0,900.75,0,1
17253896245,580,2,3,8,8,5.863,0,0,0.10 | 0.11 | 0.11,0,1.57 | 2.98 | 4.26,0,0.94 | 1.34 | 2.55,0.901,0.000,0,1,0,0,0,0,-1,0,0,0,,0,,0,,0,0,900.75,0,1
17253896246,580,2,3,8,8,5.863,0,0,0.10 | 0.11 | 0.11,0,1.57 | 2.98 | 4.26,0,0.94 | 1.34 | 2.55,0.901,0.000,0,1,0,0,0,0,-1,0,0,0,,0,,0,,0,0,900.75,0,1
17253896247,580,2,3,8,8,5.863,0,0,0.10 | 0.11 | 0.11,0,1.57 | 2.98 | 4.26,0,0.94 | 1.34 | 2.55,0.901,0.000,0,1,0,0,0,0,-1,0,0,0,,0,,0,,0,0,900.75,0,1
17253896248,580,2,3,8,8,5.863,0,0,0.10 | 0.11 | 0.11,0,1.57 | 2.98 | 4.26,0,0.94 | 1.34 | 2.55,0.901,0.000,0,1,0,0,0,0,-1,0,0,0,,0,,0,,0,0,907.5,0,1
17253896249,580,2,3,8,8,8,0,0,0.10 | 0.11 | 0.11,0,1.57 | 2.76 | 4.26,0,0.94 | 1.45 | 2.55,0.907,0.000,0,1,0,0,0,0,-1,0,0,0,,0,,0,,0,0,907.5,0,1
17253896250,580,2,3,8,8,8,0,0,0.10 | 0.11 | 0.11,0,1.57 | 2.76 | 4.26,0,0.94 | 1.45 | 2.55,0.907,0.000,0,1,0,0,0,0,-1,0,0,0,,0,,0,,0,0,907.5,0,1
17253896251,580,3,3,8,8,8,0,0,0.10 | 0.11 | 0.11,0,1.57 | 2.76 | 4.26,0,0.94 | 1.45 | 2.55,0.907,0.000,0,1,0,0,0,0,-1,0,0,0,,0,,0,,0,0,907.5,0,1
17253896252,580,3,3,8,8,8,0,0,0.10 | 0.11 | 0.11,0,1.57 | 2.76 | 4.26,0,0.94 | 1.45 | 2.55,0.907,0.000,0,1,0,0,0,0,-1,0,0,0,,0,,0,,0,0,907.5,0,1
17253896253,580,3,3,8,8,8,0,0,0.10 | 0.11 | 0.11,0,1.57 | 2.76 | 4.26,0,0.94 | 1.45 | 2.55,0.907,0.000,0,1,0,0,0,0,-1,0,0,0,,0,,0,,0,0,907.5,0,1
17253896254,580,3,3,8,8,8,0,0,0.10 | 0.11 | 0.11,0,1.57 | 2.76 | 4.26,0,0.94 | 1.45 | 2.55,0.907,0.000,0,1,0,0,0,0,-1,0,0,0,,0,,0,,0,0,907.5,0,1
17253896255,580,3,3,8,8,8,0,0,0.10 | 0.11 | 0.11,0,1.57 | 2.76 | 4.26,0,0.94 | 1.45 | 2.55,0.907,0.000,0,1,0,0,0,0,-1,0,0,0,,0,,0,,0,0,907.5,0,1
17253896256,580,3,3,8,8,8,0,0,0.10 | 0.11 | 0.11,0,1.57 | 2.76 | 4.26,0,0.94 | 1.45 | 2.55,0.907,0.000,0,1,0,0,0,0,-1,0,0,0,,0,,0,,0,0,907.5,0,1
17253896257,580,3,3,8,8,8,0,0,0.10 | 0.11 | 0.11,0,1.57 | 2.76 | 4.26,0,0.94 | 1.45 | 2.55,0.907,0.000,0,1,0,0,0,0,-1,0,0,0,,0,,0,,0,0,907.5,0,1
17253896258,580,3,3,8,8,8,0,0,0.10 | 0.11 | 0.11,0,1.57 | 2.76 | 4.26,0,0.94 | 1.45 | 2.55,0.907,0.000,0,1,0,0,0,0,-1,0,0,0,,0,,0,,0,0,907.5,0,1
17253896259,580,3,3,8,8,6.938,0,0,0.10 | 0.11 | 0.11,0,1.57 | 2.76 | 4.26,0,0.94 | 1.45 | 2.55,0.907,0.000,0,1,0,0,0,0,-1,0,0,0,,0,,0,,0,0,907.5,0,1
17253896260,580,3,3,8,8,6.938,0,0,0.10 | 0.11 | 0.11,0,1.57 | 2.76 | 4.26,0,0.94 | 1.45 | 2.55,0.907,0.000,0,1,0,0,0,0,-1,0,0,0,,0,,0,,0,0,907.5,0,1
17253896261,580,3,3,8,8,6.938,0,0,0.10 | 0.11 | 0.11,0,1.57 | 2.76 | 4.26,0,0.94 | 1.45 | 2.55,0.907,0.000,0,1,0,0,0,0,-1,0,0,0,,0,,0,,0,0,907.5,0,1
17253896262,580,3,3,8,8,6.938,0,0,0.10 | 0.11 | 0.11,0,1.57 | 2.76 | 4.26,0,0.94 | 1.45 | 2.55,0.907,0.000,0,1,0,0,0,0,-1,0,0,0,,0,,0,,0,0,907.5,0,1
17253896263,580,3,3,8,8,6.938,0,0,0.10 | 0.11 | 0.11,0,1.57 | 2.76 | 4.26,0,0.94 | 1.45 | 2.55,0.907,0.000,0,1,0,0,0,0,-1,0,0,0,,0,,0,,0,0,907.5,0,1
17253896264,580,3,3,8,8,6.938,0,0,0.10 | 0.11 | 0.11,0,1.57 | 2.76 | 4.26,0,0.94 | 1.45 | 2.55,0.907,0.000,0,1,0,0,0,0,-1,0,0,0,,0,,0,,0,0,907.5,0,1
17253896265,580,3,3,8,8,6.938,0,0,0.10 | 0.11 | 0.11,0,1.57 | 2.76 | 4.26,0,0.94 | 1.45 | 2.55,0.907,0.000,0,1,0,0,0,0,-1,0,0,0,,0,,0,,0,0,907.5,0,1
17253896266,580,3,3,8,8,6.938,0,0,0.10 | 0.11 | 0.11,0,1.57 | 2.76 | 4.26,0,0.94 | 1.45 | 2.55,0.907,0.000,0,1,0,0,0,0,-1,0,0,0,,0,,0,,0,0,907.5,0,1
17253896267,580,3,3,8,8,6.938,0,0,0.10 | 0.11 | 0.11,0,1.57 | 2.76 | 4.26,0,0.94 | 1.45 | 2.55,0.907,0.000,0,1,0,0,0,0,-1,0,0,0,,0,,0,,0,0,907.5,0,1
17253896268,580,3,3,8,8,6.938,0,0,0.10 | 0.11 | 0.11,0,1.57 | 2.76 | 4.26,0,0.94 | 1.45 | 2.55,0.907,0.000,0,1,0,0,0,0,-1,0,0,0,,0,,0,,0,0,907.5,0,1
17253896269,580,3,3,8,8,5.913,0,0,0.10 | 0.11 | 0.11,0,1.57 | 2.76 | 4.26,0,0.94 | 1.45 | 2.55,0.907,0.000,0,1,0,0,0,0,-1,0,0,0,,0,,0,,0,0,907.5,0,1
17253896270,580,3,3,8,8,5.913,0,0,0.10 | 0.11 | 0.11,0,1.57 | 2.76 | 4.26,0,0.94 | 1.45 | 2.55,0.907,0.000,0,1,0,0,0,0,-1,0,0,0,,0,,0,,0,0,907.5,0,1
17253896271,580,3,3,8,8,5.913,0,0,0.10 | 0.11 | 0.11,0,1.57 | 2.76 | 4.26,0,0.94 | 1.45 | 2.55,0.907,0.000,0,1,0,0,0,0,-1,0,0,0,,0,,0,,0,0,907.5,0,1
17253896272,580,3,3,8,8,5.913,0,0,0.10 | 0.11 | 0.11,0,1.57 | 2.76 | 4.26,0,0.94 | 1.45 | 2.55,0.907,0.000,0,1,0,0,0,0,-1,0,0,0,,0,,0,,0,0,907.5,0,1
17253896273,580,3,3,8,8,5.913,0,0,0.10 | 0.11 | 0.11,0,1.57 | 2.76 | 4.26,0,0.94 | 1.45 | 2.55,0.907,0.000,0,1,0,0,0,0,-1,0,0,0,,0,,0,,0,0,907.5,0,1
17253896274,580,3,3,8,8,5.913,0,0,0.10 | 0.11 | 0.11,0,1.57 | 2.76 | 4.26,0,0.94 | 1.45 | 2.55,0.907,0.000,0,1,0,0,0,0,-1,0,0,0,,0,,0,,0,0,907.5,0,1
17253896275,580,3,3,8,8,5.913,0,0,0.10 | 0.11 | 0.11,0,1.57 | 2.76 | 4.26,0,0.94 | 1.45 | 2.55,0.907,0.000,0,1,0,0,0,0,-1,0,0,0,,0,,0,,0,0,907.5,0,1
17253896276,580,3,3,8,8,5.913,0,0,0.10 | 0.11 | 0.11,0,1.57 | 2.76 | 4.26,0,0.94 | 1.45 | 2.55,0.907,0.000,0,1,0,0,0,0,-1,0,0,0,,0,,0,,0,0,907.5,0,1
17253896277,580,3,3,8,8,5.913,0,0,0.10 | 0.11 | 0.11,0,1.57 | 2.76 | 4.26,0,0.94 | 1.45 | 2.55,0.907,0.000,0,1,0,0,0,0,-1,0,0,0,,0,,0,,0,0,907.5,0,1
17253896278,580,3,3,8,8,5.913,0,0,0.10 | 0.11 | 0.11,0,1.57 | 2.76 | 4.26,0,0.94 | 1.45 | 2.55,0.907,0.000,0,1,0,0,0,0,-1,0,0,0,,0,,0,,0,0,907.5,0,1
17253896279,580,3,3,8,8,5.078,0,0,0.10 | 0.11 | 0.11,0,1.57 | 2.76 | 4.26,0,0.94 | 1.45 | 2.55,0.907,0.000,0,1,0,0,0,0,-1,0,0,0,,0,,0,,0,0,907.5,0,1
17253896280,580,3,3,8,8,5.078,0,0,0.10 | 0.11 | 0.11,0,1.57 | 2.76 | 4.26,0,0.94 | 1.45 | 2.55,0.907,0.000,0,1,0,0,0,0,-1,0,0,0,,0,,0,,0,0,907.5,0,1
17253896281,580,3,3,8,8,5.078,0,0,0.10 | 0.11 | 0.11,0,1.57 | 2.76 | 4.26,0,0.94 | 1.45 | 2.55,0.907,0.000,0,1,0,0,0,0,-1,0,0,0,,0,,0,,0,0,907.5,0,1
17253896282,580,3,3,8,8,5.078,0,0,0.10 | 0.11 | 0.11,0,1.57 | 2.76 | 4.26,0,0.94 | 1.45 | 2.55,0.907,0.000,0,1,0,0,0,0,-1,0,0,0,,0,,0,,0,0,903,0,1
17253896283,580,3,3,8,8,5.078,0,0,0.10 | 0.11 | 0.11,0,1.57 | 2.76 | 4.26,0,0.94 | 1.45 | 2.55,0.907,0.000,0,1,0,0,0,0,-1,0,0,0,,0,,0,,0,0,903,0,1
17253896284,580,3,3,8,8,5.078,0,0,0.10 | 0.11 | 0.11,0,1.57 | 2.76 | 4.26,0,0.94 | 1.45 | 2.55,0.907,0.000,0,1,0,0,0,0,-1,0,0,0,,0,,0,,0,0,903,0,1
17253896285,580,3,3,8,8,5.078,0,0,0.10 | 0.11 | 0.11,0,1.57 | 2.76 | 4.26,0,0.94 | 1.45 | 2.55,0.907,0.000,0,1,0,0,0,0,-1,0,0,0,,0,,0,,0,0,903,0,1
17253896286,580,3,3,8,8,5.078,0,0,0.10 | 0.11 | 0.11,0,1.57 | 2.76 | 4.26,0,0.94 | 1.45 | 2.55,0.907,0.000,0,1,0,0,0,0,-1,0,0,0,,0,,0,,0,0,903,0,1
17253896287,580,3,3,8,8,5.078,0,0,0.10 | 0.11 | 0.11,0,1.57 | 2.76 | 4.26,0,0.94 | 1.45 | 2.55,0.907,0.000,0,1,0,0,0,0,-1,0,0,0,,0,,0,,0,0,903,0,1
17253896288,580,3,3,8,8,5.078,0,0,0.10 | 0.11 | 0.11,0,1.57 | 2.76 | 4.26,0,0.94 | 1.45 | 2.55,0.907,0.000,0,1,0,0,0,0,-1,0,0,0,,0,,0,,0,0,903,0,1
17253896289,580,3,3,8,8,8.816,0,0,0.10 | 0.11 | 0.11,0,1.57 | 2.53 | 3.33,0,1.20 | 1.58 | 2.55,0.903,0.000,0,1,0,0,0,0,-1,0,0,0,,0,,0,,0,0,903,0,1
17253896290,580,3,3,8,8,8.816,0,0,0.10 | 0.11 | 0.11,0,1.57 | 2.53 | 3.33,0,1.20 | 1.58 | 2.55,0.903,0.000,0,1,0,0,0,0,-1,0,0,0,,0,,0,,0,0,903,0,1
17253896291,580,3,3,8,8,8.816,0,0,0.10 | 0.11 | 0.11,0,1.57 | 2.53 | 3.33,0,1.20 | 1.58 | 2.55,0.903,0.000,0,1,0,0,0,0,-1,0,0,0,,0,,0,,0,0,903,0,1
17253896292,580,3,3,8,8,8.816,0,0,0.10 | 0.11 | 0.11,0,1.57 | 2.53 | 3.33,0,1.20 | 1.58 | 2.55,0.903,0.000,0,1,0,0,0,0,-1,0,0,0,,0,,0,,0,0,903,0,1
17253896293,580,3,3,8,8,8.816,0,0,0.10 | 0.11 | 0.11,0,1.57 | 2.53 | 3.33,0,1.20 | 1.58 | 2.55,0.903,0.000,0,1,0,0,0,0,-1,0,0,0,,0,,0,,0,0,903,0,1
17253896294,580,3,3,8,8,8.816,0,0,0.10 | 0.11 | 0.11,0,1.57 | 2.53 | 3.33,0,1.20 | 1.58 | 2.55,0.903,0.000,0,1,0,0,0,0,-1,0,0,0,,0,,0,,0,0,903,0,1
17253896295,580,3,3,8,8,8.816,0,0,0.10 | 0.11 | 0.11,0,1.57 | 2.53 | 3.33,0,1.20 | 1.58 | 2.55,0.903,0.000,0,1,0,0,0,0,-1,0,0,0,,0,,0,,0,0,903,0,1
17253896296,580,3,3,8,8,8.816,0,0,0.10 | 0.11 | 0.11,0,1.57 | 2.53 | 3.33,0,1.20 | 1.58 | 2.55,0.903,0.000,0,1,0,0,0,0,-1,0,0,0,,0,,0,,0,0,903,0,1
17253896297,580,3,3,8,8,8.816,0,0,0.10 | 0.11 | 0.11,0,1.57 | 2.53 | 3.33,0,1.20 | 1.58 | 2.55,0.903,0.000,0,1,0,0,0,0,-1,0,0,0,,0,,0,,0,0,903,0,1
17253896298,580,3,3,8,8,8.816,0,0,0.10 | 0.11 | 0.11,0,1.57 | 2.53 | 3.33,0,1.20 | 1.58 | 2.55,0.903,0.000,0,1,0,0,0,0,-1,0,0,0,,0,,0,,0,0,903,0,1
17253896299,580,3,3,8,8,7.753,0,0,0.10 | 0.11 | 0.11,0,1.57 | 2.53 | 3.33,0,1.20 | 1.58 | 2.55,0.903,0.000,0,1,0,0,0,0,-1,0,0,0,,0,,0,,0,0,903,0,1
17253896300,580,3,3,8,8,7.753,0,0,0.10 | 0.11 | 0.11,0,1.57 | 2.53 | 3.33,0,1.20 | 1.58 | 2.55,0.903,0.000,0,1,0,0,0,0,-1,0,0,0,,0,,0,,0,0,903,0,1
17253896301,580,3,3,8,8,7.753,0,0,0.10 | 0.11 | 0.11,0,1.57 | 2.53 | 3.33,0,1.20 | 1.58 | 2.55,0.903,0.000,0,1,0,0,0,0,-1,0,0,0,,0,,0,,0,0,903,0,1
17253896302,580,3,3,8,8,7.753,0,0,0.10 | 0.11 | 0.11,0,1.57 | 2.53 | 3.33,0,1.20 | 1.58 | 2.55,0.903,0.000,0,1,0,0,0,0,-1,0,0,0,,0,,0,,0,0,900.75,0,1
17253896303,580,3,3,8,8,7.753,0,0,0.10 | 0.11 | 0.11,0,1.57 | 2.53 | 3.33,0,1.20 | 1.58 | 2.55,0.903,0.000,0,1,0,0,0,0,-1,0,0,0,,0,,0,,0,0,900.75,0,1
17253896304,580,3,3,8,8,7.753,0,0,0.10 | 0.11 | 0.11,0,1.57 | 2.53 | 3.33,0,1.20 | 1.58 | 2.55,0.903,0.000,0,1,0,0,0,0,-1,0,0,0,,0,,0,,0,0,900.75,0,1
17253896305,580,3,3,8,8,7.753,0,0,0.10 | 0.11 | 0.11,0,1.57 | 2.53 | 3.33,0,1.20 | 1.58 | 2.55,0.903,0.000,0,1,0,0,0,0,-1,0,0,0,,0,,0,,0,0,900.75,0,1
17253896306,580,3,3,8,8,7.753,0,0,0.10 | 0.11 | 0.11,0,1.57 | 2.53 | 3.33,0,1.20 | 1.58 | 2.55,0.903,0.000,0,1,0,0,0,0,-1,0,0,0,,0,,0,,0,0,900.75,0,1
17253896307,580,3,3,8,8,7.753,0,0,0.10 | 0.11 | 0.11,0,1.57 | 2.53 | 3.33,0,1.20 | 1.58 | 2.55,0.903,0.000,0,1,0,0,0,0,-1,0,0,0,,0,,0,,0,0,900.75,0,1
17253896308,580,3,3,8,8,7.753,0,0,0.10 | 0.11 | 0.11,0,1.57 | 2.53 | 3.33,0,1.20 | 1.58 | 2.55,0.903,0.000,0,1,0,0,0,0,-1,0,0,0,,0,,0,,0,0,900.75,0,1
17253896309,580,3,3,8,8,10.157,0,0,0.10 | 0.11 | 0.11,0,1.83 | 2.59 | 3.33,0,1.20 | 1.54 | 2.18,0.901,0.000,0,1,0,0,0,0,-1,0,0,0,,0,,0,,0,0,900.75,0,1
17253896310,580,3,3,8,8,10.157,0,0,0.10 | 0.11 | 0.11,0,1.83 | 2.59 | 3.33,0,1.20 | 1.54 | 2.18,0.901,0.000,0,1,0,0,0,0,-1,0,0,0,,0,,0,,0,0,900.75,0,1
17253896311,580,3,3,8,8,10.157,0,0,0.10 | 0.11 | 0.11,0,1.83 | 2.59 | 3.33,0,1.20 | 1.54 | 2.18,0.901,0.000,0,1,0,0,0,0,-1,0,0,0,,0,,0,,0,0,900.75,0,1
17253896312,580,3,3,8,8,10.157,0,0,0.10 | 0.11 | 0.11,0,1.83 | 2.59 | 3.33,0,1.20 | 1.54 | 2.18,0.901,0.000,0,1,0,0,0,0,-1,0,0,0,,0,,0,,0,0,900.75,0,1
17253896313,580,3,3,8,8,10.157,0,0,0.10 | 0.11 | 0.11,0,1.83 | 2.59 | 3.33,0,1.20 | 1.54 | 2.18,0.901,0.000,0,1,0,0,0,0,-1,0,0,0,,0,,0,,0,0,900.75,0,1
17253896314,580,3,3,8,8,10.157,0,0,0.10 | 0.11 | 0.11,0,1.83 | 2.59 | 3.33,0,1.20 | 1.54 | 2.18,0.901,0.000,0,1,0,0,0,0,-1,0,0,0,,0,,0,,0,0,900.75,0,1
17253896315,580,3,3,8,8,10.157,0,0,0.10 | 0.11 | 0.11,0,1.83 | 2.59 | 3.33,0,1.20 | 1.54 | 2.18,0.901,0.000,0,1,0,0,0,0,-1,0,0,0,,0,,0,,0,0,900.75,0,1
17253896316,580,3,3,8,8,10.157,0,0,0.10 | 0.11 | 0.11,0,1.83 | 2.59 | 3.33,0,1.20 | 1.54 | 2.18,0.901,0.000,0,1,0,0,0,0,-1,0,0,0,,0,,0,,0,0,900.75,0,1
17253896317,580,3,3,8,8,10.157,0,0,0.10 | 0.11 | 0.11,0,1.83 | 2.59 | 3.33,0,1.20 | 1.54 | 2.18,0.901,0.000,0,1,0,0,0,0,-1,0,0,0,,0,,0,,0,0,900.75,0,1
17253896318,580,3,3,8,8,10.157,0,0,0.10 | 0.11 | 0.11,0,1.83 | 2.59 | 3.33,0,1.20 | 1.54 | 2.18,0.901,0.000,0,1,0,0,0,0,-1,0,0,0,,0,,0,,0,0,900.75,0,1
17253896319,580,3,3,8,8,9.094,0,0,0.10 | 0.11 | 0.11,0,1.83 | 2.59 | 3.33,0,1.20 | 1.54 | 2.18,0.901,0.000,0,1,0,0,0,0,-1,0,0,0,,0,,0,,0,0,900.75,0,1
17253896320,580,3,3,8,8,9.094,0,0,0.10 | 0.11 | 0.11,0,1.83 | 2.59 | 3.33,0,1.20 | 1.54 | 2.18,0.901,0.000,0,1,0,0,0,0,-1,0,0,0,,0,,0,,0,0,900.75,0,1
17253896321,580,3,3,8,8,9.094,0,0,0.10 | 0.11 | 0.11,0,1.83 | 2.59 | 3.33,0,1.20 | 1.54 | 2.18,0.901,0.000,0,1,0,0,0,0,-1,0,0,0,,0,,0,,0,0,900.75,0,1
17253896322,580,3,3,8,8,9.094,0,0,0.10 | 0.11 | 0.11,0,1.83 | 2.59 | 3.33,0,1.20 | 1.54 | 2.18,0.901,0.000,0,1,0,0,0,0,-1,0,0,0,,0,,0,,0,0,900.75,0,1
17253896323,580,3,3,8,8,9.094,0,0,0.10 | 0.11 | 0.11,0,1.83 | 2.59 | 3.33,0,1.20 | 1.54 | 2.18,0.901,0.000,0,1,0,0,0,0,-1,0,0,0,,0,,0,,0,0,900.75,0,1
17253896324,580,3,3,8,8,9.094,0,0,0.10 | 0.11 | 0.11,0,1.83 | 2.59 | 3.33,0,1.20 | 1.54 | 2.18,0.901,0.000,0,1,0,0,0,0,-1,0,0,0,,0,,0,,0,0,900.75,0,1
17253896325,580,3,3,8,8,9.094,0,0,0.10 | 0.11 | 0.11,0,1.83 | 2.59 | 3.33,0,1.20 | 1.54 | 2.18,0.901,0.000,0,1,0,0,0,0,-1,0,0,0,,0,,0,,0,0,900.75,0,1
17253896326,580,3,3,8,8,9.094,0,0,0.10 | 0.11 | 0.11,0,1.83 | 2.59 | 3.33,0,1.20 | 1.54 | 2.18,0.901,0.000,0,1,0,0,0,0,-1,0,0,0,,0,,0,,0,0,900.75,0,1
17253896327,580,3,3,8,8,9.094,0,0,0.10 | 0.11 | 0.11,0,1.83 | 2.59 | 3.33,0,1.20 | 1.54 | 2.18,0.901,0.000,0,1,0,0,0,0,-1,0,0,0,,0,,0,,0,0,900.75,0,1
17253896328,580,3,3,8,8,9.094,0,0,0.10 | 0.11 | 0.11,0,1.83 | 2.59 | 3.33,0,1.20 | 1.54 | 2.18,0.901,0.000,0,1,0,0,0,0,-1,0,0,0,,0,,0,,0,0,900.75,0,1
17253896329,580,3,3,8,8,8.031,0,0,0.10 | 0.11 | 0.11,0,1.83 | 2.59 | 3.33,0,1.20 | 1.54 | 2.18,0.901,0.000,0,1,0,0,0,0,-1,0,0,0,,0,,0,,0,0,900.75,0,1
17253896330,580,3,3,8,8,8.031,0,0,0.10 | 0.11 | 0.11,0,1.83 | 2.59 | 3.33,0,1.20 | 1.54 | 2.18,0.901,0.000,0,1,0,0,0,0,-1,0,0,0,,0,,0,,0,0,900.75,0,1
17253896331,580,3,3,8,8,8.031,0,0,0.10 | 0.11 | 0.11,0,1.83 | 2.59 | 3.33,0,1.20 | 1.54 | 2.18,0.901,0.000,0,1,0,0,0,0,-1,0,0,0,,0,,0,,0,0,900.75,0,1
17253896332,580,3,3,8,8,8.031,0,0,0.10 | 0.11 | 0.11,0,1.83 | 2.59 | 3.33,0,1.20 | 1.54 | 2.18,0.901,0.000,0,1,0,0,0,0,-1,0,0,0,,0,,0,,0,0,901.75,0,1
17253896333,580,3,3,8,8,8.031,0,0,0.10 | 0.11 | 0.11,0,1.83 | 2.59 | 3.33,0,1.20 | 1.54 | 2.18,0.901,0.000,0,1,0,0,0,0,-1,0,0,0,,0,,0,,0,0,901.75,0,1
17253896334,580,3,3,8,8,8.031,0,0,0.10 | 0.11 | 0.11,0,1.83 | 2.59 | 3.33,0,1.20 | 1.54 | 2.18,0.901,0.000,0,1,0,0,0,0,-1,0,0,0,,0,,0,,0,0,901.75,0,1
17253896335,580,3,3,8,8,8.031,0,0,0.10 | 0.11 | 0.11,0,1.83 | 2.59 | 3.33,0,1.20 | 1.54 | 2.18,0.901,0.000,0,1,0,0,0,0,-1,0,0,0,,0,,0,,0,0,901.75,0,1
17253896336,580,3,3,8,8,8.031,0,0,0.10 | 0.11 | 0.11,0,1.83 | 2.59 | 3.33,0,1.20 | 1.54 | 2.18,0.901,0.000,0,1,0,0,0,0,-1,0,0,0,,0,,0,,0,0,901.75,0,1
17253896337,580,3,3,8,8,8.031,0,0,0.10 | 0.11 | 0.11,0,1.83 | 2.59 | 3.33,0,1.20 | 1.54 | 2.18,0.901,0.000,0,1,0,0,0,0,-1,0,0,0,,0,,0,,0,0,901.75,0,1
17253896338,580,3,3,8,8,8.031,0,0,0.10 | 0.11 | 0.11,0,1.83 | 2.59 | 3.33,0,1.20 | 1.54 | 2.18,0.901,0.000,0,1,0,0,0,0,-1,0,0,0,,0,,0,,0,0,901.75,0,1
17253896339,580,3,3,8,8,11.769,0,0,0.10 | 0.11 | 0.11,0,1.83 | 2.54 | 3.33,0,1.20 | 1.57 | 2.18,0.902,0.000,0,1,0,0,0,0,-1,0,0,0,,0,,0,,0,0,901.75,0,1
17253896340,580,3,3,8,8,11.769,0,0,0.10 | 0.11 | 0.11,0,1.83 | 2.54 | 3.33,0,1.20 | 1.57 | 2.18,0.902,0.000,0,1,0,0,0,0,-1,0,0,0,,0,,0,,0,0,901.75,0,1
17253896341,580,3,3,8,8,11.769,0,0,0.10 | 0.11 | 0.11,0,1.83 | 2.54 | 3.33,0,1.20 | 1.57 | 2.18,0.902,0.000,0,1,0,0,0,0,-1,0,0,0,,0,,0,,0,0,901.75,0,1
17253896342,580,3,3,8,8,11.769,0,0,0.10 | 0.11 | 0.11,0,1.83 | 2.54 | 3.33,0,1.20 | 1.57 | 2.18,0.902,0.000,0,1,0,0,0,0,-1,0,0,0,,0,,0,,0,0,901.75,0,1
17253896343,580,3,3,8,8,11.769,0,0,0.10 | 0.11 | 0.11,0,1.83 | 2.54 | 3.33,0,1.20 | 1.57 | 2.18,0.902,0.000,0,1,0,0,0,0,-1,0,0,0,,0,,0,,0,0,901.75,0,1
17253896344,580,3,3,8,8,11.769,0,0,0.10 | 0.11 | 0.11,0,1.83 | 2.54 | 3.33,0,1.20 | 1.57 | 2.18,0.902,0.000,0,1,0,0,0,0,-1,0,0,0,,0,,0,,0,0,901.75,0,1
17253896345,580,3,3,8,8,11.769,0,0,0.10 | 0.11 | 0.11,0,1.83 | 2.54 | 3.33,0,1.20 | 1.57 | 2.18,0.902,0.000,0,1,0,0,0,0,-1,0,0,0,,0,,0,,0,0,901.75,0,1
17253896346,580,3,3,8,8,11.769,0,0,0.10 | 0.11 | 0.11,0,1.83 | 2.54 | 3.33,0,1.20 | 1.57 | 2.18,0.902,0.000,0,1,0,0,0,0,-1,0,0,0,,0,,0,,0,0,901.75,0,1
17253896347,580,3,3,8,8,11.769,0,0,0.10 | 0.11 | 0.11,0,1.83 | 2.54 | 3.33,0,1.20 | 1.57 | 2.18,0.902,0.000,0,1,0,0,0,0,-1,0,0,0,,0,,0,,0,0,901.75,0,1
17253896348,580,3,3,8,8,11.769,0,0,0.10 | 0.11 | 0.11,0,1.83 | 2.54 | 3.33,0,1.20 | 1.57 | 2.18,0.902,0.000,0,1,0,0,0,0,-1,0,0,0,,0,,0,,0,0,901.75,0,1
17253896349,580,3,3,8,8,10.707,0,0,0.10 | 0.11 | 0.11,0,1.83 | 2.54 | 3.33,0,1.20 | 1.57 | 2.18,0.902,0.000,0,1,0,0,0,0,-1,0,0,0,,0,,0,,0,0,901.75,0,1
17253896350,580,3,3,8,8,10.707,0,0,0.10 | 0.11 | 0.11,0,1.83 | 2.54 | 3.33,0,1.20 | 1.57 | 2.18,0.902,0.000,0,1,0,0,0,0,-1,0,0,0,,0,,0,,0,0,901.75,0,1
17253896351,580,3,3,8,8,10.707,0,0,0.10 | 0.11 | 0.11,0,1.83 | 2.54 | 3.33,0,1.20 | 1.57 | 2.18,0.902,0.000,0,1,0,0,0,0,-1,0,0,0,,0,,0,,0,0,901.75,0,1
17253896352,580,3,3,8,8,10.707,0,0,0.10 | 0.11 | 0.11,0,1.83 | 2.54 | 3.33,0,1.20 | 1.57 | 2.18,0.902,0.000,0,1,0,0,0,0,-1,0,0,0,,0,,0,,0,0,901.75,0,1
17253896353,580,3,3,8,8,10.707,0,0,0.10 | 0.11 | 0.11,0,1.83 | 2.54 | 3.33,0,1.20 | 1.57 | 2.18,0.902,0.000,0,1,0,0,0,0,-1,0,0,0,,0,,0,,0,0,901.75,0,1
17253896354,580,3,3,8,8,10.707,0,0,0.10 | 0.11 | 0.11,0,1.83 | 2.54 | 3.33,0,1.20 | 1.57 | 2.18,0.902,0.000,0,1,0,0,0,0,-1,0,0,0,,0,,0,,0,0,901.75,0,1
17253896355,580,3,3,8,8,10.707,0,0,0.10 | 0.11 | 0.11,0,1.83 | 2.54 | 3.33,0,1.20 | 1.57 | 2.18,0.902,0.000,0,1,0,0,0,0,-1,0,0,0,,0,,0,,0,0,901.75,0,1
17253896356,580,3,3,8,8,10.707,0,0,0.10 | 0.11 | 0.11,0,1.83 | 2.54 | 3.33,0,1.20 | 1.57 | 2.18,0.902,0.000,0,1,0,0,0,0,-1,0,0,0,,0,,0,,0,0,901.75,0,1
17253896357,580,3,3,8,8,10.707,0,0,0.10 | 0.11 | 0.11,0,1.83 | 2.54 | 3.33,0,1.20 | 1.57 | 2.18,0.902,0.000,0,1,0,0,0,0,-1,0,0,0,,0,,0,,0,0,901.75,0,1
17253896358,580,3,3,8,8,10.707,0,0,0.10 | 0.11 | 0.11,0,1.83 | 2.54 | 3.33,0,1.20 | 1.57 | 2.18,0.902,0.000,0,1,0,0,0,0,-1,0,0,0,,0,,0,,0,0,901.75,0,1
17253896359,580,3,3,8,8,9.91,0,0,0.10 | 0.11 | 0.11,0,1.83 | 2.54 | 3.33,0,1.20 | 1.57 | 2.18,0.902,0.000,0,1,0,0,0,0,-1,0,0,0,,0,,0,,0,0,901.75,0,1
17253896360,580,3,3,8,8,9.91,0,0,0.10 | 0.11 | 0.11,0,1.83 | 2.54 | 3.33,0,1.20 | 1.57 | 2.18,0.902,0.000,0,1,0,0,0,0,-1,0,0,0,,0,,0,,0,0,901.75,0,1
17253896361,580,3,3,8,8,9.91,0,0,0.10 | 0.11 | 0.11,0,1.83 | 2.54 | 3.33,0,1.20 | 1.57 | 2.18,0.902,0.000,0,1,0,0,0,0,-1,0,0,0,,0,,0,,0,0,901.75,0,1
17253896362,580,3,3,8,8,9.91,0,0,0.10 | 0.11 | 0.11,0,1.83 | 2.54 | 3.33,0,1.20 | 1.57 | 2.18,0.902,0.000,0,1,0,0,0,0,-1,0,0,0,,0,,0,,0,0,901.75,0,1
17253896363,580,3,3,8,8,9.91,0,0,0.10 | 0.11 | 0.11,0,1.83 | 2.54 | 3.33,0,1.20 | 1.57 | 2.18,0.902,0.000,0,1,0,0,0,0,-1,0,0,0,,0,,0,,0,0,901.75,0,1
17253896364,580,3,3,8,8,9.91,0,0,0.10 | 0.11 | 0.11,0,1.83 | 2.54 | 3.33,0,1.20 | 1.57 | 2.18,0.902,0.000,0,1,0,0,0,0,-1,0,0,0,,0,,0,,0,0,894,0,1
17253896365,580,3,3,8,8,9.91,0,0,0.10 | 0.11 | 0.11,0,1.83 | 2.54 | 3.33,0,1.20 | 1.57 | 2.18,0.902,0.000,0,1,0,0,0,0,-1,0,0,0,,0,,0,,0,0,894,0,1
17253896366,580,3,3,8,8,9.91,0,0,0.10 | 0.11 | 0.11,0,1.83 | 2.54 | 3.33,0,1.20 | 1.57 | 2.18,0.902,0.000,0,1,0,0,0,0,-1,0,0,0,,0,,0,,0,0,894,0,1
17253896367,580,3,3,8,8,9.91,0,0,0.10 | 0.11 | 0.11,0,1.83 | 2.54 | 3.33,0,1.20 | 1.57 | 2.18,0.902,0.000,0,1,0,0,0,0,-1,0,0,0,,0,,0,,0,0,894,0,1
17253896368,580,3,3,8,8,9.91,0,0,0.10 | 0.11 | 0.11,0,1.83 | 2.54 | 3.33,0,1.20 | 1.57 | 2.18,0.902,0.000,0,1,0,0,0,0,-1,0,0,0,,0,,0,,0,0,894,0,1
17253896369,772,3,4,8,8,11.913,0,0,0.10 | 0.11 | 0.11,0,1.83 | 2.55 | 3.33,0,1.20 | 1.57 | 2.18,0.894,0.000,0,1,0,0,0,0,-1,0,0,0,,0,,0,,0,0,894,0,1
17253896370,772,3,4,8,8,11.913,0,0,0.10 | 0.11 | 0.11,0,1.83 | 2.55 | 3.33,0,1.20 | 1.57 | 2.18,0.894,0.000,0,1,0,0,0,0,-1,0,0,0,,0,,0,,0,0,894,0,1
17253896371,772,3,4,8,8,11.913,0,0,0.10 | 0.11 | 0.11,0,1.83 | 2.55 | 3.33,0,1.20 | 1.57 | 2.18,0.894,0.000,0,1,0,0,0,0,-1,0,0,0,,0,,0,,0,0,894,0,1
17253896372,772,3,4,8,8,11.913,0,0,0.10 | 0.11 | 0.11,0,1.83 | 2.55 | 3.33,0,1.20 | 1.57 | 2.18,0.894,0.000,0,1,0,0,0,0,-1,0,0,0,,0,,0,,0,0,894,0,1
17253896373,772,3,4,8,8,11.913,0,0,0.10 | 0.11 | 0.11,0,1.83 | 2.55 | 3.33,0,1.20 | 1.57 | 2.18,0.894,0.000,0,1,0,0,0,0,-1,0,0,0,,0,,0,,0,0,894,0,1
17253896374,772,3,4,8,8,11.913,0,0,0.10 | 0.11 | 0.11,0,1.83 | 2.55 | 3.33,0,1.20 | 1.57 | 2.18,0.894,0.000,0,1,0,0,0,0,-1,0,0,0,,0,,0,,0,0,894,0,1
17253896375,772,3,4,8,8,11.913,0,0,0.10 | 0.11 | 0.11,0,1.83 | 2.55 | 3.33,0,1.20 | 1.57 | 2.18,0.894,0.000,0,1,0,0,0,0,-1,0,0,0,,0,,0,,0,0,894,0,1
17253896376,772,3,4,8,8,11.913,0,0,0.10 | 0.11 | 0.11,0,1.83 | 2.55 | 3.33,0,1.20 | 1.57 | 2.18,0.894,0.000,0,1,0,0,0,0,-1,0,0,0,,0,,0,,0,0,894,0,1
17253896377,772,3,4,8,8,11.913,0,0,0.10 | 0.11 | 0.11,0,1.83 | 2.55 | 3.33,0,1.20 | 1.57 | 2.18,0.894,0.000,0,1,0,0,0,0,-1,0,0,0,,0,,0,,0,0,894,0,1
17253896378,772,3,4,8,8,11.913,0,0,0.10 | 0.11 | 0.11,0,1.83 | 2.55 | 3.33,0,1.20 | 1.57 | 2.18,0.894,0.000,0,1,0,0,0,0,-1,0,0,0,,0,,0,,0,0,894,0,1
17253896379,772,3,4,8,8,10.985,0,0,0.10 | 0.11 | 0.11,0,1.83 | 2.55 | 3.33,0,1.20 | 1.57 | 2.18,0.894,0.000,0,1,0,0,0,0,-1,0,0,0,,0,,0,,0,0,894,0,1
17253896380,772,3,4,8,8,10.985,0,0,0.10 | 0.11 | 0.11,0,1.83 | 2.55 | 3.33,0,1.20 | 1.57 | 2.18,0.894,0.000,0,1,0,0,0,0,-1,0,0,0,,0,,0,,0,0,894,0,1
17253896381,772,3,4,8,8,10.985,0,0,0.10 | 0.11 | 0.11,0,1.83 | 2.55 | 3.33,0,1.20 | 1.57 | 2.18,0.894,0.000,0,1,0,0,0,0,-1,0,0,0,,0,,0,,0,0,894,0,1
17253896382,772,3,4,8,8,10.985,0,0,0.10 | 0.11 | 0.11,0,1.83 | 2.55 | 3.33,0,1.20 | 1.57 | 2.18,0.894,0.000,0,1,0,0,0,0,-1,0,0,0,,0,,0,,0,0,894,0,1
17253896383,772,3,4,8,8,10.985,0,0,0.10 | 0.11 | 0.11,0,1.83 | 2.55 | 3.33,0,1.20 | 1.57 | 2.18,0.894,0.000,0,1,0,0,0,0,-1,0,0,0,,0,,0,,0,0,894,0,1
17253896384,772,3,4,8,8,10.985,0,0,0.10 | 0.11 | 0.11,0,1.83 | 2.55 | 3.33,0,1.20 | 1.57 | 2.18,0.894,0.000,0,1,0,0,0,0,-1,0,0,0,,0,,0,,0,0,894,0,1
17253896385,772,3,4,8,8,10.985,0,0,0.10 | 0.11 | 0.11,0,1.83 | 2.55 | 3.33,0,1.20 | 1.57 | 2.18,0.894,0.000,0,1,0,0,0,0,-1,0,0,0,,0,,0,,0,0,894,0,1
17253896386,772,3,4,8,8,10.985,0,0,0.10 | 0.11 | 0.11,0,1.83 | 2.55 | 3.33,0,1.20 | 1.57 | 2.18,0.894,0.000,0,1,0,0,0,0,-1,0,0,0,,0,,0,,0,0,894,0,1
17253896387,772,3,4,8,8,10.985,0,0,0.10 | 0.11 | 0.11,0,1.83 | 2.55 | 3.33,0,1.20 | 1.57 | 2.18,0.894,0.000,0,1,0,0,0,0,-1,0,0,0,,0,,0,,0,0,894,0,1
17253896388,772,3,4,8,8,10.985,0,0,0.10 | 0.11 | 0.11,0,1.83 | 2.55 | 3.33,0,1.20 | 1.57 | 2.18,0.894,0.000,0,1,0,0,0,0,-1,0,0,0,,0,,0,,0,0,894,0,1
17253896389,772,3,4,8,8,9.922,0,0,0.10 | 0.11 | 0.11,0,1.83 | 2.55 | 3.33,0,1.20 | 1.57 | 2.18,0.894,0.000,0,1,0,0,0,0,-1,0,0,0,,0,,0,,0,0,894,0,1
17253896390,772,3,4,8,8,9.922,0,0,0.10 | 0.11 | 0.11,0,1.83 | 2.55 | 3.33,0,1.20 | 1.57 | 2.18,0.894,0.000,0,1,0,0,0,0,-1,0,0,0,,0,,0,,0,0,894,0,1
17253896391,772,3,4,8,8,9.922,0,0,0.10 | 0.11 | 0.11,0,1.83 | 2.55 | 3.33,0,1.20 | 1.57 | 2.18,0.894,0.000,0,1,0,0,0,0,-1,0,0,0,,0,,0,,0,0,894,0,1
17253896392,772,3,4,8,8,9.922,0,0,0.10 | 0.11 | 0.11,0,1.83 | 2.55 | 3.33,0,1.20 | 1.57 | 2.18,0.894,0.000,0,1,0,0,0,0,-1,0,0,0,,0,,0,,0,0,894,0,1
17253896393,772,3,4,8,8,9.922,0,0,0.10 | 0.11 | 0.11,0,1.83 | 2.55 | 3.33,0,1.20 | 1.57 | 2.18,0.894,0.000,0,1,0,0,0,0,-1,0,0,0,,0,,0,,0,0,894,0,1
17253896394,772,3,4,8,8,9.922,0,0,0.10 | 0.11 | 0.11,0,1.83 | 2.55 | 3.33,0,1.20 | 1.57 | 2.18,0.894,0.000,0,1,0,0,0,0,-1,0,0,0,,0,,0,,0,0,894,0,1
17253896395,772,3,4,8,8,9.922,0,0,0.10 | 0.11 | 0.11,0,1.83 | 2.55 | 3.33,0,1.20 | 1.57 | 2.18,0.894,0.000,0,1,0,0,0,0,-1,0,0,0,,0,,0,,0,0,894,0,1
17253896396,772,3,4,8,8,9.922,0,0,0.10 | 0.11 | 0.11,0,1.83 | 2.55 | 3.33,0,1.20 | 1.57 | 2.18,0.894,0.000,0,1,0,0,0,0,-1,0,0,0,,0,,0,,0,0,894,0,1
17253896397,772,3,4,8,8,9.922,0,0,0.10 | 0.11 | 0.11,0,1.83 | 2.55 | 3.33,0,1.20 | 1.57 | 2.18,0.894,0.000,0,1,0,0,0,0,-1,0,0,0,,0,,0,,0,0,894,0,1
17253896398,772,3,4,8,8,9.922,0,0,0.10 | 0.11 | 0.11,0,1.83 | 2.55 | 3.33,0,1.20 | 1.57 | 2.18,0.894,0.000,0,1,0,0,0,0,-1,0,0,0,,0,,0,,0,0,894,0,1
17253896399,772,3,4,8,8,9.125,0,0,0.10 | 0.11 | 0.11,0,1.83 | 2.55 | 3.33,0,1.20 | 1.57 | 2.18,0.894,0.000,0,1,0,0,0,0,-1,0,0,0,,0,,0,,0,0,894,0,1
17253896400,772,3,4,8,8,9.125,0,0,0.10 | 0.11 | 0.11,0,1.83 | 2.55 | 3.33,0,1.20 | 1.57 | 2.18,0.894,0.000,0,1,0,0,0,0,-1,0,0,0,,0,,0,,0,0,894,0,1
17253896401,772,3,4,8,8,9.125,0,0,0.10 | 0.11 | 0.11,0,1.83 | 2.55 | 3.33,0,1.20 | 1.57 | 2.18,0.894,0.000,0,1,0,0,0,0,-1,0,0,0,,0,,0,,0,0,894,0,1
17253896402,772,3,4,8,8,9.125,0,0,0.10 | 0.11 | 0.11,0,1.83 | 2.55 | 3.33,0,1.20 | 1.57 | 2.18,0.894,0.000,0,1,0,0,0,0,-1,0,0,0,,0,,0,,0,0,894,0,1
17253896403,772,3,4,8,8,9.125,0,0,0.10 | 0.11 | 0.11,0,1.83 | 2.55 | 3.33,0,1.20 | 1.57 | 2.18,0.894,0.000,0,1,0,0,0,0,-1,0,0,0,,0,,0,,0,0,894,0,1
17253896404,772,3,4,8,8,9.125,0,0,0.10 | 0.11 | 0.11,0,1.83 | 2.55 | 3.33,0,1.20 | 1.57 | 2.18,0.894,0.000,0,1,0,0,0,0,-1,0,0,0,,0,,0,,0,0,894,0,1
17253896405,772,3,4,8,8,9.125,0,0,0.10 | 0.11 | 0.11,0,1.83 | 2.55 | 3.33,0,1.20 | 1.57 | 2.18,0.894,0.000,0,1,0,0,0,0,-1,0,0,0,,0,,0,,0,0,894,0,1
17253896406,772,3,4,8,8,9.125,0,0,0.10 | 0.11 | 0.11,0,1.83 | 2.55 | 3.33,0,1.20 | 1.57 | 2.18,0.894,0.000,0,1,0,0,0,0,-1,0,0,0,,0,,0,,0,0,894,0,1
17253896407,772,3,4,8,8,9.125,0,0,0.10 | 0.11 | 0.11,0,1.83 | 2.55 | 3.33,0,1.20 | 1.57 | 2.18,0.894,0.000,0,1,0,0,0,0,-1,0,0,0,,0,,0,,0,0,894,0,1
17253896408,772,3,4,8,8,9.125,0,0,0.10 | 0.11 | 0.11,0,1.83 | 2.55 | 3.33,0,1.20 | 1.57 | 2.18,0.894,0.000,0,1,0,0,0,0,-1,0,0,0,,0,,0,,0,0,894,0,1
17253896409,772,3,4,8,8,8.063,0,0,0.10 | 0.11 | 0.11,0,1.83 | 2.55 | 3.33,0,1.20 | 1.57 | 2.18,0.894,0.000,0,1,0,0,0,0,-1,0,0,0,,0,,0,,0,0,894,0,1
17253896410,772,4,4,8,8,8.063,0,0,0.10 | 0.11 | 0.11,0,1.83 | 2.55 | 3.33,0,1.20 | 1.57 | 2.18,0.894,0.000,0,1,0,0,0,0,-1,0,0,0,,0,,0,,0,0,916.25,0,1
17253896411,772,4,4,8,8,8.063,0,0,0.10 | 0.11 | 0.11,0,1.83 | 2.55 | 3.33,0,1.20 | 1.57 | 2.18,0.894,0.000,0,1,0,0,0,0,-1,0,0,0,,0,,0,,0,0,916.25,0,1
17253896412,772,4,4,8,8,8.063,0,0,0.10 | 0.11 | 0.11,0,1.83 | 2.55 | 3.33,0,1.20 | 1.57 | 2.18,0.894,0.000,0,1,0,0,0,0,-1,0,0,0,,0,,0,,0,0,916.25,0,1
17253896413,772,4,4,8,8,8.063,0,0,0.10 | 0.11 | 0.11,0,1.83 | 2.55 | 3.33,0,1.20 | 1.57 | 2.18,0.894,0.000,0,1,0,0,0,0,-1,0,0,0,,0,,0,,0,0,916.25,0,1
17253896414,772,4,4,8,8,8.063,0,0,0.10 | 0.11 | 0.11,0,1.83 | 2.55 | 3.33,0,1.20 | 1.57 | 2.18,0.894,0.000,0,1,0,0,0,0,-1,0,0,0,,0,,0,,0,0,916.25,0,1
17253896415,772,4,4,8,8,8.063,0,0,0.10 | 0.11 | 0.11,0,1.83 | 2.55 | 3.33,0,1.20 | 1.57 | 2.18,0.894,0.000,0,1,0,0,0,0,-1,0,0,0,,0,,0,,0,0,916.25,0,1
17253896416,772,4,4,8,8,8.063,0,0,0.10 | 0.11 | 0.11,0,1.83 | 2.55 | 3.33,0,1.20 | 1.57 | 2.18,0.894,0.000,0,1,0,0,0,0,-1,0,0,0,,0,,0,,0,0,916.25,0,1
17253896417,772,4,4,8,8,8.063,0,0,0.10 | 0.11 | 0.11,0,1.83 | 2.55 | 3.33,0,1.20 | 1.57 | 2.18,0.894,0.000,0,1,0,0,0,0,-1,0,0,0,,0,,0,,0,0,916.25,0,1
17253896418,772,4,4,8,8,8.063,0,0,0.10 | 0.11 | 0.11,0,1.83 | 2.55 | 3.33,0,1.20 | 1.57 | 2.18,0.894,0.000,0,1,0,0,0,0,-1,0,0,0,,0,,0,,0,0,916.25,0,1
17253896419,772,4,4,8,8,7,0,0,0.10 | 0.11 | 0.11,0,1.83 | 2.67 | 3.82,0,1.05 | 1.50 | 2.18,0.916,0.000,0,1,0,0,0,0,-1,0,0,0,,0,,0,,0,0,916.25,0,1
17253896420,772,4,4,8,8,7,0,0,0.10 | 0.11 | 0.11,0,1.83 | 2.67 | 3.82,0,1.05 | 1.50 | 2.18,0.916,0.000,0,1,0,0,0,0,-1,0,0,0,,0,,0,,0,0,916.25,0,1
17253896421,772,4,4,8,8,7,0,0,0.10 | 0.11 | 0.11,0,1.83 | 2.67 | 3.82,0,1.05 | 1.50 | 2.18,0.916,0.000,0,1,0,0,0,0,-1,0,0,0,,0,,0,,0,0,916.25,0,1
17253896422,772,4,4,8,8,7,0,0,0.10 | 0.11 | 0.11,0,1.83 | 2.67 | 3.82,0,1.05 | 1.50 | 2.18,0.916,0.000,0,1,0,0,0,0,-1,0,0,0,,0,,0,,0,0,916.25,0,1
17253896423,772,4,4,8,8,7,0,0,0.10 | 0.11 | 0.11,0,1.83 | 2.67 | 3.82,0,1.05 | 1.50 | 2.18,0.916,0.000,0,1,0,0,0,0,-1,0,0,0,,0,,0,,0,0,916.25,0,1
17253896424,772,4,4,8,8,7,0,0,0.10 | 0.11 | 0.11,0,1.83 | 2.67 | 3.82,0,1.05 | 1.50 | 2.18,0.916,0.000,0,1,0,0,0,0,-1,0,0,0,,0,,0,,0,0,916.25,0,1
17253896425,772,4,4,8,8,7,0,0,0.10 | 0.11 | 0.11,0,1.83 | 2.67 | 3.82,0,1.05 | 1.50 | 2.18,0.916,0.000,0,1,0,0,0,0,-1,0,0,0,,0,,0,,0,0,916.25,0,1
17253896426,772,4,4,8,8,7,0,0,0.10 | 0.11 | 0.11,0,1.83 | 2.67 | 3.82,0,1.05 | 1.50 | 2.18,0.916,0.000,0,1,0,0,0,0,-1,0,0,0,,0,,0,,0,0,916.25,0,1
17253896427,772,4,4,8,8,7,0,0,0.10 | 0.11 | 0.11,0,1.83 | 2.67 | 3.82,0,1.05 | 1.50 | 2.18,0.916,0.000,0,1,0,0,0,0,-1,0,0,0,,0,,0,,0,0,916.25,0,1
17253896428,772,4,4,8,8,7,0,0,0.10 | 0.11 | 0.11,0,1.83 | 2.67 | 3.82,0,1.05 | 1.50 | 2.18,0.916,0.000,0,1,0,0,0,0,-1,0,0,0,,0,,0,,0,0,916.25,0,1
17253896429,772,4,4,8,8,5.938,0,0,0.10 | 0.11 | 0.11,0,1.83 | 2.67 | 3.82,0,1.05 | 1.50 | 2.18,0.916,0.000,0,1,0,0,0,0,-1,0,0,0,,0,,0,,0,0,916.25,0,1
17253896430,772,4,4,8,8,5.938,0,0,0.10 | 0.11 | 0.11,0,1.83 | 2.67 | 3.82,0,1.05 | 1.50 | 2.18,0.916,0.000,0,1,0,0,0,0,-1,0,0,0,,0,,0,,0,0,916.25,0,1
17253896431,772,4,4,8,8,5.938,0,0,0.10 | 0.11 | 0.11,0,1.83 | 2.67 | 3.82,0,1.05 | 1.50 | 2.18,0.916,0.000,0,1,0,0,0,0,-1,0,0,0,,0,,0,,0,0,916.25,0,1
17253896432,772,4,4,8,8,5.938,0,0,0.10 | 0.11 | 0.11,0,1.83 | 2.67 | 3.82,0,1.05 | 1.50 | 2.18,0.916,0.000,0,1,0,0,0,0,-1,0,0,0,,0,,0,,0,0,916.25,0,1
17253896433,772,4,4,8,8,5.938,0,0,0.10 | 0.11 | 0.11,0,1.83 | 2.67 | 3.82,0,1.05 | 1.50 | 2.18,0.916,0.000,0,1,0,0,0,0,-1,0,0,0,,0,,0,,0,0,916.25,0,1
17253896434,772,4,4,8,8,5.938,0,0,0.10 | 0.11 | 0.11,0,1.83 | 2.67 | 3.82,0,1.05 | 1.50 | 2.18,0.916,0.000,0,1,0,0,0,0,-1,0,0,0,,0,,0,,0,0,916.25,0,1
17253896435,772,4,4,8,8,5.938,0,0,0.10 | 0.11 | 0.11,0,1.83 | 2.67 | 3.82,0,1.05 | 1.50 | 2.18,0.916,0.000,0,1,0,0,0,0,-1,0,0,0,,0,,0,,0,0,916.25,0,1
17253896436,772,4,4,8,8,5.938,0,0,0.10 | 0.11 | 0.11,0,1.83 | 2.67 | 3.82,0,1.05 | 1.50 | 2.18,0.916,0.000,0,1,0,0,0,0,-1,0,0,0,,0,,0,,0,0,916.25,0,1
17253896437,772,4,4,8,8,5.938,0,0,0.10 | 0.11 | 0.11,0,1.83 | 2.67 | 3.82,0,1.05 | 1.50 | 2.18,0.916,0.000,0,1,0,0,0,0,-1,0,0,0,,0,,0,,0,0,916.25,0,1
17253896438,772,4,4,8,8,5.938,0,0,0.10 | 0.11 | 0.11,0,1.83 | 2.67 | 3.82,0,1.05 | 1.50 | 2.18,0.916,0.000,0,1,0,0,0,0,-1,0,0,0,,0,,0,,0,0,916.25,0,1
17253896439,387,4,2,8,8,4.928,0,0,0.10 | 0.11 | 0.11,0,2.14 | 2.92 | 3.82,0,1.05 | 1.37 | 1.87,0.935,0.000,0,1,0,0,0,0,-1,0,0,0,,0,,0,,0,0,935.5,0,1
17253896440,387,4,2,8,8,4.928,0,0,0.10 | 0.11 | 0.11,0,2.14 | 2.92 | 3.82,0,1.05 | 1.37 | 1.87,0.935,0.000,0,1,0,0,0,0,-1,0,0,0,,0,,0,,0,0,935.5,0,1
17253896441,387,4,2,8,8,4.928,0,0,0.10 | 0.11 | 0.11,0,2.14 | 2.92 | 3.82,0,1.05 | 1.37 | 1.87,0.935,0.000,0,1,0,0,0,0,-1,0,0,0,,0,,0,,0,0,935.5,0,1
17253896442,387,4,2,8,8,4.928,0,0,0.10 | 0.11 | 0.11,0,2.14 | 2.92 | 3.82,0,1.05 | 1.37 | 1.87,0.935,0.000,0,1,0,0,0,0,-1,0,0,0,,0,,0,,0,0,935.5,0,1
17253896443,387,4,2,8,8,4.928,0,0,0.10 | 0.11 | 0.11,0,2.14 | 2.92 | 3.82,0,1.05 | 1.37 | 1.87,0.935,0.000,0,1,0,0,0,0,-1,0,0,0,,0,,0,,0,0,935.5,0,1
17253896444,387,4,2,8,8,4.928,0,0,0.10 | 0.11 | 0.11,0,2.14 | 2.92 | 3.82,0,1.05 | 1.37 | 1.87,0.935,0.000,0,1,0,0,0,0,-1,0,0,0,,0,,0,,0,0,935.5,0,1
17253896445,387,4,2,8,8,4.928,0,0,0.10 | 0.11 | 0.11,0,2.14 | 2.92 | 3.82,0,1.05 | 1.37 | 1.87,0.935,0.000,0,1,0,0,0,0,-1,0,0,0,,0,,0,,0,0,935.5,0,1
17253896446,387,4,2,8,8,4.928,0,0,0.10 | 0.11 | 0.11,0,2.14 | 2.92 | 3.82,0,1.05 | 1.37 | 1.87,0.935,0.000,0,1,0,0,0,0,-1,0,0,0,,0,,0,,0,0,935.5,0,1
17253896447,387,4,2,8,8,4.928,0,0,0.10 | 0.11 | 0.11,0,2.14 | 2.92 | 3.82,0,1.05 | 1.37 | 1.87,0.935,0.000,0,1,0,0,0,0,-1,0,0,0,,0,,0,,0,0,935.5,0,1
17253896448,387,4,2,8,8,4.928,0,0,0.10 | 0.11 | 0.11,0,2.14 | 2.92 | 3.82,0,1.05 | 1.37 | 1.87,0.935,0.000,0,1,0,0,0,0,-1,0,0,0,,0,,0,,0,0,935.5,0,1
17253896449,387,4,2,8,8,4.078,0,0,0.10 | 0.11 | 0.11,0,2.14 | 2.92 | 3.82,0,1.05 | 1.37 | 1.87,0.935,0.000,0,1,0,0,0,0,-1,0,0,0,,0,,0,,0,0,935.5,0,1
17253896450,387,4,2,8,8,4.078,0,0,0.10 | 0.11 | 0.11,0,2.14 | 2.92 | 3.82,0,1.05 | 1.37 | 1.87,0.935,0.000,0,1,0,0,0,0,-1,0,0,0,,0,,0,,0,0,935.5,0,1
17253896451,387,4,2,8,8,4.078,0,0,0.10 | 0.11 | 0.11,0,2.14 | 2.92 | 3.82,0,1.05 | 1.37 | 1.87,0.935,0.000,0,1,0,0,0,0,-1,0,0,0,,0,,0,,0,0,935.5,0,1
17253896452,387,4,2,8,8,4.078,0,0,0.10 | 0.11 | 0.11,0,2.14 | 2.92 | 3.82,0,1.05 | 1.37 | 1.87,0.935,0.000,0,1,0,0,0,0,-1,0,0,0,,0,,0,,0,0,935.5,0,1
17253896453,387,4,2,8,8,4.078,0,0,0.10 | 0.11 | 0.11,0,2.14 | 2.92 | 3.82,0,1.05 | 1.37 | 1.87,0.935,0.000,0,1,0,0,0,0,-1,0,0,0,,0,,0,,0,0,935.5,0,1
17253896454,387,4,2,8,8,4.078,0,0,0.10 | 0.11 | 0.11,0,2.14 | 2.92 | 3.82,0,1.05 | 1.37 | 1.87,0.935,0.000,0,1,0,0,0,0,-1,0,0,0,,0,,0,,0,0,935.5,0,1
17253896455,387,4,2,8,8,4.078,0,0,0.10 | 0.11 | 0.11,0,2.14 | 2.92 | 3.82,0,1.05 | 1.37 | 1.87,0.935,0.000,0,1,0,0,0,0,-1,0,0,0,,0,,0,,0,0,935.5,0,1
17253896456,387,4,2,8,8,4.078,0,0,0.10 | 0.11 | 0.11,0,2.14 | 2.92 | 3.82,0,1.05 | 1.37 | 1.87,0.935,0.000,0,1,0,0,0,0,-1,0,0,0,,0,,0,,0,0,935.5,0,1
17253896457,387,4,2,8,8,4.078,0,0,0.10 | 0.11 | 0.11,0,2.14 | 2.92 | 3.82,0,1.05 | 1.37 | 1.87,0.935,0.000,0,1,0,0,0,0,-1,0,0,0,,0,,0,,0,0,935.5,0,1
17253896458,387,4,2,8,8,4.078,0,0,0.10 | 0.11 | 0.11,0,2.14 | 2.92 | 3.82,0,1.05 | 1.37 | 1.87,0.935,0.000,0,1,0,0,0,0,-1,0,0,0,,0,,0,,0,0,935.5,0,1
17253896459,387,4,2,8,8,3.016,0,0,0.10 | 0.11 | 0.11,0,2.14 | 2.92 | 3.82,0,1.05 | 1.37 | 1.87,0.935,0.000,0,1,0,0,0,0,-1,0,0,0,,0,,0,,0,0,935.5,0,1
17253896460,387,4,2,8,8,3.016,0,0,0.10 | 0.11 | 0.11,0,2.14 | 2.92 | 3.82,0,1.05 | 1.37 | 1.87,0.935,0.000,0,1,0,0,0,0,-1,0,0,0,,0,,0,,0,0,935.5,0,1
17253896461,387,4,2,8,8,3.016,0,0,0.10 | 0.11 | 0.11,0,2.14 | 2.92 | 3.82,0,1.05 | 1.37 | 1.87,0.935,0.000,0,1,0,0,0,0,-1,0,0,0,,0,,0,,0,0,935.5,0,1
17253896462,387,4,2,8,8,3.016,0,0,0.10 | 0.11 | 0.11,0,2.14 | 2.92 | 3.82,0,1.05 | 1.37 | 1.87,0.935,0.000,0,1,0,0,0,0,-1,0,0,0,,0,,0,,0,0,935.5,0,1
17253896463,387,4,2,8,8,3.016,0,0,0.10 | 0.11 | 0.11,0,2.14 | 2.92 | 3.82,0,1.05 | 1.37 | 1.87,0.935,0.000,0,1,0,0,0,0,-1,0,0,0,,0,,0,,0,0,935.5,0,1
17253896464,387,4,2,8,8,3.016,0,0,0.10 | 0.11 | 0.11,0,2.14 | 2.92 | 3.82,0,1.05 | 1.37 | 1.87,0.935,0.000,0,1,0,0,0,0,-1,0,0,0,,0,,0,,0,0,935.5,0,1
17253896465,580,4,3,8,8,3.016,0,0,0.10 | 0.11 | 0.11,0,2.14 | 2.92 | 3.82,0,1.05 | 1.37 | 1.87,0.935,0.000,0,1,0,0,0,0,-1,0,0,0,,0,,0,,0,0,941.75,0,1
17253896466,580,4,3,8,8,3.016,0,0,0.10 | 0.11 | 0.11,0,2.14 | 2.92 | 3.82,0,1.05 | 1.37 | 1.87,0.935,0.000,0,1,0,0,0,0,-1,0,0,0,,0,,0,,0,0,941.75,0,1
17253896467,580,4,3,8,8,3.016,0,0,0.10 | 0.11 | 0.11,0,2.14 | 2.92 | 3.82,0,1.05 | 1.37 | 1.87,0.935,0.000,0,1,0,0,0,0,-1,0,0,0,,0,,0,,0,0,941.75,0,1
17253896468,580,4,3,8,8,3.016,0,0,0.10 | 0.11 | 0.11,0,2.14 | 2.92 | 3.82,0,1.05 | 1.37 | 1.87,0.935,0.000,0,1,0,0,0,0,-1,0,0,0,,0,,0,,0,0,941.75,0,1
17253896469,580,4,3,8,8,6.713,0,0,0.10 | 0.11 | 0.11,0,2.14 | 2.78 | 3.82,0,1.05 | 1.44 | 1.87,0.942,0.000,0,1,0,0,0,0,-1,0,0,0,,0,,0,,0,0,941.75,0,1
17253896470,580,4,3,8,8,6.713,0,0,0.10 | 0.11 | 0.11,0,2.14 | 2.78 | 3.82,0,1.05 | 1.44 | 1.87,0.942,0.000,0,1,0,0,0,0,-1,0,0,0,,0,,0,,0,0,941.75,0,1
17253896471,580,4,3,8,8,6.713,0,0,0.10 | 0.11 | 0.11,0,2.14 | 2.78 | 3.82,0,1.05 | 1.44 | 1.87,0.942,0.000,0,1,0,0,0,0,-1,0,0,0,,0,,0,,0,0,941.75,0,1
17253896472,580,4,3,8,8,6.713,0,0,0.10 | 0.11 | 0.11,0,2.14 | 2.78 | 3.82,0,1.05 | 1.44 | 1.87,0.942,0.000,0,1,0,0,0,0,-1,0,0,0,,0,,0,,0,0,941.75,0,1
17253896473,580,4,3,8,8,6.713,0,0,0.10 | 0.11 | 0.11,0,2.14 | 2.78 | 3.82,0,1.05 | 1.44 | 1.87,0.942,0.000,0,1,0,0,0,0,-1,0,0,0,,0,,0,,0,0,941.75,0,1
17253896474,580,4,3,8,8,6.713,0,0,0.10 | 0.11 | 0.11,0,2.14 | 2.78 | 3.82,0,1.05 | 1.44 | 1.87,0.942,0.000,0,1,0,0,0,0,-1,0,0,0,,0,,0,,0,0,941.75,0,1
17253896475,580,4,3,8,8,6.713,0,0,0.10 | 0.11 | 0.11,0,2.14 | 2.78 | 3.82,0,1.05 | 1.44 | 1.87,0.942,0.000,0,1,0,0,0,0,-1,0,0,0,,0,,0,,0,0,941.75,0,1
17253896476,580,4,3,8,8,6.713,0,0,0.10 | 0.11 | 0.11,0,2.14 | 2.78 | 3.82,0,1.05 | 1.44 | 1.87,0.942,0.000,0,1,0,0,0,0,-1,0,0,0,,0,,0,,0,0,941.75,0,1
17253896477,580,4,3,8,8,6.713,0,0,0.10 | 0.11 | 0.11,0,2.14 | 2.78 | 3.82,0,1.05 | 1.44 | 1.87,0.942,0.000,0,1,0,0,0,0,-1,0,0,0,,0,,0,,0,0,941.75,0,1
17253896478,580,4,3,8,8,6.713,0,0,0.10 | 0.11 | 0.11,0,2.14 | 2.78 | 3.82,0,1.05 | 1.44 | 1.87,0.942,0.000,0,1,0,0,0,0,-1,0,0,0,,0,,0,,0,0,941.75,0,1
17253896479,580,4,3,8,8,5.957,0,0,0.10 | 0.11 | 0.11,0,2.14 | 2.78 | 3.82,0,1.05 | 1.44 | 1.87,0.942,0.000,0,1,0,0,0,0,-1,0,0,0,,0,,0,,0,0,941.75,0,1
17253896480,580,4,3,8,8,5.957,0,0,0.10 | 0.11 | 0.11,0,2.14 | 2.78 | 3.82,0,1.05 | 1.44 | 1.87,0.942,0.000,0,1,0,0,0,0,-1,0,0,0,,0,,0,,0,0,941.75,0,1
17253896481,580,4,3,8,8,5.957,0,0,0.10 | 0.11 | 0.11,0,2.14 | 2.78 | 3.82,0,1.05 | 1.44 | 1.87,0.942,0.000,0,1,0,0,0,0,-1,0,0,0,,0,,0,,0,0,941.75,0,1
17253896482,580,4,3,8,8,5.957,0,0,0.10 | 0.11 | 0.11,0,2.14 | 2.78 | 3.82,0,1.05 | 1.44 | 1.87,0.942,0.000,0,1,0,0,0,0,-1,0,0,0,,0,,0,,0,0,941.75,0,1
17253896483,580,4,3,8,8,5.957,0,0,0.10 | 0.11 | 0.11,0,2.14 | 2.78 | 3.82,0,1.05 | 1.44 | 1.87,0.942,0.000,0,1,0,0,0,0,-1,0,0,0,,0,,0,,0,0,941.75,0,1
17253896484,580,4,3,8,8,5.957,0,0,0.10 | 0.11 | 0.11,0,2.14 | 2.78 | 3.82,0,1.05 | 1.44 | 1.87,0.942,0.000,0,1,0,0,0,0,-1,0,0,0,,0,,0,,0,0,941.75,0,1
17253896485,580,4,3,8,8,5.957,0,0,0.10 | 0.11 | 0.11,0,2.14 | 2.78 | 3.82,0,1.05 | 1.44 | 1.87,0.942,0.000,0,1,0,0,0,0,-1,0,0,0,,0,,0,,0,0,941.75,0,1
17253896486,580,4,3,8,8,5.957,0,0,0.10 | 0.11 | 0.11,0,2.14 | 2.78 | 3.82,0,1.05 | 1.44 | 1.87,0.942,0.000,0,1,0,0,0,0,-1,0,0,0,,0,,0,,0,0,941.75,0,1
17253896487,580,4,3,8,8,5.957,0,0,0.10 | 0.11 | 0.11,0,2.14 | 2.78 | 3.82,0,1.05 | 1.44 | 1.87,0.942,0.000,0,1,0,0,0,0,-1,0,0,0,,0,,0,,0,0,941.75,0,1
17253896488,580,4,3,8,8,5.957,0,0,0.10 | 0.11 | 0.11,0,2.14 | 2.78 | 3.82,0,1.05 | 1.44 | 1.87,0.942,0.000,0,1,0,0,0,0,-1,0,0,0,,0,,0,,0,0,941.75,0,1
17253896489,580,4,3,8,8,4.894,0,0,0.10 | 0.11 | 0.11,0,2.14 | 2.78 | 3.82,0,1.05 | 1.44 | 1.87,0.942,0.000,0,1,0,0,0,0,-1,0,0,0,,0,,0,,0,0,941.75,0,1
17253896490,580,2,3,8,8,4.894,0,0,0.10 | 0.11 | 0.11,0,2.14 | 2.78 | 3.82,0,1.05 | 1.44 | 1.87,0.942,0.000,0,1,0,0,0,0,-1,0,0,0,,0,,0,,0,0,941.75,0,1
17253896491,580,2,3,8,8,4.894,0,0,0.10 | 0.11 | 0.11,0,2.14 | 2.78 | 3.82,0,1.05 | 1.44 | 1.87,0.942,0.000,0,1,0,0,0,0,-1,0,0,0,,0,,0,,0,0,941.75,0,1
17253896492,580,2,3,8,8,4.894,0,0,0.10 | 0.11 | 0.11,0,2.14 | 2.78 | 3.82,0,1.05 | 1.44 | 1.87,0.942,0.000,0,1,0,0,0,0,-1,0,0,0,,0,,0,,0,0,941.75,0,1
17253896493,580,2,3,8,8,4.894,0,0,0.10 | 0.11 | 0.11,0,2.14 | 2.78 | 3.82,0,1.05 | 1.44 | 1.87,0.942,0.000,0,1,0,0,0,0,-1,0,0,0,,0,,0,,0,0,941.75,0,1
17253896494,580,2,3,8,8,4.894,0,0,0.10 | 0.11 | 0.11,0,2.14 | 2.78 | 3.82,0,1.05 | 1.44 | 1.87,0.942,0.000,0,1,0,0,0,0,-1,0,0,0,,0,,0,,0,0,941.75,0,1
17253896495,580,2,3,8,8,4.894,0,0,0.10 | 0.11 | 0.11,0,2.14 | 2.78 | 3.82,0,1.05 | 1.44 | 1.87,0.942,0.000,0,1,0,0,0,0,-1,0,0,0,,0,,0,,0,0,941.75,0,1
17253896496,580,2,3,8,8,4.894,0,0,0.10 | 0.11 | 0.11,0,2.14 | 2.78 | 3.82,0,1.05 | 1.44 | 1.87,0.942,0.000,0,1,0,0,0,0,-1,0,0,0,,0,,0,,0,0,941.75,0,1
17253896497,580,2,3,8,8,4.894,0,0,0.10 | 0.11 | 0.11,0,2.14 | 2.78 | 3.82,0,1.05 | 1.44 | 1.87,0.942,0.000,0,1,0,0,0,0,-1,0,0,0,,0,,0,,0,0,941.75,0,1
17253896498,580,2,3,8,8,4.894,0,0,0.10 | 0.11 | 0.11,0,2.14 | 2.78 | 3.82,0,1.05 | 1.44 | 1.87,0.942,0.000,0,1,0,0,0,0,-1,0,0,0,,0,,0,,0,0,941.75,0,1
17253896499,580,2,3,8,8,3.831,0,0,0.10 | 0.11 | 0.11,0,2.14 | 2.78 | 3.82,0,1.05 | 1.44 | 1.87,0.942,0.000,0,1,0,0,0,0,-1,0,0,0,,0,,0,,0,0,941.75,0,1
17253896500,580,2,3,8,8,3.831,0,0,0.10 | 0.11 | 0.11,0,2.14 | 2.78 | 3.82,0,1.05 | 1.44 | 1.87,0.942,0.000,0,1,0,0,0,0,-1,0,0,0,,0,,0,,0,0,941.75,0,1
17253896501,580,2,3,8,8,3.831,0,0,0.10 | 0.11 | 0.11,0,2.14 | 2.78 | 3.82,0,1.05 | 1.44 | 1.87,0.942,0.000,0,1,0,0,0,0,-1,0,0,0,,0,,0,,0,0,941.75,0,1
17253896502,580,2,3,8,8,3.831,0,0,0.10 | 0.11 | 0.11,0,2.14 | 2.78 | 3.82,0,1.05 | 1.44 | 1.87,0.942,0.000,0,1,0,0,0,0,-1,0,0,0,,0,,0,,0,0,941.75,0,1
17253896503,580,2,3,8,8,3.831,0,0,0.10 | 0.11 | 0.11,0,2.14 | 2.78 | 3.82,0,1.05 | 1.44 | 1.87,0.942,0.000,0,1,0,0,0,0,-1,0,0,0,,0,,0,,0,0,941.75,0,1
17253896504,580,2,3,8,8,3.831,0,0,0.10 | 0.11 | 0.11,0,2.14 | 2.78 | 3.82,0,1.05 | 1.44 | 1.87,0.942,0.000,0,1,0,0,0,0,-1,0,0,0,,0,,0,,0,0,941.75,0,1
17253896505,580,2,3,8,8,3.831,0,0,0.10 | 0.11 | 0.11,0,2.14 | 2.78 | 3.82,0,1.05 | 1.44 | 1.87,0.942,0.000,0,1,0,0,0,0,-1,0,0,0,,0,,0,,0,0,941.75,0,1
17253896506,580,2,3,8,8,3.831,0,0,0.10 | 0.11 | 0.11,0,2.14 | 2.78 | 3.82,0,1.05 | 1.44 | 1.87,0.942,0.000,0,1,0,0,0,0,-1,0,0,0,,0,,0,,0,0,941.75,0,1
17253896507,194,2,1,8,8,3.831,0,0,0.10 | 0.11 | 0.11,0,2.14 | 2.78 | 3.82,0,1.05 | 1.44 | 1.87,0.942,0.000,0,1,0,0,0,0,-1,0,0,0,,0,,0,,0,0,919,0,1
17253896508,194,2,1,8,8,3.831,0,0,0.10 | 0.11 | 0.11,0,2.14 | 2.78 | 3.82,0,1.05 | 1.44 | 1.87,0.942,0.000,0,1,0,0,0,0,-1,0,0,0,,0,,0,,0,0,919,0,1
17253896509,194,3,1,8,8,2.769,0,0,0.11 | 0.11 | 0.11,0,2.33 | 3.25 | 4.05,0,0.99 | 1.23 | 1.72,0.919,0.000,0,1,0,0,0,0,-1,0,0,0,,0,,0,,0,0,919,0,1
17253896510,194,3,1,8,8,2.769,0,0,0.11 | 0.11 | 0.11,0,2.33 | 3.25 | 4.05,0,0.99 | 1.23 | 1.72,0.919,0.000,0,1,0,0,0,0,-1,0,0,0,,0,,0,,0,0,919,0,1
17253896511,194,3,1,8,8,2.769,0,0,0.11 | 0.11 | 0.11,0,2.33 | 3.25 | 4.05,0,0.99 | 1.23 | 1.72,0.919,0.000,0,1,0,0,0,0,-1,0,0,0,,0,,0,,0,0,919,0,1
17253896512,194,3,1,8,8,2.769,0,0,0.11 | 0.11 | 0.11,0,2.33 | 3.25 | 4.05,0,0.99 | 1.23 | 1.72,0.919,0.000,0,1,0,0,0,0,-1,0,0,0,,0,,0,,0,0,919,0,1
17253896513,194,3,1,8,8,2.769,0,0,0.11 | 0.11 | 0.11,0,2.33 | 3.25 | 4.05,0,0.99 | 1.23 | 1.72,0.919,0.000,0,1,0,0,0,0,-1,0,0,0,,0,,0,,0,0,919,0,1
17253896514,194,3,1,8,8,2.769,0,0,0.11 | 0.11 | 0.11,0,2.33 | 3.25 | 4.05,0,0.99 | 1.23 | 1.72,0.919,0.000,0,1,0,0,0,0,-1,0,0,0,,0,,0,,0,0,919,0,1
17253896515,194,3,1,8,8,2.769,0,0,0.11 | 0.11 | 0.11,0,2.33 | 3.25 | 4.05,0,0.99 | 1.23 | 1.72,0.919,0.000,0,1,0,0,0,0,-1,0,0,0,,0,,0,,0,0,919,0,1
17253896516,194,3,1,8,8,2.769,0,0,0.11 | 0.11 | 0.11,0,2.33 | 3.25 | 4.05,0,0.99 | 1.23 | 1.72,0.919,0.000,0,1,0,0,0,0,-1,0,0,0,,0,,0,,0,0,919,0,1
17253896517,387,3,2,8,8,2.769,0,0,0.11 | 0.11 | 0.11,0,2.33 | 3.25 | 4.05,0,0.99 | 1.23 | 1.72,0.919,0.000,0,1,0,0,0,0,-1,0,0,0,,0,,0,,0,0,911.75,0,1
17253896518,387,3,2,8,8,2.769,0,0,0.11 | 0.11 | 0.11,0,2.33 | 3.25 | 4.05,0,0.99 | 1.23 | 1.72,0.919,0.000,0,1,0,0,0,0,-1,0,0,0,,0,,0,,0,0,911.75,0,1
17253896519,387,3,2,8,8,4.907,0,0,0.11 | 0.11 | 0.11,0,0.69 | 2.47 | 4.05,0,0.99 | 1.62 | 5.84,0.912,0.000,0,1,0,0,0,0,-1,0,0,0,,0,,0,,0,0,911.75,0,1
17253896520,387,3,2,8,8,4.907,0,0,0.11 | 0.11 | 0.11,0,0.69 | 2.47 | 4.05,0,0.99 | 1.62 | 5.84,0.912,0.000,0,1,0,0,0,0,-1,0,0,0,,0,,0,,0,0,911.75,0,1
17253896521,387,3,2,8,8,4.907,0,0,0.11 | 0.11 | 0.11,0,0.69 | 2.47 | 4.05,0,0.99 | 1.62 | 5.84,0.912,0.000,0,1,0,0,0,0,-1,0,0,0,,0,,0,,0,0,911.75,0,1
17253896522,387,3,2,8,8,4.907,0,0,0.11 | 0.11 | 0.11,0,0.69 | 2.47 | 4.05,0,0.99 | 1.62 | 5.84,0.912,0.000,0,1,0,0,0,0,-1,0,0,0,,0,,0,,0,0,911.75,0,1
17253896523,387,3,2,8,8,4.907,0,0,0.11 | 0.11 | 0.11,0,0.69 | 2.47 | 4.05,0,0.99 | 1.62 | 5.84,0.912,0.000,0,1,0,0,0,0,-1,0,0,0,,0,,0,,0,0,911.75,0,1
17253896524,387,3,2,8,8,4.907,0,0,0.11 | 0.11 | 0.11,0,0.69 | 2.47 | 4.05,0,0.99 | 1.62 | 5.84,0.912,0.000,0,1,0,0,0,0,-1,0,0,0,,0,,0,,0,0,911.75,0,1
17253896525,387,3,2,8,8,4.907,0,0,0.11 | 0.11 | 0.11,0,0.69 | 2.47 | 4.05,0,0.99 | 1.62 | 5.84,0.912,0.000,0,1,0,0,0,0,-1,0,0,0,,0,,0,,0,0,911.75,0,1
17253896526,387,3,2,8,8,4.907,0,0,0.11 | 0.11 | 0.11,0,0.69 | 2.47 | 4.05,0,0.99 | 1.62 | 5.84,0.912,0.000,0,1,0,0,0,0,-1,0,0,0,,0,,0,,0,0,911.75,0,1
17253896527,387,3,2,8,8,4.907,0,0,0.11 | 0.11 | 0.11,0,0.69 | 2.47 | 4.05,0,0.99 | 1.62 | 5.84,0.912,0.000,0,1,0,0,0,0,-1,0,0,0,,0,,0,,0,0,911.75,0,1
17253896528,387,3,2,8,8,4.907,0,0,0.11 | 0.11 | 0.11,0,0.69 | 2.47 | 4.05,0,0.99 | 1.62 | 5.84,0.912,0.000,0,1,0,0,0,0,-1,0,0,0,,0,,0,,0,0,911.75,0,1
17253896529,387,3,2,8,8,4.11,0,0,0.11 | 0.11 | 0.11,0,0.69 | 2.47 | 4.05,0,0.99 | 1.62 | 5.84,0.912,0.000,0,1,0,0,0,0,-1,0,0,0,,0,,0,,0,0,911.75,0,1
17253896530,387,1,2,8,8,4.11,0,0,0.11 | 0.11 | 0.11,0,0.69 | 2.47 | 4.05,0,0.99 | 1.62 | 5.84,0.912,0.000,0,1,0,0,0,0,-1,0,0,0,,0,,0,,0,0,911.75,0,1
17253896531,387,1,2,8,8,4.11,0,0,0.11 | 0.11 | 0.11,0,0.69 | 2.47 | 4.05,0,0.99 | 1.62 | 5.84,0.912,0.000,0,1,0,0,0,0,-1,0,0,0,,0,,0,,0,0,911.75,0,1
17253896532,387,1,2,8,8,4.11,0,0,0.11 | 0.11 | 0.11,0,0.69 | 2.47 | 4.05,0,0.99 | 1.62 | 5.84,0.912,0.000,0,1,0,0,0,0,-1,0,0,0,,0,,0,,0,0,911.75,0,1
17253896533,387,1,2,8,8,4.11,0,0,0.11 | 0.11 | 0.11,0,0.69 | 2.47 | 4.05,0,0.99 | 1.62 | 5.84,0.912,0.000,0,1,0,0,0,0,-1,0,0,0,,0,,0,,0,0,911.75,0,1
17253896534,387,1,2,8,8,4.11,0,0,0.11 | 0.11 | 0.11,0,0.69 | 2.47 | 4.05,0,0.99 | 1.62 | 5.84,0.912,0.000,0,1,0,0,0,0,-1,0,0,0,,0,,0,,0,0,911.75,0,1
17253896535,387,1,2,8,8,4.11,0,0,0.11 | 0.11 | 0.11,0,0.69 | 2.47 | 4.05,0,0.99 | 1.62 | 5.84,0.912,0.000,0,1,0,0,0,0,-1,0,0,0,,0,,0,,0,0,911.75,0,1
17253896536,387,1,2,8,8,4.11,0,0,0.11 | 0.11 | 0.11,0,0.69 | 2.47 | 4.05,0,0.99 | 1.62 | 5.84,0.912,0.000,0,1,0,0,0,0,-1,0,0,0,,0,,0,,0,0,911.75,0,1
17253896537,387,1,2,8,8,4.11,0,0,0.11 | 0.11 | 0.11,0,0.69 | 2.47 | 4.05,0,0.99 | 1.62 | 5.84,0.912,0.000,0,1,0,0,0,0,-1,0,0,0,,0,,0,,0,0,911.75,0,1
17253896538,387,1,2,8,8,4.11,0,0,0.11 | 0.11 | 0.11,0,0.69 | 2.47 | 4.05,0,0.99 | 1.62 | 5.84,0.912,0.000,0,1,0,0,0,0,-1,0,0,0,,0,,0,,0,0,911.75,0,1
17253896539,387,1,2,8,8,3.047,0,0,0.11 | 0.11 | 0.11,0,0.69 | 2.47 | 4.05,0,0.99 | 1.62 | 5.84,0.912,0.000,0,1,0,0,0,0,-1,0,0,0,,0,,0,,0,0,897.75,0,1
17253896540,387,1,2,8,8,3.047,0,0,0.11 | 0.11 | 0.11,0,0.69 | 2.47 | 4.05,0,0.99 | 1.62 | 5.84,0.912,0.000,0,1,0,0,0,0,-1,0,0,0,,0,,0,,0,0,897.75,0,1
17253896541,387,1,2,8,8,3.047,0,0,0.11 | 0.11 | 0.11,0,0.69 | 2.47 | 4.05,0,0.99 | 1.62 | 5.84,0.912,0.000,0,1,0,0,0,0,-1,0,0,0,,0,,0,,0,0,897.75,0,1
17253896542,387,1,2,8,8,3.047,0,0,0.11 | 0.11 | 0.11,0,0.69 | 2.47 | 4.05,0,0.99 | 1.62 | 5.84,0.912,0.000,0,1,0,0,0,0,-1,0,0,0,,0,,0,,0,0,897.75,0,1
17253896543,387,1,2,8,8,3.047,0,0,0.11 | 0.11 | 0.11,0,0.69 | 2.47 | 4.05,0,0.99 | 1.62 | 5.84,0.912,0.000,0,1,0,0,0,0,-1,0,0,0,,0,,0,,0,0,897.75,0,1
17253896544,387,1,2,8,8,3.047,0,0,0.11 | 0.11 | 0.11,0,0.69 | 2.47 | 4.05,0,0.99 | 1.62 | 5.84,0.912,0.000,0,1,0,0,0,0,-1,0,0,0,,0,,0,,0,0,897.75,0,1
17253896545,387,1,2,8,8,3.047,0,0,0.11 | 0.11 | 0.11,0,0.69 | 2.47 | 4.05,0,0.99 | 1.62 | 5.84,0.912,0.000,0,1,0,0,0,0,-1,0,0,0,,0,,0,,0,0,897.75,0,1
17253896546,387,1,2,8,8,3.047,0,0,0.11 | 0.11 | 0.11,0,0.69 | 2.47 | 4.05,0,0.99 | 1.62 | 5.84,0.912,0.000,0,1,0,0,0,0,-1,0,0,0,,0,,0,,0,0,897.75,0,1
17253896547,387,1,2,8,8,3.047,0,0,0.11 | 0.11 | 0.11,0,0.69 | 2.47 | 4.05,0,0.99 | 1.62 | 5.84,0.912,0.000,0,1,0,0,0,0,-1,0,0,0,,0,,0,,0,0,897.75,0,1
17253896548,387,1,2,8,8,3.047,0,0,0.11 | 0.11 | 0.11,0,0.69 | 2.47 | 4.05,0,0.99 | 1.62 | 5.84,0.912,0.000,0,1,0,0,0,0,-1,0,0,0,,0,,0,,0,0,897.75,0,1
17253896549,387,1,2,8,8,6.785,0,0,0.11 | 0.11 | 0.11,0,0.69 | 2.28 | 4.05,0,0.99 | 1.75 | 5.84,0.898,0.000,0,1,0,0,0,0,-1,0,0,0,,0,,0,,0,0,897.75,0,1
17253896550,387,1,2,8,8,6.785,0,0,0.11 | 0.11 | 0.11,0,0.69 | 2.28 | 4.05,0,0.99 | 1.75 | 5.84,0.898,0.000,0,1,0,0,0,0,-1,0,0,0,,0,,0,,0,0,897.75,0,1
17253896551,387,1,2,8,8,6.785,0,0,0.11 | 0.11 | 0.11,0,0.69 | 2.28 | 4.05,0,0.99 | 1.75 | 5.84,0.898,0.000,0,1,0,0,0,0,-1,0,0,0,,0,,0,,0,0,897.75,0,1
17253896552,387,1,2,8,8,6.785,0,0,0.11 | 0.11 | 0.11,0,0.69 | 2.28 | 4.05,0,0.99 | 1.75 | 5.84,0.898,0.000,0,1,0,0,0,0,-1,0,0,0,,0,,0,,0,0,897.75,0,1
17253896553,387,1,2,8,8,6.785,0,0,0.11 | 0.11 | 0.11,0,0.69 | 2.28 | 4.05,0,0.99 | 1.75 | 5.84,0.898,0.000,0,1,0,0,0,0,-1,0,0,0,,0,,0,,0,0,897.75,0,1
17253896554,387,1,2,8,8,6.785,0,0,0.11 | 0.11 | 0.11,0,0.69 | 2.28 | 4.05,0,0.99 | 1.75 | 5.84,0.898,0.000,0,1,0,0,0,0,-1,0,0,0,,0,,0,,0,0,897.75,0,1
17253896555,387,1,2,8,8,6.785,0,0,0.11 | 0.11 | 0.11,0,0.69 | 2.28 | 4.05,0,0.99 | 1.75 | 5.84,0.898,0.000,0,1,0,0,0,0,-1,0,0,0,,0,,0,,0,0,899,0,1
17253896556,387,1,2,8,8,6.785,0,0,0.11 | 0.11 | 0.11,0,0.69 | 2.28 | 4.05,0,0.99 | 1.75 | 5.84,0.898,0.000,0,1,0,0,0,0,-1,0,0,0,,0,,0,,0,0,899,0,1
17253896557,387,1,2,8,8,6.785,0,0,0.11 | 0.11 | 0.11,0,0.69 | 2.28 | 4.05,0,0.99 | 1.75 | 5.84,0.898,0.000,0,1,0,0,0,0,-1,0,0,0,,0,,0,,0,0,899,0,1
17253896558,387,1,2,8,8,6.785,0,0,0.11 | 0.11 | 0.11,0,0.69 | 2.28 | 4.05,0,0.99 | 1.75 | 5.84,0.898,0.000,0,1,0,0,0,0,-1,0,0,0,,0,,0,,0,0,899,0,1
17253896559,387,1,2,8,8,8.922,0,0,0.11 | 0.11 | 0.11,0,0.69 | 2.06 | 4.05,0,0.99 | 1.94 | 5.84,0.899,0.000,0,1,0,0,0,0,-1,0,0,0,,0,,0,,0,0,899,0,1
17253896560,387,1,2,8,8,8.922,0,0,0.11 | 0.11 | 0.11,0,0.69 | 2.06 | 4.05,0,0.99 | 1.94 | 5.84,0.899,0.000,0,1,0,0,0,0,-1,0,0,0,,0,,0,,0,0,899,0,1
17253896561,387,1,2,8,8,8.922,0,0,0.11 | 0.11 | 0.11,0,0.69 | 2.06 | 4.05,0,0.99 | 1.94 | 5.84,0.899,0.000,0,1,0,0,0,0,-1,0,0,0,,0,,0,,0,0,899,0,1
17253896562,387,1,2,8,8,8.922,0,0,0.11 | 0.11 | 0.11,0,0.69 | 2.06 | 4.05,0,0.99 | 1.94 | 5.84,0.899,0.000,0,1,0,0,0,0,-1,0,0,0,,0,,0,,0,0,899,0,1
17253896563,387,1,2,8,8,8.922,0,0,0.11 | 0.11 | 0.11,0,0.69 | 2.06 | 4.05,0,0.99 | 1.94 | 5.84,0.899,0.000,0,1,0,0,0,0,-1,0,0,0,,0,,0,,0,0,899,0,1
17253896564,387,1,2,8,8,8.922,0,0,0.11 | 0.11 | 0.11,0,0.69 | 2.06 | 4.05,0,0.99 | 1.94 | 5.84,0.899,0.000,0,1,0,0,0,0,-1,0,0,0,,0,,0,,0,0,899,0,1
17253896565,387,1,2,8,8,8.922,0,0,0.11 | 0.11 | 0.11,0,0.69 | 2.06 | 4.05,0,0.99 | 1.94 | 5.84,0.899,0.000,0,1,0,0,0,0,-1,0,0,0,,0,,0,,0,0,899,0,1
17253896566,387,1,2,8,8,8.922,0,0,0.11 | 0.11 | 0.11,0,0.69 | 2.06 | 4.05,0,0.99 | 1.94 | 5.84,0.899,0.000,0,1,0,0,0,0,-1,0,0,0,,0,,0,,0,0,899,0,1
17253896567,387,1,2,8,8,8.922,0,0,0.11 | 0.11 | 0.11,0,0.69 | 2.06 | 4.05,0,0.99 | 1.94 | 5.84,0.899,0.000,0,1,0,0,0,0,-1,0,0,0,,0,,0,,0,0,899,0,1
17253896568,387,1,2,8,8,8.922,0,0,0.11 | 0.11 | 0.11,0,0.69 | 2.06 | 4.05,0,0.99 | 1.94 | 5.84,0.899,0.000,0,1,0,0,0,0,-1,0,0,0,,0,,0,,0,0,899,0,1
17253896569,387,1,2,8,8,7.913,0,0,0.11 | 0.11 | 0.11,0,0.69 | 2.06 | 4.05,0,0.99 | 1.94 | 5.84,0.899,0.000,0,1,0,0,0,0,-1,0,0,0,,0,,0,,0,0,899,0,1
17253896570,387,2,2,8,8,7.913,0,0,0.11 | 0.11 | 0.11,0,0.69 | 2.06 | 4.05,0,0.99 | 1.94 | 5.84,0.899,0.000,0,1,0,0,0,0,-1,0,0,0,,0,,0,,0,0,899,0,1
17253896571,387,2,2,8,8,7.913,0,0,0.11 | 0.11 | 0.11,0,0.69 | 2.06 | 4.05,0,0.99 | 1.94 | 5.84,0.899,0.000,0,1,0,0,0,0,-1,0,0,0,,0,,0,,0,0,899,0,1
17253896572,387,2,2,8,8,7.913,0,0,0.11 | 0.11 | 0.11,0,0.69 | 2.06 | 4.05,0,0.99 | 1.94 | 5.84,0.899,0.000,0,1,0,0,0,0,-1,0,0,0,,0,,0,,0,0,899,0,1
17253896573,387,2,2,8,8,7.913,0,0,0.11 | 0.11 | 0.11,0,0.69 | 2.06 | 4.05,0,0.99 | 1.94 | 5.84,0.899,0.000,0,1,0,0,0,0,-1,0,0,0,,0,,0,,0,0,899,0,1
17253896574,387,2,2,8,8,7.913,0,0,0.11 | 0.11 | 0.11,0,0.69 | 2.06 | 4.05,0,0.99 | 1.94 | 5.84,0.899,0.000,0,1,0,0,0,0,-1,0,0,0,,0,,0,,0,0,899,0,1
17253896575,387,2,2,8,8,7.913,0,0,0.11 | 0.11 | 0.11,0,0.69 | 2.06 | 4.05,0,0.99 | 1.94 | 5.84,0.899,0.000,0,1,0,0,0,0,-1,0,0,0,,0,,0,,0,0,899,0,1
17253896576,387,2,2,8,8,7.913,0,0,0.11 | 0.11 | 0.11,0,0.69 | 2.06 | 4.05,0,0.99 | 1.94 | 5.84,0.899,0.000,0,1,0,0,0,0,-1,0,0,0,,0,,0,,0,0,913.25,0,1
17253896577,387,2,2,8,8,7.913,0,0,0.11 | 0.11 | 0.11,0,0.69 | 2.06 | 4.05,0,0.99 | 1.94 | 5.84,0.899,0.000,0,1,0,0,0,0,-1,0,0,0,,0,,0,,0,0,913.25,0,1
17253896578,387,2,2,8,8,7.913,0,0,0.11 | 0.11 | 0.11,0,0.69 | 2.06 | 4.05,0,0.99 | 1.94 | 5.84,0.899,0.000,0,1,0,0,0,0,-1,0,0,0,,0,,0,,0,0,913.25,0,1
17253896579,387,2,2,8,8,11.816,0,0,0.11 | 0.11 | 0.11,0,0.69 | 1.56 | 2.07,0,1.94 | 2.57 | 5.84,0.913,0.000,0,1,0,0,0,0,-1,0,0,0,,0,,0,,0,0,913.25,0,1
17253896580,387,2,2,8,8,11.816,0,0,0.11 | 0.11 | 0.11,0,0.69 | 1.56 | 2.07,0,1.94 | 2.57 | 5.84,0.913,0.000,0,1,0,0,0,0,-1,0,0,0,,0,,0,,0,0,913.25,0,1
17253896581,387,2,2,8,8,11.816,0,0,0.11 | 0.11 | 0.11,0,0.69 | 1.56 | 2.07,0,1.94 | 2.57 | 5.84,0.913,0.000,0,1,0,0,0,0,-1,0,0,0,,0,,0,,0,0,913.25,0,1
17253896582,387,2,2,8,8,11.816,0,0,0.11 | 0.11 | 0.11,0,0.69 | 1.56 | 2.07,0,1.94 | 2.57 | 5.84,0.913,0.000,0,1,0,0,0,0,-1,0,0,0,,0,,0,,0,0,913.25,0,1
17253896583,387,2,2,8,8,11.816,0,0,0.11 | 0.11 | 0.11,0,0.69 | 1.56 | 2.07,0,1.94 | 2.57 | 5.84,0.913,0.000,0,1,0,0,0,0,-1,0,0,0,,0,,0,,0,0,913.25,0,1
17253896584,387,2,2,8,8,11.816,0,0,0.11 | 0.11 | 0.11,0,0.69 | 1.56 | 2.07,0,1.94 | 2.57 | 5.84,0.913,0.000,0,1,0,0,0,0,-1,0,0,0,,0,,0,,0,0,913.25,0,1
17253896585,387,2,2,8,8,11.816,0,0,0.11 | 0.11 | 0.11,0,0.69 | 1.56 | 2.07,0,1.94 | 2.57 | 5.84,0.913,0.000,0,1,0,0,0,0,-1,0,0,0,,0,,0,,0,0,913.25,0,1
17253896586,387,2,2,8,8,11.816,0,0,0.11 | 0.11 | 0.11,0,0.69 | 1.56 | 2.07,0,1.94 | 2.57 | 5.84,0.913,0.000,0,1,0,0,0,0,-1,0,0,0,,0,,0,,0,0,913.25,0,1
17253896587,387,2,2,8,8,11.816,0,0,0.11 | 0.11 | 0.11,0,0.69 | 1.56 | 2.07,0,1.94 | 2.57 | 5.84,0.913,0.000,0,1,0,0,0,0,-1,0,0,0,,0,,0,,0,0,913.25,0,1
17253896588,387,2,2,8,8,11.816,0,0,0.11 | 0.11 | 0.11,0,0.69 | 1.56 | 2.07,0,1.94 | 2.57 | 5.84,0.913,0.000,0,1,0,0,0,0,-1,0,0,0,,0,,0,,0,0,913.25,0,1
17253896589,387,2,2,8,8,10.8,0,0,0.11 | 0.11 | 0.11,0,0.69 | 1.56 | 2.07,0,1.94 | 2.57 | 5.84,0.913,0.000,0,1,0,0,0,0,-1,0,0,0,,0,,0,,0,0,913.25,0,1
17253896590,387,2,2,8,8,10.8,0,0,0.11 | 0.11 | 0.11,0,0.69 | 1.56 | 2.07,0,1.94 | 2.57 | 5.84,0.913,0.000,0,1,0,0,0,0,-1,0,0,0,,0,,0,,0,0,913.25,0,1
17253896591,387,2,2,8,8,10.8,0,0,0.11 | 0.11 | 0.11,0,0.69 | 1.56 | 2.07,0,1.94 | 2.57 | 5.84,0.913,0.000,0,1,0,0,0,0,-1,0,0,0,,0,,0,,0,0,913.25,0,1
17253896592,387,2,2,8,8,10.8,0,0,0.11 | 0.11 | 0.11,0,0.69 | 1.56 | 2.07,0,1.94 | 2.57 | 5.84,0.913,0.000,0,1,0,0,0,0,-1,0,0,0,,0,,0,,0,0,913.25,0,1
17253896593,387,2,2,8,8,10.8,0,0,0.11 | 0.11 | 0.11,0,0.69 | 1.56 | 2.07,0,1.94 | 2.57 | 5.84,0.913,0.000,0,1,0,0,0,0,-1,0,0,0,,0,,0,,0,0,913.25,0,1
17253896594,387,2,2,8,8,10.8,0,0,0.11 | 0.11 | 0.11,0,0.69 | 1.56 | 2.07,0,1.94 | 2.57 | 5.84,0.913,0.000,0,1,0,0,0,0,-1,0,0,0,,0,,0,,0,0,913.25,0,1
17253896595,387,2,2,8,8,10.8,0,0,0.11 | 0.11 | 0.11,0,0.69 | 1.56 | 2.07,0,1.94 | 2.57 | 5.84,0.913,0.000,0,1,0,0,0,0,-1,0,0,0,,0,,0,,0,0,922,0,1
17253896596,387,2,2,8,8,10.8,0,0,0.11 | 0.11 | 0.11,0,0.69 | 1.56 | 2.07,0,1.94 | 2.57 | 5.84,0.913,0.000,0,1,0,0,0,0,-1,0,0,0,,0,,0,,0,0,922,0,1
17253896597,387,2,2,8,8,10.8,0,0,0.11 | 0.11 | 0.11,0,0.69 | 1.56 | 2.07,0,1.94 | 2.57 | 5.84,0.913,0.000,0,1,0,0,0,0,-1,0,0,0,,0,,0,,0,0,922,0,1
17253896598,387,2,2,8,8,10.8,0,0,0.11 | 0.11 | 0.11,0,0.69 | 1.56 | 2.07,0,1.94 | 2.57 | 5.84,0.913,0.000,0,1,0,0,0,0,-1,0,0,0,,0,,0,,0,0,922,0,1
17253896599,387,2,2,8,8,12.938,0,0,0.10 | 0.11 | 0.11,0,1.24 | 1.69 | 2.07,0,1.94 | 2.36 | 3.24,0.922,0.000,0,1,0,0,0,0,-1,0,0,0,,0,,0,,0,0,922,0,1
17253896600,387,2,2,8,8,12.938,0,0,0.10 | 0.11 | 0.11,0,1.24 | 1.69 | 2.07,0,1.94 | 2.36 | 3.24,0.922,0.000,0,1,0,0,0,0,-1,0,0,0,,0,,0,,0,0,922,0,1
17253896601,387,2,2,8,8,12.938,0,0,0.10 | 0.11 | 0.11,0,1.24 | 1.69 | 2.07,0,1.94 | 2.36 | 3.24,0.922,0.000,0,1,0,0,0,0,-1,0,0,0,,0,,0,,0,0,922,0,1
17253896602,387,2,2,8,8,12.938,0,0,0.10 | 0.11 | 0.11,0,1.24 | 1.69 | 2.07,0,1.94 | 2.36 | 3.24,0.922,0.000,0,1,0,0,0,0,-1,0,0,0,,0,,0,,0,0,922,0,1
17253896603,387,2,2,8,8,12.938,0,0,0.10 | 0.11 | 0.11,0,1.24 | 1.69 | 2.07,0,1.94 | 2.36 | 3.24,0.922,0.000,0,1,0,0,0,0,-1,0,0,0,,0,,0,,0,0,922,0,1
17253896604,387,2,2,8,8,12.938,0,0,0.10 | 0.11 | 0.11,0,1.24 | 1.69 | 2.07,0,1.94 | 2.36 | 3.24,0.922,0.000,0,1,0,0,0,0,-1,0,0,0,,0,,0,,0,0,922,0,1
17253896605,387,2,2,8,8,12.938,0,0,0.10 | 0.11 | 0.11,0,1.24 | 1.69 | 2.07,0,1.94 | 2.36 | 3.24,0.922,0.000,0,1,0,0,0,0,-1,0,0,0,,0,,0,,0,0,922,0,1
17253896606,387,2,2,8,8,12.938,0,0,0.10 | 0.11 | 0.11,0,1.24 | 1.69 | 2.07,0,1.94 | 2.36 | 3.24,0.922,0.000,0,1,0,0,0,0,-1,0,0,0,,0,,0,,0,0,922,0,1
17253896607,387,2,2,8,8,12.938,0,0,0.10 | 0.11 | 0.11,0,1.24 | 1.69 | 2.07,0,1.94 | 2.36 | 3.24,0.922,0.000,0,1,0,0,0,0,-1,0,0,0,,0,,0,,0,0,922,0,1
17253896608,387,2,2,8,8,12.938,0,0,0.10 | 0.11 | 0.11,0,1.24 | 1.69 | 2.07,0,1.94 | 2.36 | 3.24,0.922,0.000,0,1,0,0,0,0,-1,0,0,0,,0,,0,,0,0,922,0,1
17253896609,387,2,2,8,8,12.141,0,0,0.10 | 0.11 | 0.11,0,1.24 | 1.69 | 2.07,0,1.94 | 2.36 | 3.24,0.922,0.000,0,1,0,0,0,0,-1,0,0,0,,0,,0,,0,0,922,0,1
17253896610,387,2,2,8,8,12.141,0,0,0.10 | 0.11 | 0.11,0,1.24 | 1.69 | 2.07,0,1.94 | 2.36 | 3.24,0.922,0.000,0,1,0,0,0,0,-1,0,0,0,,0,,0,,0,0,922,0,1
17253896611,387,2,2,8,8,12.141,0,0,0.10 | 0.11 | 0.11,0,1.24 | 1.69 | 2.07,0,1.94 | 2.36 | 3.24,0.922,0.000,0,1,0,0,0,0,-1,0,0,0,,0,,0,,0,0,922,0,1
17253896612,387,2,2,8,8,12.141,0,0,0.10 | 0.11 | 0.11,0,1.24 | 1.69 | 2.07,0,1.94 | 2.36 | 3.24,0.922,0.000,0,1,0,0,0,0,-1,0,0,0,,0,,0,,0,0,922,0,1
17253896613,387,2,2,8,8,12.141,0,0,0.10 | 0.11 | 0.11,0,1.24 | 1.69 | 2.07,0,1.94 | 2.36 | 3.24,0.922,0.000,0,1,0,0,0,0,-1,0,0,0,,0,,0,,0,0,922,0,1
17253896614,387,2,2,8,8,12.141,0,0,0.10 | 0.11 | 0.11,0,1.24 | 1.69 | 2.07,0,1.94 | 2.36 | 3.24,0.922,0.000,0,1,0,0,0,0,-1,0,0,0,,0,,0,,0,0,922,0,1
17253896615,387,2,2,8,8,12.141,0,0,0.10 | 0.11 | 0.11,0,1.24 | 1.69 | 2.07,0,1.94 | 2.36 | 3.24,0.922,0.000,0,1,0,0,0,0,-1,0,0,0,,0,,0,,0,0,922,0,1
17253896616,387,2,2,8,8,12.141,0,0,0.10 | 0.11 | 0.11,0,1.24 | 1.69 | 2.07,0,1.94 | 2.36 | 3.24,0.922,0.000,0,1,0,0,0,0,-1,0,0,0,,0,,0,,0,0,922,0,1
17253896617,387,2,2,8,8,12.141,0,0,0.10 | 0.11 | 0.11,0,1.24 | 1.69 | 2.07,0,1.94 | 2.36 | 3.24,0.922,0.000,0,1,0,0,0,0,-1,0,0,0,,0,,0,,0,0,922,0,1
17253896618,387,2,2,8,8,12.141,0,0,0.10 | 0.11 | 0.11,0,1.24 | 1.69 | 2.07,0,1.94 | 2.36 | 3.24,0.922,0.000,0,1,0,0,0,0,-1,0,0,0,,0,,0,,0,0,922,0,1
17253896619,387,2,2,8,8,11.078,0,0,0.10 | 0.11 | 0.11,0,1.24 | 1.69 | 2.07,0,1.94 | 2.36 | 3.24,0.922,0.000,0,1,0,0,0,0,-1,0,0,0,,0,,0,,0,0,922,0,1
17253896620,387,2,2,8,8,11.078,0,0,0.10 | 0.11 | 0.11,0,1.24 | 1.69 | 2.07,0,1.94 | 2.36 | 3.24,0.922,0.000,0,1,0,0,0,0,-1,0,0,0,,0,,0,,0,0,922,0,1
17253896621,387,2,2,8,8,11.078,0,0,0.10 | 0.11 | 0.11,0,1.24 | 1.69 | 2.07,0,1.94 | 2.36 | 3.24,0.922,0.000,0,1,0,0,0,0,-1,0,0,0,,0,,0,,0,0,922,0,1
17253896622,387,2,2,8,8,11.078,0,0,0.10 | 0.11 | 0.11,0,1.24 | 1.69 | 2.07,0,1.94 | 2.36 | 3.24,0.922,0.000,0,1,0,0,0,0,-1,0,0,0,,0,,0,,0,0,922,0,1
17253896623,387,2,2,8,8,11.078,0,0,0.10 | 0.11 | 0.11,0,1.24 | 1.69 | 2.07,0,1.94 | 2.36 | 3.24,0.922,0.000,0,1,0,0,0,0,-1,0,0,0,,0,,0,,0,0,922,0,1
17253896624,387,2,2,8,8,11.078,0,0,0.10 | 0.11 | 0.11,0,1.24 | 1.69 | 2.07,0,1.94 | 2.36 | 3.24,0.922,0.000,0,1,0,0,0,0,-1,0,0,0,,0,,0,,0,0,922,0,1
17253896625,387,2,2,8,8,11.078,0,0,0.10 | 0.11 | 0.11,0,1.24 | 1.69 | 2.07,0,1.94 | 2.36 | 3.24,0.922,0.000,0,1,0,0,0,0,-1,0,0,0,,0,,0,,0,0,922,0,1
17253896626,387,2,2,8,8,11.078,0,0,0.10 | 0.11 | 0.11,0,1.24 | 1.69 | 2.07,0,1.94 | 2.36 | 3.24,0.922,0.000,0,1,0,0,0,0,-1,0,0,0,,0,,0,,0,0,922,0,1
17253896627,387,2,2,8,8,11.078,0,0,0.10 | 0.11 | 0.11,0,1.24 | 1.69 | 2.07,0,1.94 | 2.36 | 3.24,0.922,0.000,0,1,0,0,0,0,-1,0,0,0,,0,,0,,0,0,922,0,1
17253896628,387,2,2,8,8,11.078,0,0,0.10 | 0.11 | 0.11,0,1.24 | 1.69 | 2.07,0,1.94 | 2.36 | 3.24,0.922,0.000,0,1,0,0,0,0,-1,0,0,0,,0,,0,,0,0,922,0,1
17253896629,387,2,2,8,8,10.016,0,0,0.10 | 0.11 | 0.11,0,1.24 | 1.69 | 2.07,0,1.94 | 2.36 | 3.24,0.922,0.000,0,1,0,0,0,0,-1,0,0,0,,0,,0,,0,0,922,0,1
17253896630,387,2,2,8,8,10.016,0,0,0.10 | 0.11 | 0.11,0,1.24 | 1.69 | 2.07,0,1.94 | 2.36 | 3.24,0.922,0.000,0,1,0,0,0,0,-1,0,0,0,,0,,0,,0,0,922,0,1
17253896631,387,2,2,8,8,10.016,0,0,0.10 | 0.11 | 0.11,0,1.24 | 1.69 | 2.07,0,1.94 | 2.36 | 3.24,0.922,0.000,0,1,0,0,0,0,-1,0,0,0,,0,,0,,0,0,922,0,1
17253896632,387,2,2,8,8,10.016,0,0,0.10 | 0.11 | 0.11,0,1.24 | 1.69 | 2.07,0,1.94 | 2.36 | 3.24,0.922,0.000,0,1,0,0,0,0,-1,0,0,0,,0,,0,,0,0,922,0,1
17253896633,387,2,2,8,8,10.016,0,0,0.10 | 0.11 | 0.11,0,1.24 | 1.69 | 2.07,0,1.94 | 2.36 | 3.24,0.922,0.000,0,1,0,0,0,0,-1,0,0,0,,0,,0,,0,0,922,0,1
17253896634,387,2,2,8,8,10.016,0,0,0.10 | 0.11 | 0.11,0,1.24 | 1.69 | 2.07,0,1.94 | 2.36 | 3.24,0.922,0.000,0,1,0,0,0,0,-1,0,0,0,,0,,0,,0,0,922,0,1
17253896635,387,2,2,8,8,10.016,0,0,0.10 | 0.11 | 0.11,0,1.24 | 1.69 | 2.07,0,1.94 | 2.36 | 3.24,0.922,0.000,0,1,0,0,0,0,-1,0,0,0,,0,,0,,0,0,922,0,1
17253896636,387,2,2,8,8,10.016,0,0,0.10 | 0.11 | 0.11,0,1.24 | 1.69 | 2.07,0,1.94 | 2.36 | 3.24,0.922,0.000,0,1,0,0,0,0,-1,0,0,0,,0,,0,,0,0,922,0,1
17253896637,387,2,2,8,8,10.016,0,0,0.10 | 0.11 | 0.11,0,1.24 | 1.69 | 2.07,0,1.94 | 2.36 | 3.24,0.922,0.000,0,1,0,0,0,0,-1,0,0,0,,0,,0,,0,0,922,0,1
17253896638,387,2,2,8,8,10.016,0,0,0.10 | 0.11 | 0.11,0,1.24 | 1.69 | 2.07,0,1.94 | 2.36 | 3.24,0.922,0.000,0,1,0,0,0,0,-1,0,0,0,,0,,0,,0,0,922,0,1
17253896639,387,2,2,8,8,8.953,0,0,0.10 | 0.11 | 0.11,0,1.24 | 1.69 | 2.07,0,1.94 | 2.36 | 3.24,0.922,0.000,0,1,0,0,0,0,-1,0,0,0,,0,,0,,0,0,922,0,1
17253896640,387,2,2,8,8,8.953,0,0,0.10 | 0.11 | 0.11,0,1.24 | 1.69 | 2.07,0,1.94 | 2.36 | 3.24,0.922,0.000,0,1,0,0,0,0,-1,0,0,0,,0,,0,,0,0,922,0,1
17253896641,387,2,2,8,8,8.953,0,0,0.10 | 0.11 | 0.11,0,1.24 | 1.69 | 2.07,0,1.94 | 2.36 | 3.24,0.922,0.000,0,1,0,0,0,0,-1,0,0,0,,0,,0,,0,0,879.6,0,1
17253896642,387,2,2,8,8,8.953,0,0,0.10 | 0.11 | 0.11,0,1.24 | 1.69 | 2.07,0,1.94 | 2.36 | 3.24,0.922,0.000,0,1,0,0,0,0,-1,0,0,0,,0,,0,,0,0,879.6,0,1
17253896643,387,2,2,8,8,8.953,0,0,0.10 | 0.11 | 0.11,0,1.24 | 1.69 | 2.07,0,1.94 | 2.36 | 3.24,0.922,0.000,0,1,0,0,0,0,-1,0,0,0,,0,,0,,0,0,879.6,0,1
17253896644,387,2,2,8,8,8.953,0,0,0.10 | 0.11 | 0.11,0,1.24 | 1.69 | 2.07,0,1.94 | 2.36 | 3.24,0.922,0.000,0,1,0,0,0,0,-1,0,0,0,,0,,0,,0,0,879.6,0,1
17253896645,387,2,2,8,8,8.953,0,0,0.10 | 0.11 | 0.11,0,1.24 | 1.69 | 2.07,0,1.94 | 2.36 | 3.24,0.922,0.000,0,1,0,0,0,0,-1,0,0,0,,0,,0,,0,0,879.6,0,1
17253896646,387,2,2,8,8,8.953,0,0,0.10 | 0.11 | 0.11,0,1.24 | 1.69 | 2.07,0,1.94 | 2.36 | 3.24,0.922,0.000,0,1,0,0,0,0,-1,0,0,0,,0,,0,,0,0,879.6,0,1
17253896647,387,2,2,8,8,8.953,0,0,0.10 | 0.11 | 0.11,0,1.24 | 1.69 | 2.07,0,1.94 | 2.36 | 3.24,0.922,0.000,0,1,0,0,0,0,-1,0,0,0,,0,,0,,0,0,879.6,0,1
17253896648,387,2,2,8,8,8.953,0,0,0.10 | 0.11 | 0.11,0,1.24 | 1.69 | 2.07,0,1.94 | 2.36 | 3.24,0.922,0.000,0,1,0,0,0,0,-1,0,0,0,,0,,0,,0,0,879.6,0,1
17253896649,387,2,2,8,8,12.957,0,0,0.10 | 0.11 | 0.11,0,1.24 | 1.93 | 3.02,0,1.32 | 2.07 | 3.24,0.880,0.000,0,1,0,0,0,0,-1,0,0,0,,0,,0,,0,0,879.6,0,1
17253896650,387,2,2,8,8,12.957,0,0,0.10 | 0.11 | 0.11,0,1.24 | 1.93 | 3.02,0,1.32 | 2.07 | 3.24,0.880,0.000,0,1,0,0,0,0,-1,0,0,0,,0,,0,,0,0,879.6,0,1
17253896651,387,2,2,8,8,12.957,0,0,0.10 | 0.11 | 0.11,0,1.24 | 1.93 | 3.02,0,1.32 | 2.07 | 3.24,0.880,0.000,0,1,0,0,0,0,-1,0,0,0,,0,,0,,0,0,879.6,0,1
17253896652,387,2,2,8,8,12.957,0,0,0.10 | 0.11 | 0.11,0,1.24 | 1.93 | 3.02,0,1.32 | 2.07 | 3.24,0.880,0.000,0,1,0,0,0,0,-1,0,0,0,,0,,0,,0,0,879.6,0,1
17253896653,387,2,2,8,8,12.957,0,0,0.10 | 0.11 | 0.11,0,1.24 | 1.93 | 3.02,0,1.32 | 2.07 | 3.24,0.880,0.000,0,1,0,0,0,0,-1,0,0,0,,0,,0,,0,0,879.6,0,1
17253896654,387,2,2,8,8,12.957,0,0,0.10 | 0.11 | 0.11,0,1.24 | 1.93 | 3.02,0,1.32 | 2.07 | 3.24,0.880,0.000,0,1,0,0,0,0,-1,0,0,0,,0,,0,,0,0,879.6,0,1
17253896655,387,2,2,8,8,12.957,0,0,0.10 | 0.11 | 0.11,0,1.24 | 1.93 | 3.02,0,1.32 | 2.07 | 3.24,0.880,0.000,0,1,0,0,0,0,-1,0,0,0,,0,,0,,0,0,879.6,0,1
17253896656,387,2,2,8,8,12.957,0,0,0.10 | 0.11 | 0.11,0,1.24 | 1.93 | 3.02,0,1.32 | 2.07 | 3.24,0.880,0.000,0,1,0,0,0,0,-1,0,0,0,,0,,0,,0,0,879.6,0,1
17253896657,387,2,2,8,8,12.957,0,0,0.10 | 0.11 | 0.11,0,1.24 | 1.93 | 3.02,0,1.32 | 2.07 | 3.24,0.880,0.000,0,1,0,0,0,0,-1,0,0,0,,0,,0,,0,0,879.6,0,1
17253896658,387,2,2,8,8,12.957,0,0,0.10 | 0.11 | 0.11,0,1.24 | 1.93 | 3.02,0,1.32 | 2.07 | 3.24,0.880,0.000,0,1,0,0,0,0,-1,0,0,0,,0,,0,,0,0,879.6,0,1
17253896659,387,2,2,8,8,11.894,0,0,0.10 | 0.11 | 0.11,0,1.24 | 1.93 | 3.02,0,1.32 | 2.07 | 3.24,0.880,0.000,0,1,0,0,0,0,-1,0,0,0,,0,,0,,0,0,879.6,0,1
17253896660,387,2,2,8,8,11.894,0,0,0.10 | 0.11 | 0.11,0,1.24 | 1.93 | 3.02,0,1.32 | 2.07 | 3.24,0.880,0.000,0,1,0,0,0,0,-1,0,0,0,,0,,0,,0,0,879.6,0,1
17253896661,387,2,2,8,8,11.894,0,0,0.10 | 0.11 | 0.11,0,1.24 | 1.93 | 3.02,0,1.32 | 2.07 | 3.24,0.880,0.000,0,1,0,0,0,0,-1,0,0,0,,0,,0,,0,0,879.6,0,1
17253896662,387,2,2,8,8,11.894,0,0,0.10 | 0.11 | 0.11,0,1.24 | 1.93 | 3.02,0,1.32 | 2.07 | 3.24,0.880,0.000,0,1,0,0,0,0,-1,0,0,0,,0,,0,,0,0,879.6,0,1
17253896663,387,2,2,8,8,11.894,0,0,0.10 | 0.11 | 0.11,0,1.24 | 1.93 | 3.02,0,1.32 | 2.07 | 3.24,0.880,0.000,0,1,0,0,0,0,-1,0,0,0,,0,,0,,0,0,879.6,0,1
17253896664,387,2,2,8,8,11.894,0,0,0.10 | 0.11 | 0.11,0,1.24 | 1.93 | 3.02,0,1.32 | 2.07 | 3.24,0.880,0.000,0,1,0,0,0,0,-1,0,0,0,,0,,0,,0,0,879.6,0,1
17253896665,387,2,2,8,8,11.894,0,0,0.10 | 0.11 | 0.11,0,1.24 | 1.93 | 3.02,0,1.32 | 2.07 | 3.24,0.880,0.000,0,1,0,0,0,0,-1,0,0,0,,0,,0,,0,0,879.6,0,1
17253896666,387,2,2,8,8,11.894,0,0,0.10 | 0.11 | 0.11,0,1.24 | 1.93 | 3.02,0,1.32 | 2.07 | 3.24,0.880,0.000,0,1,0,0,0,0,-1,0,0,0,,0,,0,,0,0,879.6,0,1
17253896667,387,2,2,8,8,11.894,0,0,0.10 | 0.11 | 0.11,0,1.24 | 1.93 | 3.02,0,1.32 | 2.07 | 3.24,0.880,0.000,0,1,0,0,0,0,-1,0,0,0,,0,,0,,0,0,879.6,0,1
17253896668,387,2,2,8,8,11.894,0,0,0.10 | 0.11 | 0.11,0,1.24 | 1.93 | 3.02,0,1.32 | 2.07 | 3.24,0.880,0.000,0,1,0,0,0,0,-1,0,0,0,,0,,0,,0,0,879.6,0,1
17253896669,387,2,2,8,8,10.713,0,0,0.10 | 0.11 | 0.11,0,1.24 | 1.93 | 3.02,0,1.32 | 2.07 | 3.24,0.880,0.000,0,1,0,0,0,0,-1,0,0,0,,0,,0,,0,0,879.6,0,1
17253896670,387,2,2,8,8,10.713,0,0,0.10 | 0.11 | 0.11,0,1.24 | 1.93 | 3.02,0,1.32 | 2.07 | 3.24,0.880,0.000,0,1,0,0,0,0,-1,0,0,0,,0,,0,,0,0,879.6,0,1
17253896671,387,2,2,8,8,10.713,0,0,0.10 | 0.11 | 0.11,0,1.24 | 1.93 | 3.02,0,1.32 | 2.07 | 3.24,0.880,0.000,0,1,0,0,0,0,-1,0,0,0,,0,,0,,0,0,879.6,0,1
17253896672,387,2,2,8,8,10.713,0,0,0.10 | 0.11 | 0.11,0,1.24 | 1.93 | 3.02,0,1.32 | 2.07 | 3.24,0.880,0.000,0,1,0,0,0,0,-1,0,0,0,,0,,0,,0,0,879.6,0,1
17253896673,387,2,2,8,8,10.713,0,0,0.10 | 0.11 | 0.11,0,1.24 | 1.93 | 3.02,0,1.32 | 2.07 | 3.24,0.880,0.000,0,1,0,0,0,0,-1,0,0,0,,0,,0,,0,0,879.6,0,1
17253896674,387,2,2,8,8,10.713,0,0,0.10 | 0.11 | 0.11,0,1.24 | 1.93 | 3.02,0,1.32 | 2.07 | 3.24,0.880,0.000,0,1,0,0,0,0,-1,0,0,0,,0,,0,,0,0,879.6,0,1
17253896675,387,2,2,8,8,10.713,0,0,0.10 | 0.11 | 0.11,0,1.24 | 1.93 | 3.02,0,1.32 | 2.07 | 3.24,0.880,0.000,0,1,0,0,0,0,-1,0,0,0,,0,,0,,0,0,879.6,0,1
17253896676,387,2,2,8,8,10.713,0,0,0.10 | 0.11 | 0.11,0,1.24 | 1.93 | 3.02,0,1.32 | 2.07 | 3.24,0.880,0.000,0,1,0,0,0,0,-1,0,0,0,,0,,0,,0,0,879.6,0,1
17253896677,387,2,2,8,8,10.713,0,0,0.10 | 0.11 | 0.11,0,1.24 | 1.93 | 3.02,0,1.32 | 2.07 | 3.24,0.880,0.000,0,1,0,0,0,0,-1,0,0,0,,0,,0,,0,0,879.6,0,1
17253896678,387,2,2,8,8,10.713,0,0,0.10 | 0.11 | 0.11,0,1.24 | 1.93 | 3.02,0,1.32 | 2.07 | 3.24,0.880,0.000,0,1,0,0,0,0,-1,0,0,0,,0,,0,,0,0,883,0,1
17253896679,387,2,2,8,8,12.953,0,0,0.10 | 0.11 | 0.11,0,1.24 | 1.96 | 3.02,0,1.32 | 2.04 | 3.24,0.883,0.000,0,1,0,0,0,0,-1,0,0,0,,0,,0,,0,0,883,0,1
17253896680,387,2,2,8,8,12.953,0,0,0.10 | 0.11 | 0.11,0,1.24 | 1.96 | 3.02,0,1.32 | 2.04 | 3.24,0.883,0.000,0,1,0,0,0,0,-1,0,0,0,,0,,0,,0,0,883,0,1
17253896681,387,2,2,8,8,12.953,0,0,0.10 | 0.11 | 0.11,0,1.24 | 1.96 | 3.02,0,1.32 | 2.04 | 3.24,0.883,0.000,0,1,0,0,0,0,-1,0,0,0,,0,,0,,0,0,883,0,1
17253896682,387,2,2,8,8,12.953,0,0,0.10 | 0.11 | 0.11,0,1.24 | 1.96 | 3.02,0,1.32 | 2.04 | 3.24,0.883,0.000,0,1,0,0,0,0,-1,0,0,0,,0,,0,,0,0,883,0,1
17253896683,387,2,2,8,8,12.953,0,0,0.10 | 0.11 | 0.11,0,1.24 | 1.96 | 3.02,0,1.32 | 2.04 | 3.24,0.883,0.000,0,1,0,0,0,0,-1,0,0,0,,0,,0,,0,0,883,0,1
17253896684,387,2,2,8,8,12.953,0,0,0.10 | 0.11 | 0.11,0,1.24 | 1.96 | 3.02,0,1.32 | 2.04 | 3.24,0.883,0.000,0,1,0,0,0,0,-1,0,0,0,,0,,0,,0,0,883,0,1
17253896685,387,2,2,8,8,12.953,0,0,0.10 | 0.11 | 0.11,0,1.24 | 1.96 | 3.02,0,1.32 | 2.04 | 3.24,0.883,0.000,0,1,0,0,0,0,-1,0,0,0,,0,,0,,0,0,883,0,1
17253896686,387,2,2,8,8,12.953,0,0,0.10 | 0.11 | 0.11,0,1.24 | 1.96 | 3.02,0,1.32 | 2.04 | 3.24,0.883,0.000,0,1,0,0,0,0,-1,0,0,0,,0,,0,,0,0,883,0,1
17253896687,387,2,2,8,8,12.953,0,0,0.10 | 0.11 | 0.11,0,1.24 | 1.96 | 3.02,0,1.32 | 2.04 | 3.24,0.883,0.000,0,1,0,0,0,0,-1,0,0,0,,0,,0,,0,0,883,0,1
17253896688,387,2,2,8,8,12.953,0,0,0.10 | 0.11 | 0.11,0,1.24 | 1.96 | 3.02,0,1.32 | 2.04 | 3.24,0.883,0.000,0,1,0,0,0,0,-1,0,0,0,,0,,0,,0,0,883,0,1
17253896689,387,2,2,8,8,11.907,0,0,0.10 | 0.11 | 0.11,0,1.24 | 1.96 | 3.02,0,1.32 | 2.04 | 3.24,0.883,0.000,0,1,0,0,0,0,-1,0,0,0,,0,,0,,0,0,883,0,1
17253896690,387,2,2,8,8,11.907,0,0,0.10 | 0.11 | 0.11,0,1.24 | 1.96 | 3.02,0,1.32 | 2.04 | 3.24,0.883,0.000,0,1,0,0,0,0,-1,0,0,0,,0,,0,,0,0,883,0,1
17253896691,387,2,2,8,8,11.907,0,0,0.10 | 0.11 | 0.11,0,1.24 | 1.96 | 3.02,0,1.32 | 2.04 | 3.24,0.883,0.000,0,1,0,0,0,0,-1,0,0,0,,0,,0,,0,0,883,0,1
17253896692,387,2,2,8,8,11.907,0,0,0.10 | 0.11 | 0.11,0,1.24 | 1.96 | 3.02,0,1.32 | 2.04 | 3.24,0.883,0.000,0,1,0,0,0,0,-1,0,0,0,,0,,0,,0,0,883,0,1
17253896693,772,2,4,8,8,11.907,0,0,0.10 | 0.11 | 0.11,0,1.24 | 1.96 | 3.02,0,1.32 | 2.04 | 3.24,0.883,0.000,0,1,0,0,0,0,-1,0,0,0,,0,,0,,0,0,883,0,1
17253896694,772,2,4,8,8,11.907,0,0,0.10 | 0.11 | 0.11,0,1.24 | 1.96 | 3.02,0,1.32 | 2.04 | 3.24,0.883,0.000,0,1,0,0,0,0,-1,0,0,0,,0,,0,,0,0,883,0,1
17253896695,772,2,4,8,8,11.907,0,0,0.10 | 0.11 | 0.11,0,1.24 | 1.96 | 3.02,0,1.32 | 2.04 | 3.24,0.883,0.000,0,1,0,0,0,0,-1,0,0,0,,0,,0,,0,0,883,0,1
17253896696,772,2,4,8,8,11.907,0,0,0.10 | 0.11 | 0.11,0,1.24 | 1.96 | 3.02,0,1.32 | 2.04 | 3.24,0.883,0.000,0,1,0,0,0,0,-1,0,0,0,,0,,0,,0,0,883,0,1
17253896697,772,2,4,8,8,11.907,0,0,0.10 | 0.11 | 0.11,0,1.24 | 1.96 | 3.02,0,1.32 | 2.04 | 3.24,0.883,0.000,0,1,0,0,0,0,-1,0,0,0,,0,,0,,0,0,883,0,1
17253896698,772,2,4,8,8,11.907,0,0,0.10 | 0.11 | 0.11,0,1.24 | 1.96 | 3.02,0,1.32 | 2.04 | 3.24,0.883,0.000,0,1,0,0,0,0,-1,0,0,0,,0,,0,,0,0,883,0,1
17253896699,772,2,4,8,8,11.11,0,0,0.10 | 0.11 | 0.11,0,1.24 | 1.96 | 3.02,0,1.32 | 2.04 | 3.24,0.883,0.000,0,1,0,0,0,0,-1,0,0,0,,0,,0,,0,0,883,0,1
17253896700,772,2,4,8,8,11.11,0,0,0.10 | 0.11 | 0.11,0,1.24 | 1.96 | 3.02,0,1.32 | 2.04 | 3.24,0.883,0.000,0,1,0,0,0,0,-1,0,0,0,,0,,0,,0,0,883,0,1
17253896701,772,2,4,8,8,11.11,0,0,0.10 | 0.11 | 0.11,0,1.24 | 1.96 | 3.02,0,1.32 | 2.04 | 3.24,0.883,0.000,0,1,0,0,0,0,-1,0,0,0,,0,,0,,0,0,883,0,1
17253896702,772,2,4,8,8,11.11,0,0,0.10 | 0.11 | 0.11,0,1.24 | 1.96 | 3.02,0,1.32 | 2.04 | 3.24,0.883,0.000,0,1,0,0,0,0,-1,0,0,0,,0,,0,,0,0,883,0,1
17253896703,772,2,4,8,8,11.11,0,0,0.10 | 0.11 | 0.11,0,1.24 | 1.96 | 3.02,0,1.32 | 2.04 | 3.24,0.883,0.000,0,1,0,0,0,0,-1,0,0,0,,0,,0,,0,0,883,0,1
17253896704,772,2,4,8,8,11.11,0,0,0.10 | 0.11 | 0.11,0,1.24 | 1.96 | 3.02,0,1.32 | 2.04 | 3.24,0.883,0.000,0,1,0,0,0,0,-1,0,0,0,,0,,0,,0,0,883,0,1
17253896705,772,2,4,8,8,11.11,0,0,0.10 | 0.11 | 0.11,0,1.24 | 1.96 | 3.02,0,1.32 | 2.04 | 3.24,0.883,0.000,0,1,0,0,0,0,-1,0,0,0,,0,,0,,0,0,883,0,1
17253896706,772,2,4,8,8,11.11,0,0,0.10 | 0.11 | 0.11,0,1.24 | 1.96 | 3.02,0,1.32 | 2.04 | 3.24,0.883,0.000,0,1,0,0,0,0,-1,0,0,0,,0,,0,,0,0,883,0,1
17253896707,772,2,4,8,8,11.11,0,0,0.10 | 0.11 | 0.11,0,1.24 | 1.96 | 3.02,0,1.32 | 2.04 | 3.24,0.883,0.000,0,1,0,0,0,0,-1,0,0,0,,0,,0,,0,0,883,0,1
17253896708,772,2,4,8,8,11.11,0,0,0.10 | 0.11 | 0.11,0,1.24 | 1.96 | 3.02,0,1.32 | 2.04 | 3.24,0.883,0.000,0,1,0,0,0,0,-1,0,0,0,,0,,0,,0,0,883,0,1
17253896709,772,2,4,8,8,10.047,0,0,0.10 | 0.11 | 0.11,0,1.24 | 1.96 | 3.02,0,1.32 | 2.04 | 3.24,0.883,0.000,0,1,0,0,0,0,-1,0,0,0,,0,,0,,0,0,883,0,1
17253896710,772,2,4,8,8,10.047,0,0,0.10 | 0.11 | 0.11,0,1.24 | 1.96 | 3.02,0,1.32 | 2.04 | 3.24,0.883,0.000,0,1,0,0,0,0,-1,0,0,0,,0,,0,,0,0,883,0,1
17253896711,772,2,4,8,8,10.047,0,0,0.10 | 0.11 | 0.11,0,1.24 | 1.96 | 3.02,0,1.32 | 2.04 | 3.24,0.883,0.000,0,1,0,0,0,0,-1,0,0,0,,0,,0,,0,0,883,0,1
17253896712,772,2,4,8,8,10.047,0,0,0.10 | 0.11 | 0.11,0,1.24 | 1.96 | 3.02,0,1.32 | 2.04 | 3.24,0.883,0.000,0,1,0,0,0,0,-1,0,0,0,,0,,0,,0,0,883,0,1
17253896713,772,2,4,8,8,10.047,0,0,0.10 | 0.11 | 0.11,0,1.24 | 1.96 | 3.02,0,1.32 | 2.04 | 3.24,0.883,0.000,0,1,0,0,0,0,-1,0,0,0,,0,,0,,0,0,883,0,1
17253896714,772,2,4,8,8,10.047,0,0,0.10 | 0.11 | 0.11,0,1.24 | 1.96 | 3.02,0,1.32 | 2.04 | 3.24,0.883,0.000,0,1,0,0,0,0,-1,0,0,0,,0,,0,,0,0,883,0,1
17253896715,772,2,4,8,8,10.047,0,0,0.10 | 0.11 | 0.11,0,1.24 | 1.96 | 3.02,0,1.32 | 2.04 | 3.24,0.883,0.000,0,1,0,0,0,0,-1,0,0,0,,0,,0,,0,0,883,0,1
17253896716,772,2,4,8,8,10.047,0,0,0.10 | 0.11 | 0.11,0,1.24 | 1.96 | 3.02,0,1.32 | 2.04 | 3.24,0.883,0.000,0,1,0,0,0,0,-1,0,0,0,,0,,0,,0,0,883,0,1
17253896717,772,2,4,8,8,10.047,0,0,0.10 | 0.11 | 0.11,0,1.24 | 1.96 | 3.02,0,1.32 | 2.04 | 3.24,0.883,0.000,0,1,0,0,0,0,-1,0,0,0,,0,,0,,0,0,883,0,1
17253896718,772,2,4,8,8,10.047,0,0,0.10 | 0.11 | 0.11,0,1.24 | 1.96 | 3.02,0,1.32 | 2.04 | 3.24,0.883,0.000,0,1,0,0,0,0,-1,0,0,0,,0,,0,,0,0,883,0,1
17253896719,772,2,4,8,8,8.985,0,0,0.10 | 0.11 | 0.11,0,1.24 | 1.96 | 3.02,0,1.32 | 2.04 | 3.24,0.883,0.000,0,1,0,0,0,0,-1,0,0,0,,0,,0,,0,0,883,0,1
17253896720,772,2,4,8,8,8.985,0,0,0.10 | 0.11 | 0.11,0,1.24 | 1.96 | 3.02,0,1.32 | 2.04 | 3.24,0.883,0.000,0,1,0,0,0,0,-1,0,0,0,,0,,0,,0,0,883,0,1
17253896721,772,2,4,8,8,8.985,0,0,0.10 | 0.11 | 0.11,0,1.24 | 1.96 | 3.02,0,1.32 | 2.04 | 3.24,0.883,0.000,0,1,0,0,0,0,-1,0,0,0,,0,,0,,0,0,883,0,1
17253896722,772,2,4,8,8,8.985,0,0,0.10 | 0.11 | 0.11,0,1.24 | 1.96 | 3.02,0,1.32 | 2.04 | 3.24,0.883,0.000,0,1,0,0,0,0,-1,0,0,0,,0,,0,,0,0,883,0,1
17253896723,772,2,4,8,8,8.985,0,0,0.10 | 0.11 | 0.11,0,1.24 | 1.96 | 3.02,0,1.32 | 2.04 | 3.24,0.883,0.000,0,1,0,0,0,0,-1,0,0,0,,0,,0,,0,0,883,0,1
17253896724,772,2,4,8,8,8.985,0,0,0.10 | 0.11 | 0.11,0,1.24 | 1.96 | 3.02,0,1.32 | 2.04 | 3.24,0.883,0.000,0,1,0,0,0,0,-1,0,0,0,,0,,0,,0,0,883,0,1
17253896725,772,2,4,8,8,8.985,0,0,0.10 | 0.11 | 0.11,0,1.24 | 1.96 | 3.02,0,1.32 | 2.04 | 3.24,0.883,0.000,0,1,0,0,0,0,-1,0,0,0,,0,,0,,0,0,883,0,1
17253896726,772,2,4,8,8,8.985,0,0,0.10 | 0.11 | 0.11,0,1.24 | 1.96 | 3.02,0,1.32 | 2.04 | 3.24,0.883,0.000,0,1,0,0,0,0,-1,0,0,0,,0,,0,,0,0,883,0,1
17253896727,772,2,4,8,8,8.985,0,0,0.10 | 0.11 | 0.11,0,1.24 | 1.96 | 3.02,0,1.32 | 2.04 | 3.24,0.883,0.000,0,1,0,0,0,0,-1,0,0,0,,0,,0,,0,0,883,0,1
17253896728,772,2,4,8,8,8.985,0,0,0.10 | 0.11 | 0.11,0,1.24 | 1.96 | 3.02,0,1.32 | 2.04 | 3.24,0.883,0.000,0,1,0,0,0,0,-1,0,0,0,,0,,0,,0,0,883,0,1
17253896729,772,2,4,8,8,7.922,0,0,0.10 | 0.11 | 0.11,0,1.24 | 1.96 | 3.02,0,1.32 | 2.04 | 3.24,0.883,0.000,0,1,0,0,0,0,-1,0,0,0,,0,,0,,0,0,883,0,1
17253896730,772,2,4,8,8,7.922,0,0,0.10 | 0.11 | 0.11,0,1.24 | 1.96 | 3.02,0,1.32 | 2.04 | 3.24,0.883,0.000,0,1,0,0,0,0,-1,0,0,0,,0,,0,,0,0,883,0,1
17253896731,772,2,4,8,8,7.922,0,0,0.10 | 0.11 | 0.11,0,1.24 | 1.96 | 3.02,0,1.32 | 2.04 | 3.24,0.883,0.000,0,1,0,0,0,0,-1,0,0,0,,0,,0,,0,0,883,0,1
17253896732,772,2,4,8,8,7.922,0,0,0.10 | 0.11 | 0.11,0,1.24 | 1.96 | 3.02,0,1.32 | 2.04 | 3.24,0.883,0.000,0,1,0,0,0,0,-1,0,0,0,,0,,0,,0,0,883,0,1
17253896733,772,2,4,8,8,7.922,0,0,0.10 | 0.11 | 0.11,0,1.24 | 1.96 | 3.02,0,1.32 | 2.04 | 3.24,0.883,0.000,0,1,0,0,0,0,-1,0,0,0,,0,,0,,0,0,883,0,1
17253896734,772,2,4,8,8,7.922,0,0,0.10 | 0.11 | 0.11,0,1.24 | 1.96 | 3.02,0,1.32 | 2.04 | 3.24,0.883,0.000,0,1,0,0,0,0,-1,0,0,0,,0,,0,,0,0,883,0,1
17253896735,772,2,4,8,8,7.922,0,0,0.10 | 0.11 | 0.11,0,1.24 | 1.96 | 3.02,0,1.32 | 2.04 | 3.24,0.883,0.000,0,1,0,0,0,0,-1,0,0,0,,0,,0,,0,0,883,0,1
17253896736,772,2,4,8,8,7.922,0,0,0.10 | 0.11 | 0.11,0,1.24 | 1.96 | 3.02,0,1.32 | 2.04 | 3.24,0.883,0.000,0,1,0,0,0,0,-1,0,0,0,,0,,0,,0,0,883,0,1
17253896737,772,2,4,8,8,7.922,0,0,0.10 | 0.11 | 0.11,0,1.24 | 1.96 | 3.02,0,1.32 | 2.04 | 3.24,0.883,0.000,0,1,0,0,0,0,-1,0,0,0,,0,,0,,0,0,883,0,1
17253896738,772,2,4,8,8,7.922,0,0,0.10 | 0.11 | 0.11,0,1.24 | 1.96 | 3.02,0,1.32 | 2.04 | 3.24,0.883,0.000,0,1,0,0,0,0,-1,0,0,0,,0,,0,,0,0,883,0,1
17253896739,772,2,4,8,8,7.125,0,0,0.10 | 0.11 | 0.11,0,1.24 | 1.96 | 3.02,0,1.32 | 2.04 | 3.24,0.883,0.000,0,1,0,0,0,0,-1,0,0,0,,0,,0,,0,0,883,0,1
17253896740,772,2,4,8,8,7.125,0,0,0.10 | 0.11 | 0.11,0,1.24 | 1.96 | 3.02,0,1.32 | 2.04 | 3.24,0.883,0.000,0,1,0,0,0,0,-1,0,0,0,,0,,0,,0,0,883,0,1
17253896741,772,2,4,8,8,7.125,0,0,0.10 | 0.11 | 0.11,0,1.24 | 1.96 | 3.02,0,1.32 | 2.04 | 3.24,0.883,0.000,0,1,0,0,0,0,-1,0,0,0,,0,,0,,0,0,883,0,1
17253896742,772,2,4,8,8,7.125,0,0,0.10 | 0.11 | 0.11,0,1.24 | 1.96 | 3.02,0,1.32 | 2.04 | 3.24,0.883,0.000,0,1,0,0,0,0,-1,0,0,0,,0,,0,,0,0,883,0,1
17253896743,772,2,4,8,8,7.125,0,0,0.10 | 0.11 | 0.11,0,1.24 | 1.96 | 3.02,0,1.32 | 2.04 | 3.24,0.883,0.000,0,1,0,0,0,0,-1,0,0,0,,0,,0,,0,0,883,0,1
17253896744,772,2,4,8,8,7.125,0,0,0.10 | 0.11 | 0.11,0,1.24 | 1.96 | 3.02,0,1.32 | 2.04 | 3.24,0.883,0.000,0,1,0,0,0,0,-1,0,0,0,,0,,0,,0,0,883,0,1
17253896745,772,2,4,8,8,7.125,0,0,0.10 | 0.11 | 0.11,0,1.24 | 1.96 | 3.02,0,1.32 | 2.04 | 3.24,0.883,0.000,0,1,0,0,0,0,-1,0,0,0,,0,,0,,0,0,867.8,0,1
17253896746,580,2,3,8,8,7.125,0,0,0.10 | 0.11 | 0.11,0,1.24 | 1.96 | 3.02,0,1.32 | 2.04 | 3.24,0.883,0.000,0,1,0,0,0,0,-1,0,0,0,,0,,0,,0,0,867.8,0,1
17253896747,580,2,3,8,8,7.125,0,0,0.10 | 0.11 | 0.11,0,1.24 | 1.96 | 3.02,0,1.32 | 2.04 | 3.24,0.883,0.000,0,1,0,0,0,0,-1,0,0,0,,0,,0,,0,0,867.8,0,1
17253896748,580,4,3,8,8,7.125,0,0,0.10 | 0.11 | 0.11,0,1.24 | 1.96 | 3.02,0,1.32 | 2.04 | 3.24,0.883,0.000,0,1,0,0,0,0,-1,0,0,0,,0,,0,,0,0,867.8,0,1
17253896749,580,4,3,8,8,6.002,0,0,0.10 | 0.11 | 0.12,0,1.24 | 2.71 | 5.02,0,0.80 | 1.48 | 3.24,0.868,0.000,0,1,0,0,0,0,-1,0,0,0,,0,,0,,0,0,867.8,0,1
17253896750,580,4,3,8,8,6.002,0,0,0.10 | 0.11 | 0.12,0,1.24 | 2.71 | 5.02,0,0.80 | 1.48 | 3.24,0.868,0.000,0,1,0,0,0,0,-1,0,0,0,,0,,0,,0,0,867.8,0,1
17253896751,580,4,3,8,8,6.002,0,0,0.10 | 0.11 | 0.12,0,1.24 | 2.71 | 5.02,0,0.80 | 1.48 | 3.24,0.868,0.000,0,1,0,0,0,0,-1,0,0,0,,0,,0,,0,0,867.8,0,1
17253896752,580,4,3,8,8,6.002,0,0,0.10 | 0.11 | 0.12,0,1.24 | 2.71 | 5.02,0,0.80 | 1.48 | 3.24,0.868,0.000,0,1,0,0,0,0,-1,0,0,0,,0,,0,,0,0,867.8,0,1
17253896753,580,4,3,8,8,6.002,0,0,0.10 | 0.11 | 0.12,0,1.24 | 2.71 | 5.02,0,0.80 | 1.48 | 3.24,0.868,0.000,0,1,0,0,0,0,-1,0,0,0,,0,,0,,0,0,867.8,0,1
17253896754,580,4,3,8,8,6.002,0,0,0.10 | 0.11 | 0.12,0,1.24 | 2.71 | 5.02,0,0.80 | 1.48 | 3.24,0.868,0.000,0,1,0,0,0,0,-1,0,0,0,,0,,0,,0,0,867.8,0,1
17253896755,580,4,3,8,8,6.002,0,0,0.10 | 0.11 | 0.12,0,1.24 | 2.71 | 5.02,0,0.80 | 1.48 | 3.24,0.868,0.000,0,1,0,0,0,0,-1,0,0,0,,0,,0,,0,0,867.8,0,1
17253896756,580,4,3,8,8,6.002,0,0,0.10 | 0.11 | 0.12,0,1.24 | 2.71 | 5.02,0,0.80 | 1.48 | 3.24,0.868,0.000,0,1,0,0,0,0,-1,0,0,0,,0,,0,,0,0,867.8,0,1
17253896757,580,4,3,8,8,6.002,0,0,0.10 | 0.11 | 0.12,0,1.24 | 2.71 | 5.02,0,0.80 | 1.48 | 3.24,0.868,0.000,0,1,0,0,0,0,-1,0,0,0,,0,,0,,0,0,867.8,0,1
17253896758,580,4,3,8,8,6.002,0,0,0.10 | 0.11 | 0.12,0,1.24 | 2.71 | 5.02,0,0.80 | 1.48 | 3.24,0.868,0.000,0,1,0,0,0,0,-1,0,0,0,,0,,0,,0,0,867.8,0,1
17253896759,580,4,3,8,8,5,0,0,0.10 | 0.11 | 0.12,0,1.24 | 2.71 | 5.02,0,0.80 | 1.48 | 3.24,0.868,0.000,0,1,0,0,0,0,-1,0,0,0,,0,,0,,0,0,867.8,0,1
17253896760,580,4,3,8,8,5,0,0,0.10 | 0.11 | 0.12,0,1.24 | 2.71 | 5.02,0,0.80 | 1.48 | 3.24,0.868,0.000,0,1,0,0,0,0,-1,0,0,0,,0,,0,,0,0,867.8,0,1
17253896761,580,4,3,8,8,5,0,0,0.10 | 0.11 | 0.12,0,1.24 | 2.71 | 5.02,0,0.80 | 1.48 | 3.24,0.868,0.000,0,1,0,0,0,0,-1,0,0,0,,0,,0,,0,0,867.8,0,1
17253896762,580,4,3,8,8,5,0,0,0.10 | 0.11 | 0.12,0,1.24 | 2.71 | 5.02,0,0.80 | 1.48 | 3.24,0.868,0.000,0,1,0,0,0,0,-1,0,0,0,,0,,0,,0,0,867.8,0,1
17253896763,580,4,3,8,8,5,0,0,0.10 | 0.11 | 0.12,0,1.24 | 2.71 | 5.02,0,0.80 | 1.48 | 3.24,0.868,0.000,0,1,0,0,0,0,-1,0,0,0,,0,,0,,0,0,867.8,0,1
