ts,videoBitrate,videoIndex,videoPendingIndex,videoPendingMaxIndex,videoMaxIndex,videoBufferLength,videoDroppedFrames,videoLatencyCount,videoLatency,videoDownloadCount,videoDownload,videoRatioCount,videoRatio,videoMtp,videoEtp,videoLiveLatency,videoPlaybackRate,audioBitrate,audioIndex,audioPendingIndex,audioPendingMaxIndex,audioMaxIndex,audioBufferLength,audioDroppedFrames,audioLatencyCount,audioLatency,audioDownloadCount,audioDownload,audioRatioCount,audioRatio,audioMtp,audioEtp,audioLiveLatency,audioPlaybackRate
1723836654,772,0,4,8,0,0,0,0,,0,,0,,0,0,0,1,0,0,0,0,0,0,0,0,,0,,0,,0,0,0,1
1723836654,772,0,4,8,0,0,0,0,,0,,0,,0,0,0,1,0,0,0,0,0,0,0,0,,0,,0,,0,0,0,1
1723836654,772,0,4,8,0,0,0,0,,0,,0,,0,0,0,1,0,0,0,0,0,0,0,0,,0,,0,,0,0,0,1
1723836654,772,0,4,8,0,0,0,0,,0,,0,,0,0,0,1,0,0,0,0,0,0,0,0,,0,,0,,0,0,0,1
1723836654,772,0,4,8,0,0,0,0,,0,,0,,0,0,0,1,0,0,0,0,0,0,0,0,,0,,0,,0,0,0,1
1723836654,772,0,4,8,0,0,0,0,,0,,0,,0,0,0,1,0,0,0,0,0,0,0,0,,0,,0,,0,0,0,1
1723836654,772,0,4,8,8,0,0,0,,0,,0,,0,0,0,1,0,0,0,0,-1,0,0,0,,0,,0,,0,0,0,1
1723836655,772,0,4,8,8,0,0,0,,0,,0,,0,0,0,1,0,0,0,0,-1,0,0,0,,0,,0,,0,0,0,1
1723836655,772,0,4,8,8,0,0,0,,0,,0,,0,0,0,1,0,0,0,0,-1,0,0,0,,0,,0,,0,0,0,1
1723836655,772,0,4,8,8,0,0,0,,0,,0,,0,0,0,1,0,0,0,0,-1,0,0,0,,0,,0,,0,0,0,1
1723836655,772,0,4,8,8,0,0,0,,0,,0,,0,0,0,1,0,0,0,0,-1,0,0,0,,0,,0,,0,0,0,1
1723836655,772,0,4,8,8,0,0,0,,0,,0,,0,0,0,1,0,0,0,0,-1,0,0,0,,0,,0,,0,0,0,1
1723836655,772,0,4,8,8,0,0,0,,0,,0,,0,0,0,1,0,0,0,0,-1,0,0,0,,0,,0,,0,0,0,1
1723836655,772,0,4,8,8,0,0,0,,0,,0,,0,0,0,1,0,0,0,0,-1,0,0,0,,0,,0,,0,0,0,1
1723836655,772,0,4,8,8,0,0,0,,0,,0,,0,0,0,1,0,0,0,0,-1,0,0,0,,0,,0,,0,0,0,1
1723836655,772,0,4,8,8,0,0,0,,0,,0,,0,0,0,1,0,0,0,0,-1,0,0,0,,0,,0,,0,0,0,1
1723836655,772,0,4,8,8,0,0,0,,0,,0,,0,0,0,1,0,0,0,0,-1,0,0,0,,0,,0,,0,0,0,1
1723836656,772,4,4,8,8,0,0,0,,0,,0,,0,0,0,1,0,0,0,0,-1,0,0,0,,0,,0,,0,0,0,1
1723836656,772,4,4,8,8,0,0,0,,0,,0,,0,0,0,1,0,0,0,0,-1,0,0,0,,0,,0,,0,0,0,1
1723836656,772,4,4,8,8,0,0,0,,0,,0,,0,0,0,1,0,0,0,0,-1,0,0,0,,0,,0,,0,0,0,1
1723836656,772,4,4,8,8,0,0,0,,0,,0,,0,0,0,1,0,0,0,0,-1,0,0,0,,0,,0,,0,0,0,1
1723836656,772,4,4,8,8,0,0,0,,0,,0,,0,0,0,1,0,0,0,0,-1,0,0,0,,0,,0,,0,0,0,1
1723836656,772,4,4,8,8,0,0,0,,0,,0,,0,0,0,1,0,0,0,0,-1,0,0,0,,0,,0,,0,0,0,1
1723836656,772,4,4,8,8,0,0,0,,0,,0,,0,0,0,1,0,0,0,0,-1,0,0,0,,0,,0,,0,0,0,1
1723836656,772,4,4,8,8,0,0,0,,0,,0,,0,0,0,1,0,0,0,0,-1,0,0,0,,0,,0,,0,0,0,1
1723836656,772,4,4,8,8,0,0,0,,0,,0,,0,0,0,1,0,0,0,0,-1,0,0,0,,0,,0,,0,0,0,1
1723836656,772,4,4,8,8,3.97,0,0,0.31 | 0.31 | 0.31,0,1.75 | 1.75 | 1.75,0,2.29 | 2.29 | 2.29,0.957,0.000,0,1,0,0,0,0,-1,0,0,0,,0,,0,,0,0,0,1
1723836657,772,4,4,8,8,3.97,0,0,0.31 | 0.31 | 0.31,0,1.75 | 1.75 | 1.75,0,2.29 | 2.29 | 2.29,0.957,0.000,0,1,0,0,0,0,-1,0,0,0,,0,,0,,0,0,0,1
1723836657,772,4,4,8,8,3.97,0,0,0.31 | 0.31 | 0.31,0,1.75 | 1.75 | 1.75,0,2.29 | 2.29 | 2.29,0.957,0.000,0,1,0,0,0,0,-1,0,0,0,,0,,0,,0,0,0,1
1723836657,772,4,4,8,8,3.97,0,0,0.31 | 0.31 | 0.31,0,1.75 | 1.75 | 1.75,0,2.29 | 2.29 | 2.29,0.957,0.000,0,1,0,0,0,0,-1,0,0,0,,0,,0,,0,0,0,1
1723836657,772,4,4,8,8,3.97,0,0,0.31 | 0.31 | 0.31,0,1.75 | 1.75 | 1.75,0,2.29 | 2.29 | 2.29,0.957,0.000,0,1,0,0,0,0,-1,0,0,0,,0,,0,,0,0,0,1
1723836657,580,4,3,8,8,3.97,0,0,0.31 | 0.31 | 0.31,0,1.75 | 1.75 | 1.75,0,2.29 | 2.29 | 2.29,0.957,0.000,0,1,0,0,0,0,-1,0,0,0,,0,,0,,0,0,0,1
1723836657,580,4,3,8,8,3.97,0,0,0.31 | 0.31 | 0.31,0,1.75 | 1.75 | 1.75,0,2.29 | 2.29 | 2.29,0.957,0.000,0,1,0,0,0,0,-1,0,0,0,,0,,0,,0,0,0,1
1723836657,580,4,3,8,8,3.97,0,0,0.31 | 0.31 | 0.31,0,1.75 | 1.75 | 1.75,0,2.29 | 2.29 | 2.29,0.957,0.000,0,1,0,0,0,0,-1,0,0,0,,0,,0,,0,0,0,1
1723836657,580,4,3,8,8,3.97,0,0,0.31 | 0.31 | 0.31,0,1.75 | 1.75 | 1.75,0,2.29 | 2.29 | 2.29,0.957,0.000,0,1,0,0,0,0,-1,0,0,0,,0,,0,,0,0,0,1
1723836657,580,4,3,8,8,3.97,0,0,0.31 | 0.31 | 0.31,0,1.75 | 1.75 | 1.75,0,2.29 | 2.29 | 2.29,0.957,0.000,0,1,0,0,0,0,-1,0,0,0,,0,,0,,0,0,0,1
1723836657,580,4,3,8,8,6.107,0,0,0.31 | 0.31 | 0.31,0,1.11 | 1.43 | 1.75,0,2.29 | 2.80 | 3.60,0.789,0.000,0,1,0,0,0,0,-1,0,0,0,,0,,0,,0,0,0,1
1723836658,580,4,3,8,8,6.107,0,0,0.31 | 0.31 | 0.31,0,1.11 | 1.43 | 1.75,0,2.29 | 2.80 | 3.60,0.789,0.000,0,1,0,0,0,0,-1,0,0,0,,0,,0,,0,0,0,1
1723836658,580,4,3,8,8,6.107,0,0,0.31 | 0.31 | 0.31,0,1.11 | 1.43 | 1.75,0,2.29 | 2.80 | 3.60,0.789,0.000,0,1,0,0,0,0,-1,0,0,0,,0,,0,,0,0,0,1
1723836658,580,4,3,8,8,6.107,0,0,0.31 | 0.31 | 0.31,0,1.11 | 1.43 | 1.75,0,2.29 | 2.80 | 3.60,0.789,0.000,0,1,0,0,0,0,-1,0,0,0,,0,,0,,0,0,0,1
1723836658,580,4,3,8,8,6.107,0,0,0.31 | 0.31 | 0.31,0,1.11 | 1.43 | 1.75,0,2.29 | 2.80 | 3.60,0.789,0.000,0,1,0,0,0,0,-1,0,0,0,,0,,0,,0,0,0,1
1723836658,580,4,3,8,8,6.107,0,0,0.31 | 0.31 | 0.31,0,1.11 | 1.43 | 1.75,0,2.29 | 2.80 | 3.60,0.789,0.000,0,1,0,0,0,0,-1,0,0,0,,0,,0,,0,0,0,1
1723836658,580,4,3,8,8,6.107,0,0,0.31 | 0.31 | 0.31,0,1.11 | 1.43 | 1.75,0,2.29 | 2.80 | 3.60,0.789,0.000,0,1,0,0,0,0,-1,0,0,0,,0,,0,,0,0,0,1
1723836658,580,4,3,8,8,6.107,0,0,0.31 | 0.31 | 0.31,0,1.11 | 1.43 | 1.75,0,2.29 | 2.80 | 3.60,0.789,0.000,0,1,0,0,0,0,-1,0,0,0,,0,,0,,0,0,0,1
1723836658,580,4,3,8,8,6.107,0,0,0.31 | 0.31 | 0.31,0,1.11 | 1.43 | 1.75,0,2.29 | 2.80 | 3.60,0.789,0.000,0,1,0,0,0,0,-1,0,0,0,,0,,0,,0,0,0,1
1723836658,580,4,3,8,8,6.107,0,0,0.31 | 0.31 | 0.31,0,1.11 | 1.43 | 1.75,0,2.29 | 2.80 | 3.60,0.789,0.000,0,1,0,0,0,0,-1,0,0,0,,0,,0,,0,0,0,1
1723836658,580,4,3,8,8,5.31,0,0,0.31 | 0.31 | 0.31,0,1.11 | 1.43 | 1.75,0,2.29 | 2.80 | 3.60,0.789,0.000,0,1,0,0,0,0,-1,0,0,0,,0,,0,,0,0,0,1
1723836659,580,4,3,8,8,5.31,0,0,0.31 | 0.31 | 0.31,0,1.11 | 1.43 | 1.75,0,2.29 | 2.80 | 3.60,0.789,0.000,0,1,0,0,0,0,-1,0,0,0,,0,,0,,0,0,0,1
1723836659,580,4,3,8,8,5.31,0,0,0.31 | 0.31 | 0.31,0,1.11 | 1.43 | 1.75,0,2.29 | 2.80 | 3.60,0.789,0.000,0,1,0,0,0,0,-1,0,0,0,,0,,0,,0,0,0,1
1723836659,580,4,3,8,8,5.31,0,0,0.31 | 0.31 | 0.31,0,1.11 | 1.43 | 1.75,0,2.29 | 2.80 | 3.60,0.789,0.000,0,1,0,0,0,0,-1,0,0,0,,0,,0,,0,0,0,1
1723836659,580,4,3,8,8,5.31,0,0,0.31 | 0.31 | 0.31,0,1.11 | 1.43 | 1.75,0,2.29 | 2.80 | 3.60,0.789,0.000,0,1,0,0,0,0,-1,0,0,0,,0,,0,,0,0,0,1
1723836659,580,4,3,8,8,5.31,0,0,0.31 | 0.31 | 0.31,0,1.11 | 1.43 | 1.75,0,2.29 | 2.80 | 3.60,0.789,0.000,0,1,0,0,0,0,-1,0,0,0,,0,,0,,0,0,0,1
1723836659,580,4,3,8,8,5.31,0,0,0.31 | 0.31 | 0.31,0,1.11 | 1.43 | 1.75,0,2.29 | 2.80 | 3.60,0.789,0.000,0,1,0,0,0,0,-1,0,0,0,,0,,0,,0,0,0,1
1723836659,580,4,3,8,8,5.31,0,0,0.31 | 0.31 | 0.31,0,1.11 | 1.43 | 1.75,0,2.29 | 2.80 | 3.60,0.789,0.000,0,1,0,0,0,0,-1,0,0,0,,0,,0,,0,0,0,1
1723836659,580,4,3,8,8,5.31,0,0,0.31 | 0.31 | 0.31,0,1.11 | 1.43 | 1.75,0,2.29 | 2.80 | 3.60,0.789,0.000,0,1,0,0,0,0,-1,0,0,0,,0,,0,,0,0,0,1
1723836659,580,4,3,8,8,5.31,0,0,0.31 | 0.31 | 0.31,0,1.11 | 1.43 | 1.75,0,2.29 | 2.80 | 3.60,0.789,0.000,0,1,0,0,0,0,-1,0,0,0,,0,,0,,0,0,0,1
1723836659,580,4,3,8,8,4.248,0,0,0.31 | 0.31 | 0.31,0,1.11 | 1.43 | 1.75,0,2.29 | 2.80 | 3.60,0.789,0.000,0,1,0,0,0,0,-1,0,0,0,,0,,0,,0,0,0,1
1723836660,580,4,3,8,8,4.248,0,0,0.31 | 0.31 | 0.31,0,1.11 | 1.43 | 1.75,0,2.29 | 2.80 | 3.60,0.789,0.000,0,1,0,0,0,0,-1,0,0,0,,0,,0,,0,0,0,1
1723836660,580,4,3,8,8,4.248,0,0,0.31 | 0.31 | 0.31,0,1.11 | 1.43 | 1.75,0,2.29 | 2.80 | 3.60,0.789,0.000,0,1,0,0,0,0,-1,0,0,0,,0,,0,,0,0,0,1
1723836660,580,4,3,8,8,4.248,0,0,0.31 | 0.31 | 0.31,0,1.11 | 1.43 | 1.75,0,2.29 | 2.80 | 3.60,0.789,0.000,0,1,0,0,0,0,-1,0,0,0,,0,,0,,0,0,0,1
1723836660,580,4,3,8,8,4.248,0,0,0.31 | 0.31 | 0.31,0,1.11 | 1.43 | 1.75,0,2.29 | 2.80 | 3.60,0.789,0.000,0,1,0,0,0,0,-1,0,0,0,,0,,0,,0,0,0,1
1723836660,580,4,3,8,8,4.248,0,0,0.31 | 0.31 | 0.31,0,1.11 | 1.43 | 1.75,0,2.29 | 2.80 | 3.60,0.789,0.000,0,1,0,0,0,0,-1,0,0,0,,0,,0,,0,0,0,1
1723836660,580,4,3,8,8,4.248,0,0,0.31 | 0.31 | 0.31,0,1.11 | 1.43 | 1.75,0,2.29 | 2.80 | 3.60,0.789,0.000,0,1,0,0,0,0,-1,0,0,0,,0,,0,,0,0,0,1
1723836660,580,4,3,8,8,4.248,0,0,0.31 | 0.31 | 0.31,0,1.11 | 1.43 | 1.75,0,2.29 | 2.80 | 3.60,0.789,0.000,0,1,0,0,0,0,-1,0,0,0,,0,,0,,0,0,0,1
1723836660,580,4,3,8,8,4.248,0,0,0.31 | 0.31 | 0.31,0,1.11 | 1.43 | 1.75,0,2.29 | 2.80 | 3.60,0.789,0.000,0,1,0,0,0,0,-1,0,0,0,,0,,0,,0,0,0,1
1723836660,580,4,3,8,8,4.248,0,0,0.31 | 0.31 | 0.31,0,1.11 | 1.43 | 1.75,0,2.29 | 2.80 | 3.60,0.789,0.000,0,1,0,0,0,0,-1,0,0,0,,0,,0,,0,0,0,1
1723836660,580,4,3,8,8,3.185,0,0,0.31 | 0.31 | 0.31,0,1.11 | 1.43 | 1.75,0,2.29 | 2.80 | 3.60,0.789,0.000,0,1,0,0,0,0,-1,0,0,0,,0,,0,,0,0,0,1
1723836661,580,4,3,8,8,3.185,0,0,0.31 | 0.31 | 0.31,0,1.11 | 1.43 | 1.75,0,2.29 | 2.80 | 3.60,0.789,0.000,0,1,0,0,0,0,-1,0,0,0,,0,,0,,0,0,0,1
1723836661,580,4,3,8,8,3.185,0,0,0.31 | 0.31 | 0.31,0,1.11 | 1.43 | 1.75,0,2.29 | 2.80 | 3.60,0.789,0.000,0,1,0,0,0,0,-1,0,0,0,,0,,0,,0,0,0,1
1723836661,580,4,3,8,8,3.185,0,0,0.31 | 0.31 | 0.31,0,1.11 | 1.43 | 1.75,0,2.29 | 2.80 | 3.60,0.789,0.000,0,1,0,0,0,0,-1,0,0,0,,0,,0,,0,0,0,1
1723836661,580,4,3,8,8,3.185,0,0,0.31 | 0.31 | 0.31,0,1.11 | 1.43 | 1.75,0,2.29 | 2.80 | 3.60,0.789,0.000,0,1,0,0,0,0,-1,0,0,0,,0,,0,,0,0,0,1
1723836661,580,4,3,8,8,3.185,0,0,0.31 | 0.31 | 0.31,0,1.11 | 1.43 | 1.75,0,2.29 | 2.80 | 3.60,0.789,0.000,0,1,0,0,0,0,-1,0,0,0,,0,,0,,0,0,0,1
1723836661,580,4,3,8,8,3.185,0,0,0.31 | 0.31 | 0.31,0,1.11 | 1.43 | 1.75,0,2.29 | 2.80 | 3.60,0.789,0.000,0,1,0,0,0,0,-1,0,0,0,,0,,0,,0,0,0,1
1723836661,580,4,3,8,8,3.185,0,0,0.31 | 0.31 | 0.31,0,1.11 | 1.43 | 1.75,0,2.29 | 2.80 | 3.60,0.789,0.000,0,1,0,0,0,0,-1,0,0,0,,0,,0,,0,0,0,1
1723836661,580,4,3,8,8,3.185,0,0,0.31 | 0.31 | 0.31,0,1.11 | 1.43 | 1.75,0,2.29 | 2.80 | 3.60,0.789,0.000,0,1,0,0,0,0,-1,0,0,0,,0,,0,,0,0,0,1
1723836661,580,4,3,8,8,3.185,0,0,0.31 | 0.31 | 0.31,0,1.11 | 1.43 | 1.75,0,2.29 | 2.80 | 3.60,0.789,0.000,0,1,0,0,0,0,-1,0,0,0,,0,,0,,0,0,0,1
1723836661,580,4,3,8,8,6.923,0,0,0.31 | 0.31 | 0.31,0,1.11 | 2.14 | 3.55,0,1.13 | 1.87 | 3.60,0.838,0.000,0,1,0,0,0,0,-1,0,0,0,,0,,0,,0,0,0,1
1723836662,580,4,3,8,8,6.923,0,0,0.31 | 0.31 | 0.31,0,1.11 | 2.14 | 3.55,0,1.13 | 1.87 | 3.60,0.838,0.000,0,1,0,0,0,0,-1,0,0,0,,0,,0,,0,0,0,1
1723836662,580,4,3,8,8,6.923,0,0,0.31 | 0.31 | 0.31,0,1.11 | 2.14 | 3.55,0,1.13 | 1.87 | 3.60,0.838,0.000,0,1,0,0,0,0,-1,0,0,0,,0,,0,,0,0,0,1
1723836662,580,4,3,8,8,6.923,0,0,0.31 | 0.31 | 0.31,0,1.11 | 2.14 | 3.55,0,1.13 | 1.87 | 3.60,0.838,0.000,0,1,0,0,0,0,-1,0,0,0,,0,,0,,0,0,0,1
1723836662,580,4,3,8,8,6.923,0,0,0.31 | 0.31 | 0.31,0,1.11 | 2.14 | 3.55,0,1.13 | 1.87 | 3.60,0.838,0.000,0,1,0,0,0,0,-1,0,0,0,,0,,0,,0,0,0,1
1723836662,580,4,3,8,8,6.923,0,0,0.31 | 0.31 | 0.31,0,1.11 | 2.14 | 3.55,0,1.13 | 1.87 | 3.60,0.838,0.000,0,1,0,0,0,0,-1,0,0,0,,0,,0,,0,0,0,1
1723836662,580,4,3,8,8,6.923,0,0,0.31 | 0.31 | 0.31,0,1.11 | 2.14 | 3.55,0,1.13 | 1.87 | 3.60,0.838,0.000,0,1,0,0,0,0,-1,0,0,0,,0,,0,,0,0,0,1
1723836662,580,4,3,8,8,6.923,0,0,0.31 | 0.31 | 0.31,0,1.11 | 2.14 | 3.55,0,1.13 | 1.87 | 3.60,0.838,0.000,0,1,0,0,0,0,-1,0,0,0,,0,,0,,0,0,0,1
1723836662,580,4,3,8,8,6.923,0,0,0.31 | 0.31 | 0.31,0,1.11 | 2.14 | 3.55,0,1.13 | 1.87 | 3.60,0.838,0.000,0,1,0,0,0,0,-1,0,0,0,,0,,0,,0,0,0,1
1723836662,580,4,3,8,8,6.923,0,0,0.31 | 0.31 | 0.31,0,1.11 | 2.14 | 3.55,0,1.13 | 1.87 | 3.60,0.838,0.000,0,1,0,0,0,0,-1,0,0,0,,0,,0,,0,0,0,1
1723836662,580,4,3,8,8,6.126,0,0,0.31 | 0.31 | 0.31,0,1.11 | 2.14 | 3.55,0,1.13 | 1.87 | 3.60,0.838,0.000,0,1,0,0,0,0,-1,0,0,0,,0,,0,,0,0,0,1
1723836663,580,4,3,8,8,6.126,0,0,0.31 | 0.31 | 0.31,0,1.11 | 2.14 | 3.55,0,1.13 | 1.87 | 3.60,0.838,0.000,0,1,0,0,0,0,-1,0,0,0,,0,,0,,0,0,0,1
1723836663,580,4,3,8,8,6.126,0,0,0.31 | 0.31 | 0.31,0,1.11 | 2.14 | 3.55,0,1.13 | 1.87 | 3.60,0.838,0.000,0,1,0,0,0,0,-1,0,0,0,,0,,0,,0,0,0,1
1723836663,580,4,3,8,8,6.126,0,0,0.31 | 0.31 | 0.31,0,1.11 | 2.14 | 3.55,0,1.13 | 1.87 | 3.60,0.838,0.000,0,1,0,0,0,0,-1,0,0,0,,0,,0,,0,0,0,1
1723836663,580,4,3,8,8,6.126,0,0,0.31 | 0.31 | 0.31,0,1.11 | 2.14 | 3.55,0,1.13 | 1.87 | 3.60,0.838,0.000,0,1,0,0,0,0,-1,0,0,0,,0,,0,,0,0,0,1
1723836663,580,4,3,8,8,6.126,0,0,0.31 | 0.31 | 0.31,0,1.11 | 2.14 | 3.55,0,1.13 | 1.87 | 3.60,0.838,0.000,0,1,0,0,0,0,-1,0,0,0,,0,,0,,0,0,0,1
1723836663,580,4,3,8,8,6.126,0,0,0.31 | 0.31 | 0.31,0,1.11 | 2.14 | 3.55,0,1.13 | 1.87 | 3.60,0.838,0.000,0,1,0,0,0,0,-1,0,0,0,,0,,0,,0,0,0,1
1723836663,580,4,3,8,8,6.126,0,0,0.31 | 0.31 | 0.31,0,1.11 | 2.14 | 3.55,0,1.13 | 1.87 | 3.60,0.838,0.000,0,1,0,0,0,0,-1,0,0,0,,0,,0,,0,0,0,1
1723836663,580,4,3,8,8,6.126,0,0,0.31 | 0.31 | 0.31,0,1.11 | 2.14 | 3.55,0,1.13 | 1.87 | 3.60,0.838,0.000,0,1,0,0,0,0,-1,0,0,0,,0,,0,,0,0,0,1
1723836663,580,4,3,8,8,6.126,0,0,0.31 | 0.31 | 0.31,0,1.11 | 2.14 | 3.55,0,1.13 | 1.87 | 3.60,0.838,0.000,0,1,0,0,0,0,-1,0,0,0,,0,,0,,0,0,0,1
1723836663,580,4,3,8,8,8.208,0,0,0.31 | 0.31 | 0.31,0,1.11 | 2.08 | 3.55,0,1.13 | 1.93 | 3.60,0.868,0.000,0,1,0,0,0,0,-1,0,0,0,,0,,0,,0,0,0,1
1723836664,580,3,3,8,8,8.208,0,0,0.31 | 0.31 | 0.31,0,1.11 | 2.08 | 3.55,0,1.13 | 1.93 | 3.60,0.868,0.000,0,1,0,0,0,0,-1,0,0,0,,0,,0,,0,0,0,1
1723836664,580,3,3,8,8,8.208,0,0,0.31 | 0.31 | 0.31,0,1.11 | 2.08 | 3.55,0,1.13 | 1.93 | 3.60,0.868,0.000,0,1,0,0,0,0,-1,0,0,0,,0,,0,,0,0,0,1
1723836664,580,3,3,8,8,8.208,0,0,0.31 | 0.31 | 0.31,0,1.11 | 2.08 | 3.55,0,1.13 | 1.93 | 3.60,0.868,0.000,0,1,0,0,0,0,-1,0,0,0,,0,,0,,0,0,0,1
1723836664,580,3,3,8,8,8.208,0,0,0.31 | 0.31 | 0.31,0,1.11 | 2.08 | 3.55,0,1.13 | 1.93 | 3.60,0.868,0.000,0,1,0,0,0,0,-1,0,0,0,,0,,0,,0,0,0,1
1723836664,580,3,3,8,8,8.208,0,0,0.31 | 0.31 | 0.31,0,1.11 | 2.08 | 3.55,0,1.13 | 1.93 | 3.60,0.868,0.000,0,1,0,0,0,0,-1,0,0,0,,0,,0,,0,0,0,1
1723836664,580,3,3,8,8,8.208,0,0,0.31 | 0.31 | 0.31,0,1.11 | 2.08 | 3.55,0,1.13 | 1.93 | 3.60,0.868,0.000,0,1,0,0,0,0,-1,0,0,0,,0,,0,,0,0,0,1
1723836664,580,3,3,8,8,8.208,0,0,0.31 | 0.31 | 0.31,0,1.11 | 2.08 | 3.55,0,1.13 | 1.93 | 3.60,0.868,0.000,0,1,0,0,0,0,-1,0,0,0,,0,,0,,0,0,0,1
1723836664,580,3,3,8,8,8.208,0,0,0.31 | 0.31 | 0.31,0,1.11 | 2.08 | 3.55,0,1.13 | 1.93 | 3.60,0.868,0.000,0,1,0,0,0,0,-1,0,0,0,,0,,0,,0,0,0,1
1723836664,580,3,3,8,8,8.208,0,0,0.31 | 0.31 | 0.31,0,1.11 | 2.08 | 3.55,0,1.13 | 1.93 | 3.60,0.868,0.000,0,1,0,0,0,0,-1,0,0,0,,0,,0,,0,0,0,1
1723836664,580,3,3,8,8,7.201,0,0,0.31 | 0.31 | 0.31,0,1.11 | 2.08 | 3.55,0,1.13 | 1.93 | 3.60,0.868,0.000,0,1,0,0,0,0,-1,0,0,0,,0,,0,,0,0,0,1
1723836665,580,3,3,8,8,7.201,0,0,0.31 | 0.31 | 0.31,0,1.11 | 2.08 | 3.55,0,1.13 | 1.93 | 3.60,0.868,0.000,0,1,0,0,0,0,-1,0,0,0,,0,,0,,0,0,0,1
1723836665,580,3,3,8,8,7.201,0,0,0.31 | 0.31 | 0.31,0,1.11 | 2.08 | 3.55,0,1.13 | 1.93 | 3.60,0.868,0.000,0,1,0,0,0,0,-1,0,0,0,,0,,0,,0,0,0,1
1723836665,580,3,3,8,8,7.201,0,0,0.31 | 0.31 | 0.31,0,1.11 | 2.08 | 3.55,0,1.13 | 1.93 | 3.60,0.868,0.000,0,1,0,0,0,0,-1,0,0,0,,0,,0,,0,0,0,1
1723836665,580,3,3,8,8,7.201,0,0,0.31 | 0.31 | 0.31,0,1.11 | 2.08 | 3.55,0,1.13 | 1.93 | 3.60,0.868,0.000,0,1,0,0,0,0,-1,0,0,0,,0,,0,,0,0,0,1
1723836665,580,3,3,8,8,7.201,0,0,0.31 | 0.31 | 0.31,0,1.11 | 2.08 | 3.55,0,1.13 | 1.93 | 3.60,0.868,0.000,0,1,0,0,0,0,-1,0,0,0,,0,,0,,0,0,0,1
1723836665,580,3,3,8,8,7.201,0,0,0.31 | 0.31 | 0.31,0,1.11 | 2.08 | 3.55,0,1.13 | 1.93 | 3.60,0.868,0.000,0,1,0,0,0,0,-1,0,0,0,,0,,0,,0,0,0,1
1723836665,580,3,3,8,8,7.201,0,0,0.31 | 0.31 | 0.31,0,1.11 | 2.08 | 3.55,0,1.13 | 1.93 | 3.60,0.868,0.000,0,1,0,0,0,0,-1,0,0,0,,0,,0,,0,0,0,1
1723836665,580,3,3,8,8,7.201,0,0,0.31 | 0.31 | 0.31,0,1.11 | 2.08 | 3.55,0,1.13 | 1.93 | 3.60,0.868,0.000,0,1,0,0,0,0,-1,0,0,0,,0,,0,,0,0,0,1
1723836665,580,3,3,8,8,7.201,0,0,0.31 | 0.31 | 0.31,0,1.11 | 2.08 | 3.55,0,1.13 | 1.93 | 3.60,0.868,0.000,0,1,0,0,0,0,-1,0,0,0,,0,,0,,0,0,0,1
1723836665,580,3,3,8,8,6.138,0,0,0.31 | 0.31 | 0.31,0,1.11 | 2.08 | 3.55,0,1.13 | 1.93 | 3.60,0.868,0.000,0,1,0,0,0,0,-1,0,0,0,,0,,0,,0,0,0,1
1723836666,580,3,3,8,8,6.138,0,0,0.31 | 0.31 | 0.31,0,1.11 | 2.08 | 3.55,0,1.13 | 1.93 | 3.60,0.868,0.000,0,1,0,0,0,0,-1,0,0,0,,0,,0,,0,0,0,1
1723836666,580,3,3,8,8,6.138,0,0,0.31 | 0.31 | 0.31,0,1.11 | 2.08 | 3.55,0,1.13 | 1.93 | 3.60,0.868,0.000,0,1,0,0,0,0,-1,0,0,0,,0,,0,,0,0,0,1
1723836666,580,3,3,8,8,6.138,0,0,0.31 | 0.31 | 0.31,0,1.11 | 2.08 | 3.55,0,1.13 | 1.93 | 3.60,0.868,0.000,0,1,0,0,0,0,-1,0,0,0,,0,,0,,0,0,0,1
1723836666,580,3,3,8,8,6.138,0,0,0.31 | 0.31 | 0.31,0,1.11 | 2.08 | 3.55,0,1.13 | 1.93 | 3.60,0.868,0.000,0,1,0,0,0,0,-1,0,0,0,,0,,0,,0,0,0,1
1723836666,580,3,3,8,8,6.138,0,0,0.31 | 0.31 | 0.31,0,1.11 | 2.08 | 3.55,0,1.13 | 1.93 | 3.60,0.868,0.000,0,1,0,0,0,0,-1,0,0,0,,0,,0,,0,0,0,1
1723836666,580,3,3,8,8,6.138,0,0,0.31 | 0.31 | 0.31,0,1.11 | 2.08 | 3.55,0,1.13 | 1.93 | 3.60,0.868,0.000,0,1,0,0,0,0,-1,0,0,0,,0,,0,,0,0,0,1
1723836666,580,3,3,8,8,6.138,0,0,0.31 | 0.31 | 0.31,0,1.11 | 2.08 | 3.55,0,1.13 | 1.93 | 3.60,0.868,0.000,0,1,0,0,0,0,-1,0,0,0,,0,,0,,0,0,0,1
1723836666,580,3,3,8,8,6.138,0,0,0.31 | 0.31 | 0.31,0,1.11 | 2.08 | 3.55,0,1.13 | 1.93 | 3.60,0.868,0.000,0,1,0,0,0,0,-1,0,0,0,,0,,0,,0,0,0,1
1723836666,580,3,3,8,8,6.138,0,0,0.31 | 0.31 | 0.31,0,1.11 | 2.08 | 3.55,0,1.13 | 1.93 | 3.60,0.868,0.000,0,1,0,0,0,0,-1,0,0,0,,0,,0,,0,0,0,1
1723836666,580,3,3,8,8,5.076,0,0,0.31 | 0.31 | 0.31,0,1.11 | 2.08 | 3.55,0,1.13 | 1.93 | 3.60,0.868,0.000,0,1,0,0,0,0,-1,0,0,0,,0,,0,,0,0,0,1
1723836667,580,3,3,8,8,5.076,0,0,0.31 | 0.31 | 0.31,0,1.11 | 2.08 | 3.55,0,1.13 | 1.93 | 3.60,0.868,0.000,0,1,0,0,0,0,-1,0,0,0,,0,,0,,0,0,0,1
1723836667,580,3,3,8,8,5.076,0,0,0.31 | 0.31 | 0.31,0,1.11 | 2.08 | 3.55,0,1.13 | 1.93 | 3.60,0.868,0.000,0,1,0,0,0,0,-1,0,0,0,,0,,0,,0,0,0,1
1723836667,580,3,3,8,8,5.076,0,0,0.31 | 0.31 | 0.31,0,1.11 | 2.08 | 3.55,0,1.13 | 1.93 | 3.60,0.868,0.000,0,1,0,0,0,0,-1,0,0,0,,0,,0,,0,0,0,1
1723836667,580,3,3,8,8,5.076,0,0,0.31 | 0.31 | 0.31,0,1.11 | 2.08 | 3.55,0,1.13 | 1.93 | 3.60,0.868,0.000,0,1,0,0,0,0,-1,0,0,0,,0,,0,,0,0,0,1
1723836667,580,3,3,8,8,5.076,0,0,0.31 | 0.31 | 0.31,0,1.11 | 2.08 | 3.55,0,1.13 | 1.93 | 3.60,0.868,0.000,0,1,0,0,0,0,-1,0,0,0,,0,,0,,0,0,0,1
1723836667,580,3,3,8,8,5.076,0,0,0.31 | 0.31 | 0.31,0,1.11 | 2.08 | 3.55,0,1.13 | 1.93 | 3.60,0.868,0.000,0,1,0,0,0,0,-1,0,0,0,,0,,0,,0,0,0,1
1723836667,580,3,3,8,8,5.076,0,0,0.31 | 0.31 | 0.31,0,1.11 | 2.08 | 3.55,0,1.13 | 1.93 | 3.60,0.868,0.000,0,1,0,0,0,0,-1,0,0,0,,0,,0,,0,0,0,1
1723836667,580,3,3,8,8,5.076,0,0,0.31 | 0.31 | 0.31,0,1.11 | 2.08 | 3.55,0,1.13 | 1.93 | 3.60,0.868,0.000,0,1,0,0,0,0,-1,0,0,0,,0,,0,,0,0,0,1
1723836667,580,3,3,8,8,5.076,0,0,0.31 | 0.31 | 0.31,0,1.11 | 2.08 | 3.55,0,1.13 | 1.93 | 3.60,0.868,0.000,0,1,0,0,0,0,-1,0,0,0,,0,,0,,0,0,0,1
1723836667,580,3,3,8,8,9.079,0,0,0.31 | 0.31 | 0.31,0,1.11 | 2.40 | 3.55,0,1.13 | 1.66 | 3.60,0.863,0.000,0,1,0,0,0,0,-1,0,0,0,,0,,0,,0,0,0,1
1723836668,580,3,3,8,8,9.079,0,0,0.31 | 0.31 | 0.31,0,1.11 | 2.40 | 3.55,0,1.13 | 1.66 | 3.60,0.863,0.000,0,1,0,0,0,0,-1,0,0,0,,0,,0,,0,0,0,1
1723836668,580,3,3,8,8,9.079,0,0,0.31 | 0.31 | 0.31,0,1.11 | 2.40 | 3.55,0,1.13 | 1.66 | 3.60,0.863,0.000,0,1,0,0,0,0,-1,0,0,0,,0,,0,,0,0,0,1
1723836668,580,3,3,8,8,9.079,0,0,0.31 | 0.31 | 0.31,0,1.11 | 2.40 | 3.55,0,1.13 | 1.66 | 3.60,0.863,0.000,0,1,0,0,0,0,-1,0,0,0,,0,,0,,0,0,0,1
1723836668,580,3,3,8,8,9.079,0,0,0.31 | 0.31 | 0.31,0,1.11 | 2.40 | 3.55,0,1.13 | 1.66 | 3.60,0.863,0.000,0,1,0,0,0,0,-1,0,0,0,,0,,0,,0,0,0,1
1723836668,580,3,3,8,8,9.079,0,0,0.31 | 0.31 | 0.31,0,1.11 | 2.40 | 3.55,0,1.13 | 1.66 | 3.60,0.863,0.000,0,1,0,0,0,0,-1,0,0,0,,0,,0,,0,0,0,1
1723836668,580,3,3,8,8,9.079,0,0,0.31 | 0.31 | 0.31,0,1.11 | 2.40 | 3.55,0,1.13 | 1.66 | 3.60,0.863,0.000,0,1,0,0,0,0,-1,0,0,0,,0,,0,,0,0,0,1
1723836668,580,3,3,8,8,9.079,0,0,0.31 | 0.31 | 0.31,0,1.11 | 2.40 | 3.55,0,1.13 | 1.66 | 3.60,0.863,0.000,0,1,0,0,0,0,-1,0,0,0,,0,,0,,0,0,0,1
1723836668,580,3,3,8,8,9.079,0,0,0.31 | 0.31 | 0.31,0,1.11 | 2.40 | 3.55,0,1.13 | 1.66 | 3.60,0.863,0.000,0,1,0,0,0,0,-1,0,0,0,,0,,0,,0,0,0,1
1723836668,580,3,3,8,8,9.079,0,0,0.31 | 0.31 | 0.31,0,1.11 | 2.40 | 3.55,0,1.13 | 1.66 | 3.60,0.863,0.000,0,1,0,0,0,0,-1,0,0,0,,0,,0,,0,0,0,1
1723836668,580,3,3,8,8,8.016,0,0,0.31 | 0.31 | 0.31,0,1.11 | 2.40 | 3.55,0,1.13 | 1.66 | 3.60,0.863,0.000,0,1,0,0,0,0,-1,0,0,0,,0,,0,,0,0,0,1
1723836669,580,3,3,8,8,8.016,0,0,0.31 | 0.31 | 0.31,0,1.11 | 2.40 | 3.55,0,1.13 | 1.66 | 3.60,0.863,0.000,0,1,0,0,0,0,-1,0,0,0,,0,,0,,0,0,0,1
1723836669,580,3,3,8,8,8.016,0,0,0.31 | 0.31 | 0.31,0,1.11 | 2.40 | 3.55,0,1.13 | 1.66 | 3.60,0.863,0.000,0,1,0,0,0,0,-1,0,0,0,,0,,0,,0,0,0,1
1723836669,580,3,3,8,8,8.016,0,0,0.31 | 0.31 | 0.31,0,1.11 | 2.40 | 3.55,0,1.13 | 1.66 | 3.60,0.863,0.000,0,1,0,0,0,0,-1,0,0,0,,0,,0,,0,0,0,1
1723836669,580,3,3,8,8,8.016,0,0,0.31 | 0.31 | 0.31,0,1.11 | 2.40 | 3.55,0,1.13 | 1.66 | 3.60,0.863,0.000,0,1,0,0,0,0,-1,0,0,0,,0,,0,,0,0,0,1
1723836669,580,3,3,8,8,8.016,0,0,0.31 | 0.31 | 0.31,0,1.11 | 2.40 | 3.55,0,1.13 | 1.66 | 3.60,0.863,0.000,0,1,0,0,0,0,-1,0,0,0,,0,,0,,0,0,0,1
1723836669,580,3,3,8,8,8.016,0,0,0.31 | 0.31 | 0.31,0,1.11 | 2.40 | 3.55,0,1.13 | 1.66 | 3.60,0.863,0.000,0,1,0,0,0,0,-1,0,0,0,,0,,0,,0,0,0,1
1723836669,580,3,3,8,8,8.016,0,0,0.31 | 0.31 | 0.31,0,1.11 | 2.40 | 3.55,0,1.13 | 1.66 | 3.60,0.863,0.000,0,1,0,0,0,0,-1,0,0,0,,0,,0,,0,0,0,1
1723836669,580,3,3,8,8,8.016,0,0,0.31 | 0.31 | 0.31,0,1.11 | 2.40 | 3.55,0,1.13 | 1.66 | 3.60,0.863,0.000,0,1,0,0,0,0,-1,0,0,0,,0,,0,,0,0,0,1
1723836669,580,3,3,8,8,8.016,0,0,0.31 | 0.31 | 0.31,0,1.11 | 2.40 | 3.55,0,1.13 | 1.66 | 3.60,0.863,0.000,0,1,0,0,0,0,-1,0,0,0,,0,,0,,0,0,0,1
1723836669,580,3,3,8,8,10.097,0,0,0.31 | 0.31 | 0.31,0,1.90 | 2.73 | 3.55,0,1.13 | 1.46 | 2.11,0.923,0.000,0,1,0,0,0,0,-1,0,0,0,,0,,0,,0,0,0,1
1723836670,580,3,3,8,8,10.097,0,0,0.31 | 0.31 | 0.31,0,1.90 | 2.73 | 3.55,0,1.13 | 1.46 | 2.11,0.923,0.000,0,1,0,0,0,0,-1,0,0,0,,0,,0,,0,0,0,1
1723836670,580,3,3,8,8,10.097,0,0,0.31 | 0.31 | 0.31,0,1.90 | 2.73 | 3.55,0,1.13 | 1.46 | 2.11,0.923,0.000,0,1,0,0,0,0,-1,0,0,0,,0,,0,,0,0,0,1
1723836670,580,3,3,8,8,10.097,0,0,0.31 | 0.31 | 0.31,0,1.90 | 2.73 | 3.55,0,1.13 | 1.46 | 2.11,0.923,0.000,0,1,0,0,0,0,-1,0,0,0,,0,,0,,0,0,0,1
1723836670,580,3,3,8,8,10.097,0,0,0.31 | 0.31 | 0.31,0,1.90 | 2.73 | 3.55,0,1.13 | 1.46 | 2.11,0.923,0.000,0,1,0,0,0,0,-1,0,0,0,,0,,0,,0,0,0,1
1723836670,580,3,3,8,8,10.097,0,0,0.31 | 0.31 | 0.31,0,1.90 | 2.73 | 3.55,0,1.13 | 1.46 | 2.11,0.923,0.000,0,1,0,0,0,0,-1,0,0,0,,0,,0,,0,0,0,1
1723836670,580,3,3,8,8,10.097,0,0,0.31 | 0.31 | 0.31,0,1.90 | 2.73 | 3.55,0,1.13 | 1.46 | 2.11,0.923,0.000,0,1,0,0,0,0,-1,0,0,0,,0,,0,,0,0,0,1
1723836670,580,3,3,8,8,10.097,0,0,0.31 | 0.31 | 0.31,0,1.90 | 2.73 | 3.55,0,1.13 | 1.46 | 2.11,0.923,0.000,0,1,0,0,0,0,-1,0,0,0,,0,,0,,0,0,0,1
1723836670,580,3,3,8,8,10.097,0,0,0.31 | 0.31 | 0.31,0,1.90 | 2.73 | 3.55,0,1.13 | 1.46 | 2.11,0.923,0.000,0,1,0,0,0,0,-1,0,0,0,,0,,0,,0,0,0,1
1723836670,580,3,3,8,8,10.097,0,0,0.31 | 0.31 | 0.31,0,1.90 | 2.73 | 3.55,0,1.13 | 1.46 | 2.11,0.923,0.000,0,1,0,0,0,0,-1,0,0,0,,0,,0,,0,0,0,1
1723836670,580,3,3,8,8,9.092,0,0,0.31 | 0.31 | 0.31,0,1.90 | 2.73 | 3.55,0,1.13 | 1.46 | 2.11,0.923,0.000,0,1,0,0,0,0,-1,0,0,0,,0,,0,,0,0,0,1
1723836671,580,3,3,8,8,9.092,0,0,0.31 | 0.31 | 0.31,0,1.90 | 2.73 | 3.55,0,1.13 | 1.46 | 2.11,0.923,0.000,0,1,0,0,0,0,-1,0,0,0,,0,,0,,0,0,0,1
1723836671,580,3,3,8,8,9.092,0,0,0.31 | 0.31 | 0.31,0,1.90 | 2.73 | 3.55,0,1.13 | 1.46 | 2.11,0.923,0.000,0,1,0,0,0,0,-1,0,0,0,,0,,0,,0,0,0,1
1723836671,580,3,3,8,8,9.092,0,0,0.31 | 0.31 | 0.31,0,1.90 | 2.73 | 3.55,0,1.13 | 1.46 | 2.11,0.923,0.000,0,1,0,0,0,0,-1,0,0,0,,0,,0,,0,0,0,1
1723836671,580,3,3,8,8,9.092,0,0,0.31 | 0.31 | 0.31,0,1.90 | 2.73 | 3.55,0,1.13 | 1.46 | 2.11,0.923,0.000,0,1,0,0,0,0,-1,0,0,0,,0,,0,,0,0,0,1
1723836671,580,3,3,8,8,9.092,0,0,0.31 | 0.31 | 0.31,0,1.90 | 2.73 | 3.55,0,1.13 | 1.46 | 2.11,0.923,0.000,0,1,0,0,0,0,-1,0,0,0,,0,,0,,0,0,0,1
1723836671,580,3,3,8,8,9.092,0,0,0.31 | 0.31 | 0.31,0,1.90 | 2.73 | 3.55,0,1.13 | 1.46 | 2.11,0.923,0.000,0,1,0,0,0,0,-1,0,0,0,,0,,0,,0,0,0,1
1723836671,580,3,3,8,8,9.092,0,0,0.31 | 0.31 | 0.31,0,1.90 | 2.73 | 3.55,0,1.13 | 1.46 | 2.11,0.923,0.000,0,1,0,0,0,0,-1,0,0,0,,0,,0,,0,0,0,1
1723836671,580,3,3,8,8,9.092,0,0,0.31 | 0.31 | 0.31,0,1.90 | 2.73 | 3.55,0,1.13 | 1.46 | 2.11,0.923,0.000,0,1,0,0,0,0,-1,0,0,0,,0,,0,,0,0,0,1
1723836671,580,3,3,8,8,9.092,0,0,0.31 | 0.31 | 0.31,0,1.90 | 2.73 | 3.55,0,1.13 | 1.46 | 2.11,0.923,0.000,0,1,0,0,0,0,-1,0,0,0,,0,,0,,0,0,0,1
1723836671,580,3,3,8,8,8.294,0,0,0.31 | 0.31 | 0.31,0,1.90 | 2.73 | 3.55,0,1.13 | 1.46 | 2.11,0.923,0.000,0,1,0,0,0,0,-1,0,0,0,,0,,0,,0,0,0,1
1723836672,580,3,3,8,8,8.294,0,0,0.31 | 0.31 | 0.31,0,1.90 | 2.73 | 3.55,0,1.13 | 1.46 | 2.11,0.923,0.000,0,1,0,0,0,0,-1,0,0,0,,0,,0,,0,0,0,1
1723836672,580,3,3,8,8,8.294,0,0,0.31 | 0.31 | 0.31,0,1.90 | 2.73 | 3.55,0,1.13 | 1.46 | 2.11,0.923,0.000,0,1,0,0,0,0,-1,0,0,0,,0,,0,,0,0,0,1
1723836672,580,3,3,8,8,8.294,0,0,0.31 | 0.31 | 0.31,0,1.90 | 2.73 | 3.55,0,1.13 | 1.46 | 2.11,0.923,0.000,0,1,0,0,0,0,-1,0,0,0,,0,,0,,0,0,0,1
1723836672,580,3,3,8,8,8.294,0,0,0.31 | 0.31 | 0.31,0,1.90 | 2.73 | 3.55,0,1.13 | 1.46 | 2.11,0.923,0.000,0,1,0,0,0,0,-1,0,0,0,,0,,0,,0,0,0,1
1723836672,580,3,3,8,8,8.294,0,0,0.31 | 0.31 | 0.31,0,1.90 | 2.73 | 3.55,0,1.13 | 1.46 | 2.11,0.923,0.000,0,1,0,0,0,0,-1,0,0,0,,0,,0,,0,0,0,1
1723836672,580,3,3,8,8,8.294,0,0,0.31 | 0.31 | 0.31,0,1.90 | 2.73 | 3.55,0,1.13 | 1.46 | 2.11,0.923,0.000,0,1,0,0,0,0,-1,0,0,0,,0,,0,,0,0,0,1
1723836672,580,3,3,8,8,8.294,0,0,0.31 | 0.31 | 0.31,0,1.90 | 2.73 | 3.55,0,1.13 | 1.46 | 2.11,0.923,0.000,0,1,0,0,0,0,-1,0,0,0,,0,,0,,0,0,0,1
1723836672,580,3,3,8,8,8.294,0,0,0.31 | 0.31 | 0.31,0,1.90 | 2.73 | 3.55,0,1.13 | 1.46 | 2.11,0.923,0.000,0,1,0,0,0,0,-1,0,0,0,,0,,0,,0,0,0,1
1723836672,580,3,3,8,8,8.294,0,0,0.31 | 0.31 | 0.31,0,1.90 | 2.73 | 3.55,0,1.13 | 1.46 | 2.11,0.923,0.000,0,1,0,0,0,0,-1,0,0,0,,0,,0,,0,0,0,1
1723836672,580,3,3,8,8,11.888,0,0,0.31 | 0.31 | 0.31,0,1.90 | 2.52 | 3.05,0,1.31 | 1.59 | 2.11,0.928,0.000,0,1,0,0,0,0,-1,0,0,0,,0,,0,,0,0,0,1
1723836673,580,3,3,8,8,11.888,0,0,0.31 | 0.31 | 0.31,0,1.90 | 2.52 | 3.05,0,1.31 | 1.59 | 2.11,0.928,0.000,0,1,0,0,0,0,-1,0,0,0,,0,,0,,0,0,0,1
1723836673,580,3,3,8,8,11.888,0,0,0.31 | 0.31 | 0.31,0,1.90 | 2.52 | 3.05,0,1.31 | 1.59 | 2.11,0.928,0.000,0,1,0,0,0,0,-1,0,0,0,,0,,0,,0,0,0,1
1723836673,580,3,3,8,8,11.888,0,0,0.31 | 0.31 | 0.31,0,1.90 | 2.52 | 3.05,0,1.31 | 1.59 | 2.11,0.928,0.000,0,1,0,0,0,0,-1,0,0,0,,0,,0,,0,0,0,1
1723836673,580,3,3,8,8,11.888,0,0,0.31 | 0.31 | 0.31,0,1.90 | 2.52 | 3.05,0,1.31 | 1.59 | 2.11,0.928,0.000,0,1,0,0,0,0,-1,0,0,0,,0,,0,,0,0,0,1
1723836673,580,3,3,8,8,11.888,0,0,0.31 | 0.31 | 0.31,0,1.90 | 2.52 | 3.05,0,1.31 | 1.59 | 2.11,0.928,0.000,0,1,0,0,0,0,-1,0,0,0,,0,,0,,0,0,0,1
1723836673,580,3,3,8,8,11.888,0,0,0.31 | 0.31 | 0.31,0,1.90 | 2.52 | 3.05,0,1.31 | 1.59 | 2.11,0.928,0.000,0,1,0,0,0,0,-1,0,0,0,,0,,0,,0,0,0,1
1723836673,580,3,3,8,8,11.888,0,0,0.31 | 0.31 | 0.31,0,1.90 | 2.52 | 3.05,0,1.31 | 1.59 | 2.11,0.928,0.000,0,1,0,0,0,0,-1,0,0,0,,0,,0,,0,0,0,1
1723836673,580,3,3,8,8,11.888,0,0,0.31 | 0.31 | 0.31,0,1.90 | 2.52 | 3.05,0,1.31 | 1.59 | 2.11,0.928,0.000,0,1,0,0,0,0,-1,0,0,0,,0,,0,,0,0,0,1
1723836673,580,3,3,8,8,11.888,0,0,0.31 | 0.31 | 0.31,0,1.90 | 2.52 | 3.05,0,1.31 | 1.59 | 2.11,0.928,0.000,0,1,0,0,0,0,-1,0,0,0,,0,,0,,0,0,0,1
1723836673,580,3,3,8,8,10.97,0,0,0.31 | 0.31 | 0.31,0,1.90 | 2.52 | 3.05,0,1.31 | 1.59 | 2.11,0.928,0.000,0,1,0,0,0,0,-1,0,0,0,,0,,0,,0,0,0,1
1723836674,580,3,3,8,8,10.97,0,0,0.31 | 0.31 | 0.31,0,1.90 | 2.52 | 3.05,0,1.31 | 1.59 | 2.11,0.928,0.000,0,1,0,0,0,0,-1,0,0,0,,0,,0,,0,0,0,1
1723836674,580,3,3,8,8,10.97,0,0,0.31 | 0.31 | 0.31,0,1.90 | 2.52 | 3.05,0,1.31 | 1.59 | 2.11,0.928,0.000,0,1,0,0,0,0,-1,0,0,0,,0,,0,,0,0,0,1
1723836674,580,3,3,8,8,10.97,0,0,0.31 | 0.31 | 0.31,0,1.90 | 2.52 | 3.05,0,1.31 | 1.59 | 2.11,0.928,0.000,0,1,0,0,0,0,-1,0,0,0,,0,,0,,0,0,0,1
1723836674,580,3,3,8,8,10.97,0,0,0.31 | 0.31 | 0.31,0,1.90 | 2.52 | 3.05,0,1.31 | 1.59 | 2.11,0.928,0.000,0,1,0,0,0,0,-1,0,0,0,,0,,0,,0,0,0,1
1723836674,580,3,3,8,8,10.97,0,0,0.31 | 0.31 | 0.31,0,1.90 | 2.52 | 3.05,0,1.31 | 1.59 | 2.11,0.928,0.000,0,1,0,0,0,0,-1,0,0,0,,0,,0,,0,0,0,1
1723836674,580,3,3,8,8,10.97,0,0,0.31 | 0.31 | 0.31,0,1.90 | 2.52 | 3.05,0,1.31 | 1.59 | 2.11,0.928,0.000,0,1,0,0,0,0,-1,0,0,0,,0,,0,,0,0,0,1
1723836674,580,3,3,8,8,10.97,0,0,0.31 | 0.31 | 0.31,0,1.90 | 2.52 | 3.05,0,1.31 | 1.59 | 2.11,0.928,0.000,0,1,0,0,0,0,-1,0,0,0,,0,,0,,0,0,0,1
1723836674,580,3,3,8,8,10.97,0,0,0.31 | 0.31 | 0.31,0,1.90 | 2.52 | 3.05,0,1.31 | 1.59 | 2.11,0.928,0.000,0,1,0,0,0,0,-1,0,0,0,,0,,0,,0,0,0,1
1723836674,580,3,3,8,8,10.97,0,0,0.31 | 0.31 | 0.31,0,1.90 | 2.52 | 3.05,0,1.31 | 1.59 | 2.11,0.928,0.000,0,1,0,0,0,0,-1,0,0,0,,0,,0,,0,0,0,1
1723836674,580,3,3,8,8,9.907,0,0,0.31 | 0.31 | 0.31,0,1.90 | 2.52 | 3.05,0,1.31 | 1.59 | 2.11,0.928,0.000,0,1,0,0,0,0,-1,0,0,0,,0,,0,,0,0,0,1
1723836675,580,3,3,8,8,9.907,0,0,0.31 | 0.31 | 0.31,0,1.90 | 2.52 | 3.05,0,1.31 | 1.59 | 2.11,0.928,0.000,0,1,0,0,0,0,-1,0,0,0,,0,,0,,0,0,0,1
1723836675,580,3,3,8,8,9.907,0,0,0.31 | 0.31 | 0.31,0,1.90 | 2.52 | 3.05,0,1.31 | 1.59 | 2.11,0.928,0.000,0,1,0,0,0,0,-1,0,0,0,,0,,0,,0,0,0,1
1723836675,580,3,3,8,8,9.907,0,0,0.31 | 0.31 | 0.31,0,1.90 | 2.52 | 3.05,0,1.31 | 1.59 | 2.11,0.928,0.000,0,1,0,0,0,0,-1,0,0,0,,0,,0,,0,0,0,1
1723836675,580,3,3,8,8,9.907,0,0,0.31 | 0.31 | 0.31,0,1.90 | 2.52 | 3.05,0,1.31 | 1.59 | 2.11,0.928,0.000,0,1,0,0,0,0,-1,0,0,0,,0,,0,,0,0,0,1
1723836675,580,3,3,8,8,9.907,0,0,0.31 | 0.31 | 0.31,0,1.90 | 2.52 | 3.05,0,1.31 | 1.59 | 2.11,0.928,0.000,0,1,0,0,0,0,-1,0,0,0,,0,,0,,0,0,0,1
1723836675,580,3,3,8,8,9.907,0,0,0.31 | 0.31 | 0.31,0,1.90 | 2.52 | 3.05,0,1.31 | 1.59 | 2.11,0.928,0.000,0,1,0,0,0,0,-1,0,0,0,,0,,0,,0,0,0,1
1723836675,580,3,3,8,8,9.907,0,0,0.31 | 0.31 | 0.31,0,1.90 | 2.52 | 3.05,0,1.31 | 1.59 | 2.11,0.928,0.000,0,1,0,0,0,0,-1,0,0,0,,0,,0,,0,0,0,1
1723836675,580,3,3,8,8,9.907,0,0,0.31 | 0.31 | 0.31,0,1.90 | 2.52 | 3.05,0,1.31 | 1.59 | 2.11,0.928,0.000,0,1,0,0,0,0,-1,0,0,0,,0,,0,,0,0,0,1
1723836675,580,3,3,8,8,9.907,0,0,0.31 | 0.31 | 0.31,0,1.90 | 2.52 | 3.05,0,1.31 | 1.59 | 2.11,0.928,0.000,0,1,0,0,0,0,-1,0,0,0,,0,,0,,0,0,0,1
1723836675,580,3,3,8,8,12.31,0,0,0.31 | 0.31 | 0.31,0,2.04 | 2.55 | 3.05,0,1.31 | 1.57 | 1.96,0.928,0.000,0,1,0,0,0,0,-1,0,0,0,,0,,0,,0,0,0,1
1723836676,580,3,3,8,8,12.31,0,0,0.31 | 0.31 | 0.31,0,2.04 | 2.55 | 3.05,0,1.31 | 1.57 | 1.96,0.928,0.000,0,1,0,0,0,0,-1,0,0,0,,0,,0,,0,0,0,1
1723836676,580,3,3,8,8,12.31,0,0,0.31 | 0.31 | 0.31,0,2.04 | 2.55 | 3.05,0,1.31 | 1.57 | 1.96,0.928,0.000,0,1,0,0,0,0,-1,0,0,0,,0,,0,,0,0,0,1
1723836676,580,3,3,8,8,12.31,0,0,0.31 | 0.31 | 0.31,0,2.04 | 2.55 | 3.05,0,1.31 | 1.57 | 1.96,0.928,0.000,0,1,0,0,0,0,-1,0,0,0,,0,,0,,0,0,0,1
1723836676,580,3,3,8,8,12.31,0,0,0.31 | 0.31 | 0.31,0,2.04 | 2.55 | 3.05,0,1.31 | 1.57 | 1.96,0.928,0.000,0,1,0,0,0,0,-1,0,0,0,,0,,0,,0,0,0,1
1723836676,580,3,3,8,8,12.31,0,0,0.31 | 0.31 | 0.31,0,2.04 | 2.55 | 3.05,0,1.31 | 1.57 | 1.96,0.928,0.000,0,1,0,0,0,0,-1,0,0,0,,0,,0,,0,0,0,1
1723836676,580,3,3,8,8,12.31,0,0,0.31 | 0.31 | 0.31,0,2.04 | 2.55 | 3.05,0,1.31 | 1.57 | 1.96,0.928,0.000,0,1,0,0,0,0,-1,0,0,0,,0,,0,,0,0,0,1
1723836676,580,3,3,8,8,12.31,0,0,0.31 | 0.31 | 0.31,0,2.04 | 2.55 | 3.05,0,1.31 | 1.57 | 1.96,0.928,0.000,0,1,0,0,0,0,-1,0,0,0,,0,,0,,0,0,0,1
1723836676,580,3,3,8,8,12.31,0,0,0.31 | 0.31 | 0.31,0,2.04 | 2.55 | 3.05,0,1.31 | 1.57 | 1.96,0.928,0.000,0,1,0,0,0,0,-1,0,0,0,,0,,0,,0,0,0,1
1723836676,580,3,3,8,8,12.31,0,0,0.31 | 0.31 | 0.31,0,2.04 | 2.55 | 3.05,0,1.31 | 1.57 | 1.96,0.928,0.000,0,1,0,0,0,0,-1,0,0,0,,0,,0,,0,0,0,1
1723836676,580,3,3,8,8,11.248,0,0,0.31 | 0.31 | 0.31,0,2.04 | 2.55 | 3.05,0,1.31 | 1.57 | 1.96,0.928,0.000,0,1,0,0,0,0,-1,0,0,0,,0,,0,,0,0,0,1
1723836677,580,3,3,8,8,11.248,0,0,0.31 | 0.31 | 0.31,0,2.04 | 2.55 | 3.05,0,1.31 | 1.57 | 1.96,0.928,0.000,0,1,0,0,0,0,-1,0,0,0,,0,,0,,0,0,0,1
1723836677,580,3,3,8,8,11.248,0,0,0.31 | 0.31 | 0.31,0,2.04 | 2.55 | 3.05,0,1.31 | 1.57 | 1.96,0.928,0.000,0,1,0,0,0,0,-1,0,0,0,,0,,0,,0,0,0,1
1723836677,580,3,3,8,8,11.248,0,0,0.31 | 0.31 | 0.31,0,2.04 | 2.55 | 3.05,0,1.31 | 1.57 | 1.96,0.928,0.000,0,1,0,0,0,0,-1,0,0,0,,0,,0,,0,0,0,1
1723836677,580,3,3,8,8,11.248,0,0,0.31 | 0.31 | 0.31,0,2.04 | 2.55 | 3.05,0,1.31 | 1.57 | 1.96,0.928,0.000,0,1,0,0,0,0,-1,0,0,0,,0,,0,,0,0,0,1
1723836677,580,3,3,8,8,11.248,0,0,0.31 | 0.31 | 0.31,0,2.04 | 2.55 | 3.05,0,1.31 | 1.57 | 1.96,0.928,0.000,0,1,0,0,0,0,-1,0,0,0,,0,,0,,0,0,0,1
1723836677,580,3,3,8,8,11.248,0,0,0.31 | 0.31 | 0.31,0,2.04 | 2.55 | 3.05,0,1.31 | 1.57 | 1.96,0.928,0.000,0,1,0,0,0,0,-1,0,0,0,,0,,0,,0,0,0,1
1723836677,580,3,3,8,8,11.248,0,0,0.31 | 0.31 | 0.31,0,2.04 | 2.55 | 3.05,0,1.31 | 1.57 | 1.96,0.928,0.000,0,1,0,0,0,0,-1,0,0,0,,0,,0,,0,0,0,1
1723836677,580,3,3,8,8,11.248,0,0,0.31 | 0.31 | 0.31,0,2.04 | 2.55 | 3.05,0,1.31 | 1.57 | 1.96,0.928,0.000,0,1,0,0,0,0,-1,0,0,0,,0,,0,,0,0,0,1
1723836677,580,3,3,8,8,11.248,0,0,0.31 | 0.31 | 0.31,0,2.04 | 2.55 | 3.05,0,1.31 | 1.57 | 1.96,0.928,0.000,0,1,0,0,0,0,-1,0,0,0,,0,,0,,0,0,0,1
1723836677,580,3,3,8,8,10.185,0,0,0.31 | 0.31 | 0.31,0,2.04 | 2.55 | 3.05,0,1.31 | 1.57 | 1.96,0.928,0.000,0,1,0,0,0,0,-1,0,0,0,,0,,0,,0,0,0,1
1723836678,580,3,3,8,8,10.185,0,0,0.31 | 0.31 | 0.31,0,2.04 | 2.55 | 3.05,0,1.31 | 1.57 | 1.96,0.928,0.000,0,1,0,0,0,0,-1,0,0,0,,0,,0,,0,0,0,1
1723836678,580,3,3,8,8,10.185,0,0,0.31 | 0.31 | 0.31,0,2.04 | 2.55 | 3.05,0,1.31 | 1.57 | 1.96,0.928,0.000,0,1,0,0,0,0,-1,0,0,0,,0,,0,,0,0,0,1
1723836678,580,3,3,8,8,10.185,0,0,0.31 | 0.31 | 0.31,0,2.04 | 2.55 | 3.05,0,1.31 | 1.57 | 1.96,0.928,0.000,0,1,0,0,0,0,-1,0,0,0,,0,,0,,0,0,0,1
1723836678,580,3,3,8,8,10.185,0,0,0.31 | 0.31 | 0.31,0,2.04 | 2.55 | 3.05,0,1.31 | 1.57 | 1.96,0.928,0.000,0,1,0,0,0,0,-1,0,0,0,,0,,0,,0,0,0,1
1723836678,580,3,3,8,8,10.185,0,0,0.31 | 0.31 | 0.31,0,2.04 | 2.55 | 3.05,0,1.31 | 1.57 | 1.96,0.928,0.000,0,1,0,0,0,0,-1,0,0,0,,0,,0,,0,0,0,1
1723836678,580,3,3,8,8,10.185,0,0,0.31 | 0.31 | 0.31,0,2.04 | 2.55 | 3.05,0,1.31 | 1.57 | 1.96,0.928,0.000,0,1,0,0,0,0,-1,0,0,0,,0,,0,,0,0,0,1
1723836678,580,3,3,8,8,10.185,0,0,0.31 | 0.31 | 0.31,0,2.04 | 2.55 | 3.05,0,1.31 | 1.57 | 1.96,0.928,0.000,0,1,0,0,0,0,-1,0,0,0,,0,,0,,0,0,0,1
1723836678,580,3,3,8,8,10.185,0,0,0.31 | 0.31 | 0.31,0,2.04 | 2.55 | 3.05,0,1.31 | 1.57 | 1.96,0.928,0.000,0,1,0,0,0,0,-1,0,0,0,,0,,0,,0,0,0,1
1723836678,580,3,3,8,8,10.185,0,0,0.31 | 0.31 | 0.31,0,2.04 | 2.55 | 3.05,0,1.31 | 1.57 | 1.96,0.928,0.000,0,1,0,0,0,0,-1,0,0,0,,0,,0,,0,0,0,1
1723836678,580,3,3,8,8,9.123,0,0,0.31 | 0.31 | 0.31,0,2.04 | 2.55 | 3.05,0,1.31 | 1.57 | 1.96,0.928,0.000,0,1,0,0,0,0,-1,0,0,0,,0,,0,,0,0,0,1
1723836679,580,3,3,8,8,9.123,0,0,0.31 | 0.31 | 0.31,0,2.04 | 2.55 | 3.05,0,1.31 | 1.57 | 1.96,0.928,0.000,0,1,0,0,0,0,-1,0,0,0,,0,,0,,0,0,0,1
1723836679,580,3,3,8,8,9.123,0,0,0.31 | 0.31 | 0.31,0,2.04 | 2.55 | 3.05,0,1.31 | 1.57 | 1.96,0.928,0.000,0,1,0,0,0,0,-1,0,0,0,,0,,0,,0,0,0,1
1723836679,580,3,3,8,8,9.123,0,0,0.31 | 0.31 | 0.31,0,2.04 | 2.55 | 3.05,0,1.31 | 1.57 | 1.96,0.928,0.000,0,1,0,0,0,0,-1,0,0,0,,0,,0,,0,0,0,1
1723836679,580,3,3,8,8,9.123,0,0,0.31 | 0.31 | 0.31,0,2.04 | 2.55 | 3.05,0,1.31 | 1.57 | 1.96,0.928,0.000,0,1,0,0,0,0,-1,0,0,0,,0,,0,,0,0,0,1
1723836679,580,3,3,8,8,9.123,0,0,0.31 | 0.31 | 0.31,0,2.04 | 2.55 | 3.05,0,1.31 | 1.57 | 1.96,0.928,0.000,0,1,0,0,0,0,-1,0,0,0,,0,,0,,0,0,0,1
1723836679,580,3,3,8,8,9.123,0,0,0.31 | 0.31 | 0.31,0,2.04 | 2.55 | 3.05,0,1.31 | 1.57 | 1.96,0.928,0.000,0,1,0,0,0,0,-1,0,0,0,,0,,0,,0,0,0,1
1723836679,580,3,3,8,8,9.123,0,0,0.31 | 0.31 | 0.31,0,2.04 | 2.55 | 3.05,0,1.31 | 1.57 | 1.96,0.928,0.000,0,1,0,0,0,0,-1,0,0,0,,0,,0,,0,0,0,1
1723836679,580,3,3,8,8,9.123,0,0,0.31 | 0.31 | 0.31,0,2.04 | 2.55 | 3.05,0,1.31 | 1.57 | 1.96,0.928,0.000,0,1,0,0,0,0,-1,0,0,0,,0,,0,,0,0,0,1
1723836679,580,3,3,8,8,9.123,0,0,0.31 | 0.31 | 0.31,0,2.04 | 2.55 | 3.05,0,1.31 | 1.57 | 1.96,0.928,0.000,0,1,0,0,0,0,-1,0,0,0,,0,,0,,0,0,0,1
1723836679,580,3,3,8,8,13.126,0,0,0.31 | 0.31 | 0.31,0,2.04 | 2.47 | 2.70,0,1.48 | 1.62 | 1.96,0.956,0.000,0,1,0,0,0,0,-1,0,0,0,,0,,0,,0,0,0,1
1723836680,580,3,3,8,8,13.126,0,0,0.31 | 0.31 | 0.31,0,2.04 | 2.47 | 2.70,0,1.48 | 1.62 | 1.96,0.956,0.000,0,1,0,0,0,0,-1,0,0,0,,0,,0,,0,0,0,1
1723836680,580,3,3,8,8,13.126,0,0,0.31 | 0.31 | 0.31,0,2.04 | 2.47 | 2.70,0,1.48 | 1.62 | 1.96,0.956,0.000,0,1,0,0,0,0,-1,0,0,0,,0,,0,,0,0,0,1
1723836680,580,3,3,8,8,13.126,0,0,0.31 | 0.31 | 0.31,0,2.04 | 2.47 | 2.70,0,1.48 | 1.62 | 1.96,0.956,0.000,0,1,0,0,0,0,-1,0,0,0,,0,,0,,0,0,0,1
1723836680,580,3,3,8,8,13.126,0,0,0.31 | 0.31 | 0.31,0,2.04 | 2.47 | 2.70,0,1.48 | 1.62 | 1.96,0.956,0.000,0,1,0,0,0,0,-1,0,0,0,,0,,0,,0,0,0,1
1723836680,580,3,3,8,8,13.126,0,0,0.31 | 0.31 | 0.31,0,2.04 | 2.47 | 2.70,0,1.48 | 1.62 | 1.96,0.956,0.000,0,1,0,0,0,0,-1,0,0,0,,0,,0,,0,0,0,1
1723836680,580,3,3,8,8,13.126,0,0,0.31 | 0.31 | 0.31,0,2.04 | 2.47 | 2.70,0,1.48 | 1.62 | 1.96,0.956,0.000,0,1,0,0,0,0,-1,0,0,0,,0,,0,,0,0,0,1
1723836680,580,3,3,8,8,13.126,0,0,0.31 | 0.31 | 0.31,0,2.04 | 2.47 | 2.70,0,1.48 | 1.62 | 1.96,0.956,0.000,0,1,0,0,0,0,-1,0,0,0,,0,,0,,0,0,0,1
1723836680,580,3,3,8,8,13.126,0,0,0.31 | 0.31 | 0.31,0,2.04 | 2.47 | 2.70,0,1.48 | 1.62 | 1.96,0.956,0.000,0,1,0,0,0,0,-1,0,0,0,,0,,0,,0,0,0,1
1723836680,580,3,3,8,8,13.126,0,0,0.31 | 0.31 | 0.31,0,2.04 | 2.47 | 2.70,0,1.48 | 1.62 | 1.96,0.956,0.000,0,1,0,0,0,0,-1,0,0,0,,0,,0,,0,0,0,1
1723836680,580,3,3,8,8,12.063,0,0,0.31 | 0.31 | 0.31,0,2.04 | 2.47 | 2.70,0,1.48 | 1.62 | 1.96,0.956,0.000,0,1,0,0,0,0,-1,0,0,0,,0,,0,,0,0,0,1
1723836681,580,3,3,8,8,12.063,0,0,0.31 | 0.31 | 0.31,0,2.04 | 2.47 | 2.70,0,1.48 | 1.62 | 1.96,0.956,0.000,0,1,0,0,0,0,-1,0,0,0,,0,,0,,0,0,0,1
1723836681,580,3,3,8,8,12.063,0,0,0.31 | 0.31 | 0.31,0,2.04 | 2.47 | 2.70,0,1.48 | 1.62 | 1.96,0.956,0.000,0,1,0,0,0,0,-1,0,0,0,,0,,0,,0,0,0,1
1723836681,580,3,3,8,8,12.063,0,0,0.31 | 0.31 | 0.31,0,2.04 | 2.47 | 2.70,0,1.48 | 1.62 | 1.96,0.956,0.000,0,1,0,0,0,0,-1,0,0,0,,0,,0,,0,0,0,1
1723836681,580,3,3,8,8,12.063,0,0,0.31 | 0.31 | 0.31,0,2.04 | 2.47 | 2.70,0,1.48 | 1.62 | 1.96,0.956,0.000,0,1,0,0,0,0,-1,0,0,0,,0,,0,,0,0,0,1
1723836681,580,3,3,8,8,12.063,0,0,0.31 | 0.31 | 0.31,0,2.04 | 2.47 | 2.70,0,1.48 | 1.62 | 1.96,0.956,0.000,0,1,0,0,0,0,-1,0,0,0,,0,,0,,0,0,0,1
1723836681,580,3,3,8,8,12.063,0,0,0.31 | 0.31 | 0.31,0,2.04 | 2.47 | 2.70,0,1.48 | 1.62 | 1.96,0.956,0.000,0,1,0,0,0,0,-1,0,0,0,,0,,0,,0,0,0,1
1723836681,580,3,3,8,8,12.063,0,0,0.31 | 0.31 | 0.31,0,2.04 | 2.47 | 2.70,0,1.48 | 1.62 | 1.96,0.956,0.000,0,1,0,0,0,0,-1,0,0,0,,0,,0,,0,0,0,1
1723836681,580,3,3,8,8,12.063,0,0,0.31 | 0.31 | 0.31,0,2.04 | 2.47 | 2.70,0,1.48 | 1.62 | 1.96,0.956,0.000,0,1,0,0,0,0,-1,0,0,0,,0,,0,,0,0,0,1
1723836681,580,3,3,8,8,12.063,0,0,0.31 | 0.31 | 0.31,0,2.04 | 2.47 | 2.70,0,1.48 | 1.62 | 1.96,0.956,0.000,0,1,0,0,0,0,-1,0,0,0,,0,,0,,0,0,0,1
1723836681,580,3,3,8,8,11.001,0,0,0.31 | 0.31 | 0.31,0,2.04 | 2.47 | 2.70,0,1.48 | 1.62 | 1.96,0.956,0.000,0,1,0,0,0,0,-1,0,0,0,,0,,0,,0,0,0,1
1723836682,580,3,3,8,8,11.001,0,0,0.31 | 0.31 | 0.31,0,2.04 | 2.47 | 2.70,0,1.48 | 1.62 | 1.96,0.956,0.000,0,1,0,0,0,0,-1,0,0,0,,0,,0,,0,0,0,1
1723836682,580,3,3,8,8,11.001,0,0,0.31 | 0.31 | 0.31,0,2.04 | 2.47 | 2.70,0,1.48 | 1.62 | 1.96,0.956,0.000,0,1,0,0,0,0,-1,0,0,0,,0,,0,,0,0,0,1
1723836682,580,3,3,8,8,11.001,0,0,0.31 | 0.31 | 0.31,0,2.04 | 2.47 | 2.70,0,1.48 | 1.62 | 1.96,0.956,0.000,0,1,0,0,0,0,-1,0,0,0,,0,,0,,0,0,0,1
1723836682,580,3,3,8,8,11.001,0,0,0.31 | 0.31 | 0.31,0,2.04 | 2.47 | 2.70,0,1.48 | 1.62 | 1.96,0.956,0.000,0,1,0,0,0,0,-1,0,0,0,,0,,0,,0,0,0,1
1723836682,580,3,3,8,8,11.001,0,0,0.31 | 0.31 | 0.31,0,2.04 | 2.47 | 2.70,0,1.48 | 1.62 | 1.96,0.956,0.000,0,1,0,0,0,0,-1,0,0,0,,0,,0,,0,0,0,1
1723836682,580,3,3,8,8,11.001,0,0,0.31 | 0.31 | 0.31,0,2.04 | 2.47 | 2.70,0,1.48 | 1.62 | 1.96,0.956,0.000,0,1,0,0,0,0,-1,0,0,0,,0,,0,,0,0,0,1
1723836682,580,3,3,8,8,11.001,0,0,0.31 | 0.31 | 0.31,0,2.04 | 2.47 | 2.70,0,1.48 | 1.62 | 1.96,0.956,0.000,0,1,0,0,0,0,-1,0,0,0,,0,,0,,0,0,0,1
1723836682,580,3,3,8,8,11.001,0,0,0.31 | 0.31 | 0.31,0,2.04 | 2.47 | 2.70,0,1.48 | 1.62 | 1.96,0.956,0.000,0,1,0,0,0,0,-1,0,0,0,,0,,0,,0,0,0,1
1723836682,580,3,3,8,8,11.001,0,0,0.31 | 0.31 | 0.31,0,2.04 | 2.47 | 2.70,0,1.48 | 1.62 | 1.96,0.956,0.000,0,1,0,0,0,0,-1,0,0,0,,0,,0,,0,0,0,1
1723836682,580,3,3,8,8,9.938,0,0,0.31 | 0.31 | 0.31,0,2.04 | 2.47 | 2.70,0,1.48 | 1.62 | 1.96,0.956,0.000,0,1,0,0,0,0,-1,0,0,0,,0,,0,,0,0,0,1
1723836683,580,3,3,8,8,9.938,0,0,0.31 | 0.31 | 0.31,0,2.04 | 2.47 | 2.70,0,1.48 | 1.62 | 1.96,0.956,0.000,0,1,0,0,0,0,-1,0,0,0,,0,,0,,0,0,0,1
1723836683,580,3,3,8,8,9.938,0,0,0.31 | 0.31 | 0.31,0,2.04 | 2.47 | 2.70,0,1.48 | 1.62 | 1.96,0.956,0.000,0,1,0,0,0,0,-1,0,0,0,,0,,0,,0,0,0,1
1723836683,580,3,3,8,8,9.938,0,0,0.31 | 0.31 | 0.31,0,2.04 | 2.47 | 2.70,0,1.48 | 1.62 | 1.96,0.956,0.000,0,1,0,0,0,0,-1,0,0,0,,0,,0,,0,0,0,1
1723836683,580,3,3,8,8,9.938,0,0,0.31 | 0.31 | 0.31,0,2.04 | 2.47 | 2.70,0,1.48 | 1.62 | 1.96,0.956,0.000,0,1,0,0,0,0,-1,0,0,0,,0,,0,,0,0,0,1
1723836683,580,3,3,8,8,9.938,0,0,0.31 | 0.31 | 0.31,0,2.04 | 2.47 | 2.70,0,1.48 | 1.62 | 1.96,0.956,0.000,0,1,0,0,0,0,-1,0,0,0,,0,,0,,0,0,0,1
1723836683,580,3,3,8,8,9.938,0,0,0.31 | 0.31 | 0.31,0,2.04 | 2.47 | 2.70,0,1.48 | 1.62 | 1.96,0.956,0.000,0,1,0,0,0,0,-1,0,0,0,,0,,0,,0,0,0,1
1723836683,580,3,3,8,8,9.938,0,0,0.31 | 0.31 | 0.31,0,2.04 | 2.47 | 2.70,0,1.48 | 1.62 | 1.96,0.956,0.000,0,1,0,0,0,0,-1,0,0,0,,0,,0,,0,0,0,1
1723836683,580,3,3,8,8,9.938,0,0,0.31 | 0.31 | 0.31,0,2.04 | 2.47 | 2.70,0,1.48 | 1.62 | 1.96,0.956,0.000,0,1,0,0,0,0,-1,0,0,0,,0,,0,,0,0,0,1
1723836683,580,3,3,8,8,9.938,0,0,0.31 | 0.31 | 0.31,0,2.04 | 2.47 | 2.70,0,1.48 | 1.62 | 1.96,0.956,0.000,0,1,0,0,0,0,-1,0,0,0,,0,,0,,0,0,0,1
1723836683,580,3,3,8,8,12.072,0,0,0.31 | 0.31 | 0.31,0,1.91 | 2.34 | 2.70,0,1.48 | 1.71 | 2.09,0.942,0.000,0,1,0,0,0,0,-1,0,0,0,,0,,0,,0,0,0,1
1723836684,580,3,3,8,8,12.072,0,0,0.31 | 0.31 | 0.31,0,1.91 | 2.34 | 2.70,0,1.48 | 1.71 | 2.09,0.942,0.000,0,1,0,0,0,0,-1,0,0,0,,0,,0,,0,0,0,1
1723836684,580,3,3,8,8,12.072,0,0,0.31 | 0.31 | 0.31,0,1.91 | 2.34 | 2.70,0,1.48 | 1.71 | 2.09,0.942,0.000,0,1,0,0,0,0,-1,0,0,0,,0,,0,,0,0,0,1
1723836684,580,3,3,8,8,12.072,0,0,0.31 | 0.31 | 0.31,0,1.91 | 2.34 | 2.70,0,1.48 | 1.71 | 2.09,0.942,0.000,0,1,0,0,0,0,-1,0,0,0,,0,,0,,0,0,0,1
1723836684,580,3,3,8,8,12.072,0,0,0.31 | 0.31 | 0.31,0,1.91 | 2.34 | 2.70,0,1.48 | 1.71 | 2.09,0.942,0.000,0,1,0,0,0,0,-1,0,0,0,,0,,0,,0,0,0,1
1723836684,772,3,4,8,8,12.072,0,0,0.31 | 0.31 | 0.31,0,1.91 | 2.34 | 2.70,0,1.48 | 1.71 | 2.09,0.942,0.000,0,1,0,0,0,0,-1,0,0,0,,0,,0,,0,0,0,1
1723836684,772,3,4,8,8,12.072,0,0,0.31 | 0.31 | 0.31,0,1.91 | 2.34 | 2.70,0,1.48 | 1.71 | 2.09,0.942,0.000,0,1,0,0,0,0,-1,0,0,0,,0,,0,,0,0,0,1
1723836684,772,3,4,8,8,12.072,0,0,0.31 | 0.31 | 0.31,0,1.91 | 2.34 | 2.70,0,1.48 | 1.71 | 2.09,0.942,0.000,0,1,0,0,0,0,-1,0,0,0,,0,,0,,0,0,0,1
1723836684,772,3,4,8,8,12.072,0,0,0.31 | 0.31 | 0.31,0,1.91 | 2.34 | 2.70,0,1.48 | 1.71 | 2.09,0.942,0.000,0,1,0,0,0,0,-1,0,0,0,,0,,0,,0,0,0,1
1723836684,772,3,4,8,8,12.072,0,0,0.31 | 0.31 | 0.31,0,1.91 | 2.34 | 2.70,0,1.48 | 1.71 | 2.09,0.942,0.000,0,1,0,0,0,0,-1,0,0,0,,0,,0,,0,0,0,1
1723836684,772,3,4,8,8,11.138,0,0,0.31 | 0.31 | 0.31,0,1.91 | 2.34 | 2.70,0,1.48 | 1.71 | 2.09,0.942,0.000,0,1,0,0,0,0,-1,0,0,0,,0,,0,,0,0,0,1
1723836685,772,3,4,8,8,11.138,0,0,0.31 | 0.31 | 0.31,0,1.91 | 2.34 | 2.70,0,1.48 | 1.71 | 2.09,0.942,0.000,0,1,0,0,0,0,-1,0,0,0,,0,,0,,0,0,0,1
1723836685,772,3,4,8,8,11.138,0,0,0.31 | 0.31 | 0.31,0,1.91 | 2.34 | 2.70,0,1.48 | 1.71 | 2.09,0.942,0.000,0,1,0,0,0,0,-1,0,0,0,,0,,0,,0,0,0,1
1723836685,772,3,4,8,8,11.138,0,0,0.31 | 0.31 | 0.31,0,1.91 | 2.34 | 2.70,0,1.48 | 1.71 | 2.09,0.942,0.000,0,1,0,0,0,0,-1,0,0,0,,0,,0,,0,0,0,1
1723836685,772,3,4,8,8,11.138,0,0,0.31 | 0.31 | 0.31,0,1.91 | 2.34 | 2.70,0,1.48 | 1.71 | 2.09,0.942,0.000,0,1,0,0,0,0,-1,0,0,0,,0,,0,,0,0,0,1
1723836685,772,3,4,8,8,11.138,0,0,0.31 | 0.31 | 0.31,0,1.91 | 2.34 | 2.70,0,1.48 | 1.71 | 2.09,0.942,0.000,0,1,0,0,0,0,-1,0,0,0,,0,,0,,0,0,0,1
1723836685,772,3,4,8,8,11.138,0,0,0.31 | 0.31 | 0.31,0,1.91 | 2.34 | 2.70,0,1.48 | 1.71 | 2.09,0.942,0.000,0,1,0,0,0,0,-1,0,0,0,,0,,0,,0,0,0,1
1723836685,772,3,4,8,8,11.138,0,0,0.31 | 0.31 | 0.31,0,1.91 | 2.34 | 2.70,0,1.48 | 1.71 | 2.09,0.942,0.000,0,1,0,0,0,0,-1,0,0,0,,0,,0,,0,0,0,1
1723836685,772,3,4,8,8,11.138,0,0,0.31 | 0.31 | 0.31,0,1.91 | 2.34 | 2.70,0,1.48 | 1.71 | 2.09,0.942,0.000,0,1,0,0,0,0,-1,0,0,0,,0,,0,,0,0,0,1
1723836685,772,3,4,8,8,11.138,0,0,0.31 | 0.31 | 0.31,0,1.91 | 2.34 | 2.70,0,1.48 | 1.71 | 2.09,0.942,0.000,0,1,0,0,0,0,-1,0,0,0,,0,,0,,0,0,0,1
1723836685,772,3,4,8,8,10.216,0,0,0.31 | 0.31 | 0.31,0,1.91 | 2.34 | 2.70,0,1.48 | 1.71 | 2.09,0.942,0.000,0,1,0,0,0,0,-1,0,0,0,,0,,0,,0,0,0,1
1723836686,772,3,4,8,8,10.216,0,0,0.31 | 0.31 | 0.31,0,1.91 | 2.34 | 2.70,0,1.48 | 1.71 | 2.09,0.942,0.000,0,1,0,0,0,0,-1,0,0,0,,0,,0,,0,0,0,1
1723836686,772,3,4,8,8,10.216,0,0,0.31 | 0.31 | 0.31,0,1.91 | 2.34 | 2.70,0,1.48 | 1.71 | 2.09,0.942,0.000,0,1,0,0,0,0,-1,0,0,0,,0,,0,,0,0,0,1
1723836686,772,3,4,8,8,10.216,0,0,0.31 | 0.31 | 0.31,0,1.91 | 2.34 | 2.70,0,1.48 | 1.71 | 2.09,0.942,0.000,0,1,0,0,0,0,-1,0,0,0,,0,,0,,0,0,0,1
1723836686,772,3,4,8,8,10.216,0,0,0.31 | 0.31 | 0.31,0,1.91 | 2.34 | 2.70,0,1.48 | 1.71 | 2.09,0.942,0.000,0,1,0,0,0,0,-1,0,0,0,,0,,0,,0,0,0,1
1723836686,772,3,4,8,8,10.216,0,0,0.31 | 0.31 | 0.31,0,1.91 | 2.34 | 2.70,0,1.48 | 1.71 | 2.09,0.942,0.000,0,1,0,0,0,0,-1,0,0,0,,0,,0,,0,0,0,1
1723836686,772,3,4,8,8,10.216,0,0,0.31 | 0.31 | 0.31,0,1.91 | 2.34 | 2.70,0,1.48 | 1.71 | 2.09,0.942,0.000,0,1,0,0,0,0,-1,0,0,0,,0,,0,,0,0,0,1
1723836686,772,3,4,8,8,10.216,0,0,0.31 | 0.31 | 0.31,0,1.91 | 2.34 | 2.70,0,1.48 | 1.71 | 2.09,0.942,0.000,0,1,0,0,0,0,-1,0,0,0,,0,,0,,0,0,0,1
1723836686,772,3,4,8,8,10.216,0,0,0.31 | 0.31 | 0.31,0,1.91 | 2.34 | 2.70,0,1.48 | 1.71 | 2.09,0.942,0.000,0,1,0,0,0,0,-1,0,0,0,,0,,0,,0,0,0,1
1723836686,772,3,4,8,8,10.216,0,0,0.31 | 0.31 | 0.31,0,1.91 | 2.34 | 2.70,0,1.48 | 1.71 | 2.09,0.942,0.000,0,1,0,0,0,0,-1,0,0,0,,0,,0,,0,0,0,1
1723836686,772,3,4,8,8,9.154,0,0,0.31 | 0.31 | 0.31,0,1.91 | 2.34 | 2.70,0,1.48 | 1.71 | 2.09,0.942,0.000,0,1,0,0,0,0,-1,0,0,0,,0,,0,,0,0,0,1
1723836687,772,3,4,8,8,9.154,0,0,0.31 | 0.31 | 0.31,0,1.91 | 2.34 | 2.70,0,1.48 | 1.71 | 2.09,0.942,0.000,0,1,0,0,0,0,-1,0,0,0,,0,,0,,0,0,0,1
1723836687,772,3,4,8,8,9.154,0,0,0.31 | 0.31 | 0.31,0,1.91 | 2.34 | 2.70,0,1.48 | 1.71 | 2.09,0.942,0.000,0,1,0,0,0,0,-1,0,0,0,,0,,0,,0,0,0,1
1723836687,772,3,4,8,8,9.154,0,0,0.31 | 0.31 | 0.31,0,1.91 | 2.34 | 2.70,0,1.48 | 1.71 | 2.09,0.942,0.000,0,1,0,0,0,0,-1,0,0,0,,0,,0,,0,0,0,1
1723836687,772,3,4,8,8,9.154,0,0,0.31 | 0.31 | 0.31,0,1.91 | 2.34 | 2.70,0,1.48 | 1.71 | 2.09,0.942,0.000,0,1,0,0,0,0,-1,0,0,0,,0,,0,,0,0,0,1
1723836687,772,3,4,8,8,9.154,0,0,0.31 | 0.31 | 0.31,0,1.91 | 2.34 | 2.70,0,1.48 | 1.71 | 2.09,0.942,0.000,0,1,0,0,0,0,-1,0,0,0,,0,,0,,0,0,0,1
1723836687,772,3,4,8,8,9.154,0,0,0.31 | 0.31 | 0.31,0,1.91 | 2.34 | 2.70,0,1.48 | 1.71 | 2.09,0.942,0.000,0,1,0,0,0,0,-1,0,0,0,,0,,0,,0,0,0,1
1723836687,772,3,4,8,8,9.154,0,0,0.31 | 0.31 | 0.31,0,1.91 | 2.34 | 2.70,0,1.48 | 1.71 | 2.09,0.942,0.000,0,1,0,0,0,0,-1,0,0,0,,0,,0,,0,0,0,1
1723836687,772,3,4,8,8,9.154,0,0,0.31 | 0.31 | 0.31,0,1.91 | 2.34 | 2.70,0,1.48 | 1.71 | 2.09,0.942,0.000,0,1,0,0,0,0,-1,0,0,0,,0,,0,,0,0,0,1
1723836687,772,3,4,8,8,9.154,0,0,0.31 | 0.31 | 0.31,0,1.91 | 2.34 | 2.70,0,1.48 | 1.71 | 2.09,0.942,0.000,0,1,0,0,0,0,-1,0,0,0,,0,,0,,0,0,0,1
1723836687,772,3,4,8,8,8.092,0,0,0.31 | 0.31 | 0.31,0,1.91 | 2.34 | 2.70,0,1.48 | 1.71 | 2.09,0.942,0.000,0,1,0,0,0,0,-1,0,0,0,,0,,0,,0,0,0,1
1723836688,772,3,4,8,8,8.092,0,0,0.31 | 0.31 | 0.31,0,1.91 | 2.34 | 2.70,0,1.48 | 1.71 | 2.09,0.942,0.000,0,1,0,0,0,0,-1,0,0,0,,0,,0,,0,0,0,1
1723836688,772,3,4,8,8,8.092,0,0,0.31 | 0.31 | 0.31,0,1.91 | 2.34 | 2.70,0,1.48 | 1.71 | 2.09,0.942,0.000,0,1,0,0,0,0,-1,0,0,0,,0,,0,,0,0,0,1
1723836688,772,3,4,8,8,8.092,0,0,0.31 | 0.31 | 0.31,0,1.91 | 2.34 | 2.70,0,1.48 | 1.71 | 2.09,0.942,0.000,0,1,0,0,0,0,-1,0,0,0,,0,,0,,0,0,0,1
1723836688,772,3,4,8,8,8.092,0,0,0.31 | 0.31 | 0.31,0,1.91 | 2.34 | 2.70,0,1.48 | 1.71 | 2.09,0.942,0.000,0,1,0,0,0,0,-1,0,0,0,,0,,0,,0,0,0,1
1723836688,772,3,4,8,8,8.092,0,0,0.31 | 0.31 | 0.31,0,1.91 | 2.34 | 2.70,0,1.48 | 1.71 | 2.09,0.942,0.000,0,1,0,0,0,0,-1,0,0,0,,0,,0,,0,0,0,1
1723836688,772,3,4,8,8,8.092,0,0,0.31 | 0.31 | 0.31,0,1.91 | 2.34 | 2.70,0,1.48 | 1.71 | 2.09,0.942,0.000,0,1,0,0,0,0,-1,0,0,0,,0,,0,,0,0,0,1
1723836688,772,3,4,8,8,8.092,0,0,0.31 | 0.31 | 0.31,0,1.91 | 2.34 | 2.70,0,1.48 | 1.71 | 2.09,0.942,0.000,0,1,0,0,0,0,-1,0,0,0,,0,,0,,0,0,0,1
1723836688,772,3,4,8,8,8.092,0,0,0.31 | 0.31 | 0.31,0,1.91 | 2.34 | 2.70,0,1.48 | 1.71 | 2.09,0.942,0.000,0,1,0,0,0,0,-1,0,0,0,,0,,0,,0,0,0,1
1723836688,772,3,4,8,8,8.092,0,0,0.31 | 0.31 | 0.31,0,1.91 | 2.34 | 2.70,0,1.48 | 1.71 | 2.09,0.942,0.000,0,1,0,0,0,0,-1,0,0,0,,0,,0,,0,0,0,1
1723836688,772,3,4,8,8,7.295,0,0,0.31 | 0.31 | 0.31,0,1.91 | 2.34 | 2.70,0,1.48 | 1.71 | 2.09,0.942,0.000,0,1,0,0,0,0,-1,0,0,0,,0,,0,,0,0,0,1
1723836689,580,3,3,8,8,7.295,0,0,0.31 | 0.31 | 0.31,0,1.91 | 2.34 | 2.70,0,1.48 | 1.71 | 2.09,0.942,0.000,0,1,0,0,0,0,-1,0,0,0,,0,,0,,0,0,0,1
1723836689,580,3,3,8,8,7.295,0,0,0.31 | 0.31 | 0.31,0,1.91 | 2.34 | 2.70,0,1.48 | 1.71 | 2.09,0.942,0.000,0,1,0,0,0,0,-1,0,0,0,,0,,0,,0,0,0,1
1723836689,580,4,3,8,8,7.295,0,0,0.31 | 0.31 | 0.31,0,1.91 | 2.34 | 2.70,0,1.48 | 1.71 | 2.09,0.942,0.000,0,1,0,0,0,0,-1,0,0,0,,0,,0,,0,0,0,1
1723836689,580,4,3,8,8,7.295,0,0,0.31 | 0.31 | 0.31,0,1.91 | 2.34 | 2.70,0,1.48 | 1.71 | 2.09,0.942,0.000,0,1,0,0,0,0,-1,0,0,0,,0,,0,,0,0,0,1
1723836689,580,4,3,8,8,7.295,0,0,0.31 | 0.31 | 0.31,0,1.91 | 2.34 | 2.70,0,1.48 | 1.71 | 2.09,0.942,0.000,0,1,0,0,0,0,-1,0,0,0,,0,,0,,0,0,0,1
1723836689,580,4,3,8,8,7.295,0,0,0.31 | 0.31 | 0.31,0,1.91 | 2.34 | 2.70,0,1.48 | 1.71 | 2.09,0.942,0.000,0,1,0,0,0,0,-1,0,0,0,,0,,0,,0,0,0,1
1723836689,580,4,3,8,8,7.295,0,0,0.31 | 0.31 | 0.31,0,1.91 | 2.34 | 2.70,0,1.48 | 1.71 | 2.09,0.942,0.000,0,1,0,0,0,0,-1,0,0,0,,0,,0,,0,0,0,1
1723836689,580,4,3,8,8,7.295,0,0,0.31 | 0.31 | 0.31,0,1.91 | 2.34 | 2.70,0,1.48 | 1.71 | 2.09,0.942,0.000,0,1,0,0,0,0,-1,0,0,0,,0,,0,,0,0,0,1
1723836689,580,4,3,8,8,7.295,0,0,0.31 | 0.31 | 0.31,0,1.91 | 2.34 | 2.70,0,1.48 | 1.71 | 2.09,0.942,0.000,0,1,0,0,0,0,-1,0,0,0,,0,,0,,0,0,0,1
1723836689,580,4,3,8,8,6.232,0,0,0.31 | 0.31 | 0.31,0,1.91 | 2.66 | 3.97,0,1.01 | 1.51 | 2.09,0.942,0.000,0,1,0,0,0,0,-1,0,0,0,,0,,0,,0,0,0,1
1723836690,580,4,3,8,8,6.232,0,0,0.31 | 0.31 | 0.31,0,1.91 | 2.66 | 3.97,0,1.01 | 1.51 | 2.09,0.942,0.000,0,1,0,0,0,0,-1,0,0,0,,0,,0,,0,0,0,1
1723836690,580,4,3,8,8,6.232,0,0,0.31 | 0.31 | 0.31,0,1.91 | 2.66 | 3.97,0,1.01 | 1.51 | 2.09,0.942,0.000,0,1,0,0,0,0,-1,0,0,0,,0,,0,,0,0,0,1
1723836690,580,4,3,8,8,6.232,0,0,0.31 | 0.31 | 0.31,0,1.91 | 2.66 | 3.97,0,1.01 | 1.51 | 2.09,0.942,0.000,0,1,0,0,0,0,-1,0,0,0,,0,,0,,0,0,0,1
1723836690,580,4,3,8,8,6.232,0,0,0.31 | 0.31 | 0.31,0,1.91 | 2.66 | 3.97,0,1.01 | 1.51 | 2.09,0.942,0.000,0,1,0,0,0,0,-1,0,0,0,,0,,0,,0,0,0,1
1723836690,580,4,3,8,8,6.232,0,0,0.31 | 0.31 | 0.31,0,1.91 | 2.66 | 3.97,0,1.01 | 1.51 | 2.09,0.942,0.000,0,1,0,0,0,0,-1,0,0,0,,0,,0,,0,0,0,1
1723836690,580,4,3,8,8,6.232,0,0,0.31 | 0.31 | 0.31,0,1.91 | 2.66 | 3.97,0,1.01 | 1.51 | 2.09,0.942,0.000,0,1,0,0,0,0,-1,0,0,0,,0,,0,,0,0,0,1
1723836690,580,4,3,8,8,6.232,0,0,0.31 | 0.31 | 0.31,0,1.91 | 2.66 | 3.97,0,1.01 | 1.51 | 2.09,0.942,0.000,0,1,0,0,0,0,-1,0,0,0,,0,,0,,0,0,0,1
1723836690,580,4,3,8,8,6.232,0,0,0.31 | 0.31 | 0.31,0,1.91 | 2.66 | 3.97,0,1.01 | 1.51 | 2.09,0.942,0.000,0,1,0,0,0,0,-1,0,0,0,,0,,0,,0,0,0,1
1723836690,580,4,3,8,8,6.232,0,0,0.31 | 0.31 | 0.31,0,1.91 | 2.66 | 3.97,0,1.01 | 1.51 | 2.09,0.942,0.000,0,1,0,0,0,0,-1,0,0,0,,0,,0,,0,0,0,1
1723836690,580,4,3,8,8,5.17,0,0,0.31 | 0.31 | 0.31,0,1.91 | 2.66 | 3.97,0,1.01 | 1.51 | 2.09,0.942,0.000,0,1,0,0,0,0,-1,0,0,0,,0,,0,,0,0,0,1
1723836691,580,4,3,8,8,5.17,0,0,0.31 | 0.31 | 0.31,0,1.91 | 2.66 | 3.97,0,1.01 | 1.51 | 2.09,0.942,0.000,0,1,0,0,0,0,-1,0,0,0,,0,,0,,0,0,0,1
1723836691,580,4,3,8,8,5.17,0,0,0.31 | 0.31 | 0.31,0,1.91 | 2.66 | 3.97,0,1.01 | 1.51 | 2.09,0.942,0.000,0,1,0,0,0,0,-1,0,0,0,,0,,0,,0,0,0,1
1723836691,580,4,3,8,8,5.17,0,0,0.31 | 0.31 | 0.31,0,1.91 | 2.66 | 3.97,0,1.01 | 1.51 | 2.09,0.942,0.000,0,1,0,0,0,0,-1,0,0,0,,0,,0,,0,0,0,1
1723836691,580,4,3,8,8,5.17,0,0,0.31 | 0.31 | 0.31,0,1.91 | 2.66 | 3.97,0,1.01 | 1.51 | 2.09,0.942,0.000,0,1,0,0,0,0,-1,0,0,0,,0,,0,,0,0,0,1
1723836691,580,4,3,8,8,5.17,0,0,0.31 | 0.31 | 0.31,0,1.91 | 2.66 | 3.97,0,1.01 | 1.51 | 2.09,0.942,0.000,0,1,0,0,0,0,-1,0,0,0,,0,,0,,0,0,0,1
1723836691,387,4,2,8,8,5.17,0,0,0.31 | 0.31 | 0.31,0,1.91 | 2.66 | 3.97,0,1.01 | 1.51 | 2.09,0.942,0.000,0,1,0,0,0,0,-1,0,0,0,,0,,0,,0,0,0,1
1723836691,387,4,2,8,8,5.17,0,0,0.31 | 0.31 | 0.31,0,1.91 | 2.66 | 3.97,0,1.01 | 1.51 | 2.09,0.942,0.000,0,1,0,0,0,0,-1,0,0,0,,0,,0,,0,0,0,1
1723836691,387,4,2,8,8,5.17,0,0,0.31 | 0.31 | 0.31,0,1.91 | 2.66 | 3.97,0,1.01 | 1.51 | 2.09,0.942,0.000,0,1,0,0,0,0,-1,0,0,0,,0,,0,,0,0,0,1
1723836691,387,4,2,8,8,5.17,0,0,0.31 | 0.31 | 0.31,0,1.91 | 2.66 | 3.97,0,1.01 | 1.51 | 2.09,0.942,0.000,0,1,0,0,0,0,-1,0,0,0,,0,,0,,0,0,0,1
1723836691,387,4,2,8,8,4.107,0,0,0.31 | 0.31 | 0.31,0,1.81 | 2.60 | 3.97,0,1.01 | 1.54 | 2.21,0.942,0.000,0,1,0,0,0,0,-1,0,0,0,,0,,0,,0,0,0,1
1723836692,387,4,2,8,8,4.107,0,0,0.31 | 0.31 | 0.31,0,1.81 | 2.60 | 3.97,0,1.01 | 1.54 | 2.21,0.942,0.000,0,1,0,0,0,0,-1,0,0,0,,0,,0,,0,0,0,1
1723836692,387,3,2,8,8,4.107,0,0,0.31 | 0.31 | 0.31,0,1.81 | 2.60 | 3.97,0,1.01 | 1.54 | 2.21,0.942,0.000,0,1,0,0,0,0,-1,0,0,0,,0,,0,,0,0,0,1
1723836692,387,3,2,8,8,4.107,0,0,0.31 | 0.31 | 0.31,0,1.81 | 2.60 | 3.97,0,1.01 | 1.54 | 2.21,0.942,0.000,0,1,0,0,0,0,-1,0,0,0,,0,,0,,0,0,0,1
1723836692,387,3,2,8,8,4.107,0,0,0.31 | 0.31 | 0.31,0,1.81 | 2.60 | 3.97,0,1.01 | 1.54 | 2.21,0.942,0.000,0,1,0,0,0,0,-1,0,0,0,,0,,0,,0,0,0,1
1723836692,387,3,2,8,8,4.107,0,0,0.31 | 0.31 | 0.31,0,1.81 | 2.60 | 3.97,0,1.01 | 1.54 | 2.21,0.942,0.000,0,1,0,0,0,0,-1,0,0,0,,0,,0,,0,0,0,1
1723836692,387,3,2,8,8,4.107,0,0,0.31 | 0.31 | 0.31,0,1.81 | 2.60 | 3.97,0,1.01 | 1.54 | 2.21,0.942,0.000,0,1,0,0,0,0,-1,0,0,0,,0,,0,,0,0,0,1
1723836692,387,3,2,8,8,4.107,0,0,0.31 | 0.31 | 0.31,0,1.81 | 2.60 | 3.97,0,1.01 | 1.54 | 2.21,0.942,0.000,0,1,0,0,0,0,-1,0,0,0,,0,,0,,0,0,0,1
1723836692,387,3,2,8,8,4.107,0,0,0.31 | 0.31 | 0.31,0,1.81 | 2.60 | 3.97,0,1.01 | 1.54 | 2.21,0.942,0.000,0,1,0,0,0,0,-1,0,0,0,,0,,0,,0,0,0,1
1723836692,387,3,2,8,8,4.107,0,0,0.31 | 0.31 | 0.31,0,1.81 | 2.60 | 3.97,0,1.01 | 1.54 | 2.21,0.942,0.000,0,1,0,0,0,0,-1,0,0,0,,0,,0,,0,0,0,1
1723836692,387,3,2,8,8,3.31,0,0,0.31 | 0.31 | 0.31,0,1.81 | 2.60 | 3.97,0,1.01 | 1.54 | 2.21,0.942,0.000,0,1,0,0,0,0,-1,0,0,0,,0,,0,,0,0,0,1
1723836693,387,3,2,8,8,3.31,0,0,0.31 | 0.31 | 0.31,0,1.81 | 2.60 | 3.97,0,1.01 | 1.54 | 2.21,0.942,0.000,0,1,0,0,0,0,-1,0,0,0,,0,,0,,0,0,0,1
1723836693,387,3,2,8,8,3.31,0,0,0.31 | 0.31 | 0.31,0,1.81 | 2.60 | 3.97,0,1.01 | 1.54 | 2.21,0.942,0.000,0,1,0,0,0,0,-1,0,0,0,,0,,0,,0,0,0,1
1723836693,387,3,2,8,8,3.31,0,0,0.31 | 0.31 | 0.31,0,1.81 | 2.60 | 3.97,0,1.01 | 1.54 | 2.21,0.942,0.000,0,1,0,0,0,0,-1,0,0,0,,0,,0,,0,0,0,1
1723836693,387,3,2,8,8,3.31,0,0,0.31 | 0.31 | 0.31,0,1.81 | 2.60 | 3.97,0,1.01 | 1.54 | 2.21,0.942,0.000,0,1,0,0,0,0,-1,0,0,0,,0,,0,,0,0,0,1
1723836693,387,3,2,8,8,3.31,0,0,0.31 | 0.31 | 0.31,0,1.81 | 2.60 | 3.97,0,1.01 | 1.54 | 2.21,0.942,0.000,0,1,0,0,0,0,-1,0,0,0,,0,,0,,0,0,0,1
1723836693,387,3,2,8,8,3.31,0,0,0.31 | 0.31 | 0.31,0,1.81 | 2.60 | 3.97,0,1.01 | 1.54 | 2.21,0.942,0.000,0,1,0,0,0,0,-1,0,0,0,,0,,0,,0,0,0,1
1723836693,387,3,2,8,8,3.31,0,0,0.31 | 0.31 | 0.31,0,1.81 | 2.60 | 3.97,0,1.01 | 1.54 | 2.21,0.942,0.000,0,1,0,0,0,0,-1,0,0,0,,0,,0,,0,0,0,1
1723836693,387,3,2,8,8,3.31,0,0,0.31 | 0.31 | 0.31,0,1.81 | 2.60 | 3.97,0,1.01 | 1.54 | 2.21,0.942,0.000,0,1,0,0,0,0,-1,0,0,0,,0,,0,,0,0,0,1
1723836693,387,3,2,8,8,3.31,0,0,0.31 | 0.31 | 0.31,0,1.81 | 2.60 | 3.97,0,1.01 | 1.54 | 2.21,0.942,0.000,0,1,0,0,0,0,-1,0,0,0,,0,,0,,0,0,0,1
1723836693,387,3,2,8,8,2.073,0,0,0.31 | 0.31 | 0.31,0,1.81 | 2.60 | 3.97,0,1.01 | 1.54 | 2.21,0.942,0.000,0,1,0,0,0,0,-1,0,0,0,,0,,0,,0,0,0,1
1723836694,387,3,2,8,8,2.073,0,0,0.31 | 0.31 | 0.31,0,1.81 | 2.60 | 3.97,0,1.01 | 1.54 | 2.21,0.942,0.000,0,1,0,0,0,0,-1,0,0,0,,0,,0,,0,0,0,1
1723836694,387,3,2,8,8,2.073,0,0,0.31 | 0.31 | 0.31,0,1.81 | 2.60 | 3.97,0,1.01 | 1.54 | 2.21,0.942,0.000,0,1,0,0,0,0,-1,0,0,0,,0,,0,,0,0,0,1
1723836694,387,3,2,8,8,2.073,0,0,0.31 | 0.31 | 0.31,0,1.81 | 2.60 | 3.97,0,1.01 | 1.54 | 2.21,0.942,0.000,0,1,0,0,0,0,-1,0,0,0,,0,,0,,0,0,0,1
1723836694,387,3,2,8,8,2.073,0,0,0.31 | 0.31 | 0.31,0,1.81 | 2.60 | 3.97,0,1.01 | 1.54 | 2.21,0.942,0.000,0,1,0,0,0,0,-1,0,0,0,,0,,0,,0,0,0,1
1723836694,387,3,2,8,8,2.073,0,0,0.31 | 0.31 | 0.31,0,1.81 | 2.60 | 3.97,0,1.01 | 1.54 | 2.21,0.942,0.000,0,1,0,0,0,0,-1,0,0,0,,0,,0,,0,0,0,1
1723836694,387,3,2,8,8,2.073,0,0,0.31 | 0.31 | 0.31,0,1.81 | 2.60 | 3.97,0,1.01 | 1.54 | 2.21,0.942,0.000,0,1,0,0,0,0,-1,0,0,0,,0,,0,,0,0,0,1
1723836694,387,3,2,8,8,2.073,0,0,0.31 | 0.31 | 0.31,0,1.81 | 2.60 | 3.97,0,1.01 | 1.54 | 2.21,0.942,0.000,0,1,0,0,0,0,-1,0,0,0,,0,,0,,0,0,0,1
1723836694,387,3,2,8,8,2.073,0,0,0.31 | 0.31 | 0.31,0,1.81 | 2.60 | 3.97,0,1.01 | 1.54 | 2.21,0.942,0.000,0,1,0,0,0,0,-1,0,0,0,,0,,0,,0,0,0,1
1723836694,387,3,2,8,8,2.073,0,0,0.31 | 0.31 | 0.31,0,1.81 | 2.60 | 3.97,0,1.01 | 1.54 | 2.21,0.942,0.000,0,1,0,0,0,0,-1,0,0,0,,0,,0,,0,0,0,1
1723836694,387,3,2,8,8,5.985,0,0,0.31 | 0.31 | 0.31,0,1.81 | 2.49 | 3.97,0,1.01 | 1.61 | 2.21,0.942,0.000,0,1,0,0,0,0,-1,0,0,0,,0,,0,,0,0,0,1
1723836695,387,3,2,8,8,5.985,0,0,0.31 | 0.31 | 0.31,0,1.81 | 2.49 | 3.97,0,1.01 | 1.61 | 2.21,0.942,0.000,0,1,0,0,0,0,-1,0,0,0,,0,,0,,0,0,0,1
1723836695,387,3,2,8,8,5.985,0,0,0.31 | 0.31 | 0.31,0,1.81 | 2.49 | 3.97,0,1.01 | 1.61 | 2.21,0.942,0.000,0,1,0,0,0,0,-1,0,0,0,,0,,0,,0,0,0,1
1723836695,387,3,2,8,8,5.985,0,0,0.31 | 0.31 | 0.31,0,1.81 | 2.49 | 3.97,0,1.01 | 1.61 | 2.21,0.942,0.000,0,1,0,0,0,0,-1,0,0,0,,0,,0,,0,0,0,1
1723836695,387,3,2,8,8,5.985,0,0,0.31 | 0.31 | 0.31,0,1.81 | 2.49 | 3.97,0,1.01 | 1.61 | 2.21,0.942,0.000,0,1,0,0,0,0,-1,0,0,0,,0,,0,,0,0,0,1
1723836695,387,3,2,8,8,5.985,0,0,0.31 | 0.31 | 0.31,0,1.81 | 2.49 | 3.97,0,1.01 | 1.61 | 2.21,0.942,0.000,0,1,0,0,0,0,-1,0,0,0,,0,,0,,0,0,0,1
1723836695,387,3,2,8,8,5.985,0,0,0.31 | 0.31 | 0.31,0,1.81 | 2.49 | 3.97,0,1.01 | 1.61 | 2.21,0.942,0.000,0,1,0,0,0,0,-1,0,0,0,,0,,0,,0,0,0,1
1723836695,387,3,2,8,8,5.985,0,0,0.31 | 0.31 | 0.31,0,1.81 | 2.49 | 3.97,0,1.01 | 1.61 | 2.21,0.942,0.000,0,1,0,0,0,0,-1,0,0,0,,0,,0,,0,0,0,1
1723836695,387,3,2,8,8,5.985,0,0,0.31 | 0.31 | 0.31,0,1.81 | 2.49 | 3.97,0,1.01 | 1.61 | 2.21,0.942,0.000,0,1,0,0,0,0,-1,0,0,0,,0,,0,,0,0,0,1
1723836695,387,3,2,8,8,5.985,0,0,0.31 | 0.31 | 0.31,0,1.81 | 2.49 | 3.97,0,1.01 | 1.61 | 2.21,0.942,0.000,0,1,0,0,0,0,-1,0,0,0,,0,,0,,0,0,0,1
1723836695,387,3,2,8,8,4.923,0,0,0.31 | 0.31 | 0.31,0,1.81 | 2.49 | 3.97,0,1.01 | 1.61 | 2.21,0.942,0.000,0,1,0,0,0,0,-1,0,0,0,,0,,0,,0,0,0,1
1723836696,387,3,2,8,8,4.923,0,0,0.31 | 0.31 | 0.31,0,1.81 | 2.49 | 3.97,0,1.01 | 1.61 | 2.21,0.942,0.000,0,1,0,0,0,0,-1,0,0,0,,0,,0,,0,0,0,1
1723836696,387,2,2,8,8,4.923,0,0,0.31 | 0.31 | 0.31,0,1.81 | 2.49 | 3.97,0,1.01 | 1.61 | 2.21,0.942,0.000,0,1,0,0,0,0,-1,0,0,0,,0,,0,,0,0,0,1
1723836696,387,2,2,8,8,4.923,0,0,0.31 | 0.31 | 0.31,0,1.81 | 2.49 | 3.97,0,1.01 | 1.61 | 2.21,0.942,0.000,0,1,0,0,0,0,-1,0,0,0,,0,,0,,0,0,0,1
1723836696,387,2,2,8,8,4.923,0,0,0.31 | 0.31 | 0.31,0,1.81 | 2.49 | 3.97,0,1.01 | 1.61 | 2.21,0.942,0.000,0,1,0,0,0,0,-1,0,0,0,,0,,0,,0,0,0,1
1723836696,387,2,2,8,8,4.923,0,0,0.31 | 0.31 | 0.31,0,1.81 | 2.49 | 3.97,0,1.01 | 1.61 | 2.21,0.942,0.000,0,1,0,0,0,0,-1,0,0,0,,0,,0,,0,0,0,1
1723836696,387,2,2,8,8,4.923,0,0,0.31 | 0.31 | 0.31,0,1.81 | 2.49 | 3.97,0,1.01 | 1.61 | 2.21,0.942,0.000,0,1,0,0,0,0,-1,0,0,0,,0,,0,,0,0,0,1
1723836696,387,2,2,8,8,4.923,0,0,0.31 | 0.31 | 0.31,0,1.81 | 2.49 | 3.97,0,1.01 | 1.61 | 2.21,0.942,0.000,0,1,0,0,0,0,-1,0,0,0,,0,,0,,0,0,0,1
1723836696,387,2,2,8,8,4.923,0,0,0.31 | 0.31 | 0.31,0,1.81 | 2.49 | 3.97,0,1.01 | 1.61 | 2.21,0.942,0.000,0,1,0,0,0,0,-1,0,0,0,,0,,0,,0,0,0,1
1723836696,387,2,2,8,8,4.923,0,0,0.31 | 0.31 | 0.31,0,1.81 | 2.49 | 3.97,0,1.01 | 1.61 | 2.21,0.942,0.000,0,1,0,0,0,0,-1,0,0,0,,0,,0,,0,0,0,1
1723836696,387,2,2,8,8,7.326,0,0,0.31 | 0.31 | 0.31,0,1.37 | 2.35 | 3.97,0,1.01 | 1.70 | 2.93,0.956,0.000,0,1,0,0,0,0,-1,0,0,0,,0,,0,,0,0,0,1
1723836697,387,2,2,8,8,7.326,0,0,0.31 | 0.31 | 0.31,0,1.37 | 2.35 | 3.97,0,1.01 | 1.70 | 2.93,0.956,0.000,0,1,0,0,0,0,-1,0,0,0,,0,,0,,0,0,0,1
1723836697,387,2,2,8,8,7.326,0,0,0.31 | 0.31 | 0.31,0,1.37 | 2.35 | 3.97,0,1.01 | 1.70 | 2.93,0.956,0.000,0,1,0,0,0,0,-1,0,0,0,,0,,0,,0,0,0,1
1723836697,387,2,2,8,8,7.326,0,0,0.31 | 0.31 | 0.31,0,1.37 | 2.35 | 3.97,0,1.01 | 1.70 | 2.93,0.956,0.000,0,1,0,0,0,0,-1,0,0,0,,0,,0,,0,0,0,1
1723836697,387,2,2,8,8,7.326,0,0,0.31 | 0.31 | 0.31,0,1.37 | 2.35 | 3.97,0,1.01 | 1.70 | 2.93,0.956,0.000,0,1,0,0,0,0,-1,0,0,0,,0,,0,,0,0,0,1
1723836697,387,2,2,8,8,7.326,0,0,0.31 | 0.31 | 0.31,0,1.37 | 2.35 | 3.97,0,1.01 | 1.70 | 2.93,0.956,0.000,0,1,0,0,0,0,-1,0,0,0,,0,,0,,0,0,0,1
1723836697,387,2,2,8,8,7.326,0,0,0.31 | 0.31 | 0.31,0,1.37 | 2.35 | 3.97,0,1.01 | 1.70 | 2.93,0.956,0.000,0,1,0,0,0,0,-1,0,0,0,,0,,0,,0,0,0,1
1723836697,387,2,2,8,8,7.326,0,0,0.31 | 0.31 | 0.31,0,1.37 | 2.35 | 3.97,0,1.01 | 1.70 | 2.93,0.956,0.000,0,1,0,0,0,0,-1,0,0,0,,0,,0,,0,0,0,1
1723836697,387,2,2,8,8,7.326,0,0,0.31 | 0.31 | 0.31,0,1.37 | 2.35 | 3.97,0,1.01 | 1.70 | 2.93,0.956,0.000,0,1,0,0,0,0,-1,0,0,0,,0,,0,,0,0,0,1
1723836697,387,2,2,8,8,7.326,0,0,0.31 | 0.31 | 0.31,0,1.37 | 2.35 | 3.97,0,1.01 | 1.70 | 2.93,0.956,0.000,0,1,0,0,0,0,-1,0,0,0,,0,,0,,0,0,0,1
1723836697,387,2,2,8,8,6.263,0,0,0.31 | 0.31 | 0.31,0,1.37 | 2.35 | 3.97,0,1.01 | 1.70 | 2.93,0.956,0.000,0,1,0,0,0,0,-1,0,0,0,,0,,0,,0,0,0,1
1723836698,387,2,2,8,8,6.263,0,0,0.31 | 0.31 | 0.31,0,1.37 | 2.35 | 3.97,0,1.01 | 1.70 | 2.93,0.956,0.000,0,1,0,0,0,0,-1,0,0,0,,0,,0,,0,0,0,1
1723836698,387,2,2,8,8,6.263,0,0,0.31 | 0.31 | 0.31,0,1.37 | 2.35 | 3.97,0,1.01 | 1.70 | 2.93,0.956,0.000,0,1,0,0,0,0,-1,0,0,0,,0,,0,,0,0,0,1
1723836698,387,2,2,8,8,6.263,0,0,0.31 | 0.31 | 0.31,0,1.37 | 2.35 | 3.97,0,1.01 | 1.70 | 2.93,0.956,0.000,0,1,0,0,0,0,-1,0,0,0,,0,,0,,0,0,0,1
1723836698,387,2,2,8,8,6.263,0,0,0.31 | 0.31 | 0.31,0,1.37 | 2.35 | 3.97,0,1.01 | 1.70 | 2.93,0.956,0.000,0,1,0,0,0,0,-1,0,0,0,,0,,0,,0,0,0,1
1723836698,387,2,2,8,8,6.263,0,0,0.31 | 0.31 | 0.31,0,1.37 | 2.35 | 3.97,0,1.01 | 1.70 | 2.93,0.956,0.000,0,1,0,0,0,0,-1,0,0,0,,0,,0,,0,0,0,1
1723836698,387,2,2,8,8,6.263,0,0,0.31 | 0.31 | 0.31,0,1.37 | 2.35 | 3.97,0,1.01 | 1.70 | 2.93,0.956,0.000,0,1,0,0,0,0,-1,0,0,0,,0,,0,,0,0,0,1
1723836698,387,2,2,8,8,6.263,0,0,0.31 | 0.31 | 0.31,0,1.37 | 2.35 | 3.97,0,1.01 | 1.70 | 2.93,0.956,0.000,0,1,0,0,0,0,-1,0,0,0,,0,,0,,0,0,0,1
1723836698,387,2,2,8,8,6.263,0,0,0.31 | 0.31 | 0.31,0,1.37 | 2.35 | 3.97,0,1.01 | 1.70 | 2.93,0.956,0.000,0,1,0,0,0,0,-1,0,0,0,,0,,0,,0,0,0,1
1723836698,387,2,2,8,8,6.263,0,0,0.31 | 0.31 | 0.31,0,1.37 | 2.35 | 3.97,0,1.01 | 1.70 | 2.93,0.956,0.000,0,1,0,0,0,0,-1,0,0,0,,0,,0,,0,0,0,1
1723836698,387,2,2,8,8,10.001,0,0,0.31 | 0.31 | 0.31,0,1.37 | 1.88 | 2.26,0,1.77 | 2.13 | 2.93,0.941,0.000,0,1,0,0,0,0,-1,0,0,0,,0,,0,,0,0,0,1
1723836699,387,2,2,8,8,10.001,0,0,0.31 | 0.31 | 0.31,0,1.37 | 1.88 | 2.26,0,1.77 | 2.13 | 2.93,0.941,0.000,0,1,0,0,0,0,-1,0,0,0,,0,,0,,0,0,0,1
1723836699,387,2,2,8,8,10.001,0,0,0.31 | 0.31 | 0.31,0,1.37 | 1.88 | 2.26,0,1.77 | 2.13 | 2.93,0.941,0.000,0,1,0,0,0,0,-1,0,0,0,,0,,0,,0,0,0,1
1723836699,387,2,2,8,8,10.001,0,0,0.31 | 0.31 | 0.31,0,1.37 | 1.88 | 2.26,0,1.77 | 2.13 | 2.93,0.941,0.000,0,1,0,0,0,0,-1,0,0,0,,0,,0,,0,0,0,1
1723836699,387,2,2,8,8,10.001,0,0,0.31 | 0.31 | 0.31,0,1.37 | 1.88 | 2.26,0,1.77 | 2.13 | 2.93,0.941,0.000,0,1,0,0,0,0,-1,0,0,0,,0,,0,,0,0,0,1
1723836699,387,2,2,8,8,10.001,0,0,0.31 | 0.31 | 0.31,0,1.37 | 1.88 | 2.26,0,1.77 | 2.13 | 2.93,0.941,0.000,0,1,0,0,0,0,-1,0,0,0,,0,,0,,0,0,0,1
1723836699,387,2,2,8,8,10.001,0,0,0.31 | 0.31 | 0.31,0,1.37 | 1.88 | 2.26,0,1.77 | 2.13 | 2.93,0.941,0.000,0,1,0,0,0,0,-1,0,0,0,,0,,0,,0,0,0,1
1723836699,387,2,2,8,8,10.001,0,0,0.31 | 0.31 | 0.31,0,1.37 | 1.88 | 2.26,0,1.77 | 2.13 | 2.93,0.941,0.000,0,1,0,0,0,0,-1,0,0,0,,0,,0,,0,0,0,1
1723836699,387,2,2,8,8,10.001,0,0,0.31 | 0.31 | 0.31,0,1.37 | 1.88 | 2.26,0,1.77 | 2.13 | 2.93,0.941,0.000,0,1,0,0,0,0,-1,0,0,0,,0,,0,,0,0,0,1
1723836699,387,2,2,8,8,10.001,0,0,0.31 | 0.31 | 0.31,0,1.37 | 1.88 | 2.26,0,1.77 | 2.13 | 2.93,0.941,0.000,0,1,0,0,0,0,-1,0,0,0,,0,,0,,0,0,0,1
1723836699,387,2,2,8,8,12.138,0,0,0.31 | 0.31 | 0.31,0,1.02 | 1.68 | 2.26,0,1.77 | 2.38 | 3.92,0.943,0.000,0,1,0,0,0,0,-1,0,0,0,,0,,0,,0,0,0,1
1723836700,387,2,2,8,8,12.138,0,0,0.31 | 0.31 | 0.31,0,1.02 | 1.68 | 2.26,0,1.77 | 2.38 | 3.92,0.943,0.000,0,1,0,0,0,0,-1,0,0,0,,0,,0,,0,0,0,1
1723836700,387,2,2,8,8,12.138,0,0,0.31 | 0.31 | 0.31,0,1.02 | 1.68 | 2.26,0,1.77 | 2.38 | 3.92,0.943,0.000,0,1,0,0,0,0,-1,0,0,0,,0,,0,,0,0,0,1
1723836700,387,2,2,8,8,12.138,0,0,0.31 | 0.31 | 0.31,0,1.02 | 1.68 | 2.26,0,1.77 | 2.38 | 3.92,0.943,0.000,0,1,0,0,0,0,-1,0,0,0,,0,,0,,0,0,0,1
1723836700,387,2,2,8,8,12.138,0,0,0.31 | 0.31 | 0.31,0,1.02 | 1.68 | 2.26,0,1.77 | 2.38 | 3.92,0.943,0.000,0,1,0,0,0,0,-1,0,0,0,,0,,0,,0,0,0,1
1723836700,387,2,2,8,8,12.138,0,0,0.31 | 0.31 | 0.31,0,1.02 | 1.68 | 2.26,0,1.77 | 2.38 | 3.92,0.943,0.000,0,1,0,0,0,0,-1,0,0,0,,0,,0,,0,0,0,1
1723836700,387,2,2,8,8,12.138,0,0,0.31 | 0.31 | 0.31,0,1.02 | 1.68 | 2.26,0,1.77 | 2.38 | 3.92,0.943,0.000,0,1,0,0,0,0,-1,0,0,0,,0,,0,,0,0,0,1
1723836700,387,2,2,8,8,12.138,0,0,0.31 | 0.31 | 0.31,0,1.02 | 1.68 | 2.26,0,1.77 | 2.38 | 3.92,0.943,0.000,0,1,0,0,0,0,-1,0,0,0,,0,,0,,0,0,0,1
1723836700,387,2,2,8,8,12.138,0,0,0.31 | 0.31 | 0.31,0,1.02 | 1.68 | 2.26,0,1.77 | 2.38 | 3.92,0.943,0.000,0,1,0,0,0,0,-1,0,0,0,,0,,0,,0,0,0,1
1723836700,387,2,2,8,8,12.138,0,0,0.31 | 0.31 | 0.31,0,1.02 | 1.68 | 2.26,0,1.77 | 2.38 | 3.92,0.943,0.000,0,1,0,0,0,0,-1,0,0,0,,0,,0,,0,0,0,1
1723836700,387,2,2,8,8,11.076,0,0,0.31 | 0.31 | 0.31,0,1.02 | 1.68 | 2.26,0,1.77 | 2.38 | 3.92,0.943,0.000,0,1,0,0,0,0,-1,0,0,0,,0,,0,,0,0,0,1
1723836701,387,2,2,8,8,11.076,0,0,0.31 | 0.31 | 0.31,0,1.02 | 1.68 | 2.26,0,1.77 | 2.38 | 3.92,0.943,0.000,0,1,0,0,0,0,-1,0,0,0,,0,,0,,0,0,0,1
1723836701,387,2,2,8,8,11.076,0,0,0.31 | 0.31 | 0.31,0,1.02 | 1.68 | 2.26,0,1.77 | 2.38 | 3.92,0.943,0.000,0,1,0,0,0,0,-1,0,0,0,,0,,0,,0,0,0,1
1723836701,387,2,2,8,8,11.076,0,0,0.31 | 0.31 | 0.31,0,1.02 | 1.68 | 2.26,0,1.77 | 2.38 | 3.92,0.943,0.000,0,1,0,0,0,0,-1,0,0,0,,0,,0,,0,0,0,1
1723836701,387,2,2,8,8,11.076,0,0,0.31 | 0.31 | 0.31,0,1.02 | 1.68 | 2.26,0,1.77 | 2.38 | 3.92,0.943,0.000,0,1,0,0,0,0,-1,0,0,0,,0,,0,,0,0,0,1
1723836701,387,2,2,8,8,11.076,0,0,0.31 | 0.31 | 0.31,0,1.02 | 1.68 | 2.26,0,1.77 | 2.38 | 3.92,0.943,0.000,0,1,0,0,0,0,-1,0,0,0,,0,,0,,0,0,0,1
1723836701,387,2,2,8,8,11.076,0,0,0.31 | 0.31 | 0.31,0,1.02 | 1.68 | 2.26,0,1.77 | 2.38 | 3.92,0.943,0.000,0,1,0,0,0,0,-1,0,0,0,,0,,0,,0,0,0,1
1723836701,387,2,2,8,8,11.076,0,0,0.31 | 0.31 | 0.31,0,1.02 | 1.68 | 2.26,0,1.77 | 2.38 | 3.92,0.943,0.000,0,1,0,0,0,0,-1,0,0,0,,0,,0,,0,0,0,1
1723836701,387,2,2,8,8,11.076,0,0,0.31 | 0.31 | 0.31,0,1.02 | 1.68 | 2.26,0,1.77 | 2.38 | 3.92,0.943,0.000,0,1,0,0,0,0,-1,0,0,0,,0,,0,,0,0,0,1
1723836701,387,2,2,8,8,11.076,0,0,0.31 | 0.31 | 0.31,0,1.02 | 1.68 | 2.26,0,1.77 | 2.38 | 3.92,0.943,0.000,0,1,0,0,0,0,-1,0,0,0,,0,,0,,0,0,0,1
1723836701,387,2,2,8,8,10.279,0,0,0.31 | 0.31 | 0.31,0,1.02 | 1.68 | 2.26,0,1.77 | 2.38 | 3.92,0.943,0.000,0,1,0,0,0,0,-1,0,0,0,,0,,0,,0,0,0,1
1723836702,387,2,2,8,8,10.279,0,0,0.31 | 0.31 | 0.31,0,1.02 | 1.68 | 2.26,0,1.77 | 2.38 | 3.92,0.943,0.000,0,1,0,0,0,0,-1,0,0,0,,0,,0,,0,0,0,1
1723836702,387,2,2,8,8,10.279,0,0,0.31 | 0.31 | 0.31,0,1.02 | 1.68 | 2.26,0,1.77 | 2.38 | 3.92,0.943,0.000,0,1,0,0,0,0,-1,0,0,0,,0,,0,,0,0,0,1
1723836702,387,2,2,8,8,10.279,0,0,0.31 | 0.31 | 0.31,0,1.02 | 1.68 | 2.26,0,1.77 | 2.38 | 3.92,0.943,0.000,0,1,0,0,0,0,-1,0,0,0,,0,,0,,0,0,0,1
1723836702,387,2,2,8,8,10.279,0,0,0.31 | 0.31 | 0.31,0,1.02 | 1.68 | 2.26,0,1.77 | 2.38 | 3.92,0.943,0.000,0,1,0,0,0,0,-1,0,0,0,,0,,0,,0,0,0,1
1723836702,387,2,2,8,8,10.279,0,0,0.31 | 0.31 | 0.31,0,1.02 | 1.68 | 2.26,0,1.77 | 2.38 | 3.92,0.943,0.000,0,1,0,0,0,0,-1,0,0,0,,0,,0,,0,0,0,1
1723836702,387,2,2,8,8,10.279,0,0,0.31 | 0.31 | 0.31,0,1.02 | 1.68 | 2.26,0,1.77 | 2.38 | 3.92,0.943,0.000,0,1,0,0,0,0,-1,0,0,0,,0,,0,,0,0,0,1
1723836702,387,2,2,8,8,10.279,0,0,0.31 | 0.31 | 0.31,0,1.02 | 1.68 | 2.26,0,1.77 | 2.38 | 3.92,0.943,0.000,0,1,0,0,0,0,-1,0,0,0,,0,,0,,0,0,0,1
1723836702,387,2,2,8,8,10.279,0,0,0.31 | 0.31 | 0.31,0,1.02 | 1.68 | 2.26,0,1.77 | 2.38 | 3.92,0.943,0.000,0,1,0,0,0,0,-1,0,0,0,,0,,0,,0,0,0,1
1723836702,387,2,2,8,8,10.279,0,0,0.31 | 0.31 | 0.31,0,1.02 | 1.68 | 2.26,0,1.77 | 2.38 | 3.92,0.943,0.000,0,1,0,0,0,0,-1,0,0,0,,0,,0,,0,0,0,1
1723836702,387,2,2,8,8,13.97,0,0,0.31 | 0.31 | 0.31,0,1.02 | 1.59 | 2.07,0,1.93 | 2.51 | 3.92,0.943,0.000,0,1,0,0,0,0,-1,0,0,0,,0,,0,,0,0,0,1
1723836703,387,2,2,8,8,13.97,0,0,0.31 | 0.31 | 0.31,0,1.02 | 1.59 | 2.07,0,1.93 | 2.51 | 3.92,0.943,0.000,0,1,0,0,0,0,-1,0,0,0,,0,,0,,0,0,0,1
1723836703,387,2,2,8,8,13.97,0,0,0.31 | 0.31 | 0.31,0,1.02 | 1.59 | 2.07,0,1.93 | 2.51 | 3.92,0.943,0.000,0,1,0,0,0,0,-1,0,0,0,,0,,0,,0,0,0,1
1723836703,387,2,2,8,8,13.97,0,0,0.31 | 0.31 | 0.31,0,1.02 | 1.59 | 2.07,0,1.93 | 2.51 | 3.92,0.943,0.000,0,1,0,0,0,0,-1,0,0,0,,0,,0,,0,0,0,1
1723836703,387,2,2,8,8,13.97,0,0,0.31 | 0.31 | 0.31,0,1.02 | 1.59 | 2.07,0,1.93 | 2.51 | 3.92,0.943,0.000,0,1,0,0,0,0,-1,0,0,0,,0,,0,,0,0,0,1
1723836703,387,2,2,8,8,13.97,0,0,0.31 | 0.31 | 0.31,0,1.02 | 1.59 | 2.07,0,1.93 | 2.51 | 3.92,0.943,0.000,0,1,0,0,0,0,-1,0,0,0,,0,,0,,0,0,0,1
1723836703,387,2,2,8,8,13.97,0,0,0.31 | 0.31 | 0.31,0,1.02 | 1.59 | 2.07,0,1.93 | 2.51 | 3.92,0.943,0.000,0,1,0,0,0,0,-1,0,0,0,,0,,0,,0,0,0,1
1723836703,387,2,2,8,8,13.97,0,0,0.31 | 0.31 | 0.31,0,1.02 | 1.59 | 2.07,0,1.93 | 2.51 | 3.92,0.943,0.000,0,1,0,0,0,0,-1,0,0,0,,0,,0,,0,0,0,1
1723836703,387,2,2,8,8,13.97,0,0,0.31 | 0.31 | 0.31,0,1.02 | 1.59 | 2.07,0,1.93 | 2.51 | 3.92,0.943,0.000,0,1,0,0,0,0,-1,0,0,0,,0,,0,,0,0,0,1
1723836703,387,2,2,8,8,13.97,0,0,0.31 | 0.31 | 0.31,0,1.02 | 1.59 | 2.07,0,1.93 | 2.51 | 3.92,0.943,0.000,0,1,0,0,0,0,-1,0,0,0,,0,,0,,0,0,0,1
1723836703,387,2,2,8,8,12.873,0,0,0.31 | 0.31 | 0.31,0,1.02 | 1.59 | 2.07,0,1.93 | 2.51 | 3.92,0.943,0.000,0,1,0,0,0,0,-1,0,0,0,,0,,0,,0,0,0,1
1723836704,387,2,2,8,8,12.873,0,0,0.31 | 0.31 | 0.31,0,1.02 | 1.59 | 2.07,0,1.93 | 2.51 | 3.92,0.943,0.000,0,1,0,0,0,0,-1,0,0,0,,0,,0,,0,0,0,1
1723836704,387,2,2,8,8,12.873,0,0,0.31 | 0.31 | 0.31,0,1.02 | 1.59 | 2.07,0,1.93 | 2.51 | 3.92,0.943,0.000,0,1,0,0,0,0,-1,0,0,0,,0,,0,,0,0,0,1
1723836704,387,2,2,8,8,12.873,0,0,0.31 | 0.31 | 0.31,0,1.02 | 1.59 | 2.07,0,1.93 | 2.51 | 3.92,0.943,0.000,0,1,0,0,0,0,-1,0,0,0,,0,,0,,0,0,0,1
1723836704,387,2,2,8,8,12.873,0,0,0.31 | 0.31 | 0.31,0,1.02 | 1.59 | 2.07,0,1.93 | 2.51 | 3.92,0.943,0.000,0,1,0,0,0,0,-1,0,0,0,,0,,0,,0,0,0,1
1723836704,387,2,2,8,8,12.873,0,0,0.31 | 0.31 | 0.31,0,1.02 | 1.59 | 2.07,0,1.93 | 2.51 | 3.92,0.943,0.000,0,1,0,0,0,0,-1,0,0,0,,0,,0,,0,0,0,1
1723836704,387,2,2,8,8,12.873,0,0,0.31 | 0.31 | 0.31,0,1.02 | 1.59 | 2.07,0,1.93 | 2.51 | 3.92,0.943,0.000,0,1,0,0,0,0,-1,0,0,0,,0,,0,,0,0,0,1
1723836704,387,2,2,8,8,12.873,0,0,0.31 | 0.31 | 0.31,0,1.02 | 1.59 | 2.07,0,1.93 | 2.51 | 3.92,0.943,0.000,0,1,0,0,0,0,-1,0,0,0,,0,,0,,0,0,0,1
1723836704,387,2,2,8,8,12.873,0,0,0.31 | 0.31 | 0.31,0,1.02 | 1.59 | 2.07,0,1.93 | 2.51 | 3.92,0.943,0.000,0,1,0,0,0,0,-1,0,0,0,,0,,0,,0,0,0,1
1723836704,387,2,2,8,8,12.873,0,0,0.31 | 0.31 | 0.31,0,1.02 | 1.59 | 2.07,0,1.93 | 2.51 | 3.92,0.943,0.000,0,1,0,0,0,0,-1,0,0,0,,0,,0,,0,0,0,1
1723836704,387,2,2,8,8,11.892,0,0,0.31 | 0.31 | 0.31,0,1.02 | 1.59 | 2.07,0,1.93 | 2.51 | 3.92,0.943,0.000,0,1,0,0,0,0,-1,0,0,0,,0,,0,,0,0,0,1
1723836705,387,2,2,8,8,11.892,0,0,0.31 | 0.31 | 0.31,0,1.02 | 1.59 | 2.07,0,1.93 | 2.51 | 3.92,0.943,0.000,0,1,0,0,0,0,-1,0,0,0,,0,,0,,0,0,0,1
1723836705,387,2,2,8,8,11.892,0,0,0.31 | 0.31 | 0.31,0,1.02 | 1.59 | 2.07,0,1.93 | 2.51 | 3.92,0.943,0.000,0,1,0,0,0,0,-1,0,0,0,,0,,0,,0,0,0,1
1723836705,387,2,2,8,8,11.892,0,0,0.31 | 0.31 | 0.31,0,1.02 | 1.59 | 2.07,0,1.93 | 2.51 | 3.92,0.943,0.000,0,1,0,0,0,0,-1,0,0,0,,0,,0,,0,0,0,1
1723836705,387,2,2,8,8,11.892,0,0,0.31 | 0.31 | 0.31,0,1.02 | 1.59 | 2.07,0,1.93 | 2.51 | 3.92,0.943,0.000,0,1,0,0,0,0,-1,0,0,0,,0,,0,,0,0,0,1
1723836705,387,2,2,8,8,11.892,0,0,0.31 | 0.31 | 0.31,0,1.02 | 1.59 | 2.07,0,1.93 | 2.51 | 3.92,0.943,0.000,0,1,0,0,0,0,-1,0,0,0,,0,,0,,0,0,0,1
1723836705,387,2,2,8,8,11.892,0,0,0.31 | 0.31 | 0.31,0,1.02 | 1.59 | 2.07,0,1.93 | 2.51 | 3.92,0.943,0.000,0,1,0,0,0,0,-1,0,0,0,,0,,0,,0,0,0,1
1723836705,387,2,2,8,8,11.892,0,0,0.31 | 0.31 | 0.31,0,1.02 | 1.59 | 2.07,0,1.93 | 2.51 | 3.92,0.943,0.000,0,1,0,0,0,0,-1,0,0,0,,0,,0,,0,0,0,1
1723836705,387,2,2,8,8,11.892,0,0,0.31 | 0.31 | 0.31,0,1.02 | 1.59 | 2.07,0,1.93 | 2.51 | 3.92,0.943,0.000,0,1,0,0,0,0,-1,0,0,0,,0,,0,,0,0,0,1
1723836705,387,2,2,8,8,11.892,0,0,0.31 | 0.31 | 0.31,0,1.02 | 1.59 | 2.07,0,1.93 | 2.51 | 3.92,0.943,0.000,0,1,0,0,0,0,-1,0,0,0,,0,,0,,0,0,0,1
1723836705,387,2,2,8,8,11.095,0,0,0.31 | 0.31 | 0.31,0,1.02 | 1.59 | 2.07,0,1.93 | 2.51 | 3.92,0.943,0.000,0,1,0,0,0,0,-1,0,0,0,,0,,0,,0,0,0,1
1723836706,387,2,2,8,8,11.095,0,0,0.31 | 0.31 | 0.31,0,1.02 | 1.59 | 2.07,0,1.93 | 2.51 | 3.92,0.943,0.000,0,1,0,0,0,0,-1,0,0,0,,0,,0,,0,0,0,1
1723836706,387,2,2,8,8,11.095,0,0,0.31 | 0.31 | 0.31,0,1.02 | 1.59 | 2.07,0,1.93 | 2.51 | 3.92,0.943,0.000,0,1,0,0,0,0,-1,0,0,0,,0,,0,,0,0,0,1
1723836706,387,2,2,8,8,11.095,0,0,0.31 | 0.31 | 0.31,0,1.02 | 1.59 | 2.07,0,1.93 | 2.51 | 3.92,0.943,0.000,0,1,0,0,0,0,-1,0,0,0,,0,,0,,0,0,0,1
1723836706,387,2,2,8,8,11.095,0,0,0.31 | 0.31 | 0.31,0,1.02 | 1.59 | 2.07,0,1.93 | 2.51 | 3.92,0.943,0.000,0,1,0,0,0,0,-1,0,0,0,,0,,0,,0,0,0,1
1723836706,387,2,2,8,8,11.095,0,0,0.31 | 0.31 | 0.31,0,1.02 | 1.59 | 2.07,0,1.93 | 2.51 | 3.92,0.943,0.000,0,1,0,0,0,0,-1,0,0,0,,0,,0,,0,0,0,1
1723836706,387,2,2,8,8,11.095,0,0,0.31 | 0.31 | 0.31,0,1.02 | 1.59 | 2.07,0,1.93 | 2.51 | 3.92,0.943,0.000,0,1,0,0,0,0,-1,0,0,0,,0,,0,,0,0,0,1
1723836706,387,2,2,8,8,11.095,0,0,0.31 | 0.31 | 0.31,0,1.02 | 1.59 | 2.07,0,1.93 | 2.51 | 3.92,0.943,0.000,0,1,0,0,0,0,-1,0,0,0,,0,,0,,0,0,0,1
1723836706,387,2,2,8,8,11.095,0,0,0.31 | 0.31 | 0.31,0,1.02 | 1.59 | 2.07,0,1.93 | 2.51 | 3.92,0.943,0.000,0,1,0,0,0,0,-1,0,0,0,,0,,0,,0,0,0,1
1723836706,387,2,2,8,8,11.095,0,0,0.31 | 0.31 | 0.31,0,1.02 | 1.59 | 2.07,0,1.93 | 2.51 | 3.92,0.943,0.000,0,1,0,0,0,0,-1,0,0,0,,0,,0,,0,0,0,1
1723836706,387,2,2,8,8,10.032,0,0,0.31 | 0.31 | 0.31,0,1.02 | 1.59 | 2.07,0,1.93 | 2.51 | 3.92,0.943,0.000,0,1,0,0,0,0,-1,0,0,0,,0,,0,,0,0,0,1
1723836707,387,2,2,8,8,10.032,0,0,0.31 | 0.31 | 0.31,0,1.02 | 1.59 | 2.07,0,1.93 | 2.51 | 3.92,0.943,0.000,0,1,0,0,0,0,-1,0,0,0,,0,,0,,0,0,0,1
1723836707,387,2,2,8,8,10.032,0,0,0.31 | 0.31 | 0.31,0,1.02 | 1.59 | 2.07,0,1.93 | 2.51 | 3.92,0.943,0.000,0,1,0,0,0,0,-1,0,0,0,,0,,0,,0,0,0,1
1723836707,387,2,2,8,8,10.032,0,0,0.31 | 0.31 | 0.31,0,1.02 | 1.59 | 2.07,0,1.93 | 2.51 | 3.92,0.943,0.000,0,1,0,0,0,0,-1,0,0,0,,0,,0,,0,0,0,1
1723836707,387,2,2,8,8,10.032,0,0,0.31 | 0.31 | 0.31,0,1.02 | 1.59 | 2.07,0,1.93 | 2.51 | 3.92,0.943,0.000,0,1,0,0,0,0,-1,0,0,0,,0,,0,,0,0,0,1
1723836707,387,2,2,8,8,10.032,0,0,0.31 | 0.31 | 0.31,0,1.02 | 1.59 | 2.07,0,1.93 | 2.51 | 3.92,0.943,0.000,0,1,0,0,0,0,-1,0,0,0,,0,,0,,0,0,0,1
1723836707,387,2,2,8,8,10.032,0,0,0.31 | 0.31 | 0.31,0,1.02 | 1.59 | 2.07,0,1.93 | 2.51 | 3.92,0.943,0.000,0,1,0,0,0,0,-1,0,0,0,,0,,0,,0,0,0,1
1723836707,387,2,2,8,8,10.032,0,0,0.31 | 0.31 | 0.31,0,1.02 | 1.59 | 2.07,0,1.93 | 2.51 | 3.92,0.943,0.000,0,1,0,0,0,0,-1,0,0,0,,0,,0,,0,0,0,1
1723836707,387,2,2,8,8,10.032,0,0,0.31 | 0.31 | 0.31,0,1.02 | 1.59 | 2.07,0,1.93 | 2.51 | 3.92,0.943,0.000,0,1,0,0,0,0,-1,0,0,0,,0,,0,,0,0,0,1
1723836707,387,2,2,8,8,10.032,0,0,0.31 | 0.31 | 0.31,0,1.02 | 1.59 | 2.07,0,1.93 | 2.51 | 3.92,0.943,0.000,0,1,0,0,0,0,-1,0,0,0,,0,,0,,0,0,0,1
1723836707,387,2,2,8,8,12.17,0,0,0.30 | 0.31 | 0.31,0,1.02 | 1.67 | 2.07,0,1.93 | 2.39 | 3.92,0.942,0.000,0,1,0,0,0,0,-1,0,0,0,,0,,0,,0,0,0,1
1723836708,387,2,2,8,8,12.17,0,0,0.30 | 0.31 | 0.31,0,1.02 | 1.67 | 2.07,0,1.93 | 2.39 | 3.92,0.942,0.000,0,1,0,0,0,0,-1,0,0,0,,0,,0,,0,0,0,1
1723836708,387,2,2,8,8,12.17,0,0,0.30 | 0.31 | 0.31,0,1.02 | 1.67 | 2.07,0,1.93 | 2.39 | 3.92,0.942,0.000,0,1,0,0,0,0,-1,0,0,0,,0,,0,,0,0,0,1
1723836708,387,2,2,8,8,12.17,0,0,0.30 | 0.31 | 0.31,0,1.02 | 1.67 | 2.07,0,1.93 | 2.39 | 3.92,0.942,0.000,0,1,0,0,0,0,-1,0,0,0,,0,,0,,0,0,0,1
1723836708,387,2,2,8,8,12.17,0,0,0.30 | 0.31 | 0.31,0,1.02 | 1.67 | 2.07,0,1.93 | 2.39 | 3.92,0.942,0.000,0,1,0,0,0,0,-1,0,0,0,,0,,0,,0,0,0,1
1723836708,387,2,2,8,8,12.17,0,0,0.30 | 0.31 | 0.31,0,1.02 | 1.67 | 2.07,0,1.93 | 2.39 | 3.92,0.942,0.000,0,1,0,0,0,0,-1,0,0,0,,0,,0,,0,0,0,1
1723836708,387,2,2,8,8,12.17,0,0,0.30 | 0.31 | 0.31,0,1.02 | 1.67 | 2.07,0,1.93 | 2.39 | 3.92,0.942,0.000,0,1,0,0,0,0,-1,0,0,0,,0,,0,,0,0,0,1
1723836708,387,2,2,8,8,12.17,0,0,0.30 | 0.31 | 0.31,0,1.02 | 1.67 | 2.07,0,1.93 | 2.39 | 3.92,0.942,0.000,0,1,0,0,0,0,-1,0,0,0,,0,,0,,0,0,0,1
1723836708,387,2,2,8,8,12.17,0,0,0.30 | 0.31 | 0.31,0,1.02 | 1.67 | 2.07,0,1.93 | 2.39 | 3.92,0.942,0.000,0,1,0,0,0,0,-1,0,0,0,,0,,0,,0,0,0,1
1723836708,387,2,2,8,8,12.17,0,0,0.30 | 0.31 | 0.31,0,1.02 | 1.67 | 2.07,0,1.93 | 2.39 | 3.92,0.942,0.000,0,1,0,0,0,0,-1,0,0,0,,0,,0,,0,0,0,1
1723836708,387,2,2,8,8,11.107,0,0,0.30 | 0.31 | 0.31,0,1.02 | 1.67 | 2.07,0,1.93 | 2.39 | 3.92,0.942,0.000,0,1,0,0,0,0,-1,0,0,0,,0,,0,,0,0,0,1
1723836709,387,2,2,8,8,11.107,0,0,0.30 | 0.31 | 0.31,0,1.02 | 1.67 | 2.07,0,1.93 | 2.39 | 3.92,0.942,0.000,0,1,0,0,0,0,-1,0,0,0,,0,,0,,0,0,0,1
1723836709,387,2,2,8,8,11.107,0,0,0.30 | 0.31 | 0.31,0,1.02 | 1.67 | 2.07,0,1.93 | 2.39 | 3.92,0.942,0.000,0,1,0,0,0,0,-1,0,0,0,,0,,0,,0,0,0,1
1723836709,387,2,2,8,8,11.107,0,0,0.30 | 0.31 | 0.31,0,1.02 | 1.67 | 2.07,0,1.93 | 2.39 | 3.92,0.942,0.000,0,1,0,0,0,0,-1,0,0,0,,0,,0,,0,0,0,1
1723836709,387,2,2,8,8,11.107,0,0,0.30 | 0.31 | 0.31,0,1.02 | 1.67 | 2.07,0,1.93 | 2.39 | 3.92,0.942,0.000,0,1,0,0,0,0,-1,0,0,0,,0,,0,,0,0,0,1
1723836709,387,2,2,8,8,11.107,0,0,0.30 | 0.31 | 0.31,0,1.02 | 1.67 | 2.07,0,1.93 | 2.39 | 3.92,0.942,0.000,0,1,0,0,0,0,-1,0,0,0,,0,,0,,0,0,0,1
1723836709,387,2,2,8,8,11.107,0,0,0.30 | 0.31 | 0.31,0,1.02 | 1.67 | 2.07,0,1.93 | 2.39 | 3.92,0.942,0.000,0,1,0,0,0,0,-1,0,0,0,,0,,0,,0,0,0,1
1723836709,387,2,2,8,8,11.107,0,0,0.30 | 0.31 | 0.31,0,1.02 | 1.67 | 2.07,0,1.93 | 2.39 | 3.92,0.942,0.000,0,1,0,0,0,0,-1,0,0,0,,0,,0,,0,0,0,1
1723836709,387,2,2,8,8,11.107,0,0,0.30 | 0.31 | 0.31,0,1.02 | 1.67 | 2.07,0,1.93 | 2.39 | 3.92,0.942,0.000,0,1,0,0,0,0,-1,0,0,0,,0,,0,,0,0,0,1
1723836709,387,2,2,8,8,11.107,0,0,0.30 | 0.31 | 0.31,0,1.02 | 1.67 | 2.07,0,1.93 | 2.39 | 3.92,0.942,0.000,0,1,0,0,0,0,-1,0,0,0,,0,,0,,0,0,0,1
1723836709,387,2,2,8,8,10.31,0,0,0.30 | 0.31 | 0.31,0,1.02 | 1.67 | 2.07,0,1.93 | 2.39 | 3.92,0.942,0.000,0,1,0,0,0,0,-1,0,0,0,,0,,0,,0,0,0,1
1723836710,387,2,2,8,8,10.31,0,0,0.30 | 0.31 | 0.31,0,1.02 | 1.67 | 2.07,0,1.93 | 2.39 | 3.92,0.942,0.000,0,1,0,0,0,0,-1,0,0,0,,0,,0,,0,0,0,1
1723836710,387,2,2,8,8,10.31,0,0,0.30 | 0.31 | 0.31,0,1.02 | 1.67 | 2.07,0,1.93 | 2.39 | 3.92,0.942,0.000,0,1,0,0,0,0,-1,0,0,0,,0,,0,,0,0,0,1
1723836710,387,2,2,8,8,10.31,0,0,0.30 | 0.31 | 0.31,0,1.02 | 1.67 | 2.07,0,1.93 | 2.39 | 3.92,0.942,0.000,0,1,0,0,0,0,-1,0,0,0,,0,,0,,0,0,0,1
1723836710,387,2,2,8,8,10.31,0,0,0.30 | 0.31 | 0.31,0,1.02 | 1.67 | 2.07,0,1.93 | 2.39 | 3.92,0.942,0.000,0,1,0,0,0,0,-1,0,0,0,,0,,0,,0,0,0,1
1723836710,387,2,2,8,8,10.31,0,0,0.30 | 0.31 | 0.31,0,1.02 | 1.67 | 2.07,0,1.93 | 2.39 | 3.92,0.942,0.000,0,1,0,0,0,0,-1,0,0,0,,0,,0,,0,0,0,1
1723836710,387,2,2,8,8,10.31,0,0,0.30 | 0.31 | 0.31,0,1.02 | 1.67 | 2.07,0,1.93 | 2.39 | 3.92,0.942,0.000,0,1,0,0,0,0,-1,0,0,0,,0,,0,,0,0,0,1
1723836710,387,2,2,8,8,10.31,0,0,0.30 | 0.31 | 0.31,0,1.02 | 1.67 | 2.07,0,1.93 | 2.39 | 3.92,0.942,0.000,0,1,0,0,0,0,-1,0,0,0,,0,,0,,0,0,0,1
1723836710,387,2,2,8,8,10.31,0,0,0.30 | 0.31 | 0.31,0,1.02 | 1.67 | 2.07,0,1.93 | 2.39 | 3.92,0.942,0.000,0,1,0,0,0,0,-1,0,0,0,,0,,0,,0,0,0,1
1723836710,387,2,2,8,8,10.31,0,0,0.30 | 0.31 | 0.31,0,1.02 | 1.67 | 2.07,0,1.93 | 2.39 | 3.92,0.942,0.000,0,1,0,0,0,0,-1,0,0,0,,0,,0,,0,0,0,1
1723836710,387,2,2,8,8,9.248,0,0,0.30 | 0.31 | 0.31,0,1.02 | 1.67 | 2.07,0,1.93 | 2.39 | 3.92,0.942,0.000,0,1,0,0,0,0,-1,0,0,0,,0,,0,,0,0,0,1
1723836711,387,2,2,8,8,9.248,0,0,0.30 | 0.31 | 0.31,0,1.02 | 1.67 | 2.07,0,1.93 | 2.39 | 3.92,0.942,0.000,0,1,0,0,0,0,-1,0,0,0,,0,,0,,0,0,0,1
1723836711,387,2,2,8,8,9.248,0,0,0.30 | 0.31 | 0.31,0,1.02 | 1.67 | 2.07,0,1.93 | 2.39 | 3.92,0.942,0.000,0,1,0,0,0,0,-1,0,0,0,,0,,0,,0,0,0,1
1723836711,387,2,2,8,8,9.248,0,0,0.30 | 0.31 | 0.31,0,1.02 | 1.67 | 2.07,0,1.93 | 2.39 | 3.92,0.942,0.000,0,1,0,0,0,0,-1,0,0,0,,0,,0,,0,0,0,1
1723836711,387,2,2,8,8,9.248,0,0,0.30 | 0.31 | 0.31,0,1.02 | 1.67 | 2.07,0,1.93 | 2.39 | 3.92,0.942,0.000,0,1,0,0,0,0,-1,0,0,0,,0,,0,,0,0,0,1
1723836711,387,2,2,8,8,9.248,0,0,0.30 | 0.31 | 0.31,0,1.02 | 1.67 | 2.07,0,1.93 | 2.39 | 3.92,0.942,0.000,0,1,0,0,0,0,-1,0,0,0,,0,,0,,0,0,0,1
1723836711,387,2,2,8,8,9.248,0,0,0.30 | 0.31 | 0.31,0,1.02 | 1.67 | 2.07,0,1.93 | 2.39 | 3.92,0.942,0.000,0,1,0,0,0,0,-1,0,0,0,,0,,0,,0,0,0,1
1723836711,387,2,2,8,8,9.248,0,0,0.30 | 0.31 | 0.31,0,1.02 | 1.67 | 2.07,0,1.93 | 2.39 | 3.92,0.942,0.000,0,1,0,0,0,0,-1,0,0,0,,0,,0,,0,0,0,1
1723836711,387,2,2,8,8,9.248,0,0,0.30 | 0.31 | 0.31,0,1.02 | 1.67 | 2.07,0,1.93 | 2.39 | 3.92,0.942,0.000,0,1,0,0,0,0,-1,0,0,0,,0,,0,,0,0,0,1
1723836711,387,2,2,8,8,9.248,0,0,0.30 | 0.31 | 0.31,0,1.02 | 1.67 | 2.07,0,1.93 | 2.39 | 3.92,0.942,0.000,0,1,0,0,0,0,-1,0,0,0,,0,,0,,0,0,0,1
1723836711,387,2,2,8,8,12.985,0,0,0.30 | 0.31 | 0.31,0,1.02 | 1.69 | 2.15,0,1.86 | 2.36 | 3.92,0.939,0.000,0,1,0,0,0,0,-1,0,0,0,,0,,0,,0,0,0,1
1723836712,387,2,2,8,8,12.985,0,0,0.30 | 0.31 | 0.31,0,1.02 | 1.69 | 2.15,0,1.86 | 2.36 | 3.92,0.939,0.000,0,1,0,0,0,0,-1,0,0,0,,0,,0,,0,0,0,1
1723836712,387,2,2,8,8,12.985,0,0,0.30 | 0.31 | 0.31,0,1.02 | 1.69 | 2.15,0,1.86 | 2.36 | 3.92,0.939,0.000,0,1,0,0,0,0,-1,0,0,0,,0,,0,,0,0,0,1
1723836712,387,2,2,8,8,12.985,0,0,0.30 | 0.31 | 0.31,0,1.02 | 1.69 | 2.15,0,1.86 | 2.36 | 3.92,0.939,0.000,0,1,0,0,0,0,-1,0,0,0,,0,,0,,0,0,0,1
1723836712,387,2,2,8,8,12.985,0,0,0.30 | 0.31 | 0.31,0,1.02 | 1.69 | 2.15,0,1.86 | 2.36 | 3.92,0.939,0.000,0,1,0,0,0,0,-1,0,0,0,,0,,0,,0,0,0,1
1723836712,387,2,2,8,8,12.985,0,0,0.30 | 0.31 | 0.31,0,1.02 | 1.69 | 2.15,0,1.86 | 2.36 | 3.92,0.939,0.000,0,1,0,0,0,0,-1,0,0,0,,0,,0,,0,0,0,1
1723836712,387,2,2,8,8,12.985,0,0,0.30 | 0.31 | 0.31,0,1.02 | 1.69 | 2.15,0,1.86 | 2.36 | 3.92,0.939,0.000,0,1,0,0,0,0,-1,0,0,0,,0,,0,,0,0,0,1
1723836712,387,2,2,8,8,12.985,0,0,0.30 | 0.31 | 0.31,0,1.02 | 1.69 | 2.15,0,1.86 | 2.36 | 3.92,0.939,0.000,0,1,0,0,0,0,-1,0,0,0,,0,,0,,0,0,0,1
1723836712,387,2,2,8,8,12.985,0,0,0.30 | 0.31 | 0.31,0,1.02 | 1.69 | 2.15,0,1.86 | 2.36 | 3.92,0.939,0.000,0,1,0,0,0,0,-1,0,0,0,,0,,0,,0,0,0,1
1723836712,387,2,2,8,8,12.985,0,0,0.30 | 0.31 | 0.31,0,1.02 | 1.69 | 2.15,0,1.86 | 2.36 | 3.92,0.939,0.000,0,1,0,0,0,0,-1,0,0,0,,0,,0,,0,0,0,1
1723836712,387,2,2,8,8,11.923,0,0,0.30 | 0.31 | 0.31,0,1.02 | 1.69 | 2.15,0,1.86 | 2.36 | 3.92,0.939,0.000,0,1,0,0,0,0,-1,0,0,0,,0,,0,,0,0,0,1
1723836713,387,2,2,8,8,11.923,0,0,0.30 | 0.31 | 0.31,0,1.02 | 1.69 | 2.15,0,1.86 | 2.36 | 3.92,0.939,0.000,0,1,0,0,0,0,-1,0,0,0,,0,,0,,0,0,0,1
1723836713,387,2,2,8,8,11.923,0,0,0.30 | 0.31 | 0.31,0,1.02 | 1.69 | 2.15,0,1.86 | 2.36 | 3.92,0.939,0.000,0,1,0,0,0,0,-1,0,0,0,,0,,0,,0,0,0,1
1723836713,387,2,2,8,8,11.923,0,0,0.30 | 0.31 | 0.31,0,1.02 | 1.69 | 2.15,0,1.86 | 2.36 | 3.92,0.939,0.000,0,1,0,0,0,0,-1,0,0,0,,0,,0,,0,0,0,1
1723836713,387,2,2,8,8,11.923,0,0,0.30 | 0.31 | 0.31,0,1.02 | 1.69 | 2.15,0,1.86 | 2.36 | 3.92,0.939,0.000,0,1,0,0,0,0,-1,0,0,0,,0,,0,,0,0,0,1
1723836713,387,2,2,8,8,11.923,0,0,0.30 | 0.31 | 0.31,0,1.02 | 1.69 | 2.15,0,1.86 | 2.36 | 3.92,0.939,0.000,0,1,0,0,0,0,-1,0,0,0,,0,,0,,0,0,0,1
1723836713,387,2,2,8,8,11.923,0,0,0.30 | 0.31 | 0.31,0,1.02 | 1.69 | 2.15,0,1.86 | 2.36 | 3.92,0.939,0.000,0,1,0,0,0,0,-1,0,0,0,,0,,0,,0,0,0,1
1723836713,387,2,2,8,8,11.923,0,0,0.30 | 0.31 | 0.31,0,1.02 | 1.69 | 2.15,0,1.86 | 2.36 | 3.92,0.939,0.000,0,1,0,0,0,0,-1,0,0,0,,0,,0,,0,0,0,1
1723836713,387,2,2,8,8,11.923,0,0,0.30 | 0.31 | 0.31,0,1.02 | 1.69 | 2.15,0,1.86 | 2.36 | 3.92,0.939,0.000,0,1,0,0,0,0,-1,0,0,0,,0,,0,,0,0,0,1
1723836713,387,2,2,8,8,11.923,0,0,0.30 | 0.31 | 0.31,0,1.02 | 1.69 | 2.15,0,1.86 | 2.36 | 3.92,0.939,0.000,0,1,0,0,0,0,-1,0,0,0,,0,,0,,0,0,0,1
1723836713,387,2,2,8,8,10.872,0,0,0.30 | 0.31 | 0.31,0,1.02 | 1.69 | 2.15,0,1.86 | 2.36 | 3.92,0.939,0.000,0,1,0,0,0,0,-1,0,0,0,,0,,0,,0,0,0,1
1723836714,387,2,2,8,8,10.872,0,0,0.30 | 0.31 | 0.31,0,1.02 | 1.69 | 2.15,0,1.86 | 2.36 | 3.92,0.939,0.000,0,1,0,0,0,0,-1,0,0,0,,0,,0,,0,0,0,1
1723836714,387,2,2,8,8,10.872,0,0,0.30 | 0.31 | 0.31,0,1.02 | 1.69 | 2.15,0,1.86 | 2.36 | 3.92,0.939,0.000,0,1,0,0,0,0,-1,0,0,0,,0,,0,,0,0,0,1
1723836714,387,2,2,8,8,10.872,0,0,0.30 | 0.31 | 0.31,0,1.02 | 1.69 | 2.15,0,1.86 | 2.36 | 3.92,0.939,0.000,0,1,0,0,0,0,-1,0,0,0,,0,,0,,0,0,0,1
1723836714,387,2,2,8,8,10.872,0,0,0.30 | 0.31 | 0.31,0,1.02 | 1.69 | 2.15,0,1.86 | 2.36 | 3.92,0.939,0.000,0,1,0,0,0,0,-1,0,0,0,,0,,0,,0,0,0,1
1723836714,387,2,2,8,8,10.872,0,0,0.30 | 0.31 | 0.31,0,1.02 | 1.69 | 2.15,0,1.86 | 2.36 | 3.92,0.939,0.000,0,1,0,0,0,0,-1,0,0,0,,0,,0,,0,0,0,1
1723836714,387,2,2,8,8,10.872,0,0,0.30 | 0.31 | 0.31,0,1.02 | 1.69 | 2.15,0,1.86 | 2.36 | 3.92,0.939,0.000,0,1,0,0,0,0,-1,0,0,0,,0,,0,,0,0,0,1
1723836714,387,2,2,8,8,10.872,0,0,0.30 | 0.31 | 0.31,0,1.02 | 1.69 | 2.15,0,1.86 | 2.36 | 3.92,0.939,0.000,0,1,0,0,0,0,-1,0,0,0,,0,,0,,0,0,0,1
1723836714,387,2,2,8,8,10.872,0,0,0.30 | 0.31 | 0.31,0,1.02 | 1.69 | 2.15,0,1.86 | 2.36 | 3.92,0.939,0.000,0,1,0,0,0,0,-1,0,0,0,,0,,0,,0,0,0,1
1723836714,387,2,2,8,8,10.872,0,0,0.30 | 0.31 | 0.31,0,1.02 | 1.69 | 2.15,0,1.86 | 2.36 | 3.92,0.939,0.000,0,1,0,0,0,0,-1,0,0,0,,0,,0,,0,0,0,1
1723836714,387,2,2,8,8,13.263,0,0,0.30 | 0.31 | 0.31,0,1.37 | 1.78 | 2.15,0,1.86 | 2.25 | 2.92,0.939,0.000,0,1,0,0,0,0,-1,0,0,0,,0,,0,,0,0,0,1
1723836715,387,2,2,8,8,13.263,0,0,0.30 | 0.31 | 0.31,0,1.37 | 1.78 | 2.15,0,1.86 | 2.25 | 2.92,0.939,0.000,0,1,0,0,0,0,-1,0,0,0,,0,,0,,0,0,0,1
1723836715,387,2,2,8,8,13.263,0,0,0.30 | 0.31 | 0.31,0,1.37 | 1.78 | 2.15,0,1.86 | 2.25 | 2.92,0.939,0.000,0,1,0,0,0,0,-1,0,0,0,,0,,0,,0,0,0,1
1723836715,387,2,2,8,8,13.263,0,0,0.30 | 0.31 | 0.31,0,1.37 | 1.78 | 2.15,0,1.86 | 2.25 | 2.92,0.939,0.000,0,1,0,0,0,0,-1,0,0,0,,0,,0,,0,0,0,1
1723836715,387,2,2,8,8,13.263,0,0,0.30 | 0.31 | 0.31,0,1.37 | 1.78 | 2.15,0,1.86 | 2.25 | 2.92,0.939,0.000,0,1,0,0,0,0,-1,0,0,0,,0,,0,,0,0,0,1
1723836715,387,2,2,8,8,13.263,0,0,0.30 | 0.31 | 0.31,0,1.37 | 1.78 | 2.15,0,1.86 | 2.25 | 2.92,0.939,0.000,0,1,0,0,0,0,-1,0,0,0,,0,,0,,0,0,0,1
1723836715,387,2,2,8,8,13.263,0,0,0.30 | 0.31 | 0.31,0,1.37 | 1.78 | 2.15,0,1.86 | 2.25 | 2.92,0.939,0.000,0,1,0,0,0,0,-1,0,0,0,,0,,0,,0,0,0,1
1723836715,387,2,2,8,8,13.263,0,0,0.30 | 0.31 | 0.31,0,1.37 | 1.78 | 2.15,0,1.86 | 2.25 | 2.92,0.939,0.000,0,1,0,0,0,0,-1,0,0,0,,0,,0,,0,0,0,1
1723836715,387,2,2,8,8,13.263,0,0,0.30 | 0.31 | 0.31,0,1.37 | 1.78 | 2.15,0,1.86 | 2.25 | 2.92,0.939,0.000,0,1,0,0,0,0,-1,0,0,0,,0,,0,,0,0,0,1
1723836715,387,2,2,8,8,13.263,0,0,0.30 | 0.31 | 0.31,0,1.37 | 1.78 | 2.15,0,1.86 | 2.25 | 2.92,0.939,0.000,0,1,0,0,0,0,-1,0,0,0,,0,,0,,0,0,0,1
1723836715,387,2,2,8,8,12.201,0,0,0.30 | 0.31 | 0.31,0,1.37 | 1.78 | 2.15,0,1.86 | 2.25 | 2.92,0.939,0.000,0,1,0,0,0,0,-1,0,0,0,,0,,0,,0,0,0,1
1723836716,387,2,2,8,8,12.201,0,0,0.30 | 0.31 | 0.31,0,1.37 | 1.78 | 2.15,0,1.86 | 2.25 | 2.92,0.939,0.000,0,1,0,0,0,0,-1,0,0,0,,0,,0,,0,0,0,1
1723836716,772,2,4,8,8,12.201,0,0,0.30 | 0.31 | 0.31,0,1.37 | 1.78 | 2.15,0,1.86 | 2.25 | 2.92,0.939,0.000,0,1,0,0,0,0,-1,0,0,0,,0,,0,,0,0,0,1
1723836716,772,2,4,8,8,12.201,0,0,0.30 | 0.31 | 0.31,0,1.37 | 1.78 | 2.15,0,1.86 | 2.25 | 2.92,0.939,0.000,0,1,0,0,0,0,-1,0,0,0,,0,,0,,0,0,0,1
1723836716,772,2,4,8,8,12.201,0,0,0.30 | 0.31 | 0.31,0,1.37 | 1.78 | 2.15,0,1.86 | 2.25 | 2.92,0.939,0.000,0,1,0,0,0,0,-1,0,0,0,,0,,0,,0,0,0,1
1723836716,772,2,4,8,8,12.201,0,0,0.30 | 0.31 | 0.31,0,1.37 | 1.78 | 2.15,0,1.86 | 2.25 | 2.92,0.939,0.000,0,1,0,0,0,0,-1,0,0,0,,0,,0,,0,0,0,1
1723836716,772,2,4,8,8,12.201,0,0,0.30 | 0.31 | 0.31,0,1.37 | 1.78 | 2.15,0,1.86 | 2.25 | 2.92,0.939,0.000,0,1,0,0,0,0,-1,0,0,0,,0,,0,,0,0,0,1
1723836716,772,2,4,8,8,12.201,0,0,0.30 | 0.31 | 0.31,0,1.37 | 1.78 | 2.15,0,1.86 | 2.25 | 2.92,0.939,0.000,0,1,0,0,0,0,-1,0,0,0,,0,,0,,0,0,0,1
1723836716,772,2,4,8,8,12.201,0,0,0.30 | 0.31 | 0.31,0,1.37 | 1.78 | 2.15,0,1.86 | 2.25 | 2.92,0.939,0.000,0,1,0,0,0,0,-1,0,0,0,,0,,0,,0,0,0,1
1723836716,772,2,4,8,8,12.201,0,0,0.30 | 0.31 | 0.31,0,1.37 | 1.78 | 2.15,0,1.86 | 2.25 | 2.92,0.939,0.000,0,1,0,0,0,0,-1,0,0,0,,0,,0,,0,0,0,1
1723836716,772,2,4,8,8,11.138,0,0,0.30 | 0.31 | 0.31,0,1.37 | 1.78 | 2.15,0,1.86 | 2.25 | 2.92,0.939,0.000,0,1,0,0,0,0,-1,0,0,0,,0,,0,,0,0,0,1
1723836717,772,2,4,8,8,11.138,0,0,0.30 | 0.31 | 0.31,0,1.37 | 1.78 | 2.15,0,1.86 | 2.25 | 2.92,0.939,0.000,0,1,0,0,0,0,-1,0,0,0,,0,,0,,0,0,0,1
1723836717,772,2,4,8,8,11.138,0,0,0.30 | 0.31 | 0.31,0,1.37 | 1.78 | 2.15,0,1.86 | 2.25 | 2.92,0.939,0.000,0,1,0,0,0,0,-1,0,0,0,,0,,0,,0,0,0,1
1723836717,772,2,4,8,8,11.138,0,0,0.30 | 0.31 | 0.31,0,1.37 | 1.78 | 2.15,0,1.86 | 2.25 | 2.92,0.939,0.000,0,1,0,0,0,0,-1,0,0,0,,0,,0,,0,0,0,1
1723836717,772,2,4,8,8,11.138,0,0,0.30 | 0.31 | 0.31,0,1.37 | 1.78 | 2.15,0,1.86 | 2.25 | 2.92,0.939,0.000,0,1,0,0,0,0,-1,0,0,0,,0,,0,,0,0,0,1
1723836717,772,2,4,8,8,11.138,0,0,0.30 | 0.31 | 0.31,0,1.37 | 1.78 | 2.15,0,1.86 | 2.25 | 2.92,0.939,0.000,0,1,0,0,0,0,-1,0,0,0,,0,,0,,0,0,0,1
1723836717,772,2,4,8,8,11.138,0,0,0.30 | 0.31 | 0.31,0,1.37 | 1.78 | 2.15,0,1.86 | 2.25 | 2.92,0.939,0.000,0,1,0,0,0,0,-1,0,0,0,,0,,0,,0,0,0,1
1723836717,772,2,4,8,8,11.138,0,0,0.30 | 0.31 | 0.31,0,1.37 | 1.78 | 2.15,0,1.86 | 2.25 | 2.92,0.939,0.000,0,1,0,0,0,0,-1,0,0,0,,0,,0,,0,0,0,1
1723836717,772,2,4,8,8,11.138,0,0,0.30 | 0.31 | 0.31,0,1.37 | 1.78 | 2.15,0,1.86 | 2.25 | 2.92,0.939,0.000,0,1,0,0,0,0,-1,0,0,0,,0,,0,,0,0,0,1
1723836717,772,2,4,8,8,11.138,0,0,0.30 | 0.31 | 0.31,0,1.37 | 1.78 | 2.15,0,1.86 | 2.25 | 2.92,0.939,0.000,0,1,0,0,0,0,-1,0,0,0,,0,,0,,0,0,0,1
1723836717,772,2,4,8,8,10.076,0,0,0.30 | 0.31 | 0.31,0,1.37 | 1.78 | 2.15,0,1.86 | 2.25 | 2.92,0.939,0.000,0,1,0,0,0,0,-1,0,0,0,,0,,0,,0,0,0,1
1723836718,772,2,4,8,8,10.076,0,0,0.30 | 0.31 | 0.31,0,1.37 | 1.78 | 2.15,0,1.86 | 2.25 | 2.92,0.939,0.000,0,1,0,0,0,0,-1,0,0,0,,0,,0,,0,0,0,1
1723836718,772,2,4,8,8,10.076,0,0,0.30 | 0.31 | 0.31,0,1.37 | 1.78 | 2.15,0,1.86 | 2.25 | 2.92,0.939,0.000,0,1,0,0,0,0,-1,0,0,0,,0,,0,,0,0,0,1
1723836718,772,2,4,8,8,10.076,0,0,0.30 | 0.31 | 0.31,0,1.37 | 1.78 | 2.15,0,1.86 | 2.25 | 2.92,0.939,0.000,0,1,0,0,0,0,-1,0,0,0,,0,,0,,0,0,0,1
1723836718,772,2,4,8,8,10.076,0,0,0.30 | 0.31 | 0.31,0,1.37 | 1.78 | 2.15,0,1.86 | 2.25 | 2.92,0.939,0.000,0,1,0,0,0,0,-1,0,0,0,,0,,0,,0,0,0,1
1723836718,772,2,4,8,8,10.076,0,0,0.30 | 0.31 | 0.31,0,1.37 | 1.78 | 2.15,0,1.86 | 2.25 | 2.92,0.939,0.000,0,1,0,0,0,0,-1,0,0,0,,0,,0,,0,0,0,1
1723836718,772,2,4,8,8,10.076,0,0,0.30 | 0.31 | 0.31,0,1.37 | 1.78 | 2.15,0,1.86 | 2.25 | 2.92,0.939,0.000,0,1,0,0,0,0,-1,0,0,0,,0,,0,,0,0,0,1
1723836718,772,2,4,8,8,10.076,0,0,0.30 | 0.31 | 0.31,0,1.37 | 1.78 | 2.15,0,1.86 | 2.25 | 2.92,0.939,0.000,0,1,0,0,0,0,-1,0,0,0,,0,,0,,0,0,0,1
1723836718,772,2,4,8,8,10.076,0,0,0.30 | 0.31 | 0.31,0,1.37 | 1.78 | 2.15,0,1.86 | 2.25 | 2.92,0.939,0.000,0,1,0,0,0,0,-1,0,0,0,,0,,0,,0,0,0,1
1723836718,772,2,4,8,8,10.076,0,0,0.30 | 0.31 | 0.31,0,1.37 | 1.78 | 2.15,0,1.86 | 2.25 | 2.92,0.939,0.000,0,1,0,0,0,0,-1,0,0,0,,0,,0,,0,0,0,1
1723836718,772,2,4,8,8,9.279,0,0,0.30 | 0.31 | 0.31,0,1.37 | 1.78 | 2.15,0,1.86 | 2.25 | 2.92,0.939,0.000,0,1,0,0,0,0,-1,0,0,0,,0,,0,,0,0,0,1
1723836719,772,2,4,8,8,9.279,0,0,0.30 | 0.31 | 0.31,0,1.37 | 1.78 | 2.15,0,1.86 | 2.25 | 2.92,0.939,0.000,0,1,0,0,0,0,-1,0,0,0,,0,,0,,0,0,0,1
1723836719,772,2,4,8,8,9.279,0,0,0.30 | 0.31 | 0.31,0,1.37 | 1.78 | 2.15,0,1.86 | 2.25 | 2.92,0.939,0.000,0,1,0,0,0,0,-1,0,0,0,,0,,0,,0,0,0,1
1723836719,772,2,4,8,8,9.279,0,0,0.30 | 0.31 | 0.31,0,1.37 | 1.78 | 2.15,0,1.86 | 2.25 | 2.92,0.939,0.000,0,1,0,0,0,0,-1,0,0,0,,0,,0,,0,0,0,1
1723836719,772,2,4,8,8,9.279,0,0,0.30 | 0.31 | 0.31,0,1.37 | 1.78 | 2.15,0,1.86 | 2.25 | 2.92,0.939,0.000,0,1,0,0,0,0,-1,0,0,0,,0,,0,,0,0,0,1
1723836719,772,2,4,8,8,9.279,0,0,0.30 | 0.31 | 0.31,0,1.37 | 1.78 | 2.15,0,1.86 | 2.25 | 2.92,0.939,0.000,0,1,0,0,0,0,-1,0,0,0,,0,,0,,0,0,0,1
1723836719,772,2,4,8,8,9.279,0,0,0.30 | 0.31 | 0.31,0,1.37 | 1.78 | 2.15,0,1.86 | 2.25 | 2.92,0.939,0.000,0,1,0,0,0,0,-1,0,0,0,,0,,0,,0,0,0,1
1723836719,772,2,4,8,8,9.279,0,0,0.30 | 0.31 | 0.31,0,1.37 | 1.78 | 2.15,0,1.86 | 2.25 | 2.92,0.939,0.000,0,1,0,0,0,0,-1,0,0,0,,0,,0,,0,0,0,1
1723836719,772,2,4,8,8,9.279,0,0,0.30 | 0.31 | 0.31,0,1.37 | 1.78 | 2.15,0,1.86 | 2.25 | 2.92,0.939,0.000,0,1,0,0,0,0,-1,0,0,0,,0,,0,,0,0,0,1
1723836719,772,2,4,8,8,9.279,0,0,0.30 | 0.31 | 0.31,0,1.37 | 1.78 | 2.15,0,1.86 | 2.25 | 2.92,0.939,0.000,0,1,0,0,0,0,-1,0,0,0,,0,,0,,0,0,0,1
1723836719,772,2,4,8,8,8.216,0,0,0.30 | 0.31 | 0.31,0,1.37 | 1.78 | 2.15,0,1.86 | 2.25 | 2.92,0.939,0.000,0,1,0,0,0,0,-1,0,0,0,,0,,0,,0,0,0,1
1723836720,772,2,4,8,8,8.216,0,0,0.30 | 0.31 | 0.31,0,1.37 | 1.78 | 2.15,0,1.86 | 2.25 | 2.92,0.939,0.000,0,1,0,0,0,0,-1,0,0,0,,0,,0,,0,0,0,1
1723836720,772,2,4,8,8,8.216,0,0,0.30 | 0.31 | 0.31,0,1.37 | 1.78 | 2.15,0,1.86 | 2.25 | 2.92,0.939,0.000,0,1,0,0,0,0,-1,0,0,0,,0,,0,,0,0,0,1
1723836720,772,2,4,8,8,8.216,0,0,0.30 | 0.31 | 0.31,0,1.37 | 1.78 | 2.15,0,1.86 | 2.25 | 2.92,0.939,0.000,0,1,0,0,0,0,-1,0,0,0,,0,,0,,0,0,0,1
1723836720,772,2,4,8,8,8.216,0,0,0.30 | 0.31 | 0.31,0,1.37 | 1.78 | 2.15,0,1.86 | 2.25 | 2.92,0.939,0.000,0,1,0,0,0,0,-1,0,0,0,,0,,0,,0,0,0,1
1723836720,772,2,4,8,8,8.216,0,0,0.30 | 0.31 | 0.31,0,1.37 | 1.78 | 2.15,0,1.86 | 2.25 | 2.92,0.939,0.000,0,1,0,0,0,0,-1,0,0,0,,0,,0,,0,0,0,1
1723836720,772,2,4,8,8,8.216,0,0,0.30 | 0.31 | 0.31,0,1.37 | 1.78 | 2.15,0,1.86 | 2.25 | 2.92,0.939,0.000,0,1,0,0,0,0,-1,0,0,0,,0,,0,,0,0,0,1
1723836720,772,2,4,8,8,8.216,0,0,0.30 | 0.31 | 0.31,0,1.37 | 1.78 | 2.15,0,1.86 | 2.25 | 2.92,0.939,0.000,0,1,0,0,0,0,-1,0,0,0,,0,,0,,0,0,0,1
1723836720,772,2,4,8,8,8.216,0,0,0.30 | 0.31 | 0.31,0,1.37 | 1.78 | 2.15,0,1.86 | 2.25 | 2.92,0.939,0.000,0,1,0,0,0,0,-1,0,0,0,,0,,0,,0,0,0,1
1723836720,772,4,4,8,8,8.216,0,0,0.30 | 0.31 | 0.31,0,1.37 | 1.78 | 2.15,0,1.86 | 2.25 | 2.92,0.939,0.000,0,1,0,0,0,0,-1,0,0,0,,0,,0,,0,0,0,1
1723836720,772,4,4,8,8,7.154,0,0,0.30 | 0.31 | 0.31,0,1.37 | 2.30 | 3.99,0,1.00 | 1.74 | 2.92,0.937,0.000,0,1,0,0,0,0,-1,0,0,0,,0,,0,,0,0,0,1
1723836721,772,4,4,8,8,7.154,0,0,0.30 | 0.31 | 0.31,0,1.37 | 2.30 | 3.99,0,1.00 | 1.74 | 2.92,0.937,0.000,0,1,0,0,0,0,-1,0,0,0,,0,,0,,0,0,0,1
1723836721,772,4,4,8,8,7.154,0,0,0.30 | 0.31 | 0.31,0,1.37 | 2.30 | 3.99,0,1.00 | 1.74 | 2.92,0.937,0.000,0,1,0,0,0,0,-1,0,0,0,,0,,0,,0,0,0,1
1723836721,772,4,4,8,8,7.154,0,0,0.30 | 0.31 | 0.31,0,1.37 | 2.30 | 3.99,0,1.00 | 1.74 | 2.92,0.937,0.000,0,1,0,0,0,0,-1,0,0,0,,0,,0,,0,0,0,1
1723836721,772,4,4,8,8,7.154,0,0,0.30 | 0.31 | 0.31,0,1.37 | 2.30 | 3.99,0,1.00 | 1.74 | 2.92,0.937,0.000,0,1,0,0,0,0,-1,0,0,0,,0,,0,,0,0,0,1
1723836721,772,4,4,8,8,7.154,0,0,0.30 | 0.31 | 0.31,0,1.37 | 2.30 | 3.99,0,1.00 | 1.74 | 2.92,0.937,0.000,0,1,0,0,0,0,-1,0,0,0,,0,,0,,0,0,0,1
1723836721,772,4,4,8,8,7.154,0,0,0.30 | 0.31 | 0.31,0,1.37 | 2.30 | 3.99,0,1.00 | 1.74 | 2.92,0.937,0.000,0,1,0,0,0,0,-1,0,0,0,,0,,0,,0,0,0,1
1723836721,772,4,4,8,8,7.154,0,0,0.30 | 0.31 | 0.31,0,1.37 | 2.30 | 3.99,0,1.00 | 1.74 | 2.92,0.937,0.000,0,1,0,0,0,0,-1,0,0,0,,0,,0,,0,0,0,1
1723836721,772,4,4,8,8,7.154,0,0,0.30 | 0.31 | 0.31,0,1.37 | 2.30 | 3.99,0,1.00 | 1.74 | 2.92,0.937,0.000,0,1,0,0,0,0,-1,0,0,0,,0,,0,,0,0,0,1
1723836721,772,4,4,8,8,7.154,0,0,0.30 | 0.31 | 0.31,0,1.37 | 2.30 | 3.99,0,1.00 | 1.74 | 2.92,0.937,0.000,0,1,0,0,0,0,-1,0,0,0,,0,,0,,0,0,0,1
1723836721,772,4,4,8,8,6.091,0,0,0.30 | 0.31 | 0.31,0,1.37 | 2.30 | 3.99,0,1.00 | 1.74 | 2.92,0.937,0.000,0,1,0,0,0,0,-1,0,0,0,,0,,0,,0,0,0,1
1723836722,772,4,4,8,8,6.091,0,0,0.30 | 0.31 | 0.31,0,1.37 | 2.30 | 3.99,0,1.00 | 1.74 | 2.92,0.937,0.000,0,1,0,0,0,0,-1,0,0,0,,0,,0,,0,0,0,1
1723836722,772,4,4,8,8,6.091,0,0,0.30 | 0.31 | 0.31,0,1.37 | 2.30 | 3.99,0,1.00 | 1.74 | 2.92,0.937,0.000,0,1,0,0,0,0,-1,0,0,0,,0,,0,,0,0,0,1
1723836722,772,4,4,8,8,6.091,0,0,0.30 | 0.31 | 0.31,0,1.37 | 2.30 | 3.99,0,1.00 | 1.74 | 2.92,0.937,0.000,0,1,0,0,0,0,-1,0,0,0,,0,,0,,0,0,0,1
1723836722,772,4,4,8,8,6.091,0,0,0.30 | 0.31 | 0.31,0,1.37 | 2.30 | 3.99,0,1.00 | 1.74 | 2.92,0.937,0.000,0,1,0,0,0,0,-1,0,0,0,,0,,0,,0,0,0,1
1723836722,772,4,4,8,8,6.091,0,0,0.30 | 0.31 | 0.31,0,1.37 | 2.30 | 3.99,0,1.00 | 1.74 | 2.92,0.937,0.000,0,1,0,0,0,0,-1,0,0,0,,0,,0,,0,0,0,1
1723836722,772,4,4,8,8,6.091,0,0,0.30 | 0.31 | 0.31,0,1.37 | 2.30 | 3.99,0,1.00 | 1.74 | 2.92,0.937,0.000,0,1,0,0,0,0,-1,0,0,0,,0,,0,,0,0,0,1
1723836722,772,4,4,8,8,6.091,0,0,0.30 | 0.31 | 0.31,0,1.37 | 2.30 | 3.99,0,1.00 | 1.74 | 2.92,0.937,0.000,0,1,0,0,0,0,-1,0,0,0,,0,,0,,0,0,0,1
1723836722,772,4,4,8,8,6.091,0,0,0.30 | 0.31 | 0.31,0,1.37 | 2.30 | 3.99,0,1.00 | 1.74 | 2.92,0.937,0.000,0,1,0,0,0,0,-1,0,0,0,,0,,0,,0,0,0,1
1723836722,772,4,4,8,8,6.091,0,0,0.30 | 0.31 | 0.31,0,1.37 | 2.30 | 3.99,0,1.00 | 1.74 | 2.92,0.937,0.000,0,1,0,0,0,0,-1,0,0,0,,0,,0,,0,0,0,1
1723836722,772,4,4,8,8,5.294,0,0,0.30 | 0.31 | 0.31,0,1.37 | 2.30 | 3.99,0,1.00 | 1.74 | 2.92,0.937,0.000,0,1,0,0,0,0,-1,0,0,0,,0,,0,,0,0,0,1
1723836723,772,4,4,8,8,5.294,0,0,0.30 | 0.31 | 0.31,0,1.37 | 2.30 | 3.99,0,1.00 | 1.74 | 2.92,0.937,0.000,0,1,0,0,0,0,-1,0,0,0,,0,,0,,0,0,0,1
1723836723,772,4,4,8,8,5.294,0,0,0.30 | 0.31 | 0.31,0,1.37 | 2.30 | 3.99,0,1.00 | 1.74 | 2.92,0.937,0.000,0,1,0,0,0,0,-1,0,0,0,,0,,0,,0,0,0,1
1723836723,772,4,4,8,8,5.294,0,0,0.30 | 0.31 | 0.31,0,1.37 | 2.30 | 3.99,0,1.00 | 1.74 | 2.92,0.937,0.000,0,1,0,0,0,0,-1,0,0,0,,0,,0,,0,0,0,1
1723836723,772,4,4,8,8,5.294,0,0,0.30 | 0.31 | 0.31,0,1.37 | 2.30 | 3.99,0,1.00 | 1.74 | 2.92,0.937,0.000,0,1,0,0,0,0,-1,0,0,0,,0,,0,,0,0,0,1
1723836723,772,4,4,8,8,5.294,0,0,0.30 | 0.31 | 0.31,0,1.37 | 2.30 | 3.99,0,1.00 | 1.74 | 2.92,0.937,0.000,0,1,0,0,0,0,-1,0,0,0,,0,,0,,0,0,0,1
1723836723,772,4,4,8,8,5.294,0,0,0.30 | 0.31 | 0.31,0,1.37 | 2.30 | 3.99,0,1.00 | 1.74 | 2.92,0.937,0.000,0,1,0,0,0,0,-1,0,0,0,,0,,0,,0,0,0,1
1723836723,772,4,4,8,8,5.294,0,0,0.30 | 0.31 | 0.31,0,1.37 | 2.30 | 3.99,0,1.00 | 1.74 | 2.92,0.937,0.000,0,1,0,0,0,0,-1,0,0,0,,0,,0,,0,0,0,1
1723836723,772,4,4,8,8,5.294,0,0,0.30 | 0.31 | 0.31,0,1.37 | 2.30 | 3.99,0,1.00 | 1.74 | 2.92,0.937,0.000,0,1,0,0,0,0,-1,0,0,0,,0,,0,,0,0,0,1
1723836723,387,4,2,8,8,5.294,0,0,0.30 | 0.31 | 0.31,0,1.37 | 2.30 | 3.99,0,1.00 | 1.74 | 2.92,0.937,0.000,0,1,0,0,0,0,-1,0,0,0,,0,,0,,0,0,0,1
1723836723,387,4,2,8,8,4.073,0,0,0.31 | 0.31 | 0.31,0,1.37 | 2.56 | 3.99,0,1.00 | 1.56 | 2.92,0.936,0.000,0,1,0,0,0,0,-1,0,0,0,,0,,0,,0,0,0,1
1723836724,387,4,2,8,8,4.073,0,0,0.31 | 0.31 | 0.31,0,1.37 | 2.56 | 3.99,0,1.00 | 1.56 | 2.92,0.936,0.000,0,1,0,0,0,0,-1,0,0,0,,0,,0,,0,0,0,1
1723836724,387,4,2,8,8,4.073,0,0,0.31 | 0.31 | 0.31,0,1.37 | 2.56 | 3.99,0,1.00 | 1.56 | 2.92,0.936,0.000,0,1,0,0,0,0,-1,0,0,0,,0,,0,,0,0,0,1
1723836724,387,4,2,8,8,4.073,0,0,0.31 | 0.31 | 0.31,0,1.37 | 2.56 | 3.99,0,1.00 | 1.56 | 2.92,0.936,0.000,0,1,0,0,0,0,-1,0,0,0,,0,,0,,0,0,0,1
1723836724,387,4,2,8,8,4.073,0,0,0.31 | 0.31 | 0.31,0,1.37 | 2.56 | 3.99,0,1.00 | 1.56 | 2.92,0.936,0.000,0,1,0,0,0,0,-1,0,0,0,,0,,0,,0,0,0,1
1723836724,387,4,2,8,8,4.073,0,0,0.31 | 0.31 | 0.31,0,1.37 | 2.56 | 3.99,0,1.00 | 1.56 | 2.92,0.936,0.000,0,1,0,0,0,0,-1,0,0,0,,0,,0,,0,0,0,1
1723836724,387,4,2,8,8,4.073,0,0,0.31 | 0.31 | 0.31,0,1.37 | 2.56 | 3.99,0,1.00 | 1.56 | 2.92,0.936,0.000,0,1,0,0,0,0,-1,0,0,0,,0,,0,,0,0,0,1
1723836724,387,4,2,8,8,4.073,0,0,0.31 | 0.31 | 0.31,0,1.37 | 2.56 | 3.99,0,1.00 | 1.56 | 2.92,0.936,0.000,0,1,0,0,0,0,-1,0,0,0,,0,,0,,0,0,0,1
1723836724,387,4,2,8,8,4.073,0,0,0.31 | 0.31 | 0.31,0,1.37 | 2.56 | 3.99,0,1.00 | 1.56 | 2.92,0.936,0.000,0,1,0,0,0,0,-1,0,0,0,,0,,0,,0,0,0,1
1723836724,387,4,2,8,8,4.073,0,0,0.31 | 0.31 | 0.31,0,1.37 | 2.56 | 3.99,0,1.00 | 1.56 | 2.92,0.936,0.000,0,1,0,0,0,0,-1,0,0,0,,0,,0,,0,0,0,1
1723836724,387,4,2,8,8,3.17,0,0,0.31 | 0.31 | 0.31,0,1.37 | 2.56 | 3.99,0,1.00 | 1.56 | 2.92,0.936,0.000,0,1,0,0,0,0,-1,0,0,0,,0,,0,,0,0,0,1
1723836725,387,4,2,8,8,3.17,0,0,0.31 | 0.31 | 0.31,0,1.37 | 2.56 | 3.99,0,1.00 | 1.56 | 2.92,0.936,0.000,0,1,0,0,0,0,-1,0,0,0,,0,,0,,0,0,0,1
1723836725,387,4,2,8,8,3.17,0,0,0.31 | 0.31 | 0.31,0,1.37 | 2.56 | 3.99,0,1.00 | 1.56 | 2.92,0.936,0.000,0,1,0,0,0,0,-1,0,0,0,,0,,0,,0,0,0,1
1723836725,387,4,2,8,8,3.17,0,0,0.31 | 0.31 | 0.31,0,1.37 | 2.56 | 3.99,0,1.00 | 1.56 | 2.92,0.936,0.000,0,1,0,0,0,0,-1,0,0,0,,0,,0,,0,0,0,1
1723836725,387,4,2,8,8,3.17,0,0,0.31 | 0.31 | 0.31,0,1.37 | 2.56 | 3.99,0,1.00 | 1.56 | 2.92,0.936,0.000,0,1,0,0,0,0,-1,0,0,0,,0,,0,,0,0,0,1
1723836725,387,4,2,8,8,3.17,0,0,0.31 | 0.31 | 0.31,0,1.37 | 2.56 | 3.99,0,1.00 | 1.56 | 2.92,0.936,0.000,0,1,0,0,0,0,-1,0,0,0,,0,,0,,0,0,0,1
1723836725,387,4,2,8,8,3.17,0,0,0.31 | 0.31 | 0.31,0,1.37 | 2.56 | 3.99,0,1.00 | 1.56 | 2.92,0.936,0.000,0,1,0,0,0,0,-1,0,0,0,,0,,0,,0,0,0,1
1723836725,387,4,2,8,8,3.17,0,0,0.31 | 0.31 | 0.31,0,1.37 | 2.56 | 3.99,0,1.00 | 1.56 | 2.92,0.936,0.000,0,1,0,0,0,0,-1,0,0,0,,0,,0,,0,0,0,1
1723836725,387,4,2,8,8,3.17,0,0,0.31 | 0.31 | 0.31,0,1.37 | 2.56 | 3.99,0,1.00 | 1.56 | 2.92,0.936,0.000,0,1,0,0,0,0,-1,0,0,0,,0,,0,,0,0,0,1
1723836725,387,4,2,8,8,3.17,0,0,0.31 | 0.31 | 0.31,0,1.37 | 2.56 | 3.99,0,1.00 | 1.56 | 2.92,0.936,0.000,0,1,0,0,0,0,-1,0,0,0,,0,,0,,0,0,0,1
1723836725,387,4,2,8,8,2.107,0,0,0.31 | 0.31 | 0.31,0,1.37 | 2.56 | 3.99,0,1.00 | 1.56 | 2.92,0.936,0.000,0,1,0,0,0,0,-1,0,0,0,,0,,0,,0,0,0,1
1723836726,387,4,2,8,8,2.107,0,0,0.31 | 0.31 | 0.31,0,1.37 | 2.56 | 3.99,0,1.00 | 1.56 | 2.92,0.936,0.000,0,1,0,0,0,0,-1,0,0,0,,0,,0,,0,0,0,1
1723836726,387,4,2,8,8,2.107,0,0,0.31 | 0.31 | 0.31,0,1.37 | 2.56 | 3.99,0,1.00 | 1.56 | 2.92,0.936,0.000,0,1,0,0,0,0,-1,0,0,0,,0,,0,,0,0,0,1
1723836726,387,4,2,8,8,2.107,0,0,0.31 | 0.31 | 0.31,0,1.37 | 2.56 | 3.99,0,1.00 | 1.56 | 2.92,0.936,0.000,0,1,0,0,0,0,-1,0,0,0,,0,,0,,0,0,0,1
1723836726,387,4,2,8,8,2.107,0,0,0.31 | 0.31 | 0.31,0,1.37 | 2.56 | 3.99,0,1.00 | 1.56 | 2.92,0.936,0.000,0,1,0,0,0,0,-1,0,0,0,,0,,0,,0,0,0,1
1723836726,387,4,2,8,8,2.107,0,0,0.31 | 0.31 | 0.31,0,1.37 | 2.56 | 3.99,0,1.00 | 1.56 | 2.92,0.936,0.000,0,1,0,0,0,0,-1,0,0,0,,0,,0,,0,0,0,1
1723836726,387,4,2,8,8,2.107,0,0,0.31 | 0.31 | 0.31,0,1.37 | 2.56 | 3.99,0,1.00 | 1.56 | 2.92,0.936,0.000,0,1,0,0,0,0,-1,0,0,0,,0,,0,,0,0,0,1
1723836726,580,4,3,8,8,2.107,0,0,0.31 | 0.31 | 0.31,0,1.37 | 2.56 | 3.99,0,1.00 | 1.56 | 2.92,0.936,0.000,0,1,0,0,0,0,-1,0,0,0,,0,,0,,0,0,0,1
1723836726,580,4,3,8,8,2.107,0,0,0.31 | 0.31 | 0.31,0,1.37 | 2.56 | 3.99,0,1.00 | 1.56 | 2.92,0.936,0.000,0,1,0,0,0,0,-1,0,0,0,,0,,0,,0,0,0,1
1723836726,580,4,3,8,8,2.107,0,0,0.31 | 0.31 | 0.31,0,1.37 | 2.56 | 3.99,0,1.00 | 1.56 | 2.92,0.936,0.000,0,1,0,0,0,0,-1,0,0,0,,0,,0,,0,0,0,1
1723836726,580,4,3,8,8,6.11,0,0,0.31 | 0.31 | 0.31,0,1.37 | 2.57 | 3.99,0,1.00 | 1.56 | 2.92,0.938,0.000,0,1,0,0,0,0,-1,0,0,0,,0,,0,,0,0,0,1
1723836727,580,4,3,8,8,6.11,0,0,0.31 | 0.31 | 0.31,0,1.37 | 2.57 | 3.99,0,1.00 | 1.56 | 2.92,0.938,0.000,0,1,0,0,0,0,-1,0,0,0,,0,,0,,0,0,0,1
1723836727,580,4,3,8,8,6.11,0,0,0.31 | 0.31 | 0.31,0,1.37 | 2.57 | 3.99,0,1.00 | 1.56 | 2.92,0.938,0.000,0,1,0,0,0,0,-1,0,0,0,,0,,0,,0,0,0,1
1723836727,580,4,3,8,8,6.11,0,0,0.31 | 0.31 | 0.31,0,1.37 | 2.57 | 3.99,0,1.00 | 1.56 | 2.92,0.938,0.000,0,1,0,0,0,0,-1,0,0,0,,0,,0,,0,0,0,1
1723836727,580,4,3,8,8,6.11,0,0,0.31 | 0.31 | 0.31,0,1.37 | 2.57 | 3.99,0,1.00 | 1.56 | 2.92,0.938,0.000,0,1,0,0,0,0,-1,0,0,0,,0,,0,,0,0,0,1
1723836727,580,4,3,8,8,6.11,0,0,0.31 | 0.31 | 0.31,0,1.37 | 2.57 | 3.99,0,1.00 | 1.56 | 2.92,0.938,0.000,0,1,0,0,0,0,-1,0,0,0,,0,,0,,0,0,0,1
1723836727,580,4,3,8,8,6.11,0,0,0.31 | 0.31 | 0.31,0,1.37 | 2.57 | 3.99,0,1.00 | 1.56 | 2.92,0.938,0.000,0,1,0,0,0,0,-1,0,0,0,,0,,0,,0,0,0,1
1723836727,580,4,3,8,8,6.11,0,0,0.31 | 0.31 | 0.31,0,1.37 | 2.57 | 3.99,0,1.00 | 1.56 | 2.92,0.938,0.000,0,1,0,0,0,0,-1,0,0,0,,0,,0,,0,0,0,1
1723836727,580,4,3,8,8,6.11,0,0,0.31 | 0.31 | 0.31,0,1.37 | 2.57 | 3.99,0,1.00 | 1.56 | 2.92,0.938,0.000,0,1,0,0,0,0,-1,0,0,0,,0,,0,,0,0,0,1
1723836727,580,4,3,8,8,6.11,0,0,0.31 | 0.31 | 0.31,0,1.37 | 2.57 | 3.99,0,1.00 | 1.56 | 2.92,0.938,0.000,0,1,0,0,0,0,-1,0,0,0,,0,,0,,0,0,0,1
1723836727,580,4,3,8,8,5.048,0,0,0.31 | 0.31 | 0.31,0,1.37 | 2.57 | 3.99,0,1.00 | 1.56 | 2.92,0.938,0.000,0,1,0,0,0,0,-1,0,0,0,,0,,0,,0,0,0,1
1723836728,580,2,3,8,8,5.048,0,0,0.31 | 0.31 | 0.31,0,1.37 | 2.57 | 3.99,0,1.00 | 1.56 | 2.92,0.938,0.000,0,1,0,0,0,0,-1,0,0,0,,0,,0,,0,0,0,1
1723836728,580,2,3,8,8,5.048,0,0,0.31 | 0.31 | 0.31,0,1.37 | 2.57 | 3.99,0,1.00 | 1.56 | 2.92,0.938,0.000,0,1,0,0,0,0,-1,0,0,0,,0,,0,,0,0,0,1
1723836728,580,2,3,8,8,5.048,0,0,0.31 | 0.31 | 0.31,0,1.37 | 2.57 | 3.99,0,1.00 | 1.56 | 2.92,0.938,0.000,0,1,0,0,0,0,-1,0,0,0,,0,,0,,0,0,0,1
1723836728,580,2,3,8,8,5.048,0,0,0.31 | 0.31 | 0.31,0,1.37 | 2.57 | 3.99,0,1.00 | 1.56 | 2.92,0.938,0.000,0,1,0,0,0,0,-1,0,0,0,,0,,0,,0,0,0,1
1723836728,580,2,3,8,8,5.048,0,0,0.31 | 0.31 | 0.31,0,1.37 | 2.57 | 3.99,0,1.00 | 1.56 | 2.92,0.938,0.000,0,1,0,0,0,0,-1,0,0,0,,0,,0,,0,0,0,1
1723836728,580,2,3,8,8,5.048,0,0,0.31 | 0.31 | 0.31,0,1.37 | 2.57 | 3.99,0,1.00 | 1.56 | 2.92,0.938,0.000,0,1,0,0,0,0,-1,0,0,0,,0,,0,,0,0,0,1
1723836728,580,2,3,8,8,5.048,0,0,0.31 | 0.31 | 0.31,0,1.37 | 2.57 | 3.99,0,1.00 | 1.56 | 2.92,0.938,0.000,0,1,0,0,0,0,-1,0,0,0,,0,,0,,0,0,0,1
1723836728,580,2,3,8,8,5.048,0,0,0.31 | 0.31 | 0.31,0,1.37 | 2.57 | 3.99,0,1.00 | 1.56 | 2.92,0.938,0.000,0,1,0,0,0,0,-1,0,0,0,,0,,0,,0,0,0,1
1723836728,580,2,3,8,8,5.048,0,0,0.31 | 0.31 | 0.31,0,1.37 | 2.57 | 3.99,0,1.00 | 1.56 | 2.92,0.938,0.000,0,1,0,0,0,0,-1,0,0,0,,0,,0,,0,0,0,1
1723836728,580,2,3,8,8,3.985,0,0,0.31 | 0.31 | 0.31,0,1.37 | 2.57 | 3.99,0,1.00 | 1.56 | 2.92,0.938,0.000,0,1,0,0,0,0,-1,0,0,0,,0,,0,,0,0,0,1
1723836729,580,2,3,8,8,3.985,0,0,0.31 | 0.31 | 0.31,0,1.37 | 2.57 | 3.99,0,1.00 | 1.56 | 2.92,0.938,0.000,0,1,0,0,0,0,-1,0,0,0,,0,,0,,0,0,0,1
1723836729,580,2,3,8,8,3.985,0,0,0.31 | 0.31 | 0.31,0,1.37 | 2.57 | 3.99,0,1.00 | 1.56 | 2.92,0.938,0.000,0,1,0,0,0,0,-1,0,0,0,,0,,0,,0,0,0,1
1723836729,580,2,3,8,8,3.985,0,0,0.31 | 0.31 | 0.31,0,1.37 | 2.57 | 3.99,0,1.00 | 1.56 | 2.92,0.938,0.000,0,1,0,0,0,0,-1,0,0,0,,0,,0,,0,0,0,1
1723836729,580,2,3,8,8,3.985,0,0,0.31 | 0.31 | 0.31,0,1.37 | 2.57 | 3.99,0,1.00 | 1.56 | 2.92,0.938,0.000,0,1,0,0,0,0,-1,0,0,0,,0,,0,,0,0,0,1
1723836729,580,2,3,8,8,3.985,0,0,0.31 | 0.31 | 0.31,0,1.37 | 2.57 | 3.99,0,1.00 | 1.56 | 2.92,0.938,0.000,0,1,0,0,0,0,-1,0,0,0,,0,,0,,0,0,0,1
1723836729,580,2,3,8,8,3.985,0,0,0.31 | 0.31 | 0.31,0,1.37 | 2.57 | 3.99,0,1.00 | 1.56 | 2.92,0.938,0.000,0,1,0,0,0,0,-1,0,0,0,,0,,0,,0,0,0,1
1723836729,580,2,3,8,8,3.985,0,0,0.31 | 0.31 | 0.31,0,1.37 | 2.57 | 3.99,0,1.00 | 1.56 | 2.92,0.938,0.000,0,1,0,0,0,0,-1,0,0,0,,0,,0,,0,0,0,1
1723836729,580,2,3,8,8,3.985,0,0,0.31 | 0.31 | 0.31,0,1.37 | 2.57 | 3.99,0,1.00 | 1.56 | 2.92,0.938,0.000,0,1,0,0,0,0,-1,0,0,0,,0,,0,,0,0,0,1
1723836729,580,2,3,8,8,3.985,0,0,0.31 | 0.31 | 0.31,0,1.37 | 2.57 | 3.99,0,1.00 | 1.56 | 2.92,0.938,0.000,0,1,0,0,0,0,-1,0,0,0,,0,,0,,0,0,0,1
1723836729,580,2,3,8,8,2.923,0,0,0.31 | 0.31 | 0.31,0,1.37 | 2.57 | 3.99,0,1.00 | 1.56 | 2.92,0.938,0.000,0,1,0,0,0,0,-1,0,0,0,,0,,0,,0,0,0,1
1723836730,580,2,3,8,8,2.923,0,0,0.31 | 0.31 | 0.31,0,1.37 | 2.57 | 3.99,0,1.00 | 1.56 | 2.92,0.938,0.000,0,1,0,0,0,0,-1,0,0,0,,0,,0,,0,0,0,1
1723836730,580,2,3,8,8,2.923,0,0,0.31 | 0.31 | 0.31,0,1.37 | 2.57 | 3.99,0,1.00 | 1.56 | 2.92,0.938,0.000,0,1,0,0,0,0,-1,0,0,0,,0,,0,,0,0,0,1
1723836730,580,2,3,8,8,2.923,0,0,0.31 | 0.31 | 0.31,0,1.37 | 2.57 | 3.99,0,1.00 | 1.56 | 2.92,0.938,0.000,0,1,0,0,0,0,-1,0,0,0,,0,,0,,0,0,0,1
1723836730,580,2,3,8,8,2.923,0,0,0.31 | 0.31 | 0.31,0,1.37 | 2.57 | 3.99,0,1.00 | 1.56 | 2.92,0.938,0.000,0,1,0,0,0,0,-1,0,0,0,,0,,0,,0,0,0,1
1723836730,580,2,3,8,8,2.923,0,0,0.31 | 0.31 | 0.31,0,1.37 | 2.57 | 3.99,0,1.00 | 1.56 | 2.92,0.938,0.000,0,1,0,0,0,0,-1,0,0,0,,0,,0,,0,0,0,1
1723836730,580,2,3,8,8,2.923,0,0,0.31 | 0.31 | 0.31,0,1.37 | 2.57 | 3.99,0,1.00 | 1.56 | 2.92,0.938,0.000,0,1,0,0,0,0,-1,0,0,0,,0,,0,,0,0,0,1
1723836730,580,2,3,8,8,2.923,0,0,0.31 | 0.31 | 0.31,0,1.37 | 2.57 | 3.99,0,1.00 | 1.56 | 2.92,0.938,0.000,0,1,0,0,0,0,-1,0,0,0,,0,,0,,0,0,0,1
1723836730,580,2,3,8,8,2.923,0,0,0.31 | 0.31 | 0.31,0,1.37 | 2.57 | 3.99,0,1.00 | 1.56 | 2.92,0.938,0.000,0,1,0,0,0,0,-1,0,0,0,,0,,0,,0,0,0,1
1723836730,580,2,3,8,8,2.923,0,0,0.31 | 0.31 | 0.31,0,1.37 | 2.57 | 3.99,0,1.00 | 1.56 | 2.92,0.938,0.000,0,1,0,0,0,0,-1,0,0,0,,0,,0,,0,0,0,1
1723836730,580,2,3,8,8,5.326,0,0,0.31 | 0.31 | 0.31,0,2.15 | 2.94 | 3.99,0,1.00 | 1.36 | 1.86,0.870,0.000,0,1,0,0,0,0,-1,0,0,0,,0,,0,,0,0,0,1
1723836731,580,2,3,8,8,5.326,0,0,0.31 | 0.31 | 0.31,0,2.15 | 2.94 | 3.99,0,1.00 | 1.36 | 1.86,0.870,0.000,0,1,0,0,0,0,-1,0,0,0,,0,,0,,0,0,0,1
1723836731,580,2,3,8,8,5.326,0,0,0.31 | 0.31 | 0.31,0,2.15 | 2.94 | 3.99,0,1.00 | 1.36 | 1.86,0.870,0.000,0,1,0,0,0,0,-1,0,0,0,,0,,0,,0,0,0,1
1723836731,580,2,3,8,8,5.326,0,0,0.31 | 0.31 | 0.31,0,2.15 | 2.94 | 3.99,0,1.00 | 1.36 | 1.86,0.870,0.000,0,1,0,0,0,0,-1,0,0,0,,0,,0,,0,0,0,1
1723836731,580,2,3,8,8,5.326,0,0,0.31 | 0.31 | 0.31,0,2.15 | 2.94 | 3.99,0,1.00 | 1.36 | 1.86,0.870,0.000,0,1,0,0,0,0,-1,0,0,0,,0,,0,,0,0,0,1
1723836731,580,2,3,8,8,5.326,0,0,0.31 | 0.31 | 0.31,0,2.15 | 2.94 | 3.99,0,1.00 | 1.36 | 1.86,0.870,0.000,0,1,0,0,0,0,-1,0,0,0,,0,,0,,0,0,0,1
1723836731,580,2,3,8,8,5.326,0,0,0.31 | 0.31 | 0.31,0,2.15 | 2.94 | 3.99,0,1.00 | 1.36 | 1.86,0.870,0.000,0,1,0,0,0,0,-1,0,0,0,,0,,0,,0,0,0,1
1723836731,580,2,3,8,8,5.326,0,0,0.31 | 0.31 | 0.31,0,2.15 | 2.94 | 3.99,0,1.00 | 1.36 | 1.86,0.870,0.000,0,1,0,0,0,0,-1,0,0,0,,0,,0,,0,0,0,1
1723836731,580,2,3,8,8,5.326,0,0,0.31 | 0.31 | 0.31,0,2.15 | 2.94 | 3.99,0,1.00 | 1.36 | 1.86,0.870,0.000,0,1,0,0,0,0,-1,0,0,0,,0,,0,,0,0,0,1
1723836731,580,2,3,8,8,5.326,0,0,0.31 | 0.31 | 0.31,0,2.15 | 2.94 | 3.99,0,1.00 | 1.36 | 1.86,0.870,0.000,0,1,0,0,0,0,-1,0,0,0,,0,,0,,0,0,0,1
1723836731,580,2,3,8,8,4.263,0,0,0.31 | 0.31 | 0.31,0,2.15 | 2.94 | 3.99,0,1.00 | 1.36 | 1.86,0.870,0.000,0,1,0,0,0,0,-1,0,0,0,,0,,0,,0,0,0,1
1723836732,580,3,3,8,8,4.263,0,0,0.31 | 0.31 | 0.31,0,2.15 | 2.94 | 3.99,0,1.00 | 1.36 | 1.86,0.870,0.000,0,1,0,0,0,0,-1,0,0,0,,0,,0,,0,0,0,1
1723836732,580,3,3,8,8,4.263,0,0,0.31 | 0.31 | 0.31,0,2.15 | 2.94 | 3.99,0,1.00 | 1.36 | 1.86,0.870,0.000,0,1,0,0,0,0,-1,0,0,0,,0,,0,,0,0,0,1
1723836732,580,3,3,8,8,4.263,0,0,0.31 | 0.31 | 0.31,0,2.15 | 2.94 | 3.99,0,1.00 | 1.36 | 1.86,0.870,0.000,0,1,0,0,0,0,-1,0,0,0,,0,,0,,0,0,0,1
1723836732,580,3,3,8,8,4.263,0,0,0.31 | 0.31 | 0.31,0,2.15 | 2.94 | 3.99,0,1.00 | 1.36 | 1.86,0.870,0.000,0,1,0,0,0,0,-1,0,0,0,,0,,0,,0,0,0,1
1723836732,580,3,3,8,8,4.263,0,0,0.31 | 0.31 | 0.31,0,2.15 | 2.94 | 3.99,0,1.00 | 1.36 | 1.86,0.870,0.000,0,1,0,0,0,0,-1,0,0,0,,0,,0,,0,0,0,1
1723836732,580,3,3,8,8,4.263,0,0,0.31 | 0.31 | 0.31,0,2.15 | 2.94 | 3.99,0,1.00 | 1.36 | 1.86,0.870,0.000,0,1,0,0,0,0,-1,0,0,0,,0,,0,,0,0,0,1
1723836732,580,3,3,8,8,4.263,0,0,0.31 | 0.31 | 0.31,0,2.15 | 2.94 | 3.99,0,1.00 | 1.36 | 1.86,0.870,0.000,0,1,0,0,0,0,-1,0,0,0,,0,,0,,0,0,0,1
1723836732,580,3,3,8,8,4.263,0,0,0.31 | 0.31 | 0.31,0,2.15 | 2.94 | 3.99,0,1.00 | 1.36 | 1.86,0.870,0.000,0,1,0,0,0,0,-1,0,0,0,,0,,0,,0,0,0,1
1723836732,580,3,3,8,8,4.263,0,0,0.31 | 0.31 | 0.31,0,2.15 | 2.94 | 3.99,0,1.00 | 1.36 | 1.86,0.870,0.000,0,1,0,0,0,0,-1,0,0,0,,0,,0,,0,0,0,1
1723836732,580,3,3,8,8,3.201,0,0,0.31 | 0.31 | 0.31,0,2.15 | 2.94 | 3.99,0,1.00 | 1.36 | 1.86,0.870,0.000,0,1,0,0,0,0,-1,0,0,0,,0,,0,,0,0,0,1
1723836733,580,3,3,8,8,3.201,0,0,0.31 | 0.31 | 0.31,0,2.15 | 2.94 | 3.99,0,1.00 | 1.36 | 1.86,0.870,0.000,0,1,0,0,0,0,-1,0,0,0,,0,,0,,0,0,0,1
1723836733,580,3,3,8,8,3.201,0,0,0.31 | 0.31 | 0.31,0,2.15 | 2.94 | 3.99,0,1.00 | 1.36 | 1.86,0.870,0.000,0,1,0,0,0,0,-1,0,0,0,,0,,0,,0,0,0,1
1723836733,580,3,3,8,8,3.201,0,0,0.31 | 0.31 | 0.31,0,2.15 | 2.94 | 3.99,0,1.00 | 1.36 | 1.86,0.870,0.000,0,1,0,0,0,0,-1,0,0,0,,0,,0,,0,0,0,1
1723836733,580,3,3,8,8,3.201,0,0,0.31 | 0.31 | 0.31,0,2.15 | 2.94 | 3.99,0,1.00 | 1.36 | 1.86,0.870,0.000,0,1,0,0,0,0,-1,0,0,0,,0,,0,,0,0,0,1
1723836733,580,3,3,8,8,3.201,0,0,0.31 | 0.31 | 0.31,0,2.15 | 2.94 | 3.99,0,1.00 | 1.36 | 1.86,0.870,0.000,0,1,0,0,0,0,-1,0,0,0,,0,,0,,0,0,0,1
1723836733,580,3,3,8,8,3.201,0,0,0.31 | 0.31 | 0.31,0,2.15 | 2.94 | 3.99,0,1.00 | 1.36 | 1.86,0.870,0.000,0,1,0,0,0,0,-1,0,0,0,,0,,0,,0,0,0,1
1723836733,580,3,3,8,8,3.201,0,0,0.31 | 0.31 | 0.31,0,2.15 | 2.94 | 3.99,0,1.00 | 1.36 | 1.86,0.870,0.000,0,1,0,0,0,0,-1,0,0,0,,0,,0,,0,0,0,1
1723836733,580,3,3,8,8,3.201,0,0,0.31 | 0.31 | 0.31,0,2.15 | 2.94 | 3.99,0,1.00 | 1.36 | 1.86,0.870,0.000,0,1,0,0,0,0,-1,0,0,0,,0,,0,,0,0,0,1
1723836733,580,3,3,8,8,3.201,0,0,0.31 | 0.31 | 0.31,0,2.15 | 2.94 | 3.99,0,1.00 | 1.36 | 1.86,0.870,0.000,0,1,0,0,0,0,-1,0,0,0,,0,,0,,0,0,0,1
1723836733,580,3,3,8,8,6.873,0,0,0.31 | 0.31 | 0.32,0,2.15 | 2.58 | 2.87,0,1.39 | 1.55 | 1.86,0.887,0.000,0,1,0,0,0,0,-1,0,0,0,,0,,0,,0,0,0,1
1723836734,580,3,3,8,8,6.873,0,0,0.31 | 0.31 | 0.32,0,2.15 | 2.58 | 2.87,0,1.39 | 1.55 | 1.86,0.887,0.000,0,1,0,0,0,0,-1,0,0,0,,0,,0,,0,0,0,1
1723836734,580,3,3,8,8,6.873,0,0,0.31 | 0.31 | 0.32,0,2.15 | 2.58 | 2.87,0,1.39 | 1.55 | 1.86,0.887,0.000,0,1,0,0,0,0,-1,0,0,0,,0,,0,,0,0,0,1
1723836734,580,3,3,8,8,6.873,0,0,0.31 | 0.31 | 0.32,0,2.15 | 2.58 | 2.87,0,1.39 | 1.55 | 1.86,0.887,0.000,0,1,0,0,0,0,-1,0,0,0,,0,,0,,0,0,0,1
1723836734,580,3,3,8,8,6.873,0,0,0.31 | 0.31 | 0.32,0,2.15 | 2.58 | 2.87,0,1.39 | 1.55 | 1.86,0.887,0.000,0,1,0,0,0,0,-1,0,0,0,,0,,0,,0,0,0,1
1723836734,580,3,3,8,8,6.873,0,0,0.31 | 0.31 | 0.32,0,2.15 | 2.58 | 2.87,0,1.39 | 1.55 | 1.86,0.887,0.000,0,1,0,0,0,0,-1,0,0,0,,0,,0,,0,0,0,1
1723836734,580,3,3,8,8,6.873,0,0,0.31 | 0.31 | 0.32,0,2.15 | 2.58 | 2.87,0,1.39 | 1.55 | 1.86,0.887,0.000,0,1,0,0,0,0,-1,0,0,0,,0,,0,,0,0,0,1
1723836734,580,3,3,8,8,6.873,0,0,0.31 | 0.31 | 0.32,0,2.15 | 2.58 | 2.87,0,1.39 | 1.55 | 1.86,0.887,0.000,0,1,0,0,0,0,-1,0,0,0,,0,,0,,0,0,0,1
1723836734,580,3,3,8,8,6.873,0,0,0.31 | 0.31 | 0.32,0,2.15 | 2.58 | 2.87,0,1.39 | 1.55 | 1.86,0.887,0.000,0,1,0,0,0,0,-1,0,0,0,,0,,0,,0,0,0,1
1723836734,580,3,3,8,8,6.873,0,0,0.31 | 0.31 | 0.32,0,2.15 | 2.58 | 2.87,0,1.39 | 1.55 | 1.86,0.887,0.000,0,1,0,0,0,0,-1,0,0,0,,0,,0,,0,0,0,1
1723836734,580,3,3,8,8,5.876,0,0,0.31 | 0.31 | 0.32,0,2.15 | 2.58 | 2.87,0,1.39 | 1.55 | 1.86,0.887,0.000,0,1,0,0,0,0,-1,0,0,0,,0,,0,,0,0,0,1
1723836735,580,3,3,8,8,5.876,0,0,0.31 | 0.31 | 0.32,0,2.15 | 2.58 | 2.87,0,1.39 | 1.55 | 1.86,0.887,0.000,0,1,0,0,0,0,-1,0,0,0,,0,,0,,0,0,0,1
1723836735,580,3,3,8,8,5.876,0,0,0.31 | 0.31 | 0.32,0,2.15 | 2.58 | 2.87,0,1.39 | 1.55 | 1.86,0.887,0.000,0,1,0,0,0,0,-1,0,0,0,,0,,0,,0,0,0,1
1723836735,580,3,3,8,8,5.876,0,0,0.31 | 0.31 | 0.32,0,2.15 | 2.58 | 2.87,0,1.39 | 1.55 | 1.86,0.887,0.000,0,1,0,0,0,0,-1,0,0,0,,0,,0,,0,0,0,1
1723836735,580,3,3,8,8,5.876,0,0,0.31 | 0.31 | 0.32,0,2.15 | 2.58 | 2.87,0,1.39 | 1.55 | 1.86,0.887,0.000,0,1,0,0,0,0,-1,0,0,0,,0,,0,,0,0,0,1
1723836735,580,3,3,8,8,5.876,0,0,0.31 | 0.31 | 0.32,0,2.15 | 2.58 | 2.87,0,1.39 | 1.55 | 1.86,0.887,0.000,0,1,0,0,0,0,-1,0,0,0,,0,,0,,0,0,0,1
1723836735,580,3,3,8,8,5.876,0,0,0.31 | 0.31 | 0.32,0,2.15 | 2.58 | 2.87,0,1.39 | 1.55 | 1.86,0.887,0.000,0,1,0,0,0,0,-1,0,0,0,,0,,0,,0,0,0,1
1723836735,580,3,3,8,8,5.876,0,0,0.31 | 0.31 | 0.32,0,2.15 | 2.58 | 2.87,0,1.39 | 1.55 | 1.86,0.887,0.000,0,1,0,0,0,0,-1,0,0,0,,0,,0,,0,0,0,1
1723836735,580,3,3,8,8,5.876,0,0,0.31 | 0.31 | 0.32,0,2.15 | 2.58 | 2.87,0,1.39 | 1.55 | 1.86,0.887,0.000,0,1,0,0,0,0,-1,0,0,0,,0,,0,,0,0,0,1
1723836735,580,3,3,8,8,5.876,0,0,0.31 | 0.31 | 0.32,0,2.15 | 2.58 | 2.87,0,1.39 | 1.55 | 1.86,0.887,0.000,0,1,0,0,0,0,-1,0,0,0,,0,,0,,0,0,0,1
1723836735,580,3,3,8,8,8.279,0,0,0.30 | 0.31 | 0.32,0,2.08 | 2.42 | 2.87,0,1.39 | 1.66 | 1.92,0.887,0.000,0,1,0,0,0,0,-1,0,0,0,,0,,0,,0,0,0,1
1723836736,580,3,3,8,8,8.279,0,0,0.30 | 0.31 | 0.32,0,2.08 | 2.42 | 2.87,0,1.39 | 1.66 | 1.92,0.887,0.000,0,1,0,0,0,0,-1,0,0,0,,0,,0,,0,0,0,1
1723836736,580,3,3,8,8,8.279,0,0,0.30 | 0.31 | 0.32,0,2.08 | 2.42 | 2.87,0,1.39 | 1.66 | 1.92,0.887,0.000,0,1,0,0,0,0,-1,0,0,0,,0,,0,,0,0,0,1
1723836736,580,3,3,8,8,8.279,0,0,0.30 | 0.31 | 0.32,0,2.08 | 2.42 | 2.87,0,1.39 | 1.66 | 1.92,0.887,0.000,0,1,0,0,0,0,-1,0,0,0,,0,,0,,0,0,0,1
1723836736,580,3,3,8,8,8.279,0,0,0.30 | 0.31 | 0.32,0,2.08 | 2.42 | 2.87,0,1.39 | 1.66 | 1.92,0.887,0.000,0,1,0,0,0,0,-1,0,0,0,,0,,0,,0,0,0,1
1723836736,580,3,3,8,8,8.279,0,0,0.30 | 0.31 | 0.32,0,2.08 | 2.42 | 2.87,0,1.39 | 1.66 | 1.92,0.887,0.000,0,1,0,0,0,0,-1,0,0,0,,0,,0,,0,0,0,1
1723836736,580,3,3,8,8,8.279,0,0,0.30 | 0.31 | 0.32,0,2.08 | 2.42 | 2.87,0,1.39 | 1.66 | 1.92,0.887,0.000,0,1,0,0,0,0,-1,0,0,0,,0,,0,,0,0,0,1
1723836736,580,3,3,8,8,8.279,0,0,0.30 | 0.31 | 0.32,0,2.08 | 2.42 | 2.87,0,1.39 | 1.66 | 1.92,0.887,0.000,0,1,0,0,0,0,-1,0,0,0,,0,,0,,0,0,0,1
1723836736,580,3,3,8,8,8.279,0,0,0.30 | 0.31 | 0.32,0,2.08 | 2.42 | 2.87,0,1.39 | 1.66 | 1.92,0.887,0.000,0,1,0,0,0,0,-1,0,0,0,,0,,0,,0,0,0,1
1723836736,580,3,3,8,8,8.279,0,0,0.30 | 0.31 | 0.32,0,2.08 | 2.42 | 2.87,0,1.39 | 1.66 | 1.92,0.887,0.000,0,1,0,0,0,0,-1,0,0,0,,0,,0,,0,0,0,1
1723836736,580,3,3,8,8,7.216,0,0,0.30 | 0.31 | 0.32,0,2.08 | 2.42 | 2.87,0,1.39 | 1.66 | 1.92,0.887,0.000,0,1,0,0,0,0,-1,0,0,0,,0,,0,,0,0,0,1
1723836737,580,3,3,8,8,7.216,0,0,0.30 | 0.31 | 0.32,0,2.08 | 2.42 | 2.87,0,1.39 | 1.66 | 1.92,0.887,0.000,0,1,0,0,0,0,-1,0,0,0,,0,,0,,0,0,0,1
1723836737,580,3,3,8,8,7.216,0,0,0.30 | 0.31 | 0.32,0,2.08 | 2.42 | 2.87,0,1.39 | 1.66 | 1.92,0.887,0.000,0,1,0,0,0,0,-1,0,0,0,,0,,0,,0,0,0,1
1723836737,580,3,3,8,8,7.216,0,0,0.30 | 0.31 | 0.32,0,2.08 | 2.42 | 2.87,0,1.39 | 1.66 | 1.92,0.887,0.000,0,1,0,0,0,0,-1,0,0,0,,0,,0,,0,0,0,1
1723836737,580,3,3,8,8,7.216,0,0,0.30 | 0.31 | 0.32,0,2.08 | 2.42 | 2.87,0,1.39 | 1.66 | 1.92,0.887,0.000,0,1,0,0,0,0,-1,0,0,0,,0,,0,,0,0,0,1
1723836737,580,3,3,8,8,7.216,0,0,0.30 | 0.31 | 0.32,0,2.08 | 2.42 | 2.87,0,1.39 | 1.66 | 1.92,0.887,0.000,0,1,0,0,0,0,-1,0,0,0,,0,,0,,0,0,0,1
1723836737,580,3,3,8,8,7.216,0,0,0.30 | 0.31 | 0.32,0,2.08 | 2.42 | 2.87,0,1.39 | 1.66 | 1.92,0.887,0.000,0,1,0,0,0,0,-1,0,0,0,,0,,0,,0,0,0,1
1723836737,580,3,3,8,8,7.216,0,0,0.30 | 0.31 | 0.32,0,2.08 | 2.42 | 2.87,0,1.39 | 1.66 | 1.92,0.887,0.000,0,1,0,0,0,0,-1,0,0,0,,0,,0,,0,0,0,1
1723836737,580,3,3,8,8,7.216,0,0,0.30 | 0.31 | 0.32,0,2.08 | 2.42 | 2.87,0,1.39 | 1.66 | 1.92,0.887,0.000,0,1,0,0,0,0,-1,0,0,0,,0,,0,,0,0,0,1
1723836737,580,3,3,8,8,7.216,0,0,0.30 | 0.31 | 0.32,0,2.08 | 2.42 | 2.87,0,1.39 | 1.66 | 1.92,0.887,0.000,0,1,0,0,0,0,-1,0,0,0,,0,,0,,0,0,0,1
1723836737,580,3,3,8,8,6.154,0,0,0.30 | 0.31 | 0.32,0,2.08 | 2.42 | 2.87,0,1.39 | 1.66 | 1.92,0.887,0.000,0,1,0,0,0,0,-1,0,0,0,,0,,0,,0,0,0,1
1723836738,580,3,3,8,8,6.154,0,0,0.30 | 0.31 | 0.32,0,2.08 | 2.42 | 2.87,0,1.39 | 1.66 | 1.92,0.887,0.000,0,1,0,0,0,0,-1,0,0,0,,0,,0,,0,0,0,1
1723836738,580,3,3,8,8,6.154,0,0,0.30 | 0.31 | 0.32,0,2.08 | 2.42 | 2.87,0,1.39 | 1.66 | 1.92,0.887,0.000,0,1,0,0,0,0,-1,0,0,0,,0,,0,,0,0,0,1
1723836738,580,3,3,8,8,6.154,0,0,0.30 | 0.31 | 0.32,0,2.08 | 2.42 | 2.87,0,1.39 | 1.66 | 1.92,0.887,0.000,0,1,0,0,0,0,-1,0,0,0,,0,,0,,0,0,0,1
1723836738,580,3,3,8,8,6.154,0,0,0.30 | 0.31 | 0.32,0,2.08 | 2.42 | 2.87,0,1.39 | 1.66 | 1.92,0.887,0.000,0,1,0,0,0,0,-1,0,0,0,,0,,0,,0,0,0,1
1723836738,580,3,3,8,8,6.154,0,0,0.30 | 0.31 | 0.32,0,2.08 | 2.42 | 2.87,0,1.39 | 1.66 | 1.92,0.887,0.000,0,1,0,0,0,0,-1,0,0,0,,0,,0,,0,0,0,1
1723836738,580,3,3,8,8,6.154,0,0,0.30 | 0.31 | 0.32,0,2.08 | 2.42 | 2.87,0,1.39 | 1.66 | 1.92,0.887,0.000,0,1,0,0,0,0,-1,0,0,0,,0,,0,,0,0,0,1
1723836738,580,3,3,8,8,6.154,0,0,0.30 | 0.31 | 0.32,0,2.08 | 2.42 | 2.87,0,1.39 | 1.66 | 1.92,0.887,0.000,0,1,0,0,0,0,-1,0,0,0,,0,,0,,0,0,0,1
1723836738,580,3,3,8,8,6.154,0,0,0.30 | 0.31 | 0.32,0,2.08 | 2.42 | 2.87,0,1.39 | 1.66 | 1.92,0.887,0.000,0,1,0,0,0,0,-1,0,0,0,,0,,0,,0,0,0,1
1723836738,580,3,3,8,8,6.154,0,0,0.30 | 0.31 | 0.32,0,2.08 | 2.42 | 2.87,0,1.39 | 1.66 | 1.92,0.887,0.000,0,1,0,0,0,0,-1,0,0,0,,0,,0,,0,0,0,1
1723836738,580,3,3,8,8,9.892,0,0,0.30 | 0.31 | 0.32,0,2.08 | 2.63 | 3.03,0,1.32 | 1.52 | 1.92,0.887,0.000,0,1,0,0,0,0,-1,0,0,0,,0,,0,,0,0,0,1
1723836739,580,3,3,8,8,9.892,0,0,0.30 | 0.31 | 0.32,0,2.08 | 2.63 | 3.03,0,1.32 | 1.52 | 1.92,0.887,0.000,0,1,0,0,0,0,-1,0,0,0,,0,,0,,0,0,0,1
1723836739,580,3,3,8,8,9.892,0,0,0.30 | 0.31 | 0.32,0,2.08 | 2.63 | 3.03,0,1.32 | 1.52 | 1.92,0.887,0.000,0,1,0,0,0,0,-1,0,0,0,,0,,0,,0,0,0,1
1723836739,580,3,3,8,8,9.892,0,0,0.30 | 0.31 | 0.32,0,2.08 | 2.63 | 3.03,0,1.32 | 1.52 | 1.92,0.887,0.000,0,1,0,0,0,0,-1,0,0,0,,0,,0,,0,0,0,1
1723836739,580,3,3,8,8,9.892,0,0,0.30 | 0.31 | 0.32,0,2.08 | 2.63 | 3.03,0,1.32 | 1.52 | 1.92,0.887,0.000,0,1,0,0,0,0,-1,0,0,0,,0,,0,,0,0,0,1
1723836739,580,3,3,8,8,9.892,0,0,0.30 | 0.31 | 0.32,0,2.08 | 2.63 | 3.03,0,1.32 | 1.52 | 1.92,0.887,0.000,0,1,0,0,0,0,-1,0,0,0,,0,,0,,0,0,0,1
1723836739,580,3,3,8,8,9.892,0,0,0.30 | 0.31 | 0.32,0,2.08 | 2.63 | 3.03,0,1.32 | 1.52 | 1.92,0.887,0.000,0,1,0,0,0,0,-1,0,0,0,,0,,0,,0,0,0,1
1723836739,580,3,3,8,8,9.892,0,0,0.30 | 0.31 | 0.32,0,2.08 | 2.63 | 3.03,0,1.32 | 1.52 | 1.92,0.887,0.000,0,1,0,0,0,0,-1,0,0,0,,0,,0,,0,0,0,1
1723836739,580,3,3,8,8,9.892,0,0,0.30 | 0.31 | 0.32,0,2.08 | 2.63 | 3.03,0,1.32 | 1.52 | 1.92,0.887,0.000,0,1,0,0,0,0,-1,0,0,0,,0,,0,,0,0,0,1
1723836739,580,3,3,8,8,9.892,0,0,0.30 | 0.31 | 0.32,0,2.08 | 2.63 | 3.03,0,1.32 | 1.52 | 1.92,0.887,0.000,0,1,0,0,0,0,-1,0,0,0,,0,,0,,0,0,0,1
1723836739,580,3,3,8,8,9.095,0,0,0.30 | 0.31 | 0.32,0,2.08 | 2.63 | 3.03,0,1.32 | 1.52 | 1.92,0.887,0.000,0,1,0,0,0,0,-1,0,0,0,,0,,0,,0,0,0,1
1723836740,580,3,3,8,8,9.095,0,0,0.30 | 0.31 | 0.32,0,2.08 | 2.63 | 3.03,0,1.32 | 1.52 | 1.92,0.887,0.000,0,1,0,0,0,0,-1,0,0,0,,0,,0,,0,0,0,1
1723836740,580,3,3,8,8,9.095,0,0,0.30 | 0.31 | 0.32,0,2.08 | 2.63 | 3.03,0,1.32 | 1.52 | 1.92,0.887,0.000,0,1,0,0,0,0,-1,0,0,0,,0,,0,,0,0,0,1
1723836740,580,3,3,8,8,9.095,0,0,0.30 | 0.31 | 0.32,0,2.08 | 2.63 | 3.03,0,1.32 | 1.52 | 1.92,0.887,0.000,0,1,0,0,0,0,-1,0,0,0,,0,,0,,0,0,0,1
1723836740,580,3,3,8,8,9.095,0,0,0.30 | 0.31 | 0.32,0,2.08 | 2.63 | 3.03,0,1.32 | 1.52 | 1.92,0.887,0.000,0,1,0,0,0,0,-1,0,0,0,,0,,0,,0,0,0,1
1723836740,580,3,3,8,8,9.095,0,0,0.30 | 0.31 | 0.32,0,2.08 | 2.63 | 3.03,0,1.32 | 1.52 | 1.92,0.887,0.000,0,1,0,0,0,0,-1,0,0,0,,0,,0,,0,0,0,1
1723836740,580,3,3,8,8,9.095,0,0,0.30 | 0.31 | 0.32,0,2.08 | 2.63 | 3.03,0,1.32 | 1.52 | 1.92,0.887,0.000,0,1,0,0,0,0,-1,0,0,0,,0,,0,,0,0,0,1
1723836740,580,3,3,8,8,9.095,0,0,0.30 | 0.31 | 0.32,0,2.08 | 2.63 | 3.03,0,1.32 | 1.52 | 1.92,0.887,0.000,0,1,0,0,0,0,-1,0,0,0,,0,,0,,0,0,0,1
1723836740,580,3,3,8,8,9.095,0,0,0.30 | 0.31 | 0.32,0,2.08 | 2.63 | 3.03,0,1.32 | 1.52 | 1.92,0.887,0.000,0,1,0,0,0,0,-1,0,0,0,,0,,0,,0,0,0,1
1723836740,580,3,3,8,8,9.095,0,0,0.30 | 0.31 | 0.32,0,2.08 | 2.63 | 3.03,0,1.32 | 1.52 | 1.92,0.887,0.000,0,1,0,0,0,0,-1,0,0,0,,0,,0,,0,0,0,1
1723836740,580,3,3,8,8,8.032,0,0,0.30 | 0.31 | 0.32,0,2.08 | 2.63 | 3.03,0,1.32 | 1.52 | 1.92,0.887,0.000,0,1,0,0,0,0,-1,0,0,0,,0,,0,,0,0,0,1
1723836741,580,3,3,8,8,8.032,0,0,0.30 | 0.31 | 0.32,0,2.08 | 2.63 | 3.03,0,1.32 | 1.52 | 1.92,0.887,0.000,0,1,0,0,0,0,-1,0,0,0,,0,,0,,0,0,0,1
1723836741,580,3,3,8,8,8.032,0,0,0.30 | 0.31 | 0.32,0,2.08 | 2.63 | 3.03,0,1.32 | 1.52 | 1.92,0.887,0.000,0,1,0,0,0,0,-1,0,0,0,,0,,0,,0,0,0,1
1723836741,580,3,3,8,8,8.032,0,0,0.30 | 0.31 | 0.32,0,2.08 | 2.63 | 3.03,0,1.32 | 1.52 | 1.92,0.887,0.000,0,1,0,0,0,0,-1,0,0,0,,0,,0,,0,0,0,1
1723836741,580,3,3,8,8,8.032,0,0,0.30 | 0.31 | 0.32,0,2.08 | 2.63 | 3.03,0,1.32 | 1.52 | 1.92,0.887,0.000,0,1,0,0,0,0,-1,0,0,0,,0,,0,,0,0,0,1
1723836741,580,3,3,8,8,8.032,0,0,0.30 | 0.31 | 0.32,0,2.08 | 2.63 | 3.03,0,1.32 | 1.52 | 1.92,0.887,0.000,0,1,0,0,0,0,-1,0,0,0,,0,,0,,0,0,0,1
1723836741,580,3,3,8,8,8.032,0,0,0.30 | 0.31 | 0.32,0,2.08 | 2.63 | 3.03,0,1.32 | 1.52 | 1.92,0.887,0.000,0,1,0,0,0,0,-1,0,0,0,,0,,0,,0,0,0,1
1723836741,580,3,3,8,8,8.032,0,0,0.30 | 0.31 | 0.32,0,2.08 | 2.63 | 3.03,0,1.32 | 1.52 | 1.92,0.887,0.000,0,1,0,0,0,0,-1,0,0,0,,0,,0,,0,0,0,1
1723836741,580,3,3,8,8,8.032,0,0,0.30 | 0.31 | 0.32,0,2.08 | 2.63 | 3.03,0,1.32 | 1.52 | 1.92,0.887,0.000,0,1,0,0,0,0,-1,0,0,0,,0,,0,,0,0,0,1
1723836741,580,3,3,8,8,8.032,0,0,0.30 | 0.31 | 0.32,0,2.08 | 2.63 | 3.03,0,1.32 | 1.52 | 1.92,0.887,0.000,0,1,0,0,0,0,-1,0,0,0,,0,,0,,0,0,0,1
1723836741,580,3,3,8,8,10.17,0,0,0.30 | 0.31 | 0.32,0,2.04 | 2.42 | 3.03,0,1.32 | 1.65 | 1.97,0.951,0.000,0,1,0,0,0,0,-1,0,0,0,,0,,0,,0,0,0,1
1723836742,580,3,3,8,8,10.17,0,0,0.30 | 0.31 | 0.32,0,2.04 | 2.42 | 3.03,0,1.32 | 1.65 | 1.97,0.951,0.000,0,1,0,0,0,0,-1,0,0,0,,0,,0,,0,0,0,1
1723836742,580,3,3,8,8,10.17,0,0,0.30 | 0.31 | 0.32,0,2.04 | 2.42 | 3.03,0,1.32 | 1.65 | 1.97,0.951,0.000,0,1,0,0,0,0,-1,0,0,0,,0,,0,,0,0,0,1
1723836742,580,3,3,8,8,10.17,0,0,0.30 | 0.31 | 0.32,0,2.04 | 2.42 | 3.03,0,1.32 | 1.65 | 1.97,0.951,0.000,0,1,0,0,0,0,-1,0,0,0,,0,,0,,0,0,0,1
1723836742,580,3,3,8,8,10.17,0,0,0.30 | 0.31 | 0.32,0,2.04 | 2.42 | 3.03,0,1.32 | 1.65 | 1.97,0.951,0.000,0,1,0,0,0,0,-1,0,0,0,,0,,0,,0,0,0,1
1723836742,580,3,3,8,8,10.17,0,0,0.30 | 0.31 | 0.32,0,2.04 | 2.42 | 3.03,0,1.32 | 1.65 | 1.97,0.951,0.000,0,1,0,0,0,0,-1,0,0,0,,0,,0,,0,0,0,1
1723836742,580,3,3,8,8,10.17,0,0,0.30 | 0.31 | 0.32,0,2.04 | 2.42 | 3.03,0,1.32 | 1.65 | 1.97,0.951,0.000,0,1,0,0,0,0,-1,0,0,0,,0,,0,,0,0,0,1
1723836742,580,3,3,8,8,10.17,0,0,0.30 | 0.31 | 0.32,0,2.04 | 2.42 | 3.03,0,1.32 | 1.65 | 1.97,0.951,0.000,0,1,0,0,0,0,-1,0,0,0,,0,,0,,0,0,0,1
1723836742,580,3,3,8,8,10.17,0,0,0.30 | 0.31 | 0.32,0,2.04 | 2.42 | 3.03,0,1.32 | 1.65 | 1.97,0.951,0.000,0,1,0,0,0,0,-1,0,0,0,,0,,0,,0,0,0,1
1723836742,580,3,3,8,8,10.17,0,0,0.30 | 0.31 | 0.32,0,2.04 | 2.42 | 3.03,0,1.32 | 1.65 | 1.97,0.951,0.000,0,1,0,0,0,0,-1,0,0,0,,0,,0,,0,0,0,1
1723836742,580,3,3,8,8,9.107,0,0,0.30 | 0.31 | 0.32,0,2.04 | 2.42 | 3.03,0,1.32 | 1.65 | 1.97,0.951,0.000,0,1,0,0,0,0,-1,0,0,0,,0,,0,,0,0,0,1
1723836743,580,3,3,8,8,9.107,0,0,0.30 | 0.31 | 0.32,0,2.04 | 2.42 | 3.03,0,1.32 | 1.65 | 1.97,0.951,0.000,0,1,0,0,0,0,-1,0,0,0,,0,,0,,0,0,0,1
1723836743,580,3,3,8,8,9.107,0,0,0.30 | 0.31 | 0.32,0,2.04 | 2.42 | 3.03,0,1.32 | 1.65 | 1.97,0.951,0.000,0,1,0,0,0,0,-1,0,0,0,,0,,0,,0,0,0,1
1723836743,580,3,3,8,8,9.107,0,0,0.30 | 0.31 | 0.32,0,2.04 | 2.42 | 3.03,0,1.32 | 1.65 | 1.97,0.951,0.000,0,1,0,0,0,0,-1,0,0,0,,0,,0,,0,0,0,1
1723836743,580,3,3,8,8,9.107,0,0,0.30 | 0.31 | 0.32,0,2.04 | 2.42 | 3.03,0,1.32 | 1.65 | 1.97,0.951,0.000,0,1,0,0,0,0,-1,0,0,0,,0,,0,,0,0,0,1
1723836743,580,3,3,8,8,9.107,0,0,0.30 | 0.31 | 0.32,0,2.04 | 2.42 | 3.03,0,1.32 | 1.65 | 1.97,0.951,0.000,0,1,0,0,0,0,-1,0,0,0,,0,,0,,0,0,0,1
1723836743,580,3,3,8,8,9.107,0,0,0.30 | 0.31 | 0.32,0,2.04 | 2.42 | 3.03,0,1.32 | 1.65 | 1.97,0.951,0.000,0,1,0,0,0,0,-1,0,0,0,,0,,0,,0,0,0,1
1723836743,580,3,3,8,8,9.107,0,0,0.30 | 0.31 | 0.32,0,2.04 | 2.42 | 3.03,0,1.32 | 1.65 | 1.97,0.951,0.000,0,1,0,0,0,0,-1,0,0,0,,0,,0,,0,0,0,1
1723836743,580,3,3,8,8,9.107,0,0,0.30 | 0.31 | 0.32,0,2.04 | 2.42 | 3.03,0,1.32 | 1.65 | 1.97,0.951,0.000,0,1,0,0,0,0,-1,0,0,0,,0,,0,,0,0,0,1
1723836743,580,3,3,8,8,9.107,0,0,0.30 | 0.31 | 0.32,0,2.04 | 2.42 | 3.03,0,1.32 | 1.65 | 1.97,0.951,0.000,0,1,0,0,0,0,-1,0,0,0,,0,,0,,0,0,0,1
1723836743,580,3,3,8,8,8.072,0,0,0.30 | 0.31 | 0.32,0,2.04 | 2.42 | 3.03,0,1.32 | 1.65 | 1.97,0.951,0.000,0,1,0,0,0,0,-1,0,0,0,,0,,0,,0,0,0,1
1723836744,580,3,3,8,8,8.072,0,0,0.30 | 0.31 | 0.32,0,2.04 | 2.42 | 3.03,0,1.32 | 1.65 | 1.97,0.951,0.000,0,1,0,0,0,0,-1,0,0,0,,0,,0,,0,0,0,1
1723836744,580,3,3,8,8,8.072,0,0,0.30 | 0.31 | 0.32,0,2.04 | 2.42 | 3.03,0,1.32 | 1.65 | 1.97,0.951,0.000,0,1,0,0,0,0,-1,0,0,0,,0,,0,,0,0,0,1
1723836744,580,3,3,8,8,8.072,0,0,0.30 | 0.31 | 0.32,0,2.04 | 2.42 | 3.03,0,1.32 | 1.65 | 1.97,0.951,0.000,0,1,0,0,0,0,-1,0,0,0,,0,,0,,0,0,0,1
1723836744,580,3,3,8,8,8.072,0,0,0.30 | 0.31 | 0.32,0,2.04 | 2.42 | 3.03,0,1.32 | 1.65 | 1.97,0.951,0.000,0,1,0,0,0,0,-1,0,0,0,,0,,0,,0,0,0,1
1723836744,580,3,3,8,8,8.072,0,0,0.30 | 0.31 | 0.32,0,2.04 | 2.42 | 3.03,0,1.32 | 1.65 | 1.97,0.951,0.000,0,1,0,0,0,0,-1,0,0,0,,0,,0,,0,0,0,1
1723836744,580,3,3,8,8,8.072,0,0,0.30 | 0.31 | 0.32,0,2.04 | 2.42 | 3.03,0,1.32 | 1.65 | 1.97,0.951,0.000,0,1,0,0,0,0,-1,0,0,0,,0,,0,,0,0,0,1
1723836744,580,3,3,8,8,8.072,0,0,0.30 | 0.31 | 0.32,0,2.04 | 2.42 | 3.03,0,1.32 | 1.65 | 1.97,0.951,0.000,0,1,0,0,0,0,-1,0,0,0,,0,,0,,0,0,0,1
1723836744,580,3,3,8,8,8.072,0,0,0.30 | 0.31 | 0.32,0,2.04 | 2.42 | 3.03,0,1.32 | 1.65 | 1.97,0.951,0.000,0,1,0,0,0,0,-1,0,0,0,,0,,0,,0,0,0,1
1723836744,580,3,3,8,8,8.072,0,0,0.30 | 0.31 | 0.32,0,2.04 | 2.42 | 3.03,0,1.32 | 1.65 | 1.97,0.951,0.000,0,1,0,0,0,0,-1,0,0,0,,0,,0,,0,0,0,1
1723836744,580,3,3,8,8,11.876,0,0,0.30 | 0.31 | 0.31,0,2.04 | 2.62 | 3.33,0,1.20 | 1.53 | 1.97,0.948,0.000,0,1,0,0,0,0,-1,0,0,0,,0,,0,,0,0,0,1
1723836745,580,3,3,8,8,11.876,0,0,0.30 | 0.31 | 0.31,0,2.04 | 2.62 | 3.33,0,1.20 | 1.53 | 1.97,0.948,0.000,0,1,0,0,0,0,-1,0,0,0,,0,,0,,0,0,0,1
1723836745,580,3,3,8,8,11.876,0,0,0.30 | 0.31 | 0.31,0,2.04 | 2.62 | 3.33,0,1.20 | 1.53 | 1.97,0.948,0.000,0,1,0,0,0,0,-1,0,0,0,,0,,0,,0,0,0,1
1723836745,772,3,4,8,8,11.876,0,0,0.30 | 0.31 | 0.31,0,2.04 | 2.62 | 3.33,0,1.20 | 1.53 | 1.97,0.948,0.000,0,1,0,0,0,0,-1,0,0,0,,0,,0,,0,0,0,1
1723836745,772,3,4,8,8,11.876,0,0,0.30 | 0.31 | 0.31,0,2.04 | 2.62 | 3.33,0,1.20 | 1.53 | 1.97,0.948,0.000,0,1,0,0,0,0,-1,0,0,0,,0,,0,,0,0,0,1
1723836745,772,3,4,8,8,11.876,0,0,0.30 | 0.31 | 0.31,0,2.04 | 2.62 | 3.33,0,1.20 | 1.53 | 1.97,0.948,0.000,0,1,0,0,0,0,-1,0,0,0,,0,,0,,0,0,0,1
1723836745,772,3,4,8,8,11.876,0,0,0.30 | 0.31 | 0.31,0,2.04 | 2.62 | 3.33,0,1.20 | 1.53 | 1.97,0.948,0.000,0,1,0,0,0,0,-1,0,0,0,,0,,0,,0,0,0,1
1723836745,772,3,4,8,8,11.876,0,0,0.30 | 0.31 | 0.31,0,2.04 | 2.62 | 3.33,0,1.20 | 1.53 | 1.97,0.948,0.000,0,1,0,0,0,0,-1,0,0,0,,0,,0,,0,0,0,1
1723836745,772,3,4,8,8,11.876,0,0,0.30 | 0.31 | 0.31,0,2.04 | 2.62 | 3.33,0,1.20 | 1.53 | 1.97,0.948,0.000,0,1,0,0,0,0,-1,0,0,0,,0,,0,,0,0,0,1
1723836745,772,3,4,8,8,11.876,0,0,0.30 | 0.31 | 0.31,0,2.04 | 2.62 | 3.33,0,1.20 | 1.53 | 1.97,0.948,0.000,0,1,0,0,0,0,-1,0,0,0,,0,,0,,0,0,0,1
1723836745,772,3,4,8,8,10.985,0,0,0.30 | 0.31 | 0.31,0,2.04 | 2.62 | 3.33,0,1.20 | 1.53 | 1.97,0.948,0.000,0,1,0,0,0,0,-1,0,0,0,,0,,0,,0,0,0,1
1723836746,772,3,4,8,8,10.985,0,0,0.30 | 0.31 | 0.31,0,2.04 | 2.62 | 3.33,0,1.20 | 1.53 | 1.97,0.948,0.000,0,1,0,0,0,0,-1,0,0,0,,0,,0,,0,0,0,1
1723836746,772,3,4,8,8,10.985,0,0,0.30 | 0.31 | 0.31,0,2.04 | 2.62 | 3.33,0,1.20 | 1.53 | 1.97,0.948,0.000,0,1,0,0,0,0,-1,0,0,0,,0,,0,,0,0,0,1
1723836746,772,3,4,8,8,10.985,0,0,0.30 | 0.31 | 0.31,0,2.04 | 2.62 | 3.33,0,1.20 | 1.53 | 1.97,0.948,0.000,0,1,0,0,0,0,-1,0,0,0,,0,,0,,0,0,0,1
1723836746,772,3,4,8,8,10.985,0,0,0.30 | 0.31 | 0.31,0,2.04 | 2.62 | 3.33,0,1.20 | 1.53 | 1.97,0.948,0.000,0,1,0,0,0,0,-1,0,0,0,,0,,0,,0,0,0,1
1723836746,772,3,4,8,8,10.985,0,0,0.30 | 0.31 | 0.31,0,2.04 | 2.62 | 3.33,0,1.20 | 1.53 | 1.97,0.948,0.000,0,1,0,0,0,0,-1,0,0,0,,0,,0,,0,0,0,1
1723836746,772,3,4,8,8,10.985,0,0,0.30 | 0.31 | 0.31,0,2.04 | 2.62 | 3.33,0,1.20 | 1.53 | 1.97,0.948,0.000,0,1,0,0,0,0,-1,0,0,0,,0,,0,,0,0,0,1
1723836746,772,3,4,8,8,10.985,0,0,0.30 | 0.31 | 0.31,0,2.04 | 2.62 | 3.33,0,1.20 | 1.53 | 1.97,0.948,0.000,0,1,0,0,0,0,-1,0,0,0,,0,,0,,0,0,0,1
1723836746,772,3,4,8,8,10.985,0,0,0.30 | 0.31 | 0.31,0,2.04 | 2.62 | 3.33,0,1.20 | 1.53 | 1.97,0.948,0.000,0,1,0,0,0,0,-1,0,0,0,,0,,0,,0,0,0,1
1723836746,772,3,4,8,8,10.985,0,0,0.30 | 0.31 | 0.31,0,2.04 | 2.62 | 3.33,0,1.20 | 1.53 | 1.97,0.948,0.000,0,1,0,0,0,0,-1,0,0,0,,0,,0,,0,0,0,1
1723836746,772,3,4,8,8,9.923,0,0,0.30 | 0.31 | 0.31,0,2.04 | 2.62 | 3.33,0,1.20 | 1.53 | 1.97,0.948,0.000,0,1,0,0,0,0,-1,0,0,0,,0,,0,,0,0,0,1
1723836747,772,3,4,8,8,9.923,0,0,0.30 | 0.31 | 0.31,0,2.04 | 2.62 | 3.33,0,1.20 | 1.53 | 1.97,0.948,0.000,0,1,0,0,0,0,-1,0,0,0,,0,,0,,0,0,0,1
1723836747,772,3,4,8,8,9.923,0,0,0.30 | 0.31 | 0.31,0,2.04 | 2.62 | 3.33,0,1.20 | 1.53 | 1.97,0.948,0.000,0,1,0,0,0,0,-1,0,0,0,,0,,0,,0,0,0,1
1723836747,772,3,4,8,8,9.923,0,0,0.30 | 0.31 | 0.31,0,2.04 | 2.62 | 3.33,0,1.20 | 1.53 | 1.97,0.948,0.000,0,1,0,0,0,0,-1,0,0,0,,0,,0,,0,0,0,1
1723836747,772,3,4,8,8,9.923,0,0,0.30 | 0.31 | 0.31,0,2.04 | 2.62 | 3.33,0,1.20 | 1.53 | 1.97,0.948,0.000,0,1,0,0,0,0,-1,0,0,0,,0,,0,,0,0,0,1
1723836747,772,3,4,8,8,9.923,0,0,0.30 | 0.31 | 0.31,0,2.04 | 2.62 | 3.33,0,1.20 | 1.53 | 1.97,0.948,0.000,0,1,0,0,0,0,-1,0,0,0,,0,,0,,0,0,0,1
1723836747,772,3,4,8,8,9.923,0,0,0.30 | 0.31 | 0.31,0,2.04 | 2.62 | 3.33,0,1.20 | 1.53 | 1.97,0.948,0.000,0,1,0,0,0,0,-1,0,0,0,,0,,0,,0,0,0,1
1723836747,772,3,4,8,8,9.923,0,0,0.30 | 0.31 | 0.31,0,2.04 | 2.62 | 3.33,0,1.20 | 1.53 | 1.97,0.948,0.000,0,1,0,0,0,0,-1,0,0,0,,0,,0,,0,0,0,1
1723836747,772,3,4,8,8,9.923,0,0,0.30 | 0.31 | 0.31,0,2.04 | 2.62 | 3.33,0,1.20 | 1.53 | 1.97,0.948,0.000,0,1,0,0,0,0,-1,0,0,0,,0,,0,,0,0,0,1
1723836747,772,3,4,8,8,9.923,0,0,0.30 | 0.31 | 0.31,0,2.04 | 2.62 | 3.33,0,1.20 | 1.53 | 1.97,0.948,0.000,0,1,0,0,0,0,-1,0,0,0,,0,,0,,0,0,0,1
1723836747,772,3,4,8,8,9.125,0,0,0.30 | 0.31 | 0.31,0,2.04 | 2.62 | 3.33,0,1.20 | 1.53 | 1.97,0.948,0.000,0,1,0,0,0,0,-1,0,0,0,,0,,0,,0,0,0,1
1723836748,772,3,4,8,8,9.125,0,0,0.30 | 0.31 | 0.31,0,2.04 | 2.62 | 3.33,0,1.20 | 1.53 | 1.97,0.948,0.000,0,1,0,0,0,0,-1,0,0,0,,0,,0,,0,0,0,1
1723836748,772,3,4,8,8,9.125,0,0,0.30 | 0.31 | 0.31,0,2.04 | 2.62 | 3.33,0,1.20 | 1.53 | 1.97,0.948,0.000,0,1,0,0,0,0,-1,0,0,0,,0,,0,,0,0,0,1
1723836748,772,3,4,8,8,9.125,0,0,0.30 | 0.31 | 0.31,0,2.04 | 2.62 | 3.33,0,1.20 | 1.53 | 1.97,0.948,0.000,0,1,0,0,0,0,-1,0,0,0,,0,,0,,0,0,0,1
1723836748,772,3,4,8,8,9.125,0,0,0.30 | 0.31 | 0.31,0,2.04 | 2.62 | 3.33,0,1.20 | 1.53 | 1.97,0.948,0.000,0,1,0,0,0,0,-1,0,0,0,,0,,0,,0,0,0,1
1723836748,772,3,4,8,8,9.125,0,0,0.30 | 0.31 | 0.31,0,2.04 | 2.62 | 3.33,0,1.20 | 1.53 | 1.97,0.948,0.000,0,1,0,0,0,0,-1,0,0,0,,0,,0,,0,0,0,1
1723836748,772,3,4,8,8,9.125,0,0,0.30 | 0.31 | 0.31,0,2.04 | 2.62 | 3.33,0,1.20 | 1.53 | 1.97,0.948,0.000,0,1,0,0,0,0,-1,0,0,0,,0,,0,,0,0,0,1
1723836748,772,3,4,8,8,9.125,0,0,0.30 | 0.31 | 0.31,0,2.04 | 2.62 | 3.33,0,1.20 | 1.53 | 1.97,0.948,0.000,0,1,0,0,0,0,-1,0,0,0,,0,,0,,0,0,0,1
1723836748,772,4,4,8,8,9.125,0,0,0.30 | 0.31 | 0.31,0,2.04 | 2.62 | 3.33,0,1.20 | 1.53 | 1.97,0.948,0.000,0,1,0,0,0,0,-1,0,0,0,,0,,0,,0,0,0,1
1723836748,772,4,4,8,8,9.125,0,0,0.30 | 0.31 | 0.31,0,2.04 | 2.62 | 3.33,0,1.20 | 1.53 | 1.97,0.948,0.000,0,1,0,0,0,0,-1,0,0,0,,0,,0,,0,0,0,1
1723836748,772,4,4,8,8,7.923,0,0,0.31 | 0.31 | 0.31,0,2.04 | 2.77 | 3.33,0,1.20 | 1.44 | 1.97,0.946,0.000,0,1,0,0,0,0,-1,0,0,0,,0,,0,,0,0,0,1
1723836749,772,4,4,8,8,7.923,0,0,0.31 | 0.31 | 0.31,0,2.04 | 2.77 | 3.33,0,1.20 | 1.44 | 1.97,0.946,0.000,0,1,0,0,0,0,-1,0,0,0,,0,,0,,0,0,0,1
1723836749,772,4,4,8,8,7.923,0,0,0.31 | 0.31 | 0.31,0,2.04 | 2.77 | 3.33,0,1.20 | 1.44 | 1.97,0.946,0.000,0,1,0,0,0,0,-1,0,0,0,,0,,0,,0,0,0,1
1723836749,772,4,4,8,8,7.923,0,0,0.31 | 0.31 | 0.31,0,2.04 | 2.77 | 3.33,0,1.20 | 1.44 | 1.97,0.946,0.000,0,1,0,0,0,0,-1,0,0,0,,0,,0,,0,0,0,1
1723836749,772,4,4,8,8,7.923,0,0,0.31 | 0.31 | 0.31,0,2.04 | 2.77 | 3.33,0,1.20 | 1.44 | 1.97,0.946,0.000,0,1,0,0,0,0,-1,0,0,0,,0,,0,,0,0,0,1
1723836749,772,4,4,8,8,7.923,0,0,0.31 | 0.31 | 0.31,0,2.04 | 2.77 | 3.33,0,1.20 | 1.44 | 1.97,0.946,0.000,0,1,0,0,0,0,-1,0,0,0,,0,,0,,0,0,0,1
1723836749,772,4,4,8,8,7.923,0,0,0.31 | 0.31 | 0.31,0,2.04 | 2.77 | 3.33,0,1.20 | 1.44 | 1.97,0.946,0.000,0,1,0,0,0,0,-1,0,0,0,,0,,0,,0,0,0,1
1723836749,772,4,4,8,8,7.923,0,0,0.31 | 0.31 | 0.31,0,2.04 | 2.77 | 3.33,0,1.20 | 1.44 | 1.97,0.946,0.000,0,1,0,0,0,0,-1,0,0,0,,0,,0,,0,0,0,1
1723836749,772,4,4,8,8,7.923,0,0,0.31 | 0.31 | 0.31,0,2.04 | 2.77 | 3.33,0,1.20 | 1.44 | 1.97,0.946,0.000,0,1,0,0,0,0,-1,0,0,0,,0,,0,,0,0,0,1
1723836749,772,4,4,8,8,7.923,0,0,0.31 | 0.31 | 0.31,0,2.04 | 2.77 | 3.33,0,1.20 | 1.44 | 1.97,0.946,0.000,0,1,0,0,0,0,-1,0,0,0,,0,,0,,0,0,0,1
1723836749,772,4,4,8,8,7.001,0,0,0.31 | 0.31 | 0.31,0,2.04 | 2.77 | 3.33,0,1.20 | 1.44 | 1.97,0.946,0.000,0,1,0,0,0,0,-1,0,0,0,,0,,0,,0,0,0,1
1723836750,772,4,4,8,8,7.001,0,0,0.31 | 0.31 | 0.31,0,2.04 | 2.77 | 3.33,0,1.20 | 1.44 | 1.97,0.946,0.000,0,1,0,0,0,0,-1,0,0,0,,0,,0,,0,0,0,1
1723836750,772,4,4,8,8,7.001,0,0,0.31 | 0.31 | 0.31,0,2.04 | 2.77 | 3.33,0,1.20 | 1.44 | 1.97,0.946,0.000,0,1,0,0,0,0,-1,0,0,0,,0,,0,,0,0,0,1
1723836750,772,4,4,8,8,7.001,0,0,0.31 | 0.31 | 0.31,0,2.04 | 2.77 | 3.33,0,1.20 | 1.44 | 1.97,0.946,0.000,0,1,0,0,0,0,-1,0,0,0,,0,,0,,0,0,0,1
1723836750,772,4,4,8,8,7.001,0,0,0.31 | 0.31 | 0.31,0,2.04 | 2.77 | 3.33,0,1.20 | 1.44 | 1.97,0.946,0.000,0,1,0,0,0,0,-1,0,0,0,,0,,0,,0,0,0,1
1723836750,772,4,4,8,8,7.001,0,0,0.31 | 0.31 | 0.31,0,2.04 | 2.77 | 3.33,0,1.20 | 1.44 | 1.97,0.946,0.000,0,1,0,0,0,0,-1,0,0,0,,0,,0,,0,0,0,1
1723836750,772,4,4,8,8,7.001,0,0,0.31 | 0.31 | 0.31,0,2.04 | 2.77 | 3.33,0,1.20 | 1.44 | 1.97,0.946,0.000,0,1,0,0,0,0,-1,0,0,0,,0,,0,,0,0,0,1
1723836750,772,4,4,8,8,7.001,0,0,0.31 | 0.31 | 0.31,0,2.04 | 2.77 | 3.33,0,1.20 | 1.44 | 1.97,0.946,0.000,0,1,0,0,0,0,-1,0,0,0,,0,,0,,0,0,0,1
1723836750,772,4,4,8,8,7.001,0,0,0.31 | 0.31 | 0.31,0,2.04 | 2.77 | 3.33,0,1.20 | 1.44 | 1.97,0.946,0.000,0,1,0,0,0,0,-1,0,0,0,,0,,0,,0,0,0,1
1723836750,772,4,4,8,8,7.001,0,0,0.31 | 0.31 | 0.31,0,2.04 | 2.77 | 3.33,0,1.20 | 1.44 | 1.97,0.946,0.000,0,1,0,0,0,0,-1,0,0,0,,0,,0,,0,0,0,1
1723836750,772,4,4,8,8,5.938,0,0,0.31 | 0.31 | 0.31,0,2.04 | 2.77 | 3.33,0,1.20 | 1.44 | 1.97,0.946,0.000,0,1,0,0,0,0,-1,0,0,0,,0,,0,,0,0,0,1
1723836751,772,4,4,8,8,5.938,0,0,0.31 | 0.31 | 0.31,0,2.04 | 2.77 | 3.33,0,1.20 | 1.44 | 1.97,0.946,0.000,0,1,0,0,0,0,-1,0,0,0,,0,,0,,0,0,0,1
1723836751,772,4,4,8,8,5.938,0,0,0.31 | 0.31 | 0.31,0,2.04 | 2.77 | 3.33,0,1.20 | 1.44 | 1.97,0.946,0.000,0,1,0,0,0,0,-1,0,0,0,,0,,0,,0,0,0,1
1723836751,772,4,4,8,8,5.938,0,0,0.31 | 0.31 | 0.31,0,2.04 | 2.77 | 3.33,0,1.20 | 1.44 | 1.97,0.946,0.000,0,1,0,0,0,0,-1,0,0,0,,0,,0,,0,0,0,1
1723836751,772,4,4,8,8,5.938,0,0,0.31 | 0.31 | 0.31,0,2.04 | 2.77 | 3.33,0,1.20 | 1.44 | 1.97,0.946,0.000,0,1,0,0,0,0,-1,0,0,0,,0,,0,,0,0,0,1
1723836751,772,4,4,8,8,5.938,0,0,0.31 | 0.31 | 0.31,0,2.04 | 2.77 | 3.33,0,1.20 | 1.44 | 1.97,0.946,0.000,0,1,0,0,0,0,-1,0,0,0,,0,,0,,0,0,0,1
1723836751,772,4,4,8,8,5.938,0,0,0.31 | 0.31 | 0.31,0,2.04 | 2.77 | 3.33,0,1.20 | 1.44 | 1.97,0.946,0.000,0,1,0,0,0,0,-1,0,0,0,,0,,0,,0,0,0,1
1723836751,772,4,4,8,8,5.938,0,0,0.31 | 0.31 | 0.31,0,2.04 | 2.77 | 3.33,0,1.20 | 1.44 | 1.97,0.946,0.000,0,1,0,0,0,0,-1,0,0,0,,0,,0,,0,0,0,1
1723836751,772,4,4,8,8,5.938,0,0,0.31 | 0.31 | 0.31,0,2.04 | 2.77 | 3.33,0,1.20 | 1.44 | 1.97,0.946,0.000,0,1,0,0,0,0,-1,0,0,0,,0,,0,,0,0,0,1
1723836751,772,4,4,8,8,5.938,0,0,0.31 | 0.31 | 0.31,0,2.04 | 2.77 | 3.33,0,1.20 | 1.44 | 1.97,0.946,0.000,0,1,0,0,0,0,-1,0,0,0,,0,,0,,0,0,0,1
1723836751,772,4,4,8,8,4.876,0,0,0.31 | 0.31 | 0.31,0,2.04 | 2.77 | 3.33,0,1.20 | 1.44 | 1.97,0.946,0.000,0,1,0,0,0,0,-1,0,0,0,,0,,0,,0,0,0,1
1723836752,772,4,4,8,8,4.876,0,0,0.31 | 0.31 | 0.31,0,2.04 | 2.77 | 3.33,0,1.20 | 1.44 | 1.97,0.946,0.000,0,1,0,0,0,0,-1,0,0,0,,0,,0,,0,0,0,1
1723836752,772,3,4,8,8,4.876,0,0,0.31 | 0.31 | 0.31,0,2.04 | 2.77 | 3.33,0,1.20 | 1.44 | 1.97,0.946,0.000,0,1,0,0,0,0,-1,0,0,0,,0,,0,,0,0,0,1
1723836752,772,3,4,8,8,4.876,0,0,0.31 | 0.31 | 0.31,0,2.04 | 2.77 | 3.33,0,1.20 | 1.44 | 1.97,0.946,0.000,0,1,0,0,0,0,-1,0,0,0,,0,,0,,0,0,0,1
1723836752,772,3,4,8,8,4.876,0,0,0.31 | 0.31 | 0.31,0,2.04 | 2.77 | 3.33,0,1.20 | 1.44 | 1.97,0.946,0.000,0,1,0,0,0,0,-1,0,0,0,,0,,0,,0,0,0,1
1723836752,772,3,4,8,8,4.876,0,0,0.31 | 0.31 | 0.31,0,2.04 | 2.77 | 3.33,0,1.20 | 1.44 | 1.97,0.946,0.000,0,1,0,0,0,0,-1,0,0,0,,0,,0,,0,0,0,1
1723836752,772,3,4,8,8,4.876,0,0,0.31 | 0.31 | 0.31,0,2.04 | 2.77 | 3.33,0,1.20 | 1.44 | 1.97,0.946,0.000,0,1,0,0,0,0,-1,0,0,0,,0,,0,,0,0,0,1
1723836752,772,3,4,8,8,4.876,0,0,0.31 | 0.31 | 0.31,0,2.04 | 2.77 | 3.33,0,1.20 | 1.44 | 1.97,0.946,0.000,0,1,0,0,0,0,-1,0,0,0,,0,,0,,0,0,0,1
1723836752,772,3,4,8,8,4.876,0,0,0.31 | 0.31 | 0.31,0,2.04 | 2.77 | 3.33,0,1.20 | 1.44 | 1.97,0.946,0.000,0,1,0,0,0,0,-1,0,0,0,,0,,0,,0,0,0,1
1723836752,772,3,4,8,8,4.876,0,0,0.31 | 0.31 | 0.31,0,2.04 | 2.77 | 3.33,0,1.20 | 1.44 | 1.97,0.946,0.000,0,1,0,0,0,0,-1,0,0,0,,0,,0,,0,0,0,1
1723836752,772,3,4,8,8,4.079,0,0,0.31 | 0.31 | 0.31,0,2.04 | 2.77 | 3.33,0,1.20 | 1.44 | 1.97,0.946,0.000,0,1,0,0,0,0,-1,0,0,0,,0,,0,,0,0,0,1
1723836753,772,3,4,8,8,4.079,0,0,0.31 | 0.31 | 0.31,0,2.04 | 2.77 | 3.33,0,1.20 | 1.44 | 1.97,0.946,0.000,0,1,0,0,0,0,-1,0,0,0,,0,,0,,0,0,0,1
1723836753,772,3,4,8,8,4.079,0,0,0.31 | 0.31 | 0.31,0,2.04 | 2.77 | 3.33,0,1.20 | 1.44 | 1.97,0.946,0.000,0,1,0,0,0,0,-1,0,0,0,,0,,0,,0,0,0,1
1723836753,194,4,1,8,8,4.079,0,0,0.31 | 0.31 | 0.31,0,2.04 | 2.77 | 3.33,0,1.20 | 1.44 | 1.97,0.946,0.000,0,1,0,0,0,0,-1,0,0,0,,0,,0,,0,0,0,1
1723836753,194,4,1,8,8,4.079,0,0,0.31 | 0.31 | 0.31,0,2.04 | 2.77 | 3.33,0,1.20 | 1.44 | 1.97,0.946,0.000,0,1,0,0,0,0,-1,0,0,0,,0,,0,,0,0,0,1
1723836753,194,4,1,8,8,4.079,0,0,0.31 | 0.31 | 0.31,0,2.04 | 2.77 | 3.33,0,1.20 | 1.44 | 1.97,0.946,0.000,0,1,0,0,0,0,-1,0,0,0,,0,,0,,0,0,0,1
1723836753,194,4,1,8,8,4.079,0,0,0.31 | 0.31 | 0.31,0,2.04 | 2.77 | 3.33,0,1.20 | 1.44 | 1.97,0.946,0.000,0,1,0,0,0,0,-1,0,0,0,,0,,0,,0,0,0,1
1723836753,194,4,1,8,8,4.079,0,0,0.31 | 0.31 | 0.31,0,2.04 | 2.77 | 3.33,0,1.20 | 1.44 | 1.97,0.946,0.000,0,1,0,0,0,0,-1,0,0,0,,0,,0,,0,0,0,1
1723836753,194,4,1,8,8,4.079,0,0,0.31 | 0.31 | 0.31,0,2.04 | 2.77 | 3.33,0,1.20 | 1.44 | 1.97,0.946,0.000,0,1,0,0,0,0,-1,0,0,0,,0,,0,,0,0,0,1
1723836753,194,4,1,8,8,4.079,0,0,0.31 | 0.31 | 0.31,0,2.04 | 2.77 | 3.33,0,1.20 | 1.44 | 1.97,0.946,0.000,0,1,0,0,0,0,-1,0,0,0,,0,,0,,0,0,0,1
1723836753,194,4,1,8,8,2.873,0,0,0.31 | 0.31 | 0.31,0,2.04 | 3.10 | 4.35,0,0.92 | 1.29 | 1.97,0.942,0.000,0,1,0,0,0,0,-1,0,0,0,,0,,0,,0,0,0,1
1723836754,194,4,1,8,8,2.873,0,0,0.31 | 0.31 | 0.31,0,2.04 | 3.10 | 4.35,0,0.92 | 1.29 | 1.97,0.942,0.000,0,1,0,0,0,0,-1,0,0,0,,0,,0,,0,0,0,1
1723836754,194,4,1,8,8,2.873,0,0,0.31 | 0.31 | 0.31,0,2.04 | 3.10 | 4.35,0,0.92 | 1.29 | 1.97,0.942,0.000,0,1,0,0,0,0,-1,0,0,0,,0,,0,,0,0,0,1
1723836754,194,4,1,8,8,2.873,0,0,0.31 | 0.31 | 0.31,0,2.04 | 3.10 | 4.35,0,0.92 | 1.29 | 1.97,0.942,0.000,0,1,0,0,0,0,-1,0,0,0,,0,,0,,0,0,0,1
1723836754,194,4,1,8,8,2.873,0,0,0.31 | 0.31 | 0.31,0,2.04 | 3.10 | 4.35,0,0.92 | 1.29 | 1.97,0.942,0.000,0,1,0,0,0,0,-1,0,0,0,,0,,0,,0,0,0,1
1723836754,194,4,1,8,8,2.873,0,0,0.31 | 0.31 | 0.31,0,2.04 | 3.10 | 4.35,0,0.92 | 1.29 | 1.97,0.942,0.000,0,1,0,0,0,0,-1,0,0,0,,0,,0,,0,0,0,1
1723836754,194,4,1,8,8,2.873,0,0,0.31 | 0.31 | 0.31,0,2.04 | 3.10 | 4.35,0,0.92 | 1.29 | 1.97,0.942,0.000,0,1,0,0,0,0,-1,0,0,0,,0,,0,,0,0,0,1
1723836754,194,4,1,8,8,2.873,0,0,0.31 | 0.31 | 0.31,0,2.04 | 3.10 | 4.35,0,0.92 | 1.29 | 1.97,0.942,0.000,0,1,0,0,0,0,-1,0,0,0,,0,,0,,0,0,0,1
1723836754,387,4,2,8,8,2.873,0,0,0.31 | 0.31 | 0.31,0,2.04 | 3.10 | 4.35,0,0.92 | 1.29 | 1.97,0.942,0.000,0,1,0,0,0,0,-1,0,0,0,,0,,0,,0,0,0,1
1723836754,387,4,2,8,8,2.873,0,0,0.31 | 0.31 | 0.31,0,2.04 | 3.10 | 4.35,0,0.92 | 1.29 | 1.97,0.942,0.000,0,1,0,0,0,0,-1,0,0,0,,0,,0,,0,0,0,1
1723836754,387,4,2,8,8,5.154,0,0,0.31 | 0.31 | 0.31,0,0.81 | 2.80 | 4.35,0,0.92 | 1.43 | 4.94,0.926,0.000,0,1,0,0,0,0,-1,0,0,0,,0,,0,,0,0,0,1
1723836755,387,4,2,8,8,5.154,0,0,0.31 | 0.31 | 0.31,0,0.81 | 2.80 | 4.35,0,0.92 | 1.43 | 4.94,0.926,0.000,0,1,0,0,0,0,-1,0,0,0,,0,,0,,0,0,0,1
1723836755,387,4,2,8,8,5.154,0,0,0.31 | 0.31 | 0.31,0,0.81 | 2.80 | 4.35,0,0.92 | 1.43 | 4.94,0.926,0.000,0,1,0,0,0,0,-1,0,0,0,,0,,0,,0,0,0,1
1723836755,387,4,2,8,8,5.154,0,0,0.31 | 0.31 | 0.31,0,0.81 | 2.80 | 4.35,0,0.92 | 1.43 | 4.94,0.926,0.000,0,1,0,0,0,0,-1,0,0,0,,0,,0,,0,0,0,1
1723836755,387,4,2,8,8,5.154,0,0,0.31 | 0.31 | 0.31,0,0.81 | 2.80 | 4.35,0,0.92 | 1.43 | 4.94,0.926,0.000,0,1,0,0,0,0,-1,0,0,0,,0,,0,,0,0,0,1
1723836755,387,4,2,8,8,5.154,0,0,0.31 | 0.31 | 0.31,0,0.81 | 2.80 | 4.35,0,0.92 | 1.43 | 4.94,0.926,0.000,0,1,0,0,0,0,-1,0,0,0,,0,,0,,0,0,0,1
1723836755,387,4,2,8,8,5.154,0,0,0.31 | 0.31 | 0.31,0,0.81 | 2.80 | 4.35,0,0.92 | 1.43 | 4.94,0.926,0.000,0,1,0,0,0,0,-1,0,0,0,,0,,0,,0,0,0,1
1723836755,387,4,2,8,8,5.154,0,0,0.31 | 0.31 | 0.31,0,0.81 | 2.80 | 4.35,0,0.92 | 1.43 | 4.94,0.926,0.000,0,1,0,0,0,0,-1,0,0,0,,0,,0,,0,0,0,1
1723836755,387,4,2,8,8,5.154,0,0,0.31 | 0.31 | 0.31,0,0.81 | 2.80 | 4.35,0,0.92 | 1.43 | 4.94,0.926,0.000,0,1,0,0,0,0,-1,0,0,0,,0,,0,,0,0,0,1
1723836755,387,4,2,8,8,5.154,0,0,0.31 | 0.31 | 0.31,0,0.81 | 2.80 | 4.35,0,0.92 | 1.43 | 4.94,0.926,0.000,0,1,0,0,0,0,-1,0,0,0,,0,,0,,0,0,0,1
1723836755,387,4,2,8,8,4.092,0,0,0.31 | 0.31 | 0.31,0,0.81 | 2.80 | 4.35,0,0.92 | 1.43 | 4.94,0.926,0.000,0,1,0,0,0,0,-1,0,0,0,,0,,0,,0,0,0,1
1723836756,387,4,2,8,8,4.092,0,0,0.31 | 0.31 | 0.31,0,0.81 | 2.80 | 4.35,0,0.92 | 1.43 | 4.94,0.926,0.000,0,1,0,0,0,0,-1,0,0,0,,0,,0,,0,0,0,1
1723836756,387,1,2,8,8,4.092,0,0,0.31 | 0.31 | 0.31,0,0.81 | 2.80 | 4.35,0,0.92 | 1.43 | 4.94,0.926,0.000,0,1,0,0,0,0,-1,0,0,0,,0,,0,,0,0,0,1
1723836756,387,1,2,8,8,4.092,0,0,0.31 | 0.31 | 0.31,0,0.81 | 2.80 | 4.35,0,0.92 | 1.43 | 4.94,0.926,0.000,0,1,0,0,0,0,-1,0,0,0,,0,,0,,0,0,0,1
1723836756,387,1,2,8,8,4.092,0,0,0.31 | 0.31 | 0.31,0,0.81 | 2.80 | 4.35,0,0.92 | 1.43 | 4.94,0.926,0.000,0,1,0,0,0,0,-1,0,0,0,,0,,0,,0,0,0,1
1723836756,387,1,2,8,8,4.092,0,0,0.31 | 0.31 | 0.31,0,0.81 | 2.80 | 4.35,0,0.92 | 1.43 | 4.94,0.926,0.000,0,1,0,0,0,0,-1,0,0,0,,0,,0,,0,0,0,1
1723836756,387,1,2,8,8,4.092,0,0,0.31 | 0.31 | 0.31,0,0.81 | 2.80 | 4.35,0,0.92 | 1.43 | 4.94,0.926,0.000,0,1,0,0,0,0,-1,0,0,0,,0,,0,,0,0,0,1
1723836756,387,1,2,8,8,4.092,0,0,0.31 | 0.31 | 0.31,0,0.81 | 2.80 | 4.35,0,0.92 | 1.43 | 4.94,0.926,0.000,0,1,0,0,0,0,-1,0,0,0,,0,,0,,0,0,0,1
1723836756,387,1,2,8,8,4.092,0,0,0.31 | 0.31 | 0.31,0,0.81 | 2.80 | 4.35,0,0.92 | 1.43 | 4.94,0.926,0.000,0,1,0,0,0,0,-1,0,0,0,,0,,0,,0,0,0,1
1723836756,387,1,2,8,8,4.092,0,0,0.31 | 0.31 | 0.31,0,0.81 | 2.80 | 4.35,0,0.92 | 1.43 | 4.94,0.926,0.000,0,1,0,0,0,0,-1,0,0,0,,0,,0,,0,0,0,1
1723836756,387,1,2,8,8,3.263,0,0,0.31 | 0.31 | 0.31,0,0.81 | 2.80 | 4.35,0,0.92 | 1.43 | 4.94,0.926,0.000,0,1,0,0,0,0,-1,0,0,0,,0,,0,,0,0,0,1
1723836757,387,1,2,8,8,3.263,0,0,0.31 | 0.31 | 0.31,0,0.81 | 2.80 | 4.35,0,0.92 | 1.43 | 4.94,0.926,0.000,0,1,0,0,0,0,-1,0,0,0,,0,,0,,0,0,0,1
1723836757,387,1,2,8,8,3.263,0,0,0.31 | 0.31 | 0.31,0,0.81 | 2.80 | 4.35,0,0.92 | 1.43 | 4.94,0.926,0.000,0,1,0,0,0,0,-1,0,0,0,,0,,0,,0,0,0,1
1723836757,387,1,2,8,8,3.263,0,0,0.31 | 0.31 | 0.31,0,0.81 | 2.80 | 4.35,0,0.92 | 1.43 | 4.94,0.926,0.000,0,1,0,0,0,0,-1,0,0,0,,0,,0,,0,0,0,1
1723836757,580,1,3,8,8,3.263,0,0,0.31 | 0.31 | 0.31,0,0.81 | 2.80 | 4.35,0,0.92 | 1.43 | 4.94,0.926,0.000,0,1,0,0,0,0,-1,0,0,0,,0,,0,,0,0,0,1
1723836757,580,1,3,8,8,3.263,0,0,0.31 | 0.31 | 0.31,0,0.81 | 2.80 | 4.35,0,0.92 | 1.43 | 4.94,0.926,0.000,0,1,0,0,0,0,-1,0,0,0,,0,,0,,0,0,0,1
1723836757,580,1,3,8,8,3.263,0,0,0.31 | 0.31 | 0.31,0,0.81 | 2.80 | 4.35,0,0.92 | 1.43 | 4.94,0.926,0.000,0,1,0,0,0,0,-1,0,0,0,,0,,0,,0,0,0,1
1723836757,580,1,3,8,8,3.263,0,0,0.31 | 0.31 | 0.31,0,0.81 | 2.80 | 4.35,0,0.92 | 1.43 | 4.94,0.926,0.000,0,1,0,0,0,0,-1,0,0,0,,0,,0,,0,0,0,1
1723836757,580,1,3,8,8,3.263,0,0,0.31 | 0.31 | 0.31,0,0.81 | 2.80 | 4.35,0,0.92 | 1.43 | 4.94,0.926,0.000,0,1,0,0,0,0,-1,0,0,0,,0,,0,,0,0,0,1
1723836757,580,1,3,8,8,3.263,0,0,0.31 | 0.31 | 0.31,0,0.81 | 2.80 | 4.35,0,0.92 | 1.43 | 4.94,0.926,0.000,0,1,0,0,0,0,-1,0,0,0,,0,,0,,0,0,0,1
1723836757,580,1,3,8,8,6.938,0,0,0.30 | 0.31 | 0.31,0,0.81 | 2.47 | 4.35,0,0.92 | 1.62 | 4.94,0.928,0.000,0,1,0,0,0,0,-1,0,0,0,,0,,0,,0,0,0,1
1723836758,580,1,3,8,8,6.938,0,0,0.30 | 0.31 | 0.31,0,0.81 | 2.47 | 4.35,0,0.92 | 1.62 | 4.94,0.928,0.000,0,1,0,0,0,0,-1,0,0,0,,0,,0,,0,0,0,1
1723836758,580,1,3,8,8,6.938,0,0,0.30 | 0.31 | 0.31,0,0.81 | 2.47 | 4.35,0,0.92 | 1.62 | 4.94,0.928,0.000,0,1,0,0,0,0,-1,0,0,0,,0,,0,,0,0,0,1
1723836758,580,1,3,8,8,6.938,0,0,0.30 | 0.31 | 0.31,0,0.81 | 2.47 | 4.35,0,0.92 | 1.62 | 4.94,0.928,0.000,0,1,0,0,0,0,-1,0,0,0,,0,,0,,0,0,0,1
1723836758,580,1,3,8,8,6.938,0,0,0.30 | 0.31 | 0.31,0,0.81 | 2.47 | 4.35,0,0.92 | 1.62 | 4.94,0.928,0.000,0,1,0,0,0,0,-1,0,0,0,,0,,0,,0,0,0,1
1723836758,580,1,3,8,8,6.938,0,0,0.30 | 0.31 | 0.31,0,0.81 | 2.47 | 4.35,0,0.92 | 1.62 | 4.94,0.928,0.000,0,1,0,0,0,0,-1,0,0,0,,0,,0,,0,0,0,1
1723836758,580,1,3,8,8,6.938,0,0,0.30 | 0.31 | 0.31,0,0.81 | 2.47 | 4.35,0,0.92 | 1.62 | 4.94,0.928,0.000,0,1,0,0,0,0,-1,0,0,0,,0,,0,,0,0,0,1
1723836758,580,1,3,8,8,6.938,0,0,0.30 | 0.31 | 0.31,0,0.81 | 2.47 | 4.35,0,0.92 | 1.62 | 4.94,0.928,0.000,0,1,0,0,0,0,-1,0,0,0,,0,,0,,0,0,0,1
1723836758,580,1,3,8,8,6.938,0,0,0.30 | 0.31 | 0.31,0,0.81 | 2.47 | 4.35,0,0.92 | 1.62 | 4.94,0.928,0.000,0,1,0,0,0,0,-1,0,0,0,,0,,0,,0,0,0,1
1723836758,580,1,3,8,8,6.938,0,0,0.30 | 0.31 | 0.31,0,0.81 | 2.47 | 4.35,0,0.92 | 1.62 | 4.94,0.928,0.000,0,1,0,0,0,0,-1,0,0,0,,0,,0,,0,0,0,1
1723836758,580,1,3,8,8,5.938,0,0,0.30 | 0.31 | 0.31,0,0.81 | 2.47 | 4.35,0,0.92 | 1.62 | 4.94,0.928,0.000,0,1,0,0,0,0,-1,0,0,0,,0,,0,,0,0,0,1
1723836759,580,1,3,8,8,5.938,0,0,0.30 | 0.31 | 0.31,0,0.81 | 2.47 | 4.35,0,0.92 | 1.62 | 4.94,0.928,0.000,0,1,0,0,0,0,-1,0,0,0,,0,,0,,0,0,0,1
1723836759,580,1,3,8,8,5.938,0,0,0.30 | 0.31 | 0.31,0,0.81 | 2.47 | 4.35,0,0.92 | 1.62 | 4.94,0.928,0.000,0,1,0,0,0,0,-1,0,0,0,,0,,0,,0,0,0,1
1723836759,580,1,3,8,8,5.938,0,0,0.30 | 0.31 | 0.31,0,0.81 | 2.47 | 4.35,0,0.92 | 1.62 | 4.94,0.928,0.000,0,1,0,0,0,0,-1,0,0,0,,0,,0,,0,0,0,1
1723836759,580,1,3,8,8,5.938,0,0,0.30 | 0.31 | 0.31,0,0.81 | 2.47 | 4.35,0,0.92 | 1.62 | 4.94,0.928,0.000,0,1,0,0,0,0,-1,0,0,0,,0,,0,,0,0,0,1
1723836759,580,1,3,8,8,5.938,0,0,0.30 | 0.31 | 0.31,0,0.81 | 2.47 | 4.35,0,0.92 | 1.62 | 4.94,0.928,0.000,0,1,0,0,0,0,-1,0,0,0,,0,,0,,0,0,0,1
1723836759,580,1,3,8,8,5.938,0,0,0.30 | 0.31 | 0.31,0,0.81 | 2.47 | 4.35,0,0.92 | 1.62 | 4.94,0.928,0.000,0,1,0,0,0,0,-1,0,0,0,,0,,0,,0,0,0,1
1723836759,580,1,3,8,8,5.938,0,0,0.30 | 0.31 | 0.31,0,0.81 | 2.47 | 4.35,0,0.92 | 1.62 | 4.94,0.928,0.000,0,1,0,0,0,0,-1,0,0,0,,0,,0,,0,0,0,1
1723836759,580,1,3,8,8,5.938,0,0,0.30 | 0.31 | 0.31,0,0.81 | 2.47 | 4.35,0,0.92 | 1.62 | 4.94,0.928,0.000,0,1,0,0,0,0,-1,0,0,0,,0,,0,,0,0,0,1
1723836759,580,1,3,8,8,5.938,0,0,0.30 | 0.31 | 0.31,0,0.81 | 2.47 | 4.35,0,0.92 | 1.62 | 4.94,0.928,0.000,0,1,0,0,0,0,-1,0,0,0,,0,,0,,0,0,0,1
1723836759,580,1,3,8,8,4.876,0,0,0.30 | 0.31 | 0.31,0,0.81 | 2.47 | 4.35,0,0.92 | 1.62 | 4.94,0.928,0.000,0,1,0,0,0,0,-1,0,0,0,,0,,0,,0,0,0,1
1723836760,580,1,3,8,8,4.876,0,0,0.30 | 0.31 | 0.31,0,0.81 | 2.47 | 4.35,0,0.92 | 1.62 | 4.94,0.928,0.000,0,1,0,0,0,0,-1,0,0,0,,0,,0,,0,0,0,1
1723836760,580,2,3,8,8,4.876,0,0,0.30 | 0.31 | 0.31,0,0.81 | 2.47 | 4.35,0,0.92 | 1.62 | 4.94,0.928,0.000,0,1,0,0,0,0,-1,0,0,0,,0,,0,,0,0,0,1
1723836760,580,2,3,8,8,4.876,0,0,0.30 | 0.31 | 0.31,0,0.81 | 2.47 | 4.35,0,0.92 | 1.62 | 4.94,0.928,0.000,0,1,0,0,0,0,-1,0,0,0,,0,,0,,0,0,0,1
1723836760,580,2,3,8,8,4.876,0,0,0.30 | 0.31 | 0.31,0,0.81 | 2.47 | 4.35,0,0.92 | 1.62 | 4.94,0.928,0.000,0,1,0,0,0,0,-1,0,0,0,,0,,0,,0,0,0,1
1723836760,580,2,3,8,8,4.876,0,0,0.30 | 0.31 | 0.31,0,0.81 | 2.47 | 4.35,0,0.92 | 1.62 | 4.94,0.928,0.000,0,1,0,0,0,0,-1,0,0,0,,0,,0,,0,0,0,1
1723836760,580,2,3,8,8,4.876,0,0,0.30 | 0.31 | 0.31,0,0.81 | 2.47 | 4.35,0,0.92 | 1.62 | 4.94,0.928,0.000,0,1,0,0,0,0,-1,0,0,0,,0,,0,,0,0,0,1
1723836760,580,2,3,8,8,4.876,0,0,0.30 | 0.31 | 0.31,0,0.81 | 2.47 | 4.35,0,0.92 | 1.62 | 4.94,0.928,0.000,0,1,0,0,0,0,-1,0,0,0,,0,,0,,0,0,0,1
1723836760,580,2,3,8,8,4.876,0,0,0.30 | 0.31 | 0.31,0,0.81 | 2.47 | 4.35,0,0.92 | 1.62 | 4.94,0.928,0.000,0,1,0,0,0,0,-1,0,0,0,,0,,0,,0,0,0,1
1723836760,580,2,3,8,8,4.876,0,0,0.30 | 0.31 | 0.31,0,0.81 | 2.47 | 4.35,0,0.92 | 1.62 | 4.94,0.928,0.000,0,1,0,0,0,0,-1,0,0,0,,0,,0,,0,0,0,1
1723836760,580,2,3,8,8,4.079,0,0,0.30 | 0.31 | 0.31,0,0.81 | 2.47 | 4.35,0,0.92 | 1.62 | 4.94,0.928,0.000,0,1,0,0,0,0,-1,0,0,0,,0,,0,,0,0,0,1
1723836761,387,2,2,8,8,4.079,0,0,0.30 | 0.31 | 0.31,0,0.81 | 2.47 | 4.35,0,0.92 | 1.62 | 4.94,0.928,0.000,0,1,0,0,0,0,-1,0,0,0,,0,,0,,0,0,0,1
1723836761,387,2,2,8,8,4.079,0,0,0.30 | 0.31 | 0.31,0,0.81 | 2.47 | 4.35,0,0.92 | 1.62 | 4.94,0.928,0.000,0,1,0,0,0,0,-1,0,0,0,,0,,0,,0,0,0,1
1723836761,387,3,2,8,8,4.079,0,0,0.30 | 0.31 | 0.31,0,0.81 | 2.47 | 4.35,0,0.92 | 1.62 | 4.94,0.928,0.000,0,1,0,0,0,0,-1,0,0,0,,0,,0,,0,0,0,1
1723836761,387,3,2,8,8,4.079,0,0,0.30 | 0.31 | 0.31,0,0.81 | 2.47 | 4.35,0,0.92 | 1.62 | 4.94,0.928,0.000,0,1,0,0,0,0,-1,0,0,0,,0,,0,,0,0,0,1
1723836761,387,3,2,8,8,4.079,0,0,0.30 | 0.31 | 0.31,0,0.81 | 2.47 | 4.35,0,0.92 | 1.62 | 4.94,0.928,0.000,0,1,0,0,0,0,-1,0,0,0,,0,,0,,0,0,0,1
1723836761,387,3,2,8,8,4.079,0,0,0.30 | 0.31 | 0.31,0,0.81 | 2.47 | 4.35,0,0.92 | 1.62 | 4.94,0.928,0.000,0,1,0,0,0,0,-1,0,0,0,,0,,0,,0,0,0,1
1723836761,387,3,2,8,8,4.079,0,0,0.30 | 0.31 | 0.31,0,0.81 | 2.47 | 4.35,0,0.92 | 1.62 | 4.94,0.928,0.000,0,1,0,0,0,0,-1,0,0,0,,0,,0,,0,0,0,1
1723836761,387,3,2,8,8,4.079,0,0,0.30 | 0.31 | 0.31,0,0.81 | 2.47 | 4.35,0,0.92 | 1.62 | 4.94,0.928,0.000,0,1,0,0,0,0,-1,0,0,0,,0,,0,,0,0,0,1
1723836761,387,3,2,8,8,4.079,0,0,0.30 | 0.31 | 0.31,0,0.81 | 2.47 | 4.35,0,0.92 | 1.62 | 4.94,0.928,0.000,0,1,0,0,0,0,-1,0,0,0,,0,,0,,0,0,0,1
1723836761,387,3,2,8,8,3.016,0,0,0.30 | 0.31 | 0.31,0,0.81 | 2.56 | 4.35,0,0.92 | 1.56 | 4.94,0.931,0.000,0,1,0,0,0,0,-1,0,0,0,,0,,0,,0,0,0,1
1723836762,387,3,2,8,8,3.016,0,0,0.30 | 0.31 | 0.31,0,0.81 | 2.56 | 4.35,0,0.92 | 1.56 | 4.94,0.931,0.000,0,1,0,0,0,0,-1,0,0,0,,0,,0,,0,0,0,1
1723836762,387,3,2,8,8,3.016,0,0,0.30 | 0.31 | 0.31,0,0.81 | 2.56 | 4.35,0,0.92 | 1.56 | 4.94,0.931,0.000,0,1,0,0,0,0,-1,0,0,0,,0,,0,,0,0,0,1
1723836762,387,3,2,8,8,3.016,0,0,0.30 | 0.31 | 0.31,0,0.81 | 2.56 | 4.35,0,0.92 | 1.56 | 4.94,0.931,0.000,0,1,0,0,0,0,-1,0,0,0,,0,,0,,0,0,0,1
1723836762,387,3,2,8,8,3.016,0,0,0.30 | 0.31 | 0.31,0,0.81 | 2.56 | 4.35,0,0.92 | 1.56 | 4.94,0.931,0.000,0,1,0,0,0,0,-1,0,0,0,,0,,0,,0,0,0,1
1723836762,387,3,2,8,8,3.016,0,0,0.30 | 0.31 | 0.31,0,0.81 | 2.56 | 4.35,0,0.92 | 1.56 | 4.94,0.931,0.000,0,1,0,0,0,0,-1,0,0,0,,0,,0,,0,0,0,1
1723836762,387,3,2,8,8,3.016,0,0,0.30 | 0.31 | 0.31,0,0.81 | 2.56 | 4.35,0,0.92 | 1.56 | 4.94,0.931,0.000,0,1,0,0,0,0,-1,0,0,0,,0,,0,,0,0,0,1
1723836762,387,3,2,8,8,3.016,0,0,0.30 | 0.31 | 0.31,0,0.81 | 2.56 | 4.35,0,0.92 | 1.56 | 4.94,0.931,0.000,0,1,0,0,0,0,-1,0,0,0,,0,,0,,0,0,0,1
1723836762,387,3,2,8,8,3.016,0,0,0.30 | 0.31 | 0.31,0,0.81 | 2.56 | 4.35,0,0.92 | 1.56 | 4.94,0.931,0.000,0,1,0,0,0,0,-1,0,0,0,,0,,0,,0,0,0,1
1723836762,387,3,2,8,8,3.016,0,0,0.30 | 0.31 | 0.31,0,0.81 | 2.56 | 4.35,0,0.92 | 1.56 | 4.94,0.931,0.000,0,1,0,0,0,0,-1,0,0,0,,0,,0,,0,0,0,1
1723836762,387,3,2,8,8,1.954,0,0,0.30 | 0.31 | 0.31,0,0.81 | 2.56 | 4.35,0,0.92 | 1.56 | 4.94,0.931,0.000,0,1,0,0,0,0,-1,0,0,0,,0,,0,,0,0,0,1
1723836763,387,3,2,8,8,1.954,0,0,0.30 | 0.31 | 0.31,0,0.81 | 2.56 | 4.35,0,0.92 | 1.56 | 4.94,0.931,0.000,0,1,0,0,0,0,-1,0,0,0,,0,,0,,0,0,0,1
1723836763,387,3,2,8,8,1.954,0,0,0.30 | 0.31 | 0.31,0,0.81 | 2.56 | 4.35,0,0.92 | 1.56 | 4.94,0.931,0.000,0,1,0,0,0,0,-1,0,0,0,,0,,0,,0,0,0,1
1723836763,387,3,2,8,8,1.954,0,0,0.30 | 0.31 | 0.31,0,0.81 | 2.56 | 4.35,0,0.92 | 1.56 | 4.94,0.931,0.000,0,1,0,0,0,0,-1,0,0,0,,0,,0,,0,0,0,1
1723836763,387,3,2,8,8,1.954,0,0,0.30 | 0.31 | 0.31,0,0.81 | 2.56 | 4.35,0,0.92 | 1.56 | 4.94,0.931,0.000,0,1,0,0,0,0,-1,0,0,0,,0,,0,,0,0,0,1
1723836763,387,3,2,8,8,1.954,0,0,0.30 | 0.31 | 0.31,0,0.81 | 2.56 | 4.35,0,0.92 | 1.56 | 4.94,0.931,0.000,0,1,0,0,0,0,-1,0,0,0,,0,,0,,0,0,0,1
1723836763,387,3,2,8,8,1.954,0,0,0.30 | 0.31 | 0.31,0,0.81 | 2.56 | 4.35,0,0.92 | 1.56 | 4.94,0.931,0.000,0,1,0,0,0,0,-1,0,0,0,,0,,0,,0,0,0,1
1723836763,387,3,2,8,8,1.954,0,0,0.30 | 0.31 | 0.31,0,0.81 | 2.56 | 4.35,0,0.92 | 1.56 | 4.94,0.931,0.000,0,1,0,0,0,0,-1,0,0,0,,0,,0,,0,0,0,1
1723836763,387,3,2,8,8,1.954,0,0,0.30 | 0.31 | 0.31,0,0.81 | 2.56 | 4.35,0,0.92 | 1.56 | 4.94,0.931,0.000,0,1,0,0,0,0,-1,0,0,0,,0,,0,,0,0,0,1
1723836763,387,3,2,8,8,1.954,0,0,0.30 | 0.31 | 0.31,0,0.81 | 2.56 | 4.35,0,0.92 | 1.56 | 4.94,0.931,0.000,0,1,0,0,0,0,-1,0,0,0,,0,,0,,0,0,0,1
1723836763,387,3,2,8,8,4.073,0,0,0.30 | 0.48 | 1.01,0,0.81 | 1.82 | 3.05,0,1.31 | 2.20 | 4.94,0.937,0.000,0,1,0,0,0,0,-1,0,0,0,,0,,0,,0,0,0,1
1723836764,387,3,2,8,8,4.073,0,0,0.30 | 0.48 | 1.01,0,0.81 | 1.82 | 3.05,0,1.31 | 2.20 | 4.94,0.937,0.000,0,1,0,0,0,0,-1,0,0,0,,0,,0,,0,0,0,1
1723836764,387,2,2,8,8,4.073,0,0,0.30 | 0.48 | 1.01,0,0.81 | 1.82 | 3.05,0,1.31 | 2.20 | 4.94,0.937,0.000,0,1,0,0,0,0,-1,0,0,0,,0,,0,,0,0,0,1
1723836764,387,2,2,8,8,4.073,0,0,0.30 | 0.48 | 1.01,0,0.81 | 1.82 | 3.05,0,1.31 | 2.20 | 4.94,0.937,0.000,0,1,0,0,0,0,-1,0,0,0,,0,,0,,0,0,0,1
1723836764,387,2,2,8,8,4.073,0,0,0.30 | 0.48 | 1.01,0,0.81 | 1.82 | 3.05,0,1.31 | 2.20 | 4.94,0.937,0.000,0,1,0,0,0,0,-1,0,0,0,,0,,0,,0,0,0,1
1723836764,387,2,2,8,8,4.073,0,0,0.30 | 0.48 | 1.01,0,0.81 | 1.82 | 3.05,0,1.31 | 2.20 | 4.94,0.937,0.000,0,1,0,0,0,0,-1,0,0,0,,0,,0,,0,0,0,1
1723836764,387,2,2,8,8,4.073,0,0,0.30 | 0.48 | 1.01,0,0.81 | 1.82 | 3.05,0,1.31 | 2.20 | 4.94,0.937,0.000,0,1,0,0,0,0,-1,0,0,0,,0,,0,,0,0,0,1
1723836764,387,2,2,8,8,4.073,0,0,0.30 | 0.48 | 1.01,0,0.81 | 1.82 | 3.05,0,1.31 | 2.20 | 4.94,0.937,0.000,0,1,0,0,0,0,-1,0,0,0,,0,,0,,0,0,0,1
1723836764,387,2,2,8,8,4.073,0,0,0.30 | 0.48 | 1.01,0,0.81 | 1.82 | 3.05,0,1.31 | 2.20 | 4.94,0.937,0.000,0,1,0,0,0,0,-1,0,0,0,,0,,0,,0,0,0,1
1723836764,387,2,2,8,8,4.073,0,0,0.30 | 0.48 | 1.01,0,0.81 | 1.82 | 3.05,0,1.31 | 2.20 | 4.94,0.937,0.000,0,1,0,0,0,0,-1,0,0,0,,0,,0,,0,0,0,1
1723836764,387,2,2,8,8,3.295,0,0,0.30 | 0.48 | 1.01,0,0.81 | 1.82 | 3.05,0,1.31 | 2.20 | 4.94,0.937,0.000,0,1,0,0,0,0,-1,0,0,0,,0,,0,,0,0,0,1
1723836765,387,2,2,8,8,3.295,0,0,0.30 | 0.48 | 1.01,0,0.81 | 1.82 | 3.05,0,1.31 | 2.20 | 4.94,0.937,0.000,0,1,0,0,0,0,-1,0,0,0,,0,,0,,0,0,0,1
1723836765,387,2,2,8,8,3.295,0,0,0.30 | 0.48 | 1.01,0,0.81 | 1.82 | 3.05,0,1.31 | 2.20 | 4.94,0.937,0.000,0,1,0,0,0,0,-1,0,0,0,,0,,0,,0,0,0,1
1723836765,387,2,2,8,8,3.295,0,0,0.30 | 0.48 | 1.01,0,0.81 | 1.82 | 3.05,0,1.31 | 2.20 | 4.94,0.937,0.000,0,1,0,0,0,0,-1,0,0,0,,0,,0,,0,0,0,1
1723836765,387,2,2,8,8,3.295,0,0,0.30 | 0.48 | 1.01,0,0.81 | 1.82 | 3.05,0,1.31 | 2.20 | 4.94,0.937,0.000,0,1,0,0,0,0,-1,0,0,0,,0,,0,,0,0,0,1
1723836765,387,2,2,8,8,3.295,0,0,0.30 | 0.48 | 1.01,0,0.81 | 1.82 | 3.05,0,1.31 | 2.20 | 4.94,0.937,0.000,0,1,0,0,0,0,-1,0,0,0,,0,,0,,0,0,0,1
1723836765,387,2,2,8,8,3.295,0,0,0.30 | 0.48 | 1.01,0,0.81 | 1.82 | 3.05,0,1.31 | 2.20 | 4.94,0.937,0.000,0,1,0,0,0,0,-1,0,0,0,,0,,0,,0,0,0,1
1723836765,387,2,2,8,8,3.295,0,0,0.30 | 0.48 | 1.01,0,0.81 | 1.82 | 3.05,0,1.31 | 2.20 | 4.94,0.937,0.000,0,1,0,0,0,0,-1,0,0,0,,0,,0,,0,0,0,1
1723836765,387,2,2,8,8,3.295,0,0,0.30 | 0.48 | 1.01,0,0.81 | 1.82 | 3.05,0,1.31 | 2.20 | 4.94,0.937,0.000,0,1,0,0,0,0,-1,0,0,0,,0,,0,,0,0,0,1
1723836765,387,2,2,8,8,3.295,0,0,0.30 | 0.48 | 1.01,0,0.81 | 1.82 | 3.05,0,1.31 | 2.20 | 4.94,0.937,0.000,0,1,0,0,0,0,-1,0,0,0,,0,,0,,0,0,0,1
1723836765,387,2,2,8,8,2.232,0,0,0.30 | 0.48 | 1.01,0,0.81 | 1.82 | 3.05,0,1.31 | 2.20 | 4.94,0.937,0.000,0,1,0,0,0,0,-1,0,0,0,,0,,0,,0,0,0,1
1723836766,387,2,2,8,8,2.232,0,0,0.30 | 0.48 | 1.01,0,0.81 | 1.82 | 3.05,0,1.31 | 2.20 | 4.94,0.937,0.000,0,1,0,0,0,0,-1,0,0,0,,0,,0,,0,0,0,1
1723836766,387,2,2,8,8,2.232,0,0,0.30 | 0.48 | 1.01,0,0.81 | 1.82 | 3.05,0,1.31 | 2.20 | 4.94,0.937,0.000,0,1,0,0,0,0,-1,0,0,0,,0,,0,,0,0,0,1
1723836766,387,2,2,8,8,2.232,0,0,0.30 | 0.48 | 1.01,0,0.81 | 1.82 | 3.05,0,1.31 | 2.20 | 4.94,0.937,0.000,0,1,0,0,0,0,-1,0,0,0,,0,,0,,0,0,0,1
1723836766,387,2,2,8,8,2.232,0,0,0.30 | 0.48 | 1.01,0,0.81 | 1.82 | 3.05,0,1.31 | 2.20 | 4.94,0.937,0.000,0,1,0,0,0,0,-1,0,0,0,,0,,0,,0,0,0,1
1723836766,387,2,2,8,8,2.232,0,0,0.30 | 0.48 | 1.01,0,0.81 | 1.82 | 3.05,0,1.31 | 2.20 | 4.94,0.937,0.000,0,1,0,0,0,0,-1,0,0,0,,0,,0,,0,0,0,1
1723836766,387,2,2,8,8,2.232,0,0,0.30 | 0.48 | 1.01,0,0.81 | 1.82 | 3.05,0,1.31 | 2.20 | 4.94,0.937,0.000,0,1,0,0,0,0,-1,0,0,0,,0,,0,,0,0,0,1
1723836766,387,2,2,8,8,2.232,0,0,0.30 | 0.48 | 1.01,0,0.81 | 1.82 | 3.05,0,1.31 | 2.20 | 4.94,0.937,0.000,0,1,0,0,0,0,-1,0,0,0,,0,,0,,0,0,0,1
1723836766,387,2,2,8,8,2.232,0,0,0.30 | 0.48 | 1.01,0,0.81 | 1.82 | 3.05,0,1.31 | 2.20 | 4.94,0.937,0.000,0,1,0,0,0,0,-1,0,0,0,,0,,0,,0,0,0,1
1723836766,387,2,2,8,8,2.232,0,0,0.30 | 0.48 | 1.01,0,0.81 | 1.82 | 3.05,0,1.31 | 2.20 | 4.94,0.937,0.000,0,1,0,0,0,0,-1,0,0,0,,0,,0,,0,0,0,1
1723836766,387,2,2,8,8,5.97,0,0,0.30 | 0.48 | 1.01,0,1.38 | 2.11 | 3.05,0,1.31 | 1.90 | 2.89,0.955,0.000,0,1,0,0,0,0,-1,0,0,0,,0,,0,,0,0,0,1
1723836767,387,2,2,8,8,5.97,0,0,0.30 | 0.48 | 1.01,0,1.38 | 2.11 | 3.05,0,1.31 | 1.90 | 2.89,0.955,0.000,0,1,0,0,0,0,-1,0,0,0,,0,,0,,0,0,0,1
1723836767,387,2,2,8,8,5.97,0,0,0.30 | 0.48 | 1.01,0,1.38 | 2.11 | 3.05,0,1.31 | 1.90 | 2.89,0.955,0.000,0,1,0,0,0,0,-1,0,0,0,,0,,0,,0,0,0,1
1723836767,387,2,2,8,8,5.97,0,0,0.30 | 0.48 | 1.01,0,1.38 | 2.11 | 3.05,0,1.31 | 1.90 | 2.89,0.955,0.000,0,1,0,0,0,0,-1,0,0,0,,0,,0,,0,0,0,1
1723836767,387,2,2,8,8,5.97,0,0,0.30 | 0.48 | 1.01,0,1.38 | 2.11 | 3.05,0,1.31 | 1.90 | 2.89,0.955,0.000,0,1,0,0,0,0,-1,0,0,0,,0,,0,,0,0,0,1
1723836767,387,2,2,8,8,5.97,0,0,0.30 | 0.48 | 1.01,0,1.38 | 2.11 | 3.05,0,1.31 | 1.90 | 2.89,0.955,0.000,0,1,0,0,0,0,-1,0,0,0,,0,,0,,0,0,0,1
1723836767,387,2,2,8,8,5.97,0,0,0.30 | 0.48 | 1.01,0,1.38 | 2.11 | 3.05,0,1.31 | 1.90 | 2.89,0.955,0.000,0,1,0,0,0,0,-1,0,0,0,,0,,0,,0,0,0,1
1723836767,387,2,2,8,8,5.97,0,0,0.30 | 0.48 | 1.01,0,1.38 | 2.11 | 3.05,0,1.31 | 1.90 | 2.89,0.955,0.000,0,1,0,0,0,0,-1,0,0,0,,0,,0,,0,0,0,1
1723836767,387,2,2,8,8,5.97,0,0,0.30 | 0.48 | 1.01,0,1.38 | 2.11 | 3.05,0,1.31 | 1.90 | 2.89,0.955,0.000,0,1,0,0,0,0,-1,0,0,0,,0,,0,,0,0,0,1
1723836767,387,2,2,8,8,5.97,0,0,0.30 | 0.48 | 1.01,0,1.38 | 2.11 | 3.05,0,1.31 | 1.90 | 2.89,0.955,0.000,0,1,0,0,0,0,-1,0,0,0,,0,,0,,0,0,0,1
1723836767,387,2,2,8,8,8.076,0,0,0.30 | 0.48 | 1.01,0,1.24 | 1.91 | 3.05,0,1.31 | 2.09 | 3.23,0.956,0.000,0,1,0,0,0,0,-1,0,0,0,,0,,0,,0,0,0,1
1723836768,387,2,2,8,8,8.076,0,0,0.30 | 0.48 | 1.01,0,1.24 | 1.91 | 3.05,0,1.31 | 2.09 | 3.23,0.956,0.000,0,1,0,0,0,0,-1,0,0,0,,0,,0,,0,0,0,1
1723836768,387,2,2,8,8,8.076,0,0,0.30 | 0.48 | 1.01,0,1.24 | 1.91 | 3.05,0,1.31 | 2.09 | 3.23,0.956,0.000,0,1,0,0,0,0,-1,0,0,0,,0,,0,,0,0,0,1
1723836768,387,2,2,8,8,8.076,0,0,0.30 | 0.48 | 1.01,0,1.24 | 1.91 | 3.05,0,1.31 | 2.09 | 3.23,0.956,0.000,0,1,0,0,0,0,-1,0,0,0,,0,,0,,0,0,0,1
1723836768,387,2,2,8,8,8.076,0,0,0.30 | 0.48 | 1.01,0,1.24 | 1.91 | 3.05,0,1.31 | 2.09 | 3.23,0.956,0.000,0,1,0,0,0,0,-1,0,0,0,,0,,0,,0,0,0,1
1723836768,387,2,2,8,8,8.076,0,0,0.30 | 0.48 | 1.01,0,1.24 | 1.91 | 3.05,0,1.31 | 2.09 | 3.23,0.956,0.000,0,1,0,0,0,0,-1,0,0,0,,0,,0,,0,0,0,1
1723836768,387,2,2,8,8,8.076,0,0,0.30 | 0.48 | 1.01,0,1.24 | 1.91 | 3.05,0,1.31 | 2.09 | 3.23,0.956,0.000,0,1,0,0,0,0,-1,0,0,0,,0,,0,,0,0,0,1
1723836768,387,2,2,8,8,8.076,0,0,0.30 | 0.48 | 1.01,0,1.24 | 1.91 | 3.05,0,1.31 | 2.09 | 3.23,0.956,0.000,0,1,0,0,0,0,-1,0,0,0,,0,,0,,0,0,0,1
1723836768,387,2,2,8,8,8.076,0,0,0.30 | 0.48 | 1.01,0,1.24 | 1.91 | 3.05,0,1.31 | 2.09 | 3.23,0.956,0.000,0,1,0,0,0,0,-1,0,0,0,,0,,0,,0,0,0,1
1723836768,387,2,2,8,8,8.076,0,0,0.30 | 0.48 | 1.01,0,1.24 | 1.91 | 3.05,0,1.31 | 2.09 | 3.23,0.956,0.000,0,1,0,0,0,0,-1,0,0,0,,0,,0,,0,0,0,1
1723836768,387,2,2,8,8,7.31,0,0,0.30 | 0.48 | 1.01,0,1.24 | 1.91 | 3.05,0,1.31 | 2.09 | 3.23,0.956,0.000,0,1,0,0,0,0,-1,0,0,0,,0,,0,,0,0,0,1
1723836769,387,2,2,8,8,7.31,0,0,0.30 | 0.48 | 1.01,0,1.24 | 1.91 | 3.05,0,1.31 | 2.09 | 3.23,0.956,0.000,0,1,0,0,0,0,-1,0,0,0,,0,,0,,0,0,0,1
1723836769,387,2,2,8,8,7.31,0,0,0.30 | 0.48 | 1.01,0,1.24 | 1.91 | 3.05,0,1.31 | 2.09 | 3.23,0.956,0.000,0,1,0,0,0,0,-1,0,0,0,,0,,0,,0,0,0,1
1723836769,387,2,2,8,8,7.31,0,0,0.30 | 0.48 | 1.01,0,1.24 | 1.91 | 3.05,0,1.31 | 2.09 | 3.23,0.956,0.000,0,1,0,0,0,0,-1,0,0,0,,0,,0,,0,0,0,1
1723836769,387,2,2,8,8,7.31,0,0,0.30 | 0.48 | 1.01,0,1.24 | 1.91 | 3.05,0,1.31 | 2.09 | 3.23,0.956,0.000,0,1,0,0,0,0,-1,0,0,0,,0,,0,,0,0,0,1
1723836769,387,2,2,8,8,7.31,0,0,0.30 | 0.48 | 1.01,0,1.24 | 1.91 | 3.05,0,1.31 | 2.09 | 3.23,0.956,0.000,0,1,0,0,0,0,-1,0,0,0,,0,,0,,0,0,0,1
1723836769,387,2,2,8,8,7.31,0,0,0.30 | 0.48 | 1.01,0,1.24 | 1.91 | 3.05,0,1.31 | 2.09 | 3.23,0.956,0.000,0,1,0,0,0,0,-1,0,0,0,,0,,0,,0,0,0,1
1723836769,387,2,2,8,8,7.31,0,0,0.30 | 0.48 | 1.01,0,1.24 | 1.91 | 3.05,0,1.31 | 2.09 | 3.23,0.956,0.000,0,1,0,0,0,0,-1,0,0,0,,0,,0,,0,0,0,1
1723836769,387,2,2,8,8,7.31,0,0,0.30 | 0.48 | 1.01,0,1.24 | 1.91 | 3.05,0,1.31 | 2.09 | 3.23,0.956,0.000,0,1,0,0,0,0,-1,0,0,0,,0,,0,,0,0,0,1
1723836769,387,2,2,8,8,7.31,0,0,0.30 | 0.48 | 1.01,0,1.24 | 1.91 | 3.05,0,1.31 | 2.09 | 3.23,0.956,0.000,0,1,0,0,0,0,-1,0,0,0,,0,,0,,0,0,0,1
1723836769,387,2,2,8,8,11.048,0,0,0.30 | 0.48 | 1.01,0,1.24 | 1.57 | 1.98,0,2.02 | 2.54 | 3.23,0.957,0.000,0,1,0,0,0,0,-1,0,0,0,,0,,0,,0,0,0,1
1723836770,387,2,2,8,8,11.048,0,0,0.30 | 0.48 | 1.01,0,1.24 | 1.57 | 1.98,0,2.02 | 2.54 | 3.23,0.957,0.000,0,1,0,0,0,0,-1,0,0,0,,0,,0,,0,0,0,1
1723836770,387,2,2,8,8,11.048,0,0,0.30 | 0.48 | 1.01,0,1.24 | 1.57 | 1.98,0,2.02 | 2.54 | 3.23,0.957,0.000,0,1,0,0,0,0,-1,0,0,0,,0,,0,,0,0,0,1
1723836770,387,2,2,8,8,11.048,0,0,0.30 | 0.48 | 1.01,0,1.24 | 1.57 | 1.98,0,2.02 | 2.54 | 3.23,0.957,0.000,0,1,0,0,0,0,-1,0,0,0,,0,,0,,0,0,0,1
1723836770,387,2,2,8,8,11.048,0,0,0.30 | 0.48 | 1.01,0,1.24 | 1.57 | 1.98,0,2.02 | 2.54 | 3.23,0.957,0.000,0,1,0,0,0,0,-1,0,0,0,,0,,0,,0,0,0,1
1723836770,387,2,2,8,8,11.048,0,0,0.30 | 0.48 | 1.01,0,1.24 | 1.57 | 1.98,0,2.02 | 2.54 | 3.23,0.957,0.000,0,1,0,0,0,0,-1,0,0,0,,0,,0,,0,0,0,1
1723836770,387,2,2,8,8,11.048,0,0,0.30 | 0.48 | 1.01,0,1.24 | 1.57 | 1.98,0,2.02 | 2.54 | 3.23,0.957,0.000,0,1,0,0,0,0,-1,0,0,0,,0,,0,,0,0,0,1
1723836770,387,2,2,8,8,11.048,0,0,0.30 | 0.48 | 1.01,0,1.24 | 1.57 | 1.98,0,2.02 | 2.54 | 3.23,0.957,0.000,0,1,0,0,0,0,-1,0,0,0,,0,,0,,0,0,0,1
1723836770,387,2,2,8,8,11.048,0,0,0.30 | 0.48 | 1.01,0,1.24 | 1.57 | 1.98,0,2.02 | 2.54 | 3.23,0.957,0.000,0,1,0,0,0,0,-1,0,0,0,,0,,0,,0,0,0,1
1723836770,387,2,2,8,8,11.048,0,0,0.30 | 0.48 | 1.01,0,1.24 | 1.57 | 1.98,0,2.02 | 2.54 | 3.23,0.957,0.000,0,1,0,0,0,0,-1,0,0,0,,0,,0,,0,0,0,1
1723836770,387,2,2,8,8,9.985,0,0,0.30 | 0.48 | 1.01,0,1.24 | 1.57 | 1.98,0,2.02 | 2.54 | 3.23,0.957,0.000,0,1,0,0,0,0,-1,0,0,0,,0,,0,,0,0,0,1
1723836771,387,2,2,8,8,9.985,0,0,0.30 | 0.48 | 1.01,0,1.24 | 1.57 | 1.98,0,2.02 | 2.54 | 3.23,0.957,0.000,0,1,0,0,0,0,-1,0,0,0,,0,,0,,0,0,0,1
1723836771,387,2,2,8,8,9.985,0,0,0.30 | 0.48 | 1.01,0,1.24 | 1.57 | 1.98,0,2.02 | 2.54 | 3.23,0.957,0.000,0,1,0,0,0,0,-1,0,0,0,,0,,0,,0,0,0,1
1723836771,387,2,2,8,8,9.985,0,0,0.30 | 0.48 | 1.01,0,1.24 | 1.57 | 1.98,0,2.02 | 2.54 | 3.23,0.957,0.000,0,1,0,0,0,0,-1,0,0,0,,0,,0,,0,0,0,1
1723836771,387,2,2,8,8,9.985,0,0,0.30 | 0.48 | 1.01,0,1.24 | 1.57 | 1.98,0,2.02 | 2.54 | 3.23,0.957,0.000,0,1,0,0,0,0,-1,0,0,0,,0,,0,,0,0,0,1
1723836771,387,2,2,8,8,9.985,0,0,0.30 | 0.48 | 1.01,0,1.24 | 1.57 | 1.98,0,2.02 | 2.54 | 3.23,0.957,0.000,0,1,0,0,0,0,-1,0,0,0,,0,,0,,0,0,0,1
1723836771,387,2,2,8,8,9.985,0,0,0.30 | 0.48 | 1.01,0,1.24 | 1.57 | 1.98,0,2.02 | 2.54 | 3.23,0.957,0.000,0,1,0,0,0,0,-1,0,0,0,,0,,0,,0,0,0,1
1723836771,387,2,2,8,8,9.985,0,0,0.30 | 0.48 | 1.01,0,1.24 | 1.57 | 1.98,0,2.02 | 2.54 | 3.23,0.957,0.000,0,1,0,0,0,0,-1,0,0,0,,0,,0,,0,0,0,1
1723836771,387,2,2,8,8,9.985,0,0,0.30 | 0.48 | 1.01,0,1.24 | 1.57 | 1.98,0,2.02 | 2.54 | 3.23,0.957,0.000,0,1,0,0,0,0,-1,0,0,0,,0,,0,,0,0,0,1
1723836771,387,2,2,8,8,9.985,0,0,0.30 | 0.48 | 1.01,0,1.24 | 1.57 | 1.98,0,2.02 | 2.54 | 3.23,0.957,0.000,0,1,0,0,0,0,-1,0,0,0,,0,,0,,0,0,0,1
1723836771,387,2,2,8,8,12.123,0,0,0.30 | 0.31 | 0.31,0,1.24 | 1.55 | 1.98,0,2.02 | 2.58 | 3.23,0.957,0.000,0,1,0,0,0,0,-1,0,0,0,,0,,0,,0,0,0,1
1723836772,387,2,2,8,8,12.123,0,0,0.30 | 0.31 | 0.31,0,1.24 | 1.55 | 1.98,0,2.02 | 2.58 | 3.23,0.957,0.000,0,1,0,0,0,0,-1,0,0,0,,0,,0,,0,0,0,1
1723836772,387,2,2,8,8,12.123,0,0,0.30 | 0.31 | 0.31,0,1.24 | 1.55 | 1.98,0,2.02 | 2.58 | 3.23,0.957,0.000,0,1,0,0,0,0,-1,0,0,0,,0,,0,,0,0,0,1
1723836772,387,2,2,8,8,12.123,0,0,0.30 | 0.31 | 0.31,0,1.24 | 1.55 | 1.98,0,2.02 | 2.58 | 3.23,0.957,0.000,0,1,0,0,0,0,-1,0,0,0,,0,,0,,0,0,0,1
1723836772,387,2,2,8,8,12.123,0,0,0.30 | 0.31 | 0.31,0,1.24 | 1.55 | 1.98,0,2.02 | 2.58 | 3.23,0.957,0.000,0,1,0,0,0,0,-1,0,0,0,,0,,0,,0,0,0,1
1723836772,387,2,2,8,8,12.123,0,0,0.30 | 0.31 | 0.31,0,1.24 | 1.55 | 1.98,0,2.02 | 2.58 | 3.23,0.957,0.000,0,1,0,0,0,0,-1,0,0,0,,0,,0,,0,0,0,1
1723836772,387,2,2,8,8,12.123,0,0,0.30 | 0.31 | 0.31,0,1.24 | 1.55 | 1.98,0,2.02 | 2.58 | 3.23,0.957,0.000,0,1,0,0,0,0,-1,0,0,0,,0,,0,,0,0,0,1
1723836772,387,2,2,8,8,12.123,0,0,0.30 | 0.31 | 0.31,0,1.24 | 1.55 | 1.98,0,2.02 | 2.58 | 3.23,0.957,0.000,0,1,0,0,0,0,-1,0,0,0,,0,,0,,0,0,0,1
1723836772,387,2,2,8,8,12.123,0,0,0.30 | 0.31 | 0.31,0,1.24 | 1.55 | 1.98,0,2.02 | 2.58 | 3.23,0.957,0.000,0,1,0,0,0,0,-1,0,0,0,,0,,0,,0,0,0,1
1723836772,387,2,2,8,8,12.123,0,0,0.30 | 0.31 | 0.31,0,1.24 | 1.55 | 1.98,0,2.02 | 2.58 | 3.23,0.957,0.000,0,1,0,0,0,0,-1,0,0,0,,0,,0,,0,0,0,1
1723836772,387,2,2,8,8,11.326,0,0,0.30 | 0.31 | 0.31,0,1.24 | 1.55 | 1.98,0,2.02 | 2.58 | 3.23,0.957,0.000,0,1,0,0,0,0,-1,0,0,0,,0,,0,,0,0,0,1
1723836773,387,2,2,8,8,11.326,0,0,0.30 | 0.31 | 0.31,0,1.24 | 1.55 | 1.98,0,2.02 | 2.58 | 3.23,0.957,0.000,0,1,0,0,0,0,-1,0,0,0,,0,,0,,0,0,0,1
1723836773,387,2,2,8,8,11.326,0,0,0.30 | 0.31 | 0.31,0,1.24 | 1.55 | 1.98,0,2.02 | 2.58 | 3.23,0.957,0.000,0,1,0,0,0,0,-1,0,0,0,,0,,0,,0,0,0,1
1723836773,387,2,2,8,8,11.326,0,0,0.30 | 0.31 | 0.31,0,1.24 | 1.55 | 1.98,0,2.02 | 2.58 | 3.23,0.957,0.000,0,1,0,0,0,0,-1,0,0,0,,0,,0,,0,0,0,1
1723836773,387,2,2,8,8,11.326,0,0,0.30 | 0.31 | 0.31,0,1.24 | 1.55 | 1.98,0,2.02 | 2.58 | 3.23,0.957,0.000,0,1,0,0,0,0,-1,0,0,0,,0,,0,,0,0,0,1
1723836773,387,2,2,8,8,11.326,0,0,0.30 | 0.31 | 0.31,0,1.24 | 1.55 | 1.98,0,2.02 | 2.58 | 3.23,0.957,0.000,0,1,0,0,0,0,-1,0,0,0,,0,,0,,0,0,0,1
1723836773,387,2,2,8,8,11.326,0,0,0.30 | 0.31 | 0.31,0,1.24 | 1.55 | 1.98,0,2.02 | 2.58 | 3.23,0.957,0.000,0,1,0,0,0,0,-1,0,0,0,,0,,0,,0,0,0,1
1723836773,387,2,2,8,8,11.326,0,0,0.30 | 0.31 | 0.31,0,1.24 | 1.55 | 1.98,0,2.02 | 2.58 | 3.23,0.957,0.000,0,1,0,0,0,0,-1,0,0,0,,0,,0,,0,0,0,1
1723836773,387,2,2,8,8,11.326,0,0,0.30 | 0.31 | 0.31,0,1.24 | 1.55 | 1.98,0,2.02 | 2.58 | 3.23,0.957,0.000,0,1,0,0,0,0,-1,0,0,0,,0,,0,,0,0,0,1
1723836773,387,2,2,8,8,11.326,0,0,0.30 | 0.31 | 0.31,0,1.24 | 1.55 | 1.98,0,2.02 | 2.58 | 3.23,0.957,0.000,0,1,0,0,0,0,-1,0,0,0,,0,,0,,0,0,0,1
1723836773,387,2,2,8,8,10.073,0,0,0.30 | 0.31 | 0.31,0,1.24 | 1.55 | 1.98,0,2.02 | 2.58 | 3.23,0.957,0.000,0,1,0,0,0,0,-1,0,0,0,,0,,0,,0,0,0,1
1723836774,387,2,2,8,8,10.073,0,0,0.30 | 0.31 | 0.31,0,1.24 | 1.55 | 1.98,0,2.02 | 2.58 | 3.23,0.957,0.000,0,1,0,0,0,0,-1,0,0,0,,0,,0,,0,0,0,1
1723836774,387,2,2,8,8,10.073,0,0,0.30 | 0.31 | 0.31,0,1.24 | 1.55 | 1.98,0,2.02 | 2.58 | 3.23,0.957,0.000,0,1,0,0,0,0,-1,0,0,0,,0,,0,,0,0,0,1
1723836774,387,2,2,8,8,10.073,0,0,0.30 | 0.31 | 0.31,0,1.24 | 1.55 | 1.98,0,2.02 | 2.58 | 3.23,0.957,0.000,0,1,0,0,0,0,-1,0,0,0,,0,,0,,0,0,0,1
1723836774,387,2,2,8,8,10.073,0,0,0.30 | 0.31 | 0.31,0,1.24 | 1.55 | 1.98,0,2.02 | 2.58 | 3.23,0.957,0.000,0,1,0,0,0,0,-1,0,0,0,,0,,0,,0,0,0,1
1723836774,387,2,2,8,8,10.073,0,0,0.30 | 0.31 | 0.31,0,1.24 | 1.55 | 1.98,0,2.02 | 2.58 | 3.23,0.957,0.000,0,1,0,0,0,0,-1,0,0,0,,0,,0,,0,0,0,1
1723836774,387,2,2,8,8,10.073,0,0,0.30 | 0.31 | 0.31,0,1.24 | 1.55 | 1.98,0,2.02 | 2.58 | 3.23,0.957,0.000,0,1,0,0,0,0,-1,0,0,0,,0,,0,,0,0,0,1
1723836774,387,2,2,8,8,10.073,0,0,0.30 | 0.31 | 0.31,0,1.24 | 1.55 | 1.98,0,2.02 | 2.58 | 3.23,0.957,0.000,0,1,0,0,0,0,-1,0,0,0,,0,,0,,0,0,0,1
1723836774,387,2,2,8,8,10.073,0,0,0.30 | 0.31 | 0.31,0,1.24 | 1.55 | 1.98,0,2.02 | 2.58 | 3.23,0.957,0.000,0,1,0,0,0,0,-1,0,0,0,,0,,0,,0,0,0,1
1723836774,387,2,2,8,8,10.073,0,0,0.30 | 0.31 | 0.31,0,1.24 | 1.55 | 1.98,0,2.02 | 2.58 | 3.23,0.957,0.000,0,1,0,0,0,0,-1,0,0,0,,0,,0,,0,0,0,1
1723836774,387,2,2,8,8,13.871,0,0,0.30 | 0.31 | 0.31,0,1.24 | 1.66 | 2.41,0,1.66 | 2.41 | 3.23,0.948,0.000,0,1,0,0,0,0,-1,0,0,0,,0,,0,,0,0,0,1
1723836775,387,2,2,8,8,13.871,0,0,0.30 | 0.31 | 0.31,0,1.24 | 1.66 | 2.41,0,1.66 | 2.41 | 3.23,0.948,0.000,0,1,0,0,0,0,-1,0,0,0,,0,,0,,0,0,0,1
1723836775,387,2,2,8,8,13.871,0,0,0.30 | 0.31 | 0.31,0,1.24 | 1.66 | 2.41,0,1.66 | 2.41 | 3.23,0.948,0.000,0,1,0,0,0,0,-1,0,0,0,,0,,0,,0,0,0,1
1723836775,387,2,2,8,8,13.871,0,0,0.30 | 0.31 | 0.31,0,1.24 | 1.66 | 2.41,0,1.66 | 2.41 | 3.23,0.948,0.000,0,1,0,0,0,0,-1,0,0,0,,0,,0,,0,0,0,1
1723836775,387,2,2,8,8,13.871,0,0,0.30 | 0.31 | 0.31,0,1.24 | 1.66 | 2.41,0,1.66 | 2.41 | 3.23,0.948,0.000,0,1,0,0,0,0,-1,0,0,0,,0,,0,,0,0,0,1
1723836775,387,2,2,8,8,13.871,0,0,0.30 | 0.31 | 0.31,0,1.24 | 1.66 | 2.41,0,1.66 | 2.41 | 3.23,0.948,0.000,0,1,0,0,0,0,-1,0,0,0,,0,,0,,0,0,0,1
1723836775,387,2,2,8,8,13.871,0,0,0.30 | 0.31 | 0.31,0,1.24 | 1.66 | 2.41,0,1.66 | 2.41 | 3.23,0.948,0.000,0,1,0,0,0,0,-1,0,0,0,,0,,0,,0,0,0,1
1723836775,387,2,2,8,8,13.871,0,0,0.30 | 0.31 | 0.31,0,1.24 | 1.66 | 2.41,0,1.66 | 2.41 | 3.23,0.948,0.000,0,1,0,0,0,0,-1,0,0,0,,0,,0,,0,0,0,1
1723836775,387,2,2,8,8,13.871,0,0,0.30 | 0.31 | 0.31,0,1.24 | 1.66 | 2.41,0,1.66 | 2.41 | 3.23,0.948,0.000,0,1,0,0,0,0,-1,0,0,0,,0,,0,,0,0,0,1
1723836775,387,2,2,8,8,13.871,0,0,0.30 | 0.31 | 0.31,0,1.24 | 1.66 | 2.41,0,1.66 | 2.41 | 3.23,0.948,0.000,0,1,0,0,0,0,-1,0,0,0,,0,,0,,0,0,0,1
1723836775,387,2,2,8,8,12.938,0,0,0.30 | 0.31 | 0.31,0,1.24 | 1.66 | 2.41,0,1.66 | 2.41 | 3.23,0.948,0.000,0,1,0,0,0,0,-1,0,0,0,,0,,0,,0,0,0,1
1723836776,387,2,2,8,8,12.938,0,0,0.30 | 0.31 | 0.31,0,1.24 | 1.66 | 2.41,0,1.66 | 2.41 | 3.23,0.948,0.000,0,1,0,0,0,0,-1,0,0,0,,0,,0,,0,0,0,1
1723836776,387,2,2,8,8,12.938,0,0,0.30 | 0.31 | 0.31,0,1.24 | 1.66 | 2.41,0,1.66 | 2.41 | 3.23,0.948,0.000,0,1,0,0,0,0,-1,0,0,0,,0,,0,,0,0,0,1
1723836776,387,2,2,8,8,12.938,0,0,0.30 | 0.31 | 0.31,0,1.24 | 1.66 | 2.41,0,1.66 | 2.41 | 3.23,0.948,0.000,0,1,0,0,0,0,-1,0,0,0,,0,,0,,0,0,0,1
1723836776,387,2,2,8,8,12.938,0,0,0.30 | 0.31 | 0.31,0,1.24 | 1.66 | 2.41,0,1.66 | 2.41 | 3.23,0.948,0.000,0,1,0,0,0,0,-1,0,0,0,,0,,0,,0,0,0,1
1723836776,387,2,2,8,8,12.938,0,0,0.30 | 0.31 | 0.31,0,1.24 | 1.66 | 2.41,0,1.66 | 2.41 | 3.23,0.948,0.000,0,1,0,0,0,0,-1,0,0,0,,0,,0,,0,0,0,1
1723836776,387,2,2,8,8,12.938,0,0,0.30 | 0.31 | 0.31,0,1.24 | 1.66 | 2.41,0,1.66 | 2.41 | 3.23,0.948,0.000,0,1,0,0,0,0,-1,0,0,0,,0,,0,,0,0,0,1
1723836776,387,2,2,8,8,12.938,0,0,0.30 | 0.31 | 0.31,0,1.24 | 1.66 | 2.41,0,1.66 | 2.41 | 3.23,0.948,0.000,0,1,0,0,0,0,-1,0,0,0,,0,,0,,0,0,0,1
1723836776,387,2,2,8,8,12.938,0,0,0.30 | 0.31 | 0.31,0,1.24 | 1.66 | 2.41,0,1.66 | 2.41 | 3.23,0.948,0.000,0,1,0,0,0,0,-1,0,0,0,,0,,0,,0,0,0,1
1723836776,387,2,2,8,8,12.938,0,0,0.30 | 0.31 | 0.31,0,1.24 | 1.66 | 2.41,0,1.66 | 2.41 | 3.23,0.948,0.000,0,1,0,0,0,0,-1,0,0,0,,0,,0,,0,0,0,1
1723836776,387,2,2,8,8,11.876,0,0,0.30 | 0.31 | 0.31,0,1.24 | 1.66 | 2.41,0,1.66 | 2.41 | 3.23,0.948,0.000,0,1,0,0,0,0,-1,0,0,0,,0,,0,,0,0,0,1
1723836777,387,2,2,8,8,11.876,0,0,0.30 | 0.31 | 0.31,0,1.24 | 1.66 | 2.41,0,1.66 | 2.41 | 3.23,0.948,0.000,0,1,0,0,0,0,-1,0,0,0,,0,,0,,0,0,0,1
1723836777,387,2,2,8,8,11.876,0,0,0.30 | 0.31 | 0.31,0,1.24 | 1.66 | 2.41,0,1.66 | 2.41 | 3.23,0.948,0.000,0,1,0,0,0,0,-1,0,0,0,,0,,0,,0,0,0,1
1723836777,387,2,2,8,8,11.876,0,0,0.30 | 0.31 | 0.31,0,1.24 | 1.66 | 2.41,0,1.66 | 2.41 | 3.23,0.948,0.000,0,1,0,0,0,0,-1,0,0,0,,0,,0,,0,0,0,1
1723836777,387,2,2,8,8,11.876,0,0,0.30 | 0.31 | 0.31,0,1.24 | 1.66 | 2.41,0,1.66 | 2.41 | 3.23,0.948,0.000,0,1,0,0,0,0,-1,0,0,0,,0,,0,,0,0,0,1
1723836777,387,2,2,8,8,11.876,0,0,0.30 | 0.31 | 0.31,0,1.24 | 1.66 | 2.41,0,1.66 | 2.41 | 3.23,0.948,0.000,0,1,0,0,0,0,-1,0,0,0,,0,,0,,0,0,0,1
1723836777,387,2,2,8,8,11.876,0,0,0.30 | 0.31 | 0.31,0,1.24 | 1.66 | 2.41,0,1.66 | 2.41 | 3.23,0.948,0.000,0,1,0,0,0,0,-1,0,0,0,,0,,0,,0,0,0,1
1723836777,387,2,2,8,8,11.876,0,0,0.30 | 0.31 | 0.31,0,1.24 | 1.66 | 2.41,0,1.66 | 2.41 | 3.23,0.948,0.000,0,1,0,0,0,0,-1,0,0,0,,0,,0,,0,0,0,1
1723836777,387,2,2,8,8,11.876,0,0,0.30 | 0.31 | 0.31,0,1.24 | 1.66 | 2.41,0,1.66 | 2.41 | 3.23,0.948,0.000,0,1,0,0,0,0,-1,0,0,0,,0,,0,,0,0,0,1
1723836777,387,2,2,8,8,11.876,0,0,0.30 | 0.31 | 0.31,0,1.24 | 1.66 | 2.41,0,1.66 | 2.41 | 3.23,0.948,0.000,0,1,0,0,0,0,-1,0,0,0,,0,,0,,0,0,0,1
1723836777,387,2,2,8,8,11.079,0,0,0.30 | 0.31 | 0.31,0,1.24 | 1.66 | 2.41,0,1.66 | 2.41 | 3.23,0.948,0.000,0,1,0,0,0,0,-1,0,0,0,,0,,0,,0,0,0,1
1723836778,387,2,2,8,8,11.079,0,0,0.30 | 0.31 | 0.31,0,1.24 | 1.66 | 2.41,0,1.66 | 2.41 | 3.23,0.948,0.000,0,1,0,0,0,0,-1,0,0,0,,0,,0,,0,0,0,1
1723836778,387,2,2,8,8,11.079,0,0,0.30 | 0.31 | 0.31,0,1.24 | 1.66 | 2.41,0,1.66 | 2.41 | 3.23,0.948,0.000,0,1,0,0,0,0,-1,0,0,0,,0,,0,,0,0,0,1
1723836778,387,2,2,8,8,11.079,0,0,0.30 | 0.31 | 0.31,0,1.24 | 1.66 | 2.41,0,1.66 | 2.41 | 3.23,0.948,0.000,0,1,0,0,0,0,-1,0,0,0,,0,,0,,0,0,0,1
1723836778,387,2,2,8,8,11.079,0,0,0.30 | 0.31 | 0.31,0,1.24 | 1.66 | 2.41,0,1.66 | 2.41 | 3.23,0.948,0.000,0,1,0,0,0,0,-1,0,0,0,,0,,0,,0,0,0,1
1723836778,387,2,2,8,8,11.079,0,0,0.30 | 0.31 | 0.31,0,1.24 | 1.66 | 2.41,0,1.66 | 2.41 | 3.23,0.948,0.000,0,1,0,0,0,0,-1,0,0,0,,0,,0,,0,0,0,1
1723836778,387,2,2,8,8,11.079,0,0,0.30 | 0.31 | 0.31,0,1.24 | 1.66 | 2.41,0,1.66 | 2.41 | 3.23,0.948,0.000,0,1,0,0,0,0,-1,0,0,0,,0,,0,,0,0,0,1
1723836778,387,2,2,8,8,11.079,0,0,0.30 | 0.31 | 0.31,0,1.24 | 1.66 | 2.41,0,1.66 | 2.41 | 3.23,0.948,0.000,0,1,0,0,0,0,-1,0,0,0,,0,,0,,0,0,0,1
1723836778,387,2,2,8,8,11.079,0,0,0.30 | 0.31 | 0.31,0,1.24 | 1.66 | 2.41,0,1.66 | 2.41 | 3.23,0.948,0.000,0,1,0,0,0,0,-1,0,0,0,,0,,0,,0,0,0,1
1723836778,387,2,2,8,8,11.079,0,0,0.30 | 0.31 | 0.31,0,1.24 | 1.66 | 2.41,0,1.66 | 2.41 | 3.23,0.948,0.000,0,1,0,0,0,0,-1,0,0,0,,0,,0,,0,0,0,1
1723836778,387,2,2,8,8,13.217,0,0,0.31 | 0.31 | 0.31,0,1.30 | 1.71 | 2.41,0,1.66 | 2.34 | 3.07,0.947,0.000,0,1,0,0,0,0,-1,0,0,0,,0,,0,,0,0,0,1
1723836779,387,2,2,8,8,13.217,0,0,0.31 | 0.31 | 0.31,0,1.30 | 1.71 | 2.41,0,1.66 | 2.34 | 3.07,0.947,0.000,0,1,0,0,0,0,-1,0,0,0,,0,,0,,0,0,0,1
1723836779,387,2,2,8,8,13.217,0,0,0.31 | 0.31 | 0.31,0,1.30 | 1.71 | 2.41,0,1.66 | 2.34 | 3.07,0.947,0.000,0,1,0,0,0,0,-1,0,0,0,,0,,0,,0,0,0,1
1723836779,387,2,2,8,8,13.217,0,0,0.31 | 0.31 | 0.31,0,1.30 | 1.71 | 2.41,0,1.66 | 2.34 | 3.07,0.947,0.000,0,1,0,0,0,0,-1,0,0,0,,0,,0,,0,0,0,1
1723836779,387,2,2,8,8,13.217,0,0,0.31 | 0.31 | 0.31,0,1.30 | 1.71 | 2.41,0,1.66 | 2.34 | 3.07,0.947,0.000,0,1,0,0,0,0,-1,0,0,0,,0,,0,,0,0,0,1
1723836779,387,2,2,8,8,13.217,0,0,0.31 | 0.31 | 0.31,0,1.30 | 1.71 | 2.41,0,1.66 | 2.34 | 3.07,0.947,0.000,0,1,0,0,0,0,-1,0,0,0,,0,,0,,0,0,0,1
1723836779,387,2,2,8,8,13.217,0,0,0.31 | 0.31 | 0.31,0,1.30 | 1.71 | 2.41,0,1.66 | 2.34 | 3.07,0.947,0.000,0,1,0,0,0,0,-1,0,0,0,,0,,0,,0,0,0,1
1723836779,387,2,2,8,8,13.217,0,0,0.31 | 0.31 | 0.31,0,1.30 | 1.71 | 2.41,0,1.66 | 2.34 | 3.07,0.947,0.000,0,1,0,0,0,0,-1,0,0,0,,0,,0,,0,0,0,1
1723836779,387,2,2,8,8,13.217,0,0,0.31 | 0.31 | 0.31,0,1.30 | 1.71 | 2.41,0,1.66 | 2.34 | 3.07,0.947,0.000,0,1,0,0,0,0,-1,0,0,0,,0,,0,,0,0,0,1
1723836779,387,2,2,8,8,13.217,0,0,0.31 | 0.31 | 0.31,0,1.30 | 1.71 | 2.41,0,1.66 | 2.34 | 3.07,0.947,0.000,0,1,0,0,0,0,-1,0,0,0,,0,,0,,0,0,0,1
1723836779,387,2,2,8,8,12.154,0,0,0.31 | 0.31 | 0.31,0,1.30 | 1.71 | 2.41,0,1.66 | 2.34 | 3.07,0.947,0.000,0,1,0,0,0,0,-1,0,0,0,,0,,0,,0,0,0,1
1723836780,387,2,2,8,8,12.154,0,0,0.31 | 0.31 | 0.31,0,1.30 | 1.71 | 2.41,0,1.66 | 2.34 | 3.07,0.947,0.000,0,1,0,0,0,0,-1,0,0,0,,0,,0,,0,0,0,1
1723836780,387,2,2,8,8,12.154,0,0,0.31 | 0.31 | 0.31,0,1.30 | 1.71 | 2.41,0,1.66 | 2.34 | 3.07,0.947,0.000,0,1,0,0,0,0,-1,0,0,0,,0,,0,,0,0,0,1
1723836780,387,2,2,8,8,12.154,0,0,0.31 | 0.31 | 0.31,0,1.30 | 1.71 | 2.41,0,1.66 | 2.34 | 3.07,0.947,0.000,0,1,0,0,0,0,-1,0,0,0,,0,,0,,0,0,0,1
1723836780,387,2,2,8,8,12.154,0,0,0.31 | 0.31 | 0.31,0,1.30 | 1.71 | 2.41,0,1.66 | 2.34 | 3.07,0.947,0.000,0,1,0,0,0,0,-1,0,0,0,,0,,0,,0,0,0,1
1723836780,387,2,2,8,8,12.154,0,0,0.31 | 0.31 | 0.31,0,1.30 | 1.71 | 2.41,0,1.66 | 2.34 | 3.07,0.947,0.000,0,1,0,0,0,0,-1,0,0,0,,0,,0,,0,0,0,1
1723836780,387,2,2,8,8,12.154,0,0,0.31 | 0.31 | 0.31,0,1.30 | 1.71 | 2.41,0,1.66 | 2.34 | 3.07,0.947,0.000,0,1,0,0,0,0,-1,0,0,0,,0,,0,,0,0,0,1
1723836780,387,2,2,8,8,12.154,0,0,0.31 | 0.31 | 0.31,0,1.30 | 1.71 | 2.41,0,1.66 | 2.34 | 3.07,0.947,0.000,0,1,0,0,0,0,-1,0,0,0,,0,,0,,0,0,0,1
1723836780,387,2,2,8,8,12.154,0,0,0.31 | 0.31 | 0.31,0,1.30 | 1.71 | 2.41,0,1.66 | 2.34 | 3.07,0.947,0.000,0,1,0,0,0,0,-1,0,0,0,,0,,0,,0,0,0,1
1723836780,387,2,2,8,8,12.154,0,0,0.31 | 0.31 | 0.31,0,1.30 | 1.71 | 2.41,0,1.66 | 2.34 | 3.07,0.947,0.000,0,1,0,0,0,0,-1,0,0,0,,0,,0,,0,0,0,1
1723836780,387,2,2,8,8,11.092,0,0,0.31 | 0.31 | 0.31,0,1.30 | 1.71 | 2.41,0,1.66 | 2.34 | 3.07,0.947,0.000,0,1,0,0,0,0,-1,0,0,0,,0,,0,,0,0,0,1
1723836781,387,2,2,8,8,11.092,0,0,0.31 | 0.31 | 0.31,0,1.30 | 1.71 | 2.41,0,1.66 | 2.34 | 3.07,0.947,0.000,0,1,0,0,0,0,-1,0,0,0,,0,,0,,0,0,0,1
1723836781,387,2,2,8,8,11.092,0,0,0.31 | 0.31 | 0.31,0,1.30 | 1.71 | 2.41,0,1.66 | 2.34 | 3.07,0.947,0.000,0,1,0,0,0,0,-1,0,0,0,,0,,0,,0,0,0,1
1723836781,387,2,2,8,8,11.092,0,0,0.31 | 0.31 | 0.31,0,1.30 | 1.71 | 2.41,0,1.66 | 2.34 | 3.07,0.947,0.000,0,1,0,0,0,0,-1,0,0,0,,0,,0,,0,0,0,1
1723836781,387,2,2,8,8,11.092,0,0,0.31 | 0.31 | 0.31,0,1.30 | 1.71 | 2.41,0,1.66 | 2.34 | 3.07,0.947,0.000,0,1,0,0,0,0,-1,0,0,0,,0,,0,,0,0,0,1
1723836781,387,2,2,8,8,11.092,0,0,0.31 | 0.31 | 0.31,0,1.30 | 1.71 | 2.41,0,1.66 | 2.34 | 3.07,0.947,0.000,0,1,0,0,0,0,-1,0,0,0,,0,,0,,0,0,0,1
1723836781,387,2,2,8,8,11.092,0,0,0.31 | 0.31 | 0.31,0,1.30 | 1.71 | 2.41,0,1.66 | 2.34 | 3.07,0.947,0.000,0,1,0,0,0,0,-1,0,0,0,,0,,0,,0,0,0,1
1723836781,387,2,2,8,8,11.092,0,0,0.31 | 0.31 | 0.31,0,1.30 | 1.71 | 2.41,0,1.66 | 2.34 | 3.07,0.947,0.000,0,1,0,0,0,0,-1,0,0,0,,0,,0,,0,0,0,1
1723836781,387,2,2,8,8,11.092,0,0,0.31 | 0.31 | 0.31,0,1.30 | 1.71 | 2.41,0,1.66 | 2.34 | 3.07,0.947,0.000,0,1,0,0,0,0,-1,0,0,0,,0,,0,,0,0,0,1
1723836781,387,2,2,8,8,11.092,0,0,0.31 | 0.31 | 0.31,0,1.30 | 1.71 | 2.41,0,1.66 | 2.34 | 3.07,0.947,0.000,0,1,0,0,0,0,-1,0,0,0,,0,,0,,0,0,0,1
1723836781,387,2,2,8,8,10.295,0,0,0.31 | 0.31 | 0.31,0,1.30 | 1.71 | 2.41,0,1.66 | 2.34 | 3.07,0.947,0.000,0,1,0,0,0,0,-1,0,0,0,,0,,0,,0,0,0,1
1723836782,387,2,2,8,8,10.295,0,0,0.31 | 0.31 | 0.31,0,1.30 | 1.71 | 2.41,0,1.66 | 2.34 | 3.07,0.947,0.000,0,1,0,0,0,0,-1,0,0,0,,0,,0,,0,0,0,1
1723836782,387,2,2,8,8,10.295,0,0,0.31 | 0.31 | 0.31,0,1.30 | 1.71 | 2.41,0,1.66 | 2.34 | 3.07,0.947,0.000,0,1,0,0,0,0,-1,0,0,0,,0,,0,,0,0,0,1
1723836782,387,2,2,8,8,10.295,0,0,0.31 | 0.31 | 0.31,0,1.30 | 1.71 | 2.41,0,1.66 | 2.34 | 3.07,0.947,0.000,0,1,0,0,0,0,-1,0,0,0,,0,,0,,0,0,0,1
1723836782,387,2,2,8,8,10.295,0,0,0.31 | 0.31 | 0.31,0,1.30 | 1.71 | 2.41,0,1.66 | 2.34 | 3.07,0.947,0.000,0,1,0,0,0,0,-1,0,0,0,,0,,0,,0,0,0,1
1723836782,387,2,2,8,8,10.295,0,0,0.31 | 0.31 | 0.31,0,1.30 | 1.71 | 2.41,0,1.66 | 2.34 | 3.07,0.947,0.000,0,1,0,0,0,0,-1,0,0,0,,0,,0,,0,0,0,1
1723836782,387,2,2,8,8,10.295,0,0,0.31 | 0.31 | 0.31,0,1.30 | 1.71 | 2.41,0,1.66 | 2.34 | 3.07,0.947,0.000,0,1,0,0,0,0,-1,0,0,0,,0,,0,,0,0,0,1
1723836782,387,2,2,8,8,10.295,0,0,0.31 | 0.31 | 0.31,0,1.30 | 1.71 | 2.41,0,1.66 | 2.34 | 3.07,0.947,0.000,0,1,0,0,0,0,-1,0,0,0,,0,,0,,0,0,0,1
1723836782,387,2,2,8,8,10.295,0,0,0.31 | 0.31 | 0.31,0,1.30 | 1.71 | 2.41,0,1.66 | 2.34 | 3.07,0.947,0.000,0,1,0,0,0,0,-1,0,0,0,,0,,0,,0,0,0,1
1723836782,387,2,2,8,8,10.295,0,0,0.31 | 0.31 | 0.31,0,1.30 | 1.71 | 2.41,0,1.66 | 2.34 | 3.07,0.947,0.000,0,1,0,0,0,0,-1,0,0,0,,0,,0,,0,0,0,1
1723836782,387,2,2,8,8,14.032,0,0,0.30 | 0.31 | 0.31,0,1.30 | 1.76 | 2.41,0,1.66 | 2.28 | 3.07,0.947,0.000,0,1,0,0,0,0,-1,0,0,0,,0,,0,,0,0,0,1
1723836783,387,2,2,8,8,14.032,0,0,0.30 | 0.31 | 0.31,0,1.30 | 1.76 | 2.41,0,1.66 | 2.28 | 3.07,0.947,0.000,0,1,0,0,0,0,-1,0,0,0,,0,,0,,0,0,0,1
1723836783,387,2,2,8,8,14.032,0,0,0.30 | 0.31 | 0.31,0,1.30 | 1.76 | 2.41,0,1.66 | 2.28 | 3.07,0.947,0.000,0,1,0,0,0,0,-1,0,0,0,,0,,0,,0,0,0,1
1723836783,387,2,2,8,8,14.032,0,0,0.30 | 0.31 | 0.31,0,1.30 | 1.76 | 2.41,0,1.66 | 2.28 | 3.07,0.947,0.000,0,1,0,0,0,0,-1,0,0,0,,0,,0,,0,0,0,1
1723836783,387,2,2,8,8,14.032,0,0,0.30 | 0.31 | 0.31,0,1.30 | 1.76 | 2.41,0,1.66 | 2.28 | 3.07,0.947,0.000,0,1,0,0,0,0,-1,0,0,0,,0,,0,,0,0,0,1
1723836783,387,2,2,8,8,14.032,0,0,0.30 | 0.31 | 0.31,0,1.30 | 1.76 | 2.41,0,1.66 | 2.28 | 3.07,0.947,0.000,0,1,0,0,0,0,-1,0,0,0,,0,,0,,0,0,0,1
1723836783,387,2,2,8,8,14.032,0,0,0.30 | 0.31 | 0.31,0,1.30 | 1.76 | 2.41,0,1.66 | 2.28 | 3.07,0.947,0.000,0,1,0,0,0,0,-1,0,0,0,,0,,0,,0,0,0,1
1723836783,387,2,2,8,8,14.032,0,0,0.30 | 0.31 | 0.31,0,1.30 | 1.76 | 2.41,0,1.66 | 2.28 | 3.07,0.947,0.000,0,1,0,0,0,0,-1,0,0,0,,0,,0,,0,0,0,1
1723836783,387,2,2,8,8,14.032,0,0,0.30 | 0.31 | 0.31,0,1.30 | 1.76 | 2.41,0,1.66 | 2.28 | 3.07,0.947,0.000,0,1,0,0,0,0,-1,0,0,0,,0,,0,,0,0,0,1
1723836783,387,2,2,8,8,14.032,0,0,0.30 | 0.31 | 0.31,0,1.30 | 1.76 | 2.41,0,1.66 | 2.28 | 3.07,0.947,0.000,0,1,0,0,0,0,-1,0,0,0,,0,,0,,0,0,0,1
1723836783,387,2,2,8,8,12.873,0,0,0.30 | 0.31 | 0.31,0,1.30 | 1.76 | 2.41,0,1.66 | 2.28 | 3.07,0.947,0.000,0,1,0,0,0,0,-1,0,0,0,,0,,0,,0,0,0,1
1723836784,387,2,2,8,8,12.873,0,0,0.30 | 0.31 | 0.31,0,1.30 | 1.76 | 2.41,0,1.66 | 2.28 | 3.07,0.947,0.000,0,1,0,0,0,0,-1,0,0,0,,0,,0,,0,0,0,1
1723836784,387,2,2,8,8,12.873,0,0,0.30 | 0.31 | 0.31,0,1.30 | 1.76 | 2.41,0,1.66 | 2.28 | 3.07,0.947,0.000,0,1,0,0,0,0,-1,0,0,0,,0,,0,,0,0,0,1
1723836784,387,2,2,8,8,12.873,0,0,0.30 | 0.31 | 0.31,0,1.30 | 1.76 | 2.41,0,1.66 | 2.28 | 3.07,0.947,0.000,0,1,0,0,0,0,-1,0,0,0,,0,,0,,0,0,0,1
1723836784,387,2,2,8,8,12.873,0,0,0.30 | 0.31 | 0.31,0,1.30 | 1.76 | 2.41,0,1.66 | 2.28 | 3.07,0.947,0.000,0,1,0,0,0,0,-1,0,0,0,,0,,0,,0,0,0,1
1723836784,387,2,2,8,8,12.873,0,0,0.30 | 0.31 | 0.31,0,1.30 | 1.76 | 2.41,0,1.66 | 2.28 | 3.07,0.947,0.000,0,1,0,0,0,0,-1,0,0,0,,0,,0,,0,0,0,1
1723836784,387,2,2,8,8,12.873,0,0,0.30 | 0.31 | 0.31,0,1.30 | 1.76 | 2.41,0,1.66 | 2.28 | 3.07,0.947,0.000,0,1,0,0,0,0,-1,0,0,0,,0,,0,,0,0,0,1
1723836784,387,2,2,8,8,12.873,0,0,0.30 | 0.31 | 0.31,0,1.30 | 1.76 | 2.41,0,1.66 | 2.28 | 3.07,0.947,0.000,0,1,0,0,0,0,-1,0,0,0,,0,,0,,0,0,0,1
1723836784,387,2,2,8,8,12.873,0,0,0.30 | 0.31 | 0.31,0,1.30 | 1.76 | 2.41,0,1.66 | 2.28 | 3.07,0.947,0.000,0,1,0,0,0,0,-1,0,0,0,,0,,0,,0,0,0,1
1723836784,387,2,2,8,8,12.873,0,0,0.30 | 0.31 | 0.31,0,1.30 | 1.76 | 2.41,0,1.66 | 2.28 | 3.07,0.947,0.000,0,1,0,0,0,0,-1,0,0,0,,0,,0,,0,0,0,1
1723836784,387,2,2,8,8,11.907,0,0,0.30 | 0.31 | 0.31,0,1.30 | 1.76 | 2.41,0,1.66 | 2.28 | 3.07,0.947,0.000,0,1,0,0,0,0,-1,0,0,0,,0,,0,,0,0,0,1
1723836785,387,2,2,8,8,11.907,0,0,0.30 | 0.31 | 0.31,0,1.30 | 1.76 | 2.41,0,1.66 | 2.28 | 3.07,0.947,0.000,0,1,0,0,0,0,-1,0,0,0,,0,,0,,0,0,0,1
1723836785,387,2,2,8,8,11.907,0,0,0.30 | 0.31 | 0.31,0,1.30 | 1.76 | 2.41,0,1.66 | 2.28 | 3.07,0.947,0.000,0,1,0,0,0,0,-1,0,0,0,,0,,0,,0,0,0,1
1723836785,387,2,2,8,8,11.907,0,0,0.30 | 0.31 | 0.31,0,1.30 | 1.76 | 2.41,0,1.66 | 2.28 | 3.07,0.947,0.000,0,1,0,0,0,0,-1,0,0,0,,0,,0,,0,0,0,1
1723836785,772,2,4,8,8,11.907,0,0,0.30 | 0.31 | 0.31,0,1.30 | 1.76 | 2.41,0,1.66 | 2.28 | 3.07,0.947,0.000,0,1,0,0,0,0,-1,0,0,0,,0,,0,,0,0,0,1
1723836785,772,2,4,8,8,11.907,0,0,0.30 | 0.31 | 0.31,0,1.30 | 1.76 | 2.41,0,1.66 | 2.28 | 3.07,0.947,0.000,0,1,0,0,0,0,-1,0,0,0,,0,,0,,0,0,0,1
1723836785,772,2,4,8,8,11.907,0,0,0.30 | 0.31 | 0.31,0,1.30 | 1.76 | 2.41,0,1.66 | 2.28 | 3.07,0.947,0.000,0,1,0,0,0,0,-1,0,0,0,,0,,0,,0,0,0,1
1723836785,772,2,4,8,8,11.907,0,0,0.30 | 0.31 | 0.31,0,1.30 | 1.76 | 2.41,0,1.66 | 2.28 | 3.07,0.947,0.000,0,1,0,0,0,0,-1,0,0,0,,0,,0,,0,0,0,1
1723836785,772,2,4,8,8,11.907,0,0,0.30 | 0.31 | 0.31,0,1.30 | 1.76 | 2.41,0,1.66 | 2.28 | 3.07,0.947,0.000,0,1,0,0,0,0,-1,0,0,0,,0,,0,,0,0,0,1
1723836785,772,2,4,8,8,11.907,0,0,0.30 | 0.31 | 0.31,0,1.30 | 1.76 | 2.41,0,1.66 | 2.28 | 3.07,0.947,0.000,0,1,0,0,0,0,-1,0,0,0,,0,,0,,0,0,0,1
1723836785,772,2,4,8,8,10.892,0,0,0.30 | 0.31 | 0.31,0,1.30 | 1.76 | 2.41,0,1.66 | 2.28 | 3.07,0.947,0.000,0,1,0,0,0,0,-1,0,0,0,,0,,0,,0,0,0,1
1723836786,772,2,4,8,8,10.892,0,0,0.30 | 0.31 | 0.31,0,1.30 | 1.76 | 2.41,0,1.66 | 2.28 | 3.07,0.947,0.000,0,1,0,0,0,0,-1,0,0,0,,0,,0,,0,0,0,1
1723836786,772,2,4,8,8,10.892,0,0,0.30 | 0.31 | 0.31,0,1.30 | 1.76 | 2.41,0,1.66 | 2.28 | 3.07,0.947,0.000,0,1,0,0,0,0,-1,0,0,0,,0,,0,,0,0,0,1
1723836786,772,2,4,8,8,10.892,0,0,0.30 | 0.31 | 0.31,0,1.30 | 1.76 | 2.41,0,1.66 | 2.28 | 3.07,0.947,0.000,0,1,0,0,0,0,-1,0,0,0,,0,,0,,0,0,0,1
1723836786,772,2,4,8,8,10.892,0,0,0.30 | 0.31 | 0.31,0,1.30 | 1.76 | 2.41,0,1.66 | 2.28 | 3.07,0.947,0.000,0,1,0,0,0,0,-1,0,0,0,,0,,0,,0,0,0,1
1723836786,772,2,4,8,8,10.892,0,0,0.30 | 0.31 | 0.31,0,1.30 | 1.76 | 2.41,0,1.66 | 2.28 | 3.07,0.947,0.000,0,1,0,0,0,0,-1,0,0,0,,0,,0,,0,0,0,1
1723836786,772,2,4,8,8,10.892,0,0,0.30 | 0.31 | 0.31,0,1.30 | 1.76 | 2.41,0,1.66 | 2.28 | 3.07,0.947,0.000,0,1,0,0,0,0,-1,0,0,0,,0,,0,,0,0,0,1
1723836786,772,2,4,8,8,10.892,0,0,0.30 | 0.31 | 0.31,0,1.30 | 1.76 | 2.41,0,1.66 | 2.28 | 3.07,0.947,0.000,0,1,0,0,0,0,-1,0,0,0,,0,,0,,0,0,0,1
1723836786,772,2,4,8,8,10.892,0,0,0.30 | 0.31 | 0.31,0,1.30 | 1.76 | 2.41,0,1.66 | 2.28 | 3.07,0.947,0.000,0,1,0,0,0,0,-1,0,0,0,,0,,0,,0,0,0,1
1723836786,772,2,4,8,8,10.892,0,0,0.30 | 0.31 | 0.31,0,1.30 | 1.76 | 2.41,0,1.66 | 2.28 | 3.07,0.947,0.000,0,1,0,0,0,0,-1,0,0,0,,0,,0,,0,0,0,1
1723836786,772,2,4,8,8,10.048,0,0,0.30 | 0.31 | 0.31,0,1.30 | 1.76 | 2.41,0,1.66 | 2.28 | 3.07,0.947,0.000,0,1,0,0,0,0,-1,0,0,0,,0,,0,,0,0,0,1
1723836787,772,2,4,8,8,10.048,0,0,0.30 | 0.31 | 0.31,0,1.30 | 1.76 | 2.41,0,1.66 | 2.28 | 3.07,0.947,0.000,0,1,0,0,0,0,-1,0,0,0,,0,,0,,0,0,0,1
1723836787,772,2,4,8,8,10.048,0,0,0.30 | 0.31 | 0.31,0,1.30 | 1.76 | 2.41,0,1.66 | 2.28 | 3.07,0.947,0.000,0,1,0,0,0,0,-1,0,0,0,,0,,0,,0,0,0,1
1723836787,772,2,4,8,8,10.048,0,0,0.30 | 0.31 | 0.31,0,1.30 | 1.76 | 2.41,0,1.66 | 2.28 | 3.07,0.947,0.000,0,1,0,0,0,0,-1,0,0,0,,0,,0,,0,0,0,1
1723836787,772,2,4,8,8,10.048,0,0,0.30 | 0.31 | 0.31,0,1.30 | 1.76 | 2.41,0,1.66 | 2.28 | 3.07,0.947,0.000,0,1,0,0,0,0,-1,0,0,0,,0,,0,,0,0,0,1
1723836787,772,2,4,8,8,10.048,0,0,0.30 | 0.31 | 0.31,0,1.30 | 1.76 | 2.41,0,1.66 | 2.28 | 3.07,0.947,0.000,0,1,0,0,0,0,-1,0,0,0,,0,,0,,0,0,0,1
1723836787,772,2,4,8,8,10.048,0,0,0.30 | 0.31 | 0.31,0,1.30 | 1.76 | 2.41,0,1.66 | 2.28 | 3.07,0.947,0.000,0,1,0,0,0,0,-1,0,0,0,,0,,0,,0,0,0,1
1723836787,772,2,4,8,8,10.048,0,0,0.30 | 0.31 | 0.31,0,1.30 | 1.76 | 2.41,0,1.66 | 2.28 | 3.07,0.947,0.000,0,1,0,0,0,0,-1,0,0,0,,0,,0,,0,0,0,1
1723836787,772,2,4,8,8,10.048,0,0,0.30 | 0.31 | 0.31,0,1.30 | 1.76 | 2.41,0,1.66 | 2.28 | 3.07,0.947,0.000,0,1,0,0,0,0,-1,0,0,0,,0,,0,,0,0,0,1
1723836787,772,2,4,8,8,10.048,0,0,0.30 | 0.31 | 0.31,0,1.30 | 1.76 | 2.41,0,1.66 | 2.28 | 3.07,0.947,0.000,0,1,0,0,0,0,-1,0,0,0,,0,,0,,0,0,0,1
1723836787,772,2,4,8,8,8.985,0,0,0.30 | 0.31 | 0.31,0,1.30 | 1.76 | 2.41,0,1.66 | 2.28 | 3.07,0.947,0.000,0,1,0,0,0,0,-1,0,0,0,,0,,0,,0,0,0,1
1723836788,772,2,4,8,8,8.985,0,0,0.30 | 0.31 | 0.31,0,1.30 | 1.76 | 2.41,0,1.66 | 2.28 | 3.07,0.947,0.000,0,1,0,0,0,0,-1,0,0,0,,0,,0,,0,0,0,1
1723836788,772,2,4,8,8,8.985,0,0,0.30 | 0.31 | 0.31,0,1.30 | 1.76 | 2.41,0,1.66 | 2.28 | 3.07,0.947,0.000,0,1,0,0,0,0,-1,0,0,0,,0,,0,,0,0,0,1
1723836788,772,2,4,8,8,8.985,0,0,0.30 | 0.31 | 0.31,0,1.30 | 1.76 | 2.41,0,1.66 | 2.28 | 3.07,0.947,0.000,0,1,0,0,0,0,-1,0,0,0,,0,,0,,0,0,0,1
1723836788,772,2,4,8,8,8.985,0,0,0.30 | 0.31 | 0.31,0,1.30 | 1.76 | 2.41,0,1.66 | 2.28 | 3.07,0.947,0.000,0,1,0,0,0,0,-1,0,0,0,,0,,0,,0,0,0,1
1723836788,772,2,4,8,8,8.985,0,0,0.30 | 0.31 | 0.31,0,1.30 | 1.76 | 2.41,0,1.66 | 2.28 | 3.07,0.947,0.000,0,1,0,0,0,0,-1,0,0,0,,0,,0,,0,0,0,1
1723836788,772,2,4,8,8,8.985,0,0,0.30 | 0.31 | 0.31,0,1.30 | 1.76 | 2.41,0,1.66 | 2.28 | 3.07,0.947,0.000,0,1,0,0,0,0,-1,0,0,0,,0,,0,,0,0,0,1
1723836788,772,2,4,8,8,8.985,0,0,0.30 | 0.31 | 0.31,0,1.30 | 1.76 | 2.41,0,1.66 | 2.28 | 3.07,0.947,0.000,0,1,0,0,0,0,-1,0,0,0,,0,,0,,0,0,0,1
1723836788,772,2,4,8,8,8.985,0,0,0.30 | 0.31 | 0.31,0,1.30 | 1.76 | 2.41,0,1.66 | 2.28 | 3.07,0.947,0.000,0,1,0,0,0,0,-1,0,0,0,,0,,0,,0,0,0,1
1723836788,772,2,4,8,8,8.985,0,0,0.30 | 0.31 | 0.31,0,1.30 | 1.76 | 2.41,0,1.66 | 2.28 | 3.07,0.947,0.000,0,1,0,0,0,0,-1,0,0,0,,0,,0,,0,0,0,1
1723836788,772,2,4,8,8,7.904,0,0,0.30 | 0.31 | 0.31,0,1.43 | 2.15 | 2.87,0,1.39 | 1.86 | 2.81,0.946,0.000,0,1,0,0,0,0,-1,0,0,0,,0,,0,,0,0,0,1
1723836789,772,2,4,8,8,7.904,0,0,0.30 | 0.31 | 0.31,0,1.43 | 2.15 | 2.87,0,1.39 | 1.86 | 2.81,0.946,0.000,0,1,0,0,0,0,-1,0,0,0,,0,,0,,0,0,0,1
1723836789,772,4,4,8,8,7.904,0,0,0.30 | 0.31 | 0.31,0,1.43 | 2.15 | 2.87,0,1.39 | 1.86 | 2.81,0.946,0.000,0,1,0,0,0,0,-1,0,0,0,,0,,0,,0,0,0,1
1723836789,772,4,4,8,8,7.904,0,0,0.30 | 0.31 | 0.31,0,1.43 | 2.15 | 2.87,0,1.39 | 1.86 | 2.81,0.946,0.000,0,1,0,0,0,0,-1,0,0,0,,0,,0,,0,0,0,1
1723836789,772,4,4,8,8,7.904,0,0,0.30 | 0.31 | 0.31,0,1.43 | 2.15 | 2.87,0,1.39 | 1.86 | 2.81,0.946,0.000,0,1,0,0,0,0,-1,0,0,0,,0,,0,,0,0,0,1
1723836789,772,4,4,8,8,7.904,0,0,0.30 | 0.31 | 0.31,0,1.43 | 2.15 | 2.87,0,1.39 | 1.86 | 2.81,0.946,0.000,0,1,0,0,0,0,-1,0,0,0,,0,,0,,0,0,0,1
1723836789,772,4,4,8,8,7.904,0,0,0.30 | 0.31 | 0.31,0,1.43 | 2.15 | 2.87,0,1.39 | 1.86 | 2.81,0.946,0.000,0,1,0,0,0,0,-1,0,0,0,,0,,0,,0,0,0,1
1723836789,772,4,4,8,8,7.904,0,0,0.30 | 0.31 | 0.31,0,1.43 | 2.15 | 2.87,0,1.39 | 1.86 | 2.81,0.946,0.000,0,1,0,0,0,0,-1,0,0,0,,0,,0,,0,0,0,1
1723836789,772,4,4,8,8,7.904,0,0,0.30 | 0.31 | 0.31,0,1.43 | 2.15 | 2.87,0,1.39 | 1.86 | 2.81,0.946,0.000,0,1,0,0,0,0,-1,0,0,0,,0,,0,,0,0,0,1
1723836789,772,4,4,8,8,7.904,0,0,0.30 | 0.31 | 0.31,0,1.43 | 2.15 | 2.87,0,1.39 | 1.86 | 2.81,0.946,0.000,0,1,0,0,0,0,-1,0,0,0,,0,,0,,0,0,0,1
1723836789,772,4,4,8,8,7.126,0,0,0.30 | 0.31 | 0.31,0,1.43 | 2.15 | 2.87,0,1.39 | 1.86 | 2.81,0.946,0.000,0,1,0,0,0,0,-1,0,0,0,,0,,0,,0,0,0,1
1723836790,772,4,4,8,8,7.126,0,0,0.30 | 0.31 | 0.31,0,1.43 | 2.15 | 2.87,0,1.39 | 1.86 | 2.81,0.946,0.000,0,1,0,0,0,0,-1,0,0,0,,0,,0,,0,0,0,1
1723836790,772,4,4,8,8,7.126,0,0,0.30 | 0.31 | 0.31,0,1.43 | 2.15 | 2.87,0,1.39 | 1.86 | 2.81,0.946,0.000,0,1,0,0,0,0,-1,0,0,0,,0,,0,,0,0,0,1
1723836790,772,4,4,8,8,7.126,0,0,0.30 | 0.31 | 0.31,0,1.43 | 2.15 | 2.87,0,1.39 | 1.86 | 2.81,0.946,0.000,0,1,0,0,0,0,-1,0,0,0,,0,,0,,0,0,0,1
1723836790,772,4,4,8,8,7.126,0,0,0.30 | 0.31 | 0.31,0,1.43 | 2.15 | 2.87,0,1.39 | 1.86 | 2.81,0.946,0.000,0,1,0,0,0,0,-1,0,0,0,,0,,0,,0,0,0,1
1723836790,772,4,4,8,8,7.126,0,0,0.30 | 0.31 | 0.31,0,1.43 | 2.15 | 2.87,0,1.39 | 1.86 | 2.81,0.946,0.000,0,1,0,0,0,0,-1,0,0,0,,0,,0,,0,0,0,1
1723836790,772,4,4,8,8,7.126,0,0,0.30 | 0.31 | 0.31,0,1.43 | 2.15 | 2.87,0,1.39 | 1.86 | 2.81,0.946,0.000,0,1,0,0,0,0,-1,0,0,0,,0,,0,,0,0,0,1
1723836790,772,4,4,8,8,7.126,0,0,0.30 | 0.31 | 0.31,0,1.43 | 2.15 | 2.87,0,1.39 | 1.86 | 2.81,0.946,0.000,0,1,0,0,0,0,-1,0,0,0,,0,,0,,0,0,0,1
1723836790,772,4,4,8,8,7.126,0,0,0.30 | 0.31 | 0.31,0,1.43 | 2.15 | 2.87,0,1.39 | 1.86 | 2.81,0.946,0.000,0,1,0,0,0,0,-1,0,0,0,,0,,0,,0,0,0,1
1723836790,772,4,4,8,8,7.126,0,0,0.30 | 0.31 | 0.31,0,1.43 | 2.15 | 2.87,0,1.39 | 1.86 | 2.81,0.946,0.000,0,1,0,0,0,0,-1,0,0,0,,0,,0,,0,0,0,1
1723836790,772,4,4,8,8,6.063,0,0,0.30 | 0.31 | 0.31,0,1.43 | 2.15 | 2.87,0,1.39 | 1.86 | 2.81,0.946,0.000,0,1,0,0,0,0,-1,0,0,0,,0,,0,,0,0,0,1
1723836791,772,4,4,8,8,6.063,0,0,0.30 | 0.31 | 0.31,0,1.43 | 2.15 | 2.87,0,1.39 | 1.86 | 2.81,0.946,0.000,0,1,0,0,0,0,-1,0,0,0,,0,,0,,0,0,0,1
1723836791,772,4,4,8,8,6.063,0,0,0.30 | 0.31 | 0.31,0,1.43 | 2.15 | 2.87,0,1.39 | 1.86 | 2.81,0.946,0.000,0,1,0,0,0,0,-1,0,0,0,,0,,0,,0,0,0,1
1723836791,772,4,4,8,8,6.063,0,0,0.30 | 0.31 | 0.31,0,1.43 | 2.15 | 2.87,0,1.39 | 1.86 | 2.81,0.946,0.000,0,1,0,0,0,0,-1,0,0,0,,0,,0,,0,0,0,1
1723836791,772,4,4,8,8,6.063,0,0,0.30 | 0.31 | 0.31,0,1.43 | 2.15 | 2.87,0,1.39 | 1.86 | 2.81,0.946,0.000,0,1,0,0,0,0,-1,0,0,0,,0,,0,,0,0,0,1
1723836791,772,4,4,8,8,6.063,0,0,0.30 | 0.31 | 0.31,0,1.43 | 2.15 | 2.87,0,1.39 | 1.86 | 2.81,0.946,0.000,0,1,0,0,0,0,-1,0,0,0,,0,,0,,0,0,0,1
1723836791,772,4,4,8,8,6.063,0,0,0.30 | 0.31 | 0.31,0,1.43 | 2.15 | 2.87,0,1.39 | 1.86 | 2.81,0.946,0.000,0,1,0,0,0,0,-1,0,0,0,,0,,0,,0,0,0,1
1723836791,772,4,4,8,8,6.063,0,0,0.30 | 0.31 | 0.31,0,1.43 | 2.15 | 2.87,0,1.39 | 1.86 | 2.81,0.946,0.000,0,1,0,0,0,0,-1,0,0,0,,0,,0,,0,0,0,1
1723836791,772,4,4,8,8,6.063,0,0,0.30 | 0.31 | 0.31,0,1.43 | 2.15 | 2.87,0,1.39 | 1.86 | 2.81,0.946,0.000,0,1,0,0,0,0,-1,0,0,0,,0,,0,,0,0,0,1
1723836791,772,4,4,8,8,6.063,0,0,0.30 | 0.31 | 0.31,0,1.43 | 2.15 | 2.87,0,1.39 | 1.86 | 2.81,0.946,0.000,0,1,0,0,0,0,-1,0,0,0,,0,,0,,0,0,0,1
1723836791,772,4,4,8,8,5.001,0,0,0.30 | 0.31 | 0.31,0,1.43 | 2.15 | 2.87,0,1.39 | 1.86 | 2.81,0.946,0.000,0,1,0,0,0,0,-1,0,0,0,,0,,0,,0,0,0,1
1723836792,772,2,4,8,8,5.001,0,0,0.30 | 0.31 | 0.31,0,1.43 | 2.15 | 2.87,0,1.39 | 1.86 | 2.81,0.946,0.000,0,1,0,0,0,0,-1,0,0,0,,0,,0,,0,0,0,1
1723836792,772,2,4,8,8,5.001,0,0,0.30 | 0.31 | 0.31,0,1.43 | 2.15 | 2.87,0,1.39 | 1.86 | 2.81,0.946,0.000,0,1,0,0,0,0,-1,0,0,0,,0,,0,,0,0,0,1
1723836792,772,2,4,8,8,5.001,0,0,0.30 | 0.31 | 0.31,0,1.43 | 2.15 | 2.87,0,1.39 | 1.86 | 2.81,0.946,0.000,0,1,0,0,0,0,-1,0,0,0,,0,,0,,0,0,0,1
1723836792,772,2,4,8,8,5.001,0,0,0.30 | 0.31 | 0.31,0,1.43 | 2.15 | 2.87,0,1.39 | 1.86 | 2.81,0.946,0.000,0,1,0,0,0,0,-1,0,0,0,,0,,0,,0,0,0,1
1723836792,772,2,4,8,8,5.001,0,0,0.30 | 0.31 | 0.31,0,1.43 | 2.15 | 2.87,0,1.39 | 1.86 | 2.81,0.946,0.000,0,1,0,0,0,0,-1,0,0,0,,0,,0,,0,0,0,1
1723836792,772,2,4,8,8,5.001,0,0,0.30 | 0.31 | 0.31,0,1.43 | 2.15 | 2.87,0,1.39 | 1.86 | 2.81,0.946,0.000,0,1,0,0,0,0,-1,0,0,0,,0,,0,,0,0,0,1
1723836792,772,2,4,8,8,5.001,0,0,0.30 | 0.31 | 0.31,0,1.43 | 2.15 | 2.87,0,1.39 | 1.86 | 2.81,0.946,0.000,0,1,0,0,0,0,-1,0,0,0,,0,,0,,0,0,0,1
1723836792,772,2,4,8,8,5.001,0,0,0.30 | 0.31 | 0.31,0,1.43 | 2.15 | 2.87,0,1.39 | 1.86 | 2.81,0.946,0.000,0,1,0,0,0,0,-1,0,0,0,,0,,0,,0,0,0,1
1723836792,772,2,4,8,8,5.001,0,0,0.30 | 0.31 | 0.31,0,1.43 | 2.15 | 2.87,0,1.39 | 1.86 | 2.81,0.946,0.000,0,1,0,0,0,0,-1,0,0,0,,0,,0,,0,0,0,1
1723836792,772,2,4,8,8,3.938,0,0,0.30 | 0.31 | 0.31,0,1.43 | 2.15 | 2.87,0,1.39 | 1.86 | 2.81,0.946,0.000,0,1,0,0,0,0,-1,0,0,0,,0,,0,,0,0,0,1
1723836793,387,2,2,8,8,3.938,0,0,0.30 | 0.31 | 0.31,0,1.43 | 2.15 | 2.87,0,1.39 | 1.86 | 2.81,0.946,0.000,0,1,0,0,0,0,-1,0,0,0,,0,,0,,0,0,0,1
1723836793,387,4,2,8,8,3.938,0,0,0.30 | 0.31 | 0.31,0,1.43 | 2.15 | 2.87,0,1.39 | 1.86 | 2.81,0.946,0.000,0,1,0,0,0,0,-1,0,0,0,,0,,0,,0,0,0,1
1723836793,387,4,2,8,8,3.938,0,0,0.30 | 0.31 | 0.31,0,1.43 | 2.15 | 2.87,0,1.39 | 1.86 | 2.81,0.946,0.000,0,1,0,0,0,0,-1,0,0,0,,0,,0,,0,0,0,1
1723836793,387,4,2,8,8,3.938,0,0,0.30 | 0.31 | 0.31,0,1.43 | 2.15 | 2.87,0,1.39 | 1.86 | 2.81,0.946,0.000,0,1,0,0,0,0,-1,0,0,0,,0,,0,,0,0,0,1
1723836793,387,4,2,8,8,3.938,0,0,0.30 | 0.31 | 0.31,0,1.43 | 2.15 | 2.87,0,1.39 | 1.86 | 2.81,0.946,0.000,0,1,0,0,0,0,-1,0,0,0,,0,,0,,0,0,0,1
1723836793,387,4,2,8,8,3.938,0,0,0.30 | 0.31 | 0.31,0,1.43 | 2.15 | 2.87,0,1.39 | 1.86 | 2.81,0.946,0.000,0,1,0,0,0,0,-1,0,0,0,,0,,0,,0,0,0,1
1723836793,387,4,2,8,8,3.938,0,0,0.30 | 0.31 | 0.31,0,1.43 | 2.15 | 2.87,0,1.39 | 1.86 | 2.81,0.946,0.000,0,1,0,0,0,0,-1,0,0,0,,0,,0,,0,0,0,1
1723836793,387,4,2,8,8,3.938,0,0,0.30 | 0.31 | 0.31,0,1.43 | 2.15 | 2.87,0,1.39 | 1.86 | 2.81,0.946,0.000,0,1,0,0,0,0,-1,0,0,0,,0,,0,,0,0,0,1
1723836793,387,4,2,8,8,3.938,0,0,0.30 | 0.31 | 0.31,0,1.43 | 2.15 | 2.87,0,1.39 | 1.86 | 2.81,0.946,0.000,0,1,0,0,0,0,-1,0,0,0,,0,,0,,0,0,0,1
1723836793,387,4,2,8,8,2.873,0,0,0.30 | 0.31 | 0.31,0,1.43 | 2.51 | 3.85,0,1.04 | 1.59 | 2.81,0.955,0.000,0,1,0,0,0,0,-1,0,0,0,,0,,0,,0,0,0,1
1723836794,387,4,2,8,8,2.873,0,0,0.30 | 0.31 | 0.31,0,1.43 | 2.51 | 3.85,0,1.04 | 1.59 | 2.81,0.955,0.000,0,1,0,0,0,0,-1,0,0,0,,0,,0,,0,0,0,1
1723836794,387,4,2,8,8,2.873,0,0,0.30 | 0.31 | 0.31,0,1.43 | 2.51 | 3.85,0,1.04 | 1.59 | 2.81,0.955,0.000,0,1,0,0,0,0,-1,0,0,0,,0,,0,,0,0,0,1
1723836794,387,4,2,8,8,2.873,0,0,0.30 | 0.31 | 0.31,0,1.43 | 2.51 | 3.85,0,1.04 | 1.59 | 2.81,0.955,0.000,0,1,0,0,0,0,-1,0,0,0,,0,,0,,0,0,0,1
1723836794,387,4,2,8,8,2.873,0,0,0.30 | 0.31 | 0.31,0,1.43 | 2.51 | 3.85,0,1.04 | 1.59 | 2.81,0.955,0.000,0,1,0,0,0,0,-1,0,0,0,,0,,0,,0,0,0,1
1723836794,387,4,2,8,8,2.873,0,0,0.30 | 0.31 | 0.31,0,1.43 | 2.51 | 3.85,0,1.04 | 1.59 | 2.81,0.955,0.000,0,1,0,0,0,0,-1,0,0,0,,0,,0,,0,0,0,1
1723836794,387,4,2,8,8,2.873,0,0,0.30 | 0.31 | 0.31,0,1.43 | 2.51 | 3.85,0,1.04 | 1.59 | 2.81,0.955,0.000,0,1,0,0,0,0,-1,0,0,0,,0,,0,,0,0,0,1
1723836794,387,4,2,8,8,2.873,0,0,0.30 | 0.31 | 0.31,0,1.43 | 2.51 | 3.85,0,1.04 | 1.59 | 2.81,0.955,0.000,0,1,0,0,0,0,-1,0,0,0,,0,,0,,0,0,0,1
1723836794,387,4,2,8,8,2.873,0,0,0.30 | 0.31 | 0.31,0,1.43 | 2.51 | 3.85,0,1.04 | 1.59 | 2.81,0.955,0.000,0,1,0,0,0,0,-1,0,0,0,,0,,0,,0,0,0,1
1723836794,387,4,2,8,8,2.873,0,0,0.30 | 0.31 | 0.31,0,1.43 | 2.51 | 3.85,0,1.04 | 1.59 | 2.81,0.955,0.000,0,1,0,0,0,0,-1,0,0,0,,0,,0,,0,0,0,1
1723836794,387,4,2,8,8,2.079,0,0,0.30 | 0.31 | 0.31,0,1.43 | 2.51 | 3.85,0,1.04 | 1.59 | 2.81,0.955,0.000,0,1,0,0,0,0,-1,0,0,0,,0,,0,,0,0,0,1
1723836795,387,4,2,8,8,2.079,0,0,0.30 | 0.31 | 0.31,0,1.43 | 2.51 | 3.85,0,1.04 | 1.59 | 2.81,0.955,0.000,0,1,0,0,0,0,-1,0,0,0,,0,,0,,0,0,0,1
1723836795,387,4,2,8,8,2.079,0,0,0.30 | 0.31 | 0.31,0,1.43 | 2.51 | 3.85,0,1.04 | 1.59 | 2.81,0.955,0.000,0,1,0,0,0,0,-1,0,0,0,,0,,0,,0,0,0,1
1723836795,387,4,2,8,8,2.079,0,0,0.30 | 0.31 | 0.31,0,1.43 | 2.51 | 3.85,0,1.04 | 1.59 | 2.81,0.955,0.000,0,1,0,0,0,0,-1,0,0,0,,0,,0,,0,0,0,1
1723836795,387,4,2,8,8,2.079,0,0,0.30 | 0.31 | 0.31,0,1.43 | 2.51 | 3.85,0,1.04 | 1.59 | 2.81,0.955,0.000,0,1,0,0,0,0,-1,0,0,0,,0,,0,,0,0,0,1
1723836795,387,4,2,8,8,2.079,0,0,0.30 | 0.31 | 0.31,0,1.43 | 2.51 | 3.85,0,1.04 | 1.59 | 2.81,0.955,0.000,0,1,0,0,0,0,-1,0,0,0,,0,,0,,0,0,0,1
1723836795,387,4,2,8,8,2.079,0,0,0.30 | 0.31 | 0.31,0,1.43 | 2.51 | 3.85,0,1.04 | 1.59 | 2.81,0.955,0.000,0,1,0,0,0,0,-1,0,0,0,,0,,0,,0,0,0,1
1723836795,387,4,2,8,8,2.079,0,0,0.30 | 0.31 | 0.31,0,1.43 | 2.51 | 3.85,0,1.04 | 1.59 | 2.81,0.955,0.000,0,1,0,0,0,0,-1,0,0,0,,0,,0,,0,0,0,1
1723836795,387,4,2,8,8,2.079,0,0,0.30 | 0.31 | 0.31,0,1.43 | 2.51 | 3.85,0,1.04 | 1.59 | 2.81,0.955,0.000,0,1,0,0,0,0,-1,0,0,0,,0,,0,,0,0,0,1
1723836795,387,4,2,8,8,2.079,0,0,0.30 | 0.31 | 0.31,0,1.43 | 2.51 | 3.85,0,1.04 | 1.59 | 2.81,0.955,0.000,0,1,0,0,0,0,-1,0,0,0,,0,,0,,0,0,0,1
1723836795,387,4,2,8,8,4.216,0,0,0.30 | 0.31 | 0.31,0,1.38 | 2.50 | 3.85,0,1.04 | 1.60 | 2.89,0.955,0.000,0,1,0,0,0,0,-1,0,0,0,,0,,0,,0,0,0,1
1723836796,387,2,2,8,8,4.216,0,0,0.30 | 0.31 | 0.31,0,1.38 | 2.50 | 3.85,0,1.04 | 1.60 | 2.89,0.955,0.000,0,1,0,0,0,0,-1,0,0,0,,0,,0,,0,0,0,1
1723836796,387,2,2,8,8,4.216,0,0,0.30 | 0.31 | 0.31,0,1.38 | 2.50 | 3.85,0,1.04 | 1.60 | 2.89,0.955,0.000,0,1,0,0,0,0,-1,0,0,0,,0,,0,,0,0,0,1
1723836796,387,2,2,8,8,4.216,0,0,0.30 | 0.31 | 0.31,0,1.38 | 2.50 | 3.85,0,1.04 | 1.60 | 2.89,0.955,0.000,0,1,0,0,0,0,-1,0,0,0,,0,,0,,0,0,0,1
1723836796,387,2,2,8,8,4.216,0,0,0.30 | 0.31 | 0.31,0,1.38 | 2.50 | 3.85,0,1.04 | 1.60 | 2.89,0.955,0.000,0,1,0,0,0,0,-1,0,0,0,,0,,0,,0,0,0,1
1723836796,387,2,2,8,8,4.216,0,0,0.30 | 0.31 | 0.31,0,1.38 | 2.50 | 3.85,0,1.04 | 1.60 | 2.89,0.955,0.000,0,1,0,0,0,0,-1,0,0,0,,0,,0,,0,0,0,1
1723836796,387,2,2,8,8,4.216,0,0,0.30 | 0.31 | 0.31,0,1.38 | 2.50 | 3.85,0,1.04 | 1.60 | 2.89,0.955,0.000,0,1,0,0,0,0,-1,0,0,0,,0,,0,,0,0,0,1
1723836796,387,2,2,8,8,4.216,0,0,0.30 | 0.31 | 0.31,0,1.38 | 2.50 | 3.85,0,1.04 | 1.60 | 2.89,0.955,0.000,0,1,0,0,0,0,-1,0,0,0,,0,,0,,0,0,0,1
1723836796,387,2,2,8,8,4.216,0,0,0.30 | 0.31 | 0.31,0,1.38 | 2.50 | 3.85,0,1.04 | 1.60 | 2.89,0.955,0.000,0,1,0,0,0,0,-1,0,0,0,,0,,0,,0,0,0,1
1723836796,387,2,2,8,8,4.216,0,0,0.30 | 0.31 | 0.31,0,1.38 | 2.50 | 3.85,0,1.04 | 1.60 | 2.89,0.955,0.000,0,1,0,0,0,0,-1,0,0,0,,0,,0,,0,0,0,1
1723836796,387,2,2,8,8,3.154,0,0,0.30 | 0.31 | 0.31,0,1.38 | 2.50 | 3.85,0,1.04 | 1.60 | 2.89,0.955,0.000,0,1,0,0,0,0,-1,0,0,0,,0,,0,,0,0,0,1
1723836797,387,2,2,8,8,3.154,0,0,0.30 | 0.31 | 0.31,0,1.38 | 2.50 | 3.85,0,1.04 | 1.60 | 2.89,0.955,0.000,0,1,0,0,0,0,-1,0,0,0,,0,,0,,0,0,0,1
1723836797,387,2,2,8,8,3.154,0,0,0.30 | 0.31 | 0.31,0,1.38 | 2.50 | 3.85,0,1.04 | 1.60 | 2.89,0.955,0.000,0,1,0,0,0,0,-1,0,0,0,,0,,0,,0,0,0,1
1723836797,387,2,2,8,8,3.154,0,0,0.30 | 0.31 | 0.31,0,1.38 | 2.50 | 3.85,0,1.04 | 1.60 | 2.89,0.955,0.000,0,1,0,0,0,0,-1,0,0,0,,0,,0,,0,0,0,1
1723836797,580,2,3,8,8,3.154,0,0,0.30 | 0.31 | 0.31,0,1.38 | 2.50 | 3.85,0,1.04 | 1.60 | 2.89,0.955,0.000,0,1,0,0,0,0,-1,0,0,0,,0,,0,,0,0,0,1
1723836797,580,2,3,8,8,3.154,0,0,0.30 | 0.31 | 0.31,0,1.38 | 2.50 | 3.85,0,1.04 | 1.60 | 2.89,0.955,0.000,0,1,0,0,0,0,-1,0,0,0,,0,,0,,0,0,0,1
1723836797,580,2,3,8,8,3.154,0,0,0.30 | 0.31 | 0.31,0,1.38 | 2.50 | 3.85,0,1.04 | 1.60 | 2.89,0.955,0.000,0,1,0,0,0,0,-1,0,0,0,,0,,0,,0,0,0,1
1723836797,580,2,3,8,8,3.154,0,0,0.30 | 0.31 | 0.31,0,1.38 | 2.50 | 3.85,0,1.04 | 1.60 | 2.89,0.955,0.000,0,1,0,0,0,0,-1,0,0,0,,0,,0,,0,0,0,1
1723836797,580,2,3,8,8,3.154,0,0,0.30 | 0.31 | 0.31,0,1.38 | 2.50 | 3.85,0,1.04 | 1.60 | 2.89,0.955,0.000,0,1,0,0,0,0,-1,0,0,0,,0,,0,,0,0,0,1
1723836797,580,2,3,8,8,3.154,0,0,0.30 | 0.31 | 0.31,0,1.38 | 2.50 | 3.85,0,1.04 | 1.60 | 2.89,0.955,0.000,0,1,0,0,0,0,-1,0,0,0,,0,,0,,0,0,0,1
1723836797,580,2,3,8,8,6.892,0,0,0.30 | 0.31 | 0.31,0,1.38 | 2.51 | 3.85,0,1.04 | 1.59 | 2.89,0.932,0.000,0,1,0,0,0,0,-1,0,0,0,,0,,0,,0,0,0,1
1723836798,580,2,3,8,8,6.892,0,0,0.30 | 0.31 | 0.31,0,1.38 | 2.51 | 3.85,0,1.04 | 1.59 | 2.89,0.932,0.000,0,1,0,0,0,0,-1,0,0,0,,0,,0,,0,0,0,1
1723836798,580,2,3,8,8,6.892,0,0,0.30 | 0.31 | 0.31,0,1.38 | 2.51 | 3.85,0,1.04 | 1.59 | 2.89,0.932,0.000,0,1,0,0,0,0,-1,0,0,0,,0,,0,,0,0,0,1
1723836798,580,2,3,8,8,6.892,0,0,0.30 | 0.31 | 0.31,0,1.38 | 2.51 | 3.85,0,1.04 | 1.59 | 2.89,0.932,0.000,0,1,0,0,0,0,-1,0,0,0,,0,,0,,0,0,0,1
1723836798,580,2,3,8,8,6.892,0,0,0.30 | 0.31 | 0.31,0,1.38 | 2.51 | 3.85,0,1.04 | 1.59 | 2.89,0.932,0.000,0,1,0,0,0,0,-1,0,0,0,,0,,0,,0,0,0,1
1723836798,580,2,3,8,8,6.892,0,0,0.30 | 0.31 | 0.31,0,1.38 | 2.51 | 3.85,0,1.04 | 1.59 | 2.89,0.932,0.000,0,1,0,0,0,0,-1,0,0,0,,0,,0,,0,0,0,1
1723836798,580,2,3,8,8,6.892,0,0,0.30 | 0.31 | 0.31,0,1.38 | 2.51 | 3.85,0,1.04 | 1.59 | 2.89,0.932,0.000,0,1,0,0,0,0,-1,0,0,0,,0,,0,,0,0,0,1
1723836798,580,2,3,8,8,6.892,0,0,0.30 | 0.31 | 0.31,0,1.38 | 2.51 | 3.85,0,1.04 | 1.59 | 2.89,0.932,0.000,0,1,0,0,0,0,-1,0,0,0,,0,,0,,0,0,0,1
1723836798,580,2,3,8,8,6.892,0,0,0.30 | 0.31 | 0.31,0,1.38 | 2.51 | 3.85,0,1.04 | 1.59 | 2.89,0.932,0.000,0,1,0,0,0,0,-1,0,0,0,,0,,0,,0,0,0,1
1723836798,580,2,3,8,8,6.892,0,0,0.30 | 0.31 | 0.31,0,1.38 | 2.51 | 3.85,0,1.04 | 1.59 | 2.89,0.932,0.000,0,1,0,0,0,0,-1,0,0,0,,0,,0,,0,0,0,1
1723836798,580,2,3,8,8,6.095,0,0,0.30 | 0.31 | 0.31,0,1.38 | 2.51 | 3.85,0,1.04 | 1.59 | 2.89,0.932,0.000,0,1,0,0,0,0,-1,0,0,0,,0,,0,,0,0,0,1
1723836799,580,2,3,8,8,6.095,0,0,0.30 | 0.31 | 0.31,0,1.38 | 2.51 | 3.85,0,1.04 | 1.59 | 2.89,0.932,0.000,0,1,0,0,0,0,-1,0,0,0,,0,,0,,0,0,0,1
1723836799,580,2,3,8,8,6.095,0,0,0.30 | 0.31 | 0.31,0,1.38 | 2.51 | 3.85,0,1.04 | 1.59 | 2.89,0.932,0.000,0,1,0,0,0,0,-1,0,0,0,,0,,0,,0,0,0,1
1723836799,580,2,3,8,8,6.095,0,0,0.30 | 0.31 | 0.31,0,1.38 | 2.51 | 3.85,0,1.04 | 1.59 | 2.89,0.932,0.000,0,1,0,0,0,0,-1,0,0,0,,0,,0,,0,0,0,1
1723836799,580,2,3,8,8,6.095,0,0,0.30 | 0.31 | 0.31,0,1.38 | 2.51 | 3.85,0,1.04 | 1.59 | 2.89,0.932,0.000,0,1,0,0,0,0,-1,0,0,0,,0,,0,,0,0,0,1
1723836799,580,2,3,8,8,6.095,0,0,0.30 | 0.31 | 0.31,0,1.38 | 2.51 | 3.85,0,1.04 | 1.59 | 2.89,0.932,0.000,0,1,0,0,0,0,-1,0,0,0,,0,,0,,0,0,0,1
1723836799,580,2,3,8,8,6.095,0,0,0.30 | 0.31 | 0.31,0,1.38 | 2.51 | 3.85,0,1.04 | 1.59 | 2.89,0.932,0.000,0,1,0,0,0,0,-1,0,0,0,,0,,0,,0,0,0,1
1723836799,580,2,3,8,8,6.095,0,0,0.30 | 0.31 | 0.31,0,1.38 | 2.51 | 3.85,0,1.04 | 1.59 | 2.89,0.932,0.000,0,1,0,0,0,0,-1,0,0,0,,0,,0,,0,0,0,1
1723836799,580,2,3,8,8,6.095,0,0,0.30 | 0.31 | 0.31,0,1.38 | 2.51 | 3.85,0,1.04 | 1.59 | 2.89,0.932,0.000,0,1,0,0,0,0,-1,0,0,0,,0,,0,,0,0,0,1
1723836799,580,2,3,8,8,6.095,0,0,0.30 | 0.31 | 0.31,0,1.38 | 2.51 | 3.85,0,1.04 | 1.59 | 2.89,0.932,0.000,0,1,0,0,0,0,-1,0,0,0,,0,,0,,0,0,0,1
1723836799,580,2,3,8,8,5.032,0,0,0.30 | 0.31 | 0.31,0,1.38 | 2.51 | 3.85,0,1.04 | 1.59 | 2.89,0.932,0.000,0,1,0,0,0,0,-1,0,0,0,,0,,0,,0,0,0,1
1723836800,580,2,3,8,8,5.032,0,0,0.30 | 0.31 | 0.31,0,1.38 | 2.51 | 3.85,0,1.04 | 1.59 | 2.89,0.932,0.000,0,1,0,0,0,0,-1,0,0,0,,0,,0,,0,0,0,1
1723836800,580,2,3,8,8,5.032,0,0,0.30 | 0.31 | 0.31,0,1.38 | 2.51 | 3.85,0,1.04 | 1.59 | 2.89,0.932,0.000,0,1,0,0,0,0,-1,0,0,0,,0,,0,,0,0,0,1
1723836800,580,2,3,8,8,5.032,0,0,0.30 | 0.31 | 0.31,0,1.38 | 2.51 | 3.85,0,1.04 | 1.59 | 2.89,0.932,0.000,0,1,0,0,0,0,-1,0,0,0,,0,,0,,0,0,0,1
1723836800,580,2,3,8,8,5.032,0,0,0.30 | 0.31 | 0.31,0,1.38 | 2.51 | 3.85,0,1.04 | 1.59 | 2.89,0.932,0.000,0,1,0,0,0,0,-1,0,0,0,,0,,0,,0,0,0,1
1723836800,580,2,3,8,8,5.032,0,0,0.30 | 0.31 | 0.31,0,1.38 | 2.51 | 3.85,0,1.04 | 1.59 | 2.89,0.932,0.000,0,1,0,0,0,0,-1,0,0,0,,0,,0,,0,0,0,1
1723836800,387,3,2,8,8,5.032,0,0,0.30 | 0.31 | 0.31,0,1.38 | 2.51 | 3.85,0,1.04 | 1.59 | 2.89,0.932,0.000,0,1,0,0,0,0,-1,0,0,0,,0,,0,,0,0,0,1
1723836800,387,3,2,8,8,5.032,0,0,0.30 | 0.31 | 0.31,0,1.38 | 2.51 | 3.85,0,1.04 | 1.59 | 2.89,0.932,0.000,0,1,0,0,0,0,-1,0,0,0,,0,,0,,0,0,0,1
1723836800,387,3,2,8,8,5.032,0,0,0.30 | 0.31 | 0.31,0,1.38 | 2.51 | 3.85,0,1.04 | 1.59 | 2.89,0.932,0.000,0,1,0,0,0,0,-1,0,0,0,,0,,0,,0,0,0,1
1723836800,387,3,2,8,8,5.032,0,0,0.30 | 0.31 | 0.31,0,1.38 | 2.51 | 3.85,0,1.04 | 1.59 | 2.89,0.932,0.000,0,1,0,0,0,0,-1,0,0,0,,0,,0,,0,0,0,1
1723836800,387,3,2,8,8,3.926,0,0,0.30 | 0.31 | 0.31,0,1.38 | 2.45 | 3.85,0,1.04 | 1.63 | 2.89,0.933,0.000,0,1,0,0,0,0,-1,0,0,0,,0,,0,,0,0,0,1
1723836801,387,3,2,8,8,3.926,0,0,0.30 | 0.31 | 0.31,0,1.38 | 2.45 | 3.85,0,1.04 | 1.63 | 2.89,0.933,0.000,0,1,0,0,0,0,-1,0,0,0,,0,,0,,0,0,0,1
1723836801,387,3,2,8,8,3.926,0,0,0.30 | 0.31 | 0.31,0,1.38 | 2.45 | 3.85,0,1.04 | 1.63 | 2.89,0.933,0.000,0,1,0,0,0,0,-1,0,0,0,,0,,0,,0,0,0,1
1723836801,387,3,2,8,8,3.926,0,0,0.30 | 0.31 | 0.31,0,1.38 | 2.45 | 3.85,0,1.04 | 1.63 | 2.89,0.933,0.000,0,1,0,0,0,0,-1,0,0,0,,0,,0,,0,0,0,1
1723836801,387,3,2,8,8,3.926,0,0,0.30 | 0.31 | 0.31,0,1.38 | 2.45 | 3.85,0,1.04 | 1.63 | 2.89,0.933,0.000,0,1,0,0,0,0,-1,0,0,0,,0,,0,,0,0,0,1
1723836801,387,3,2,8,8,3.926,0,0,0.30 | 0.31 | 0.31,0,1.38 | 2.45 | 3.85,0,1.04 | 1.63 | 2.89,0.933,0.000,0,1,0,0,0,0,-1,0,0,0,,0,,0,,0,0,0,1
1723836801,387,3,2,8,8,3.926,0,0,0.30 | 0.31 | 0.31,0,1.38 | 2.45 | 3.85,0,1.04 | 1.63 | 2.89,0.933,0.000,0,1,0,0,0,0,-1,0,0,0,,0,,0,,0,0,0,1
1723836801,387,3,2,8,8,3.926,0,0,0.30 | 0.31 | 0.31,0,1.38 | 2.45 | 3.85,0,1.04 | 1.63 | 2.89,0.933,0.000,0,1,0,0,0,0,-1,0,0,0,,0,,0,,0,0,0,1
1723836801,387,3,2,8,8,3.926,0,0,0.30 | 0.31 | 0.31,0,1.38 | 2.45 | 3.85,0,1.04 | 1.63 | 2.89,0.933,0.000,0,1,0,0,0,0,-1,0,0,0,,0,,0,,0,0,0,1
1723836801,387,3,2,8,8,3.926,0,0,0.30 | 0.31 | 0.31,0,1.38 | 2.45 | 3.85,0,1.04 | 1.63 | 2.89,0.933,0.000,0,1,0,0,0,0,-1,0,0,0,,0,,0,,0,0,0,1
1723836801,387,3,2,8,8,2.907,0,0,0.30 | 0.31 | 0.31,0,1.38 | 2.45 | 3.85,0,1.04 | 1.63 | 2.89,0.933,0.000,0,1,0,0,0,0,-1,0,0,0,,0,,0,,0,0,0,1
1723836802,387,3,2,8,8,2.907,0,0,0.30 | 0.31 | 0.31,0,1.38 | 2.45 | 3.85,0,1.04 | 1.63 | 2.89,0.933,0.000,0,1,0,0,0,0,-1,0,0,0,,0,,0,,0,0,0,1
1723836802,387,3,2,8,8,2.907,0,0,0.30 | 0.31 | 0.31,0,1.38 | 2.45 | 3.85,0,1.04 | 1.63 | 2.89,0.933,0.000,0,1,0,0,0,0,-1,0,0,0,,0,,0,,0,0,0,1
1723836802,387,3,2,8,8,2.907,0,0,0.30 | 0.31 | 0.31,0,1.38 | 2.45 | 3.85,0,1.04 | 1.63 | 2.89,0.933,0.000,0,1,0,0,0,0,-1,0,0,0,,0,,0,,0,0,0,1
1723836802,387,3,2,8,8,2.907,0,0,0.30 | 0.31 | 0.31,0,1.38 | 2.45 | 3.85,0,1.04 | 1.63 | 2.89,0.933,0.000,0,1,0,0,0,0,-1,0,0,0,,0,,0,,0,0,0,1
1723836802,387,3,2,8,8,2.907,0,0,0.30 | 0.31 | 0.31,0,1.38 | 2.45 | 3.85,0,1.04 | 1.63 | 2.89,0.933,0.000,0,1,0,0,0,0,-1,0,0,0,,0,,0,,0,0,0,1
1723836802,387,3,2,8,8,2.907,0,0,0.30 | 0.31 | 0.31,0,1.38 | 2.45 | 3.85,0,1.04 | 1.63 | 2.89,0.933,0.000,0,1,0,0,0,0,-1,0,0,0,,0,,0,,0,0,0,1
1723836802,387,3,2,8,8,2.907,0,0,0.30 | 0.31 | 0.31,0,1.38 | 2.45 | 3.85,0,1.04 | 1.63 | 2.89,0.933,0.000,0,1,0,0,0,0,-1,0,0,0,,0,,0,,0,0,0,1
1723836802,387,3,2,8,8,2.907,0,0,0.30 | 0.31 | 0.31,0,1.38 | 2.45 | 3.85,0,1.04 | 1.63 | 2.89,0.933,0.000,0,1,0,0,0,0,-1,0,0,0,,0,,0,,0,0,0,1
1723836802,387,3,2,8,8,2.907,0,0,0.30 | 0.31 | 0.31,0,1.38 | 2.45 | 3.85,0,1.04 | 1.63 | 2.89,0.933,0.000,0,1,0,0,0,0,-1,0,0,0,,0,,0,,0,0,0,1
1723836802,387,3,2,8,8,5.185,0,0,0.30 | 0.31 | 0.31,0,1.38 | 1.84 | 2.61,0,1.53 | 2.17 | 2.89,0.934,0.000,0,1,0,0,0,0,-1,0,0,0,,0,,0,,0,0,0,1
1723836803,387,3,2,8,8,5.185,0,0,0.30 | 0.31 | 0.31,0,1.38 | 1.84 | 2.61,0,1.53 | 2.17 | 2.89,0.934,0.000,0,1,0,0,0,0,-1,0,0,0,,0,,0,,0,0,0,1
1723836803,387,3,2,8,8,5.185,0,0,0.30 | 0.31 | 0.31,0,1.38 | 1.84 | 2.61,0,1.53 | 2.17 | 2.89,0.934,0.000,0,1,0,0,0,0,-1,0,0,0,,0,,0,,0,0,0,1
1723836803,387,3,2,8,8,5.185,0,0,0.30 | 0.31 | 0.31,0,1.38 | 1.84 | 2.61,0,1.53 | 2.17 | 2.89,0.934,0.000,0,1,0,0,0,0,-1,0,0,0,,0,,0,,0,0,0,1
1723836803,387,3,2,8,8,5.185,0,0,0.30 | 0.31 | 0.31,0,1.38 | 1.84 | 2.61,0,1.53 | 2.17 | 2.89,0.934,0.000,0,1,0,0,0,0,-1,0,0,0,,0,,0,,0,0,0,1
1723836803,387,3,2,8,8,5.185,0,0,0.30 | 0.31 | 0.31,0,1.38 | 1.84 | 2.61,0,1.53 | 2.17 | 2.89,0.934,0.000,0,1,0,0,0,0,-1,0,0,0,,0,,0,,0,0,0,1
1723836803,387,3,2,8,8,5.185,0,0,0.30 | 0.31 | 0.31,0,1.38 | 1.84 | 2.61,0,1.53 | 2.17 | 2.89,0.934,0.000,0,1,0,0,0,0,-1,0,0,0,,0,,0,,0,0,0,1
1723836803,387,3,2,8,8,5.185,0,0,0.30 | 0.31 | 0.31,0,1.38 | 1.84 | 2.61,0,1.53 | 2.17 | 2.89,0.934,0.000,0,1,0,0,0,0,-1,0,0,0,,0,,0,,0,0,0,1
1723836803,387,3,2,8,8,5.185,0,0,0.30 | 0.31 | 0.31,0,1.38 | 1.84 | 2.61,0,1.53 | 2.17 | 2.89,0.934,0.000,0,1,0,0,0,0,-1,0,0,0,,0,,0,,0,0,0,1
1723836803,387,3,2,8,8,5.185,0,0,0.30 | 0.31 | 0.31,0,1.38 | 1.84 | 2.61,0,1.53 | 2.17 | 2.89,0.934,0.000,0,1,0,0,0,0,-1,0,0,0,,0,,0,,0,0,0,1
1723836803,387,3,2,8,8,4.073,0,0,0.30 | 0.31 | 0.31,0,1.38 | 1.84 | 2.61,0,1.53 | 2.17 | 2.89,0.934,0.000,0,1,0,0,0,0,-1,0,0,0,,0,,0,,0,0,0,1
1723836804,387,2,2,8,8,4.073,0,0,0.30 | 0.31 | 0.31,0,1.38 | 1.84 | 2.61,0,1.53 | 2.17 | 2.89,0.934,0.000,0,1,0,0,0,0,-1,0,0,0,,0,,0,,0,0,0,1
1723836804,387,2,2,8,8,4.073,0,0,0.30 | 0.31 | 0.31,0,1.38 | 1.84 | 2.61,0,1.53 | 2.17 | 2.89,0.934,0.000,0,1,0,0,0,0,-1,0,0,0,,0,,0,,0,0,0,1
1723836804,387,2,2,8,8,4.073,0,0,0.30 | 0.31 | 0.31,0,1.38 | 1.84 | 2.61,0,1.53 | 2.17 | 2.89,0.934,0.000,0,1,0,0,0,0,-1,0,0,0,,0,,0,,0,0,0,1
1723836804,387,2,2,8,8,4.073,0,0,0.30 | 0.31 | 0.31,0,1.38 | 1.84 | 2.61,0,1.53 | 2.17 | 2.89,0.934,0.000,0,1,0,0,0,0,-1,0,0,0,,0,,0,,0,0,0,1
1723836804,387,2,2,8,8,4.073,0,0,0.30 | 0.31 | 0.31,0,1.38 | 1.84 | 2.61,0,1.53 | 2.17 | 2.89,0.934,0.000,0,1,0,0,0,0,-1,0,0,0,,0,,0,,0,0,0,1
1723836804,387,2,2,8,8,4.073,0,0,0.30 | 0.31 | 0.31,0,1.38 | 1.84 | 2.61,0,1.53 | 2.17 | 2.89,0.934,0.000,0,1,0,0,0,0,-1,0,0,0,,0,,0,,0,0,0,1
1723836804,387,2,2,8,8,4.073,0,0,0.30 | 0.31 | 0.31,0,1.38 | 1.84 | 2.61,0,1.53 | 2.17 | 2.89,0.934,0.000,0,1,0,0,0,0,-1,0,0,0,,0,,0,,0,0,0,1
1723836804,387,2,2,8,8,4.073,0,0,0.30 | 0.31 | 0.31,0,1.38 | 1.84 | 2.61,0,1.53 | 2.17 | 2.89,0.934,0.000,0,1,0,0,0,0,-1,0,0,0,,0,,0,,0,0,0,1
1723836804,387,2,2,8,8,4.073,0,0,0.30 | 0.31 | 0.31,0,1.38 | 1.84 | 2.61,0,1.53 | 2.17 | 2.89,0.934,0.000,0,1,0,0,0,0,-1,0,0,0,,0,,0,,0,0,0,1
1723836804,387,2,2,8,8,3.185,0,0,0.30 | 0.31 | 0.31,0,1.38 | 1.84 | 2.61,0,1.53 | 2.17 | 2.89,0.934,0.000,0,1,0,0,0,0,-1,0,0,0,,0,,0,,0,0,0,1
1723836805,387,2,2,8,8,3.185,0,0,0.30 | 0.31 | 0.31,0,1.38 | 1.84 | 2.61,0,1.53 | 2.17 | 2.89,0.934,0.000,0,1,0,0,0,0,-1,0,0,0,,0,,0,,0,0,0,1
1723836805,387,2,2,8,8,3.185,0,0,0.30 | 0.31 | 0.31,0,1.38 | 1.84 | 2.61,0,1.53 | 2.17 | 2.89,0.934,0.000,0,1,0,0,0,0,-1,0,0,0,,0,,0,,0,0,0,1
1723836805,387,2,2,8,8,3.185,0,0,0.30 | 0.31 | 0.31,0,1.38 | 1.84 | 2.61,0,1.53 | 2.17 | 2.89,0.934,0.000,0,1,0,0,0,0,-1,0,0,0,,0,,0,,0,0,0,1
1723836805,387,2,2,8,8,3.185,0,0,0.30 | 0.31 | 0.31,0,1.38 | 1.84 | 2.61,0,1.53 | 2.17 | 2.89,0.934,0.000,0,1,0,0,0,0,-1,0,0,0,,0,,0,,0,0,0,1
1723836805,387,2,2,8,8,3.185,0,0,0.30 | 0.31 | 0.31,0,1.38 | 1.84 | 2.61,0,1.53 | 2.17 | 2.89,0.934,0.000,0,1,0,0,0,0,-1,0,0,0,,0,,0,,0,0,0,1
1723836805,387,2,2,8,8,3.185,0,0,0.30 | 0.31 | 0.31,0,1.38 | 1.84 | 2.61,0,1.53 | 2.17 | 2.89,0.934,0.000,0,1,0,0,0,0,-1,0,0,0,,0,,0,,0,0,0,1
1723836805,387,2,2,8,8,3.185,0,0,0.30 | 0.31 | 0.31,0,1.38 | 1.84 | 2.61,0,1.53 | 2.17 | 2.89,0.934,0.000,0,1,0,0,0,0,-1,0,0,0,,0,,0,,0,0,0,1
1723836805,387,2,2,8,8,3.185,0,0,0.30 | 0.31 | 0.31,0,1.38 | 1.84 | 2.61,0,1.53 | 2.17 | 2.89,0.934,0.000,0,1,0,0,0,0,-1,0,0,0,,0,,0,,0,0,0,1
1723836805,387,2,2,8,8,3.185,0,0,0.30 | 0.31 | 0.31,0,1.38 | 1.84 | 2.61,0,1.53 | 2.17 | 2.89,0.934,0.000,0,1,0,0,0,0,-1,0,0,0,,0,,0,,0,0,0,1
1723836805,387,2,2,8,8,6.923,0,0,0.30 | 0.31 | 0.31,0,1.43 | 2.07 | 2.61,0,1.53 | 1.93 | 2.80,0.932,0.000,0,1,0,0,0,0,-1,0,0,0,,0,,0,,0,0,0,1
1723836806,387,2,2,8,8,6.923,0,0,0.30 | 0.31 | 0.31,0,1.43 | 2.07 | 2.61,0,1.53 | 1.93 | 2.80,0.932,0.000,0,1,0,0,0,0,-1,0,0,0,,0,,0,,0,0,0,1
1723836806,387,2,2,8,8,6.923,0,0,0.30 | 0.31 | 0.31,0,1.43 | 2.07 | 2.61,0,1.53 | 1.93 | 2.80,0.932,0.000,0,1,0,0,0,0,-1,0,0,0,,0,,0,,0,0,0,1
1723836806,387,2,2,8,8,6.923,0,0,0.30 | 0.31 | 0.31,0,1.43 | 2.07 | 2.61,0,1.53 | 1.93 | 2.80,0.932,0.000,0,1,0,0,0,0,-1,0,0,0,,0,,0,,0,0,0,1
1723836806,387,2,2,8,8,6.923,0,0,0.30 | 0.31 | 0.31,0,1.43 | 2.07 | 2.61,0,1.53 | 1.93 | 2.80,0.932,0.000,0,1,0,0,0,0,-1,0,0,0,,0,,0,,0,0,0,1
1723836806,387,2,2,8,8,6.923,0,0,0.30 | 0.31 | 0.31,0,1.43 | 2.07 | 2.61,0,1.53 | 1.93 | 2.80,0.932,0.000,0,1,0,0,0,0,-1,0,0,0,,0,,0,,0,0,0,1
1723836806,387,2,2,8,8,6.923,0,0,0.30 | 0.31 | 0.31,0,1.43 | 2.07 | 2.61,0,1.53 | 1.93 | 2.80,0.932,0.000,0,1,0,0,0,0,-1,0,0,0,,0,,0,,0,0,0,1
1723836806,387,2,2,8,8,6.923,0,0,0.30 | 0.31 | 0.31,0,1.43 | 2.07 | 2.61,0,1.53 | 1.93 | 2.80,0.932,0.000,0,1,0,0,0,0,-1,0,0,0,,0,,0,,0,0,0,1
1723836806,387,2,2,8,8,6.923,0,0,0.30 | 0.31 | 0.31,0,1.43 | 2.07 | 2.61,0,1.53 | 1.93 | 2.80,0.932,0.000,0,1,0,0,0,0,-1,0,0,0,,0,,0,,0,0,0,1
1723836806,387,2,2,8,8,6.923,0,0,0.30 | 0.31 | 0.31,0,1.43 | 2.07 | 2.61,0,1.53 | 1.93 | 2.80,0.932,0.000,0,1,0,0,0,0,-1,0,0,0,,0,,0,,0,0,0,1
1723836806,387,2,2,8,8,6.126,0,0,0.30 | 0.31 | 0.31,0,1.43 | 2.07 | 2.61,0,1.53 | 1.93 | 2.80,0.932,0.000,0,1,0,0,0,0,-1,0,0,0,,0,,0,,0,0,0,1
1723836807,387,2,2,8,8,6.126,0,0,0.30 | 0.31 | 0.31,0,1.43 | 2.07 | 2.61,0,1.53 | 1.93 | 2.80,0.932,0.000,0,1,0,0,0,0,-1,0,0,0,,0,,0,,0,0,0,1
1723836807,387,2,2,8,8,6.126,0,0,0.30 | 0.31 | 0.31,0,1.43 | 2.07 | 2.61,0,1.53 | 1.93 | 2.80,0.932,0.000,0,1,0,0,0,0,-1,0,0,0,,0,,0,,0,0,0,1
1723836807,387,2,2,8,8,6.126,0,0,0.30 | 0.31 | 0.31,0,1.43 | 2.07 | 2.61,0,1.53 | 1.93 | 2.80,0.932,0.000,0,1,0,0,0,0,-1,0,0,0,,0,,0,,0,0,0,1
1723836807,387,2,2,8,8,6.126,0,0,0.30 | 0.31 | 0.31,0,1.43 | 2.07 | 2.61,0,1.53 | 1.93 | 2.80,0.932,0.000,0,1,0,0,0,0,-1,0,0,0,,0,,0,,0,0,0,1
1723836807,387,2,2,8,8,6.126,0,0,0.30 | 0.31 | 0.31,0,1.43 | 2.07 | 2.61,0,1.53 | 1.93 | 2.80,0.932,0.000,0,1,0,0,0,0,-1,0,0,0,,0,,0,,0,0,0,1
1723836807,387,2,2,8,8,6.126,0,0,0.30 | 0.31 | 0.31,0,1.43 | 2.07 | 2.61,0,1.53 | 1.93 | 2.80,0.932,0.000,0,1,0,0,0,0,-1,0,0,0,,0,,0,,0,0,0,1
1723836807,387,2,2,8,8,6.126,0,0,0.30 | 0.31 | 0.31,0,1.43 | 2.07 | 2.61,0,1.53 | 1.93 | 2.80,0.932,0.000,0,1,0,0,0,0,-1,0,0,0,,0,,0,,0,0,0,1
1723836807,387,2,2,8,8,6.126,0,0,0.30 | 0.31 | 0.31,0,1.43 | 2.07 | 2.61,0,1.53 | 1.93 | 2.80,0.932,0.000,0,1,0,0,0,0,-1,0,0,0,,0,,0,,0,0,0,1
1723836807,387,2,2,8,8,6.126,0,0,0.30 | 0.31 | 0.31,0,1.43 | 2.07 | 2.61,0,1.53 | 1.93 | 2.80,0.932,0.000,0,1,0,0,0,0,-1,0,0,0,,0,,0,,0,0,0,1
1723836807,387,2,2,8,8,8.263,0,0,0.30 | 0.45 | 0.88,0,1.31 | 1.91 | 2.61,0,1.53 | 2.09 | 3.05,0.955,0.000,0,1,0,0,0,0,-1,0,0,0,,0,,0,,0,0,0,1
1723836808,387,2,2,8,8,8.263,0,0,0.30 | 0.45 | 0.88,0,1.31 | 1.91 | 2.61,0,1.53 | 2.09 | 3.05,0.955,0.000,0,1,0,0,0,0,-1,0,0,0,,0,,0,,0,0,0,1
1723836808,387,2,2,8,8,8.263,0,0,0.30 | 0.45 | 0.88,0,1.31 | 1.91 | 2.61,0,1.53 | 2.09 | 3.05,0.955,0.000,0,1,0,0,0,0,-1,0,0,0,,0,,0,,0,0,0,1
1723836808,387,2,2,8,8,8.263,0,0,0.30 | 0.45 | 0.88,0,1.31 | 1.91 | 2.61,0,1.53 | 2.09 | 3.05,0.955,0.000,0,1,0,0,0,0,-1,0,0,0,,0,,0,,0,0,0,1
1723836808,387,2,2,8,8,8.263,0,0,0.30 | 0.45 | 0.88,0,1.31 | 1.91 | 2.61,0,1.53 | 2.09 | 3.05,0.955,0.000,0,1,0,0,0,0,-1,0,0,0,,0,,0,,0,0,0,1
1723836808,387,2,2,8,8,8.263,0,0,0.30 | 0.45 | 0.88,0,1.31 | 1.91 | 2.61,0,1.53 | 2.09 | 3.05,0.955,0.000,0,1,0,0,0,0,-1,0,0,0,,0,,0,,0,0,0,1
1723836808,387,2,2,8,8,8.263,0,0,0.30 | 0.45 | 0.88,0,1.31 | 1.91 | 2.61,0,1.53 | 2.09 | 3.05,0.955,0.000,0,1,0,0,0,0,-1,0,0,0,,0,,0,,0,0,0,1
1723836808,387,2,2,8,8,8.263,0,0,0.30 | 0.45 | 0.88,0,1.31 | 1.91 | 2.61,0,1.53 | 2.09 | 3.05,0.955,0.000,0,1,0,0,0,0,-1,0,0,0,,0,,0,,0,0,0,1
1723836808,387,2,2,8,8,8.263,0,0,0.30 | 0.45 | 0.88,0,1.31 | 1.91 | 2.61,0,1.53 | 2.09 | 3.05,0.955,0.000,0,1,0,0,0,0,-1,0,0,0,,0,,0,,0,0,0,1
1723836808,387,2,2,8,8,8.263,0,0,0.30 | 0.45 | 0.88,0,1.31 | 1.91 | 2.61,0,1.53 | 2.09 | 3.05,0.955,0.000,0,1,0,0,0,0,-1,0,0,0,,0,,0,,0,0,0,1
1723836808,387,2,2,8,8,7.201,0,0,0.30 | 0.45 | 0.88,0,1.31 | 1.91 | 2.61,0,1.53 | 2.09 | 3.05,0.955,0.000,0,1,0,0,0,0,-1,0,0,0,,0,,0,,0,0,0,1
1723836809,387,2,2,8,8,7.201,0,0,0.30 | 0.45 | 0.88,0,1.31 | 1.91 | 2.61,0,1.53 | 2.09 | 3.05,0.955,0.000,0,1,0,0,0,0,-1,0,0,0,,0,,0,,0,0,0,1
1723836809,387,2,2,8,8,7.201,0,0,0.30 | 0.45 | 0.88,0,1.31 | 1.91 | 2.61,0,1.53 | 2.09 | 3.05,0.955,0.000,0,1,0,0,0,0,-1,0,0,0,,0,,0,,0,0,0,1
1723836809,387,2,2,8,8,7.201,0,0,0.30 | 0.45 | 0.88,0,1.31 | 1.91 | 2.61,0,1.53 | 2.09 | 3.05,0.955,0.000,0,1,0,0,0,0,-1,0,0,0,,0,,0,,0,0,0,1
1723836809,387,2,2,8,8,7.201,0,0,0.30 | 0.45 | 0.88,0,1.31 | 1.91 | 2.61,0,1.53 | 2.09 | 3.05,0.955,0.000,0,1,0,0,0,0,-1,0,0,0,,0,,0,,0,0,0,1
1723836809,387,2,2,8,8,7.201,0,0,0.30 | 0.45 | 0.88,0,1.31 | 1.91 | 2.61,0,1.53 | 2.09 | 3.05,0.955,0.000,0,1,0,0,0,0,-1,0,0,0,,0,,0,,0,0,0,1
1723836809,387,2,2,8,8,7.201,0,0,0.30 | 0.45 | 0.88,0,1.31 | 1.91 | 2.61,0,1.53 | 2.09 | 3.05,0.955,0.000,0,1,0,0,0,0,-1,0,0,0,,0,,0,,0,0,0,1
1723836809,387,2,2,8,8,7.201,0,0,0.30 | 0.45 | 0.88,0,1.31 | 1.91 | 2.61,0,1.53 | 2.09 | 3.05,0.955,0.000,0,1,0,0,0,0,-1,0,0,0,,0,,0,,0,0,0,1
1723836809,387,2,2,8,8,7.201,0,0,0.30 | 0.45 | 0.88,0,1.31 | 1.91 | 2.61,0,1.53 | 2.09 | 3.05,0.955,0.000,0,1,0,0,0,0,-1,0,0,0,,0,,0,,0,0,0,1
1723836809,387,2,2,8,8,7.201,0,0,0.30 | 0.45 | 0.88,0,1.31 | 1.91 | 2.61,0,1.53 | 2.09 | 3.05,0.955,0.000,0,1,0,0,0,0,-1,0,0,0,,0,,0,,0,0,0,1
1723836809,387,2,2,8,8,10.938,0,0,0.30 | 0.45 | 0.88,0,1.31 | 1.77 | 2.29,0,1.75 | 2.26 | 3.05,0.956,0.000,0,1,0,0,0,0,-1,0,0,0,,0,,0,,0,0,0,1
1723836810,387,2,2,8,8,10.938,0,0,0.30 | 0.45 | 0.88,0,1.31 | 1.77 | 2.29,0,1.75 | 2.26 | 3.05,0.956,0.000,0,1,0,0,0,0,-1,0,0,0,,0,,0,,0,0,0,1
1723836810,387,2,2,8,8,10.938,0,0,0.30 | 0.45 | 0.88,0,1.31 | 1.77 | 2.29,0,1.75 | 2.26 | 3.05,0.956,0.000,0,1,0,0,0,0,-1,0,0,0,,0,,0,,0,0,0,1
1723836810,387,2,2,8,8,10.938,0,0,0.30 | 0.45 | 0.88,0,1.31 | 1.77 | 2.29,0,1.75 | 2.26 | 3.05,0.956,0.000,0,1,0,0,0,0,-1,0,0,0,,0,,0,,0,0,0,1
1723836810,387,2,2,8,8,10.938,0,0,0.30 | 0.45 | 0.88,0,1.31 | 1.77 | 2.29,0,1.75 | 2.26 | 3.05,0.956,0.000,0,1,0,0,0,0,-1,0,0,0,,0,,0,,0,0,0,1
1723836810,387,2,2,8,8,10.938,0,0,0.30 | 0.45 | 0.88,0,1.31 | 1.77 | 2.29,0,1.75 | 2.26 | 3.05,0.956,0.000,0,1,0,0,0,0,-1,0,0,0,,0,,0,,0,0,0,1
1723836810,387,2,2,8,8,10.938,0,0,0.30 | 0.45 | 0.88,0,1.31 | 1.77 | 2.29,0,1.75 | 2.26 | 3.05,0.956,0.000,0,1,0,0,0,0,-1,0,0,0,,0,,0,,0,0,0,1
1723836810,387,2,2,8,8,10.938,0,0,0.30 | 0.45 | 0.88,0,1.31 | 1.77 | 2.29,0,1.75 | 2.26 | 3.05,0.956,0.000,0,1,0,0,0,0,-1,0,0,0,,0,,0,,0,0,0,1
1723836810,387,2,2,8,8,10.938,0,0,0.30 | 0.45 | 0.88,0,1.31 | 1.77 | 2.29,0,1.75 | 2.26 | 3.05,0.956,0.000,0,1,0,0,0,0,-1,0,0,0,,0,,0,,0,0,0,1
1723836810,387,2,2,8,8,10.938,0,0,0.30 | 0.45 | 0.88,0,1.31 | 1.77 | 2.29,0,1.75 | 2.26 | 3.05,0.956,0.000,0,1,0,0,0,0,-1,0,0,0,,0,,0,,0,0,0,1
1723836810,387,2,2,8,8,9.876,0,0,0.30 | 0.45 | 0.88,0,1.31 | 1.77 | 2.29,0,1.75 | 2.26 | 3.05,0.956,0.000,0,1,0,0,0,0,-1,0,0,0,,0,,0,,0,0,0,1
1723836811,387,2,2,8,8,9.876,0,0,0.30 | 0.45 | 0.88,0,1.31 | 1.77 | 2.29,0,1.75 | 2.26 | 3.05,0.956,0.000,0,1,0,0,0,0,-1,0,0,0,,0,,0,,0,0,0,1
1723836811,387,2,2,8,8,9.876,0,0,0.30 | 0.45 | 0.88,0,1.31 | 1.77 | 2.29,0,1.75 | 2.26 | 3.05,0.956,0.000,0,1,0,0,0,0,-1,0,0,0,,0,,0,,0,0,0,1
1723836811,387,2,2,8,8,9.876,0,0,0.30 | 0.45 | 0.88,0,1.31 | 1.77 | 2.29,0,1.75 | 2.26 | 3.05,0.956,0.000,0,1,0,0,0,0,-1,0,0,0,,0,,0,,0,0,0,1
1723836811,387,2,2,8,8,9.876,0,0,0.30 | 0.45 | 0.88,0,1.31 | 1.77 | 2.29,0,1.75 | 2.26 | 3.05,0.956,0.000,0,1,0,0,0,0,-1,0,0,0,,0,,0,,0,0,0,1
1723836811,387,2,2,8,8,9.876,0,0,0.30 | 0.45 | 0.88,0,1.31 | 1.77 | 2.29,0,1.75 | 2.26 | 3.05,0.956,0.000,0,1,0,0,0,0,-1,0,0,0,,0,,0,,0,0,0,1
1723836811,387,2,2,8,8,9.876,0,0,0.30 | 0.45 | 0.88,0,1.31 | 1.77 | 2.29,0,1.75 | 2.26 | 3.05,0.956,0.000,0,1,0,0,0,0,-1,0,0,0,,0,,0,,0,0,0,1
1723836811,387,2,2,8,8,9.876,0,0,0.30 | 0.45 | 0.88,0,1.31 | 1.77 | 2.29,0,1.75 | 2.26 | 3.05,0.956,0.000,0,1,0,0,0,0,-1,0,0,0,,0,,0,,0,0,0,1
1723836811,387,2,2,8,8,9.876,0,0,0.30 | 0.45 | 0.88,0,1.31 | 1.77 | 2.29,0,1.75 | 2.26 | 3.05,0.956,0.000,0,1,0,0,0,0,-1,0,0,0,,0,,0,,0,0,0,1
1723836811,387,2,2,8,8,9.876,0,0,0.30 | 0.45 | 0.88,0,1.31 | 1.77 | 2.29,0,1.75 | 2.26 | 3.05,0.956,0.000,0,1,0,0,0,0,-1,0,0,0,,0,,0,,0,0,0,1
1723836811,387,2,2,8,8,12.279,0,0,0.31 | 0.45 | 0.88,0,1.07 | 1.69 | 2.29,0,1.75 | 2.37 | 3.72,0.957,0.000,0,1,0,0,0,0,-1,0,0,0,,0,,0,,0,0,0,1
1723836812,387,2,2,8,8,12.279,0,0,0.31 | 0.45 | 0.88,0,1.07 | 1.69 | 2.29,0,1.75 | 2.37 | 3.72,0.957,0.000,0,1,0,0,0,0,-1,0,0,0,,0,,0,,0,0,0,1
1723836812,387,2,2,8,8,12.279,0,0,0.31 | 0.45 | 0.88,0,1.07 | 1.69 | 2.29,0,1.75 | 2.37 | 3.72,0.957,0.000,0,1,0,0,0,0,-1,0,0,0,,0,,0,,0,0,0,1
1723836812,387,2,2,8,8,12.279,0,0,0.31 | 0.45 | 0.88,0,1.07 | 1.69 | 2.29,0,1.75 | 2.37 | 3.72,0.957,0.000,0,1,0,0,0,0,-1,0,0,0,,0,,0,,0,0,0,1
1723836812,387,2,2,8,8,12.279,0,0,0.31 | 0.45 | 0.88,0,1.07 | 1.69 | 2.29,0,1.75 | 2.37 | 3.72,0.957,0.000,0,1,0,0,0,0,-1,0,0,0,,0,,0,,0,0,0,1
1723836812,387,2,2,8,8,12.279,0,0,0.31 | 0.45 | 0.88,0,1.07 | 1.69 | 2.29,0,1.75 | 2.37 | 3.72,0.957,0.000,0,1,0,0,0,0,-1,0,0,0,,0,,0,,0,0,0,1
1723836812,387,2,2,8,8,12.279,0,0,0.31 | 0.45 | 0.88,0,1.07 | 1.69 | 2.29,0,1.75 | 2.37 | 3.72,0.957,0.000,0,1,0,0,0,0,-1,0,0,0,,0,,0,,0,0,0,1
1723836812,387,2,2,8,8,12.279,0,0,0.31 | 0.45 | 0.88,0,1.07 | 1.69 | 2.29,0,1.75 | 2.37 | 3.72,0.957,0.000,0,1,0,0,0,0,-1,0,0,0,,0,,0,,0,0,0,1
1723836812,387,2,2,8,8,12.279,0,0,0.31 | 0.45 | 0.88,0,1.07 | 1.69 | 2.29,0,1.75 | 2.37 | 3.72,0.957,0.000,0,1,0,0,0,0,-1,0,0,0,,0,,0,,0,0,0,1
1723836812,387,2,2,8,8,12.279,0,0,0.31 | 0.45 | 0.88,0,1.07 | 1.69 | 2.29,0,1.75 | 2.37 | 3.72,0.957,0.000,0,1,0,0,0,0,-1,0,0,0,,0,,0,,0,0,0,1
1723836812,387,2,2,8,8,11.216,0,0,0.31 | 0.45 | 0.88,0,1.07 | 1.69 | 2.29,0,1.75 | 2.37 | 3.72,0.957,0.000,0,1,0,0,0,0,-1,0,0,0,,0,,0,,0,0,0,1
1723836813,387,2,2,8,8,11.216,0,0,0.31 | 0.45 | 0.88,0,1.07 | 1.69 | 2.29,0,1.75 | 2.37 | 3.72,0.957,0.000,0,1,0,0,0,0,-1,0,0,0,,0,,0,,0,0,0,1
1723836813,387,2,2,8,8,11.216,0,0,0.31 | 0.45 | 0.88,0,1.07 | 1.69 | 2.29,0,1.75 | 2.37 | 3.72,0.957,0.000,0,1,0,0,0,0,-1,0,0,0,,0,,0,,0,0,0,1
1723836813,387,2,2,8,8,11.216,0,0,0.31 | 0.45 | 0.88,0,1.07 | 1.69 | 2.29,0,1.75 | 2.37 | 3.72,0.957,0.000,0,1,0,0,0,0,-1,0,0,0,,0,,0,,0,0,0,1
1723836813,387,2,2,8,8,11.216,0,0,0.31 | 0.45 | 0.88,0,1.07 | 1.69 | 2.29,0,1.75 | 2.37 | 3.72,0.957,0.000,0,1,0,0,0,0,-1,0,0,0,,0,,0,,0,0,0,1
1723836813,387,2,2,8,8,11.216,0,0,0.31 | 0.45 | 0.88,0,1.07 | 1.69 | 2.29,0,1.75 | 2.37 | 3.72,0.957,0.000,0,1,0,0,0,0,-1,0,0,0,,0,,0,,0,0,0,1
1723836813,387,2,2,8,8,11.216,0,0,0.31 | 0.45 | 0.88,0,1.07 | 1.69 | 2.29,0,1.75 | 2.37 | 3.72,0.957,0.000,0,1,0,0,0,0,-1,0,0,0,,0,,0,,0,0,0,1
1723836813,387,2,2,8,8,11.216,0,0,0.31 | 0.45 | 0.88,0,1.07 | 1.69 | 2.29,0,1.75 | 2.37 | 3.72,0.957,0.000,0,1,0,0,0,0,-1,0,0,0,,0,,0,,0,0,0,1
1723836813,387,2,2,8,8,11.216,0,0,0.31 | 0.45 | 0.88,0,1.07 | 1.69 | 2.29,0,1.75 | 2.37 | 3.72,0.957,0.000,0,1,0,0,0,0,-1,0,0,0,,0,,0,,0,0,0,1
1723836813,387,2,2,8,8,11.216,0,0,0.31 | 0.45 | 0.88,0,1.07 | 1.69 | 2.29,0,1.75 | 2.37 | 3.72,0.957,0.000,0,1,0,0,0,0,-1,0,0,0,,0,,0,,0,0,0,1
1723836813,387,2,2,8,8,10.073,0,0,0.31 | 0.45 | 0.88,0,1.07 | 1.69 | 2.29,0,1.75 | 2.37 | 3.72,0.957,0.000,0,1,0,0,0,0,-1,0,0,0,,0,,0,,0,0,0,1
1723836814,387,2,2,8,8,10.073,0,0,0.31 | 0.45 | 0.88,0,1.07 | 1.69 | 2.29,0,1.75 | 2.37 | 3.72,0.957,0.000,0,1,0,0,0,0,-1,0,0,0,,0,,0,,0,0,0,1
1723836814,387,2,2,8,8,10.073,0,0,0.31 | 0.45 | 0.88,0,1.07 | 1.69 | 2.29,0,1.75 | 2.37 | 3.72,0.957,0.000,0,1,0,0,0,0,-1,0,0,0,,0,,0,,0,0,0,1
1723836814,387,2,2,8,8,10.073,0,0,0.31 | 0.45 | 0.88,0,1.07 | 1.69 | 2.29,0,1.75 | 2.37 | 3.72,0.957,0.000,0,1,0,0,0,0,-1,0,0,0,,0,,0,,0,0,0,1
1723836814,387,2,2,8,8,10.073,0,0,0.31 | 0.45 | 0.88,0,1.07 | 1.69 | 2.29,0,1.75 | 2.37 | 3.72,0.957,0.000,0,1,0,0,0,0,-1,0,0,0,,0,,0,,0,0,0,1
1723836814,387,2,2,8,8,10.073,0,0,0.31 | 0.45 | 0.88,0,1.07 | 1.69 | 2.29,0,1.75 | 2.37 | 3.72,0.957,0.000,0,1,0,0,0,0,-1,0,0,0,,0,,0,,0,0,0,1
1723836814,387,2,2,8,8,10.073,0,0,0.31 | 0.45 | 0.88,0,1.07 | 1.69 | 2.29,0,1.75 | 2.37 | 3.72,0.957,0.000,0,1,0,0,0,0,-1,0,0,0,,0,,0,,0,0,0,1
1723836814,387,2,2,8,8,10.073,0,0,0.31 | 0.45 | 0.88,0,1.07 | 1.69 | 2.29,0,1.75 | 2.37 | 3.72,0.957,0.000,0,1,0,0,0,0,-1,0,0,0,,0,,0,,0,0,0,1
1723836814,387,2,2,8,8,10.073,0,0,0.31 | 0.45 | 0.88,0,1.07 | 1.69 | 2.29,0,1.75 | 2.37 | 3.72,0.957,0.000,0,1,0,0,0,0,-1,0,0,0,,0,,0,,0,0,0,1
1723836814,387,2,2,8,8,10.073,0,0,0.31 | 0.45 | 0.88,0,1.07 | 1.69 | 2.29,0,1.75 | 2.37 | 3.72,0.957,0.000,0,1,0,0,0,0,-1,0,0,0,,0,,0,,0,0,0,1
1723836814,387,2,2,8,8,9.092,0,0,0.31 | 0.45 | 0.88,0,1.07 | 1.69 | 2.29,0,1.75 | 2.37 | 3.72,0.957,0.000,0,1,0,0,0,0,-1,0,0,0,,0,,0,,0,0,0,1
1723836815,387,2,2,8,8,9.092,0,0,0.31 | 0.45 | 0.88,0,1.07 | 1.69 | 2.29,0,1.75 | 2.37 | 3.72,0.957,0.000,0,1,0,0,0,0,-1,0,0,0,,0,,0,,0,0,0,1
1723836815,387,2,2,8,8,9.092,0,0,0.31 | 0.45 | 0.88,0,1.07 | 1.69 | 2.29,0,1.75 | 2.37 | 3.72,0.957,0.000,0,1,0,0,0,0,-1,0,0,0,,0,,0,,0,0,0,1
1723836815,387,2,2,8,8,9.092,0,0,0.31 | 0.45 | 0.88,0,1.07 | 1.69 | 2.29,0,1.75 | 2.37 | 3.72,0.957,0.000,0,1,0,0,0,0,-1,0,0,0,,0,,0,,0,0,0,1
1723836815,387,2,2,8,8,9.092,0,0,0.31 | 0.45 | 0.88,0,1.07 | 1.69 | 2.29,0,1.75 | 2.37 | 3.72,0.957,0.000,0,1,0,0,0,0,-1,0,0,0,,0,,0,,0,0,0,1
1723836815,387,2,2,8,8,9.092,0,0,0.31 | 0.45 | 0.88,0,1.07 | 1.69 | 2.29,0,1.75 | 2.37 | 3.72,0.957,0.000,0,1,0,0,0,0,-1,0,0,0,,0,,0,,0,0,0,1
1723836815,387,2,2,8,8,9.092,0,0,0.31 | 0.45 | 0.88,0,1.07 | 1.69 | 2.29,0,1.75 | 2.37 | 3.72,0.957,0.000,0,1,0,0,0,0,-1,0,0,0,,0,,0,,0,0,0,1
1723836815,387,2,2,8,8,9.092,0,0,0.31 | 0.45 | 0.88,0,1.07 | 1.69 | 2.29,0,1.75 | 2.37 | 3.72,0.957,0.000,0,1,0,0,0,0,-1,0,0,0,,0,,0,,0,0,0,1
1723836815,387,2,2,8,8,9.092,0,0,0.31 | 0.45 | 0.88,0,1.07 | 1.69 | 2.29,0,1.75 | 2.37 | 3.72,0.957,0.000,0,1,0,0,0,0,-1,0,0,0,,0,,0,,0,0,0,1
1723836815,387,2,2,8,8,9.092,0,0,0.31 | 0.45 | 0.88,0,1.07 | 1.69 | 2.29,0,1.75 | 2.37 | 3.72,0.957,0.000,0,1,0,0,0,0,-1,0,0,0,,0,,0,,0,0,0,1
1723836815,387,2,2,8,8,13.095,0,0,0.31 | 0.45 | 0.88,0,1.07 | 1.61 | 2.06,0,1.94 | 2.49 | 3.72,0.958,0.000,0,1,0,0,0,0,-1,0,0,0,,0,,0,,0,0,0,1
1723836816,387,2,2,8,8,13.095,0,0,0.31 | 0.45 | 0.88,0,1.07 | 1.61 | 2.06,0,1.94 | 2.49 | 3.72,0.958,0.000,0,1,0,0,0,0,-1,0,0,0,,0,,0,,0,0,0,1
1723836816,387,2,2,8,8,13.095,0,0,0.31 | 0.45 | 0.88,0,1.07 | 1.61 | 2.06,0,1.94 | 2.49 | 3.72,0.958,0.000,0,1,0,0,0,0,-1,0,0,0,,0,,0,,0,0,0,1
1723836816,387,2,2,8,8,13.095,0,0,0.31 | 0.45 | 0.88,0,1.07 | 1.61 | 2.06,0,1.94 | 2.49 | 3.72,0.958,0.000,0,1,0,0,0,0,-1,0,0,0,,0,,0,,0,0,0,1
1723836816,387,2,2,8,8,13.095,0,0,0.31 | 0.45 | 0.88,0,1.07 | 1.61 | 2.06,0,1.94 | 2.49 | 3.72,0.958,0.000,0,1,0,0,0,0,-1,0,0,0,,0,,0,,0,0,0,1
1723836816,387,2,2,8,8,13.095,0,0,0.31 | 0.45 | 0.88,0,1.07 | 1.61 | 2.06,0,1.94 | 2.49 | 3.72,0.958,0.000,0,1,0,0,0,0,-1,0,0,0,,0,,0,,0,0,0,1
1723836816,387,2,2,8,8,13.095,0,0,0.31 | 0.45 | 0.88,0,1.07 | 1.61 | 2.06,0,1.94 | 2.49 | 3.72,0.958,0.000,0,1,0,0,0,0,-1,0,0,0,,0,,0,,0,0,0,1
1723836816,387,2,2,8,8,13.095,0,0,0.31 | 0.45 | 0.88,0,1.07 | 1.61 | 2.06,0,1.94 | 2.49 | 3.72,0.958,0.000,0,1,0,0,0,0,-1,0,0,0,,0,,0,,0,0,0,1
1723836816,387,2,2,8,8,13.095,0,0,0.31 | 0.45 | 0.88,0,1.07 | 1.61 | 2.06,0,1.94 | 2.49 | 3.72,0.958,0.000,0,1,0,0,0,0,-1,0,0,0,,0,,0,,0,0,0,1
1723836816,387,2,2,8,8,13.095,0,0,0.31 | 0.45 | 0.88,0,1.07 | 1.61 | 2.06,0,1.94 | 2.49 | 3.72,0.958,0.000,0,1,0,0,0,0,-1,0,0,0,,0,,0,,0,0,0,1
1723836816,387,2,2,8,8,12.032,0,0,0.31 | 0.45 | 0.88,0,1.07 | 1.61 | 2.06,0,1.94 | 2.49 | 3.72,0.958,0.000,0,1,0,0,0,0,-1,0,0,0,,0,,0,,0,0,0,1
1723836817,387,2,2,8,8,12.032,0,0,0.31 | 0.45 | 0.88,0,1.07 | 1.61 | 2.06,0,1.94 | 2.49 | 3.72,0.958,0.000,0,1,0,0,0,0,-1,0,0,0,,0,,0,,0,0,0,1
1723836817,387,2,2,8,8,12.032,0,0,0.31 | 0.45 | 0.88,0,1.07 | 1.61 | 2.06,0,1.94 | 2.49 | 3.72,0.958,0.000,0,1,0,0,0,0,-1,0,0,0,,0,,0,,0,0,0,1
1723836817,387,2,2,8,8,12.032,0,0,0.31 | 0.45 | 0.88,0,1.07 | 1.61 | 2.06,0,1.94 | 2.49 | 3.72,0.958,0.000,0,1,0,0,0,0,-1,0,0,0,,0,,0,,0,0,0,1
1723836817,387,2,2,8,8,12.032,0,0,0.31 | 0.45 | 0.88,0,1.07 | 1.61 | 2.06,0,1.94 | 2.49 | 3.72,0.958,0.000,0,1,0,0,0,0,-1,0,0,0,,0,,0,,0,0,0,1
1723836817,387,2,2,8,8,12.032,0,0,0.31 | 0.45 | 0.88,0,1.07 | 1.61 | 2.06,0,1.94 | 2.49 | 3.72,0.958,0.000,0,1,0,0,0,0,-1,0,0,0,,0,,0,,0,0,0,1
1723836817,387,2,2,8,8,12.032,0,0,0.31 | 0.45 | 0.88,0,1.07 | 1.61 | 2.06,0,1.94 | 2.49 | 3.72,0.958,0.000,0,1,0,0,0,0,-1,0,0,0,,0,,0,,0,0,0,1
1723836817,387,2,2,8,8,12.032,0,0,0.31 | 0.45 | 0.88,0,1.07 | 1.61 | 2.06,0,1.94 | 2.49 | 3.72,0.958,0.000,0,1,0,0,0,0,-1,0,0,0,,0,,0,,0,0,0,1
1723836817,387,2,2,8,8,12.032,0,0,0.31 | 0.45 | 0.88,0,1.07 | 1.61 | 2.06,0,1.94 | 2.49 | 3.72,0.958,0.000,0,1,0,0,0,0,-1,0,0,0,,0,,0,,0,0,0,1
1723836817,387,2,2,8,8,12.032,0,0,0.31 | 0.45 | 0.88,0,1.07 | 1.61 | 2.06,0,1.94 | 2.49 | 3.72,0.958,0.000,0,1,0,0,0,0,-1,0,0,0,,0,,0,,0,0,0,1
1723836817,387,2,2,8,8,10.97,0,0,0.31 | 0.45 | 0.88,0,1.07 | 1.61 | 2.06,0,1.94 | 2.49 | 3.72,0.958,0.000,0,1,0,0,0,0,-1,0,0,0,,0,,0,,0,0,0,1
1723836818,387,2,2,8,8,10.97,0,0,0.31 | 0.45 | 0.88,0,1.07 | 1.61 | 2.06,0,1.94 | 2.49 | 3.72,0.958,0.000,0,1,0,0,0,0,-1,0,0,0,,0,,0,,0,0,0,1
1723836818,387,2,2,8,8,10.97,0,0,0.31 | 0.45 | 0.88,0,1.07 | 1.61 | 2.06,0,1.94 | 2.49 | 3.72,0.958,0.000,0,1,0,0,0,0,-1,0,0,0,,0,,0,,0,0,0,1
1723836818,387,2,2,8,8,10.97,0,0,0.31 | 0.45 | 0.88,0,1.07 | 1.61 | 2.06,0,1.94 | 2.49 | 3.72,0.958,0.000,0,1,0,0,0,0,-1,0,0,0,,0,,0,,0,0,0,1
1723836818,387,2,2,8,8,10.97,0,0,0.31 | 0.45 | 0.88,0,1.07 | 1.61 | 2.06,0,1.94 | 2.49 | 3.72,0.958,0.000,0,1,0,0,0,0,-1,0,0,0,,0,,0,,0,0,0,1
1723836818,387,2,2,8,8,10.97,0,0,0.31 | 0.45 | 0.88,0,1.07 | 1.61 | 2.06,0,1.94 | 2.49 | 3.72,0.958,0.000,0,1,0,0,0,0,-1,0,0,0,,0,,0,,0,0,0,1
1723836818,387,2,2,8,8,10.97,0,0,0.31 | 0.45 | 0.88,0,1.07 | 1.61 | 2.06,0,1.94 | 2.49 | 3.72,0.958,0.000,0,1,0,0,0,0,-1,0,0,0,,0,,0,,0,0,0,1
1723836818,387,2,2,8,8,10.97,0,0,0.31 | 0.45 | 0.88,0,1.07 | 1.61 | 2.06,0,1.94 | 2.49 | 3.72,0.958,0.000,0,1,0,0,0,0,-1,0,0,0,,0,,0,,0,0,0,1
1723836818,387,2,2,8,8,10.97,0,0,0.31 | 0.45 | 0.88,0,1.07 | 1.61 | 2.06,0,1.94 | 2.49 | 3.72,0.958,0.000,0,1,0,0,0,0,-1,0,0,0,,0,,0,,0,0,0,1
1723836818,387,2,2,8,8,10.97,0,0,0.31 | 0.45 | 0.88,0,1.07 | 1.61 | 2.06,0,1.94 | 2.49 | 3.72,0.958,0.000,0,1,0,0,0,0,-1,0,0,0,,0,,0,,0,0,0,1
1723836818,387,2,2,8,8,9.907,0,0,0.31 | 0.45 | 0.88,0,1.07 | 1.61 | 2.06,0,1.94 | 2.49 | 3.72,0.958,0.000,0,1,0,0,0,0,-1,0,0,0,,0,,0,,0,0,0,1
1723836819,387,2,2,8,8,9.907,0,0,0.31 | 0.45 | 0.88,0,1.07 | 1.61 | 2.06,0,1.94 | 2.49 | 3.72,0.958,0.000,0,1,0,0,0,0,-1,0,0,0,,0,,0,,0,0,0,1
1723836819,387,2,2,8,8,9.907,0,0,0.31 | 0.45 | 0.88,0,1.07 | 1.61 | 2.06,0,1.94 | 2.49 | 3.72,0.958,0.000,0,1,0,0,0,0,-1,0,0,0,,0,,0,,0,0,0,1
1723836819,387,2,2,8,8,9.907,0,0,0.31 | 0.45 | 0.88,0,1.07 | 1.61 | 2.06,0,1.94 | 2.49 | 3.72,0.958,0.000,0,1,0,0,0,0,-1,0,0,0,,0,,0,,0,0,0,1
1723836819,387,2,2,8,8,9.907,0,0,0.31 | 0.45 | 0.88,0,1.07 | 1.61 | 2.06,0,1.94 | 2.49 | 3.72,0.958,0.000,0,1,0,0,0,0,-1,0,0,0,,0,,0,,0,0,0,1
1723836819,387,2,2,8,8,9.907,0,0,0.31 | 0.45 | 0.88,0,1.07 | 1.61 | 2.06,0,1.94 | 2.49 | 3.72,0.958,0.000,0,1,0,0,0,0,-1,0,0,0,,0,,0,,0,0,0,1
1723836819,387,2,2,8,8,9.907,0,0,0.31 | 0.45 | 0.88,0,1.07 | 1.61 | 2.06,0,1.94 | 2.49 | 3.72,0.958,0.000,0,1,0,0,0,0,-1,0,0,0,,0,,0,,0,0,0,1
1723836819,387,2,2,8,8,9.907,0,0,0.31 | 0.45 | 0.88,0,1.07 | 1.61 | 2.06,0,1.94 | 2.49 | 3.72,0.958,0.000,0,1,0,0,0,0,-1,0,0,0,,0,,0,,0,0,0,1
1723836819,387,2,2,8,8,9.907,0,0,0.31 | 0.45 | 0.88,0,1.07 | 1.61 | 2.06,0,1.94 | 2.49 | 3.72,0.958,0.000,0,1,0,0,0,0,-1,0,0,0,,0,,0,,0,0,0,1
1723836819,387,2,2,8,8,9.907,0,0,0.31 | 0.45 | 0.88,0,1.07 | 1.61 | 2.06,0,1.94 | 2.49 | 3.72,0.958,0.000,0,1,0,0,0,0,-1,0,0,0,,0,,0,,0,0,0,1
1723836819,387,2,2,8,8,12.31,0,0,0.31 | 0.31 | 0.31,0,1.07 | 1.66 | 2.06,0,1.94 | 2.41 | 3.72,0.958,0.000,0,1,0,0,0,0,-1,0,0,0,,0,,0,,0,0,0,1
1723836820,387,2,2,8,8,12.31,0,0,0.31 | 0.31 | 0.31,0,1.07 | 1.66 | 2.06,0,1.94 | 2.41 | 3.72,0.958,0.000,0,1,0,0,0,0,-1,0,0,0,,0,,0,,0,0,0,1
1723836820,387,2,2,8,8,12.31,0,0,0.31 | 0.31 | 0.31,0,1.07 | 1.66 | 2.06,0,1.94 | 2.41 | 3.72,0.958,0.000,0,1,0,0,0,0,-1,0,0,0,,0,,0,,0,0,0,1
1723836820,387,2,2,8,8,12.31,0,0,0.31 | 0.31 | 0.31,0,1.07 | 1.66 | 2.06,0,1.94 | 2.41 | 3.72,0.958,0.000,0,1,0,0,0,0,-1,0,0,0,,0,,0,,0,0,0,1
1723836820,387,2,2,8,8,12.31,0,0,0.31 | 0.31 | 0.31,0,1.07 | 1.66 | 2.06,0,1.94 | 2.41 | 3.72,0.958,0.000,0,1,0,0,0,0,-1,0,0,0,,0,,0,,0,0,0,1
1723836820,387,2,2,8,8,12.31,0,0,0.31 | 0.31 | 0.31,0,1.07 | 1.66 | 2.06,0,1.94 | 2.41 | 3.72,0.958,0.000,0,1,0,0,0,0,-1,0,0,0,,0,,0,,0,0,0,1
1723836820,387,2,2,8,8,12.31,0,0,0.31 | 0.31 | 0.31,0,1.07 | 1.66 | 2.06,0,1.94 | 2.41 | 3.72,0.958,0.000,0,1,0,0,0,0,-1,0,0,0,,0,,0,,0,0,0,1
1723836820,387,2,2,8,8,12.31,0,0,0.31 | 0.31 | 0.31,0,1.07 | 1.66 | 2.06,0,1.94 | 2.41 | 3.72,0.958,0.000,0,1,0,0,0,0,-1,0,0,0,,0,,0,,0,0,0,1
1723836820,387,2,2,8,8,12.31,0,0,0.31 | 0.31 | 0.31,0,1.07 | 1.66 | 2.06,0,1.94 | 2.41 | 3.72,0.958,0.000,0,1,0,0,0,0,-1,0,0,0,,0,,0,,0,0,0,1
1723836820,387,2,2,8,8,12.31,0,0,0.31 | 0.31 | 0.31,0,1.07 | 1.66 | 2.06,0,1.94 | 2.41 | 3.72,0.958,0.000,0,1,0,0,0,0,-1,0,0,0,,0,,0,,0,0,0,1
1723836820,387,2,2,8,8,11.248,0,0,0.31 | 0.31 | 0.31,0,1.07 | 1.66 | 2.06,0,1.94 | 2.41 | 3.72,0.958,0.000,0,1,0,0,0,0,-1,0,0,0,,0,,0,,0,0,0,1
1723836821,387,2,2,8,8,11.248,0,0,0.31 | 0.31 | 0.31,0,1.07 | 1.66 | 2.06,0,1.94 | 2.41 | 3.72,0.958,0.000,0,1,0,0,0,0,-1,0,0,0,,0,,0,,0,0,0,1
1723836821,387,2,2,8,8,11.248,0,0,0.31 | 0.31 | 0.31,0,1.07 | 1.66 | 2.06,0,1.94 | 2.41 | 3.72,0.958,0.000,0,1,0,0,0,0,-1,0,0,0,,0,,0,,0,0,0,1
1723836821,387,2,2,8,8,11.248,0,0,0.31 | 0.31 | 0.31,0,1.07 | 1.66 | 2.06,0,1.94 | 2.41 | 3.72,0.958,0.000,0,1,0,0,0,0,-1,0,0,0,,0,,0,,0,0,0,1
1723836821,387,2,2,8,8,11.248,0,0,0.31 | 0.31 | 0.31,0,1.07 | 1.66 | 2.06,0,1.94 | 2.41 | 3.72,0.958,0.000,0,1,0,0,0,0,-1,0,0,0,,0,,0,,0,0,0,1
1723836821,387,2,2,8,8,11.248,0,0,0.31 | 0.31 | 0.31,0,1.07 | 1.66 | 2.06,0,1.94 | 2.41 | 3.72,0.958,0.000,0,1,0,0,0,0,-1,0,0,0,,0,,0,,0,0,0,1
1723836821,387,2,2,8,8,11.248,0,0,0.31 | 0.31 | 0.31,0,1.07 | 1.66 | 2.06,0,1.94 | 2.41 | 3.72,0.958,0.000,0,1,0,0,0,0,-1,0,0,0,,0,,0,,0,0,0,1
1723836821,387,2,2,8,8,11.248,0,0,0.31 | 0.31 | 0.31,0,1.07 | 1.66 | 2.06,0,1.94 | 2.41 | 3.72,0.958,0.000,0,1,0,0,0,0,-1,0,0,0,,0,,0,,0,0,0,1
1723836821,387,2,2,8,8,11.248,0,0,0.31 | 0.31 | 0.31,0,1.07 | 1.66 | 2.06,0,1.94 | 2.41 | 3.72,0.958,0.000,0,1,0,0,0,0,-1,0,0,0,,0,,0,,0,0,0,1
1723836821,387,2,2,8,8,11.248,0,0,0.31 | 0.31 | 0.31,0,1.07 | 1.66 | 2.06,0,1.94 | 2.41 | 3.72,0.958,0.000,0,1,0,0,0,0,-1,0,0,0,,0,,0,,0,0,0,1
1723836821,387,2,2,8,8,10.185,0,0,0.31 | 0.31 | 0.31,0,1.07 | 1.66 | 2.06,0,1.94 | 2.41 | 3.72,0.958,0.000,0,1,0,0,0,0,-1,0,0,0,,0,,0,,0,0,0,1
1723836822,387,2,2,8,8,10.185,0,0,0.31 | 0.31 | 0.31,0,1.07 | 1.66 | 2.06,0,1.94 | 2.41 | 3.72,0.958,0.000,0,1,0,0,0,0,-1,0,0,0,,0,,0,,0,0,0,1
1723836822,387,2,2,8,8,10.185,0,0,0.31 | 0.31 | 0.31,0,1.07 | 1.66 | 2.06,0,1.94 | 2.41 | 3.72,0.958,0.000,0,1,0,0,0,0,-1,0,0,0,,0,,0,,0,0,0,1
1723836822,387,2,2,8,8,10.185,0,0,0.31 | 0.31 | 0.31,0,1.07 | 1.66 | 2.06,0,1.94 | 2.41 | 3.72,0.958,0.000,0,1,0,0,0,0,-1,0,0,0,,0,,0,,0,0,0,1
1723836822,387,2,2,8,8,10.185,0,0,0.31 | 0.31 | 0.31,0,1.07 | 1.66 | 2.06,0,1.94 | 2.41 | 3.72,0.958,0.000,0,1,0,0,0,0,-1,0,0,0,,0,,0,,0,0,0,1
1723836822,387,2,2,8,8,10.185,0,0,0.31 | 0.31 | 0.31,0,1.07 | 1.66 | 2.06,0,1.94 | 2.41 | 3.72,0.958,0.000,0,1,0,0,0,0,-1,0,0,0,,0,,0,,0,0,0,1
1723836822,387,2,2,8,8,10.185,0,0,0.31 | 0.31 | 0.31,0,1.07 | 1.66 | 2.06,0,1.94 | 2.41 | 3.72,0.958,0.000,0,1,0,0,0,0,-1,0,0,0,,0,,0,,0,0,0,1
1723836822,387,2,2,8,8,10.185,0,0,0.31 | 0.31 | 0.31,0,1.07 | 1.66 | 2.06,0,1.94 | 2.41 | 3.72,0.958,0.000,0,1,0,0,0,0,-1,0,0,0,,0,,0,,0,0,0,1
1723836822,387,2,2,8,8,10.185,0,0,0.31 | 0.31 | 0.31,0,1.07 | 1.66 | 2.06,0,1.94 | 2.41 | 3.72,0.958,0.000,0,1,0,0,0,0,-1,0,0,0,,0,,0,,0,0,0,1
1723836822,387,2,2,8,8,10.185,0,0,0.31 | 0.31 | 0.31,0,1.07 | 1.66 | 2.06,0,1.94 | 2.41 | 3.72,0.958,0.000,0,1,0,0,0,0,-1,0,0,0,,0,,0,,0,0,0,1
1723836822,387,2,2,8,8,13.923,0,0,0.31 | 0.31 | 0.31,0,1.07 | 1.67 | 2.13,0,1.88 | 2.39 | 3.72,0.957,0.000,0,1,0,0,0,0,-1,0,0,0,,0,,0,,0,0,0,1
1723836823,387,2,2,8,8,13.923,0,0,0.31 | 0.31 | 0.31,0,1.07 | 1.67 | 2.13,0,1.88 | 2.39 | 3.72,0.957,0.000,0,1,0,0,0,0,-1,0,0,0,,0,,0,,0,0,0,1
1723836823,387,2,2,8,8,13.923,0,0,0.31 | 0.31 | 0.31,0,1.07 | 1.67 | 2.13,0,1.88 | 2.39 | 3.72,0.957,0.000,0,1,0,0,0,0,-1,0,0,0,,0,,0,,0,0,0,1
1723836823,387,2,2,8,8,13.923,0,0,0.31 | 0.31 | 0.31,0,1.07 | 1.67 | 2.13,0,1.88 | 2.39 | 3.72,0.957,0.000,0,1,0,0,0,0,-1,0,0,0,,0,,0,,0,0,0,1
1723836823,387,2,2,8,8,13.923,0,0,0.31 | 0.31 | 0.31,0,1.07 | 1.67 | 2.13,0,1.88 | 2.39 | 3.72,0.957,0.000,0,1,0,0,0,0,-1,0,0,0,,0,,0,,0,0,0,1
1723836823,387,2,2,8,8,13.923,0,0,0.31 | 0.31 | 0.31,0,1.07 | 1.67 | 2.13,0,1.88 | 2.39 | 3.72,0.957,0.000,0,1,0,0,0,0,-1,0,0,0,,0,,0,,0,0,0,1
1723836823,387,2,2,8,8,13.923,0,0,0.31 | 0.31 | 0.31,0,1.07 | 1.67 | 2.13,0,1.88 | 2.39 | 3.72,0.957,0.000,0,1,0,0,0,0,-1,0,0,0,,0,,0,,0,0,0,1
1723836823,387,2,2,8,8,13.923,0,0,0.31 | 0.31 | 0.31,0,1.07 | 1.67 | 2.13,0,1.88 | 2.39 | 3.72,0.957,0.000,0,1,0,0,0,0,-1,0,0,0,,0,,0,,0,0,0,1
1723836823,387,2,2,8,8,13.923,0,0,0.31 | 0.31 | 0.31,0,1.07 | 1.67 | 2.13,0,1.88 | 2.39 | 3.72,0.957,0.000,0,1,0,0,0,0,-1,0,0,0,,0,,0,,0,0,0,1
1723836823,387,2,2,8,8,13.923,0,0,0.31 | 0.31 | 0.31,0,1.07 | 1.67 | 2.13,0,1.88 | 2.39 | 3.72,0.957,0.000,0,1,0,0,0,0,-1,0,0,0,,0,,0,,0,0,0,1
1723836823,387,2,2,8,8,12.873,0,0,0.31 | 0.31 | 0.31,0,1.07 | 1.67 | 2.13,0,1.88 | 2.39 | 3.72,0.957,0.000,0,1,0,0,0,0,-1,0,0,0,,0,,0,,0,0,0,1
1723836824,387,2,2,8,8,12.873,0,0,0.31 | 0.31 | 0.31,0,1.07 | 1.67 | 2.13,0,1.88 | 2.39 | 3.72,0.957,0.000,0,1,0,0,0,0,-1,0,0,0,,0,,0,,0,0,0,1
1723836824,387,2,2,8,8,12.873,0,0,0.31 | 0.31 | 0.31,0,1.07 | 1.67 | 2.13,0,1.88 | 2.39 | 3.72,0.957,0.000,0,1,0,0,0,0,-1,0,0,0,,0,,0,,0,0,0,1
1723836824,387,2,2,8,8,12.873,0,0,0.31 | 0.31 | 0.31,0,1.07 | 1.67 | 2.13,0,1.88 | 2.39 | 3.72,0.957,0.000,0,1,0,0,0,0,-1,0,0,0,,0,,0,,0,0,0,1
1723836824,387,2,2,8,8,12.873,0,0,0.31 | 0.31 | 0.31,0,1.07 | 1.67 | 2.13,0,1.88 | 2.39 | 3.72,0.957,0.000,0,1,0,0,0,0,-1,0,0,0,,0,,0,,0,0,0,1
1723836824,387,2,2,8,8,12.873,0,0,0.31 | 0.31 | 0.31,0,1.07 | 1.67 | 2.13,0,1.88 | 2.39 | 3.72,0.957,0.000,0,1,0,0,0,0,-1,0,0,0,,0,,0,,0,0,0,1
1723836824,387,2,2,8,8,12.873,0,0,0.31 | 0.31 | 0.31,0,1.07 | 1.67 | 2.13,0,1.88 | 2.39 | 3.72,0.957,0.000,0,1,0,0,0,0,-1,0,0,0,,0,,0,,0,0,0,1
1723836824,387,2,2,8,8,12.873,0,0,0.31 | 0.31 | 0.31,0,1.07 | 1.67 | 2.13,0,1.88 | 2.39 | 3.72,0.957,0.000,0,1,0,0,0,0,-1,0,0,0,,0,,0,,0,0,0,1
1723836824,387,2,2,8,8,12.873,0,0,0.31 | 0.31 | 0.31,0,1.07 | 1.67 | 2.13,0,1.88 | 2.39 | 3.72,0.957,0.000,0,1,0,0,0,0,-1,0,0,0,,0,,0,,0,0,0,1
1723836824,387,2,2,8,8,12.873,0,0,0.31 | 0.31 | 0.31,0,1.07 | 1.67 | 2.13,0,1.88 | 2.39 | 3.72,0.957,0.000,0,1,0,0,0,0,-1,0,0,0,,0,,0,,0,0,0,1
1723836824,387,2,2,8,8,12.063,0,0,0.31 | 0.31 | 0.31,0,1.07 | 1.67 | 2.13,0,1.88 | 2.39 | 3.72,0.957,0.000,0,1,0,0,0,0,-1,0,0,0,,0,,0,,0,0,0,1
1723836825,387,2,2,8,8,12.063,0,0,0.31 | 0.31 | 0.31,0,1.07 | 1.67 | 2.13,0,1.88 | 2.39 | 3.72,0.957,0.000,0,1,0,0,0,0,-1,0,0,0,,0,,0,,0,0,0,1
1723836825,387,2,2,8,8,12.063,0,0,0.31 | 0.31 | 0.31,0,1.07 | 1.67 | 2.13,0,1.88 | 2.39 | 3.72,0.957,0.000,0,1,0,0,0,0,-1,0,0,0,,0,,0,,0,0,0,1
1723836825,772,2,4,8,8,12.063,0,0,0.31 | 0.31 | 0.31,0,1.07 | 1.67 | 2.13,0,1.88 | 2.39 | 3.72,0.957,0.000,0,1,0,0,0,0,-1,0,0,0,,0,,0,,0,0,0,1
1723836825,772,2,4,8,8,12.063,0,0,0.31 | 0.31 | 0.31,0,1.07 | 1.67 | 2.13,0,1.88 | 2.39 | 3.72,0.957,0.000,0,1,0,0,0,0,-1,0,0,0,,0,,0,,0,0,0,1
1723836825,772,2,4,8,8,12.063,0,0,0.31 | 0.31 | 0.31,0,1.07 | 1.67 | 2.13,0,1.88 | 2.39 | 3.72,0.957,0.000,0,1,0,0,0,0,-1,0,0,0,,0,,0,,0,0,0,1
1723836825,772,2,4,8,8,12.063,0,0,0.31 | 0.31 | 0.31,0,1.07 | 1.67 | 2.13,0,1.88 | 2.39 | 3.72,0.957,0.000,0,1,0,0,0,0,-1,0,0,0,,0,,0,,0,0,0,1
1723836825,772,2,4,8,8,12.063,0,0,0.31 | 0.31 | 0.31,0,1.07 | 1.67 | 2.13,0,1.88 | 2.39 | 3.72,0.957,0.000,0,1,0,0,0,0,-1,0,0,0,,0,,0,,0,0,0,1
1723836825,772,2,4,8,8,12.063,0,0,0.31 | 0.31 | 0.31,0,1.07 | 1.67 | 2.13,0,1.88 | 2.39 | 3.72,0.957,0.000,0,1,0,0,0,0,-1,0,0,0,,0,,0,,0,0,0,1
1723836825,772,2,4,8,8,12.063,0,0,0.31 | 0.31 | 0.31,0,1.07 | 1.67 | 2.13,0,1.88 | 2.39 | 3.72,0.957,0.000,0,1,0,0,0,0,-1,0,0,0,,0,,0,,0,0,0,1
1723836825,772,2,4,8,8,10.97,0,0,0.31 | 0.31 | 0.31,0,1.07 | 1.67 | 2.13,0,1.88 | 2.39 | 3.72,0.957,0.000,0,1,0,0,0,0,-1,0,0,0,,0,,0,,0,0,0,1
1723836826,772,2,4,8,8,10.97,0,0,0.31 | 0.31 | 0.31,0,1.07 | 1.67 | 2.13,0,1.88 | 2.39 | 3.72,0.957,0.000,0,1,0,0,0,0,-1,0,0,0,,0,,0,,0,0,0,1
1723836826,772,2,4,8,8,10.97,0,0,0.31 | 0.31 | 0.31,0,1.07 | 1.67 | 2.13,0,1.88 | 2.39 | 3.72,0.957,0.000,0,1,0,0,0,0,-1,0,0,0,,0,,0,,0,0,0,1
1723836826,772,2,4,8,8,10.97,0,0,0.31 | 0.31 | 0.31,0,1.07 | 1.67 | 2.13,0,1.88 | 2.39 | 3.72,0.957,0.000,0,1,0,0,0,0,-1,0,0,0,,0,,0,,0,0,0,1
1723836826,772,2,4,8,8,10.97,0,0,0.31 | 0.31 | 0.31,0,1.07 | 1.67 | 2.13,0,1.88 | 2.39 | 3.72,0.957,0.000,0,1,0,0,0,0,-1,0,0,0,,0,,0,,0,0,0,1
1723836826,772,2,4,8,8,10.97,0,0,0.31 | 0.31 | 0.31,0,1.07 | 1.67 | 2.13,0,1.88 | 2.39 | 3.72,0.957,0.000,0,1,0,0,0,0,-1,0,0,0,,0,,0,,0,0,0,1
1723836826,772,2,4,8,8,10.97,0,0,0.31 | 0.31 | 0.31,0,1.07 | 1.67 | 2.13,0,1.88 | 2.39 | 3.72,0.957,0.000,0,1,0,0,0,0,-1,0,0,0,,0,,0,,0,0,0,1
1723836826,772,2,4,8,8,10.97,0,0,0.31 | 0.31 | 0.31,0,1.07 | 1.67 | 2.13,0,1.88 | 2.39 | 3.72,0.957,0.000,0,1,0,0,0,0,-1,0,0,0,,0,,0,,0,0,0,1
1723836826,772,2,4,8,8,10.97,0,0,0.31 | 0.31 | 0.31,0,1.07 | 1.67 | 2.13,0,1.88 | 2.39 | 3.72,0.957,0.000,0,1,0,0,0,0,-1,0,0,0,,0,,0,,0,0,0,1
1723836826,772,2,4,8,8,10.97,0,0,0.31 | 0.31 | 0.31,0,1.07 | 1.67 | 2.13,0,1.88 | 2.39 | 3.72,0.957,0.000,0,1,0,0,0,0,-1,0,0,0,,0,,0,,0,0,0,1
1723836826,772,2,4,8,8,9.938,0,0,0.31 | 0.31 | 0.31,0,1.07 | 1.67 | 2.13,0,1.88 | 2.39 | 3.72,0.957,0.000,0,1,0,0,0,0,-1,0,0,0,,0,,0,,0,0,0,1
1723836827,772,2,4,8,8,9.938,0,0,0.31 | 0.31 | 0.31,0,1.07 | 1.67 | 2.13,0,1.88 | 2.39 | 3.72,0.957,0.000,0,1,0,0,0,0,-1,0,0,0,,0,,0,,0,0,0,1
1723836827,772,2,4,8,8,9.938,0,0,0.31 | 0.31 | 0.31,0,1.07 | 1.67 | 2.13,0,1.88 | 2.39 | 3.72,0.957,0.000,0,1,0,0,0,0,-1,0,0,0,,0,,0,,0,0,0,1
1723836827,772,2,4,8,8,9.938,0,0,0.31 | 0.31 | 0.31,0,1.07 | 1.67 | 2.13,0,1.88 | 2.39 | 3.72,0.957,0.000,0,1,0,0,0,0,-1,0,0,0,,0,,0,,0,0,0,1
1723836827,772,2,4,8,8,9.938,0,0,0.31 | 0.31 | 0.31,0,1.07 | 1.67 | 2.13,0,1.88 | 2.39 | 3.72,0.957,0.000,0,1,0,0,0,0,-1,0,0,0,,0,,0,,0,0,0,1
1723836827,772,2,4,8,8,9.938,0,0,0.31 | 0.31 | 0.31,0,1.07 | 1.67 | 2.13,0,1.88 | 2.39 | 3.72,0.957,0.000,0,1,0,0,0,0,-1,0,0,0,,0,,0,,0,0,0,1
1723836827,772,2,4,8,8,9.938,0,0,0.31 | 0.31 | 0.31,0,1.07 | 1.67 | 2.13,0,1.88 | 2.39 | 3.72,0.957,0.000,0,1,0,0,0,0,-1,0,0,0,,0,,0,,0,0,0,1
1723836827,772,2,4,8,8,9.938,0,0,0.31 | 0.31 | 0.31,0,1.07 | 1.67 | 2.13,0,1.88 | 2.39 | 3.72,0.957,0.000,0,1,0,0,0,0,-1,0,0,0,,0,,0,,0,0,0,1
1723836827,772,2,4,8,8,9.938,0,0,0.31 | 0.31 | 0.31,0,1.07 | 1.67 | 2.13,0,1.88 | 2.39 | 3.72,0.957,0.000,0,1,0,0,0,0,-1,0,0,0,,0,,0,,0,0,0,1
1723836827,772,2,4,8,8,9.938,0,0,0.31 | 0.31 | 0.31,0,1.07 | 1.67 | 2.13,0,1.88 | 2.39 | 3.72,0.957,0.000,0,1,0,0,0,0,-1,0,0,0,,0,,0,,0,0,0,1
1723836827,772,2,4,8,8,8.876,0,0,0.31 | 0.31 | 0.31,0,1.07 | 1.67 | 2.13,0,1.88 | 2.39 | 3.72,0.957,0.000,0,1,0,0,0,0,-1,0,0,0,,0,,0,,0,0,0,1
1723836828,772,2,4,8,8,8.876,0,0,0.31 | 0.31 | 0.31,0,1.07 | 1.67 | 2.13,0,1.88 | 2.39 | 3.72,0.957,0.000,0,1,0,0,0,0,-1,0,0,0,,0,,0,,0,0,0,1
1723836828,772,2,4,8,8,8.876,0,0,0.31 | 0.31 | 0.31,0,1.07 | 1.67 | 2.13,0,1.88 | 2.39 | 3.72,0.957,0.000,0,1,0,0,0,0,-1,0,0,0,,0,,0,,0,0,0,1
1723836828,772,2,4,8,8,8.876,0,0,0.31 | 0.31 | 0.31,0,1.07 | 1.67 | 2.13,0,1.88 | 2.39 | 3.72,0.957,0.000,0,1,0,0,0,0,-1,0,0,0,,0,,0,,0,0,0,1
1723836828,772,2,4,8,8,8.876,0,0,0.31 | 0.31 | 0.31,0,1.07 | 1.67 | 2.13,0,1.88 | 2.39 | 3.72,0.957,0.000,0,1,0,0,0,0,-1,0,0,0,,0,,0,,0,0,0,1
1723836828,772,2,4,8,8,8.876,0,0,0.31 | 0.31 | 0.31,0,1.07 | 1.67 | 2.13,0,1.88 | 2.39 | 3.72,0.957,0.000,0,1,0,0,0,0,-1,0,0,0,,0,,0,,0,0,0,1
1723836828,772,2,4,8,8,8.876,0,0,0.31 | 0.31 | 0.31,0,1.07 | 1.67 | 2.13,0,1.88 | 2.39 | 3.72,0.957,0.000,0,1,0,0,0,0,-1,0,0,0,,0,,0,,0,0,0,1
1723836828,772,2,4,8,8,8.876,0,0,0.31 | 0.31 | 0.31,0,1.07 | 1.67 | 2.13,0,1.88 | 2.39 | 3.72,0.957,0.000,0,1,0,0,0,0,-1,0,0,0,,0,,0,,0,0,0,1
1723836828,772,2,4,8,8,8.876,0,0,0.31 | 0.31 | 0.31,0,1.07 | 1.67 | 2.13,0,1.88 | 2.39 | 3.72,0.957,0.000,0,1,0,0,0,0,-1,0,0,0,,0,,0,,0,0,0,1
1723836828,772,2,4,8,8,8.876,0,0,0.31 | 0.31 | 0.31,0,1.07 | 1.67 | 2.13,0,1.88 | 2.39 | 3.72,0.957,0.000,0,1,0,0,0,0,-1,0,0,0,,0,,0,,0,0,0,1
1723836828,772,4,4,8,8,8.011,0,0,0.30 | 0.31 | 0.31,0,1.51 | 2.13 | 2.90,0,1.38 | 1.88 | 2.64,0.954,0.000,0,1,0,0,0,0,-1,0,0,0,,0,,0,,0,0,0,1
1723836829,772,4,4,8,8,8.011,0,0,0.30 | 0.31 | 0.31,0,1.51 | 2.13 | 2.90,0,1.38 | 1.88 | 2.64,0.954,0.000,0,1,0,0,0,0,-1,0,0,0,,0,,0,,0,0,0,1
1723836829,772,4,4,8,8,8.011,0,0,0.30 | 0.31 | 0.31,0,1.51 | 2.13 | 2.90,0,1.38 | 1.88 | 2.64,0.954,0.000,0,1,0,0,0,0,-1,0,0,0,,0,,0,,0,0,0,1
1723836829,772,4,4,8,8,8.011,0,0,0.30 | 0.31 | 0.31,0,1.51 | 2.13 | 2.90,0,1.38 | 1.88 | 2.64,0.954,0.000,0,1,0,0,0,0,-1,0,0,0,,0,,0,,0,0,0,1
1723836829,772,4,4,8,8,8.011,0,0,0.30 | 0.31 | 0.31,0,1.51 | 2.13 | 2.90,0,1.38 | 1.88 | 2.64,0.954,0.000,0,1,0,0,0,0,-1,0,0,0,,0,,0,,0,0,0,1
1723836829,772,4,4,8,8,8.011,0,0,0.30 | 0.31 | 0.31,0,1.51 | 2.13 | 2.90,0,1.38 | 1.88 | 2.64,0.954,0.000,0,1,0,0,0,0,-1,0,0,0,,0,,0,,0,0,0,1
1723836829,772,4,4,8,8,8.011,0,0,0.30 | 0.31 | 0.31,0,1.51 | 2.13 | 2.90,0,1.38 | 1.88 | 2.64,0.954,0.000,0,1,0,0,0,0,-1,0,0,0,,0,,0,,0,0,0,1
1723836829,772,4,4,8,8,8.011,0,0,0.30 | 0.31 | 0.31,0,1.51 | 2.13 | 2.90,0,1.38 | 1.88 | 2.64,0.954,0.000,0,1,0,0,0,0,-1,0,0,0,,0,,0,,0,0,0,1
1723836829,772,4,4,8,8,8.011,0,0,0.30 | 0.31 | 0.31,0,1.51 | 2.13 | 2.90,0,1.38 | 1.88 | 2.64,0.954,0.000,0,1,0,0,0,0,-1,0,0,0,,0,,0,,0,0,0,1
1723836829,772,4,4,8,8,8.011,0,0,0.30 | 0.31 | 0.31,0,1.51 | 2.13 | 2.90,0,1.38 | 1.88 | 2.64,0.954,0.000,0,1,0,0,0,0,-1,0,0,0,,0,,0,,0,0,0,1
1723836829,772,4,4,8,8,7.016,0,0,0.30 | 0.31 | 0.31,0,1.51 | 2.13 | 2.90,0,1.38 | 1.88 | 2.64,0.954,0.000,0,1,0,0,0,0,-1,0,0,0,,0,,0,,0,0,0,1
1723836830,772,4,4,8,8,7.016,0,0,0.30 | 0.31 | 0.31,0,1.51 | 2.13 | 2.90,0,1.38 | 1.88 | 2.64,0.954,0.000,0,1,0,0,0,0,-1,0,0,0,,0,,0,,0,0,0,1
1723836830,772,4,4,8,8,7.016,0,0,0.30 | 0.31 | 0.31,0,1.51 | 2.13 | 2.90,0,1.38 | 1.88 | 2.64,0.954,0.000,0,1,0,0,0,0,-1,0,0,0,,0,,0,,0,0,0,1
1723836830,772,4,4,8,8,7.016,0,0,0.30 | 0.31 | 0.31,0,1.51 | 2.13 | 2.90,0,1.38 | 1.88 | 2.64,0.954,0.000,0,1,0,0,0,0,-1,0,0,0,,0,,0,,0,0,0,1
1723836830,772,4,4,8,8,7.016,0,0,0.30 | 0.31 | 0.31,0,1.51 | 2.13 | 2.90,0,1.38 | 1.88 | 2.64,0.954,0.000,0,1,0,0,0,0,-1,0,0,0,,0,,0,,0,0,0,1
1723836830,772,4,4,8,8,7.016,0,0,0.30 | 0.31 | 0.31,0,1.51 | 2.13 | 2.90,0,1.38 | 1.88 | 2.64,0.954,0.000,0,1,0,0,0,0,-1,0,0,0,,0,,0,,0,0,0,1
1723836830,772,4,4,8,8,7.016,0,0,0.30 | 0.31 | 0.31,0,1.51 | 2.13 | 2.90,0,1.38 | 1.88 | 2.64,0.954,0.000,0,1,0,0,0,0,-1,0,0,0,,0,,0,,0,0,0,1
1723836830,772,4,4,8,8,7.016,0,0,0.30 | 0.31 | 0.31,0,1.51 | 2.13 | 2.90,0,1.38 | 1.88 | 2.64,0.954,0.000,0,1,0,0,0,0,-1,0,0,0,,0,,0,,0,0,0,1
1723836830,772,4,4,8,8,7.016,0,0,0.30 | 0.31 | 0.31,0,1.51 | 2.13 | 2.90,0,1.38 | 1.88 | 2.64,0.954,0.000,0,1,0,0,0,0,-1,0,0,0,,0,,0,,0,0,0,1
1723836830,772,4,4,8,8,7.016,0,0,0.30 | 0.31 | 0.31,0,1.51 | 2.13 | 2.90,0,1.38 | 1.88 | 2.64,0.954,0.000,0,1,0,0,0,0,-1,0,0,0,,0,,0,,0,0,0,1
1723836830,772,4,4,8,8,5.954,0,0,0.30 | 0.31 | 0.31,0,1.51 | 2.13 | 2.90,0,1.38 | 1.88 | 2.64,0.954,0.000,0,1,0,0,0,0,-1,0,0,0,,0,,0,,0,0,0,1
1723836831,772,4,4,8,8,5.954,0,0,0.30 | 0.31 | 0.31,0,1.51 | 2.13 | 2.90,0,1.38 | 1.88 | 2.64,0.954,0.000,0,1,0,0,0,0,-1,0,0,0,,0,,0,,0,0,0,1
1723836831,772,4,4,8,8,5.954,0,0,0.30 | 0.31 | 0.31,0,1.51 | 2.13 | 2.90,0,1.38 | 1.88 | 2.64,0.954,0.000,0,1,0,0,0,0,-1,0,0,0,,0,,0,,0,0,0,1
1723836831,772,4,4,8,8,5.954,0,0,0.30 | 0.31 | 0.31,0,1.51 | 2.13 | 2.90,0,1.38 | 1.88 | 2.64,0.954,0.000,0,1,0,0,0,0,-1,0,0,0,,0,,0,,0,0,0,1
1723836831,772,4,4,8,8,5.954,0,0,0.30 | 0.31 | 0.31,0,1.51 | 2.13 | 2.90,0,1.38 | 1.88 | 2.64,0.954,0.000,0,1,0,0,0,0,-1,0,0,0,,0,,0,,0,0,0,1
1723836831,772,4,4,8,8,5.954,0,0,0.30 | 0.31 | 0.31,0,1.51 | 2.13 | 2.90,0,1.38 | 1.88 | 2.64,0.954,0.000,0,1,0,0,0,0,-1,0,0,0,,0,,0,,0,0,0,1
1723836831,772,4,4,8,8,5.954,0,0,0.30 | 0.31 | 0.31,0,1.51 | 2.13 | 2.90,0,1.38 | 1.88 | 2.64,0.954,0.000,0,1,0,0,0,0,-1,0,0,0,,0,,0,,0,0,0,1
1723836831,772,4,4,8,8,5.954,0,0,0.30 | 0.31 | 0.31,0,1.51 | 2.13 | 2.90,0,1.38 | 1.88 | 2.64,0.954,0.000,0,1,0,0,0,0,-1,0,0,0,,0,,0,,0,0,0,1
1723836831,772,4,4,8,8,5.954,0,0,0.30 | 0.31 | 0.31,0,1.51 | 2.13 | 2.90,0,1.38 | 1.88 | 2.64,0.954,0.000,0,1,0,0,0,0,-1,0,0,0,,0,,0,,0,0,0,1
1723836831,772,4,4,8,8,5.954,0,0,0.30 | 0.31 | 0.31,0,1.51 | 2.13 | 2.90,0,1.38 | 1.88 | 2.64,0.954,0.000,0,1,0,0,0,0,-1,0,0,0,,0,,0,,0,0,0,1
1723836831,772,4,4,8,8,4.892,0,0,0.30 | 0.31 | 0.31,0,1.51 | 2.13 | 2.90,0,1.38 | 1.88 | 2.64,0.954,0.000,0,1,0,0,0,0,-1,0,0,0,,0,,0,,0,0,0,1
1723836832,772,4,4,8,8,4.892,0,0,0.30 | 0.31 | 0.31,0,1.51 | 2.13 | 2.90,0,1.38 | 1.88 | 2.64,0.954,0.000,0,1,0,0,0,0,-1,0,0,0,,0,,0,,0,0,0,1
1723836832,772,2,4,8,8,4.892,0,0,0.30 | 0.31 | 0.31,0,1.51 | 2.13 | 2.90,0,1.38 | 1.88 | 2.64,0.954,0.000,0,1,0,0,0,0,-1,0,0,0,,0,,0,,0,0,0,1
1723836832,772,2,4,8,8,4.892,0,0,0.30 | 0.31 | 0.31,0,1.51 | 2.13 | 2.90,0,1.38 | 1.88 | 2.64,0.954,0.000,0,1,0,0,0,0,-1,0,0,0,,0,,0,,0,0,0,1
1723836832,772,2,4,8,8,4.892,0,0,0.30 | 0.31 | 0.31,0,1.51 | 2.13 | 2.90,0,1.38 | 1.88 | 2.64,0.954,0.000,0,1,0,0,0,0,-1,0,0,0,,0,,0,,0,0,0,1
1723836832,772,2,4,8,8,4.892,0,0,0.30 | 0.31 | 0.31,0,1.51 | 2.13 | 2.90,0,1.38 | 1.88 | 2.64,0.954,0.000,0,1,0,0,0,0,-1,0,0,0,,0,,0,,0,0,0,1
1723836832,772,2,4,8,8,4.892,0,0,0.30 | 0.31 | 0.31,0,1.51 | 2.13 | 2.90,0,1.38 | 1.88 | 2.64,0.954,0.000,0,1,0,0,0,0,-1,0,0,0,,0,,0,,0,0,0,1
1723836832,772,2,4,8,8,4.892,0,0,0.30 | 0.31 | 0.31,0,1.51 | 2.13 | 2.90,0,1.38 | 1.88 | 2.64,0.954,0.000,0,1,0,0,0,0,-1,0,0,0,,0,,0,,0,0,0,1
1723836832,772,2,4,8,8,4.892,0,0,0.30 | 0.31 | 0.31,0,1.51 | 2.13 | 2.90,0,1.38 | 1.88 | 2.64,0.954,0.000,0,1,0,0,0,0,-1,0,0,0,,0,,0,,0,0,0,1
1723836832,772,2,4,8,8,4.892,0,0,0.30 | 0.31 | 0.31,0,1.51 | 2.13 | 2.90,0,1.38 | 1.88 | 2.64,0.954,0.000,0,1,0,0,0,0,-1,0,0,0,,0,,0,,0,0,0,1
1723836832,772,2,4,8,8,4.095,0,0,0.30 | 0.31 | 0.31,0,1.51 | 2.13 | 2.90,0,1.38 | 1.88 | 2.64,0.954,0.000,0,1,0,0,0,0,-1,0,0,0,,0,,0,,0,0,0,1
1723836833,772,2,4,8,8,4.095,0,0,0.30 | 0.31 | 0.31,0,1.51 | 2.13 | 2.90,0,1.38 | 1.88 | 2.64,0.954,0.000,0,1,0,0,0,0,-1,0,0,0,,0,,0,,0,0,0,1
1723836833,772,2,4,8,8,4.095,0,0,0.30 | 0.31 | 0.31,0,1.51 | 2.13 | 2.90,0,1.38 | 1.88 | 2.64,0.954,0.000,0,1,0,0,0,0,-1,0,0,0,,0,,0,,0,0,0,1
1723836833,772,2,4,8,8,4.095,0,0,0.30 | 0.31 | 0.31,0,1.51 | 2.13 | 2.90,0,1.38 | 1.88 | 2.64,0.954,0.000,0,1,0,0,0,0,-1,0,0,0,,0,,0,,0,0,0,1
1723836833,772,2,4,8,8,4.095,0,0,0.30 | 0.31 | 0.31,0,1.51 | 2.13 | 2.90,0,1.38 | 1.88 | 2.64,0.954,0.000,0,1,0,0,0,0,-1,0,0,0,,0,,0,,0,0,0,1
1723836833,772,2,4,8,8,4.095,0,0,0.30 | 0.31 | 0.31,0,1.51 | 2.13 | 2.90,0,1.38 | 1.88 | 2.64,0.954,0.000,0,1,0,0,0,0,-1,0,0,0,,0,,0,,0,0,0,1
1723836833,194,4,1,8,8,4.095,0,0,0.30 | 0.31 | 0.31,0,1.51 | 2.13 | 2.90,0,1.38 | 1.88 | 2.64,0.954,0.000,0,1,0,0,0,0,-1,0,0,0,,0,,0,,0,0,0,1
1723836833,194,4,1,8,8,4.095,0,0,0.30 | 0.31 | 0.31,0,1.51 | 2.13 | 2.90,0,1.38 | 1.88 | 2.64,0.954,0.000,0,1,0,0,0,0,-1,0,0,0,,0,,0,,0,0,0,1
1723836833,194,4,1,8,8,4.095,0,0,0.30 | 0.31 | 0.31,0,1.51 | 2.13 | 2.90,0,1.38 | 1.88 | 2.64,0.954,0.000,0,1,0,0,0,0,-1,0,0,0,,0,,0,,0,0,0,1
1723836833,194,4,1,8,8,4.095,0,0,0.30 | 0.31 | 0.31,0,1.51 | 2.13 | 2.90,0,1.38 | 1.88 | 2.64,0.954,0.000,0,1,0,0,0,0,-1,0,0,0,,0,,0,,0,0,0,1
1723836833,194,4,1,8,8,2.872,0,0,0.30 | 0.31 | 0.31,0,1.51 | 2.73 | 4.40,0,0.91 | 1.46 | 2.64,0.954,0.000,0,1,0,0,0,0,-1,0,0,0,,0,,0,,0,0,0,1
1723836834,194,4,1,8,8,2.872,0,0,0.30 | 0.31 | 0.31,0,1.51 | 2.73 | 4.40,0,0.91 | 1.46 | 2.64,0.954,0.000,0,1,0,0,0,0,-1,0,0,0,,0,,0,,0,0,0,1
1723836834,194,4,1,8,8,2.872,0,0,0.30 | 0.31 | 0.31,0,1.51 | 2.73 | 4.40,0,0.91 | 1.46 | 2.64,0.954,0.000,0,1,0,0,0,0,-1,0,0,0,,0,,0,,0,0,0,1
1723836834,194,4,1,8,8,2.872,0,0,0.30 | 0.31 | 0.31,0,1.51 | 2.73 | 4.40,0,0.91 | 1.46 | 2.64,0.954,0.000,0,1,0,0,0,0,-1,0,0,0,,0,,0,,0,0,0,1
1723836834,194,4,1,8,8,2.872,0,0,0.30 | 0.31 | 0.31,0,1.51 | 2.73 | 4.40,0,0.91 | 1.46 | 2.64,0.954,0.000,0,1,0,0,0,0,-1,0,0,0,,0,,0,,0,0,0,1
1723836834,194,4,1,8,8,2.872,0,0,0.30 | 0.31 | 0.31,0,1.51 | 2.73 | 4.40,0,0.91 | 1.46 | 2.64,0.954,0.000,0,1,0,0,0,0,-1,0,0,0,,0,,0,,0,0,0,1
1723836834,194,4,1,8,8,2.872,0,0,0.30 | 0.31 | 0.31,0,1.51 | 2.73 | 4.40,0,0.91 | 1.46 | 2.64,0.954,0.000,0,1,0,0,0,0,-1,0,0,0,,0,,0,,0,0,0,1
1723836834,194,4,1,8,8,2.872,0,0,0.30 | 0.31 | 0.31,0,1.51 | 2.73 | 4.40,0,0.91 | 1.46 | 2.64,0.954,0.000,0,1,0,0,0,0,-1,0,0,0,,0,,0,,0,0,0,1
1723836834,387,4,2,8,8,2.872,0,0,0.30 | 0.31 | 0.31,0,1.51 | 2.73 | 4.40,0,0.91 | 1.46 | 2.64,0.954,0.000,0,1,0,0,0,0,-1,0,0,0,,0,,0,,0,0,0,1
1723836834,387,4,2,8,8,2.872,0,0,0.30 | 0.31 | 0.31,0,1.51 | 2.73 | 4.40,0,0.91 | 1.46 | 2.64,0.954,0.000,0,1,0,0,0,0,-1,0,0,0,,0,,0,,0,0,0,1
1723836834,387,4,2,8,8,5.17,0,0,0.30 | 0.31 | 0.31,0,0.64 | 2.52 | 4.40,0,0.91 | 1.59 | 6.25,0.957,0.000,0,1,0,0,0,0,-1,0,0,0,,0,,0,,0,0,0,1
1723836835,387,4,2,8,8,5.17,0,0,0.30 | 0.31 | 0.31,0,0.64 | 2.52 | 4.40,0,0.91 | 1.59 | 6.25,0.957,0.000,0,1,0,0,0,0,-1,0,0,0,,0,,0,,0,0,0,1
1723836835,387,4,2,8,8,5.17,0,0,0.30 | 0.31 | 0.31,0,0.64 | 2.52 | 4.40,0,0.91 | 1.59 | 6.25,0.957,0.000,0,1,0,0,0,0,-1,0,0,0,,0,,0,,0,0,0,1
1723836835,387,4,2,8,8,5.17,0,0,0.30 | 0.31 | 0.31,0,0.64 | 2.52 | 4.40,0,0.91 | 1.59 | 6.25,0.957,0.000,0,1,0,0,0,0,-1,0,0,0,,0,,0,,0,0,0,1
1723836835,387,4,2,8,8,5.17,0,0,0.30 | 0.31 | 0.31,0,0.64 | 2.52 | 4.40,0,0.91 | 1.59 | 6.25,0.957,0.000,0,1,0,0,0,0,-1,0,0,0,,0,,0,,0,0,0,1
1723836835,387,4,2,8,8,5.17,0,0,0.30 | 0.31 | 0.31,0,0.64 | 2.52 | 4.40,0,0.91 | 1.59 | 6.25,0.957,0.000,0,1,0,0,0,0,-1,0,0,0,,0,,0,,0,0,0,1
1723836835,387,4,2,8,8,5.17,0,0,0.30 | 0.31 | 0.31,0,0.64 | 2.52 | 4.40,0,0.91 | 1.59 | 6.25,0.957,0.000,0,1,0,0,0,0,-1,0,0,0,,0,,0,,0,0,0,1
1723836835,387,4,2,8,8,5.17,0,0,0.30 | 0.31 | 0.31,0,0.64 | 2.52 | 4.40,0,0.91 | 1.59 | 6.25,0.957,0.000,0,1,0,0,0,0,-1,0,0,0,,0,,0,,0,0,0,1
1723836835,387,4,2,8,8,5.17,0,0,0.30 | 0.31 | 0.31,0,0.64 | 2.52 | 4.40,0,0.91 | 1.59 | 6.25,0.957,0.000,0,1,0,0,0,0,-1,0,0,0,,0,,0,,0,0,0,1
1723836835,387,4,2,8,8,5.17,0,0,0.30 | 0.31 | 0.31,0,0.64 | 2.52 | 4.40,0,0.91 | 1.59 | 6.25,0.957,0.000,0,1,0,0,0,0,-1,0,0,0,,0,,0,,0,0,0,1
1723836835,387,4,2,8,8,4.107,0,0,0.30 | 0.31 | 0.31,0,0.64 | 2.52 | 4.40,0,0.91 | 1.59 | 6.25,0.957,0.000,0,1,0,0,0,0,-1,0,0,0,,0,,0,,0,0,0,1
1723836836,387,4,2,8,8,4.107,0,0,0.30 | 0.31 | 0.31,0,0.64 | 2.52 | 4.40,0,0.91 | 1.59 | 6.25,0.957,0.000,0,1,0,0,0,0,-1,0,0,0,,0,,0,,0,0,0,1
1723836836,387,1,2,8,8,4.107,0,0,0.30 | 0.31 | 0.31,0,0.64 | 2.52 | 4.40,0,0.91 | 1.59 | 6.25,0.957,0.000,0,1,0,0,0,0,-1,0,0,0,,0,,0,,0,0,0,1
1723836836,387,1,2,8,8,4.107,0,0,0.30 | 0.31 | 0.31,0,0.64 | 2.52 | 4.40,0,0.91 | 1.59 | 6.25,0.957,0.000,0,1,0,0,0,0,-1,0,0,0,,0,,0,,0,0,0,1
1723836836,387,1,2,8,8,4.107,0,0,0.30 | 0.31 | 0.31,0,0.64 | 2.52 | 4.40,0,0.91 | 1.59 | 6.25,0.957,0.000,0,1,0,0,0,0,-1,0,0,0,,0,,0,,0,0,0,1
1723836836,387,1,2,8,8,4.107,0,0,0.30 | 0.31 | 0.31,0,0.64 | 2.52 | 4.40,0,0.91 | 1.59 | 6.25,0.957,0.000,0,1,0,0,0,0,-1,0,0,0,,0,,0,,0,0,0,1
1723836836,387,1,2,8,8,4.107,0,0,0.30 | 0.31 | 0.31,0,0.64 | 2.52 | 4.40,0,0.91 | 1.59 | 6.25,0.957,0.000,0,1,0,0,0,0,-1,0,0,0,,0,,0,,0,0,0,1
1723836836,387,1,2,8,8,4.107,0,0,0.30 | 0.31 | 0.31,0,0.64 | 2.52 | 4.40,0,0.91 | 1.59 | 6.25,0.957,0.000,0,1,0,0,0,0,-1,0,0,0,,0,,0,,0,0,0,1
1723836836,387,1,2,8,8,4.107,0,0,0.30 | 0.31 | 0.31,0,0.64 | 2.52 | 4.40,0,0.91 | 1.59 | 6.25,0.957,0.000,0,1,0,0,0,0,-1,0,0,0,,0,,0,,0,0,0,1
1723836836,387,1,2,8,8,4.107,0,0,0.30 | 0.31 | 0.31,0,0.64 | 2.52 | 4.40,0,0.91 | 1.59 | 6.25,0.957,0.000,0,1,0,0,0,0,-1,0,0,0,,0,,0,,0,0,0,1
1723836836,387,1,2,8,8,3.31,0,0,0.30 | 0.31 | 0.31,0,0.64 | 2.52 | 4.40,0,0.91 | 1.59 | 6.25,0.957,0.000,0,1,0,0,0,0,-1,0,0,0,,0,,0,,0,0,0,1
1723836837,387,1,2,8,8,3.31,0,0,0.30 | 0.31 | 0.31,0,0.64 | 2.52 | 4.40,0,0.91 | 1.59 | 6.25,0.957,0.000,0,1,0,0,0,0,-1,0,0,0,,0,,0,,0,0,0,1
1723836837,387,1,2,8,8,3.31,0,0,0.30 | 0.31 | 0.31,0,0.64 | 2.52 | 4.40,0,0.91 | 1.59 | 6.25,0.957,0.000,0,1,0,0,0,0,-1,0,0,0,,0,,0,,0,0,0,1
1723836837,580,1,3,8,8,3.31,0,0,0.30 | 0.31 | 0.31,0,0.64 | 2.52 | 4.40,0,0.91 | 1.59 | 6.25,0.957,0.000,0,1,0,0,0,0,-1,0,0,0,,0,,0,,0,0,0,1
1723836837,580,1,3,8,8,3.31,0,0,0.30 | 0.31 | 0.31,0,0.64 | 2.52 | 4.40,0,0.91 | 1.59 | 6.25,0.957,0.000,0,1,0,0,0,0,-1,0,0,0,,0,,0,,0,0,0,1
1723836837,580,1,3,8,8,3.31,0,0,0.30 | 0.31 | 0.31,0,0.64 | 2.52 | 4.40,0,0.91 | 1.59 | 6.25,0.957,0.000,0,1,0,0,0,0,-1,0,0,0,,0,,0,,0,0,0,1
1723836837,580,1,3,8,8,3.31,0,0,0.30 | 0.31 | 0.31,0,0.64 | 2.52 | 4.40,0,0.91 | 1.59 | 6.25,0.957,0.000,0,1,0,0,0,0,-1,0,0,0,,0,,0,,0,0,0,1
1723836837,580,1,3,8,8,3.31,0,0,0.30 | 0.31 | 0.31,0,0.64 | 2.52 | 4.40,0,0.91 | 1.59 | 6.25,0.957,0.000,0,1,0,0,0,0,-1,0,0,0,,0,,0,,0,0,0,1
1723836837,580,1,3,8,8,3.31,0,0,0.30 | 0.31 | 0.31,0,0.64 | 2.52 | 4.40,0,0.91 | 1.59 | 6.25,0.957,0.000,0,1,0,0,0,0,-1,0,0,0,,0,,0,,0,0,0,1
1723836837,580,1,3,8,8,3.31,0,0,0.30 | 0.31 | 0.31,0,0.64 | 2.52 | 4.40,0,0.91 | 1.59 | 6.25,0.957,0.000,0,1,0,0,0,0,-1,0,0,0,,0,,0,,0,0,0,1
1723836837,580,1,3,8,8,7.048,0,0,0.30 | 0.31 | 0.31,0,0.64 | 2.44 | 4.40,0,0.91 | 1.64 | 6.25,0.958,0.000,0,1,0,0,0,0,-1,0,0,0,,0,,0,,0,0,0,1
1723836838,580,1,3,8,8,7.048,0,0,0.30 | 0.31 | 0.31,0,0.64 | 2.44 | 4.40,0,0.91 | 1.64 | 6.25,0.958,0.000,0,1,0,0,0,0,-1,0,0,0,,0,,0,,0,0,0,1
1723836838,580,1,3,8,8,7.048,0,0,0.30 | 0.31 | 0.31,0,0.64 | 2.44 | 4.40,0,0.91 | 1.64 | 6.25,0.958,0.000,0,1,0,0,0,0,-1,0,0,0,,0,,0,,0,0,0,1
1723836838,580,1,3,8,8,7.048,0,0,0.30 | 0.31 | 0.31,0,0.64 | 2.44 | 4.40,0,0.91 | 1.64 | 6.25,0.958,0.000,0,1,0,0,0,0,-1,0,0,0,,0,,0,,0,0,0,1
1723836838,580,1,3,8,8,7.048,0,0,0.30 | 0.31 | 0.31,0,0.64 | 2.44 | 4.40,0,0.91 | 1.64 | 6.25,0.958,0.000,0,1,0,0,0,0,-1,0,0,0,,0,,0,,0,0,0,1
1723836838,580,1,3,8,8,7.048,0,0,0.30 | 0.31 | 0.31,0,0.64 | 2.44 | 4.40,0,0.91 | 1.64 | 6.25,0.958,0.000,0,1,0,0,0,0,-1,0,0,0,,0,,0,,0,0,0,1
1723836838,580,1,3,8,8,7.048,0,0,0.30 | 0.31 | 0.31,0,0.64 | 2.44 | 4.40,0,0.91 | 1.64 | 6.25,0.958,0.000,0,1,0,0,0,0,-1,0,0,0,,0,,0,,0,0,0,1
1723836838,580,1,3,8,8,7.048,0,0,0.30 | 0.31 | 0.31,0,0.64 | 2.44 | 4.40,0,0.91 | 1.64 | 6.25,0.958,0.000,0,1,0,0,0,0,-1,0,0,0,,0,,0,,0,0,0,1
1723836838,580,1,3,8,8,7.048,0,0,0.30 | 0.31 | 0.31,0,0.64 | 2.44 | 4.40,0,0.91 | 1.64 | 6.25,0.958,0.000,0,1,0,0,0,0,-1,0,0,0,,0,,0,,0,0,0,1
1723836838,580,1,3,8,8,7.048,0,0,0.30 | 0.31 | 0.31,0,0.64 | 2.44 | 4.40,0,0.91 | 1.64 | 6.25,0.958,0.000,0,1,0,0,0,0,-1,0,0,0,,0,,0,,0,0,0,1
1723836838,580,1,3,8,8,5.984,0,0,0.30 | 0.31 | 0.31,0,0.64 | 2.44 | 4.40,0,0.91 | 1.64 | 6.25,0.958,0.000,0,1,0,0,0,0,-1,0,0,0,,0,,0,,0,0,0,1
1723836839,580,1,3,8,8,5.984,0,0,0.30 | 0.31 | 0.31,0,0.64 | 2.44 | 4.40,0,0.91 | 1.64 | 6.25,0.958,0.000,0,1,0,0,0,0,-1,0,0,0,,0,,0,,0,0,0,1
1723836839,580,1,3,8,8,5.984,0,0,0.30 | 0.31 | 0.31,0,0.64 | 2.44 | 4.40,0,0.91 | 1.64 | 6.25,0.958,0.000,0,1,0,0,0,0,-1,0,0,0,,0,,0,,0,0,0,1
1723836839,580,1,3,8,8,5.984,0,0,0.30 | 0.31 | 0.31,0,0.64 | 2.44 | 4.40,0,0.91 | 1.64 | 6.25,0.958,0.000,0,1,0,0,0,0,-1,0,0,0,,0,,0,,0,0,0,1
1723836839,580,1,3,8,8,5.984,0,0,0.30 | 0.31 | 0.31,0,0.64 | 2.44 | 4.40,0,0.91 | 1.64 | 6.25,0.958,0.000,0,1,0,0,0,0,-1,0,0,0,,0,,0,,0,0,0,1
1723836839,580,1,3,8,8,5.984,0,0,0.30 | 0.31 | 0.31,0,0.64 | 2.44 | 4.40,0,0.91 | 1.64 | 6.25,0.958,0.000,0,1,0,0,0,0,-1,0,0,0,,0,,0,,0,0,0,1
1723836839,580,1,3,8,8,5.984,0,0,0.30 | 0.31 | 0.31,0,0.64 | 2.44 | 4.40,0,0.91 | 1.64 | 6.25,0.958,0.000,0,1,0,0,0,0,-1,0,0,0,,0,,0,,0,0,0,1
1723836839,580,1,3,8,8,5.984,0,0,0.30 | 0.31 | 0.31,0,0.64 | 2.44 | 4.40,0,0.91 | 1.64 | 6.25,0.958,0.000,0,1,0,0,0,0,-1,0,0,0,,0,,0,,0,0,0,1
1723836839,580,1,3,8,8,5.984,0,0,0.30 | 0.31 | 0.31,0,0.64 | 2.44 | 4.40,0,0.91 | 1.64 | 6.25,0.958,0.000,0,1,0,0,0,0,-1,0,0,0,,0,,0,,0,0,0,1
1723836839,580,1,3,8,8,5.984,0,0,0.30 | 0.31 | 0.31,0,0.64 | 2.44 | 4.40,0,0.91 | 1.64 | 6.25,0.958,0.000,0,1,0,0,0,0,-1,0,0,0,,0,,0,,0,0,0,1
1723836839,580,1,3,8,8,4.923,0,0,0.30 | 0.31 | 0.31,0,0.64 | 2.44 | 4.40,0,0.91 | 1.64 | 6.25,0.958,0.000,0,1,0,0,0,0,-1,0,0,0,,0,,0,,0,0,0,1
1723836840,580,1,3,8,8,4.923,0,0,0.30 | 0.31 | 0.31,0,0.64 | 2.44 | 4.40,0,0.91 | 1.64 | 6.25,0.958,0.000,0,1,0,0,0,0,-1,0,0,0,,0,,0,,0,0,0,1
1723836840,580,2,3,8,8,4.923,0,0,0.30 | 0.31 | 0.31,0,0.64 | 2.44 | 4.40,0,0.91 | 1.64 | 6.25,0.958,0.000,0,1,0,0,0,0,-1,0,0,0,,0,,0,,0,0,0,1
1723836840,580,2,3,8,8,4.923,0,0,0.30 | 0.31 | 0.31,0,0.64 | 2.44 | 4.40,0,0.91 | 1.64 | 6.25,0.958,0.000,0,1,0,0,0,0,-1,0,0,0,,0,,0,,0,0,0,1
1723836840,580,2,3,8,8,4.923,0,0,0.30 | 0.31 | 0.31,0,0.64 | 2.44 | 4.40,0,0.91 | 1.64 | 6.25,0.958,0.000,0,1,0,0,0,0,-1,0,0,0,,0,,0,,0,0,0,1
1723836840,580,2,3,8,8,4.923,0,0,0.30 | 0.31 | 0.31,0,0.64 | 2.44 | 4.40,0,0.91 | 1.64 | 6.25,0.958,0.000,0,1,0,0,0,0,-1,0,0,0,,0,,0,,0,0,0,1
1723836840,387,2,2,8,8,4.923,0,0,0.30 | 0.31 | 0.31,0,0.64 | 2.44 | 4.40,0,0.91 | 1.64 | 6.25,0.958,0.000,0,1,0,0,0,0,-1,0,0,0,,0,,0,,0,0,0,1
1723836840,387,3,2,8,8,4.923,0,0,0.30 | 0.31 | 0.31,0,0.64 | 2.44 | 4.40,0,0.91 | 1.64 | 6.25,0.958,0.000,0,1,0,0,0,0,-1,0,0,0,,0,,0,,0,0,0,1
1723836840,387,3,2,8,8,4.923,0,0,0.30 | 0.31 | 0.31,0,0.64 | 2.44 | 4.40,0,0.91 | 1.64 | 6.25,0.958,0.000,0,1,0,0,0,0,-1,0,0,0,,0,,0,,0,0,0,1
1723836840,387,3,2,8,8,4.923,0,0,0.30 | 0.31 | 0.31,0,0.64 | 2.44 | 4.40,0,0.91 | 1.64 | 6.25,0.958,0.000,0,1,0,0,0,0,-1,0,0,0,,0,,0,,0,0,0,1
1723836840,387,3,2,8,8,3.876,0,0,0.31 | 0.31 | 0.31,0,0.64 | 2.38 | 4.40,0,0.91 | 1.68 | 6.25,0.959,0.000,0,1,0,0,0,0,-1,0,0,0,,0,,0,,0,0,0,1
1723836841,387,3,2,8,8,3.876,0,0,0.31 | 0.31 | 0.31,0,0.64 | 2.38 | 4.40,0,0.91 | 1.68 | 6.25,0.959,0.000,0,1,0,0,0,0,-1,0,0,0,,0,,0,,0,0,0,1
1723836841,387,3,2,8,8,3.876,0,0,0.31 | 0.31 | 0.31,0,0.64 | 2.38 | 4.40,0,0.91 | 1.68 | 6.25,0.959,0.000,0,1,0,0,0,0,-1,0,0,0,,0,,0,,0,0,0,1
1723836841,387,3,2,8,8,3.876,0,0,0.31 | 0.31 | 0.31,0,0.64 | 2.38 | 4.40,0,0.91 | 1.68 | 6.25,0.959,0.000,0,1,0,0,0,0,-1,0,0,0,,0,,0,,0,0,0,1
1723836841,387,3,2,8,8,3.876,0,0,0.31 | 0.31 | 0.31,0,0.64 | 2.38 | 4.40,0,0.91 | 1.68 | 6.25,0.959,0.000,0,1,0,0,0,0,-1,0,0,0,,0,,0,,0,0,0,1
1723836841,387,3,2,8,8,3.876,0,0,0.31 | 0.31 | 0.31,0,0.64 | 2.38 | 4.40,0,0.91 | 1.68 | 6.25,0.959,0.000,0,1,0,0,0,0,-1,0,0,0,,0,,0,,0,0,0,1
1723836841,387,3,2,8,8,3.876,0,0,0.31 | 0.31 | 0.31,0,0.64 | 2.38 | 4.40,0,0.91 | 1.68 | 6.25,0.959,0.000,0,1,0,0,0,0,-1,0,0,0,,0,,0,,0,0,0,1
1723836841,387,3,2,8,8,3.876,0,0,0.31 | 0.31 | 0.31,0,0.64 | 2.38 | 4.40,0,0.91 | 1.68 | 6.25,0.959,0.000,0,1,0,0,0,0,-1,0,0,0,,0,,0,,0,0,0,1
1723836841,387,3,2,8,8,3.876,0,0,0.31 | 0.31 | 0.31,0,0.64 | 2.38 | 4.40,0,0.91 | 1.68 | 6.25,0.959,0.000,0,1,0,0,0,0,-1,0,0,0,,0,,0,,0,0,0,1
1723836841,387,3,2,8,8,3.876,0,0,0.31 | 0.31 | 0.31,0,0.64 | 2.38 | 4.40,0,0.91 | 1.68 | 6.25,0.959,0.000,0,1,0,0,0,0,-1,0,0,0,,0,,0,,0,0,0,1
1723836841,387,3,2,8,8,3.063,0,0,0.31 | 0.31 | 0.31,0,0.64 | 2.38 | 4.40,0,0.91 | 1.68 | 6.25,0.959,0.000,0,1,0,0,0,0,-1,0,0,0,,0,,0,,0,0,0,1
1723836842,387,3,2,8,8,3.063,0,0,0.31 | 0.31 | 0.31,0,0.64 | 2.38 | 4.40,0,0.91 | 1.68 | 6.25,0.959,0.000,0,1,0,0,0,0,-1,0,0,0,,0,,0,,0,0,0,1
1723836842,387,3,2,8,8,3.063,0,0,0.31 | 0.31 | 0.31,0,0.64 | 2.38 | 4.40,0,0.91 | 1.68 | 6.25,0.959,0.000,0,1,0,0,0,0,-1,0,0,0,,0,,0,,0,0,0,1
1723836842,387,3,2,8,8,3.063,0,0,0.31 | 0.31 | 0.31,0,0.64 | 2.38 | 4.40,0,0.91 | 1.68 | 6.25,0.959,0.000,0,1,0,0,0,0,-1,0,0,0,,0,,0,,0,0,0,1
1723836842,387,3,2,8,8,3.063,0,0,0.31 | 0.31 | 0.31,0,0.64 | 2.38 | 4.40,0,0.91 | 1.68 | 6.25,0.959,0.000,0,1,0,0,0,0,-1,0,0,0,,0,,0,,0,0,0,1
1723836842,387,3,2,8,8,3.063,0,0,0.31 | 0.31 | 0.31,0,0.64 | 2.38 | 4.40,0,0.91 | 1.68 | 6.25,0.959,0.000,0,1,0,0,0,0,-1,0,0,0,,0,,0,,0,0,0,1
1723836842,387,3,2,8,8,3.063,0,0,0.31 | 0.31 | 0.31,0,0.64 | 2.38 | 4.40,0,0.91 | 1.68 | 6.25,0.959,0.000,0,1,0,0,0,0,-1,0,0,0,,0,,0,,0,0,0,1
1723836842,387,3,2,8,8,3.063,0,0,0.31 | 0.31 | 0.31,0,0.64 | 2.38 | 4.40,0,0.91 | 1.68 | 6.25,0.959,0.000,0,1,0,0,0,0,-1,0,0,0,,0,,0,,0,0,0,1
1723836842,387,3,2,8,8,3.063,0,0,0.31 | 0.31 | 0.31,0,0.64 | 2.38 | 4.40,0,0.91 | 1.68 | 6.25,0.959,0.000,0,1,0,0,0,0,-1,0,0,0,,0,,0,,0,0,0,1
1723836842,387,3,2,8,8,3.063,0,0,0.31 | 0.31 | 0.31,0,0.64 | 2.38 | 4.40,0,0.91 | 1.68 | 6.25,0.959,0.000,0,1,0,0,0,0,-1,0,0,0,,0,,0,,0,0,0,1
1723836842,387,3,2,8,8,5.201,0,0,0.31 | 0.31 | 0.31,0,0.64 | 1.65 | 2.69,0,1.49 | 2.43 | 6.25,0.943,0.000,0,1,0,0,0,0,-1,0,0,0,,0,,0,,0,0,0,1
1723836843,387,3,2,8,8,5.201,0,0,0.31 | 0.31 | 0.31,0,0.64 | 1.65 | 2.69,0,1.49 | 2.43 | 6.25,0.943,0.000,0,1,0,0,0,0,-1,0,0,0,,0,,0,,0,0,0,1
1723836843,387,3,2,8,8,5.201,0,0,0.31 | 0.31 | 0.31,0,0.64 | 1.65 | 2.69,0,1.49 | 2.43 | 6.25,0.943,0.000,0,1,0,0,0,0,-1,0,0,0,,0,,0,,0,0,0,1
1723836843,387,3,2,8,8,5.201,0,0,0.31 | 0.31 | 0.31,0,0.64 | 1.65 | 2.69,0,1.49 | 2.43 | 6.25,0.943,0.000,0,1,0,0,0,0,-1,0,0,0,,0,,0,,0,0,0,1
1723836843,387,3,2,8,8,5.201,0,0,0.31 | 0.31 | 0.31,0,0.64 | 1.65 | 2.69,0,1.49 | 2.43 | 6.25,0.943,0.000,0,1,0,0,0,0,-1,0,0,0,,0,,0,,0,0,0,1
1723836843,387,3,2,8,8,5.201,0,0,0.31 | 0.31 | 0.31,0,0.64 | 1.65 | 2.69,0,1.49 | 2.43 | 6.25,0.943,0.000,0,1,0,0,0,0,-1,0,0,0,,0,,0,,0,0,0,1
1723836843,387,3,2,8,8,5.201,0,0,0.31 | 0.31 | 0.31,0,0.64 | 1.65 | 2.69,0,1.49 | 2.43 | 6.25,0.943,0.000,0,1,0,0,0,0,-1,0,0,0,,0,,0,,0,0,0,1
1723836843,387,3,2,8,8,5.201,0,0,0.31 | 0.31 | 0.31,0,0.64 | 1.65 | 2.69,0,1.49 | 2.43 | 6.25,0.943,0.000,0,1,0,0,0,0,-1,0,0,0,,0,,0,,0,0,0,1
1723836843,387,3,2,8,8,5.201,0,0,0.31 | 0.31 | 0.31,0,0.64 | 1.65 | 2.69,0,1.49 | 2.43 | 6.25,0.943,0.000,0,1,0,0,0,0,-1,0,0,0,,0,,0,,0,0,0,1
1723836843,387,3,2,8,8,5.201,0,0,0.31 | 0.31 | 0.31,0,0.64 | 1.65 | 2.69,0,1.49 | 2.43 | 6.25,0.943,0.000,0,1,0,0,0,0,-1,0,0,0,,0,,0,,0,0,0,1
1723836843,387,3,2,8,8,4.073,0,0,0.31 | 0.31 | 0.31,0,0.64 | 1.65 | 2.69,0,1.49 | 2.43 | 6.25,0.943,0.000,0,1,0,0,0,0,-1,0,0,0,,0,,0,,0,0,0,1
1723836844,387,3,2,8,8,4.073,0,0,0.31 | 0.31 | 0.31,0,0.64 | 1.65 | 2.69,0,1.49 | 2.43 | 6.25,0.943,0.000,0,1,0,0,0,0,-1,0,0,0,,0,,0,,0,0,0,1
1723836844,387,2,2,8,8,4.073,0,0,0.31 | 0.31 | 0.31,0,0.64 | 1.65 | 2.69,0,1.49 | 2.43 | 6.25,0.943,0.000,0,1,0,0,0,0,-1,0,0,0,,0,,0,,0,0,0,1
1723836844,387,2,2,8,8,4.073,0,0,0.31 | 0.31 | 0.31,0,0.64 | 1.65 | 2.69,0,1.49 | 2.43 | 6.25,0.943,0.000,0,1,0,0,0,0,-1,0,0,0,,0,,0,,0,0,0,1
1723836844,387,2,2,8,8,4.073,0,0,0.31 | 0.31 | 0.31,0,0.64 | 1.65 | 2.69,0,1.49 | 2.43 | 6.25,0.943,0.000,0,1,0,0,0,0,-1,0,0,0,,0,,0,,0,0,0,1
1723836844,387,2,2,8,8,4.073,0,0,0.31 | 0.31 | 0.31,0,0.64 | 1.65 | 2.69,0,1.49 | 2.43 | 6.25,0.943,0.000,0,1,0,0,0,0,-1,0,0,0,,0,,0,,0,0,0,1
1723836844,387,2,2,8,8,4.073,0,0,0.31 | 0.31 | 0.31,0,0.64 | 1.65 | 2.69,0,1.49 | 2.43 | 6.25,0.943,0.000,0,1,0,0,0,0,-1,0,0,0,,0,,0,,0,0,0,1
1723836844,387,2,2,8,8,4.073,0,0,0.31 | 0.31 | 0.31,0,0.64 | 1.65 | 2.69,0,1.49 | 2.43 | 6.25,0.943,0.000,0,1,0,0,0,0,-1,0,0,0,,0,,0,,0,0,0,1
1723836844,387,2,2,8,8,4.073,0,0,0.31 | 0.31 | 0.31,0,0.64 | 1.65 | 2.69,0,1.49 | 2.43 | 6.25,0.943,0.000,0,1,0,0,0,0,-1,0,0,0,,0,,0,,0,0,0,1
1723836844,387,2,2,8,8,4.073,0,0,0.31 | 0.31 | 0.31,0,0.64 | 1.65 | 2.69,0,1.49 | 2.43 | 6.25,0.943,0.000,0,1,0,0,0,0,-1,0,0,0,,0,,0,,0,0,0,1
1723836844,387,2,2,8,8,3.076,0,0,0.31 | 0.31 | 0.31,0,0.64 | 1.65 | 2.69,0,1.49 | 2.43 | 6.25,0.943,0.000,0,1,0,0,0,0,-1,0,0,0,,0,,0,,0,0,0,1
1723836845,387,2,2,8,8,3.076,0,0,0.31 | 0.31 | 0.31,0,0.64 | 1.65 | 2.69,0,1.49 | 2.43 | 6.25,0.943,0.000,0,1,0,0,0,0,-1,0,0,0,,0,,0,,0,0,0,1
1723836845,387,2,2,8,8,3.076,0,0,0.31 | 0.31 | 0.31,0,0.64 | 1.65 | 2.69,0,1.49 | 2.43 | 6.25,0.943,0.000,0,1,0,0,0,0,-1,0,0,0,,0,,0,,0,0,0,1
1723836845,387,2,2,8,8,3.076,0,0,0.31 | 0.31 | 0.31,0,0.64 | 1.65 | 2.69,0,1.49 | 2.43 | 6.25,0.943,0.000,0,1,0,0,0,0,-1,0,0,0,,0,,0,,0,0,0,1
1723836845,387,2,2,8,8,3.076,0,0,0.31 | 0.31 | 0.31,0,0.64 | 1.65 | 2.69,0,1.49 | 2.43 | 6.25,0.943,0.000,0,1,0,0,0,0,-1,0,0,0,,0,,0,,0,0,0,1
1723836845,387,2,2,8,8,3.076,0,0,0.31 | 0.31 | 0.31,0,0.64 | 1.65 | 2.69,0,1.49 | 2.43 | 6.25,0.943,0.000,0,1,0,0,0,0,-1,0,0,0,,0,,0,,0,0,0,1
1723836845,387,2,2,8,8,3.076,0,0,0.31 | 0.31 | 0.31,0,0.64 | 1.65 | 2.69,0,1.49 | 2.43 | 6.25,0.943,0.000,0,1,0,0,0,0,-1,0,0,0,,0,,0,,0,0,0,1
1723836845,387,2,2,8,8,3.076,0,0,0.31 | 0.31 | 0.31,0,0.64 | 1.65 | 2.69,0,1.49 | 2.43 | 6.25,0.943,0.000,0,1,0,0,0,0,-1,0,0,0,,0,,0,,0,0,0,1
1723836845,387,2,2,8,8,3.076,0,0,0.31 | 0.31 | 0.31,0,0.64 | 1.65 | 2.69,0,1.49 | 2.43 | 6.25,0.943,0.000,0,1,0,0,0,0,-1,0,0,0,,0,,0,,0,0,0,1
1723836845,387,2,2,8,8,3.076,0,0,0.31 | 0.31 | 0.31,0,0.64 | 1.65 | 2.69,0,1.49 | 2.43 | 6.25,0.943,0.000,0,1,0,0,0,0,-1,0,0,0,,0,,0,,0,0,0,1
1723836845,387,2,2,8,8,2.279,0,0,0.31 | 0.31 | 0.31,0,0.64 | 1.65 | 2.69,0,1.49 | 2.43 | 6.25,0.943,0.000,0,1,0,0,0,0,-1,0,0,0,,0,,0,,0,0,0,1
1723836846,387,2,2,8,8,2.279,0,0,0.31 | 0.31 | 0.31,0,0.64 | 1.65 | 2.69,0,1.49 | 2.43 | 6.25,0.943,0.000,0,1,0,0,0,0,-1,0,0,0,,0,,0,,0,0,0,1
1723836846,387,2,2,8,8,2.279,0,0,0.31 | 0.31 | 0.31,0,0.64 | 1.65 | 2.69,0,1.49 | 2.43 | 6.25,0.943,0.000,0,1,0,0,0,0,-1,0,0,0,,0,,0,,0,0,0,1
1723836846,387,2,2,8,8,2.279,0,0,0.31 | 0.31 | 0.31,0,0.64 | 1.65 | 2.69,0,1.49 | 2.43 | 6.25,0.943,0.000,0,1,0,0,0,0,-1,0,0,0,,0,,0,,0,0,0,1
1723836846,387,2,2,8,8,2.279,0,0,0.31 | 0.31 | 0.31,0,0.64 | 1.65 | 2.69,0,1.49 | 2.43 | 6.25,0.943,0.000,0,1,0,0,0,0,-1,0,0,0,,0,,0,,0,0,0,1
1723836846,387,2,2,8,8,2.279,0,0,0.31 | 0.31 | 0.31,0,0.64 | 1.65 | 2.69,0,1.49 | 2.43 | 6.25,0.943,0.000,0,1,0,0,0,0,-1,0,0,0,,0,,0,,0,0,0,1
1723836846,387,2,2,8,8,2.279,0,0,0.31 | 0.31 | 0.31,0,0.64 | 1.65 | 2.69,0,1.49 | 2.43 | 6.25,0.943,0.000,0,1,0,0,0,0,-1,0,0,0,,0,,0,,0,0,0,1
1723836846,387,2,2,8,8,2.279,0,0,0.31 | 0.31 | 0.31,0,0.64 | 1.65 | 2.69,0,1.49 | 2.43 | 6.25,0.943,0.000,0,1,0,0,0,0,-1,0,0,0,,0,,0,,0,0,0,1
1723836846,387,2,2,8,8,2.279,0,0,0.31 | 0.31 | 0.31,0,0.64 | 1.65 | 2.69,0,1.49 | 2.43 | 6.25,0.943,0.000,0,1,0,0,0,0,-1,0,0,0,,0,,0,,0,0,0,1
1723836846,387,2,2,8,8,2.279,0,0,0.31 | 0.31 | 0.31,0,0.64 | 1.65 | 2.69,0,1.49 | 2.43 | 6.25,0.943,0.000,0,1,0,0,0,0,-1,0,0,0,,0,,0,,0,0,0,1
1723836846,387,2,2,8,8,6.017,0,0,0.31 | 0.52 | 1.17,0,1.45 | 2.07 | 2.69,0,1.49 | 1.94 | 2.75,0.938,0.000,0,1,0,0,0,0,-1,0,0,0,,0,,0,,0,0,0,1
1723836847,387,2,2,8,8,6.017,0,0,0.31 | 0.52 | 1.17,0,1.45 | 2.07 | 2.69,0,1.49 | 1.94 | 2.75,0.938,0.000,0,1,0,0,0,0,-1,0,0,0,,0,,0,,0,0,0,1
1723836847,387,2,2,8,8,6.017,0,0,0.31 | 0.52 | 1.17,0,1.45 | 2.07 | 2.69,0,1.49 | 1.94 | 2.75,0.938,0.000,0,1,0,0,0,0,-1,0,0,0,,0,,0,,0,0,0,1
1723836847,387,2,2,8,8,6.017,0,0,0.31 | 0.52 | 1.17,0,1.45 | 2.07 | 2.69,0,1.49 | 1.94 | 2.75,0.938,0.000,0,1,0,0,0,0,-1,0,0,0,,0,,0,,0,0,0,1
1723836847,387,2,2,8,8,6.017,0,0,0.31 | 0.52 | 1.17,0,1.45 | 2.07 | 2.69,0,1.49 | 1.94 | 2.75,0.938,0.000,0,1,0,0,0,0,-1,0,0,0,,0,,0,,0,0,0,1
1723836847,387,2,2,8,8,6.017,0,0,0.31 | 0.52 | 1.17,0,1.45 | 2.07 | 2.69,0,1.49 | 1.94 | 2.75,0.938,0.000,0,1,0,0,0,0,-1,0,0,0,,0,,0,,0,0,0,1
1723836847,387,2,2,8,8,6.017,0,0,0.31 | 0.52 | 1.17,0,1.45 | 2.07 | 2.69,0,1.49 | 1.94 | 2.75,0.938,0.000,0,1,0,0,0,0,-1,0,0,0,,0,,0,,0,0,0,1
1723836847,387,2,2,8,8,6.017,0,0,0.31 | 0.52 | 1.17,0,1.45 | 2.07 | 2.69,0,1.49 | 1.94 | 2.75,0.938,0.000,0,1,0,0,0,0,-1,0,0,0,,0,,0,,0,0,0,1
1723836847,387,2,2,8,8,6.017,0,0,0.31 | 0.52 | 1.17,0,1.45 | 2.07 | 2.69,0,1.49 | 1.94 | 2.75,0.938,0.000,0,1,0,0,0,0,-1,0,0,0,,0,,0,,0,0,0,1
1723836847,387,2,2,8,8,6.017,0,0,0.31 | 0.52 | 1.17,0,1.45 | 2.07 | 2.69,0,1.49 | 1.94 | 2.75,0.938,0.000,0,1,0,0,0,0,-1,0,0,0,,0,,0,,0,0,0,1
1723836847,387,2,2,8,8,8.154,0,0,0.31 | 0.52 | 1.17,0,1.39 | 1.96 | 2.69,0,1.49 | 2.04 | 2.87,0.939,0.000,0,1,0,0,0,0,-1,0,0,0,,0,,0,,0,0,0,1
1723836848,387,2,2,8,8,8.154,0,0,0.31 | 0.52 | 1.17,0,1.39 | 1.96 | 2.69,0,1.49 | 2.04 | 2.87,0.939,0.000,0,1,0,0,0,0,-1,0,0,0,,0,,0,,0,0,0,1
1723836848,387,2,2,8,8,8.154,0,0,0.31 | 0.52 | 1.17,0,1.39 | 1.96 | 2.69,0,1.49 | 2.04 | 2.87,0.939,0.000,0,1,0,0,0,0,-1,0,0,0,,0,,0,,0,0,0,1
1723836848,387,2,2,8,8,8.154,0,0,0.31 | 0.52 | 1.17,0,1.39 | 1.96 | 2.69,0,1.49 | 2.04 | 2.87,0.939,0.000,0,1,0,0,0,0,-1,0,0,0,,0,,0,,0,0,0,1
1723836848,387,2,2,8,8,8.154,0,0,0.31 | 0.52 | 1.17,0,1.39 | 1.96 | 2.69,0,1.49 | 2.04 | 2.87,0.939,0.000,0,1,0,0,0,0,-1,0,0,0,,0,,0,,0,0,0,1
1723836848,387,2,2,8,8,8.154,0,0,0.31 | 0.52 | 1.17,0,1.39 | 1.96 | 2.69,0,1.49 | 2.04 | 2.87,0.939,0.000,0,1,0,0,0,0,-1,0,0,0,,0,,0,,0,0,0,1
1723836848,387,2,2,8,8,8.154,0,0,0.31 | 0.52 | 1.17,0,1.39 | 1.96 | 2.69,0,1.49 | 2.04 | 2.87,0.939,0.000,0,1,0,0,0,0,-1,0,0,0,,0,,0,,0,0,0,1
1723836848,387,2,2,8,8,8.154,0,0,0.31 | 0.52 | 1.17,0,1.39 | 1.96 | 2.69,0,1.49 | 2.04 | 2.87,0.939,0.000,0,1,0,0,0,0,-1,0,0,0,,0,,0,,0,0,0,1
1723836848,387,2,2,8,8,8.154,0,0,0.31 | 0.52 | 1.17,0,1.39 | 1.96 | 2.69,0,1.49 | 2.04 | 2.87,0.939,0.000,0,1,0,0,0,0,-1,0,0,0,,0,,0,,0,0,0,1
1723836848,387,2,2,8,8,8.154,0,0,0.31 | 0.52 | 1.17,0,1.39 | 1.96 | 2.69,0,1.49 | 2.04 | 2.87,0.939,0.000,0,1,0,0,0,0,-1,0,0,0,,0,,0,,0,0,0,1
1723836848,387,2,2,8,8,7.092,0,0,0.31 | 0.52 | 1.17,0,1.39 | 1.96 | 2.69,0,1.49 | 2.04 | 2.87,0.939,0.000,0,1,0,0,0,0,-1,0,0,0,,0,,0,,0,0,0,1
1723836849,387,2,2,8,8,7.092,0,0,0.31 | 0.52 | 1.17,0,1.39 | 1.96 | 2.69,0,1.49 | 2.04 | 2.87,0.939,0.000,0,1,0,0,0,0,-1,0,0,0,,0,,0,,0,0,0,1
1723836849,387,2,2,8,8,7.092,0,0,0.31 | 0.52 | 1.17,0,1.39 | 1.96 | 2.69,0,1.49 | 2.04 | 2.87,0.939,0.000,0,1,0,0,0,0,-1,0,0,0,,0,,0,,0,0,0,1
1723836849,387,2,2,8,8,7.092,0,0,0.31 | 0.52 | 1.17,0,1.39 | 1.96 | 2.69,0,1.49 | 2.04 | 2.87,0.939,0.000,0,1,0,0,0,0,-1,0,0,0,,0,,0,,0,0,0,1
1723836849,387,2,2,8,8,7.092,0,0,0.31 | 0.52 | 1.17,0,1.39 | 1.96 | 2.69,0,1.49 | 2.04 | 2.87,0.939,0.000,0,1,0,0,0,0,-1,0,0,0,,0,,0,,0,0,0,1
1723836849,387,2,2,8,8,7.092,0,0,0.31 | 0.52 | 1.17,0,1.39 | 1.96 | 2.69,0,1.49 | 2.04 | 2.87,0.939,0.000,0,1,0,0,0,0,-1,0,0,0,,0,,0,,0,0,0,1
1723836849,387,2,2,8,8,7.092,0,0,0.31 | 0.52 | 1.17,0,1.39 | 1.96 | 2.69,0,1.49 | 2.04 | 2.87,0.939,0.000,0,1,0,0,0,0,-1,0,0,0,,0,,0,,0,0,0,1
1723836849,387,2,2,8,8,7.092,0,0,0.31 | 0.52 | 1.17,0,1.39 | 1.96 | 2.69,0,1.49 | 2.04 | 2.87,0.939,0.000,0,1,0,0,0,0,-1,0,0,0,,0,,0,,0,0,0,1
1723836849,387,2,2,8,8,7.092,0,0,0.31 | 0.52 | 1.17,0,1.39 | 1.96 | 2.69,0,1.49 | 2.04 | 2.87,0.939,0.000,0,1,0,0,0,0,-1,0,0,0,,0,,0,,0,0,0,1
1723836849,387,2,2,8,8,7.092,0,0,0.31 | 0.52 | 1.17,0,1.39 | 1.96 | 2.69,0,1.49 | 2.04 | 2.87,0.939,0.000,0,1,0,0,0,0,-1,0,0,0,,0,,0,,0,0,0,1
1723836849,387,2,2,8,8,6.295,0,0,0.31 | 0.52 | 1.17,0,1.39 | 1.96 | 2.69,0,1.49 | 2.04 | 2.87,0.939,0.000,0,1,0,0,0,0,-1,0,0,0,,0,,0,,0,0,0,1
1723836850,387,2,2,8,8,6.295,0,0,0.31 | 0.52 | 1.17,0,1.39 | 1.96 | 2.69,0,1.49 | 2.04 | 2.87,0.939,0.000,0,1,0,0,0,0,-1,0,0,0,,0,,0,,0,0,0,1
1723836850,387,2,2,8,8,6.295,0,0,0.31 | 0.52 | 1.17,0,1.39 | 1.96 | 2.69,0,1.49 | 2.04 | 2.87,0.939,0.000,0,1,0,0,0,0,-1,0,0,0,,0,,0,,0,0,0,1
1723836850,387,2,2,8,8,6.295,0,0,0.31 | 0.52 | 1.17,0,1.39 | 1.96 | 2.69,0,1.49 | 2.04 | 2.87,0.939,0.000,0,1,0,0,0,0,-1,0,0,0,,0,,0,,0,0,0,1
1723836850,387,2,2,8,8,6.295,0,0,0.31 | 0.52 | 1.17,0,1.39 | 1.96 | 2.69,0,1.49 | 2.04 | 2.87,0.939,0.000,0,1,0,0,0,0,-1,0,0,0,,0,,0,,0,0,0,1
1723836850,387,2,2,8,8,6.295,0,0,0.31 | 0.52 | 1.17,0,1.39 | 1.96 | 2.69,0,1.49 | 2.04 | 2.87,0.939,0.000,0,1,0,0,0,0,-1,0,0,0,,0,,0,,0,0,0,1
1723836850,387,2,2,8,8,6.295,0,0,0.31 | 0.52 | 1.17,0,1.39 | 1.96 | 2.69,0,1.49 | 2.04 | 2.87,0.939,0.000,0,1,0,0,0,0,-1,0,0,0,,0,,0,,0,0,0,1
1723836850,387,2,2,8,8,6.295,0,0,0.31 | 0.52 | 1.17,0,1.39 | 1.96 | 2.69,0,1.49 | 2.04 | 2.87,0.939,0.000,0,1,0,0,0,0,-1,0,0,0,,0,,0,,0,0,0,1
1723836850,387,2,2,8,8,6.295,0,0,0.31 | 0.52 | 1.17,0,1.39 | 1.96 | 2.69,0,1.49 | 2.04 | 2.87,0.939,0.000,0,1,0,0,0,0,-1,0,0,0,,0,,0,,0,0,0,1
1723836850,387,2,2,8,8,6.295,0,0,0.31 | 0.52 | 1.17,0,1.39 | 1.96 | 2.69,0,1.49 | 2.04 | 2.87,0.939,0.000,0,1,0,0,0,0,-1,0,0,0,,0,,0,,0,0,0,1
1723836850,387,2,2,8,8,10.032,0,0,0.31 | 0.52 | 1.17,0,1.39 | 1.79 | 2.32,0,1.73 | 2.23 | 2.87,0.940,0.000,0,1,0,0,0,0,-1,0,0,0,,0,,0,,0,0,0,1
1723836851,387,2,2,8,8,10.032,0,0,0.31 | 0.52 | 1.17,0,1.39 | 1.79 | 2.32,0,1.73 | 2.23 | 2.87,0.940,0.000,0,1,0,0,0,0,-1,0,0,0,,0,,0,,0,0,0,1
1723836851,387,2,2,8,8,10.032,0,0,0.31 | 0.52 | 1.17,0,1.39 | 1.79 | 2.32,0,1.73 | 2.23 | 2.87,0.940,0.000,0,1,0,0,0,0,-1,0,0,0,,0,,0,,0,0,0,1
1723836851,387,2,2,8,8,10.032,0,0,0.31 | 0.52 | 1.17,0,1.39 | 1.79 | 2.32,0,1.73 | 2.23 | 2.87,0.940,0.000,0,1,0,0,0,0,-1,0,0,0,,0,,0,,0,0,0,1
1723836851,387,2,2,8,8,10.032,0,0,0.31 | 0.52 | 1.17,0,1.39 | 1.79 | 2.32,0,1.73 | 2.23 | 2.87,0.940,0.000,0,1,0,0,0,0,-1,0,0,0,,0,,0,,0,0,0,1
1723836851,387,2,2,8,8,10.032,0,0,0.31 | 0.52 | 1.17,0,1.39 | 1.79 | 2.32,0,1.73 | 2.23 | 2.87,0.940,0.000,0,1,0,0,0,0,-1,0,0,0,,0,,0,,0,0,0,1
1723836851,387,2,2,8,8,10.032,0,0,0.31 | 0.52 | 1.17,0,1.39 | 1.79 | 2.32,0,1.73 | 2.23 | 2.87,0.940,0.000,0,1,0,0,0,0,-1,0,0,0,,0,,0,,0,0,0,1
1723836851,387,2,2,8,8,10.032,0,0,0.31 | 0.52 | 1.17,0,1.39 | 1.79 | 2.32,0,1.73 | 2.23 | 2.87,0.940,0.000,0,1,0,0,0,0,-1,0,0,0,,0,,0,,0,0,0,1
1723836851,387,2,2,8,8,10.032,0,0,0.31 | 0.52 | 1.17,0,1.39 | 1.79 | 2.32,0,1.73 | 2.23 | 2.87,0.940,0.000,0,1,0,0,0,0,-1,0,0,0,,0,,0,,0,0,0,1
1723836851,387,2,2,8,8,10.032,0,0,0.31 | 0.52 | 1.17,0,1.39 | 1.79 | 2.32,0,1.73 | 2.23 | 2.87,0.940,0.000,0,1,0,0,0,0,-1,0,0,0,,0,,0,,0,0,0,1
1723836851,387,2,2,8,8,12.17,0,0,0.31 | 0.52 | 1.17,0,1.35 | 1.77 | 2.32,0,1.73 | 2.26 | 2.96,0.957,0.000,0,1,0,0,0,0,-1,0,0,0,,0,,0,,0,0,0,1
1723836852,387,2,2,8,8,12.17,0,0,0.31 | 0.52 | 1.17,0,1.35 | 1.77 | 2.32,0,1.73 | 2.26 | 2.96,0.957,0.000,0,1,0,0,0,0,-1,0,0,0,,0,,0,,0,0,0,1
1723836852,387,2,2,8,8,12.17,0,0,0.31 | 0.52 | 1.17,0,1.35 | 1.77 | 2.32,0,1.73 | 2.26 | 2.96,0.957,0.000,0,1,0,0,0,0,-1,0,0,0,,0,,0,,0,0,0,1
1723836852,387,2,2,8,8,12.17,0,0,0.31 | 0.52 | 1.17,0,1.35 | 1.77 | 2.32,0,1.73 | 2.26 | 2.96,0.957,0.000,0,1,0,0,0,0,-1,0,0,0,,0,,0,,0,0,0,1
1723836852,387,2,2,8,8,12.17,0,0,0.31 | 0.52 | 1.17,0,1.35 | 1.77 | 2.32,0,1.73 | 2.26 | 2.96,0.957,0.000,0,1,0,0,0,0,-1,0,0,0,,0,,0,,0,0,0,1
1723836852,387,2,2,8,8,12.17,0,0,0.31 | 0.52 | 1.17,0,1.35 | 1.77 | 2.32,0,1.73 | 2.26 | 2.96,0.957,0.000,0,1,0,0,0,0,-1,0,0,0,,0,,0,,0,0,0,1
1723836852,387,2,2,8,8,12.17,0,0,0.31 | 0.52 | 1.17,0,1.35 | 1.77 | 2.32,0,1.73 | 2.26 | 2.96,0.957,0.000,0,1,0,0,0,0,-1,0,0,0,,0,,0,,0,0,0,1
1723836852,387,2,2,8,8,12.17,0,0,0.31 | 0.52 | 1.17,0,1.35 | 1.77 | 2.32,0,1.73 | 2.26 | 2.96,0.957,0.000,0,1,0,0,0,0,-1,0,0,0,,0,,0,,0,0,0,1
1723836852,387,2,2,8,8,12.17,0,0,0.31 | 0.52 | 1.17,0,1.35 | 1.77 | 2.32,0,1.73 | 2.26 | 2.96,0.957,0.000,0,1,0,0,0,0,-1,0,0,0,,0,,0,,0,0,0,1
1723836852,387,2,2,8,8,12.17,0,0,0.31 | 0.52 | 1.17,0,1.35 | 1.77 | 2.32,0,1.73 | 2.26 | 2.96,0.957,0.000,0,1,0,0,0,0,-1,0,0,0,,0,,0,,0,0,0,1
1723836852,387,2,2,8,8,11.107,0,0,0.31 | 0.52 | 1.17,0,1.35 | 1.77 | 2.32,0,1.73 | 2.26 | 2.96,0.957,0.000,0,1,0,0,0,0,-1,0,0,0,,0,,0,,0,0,0,1
1723836853,387,2,2,8,8,11.107,0,0,0.31 | 0.52 | 1.17,0,1.35 | 1.77 | 2.32,0,1.73 | 2.26 | 2.96,0.957,0.000,0,1,0,0,0,0,-1,0,0,0,,0,,0,,0,0,0,1
1723836853,387,2,2,8,8,11.107,0,0,0.31 | 0.52 | 1.17,0,1.35 | 1.77 | 2.32,0,1.73 | 2.26 | 2.96,0.957,0.000,0,1,0,0,0,0,-1,0,0,0,,0,,0,,0,0,0,1
1723836853,387,2,2,8,8,11.107,0,0,0.31 | 0.52 | 1.17,0,1.35 | 1.77 | 2.32,0,1.73 | 2.26 | 2.96,0.957,0.000,0,1,0,0,0,0,-1,0,0,0,,0,,0,,0,0,0,1
1723836853,387,2,2,8,8,11.107,0,0,0.31 | 0.52 | 1.17,0,1.35 | 1.77 | 2.32,0,1.73 | 2.26 | 2.96,0.957,0.000,0,1,0,0,0,0,-1,0,0,0,,0,,0,,0,0,0,1
1723836853,387,2,2,8,8,11.107,0,0,0.31 | 0.52 | 1.17,0,1.35 | 1.77 | 2.32,0,1.73 | 2.26 | 2.96,0.957,0.000,0,1,0,0,0,0,-1,0,0,0,,0,,0,,0,0,0,1
1723836853,387,2,2,8,8,11.107,0,0,0.31 | 0.52 | 1.17,0,1.35 | 1.77 | 2.32,0,1.73 | 2.26 | 2.96,0.957,0.000,0,1,0,0,0,0,-1,0,0,0,,0,,0,,0,0,0,1
1723836853,387,2,2,8,8,11.107,0,0,0.31 | 0.52 | 1.17,0,1.35 | 1.77 | 2.32,0,1.73 | 2.26 | 2.96,0.957,0.000,0,1,0,0,0,0,-1,0,0,0,,0,,0,,0,0,0,1
1723836853,387,2,2,8,8,11.107,0,0,0.31 | 0.52 | 1.17,0,1.35 | 1.77 | 2.32,0,1.73 | 2.26 | 2.96,0.957,0.000,0,1,0,0,0,0,-1,0,0,0,,0,,0,,0,0,0,1
1723836853,387,2,2,8,8,11.107,0,0,0.31 | 0.52 | 1.17,0,1.35 | 1.77 | 2.32,0,1.73 | 2.26 | 2.96,0.957,0.000,0,1,0,0,0,0,-1,0,0,0,,0,,0,,0,0,0,1
1723836853,387,2,2,8,8,10.073,0,0,0.31 | 0.52 | 1.17,0,1.35 | 1.77 | 2.32,0,1.73 | 2.26 | 2.96,0.957,0.000,0,1,0,0,0,0,-1,0,0,0,,0,,0,,0,0,0,1
1723836854,387,2,2,8,8,10.073,0,0,0.31 | 0.52 | 1.17,0,1.35 | 1.77 | 2.32,0,1.73 | 2.26 | 2.96,0.957,0.000,0,1,0,0,0,0,-1,0,0,0,,0,,0,,0,0,0,1
1723836854,387,2,2,8,8,10.073,0,0,0.31 | 0.52 | 1.17,0,1.35 | 1.77 | 2.32,0,1.73 | 2.26 | 2.96,0.957,0.000,0,1,0,0,0,0,-1,0,0,0,,0,,0,,0,0,0,1
1723836854,387,2,2,8,8,10.073,0,0,0.31 | 0.52 | 1.17,0,1.35 | 1.77 | 2.32,0,1.73 | 2.26 | 2.96,0.957,0.000,0,1,0,0,0,0,-1,0,0,0,,0,,0,,0,0,0,1
1723836854,387,2,2,8,8,10.073,0,0,0.31 | 0.52 | 1.17,0,1.35 | 1.77 | 2.32,0,1.73 | 2.26 | 2.96,0.957,0.000,0,1,0,0,0,0,-1,0,0,0,,0,,0,,0,0,0,1
1723836854,387,2,2,8,8,10.073,0,0,0.31 | 0.52 | 1.17,0,1.35 | 1.77 | 2.32,0,1.73 | 2.26 | 2.96,0.957,0.000,0,1,0,0,0,0,-1,0,0,0,,0,,0,,0,0,0,1
1723836854,387,2,2,8,8,10.073,0,0,0.31 | 0.52 | 1.17,0,1.35 | 1.77 | 2.32,0,1.73 | 2.26 | 2.96,0.957,0.000,0,1,0,0,0,0,-1,0,0,0,,0,,0,,0,0,0,1
1723836854,387,2,2,8,8,10.073,0,0,0.31 | 0.52 | 1.17,0,1.35 | 1.77 | 2.32,0,1.73 | 2.26 | 2.96,0.957,0.000,0,1,0,0,0,0,-1,0,0,0,,0,,0,,0,0,0,1
1723836854,387,2,2,8,8,10.073,0,0,0.31 | 0.52 | 1.17,0,1.35 | 1.77 | 2.32,0,1.73 | 2.26 | 2.96,0.957,0.000,0,1,0,0,0,0,-1,0,0,0,,0,,0,,0,0,0,1
1723836854,387,2,2,8,8,10.073,0,0,0.31 | 0.52 | 1.17,0,1.35 | 1.77 | 2.32,0,1.73 | 2.26 | 2.96,0.957,0.000,0,1,0,0,0,0,-1,0,0,0,,0,,0,,0,0,0,1
1723836854,387,2,2,8,8,14.048,0,0,0.30 | 0.31 | 0.31,0,1.35 | 1.69 | 2.01,0,1.99 | 2.37 | 2.96,0.958,0.000,0,1,0,0,0,0,-1,0,0,0,,0,,0,,0,0,0,1
1723836855,387,2,2,8,8,14.048,0,0,0.30 | 0.31 | 0.31,0,1.35 | 1.69 | 2.01,0,1.99 | 2.37 | 2.96,0.958,0.000,0,1,0,0,0,0,-1,0,0,0,,0,,0,,0,0,0,1
1723836855,387,2,2,8,8,14.048,0,0,0.30 | 0.31 | 0.31,0,1.35 | 1.69 | 2.01,0,1.99 | 2.37 | 2.96,0.958,0.000,0,1,0,0,0,0,-1,0,0,0,,0,,0,,0,0,0,1
1723836855,387,2,2,8,8,14.048,0,0,0.30 | 0.31 | 0.31,0,1.35 | 1.69 | 2.01,0,1.99 | 2.37 | 2.96,0.958,0.000,0,1,0,0,0,0,-1,0,0,0,,0,,0,,0,0,0,1
1723836855,387,2,2,8,8,14.048,0,0,0.30 | 0.31 | 0.31,0,1.35 | 1.69 | 2.01,0,1.99 | 2.37 | 2.96,0.958,0.000,0,1,0,0,0,0,-1,0,0,0,,0,,0,,0,0,0,1
1723836855,387,2,2,8,8,14.048,0,0,0.30 | 0.31 | 0.31,0,1.35 | 1.69 | 2.01,0,1.99 | 2.37 | 2.96,0.958,0.000,0,1,0,0,0,0,-1,0,0,0,,0,,0,,0,0,0,1
1723836855,387,2,2,8,8,14.048,0,0,0.30 | 0.31 | 0.31,0,1.35 | 1.69 | 2.01,0,1.99 | 2.37 | 2.96,0.958,0.000,0,1,0,0,0,0,-1,0,0,0,,0,,0,,0,0,0,1
1723836855,387,2,2,8,8,14.048,0,0,0.30 | 0.31 | 0.31,0,1.35 | 1.69 | 2.01,0,1.99 | 2.37 | 2.96,0.958,0.000,0,1,0,0,0,0,-1,0,0,0,,0,,0,,0,0,0,1
1723836855,387,2,2,8,8,14.048,0,0,0.30 | 0.31 | 0.31,0,1.35 | 1.69 | 2.01,0,1.99 | 2.37 | 2.96,0.958,0.000,0,1,0,0,0,0,-1,0,0,0,,0,,0,,0,0,0,1
1723836855,387,2,2,8,8,14.048,0,0,0.30 | 0.31 | 0.31,0,1.35 | 1.69 | 2.01,0,1.99 | 2.37 | 2.96,0.958,0.000,0,1,0,0,0,0,-1,0,0,0,,0,,0,,0,0,0,1
1723836855,387,2,2,8,8,12.985,0,0,0.30 | 0.31 | 0.31,0,1.35 | 1.69 | 2.01,0,1.99 | 2.37 | 2.96,0.958,0.000,0,1,0,0,0,0,-1,0,0,0,,0,,0,,0,0,0,1
1723836856,387,2,2,8,8,12.985,0,0,0.30 | 0.31 | 0.31,0,1.35 | 1.69 | 2.01,0,1.99 | 2.37 | 2.96,0.958,0.000,0,1,0,0,0,0,-1,0,0,0,,0,,0,,0,0,0,1
1723836856,387,2,2,8,8,12.985,0,0,0.30 | 0.31 | 0.31,0,1.35 | 1.69 | 2.01,0,1.99 | 2.37 | 2.96,0.958,0.000,0,1,0,0,0,0,-1,0,0,0,,0,,0,,0,0,0,1
1723836856,387,2,2,8,8,12.985,0,0,0.30 | 0.31 | 0.31,0,1.35 | 1.69 | 2.01,0,1.99 | 2.37 | 2.96,0.958,0.000,0,1,0,0,0,0,-1,0,0,0,,0,,0,,0,0,0,1
1723836856,387,2,2,8,8,12.985,0,0,0.30 | 0.31 | 0.31,0,1.35 | 1.69 | 2.01,0,1.99 | 2.37 | 2.96,0.958,0.000,0,1,0,0,0,0,-1,0,0,0,,0,,0,,0,0,0,1
1723836856,387,2,2,8,8,12.985,0,0,0.30 | 0.31 | 0.31,0,1.35 | 1.69 | 2.01,0,1.99 | 2.37 | 2.96,0.958,0.000,0,1,0,0,0,0,-1,0,0,0,,0,,0,,0,0,0,1
1723836856,387,2,2,8,8,12.985,0,0,0.30 | 0.31 | 0.31,0,1.35 | 1.69 | 2.01,0,1.99 | 2.37 | 2.96,0.958,0.000,0,1,0,0,0,0,-1,0,0,0,,0,,0,,0,0,0,1
1723836856,387,2,2,8,8,12.985,0,0,0.30 | 0.31 | 0.31,0,1.35 | 1.69 | 2.01,0,1.99 | 2.37 | 2.96,0.958,0.000,0,1,0,0,0,0,-1,0,0,0,,0,,0,,0,0,0,1
1723836856,387,2,2,8,8,12.985,0,0,0.30 | 0.31 | 0.31,0,1.35 | 1.69 | 2.01,0,1.99 | 2.37 | 2.96,0.958,0.000,0,1,0,0,0,0,-1,0,0,0,,0,,0,,0,0,0,1
1723836856,387,2,2,8,8,12.985,0,0,0.30 | 0.31 | 0.31,0,1.35 | 1.69 | 2.01,0,1.99 | 2.37 | 2.96,0.958,0.000,0,1,0,0,0,0,-1,0,0,0,,0,,0,,0,0,0,1
1723836856,387,2,2,8,8,11.923,0,0,0.30 | 0.31 | 0.31,0,1.35 | 1.69 | 2.01,0,1.99 | 2.37 | 2.96,0.958,0.000,0,1,0,0,0,0,-1,0,0,0,,0,,0,,0,0,0,1
1723836857,387,2,2,8,8,11.923,0,0,0.30 | 0.31 | 0.31,0,1.35 | 1.69 | 2.01,0,1.99 | 2.37 | 2.96,0.958,0.000,0,1,0,0,0,0,-1,0,0,0,,0,,0,,0,0,0,1
1723836857,387,2,2,8,8,11.923,0,0,0.30 | 0.31 | 0.31,0,1.35 | 1.69 | 2.01,0,1.99 | 2.37 | 2.96,0.958,0.000,0,1,0,0,0,0,-1,0,0,0,,0,,0,,0,0,0,1
1723836857,387,2,2,8,8,11.923,0,0,0.30 | 0.31 | 0.31,0,1.35 | 1.69 | 2.01,0,1.99 | 2.37 | 2.96,0.958,0.000,0,1,0,0,0,0,-1,0,0,0,,0,,0,,0,0,0,1
1723836857,387,2,2,8,8,11.923,0,0,0.30 | 0.31 | 0.31,0,1.35 | 1.69 | 2.01,0,1.99 | 2.37 | 2.96,0.958,0.000,0,1,0,0,0,0,-1,0,0,0,,0,,0,,0,0,0,1
1723836857,387,2,2,8,8,11.923,0,0,0.30 | 0.31 | 0.31,0,1.35 | 1.69 | 2.01,0,1.99 | 2.37 | 2.96,0.958,0.000,0,1,0,0,0,0,-1,0,0,0,,0,,0,,0,0,0,1
1723836857,387,2,2,8,8,11.923,0,0,0.30 | 0.31 | 0.31,0,1.35 | 1.69 | 2.01,0,1.99 | 2.37 | 2.96,0.958,0.000,0,1,0,0,0,0,-1,0,0,0,,0,,0,,0,0,0,1
1723836857,387,2,2,8,8,11.923,0,0,0.30 | 0.31 | 0.31,0,1.35 | 1.69 | 2.01,0,1.99 | 2.37 | 2.96,0.958,0.000,0,1,0,0,0,0,-1,0,0,0,,0,,0,,0,0,0,1
1723836857,387,2,2,8,8,11.923,0,0,0.30 | 0.31 | 0.31,0,1.35 | 1.69 | 2.01,0,1.99 | 2.37 | 2.96,0.958,0.000,0,1,0,0,0,0,-1,0,0,0,,0,,0,,0,0,0,1
1723836857,387,2,2,8,8,11.923,0,0,0.30 | 0.31 | 0.31,0,1.35 | 1.69 | 2.01,0,1.99 | 2.37 | 2.96,0.958,0.000,0,1,0,0,0,0,-1,0,0,0,,0,,0,,0,0,0,1
1723836857,387,2,2,8,8,11.126,0,0,0.30 | 0.31 | 0.31,0,1.35 | 1.69 | 2.01,0,1.99 | 2.37 | 2.96,0.958,0.000,0,1,0,0,0,0,-1,0,0,0,,0,,0,,0,0,0,1
1723836858,387,2,2,8,8,11.126,0,0,0.30 | 0.31 | 0.31,0,1.35 | 1.69 | 2.01,0,1.99 | 2.37 | 2.96,0.958,0.000,0,1,0,0,0,0,-1,0,0,0,,0,,0,,0,0,0,1
1723836858,387,2,2,8,8,11.126,0,0,0.30 | 0.31 | 0.31,0,1.35 | 1.69 | 2.01,0,1.99 | 2.37 | 2.96,0.958,0.000,0,1,0,0,0,0,-1,0,0,0,,0,,0,,0,0,0,1
1723836858,387,2,2,8,8,11.126,0,0,0.30 | 0.31 | 0.31,0,1.35 | 1.69 | 2.01,0,1.99 | 2.37 | 2.96,0.958,0.000,0,1,0,0,0,0,-1,0,0,0,,0,,0,,0,0,0,1
1723836858,387,2,2,8,8,11.126,0,0,0.30 | 0.31 | 0.31,0,1.35 | 1.69 | 2.01,0,1.99 | 2.37 | 2.96,0.958,0.000,0,1,0,0,0,0,-1,0,0,0,,0,,0,,0,0,0,1
1723836858,387,2,2,8,8,11.126,0,0,0.30 | 0.31 | 0.31,0,1.35 | 1.69 | 2.01,0,1.99 | 2.37 | 2.96,0.958,0.000,0,1,0,0,0,0,-1,0,0,0,,0,,0,,0,0,0,1
1723836858,387,2,2,8,8,11.126,0,0,0.30 | 0.31 | 0.31,0,1.35 | 1.69 | 2.01,0,1.99 | 2.37 | 2.96,0.958,0.000,0,1,0,0,0,0,-1,0,0,0,,0,,0,,0,0,0,1
1723836858,387,2,2,8,8,11.126,0,0,0.30 | 0.31 | 0.31,0,1.35 | 1.69 | 2.01,0,1.99 | 2.37 | 2.96,0.958,0.000,0,1,0,0,0,0,-1,0,0,0,,0,,0,,0,0,0,1
1723836858,387,2,2,8,8,11.126,0,0,0.30 | 0.31 | 0.31,0,1.35 | 1.69 | 2.01,0,1.99 | 2.37 | 2.96,0.958,0.000,0,1,0,0,0,0,-1,0,0,0,,0,,0,,0,0,0,1
1723836858,387,2,2,8,8,11.126,0,0,0.30 | 0.31 | 0.31,0,1.35 | 1.69 | 2.01,0,1.99 | 2.37 | 2.96,0.958,0.000,0,1,0,0,0,0,-1,0,0,0,,0,,0,,0,0,0,1
1723836858,387,2,2,8,8,13.092,0,0,0.30 | 0.31 | 0.31,0,1.27 | 1.66 | 2.01,0,1.99 | 2.41 | 3.15,0.958,0.000,0,1,0,0,0,0,-1,0,0,0,,0,,0,,0,0,0,1
1723836859,387,2,2,8,8,13.092,0,0,0.30 | 0.31 | 0.31,0,1.27 | 1.66 | 2.01,0,1.99 | 2.41 | 3.15,0.958,0.000,0,1,0,0,0,0,-1,0,0,0,,0,,0,,0,0,0,1
1723836859,387,2,2,8,8,13.092,0,0,0.30 | 0.31 | 0.31,0,1.27 | 1.66 | 2.01,0,1.99 | 2.41 | 3.15,0.958,0.000,0,1,0,0,0,0,-1,0,0,0,,0,,0,,0,0,0,1
1723836859,387,2,2,8,8,13.092,0,0,0.30 | 0.31 | 0.31,0,1.27 | 1.66 | 2.01,0,1.99 | 2.41 | 3.15,0.958,0.000,0,1,0,0,0,0,-1,0,0,0,,0,,0,,0,0,0,1
1723836859,387,2,2,8,8,13.092,0,0,0.30 | 0.31 | 0.31,0,1.27 | 1.66 | 2.01,0,1.99 | 2.41 | 3.15,0.958,0.000,0,1,0,0,0,0,-1,0,0,0,,0,,0,,0,0,0,1
1723836859,387,2,2,8,8,13.092,0,0,0.30 | 0.31 | 0.31,0,1.27 | 1.66 | 2.01,0,1.99 | 2.41 | 3.15,0.958,0.000,0,1,0,0,0,0,-1,0,0,0,,0,,0,,0,0,0,1
1723836859,387,2,2,8,8,13.092,0,0,0.30 | 0.31 | 0.31,0,1.27 | 1.66 | 2.01,0,1.99 | 2.41 | 3.15,0.958,0.000,0,1,0,0,0,0,-1,0,0,0,,0,,0,,0,0,0,1
1723836859,387,2,2,8,8,13.092,0,0,0.30 | 0.31 | 0.31,0,1.27 | 1.66 | 2.01,0,1.99 | 2.41 | 3.15,0.958,0.000,0,1,0,0,0,0,-1,0,0,0,,0,,0,,0,0,0,1
1723836859,387,2,2,8,8,13.092,0,0,0.30 | 0.31 | 0.31,0,1.27 | 1.66 | 2.01,0,1.99 | 2.41 | 3.15,0.958,0.000,0,1,0,0,0,0,-1,0,0,0,,0,,0,,0,0,0,1
1723836859,387,2,2,8,8,13.092,0,0,0.30 | 0.31 | 0.31,0,1.27 | 1.66 | 2.01,0,1.99 | 2.41 | 3.15,0.958,0.000,0,1,0,0,0,0,-1,0,0,0,,0,,0,,0,0,0,1
1723836859,387,2,2,8,8,12.201,0,0,0.30 | 0.31 | 0.31,0,1.27 | 1.66 | 2.01,0,1.99 | 2.41 | 3.15,0.958,0.000,0,1,0,0,0,0,-1,0,0,0,,0,,0,,0,0,0,1
1723836860,387,2,2,8,8,12.201,0,0,0.30 | 0.31 | 0.31,0,1.27 | 1.66 | 2.01,0,1.99 | 2.41 | 3.15,0.958,0.000,0,1,0,0,0,0,-1,0,0,0,,0,,0,,0,0,0,1
1723836860,387,2,2,8,8,12.201,0,0,0.30 | 0.31 | 0.31,0,1.27 | 1.66 | 2.01,0,1.99 | 2.41 | 3.15,0.958,0.000,0,1,0,0,0,0,-1,0,0,0,,0,,0,,0,0,0,1
1723836860,387,2,2,8,8,12.201,0,0,0.30 | 0.31 | 0.31,0,1.27 | 1.66 | 2.01,0,1.99 | 2.41 | 3.15,0.958,0.000,0,1,0,0,0,0,-1,0,0,0,,0,,0,,0,0,0,1
1723836860,387,2,2,8,8,12.201,0,0,0.30 | 0.31 | 0.31,0,1.27 | 1.66 | 2.01,0,1.99 | 2.41 | 3.15,0.958,0.000,0,1,0,0,0,0,-1,0,0,0,,0,,0,,0,0,0,1
1723836860,387,2,2,8,8,12.201,0,0,0.30 | 0.31 | 0.31,0,1.27 | 1.66 | 2.01,0,1.99 | 2.41 | 3.15,0.958,0.000,0,1,0,0,0,0,-1,0,0,0,,0,,0,,0,0,0,1
1723836860,387,2,2,8,8,12.201,0,0,0.30 | 0.31 | 0.31,0,1.27 | 1.66 | 2.01,0,1.99 | 2.41 | 3.15,0.958,0.000,0,1,0,0,0,0,-1,0,0,0,,0,,0,,0,0,0,1
1723836860,387,2,2,8,8,12.201,0,0,0.30 | 0.31 | 0.31,0,1.27 | 1.66 | 2.01,0,1.99 | 2.41 | 3.15,0.958,0.000,0,1,0,0,0,0,-1,0,0,0,,0,,0,,0,0,0,1
1723836860,387,2,2,8,8,12.201,0,0,0.30 | 0.31 | 0.31,0,1.27 | 1.66 | 2.01,0,1.99 | 2.41 | 3.15,0.958,0.000,0,1,0,0,0,0,-1,0,0,0,,0,,0,,0,0,0,1
1723836860,387,2,2,8,8,12.201,0,0,0.30 | 0.31 | 0.31,0,1.27 | 1.66 | 2.01,0,1.99 | 2.41 | 3.15,0.958,0.000,0,1,0,0,0,0,-1,0,0,0,,0,,0,,0,0,0,1
1723836860,387,2,2,8,8,11.138,0,0,0.30 | 0.31 | 0.31,0,1.27 | 1.66 | 2.01,0,1.99 | 2.41 | 3.15,0.958,0.000,0,1,0,0,0,0,-1,0,0,0,,0,,0,,0,0,0,1
1723836861,387,2,2,8,8,11.138,0,0,0.30 | 0.31 | 0.31,0,1.27 | 1.66 | 2.01,0,1.99 | 2.41 | 3.15,0.958,0.000,0,1,0,0,0,0,-1,0,0,0,,0,,0,,0,0,0,1
1723836861,387,2,2,8,8,11.138,0,0,0.30 | 0.31 | 0.31,0,1.27 | 1.66 | 2.01,0,1.99 | 2.41 | 3.15,0.958,0.000,0,1,0,0,0,0,-1,0,0,0,,0,,0,,0,0,0,1
1723836861,387,2,2,8,8,11.138,0,0,0.30 | 0.31 | 0.31,0,1.27 | 1.66 | 2.01,0,1.99 | 2.41 | 3.15,0.958,0.000,0,1,0,0,0,0,-1,0,0,0,,0,,0,,0,0,0,1
1723836861,387,2,2,8,8,11.138,0,0,0.30 | 0.31 | 0.31,0,1.27 | 1.66 | 2.01,0,1.99 | 2.41 | 3.15,0.958,0.000,0,1,0,0,0,0,-1,0,0,0,,0,,0,,0,0,0,1
1723836861,387,2,2,8,8,11.138,0,0,0.30 | 0.31 | 0.31,0,1.27 | 1.66 | 2.01,0,1.99 | 2.41 | 3.15,0.958,0.000,0,1,0,0,0,0,-1,0,0,0,,0,,0,,0,0,0,1
1723836861,387,2,2,8,8,11.138,0,0,0.30 | 0.31 | 0.31,0,1.27 | 1.66 | 2.01,0,1.99 | 2.41 | 3.15,0.958,0.000,0,1,0,0,0,0,-1,0,0,0,,0,,0,,0,0,0,1
1723836861,387,2,2,8,8,11.138,0,0,0.30 | 0.31 | 0.31,0,1.27 | 1.66 | 2.01,0,1.99 | 2.41 | 3.15,0.958,0.000,0,1,0,0,0,0,-1,0,0,0,,0,,0,,0,0,0,1
1723836861,387,2,2,8,8,11.138,0,0,0.30 | 0.31 | 0.31,0,1.27 | 1.66 | 2.01,0,1.99 | 2.41 | 3.15,0.958,0.000,0,1,0,0,0,0,-1,0,0,0,,0,,0,,0,0,0,1
1723836861,387,2,2,8,8,11.138,0,0,0.30 | 0.31 | 0.31,0,1.27 | 1.66 | 2.01,0,1.99 | 2.41 | 3.15,0.958,0.000,0,1,0,0,0,0,-1,0,0,0,,0,,0,,0,0,0,1
1723836861,387,2,2,8,8,10.076,0,0,0.30 | 0.31 | 0.31,0,1.27 | 1.66 | 2.01,0,1.99 | 2.41 | 3.15,0.958,0.000,0,1,0,0,0,0,-1,0,0,0,,0,,0,,0,0,0,1
1723836862,387,2,2,8,8,10.076,0,0,0.30 | 0.31 | 0.31,0,1.27 | 1.66 | 2.01,0,1.99 | 2.41 | 3.15,0.958,0.000,0,1,0,0,0,0,-1,0,0,0,,0,,0,,0,0,0,1
1723836862,387,2,2,8,8,10.076,0,0,0.30 | 0.31 | 0.31,0,1.27 | 1.66 | 2.01,0,1.99 | 2.41 | 3.15,0.958,0.000,0,1,0,0,0,0,-1,0,0,0,,0,,0,,0,0,0,1
1723836862,387,2,2,8,8,10.076,0,0,0.30 | 0.31 | 0.31,0,1.27 | 1.66 | 2.01,0,1.99 | 2.41 | 3.15,0.958,0.000,0,1,0,0,0,0,-1,0,0,0,,0,,0,,0,0,0,1
1723836862,387,2,2,8,8,10.076,0,0,0.30 | 0.31 | 0.31,0,1.27 | 1.66 | 2.01,0,1.99 | 2.41 | 3.15,0.958,0.000,0,1,0,0,0,0,-1,0,0,0,,0,,0,,0,0,0,1
1723836862,387,2,2,8,8,10.076,0,0,0.30 | 0.31 | 0.31,0,1.27 | 1.66 | 2.01,0,1.99 | 2.41 | 3.15,0.958,0.000,0,1,0,0,0,0,-1,0,0,0,,0,,0,,0,0,0,1
1723836862,387,2,2,8,8,10.076,0,0,0.30 | 0.31 | 0.31,0,1.27 | 1.66 | 2.01,0,1.99 | 2.41 | 3.15,0.958,0.000,0,1,0,0,0,0,-1,0,0,0,,0,,0,,0,0,0,1
1723836862,387,2,2,8,8,10.076,0,0,0.30 | 0.31 | 0.31,0,1.27 | 1.66 | 2.01,0,1.99 | 2.41 | 3.15,0.958,0.000,0,1,0,0,0,0,-1,0,0,0,,0,,0,,0,0,0,1
1723836862,387,2,2,8,8,10.076,0,0,0.30 | 0.31 | 0.31,0,1.27 | 1.66 | 2.01,0,1.99 | 2.41 | 3.15,0.958,0.000,0,1,0,0,0,0,-1,0,0,0,,0,,0,,0,0,0,1
1723836862,387,2,2,8,8,10.076,0,0,0.30 | 0.31 | 0.31,0,1.27 | 1.66 | 2.01,0,1.99 | 2.41 | 3.15,0.958,0.000,0,1,0,0,0,0,-1,0,0,0,,0,,0,,0,0,0,1
1723836862,387,2,2,8,8,13.938,0,0,0.30 | 0.31 | 0.31,0,1.27 | 1.68 | 2.09,0,1.92 | 2.38 | 3.15,0.940,0.000,0,1,0,0,0,0,-1,0,0,0,,0,,0,,0,0,0,1
1723836863,387,2,2,8,8,13.938,0,0,0.30 | 0.31 | 0.31,0,1.27 | 1.68 | 2.09,0,1.92 | 2.38 | 3.15,0.940,0.000,0,1,0,0,0,0,-1,0,0,0,,0,,0,,0,0,0,1
1723836863,387,2,2,8,8,13.938,0,0,0.30 | 0.31 | 0.31,0,1.27 | 1.68 | 2.09,0,1.92 | 2.38 | 3.15,0.940,0.000,0,1,0,0,0,0,-1,0,0,0,,0,,0,,0,0,0,1
1723836863,387,2,2,8,8,13.938,0,0,0.30 | 0.31 | 0.31,0,1.27 | 1.68 | 2.09,0,1.92 | 2.38 | 3.15,0.940,0.000,0,1,0,0,0,0,-1,0,0,0,,0,,0,,0,0,0,1
1723836863,387,2,2,8,8,13.938,0,0,0.30 | 0.31 | 0.31,0,1.27 | 1.68 | 2.09,0,1.92 | 2.38 | 3.15,0.940,0.000,0,1,0,0,0,0,-1,0,0,0,,0,,0,,0,0,0,1
1723836863,387,2,2,8,8,13.938,0,0,0.30 | 0.31 | 0.31,0,1.27 | 1.68 | 2.09,0,1.92 | 2.38 | 3.15,0.940,0.000,0,1,0,0,0,0,-1,0,0,0,,0,,0,,0,0,0,1
1723836863,387,2,2,8,8,13.938,0,0,0.30 | 0.31 | 0.31,0,1.27 | 1.68 | 2.09,0,1.92 | 2.38 | 3.15,0.940,0.000,0,1,0,0,0,0,-1,0,0,0,,0,,0,,0,0,0,1
1723836863,387,2,2,8,8,13.938,0,0,0.30 | 0.31 | 0.31,0,1.27 | 1.68 | 2.09,0,1.92 | 2.38 | 3.15,0.940,0.000,0,1,0,0,0,0,-1,0,0,0,,0,,0,,0,0,0,1
1723836863,387,2,2,8,8,13.938,0,0,0.30 | 0.31 | 0.31,0,1.27 | 1.68 | 2.09,0,1.92 | 2.38 | 3.15,0.940,0.000,0,1,0,0,0,0,-1,0,0,0,,0,,0,,0,0,0,1
1723836863,387,2,2,8,8,13.938,0,0,0.30 | 0.31 | 0.31,0,1.27 | 1.68 | 2.09,0,1.92 | 2.38 | 3.15,0.940,0.000,0,1,0,0,0,0,-1,0,0,0,,0,,0,,0,0,0,1
1723836863,387,2,2,8,8,12.872,0,0,0.30 | 0.31 | 0.31,0,1.27 | 1.68 | 2.09,0,1.92 | 2.38 | 3.15,0.940,0.000,0,1,0,0,0,0,-1,0,0,0,,0,,0,,0,0,0,1
1723836864,387,2,2,8,8,12.872,0,0,0.30 | 0.31 | 0.31,0,1.27 | 1.68 | 2.09,0,1.92 | 2.38 | 3.15,0.940,0.000,0,1,0,0,0,0,-1,0,0,0,,0,,0,,0,0,0,1
1723836864,387,2,2,8,8,12.872,0,0,0.30 | 0.31 | 0.31,0,1.27 | 1.68 | 2.09,0,1.92 | 2.38 | 3.15,0.940,0.000,0,1,0,0,0,0,-1,0,0,0,,0,,0,,0,0,0,1
1723836864,387,2,2,8,8,12.872,0,0,0.30 | 0.31 | 0.31,0,1.27 | 1.68 | 2.09,0,1.92 | 2.38 | 3.15,0.940,0.000,0,1,0,0,0,0,-1,0,0,0,,0,,0,,0,0,0,1
1723836864,387,2,2,8,8,12.872,0,0,0.30 | 0.31 | 0.31,0,1.27 | 1.68 | 2.09,0,1.92 | 2.38 | 3.15,0.940,0.000,0,1,0,0,0,0,-1,0,0,0,,0,,0,,0,0,0,1
1723836864,387,2,2,8,8,12.872,0,0,0.30 | 0.31 | 0.31,0,1.27 | 1.68 | 2.09,0,1.92 | 2.38 | 3.15,0.940,0.000,0,1,0,0,0,0,-1,0,0,0,,0,,0,,0,0,0,1
1723836864,387,2,2,8,8,12.872,0,0,0.30 | 0.31 | 0.31,0,1.27 | 1.68 | 2.09,0,1.92 | 2.38 | 3.15,0.940,0.000,0,1,0,0,0,0,-1,0,0,0,,0,,0,,0,0,0,1
1723836864,387,2,2,8,8,12.872,0,0,0.30 | 0.31 | 0.31,0,1.27 | 1.68 | 2.09,0,1.92 | 2.38 | 3.15,0.940,0.000,0,1,0,0,0,0,-1,0,0,0,,0,,0,,0,0,0,1
1723836864,387,2,2,8,8,12.872,0,0,0.30 | 0.31 | 0.31,0,1.27 | 1.68 | 2.09,0,1.92 | 2.38 | 3.15,0.940,0.000,0,1,0,0,0,0,-1,0,0,0,,0,,0,,0,0,0,1
1723836864,387,2,2,8,8,12.872,0,0,0.30 | 0.31 | 0.31,0,1.27 | 1.68 | 2.09,0,1.92 | 2.38 | 3.15,0.940,0.000,0,1,0,0,0,0,-1,0,0,0,,0,,0,,0,0,0,1
1723836864,387,2,2,8,8,11.954,0,0,0.30 | 0.31 | 0.31,0,1.27 | 1.68 | 2.09,0,1.92 | 2.38 | 3.15,0.940,0.000,0,1,0,0,0,0,-1,0,0,0,,0,,0,,0,0,0,1
1723836865,772,2,4,8,8,11.954,0,0,0.30 | 0.31 | 0.31,0,1.27 | 1.68 | 2.09,0,1.92 | 2.38 | 3.15,0.940,0.000,0,1,0,0,0,0,-1,0,0,0,,0,,0,,0,0,0,1
1723836865,772,2,4,8,8,11.954,0,0,0.30 | 0.31 | 0.31,0,1.27 | 1.68 | 2.09,0,1.92 | 2.38 | 3.15,0.940,0.000,0,1,0,0,0,0,-1,0,0,0,,0,,0,,0,0,0,1
1723836865,772,2,4,8,8,11.954,0,0,0.30 | 0.31 | 0.31,0,1.27 | 1.68 | 2.09,0,1.92 | 2.38 | 3.15,0.940,0.000,0,1,0,0,0,0,-1,0,0,0,,0,,0,,0,0,0,1
1723836865,772,2,4,8,8,11.954,0,0,0.30 | 0.31 | 0.31,0,1.27 | 1.68 | 2.09,0,1.92 | 2.38 | 3.15,0.940,0.000,0,1,0,0,0,0,-1,0,0,0,,0,,0,,0,0,0,1
1723836865,772,2,4,8,8,11.954,0,0,0.30 | 0.31 | 0.31,0,1.27 | 1.68 | 2.09,0,1.92 | 2.38 | 3.15,0.940,0.000,0,1,0,0,0,0,-1,0,0,0,,0,,0,,0,0,0,1
1723836865,772,2,4,8,8,11.954,0,0,0.30 | 0.31 | 0.31,0,1.27 | 1.68 | 2.09,0,1.92 | 2.38 | 3.15,0.940,0.000,0,1,0,0,0,0,-1,0,0,0,,0,,0,,0,0,0,1
1723836865,772,2,4,8,8,11.954,0,0,0.30 | 0.31 | 0.31,0,1.27 | 1.68 | 2.09,0,1.92 | 2.38 | 3.15,0.940,0.000,0,1,0,0,0,0,-1,0,0,0,,0,,0,,0,0,0,1
1723836865,772,2,4,8,8,11.954,0,0,0.30 | 0.31 | 0.31,0,1.27 | 1.68 | 2.09,0,1.92 | 2.38 | 3.15,0.940,0.000,0,1,0,0,0,0,-1,0,0,0,,0,,0,,0,0,0,1
1723836865,772,2,4,8,8,11.954,0,0,0.30 | 0.31 | 0.31,0,1.27 | 1.68 | 2.09,0,1.92 | 2.38 | 3.15,0.940,0.000,0,1,0,0,0,0,-1,0,0,0,,0,,0,,0,0,0,1
1723836865,772,2,4,8,8,10.892,0,0,0.30 | 0.31 | 0.31,0,1.27 | 1.68 | 2.09,0,1.92 | 2.38 | 3.15,0.940,0.000,0,1,0,0,0,0,-1,0,0,0,,0,,0,,0,0,0,1
1723836866,772,2,4,8,8,10.892,0,0,0.30 | 0.31 | 0.31,0,1.27 | 1.68 | 2.09,0,1.92 | 2.38 | 3.15,0.940,0.000,0,1,0,0,0,0,-1,0,0,0,,0,,0,,0,0,0,1
1723836866,772,2,4,8,8,10.892,0,0,0.30 | 0.31 | 0.31,0,1.27 | 1.68 | 2.09,0,1.92 | 2.38 | 3.15,0.940,0.000,0,1,0,0,0,0,-1,0,0,0,,0,,0,,0,0,0,1
1723836866,772,2,4,8,8,10.892,0,0,0.30 | 0.31 | 0.31,0,1.27 | 1.68 | 2.09,0,1.92 | 2.38 | 3.15,0.940,0.000,0,1,0,0,0,0,-1,0,0,0,,0,,0,,0,0,0,1
1723836866,772,2,4,8,8,10.892,0,0,0.30 | 0.31 | 0.31,0,1.27 | 1.68 | 2.09,0,1.92 | 2.38 | 3.15,0.940,0.000,0,1,0,0,0,0,-1,0,0,0,,0,,0,,0,0,0,1
1723836866,772,2,4,8,8,10.892,0,0,0.30 | 0.31 | 0.31,0,1.27 | 1.68 | 2.09,0,1.92 | 2.38 | 3.15,0.940,0.000,0,1,0,0,0,0,-1,0,0,0,,0,,0,,0,0,0,1
1723836866,772,2,4,8,8,10.892,0,0,0.30 | 0.31 | 0.31,0,1.27 | 1.68 | 2.09,0,1.92 | 2.38 | 3.15,0.940,0.000,0,1,0,0,0,0,-1,0,0,0,,0,,0,,0,0,0,1
1723836866,772,2,4,8,8,10.892,0,0,0.30 | 0.31 | 0.31,0,1.27 | 1.68 | 2.09,0,1.92 | 2.38 | 3.15,0.940,0.000,0,1,0,0,0,0,-1,0,0,0,,0,,0,,0,0,0,1
1723836866,772,2,4,8,8,10.892,0,0,0.30 | 0.31 | 0.31,0,1.27 | 1.68 | 2.09,0,1.92 | 2.38 | 3.15,0.940,0.000,0,1,0,0,0,0,-1,0,0,0,,0,,0,,0,0,0,1
1723836866,772,2,4,8,8,10.892,0,0,0.30 | 0.31 | 0.31,0,1.27 | 1.68 | 2.09,0,1.92 | 2.38 | 3.15,0.940,0.000,0,1,0,0,0,0,-1,0,0,0,,0,,0,,0,0,0,1
1723836866,772,2,4,8,8,10.093,0,0,0.30 | 0.31 | 0.31,0,1.27 | 1.68 | 2.09,0,1.92 | 2.38 | 3.15,0.940,0.000,0,1,0,0,0,0,-1,0,0,0,,0,,0,,0,0,0,1
1723836867,772,2,4,8,8,10.093,0,0,0.30 | 0.31 | 0.31,0,1.27 | 1.68 | 2.09,0,1.92 | 2.38 | 3.15,0.940,0.000,0,1,0,0,0,0,-1,0,0,0,,0,,0,,0,0,0,1
1723836867,772,2,4,8,8,10.093,0,0,0.30 | 0.31 | 0.31,0,1.27 | 1.68 | 2.09,0,1.92 | 2.38 | 3.15,0.940,0.000,0,1,0,0,0,0,-1,0,0,0,,0,,0,,0,0,0,1
1723836867,772,2,4,8,8,10.093,0,0,0.30 | 0.31 | 0.31,0,1.27 | 1.68 | 2.09,0,1.92 | 2.38 | 3.15,0.940,0.000,0,1,0,0,0,0,-1,0,0,0,,0,,0,,0,0,0,1
1723836867,772,2,4,8,8,10.093,0,0,0.30 | 0.31 | 0.31,0,1.27 | 1.68 | 2.09,0,1.92 | 2.38 | 3.15,0.940,0.000,0,1,0,0,0,0,-1,0,0,0,,0,,0,,0,0,0,1
1723836867,772,2,4,8,8,10.093,0,0,0.30 | 0.31 | 0.31,0,1.27 | 1.68 | 2.09,0,1.92 | 2.38 | 3.15,0.940,0.000,0,1,0,0,0,0,-1,0,0,0,,0,,0,,0,0,0,1
1723836867,772,2,4,8,8,10.093,0,0,0.30 | 0.31 | 0.31,0,1.27 | 1.68 | 2.09,0,1.92 | 2.38 | 3.15,0.940,0.000,0,1,0,0,0,0,-1,0,0,0,,0,,0,,0,0,0,1
1723836867,772,2,4,8,8,10.093,0,0,0.30 | 0.31 | 0.31,0,1.27 | 1.68 | 2.09,0,1.92 | 2.38 | 3.15,0.940,0.000,0,1,0,0,0,0,-1,0,0,0,,0,,0,,0,0,0,1
1723836867,772,2,4,8,8,10.093,0,0,0.30 | 0.31 | 0.31,0,1.27 | 1.68 | 2.09,0,1.92 | 2.38 | 3.15,0.940,0.000,0,1,0,0,0,0,-1,0,0,0,,0,,0,,0,0,0,1
1723836867,772,2,4,8,8,10.093,0,0,0.30 | 0.31 | 0.31,0,1.27 | 1.68 | 2.09,0,1.92 | 2.38 | 3.15,0.940,0.000,0,1,0,0,0,0,-1,0,0,0,,0,,0,,0,0,0,1
1723836867,772,2,4,8,8,9.032,0,0,0.30 | 0.31 | 0.31,0,1.27 | 1.68 | 2.09,0,1.92 | 2.38 | 3.15,0.940,0.000,0,1,0,0,0,0,-1,0,0,0,,0,,0,,0,0,0,1
1723836868,772,2,4,8,8,9.032,0,0,0.30 | 0.31 | 0.31,0,1.27 | 1.68 | 2.09,0,1.92 | 2.38 | 3.15,0.940,0.000,0,1,0,0,0,0,-1,0,0,0,,0,,0,,0,0,0,1
1723836868,772,2,4,8,8,9.032,0,0,0.30 | 0.31 | 0.31,0,1.27 | 1.68 | 2.09,0,1.92 | 2.38 | 3.15,0.940,0.000,0,1,0,0,0,0,-1,0,0,0,,0,,0,,0,0,0,1
1723836868,772,4,4,8,8,9.032,0,0,0.30 | 0.31 | 0.31,0,1.27 | 1.68 | 2.09,0,1.92 | 2.38 | 3.15,0.940,0.000,0,1,0,0,0,0,-1,0,0,0,,0,,0,,0,0,0,1
1723836868,772,4,4,8,8,9.032,0,0,0.30 | 0.31 | 0.31,0,1.27 | 1.68 | 2.09,0,1.92 | 2.38 | 3.15,0.940,0.000,0,1,0,0,0,0,-1,0,0,0,,0,,0,,0,0,0,1
1723836868,772,4,4,8,8,9.032,0,0,0.30 | 0.31 | 0.31,0,1.27 | 1.68 | 2.09,0,1.92 | 2.38 | 3.15,0.940,0.000,0,1,0,0,0,0,-1,0,0,0,,0,,0,,0,0,0,1
1723836868,772,4,4,8,8,9.032,0,0,0.30 | 0.31 | 0.31,0,1.27 | 1.68 | 2.09,0,1.92 | 2.38 | 3.15,0.940,0.000,0,1,0,0,0,0,-1,0,0,0,,0,,0,,0,0,0,1
1723836868,772,4,4,8,8,9.032,0,0,0.30 | 0.31 | 0.31,0,1.27 | 1.68 | 2.09,0,1.92 | 2.38 | 3.15,0.940,0.000,0,1,0,0,0,0,-1,0,0,0,,0,,0,,0,0,0,1
1723836868,772,4,4,8,8,9.032,0,0,0.30 | 0.31 | 0.31,0,1.27 | 1.68 | 2.09,0,1.92 | 2.38 | 3.15,0.940,0.000,0,1,0,0,0,0,-1,0,0,0,,0,,0,,0,0,0,1
1723836868,772,4,4,8,8,9.032,0,0,0.30 | 0.31 | 0.31,0,1.27 | 1.68 | 2.09,0,1.92 | 2.38 | 3.15,0.940,0.000,0,1,0,0,0,0,-1,0,0,0,,0,,0,,0,0,0,1
1723836868,772,4,4,8,8,7.97,0,0,0.30 | 0.31 | 0.31,0,1.27 | 1.97 | 2.53,0,1.58 | 2.03 | 3.15,0.938,0.000,0,1,0,0,0,0,-1,0,0,0,,0,,0,,0,0,0,1
1723836869,772,4,4,8,8,7.97,0,0,0.30 | 0.31 | 0.31,0,1.27 | 1.97 | 2.53,0,1.58 | 2.03 | 3.15,0.938,0.000,0,1,0,0,0,0,-1,0,0,0,,0,,0,,0,0,0,1
1723836869,772,4,4,8,8,7.97,0,0,0.30 | 0.31 | 0.31,0,1.27 | 1.97 | 2.53,0,1.58 | 2.03 | 3.15,0.938,0.000,0,1,0,0,0,0,-1,0,0,0,,0,,0,,0,0,0,1
1723836869,772,4,4,8,8,7.97,0,0,0.30 | 0.31 | 0.31,0,1.27 | 1.97 | 2.53,0,1.58 | 2.03 | 3.15,0.938,0.000,0,1,0,0,0,0,-1,0,0,0,,0,,0,,0,0,0,1
1723836869,772,4,4,8,8,7.97,0,0,0.30 | 0.31 | 0.31,0,1.27 | 1.97 | 2.53,0,1.58 | 2.03 | 3.15,0.938,0.000,0,1,0,0,0,0,-1,0,0,0,,0,,0,,0,0,0,1
1723836869,772,4,4,8,8,7.97,0,0,0.30 | 0.31 | 0.31,0,1.27 | 1.97 | 2.53,0,1.58 | 2.03 | 3.15,0.938,0.000,0,1,0,0,0,0,-1,0,0,0,,0,,0,,0,0,0,1
1723836869,772,4,4,8,8,7.97,0,0,0.30 | 0.31 | 0.31,0,1.27 | 1.97 | 2.53,0,1.58 | 2.03 | 3.15,0.938,0.000,0,1,0,0,0,0,-1,0,0,0,,0,,0,,0,0,0,1
1723836869,772,4,4,8,8,7.97,0,0,0.30 | 0.31 | 0.31,0,1.27 | 1.97 | 2.53,0,1.58 | 2.03 | 3.15,0.938,0.000,0,1,0,0,0,0,-1,0,0,0,,0,,0,,0,0,0,1
1723836869,772,4,4,8,8,7.97,0,0,0.30 | 0.31 | 0.31,0,1.27 | 1.97 | 2.53,0,1.58 | 2.03 | 3.15,0.938,0.000,0,1,0,0,0,0,-1,0,0,0,,0,,0,,0,0,0,1
1723836869,772,4,4,8,8,7.97,0,0,0.30 | 0.31 | 0.31,0,1.27 | 1.97 | 2.53,0,1.58 | 2.03 | 3.15,0.938,0.000,0,1,0,0,0,0,-1,0,0,0,,0,,0,,0,0,0,1
1723836869,772,4,4,8,8,6.907,0,0,0.30 | 0.31 | 0.31,0,1.27 | 1.97 | 2.53,0,1.58 | 2.03 | 3.15,0.938,0.000,0,1,0,0,0,0,-1,0,0,0,,0,,0,,0,0,0,1
1723836870,772,4,4,8,8,6.907,0,0,0.30 | 0.31 | 0.31,0,1.27 | 1.97 | 2.53,0,1.58 | 2.03 | 3.15,0.938,0.000,0,1,0,0,0,0,-1,0,0,0,,0,,0,,0,0,0,1
1723836870,772,4,4,8,8,6.907,0,0,0.30 | 0.31 | 0.31,0,1.27 | 1.97 | 2.53,0,1.58 | 2.03 | 3.15,0.938,0.000,0,1,0,0,0,0,-1,0,0,0,,0,,0,,0,0,0,1
1723836870,772,4,4,8,8,6.907,0,0,0.30 | 0.31 | 0.31,0,1.27 | 1.97 | 2.53,0,1.58 | 2.03 | 3.15,0.938,0.000,0,1,0,0,0,0,-1,0,0,0,,0,,0,,0,0,0,1
1723836870,772,4,4,8,8,6.907,0,0,0.30 | 0.31 | 0.31,0,1.27 | 1.97 | 2.53,0,1.58 | 2.03 | 3.15,0.938,0.000,0,1,0,0,0,0,-1,0,0,0,,0,,0,,0,0,0,1
1723836870,772,4,4,8,8,6.907,0,0,0.30 | 0.31 | 0.31,0,1.27 | 1.97 | 2.53,0,1.58 | 2.03 | 3.15,0.938,0.000,0,1,0,0,0,0,-1,0,0,0,,0,,0,,0,0,0,1
1723836870,772,4,4,8,8,6.907,0,0,0.30 | 0.31 | 0.31,0,1.27 | 1.97 | 2.53,0,1.58 | 2.03 | 3.15,0.938,0.000,0,1,0,0,0,0,-1,0,0,0,,0,,0,,0,0,0,1
1723836870,772,4,4,8,8,6.907,0,0,0.30 | 0.31 | 0.31,0,1.27 | 1.97 | 2.53,0,1.58 | 2.03 | 3.15,0.938,0.000,0,1,0,0,0,0,-1,0,0,0,,0,,0,,0,0,0,1
1723836870,772,4,4,8,8,6.907,0,0,0.30 | 0.31 | 0.31,0,1.27 | 1.97 | 2.53,0,1.58 | 2.03 | 3.15,0.938,0.000,0,1,0,0,0,0,-1,0,0,0,,0,,0,,0,0,0,1
1723836870,772,4,4,8,8,6.907,0,0,0.30 | 0.31 | 0.31,0,1.27 | 1.97 | 2.53,0,1.58 | 2.03 | 3.15,0.938,0.000,0,1,0,0,0,0,-1,0,0,0,,0,,0,,0,0,0,1
1723836870,772,4,4,8,8,6.11,0,0,0.30 | 0.31 | 0.31,0,1.27 | 1.97 | 2.53,0,1.58 | 2.03 | 3.15,0.938,0.000,0,1,0,0,0,0,-1,0,0,0,,0,,0,,0,0,0,1
1723836871,772,4,4,8,8,6.11,0,0,0.30 | 0.31 | 0.31,0,1.27 | 1.97 | 2.53,0,1.58 | 2.03 | 3.15,0.938,0.000,0,1,0,0,0,0,-1,0,0,0,,0,,0,,0,0,0,1
1723836871,772,4,4,8,8,6.11,0,0,0.30 | 0.31 | 0.31,0,1.27 | 1.97 | 2.53,0,1.58 | 2.03 | 3.15,0.938,0.000,0,1,0,0,0,0,-1,0,0,0,,0,,0,,0,0,0,1
1723836871,772,4,4,8,8,6.11,0,0,0.30 | 0.31 | 0.31,0,1.27 | 1.97 | 2.53,0,1.58 | 2.03 | 3.15,0.938,0.000,0,1,0,0,0,0,-1,0,0,0,,0,,0,,0,0,0,1
1723836871,772,4,4,8,8,6.11,0,0,0.30 | 0.31 | 0.31,0,1.27 | 1.97 | 2.53,0,1.58 | 2.03 | 3.15,0.938,0.000,0,1,0,0,0,0,-1,0,0,0,,0,,0,,0,0,0,1
1723836871,772,4,4,8,8,6.11,0,0,0.30 | 0.31 | 0.31,0,1.27 | 1.97 | 2.53,0,1.58 | 2.03 | 3.15,0.938,0.000,0,1,0,0,0,0,-1,0,0,0,,0,,0,,0,0,0,1
1723836871,772,4,4,8,8,6.11,0,0,0.30 | 0.31 | 0.31,0,1.27 | 1.97 | 2.53,0,1.58 | 2.03 | 3.15,0.938,0.000,0,1,0,0,0,0,-1,0,0,0,,0,,0,,0,0,0,1
1723836871,772,4,4,8,8,6.11,0,0,0.30 | 0.31 | 0.31,0,1.27 | 1.97 | 2.53,0,1.58 | 2.03 | 3.15,0.938,0.000,0,1,0,0,0,0,-1,0,0,0,,0,,0,,0,0,0,1
1723836871,772,4,4,8,8,6.11,0,0,0.30 | 0.31 | 0.31,0,1.27 | 1.97 | 2.53,0,1.58 | 2.03 | 3.15,0.938,0.000,0,1,0,0,0,0,-1,0,0,0,,0,,0,,0,0,0,1
1723836871,772,4,4,8,8,6.11,0,0,0.30 | 0.31 | 0.31,0,1.27 | 1.97 | 2.53,0,1.58 | 2.03 | 3.15,0.938,0.000,0,1,0,0,0,0,-1,0,0,0,,0,,0,,0,0,0,1
1723836871,772,4,4,8,8,5.048,0,0,0.30 | 0.31 | 0.31,0,1.27 | 1.97 | 2.53,0,1.58 | 2.03 | 3.15,0.938,0.000,0,1,0,0,0,0,-1,0,0,0,,0,,0,,0,0,0,1
1723836872,772,2,4,8,8,5.048,0,0,0.30 | 0.31 | 0.31,0,1.27 | 1.97 | 2.53,0,1.58 | 2.03 | 3.15,0.938,0.000,0,1,0,0,0,0,-1,0,0,0,,0,,0,,0,0,0,1
1723836872,772,2,4,8,8,5.048,0,0,0.30 | 0.31 | 0.31,0,1.27 | 1.97 | 2.53,0,1.58 | 2.03 | 3.15,0.938,0.000,0,1,0,0,0,0,-1,0,0,0,,0,,0,,0,0,0,1
1723836872,387,4,2,8,8,5.048,0,0,0.30 | 0.31 | 0.31,0,1.27 | 1.97 | 2.53,0,1.58 | 2.03 | 3.15,0.938,0.000,0,1,0,0,0,0,-1,0,0,0,,0,,0,,0,0,0,1
1723836872,387,4,2,8,8,5.048,0,0,0.30 | 0.31 | 0.31,0,1.27 | 1.97 | 2.53,0,1.58 | 2.03 | 3.15,0.938,0.000,0,1,0,0,0,0,-1,0,0,0,,0,,0,,0,0,0,1
1723836872,387,4,2,8,8,5.048,0,0,0.30 | 0.31 | 0.31,0,1.27 | 1.97 | 2.53,0,1.58 | 2.03 | 3.15,0.938,0.000,0,1,0,0,0,0,-1,0,0,0,,0,,0,,0,0,0,1
1723836872,387,4,2,8,8,5.048,0,0,0.30 | 0.31 | 0.31,0,1.27 | 1.97 | 2.53,0,1.58 | 2.03 | 3.15,0.938,0.000,0,1,0,0,0,0,-1,0,0,0,,0,,0,,0,0,0,1
1723836872,387,4,2,8,8,5.048,0,0,0.30 | 0.31 | 0.31,0,1.27 | 1.97 | 2.53,0,1.58 | 2.03 | 3.15,0.938,0.000,0,1,0,0,0,0,-1,0,0,0,,0,,0,,0,0,0,1
1723836872,387,4,2,8,8,5.048,0,0,0.30 | 0.31 | 0.31,0,1.27 | 1.97 | 2.53,0,1.58 | 2.03 | 3.15,0.938,0.000,0,1,0,0,0,0,-1,0,0,0,,0,,0,,0,0,0,1
1723836872,387,4,2,8,8,5.048,0,0,0.30 | 0.31 | 0.31,0,1.27 | 1.97 | 2.53,0,1.58 | 2.03 | 3.15,0.938,0.000,0,1,0,0,0,0,-1,0,0,0,,0,,0,,0,0,0,1
1723836872,387,4,2,8,8,3.876,0,0,0.30 | 0.31 | 0.31,0,1.27 | 2.39 | 3.69,0,1.08 | 1.67 | 3.15,0.937,0.000,0,1,0,0,0,0,-1,0,0,0,,0,,0,,0,0,0,1
1723836873,387,4,2,8,8,3.876,0,0,0.30 | 0.31 | 0.31,0,1.27 | 2.39 | 3.69,0,1.08 | 1.67 | 3.15,0.937,0.000,0,1,0,0,0,0,-1,0,0,0,,0,,0,,0,0,0,1
1723836873,387,4,2,8,8,3.876,0,0,0.30 | 0.31 | 0.31,0,1.27 | 2.39 | 3.69,0,1.08 | 1.67 | 3.15,0.937,0.000,0,1,0,0,0,0,-1,0,0,0,,0,,0,,0,0,0,1
1723836873,387,4,2,8,8,3.876,0,0,0.30 | 0.31 | 0.31,0,1.27 | 2.39 | 3.69,0,1.08 | 1.67 | 3.15,0.937,0.000,0,1,0,0,0,0,-1,0,0,0,,0,,0,,0,0,0,1
1723836873,387,4,2,8,8,3.876,0,0,0.30 | 0.31 | 0.31,0,1.27 | 2.39 | 3.69,0,1.08 | 1.67 | 3.15,0.937,0.000,0,1,0,0,0,0,-1,0,0,0,,0,,0,,0,0,0,1
1723836873,387,4,2,8,8,3.876,0,0,0.30 | 0.31 | 0.31,0,1.27 | 2.39 | 3.69,0,1.08 | 1.67 | 3.15,0.937,0.000,0,1,0,0,0,0,-1,0,0,0,,0,,0,,0,0,0,1
1723836873,387,4,2,8,8,3.876,0,0,0.30 | 0.31 | 0.31,0,1.27 | 2.39 | 3.69,0,1.08 | 1.67 | 3.15,0.937,0.000,0,1,0,0,0,0,-1,0,0,0,,0,,0,,0,0,0,1
1723836873,387,4,2,8,8,3.876,0,0,0.30 | 0.31 | 0.31,0,1.27 | 2.39 | 3.69,0,1.08 | 1.67 | 3.15,0.937,0.000,0,1,0,0,0,0,-1,0,0,0,,0,,0,,0,0,0,1
1723836873,387,4,2,8,8,3.876,0,0,0.30 | 0.31 | 0.31,0,1.27 | 2.39 | 3.69,0,1.08 | 1.67 | 3.15,0.937,0.000,0,1,0,0,0,0,-1,0,0,0,,0,,0,,0,0,0,1
1723836873,387,4,2,8,8,3.876,0,0,0.30 | 0.31 | 0.31,0,1.27 | 2.39 | 3.69,0,1.08 | 1.67 | 3.15,0.937,0.000,0,1,0,0,0,0,-1,0,0,0,,0,,0,,0,0,0,1
1723836873,387,4,2,8,8,2.873,0,0,0.30 | 0.31 | 0.31,0,1.27 | 2.39 | 3.69,0,1.08 | 1.67 | 3.15,0.937,0.000,0,1,0,0,0,0,-1,0,0,0,,0,,0,,0,0,0,1
1723836874,387,4,2,8,8,2.873,0,0,0.30 | 0.31 | 0.31,0,1.27 | 2.39 | 3.69,0,1.08 | 1.67 | 3.15,0.937,0.000,0,1,0,0,0,0,-1,0,0,0,,0,,0,,0,0,0,1
1723836874,387,4,2,8,8,2.873,0,0,0.30 | 0.31 | 0.31,0,1.27 | 2.39 | 3.69,0,1.08 | 1.67 | 3.15,0.937,0.000,0,1,0,0,0,0,-1,0,0,0,,0,,0,,0,0,0,1
1723836874,580,4,3,8,8,2.873,0,0,0.30 | 0.31 | 0.31,0,1.27 | 2.39 | 3.69,0,1.08 | 1.67 | 3.15,0.937,0.000,0,1,0,0,0,0,-1,0,0,0,,0,,0,,0,0,0,1
1723836874,580,4,3,8,8,2.873,0,0,0.30 | 0.31 | 0.31,0,1.27 | 2.39 | 3.69,0,1.08 | 1.67 | 3.15,0.937,0.000,0,1,0,0,0,0,-1,0,0,0,,0,,0,,0,0,0,1
1723836874,580,4,3,8,8,2.873,0,0,0.30 | 0.31 | 0.31,0,1.27 | 2.39 | 3.69,0,1.08 | 1.67 | 3.15,0.937,0.000,0,1,0,0,0,0,-1,0,0,0,,0,,0,,0,0,0,1
1723836874,580,4,3,8,8,2.873,0,0,0.30 | 0.31 | 0.31,0,1.27 | 2.39 | 3.69,0,1.08 | 1.67 | 3.15,0.937,0.000,0,1,0,0,0,0,-1,0,0,0,,0,,0,,0,0,0,1
1723836874,580,4,3,8,8,2.873,0,0,0.30 | 0.31 | 0.31,0,1.27 | 2.39 | 3.69,0,1.08 | 1.67 | 3.15,0.937,0.000,0,1,0,0,0,0,-1,0,0,0,,0,,0,,0,0,0,1
1723836874,580,4,3,8,8,2.873,0,0,0.30 | 0.31 | 0.31,0,1.27 | 2.39 | 3.69,0,1.08 | 1.67 | 3.15,0.937,0.000,0,1,0,0,0,0,-1,0,0,0,,0,,0,,0,0,0,1
1723836874,580,4,3,8,8,2.873,0,0,0.30 | 0.31 | 0.31,0,1.27 | 2.39 | 3.69,0,1.08 | 1.67 | 3.15,0.937,0.000,0,1,0,0,0,0,-1,0,0,0,,0,,0,,0,0,0,1
1723836874,580,4,3,8,8,5.279,0,0,0.30 | 0.31 | 0.31,0,1.35 | 2.42 | 3.69,0,1.08 | 1.66 | 2.95,0.936,0.000,0,1,0,0,0,0,-1,0,0,0,,0,,0,,0,0,0,1
1723836875,580,4,3,8,8,5.279,0,0,0.30 | 0.31 | 0.31,0,1.35 | 2.42 | 3.69,0,1.08 | 1.66 | 2.95,0.936,0.000,0,1,0,0,0,0,-1,0,0,0,,0,,0,,0,0,0,1
1723836875,580,4,3,8,8,5.279,0,0,0.30 | 0.31 | 0.31,0,1.35 | 2.42 | 3.69,0,1.08 | 1.66 | 2.95,0.936,0.000,0,1,0,0,0,0,-1,0,0,0,,0,,0,,0,0,0,1
1723836875,580,4,3,8,8,5.279,0,0,0.30 | 0.31 | 0.31,0,1.35 | 2.42 | 3.69,0,1.08 | 1.66 | 2.95,0.936,0.000,0,1,0,0,0,0,-1,0,0,0,,0,,0,,0,0,0,1
1723836875,580,4,3,8,8,5.279,0,0,0.30 | 0.31 | 0.31,0,1.35 | 2.42 | 3.69,0,1.08 | 1.66 | 2.95,0.936,0.000,0,1,0,0,0,0,-1,0,0,0,,0,,0,,0,0,0,1
1723836875,580,4,3,8,8,5.279,0,0,0.30 | 0.31 | 0.31,0,1.35 | 2.42 | 3.69,0,1.08 | 1.66 | 2.95,0.936,0.000,0,1,0,0,0,0,-1,0,0,0,,0,,0,,0,0,0,1
1723836875,580,4,3,8,8,5.279,0,0,0.30 | 0.31 | 0.31,0,1.35 | 2.42 | 3.69,0,1.08 | 1.66 | 2.95,0.936,0.000,0,1,0,0,0,0,-1,0,0,0,,0,,0,,0,0,0,1
1723836875,580,4,3,8,8,5.279,0,0,0.30 | 0.31 | 0.31,0,1.35 | 2.42 | 3.69,0,1.08 | 1.66 | 2.95,0.936,0.000,0,1,0,0,0,0,-1,0,0,0,,0,,0,,0,0,0,1
1723836875,580,4,3,8,8,5.279,0,0,0.30 | 0.31 | 0.31,0,1.35 | 2.42 | 3.69,0,1.08 | 1.66 | 2.95,0.936,0.000,0,1,0,0,0,0,-1,0,0,0,,0,,0,,0,0,0,1
1723836875,580,4,3,8,8,5.279,0,0,0.30 | 0.31 | 0.31,0,1.35 | 2.42 | 3.69,0,1.08 | 1.66 | 2.95,0.936,0.000,0,1,0,0,0,0,-1,0,0,0,,0,,0,,0,0,0,1
1723836875,580,4,3,8,8,4.263,0,0,0.30 | 0.31 | 0.31,0,1.35 | 2.42 | 3.69,0,1.08 | 1.66 | 2.95,0.936,0.000,0,1,0,0,0,0,-1,0,0,0,,0,,0,,0,0,0,1
1723836876,580,2,3,8,8,4.263,0,0,0.30 | 0.31 | 0.31,0,1.35 | 2.42 | 3.69,0,1.08 | 1.66 | 2.95,0.936,0.000,0,1,0,0,0,0,-1,0,0,0,,0,,0,,0,0,0,1
1723836876,580,2,3,8,8,4.263,0,0,0.30 | 0.31 | 0.31,0,1.35 | 2.42 | 3.69,0,1.08 | 1.66 | 2.95,0.936,0.000,0,1,0,0,0,0,-1,0,0,0,,0,,0,,0,0,0,1
1723836876,580,2,3,8,8,4.263,0,0,0.30 | 0.31 | 0.31,0,1.35 | 2.42 | 3.69,0,1.08 | 1.66 | 2.95,0.936,0.000,0,1,0,0,0,0,-1,0,0,0,,0,,0,,0,0,0,1
1723836876,580,2,3,8,8,4.263,0,0,0.30 | 0.31 | 0.31,0,1.35 | 2.42 | 3.69,0,1.08 | 1.66 | 2.95,0.936,0.000,0,1,0,0,0,0,-1,0,0,0,,0,,0,,0,0,0,1
1723836876,580,2,3,8,8,4.263,0,0,0.30 | 0.31 | 0.31,0,1.35 | 2.42 | 3.69,0,1.08 | 1.66 | 2.95,0.936,0.000,0,1,0,0,0,0,-1,0,0,0,,0,,0,,0,0,0,1
1723836876,580,2,3,8,8,4.263,0,0,0.30 | 0.31 | 0.31,0,1.35 | 2.42 | 3.69,0,1.08 | 1.66 | 2.95,0.936,0.000,0,1,0,0,0,0,-1,0,0,0,,0,,0,,0,0,0,1
1723836876,580,2,3,8,8,4.263,0,0,0.30 | 0.31 | 0.31,0,1.35 | 2.42 | 3.69,0,1.08 | 1.66 | 2.95,0.936,0.000,0,1,0,0,0,0,-1,0,0,0,,0,,0,,0,0,0,1
1723836876,580,2,3,8,8,4.263,0,0,0.30 | 0.31 | 0.31,0,1.35 | 2.42 | 3.69,0,1.08 | 1.66 | 2.95,0.936,0.000,0,1,0,0,0,0,-1,0,0,0,,0,,0,,0,0,0,1
1723836876,580,2,3,8,8,4.263,0,0,0.30 | 0.31 | 0.31,0,1.35 | 2.42 | 3.69,0,1.08 | 1.66 | 2.95,0.936,0.000,0,1,0,0,0,0,-1,0,0,0,,0,,0,,0,0,0,1
1723836876,580,2,3,8,8,3.2,0,0,0.30 | 0.31 | 0.31,0,1.35 | 2.42 | 3.69,0,1.08 | 1.66 | 2.95,0.936,0.000,0,1,0,0,0,0,-1,0,0,0,,0,,0,,0,0,0,1
1723836877,580,2,3,8,8,3.2,0,0,0.30 | 0.31 | 0.31,0,1.35 | 2.42 | 3.69,0,1.08 | 1.66 | 2.95,0.936,0.000,0,1,0,0,0,0,-1,0,0,0,,0,,0,,0,0,0,1
1723836877,580,2,3,8,8,3.2,0,0,0.30 | 0.31 | 0.31,0,1.35 | 2.42 | 3.69,0,1.08 | 1.66 | 2.95,0.936,0.000,0,1,0,0,0,0,-1,0,0,0,,0,,0,,0,0,0,1
1723836877,580,2,3,8,8,3.2,0,0,0.30 | 0.31 | 0.31,0,1.35 | 2.42 | 3.69,0,1.08 | 1.66 | 2.95,0.936,0.000,0,1,0,0,0,0,-1,0,0,0,,0,,0,,0,0,0,1
1723836877,580,2,3,8,8,3.2,0,0,0.30 | 0.31 | 0.31,0,1.35 | 2.42 | 3.69,0,1.08 | 1.66 | 2.95,0.936,0.000,0,1,0,0,0,0,-1,0,0,0,,0,,0,,0,0,0,1
1723836877,580,2,3,8,8,3.2,0,0,0.30 | 0.31 | 0.31,0,1.35 | 2.42 | 3.69,0,1.08 | 1.66 | 2.95,0.936,0.000,0,1,0,0,0,0,-1,0,0,0,,0,,0,,0,0,0,1
1723836877,580,2,3,8,8,3.2,0,0,0.30 | 0.31 | 0.31,0,1.35 | 2.42 | 3.69,0,1.08 | 1.66 | 2.95,0.936,0.000,0,1,0,0,0,0,-1,0,0,0,,0,,0,,0,0,0,1
1723836877,580,2,3,8,8,3.2,0,0,0.30 | 0.31 | 0.31,0,1.35 | 2.42 | 3.69,0,1.08 | 1.66 | 2.95,0.936,0.000,0,1,0,0,0,0,-1,0,0,0,,0,,0,,0,0,0,1
1723836877,580,2,3,8,8,3.2,0,0,0.30 | 0.31 | 0.31,0,1.35 | 2.42 | 3.69,0,1.08 | 1.66 | 2.95,0.936,0.000,0,1,0,0,0,0,-1,0,0,0,,0,,0,,0,0,0,1
1723836877,580,2,3,8,8,3.2,0,0,0.30 | 0.31 | 0.31,0,1.35 | 2.42 | 3.69,0,1.08 | 1.66 | 2.95,0.936,0.000,0,1,0,0,0,0,-1,0,0,0,,0,,0,,0,0,0,1
1723836877,580,2,3,8,8,2.138,0,0,0.30 | 0.31 | 0.31,0,1.35 | 2.42 | 3.69,0,1.08 | 1.66 | 2.95,0.936,0.000,0,1,0,0,0,0,-1,0,0,0,,0,,0,,0,0,0,1
1723836878,580,2,3,8,8,2.138,0,0,0.30 | 0.31 | 0.31,0,1.35 | 2.42 | 3.69,0,1.08 | 1.66 | 2.95,0.936,0.000,0,1,0,0,0,0,-1,0,0,0,,0,,0,,0,0,0,1
1723836878,580,2,3,8,8,2.138,0,0,0.30 | 0.31 | 0.31,0,1.35 | 2.42 | 3.69,0,1.08 | 1.66 | 2.95,0.936,0.000,0,1,0,0,0,0,-1,0,0,0,,0,,0,,0,0,0,1
1723836878,580,2,3,8,8,2.138,0,0,0.30 | 0.31 | 0.31,0,1.35 | 2.42 | 3.69,0,1.08 | 1.66 | 2.95,0.936,0.000,0,1,0,0,0,0,-1,0,0,0,,0,,0,,0,0,0,1
1723836878,580,2,3,8,8,2.138,0,0,0.30 | 0.31 | 0.31,0,1.35 | 2.42 | 3.69,0,1.08 | 1.66 | 2.95,0.936,0.000,0,1,0,0,0,0,-1,0,0,0,,0,,0,,0,0,0,1
1723836878,580,2,3,8,8,2.138,0,0,0.30 | 0.31 | 0.31,0,1.35 | 2.42 | 3.69,0,1.08 | 1.66 | 2.95,0.936,0.000,0,1,0,0,0,0,-1,0,0,0,,0,,0,,0,0,0,1
1723836878,580,2,3,8,8,2.138,0,0,0.30 | 0.31 | 0.31,0,1.35 | 2.42 | 3.69,0,1.08 | 1.66 | 2.95,0.936,0.000,0,1,0,0,0,0,-1,0,0,0,,0,,0,,0,0,0,1
1723836878,580,2,3,8,8,2.138,0,0,0.30 | 0.31 | 0.31,0,1.35 | 2.42 | 3.69,0,1.08 | 1.66 | 2.95,0.936,0.000,0,1,0,0,0,0,-1,0,0,0,,0,,0,,0,0,0,1
1723836878,580,2,3,8,8,2.138,0,0,0.30 | 0.31 | 0.31,0,1.35 | 2.42 | 3.69,0,1.08 | 1.66 | 2.95,0.936,0.000,0,1,0,0,0,0,-1,0,0,0,,0,,0,,0,0,0,1
1723836878,580,2,3,8,8,2.138,0,0,0.30 | 0.31 | 0.31,0,1.35 | 2.42 | 3.69,0,1.08 | 1.66 | 2.95,0.936,0.000,0,1,0,0,0,0,-1,0,0,0,,0,,0,,0,0,0,1
1723836878,580,2,3,8,8,5.876,0,0,0.30 | 0.31 | 0.31,0,1.35 | 2.73 | 3.69,0,1.08 | 1.47 | 2.95,0.947,0.000,0,1,0,0,0,0,-1,0,0,0,,0,,0,,0,0,0,1
1723836879,580,2,3,8,8,5.876,0,0,0.30 | 0.31 | 0.31,0,1.35 | 2.73 | 3.69,0,1.08 | 1.47 | 2.95,0.947,0.000,0,1,0,0,0,0,-1,0,0,0,,0,,0,,0,0,0,1
1723836879,580,2,3,8,8,5.876,0,0,0.30 | 0.31 | 0.31,0,1.35 | 2.73 | 3.69,0,1.08 | 1.47 | 2.95,0.947,0.000,0,1,0,0,0,0,-1,0,0,0,,0,,0,,0,0,0,1
1723836879,580,2,3,8,8,5.876,0,0,0.30 | 0.31 | 0.31,0,1.35 | 2.73 | 3.69,0,1.08 | 1.47 | 2.95,0.947,0.000,0,1,0,0,0,0,-1,0,0,0,,0,,0,,0,0,0,1
1723836879,580,2,3,8,8,5.876,0,0,0.30 | 0.31 | 0.31,0,1.35 | 2.73 | 3.69,0,1.08 | 1.47 | 2.95,0.947,0.000,0,1,0,0,0,0,-1,0,0,0,,0,,0,,0,0,0,1
1723836879,580,2,3,8,8,5.876,0,0,0.30 | 0.31 | 0.31,0,1.35 | 2.73 | 3.69,0,1.08 | 1.47 | 2.95,0.947,0.000,0,1,0,0,0,0,-1,0,0,0,,0,,0,,0,0,0,1
1723836879,580,2,3,8,8,5.876,0,0,0.30 | 0.31 | 0.31,0,1.35 | 2.73 | 3.69,0,1.08 | 1.47 | 2.95,0.947,0.000,0,1,0,0,0,0,-1,0,0,0,,0,,0,,0,0,0,1
1723836879,580,2,3,8,8,5.876,0,0,0.30 | 0.31 | 0.31,0,1.35 | 2.73 | 3.69,0,1.08 | 1.47 | 2.95,0.947,0.000,0,1,0,0,0,0,-1,0,0,0,,0,,0,,0,0,0,1
1723836879,580,2,3,8,8,5.876,0,0,0.30 | 0.31 | 0.31,0,1.35 | 2.73 | 3.69,0,1.08 | 1.47 | 2.95,0.947,0.000,0,1,0,0,0,0,-1,0,0,0,,0,,0,,0,0,0,1
1723836879,580,2,3,8,8,5.876,0,0,0.30 | 0.31 | 0.31,0,1.35 | 2.73 | 3.69,0,1.08 | 1.47 | 2.95,0.947,0.000,0,1,0,0,0,0,-1,0,0,0,,0,,0,,0,0,0,1
1723836879,580,2,3,8,8,5.079,0,0,0.30 | 0.31 | 0.31,0,1.35 | 2.73 | 3.69,0,1.08 | 1.47 | 2.95,0.947,0.000,0,1,0,0,0,0,-1,0,0,0,,0,,0,,0,0,0,1
1723836880,580,2,3,8,8,5.079,0,0,0.30 | 0.31 | 0.31,0,1.35 | 2.73 | 3.69,0,1.08 | 1.47 | 2.95,0.947,0.000,0,1,0,0,0,0,-1,0,0,0,,0,,0,,0,0,0,1
1723836880,580,2,3,8,8,5.079,0,0,0.30 | 0.31 | 0.31,0,1.35 | 2.73 | 3.69,0,1.08 | 1.47 | 2.95,0.947,0.000,0,1,0,0,0,0,-1,0,0,0,,0,,0,,0,0,0,1
1723836880,580,3,3,8,8,5.079,0,0,0.30 | 0.31 | 0.31,0,1.35 | 2.73 | 3.69,0,1.08 | 1.47 | 2.95,0.947,0.000,0,1,0,0,0,0,-1,0,0,0,,0,,0,,0,0,0,1
1723836880,580,3,3,8,8,5.079,0,0,0.30 | 0.31 | 0.31,0,1.35 | 2.73 | 3.69,0,1.08 | 1.47 | 2.95,0.947,0.000,0,1,0,0,0,0,-1,0,0,0,,0,,0,,0,0,0,1
1723836880,580,3,3,8,8,5.079,0,0,0.30 | 0.31 | 0.31,0,1.35 | 2.73 | 3.69,0,1.08 | 1.47 | 2.95,0.947,0.000,0,1,0,0,0,0,-1,0,0,0,,0,,0,,0,0,0,1
1723836880,580,3,3,8,8,5.079,0,0,0.30 | 0.31 | 0.31,0,1.35 | 2.73 | 3.69,0,1.08 | 1.47 | 2.95,0.947,0.000,0,1,0,0,0,0,-1,0,0,0,,0,,0,,0,0,0,1
1723836880,580,3,3,8,8,5.079,0,0,0.30 | 0.31 | 0.31,0,1.35 | 2.73 | 3.69,0,1.08 | 1.47 | 2.95,0.947,0.000,0,1,0,0,0,0,-1,0,0,0,,0,,0,,0,0,0,1
1723836880,580,3,3,8,8,5.079,0,0,0.30 | 0.31 | 0.31,0,1.35 | 2.73 | 3.69,0,1.08 | 1.47 | 2.95,0.947,0.000,0,1,0,0,0,0,-1,0,0,0,,0,,0,,0,0,0,1
1723836880,580,3,3,8,8,5.079,0,0,0.30 | 0.31 | 0.31,0,1.35 | 2.73 | 3.69,0,1.08 | 1.47 | 2.95,0.947,0.000,0,1,0,0,0,0,-1,0,0,0,,0,,0,,0,0,0,1
1723836880,580,3,3,8,8,7.17,0,0,0.30 | 0.31 | 0.31,0,1.35 | 2.59 | 3.69,0,1.08 | 1.55 | 2.95,0.948,0.000,0,1,0,0,0,0,-1,0,0,0,,0,,0,,0,0,0,1
1723836881,580,3,3,8,8,7.17,0,0,0.30 | 0.31 | 0.31,0,1.35 | 2.59 | 3.69,0,1.08 | 1.55 | 2.95,0.948,0.000,0,1,0,0,0,0,-1,0,0,0,,0,,0,,0,0,0,1
1723836881,580,3,3,8,8,7.17,0,0,0.30 | 0.31 | 0.31,0,1.35 | 2.59 | 3.69,0,1.08 | 1.55 | 2.95,0.948,0.000,0,1,0,0,0,0,-1,0,0,0,,0,,0,,0,0,0,1
1723836881,580,3,3,8,8,7.17,0,0,0.30 | 0.31 | 0.31,0,1.35 | 2.59 | 3.69,0,1.08 | 1.55 | 2.95,0.948,0.000,0,1,0,0,0,0,-1,0,0,0,,0,,0,,0,0,0,1
1723836881,580,3,3,8,8,7.17,0,0,0.30 | 0.31 | 0.31,0,1.35 | 2.59 | 3.69,0,1.08 | 1.55 | 2.95,0.948,0.000,0,1,0,0,0,0,-1,0,0,0,,0,,0,,0,0,0,1
1723836881,580,3,3,8,8,7.17,0,0,0.30 | 0.31 | 0.31,0,1.35 | 2.59 | 3.69,0,1.08 | 1.55 | 2.95,0.948,0.000,0,1,0,0,0,0,-1,0,0,0,,0,,0,,0,0,0,1
1723836881,580,3,3,8,8,7.17,0,0,0.30 | 0.31 | 0.31,0,1.35 | 2.59 | 3.69,0,1.08 | 1.55 | 2.95,0.948,0.000,0,1,0,0,0,0,-1,0,0,0,,0,,0,,0,0,0,1
1723836881,580,3,3,8,8,7.17,0,0,0.30 | 0.31 | 0.31,0,1.35 | 2.59 | 3.69,0,1.08 | 1.55 | 2.95,0.948,0.000,0,1,0,0,0,0,-1,0,0,0,,0,,0,,0,0,0,1
1723836881,580,3,3,8,8,7.17,0,0,0.30 | 0.31 | 0.31,0,1.35 | 2.59 | 3.69,0,1.08 | 1.55 | 2.95,0.948,0.000,0,1,0,0,0,0,-1,0,0,0,,0,,0,,0,0,0,1
1723836881,580,3,3,8,8,7.17,0,0,0.30 | 0.31 | 0.31,0,1.35 | 2.59 | 3.69,0,1.08 | 1.55 | 2.95,0.948,0.000,0,1,0,0,0,0,-1,0,0,0,,0,,0,,0,0,0,1
1723836881,580,3,3,8,8,6.154,0,0,0.30 | 0.31 | 0.31,0,1.35 | 2.59 | 3.69,0,1.08 | 1.55 | 2.95,0.948,0.000,0,1,0,0,0,0,-1,0,0,0,,0,,0,,0,0,0,1
1723836882,580,3,3,8,8,6.154,0,0,0.30 | 0.31 | 0.31,0,1.35 | 2.59 | 3.69,0,1.08 | 1.55 | 2.95,0.948,0.000,0,1,0,0,0,0,-1,0,0,0,,0,,0,,0,0,0,1
1723836882,580,3,3,8,8,6.154,0,0,0.30 | 0.31 | 0.31,0,1.35 | 2.59 | 3.69,0,1.08 | 1.55 | 2.95,0.948,0.000,0,1,0,0,0,0,-1,0,0,0,,0,,0,,0,0,0,1
1723836882,580,3,3,8,8,6.154,0,0,0.30 | 0.31 | 0.31,0,1.35 | 2.59 | 3.69,0,1.08 | 1.55 | 2.95,0.948,0.000,0,1,0,0,0,0,-1,0,0,0,,0,,0,,0,0,0,1
1723836882,580,3,3,8,8,6.154,0,0,0.30 | 0.31 | 0.31,0,1.35 | 2.59 | 3.69,0,1.08 | 1.55 | 2.95,0.948,0.000,0,1,0,0,0,0,-1,0,0,0,,0,,0,,0,0,0,1
1723836882,580,3,3,8,8,6.154,0,0,0.30 | 0.31 | 0.31,0,1.35 | 2.59 | 3.69,0,1.08 | 1.55 | 2.95,0.948,0.000,0,1,0,0,0,0,-1,0,0,0,,0,,0,,0,0,0,1
1723836882,580,3,3,8,8,6.154,0,0,0.30 | 0.31 | 0.31,0,1.35 | 2.59 | 3.69,0,1.08 | 1.55 | 2.95,0.948,0.000,0,1,0,0,0,0,-1,0,0,0,,0,,0,,0,0,0,1
1723836882,580,3,3,8,8,6.154,0,0,0.30 | 0.31 | 0.31,0,1.35 | 2.59 | 3.69,0,1.08 | 1.55 | 2.95,0.948,0.000,0,1,0,0,0,0,-1,0,0,0,,0,,0,,0,0,0,1
1723836882,580,3,3,8,8,6.154,0,0,0.30 | 0.31 | 0.31,0,1.35 | 2.59 | 3.69,0,1.08 | 1.55 | 2.95,0.948,0.000,0,1,0,0,0,0,-1,0,0,0,,0,,0,,0,0,0,1
1723836882,580,3,3,8,8,6.154,0,0,0.30 | 0.31 | 0.31,0,1.35 | 2.59 | 3.69,0,1.08 | 1.55 | 2.95,0.948,0.000,0,1,0,0,0,0,-1,0,0,0,,0,,0,,0,0,0,1
1723836882,580,3,3,8,8,5.091,0,0,0.30 | 0.31 | 0.31,0,1.35 | 2.59 | 3.69,0,1.08 | 1.55 | 2.95,0.948,0.000,0,1,0,0,0,0,-1,0,0,0,,0,,0,,0,0,0,1
1723836883,580,3,3,8,8,5.091,0,0,0.30 | 0.31 | 0.31,0,1.35 | 2.59 | 3.69,0,1.08 | 1.55 | 2.95,0.948,0.000,0,1,0,0,0,0,-1,0,0,0,,0,,0,,0,0,0,1
1723836883,580,3,3,8,8,5.091,0,0,0.30 | 0.31 | 0.31,0,1.35 | 2.59 | 3.69,0,1.08 | 1.55 | 2.95,0.948,0.000,0,1,0,0,0,0,-1,0,0,0,,0,,0,,0,0,0,1
1723836883,580,3,3,8,8,5.091,0,0,0.30 | 0.31 | 0.31,0,1.35 | 2.59 | 3.69,0,1.08 | 1.55 | 2.95,0.948,0.000,0,1,0,0,0,0,-1,0,0,0,,0,,0,,0,0,0,1
1723836883,580,3,3,8,8,5.091,0,0,0.30 | 0.31 | 0.31,0,1.35 | 2.59 | 3.69,0,1.08 | 1.55 | 2.95,0.948,0.000,0,1,0,0,0,0,-1,0,0,0,,0,,0,,0,0,0,1
1723836883,580,3,3,8,8,5.091,0,0,0.30 | 0.31 | 0.31,0,1.35 | 2.59 | 3.69,0,1.08 | 1.55 | 2.95,0.948,0.000,0,1,0,0,0,0,-1,0,0,0,,0,,0,,0,0,0,1
1723836883,580,3,3,8,8,5.091,0,0,0.30 | 0.31 | 0.31,0,1.35 | 2.59 | 3.69,0,1.08 | 1.55 | 2.95,0.948,0.000,0,1,0,0,0,0,-1,0,0,0,,0,,0,,0,0,0,1
1723836883,580,3,3,8,8,5.091,0,0,0.30 | 0.31 | 0.31,0,1.35 | 2.59 | 3.69,0,1.08 | 1.55 | 2.95,0.948,0.000,0,1,0,0,0,0,-1,0,0,0,,0,,0,,0,0,0,1
1723836883,580,3,3,8,8,5.091,0,0,0.30 | 0.31 | 0.31,0,1.35 | 2.59 | 3.69,0,1.08 | 1.55 | 2.95,0.948,0.000,0,1,0,0,0,0,-1,0,0,0,,0,,0,,0,0,0,1
1723836883,580,3,3,8,8,5.091,0,0,0.30 | 0.31 | 0.31,0,1.35 | 2.59 | 3.69,0,1.08 | 1.55 | 2.95,0.948,0.000,0,1,0,0,0,0,-1,0,0,0,,0,,0,,0,0,0,1
1723836883,580,3,3,8,8,8.873,0,0,0.31 | 0.31 | 0.31,0,1.35 | 2.37 | 3.34,0,1.20 | 1.68 | 2.95,0.948,0.000,0,1,0,0,0,0,-1,0,0,0,,0,,0,,0,0,0,1
1723836884,580,3,3,8,8,8.873,0,0,0.31 | 0.31 | 0.31,0,1.35 | 2.37 | 3.34,0,1.20 | 1.68 | 2.95,0.948,0.000,0,1,0,0,0,0,-1,0,0,0,,0,,0,,0,0,0,1
1723836884,580,3,3,8,8,8.873,0,0,0.31 | 0.31 | 0.31,0,1.35 | 2.37 | 3.34,0,1.20 | 1.68 | 2.95,0.948,0.000,0,1,0,0,0,0,-1,0,0,0,,0,,0,,0,0,0,1
1723836884,580,3,3,8,8,8.873,0,0,0.31 | 0.31 | 0.31,0,1.35 | 2.37 | 3.34,0,1.20 | 1.68 | 2.95,0.948,0.000,0,1,0,0,0,0,-1,0,0,0,,0,,0,,0,0,0,1
1723836884,580,3,3,8,8,8.873,0,0,0.31 | 0.31 | 0.31,0,1.35 | 2.37 | 3.34,0,1.20 | 1.68 | 2.95,0.948,0.000,0,1,0,0,0,0,-1,0,0,0,,0,,0,,0,0,0,1
1723836884,580,3,3,8,8,8.873,0,0,0.31 | 0.31 | 0.31,0,1.35 | 2.37 | 3.34,0,1.20 | 1.68 | 2.95,0.948,0.000,0,1,0,0,0,0,-1,0,0,0,,0,,0,,0,0,0,1
1723836884,580,3,3,8,8,8.873,0,0,0.31 | 0.31 | 0.31,0,1.35 | 2.37 | 3.34,0,1.20 | 1.68 | 2.95,0.948,0.000,0,1,0,0,0,0,-1,0,0,0,,0,,0,,0,0,0,1
1723836884,580,3,3,8,8,8.873,0,0,0.31 | 0.31 | 0.31,0,1.35 | 2.37 | 3.34,0,1.20 | 1.68 | 2.95,0.948,0.000,0,1,0,0,0,0,-1,0,0,0,,0,,0,,0,0,0,1
1723836884,580,3,3,8,8,8.873,0,0,0.31 | 0.31 | 0.31,0,1.35 | 2.37 | 3.34,0,1.20 | 1.68 | 2.95,0.948,0.000,0,1,0,0,0,0,-1,0,0,0,,0,,0,,0,0,0,1
1723836884,580,3,3,8,8,8.873,0,0,0.31 | 0.31 | 0.31,0,1.35 | 2.37 | 3.34,0,1.20 | 1.68 | 2.95,0.948,0.000,0,1,0,0,0,0,-1,0,0,0,,0,,0,,0,0,0,1
1723836884,580,3,3,8,8,8.032,0,0,0.31 | 0.31 | 0.31,0,1.35 | 2.37 | 3.34,0,1.20 | 1.68 | 2.95,0.948,0.000,0,1,0,0,0,0,-1,0,0,0,,0,,0,,0,0,0,1
1723836885,580,3,3,8,8,8.032,0,0,0.31 | 0.31 | 0.31,0,1.35 | 2.37 | 3.34,0,1.20 | 1.68 | 2.95,0.948,0.000,0,1,0,0,0,0,-1,0,0,0,,0,,0,,0,0,0,1
1723836885,580,3,3,8,8,8.032,0,0,0.31 | 0.31 | 0.31,0,1.35 | 2.37 | 3.34,0,1.20 | 1.68 | 2.95,0.948,0.000,0,1,0,0,0,0,-1,0,0,0,,0,,0,,0,0,0,1
1723836885,580,3,3,8,8,8.032,0,0,0.31 | 0.31 | 0.31,0,1.35 | 2.37 | 3.34,0,1.20 | 1.68 | 2.95,0.948,0.000,0,1,0,0,0,0,-1,0,0,0,,0,,0,,0,0,0,1
1723836885,580,3,3,8,8,8.032,0,0,0.31 | 0.31 | 0.31,0,1.35 | 2.37 | 3.34,0,1.20 | 1.68 | 2.95,0.948,0.000,0,1,0,0,0,0,-1,0,0,0,,0,,0,,0,0,0,1
1723836885,580,3,3,8,8,8.032,0,0,0.31 | 0.31 | 0.31,0,1.35 | 2.37 | 3.34,0,1.20 | 1.68 | 2.95,0.948,0.000,0,1,0,0,0,0,-1,0,0,0,,0,,0,,0,0,0,1
1723836885,580,3,3,8,8,8.032,0,0,0.31 | 0.31 | 0.31,0,1.35 | 2.37 | 3.34,0,1.20 | 1.68 | 2.95,0.948,0.000,0,1,0,0,0,0,-1,0,0,0,,0,,0,,0,0,0,1
1723836885,580,3,3,8,8,8.032,0,0,0.31 | 0.31 | 0.31,0,1.35 | 2.37 | 3.34,0,1.20 | 1.68 | 2.95,0.948,0.000,0,1,0,0,0,0,-1,0,0,0,,0,,0,,0,0,0,1
1723836885,580,3,3,8,8,8.032,0,0,0.31 | 0.31 | 0.31,0,1.35 | 2.37 | 3.34,0,1.20 | 1.68 | 2.95,0.948,0.000,0,1,0,0,0,0,-1,0,0,0,,0,,0,,0,0,0,1
1723836885,580,3,3,8,8,8.032,0,0,0.31 | 0.31 | 0.31,0,1.35 | 2.37 | 3.34,0,1.20 | 1.68 | 2.95,0.948,0.000,0,1,0,0,0,0,-1,0,0,0,,0,,0,,0,0,0,1
1723836885,580,3,3,8,8,10.138,0,0,0.30 | 0.31 | 0.31,0,1.70 | 2.46 | 3.34,0,1.20 | 1.63 | 2.35,0.947,0.000,0,1,0,0,0,0,-1,0,0,0,,0,,0,,0,0,0,1
1723836886,580,3,3,8,8,10.138,0,0,0.30 | 0.31 | 0.31,0,1.70 | 2.46 | 3.34,0,1.20 | 1.63 | 2.35,0.947,0.000,0,1,0,0,0,0,-1,0,0,0,,0,,0,,0,0,0,1
1723836886,580,3,3,8,8,10.138,0,0,0.30 | 0.31 | 0.31,0,1.70 | 2.46 | 3.34,0,1.20 | 1.63 | 2.35,0.947,0.000,0,1,0,0,0,0,-1,0,0,0,,0,,0,,0,0,0,1
1723836886,580,3,3,8,8,10.138,0,0,0.30 | 0.31 | 0.31,0,1.70 | 2.46 | 3.34,0,1.20 | 1.63 | 2.35,0.947,0.000,0,1,0,0,0,0,-1,0,0,0,,0,,0,,0,0,0,1
1723836886,580,3,3,8,8,10.138,0,0,0.30 | 0.31 | 0.31,0,1.70 | 2.46 | 3.34,0,1.20 | 1.63 | 2.35,0.947,0.000,0,1,0,0,0,0,-1,0,0,0,,0,,0,,0,0,0,1
1723836886,580,3,3,8,8,10.138,0,0,0.30 | 0.31 | 0.31,0,1.70 | 2.46 | 3.34,0,1.20 | 1.63 | 2.35,0.947,0.000,0,1,0,0,0,0,-1,0,0,0,,0,,0,,0,0,0,1
1723836886,580,3,3,8,8,10.138,0,0,0.30 | 0.31 | 0.31,0,1.70 | 2.46 | 3.34,0,1.20 | 1.63 | 2.35,0.947,0.000,0,1,0,0,0,0,-1,0,0,0,,0,,0,,0,0,0,1
1723836886,580,3,3,8,8,10.138,0,0,0.30 | 0.31 | 0.31,0,1.70 | 2.46 | 3.34,0,1.20 | 1.63 | 2.35,0.947,0.000,0,1,0,0,0,0,-1,0,0,0,,0,,0,,0,0,0,1
1723836886,580,3,3,8,8,10.138,0,0,0.30 | 0.31 | 0.31,0,1.70 | 2.46 | 3.34,0,1.20 | 1.63 | 2.35,0.947,0.000,0,1,0,0,0,0,-1,0,0,0,,0,,0,,0,0,0,1
1723836886,580,3,3,8,8,10.138,0,0,0.30 | 0.31 | 0.31,0,1.70 | 2.46 | 3.34,0,1.20 | 1.63 | 2.35,0.947,0.000,0,1,0,0,0,0,-1,0,0,0,,0,,0,,0,0,0,1
1723836886,580,3,3,8,8,9.107,0,0,0.30 | 0.31 | 0.31,0,1.70 | 2.46 | 3.34,0,1.20 | 1.63 | 2.35,0.947,0.000,0,1,0,0,0,0,-1,0,0,0,,0,,0,,0,0,0,1
1723836887,580,3,3,8,8,9.107,0,0,0.30 | 0.31 | 0.31,0,1.70 | 2.46 | 3.34,0,1.20 | 1.63 | 2.35,0.947,0.000,0,1,0,0,0,0,-1,0,0,0,,0,,0,,0,0,0,1
1723836887,580,3,3,8,8,9.107,0,0,0.30 | 0.31 | 0.31,0,1.70 | 2.46 | 3.34,0,1.20 | 1.63 | 2.35,0.947,0.000,0,1,0,0,0,0,-1,0,0,0,,0,,0,,0,0,0,1
1723836887,580,3,3,8,8,9.107,0,0,0.30 | 0.31 | 0.31,0,1.70 | 2.46 | 3.34,0,1.20 | 1.63 | 2.35,0.947,0.000,0,1,0,0,0,0,-1,0,0,0,,0,,0,,0,0,0,1
1723836887,580,3,3,8,8,9.107,0,0,0.30 | 0.31 | 0.31,0,1.70 | 2.46 | 3.34,0,1.20 | 1.63 | 2.35,0.947,0.000,0,1,0,0,0,0,-1,0,0,0,,0,,0,,0,0,0,1
1723836887,580,3,3,8,8,9.107,0,0,0.30 | 0.31 | 0.31,0,1.70 | 2.46 | 3.34,0,1.20 | 1.63 | 2.35,0.947,0.000,0,1,0,0,0,0,-1,0,0,0,,0,,0,,0,0,0,1
1723836887,580,3,3,8,8,9.107,0,0,0.30 | 0.31 | 0.31,0,1.70 | 2.46 | 3.34,0,1.20 | 1.63 | 2.35,0.947,0.000,0,1,0,0,0,0,-1,0,0,0,,0,,0,,0,0,0,1
1723836887,580,3,3,8,8,9.107,0,0,0.30 | 0.31 | 0.31,0,1.70 | 2.46 | 3.34,0,1.20 | 1.63 | 2.35,0.947,0.000,0,1,0,0,0,0,-1,0,0,0,,0,,0,,0,0,0,1
1723836887,580,3,3,8,8,9.107,0,0,0.30 | 0.31 | 0.31,0,1.70 | 2.46 | 3.34,0,1.20 | 1.63 | 2.35,0.947,0.000,0,1,0,0,0,0,-1,0,0,0,,0,,0,,0,0,0,1
1723836887,580,3,3,8,8,9.107,0,0,0.30 | 0.31 | 0.31,0,1.70 | 2.46 | 3.34,0,1.20 | 1.63 | 2.35,0.947,0.000,0,1,0,0,0,0,-1,0,0,0,,0,,0,,0,0,0,1
1723836887,580,3,3,8,8,8.31,0,0,0.30 | 0.31 | 0.31,0,1.70 | 2.46 | 3.34,0,1.20 | 1.63 | 2.35,0.947,0.000,0,1,0,0,0,0,-1,0,0,0,,0,,0,,0,0,0,1
1723836888,580,3,3,8,8,8.31,0,0,0.30 | 0.31 | 0.31,0,1.70 | 2.46 | 3.34,0,1.20 | 1.63 | 2.35,0.947,0.000,0,1,0,0,0,0,-1,0,0,0,,0,,0,,0,0,0,1
1723836888,580,3,3,8,8,8.31,0,0,0.30 | 0.31 | 0.31,0,1.70 | 2.46 | 3.34,0,1.20 | 1.63 | 2.35,0.947,0.000,0,1,0,0,0,0,-1,0,0,0,,0,,0,,0,0,0,1
1723836888,580,3,3,8,8,8.31,0,0,0.30 | 0.31 | 0.31,0,1.70 | 2.46 | 3.34,0,1.20 | 1.63 | 2.35,0.947,0.000,0,1,0,0,0,0,-1,0,0,0,,0,,0,,0,0,0,1
1723836888,580,3,3,8,8,8.31,0,0,0.30 | 0.31 | 0.31,0,1.70 | 2.46 | 3.34,0,1.20 | 1.63 | 2.35,0.947,0.000,0,1,0,0,0,0,-1,0,0,0,,0,,0,,0,0,0,1
1723836888,580,3,3,8,8,8.31,0,0,0.30 | 0.31 | 0.31,0,1.70 | 2.46 | 3.34,0,1.20 | 1.63 | 2.35,0.947,0.000,0,1,0,0,0,0,-1,0,0,0,,0,,0,,0,0,0,1
1723836888,580,3,3,8,8,8.31,0,0,0.30 | 0.31 | 0.31,0,1.70 | 2.46 | 3.34,0,1.20 | 1.63 | 2.35,0.947,0.000,0,1,0,0,0,0,-1,0,0,0,,0,,0,,0,0,0,1
1723836888,580,3,3,8,8,8.31,0,0,0.30 | 0.31 | 0.31,0,1.70 | 2.46 | 3.34,0,1.20 | 1.63 | 2.35,0.947,0.000,0,1,0,0,0,0,-1,0,0,0,,0,,0,,0,0,0,1
1723836888,580,3,3,8,8,8.31,0,0,0.30 | 0.31 | 0.31,0,1.70 | 2.46 | 3.34,0,1.20 | 1.63 | 2.35,0.947,0.000,0,1,0,0,0,0,-1,0,0,0,,0,,0,,0,0,0,1
1723836888,580,3,3,8,8,8.31,0,0,0.30 | 0.31 | 0.31,0,1.70 | 2.46 | 3.34,0,1.20 | 1.63 | 2.35,0.947,0.000,0,1,0,0,0,0,-1,0,0,0,,0,,0,,0,0,0,1
1723836888,580,3,3,8,8,7.248,0,0,0.30 | 0.31 | 0.31,0,1.70 | 2.46 | 3.34,0,1.20 | 1.63 | 2.35,0.947,0.000,0,1,0,0,0,0,-1,0,0,0,,0,,0,,0,0,0,1
1723836889,580,3,3,8,8,7.248,0,0,0.30 | 0.31 | 0.31,0,1.70 | 2.46 | 3.34,0,1.20 | 1.63 | 2.35,0.947,0.000,0,1,0,0,0,0,-1,0,0,0,,0,,0,,0,0,0,1
1723836889,580,3,3,8,8,7.248,0,0,0.30 | 0.31 | 0.31,0,1.70 | 2.46 | 3.34,0,1.20 | 1.63 | 2.35,0.947,0.000,0,1,0,0,0,0,-1,0,0,0,,0,,0,,0,0,0,1
1723836889,580,3,3,8,8,7.248,0,0,0.30 | 0.31 | 0.31,0,1.70 | 2.46 | 3.34,0,1.20 | 1.63 | 2.35,0.947,0.000,0,1,0,0,0,0,-1,0,0,0,,0,,0,,0,0,0,1
1723836889,580,3,3,8,8,7.248,0,0,0.30 | 0.31 | 0.31,0,1.70 | 2.46 | 3.34,0,1.20 | 1.63 | 2.35,0.947,0.000,0,1,0,0,0,0,-1,0,0,0,,0,,0,,0,0,0,1
1723836889,580,3,3,8,8,7.248,0,0,0.30 | 0.31 | 0.31,0,1.70 | 2.46 | 3.34,0,1.20 | 1.63 | 2.35,0.947,0.000,0,1,0,0,0,0,-1,0,0,0,,0,,0,,0,0,0,1
1723836889,580,3,3,8,8,7.248,0,0,0.30 | 0.31 | 0.31,0,1.70 | 2.46 | 3.34,0,1.20 | 1.63 | 2.35,0.947,0.000,0,1,0,0,0,0,-1,0,0,0,,0,,0,,0,0,0,1
1723836889,580,3,3,8,8,7.248,0,0,0.30 | 0.31 | 0.31,0,1.70 | 2.46 | 3.34,0,1.20 | 1.63 | 2.35,0.947,0.000,0,1,0,0,0,0,-1,0,0,0,,0,,0,,0,0,0,1
1723836889,580,3,3,8,8,7.248,0,0,0.30 | 0.31 | 0.31,0,1.70 | 2.46 | 3.34,0,1.20 | 1.63 | 2.35,0.947,0.000,0,1,0,0,0,0,-1,0,0,0,,0,,0,,0,0,0,1
1723836889,580,3,3,8,8,7.248,0,0,0.30 | 0.31 | 0.31,0,1.70 | 2.46 | 3.34,0,1.20 | 1.63 | 2.35,0.947,0.000,0,1,0,0,0,0,-1,0,0,0,,0,,0,,0,0,0,1
1723836889,580,3,3,8,8,10.985,0,0,0.30 | 0.31 | 0.31,0,1.70 | 2.42 | 3.18,0,1.26 | 1.65 | 2.35,0.954,0.000,0,1,0,0,0,0,-1,0,0,0,,0,,0,,0,0,0,1
1723836890,580,3,3,8,8,10.985,0,0,0.30 | 0.31 | 0.31,0,1.70 | 2.42 | 3.18,0,1.26 | 1.65 | 2.35,0.954,0.000,0,1,0,0,0,0,-1,0,0,0,,0,,0,,0,0,0,1
1723836890,580,3,3,8,8,10.985,0,0,0.30 | 0.31 | 0.31,0,1.70 | 2.42 | 3.18,0,1.26 | 1.65 | 2.35,0.954,0.000,0,1,0,0,0,0,-1,0,0,0,,0,,0,,0,0,0,1
1723836890,580,3,3,8,8,10.985,0,0,0.30 | 0.31 | 0.31,0,1.70 | 2.42 | 3.18,0,1.26 | 1.65 | 2.35,0.954,0.000,0,1,0,0,0,0,-1,0,0,0,,0,,0,,0,0,0,1
1723836890,580,3,3,8,8,10.985,0,0,0.30 | 0.31 | 0.31,0,1.70 | 2.42 | 3.18,0,1.26 | 1.65 | 2.35,0.954,0.000,0,1,0,0,0,0,-1,0,0,0,,0,,0,,0,0,0,1
1723836890,580,3,3,8,8,10.985,0,0,0.30 | 0.31 | 0.31,0,1.70 | 2.42 | 3.18,0,1.26 | 1.65 | 2.35,0.954,0.000,0,1,0,0,0,0,-1,0,0,0,,0,,0,,0,0,0,1
1723836890,580,3,3,8,8,10.985,0,0,0.30 | 0.31 | 0.31,0,1.70 | 2.42 | 3.18,0,1.26 | 1.65 | 2.35,0.954,0.000,0,1,0,0,0,0,-1,0,0,0,,0,,0,,0,0,0,1
1723836890,580,3,3,8,8,10.985,0,0,0.30 | 0.31 | 0.31,0,1.70 | 2.42 | 3.18,0,1.26 | 1.65 | 2.35,0.954,0.000,0,1,0,0,0,0,-1,0,0,0,,0,,0,,0,0,0,1
1723836890,580,3,3,8,8,10.985,0,0,0.30 | 0.31 | 0.31,0,1.70 | 2.42 | 3.18,0,1.26 | 1.65 | 2.35,0.954,0.000,0,1,0,0,0,0,-1,0,0,0,,0,,0,,0,0,0,1
1723836890,580,3,3,8,8,10.985,0,0,0.30 | 0.31 | 0.31,0,1.70 | 2.42 | 3.18,0,1.26 | 1.65 | 2.35,0.954,0.000,0,1,0,0,0,0,-1,0,0,0,,0,,0,,0,0,0,1
1723836890,580,3,3,8,8,9.923,0,0,0.30 | 0.31 | 0.31,0,1.70 | 2.42 | 3.18,0,1.26 | 1.65 | 2.35,0.954,0.000,0,1,0,0,0,0,-1,0,0,0,,0,,0,,0,0,0,1
1723836891,580,3,3,8,8,9.923,0,0,0.30 | 0.31 | 0.31,0,1.70 | 2.42 | 3.18,0,1.26 | 1.65 | 2.35,0.954,0.000,0,1,0,0,0,0,-1,0,0,0,,0,,0,,0,0,0,1
1723836891,580,3,3,8,8,9.923,0,0,0.30 | 0.31 | 0.31,0,1.70 | 2.42 | 3.18,0,1.26 | 1.65 | 2.35,0.954,0.000,0,1,0,0,0,0,-1,0,0,0,,0,,0,,0,0,0,1
1723836891,580,3,3,8,8,9.923,0,0,0.30 | 0.31 | 0.31,0,1.70 | 2.42 | 3.18,0,1.26 | 1.65 | 2.35,0.954,0.000,0,1,0,0,0,0,-1,0,0,0,,0,,0,,0,0,0,1
1723836891,580,3,3,8,8,9.923,0,0,0.30 | 0.31 | 0.31,0,1.70 | 2.42 | 3.18,0,1.26 | 1.65 | 2.35,0.954,0.000,0,1,0,0,0,0,-1,0,0,0,,0,,0,,0,0,0,1
1723836891,580,3,3,8,8,9.923,0,0,0.30 | 0.31 | 0.31,0,1.70 | 2.42 | 3.18,0,1.26 | 1.65 | 2.35,0.954,0.000,0,1,0,0,0,0,-1,0,0,0,,0,,0,,0,0,0,1
1723836891,580,3,3,8,8,9.923,0,0,0.30 | 0.31 | 0.31,0,1.70 | 2.42 | 3.18,0,1.26 | 1.65 | 2.35,0.954,0.000,0,1,0,0,0,0,-1,0,0,0,,0,,0,,0,0,0,1
1723836891,580,3,3,8,8,9.923,0,0,0.30 | 0.31 | 0.31,0,1.70 | 2.42 | 3.18,0,1.26 | 1.65 | 2.35,0.954,0.000,0,1,0,0,0,0,-1,0,0,0,,0,,0,,0,0,0,1
1723836891,580,3,3,8,8,9.923,0,0,0.30 | 0.31 | 0.31,0,1.70 | 2.42 | 3.18,0,1.26 | 1.65 | 2.35,0.954,0.000,0,1,0,0,0,0,-1,0,0,0,,0,,0,,0,0,0,1
1723836891,580,3,3,8,8,9.923,0,0,0.30 | 0.31 | 0.31,0,1.70 | 2.42 | 3.18,0,1.26 | 1.65 | 2.35,0.954,0.000,0,1,0,0,0,0,-1,0,0,0,,0,,0,,0,0,0,1
1723836891,580,3,3,8,8,12.318,0,0,0.30 | 0.31 | 0.31,0,1.70 | 2.49 | 3.18,0,1.26 | 1.61 | 2.35,0.954,0.000,0,1,0,0,0,0,-1,0,0,0,,0,,0,,0,0,0,1
1723836892,580,3,3,8,8,12.318,0,0,0.30 | 0.31 | 0.31,0,1.70 | 2.49 | 3.18,0,1.26 | 1.61 | 2.35,0.954,0.000,0,1,0,0,0,0,-1,0,0,0,,0,,0,,0,0,0,1
1723836892,580,3,3,8,8,12.318,0,0,0.30 | 0.31 | 0.31,0,1.70 | 2.49 | 3.18,0,1.26 | 1.61 | 2.35,0.954,0.000,0,1,0,0,0,0,-1,0,0,0,,0,,0,,0,0,0,1
1723836892,580,3,3,8,8,12.318,0,0,0.30 | 0.31 | 0.31,0,1.70 | 2.49 | 3.18,0,1.26 | 1.61 | 2.35,0.954,0.000,0,1,0,0,0,0,-1,0,0,0,,0,,0,,0,0,0,1
1723836892,580,3,3,8,8,12.318,0,0,0.30 | 0.31 | 0.31,0,1.70 | 2.49 | 3.18,0,1.26 | 1.61 | 2.35,0.954,0.000,0,1,0,0,0,0,-1,0,0,0,,0,,0,,0,0,0,1
1723836892,580,3,3,8,8,12.318,0,0,0.30 | 0.31 | 0.31,0,1.70 | 2.49 | 3.18,0,1.26 | 1.61 | 2.35,0.954,0.000,0,1,0,0,0,0,-1,0,0,0,,0,,0,,0,0,0,1
1723836892,580,3,3,8,8,12.318,0,0,0.30 | 0.31 | 0.31,0,1.70 | 2.49 | 3.18,0,1.26 | 1.61 | 2.35,0.954,0.000,0,1,0,0,0,0,-1,0,0,0,,0,,0,,0,0,0,1
1723836892,772,3,4,8,8,12.318,0,0,0.30 | 0.31 | 0.31,0,1.70 | 2.49 | 3.18,0,1.26 | 1.61 | 2.35,0.954,0.000,0,1,0,0,0,0,-1,0,0,0,,0,,0,,0,0,0,1
1723836892,772,3,4,8,8,12.318,0,0,0.30 | 0.31 | 0.31,0,1.70 | 2.49 | 3.18,0,1.26 | 1.61 | 2.35,0.954,0.000,0,1,0,0,0,0,-1,0,0,0,,0,,0,,0,0,0,1
1723836892,772,3,4,8,8,12.318,0,0,0.30 | 0.31 | 0.31,0,1.70 | 2.49 | 3.18,0,1.26 | 1.61 | 2.35,0.954,0.000,0,1,0,0,0,0,-1,0,0,0,,0,,0,,0,0,0,1
1723836892,772,3,4,8,8,11.263,0,0,0.30 | 0.31 | 0.31,0,1.70 | 2.49 | 3.18,0,1.26 | 1.61 | 2.35,0.954,0.000,0,1,0,0,0,0,-1,0,0,0,,0,,0,,0,0,0,1
1723836893,772,3,4,8,8,11.263,0,0,0.30 | 0.31 | 0.31,0,1.70 | 2.49 | 3.18,0,1.26 | 1.61 | 2.35,0.954,0.000,0,1,0,0,0,0,-1,0,0,0,,0,,0,,0,0,0,1
1723836893,772,3,4,8,8,11.263,0,0,0.30 | 0.31 | 0.31,0,1.70 | 2.49 | 3.18,0,1.26 | 1.61 | 2.35,0.954,0.000,0,1,0,0,0,0,-1,0,0,0,,0,,0,,0,0,0,1
1723836893,772,3,4,8,8,11.263,0,0,0.30 | 0.31 | 0.31,0,1.70 | 2.49 | 3.18,0,1.26 | 1.61 | 2.35,0.954,0.000,0,1,0,0,0,0,-1,0,0,0,,0,,0,,0,0,0,1
1723836893,772,3,4,8,8,11.263,0,0,0.30 | 0.31 | 0.31,0,1.70 | 2.49 | 3.18,0,1.26 | 1.61 | 2.35,0.954,0.000,0,1,0,0,0,0,-1,0,0,0,,0,,0,,0,0,0,1
1723836893,772,3,4,8,8,11.263,0,0,0.30 | 0.31 | 0.31,0,1.70 | 2.49 | 3.18,0,1.26 | 1.61 | 2.35,0.954,0.000,0,1,0,0,0,0,-1,0,0,0,,0,,0,,0,0,0,1
1723836893,772,3,4,8,8,11.263,0,0,0.30 | 0.31 | 0.31,0,1.70 | 2.49 | 3.18,0,1.26 | 1.61 | 2.35,0.954,0.000,0,1,0,0,0,0,-1,0,0,0,,0,,0,,0,0,0,1
1723836893,772,3,4,8,8,11.263,0,0,0.30 | 0.31 | 0.31,0,1.70 | 2.49 | 3.18,0,1.26 | 1.61 | 2.35,0.954,0.000,0,1,0,0,0,0,-1,0,0,0,,0,,0,,0,0,0,1
1723836893,772,3,4,8,8,11.263,0,0,0.30 | 0.31 | 0.31,0,1.70 | 2.49 | 3.18,0,1.26 | 1.61 | 2.35,0.954,0.000,0,1,0,0,0,0,-1,0,0,0,,0,,0,,0,0,0,1
1723836893,772,3,4,8,8,11.263,0,0,0.30 | 0.31 | 0.31,0,1.70 | 2.49 | 3.18,0,1.26 | 1.61 | 2.35,0.954,0.000,0,1,0,0,0,0,-1,0,0,0,,0,,0,,0,0,0,1
1723836893,772,3,4,8,8,10.073,0,0,0.30 | 0.31 | 0.31,0,1.70 | 2.49 | 3.18,0,1.26 | 1.61 | 2.35,0.954,0.000,0,1,0,0,0,0,-1,0,0,0,,0,,0,,0,0,0,1
1723836894,772,3,4,8,8,10.073,0,0,0.30 | 0.31 | 0.31,0,1.70 | 2.49 | 3.18,0,1.26 | 1.61 | 2.35,0.954,0.000,0,1,0,0,0,0,-1,0,0,0,,0,,0,,0,0,0,1
1723836894,772,3,4,8,8,10.073,0,0,0.30 | 0.31 | 0.31,0,1.70 | 2.49 | 3.18,0,1.26 | 1.61 | 2.35,0.954,0.000,0,1,0,0,0,0,-1,0,0,0,,0,,0,,0,0,0,1
1723836894,772,3,4,8,8,10.073,0,0,0.30 | 0.31 | 0.31,0,1.70 | 2.49 | 3.18,0,1.26 | 1.61 | 2.35,0.954,0.000,0,1,0,0,0,0,-1,0,0,0,,0,,0,,0,0,0,1
1723836894,772,3,4,8,8,10.073,0,0,0.30 | 0.31 | 0.31,0,1.70 | 2.49 | 3.18,0,1.26 | 1.61 | 2.35,0.954,0.000,0,1,0,0,0,0,-1,0,0,0,,0,,0,,0,0,0,1
1723836894,772,3,4,8,8,10.073,0,0,0.30 | 0.31 | 0.31,0,1.70 | 2.49 | 3.18,0,1.26 | 1.61 | 2.35,0.954,0.000,0,1,0,0,0,0,-1,0,0,0,,0,,0,,0,0,0,1
1723836894,772,3,4,8,8,10.073,0,0,0.30 | 0.31 | 0.31,0,1.70 | 2.49 | 3.18,0,1.26 | 1.61 | 2.35,0.954,0.000,0,1,0,0,0,0,-1,0,0,0,,0,,0,,0,0,0,1
1723836894,772,3,4,8,8,10.073,0,0,0.30 | 0.31 | 0.31,0,1.70 | 2.49 | 3.18,0,1.26 | 1.61 | 2.35,0.954,0.000,0,1,0,0,0,0,-1,0,0,0,,0,,0,,0,0,0,1
1723836894,772,3,4,8,8,10.073,0,0,0.30 | 0.31 | 0.31,0,1.70 | 2.49 | 3.18,0,1.26 | 1.61 | 2.35,0.954,0.000,0,1,0,0,0,0,-1,0,0,0,,0,,0,,0,0,0,1
1723836894,772,3,4,8,8,10.073,0,0,0.30 | 0.31 | 0.31,0,1.70 | 2.49 | 3.18,0,1.26 | 1.61 | 2.35,0.954,0.000,0,1,0,0,0,0,-1,0,0,0,,0,,0,,0,0,0,1
1723836894,772,3,4,8,8,9.138,0,0,0.30 | 0.31 | 0.31,0,1.70 | 2.49 | 3.18,0,1.26 | 1.61 | 2.35,0.954,0.000,0,1,0,0,0,0,-1,0,0,0,,0,,0,,0,0,0,1
1723836895,772,3,4,8,8,9.138,0,0,0.30 | 0.31 | 0.31,0,1.70 | 2.49 | 3.18,0,1.26 | 1.61 | 2.35,0.954,0.000,0,1,0,0,0,0,-1,0,0,0,,0,,0,,0,0,0,1
1723836895,772,3,4,8,8,9.138,0,0,0.30 | 0.31 | 0.31,0,1.70 | 2.49 | 3.18,0,1.26 | 1.61 | 2.35,0.954,0.000,0,1,0,0,0,0,-1,0,0,0,,0,,0,,0,0,0,1
1723836895,772,3,4,8,8,9.138,0,0,0.30 | 0.31 | 0.31,0,1.70 | 2.49 | 3.18,0,1.26 | 1.61 | 2.35,0.954,0.000,0,1,0,0,0,0,-1,0,0,0,,0,,0,,0,0,0,1
1723836895,772,3,4,8,8,9.138,0,0,0.30 | 0.31 | 0.31,0,1.70 | 2.49 | 3.18,0,1.26 | 1.61 | 2.35,0.954,0.000,0,1,0,0,0,0,-1,0,0,0,,0,,0,,0,0,0,1
1723836895,772,3,4,8,8,9.138,0,0,0.30 | 0.31 | 0.31,0,1.70 | 2.49 | 3.18,0,1.26 | 1.61 | 2.35,0.954,0.000,0,1,0,0,0,0,-1,0,0,0,,0,,0,,0,0,0,1
1723836895,772,3,4,8,8,9.138,0,0,0.30 | 0.31 | 0.31,0,1.70 | 2.49 | 3.18,0,1.26 | 1.61 | 2.35,0.954,0.000,0,1,0,0,0,0,-1,0,0,0,,0,,0,,0,0,0,1
1723836895,772,3,4,8,8,9.138,0,0,0.30 | 0.31 | 0.31,0,1.70 | 2.49 | 3.18,0,1.26 | 1.61 | 2.35,0.954,0.000,0,1,0,0,0,0,-1,0,0,0,,0,,0,,0,0,0,1
1723836895,772,3,4,8,8,9.138,0,0,0.30 | 0.31 | 0.31,0,1.70 | 2.49 | 3.18,0,1.26 | 1.61 | 2.35,0.954,0.000,0,1,0,0,0,0,-1,0,0,0,,0,,0,,0,0,0,1
1723836895,772,3,4,8,8,9.138,0,0,0.30 | 0.31 | 0.31,0,1.70 | 2.49 | 3.18,0,1.26 | 1.61 | 2.35,0.954,0.000,0,1,0,0,0,0,-1,0,0,0,,0,,0,,0,0,0,1
1723836895,772,3,4,8,8,8.076,0,0,0.30 | 0.31 | 0.31,0,1.70 | 2.49 | 3.18,0,1.26 | 1.61 | 2.35,0.954,0.000,0,1,0,0,0,0,-1,0,0,0,,0,,0,,0,0,0,1
1723836896,772,3,4,8,8,8.076,0,0,0.30 | 0.31 | 0.31,0,1.70 | 2.49 | 3.18,0,1.26 | 1.61 | 2.35,0.954,0.000,0,1,0,0,0,0,-1,0,0,0,,0,,0,,0,0,0,1
1723836896,772,3,4,8,8,8.076,0,0,0.30 | 0.31 | 0.31,0,1.70 | 2.49 | 3.18,0,1.26 | 1.61 | 2.35,0.954,0.000,0,1,0,0,0,0,-1,0,0,0,,0,,0,,0,0,0,1
1723836896,772,3,4,8,8,8.076,0,0,0.30 | 0.31 | 0.31,0,1.70 | 2.49 | 3.18,0,1.26 | 1.61 | 2.35,0.954,0.000,0,1,0,0,0,0,-1,0,0,0,,0,,0,,0,0,0,1
1723836896,772,3,4,8,8,8.076,0,0,0.30 | 0.31 | 0.31,0,1.70 | 2.49 | 3.18,0,1.26 | 1.61 | 2.35,0.954,0.000,0,1,0,0,0,0,-1,0,0,0,,0,,0,,0,0,0,1
1723836896,772,3,4,8,8,8.076,0,0,0.30 | 0.31 | 0.31,0,1.70 | 2.49 | 3.18,0,1.26 | 1.61 | 2.35,0.954,0.000,0,1,0,0,0,0,-1,0,0,0,,0,,0,,0,0,0,1
1723836896,772,3,4,8,8,8.076,0,0,0.30 | 0.31 | 0.31,0,1.70 | 2.49 | 3.18,0,1.26 | 1.61 | 2.35,0.954,0.000,0,1,0,0,0,0,-1,0,0,0,,0,,0,,0,0,0,1
1723836896,772,3,4,8,8,8.076,0,0,0.30 | 0.31 | 0.31,0,1.70 | 2.49 | 3.18,0,1.26 | 1.61 | 2.35,0.954,0.000,0,1,0,0,0,0,-1,0,0,0,,0,,0,,0,0,0,1
1723836896,772,3,4,8,8,8.076,0,0,0.30 | 0.31 | 0.31,0,1.70 | 2.49 | 3.18,0,1.26 | 1.61 | 2.35,0.954,0.000,0,1,0,0,0,0,-1,0,0,0,,0,,0,,0,0,0,1
1723836896,772,3,4,8,8,8.076,0,0,0.30 | 0.31 | 0.31,0,1.70 | 2.49 | 3.18,0,1.26 | 1.61 | 2.35,0.954,0.000,0,1,0,0,0,0,-1,0,0,0,,0,,0,,0,0,0,1
1723836896,772,3,4,8,8,7.279,0,0,0.30 | 0.31 | 0.31,0,1.70 | 2.49 | 3.18,0,1.26 | 1.61 | 2.35,0.954,0.000,0,1,0,0,0,0,-1,0,0,0,,0,,0,,0,0,0,1
1723836897,772,3,4,8,8,7.279,0,0,0.30 | 0.31 | 0.31,0,1.70 | 2.49 | 3.18,0,1.26 | 1.61 | 2.35,0.954,0.000,0,1,0,0,0,0,-1,0,0,0,,0,,0,,0,0,0,1
1723836897,772,3,4,8,8,7.279,0,0,0.30 | 0.31 | 0.31,0,1.70 | 2.49 | 3.18,0,1.26 | 1.61 | 2.35,0.954,0.000,0,1,0,0,0,0,-1,0,0,0,,0,,0,,0,0,0,1
1723836897,772,3,4,8,8,7.279,0,0,0.30 | 0.31 | 0.31,0,1.70 | 2.49 | 3.18,0,1.26 | 1.61 | 2.35,0.954,0.000,0,1,0,0,0,0,-1,0,0,0,,0,,0,,0,0,0,1
1723836897,772,3,4,8,8,7.279,0,0,0.30 | 0.31 | 0.31,0,1.70 | 2.49 | 3.18,0,1.26 | 1.61 | 2.35,0.954,0.000,0,1,0,0,0,0,-1,0,0,0,,0,,0,,0,0,0,1
1723836897,772,3,4,8,8,7.279,0,0,0.30 | 0.31 | 0.31,0,1.70 | 2.49 | 3.18,0,1.26 | 1.61 | 2.35,0.954,0.000,0,1,0,0,0,0,-1,0,0,0,,0,,0,,0,0,0,1
1723836897,772,3,4,8,8,7.279,0,0,0.30 | 0.31 | 0.31,0,1.70 | 2.49 | 3.18,0,1.26 | 1.61 | 2.35,0.954,0.000,0,1,0,0,0,0,-1,0,0,0,,0,,0,,0,0,0,1
1723836897,580,3,3,8,8,7.279,0,0,0.30 | 0.31 | 0.31,0,1.70 | 2.49 | 3.18,0,1.26 | 1.61 | 2.35,0.954,0.000,0,1,0,0,0,0,-1,0,0,0,,0,,0,,0,0,0,1
1723836897,580,4,3,8,8,7.279,0,0,0.30 | 0.31 | 0.31,0,1.70 | 2.49 | 3.18,0,1.26 | 1.61 | 2.35,0.954,0.000,0,1,0,0,0,0,-1,0,0,0,,0,,0,,0,0,0,1
1723836897,580,4,3,8,8,7.279,0,0,0.30 | 0.31 | 0.31,0,1.70 | 2.49 | 3.18,0,1.26 | 1.61 | 2.35,0.954,0.000,0,1,0,0,0,0,-1,0,0,0,,0,,0,,0,0,0,1
1723836897,580,4,3,8,8,6.216,0,0,0.30 | 0.31 | 0.31,0,1.70 | 2.86 | 4.36,0,0.92 | 1.40 | 2.35,0.953,0.000,0,1,0,0,0,0,-1,0,0,0,,0,,0,,0,0,0,1
1723836898,580,4,3,8,8,6.216,0,0,0.30 | 0.31 | 0.31,0,1.70 | 2.86 | 4.36,0,0.92 | 1.40 | 2.35,0.953,0.000,0,1,0,0,0,0,-1,0,0,0,,0,,0,,0,0,0,1
1723836898,580,4,3,8,8,6.216,0,0,0.30 | 0.31 | 0.31,0,1.70 | 2.86 | 4.36,0,0.92 | 1.40 | 2.35,0.953,0.000,0,1,0,0,0,0,-1,0,0,0,,0,,0,,0,0,0,1
1723836898,580,4,3,8,8,6.216,0,0,0.30 | 0.31 | 0.31,0,1.70 | 2.86 | 4.36,0,0.92 | 1.40 | 2.35,0.953,0.000,0,1,0,0,0,0,-1,0,0,0,,0,,0,,0,0,0,1
1723836898,580,4,3,8,8,6.216,0,0,0.30 | 0.31 | 0.31,0,1.70 | 2.86 | 4.36,0,0.92 | 1.40 | 2.35,0.953,0.000,0,1,0,0,0,0,-1,0,0,0,,0,,0,,0,0,0,1
1723836898,580,4,3,8,8,6.216,0,0,0.30 | 0.31 | 0.31,0,1.70 | 2.86 | 4.36,0,0.92 | 1.40 | 2.35,0.953,0.000,0,1,0,0,0,0,-1,0,0,0,,0,,0,,0,0,0,1
1723836898,580,4,3,8,8,6.216,0,0,0.30 | 0.31 | 0.31,0,1.70 | 2.86 | 4.36,0,0.92 | 1.40 | 2.35,0.953,0.000,0,1,0,0,0,0,-1,0,0,0,,0,,0,,0,0,0,1
1723836898,580,4,3,8,8,6.216,0,0,0.30 | 0.31 | 0.31,0,1.70 | 2.86 | 4.36,0,0.92 | 1.40 | 2.35,0.953,0.000,0,1,0,0,0,0,-1,0,0,0,,0,,0,,0,0,0,1
1723836898,580,4,3,8,8,6.216,0,0,0.30 | 0.31 | 0.31,0,1.70 | 2.86 | 4.36,0,0.92 | 1.40 | 2.35,0.953,0.000,0,1,0,0,0,0,-1,0,0,0,,0,,0,,0,0,0,1
1723836898,580,4,3,8,8,6.216,0,0,0.30 | 0.31 | 0.31,0,1.70 | 2.86 | 4.36,0,0.92 | 1.40 | 2.35,0.953,0.000,0,1,0,0,0,0,-1,0,0,0,,0,,0,,0,0,0,1
1723836898,580,4,3,8,8,5.154,0,0,0.30 | 0.31 | 0.31,0,1.70 | 2.86 | 4.36,0,0.92 | 1.40 | 2.35,0.953,0.000,0,1,0,0,0,0,-1,0,0,0,,0,,0,,0,0,0,1
1723836899,580,4,3,8,8,5.154,0,0,0.30 | 0.31 | 0.31,0,1.70 | 2.86 | 4.36,0,0.92 | 1.40 | 2.35,0.953,0.000,0,1,0,0,0,0,-1,0,0,0,,0,,0,,0,0,0,1
1723836899,580,4,3,8,8,5.154,0,0,0.30 | 0.31 | 0.31,0,1.70 | 2.86 | 4.36,0,0.92 | 1.40 | 2.35,0.953,0.000,0,1,0,0,0,0,-1,0,0,0,,0,,0,,0,0,0,1
1723836899,580,4,3,8,8,5.154,0,0,0.30 | 0.31 | 0.31,0,1.70 | 2.86 | 4.36,0,0.92 | 1.40 | 2.35,0.953,0.000,0,1,0,0,0,0,-1,0,0,0,,0,,0,,0,0,0,1
1723836899,580,4,3,8,8,5.154,0,0,0.30 | 0.31 | 0.31,0,1.70 | 2.86 | 4.36,0,0.92 | 1.40 | 2.35,0.953,0.000,0,1,0,0,0,0,-1,0,0,0,,0,,0,,0,0,0,1
1723836899,580,4,3,8,8,5.154,0,0,0.30 | 0.31 | 0.31,0,1.70 | 2.86 | 4.36,0,0.92 | 1.40 | 2.35,0.953,0.000,0,1,0,0,0,0,-1,0,0,0,,0,,0,,0,0,0,1
1723836899,580,4,3,8,8,5.154,0,0,0.30 | 0.31 | 0.31,0,1.70 | 2.86 | 4.36,0,0.92 | 1.40 | 2.35,0.953,0.000,0,1,0,0,0,0,-1,0,0,0,,0,,0,,0,0,0,1
1723836899,580,4,3,8,8,5.154,0,0,0.30 | 0.31 | 0.31,0,1.70 | 2.86 | 4.36,0,0.92 | 1.40 | 2.35,0.953,0.000,0,1,0,0,0,0,-1,0,0,0,,0,,0,,0,0,0,1
1723836899,580,4,3,8,8,5.154,0,0,0.30 | 0.31 | 0.31,0,1.70 | 2.86 | 4.36,0,0.92 | 1.40 | 2.35,0.953,0.000,0,1,0,0,0,0,-1,0,0,0,,0,,0,,0,0,0,1
1723836899,580,4,3,8,8,5.154,0,0,0.30 | 0.31 | 0.31,0,1.70 | 2.86 | 4.36,0,0.92 | 1.40 | 2.35,0.953,0.000,0,1,0,0,0,0,-1,0,0,0,,0,,0,,0,0,0,1
1723836899,580,4,3,8,8,4.091,0,0,0.30 | 0.31 | 0.31,0,1.70 | 2.86 | 4.36,0,0.92 | 1.40 | 2.35,0.953,0.000,0,1,0,0,0,0,-1,0,0,0,,0,,0,,0,0,0,1
1723836900,580,4,3,8,8,4.091,0,0,0.30 | 0.31 | 0.31,0,1.70 | 2.86 | 4.36,0,0.92 | 1.40 | 2.35,0.953,0.000,0,1,0,0,0,0,-1,0,0,0,,0,,0,,0,0,0,1
1723836900,580,3,3,8,8,4.091,0,0,0.30 | 0.31 | 0.31,0,1.70 | 2.86 | 4.36,0,0.92 | 1.40 | 2.35,0.953,0.000,0,1,0,0,0,0,-1,0,0,0,,0,,0,,0,0,0,1
1723836900,580,3,3,8,8,4.091,0,0,0.30 | 0.31 | 0.31,0,1.70 | 2.86 | 4.36,0,0.92 | 1.40 | 2.35,0.953,0.000,0,1,0,0,0,0,-1,0,0,0,,0,,0,,0,0,0,1
1723836900,580,3,3,8,8,4.091,0,0,0.30 | 0.31 | 0.31,0,1.70 | 2.86 | 4.36,0,0.92 | 1.40 | 2.35,0.953,0.000,0,1,0,0,0,0,-1,0,0,0,,0,,0,,0,0,0,1
1723836900,580,3,3,8,8,4.091,0,0,0.30 | 0.31 | 0.31,0,1.70 | 2.86 | 4.36,0,0.92 | 1.40 | 2.35,0.953,0.000,0,1,0,0,0,0,-1,0,0,0,,0,,0,,0,0,0,1
1723836900,194,3,1,8,8,4.091,0,0,0.30 | 0.31 | 0.31,0,1.70 | 2.86 | 4.36,0,0.92 | 1.40 | 2.35,0.953,0.000,0,1,0,0,0,0,-1,0,0,0,,0,,0,,0,0,0,1
1723836900,194,3,1,8,8,4.091,0,0,0.30 | 0.31 | 0.31,0,1.70 | 2.86 | 4.36,0,0.92 | 1.40 | 2.35,0.953,0.000,0,1,0,0,0,0,-1,0,0,0,,0,,0,,0,0,0,1
1723836900,194,3,1,8,8,4.091,0,0,0.30 | 0.31 | 0.31,0,1.70 | 2.86 | 4.36,0,0.92 | 1.40 | 2.35,0.953,0.000,0,1,0,0,0,0,-1,0,0,0,,0,,0,,0,0,0,1
1723836900,194,3,1,8,8,4.091,0,0,0.30 | 0.31 | 0.31,0,1.70 | 2.86 | 4.36,0,0.92 | 1.40 | 2.35,0.953,0.000,0,1,0,0,0,0,-1,0,0,0,,0,,0,,0,0,0,1
1723836900,194,3,1,8,8,3.165,0,0,0.30 | 0.31 | 0.31,0,2.22 | 3.00 | 4.36,0,0.92 | 1.34 | 1.80,0.953,0.000,0,1,0,0,0,0,-1,0,0,0,,0,,0,,0,0,0,1
1723836901,194,3,1,8,8,3.165,0,0,0.30 | 0.31 | 0.31,0,2.22 | 3.00 | 4.36,0,0.92 | 1.34 | 1.80,0.953,0.000,0,1,0,0,0,0,-1,0,0,0,,0,,0,,0,0,0,1
1723836901,194,3,1,8,8,3.165,0,0,0.30 | 0.31 | 0.31,0,2.22 | 3.00 | 4.36,0,0.92 | 1.34 | 1.80,0.953,0.000,0,1,0,0,0,0,-1,0,0,0,,0,,0,,0,0,0,1
1723836901,194,3,1,8,8,3.165,0,0,0.30 | 0.31 | 0.31,0,2.22 | 3.00 | 4.36,0,0.92 | 1.34 | 1.80,0.953,0.000,0,1,0,0,0,0,-1,0,0,0,,0,,0,,0,0,0,1
1723836901,194,3,1,8,8,3.165,0,0,0.30 | 0.31 | 0.31,0,2.22 | 3.00 | 4.36,0,0.92 | 1.34 | 1.80,0.953,0.000,0,1,0,0,0,0,-1,0,0,0,,0,,0,,0,0,0,1
1723836901,194,3,1,8,8,3.165,0,0,0.30 | 0.31 | 0.31,0,2.22 | 3.00 | 4.36,0,0.92 | 1.34 | 1.80,0.953,0.000,0,1,0,0,0,0,-1,0,0,0,,0,,0,,0,0,0,1
1723836901,194,3,1,8,8,3.165,0,0,0.30 | 0.31 | 0.31,0,2.22 | 3.00 | 4.36,0,0.92 | 1.34 | 1.80,0.953,0.000,0,1,0,0,0,0,-1,0,0,0,,0,,0,,0,0,0,1
1723836901,194,3,1,8,8,3.165,0,0,0.30 | 0.31 | 0.31,0,2.22 | 3.00 | 4.36,0,0.92 | 1.34 | 1.80,0.953,0.000,0,1,0,0,0,0,-1,0,0,0,,0,,0,,0,0,0,1
1723836901,194,3,1,8,8,3.165,0,0,0.30 | 0.31 | 0.31,0,2.22 | 3.00 | 4.36,0,0.92 | 1.34 | 1.80,0.953,0.000,0,1,0,0,0,0,-1,0,0,0,,0,,0,,0,0,0,1
1723836901,194,3,1,8,8,3.165,0,0,0.30 | 0.31 | 0.31,0,2.22 | 3.00 | 4.36,0,0.92 | 1.34 | 1.80,0.953,0.000,0,1,0,0,0,0,-1,0,0,0,,0,,0,,0,0,0,1
1723836901,194,3,1,8,8,2.232,0,0,0.30 | 0.31 | 0.31,0,2.22 | 3.00 | 4.36,0,0.92 | 1.34 | 1.80,0.953,0.000,0,1,0,0,0,0,-1,0,0,0,,0,,0,,0,0,0,1
1723836902,194,3,1,8,8,2.232,0,0,0.30 | 0.31 | 0.31,0,2.22 | 3.00 | 4.36,0,0.92 | 1.34 | 1.80,0.953,0.000,0,1,0,0,0,0,-1,0,0,0,,0,,0,,0,0,0,1
1723836902,387,3,2,8,8,2.232,0,0,0.30 | 0.31 | 0.31,0,2.22 | 3.00 | 4.36,0,0.92 | 1.34 | 1.80,0.953,0.000,0,1,0,0,0,0,-1,0,0,0,,0,,0,,0,0,0,1
1723836902,387,3,2,8,8,2.232,0,0,0.30 | 0.31 | 0.31,0,2.22 | 3.00 | 4.36,0,0.92 | 1.34 | 1.80,0.953,0.000,0,1,0,0,0,0,-1,0,0,0,,0,,0,,0,0,0,1
1723836902,387,3,2,8,8,2.232,0,0,0.30 | 0.31 | 0.31,0,2.22 | 3.00 | 4.36,0,0.92 | 1.34 | 1.80,0.953,0.000,0,1,0,0,0,0,-1,0,0,0,,0,,0,,0,0,0,1
1723836902,387,3,2,8,8,2.232,0,0,0.30 | 0.31 | 0.31,0,2.22 | 3.00 | 4.36,0,0.92 | 1.34 | 1.80,0.953,0.000,0,1,0,0,0,0,-1,0,0,0,,0,,0,,0,0,0,1
1723836902,387,3,2,8,8,2.232,0,0,0.30 | 0.31 | 0.31,0,2.22 | 3.00 | 4.36,0,0.92 | 1.34 | 1.80,0.953,0.000,0,1,0,0,0,0,-1,0,0,0,,0,,0,,0,0,0,1
1723836902,387,3,2,8,8,2.232,0,0,0.30 | 0.31 | 0.31,0,2.22 | 3.00 | 4.36,0,0.92 | 1.34 | 1.80,0.953,0.000,0,1,0,0,0,0,-1,0,0,0,,0,,0,,0,0,0,1
1723836902,387,3,2,8,8,2.232,0,0,0.30 | 0.31 | 0.31,0,2.22 | 3.00 | 4.36,0,0.92 | 1.34 | 1.80,0.953,0.000,0,1,0,0,0,0,-1,0,0,0,,0,,0,,0,0,0,1
1723836902,387,3,2,8,8,2.232,0,0,0.30 | 0.31 | 0.31,0,2.22 | 3.00 | 4.36,0,0.92 | 1.34 | 1.80,0.953,0.000,0,1,0,0,0,0,-1,0,0,0,,0,,0,,0,0,0,1
1723836902,387,3,2,8,8,5.97,0,0,0.30 | 0.31 | 0.31,0,1.02 | 2.46 | 4.36,0,0.92 | 1.63 | 3.93,0.956,0.000,0,1,0,0,0,0,-1,0,0,0,,0,,0,,0,0,0,1
1723836903,387,3,2,8,8,5.97,0,0,0.30 | 0.31 | 0.31,0,1.02 | 2.46 | 4.36,0,0.92 | 1.63 | 3.93,0.956,0.000,0,1,0,0,0,0,-1,0,0,0,,0,,0,,0,0,0,1
1723836903,387,3,2,8,8,5.97,0,0,0.30 | 0.31 | 0.31,0,1.02 | 2.46 | 4.36,0,0.92 | 1.63 | 3.93,0.956,0.000,0,1,0,0,0,0,-1,0,0,0,,0,,0,,0,0,0,1
1723836903,387,3,2,8,8,5.97,0,0,0.30 | 0.31 | 0.31,0,1.02 | 2.46 | 4.36,0,0.92 | 1.63 | 3.93,0.956,0.000,0,1,0,0,0,0,-1,0,0,0,,0,,0,,0,0,0,1
1723836903,387,3,2,8,8,5.97,0,0,0.30 | 0.31 | 0.31,0,1.02 | 2.46 | 4.36,0,0.92 | 1.63 | 3.93,0.956,0.000,0,1,0,0,0,0,-1,0,0,0,,0,,0,,0,0,0,1
1723836903,387,3,2,8,8,5.97,0,0,0.30 | 0.31 | 0.31,0,1.02 | 2.46 | 4.36,0,0.92 | 1.63 | 3.93,0.956,0.000,0,1,0,0,0,0,-1,0,0,0,,0,,0,,0,0,0,1
1723836903,387,3,2,8,8,5.97,0,0,0.30 | 0.31 | 0.31,0,1.02 | 2.46 | 4.36,0,0.92 | 1.63 | 3.93,0.956,0.000,0,1,0,0,0,0,-1,0,0,0,,0,,0,,0,0,0,1
1723836903,387,3,2,8,8,5.97,0,0,0.30 | 0.31 | 0.31,0,1.02 | 2.46 | 4.36,0,0.92 | 1.63 | 3.93,0.956,0.000,0,1,0,0,0,0,-1,0,0,0,,0,,0,,0,0,0,1
1723836903,387,3,2,8,8,5.97,0,0,0.30 | 0.31 | 0.31,0,1.02 | 2.46 | 4.36,0,0.92 | 1.63 | 3.93,0.956,0.000,0,1,0,0,0,0,-1,0,0,0,,0,,0,,0,0,0,1
1723836903,387,3,2,8,8,5.97,0,0,0.30 | 0.31 | 0.31,0,1.02 | 2.46 | 4.36,0,0.92 | 1.63 | 3.93,0.956,0.000,0,1,0,0,0,0,-1,0,0,0,,0,,0,,0,0,0,1
1723836903,387,3,2,8,8,4.873,0,0,0.30 | 0.31 | 0.31,0,1.02 | 2.46 | 4.36,0,0.92 | 1.63 | 3.93,0.956,0.000,0,1,0,0,0,0,-1,0,0,0,,0,,0,,0,0,0,1
1723836904,387,3,2,8,8,4.873,0,0,0.30 | 0.31 | 0.31,0,1.02 | 2.46 | 4.36,0,0.92 | 1.63 | 3.93,0.956,0.000,0,1,0,0,0,0,-1,0,0,0,,0,,0,,0,0,0,1
1723836904,387,1,2,8,8,4.873,0,0,0.30 | 0.31 | 0.31,0,1.02 | 2.46 | 4.36,0,0.92 | 1.63 | 3.93,0.956,0.000,0,1,0,0,0,0,-1,0,0,0,,0,,0,,0,0,0,1
1723836904,387,1,2,8,8,4.873,0,0,0.30 | 0.31 | 0.31,0,1.02 | 2.46 | 4.36,0,0.92 | 1.63 | 3.93,0.956,0.000,0,1,0,0,0,0,-1,0,0,0,,0,,0,,0,0,0,1
1723836904,387,1,2,8,8,4.873,0,0,0.30 | 0.31 | 0.31,0,1.02 | 2.46 | 4.36,0,0.92 | 1.63 | 3.93,0.956,0.000,0,1,0,0,0,0,-1,0,0,0,,0,,0,,0,0,0,1
1723836904,387,1,2,8,8,4.873,0,0,0.30 | 0.31 | 0.31,0,1.02 | 2.46 | 4.36,0,0.92 | 1.63 | 3.93,0.956,0.000,0,1,0,0,0,0,-1,0,0,0,,0,,0,,0,0,0,1
1723836904,387,1,2,8,8,4.873,0,0,0.30 | 0.31 | 0.31,0,1.02 | 2.46 | 4.36,0,0.92 | 1.63 | 3.93,0.956,0.000,0,1,0,0,0,0,-1,0,0,0,,0,,0,,0,0,0,1
1723836904,387,1,2,8,8,4.873,0,0,0.30 | 0.31 | 0.31,0,1.02 | 2.46 | 4.36,0,0.92 | 1.63 | 3.93,0.956,0.000,0,1,0,0,0,0,-1,0,0,0,,0,,0,,0,0,0,1
1723836904,387,1,2,8,8,4.873,0,0,0.30 | 0.31 | 0.31,0,1.02 | 2.46 | 4.36,0,0.92 | 1.63 | 3.93,0.956,0.000,0,1,0,0,0,0,-1,0,0,0,,0,,0,,0,0,0,1
1723836904,387,1,2,8,8,4.873,0,0,0.30 | 0.31 | 0.31,0,1.02 | 2.46 | 4.36,0,0.92 | 1.63 | 3.93,0.956,0.000,0,1,0,0,0,0,-1,0,0,0,,0,,0,,0,0,0,1
1723836904,387,1,2,8,8,7.31,0,0,0.30 | 0.31 | 0.31,0,1.02 | 2.26 | 4.36,0,0.92 | 1.77 | 3.93,0.957,0.000,0,1,0,0,0,0,-1,0,0,0,,0,,0,,0,0,0,1
1723836905,387,1,2,8,8,7.31,0,0,0.30 | 0.31 | 0.31,0,1.02 | 2.26 | 4.36,0,0.92 | 1.77 | 3.93,0.957,0.000,0,1,0,0,0,0,-1,0,0,0,,0,,0,,0,0,0,1
1723836905,387,1,2,8,8,7.31,0,0,0.30 | 0.31 | 0.31,0,1.02 | 2.26 | 4.36,0,0.92 | 1.77 | 3.93,0.957,0.000,0,1,0,0,0,0,-1,0,0,0,,0,,0,,0,0,0,1
1723836905,387,1,2,8,8,7.31,0,0,0.30 | 0.31 | 0.31,0,1.02 | 2.26 | 4.36,0,0.92 | 1.77 | 3.93,0.957,0.000,0,1,0,0,0,0,-1,0,0,0,,0,,0,,0,0,0,1
1723836905,387,1,2,8,8,7.31,0,0,0.30 | 0.31 | 0.31,0,1.02 | 2.26 | 4.36,0,0.92 | 1.77 | 3.93,0.957,0.000,0,1,0,0,0,0,-1,0,0,0,,0,,0,,0,0,0,1
1723836905,387,1,2,8,8,7.31,0,0,0.30 | 0.31 | 0.31,0,1.02 | 2.26 | 4.36,0,0.92 | 1.77 | 3.93,0.957,0.000,0,1,0,0,0,0,-1,0,0,0,,0,,0,,0,0,0,1
1723836905,387,1,2,8,8,7.31,0,0,0.30 | 0.31 | 0.31,0,1.02 | 2.26 | 4.36,0,0.92 | 1.77 | 3.93,0.957,0.000,0,1,0,0,0,0,-1,0,0,0,,0,,0,,0,0,0,1
1723836905,387,1,2,8,8,7.31,0,0,0.30 | 0.31 | 0.31,0,1.02 | 2.26 | 4.36,0,0.92 | 1.77 | 3.93,0.957,0.000,0,1,0,0,0,0,-1,0,0,0,,0,,0,,0,0,0,1
1723836905,387,1,2,8,8,7.31,0,0,0.30 | 0.31 | 0.31,0,1.02 | 2.26 | 4.36,0,0.92 | 1.77 | 3.93,0.957,0.000,0,1,0,0,0,0,-1,0,0,0,,0,,0,,0,0,0,1
1723836905,387,1,2,8,8,7.31,0,0,0.30 | 0.31 | 0.31,0,1.02 | 2.26 | 4.36,0,0.92 | 1.77 | 3.93,0.957,0.000,0,1,0,0,0,0,-1,0,0,0,,0,,0,,0,0,0,1
1723836905,387,1,2,8,8,6.248,0,0,0.30 | 0.31 | 0.31,0,1.02 | 2.26 | 4.36,0,0.92 | 1.77 | 3.93,0.957,0.000,0,1,0,0,0,0,-1,0,0,0,,0,,0,,0,0,0,1
1723836906,387,1,2,8,8,6.248,0,0,0.30 | 0.31 | 0.31,0,1.02 | 2.26 | 4.36,0,0.92 | 1.77 | 3.93,0.957,0.000,0,1,0,0,0,0,-1,0,0,0,,0,,0,,0,0,0,1
1723836906,387,1,2,8,8,6.248,0,0,0.30 | 0.31 | 0.31,0,1.02 | 2.26 | 4.36,0,0.92 | 1.77 | 3.93,0.957,0.000,0,1,0,0,0,0,-1,0,0,0,,0,,0,,0,0,0,1
1723836906,387,1,2,8,8,6.248,0,0,0.30 | 0.31 | 0.31,0,1.02 | 2.26 | 4.36,0,0.92 | 1.77 | 3.93,0.957,0.000,0,1,0,0,0,0,-1,0,0,0,,0,,0,,0,0,0,1
1723836906,387,1,2,8,8,6.248,0,0,0.30 | 0.31 | 0.31,0,1.02 | 2.26 | 4.36,0,0.92 | 1.77 | 3.93,0.957,0.000,0,1,0,0,0,0,-1,0,0,0,,0,,0,,0,0,0,1
1723836906,387,1,2,8,8,6.248,0,0,0.30 | 0.31 | 0.31,0,1.02 | 2.26 | 4.36,0,0.92 | 1.77 | 3.93,0.957,0.000,0,1,0,0,0,0,-1,0,0,0,,0,,0,,0,0,0,1
1723836906,387,1,2,8,8,6.248,0,0,0.30 | 0.31 | 0.31,0,1.02 | 2.26 | 4.36,0,0.92 | 1.77 | 3.93,0.957,0.000,0,1,0,0,0,0,-1,0,0,0,,0,,0,,0,0,0,1
1723836906,387,1,2,8,8,6.248,0,0,0.30 | 0.31 | 0.31,0,1.02 | 2.26 | 4.36,0,0.92 | 1.77 | 3.93,0.957,0.000,0,1,0,0,0,0,-1,0,0,0,,0,,0,,0,0,0,1
1723836906,387,1,2,8,8,6.248,0,0,0.30 | 0.31 | 0.31,0,1.02 | 2.26 | 4.36,0,0.92 | 1.77 | 3.93,0.957,0.000,0,1,0,0,0,0,-1,0,0,0,,0,,0,,0,0,0,1
1723836906,387,1,2,8,8,6.248,0,0,0.30 | 0.31 | 0.31,0,1.02 | 2.26 | 4.36,0,0.92 | 1.77 | 3.93,0.957,0.000,0,1,0,0,0,0,-1,0,0,0,,0,,0,,0,0,0,1
1723836906,387,1,2,8,8,9.985,0,0,0.30 | 0.31 | 0.31,0,1.02 | 1.71 | 2.23,0,1.80 | 2.34 | 3.93,0.945,0.000,0,1,0,0,0,0,-1,0,0,0,,0,,0,,0,0,0,1
1723836907,387,1,2,8,8,9.985,0,0,0.30 | 0.31 | 0.31,0,1.02 | 1.71 | 2.23,0,1.80 | 2.34 | 3.93,0.945,0.000,0,1,0,0,0,0,-1,0,0,0,,0,,0,,0,0,0,1
1723836907,387,1,2,8,8,9.985,0,0,0.30 | 0.31 | 0.31,0,1.02 | 1.71 | 2.23,0,1.80 | 2.34 | 3.93,0.945,0.000,0,1,0,0,0,0,-1,0,0,0,,0,,0,,0,0,0,1
1723836907,387,1,2,8,8,9.985,0,0,0.30 | 0.31 | 0.31,0,1.02 | 1.71 | 2.23,0,1.80 | 2.34 | 3.93,0.945,0.000,0,1,0,0,0,0,-1,0,0,0,,0,,0,,0,0,0,1
1723836907,387,1,2,8,8,9.985,0,0,0.30 | 0.31 | 0.31,0,1.02 | 1.71 | 2.23,0,1.80 | 2.34 | 3.93,0.945,0.000,0,1,0,0,0,0,-1,0,0,0,,0,,0,,0,0,0,1
1723836907,387,1,2,8,8,9.985,0,0,0.30 | 0.31 | 0.31,0,1.02 | 1.71 | 2.23,0,1.80 | 2.34 | 3.93,0.945,0.000,0,1,0,0,0,0,-1,0,0,0,,0,,0,,0,0,0,1
1723836907,387,1,2,8,8,9.985,0,0,0.30 | 0.31 | 0.31,0,1.02 | 1.71 | 2.23,0,1.80 | 2.34 | 3.93,0.945,0.000,0,1,0,0,0,0,-1,0,0,0,,0,,0,,0,0,0,1
1723836907,387,1,2,8,8,9.985,0,0,0.30 | 0.31 | 0.31,0,1.02 | 1.71 | 2.23,0,1.80 | 2.34 | 3.93,0.945,0.000,0,1,0,0,0,0,-1,0,0,0,,0,,0,,0,0,0,1
1723836907,387,1,2,8,8,9.985,0,0,0.30 | 0.31 | 0.31,0,1.02 | 1.71 | 2.23,0,1.80 | 2.34 | 3.93,0.945,0.000,0,1,0,0,0,0,-1,0,0,0,,0,,0,,0,0,0,1
1723836907,387,1,2,8,8,9.985,0,0,0.30 | 0.31 | 0.31,0,1.02 | 1.71 | 2.23,0,1.80 | 2.34 | 3.93,0.945,0.000,0,1,0,0,0,0,-1,0,0,0,,0,,0,,0,0,0,1
1723836907,387,1,2,8,8,8.923,0,0,0.30 | 0.31 | 0.31,0,1.02 | 1.71 | 2.23,0,1.80 | 2.34 | 3.93,0.945,0.000,0,1,0,0,0,0,-1,0,0,0,,0,,0,,0,0,0,1
1723836908,387,1,2,8,8,8.923,0,0,0.30 | 0.31 | 0.31,0,1.02 | 1.71 | 2.23,0,1.80 | 2.34 | 3.93,0.945,0.000,0,1,0,0,0,0,-1,0,0,0,,0,,0,,0,0,0,1
1723836908,387,2,2,8,8,8.923,0,0,0.30 | 0.31 | 0.31,0,1.02 | 1.71 | 2.23,0,1.80 | 2.34 | 3.93,0.945,0.000,0,1,0,0,0,0,-1,0,0,0,,0,,0,,0,0,0,1
1723836908,387,2,2,8,8,8.923,0,0,0.30 | 0.31 | 0.31,0,1.02 | 1.71 | 2.23,0,1.80 | 2.34 | 3.93,0.945,0.000,0,1,0,0,0,0,-1,0,0,0,,0,,0,,0,0,0,1
1723836908,387,2,2,8,8,8.923,0,0,0.30 | 0.31 | 0.31,0,1.02 | 1.71 | 2.23,0,1.80 | 2.34 | 3.93,0.945,0.000,0,1,0,0,0,0,-1,0,0,0,,0,,0,,0,0,0,1
1723836908,387,2,2,8,8,8.923,0,0,0.30 | 0.31 | 0.31,0,1.02 | 1.71 | 2.23,0,1.80 | 2.34 | 3.93,0.945,0.000,0,1,0,0,0,0,-1,0,0,0,,0,,0,,0,0,0,1
1723836908,387,2,2,8,8,8.923,0,0,0.30 | 0.31 | 0.31,0,1.02 | 1.71 | 2.23,0,1.80 | 2.34 | 3.93,0.945,0.000,0,1,0,0,0,0,-1,0,0,0,,0,,0,,0,0,0,1
1723836908,387,2,2,8,8,8.923,0,0,0.30 | 0.31 | 0.31,0,1.02 | 1.71 | 2.23,0,1.80 | 2.34 | 3.93,0.945,0.000,0,1,0,0,0,0,-1,0,0,0,,0,,0,,0,0,0,1
1723836908,387,2,2,8,8,8.923,0,0,0.30 | 0.31 | 0.31,0,1.02 | 1.71 | 2.23,0,1.80 | 2.34 | 3.93,0.945,0.000,0,1,0,0,0,0,-1,0,0,0,,0,,0,,0,0,0,1
1723836908,387,2,2,8,8,8.923,0,0,0.30 | 0.31 | 0.31,0,1.02 | 1.71 | 2.23,0,1.80 | 2.34 | 3.93,0.945,0.000,0,1,0,0,0,0,-1,0,0,0,,0,,0,,0,0,0,1
1723836908,387,2,2,8,8,11.326,0,0,0.31 | 0.31 | 0.31,0,1.02 | 1.50 | 2.18,0,1.84 | 2.67 | 3.93,0.946,0.000,0,1,0,0,0,0,-1,0,0,0,,0,,0,,0,0,0,1
1723836909,387,2,2,8,8,11.326,0,0,0.31 | 0.31 | 0.31,0,1.02 | 1.50 | 2.18,0,1.84 | 2.67 | 3.93,0.946,0.000,0,1,0,0,0,0,-1,0,0,0,,0,,0,,0,0,0,1
1723836909,387,2,2,8,8,11.326,0,0,0.31 | 0.31 | 0.31,0,1.02 | 1.50 | 2.18,0,1.84 | 2.67 | 3.93,0.946,0.000,0,1,0,0,0,0,-1,0,0,0,,0,,0,,0,0,0,1
1723836909,387,2,2,8,8,11.326,0,0,0.31 | 0.31 | 0.31,0,1.02 | 1.50 | 2.18,0,1.84 | 2.67 | 3.93,0.946,0.000,0,1,0,0,0,0,-1,0,0,0,,0,,0,,0,0,0,1
1723836909,387,2,2,8,8,11.326,0,0,0.31 | 0.31 | 0.31,0,1.02 | 1.50 | 2.18,0,1.84 | 2.67 | 3.93,0.946,0.000,0,1,0,0,0,0,-1,0,0,0,,0,,0,,0,0,0,1
1723836909,387,2,2,8,8,11.326,0,0,0.31 | 0.31 | 0.31,0,1.02 | 1.50 | 2.18,0,1.84 | 2.67 | 3.93,0.946,0.000,0,1,0,0,0,0,-1,0,0,0,,0,,0,,0,0,0,1
1723836909,387,2,2,8,8,11.326,0,0,0.31 | 0.31 | 0.31,0,1.02 | 1.50 | 2.18,0,1.84 | 2.67 | 3.93,0.946,0.000,0,1,0,0,0,0,-1,0,0,0,,0,,0,,0,0,0,1
1723836909,387,2,2,8,8,11.326,0,0,0.31 | 0.31 | 0.31,0,1.02 | 1.50 | 2.18,0,1.84 | 2.67 | 3.93,0.946,0.000,0,1,0,0,0,0,-1,0,0,0,,0,,0,,0,0,0,1
1723836909,387,2,2,8,8,11.326,0,0,0.31 | 0.31 | 0.31,0,1.02 | 1.50 | 2.18,0,1.84 | 2.67 | 3.93,0.946,0.000,0,1,0,0,0,0,-1,0,0,0,,0,,0,,0,0,0,1
1723836909,387,2,2,8,8,11.326,0,0,0.31 | 0.31 | 0.31,0,1.02 | 1.50 | 2.18,0,1.84 | 2.67 | 3.93,0.946,0.000,0,1,0,0,0,0,-1,0,0,0,,0,,0,,0,0,0,1
1723836909,387,2,2,8,8,10.263,0,0,0.31 | 0.31 | 0.31,0,1.02 | 1.50 | 2.18,0,1.84 | 2.67 | 3.93,0.946,0.000,0,1,0,0,0,0,-1,0,0,0,,0,,0,,0,0,0,1
1723836910,387,2,2,8,8,10.263,0,0,0.31 | 0.31 | 0.31,0,1.02 | 1.50 | 2.18,0,1.84 | 2.67 | 3.93,0.946,0.000,0,1,0,0,0,0,-1,0,0,0,,0,,0,,0,0,0,1
1723836910,387,2,2,8,8,10.263,0,0,0.31 | 0.31 | 0.31,0,1.02 | 1.50 | 2.18,0,1.84 | 2.67 | 3.93,0.946,0.000,0,1,0,0,0,0,-1,0,0,0,,0,,0,,0,0,0,1
1723836910,387,2,2,8,8,10.263,0,0,0.31 | 0.31 | 0.31,0,1.02 | 1.50 | 2.18,0,1.84 | 2.67 | 3.93,0.946,0.000,0,1,0,0,0,0,-1,0,0,0,,0,,0,,0,0,0,1
1723836910,387,2,2,8,8,10.263,0,0,0.31 | 0.31 | 0.31,0,1.02 | 1.50 | 2.18,0,1.84 | 2.67 | 3.93,0.946,0.000,0,1,0,0,0,0,-1,0,0,0,,0,,0,,0,0,0,1
1723836910,387,2,2,8,8,10.263,0,0,0.31 | 0.31 | 0.31,0,1.02 | 1.50 | 2.18,0,1.84 | 2.67 | 3.93,0.946,0.000,0,1,0,0,0,0,-1,0,0,0,,0,,0,,0,0,0,1
1723836910,387,2,2,8,8,10.263,0,0,0.31 | 0.31 | 0.31,0,1.02 | 1.50 | 2.18,0,1.84 | 2.67 | 3.93,0.946,0.000,0,1,0,0,0,0,-1,0,0,0,,0,,0,,0,0,0,1
1723836910,387,2,2,8,8,10.263,0,0,0.31 | 0.31 | 0.31,0,1.02 | 1.50 | 2.18,0,1.84 | 2.67 | 3.93,0.946,0.000,0,1,0,0,0,0,-1,0,0,0,,0,,0,,0,0,0,1
1723836910,387,2,2,8,8,10.263,0,0,0.31 | 0.31 | 0.31,0,1.02 | 1.50 | 2.18,0,1.84 | 2.67 | 3.93,0.946,0.000,0,1,0,0,0,0,-1,0,0,0,,0,,0,,0,0,0,1
1723836910,387,2,2,8,8,10.263,0,0,0.31 | 0.31 | 0.31,0,1.02 | 1.50 | 2.18,0,1.84 | 2.67 | 3.93,0.946,0.000,0,1,0,0,0,0,-1,0,0,0,,0,,0,,0,0,0,1
1723836910,387,2,2,8,8,14.001,0,0,0.30 | 0.31 | 0.31,0,1.37 | 1.75 | 2.18,0,1.84 | 2.29 | 2.92,0.945,0.000,0,1,0,0,0,0,-1,0,0,0,,0,,0,,0,0,0,1
1723836911,387,2,2,8,8,14.001,0,0,0.30 | 0.31 | 0.31,0,1.37 | 1.75 | 2.18,0,1.84 | 2.29 | 2.92,0.945,0.000,0,1,0,0,0,0,-1,0,0,0,,0,,0,,0,0,0,1
1723836911,387,2,2,8,8,14.001,0,0,0.30 | 0.31 | 0.31,0,1.37 | 1.75 | 2.18,0,1.84 | 2.29 | 2.92,0.945,0.000,0,1,0,0,0,0,-1,0,0,0,,0,,0,,0,0,0,1
1723836911,387,2,2,8,8,14.001,0,0,0.30 | 0.31 | 0.31,0,1.37 | 1.75 | 2.18,0,1.84 | 2.29 | 2.92,0.945,0.000,0,1,0,0,0,0,-1,0,0,0,,0,,0,,0,0,0,1
1723836911,387,2,2,8,8,14.001,0,0,0.30 | 0.31 | 0.31,0,1.37 | 1.75 | 2.18,0,1.84 | 2.29 | 2.92,0.945,0.000,0,1,0,0,0,0,-1,0,0,0,,0,,0,,0,0,0,1
1723836911,387,2,2,8,8,14.001,0,0,0.30 | 0.31 | 0.31,0,1.37 | 1.75 | 2.18,0,1.84 | 2.29 | 2.92,0.945,0.000,0,1,0,0,0,0,-1,0,0,0,,0,,0,,0,0,0,1
1723836911,387,2,2,8,8,14.001,0,0,0.30 | 0.31 | 0.31,0,1.37 | 1.75 | 2.18,0,1.84 | 2.29 | 2.92,0.945,0.000,0,1,0,0,0,0,-1,0,0,0,,0,,0,,0,0,0,1
1723836911,387,2,2,8,8,14.001,0,0,0.30 | 0.31 | 0.31,0,1.37 | 1.75 | 2.18,0,1.84 | 2.29 | 2.92,0.945,0.000,0,1,0,0,0,0,-1,0,0,0,,0,,0,,0,0,0,1
1723836911,387,2,2,8,8,14.001,0,0,0.30 | 0.31 | 0.31,0,1.37 | 1.75 | 2.18,0,1.84 | 2.29 | 2.92,0.945,0.000,0,1,0,0,0,0,-1,0,0,0,,0,,0,,0,0,0,1
1723836911,387,2,2,8,8,14.001,0,0,0.30 | 0.31 | 0.31,0,1.37 | 1.75 | 2.18,0,1.84 | 2.29 | 2.92,0.945,0.000,0,1,0,0,0,0,-1,0,0,0,,0,,0,,0,0,0,1
1723836911,387,2,2,8,8,12.938,0,0,0.30 | 0.31 | 0.31,0,1.37 | 1.75 | 2.18,0,1.84 | 2.29 | 2.92,0.945,0.000,0,1,0,0,0,0,-1,0,0,0,,0,,0,,0,0,0,1
1723836912,387,2,2,8,8,12.938,0,0,0.30 | 0.31 | 0.31,0,1.37 | 1.75 | 2.18,0,1.84 | 2.29 | 2.92,0.945,0.000,0,1,0,0,0,0,-1,0,0,0,,0,,0,,0,0,0,1
1723836912,387,2,2,8,8,12.938,0,0,0.30 | 0.31 | 0.31,0,1.37 | 1.75 | 2.18,0,1.84 | 2.29 | 2.92,0.945,0.000,0,1,0,0,0,0,-1,0,0,0,,0,,0,,0,0,0,1
1723836912,387,2,2,8,8,12.938,0,0,0.30 | 0.31 | 0.31,0,1.37 | 1.75 | 2.18,0,1.84 | 2.29 | 2.92,0.945,0.000,0,1,0,0,0,0,-1,0,0,0,,0,,0,,0,0,0,1
1723836912,387,2,2,8,8,12.938,0,0,0.30 | 0.31 | 0.31,0,1.37 | 1.75 | 2.18,0,1.84 | 2.29 | 2.92,0.945,0.000,0,1,0,0,0,0,-1,0,0,0,,0,,0,,0,0,0,1
1723836912,387,2,2,8,8,12.938,0,0,0.30 | 0.31 | 0.31,0,1.37 | 1.75 | 2.18,0,1.84 | 2.29 | 2.92,0.945,0.000,0,1,0,0,0,0,-1,0,0,0,,0,,0,,0,0,0,1
1723836912,387,2,2,8,8,12.938,0,0,0.30 | 0.31 | 0.31,0,1.37 | 1.75 | 2.18,0,1.84 | 2.29 | 2.92,0.945,0.000,0,1,0,0,0,0,-1,0,0,0,,0,,0,,0,0,0,1
1723836912,387,2,2,8,8,12.938,0,0,0.30 | 0.31 | 0.31,0,1.37 | 1.75 | 2.18,0,1.84 | 2.29 | 2.92,0.945,0.000,0,1,0,0,0,0,-1,0,0,0,,0,,0,,0,0,0,1
1723836912,387,2,2,8,8,12.938,0,0,0.30 | 0.31 | 0.31,0,1.37 | 1.75 | 2.18,0,1.84 | 2.29 | 2.92,0.945,0.000,0,1,0,0,0,0,-1,0,0,0,,0,,0,,0,0,0,1
1723836912,387,2,2,8,8,12.938,0,0,0.30 | 0.31 | 0.31,0,1.37 | 1.75 | 2.18,0,1.84 | 2.29 | 2.92,0.945,0.000,0,1,0,0,0,0,-1,0,0,0,,0,,0,,0,0,0,1
1723836912,387,2,2,8,8,11.876,0,0,0.30 | 0.31 | 0.31,0,1.37 | 1.75 | 2.18,0,1.84 | 2.29 | 2.92,0.945,0.000,0,1,0,0,0,0,-1,0,0,0,,0,,0,,0,0,0,1
1723836913,387,2,2,8,8,11.876,0,0,0.30 | 0.31 | 0.31,0,1.37 | 1.75 | 2.18,0,1.84 | 2.29 | 2.92,0.945,0.000,0,1,0,0,0,0,-1,0,0,0,,0,,0,,0,0,0,1
1723836913,387,2,2,8,8,11.876,0,0,0.30 | 0.31 | 0.31,0,1.37 | 1.75 | 2.18,0,1.84 | 2.29 | 2.92,0.945,0.000,0,1,0,0,0,0,-1,0,0,0,,0,,0,,0,0,0,1
1723836913,387,2,2,8,8,11.876,0,0,0.30 | 0.31 | 0.31,0,1.37 | 1.75 | 2.18,0,1.84 | 2.29 | 2.92,0.945,0.000,0,1,0,0,0,0,-1,0,0,0,,0,,0,,0,0,0,1
1723836913,387,2,2,8,8,11.876,0,0,0.30 | 0.31 | 0.31,0,1.37 | 1.75 | 2.18,0,1.84 | 2.29 | 2.92,0.945,0.000,0,1,0,0,0,0,-1,0,0,0,,0,,0,,0,0,0,1
1723836913,387,2,2,8,8,11.876,0,0,0.30 | 0.31 | 0.31,0,1.37 | 1.75 | 2.18,0,1.84 | 2.29 | 2.92,0.945,0.000,0,1,0,0,0,0,-1,0,0,0,,0,,0,,0,0,0,1
1723836913,387,2,2,8,8,11.876,0,0,0.30 | 0.31 | 0.31,0,1.37 | 1.75 | 2.18,0,1.84 | 2.29 | 2.92,0.945,0.000,0,1,0,0,0,0,-1,0,0,0,,0,,0,,0,0,0,1
1723836913,387,2,2,8,8,11.876,0,0,0.30 | 0.31 | 0.31,0,1.37 | 1.75 | 2.18,0,1.84 | 2.29 | 2.92,0.945,0.000,0,1,0,0,0,0,-1,0,0,0,,0,,0,,0,0,0,1
1723836913,387,2,2,8,8,11.876,0,0,0.30 | 0.31 | 0.31,0,1.37 | 1.75 | 2.18,0,1.84 | 2.29 | 2.92,0.945,0.000,0,1,0,0,0,0,-1,0,0,0,,0,,0,,0,0,0,1
1723836913,387,2,2,8,8,11.876,0,0,0.30 | 0.31 | 0.31,0,1.37 | 1.75 | 2.18,0,1.84 | 2.29 | 2.92,0.945,0.000,0,1,0,0,0,0,-1,0,0,0,,0,,0,,0,0,0,1
1723836913,387,2,2,8,8,10.873,0,0,0.30 | 0.31 | 0.31,0,1.37 | 1.75 | 2.18,0,1.84 | 2.29 | 2.92,0.945,0.000,0,1,0,0,0,0,-1,0,0,0,,0,,0,,0,0,0,1
1723836914,387,2,2,8,8,10.873,0,0,0.30 | 0.31 | 0.31,0,1.37 | 1.75 | 2.18,0,1.84 | 2.29 | 2.92,0.945,0.000,0,1,0,0,0,0,-1,0,0,0,,0,,0,,0,0,0,1
1723836914,387,2,2,8,8,10.873,0,0,0.30 | 0.31 | 0.31,0,1.37 | 1.75 | 2.18,0,1.84 | 2.29 | 2.92,0.945,0.000,0,1,0,0,0,0,-1,0,0,0,,0,,0,,0,0,0,1
1723836914,387,2,2,8,8,10.873,0,0,0.30 | 0.31 | 0.31,0,1.37 | 1.75 | 2.18,0,1.84 | 2.29 | 2.92,0.945,0.000,0,1,0,0,0,0,-1,0,0,0,,0,,0,,0,0,0,1
1723836914,387,2,2,8,8,10.873,0,0,0.30 | 0.31 | 0.31,0,1.37 | 1.75 | 2.18,0,1.84 | 2.29 | 2.92,0.945,0.000,0,1,0,0,0,0,-1,0,0,0,,0,,0,,0,0,0,1
1723836914,387,2,2,8,8,10.873,0,0,0.30 | 0.31 | 0.31,0,1.37 | 1.75 | 2.18,0,1.84 | 2.29 | 2.92,0.945,0.000,0,1,0,0,0,0,-1,0,0,0,,0,,0,,0,0,0,1
1723836914,387,2,2,8,8,10.873,0,0,0.30 | 0.31 | 0.31,0,1.37 | 1.75 | 2.18,0,1.84 | 2.29 | 2.92,0.945,0.000,0,1,0,0,0,0,-1,0,0,0,,0,,0,,0,0,0,1
1723836914,387,2,2,8,8,10.873,0,0,0.30 | 0.31 | 0.31,0,1.37 | 1.75 | 2.18,0,1.84 | 2.29 | 2.92,0.945,0.000,0,1,0,0,0,0,-1,0,0,0,,0,,0,,0,0,0,1
1723836914,387,2,2,8,8,10.873,0,0,0.30 | 0.31 | 0.31,0,1.37 | 1.75 | 2.18,0,1.84 | 2.29 | 2.92,0.945,0.000,0,1,0,0,0,0,-1,0,0,0,,0,,0,,0,0,0,1
1723836914,387,2,2,8,8,10.873,0,0,0.30 | 0.31 | 0.31,0,1.37 | 1.75 | 2.18,0,1.84 | 2.29 | 2.92,0.945,0.000,0,1,0,0,0,0,-1,0,0,0,,0,,0,,0,0,0,1
1723836914,387,2,2,8,8,13.217,0,0,0.30 | 0.31 | 0.31,0,1.09 | 1.66 | 2.18,0,1.84 | 2.41 | 3.68,0.946,0.000,0,1,0,0,0,0,-1,0,0,0,,0,,0,,0,0,0,1
1723836915,387,2,2,8,8,13.217,0,0,0.30 | 0.31 | 0.31,0,1.09 | 1.66 | 2.18,0,1.84 | 2.41 | 3.68,0.946,0.000,0,1,0,0,0,0,-1,0,0,0,,0,,0,,0,0,0,1
1723836915,387,2,2,8,8,13.217,0,0,0.30 | 0.31 | 0.31,0,1.09 | 1.66 | 2.18,0,1.84 | 2.41 | 3.68,0.946,0.000,0,1,0,0,0,0,-1,0,0,0,,0,,0,,0,0,0,1
1723836915,387,2,2,8,8,13.217,0,0,0.30 | 0.31 | 0.31,0,1.09 | 1.66 | 2.18,0,1.84 | 2.41 | 3.68,0.946,0.000,0,1,0,0,0,0,-1,0,0,0,,0,,0,,0,0,0,1
1723836915,387,2,2,8,8,13.217,0,0,0.30 | 0.31 | 0.31,0,1.09 | 1.66 | 2.18,0,1.84 | 2.41 | 3.68,0.946,0.000,0,1,0,0,0,0,-1,0,0,0,,0,,0,,0,0,0,1
1723836915,387,2,2,8,8,13.217,0,0,0.30 | 0.31 | 0.31,0,1.09 | 1.66 | 2.18,0,1.84 | 2.41 | 3.68,0.946,0.000,0,1,0,0,0,0,-1,0,0,0,,0,,0,,0,0,0,1
1723836915,387,2,2,8,8,13.217,0,0,0.30 | 0.31 | 0.31,0,1.09 | 1.66 | 2.18,0,1.84 | 2.41 | 3.68,0.946,0.000,0,1,0,0,0,0,-1,0,0,0,,0,,0,,0,0,0,1
1723836915,387,2,2,8,8,13.217,0,0,0.30 | 0.31 | 0.31,0,1.09 | 1.66 | 2.18,0,1.84 | 2.41 | 3.68,0.946,0.000,0,1,0,0,0,0,-1,0,0,0,,0,,0,,0,0,0,1
1723836915,387,2,2,8,8,13.217,0,0,0.30 | 0.31 | 0.31,0,1.09 | 1.66 | 2.18,0,1.84 | 2.41 | 3.68,0.946,0.000,0,1,0,0,0,0,-1,0,0,0,,0,,0,,0,0,0,1
1723836915,387,2,2,8,8,13.217,0,0,0.30 | 0.31 | 0.31,0,1.09 | 1.66 | 2.18,0,1.84 | 2.41 | 3.68,0.946,0.000,0,1,0,0,0,0,-1,0,0,0,,0,,0,,0,0,0,1
1723836915,387,2,2,8,8,12.154,0,0,0.30 | 0.31 | 0.31,0,1.09 | 1.66 | 2.18,0,1.84 | 2.41 | 3.68,0.946,0.000,0,1,0,0,0,0,-1,0,0,0,,0,,0,,0,0,0,1
1723836916,387,2,2,8,8,12.154,0,0,0.30 | 0.31 | 0.31,0,1.09 | 1.66 | 2.18,0,1.84 | 2.41 | 3.68,0.946,0.000,0,1,0,0,0,0,-1,0,0,0,,0,,0,,0,0,0,1
1723836916,387,2,2,8,8,12.154,0,0,0.30 | 0.31 | 0.31,0,1.09 | 1.66 | 2.18,0,1.84 | 2.41 | 3.68,0.946,0.000,0,1,0,0,0,0,-1,0,0,0,,0,,0,,0,0,0,1
1723836916,387,2,2,8,8,12.154,0,0,0.30 | 0.31 | 0.31,0,1.09 | 1.66 | 2.18,0,1.84 | 2.41 | 3.68,0.946,0.000,0,1,0,0,0,0,-1,0,0,0,,0,,0,,0,0,0,1
1723836916,387,2,2,8,8,12.154,0,0,0.30 | 0.31 | 0.31,0,1.09 | 1.66 | 2.18,0,1.84 | 2.41 | 3.68,0.946,0.000,0,1,0,0,0,0,-1,0,0,0,,0,,0,,0,0,0,1
1723836916,387,2,2,8,8,12.154,0,0,0.30 | 0.31 | 0.31,0,1.09 | 1.66 | 2.18,0,1.84 | 2.41 | 3.68,0.946,0.000,0,1,0,0,0,0,-1,0,0,0,,0,,0,,0,0,0,1
1723836916,387,2,2,8,8,12.154,0,0,0.30 | 0.31 | 0.31,0,1.09 | 1.66 | 2.18,0,1.84 | 2.41 | 3.68,0.946,0.000,0,1,0,0,0,0,-1,0,0,0,,0,,0,,0,0,0,1
1723836916,387,2,2,8,8,12.154,0,0,0.30 | 0.31 | 0.31,0,1.09 | 1.66 | 2.18,0,1.84 | 2.41 | 3.68,0.946,0.000,0,1,0,0,0,0,-1,0,0,0,,0,,0,,0,0,0,1
1723836916,387,2,2,8,8,12.154,0,0,0.30 | 0.31 | 0.31,0,1.09 | 1.66 | 2.18,0,1.84 | 2.41 | 3.68,0.946,0.000,0,1,0,0,0,0,-1,0,0,0,,0,,0,,0,0,0,1
1723836916,387,2,2,8,8,12.154,0,0,0.30 | 0.31 | 0.31,0,1.09 | 1.66 | 2.18,0,1.84 | 2.41 | 3.68,0.946,0.000,0,1,0,0,0,0,-1,0,0,0,,0,,0,,0,0,0,1
1723836916,387,2,2,8,8,11.091,0,0,0.30 | 0.31 | 0.31,0,1.09 | 1.66 | 2.18,0,1.84 | 2.41 | 3.68,0.946,0.000,0,1,0,0,0,0,-1,0,0,0,,0,,0,,0,0,0,1
1723836917,387,2,2,8,8,11.091,0,0,0.30 | 0.31 | 0.31,0,1.09 | 1.66 | 2.18,0,1.84 | 2.41 | 3.68,0.946,0.000,0,1,0,0,0,0,-1,0,0,0,,0,,0,,0,0,0,1
1723836917,387,2,2,8,8,11.091,0,0,0.30 | 0.31 | 0.31,0,1.09 | 1.66 | 2.18,0,1.84 | 2.41 | 3.68,0.946,0.000,0,1,0,0,0,0,-1,0,0,0,,0,,0,,0,0,0,1
1723836917,387,2,2,8,8,11.091,0,0,0.30 | 0.31 | 0.31,0,1.09 | 1.66 | 2.18,0,1.84 | 2.41 | 3.68,0.946,0.000,0,1,0,0,0,0,-1,0,0,0,,0,,0,,0,0,0,1
1723836917,387,2,2,8,8,11.091,0,0,0.30 | 0.31 | 0.31,0,1.09 | 1.66 | 2.18,0,1.84 | 2.41 | 3.68,0.946,0.000,0,1,0,0,0,0,-1,0,0,0,,0,,0,,0,0,0,1
1723836917,387,2,2,8,8,11.091,0,0,0.30 | 0.31 | 0.31,0,1.09 | 1.66 | 2.18,0,1.84 | 2.41 | 3.68,0.946,0.000,0,1,0,0,0,0,-1,0,0,0,,0,,0,,0,0,0,1
1723836917,387,2,2,8,8,11.091,0,0,0.30 | 0.31 | 0.31,0,1.09 | 1.66 | 2.18,0,1.84 | 2.41 | 3.68,0.946,0.000,0,1,0,0,0,0,-1,0,0,0,,0,,0,,0,0,0,1
1723836917,387,2,2,8,8,11.091,0,0,0.30 | 0.31 | 0.31,0,1.09 | 1.66 | 2.18,0,1.84 | 2.41 | 3.68,0.946,0.000,0,1,0,0,0,0,-1,0,0,0,,0,,0,,0,0,0,1
1723836917,387,2,2,8,8,11.091,0,0,0.30 | 0.31 | 0.31,0,1.09 | 1.66 | 2.18,0,1.84 | 2.41 | 3.68,0.946,0.000,0,1,0,0,0,0,-1,0,0,0,,0,,0,,0,0,0,1
1723836917,387,2,2,8,8,11.091,0,0,0.30 | 0.31 | 0.31,0,1.09 | 1.66 | 2.18,0,1.84 | 2.41 | 3.68,0.946,0.000,0,1,0,0,0,0,-1,0,0,0,,0,,0,,0,0,0,1
1723836917,387,2,2,8,8,10.295,0,0,0.30 | 0.31 | 0.31,0,1.09 | 1.66 | 2.18,0,1.84 | 2.41 | 3.68,0.946,0.000,0,1,0,0,0,0,-1,0,0,0,,0,,0,,0,0,0,1
1723836918,387,2,2,8,8,10.295,0,0,0.30 | 0.31 | 0.31,0,1.09 | 1.66 | 2.18,0,1.84 | 2.41 | 3.68,0.946,0.000,0,1,0,0,0,0,-1,0,0,0,,0,,0,,0,0,0,1
1723836918,387,2,2,8,8,10.295,0,0,0.30 | 0.31 | 0.31,0,1.09 | 1.66 | 2.18,0,1.84 | 2.41 | 3.68,0.946,0.000,0,1,0,0,0,0,-1,0,0,0,,0,,0,,0,0,0,1
1723836918,387,2,2,8,8,10.295,0,0,0.30 | 0.31 | 0.31,0,1.09 | 1.66 | 2.18,0,1.84 | 2.41 | 3.68,0.946,0.000,0,1,0,0,0,0,-1,0,0,0,,0,,0,,0,0,0,1
1723836918,387,2,2,8,8,10.295,0,0,0.30 | 0.31 | 0.31,0,1.09 | 1.66 | 2.18,0,1.84 | 2.41 | 3.68,0.946,0.000,0,1,0,0,0,0,-1,0,0,0,,0,,0,,0,0,0,1
1723836918,387,2,2,8,8,10.295,0,0,0.30 | 0.31 | 0.31,0,1.09 | 1.66 | 2.18,0,1.84 | 2.41 | 3.68,0.946,0.000,0,1,0,0,0,0,-1,0,0,0,,0,,0,,0,0,0,1
1723836918,387,2,2,8,8,10.295,0,0,0.30 | 0.31 | 0.31,0,1.09 | 1.66 | 2.18,0,1.84 | 2.41 | 3.68,0.946,0.000,0,1,0,0,0,0,-1,0,0,0,,0,,0,,0,0,0,1
1723836918,387,2,2,8,8,10.295,0,0,0.30 | 0.31 | 0.31,0,1.09 | 1.66 | 2.18,0,1.84 | 2.41 | 3.68,0.946,0.000,0,1,0,0,0,0,-1,0,0,0,,0,,0,,0,0,0,1
1723836918,387,2,2,8,8,10.295,0,0,0.30 | 0.31 | 0.31,0,1.09 | 1.66 | 2.18,0,1.84 | 2.41 | 3.68,0.946,0.000,0,1,0,0,0,0,-1,0,0,0,,0,,0,,0,0,0,1
1723836918,387,2,2,8,8,10.295,0,0,0.30 | 0.31 | 0.31,0,1.09 | 1.66 | 2.18,0,1.84 | 2.41 | 3.68,0.946,0.000,0,1,0,0,0,0,-1,0,0,0,,0,,0,,0,0,0,1
1723836918,387,2,2,8,8,14.032,0,0,0.30 | 0.31 | 0.33,0,1.09 | 1.60 | 2.01,0,1.99 | 2.50 | 3.68,0.961,0.000,0,1,0,0,0,0,-1,0,0,0,,0,,0,,0,0,0,1
1723836919,387,2,2,8,8,14.032,0,0,0.30 | 0.31 | 0.33,0,1.09 | 1.60 | 2.01,0,1.99 | 2.50 | 3.68,0.961,0.000,0,1,0,0,0,0,-1,0,0,0,,0,,0,,0,0,0,1
1723836919,387,2,2,8,8,14.032,0,0,0.30 | 0.31 | 0.33,0,1.09 | 1.60 | 2.01,0,1.99 | 2.50 | 3.68,0.961,0.000,0,1,0,0,0,0,-1,0,0,0,,0,,0,,0,0,0,1
1723836919,387,2,2,8,8,14.032,0,0,0.30 | 0.31 | 0.33,0,1.09 | 1.60 | 2.01,0,1.99 | 2.50 | 3.68,0.961,0.000,0,1,0,0,0,0,-1,0,0,0,,0,,0,,0,0,0,1
1723836919,387,2,2,8,8,14.032,0,0,0.30 | 0.31 | 0.33,0,1.09 | 1.60 | 2.01,0,1.99 | 2.50 | 3.68,0.961,0.000,0,1,0,0,0,0,-1,0,0,0,,0,,0,,0,0,0,1
1723836919,387,2,2,8,8,14.032,0,0,0.30 | 0.31 | 0.33,0,1.09 | 1.60 | 2.01,0,1.99 | 2.50 | 3.68,0.961,0.000,0,1,0,0,0,0,-1,0,0,0,,0,,0,,0,0,0,1
1723836919,387,2,2,8,8,14.032,0,0,0.30 | 0.31 | 0.33,0,1.09 | 1.60 | 2.01,0,1.99 | 2.50 | 3.68,0.961,0.000,0,1,0,0,0,0,-1,0,0,0,,0,,0,,0,0,0,1
1723836919,387,2,2,8,8,14.032,0,0,0.30 | 0.31 | 0.33,0,1.09 | 1.60 | 2.01,0,1.99 | 2.50 | 3.68,0.961,0.000,0,1,0,0,0,0,-1,0,0,0,,0,,0,,0,0,0,1
1723836919,387,2,2,8,8,14.032,0,0,0.30 | 0.31 | 0.33,0,1.09 | 1.60 | 2.01,0,1.99 | 2.50 | 3.68,0.961,0.000,0,1,0,0,0,0,-1,0,0,0,,0,,0,,0,0,0,1
1723836919,387,2,2,8,8,14.032,0,0,0.30 | 0.31 | 0.33,0,1.09 | 1.60 | 2.01,0,1.99 | 2.50 | 3.68,0.961,0.000,0,1,0,0,0,0,-1,0,0,0,,0,,0,,0,0,0,1
1723836919,387,2,2,8,8,12.97,0,0,0.30 | 0.31 | 0.33,0,1.09 | 1.60 | 2.01,0,1.99 | 2.50 | 3.68,0.961,0.000,0,1,0,0,0,0,-1,0,0,0,,0,,0,,0,0,0,1
1723836920,387,2,2,8,8,12.97,0,0,0.30 | 0.31 | 0.33,0,1.09 | 1.60 | 2.01,0,1.99 | 2.50 | 3.68,0.961,0.000,0,1,0,0,0,0,-1,0,0,0,,0,,0,,0,0,0,1
1723836920,387,2,2,8,8,12.97,0,0,0.30 | 0.31 | 0.33,0,1.09 | 1.60 | 2.01,0,1.99 | 2.50 | 3.68,0.961,0.000,0,1,0,0,0,0,-1,0,0,0,,0,,0,,0,0,0,1
1723836920,387,2,2,8,8,12.97,0,0,0.30 | 0.31 | 0.33,0,1.09 | 1.60 | 2.01,0,1.99 | 2.50 | 3.68,0.961,0.000,0,1,0,0,0,0,-1,0,0,0,,0,,0,,0,0,0,1
1723836920,387,2,2,8,8,12.97,0,0,0.30 | 0.31 | 0.33,0,1.09 | 1.60 | 2.01,0,1.99 | 2.50 | 3.68,0.961,0.000,0,1,0,0,0,0,-1,0,0,0,,0,,0,,0,0,0,1
1723836920,387,2,2,8,8,12.97,0,0,0.30 | 0.31 | 0.33,0,1.09 | 1.60 | 2.01,0,1.99 | 2.50 | 3.68,0.961,0.000,0,1,0,0,0,0,-1,0,0,0,,0,,0,,0,0,0,1
1723836920,387,2,2,8,8,12.97,0,0,0.30 | 0.31 | 0.33,0,1.09 | 1.60 | 2.01,0,1.99 | 2.50 | 3.68,0.961,0.000,0,1,0,0,0,0,-1,0,0,0,,0,,0,,0,0,0,1
1723836920,387,2,2,8,8,12.97,0,0,0.30 | 0.31 | 0.33,0,1.09 | 1.60 | 2.01,0,1.99 | 2.50 | 3.68,0.961,0.000,0,1,0,0,0,0,-1,0,0,0,,0,,0,,0,0,0,1
1723836920,387,2,2,8,8,12.97,0,0,0.30 | 0.31 | 0.33,0,1.09 | 1.60 | 2.01,0,1.99 | 2.50 | 3.68,0.961,0.000,0,1,0,0,0,0,-1,0,0,0,,0,,0,,0,0,0,1
1723836920,387,2,2,8,8,12.97,0,0,0.30 | 0.31 | 0.33,0,1.09 | 1.60 | 2.01,0,1.99 | 2.50 | 3.68,0.961,0.000,0,1,0,0,0,0,-1,0,0,0,,0,,0,,0,0,0,1
1723836920,387,2,2,8,8,11.907,0,0,0.30 | 0.31 | 0.33,0,1.09 | 1.60 | 2.01,0,1.99 | 2.50 | 3.68,0.961,0.000,0,1,0,0,0,0,-1,0,0,0,,0,,0,,0,0,0,1
1723836921,387,2,2,8,8,11.907,0,0,0.30 | 0.31 | 0.33,0,1.09 | 1.60 | 2.01,0,1.99 | 2.50 | 3.68,0.961,0.000,0,1,0,0,0,0,-1,0,0,0,,0,,0,,0,0,0,1
1723836921,387,2,2,8,8,11.907,0,0,0.30 | 0.31 | 0.33,0,1.09 | 1.60 | 2.01,0,1.99 | 2.50 | 3.68,0.961,0.000,0,1,0,0,0,0,-1,0,0,0,,0,,0,,0,0,0,1
1723836921,387,2,2,8,8,11.907,0,0,0.30 | 0.31 | 0.33,0,1.09 | 1.60 | 2.01,0,1.99 | 2.50 | 3.68,0.961,0.000,0,1,0,0,0,0,-1,0,0,0,,0,,0,,0,0,0,1
1723836921,772,2,4,8,8,11.907,0,0,0.30 | 0.31 | 0.33,0,1.09 | 1.60 | 2.01,0,1.99 | 2.50 | 3.68,0.961,0.000,0,1,0,0,0,0,-1,0,0,0,,0,,0,,0,0,0,1
1723836921,772,2,4,8,8,11.907,0,0,0.30 | 0.31 | 0.33,0,1.09 | 1.60 | 2.01,0,1.99 | 2.50 | 3.68,0.961,0.000,0,1,0,0,0,0,-1,0,0,0,,0,,0,,0,0,0,1
1723836921,772,2,4,8,8,11.907,0,0,0.30 | 0.31 | 0.33,0,1.09 | 1.60 | 2.01,0,1.99 | 2.50 | 3.68,0.961,0.000,0,1,0,0,0,0,-1,0,0,0,,0,,0,,0,0,0,1
1723836921,772,2,4,8,8,11.907,0,0,0.30 | 0.31 | 0.33,0,1.09 | 1.60 | 2.01,0,1.99 | 2.50 | 3.68,0.961,0.000,0,1,0,0,0,0,-1,0,0,0,,0,,0,,0,0,0,1
1723836921,772,2,4,8,8,11.907,0,0,0.30 | 0.31 | 0.33,0,1.09 | 1.60 | 2.01,0,1.99 | 2.50 | 3.68,0.961,0.000,0,1,0,0,0,0,-1,0,0,0,,0,,0,,0,0,0,1
1723836921,772,2,4,8,8,11.907,0,0,0.30 | 0.31 | 0.33,0,1.09 | 1.60 | 2.01,0,1.99 | 2.50 | 3.68,0.961,0.000,0,1,0,0,0,0,-1,0,0,0,,0,,0,,0,0,0,1
1723836921,772,2,4,8,8,11.001,0,0,0.30 | 0.31 | 0.33,0,1.09 | 1.60 | 2.01,0,1.99 | 2.50 | 3.68,0.961,0.000,0,1,0,0,0,0,-1,0,0,0,,0,,0,,0,0,0,1
1723836922,772,2,4,8,8,11.001,0,0,0.30 | 0.31 | 0.33,0,1.09 | 1.60 | 2.01,0,1.99 | 2.50 | 3.68,0.961,0.000,0,1,0,0,0,0,-1,0,0,0,,0,,0,,0,0,0,1
1723836922,772,2,4,8,8,11.001,0,0,0.30 | 0.31 | 0.33,0,1.09 | 1.60 | 2.01,0,1.99 | 2.50 | 3.68,0.961,0.000,0,1,0,0,0,0,-1,0,0,0,,0,,0,,0,0,0,1
1723836922,772,2,4,8,8,11.001,0,0,0.30 | 0.31 | 0.33,0,1.09 | 1.60 | 2.01,0,1.99 | 2.50 | 3.68,0.961,0.000,0,1,0,0,0,0,-1,0,0,0,,0,,0,,0,0,0,1
1723836922,772,2,4,8,8,11.001,0,0,0.30 | 0.31 | 0.33,0,1.09 | 1.60 | 2.01,0,1.99 | 2.50 | 3.68,0.961,0.000,0,1,0,0,0,0,-1,0,0,0,,0,,0,,0,0,0,1
1723836922,772,2,4,8,8,11.001,0,0,0.30 | 0.31 | 0.33,0,1.09 | 1.60 | 2.01,0,1.99 | 2.50 | 3.68,0.961,0.000,0,1,0,0,0,0,-1,0,0,0,,0,,0,,0,0,0,1
1723836922,772,2,4,8,8,11.001,0,0,0.30 | 0.31 | 0.33,0,1.09 | 1.60 | 2.01,0,1.99 | 2.50 | 3.68,0.961,0.000,0,1,0,0,0,0,-1,0,0,0,,0,,0,,0,0,0,1
1723836922,772,2,4,8,8,11.001,0,0,0.30 | 0.31 | 0.33,0,1.09 | 1.60 | 2.01,0,1.99 | 2.50 | 3.68,0.961,0.000,0,1,0,0,0,0,-1,0,0,0,,0,,0,,0,0,0,1
1723836922,772,2,4,8,8,11.001,0,0,0.30 | 0.31 | 0.33,0,1.09 | 1.60 | 2.01,0,1.99 | 2.50 | 3.68,0.961,0.000,0,1,0,0,0,0,-1,0,0,0,,0,,0,,0,0,0,1
1723836922,772,2,4,8,8,11.001,0,0,0.30 | 0.31 | 0.33,0,1.09 | 1.60 | 2.01,0,1.99 | 2.50 | 3.68,0.961,0.000,0,1,0,0,0,0,-1,0,0,0,,0,,0,,0,0,0,1
1723836922,772,2,4,8,8,10.048,0,0,0.30 | 0.31 | 0.33,0,1.09 | 1.60 | 2.01,0,1.99 | 2.50 | 3.68,0.961,0.000,0,1,0,0,0,0,-1,0,0,0,,0,,0,,0,0,0,1
1723836923,772,2,4,8,8,10.048,0,0,0.30 | 0.31 | 0.33,0,1.09 | 1.60 | 2.01,0,1.99 | 2.50 | 3.68,0.961,0.000,0,1,0,0,0,0,-1,0,0,0,,0,,0,,0,0,0,1
1723836923,772,2,4,8,8,10.048,0,0,0.30 | 0.31 | 0.33,0,1.09 | 1.60 | 2.01,0,1.99 | 2.50 | 3.68,0.961,0.000,0,1,0,0,0,0,-1,0,0,0,,0,,0,,0,0,0,1
1723836923,772,2,4,8,8,10.048,0,0,0.30 | 0.31 | 0.33,0,1.09 | 1.60 | 2.01,0,1.99 | 2.50 | 3.68,0.961,0.000,0,1,0,0,0,0,-1,0,0,0,,0,,0,,0,0,0,1
1723836923,772,2,4,8,8,10.048,0,0,0.30 | 0.31 | 0.33,0,1.09 | 1.60 | 2.01,0,1.99 | 2.50 | 3.68,0.961,0.000,0,1,0,0,0,0,-1,0,0,0,,0,,0,,0,0,0,1
1723836923,772,2,4,8,8,10.048,0,0,0.30 | 0.31 | 0.33,0,1.09 | 1.60 | 2.01,0,1.99 | 2.50 | 3.68,0.961,0.000,0,1,0,0,0,0,-1,0,0,0,,0,,0,,0,0,0,1
1723836923,772,2,4,8,8,10.048,0,0,0.30 | 0.31 | 0.33,0,1.09 | 1.60 | 2.01,0,1.99 | 2.50 | 3.68,0.961,0.000,0,1,0,0,0,0,-1,0,0,0,,0,,0,,0,0,0,1
1723836923,772,2,4,8,8,10.048,0,0,0.30 | 0.31 | 0.33,0,1.09 | 1.60 | 2.01,0,1.99 | 2.50 | 3.68,0.961,0.000,0,1,0,0,0,0,-1,0,0,0,,0,,0,,0,0,0,1
1723836923,772,2,4,8,8,10.048,0,0,0.30 | 0.31 | 0.33,0,1.09 | 1.60 | 2.01,0,1.99 | 2.50 | 3.68,0.961,0.000,0,1,0,0,0,0,-1,0,0,0,,0,,0,,0,0,0,1
1723836923,772,2,4,8,8,10.048,0,0,0.30 | 0.31 | 0.33,0,1.09 | 1.60 | 2.01,0,1.99 | 2.50 | 3.68,0.961,0.000,0,1,0,0,0,0,-1,0,0,0,,0,,0,,0,0,0,1
1723836923,772,2,4,8,8,8.873,0,0,0.30 | 0.31 | 0.33,0,1.09 | 1.60 | 2.01,0,1.99 | 2.50 | 3.68,0.961,0.000,0,1,0,0,0,0,-1,0,0,0,,0,,0,,0,0,0,1
1723836924,772,2,4,8,8,8.873,0,0,0.30 | 0.31 | 0.33,0,1.09 | 1.60 | 2.01,0,1.99 | 2.50 | 3.68,0.961,0.000,0,1,0,0,0,0,-1,0,0,0,,0,,0,,0,0,0,1
1723836924,772,2,4,8,8,8.873,0,0,0.30 | 0.31 | 0.33,0,1.09 | 1.60 | 2.01,0,1.99 | 2.50 | 3.68,0.961,0.000,0,1,0,0,0,0,-1,0,0,0,,0,,0,,0,0,0,1
1723836924,772,2,4,8,8,8.873,0,0,0.30 | 0.31 | 0.33,0,1.09 | 1.60 | 2.01,0,1.99 | 2.50 | 3.68,0.961,0.000,0,1,0,0,0,0,-1,0,0,0,,0,,0,,0,0,0,1
1723836924,772,4,4,8,8,8.873,0,0,0.30 | 0.31 | 0.33,0,1.09 | 1.60 | 2.01,0,1.99 | 2.50 | 3.68,0.961,0.000,0,1,0,0,0,0,-1,0,0,0,,0,,0,,0,0,0,1
1723836924,772,4,4,8,8,8.873,0,0,0.30 | 0.31 | 0.33,0,1.09 | 1.60 | 2.01,0,1.99 | 2.50 | 3.68,0.961,0.000,0,1,0,0,0,0,-1,0,0,0,,0,,0,,0,0,0,1
1723836924,772,4,4,8,8,8.873,0,0,0.30 | 0.31 | 0.33,0,1.09 | 1.60 | 2.01,0,1.99 | 2.50 | 3.68,0.961,0.000,0,1,0,0,0,0,-1,0,0,0,,0,,0,,0,0,0,1
1723836924,772,4,4,8,8,8.873,0,0,0.30 | 0.31 | 0.33,0,1.09 | 1.60 | 2.01,0,1.99 | 2.50 | 3.68,0.961,0.000,0,1,0,0,0,0,-1,0,0,0,,0,,0,,0,0,0,1
1723836924,772,4,4,8,8,8.873,0,0,0.30 | 0.31 | 0.33,0,1.09 | 1.60 | 2.01,0,1.99 | 2.50 | 3.68,0.961,0.000,0,1,0,0,0,0,-1,0,0,0,,0,,0,,0,0,0,1
1723836924,772,4,4,8,8,8.873,0,0,0.30 | 0.31 | 0.33,0,1.09 | 1.60 | 2.01,0,1.99 | 2.50 | 3.68,0.961,0.000,0,1,0,0,0,0,-1,0,0,0,,0,,0,,0,0,0,1
1723836924,772,4,4,8,8,7.923,0,0,0.30 | 0.31 | 0.33,0,1.09 | 1.82 | 2.25,0,1.78 | 2.20 | 3.68,0.960,0.000,0,1,0,0,0,0,-1,0,0,0,,0,,0,,0,0,0,1
1723836925,772,4,4,8,8,7.923,0,0,0.30 | 0.31 | 0.33,0,1.09 | 1.82 | 2.25,0,1.78 | 2.20 | 3.68,0.960,0.000,0,1,0,0,0,0,-1,0,0,0,,0,,0,,0,0,0,1
1723836925,772,4,4,8,8,7.923,0,0,0.30 | 0.31 | 0.33,0,1.09 | 1.82 | 2.25,0,1.78 | 2.20 | 3.68,0.960,0.000,0,1,0,0,0,0,-1,0,0,0,,0,,0,,0,0,0,1
1723836925,772,4,4,8,8,7.923,0,0,0.30 | 0.31 | 0.33,0,1.09 | 1.82 | 2.25,0,1.78 | 2.20 | 3.68,0.960,0.000,0,1,0,0,0,0,-1,0,0,0,,0,,0,,0,0,0,1
1723836925,772,4,4,8,8,7.923,0,0,0.30 | 0.31 | 0.33,0,1.09 | 1.82 | 2.25,0,1.78 | 2.20 | 3.68,0.960,0.000,0,1,0,0,0,0,-1,0,0,0,,0,,0,,0,0,0,1
1723836925,772,4,4,8,8,7.923,0,0,0.30 | 0.31 | 0.33,0,1.09 | 1.82 | 2.25,0,1.78 | 2.20 | 3.68,0.960,0.000,0,1,0,0,0,0,-1,0,0,0,,0,,0,,0,0,0,1
1723836925,772,4,4,8,8,7.923,0,0,0.30 | 0.31 | 0.33,0,1.09 | 1.82 | 2.25,0,1.78 | 2.20 | 3.68,0.960,0.000,0,1,0,0,0,0,-1,0,0,0,,0,,0,,0,0,0,1
1723836925,772,4,4,8,8,7.923,0,0,0.30 | 0.31 | 0.33,0,1.09 | 1.82 | 2.25,0,1.78 | 2.20 | 3.68,0.960,0.000,0,1,0,0,0,0,-1,0,0,0,,0,,0,,0,0,0,1
1723836925,772,4,4,8,8,7.923,0,0,0.30 | 0.31 | 0.33,0,1.09 | 1.82 | 2.25,0,1.78 | 2.20 | 3.68,0.960,0.000,0,1,0,0,0,0,-1,0,0,0,,0,,0,,0,0,0,1
1723836925,772,4,4,8,8,7.923,0,0,0.30 | 0.31 | 0.33,0,1.09 | 1.82 | 2.25,0,1.78 | 2.20 | 3.68,0.960,0.000,0,1,0,0,0,0,-1,0,0,0,,0,,0,,0,0,0,1
1723836925,772,4,4,8,8,7.126,0,0,0.30 | 0.31 | 0.33,0,1.09 | 1.82 | 2.25,0,1.78 | 2.20 | 3.68,0.960,0.000,0,1,0,0,0,0,-1,0,0,0,,0,,0,,0,0,0,1
1723836926,772,4,4,8,8,7.126,0,0,0.30 | 0.31 | 0.33,0,1.09 | 1.82 | 2.25,0,1.78 | 2.20 | 3.68,0.960,0.000,0,1,0,0,0,0,-1,0,0,0,,0,,0,,0,0,0,1
1723836926,772,4,4,8,8,7.126,0,0,0.30 | 0.31 | 0.33,0,1.09 | 1.82 | 2.25,0,1.78 | 2.20 | 3.68,0.960,0.000,0,1,0,0,0,0,-1,0,0,0,,0,,0,,0,0,0,1
1723836926,772,4,4,8,8,7.126,0,0,0.30 | 0.31 | 0.33,0,1.09 | 1.82 | 2.25,0,1.78 | 2.20 | 3.68,0.960,0.000,0,1,0,0,0,0,-1,0,0,0,,0,,0,,0,0,0,1
1723836926,772,4,4,8,8,7.126,0,0,0.30 | 0.31 | 0.33,0,1.09 | 1.82 | 2.25,0,1.78 | 2.20 | 3.68,0.960,0.000,0,1,0,0,0,0,-1,0,0,0,,0,,0,,0,0,0,1
1723836926,772,4,4,8,8,7.126,0,0,0.30 | 0.31 | 0.33,0,1.09 | 1.82 | 2.25,0,1.78 | 2.20 | 3.68,0.960,0.000,0,1,0,0,0,0,-1,0,0,0,,0,,0,,0,0,0,1
1723836926,772,4,4,8,8,7.126,0,0,0.30 | 0.31 | 0.33,0,1.09 | 1.82 | 2.25,0,1.78 | 2.20 | 3.68,0.960,0.000,0,1,0,0,0,0,-1,0,0,0,,0,,0,,0,0,0,1
1723836926,772,4,4,8,8,7.126,0,0,0.30 | 0.31 | 0.33,0,1.09 | 1.82 | 2.25,0,1.78 | 2.20 | 3.68,0.960,0.000,0,1,0,0,0,0,-1,0,0,0,,0,,0,,0,0,0,1
1723836926,772,4,4,8,8,7.126,0,0,0.30 | 0.31 | 0.33,0,1.09 | 1.82 | 2.25,0,1.78 | 2.20 | 3.68,0.960,0.000,0,1,0,0,0,0,-1,0,0,0,,0,,0,,0,0,0,1
1723836926,772,4,4,8,8,7.126,0,0,0.30 | 0.31 | 0.33,0,1.09 | 1.82 | 2.25,0,1.78 | 2.20 | 3.68,0.960,0.000,0,1,0,0,0,0,-1,0,0,0,,0,,0,,0,0,0,1
1723836926,772,4,4,8,8,6.063,0,0,0.30 | 0.31 | 0.33,0,1.09 | 1.82 | 2.25,0,1.78 | 2.20 | 3.68,0.960,0.000,0,1,0,0,0,0,-1,0,0,0,,0,,0,,0,0,0,1
1723836927,772,4,4,8,8,6.063,0,0,0.30 | 0.31 | 0.33,0,1.09 | 1.82 | 2.25,0,1.78 | 2.20 | 3.68,0.960,0.000,0,1,0,0,0,0,-1,0,0,0,,0,,0,,0,0,0,1
1723836927,772,4,4,8,8,6.063,0,0,0.30 | 0.31 | 0.33,0,1.09 | 1.82 | 2.25,0,1.78 | 2.20 | 3.68,0.960,0.000,0,1,0,0,0,0,-1,0,0,0,,0,,0,,0,0,0,1
1723836927,772,4,4,8,8,6.063,0,0,0.30 | 0.31 | 0.33,0,1.09 | 1.82 | 2.25,0,1.78 | 2.20 | 3.68,0.960,0.000,0,1,0,0,0,0,-1,0,0,0,,0,,0,,0,0,0,1
1723836927,772,4,4,8,8,6.063,0,0,0.30 | 0.31 | 0.33,0,1.09 | 1.82 | 2.25,0,1.78 | 2.20 | 3.68,0.960,0.000,0,1,0,0,0,0,-1,0,0,0,,0,,0,,0,0,0,1
1723836927,772,4,4,8,8,6.063,0,0,0.30 | 0.31 | 0.33,0,1.09 | 1.82 | 2.25,0,1.78 | 2.20 | 3.68,0.960,0.000,0,1,0,0,0,0,-1,0,0,0,,0,,0,,0,0,0,1
1723836927,772,4,4,8,8,6.063,0,0,0.30 | 0.31 | 0.33,0,1.09 | 1.82 | 2.25,0,1.78 | 2.20 | 3.68,0.960,0.000,0,1,0,0,0,0,-1,0,0,0,,0,,0,,0,0,0,1
1723836927,772,4,4,8,8,6.063,0,0,0.30 | 0.31 | 0.33,0,1.09 | 1.82 | 2.25,0,1.78 | 2.20 | 3.68,0.960,0.000,0,1,0,0,0,0,-1,0,0,0,,0,,0,,0,0,0,1
1723836927,772,4,4,8,8,6.063,0,0,0.30 | 0.31 | 0.33,0,1.09 | 1.82 | 2.25,0,1.78 | 2.20 | 3.68,0.960,0.000,0,1,0,0,0,0,-1,0,0,0,,0,,0,,0,0,0,1
1723836927,772,4,4,8,8,6.063,0,0,0.30 | 0.31 | 0.33,0,1.09 | 1.82 | 2.25,0,1.78 | 2.20 | 3.68,0.960,0.000,0,1,0,0,0,0,-1,0,0,0,,0,,0,,0,0,0,1
1723836927,772,4,4,8,8,5.001,0,0,0.30 | 0.31 | 0.33,0,1.09 | 1.82 | 2.25,0,1.78 | 2.20 | 3.68,0.960,0.000,0,1,0,0,0,0,-1,0,0,0,,0,,0,,0,0,0,1
1723836928,772,2,4,8,8,5.001,0,0,0.30 | 0.31 | 0.33,0,1.09 | 1.82 | 2.25,0,1.78 | 2.20 | 3.68,0.960,0.000,0,1,0,0,0,0,-1,0,0,0,,0,,0,,0,0,0,1
1723836928,772,2,4,8,8,5.001,0,0,0.30 | 0.31 | 0.33,0,1.09 | 1.82 | 2.25,0,1.78 | 2.20 | 3.68,0.960,0.000,0,1,0,0,0,0,-1,0,0,0,,0,,0,,0,0,0,1
1723836928,772,2,4,8,8,5.001,0,0,0.30 | 0.31 | 0.33,0,1.09 | 1.82 | 2.25,0,1.78 | 2.20 | 3.68,0.960,0.000,0,1,0,0,0,0,-1,0,0,0,,0,,0,,0,0,0,1
1723836928,772,2,4,8,8,5.001,0,0,0.30 | 0.31 | 0.33,0,1.09 | 1.82 | 2.25,0,1.78 | 2.20 | 3.68,0.960,0.000,0,1,0,0,0,0,-1,0,0,0,,0,,0,,0,0,0,1
1723836928,387,2,2,8,8,5.001,0,0,0.30 | 0.31 | 0.33,0,1.09 | 1.82 | 2.25,0,1.78 | 2.20 | 3.68,0.960,0.000,0,1,0,0,0,0,-1,0,0,0,,0,,0,,0,0,0,1
1723836928,387,4,2,8,8,5.001,0,0,0.30 | 0.31 | 0.33,0,1.09 | 1.82 | 2.25,0,1.78 | 2.20 | 3.68,0.960,0.000,0,1,0,0,0,0,-1,0,0,0,,0,,0,,0,0,0,1
1723836928,387,4,2,8,8,5.001,0,0,0.30 | 0.31 | 0.33,0,1.09 | 1.82 | 2.25,0,1.78 | 2.20 | 3.68,0.960,0.000,0,1,0,0,0,0,-1,0,0,0,,0,,0,,0,0,0,1
1723836928,387,4,2,8,8,5.001,0,0,0.30 | 0.31 | 0.33,0,1.09 | 1.82 | 2.25,0,1.78 | 2.20 | 3.68,0.960,0.000,0,1,0,0,0,0,-1,0,0,0,,0,,0,,0,0,0,1
1723836928,387,4,2,8,8,5.001,0,0,0.30 | 0.31 | 0.33,0,1.09 | 1.82 | 2.25,0,1.78 | 2.20 | 3.68,0.960,0.000,0,1,0,0,0,0,-1,0,0,0,,0,,0,,0,0,0,1
1723836928,387,4,2,8,8,3.938,0,0,0.30 | 0.31 | 0.33,0,1.09 | 2.29 | 3.90,0,1.03 | 1.75 | 3.68,0.954,0.000,0,1,0,0,0,0,-1,0,0,0,,0,,0,,0,0,0,1
1723836929,387,4,2,8,8,3.938,0,0,0.30 | 0.31 | 0.33,0,1.09 | 2.29 | 3.90,0,1.03 | 1.75 | 3.68,0.954,0.000,0,1,0,0,0,0,-1,0,0,0,,0,,0,,0,0,0,1
1723836929,387,4,2,8,8,3.938,0,0,0.30 | 0.31 | 0.33,0,1.09 | 2.29 | 3.90,0,1.03 | 1.75 | 3.68,0.954,0.000,0,1,0,0,0,0,-1,0,0,0,,0,,0,,0,0,0,1
1723836929,387,4,2,8,8,3.938,0,0,0.30 | 0.31 | 0.33,0,1.09 | 2.29 | 3.90,0,1.03 | 1.75 | 3.68,0.954,0.000,0,1,0,0,0,0,-1,0,0,0,,0,,0,,0,0,0,1
1723836929,387,4,2,8,8,3.938,0,0,0.30 | 0.31 | 0.33,0,1.09 | 2.29 | 3.90,0,1.03 | 1.75 | 3.68,0.954,0.000,0,1,0,0,0,0,-1,0,0,0,,0,,0,,0,0,0,1
1723836929,387,4,2,8,8,3.938,0,0,0.30 | 0.31 | 0.33,0,1.09 | 2.29 | 3.90,0,1.03 | 1.75 | 3.68,0.954,0.000,0,1,0,0,0,0,-1,0,0,0,,0,,0,,0,0,0,1
1723836929,387,4,2,8,8,3.938,0,0,0.30 | 0.31 | 0.33,0,1.09 | 2.29 | 3.90,0,1.03 | 1.75 | 3.68,0.954,0.000,0,1,0,0,0,0,-1,0,0,0,,0,,0,,0,0,0,1
1723836929,387,4,2,8,8,3.938,0,0,0.30 | 0.31 | 0.33,0,1.09 | 2.29 | 3.90,0,1.03 | 1.75 | 3.68,0.954,0.000,0,1,0,0,0,0,-1,0,0,0,,0,,0,,0,0,0,1
1723836929,387,4,2,8,8,3.938,0,0,0.30 | 0.31 | 0.33,0,1.09 | 2.29 | 3.90,0,1.03 | 1.75 | 3.68,0.954,0.000,0,1,0,0,0,0,-1,0,0,0,,0,,0,,0,0,0,1
1723836929,387,4,2,8,8,3.938,0,0,0.30 | 0.31 | 0.33,0,1.09 | 2.29 | 3.90,0,1.03 | 1.75 | 3.68,0.954,0.000,0,1,0,0,0,0,-1,0,0,0,,0,,0,,0,0,0,1
1723836929,387,4,2,8,8,2.876,0,0,0.30 | 0.31 | 0.33,0,1.09 | 2.29 | 3.90,0,1.03 | 1.75 | 3.68,0.954,0.000,0,1,0,0,0,0,-1,0,0,0,,0,,0,,0,0,0,1
1723836930,387,4,2,8,8,2.876,0,0,0.30 | 0.31 | 0.33,0,1.09 | 2.29 | 3.90,0,1.03 | 1.75 | 3.68,0.954,0.000,0,1,0,0,0,0,-1,0,0,0,,0,,0,,0,0,0,1
1723836930,387,4,2,8,8,2.876,0,0,0.30 | 0.31 | 0.33,0,1.09 | 2.29 | 3.90,0,1.03 | 1.75 | 3.68,0.954,0.000,0,1,0,0,0,0,-1,0,0,0,,0,,0,,0,0,0,1
1723836930,387,4,2,8,8,2.876,0,0,0.30 | 0.31 | 0.33,0,1.09 | 2.29 | 3.90,0,1.03 | 1.75 | 3.68,0.954,0.000,0,1,0,0,0,0,-1,0,0,0,,0,,0,,0,0,0,1
1723836930,387,4,2,8,8,2.876,0,0,0.30 | 0.31 | 0.33,0,1.09 | 2.29 | 3.90,0,1.03 | 1.75 | 3.68,0.954,0.000,0,1,0,0,0,0,-1,0,0,0,,0,,0,,0,0,0,1
1723836930,580,4,3,8,8,2.876,0,0,0.30 | 0.31 | 0.33,0,1.09 | 2.29 | 3.90,0,1.03 | 1.75 | 3.68,0.954,0.000,0,1,0,0,0,0,-1,0,0,0,,0,,0,,0,0,0,1
1723836930,580,4,3,8,8,2.876,0,0,0.30 | 0.31 | 0.33,0,1.09 | 2.29 | 3.90,0,1.03 | 1.75 | 3.68,0.954,0.000,0,1,0,0,0,0,-1,0,0,0,,0,,0,,0,0,0,1
1723836930,580,4,3,8,8,2.876,0,0,0.30 | 0.31 | 0.33,0,1.09 | 2.29 | 3.90,0,1.03 | 1.75 | 3.68,0.954,0.000,0,1,0,0,0,0,-1,0,0,0,,0,,0,,0,0,0,1
1723836930,580,4,3,8,8,2.876,0,0,0.30 | 0.31 | 0.33,0,1.09 | 2.29 | 3.90,0,1.03 | 1.75 | 3.68,0.954,0.000,0,1,0,0,0,0,-1,0,0,0,,0,,0,,0,0,0,1
1723836930,580,4,3,8,8,2.876,0,0,0.30 | 0.31 | 0.33,0,1.09 | 2.29 | 3.90,0,1.03 | 1.75 | 3.68,0.954,0.000,0,1,0,0,0,0,-1,0,0,0,,0,,0,,0,0,0,1
1723836930,580,4,3,8,8,5.189,0,0,0.30 | 0.31 | 0.33,0,1.36 | 2.36 | 3.90,0,1.03 | 1.70 | 2.94,0.952,0.000,0,1,0,0,0,0,-1,0,0,0,,0,,0,,0,0,0,1
1723836931,580,4,3,8,8,5.189,0,0,0.30 | 0.31 | 0.33,0,1.36 | 2.36 | 3.90,0,1.03 | 1.70 | 2.94,0.952,0.000,0,1,0,0,0,0,-1,0,0,0,,0,,0,,0,0,0,1
1723836931,580,4,3,8,8,5.189,0,0,0.30 | 0.31 | 0.33,0,1.36 | 2.36 | 3.90,0,1.03 | 1.70 | 2.94,0.952,0.000,0,1,0,0,0,0,-1,0,0,0,,0,,0,,0,0,0,1
1723836931,580,4,3,8,8,5.189,0,0,0.30 | 0.31 | 0.33,0,1.36 | 2.36 | 3.90,0,1.03 | 1.70 | 2.94,0.952,0.000,0,1,0,0,0,0,-1,0,0,0,,0,,0,,0,0,0,1
1723836931,580,4,3,8,8,5.189,0,0,0.30 | 0.31 | 0.33,0,1.36 | 2.36 | 3.90,0,1.03 | 1.70 | 2.94,0.952,0.000,0,1,0,0,0,0,-1,0,0,0,,0,,0,,0,0,0,1
1723836931,580,4,3,8,8,5.189,0,0,0.30 | 0.31 | 0.33,0,1.36 | 2.36 | 3.90,0,1.03 | 1.70 | 2.94,0.952,0.000,0,1,0,0,0,0,-1,0,0,0,,0,,0,,0,0,0,1
1723836931,580,4,3,8,8,5.189,0,0,0.30 | 0.31 | 0.33,0,1.36 | 2.36 | 3.90,0,1.03 | 1.70 | 2.94,0.952,0.000,0,1,0,0,0,0,-1,0,0,0,,0,,0,,0,0,0,1
1723836931,580,4,3,8,8,5.189,0,0,0.30 | 0.31 | 0.33,0,1.36 | 2.36 | 3.90,0,1.03 | 1.70 | 2.94,0.952,0.000,0,1,0,0,0,0,-1,0,0,0,,0,,0,,0,0,0,1
1723836931,580,4,3,8,8,5.189,0,0,0.30 | 0.31 | 0.33,0,1.36 | 2.36 | 3.90,0,1.03 | 1.70 | 2.94,0.952,0.000,0,1,0,0,0,0,-1,0,0,0,,0,,0,,0,0,0,1
1723836931,580,4,3,8,8,5.189,0,0,0.30 | 0.31 | 0.33,0,1.36 | 2.36 | 3.90,0,1.03 | 1.70 | 2.94,0.952,0.000,0,1,0,0,0,0,-1,0,0,0,,0,,0,,0,0,0,1
1723836931,580,4,3,8,8,4.217,0,0,0.30 | 0.31 | 0.33,0,1.36 | 2.36 | 3.90,0,1.03 | 1.70 | 2.94,0.952,0.000,0,1,0,0,0,0,-1,0,0,0,,0,,0,,0,0,0,1
1723836932,580,2,3,8,8,4.217,0,0,0.30 | 0.31 | 0.33,0,1.36 | 2.36 | 3.90,0,1.03 | 1.70 | 2.94,0.952,0.000,0,1,0,0,0,0,-1,0,0,0,,0,,0,,0,0,0,1
1723836932,580,2,3,8,8,4.217,0,0,0.30 | 0.31 | 0.33,0,1.36 | 2.36 | 3.90,0,1.03 | 1.70 | 2.94,0.952,0.000,0,1,0,0,0,0,-1,0,0,0,,0,,0,,0,0,0,1
1723836932,580,2,3,8,8,4.217,0,0,0.30 | 0.31 | 0.33,0,1.36 | 2.36 | 3.90,0,1.03 | 1.70 | 2.94,0.952,0.000,0,1,0,0,0,0,-1,0,0,0,,0,,0,,0,0,0,1
1723836932,580,2,3,8,8,4.217,0,0,0.30 | 0.31 | 0.33,0,1.36 | 2.36 | 3.90,0,1.03 | 1.70 | 2.94,0.952,0.000,0,1,0,0,0,0,-1,0,0,0,,0,,0,,0,0,0,1
1723836932,580,2,3,8,8,4.217,0,0,0.30 | 0.31 | 0.33,0,1.36 | 2.36 | 3.90,0,1.03 | 1.70 | 2.94,0.952,0.000,0,1,0,0,0,0,-1,0,0,0,,0,,0,,0,0,0,1
1723836932,580,2,3,8,8,4.217,0,0,0.30 | 0.31 | 0.33,0,1.36 | 2.36 | 3.90,0,1.03 | 1.70 | 2.94,0.952,0.000,0,1,0,0,0,0,-1,0,0,0,,0,,0,,0,0,0,1
1723836932,580,2,3,8,8,4.217,0,0,0.30 | 0.31 | 0.33,0,1.36 | 2.36 | 3.90,0,1.03 | 1.70 | 2.94,0.952,0.000,0,1,0,0,0,0,-1,0,0,0,,0,,0,,0,0,0,1
1723836932,580,2,3,8,8,4.217,0,0,0.30 | 0.31 | 0.33,0,1.36 | 2.36 | 3.90,0,1.03 | 1.70 | 2.94,0.952,0.000,0,1,0,0,0,0,-1,0,0,0,,0,,0,,0,0,0,1
1723836932,580,2,3,8,8,4.217,0,0,0.30 | 0.31 | 0.33,0,1.36 | 2.36 | 3.90,0,1.03 | 1.70 | 2.94,0.952,0.000,0,1,0,0,0,0,-1,0,0,0,,0,,0,,0,0,0,1
1723836932,580,2,3,8,8,3.154,0,0,0.30 | 0.31 | 0.33,0,1.36 | 2.36 | 3.90,0,1.03 | 1.70 | 2.94,0.952,0.000,0,1,0,0,0,0,-1,0,0,0,,0,,0,,0,0,0,1
1723836933,580,2,3,8,8,3.154,0,0,0.30 | 0.31 | 0.33,0,1.36 | 2.36 | 3.90,0,1.03 | 1.70 | 2.94,0.952,0.000,0,1,0,0,0,0,-1,0,0,0,,0,,0,,0,0,0,1
1723836933,580,2,3,8,8,3.154,0,0,0.30 | 0.31 | 0.33,0,1.36 | 2.36 | 3.90,0,1.03 | 1.70 | 2.94,0.952,0.000,0,1,0,0,0,0,-1,0,0,0,,0,,0,,0,0,0,1
1723836933,580,2,3,8,8,3.154,0,0,0.30 | 0.31 | 0.33,0,1.36 | 2.36 | 3.90,0,1.03 | 1.70 | 2.94,0.952,0.000,0,1,0,0,0,0,-1,0,0,0,,0,,0,,0,0,0,1
1723836933,580,2,3,8,8,3.154,0,0,0.30 | 0.31 | 0.33,0,1.36 | 2.36 | 3.90,0,1.03 | 1.70 | 2.94,0.952,0.000,0,1,0,0,0,0,-1,0,0,0,,0,,0,,0,0,0,1
1723836933,580,2,3,8,8,3.154,0,0,0.30 | 0.31 | 0.33,0,1.36 | 2.36 | 3.90,0,1.03 | 1.70 | 2.94,0.952,0.000,0,1,0,0,0,0,-1,0,0,0,,0,,0,,0,0,0,1
1723836933,580,2,3,8,8,3.154,0,0,0.30 | 0.31 | 0.33,0,1.36 | 2.36 | 3.90,0,1.03 | 1.70 | 2.94,0.952,0.000,0,1,0,0,0,0,-1,0,0,0,,0,,0,,0,0,0,1
1723836933,580,2,3,8,8,3.154,0,0,0.30 | 0.31 | 0.33,0,1.36 | 2.36 | 3.90,0,1.03 | 1.70 | 2.94,0.952,0.000,0,1,0,0,0,0,-1,0,0,0,,0,,0,,0,0,0,1
1723836933,580,2,3,8,8,3.154,0,0,0.30 | 0.31 | 0.33,0,1.36 | 2.36 | 3.90,0,1.03 | 1.70 | 2.94,0.952,0.000,0,1,0,0,0,0,-1,0,0,0,,0,,0,,0,0,0,1
1723836933,580,2,3,8,8,3.154,0,0,0.30 | 0.31 | 0.33,0,1.36 | 2.36 | 3.90,0,1.03 | 1.70 | 2.94,0.952,0.000,0,1,0,0,0,0,-1,0,0,0,,0,,0,,0,0,0,1
1723836933,580,2,3,8,8,2.072,0,0,0.30 | 0.31 | 0.33,0,1.36 | 2.36 | 3.90,0,1.03 | 1.70 | 2.94,0.952,0.000,0,1,0,0,0,0,-1,0,0,0,,0,,0,,0,0,0,1
1723836934,580,2,3,8,8,2.072,0,0,0.30 | 0.31 | 0.33,0,1.36 | 2.36 | 3.90,0,1.03 | 1.70 | 2.94,0.952,0.000,0,1,0,0,0,0,-1,0,0,0,,0,,0,,0,0,0,1
1723836934,580,2,3,8,8,2.072,0,0,0.30 | 0.31 | 0.33,0,1.36 | 2.36 | 3.90,0,1.03 | 1.70 | 2.94,0.952,0.000,0,1,0,0,0,0,-1,0,0,0,,0,,0,,0,0,0,1
1723836934,580,2,3,8,8,2.072,0,0,0.30 | 0.31 | 0.33,0,1.36 | 2.36 | 3.90,0,1.03 | 1.70 | 2.94,0.952,0.000,0,1,0,0,0,0,-1,0,0,0,,0,,0,,0,0,0,1
1723836934,580,2,3,8,8,2.072,0,0,0.30 | 0.31 | 0.33,0,1.36 | 2.36 | 3.90,0,1.03 | 1.70 | 2.94,0.952,0.000,0,1,0,0,0,0,-1,0,0,0,,0,,0,,0,0,0,1
1723836934,580,2,3,8,8,2.072,0,0,0.30 | 0.31 | 0.33,0,1.36 | 2.36 | 3.90,0,1.03 | 1.70 | 2.94,0.952,0.000,0,1,0,0,0,0,-1,0,0,0,,0,,0,,0,0,0,1
1723836934,580,2,3,8,8,2.072,0,0,0.30 | 0.31 | 0.33,0,1.36 | 2.36 | 3.90,0,1.03 | 1.70 | 2.94,0.952,0.000,0,1,0,0,0,0,-1,0,0,0,,0,,0,,0,0,0,1
1723836934,580,2,3,8,8,2.072,0,0,0.30 | 0.31 | 0.33,0,1.36 | 2.36 | 3.90,0,1.03 | 1.70 | 2.94,0.952,0.000,0,1,0,0,0,0,-1,0,0,0,,0,,0,,0,0,0,1
1723836934,580,2,3,8,8,2.072,0,0,0.30 | 0.31 | 0.33,0,1.36 | 2.36 | 3.90,0,1.03 | 1.70 | 2.94,0.952,0.000,0,1,0,0,0,0,-1,0,0,0,,0,,0,,0,0,0,1
1723836934,580,2,3,8,8,2.072,0,0,0.30 | 0.31 | 0.33,0,1.36 | 2.36 | 3.90,0,1.03 | 1.70 | 2.94,0.952,0.000,0,1,0,0,0,0,-1,0,0,0,,0,,0,,0,0,0,1
1723836934,580,2,3,8,8,6.063,0,0,0.30 | 0.31 | 0.31,0,1.36 | 2.76 | 3.90,0,1.03 | 1.45 | 2.94,0.948,0.000,0,1,0,0,0,0,-1,0,0,0,,0,,0,,0,0,0,1
1723836935,580,2,3,8,8,6.063,0,0,0.30 | 0.31 | 0.31,0,1.36 | 2.76 | 3.90,0,1.03 | 1.45 | 2.94,0.948,0.000,0,1,0,0,0,0,-1,0,0,0,,0,,0,,0,0,0,1
1723836935,580,2,3,8,8,6.063,0,0,0.30 | 0.31 | 0.31,0,1.36 | 2.76 | 3.90,0,1.03 | 1.45 | 2.94,0.948,0.000,0,1,0,0,0,0,-1,0,0,0,,0,,0,,0,0,0,1
1723836935,580,2,3,8,8,6.063,0,0,0.30 | 0.31 | 0.31,0,1.36 | 2.76 | 3.90,0,1.03 | 1.45 | 2.94,0.948,0.000,0,1,0,0,0,0,-1,0,0,0,,0,,0,,0,0,0,1
1723836935,580,2,3,8,8,6.063,0,0,0.30 | 0.31 | 0.31,0,1.36 | 2.76 | 3.90,0,1.03 | 1.45 | 2.94,0.948,0.000,0,1,0,0,0,0,-1,0,0,0,,0,,0,,0,0,0,1
1723836935,580,2,3,8,8,6.063,0,0,0.30 | 0.31 | 0.31,0,1.36 | 2.76 | 3.90,0,1.03 | 1.45 | 2.94,0.948,0.000,0,1,0,0,0,0,-1,0,0,0,,0,,0,,0,0,0,1
1723836935,580,2,3,8,8,6.063,0,0,0.30 | 0.31 | 0.31,0,1.36 | 2.76 | 3.90,0,1.03 | 1.45 | 2.94,0.948,0.000,0,1,0,0,0,0,-1,0,0,0,,0,,0,,0,0,0,1
1723836935,580,2,3,8,8,6.063,0,0,0.30 | 0.31 | 0.31,0,1.36 | 2.76 | 3.90,0,1.03 | 1.45 | 2.94,0.948,0.000,0,1,0,0,0,0,-1,0,0,0,,0,,0,,0,0,0,1
1723836935,580,2,3,8,8,6.063,0,0,0.30 | 0.31 | 0.31,0,1.36 | 2.76 | 3.90,0,1.03 | 1.45 | 2.94,0.948,0.000,0,1,0,0,0,0,-1,0,0,0,,0,,0,,0,0,0,1
1723836935,580,2,3,8,8,6.063,0,0,0.30 | 0.31 | 0.31,0,1.36 | 2.76 | 3.90,0,1.03 | 1.45 | 2.94,0.948,0.000,0,1,0,0,0,0,-1,0,0,0,,0,,0,,0,0,0,1
1723836935,580,2,3,8,8,5.032,0,0,0.30 | 0.31 | 0.31,0,1.36 | 2.76 | 3.90,0,1.03 | 1.45 | 2.94,0.948,0.000,0,1,0,0,0,0,-1,0,0,0,,0,,0,,0,0,0,1
1723836936,580,3,3,8,8,5.032,0,0,0.30 | 0.31 | 0.31,0,1.36 | 2.76 | 3.90,0,1.03 | 1.45 | 2.94,0.948,0.000,0,1,0,0,0,0,-1,0,0,0,,0,,0,,0,0,0,1
1723836936,580,3,3,8,8,5.032,0,0,0.30 | 0.31 | 0.31,0,1.36 | 2.76 | 3.90,0,1.03 | 1.45 | 2.94,0.948,0.000,0,1,0,0,0,0,-1,0,0,0,,0,,0,,0,0,0,1
1723836936,580,3,3,8,8,5.032,0,0,0.30 | 0.31 | 0.31,0,1.36 | 2.76 | 3.90,0,1.03 | 1.45 | 2.94,0.948,0.000,0,1,0,0,0,0,-1,0,0,0,,0,,0,,0,0,0,1
1723836936,580,3,3,8,8,5.032,0,0,0.30 | 0.31 | 0.31,0,1.36 | 2.76 | 3.90,0,1.03 | 1.45 | 2.94,0.948,0.000,0,1,0,0,0,0,-1,0,0,0,,0,,0,,0,0,0,1
1723836936,580,3,3,8,8,5.032,0,0,0.30 | 0.31 | 0.31,0,1.36 | 2.76 | 3.90,0,1.03 | 1.45 | 2.94,0.948,0.000,0,1,0,0,0,0,-1,0,0,0,,0,,0,,0,0,0,1
1723836936,580,3,3,8,8,5.032,0,0,0.30 | 0.31 | 0.31,0,1.36 | 2.76 | 3.90,0,1.03 | 1.45 | 2.94,0.948,0.000,0,1,0,0,0,0,-1,0,0,0,,0,,0,,0,0,0,1
1723836936,580,3,3,8,8,5.032,0,0,0.30 | 0.31 | 0.31,0,1.36 | 2.76 | 3.90,0,1.03 | 1.45 | 2.94,0.948,0.000,0,1,0,0,0,0,-1,0,0,0,,0,,0,,0,0,0,1
1723836936,580,3,3,8,8,5.032,0,0,0.30 | 0.31 | 0.31,0,1.36 | 2.76 | 3.90,0,1.03 | 1.45 | 2.94,0.948,0.000,0,1,0,0,0,0,-1,0,0,0,,0,,0,,0,0,0,1
1723836936,580,3,3,8,8,5.032,0,0,0.30 | 0.31 | 0.31,0,1.36 | 2.76 | 3.90,0,1.03 | 1.45 | 2.94,0.948,0.000,0,1,0,0,0,0,-1,0,0,0,,0,,0,,0,0,0,1
1723836936,580,3,3,8,8,7.107,0,0,0.30 | 0.31 | 0.31,0,1.36 | 2.68 | 3.90,0,1.03 | 1.50 | 2.94,0.949,0.000,0,1,0,0,0,0,-1,0,0,0,,0,,0,,0,0,0,1
1723836937,580,3,3,8,8,7.107,0,0,0.30 | 0.31 | 0.31,0,1.36 | 2.68 | 3.90,0,1.03 | 1.50 | 2.94,0.949,0.000,0,1,0,0,0,0,-1,0,0,0,,0,,0,,0,0,0,1
1723836937,580,3,3,8,8,7.107,0,0,0.30 | 0.31 | 0.31,0,1.36 | 2.68 | 3.90,0,1.03 | 1.50 | 2.94,0.949,0.000,0,1,0,0,0,0,-1,0,0,0,,0,,0,,0,0,0,1
1723836937,580,3,3,8,8,7.107,0,0,0.30 | 0.31 | 0.31,0,1.36 | 2.68 | 3.90,0,1.03 | 1.50 | 2.94,0.949,0.000,0,1,0,0,0,0,-1,0,0,0,,0,,0,,0,0,0,1
1723836937,580,3,3,8,8,7.107,0,0,0.30 | 0.31 | 0.31,0,1.36 | 2.68 | 3.90,0,1.03 | 1.50 | 2.94,0.949,0.000,0,1,0,0,0,0,-1,0,0,0,,0,,0,,0,0,0,1
1723836937,580,3,3,8,8,7.107,0,0,0.30 | 0.31 | 0.31,0,1.36 | 2.68 | 3.90,0,1.03 | 1.50 | 2.94,0.949,0.000,0,1,0,0,0,0,-1,0,0,0,,0,,0,,0,0,0,1
1723836937,580,3,3,8,8,7.107,0,0,0.30 | 0.31 | 0.31,0,1.36 | 2.68 | 3.90,0,1.03 | 1.50 | 2.94,0.949,0.000,0,1,0,0,0,0,-1,0,0,0,,0,,0,,0,0,0,1
1723836937,580,3,3,8,8,7.107,0,0,0.30 | 0.31 | 0.31,0,1.36 | 2.68 | 3.90,0,1.03 | 1.50 | 2.94,0.949,0.000,0,1,0,0,0,0,-1,0,0,0,,0,,0,,0,0,0,1
1723836937,580,3,3,8,8,7.107,0,0,0.30 | 0.31 | 0.31,0,1.36 | 2.68 | 3.90,0,1.03 | 1.50 | 2.94,0.949,0.000,0,1,0,0,0,0,-1,0,0,0,,0,,0,,0,0,0,1
1723836937,580,3,3,8,8,7.107,0,0,0.30 | 0.31 | 0.31,0,1.36 | 2.68 | 3.90,0,1.03 | 1.50 | 2.94,0.949,0.000,0,1,0,0,0,0,-1,0,0,0,,0,,0,,0,0,0,1
1723836937,580,3,3,8,8,6.107,0,0,0.30 | 0.31 | 0.31,0,1.36 | 2.68 | 3.90,0,1.03 | 1.50 | 2.94,0.949,0.000,0,1,0,0,0,0,-1,0,0,0,,0,,0,,0,0,0,1
1723836938,580,3,3,8,8,6.107,0,0,0.30 | 0.31 | 0.31,0,1.36 | 2.68 | 3.90,0,1.03 | 1.50 | 2.94,0.949,0.000,0,1,0,0,0,0,-1,0,0,0,,0,,0,,0,0,0,1
1723836938,580,3,3,8,8,6.107,0,0,0.30 | 0.31 | 0.31,0,1.36 | 2.68 | 3.90,0,1.03 | 1.50 | 2.94,0.949,0.000,0,1,0,0,0,0,-1,0,0,0,,0,,0,,0,0,0,1
1723836938,580,3,3,8,8,6.107,0,0,0.30 | 0.31 | 0.31,0,1.36 | 2.68 | 3.90,0,1.03 | 1.50 | 2.94,0.949,0.000,0,1,0,0,0,0,-1,0,0,0,,0,,0,,0,0,0,1
1723836938,580,3,3,8,8,6.107,0,0,0.30 | 0.31 | 0.31,0,1.36 | 2.68 | 3.90,0,1.03 | 1.50 | 2.94,0.949,0.000,0,1,0,0,0,0,-1,0,0,0,,0,,0,,0,0,0,1
1723836938,580,3,3,8,8,6.107,0,0,0.30 | 0.31 | 0.31,0,1.36 | 2.68 | 3.90,0,1.03 | 1.50 | 2.94,0.949,0.000,0,1,0,0,0,0,-1,0,0,0,,0,,0,,0,0,0,1
1723836938,580,3,3,8,8,6.107,0,0,0.30 | 0.31 | 0.31,0,1.36 | 2.68 | 3.90,0,1.03 | 1.50 | 2.94,0.949,0.000,0,1,0,0,0,0,-1,0,0,0,,0,,0,,0,0,0,1
1723836938,580,3,3,8,8,6.107,0,0,0.30 | 0.31 | 0.31,0,1.36 | 2.68 | 3.90,0,1.03 | 1.50 | 2.94,0.949,0.000,0,1,0,0,0,0,-1,0,0,0,,0,,0,,0,0,0,1
1723836938,580,3,3,8,8,6.107,0,0,0.30 | 0.31 | 0.31,0,1.36 | 2.68 | 3.90,0,1.03 | 1.50 | 2.94,0.949,0.000,0,1,0,0,0,0,-1,0,0,0,,0,,0,,0,0,0,1
1723836938,580,3,3,8,8,6.107,0,0,0.30 | 0.31 | 0.31,0,1.36 | 2.68 | 3.90,0,1.03 | 1.50 | 2.94,0.949,0.000,0,1,0,0,0,0,-1,0,0,0,,0,,0,,0,0,0,1
1723836938,580,3,3,8,8,5.31,0,0,0.30 | 0.31 | 0.31,0,1.36 | 2.68 | 3.90,0,1.03 | 1.50 | 2.94,0.949,0.000,0,1,0,0,0,0,-1,0,0,0,,0,,0,,0,0,0,1
1723836939,580,3,3,8,8,5.31,0,0,0.30 | 0.31 | 0.31,0,1.36 | 2.68 | 3.90,0,1.03 | 1.50 | 2.94,0.949,0.000,0,1,0,0,0,0,-1,0,0,0,,0,,0,,0,0,0,1
1723836939,580,3,3,8,8,5.31,0,0,0.30 | 0.31 | 0.31,0,1.36 | 2.68 | 3.90,0,1.03 | 1.50 | 2.94,0.949,0.000,0,1,0,0,0,0,-1,0,0,0,,0,,0,,0,0,0,1
1723836939,580,3,3,8,8,5.31,0,0,0.30 | 0.31 | 0.31,0,1.36 | 2.68 | 3.90,0,1.03 | 1.50 | 2.94,0.949,0.000,0,1,0,0,0,0,-1,0,0,0,,0,,0,,0,0,0,1
1723836939,580,3,3,8,8,5.31,0,0,0.30 | 0.31 | 0.31,0,1.36 | 2.68 | 3.90,0,1.03 | 1.50 | 2.94,0.949,0.000,0,1,0,0,0,0,-1,0,0,0,,0,,0,,0,0,0,1
1723836939,580,3,3,8,8,5.31,0,0,0.30 | 0.31 | 0.31,0,1.36 | 2.68 | 3.90,0,1.03 | 1.50 | 2.94,0.949,0.000,0,1,0,0,0,0,-1,0,0,0,,0,,0,,0,0,0,1
1723836939,580,3,3,8,8,5.31,0,0,0.30 | 0.31 | 0.31,0,1.36 | 2.68 | 3.90,0,1.03 | 1.50 | 2.94,0.949,0.000,0,1,0,0,0,0,-1,0,0,0,,0,,0,,0,0,0,1
1723836939,580,3,3,8,8,5.31,0,0,0.30 | 0.31 | 0.31,0,1.36 | 2.68 | 3.90,0,1.03 | 1.50 | 2.94,0.949,0.000,0,1,0,0,0,0,-1,0,0,0,,0,,0,,0,0,0,1
1723836939,580,3,3,8,8,5.31,0,0,0.30 | 0.31 | 0.31,0,1.36 | 2.68 | 3.90,0,1.03 | 1.50 | 2.94,0.949,0.000,0,1,0,0,0,0,-1,0,0,0,,0,,0,,0,0,0,1
1723836939,580,3,3,8,8,5.31,0,0,0.30 | 0.31 | 0.31,0,1.36 | 2.68 | 3.90,0,1.03 | 1.50 | 2.94,0.949,0.000,0,1,0,0,0,0,-1,0,0,0,,0,,0,,0,0,0,1
1723836939,580,3,3,8,8,4.248,0,0,0.30 | 0.31 | 0.31,0,1.36 | 2.68 | 3.90,0,1.03 | 1.50 | 2.94,0.949,0.000,0,1,0,0,0,0,-1,0,0,0,,0,,0,,0,0,0,1
1723836940,580,3,3,8,8,4.248,0,0,0.30 | 0.31 | 0.31,0,1.36 | 2.68 | 3.90,0,1.03 | 1.50 | 2.94,0.949,0.000,0,1,0,0,0,0,-1,0,0,0,,0,,0,,0,0,0,1
1723836940,580,3,3,8,8,4.248,0,0,0.30 | 0.31 | 0.31,0,1.36 | 2.68 | 3.90,0,1.03 | 1.50 | 2.94,0.949,0.000,0,1,0,0,0,0,-1,0,0,0,,0,,0,,0,0,0,1
1723836940,580,3,3,8,8,4.248,0,0,0.30 | 0.31 | 0.31,0,1.36 | 2.68 | 3.90,0,1.03 | 1.50 | 2.94,0.949,0.000,0,1,0,0,0,0,-1,0,0,0,,0,,0,,0,0,0,1
1723836940,580,3,3,8,8,4.248,0,0,0.30 | 0.31 | 0.31,0,1.36 | 2.68 | 3.90,0,1.03 | 1.50 | 2.94,0.949,0.000,0,1,0,0,0,0,-1,0,0,0,,0,,0,,0,0,0,1
1723836940,580,3,3,8,8,4.248,0,0,0.30 | 0.31 | 0.31,0,1.36 | 2.68 | 3.90,0,1.03 | 1.50 | 2.94,0.949,0.000,0,1,0,0,0,0,-1,0,0,0,,0,,0,,0,0,0,1
1723836940,580,3,3,8,8,4.248,0,0,0.30 | 0.31 | 0.31,0,1.36 | 2.68 | 3.90,0,1.03 | 1.50 | 2.94,0.949,0.000,0,1,0,0,0,0,-1,0,0,0,,0,,0,,0,0,0,1
1723836940,580,3,3,8,8,4.248,0,0,0.30 | 0.31 | 0.31,0,1.36 | 2.68 | 3.90,0,1.03 | 1.50 | 2.94,0.949,0.000,0,1,0,0,0,0,-1,0,0,0,,0,,0,,0,0,0,1
1723836940,580,3,3,8,8,4.248,0,0,0.30 | 0.31 | 0.31,0,1.36 | 2.68 | 3.90,0,1.03 | 1.50 | 2.94,0.949,0.000,0,1,0,0,0,0,-1,0,0,0,,0,,0,,0,0,0,1
1723836940,580,3,3,8,8,4.248,0,0,0.30 | 0.31 | 0.31,0,1.36 | 2.68 | 3.90,0,1.03 | 1.50 | 2.94,0.949,0.000,0,1,0,0,0,0,-1,0,0,0,,0,,0,,0,0,0,1
1723836940,580,3,3,8,8,7.985,0,0,0.31 | 0.31 | 0.31,0,1.36 | 2.45 | 3.52,0,1.14 | 1.63 | 2.94,0.946,0.000,0,1,0,0,0,0,-1,0,0,0,,0,,0,,0,0,0,1
1723836941,580,3,3,8,8,7.985,0,0,0.31 | 0.31 | 0.31,0,1.36 | 2.45 | 3.52,0,1.14 | 1.63 | 2.94,0.946,0.000,0,1,0,0,0,0,-1,0,0,0,,0,,0,,0,0,0,1
1723836941,580,3,3,8,8,7.985,0,0,0.31 | 0.31 | 0.31,0,1.36 | 2.45 | 3.52,0,1.14 | 1.63 | 2.94,0.946,0.000,0,1,0,0,0,0,-1,0,0,0,,0,,0,,0,0,0,1
1723836941,580,3,3,8,8,7.985,0,0,0.31 | 0.31 | 0.31,0,1.36 | 2.45 | 3.52,0,1.14 | 1.63 | 2.94,0.946,0.000,0,1,0,0,0,0,-1,0,0,0,,0,,0,,0,0,0,1
1723836941,580,3,3,8,8,7.985,0,0,0.31 | 0.31 | 0.31,0,1.36 | 2.45 | 3.52,0,1.14 | 1.63 | 2.94,0.946,0.000,0,1,0,0,0,0,-1,0,0,0,,0,,0,,0,0,0,1
1723836941,580,3,3,8,8,7.985,0,0,0.31 | 0.31 | 0.31,0,1.36 | 2.45 | 3.52,0,1.14 | 1.63 | 2.94,0.946,0.000,0,1,0,0,0,0,-1,0,0,0,,0,,0,,0,0,0,1
1723836941,580,3,3,8,8,7.985,0,0,0.31 | 0.31 | 0.31,0,1.36 | 2.45 | 3.52,0,1.14 | 1.63 | 2.94,0.946,0.000,0,1,0,0,0,0,-1,0,0,0,,0,,0,,0,0,0,1
1723836941,580,3,3,8,8,7.985,0,0,0.31 | 0.31 | 0.31,0,1.36 | 2.45 | 3.52,0,1.14 | 1.63 | 2.94,0.946,0.000,0,1,0,0,0,0,-1,0,0,0,,0,,0,,0,0,0,1
1723836941,580,3,3,8,8,7.985,0,0,0.31 | 0.31 | 0.31,0,1.36 | 2.45 | 3.52,0,1.14 | 1.63 | 2.94,0.946,0.000,0,1,0,0,0,0,-1,0,0,0,,0,,0,,0,0,0,1
1723836941,580,3,3,8,8,7.985,0,0,0.31 | 0.31 | 0.31,0,1.36 | 2.45 | 3.52,0,1.14 | 1.63 | 2.94,0.946,0.000,0,1,0,0,0,0,-1,0,0,0,,0,,0,,0,0,0,1
1723836941,580,3,3,8,8,6.923,0,0,0.31 | 0.31 | 0.31,0,1.36 | 2.45 | 3.52,0,1.14 | 1.63 | 2.94,0.946,0.000,0,1,0,0,0,0,-1,0,0,0,,0,,0,,0,0,0,1
1723836942,580,3,3,8,8,6.923,0,0,0.31 | 0.31 | 0.31,0,1.36 | 2.45 | 3.52,0,1.14 | 1.63 | 2.94,0.946,0.000,0,1,0,0,0,0,-1,0,0,0,,0,,0,,0,0,0,1
1723836942,580,3,3,8,8,6.923,0,0,0.31 | 0.31 | 0.31,0,1.36 | 2.45 | 3.52,0,1.14 | 1.63 | 2.94,0.946,0.000,0,1,0,0,0,0,-1,0,0,0,,0,,0,,0,0,0,1
1723836942,580,3,3,8,8,6.923,0,0,0.31 | 0.31 | 0.31,0,1.36 | 2.45 | 3.52,0,1.14 | 1.63 | 2.94,0.946,0.000,0,1,0,0,0,0,-1,0,0,0,,0,,0,,0,0,0,1
1723836942,580,3,3,8,8,6.923,0,0,0.31 | 0.31 | 0.31,0,1.36 | 2.45 | 3.52,0,1.14 | 1.63 | 2.94,0.946,0.000,0,1,0,0,0,0,-1,0,0,0,,0,,0,,0,0,0,1
1723836942,580,3,3,8,8,6.923,0,0,0.31 | 0.31 | 0.31,0,1.36 | 2.45 | 3.52,0,1.14 | 1.63 | 2.94,0.946,0.000,0,1,0,0,0,0,-1,0,0,0,,0,,0,,0,0,0,1
1723836942,580,3,3,8,8,6.923,0,0,0.31 | 0.31 | 0.31,0,1.36 | 2.45 | 3.52,0,1.14 | 1.63 | 2.94,0.946,0.000,0,1,0,0,0,0,-1,0,0,0,,0,,0,,0,0,0,1
1723836942,580,3,3,8,8,6.923,0,0,0.31 | 0.31 | 0.31,0,1.36 | 2.45 | 3.52,0,1.14 | 1.63 | 2.94,0.946,0.000,0,1,0,0,0,0,-1,0,0,0,,0,,0,,0,0,0,1
1723836942,580,3,3,8,8,6.923,0,0,0.31 | 0.31 | 0.31,0,1.36 | 2.45 | 3.52,0,1.14 | 1.63 | 2.94,0.946,0.000,0,1,0,0,0,0,-1,0,0,0,,0,,0,,0,0,0,1
1723836942,580,3,3,8,8,6.923,0,0,0.31 | 0.31 | 0.31,0,1.36 | 2.45 | 3.52,0,1.14 | 1.63 | 2.94,0.946,0.000,0,1,0,0,0,0,-1,0,0,0,,0,,0,,0,0,0,1
1723836942,580,3,3,8,8,9.326,0,0,0.31 | 0.31 | 0.31,0,1.92 | 2.63 | 3.52,0,1.14 | 1.52 | 2.08,0.947,0.000,0,1,0,0,0,0,-1,0,0,0,,0,,0,,0,0,0,1
1723836943,580,3,3,8,8,9.326,0,0,0.31 | 0.31 | 0.31,0,1.92 | 2.63 | 3.52,0,1.14 | 1.52 | 2.08,0.947,0.000,0,1,0,0,0,0,-1,0,0,0,,0,,0,,0,0,0,1
1723836943,580,3,3,8,8,9.326,0,0,0.31 | 0.31 | 0.31,0,1.92 | 2.63 | 3.52,0,1.14 | 1.52 | 2.08,0.947,0.000,0,1,0,0,0,0,-1,0,0,0,,0,,0,,0,0,0,1
1723836943,580,3,3,8,8,9.326,0,0,0.31 | 0.31 | 0.31,0,1.92 | 2.63 | 3.52,0,1.14 | 1.52 | 2.08,0.947,0.000,0,1,0,0,0,0,-1,0,0,0,,0,,0,,0,0,0,1
1723836943,580,3,3,8,8,9.326,0,0,0.31 | 0.31 | 0.31,0,1.92 | 2.63 | 3.52,0,1.14 | 1.52 | 2.08,0.947,0.000,0,1,0,0,0,0,-1,0,0,0,,0,,0,,0,0,0,1
1723836943,580,3,3,8,8,9.326,0,0,0.31 | 0.31 | 0.31,0,1.92 | 2.63 | 3.52,0,1.14 | 1.52 | 2.08,0.947,0.000,0,1,0,0,0,0,-1,0,0,0,,0,,0,,0,0,0,1
1723836943,580,3,3,8,8,9.326,0,0,0.31 | 0.31 | 0.31,0,1.92 | 2.63 | 3.52,0,1.14 | 1.52 | 2.08,0.947,0.000,0,1,0,0,0,0,-1,0,0,0,,0,,0,,0,0,0,1
1723836943,580,3,3,8,8,9.326,0,0,0.31 | 0.31 | 0.31,0,1.92 | 2.63 | 3.52,0,1.14 | 1.52 | 2.08,0.947,0.000,0,1,0,0,0,0,-1,0,0,0,,0,,0,,0,0,0,1
1723836943,580,3,3,8,8,9.326,0,0,0.31 | 0.31 | 0.31,0,1.92 | 2.63 | 3.52,0,1.14 | 1.52 | 2.08,0.947,0.000,0,1,0,0,0,0,-1,0,0,0,,0,,0,,0,0,0,1
1723836943,580,3,3,8,8,9.326,0,0,0.31 | 0.31 | 0.31,0,1.92 | 2.63 | 3.52,0,1.14 | 1.52 | 2.08,0.947,0.000,0,1,0,0,0,0,-1,0,0,0,,0,,0,,0,0,0,1
1723836943,580,3,3,8,8,8.073,0,0,0.31 | 0.31 | 0.31,0,1.92 | 2.63 | 3.52,0,1.14 | 1.52 | 2.08,0.947,0.000,0,1,0,0,0,0,-1,0,0,0,,0,,0,,0,0,0,1
1723836944,580,3,3,8,8,8.073,0,0,0.31 | 0.31 | 0.31,0,1.92 | 2.63 | 3.52,0,1.14 | 1.52 | 2.08,0.947,0.000,0,1,0,0,0,0,-1,0,0,0,,0,,0,,0,0,0,1
1723836944,580,3,3,8,8,8.073,0,0,0.31 | 0.31 | 0.31,0,1.92 | 2.63 | 3.52,0,1.14 | 1.52 | 2.08,0.947,0.000,0,1,0,0,0,0,-1,0,0,0,,0,,0,,0,0,0,1
1723836944,580,3,3,8,8,8.073,0,0,0.31 | 0.31 | 0.31,0,1.92 | 2.63 | 3.52,0,1.14 | 1.52 | 2.08,0.947,0.000,0,1,0,0,0,0,-1,0,0,0,,0,,0,,0,0,0,1
1723836944,580,3,3,8,8,8.073,0,0,0.31 | 0.31 | 0.31,0,1.92 | 2.63 | 3.52,0,1.14 | 1.52 | 2.08,0.947,0.000,0,1,0,0,0,0,-1,0,0,0,,0,,0,,0,0,0,1
1723836944,580,3,3,8,8,8.073,0,0,0.31 | 0.31 | 0.31,0,1.92 | 2.63 | 3.52,0,1.14 | 1.52 | 2.08,0.947,0.000,0,1,0,0,0,0,-1,0,0,0,,0,,0,,0,0,0,1
1723836944,580,3,3,8,8,8.073,0,0,0.31 | 0.31 | 0.31,0,1.92 | 2.63 | 3.52,0,1.14 | 1.52 | 2.08,0.947,0.000,0,1,0,0,0,0,-1,0,0,0,,0,,0,,0,0,0,1
1723836944,580,3,3,8,8,8.073,0,0,0.31 | 0.31 | 0.31,0,1.92 | 2.63 | 3.52,0,1.14 | 1.52 | 2.08,0.947,0.000,0,1,0,0,0,0,-1,0,0,0,,0,,0,,0,0,0,1
1723836944,580,3,3,8,8,8.073,0,0,0.31 | 0.31 | 0.31,0,1.92 | 2.63 | 3.52,0,1.14 | 1.52 | 2.08,0.947,0.000,0,1,0,0,0,0,-1,0,0,0,,0,,0,,0,0,0,1
1723836944,580,3,3,8,8,8.073,0,0,0.31 | 0.31 | 0.31,0,1.92 | 2.63 | 3.52,0,1.14 | 1.52 | 2.08,0.947,0.000,0,1,0,0,0,0,-1,0,0,0,,0,,0,,0,0,0,1
1723836944,580,3,3,8,8,7.201,0,0,0.31 | 0.31 | 0.31,0,1.92 | 2.63 | 3.52,0,1.14 | 1.52 | 2.08,0.947,0.000,0,1,0,0,0,0,-1,0,0,0,,0,,0,,0,0,0,1
1723836945,580,3,3,8,8,7.201,0,0,0.31 | 0.31 | 0.31,0,1.92 | 2.63 | 3.52,0,1.14 | 1.52 | 2.08,0.947,0.000,0,1,0,0,0,0,-1,0,0,0,,0,,0,,0,0,0,1
1723836945,580,3,3,8,8,7.201,0,0,0.31 | 0.31 | 0.31,0,1.92 | 2.63 | 3.52,0,1.14 | 1.52 | 2.08,0.947,0.000,0,1,0,0,0,0,-1,0,0,0,,0,,0,,0,0,0,1
1723836945,580,3,3,8,8,7.201,0,0,0.31 | 0.31 | 0.31,0,1.92 | 2.63 | 3.52,0,1.14 | 1.52 | 2.08,0.947,0.000,0,1,0,0,0,0,-1,0,0,0,,0,,0,,0,0,0,1
1723836945,580,3,3,8,8,7.201,0,0,0.31 | 0.31 | 0.31,0,1.92 | 2.63 | 3.52,0,1.14 | 1.52 | 2.08,0.947,0.000,0,1,0,0,0,0,-1,0,0,0,,0,,0,,0,0,0,1
1723836945,580,3,3,8,8,7.201,0,0,0.31 | 0.31 | 0.31,0,1.92 | 2.63 | 3.52,0,1.14 | 1.52 | 2.08,0.947,0.000,0,1,0,0,0,0,-1,0,0,0,,0,,0,,0,0,0,1
1723836945,580,3,3,8,8,7.201,0,0,0.31 | 0.31 | 0.31,0,1.92 | 2.63 | 3.52,0,1.14 | 1.52 | 2.08,0.947,0.000,0,1,0,0,0,0,-1,0,0,0,,0,,0,,0,0,0,1
1723836945,580,3,3,8,8,7.201,0,0,0.31 | 0.31 | 0.31,0,1.92 | 2.63 | 3.52,0,1.14 | 1.52 | 2.08,0.947,0.000,0,1,0,0,0,0,-1,0,0,0,,0,,0,,0,0,0,1
1723836945,580,3,3,8,8,7.201,0,0,0.31 | 0.31 | 0.31,0,1.92 | 2.63 | 3.52,0,1.14 | 1.52 | 2.08,0.947,0.000,0,1,0,0,0,0,-1,0,0,0,,0,,0,,0,0,0,1
1723836945,580,3,3,8,8,7.201,0,0,0.31 | 0.31 | 0.31,0,1.92 | 2.63 | 3.52,0,1.14 | 1.52 | 2.08,0.947,0.000,0,1,0,0,0,0,-1,0,0,0,,0,,0,,0,0,0,1
1723836945,580,3,3,8,8,10.923,0,0,0.31 | 0.31 | 0.31,0,1.92 | 2.47 | 3.01,0,1.33 | 1.62 | 2.08,0.947,0.000,0,1,0,0,0,0,-1,0,0,0,,0,,0,,0,0,0,1
1723836946,580,3,3,8,8,10.923,0,0,0.31 | 0.31 | 0.31,0,1.92 | 2.47 | 3.01,0,1.33 | 1.62 | 2.08,0.947,0.000,0,1,0,0,0,0,-1,0,0,0,,0,,0,,0,0,0,1
1723836946,580,3,3,8,8,10.923,0,0,0.31 | 0.31 | 0.31,0,1.92 | 2.47 | 3.01,0,1.33 | 1.62 | 2.08,0.947,0.000,0,1,0,0,0,0,-1,0,0,0,,0,,0,,0,0,0,1
1723836946,580,3,3,8,8,10.923,0,0,0.31 | 0.31 | 0.31,0,1.92 | 2.47 | 3.01,0,1.33 | 1.62 | 2.08,0.947,0.000,0,1,0,0,0,0,-1,0,0,0,,0,,0,,0,0,0,1
1723836946,580,3,3,8,8,10.923,0,0,0.31 | 0.31 | 0.31,0,1.92 | 2.47 | 3.01,0,1.33 | 1.62 | 2.08,0.947,0.000,0,1,0,0,0,0,-1,0,0,0,,0,,0,,0,0,0,1
1723836946,580,3,3,8,8,10.923,0,0,0.31 | 0.31 | 0.31,0,1.92 | 2.47 | 3.01,0,1.33 | 1.62 | 2.08,0.947,0.000,0,1,0,0,0,0,-1,0,0,0,,0,,0,,0,0,0,1
1723836946,580,3,3,8,8,10.923,0,0,0.31 | 0.31 | 0.31,0,1.92 | 2.47 | 3.01,0,1.33 | 1.62 | 2.08,0.947,0.000,0,1,0,0,0,0,-1,0,0,0,,0,,0,,0,0,0,1
1723836946,580,3,3,8,8,10.923,0,0,0.31 | 0.31 | 0.31,0,1.92 | 2.47 | 3.01,0,1.33 | 1.62 | 2.08,0.947,0.000,0,1,0,0,0,0,-1,0,0,0,,0,,0,,0,0,0,1
1723836946,580,3,3,8,8,10.923,0,0,0.31 | 0.31 | 0.31,0,1.92 | 2.47 | 3.01,0,1.33 | 1.62 | 2.08,0.947,0.000,0,1,0,0,0,0,-1,0,0,0,,0,,0,,0,0,0,1
1723836946,580,3,3,8,8,10.923,0,0,0.31 | 0.31 | 0.31,0,1.92 | 2.47 | 3.01,0,1.33 | 1.62 | 2.08,0.947,0.000,0,1,0,0,0,0,-1,0,0,0,,0,,0,,0,0,0,1
1723836946,580,3,3,8,8,9.876,0,0,0.31 | 0.31 | 0.31,0,1.92 | 2.47 | 3.01,0,1.33 | 1.62 | 2.08,0.947,0.000,0,1,0,0,0,0,-1,0,0,0,,0,,0,,0,0,0,1
1723836947,580,3,3,8,8,9.876,0,0,0.31 | 0.31 | 0.31,0,1.92 | 2.47 | 3.01,0,1.33 | 1.62 | 2.08,0.947,0.000,0,1,0,0,0,0,-1,0,0,0,,0,,0,,0,0,0,1
1723836947,580,3,3,8,8,9.876,0,0,0.31 | 0.31 | 0.31,0,1.92 | 2.47 | 3.01,0,1.33 | 1.62 | 2.08,0.947,0.000,0,1,0,0,0,0,-1,0,0,0,,0,,0,,0,0,0,1
1723836947,580,3,3,8,8,9.876,0,0,0.31 | 0.31 | 0.31,0,1.92 | 2.47 | 3.01,0,1.33 | 1.62 | 2.08,0.947,0.000,0,1,0,0,0,0,-1,0,0,0,,0,,0,,0,0,0,1
1723836947,580,3,3,8,8,9.876,0,0,0.31 | 0.31 | 0.31,0,1.92 | 2.47 | 3.01,0,1.33 | 1.62 | 2.08,0.947,0.000,0,1,0,0,0,0,-1,0,0,0,,0,,0,,0,0,0,1
1723836947,580,3,3,8,8,9.876,0,0,0.31 | 0.31 | 0.31,0,1.92 | 2.47 | 3.01,0,1.33 | 1.62 | 2.08,0.947,0.000,0,1,0,0,0,0,-1,0,0,0,,0,,0,,0,0,0,1
1723836947,580,3,3,8,8,9.876,0,0,0.31 | 0.31 | 0.31,0,1.92 | 2.47 | 3.01,0,1.33 | 1.62 | 2.08,0.947,0.000,0,1,0,0,0,0,-1,0,0,0,,0,,0,,0,0,0,1
1723836947,580,3,3,8,8,9.876,0,0,0.31 | 0.31 | 0.31,0,1.92 | 2.47 | 3.01,0,1.33 | 1.62 | 2.08,0.947,0.000,0,1,0,0,0,0,-1,0,0,0,,0,,0,,0,0,0,1
1723836947,580,3,3,8,8,9.876,0,0,0.31 | 0.31 | 0.31,0,1.92 | 2.47 | 3.01,0,1.33 | 1.62 | 2.08,0.947,0.000,0,1,0,0,0,0,-1,0,0,0,,0,,0,,0,0,0,1
1723836947,580,3,3,8,8,9.876,0,0,0.31 | 0.31 | 0.31,0,1.92 | 2.47 | 3.01,0,1.33 | 1.62 | 2.08,0.947,0.000,0,1,0,0,0,0,-1,0,0,0,,0,,0,,0,0,0,1
1723836947,580,3,3,8,8,9.079,0,0,0.31 | 0.31 | 0.31,0,1.92 | 2.47 | 3.01,0,1.33 | 1.62 | 2.08,0.947,0.000,0,1,0,0,0,0,-1,0,0,0,,0,,0,,0,0,0,1
1723836948,772,3,4,8,8,9.079,0,0,0.31 | 0.31 | 0.31,0,1.92 | 2.47 | 3.01,0,1.33 | 1.62 | 2.08,0.947,0.000,0,1,0,0,0,0,-1,0,0,0,,0,,0,,0,0,0,1
1723836948,772,3,4,8,8,9.079,0,0,0.31 | 0.31 | 0.31,0,1.92 | 2.47 | 3.01,0,1.33 | 1.62 | 2.08,0.947,0.000,0,1,0,0,0,0,-1,0,0,0,,0,,0,,0,0,0,1
1723836948,772,3,4,8,8,9.079,0,0,0.31 | 0.31 | 0.31,0,1.92 | 2.47 | 3.01,0,1.33 | 1.62 | 2.08,0.947,0.000,0,1,0,0,0,0,-1,0,0,0,,0,,0,,0,0,0,1
1723836948,772,3,4,8,8,9.079,0,0,0.31 | 0.31 | 0.31,0,1.92 | 2.47 | 3.01,0,1.33 | 1.62 | 2.08,0.947,0.000,0,1,0,0,0,0,-1,0,0,0,,0,,0,,0,0,0,1
1723836948,772,3,4,8,8,9.079,0,0,0.31 | 0.31 | 0.31,0,1.92 | 2.47 | 3.01,0,1.33 | 1.62 | 2.08,0.947,0.000,0,1,0,0,0,0,-1,0,0,0,,0,,0,,0,0,0,1
1723836948,772,3,4,8,8,9.079,0,0,0.31 | 0.31 | 0.31,0,1.92 | 2.47 | 3.01,0,1.33 | 1.62 | 2.08,0.947,0.000,0,1,0,0,0,0,-1,0,0,0,,0,,0,,0,0,0,1
1723836948,772,3,4,8,8,9.079,0,0,0.31 | 0.31 | 0.31,0,1.92 | 2.47 | 3.01,0,1.33 | 1.62 | 2.08,0.947,0.000,0,1,0,0,0,0,-1,0,0,0,,0,,0,,0,0,0,1
1723836948,772,3,4,8,8,9.079,0,0,0.31 | 0.31 | 0.31,0,1.92 | 2.47 | 3.01,0,1.33 | 1.62 | 2.08,0.947,0.000,0,1,0,0,0,0,-1,0,0,0,,0,,0,,0,0,0,1
1723836948,772,3,4,8,8,9.079,0,0,0.31 | 0.31 | 0.31,0,1.92 | 2.47 | 3.01,0,1.33 | 1.62 | 2.08,0.947,0.000,0,1,0,0,0,0,-1,0,0,0,,0,,0,,0,0,0,1
1723836948,772,3,4,8,8,11.216,0,0,0.31 | 0.31 | 0.31,0,1.92 | 2.47 | 3.01,0,1.33 | 1.62 | 2.09,0.947,0.000,0,1,0,0,0,0,-1,0,0,0,,0,,0,,0,0,0,1
1723836949,772,3,4,8,8,11.216,0,0,0.31 | 0.31 | 0.31,0,1.92 | 2.47 | 3.01,0,1.33 | 1.62 | 2.09,0.947,0.000,0,1,0,0,0,0,-1,0,0,0,,0,,0,,0,0,0,1
1723836949,772,3,4,8,8,11.216,0,0,0.31 | 0.31 | 0.31,0,1.92 | 2.47 | 3.01,0,1.33 | 1.62 | 2.09,0.947,0.000,0,1,0,0,0,0,-1,0,0,0,,0,,0,,0,0,0,1
1723836949,772,3,4,8,8,11.216,0,0,0.31 | 0.31 | 0.31,0,1.92 | 2.47 | 3.01,0,1.33 | 1.62 | 2.09,0.947,0.000,0,1,0,0,0,0,-1,0,0,0,,0,,0,,0,0,0,1
1723836949,772,3,4,8,8,11.216,0,0,0.31 | 0.31 | 0.31,0,1.92 | 2.47 | 3.01,0,1.33 | 1.62 | 2.09,0.947,0.000,0,1,0,0,0,0,-1,0,0,0,,0,,0,,0,0,0,1
1723836949,772,3,4,8,8,11.216,0,0,0.31 | 0.31 | 0.31,0,1.92 | 2.47 | 3.01,0,1.33 | 1.62 | 2.09,0.947,0.000,0,1,0,0,0,0,-1,0,0,0,,0,,0,,0,0,0,1
1723836949,772,3,4,8,8,11.216,0,0,0.31 | 0.31 | 0.31,0,1.92 | 2.47 | 3.01,0,1.33 | 1.62 | 2.09,0.947,0.000,0,1,0,0,0,0,-1,0,0,0,,0,,0,,0,0,0,1
1723836949,772,3,4,8,8,11.216,0,0,0.31 | 0.31 | 0.31,0,1.92 | 2.47 | 3.01,0,1.33 | 1.62 | 2.09,0.947,0.000,0,1,0,0,0,0,-1,0,0,0,,0,,0,,0,0,0,1
1723836949,772,3,4,8,8,11.216,0,0,0.31 | 0.31 | 0.31,0,1.92 | 2.47 | 3.01,0,1.33 | 1.62 | 2.09,0.947,0.000,0,1,0,0,0,0,-1,0,0,0,,0,,0,,0,0,0,1
1723836949,772,3,4,8,8,11.216,0,0,0.31 | 0.31 | 0.31,0,1.92 | 2.47 | 3.01,0,1.33 | 1.62 | 2.09,0.947,0.000,0,1,0,0,0,0,-1,0,0,0,,0,,0,,0,0,0,1
1723836949,772,3,4,8,8,10.154,0,0,0.31 | 0.31 | 0.31,0,1.92 | 2.47 | 3.01,0,1.33 | 1.62 | 2.09,0.947,0.000,0,1,0,0,0,0,-1,0,0,0,,0,,0,,0,0,0,1
1723836950,772,3,4,8,8,10.154,0,0,0.31 | 0.31 | 0.31,0,1.92 | 2.47 | 3.01,0,1.33 | 1.62 | 2.09,0.947,0.000,0,1,0,0,0,0,-1,0,0,0,,0,,0,,0,0,0,1
1723836950,772,3,4,8,8,10.154,0,0,0.31 | 0.31 | 0.31,0,1.92 | 2.47 | 3.01,0,1.33 | 1.62 | 2.09,0.947,0.000,0,1,0,0,0,0,-1,0,0,0,,0,,0,,0,0,0,1
1723836950,772,3,4,8,8,10.154,0,0,0.31 | 0.31 | 0.31,0,1.92 | 2.47 | 3.01,0,1.33 | 1.62 | 2.09,0.947,0.000,0,1,0,0,0,0,-1,0,0,0,,0,,0,,0,0,0,1
1723836950,772,3,4,8,8,10.154,0,0,0.31 | 0.31 | 0.31,0,1.92 | 2.47 | 3.01,0,1.33 | 1.62 | 2.09,0.947,0.000,0,1,0,0,0,0,-1,0,0,0,,0,,0,,0,0,0,1
1723836950,772,3,4,8,8,10.154,0,0,0.31 | 0.31 | 0.31,0,1.92 | 2.47 | 3.01,0,1.33 | 1.62 | 2.09,0.947,0.000,0,1,0,0,0,0,-1,0,0,0,,0,,0,,0,0,0,1
1723836950,772,3,4,8,8,10.154,0,0,0.31 | 0.31 | 0.31,0,1.92 | 2.47 | 3.01,0,1.33 | 1.62 | 2.09,0.947,0.000,0,1,0,0,0,0,-1,0,0,0,,0,,0,,0,0,0,1
1723836950,772,3,4,8,8,10.154,0,0,0.31 | 0.31 | 0.31,0,1.92 | 2.47 | 3.01,0,1.33 | 1.62 | 2.09,0.947,0.000,0,1,0,0,0,0,-1,0,0,0,,0,,0,,0,0,0,1
1723836950,772,3,4,8,8,10.154,0,0,0.31 | 0.31 | 0.31,0,1.92 | 2.47 | 3.01,0,1.33 | 1.62 | 2.09,0.947,0.000,0,1,0,0,0,0,-1,0,0,0,,0,,0,,0,0,0,1
1723836950,772,3,4,8,8,10.154,0,0,0.31 | 0.31 | 0.31,0,1.92 | 2.47 | 3.01,0,1.33 | 1.62 | 2.09,0.947,0.000,0,1,0,0,0,0,-1,0,0,0,,0,,0,,0,0,0,1
1723836950,772,3,4,8,8,9.091,0,0,0.31 | 0.31 | 0.31,0,1.92 | 2.47 | 3.01,0,1.33 | 1.62 | 2.09,0.947,0.000,0,1,0,0,0,0,-1,0,0,0,,0,,0,,0,0,0,1
1723836951,772,3,4,8,8,9.091,0,0,0.31 | 0.31 | 0.31,0,1.92 | 2.47 | 3.01,0,1.33 | 1.62 | 2.09,0.947,0.000,0,1,0,0,0,0,-1,0,0,0,,0,,0,,0,0,0,1
1723836951,772,3,4,8,8,9.091,0,0,0.31 | 0.31 | 0.31,0,1.92 | 2.47 | 3.01,0,1.33 | 1.62 | 2.09,0.947,0.000,0,1,0,0,0,0,-1,0,0,0,,0,,0,,0,0,0,1
1723836951,772,3,4,8,8,9.091,0,0,0.31 | 0.31 | 0.31,0,1.92 | 2.47 | 3.01,0,1.33 | 1.62 | 2.09,0.947,0.000,0,1,0,0,0,0,-1,0,0,0,,0,,0,,0,0,0,1
1723836951,772,3,4,8,8,9.091,0,0,0.31 | 0.31 | 0.31,0,1.92 | 2.47 | 3.01,0,1.33 | 1.62 | 2.09,0.947,0.000,0,1,0,0,0,0,-1,0,0,0,,0,,0,,0,0,0,1
1723836951,772,3,4,8,8,9.091,0,0,0.31 | 0.31 | 0.31,0,1.92 | 2.47 | 3.01,0,1.33 | 1.62 | 2.09,0.947,0.000,0,1,0,0,0,0,-1,0,0,0,,0,,0,,0,0,0,1
1723836951,772,3,4,8,8,9.091,0,0,0.31 | 0.31 | 0.31,0,1.92 | 2.47 | 3.01,0,1.33 | 1.62 | 2.09,0.947,0.000,0,1,0,0,0,0,-1,0,0,0,,0,,0,,0,0,0,1
1723836951,772,3,4,8,8,9.091,0,0,0.31 | 0.31 | 0.31,0,1.92 | 2.47 | 3.01,0,1.33 | 1.62 | 2.09,0.947,0.000,0,1,0,0,0,0,-1,0,0,0,,0,,0,,0,0,0,1
1723836951,772,3,4,8,8,9.091,0,0,0.31 | 0.31 | 0.31,0,1.92 | 2.47 | 3.01,0,1.33 | 1.62 | 2.09,0.947,0.000,0,1,0,0,0,0,-1,0,0,0,,0,,0,,0,0,0,1
1723836951,772,3,4,8,8,9.091,0,0,0.31 | 0.31 | 0.31,0,1.92 | 2.47 | 3.01,0,1.33 | 1.62 | 2.09,0.947,0.000,0,1,0,0,0,0,-1,0,0,0,,0,,0,,0,0,0,1
1723836951,772,3,4,8,8,8.295,0,0,0.31 | 0.31 | 0.31,0,1.92 | 2.47 | 3.01,0,1.33 | 1.62 | 2.09,0.947,0.000,0,1,0,0,0,0,-1,0,0,0,,0,,0,,0,0,0,1
1723836952,772,3,4,8,8,8.295,0,0,0.31 | 0.31 | 0.31,0,1.92 | 2.47 | 3.01,0,1.33 | 1.62 | 2.09,0.947,0.000,0,1,0,0,0,0,-1,0,0,0,,0,,0,,0,0,0,1
1723836952,772,3,4,8,8,8.295,0,0,0.31 | 0.31 | 0.31,0,1.92 | 2.47 | 3.01,0,1.33 | 1.62 | 2.09,0.947,0.000,0,1,0,0,0,0,-1,0,0,0,,0,,0,,0,0,0,1
1723836952,772,3,4,8,8,8.295,0,0,0.31 | 0.31 | 0.31,0,1.92 | 2.47 | 3.01,0,1.33 | 1.62 | 2.09,0.947,0.000,0,1,0,0,0,0,-1,0,0,0,,0,,0,,0,0,0,1
1723836952,772,3,4,8,8,8.295,0,0,0.31 | 0.31 | 0.31,0,1.92 | 2.47 | 3.01,0,1.33 | 1.62 | 2.09,0.947,0.000,0,1,0,0,0,0,-1,0,0,0,,0,,0,,0,0,0,1
1723836952,772,3,4,8,8,8.295,0,0,0.31 | 0.31 | 0.31,0,1.92 | 2.47 | 3.01,0,1.33 | 1.62 | 2.09,0.947,0.000,0,1,0,0,0,0,-1,0,0,0,,0,,0,,0,0,0,1
1723836952,772,3,4,8,8,8.295,0,0,0.31 | 0.31 | 0.31,0,1.92 | 2.47 | 3.01,0,1.33 | 1.62 | 2.09,0.947,0.000,0,1,0,0,0,0,-1,0,0,0,,0,,0,,0,0,0,1
1723836952,772,3,4,8,8,8.295,0,0,0.31 | 0.31 | 0.31,0,1.92 | 2.47 | 3.01,0,1.33 | 1.62 | 2.09,0.947,0.000,0,1,0,0,0,0,-1,0,0,0,,0,,0,,0,0,0,1
1723836952,772,4,4,8,8,8.295,0,0,0.31 | 0.31 | 0.31,0,1.92 | 2.47 | 3.01,0,1.33 | 1.62 | 2.09,0.947,0.000,0,1,0,0,0,0,-1,0,0,0,,0,,0,,0,0,0,1
1723836952,772,4,4,8,8,8.295,0,0,0.31 | 0.31 | 0.31,0,1.92 | 2.47 | 3.01,0,1.33 | 1.62 | 2.09,0.947,0.000,0,1,0,0,0,0,-1,0,0,0,,0,,0,,0,0,0,1
1723836952,772,4,4,8,8,7.232,0,0,0.31 | 0.31 | 0.31,0,1.92 | 2.73 | 4.07,0,0.98 | 1.46 | 2.09,0.949,0.000,0,1,0,0,0,0,-1,0,0,0,,0,,0,,0,0,0,1
1723836953,772,4,4,8,8,7.232,0,0,0.31 | 0.31 | 0.31,0,1.92 | 2.73 | 4.07,0,0.98 | 1.46 | 2.09,0.949,0.000,0,1,0,0,0,0,-1,0,0,0,,0,,0,,0,0,0,1
1723836953,772,4,4,8,8,7.232,0,0,0.31 | 0.31 | 0.31,0,1.92 | 2.73 | 4.07,0,0.98 | 1.46 | 2.09,0.949,0.000,0,1,0,0,0,0,-1,0,0,0,,0,,0,,0,0,0,1
1723836953,772,4,4,8,8,7.232,0,0,0.31 | 0.31 | 0.31,0,1.92 | 2.73 | 4.07,0,0.98 | 1.46 | 2.09,0.949,0.000,0,1,0,0,0,0,-1,0,0,0,,0,,0,,0,0,0,1
1723836953,772,4,4,8,8,7.232,0,0,0.31 | 0.31 | 0.31,0,1.92 | 2.73 | 4.07,0,0.98 | 1.46 | 2.09,0.949,0.000,0,1,0,0,0,0,-1,0,0,0,,0,,0,,0,0,0,1
1723836953,772,4,4,8,8,7.232,0,0,0.31 | 0.31 | 0.31,0,1.92 | 2.73 | 4.07,0,0.98 | 1.46 | 2.09,0.949,0.000,0,1,0,0,0,0,-1,0,0,0,,0,,0,,0,0,0,1
1723836953,772,4,4,8,8,7.232,0,0,0.31 | 0.31 | 0.31,0,1.92 | 2.73 | 4.07,0,0.98 | 1.46 | 2.09,0.949,0.000,0,1,0,0,0,0,-1,0,0,0,,0,,0,,0,0,0,1
1723836953,772,4,4,8,8,7.232,0,0,0.31 | 0.31 | 0.31,0,1.92 | 2.73 | 4.07,0,0.98 | 1.46 | 2.09,0.949,0.000,0,1,0,0,0,0,-1,0,0,0,,0,,0,,0,0,0,1
1723836953,772,4,4,8,8,7.232,0,0,0.31 | 0.31 | 0.31,0,1.92 | 2.73 | 4.07,0,0.98 | 1.46 | 2.09,0.949,0.000,0,1,0,0,0,0,-1,0,0,0,,0,,0,,0,0,0,1
1723836953,772,4,4,8,8,7.232,0,0,0.31 | 0.31 | 0.31,0,1.92 | 2.73 | 4.07,0,0.98 | 1.46 | 2.09,0.949,0.000,0,1,0,0,0,0,-1,0,0,0,,0,,0,,0,0,0,1
1723836953,772,4,4,8,8,6.072,0,0,0.31 | 0.31 | 0.31,0,1.92 | 2.73 | 4.07,0,0.98 | 1.46 | 2.09,0.949,0.000,0,1,0,0,0,0,-1,0,0,0,,0,,0,,0,0,0,1
1723836954,772,4,4,8,8,6.072,0,0,0.31 | 0.31 | 0.31,0,1.92 | 2.73 | 4.07,0,0.98 | 1.46 | 2.09,0.949,0.000,0,1,0,0,0,0,-1,0,0,0,,0,,0,,0,0,0,1
1723836954,772,4,4,8,8,6.072,0,0,0.31 | 0.31 | 0.31,0,1.92 | 2.73 | 4.07,0,0.98 | 1.46 | 2.09,0.949,0.000,0,1,0,0,0,0,-1,0,0,0,,0,,0,,0,0,0,1
1723836954,772,4,4,8,8,6.072,0,0,0.31 | 0.31 | 0.31,0,1.92 | 2.73 | 4.07,0,0.98 | 1.46 | 2.09,0.949,0.000,0,1,0,0,0,0,-1,0,0,0,,0,,0,,0,0,0,1
1723836954,772,4,4,8,8,6.072,0,0,0.31 | 0.31 | 0.31,0,1.92 | 2.73 | 4.07,0,0.98 | 1.46 | 2.09,0.949,0.000,0,1,0,0,0,0,-1,0,0,0,,0,,0,,0,0,0,1
1723836954,772,4,4,8,8,6.072,0,0,0.31 | 0.31 | 0.31,0,1.92 | 2.73 | 4.07,0,0.98 | 1.46 | 2.09,0.949,0.000,0,1,0,0,0,0,-1,0,0,0,,0,,0,,0,0,0,1
1723836954,772,4,4,8,8,6.072,0,0,0.31 | 0.31 | 0.31,0,1.92 | 2.73 | 4.07,0,0.98 | 1.46 | 2.09,0.949,0.000,0,1,0,0,0,0,-1,0,0,0,,0,,0,,0,0,0,1
1723836954,772,4,4,8,8,6.072,0,0,0.31 | 0.31 | 0.31,0,1.92 | 2.73 | 4.07,0,0.98 | 1.46 | 2.09,0.949,0.000,0,1,0,0,0,0,-1,0,0,0,,0,,0,,0,0,0,1
1723836954,772,4,4,8,8,6.072,0,0,0.31 | 0.31 | 0.31,0,1.92 | 2.73 | 4.07,0,0.98 | 1.46 | 2.09,0.949,0.000,0,1,0,0,0,0,-1,0,0,0,,0,,0,,0,0,0,1
1723836954,772,4,4,8,8,6.072,0,0,0.31 | 0.31 | 0.31,0,1.92 | 2.73 | 4.07,0,0.98 | 1.46 | 2.09,0.949,0.000,0,1,0,0,0,0,-1,0,0,0,,0,,0,,0,0,0,1
1723836954,772,4,4,8,8,5.107,0,0,0.31 | 0.31 | 0.31,0,1.92 | 2.73 | 4.07,0,0.98 | 1.46 | 2.09,0.949,0.000,0,1,0,0,0,0,-1,0,0,0,,0,,0,,0,0,0,1
1723836955,772,4,4,8,8,5.107,0,0,0.31 | 0.31 | 0.31,0,1.92 | 2.73 | 4.07,0,0.98 | 1.46 | 2.09,0.949,0.000,0,1,0,0,0,0,-1,0,0,0,,0,,0,,0,0,0,1
1723836955,772,4,4,8,8,5.107,0,0,0.31 | 0.31 | 0.31,0,1.92 | 2.73 | 4.07,0,0.98 | 1.46 | 2.09,0.949,0.000,0,1,0,0,0,0,-1,0,0,0,,0,,0,,0,0,0,1
1723836955,772,4,4,8,8,5.107,0,0,0.31 | 0.31 | 0.31,0,1.92 | 2.73 | 4.07,0,0.98 | 1.46 | 2.09,0.949,0.000,0,1,0,0,0,0,-1,0,0,0,,0,,0,,0,0,0,1
1723836955,772,4,4,8,8,5.107,0,0,0.31 | 0.31 | 0.31,0,1.92 | 2.73 | 4.07,0,0.98 | 1.46 | 2.09,0.949,0.000,0,1,0,0,0,0,-1,0,0,0,,0,,0,,0,0,0,1
1723836955,387,4,2,8,8,5.107,0,0,0.31 | 0.31 | 0.31,0,1.92 | 2.73 | 4.07,0,0.98 | 1.46 | 2.09,0.949,0.000,0,1,0,0,0,0,-1,0,0,0,,0,,0,,0,0,0,1
1723836955,387,4,2,8,8,5.107,0,0,0.31 | 0.31 | 0.31,0,1.92 | 2.73 | 4.07,0,0.98 | 1.46 | 2.09,0.949,0.000,0,1,0,0,0,0,-1,0,0,0,,0,,0,,0,0,0,1
1723836955,387,4,2,8,8,5.107,0,0,0.31 | 0.31 | 0.31,0,1.92 | 2.73 | 4.07,0,0.98 | 1.46 | 2.09,0.949,0.000,0,1,0,0,0,0,-1,0,0,0,,0,,0,,0,0,0,1
1723836955,387,4,2,8,8,5.107,0,0,0.31 | 0.31 | 0.31,0,1.92 | 2.73 | 4.07,0,0.98 | 1.46 | 2.09,0.949,0.000,0,1,0,0,0,0,-1,0,0,0,,0,,0,,0,0,0,1
1723836955,387,4,2,8,8,5.107,0,0,0.31 | 0.31 | 0.31,0,1.92 | 2.73 | 4.07,0,0.98 | 1.46 | 2.09,0.949,0.000,0,1,0,0,0,0,-1,0,0,0,,0,,0,,0,0,0,1
1723836955,387,4,2,8,8,4.206,0,0,0.30 | 0.31 | 0.31,0,1.92 | 2.83 | 4.07,0,0.98 | 1.42 | 2.09,0.948,0.000,0,1,0,0,0,0,-1,0,0,0,,0,,0,,0,0,0,1
1723836956,387,4,2,8,8,4.206,0,0,0.30 | 0.31 | 0.31,0,1.92 | 2.83 | 4.07,0,0.98 | 1.42 | 2.09,0.948,0.000,0,1,0,0,0,0,-1,0,0,0,,0,,0,,0,0,0,1
1723836956,387,4,2,8,8,4.206,0,0,0.30 | 0.31 | 0.31,0,1.92 | 2.83 | 4.07,0,0.98 | 1.42 | 2.09,0.948,0.000,0,1,0,0,0,0,-1,0,0,0,,0,,0,,0,0,0,1
1723836956,387,4,2,8,8,4.206,0,0,0.30 | 0.31 | 0.31,0,1.92 | 2.83 | 4.07,0,0.98 | 1.42 | 2.09,0.948,0.000,0,1,0,0,0,0,-1,0,0,0,,0,,0,,0,0,0,1
1723836956,387,4,2,8,8,4.206,0,0,0.30 | 0.31 | 0.31,0,1.92 | 2.83 | 4.07,0,0.98 | 1.42 | 2.09,0.948,0.000,0,1,0,0,0,0,-1,0,0,0,,0,,0,,0,0,0,1
1723836956,387,4,2,8,8,4.206,0,0,0.30 | 0.31 | 0.31,0,1.92 | 2.83 | 4.07,0,0.98 | 1.42 | 2.09,0.948,0.000,0,1,0,0,0,0,-1,0,0,0,,0,,0,,0,0,0,1
1723836956,387,4,2,8,8,4.206,0,0,0.30 | 0.31 | 0.31,0,1.92 | 2.83 | 4.07,0,0.98 | 1.42 | 2.09,0.948,0.000,0,1,0,0,0,0,-1,0,0,0,,0,,0,,0,0,0,1
1723836956,387,4,2,8,8,4.206,0,0,0.30 | 0.31 | 0.31,0,1.92 | 2.83 | 4.07,0,0.98 | 1.42 | 2.09,0.948,0.000,0,1,0,0,0,0,-1,0,0,0,,0,,0,,0,0,0,1
1723836956,387,4,2,8,8,4.206,0,0,0.30 | 0.31 | 0.31,0,1.92 | 2.83 | 4.07,0,0.98 | 1.42 | 2.09,0.948,0.000,0,1,0,0,0,0,-1,0,0,0,,0,,0,,0,0,0,1
1723836956,387,4,2,8,8,4.206,0,0,0.30 | 0.31 | 0.31,0,1.92 | 2.83 | 4.07,0,0.98 | 1.42 | 2.09,0.948,0.000,0,1,0,0,0,0,-1,0,0,0,,0,,0,,0,0,0,1
1723836956,387,4,2,8,8,3.248,0,0,0.30 | 0.31 | 0.31,0,1.92 | 2.83 | 4.07,0,0.98 | 1.42 | 2.09,0.948,0.000,0,1,0,0,0,0,-1,0,0,0,,0,,0,,0,0,0,1
1723836957,387,4,2,8,8,3.248,0,0,0.30 | 0.31 | 0.31,0,1.92 | 2.83 | 4.07,0,0.98 | 1.42 | 2.09,0.948,0.000,0,1,0,0,0,0,-1,0,0,0,,0,,0,,0,0,0,1
1723836957,387,4,2,8,8,3.248,0,0,0.30 | 0.31 | 0.31,0,1.92 | 2.83 | 4.07,0,0.98 | 1.42 | 2.09,0.948,0.000,0,1,0,0,0,0,-1,0,0,0,,0,,0,,0,0,0,1
1723836957,387,4,2,8,8,3.248,0,0,0.30 | 0.31 | 0.31,0,1.92 | 2.83 | 4.07,0,0.98 | 1.42 | 2.09,0.948,0.000,0,1,0,0,0,0,-1,0,0,0,,0,,0,,0,0,0,1
1723836957,387,4,2,8,8,3.248,0,0,0.30 | 0.31 | 0.31,0,1.92 | 2.83 | 4.07,0,0.98 | 1.42 | 2.09,0.948,0.000,0,1,0,0,0,0,-1,0,0,0,,0,,0,,0,0,0,1
1723836957,387,4,2,8,8,3.248,0,0,0.30 | 0.31 | 0.31,0,1.92 | 2.83 | 4.07,0,0.98 | 1.42 | 2.09,0.948,0.000,0,1,0,0,0,0,-1,0,0,0,,0,,0,,0,0,0,1
1723836957,387,4,2,8,8,3.248,0,0,0.30 | 0.31 | 0.31,0,1.92 | 2.83 | 4.07,0,0.98 | 1.42 | 2.09,0.948,0.000,0,1,0,0,0,0,-1,0,0,0,,0,,0,,0,0,0,1
1723836957,387,4,2,8,8,3.248,0,0,0.30 | 0.31 | 0.31,0,1.92 | 2.83 | 4.07,0,0.98 | 1.42 | 2.09,0.948,0.000,0,1,0,0,0,0,-1,0,0,0,,0,,0,,0,0,0,1
1723836957,387,4,2,8,8,3.248,0,0,0.30 | 0.31 | 0.31,0,1.92 | 2.83 | 4.07,0,0.98 | 1.42 | 2.09,0.948,0.000,0,1,0,0,0,0,-1,0,0,0,,0,,0,,0,0,0,1
1723836957,387,4,2,8,8,3.248,0,0,0.30 | 0.31 | 0.31,0,1.92 | 2.83 | 4.07,0,0.98 | 1.42 | 2.09,0.948,0.000,0,1,0,0,0,0,-1,0,0,0,,0,,0,,0,0,0,1
1723836957,387,4,2,8,8,2.185,0,0,0.30 | 0.31 | 0.31,0,1.92 | 2.83 | 4.07,0,0.98 | 1.42 | 2.09,0.948,0.000,0,1,0,0,0,0,-1,0,0,0,,0,,0,,0,0,0,1
1723836958,387,4,2,8,8,2.185,0,0,0.30 | 0.31 | 0.31,0,1.92 | 2.83 | 4.07,0,0.98 | 1.42 | 2.09,0.948,0.000,0,1,0,0,0,0,-1,0,0,0,,0,,0,,0,0,0,1
1723836958,387,4,2,8,8,2.185,0,0,0.30 | 0.31 | 0.31,0,1.92 | 2.83 | 4.07,0,0.98 | 1.42 | 2.09,0.948,0.000,0,1,0,0,0,0,-1,0,0,0,,0,,0,,0,0,0,1
1723836958,387,4,2,8,8,2.185,0,0,0.30 | 0.31 | 0.31,0,1.92 | 2.83 | 4.07,0,0.98 | 1.42 | 2.09,0.948,0.000,0,1,0,0,0,0,-1,0,0,0,,0,,0,,0,0,0,1
1723836958,387,4,2,8,8,2.185,0,0,0.30 | 0.31 | 0.31,0,1.92 | 2.83 | 4.07,0,0.98 | 1.42 | 2.09,0.948,0.000,0,1,0,0,0,0,-1,0,0,0,,0,,0,,0,0,0,1
1723836958,580,4,3,8,8,2.185,0,0,0.30 | 0.31 | 0.31,0,1.92 | 2.83 | 4.07,0,0.98 | 1.42 | 2.09,0.948,0.000,0,1,0,0,0,0,-1,0,0,0,,0,,0,,0,0,0,1
1723836958,580,4,3,8,8,2.185,0,0,0.30 | 0.31 | 0.31,0,1.92 | 2.83 | 4.07,0,0.98 | 1.42 | 2.09,0.948,0.000,0,1,0,0,0,0,-1,0,0,0,,0,,0,,0,0,0,1
1723836958,580,4,3,8,8,2.185,0,0,0.30 | 0.31 | 0.31,0,1.92 | 2.83 | 4.07,0,0.98 | 1.42 | 2.09,0.948,0.000,0,1,0,0,0,0,-1,0,0,0,,0,,0,,0,0,0,1
1723836958,580,4,3,8,8,2.185,0,0,0.30 | 0.31 | 0.31,0,1.92 | 2.83 | 4.07,0,0.98 | 1.42 | 2.09,0.948,0.000,0,1,0,0,0,0,-1,0,0,0,,0,,0,,0,0,0,1
1723836958,580,4,3,8,8,2.185,0,0,0.30 | 0.31 | 0.31,0,1.92 | 2.83 | 4.07,0,0.98 | 1.42 | 2.09,0.948,0.000,0,1,0,0,0,0,-1,0,0,0,,0,,0,,0,0,0,1
1723836958,580,4,3,8,8,5.923,0,0,0.30 | 0.31 | 0.31,0,1.92 | 2.70 | 4.07,0,0.98 | 1.48 | 2.09,0.935,0.000,0,1,0,0,0,0,-1,0,0,0,,0,,0,,0,0,0,1
1723836959,580,4,3,8,8,5.923,0,0,0.30 | 0.31 | 0.31,0,1.92 | 2.70 | 4.07,0,0.98 | 1.48 | 2.09,0.935,0.000,0,1,0,0,0,0,-1,0,0,0,,0,,0,,0,0,0,1
1723836959,580,4,3,8,8,5.923,0,0,0.30 | 0.31 | 0.31,0,1.92 | 2.70 | 4.07,0,0.98 | 1.48 | 2.09,0.935,0.000,0,1,0,0,0,0,-1,0,0,0,,0,,0,,0,0,0,1
1723836959,580,4,3,8,8,5.923,0,0,0.30 | 0.31 | 0.31,0,1.92 | 2.70 | 4.07,0,0.98 | 1.48 | 2.09,0.935,0.000,0,1,0,0,0,0,-1,0,0,0,,0,,0,,0,0,0,1
1723836959,580,4,3,8,8,5.923,0,0,0.30 | 0.31 | 0.31,0,1.92 | 2.70 | 4.07,0,0.98 | 1.48 | 2.09,0.935,0.000,0,1,0,0,0,0,-1,0,0,0,,0,,0,,0,0,0,1
1723836959,580,4,3,8,8,5.923,0,0,0.30 | 0.31 | 0.31,0,1.92 | 2.70 | 4.07,0,0.98 | 1.48 | 2.09,0.935,0.000,0,1,0,0,0,0,-1,0,0,0,,0,,0,,0,0,0,1
1723836959,580,4,3,8,8,5.923,0,0,0.30 | 0.31 | 0.31,0,1.92 | 2.70 | 4.07,0,0.98 | 1.48 | 2.09,0.935,0.000,0,1,0,0,0,0,-1,0,0,0,,0,,0,,0,0,0,1
1723836959,580,4,3,8,8,5.923,0,0,0.30 | 0.31 | 0.31,0,1.92 | 2.70 | 4.07,0,0.98 | 1.48 | 2.09,0.935,0.000,0,1,0,0,0,0,-1,0,0,0,,0,,0,,0,0,0,1
1723836959,580,4,3,8,8,5.923,0,0,0.30 | 0.31 | 0.31,0,1.92 | 2.70 | 4.07,0,0.98 | 1.48 | 2.09,0.935,0.000,0,1,0,0,0,0,-1,0,0,0,,0,,0,,0,0,0,1
1723836959,580,4,3,8,8,5.923,0,0,0.30 | 0.31 | 0.31,0,1.92 | 2.70 | 4.07,0,0.98 | 1.48 | 2.09,0.935,0.000,0,1,0,0,0,0,-1,0,0,0,,0,,0,,0,0,0,1
1723836959,580,4,3,8,8,5.126,0,0,0.30 | 0.31 | 0.31,0,1.92 | 2.70 | 4.07,0,0.98 | 1.48 | 2.09,0.935,0.000,0,1,0,0,0,0,-1,0,0,0,,0,,0,,0,0,0,1
1723836960,580,4,3,8,8,5.126,0,0,0.30 | 0.31 | 0.31,0,1.92 | 2.70 | 4.07,0,0.98 | 1.48 | 2.09,0.935,0.000,0,1,0,0,0,0,-1,0,0,0,,0,,0,,0,0,0,1
1723836960,580,4,3,8,8,5.126,0,0,0.30 | 0.31 | 0.31,0,1.92 | 2.70 | 4.07,0,0.98 | 1.48 | 2.09,0.935,0.000,0,1,0,0,0,0,-1,0,0,0,,0,,0,,0,0,0,1
1723836960,580,2,3,8,8,5.126,0,0,0.30 | 0.31 | 0.31,0,1.92 | 2.70 | 4.07,0,0.98 | 1.48 | 2.09,0.935,0.000,0,1,0,0,0,0,-1,0,0,0,,0,,0,,0,0,0,1
1723836960,580,2,3,8,8,5.126,0,0,0.30 | 0.31 | 0.31,0,1.92 | 2.70 | 4.07,0,0.98 | 1.48 | 2.09,0.935,0.000,0,1,0,0,0,0,-1,0,0,0,,0,,0,,0,0,0,1
1723836960,580,2,3,8,8,5.126,0,0,0.30 | 0.31 | 0.31,0,1.92 | 2.70 | 4.07,0,0.98 | 1.48 | 2.09,0.935,0.000,0,1,0,0,0,0,-1,0,0,0,,0,,0,,0,0,0,1
1723836960,580,2,3,8,8,5.126,0,0,0.30 | 0.31 | 0.31,0,1.92 | 2.70 | 4.07,0,0.98 | 1.48 | 2.09,0.935,0.000,0,1,0,0,0,0,-1,0,0,0,,0,,0,,0,0,0,1
1723836960,580,2,3,8,8,5.126,0,0,0.30 | 0.31 | 0.31,0,1.92 | 2.70 | 4.07,0,0.98 | 1.48 | 2.09,0.935,0.000,0,1,0,0,0,0,-1,0,0,0,,0,,0,,0,0,0,1
1723836960,580,2,3,8,8,5.126,0,0,0.30 | 0.31 | 0.31,0,1.92 | 2.70 | 4.07,0,0.98 | 1.48 | 2.09,0.935,0.000,0,1,0,0,0,0,-1,0,0,0,,0,,0,,0,0,0,1
1723836960,580,2,3,8,8,5.126,0,0,0.30 | 0.31 | 0.31,0,1.92 | 2.70 | 4.07,0,0.98 | 1.48 | 2.09,0.935,0.000,0,1,0,0,0,0,-1,0,0,0,,0,,0,,0,0,0,1
1723836960,580,2,3,8,8,4.063,0,0,0.30 | 0.31 | 0.31,0,1.92 | 2.70 | 4.07,0,0.98 | 1.48 | 2.09,0.935,0.000,0,1,0,0,0,0,-1,0,0,0,,0,,0,,0,0,0,1
1723836961,580,2,3,8,8,4.063,0,0,0.30 | 0.31 | 0.31,0,1.92 | 2.70 | 4.07,0,0.98 | 1.48 | 2.09,0.935,0.000,0,1,0,0,0,0,-1,0,0,0,,0,,0,,0,0,0,1
1723836961,580,2,3,8,8,4.063,0,0,0.30 | 0.31 | 0.31,0,1.92 | 2.70 | 4.07,0,0.98 | 1.48 | 2.09,0.935,0.000,0,1,0,0,0,0,-1,0,0,0,,0,,0,,0,0,0,1
1723836961,580,2,3,8,8,4.063,0,0,0.30 | 0.31 | 0.31,0,1.92 | 2.70 | 4.07,0,0.98 | 1.48 | 2.09,0.935,0.000,0,1,0,0,0,0,-1,0,0,0,,0,,0,,0,0,0,1
1723836961,580,2,3,8,8,4.063,0,0,0.30 | 0.31 | 0.31,0,1.92 | 2.70 | 4.07,0,0.98 | 1.48 | 2.09,0.935,0.000,0,1,0,0,0,0,-1,0,0,0,,0,,0,,0,0,0,1
1723836961,580,2,3,8,8,4.063,0,0,0.30 | 0.31 | 0.31,0,1.92 | 2.70 | 4.07,0,0.98 | 1.48 | 2.09,0.935,0.000,0,1,0,0,0,0,-1,0,0,0,,0,,0,,0,0,0,1
1723836961,580,2,3,8,8,4.063,0,0,0.30 | 0.31 | 0.31,0,1.92 | 2.70 | 4.07,0,0.98 | 1.48 | 2.09,0.935,0.000,0,1,0,0,0,0,-1,0,0,0,,0,,0,,0,0,0,1
1723836961,580,2,3,8,8,4.063,0,0,0.30 | 0.31 | 0.31,0,1.92 | 2.70 | 4.07,0,0.98 | 1.48 | 2.09,0.935,0.000,0,1,0,0,0,0,-1,0,0,0,,0,,0,,0,0,0,1
1723836961,580,2,3,8,8,4.063,0,0,0.30 | 0.31 | 0.31,0,1.92 | 2.70 | 4.07,0,0.98 | 1.48 | 2.09,0.935,0.000,0,1,0,0,0,0,-1,0,0,0,,0,,0,,0,0,0,1
1723836961,580,2,3,8,8,4.063,0,0,0.30 | 0.31 | 0.31,0,1.92 | 2.70 | 4.07,0,0.98 | 1.48 | 2.09,0.935,0.000,0,1,0,0,0,0,-1,0,0,0,,0,,0,,0,0,0,1
1723836961,580,2,3,8,8,6.201,0,0,0.30 | 0.31 | 0.31,0,2.25 | 2.79 | 4.07,0,0.98 | 1.43 | 1.77,0.935,0.000,0,1,0,0,0,0,-1,0,0,0,,0,,0,,0,0,0,1
1723836962,580,2,3,8,8,6.201,0,0,0.30 | 0.31 | 0.31,0,2.25 | 2.79 | 4.07,0,0.98 | 1.43 | 1.77,0.935,0.000,0,1,0,0,0,0,-1,0,0,0,,0,,0,,0,0,0,1
1723836962,580,2,3,8,8,6.201,0,0,0.30 | 0.31 | 0.31,0,2.25 | 2.79 | 4.07,0,0.98 | 1.43 | 1.77,0.935,0.000,0,1,0,0,0,0,-1,0,0,0,,0,,0,,0,0,0,1
1723836962,580,2,3,8,8,6.201,0,0,0.30 | 0.31 | 0.31,0,2.25 | 2.79 | 4.07,0,0.98 | 1.43 | 1.77,0.935,0.000,0,1,0,0,0,0,-1,0,0,0,,0,,0,,0,0,0,1
1723836962,580,2,3,8,8,6.201,0,0,0.30 | 0.31 | 0.31,0,2.25 | 2.79 | 4.07,0,0.98 | 1.43 | 1.77,0.935,0.000,0,1,0,0,0,0,-1,0,0,0,,0,,0,,0,0,0,1
1723836962,580,2,3,8,8,6.201,0,0,0.30 | 0.31 | 0.31,0,2.25 | 2.79 | 4.07,0,0.98 | 1.43 | 1.77,0.935,0.000,0,1,0,0,0,0,-1,0,0,0,,0,,0,,0,0,0,1
1723836962,580,2,3,8,8,6.201,0,0,0.30 | 0.31 | 0.31,0,2.25 | 2.79 | 4.07,0,0.98 | 1.43 | 1.77,0.935,0.000,0,1,0,0,0,0,-1,0,0,0,,0,,0,,0,0,0,1
1723836962,580,2,3,8,8,6.201,0,0,0.30 | 0.31 | 0.31,0,2.25 | 2.79 | 4.07,0,0.98 | 1.43 | 1.77,0.935,0.000,0,1,0,0,0,0,-1,0,0,0,,0,,0,,0,0,0,1
1723836962,580,2,3,8,8,6.201,0,0,0.30 | 0.31 | 0.31,0,2.25 | 2.79 | 4.07,0,0.98 | 1.43 | 1.77,0.935,0.000,0,1,0,0,0,0,-1,0,0,0,,0,,0,,0,0,0,1
1723836962,580,2,3,8,8,6.201,0,0,0.30 | 0.31 | 0.31,0,2.25 | 2.79 | 4.07,0,0.98 | 1.43 | 1.77,0.935,0.000,0,1,0,0,0,0,-1,0,0,0,,0,,0,,0,0,0,1
1723836962,580,2,3,8,8,5.138,0,0,0.30 | 0.31 | 0.31,0,2.25 | 2.79 | 4.07,0,0.98 | 1.43 | 1.77,0.935,0.000,0,1,0,0,0,0,-1,0,0,0,,0,,0,,0,0,0,1
1723836963,580,2,3,8,8,5.138,0,0,0.30 | 0.31 | 0.31,0,2.25 | 2.79 | 4.07,0,0.98 | 1.43 | 1.77,0.935,0.000,0,1,0,0,0,0,-1,0,0,0,,0,,0,,0,0,0,1
1723836963,580,2,3,8,8,5.138,0,0,0.30 | 0.31 | 0.31,0,2.25 | 2.79 | 4.07,0,0.98 | 1.43 | 1.77,0.935,0.000,0,1,0,0,0,0,-1,0,0,0,,0,,0,,0,0,0,1
1723836963,580,2,3,8,8,5.138,0,0,0.30 | 0.31 | 0.31,0,2.25 | 2.79 | 4.07,0,0.98 | 1.43 | 1.77,0.935,0.000,0,1,0,0,0,0,-1,0,0,0,,0,,0,,0,0,0,1
1723836963,580,2,3,8,8,5.138,0,0,0.30 | 0.31 | 0.31,0,2.25 | 2.79 | 4.07,0,0.98 | 1.43 | 1.77,0.935,0.000,0,1,0,0,0,0,-1,0,0,0,,0,,0,,0,0,0,1
1723836963,580,2,3,8,8,5.138,0,0,0.30 | 0.31 | 0.31,0,2.25 | 2.79 | 4.07,0,0.98 | 1.43 | 1.77,0.935,0.000,0,1,0,0,0,0,-1,0,0,0,,0,,0,,0,0,0,1
1723836963,580,2,3,8,8,5.138,0,0,0.30 | 0.31 | 0.31,0,2.25 | 2.79 | 4.07,0,0.98 | 1.43 | 1.77,0.935,0.000,0,1,0,0,0,0,-1,0,0,0,,0,,0,,0,0,0,1
1723836963,580,2,3,8,8,5.138,0,0,0.30 | 0.31 | 0.31,0,2.25 | 2.79 | 4.07,0,0.98 | 1.43 | 1.77,0.935,0.000,0,1,0,0,0,0,-1,0,0,0,,0,,0,,0,0,0,1
1723836963,580,2,3,8,8,5.138,0,0,0.30 | 0.31 | 0.31,0,2.25 | 2.79 | 4.07,0,0.98 | 1.43 | 1.77,0.935,0.000,0,1,0,0,0,0,-1,0,0,0,,0,,0,,0,0,0,1
1723836963,580,2,3,8,8,5.138,0,0,0.30 | 0.31 | 0.31,0,2.25 | 2.79 | 4.07,0,0.98 | 1.43 | 1.77,0.935,0.000,0,1,0,0,0,0,-1,0,0,0,,0,,0,,0,0,0,1
1723836963,580,2,3,8,8,4.073,0,0,0.30 | 0.31 | 0.31,0,2.25 | 2.79 | 4.07,0,0.98 | 1.43 | 1.77,0.935,0.000,0,1,0,0,0,0,-1,0,0,0,,0,,0,,0,0,0,1
1723836964,580,2,3,8,8,4.073,0,0,0.30 | 0.31 | 0.31,0,2.25 | 2.79 | 4.07,0,0.98 | 1.43 | 1.77,0.935,0.000,0,1,0,0,0,0,-1,0,0,0,,0,,0,,0,0,0,1
1723836964,580,3,3,8,8,4.073,0,0,0.30 | 0.31 | 0.31,0,2.25 | 2.79 | 4.07,0,0.98 | 1.43 | 1.77,0.935,0.000,0,1,0,0,0,0,-1,0,0,0,,0,,0,,0,0,0,1
1723836964,580,3,3,8,8,4.073,0,0,0.30 | 0.31 | 0.31,0,2.25 | 2.79 | 4.07,0,0.98 | 1.43 | 1.77,0.935,0.000,0,1,0,0,0,0,-1,0,0,0,,0,,0,,0,0,0,1
1723836964,580,3,3,8,8,4.073,0,0,0.30 | 0.31 | 0.31,0,2.25 | 2.79 | 4.07,0,0.98 | 1.43 | 1.77,0.935,0.000,0,1,0,0,0,0,-1,0,0,0,,0,,0,,0,0,0,1
1723836964,580,3,3,8,8,4.073,0,0,0.30 | 0.31 | 0.31,0,2.25 | 2.79 | 4.07,0,0.98 | 1.43 | 1.77,0.935,0.000,0,1,0,0,0,0,-1,0,0,0,,0,,0,,0,0,0,1
1723836964,580,3,3,8,8,4.073,0,0,0.30 | 0.31 | 0.31,0,2.25 | 2.79 | 4.07,0,0.98 | 1.43 | 1.77,0.935,0.000,0,1,0,0,0,0,-1,0,0,0,,0,,0,,0,0,0,1
1723836964,580,3,3,8,8,4.073,0,0,0.30 | 0.31 | 0.31,0,2.25 | 2.79 | 4.07,0,0.98 | 1.43 | 1.77,0.935,0.000,0,1,0,0,0,0,-1,0,0,0,,0,,0,,0,0,0,1
1723836964,580,3,3,8,8,4.073,0,0,0.30 | 0.31 | 0.31,0,2.25 | 2.79 | 4.07,0,0.98 | 1.43 | 1.77,0.935,0.000,0,1,0,0,0,0,-1,0,0,0,,0,,0,,0,0,0,1
1723836964,580,3,3,8,8,4.073,0,0,0.30 | 0.31 | 0.31,0,2.25 | 2.79 | 4.07,0,0.98 | 1.43 | 1.77,0.935,0.000,0,1,0,0,0,0,-1,0,0,0,,0,,0,,0,0,0,1
1723836964,580,3,3,8,8,7.876,0,0,0.30 | 0.31 | 0.31,0,2.25 | 2.53 | 3.03,0,1.32 | 1.58 | 1.77,0.935,0.000,0,1,0,0,0,0,-1,0,0,0,,0,,0,,0,0,0,1
1723836965,580,3,3,8,8,7.876,0,0,0.30 | 0.31 | 0.31,0,2.25 | 2.53 | 3.03,0,1.32 | 1.58 | 1.77,0.935,0.000,0,1,0,0,0,0,-1,0,0,0,,0,,0,,0,0,0,1
1723836965,580,3,3,8,8,7.876,0,0,0.30 | 0.31 | 0.31,0,2.25 | 2.53 | 3.03,0,1.32 | 1.58 | 1.77,0.935,0.000,0,1,0,0,0,0,-1,0,0,0,,0,,0,,0,0,0,1
1723836965,580,3,3,8,8,7.876,0,0,0.30 | 0.31 | 0.31,0,2.25 | 2.53 | 3.03,0,1.32 | 1.58 | 1.77,0.935,0.000,0,1,0,0,0,0,-1,0,0,0,,0,,0,,0,0,0,1
1723836965,580,3,3,8,8,7.876,0,0,0.30 | 0.31 | 0.31,0,2.25 | 2.53 | 3.03,0,1.32 | 1.58 | 1.77,0.935,0.000,0,1,0,0,0,0,-1,0,0,0,,0,,0,,0,0,0,1
1723836965,580,3,3,8,8,7.876,0,0,0.30 | 0.31 | 0.31,0,2.25 | 2.53 | 3.03,0,1.32 | 1.58 | 1.77,0.935,0.000,0,1,0,0,0,0,-1,0,0,0,,0,,0,,0,0,0,1
1723836965,580,3,3,8,8,7.876,0,0,0.30 | 0.31 | 0.31,0,2.25 | 2.53 | 3.03,0,1.32 | 1.58 | 1.77,0.935,0.000,0,1,0,0,0,0,-1,0,0,0,,0,,0,,0,0,0,1
1723836965,580,3,3,8,8,7.876,0,0,0.30 | 0.31 | 0.31,0,2.25 | 2.53 | 3.03,0,1.32 | 1.58 | 1.77,0.935,0.000,0,1,0,0,0,0,-1,0,0,0,,0,,0,,0,0,0,1
1723836965,580,3,3,8,8,7.876,0,0,0.30 | 0.31 | 0.31,0,2.25 | 2.53 | 3.03,0,1.32 | 1.58 | 1.77,0.935,0.000,0,1,0,0,0,0,-1,0,0,0,,0,,0,,0,0,0,1
1723836965,580,3,3,8,8,7.876,0,0,0.30 | 0.31 | 0.31,0,2.25 | 2.53 | 3.03,0,1.32 | 1.58 | 1.77,0.935,0.000,0,1,0,0,0,0,-1,0,0,0,,0,,0,,0,0,0,1
1723836965,580,3,3,8,8,7.016,0,0,0.30 | 0.31 | 0.31,0,2.25 | 2.53 | 3.03,0,1.32 | 1.58 | 1.77,0.935,0.000,0,1,0,0,0,0,-1,0,0,0,,0,,0,,0,0,0,1
1723836966,580,3,3,8,8,7.016,0,0,0.30 | 0.31 | 0.31,0,2.25 | 2.53 | 3.03,0,1.32 | 1.58 | 1.77,0.935,0.000,0,1,0,0,0,0,-1,0,0,0,,0,,0,,0,0,0,1
1723836966,580,3,3,8,8,7.016,0,0,0.30 | 0.31 | 0.31,0,2.25 | 2.53 | 3.03,0,1.32 | 1.58 | 1.77,0.935,0.000,0,1,0,0,0,0,-1,0,0,0,,0,,0,,0,0,0,1
1723836966,580,3,3,8,8,7.016,0,0,0.30 | 0.31 | 0.31,0,2.25 | 2.53 | 3.03,0,1.32 | 1.58 | 1.77,0.935,0.000,0,1,0,0,0,0,-1,0,0,0,,0,,0,,0,0,0,1
1723836966,580,3,3,8,8,7.016,0,0,0.30 | 0.31 | 0.31,0,2.25 | 2.53 | 3.03,0,1.32 | 1.58 | 1.77,0.935,0.000,0,1,0,0,0,0,-1,0,0,0,,0,,0,,0,0,0,1
1723836966,580,3,3,8,8,7.016,0,0,0.30 | 0.31 | 0.31,0,2.25 | 2.53 | 3.03,0,1.32 | 1.58 | 1.77,0.935,0.000,0,1,0,0,0,0,-1,0,0,0,,0,,0,,0,0,0,1
1723836966,580,3,3,8,8,7.016,0,0,0.30 | 0.31 | 0.31,0,2.25 | 2.53 | 3.03,0,1.32 | 1.58 | 1.77,0.935,0.000,0,1,0,0,0,0,-1,0,0,0,,0,,0,,0,0,0,1
1723836966,580,3,3,8,8,7.016,0,0,0.30 | 0.31 | 0.31,0,2.25 | 2.53 | 3.03,0,1.32 | 1.58 | 1.77,0.935,0.000,0,1,0,0,0,0,-1,0,0,0,,0,,0,,0,0,0,1
1723836966,580,3,3,8,8,7.016,0,0,0.30 | 0.31 | 0.31,0,2.25 | 2.53 | 3.03,0,1.32 | 1.58 | 1.77,0.935,0.000,0,1,0,0,0,0,-1,0,0,0,,0,,0,,0,0,0,1
1723836966,580,3,3,8,8,7.016,0,0,0.30 | 0.31 | 0.31,0,2.25 | 2.53 | 3.03,0,1.32 | 1.58 | 1.77,0.935,0.000,0,1,0,0,0,0,-1,0,0,0,,0,,0,,0,0,0,1
1723836966,580,3,3,8,8,5.954,0,0,0.30 | 0.31 | 0.31,0,2.25 | 2.53 | 3.03,0,1.32 | 1.58 | 1.77,0.935,0.000,0,1,0,0,0,0,-1,0,0,0,,0,,0,,0,0,0,1
1723836967,580,3,3,8,8,5.954,0,0,0.30 | 0.31 | 0.31,0,2.25 | 2.53 | 3.03,0,1.32 | 1.58 | 1.77,0.935,0.000,0,1,0,0,0,0,-1,0,0,0,,0,,0,,0,0,0,1
1723836967,580,3,3,8,8,5.954,0,0,0.30 | 0.31 | 0.31,0,2.25 | 2.53 | 3.03,0,1.32 | 1.58 | 1.77,0.935,0.000,0,1,0,0,0,0,-1,0,0,0,,0,,0,,0,0,0,1
1723836967,580,3,3,8,8,5.954,0,0,0.30 | 0.31 | 0.31,0,2.25 | 2.53 | 3.03,0,1.32 | 1.58 | 1.77,0.935,0.000,0,1,0,0,0,0,-1,0,0,0,,0,,0,,0,0,0,1
1723836967,580,3,3,8,8,5.954,0,0,0.30 | 0.31 | 0.31,0,2.25 | 2.53 | 3.03,0,1.32 | 1.58 | 1.77,0.935,0.000,0,1,0,0,0,0,-1,0,0,0,,0,,0,,0,0,0,1
1723836967,580,3,3,8,8,5.954,0,0,0.30 | 0.31 | 0.31,0,2.25 | 2.53 | 3.03,0,1.32 | 1.58 | 1.77,0.935,0.000,0,1,0,0,0,0,-1,0,0,0,,0,,0,,0,0,0,1
1723836967,580,3,3,8,8,5.954,0,0,0.30 | 0.31 | 0.31,0,2.25 | 2.53 | 3.03,0,1.32 | 1.58 | 1.77,0.935,0.000,0,1,0,0,0,0,-1,0,0,0,,0,,0,,0,0,0,1
1723836967,580,3,3,8,8,5.954,0,0,0.30 | 0.31 | 0.31,0,2.25 | 2.53 | 3.03,0,1.32 | 1.58 | 1.77,0.935,0.000,0,1,0,0,0,0,-1,0,0,0,,0,,0,,0,0,0,1
1723836967,580,3,3,8,8,5.954,0,0,0.30 | 0.31 | 0.31,0,2.25 | 2.53 | 3.03,0,1.32 | 1.58 | 1.77,0.935,0.000,0,1,0,0,0,0,-1,0,0,0,,0,,0,,0,0,0,1
1723836967,580,3,3,8,8,5.954,0,0,0.30 | 0.31 | 0.31,0,2.25 | 2.53 | 3.03,0,1.32 | 1.58 | 1.77,0.935,0.000,0,1,0,0,0,0,-1,0,0,0,,0,,0,,0,0,0,1
1723836967,580,3,3,8,8,8.092,0,0,0.31 | 0.31 | 0.31,0,2.00 | 2.42 | 3.03,0,1.32 | 1.66 | 2.00,0.936,0.000,0,1,0,0,0,0,-1,0,0,0,,0,,0,,0,0,0,1
1723836968,580,3,3,8,8,8.092,0,0,0.31 | 0.31 | 0.31,0,2.00 | 2.42 | 3.03,0,1.32 | 1.66 | 2.00,0.936,0.000,0,1,0,0,0,0,-1,0,0,0,,0,,0,,0,0,0,1
1723836968,580,3,3,8,8,8.092,0,0,0.31 | 0.31 | 0.31,0,2.00 | 2.42 | 3.03,0,1.32 | 1.66 | 2.00,0.936,0.000,0,1,0,0,0,0,-1,0,0,0,,0,,0,,0,0,0,1
1723836968,580,3,3,8,8,8.092,0,0,0.31 | 0.31 | 0.31,0,2.00 | 2.42 | 3.03,0,1.32 | 1.66 | 2.00,0.936,0.000,0,1,0,0,0,0,-1,0,0,0,,0,,0,,0,0,0,1
1723836968,580,3,3,8,8,8.092,0,0,0.31 | 0.31 | 0.31,0,2.00 | 2.42 | 3.03,0,1.32 | 1.66 | 2.00,0.936,0.000,0,1,0,0,0,0,-1,0,0,0,,0,,0,,0,0,0,1
1723836968,580,3,3,8,8,8.092,0,0,0.31 | 0.31 | 0.31,0,2.00 | 2.42 | 3.03,0,1.32 | 1.66 | 2.00,0.936,0.000,0,1,0,0,0,0,-1,0,0,0,,0,,0,,0,0,0,1
1723836968,580,3,3,8,8,8.092,0,0,0.31 | 0.31 | 0.31,0,2.00 | 2.42 | 3.03,0,1.32 | 1.66 | 2.00,0.936,0.000,0,1,0,0,0,0,-1,0,0,0,,0,,0,,0,0,0,1
1723836968,580,3,3,8,8,8.092,0,0,0.31 | 0.31 | 0.31,0,2.00 | 2.42 | 3.03,0,1.32 | 1.66 | 2.00,0.936,0.000,0,1,0,0,0,0,-1,0,0,0,,0,,0,,0,0,0,1
1723836968,580,3,3,8,8,8.092,0,0,0.31 | 0.31 | 0.31,0,2.00 | 2.42 | 3.03,0,1.32 | 1.66 | 2.00,0.936,0.000,0,1,0,0,0,0,-1,0,0,0,,0,,0,,0,0,0,1
1723836968,580,3,3,8,8,8.092,0,0,0.31 | 0.31 | 0.31,0,2.00 | 2.42 | 3.03,0,1.32 | 1.66 | 2.00,0.936,0.000,0,1,0,0,0,0,-1,0,0,0,,0,,0,,0,0,0,1
1723836968,580,3,3,8,8,7.295,0,0,0.31 | 0.31 | 0.31,0,2.00 | 2.42 | 3.03,0,1.32 | 1.66 | 2.00,0.936,0.000,0,1,0,0,0,0,-1,0,0,0,,0,,0,,0,0,0,1
1723836969,580,3,3,8,8,7.295,0,0,0.31 | 0.31 | 0.31,0,2.00 | 2.42 | 3.03,0,1.32 | 1.66 | 2.00,0.936,0.000,0,1,0,0,0,0,-1,0,0,0,,0,,0,,0,0,0,1
1723836969,580,3,3,8,8,7.295,0,0,0.31 | 0.31 | 0.31,0,2.00 | 2.42 | 3.03,0,1.32 | 1.66 | 2.00,0.936,0.000,0,1,0,0,0,0,-1,0,0,0,,0,,0,,0,0,0,1
1723836969,580,3,3,8,8,7.295,0,0,0.31 | 0.31 | 0.31,0,2.00 | 2.42 | 3.03,0,1.32 | 1.66 | 2.00,0.936,0.000,0,1,0,0,0,0,-1,0,0,0,,0,,0,,0,0,0,1
1723836969,580,3,3,8,8,7.295,0,0,0.31 | 0.31 | 0.31,0,2.00 | 2.42 | 3.03,0,1.32 | 1.66 | 2.00,0.936,0.000,0,1,0,0,0,0,-1,0,0,0,,0,,0,,0,0,0,1
1723836969,580,3,3,8,8,7.295,0,0,0.31 | 0.31 | 0.31,0,2.00 | 2.42 | 3.03,0,1.32 | 1.66 | 2.00,0.936,0.000,0,1,0,0,0,0,-1,0,0,0,,0,,0,,0,0,0,1
1723836969,580,3,3,8,8,7.295,0,0,0.31 | 0.31 | 0.31,0,2.00 | 2.42 | 3.03,0,1.32 | 1.66 | 2.00,0.936,0.000,0,1,0,0,0,0,-1,0,0,0,,0,,0,,0,0,0,1
1723836969,580,3,3,8,8,7.295,0,0,0.31 | 0.31 | 0.31,0,2.00 | 2.42 | 3.03,0,1.32 | 1.66 | 2.00,0.936,0.000,0,1,0,0,0,0,-1,0,0,0,,0,,0,,0,0,0,1
1723836969,580,3,3,8,8,7.295,0,0,0.31 | 0.31 | 0.31,0,2.00 | 2.42 | 3.03,0,1.32 | 1.66 | 2.00,0.936,0.000,0,1,0,0,0,0,-1,0,0,0,,0,,0,,0,0,0,1
1723836969,580,3,3,8,8,7.295,0,0,0.31 | 0.31 | 0.31,0,2.00 | 2.42 | 3.03,0,1.32 | 1.66 | 2.00,0.936,0.000,0,1,0,0,0,0,-1,0,0,0,,0,,0,,0,0,0,1
1723836969,580,3,3,8,8,6.232,0,0,0.31 | 0.31 | 0.31,0,2.00 | 2.42 | 3.03,0,1.32 | 1.66 | 2.00,0.936,0.000,0,1,0,0,0,0,-1,0,0,0,,0,,0,,0,0,0,1
1723836970,580,3,3,8,8,6.232,0,0,0.31 | 0.31 | 0.31,0,2.00 | 2.42 | 3.03,0,1.32 | 1.66 | 2.00,0.936,0.000,0,1,0,0,0,0,-1,0,0,0,,0,,0,,0,0,0,1
1723836970,580,3,3,8,8,6.232,0,0,0.31 | 0.31 | 0.31,0,2.00 | 2.42 | 3.03,0,1.32 | 1.66 | 2.00,0.936,0.000,0,1,0,0,0,0,-1,0,0,0,,0,,0,,0,0,0,1
1723836970,580,3,3,8,8,6.232,0,0,0.31 | 0.31 | 0.31,0,2.00 | 2.42 | 3.03,0,1.32 | 1.66 | 2.00,0.936,0.000,0,1,0,0,0,0,-1,0,0,0,,0,,0,,0,0,0,1
1723836970,580,3,3,8,8,6.232,0,0,0.31 | 0.31 | 0.31,0,2.00 | 2.42 | 3.03,0,1.32 | 1.66 | 2.00,0.936,0.000,0,1,0,0,0,0,-1,0,0,0,,0,,0,,0,0,0,1
1723836970,580,3,3,8,8,6.232,0,0,0.31 | 0.31 | 0.31,0,2.00 | 2.42 | 3.03,0,1.32 | 1.66 | 2.00,0.936,0.000,0,1,0,0,0,0,-1,0,0,0,,0,,0,,0,0,0,1
1723836970,580,3,3,8,8,6.232,0,0,0.31 | 0.31 | 0.31,0,2.00 | 2.42 | 3.03,0,1.32 | 1.66 | 2.00,0.936,0.000,0,1,0,0,0,0,-1,0,0,0,,0,,0,,0,0,0,1
1723836970,580,3,3,8,8,6.232,0,0,0.31 | 0.31 | 0.31,0,2.00 | 2.42 | 3.03,0,1.32 | 1.66 | 2.00,0.936,0.000,0,1,0,0,0,0,-1,0,0,0,,0,,0,,0,0,0,1
1723836970,580,3,3,8,8,6.232,0,0,0.31 | 0.31 | 0.31,0,2.00 | 2.42 | 3.03,0,1.32 | 1.66 | 2.00,0.936,0.000,0,1,0,0,0,0,-1,0,0,0,,0,,0,,0,0,0,1
1723836970,580,3,3,8,8,6.232,0,0,0.31 | 0.31 | 0.31,0,2.00 | 2.42 | 3.03,0,1.32 | 1.66 | 2.00,0.936,0.000,0,1,0,0,0,0,-1,0,0,0,,0,,0,,0,0,0,1
1723836970,580,3,3,8,8,9.97,0,0,0.31 | 0.31 | 0.31,0,2.00 | 2.59 | 3.07,0,1.30 | 1.55 | 2.00,0.949,0.000,0,1,0,0,0,0,-1,0,0,0,,0,,0,,0,0,0,1
1723836971,580,3,3,8,8,9.97,0,0,0.31 | 0.31 | 0.31,0,2.00 | 2.59 | 3.07,0,1.30 | 1.55 | 2.00,0.949,0.000,0,1,0,0,0,0,-1,0,0,0,,0,,0,,0,0,0,1
1723836971,580,3,3,8,8,9.97,0,0,0.31 | 0.31 | 0.31,0,2.00 | 2.59 | 3.07,0,1.30 | 1.55 | 2.00,0.949,0.000,0,1,0,0,0,0,-1,0,0,0,,0,,0,,0,0,0,1
1723836971,580,3,3,8,8,9.97,0,0,0.31 | 0.31 | 0.31,0,2.00 | 2.59 | 3.07,0,1.30 | 1.55 | 2.00,0.949,0.000,0,1,0,0,0,0,-1,0,0,0,,0,,0,,0,0,0,1
1723836971,580,3,3,8,8,9.97,0,0,0.31 | 0.31 | 0.31,0,2.00 | 2.59 | 3.07,0,1.30 | 1.55 | 2.00,0.949,0.000,0,1,0,0,0,0,-1,0,0,0,,0,,0,,0,0,0,1
1723836971,580,3,3,8,8,9.97,0,0,0.31 | 0.31 | 0.31,0,2.00 | 2.59 | 3.07,0,1.30 | 1.55 | 2.00,0.949,0.000,0,1,0,0,0,0,-1,0,0,0,,0,,0,,0,0,0,1
1723836971,580,3,3,8,8,9.97,0,0,0.31 | 0.31 | 0.31,0,2.00 | 2.59 | 3.07,0,1.30 | 1.55 | 2.00,0.949,0.000,0,1,0,0,0,0,-1,0,0,0,,0,,0,,0,0,0,1
1723836971,580,3,3,8,8,9.97,0,0,0.31 | 0.31 | 0.31,0,2.00 | 2.59 | 3.07,0,1.30 | 1.55 | 2.00,0.949,0.000,0,1,0,0,0,0,-1,0,0,0,,0,,0,,0,0,0,1
1723836971,580,3,3,8,8,9.97,0,0,0.31 | 0.31 | 0.31,0,2.00 | 2.59 | 3.07,0,1.30 | 1.55 | 2.00,0.949,0.000,0,1,0,0,0,0,-1,0,0,0,,0,,0,,0,0,0,1
1723836971,580,3,3,8,8,9.97,0,0,0.31 | 0.31 | 0.31,0,2.00 | 2.59 | 3.07,0,1.30 | 1.55 | 2.00,0.949,0.000,0,1,0,0,0,0,-1,0,0,0,,0,,0,,0,0,0,1
1723836971,580,3,3,8,8,8.907,0,0,0.31 | 0.31 | 0.31,0,2.00 | 2.59 | 3.07,0,1.30 | 1.55 | 2.00,0.949,0.000,0,1,0,0,0,0,-1,0,0,0,,0,,0,,0,0,0,1
1723836972,580,3,3,8,8,8.907,0,0,0.31 | 0.31 | 0.31,0,2.00 | 2.59 | 3.07,0,1.30 | 1.55 | 2.00,0.949,0.000,0,1,0,0,0,0,-1,0,0,0,,0,,0,,0,0,0,1
1723836972,580,3,3,8,8,8.907,0,0,0.31 | 0.31 | 0.31,0,2.00 | 2.59 | 3.07,0,1.30 | 1.55 | 2.00,0.949,0.000,0,1,0,0,0,0,-1,0,0,0,,0,,0,,0,0,0,1
1723836972,580,3,3,8,8,8.907,0,0,0.31 | 0.31 | 0.31,0,2.00 | 2.59 | 3.07,0,1.30 | 1.55 | 2.00,0.949,0.000,0,1,0,0,0,0,-1,0,0,0,,0,,0,,0,0,0,1
1723836972,580,3,3,8,8,8.907,0,0,0.31 | 0.31 | 0.31,0,2.00 | 2.59 | 3.07,0,1.30 | 1.55 | 2.00,0.949,0.000,0,1,0,0,0,0,-1,0,0,0,,0,,0,,0,0,0,1
1723836972,580,3,3,8,8,8.907,0,0,0.31 | 0.31 | 0.31,0,2.00 | 2.59 | 3.07,0,1.30 | 1.55 | 2.00,0.949,0.000,0,1,0,0,0,0,-1,0,0,0,,0,,0,,0,0,0,1
1723836972,580,3,3,8,8,8.907,0,0,0.31 | 0.31 | 0.31,0,2.00 | 2.59 | 3.07,0,1.30 | 1.55 | 2.00,0.949,0.000,0,1,0,0,0,0,-1,0,0,0,,0,,0,,0,0,0,1
1723836972,580,3,3,8,8,8.907,0,0,0.31 | 0.31 | 0.31,0,2.00 | 2.59 | 3.07,0,1.30 | 1.55 | 2.00,0.949,0.000,0,1,0,0,0,0,-1,0,0,0,,0,,0,,0,0,0,1
1723836972,580,3,3,8,8,8.907,0,0,0.31 | 0.31 | 0.31,0,2.00 | 2.59 | 3.07,0,1.30 | 1.55 | 2.00,0.949,0.000,0,1,0,0,0,0,-1,0,0,0,,0,,0,,0,0,0,1
1723836972,580,3,3,8,8,8.907,0,0,0.31 | 0.31 | 0.31,0,2.00 | 2.59 | 3.07,0,1.30 | 1.55 | 2.00,0.949,0.000,0,1,0,0,0,0,-1,0,0,0,,0,,0,,0,0,0,1
1723836972,580,3,3,8,8,11.136,0,0,0.31 | 0.31 | 0.31,0,2.00 | 2.55 | 3.07,0,1.30 | 1.57 | 2.00,0.949,0.000,0,1,0,0,0,0,-1,0,0,0,,0,,0,,0,0,0,1
1723836973,580,3,3,8,8,11.136,0,0,0.31 | 0.31 | 0.31,0,2.00 | 2.55 | 3.07,0,1.30 | 1.57 | 2.00,0.949,0.000,0,1,0,0,0,0,-1,0,0,0,,0,,0,,0,0,0,1
1723836973,580,3,3,8,8,11.136,0,0,0.31 | 0.31 | 0.31,0,2.00 | 2.55 | 3.07,0,1.30 | 1.57 | 2.00,0.949,0.000,0,1,0,0,0,0,-1,0,0,0,,0,,0,,0,0,0,1
1723836973,580,3,3,8,8,11.136,0,0,0.31 | 0.31 | 0.31,0,2.00 | 2.55 | 3.07,0,1.30 | 1.57 | 2.00,0.949,0.000,0,1,0,0,0,0,-1,0,0,0,,0,,0,,0,0,0,1
1723836973,580,3,3,8,8,11.136,0,0,0.31 | 0.31 | 0.31,0,2.00 | 2.55 | 3.07,0,1.30 | 1.57 | 2.00,0.949,0.000,0,1,0,0,0,0,-1,0,0,0,,0,,0,,0,0,0,1
1723836973,580,3,3,8,8,11.136,0,0,0.31 | 0.31 | 0.31,0,2.00 | 2.55 | 3.07,0,1.30 | 1.57 | 2.00,0.949,0.000,0,1,0,0,0,0,-1,0,0,0,,0,,0,,0,0,0,1
1723836973,580,3,3,8,8,11.136,0,0,0.31 | 0.31 | 0.31,0,2.00 | 2.55 | 3.07,0,1.30 | 1.57 | 2.00,0.949,0.000,0,1,0,0,0,0,-1,0,0,0,,0,,0,,0,0,0,1
1723836973,580,3,3,8,8,11.136,0,0,0.31 | 0.31 | 0.31,0,2.00 | 2.55 | 3.07,0,1.30 | 1.57 | 2.00,0.949,0.000,0,1,0,0,0,0,-1,0,0,0,,0,,0,,0,0,0,1
1723836973,580,3,3,8,8,11.136,0,0,0.31 | 0.31 | 0.31,0,2.00 | 2.55 | 3.07,0,1.30 | 1.57 | 2.00,0.949,0.000,0,1,0,0,0,0,-1,0,0,0,,0,,0,,0,0,0,1
1723836973,580,3,3,8,8,11.136,0,0,0.31 | 0.31 | 0.31,0,2.00 | 2.55 | 3.07,0,1.30 | 1.57 | 2.00,0.949,0.000,0,1,0,0,0,0,-1,0,0,0,,0,,0,,0,0,0,1
1723836973,580,3,3,8,8,10.073,0,0,0.31 | 0.31 | 0.31,0,2.00 | 2.55 | 3.07,0,1.30 | 1.57 | 2.00,0.949,0.000,0,1,0,0,0,0,-1,0,0,0,,0,,0,,0,0,0,1
1723836974,580,3,3,8,8,10.073,0,0,0.31 | 0.31 | 0.31,0,2.00 | 2.55 | 3.07,0,1.30 | 1.57 | 2.00,0.949,0.000,0,1,0,0,0,0,-1,0,0,0,,0,,0,,0,0,0,1
1723836974,580,3,3,8,8,10.073,0,0,0.31 | 0.31 | 0.31,0,2.00 | 2.55 | 3.07,0,1.30 | 1.57 | 2.00,0.949,0.000,0,1,0,0,0,0,-1,0,0,0,,0,,0,,0,0,0,1
1723836974,580,3,3,8,8,10.073,0,0,0.31 | 0.31 | 0.31,0,2.00 | 2.55 | 3.07,0,1.30 | 1.57 | 2.00,0.949,0.000,0,1,0,0,0,0,-1,0,0,0,,0,,0,,0,0,0,1
1723836974,580,3,3,8,8,10.073,0,0,0.31 | 0.31 | 0.31,0,2.00 | 2.55 | 3.07,0,1.30 | 1.57 | 2.00,0.949,0.000,0,1,0,0,0,0,-1,0,0,0,,0,,0,,0,0,0,1
1723836974,580,3,3,8,8,10.073,0,0,0.31 | 0.31 | 0.31,0,2.00 | 2.55 | 3.07,0,1.30 | 1.57 | 2.00,0.949,0.000,0,1,0,0,0,0,-1,0,0,0,,0,,0,,0,0,0,1
1723836974,580,3,3,8,8,10.073,0,0,0.31 | 0.31 | 0.31,0,2.00 | 2.55 | 3.07,0,1.30 | 1.57 | 2.00,0.949,0.000,0,1,0,0,0,0,-1,0,0,0,,0,,0,,0,0,0,1
1723836974,580,3,3,8,8,10.073,0,0,0.31 | 0.31 | 0.31,0,2.00 | 2.55 | 3.07,0,1.30 | 1.57 | 2.00,0.949,0.000,0,1,0,0,0,0,-1,0,0,0,,0,,0,,0,0,0,1
1723836974,580,3,3,8,8,10.073,0,0,0.31 | 0.31 | 0.31,0,2.00 | 2.55 | 3.07,0,1.30 | 1.57 | 2.00,0.949,0.000,0,1,0,0,0,0,-1,0,0,0,,0,,0,,0,0,0,1
1723836974,580,3,3,8,8,10.073,0,0,0.31 | 0.31 | 0.31,0,2.00 | 2.55 | 3.07,0,1.30 | 1.57 | 2.00,0.949,0.000,0,1,0,0,0,0,-1,0,0,0,,0,,0,,0,0,0,1
1723836974,580,3,3,8,8,9.185,0,0,0.31 | 0.31 | 0.31,0,2.00 | 2.55 | 3.07,0,1.30 | 1.57 | 2.00,0.949,0.000,0,1,0,0,0,0,-1,0,0,0,,0,,0,,0,0,0,1
1723836975,580,3,3,8,8,9.185,0,0,0.31 | 0.31 | 0.31,0,2.00 | 2.55 | 3.07,0,1.30 | 1.57 | 2.00,0.949,0.000,0,1,0,0,0,0,-1,0,0,0,,0,,0,,0,0,0,1
1723836975,580,3,3,8,8,9.185,0,0,0.31 | 0.31 | 0.31,0,2.00 | 2.55 | 3.07,0,1.30 | 1.57 | 2.00,0.949,0.000,0,1,0,0,0,0,-1,0,0,0,,0,,0,,0,0,0,1
1723836975,580,3,3,8,8,9.185,0,0,0.31 | 0.31 | 0.31,0,2.00 | 2.55 | 3.07,0,1.30 | 1.57 | 2.00,0.949,0.000,0,1,0,0,0,0,-1,0,0,0,,0,,0,,0,0,0,1
1723836975,580,3,3,8,8,9.185,0,0,0.31 | 0.31 | 0.31,0,2.00 | 2.55 | 3.07,0,1.30 | 1.57 | 2.00,0.949,0.000,0,1,0,0,0,0,-1,0,0,0,,0,,0,,0,0,0,1
1723836975,580,3,3,8,8,9.185,0,0,0.31 | 0.31 | 0.31,0,2.00 | 2.55 | 3.07,0,1.30 | 1.57 | 2.00,0.949,0.000,0,1,0,0,0,0,-1,0,0,0,,0,,0,,0,0,0,1
1723836975,580,3,3,8,8,9.185,0,0,0.31 | 0.31 | 0.31,0,2.00 | 2.55 | 3.07,0,1.30 | 1.57 | 2.00,0.949,0.000,0,1,0,0,0,0,-1,0,0,0,,0,,0,,0,0,0,1
1723836975,580,3,3,8,8,9.185,0,0,0.31 | 0.31 | 0.31,0,2.00 | 2.55 | 3.07,0,1.30 | 1.57 | 2.00,0.949,0.000,0,1,0,0,0,0,-1,0,0,0,,0,,0,,0,0,0,1
1723836975,580,3,3,8,8,9.185,0,0,0.31 | 0.31 | 0.31,0,2.00 | 2.55 | 3.07,0,1.30 | 1.57 | 2.00,0.949,0.000,0,1,0,0,0,0,-1,0,0,0,,0,,0,,0,0,0,1
1723836975,580,3,3,8,8,9.185,0,0,0.31 | 0.31 | 0.31,0,2.00 | 2.55 | 3.07,0,1.30 | 1.57 | 2.00,0.949,0.000,0,1,0,0,0,0,-1,0,0,0,,0,,0,,0,0,0,1
1723836975,580,3,3,8,8,8.123,0,0,0.31 | 0.31 | 0.31,0,2.00 | 2.55 | 3.07,0,1.30 | 1.57 | 2.00,0.949,0.000,0,1,0,0,0,0,-1,0,0,0,,0,,0,,0,0,0,1
1723836976,580,3,3,8,8,8.123,0,0,0.31 | 0.31 | 0.31,0,2.00 | 2.55 | 3.07,0,1.30 | 1.57 | 2.00,0.949,0.000,0,1,0,0,0,0,-1,0,0,0,,0,,0,,0,0,0,1
1723836976,580,3,3,8,8,8.123,0,0,0.31 | 0.31 | 0.31,0,2.00 | 2.55 | 3.07,0,1.30 | 1.57 | 2.00,0.949,0.000,0,1,0,0,0,0,-1,0,0,0,,0,,0,,0,0,0,1
1723836976,580,3,3,8,8,8.123,0,0,0.31 | 0.31 | 0.31,0,2.00 | 2.55 | 3.07,0,1.30 | 1.57 | 2.00,0.949,0.000,0,1,0,0,0,0,-1,0,0,0,,0,,0,,0,0,0,1
1723836976,580,3,3,8,8,8.123,0,0,0.31 | 0.31 | 0.31,0,2.00 | 2.55 | 3.07,0,1.30 | 1.57 | 2.00,0.949,0.000,0,1,0,0,0,0,-1,0,0,0,,0,,0,,0,0,0,1
1723836976,580,3,3,8,8,8.123,0,0,0.31 | 0.31 | 0.31,0,2.00 | 2.55 | 3.07,0,1.30 | 1.57 | 2.00,0.949,0.000,0,1,0,0,0,0,-1,0,0,0,,0,,0,,0,0,0,1
1723836976,580,3,3,8,8,8.123,0,0,0.31 | 0.31 | 0.31,0,2.00 | 2.55 | 3.07,0,1.30 | 1.57 | 2.00,0.949,0.000,0,1,0,0,0,0,-1,0,0,0,,0,,0,,0,0,0,1
1723836976,580,3,3,8,8,8.123,0,0,0.31 | 0.31 | 0.31,0,2.00 | 2.55 | 3.07,0,1.30 | 1.57 | 2.00,0.949,0.000,0,1,0,0,0,0,-1,0,0,0,,0,,0,,0,0,0,1
1723836976,580,3,3,8,8,8.123,0,0,0.31 | 0.31 | 0.31,0,2.00 | 2.55 | 3.07,0,1.30 | 1.57 | 2.00,0.949,0.000,0,1,0,0,0,0,-1,0,0,0,,0,,0,,0,0,0,1
1723836976,580,3,3,8,8,8.123,0,0,0.31 | 0.31 | 0.31,0,2.00 | 2.55 | 3.07,0,1.30 | 1.57 | 2.00,0.949,0.000,0,1,0,0,0,0,-1,0,0,0,,0,,0,,0,0,0,1
1723836976,580,3,3,8,8,12.126,0,0,0.30 | 0.31 | 0.31,0,2.00 | 2.57 | 3.11,0,1.29 | 1.55 | 2.00,0.942,0.000,0,1,0,0,0,0,-1,0,0,0,,0,,0,,0,0,0,1
1723836977,580,3,3,8,8,12.126,0,0,0.30 | 0.31 | 0.31,0,2.00 | 2.57 | 3.11,0,1.29 | 1.55 | 2.00,0.942,0.000,0,1,0,0,0,0,-1,0,0,0,,0,,0,,0,0,0,1
1723836977,580,3,3,8,8,12.126,0,0,0.30 | 0.31 | 0.31,0,2.00 | 2.57 | 3.11,0,1.29 | 1.55 | 2.00,0.942,0.000,0,1,0,0,0,0,-1,0,0,0,,0,,0,,0,0,0,1
1723836977,772,3,4,8,8,12.126,0,0,0.30 | 0.31 | 0.31,0,2.00 | 2.57 | 3.11,0,1.29 | 1.55 | 2.00,0.942,0.000,0,1,0,0,0,0,-1,0,0,0,,0,,0,,0,0,0,1
1723836977,772,3,4,8,8,12.126,0,0,0.30 | 0.31 | 0.31,0,2.00 | 2.57 | 3.11,0,1.29 | 1.55 | 2.00,0.942,0.000,0,1,0,0,0,0,-1,0,0,0,,0,,0,,0,0,0,1
1723836977,772,3,4,8,8,12.126,0,0,0.30 | 0.31 | 0.31,0,2.00 | 2.57 | 3.11,0,1.29 | 1.55 | 2.00,0.942,0.000,0,1,0,0,0,0,-1,0,0,0,,0,,0,,0,0,0,1
1723836977,772,3,4,8,8,12.126,0,0,0.30 | 0.31 | 0.31,0,2.00 | 2.57 | 3.11,0,1.29 | 1.55 | 2.00,0.942,0.000,0,1,0,0,0,0,-1,0,0,0,,0,,0,,0,0,0,1
1723836977,772,3,4,8,8,12.126,0,0,0.30 | 0.31 | 0.31,0,2.00 | 2.57 | 3.11,0,1.29 | 1.55 | 2.00,0.942,0.000,0,1,0,0,0,0,-1,0,0,0,,0,,0,,0,0,0,1
1723836977,772,3,4,8,8,12.126,0,0,0.30 | 0.31 | 0.31,0,2.00 | 2.57 | 3.11,0,1.29 | 1.55 | 2.00,0.942,0.000,0,1,0,0,0,0,-1,0,0,0,,0,,0,,0,0,0,1
1723836977,772,3,4,8,8,12.126,0,0,0.30 | 0.31 | 0.31,0,2.00 | 2.57 | 3.11,0,1.29 | 1.55 | 2.00,0.942,0.000,0,1,0,0,0,0,-1,0,0,0,,0,,0,,0,0,0,1
1723836977,772,3,4,8,8,10.938,0,0,0.30 | 0.31 | 0.31,0,2.00 | 2.57 | 3.11,0,1.29 | 1.55 | 2.00,0.942,0.000,0,1,0,0,0,0,-1,0,0,0,,0,,0,,0,0,0,1
1723836978,772,3,4,8,8,10.938,0,0,0.30 | 0.31 | 0.31,0,2.00 | 2.57 | 3.11,0,1.29 | 1.55 | 2.00,0.942,0.000,0,1,0,0,0,0,-1,0,0,0,,0,,0,,0,0,0,1
1723836978,772,3,4,8,8,10.938,0,0,0.30 | 0.31 | 0.31,0,2.00 | 2.57 | 3.11,0,1.29 | 1.55 | 2.00,0.942,0.000,0,1,0,0,0,0,-1,0,0,0,,0,,0,,0,0,0,1
1723836978,772,3,4,8,8,10.938,0,0,0.30 | 0.31 | 0.31,0,2.00 | 2.57 | 3.11,0,1.29 | 1.55 | 2.00,0.942,0.000,0,1,0,0,0,0,-1,0,0,0,,0,,0,,0,0,0,1
1723836978,772,3,4,8,8,10.938,0,0,0.30 | 0.31 | 0.31,0,2.00 | 2.57 | 3.11,0,1.29 | 1.55 | 2.00,0.942,0.000,0,1,0,0,0,0,-1,0,0,0,,0,,0,,0,0,0,1
1723836978,772,3,4,8,8,10.938,0,0,0.30 | 0.31 | 0.31,0,2.00 | 2.57 | 3.11,0,1.29 | 1.55 | 2.00,0.942,0.000,0,1,0,0,0,0,-1,0,0,0,,0,,0,,0,0,0,1
1723836978,772,3,4,8,8,10.938,0,0,0.30 | 0.31 | 0.31,0,2.00 | 2.57 | 3.11,0,1.29 | 1.55 | 2.00,0.942,0.000,0,1,0,0,0,0,-1,0,0,0,,0,,0,,0,0,0,1
1723836978,772,3,4,8,8,10.938,0,0,0.30 | 0.31 | 0.31,0,2.00 | 2.57 | 3.11,0,1.29 | 1.55 | 2.00,0.942,0.000,0,1,0,0,0,0,-1,0,0,0,,0,,0,,0,0,0,1
1723836978,772,3,4,8,8,10.938,0,0,0.30 | 0.31 | 0.31,0,2.00 | 2.57 | 3.11,0,1.29 | 1.55 | 2.00,0.942,0.000,0,1,0,0,0,0,-1,0,0,0,,0,,0,,0,0,0,1
1723836978,772,3,4,8,8,10.938,0,0,0.30 | 0.31 | 0.31,0,2.00 | 2.57 | 3.11,0,1.29 | 1.55 | 2.00,0.942,0.000,0,1,0,0,0,0,-1,0,0,0,,0,,0,,0,0,0,1
1723836978,772,3,4,8,8,10.001,0,0,0.30 | 0.31 | 0.31,0,2.00 | 2.57 | 3.11,0,1.29 | 1.55 | 2.00,0.942,0.000,0,1,0,0,0,0,-1,0,0,0,,0,,0,,0,0,0,1
1723836979,772,3,4,8,8,10.001,0,0,0.30 | 0.31 | 0.31,0,2.00 | 2.57 | 3.11,0,1.29 | 1.55 | 2.00,0.942,0.000,0,1,0,0,0,0,-1,0,0,0,,0,,0,,0,0,0,1
1723836979,772,3,4,8,8,10.001,0,0,0.30 | 0.31 | 0.31,0,2.00 | 2.57 | 3.11,0,1.29 | 1.55 | 2.00,0.942,0.000,0,1,0,0,0,0,-1,0,0,0,,0,,0,,0,0,0,1
1723836979,772,3,4,8,8,10.001,0,0,0.30 | 0.31 | 0.31,0,2.00 | 2.57 | 3.11,0,1.29 | 1.55 | 2.00,0.942,0.000,0,1,0,0,0,0,-1,0,0,0,,0,,0,,0,0,0,1
1723836979,772,3,4,8,8,10.001,0,0,0.30 | 0.31 | 0.31,0,2.00 | 2.57 | 3.11,0,1.29 | 1.55 | 2.00,0.942,0.000,0,1,0,0,0,0,-1,0,0,0,,0,,0,,0,0,0,1
1723836979,772,3,4,8,8,10.001,0,0,0.30 | 0.31 | 0.31,0,2.00 | 2.57 | 3.11,0,1.29 | 1.55 | 2.00,0.942,0.000,0,1,0,0,0,0,-1,0,0,0,,0,,0,,0,0,0,1
1723836979,772,3,4,8,8,10.001,0,0,0.30 | 0.31 | 0.31,0,2.00 | 2.57 | 3.11,0,1.29 | 1.55 | 2.00,0.942,0.000,0,1,0,0,0,0,-1,0,0,0,,0,,0,,0,0,0,1
1723836979,772,3,4,8,8,10.001,0,0,0.30 | 0.31 | 0.31,0,2.00 | 2.57 | 3.11,0,1.29 | 1.55 | 2.00,0.942,0.000,0,1,0,0,0,0,-1,0,0,0,,0,,0,,0,0,0,1
1723836979,772,3,4,8,8,10.001,0,0,0.30 | 0.31 | 0.31,0,2.00 | 2.57 | 3.11,0,1.29 | 1.55 | 2.00,0.942,0.000,0,1,0,0,0,0,-1,0,0,0,,0,,0,,0,0,0,1
1723836979,772,3,4,8,8,10.001,0,0,0.30 | 0.31 | 0.31,0,2.00 | 2.57 | 3.11,0,1.29 | 1.55 | 2.00,0.942,0.000,0,1,0,0,0,0,-1,0,0,0,,0,,0,,0,0,0,1
1723836979,772,3,4,8,8,8.938,0,0,0.30 | 0.31 | 0.31,0,2.00 | 2.57 | 3.11,0,1.29 | 1.55 | 2.00,0.942,0.000,0,1,0,0,0,0,-1,0,0,0,,0,,0,,0,0,0,1
1723836980,772,3,4,8,8,8.938,0,0,0.30 | 0.31 | 0.31,0,2.00 | 2.57 | 3.11,0,1.29 | 1.55 | 2.00,0.942,0.000,0,1,0,0,0,0,-1,0,0,0,,0,,0,,0,0,0,1
1723836980,772,3,4,8,8,8.938,0,0,0.30 | 0.31 | 0.31,0,2.00 | 2.57 | 3.11,0,1.29 | 1.55 | 2.00,0.942,0.000,0,1,0,0,0,0,-1,0,0,0,,0,,0,,0,0,0,1
1723836980,772,3,4,8,8,8.938,0,0,0.30 | 0.31 | 0.31,0,2.00 | 2.57 | 3.11,0,1.29 | 1.55 | 2.00,0.942,0.000,0,1,0,0,0,0,-1,0,0,0,,0,,0,,0,0,0,1
1723836980,772,3,4,8,8,8.938,0,0,0.30 | 0.31 | 0.31,0,2.00 | 2.57 | 3.11,0,1.29 | 1.55 | 2.00,0.942,0.000,0,1,0,0,0,0,-1,0,0,0,,0,,0,,0,0,0,1
1723836980,772,3,4,8,8,8.938,0,0,0.30 | 0.31 | 0.31,0,2.00 | 2.57 | 3.11,0,1.29 | 1.55 | 2.00,0.942,0.000,0,1,0,0,0,0,-1,0,0,0,,0,,0,,0,0,0,1
1723836980,772,3,4,8,8,8.938,0,0,0.30 | 0.31 | 0.31,0,2.00 | 2.57 | 3.11,0,1.29 | 1.55 | 2.00,0.942,0.000,0,1,0,0,0,0,-1,0,0,0,,0,,0,,0,0,0,1
1723836980,772,4,4,8,8,8.938,0,0,0.30 | 0.31 | 0.31,0,2.00 | 2.57 | 3.11,0,1.29 | 1.55 | 2.00,0.942,0.000,0,1,0,0,0,0,-1,0,0,0,,0,,0,,0,0,0,1
1723836980,772,4,4,8,8,8.938,0,0,0.30 | 0.31 | 0.31,0,2.00 | 2.57 | 3.11,0,1.29 | 1.55 | 2.00,0.942,0.000,0,1,0,0,0,0,-1,0,0,0,,0,,0,,0,0,0,1
1723836980,772,4,4,8,8,8.938,0,0,0.30 | 0.31 | 0.31,0,2.00 | 2.57 | 3.11,0,1.29 | 1.55 | 2.00,0.942,0.000,0,1,0,0,0,0,-1,0,0,0,,0,,0,,0,0,0,1
1723836980,772,4,4,8,8,7.876,0,0,0.30 | 0.31 | 0.31,0,2.11 | 2.75 | 3.11,0,1.29 | 1.45 | 1.89,0.942,0.000,0,1,0,0,0,0,-1,0,0,0,,0,,0,,0,0,0,1
1723836981,772,4,4,8,8,7.876,0,0,0.30 | 0.31 | 0.31,0,2.11 | 2.75 | 3.11,0,1.29 | 1.45 | 1.89,0.942,0.000,0,1,0,0,0,0,-1,0,0,0,,0,,0,,0,0,0,1
1723836981,772,4,4,8,8,7.876,0,0,0.30 | 0.31 | 0.31,0,2.11 | 2.75 | 3.11,0,1.29 | 1.45 | 1.89,0.942,0.000,0,1,0,0,0,0,-1,0,0,0,,0,,0,,0,0,0,1
1723836981,772,4,4,8,8,7.876,0,0,0.30 | 0.31 | 0.31,0,2.11 | 2.75 | 3.11,0,1.29 | 1.45 | 1.89,0.942,0.000,0,1,0,0,0,0,-1,0,0,0,,0,,0,,0,0,0,1
1723836981,772,4,4,8,8,7.876,0,0,0.30 | 0.31 | 0.31,0,2.11 | 2.75 | 3.11,0,1.29 | 1.45 | 1.89,0.942,0.000,0,1,0,0,0,0,-1,0,0,0,,0,,0,,0,0,0,1
1723836981,772,4,4,8,8,7.876,0,0,0.30 | 0.31 | 0.31,0,2.11 | 2.75 | 3.11,0,1.29 | 1.45 | 1.89,0.942,0.000,0,1,0,0,0,0,-1,0,0,0,,0,,0,,0,0,0,1
1723836981,772,4,4,8,8,7.876,0,0,0.30 | 0.31 | 0.31,0,2.11 | 2.75 | 3.11,0,1.29 | 1.45 | 1.89,0.942,0.000,0,1,0,0,0,0,-1,0,0,0,,0,,0,,0,0,0,1
1723836981,772,4,4,8,8,7.876,0,0,0.30 | 0.31 | 0.31,0,2.11 | 2.75 | 3.11,0,1.29 | 1.45 | 1.89,0.942,0.000,0,1,0,0,0,0,-1,0,0,0,,0,,0,,0,0,0,1
1723836981,772,4,4,8,8,7.876,0,0,0.30 | 0.31 | 0.31,0,2.11 | 2.75 | 3.11,0,1.29 | 1.45 | 1.89,0.942,0.000,0,1,0,0,0,0,-1,0,0,0,,0,,0,,0,0,0,1
1723836981,772,4,4,8,8,7.876,0,0,0.30 | 0.31 | 0.31,0,2.11 | 2.75 | 3.11,0,1.29 | 1.45 | 1.89,0.942,0.000,0,1,0,0,0,0,-1,0,0,0,,0,,0,,0,0,0,1
1723836981,772,4,4,8,8,7.079,0,0,0.30 | 0.31 | 0.31,0,2.11 | 2.75 | 3.11,0,1.29 | 1.45 | 1.89,0.942,0.000,0,1,0,0,0,0,-1,0,0,0,,0,,0,,0,0,0,1
1723836982,772,4,4,8,8,7.079,0,0,0.30 | 0.31 | 0.31,0,2.11 | 2.75 | 3.11,0,1.29 | 1.45 | 1.89,0.942,0.000,0,1,0,0,0,0,-1,0,0,0,,0,,0,,0,0,0,1
1723836982,772,4,4,8,8,7.079,0,0,0.30 | 0.31 | 0.31,0,2.11 | 2.75 | 3.11,0,1.29 | 1.45 | 1.89,0.942,0.000,0,1,0,0,0,0,-1,0,0,0,,0,,0,,0,0,0,1
1723836982,772,4,4,8,8,7.079,0,0,0.30 | 0.31 | 0.31,0,2.11 | 2.75 | 3.11,0,1.29 | 1.45 | 1.89,0.942,0.000,0,1,0,0,0,0,-1,0,0,0,,0,,0,,0,0,0,1
1723836982,772,4,4,8,8,7.079,0,0,0.30 | 0.31 | 0.31,0,2.11 | 2.75 | 3.11,0,1.29 | 1.45 | 1.89,0.942,0.000,0,1,0,0,0,0,-1,0,0,0,,0,,0,,0,0,0,1
1723836982,772,4,4,8,8,7.079,0,0,0.30 | 0.31 | 0.31,0,2.11 | 2.75 | 3.11,0,1.29 | 1.45 | 1.89,0.942,0.000,0,1,0,0,0,0,-1,0,0,0,,0,,0,,0,0,0,1
1723836982,772,4,4,8,8,7.079,0,0,0.30 | 0.31 | 0.31,0,2.11 | 2.75 | 3.11,0,1.29 | 1.45 | 1.89,0.942,0.000,0,1,0,0,0,0,-1,0,0,0,,0,,0,,0,0,0,1
1723836982,772,4,4,8,8,7.079,0,0,0.30 | 0.31 | 0.31,0,2.11 | 2.75 | 3.11,0,1.29 | 1.45 | 1.89,0.942,0.000,0,1,0,0,0,0,-1,0,0,0,,0,,0,,0,0,0,1
1723836982,772,4,4,8,8,7.079,0,0,0.30 | 0.31 | 0.31,0,2.11 | 2.75 | 3.11,0,1.29 | 1.45 | 1.89,0.942,0.000,0,1,0,0,0,0,-1,0,0,0,,0,,0,,0,0,0,1
1723836982,772,4,4,8,8,7.079,0,0,0.30 | 0.31 | 0.31,0,2.11 | 2.75 | 3.11,0,1.29 | 1.45 | 1.89,0.942,0.000,0,1,0,0,0,0,-1,0,0,0,,0,,0,,0,0,0,1
1723836982,772,4,4,8,8,6.017,0,0,0.30 | 0.31 | 0.31,0,2.11 | 2.75 | 3.11,0,1.29 | 1.45 | 1.89,0.942,0.000,0,1,0,0,0,0,-1,0,0,0,,0,,0,,0,0,0,1
1723836983,772,4,4,8,8,6.017,0,0,0.30 | 0.31 | 0.31,0,2.11 | 2.75 | 3.11,0,1.29 | 1.45 | 1.89,0.942,0.000,0,1,0,0,0,0,-1,0,0,0,,0,,0,,0,0,0,1
1723836983,772,4,4,8,8,6.017,0,0,0.30 | 0.31 | 0.31,0,2.11 | 2.75 | 3.11,0,1.29 | 1.45 | 1.89,0.942,0.000,0,1,0,0,0,0,-1,0,0,0,,0,,0,,0,0,0,1
1723836983,772,4,4,8,8,6.017,0,0,0.30 | 0.31 | 0.31,0,2.11 | 2.75 | 3.11,0,1.29 | 1.45 | 1.89,0.942,0.000,0,1,0,0,0,0,-1,0,0,0,,0,,0,,0,0,0,1
1723836983,772,4,4,8,8,6.017,0,0,0.30 | 0.31 | 0.31,0,2.11 | 2.75 | 3.11,0,1.29 | 1.45 | 1.89,0.942,0.000,0,1,0,0,0,0,-1,0,0,0,,0,,0,,0,0,0,1
1723836983,772,4,4,8,8,6.017,0,0,0.30 | 0.31 | 0.31,0,2.11 | 2.75 | 3.11,0,1.29 | 1.45 | 1.89,0.942,0.000,0,1,0,0,0,0,-1,0,0,0,,0,,0,,0,0,0,1
1723836983,772,4,4,8,8,6.017,0,0,0.30 | 0.31 | 0.31,0,2.11 | 2.75 | 3.11,0,1.29 | 1.45 | 1.89,0.942,0.000,0,1,0,0,0,0,-1,0,0,0,,0,,0,,0,0,0,1
1723836983,772,4,4,8,8,6.017,0,0,0.30 | 0.31 | 0.31,0,2.11 | 2.75 | 3.11,0,1.29 | 1.45 | 1.89,0.942,0.000,0,1,0,0,0,0,-1,0,0,0,,0,,0,,0,0,0,1
1723836983,772,4,4,8,8,6.017,0,0,0.30 | 0.31 | 0.31,0,2.11 | 2.75 | 3.11,0,1.29 | 1.45 | 1.89,0.942,0.000,0,1,0,0,0,0,-1,0,0,0,,0,,0,,0,0,0,1
1723836983,772,4,4,8,8,6.017,0,0,0.30 | 0.31 | 0.31,0,2.11 | 2.75 | 3.11,0,1.29 | 1.45 | 1.89,0.942,0.000,0,1,0,0,0,0,-1,0,0,0,,0,,0,,0,0,0,1
1723836983,772,4,4,8,8,4.873,0,0,0.30 | 0.31 | 0.31,0,2.11 | 2.75 | 3.11,0,1.29 | 1.45 | 1.89,0.942,0.000,0,1,0,0,0,0,-1,0,0,0,,0,,0,,0,0,0,1
1723836984,772,4,4,8,8,4.873,0,0,0.30 | 0.31 | 0.31,0,2.11 | 2.75 | 3.11,0,1.29 | 1.45 | 1.89,0.942,0.000,0,1,0,0,0,0,-1,0,0,0,,0,,0,,0,0,0,1
1723836984,772,3,4,8,8,4.873,0,0,0.30 | 0.31 | 0.31,0,2.11 | 2.75 | 3.11,0,1.29 | 1.45 | 1.89,0.942,0.000,0,1,0,0,0,0,-1,0,0,0,,0,,0,,0,0,0,1
1723836984,772,3,4,8,8,4.873,0,0,0.30 | 0.31 | 0.31,0,2.11 | 2.75 | 3.11,0,1.29 | 1.45 | 1.89,0.942,0.000,0,1,0,0,0,0,-1,0,0,0,,0,,0,,0,0,0,1
1723836984,772,3,4,8,8,4.873,0,0,0.30 | 0.31 | 0.31,0,2.11 | 2.75 | 3.11,0,1.29 | 1.45 | 1.89,0.942,0.000,0,1,0,0,0,0,-1,0,0,0,,0,,0,,0,0,0,1
1723836984,772,3,4,8,8,4.873,0,0,0.30 | 0.31 | 0.31,0,2.11 | 2.75 | 3.11,0,1.29 | 1.45 | 1.89,0.942,0.000,0,1,0,0,0,0,-1,0,0,0,,0,,0,,0,0,0,1
1723836984,772,3,4,8,8,4.873,0,0,0.30 | 0.31 | 0.31,0,2.11 | 2.75 | 3.11,0,1.29 | 1.45 | 1.89,0.942,0.000,0,1,0,0,0,0,-1,0,0,0,,0,,0,,0,0,0,1
1723836984,772,3,4,8,8,4.873,0,0,0.30 | 0.31 | 0.31,0,2.11 | 2.75 | 3.11,0,1.29 | 1.45 | 1.89,0.942,0.000,0,1,0,0,0,0,-1,0,0,0,,0,,0,,0,0,0,1
1723836984,772,3,4,8,8,4.873,0,0,0.30 | 0.31 | 0.31,0,2.11 | 2.75 | 3.11,0,1.29 | 1.45 | 1.89,0.942,0.000,0,1,0,0,0,0,-1,0,0,0,,0,,0,,0,0,0,1
1723836984,772,3,4,8,8,4.873,0,0,0.30 | 0.31 | 0.31,0,2.11 | 2.75 | 3.11,0,1.29 | 1.45 | 1.89,0.942,0.000,0,1,0,0,0,0,-1,0,0,0,,0,,0,,0,0,0,1
1723836984,387,3,2,8,8,3.871,0,0,0.30 | 0.31 | 0.31,0,2.11 | 2.98 | 3.97,0,1.01 | 1.34 | 1.89,0.942,0.000,0,1,0,0,0,0,-1,0,0,0,,0,,0,,0,0,0,1
1723836985,387,3,2,8,8,3.871,0,0,0.30 | 0.31 | 0.31,0,2.11 | 2.98 | 3.97,0,1.01 | 1.34 | 1.89,0.942,0.000,0,1,0,0,0,0,-1,0,0,0,,0,,0,,0,0,0,1
1723836985,387,4,2,8,8,3.871,0,0,0.30 | 0.31 | 0.31,0,2.11 | 2.98 | 3.97,0,1.01 | 1.34 | 1.89,0.942,0.000,0,1,0,0,0,0,-1,0,0,0,,0,,0,,0,0,0,1
1723836985,387,4,2,8,8,3.871,0,0,0.30 | 0.31 | 0.31,0,2.11 | 2.98 | 3.97,0,1.01 | 1.34 | 1.89,0.942,0.000,0,1,0,0,0,0,-1,0,0,0,,0,,0,,0,0,0,1
1723836985,387,4,2,8,8,3.871,0,0,0.30 | 0.31 | 0.31,0,2.11 | 2.98 | 3.97,0,1.01 | 1.34 | 1.89,0.942,0.000,0,1,0,0,0,0,-1,0,0,0,,0,,0,,0,0,0,1
1723836985,387,4,2,8,8,3.871,0,0,0.30 | 0.31 | 0.31,0,2.11 | 2.98 | 3.97,0,1.01 | 1.34 | 1.89,0.942,0.000,0,1,0,0,0,0,-1,0,0,0,,0,,0,,0,0,0,1
1723836985,387,4,2,8,8,3.871,0,0,0.30 | 0.31 | 0.31,0,2.11 | 2.98 | 3.97,0,1.01 | 1.34 | 1.89,0.942,0.000,0,1,0,0,0,0,-1,0,0,0,,0,,0,,0,0,0,1
1723836985,387,4,2,8,8,3.871,0,0,0.30 | 0.31 | 0.31,0,2.11 | 2.98 | 3.97,0,1.01 | 1.34 | 1.89,0.942,0.000,0,1,0,0,0,0,-1,0,0,0,,0,,0,,0,0,0,1
1723836985,387,4,2,8,8,3.871,0,0,0.30 | 0.31 | 0.31,0,2.11 | 2.98 | 3.97,0,1.01 | 1.34 | 1.89,0.942,0.000,0,1,0,0,0,0,-1,0,0,0,,0,,0,,0,0,0,1
1723836985,387,4,2,8,8,3.871,0,0,0.30 | 0.31 | 0.31,0,2.11 | 2.98 | 3.97,0,1.01 | 1.34 | 1.89,0.942,0.000,0,1,0,0,0,0,-1,0,0,0,,0,,0,,0,0,0,1
1723836985,387,4,2,8,8,3.095,0,0,0.30 | 0.31 | 0.31,0,2.11 | 2.98 | 3.97,0,1.01 | 1.34 | 1.89,0.942,0.000,0,1,0,0,0,0,-1,0,0,0,,0,,0,,0,0,0,1
1723836986,387,4,2,8,8,3.095,0,0,0.30 | 0.31 | 0.31,0,2.11 | 2.98 | 3.97,0,1.01 | 1.34 | 1.89,0.942,0.000,0,1,0,0,0,0,-1,0,0,0,,0,,0,,0,0,0,1
1723836986,387,4,2,8,8,3.095,0,0,0.30 | 0.31 | 0.31,0,2.11 | 2.98 | 3.97,0,1.01 | 1.34 | 1.89,0.942,0.000,0,1,0,0,0,0,-1,0,0,0,,0,,0,,0,0,0,1
1723836986,387,4,2,8,8,3.095,0,0,0.30 | 0.31 | 0.31,0,2.11 | 2.98 | 3.97,0,1.01 | 1.34 | 1.89,0.942,0.000,0,1,0,0,0,0,-1,0,0,0,,0,,0,,0,0,0,1
1723836986,387,4,2,8,8,3.095,0,0,0.30 | 0.31 | 0.31,0,2.11 | 2.98 | 3.97,0,1.01 | 1.34 | 1.89,0.942,0.000,0,1,0,0,0,0,-1,0,0,0,,0,,0,,0,0,0,1
1723836986,387,4,2,8,8,3.095,0,0,0.30 | 0.31 | 0.31,0,2.11 | 2.98 | 3.97,0,1.01 | 1.34 | 1.89,0.942,0.000,0,1,0,0,0,0,-1,0,0,0,,0,,0,,0,0,0,1
1723836986,387,4,2,8,8,3.095,0,0,0.30 | 0.31 | 0.31,0,2.11 | 2.98 | 3.97,0,1.01 | 1.34 | 1.89,0.942,0.000,0,1,0,0,0,0,-1,0,0,0,,0,,0,,0,0,0,1
1723836986,387,4,2,8,8,3.095,0,0,0.30 | 0.31 | 0.31,0,2.11 | 2.98 | 3.97,0,1.01 | 1.34 | 1.89,0.942,0.000,0,1,0,0,0,0,-1,0,0,0,,0,,0,,0,0,0,1
1723836986,387,4,2,8,8,3.095,0,0,0.30 | 0.31 | 0.31,0,2.11 | 2.98 | 3.97,0,1.01 | 1.34 | 1.89,0.942,0.000,0,1,0,0,0,0,-1,0,0,0,,0,,0,,0,0,0,1
1723836986,387,4,2,8,8,3.095,0,0,0.30 | 0.31 | 0.31,0,2.11 | 2.98 | 3.97,0,1.01 | 1.34 | 1.89,0.942,0.000,0,1,0,0,0,0,-1,0,0,0,,0,,0,,0,0,0,1
1723836986,387,4,2,8,8,5.138,0,0,0.30 | 0.31 | 0.31,0,1.28 | 2.77 | 3.97,0,1.01 | 1.44 | 3.13,0.916,0.000,0,1,0,0,0,0,-1,0,0,0,,0,,0,,0,0,0,1
1723836987,387,4,2,8,8,5.138,0,0,0.30 | 0.31 | 0.31,0,1.28 | 2.77 | 3.97,0,1.01 | 1.44 | 3.13,0.916,0.000,0,1,0,0,0,0,-1,0,0,0,,0,,0,,0,0,0,1
1723836987,387,4,2,8,8,5.138,0,0,0.30 | 0.31 | 0.31,0,1.28 | 2.77 | 3.97,0,1.01 | 1.44 | 3.13,0.916,0.000,0,1,0,0,0,0,-1,0,0,0,,0,,0,,0,0,0,1
1723836987,387,4,2,8,8,5.138,0,0,0.30 | 0.31 | 0.31,0,1.28 | 2.77 | 3.97,0,1.01 | 1.44 | 3.13,0.916,0.000,0,1,0,0,0,0,-1,0,0,0,,0,,0,,0,0,0,1
1723836987,387,4,2,8,8,5.138,0,0,0.30 | 0.31 | 0.31,0,1.28 | 2.77 | 3.97,0,1.01 | 1.44 | 3.13,0.916,0.000,0,1,0,0,0,0,-1,0,0,0,,0,,0,,0,0,0,1
1723836987,387,4,2,8,8,5.138,0,0,0.30 | 0.31 | 0.31,0,1.28 | 2.77 | 3.97,0,1.01 | 1.44 | 3.13,0.916,0.000,0,1,0,0,0,0,-1,0,0,0,,0,,0,,0,0,0,1
1723836987,387,4,2,8,8,5.138,0,0,0.30 | 0.31 | 0.31,0,1.28 | 2.77 | 3.97,0,1.01 | 1.44 | 3.13,0.916,0.000,0,1,0,0,0,0,-1,0,0,0,,0,,0,,0,0,0,1
1723836987,387,4,2,8,8,5.138,0,0,0.30 | 0.31 | 0.31,0,1.28 | 2.77 | 3.97,0,1.01 | 1.44 | 3.13,0.916,0.000,0,1,0,0,0,0,-1,0,0,0,,0,,0,,0,0,0,1
1723836987,387,4,2,8,8,5.138,0,0,0.30 | 0.31 | 0.31,0,1.28 | 2.77 | 3.97,0,1.01 | 1.44 | 3.13,0.916,0.000,0,1,0,0,0,0,-1,0,0,0,,0,,0,,0,0,0,1
1723836987,387,4,2,8,8,5.138,0,0,0.30 | 0.31 | 0.31,0,1.28 | 2.77 | 3.97,0,1.01 | 1.44 | 3.13,0.916,0.000,0,1,0,0,0,0,-1,0,0,0,,0,,0,,0,0,0,1
1723836987,387,4,2,8,8,4.169,0,0,0.30 | 0.31 | 0.31,0,1.28 | 2.77 | 3.97,0,1.01 | 1.44 | 3.13,0.916,0.000,0,1,0,0,0,0,-1,0,0,0,,0,,0,,0,0,0,1
1723836988,387,2,2,8,8,4.169,0,0,0.30 | 0.31 | 0.31,0,1.28 | 2.77 | 3.97,0,1.01 | 1.44 | 3.13,0.916,0.000,0,1,0,0,0,0,-1,0,0,0,,0,,0,,0,0,0,1
1723836988,387,2,2,8,8,4.169,0,0,0.30 | 0.31 | 0.31,0,1.28 | 2.77 | 3.97,0,1.01 | 1.44 | 3.13,0.916,0.000,0,1,0,0,0,0,-1,0,0,0,,0,,0,,0,0,0,1
1723836988,387,2,2,8,8,4.169,0,0,0.30 | 0.31 | 0.31,0,1.28 | 2.77 | 3.97,0,1.01 | 1.44 | 3.13,0.916,0.000,0,1,0,0,0,0,-1,0,0,0,,0,,0,,0,0,0,1
1723836988,387,2,2,8,8,4.169,0,0,0.30 | 0.31 | 0.31,0,1.28 | 2.77 | 3.97,0,1.01 | 1.44 | 3.13,0.916,0.000,0,1,0,0,0,0,-1,0,0,0,,0,,0,,0,0,0,1
1723836988,387,2,2,8,8,4.169,0,0,0.30 | 0.31 | 0.31,0,1.28 | 2.77 | 3.97,0,1.01 | 1.44 | 3.13,0.916,0.000,0,1,0,0,0,0,-1,0,0,0,,0,,0,,0,0,0,1
1723836988,387,2,2,8,8,4.169,0,0,0.30 | 0.31 | 0.31,0,1.28 | 2.77 | 3.97,0,1.01 | 1.44 | 3.13,0.916,0.000,0,1,0,0,0,0,-1,0,0,0,,0,,0,,0,0,0,1
1723836988,387,2,2,8,8,4.169,0,0,0.30 | 0.31 | 0.31,0,1.28 | 2.77 | 3.97,0,1.01 | 1.44 | 3.13,0.916,0.000,0,1,0,0,0,0,-1,0,0,0,,0,,0,,0,0,0,1
1723836988,387,2,2,8,8,4.169,0,0,0.30 | 0.31 | 0.31,0,1.28 | 2.77 | 3.97,0,1.01 | 1.44 | 3.13,0.916,0.000,0,1,0,0,0,0,-1,0,0,0,,0,,0,,0,0,0,1
1723836988,387,2,2,8,8,4.169,0,0,0.30 | 0.31 | 0.31,0,1.28 | 2.77 | 3.97,0,1.01 | 1.44 | 3.13,0.916,0.000,0,1,0,0,0,0,-1,0,0,0,,0,,0,,0,0,0,1
1723836988,387,2,2,8,8,3.107,0,0,0.30 | 0.31 | 0.31,0,1.28 | 2.77 | 3.97,0,1.01 | 1.44 | 3.13,0.916,0.000,0,1,0,0,0,0,-1,0,0,0,,0,,0,,0,0,0,1
1723836989,580,2,3,8,8,3.107,0,0,0.30 | 0.31 | 0.31,0,1.28 | 2.77 | 3.97,0,1.01 | 1.44 | 3.13,0.916,0.000,0,1,0,0,0,0,-1,0,0,0,,0,,0,,0,0,0,1
1723836989,580,2,3,8,8,3.107,0,0,0.30 | 0.31 | 0.31,0,1.28 | 2.77 | 3.97,0,1.01 | 1.44 | 3.13,0.916,0.000,0,1,0,0,0,0,-1,0,0,0,,0,,0,,0,0,0,1
1723836989,580,2,3,8,8,3.107,0,0,0.30 | 0.31 | 0.31,0,1.28 | 2.77 | 3.97,0,1.01 | 1.44 | 3.13,0.916,0.000,0,1,0,0,0,0,-1,0,0,0,,0,,0,,0,0,0,1
1723836989,580,2,3,8,8,3.107,0,0,0.30 | 0.31 | 0.31,0,1.28 | 2.77 | 3.97,0,1.01 | 1.44 | 3.13,0.916,0.000,0,1,0,0,0,0,-1,0,0,0,,0,,0,,0,0,0,1
1723836989,580,2,3,8,8,3.107,0,0,0.30 | 0.31 | 0.31,0,1.28 | 2.77 | 3.97,0,1.01 | 1.44 | 3.13,0.916,0.000,0,1,0,0,0,0,-1,0,0,0,,0,,0,,0,0,0,1
1723836989,580,2,3,8,8,3.107,0,0,0.30 | 0.31 | 0.31,0,1.28 | 2.77 | 3.97,0,1.01 | 1.44 | 3.13,0.916,0.000,0,1,0,0,0,0,-1,0,0,0,,0,,0,,0,0,0,1
1723836989,580,2,3,8,8,3.107,0,0,0.30 | 0.31 | 0.31,0,1.28 | 2.77 | 3.97,0,1.01 | 1.44 | 3.13,0.916,0.000,0,1,0,0,0,0,-1,0,0,0,,0,,0,,0,0,0,1
1723836989,580,2,3,8,8,3.107,0,0,0.30 | 0.31 | 0.31,0,1.28 | 2.77 | 3.97,0,1.01 | 1.44 | 3.13,0.916,0.000,0,1,0,0,0,0,-1,0,0,0,,0,,0,,0,0,0,1
1723836989,580,2,3,8,8,3.107,0,0,0.30 | 0.31 | 0.31,0,1.28 | 2.77 | 3.97,0,1.01 | 1.44 | 3.13,0.916,0.000,0,1,0,0,0,0,-1,0,0,0,,0,,0,,0,0,0,1
1723836989,580,2,3,8,8,7.11,0,0,0.31 | 0.31 | 0.31,0,1.28 | 2.46 | 3.97,0,1.01 | 1.63 | 3.13,0.929,0.000,0,1,0,0,0,0,-1,0,0,0,,0,,0,,0,0,0,1
1723836990,580,2,3,8,8,7.11,0,0,0.31 | 0.31 | 0.31,0,1.28 | 2.46 | 3.97,0,1.01 | 1.63 | 3.13,0.929,0.000,0,1,0,0,0,0,-1,0,0,0,,0,,0,,0,0,0,1
1723836990,580,2,3,8,8,7.11,0,0,0.31 | 0.31 | 0.31,0,1.28 | 2.46 | 3.97,0,1.01 | 1.63 | 3.13,0.929,0.000,0,1,0,0,0,0,-1,0,0,0,,0,,0,,0,0,0,1
1723836990,580,2,3,8,8,7.11,0,0,0.31 | 0.31 | 0.31,0,1.28 | 2.46 | 3.97,0,1.01 | 1.63 | 3.13,0.929,0.000,0,1,0,0,0,0,-1,0,0,0,,0,,0,,0,0,0,1
1723836990,580,2,3,8,8,7.11,0,0,0.31 | 0.31 | 0.31,0,1.28 | 2.46 | 3.97,0,1.01 | 1.63 | 3.13,0.929,0.000,0,1,0,0,0,0,-1,0,0,0,,0,,0,,0,0,0,1
1723836990,580,2,3,8,8,7.11,0,0,0.31 | 0.31 | 0.31,0,1.28 | 2.46 | 3.97,0,1.01 | 1.63 | 3.13,0.929,0.000,0,1,0,0,0,0,-1,0,0,0,,0,,0,,0,0,0,1
1723836990,580,2,3,8,8,7.11,0,0,0.31 | 0.31 | 0.31,0,1.28 | 2.46 | 3.97,0,1.01 | 1.63 | 3.13,0.929,0.000,0,1,0,0,0,0,-1,0,0,0,,0,,0,,0,0,0,1
1723836990,580,2,3,8,8,7.11,0,0,0.31 | 0.31 | 0.31,0,1.28 | 2.46 | 3.97,0,1.01 | 1.63 | 3.13,0.929,0.000,0,1,0,0,0,0,-1,0,0,0,,0,,0,,0,0,0,1
1723836990,580,2,3,8,8,7.11,0,0,0.31 | 0.31 | 0.31,0,1.28 | 2.46 | 3.97,0,1.01 | 1.63 | 3.13,0.929,0.000,0,1,0,0,0,0,-1,0,0,0,,0,,0,,0,0,0,1
1723836990,580,2,3,8,8,7.11,0,0,0.31 | 0.31 | 0.31,0,1.28 | 2.46 | 3.97,0,1.01 | 1.63 | 3.13,0.929,0.000,0,1,0,0,0,0,-1,0,0,0,,0,,0,,0,0,0,1
1723836990,580,2,3,8,8,6.048,0,0,0.31 | 0.31 | 0.31,0,1.28 | 2.46 | 3.97,0,1.01 | 1.63 | 3.13,0.929,0.000,0,1,0,0,0,0,-1,0,0,0,,0,,0,,0,0,0,1
1723836991,580,2,3,8,8,6.048,0,0,0.31 | 0.31 | 0.31,0,1.28 | 2.46 | 3.97,0,1.01 | 1.63 | 3.13,0.929,0.000,0,1,0,0,0,0,-1,0,0,0,,0,,0,,0,0,0,1
1723836991,580,2,3,8,8,6.048,0,0,0.31 | 0.31 | 0.31,0,1.28 | 2.46 | 3.97,0,1.01 | 1.63 | 3.13,0.929,0.000,0,1,0,0,0,0,-1,0,0,0,,0,,0,,0,0,0,1
1723836991,580,2,3,8,8,6.048,0,0,0.31 | 0.31 | 0.31,0,1.28 | 2.46 | 3.97,0,1.01 | 1.63 | 3.13,0.929,0.000,0,1,0,0,0,0,-1,0,0,0,,0,,0,,0,0,0,1
1723836991,580,2,3,8,8,6.048,0,0,0.31 | 0.31 | 0.31,0,1.28 | 2.46 | 3.97,0,1.01 | 1.63 | 3.13,0.929,0.000,0,1,0,0,0,0,-1,0,0,0,,0,,0,,0,0,0,1
1723836991,580,2,3,8,8,6.048,0,0,0.31 | 0.31 | 0.31,0,1.28 | 2.46 | 3.97,0,1.01 | 1.63 | 3.13,0.929,0.000,0,1,0,0,0,0,-1,0,0,0,,0,,0,,0,0,0,1
1723836991,580,2,3,8,8,6.048,0,0,0.31 | 0.31 | 0.31,0,1.28 | 2.46 | 3.97,0,1.01 | 1.63 | 3.13,0.929,0.000,0,1,0,0,0,0,-1,0,0,0,,0,,0,,0,0,0,1
1723836991,580,2,3,8,8,6.048,0,0,0.31 | 0.31 | 0.31,0,1.28 | 2.46 | 3.97,0,1.01 | 1.63 | 3.13,0.929,0.000,0,1,0,0,0,0,-1,0,0,0,,0,,0,,0,0,0,1
1723836991,580,2,3,8,8,6.048,0,0,0.31 | 0.31 | 0.31,0,1.28 | 2.46 | 3.97,0,1.01 | 1.63 | 3.13,0.929,0.000,0,1,0,0,0,0,-1,0,0,0,,0,,0,,0,0,0,1
1723836991,580,2,3,8,8,6.048,0,0,0.31 | 0.31 | 0.31,0,1.28 | 2.46 | 3.97,0,1.01 | 1.63 | 3.13,0.929,0.000,0,1,0,0,0,0,-1,0,0,0,,0,,0,,0,0,0,1
1723836991,580,2,3,8,8,4.985,0,0,0.31 | 0.31 | 0.31,0,1.28 | 2.46 | 3.97,0,1.01 | 1.63 | 3.13,0.929,0.000,0,1,0,0,0,0,-1,0,0,0,,0,,0,,0,0,0,1
1723836992,580,2,3,8,8,4.985,0,0,0.31 | 0.31 | 0.31,0,1.28 | 2.46 | 3.97,0,1.01 | 1.63 | 3.13,0.929,0.000,0,1,0,0,0,0,-1,0,0,0,,0,,0,,0,0,0,1
1723836992,580,2,3,8,8,4.985,0,0,0.31 | 0.31 | 0.31,0,1.28 | 2.46 | 3.97,0,1.01 | 1.63 | 3.13,0.929,0.000,0,1,0,0,0,0,-1,0,0,0,,0,,0,,0,0,0,1
1723836992,580,2,3,8,8,4.985,0,0,0.31 | 0.31 | 0.31,0,1.28 | 2.46 | 3.97,0,1.01 | 1.63 | 3.13,0.929,0.000,0,1,0,0,0,0,-1,0,0,0,,0,,0,,0,0,0,1
1723836992,580,2,3,8,8,4.985,0,0,0.31 | 0.31 | 0.31,0,1.28 | 2.46 | 3.97,0,1.01 | 1.63 | 3.13,0.929,0.000,0,1,0,0,0,0,-1,0,0,0,,0,,0,,0,0,0,1
1723836992,387,2,2,8,8,4.985,0,0,0.31 | 0.31 | 0.31,0,1.28 | 2.46 | 3.97,0,1.01 | 1.63 | 3.13,0.929,0.000,0,1,0,0,0,0,-1,0,0,0,,0,,0,,0,0,0,1
1723836992,387,2,2,8,8,4.985,0,0,0.31 | 0.31 | 0.31,0,1.28 | 2.46 | 3.97,0,1.01 | 1.63 | 3.13,0.929,0.000,0,1,0,0,0,0,-1,0,0,0,,0,,0,,0,0,0,1
1723836992,387,3,2,8,8,4.985,0,0,0.31 | 0.31 | 0.31,0,1.28 | 2.46 | 3.97,0,1.01 | 1.63 | 3.13,0.929,0.000,0,1,0,0,0,0,-1,0,0,0,,0,,0,,0,0,0,1
1723836992,387,3,2,8,8,4.985,0,0,0.31 | 0.31 | 0.31,0,1.28 | 2.46 | 3.97,0,1.01 | 1.63 | 3.13,0.929,0.000,0,1,0,0,0,0,-1,0,0,0,,0,,0,,0,0,0,1
1723836992,387,3,2,8,8,4.985,0,0,0.31 | 0.31 | 0.31,0,1.28 | 2.46 | 3.97,0,1.01 | 1.63 | 3.13,0.929,0.000,0,1,0,0,0,0,-1,0,0,0,,0,,0,,0,0,0,1
1723836992,387,3,2,8,8,3.923,0,0,0.30 | 0.31 | 0.31,0,1.28 | 2.49 | 3.97,0,1.01 | 1.61 | 3.13,0.928,0.000,0,1,0,0,0,0,-1,0,0,0,,0,,0,,0,0,0,1
1723836993,387,3,2,8,8,3.923,0,0,0.30 | 0.31 | 0.31,0,1.28 | 2.49 | 3.97,0,1.01 | 1.61 | 3.13,0.928,0.000,0,1,0,0,0,0,-1,0,0,0,,0,,0,,0,0,0,1
1723836993,387,3,2,8,8,3.923,0,0,0.30 | 0.31 | 0.31,0,1.28 | 2.49 | 3.97,0,1.01 | 1.61 | 3.13,0.928,0.000,0,1,0,0,0,0,-1,0,0,0,,0,,0,,0,0,0,1
1723836993,387,3,2,8,8,3.923,0,0,0.30 | 0.31 | 0.31,0,1.28 | 2.49 | 3.97,0,1.01 | 1.61 | 3.13,0.928,0.000,0,1,0,0,0,0,-1,0,0,0,,0,,0,,0,0,0,1
1723836993,387,3,2,8,8,3.923,0,0,0.30 | 0.31 | 0.31,0,1.28 | 2.49 | 3.97,0,1.01 | 1.61 | 3.13,0.928,0.000,0,1,0,0,0,0,-1,0,0,0,,0,,0,,0,0,0,1
1723836993,387,3,2,8,8,3.923,0,0,0.30 | 0.31 | 0.31,0,1.28 | 2.49 | 3.97,0,1.01 | 1.61 | 3.13,0.928,0.000,0,1,0,0,0,0,-1,0,0,0,,0,,0,,0,0,0,1
1723836993,387,3,2,8,8,3.923,0,0,0.30 | 0.31 | 0.31,0,1.28 | 2.49 | 3.97,0,1.01 | 1.61 | 3.13,0.928,0.000,0,1,0,0,0,0,-1,0,0,0,,0,,0,,0,0,0,1
1723836993,387,3,2,8,8,3.923,0,0,0.30 | 0.31 | 0.31,0,1.28 | 2.49 | 3.97,0,1.01 | 1.61 | 3.13,0.928,0.000,0,1,0,0,0,0,-1,0,0,0,,0,,0,,0,0,0,1
1723836993,387,3,2,8,8,3.923,0,0,0.30 | 0.31 | 0.31,0,1.28 | 2.49 | 3.97,0,1.01 | 1.61 | 3.13,0.928,0.000,0,1,0,0,0,0,-1,0,0,0,,0,,0,,0,0,0,1
1723836993,387,3,2,8,8,3.923,0,0,0.30 | 0.31 | 0.31,0,1.28 | 2.49 | 3.97,0,1.01 | 1.61 | 3.13,0.928,0.000,0,1,0,0,0,0,-1,0,0,0,,0,,0,,0,0,0,1
1723836993,387,3,2,8,8,2.873,0,0,0.30 | 0.31 | 0.31,0,1.28 | 2.49 | 3.97,0,1.01 | 1.61 | 3.13,0.928,0.000,0,1,0,0,0,0,-1,0,0,0,,0,,0,,0,0,0,1
1723836994,387,3,2,8,8,2.873,0,0,0.30 | 0.31 | 0.31,0,1.28 | 2.49 | 3.97,0,1.01 | 1.61 | 3.13,0.928,0.000,0,1,0,0,0,0,-1,0,0,0,,0,,0,,0,0,0,1
1723836994,387,3,2,8,8,2.873,0,0,0.30 | 0.31 | 0.31,0,1.28 | 2.49 | 3.97,0,1.01 | 1.61 | 3.13,0.928,0.000,0,1,0,0,0,0,-1,0,0,0,,0,,0,,0,0,0,1
1723836994,387,3,2,8,8,2.873,0,0,0.30 | 0.31 | 0.31,0,1.28 | 2.49 | 3.97,0,1.01 | 1.61 | 3.13,0.928,0.000,0,1,0,0,0,0,-1,0,0,0,,0,,0,,0,0,0,1
1723836994,387,3,2,8,8,2.873,0,0,0.30 | 0.31 | 0.31,0,1.28 | 2.49 | 3.97,0,1.01 | 1.61 | 3.13,0.928,0.000,0,1,0,0,0,0,-1,0,0,0,,0,,0,,0,0,0,1
1723836994,387,3,2,8,8,2.873,0,0,0.30 | 0.31 | 0.31,0,1.28 | 2.49 | 3.97,0,1.01 | 1.61 | 3.13,0.928,0.000,0,1,0,0,0,0,-1,0,0,0,,0,,0,,0,0,0,1
1723836994,387,3,2,8,8,2.873,0,0,0.30 | 0.31 | 0.31,0,1.28 | 2.49 | 3.97,0,1.01 | 1.61 | 3.13,0.928,0.000,0,1,0,0,0,0,-1,0,0,0,,0,,0,,0,0,0,1
1723836994,387,3,2,8,8,2.873,0,0,0.30 | 0.31 | 0.31,0,1.28 | 2.49 | 3.97,0,1.01 | 1.61 | 3.13,0.928,0.000,0,1,0,0,0,0,-1,0,0,0,,0,,0,,0,0,0,1
1723836994,387,3,2,8,8,2.873,0,0,0.30 | 0.31 | 0.31,0,1.28 | 2.49 | 3.97,0,1.01 | 1.61 | 3.13,0.928,0.000,0,1,0,0,0,0,-1,0,0,0,,0,,0,,0,0,0,1
1723836994,387,3,2,8,8,2.873,0,0,0.30 | 0.31 | 0.31,0,1.28 | 2.49 | 3.97,0,1.01 | 1.61 | 3.13,0.928,0.000,0,1,0,0,0,0,-1,0,0,0,,0,,0,,0,0,0,1
1723836994,387,3,2,8,8,5.263,0,0,0.30 | 0.31 | 0.32,0,1.25 | 1.81 | 2.83,0,1.42 | 2.21 | 3.19,0.930,0.000,0,1,0,0,0,0,-1,0,0,0,,0,,0,,0,0,0,1
1723836995,387,3,2,8,8,5.263,0,0,0.30 | 0.31 | 0.32,0,1.25 | 1.81 | 2.83,0,1.42 | 2.21 | 3.19,0.930,0.000,0,1,0,0,0,0,-1,0,0,0,,0,,0,,0,0,0,1
1723836995,387,3,2,8,8,5.263,0,0,0.30 | 0.31 | 0.32,0,1.25 | 1.81 | 2.83,0,1.42 | 2.21 | 3.19,0.930,0.000,0,1,0,0,0,0,-1,0,0,0,,0,,0,,0,0,0,1
1723836995,387,3,2,8,8,5.263,0,0,0.30 | 0.31 | 0.32,0,1.25 | 1.81 | 2.83,0,1.42 | 2.21 | 3.19,0.930,0.000,0,1,0,0,0,0,-1,0,0,0,,0,,0,,0,0,0,1
1723836995,387,3,2,8,8,5.263,0,0,0.30 | 0.31 | 0.32,0,1.25 | 1.81 | 2.83,0,1.42 | 2.21 | 3.19,0.930,0.000,0,1,0,0,0,0,-1,0,0,0,,0,,0,,0,0,0,1
1723836995,387,3,2,8,8,5.263,0,0,0.30 | 0.31 | 0.32,0,1.25 | 1.81 | 2.83,0,1.42 | 2.21 | 3.19,0.930,0.000,0,1,0,0,0,0,-1,0,0,0,,0,,0,,0,0,0,1
1723836995,387,3,2,8,8,5.263,0,0,0.30 | 0.31 | 0.32,0,1.25 | 1.81 | 2.83,0,1.42 | 2.21 | 3.19,0.930,0.000,0,1,0,0,0,0,-1,0,0,0,,0,,0,,0,0,0,1
1723836995,387,3,2,8,8,5.263,0,0,0.30 | 0.31 | 0.32,0,1.25 | 1.81 | 2.83,0,1.42 | 2.21 | 3.19,0.930,0.000,0,1,0,0,0,0,-1,0,0,0,,0,,0,,0,0,0,1
1723836995,387,3,2,8,8,5.263,0,0,0.30 | 0.31 | 0.32,0,1.25 | 1.81 | 2.83,0,1.42 | 2.21 | 3.19,0.930,0.000,0,1,0,0,0,0,-1,0,0,0,,0,,0,,0,0,0,1
1723836995,387,3,2,8,8,5.263,0,0,0.30 | 0.31 | 0.32,0,1.25 | 1.81 | 2.83,0,1.42 | 2.21 | 3.19,0.930,0.000,0,1,0,0,0,0,-1,0,0,0,,0,,0,,0,0,0,1
1723836995,387,3,2,8,8,4.201,0,0,0.30 | 0.31 | 0.32,0,1.25 | 1.81 | 2.83,0,1.42 | 2.21 | 3.19,0.930,0.000,0,1,0,0,0,0,-1,0,0,0,,0,,0,,0,0,0,1
1723836996,387,2,2,8,8,4.201,0,0,0.30 | 0.31 | 0.32,0,1.25 | 1.81 | 2.83,0,1.42 | 2.21 | 3.19,0.930,0.000,0,1,0,0,0,0,-1,0,0,0,,0,,0,,0,0,0,1
1723836996,387,2,2,8,8,4.201,0,0,0.30 | 0.31 | 0.32,0,1.25 | 1.81 | 2.83,0,1.42 | 2.21 | 3.19,0.930,0.000,0,1,0,0,0,0,-1,0,0,0,,0,,0,,0,0,0,1
1723836996,387,2,2,8,8,4.201,0,0,0.30 | 0.31 | 0.32,0,1.25 | 1.81 | 2.83,0,1.42 | 2.21 | 3.19,0.930,0.000,0,1,0,0,0,0,-1,0,0,0,,0,,0,,0,0,0,1
1723836996,387,2,2,8,8,4.201,0,0,0.30 | 0.31 | 0.32,0,1.25 | 1.81 | 2.83,0,1.42 | 2.21 | 3.19,0.930,0.000,0,1,0,0,0,0,-1,0,0,0,,0,,0,,0,0,0,1
1723836996,387,2,2,8,8,4.201,0,0,0.30 | 0.31 | 0.32,0,1.25 | 1.81 | 2.83,0,1.42 | 2.21 | 3.19,0.930,0.000,0,1,0,0,0,0,-1,0,0,0,,0,,0,,0,0,0,1
1723836996,387,2,2,8,8,4.201,0,0,0.30 | 0.31 | 0.32,0,1.25 | 1.81 | 2.83,0,1.42 | 2.21 | 3.19,0.930,0.000,0,1,0,0,0,0,-1,0,0,0,,0,,0,,0,0,0,1
1723836996,387,2,2,8,8,4.201,0,0,0.30 | 0.31 | 0.32,0,1.25 | 1.81 | 2.83,0,1.42 | 2.21 | 3.19,0.930,0.000,0,1,0,0,0,0,-1,0,0,0,,0,,0,,0,0,0,1
1723836996,387,2,2,8,8,4.201,0,0,0.30 | 0.31 | 0.32,0,1.25 | 1.81 | 2.83,0,1.42 | 2.21 | 3.19,0.930,0.000,0,1,0,0,0,0,-1,0,0,0,,0,,0,,0,0,0,1
1723836996,387,2,2,8,8,4.201,0,0,0.30 | 0.31 | 0.32,0,1.25 | 1.81 | 2.83,0,1.42 | 2.21 | 3.19,0.930,0.000,0,1,0,0,0,0,-1,0,0,0,,0,,0,,0,0,0,1
1723836996,387,2,2,8,8,7.938,0,0,0.30 | 0.31 | 0.32,0,1.25 | 1.97 | 2.83,0,1.42 | 2.03 | 3.19,0.956,0.000,0,1,0,0,0,0,-1,0,0,0,,0,,0,,0,0,0,1
1723836997,387,2,2,8,8,7.938,0,0,0.30 | 0.31 | 0.32,0,1.25 | 1.97 | 2.83,0,1.42 | 2.03 | 3.19,0.956,0.000,0,1,0,0,0,0,-1,0,0,0,,0,,0,,0,0,0,1
1723836997,387,2,2,8,8,7.938,0,0,0.30 | 0.31 | 0.32,0,1.25 | 1.97 | 2.83,0,1.42 | 2.03 | 3.19,0.956,0.000,0,1,0,0,0,0,-1,0,0,0,,0,,0,,0,0,0,1
1723836997,387,2,2,8,8,7.938,0,0,0.30 | 0.31 | 0.32,0,1.25 | 1.97 | 2.83,0,1.42 | 2.03 | 3.19,0.956,0.000,0,1,0,0,0,0,-1,0,0,0,,0,,0,,0,0,0,1
1723836997,387,2,2,8,8,7.938,0,0,0.30 | 0.31 | 0.32,0,1.25 | 1.97 | 2.83,0,1.42 | 2.03 | 3.19,0.956,0.000,0,1,0,0,0,0,-1,0,0,0,,0,,0,,0,0,0,1
1723836997,387,2,2,8,8,7.938,0,0,0.30 | 0.31 | 0.32,0,1.25 | 1.97 | 2.83,0,1.42 | 2.03 | 3.19,0.956,0.000,0,1,0,0,0,0,-1,0,0,0,,0,,0,,0,0,0,1
1723836997,387,2,2,8,8,7.938,0,0,0.30 | 0.31 | 0.32,0,1.25 | 1.97 | 2.83,0,1.42 | 2.03 | 3.19,0.956,0.000,0,1,0,0,0,0,-1,0,0,0,,0,,0,,0,0,0,1
1723836997,387,2,2,8,8,7.938,0,0,0.30 | 0.31 | 0.32,0,1.25 | 1.97 | 2.83,0,1.42 | 2.03 | 3.19,0.956,0.000,0,1,0,0,0,0,-1,0,0,0,,0,,0,,0,0,0,1
1723836997,387,2,2,8,8,7.938,0,0,0.30 | 0.31 | 0.32,0,1.25 | 1.97 | 2.83,0,1.42 | 2.03 | 3.19,0.956,0.000,0,1,0,0,0,0,-1,0,0,0,,0,,0,,0,0,0,1
1723836997,387,2,2,8,8,7.938,0,0,0.30 | 0.31 | 0.32,0,1.25 | 1.97 | 2.83,0,1.42 | 2.03 | 3.19,0.956,0.000,0,1,0,0,0,0,-1,0,0,0,,0,,0,,0,0,0,1
1723836997,387,2,2,8,8,6.876,0,0,0.30 | 0.31 | 0.32,0,1.25 | 1.97 | 2.83,0,1.42 | 2.03 | 3.19,0.956,0.000,0,1,0,0,0,0,-1,0,0,0,,0,,0,,0,0,0,1
1723836998,387,2,2,8,8,6.876,0,0,0.30 | 0.31 | 0.32,0,1.25 | 1.97 | 2.83,0,1.42 | 2.03 | 3.19,0.956,0.000,0,1,0,0,0,0,-1,0,0,0,,0,,0,,0,0,0,1
1723836998,387,2,2,8,8,6.876,0,0,0.30 | 0.31 | 0.32,0,1.25 | 1.97 | 2.83,0,1.42 | 2.03 | 3.19,0.956,0.000,0,1,0,0,0,0,-1,0,0,0,,0,,0,,0,0,0,1
1723836998,387,2,2,8,8,6.876,0,0,0.30 | 0.31 | 0.32,0,1.25 | 1.97 | 2.83,0,1.42 | 2.03 | 3.19,0.956,0.000,0,1,0,0,0,0,-1,0,0,0,,0,,0,,0,0,0,1
1723836998,387,2,2,8,8,6.876,0,0,0.30 | 0.31 | 0.32,0,1.25 | 1.97 | 2.83,0,1.42 | 2.03 | 3.19,0.956,0.000,0,1,0,0,0,0,-1,0,0,0,,0,,0,,0,0,0,1
1723836998,387,2,2,8,8,6.876,0,0,0.30 | 0.31 | 0.32,0,1.25 | 1.97 | 2.83,0,1.42 | 2.03 | 3.19,0.956,0.000,0,1,0,0,0,0,-1,0,0,0,,0,,0,,0,0,0,1
1723836998,387,2,2,8,8,6.876,0,0,0.30 | 0.31 | 0.32,0,1.25 | 1.97 | 2.83,0,1.42 | 2.03 | 3.19,0.956,0.000,0,1,0,0,0,0,-1,0,0,0,,0,,0,,0,0,0,1
1723836998,387,2,2,8,8,6.876,0,0,0.30 | 0.31 | 0.32,0,1.25 | 1.97 | 2.83,0,1.42 | 2.03 | 3.19,0.956,0.000,0,1,0,0,0,0,-1,0,0,0,,0,,0,,0,0,0,1
1723836998,387,2,2,8,8,6.876,0,0,0.30 | 0.31 | 0.32,0,1.25 | 1.97 | 2.83,0,1.42 | 2.03 | 3.19,0.956,0.000,0,1,0,0,0,0,-1,0,0,0,,0,,0,,0,0,0,1
1723836998,387,2,2,8,8,6.876,0,0,0.30 | 0.31 | 0.32,0,1.25 | 1.97 | 2.83,0,1.42 | 2.03 | 3.19,0.956,0.000,0,1,0,0,0,0,-1,0,0,0,,0,,0,,0,0,0,1
1723836998,387,2,2,8,8,9.279,0,0,0.30 | 0.31 | 0.32,0,1.25 | 1.87 | 2.83,0,1.42 | 2.14 | 3.19,0.934,0.000,0,1,0,0,0,0,-1,0,0,0,,0,,0,,0,0,0,1
1723836999,387,2,2,8,8,9.279,0,0,0.30 | 0.31 | 0.32,0,1.25 | 1.87 | 2.83,0,1.42 | 2.14 | 3.19,0.934,0.000,0,1,0,0,0,0,-1,0,0,0,,0,,0,,0,0,0,1
1723836999,387,2,2,8,8,9.279,0,0,0.30 | 0.31 | 0.32,0,1.25 | 1.87 | 2.83,0,1.42 | 2.14 | 3.19,0.934,0.000,0,1,0,0,0,0,-1,0,0,0,,0,,0,,0,0,0,1
1723836999,387,2,2,8,8,9.279,0,0,0.30 | 0.31 | 0.32,0,1.25 | 1.87 | 2.83,0,1.42 | 2.14 | 3.19,0.934,0.000,0,1,0,0,0,0,-1,0,0,0,,0,,0,,0,0,0,1
1723836999,387,2,2,8,8,9.279,0,0,0.30 | 0.31 | 0.32,0,1.25 | 1.87 | 2.83,0,1.42 | 2.14 | 3.19,0.934,0.000,0,1,0,0,0,0,-1,0,0,0,,0,,0,,0,0,0,1
1723836999,387,2,2,8,8,9.279,0,0,0.30 | 0.31 | 0.32,0,1.25 | 1.87 | 2.83,0,1.42 | 2.14 | 3.19,0.934,0.000,0,1,0,0,0,0,-1,0,0,0,,0,,0,,0,0,0,1
1723836999,387,2,2,8,8,9.279,0,0,0.30 | 0.31 | 0.32,0,1.25 | 1.87 | 2.83,0,1.42 | 2.14 | 3.19,0.934,0.000,0,1,0,0,0,0,-1,0,0,0,,0,,0,,0,0,0,1
1723836999,387,2,2,8,8,9.279,0,0,0.30 | 0.31 | 0.32,0,1.25 | 1.87 | 2.83,0,1.42 | 2.14 | 3.19,0.934,0.000,0,1,0,0,0,0,-1,0,0,0,,0,,0,,0,0,0,1
1723836999,387,2,2,8,8,9.279,0,0,0.30 | 0.31 | 0.32,0,1.25 | 1.87 | 2.83,0,1.42 | 2.14 | 3.19,0.934,0.000,0,1,0,0,0,0,-1,0,0,0,,0,,0,,0,0,0,1
1723836999,387,2,2,8,8,9.279,0,0,0.30 | 0.31 | 0.32,0,1.25 | 1.87 | 2.83,0,1.42 | 2.14 | 3.19,0.934,0.000,0,1,0,0,0,0,-1,0,0,0,,0,,0,,0,0,0,1
1723836999,387,2,2,8,8,8.217,0,0,0.30 | 0.31 | 0.32,0,1.25 | 1.87 | 2.83,0,1.42 | 2.14 | 3.19,0.934,0.000,0,1,0,0,0,0,-1,0,0,0,,0,,0,,0,0,0,1
1723837000,387,2,2,8,8,8.217,0,0,0.30 | 0.31 | 0.32,0,1.25 | 1.87 | 2.83,0,1.42 | 2.14 | 3.19,0.934,0.000,0,1,0,0,0,0,-1,0,0,0,,0,,0,,0,0,0,1
1723837000,387,2,2,8,8,8.217,0,0,0.30 | 0.31 | 0.32,0,1.25 | 1.87 | 2.83,0,1.42 | 2.14 | 3.19,0.934,0.000,0,1,0,0,0,0,-1,0,0,0,,0,,0,,0,0,0,1
1723837000,387,2,2,8,8,8.217,0,0,0.30 | 0.31 | 0.32,0,1.25 | 1.87 | 2.83,0,1.42 | 2.14 | 3.19,0.934,0.000,0,1,0,0,0,0,-1,0,0,0,,0,,0,,0,0,0,1
1723837000,387,2,2,8,8,8.217,0,0,0.30 | 0.31 | 0.32,0,1.25 | 1.87 | 2.83,0,1.42 | 2.14 | 3.19,0.934,0.000,0,1,0,0,0,0,-1,0,0,0,,0,,0,,0,0,0,1
1723837000,387,2,2,8,8,8.217,0,0,0.30 | 0.31 | 0.32,0,1.25 | 1.87 | 2.83,0,1.42 | 2.14 | 3.19,0.934,0.000,0,1,0,0,0,0,-1,0,0,0,,0,,0,,0,0,0,1
1723837000,387,2,2,8,8,8.217,0,0,0.30 | 0.31 | 0.32,0,1.25 | 1.87 | 2.83,0,1.42 | 2.14 | 3.19,0.934,0.000,0,1,0,0,0,0,-1,0,0,0,,0,,0,,0,0,0,1
1723837000,387,2,2,8,8,8.217,0,0,0.30 | 0.31 | 0.32,0,1.25 | 1.87 | 2.83,0,1.42 | 2.14 | 3.19,0.934,0.000,0,1,0,0,0,0,-1,0,0,0,,0,,0,,0,0,0,1
1723837000,387,2,2,8,8,8.217,0,0,0.30 | 0.31 | 0.32,0,1.25 | 1.87 | 2.83,0,1.42 | 2.14 | 3.19,0.934,0.000,0,1,0,0,0,0,-1,0,0,0,,0,,0,,0,0,0,1
1723837000,387,2,2,8,8,8.217,0,0,0.30 | 0.31 | 0.32,0,1.25 | 1.87 | 2.83,0,1.42 | 2.14 | 3.19,0.934,0.000,0,1,0,0,0,0,-1,0,0,0,,0,,0,,0,0,0,1
1723837000,387,2,2,8,8,11.907,0,0,0.31 | 0.31 | 0.32,0,1.25 | 1.67 | 2.03,0,1.97 | 2.40 | 3.19,0.936,0.000,0,1,0,0,0,0,-1,0,0,0,,0,,0,,0,0,0,1
1723837001,387,2,2,8,8,11.907,0,0,0.31 | 0.31 | 0.32,0,1.25 | 1.67 | 2.03,0,1.97 | 2.40 | 3.19,0.936,0.000,0,1,0,0,0,0,-1,0,0,0,,0,,0,,0,0,0,1
1723837001,387,2,2,8,8,11.907,0,0,0.31 | 0.31 | 0.32,0,1.25 | 1.67 | 2.03,0,1.97 | 2.40 | 3.19,0.936,0.000,0,1,0,0,0,0,-1,0,0,0,,0,,0,,0,0,0,1
1723837001,387,2,2,8,8,11.907,0,0,0.31 | 0.31 | 0.32,0,1.25 | 1.67 | 2.03,0,1.97 | 2.40 | 3.19,0.936,0.000,0,1,0,0,0,0,-1,0,0,0,,0,,0,,0,0,0,1
1723837001,387,2,2,8,8,11.907,0,0,0.31 | 0.31 | 0.32,0,1.25 | 1.67 | 2.03,0,1.97 | 2.40 | 3.19,0.936,0.000,0,1,0,0,0,0,-1,0,0,0,,0,,0,,0,0,0,1
1723837001,387,2,2,8,8,11.907,0,0,0.31 | 0.31 | 0.32,0,1.25 | 1.67 | 2.03,0,1.97 | 2.40 | 3.19,0.936,0.000,0,1,0,0,0,0,-1,0,0,0,,0,,0,,0,0,0,1
1723837001,387,2,2,8,8,11.907,0,0,0.31 | 0.31 | 0.32,0,1.25 | 1.67 | 2.03,0,1.97 | 2.40 | 3.19,0.936,0.000,0,1,0,0,0,0,-1,0,0,0,,0,,0,,0,0,0,1
1723837001,387,2,2,8,8,11.907,0,0,0.31 | 0.31 | 0.32,0,1.25 | 1.67 | 2.03,0,1.97 | 2.40 | 3.19,0.936,0.000,0,1,0,0,0,0,-1,0,0,0,,0,,0,,0,0,0,1
1723837001,387,2,2,8,8,11.907,0,0,0.31 | 0.31 | 0.32,0,1.25 | 1.67 | 2.03,0,1.97 | 2.40 | 3.19,0.936,0.000,0,1,0,0,0,0,-1,0,0,0,,0,,0,,0,0,0,1
1723837001,387,2,2,8,8,11.907,0,0,0.31 | 0.31 | 0.32,0,1.25 | 1.67 | 2.03,0,1.97 | 2.40 | 3.19,0.936,0.000,0,1,0,0,0,0,-1,0,0,0,,0,,0,,0,0,0,1
