ts,videoBitrate,videoIndex,videoPendingIndex,videoPendingMaxIndex,videoMaxIndex,videoBufferLength,videoDroppedFrames,videoLatencyCount,videoLatency,videoDownloadCount,videoDownload,videoRatioCount,videoRatio,videoMtp,videoEtp,videoLiveLatency,videoPlaybackRate,audioBitrate,audioIndex,audioPendingIndex,audioPendingMaxIndex,audioMaxIndex,audioBufferLength,audioDroppedFrames,audioLatencyCount,audioLatency,audioDownloadCount,audioDownload,audioRatioCount,audioRatio,audioMtp,audioEtp,audioLiveLatency,audioPlaybackRate
1723722599,965,0,5,8,0,0,0,0,,0,,0,,0,0,0,1,0,0,0,0,0,0,0,0,,0,,0,,0,0,0,1
1723722599,965,0,5,8,0,0,0,0,,0,,0,,0,0,0,1,0,0,0,0,0,0,0,0,,0,,0,,0,0,0,1
1723722599,965,0,5,8,8,0,0,0,,0,,0,,0,0,0,1,0,0,0,0,-1,0,0,0,,0,,0,,0,0,0,1
1723722599,965,0,5,8,8,0,0,0,,0,,0,,0,0,0,1,0,0,0,0,-1,0,0,0,,0,,0,,0,0,0,1
1723722599,965,0,5,8,8,0,0,0,,0,,0,,0,0,0,1,0,0,0,0,-1,0,0,0,,0,,0,,0,0,0,1
1723722599,965,0,5,8,8,0,0,0,,0,,0,,0,0,0,1,0,0,0,0,-1,0,0,0,,0,,0,,0,0,0,1
1723722599,965,0,5,8,8,0,0,0,,0,,0,,0,0,0,1,0,0,0,0,-1,0,0,0,,0,,0,,0,0,0,1
1723722600,965,0,5,8,8,0,0,0,,0,,0,,0,0,0,1,0,0,0,0,-1,0,0,0,,0,,0,,0,0,0,1
1723722600,965,0,5,8,8,0,0,0,,0,,0,,0,0,0,1,0,0,0,0,-1,0,0,0,,0,,0,,0,0,0,1
1723722600,965,0,5,8,8,0,0,0,,0,,0,,0,0,0,1,0,0,0,0,-1,0,0,0,,0,,0,,0,0,0,1
1723722600,965,0,5,8,8,0,0,0,,0,,0,,0,0,0,1,0,0,0,0,-1,0,0,0,,0,,0,,0,0,0,1
1723722600,965,0,5,8,8,0,0,0,,0,,0,,0,0,0,1,0,0,0,0,-1,0,0,0,,0,,0,,0,0,0,1
1723722600,965,0,5,8,8,0,0,0,,0,,0,,0,0,0,1,0,0,0,0,-1,0,0,0,,0,,0,,0,0,0,1
1723722600,965,0,5,8,8,0,0,0,,0,,0,,0,0,0,1,0,0,0,0,-1,0,0,0,,0,,0,,0,0,0,1
1723722600,965,0,5,8,8,0,0,0,,0,,0,,0,0,0,1,0,0,0,0,-1,0,0,0,,0,,0,,0,0,0,1
1723722600,965,0,5,8,8,0,0,0,,0,,0,,0,0,0,1,0,0,0,0,-1,0,0,0,,0,,0,,0,0,0,1
1723722600,965,0,5,8,8,0,0,0,,0,,0,,0,0,0,1,0,0,0,0,-1,0,0,0,,0,,0,,0,0,0,1
1723722601,965,0,5,8,8,0,0,0,,0,,0,,0,0,0,1,0,0,0,0,-1,0,0,0,,0,,0,,0,0,0,1
1723722601,965,0,5,8,8,0,0,0,,0,,0,,0,0,0,1,0,0,0,0,-1,0,0,0,,0,,0,,0,0,0,1
1723722601,580,0,3,8,8,0,0,0,,0,,0,,0,0,0,1,0,0,0,0,-1,0,0,0,,0,,0,,0,0,0,1
1723722601,580,0,3,8,8,0,0,0,,0,,0,,0,0,0,1,0,0,0,0,-1,0,0,0,,0,,0,,0,0,0,1
1723722601,580,5,3,8,8,0,0,0,,0,,0,,0,0,0,1,0,0,0,0,-1,0,0,0,,0,,0,,0,0,0,1
1723722601,580,5,3,8,8,4.641,0,0,0.11 | 0.11 | 0.11,0,2.63 | 2.63 | 2.63,0,1.52 | 1.52 | 1.52,0.677,0.000,0,1,0,0,0,0,-1,0,0,0,,0,,0,,0,0,0,1
1723722601,580,5,3,8,8,4.641,0,0,0.11 | 0.11 | 0.11,0,2.63 | 2.63 | 2.63,0,1.52 | 1.52 | 1.52,0.677,0.000,0,1,0,0,0,0,-1,0,0,0,,0,,0,,0,0,0,1
1723722601,580,5,3,8,8,4.641,0,0,0.11 | 0.11 | 0.11,0,2.63 | 2.63 | 2.63,0,1.52 | 1.52 | 1.52,0.677,0.000,0,1,0,0,0,0,-1,0,0,0,,0,,0,,0,0,0,1
1723722601,580,5,3,8,8,4.641,0,0,0.11 | 0.11 | 0.11,0,2.63 | 2.63 | 2.63,0,1.52 | 1.52 | 1.52,0.677,0.000,0,1,0,0,0,0,-1,0,0,0,,0,,0,,0,0,0,1
1723722601,580,5,3,8,8,4.641,0,0,0.11 | 0.11 | 0.11,0,2.63 | 2.63 | 2.63,0,1.52 | 1.52 | 1.52,0.677,0.000,0,1,0,0,0,0,-1,0,0,0,,0,,0,,0,0,0,1
1723722602,580,5,3,8,8,4.641,0,0,0.11 | 0.11 | 0.11,0,2.63 | 2.63 | 2.63,0,1.52 | 1.52 | 1.52,0.677,0.000,0,1,0,0,0,0,-1,0,0,0,,0,,0,,0,0,0,1
1723722602,580,5,3,8,8,4.641,0,0,0.11 | 0.11 | 0.11,0,2.63 | 2.63 | 2.63,0,1.52 | 1.52 | 1.52,0.677,0.000,0,1,0,0,0,0,-1,0,0,0,,0,,0,,0,0,0,1
1723722602,580,5,3,8,8,4.641,0,0,0.11 | 0.11 | 0.11,0,2.63 | 2.63 | 2.63,0,1.52 | 1.52 | 1.52,0.677,0.000,0,1,0,0,0,0,-1,0,0,0,,0,,0,,0,0,0,1
1723722602,580,5,3,8,8,4.641,0,0,0.11 | 0.11 | 0.11,0,2.63 | 2.63 | 2.63,0,1.52 | 1.52 | 1.52,0.677,0.000,0,1,0,0,0,0,-1,0,0,0,,0,,0,,0,0,0,1
1723722602,580,5,3,8,8,4.641,0,0,0.11 | 0.11 | 0.11,0,2.63 | 2.63 | 2.63,0,1.52 | 1.52 | 1.52,0.677,0.000,0,1,0,0,0,0,-1,0,0,0,,0,,0,,0,0,0,1
1723722602,580,5,3,8,8,3.844,0,0,0.11 | 0.11 | 0.11,0,2.63 | 2.63 | 2.63,0,1.52 | 1.52 | 1.52,0.677,0.000,0,1,0,0,0,0,-1,0,0,0,,0,,0,,0,0,0,1
1723722602,387,5,2,8,8,3.844,0,0,0.11 | 0.11 | 0.11,0,2.63 | 2.63 | 2.63,0,1.52 | 1.52 | 1.52,0.677,0.000,0,1,0,0,0,0,-1,0,0,0,,0,,0,,0,0,0,1
1723722602,387,5,2,8,8,3.844,0,0,0.11 | 0.11 | 0.11,0,2.63 | 2.63 | 2.63,0,1.52 | 1.52 | 1.52,0.677,0.000,0,1,0,0,0,0,-1,0,0,0,,0,,0,,0,0,0,1
1723722602,387,5,2,8,8,3.844,0,0,0.11 | 0.11 | 0.11,0,2.63 | 2.63 | 2.63,0,1.52 | 1.52 | 1.52,0.677,0.000,0,1,0,0,0,0,-1,0,0,0,,0,,0,,0,0,0,1
1723722602,387,5,2,8,8,3.844,0,0,0.11 | 0.11 | 0.11,0,2.63 | 2.63 | 2.63,0,1.52 | 1.52 | 1.52,0.677,0.000,0,1,0,0,0,0,-1,0,0,0,,0,,0,,0,0,0,1
1723722603,387,5,2,8,8,3.844,0,0,0.11 | 0.11 | 0.11,0,2.63 | 2.63 | 2.63,0,1.52 | 1.52 | 1.52,0.677,0.000,0,1,0,0,0,0,-1,0,0,0,,0,,0,,0,0,0,1
1723722603,387,5,2,8,8,3.844,0,0,0.11 | 0.11 | 0.11,0,2.63 | 2.63 | 2.63,0,1.52 | 1.52 | 1.52,0.677,0.000,0,1,0,0,0,0,-1,0,0,0,,0,,0,,0,0,0,1
1723722603,387,5,2,8,8,3.844,0,0,0.11 | 0.11 | 0.11,0,2.63 | 2.63 | 2.63,0,1.52 | 1.52 | 1.52,0.677,0.000,0,1,0,0,0,0,-1,0,0,0,,0,,0,,0,0,0,1
1723722603,387,5,2,8,8,3.844,0,0,0.11 | 0.11 | 0.11,0,2.63 | 2.63 | 2.63,0,1.52 | 1.52 | 1.52,0.677,0.000,0,1,0,0,0,0,-1,0,0,0,,0,,0,,0,0,0,1
1723722603,387,5,2,8,8,3.844,0,0,0.11 | 0.11 | 0.11,0,2.63 | 2.63 | 2.63,0,1.52 | 1.52 | 1.52,0.677,0.000,0,1,0,0,0,0,-1,0,0,0,,0,,0,,0,0,0,1
1723722603,387,5,2,8,8,5.982,0,0,0.11 | 0.14 | 0.17,0,1.06 | 1.84 | 2.63,0,1.52 | 2.17 | 3.78,0.593,0.000,0,1,0,0,0,0,-1,0,0,0,,0,,0,,0,0,0,1
1723722603,387,5,2,8,8,5.982,0,0,0.11 | 0.14 | 0.17,0,1.06 | 1.84 | 2.63,0,1.52 | 2.17 | 3.78,0.593,0.000,0,1,0,0,0,0,-1,0,0,0,,0,,0,,0,0,0,1
1723722603,387,5,2,8,8,5.982,0,0,0.11 | 0.14 | 0.17,0,1.06 | 1.84 | 2.63,0,1.52 | 2.17 | 3.78,0.593,0.000,0,1,0,0,0,0,-1,0,0,0,,0,,0,,0,0,0,1
1723722603,387,5,2,8,8,5.982,0,0,0.11 | 0.14 | 0.17,0,1.06 | 1.84 | 2.63,0,1.52 | 2.17 | 3.78,0.593,0.000,0,1,0,0,0,0,-1,0,0,0,,0,,0,,0,0,0,1
1723722603,387,5,2,8,8,5.982,0,0,0.11 | 0.14 | 0.17,0,1.06 | 1.84 | 2.63,0,1.52 | 2.17 | 3.78,0.593,0.000,0,1,0,0,0,0,-1,0,0,0,,0,,0,,0,0,0,1
1723722604,387,5,2,8,8,5.982,0,0,0.11 | 0.14 | 0.17,0,1.06 | 1.84 | 2.63,0,1.52 | 2.17 | 3.78,0.593,0.000,0,1,0,0,0,0,-1,0,0,0,,0,,0,,0,0,0,1
1723722604,387,5,2,8,8,5.982,0,0,0.11 | 0.14 | 0.17,0,1.06 | 1.84 | 2.63,0,1.52 | 2.17 | 3.78,0.593,0.000,0,1,0,0,0,0,-1,0,0,0,,0,,0,,0,0,0,1
1723722604,387,5,2,8,8,5.982,0,0,0.11 | 0.14 | 0.17,0,1.06 | 1.84 | 2.63,0,1.52 | 2.17 | 3.78,0.593,0.000,0,1,0,0,0,0,-1,0,0,0,,0,,0,,0,0,0,1
1723722604,387,5,2,8,8,5.982,0,0,0.11 | 0.14 | 0.17,0,1.06 | 1.84 | 2.63,0,1.52 | 2.17 | 3.78,0.593,0.000,0,1,0,0,0,0,-1,0,0,0,,0,,0,,0,0,0,1
1723722604,387,5,2,8,8,5.982,0,0,0.11 | 0.14 | 0.17,0,1.06 | 1.84 | 2.63,0,1.52 | 2.17 | 3.78,0.593,0.000,0,1,0,0,0,0,-1,0,0,0,,0,,0,,0,0,0,1
1723722604,387,5,2,8,8,4.919,0,0,0.11 | 0.14 | 0.17,0,1.06 | 1.84 | 2.63,0,1.52 | 2.17 | 3.78,0.593,0.000,0,1,0,0,0,0,-1,0,0,0,,0,,0,,0,0,0,1
1723722604,387,5,2,8,8,4.919,0,0,0.11 | 0.14 | 0.17,0,1.06 | 1.84 | 2.63,0,1.52 | 2.17 | 3.78,0.593,0.000,0,1,0,0,0,0,-1,0,0,0,,0,,0,,0,0,0,1
1723722604,387,5,2,8,8,4.919,0,0,0.11 | 0.14 | 0.17,0,1.06 | 1.84 | 2.63,0,1.52 | 2.17 | 3.78,0.593,0.000,0,1,0,0,0,0,-1,0,0,0,,0,,0,,0,0,0,1
1723722604,387,5,2,8,8,4.919,0,0,0.11 | 0.14 | 0.17,0,1.06 | 1.84 | 2.63,0,1.52 | 2.17 | 3.78,0.593,0.000,0,1,0,0,0,0,-1,0,0,0,,0,,0,,0,0,0,1
1723722604,387,5,2,8,8,4.919,0,0,0.11 | 0.14 | 0.17,0,1.06 | 1.84 | 2.63,0,1.52 | 2.17 | 3.78,0.593,0.000,0,1,0,0,0,0,-1,0,0,0,,0,,0,,0,0,0,1
1723722605,387,5,2,8,8,4.919,0,0,0.11 | 0.14 | 0.17,0,1.06 | 1.84 | 2.63,0,1.52 | 2.17 | 3.78,0.593,0.000,0,1,0,0,0,0,-1,0,0,0,,0,,0,,0,0,0,1
1723722605,387,5,2,8,8,4.919,0,0,0.11 | 0.14 | 0.17,0,1.06 | 1.84 | 2.63,0,1.52 | 2.17 | 3.78,0.593,0.000,0,1,0,0,0,0,-1,0,0,0,,0,,0,,0,0,0,1
1723722605,387,5,2,8,8,4.919,0,0,0.11 | 0.14 | 0.17,0,1.06 | 1.84 | 2.63,0,1.52 | 2.17 | 3.78,0.593,0.000,0,1,0,0,0,0,-1,0,0,0,,0,,0,,0,0,0,1
1723722605,387,5,2,8,8,4.919,0,0,0.11 | 0.14 | 0.17,0,1.06 | 1.84 | 2.63,0,1.52 | 2.17 | 3.78,0.593,0.000,0,1,0,0,0,0,-1,0,0,0,,0,,0,,0,0,0,1
1723722605,387,3,2,8,8,4.919,0,0,0.11 | 0.14 | 0.17,0,1.06 | 1.84 | 2.63,0,1.52 | 2.17 | 3.78,0.593,0.000,0,1,0,0,0,0,-1,0,0,0,,0,,0,,0,0,0,1
1723722605,387,3,2,8,8,3.857,0,0,0.11 | 0.14 | 0.17,0,1.06 | 1.84 | 2.63,0,1.52 | 2.17 | 3.78,0.593,0.000,0,1,0,0,0,0,-1,0,0,0,,0,,0,,0,0,0,1
1723722605,387,3,2,8,8,3.857,0,0,0.11 | 0.14 | 0.17,0,1.06 | 1.84 | 2.63,0,1.52 | 2.17 | 3.78,0.593,0.000,0,1,0,0,0,0,-1,0,0,0,,0,,0,,0,0,0,1
1723722605,387,3,2,8,8,3.857,0,0,0.11 | 0.14 | 0.17,0,1.06 | 1.84 | 2.63,0,1.52 | 2.17 | 3.78,0.593,0.000,0,1,0,0,0,0,-1,0,0,0,,0,,0,,0,0,0,1
1723722605,387,3,2,8,8,3.857,0,0,0.11 | 0.14 | 0.17,0,1.06 | 1.84 | 2.63,0,1.52 | 2.17 | 3.78,0.593,0.000,0,1,0,0,0,0,-1,0,0,0,,0,,0,,0,0,0,1
1723722605,387,3,2,8,8,3.857,0,0,0.11 | 0.14 | 0.17,0,1.06 | 1.84 | 2.63,0,1.52 | 2.17 | 3.78,0.593,0.000,0,1,0,0,0,0,-1,0,0,0,,0,,0,,0,0,0,1
1723722606,387,3,2,8,8,3.857,0,0,0.11 | 0.14 | 0.17,0,1.06 | 1.84 | 2.63,0,1.52 | 2.17 | 3.78,0.593,0.000,0,1,0,0,0,0,-1,0,0,0,,0,,0,,0,0,0,1
1723722606,387,3,2,8,8,3.857,0,0,0.11 | 0.14 | 0.17,0,1.06 | 1.84 | 2.63,0,1.52 | 2.17 | 3.78,0.593,0.000,0,1,0,0,0,0,-1,0,0,0,,0,,0,,0,0,0,1
1723722606,387,3,2,8,8,3.857,0,0,0.11 | 0.14 | 0.17,0,1.06 | 1.84 | 2.63,0,1.52 | 2.17 | 3.78,0.593,0.000,0,1,0,0,0,0,-1,0,0,0,,0,,0,,0,0,0,1
1723722606,387,3,2,8,8,3.857,0,0,0.11 | 0.14 | 0.17,0,1.06 | 1.84 | 2.63,0,1.52 | 2.17 | 3.78,0.593,0.000,0,1,0,0,0,0,-1,0,0,0,,0,,0,,0,0,0,1
1723722606,387,3,2,8,8,3.857,0,0,0.11 | 0.14 | 0.17,0,1.06 | 1.84 | 2.63,0,1.52 | 2.17 | 3.78,0.593,0.000,0,1,0,0,0,0,-1,0,0,0,,0,,0,,0,0,0,1
1723722606,387,3,2,8,8,2.794,0,0,0.11 | 0.14 | 0.17,0,1.06 | 1.84 | 2.63,0,1.52 | 2.17 | 3.78,0.593,0.000,0,1,0,0,0,0,-1,0,0,0,,0,,0,,0,0,0,1
1723722606,387,3,2,8,8,2.794,0,0,0.11 | 0.14 | 0.17,0,1.06 | 1.84 | 2.63,0,1.52 | 2.17 | 3.78,0.593,0.000,0,1,0,0,0,0,-1,0,0,0,,0,,0,,0,0,0,1
1723722606,387,3,2,8,8,2.794,0,0,0.11 | 0.14 | 0.17,0,1.06 | 1.84 | 2.63,0,1.52 | 2.17 | 3.78,0.593,0.000,0,1,0,0,0,0,-1,0,0,0,,0,,0,,0,0,0,1
1723722606,387,3,2,8,8,2.794,0,0,0.11 | 0.14 | 0.17,0,1.06 | 1.84 | 2.63,0,1.52 | 2.17 | 3.78,0.593,0.000,0,1,0,0,0,0,-1,0,0,0,,0,,0,,0,0,0,1
1723722606,387,3,2,8,8,2.794,0,0,0.11 | 0.14 | 0.17,0,1.06 | 1.84 | 2.63,0,1.52 | 2.17 | 3.78,0.593,0.000,0,1,0,0,0,0,-1,0,0,0,,0,,0,,0,0,0,1
1723722607,387,3,2,8,8,2.794,0,0,0.11 | 0.14 | 0.17,0,1.06 | 1.84 | 2.63,0,1.52 | 2.17 | 3.78,0.593,0.000,0,1,0,0,0,0,-1,0,0,0,,0,,0,,0,0,0,1
1723722607,387,3,2,8,8,2.794,0,0,0.11 | 0.14 | 0.17,0,1.06 | 1.84 | 2.63,0,1.52 | 2.17 | 3.78,0.593,0.000,0,1,0,0,0,0,-1,0,0,0,,0,,0,,0,0,0,1
1723722607,387,3,2,8,8,2.794,0,0,0.11 | 0.14 | 0.17,0,1.06 | 1.84 | 2.63,0,1.52 | 2.17 | 3.78,0.593,0.000,0,1,0,0,0,0,-1,0,0,0,,0,,0,,0,0,0,1
1723722607,387,3,2,8,8,2.794,0,0,0.11 | 0.14 | 0.17,0,1.06 | 1.84 | 2.63,0,1.52 | 2.17 | 3.78,0.593,0.000,0,1,0,0,0,0,-1,0,0,0,,0,,0,,0,0,0,1
1723722607,387,3,2,8,8,2.794,0,0,0.11 | 0.14 | 0.17,0,1.06 | 1.84 | 2.63,0,1.52 | 2.17 | 3.78,0.593,0.000,0,1,0,0,0,0,-1,0,0,0,,0,,0,,0,0,0,1
1723722607,387,3,2,8,8,1.997,0,0,0.11 | 0.14 | 0.17,0,1.06 | 1.84 | 2.63,0,1.52 | 2.17 | 3.78,0.593,0.000,0,1,0,0,0,0,-1,0,0,0,,0,,0,,0,0,0,1
1723722607,387,3,2,8,8,1.997,0,0,0.11 | 0.14 | 0.17,0,1.06 | 1.84 | 2.63,0,1.52 | 2.17 | 3.78,0.593,0.000,0,1,0,0,0,0,-1,0,0,0,,0,,0,,0,0,0,1
1723722607,387,3,2,8,8,1.997,0,0,0.11 | 0.14 | 0.17,0,1.06 | 1.84 | 2.63,0,1.52 | 2.17 | 3.78,0.593,0.000,0,1,0,0,0,0,-1,0,0,0,,0,,0,,0,0,0,1
1723722607,387,3,2,8,8,1.997,0,0,0.11 | 0.14 | 0.17,0,1.06 | 1.84 | 2.63,0,1.52 | 2.17 | 3.78,0.593,0.000,0,1,0,0,0,0,-1,0,0,0,,0,,0,,0,0,0,1
1723722607,387,3,2,8,8,1.997,0,0,0.11 | 0.14 | 0.17,0,1.06 | 1.84 | 2.63,0,1.52 | 2.17 | 3.78,0.593,0.000,0,1,0,0,0,0,-1,0,0,0,,0,,0,,0,0,0,1
1723722608,387,3,2,8,8,1.997,0,0,0.11 | 0.14 | 0.17,0,1.06 | 1.84 | 2.63,0,1.52 | 2.17 | 3.78,0.593,0.000,0,1,0,0,0,0,-1,0,0,0,,0,,0,,0,0,0,1
1723722608,387,3,2,8,8,1.997,0,0,0.11 | 0.14 | 0.17,0,1.06 | 1.84 | 2.63,0,1.52 | 2.17 | 3.78,0.593,0.000,0,1,0,0,0,0,-1,0,0,0,,0,,0,,0,0,0,1
1723722608,387,3,2,8,8,1.997,0,0,0.11 | 0.14 | 0.17,0,1.06 | 1.84 | 2.63,0,1.52 | 2.17 | 3.78,0.593,0.000,0,1,0,0,0,0,-1,0,0,0,,0,,0,,0,0,0,1
1723722608,387,3,2,8,8,1.997,0,0,0.11 | 0.14 | 0.17,0,1.06 | 1.84 | 2.63,0,1.52 | 2.17 | 3.78,0.593,0.000,0,1,0,0,0,0,-1,0,0,0,,0,,0,,0,0,0,1
1723722608,387,3,2,8,8,1.997,0,0,0.11 | 0.14 | 0.17,0,1.06 | 1.84 | 2.63,0,1.52 | 2.17 | 3.78,0.593,0.000,0,1,0,0,0,0,-1,0,0,0,,0,,0,,0,0,0,1
1723722608,387,3,2,8,8,0.935,0,0,0.11 | 0.14 | 0.17,0,1.06 | 1.84 | 2.63,0,1.52 | 2.17 | 3.78,0.593,0.000,0,1,0,0,0,0,-1,0,0,0,,0,,0,,0,0,0,1
1723722608,387,3,2,8,8,0.935,0,0,0.11 | 0.14 | 0.17,0,1.06 | 1.84 | 2.63,0,1.52 | 2.17 | 3.78,0.593,0.000,0,1,0,0,0,0,-1,0,0,0,,0,,0,,0,0,0,1
1723722608,194,3,1,8,8,0.935,0,0,0.11 | 0.14 | 0.17,0,1.06 | 1.84 | 2.63,0,1.52 | 2.17 | 3.78,0.593,0.000,0,1,0,0,0,0,-1,0,0,0,,0,,0,,0,0,0,1
1723722608,194,3,1,8,8,0.935,0,0,0.11 | 0.14 | 0.17,0,1.06 | 1.84 | 2.63,0,1.52 | 2.17 | 3.78,0.593,0.000,0,1,0,0,0,0,-1,0,0,0,,0,,0,,0,0,0,1
1723722608,194,3,1,8,8,0.935,0,0,0.11 | 0.14 | 0.17,0,1.06 | 1.84 | 2.63,0,1.52 | 2.17 | 3.78,0.593,0.000,0,1,0,0,0,0,-1,0,0,0,,0,,0,,0,0,0,1
1723722609,194,3,1,8,8,0.935,0,0,0.11 | 0.14 | 0.17,0,1.06 | 1.84 | 2.63,0,1.52 | 2.17 | 3.78,0.593,0.000,0,1,0,0,0,0,-1,0,0,0,,0,,0,,0,0,0,1
1723722609,194,3,1,8,8,0.935,0,0,0.11 | 0.14 | 0.17,0,1.06 | 1.84 | 2.63,0,1.52 | 2.17 | 3.78,0.593,0.000,0,1,0,0,0,0,-1,0,0,0,,0,,0,,0,0,0,1
1723722609,194,3,1,8,8,0.935,0,0,0.11 | 0.14 | 0.17,0,1.06 | 1.84 | 2.63,0,1.52 | 2.17 | 3.78,0.593,0.000,0,1,0,0,0,0,-1,0,0,0,,0,,0,,0,0,0,1
1723722609,194,3,1,8,8,0.935,0,0,0.11 | 0.14 | 0.17,0,1.06 | 1.84 | 2.63,0,1.52 | 2.17 | 3.78,0.593,0.000,0,1,0,0,0,0,-1,0,0,0,,0,,0,,0,0,0,1
1723722609,194,2,1,8,8,0.935,0,0,0.11 | 0.14 | 0.17,0,1.06 | 1.84 | 2.63,0,1.52 | 2.17 | 3.78,0.593,0.000,0,1,0,0,0,0,-1,0,0,0,,0,,0,,0,0,0,1
1723722609,194,2,1,8,8,4.672,0,0,0.11 | 0.85 | 2.28,0,1.06 | 2.44 | 3.63,0,1.10 | 1.64 | 3.78,0.597,0.000,0,1,0,0,0,0,-1,0,0,0,,0,,0,,0,0,0,1
1723722609,194,2,1,8,8,4.672,0,0,0.11 | 0.85 | 2.28,0,1.06 | 2.44 | 3.63,0,1.10 | 1.64 | 3.78,0.597,0.000,0,1,0,0,0,0,-1,0,0,0,,0,,0,,0,0,0,1
1723722609,194,2,1,8,8,4.672,0,0,0.11 | 0.85 | 2.28,0,1.06 | 2.44 | 3.63,0,1.10 | 1.64 | 3.78,0.597,0.000,0,1,0,0,0,0,-1,0,0,0,,0,,0,,0,0,0,1
1723722609,194,2,1,8,8,4.672,0,0,0.11 | 0.85 | 2.28,0,1.06 | 2.44 | 3.63,0,1.10 | 1.64 | 3.78,0.597,0.000,0,1,0,0,0,0,-1,0,0,0,,0,,0,,0,0,0,1
1723722609,387,2,2,8,8,4.672,0,0,0.11 | 0.85 | 2.28,0,1.06 | 2.44 | 3.63,0,1.10 | 1.64 | 3.78,0.597,0.000,0,1,0,0,0,0,-1,0,0,0,,0,,0,,0,0,0,1
1723722610,387,2,2,8,8,4.672,0,0,0.11 | 0.85 | 2.28,0,1.06 | 2.44 | 3.63,0,1.10 | 1.64 | 3.78,0.597,0.000,0,1,0,0,0,0,-1,0,0,0,,0,,0,,0,0,0,1
1723722610,387,2,2,8,8,4.672,0,0,0.11 | 0.85 | 2.28,0,1.06 | 2.44 | 3.63,0,1.10 | 1.64 | 3.78,0.597,0.000,0,1,0,0,0,0,-1,0,0,0,,0,,0,,0,0,0,1
1723722610,387,2,2,8,8,4.672,0,0,0.11 | 0.85 | 2.28,0,1.06 | 2.44 | 3.63,0,1.10 | 1.64 | 3.78,0.597,0.000,0,1,0,0,0,0,-1,0,0,0,,0,,0,,0,0,0,1
1723722610,387,2,2,8,8,4.672,0,0,0.11 | 0.85 | 2.28,0,1.06 | 2.44 | 3.63,0,1.10 | 1.64 | 3.78,0.597,0.000,0,1,0,0,0,0,-1,0,0,0,,0,,0,,0,0,0,1
1723722610,387,2,2,8,8,4.672,0,0,0.11 | 0.85 | 2.28,0,1.06 | 2.44 | 3.63,0,1.10 | 1.64 | 3.78,0.597,0.000,0,1,0,0,0,0,-1,0,0,0,,0,,0,,0,0,0,1
1723722610,387,2,2,8,8,6.81,0,0,0.11 | 0.67 | 2.28,0,1.02 | 2.08 | 3.63,0,1.10 | 1.92 | 3.93,0.599,0.000,0,1,0,0,0,0,-1,0,0,0,,0,,0,,0,0,0,1
1723722610,387,2,2,8,8,6.81,0,0,0.11 | 0.67 | 2.28,0,1.02 | 2.08 | 3.63,0,1.10 | 1.92 | 3.93,0.599,0.000,0,1,0,0,0,0,-1,0,0,0,,0,,0,,0,0,0,1
1723722610,387,2,2,8,8,6.81,0,0,0.11 | 0.67 | 2.28,0,1.02 | 2.08 | 3.63,0,1.10 | 1.92 | 3.93,0.599,0.000,0,1,0,0,0,0,-1,0,0,0,,0,,0,,0,0,0,1
1723722610,387,2,2,8,8,6.81,0,0,0.11 | 0.67 | 2.28,0,1.02 | 2.08 | 3.63,0,1.10 | 1.92 | 3.93,0.599,0.000,0,1,0,0,0,0,-1,0,0,0,,0,,0,,0,0,0,1
1723722610,387,2,2,8,8,6.81,0,0,0.11 | 0.67 | 2.28,0,1.02 | 2.08 | 3.63,0,1.10 | 1.92 | 3.93,0.599,0.000,0,1,0,0,0,0,-1,0,0,0,,0,,0,,0,0,0,1
1723722611,387,2,2,8,8,6.81,0,0,0.11 | 0.67 | 2.28,0,1.02 | 2.08 | 3.63,0,1.10 | 1.92 | 3.93,0.599,0.000,0,1,0,0,0,0,-1,0,0,0,,0,,0,,0,0,0,1
1723722611,387,2,2,8,8,6.81,0,0,0.11 | 0.67 | 2.28,0,1.02 | 2.08 | 3.63,0,1.10 | 1.92 | 3.93,0.599,0.000,0,1,0,0,0,0,-1,0,0,0,,0,,0,,0,0,0,1
1723722611,387,2,2,8,8,6.81,0,0,0.11 | 0.67 | 2.28,0,1.02 | 2.08 | 3.63,0,1.10 | 1.92 | 3.93,0.599,0.000,0,1,0,0,0,0,-1,0,0,0,,0,,0,,0,0,0,1
1723722611,387,2,2,8,8,6.81,0,0,0.11 | 0.67 | 2.28,0,1.02 | 2.08 | 3.63,0,1.10 | 1.92 | 3.93,0.599,0.000,0,1,0,0,0,0,-1,0,0,0,,0,,0,,0,0,0,1
1723722611,387,2,2,8,8,6.81,0,0,0.11 | 0.67 | 2.28,0,1.02 | 2.08 | 3.63,0,1.10 | 1.92 | 3.93,0.599,0.000,0,1,0,0,0,0,-1,0,0,0,,0,,0,,0,0,0,1
1723722611,387,2,2,8,8,6.013,0,0,0.11 | 0.67 | 2.28,0,1.02 | 2.08 | 3.63,0,1.10 | 1.92 | 3.93,0.599,0.000,0,1,0,0,0,0,-1,0,0,0,,0,,0,,0,0,0,1
1723722611,387,2,2,8,8,6.013,0,0,0.11 | 0.67 | 2.28,0,1.02 | 2.08 | 3.63,0,1.10 | 1.92 | 3.93,0.599,0.000,0,1,0,0,0,0,-1,0,0,0,,0,,0,,0,0,0,1
1723722611,387,2,2,8,8,6.013,0,0,0.11 | 0.67 | 2.28,0,1.02 | 2.08 | 3.63,0,1.10 | 1.92 | 3.93,0.599,0.000,0,1,0,0,0,0,-1,0,0,0,,0,,0,,0,0,0,1
1723722611,387,2,2,8,8,6.013,0,0,0.11 | 0.67 | 2.28,0,1.02 | 2.08 | 3.63,0,1.10 | 1.92 | 3.93,0.599,0.000,0,1,0,0,0,0,-1,0,0,0,,0,,0,,0,0,0,1
1723722611,387,2,2,8,8,6.013,0,0,0.11 | 0.67 | 2.28,0,1.02 | 2.08 | 3.63,0,1.10 | 1.92 | 3.93,0.599,0.000,0,1,0,0,0,0,-1,0,0,0,,0,,0,,0,0,0,1
1723722612,387,2,2,8,8,6.013,0,0,0.11 | 0.67 | 2.28,0,1.02 | 2.08 | 3.63,0,1.10 | 1.92 | 3.93,0.599,0.000,0,1,0,0,0,0,-1,0,0,0,,0,,0,,0,0,0,1
1723722612,387,2,2,8,8,6.013,0,0,0.11 | 0.67 | 2.28,0,1.02 | 2.08 | 3.63,0,1.10 | 1.92 | 3.93,0.599,0.000,0,1,0,0,0,0,-1,0,0,0,,0,,0,,0,0,0,1
1723722612,387,2,2,8,8,6.013,0,0,0.11 | 0.67 | 2.28,0,1.02 | 2.08 | 3.63,0,1.10 | 1.92 | 3.93,0.599,0.000,0,1,0,0,0,0,-1,0,0,0,,0,,0,,0,0,0,1
1723722612,194,2,1,8,8,6.013,0,0,0.11 | 0.67 | 2.28,0,1.02 | 2.08 | 3.63,0,1.10 | 1.92 | 3.93,0.599,0.000,0,1,0,0,0,0,-1,0,0,0,,0,,0,,0,0,0,1
1723722612,194,2,1,8,8,6.013,0,0,0.11 | 0.67 | 2.28,0,1.02 | 2.08 | 3.63,0,1.10 | 1.92 | 3.93,0.599,0.000,0,1,0,0,0,0,-1,0,0,0,,0,,0,,0,0,0,1
1723722612,194,2,1,8,8,4.854,0,0,0.11 | 0.67 | 2.28,0,1.02 | 1.95 | 3.63,0,1.10 | 2.05 | 3.93,0.580,0.000,0,1,0,0,0,0,-1,0,0,0,,0,,0,,0,0,0,1
1723722612,194,2,1,8,8,4.854,0,0,0.11 | 0.67 | 2.28,0,1.02 | 1.95 | 3.63,0,1.10 | 2.05 | 3.93,0.580,0.000,0,1,0,0,0,0,-1,0,0,0,,0,,0,,0,0,0,1
1723722612,194,2,1,8,8,4.854,0,0,0.11 | 0.67 | 2.28,0,1.02 | 1.95 | 3.63,0,1.10 | 2.05 | 3.93,0.580,0.000,0,1,0,0,0,0,-1,0,0,0,,0,,0,,0,0,0,1
1723722612,194,2,1,8,8,4.854,0,0,0.11 | 0.67 | 2.28,0,1.02 | 1.95 | 3.63,0,1.10 | 2.05 | 3.93,0.580,0.000,0,1,0,0,0,0,-1,0,0,0,,0,,0,,0,0,0,1
1723722612,194,2,1,8,8,4.854,0,0,0.11 | 0.67 | 2.28,0,1.02 | 1.95 | 3.63,0,1.10 | 2.05 | 3.93,0.580,0.000,0,1,0,0,0,0,-1,0,0,0,,0,,0,,0,0,0,1
1723722613,194,2,1,8,8,4.854,0,0,0.11 | 0.67 | 2.28,0,1.02 | 1.95 | 3.63,0,1.10 | 2.05 | 3.93,0.580,0.000,0,1,0,0,0,0,-1,0,0,0,,0,,0,,0,0,0,1
1723722613,194,2,1,8,8,4.854,0,0,0.11 | 0.67 | 2.28,0,1.02 | 1.95 | 3.63,0,1.10 | 2.05 | 3.93,0.580,0.000,0,1,0,0,0,0,-1,0,0,0,,0,,0,,0,0,0,1
1723722613,194,2,1,8,8,4.854,0,0,0.11 | 0.67 | 2.28,0,1.02 | 1.95 | 3.63,0,1.10 | 2.05 | 3.93,0.580,0.000,0,1,0,0,0,0,-1,0,0,0,,0,,0,,0,0,0,1
1723722613,194,2,1,8,8,4.854,0,0,0.11 | 0.67 | 2.28,0,1.02 | 1.95 | 3.63,0,1.10 | 2.05 | 3.93,0.580,0.000,0,1,0,0,0,0,-1,0,0,0,,0,,0,,0,0,0,1
1723722613,194,2,1,8,8,4.854,0,0,0.11 | 0.67 | 2.28,0,1.02 | 1.95 | 3.63,0,1.10 | 2.05 | 3.93,0.580,0.000,0,1,0,0,0,0,-1,0,0,0,,0,,0,,0,0,0,1
1723722613,194,2,1,8,8,3.888,0,0,0.11 | 0.67 | 2.28,0,1.02 | 1.95 | 3.63,0,1.10 | 2.05 | 3.93,0.580,0.000,0,1,0,0,0,0,-1,0,0,0,,0,,0,,0,0,0,1
1723722613,194,2,1,8,8,3.888,0,0,0.11 | 0.67 | 2.28,0,1.02 | 1.95 | 3.63,0,1.10 | 2.05 | 3.93,0.580,0.000,0,1,0,0,0,0,-1,0,0,0,,0,,0,,0,0,0,1
1723722613,194,2,1,8,8,3.888,0,0,0.11 | 0.67 | 2.28,0,1.02 | 1.95 | 3.63,0,1.10 | 2.05 | 3.93,0.580,0.000,0,1,0,0,0,0,-1,0,0,0,,0,,0,,0,0,0,1
1723722613,194,2,1,8,8,3.888,0,0,0.11 | 0.67 | 2.28,0,1.02 | 1.95 | 3.63,0,1.10 | 2.05 | 3.93,0.580,0.000,0,1,0,0,0,0,-1,0,0,0,,0,,0,,0,0,0,1
1723722613,194,2,1,8,8,3.888,0,0,0.11 | 0.67 | 2.28,0,1.02 | 1.95 | 3.63,0,1.10 | 2.05 | 3.93,0.580,0.000,0,1,0,0,0,0,-1,0,0,0,,0,,0,,0,0,0,1
1723722614,194,2,1,8,8,3.888,0,0,0.11 | 0.67 | 2.28,0,1.02 | 1.95 | 3.63,0,1.10 | 2.05 | 3.93,0.580,0.000,0,1,0,0,0,0,-1,0,0,0,,0,,0,,0,0,0,1
1723722614,194,2,1,8,8,3.888,0,0,0.11 | 0.67 | 2.28,0,1.02 | 1.95 | 3.63,0,1.10 | 2.05 | 3.93,0.580,0.000,0,1,0,0,0,0,-1,0,0,0,,0,,0,,0,0,0,1
1723722614,194,2,1,8,8,3.888,0,0,0.11 | 0.67 | 2.28,0,1.02 | 1.95 | 3.63,0,1.10 | 2.05 | 3.93,0.580,0.000,0,1,0,0,0,0,-1,0,0,0,,0,,0,,0,0,0,1
1723722614,194,2,1,8,8,3.888,0,0,0.11 | 0.67 | 2.28,0,1.02 | 1.95 | 3.63,0,1.10 | 2.05 | 3.93,0.580,0.000,0,1,0,0,0,0,-1,0,0,0,,0,,0,,0,0,0,1
1723722614,194,2,1,8,8,3.888,0,0,0.11 | 0.67 | 2.28,0,1.02 | 1.95 | 3.63,0,1.10 | 2.05 | 3.93,0.580,0.000,0,1,0,0,0,0,-1,0,0,0,,0,,0,,0,0,0,1
1723722614,194,2,1,8,8,7.625,0,0,0.11 | 0.65 | 2.28,0,1.02 | 2.06 | 3.63,0,1.10 | 1.94 | 3.93,0.601,0.000,0,1,0,0,0,0,-1,0,0,0,,0,,0,,0,0,0,1
1723722614,194,2,1,8,8,7.625,0,0,0.11 | 0.65 | 2.28,0,1.02 | 2.06 | 3.63,0,1.10 | 1.94 | 3.93,0.601,0.000,0,1,0,0,0,0,-1,0,0,0,,0,,0,,0,0,0,1
1723722614,194,2,1,8,8,7.625,0,0,0.11 | 0.65 | 2.28,0,1.02 | 2.06 | 3.63,0,1.10 | 1.94 | 3.93,0.601,0.000,0,1,0,0,0,0,-1,0,0,0,,0,,0,,0,0,0,1
1723722614,194,2,1,8,8,7.625,0,0,0.11 | 0.65 | 2.28,0,1.02 | 2.06 | 3.63,0,1.10 | 1.94 | 3.93,0.601,0.000,0,1,0,0,0,0,-1,0,0,0,,0,,0,,0,0,0,1
1723722614,194,2,1,8,8,7.625,0,0,0.11 | 0.65 | 2.28,0,1.02 | 2.06 | 3.63,0,1.10 | 1.94 | 3.93,0.601,0.000,0,1,0,0,0,0,-1,0,0,0,,0,,0,,0,0,0,1
1723722615,194,2,1,8,8,7.625,0,0,0.11 | 0.65 | 2.28,0,1.02 | 2.06 | 3.63,0,1.10 | 1.94 | 3.93,0.601,0.000,0,1,0,0,0,0,-1,0,0,0,,0,,0,,0,0,0,1
1723722615,194,2,1,8,8,7.625,0,0,0.11 | 0.65 | 2.28,0,1.02 | 2.06 | 3.63,0,1.10 | 1.94 | 3.93,0.601,0.000,0,1,0,0,0,0,-1,0,0,0,,0,,0,,0,0,0,1
1723722615,194,2,1,8,8,7.625,0,0,0.11 | 0.65 | 2.28,0,1.02 | 2.06 | 3.63,0,1.10 | 1.94 | 3.93,0.601,0.000,0,1,0,0,0,0,-1,0,0,0,,0,,0,,0,0,0,1
1723722615,194,2,1,8,8,7.625,0,0,0.11 | 0.65 | 2.28,0,1.02 | 2.06 | 3.63,0,1.10 | 1.94 | 3.93,0.601,0.000,0,1,0,0,0,0,-1,0,0,0,,0,,0,,0,0,0,1
1723722615,194,2,1,8,8,7.625,0,0,0.11 | 0.65 | 2.28,0,1.02 | 2.06 | 3.63,0,1.10 | 1.94 | 3.93,0.601,0.000,0,1,0,0,0,0,-1,0,0,0,,0,,0,,0,0,0,1
1723722615,194,2,1,8,8,9.849,0,0,0.11 | 0.11 | 0.11,0,1.02 | 1.48 | 2.09,0,1.91 | 2.71 | 3.93,0.601,0.000,0,1,0,0,0,0,-1,0,0,0,,0,,0,,0,0,0,1
1723722615,194,2,1,8,8,9.849,0,0,0.11 | 0.11 | 0.11,0,1.02 | 1.48 | 2.09,0,1.91 | 2.71 | 3.93,0.601,0.000,0,1,0,0,0,0,-1,0,0,0,,0,,0,,0,0,0,1
1723722615,194,2,1,8,8,9.849,0,0,0.11 | 0.11 | 0.11,0,1.02 | 1.48 | 2.09,0,1.91 | 2.71 | 3.93,0.601,0.000,0,1,0,0,0,0,-1,0,0,0,,0,,0,,0,0,0,1
1723722615,194,2,1,8,8,9.849,0,0,0.11 | 0.11 | 0.11,0,1.02 | 1.48 | 2.09,0,1.91 | 2.71 | 3.93,0.601,0.000,0,1,0,0,0,0,-1,0,0,0,,0,,0,,0,0,0,1
1723722615,194,2,1,8,8,9.849,0,0,0.11 | 0.11 | 0.11,0,1.02 | 1.48 | 2.09,0,1.91 | 2.71 | 3.93,0.601,0.000,0,1,0,0,0,0,-1,0,0,0,,0,,0,,0,0,0,1
1723722616,194,2,1,8,8,9.849,0,0,0.11 | 0.11 | 0.11,0,1.02 | 1.48 | 2.09,0,1.91 | 2.71 | 3.93,0.601,0.000,0,1,0,0,0,0,-1,0,0,0,,0,,0,,0,0,0,1
1723722616,194,2,1,8,8,9.849,0,0,0.11 | 0.11 | 0.11,0,1.02 | 1.48 | 2.09,0,1.91 | 2.71 | 3.93,0.601,0.000,0,1,0,0,0,0,-1,0,0,0,,0,,0,,0,0,0,1
1723722616,194,2,1,8,8,9.849,0,0,0.11 | 0.11 | 0.11,0,1.02 | 1.48 | 2.09,0,1.91 | 2.71 | 3.93,0.601,0.000,0,1,0,0,0,0,-1,0,0,0,,0,,0,,0,0,0,1
1723722616,194,2,1,8,8,9.849,0,0,0.11 | 0.11 | 0.11,0,1.02 | 1.48 | 2.09,0,1.91 | 2.71 | 3.93,0.601,0.000,0,1,0,0,0,0,-1,0,0,0,,0,,0,,0,0,0,1
1723722616,194,2,1,8,8,9.849,0,0,0.11 | 0.11 | 0.11,0,1.02 | 1.48 | 2.09,0,1.91 | 2.71 | 3.93,0.601,0.000,0,1,0,0,0,0,-1,0,0,0,,0,,0,,0,0,0,1
1723722616,194,2,1,8,8,8.935,0,0,0.11 | 0.11 | 0.11,0,1.02 | 1.48 | 2.09,0,1.91 | 2.71 | 3.93,0.601,0.000,0,1,0,0,0,0,-1,0,0,0,,0,,0,,0,0,0,1
1723722616,194,2,1,8,8,8.935,0,0,0.11 | 0.11 | 0.11,0,1.02 | 1.48 | 2.09,0,1.91 | 2.71 | 3.93,0.601,0.000,0,1,0,0,0,0,-1,0,0,0,,0,,0,,0,0,0,1
1723722616,194,2,1,8,8,8.935,0,0,0.11 | 0.11 | 0.11,0,1.02 | 1.48 | 2.09,0,1.91 | 2.71 | 3.93,0.601,0.000,0,1,0,0,0,0,-1,0,0,0,,0,,0,,0,0,0,1
1723722616,194,2,1,8,8,8.935,0,0,0.11 | 0.11 | 0.11,0,1.02 | 1.48 | 2.09,0,1.91 | 2.71 | 3.93,0.601,0.000,0,1,0,0,0,0,-1,0,0,0,,0,,0,,0,0,0,1
1723722616,194,2,1,8,8,8.935,0,0,0.11 | 0.11 | 0.11,0,1.02 | 1.48 | 2.09,0,1.91 | 2.71 | 3.93,0.601,0.000,0,1,0,0,0,0,-1,0,0,0,,0,,0,,0,0,0,1
1723722617,194,2,1,8,8,8.935,0,0,0.11 | 0.11 | 0.11,0,1.02 | 1.48 | 2.09,0,1.91 | 2.71 | 3.93,0.601,0.000,0,1,0,0,0,0,-1,0,0,0,,0,,0,,0,0,0,1
1723722617,194,2,1,8,8,8.935,0,0,0.11 | 0.11 | 0.11,0,1.02 | 1.48 | 2.09,0,1.91 | 2.71 | 3.93,0.601,0.000,0,1,0,0,0,0,-1,0,0,0,,0,,0,,0,0,0,1
1723722617,194,2,1,8,8,8.935,0,0,0.11 | 0.11 | 0.11,0,1.02 | 1.48 | 2.09,0,1.91 | 2.71 | 3.93,0.601,0.000,0,1,0,0,0,0,-1,0,0,0,,0,,0,,0,0,0,1
1723722617,194,2,1,8,8,8.935,0,0,0.11 | 0.11 | 0.11,0,1.02 | 1.48 | 2.09,0,1.91 | 2.71 | 3.93,0.601,0.000,0,1,0,0,0,0,-1,0,0,0,,0,,0,,0,0,0,1
1723722617,194,1,1,8,8,8.935,0,0,0.11 | 0.11 | 0.11,0,1.02 | 1.48 | 2.09,0,1.91 | 2.71 | 3.93,0.601,0.000,0,1,0,0,0,0,-1,0,0,0,,0,,0,,0,0,0,1
1723722617,194,1,1,8,8,12.672,0,0,0.11 | 0.11 | 0.12,0,1.31 | 1.56 | 2.09,0,1.91 | 2.57 | 3.04,0.612,0.000,0,1,0,0,0,0,-1,0,0,0,,0,,0,,0,0,0,1
1723722617,194,1,1,8,8,12.672,0,0,0.11 | 0.11 | 0.12,0,1.31 | 1.56 | 2.09,0,1.91 | 2.57 | 3.04,0.612,0.000,0,1,0,0,0,0,-1,0,0,0,,0,,0,,0,0,0,1
1723722617,194,1,1,8,8,12.672,0,0,0.11 | 0.11 | 0.12,0,1.31 | 1.56 | 2.09,0,1.91 | 2.57 | 3.04,0.612,0.000,0,1,0,0,0,0,-1,0,0,0,,0,,0,,0,0,0,1
1723722617,194,1,1,8,8,12.672,0,0,0.11 | 0.11 | 0.12,0,1.31 | 1.56 | 2.09,0,1.91 | 2.57 | 3.04,0.612,0.000,0,1,0,0,0,0,-1,0,0,0,,0,,0,,0,0,0,1
1723722617,194,1,1,8,8,12.672,0,0,0.11 | 0.11 | 0.12,0,1.31 | 1.56 | 2.09,0,1.91 | 2.57 | 3.04,0.612,0.000,0,1,0,0,0,0,-1,0,0,0,,0,,0,,0,0,0,1
1723722618,194,1,1,8,8,12.672,0,0,0.11 | 0.11 | 0.12,0,1.31 | 1.56 | 2.09,0,1.91 | 2.57 | 3.04,0.612,0.000,0,1,0,0,0,0,-1,0,0,0,,0,,0,,0,0,0,1
1723722618,194,1,1,8,8,12.672,0,0,0.11 | 0.11 | 0.12,0,1.31 | 1.56 | 2.09,0,1.91 | 2.57 | 3.04,0.612,0.000,0,1,0,0,0,0,-1,0,0,0,,0,,0,,0,0,0,1
1723722618,194,1,1,8,8,12.672,0,0,0.11 | 0.11 | 0.12,0,1.31 | 1.56 | 2.09,0,1.91 | 2.57 | 3.04,0.612,0.000,0,1,0,0,0,0,-1,0,0,0,,0,,0,,0,0,0,1
1723722618,194,1,1,8,8,12.672,0,0,0.11 | 0.11 | 0.12,0,1.31 | 1.56 | 2.09,0,1.91 | 2.57 | 3.04,0.612,0.000,0,1,0,0,0,0,-1,0,0,0,,0,,0,,0,0,0,1
1723722618,194,1,1,8,8,12.672,0,0,0.11 | 0.11 | 0.12,0,1.31 | 1.56 | 2.09,0,1.91 | 2.57 | 3.04,0.612,0.000,0,1,0,0,0,0,-1,0,0,0,,0,,0,,0,0,0,1
1723722618,194,1,1,8,8,11.609,0,0,0.11 | 0.11 | 0.12,0,1.31 | 1.56 | 2.09,0,1.91 | 2.57 | 3.04,0.612,0.000,0,1,0,0,0,0,-1,0,0,0,,0,,0,,0,0,0,1
1723722618,194,1,1,8,8,11.609,0,0,0.11 | 0.11 | 0.12,0,1.31 | 1.56 | 2.09,0,1.91 | 2.57 | 3.04,0.612,0.000,0,1,0,0,0,0,-1,0,0,0,,0,,0,,0,0,0,1
1723722618,194,1,1,8,8,11.609,0,0,0.11 | 0.11 | 0.12,0,1.31 | 1.56 | 2.09,0,1.91 | 2.57 | 3.04,0.612,0.000,0,1,0,0,0,0,-1,0,0,0,,0,,0,,0,0,0,1
1723722618,194,1,1,8,8,11.609,0,0,0.11 | 0.11 | 0.12,0,1.31 | 1.56 | 2.09,0,1.91 | 2.57 | 3.04,0.612,0.000,0,1,0,0,0,0,-1,0,0,0,,0,,0,,0,0,0,1
1723722618,194,1,1,8,8,11.609,0,0,0.11 | 0.11 | 0.12,0,1.31 | 1.56 | 2.09,0,1.91 | 2.57 | 3.04,0.612,0.000,0,1,0,0,0,0,-1,0,0,0,,0,,0,,0,0,0,1
1723722619,194,1,1,8,8,11.609,0,0,0.11 | 0.11 | 0.12,0,1.31 | 1.56 | 2.09,0,1.91 | 2.57 | 3.04,0.612,0.000,0,1,0,0,0,0,-1,0,0,0,,0,,0,,0,0,0,1
1723722619,194,1,1,8,8,11.609,0,0,0.11 | 0.11 | 0.12,0,1.31 | 1.56 | 2.09,0,1.91 | 2.57 | 3.04,0.612,0.000,0,1,0,0,0,0,-1,0,0,0,,0,,0,,0,0,0,1
1723722619,194,1,1,8,8,11.609,0,0,0.11 | 0.11 | 0.12,0,1.31 | 1.56 | 2.09,0,1.91 | 2.57 | 3.04,0.612,0.000,0,1,0,0,0,0,-1,0,0,0,,0,,0,,0,0,0,1
1723722619,194,1,1,8,8,11.609,0,0,0.11 | 0.11 | 0.12,0,1.31 | 1.56 | 2.09,0,1.91 | 2.57 | 3.04,0.612,0.000,0,1,0,0,0,0,-1,0,0,0,,0,,0,,0,0,0,1
1723722619,194,1,1,8,8,11.609,0,0,0.11 | 0.11 | 0.12,0,1.31 | 1.56 | 2.09,0,1.91 | 2.57 | 3.04,0.612,0.000,0,1,0,0,0,0,-1,0,0,0,,0,,0,,0,0,0,1
1723722619,194,1,1,8,8,10.813,0,0,0.11 | 0.11 | 0.12,0,1.31 | 1.56 | 2.09,0,1.91 | 2.57 | 3.04,0.612,0.000,0,1,0,0,0,0,-1,0,0,0,,0,,0,,0,0,0,1
1723722619,194,1,1,8,8,10.813,0,0,0.11 | 0.11 | 0.12,0,1.31 | 1.56 | 2.09,0,1.91 | 2.57 | 3.04,0.612,0.000,0,1,0,0,0,0,-1,0,0,0,,0,,0,,0,0,0,1
1723722619,194,1,1,8,8,10.813,0,0,0.11 | 0.11 | 0.12,0,1.31 | 1.56 | 2.09,0,1.91 | 2.57 | 3.04,0.612,0.000,0,1,0,0,0,0,-1,0,0,0,,0,,0,,0,0,0,1
1723722619,194,1,1,8,8,10.813,0,0,0.11 | 0.11 | 0.12,0,1.31 | 1.56 | 2.09,0,1.91 | 2.57 | 3.04,0.612,0.000,0,1,0,0,0,0,-1,0,0,0,,0,,0,,0,0,0,1
1723722619,194,1,1,8,8,10.813,0,0,0.11 | 0.11 | 0.12,0,1.31 | 1.56 | 2.09,0,1.91 | 2.57 | 3.04,0.612,0.000,0,1,0,0,0,0,-1,0,0,0,,0,,0,,0,0,0,1
1723722620,194,1,1,8,8,10.813,0,0,0.11 | 0.11 | 0.12,0,1.31 | 1.56 | 2.09,0,1.91 | 2.57 | 3.04,0.612,0.000,0,1,0,0,0,0,-1,0,0,0,,0,,0,,0,0,0,1
1723722620,194,1,1,8,8,10.813,0,0,0.11 | 0.11 | 0.12,0,1.31 | 1.56 | 2.09,0,1.91 | 2.57 | 3.04,0.612,0.000,0,1,0,0,0,0,-1,0,0,0,,0,,0,,0,0,0,1
1723722620,194,1,1,8,8,10.813,0,0,0.11 | 0.11 | 0.12,0,1.31 | 1.56 | 2.09,0,1.91 | 2.57 | 3.04,0.612,0.000,0,1,0,0,0,0,-1,0,0,0,,0,,0,,0,0,0,1
1723722620,194,1,1,8,8,10.813,0,0,0.11 | 0.11 | 0.12,0,1.31 | 1.56 | 2.09,0,1.91 | 2.57 | 3.04,0.612,0.000,0,1,0,0,0,0,-1,0,0,0,,0,,0,,0,0,0,1
1723722620,194,1,1,8,8,10.813,0,0,0.11 | 0.11 | 0.12,0,1.31 | 1.56 | 2.09,0,1.91 | 2.57 | 3.04,0.612,0.000,0,1,0,0,0,0,-1,0,0,0,,0,,0,,0,0,0,1
1723722620,194,1,1,8,8,12.95,0,0,0.11 | 0.11 | 0.12,0,1.09 | 1.31 | 1.49,0,2.69 | 3.06 | 3.68,0.614,0.000,0,1,0,0,0,0,-1,0,0,0,,0,,0,,0,0,0,1
1723722620,194,1,1,8,8,12.95,0,0,0.11 | 0.11 | 0.12,0,1.09 | 1.31 | 1.49,0,2.69 | 3.06 | 3.68,0.614,0.000,0,1,0,0,0,0,-1,0,0,0,,0,,0,,0,0,0,1
1723722620,194,1,1,8,8,12.95,0,0,0.11 | 0.11 | 0.12,0,1.09 | 1.31 | 1.49,0,2.69 | 3.06 | 3.68,0.614,0.000,0,1,0,0,0,0,-1,0,0,0,,0,,0,,0,0,0,1
1723722620,194,1,1,8,8,12.95,0,0,0.11 | 0.11 | 0.12,0,1.09 | 1.31 | 1.49,0,2.69 | 3.06 | 3.68,0.614,0.000,0,1,0,0,0,0,-1,0,0,0,,0,,0,,0,0,0,1
1723722620,194,1,1,8,8,12.95,0,0,0.11 | 0.11 | 0.12,0,1.09 | 1.31 | 1.49,0,2.69 | 3.06 | 3.68,0.614,0.000,0,1,0,0,0,0,-1,0,0,0,,0,,0,,0,0,0,1
1723722621,194,1,1,8,8,12.95,0,0,0.11 | 0.11 | 0.12,0,1.09 | 1.31 | 1.49,0,2.69 | 3.06 | 3.68,0.614,0.000,0,1,0,0,0,0,-1,0,0,0,,0,,0,,0,0,0,1
1723722621,194,1,1,8,8,12.95,0,0,0.11 | 0.11 | 0.12,0,1.09 | 1.31 | 1.49,0,2.69 | 3.06 | 3.68,0.614,0.000,0,1,0,0,0,0,-1,0,0,0,,0,,0,,0,0,0,1
1723722621,194,1,1,8,8,12.95,0,0,0.11 | 0.11 | 0.12,0,1.09 | 1.31 | 1.49,0,2.69 | 3.06 | 3.68,0.614,0.000,0,1,0,0,0,0,-1,0,0,0,,0,,0,,0,0,0,1
1723722621,194,1,1,8,8,12.95,0,0,0.11 | 0.11 | 0.12,0,1.09 | 1.31 | 1.49,0,2.69 | 3.06 | 3.68,0.614,0.000,0,1,0,0,0,0,-1,0,0,0,,0,,0,,0,0,0,1
1723722621,194,1,1,8,8,12.95,0,0,0.11 | 0.11 | 0.12,0,1.09 | 1.31 | 1.49,0,2.69 | 3.06 | 3.68,0.614,0.000,0,1,0,0,0,0,-1,0,0,0,,0,,0,,0,0,0,1
1723722621,194,1,1,8,8,11.888,0,0,0.11 | 0.11 | 0.12,0,1.09 | 1.31 | 1.49,0,2.69 | 3.06 | 3.68,0.614,0.000,0,1,0,0,0,0,-1,0,0,0,,0,,0,,0,0,0,1
1723722621,194,1,1,8,8,11.888,0,0,0.11 | 0.11 | 0.12,0,1.09 | 1.31 | 1.49,0,2.69 | 3.06 | 3.68,0.614,0.000,0,1,0,0,0,0,-1,0,0,0,,0,,0,,0,0,0,1
1723722621,194,1,1,8,8,11.888,0,0,0.11 | 0.11 | 0.12,0,1.09 | 1.31 | 1.49,0,2.69 | 3.06 | 3.68,0.614,0.000,0,1,0,0,0,0,-1,0,0,0,,0,,0,,0,0,0,1
1723722621,194,1,1,8,8,11.888,0,0,0.11 | 0.11 | 0.12,0,1.09 | 1.31 | 1.49,0,2.69 | 3.06 | 3.68,0.614,0.000,0,1,0,0,0,0,-1,0,0,0,,0,,0,,0,0,0,1
1723722621,194,1,1,8,8,11.888,0,0,0.11 | 0.11 | 0.12,0,1.09 | 1.31 | 1.49,0,2.69 | 3.06 | 3.68,0.614,0.000,0,1,0,0,0,0,-1,0,0,0,,0,,0,,0,0,0,1
1723722622,194,1,1,8,8,11.888,0,0,0.11 | 0.11 | 0.12,0,1.09 | 1.31 | 1.49,0,2.69 | 3.06 | 3.68,0.614,0.000,0,1,0,0,0,0,-1,0,0,0,,0,,0,,0,0,0,1
1723722622,194,1,1,8,8,11.888,0,0,0.11 | 0.11 | 0.12,0,1.09 | 1.31 | 1.49,0,2.69 | 3.06 | 3.68,0.614,0.000,0,1,0,0,0,0,-1,0,0,0,,0,,0,,0,0,0,1
1723722622,194,1,1,8,8,11.888,0,0,0.11 | 0.11 | 0.12,0,1.09 | 1.31 | 1.49,0,2.69 | 3.06 | 3.68,0.614,0.000,0,1,0,0,0,0,-1,0,0,0,,0,,0,,0,0,0,1
1723722622,194,1,1,8,8,11.888,0,0,0.11 | 0.11 | 0.12,0,1.09 | 1.31 | 1.49,0,2.69 | 3.06 | 3.68,0.614,0.000,0,1,0,0,0,0,-1,0,0,0,,0,,0,,0,0,0,1
1723722622,194,1,1,8,8,11.888,0,0,0.11 | 0.11 | 0.12,0,1.09 | 1.31 | 1.49,0,2.69 | 3.06 | 3.68,0.614,0.000,0,1,0,0,0,0,-1,0,0,0,,0,,0,,0,0,0,1
1723722622,194,1,1,8,8,10.825,0,0,0.11 | 0.11 | 0.12,0,1.09 | 1.31 | 1.49,0,2.69 | 3.06 | 3.68,0.614,0.000,0,1,0,0,0,0,-1,0,0,0,,0,,0,,0,0,0,1
1723722622,194,1,1,8,8,10.825,0,0,0.11 | 0.11 | 0.12,0,1.09 | 1.31 | 1.49,0,2.69 | 3.06 | 3.68,0.614,0.000,0,1,0,0,0,0,-1,0,0,0,,0,,0,,0,0,0,1
1723722622,194,1,1,8,8,10.825,0,0,0.11 | 0.11 | 0.12,0,1.09 | 1.31 | 1.49,0,2.69 | 3.06 | 3.68,0.614,0.000,0,1,0,0,0,0,-1,0,0,0,,0,,0,,0,0,0,1
1723722622,194,1,1,8,8,10.825,0,0,0.11 | 0.11 | 0.12,0,1.09 | 1.31 | 1.49,0,2.69 | 3.06 | 3.68,0.614,0.000,0,1,0,0,0,0,-1,0,0,0,,0,,0,,0,0,0,1
1723722622,194,1,1,8,8,10.825,0,0,0.11 | 0.11 | 0.12,0,1.09 | 1.31 | 1.49,0,2.69 | 3.06 | 3.68,0.614,0.000,0,1,0,0,0,0,-1,0,0,0,,0,,0,,0,0,0,1
1723722623,194,1,1,8,8,10.825,0,0,0.11 | 0.11 | 0.12,0,1.09 | 1.31 | 1.49,0,2.69 | 3.06 | 3.68,0.614,0.000,0,1,0,0,0,0,-1,0,0,0,,0,,0,,0,0,0,1
1723722623,194,1,1,8,8,10.825,0,0,0.11 | 0.11 | 0.12,0,1.09 | 1.31 | 1.49,0,2.69 | 3.06 | 3.68,0.614,0.000,0,1,0,0,0,0,-1,0,0,0,,0,,0,,0,0,0,1
1723722623,194,1,1,8,8,10.825,0,0,0.11 | 0.11 | 0.12,0,1.09 | 1.31 | 1.49,0,2.69 | 3.06 | 3.68,0.614,0.000,0,1,0,0,0,0,-1,0,0,0,,0,,0,,0,0,0,1
1723722623,194,1,1,8,8,10.825,0,0,0.11 | 0.11 | 0.12,0,1.09 | 1.31 | 1.49,0,2.69 | 3.06 | 3.68,0.614,0.000,0,1,0,0,0,0,-1,0,0,0,,0,,0,,0,0,0,1
1723722623,194,1,1,8,8,10.825,0,0,0.11 | 0.11 | 0.12,0,1.09 | 1.31 | 1.49,0,2.69 | 3.06 | 3.68,0.614,0.000,0,1,0,0,0,0,-1,0,0,0,,0,,0,,0,0,0,1
1723722623,194,1,1,8,8,14.829,0,0,0.11 | 0.11 | 0.12,0,1.09 | 1.31 | 1.48,0,2.70 | 3.06 | 3.68,0.614,0.000,0,1,0,0,0,0,-1,0,0,0,,0,,0,,0,0,0,1
1723722623,194,1,1,8,8,14.829,0,0,0.11 | 0.11 | 0.12,0,1.09 | 1.31 | 1.48,0,2.70 | 3.06 | 3.68,0.614,0.000,0,1,0,0,0,0,-1,0,0,0,,0,,0,,0,0,0,1
1723722623,194,1,1,8,8,14.829,0,0,0.11 | 0.11 | 0.12,0,1.09 | 1.31 | 1.48,0,2.70 | 3.06 | 3.68,0.614,0.000,0,1,0,0,0,0,-1,0,0,0,,0,,0,,0,0,0,1
1723722623,194,1,1,8,8,14.829,0,0,0.11 | 0.11 | 0.12,0,1.09 | 1.31 | 1.48,0,2.70 | 3.06 | 3.68,0.614,0.000,0,1,0,0,0,0,-1,0,0,0,,0,,0,,0,0,0,1
1723722623,194,1,1,8,8,14.829,0,0,0.11 | 0.11 | 0.12,0,1.09 | 1.31 | 1.48,0,2.70 | 3.06 | 3.68,0.614,0.000,0,1,0,0,0,0,-1,0,0,0,,0,,0,,0,0,0,1
1723722624,194,1,1,8,8,14.829,0,0,0.11 | 0.11 | 0.12,0,1.09 | 1.31 | 1.48,0,2.70 | 3.06 | 3.68,0.614,0.000,0,1,0,0,0,0,-1,0,0,0,,0,,0,,0,0,0,1
1723722624,194,1,1,8,8,14.829,0,0,0.11 | 0.11 | 0.12,0,1.09 | 1.31 | 1.48,0,2.70 | 3.06 | 3.68,0.614,0.000,0,1,0,0,0,0,-1,0,0,0,,0,,0,,0,0,0,1
1723722624,194,1,1,8,8,14.829,0,0,0.11 | 0.11 | 0.12,0,1.09 | 1.31 | 1.48,0,2.70 | 3.06 | 3.68,0.614,0.000,0,1,0,0,0,0,-1,0,0,0,,0,,0,,0,0,0,1
1723722624,194,1,1,8,8,14.829,0,0,0.11 | 0.11 | 0.12,0,1.09 | 1.31 | 1.48,0,2.70 | 3.06 | 3.68,0.614,0.000,0,1,0,0,0,0,-1,0,0,0,,0,,0,,0,0,0,1
1723722624,194,1,1,8,8,14.829,0,0,0.11 | 0.11 | 0.12,0,1.09 | 1.31 | 1.48,0,2.70 | 3.06 | 3.68,0.614,0.000,0,1,0,0,0,0,-1,0,0,0,,0,,0,,0,0,0,1
1723722624,194,1,1,8,8,13.766,0,0,0.11 | 0.11 | 0.12,0,1.09 | 1.31 | 1.48,0,2.70 | 3.06 | 3.68,0.614,0.000,0,1,0,0,0,0,-1,0,0,0,,0,,0,,0,0,0,1
1723722624,194,1,1,8,8,13.766,0,0,0.11 | 0.11 | 0.12,0,1.09 | 1.31 | 1.48,0,2.70 | 3.06 | 3.68,0.614,0.000,0,1,0,0,0,0,-1,0,0,0,,0,,0,,0,0,0,1
1723722624,194,1,1,8,8,13.766,0,0,0.11 | 0.11 | 0.12,0,1.09 | 1.31 | 1.48,0,2.70 | 3.06 | 3.68,0.614,0.000,0,1,0,0,0,0,-1,0,0,0,,0,,0,,0,0,0,1
1723722624,194,1,1,8,8,13.766,0,0,0.11 | 0.11 | 0.12,0,1.09 | 1.31 | 1.48,0,2.70 | 3.06 | 3.68,0.614,0.000,0,1,0,0,0,0,-1,0,0,0,,0,,0,,0,0,0,1
1723722624,194,1,1,8,8,13.766,0,0,0.11 | 0.11 | 0.12,0,1.09 | 1.31 | 1.48,0,2.70 | 3.06 | 3.68,0.614,0.000,0,1,0,0,0,0,-1,0,0,0,,0,,0,,0,0,0,1
1723722625,194,1,1,8,8,13.766,0,0,0.11 | 0.11 | 0.12,0,1.09 | 1.31 | 1.48,0,2.70 | 3.06 | 3.68,0.614,0.000,0,1,0,0,0,0,-1,0,0,0,,0,,0,,0,0,0,1
1723722625,194,1,1,8,8,13.766,0,0,0.11 | 0.11 | 0.12,0,1.09 | 1.31 | 1.48,0,2.70 | 3.06 | 3.68,0.614,0.000,0,1,0,0,0,0,-1,0,0,0,,0,,0,,0,0,0,1
1723722625,194,1,1,8,8,13.766,0,0,0.11 | 0.11 | 0.12,0,1.09 | 1.31 | 1.48,0,2.70 | 3.06 | 3.68,0.614,0.000,0,1,0,0,0,0,-1,0,0,0,,0,,0,,0,0,0,1
1723722625,194,1,1,8,8,13.766,0,0,0.11 | 0.11 | 0.12,0,1.09 | 1.31 | 1.48,0,2.70 | 3.06 | 3.68,0.614,0.000,0,1,0,0,0,0,-1,0,0,0,,0,,0,,0,0,0,1
1723722625,194,1,1,8,8,13.766,0,0,0.11 | 0.11 | 0.12,0,1.09 | 1.31 | 1.48,0,2.70 | 3.06 | 3.68,0.614,0.000,0,1,0,0,0,0,-1,0,0,0,,0,,0,,0,0,0,1
1723722625,194,1,1,8,8,12.704,0,0,0.11 | 0.11 | 0.12,0,1.09 | 1.31 | 1.48,0,2.70 | 3.06 | 3.68,0.614,0.000,0,1,0,0,0,0,-1,0,0,0,,0,,0,,0,0,0,1
1723722625,194,1,1,8,8,12.704,0,0,0.11 | 0.11 | 0.12,0,1.09 | 1.31 | 1.48,0,2.70 | 3.06 | 3.68,0.614,0.000,0,1,0,0,0,0,-1,0,0,0,,0,,0,,0,0,0,1
1723722625,194,1,1,8,8,12.704,0,0,0.11 | 0.11 | 0.12,0,1.09 | 1.31 | 1.48,0,2.70 | 3.06 | 3.68,0.614,0.000,0,1,0,0,0,0,-1,0,0,0,,0,,0,,0,0,0,1
1723722625,194,1,1,8,8,12.704,0,0,0.11 | 0.11 | 0.12,0,1.09 | 1.31 | 1.48,0,2.70 | 3.06 | 3.68,0.614,0.000,0,1,0,0,0,0,-1,0,0,0,,0,,0,,0,0,0,1
1723722625,194,1,1,8,8,12.704,0,0,0.11 | 0.11 | 0.12,0,1.09 | 1.31 | 1.48,0,2.70 | 3.06 | 3.68,0.614,0.000,0,1,0,0,0,0,-1,0,0,0,,0,,0,,0,0,0,1
1723722626,194,1,1,8,8,12.704,0,0,0.11 | 0.11 | 0.12,0,1.09 | 1.31 | 1.48,0,2.70 | 3.06 | 3.68,0.614,0.000,0,1,0,0,0,0,-1,0,0,0,,0,,0,,0,0,0,1
1723722626,194,1,1,8,8,12.704,0,0,0.11 | 0.11 | 0.12,0,1.09 | 1.31 | 1.48,0,2.70 | 3.06 | 3.68,0.614,0.000,0,1,0,0,0,0,-1,0,0,0,,0,,0,,0,0,0,1
1723722626,194,1,1,8,8,12.704,0,0,0.11 | 0.11 | 0.12,0,1.09 | 1.31 | 1.48,0,2.70 | 3.06 | 3.68,0.614,0.000,0,1,0,0,0,0,-1,0,0,0,,0,,0,,0,0,0,1
1723722626,194,1,1,8,8,12.704,0,0,0.11 | 0.11 | 0.12,0,1.09 | 1.31 | 1.48,0,2.70 | 3.06 | 3.68,0.614,0.000,0,1,0,0,0,0,-1,0,0,0,,0,,0,,0,0,0,1
1723722626,194,1,1,8,8,12.704,0,0,0.11 | 0.11 | 0.12,0,1.09 | 1.31 | 1.48,0,2.70 | 3.06 | 3.68,0.614,0.000,0,1,0,0,0,0,-1,0,0,0,,0,,0,,0,0,0,1
1723722626,194,1,1,8,8,11.641,0,0,0.11 | 0.11 | 0.12,0,1.09 | 1.31 | 1.48,0,2.70 | 3.06 | 3.68,0.614,0.000,0,1,0,0,0,0,-1,0,0,0,,0,,0,,0,0,0,1
1723722626,194,1,1,8,8,11.641,0,0,0.11 | 0.11 | 0.12,0,1.09 | 1.31 | 1.48,0,2.70 | 3.06 | 3.68,0.614,0.000,0,1,0,0,0,0,-1,0,0,0,,0,,0,,0,0,0,1
1723722626,194,1,1,8,8,11.641,0,0,0.11 | 0.11 | 0.12,0,1.09 | 1.31 | 1.48,0,2.70 | 3.06 | 3.68,0.614,0.000,0,1,0,0,0,0,-1,0,0,0,,0,,0,,0,0,0,1
1723722626,194,1,1,8,8,11.641,0,0,0.11 | 0.11 | 0.12,0,1.09 | 1.31 | 1.48,0,2.70 | 3.06 | 3.68,0.614,0.000,0,1,0,0,0,0,-1,0,0,0,,0,,0,,0,0,0,1
1723722626,194,1,1,8,8,11.641,0,0,0.11 | 0.11 | 0.12,0,1.09 | 1.31 | 1.48,0,2.70 | 3.06 | 3.68,0.614,0.000,0,1,0,0,0,0,-1,0,0,0,,0,,0,,0,0,0,1
1723722627,194,1,1,8,8,11.641,0,0,0.11 | 0.11 | 0.12,0,1.09 | 1.31 | 1.48,0,2.70 | 3.06 | 3.68,0.614,0.000,0,1,0,0,0,0,-1,0,0,0,,0,,0,,0,0,0,1
1723722627,194,1,1,8,8,11.641,0,0,0.11 | 0.11 | 0.12,0,1.09 | 1.31 | 1.48,0,2.70 | 3.06 | 3.68,0.614,0.000,0,1,0,0,0,0,-1,0,0,0,,0,,0,,0,0,0,1
1723722627,194,1,1,8,8,11.641,0,0,0.11 | 0.11 | 0.12,0,1.09 | 1.31 | 1.48,0,2.70 | 3.06 | 3.68,0.614,0.000,0,1,0,0,0,0,-1,0,0,0,,0,,0,,0,0,0,1
1723722627,194,1,1,8,8,11.641,0,0,0.11 | 0.11 | 0.12,0,1.09 | 1.31 | 1.48,0,2.70 | 3.06 | 3.68,0.614,0.000,0,1,0,0,0,0,-1,0,0,0,,0,,0,,0,0,0,1
1723722627,194,1,1,8,8,11.641,0,0,0.11 | 0.11 | 0.12,0,1.09 | 1.31 | 1.48,0,2.70 | 3.06 | 3.68,0.614,0.000,0,1,0,0,0,0,-1,0,0,0,,0,,0,,0,0,0,1
1723722627,194,1,1,8,8,10.844,0,0,0.11 | 0.11 | 0.12,0,1.09 | 1.31 | 1.48,0,2.70 | 3.06 | 3.68,0.614,0.000,0,1,0,0,0,0,-1,0,0,0,,0,,0,,0,0,0,1
1723722627,194,1,1,8,8,10.844,0,0,0.11 | 0.11 | 0.12,0,1.09 | 1.31 | 1.48,0,2.70 | 3.06 | 3.68,0.614,0.000,0,1,0,0,0,0,-1,0,0,0,,0,,0,,0,0,0,1
1723722627,194,1,1,8,8,10.844,0,0,0.11 | 0.11 | 0.12,0,1.09 | 1.31 | 1.48,0,2.70 | 3.06 | 3.68,0.614,0.000,0,1,0,0,0,0,-1,0,0,0,,0,,0,,0,0,0,1
1723722627,194,1,1,8,8,10.844,0,0,0.11 | 0.11 | 0.12,0,1.09 | 1.31 | 1.48,0,2.70 | 3.06 | 3.68,0.614,0.000,0,1,0,0,0,0,-1,0,0,0,,0,,0,,0,0,0,1
1723722627,194,1,1,8,8,10.844,0,0,0.11 | 0.11 | 0.12,0,1.09 | 1.31 | 1.48,0,2.70 | 3.06 | 3.68,0.614,0.000,0,1,0,0,0,0,-1,0,0,0,,0,,0,,0,0,0,1
1723722628,194,1,1,8,8,10.844,0,0,0.11 | 0.11 | 0.12,0,1.09 | 1.31 | 1.48,0,2.70 | 3.06 | 3.68,0.614,0.000,0,1,0,0,0,0,-1,0,0,0,,0,,0,,0,0,0,1
1723722628,194,1,1,8,8,10.844,0,0,0.11 | 0.11 | 0.12,0,1.09 | 1.31 | 1.48,0,2.70 | 3.06 | 3.68,0.614,0.000,0,1,0,0,0,0,-1,0,0,0,,0,,0,,0,0,0,1
1723722628,194,1,1,8,8,10.844,0,0,0.11 | 0.11 | 0.12,0,1.09 | 1.31 | 1.48,0,2.70 | 3.06 | 3.68,0.614,0.000,0,1,0,0,0,0,-1,0,0,0,,0,,0,,0,0,0,1
1723722628,194,1,1,8,8,10.844,0,0,0.11 | 0.11 | 0.12,0,1.09 | 1.31 | 1.48,0,2.70 | 3.06 | 3.68,0.614,0.000,0,1,0,0,0,0,-1,0,0,0,,0,,0,,0,0,0,1
1723722628,194,1,1,8,8,10.844,0,0,0.11 | 0.11 | 0.12,0,1.09 | 1.31 | 1.48,0,2.70 | 3.06 | 3.68,0.614,0.000,0,1,0,0,0,0,-1,0,0,0,,0,,0,,0,0,0,1
1723722628,194,1,1,8,8,12.904,0,0,0.11 | 0.15 | 0.26,0,1.09 | 1.40 | 1.67,0,2.39 | 2.87 | 3.68,0.560,0.000,0,1,0,0,0,0,-1,0,0,0,,0,,0,,0,0,0,1
1723722628,194,1,1,8,8,12.904,0,0,0.11 | 0.15 | 0.26,0,1.09 | 1.40 | 1.67,0,2.39 | 2.87 | 3.68,0.560,0.000,0,1,0,0,0,0,-1,0,0,0,,0,,0,,0,0,0,1
1723722628,194,1,1,8,8,12.904,0,0,0.11 | 0.15 | 0.26,0,1.09 | 1.40 | 1.67,0,2.39 | 2.87 | 3.68,0.560,0.000,0,1,0,0,0,0,-1,0,0,0,,0,,0,,0,0,0,1
1723722628,194,1,1,8,8,12.904,0,0,0.11 | 0.15 | 0.26,0,1.09 | 1.40 | 1.67,0,2.39 | 2.87 | 3.68,0.560,0.000,0,1,0,0,0,0,-1,0,0,0,,0,,0,,0,0,0,1
1723722628,194,1,1,8,8,12.904,0,0,0.11 | 0.15 | 0.26,0,1.09 | 1.40 | 1.67,0,2.39 | 2.87 | 3.68,0.560,0.000,0,1,0,0,0,0,-1,0,0,0,,0,,0,,0,0,0,1
1723722629,194,1,1,8,8,12.904,0,0,0.11 | 0.15 | 0.26,0,1.09 | 1.40 | 1.67,0,2.39 | 2.87 | 3.68,0.560,0.000,0,1,0,0,0,0,-1,0,0,0,,0,,0,,0,0,0,1
1723722629,194,1,1,8,8,12.904,0,0,0.11 | 0.15 | 0.26,0,1.09 | 1.40 | 1.67,0,2.39 | 2.87 | 3.68,0.560,0.000,0,1,0,0,0,0,-1,0,0,0,,0,,0,,0,0,0,1
1723722629,194,1,1,8,8,12.904,0,0,0.11 | 0.15 | 0.26,0,1.09 | 1.40 | 1.67,0,2.39 | 2.87 | 3.68,0.560,0.000,0,1,0,0,0,0,-1,0,0,0,,0,,0,,0,0,0,1
1723722629,194,1,1,8,8,12.904,0,0,0.11 | 0.15 | 0.26,0,1.09 | 1.40 | 1.67,0,2.39 | 2.87 | 3.68,0.560,0.000,0,1,0,0,0,0,-1,0,0,0,,0,,0,,0,0,0,1
1723722629,194,1,1,8,8,12.904,0,0,0.11 | 0.15 | 0.26,0,1.09 | 1.40 | 1.67,0,2.39 | 2.87 | 3.68,0.560,0.000,0,1,0,0,0,0,-1,0,0,0,,0,,0,,0,0,0,1
1723722629,194,1,1,8,8,11.841,0,0,0.11 | 0.15 | 0.26,0,1.09 | 1.40 | 1.67,0,2.39 | 2.87 | 3.68,0.560,0.000,0,1,0,0,0,0,-1,0,0,0,,0,,0,,0,0,0,1
1723722629,194,1,1,8,8,11.841,0,0,0.11 | 0.15 | 0.26,0,1.09 | 1.40 | 1.67,0,2.39 | 2.87 | 3.68,0.560,0.000,0,1,0,0,0,0,-1,0,0,0,,0,,0,,0,0,0,1
1723722629,194,1,1,8,8,11.841,0,0,0.11 | 0.15 | 0.26,0,1.09 | 1.40 | 1.67,0,2.39 | 2.87 | 3.68,0.560,0.000,0,1,0,0,0,0,-1,0,0,0,,0,,0,,0,0,0,1
1723722629,194,1,1,8,8,11.841,0,0,0.11 | 0.15 | 0.26,0,1.09 | 1.40 | 1.67,0,2.39 | 2.87 | 3.68,0.560,0.000,0,1,0,0,0,0,-1,0,0,0,,0,,0,,0,0,0,1
1723722629,194,1,1,8,8,11.841,0,0,0.11 | 0.15 | 0.26,0,1.09 | 1.40 | 1.67,0,2.39 | 2.87 | 3.68,0.560,0.000,0,1,0,0,0,0,-1,0,0,0,,0,,0,,0,0,0,1
1723722630,194,1,1,8,8,11.841,0,0,0.11 | 0.15 | 0.26,0,1.09 | 1.40 | 1.67,0,2.39 | 2.87 | 3.68,0.560,0.000,0,1,0,0,0,0,-1,0,0,0,,0,,0,,0,0,0,1
1723722630,194,1,1,8,8,11.841,0,0,0.11 | 0.15 | 0.26,0,1.09 | 1.40 | 1.67,0,2.39 | 2.87 | 3.68,0.560,0.000,0,1,0,0,0,0,-1,0,0,0,,0,,0,,0,0,0,1
1723722630,194,1,1,8,8,11.841,0,0,0.11 | 0.15 | 0.26,0,1.09 | 1.40 | 1.67,0,2.39 | 2.87 | 3.68,0.560,0.000,0,1,0,0,0,0,-1,0,0,0,,0,,0,,0,0,0,1
1723722630,194,1,1,8,8,11.841,0,0,0.11 | 0.15 | 0.26,0,1.09 | 1.40 | 1.67,0,2.39 | 2.87 | 3.68,0.560,0.000,0,1,0,0,0,0,-1,0,0,0,,0,,0,,0,0,0,1
1723722630,194,1,1,8,8,11.841,0,0,0.11 | 0.15 | 0.26,0,1.09 | 1.40 | 1.67,0,2.39 | 2.87 | 3.68,0.560,0.000,0,1,0,0,0,0,-1,0,0,0,,0,,0,,0,0,0,1
1723722630,194,1,1,8,8,11.044,0,0,0.11 | 0.15 | 0.26,0,1.09 | 1.40 | 1.67,0,2.39 | 2.87 | 3.68,0.560,0.000,0,1,0,0,0,0,-1,0,0,0,,0,,0,,0,0,0,1
1723722630,194,1,1,8,8,11.044,0,0,0.11 | 0.15 | 0.26,0,1.09 | 1.40 | 1.67,0,2.39 | 2.87 | 3.68,0.560,0.000,0,1,0,0,0,0,-1,0,0,0,,0,,0,,0,0,0,1
1723722630,194,1,1,8,8,11.044,0,0,0.11 | 0.15 | 0.26,0,1.09 | 1.40 | 1.67,0,2.39 | 2.87 | 3.68,0.560,0.000,0,1,0,0,0,0,-1,0,0,0,,0,,0,,0,0,0,1
1723722630,194,1,1,8,8,11.044,0,0,0.11 | 0.15 | 0.26,0,1.09 | 1.40 | 1.67,0,2.39 | 2.87 | 3.68,0.560,0.000,0,1,0,0,0,0,-1,0,0,0,,0,,0,,0,0,0,1
1723722630,194,1,1,8,8,11.044,0,0,0.11 | 0.15 | 0.26,0,1.09 | 1.40 | 1.67,0,2.39 | 2.87 | 3.68,0.560,0.000,0,1,0,0,0,0,-1,0,0,0,,0,,0,,0,0,0,1
1723722631,194,1,1,8,8,11.044,0,0,0.11 | 0.15 | 0.26,0,1.09 | 1.40 | 1.67,0,2.39 | 2.87 | 3.68,0.560,0.000,0,1,0,0,0,0,-1,0,0,0,,0,,0,,0,0,0,1
1723722631,194,1,1,8,8,11.044,0,0,0.11 | 0.15 | 0.26,0,1.09 | 1.40 | 1.67,0,2.39 | 2.87 | 3.68,0.560,0.000,0,1,0,0,0,0,-1,0,0,0,,0,,0,,0,0,0,1
1723722631,194,1,1,8,8,11.044,0,0,0.11 | 0.15 | 0.26,0,1.09 | 1.40 | 1.67,0,2.39 | 2.87 | 3.68,0.560,0.000,0,1,0,0,0,0,-1,0,0,0,,0,,0,,0,0,0,1
1723722631,194,1,1,8,8,11.044,0,0,0.11 | 0.15 | 0.26,0,1.09 | 1.40 | 1.67,0,2.39 | 2.87 | 3.68,0.560,0.000,0,1,0,0,0,0,-1,0,0,0,,0,,0,,0,0,0,1
1723722631,194,1,1,8,8,11.044,0,0,0.11 | 0.15 | 0.26,0,1.09 | 1.40 | 1.67,0,2.39 | 2.87 | 3.68,0.560,0.000,0,1,0,0,0,0,-1,0,0,0,,0,,0,,0,0,0,1
1723722631,194,1,1,8,8,14.598,0,0,0.11 | 0.14 | 0.26,0,1.09 | 1.49 | 1.73,0,2.32 | 2.68 | 3.68,0.571,0.000,0,1,0,0,0,0,-1,0,0,0,,0,,0,,0,0,0,1
1723722631,194,1,1,8,8,14.598,0,0,0.11 | 0.14 | 0.26,0,1.09 | 1.49 | 1.73,0,2.32 | 2.68 | 3.68,0.571,0.000,0,1,0,0,0,0,-1,0,0,0,,0,,0,,0,0,0,1
1723722631,194,1,1,8,8,14.598,0,0,0.11 | 0.14 | 0.26,0,1.09 | 1.49 | 1.73,0,2.32 | 2.68 | 3.68,0.571,0.000,0,1,0,0,0,0,-1,0,0,0,,0,,0,,0,0,0,1
1723722631,194,1,1,8,8,14.598,0,0,0.11 | 0.14 | 0.26,0,1.09 | 1.49 | 1.73,0,2.32 | 2.68 | 3.68,0.571,0.000,0,1,0,0,0,0,-1,0,0,0,,0,,0,,0,0,0,1
1723722631,194,1,1,8,8,14.598,0,0,0.11 | 0.14 | 0.26,0,1.09 | 1.49 | 1.73,0,2.32 | 2.68 | 3.68,0.571,0.000,0,1,0,0,0,0,-1,0,0,0,,0,,0,,0,0,0,1
1723722632,194,1,1,8,8,14.598,0,0,0.11 | 0.14 | 0.26,0,1.09 | 1.49 | 1.73,0,2.32 | 2.68 | 3.68,0.571,0.000,0,1,0,0,0,0,-1,0,0,0,,0,,0,,0,0,0,1
1723722632,194,1,1,8,8,14.598,0,0,0.11 | 0.14 | 0.26,0,1.09 | 1.49 | 1.73,0,2.32 | 2.68 | 3.68,0.571,0.000,0,1,0,0,0,0,-1,0,0,0,,0,,0,,0,0,0,1
1723722632,194,1,1,8,8,14.598,0,0,0.11 | 0.14 | 0.26,0,1.09 | 1.49 | 1.73,0,2.32 | 2.68 | 3.68,0.571,0.000,0,1,0,0,0,0,-1,0,0,0,,0,,0,,0,0,0,1
1723722632,194,1,1,8,8,14.598,0,0,0.11 | 0.14 | 0.26,0,1.09 | 1.49 | 1.73,0,2.32 | 2.68 | 3.68,0.571,0.000,0,1,0,0,0,0,-1,0,0,0,,0,,0,,0,0,0,1
1723722632,194,1,1,8,8,14.598,0,0,0.11 | 0.14 | 0.26,0,1.09 | 1.49 | 1.73,0,2.32 | 2.68 | 3.68,0.571,0.000,0,1,0,0,0,0,-1,0,0,0,,0,,0,,0,0,0,1
1723722632,194,1,1,8,8,13.719,0,0,0.11 | 0.14 | 0.26,0,1.09 | 1.49 | 1.73,0,2.32 | 2.68 | 3.68,0.571,0.000,0,1,0,0,0,0,-1,0,0,0,,0,,0,,0,0,0,1
1723722632,194,1,1,8,8,13.719,0,0,0.11 | 0.14 | 0.26,0,1.09 | 1.49 | 1.73,0,2.32 | 2.68 | 3.68,0.571,0.000,0,1,0,0,0,0,-1,0,0,0,,0,,0,,0,0,0,1
1723722632,194,1,1,8,8,13.719,0,0,0.11 | 0.14 | 0.26,0,1.09 | 1.49 | 1.73,0,2.32 | 2.68 | 3.68,0.571,0.000,0,1,0,0,0,0,-1,0,0,0,,0,,0,,0,0,0,1
1723722632,194,1,1,8,8,13.719,0,0,0.11 | 0.14 | 0.26,0,1.09 | 1.49 | 1.73,0,2.32 | 2.68 | 3.68,0.571,0.000,0,1,0,0,0,0,-1,0,0,0,,0,,0,,0,0,0,1
1723722632,194,1,1,8,8,13.719,0,0,0.11 | 0.14 | 0.26,0,1.09 | 1.49 | 1.73,0,2.32 | 2.68 | 3.68,0.571,0.000,0,1,0,0,0,0,-1,0,0,0,,0,,0,,0,0,0,1
1723722633,194,1,1,8,8,13.719,0,0,0.11 | 0.14 | 0.26,0,1.09 | 1.49 | 1.73,0,2.32 | 2.68 | 3.68,0.571,0.000,0,1,0,0,0,0,-1,0,0,0,,0,,0,,0,0,0,1
1723722633,194,1,1,8,8,13.719,0,0,0.11 | 0.14 | 0.26,0,1.09 | 1.49 | 1.73,0,2.32 | 2.68 | 3.68,0.571,0.000,0,1,0,0,0,0,-1,0,0,0,,0,,0,,0,0,0,1
1723722633,194,1,1,8,8,13.719,0,0,0.11 | 0.14 | 0.26,0,1.09 | 1.49 | 1.73,0,2.32 | 2.68 | 3.68,0.571,0.000,0,1,0,0,0,0,-1,0,0,0,,0,,0,,0,0,0,1
1723722633,194,1,1,8,8,13.719,0,0,0.11 | 0.14 | 0.26,0,1.09 | 1.49 | 1.73,0,2.32 | 2.68 | 3.68,0.571,0.000,0,1,0,0,0,0,-1,0,0,0,,0,,0,,0,0,0,1
1723722633,194,1,1,8,8,13.719,0,0,0.11 | 0.14 | 0.26,0,1.09 | 1.49 | 1.73,0,2.32 | 2.68 | 3.68,0.571,0.000,0,1,0,0,0,0,-1,0,0,0,,0,,0,,0,0,0,1
1723722633,194,1,1,8,8,12.657,0,0,0.11 | 0.14 | 0.26,0,1.09 | 1.49 | 1.73,0,2.32 | 2.68 | 3.68,0.571,0.000,0,1,0,0,0,0,-1,0,0,0,,0,,0,,0,0,0,1
1723722633,194,1,1,8,8,12.657,0,0,0.11 | 0.14 | 0.26,0,1.09 | 1.49 | 1.73,0,2.32 | 2.68 | 3.68,0.571,0.000,0,1,0,0,0,0,-1,0,0,0,,0,,0,,0,0,0,1
1723722633,194,1,1,8,8,12.657,0,0,0.11 | 0.14 | 0.26,0,1.09 | 1.49 | 1.73,0,2.32 | 2.68 | 3.68,0.571,0.000,0,1,0,0,0,0,-1,0,0,0,,0,,0,,0,0,0,1
1723722633,194,1,1,8,8,12.657,0,0,0.11 | 0.14 | 0.26,0,1.09 | 1.49 | 1.73,0,2.32 | 2.68 | 3.68,0.571,0.000,0,1,0,0,0,0,-1,0,0,0,,0,,0,,0,0,0,1
1723722633,194,1,1,8,8,12.657,0,0,0.11 | 0.14 | 0.26,0,1.09 | 1.49 | 1.73,0,2.32 | 2.68 | 3.68,0.571,0.000,0,1,0,0,0,0,-1,0,0,0,,0,,0,,0,0,0,1
1723722634,194,1,1,8,8,12.657,0,0,0.11 | 0.14 | 0.26,0,1.09 | 1.49 | 1.73,0,2.32 | 2.68 | 3.68,0.571,0.000,0,1,0,0,0,0,-1,0,0,0,,0,,0,,0,0,0,1
1723722634,194,1,1,8,8,12.657,0,0,0.11 | 0.14 | 0.26,0,1.09 | 1.49 | 1.73,0,2.32 | 2.68 | 3.68,0.571,0.000,0,1,0,0,0,0,-1,0,0,0,,0,,0,,0,0,0,1
1723722634,194,1,1,8,8,12.657,0,0,0.11 | 0.14 | 0.26,0,1.09 | 1.49 | 1.73,0,2.32 | 2.68 | 3.68,0.571,0.000,0,1,0,0,0,0,-1,0,0,0,,0,,0,,0,0,0,1
1723722634,194,1,1,8,8,12.657,0,0,0.11 | 0.14 | 0.26,0,1.09 | 1.49 | 1.73,0,2.32 | 2.68 | 3.68,0.571,0.000,0,1,0,0,0,0,-1,0,0,0,,0,,0,,0,0,0,1
1723722634,194,1,1,8,8,12.657,0,0,0.11 | 0.14 | 0.26,0,1.09 | 1.49 | 1.73,0,2.32 | 2.68 | 3.68,0.571,0.000,0,1,0,0,0,0,-1,0,0,0,,0,,0,,0,0,0,1
1723722634,194,1,1,8,8,11.86,0,0,0.11 | 0.14 | 0.26,0,1.09 | 1.49 | 1.73,0,2.32 | 2.68 | 3.68,0.571,0.000,0,1,0,0,0,0,-1,0,0,0,,0,,0,,0,0,0,1
1723722634,194,1,1,8,8,11.86,0,0,0.11 | 0.14 | 0.26,0,1.09 | 1.49 | 1.73,0,2.32 | 2.68 | 3.68,0.571,0.000,0,1,0,0,0,0,-1,0,0,0,,0,,0,,0,0,0,1
1723722634,194,1,1,8,8,11.86,0,0,0.11 | 0.14 | 0.26,0,1.09 | 1.49 | 1.73,0,2.32 | 2.68 | 3.68,0.571,0.000,0,1,0,0,0,0,-1,0,0,0,,0,,0,,0,0,0,1
1723722634,194,1,1,8,8,11.86,0,0,0.11 | 0.14 | 0.26,0,1.09 | 1.49 | 1.73,0,2.32 | 2.68 | 3.68,0.571,0.000,0,1,0,0,0,0,-1,0,0,0,,0,,0,,0,0,0,1
1723722634,194,1,1,8,8,11.86,0,0,0.11 | 0.14 | 0.26,0,1.09 | 1.49 | 1.73,0,2.32 | 2.68 | 3.68,0.571,0.000,0,1,0,0,0,0,-1,0,0,0,,0,,0,,0,0,0,1
1723722635,194,1,1,8,8,11.86,0,0,0.11 | 0.14 | 0.26,0,1.09 | 1.49 | 1.73,0,2.32 | 2.68 | 3.68,0.571,0.000,0,1,0,0,0,0,-1,0,0,0,,0,,0,,0,0,0,1
1723722635,194,1,1,8,8,11.86,0,0,0.11 | 0.14 | 0.26,0,1.09 | 1.49 | 1.73,0,2.32 | 2.68 | 3.68,0.571,0.000,0,1,0,0,0,0,-1,0,0,0,,0,,0,,0,0,0,1
1723722635,194,1,1,8,8,11.86,0,0,0.11 | 0.14 | 0.26,0,1.09 | 1.49 | 1.73,0,2.32 | 2.68 | 3.68,0.571,0.000,0,1,0,0,0,0,-1,0,0,0,,0,,0,,0,0,0,1
1723722635,194,1,1,8,8,11.86,0,0,0.11 | 0.14 | 0.26,0,1.09 | 1.49 | 1.73,0,2.32 | 2.68 | 3.68,0.571,0.000,0,1,0,0,0,0,-1,0,0,0,,0,,0,,0,0,0,1
1723722635,194,1,1,8,8,11.86,0,0,0.11 | 0.14 | 0.26,0,1.09 | 1.49 | 1.73,0,2.32 | 2.68 | 3.68,0.571,0.000,0,1,0,0,0,0,-1,0,0,0,,0,,0,,0,0,0,1
1723722635,194,1,1,8,8,10.782,0,0,0.11 | 0.14 | 0.26,0,1.09 | 1.49 | 1.73,0,2.32 | 2.68 | 3.68,0.571,0.000,0,1,0,0,0,0,-1,0,0,0,,0,,0,,0,0,0,1
1723722635,194,1,1,8,8,10.782,0,0,0.11 | 0.14 | 0.26,0,1.09 | 1.49 | 1.73,0,2.32 | 2.68 | 3.68,0.571,0.000,0,1,0,0,0,0,-1,0,0,0,,0,,0,,0,0,0,1
1723722635,194,1,1,8,8,10.782,0,0,0.11 | 0.14 | 0.26,0,1.09 | 1.49 | 1.73,0,2.32 | 2.68 | 3.68,0.571,0.000,0,1,0,0,0,0,-1,0,0,0,,0,,0,,0,0,0,1
1723722635,194,1,1,8,8,10.782,0,0,0.11 | 0.14 | 0.26,0,1.09 | 1.49 | 1.73,0,2.32 | 2.68 | 3.68,0.571,0.000,0,1,0,0,0,0,-1,0,0,0,,0,,0,,0,0,0,1
1723722635,194,1,1,8,8,10.782,0,0,0.11 | 0.14 | 0.26,0,1.09 | 1.49 | 1.73,0,2.32 | 2.68 | 3.68,0.571,0.000,0,1,0,0,0,0,-1,0,0,0,,0,,0,,0,0,0,1
1723722636,194,1,1,8,8,10.782,0,0,0.11 | 0.14 | 0.26,0,1.09 | 1.49 | 1.73,0,2.32 | 2.68 | 3.68,0.571,0.000,0,1,0,0,0,0,-1,0,0,0,,0,,0,,0,0,0,1
1723722636,194,1,1,8,8,10.782,0,0,0.11 | 0.14 | 0.26,0,1.09 | 1.49 | 1.73,0,2.32 | 2.68 | 3.68,0.571,0.000,0,1,0,0,0,0,-1,0,0,0,,0,,0,,0,0,0,1
1723722636,194,1,1,8,8,10.782,0,0,0.11 | 0.14 | 0.26,0,1.09 | 1.49 | 1.73,0,2.32 | 2.68 | 3.68,0.571,0.000,0,1,0,0,0,0,-1,0,0,0,,0,,0,,0,0,0,1
1723722636,194,1,1,8,8,10.782,0,0,0.11 | 0.14 | 0.26,0,1.09 | 1.49 | 1.73,0,2.32 | 2.68 | 3.68,0.571,0.000,0,1,0,0,0,0,-1,0,0,0,,0,,0,,0,0,0,1
1723722636,194,1,1,8,8,10.782,0,0,0.11 | 0.14 | 0.26,0,1.09 | 1.49 | 1.73,0,2.32 | 2.68 | 3.68,0.571,0.000,0,1,0,0,0,0,-1,0,0,0,,0,,0,,0,0,0,1
1723722636,194,1,1,8,8,12.919,0,0,0.11 | 0.15 | 0.26,0,1.06 | 1.49 | 1.73,0,2.32 | 2.69 | 3.78,0.573,0.000,0,1,0,0,0,0,-1,0,0,0,,0,,0,,0,0,0,1
1723722636,194,1,1,8,8,12.919,0,0,0.11 | 0.15 | 0.26,0,1.06 | 1.49 | 1.73,0,2.32 | 2.69 | 3.78,0.573,0.000,0,1,0,0,0,0,-1,0,0,0,,0,,0,,0,0,0,1
1723722636,194,1,1,8,8,12.919,0,0,0.11 | 0.15 | 0.26,0,1.06 | 1.49 | 1.73,0,2.32 | 2.69 | 3.78,0.573,0.000,0,1,0,0,0,0,-1,0,0,0,,0,,0,,0,0,0,1
1723722636,194,1,1,8,8,12.919,0,0,0.11 | 0.15 | 0.26,0,1.06 | 1.49 | 1.73,0,2.32 | 2.69 | 3.78,0.573,0.000,0,1,0,0,0,0,-1,0,0,0,,0,,0,,0,0,0,1
1723722636,194,1,1,8,8,12.919,0,0,0.11 | 0.15 | 0.26,0,1.06 | 1.49 | 1.73,0,2.32 | 2.69 | 3.78,0.573,0.000,0,1,0,0,0,0,-1,0,0,0,,0,,0,,0,0,0,1
1723722637,194,1,1,8,8,12.919,0,0,0.11 | 0.15 | 0.26,0,1.06 | 1.49 | 1.73,0,2.32 | 2.69 | 3.78,0.573,0.000,0,1,0,0,0,0,-1,0,0,0,,0,,0,,0,0,0,1
1723722637,194,1,1,8,8,12.919,0,0,0.11 | 0.15 | 0.26,0,1.06 | 1.49 | 1.73,0,2.32 | 2.69 | 3.78,0.573,0.000,0,1,0,0,0,0,-1,0,0,0,,0,,0,,0,0,0,1
1723722637,194,1,1,8,8,12.919,0,0,0.11 | 0.15 | 0.26,0,1.06 | 1.49 | 1.73,0,2.32 | 2.69 | 3.78,0.573,0.000,0,1,0,0,0,0,-1,0,0,0,,0,,0,,0,0,0,1
1723722637,194,1,1,8,8,12.919,0,0,0.11 | 0.15 | 0.26,0,1.06 | 1.49 | 1.73,0,2.32 | 2.69 | 3.78,0.573,0.000,0,1,0,0,0,0,-1,0,0,0,,0,,0,,0,0,0,1
1723722637,194,1,1,8,8,12.919,0,0,0.11 | 0.15 | 0.26,0,1.06 | 1.49 | 1.73,0,2.32 | 2.69 | 3.78,0.573,0.000,0,1,0,0,0,0,-1,0,0,0,,0,,0,,0,0,0,1
1723722637,194,1,1,8,8,11.857,0,0,0.11 | 0.15 | 0.26,0,1.06 | 1.49 | 1.73,0,2.32 | 2.69 | 3.78,0.573,0.000,0,1,0,0,0,0,-1,0,0,0,,0,,0,,0,0,0,1
1723722637,194,1,1,8,8,11.857,0,0,0.11 | 0.15 | 0.26,0,1.06 | 1.49 | 1.73,0,2.32 | 2.69 | 3.78,0.573,0.000,0,1,0,0,0,0,-1,0,0,0,,0,,0,,0,0,0,1
1723722637,387,1,2,8,8,11.857,0,0,0.11 | 0.15 | 0.26,0,1.06 | 1.49 | 1.73,0,2.32 | 2.69 | 3.78,0.573,0.000,0,1,0,0,0,0,-1,0,0,0,,0,,0,,0,0,0,1
1723722637,387,1,2,8,8,11.857,0,0,0.11 | 0.15 | 0.26,0,1.06 | 1.49 | 1.73,0,2.32 | 2.69 | 3.78,0.573,0.000,0,1,0,0,0,0,-1,0,0,0,,0,,0,,0,0,0,1
1723722637,387,1,2,8,8,11.857,0,0,0.11 | 0.15 | 0.26,0,1.06 | 1.49 | 1.73,0,2.32 | 2.69 | 3.78,0.573,0.000,0,1,0,0,0,0,-1,0,0,0,,0,,0,,0,0,0,1
1723722638,387,1,2,8,8,11.857,0,0,0.11 | 0.15 | 0.26,0,1.06 | 1.49 | 1.73,0,2.32 | 2.69 | 3.78,0.573,0.000,0,1,0,0,0,0,-1,0,0,0,,0,,0,,0,0,0,1
1723722638,387,1,2,8,8,11.857,0,0,0.11 | 0.15 | 0.26,0,1.06 | 1.49 | 1.73,0,2.32 | 2.69 | 3.78,0.573,0.000,0,1,0,0,0,0,-1,0,0,0,,0,,0,,0,0,0,1
1723722638,387,1,2,8,8,11.857,0,0,0.11 | 0.15 | 0.26,0,1.06 | 1.49 | 1.73,0,2.32 | 2.69 | 3.78,0.573,0.000,0,1,0,0,0,0,-1,0,0,0,,0,,0,,0,0,0,1
1723722638,387,1,2,8,8,11.857,0,0,0.11 | 0.15 | 0.26,0,1.06 | 1.49 | 1.73,0,2.32 | 2.69 | 3.78,0.573,0.000,0,1,0,0,0,0,-1,0,0,0,,0,,0,,0,0,0,1
1723722638,387,1,2,8,8,11.857,0,0,0.11 | 0.15 | 0.26,0,1.06 | 1.49 | 1.73,0,2.32 | 2.69 | 3.78,0.573,0.000,0,1,0,0,0,0,-1,0,0,0,,0,,0,,0,0,0,1
1723722638,387,1,2,8,8,10.794,0,0,0.11 | 0.15 | 0.26,0,1.06 | 1.49 | 1.73,0,2.32 | 2.69 | 3.78,0.573,0.000,0,1,0,0,0,0,-1,0,0,0,,0,,0,,0,0,0,1
1723722638,387,1,2,8,8,10.794,0,0,0.11 | 0.15 | 0.26,0,1.06 | 1.49 | 1.73,0,2.32 | 2.69 | 3.78,0.573,0.000,0,1,0,0,0,0,-1,0,0,0,,0,,0,,0,0,0,1
1723722638,387,1,2,8,8,10.794,0,0,0.11 | 0.15 | 0.26,0,1.06 | 1.49 | 1.73,0,2.32 | 2.69 | 3.78,0.573,0.000,0,1,0,0,0,0,-1,0,0,0,,0,,0,,0,0,0,1
1723722638,387,1,2,8,8,10.794,0,0,0.11 | 0.15 | 0.26,0,1.06 | 1.49 | 1.73,0,2.32 | 2.69 | 3.78,0.573,0.000,0,1,0,0,0,0,-1,0,0,0,,0,,0,,0,0,0,1
1723722638,387,1,2,8,8,10.794,0,0,0.11 | 0.15 | 0.26,0,1.06 | 1.49 | 1.73,0,2.32 | 2.69 | 3.78,0.573,0.000,0,1,0,0,0,0,-1,0,0,0,,0,,0,,0,0,0,1
1723722639,387,1,2,8,8,10.794,0,0,0.11 | 0.15 | 0.26,0,1.06 | 1.49 | 1.73,0,2.32 | 2.69 | 3.78,0.573,0.000,0,1,0,0,0,0,-1,0,0,0,,0,,0,,0,0,0,1
1723722639,387,1,2,8,8,10.794,0,0,0.11 | 0.15 | 0.26,0,1.06 | 1.49 | 1.73,0,2.32 | 2.69 | 3.78,0.573,0.000,0,1,0,0,0,0,-1,0,0,0,,0,,0,,0,0,0,1
1723722639,387,1,2,8,8,10.794,0,0,0.11 | 0.15 | 0.26,0,1.06 | 1.49 | 1.73,0,2.32 | 2.69 | 3.78,0.573,0.000,0,1,0,0,0,0,-1,0,0,0,,0,,0,,0,0,0,1
1723722639,387,1,2,8,8,10.794,0,0,0.11 | 0.15 | 0.26,0,1.06 | 1.49 | 1.73,0,2.32 | 2.69 | 3.78,0.573,0.000,0,1,0,0,0,0,-1,0,0,0,,0,,0,,0,0,0,1
1723722639,387,1,2,8,8,10.794,0,0,0.11 | 0.15 | 0.26,0,1.06 | 1.49 | 1.73,0,2.32 | 2.69 | 3.78,0.573,0.000,0,1,0,0,0,0,-1,0,0,0,,0,,0,,0,0,0,1
1723722639,387,1,2,8,8,9.997,0,0,0.11 | 0.15 | 0.26,0,1.06 | 1.49 | 1.73,0,2.32 | 2.69 | 3.78,0.573,0.000,0,1,0,0,0,0,-1,0,0,0,,0,,0,,0,0,0,1
1723722639,387,1,2,8,8,9.997,0,0,0.11 | 0.15 | 0.26,0,1.06 | 1.49 | 1.73,0,2.32 | 2.69 | 3.78,0.573,0.000,0,1,0,0,0,0,-1,0,0,0,,0,,0,,0,0,0,1
1723722639,387,1,2,8,8,9.997,0,0,0.11 | 0.15 | 0.26,0,1.06 | 1.49 | 1.73,0,2.32 | 2.69 | 3.78,0.573,0.000,0,1,0,0,0,0,-1,0,0,0,,0,,0,,0,0,0,1
1723722639,387,1,2,8,8,9.997,0,0,0.11 | 0.15 | 0.26,0,1.06 | 1.49 | 1.73,0,2.32 | 2.69 | 3.78,0.573,0.000,0,1,0,0,0,0,-1,0,0,0,,0,,0,,0,0,0,1
1723722639,387,1,2,8,8,9.997,0,0,0.11 | 0.15 | 0.26,0,1.06 | 1.49 | 1.73,0,2.32 | 2.69 | 3.78,0.573,0.000,0,1,0,0,0,0,-1,0,0,0,,0,,0,,0,0,0,1
1723722640,387,1,2,8,8,9.997,0,0,0.11 | 0.15 | 0.26,0,1.06 | 1.49 | 1.73,0,2.32 | 2.69 | 3.78,0.573,0.000,0,1,0,0,0,0,-1,0,0,0,,0,,0,,0,0,0,1
1723722640,387,1,2,8,8,9.997,0,0,0.11 | 0.15 | 0.26,0,1.06 | 1.49 | 1.73,0,2.32 | 2.69 | 3.78,0.573,0.000,0,1,0,0,0,0,-1,0,0,0,,0,,0,,0,0,0,1
1723722640,387,1,2,8,8,9.997,0,0,0.11 | 0.15 | 0.26,0,1.06 | 1.49 | 1.73,0,2.32 | 2.69 | 3.78,0.573,0.000,0,1,0,0,0,0,-1,0,0,0,,0,,0,,0,0,0,1
1723722640,387,1,2,8,8,9.997,0,0,0.11 | 0.15 | 0.26,0,1.06 | 1.49 | 1.73,0,2.32 | 2.69 | 3.78,0.573,0.000,0,1,0,0,0,0,-1,0,0,0,,0,,0,,0,0,0,1
1723722640,387,1,2,8,8,9.997,0,0,0.11 | 0.15 | 0.26,0,1.06 | 1.49 | 1.73,0,2.32 | 2.69 | 3.78,0.573,0.000,0,1,0,0,0,0,-1,0,0,0,,0,,0,,0,0,0,1
1723722640,387,1,2,8,8,8.935,0,0,0.11 | 0.15 | 0.26,0,1.06 | 1.49 | 1.73,0,2.32 | 2.69 | 3.78,0.573,0.000,0,1,0,0,0,0,-1,0,0,0,,0,,0,,0,0,0,1
1723722640,387,1,2,8,8,8.935,0,0,0.11 | 0.15 | 0.26,0,1.06 | 1.49 | 1.73,0,2.32 | 2.69 | 3.78,0.573,0.000,0,1,0,0,0,0,-1,0,0,0,,0,,0,,0,0,0,1
1723722640,387,1,2,8,8,8.935,0,0,0.11 | 0.15 | 0.26,0,1.06 | 1.49 | 1.73,0,2.32 | 2.69 | 3.78,0.573,0.000,0,1,0,0,0,0,-1,0,0,0,,0,,0,,0,0,0,1
1723722640,387,1,2,8,8,8.935,0,0,0.11 | 0.15 | 0.26,0,1.06 | 1.49 | 1.73,0,2.32 | 2.69 | 3.78,0.573,0.000,0,1,0,0,0,0,-1,0,0,0,,0,,0,,0,0,0,1
1723722640,387,1,2,8,8,8.935,0,0,0.11 | 0.15 | 0.26,0,1.06 | 1.49 | 1.73,0,2.32 | 2.69 | 3.78,0.573,0.000,0,1,0,0,0,0,-1,0,0,0,,0,,0,,0,0,0,1
1723722641,387,1,2,8,8,8.935,0,0,0.11 | 0.15 | 0.26,0,1.06 | 1.49 | 1.73,0,2.32 | 2.69 | 3.78,0.573,0.000,0,1,0,0,0,0,-1,0,0,0,,0,,0,,0,0,0,1
1723722641,387,1,2,8,8,8.935,0,0,0.11 | 0.15 | 0.26,0,1.06 | 1.49 | 1.73,0,2.32 | 2.69 | 3.78,0.573,0.000,0,1,0,0,0,0,-1,0,0,0,,0,,0,,0,0,0,1
1723722641,387,1,2,8,8,8.935,0,0,0.11 | 0.15 | 0.26,0,1.06 | 1.49 | 1.73,0,2.32 | 2.69 | 3.78,0.573,0.000,0,1,0,0,0,0,-1,0,0,0,,0,,0,,0,0,0,1
1723722641,387,1,2,8,8,8.935,0,0,0.11 | 0.15 | 0.26,0,1.06 | 1.49 | 1.73,0,2.32 | 2.69 | 3.78,0.573,0.000,0,1,0,0,0,0,-1,0,0,0,,0,,0,,0,0,0,1
1723722641,387,2,2,8,8,8.935,0,0,0.11 | 0.15 | 0.26,0,1.06 | 1.49 | 1.73,0,2.32 | 2.69 | 3.78,0.573,0.000,0,1,0,0,0,0,-1,0,0,0,,0,,0,,0,0,0,1
1723722641,387,2,2,8,8,7.872,0,0,0.11 | 0.15 | 0.26,0,1.06 | 1.97 | 3.43,0,1.17 | 2.03 | 3.78,0.570,0.000,0,1,0,0,0,0,-1,0,0,0,,0,,0,,0,0,0,1
1723722641,387,2,2,8,8,7.872,0,0,0.11 | 0.15 | 0.26,0,1.06 | 1.97 | 3.43,0,1.17 | 2.03 | 3.78,0.570,0.000,0,1,0,0,0,0,-1,0,0,0,,0,,0,,0,0,0,1
1723722641,387,2,2,8,8,7.872,0,0,0.11 | 0.15 | 0.26,0,1.06 | 1.97 | 3.43,0,1.17 | 2.03 | 3.78,0.570,0.000,0,1,0,0,0,0,-1,0,0,0,,0,,0,,0,0,0,1
1723722641,387,2,2,8,8,7.872,0,0,0.11 | 0.15 | 0.26,0,1.06 | 1.97 | 3.43,0,1.17 | 2.03 | 3.78,0.570,0.000,0,1,0,0,0,0,-1,0,0,0,,0,,0,,0,0,0,1
1723722641,387,2,2,8,8,7.872,0,0,0.11 | 0.15 | 0.26,0,1.06 | 1.97 | 3.43,0,1.17 | 2.03 | 3.78,0.570,0.000,0,1,0,0,0,0,-1,0,0,0,,0,,0,,0,0,0,1
1723722642,387,2,2,8,8,7.872,0,0,0.11 | 0.15 | 0.26,0,1.06 | 1.97 | 3.43,0,1.17 | 2.03 | 3.78,0.570,0.000,0,1,0,0,0,0,-1,0,0,0,,0,,0,,0,0,0,1
1723722642,387,2,2,8,8,7.872,0,0,0.11 | 0.15 | 0.26,0,1.06 | 1.97 | 3.43,0,1.17 | 2.03 | 3.78,0.570,0.000,0,1,0,0,0,0,-1,0,0,0,,0,,0,,0,0,0,1
1723722642,387,2,2,8,8,7.872,0,0,0.11 | 0.15 | 0.26,0,1.06 | 1.97 | 3.43,0,1.17 | 2.03 | 3.78,0.570,0.000,0,1,0,0,0,0,-1,0,0,0,,0,,0,,0,0,0,1
1723722642,387,2,2,8,8,7.872,0,0,0.11 | 0.15 | 0.26,0,1.06 | 1.97 | 3.43,0,1.17 | 2.03 | 3.78,0.570,0.000,0,1,0,0,0,0,-1,0,0,0,,0,,0,,0,0,0,1
1723722642,387,2,2,8,8,7.872,0,0,0.11 | 0.15 | 0.26,0,1.06 | 1.97 | 3.43,0,1.17 | 2.03 | 3.78,0.570,0.000,0,1,0,0,0,0,-1,0,0,0,,0,,0,,0,0,0,1
1723722642,387,2,2,8,8,6.81,0,0,0.11 | 0.15 | 0.26,0,1.06 | 1.97 | 3.43,0,1.17 | 2.03 | 3.78,0.570,0.000,0,1,0,0,0,0,-1,0,0,0,,0,,0,,0,0,0,1
1723722642,387,2,2,8,8,6.81,0,0,0.11 | 0.15 | 0.26,0,1.06 | 1.97 | 3.43,0,1.17 | 2.03 | 3.78,0.570,0.000,0,1,0,0,0,0,-1,0,0,0,,0,,0,,0,0,0,1
1723722642,387,2,2,8,8,6.81,0,0,0.11 | 0.15 | 0.26,0,1.06 | 1.97 | 3.43,0,1.17 | 2.03 | 3.78,0.570,0.000,0,1,0,0,0,0,-1,0,0,0,,0,,0,,0,0,0,1
1723722642,387,2,2,8,8,6.81,0,0,0.11 | 0.15 | 0.26,0,1.06 | 1.97 | 3.43,0,1.17 | 2.03 | 3.78,0.570,0.000,0,1,0,0,0,0,-1,0,0,0,,0,,0,,0,0,0,1
1723722642,387,2,2,8,8,6.81,0,0,0.11 | 0.15 | 0.26,0,1.06 | 1.97 | 3.43,0,1.17 | 2.03 | 3.78,0.570,0.000,0,1,0,0,0,0,-1,0,0,0,,0,,0,,0,0,0,1
1723722643,387,2,2,8,8,6.81,0,0,0.11 | 0.15 | 0.26,0,1.06 | 1.97 | 3.43,0,1.17 | 2.03 | 3.78,0.570,0.000,0,1,0,0,0,0,-1,0,0,0,,0,,0,,0,0,0,1
1723722643,387,2,2,8,8,6.81,0,0,0.11 | 0.15 | 0.26,0,1.06 | 1.97 | 3.43,0,1.17 | 2.03 | 3.78,0.570,0.000,0,1,0,0,0,0,-1,0,0,0,,0,,0,,0,0,0,1
1723722643,387,2,2,8,8,6.81,0,0,0.11 | 0.15 | 0.26,0,1.06 | 1.97 | 3.43,0,1.17 | 2.03 | 3.78,0.570,0.000,0,1,0,0,0,0,-1,0,0,0,,0,,0,,0,0,0,1
1723722643,387,2,2,8,8,6.81,0,0,0.11 | 0.15 | 0.26,0,1.06 | 1.97 | 3.43,0,1.17 | 2.03 | 3.78,0.570,0.000,0,1,0,0,0,0,-1,0,0,0,,0,,0,,0,0,0,1
1723722643,387,2,2,8,8,6.81,0,0,0.11 | 0.15 | 0.26,0,1.06 | 1.97 | 3.43,0,1.17 | 2.03 | 3.78,0.570,0.000,0,1,0,0,0,0,-1,0,0,0,,0,,0,,0,0,0,1
1723722643,387,2,2,8,8,6.013,0,0,0.11 | 0.15 | 0.26,0,1.06 | 1.97 | 3.43,0,1.17 | 2.03 | 3.78,0.570,0.000,0,1,0,0,0,0,-1,0,0,0,,0,,0,,0,0,0,1
1723722643,387,2,2,8,8,6.013,0,0,0.11 | 0.15 | 0.26,0,1.06 | 1.97 | 3.43,0,1.17 | 2.03 | 3.78,0.570,0.000,0,1,0,0,0,0,-1,0,0,0,,0,,0,,0,0,0,1
1723722643,387,2,2,8,8,6.013,0,0,0.11 | 0.15 | 0.26,0,1.06 | 1.97 | 3.43,0,1.17 | 2.03 | 3.78,0.570,0.000,0,1,0,0,0,0,-1,0,0,0,,0,,0,,0,0,0,1
1723722643,387,2,2,8,8,6.013,0,0,0.11 | 0.15 | 0.26,0,1.06 | 1.97 | 3.43,0,1.17 | 2.03 | 3.78,0.570,0.000,0,1,0,0,0,0,-1,0,0,0,,0,,0,,0,0,0,1
1723722643,387,2,2,8,8,6.013,0,0,0.11 | 0.15 | 0.26,0,1.06 | 1.97 | 3.43,0,1.17 | 2.03 | 3.78,0.570,0.000,0,1,0,0,0,0,-1,0,0,0,,0,,0,,0,0,0,1
1723722644,387,2,2,8,8,6.013,0,0,0.11 | 0.15 | 0.26,0,1.06 | 1.97 | 3.43,0,1.17 | 2.03 | 3.78,0.570,0.000,0,1,0,0,0,0,-1,0,0,0,,0,,0,,0,0,0,1
1723722644,387,2,2,8,8,6.013,0,0,0.11 | 0.15 | 0.26,0,1.06 | 1.97 | 3.43,0,1.17 | 2.03 | 3.78,0.570,0.000,0,1,0,0,0,0,-1,0,0,0,,0,,0,,0,0,0,1
1723722644,387,2,2,8,8,6.013,0,0,0.11 | 0.15 | 0.26,0,1.06 | 1.97 | 3.43,0,1.17 | 2.03 | 3.78,0.570,0.000,0,1,0,0,0,0,-1,0,0,0,,0,,0,,0,0,0,1
1723722644,387,2,2,8,8,6.013,0,0,0.11 | 0.15 | 0.26,0,1.06 | 1.97 | 3.43,0,1.17 | 2.03 | 3.78,0.570,0.000,0,1,0,0,0,0,-1,0,0,0,,0,,0,,0,0,0,1
1723722644,387,2,2,8,8,6.013,0,0,0.11 | 0.15 | 0.26,0,1.06 | 1.97 | 3.43,0,1.17 | 2.03 | 3.78,0.570,0.000,0,1,0,0,0,0,-1,0,0,0,,0,,0,,0,0,0,1
1723722644,387,2,2,8,8,4.935,0,0,0.11 | 0.11 | 0.14,0,1.06 | 2.07 | 3.43,0,1.17 | 1.93 | 3.78,0.628,0.000,0,1,0,0,0,0,-1,0,0,0,,0,,0,,0,0,0,1
1723722644,387,2,2,8,8,4.935,0,0,0.11 | 0.11 | 0.14,0,1.06 | 2.07 | 3.43,0,1.17 | 1.93 | 3.78,0.628,0.000,0,1,0,0,0,0,-1,0,0,0,,0,,0,,0,0,0,1
1723722644,387,2,2,8,8,4.935,0,0,0.11 | 0.11 | 0.14,0,1.06 | 2.07 | 3.43,0,1.17 | 1.93 | 3.78,0.628,0.000,0,1,0,0,0,0,-1,0,0,0,,0,,0,,0,0,0,1
1723722644,387,2,2,8,8,4.935,0,0,0.11 | 0.11 | 0.14,0,1.06 | 2.07 | 3.43,0,1.17 | 1.93 | 3.78,0.628,0.000,0,1,0,0,0,0,-1,0,0,0,,0,,0,,0,0,0,1
1723722644,387,2,2,8,8,4.935,0,0,0.11 | 0.11 | 0.14,0,1.06 | 2.07 | 3.43,0,1.17 | 1.93 | 3.78,0.628,0.000,0,1,0,0,0,0,-1,0,0,0,,0,,0,,0,0,0,1
1723722645,387,2,2,8,8,4.935,0,0,0.11 | 0.11 | 0.14,0,1.06 | 2.07 | 3.43,0,1.17 | 1.93 | 3.78,0.628,0.000,0,1,0,0,0,0,-1,0,0,0,,0,,0,,0,0,0,1
1723722645,387,2,2,8,8,4.935,0,0,0.11 | 0.11 | 0.14,0,1.06 | 2.07 | 3.43,0,1.17 | 1.93 | 3.78,0.628,0.000,0,1,0,0,0,0,-1,0,0,0,,0,,0,,0,0,0,1
1723722645,387,2,2,8,8,4.935,0,0,0.11 | 0.11 | 0.14,0,1.06 | 2.07 | 3.43,0,1.17 | 1.93 | 3.78,0.628,0.000,0,1,0,0,0,0,-1,0,0,0,,0,,0,,0,0,0,1
1723722645,387,2,2,8,8,4.935,0,0,0.11 | 0.11 | 0.14,0,1.06 | 2.07 | 3.43,0,1.17 | 1.93 | 3.78,0.628,0.000,0,1,0,0,0,0,-1,0,0,0,,0,,0,,0,0,0,1
1723722645,387,2,2,8,8,4.935,0,0,0.11 | 0.11 | 0.14,0,1.06 | 2.07 | 3.43,0,1.17 | 1.93 | 3.78,0.628,0.000,0,1,0,0,0,0,-1,0,0,0,,0,,0,,0,0,0,1
1723722645,387,2,2,8,8,3.872,0,0,0.11 | 0.11 | 0.14,0,1.06 | 2.07 | 3.43,0,1.17 | 1.93 | 3.78,0.628,0.000,0,1,0,0,0,0,-1,0,0,0,,0,,0,,0,0,0,1
1723722645,387,2,2,8,8,3.872,0,0,0.11 | 0.11 | 0.14,0,1.06 | 2.07 | 3.43,0,1.17 | 1.93 | 3.78,0.628,0.000,0,1,0,0,0,0,-1,0,0,0,,0,,0,,0,0,0,1
1723722645,387,2,2,8,8,3.872,0,0,0.11 | 0.11 | 0.14,0,1.06 | 2.07 | 3.43,0,1.17 | 1.93 | 3.78,0.628,0.000,0,1,0,0,0,0,-1,0,0,0,,0,,0,,0,0,0,1
1723722645,387,2,2,8,8,3.872,0,0,0.11 | 0.11 | 0.14,0,1.06 | 2.07 | 3.43,0,1.17 | 1.93 | 3.78,0.628,0.000,0,1,0,0,0,0,-1,0,0,0,,0,,0,,0,0,0,1
1723722645,387,2,2,8,8,3.872,0,0,0.11 | 0.11 | 0.14,0,1.06 | 2.07 | 3.43,0,1.17 | 1.93 | 3.78,0.628,0.000,0,1,0,0,0,0,-1,0,0,0,,0,,0,,0,0,0,1
1723722646,387,2,2,8,8,3.872,0,0,0.11 | 0.11 | 0.14,0,1.06 | 2.07 | 3.43,0,1.17 | 1.93 | 3.78,0.628,0.000,0,1,0,0,0,0,-1,0,0,0,,0,,0,,0,0,0,1
1723722646,387,2,2,8,8,3.872,0,0,0.11 | 0.11 | 0.14,0,1.06 | 2.07 | 3.43,0,1.17 | 1.93 | 3.78,0.628,0.000,0,1,0,0,0,0,-1,0,0,0,,0,,0,,0,0,0,1
1723722646,387,2,2,8,8,3.872,0,0,0.11 | 0.11 | 0.14,0,1.06 | 2.07 | 3.43,0,1.17 | 1.93 | 3.78,0.628,0.000,0,1,0,0,0,0,-1,0,0,0,,0,,0,,0,0,0,1
1723722646,387,2,2,8,8,3.872,0,0,0.11 | 0.11 | 0.14,0,1.06 | 2.07 | 3.43,0,1.17 | 1.93 | 3.78,0.628,0.000,0,1,0,0,0,0,-1,0,0,0,,0,,0,,0,0,0,1
1723722646,387,2,2,8,8,3.872,0,0,0.11 | 0.11 | 0.14,0,1.06 | 2.07 | 3.43,0,1.17 | 1.93 | 3.78,0.628,0.000,0,1,0,0,0,0,-1,0,0,0,,0,,0,,0,0,0,1
1723722646,387,2,2,8,8,2.81,0,0,0.11 | 0.11 | 0.14,0,1.06 | 2.07 | 3.43,0,1.17 | 1.93 | 3.78,0.628,0.000,0,1,0,0,0,0,-1,0,0,0,,0,,0,,0,0,0,1
1723722646,387,2,2,8,8,2.81,0,0,0.11 | 0.11 | 0.14,0,1.06 | 2.07 | 3.43,0,1.17 | 1.93 | 3.78,0.628,0.000,0,1,0,0,0,0,-1,0,0,0,,0,,0,,0,0,0,1
1723722646,387,2,2,8,8,2.81,0,0,0.11 | 0.11 | 0.14,0,1.06 | 2.07 | 3.43,0,1.17 | 1.93 | 3.78,0.628,0.000,0,1,0,0,0,0,-1,0,0,0,,0,,0,,0,0,0,1
1723722646,387,2,2,8,8,2.81,0,0,0.11 | 0.11 | 0.14,0,1.06 | 2.07 | 3.43,0,1.17 | 1.93 | 3.78,0.628,0.000,0,1,0,0,0,0,-1,0,0,0,,0,,0,,0,0,0,1
1723722646,387,2,2,8,8,2.81,0,0,0.11 | 0.11 | 0.14,0,1.06 | 2.07 | 3.43,0,1.17 | 1.93 | 3.78,0.628,0.000,0,1,0,0,0,0,-1,0,0,0,,0,,0,,0,0,0,1
1723722647,387,2,2,8,8,2.81,0,0,0.11 | 0.11 | 0.14,0,1.06 | 2.07 | 3.43,0,1.17 | 1.93 | 3.78,0.628,0.000,0,1,0,0,0,0,-1,0,0,0,,0,,0,,0,0,0,1
1723722647,387,2,2,8,8,2.81,0,0,0.11 | 0.11 | 0.14,0,1.06 | 2.07 | 3.43,0,1.17 | 1.93 | 3.78,0.628,0.000,0,1,0,0,0,0,-1,0,0,0,,0,,0,,0,0,0,1
1723722647,387,2,2,8,8,2.81,0,0,0.11 | 0.11 | 0.14,0,1.06 | 2.07 | 3.43,0,1.17 | 1.93 | 3.78,0.628,0.000,0,1,0,0,0,0,-1,0,0,0,,0,,0,,0,0,0,1
1723722647,387,2,2,8,8,2.81,0,0,0.11 | 0.11 | 0.14,0,1.06 | 2.07 | 3.43,0,1.17 | 1.93 | 3.78,0.628,0.000,0,1,0,0,0,0,-1,0,0,0,,0,,0,,0,0,0,1
1723722647,387,2,2,8,8,2.81,0,0,0.11 | 0.11 | 0.14,0,1.06 | 2.07 | 3.43,0,1.17 | 1.93 | 3.78,0.628,0.000,0,1,0,0,0,0,-1,0,0,0,,0,,0,,0,0,0,1
1723722647,387,2,2,8,8,6.813,0,0,0.11 | 0.11 | 0.14,0,1.06 | 2.40 | 3.43,0,1.17 | 1.67 | 3.78,0.625,0.000,0,1,0,0,0,0,-1,0,0,0,,0,,0,,0,0,0,1
1723722647,387,2,2,8,8,6.813,0,0,0.11 | 0.11 | 0.14,0,1.06 | 2.40 | 3.43,0,1.17 | 1.67 | 3.78,0.625,0.000,0,1,0,0,0,0,-1,0,0,0,,0,,0,,0,0,0,1
1723722647,387,2,2,8,8,6.813,0,0,0.11 | 0.11 | 0.14,0,1.06 | 2.40 | 3.43,0,1.17 | 1.67 | 3.78,0.625,0.000,0,1,0,0,0,0,-1,0,0,0,,0,,0,,0,0,0,1
1723722647,387,2,2,8,8,6.813,0,0,0.11 | 0.11 | 0.14,0,1.06 | 2.40 | 3.43,0,1.17 | 1.67 | 3.78,0.625,0.000,0,1,0,0,0,0,-1,0,0,0,,0,,0,,0,0,0,1
1723722647,387,2,2,8,8,6.813,0,0,0.11 | 0.11 | 0.14,0,1.06 | 2.40 | 3.43,0,1.17 | 1.67 | 3.78,0.625,0.000,0,1,0,0,0,0,-1,0,0,0,,0,,0,,0,0,0,1
1723722648,387,2,2,8,8,6.813,0,0,0.11 | 0.11 | 0.14,0,1.06 | 2.40 | 3.43,0,1.17 | 1.67 | 3.78,0.625,0.000,0,1,0,0,0,0,-1,0,0,0,,0,,0,,0,0,0,1
1723722648,387,2,2,8,8,6.813,0,0,0.11 | 0.11 | 0.14,0,1.06 | 2.40 | 3.43,0,1.17 | 1.67 | 3.78,0.625,0.000,0,1,0,0,0,0,-1,0,0,0,,0,,0,,0,0,0,1
1723722648,387,2,2,8,8,6.813,0,0,0.11 | 0.11 | 0.14,0,1.06 | 2.40 | 3.43,0,1.17 | 1.67 | 3.78,0.625,0.000,0,1,0,0,0,0,-1,0,0,0,,0,,0,,0,0,0,1
1723722648,387,2,2,8,8,6.813,0,0,0.11 | 0.11 | 0.14,0,1.06 | 2.40 | 3.43,0,1.17 | 1.67 | 3.78,0.625,0.000,0,1,0,0,0,0,-1,0,0,0,,0,,0,,0,0,0,1
1723722648,387,2,2,8,8,6.813,0,0,0.11 | 0.11 | 0.14,0,1.06 | 2.40 | 3.43,0,1.17 | 1.67 | 3.78,0.625,0.000,0,1,0,0,0,0,-1,0,0,0,,0,,0,,0,0,0,1
1723722648,387,2,2,8,8,8.915,0,0,0.11 | 0.11 | 0.11,0,1.59 | 2.53 | 3.43,0,1.17 | 1.58 | 2.52,0.623,0.000,0,1,0,0,0,0,-1,0,0,0,,0,,0,,0,0,0,1
1723722648,387,2,2,8,8,8.915,0,0,0.11 | 0.11 | 0.11,0,1.59 | 2.53 | 3.43,0,1.17 | 1.58 | 2.52,0.623,0.000,0,1,0,0,0,0,-1,0,0,0,,0,,0,,0,0,0,1
1723722648,387,2,2,8,8,8.915,0,0,0.11 | 0.11 | 0.11,0,1.59 | 2.53 | 3.43,0,1.17 | 1.58 | 2.52,0.623,0.000,0,1,0,0,0,0,-1,0,0,0,,0,,0,,0,0,0,1
1723722648,387,2,2,8,8,8.915,0,0,0.11 | 0.11 | 0.11,0,1.59 | 2.53 | 3.43,0,1.17 | 1.58 | 2.52,0.623,0.000,0,1,0,0,0,0,-1,0,0,0,,0,,0,,0,0,0,1
1723722648,387,2,2,8,8,8.915,0,0,0.11 | 0.11 | 0.11,0,1.59 | 2.53 | 3.43,0,1.17 | 1.58 | 2.52,0.623,0.000,0,1,0,0,0,0,-1,0,0,0,,0,,0,,0,0,0,1
1723722649,387,2,2,8,8,8.915,0,0,0.11 | 0.11 | 0.11,0,1.59 | 2.53 | 3.43,0,1.17 | 1.58 | 2.52,0.623,0.000,0,1,0,0,0,0,-1,0,0,0,,0,,0,,0,0,0,1
1723722649,387,2,2,8,8,8.915,0,0,0.11 | 0.11 | 0.11,0,1.59 | 2.53 | 3.43,0,1.17 | 1.58 | 2.52,0.623,0.000,0,1,0,0,0,0,-1,0,0,0,,0,,0,,0,0,0,1
1723722649,387,2,2,8,8,8.915,0,0,0.11 | 0.11 | 0.11,0,1.59 | 2.53 | 3.43,0,1.17 | 1.58 | 2.52,0.623,0.000,0,1,0,0,0,0,-1,0,0,0,,0,,0,,0,0,0,1
1723722649,387,2,2,8,8,8.915,0,0,0.11 | 0.11 | 0.11,0,1.59 | 2.53 | 3.43,0,1.17 | 1.58 | 2.52,0.623,0.000,0,1,0,0,0,0,-1,0,0,0,,0,,0,,0,0,0,1
1723722649,387,2,2,8,8,8.915,0,0,0.11 | 0.11 | 0.11,0,1.59 | 2.53 | 3.43,0,1.17 | 1.58 | 2.52,0.623,0.000,0,1,0,0,0,0,-1,0,0,0,,0,,0,,0,0,0,1
1723722649,387,2,2,8,8,7.888,0,0,0.11 | 0.11 | 0.11,0,1.59 | 2.53 | 3.43,0,1.17 | 1.58 | 2.52,0.623,0.000,0,1,0,0,0,0,-1,0,0,0,,0,,0,,0,0,0,1
1723722649,387,2,2,8,8,7.888,0,0,0.11 | 0.11 | 0.11,0,1.59 | 2.53 | 3.43,0,1.17 | 1.58 | 2.52,0.623,0.000,0,1,0,0,0,0,-1,0,0,0,,0,,0,,0,0,0,1
1723722649,387,2,2,8,8,7.888,0,0,0.11 | 0.11 | 0.11,0,1.59 | 2.53 | 3.43,0,1.17 | 1.58 | 2.52,0.623,0.000,0,1,0,0,0,0,-1,0,0,0,,0,,0,,0,0,0,1
1723722649,387,2,2,8,8,7.888,0,0,0.11 | 0.11 | 0.11,0,1.59 | 2.53 | 3.43,0,1.17 | 1.58 | 2.52,0.623,0.000,0,1,0,0,0,0,-1,0,0,0,,0,,0,,0,0,0,1
1723722649,387,2,2,8,8,7.888,0,0,0.11 | 0.11 | 0.11,0,1.59 | 2.53 | 3.43,0,1.17 | 1.58 | 2.52,0.623,0.000,0,1,0,0,0,0,-1,0,0,0,,0,,0,,0,0,0,1
1723722650,387,2,2,8,8,7.888,0,0,0.11 | 0.11 | 0.11,0,1.59 | 2.53 | 3.43,0,1.17 | 1.58 | 2.52,0.623,0.000,0,1,0,0,0,0,-1,0,0,0,,0,,0,,0,0,0,1
1723722650,387,2,2,8,8,7.888,0,0,0.11 | 0.11 | 0.11,0,1.59 | 2.53 | 3.43,0,1.17 | 1.58 | 2.52,0.623,0.000,0,1,0,0,0,0,-1,0,0,0,,0,,0,,0,0,0,1
1723722650,387,2,2,8,8,7.888,0,0,0.11 | 0.11 | 0.11,0,1.59 | 2.53 | 3.43,0,1.17 | 1.58 | 2.52,0.623,0.000,0,1,0,0,0,0,-1,0,0,0,,0,,0,,0,0,0,1
1723722650,387,2,2,8,8,7.888,0,0,0.11 | 0.11 | 0.11,0,1.59 | 2.53 | 3.43,0,1.17 | 1.58 | 2.52,0.623,0.000,0,1,0,0,0,0,-1,0,0,0,,0,,0,,0,0,0,1
1723722650,387,2,2,8,8,7.888,0,0,0.11 | 0.11 | 0.11,0,1.59 | 2.53 | 3.43,0,1.17 | 1.58 | 2.52,0.623,0.000,0,1,0,0,0,0,-1,0,0,0,,0,,0,,0,0,0,1
1723722650,387,2,2,8,8,6.825,0,0,0.11 | 0.11 | 0.11,0,1.59 | 2.53 | 3.43,0,1.17 | 1.58 | 2.52,0.623,0.000,0,1,0,0,0,0,-1,0,0,0,,0,,0,,0,0,0,1
1723722650,387,2,2,8,8,6.825,0,0,0.11 | 0.11 | 0.11,0,1.59 | 2.53 | 3.43,0,1.17 | 1.58 | 2.52,0.623,0.000,0,1,0,0,0,0,-1,0,0,0,,0,,0,,0,0,0,1
1723722650,387,2,2,8,8,6.825,0,0,0.11 | 0.11 | 0.11,0,1.59 | 2.53 | 3.43,0,1.17 | 1.58 | 2.52,0.623,0.000,0,1,0,0,0,0,-1,0,0,0,,0,,0,,0,0,0,1
1723722650,387,2,2,8,8,6.825,0,0,0.11 | 0.11 | 0.11,0,1.59 | 2.53 | 3.43,0,1.17 | 1.58 | 2.52,0.623,0.000,0,1,0,0,0,0,-1,0,0,0,,0,,0,,0,0,0,1
1723722650,387,2,2,8,8,6.825,0,0,0.11 | 0.11 | 0.11,0,1.59 | 2.53 | 3.43,0,1.17 | 1.58 | 2.52,0.623,0.000,0,1,0,0,0,0,-1,0,0,0,,0,,0,,0,0,0,1
1723722651,387,2,2,8,8,6.825,0,0,0.11 | 0.11 | 0.11,0,1.59 | 2.53 | 3.43,0,1.17 | 1.58 | 2.52,0.623,0.000,0,1,0,0,0,0,-1,0,0,0,,0,,0,,0,0,0,1
1723722651,387,2,2,8,8,6.825,0,0,0.11 | 0.11 | 0.11,0,1.59 | 2.53 | 3.43,0,1.17 | 1.58 | 2.52,0.623,0.000,0,1,0,0,0,0,-1,0,0,0,,0,,0,,0,0,0,1
1723722651,387,2,2,8,8,6.825,0,0,0.11 | 0.11 | 0.11,0,1.59 | 2.53 | 3.43,0,1.17 | 1.58 | 2.52,0.623,0.000,0,1,0,0,0,0,-1,0,0,0,,0,,0,,0,0,0,1
1723722651,387,2,2,8,8,6.825,0,0,0.11 | 0.11 | 0.11,0,1.59 | 2.53 | 3.43,0,1.17 | 1.58 | 2.52,0.623,0.000,0,1,0,0,0,0,-1,0,0,0,,0,,0,,0,0,0,1
1723722651,387,2,2,8,8,6.825,0,0,0.11 | 0.11 | 0.11,0,1.59 | 2.53 | 3.43,0,1.17 | 1.58 | 2.52,0.623,0.000,0,1,0,0,0,0,-1,0,0,0,,0,,0,,0,0,0,1
1723722651,387,2,2,8,8,6.029,0,0,0.11 | 0.11 | 0.11,0,1.59 | 2.53 | 3.43,0,1.17 | 1.58 | 2.52,0.623,0.000,0,1,0,0,0,0,-1,0,0,0,,0,,0,,0,0,0,1
1723722651,387,2,2,8,8,6.029,0,0,0.11 | 0.11 | 0.11,0,1.59 | 2.53 | 3.43,0,1.17 | 1.58 | 2.52,0.623,0.000,0,1,0,0,0,0,-1,0,0,0,,0,,0,,0,0,0,1
1723722651,387,2,2,8,8,6.029,0,0,0.11 | 0.11 | 0.11,0,1.59 | 2.53 | 3.43,0,1.17 | 1.58 | 2.52,0.623,0.000,0,1,0,0,0,0,-1,0,0,0,,0,,0,,0,0,0,1
1723722651,387,2,2,8,8,6.029,0,0,0.11 | 0.11 | 0.11,0,1.59 | 2.53 | 3.43,0,1.17 | 1.58 | 2.52,0.623,0.000,0,1,0,0,0,0,-1,0,0,0,,0,,0,,0,0,0,1
1723722651,387,2,2,8,8,6.029,0,0,0.11 | 0.11 | 0.11,0,1.59 | 2.53 | 3.43,0,1.17 | 1.58 | 2.52,0.623,0.000,0,1,0,0,0,0,-1,0,0,0,,0,,0,,0,0,0,1
1723722652,387,2,2,8,8,6.029,0,0,0.11 | 0.11 | 0.11,0,1.59 | 2.53 | 3.43,0,1.17 | 1.58 | 2.52,0.623,0.000,0,1,0,0,0,0,-1,0,0,0,,0,,0,,0,0,0,1
1723722652,387,2,2,8,8,6.029,0,0,0.11 | 0.11 | 0.11,0,1.59 | 2.53 | 3.43,0,1.17 | 1.58 | 2.52,0.623,0.000,0,1,0,0,0,0,-1,0,0,0,,0,,0,,0,0,0,1
1723722652,387,2,2,8,8,6.029,0,0,0.11 | 0.11 | 0.11,0,1.59 | 2.53 | 3.43,0,1.17 | 1.58 | 2.52,0.623,0.000,0,1,0,0,0,0,-1,0,0,0,,0,,0,,0,0,0,1
1723722652,387,2,2,8,8,6.029,0,0,0.11 | 0.11 | 0.11,0,1.59 | 2.53 | 3.43,0,1.17 | 1.58 | 2.52,0.623,0.000,0,1,0,0,0,0,-1,0,0,0,,0,,0,,0,0,0,1
1723722652,387,2,2,8,8,6.029,0,0,0.11 | 0.11 | 0.11,0,1.59 | 2.53 | 3.43,0,1.17 | 1.58 | 2.52,0.623,0.000,0,1,0,0,0,0,-1,0,0,0,,0,,0,,0,0,0,1
1723722652,387,2,2,8,8,4.966,0,0,0.11 | 0.11 | 0.11,0,1.59 | 2.53 | 3.43,0,1.17 | 1.58 | 2.52,0.623,0.000,0,1,0,0,0,0,-1,0,0,0,,0,,0,,0,0,0,1
1723722652,387,2,2,8,8,4.966,0,0,0.11 | 0.11 | 0.11,0,1.59 | 2.53 | 3.43,0,1.17 | 1.58 | 2.52,0.623,0.000,0,1,0,0,0,0,-1,0,0,0,,0,,0,,0,0,0,1
1723722652,387,2,2,8,8,4.966,0,0,0.11 | 0.11 | 0.11,0,1.59 | 2.53 | 3.43,0,1.17 | 1.58 | 2.52,0.623,0.000,0,1,0,0,0,0,-1,0,0,0,,0,,0,,0,0,0,1
1723722652,387,2,2,8,8,4.966,0,0,0.11 | 0.11 | 0.11,0,1.59 | 2.53 | 3.43,0,1.17 | 1.58 | 2.52,0.623,0.000,0,1,0,0,0,0,-1,0,0,0,,0,,0,,0,0,0,1
1723722652,387,2,2,8,8,4.966,0,0,0.11 | 0.11 | 0.11,0,1.59 | 2.53 | 3.43,0,1.17 | 1.58 | 2.52,0.623,0.000,0,1,0,0,0,0,-1,0,0,0,,0,,0,,0,0,0,1
1723722653,387,2,2,8,8,4.966,0,0,0.11 | 0.11 | 0.11,0,1.59 | 2.53 | 3.43,0,1.17 | 1.58 | 2.52,0.623,0.000,0,1,0,0,0,0,-1,0,0,0,,0,,0,,0,0,0,1
1723722653,387,2,2,8,8,4.966,0,0,0.11 | 0.11 | 0.11,0,1.59 | 2.53 | 3.43,0,1.17 | 1.58 | 2.52,0.623,0.000,0,1,0,0,0,0,-1,0,0,0,,0,,0,,0,0,0,1
1723722653,387,2,2,8,8,4.966,0,0,0.11 | 0.11 | 0.11,0,1.59 | 2.53 | 3.43,0,1.17 | 1.58 | 2.52,0.623,0.000,0,1,0,0,0,0,-1,0,0,0,,0,,0,,0,0,0,1
1723722653,387,2,2,8,8,4.966,0,0,0.11 | 0.11 | 0.11,0,1.59 | 2.53 | 3.43,0,1.17 | 1.58 | 2.52,0.623,0.000,0,1,0,0,0,0,-1,0,0,0,,0,,0,,0,0,0,1
1723722653,387,2,2,8,8,4.966,0,0,0.11 | 0.11 | 0.11,0,1.59 | 2.53 | 3.43,0,1.17 | 1.58 | 2.52,0.623,0.000,0,1,0,0,0,0,-1,0,0,0,,0,,0,,0,0,0,1
1723722653,387,2,2,8,8,8.704,0,0,0.11 | 0.11 | 0.11,0,1.59 | 2.88 | 4.84,0,0.83 | 1.39 | 2.52,0.574,0.000,0,1,0,0,0,0,-1,0,0,0,,0,,0,,0,0,0,1
1723722653,387,2,2,8,8,8.704,0,0,0.11 | 0.11 | 0.11,0,1.59 | 2.88 | 4.84,0,0.83 | 1.39 | 2.52,0.574,0.000,0,1,0,0,0,0,-1,0,0,0,,0,,0,,0,0,0,1
1723722653,387,2,2,8,8,8.704,0,0,0.11 | 0.11 | 0.11,0,1.59 | 2.88 | 4.84,0,0.83 | 1.39 | 2.52,0.574,0.000,0,1,0,0,0,0,-1,0,0,0,,0,,0,,0,0,0,1
1723722653,387,2,2,8,8,8.704,0,0,0.11 | 0.11 | 0.11,0,1.59 | 2.88 | 4.84,0,0.83 | 1.39 | 2.52,0.574,0.000,0,1,0,0,0,0,-1,0,0,0,,0,,0,,0,0,0,1
1723722653,387,2,2,8,8,8.704,0,0,0.11 | 0.11 | 0.11,0,1.59 | 2.88 | 4.84,0,0.83 | 1.39 | 2.52,0.574,0.000,0,1,0,0,0,0,-1,0,0,0,,0,,0,,0,0,0,1
1723722654,387,2,2,8,8,8.704,0,0,0.11 | 0.11 | 0.11,0,1.59 | 2.88 | 4.84,0,0.83 | 1.39 | 2.52,0.574,0.000,0,1,0,0,0,0,-1,0,0,0,,0,,0,,0,0,0,1
1723722654,387,2,2,8,8,8.704,0,0,0.11 | 0.11 | 0.11,0,1.59 | 2.88 | 4.84,0,0.83 | 1.39 | 2.52,0.574,0.000,0,1,0,0,0,0,-1,0,0,0,,0,,0,,0,0,0,1
1723722654,387,2,2,8,8,8.704,0,0,0.11 | 0.11 | 0.11,0,1.59 | 2.88 | 4.84,0,0.83 | 1.39 | 2.52,0.574,0.000,0,1,0,0,0,0,-1,0,0,0,,0,,0,,0,0,0,1
1723722654,387,2,2,8,8,8.704,0,0,0.11 | 0.11 | 0.11,0,1.59 | 2.88 | 4.84,0,0.83 | 1.39 | 2.52,0.574,0.000,0,1,0,0,0,0,-1,0,0,0,,0,,0,,0,0,0,1
1723722654,387,2,2,8,8,8.704,0,0,0.11 | 0.11 | 0.11,0,1.59 | 2.88 | 4.84,0,0.83 | 1.39 | 2.52,0.574,0.000,0,1,0,0,0,0,-1,0,0,0,,0,,0,,0,0,0,1
1723722654,387,2,2,8,8,7.641,0,0,0.11 | 0.11 | 0.11,0,1.59 | 2.88 | 4.84,0,0.83 | 1.39 | 2.52,0.574,0.000,0,1,0,0,0,0,-1,0,0,0,,0,,0,,0,0,0,1
1723722654,387,2,2,8,8,7.641,0,0,0.11 | 0.11 | 0.11,0,1.59 | 2.88 | 4.84,0,0.83 | 1.39 | 2.52,0.574,0.000,0,1,0,0,0,0,-1,0,0,0,,0,,0,,0,0,0,1
1723722654,387,2,2,8,8,7.641,0,0,0.11 | 0.11 | 0.11,0,1.59 | 2.88 | 4.84,0,0.83 | 1.39 | 2.52,0.574,0.000,0,1,0,0,0,0,-1,0,0,0,,0,,0,,0,0,0,1
1723722654,387,2,2,8,8,7.641,0,0,0.11 | 0.11 | 0.11,0,1.59 | 2.88 | 4.84,0,0.83 | 1.39 | 2.52,0.574,0.000,0,1,0,0,0,0,-1,0,0,0,,0,,0,,0,0,0,1
1723722654,387,2,2,8,8,7.641,0,0,0.11 | 0.11 | 0.11,0,1.59 | 2.88 | 4.84,0,0.83 | 1.39 | 2.52,0.574,0.000,0,1,0,0,0,0,-1,0,0,0,,0,,0,,0,0,0,1
1723722655,387,2,2,8,8,7.641,0,0,0.11 | 0.11 | 0.11,0,1.59 | 2.88 | 4.84,0,0.83 | 1.39 | 2.52,0.574,0.000,0,1,0,0,0,0,-1,0,0,0,,0,,0,,0,0,0,1
1723722655,387,2,2,8,8,7.641,0,0,0.11 | 0.11 | 0.11,0,1.59 | 2.88 | 4.84,0,0.83 | 1.39 | 2.52,0.574,0.000,0,1,0,0,0,0,-1,0,0,0,,0,,0,,0,0,0,1
1723722655,387,2,2,8,8,7.641,0,0,0.11 | 0.11 | 0.11,0,1.59 | 2.88 | 4.84,0,0.83 | 1.39 | 2.52,0.574,0.000,0,1,0,0,0,0,-1,0,0,0,,0,,0,,0,0,0,1
1723722655,387,2,2,8,8,7.641,0,0,0.11 | 0.11 | 0.11,0,1.59 | 2.88 | 4.84,0,0.83 | 1.39 | 2.52,0.574,0.000,0,1,0,0,0,0,-1,0,0,0,,0,,0,,0,0,0,1
1723722655,387,2,2,8,8,7.641,0,0,0.11 | 0.11 | 0.11,0,1.59 | 2.88 | 4.84,0,0.83 | 1.39 | 2.52,0.574,0.000,0,1,0,0,0,0,-1,0,0,0,,0,,0,,0,0,0,1
1723722655,387,2,2,8,8,6.844,0,0,0.11 | 0.11 | 0.11,0,1.59 | 2.88 | 4.84,0,0.83 | 1.39 | 2.52,0.574,0.000,0,1,0,0,0,0,-1,0,0,0,,0,,0,,0,0,0,1
1723722655,387,2,2,8,8,6.844,0,0,0.11 | 0.11 | 0.11,0,1.59 | 2.88 | 4.84,0,0.83 | 1.39 | 2.52,0.574,0.000,0,1,0,0,0,0,-1,0,0,0,,0,,0,,0,0,0,1
1723722655,387,2,2,8,8,6.844,0,0,0.11 | 0.11 | 0.11,0,1.59 | 2.88 | 4.84,0,0.83 | 1.39 | 2.52,0.574,0.000,0,1,0,0,0,0,-1,0,0,0,,0,,0,,0,0,0,1
1723722655,387,2,2,8,8,6.844,0,0,0.11 | 0.11 | 0.11,0,1.59 | 2.88 | 4.84,0,0.83 | 1.39 | 2.52,0.574,0.000,0,1,0,0,0,0,-1,0,0,0,,0,,0,,0,0,0,1
1723722655,387,2,2,8,8,6.844,0,0,0.11 | 0.11 | 0.11,0,1.59 | 2.88 | 4.84,0,0.83 | 1.39 | 2.52,0.574,0.000,0,1,0,0,0,0,-1,0,0,0,,0,,0,,0,0,0,1
1723722656,387,2,2,8,8,6.844,0,0,0.11 | 0.11 | 0.11,0,1.59 | 2.88 | 4.84,0,0.83 | 1.39 | 2.52,0.574,0.000,0,1,0,0,0,0,-1,0,0,0,,0,,0,,0,0,0,1
1723722656,387,2,2,8,8,6.844,0,0,0.11 | 0.11 | 0.11,0,1.59 | 2.88 | 4.84,0,0.83 | 1.39 | 2.52,0.574,0.000,0,1,0,0,0,0,-1,0,0,0,,0,,0,,0,0,0,1
1723722656,387,2,2,8,8,6.844,0,0,0.11 | 0.11 | 0.11,0,1.59 | 2.88 | 4.84,0,0.83 | 1.39 | 2.52,0.574,0.000,0,1,0,0,0,0,-1,0,0,0,,0,,0,,0,0,0,1
1723722656,387,2,2,8,8,6.844,0,0,0.11 | 0.11 | 0.11,0,1.59 | 2.88 | 4.84,0,0.83 | 1.39 | 2.52,0.574,0.000,0,1,0,0,0,0,-1,0,0,0,,0,,0,,0,0,0,1
1723722656,387,2,2,8,8,6.844,0,0,0.11 | 0.11 | 0.11,0,1.59 | 2.88 | 4.84,0,0.83 | 1.39 | 2.52,0.574,0.000,0,1,0,0,0,0,-1,0,0,0,,0,,0,,0,0,0,1
1723722656,387,2,2,8,8,8.841,0,0,0.11 | 0.11 | 0.11,0,1.59 | 3.04 | 4.84,0,0.83 | 1.32 | 2.52,0.578,0.000,0,1,0,0,0,0,-1,0,0,0,,0,,0,,0,0,0,1
1723722656,387,2,2,8,8,8.841,0,0,0.11 | 0.11 | 0.11,0,1.59 | 3.04 | 4.84,0,0.83 | 1.32 | 2.52,0.578,0.000,0,1,0,0,0,0,-1,0,0,0,,0,,0,,0,0,0,1
1723722656,387,2,2,8,8,8.841,0,0,0.11 | 0.11 | 0.11,0,1.59 | 3.04 | 4.84,0,0.83 | 1.32 | 2.52,0.578,0.000,0,1,0,0,0,0,-1,0,0,0,,0,,0,,0,0,0,1
1723722656,387,2,2,8,8,8.841,0,0,0.11 | 0.11 | 0.11,0,1.59 | 3.04 | 4.84,0,0.83 | 1.32 | 2.52,0.578,0.000,0,1,0,0,0,0,-1,0,0,0,,0,,0,,0,0,0,1
1723722656,387,2,2,8,8,8.841,0,0,0.11 | 0.11 | 0.11,0,1.59 | 3.04 | 4.84,0,0.83 | 1.32 | 2.52,0.578,0.000,0,1,0,0,0,0,-1,0,0,0,,0,,0,,0,0,0,1
1723722657,387,2,2,8,8,8.841,0,0,0.11 | 0.11 | 0.11,0,1.59 | 3.04 | 4.84,0,0.83 | 1.32 | 2.52,0.578,0.000,0,1,0,0,0,0,-1,0,0,0,,0,,0,,0,0,0,1
1723722657,387,2,2,8,8,8.841,0,0,0.11 | 0.11 | 0.11,0,1.59 | 3.04 | 4.84,0,0.83 | 1.32 | 2.52,0.578,0.000,0,1,0,0,0,0,-1,0,0,0,,0,,0,,0,0,0,1
1723722657,387,2,2,8,8,8.841,0,0,0.11 | 0.11 | 0.11,0,1.59 | 3.04 | 4.84,0,0.83 | 1.32 | 2.52,0.578,0.000,0,1,0,0,0,0,-1,0,0,0,,0,,0,,0,0,0,1
1723722657,387,2,2,8,8,8.841,0,0,0.11 | 0.11 | 0.11,0,1.59 | 3.04 | 4.84,0,0.83 | 1.32 | 2.52,0.578,0.000,0,1,0,0,0,0,-1,0,0,0,,0,,0,,0,0,0,1
1723722657,387,2,2,8,8,8.841,0,0,0.11 | 0.11 | 0.11,0,1.59 | 3.04 | 4.84,0,0.83 | 1.32 | 2.52,0.578,0.000,0,1,0,0,0,0,-1,0,0,0,,0,,0,,0,0,0,1
1723722657,387,2,2,8,8,7.872,0,0,0.11 | 0.11 | 0.11,0,1.59 | 3.04 | 4.84,0,0.83 | 1.32 | 2.52,0.578,0.000,0,1,0,0,0,0,-1,0,0,0,,0,,0,,0,0,0,1
1723722657,387,2,2,8,8,7.872,0,0,0.11 | 0.11 | 0.11,0,1.59 | 3.04 | 4.84,0,0.83 | 1.32 | 2.52,0.578,0.000,0,1,0,0,0,0,-1,0,0,0,,0,,0,,0,0,0,1
1723722657,387,2,2,8,8,7.872,0,0,0.11 | 0.11 | 0.11,0,1.59 | 3.04 | 4.84,0,0.83 | 1.32 | 2.52,0.578,0.000,0,1,0,0,0,0,-1,0,0,0,,0,,0,,0,0,0,1
1723722657,387,2,2,8,8,7.872,0,0,0.11 | 0.11 | 0.11,0,1.59 | 3.04 | 4.84,0,0.83 | 1.32 | 2.52,0.578,0.000,0,1,0,0,0,0,-1,0,0,0,,0,,0,,0,0,0,1
1723722657,387,2,2,8,8,7.872,0,0,0.11 | 0.11 | 0.11,0,1.59 | 3.04 | 4.84,0,0.83 | 1.32 | 2.52,0.578,0.000,0,1,0,0,0,0,-1,0,0,0,,0,,0,,0,0,0,1
1723722658,387,2,2,8,8,7.872,0,0,0.11 | 0.11 | 0.11,0,1.59 | 3.04 | 4.84,0,0.83 | 1.32 | 2.52,0.578,0.000,0,1,0,0,0,0,-1,0,0,0,,0,,0,,0,0,0,1
1723722658,387,2,2,8,8,7.872,0,0,0.11 | 0.11 | 0.11,0,1.59 | 3.04 | 4.84,0,0.83 | 1.32 | 2.52,0.578,0.000,0,1,0,0,0,0,-1,0,0,0,,0,,0,,0,0,0,1
1723722658,387,2,2,8,8,7.872,0,0,0.11 | 0.11 | 0.11,0,1.59 | 3.04 | 4.84,0,0.83 | 1.32 | 2.52,0.578,0.000,0,1,0,0,0,0,-1,0,0,0,,0,,0,,0,0,0,1
1723722658,387,2,2,8,8,7.872,0,0,0.11 | 0.11 | 0.11,0,1.59 | 3.04 | 4.84,0,0.83 | 1.32 | 2.52,0.578,0.000,0,1,0,0,0,0,-1,0,0,0,,0,,0,,0,0,0,1
1723722658,387,2,2,8,8,7.872,0,0,0.11 | 0.11 | 0.11,0,1.59 | 3.04 | 4.84,0,0.83 | 1.32 | 2.52,0.578,0.000,0,1,0,0,0,0,-1,0,0,0,,0,,0,,0,0,0,1
1723722658,387,2,2,8,8,6.81,0,0,0.11 | 0.11 | 0.11,0,1.59 | 3.04 | 4.84,0,0.83 | 1.32 | 2.52,0.578,0.000,0,1,0,0,0,0,-1,0,0,0,,0,,0,,0,0,0,1
1723722658,387,2,2,8,8,6.81,0,0,0.11 | 0.11 | 0.11,0,1.59 | 3.04 | 4.84,0,0.83 | 1.32 | 2.52,0.578,0.000,0,1,0,0,0,0,-1,0,0,0,,0,,0,,0,0,0,1
1723722658,387,2,2,8,8,6.81,0,0,0.11 | 0.11 | 0.11,0,1.59 | 3.04 | 4.84,0,0.83 | 1.32 | 2.52,0.578,0.000,0,1,0,0,0,0,-1,0,0,0,,0,,0,,0,0,0,1
1723722658,387,2,2,8,8,6.81,0,0,0.11 | 0.11 | 0.11,0,1.59 | 3.04 | 4.84,0,0.83 | 1.32 | 2.52,0.578,0.000,0,1,0,0,0,0,-1,0,0,0,,0,,0,,0,0,0,1
1723722658,387,2,2,8,8,6.81,0,0,0.11 | 0.11 | 0.11,0,1.59 | 3.04 | 4.84,0,0.83 | 1.32 | 2.52,0.578,0.000,0,1,0,0,0,0,-1,0,0,0,,0,,0,,0,0,0,1
1723722659,387,2,2,8,8,6.81,0,0,0.11 | 0.11 | 0.11,0,1.59 | 3.04 | 4.84,0,0.83 | 1.32 | 2.52,0.578,0.000,0,1,0,0,0,0,-1,0,0,0,,0,,0,,0,0,0,1
1723722659,387,2,2,8,8,6.81,0,0,0.11 | 0.11 | 0.11,0,1.59 | 3.04 | 4.84,0,0.83 | 1.32 | 2.52,0.578,0.000,0,1,0,0,0,0,-1,0,0,0,,0,,0,,0,0,0,1
1723722659,387,2,2,8,8,6.81,0,0,0.11 | 0.11 | 0.11,0,1.59 | 3.04 | 4.84,0,0.83 | 1.32 | 2.52,0.578,0.000,0,1,0,0,0,0,-1,0,0,0,,0,,0,,0,0,0,1
1723722659,387,2,2,8,8,6.81,0,0,0.11 | 0.11 | 0.11,0,1.59 | 3.04 | 4.84,0,0.83 | 1.32 | 2.52,0.578,0.000,0,1,0,0,0,0,-1,0,0,0,,0,,0,,0,0,0,1
1723722659,387,2,2,8,8,6.81,0,0,0.11 | 0.11 | 0.11,0,1.59 | 3.04 | 4.84,0,0.83 | 1.32 | 2.52,0.578,0.000,0,1,0,0,0,0,-1,0,0,0,,0,,0,,0,0,0,1
1723722659,387,2,2,8,8,10.666,0,0,0.11 | 0.11 | 0.11,0,1.59 | 3.07 | 4.84,0,0.83 | 1.30 | 2.52,0.574,0.000,0,1,0,0,0,0,-1,0,0,0,,0,,0,,0,0,0,1
1723722659,387,2,2,8,8,10.666,0,0,0.11 | 0.11 | 0.11,0,1.59 | 3.07 | 4.84,0,0.83 | 1.30 | 2.52,0.574,0.000,0,1,0,0,0,0,-1,0,0,0,,0,,0,,0,0,0,1
1723722659,387,2,2,8,8,10.666,0,0,0.11 | 0.11 | 0.11,0,1.59 | 3.07 | 4.84,0,0.83 | 1.30 | 2.52,0.574,0.000,0,1,0,0,0,0,-1,0,0,0,,0,,0,,0,0,0,1
1723722659,387,2,2,8,8,10.666,0,0,0.11 | 0.11 | 0.11,0,1.59 | 3.07 | 4.84,0,0.83 | 1.30 | 2.52,0.574,0.000,0,1,0,0,0,0,-1,0,0,0,,0,,0,,0,0,0,1
1723722659,387,2,2,8,8,10.666,0,0,0.11 | 0.11 | 0.11,0,1.59 | 3.07 | 4.84,0,0.83 | 1.30 | 2.52,0.574,0.000,0,1,0,0,0,0,-1,0,0,0,,0,,0,,0,0,0,1
1723722660,387,2,2,8,8,10.666,0,0,0.11 | 0.11 | 0.11,0,1.59 | 3.07 | 4.84,0,0.83 | 1.30 | 2.52,0.574,0.000,0,1,0,0,0,0,-1,0,0,0,,0,,0,,0,0,0,1
1723722660,387,2,2,8,8,10.666,0,0,0.11 | 0.11 | 0.11,0,1.59 | 3.07 | 4.84,0,0.83 | 1.30 | 2.52,0.574,0.000,0,1,0,0,0,0,-1,0,0,0,,0,,0,,0,0,0,1
1723722660,387,2,2,8,8,10.666,0,0,0.11 | 0.11 | 0.11,0,1.59 | 3.07 | 4.84,0,0.83 | 1.30 | 2.52,0.574,0.000,0,1,0,0,0,0,-1,0,0,0,,0,,0,,0,0,0,1
1723722660,387,2,2,8,8,10.666,0,0,0.11 | 0.11 | 0.11,0,1.59 | 3.07 | 4.84,0,0.83 | 1.30 | 2.52,0.574,0.000,0,1,0,0,0,0,-1,0,0,0,,0,,0,,0,0,0,1
1723722660,387,2,2,8,8,10.666,0,0,0.11 | 0.11 | 0.11,0,1.59 | 3.07 | 4.84,0,0.83 | 1.30 | 2.52,0.574,0.000,0,1,0,0,0,0,-1,0,0,0,,0,,0,,0,0,0,1
1723722660,387,2,2,8,8,9.75,0,0,0.11 | 0.11 | 0.11,0,1.59 | 3.07 | 4.84,0,0.83 | 1.30 | 2.52,0.574,0.000,0,1,0,0,0,0,-1,0,0,0,,0,,0,,0,0,0,1
1723722660,387,2,2,8,8,9.75,0,0,0.11 | 0.11 | 0.11,0,1.59 | 3.07 | 4.84,0,0.83 | 1.30 | 2.52,0.574,0.000,0,1,0,0,0,0,-1,0,0,0,,0,,0,,0,0,0,1
1723722660,387,2,2,8,8,9.75,0,0,0.11 | 0.11 | 0.11,0,1.59 | 3.07 | 4.84,0,0.83 | 1.30 | 2.52,0.574,0.000,0,1,0,0,0,0,-1,0,0,0,,0,,0,,0,0,0,1
1723722660,387,2,2,8,8,9.75,0,0,0.11 | 0.11 | 0.11,0,1.59 | 3.07 | 4.84,0,0.83 | 1.30 | 2.52,0.574,0.000,0,1,0,0,0,0,-1,0,0,0,,0,,0,,0,0,0,1
1723722660,387,2,2,8,8,9.75,0,0,0.11 | 0.11 | 0.11,0,1.59 | 3.07 | 4.84,0,0.83 | 1.30 | 2.52,0.574,0.000,0,1,0,0,0,0,-1,0,0,0,,0,,0,,0,0,0,1
1723722661,387,2,2,8,8,9.75,0,0,0.11 | 0.11 | 0.11,0,1.59 | 3.07 | 4.84,0,0.83 | 1.30 | 2.52,0.574,0.000,0,1,0,0,0,0,-1,0,0,0,,0,,0,,0,0,0,1
1723722661,387,2,2,8,8,9.75,0,0,0.11 | 0.11 | 0.11,0,1.59 | 3.07 | 4.84,0,0.83 | 1.30 | 2.52,0.574,0.000,0,1,0,0,0,0,-1,0,0,0,,0,,0,,0,0,0,1
1723722661,387,2,2,8,8,9.75,0,0,0.11 | 0.11 | 0.11,0,1.59 | 3.07 | 4.84,0,0.83 | 1.30 | 2.52,0.574,0.000,0,1,0,0,0,0,-1,0,0,0,,0,,0,,0,0,0,1
1723722661,387,2,2,8,8,9.75,0,0,0.11 | 0.11 | 0.11,0,1.59 | 3.07 | 4.84,0,0.83 | 1.30 | 2.52,0.574,0.000,0,1,0,0,0,0,-1,0,0,0,,0,,0,,0,0,0,1
1723722661,387,2,2,8,8,9.75,0,0,0.11 | 0.11 | 0.11,0,1.59 | 3.07 | 4.84,0,0.83 | 1.30 | 2.52,0.574,0.000,0,1,0,0,0,0,-1,0,0,0,,0,,0,,0,0,0,1
1723722661,387,2,2,8,8,8.688,0,0,0.11 | 0.11 | 0.11,0,1.59 | 3.07 | 4.84,0,0.83 | 1.30 | 2.52,0.574,0.000,0,1,0,0,0,0,-1,0,0,0,,0,,0,,0,0,0,1
1723722661,387,2,2,8,8,8.688,0,0,0.11 | 0.11 | 0.11,0,1.59 | 3.07 | 4.84,0,0.83 | 1.30 | 2.52,0.574,0.000,0,1,0,0,0,0,-1,0,0,0,,0,,0,,0,0,0,1
1723722661,387,2,2,8,8,8.688,0,0,0.11 | 0.11 | 0.11,0,1.59 | 3.07 | 4.84,0,0.83 | 1.30 | 2.52,0.574,0.000,0,1,0,0,0,0,-1,0,0,0,,0,,0,,0,0,0,1
1723722661,387,2,2,8,8,8.688,0,0,0.11 | 0.11 | 0.11,0,1.59 | 3.07 | 4.84,0,0.83 | 1.30 | 2.52,0.574,0.000,0,1,0,0,0,0,-1,0,0,0,,0,,0,,0,0,0,1
1723722661,387,2,2,8,8,8.688,0,0,0.11 | 0.11 | 0.11,0,1.59 | 3.07 | 4.84,0,0.83 | 1.30 | 2.52,0.574,0.000,0,1,0,0,0,0,-1,0,0,0,,0,,0,,0,0,0,1
1723722662,387,2,2,8,8,8.688,0,0,0.11 | 0.11 | 0.11,0,1.59 | 3.07 | 4.84,0,0.83 | 1.30 | 2.52,0.574,0.000,0,1,0,0,0,0,-1,0,0,0,,0,,0,,0,0,0,1
1723722662,387,2,2,8,8,8.688,0,0,0.11 | 0.11 | 0.11,0,1.59 | 3.07 | 4.84,0,0.83 | 1.30 | 2.52,0.574,0.000,0,1,0,0,0,0,-1,0,0,0,,0,,0,,0,0,0,1
1723722662,387,2,2,8,8,8.688,0,0,0.11 | 0.11 | 0.11,0,1.59 | 3.07 | 4.84,0,0.83 | 1.30 | 2.52,0.574,0.000,0,1,0,0,0,0,-1,0,0,0,,0,,0,,0,0,0,1
1723722662,387,2,2,8,8,8.688,0,0,0.11 | 0.11 | 0.11,0,1.59 | 3.07 | 4.84,0,0.83 | 1.30 | 2.52,0.574,0.000,0,1,0,0,0,0,-1,0,0,0,,0,,0,,0,0,0,1
1723722662,387,2,2,8,8,8.688,0,0,0.11 | 0.11 | 0.11,0,1.59 | 3.07 | 4.84,0,0.83 | 1.30 | 2.52,0.574,0.000,0,1,0,0,0,0,-1,0,0,0,,0,,0,,0,0,0,1
1723722662,387,2,2,8,8,10.825,0,0,0.11 | 0.17 | 0.34,0,1.77 | 3.12 | 4.84,0,0.83 | 1.28 | 2.26,0.592,0.000,0,1,0,0,0,0,-1,0,0,0,,0,,0,,0,0,0,1
1723722662,387,2,2,8,8,10.825,0,0,0.11 | 0.17 | 0.34,0,1.77 | 3.12 | 4.84,0,0.83 | 1.28 | 2.26,0.592,0.000,0,1,0,0,0,0,-1,0,0,0,,0,,0,,0,0,0,1
1723722662,387,2,2,8,8,10.825,0,0,0.11 | 0.17 | 0.34,0,1.77 | 3.12 | 4.84,0,0.83 | 1.28 | 2.26,0.592,0.000,0,1,0,0,0,0,-1,0,0,0,,0,,0,,0,0,0,1
1723722662,387,2,2,8,8,10.825,0,0,0.11 | 0.17 | 0.34,0,1.77 | 3.12 | 4.84,0,0.83 | 1.28 | 2.26,0.592,0.000,0,1,0,0,0,0,-1,0,0,0,,0,,0,,0,0,0,1
1723722662,387,2,2,8,8,10.825,0,0,0.11 | 0.17 | 0.34,0,1.77 | 3.12 | 4.84,0,0.83 | 1.28 | 2.26,0.592,0.000,0,1,0,0,0,0,-1,0,0,0,,0,,0,,0,0,0,1
1723722663,387,2,2,8,8,10.825,0,0,0.11 | 0.17 | 0.34,0,1.77 | 3.12 | 4.84,0,0.83 | 1.28 | 2.26,0.592,0.000,0,1,0,0,0,0,-1,0,0,0,,0,,0,,0,0,0,1
1723722663,387,2,2,8,8,10.825,0,0,0.11 | 0.17 | 0.34,0,1.77 | 3.12 | 4.84,0,0.83 | 1.28 | 2.26,0.592,0.000,0,1,0,0,0,0,-1,0,0,0,,0,,0,,0,0,0,1
1723722663,387,2,2,8,8,10.825,0,0,0.11 | 0.17 | 0.34,0,1.77 | 3.12 | 4.84,0,0.83 | 1.28 | 2.26,0.592,0.000,0,1,0,0,0,0,-1,0,0,0,,0,,0,,0,0,0,1
1723722663,387,2,2,8,8,10.825,0,0,0.11 | 0.17 | 0.34,0,1.77 | 3.12 | 4.84,0,0.83 | 1.28 | 2.26,0.592,0.000,0,1,0,0,0,0,-1,0,0,0,,0,,0,,0,0,0,1
1723722663,387,2,2,8,8,10.825,0,0,0.11 | 0.17 | 0.34,0,1.77 | 3.12 | 4.84,0,0.83 | 1.28 | 2.26,0.592,0.000,0,1,0,0,0,0,-1,0,0,0,,0,,0,,0,0,0,1
1723722663,387,2,2,8,8,10.029,0,0,0.11 | 0.17 | 0.34,0,1.77 | 3.12 | 4.84,0,0.83 | 1.28 | 2.26,0.592,0.000,0,1,0,0,0,0,-1,0,0,0,,0,,0,,0,0,0,1
1723722663,387,2,2,8,8,10.029,0,0,0.11 | 0.17 | 0.34,0,1.77 | 3.12 | 4.84,0,0.83 | 1.28 | 2.26,0.592,0.000,0,1,0,0,0,0,-1,0,0,0,,0,,0,,0,0,0,1
1723722663,387,2,2,8,8,10.029,0,0,0.11 | 0.17 | 0.34,0,1.77 | 3.12 | 4.84,0,0.83 | 1.28 | 2.26,0.592,0.000,0,1,0,0,0,0,-1,0,0,0,,0,,0,,0,0,0,1
1723722663,387,2,2,8,8,10.029,0,0,0.11 | 0.17 | 0.34,0,1.77 | 3.12 | 4.84,0,0.83 | 1.28 | 2.26,0.592,0.000,0,1,0,0,0,0,-1,0,0,0,,0,,0,,0,0,0,1
1723722663,387,2,2,8,8,10.029,0,0,0.11 | 0.17 | 0.34,0,1.77 | 3.12 | 4.84,0,0.83 | 1.28 | 2.26,0.592,0.000,0,1,0,0,0,0,-1,0,0,0,,0,,0,,0,0,0,1
1723722664,387,2,2,8,8,10.029,0,0,0.11 | 0.17 | 0.34,0,1.77 | 3.12 | 4.84,0,0.83 | 1.28 | 2.26,0.592,0.000,0,1,0,0,0,0,-1,0,0,0,,0,,0,,0,0,0,1
1723722664,387,2,2,8,8,10.029,0,0,0.11 | 0.17 | 0.34,0,1.77 | 3.12 | 4.84,0,0.83 | 1.28 | 2.26,0.592,0.000,0,1,0,0,0,0,-1,0,0,0,,0,,0,,0,0,0,1
1723722664,387,2,2,8,8,10.029,0,0,0.11 | 0.17 | 0.34,0,1.77 | 3.12 | 4.84,0,0.83 | 1.28 | 2.26,0.592,0.000,0,1,0,0,0,0,-1,0,0,0,,0,,0,,0,0,0,1
1723722664,387,2,2,8,8,10.029,0,0,0.11 | 0.17 | 0.34,0,1.77 | 3.12 | 4.84,0,0.83 | 1.28 | 2.26,0.592,0.000,0,1,0,0,0,0,-1,0,0,0,,0,,0,,0,0,0,1
1723722664,387,2,2,8,8,10.029,0,0,0.11 | 0.17 | 0.34,0,1.77 | 3.12 | 4.84,0,0.83 | 1.28 | 2.26,0.592,0.000,0,1,0,0,0,0,-1,0,0,0,,0,,0,,0,0,0,1
1723722664,387,2,2,8,8,8.966,0,0,0.11 | 0.17 | 0.34,0,1.77 | 3.12 | 4.84,0,0.83 | 1.28 | 2.26,0.592,0.000,0,1,0,0,0,0,-1,0,0,0,,0,,0,,0,0,0,1
1723722664,387,2,2,8,8,8.966,0,0,0.11 | 0.17 | 0.34,0,1.77 | 3.12 | 4.84,0,0.83 | 1.28 | 2.26,0.592,0.000,0,1,0,0,0,0,-1,0,0,0,,0,,0,,0,0,0,1
1723722664,387,2,2,8,8,8.966,0,0,0.11 | 0.17 | 0.34,0,1.77 | 3.12 | 4.84,0,0.83 | 1.28 | 2.26,0.592,0.000,0,1,0,0,0,0,-1,0,0,0,,0,,0,,0,0,0,1
1723722664,387,2,2,8,8,8.966,0,0,0.11 | 0.17 | 0.34,0,1.77 | 3.12 | 4.84,0,0.83 | 1.28 | 2.26,0.592,0.000,0,1,0,0,0,0,-1,0,0,0,,0,,0,,0,0,0,1
1723722664,387,2,2,8,8,8.966,0,0,0.11 | 0.17 | 0.34,0,1.77 | 3.12 | 4.84,0,0.83 | 1.28 | 2.26,0.592,0.000,0,1,0,0,0,0,-1,0,0,0,,0,,0,,0,0,0,1
1723722665,387,2,2,8,8,8.966,0,0,0.11 | 0.17 | 0.34,0,1.77 | 3.12 | 4.84,0,0.83 | 1.28 | 2.26,0.592,0.000,0,1,0,0,0,0,-1,0,0,0,,0,,0,,0,0,0,1
1723722665,387,2,2,8,8,8.966,0,0,0.11 | 0.17 | 0.34,0,1.77 | 3.12 | 4.84,0,0.83 | 1.28 | 2.26,0.592,0.000,0,1,0,0,0,0,-1,0,0,0,,0,,0,,0,0,0,1
1723722665,387,2,2,8,8,8.966,0,0,0.11 | 0.17 | 0.34,0,1.77 | 3.12 | 4.84,0,0.83 | 1.28 | 2.26,0.592,0.000,0,1,0,0,0,0,-1,0,0,0,,0,,0,,0,0,0,1
1723722665,387,2,2,8,8,8.966,0,0,0.11 | 0.17 | 0.34,0,1.77 | 3.12 | 4.84,0,0.83 | 1.28 | 2.26,0.592,0.000,0,1,0,0,0,0,-1,0,0,0,,0,,0,,0,0,0,1
1723722665,387,2,2,8,8,8.966,0,0,0.11 | 0.17 | 0.34,0,1.77 | 3.12 | 4.84,0,0.83 | 1.28 | 2.26,0.592,0.000,0,1,0,0,0,0,-1,0,0,0,,0,,0,,0,0,0,1
1723722665,387,2,2,8,8,12.704,0,0,0.11 | 0.17 | 0.34,0,1.77 | 2.65 | 3.15,0,1.27 | 1.51 | 2.26,0.646,0.000,0,1,0,0,0,0,-1,0,0,0,,0,,0,,0,0,0,1
1723722665,387,2,2,8,8,12.704,0,0,0.11 | 0.17 | 0.34,0,1.77 | 2.65 | 3.15,0,1.27 | 1.51 | 2.26,0.646,0.000,0,1,0,0,0,0,-1,0,0,0,,0,,0,,0,0,0,1
1723722665,387,2,2,8,8,12.704,0,0,0.11 | 0.17 | 0.34,0,1.77 | 2.65 | 3.15,0,1.27 | 1.51 | 2.26,0.646,0.000,0,1,0,0,0,0,-1,0,0,0,,0,,0,,0,0,0,1
1723722665,387,2,2,8,8,12.704,0,0,0.11 | 0.17 | 0.34,0,1.77 | 2.65 | 3.15,0,1.27 | 1.51 | 2.26,0.646,0.000,0,1,0,0,0,0,-1,0,0,0,,0,,0,,0,0,0,1
1723722665,387,2,2,8,8,12.704,0,0,0.11 | 0.17 | 0.34,0,1.77 | 2.65 | 3.15,0,1.27 | 1.51 | 2.26,0.646,0.000,0,1,0,0,0,0,-1,0,0,0,,0,,0,,0,0,0,1
1723722666,387,2,2,8,8,12.704,0,0,0.11 | 0.17 | 0.34,0,1.77 | 2.65 | 3.15,0,1.27 | 1.51 | 2.26,0.646,0.000,0,1,0,0,0,0,-1,0,0,0,,0,,0,,0,0,0,1
1723722666,387,2,2,8,8,12.704,0,0,0.11 | 0.17 | 0.34,0,1.77 | 2.65 | 3.15,0,1.27 | 1.51 | 2.26,0.646,0.000,0,1,0,0,0,0,-1,0,0,0,,0,,0,,0,0,0,1
1723722666,387,2,2,8,8,12.704,0,0,0.11 | 0.17 | 0.34,0,1.77 | 2.65 | 3.15,0,1.27 | 1.51 | 2.26,0.646,0.000,0,1,0,0,0,0,-1,0,0,0,,0,,0,,0,0,0,1
1723722666,387,2,2,8,8,12.704,0,0,0.11 | 0.17 | 0.34,0,1.77 | 2.65 | 3.15,0,1.27 | 1.51 | 2.26,0.646,0.000,0,1,0,0,0,0,-1,0,0,0,,0,,0,,0,0,0,1
1723722666,387,2,2,8,8,12.704,0,0,0.11 | 0.17 | 0.34,0,1.77 | 2.65 | 3.15,0,1.27 | 1.51 | 2.26,0.646,0.000,0,1,0,0,0,0,-1,0,0,0,,0,,0,,0,0,0,1
1723722666,387,2,2,8,8,11.641,0,0,0.11 | 0.17 | 0.34,0,1.77 | 2.65 | 3.15,0,1.27 | 1.51 | 2.26,0.646,0.000,0,1,0,0,0,0,-1,0,0,0,,0,,0,,0,0,0,1
1723722666,387,2,2,8,8,11.641,0,0,0.11 | 0.17 | 0.34,0,1.77 | 2.65 | 3.15,0,1.27 | 1.51 | 2.26,0.646,0.000,0,1,0,0,0,0,-1,0,0,0,,0,,0,,0,0,0,1
1723722666,387,2,2,8,8,11.641,0,0,0.11 | 0.17 | 0.34,0,1.77 | 2.65 | 3.15,0,1.27 | 1.51 | 2.26,0.646,0.000,0,1,0,0,0,0,-1,0,0,0,,0,,0,,0,0,0,1
1723722666,387,2,2,8,8,11.641,0,0,0.11 | 0.17 | 0.34,0,1.77 | 2.65 | 3.15,0,1.27 | 1.51 | 2.26,0.646,0.000,0,1,0,0,0,0,-1,0,0,0,,0,,0,,0,0,0,1
1723722666,387,2,2,8,8,11.641,0,0,0.11 | 0.17 | 0.34,0,1.77 | 2.65 | 3.15,0,1.27 | 1.51 | 2.26,0.646,0.000,0,1,0,0,0,0,-1,0,0,0,,0,,0,,0,0,0,1
1723722667,387,2,2,8,8,11.641,0,0,0.11 | 0.17 | 0.34,0,1.77 | 2.65 | 3.15,0,1.27 | 1.51 | 2.26,0.646,0.000,0,1,0,0,0,0,-1,0,0,0,,0,,0,,0,0,0,1
1723722667,387,2,2,8,8,11.641,0,0,0.11 | 0.17 | 0.34,0,1.77 | 2.65 | 3.15,0,1.27 | 1.51 | 2.26,0.646,0.000,0,1,0,0,0,0,-1,0,0,0,,0,,0,,0,0,0,1
1723722667,387,2,2,8,8,11.641,0,0,0.11 | 0.17 | 0.34,0,1.77 | 2.65 | 3.15,0,1.27 | 1.51 | 2.26,0.646,0.000,0,1,0,0,0,0,-1,0,0,0,,0,,0,,0,0,0,1
1723722667,387,2,2,8,8,11.641,0,0,0.11 | 0.17 | 0.34,0,1.77 | 2.65 | 3.15,0,1.27 | 1.51 | 2.26,0.646,0.000,0,1,0,0,0,0,-1,0,0,0,,0,,0,,0,0,0,1
1723722667,387,2,2,8,8,11.641,0,0,0.11 | 0.17 | 0.34,0,1.77 | 2.65 | 3.15,0,1.27 | 1.51 | 2.26,0.646,0.000,0,1,0,0,0,0,-1,0,0,0,,0,,0,,0,0,0,1
1723722667,387,2,2,8,8,10.844,0,0,0.11 | 0.17 | 0.34,0,1.77 | 2.65 | 3.15,0,1.27 | 1.51 | 2.26,0.646,0.000,0,1,0,0,0,0,-1,0,0,0,,0,,0,,0,0,0,1
1723722667,387,2,2,8,8,10.844,0,0,0.11 | 0.17 | 0.34,0,1.77 | 2.65 | 3.15,0,1.27 | 1.51 | 2.26,0.646,0.000,0,1,0,0,0,0,-1,0,0,0,,0,,0,,0,0,0,1
1723722667,387,2,2,8,8,10.844,0,0,0.11 | 0.17 | 0.34,0,1.77 | 2.65 | 3.15,0,1.27 | 1.51 | 2.26,0.646,0.000,0,1,0,0,0,0,-1,0,0,0,,0,,0,,0,0,0,1
1723722667,387,2,2,8,8,10.844,0,0,0.11 | 0.17 | 0.34,0,1.77 | 2.65 | 3.15,0,1.27 | 1.51 | 2.26,0.646,0.000,0,1,0,0,0,0,-1,0,0,0,,0,,0,,0,0,0,1
1723722667,387,2,2,8,8,10.844,0,0,0.11 | 0.17 | 0.34,0,1.77 | 2.65 | 3.15,0,1.27 | 1.51 | 2.26,0.646,0.000,0,1,0,0,0,0,-1,0,0,0,,0,,0,,0,0,0,1
1723722668,387,2,2,8,8,10.844,0,0,0.11 | 0.17 | 0.34,0,1.77 | 2.65 | 3.15,0,1.27 | 1.51 | 2.26,0.646,0.000,0,1,0,0,0,0,-1,0,0,0,,0,,0,,0,0,0,1
1723722668,387,2,2,8,8,10.844,0,0,0.11 | 0.17 | 0.34,0,1.77 | 2.65 | 3.15,0,1.27 | 1.51 | 2.26,0.646,0.000,0,1,0,0,0,0,-1,0,0,0,,0,,0,,0,0,0,1
1723722668,387,2,2,8,8,10.844,0,0,0.11 | 0.17 | 0.34,0,1.77 | 2.65 | 3.15,0,1.27 | 1.51 | 2.26,0.646,0.000,0,1,0,0,0,0,-1,0,0,0,,0,,0,,0,0,0,1
1723722668,387,2,2,8,8,10.844,0,0,0.11 | 0.17 | 0.34,0,1.77 | 2.65 | 3.15,0,1.27 | 1.51 | 2.26,0.646,0.000,0,1,0,0,0,0,-1,0,0,0,,0,,0,,0,0,0,1
1723722668,387,2,2,8,8,10.844,0,0,0.11 | 0.17 | 0.34,0,1.77 | 2.65 | 3.15,0,1.27 | 1.51 | 2.26,0.646,0.000,0,1,0,0,0,0,-1,0,0,0,,0,,0,,0,0,0,1
1723722668,387,2,2,8,8,9.782,0,0,0.11 | 0.17 | 0.34,0,1.77 | 2.65 | 3.15,0,1.27 | 1.51 | 2.26,0.646,0.000,0,1,0,0,0,0,-1,0,0,0,,0,,0,,0,0,0,1
1723722668,387,2,2,8,8,9.782,0,0,0.11 | 0.17 | 0.34,0,1.77 | 2.65 | 3.15,0,1.27 | 1.51 | 2.26,0.646,0.000,0,1,0,0,0,0,-1,0,0,0,,0,,0,,0,0,0,1
1723722668,387,2,2,8,8,9.782,0,0,0.11 | 0.17 | 0.34,0,1.77 | 2.65 | 3.15,0,1.27 | 1.51 | 2.26,0.646,0.000,0,1,0,0,0,0,-1,0,0,0,,0,,0,,0,0,0,1
1723722668,387,2,2,8,8,9.782,0,0,0.11 | 0.17 | 0.34,0,1.77 | 2.65 | 3.15,0,1.27 | 1.51 | 2.26,0.646,0.000,0,1,0,0,0,0,-1,0,0,0,,0,,0,,0,0,0,1
1723722668,387,2,2,8,8,9.782,0,0,0.11 | 0.17 | 0.34,0,1.77 | 2.65 | 3.15,0,1.27 | 1.51 | 2.26,0.646,0.000,0,1,0,0,0,0,-1,0,0,0,,0,,0,,0,0,0,1
1723722669,387,2,2,8,8,9.782,0,0,0.11 | 0.17 | 0.34,0,1.77 | 2.65 | 3.15,0,1.27 | 1.51 | 2.26,0.646,0.000,0,1,0,0,0,0,-1,0,0,0,,0,,0,,0,0,0,1
1723722669,387,2,2,8,8,9.782,0,0,0.11 | 0.17 | 0.34,0,1.77 | 2.65 | 3.15,0,1.27 | 1.51 | 2.26,0.646,0.000,0,1,0,0,0,0,-1,0,0,0,,0,,0,,0,0,0,1
1723722669,387,2,2,8,8,9.782,0,0,0.11 | 0.17 | 0.34,0,1.77 | 2.65 | 3.15,0,1.27 | 1.51 | 2.26,0.646,0.000,0,1,0,0,0,0,-1,0,0,0,,0,,0,,0,0,0,1
1723722669,387,2,2,8,8,9.782,0,0,0.11 | 0.17 | 0.34,0,1.77 | 2.65 | 3.15,0,1.27 | 1.51 | 2.26,0.646,0.000,0,1,0,0,0,0,-1,0,0,0,,0,,0,,0,0,0,1
1723722669,387,2,2,8,8,9.782,0,0,0.11 | 0.17 | 0.34,0,1.77 | 2.65 | 3.15,0,1.27 | 1.51 | 2.26,0.646,0.000,0,1,0,0,0,0,-1,0,0,0,,0,,0,,0,0,0,1
1723722669,387,2,2,8,8,11.919,0,0,0.11 | 0.17 | 0.34,0,1.77 | 2.50 | 3.15,0,1.27 | 1.60 | 2.26,0.650,0.000,0,1,0,0,0,0,-1,0,0,0,,0,,0,,0,0,0,1
1723722669,387,2,2,8,8,11.919,0,0,0.11 | 0.17 | 0.34,0,1.77 | 2.50 | 3.15,0,1.27 | 1.60 | 2.26,0.650,0.000,0,1,0,0,0,0,-1,0,0,0,,0,,0,,0,0,0,1
1723722669,387,2,2,8,8,11.919,0,0,0.11 | 0.17 | 0.34,0,1.77 | 2.50 | 3.15,0,1.27 | 1.60 | 2.26,0.650,0.000,0,1,0,0,0,0,-1,0,0,0,,0,,0,,0,0,0,1
1723722669,387,2,2,8,8,11.919,0,0,0.11 | 0.17 | 0.34,0,1.77 | 2.50 | 3.15,0,1.27 | 1.60 | 2.26,0.650,0.000,0,1,0,0,0,0,-1,0,0,0,,0,,0,,0,0,0,1
1723722669,387,2,2,8,8,11.919,0,0,0.11 | 0.17 | 0.34,0,1.77 | 2.50 | 3.15,0,1.27 | 1.60 | 2.26,0.650,0.000,0,1,0,0,0,0,-1,0,0,0,,0,,0,,0,0,0,1
1723722670,387,2,2,8,8,11.919,0,0,0.11 | 0.17 | 0.34,0,1.77 | 2.50 | 3.15,0,1.27 | 1.60 | 2.26,0.650,0.000,0,1,0,0,0,0,-1,0,0,0,,0,,0,,0,0,0,1
1723722670,387,2,2,8,8,11.919,0,0,0.11 | 0.17 | 0.34,0,1.77 | 2.50 | 3.15,0,1.27 | 1.60 | 2.26,0.650,0.000,0,1,0,0,0,0,-1,0,0,0,,0,,0,,0,0,0,1
1723722670,387,2,2,8,8,11.919,0,0,0.11 | 0.17 | 0.34,0,1.77 | 2.50 | 3.15,0,1.27 | 1.60 | 2.26,0.650,0.000,0,1,0,0,0,0,-1,0,0,0,,0,,0,,0,0,0,1
1723722670,387,2,2,8,8,11.919,0,0,0.11 | 0.17 | 0.34,0,1.77 | 2.50 | 3.15,0,1.27 | 1.60 | 2.26,0.650,0.000,0,1,0,0,0,0,-1,0,0,0,,0,,0,,0,0,0,1
1723722670,387,2,2,8,8,11.919,0,0,0.11 | 0.17 | 0.34,0,1.77 | 2.50 | 3.15,0,1.27 | 1.60 | 2.26,0.650,0.000,0,1,0,0,0,0,-1,0,0,0,,0,,0,,0,0,0,1
1723722670,387,2,2,8,8,10.857,0,0,0.11 | 0.17 | 0.34,0,1.77 | 2.50 | 3.15,0,1.27 | 1.60 | 2.26,0.650,0.000,0,1,0,0,0,0,-1,0,0,0,,0,,0,,0,0,0,1
1723722670,387,2,2,8,8,10.857,0,0,0.11 | 0.17 | 0.34,0,1.77 | 2.50 | 3.15,0,1.27 | 1.60 | 2.26,0.650,0.000,0,1,0,0,0,0,-1,0,0,0,,0,,0,,0,0,0,1
1723722670,387,2,2,8,8,10.857,0,0,0.11 | 0.17 | 0.34,0,1.77 | 2.50 | 3.15,0,1.27 | 1.60 | 2.26,0.650,0.000,0,1,0,0,0,0,-1,0,0,0,,0,,0,,0,0,0,1
1723722670,387,2,2,8,8,10.857,0,0,0.11 | 0.17 | 0.34,0,1.77 | 2.50 | 3.15,0,1.27 | 1.60 | 2.26,0.650,0.000,0,1,0,0,0,0,-1,0,0,0,,0,,0,,0,0,0,1
1723722670,387,2,2,8,8,10.857,0,0,0.11 | 0.17 | 0.34,0,1.77 | 2.50 | 3.15,0,1.27 | 1.60 | 2.26,0.650,0.000,0,1,0,0,0,0,-1,0,0,0,,0,,0,,0,0,0,1
1723722671,387,2,2,8,8,10.857,0,0,0.11 | 0.17 | 0.34,0,1.77 | 2.50 | 3.15,0,1.27 | 1.60 | 2.26,0.650,0.000,0,1,0,0,0,0,-1,0,0,0,,0,,0,,0,0,0,1
1723722671,387,2,2,8,8,10.857,0,0,0.11 | 0.17 | 0.34,0,1.77 | 2.50 | 3.15,0,1.27 | 1.60 | 2.26,0.650,0.000,0,1,0,0,0,0,-1,0,0,0,,0,,0,,0,0,0,1
1723722671,387,2,2,8,8,10.857,0,0,0.11 | 0.17 | 0.34,0,1.77 | 2.50 | 3.15,0,1.27 | 1.60 | 2.26,0.650,0.000,0,1,0,0,0,0,-1,0,0,0,,0,,0,,0,0,0,1
1723722671,387,2,2,8,8,10.857,0,0,0.11 | 0.17 | 0.34,0,1.77 | 2.50 | 3.15,0,1.27 | 1.60 | 2.26,0.650,0.000,0,1,0,0,0,0,-1,0,0,0,,0,,0,,0,0,0,1
1723722671,387,2,2,8,8,10.857,0,0,0.11 | 0.17 | 0.34,0,1.77 | 2.50 | 3.15,0,1.27 | 1.60 | 2.26,0.650,0.000,0,1,0,0,0,0,-1,0,0,0,,0,,0,,0,0,0,1
1723722671,387,2,2,8,8,9.794,0,0,0.11 | 0.17 | 0.34,0,1.77 | 2.50 | 3.15,0,1.27 | 1.60 | 2.26,0.650,0.000,0,1,0,0,0,0,-1,0,0,0,,0,,0,,0,0,0,1
1723722671,387,2,2,8,8,9.794,0,0,0.11 | 0.17 | 0.34,0,1.77 | 2.50 | 3.15,0,1.27 | 1.60 | 2.26,0.650,0.000,0,1,0,0,0,0,-1,0,0,0,,0,,0,,0,0,0,1
1723722671,387,2,2,8,8,9.794,0,0,0.11 | 0.17 | 0.34,0,1.77 | 2.50 | 3.15,0,1.27 | 1.60 | 2.26,0.650,0.000,0,1,0,0,0,0,-1,0,0,0,,0,,0,,0,0,0,1
1723722671,387,2,2,8,8,9.794,0,0,0.11 | 0.17 | 0.34,0,1.77 | 2.50 | 3.15,0,1.27 | 1.60 | 2.26,0.650,0.000,0,1,0,0,0,0,-1,0,0,0,,0,,0,,0,0,0,1
1723722671,387,2,2,8,8,9.794,0,0,0.11 | 0.17 | 0.34,0,1.77 | 2.50 | 3.15,0,1.27 | 1.60 | 2.26,0.650,0.000,0,1,0,0,0,0,-1,0,0,0,,0,,0,,0,0,0,1
1723722672,387,2,2,8,8,9.794,0,0,0.11 | 0.17 | 0.34,0,1.77 | 2.50 | 3.15,0,1.27 | 1.60 | 2.26,0.650,0.000,0,1,0,0,0,0,-1,0,0,0,,0,,0,,0,0,0,1
1723722672,387,2,2,8,8,9.794,0,0,0.11 | 0.17 | 0.34,0,1.77 | 2.50 | 3.15,0,1.27 | 1.60 | 2.26,0.650,0.000,0,1,0,0,0,0,-1,0,0,0,,0,,0,,0,0,0,1
1723722672,387,2,2,8,8,9.794,0,0,0.11 | 0.17 | 0.34,0,1.77 | 2.50 | 3.15,0,1.27 | 1.60 | 2.26,0.650,0.000,0,1,0,0,0,0,-1,0,0,0,,0,,0,,0,0,0,1
1723722672,387,2,2,8,8,9.794,0,0,0.11 | 0.17 | 0.34,0,1.77 | 2.50 | 3.15,0,1.27 | 1.60 | 2.26,0.650,0.000,0,1,0,0,0,0,-1,0,0,0,,0,,0,,0,0,0,1
1723722672,387,2,2,8,8,9.794,0,0,0.11 | 0.17 | 0.34,0,1.77 | 2.50 | 3.15,0,1.27 | 1.60 | 2.26,0.650,0.000,0,1,0,0,0,0,-1,0,0,0,,0,,0,,0,0,0,1
1723722672,387,2,2,8,8,13.797,0,0,0.11 | 0.17 | 0.34,0,1.77 | 2.35 | 2.98,0,1.34 | 1.70 | 2.26,0.660,0.000,0,1,0,0,0,0,-1,0,0,0,,0,,0,,0,0,0,1
1723722672,387,2,2,8,8,13.797,0,0,0.11 | 0.17 | 0.34,0,1.77 | 2.35 | 2.98,0,1.34 | 1.70 | 2.26,0.660,0.000,0,1,0,0,0,0,-1,0,0,0,,0,,0,,0,0,0,1
1723722672,387,2,2,8,8,13.797,0,0,0.11 | 0.17 | 0.34,0,1.77 | 2.35 | 2.98,0,1.34 | 1.70 | 2.26,0.660,0.000,0,1,0,0,0,0,-1,0,0,0,,0,,0,,0,0,0,1
1723722672,387,2,2,8,8,13.797,0,0,0.11 | 0.17 | 0.34,0,1.77 | 2.35 | 2.98,0,1.34 | 1.70 | 2.26,0.660,0.000,0,1,0,0,0,0,-1,0,0,0,,0,,0,,0,0,0,1
1723722672,387,2,2,8,8,13.797,0,0,0.11 | 0.17 | 0.34,0,1.77 | 2.35 | 2.98,0,1.34 | 1.70 | 2.26,0.660,0.000,0,1,0,0,0,0,-1,0,0,0,,0,,0,,0,0,0,1
1723722673,387,2,2,8,8,13.797,0,0,0.11 | 0.17 | 0.34,0,1.77 | 2.35 | 2.98,0,1.34 | 1.70 | 2.26,0.660,0.000,0,1,0,0,0,0,-1,0,0,0,,0,,0,,0,0,0,1
1723722673,387,2,2,8,8,13.797,0,0,0.11 | 0.17 | 0.34,0,1.77 | 2.35 | 2.98,0,1.34 | 1.70 | 2.26,0.660,0.000,0,1,0,0,0,0,-1,0,0,0,,0,,0,,0,0,0,1
1723722673,387,2,2,8,8,13.797,0,0,0.11 | 0.17 | 0.34,0,1.77 | 2.35 | 2.98,0,1.34 | 1.70 | 2.26,0.660,0.000,0,1,0,0,0,0,-1,0,0,0,,0,,0,,0,0,0,1
1723722673,387,2,2,8,8,13.797,0,0,0.11 | 0.17 | 0.34,0,1.77 | 2.35 | 2.98,0,1.34 | 1.70 | 2.26,0.660,0.000,0,1,0,0,0,0,-1,0,0,0,,0,,0,,0,0,0,1
1723722673,387,2,2,8,8,13.797,0,0,0.11 | 0.17 | 0.34,0,1.77 | 2.35 | 2.98,0,1.34 | 1.70 | 2.26,0.660,0.000,0,1,0,0,0,0,-1,0,0,0,,0,,0,,0,0,0,1
1723722673,387,2,2,8,8,12.735,0,0,0.11 | 0.17 | 0.34,0,1.77 | 2.35 | 2.98,0,1.34 | 1.70 | 2.26,0.660,0.000,0,1,0,0,0,0,-1,0,0,0,,0,,0,,0,0,0,1
1723722673,387,2,2,8,8,12.735,0,0,0.11 | 0.17 | 0.34,0,1.77 | 2.35 | 2.98,0,1.34 | 1.70 | 2.26,0.660,0.000,0,1,0,0,0,0,-1,0,0,0,,0,,0,,0,0,0,1
1723722673,387,2,2,8,8,12.735,0,0,0.11 | 0.17 | 0.34,0,1.77 | 2.35 | 2.98,0,1.34 | 1.70 | 2.26,0.660,0.000,0,1,0,0,0,0,-1,0,0,0,,0,,0,,0,0,0,1
1723722673,387,2,2,8,8,12.735,0,0,0.11 | 0.17 | 0.34,0,1.77 | 2.35 | 2.98,0,1.34 | 1.70 | 2.26,0.660,0.000,0,1,0,0,0,0,-1,0,0,0,,0,,0,,0,0,0,1
1723722673,387,2,2,8,8,12.735,0,0,0.11 | 0.17 | 0.34,0,1.77 | 2.35 | 2.98,0,1.34 | 1.70 | 2.26,0.660,0.000,0,1,0,0,0,0,-1,0,0,0,,0,,0,,0,0,0,1
1723722674,387,2,2,8,8,12.735,0,0,0.11 | 0.17 | 0.34,0,1.77 | 2.35 | 2.98,0,1.34 | 1.70 | 2.26,0.660,0.000,0,1,0,0,0,0,-1,0,0,0,,0,,0,,0,0,0,1
1723722674,387,2,2,8,8,12.735,0,0,0.11 | 0.17 | 0.34,0,1.77 | 2.35 | 2.98,0,1.34 | 1.70 | 2.26,0.660,0.000,0,1,0,0,0,0,-1,0,0,0,,0,,0,,0,0,0,1
1723722674,387,2,2,8,8,12.735,0,0,0.11 | 0.17 | 0.34,0,1.77 | 2.35 | 2.98,0,1.34 | 1.70 | 2.26,0.660,0.000,0,1,0,0,0,0,-1,0,0,0,,0,,0,,0,0,0,1
1723722674,387,2,2,8,8,12.735,0,0,0.11 | 0.17 | 0.34,0,1.77 | 2.35 | 2.98,0,1.34 | 1.70 | 2.26,0.660,0.000,0,1,0,0,0,0,-1,0,0,0,,0,,0,,0,0,0,1
1723722674,387,2,2,8,8,12.735,0,0,0.11 | 0.17 | 0.34,0,1.77 | 2.35 | 2.98,0,1.34 | 1.70 | 2.26,0.660,0.000,0,1,0,0,0,0,-1,0,0,0,,0,,0,,0,0,0,1
1723722674,387,2,2,8,8,11.672,0,0,0.11 | 0.17 | 0.34,0,1.77 | 2.35 | 2.98,0,1.34 | 1.70 | 2.26,0.660,0.000,0,1,0,0,0,0,-1,0,0,0,,0,,0,,0,0,0,1
1723722674,387,2,2,8,8,11.672,0,0,0.11 | 0.17 | 0.34,0,1.77 | 2.35 | 2.98,0,1.34 | 1.70 | 2.26,0.660,0.000,0,1,0,0,0,0,-1,0,0,0,,0,,0,,0,0,0,1
1723722674,387,2,2,8,8,11.672,0,0,0.11 | 0.17 | 0.34,0,1.77 | 2.35 | 2.98,0,1.34 | 1.70 | 2.26,0.660,0.000,0,1,0,0,0,0,-1,0,0,0,,0,,0,,0,0,0,1
1723722674,387,2,2,8,8,11.672,0,0,0.11 | 0.17 | 0.34,0,1.77 | 2.35 | 2.98,0,1.34 | 1.70 | 2.26,0.660,0.000,0,1,0,0,0,0,-1,0,0,0,,0,,0,,0,0,0,1
1723722674,387,2,2,8,8,11.672,0,0,0.11 | 0.17 | 0.34,0,1.77 | 2.35 | 2.98,0,1.34 | 1.70 | 2.26,0.660,0.000,0,1,0,0,0,0,-1,0,0,0,,0,,0,,0,0,0,1
1723722675,387,2,2,8,8,11.672,0,0,0.11 | 0.17 | 0.34,0,1.77 | 2.35 | 2.98,0,1.34 | 1.70 | 2.26,0.660,0.000,0,1,0,0,0,0,-1,0,0,0,,0,,0,,0,0,0,1
1723722675,387,2,2,8,8,11.672,0,0,0.11 | 0.17 | 0.34,0,1.77 | 2.35 | 2.98,0,1.34 | 1.70 | 2.26,0.660,0.000,0,1,0,0,0,0,-1,0,0,0,,0,,0,,0,0,0,1
1723722675,387,2,2,8,8,11.672,0,0,0.11 | 0.17 | 0.34,0,1.77 | 2.35 | 2.98,0,1.34 | 1.70 | 2.26,0.660,0.000,0,1,0,0,0,0,-1,0,0,0,,0,,0,,0,0,0,1
1723722675,387,2,2,8,8,11.672,0,0,0.11 | 0.17 | 0.34,0,1.77 | 2.35 | 2.98,0,1.34 | 1.70 | 2.26,0.660,0.000,0,1,0,0,0,0,-1,0,0,0,,0,,0,,0,0,0,1
1723722675,387,2,2,8,8,11.672,0,0,0.11 | 0.17 | 0.34,0,1.77 | 2.35 | 2.98,0,1.34 | 1.70 | 2.26,0.660,0.000,0,1,0,0,0,0,-1,0,0,0,,0,,0,,0,0,0,1
1723722675,387,2,2,8,8,10.61,0,0,0.11 | 0.17 | 0.34,0,1.77 | 2.35 | 2.98,0,1.34 | 1.70 | 2.26,0.660,0.000,0,1,0,0,0,0,-1,0,0,0,,0,,0,,0,0,0,1
1723722675,387,2,2,8,8,10.61,0,0,0.11 | 0.17 | 0.34,0,1.77 | 2.35 | 2.98,0,1.34 | 1.70 | 2.26,0.660,0.000,0,1,0,0,0,0,-1,0,0,0,,0,,0,,0,0,0,1
1723722675,387,2,2,8,8,10.61,0,0,0.11 | 0.17 | 0.34,0,1.77 | 2.35 | 2.98,0,1.34 | 1.70 | 2.26,0.660,0.000,0,1,0,0,0,0,-1,0,0,0,,0,,0,,0,0,0,1
1723722675,387,2,2,8,8,10.61,0,0,0.11 | 0.17 | 0.34,0,1.77 | 2.35 | 2.98,0,1.34 | 1.70 | 2.26,0.660,0.000,0,1,0,0,0,0,-1,0,0,0,,0,,0,,0,0,0,1
1723722675,387,2,2,8,8,10.61,0,0,0.11 | 0.17 | 0.34,0,1.77 | 2.35 | 2.98,0,1.34 | 1.70 | 2.26,0.660,0.000,0,1,0,0,0,0,-1,0,0,0,,0,,0,,0,0,0,1
1723722676,387,2,2,8,8,10.61,0,0,0.11 | 0.17 | 0.34,0,1.77 | 2.35 | 2.98,0,1.34 | 1.70 | 2.26,0.660,0.000,0,1,0,0,0,0,-1,0,0,0,,0,,0,,0,0,0,1
1723722676,387,2,2,8,8,10.61,0,0,0.11 | 0.17 | 0.34,0,1.77 | 2.35 | 2.98,0,1.34 | 1.70 | 2.26,0.660,0.000,0,1,0,0,0,0,-1,0,0,0,,0,,0,,0,0,0,1
1723722676,387,2,2,8,8,10.61,0,0,0.11 | 0.17 | 0.34,0,1.77 | 2.35 | 2.98,0,1.34 | 1.70 | 2.26,0.660,0.000,0,1,0,0,0,0,-1,0,0,0,,0,,0,,0,0,0,1
1723722676,387,2,2,8,8,10.61,0,0,0.11 | 0.17 | 0.34,0,1.77 | 2.35 | 2.98,0,1.34 | 1.70 | 2.26,0.660,0.000,0,1,0,0,0,0,-1,0,0,0,,0,,0,,0,0,0,1
1723722676,387,2,2,8,8,10.61,0,0,0.11 | 0.17 | 0.34,0,1.77 | 2.35 | 2.98,0,1.34 | 1.70 | 2.26,0.660,0.000,0,1,0,0,0,0,-1,0,0,0,,0,,0,,0,0,0,1
1723722676,387,2,2,8,8,9.813,0,0,0.11 | 0.17 | 0.34,0,1.77 | 2.35 | 2.98,0,1.34 | 1.70 | 2.26,0.660,0.000,0,1,0,0,0,0,-1,0,0,0,,0,,0,,0,0,0,1
1723722676,387,2,2,8,8,9.813,0,0,0.11 | 0.17 | 0.34,0,1.77 | 2.35 | 2.98,0,1.34 | 1.70 | 2.26,0.660,0.000,0,1,0,0,0,0,-1,0,0,0,,0,,0,,0,0,0,1
1723722676,387,2,2,8,8,9.813,0,0,0.11 | 0.17 | 0.34,0,1.77 | 2.35 | 2.98,0,1.34 | 1.70 | 2.26,0.660,0.000,0,1,0,0,0,0,-1,0,0,0,,0,,0,,0,0,0,1
1723722676,387,2,2,8,8,9.813,0,0,0.11 | 0.17 | 0.34,0,1.77 | 2.35 | 2.98,0,1.34 | 1.70 | 2.26,0.660,0.000,0,1,0,0,0,0,-1,0,0,0,,0,,0,,0,0,0,1
1723722676,387,2,2,8,8,9.813,0,0,0.11 | 0.17 | 0.34,0,1.77 | 2.35 | 2.98,0,1.34 | 1.70 | 2.26,0.660,0.000,0,1,0,0,0,0,-1,0,0,0,,0,,0,,0,0,0,1
1723722677,387,2,2,8,8,9.813,0,0,0.11 | 0.17 | 0.34,0,1.77 | 2.35 | 2.98,0,1.34 | 1.70 | 2.26,0.660,0.000,0,1,0,0,0,0,-1,0,0,0,,0,,0,,0,0,0,1
1723722677,387,2,2,8,8,9.813,0,0,0.11 | 0.17 | 0.34,0,1.77 | 2.35 | 2.98,0,1.34 | 1.70 | 2.26,0.660,0.000,0,1,0,0,0,0,-1,0,0,0,,0,,0,,0,0,0,1
1723722677,387,2,2,8,8,9.813,0,0,0.11 | 0.17 | 0.34,0,1.77 | 2.35 | 2.98,0,1.34 | 1.70 | 2.26,0.660,0.000,0,1,0,0,0,0,-1,0,0,0,,0,,0,,0,0,0,1
1723722677,387,2,2,8,8,9.813,0,0,0.11 | 0.17 | 0.34,0,1.77 | 2.35 | 2.98,0,1.34 | 1.70 | 2.26,0.660,0.000,0,1,0,0,0,0,-1,0,0,0,,0,,0,,0,0,0,1
1723722677,387,2,2,8,8,9.813,0,0,0.11 | 0.17 | 0.34,0,1.77 | 2.35 | 2.98,0,1.34 | 1.70 | 2.26,0.660,0.000,0,1,0,0,0,0,-1,0,0,0,,0,,0,,0,0,0,1
1723722677,387,2,2,8,8,11.845,0,0,0.11 | 0.15 | 0.27,0,2.10 | 2.56 | 2.98,0,1.34 | 1.56 | 1.91,0.602,0.000,0,1,0,0,0,0,-1,0,0,0,,0,,0,,0,0,0,1
1723722677,387,2,2,8,8,11.845,0,0,0.11 | 0.15 | 0.27,0,2.10 | 2.56 | 2.98,0,1.34 | 1.56 | 1.91,0.602,0.000,0,1,0,0,0,0,-1,0,0,0,,0,,0,,0,0,0,1
1723722677,387,2,2,8,8,11.845,0,0,0.11 | 0.15 | 0.27,0,2.10 | 2.56 | 2.98,0,1.34 | 1.56 | 1.91,0.602,0.000,0,1,0,0,0,0,-1,0,0,0,,0,,0,,0,0,0,1
1723722677,387,2,2,8,8,11.845,0,0,0.11 | 0.15 | 0.27,0,2.10 | 2.56 | 2.98,0,1.34 | 1.56 | 1.91,0.602,0.000,0,1,0,0,0,0,-1,0,0,0,,0,,0,,0,0,0,1
1723722677,387,2,2,8,8,11.845,0,0,0.11 | 0.15 | 0.27,0,2.10 | 2.56 | 2.98,0,1.34 | 1.56 | 1.91,0.602,0.000,0,1,0,0,0,0,-1,0,0,0,,0,,0,,0,0,0,1
1723722678,387,2,2,8,8,11.845,0,0,0.11 | 0.15 | 0.27,0,2.10 | 2.56 | 2.98,0,1.34 | 1.56 | 1.91,0.602,0.000,0,1,0,0,0,0,-1,0,0,0,,0,,0,,0,0,0,1
1723722678,387,2,2,8,8,11.845,0,0,0.11 | 0.15 | 0.27,0,2.10 | 2.56 | 2.98,0,1.34 | 1.56 | 1.91,0.602,0.000,0,1,0,0,0,0,-1,0,0,0,,0,,0,,0,0,0,1
1723722678,387,2,2,8,8,11.845,0,0,0.11 | 0.15 | 0.27,0,2.10 | 2.56 | 2.98,0,1.34 | 1.56 | 1.91,0.602,0.000,0,1,0,0,0,0,-1,0,0,0,,0,,0,,0,0,0,1
1723722678,387,2,2,8,8,11.845,0,0,0.11 | 0.15 | 0.27,0,2.10 | 2.56 | 2.98,0,1.34 | 1.56 | 1.91,0.602,0.000,0,1,0,0,0,0,-1,0,0,0,,0,,0,,0,0,0,1
1723722678,387,2,2,8,8,11.845,0,0,0.11 | 0.15 | 0.27,0,2.10 | 2.56 | 2.98,0,1.34 | 1.56 | 1.91,0.602,0.000,0,1,0,0,0,0,-1,0,0,0,,0,,0,,0,0,0,1
1723722678,387,2,2,8,8,10.888,0,0,0.11 | 0.15 | 0.27,0,2.10 | 2.56 | 2.98,0,1.34 | 1.56 | 1.91,0.602,0.000,0,1,0,0,0,0,-1,0,0,0,,0,,0,,0,0,0,1
1723722678,387,2,2,8,8,10.888,0,0,0.11 | 0.15 | 0.27,0,2.10 | 2.56 | 2.98,0,1.34 | 1.56 | 1.91,0.602,0.000,0,1,0,0,0,0,-1,0,0,0,,0,,0,,0,0,0,1
1723722678,387,2,2,8,8,10.888,0,0,0.11 | 0.15 | 0.27,0,2.10 | 2.56 | 2.98,0,1.34 | 1.56 | 1.91,0.602,0.000,0,1,0,0,0,0,-1,0,0,0,,0,,0,,0,0,0,1
1723722678,387,2,2,8,8,10.888,0,0,0.11 | 0.15 | 0.27,0,2.10 | 2.56 | 2.98,0,1.34 | 1.56 | 1.91,0.602,0.000,0,1,0,0,0,0,-1,0,0,0,,0,,0,,0,0,0,1
1723722678,387,2,2,8,8,10.888,0,0,0.11 | 0.15 | 0.27,0,2.10 | 2.56 | 2.98,0,1.34 | 1.56 | 1.91,0.602,0.000,0,1,0,0,0,0,-1,0,0,0,,0,,0,,0,0,0,1
1723722679,387,2,2,8,8,10.888,0,0,0.11 | 0.15 | 0.27,0,2.10 | 2.56 | 2.98,0,1.34 | 1.56 | 1.91,0.602,0.000,0,1,0,0,0,0,-1,0,0,0,,0,,0,,0,0,0,1
1723722679,387,2,2,8,8,10.888,0,0,0.11 | 0.15 | 0.27,0,2.10 | 2.56 | 2.98,0,1.34 | 1.56 | 1.91,0.602,0.000,0,1,0,0,0,0,-1,0,0,0,,0,,0,,0,0,0,1
1723722679,387,2,2,8,8,10.888,0,0,0.11 | 0.15 | 0.27,0,2.10 | 2.56 | 2.98,0,1.34 | 1.56 | 1.91,0.602,0.000,0,1,0,0,0,0,-1,0,0,0,,0,,0,,0,0,0,1
1723722679,387,2,2,8,8,10.888,0,0,0.11 | 0.15 | 0.27,0,2.10 | 2.56 | 2.98,0,1.34 | 1.56 | 1.91,0.602,0.000,0,1,0,0,0,0,-1,0,0,0,,0,,0,,0,0,0,1
1723722679,387,2,2,8,8,10.888,0,0,0.11 | 0.15 | 0.27,0,2.10 | 2.56 | 2.98,0,1.34 | 1.56 | 1.91,0.602,0.000,0,1,0,0,0,0,-1,0,0,0,,0,,0,,0,0,0,1
1723722679,387,2,2,8,8,9.825,0,0,0.11 | 0.15 | 0.27,0,2.10 | 2.56 | 2.98,0,1.34 | 1.56 | 1.91,0.602,0.000,0,1,0,0,0,0,-1,0,0,0,,0,,0,,0,0,0,1
1723722679,387,2,2,8,8,9.825,0,0,0.11 | 0.15 | 0.27,0,2.10 | 2.56 | 2.98,0,1.34 | 1.56 | 1.91,0.602,0.000,0,1,0,0,0,0,-1,0,0,0,,0,,0,,0,0,0,1
1723722679,387,2,2,8,8,9.825,0,0,0.11 | 0.15 | 0.27,0,2.10 | 2.56 | 2.98,0,1.34 | 1.56 | 1.91,0.602,0.000,0,1,0,0,0,0,-1,0,0,0,,0,,0,,0,0,0,1
1723722679,387,2,2,8,8,9.825,0,0,0.11 | 0.15 | 0.27,0,2.10 | 2.56 | 2.98,0,1.34 | 1.56 | 1.91,0.602,0.000,0,1,0,0,0,0,-1,0,0,0,,0,,0,,0,0,0,1
1723722679,387,2,2,8,8,9.825,0,0,0.11 | 0.15 | 0.27,0,2.10 | 2.56 | 2.98,0,1.34 | 1.56 | 1.91,0.602,0.000,0,1,0,0,0,0,-1,0,0,0,,0,,0,,0,0,0,1
1723722680,387,2,2,8,8,9.825,0,0,0.11 | 0.15 | 0.27,0,2.10 | 2.56 | 2.98,0,1.34 | 1.56 | 1.91,0.602,0.000,0,1,0,0,0,0,-1,0,0,0,,0,,0,,0,0,0,1
1723722680,387,2,2,8,8,9.825,0,0,0.11 | 0.15 | 0.27,0,2.10 | 2.56 | 2.98,0,1.34 | 1.56 | 1.91,0.602,0.000,0,1,0,0,0,0,-1,0,0,0,,0,,0,,0,0,0,1
1723722680,387,2,2,8,8,9.825,0,0,0.11 | 0.15 | 0.27,0,2.10 | 2.56 | 2.98,0,1.34 | 1.56 | 1.91,0.602,0.000,0,1,0,0,0,0,-1,0,0,0,,0,,0,,0,0,0,1
1723722680,387,2,2,8,8,9.825,0,0,0.11 | 0.15 | 0.27,0,2.10 | 2.56 | 2.98,0,1.34 | 1.56 | 1.91,0.602,0.000,0,1,0,0,0,0,-1,0,0,0,,0,,0,,0,0,0,1
1723722680,387,2,2,8,8,9.825,0,0,0.11 | 0.15 | 0.27,0,2.10 | 2.56 | 2.98,0,1.34 | 1.56 | 1.91,0.602,0.000,0,1,0,0,0,0,-1,0,0,0,,0,,0,,0,0,0,1
1723722680,387,2,2,8,8,9.029,0,0,0.11 | 0.15 | 0.27,0,2.10 | 2.56 | 2.98,0,1.34 | 1.56 | 1.91,0.602,0.000,0,1,0,0,0,0,-1,0,0,0,,0,,0,,0,0,0,1
1723722680,387,2,2,8,8,9.029,0,0,0.11 | 0.15 | 0.27,0,2.10 | 2.56 | 2.98,0,1.34 | 1.56 | 1.91,0.602,0.000,0,1,0,0,0,0,-1,0,0,0,,0,,0,,0,0,0,1
1723722680,387,2,2,8,8,9.029,0,0,0.11 | 0.15 | 0.27,0,2.10 | 2.56 | 2.98,0,1.34 | 1.56 | 1.91,0.602,0.000,0,1,0,0,0,0,-1,0,0,0,,0,,0,,0,0,0,1
1723722680,387,2,2,8,8,9.029,0,0,0.11 | 0.15 | 0.27,0,2.10 | 2.56 | 2.98,0,1.34 | 1.56 | 1.91,0.602,0.000,0,1,0,0,0,0,-1,0,0,0,,0,,0,,0,0,0,1
1723722680,387,2,2,8,8,9.029,0,0,0.11 | 0.15 | 0.27,0,2.10 | 2.56 | 2.98,0,1.34 | 1.56 | 1.91,0.602,0.000,0,1,0,0,0,0,-1,0,0,0,,0,,0,,0,0,0,1
1723722681,387,2,2,8,8,9.029,0,0,0.11 | 0.15 | 0.27,0,2.10 | 2.56 | 2.98,0,1.34 | 1.56 | 1.91,0.602,0.000,0,1,0,0,0,0,-1,0,0,0,,0,,0,,0,0,0,1
1723722681,387,2,2,8,8,9.029,0,0,0.11 | 0.15 | 0.27,0,2.10 | 2.56 | 2.98,0,1.34 | 1.56 | 1.91,0.602,0.000,0,1,0,0,0,0,-1,0,0,0,,0,,0,,0,0,0,1
1723722681,387,2,2,8,8,9.029,0,0,0.11 | 0.15 | 0.27,0,2.10 | 2.56 | 2.98,0,1.34 | 1.56 | 1.91,0.602,0.000,0,1,0,0,0,0,-1,0,0,0,,0,,0,,0,0,0,1
1723722681,387,2,2,8,8,9.029,0,0,0.11 | 0.15 | 0.27,0,2.10 | 2.56 | 2.98,0,1.34 | 1.56 | 1.91,0.602,0.000,0,1,0,0,0,0,-1,0,0,0,,0,,0,,0,0,0,1
1723722681,387,2,2,8,8,9.029,0,0,0.11 | 0.15 | 0.27,0,2.10 | 2.56 | 2.98,0,1.34 | 1.56 | 1.91,0.602,0.000,0,1,0,0,0,0,-1,0,0,0,,0,,0,,0,0,0,1
1723722681,387,2,2,8,8,12.766,0,0,0.11 | 0.15 | 0.27,0,2.10 | 2.60 | 3.13,0,1.28 | 1.54 | 1.91,0.594,0.000,0,1,0,0,0,0,-1,0,0,0,,0,,0,,0,0,0,1
1723722681,387,2,2,8,8,12.766,0,0,0.11 | 0.15 | 0.27,0,2.10 | 2.60 | 3.13,0,1.28 | 1.54 | 1.91,0.594,0.000,0,1,0,0,0,0,-1,0,0,0,,0,,0,,0,0,0,1
1723722681,387,2,2,8,8,12.766,0,0,0.11 | 0.15 | 0.27,0,2.10 | 2.60 | 3.13,0,1.28 | 1.54 | 1.91,0.594,0.000,0,1,0,0,0,0,-1,0,0,0,,0,,0,,0,0,0,1
1723722681,387,2,2,8,8,12.766,0,0,0.11 | 0.15 | 0.27,0,2.10 | 2.60 | 3.13,0,1.28 | 1.54 | 1.91,0.594,0.000,0,1,0,0,0,0,-1,0,0,0,,0,,0,,0,0,0,1
1723722681,387,2,2,8,8,12.766,0,0,0.11 | 0.15 | 0.27,0,2.10 | 2.60 | 3.13,0,1.28 | 1.54 | 1.91,0.594,0.000,0,1,0,0,0,0,-1,0,0,0,,0,,0,,0,0,0,1
1723722682,387,2,2,8,8,12.766,0,0,0.11 | 0.15 | 0.27,0,2.10 | 2.60 | 3.13,0,1.28 | 1.54 | 1.91,0.594,0.000,0,1,0,0,0,0,-1,0,0,0,,0,,0,,0,0,0,1
1723722682,387,2,2,8,8,12.766,0,0,0.11 | 0.15 | 0.27,0,2.10 | 2.60 | 3.13,0,1.28 | 1.54 | 1.91,0.594,0.000,0,1,0,0,0,0,-1,0,0,0,,0,,0,,0,0,0,1
1723722682,387,2,2,8,8,12.766,0,0,0.11 | 0.15 | 0.27,0,2.10 | 2.60 | 3.13,0,1.28 | 1.54 | 1.91,0.594,0.000,0,1,0,0,0,0,-1,0,0,0,,0,,0,,0,0,0,1
1723722682,387,2,2,8,8,12.766,0,0,0.11 | 0.15 | 0.27,0,2.10 | 2.60 | 3.13,0,1.28 | 1.54 | 1.91,0.594,0.000,0,1,0,0,0,0,-1,0,0,0,,0,,0,,0,0,0,1
1723722682,387,2,2,8,8,12.766,0,0,0.11 | 0.15 | 0.27,0,2.10 | 2.60 | 3.13,0,1.28 | 1.54 | 1.91,0.594,0.000,0,1,0,0,0,0,-1,0,0,0,,0,,0,,0,0,0,1
1723722682,387,2,2,8,8,11.704,0,0,0.11 | 0.15 | 0.27,0,2.10 | 2.60 | 3.13,0,1.28 | 1.54 | 1.91,0.594,0.000,0,1,0,0,0,0,-1,0,0,0,,0,,0,,0,0,0,1
1723722682,387,2,2,8,8,11.704,0,0,0.11 | 0.15 | 0.27,0,2.10 | 2.60 | 3.13,0,1.28 | 1.54 | 1.91,0.594,0.000,0,1,0,0,0,0,-1,0,0,0,,0,,0,,0,0,0,1
1723722682,387,2,2,8,8,11.704,0,0,0.11 | 0.15 | 0.27,0,2.10 | 2.60 | 3.13,0,1.28 | 1.54 | 1.91,0.594,0.000,0,1,0,0,0,0,-1,0,0,0,,0,,0,,0,0,0,1
1723722682,387,2,2,8,8,11.704,0,0,0.11 | 0.15 | 0.27,0,2.10 | 2.60 | 3.13,0,1.28 | 1.54 | 1.91,0.594,0.000,0,1,0,0,0,0,-1,0,0,0,,0,,0,,0,0,0,1
1723722682,387,2,2,8,8,11.704,0,0,0.11 | 0.15 | 0.27,0,2.10 | 2.60 | 3.13,0,1.28 | 1.54 | 1.91,0.594,0.000,0,1,0,0,0,0,-1,0,0,0,,0,,0,,0,0,0,1
1723722683,387,2,2,8,8,11.704,0,0,0.11 | 0.15 | 0.27,0,2.10 | 2.60 | 3.13,0,1.28 | 1.54 | 1.91,0.594,0.000,0,1,0,0,0,0,-1,0,0,0,,0,,0,,0,0,0,1
1723722683,387,2,2,8,8,11.704,0,0,0.11 | 0.15 | 0.27,0,2.10 | 2.60 | 3.13,0,1.28 | 1.54 | 1.91,0.594,0.000,0,1,0,0,0,0,-1,0,0,0,,0,,0,,0,0,0,1
1723722683,387,2,2,8,8,11.704,0,0,0.11 | 0.15 | 0.27,0,2.10 | 2.60 | 3.13,0,1.28 | 1.54 | 1.91,0.594,0.000,0,1,0,0,0,0,-1,0,0,0,,0,,0,,0,0,0,1
1723722683,387,2,2,8,8,11.704,0,0,0.11 | 0.15 | 0.27,0,2.10 | 2.60 | 3.13,0,1.28 | 1.54 | 1.91,0.594,0.000,0,1,0,0,0,0,-1,0,0,0,,0,,0,,0,0,0,1
1723722683,387,2,2,8,8,11.704,0,0,0.11 | 0.15 | 0.27,0,2.10 | 2.60 | 3.13,0,1.28 | 1.54 | 1.91,0.594,0.000,0,1,0,0,0,0,-1,0,0,0,,0,,0,,0,0,0,1
1723722683,387,2,2,8,8,10.641,0,0,0.11 | 0.15 | 0.27,0,2.10 | 2.60 | 3.13,0,1.28 | 1.54 | 1.91,0.594,0.000,0,1,0,0,0,0,-1,0,0,0,,0,,0,,0,0,0,1
1723722683,387,2,2,8,8,10.641,0,0,0.11 | 0.15 | 0.27,0,2.10 | 2.60 | 3.13,0,1.28 | 1.54 | 1.91,0.594,0.000,0,1,0,0,0,0,-1,0,0,0,,0,,0,,0,0,0,1
1723722683,387,2,2,8,8,10.641,0,0,0.11 | 0.15 | 0.27,0,2.10 | 2.60 | 3.13,0,1.28 | 1.54 | 1.91,0.594,0.000,0,1,0,0,0,0,-1,0,0,0,,0,,0,,0,0,0,1
1723722683,387,2,2,8,8,10.641,0,0,0.11 | 0.15 | 0.27,0,2.10 | 2.60 | 3.13,0,1.28 | 1.54 | 1.91,0.594,0.000,0,1,0,0,0,0,-1,0,0,0,,0,,0,,0,0,0,1
1723722683,387,2,2,8,8,10.641,0,0,0.11 | 0.15 | 0.27,0,2.10 | 2.60 | 3.13,0,1.28 | 1.54 | 1.91,0.594,0.000,0,1,0,0,0,0,-1,0,0,0,,0,,0,,0,0,0,1
1723722684,387,2,2,8,8,10.641,0,0,0.11 | 0.15 | 0.27,0,2.10 | 2.60 | 3.13,0,1.28 | 1.54 | 1.91,0.594,0.000,0,1,0,0,0,0,-1,0,0,0,,0,,0,,0,0,0,1
1723722684,387,2,2,8,8,10.641,0,0,0.11 | 0.15 | 0.27,0,2.10 | 2.60 | 3.13,0,1.28 | 1.54 | 1.91,0.594,0.000,0,1,0,0,0,0,-1,0,0,0,,0,,0,,0,0,0,1
1723722684,387,2,2,8,8,10.641,0,0,0.11 | 0.15 | 0.27,0,2.10 | 2.60 | 3.13,0,1.28 | 1.54 | 1.91,0.594,0.000,0,1,0,0,0,0,-1,0,0,0,,0,,0,,0,0,0,1
1723722684,387,2,2,8,8,10.641,0,0,0.11 | 0.15 | 0.27,0,2.10 | 2.60 | 3.13,0,1.28 | 1.54 | 1.91,0.594,0.000,0,1,0,0,0,0,-1,0,0,0,,0,,0,,0,0,0,1
1723722684,387,2,2,8,8,10.641,0,0,0.11 | 0.15 | 0.27,0,2.10 | 2.60 | 3.13,0,1.28 | 1.54 | 1.91,0.594,0.000,0,1,0,0,0,0,-1,0,0,0,,0,,0,,0,0,0,1
1723722684,387,2,2,8,8,12.851,0,0,0.11 | 0.15 | 0.27,0,2.11 | 2.60 | 3.13,0,1.28 | 1.54 | 1.90,0.595,0.000,0,1,0,0,0,0,-1,0,0,0,,0,,0,,0,0,0,1
1723722684,387,2,2,8,8,12.851,0,0,0.11 | 0.15 | 0.27,0,2.11 | 2.60 | 3.13,0,1.28 | 1.54 | 1.90,0.595,0.000,0,1,0,0,0,0,-1,0,0,0,,0,,0,,0,0,0,1
1723722684,387,2,2,8,8,12.851,0,0,0.11 | 0.15 | 0.27,0,2.11 | 2.60 | 3.13,0,1.28 | 1.54 | 1.90,0.595,0.000,0,1,0,0,0,0,-1,0,0,0,,0,,0,,0,0,0,1
1723722684,387,2,2,8,8,12.851,0,0,0.11 | 0.15 | 0.27,0,2.11 | 2.60 | 3.13,0,1.28 | 1.54 | 1.90,0.595,0.000,0,1,0,0,0,0,-1,0,0,0,,0,,0,,0,0,0,1
1723722684,387,2,2,8,8,12.851,0,0,0.11 | 0.15 | 0.27,0,2.11 | 2.60 | 3.13,0,1.28 | 1.54 | 1.90,0.595,0.000,0,1,0,0,0,0,-1,0,0,0,,0,,0,,0,0,0,1
1723722685,387,2,2,8,8,12.851,0,0,0.11 | 0.15 | 0.27,0,2.11 | 2.60 | 3.13,0,1.28 | 1.54 | 1.90,0.595,0.000,0,1,0,0,0,0,-1,0,0,0,,0,,0,,0,0,0,1
1723722685,387,2,2,8,8,12.851,0,0,0.11 | 0.15 | 0.27,0,2.11 | 2.60 | 3.13,0,1.28 | 1.54 | 1.90,0.595,0.000,0,1,0,0,0,0,-1,0,0,0,,0,,0,,0,0,0,1
1723722685,387,2,2,8,8,12.851,0,0,0.11 | 0.15 | 0.27,0,2.11 | 2.60 | 3.13,0,1.28 | 1.54 | 1.90,0.595,0.000,0,1,0,0,0,0,-1,0,0,0,,0,,0,,0,0,0,1
1723722685,387,2,2,8,8,12.851,0,0,0.11 | 0.15 | 0.27,0,2.11 | 2.60 | 3.13,0,1.28 | 1.54 | 1.90,0.595,0.000,0,1,0,0,0,0,-1,0,0,0,,0,,0,,0,0,0,1
1723722685,387,2,2,8,8,12.851,0,0,0.11 | 0.15 | 0.27,0,2.11 | 2.60 | 3.13,0,1.28 | 1.54 | 1.90,0.595,0.000,0,1,0,0,0,0,-1,0,0,0,,0,,0,,0,0,0,1
1723722685,387,2,2,8,8,11.982,0,0,0.11 | 0.15 | 0.27,0,2.11 | 2.60 | 3.13,0,1.28 | 1.54 | 1.90,0.595,0.000,0,1,0,0,0,0,-1,0,0,0,,0,,0,,0,0,0,1
1723722685,387,2,2,8,8,11.982,0,0,0.11 | 0.15 | 0.27,0,2.11 | 2.60 | 3.13,0,1.28 | 1.54 | 1.90,0.595,0.000,0,1,0,0,0,0,-1,0,0,0,,0,,0,,0,0,0,1
1723722685,387,2,2,8,8,11.982,0,0,0.11 | 0.15 | 0.27,0,2.11 | 2.60 | 3.13,0,1.28 | 1.54 | 1.90,0.595,0.000,0,1,0,0,0,0,-1,0,0,0,,0,,0,,0,0,0,1
1723722685,387,2,2,8,8,11.982,0,0,0.11 | 0.15 | 0.27,0,2.11 | 2.60 | 3.13,0,1.28 | 1.54 | 1.90,0.595,0.000,0,1,0,0,0,0,-1,0,0,0,,0,,0,,0,0,0,1
1723722685,387,2,2,8,8,11.982,0,0,0.11 | 0.15 | 0.27,0,2.11 | 2.60 | 3.13,0,1.28 | 1.54 | 1.90,0.595,0.000,0,1,0,0,0,0,-1,0,0,0,,0,,0,,0,0,0,1
1723722686,387,2,2,8,8,11.982,0,0,0.11 | 0.15 | 0.27,0,2.11 | 2.60 | 3.13,0,1.28 | 1.54 | 1.90,0.595,0.000,0,1,0,0,0,0,-1,0,0,0,,0,,0,,0,0,0,1
1723722686,387,2,2,8,8,11.982,0,0,0.11 | 0.15 | 0.27,0,2.11 | 2.60 | 3.13,0,1.28 | 1.54 | 1.90,0.595,0.000,0,1,0,0,0,0,-1,0,0,0,,0,,0,,0,0,0,1
1723722686,387,2,2,8,8,11.982,0,0,0.11 | 0.15 | 0.27,0,2.11 | 2.60 | 3.13,0,1.28 | 1.54 | 1.90,0.595,0.000,0,1,0,0,0,0,-1,0,0,0,,0,,0,,0,0,0,1
1723722686,387,2,2,8,8,11.982,0,0,0.11 | 0.15 | 0.27,0,2.11 | 2.60 | 3.13,0,1.28 | 1.54 | 1.90,0.595,0.000,0,1,0,0,0,0,-1,0,0,0,,0,,0,,0,0,0,1
1723722686,387,2,2,8,8,11.982,0,0,0.11 | 0.15 | 0.27,0,2.11 | 2.60 | 3.13,0,1.28 | 1.54 | 1.90,0.595,0.000,0,1,0,0,0,0,-1,0,0,0,,0,,0,,0,0,0,1
1723722686,387,2,2,8,8,10.919,0,0,0.11 | 0.15 | 0.27,0,2.11 | 2.60 | 3.13,0,1.28 | 1.54 | 1.90,0.595,0.000,0,1,0,0,0,0,-1,0,0,0,,0,,0,,0,0,0,1
1723722686,387,2,2,8,8,10.919,0,0,0.11 | 0.15 | 0.27,0,2.11 | 2.60 | 3.13,0,1.28 | 1.54 | 1.90,0.595,0.000,0,1,0,0,0,0,-1,0,0,0,,0,,0,,0,0,0,1
1723722686,387,2,2,8,8,10.919,0,0,0.11 | 0.15 | 0.27,0,2.11 | 2.60 | 3.13,0,1.28 | 1.54 | 1.90,0.595,0.000,0,1,0,0,0,0,-1,0,0,0,,0,,0,,0,0,0,1
1723722686,387,2,2,8,8,10.919,0,0,0.11 | 0.15 | 0.27,0,2.11 | 2.60 | 3.13,0,1.28 | 1.54 | 1.90,0.595,0.000,0,1,0,0,0,0,-1,0,0,0,,0,,0,,0,0,0,1
1723722686,387,2,2,8,8,10.919,0,0,0.11 | 0.15 | 0.27,0,2.11 | 2.60 | 3.13,0,1.28 | 1.54 | 1.90,0.595,0.000,0,1,0,0,0,0,-1,0,0,0,,0,,0,,0,0,0,1
1723722687,387,2,2,8,8,10.919,0,0,0.11 | 0.15 | 0.27,0,2.11 | 2.60 | 3.13,0,1.28 | 1.54 | 1.90,0.595,0.000,0,1,0,0,0,0,-1,0,0,0,,0,,0,,0,0,0,1
1723722687,387,2,2,8,8,10.919,0,0,0.11 | 0.15 | 0.27,0,2.11 | 2.60 | 3.13,0,1.28 | 1.54 | 1.90,0.595,0.000,0,1,0,0,0,0,-1,0,0,0,,0,,0,,0,0,0,1
1723722687,387,2,2,8,8,10.919,0,0,0.11 | 0.15 | 0.27,0,2.11 | 2.60 | 3.13,0,1.28 | 1.54 | 1.90,0.595,0.000,0,1,0,0,0,0,-1,0,0,0,,0,,0,,0,0,0,1
1723722687,387,2,2,8,8,10.919,0,0,0.11 | 0.15 | 0.27,0,2.11 | 2.60 | 3.13,0,1.28 | 1.54 | 1.90,0.595,0.000,0,1,0,0,0,0,-1,0,0,0,,0,,0,,0,0,0,1
1723722687,387,2,2,8,8,10.919,0,0,0.11 | 0.15 | 0.27,0,2.11 | 2.60 | 3.13,0,1.28 | 1.54 | 1.90,0.595,0.000,0,1,0,0,0,0,-1,0,0,0,,0,,0,,0,0,0,1
1723722687,387,2,2,8,8,9.857,0,0,0.11 | 0.15 | 0.27,0,2.11 | 2.60 | 3.13,0,1.28 | 1.54 | 1.90,0.595,0.000,0,1,0,0,0,0,-1,0,0,0,,0,,0,,0,0,0,1
1723722687,387,2,2,8,8,9.857,0,0,0.11 | 0.15 | 0.27,0,2.11 | 2.60 | 3.13,0,1.28 | 1.54 | 1.90,0.595,0.000,0,1,0,0,0,0,-1,0,0,0,,0,,0,,0,0,0,1
1723722687,387,2,2,8,8,9.857,0,0,0.11 | 0.15 | 0.27,0,2.11 | 2.60 | 3.13,0,1.28 | 1.54 | 1.90,0.595,0.000,0,1,0,0,0,0,-1,0,0,0,,0,,0,,0,0,0,1
1723722687,387,2,2,8,8,9.857,0,0,0.11 | 0.15 | 0.27,0,2.11 | 2.60 | 3.13,0,1.28 | 1.54 | 1.90,0.595,0.000,0,1,0,0,0,0,-1,0,0,0,,0,,0,,0,0,0,1
1723722687,387,2,2,8,8,9.857,0,0,0.11 | 0.15 | 0.27,0,2.11 | 2.60 | 3.13,0,1.28 | 1.54 | 1.90,0.595,0.000,0,1,0,0,0,0,-1,0,0,0,,0,,0,,0,0,0,1
1723722688,387,2,2,8,8,9.857,0,0,0.11 | 0.15 | 0.27,0,2.11 | 2.60 | 3.13,0,1.28 | 1.54 | 1.90,0.595,0.000,0,1,0,0,0,0,-1,0,0,0,,0,,0,,0,0,0,1
1723722688,387,2,2,8,8,9.857,0,0,0.11 | 0.15 | 0.27,0,2.11 | 2.60 | 3.13,0,1.28 | 1.54 | 1.90,0.595,0.000,0,1,0,0,0,0,-1,0,0,0,,0,,0,,0,0,0,1
1723722688,387,2,2,8,8,9.857,0,0,0.11 | 0.15 | 0.27,0,2.11 | 2.60 | 3.13,0,1.28 | 1.54 | 1.90,0.595,0.000,0,1,0,0,0,0,-1,0,0,0,,0,,0,,0,0,0,1
1723722688,387,2,2,8,8,9.857,0,0,0.11 | 0.15 | 0.27,0,2.11 | 2.60 | 3.13,0,1.28 | 1.54 | 1.90,0.595,0.000,0,1,0,0,0,0,-1,0,0,0,,0,,0,,0,0,0,1
1723722688,387,2,2,8,8,9.857,0,0,0.11 | 0.15 | 0.27,0,2.11 | 2.60 | 3.13,0,1.28 | 1.54 | 1.90,0.595,0.000,0,1,0,0,0,0,-1,0,0,0,,0,,0,,0,0,0,1
1723722688,387,2,2,8,8,8.794,0,0,0.11 | 0.15 | 0.27,0,2.11 | 2.60 | 3.13,0,1.28 | 1.54 | 1.90,0.595,0.000,0,1,0,0,0,0,-1,0,0,0,,0,,0,,0,0,0,1
1723722688,387,2,2,8,8,8.794,0,0,0.11 | 0.15 | 0.27,0,2.11 | 2.60 | 3.13,0,1.28 | 1.54 | 1.90,0.595,0.000,0,1,0,0,0,0,-1,0,0,0,,0,,0,,0,0,0,1
1723722688,387,2,2,8,8,8.794,0,0,0.11 | 0.15 | 0.27,0,2.11 | 2.60 | 3.13,0,1.28 | 1.54 | 1.90,0.595,0.000,0,1,0,0,0,0,-1,0,0,0,,0,,0,,0,0,0,1
1723722688,387,2,2,8,8,8.794,0,0,0.11 | 0.15 | 0.27,0,2.11 | 2.60 | 3.13,0,1.28 | 1.54 | 1.90,0.595,0.000,0,1,0,0,0,0,-1,0,0,0,,0,,0,,0,0,0,1
1723722688,387,2,2,8,8,8.794,0,0,0.11 | 0.15 | 0.27,0,2.11 | 2.60 | 3.13,0,1.28 | 1.54 | 1.90,0.595,0.000,0,1,0,0,0,0,-1,0,0,0,,0,,0,,0,0,0,1
1723722689,387,2,2,8,8,8.794,0,0,0.11 | 0.15 | 0.27,0,2.11 | 2.60 | 3.13,0,1.28 | 1.54 | 1.90,0.595,0.000,0,1,0,0,0,0,-1,0,0,0,,0,,0,,0,0,0,1
1723722689,387,2,2,8,8,8.794,0,0,0.11 | 0.15 | 0.27,0,2.11 | 2.60 | 3.13,0,1.28 | 1.54 | 1.90,0.595,0.000,0,1,0,0,0,0,-1,0,0,0,,0,,0,,0,0,0,1
1723722689,387,2,2,8,8,8.794,0,0,0.11 | 0.15 | 0.27,0,2.11 | 2.60 | 3.13,0,1.28 | 1.54 | 1.90,0.595,0.000,0,1,0,0,0,0,-1,0,0,0,,0,,0,,0,0,0,1
1723722689,387,2,2,8,8,8.794,0,0,0.11 | 0.15 | 0.27,0,2.11 | 2.60 | 3.13,0,1.28 | 1.54 | 1.90,0.595,0.000,0,1,0,0,0,0,-1,0,0,0,,0,,0,,0,0,0,1
1723722689,387,2,2,8,8,8.794,0,0,0.11 | 0.15 | 0.27,0,2.11 | 2.60 | 3.13,0,1.28 | 1.54 | 1.90,0.595,0.000,0,1,0,0,0,0,-1,0,0,0,,0,,0,,0,0,0,1
1723722689,387,2,2,8,8,12.797,0,0,0.11 | 0.15 | 0.27,0,2.11 | 2.79 | 3.31,0,1.21 | 1.44 | 1.90,0.593,0.000,0,1,0,0,0,0,-1,0,0,0,,0,,0,,0,0,0,1
1723722689,387,2,2,8,8,12.797,0,0,0.11 | 0.15 | 0.27,0,2.11 | 2.79 | 3.31,0,1.21 | 1.44 | 1.90,0.593,0.000,0,1,0,0,0,0,-1,0,0,0,,0,,0,,0,0,0,1
1723722689,387,2,2,8,8,12.797,0,0,0.11 | 0.15 | 0.27,0,2.11 | 2.79 | 3.31,0,1.21 | 1.44 | 1.90,0.593,0.000,0,1,0,0,0,0,-1,0,0,0,,0,,0,,0,0,0,1
1723722689,387,2,2,8,8,12.797,0,0,0.11 | 0.15 | 0.27,0,2.11 | 2.79 | 3.31,0,1.21 | 1.44 | 1.90,0.593,0.000,0,1,0,0,0,0,-1,0,0,0,,0,,0,,0,0,0,1
1723722689,387,2,2,8,8,12.797,0,0,0.11 | 0.15 | 0.27,0,2.11 | 2.79 | 3.31,0,1.21 | 1.44 | 1.90,0.593,0.000,0,1,0,0,0,0,-1,0,0,0,,0,,0,,0,0,0,1
1723722690,387,2,2,8,8,12.797,0,0,0.11 | 0.15 | 0.27,0,2.11 | 2.79 | 3.31,0,1.21 | 1.44 | 1.90,0.593,0.000,0,1,0,0,0,0,-1,0,0,0,,0,,0,,0,0,0,1
1723722690,387,2,2,8,8,12.797,0,0,0.11 | 0.15 | 0.27,0,2.11 | 2.79 | 3.31,0,1.21 | 1.44 | 1.90,0.593,0.000,0,1,0,0,0,0,-1,0,0,0,,0,,0,,0,0,0,1
1723722690,387,2,2,8,8,12.797,0,0,0.11 | 0.15 | 0.27,0,2.11 | 2.79 | 3.31,0,1.21 | 1.44 | 1.90,0.593,0.000,0,1,0,0,0,0,-1,0,0,0,,0,,0,,0,0,0,1
1723722690,387,2,2,8,8,12.797,0,0,0.11 | 0.15 | 0.27,0,2.11 | 2.79 | 3.31,0,1.21 | 1.44 | 1.90,0.593,0.000,0,1,0,0,0,0,-1,0,0,0,,0,,0,,0,0,0,1
1723722690,387,2,2,8,8,12.797,0,0,0.11 | 0.15 | 0.27,0,2.11 | 2.79 | 3.31,0,1.21 | 1.44 | 1.90,0.593,0.000,0,1,0,0,0,0,-1,0,0,0,,0,,0,,0,0,0,1
1723722690,387,2,2,8,8,11.735,0,0,0.11 | 0.15 | 0.27,0,2.11 | 2.79 | 3.31,0,1.21 | 1.44 | 1.90,0.593,0.000,0,1,0,0,0,0,-1,0,0,0,,0,,0,,0,0,0,1
1723722690,387,2,2,8,8,11.735,0,0,0.11 | 0.15 | 0.27,0,2.11 | 2.79 | 3.31,0,1.21 | 1.44 | 1.90,0.593,0.000,0,1,0,0,0,0,-1,0,0,0,,0,,0,,0,0,0,1
1723722690,387,2,2,8,8,11.735,0,0,0.11 | 0.15 | 0.27,0,2.11 | 2.79 | 3.31,0,1.21 | 1.44 | 1.90,0.593,0.000,0,1,0,0,0,0,-1,0,0,0,,0,,0,,0,0,0,1
1723722690,387,2,2,8,8,11.735,0,0,0.11 | 0.15 | 0.27,0,2.11 | 2.79 | 3.31,0,1.21 | 1.44 | 1.90,0.593,0.000,0,1,0,0,0,0,-1,0,0,0,,0,,0,,0,0,0,1
1723722690,387,2,2,8,8,11.735,0,0,0.11 | 0.15 | 0.27,0,2.11 | 2.79 | 3.31,0,1.21 | 1.44 | 1.90,0.593,0.000,0,1,0,0,0,0,-1,0,0,0,,0,,0,,0,0,0,1
1723722691,387,2,2,8,8,11.735,0,0,0.11 | 0.15 | 0.27,0,2.11 | 2.79 | 3.31,0,1.21 | 1.44 | 1.90,0.593,0.000,0,1,0,0,0,0,-1,0,0,0,,0,,0,,0,0,0,1
1723722691,387,2,2,8,8,11.735,0,0,0.11 | 0.15 | 0.27,0,2.11 | 2.79 | 3.31,0,1.21 | 1.44 | 1.90,0.593,0.000,0,1,0,0,0,0,-1,0,0,0,,0,,0,,0,0,0,1
1723722691,387,2,2,8,8,11.735,0,0,0.11 | 0.15 | 0.27,0,2.11 | 2.79 | 3.31,0,1.21 | 1.44 | 1.90,0.593,0.000,0,1,0,0,0,0,-1,0,0,0,,0,,0,,0,0,0,1
1723722691,387,2,2,8,8,11.735,0,0,0.11 | 0.15 | 0.27,0,2.11 | 2.79 | 3.31,0,1.21 | 1.44 | 1.90,0.593,0.000,0,1,0,0,0,0,-1,0,0,0,,0,,0,,0,0,0,1
1723722691,387,2,2,8,8,11.735,0,0,0.11 | 0.15 | 0.27,0,2.11 | 2.79 | 3.31,0,1.21 | 1.44 | 1.90,0.593,0.000,0,1,0,0,0,0,-1,0,0,0,,0,,0,,0,0,0,1
1723722691,387,2,2,8,8,10.672,0,0,0.11 | 0.15 | 0.27,0,2.11 | 2.79 | 3.31,0,1.21 | 1.44 | 1.90,0.593,0.000,0,1,0,0,0,0,-1,0,0,0,,0,,0,,0,0,0,1
1723722691,387,2,2,8,8,10.672,0,0,0.11 | 0.15 | 0.27,0,2.11 | 2.79 | 3.31,0,1.21 | 1.44 | 1.90,0.593,0.000,0,1,0,0,0,0,-1,0,0,0,,0,,0,,0,0,0,1
1723722691,387,2,2,8,8,10.672,0,0,0.11 | 0.15 | 0.27,0,2.11 | 2.79 | 3.31,0,1.21 | 1.44 | 1.90,0.593,0.000,0,1,0,0,0,0,-1,0,0,0,,0,,0,,0,0,0,1
1723722691,387,2,2,8,8,10.672,0,0,0.11 | 0.15 | 0.27,0,2.11 | 2.79 | 3.31,0,1.21 | 1.44 | 1.90,0.593,0.000,0,1,0,0,0,0,-1,0,0,0,,0,,0,,0,0,0,1
1723722691,387,2,2,8,8,10.672,0,0,0.11 | 0.15 | 0.27,0,2.11 | 2.79 | 3.31,0,1.21 | 1.44 | 1.90,0.593,0.000,0,1,0,0,0,0,-1,0,0,0,,0,,0,,0,0,0,1
1723722692,387,2,2,8,8,10.672,0,0,0.11 | 0.15 | 0.27,0,2.11 | 2.79 | 3.31,0,1.21 | 1.44 | 1.90,0.593,0.000,0,1,0,0,0,0,-1,0,0,0,,0,,0,,0,0,0,1
1723722692,387,2,2,8,8,10.672,0,0,0.11 | 0.15 | 0.27,0,2.11 | 2.79 | 3.31,0,1.21 | 1.44 | 1.90,0.593,0.000,0,1,0,0,0,0,-1,0,0,0,,0,,0,,0,0,0,1
1723722692,387,2,2,8,8,10.672,0,0,0.11 | 0.15 | 0.27,0,2.11 | 2.79 | 3.31,0,1.21 | 1.44 | 1.90,0.593,0.000,0,1,0,0,0,0,-1,0,0,0,,0,,0,,0,0,0,1
1723722692,387,2,2,8,8,10.672,0,0,0.11 | 0.15 | 0.27,0,2.11 | 2.79 | 3.31,0,1.21 | 1.44 | 1.90,0.593,0.000,0,1,0,0,0,0,-1,0,0,0,,0,,0,,0,0,0,1
1723722692,387,2,2,8,8,10.672,0,0,0.11 | 0.15 | 0.27,0,2.11 | 2.79 | 3.31,0,1.21 | 1.44 | 1.90,0.593,0.000,0,1,0,0,0,0,-1,0,0,0,,0,,0,,0,0,0,1
1723722692,387,2,2,8,8,9.61,0,0,0.11 | 0.15 | 0.27,0,2.11 | 2.79 | 3.31,0,1.21 | 1.44 | 1.90,0.593,0.000,0,1,0,0,0,0,-1,0,0,0,,0,,0,,0,0,0,1
1723722692,387,2,2,8,8,9.61,0,0,0.11 | 0.15 | 0.27,0,2.11 | 2.79 | 3.31,0,1.21 | 1.44 | 1.90,0.593,0.000,0,1,0,0,0,0,-1,0,0,0,,0,,0,,0,0,0,1
1723722692,387,2,2,8,8,9.61,0,0,0.11 | 0.15 | 0.27,0,2.11 | 2.79 | 3.31,0,1.21 | 1.44 | 1.90,0.593,0.000,0,1,0,0,0,0,-1,0,0,0,,0,,0,,0,0,0,1
1723722692,387,2,2,8,8,9.61,0,0,0.11 | 0.15 | 0.27,0,2.11 | 2.79 | 3.31,0,1.21 | 1.44 | 1.90,0.593,0.000,0,1,0,0,0,0,-1,0,0,0,,0,,0,,0,0,0,1
1723722692,387,2,2,8,8,9.61,0,0,0.11 | 0.15 | 0.27,0,2.11 | 2.79 | 3.31,0,1.21 | 1.44 | 1.90,0.593,0.000,0,1,0,0,0,0,-1,0,0,0,,0,,0,,0,0,0,1
1723722693,387,2,2,8,8,9.61,0,0,0.11 | 0.15 | 0.27,0,2.11 | 2.79 | 3.31,0,1.21 | 1.44 | 1.90,0.593,0.000,0,1,0,0,0,0,-1,0,0,0,,0,,0,,0,0,0,1
1723722693,387,2,2,8,8,9.61,0,0,0.11 | 0.15 | 0.27,0,2.11 | 2.79 | 3.31,0,1.21 | 1.44 | 1.90,0.593,0.000,0,1,0,0,0,0,-1,0,0,0,,0,,0,,0,0,0,1
1723722693,387,2,2,8,8,9.61,0,0,0.11 | 0.15 | 0.27,0,2.11 | 2.79 | 3.31,0,1.21 | 1.44 | 1.90,0.593,0.000,0,1,0,0,0,0,-1,0,0,0,,0,,0,,0,0,0,1
1723722693,387,2,2,8,8,9.61,0,0,0.11 | 0.15 | 0.27,0,2.11 | 2.79 | 3.31,0,1.21 | 1.44 | 1.90,0.593,0.000,0,1,0,0,0,0,-1,0,0,0,,0,,0,,0,0,0,1
1723722693,387,2,2,8,8,9.61,0,0,0.11 | 0.15 | 0.27,0,2.11 | 2.79 | 3.31,0,1.21 | 1.44 | 1.90,0.593,0.000,0,1,0,0,0,0,-1,0,0,0,,0,,0,,0,0,0,1
1723722693,387,2,2,8,8,12.013,0,0,0.11 | 0.11 | 0.11,0,2.11 | 2.72 | 3.31,0,1.21 | 1.47 | 1.90,0.621,0.000,0,1,0,0,0,0,-1,0,0,0,,0,,0,,0,0,0,1
1723722693,387,2,2,8,8,12.013,0,0,0.11 | 0.11 | 0.11,0,2.11 | 2.72 | 3.31,0,1.21 | 1.47 | 1.90,0.621,0.000,0,1,0,0,0,0,-1,0,0,0,,0,,0,,0,0,0,1
1723722693,387,2,2,8,8,12.013,0,0,0.11 | 0.11 | 0.11,0,2.11 | 2.72 | 3.31,0,1.21 | 1.47 | 1.90,0.621,0.000,0,1,0,0,0,0,-1,0,0,0,,0,,0,,0,0,0,1
1723722693,387,2,2,8,8,12.013,0,0,0.11 | 0.11 | 0.11,0,2.11 | 2.72 | 3.31,0,1.21 | 1.47 | 1.90,0.621,0.000,0,1,0,0,0,0,-1,0,0,0,,0,,0,,0,0,0,1
1723722693,387,2,2,8,8,12.013,0,0,0.11 | 0.11 | 0.11,0,2.11 | 2.72 | 3.31,0,1.21 | 1.47 | 1.90,0.621,0.000,0,1,0,0,0,0,-1,0,0,0,,0,,0,,0,0,0,1
1723722694,387,2,2,8,8,12.013,0,0,0.11 | 0.11 | 0.11,0,2.11 | 2.72 | 3.31,0,1.21 | 1.47 | 1.90,0.621,0.000,0,1,0,0,0,0,-1,0,0,0,,0,,0,,0,0,0,1
1723722694,387,2,2,8,8,12.013,0,0,0.11 | 0.11 | 0.11,0,2.11 | 2.72 | 3.31,0,1.21 | 1.47 | 1.90,0.621,0.000,0,1,0,0,0,0,-1,0,0,0,,0,,0,,0,0,0,1
1723722694,387,2,2,8,8,12.013,0,0,0.11 | 0.11 | 0.11,0,2.11 | 2.72 | 3.31,0,1.21 | 1.47 | 1.90,0.621,0.000,0,1,0,0,0,0,-1,0,0,0,,0,,0,,0,0,0,1
1723722694,387,2,2,8,8,12.013,0,0,0.11 | 0.11 | 0.11,0,2.11 | 2.72 | 3.31,0,1.21 | 1.47 | 1.90,0.621,0.000,0,1,0,0,0,0,-1,0,0,0,,0,,0,,0,0,0,1
1723722694,387,2,2,8,8,12.013,0,0,0.11 | 0.11 | 0.11,0,2.11 | 2.72 | 3.31,0,1.21 | 1.47 | 1.90,0.621,0.000,0,1,0,0,0,0,-1,0,0,0,,0,,0,,0,0,0,1
1723722694,387,2,2,8,8,10.95,0,0,0.11 | 0.11 | 0.11,0,2.11 | 2.72 | 3.31,0,1.21 | 1.47 | 1.90,0.621,0.000,0,1,0,0,0,0,-1,0,0,0,,0,,0,,0,0,0,1
1723722694,387,2,2,8,8,10.95,0,0,0.11 | 0.11 | 0.11,0,2.11 | 2.72 | 3.31,0,1.21 | 1.47 | 1.90,0.621,0.000,0,1,0,0,0,0,-1,0,0,0,,0,,0,,0,0,0,1
1723722694,387,2,2,8,8,10.95,0,0,0.11 | 0.11 | 0.11,0,2.11 | 2.72 | 3.31,0,1.21 | 1.47 | 1.90,0.621,0.000,0,1,0,0,0,0,-1,0,0,0,,0,,0,,0,0,0,1
1723722694,387,2,2,8,8,10.95,0,0,0.11 | 0.11 | 0.11,0,2.11 | 2.72 | 3.31,0,1.21 | 1.47 | 1.90,0.621,0.000,0,1,0,0,0,0,-1,0,0,0,,0,,0,,0,0,0,1
1723722694,387,2,2,8,8,10.95,0,0,0.11 | 0.11 | 0.11,0,2.11 | 2.72 | 3.31,0,1.21 | 1.47 | 1.90,0.621,0.000,0,1,0,0,0,0,-1,0,0,0,,0,,0,,0,0,0,1
1723722695,387,2,2,8,8,10.95,0,0,0.11 | 0.11 | 0.11,0,2.11 | 2.72 | 3.31,0,1.21 | 1.47 | 1.90,0.621,0.000,0,1,0,0,0,0,-1,0,0,0,,0,,0,,0,0,0,1
1723722695,387,2,2,8,8,10.95,0,0,0.11 | 0.11 | 0.11,0,2.11 | 2.72 | 3.31,0,1.21 | 1.47 | 1.90,0.621,0.000,0,1,0,0,0,0,-1,0,0,0,,0,,0,,0,0,0,1
1723722695,387,2,2,8,8,10.95,0,0,0.11 | 0.11 | 0.11,0,2.11 | 2.72 | 3.31,0,1.21 | 1.47 | 1.90,0.621,0.000,0,1,0,0,0,0,-1,0,0,0,,0,,0,,0,0,0,1
1723722695,387,2,2,8,8,10.95,0,0,0.11 | 0.11 | 0.11,0,2.11 | 2.72 | 3.31,0,1.21 | 1.47 | 1.90,0.621,0.000,0,1,0,0,0,0,-1,0,0,0,,0,,0,,0,0,0,1
1723722695,387,2,2,8,8,10.95,0,0,0.11 | 0.11 | 0.11,0,2.11 | 2.72 | 3.31,0,1.21 | 1.47 | 1.90,0.621,0.000,0,1,0,0,0,0,-1,0,0,0,,0,,0,,0,0,0,1
1723722695,387,2,2,8,8,9.888,0,0,0.11 | 0.11 | 0.11,0,2.11 | 2.72 | 3.31,0,1.21 | 1.47 | 1.90,0.621,0.000,0,1,0,0,0,0,-1,0,0,0,,0,,0,,0,0,0,1
1723722695,387,2,2,8,8,9.888,0,0,0.11 | 0.11 | 0.11,0,2.11 | 2.72 | 3.31,0,1.21 | 1.47 | 1.90,0.621,0.000,0,1,0,0,0,0,-1,0,0,0,,0,,0,,0,0,0,1
1723722695,387,2,2,8,8,9.888,0,0,0.11 | 0.11 | 0.11,0,2.11 | 2.72 | 3.31,0,1.21 | 1.47 | 1.90,0.621,0.000,0,1,0,0,0,0,-1,0,0,0,,0,,0,,0,0,0,1
1723722695,387,2,2,8,8,9.888,0,0,0.11 | 0.11 | 0.11,0,2.11 | 2.72 | 3.31,0,1.21 | 1.47 | 1.90,0.621,0.000,0,1,0,0,0,0,-1,0,0,0,,0,,0,,0,0,0,1
1723722695,387,2,2,8,8,9.888,0,0,0.11 | 0.11 | 0.11,0,2.11 | 2.72 | 3.31,0,1.21 | 1.47 | 1.90,0.621,0.000,0,1,0,0,0,0,-1,0,0,0,,0,,0,,0,0,0,1
1723722696,387,2,2,8,8,9.888,0,0,0.11 | 0.11 | 0.11,0,2.11 | 2.72 | 3.31,0,1.21 | 1.47 | 1.90,0.621,0.000,0,1,0,0,0,0,-1,0,0,0,,0,,0,,0,0,0,1
1723722696,387,2,2,8,8,9.888,0,0,0.11 | 0.11 | 0.11,0,2.11 | 2.72 | 3.31,0,1.21 | 1.47 | 1.90,0.621,0.000,0,1,0,0,0,0,-1,0,0,0,,0,,0,,0,0,0,1
1723722696,387,2,2,8,8,9.888,0,0,0.11 | 0.11 | 0.11,0,2.11 | 2.72 | 3.31,0,1.21 | 1.47 | 1.90,0.621,0.000,0,1,0,0,0,0,-1,0,0,0,,0,,0,,0,0,0,1
1723722696,387,2,2,8,8,9.888,0,0,0.11 | 0.11 | 0.11,0,2.11 | 2.72 | 3.31,0,1.21 | 1.47 | 1.90,0.621,0.000,0,1,0,0,0,0,-1,0,0,0,,0,,0,,0,0,0,1
1723722696,387,2,2,8,8,9.888,0,0,0.11 | 0.11 | 0.11,0,2.11 | 2.72 | 3.31,0,1.21 | 1.47 | 1.90,0.621,0.000,0,1,0,0,0,0,-1,0,0,0,,0,,0,,0,0,0,1
1723722696,387,2,2,8,8,8.825,0,0,0.11 | 0.11 | 0.11,0,2.11 | 2.72 | 3.31,0,1.21 | 1.47 | 1.90,0.621,0.000,0,1,0,0,0,0,-1,0,0,0,,0,,0,,0,0,0,1
1723722696,387,2,2,8,8,8.825,0,0,0.11 | 0.11 | 0.11,0,2.11 | 2.72 | 3.31,0,1.21 | 1.47 | 1.90,0.621,0.000,0,1,0,0,0,0,-1,0,0,0,,0,,0,,0,0,0,1
1723722696,387,2,2,8,8,8.825,0,0,0.11 | 0.11 | 0.11,0,2.11 | 2.72 | 3.31,0,1.21 | 1.47 | 1.90,0.621,0.000,0,1,0,0,0,0,-1,0,0,0,,0,,0,,0,0,0,1
1723722696,387,2,2,8,8,8.825,0,0,0.11 | 0.11 | 0.11,0,2.11 | 2.72 | 3.31,0,1.21 | 1.47 | 1.90,0.621,0.000,0,1,0,0,0,0,-1,0,0,0,,0,,0,,0,0,0,1
1723722696,387,2,2,8,8,8.825,0,0,0.11 | 0.11 | 0.11,0,2.11 | 2.72 | 3.31,0,1.21 | 1.47 | 1.90,0.621,0.000,0,1,0,0,0,0,-1,0,0,0,,0,,0,,0,0,0,1
1723722697,387,2,2,8,8,8.825,0,0,0.11 | 0.11 | 0.11,0,2.11 | 2.72 | 3.31,0,1.21 | 1.47 | 1.90,0.621,0.000,0,1,0,0,0,0,-1,0,0,0,,0,,0,,0,0,0,1
1723722697,387,2,2,8,8,8.825,0,0,0.11 | 0.11 | 0.11,0,2.11 | 2.72 | 3.31,0,1.21 | 1.47 | 1.90,0.621,0.000,0,1,0,0,0,0,-1,0,0,0,,0,,0,,0,0,0,1
1723722697,387,2,2,8,8,8.825,0,0,0.11 | 0.11 | 0.11,0,2.11 | 2.72 | 3.31,0,1.21 | 1.47 | 1.90,0.621,0.000,0,1,0,0,0,0,-1,0,0,0,,0,,0,,0,0,0,1
1723722697,387,2,2,8,8,8.825,0,0,0.11 | 0.11 | 0.11,0,2.11 | 2.72 | 3.31,0,1.21 | 1.47 | 1.90,0.621,0.000,0,1,0,0,0,0,-1,0,0,0,,0,,0,,0,0,0,1
1723722697,387,2,2,8,8,8.825,0,0,0.11 | 0.11 | 0.11,0,2.11 | 2.72 | 3.31,0,1.21 | 1.47 | 1.90,0.621,0.000,0,1,0,0,0,0,-1,0,0,0,,0,,0,,0,0,0,1
1723722697,387,2,2,8,8,12.829,0,0,0.11 | 0.11 | 0.11,0,2.11 | 2.73 | 3.31,0,1.21 | 1.46 | 1.90,0.620,0.000,0,1,0,0,0,0,-1,0,0,0,,0,,0,,0,0,0,1
1723722697,387,2,2,8,8,12.829,0,0,0.11 | 0.11 | 0.11,0,2.11 | 2.73 | 3.31,0,1.21 | 1.46 | 1.90,0.620,0.000,0,1,0,0,0,0,-1,0,0,0,,0,,0,,0,0,0,1
1723722697,387,2,2,8,8,12.829,0,0,0.11 | 0.11 | 0.11,0,2.11 | 2.73 | 3.31,0,1.21 | 1.46 | 1.90,0.620,0.000,0,1,0,0,0,0,-1,0,0,0,,0,,0,,0,0,0,1
1723722697,387,2,2,8,8,12.829,0,0,0.11 | 0.11 | 0.11,0,2.11 | 2.73 | 3.31,0,1.21 | 1.46 | 1.90,0.620,0.000,0,1,0,0,0,0,-1,0,0,0,,0,,0,,0,0,0,1
1723722697,387,2,2,8,8,12.829,0,0,0.11 | 0.11 | 0.11,0,2.11 | 2.73 | 3.31,0,1.21 | 1.46 | 1.90,0.620,0.000,0,1,0,0,0,0,-1,0,0,0,,0,,0,,0,0,0,1
1723722698,387,2,2,8,8,12.829,0,0,0.11 | 0.11 | 0.11,0,2.11 | 2.73 | 3.31,0,1.21 | 1.46 | 1.90,0.620,0.000,0,1,0,0,0,0,-1,0,0,0,,0,,0,,0,0,0,1
1723722698,387,2,2,8,8,12.829,0,0,0.11 | 0.11 | 0.11,0,2.11 | 2.73 | 3.31,0,1.21 | 1.46 | 1.90,0.620,0.000,0,1,0,0,0,0,-1,0,0,0,,0,,0,,0,0,0,1
1723722698,387,2,2,8,8,12.829,0,0,0.11 | 0.11 | 0.11,0,2.11 | 2.73 | 3.31,0,1.21 | 1.46 | 1.90,0.620,0.000,0,1,0,0,0,0,-1,0,0,0,,0,,0,,0,0,0,1
1723722698,387,2,2,8,8,12.829,0,0,0.11 | 0.11 | 0.11,0,2.11 | 2.73 | 3.31,0,1.21 | 1.46 | 1.90,0.620,0.000,0,1,0,0,0,0,-1,0,0,0,,0,,0,,0,0,0,1
1723722698,387,2,2,8,8,12.829,0,0,0.11 | 0.11 | 0.11,0,2.11 | 2.73 | 3.31,0,1.21 | 1.46 | 1.90,0.620,0.000,0,1,0,0,0,0,-1,0,0,0,,0,,0,,0,0,0,1
1723722698,387,2,2,8,8,11.766,0,0,0.11 | 0.11 | 0.11,0,2.11 | 2.73 | 3.31,0,1.21 | 1.46 | 1.90,0.620,0.000,0,1,0,0,0,0,-1,0,0,0,,0,,0,,0,0,0,1
1723722698,387,2,2,8,8,11.766,0,0,0.11 | 0.11 | 0.11,0,2.11 | 2.73 | 3.31,0,1.21 | 1.46 | 1.90,0.620,0.000,0,1,0,0,0,0,-1,0,0,0,,0,,0,,0,0,0,1
1723722698,387,2,2,8,8,11.766,0,0,0.11 | 0.11 | 0.11,0,2.11 | 2.73 | 3.31,0,1.21 | 1.46 | 1.90,0.620,0.000,0,1,0,0,0,0,-1,0,0,0,,0,,0,,0,0,0,1
1723722698,387,2,2,8,8,11.766,0,0,0.11 | 0.11 | 0.11,0,2.11 | 2.73 | 3.31,0,1.21 | 1.46 | 1.90,0.620,0.000,0,1,0,0,0,0,-1,0,0,0,,0,,0,,0,0,0,1
1723722698,387,2,2,8,8,11.766,0,0,0.11 | 0.11 | 0.11,0,2.11 | 2.73 | 3.31,0,1.21 | 1.46 | 1.90,0.620,0.000,0,1,0,0,0,0,-1,0,0,0,,0,,0,,0,0,0,1
1723722699,387,2,2,8,8,11.766,0,0,0.11 | 0.11 | 0.11,0,2.11 | 2.73 | 3.31,0,1.21 | 1.46 | 1.90,0.620,0.000,0,1,0,0,0,0,-1,0,0,0,,0,,0,,0,0,0,1
1723722699,387,2,2,8,8,11.766,0,0,0.11 | 0.11 | 0.11,0,2.11 | 2.73 | 3.31,0,1.21 | 1.46 | 1.90,0.620,0.000,0,1,0,0,0,0,-1,0,0,0,,0,,0,,0,0,0,1
1723722699,387,2,2,8,8,11.766,0,0,0.11 | 0.11 | 0.11,0,2.11 | 2.73 | 3.31,0,1.21 | 1.46 | 1.90,0.620,0.000,0,1,0,0,0,0,-1,0,0,0,,0,,0,,0,0,0,1
1723722699,387,2,2,8,8,11.766,0,0,0.11 | 0.11 | 0.11,0,2.11 | 2.73 | 3.31,0,1.21 | 1.46 | 1.90,0.620,0.000,0,1,0,0,0,0,-1,0,0,0,,0,,0,,0,0,0,1
1723722699,387,2,2,8,8,11.766,0,0,0.11 | 0.11 | 0.11,0,2.11 | 2.73 | 3.31,0,1.21 | 1.46 | 1.90,0.620,0.000,0,1,0,0,0,0,-1,0,0,0,,0,,0,,0,0,0,1
1723722699,387,2,2,8,8,10.704,0,0,0.11 | 0.11 | 0.11,0,2.11 | 2.73 | 3.31,0,1.21 | 1.46 | 1.90,0.620,0.000,0,1,0,0,0,0,-1,0,0,0,,0,,0,,0,0,0,1
1723722699,387,2,2,8,8,10.704,0,0,0.11 | 0.11 | 0.11,0,2.11 | 2.73 | 3.31,0,1.21 | 1.46 | 1.90,0.620,0.000,0,1,0,0,0,0,-1,0,0,0,,0,,0,,0,0,0,1
1723722699,387,2,2,8,8,10.704,0,0,0.11 | 0.11 | 0.11,0,2.11 | 2.73 | 3.31,0,1.21 | 1.46 | 1.90,0.620,0.000,0,1,0,0,0,0,-1,0,0,0,,0,,0,,0,0,0,1
1723722699,387,2,2,8,8,10.704,0,0,0.11 | 0.11 | 0.11,0,2.11 | 2.73 | 3.31,0,1.21 | 1.46 | 1.90,0.620,0.000,0,1,0,0,0,0,-1,0,0,0,,0,,0,,0,0,0,1
1723722699,387,2,2,8,8,10.704,0,0,0.11 | 0.11 | 0.11,0,2.11 | 2.73 | 3.31,0,1.21 | 1.46 | 1.90,0.620,0.000,0,1,0,0,0,0,-1,0,0,0,,0,,0,,0,0,0,1
1723722700,387,2,2,8,8,10.704,0,0,0.11 | 0.11 | 0.11,0,2.11 | 2.73 | 3.31,0,1.21 | 1.46 | 1.90,0.620,0.000,0,1,0,0,0,0,-1,0,0,0,,0,,0,,0,0,0,1
1723722700,387,2,2,8,8,10.704,0,0,0.11 | 0.11 | 0.11,0,2.11 | 2.73 | 3.31,0,1.21 | 1.46 | 1.90,0.620,0.000,0,1,0,0,0,0,-1,0,0,0,,0,,0,,0,0,0,1
1723722700,387,2,2,8,8,10.704,0,0,0.11 | 0.11 | 0.11,0,2.11 | 2.73 | 3.31,0,1.21 | 1.46 | 1.90,0.620,0.000,0,1,0,0,0,0,-1,0,0,0,,0,,0,,0,0,0,1
1723722700,387,2,2,8,8,10.704,0,0,0.11 | 0.11 | 0.11,0,2.11 | 2.73 | 3.31,0,1.21 | 1.46 | 1.90,0.620,0.000,0,1,0,0,0,0,-1,0,0,0,,0,,0,,0,0,0,1
1723722700,387,2,2,8,8,10.704,0,0,0.11 | 0.11 | 0.11,0,2.11 | 2.73 | 3.31,0,1.21 | 1.46 | 1.90,0.620,0.000,0,1,0,0,0,0,-1,0,0,0,,0,,0,,0,0,0,1
1723722700,387,2,2,8,8,9.641,0,0,0.11 | 0.11 | 0.11,0,2.11 | 2.73 | 3.31,0,1.21 | 1.46 | 1.90,0.620,0.000,0,1,0,0,0,0,-1,0,0,0,,0,,0,,0,0,0,1
1723722700,387,2,2,8,8,9.641,0,0,0.11 | 0.11 | 0.11,0,2.11 | 2.73 | 3.31,0,1.21 | 1.46 | 1.90,0.620,0.000,0,1,0,0,0,0,-1,0,0,0,,0,,0,,0,0,0,1
1723722700,387,2,2,8,8,9.641,0,0,0.11 | 0.11 | 0.11,0,2.11 | 2.73 | 3.31,0,1.21 | 1.46 | 1.90,0.620,0.000,0,1,0,0,0,0,-1,0,0,0,,0,,0,,0,0,0,1
1723722700,387,2,2,8,8,9.641,0,0,0.11 | 0.11 | 0.11,0,2.11 | 2.73 | 3.31,0,1.21 | 1.46 | 1.90,0.620,0.000,0,1,0,0,0,0,-1,0,0,0,,0,,0,,0,0,0,1
1723722700,387,2,2,8,8,9.641,0,0,0.11 | 0.11 | 0.11,0,2.11 | 2.73 | 3.31,0,1.21 | 1.46 | 1.90,0.620,0.000,0,1,0,0,0,0,-1,0,0,0,,0,,0,,0,0,0,1
1723722701,387,2,2,8,8,9.641,0,0,0.11 | 0.11 | 0.11,0,2.11 | 2.73 | 3.31,0,1.21 | 1.46 | 1.90,0.620,0.000,0,1,0,0,0,0,-1,0,0,0,,0,,0,,0,0,0,1
1723722701,387,2,2,8,8,9.641,0,0,0.11 | 0.11 | 0.11,0,2.11 | 2.73 | 3.31,0,1.21 | 1.46 | 1.90,0.620,0.000,0,1,0,0,0,0,-1,0,0,0,,0,,0,,0,0,0,1
1723722701,387,2,2,8,8,9.641,0,0,0.11 | 0.11 | 0.11,0,2.11 | 2.73 | 3.31,0,1.21 | 1.46 | 1.90,0.620,0.000,0,1,0,0,0,0,-1,0,0,0,,0,,0,,0,0,0,1
1723722701,387,2,2,8,8,9.641,0,0,0.11 | 0.11 | 0.11,0,2.11 | 2.73 | 3.31,0,1.21 | 1.46 | 1.90,0.620,0.000,0,1,0,0,0,0,-1,0,0,0,,0,,0,,0,0,0,1
1723722701,387,2,2,8,8,9.641,0,0,0.11 | 0.11 | 0.11,0,2.11 | 2.73 | 3.31,0,1.21 | 1.46 | 1.90,0.620,0.000,0,1,0,0,0,0,-1,0,0,0,,0,,0,,0,0,0,1
1723722701,387,2,2,8,8,8.844,0,0,0.11 | 0.11 | 0.11,0,2.11 | 2.73 | 3.31,0,1.21 | 1.46 | 1.90,0.620,0.000,0,1,0,0,0,0,-1,0,0,0,,0,,0,,0,0,0,1
1723722701,387,2,2,8,8,8.844,0,0,0.11 | 0.11 | 0.11,0,2.11 | 2.73 | 3.31,0,1.21 | 1.46 | 1.90,0.620,0.000,0,1,0,0,0,0,-1,0,0,0,,0,,0,,0,0,0,1
1723722701,387,2,2,8,8,8.844,0,0,0.11 | 0.11 | 0.11,0,2.11 | 2.73 | 3.31,0,1.21 | 1.46 | 1.90,0.620,0.000,0,1,0,0,0,0,-1,0,0,0,,0,,0,,0,0,0,1
1723722701,387,2,2,8,8,8.844,0,0,0.11 | 0.11 | 0.11,0,2.11 | 2.73 | 3.31,0,1.21 | 1.46 | 1.90,0.620,0.000,0,1,0,0,0,0,-1,0,0,0,,0,,0,,0,0,0,1
1723722701,387,2,2,8,8,8.844,0,0,0.11 | 0.11 | 0.11,0,2.11 | 2.73 | 3.31,0,1.21 | 1.46 | 1.90,0.620,0.000,0,1,0,0,0,0,-1,0,0,0,,0,,0,,0,0,0,1
1723722702,387,2,2,8,8,8.844,0,0,0.11 | 0.11 | 0.11,0,2.11 | 2.73 | 3.31,0,1.21 | 1.46 | 1.90,0.620,0.000,0,1,0,0,0,0,-1,0,0,0,,0,,0,,0,0,0,1
1723722702,387,2,2,8,8,8.844,0,0,0.11 | 0.11 | 0.11,0,2.11 | 2.73 | 3.31,0,1.21 | 1.46 | 1.90,0.620,0.000,0,1,0,0,0,0,-1,0,0,0,,0,,0,,0,0,0,1
1723722702,387,2,2,8,8,8.844,0,0,0.11 | 0.11 | 0.11,0,2.11 | 2.73 | 3.31,0,1.21 | 1.46 | 1.90,0.620,0.000,0,1,0,0,0,0,-1,0,0,0,,0,,0,,0,0,0,1
1723722702,387,2,2,8,8,8.844,0,0,0.11 | 0.11 | 0.11,0,2.11 | 2.73 | 3.31,0,1.21 | 1.46 | 1.90,0.620,0.000,0,1,0,0,0,0,-1,0,0,0,,0,,0,,0,0,0,1
1723722702,387,2,2,8,8,8.844,0,0,0.11 | 0.11 | 0.11,0,2.11 | 2.73 | 3.31,0,1.21 | 1.46 | 1.90,0.620,0.000,0,1,0,0,0,0,-1,0,0,0,,0,,0,,0,0,0,1
1723722702,387,2,2,8,8,10.982,0,0,0.11 | 0.34 | 1.03,0,2.17 | 2.75 | 3.31,0,1.21 | 1.46 | 1.85,0.618,0.000,0,1,0,0,0,0,-1,0,0,0,,0,,0,,0,0,0,1
1723722702,387,2,2,8,8,10.982,0,0,0.11 | 0.34 | 1.03,0,2.17 | 2.75 | 3.31,0,1.21 | 1.46 | 1.85,0.618,0.000,0,1,0,0,0,0,-1,0,0,0,,0,,0,,0,0,0,1
1723722702,387,2,2,8,8,10.982,0,0,0.11 | 0.34 | 1.03,0,2.17 | 2.75 | 3.31,0,1.21 | 1.46 | 1.85,0.618,0.000,0,1,0,0,0,0,-1,0,0,0,,0,,0,,0,0,0,1
1723722702,387,2,2,8,8,10.982,0,0,0.11 | 0.34 | 1.03,0,2.17 | 2.75 | 3.31,0,1.21 | 1.46 | 1.85,0.618,0.000,0,1,0,0,0,0,-1,0,0,0,,0,,0,,0,0,0,1
1723722702,387,2,2,8,8,10.982,0,0,0.11 | 0.34 | 1.03,0,2.17 | 2.75 | 3.31,0,1.21 | 1.46 | 1.85,0.618,0.000,0,1,0,0,0,0,-1,0,0,0,,0,,0,,0,0,0,1
1723722703,387,2,2,8,8,10.982,0,0,0.11 | 0.34 | 1.03,0,2.17 | 2.75 | 3.31,0,1.21 | 1.46 | 1.85,0.618,0.000,0,1,0,0,0,0,-1,0,0,0,,0,,0,,0,0,0,1
1723722703,387,2,2,8,8,10.982,0,0,0.11 | 0.34 | 1.03,0,2.17 | 2.75 | 3.31,0,1.21 | 1.46 | 1.85,0.618,0.000,0,1,0,0,0,0,-1,0,0,0,,0,,0,,0,0,0,1
1723722703,387,2,2,8,8,10.982,0,0,0.11 | 0.34 | 1.03,0,2.17 | 2.75 | 3.31,0,1.21 | 1.46 | 1.85,0.618,0.000,0,1,0,0,0,0,-1,0,0,0,,0,,0,,0,0,0,1
1723722703,387,2,2,8,8,10.982,0,0,0.11 | 0.34 | 1.03,0,2.17 | 2.75 | 3.31,0,1.21 | 1.46 | 1.85,0.618,0.000,0,1,0,0,0,0,-1,0,0,0,,0,,0,,0,0,0,1
1723722703,387,2,2,8,8,10.982,0,0,0.11 | 0.34 | 1.03,0,2.17 | 2.75 | 3.31,0,1.21 | 1.46 | 1.85,0.618,0.000,0,1,0,0,0,0,-1,0,0,0,,0,,0,,0,0,0,1
1723722703,387,2,2,8,8,9.919,0,0,0.11 | 0.34 | 1.03,0,2.17 | 2.75 | 3.31,0,1.21 | 1.46 | 1.85,0.618,0.000,0,1,0,0,0,0,-1,0,0,0,,0,,0,,0,0,0,1
1723722703,387,2,2,8,8,9.919,0,0,0.11 | 0.34 | 1.03,0,2.17 | 2.75 | 3.31,0,1.21 | 1.46 | 1.85,0.618,0.000,0,1,0,0,0,0,-1,0,0,0,,0,,0,,0,0,0,1
1723722703,387,2,2,8,8,9.919,0,0,0.11 | 0.34 | 1.03,0,2.17 | 2.75 | 3.31,0,1.21 | 1.46 | 1.85,0.618,0.000,0,1,0,0,0,0,-1,0,0,0,,0,,0,,0,0,0,1
1723722703,387,2,2,8,8,9.919,0,0,0.11 | 0.34 | 1.03,0,2.17 | 2.75 | 3.31,0,1.21 | 1.46 | 1.85,0.618,0.000,0,1,0,0,0,0,-1,0,0,0,,0,,0,,0,0,0,1
1723722703,387,2,2,8,8,9.919,0,0,0.11 | 0.34 | 1.03,0,2.17 | 2.75 | 3.31,0,1.21 | 1.46 | 1.85,0.618,0.000,0,1,0,0,0,0,-1,0,0,0,,0,,0,,0,0,0,1
1723722704,387,2,2,8,8,9.919,0,0,0.11 | 0.34 | 1.03,0,2.17 | 2.75 | 3.31,0,1.21 | 1.46 | 1.85,0.618,0.000,0,1,0,0,0,0,-1,0,0,0,,0,,0,,0,0,0,1
1723722704,387,2,2,8,8,9.919,0,0,0.11 | 0.34 | 1.03,0,2.17 | 2.75 | 3.31,0,1.21 | 1.46 | 1.85,0.618,0.000,0,1,0,0,0,0,-1,0,0,0,,0,,0,,0,0,0,1
1723722704,387,2,2,8,8,9.919,0,0,0.11 | 0.34 | 1.03,0,2.17 | 2.75 | 3.31,0,1.21 | 1.46 | 1.85,0.618,0.000,0,1,0,0,0,0,-1,0,0,0,,0,,0,,0,0,0,1
1723722704,387,2,2,8,8,9.919,0,0,0.11 | 0.34 | 1.03,0,2.17 | 2.75 | 3.31,0,1.21 | 1.46 | 1.85,0.618,0.000,0,1,0,0,0,0,-1,0,0,0,,0,,0,,0,0,0,1
1723722704,387,2,2,8,8,9.919,0,0,0.11 | 0.34 | 1.03,0,2.17 | 2.75 | 3.31,0,1.21 | 1.46 | 1.85,0.618,0.000,0,1,0,0,0,0,-1,0,0,0,,0,,0,,0,0,0,1
1723722704,387,2,2,8,8,8.857,0,0,0.11 | 0.34 | 1.03,0,2.17 | 2.75 | 3.31,0,1.21 | 1.46 | 1.85,0.618,0.000,0,1,0,0,0,0,-1,0,0,0,,0,,0,,0,0,0,1
1723722704,387,2,2,8,8,8.857,0,0,0.11 | 0.34 | 1.03,0,2.17 | 2.75 | 3.31,0,1.21 | 1.46 | 1.85,0.618,0.000,0,1,0,0,0,0,-1,0,0,0,,0,,0,,0,0,0,1
1723722704,387,2,2,8,8,8.857,0,0,0.11 | 0.34 | 1.03,0,2.17 | 2.75 | 3.31,0,1.21 | 1.46 | 1.85,0.618,0.000,0,1,0,0,0,0,-1,0,0,0,,0,,0,,0,0,0,1
1723722704,387,2,2,8,8,8.857,0,0,0.11 | 0.34 | 1.03,0,2.17 | 2.75 | 3.31,0,1.21 | 1.46 | 1.85,0.618,0.000,0,1,0,0,0,0,-1,0,0,0,,0,,0,,0,0,0,1
1723722704,387,2,2,8,8,8.857,0,0,0.11 | 0.34 | 1.03,0,2.17 | 2.75 | 3.31,0,1.21 | 1.46 | 1.85,0.618,0.000,0,1,0,0,0,0,-1,0,0,0,,0,,0,,0,0,0,1
1723722705,387,2,2,8,8,8.857,0,0,0.11 | 0.34 | 1.03,0,2.17 | 2.75 | 3.31,0,1.21 | 1.46 | 1.85,0.618,0.000,0,1,0,0,0,0,-1,0,0,0,,0,,0,,0,0,0,1
1723722705,387,2,2,8,8,8.857,0,0,0.11 | 0.34 | 1.03,0,2.17 | 2.75 | 3.31,0,1.21 | 1.46 | 1.85,0.618,0.000,0,1,0,0,0,0,-1,0,0,0,,0,,0,,0,0,0,1
1723722705,387,2,2,8,8,8.857,0,0,0.11 | 0.34 | 1.03,0,2.17 | 2.75 | 3.31,0,1.21 | 1.46 | 1.85,0.618,0.000,0,1,0,0,0,0,-1,0,0,0,,0,,0,,0,0,0,1
1723722705,387,2,2,8,8,8.857,0,0,0.11 | 0.34 | 1.03,0,2.17 | 2.75 | 3.31,0,1.21 | 1.46 | 1.85,0.618,0.000,0,1,0,0,0,0,-1,0,0,0,,0,,0,,0,0,0,1
1723722705,387,2,2,8,8,8.857,0,0,0.11 | 0.34 | 1.03,0,2.17 | 2.75 | 3.31,0,1.21 | 1.46 | 1.85,0.618,0.000,0,1,0,0,0,0,-1,0,0,0,,0,,0,,0,0,0,1
1723722705,387,2,2,8,8,12.594,0,0,0.11 | 0.34 | 1.03,0,2.17 | 2.67 | 3.18,0,1.26 | 1.50 | 1.85,0.617,0.000,0,1,0,0,0,0,-1,0,0,0,,0,,0,,0,0,0,1
1723722705,387,2,2,8,8,12.594,0,0,0.11 | 0.34 | 1.03,0,2.17 | 2.67 | 3.18,0,1.26 | 1.50 | 1.85,0.617,0.000,0,1,0,0,0,0,-1,0,0,0,,0,,0,,0,0,0,1
1723722705,387,2,2,8,8,12.594,0,0,0.11 | 0.34 | 1.03,0,2.17 | 2.67 | 3.18,0,1.26 | 1.50 | 1.85,0.617,0.000,0,1,0,0,0,0,-1,0,0,0,,0,,0,,0,0,0,1
1723722705,387,2,2,8,8,12.594,0,0,0.11 | 0.34 | 1.03,0,2.17 | 2.67 | 3.18,0,1.26 | 1.50 | 1.85,0.617,0.000,0,1,0,0,0,0,-1,0,0,0,,0,,0,,0,0,0,1
1723722705,387,2,2,8,8,12.594,0,0,0.11 | 0.34 | 1.03,0,2.17 | 2.67 | 3.18,0,1.26 | 1.50 | 1.85,0.617,0.000,0,1,0,0,0,0,-1,0,0,0,,0,,0,,0,0,0,1
1723722706,387,2,2,8,8,12.594,0,0,0.11 | 0.34 | 1.03,0,2.17 | 2.67 | 3.18,0,1.26 | 1.50 | 1.85,0.617,0.000,0,1,0,0,0,0,-1,0,0,0,,0,,0,,0,0,0,1
1723722706,387,2,2,8,8,12.594,0,0,0.11 | 0.34 | 1.03,0,2.17 | 2.67 | 3.18,0,1.26 | 1.50 | 1.85,0.617,0.000,0,1,0,0,0,0,-1,0,0,0,,0,,0,,0,0,0,1
1723722706,387,2,2,8,8,12.594,0,0,0.11 | 0.34 | 1.03,0,2.17 | 2.67 | 3.18,0,1.26 | 1.50 | 1.85,0.617,0.000,0,1,0,0,0,0,-1,0,0,0,,0,,0,,0,0,0,1
1723722706,387,2,2,8,8,12.594,0,0,0.11 | 0.34 | 1.03,0,2.17 | 2.67 | 3.18,0,1.26 | 1.50 | 1.85,0.617,0.000,0,1,0,0,0,0,-1,0,0,0,,0,,0,,0,0,0,1
1723722706,387,2,2,8,8,12.594,0,0,0.11 | 0.34 | 1.03,0,2.17 | 2.67 | 3.18,0,1.26 | 1.50 | 1.85,0.617,0.000,0,1,0,0,0,0,-1,0,0,0,,0,,0,,0,0,0,1
1723722706,387,2,2,8,8,11.797,0,0,0.11 | 0.34 | 1.03,0,2.17 | 2.67 | 3.18,0,1.26 | 1.50 | 1.85,0.617,0.000,0,1,0,0,0,0,-1,0,0,0,,0,,0,,0,0,0,1
1723722706,387,2,2,8,8,11.797,0,0,0.11 | 0.34 | 1.03,0,2.17 | 2.67 | 3.18,0,1.26 | 1.50 | 1.85,0.617,0.000,0,1,0,0,0,0,-1,0,0,0,,0,,0,,0,0,0,1
1723722706,387,2,2,8,8,11.797,0,0,0.11 | 0.34 | 1.03,0,2.17 | 2.67 | 3.18,0,1.26 | 1.50 | 1.85,0.617,0.000,0,1,0,0,0,0,-1,0,0,0,,0,,0,,0,0,0,1
1723722706,387,2,2,8,8,11.797,0,0,0.11 | 0.34 | 1.03,0,2.17 | 2.67 | 3.18,0,1.26 | 1.50 | 1.85,0.617,0.000,0,1,0,0,0,0,-1,0,0,0,,0,,0,,0,0,0,1
1723722706,387,2,2,8,8,11.797,0,0,0.11 | 0.34 | 1.03,0,2.17 | 2.67 | 3.18,0,1.26 | 1.50 | 1.85,0.617,0.000,0,1,0,0,0,0,-1,0,0,0,,0,,0,,0,0,0,1
1723722707,387,2,2,8,8,11.797,0,0,0.11 | 0.34 | 1.03,0,2.17 | 2.67 | 3.18,0,1.26 | 1.50 | 1.85,0.617,0.000,0,1,0,0,0,0,-1,0,0,0,,0,,0,,0,0,0,1
1723722707,387,2,2,8,8,11.797,0,0,0.11 | 0.34 | 1.03,0,2.17 | 2.67 | 3.18,0,1.26 | 1.50 | 1.85,0.617,0.000,0,1,0,0,0,0,-1,0,0,0,,0,,0,,0,0,0,1
1723722707,387,2,2,8,8,11.797,0,0,0.11 | 0.34 | 1.03,0,2.17 | 2.67 | 3.18,0,1.26 | 1.50 | 1.85,0.617,0.000,0,1,0,0,0,0,-1,0,0,0,,0,,0,,0,0,0,1
1723722707,387,2,2,8,8,11.797,0,0,0.11 | 0.34 | 1.03,0,2.17 | 2.67 | 3.18,0,1.26 | 1.50 | 1.85,0.617,0.000,0,1,0,0,0,0,-1,0,0,0,,0,,0,,0,0,0,1
1723722707,387,2,2,8,8,11.797,0,0,0.11 | 0.34 | 1.03,0,2.17 | 2.67 | 3.18,0,1.26 | 1.50 | 1.85,0.617,0.000,0,1,0,0,0,0,-1,0,0,0,,0,,0,,0,0,0,1
1723722707,387,2,2,8,8,10.735,0,0,0.11 | 0.34 | 1.03,0,2.17 | 2.67 | 3.18,0,1.26 | 1.50 | 1.85,0.617,0.000,0,1,0,0,0,0,-1,0,0,0,,0,,0,,0,0,0,1
1723722707,387,2,2,8,8,10.735,0,0,0.11 | 0.34 | 1.03,0,2.17 | 2.67 | 3.18,0,1.26 | 1.50 | 1.85,0.617,0.000,0,1,0,0,0,0,-1,0,0,0,,0,,0,,0,0,0,1
1723722707,387,2,2,8,8,10.735,0,0,0.11 | 0.34 | 1.03,0,2.17 | 2.67 | 3.18,0,1.26 | 1.50 | 1.85,0.617,0.000,0,1,0,0,0,0,-1,0,0,0,,0,,0,,0,0,0,1
1723722707,387,2,2,8,8,10.735,0,0,0.11 | 0.34 | 1.03,0,2.17 | 2.67 | 3.18,0,1.26 | 1.50 | 1.85,0.617,0.000,0,1,0,0,0,0,-1,0,0,0,,0,,0,,0,0,0,1
1723722707,387,2,2,8,8,10.735,0,0,0.11 | 0.34 | 1.03,0,2.17 | 2.67 | 3.18,0,1.26 | 1.50 | 1.85,0.617,0.000,0,1,0,0,0,0,-1,0,0,0,,0,,0,,0,0,0,1
1723722708,387,2,2,8,8,10.735,0,0,0.11 | 0.34 | 1.03,0,2.17 | 2.67 | 3.18,0,1.26 | 1.50 | 1.85,0.617,0.000,0,1,0,0,0,0,-1,0,0,0,,0,,0,,0,0,0,1
1723722708,387,2,2,8,8,10.735,0,0,0.11 | 0.34 | 1.03,0,2.17 | 2.67 | 3.18,0,1.26 | 1.50 | 1.85,0.617,0.000,0,1,0,0,0,0,-1,0,0,0,,0,,0,,0,0,0,1
1723722708,387,2,2,8,8,10.735,0,0,0.11 | 0.34 | 1.03,0,2.17 | 2.67 | 3.18,0,1.26 | 1.50 | 1.85,0.617,0.000,0,1,0,0,0,0,-1,0,0,0,,0,,0,,0,0,0,1
1723722708,387,2,2,8,8,10.735,0,0,0.11 | 0.34 | 1.03,0,2.17 | 2.67 | 3.18,0,1.26 | 1.50 | 1.85,0.617,0.000,0,1,0,0,0,0,-1,0,0,0,,0,,0,,0,0,0,1
1723722708,387,2,2,8,8,10.735,0,0,0.11 | 0.34 | 1.03,0,2.17 | 2.67 | 3.18,0,1.26 | 1.50 | 1.85,0.617,0.000,0,1,0,0,0,0,-1,0,0,0,,0,,0,,0,0,0,1
1723722708,387,2,2,8,8,9.672,0,0,0.11 | 0.34 | 1.03,0,2.17 | 2.67 | 3.18,0,1.26 | 1.50 | 1.85,0.617,0.000,0,1,0,0,0,0,-1,0,0,0,,0,,0,,0,0,0,1
1723722708,387,2,2,8,8,9.672,0,0,0.11 | 0.34 | 1.03,0,2.17 | 2.67 | 3.18,0,1.26 | 1.50 | 1.85,0.617,0.000,0,1,0,0,0,0,-1,0,0,0,,0,,0,,0,0,0,1
1723722708,387,2,2,8,8,9.672,0,0,0.11 | 0.34 | 1.03,0,2.17 | 2.67 | 3.18,0,1.26 | 1.50 | 1.85,0.617,0.000,0,1,0,0,0,0,-1,0,0,0,,0,,0,,0,0,0,1
1723722708,387,2,2,8,8,9.672,0,0,0.11 | 0.34 | 1.03,0,2.17 | 2.67 | 3.18,0,1.26 | 1.50 | 1.85,0.617,0.000,0,1,0,0,0,0,-1,0,0,0,,0,,0,,0,0,0,1
1723722708,387,2,2,8,8,9.672,0,0,0.11 | 0.34 | 1.03,0,2.17 | 2.67 | 3.18,0,1.26 | 1.50 | 1.85,0.617,0.000,0,1,0,0,0,0,-1,0,0,0,,0,,0,,0,0,0,1
1723722709,387,2,2,8,8,9.672,0,0,0.11 | 0.34 | 1.03,0,2.17 | 2.67 | 3.18,0,1.26 | 1.50 | 1.85,0.617,0.000,0,1,0,0,0,0,-1,0,0,0,,0,,0,,0,0,0,1
1723722709,387,2,2,8,8,9.672,0,0,0.11 | 0.34 | 1.03,0,2.17 | 2.67 | 3.18,0,1.26 | 1.50 | 1.85,0.617,0.000,0,1,0,0,0,0,-1,0,0,0,,0,,0,,0,0,0,1
1723722709,387,2,2,8,8,9.672,0,0,0.11 | 0.34 | 1.03,0,2.17 | 2.67 | 3.18,0,1.26 | 1.50 | 1.85,0.617,0.000,0,1,0,0,0,0,-1,0,0,0,,0,,0,,0,0,0,1
1723722709,387,2,2,8,8,9.672,0,0,0.11 | 0.34 | 1.03,0,2.17 | 2.67 | 3.18,0,1.26 | 1.50 | 1.85,0.617,0.000,0,1,0,0,0,0,-1,0,0,0,,0,,0,,0,0,0,1
1723722709,387,2,2,8,8,9.672,0,0,0.11 | 0.34 | 1.03,0,2.17 | 2.67 | 3.18,0,1.26 | 1.50 | 1.85,0.617,0.000,0,1,0,0,0,0,-1,0,0,0,,0,,0,,0,0,0,1
1723722709,387,2,2,8,8,11.81,0,0,0.11 | 0.34 | 1.03,0,1.95 | 2.58 | 3.18,0,1.26 | 1.55 | 2.05,0.614,0.000,0,1,0,0,0,0,-1,0,0,0,,0,,0,,0,0,0,1
1723722709,387,2,2,8,8,11.81,0,0,0.11 | 0.34 | 1.03,0,1.95 | 2.58 | 3.18,0,1.26 | 1.55 | 2.05,0.614,0.000,0,1,0,0,0,0,-1,0,0,0,,0,,0,,0,0,0,1
1723722709,387,2,2,8,8,11.81,0,0,0.11 | 0.34 | 1.03,0,1.95 | 2.58 | 3.18,0,1.26 | 1.55 | 2.05,0.614,0.000,0,1,0,0,0,0,-1,0,0,0,,0,,0,,0,0,0,1
1723722709,387,2,2,8,8,11.81,0,0,0.11 | 0.34 | 1.03,0,1.95 | 2.58 | 3.18,0,1.26 | 1.55 | 2.05,0.614,0.000,0,1,0,0,0,0,-1,0,0,0,,0,,0,,0,0,0,1
1723722709,387,2,2,8,8,11.81,0,0,0.11 | 0.34 | 1.03,0,1.95 | 2.58 | 3.18,0,1.26 | 1.55 | 2.05,0.614,0.000,0,1,0,0,0,0,-1,0,0,0,,0,,0,,0,0,0,1
1723722710,387,2,2,8,8,11.81,0,0,0.11 | 0.34 | 1.03,0,1.95 | 2.58 | 3.18,0,1.26 | 1.55 | 2.05,0.614,0.000,0,1,0,0,0,0,-1,0,0,0,,0,,0,,0,0,0,1
1723722710,387,2,2,8,8,11.81,0,0,0.11 | 0.34 | 1.03,0,1.95 | 2.58 | 3.18,0,1.26 | 1.55 | 2.05,0.614,0.000,0,1,0,0,0,0,-1,0,0,0,,0,,0,,0,0,0,1
1723722710,387,2,2,8,8,11.81,0,0,0.11 | 0.34 | 1.03,0,1.95 | 2.58 | 3.18,0,1.26 | 1.55 | 2.05,0.614,0.000,0,1,0,0,0,0,-1,0,0,0,,0,,0,,0,0,0,1
1723722710,387,2,2,8,8,11.81,0,0,0.11 | 0.34 | 1.03,0,1.95 | 2.58 | 3.18,0,1.26 | 1.55 | 2.05,0.614,0.000,0,1,0,0,0,0,-1,0,0,0,,0,,0,,0,0,0,1
1723722710,387,2,2,8,8,11.81,0,0,0.11 | 0.34 | 1.03,0,1.95 | 2.58 | 3.18,0,1.26 | 1.55 | 2.05,0.614,0.000,0,1,0,0,0,0,-1,0,0,0,,0,,0,,0,0,0,1
1723722710,387,2,2,8,8,11.013,0,0,0.11 | 0.34 | 1.03,0,1.95 | 2.58 | 3.18,0,1.26 | 1.55 | 2.05,0.614,0.000,0,1,0,0,0,0,-1,0,0,0,,0,,0,,0,0,0,1
1723722710,387,2,2,8,8,11.013,0,0,0.11 | 0.34 | 1.03,0,1.95 | 2.58 | 3.18,0,1.26 | 1.55 | 2.05,0.614,0.000,0,1,0,0,0,0,-1,0,0,0,,0,,0,,0,0,0,1
1723722710,387,2,2,8,8,11.013,0,0,0.11 | 0.34 | 1.03,0,1.95 | 2.58 | 3.18,0,1.26 | 1.55 | 2.05,0.614,0.000,0,1,0,0,0,0,-1,0,0,0,,0,,0,,0,0,0,1
1723722710,387,2,2,8,8,11.013,0,0,0.11 | 0.34 | 1.03,0,1.95 | 2.58 | 3.18,0,1.26 | 1.55 | 2.05,0.614,0.000,0,1,0,0,0,0,-1,0,0,0,,0,,0,,0,0,0,1
1723722710,387,2,2,8,8,11.013,0,0,0.11 | 0.34 | 1.03,0,1.95 | 2.58 | 3.18,0,1.26 | 1.55 | 2.05,0.614,0.000,0,1,0,0,0,0,-1,0,0,0,,0,,0,,0,0,0,1
1723722711,387,2,2,8,8,11.013,0,0,0.11 | 0.34 | 1.03,0,1.95 | 2.58 | 3.18,0,1.26 | 1.55 | 2.05,0.614,0.000,0,1,0,0,0,0,-1,0,0,0,,0,,0,,0,0,0,1
1723722711,387,2,2,8,8,11.013,0,0,0.11 | 0.34 | 1.03,0,1.95 | 2.58 | 3.18,0,1.26 | 1.55 | 2.05,0.614,0.000,0,1,0,0,0,0,-1,0,0,0,,0,,0,,0,0,0,1
1723722711,387,2,2,8,8,11.013,0,0,0.11 | 0.34 | 1.03,0,1.95 | 2.58 | 3.18,0,1.26 | 1.55 | 2.05,0.614,0.000,0,1,0,0,0,0,-1,0,0,0,,0,,0,,0,0,0,1
1723722711,387,2,2,8,8,11.013,0,0,0.11 | 0.34 | 1.03,0,1.95 | 2.58 | 3.18,0,1.26 | 1.55 | 2.05,0.614,0.000,0,1,0,0,0,0,-1,0,0,0,,0,,0,,0,0,0,1
1723722711,387,2,2,8,8,11.013,0,0,0.11 | 0.34 | 1.03,0,1.95 | 2.58 | 3.18,0,1.26 | 1.55 | 2.05,0.614,0.000,0,1,0,0,0,0,-1,0,0,0,,0,,0,,0,0,0,1
1723722711,387,2,2,8,8,9.95,0,0,0.11 | 0.34 | 1.03,0,1.95 | 2.58 | 3.18,0,1.26 | 1.55 | 2.05,0.614,0.000,0,1,0,0,0,0,-1,0,0,0,,0,,0,,0,0,0,1
1723722711,387,2,2,8,8,9.95,0,0,0.11 | 0.34 | 1.03,0,1.95 | 2.58 | 3.18,0,1.26 | 1.55 | 2.05,0.614,0.000,0,1,0,0,0,0,-1,0,0,0,,0,,0,,0,0,0,1
1723722711,387,2,2,8,8,9.95,0,0,0.11 | 0.34 | 1.03,0,1.95 | 2.58 | 3.18,0,1.26 | 1.55 | 2.05,0.614,0.000,0,1,0,0,0,0,-1,0,0,0,,0,,0,,0,0,0,1
1723722711,387,2,2,8,8,9.95,0,0,0.11 | 0.34 | 1.03,0,1.95 | 2.58 | 3.18,0,1.26 | 1.55 | 2.05,0.614,0.000,0,1,0,0,0,0,-1,0,0,0,,0,,0,,0,0,0,1
1723722711,387,2,2,8,8,9.95,0,0,0.11 | 0.34 | 1.03,0,1.95 | 2.58 | 3.18,0,1.26 | 1.55 | 2.05,0.614,0.000,0,1,0,0,0,0,-1,0,0,0,,0,,0,,0,0,0,1
1723722712,387,2,2,8,8,9.95,0,0,0.11 | 0.34 | 1.03,0,1.95 | 2.58 | 3.18,0,1.26 | 1.55 | 2.05,0.614,0.000,0,1,0,0,0,0,-1,0,0,0,,0,,0,,0,0,0,1
1723722712,387,2,2,8,8,9.95,0,0,0.11 | 0.34 | 1.03,0,1.95 | 2.58 | 3.18,0,1.26 | 1.55 | 2.05,0.614,0.000,0,1,0,0,0,0,-1,0,0,0,,0,,0,,0,0,0,1
1723722712,387,2,2,8,8,9.95,0,0,0.11 | 0.34 | 1.03,0,1.95 | 2.58 | 3.18,0,1.26 | 1.55 | 2.05,0.614,0.000,0,1,0,0,0,0,-1,0,0,0,,0,,0,,0,0,0,1
1723722712,387,2,2,8,8,9.95,0,0,0.11 | 0.34 | 1.03,0,1.95 | 2.58 | 3.18,0,1.26 | 1.55 | 2.05,0.614,0.000,0,1,0,0,0,0,-1,0,0,0,,0,,0,,0,0,0,1
1723722712,387,2,2,8,8,9.95,0,0,0.11 | 0.34 | 1.03,0,1.95 | 2.58 | 3.18,0,1.26 | 1.55 | 2.05,0.614,0.000,0,1,0,0,0,0,-1,0,0,0,,0,,0,,0,0,0,1
1723722712,387,2,2,8,8,13.688,0,0,0.11 | 0.34 | 1.03,0,1.95 | 2.42 | 3.00,0,1.33 | 1.65 | 2.05,0.619,0.000,0,1,0,0,0,0,-1,0,0,0,,0,,0,,0,0,0,1
1723722712,387,2,2,8,8,13.688,0,0,0.11 | 0.34 | 1.03,0,1.95 | 2.42 | 3.00,0,1.33 | 1.65 | 2.05,0.619,0.000,0,1,0,0,0,0,-1,0,0,0,,0,,0,,0,0,0,1
1723722712,387,2,2,8,8,13.688,0,0,0.11 | 0.34 | 1.03,0,1.95 | 2.42 | 3.00,0,1.33 | 1.65 | 2.05,0.619,0.000,0,1,0,0,0,0,-1,0,0,0,,0,,0,,0,0,0,1
1723722712,387,2,2,8,8,13.688,0,0,0.11 | 0.34 | 1.03,0,1.95 | 2.42 | 3.00,0,1.33 | 1.65 | 2.05,0.619,0.000,0,1,0,0,0,0,-1,0,0,0,,0,,0,,0,0,0,1
1723722712,387,2,2,8,8,13.688,0,0,0.11 | 0.34 | 1.03,0,1.95 | 2.42 | 3.00,0,1.33 | 1.65 | 2.05,0.619,0.000,0,1,0,0,0,0,-1,0,0,0,,0,,0,,0,0,0,1
1723722713,387,2,2,8,8,13.688,0,0,0.11 | 0.34 | 1.03,0,1.95 | 2.42 | 3.00,0,1.33 | 1.65 | 2.05,0.619,0.000,0,1,0,0,0,0,-1,0,0,0,,0,,0,,0,0,0,1
1723722713,387,2,2,8,8,13.688,0,0,0.11 | 0.34 | 1.03,0,1.95 | 2.42 | 3.00,0,1.33 | 1.65 | 2.05,0.619,0.000,0,1,0,0,0,0,-1,0,0,0,,0,,0,,0,0,0,1
1723722713,387,2,2,8,8,13.688,0,0,0.11 | 0.34 | 1.03,0,1.95 | 2.42 | 3.00,0,1.33 | 1.65 | 2.05,0.619,0.000,0,1,0,0,0,0,-1,0,0,0,,0,,0,,0,0,0,1
1723722713,387,2,2,8,8,13.688,0,0,0.11 | 0.34 | 1.03,0,1.95 | 2.42 | 3.00,0,1.33 | 1.65 | 2.05,0.619,0.000,0,1,0,0,0,0,-1,0,0,0,,0,,0,,0,0,0,1
1723722713,387,2,2,8,8,13.688,0,0,0.11 | 0.34 | 1.03,0,1.95 | 2.42 | 3.00,0,1.33 | 1.65 | 2.05,0.619,0.000,0,1,0,0,0,0,-1,0,0,0,,0,,0,,0,0,0,1
1723722713,387,2,2,8,8,12.625,0,0,0.11 | 0.34 | 1.03,0,1.95 | 2.42 | 3.00,0,1.33 | 1.65 | 2.05,0.619,0.000,0,1,0,0,0,0,-1,0,0,0,,0,,0,,0,0,0,1
1723722713,387,2,2,8,8,12.625,0,0,0.11 | 0.34 | 1.03,0,1.95 | 2.42 | 3.00,0,1.33 | 1.65 | 2.05,0.619,0.000,0,1,0,0,0,0,-1,0,0,0,,0,,0,,0,0,0,1
1723722713,387,2,2,8,8,12.625,0,0,0.11 | 0.34 | 1.03,0,1.95 | 2.42 | 3.00,0,1.33 | 1.65 | 2.05,0.619,0.000,0,1,0,0,0,0,-1,0,0,0,,0,,0,,0,0,0,1
1723722713,387,2,2,8,8,12.625,0,0,0.11 | 0.34 | 1.03,0,1.95 | 2.42 | 3.00,0,1.33 | 1.65 | 2.05,0.619,0.000,0,1,0,0,0,0,-1,0,0,0,,0,,0,,0,0,0,1
1723722713,387,2,2,8,8,12.625,0,0,0.11 | 0.34 | 1.03,0,1.95 | 2.42 | 3.00,0,1.33 | 1.65 | 2.05,0.619,0.000,0,1,0,0,0,0,-1,0,0,0,,0,,0,,0,0,0,1
1723722714,387,2,2,8,8,12.625,0,0,0.11 | 0.34 | 1.03,0,1.95 | 2.42 | 3.00,0,1.33 | 1.65 | 2.05,0.619,0.000,0,1,0,0,0,0,-1,0,0,0,,0,,0,,0,0,0,1
1723722714,387,2,2,8,8,12.625,0,0,0.11 | 0.34 | 1.03,0,1.95 | 2.42 | 3.00,0,1.33 | 1.65 | 2.05,0.619,0.000,0,1,0,0,0,0,-1,0,0,0,,0,,0,,0,0,0,1
1723722714,387,2,2,8,8,12.625,0,0,0.11 | 0.34 | 1.03,0,1.95 | 2.42 | 3.00,0,1.33 | 1.65 | 2.05,0.619,0.000,0,1,0,0,0,0,-1,0,0,0,,0,,0,,0,0,0,1
1723722714,387,2,2,8,8,12.625,0,0,0.11 | 0.34 | 1.03,0,1.95 | 2.42 | 3.00,0,1.33 | 1.65 | 2.05,0.619,0.000,0,1,0,0,0,0,-1,0,0,0,,0,,0,,0,0,0,1
1723722714,387,2,2,8,8,12.625,0,0,0.11 | 0.34 | 1.03,0,1.95 | 2.42 | 3.00,0,1.33 | 1.65 | 2.05,0.619,0.000,0,1,0,0,0,0,-1,0,0,0,,0,,0,,0,0,0,1
1723722714,387,2,2,8,8,11.829,0,0,0.11 | 0.34 | 1.03,0,1.95 | 2.42 | 3.00,0,1.33 | 1.65 | 2.05,0.619,0.000,0,1,0,0,0,0,-1,0,0,0,,0,,0,,0,0,0,1
1723722714,387,2,2,8,8,11.829,0,0,0.11 | 0.34 | 1.03,0,1.95 | 2.42 | 3.00,0,1.33 | 1.65 | 2.05,0.619,0.000,0,1,0,0,0,0,-1,0,0,0,,0,,0,,0,0,0,1
1723722714,387,2,2,8,8,11.829,0,0,0.11 | 0.34 | 1.03,0,1.95 | 2.42 | 3.00,0,1.33 | 1.65 | 2.05,0.619,0.000,0,1,0,0,0,0,-1,0,0,0,,0,,0,,0,0,0,1
1723722714,387,2,2,8,8,11.829,0,0,0.11 | 0.34 | 1.03,0,1.95 | 2.42 | 3.00,0,1.33 | 1.65 | 2.05,0.619,0.000,0,1,0,0,0,0,-1,0,0,0,,0,,0,,0,0,0,1
1723722714,387,2,2,8,8,11.829,0,0,0.11 | 0.34 | 1.03,0,1.95 | 2.42 | 3.00,0,1.33 | 1.65 | 2.05,0.619,0.000,0,1,0,0,0,0,-1,0,0,0,,0,,0,,0,0,0,1
1723722715,387,2,2,8,8,11.829,0,0,0.11 | 0.34 | 1.03,0,1.95 | 2.42 | 3.00,0,1.33 | 1.65 | 2.05,0.619,0.000,0,1,0,0,0,0,-1,0,0,0,,0,,0,,0,0,0,1
1723722715,387,2,2,8,8,11.829,0,0,0.11 | 0.34 | 1.03,0,1.95 | 2.42 | 3.00,0,1.33 | 1.65 | 2.05,0.619,0.000,0,1,0,0,0,0,-1,0,0,0,,0,,0,,0,0,0,1
1723722715,387,2,2,8,8,11.829,0,0,0.11 | 0.34 | 1.03,0,1.95 | 2.42 | 3.00,0,1.33 | 1.65 | 2.05,0.619,0.000,0,1,0,0,0,0,-1,0,0,0,,0,,0,,0,0,0,1
1723722715,387,2,2,8,8,11.829,0,0,0.11 | 0.34 | 1.03,0,1.95 | 2.42 | 3.00,0,1.33 | 1.65 | 2.05,0.619,0.000,0,1,0,0,0,0,-1,0,0,0,,0,,0,,0,0,0,1
1723722715,387,2,2,8,8,11.829,0,0,0.11 | 0.34 | 1.03,0,1.95 | 2.42 | 3.00,0,1.33 | 1.65 | 2.05,0.619,0.000,0,1,0,0,0,0,-1,0,0,0,,0,,0,,0,0,0,1
1723722715,387,2,2,8,8,10.766,0,0,0.11 | 0.34 | 1.03,0,1.95 | 2.42 | 3.00,0,1.33 | 1.65 | 2.05,0.619,0.000,0,1,0,0,0,0,-1,0,0,0,,0,,0,,0,0,0,1
1723722715,387,2,2,8,8,10.766,0,0,0.11 | 0.34 | 1.03,0,1.95 | 2.42 | 3.00,0,1.33 | 1.65 | 2.05,0.619,0.000,0,1,0,0,0,0,-1,0,0,0,,0,,0,,0,0,0,1
1723722715,387,2,2,8,8,10.766,0,0,0.11 | 0.34 | 1.03,0,1.95 | 2.42 | 3.00,0,1.33 | 1.65 | 2.05,0.619,0.000,0,1,0,0,0,0,-1,0,0,0,,0,,0,,0,0,0,1
1723722715,387,2,2,8,8,10.766,0,0,0.11 | 0.34 | 1.03,0,1.95 | 2.42 | 3.00,0,1.33 | 1.65 | 2.05,0.619,0.000,0,1,0,0,0,0,-1,0,0,0,,0,,0,,0,0,0,1
1723722715,387,2,2,8,8,10.766,0,0,0.11 | 0.34 | 1.03,0,1.95 | 2.42 | 3.00,0,1.33 | 1.65 | 2.05,0.619,0.000,0,1,0,0,0,0,-1,0,0,0,,0,,0,,0,0,0,1
1723722716,387,2,2,8,8,10.766,0,0,0.11 | 0.34 | 1.03,0,1.95 | 2.42 | 3.00,0,1.33 | 1.65 | 2.05,0.619,0.000,0,1,0,0,0,0,-1,0,0,0,,0,,0,,0,0,0,1
1723722716,387,2,2,8,8,10.766,0,0,0.11 | 0.34 | 1.03,0,1.95 | 2.42 | 3.00,0,1.33 | 1.65 | 2.05,0.619,0.000,0,1,0,0,0,0,-1,0,0,0,,0,,0,,0,0,0,1
1723722716,387,2,2,8,8,10.766,0,0,0.11 | 0.34 | 1.03,0,1.95 | 2.42 | 3.00,0,1.33 | 1.65 | 2.05,0.619,0.000,0,1,0,0,0,0,-1,0,0,0,,0,,0,,0,0,0,1
1723722716,387,2,2,8,8,10.766,0,0,0.11 | 0.34 | 1.03,0,1.95 | 2.42 | 3.00,0,1.33 | 1.65 | 2.05,0.619,0.000,0,1,0,0,0,0,-1,0,0,0,,0,,0,,0,0,0,1
1723722716,387,2,2,8,8,10.766,0,0,0.11 | 0.34 | 1.03,0,1.95 | 2.42 | 3.00,0,1.33 | 1.65 | 2.05,0.619,0.000,0,1,0,0,0,0,-1,0,0,0,,0,,0,,0,0,0,1
1723722716,387,2,2,8,8,9.704,0,0,0.11 | 0.34 | 1.03,0,1.95 | 2.42 | 3.00,0,1.33 | 1.65 | 2.05,0.619,0.000,0,1,0,0,0,0,-1,0,0,0,,0,,0,,0,0,0,1
1723722716,387,2,2,8,8,9.704,0,0,0.11 | 0.34 | 1.03,0,1.95 | 2.42 | 3.00,0,1.33 | 1.65 | 2.05,0.619,0.000,0,1,0,0,0,0,-1,0,0,0,,0,,0,,0,0,0,1
1723722716,387,2,2,8,8,9.704,0,0,0.11 | 0.34 | 1.03,0,1.95 | 2.42 | 3.00,0,1.33 | 1.65 | 2.05,0.619,0.000,0,1,0,0,0,0,-1,0,0,0,,0,,0,,0,0,0,1
1723722716,387,2,2,8,8,9.704,0,0,0.11 | 0.34 | 1.03,0,1.95 | 2.42 | 3.00,0,1.33 | 1.65 | 2.05,0.619,0.000,0,1,0,0,0,0,-1,0,0,0,,0,,0,,0,0,0,1
1723722716,387,2,2,8,8,9.704,0,0,0.11 | 0.34 | 1.03,0,1.95 | 2.42 | 3.00,0,1.33 | 1.65 | 2.05,0.619,0.000,0,1,0,0,0,0,-1,0,0,0,,0,,0,,0,0,0,1
1723722717,387,2,2,8,8,9.704,0,0,0.11 | 0.34 | 1.03,0,1.95 | 2.42 | 3.00,0,1.33 | 1.65 | 2.05,0.619,0.000,0,1,0,0,0,0,-1,0,0,0,,0,,0,,0,0,0,1
1723722717,387,2,2,8,8,9.704,0,0,0.11 | 0.34 | 1.03,0,1.95 | 2.42 | 3.00,0,1.33 | 1.65 | 2.05,0.619,0.000,0,1,0,0,0,0,-1,0,0,0,,0,,0,,0,0,0,1
1723722717,387,2,2,8,8,9.704,0,0,0.11 | 0.34 | 1.03,0,1.95 | 2.42 | 3.00,0,1.33 | 1.65 | 2.05,0.619,0.000,0,1,0,0,0,0,-1,0,0,0,,0,,0,,0,0,0,1
1723722717,387,2,2,8,8,9.704,0,0,0.11 | 0.34 | 1.03,0,1.95 | 2.42 | 3.00,0,1.33 | 1.65 | 2.05,0.619,0.000,0,1,0,0,0,0,-1,0,0,0,,0,,0,,0,0,0,1
1723722717,387,2,2,8,8,9.704,0,0,0.11 | 0.34 | 1.03,0,1.95 | 2.42 | 3.00,0,1.33 | 1.65 | 2.05,0.619,0.000,0,1,0,0,0,0,-1,0,0,0,,0,,0,,0,0,0,1
1723722717,387,2,2,8,8,11.841,0,0,0.11 | 0.11 | 0.11,0,1.95 | 2.39 | 3.00,0,1.33 | 1.67 | 2.05,0.620,0.000,0,1,0,0,0,0,-1,0,0,0,,0,,0,,0,0,0,1
1723722717,387,2,2,8,8,11.841,0,0,0.11 | 0.11 | 0.11,0,1.95 | 2.39 | 3.00,0,1.33 | 1.67 | 2.05,0.620,0.000,0,1,0,0,0,0,-1,0,0,0,,0,,0,,0,0,0,1
1723722717,387,2,2,8,8,11.841,0,0,0.11 | 0.11 | 0.11,0,1.95 | 2.39 | 3.00,0,1.33 | 1.67 | 2.05,0.620,0.000,0,1,0,0,0,0,-1,0,0,0,,0,,0,,0,0,0,1
1723722717,387,2,2,8,8,11.841,0,0,0.11 | 0.11 | 0.11,0,1.95 | 2.39 | 3.00,0,1.33 | 1.67 | 2.05,0.620,0.000,0,1,0,0,0,0,-1,0,0,0,,0,,0,,0,0,0,1
1723722717,387,2,2,8,8,11.841,0,0,0.11 | 0.11 | 0.11,0,1.95 | 2.39 | 3.00,0,1.33 | 1.67 | 2.05,0.620,0.000,0,1,0,0,0,0,-1,0,0,0,,0,,0,,0,0,0,1
1723722718,387,2,2,8,8,11.841,0,0,0.11 | 0.11 | 0.11,0,1.95 | 2.39 | 3.00,0,1.33 | 1.67 | 2.05,0.620,0.000,0,1,0,0,0,0,-1,0,0,0,,0,,0,,0,0,0,1
1723722718,387,2,2,8,8,11.841,0,0,0.11 | 0.11 | 0.11,0,1.95 | 2.39 | 3.00,0,1.33 | 1.67 | 2.05,0.620,0.000,0,1,0,0,0,0,-1,0,0,0,,0,,0,,0,0,0,1
1723722718,387,2,2,8,8,11.841,0,0,0.11 | 0.11 | 0.11,0,1.95 | 2.39 | 3.00,0,1.33 | 1.67 | 2.05,0.620,0.000,0,1,0,0,0,0,-1,0,0,0,,0,,0,,0,0,0,1
1723722718,387,2,2,8,8,11.841,0,0,0.11 | 0.11 | 0.11,0,1.95 | 2.39 | 3.00,0,1.33 | 1.67 | 2.05,0.620,0.000,0,1,0,0,0,0,-1,0,0,0,,0,,0,,0,0,0,1
1723722718,387,2,2,8,8,11.841,0,0,0.11 | 0.11 | 0.11,0,1.95 | 2.39 | 3.00,0,1.33 | 1.67 | 2.05,0.620,0.000,0,1,0,0,0,0,-1,0,0,0,,0,,0,,0,0,0,1
1723722718,387,2,2,8,8,11.044,0,0,0.11 | 0.11 | 0.11,0,1.95 | 2.39 | 3.00,0,1.33 | 1.67 | 2.05,0.620,0.000,0,1,0,0,0,0,-1,0,0,0,,0,,0,,0,0,0,1
1723722718,387,2,2,8,8,11.044,0,0,0.11 | 0.11 | 0.11,0,1.95 | 2.39 | 3.00,0,1.33 | 1.67 | 2.05,0.620,0.000,0,1,0,0,0,0,-1,0,0,0,,0,,0,,0,0,0,1
1723722718,387,2,2,8,8,11.044,0,0,0.11 | 0.11 | 0.11,0,1.95 | 2.39 | 3.00,0,1.33 | 1.67 | 2.05,0.620,0.000,0,1,0,0,0,0,-1,0,0,0,,0,,0,,0,0,0,1
1723722718,387,2,2,8,8,11.044,0,0,0.11 | 0.11 | 0.11,0,1.95 | 2.39 | 3.00,0,1.33 | 1.67 | 2.05,0.620,0.000,0,1,0,0,0,0,-1,0,0,0,,0,,0,,0,0,0,1
1723722718,387,2,2,8,8,11.044,0,0,0.11 | 0.11 | 0.11,0,1.95 | 2.39 | 3.00,0,1.33 | 1.67 | 2.05,0.620,0.000,0,1,0,0,0,0,-1,0,0,0,,0,,0,,0,0,0,1
1723722719,387,2,2,8,8,11.044,0,0,0.11 | 0.11 | 0.11,0,1.95 | 2.39 | 3.00,0,1.33 | 1.67 | 2.05,0.620,0.000,0,1,0,0,0,0,-1,0,0,0,,0,,0,,0,0,0,1
1723722719,387,2,2,8,8,11.044,0,0,0.11 | 0.11 | 0.11,0,1.95 | 2.39 | 3.00,0,1.33 | 1.67 | 2.05,0.620,0.000,0,1,0,0,0,0,-1,0,0,0,,0,,0,,0,0,0,1
1723722719,387,2,2,8,8,11.044,0,0,0.11 | 0.11 | 0.11,0,1.95 | 2.39 | 3.00,0,1.33 | 1.67 | 2.05,0.620,0.000,0,1,0,0,0,0,-1,0,0,0,,0,,0,,0,0,0,1
1723722719,387,2,2,8,8,11.044,0,0,0.11 | 0.11 | 0.11,0,1.95 | 2.39 | 3.00,0,1.33 | 1.67 | 2.05,0.620,0.000,0,1,0,0,0,0,-1,0,0,0,,0,,0,,0,0,0,1
1723722719,387,2,2,8,8,11.044,0,0,0.11 | 0.11 | 0.11,0,1.95 | 2.39 | 3.00,0,1.33 | 1.67 | 2.05,0.620,0.000,0,1,0,0,0,0,-1,0,0,0,,0,,0,,0,0,0,1
1723722719,387,2,2,8,8,9.982,0,0,0.11 | 0.11 | 0.11,0,1.95 | 2.39 | 3.00,0,1.33 | 1.67 | 2.05,0.620,0.000,0,1,0,0,0,0,-1,0,0,0,,0,,0,,0,0,0,1
1723722719,387,2,2,8,8,9.982,0,0,0.11 | 0.11 | 0.11,0,1.95 | 2.39 | 3.00,0,1.33 | 1.67 | 2.05,0.620,0.000,0,1,0,0,0,0,-1,0,0,0,,0,,0,,0,0,0,1
1723722719,387,2,2,8,8,9.982,0,0,0.11 | 0.11 | 0.11,0,1.95 | 2.39 | 3.00,0,1.33 | 1.67 | 2.05,0.620,0.000,0,1,0,0,0,0,-1,0,0,0,,0,,0,,0,0,0,1
1723722719,387,2,2,8,8,9.982,0,0,0.11 | 0.11 | 0.11,0,1.95 | 2.39 | 3.00,0,1.33 | 1.67 | 2.05,0.620,0.000,0,1,0,0,0,0,-1,0,0,0,,0,,0,,0,0,0,1
1723722719,387,2,2,8,8,9.982,0,0,0.11 | 0.11 | 0.11,0,1.95 | 2.39 | 3.00,0,1.33 | 1.67 | 2.05,0.620,0.000,0,1,0,0,0,0,-1,0,0,0,,0,,0,,0,0,0,1
1723722720,387,2,2,8,8,9.982,0,0,0.11 | 0.11 | 0.11,0,1.95 | 2.39 | 3.00,0,1.33 | 1.67 | 2.05,0.620,0.000,0,1,0,0,0,0,-1,0,0,0,,0,,0,,0,0,0,1
1723722720,387,2,2,8,8,9.982,0,0,0.11 | 0.11 | 0.11,0,1.95 | 2.39 | 3.00,0,1.33 | 1.67 | 2.05,0.620,0.000,0,1,0,0,0,0,-1,0,0,0,,0,,0,,0,0,0,1
1723722720,387,2,2,8,8,9.982,0,0,0.11 | 0.11 | 0.11,0,1.95 | 2.39 | 3.00,0,1.33 | 1.67 | 2.05,0.620,0.000,0,1,0,0,0,0,-1,0,0,0,,0,,0,,0,0,0,1
1723722720,387,2,2,8,8,9.982,0,0,0.11 | 0.11 | 0.11,0,1.95 | 2.39 | 3.00,0,1.33 | 1.67 | 2.05,0.620,0.000,0,1,0,0,0,0,-1,0,0,0,,0,,0,,0,0,0,1
1723722720,387,2,2,8,8,9.982,0,0,0.11 | 0.11 | 0.11,0,1.95 | 2.39 | 3.00,0,1.33 | 1.67 | 2.05,0.620,0.000,0,1,0,0,0,0,-1,0,0,0,,0,,0,,0,0,0,1
1723722720,387,2,2,8,8,8.919,0,0,0.11 | 0.11 | 0.11,0,1.95 | 2.39 | 3.00,0,1.33 | 1.67 | 2.05,0.620,0.000,0,1,0,0,0,0,-1,0,0,0,,0,,0,,0,0,0,1
1723722720,387,2,2,8,8,8.919,0,0,0.11 | 0.11 | 0.11,0,1.95 | 2.39 | 3.00,0,1.33 | 1.67 | 2.05,0.620,0.000,0,1,0,0,0,0,-1,0,0,0,,0,,0,,0,0,0,1
1723722720,387,2,2,8,8,8.919,0,0,0.11 | 0.11 | 0.11,0,1.95 | 2.39 | 3.00,0,1.33 | 1.67 | 2.05,0.620,0.000,0,1,0,0,0,0,-1,0,0,0,,0,,0,,0,0,0,1
1723722720,387,2,2,8,8,8.919,0,0,0.11 | 0.11 | 0.11,0,1.95 | 2.39 | 3.00,0,1.33 | 1.67 | 2.05,0.620,0.000,0,1,0,0,0,0,-1,0,0,0,,0,,0,,0,0,0,1
1723722720,387,2,2,8,8,8.919,0,0,0.11 | 0.11 | 0.11,0,1.95 | 2.39 | 3.00,0,1.33 | 1.67 | 2.05,0.620,0.000,0,1,0,0,0,0,-1,0,0,0,,0,,0,,0,0,0,1
1723722721,387,2,2,8,8,8.919,0,0,0.11 | 0.11 | 0.11,0,1.95 | 2.39 | 3.00,0,1.33 | 1.67 | 2.05,0.620,0.000,0,1,0,0,0,0,-1,0,0,0,,0,,0,,0,0,0,1
1723722721,387,2,2,8,8,8.919,0,0,0.11 | 0.11 | 0.11,0,1.95 | 2.39 | 3.00,0,1.33 | 1.67 | 2.05,0.620,0.000,0,1,0,0,0,0,-1,0,0,0,,0,,0,,0,0,0,1
1723722721,387,2,2,8,8,8.919,0,0,0.11 | 0.11 | 0.11,0,1.95 | 2.39 | 3.00,0,1.33 | 1.67 | 2.05,0.620,0.000,0,1,0,0,0,0,-1,0,0,0,,0,,0,,0,0,0,1
1723722721,387,2,2,8,8,8.919,0,0,0.11 | 0.11 | 0.11,0,1.95 | 2.39 | 3.00,0,1.33 | 1.67 | 2.05,0.620,0.000,0,1,0,0,0,0,-1,0,0,0,,0,,0,,0,0,0,1
1723722721,387,2,2,8,8,8.919,0,0,0.11 | 0.11 | 0.11,0,1.95 | 2.39 | 3.00,0,1.33 | 1.67 | 2.05,0.620,0.000,0,1,0,0,0,0,-1,0,0,0,,0,,0,,0,0,0,1
1723722721,387,2,2,8,8,7.857,0,0,0.11 | 0.11 | 0.11,0,1.95 | 2.51 | 3.49,0,1.15 | 1.59 | 2.05,0.621,0.000,0,1,0,0,0,0,-1,0,0,0,,0,,0,,0,0,0,1
1723722721,387,2,2,8,8,7.857,0,0,0.11 | 0.11 | 0.11,0,1.95 | 2.51 | 3.49,0,1.15 | 1.59 | 2.05,0.621,0.000,0,1,0,0,0,0,-1,0,0,0,,0,,0,,0,0,0,1
1723722721,387,2,2,8,8,7.857,0,0,0.11 | 0.11 | 0.11,0,1.95 | 2.51 | 3.49,0,1.15 | 1.59 | 2.05,0.621,0.000,0,1,0,0,0,0,-1,0,0,0,,0,,0,,0,0,0,1
1723722721,387,2,2,8,8,7.857,0,0,0.11 | 0.11 | 0.11,0,1.95 | 2.51 | 3.49,0,1.15 | 1.59 | 2.05,0.621,0.000,0,1,0,0,0,0,-1,0,0,0,,0,,0,,0,0,0,1
1723722721,387,2,2,8,8,7.857,0,0,0.11 | 0.11 | 0.11,0,1.95 | 2.51 | 3.49,0,1.15 | 1.59 | 2.05,0.621,0.000,0,1,0,0,0,0,-1,0,0,0,,0,,0,,0,0,0,1
1723722722,387,2,2,8,8,7.857,0,0,0.11 | 0.11 | 0.11,0,1.95 | 2.51 | 3.49,0,1.15 | 1.59 | 2.05,0.621,0.000,0,1,0,0,0,0,-1,0,0,0,,0,,0,,0,0,0,1
1723722722,387,2,2,8,8,7.857,0,0,0.11 | 0.11 | 0.11,0,1.95 | 2.51 | 3.49,0,1.15 | 1.59 | 2.05,0.621,0.000,0,1,0,0,0,0,-1,0,0,0,,0,,0,,0,0,0,1
1723722722,387,2,2,8,8,7.857,0,0,0.11 | 0.11 | 0.11,0,1.95 | 2.51 | 3.49,0,1.15 | 1.59 | 2.05,0.621,0.000,0,1,0,0,0,0,-1,0,0,0,,0,,0,,0,0,0,1
1723722722,387,2,2,8,8,7.857,0,0,0.11 | 0.11 | 0.11,0,1.95 | 2.51 | 3.49,0,1.15 | 1.59 | 2.05,0.621,0.000,0,1,0,0,0,0,-1,0,0,0,,0,,0,,0,0,0,1
1723722722,387,2,2,8,8,7.857,0,0,0.11 | 0.11 | 0.11,0,1.95 | 2.51 | 3.49,0,1.15 | 1.59 | 2.05,0.621,0.000,0,1,0,0,0,0,-1,0,0,0,,0,,0,,0,0,0,1
1723722722,387,2,2,8,8,11.594,0,0,0.11 | 0.11 | 0.11,0,1.95 | 2.51 | 3.49,0,1.15 | 1.59 | 2.05,0.621,0.000,0,1,0,0,0,0,-1,0,0,0,,0,,0,,0,0,0,1
1723722722,387,2,2,8,8,11.594,0,0,0.11 | 0.11 | 0.11,0,1.95 | 2.51 | 3.49,0,1.15 | 1.59 | 2.05,0.621,0.000,0,1,0,0,0,0,-1,0,0,0,,0,,0,,0,0,0,1
1723722722,387,2,2,8,8,11.594,0,0,0.11 | 0.11 | 0.11,0,1.95 | 2.51 | 3.49,0,1.15 | 1.59 | 2.05,0.621,0.000,0,1,0,0,0,0,-1,0,0,0,,0,,0,,0,0,0,1
1723722722,387,2,2,8,8,11.594,0,0,0.11 | 0.11 | 0.11,0,1.95 | 2.51 | 3.49,0,1.15 | 1.59 | 2.05,0.621,0.000,0,1,0,0,0,0,-1,0,0,0,,0,,0,,0,0,0,1
1723722722,387,2,2,8,8,11.594,0,0,0.11 | 0.11 | 0.11,0,1.95 | 2.51 | 3.49,0,1.15 | 1.59 | 2.05,0.621,0.000,0,1,0,0,0,0,-1,0,0,0,,0,,0,,0,0,0,1
1723722723,387,2,2,8,8,11.594,0,0,0.11 | 0.11 | 0.11,0,1.95 | 2.51 | 3.49,0,1.15 | 1.59 | 2.05,0.621,0.000,0,1,0,0,0,0,-1,0,0,0,,0,,0,,0,0,0,1
1723722723,387,2,2,8,8,11.594,0,0,0.11 | 0.11 | 0.11,0,1.95 | 2.51 | 3.49,0,1.15 | 1.59 | 2.05,0.621,0.000,0,1,0,0,0,0,-1,0,0,0,,0,,0,,0,0,0,1
1723722723,387,2,2,8,8,11.594,0,0,0.11 | 0.11 | 0.11,0,1.95 | 2.51 | 3.49,0,1.15 | 1.59 | 2.05,0.621,0.000,0,1,0,0,0,0,-1,0,0,0,,0,,0,,0,0,0,1
1723722723,387,2,2,8,8,11.594,0,0,0.11 | 0.11 | 0.11,0,1.95 | 2.51 | 3.49,0,1.15 | 1.59 | 2.05,0.621,0.000,0,1,0,0,0,0,-1,0,0,0,,0,,0,,0,0,0,1
1723722723,387,2,2,8,8,11.594,0,0,0.11 | 0.11 | 0.11,0,1.95 | 2.51 | 3.49,0,1.15 | 1.59 | 2.05,0.621,0.000,0,1,0,0,0,0,-1,0,0,0,,0,,0,,0,0,0,1
1723722723,387,2,2,8,8,10.797,0,0,0.11 | 0.11 | 0.11,0,1.95 | 2.51 | 3.49,0,1.15 | 1.59 | 2.05,0.621,0.000,0,1,0,0,0,0,-1,0,0,0,,0,,0,,0,0,0,1
1723722723,387,2,2,8,8,10.797,0,0,0.11 | 0.11 | 0.11,0,1.95 | 2.51 | 3.49,0,1.15 | 1.59 | 2.05,0.621,0.000,0,1,0,0,0,0,-1,0,0,0,,0,,0,,0,0,0,1
1723722723,387,2,2,8,8,10.797,0,0,0.11 | 0.11 | 0.11,0,1.95 | 2.51 | 3.49,0,1.15 | 1.59 | 2.05,0.621,0.000,0,1,0,0,0,0,-1,0,0,0,,0,,0,,0,0,0,1
1723722723,387,2,2,8,8,10.797,0,0,0.11 | 0.11 | 0.11,0,1.95 | 2.51 | 3.49,0,1.15 | 1.59 | 2.05,0.621,0.000,0,1,0,0,0,0,-1,0,0,0,,0,,0,,0,0,0,1
1723722723,387,2,2,8,8,10.797,0,0,0.11 | 0.11 | 0.11,0,1.95 | 2.51 | 3.49,0,1.15 | 1.59 | 2.05,0.621,0.000,0,1,0,0,0,0,-1,0,0,0,,0,,0,,0,0,0,1
1723722724,387,2,2,8,8,10.797,0,0,0.11 | 0.11 | 0.11,0,1.95 | 2.51 | 3.49,0,1.15 | 1.59 | 2.05,0.621,0.000,0,1,0,0,0,0,-1,0,0,0,,0,,0,,0,0,0,1
1723722724,387,2,2,8,8,10.797,0,0,0.11 | 0.11 | 0.11,0,1.95 | 2.51 | 3.49,0,1.15 | 1.59 | 2.05,0.621,0.000,0,1,0,0,0,0,-1,0,0,0,,0,,0,,0,0,0,1
1723722724,387,2,2,8,8,10.797,0,0,0.11 | 0.11 | 0.11,0,1.95 | 2.51 | 3.49,0,1.15 | 1.59 | 2.05,0.621,0.000,0,1,0,0,0,0,-1,0,0,0,,0,,0,,0,0,0,1
1723722724,387,2,2,8,8,10.797,0,0,0.11 | 0.11 | 0.11,0,1.95 | 2.51 | 3.49,0,1.15 | 1.59 | 2.05,0.621,0.000,0,1,0,0,0,0,-1,0,0,0,,0,,0,,0,0,0,1
1723722724,387,2,2,8,8,10.797,0,0,0.11 | 0.11 | 0.11,0,1.95 | 2.51 | 3.49,0,1.15 | 1.59 | 2.05,0.621,0.000,0,1,0,0,0,0,-1,0,0,0,,0,,0,,0,0,0,1
1723722724,387,2,2,8,8,9.735,0,0,0.11 | 0.11 | 0.11,0,1.95 | 2.51 | 3.49,0,1.15 | 1.59 | 2.05,0.621,0.000,0,1,0,0,0,0,-1,0,0,0,,0,,0,,0,0,0,1
1723722724,387,2,2,8,8,9.735,0,0,0.11 | 0.11 | 0.11,0,1.95 | 2.51 | 3.49,0,1.15 | 1.59 | 2.05,0.621,0.000,0,1,0,0,0,0,-1,0,0,0,,0,,0,,0,0,0,1
1723722724,387,2,2,8,8,9.735,0,0,0.11 | 0.11 | 0.11,0,1.95 | 2.51 | 3.49,0,1.15 | 1.59 | 2.05,0.621,0.000,0,1,0,0,0,0,-1,0,0,0,,0,,0,,0,0,0,1
1723722724,387,2,2,8,8,9.735,0,0,0.11 | 0.11 | 0.11,0,1.95 | 2.51 | 3.49,0,1.15 | 1.59 | 2.05,0.621,0.000,0,1,0,0,0,0,-1,0,0,0,,0,,0,,0,0,0,1
1723722724,387,2,2,8,8,9.735,0,0,0.11 | 0.11 | 0.11,0,1.95 | 2.51 | 3.49,0,1.15 | 1.59 | 2.05,0.621,0.000,0,1,0,0,0,0,-1,0,0,0,,0,,0,,0,0,0,1
1723722725,387,2,2,8,8,9.735,0,0,0.11 | 0.11 | 0.11,0,1.95 | 2.51 | 3.49,0,1.15 | 1.59 | 2.05,0.621,0.000,0,1,0,0,0,0,-1,0,0,0,,0,,0,,0,0,0,1
1723722725,387,2,2,8,8,9.735,0,0,0.11 | 0.11 | 0.11,0,1.95 | 2.51 | 3.49,0,1.15 | 1.59 | 2.05,0.621,0.000,0,1,0,0,0,0,-1,0,0,0,,0,,0,,0,0,0,1
1723722725,387,2,2,8,8,9.735,0,0,0.11 | 0.11 | 0.11,0,1.95 | 2.51 | 3.49,0,1.15 | 1.59 | 2.05,0.621,0.000,0,1,0,0,0,0,-1,0,0,0,,0,,0,,0,0,0,1
1723722725,387,2,2,8,8,9.735,0,0,0.11 | 0.11 | 0.11,0,1.95 | 2.51 | 3.49,0,1.15 | 1.59 | 2.05,0.621,0.000,0,1,0,0,0,0,-1,0,0,0,,0,,0,,0,0,0,1
1723722725,387,2,2,8,8,9.735,0,0,0.11 | 0.11 | 0.11,0,1.95 | 2.51 | 3.49,0,1.15 | 1.59 | 2.05,0.621,0.000,0,1,0,0,0,0,-1,0,0,0,,0,,0,,0,0,0,1
1723722725,387,2,2,8,8,8.672,0,0,0.11 | 0.11 | 0.11,0,1.95 | 2.51 | 3.49,0,1.15 | 1.59 | 2.05,0.621,0.000,0,1,0,0,0,0,-1,0,0,0,,0,,0,,0,0,0,1
1723722725,387,2,2,8,8,8.672,0,0,0.11 | 0.11 | 0.11,0,1.95 | 2.51 | 3.49,0,1.15 | 1.59 | 2.05,0.621,0.000,0,1,0,0,0,0,-1,0,0,0,,0,,0,,0,0,0,1
1723722725,387,2,2,8,8,8.672,0,0,0.11 | 0.11 | 0.11,0,1.95 | 2.51 | 3.49,0,1.15 | 1.59 | 2.05,0.621,0.000,0,1,0,0,0,0,-1,0,0,0,,0,,0,,0,0,0,1
1723722725,387,2,2,8,8,8.672,0,0,0.11 | 0.11 | 0.11,0,1.95 | 2.51 | 3.49,0,1.15 | 1.59 | 2.05,0.621,0.000,0,1,0,0,0,0,-1,0,0,0,,0,,0,,0,0,0,1
1723722725,387,2,2,8,8,8.672,0,0,0.11 | 0.11 | 0.11,0,1.95 | 2.51 | 3.49,0,1.15 | 1.59 | 2.05,0.621,0.000,0,1,0,0,0,0,-1,0,0,0,,0,,0,,0,0,0,1
1723722726,387,2,2,8,8,8.672,0,0,0.11 | 0.11 | 0.11,0,1.95 | 2.51 | 3.49,0,1.15 | 1.59 | 2.05,0.621,0.000,0,1,0,0,0,0,-1,0,0,0,,0,,0,,0,0,0,1
1723722726,387,2,2,8,8,8.672,0,0,0.11 | 0.11 | 0.11,0,1.95 | 2.51 | 3.49,0,1.15 | 1.59 | 2.05,0.621,0.000,0,1,0,0,0,0,-1,0,0,0,,0,,0,,0,0,0,1
1723722726,387,2,2,8,8,8.672,0,0,0.11 | 0.11 | 0.11,0,1.95 | 2.51 | 3.49,0,1.15 | 1.59 | 2.05,0.621,0.000,0,1,0,0,0,0,-1,0,0,0,,0,,0,,0,0,0,1
1723722726,387,2,2,8,8,8.672,0,0,0.11 | 0.11 | 0.11,0,1.95 | 2.51 | 3.49,0,1.15 | 1.59 | 2.05,0.621,0.000,0,1,0,0,0,0,-1,0,0,0,,0,,0,,0,0,0,1
1723722726,387,2,2,8,8,8.672,0,0,0.11 | 0.11 | 0.11,0,1.95 | 2.51 | 3.49,0,1.15 | 1.59 | 2.05,0.621,0.000,0,1,0,0,0,0,-1,0,0,0,,0,,0,,0,0,0,1
1723722726,387,2,2,8,8,10.81,0,0,0.11 | 0.34 | 1.05,0,2.03 | 2.56 | 3.49,0,1.15 | 1.56 | 1.97,0.627,0.000,0,1,0,0,0,0,-1,0,0,0,,0,,0,,0,0,0,1
1723722726,387,2,2,8,8,10.81,0,0,0.11 | 0.34 | 1.05,0,2.03 | 2.56 | 3.49,0,1.15 | 1.56 | 1.97,0.627,0.000,0,1,0,0,0,0,-1,0,0,0,,0,,0,,0,0,0,1
1723722726,387,2,2,8,8,10.81,0,0,0.11 | 0.34 | 1.05,0,2.03 | 2.56 | 3.49,0,1.15 | 1.56 | 1.97,0.627,0.000,0,1,0,0,0,0,-1,0,0,0,,0,,0,,0,0,0,1
1723722726,387,2,2,8,8,10.81,0,0,0.11 | 0.34 | 1.05,0,2.03 | 2.56 | 3.49,0,1.15 | 1.56 | 1.97,0.627,0.000,0,1,0,0,0,0,-1,0,0,0,,0,,0,,0,0,0,1
1723722726,387,2,2,8,8,10.81,0,0,0.11 | 0.34 | 1.05,0,2.03 | 2.56 | 3.49,0,1.15 | 1.56 | 1.97,0.627,0.000,0,1,0,0,0,0,-1,0,0,0,,0,,0,,0,0,0,1
1723722727,387,2,2,8,8,10.81,0,0,0.11 | 0.34 | 1.05,0,2.03 | 2.56 | 3.49,0,1.15 | 1.56 | 1.97,0.627,0.000,0,1,0,0,0,0,-1,0,0,0,,0,,0,,0,0,0,1
1723722727,387,2,2,8,8,10.81,0,0,0.11 | 0.34 | 1.05,0,2.03 | 2.56 | 3.49,0,1.15 | 1.56 | 1.97,0.627,0.000,0,1,0,0,0,0,-1,0,0,0,,0,,0,,0,0,0,1
1723722727,387,2,2,8,8,10.81,0,0,0.11 | 0.34 | 1.05,0,2.03 | 2.56 | 3.49,0,1.15 | 1.56 | 1.97,0.627,0.000,0,1,0,0,0,0,-1,0,0,0,,0,,0,,0,0,0,1
1723722727,387,2,2,8,8,10.81,0,0,0.11 | 0.34 | 1.05,0,2.03 | 2.56 | 3.49,0,1.15 | 1.56 | 1.97,0.627,0.000,0,1,0,0,0,0,-1,0,0,0,,0,,0,,0,0,0,1
1723722727,387,2,2,8,8,10.81,0,0,0.11 | 0.34 | 1.05,0,2.03 | 2.56 | 3.49,0,1.15 | 1.56 | 1.97,0.627,0.000,0,1,0,0,0,0,-1,0,0,0,,0,,0,,0,0,0,1
1723722727,387,2,2,8,8,10.013,0,0,0.11 | 0.34 | 1.05,0,2.03 | 2.56 | 3.49,0,1.15 | 1.56 | 1.97,0.627,0.000,0,1,0,0,0,0,-1,0,0,0,,0,,0,,0,0,0,1
1723722727,387,2,2,8,8,10.013,0,0,0.11 | 0.34 | 1.05,0,2.03 | 2.56 | 3.49,0,1.15 | 1.56 | 1.97,0.627,0.000,0,1,0,0,0,0,-1,0,0,0,,0,,0,,0,0,0,1
1723722727,387,2,2,8,8,10.013,0,0,0.11 | 0.34 | 1.05,0,2.03 | 2.56 | 3.49,0,1.15 | 1.56 | 1.97,0.627,0.000,0,1,0,0,0,0,-1,0,0,0,,0,,0,,0,0,0,1
1723722727,387,2,2,8,8,10.013,0,0,0.11 | 0.34 | 1.05,0,2.03 | 2.56 | 3.49,0,1.15 | 1.56 | 1.97,0.627,0.000,0,1,0,0,0,0,-1,0,0,0,,0,,0,,0,0,0,1
1723722727,387,2,2,8,8,10.013,0,0,0.11 | 0.34 | 1.05,0,2.03 | 2.56 | 3.49,0,1.15 | 1.56 | 1.97,0.627,0.000,0,1,0,0,0,0,-1,0,0,0,,0,,0,,0,0,0,1
1723722728,387,2,2,8,8,10.013,0,0,0.11 | 0.34 | 1.05,0,2.03 | 2.56 | 3.49,0,1.15 | 1.56 | 1.97,0.627,0.000,0,1,0,0,0,0,-1,0,0,0,,0,,0,,0,0,0,1
1723722728,387,2,2,8,8,10.013,0,0,0.11 | 0.34 | 1.05,0,2.03 | 2.56 | 3.49,0,1.15 | 1.56 | 1.97,0.627,0.000,0,1,0,0,0,0,-1,0,0,0,,0,,0,,0,0,0,1
1723722728,387,2,2,8,8,10.013,0,0,0.11 | 0.34 | 1.05,0,2.03 | 2.56 | 3.49,0,1.15 | 1.56 | 1.97,0.627,0.000,0,1,0,0,0,0,-1,0,0,0,,0,,0,,0,0,0,1
1723722728,387,2,2,8,8,10.013,0,0,0.11 | 0.34 | 1.05,0,2.03 | 2.56 | 3.49,0,1.15 | 1.56 | 1.97,0.627,0.000,0,1,0,0,0,0,-1,0,0,0,,0,,0,,0,0,0,1
1723722728,387,2,2,8,8,10.013,0,0,0.11 | 0.34 | 1.05,0,2.03 | 2.56 | 3.49,0,1.15 | 1.56 | 1.97,0.627,0.000,0,1,0,0,0,0,-1,0,0,0,,0,,0,,0,0,0,1
1723722728,387,2,2,8,8,8.95,0,0,0.11 | 0.34 | 1.05,0,2.03 | 2.56 | 3.49,0,1.15 | 1.56 | 1.97,0.627,0.000,0,1,0,0,0,0,-1,0,0,0,,0,,0,,0,0,0,1
1723722728,387,2,2,8,8,8.95,0,0,0.11 | 0.34 | 1.05,0,2.03 | 2.56 | 3.49,0,1.15 | 1.56 | 1.97,0.627,0.000,0,1,0,0,0,0,-1,0,0,0,,0,,0,,0,0,0,1
1723722728,387,2,2,8,8,8.95,0,0,0.11 | 0.34 | 1.05,0,2.03 | 2.56 | 3.49,0,1.15 | 1.56 | 1.97,0.627,0.000,0,1,0,0,0,0,-1,0,0,0,,0,,0,,0,0,0,1
1723722728,387,2,2,8,8,8.95,0,0,0.11 | 0.34 | 1.05,0,2.03 | 2.56 | 3.49,0,1.15 | 1.56 | 1.97,0.627,0.000,0,1,0,0,0,0,-1,0,0,0,,0,,0,,0,0,0,1
1723722728,387,2,2,8,8,8.95,0,0,0.11 | 0.34 | 1.05,0,2.03 | 2.56 | 3.49,0,1.15 | 1.56 | 1.97,0.627,0.000,0,1,0,0,0,0,-1,0,0,0,,0,,0,,0,0,0,1
1723722729,387,2,2,8,8,8.95,0,0,0.11 | 0.34 | 1.05,0,2.03 | 2.56 | 3.49,0,1.15 | 1.56 | 1.97,0.627,0.000,0,1,0,0,0,0,-1,0,0,0,,0,,0,,0,0,0,1
1723722729,387,2,2,8,8,8.95,0,0,0.11 | 0.34 | 1.05,0,2.03 | 2.56 | 3.49,0,1.15 | 1.56 | 1.97,0.627,0.000,0,1,0,0,0,0,-1,0,0,0,,0,,0,,0,0,0,1
1723722729,387,2,2,8,8,8.95,0,0,0.11 | 0.34 | 1.05,0,2.03 | 2.56 | 3.49,0,1.15 | 1.56 | 1.97,0.627,0.000,0,1,0,0,0,0,-1,0,0,0,,0,,0,,0,0,0,1
1723722729,387,2,2,8,8,8.95,0,0,0.11 | 0.34 | 1.05,0,2.03 | 2.56 | 3.49,0,1.15 | 1.56 | 1.97,0.627,0.000,0,1,0,0,0,0,-1,0,0,0,,0,,0,,0,0,0,1
1723722729,387,2,2,8,8,8.95,0,0,0.11 | 0.34 | 1.05,0,2.03 | 2.56 | 3.49,0,1.15 | 1.56 | 1.97,0.627,0.000,0,1,0,0,0,0,-1,0,0,0,,0,,0,,0,0,0,1
1723722729,387,2,2,8,8,12.688,0,0,0.11 | 0.34 | 1.05,0,2.03 | 2.65 | 3.49,0,1.15 | 1.51 | 1.97,0.625,0.000,0,1,0,0,0,0,-1,0,0,0,,0,,0,,0,0,0,1
1723722729,387,2,2,8,8,12.688,0,0,0.11 | 0.34 | 1.05,0,2.03 | 2.65 | 3.49,0,1.15 | 1.51 | 1.97,0.625,0.000,0,1,0,0,0,0,-1,0,0,0,,0,,0,,0,0,0,1
1723722729,387,2,2,8,8,12.688,0,0,0.11 | 0.34 | 1.05,0,2.03 | 2.65 | 3.49,0,1.15 | 1.51 | 1.97,0.625,0.000,0,1,0,0,0,0,-1,0,0,0,,0,,0,,0,0,0,1
1723722729,387,2,2,8,8,12.688,0,0,0.11 | 0.34 | 1.05,0,2.03 | 2.65 | 3.49,0,1.15 | 1.51 | 1.97,0.625,0.000,0,1,0,0,0,0,-1,0,0,0,,0,,0,,0,0,0,1
1723722729,387,2,2,8,8,12.688,0,0,0.11 | 0.34 | 1.05,0,2.03 | 2.65 | 3.49,0,1.15 | 1.51 | 1.97,0.625,0.000,0,1,0,0,0,0,-1,0,0,0,,0,,0,,0,0,0,1
1723722730,387,2,2,8,8,12.688,0,0,0.11 | 0.34 | 1.05,0,2.03 | 2.65 | 3.49,0,1.15 | 1.51 | 1.97,0.625,0.000,0,1,0,0,0,0,-1,0,0,0,,0,,0,,0,0,0,1
1723722730,387,2,2,8,8,12.688,0,0,0.11 | 0.34 | 1.05,0,2.03 | 2.65 | 3.49,0,1.15 | 1.51 | 1.97,0.625,0.000,0,1,0,0,0,0,-1,0,0,0,,0,,0,,0,0,0,1
1723722730,387,2,2,8,8,12.688,0,0,0.11 | 0.34 | 1.05,0,2.03 | 2.65 | 3.49,0,1.15 | 1.51 | 1.97,0.625,0.000,0,1,0,0,0,0,-1,0,0,0,,0,,0,,0,0,0,1
1723722730,387,2,2,8,8,12.688,0,0,0.11 | 0.34 | 1.05,0,2.03 | 2.65 | 3.49,0,1.15 | 1.51 | 1.97,0.625,0.000,0,1,0,0,0,0,-1,0,0,0,,0,,0,,0,0,0,1
1723722730,387,2,2,8,8,12.688,0,0,0.11 | 0.34 | 1.05,0,2.03 | 2.65 | 3.49,0,1.15 | 1.51 | 1.97,0.625,0.000,0,1,0,0,0,0,-1,0,0,0,,0,,0,,0,0,0,1
1723722730,387,2,2,8,8,11.625,0,0,0.11 | 0.34 | 1.05,0,2.03 | 2.65 | 3.49,0,1.15 | 1.51 | 1.97,0.625,0.000,0,1,0,0,0,0,-1,0,0,0,,0,,0,,0,0,0,1
1723722730,387,2,2,8,8,11.625,0,0,0.11 | 0.34 | 1.05,0,2.03 | 2.65 | 3.49,0,1.15 | 1.51 | 1.97,0.625,0.000,0,1,0,0,0,0,-1,0,0,0,,0,,0,,0,0,0,1
1723722730,387,2,2,8,8,11.625,0,0,0.11 | 0.34 | 1.05,0,2.03 | 2.65 | 3.49,0,1.15 | 1.51 | 1.97,0.625,0.000,0,1,0,0,0,0,-1,0,0,0,,0,,0,,0,0,0,1
1723722730,387,2,2,8,8,11.625,0,0,0.11 | 0.34 | 1.05,0,2.03 | 2.65 | 3.49,0,1.15 | 1.51 | 1.97,0.625,0.000,0,1,0,0,0,0,-1,0,0,0,,0,,0,,0,0,0,1
1723722730,387,2,2,8,8,11.625,0,0,0.11 | 0.34 | 1.05,0,2.03 | 2.65 | 3.49,0,1.15 | 1.51 | 1.97,0.625,0.000,0,1,0,0,0,0,-1,0,0,0,,0,,0,,0,0,0,1
1723722731,387,2,2,8,8,11.625,0,0,0.11 | 0.34 | 1.05,0,2.03 | 2.65 | 3.49,0,1.15 | 1.51 | 1.97,0.625,0.000,0,1,0,0,0,0,-1,0,0,0,,0,,0,,0,0,0,1
1723722731,387,2,2,8,8,11.625,0,0,0.11 | 0.34 | 1.05,0,2.03 | 2.65 | 3.49,0,1.15 | 1.51 | 1.97,0.625,0.000,0,1,0,0,0,0,-1,0,0,0,,0,,0,,0,0,0,1
1723722731,387,2,2,8,8,11.625,0,0,0.11 | 0.34 | 1.05,0,2.03 | 2.65 | 3.49,0,1.15 | 1.51 | 1.97,0.625,0.000,0,1,0,0,0,0,-1,0,0,0,,0,,0,,0,0,0,1
1723722731,387,2,2,8,8,11.625,0,0,0.11 | 0.34 | 1.05,0,2.03 | 2.65 | 3.49,0,1.15 | 1.51 | 1.97,0.625,0.000,0,1,0,0,0,0,-1,0,0,0,,0,,0,,0,0,0,1
1723722731,387,2,2,8,8,11.625,0,0,0.11 | 0.34 | 1.05,0,2.03 | 2.65 | 3.49,0,1.15 | 1.51 | 1.97,0.625,0.000,0,1,0,0,0,0,-1,0,0,0,,0,,0,,0,0,0,1
1723722731,387,2,2,8,8,10.829,0,0,0.11 | 0.34 | 1.05,0,2.03 | 2.65 | 3.49,0,1.15 | 1.51 | 1.97,0.625,0.000,0,1,0,0,0,0,-1,0,0,0,,0,,0,,0,0,0,1
1723722731,387,2,2,8,8,10.829,0,0,0.11 | 0.34 | 1.05,0,2.03 | 2.65 | 3.49,0,1.15 | 1.51 | 1.97,0.625,0.000,0,1,0,0,0,0,-1,0,0,0,,0,,0,,0,0,0,1
1723722731,387,2,2,8,8,10.829,0,0,0.11 | 0.34 | 1.05,0,2.03 | 2.65 | 3.49,0,1.15 | 1.51 | 1.97,0.625,0.000,0,1,0,0,0,0,-1,0,0,0,,0,,0,,0,0,0,1
1723722731,387,2,2,8,8,10.829,0,0,0.11 | 0.34 | 1.05,0,2.03 | 2.65 | 3.49,0,1.15 | 1.51 | 1.97,0.625,0.000,0,1,0,0,0,0,-1,0,0,0,,0,,0,,0,0,0,1
1723722731,387,2,2,8,8,10.829,0,0,0.11 | 0.34 | 1.05,0,2.03 | 2.65 | 3.49,0,1.15 | 1.51 | 1.97,0.625,0.000,0,1,0,0,0,0,-1,0,0,0,,0,,0,,0,0,0,1
1723722732,387,2,2,8,8,10.829,0,0,0.11 | 0.34 | 1.05,0,2.03 | 2.65 | 3.49,0,1.15 | 1.51 | 1.97,0.625,0.000,0,1,0,0,0,0,-1,0,0,0,,0,,0,,0,0,0,1
1723722732,387,2,2,8,8,10.829,0,0,0.11 | 0.34 | 1.05,0,2.03 | 2.65 | 3.49,0,1.15 | 1.51 | 1.97,0.625,0.000,0,1,0,0,0,0,-1,0,0,0,,0,,0,,0,0,0,1
1723722732,387,2,2,8,8,10.829,0,0,0.11 | 0.34 | 1.05,0,2.03 | 2.65 | 3.49,0,1.15 | 1.51 | 1.97,0.625,0.000,0,1,0,0,0,0,-1,0,0,0,,0,,0,,0,0,0,1
1723722732,387,2,2,8,8,10.829,0,0,0.11 | 0.34 | 1.05,0,2.03 | 2.65 | 3.49,0,1.15 | 1.51 | 1.97,0.625,0.000,0,1,0,0,0,0,-1,0,0,0,,0,,0,,0,0,0,1
1723722732,387,2,2,8,8,10.829,0,0,0.11 | 0.34 | 1.05,0,2.03 | 2.65 | 3.49,0,1.15 | 1.51 | 1.97,0.625,0.000,0,1,0,0,0,0,-1,0,0,0,,0,,0,,0,0,0,1
1723722732,387,2,2,8,8,9.766,0,0,0.11 | 0.34 | 1.05,0,2.03 | 2.65 | 3.49,0,1.15 | 1.51 | 1.97,0.625,0.000,0,1,0,0,0,0,-1,0,0,0,,0,,0,,0,0,0,1
1723722732,387,2,2,8,8,9.766,0,0,0.11 | 0.34 | 1.05,0,2.03 | 2.65 | 3.49,0,1.15 | 1.51 | 1.97,0.625,0.000,0,1,0,0,0,0,-1,0,0,0,,0,,0,,0,0,0,1
1723722732,387,2,2,8,8,9.766,0,0,0.11 | 0.34 | 1.05,0,2.03 | 2.65 | 3.49,0,1.15 | 1.51 | 1.97,0.625,0.000,0,1,0,0,0,0,-1,0,0,0,,0,,0,,0,0,0,1
1723722732,387,2,2,8,8,9.766,0,0,0.11 | 0.34 | 1.05,0,2.03 | 2.65 | 3.49,0,1.15 | 1.51 | 1.97,0.625,0.000,0,1,0,0,0,0,-1,0,0,0,,0,,0,,0,0,0,1
1723722732,387,2,2,8,8,9.766,0,0,0.11 | 0.34 | 1.05,0,2.03 | 2.65 | 3.49,0,1.15 | 1.51 | 1.97,0.625,0.000,0,1,0,0,0,0,-1,0,0,0,,0,,0,,0,0,0,1
1723722733,387,2,2,8,8,9.766,0,0,0.11 | 0.34 | 1.05,0,2.03 | 2.65 | 3.49,0,1.15 | 1.51 | 1.97,0.625,0.000,0,1,0,0,0,0,-1,0,0,0,,0,,0,,0,0,0,1
1723722733,387,2,2,8,8,9.766,0,0,0.11 | 0.34 | 1.05,0,2.03 | 2.65 | 3.49,0,1.15 | 1.51 | 1.97,0.625,0.000,0,1,0,0,0,0,-1,0,0,0,,0,,0,,0,0,0,1
1723722733,387,2,2,8,8,9.766,0,0,0.11 | 0.34 | 1.05,0,2.03 | 2.65 | 3.49,0,1.15 | 1.51 | 1.97,0.625,0.000,0,1,0,0,0,0,-1,0,0,0,,0,,0,,0,0,0,1
1723722733,387,2,2,8,8,9.766,0,0,0.11 | 0.34 | 1.05,0,2.03 | 2.65 | 3.49,0,1.15 | 1.51 | 1.97,0.625,0.000,0,1,0,0,0,0,-1,0,0,0,,0,,0,,0,0,0,1
1723722733,387,2,2,8,8,9.766,0,0,0.11 | 0.34 | 1.05,0,2.03 | 2.65 | 3.49,0,1.15 | 1.51 | 1.97,0.625,0.000,0,1,0,0,0,0,-1,0,0,0,,0,,0,,0,0,0,1
1723722733,387,2,2,8,8,11.904,0,0,0.11 | 0.34 | 1.05,0,2.15 | 2.69 | 3.49,0,1.15 | 1.49 | 1.86,0.621,0.000,0,1,0,0,0,0,-1,0,0,0,,0,,0,,0,0,0,1
1723722733,387,2,2,8,8,11.904,0,0,0.11 | 0.34 | 1.05,0,2.15 | 2.69 | 3.49,0,1.15 | 1.49 | 1.86,0.621,0.000,0,1,0,0,0,0,-1,0,0,0,,0,,0,,0,0,0,1
1723722733,387,2,2,8,8,11.904,0,0,0.11 | 0.34 | 1.05,0,2.15 | 2.69 | 3.49,0,1.15 | 1.49 | 1.86,0.621,0.000,0,1,0,0,0,0,-1,0,0,0,,0,,0,,0,0,0,1
1723722733,387,2,2,8,8,11.904,0,0,0.11 | 0.34 | 1.05,0,2.15 | 2.69 | 3.49,0,1.15 | 1.49 | 1.86,0.621,0.000,0,1,0,0,0,0,-1,0,0,0,,0,,0,,0,0,0,1
1723722733,387,2,2,8,8,11.904,0,0,0.11 | 0.34 | 1.05,0,2.15 | 2.69 | 3.49,0,1.15 | 1.49 | 1.86,0.621,0.000,0,1,0,0,0,0,-1,0,0,0,,0,,0,,0,0,0,1
1723722734,387,2,2,8,8,11.904,0,0,0.11 | 0.34 | 1.05,0,2.15 | 2.69 | 3.49,0,1.15 | 1.49 | 1.86,0.621,0.000,0,1,0,0,0,0,-1,0,0,0,,0,,0,,0,0,0,1
1723722734,387,2,2,8,8,11.904,0,0,0.11 | 0.34 | 1.05,0,2.15 | 2.69 | 3.49,0,1.15 | 1.49 | 1.86,0.621,0.000,0,1,0,0,0,0,-1,0,0,0,,0,,0,,0,0,0,1
1723722734,387,2,2,8,8,11.904,0,0,0.11 | 0.34 | 1.05,0,2.15 | 2.69 | 3.49,0,1.15 | 1.49 | 1.86,0.621,0.000,0,1,0,0,0,0,-1,0,0,0,,0,,0,,0,0,0,1
1723722734,387,2,2,8,8,11.904,0,0,0.11 | 0.34 | 1.05,0,2.15 | 2.69 | 3.49,0,1.15 | 1.49 | 1.86,0.621,0.000,0,1,0,0,0,0,-1,0,0,0,,0,,0,,0,0,0,1
1723722734,387,2,2,8,8,11.904,0,0,0.11 | 0.34 | 1.05,0,2.15 | 2.69 | 3.49,0,1.15 | 1.49 | 1.86,0.621,0.000,0,1,0,0,0,0,-1,0,0,0,,0,,0,,0,0,0,1
1723722734,387,2,2,8,8,10.841,0,0,0.11 | 0.34 | 1.05,0,2.15 | 2.69 | 3.49,0,1.15 | 1.49 | 1.86,0.621,0.000,0,1,0,0,0,0,-1,0,0,0,,0,,0,,0,0,0,1
1723722734,387,2,2,8,8,10.841,0,0,0.11 | 0.34 | 1.05,0,2.15 | 2.69 | 3.49,0,1.15 | 1.49 | 1.86,0.621,0.000,0,1,0,0,0,0,-1,0,0,0,,0,,0,,0,0,0,1
1723722734,387,2,2,8,8,10.841,0,0,0.11 | 0.34 | 1.05,0,2.15 | 2.69 | 3.49,0,1.15 | 1.49 | 1.86,0.621,0.000,0,1,0,0,0,0,-1,0,0,0,,0,,0,,0,0,0,1
1723722734,387,2,2,8,8,10.841,0,0,0.11 | 0.34 | 1.05,0,2.15 | 2.69 | 3.49,0,1.15 | 1.49 | 1.86,0.621,0.000,0,1,0,0,0,0,-1,0,0,0,,0,,0,,0,0,0,1
1723722734,387,2,2,8,8,10.841,0,0,0.11 | 0.34 | 1.05,0,2.15 | 2.69 | 3.49,0,1.15 | 1.49 | 1.86,0.621,0.000,0,1,0,0,0,0,-1,0,0,0,,0,,0,,0,0,0,1
1723722735,387,2,2,8,8,10.841,0,0,0.11 | 0.34 | 1.05,0,2.15 | 2.69 | 3.49,0,1.15 | 1.49 | 1.86,0.621,0.000,0,1,0,0,0,0,-1,0,0,0,,0,,0,,0,0,0,1
1723722735,387,2,2,8,8,10.841,0,0,0.11 | 0.34 | 1.05,0,2.15 | 2.69 | 3.49,0,1.15 | 1.49 | 1.86,0.621,0.000,0,1,0,0,0,0,-1,0,0,0,,0,,0,,0,0,0,1
1723722735,387,2,2,8,8,10.841,0,0,0.11 | 0.34 | 1.05,0,2.15 | 2.69 | 3.49,0,1.15 | 1.49 | 1.86,0.621,0.000,0,1,0,0,0,0,-1,0,0,0,,0,,0,,0,0,0,1
1723722735,387,2,2,8,8,10.841,0,0,0.11 | 0.34 | 1.05,0,2.15 | 2.69 | 3.49,0,1.15 | 1.49 | 1.86,0.621,0.000,0,1,0,0,0,0,-1,0,0,0,,0,,0,,0,0,0,1
1723722735,387,2,2,8,8,10.841,0,0,0.11 | 0.34 | 1.05,0,2.15 | 2.69 | 3.49,0,1.15 | 1.49 | 1.86,0.621,0.000,0,1,0,0,0,0,-1,0,0,0,,0,,0,,0,0,0,1
1723722735,387,2,2,8,8,10.044,0,0,0.11 | 0.34 | 1.05,0,2.15 | 2.69 | 3.49,0,1.15 | 1.49 | 1.86,0.621,0.000,0,1,0,0,0,0,-1,0,0,0,,0,,0,,0,0,0,1
1723722735,387,2,2,8,8,10.044,0,0,0.11 | 0.34 | 1.05,0,2.15 | 2.69 | 3.49,0,1.15 | 1.49 | 1.86,0.621,0.000,0,1,0,0,0,0,-1,0,0,0,,0,,0,,0,0,0,1
1723722735,387,2,2,8,8,10.044,0,0,0.11 | 0.34 | 1.05,0,2.15 | 2.69 | 3.49,0,1.15 | 1.49 | 1.86,0.621,0.000,0,1,0,0,0,0,-1,0,0,0,,0,,0,,0,0,0,1
1723722735,387,2,2,8,8,10.044,0,0,0.11 | 0.34 | 1.05,0,2.15 | 2.69 | 3.49,0,1.15 | 1.49 | 1.86,0.621,0.000,0,1,0,0,0,0,-1,0,0,0,,0,,0,,0,0,0,1
1723722735,387,2,2,8,8,10.044,0,0,0.11 | 0.34 | 1.05,0,2.15 | 2.69 | 3.49,0,1.15 | 1.49 | 1.86,0.621,0.000,0,1,0,0,0,0,-1,0,0,0,,0,,0,,0,0,0,1
1723722736,387,2,2,8,8,10.044,0,0,0.11 | 0.34 | 1.05,0,2.15 | 2.69 | 3.49,0,1.15 | 1.49 | 1.86,0.621,0.000,0,1,0,0,0,0,-1,0,0,0,,0,,0,,0,0,0,1
1723722736,387,2,2,8,8,10.044,0,0,0.11 | 0.34 | 1.05,0,2.15 | 2.69 | 3.49,0,1.15 | 1.49 | 1.86,0.621,0.000,0,1,0,0,0,0,-1,0,0,0,,0,,0,,0,0,0,1
1723722736,387,2,2,8,8,10.044,0,0,0.11 | 0.34 | 1.05,0,2.15 | 2.69 | 3.49,0,1.15 | 1.49 | 1.86,0.621,0.000,0,1,0,0,0,0,-1,0,0,0,,0,,0,,0,0,0,1
1723722736,387,2,2,8,8,10.044,0,0,0.11 | 0.34 | 1.05,0,2.15 | 2.69 | 3.49,0,1.15 | 1.49 | 1.86,0.621,0.000,0,1,0,0,0,0,-1,0,0,0,,0,,0,,0,0,0,1
1723722736,387,2,2,8,8,10.044,0,0,0.11 | 0.34 | 1.05,0,2.15 | 2.69 | 3.49,0,1.15 | 1.49 | 1.86,0.621,0.000,0,1,0,0,0,0,-1,0,0,0,,0,,0,,0,0,0,1
1723722736,387,2,2,8,8,8.982,0,0,0.11 | 0.34 | 1.05,0,2.15 | 2.69 | 3.49,0,1.15 | 1.49 | 1.86,0.621,0.000,0,1,0,0,0,0,-1,0,0,0,,0,,0,,0,0,0,1
1723722736,387,2,2,8,8,8.982,0,0,0.11 | 0.34 | 1.05,0,2.15 | 2.69 | 3.49,0,1.15 | 1.49 | 1.86,0.621,0.000,0,1,0,0,0,0,-1,0,0,0,,0,,0,,0,0,0,1
1723722736,387,2,2,8,8,8.982,0,0,0.11 | 0.34 | 1.05,0,2.15 | 2.69 | 3.49,0,1.15 | 1.49 | 1.86,0.621,0.000,0,1,0,0,0,0,-1,0,0,0,,0,,0,,0,0,0,1
1723722736,387,2,2,8,8,8.982,0,0,0.11 | 0.34 | 1.05,0,2.15 | 2.69 | 3.49,0,1.15 | 1.49 | 1.86,0.621,0.000,0,1,0,0,0,0,-1,0,0,0,,0,,0,,0,0,0,1
1723722736,387,2,2,8,8,8.982,0,0,0.11 | 0.34 | 1.05,0,2.15 | 2.69 | 3.49,0,1.15 | 1.49 | 1.86,0.621,0.000,0,1,0,0,0,0,-1,0,0,0,,0,,0,,0,0,0,1
1723722737,387,2,2,8,8,8.982,0,0,0.11 | 0.34 | 1.05,0,2.15 | 2.69 | 3.49,0,1.15 | 1.49 | 1.86,0.621,0.000,0,1,0,0,0,0,-1,0,0,0,,0,,0,,0,0,0,1
1723722737,387,2,2,8,8,8.982,0,0,0.11 | 0.34 | 1.05,0,2.15 | 2.69 | 3.49,0,1.15 | 1.49 | 1.86,0.621,0.000,0,1,0,0,0,0,-1,0,0,0,,0,,0,,0,0,0,1
1723722737,387,2,2,8,8,8.982,0,0,0.11 | 0.34 | 1.05,0,2.15 | 2.69 | 3.49,0,1.15 | 1.49 | 1.86,0.621,0.000,0,1,0,0,0,0,-1,0,0,0,,0,,0,,0,0,0,1
1723722737,387,2,2,8,8,8.982,0,0,0.11 | 0.34 | 1.05,0,2.15 | 2.69 | 3.49,0,1.15 | 1.49 | 1.86,0.621,0.000,0,1,0,0,0,0,-1,0,0,0,,0,,0,,0,0,0,1
1723722737,387,2,2,8,8,8.982,0,0,0.11 | 0.34 | 1.05,0,2.15 | 2.69 | 3.49,0,1.15 | 1.49 | 1.86,0.621,0.000,0,1,0,0,0,0,-1,0,0,0,,0,,0,,0,0,0,1
1723722737,387,2,2,8,8,12.719,0,0,0.11 | 0.34 | 1.05,0,2.15 | 2.51 | 2.90,0,1.38 | 1.59 | 1.86,0.617,0.000,0,1,0,0,0,0,-1,0,0,0,,0,,0,,0,0,0,1
1723722737,387,2,2,8,8,12.719,0,0,0.11 | 0.34 | 1.05,0,2.15 | 2.51 | 2.90,0,1.38 | 1.59 | 1.86,0.617,0.000,0,1,0,0,0,0,-1,0,0,0,,0,,0,,0,0,0,1
1723722737,387,2,2,8,8,12.719,0,0,0.11 | 0.34 | 1.05,0,2.15 | 2.51 | 2.90,0,1.38 | 1.59 | 1.86,0.617,0.000,0,1,0,0,0,0,-1,0,0,0,,0,,0,,0,0,0,1
1723722737,387,2,2,8,8,12.719,0,0,0.11 | 0.34 | 1.05,0,2.15 | 2.51 | 2.90,0,1.38 | 1.59 | 1.86,0.617,0.000,0,1,0,0,0,0,-1,0,0,0,,0,,0,,0,0,0,1
1723722737,387,2,2,8,8,12.719,0,0,0.11 | 0.34 | 1.05,0,2.15 | 2.51 | 2.90,0,1.38 | 1.59 | 1.86,0.617,0.000,0,1,0,0,0,0,-1,0,0,0,,0,,0,,0,0,0,1
1723722738,387,2,2,8,8,12.719,0,0,0.11 | 0.34 | 1.05,0,2.15 | 2.51 | 2.90,0,1.38 | 1.59 | 1.86,0.617,0.000,0,1,0,0,0,0,-1,0,0,0,,0,,0,,0,0,0,1
1723722738,387,2,2,8,8,12.719,0,0,0.11 | 0.34 | 1.05,0,2.15 | 2.51 | 2.90,0,1.38 | 1.59 | 1.86,0.617,0.000,0,1,0,0,0,0,-1,0,0,0,,0,,0,,0,0,0,1
1723722738,387,2,2,8,8,12.719,0,0,0.11 | 0.34 | 1.05,0,2.15 | 2.51 | 2.90,0,1.38 | 1.59 | 1.86,0.617,0.000,0,1,0,0,0,0,-1,0,0,0,,0,,0,,0,0,0,1
1723722738,387,2,2,8,8,12.719,0,0,0.11 | 0.34 | 1.05,0,2.15 | 2.51 | 2.90,0,1.38 | 1.59 | 1.86,0.617,0.000,0,1,0,0,0,0,-1,0,0,0,,0,,0,,0,0,0,1
1723722738,387,2,2,8,8,12.719,0,0,0.11 | 0.34 | 1.05,0,2.15 | 2.51 | 2.90,0,1.38 | 1.59 | 1.86,0.617,0.000,0,1,0,0,0,0,-1,0,0,0,,0,,0,,0,0,0,1
1723722738,387,2,2,8,8,11.657,0,0,0.11 | 0.34 | 1.05,0,2.15 | 2.51 | 2.90,0,1.38 | 1.59 | 1.86,0.617,0.000,0,1,0,0,0,0,-1,0,0,0,,0,,0,,0,0,0,1
1723722738,387,2,2,8,8,11.657,0,0,0.11 | 0.34 | 1.05,0,2.15 | 2.51 | 2.90,0,1.38 | 1.59 | 1.86,0.617,0.000,0,1,0,0,0,0,-1,0,0,0,,0,,0,,0,0,0,1
1723722738,387,2,2,8,8,11.657,0,0,0.11 | 0.34 | 1.05,0,2.15 | 2.51 | 2.90,0,1.38 | 1.59 | 1.86,0.617,0.000,0,1,0,0,0,0,-1,0,0,0,,0,,0,,0,0,0,1
1723722738,387,2,2,8,8,11.657,0,0,0.11 | 0.34 | 1.05,0,2.15 | 2.51 | 2.90,0,1.38 | 1.59 | 1.86,0.617,0.000,0,1,0,0,0,0,-1,0,0,0,,0,,0,,0,0,0,1
1723722738,387,2,2,8,8,11.657,0,0,0.11 | 0.34 | 1.05,0,2.15 | 2.51 | 2.90,0,1.38 | 1.59 | 1.86,0.617,0.000,0,1,0,0,0,0,-1,0,0,0,,0,,0,,0,0,0,1
1723722739,387,2,2,8,8,11.657,0,0,0.11 | 0.34 | 1.05,0,2.15 | 2.51 | 2.90,0,1.38 | 1.59 | 1.86,0.617,0.000,0,1,0,0,0,0,-1,0,0,0,,0,,0,,0,0,0,1
1723722739,387,2,2,8,8,11.657,0,0,0.11 | 0.34 | 1.05,0,2.15 | 2.51 | 2.90,0,1.38 | 1.59 | 1.86,0.617,0.000,0,1,0,0,0,0,-1,0,0,0,,0,,0,,0,0,0,1
1723722739,387,2,2,8,8,11.657,0,0,0.11 | 0.34 | 1.05,0,2.15 | 2.51 | 2.90,0,1.38 | 1.59 | 1.86,0.617,0.000,0,1,0,0,0,0,-1,0,0,0,,0,,0,,0,0,0,1
1723722739,387,2,2,8,8,11.657,0,0,0.11 | 0.34 | 1.05,0,2.15 | 2.51 | 2.90,0,1.38 | 1.59 | 1.86,0.617,0.000,0,1,0,0,0,0,-1,0,0,0,,0,,0,,0,0,0,1
1723722739,387,2,2,8,8,11.657,0,0,0.11 | 0.34 | 1.05,0,2.15 | 2.51 | 2.90,0,1.38 | 1.59 | 1.86,0.617,0.000,0,1,0,0,0,0,-1,0,0,0,,0,,0,,0,0,0,1
1723722739,387,2,2,8,8,10.594,0,0,0.11 | 0.34 | 1.05,0,2.15 | 2.51 | 2.90,0,1.38 | 1.59 | 1.86,0.617,0.000,0,1,0,0,0,0,-1,0,0,0,,0,,0,,0,0,0,1
1723722739,387,2,2,8,8,10.594,0,0,0.11 | 0.34 | 1.05,0,2.15 | 2.51 | 2.90,0,1.38 | 1.59 | 1.86,0.617,0.000,0,1,0,0,0,0,-1,0,0,0,,0,,0,,0,0,0,1
1723722739,387,2,2,8,8,10.594,0,0,0.11 | 0.34 | 1.05,0,2.15 | 2.51 | 2.90,0,1.38 | 1.59 | 1.86,0.617,0.000,0,1,0,0,0,0,-1,0,0,0,,0,,0,,0,0,0,1
1723722739,387,2,2,8,8,10.594,0,0,0.11 | 0.34 | 1.05,0,2.15 | 2.51 | 2.90,0,1.38 | 1.59 | 1.86,0.617,0.000,0,1,0,0,0,0,-1,0,0,0,,0,,0,,0,0,0,1
1723722739,387,2,2,8,8,10.594,0,0,0.11 | 0.34 | 1.05,0,2.15 | 2.51 | 2.90,0,1.38 | 1.59 | 1.86,0.617,0.000,0,1,0,0,0,0,-1,0,0,0,,0,,0,,0,0,0,1
1723722740,387,2,2,8,8,10.594,0,0,0.11 | 0.34 | 1.05,0,2.15 | 2.51 | 2.90,0,1.38 | 1.59 | 1.86,0.617,0.000,0,1,0,0,0,0,-1,0,0,0,,0,,0,,0,0,0,1
1723722740,387,2,2,8,8,10.594,0,0,0.11 | 0.34 | 1.05,0,2.15 | 2.51 | 2.90,0,1.38 | 1.59 | 1.86,0.617,0.000,0,1,0,0,0,0,-1,0,0,0,,0,,0,,0,0,0,1
1723722740,387,2,2,8,8,10.594,0,0,0.11 | 0.34 | 1.05,0,2.15 | 2.51 | 2.90,0,1.38 | 1.59 | 1.86,0.617,0.000,0,1,0,0,0,0,-1,0,0,0,,0,,0,,0,0,0,1
1723722740,387,2,2,8,8,10.594,0,0,0.11 | 0.34 | 1.05,0,2.15 | 2.51 | 2.90,0,1.38 | 1.59 | 1.86,0.617,0.000,0,1,0,0,0,0,-1,0,0,0,,0,,0,,0,0,0,1
1723722740,387,2,2,8,8,10.594,0,0,0.11 | 0.34 | 1.05,0,2.15 | 2.51 | 2.90,0,1.38 | 1.59 | 1.86,0.617,0.000,0,1,0,0,0,0,-1,0,0,0,,0,,0,,0,0,0,1
1723722740,387,2,2,8,8,9.797,0,0,0.11 | 0.34 | 1.05,0,2.15 | 2.51 | 2.90,0,1.38 | 1.59 | 1.86,0.617,0.000,0,1,0,0,0,0,-1,0,0,0,,0,,0,,0,0,0,1
1723722740,387,2,2,8,8,9.797,0,0,0.11 | 0.34 | 1.05,0,2.15 | 2.51 | 2.90,0,1.38 | 1.59 | 1.86,0.617,0.000,0,1,0,0,0,0,-1,0,0,0,,0,,0,,0,0,0,1
1723722740,387,2,2,8,8,9.797,0,0,0.11 | 0.34 | 1.05,0,2.15 | 2.51 | 2.90,0,1.38 | 1.59 | 1.86,0.617,0.000,0,1,0,0,0,0,-1,0,0,0,,0,,0,,0,0,0,1
1723722740,387,2,2,8,8,9.797,0,0,0.11 | 0.34 | 1.05,0,2.15 | 2.51 | 2.90,0,1.38 | 1.59 | 1.86,0.617,0.000,0,1,0,0,0,0,-1,0,0,0,,0,,0,,0,0,0,1
1723722740,387,2,2,8,8,9.797,0,0,0.11 | 0.34 | 1.05,0,2.15 | 2.51 | 2.90,0,1.38 | 1.59 | 1.86,0.617,0.000,0,1,0,0,0,0,-1,0,0,0,,0,,0,,0,0,0,1
1723722741,387,2,2,8,8,9.797,0,0,0.11 | 0.34 | 1.05,0,2.15 | 2.51 | 2.90,0,1.38 | 1.59 | 1.86,0.617,0.000,0,1,0,0,0,0,-1,0,0,0,,0,,0,,0,0,0,1
1723722741,387,2,2,8,8,9.797,0,0,0.11 | 0.34 | 1.05,0,2.15 | 2.51 | 2.90,0,1.38 | 1.59 | 1.86,0.617,0.000,0,1,0,0,0,0,-1,0,0,0,,0,,0,,0,0,0,1
1723722741,387,2,2,8,8,9.797,0,0,0.11 | 0.34 | 1.05,0,2.15 | 2.51 | 2.90,0,1.38 | 1.59 | 1.86,0.617,0.000,0,1,0,0,0,0,-1,0,0,0,,0,,0,,0,0,0,1
1723722741,387,2,2,8,8,9.797,0,0,0.11 | 0.34 | 1.05,0,2.15 | 2.51 | 2.90,0,1.38 | 1.59 | 1.86,0.617,0.000,0,1,0,0,0,0,-1,0,0,0,,0,,0,,0,0,0,1
1723722741,387,2,2,8,8,9.797,0,0,0.11 | 0.34 | 1.05,0,2.15 | 2.51 | 2.90,0,1.38 | 1.59 | 1.86,0.617,0.000,0,1,0,0,0,0,-1,0,0,0,,0,,0,,0,0,0,1
1723722741,387,2,2,8,8,11.935,0,0,0.11 | 0.11 | 0.11,0,2.22 | 2.54 | 2.90,0,1.38 | 1.57 | 1.80,0.608,0.000,0,1,0,0,0,0,-1,0,0,0,,0,,0,,0,0,0,1
1723722741,387,2,2,8,8,11.935,0,0,0.11 | 0.11 | 0.11,0,2.22 | 2.54 | 2.90,0,1.38 | 1.57 | 1.80,0.608,0.000,0,1,0,0,0,0,-1,0,0,0,,0,,0,,0,0,0,1
1723722741,387,2,2,8,8,11.935,0,0,0.11 | 0.11 | 0.11,0,2.22 | 2.54 | 2.90,0,1.38 | 1.57 | 1.80,0.608,0.000,0,1,0,0,0,0,-1,0,0,0,,0,,0,,0,0,0,1
1723722741,387,2,2,8,8,11.935,0,0,0.11 | 0.11 | 0.11,0,2.22 | 2.54 | 2.90,0,1.38 | 1.57 | 1.80,0.608,0.000,0,1,0,0,0,0,-1,0,0,0,,0,,0,,0,0,0,1
1723722741,387,2,2,8,8,11.935,0,0,0.11 | 0.11 | 0.11,0,2.22 | 2.54 | 2.90,0,1.38 | 1.57 | 1.80,0.608,0.000,0,1,0,0,0,0,-1,0,0,0,,0,,0,,0,0,0,1
1723722742,387,2,2,8,8,11.935,0,0,0.11 | 0.11 | 0.11,0,2.22 | 2.54 | 2.90,0,1.38 | 1.57 | 1.80,0.608,0.000,0,1,0,0,0,0,-1,0,0,0,,0,,0,,0,0,0,1
1723722742,387,2,2,8,8,11.935,0,0,0.11 | 0.11 | 0.11,0,2.22 | 2.54 | 2.90,0,1.38 | 1.57 | 1.80,0.608,0.000,0,1,0,0,0,0,-1,0,0,0,,0,,0,,0,0,0,1
1723722742,387,2,2,8,8,11.935,0,0,0.11 | 0.11 | 0.11,0,2.22 | 2.54 | 2.90,0,1.38 | 1.57 | 1.80,0.608,0.000,0,1,0,0,0,0,-1,0,0,0,,0,,0,,0,0,0,1
1723722742,387,2,2,8,8,11.935,0,0,0.11 | 0.11 | 0.11,0,2.22 | 2.54 | 2.90,0,1.38 | 1.57 | 1.80,0.608,0.000,0,1,0,0,0,0,-1,0,0,0,,0,,0,,0,0,0,1
1723722742,387,2,2,8,8,11.935,0,0,0.11 | 0.11 | 0.11,0,2.22 | 2.54 | 2.90,0,1.38 | 1.57 | 1.80,0.608,0.000,0,1,0,0,0,0,-1,0,0,0,,0,,0,,0,0,0,1
1723722742,387,2,2,8,8,10.872,0,0,0.11 | 0.11 | 0.11,0,2.22 | 2.54 | 2.90,0,1.38 | 1.57 | 1.80,0.608,0.000,0,1,0,0,0,0,-1,0,0,0,,0,,0,,0,0,0,1
1723722742,387,2,2,8,8,10.872,0,0,0.11 | 0.11 | 0.11,0,2.22 | 2.54 | 2.90,0,1.38 | 1.57 | 1.80,0.608,0.000,0,1,0,0,0,0,-1,0,0,0,,0,,0,,0,0,0,1
1723722742,387,2,2,8,8,10.872,0,0,0.11 | 0.11 | 0.11,0,2.22 | 2.54 | 2.90,0,1.38 | 1.57 | 1.80,0.608,0.000,0,1,0,0,0,0,-1,0,0,0,,0,,0,,0,0,0,1
1723722742,387,2,2,8,8,10.872,0,0,0.11 | 0.11 | 0.11,0,2.22 | 2.54 | 2.90,0,1.38 | 1.57 | 1.80,0.608,0.000,0,1,0,0,0,0,-1,0,0,0,,0,,0,,0,0,0,1
1723722742,387,2,2,8,8,10.872,0,0,0.11 | 0.11 | 0.11,0,2.22 | 2.54 | 2.90,0,1.38 | 1.57 | 1.80,0.608,0.000,0,1,0,0,0,0,-1,0,0,0,,0,,0,,0,0,0,1
1723722743,387,2,2,8,8,10.872,0,0,0.11 | 0.11 | 0.11,0,2.22 | 2.54 | 2.90,0,1.38 | 1.57 | 1.80,0.608,0.000,0,1,0,0,0,0,-1,0,0,0,,0,,0,,0,0,0,1
1723722743,387,2,2,8,8,10.872,0,0,0.11 | 0.11 | 0.11,0,2.22 | 2.54 | 2.90,0,1.38 | 1.57 | 1.80,0.608,0.000,0,1,0,0,0,0,-1,0,0,0,,0,,0,,0,0,0,1
1723722743,387,2,2,8,8,10.872,0,0,0.11 | 0.11 | 0.11,0,2.22 | 2.54 | 2.90,0,1.38 | 1.57 | 1.80,0.608,0.000,0,1,0,0,0,0,-1,0,0,0,,0,,0,,0,0,0,1
1723722743,387,2,2,8,8,10.872,0,0,0.11 | 0.11 | 0.11,0,2.22 | 2.54 | 2.90,0,1.38 | 1.57 | 1.80,0.608,0.000,0,1,0,0,0,0,-1,0,0,0,,0,,0,,0,0,0,1
1723722743,387,2,2,8,8,10.872,0,0,0.11 | 0.11 | 0.11,0,2.22 | 2.54 | 2.90,0,1.38 | 1.57 | 1.80,0.608,0.000,0,1,0,0,0,0,-1,0,0,0,,0,,0,,0,0,0,1
1723722743,387,2,2,8,8,9.81,0,0,0.11 | 0.11 | 0.11,0,2.22 | 2.54 | 2.90,0,1.38 | 1.57 | 1.80,0.608,0.000,0,1,0,0,0,0,-1,0,0,0,,0,,0,,0,0,0,1
1723722743,387,2,2,8,8,9.81,0,0,0.11 | 0.11 | 0.11,0,2.22 | 2.54 | 2.90,0,1.38 | 1.57 | 1.80,0.608,0.000,0,1,0,0,0,0,-1,0,0,0,,0,,0,,0,0,0,1
1723722743,387,2,2,8,8,9.81,0,0,0.11 | 0.11 | 0.11,0,2.22 | 2.54 | 2.90,0,1.38 | 1.57 | 1.80,0.608,0.000,0,1,0,0,0,0,-1,0,0,0,,0,,0,,0,0,0,1
1723722743,387,2,2,8,8,9.81,0,0,0.11 | 0.11 | 0.11,0,2.22 | 2.54 | 2.90,0,1.38 | 1.57 | 1.80,0.608,0.000,0,1,0,0,0,0,-1,0,0,0,,0,,0,,0,0,0,1
1723722743,387,2,2,8,8,9.81,0,0,0.11 | 0.11 | 0.11,0,2.22 | 2.54 | 2.90,0,1.38 | 1.57 | 1.80,0.608,0.000,0,1,0,0,0,0,-1,0,0,0,,0,,0,,0,0,0,1
1723722744,387,2,2,8,8,9.81,0,0,0.11 | 0.11 | 0.11,0,2.22 | 2.54 | 2.90,0,1.38 | 1.57 | 1.80,0.608,0.000,0,1,0,0,0,0,-1,0,0,0,,0,,0,,0,0,0,1
1723722744,387,2,2,8,8,9.81,0,0,0.11 | 0.11 | 0.11,0,2.22 | 2.54 | 2.90,0,1.38 | 1.57 | 1.80,0.608,0.000,0,1,0,0,0,0,-1,0,0,0,,0,,0,,0,0,0,1
1723722744,387,2,2,8,8,9.81,0,0,0.11 | 0.11 | 0.11,0,2.22 | 2.54 | 2.90,0,1.38 | 1.57 | 1.80,0.608,0.000,0,1,0,0,0,0,-1,0,0,0,,0,,0,,0,0,0,1
1723722744,387,2,2,8,8,9.81,0,0,0.11 | 0.11 | 0.11,0,2.22 | 2.54 | 2.90,0,1.38 | 1.57 | 1.80,0.608,0.000,0,1,0,0,0,0,-1,0,0,0,,0,,0,,0,0,0,1
1723722744,387,2,2,8,8,9.81,0,0,0.11 | 0.11 | 0.11,0,2.22 | 2.54 | 2.90,0,1.38 | 1.57 | 1.80,0.608,0.000,0,1,0,0,0,0,-1,0,0,0,,0,,0,,0,0,0,1
1723722744,387,2,2,8,8,9.013,0,0,0.11 | 0.11 | 0.11,0,2.22 | 2.54 | 2.90,0,1.38 | 1.57 | 1.80,0.608,0.000,0,1,0,0,0,0,-1,0,0,0,,0,,0,,0,0,0,1
1723722744,387,2,2,8,8,9.013,0,0,0.11 | 0.11 | 0.11,0,2.22 | 2.54 | 2.90,0,1.38 | 1.57 | 1.80,0.608,0.000,0,1,0,0,0,0,-1,0,0,0,,0,,0,,0,0,0,1
1723722744,387,2,2,8,8,9.013,0,0,0.11 | 0.11 | 0.11,0,2.22 | 2.54 | 2.90,0,1.38 | 1.57 | 1.80,0.608,0.000,0,1,0,0,0,0,-1,0,0,0,,0,,0,,0,0,0,1
1723722744,387,2,2,8,8,9.013,0,0,0.11 | 0.11 | 0.11,0,2.22 | 2.54 | 2.90,0,1.38 | 1.57 | 1.80,0.608,0.000,0,1,0,0,0,0,-1,0,0,0,,0,,0,,0,0,0,1
1723722744,387,2,2,8,8,9.013,0,0,0.11 | 0.11 | 0.11,0,2.22 | 2.54 | 2.90,0,1.38 | 1.57 | 1.80,0.608,0.000,0,1,0,0,0,0,-1,0,0,0,,0,,0,,0,0,0,1
1723722745,387,2,2,8,8,9.013,0,0,0.11 | 0.11 | 0.11,0,2.22 | 2.54 | 2.90,0,1.38 | 1.57 | 1.80,0.608,0.000,0,1,0,0,0,0,-1,0,0,0,,0,,0,,0,0,0,1
1723722745,387,2,2,8,8,9.013,0,0,0.11 | 0.11 | 0.11,0,2.22 | 2.54 | 2.90,0,1.38 | 1.57 | 1.80,0.608,0.000,0,1,0,0,0,0,-1,0,0,0,,0,,0,,0,0,0,1
1723722745,387,2,2,8,8,9.013,0,0,0.11 | 0.11 | 0.11,0,2.22 | 2.54 | 2.90,0,1.38 | 1.57 | 1.80,0.608,0.000,0,1,0,0,0,0,-1,0,0,0,,0,,0,,0,0,0,1
1723722745,387,2,2,8,8,9.013,0,0,0.11 | 0.11 | 0.11,0,2.22 | 2.54 | 2.90,0,1.38 | 1.57 | 1.80,0.608,0.000,0,1,0,0,0,0,-1,0,0,0,,0,,0,,0,0,0,1
1723722745,387,2,2,8,8,9.013,0,0,0.11 | 0.11 | 0.11,0,2.22 | 2.54 | 2.90,0,1.38 | 1.57 | 1.80,0.608,0.000,0,1,0,0,0,0,-1,0,0,0,,0,,0,,0,0,0,1
1723722745,387,2,2,8,8,12.688,0,0,0.11 | 0.11 | 0.11,0,2.22 | 2.70 | 3.56,0,1.12 | 1.48 | 1.80,0.606,0.000,0,1,0,0,0,0,-1,0,0,0,,0,,0,,0,0,0,1
1723722745,387,2,2,8,8,12.688,0,0,0.11 | 0.11 | 0.11,0,2.22 | 2.70 | 3.56,0,1.12 | 1.48 | 1.80,0.606,0.000,0,1,0,0,0,0,-1,0,0,0,,0,,0,,0,0,0,1
1723722745,387,2,2,8,8,12.688,0,0,0.11 | 0.11 | 0.11,0,2.22 | 2.70 | 3.56,0,1.12 | 1.48 | 1.80,0.606,0.000,0,1,0,0,0,0,-1,0,0,0,,0,,0,,0,0,0,1
1723722745,387,2,2,8,8,12.688,0,0,0.11 | 0.11 | 0.11,0,2.22 | 2.70 | 3.56,0,1.12 | 1.48 | 1.80,0.606,0.000,0,1,0,0,0,0,-1,0,0,0,,0,,0,,0,0,0,1
1723722745,387,2,2,8,8,12.688,0,0,0.11 | 0.11 | 0.11,0,2.22 | 2.70 | 3.56,0,1.12 | 1.48 | 1.80,0.606,0.000,0,1,0,0,0,0,-1,0,0,0,,0,,0,,0,0,0,1
1723722746,387,2,2,8,8,12.688,0,0,0.11 | 0.11 | 0.11,0,2.22 | 2.70 | 3.56,0,1.12 | 1.48 | 1.80,0.606,0.000,0,1,0,0,0,0,-1,0,0,0,,0,,0,,0,0,0,1
1723722746,387,2,2,8,8,12.688,0,0,0.11 | 0.11 | 0.11,0,2.22 | 2.70 | 3.56,0,1.12 | 1.48 | 1.80,0.606,0.000,0,1,0,0,0,0,-1,0,0,0,,0,,0,,0,0,0,1
1723722746,387,2,2,8,8,12.688,0,0,0.11 | 0.11 | 0.11,0,2.22 | 2.70 | 3.56,0,1.12 | 1.48 | 1.80,0.606,0.000,0,1,0,0,0,0,-1,0,0,0,,0,,0,,0,0,0,1
1723722746,387,2,2,8,8,12.688,0,0,0.11 | 0.11 | 0.11,0,2.22 | 2.70 | 3.56,0,1.12 | 1.48 | 1.80,0.606,0.000,0,1,0,0,0,0,-1,0,0,0,,0,,0,,0,0,0,1
1723722746,387,2,2,8,8,12.688,0,0,0.11 | 0.11 | 0.11,0,2.22 | 2.70 | 3.56,0,1.12 | 1.48 | 1.80,0.606,0.000,0,1,0,0,0,0,-1,0,0,0,,0,,0,,0,0,0,1
1723722746,387,2,2,8,8,11.688,0,0,0.11 | 0.11 | 0.11,0,2.22 | 2.70 | 3.56,0,1.12 | 1.48 | 1.80,0.606,0.000,0,1,0,0,0,0,-1,0,0,0,,0,,0,,0,0,0,1
1723722746,387,2,2,8,8,11.688,0,0,0.11 | 0.11 | 0.11,0,2.22 | 2.70 | 3.56,0,1.12 | 1.48 | 1.80,0.606,0.000,0,1,0,0,0,0,-1,0,0,0,,0,,0,,0,0,0,1
1723722746,387,2,2,8,8,11.688,0,0,0.11 | 0.11 | 0.11,0,2.22 | 2.70 | 3.56,0,1.12 | 1.48 | 1.80,0.606,0.000,0,1,0,0,0,0,-1,0,0,0,,0,,0,,0,0,0,1
1723722746,387,2,2,8,8,11.688,0,0,0.11 | 0.11 | 0.11,0,2.22 | 2.70 | 3.56,0,1.12 | 1.48 | 1.80,0.606,0.000,0,1,0,0,0,0,-1,0,0,0,,0,,0,,0,0,0,1
1723722746,387,2,2,8,8,11.688,0,0,0.11 | 0.11 | 0.11,0,2.22 | 2.70 | 3.56,0,1.12 | 1.48 | 1.80,0.606,0.000,0,1,0,0,0,0,-1,0,0,0,,0,,0,,0,0,0,1
1723722747,387,2,2,8,8,11.688,0,0,0.11 | 0.11 | 0.11,0,2.22 | 2.70 | 3.56,0,1.12 | 1.48 | 1.80,0.606,0.000,0,1,0,0,0,0,-1,0,0,0,,0,,0,,0,0,0,1
1723722747,387,2,2,8,8,11.688,0,0,0.11 | 0.11 | 0.11,0,2.22 | 2.70 | 3.56,0,1.12 | 1.48 | 1.80,0.606,0.000,0,1,0,0,0,0,-1,0,0,0,,0,,0,,0,0,0,1
1723722747,387,2,2,8,8,11.688,0,0,0.11 | 0.11 | 0.11,0,2.22 | 2.70 | 3.56,0,1.12 | 1.48 | 1.80,0.606,0.000,0,1,0,0,0,0,-1,0,0,0,,0,,0,,0,0,0,1
1723722747,387,2,2,8,8,11.688,0,0,0.11 | 0.11 | 0.11,0,2.22 | 2.70 | 3.56,0,1.12 | 1.48 | 1.80,0.606,0.000,0,1,0,0,0,0,-1,0,0,0,,0,,0,,0,0,0,1
1723722747,387,2,2,8,8,11.688,0,0,0.11 | 0.11 | 0.11,0,2.22 | 2.70 | 3.56,0,1.12 | 1.48 | 1.80,0.606,0.000,0,1,0,0,0,0,-1,0,0,0,,0,,0,,0,0,0,1
1723722747,387,2,2,8,8,10.625,0,0,0.11 | 0.11 | 0.11,0,2.22 | 2.70 | 3.56,0,1.12 | 1.48 | 1.80,0.606,0.000,0,1,0,0,0,0,-1,0,0,0,,0,,0,,0,0,0,1
1723722747,387,2,2,8,8,10.625,0,0,0.11 | 0.11 | 0.11,0,2.22 | 2.70 | 3.56,0,1.12 | 1.48 | 1.80,0.606,0.000,0,1,0,0,0,0,-1,0,0,0,,0,,0,,0,0,0,1
1723722747,387,2,2,8,8,10.625,0,0,0.11 | 0.11 | 0.11,0,2.22 | 2.70 | 3.56,0,1.12 | 1.48 | 1.80,0.606,0.000,0,1,0,0,0,0,-1,0,0,0,,0,,0,,0,0,0,1
1723722747,387,2,2,8,8,10.625,0,0,0.11 | 0.11 | 0.11,0,2.22 | 2.70 | 3.56,0,1.12 | 1.48 | 1.80,0.606,0.000,0,1,0,0,0,0,-1,0,0,0,,0,,0,,0,0,0,1
1723722747,387,2,2,8,8,10.625,0,0,0.11 | 0.11 | 0.11,0,2.22 | 2.70 | 3.56,0,1.12 | 1.48 | 1.80,0.606,0.000,0,1,0,0,0,0,-1,0,0,0,,0,,0,,0,0,0,1
1723722748,387,2,2,8,8,10.625,0,0,0.11 | 0.11 | 0.11,0,2.22 | 2.70 | 3.56,0,1.12 | 1.48 | 1.80,0.606,0.000,0,1,0,0,0,0,-1,0,0,0,,0,,0,,0,0,0,1
1723722748,387,2,2,8,8,10.625,0,0,0.11 | 0.11 | 0.11,0,2.22 | 2.70 | 3.56,0,1.12 | 1.48 | 1.80,0.606,0.000,0,1,0,0,0,0,-1,0,0,0,,0,,0,,0,0,0,1
1723722748,387,2,2,8,8,10.625,0,0,0.11 | 0.11 | 0.11,0,2.22 | 2.70 | 3.56,0,1.12 | 1.48 | 1.80,0.606,0.000,0,1,0,0,0,0,-1,0,0,0,,0,,0,,0,0,0,1
1723722748,387,2,2,8,8,10.625,0,0,0.11 | 0.11 | 0.11,0,2.22 | 2.70 | 3.56,0,1.12 | 1.48 | 1.80,0.606,0.000,0,1,0,0,0,0,-1,0,0,0,,0,,0,,0,0,0,1
1723722748,387,2,2,8,8,10.625,0,0,0.11 | 0.11 | 0.11,0,2.22 | 2.70 | 3.56,0,1.12 | 1.48 | 1.80,0.606,0.000,0,1,0,0,0,0,-1,0,0,0,,0,,0,,0,0,0,1
1723722748,387,2,2,8,8,9.588,0,0,0.11 | 0.11 | 0.11,0,2.22 | 2.70 | 3.56,0,1.12 | 1.48 | 1.80,0.606,0.000,0,1,0,0,0,0,-1,0,0,0,,0,,0,,0,0,0,1
1723722748,387,2,2,8,8,9.588,0,0,0.11 | 0.11 | 0.11,0,2.22 | 2.70 | 3.56,0,1.12 | 1.48 | 1.80,0.606,0.000,0,1,0,0,0,0,-1,0,0,0,,0,,0,,0,0,0,1
1723722748,387,2,2,8,8,9.588,0,0,0.11 | 0.11 | 0.11,0,2.22 | 2.70 | 3.56,0,1.12 | 1.48 | 1.80,0.606,0.000,0,1,0,0,0,0,-1,0,0,0,,0,,0,,0,0,0,1
1723722748,387,2,2,8,8,9.588,0,0,0.11 | 0.11 | 0.11,0,2.22 | 2.70 | 3.56,0,1.12 | 1.48 | 1.80,0.606,0.000,0,1,0,0,0,0,-1,0,0,0,,0,,0,,0,0,0,1
1723722748,387,2,2,8,8,9.588,0,0,0.11 | 0.11 | 0.11,0,2.22 | 2.70 | 3.56,0,1.12 | 1.48 | 1.80,0.606,0.000,0,1,0,0,0,0,-1,0,0,0,,0,,0,,0,0,0,1
1723722749,387,2,2,8,8,9.588,0,0,0.11 | 0.11 | 0.11,0,2.22 | 2.70 | 3.56,0,1.12 | 1.48 | 1.80,0.606,0.000,0,1,0,0,0,0,-1,0,0,0,,0,,0,,0,0,0,1
1723722749,387,2,2,8,8,9.588,0,0,0.11 | 0.11 | 0.11,0,2.22 | 2.70 | 3.56,0,1.12 | 1.48 | 1.80,0.606,0.000,0,1,0,0,0,0,-1,0,0,0,,0,,0,,0,0,0,1
1723722749,387,2,2,8,8,9.588,0,0,0.11 | 0.11 | 0.11,0,2.22 | 2.70 | 3.56,0,1.12 | 1.48 | 1.80,0.606,0.000,0,1,0,0,0,0,-1,0,0,0,,0,,0,,0,0,0,1
1723722749,387,2,2,8,8,9.588,0,0,0.11 | 0.11 | 0.11,0,2.22 | 2.70 | 3.56,0,1.12 | 1.48 | 1.80,0.606,0.000,0,1,0,0,0,0,-1,0,0,0,,0,,0,,0,0,0,1
1723722749,387,2,2,8,8,9.588,0,0,0.11 | 0.11 | 0.11,0,2.22 | 2.70 | 3.56,0,1.12 | 1.48 | 1.80,0.606,0.000,0,1,0,0,0,0,-1,0,0,0,,0,,0,,0,0,0,1
1723722749,387,2,2,8,8,8.766,0,0,0.11 | 0.11 | 0.11,0,2.22 | 2.70 | 3.56,0,1.12 | 1.48 | 1.80,0.606,0.000,0,1,0,0,0,0,-1,0,0,0,,0,,0,,0,0,0,1
1723722749,387,2,2,8,8,8.766,0,0,0.11 | 0.11 | 0.11,0,2.22 | 2.70 | 3.56,0,1.12 | 1.48 | 1.80,0.606,0.000,0,1,0,0,0,0,-1,0,0,0,,0,,0,,0,0,0,1
1723722749,387,2,2,8,8,8.766,0,0,0.11 | 0.11 | 0.11,0,2.22 | 2.70 | 3.56,0,1.12 | 1.48 | 1.80,0.606,0.000,0,1,0,0,0,0,-1,0,0,0,,0,,0,,0,0,0,1
1723722749,387,2,2,8,8,8.766,0,0,0.11 | 0.11 | 0.11,0,2.22 | 2.70 | 3.56,0,1.12 | 1.48 | 1.80,0.606,0.000,0,1,0,0,0,0,-1,0,0,0,,0,,0,,0,0,0,1
1723722749,387,2,2,8,8,8.766,0,0,0.11 | 0.11 | 0.11,0,2.22 | 2.70 | 3.56,0,1.12 | 1.48 | 1.80,0.606,0.000,0,1,0,0,0,0,-1,0,0,0,,0,,0,,0,0,0,1
1723722750,387,2,2,8,8,8.766,0,0,0.11 | 0.11 | 0.11,0,2.22 | 2.70 | 3.56,0,1.12 | 1.48 | 1.80,0.606,0.000,0,1,0,0,0,0,-1,0,0,0,,0,,0,,0,0,0,1
1723722750,387,2,2,8,8,8.766,0,0,0.11 | 0.11 | 0.11,0,2.22 | 2.70 | 3.56,0,1.12 | 1.48 | 1.80,0.606,0.000,0,1,0,0,0,0,-1,0,0,0,,0,,0,,0,0,0,1
1723722750,387,2,2,8,8,8.766,0,0,0.11 | 0.11 | 0.11,0,2.22 | 2.70 | 3.56,0,1.12 | 1.48 | 1.80,0.606,0.000,0,1,0,0,0,0,-1,0,0,0,,0,,0,,0,0,0,1
1723722750,387,2,2,8,8,8.766,0,0,0.11 | 0.11 | 0.11,0,2.22 | 2.70 | 3.56,0,1.12 | 1.48 | 1.80,0.606,0.000,0,1,0,0,0,0,-1,0,0,0,,0,,0,,0,0,0,1
1723722750,387,2,2,8,8,8.766,0,0,0.11 | 0.11 | 0.11,0,2.22 | 2.70 | 3.56,0,1.12 | 1.48 | 1.80,0.606,0.000,0,1,0,0,0,0,-1,0,0,0,,0,,0,,0,0,0,1
1723722750,387,2,2,8,8,10.904,0,0,0.11 | 0.47 | 1.56,0,1.94 | 2.63 | 3.56,0,1.12 | 1.52 | 2.07,0.619,0.000,0,1,0,0,0,0,-1,0,0,0,,0,,0,,0,0,0,1
1723722750,387,2,2,8,8,10.904,0,0,0.11 | 0.47 | 1.56,0,1.94 | 2.63 | 3.56,0,1.12 | 1.52 | 2.07,0.619,0.000,0,1,0,0,0,0,-1,0,0,0,,0,,0,,0,0,0,1
1723722750,387,2,2,8,8,10.904,0,0,0.11 | 0.47 | 1.56,0,1.94 | 2.63 | 3.56,0,1.12 | 1.52 | 2.07,0.619,0.000,0,1,0,0,0,0,-1,0,0,0,,0,,0,,0,0,0,1
1723722750,387,2,2,8,8,10.904,0,0,0.11 | 0.47 | 1.56,0,1.94 | 2.63 | 3.56,0,1.12 | 1.52 | 2.07,0.619,0.000,0,1,0,0,0,0,-1,0,0,0,,0,,0,,0,0,0,1
1723722750,387,2,2,8,8,10.904,0,0,0.11 | 0.47 | 1.56,0,1.94 | 2.63 | 3.56,0,1.12 | 1.52 | 2.07,0.619,0.000,0,1,0,0,0,0,-1,0,0,0,,0,,0,,0,0,0,1
1723722751,387,2,2,8,8,10.904,0,0,0.11 | 0.47 | 1.56,0,1.94 | 2.63 | 3.56,0,1.12 | 1.52 | 2.07,0.619,0.000,0,1,0,0,0,0,-1,0,0,0,,0,,0,,0,0,0,1
1723722751,387,2,2,8,8,10.904,0,0,0.11 | 0.47 | 1.56,0,1.94 | 2.63 | 3.56,0,1.12 | 1.52 | 2.07,0.619,0.000,0,1,0,0,0,0,-1,0,0,0,,0,,0,,0,0,0,1
1723722751,387,2,2,8,8,10.904,0,0,0.11 | 0.47 | 1.56,0,1.94 | 2.63 | 3.56,0,1.12 | 1.52 | 2.07,0.619,0.000,0,1,0,0,0,0,-1,0,0,0,,0,,0,,0,0,0,1
1723722751,387,2,2,8,8,10.904,0,0,0.11 | 0.47 | 1.56,0,1.94 | 2.63 | 3.56,0,1.12 | 1.52 | 2.07,0.619,0.000,0,1,0,0,0,0,-1,0,0,0,,0,,0,,0,0,0,1
1723722751,387,2,2,8,8,10.904,0,0,0.11 | 0.47 | 1.56,0,1.94 | 2.63 | 3.56,0,1.12 | 1.52 | 2.07,0.619,0.000,0,1,0,0,0,0,-1,0,0,0,,0,,0,,0,0,0,1
1723722751,387,2,2,8,8,9.841,0,0,0.11 | 0.47 | 1.56,0,1.94 | 2.63 | 3.56,0,1.12 | 1.52 | 2.07,0.619,0.000,0,1,0,0,0,0,-1,0,0,0,,0,,0,,0,0,0,1
1723722751,387,2,2,8,8,9.841,0,0,0.11 | 0.47 | 1.56,0,1.94 | 2.63 | 3.56,0,1.12 | 1.52 | 2.07,0.619,0.000,0,1,0,0,0,0,-1,0,0,0,,0,,0,,0,0,0,1
1723722751,387,2,2,8,8,9.841,0,0,0.11 | 0.47 | 1.56,0,1.94 | 2.63 | 3.56,0,1.12 | 1.52 | 2.07,0.619,0.000,0,1,0,0,0,0,-1,0,0,0,,0,,0,,0,0,0,1
1723722751,387,2,2,8,8,9.841,0,0,0.11 | 0.47 | 1.56,0,1.94 | 2.63 | 3.56,0,1.12 | 1.52 | 2.07,0.619,0.000,0,1,0,0,0,0,-1,0,0,0,,0,,0,,0,0,0,1
1723722751,387,2,2,8,8,9.841,0,0,0.11 | 0.47 | 1.56,0,1.94 | 2.63 | 3.56,0,1.12 | 1.52 | 2.07,0.619,0.000,0,1,0,0,0,0,-1,0,0,0,,0,,0,,0,0,0,1
1723722752,387,2,2,8,8,9.841,0,0,0.11 | 0.47 | 1.56,0,1.94 | 2.63 | 3.56,0,1.12 | 1.52 | 2.07,0.619,0.000,0,1,0,0,0,0,-1,0,0,0,,0,,0,,0,0,0,1
1723722752,387,2,2,8,8,9.841,0,0,0.11 | 0.47 | 1.56,0,1.94 | 2.63 | 3.56,0,1.12 | 1.52 | 2.07,0.619,0.000,0,1,0,0,0,0,-1,0,0,0,,0,,0,,0,0,0,1
1723722752,387,2,2,8,8,9.841,0,0,0.11 | 0.47 | 1.56,0,1.94 | 2.63 | 3.56,0,1.12 | 1.52 | 2.07,0.619,0.000,0,1,0,0,0,0,-1,0,0,0,,0,,0,,0,0,0,1
1723722752,387,2,2,8,8,9.841,0,0,0.11 | 0.47 | 1.56,0,1.94 | 2.63 | 3.56,0,1.12 | 1.52 | 2.07,0.619,0.000,0,1,0,0,0,0,-1,0,0,0,,0,,0,,0,0,0,1
1723722752,387,2,2,8,8,9.841,0,0,0.11 | 0.47 | 1.56,0,1.94 | 2.63 | 3.56,0,1.12 | 1.52 | 2.07,0.619,0.000,0,1,0,0,0,0,-1,0,0,0,,0,,0,,0,0,0,1
1723722752,387,2,2,8,8,9.044,0,0,0.11 | 0.47 | 1.56,0,1.94 | 2.63 | 3.56,0,1.12 | 1.52 | 2.07,0.619,0.000,0,1,0,0,0,0,-1,0,0,0,,0,,0,,0,0,0,1
1723722752,387,2,2,8,8,9.044,0,0,0.11 | 0.47 | 1.56,0,1.94 | 2.63 | 3.56,0,1.12 | 1.52 | 2.07,0.619,0.000,0,1,0,0,0,0,-1,0,0,0,,0,,0,,0,0,0,1
1723722752,387,2,2,8,8,9.044,0,0,0.11 | 0.47 | 1.56,0,1.94 | 2.63 | 3.56,0,1.12 | 1.52 | 2.07,0.619,0.000,0,1,0,0,0,0,-1,0,0,0,,0,,0,,0,0,0,1
1723722752,387,2,2,8,8,9.044,0,0,0.11 | 0.47 | 1.56,0,1.94 | 2.63 | 3.56,0,1.12 | 1.52 | 2.07,0.619,0.000,0,1,0,0,0,0,-1,0,0,0,,0,,0,,0,0,0,1
1723722752,387,2,2,8,8,9.044,0,0,0.11 | 0.47 | 1.56,0,1.94 | 2.63 | 3.56,0,1.12 | 1.52 | 2.07,0.619,0.000,0,1,0,0,0,0,-1,0,0,0,,0,,0,,0,0,0,1
1723722753,387,2,2,8,8,9.044,0,0,0.11 | 0.47 | 1.56,0,1.94 | 2.63 | 3.56,0,1.12 | 1.52 | 2.07,0.619,0.000,0,1,0,0,0,0,-1,0,0,0,,0,,0,,0,0,0,1
1723722753,387,2,2,8,8,9.044,0,0,0.11 | 0.47 | 1.56,0,1.94 | 2.63 | 3.56,0,1.12 | 1.52 | 2.07,0.619,0.000,0,1,0,0,0,0,-1,0,0,0,,0,,0,,0,0,0,1
1723722753,387,2,2,8,8,9.044,0,0,0.11 | 0.47 | 1.56,0,1.94 | 2.63 | 3.56,0,1.12 | 1.52 | 2.07,0.619,0.000,0,1,0,0,0,0,-1,0,0,0,,0,,0,,0,0,0,1
1723722753,387,2,2,8,8,9.044,0,0,0.11 | 0.47 | 1.56,0,1.94 | 2.63 | 3.56,0,1.12 | 1.52 | 2.07,0.619,0.000,0,1,0,0,0,0,-1,0,0,0,,0,,0,,0,0,0,1
1723722753,387,2,2,8,8,9.044,0,0,0.11 | 0.47 | 1.56,0,1.94 | 2.63 | 3.56,0,1.12 | 1.52 | 2.07,0.619,0.000,0,1,0,0,0,0,-1,0,0,0,,0,,0,,0,0,0,1
1723722753,387,2,2,8,8,12.782,0,0,0.11 | 0.47 | 1.56,0,1.94 | 2.71 | 3.56,0,1.12 | 1.48 | 2.07,0.627,0.000,0,1,0,0,0,0,-1,0,0,0,,0,,0,,0,0,0,1
1723722753,387,2,2,8,8,12.782,0,0,0.11 | 0.47 | 1.56,0,1.94 | 2.71 | 3.56,0,1.12 | 1.48 | 2.07,0.627,0.000,0,1,0,0,0,0,-1,0,0,0,,0,,0,,0,0,0,1
1723722753,387,2,2,8,8,12.782,0,0,0.11 | 0.47 | 1.56,0,1.94 | 2.71 | 3.56,0,1.12 | 1.48 | 2.07,0.627,0.000,0,1,0,0,0,0,-1,0,0,0,,0,,0,,0,0,0,1
1723722753,387,2,2,8,8,12.782,0,0,0.11 | 0.47 | 1.56,0,1.94 | 2.71 | 3.56,0,1.12 | 1.48 | 2.07,0.627,0.000,0,1,0,0,0,0,-1,0,0,0,,0,,0,,0,0,0,1
1723722753,387,2,2,8,8,12.782,0,0,0.11 | 0.47 | 1.56,0,1.94 | 2.71 | 3.56,0,1.12 | 1.48 | 2.07,0.627,0.000,0,1,0,0,0,0,-1,0,0,0,,0,,0,,0,0,0,1
1723722754,387,2,2,8,8,12.782,0,0,0.11 | 0.47 | 1.56,0,1.94 | 2.71 | 3.56,0,1.12 | 1.48 | 2.07,0.627,0.000,0,1,0,0,0,0,-1,0,0,0,,0,,0,,0,0,0,1
1723722754,387,2,2,8,8,12.782,0,0,0.11 | 0.47 | 1.56,0,1.94 | 2.71 | 3.56,0,1.12 | 1.48 | 2.07,0.627,0.000,0,1,0,0,0,0,-1,0,0,0,,0,,0,,0,0,0,1
1723722754,387,2,2,8,8,12.782,0,0,0.11 | 0.47 | 1.56,0,1.94 | 2.71 | 3.56,0,1.12 | 1.48 | 2.07,0.627,0.000,0,1,0,0,0,0,-1,0,0,0,,0,,0,,0,0,0,1
1723722754,387,2,2,8,8,12.782,0,0,0.11 | 0.47 | 1.56,0,1.94 | 2.71 | 3.56,0,1.12 | 1.48 | 2.07,0.627,0.000,0,1,0,0,0,0,-1,0,0,0,,0,,0,,0,0,0,1
1723722754,387,2,2,8,8,12.782,0,0,0.11 | 0.47 | 1.56,0,1.94 | 2.71 | 3.56,0,1.12 | 1.48 | 2.07,0.627,0.000,0,1,0,0,0,0,-1,0,0,0,,0,,0,,0,0,0,1
1723722754,387,2,2,8,8,11.719,0,0,0.11 | 0.47 | 1.56,0,1.94 | 2.71 | 3.56,0,1.12 | 1.48 | 2.07,0.627,0.000,0,1,0,0,0,0,-1,0,0,0,,0,,0,,0,0,0,1
1723722754,387,2,2,8,8,11.719,0,0,0.11 | 0.47 | 1.56,0,1.94 | 2.71 | 3.56,0,1.12 | 1.48 | 2.07,0.627,0.000,0,1,0,0,0,0,-1,0,0,0,,0,,0,,0,0,0,1
1723722754,387,2,2,8,8,11.719,0,0,0.11 | 0.47 | 1.56,0,1.94 | 2.71 | 3.56,0,1.12 | 1.48 | 2.07,0.627,0.000,0,1,0,0,0,0,-1,0,0,0,,0,,0,,0,0,0,1
1723722754,387,2,2,8,8,11.719,0,0,0.11 | 0.47 | 1.56,0,1.94 | 2.71 | 3.56,0,1.12 | 1.48 | 2.07,0.627,0.000,0,1,0,0,0,0,-1,0,0,0,,0,,0,,0,0,0,1
1723722754,387,2,2,8,8,11.719,0,0,0.11 | 0.47 | 1.56,0,1.94 | 2.71 | 3.56,0,1.12 | 1.48 | 2.07,0.627,0.000,0,1,0,0,0,0,-1,0,0,0,,0,,0,,0,0,0,1
1723722755,387,2,2,8,8,11.719,0,0,0.11 | 0.47 | 1.56,0,1.94 | 2.71 | 3.56,0,1.12 | 1.48 | 2.07,0.627,0.000,0,1,0,0,0,0,-1,0,0,0,,0,,0,,0,0,0,1
1723722755,387,2,2,8,8,11.719,0,0,0.11 | 0.47 | 1.56,0,1.94 | 2.71 | 3.56,0,1.12 | 1.48 | 2.07,0.627,0.000,0,1,0,0,0,0,-1,0,0,0,,0,,0,,0,0,0,1
1723722755,387,2,2,8,8,11.719,0,0,0.11 | 0.47 | 1.56,0,1.94 | 2.71 | 3.56,0,1.12 | 1.48 | 2.07,0.627,0.000,0,1,0,0,0,0,-1,0,0,0,,0,,0,,0,0,0,1
1723722755,387,2,2,8,8,11.719,0,0,0.11 | 0.47 | 1.56,0,1.94 | 2.71 | 3.56,0,1.12 | 1.48 | 2.07,0.627,0.000,0,1,0,0,0,0,-1,0,0,0,,0,,0,,0,0,0,1
1723722755,387,2,2,8,8,11.719,0,0,0.11 | 0.47 | 1.56,0,1.94 | 2.71 | 3.56,0,1.12 | 1.48 | 2.07,0.627,0.000,0,1,0,0,0,0,-1,0,0,0,,0,,0,,0,0,0,1
1723722755,387,2,2,8,8,10.657,0,0,0.11 | 0.47 | 1.56,0,1.94 | 2.71 | 3.56,0,1.12 | 1.48 | 2.07,0.627,0.000,0,1,0,0,0,0,-1,0,0,0,,0,,0,,0,0,0,1
1723722755,387,2,2,8,8,10.657,0,0,0.11 | 0.47 | 1.56,0,1.94 | 2.71 | 3.56,0,1.12 | 1.48 | 2.07,0.627,0.000,0,1,0,0,0,0,-1,0,0,0,,0,,0,,0,0,0,1
1723722755,387,2,2,8,8,10.657,0,0,0.11 | 0.47 | 1.56,0,1.94 | 2.71 | 3.56,0,1.12 | 1.48 | 2.07,0.627,0.000,0,1,0,0,0,0,-1,0,0,0,,0,,0,,0,0,0,1
1723722755,387,2,2,8,8,10.657,0,0,0.11 | 0.47 | 1.56,0,1.94 | 2.71 | 3.56,0,1.12 | 1.48 | 2.07,0.627,0.000,0,1,0,0,0,0,-1,0,0,0,,0,,0,,0,0,0,1
1723722755,387,2,2,8,8,10.657,0,0,0.11 | 0.47 | 1.56,0,1.94 | 2.71 | 3.56,0,1.12 | 1.48 | 2.07,0.627,0.000,0,1,0,0,0,0,-1,0,0,0,,0,,0,,0,0,0,1
1723722756,387,2,2,8,8,10.657,0,0,0.11 | 0.47 | 1.56,0,1.94 | 2.71 | 3.56,0,1.12 | 1.48 | 2.07,0.627,0.000,0,1,0,0,0,0,-1,0,0,0,,0,,0,,0,0,0,1
1723722756,387,2,2,8,8,10.657,0,0,0.11 | 0.47 | 1.56,0,1.94 | 2.71 | 3.56,0,1.12 | 1.48 | 2.07,0.627,0.000,0,1,0,0,0,0,-1,0,0,0,,0,,0,,0,0,0,1
1723722756,387,2,2,8,8,10.657,0,0,0.11 | 0.47 | 1.56,0,1.94 | 2.71 | 3.56,0,1.12 | 1.48 | 2.07,0.627,0.000,0,1,0,0,0,0,-1,0,0,0,,0,,0,,0,0,0,1
1723722756,387,2,2,8,8,10.657,0,0,0.11 | 0.47 | 1.56,0,1.94 | 2.71 | 3.56,0,1.12 | 1.48 | 2.07,0.627,0.000,0,1,0,0,0,0,-1,0,0,0,,0,,0,,0,0,0,1
1723722756,387,2,2,8,8,10.657,0,0,0.11 | 0.47 | 1.56,0,1.94 | 2.71 | 3.56,0,1.12 | 1.48 | 2.07,0.627,0.000,0,1,0,0,0,0,-1,0,0,0,,0,,0,,0,0,0,1
1723722756,387,2,2,8,8,12.794,0,0,0.11 | 0.47 | 1.56,0,1.72 | 2.57 | 3.56,0,1.12 | 1.56 | 2.33,0.627,0.000,0,1,0,0,0,0,-1,0,0,0,,0,,0,,0,0,0,1
1723722756,387,2,2,8,8,12.794,0,0,0.11 | 0.47 | 1.56,0,1.72 | 2.57 | 3.56,0,1.12 | 1.56 | 2.33,0.627,0.000,0,1,0,0,0,0,-1,0,0,0,,0,,0,,0,0,0,1
1723722756,387,2,2,8,8,12.794,0,0,0.11 | 0.47 | 1.56,0,1.72 | 2.57 | 3.56,0,1.12 | 1.56 | 2.33,0.627,0.000,0,1,0,0,0,0,-1,0,0,0,,0,,0,,0,0,0,1
1723722756,387,2,2,8,8,12.794,0,0,0.11 | 0.47 | 1.56,0,1.72 | 2.57 | 3.56,0,1.12 | 1.56 | 2.33,0.627,0.000,0,1,0,0,0,0,-1,0,0,0,,0,,0,,0,0,0,1
1723722756,387,2,2,8,8,12.794,0,0,0.11 | 0.47 | 1.56,0,1.72 | 2.57 | 3.56,0,1.12 | 1.56 | 2.33,0.627,0.000,0,1,0,0,0,0,-1,0,0,0,,0,,0,,0,0,0,1
1723722757,387,2,2,8,8,12.794,0,0,0.11 | 0.47 | 1.56,0,1.72 | 2.57 | 3.56,0,1.12 | 1.56 | 2.33,0.627,0.000,0,1,0,0,0,0,-1,0,0,0,,0,,0,,0,0,0,1
1723722757,387,2,2,8,8,12.794,0,0,0.11 | 0.47 | 1.56,0,1.72 | 2.57 | 3.56,0,1.12 | 1.56 | 2.33,0.627,0.000,0,1,0,0,0,0,-1,0,0,0,,0,,0,,0,0,0,1
1723722757,387,2,2,8,8,12.794,0,0,0.11 | 0.47 | 1.56,0,1.72 | 2.57 | 3.56,0,1.12 | 1.56 | 2.33,0.627,0.000,0,1,0,0,0,0,-1,0,0,0,,0,,0,,0,0,0,1
1723722757,387,2,2,8,8,12.794,0,0,0.11 | 0.47 | 1.56,0,1.72 | 2.57 | 3.56,0,1.12 | 1.56 | 2.33,0.627,0.000,0,1,0,0,0,0,-1,0,0,0,,0,,0,,0,0,0,1
1723722757,387,2,2,8,8,12.794,0,0,0.11 | 0.47 | 1.56,0,1.72 | 2.57 | 3.56,0,1.12 | 1.56 | 2.33,0.627,0.000,0,1,0,0,0,0,-1,0,0,0,,0,,0,,0,0,0,1
1723722757,387,2,2,8,8,11.997,0,0,0.11 | 0.47 | 1.56,0,1.72 | 2.57 | 3.56,0,1.12 | 1.56 | 2.33,0.627,0.000,0,1,0,0,0,0,-1,0,0,0,,0,,0,,0,0,0,1
1723722757,387,2,2,8,8,11.997,0,0,0.11 | 0.47 | 1.56,0,1.72 | 2.57 | 3.56,0,1.12 | 1.56 | 2.33,0.627,0.000,0,1,0,0,0,0,-1,0,0,0,,0,,0,,0,0,0,1
1723722757,387,2,2,8,8,11.997,0,0,0.11 | 0.47 | 1.56,0,1.72 | 2.57 | 3.56,0,1.12 | 1.56 | 2.33,0.627,0.000,0,1,0,0,0,0,-1,0,0,0,,0,,0,,0,0,0,1
1723722757,387,2,2,8,8,11.997,0,0,0.11 | 0.47 | 1.56,0,1.72 | 2.57 | 3.56,0,1.12 | 1.56 | 2.33,0.627,0.000,0,1,0,0,0,0,-1,0,0,0,,0,,0,,0,0,0,1
1723722757,387,2,2,8,8,11.997,0,0,0.11 | 0.47 | 1.56,0,1.72 | 2.57 | 3.56,0,1.12 | 1.56 | 2.33,0.627,0.000,0,1,0,0,0,0,-1,0,0,0,,0,,0,,0,0,0,1
1723722758,387,2,2,8,8,11.997,0,0,0.11 | 0.47 | 1.56,0,1.72 | 2.57 | 3.56,0,1.12 | 1.56 | 2.33,0.627,0.000,0,1,0,0,0,0,-1,0,0,0,,0,,0,,0,0,0,1
1723722758,387,2,2,8,8,11.997,0,0,0.11 | 0.47 | 1.56,0,1.72 | 2.57 | 3.56,0,1.12 | 1.56 | 2.33,0.627,0.000,0,1,0,0,0,0,-1,0,0,0,,0,,0,,0,0,0,1
1723722758,387,2,2,8,8,11.997,0,0,0.11 | 0.47 | 1.56,0,1.72 | 2.57 | 3.56,0,1.12 | 1.56 | 2.33,0.627,0.000,0,1,0,0,0,0,-1,0,0,0,,0,,0,,0,0,0,1
1723722758,387,2,2,8,8,11.997,0,0,0.11 | 0.47 | 1.56,0,1.72 | 2.57 | 3.56,0,1.12 | 1.56 | 2.33,0.627,0.000,0,1,0,0,0,0,-1,0,0,0,,0,,0,,0,0,0,1
1723722758,387,2,2,8,8,11.997,0,0,0.11 | 0.47 | 1.56,0,1.72 | 2.57 | 3.56,0,1.12 | 1.56 | 2.33,0.627,0.000,0,1,0,0,0,0,-1,0,0,0,,0,,0,,0,0,0,1
1723722758,387,2,2,8,8,10.935,0,0,0.11 | 0.47 | 1.56,0,1.72 | 2.57 | 3.56,0,1.12 | 1.56 | 2.33,0.627,0.000,0,1,0,0,0,0,-1,0,0,0,,0,,0,,0,0,0,1
1723722758,387,2,2,8,8,10.935,0,0,0.11 | 0.47 | 1.56,0,1.72 | 2.57 | 3.56,0,1.12 | 1.56 | 2.33,0.627,0.000,0,1,0,0,0,0,-1,0,0,0,,0,,0,,0,0,0,1
1723722758,387,2,2,8,8,10.935,0,0,0.11 | 0.47 | 1.56,0,1.72 | 2.57 | 3.56,0,1.12 | 1.56 | 2.33,0.627,0.000,0,1,0,0,0,0,-1,0,0,0,,0,,0,,0,0,0,1
1723722758,387,2,2,8,8,10.935,0,0,0.11 | 0.47 | 1.56,0,1.72 | 2.57 | 3.56,0,1.12 | 1.56 | 2.33,0.627,0.000,0,1,0,0,0,0,-1,0,0,0,,0,,0,,0,0,0,1
1723722758,387,2,2,8,8,10.935,0,0,0.11 | 0.47 | 1.56,0,1.72 | 2.57 | 3.56,0,1.12 | 1.56 | 2.33,0.627,0.000,0,1,0,0,0,0,-1,0,0,0,,0,,0,,0,0,0,1
1723722759,387,2,2,8,8,10.935,0,0,0.11 | 0.47 | 1.56,0,1.72 | 2.57 | 3.56,0,1.12 | 1.56 | 2.33,0.627,0.000,0,1,0,0,0,0,-1,0,0,0,,0,,0,,0,0,0,1
1723722759,387,2,2,8,8,10.935,0,0,0.11 | 0.47 | 1.56,0,1.72 | 2.57 | 3.56,0,1.12 | 1.56 | 2.33,0.627,0.000,0,1,0,0,0,0,-1,0,0,0,,0,,0,,0,0,0,1
1723722759,387,2,2,8,8,10.935,0,0,0.11 | 0.47 | 1.56,0,1.72 | 2.57 | 3.56,0,1.12 | 1.56 | 2.33,0.627,0.000,0,1,0,0,0,0,-1,0,0,0,,0,,0,,0,0,0,1
1723722759,387,2,2,8,8,10.935,0,0,0.11 | 0.47 | 1.56,0,1.72 | 2.57 | 3.56,0,1.12 | 1.56 | 2.33,0.627,0.000,0,1,0,0,0,0,-1,0,0,0,,0,,0,,0,0,0,1
1723722759,387,2,2,8,8,10.935,0,0,0.11 | 0.47 | 1.56,0,1.72 | 2.57 | 3.56,0,1.12 | 1.56 | 2.33,0.627,0.000,0,1,0,0,0,0,-1,0,0,0,,0,,0,,0,0,0,1
1723722759,387,2,2,8,8,9.872,0,0,0.11 | 0.47 | 1.56,0,1.72 | 2.57 | 3.56,0,1.12 | 1.56 | 2.33,0.627,0.000,0,1,0,0,0,0,-1,0,0,0,,0,,0,,0,0,0,1
1723722759,387,2,2,8,8,9.872,0,0,0.11 | 0.47 | 1.56,0,1.72 | 2.57 | 3.56,0,1.12 | 1.56 | 2.33,0.627,0.000,0,1,0,0,0,0,-1,0,0,0,,0,,0,,0,0,0,1
1723722759,387,2,2,8,8,9.872,0,0,0.11 | 0.47 | 1.56,0,1.72 | 2.57 | 3.56,0,1.12 | 1.56 | 2.33,0.627,0.000,0,1,0,0,0,0,-1,0,0,0,,0,,0,,0,0,0,1
1723722759,387,2,2,8,8,9.872,0,0,0.11 | 0.47 | 1.56,0,1.72 | 2.57 | 3.56,0,1.12 | 1.56 | 2.33,0.627,0.000,0,1,0,0,0,0,-1,0,0,0,,0,,0,,0,0,0,1
1723722759,387,2,2,8,8,9.872,0,0,0.11 | 0.47 | 1.56,0,1.72 | 2.57 | 3.56,0,1.12 | 1.56 | 2.33,0.627,0.000,0,1,0,0,0,0,-1,0,0,0,,0,,0,,0,0,0,1
1723722760,387,2,2,8,8,9.872,0,0,0.11 | 0.47 | 1.56,0,1.72 | 2.57 | 3.56,0,1.12 | 1.56 | 2.33,0.627,0.000,0,1,0,0,0,0,-1,0,0,0,,0,,0,,0,0,0,1
1723722760,387,2,2,8,8,9.872,0,0,0.11 | 0.47 | 1.56,0,1.72 | 2.57 | 3.56,0,1.12 | 1.56 | 2.33,0.627,0.000,0,1,0,0,0,0,-1,0,0,0,,0,,0,,0,0,0,1
1723722760,387,2,2,8,8,9.872,0,0,0.11 | 0.47 | 1.56,0,1.72 | 2.57 | 3.56,0,1.12 | 1.56 | 2.33,0.627,0.000,0,1,0,0,0,0,-1,0,0,0,,0,,0,,0,0,0,1
1723722760,387,2,2,8,8,9.872,0,0,0.11 | 0.47 | 1.56,0,1.72 | 2.57 | 3.56,0,1.12 | 1.56 | 2.33,0.627,0.000,0,1,0,0,0,0,-1,0,0,0,,0,,0,,0,0,0,1
1723722760,387,2,2,8,8,9.872,0,0,0.11 | 0.47 | 1.56,0,1.72 | 2.57 | 3.56,0,1.12 | 1.56 | 2.33,0.627,0.000,0,1,0,0,0,0,-1,0,0,0,,0,,0,,0,0,0,1
1723722760,387,2,2,8,8,8.81,0,0,0.11 | 0.47 | 1.56,0,1.72 | 2.57 | 3.56,0,1.12 | 1.56 | 2.33,0.627,0.000,0,1,0,0,0,0,-1,0,0,0,,0,,0,,0,0,0,1
1723722760,387,2,2,8,8,8.81,0,0,0.11 | 0.47 | 1.56,0,1.72 | 2.57 | 3.56,0,1.12 | 1.56 | 2.33,0.627,0.000,0,1,0,0,0,0,-1,0,0,0,,0,,0,,0,0,0,1
1723722760,387,2,2,8,8,8.81,0,0,0.11 | 0.47 | 1.56,0,1.72 | 2.57 | 3.56,0,1.12 | 1.56 | 2.33,0.627,0.000,0,1,0,0,0,0,-1,0,0,0,,0,,0,,0,0,0,1
1723722760,387,2,2,8,8,8.81,0,0,0.11 | 0.47 | 1.56,0,1.72 | 2.57 | 3.56,0,1.12 | 1.56 | 2.33,0.627,0.000,0,1,0,0,0,0,-1,0,0,0,,0,,0,,0,0,0,1
1723722760,387,2,2,8,8,8.81,0,0,0.11 | 0.47 | 1.56,0,1.72 | 2.57 | 3.56,0,1.12 | 1.56 | 2.33,0.627,0.000,0,1,0,0,0,0,-1,0,0,0,,0,,0,,0,0,0,1
1723722761,387,2,2,8,8,8.81,0,0,0.11 | 0.47 | 1.56,0,1.72 | 2.57 | 3.56,0,1.12 | 1.56 | 2.33,0.627,0.000,0,1,0,0,0,0,-1,0,0,0,,0,,0,,0,0,0,1
1723722761,387,2,2,8,8,8.81,0,0,0.11 | 0.47 | 1.56,0,1.72 | 2.57 | 3.56,0,1.12 | 1.56 | 2.33,0.627,0.000,0,1,0,0,0,0,-1,0,0,0,,0,,0,,0,0,0,1
1723722761,387,2,2,8,8,8.81,0,0,0.11 | 0.47 | 1.56,0,1.72 | 2.57 | 3.56,0,1.12 | 1.56 | 2.33,0.627,0.000,0,1,0,0,0,0,-1,0,0,0,,0,,0,,0,0,0,1
1723722761,387,2,2,8,8,8.81,0,0,0.11 | 0.47 | 1.56,0,1.72 | 2.57 | 3.56,0,1.12 | 1.56 | 2.33,0.627,0.000,0,1,0,0,0,0,-1,0,0,0,,0,,0,,0,0,0,1
1723722761,387,2,2,8,8,8.81,0,0,0.11 | 0.47 | 1.56,0,1.72 | 2.57 | 3.56,0,1.12 | 1.56 | 2.33,0.627,0.000,0,1,0,0,0,0,-1,0,0,0,,0,,0,,0,0,0,1
1723722761,387,2,2,8,8,12.813,0,0,0.11 | 0.47 | 1.56,0,1.72 | 2.45 | 3.10,0,1.29 | 1.63 | 2.33,0.627,0.000,0,1,0,0,0,0,-1,0,0,0,,0,,0,,0,0,0,1
1723722761,387,2,2,8,8,12.813,0,0,0.11 | 0.47 | 1.56,0,1.72 | 2.45 | 3.10,0,1.29 | 1.63 | 2.33,0.627,0.000,0,1,0,0,0,0,-1,0,0,0,,0,,0,,0,0,0,1
1723722761,387,2,2,8,8,12.813,0,0,0.11 | 0.47 | 1.56,0,1.72 | 2.45 | 3.10,0,1.29 | 1.63 | 2.33,0.627,0.000,0,1,0,0,0,0,-1,0,0,0,,0,,0,,0,0,0,1
1723722761,387,2,2,8,8,12.813,0,0,0.11 | 0.47 | 1.56,0,1.72 | 2.45 | 3.10,0,1.29 | 1.63 | 2.33,0.627,0.000,0,1,0,0,0,0,-1,0,0,0,,0,,0,,0,0,0,1
1723722761,387,2,2,8,8,12.813,0,0,0.11 | 0.47 | 1.56,0,1.72 | 2.45 | 3.10,0,1.29 | 1.63 | 2.33,0.627,0.000,0,1,0,0,0,0,-1,0,0,0,,0,,0,,0,0,0,1
1723722762,387,2,2,8,8,12.813,0,0,0.11 | 0.47 | 1.56,0,1.72 | 2.45 | 3.10,0,1.29 | 1.63 | 2.33,0.627,0.000,0,1,0,0,0,0,-1,0,0,0,,0,,0,,0,0,0,1
1723722762,387,2,2,8,8,12.813,0,0,0.11 | 0.47 | 1.56,0,1.72 | 2.45 | 3.10,0,1.29 | 1.63 | 2.33,0.627,0.000,0,1,0,0,0,0,-1,0,0,0,,0,,0,,0,0,0,1
1723722762,387,2,2,8,8,12.813,0,0,0.11 | 0.47 | 1.56,0,1.72 | 2.45 | 3.10,0,1.29 | 1.63 | 2.33,0.627,0.000,0,1,0,0,0,0,-1,0,0,0,,0,,0,,0,0,0,1
1723722762,387,2,2,8,8,12.813,0,0,0.11 | 0.47 | 1.56,0,1.72 | 2.45 | 3.10,0,1.29 | 1.63 | 2.33,0.627,0.000,0,1,0,0,0,0,-1,0,0,0,,0,,0,,0,0,0,1
1723722762,387,2,2,8,8,12.813,0,0,0.11 | 0.47 | 1.56,0,1.72 | 2.45 | 3.10,0,1.29 | 1.63 | 2.33,0.627,0.000,0,1,0,0,0,0,-1,0,0,0,,0,,0,,0,0,0,1
1723722762,387,2,2,8,8,11.75,0,0,0.11 | 0.47 | 1.56,0,1.72 | 2.45 | 3.10,0,1.29 | 1.63 | 2.33,0.627,0.000,0,1,0,0,0,0,-1,0,0,0,,0,,0,,0,0,0,1
1723722762,387,2,2,8,8,11.75,0,0,0.11 | 0.47 | 1.56,0,1.72 | 2.45 | 3.10,0,1.29 | 1.63 | 2.33,0.627,0.000,0,1,0,0,0,0,-1,0,0,0,,0,,0,,0,0,0,1
1723722762,387,2,2,8,8,11.75,0,0,0.11 | 0.47 | 1.56,0,1.72 | 2.45 | 3.10,0,1.29 | 1.63 | 2.33,0.627,0.000,0,1,0,0,0,0,-1,0,0,0,,0,,0,,0,0,0,1
1723722762,387,2,2,8,8,11.75,0,0,0.11 | 0.47 | 1.56,0,1.72 | 2.45 | 3.10,0,1.29 | 1.63 | 2.33,0.627,0.000,0,1,0,0,0,0,-1,0,0,0,,0,,0,,0,0,0,1
1723722762,387,2,2,8,8,11.75,0,0,0.11 | 0.47 | 1.56,0,1.72 | 2.45 | 3.10,0,1.29 | 1.63 | 2.33,0.627,0.000,0,1,0,0,0,0,-1,0,0,0,,0,,0,,0,0,0,1
1723722763,387,2,2,8,8,11.75,0,0,0.11 | 0.47 | 1.56,0,1.72 | 2.45 | 3.10,0,1.29 | 1.63 | 2.33,0.627,0.000,0,1,0,0,0,0,-1,0,0,0,,0,,0,,0,0,0,1
1723722763,387,2,2,8,8,11.75,0,0,0.11 | 0.47 | 1.56,0,1.72 | 2.45 | 3.10,0,1.29 | 1.63 | 2.33,0.627,0.000,0,1,0,0,0,0,-1,0,0,0,,0,,0,,0,0,0,1
1723722763,387,2,2,8,8,11.75,0,0,0.11 | 0.47 | 1.56,0,1.72 | 2.45 | 3.10,0,1.29 | 1.63 | 2.33,0.627,0.000,0,1,0,0,0,0,-1,0,0,0,,0,,0,,0,0,0,1
1723722763,387,2,2,8,8,11.75,0,0,0.11 | 0.47 | 1.56,0,1.72 | 2.45 | 3.10,0,1.29 | 1.63 | 2.33,0.627,0.000,0,1,0,0,0,0,-1,0,0,0,,0,,0,,0,0,0,1
1723722763,387,2,2,8,8,11.75,0,0,0.11 | 0.47 | 1.56,0,1.72 | 2.45 | 3.10,0,1.29 | 1.63 | 2.33,0.627,0.000,0,1,0,0,0,0,-1,0,0,0,,0,,0,,0,0,0,1
1723722763,387,2,2,8,8,10.688,0,0,0.11 | 0.47 | 1.56,0,1.72 | 2.45 | 3.10,0,1.29 | 1.63 | 2.33,0.627,0.000,0,1,0,0,0,0,-1,0,0,0,,0,,0,,0,0,0,1
1723722763,387,2,2,8,8,10.688,0,0,0.11 | 0.47 | 1.56,0,1.72 | 2.45 | 3.10,0,1.29 | 1.63 | 2.33,0.627,0.000,0,1,0,0,0,0,-1,0,0,0,,0,,0,,0,0,0,1
1723722763,387,2,2,8,8,10.688,0,0,0.11 | 0.47 | 1.56,0,1.72 | 2.45 | 3.10,0,1.29 | 1.63 | 2.33,0.627,0.000,0,1,0,0,0,0,-1,0,0,0,,0,,0,,0,0,0,1
1723722763,387,2,2,8,8,10.688,0,0,0.11 | 0.47 | 1.56,0,1.72 | 2.45 | 3.10,0,1.29 | 1.63 | 2.33,0.627,0.000,0,1,0,0,0,0,-1,0,0,0,,0,,0,,0,0,0,1
1723722763,387,2,2,8,8,10.688,0,0,0.11 | 0.47 | 1.56,0,1.72 | 2.45 | 3.10,0,1.29 | 1.63 | 2.33,0.627,0.000,0,1,0,0,0,0,-1,0,0,0,,0,,0,,0,0,0,1
1723722764,387,2,2,8,8,10.688,0,0,0.11 | 0.47 | 1.56,0,1.72 | 2.45 | 3.10,0,1.29 | 1.63 | 2.33,0.627,0.000,0,1,0,0,0,0,-1,0,0,0,,0,,0,,0,0,0,1
1723722764,387,2,2,8,8,10.688,0,0,0.11 | 0.47 | 1.56,0,1.72 | 2.45 | 3.10,0,1.29 | 1.63 | 2.33,0.627,0.000,0,1,0,0,0,0,-1,0,0,0,,0,,0,,0,0,0,1
1723722764,387,2,2,8,8,10.688,0,0,0.11 | 0.47 | 1.56,0,1.72 | 2.45 | 3.10,0,1.29 | 1.63 | 2.33,0.627,0.000,0,1,0,0,0,0,-1,0,0,0,,0,,0,,0,0,0,1
1723722764,387,2,2,8,8,10.688,0,0,0.11 | 0.47 | 1.56,0,1.72 | 2.45 | 3.10,0,1.29 | 1.63 | 2.33,0.627,0.000,0,1,0,0,0,0,-1,0,0,0,,0,,0,,0,0,0,1
1723722764,387,2,2,8,8,10.688,0,0,0.11 | 0.47 | 1.56,0,1.72 | 2.45 | 3.10,0,1.29 | 1.63 | 2.33,0.627,0.000,0,1,0,0,0,0,-1,0,0,0,,0,,0,,0,0,0,1
1723722764,387,2,2,8,8,9.625,0,0,0.11 | 0.47 | 1.56,0,1.72 | 2.45 | 3.10,0,1.29 | 1.63 | 2.33,0.627,0.000,0,1,0,0,0,0,-1,0,0,0,,0,,0,,0,0,0,1
1723722764,387,2,2,8,8,9.625,0,0,0.11 | 0.47 | 1.56,0,1.72 | 2.45 | 3.10,0,1.29 | 1.63 | 2.33,0.627,0.000,0,1,0,0,0,0,-1,0,0,0,,0,,0,,0,0,0,1
1723722764,387,2,2,8,8,9.625,0,0,0.11 | 0.47 | 1.56,0,1.72 | 2.45 | 3.10,0,1.29 | 1.63 | 2.33,0.627,0.000,0,1,0,0,0,0,-1,0,0,0,,0,,0,,0,0,0,1
1723722764,387,2,2,8,8,9.625,0,0,0.11 | 0.47 | 1.56,0,1.72 | 2.45 | 3.10,0,1.29 | 1.63 | 2.33,0.627,0.000,0,1,0,0,0,0,-1,0,0,0,,0,,0,,0,0,0,1
1723722764,387,2,2,8,8,9.625,0,0,0.11 | 0.47 | 1.56,0,1.72 | 2.45 | 3.10,0,1.29 | 1.63 | 2.33,0.627,0.000,0,1,0,0,0,0,-1,0,0,0,,0,,0,,0,0,0,1
1723722765,387,2,2,8,8,9.625,0,0,0.11 | 0.47 | 1.56,0,1.72 | 2.45 | 3.10,0,1.29 | 1.63 | 2.33,0.627,0.000,0,1,0,0,0,0,-1,0,0,0,,0,,0,,0,0,0,1
1723722765,387,2,2,8,8,9.625,0,0,0.11 | 0.47 | 1.56,0,1.72 | 2.45 | 3.10,0,1.29 | 1.63 | 2.33,0.627,0.000,0,1,0,0,0,0,-1,0,0,0,,0,,0,,0,0,0,1
1723722765,387,2,2,8,8,9.625,0,0,0.11 | 0.47 | 1.56,0,1.72 | 2.45 | 3.10,0,1.29 | 1.63 | 2.33,0.627,0.000,0,1,0,0,0,0,-1,0,0,0,,0,,0,,0,0,0,1
1723722765,387,2,2,8,8,9.625,0,0,0.11 | 0.47 | 1.56,0,1.72 | 2.45 | 3.10,0,1.29 | 1.63 | 2.33,0.627,0.000,0,1,0,0,0,0,-1,0,0,0,,0,,0,,0,0,0,1
1723722765,387,2,2,8,8,9.625,0,0,0.11 | 0.47 | 1.56,0,1.72 | 2.45 | 3.10,0,1.29 | 1.63 | 2.33,0.627,0.000,0,1,0,0,0,0,-1,0,0,0,,0,,0,,0,0,0,1
1723722765,387,2,2,8,8,12.028,0,0,0.11 | 0.11 | 0.11,0,1.72 | 2.56 | 3.10,0,1.29 | 1.56 | 2.33,0.618,0.000,0,1,0,0,0,0,-1,0,0,0,,0,,0,,0,0,0,1
1723722765,387,2,2,8,8,12.028,0,0,0.11 | 0.11 | 0.11,0,1.72 | 2.56 | 3.10,0,1.29 | 1.56 | 2.33,0.618,0.000,0,1,0,0,0,0,-1,0,0,0,,0,,0,,0,0,0,1
1723722765,387,2,2,8,8,12.028,0,0,0.11 | 0.11 | 0.11,0,1.72 | 2.56 | 3.10,0,1.29 | 1.56 | 2.33,0.618,0.000,0,1,0,0,0,0,-1,0,0,0,,0,,0,,0,0,0,1
1723722765,387,2,2,8,8,12.028,0,0,0.11 | 0.11 | 0.11,0,1.72 | 2.56 | 3.10,0,1.29 | 1.56 | 2.33,0.618,0.000,0,1,0,0,0,0,-1,0,0,0,,0,,0,,0,0,0,1
1723722765,387,2,2,8,8,12.028,0,0,0.11 | 0.11 | 0.11,0,1.72 | 2.56 | 3.10,0,1.29 | 1.56 | 2.33,0.618,0.000,0,1,0,0,0,0,-1,0,0,0,,0,,0,,0,0,0,1
1723722766,387,2,2,8,8,12.028,0,0,0.11 | 0.11 | 0.11,0,1.72 | 2.56 | 3.10,0,1.29 | 1.56 | 2.33,0.618,0.000,0,1,0,0,0,0,-1,0,0,0,,0,,0,,0,0,0,1
1723722766,387,2,2,8,8,12.028,0,0,0.11 | 0.11 | 0.11,0,1.72 | 2.56 | 3.10,0,1.29 | 1.56 | 2.33,0.618,0.000,0,1,0,0,0,0,-1,0,0,0,,0,,0,,0,0,0,1
1723722766,387,2,2,8,8,12.028,0,0,0.11 | 0.11 | 0.11,0,1.72 | 2.56 | 3.10,0,1.29 | 1.56 | 2.33,0.618,0.000,0,1,0,0,0,0,-1,0,0,0,,0,,0,,0,0,0,1
1723722766,387,2,2,8,8,12.028,0,0,0.11 | 0.11 | 0.11,0,1.72 | 2.56 | 3.10,0,1.29 | 1.56 | 2.33,0.618,0.000,0,1,0,0,0,0,-1,0,0,0,,0,,0,,0,0,0,1
1723722766,387,2,2,8,8,12.028,0,0,0.11 | 0.11 | 0.11,0,1.72 | 2.56 | 3.10,0,1.29 | 1.56 | 2.33,0.618,0.000,0,1,0,0,0,0,-1,0,0,0,,0,,0,,0,0,0,1
1723722766,387,2,2,8,8,10.95,0,0,0.11 | 0.11 | 0.11,0,1.72 | 2.56 | 3.10,0,1.29 | 1.56 | 2.33,0.618,0.000,0,1,0,0,0,0,-1,0,0,0,,0,,0,,0,0,0,1
1723722766,387,2,2,8,8,10.95,0,0,0.11 | 0.11 | 0.11,0,1.72 | 2.56 | 3.10,0,1.29 | 1.56 | 2.33,0.618,0.000,0,1,0,0,0,0,-1,0,0,0,,0,,0,,0,0,0,1
1723722766,387,2,2,8,8,10.95,0,0,0.11 | 0.11 | 0.11,0,1.72 | 2.56 | 3.10,0,1.29 | 1.56 | 2.33,0.618,0.000,0,1,0,0,0,0,-1,0,0,0,,0,,0,,0,0,0,1
1723722766,387,2,2,8,8,10.95,0,0,0.11 | 0.11 | 0.11,0,1.72 | 2.56 | 3.10,0,1.29 | 1.56 | 2.33,0.618,0.000,0,1,0,0,0,0,-1,0,0,0,,0,,0,,0,0,0,1
1723722766,387,2,2,8,8,10.95,0,0,0.11 | 0.11 | 0.11,0,1.72 | 2.56 | 3.10,0,1.29 | 1.56 | 2.33,0.618,0.000,0,1,0,0,0,0,-1,0,0,0,,0,,0,,0,0,0,1
1723722767,387,2,2,8,8,10.95,0,0,0.11 | 0.11 | 0.11,0,1.72 | 2.56 | 3.10,0,1.29 | 1.56 | 2.33,0.618,0.000,0,1,0,0,0,0,-1,0,0,0,,0,,0,,0,0,0,1
1723722767,387,2,2,8,8,10.95,0,0,0.11 | 0.11 | 0.11,0,1.72 | 2.56 | 3.10,0,1.29 | 1.56 | 2.33,0.618,0.000,0,1,0,0,0,0,-1,0,0,0,,0,,0,,0,0,0,1
1723722767,387,2,2,8,8,10.95,0,0,0.11 | 0.11 | 0.11,0,1.72 | 2.56 | 3.10,0,1.29 | 1.56 | 2.33,0.618,0.000,0,1,0,0,0,0,-1,0,0,0,,0,,0,,0,0,0,1
1723722767,387,2,2,8,8,10.95,0,0,0.11 | 0.11 | 0.11,0,1.72 | 2.56 | 3.10,0,1.29 | 1.56 | 2.33,0.618,0.000,0,1,0,0,0,0,-1,0,0,0,,0,,0,,0,0,0,1
1723722767,387,2,2,8,8,10.95,0,0,0.11 | 0.11 | 0.11,0,1.72 | 2.56 | 3.10,0,1.29 | 1.56 | 2.33,0.618,0.000,0,1,0,0,0,0,-1,0,0,0,,0,,0,,0,0,0,1
1723722767,387,2,2,8,8,9.888,0,0,0.11 | 0.11 | 0.11,0,1.72 | 2.56 | 3.10,0,1.29 | 1.56 | 2.33,0.618,0.000,0,1,0,0,0,0,-1,0,0,0,,0,,0,,0,0,0,1
1723722767,387,2,2,8,8,9.888,0,0,0.11 | 0.11 | 0.11,0,1.72 | 2.56 | 3.10,0,1.29 | 1.56 | 2.33,0.618,0.000,0,1,0,0,0,0,-1,0,0,0,,0,,0,,0,0,0,1
1723722767,387,2,2,8,8,9.888,0,0,0.11 | 0.11 | 0.11,0,1.72 | 2.56 | 3.10,0,1.29 | 1.56 | 2.33,0.618,0.000,0,1,0,0,0,0,-1,0,0,0,,0,,0,,0,0,0,1
1723722767,387,2,2,8,8,9.888,0,0,0.11 | 0.11 | 0.11,0,1.72 | 2.56 | 3.10,0,1.29 | 1.56 | 2.33,0.618,0.000,0,1,0,0,0,0,-1,0,0,0,,0,,0,,0,0,0,1
1723722767,387,2,2,8,8,9.888,0,0,0.11 | 0.11 | 0.11,0,1.72 | 2.56 | 3.10,0,1.29 | 1.56 | 2.33,0.618,0.000,0,1,0,0,0,0,-1,0,0,0,,0,,0,,0,0,0,1
1723722768,387,2,2,8,8,9.888,0,0,0.11 | 0.11 | 0.11,0,1.72 | 2.56 | 3.10,0,1.29 | 1.56 | 2.33,0.618,0.000,0,1,0,0,0,0,-1,0,0,0,,0,,0,,0,0,0,1
1723722768,387,2,2,8,8,9.888,0,0,0.11 | 0.11 | 0.11,0,1.72 | 2.56 | 3.10,0,1.29 | 1.56 | 2.33,0.618,0.000,0,1,0,0,0,0,-1,0,0,0,,0,,0,,0,0,0,1
1723722768,387,2,2,8,8,9.888,0,0,0.11 | 0.11 | 0.11,0,1.72 | 2.56 | 3.10,0,1.29 | 1.56 | 2.33,0.618,0.000,0,1,0,0,0,0,-1,0,0,0,,0,,0,,0,0,0,1
1723722768,387,2,2,8,8,9.888,0,0,0.11 | 0.11 | 0.11,0,1.72 | 2.56 | 3.10,0,1.29 | 1.56 | 2.33,0.618,0.000,0,1,0,0,0,0,-1,0,0,0,,0,,0,,0,0,0,1
1723722768,387,2,2,8,8,9.888,0,0,0.11 | 0.11 | 0.11,0,1.72 | 2.56 | 3.10,0,1.29 | 1.56 | 2.33,0.618,0.000,0,1,0,0,0,0,-1,0,0,0,,0,,0,,0,0,0,1
1723722768,387,2,2,8,8,8.825,0,0,0.11 | 0.11 | 0.11,0,1.72 | 2.56 | 3.10,0,1.29 | 1.56 | 2.33,0.618,0.000,0,1,0,0,0,0,-1,0,0,0,,0,,0,,0,0,0,1
1723722768,387,2,2,8,8,8.825,0,0,0.11 | 0.11 | 0.11,0,1.72 | 2.56 | 3.10,0,1.29 | 1.56 | 2.33,0.618,0.000,0,1,0,0,0,0,-1,0,0,0,,0,,0,,0,0,0,1
1723722768,387,2,2,8,8,8.825,0,0,0.11 | 0.11 | 0.11,0,1.72 | 2.56 | 3.10,0,1.29 | 1.56 | 2.33,0.618,0.000,0,1,0,0,0,0,-1,0,0,0,,0,,0,,0,0,0,1
1723722768,387,2,2,8,8,8.825,0,0,0.11 | 0.11 | 0.11,0,1.72 | 2.56 | 3.10,0,1.29 | 1.56 | 2.33,0.618,0.000,0,1,0,0,0,0,-1,0,0,0,,0,,0,,0,0,0,1
1723722768,387,2,2,8,8,8.825,0,0,0.11 | 0.11 | 0.11,0,1.72 | 2.56 | 3.10,0,1.29 | 1.56 | 2.33,0.618,0.000,0,1,0,0,0,0,-1,0,0,0,,0,,0,,0,0,0,1
1723722769,387,2,2,8,8,8.825,0,0,0.11 | 0.11 | 0.11,0,1.72 | 2.56 | 3.10,0,1.29 | 1.56 | 2.33,0.618,0.000,0,1,0,0,0,0,-1,0,0,0,,0,,0,,0,0,0,1
1723722769,387,2,2,8,8,8.825,0,0,0.11 | 0.11 | 0.11,0,1.72 | 2.56 | 3.10,0,1.29 | 1.56 | 2.33,0.618,0.000,0,1,0,0,0,0,-1,0,0,0,,0,,0,,0,0,0,1
1723722769,387,2,2,8,8,8.825,0,0,0.11 | 0.11 | 0.11,0,1.72 | 2.56 | 3.10,0,1.29 | 1.56 | 2.33,0.618,0.000,0,1,0,0,0,0,-1,0,0,0,,0,,0,,0,0,0,1
1723722769,387,2,2,8,8,8.825,0,0,0.11 | 0.11 | 0.11,0,1.72 | 2.56 | 3.10,0,1.29 | 1.56 | 2.33,0.618,0.000,0,1,0,0,0,0,-1,0,0,0,,0,,0,,0,0,0,1
1723722769,387,2,2,8,8,8.825,0,0,0.11 | 0.11 | 0.11,0,1.72 | 2.56 | 3.10,0,1.29 | 1.56 | 2.33,0.618,0.000,0,1,0,0,0,0,-1,0,0,0,,0,,0,,0,0,0,1
1723722769,387,2,2,8,8,12.681,0,0,0.11 | 0.11 | 0.11,0,1.72 | 2.64 | 3.39,0,1.18 | 1.51 | 2.33,0.606,0.000,0,1,0,0,0,0,-1,0,0,0,,0,,0,,0,0,0,1
1723722769,387,2,2,8,8,12.681,0,0,0.11 | 0.11 | 0.11,0,1.72 | 2.64 | 3.39,0,1.18 | 1.51 | 2.33,0.606,0.000,0,1,0,0,0,0,-1,0,0,0,,0,,0,,0,0,0,1
1723722769,387,2,2,8,8,12.681,0,0,0.11 | 0.11 | 0.11,0,1.72 | 2.64 | 3.39,0,1.18 | 1.51 | 2.33,0.606,0.000,0,1,0,0,0,0,-1,0,0,0,,0,,0,,0,0,0,1
1723722769,387,2,2,8,8,12.681,0,0,0.11 | 0.11 | 0.11,0,1.72 | 2.64 | 3.39,0,1.18 | 1.51 | 2.33,0.606,0.000,0,1,0,0,0,0,-1,0,0,0,,0,,0,,0,0,0,1
1723722769,387,2,2,8,8,12.681,0,0,0.11 | 0.11 | 0.11,0,1.72 | 2.64 | 3.39,0,1.18 | 1.51 | 2.33,0.606,0.000,0,1,0,0,0,0,-1,0,0,0,,0,,0,,0,0,0,1
1723722770,387,2,2,8,8,12.681,0,0,0.11 | 0.11 | 0.11,0,1.72 | 2.64 | 3.39,0,1.18 | 1.51 | 2.33,0.606,0.000,0,1,0,0,0,0,-1,0,0,0,,0,,0,,0,0,0,1
1723722770,387,2,2,8,8,12.681,0,0,0.11 | 0.11 | 0.11,0,1.72 | 2.64 | 3.39,0,1.18 | 1.51 | 2.33,0.606,0.000,0,1,0,0,0,0,-1,0,0,0,,0,,0,,0,0,0,1
1723722770,387,2,2,8,8,12.681,0,0,0.11 | 0.11 | 0.11,0,1.72 | 2.64 | 3.39,0,1.18 | 1.51 | 2.33,0.606,0.000,0,1,0,0,0,0,-1,0,0,0,,0,,0,,0,0,0,1
1723722770,387,2,2,8,8,12.681,0,0,0.11 | 0.11 | 0.11,0,1.72 | 2.64 | 3.39,0,1.18 | 1.51 | 2.33,0.606,0.000,0,1,0,0,0,0,-1,0,0,0,,0,,0,,0,0,0,1
1723722770,387,2,2,8,8,12.681,0,0,0.11 | 0.11 | 0.11,0,1.72 | 2.64 | 3.39,0,1.18 | 1.51 | 2.33,0.606,0.000,0,1,0,0,0,0,-1,0,0,0,,0,,0,,0,0,0,1
1723722770,387,2,2,8,8,11.75,0,0,0.11 | 0.11 | 0.11,0,1.72 | 2.64 | 3.39,0,1.18 | 1.51 | 2.33,0.606,0.000,0,1,0,0,0,0,-1,0,0,0,,0,,0,,0,0,0,1
1723722770,387,2,2,8,8,11.75,0,0,0.11 | 0.11 | 0.11,0,1.72 | 2.64 | 3.39,0,1.18 | 1.51 | 2.33,0.606,0.000,0,1,0,0,0,0,-1,0,0,0,,0,,0,,0,0,0,1
1723722770,387,2,2,8,8,11.75,0,0,0.11 | 0.11 | 0.11,0,1.72 | 2.64 | 3.39,0,1.18 | 1.51 | 2.33,0.606,0.000,0,1,0,0,0,0,-1,0,0,0,,0,,0,,0,0,0,1
1723722770,387,2,2,8,8,11.75,0,0,0.11 | 0.11 | 0.11,0,1.72 | 2.64 | 3.39,0,1.18 | 1.51 | 2.33,0.606,0.000,0,1,0,0,0,0,-1,0,0,0,,0,,0,,0,0,0,1
1723722770,387,2,2,8,8,11.75,0,0,0.11 | 0.11 | 0.11,0,1.72 | 2.64 | 3.39,0,1.18 | 1.51 | 2.33,0.606,0.000,0,1,0,0,0,0,-1,0,0,0,,0,,0,,0,0,0,1
1723722771,387,2,2,8,8,11.75,0,0,0.11 | 0.11 | 0.11,0,1.72 | 2.64 | 3.39,0,1.18 | 1.51 | 2.33,0.606,0.000,0,1,0,0,0,0,-1,0,0,0,,0,,0,,0,0,0,1
1723722771,387,2,2,8,8,11.75,0,0,0.11 | 0.11 | 0.11,0,1.72 | 2.64 | 3.39,0,1.18 | 1.51 | 2.33,0.606,0.000,0,1,0,0,0,0,-1,0,0,0,,0,,0,,0,0,0,1
1723722771,387,2,2,8,8,11.75,0,0,0.11 | 0.11 | 0.11,0,1.72 | 2.64 | 3.39,0,1.18 | 1.51 | 2.33,0.606,0.000,0,1,0,0,0,0,-1,0,0,0,,0,,0,,0,0,0,1
1723722771,387,2,2,8,8,11.75,0,0,0.11 | 0.11 | 0.11,0,1.72 | 2.64 | 3.39,0,1.18 | 1.51 | 2.33,0.606,0.000,0,1,0,0,0,0,-1,0,0,0,,0,,0,,0,0,0,1
1723722771,387,2,2,8,8,11.75,0,0,0.11 | 0.11 | 0.11,0,1.72 | 2.64 | 3.39,0,1.18 | 1.51 | 2.33,0.606,0.000,0,1,0,0,0,0,-1,0,0,0,,0,,0,,0,0,0,1
1723722771,387,2,2,8,8,10.688,0,0,0.11 | 0.11 | 0.11,0,1.72 | 2.64 | 3.39,0,1.18 | 1.51 | 2.33,0.606,0.000,0,1,0,0,0,0,-1,0,0,0,,0,,0,,0,0,0,1
1723722771,387,2,2,8,8,10.688,0,0,0.11 | 0.11 | 0.11,0,1.72 | 2.64 | 3.39,0,1.18 | 1.51 | 2.33,0.606,0.000,0,1,0,0,0,0,-1,0,0,0,,0,,0,,0,0,0,1
1723722771,387,2,2,8,8,10.688,0,0,0.11 | 0.11 | 0.11,0,1.72 | 2.64 | 3.39,0,1.18 | 1.51 | 2.33,0.606,0.000,0,1,0,0,0,0,-1,0,0,0,,0,,0,,0,0,0,1
1723722771,387,2,2,8,8,10.688,0,0,0.11 | 0.11 | 0.11,0,1.72 | 2.64 | 3.39,0,1.18 | 1.51 | 2.33,0.606,0.000,0,1,0,0,0,0,-1,0,0,0,,0,,0,,0,0,0,1
1723722771,194,2,1,8,8,10.688,0,0,0.11 | 0.11 | 0.11,0,1.72 | 2.64 | 3.39,0,1.18 | 1.51 | 2.33,0.606,0.000,0,1,0,0,0,0,-1,0,0,0,,0,,0,,0,0,0,1
1723722772,194,2,1,8,8,10.688,0,0,0.11 | 0.11 | 0.11,0,1.72 | 2.64 | 3.39,0,1.18 | 1.51 | 2.33,0.606,0.000,0,1,0,0,0,0,-1,0,0,0,,0,,0,,0,0,0,1
1723722772,194,2,1,8,8,10.688,0,0,0.11 | 0.11 | 0.11,0,1.72 | 2.64 | 3.39,0,1.18 | 1.51 | 2.33,0.606,0.000,0,1,0,0,0,0,-1,0,0,0,,0,,0,,0,0,0,1
1723722772,194,2,1,8,8,10.688,0,0,0.11 | 0.11 | 0.11,0,1.72 | 2.64 | 3.39,0,1.18 | 1.51 | 2.33,0.606,0.000,0,1,0,0,0,0,-1,0,0,0,,0,,0,,0,0,0,1
1723722772,194,2,1,8,8,10.688,0,0,0.11 | 0.11 | 0.11,0,1.72 | 2.64 | 3.39,0,1.18 | 1.51 | 2.33,0.606,0.000,0,1,0,0,0,0,-1,0,0,0,,0,,0,,0,0,0,1
1723722772,194,2,1,8,8,10.688,0,0,0.11 | 0.11 | 0.11,0,1.72 | 2.64 | 3.39,0,1.18 | 1.51 | 2.33,0.606,0.000,0,1,0,0,0,0,-1,0,0,0,,0,,0,,0,0,0,1
1723722772,194,2,1,8,8,9.625,0,0,0.11 | 0.11 | 0.11,0,1.72 | 2.64 | 3.39,0,1.18 | 1.51 | 2.33,0.606,0.000,0,1,0,0,0,0,-1,0,0,0,,0,,0,,0,0,0,1
1723722772,194,2,1,8,8,9.625,0,0,0.11 | 0.11 | 0.11,0,1.72 | 2.64 | 3.39,0,1.18 | 1.51 | 2.33,0.606,0.000,0,1,0,0,0,0,-1,0,0,0,,0,,0,,0,0,0,1
1723722772,194,2,1,8,8,9.625,0,0,0.11 | 0.11 | 0.11,0,1.72 | 2.64 | 3.39,0,1.18 | 1.51 | 2.33,0.606,0.000,0,1,0,0,0,0,-1,0,0,0,,0,,0,,0,0,0,1
1723722772,194,2,1,8,8,9.625,0,0,0.11 | 0.11 | 0.11,0,1.72 | 2.64 | 3.39,0,1.18 | 1.51 | 2.33,0.606,0.000,0,1,0,0,0,0,-1,0,0,0,,0,,0,,0,0,0,1
1723722772,194,2,1,8,8,9.625,0,0,0.11 | 0.11 | 0.11,0,1.72 | 2.64 | 3.39,0,1.18 | 1.51 | 2.33,0.606,0.000,0,1,0,0,0,0,-1,0,0,0,,0,,0,,0,0,0,1
1723722773,194,2,1,8,8,9.625,0,0,0.11 | 0.11 | 0.11,0,1.72 | 2.64 | 3.39,0,1.18 | 1.51 | 2.33,0.606,0.000,0,1,0,0,0,0,-1,0,0,0,,0,,0,,0,0,0,1
1723722773,194,2,1,8,8,9.625,0,0,0.11 | 0.11 | 0.11,0,1.72 | 2.64 | 3.39,0,1.18 | 1.51 | 2.33,0.606,0.000,0,1,0,0,0,0,-1,0,0,0,,0,,0,,0,0,0,1
1723722773,194,2,1,8,8,9.625,0,0,0.11 | 0.11 | 0.11,0,1.72 | 2.64 | 3.39,0,1.18 | 1.51 | 2.33,0.606,0.000,0,1,0,0,0,0,-1,0,0,0,,0,,0,,0,0,0,1
1723722773,194,2,1,8,8,9.625,0,0,0.11 | 0.11 | 0.11,0,1.72 | 2.64 | 3.39,0,1.18 | 1.51 | 2.33,0.606,0.000,0,1,0,0,0,0,-1,0,0,0,,0,,0,,0,0,0,1
1723722773,194,2,1,8,8,9.625,0,0,0.11 | 0.11 | 0.11,0,1.72 | 2.64 | 3.39,0,1.18 | 1.51 | 2.33,0.606,0.000,0,1,0,0,0,0,-1,0,0,0,,0,,0,,0,0,0,1
1723722773,194,2,1,8,8,11.794,0,0,0.11 | 0.11 | 0.11,0,2.37 | 2.92 | 3.39,0,1.18 | 1.37 | 1.69,0.568,0.000,0,1,0,0,0,0,-1,0,0,0,,0,,0,,0,0,0,1
1723722773,194,2,1,8,8,11.794,0,0,0.11 | 0.11 | 0.11,0,2.37 | 2.92 | 3.39,0,1.18 | 1.37 | 1.69,0.568,0.000,0,1,0,0,0,0,-1,0,0,0,,0,,0,,0,0,0,1
1723722773,194,2,1,8,8,11.794,0,0,0.11 | 0.11 | 0.11,0,2.37 | 2.92 | 3.39,0,1.18 | 1.37 | 1.69,0.568,0.000,0,1,0,0,0,0,-1,0,0,0,,0,,0,,0,0,0,1
1723722773,194,2,1,8,8,11.794,0,0,0.11 | 0.11 | 0.11,0,2.37 | 2.92 | 3.39,0,1.18 | 1.37 | 1.69,0.568,0.000,0,1,0,0,0,0,-1,0,0,0,,0,,0,,0,0,0,1
1723722773,194,2,1,8,8,11.794,0,0,0.11 | 0.11 | 0.11,0,2.37 | 2.92 | 3.39,0,1.18 | 1.37 | 1.69,0.568,0.000,0,1,0,0,0,0,-1,0,0,0,,0,,0,,0,0,0,1
1723722774,194,2,1,8,8,11.794,0,0,0.11 | 0.11 | 0.11,0,2.37 | 2.92 | 3.39,0,1.18 | 1.37 | 1.69,0.568,0.000,0,1,0,0,0,0,-1,0,0,0,,0,,0,,0,0,0,1
1723722774,194,2,1,8,8,11.794,0,0,0.11 | 0.11 | 0.11,0,2.37 | 2.92 | 3.39,0,1.18 | 1.37 | 1.69,0.568,0.000,0,1,0,0,0,0,-1,0,0,0,,0,,0,,0,0,0,1
1723722774,194,2,1,8,8,11.794,0,0,0.11 | 0.11 | 0.11,0,2.37 | 2.92 | 3.39,0,1.18 | 1.37 | 1.69,0.568,0.000,0,1,0,0,0,0,-1,0,0,0,,0,,0,,0,0,0,1
1723722774,194,2,1,8,8,11.794,0,0,0.11 | 0.11 | 0.11,0,2.37 | 2.92 | 3.39,0,1.18 | 1.37 | 1.69,0.568,0.000,0,1,0,0,0,0,-1,0,0,0,,0,,0,,0,0,0,1
1723722774,194,2,1,8,8,11.794,0,0,0.11 | 0.11 | 0.11,0,2.37 | 2.92 | 3.39,0,1.18 | 1.37 | 1.69,0.568,0.000,0,1,0,0,0,0,-1,0,0,0,,0,,0,,0,0,0,1
1723722774,194,2,1,8,8,10.966,0,0,0.11 | 0.11 | 0.11,0,2.37 | 2.92 | 3.39,0,1.18 | 1.37 | 1.69,0.568,0.000,0,1,0,0,0,0,-1,0,0,0,,0,,0,,0,0,0,1
1723722774,194,2,1,8,8,10.966,0,0,0.11 | 0.11 | 0.11,0,2.37 | 2.92 | 3.39,0,1.18 | 1.37 | 1.69,0.568,0.000,0,1,0,0,0,0,-1,0,0,0,,0,,0,,0,0,0,1
1723722774,194,2,1,8,8,10.966,0,0,0.11 | 0.11 | 0.11,0,2.37 | 2.92 | 3.39,0,1.18 | 1.37 | 1.69,0.568,0.000,0,1,0,0,0,0,-1,0,0,0,,0,,0,,0,0,0,1
1723722774,194,2,1,8,8,10.966,0,0,0.11 | 0.11 | 0.11,0,2.37 | 2.92 | 3.39,0,1.18 | 1.37 | 1.69,0.568,0.000,0,1,0,0,0,0,-1,0,0,0,,0,,0,,0,0,0,1
1723722774,194,2,1,8,8,10.966,0,0,0.11 | 0.11 | 0.11,0,2.37 | 2.92 | 3.39,0,1.18 | 1.37 | 1.69,0.568,0.000,0,1,0,0,0,0,-1,0,0,0,,0,,0,,0,0,0,1
1723722775,194,2,1,8,8,10.966,0,0,0.11 | 0.11 | 0.11,0,2.37 | 2.92 | 3.39,0,1.18 | 1.37 | 1.69,0.568,0.000,0,1,0,0,0,0,-1,0,0,0,,0,,0,,0,0,0,1
1723722775,194,2,1,8,8,10.966,0,0,0.11 | 0.11 | 0.11,0,2.37 | 2.92 | 3.39,0,1.18 | 1.37 | 1.69,0.568,0.000,0,1,0,0,0,0,-1,0,0,0,,0,,0,,0,0,0,1
1723722775,194,2,1,8,8,10.966,0,0,0.11 | 0.11 | 0.11,0,2.37 | 2.92 | 3.39,0,1.18 | 1.37 | 1.69,0.568,0.000,0,1,0,0,0,0,-1,0,0,0,,0,,0,,0,0,0,1
1723722775,194,2,1,8,8,10.966,0,0,0.11 | 0.11 | 0.11,0,2.37 | 2.92 | 3.39,0,1.18 | 1.37 | 1.69,0.568,0.000,0,1,0,0,0,0,-1,0,0,0,,0,,0,,0,0,0,1
1723722775,194,2,1,8,8,10.966,0,0,0.11 | 0.11 | 0.11,0,2.37 | 2.92 | 3.39,0,1.18 | 1.37 | 1.69,0.568,0.000,0,1,0,0,0,0,-1,0,0,0,,0,,0,,0,0,0,1
1723722775,194,2,1,8,8,14.704,0,0,0.11 | 0.11 | 0.11,0,1.56 | 2.54 | 3.39,0,1.18 | 1.57 | 2.56,0.573,0.000,0,1,0,0,0,0,-1,0,0,0,,0,,0,,0,0,0,1
1723722775,194,2,1,8,8,14.704,0,0,0.11 | 0.11 | 0.11,0,1.56 | 2.54 | 3.39,0,1.18 | 1.57 | 2.56,0.573,0.000,0,1,0,0,0,0,-1,0,0,0,,0,,0,,0,0,0,1
1723722775,194,2,1,8,8,14.704,0,0,0.11 | 0.11 | 0.11,0,1.56 | 2.54 | 3.39,0,1.18 | 1.57 | 2.56,0.573,0.000,0,1,0,0,0,0,-1,0,0,0,,0,,0,,0,0,0,1
1723722775,194,2,1,8,8,14.704,0,0,0.11 | 0.11 | 0.11,0,1.56 | 2.54 | 3.39,0,1.18 | 1.57 | 2.56,0.573,0.000,0,1,0,0,0,0,-1,0,0,0,,0,,0,,0,0,0,1
1723722775,194,2,1,8,8,14.704,0,0,0.11 | 0.11 | 0.11,0,1.56 | 2.54 | 3.39,0,1.18 | 1.57 | 2.56,0.573,0.000,0,1,0,0,0,0,-1,0,0,0,,0,,0,,0,0,0,1
1723722776,194,2,1,8,8,14.704,0,0,0.11 | 0.11 | 0.11,0,1.56 | 2.54 | 3.39,0,1.18 | 1.57 | 2.56,0.573,0.000,0,1,0,0,0,0,-1,0,0,0,,0,,0,,0,0,0,1
1723722776,194,2,1,8,8,14.704,0,0,0.11 | 0.11 | 0.11,0,1.56 | 2.54 | 3.39,0,1.18 | 1.57 | 2.56,0.573,0.000,0,1,0,0,0,0,-1,0,0,0,,0,,0,,0,0,0,1
1723722776,194,2,1,8,8,14.704,0,0,0.11 | 0.11 | 0.11,0,1.56 | 2.54 | 3.39,0,1.18 | 1.57 | 2.56,0.573,0.000,0,1,0,0,0,0,-1,0,0,0,,0,,0,,0,0,0,1
1723722776,194,2,1,8,8,14.704,0,0,0.11 | 0.11 | 0.11,0,1.56 | 2.54 | 3.39,0,1.18 | 1.57 | 2.56,0.573,0.000,0,1,0,0,0,0,-1,0,0,0,,0,,0,,0,0,0,1
1723722776,194,2,1,8,8,14.704,0,0,0.11 | 0.11 | 0.11,0,1.56 | 2.54 | 3.39,0,1.18 | 1.57 | 2.56,0.573,0.000,0,1,0,0,0,0,-1,0,0,0,,0,,0,,0,0,0,1
1723722776,194,2,1,8,8,13.641,0,0,0.11 | 0.11 | 0.11,0,1.56 | 2.54 | 3.39,0,1.18 | 1.57 | 2.56,0.573,0.000,0,1,0,0,0,0,-1,0,0,0,,0,,0,,0,0,0,1
1723722776,194,2,1,8,8,13.641,0,0,0.11 | 0.11 | 0.11,0,1.56 | 2.54 | 3.39,0,1.18 | 1.57 | 2.56,0.573,0.000,0,1,0,0,0,0,-1,0,0,0,,0,,0,,0,0,0,1
1723722776,194,2,1,8,8,13.641,0,0,0.11 | 0.11 | 0.11,0,1.56 | 2.54 | 3.39,0,1.18 | 1.57 | 2.56,0.573,0.000,0,1,0,0,0,0,-1,0,0,0,,0,,0,,0,0,0,1
1723722776,194,2,1,8,8,13.641,0,0,0.11 | 0.11 | 0.11,0,1.56 | 2.54 | 3.39,0,1.18 | 1.57 | 2.56,0.573,0.000,0,1,0,0,0,0,-1,0,0,0,,0,,0,,0,0,0,1
1723722776,194,2,1,8,8,13.641,0,0,0.11 | 0.11 | 0.11,0,1.56 | 2.54 | 3.39,0,1.18 | 1.57 | 2.56,0.573,0.000,0,1,0,0,0,0,-1,0,0,0,,0,,0,,0,0,0,1
1723722777,194,2,1,8,8,13.641,0,0,0.11 | 0.11 | 0.11,0,1.56 | 2.54 | 3.39,0,1.18 | 1.57 | 2.56,0.573,0.000,0,1,0,0,0,0,-1,0,0,0,,0,,0,,0,0,0,1
1723722777,194,2,1,8,8,13.641,0,0,0.11 | 0.11 | 0.11,0,1.56 | 2.54 | 3.39,0,1.18 | 1.57 | 2.56,0.573,0.000,0,1,0,0,0,0,-1,0,0,0,,0,,0,,0,0,0,1
1723722777,194,2,1,8,8,13.641,0,0,0.11 | 0.11 | 0.11,0,1.56 | 2.54 | 3.39,0,1.18 | 1.57 | 2.56,0.573,0.000,0,1,0,0,0,0,-1,0,0,0,,0,,0,,0,0,0,1
1723722777,194,2,1,8,8,13.641,0,0,0.11 | 0.11 | 0.11,0,1.56 | 2.54 | 3.39,0,1.18 | 1.57 | 2.56,0.573,0.000,0,1,0,0,0,0,-1,0,0,0,,0,,0,,0,0,0,1
1723722777,194,2,1,8,8,13.641,0,0,0.11 | 0.11 | 0.11,0,1.56 | 2.54 | 3.39,0,1.18 | 1.57 | 2.56,0.573,0.000,0,1,0,0,0,0,-1,0,0,0,,0,,0,,0,0,0,1
1723722777,194,2,1,8,8,12.844,0,0,0.11 | 0.11 | 0.11,0,1.56 | 2.54 | 3.39,0,1.18 | 1.57 | 2.56,0.573,0.000,0,1,0,0,0,0,-1,0,0,0,,0,,0,,0,0,0,1
1723722777,194,2,1,8,8,12.844,0,0,0.11 | 0.11 | 0.11,0,1.56 | 2.54 | 3.39,0,1.18 | 1.57 | 2.56,0.573,0.000,0,1,0,0,0,0,-1,0,0,0,,0,,0,,0,0,0,1
1723722777,194,2,1,8,8,12.844,0,0,0.11 | 0.11 | 0.11,0,1.56 | 2.54 | 3.39,0,1.18 | 1.57 | 2.56,0.573,0.000,0,1,0,0,0,0,-1,0,0,0,,0,,0,,0,0,0,1
1723722777,194,2,1,8,8,12.844,0,0,0.11 | 0.11 | 0.11,0,1.56 | 2.54 | 3.39,0,1.18 | 1.57 | 2.56,0.573,0.000,0,1,0,0,0,0,-1,0,0,0,,0,,0,,0,0,0,1
1723722777,194,2,1,8,8,12.844,0,0,0.11 | 0.11 | 0.11,0,1.56 | 2.54 | 3.39,0,1.18 | 1.57 | 2.56,0.573,0.000,0,1,0,0,0,0,-1,0,0,0,,0,,0,,0,0,0,1
1723722778,194,2,1,8,8,12.844,0,0,0.11 | 0.11 | 0.11,0,1.56 | 2.54 | 3.39,0,1.18 | 1.57 | 2.56,0.573,0.000,0,1,0,0,0,0,-1,0,0,0,,0,,0,,0,0,0,1
1723722778,194,2,1,8,8,12.844,0,0,0.11 | 0.11 | 0.11,0,1.56 | 2.54 | 3.39,0,1.18 | 1.57 | 2.56,0.573,0.000,0,1,0,0,0,0,-1,0,0,0,,0,,0,,0,0,0,1
1723722778,194,2,1,8,8,12.844,0,0,0.11 | 0.11 | 0.11,0,1.56 | 2.54 | 3.39,0,1.18 | 1.57 | 2.56,0.573,0.000,0,1,0,0,0,0,-1,0,0,0,,0,,0,,0,0,0,1
1723722778,194,2,1,8,8,12.844,0,0,0.11 | 0.11 | 0.11,0,1.56 | 2.54 | 3.39,0,1.18 | 1.57 | 2.56,0.573,0.000,0,1,0,0,0,0,-1,0,0,0,,0,,0,,0,0,0,1
1723722778,194,2,1,8,8,12.844,0,0,0.11 | 0.11 | 0.11,0,1.56 | 2.54 | 3.39,0,1.18 | 1.57 | 2.56,0.573,0.000,0,1,0,0,0,0,-1,0,0,0,,0,,0,,0,0,0,1
1723722778,194,2,1,8,8,11.588,0,0,0.11 | 0.11 | 0.11,0,1.56 | 2.54 | 3.39,0,1.18 | 1.57 | 2.56,0.573,0.000,0,1,0,0,0,0,-1,0,0,0,,0,,0,,0,0,0,1
1723722778,194,2,1,8,8,11.588,0,0,0.11 | 0.11 | 0.11,0,1.56 | 2.54 | 3.39,0,1.18 | 1.57 | 2.56,0.573,0.000,0,1,0,0,0,0,-1,0,0,0,,0,,0,,0,0,0,1
1723722778,194,2,1,8,8,11.588,0,0,0.11 | 0.11 | 0.11,0,1.56 | 2.54 | 3.39,0,1.18 | 1.57 | 2.56,0.573,0.000,0,1,0,0,0,0,-1,0,0,0,,0,,0,,0,0,0,1
1723722778,194,2,1,8,8,11.588,0,0,0.11 | 0.11 | 0.11,0,1.56 | 2.54 | 3.39,0,1.18 | 1.57 | 2.56,0.573,0.000,0,1,0,0,0,0,-1,0,0,0,,0,,0,,0,0,0,1
1723722778,194,2,1,8,8,11.588,0,0,0.11 | 0.11 | 0.11,0,1.56 | 2.54 | 3.39,0,1.18 | 1.57 | 2.56,0.573,0.000,0,1,0,0,0,0,-1,0,0,0,,0,,0,,0,0,0,1
1723722779,194,2,1,8,8,11.588,0,0,0.11 | 0.11 | 0.11,0,1.56 | 2.54 | 3.39,0,1.18 | 1.57 | 2.56,0.573,0.000,0,1,0,0,0,0,-1,0,0,0,,0,,0,,0,0,0,1
1723722779,194,2,1,8,8,11.588,0,0,0.11 | 0.11 | 0.11,0,1.56 | 2.54 | 3.39,0,1.18 | 1.57 | 2.56,0.573,0.000,0,1,0,0,0,0,-1,0,0,0,,0,,0,,0,0,0,1
1723722779,194,2,1,8,8,11.588,0,0,0.11 | 0.11 | 0.11,0,1.56 | 2.54 | 3.39,0,1.18 | 1.57 | 2.56,0.573,0.000,0,1,0,0,0,0,-1,0,0,0,,0,,0,,0,0,0,1
1723722779,194,2,1,8,8,11.588,0,0,0.11 | 0.11 | 0.11,0,1.56 | 2.54 | 3.39,0,1.18 | 1.57 | 2.56,0.573,0.000,0,1,0,0,0,0,-1,0,0,0,,0,,0,,0,0,0,1
1723722779,194,2,1,8,8,11.588,0,0,0.11 | 0.11 | 0.11,0,1.56 | 2.54 | 3.39,0,1.18 | 1.57 | 2.56,0.573,0.000,0,1,0,0,0,0,-1,0,0,0,,0,,0,,0,0,0,1
1723722779,194,2,1,8,8,10.719,0,0,0.11 | 0.11 | 0.11,0,1.56 | 2.54 | 3.39,0,1.18 | 1.57 | 2.56,0.573,0.000,0,1,0,0,0,0,-1,0,0,0,,0,,0,,0,0,0,1
1723722779,194,2,1,8,8,10.719,0,0,0.11 | 0.11 | 0.11,0,1.56 | 2.54 | 3.39,0,1.18 | 1.57 | 2.56,0.573,0.000,0,1,0,0,0,0,-1,0,0,0,,0,,0,,0,0,0,1
1723722779,194,2,1,8,8,10.719,0,0,0.11 | 0.11 | 0.11,0,1.56 | 2.54 | 3.39,0,1.18 | 1.57 | 2.56,0.573,0.000,0,1,0,0,0,0,-1,0,0,0,,0,,0,,0,0,0,1
1723722779,194,2,1,8,8,10.719,0,0,0.11 | 0.11 | 0.11,0,1.56 | 2.54 | 3.39,0,1.18 | 1.57 | 2.56,0.573,0.000,0,1,0,0,0,0,-1,0,0,0,,0,,0,,0,0,0,1
1723722779,194,2,1,8,8,10.719,0,0,0.11 | 0.11 | 0.11,0,1.56 | 2.54 | 3.39,0,1.18 | 1.57 | 2.56,0.573,0.000,0,1,0,0,0,0,-1,0,0,0,,0,,0,,0,0,0,1
1723722780,194,2,1,8,8,10.719,0,0,0.11 | 0.11 | 0.11,0,1.56 | 2.54 | 3.39,0,1.18 | 1.57 | 2.56,0.573,0.000,0,1,0,0,0,0,-1,0,0,0,,0,,0,,0,0,0,1
1723722780,194,2,1,8,8,10.719,0,0,0.11 | 0.11 | 0.11,0,1.56 | 2.54 | 3.39,0,1.18 | 1.57 | 2.56,0.573,0.000,0,1,0,0,0,0,-1,0,0,0,,0,,0,,0,0,0,1
1723722780,194,2,1,8,8,10.719,0,0,0.11 | 0.11 | 0.11,0,1.56 | 2.54 | 3.39,0,1.18 | 1.57 | 2.56,0.573,0.000,0,1,0,0,0,0,-1,0,0,0,,0,,0,,0,0,0,1
1723722780,194,2,1,8,8,10.719,0,0,0.11 | 0.11 | 0.11,0,1.56 | 2.54 | 3.39,0,1.18 | 1.57 | 2.56,0.573,0.000,0,1,0,0,0,0,-1,0,0,0,,0,,0,,0,0,0,1
1723722780,194,2,1,8,8,10.719,0,0,0.11 | 0.11 | 0.11,0,1.56 | 2.54 | 3.39,0,1.18 | 1.57 | 2.56,0.573,0.000,0,1,0,0,0,0,-1,0,0,0,,0,,0,,0,0,0,1
1723722780,194,2,1,8,8,12.857,0,0,0.11 | 0.11 | 0.11,0,1.01 | 2.20 | 3.39,0,1.18 | 1.82 | 3.94,0.583,0.000,0,1,0,0,0,0,-1,0,0,0,,0,,0,,0,0,0,1
1723722780,194,2,1,8,8,12.857,0,0,0.11 | 0.11 | 0.11,0,1.01 | 2.20 | 3.39,0,1.18 | 1.82 | 3.94,0.583,0.000,0,1,0,0,0,0,-1,0,0,0,,0,,0,,0,0,0,1
1723722780,194,2,1,8,8,12.857,0,0,0.11 | 0.11 | 0.11,0,1.01 | 2.20 | 3.39,0,1.18 | 1.82 | 3.94,0.583,0.000,0,1,0,0,0,0,-1,0,0,0,,0,,0,,0,0,0,1
1723722780,194,2,1,8,8,12.857,0,0,0.11 | 0.11 | 0.11,0,1.01 | 2.20 | 3.39,0,1.18 | 1.82 | 3.94,0.583,0.000,0,1,0,0,0,0,-1,0,0,0,,0,,0,,0,0,0,1
1723722780,194,2,1,8,8,12.857,0,0,0.11 | 0.11 | 0.11,0,1.01 | 2.20 | 3.39,0,1.18 | 1.82 | 3.94,0.583,0.000,0,1,0,0,0,0,-1,0,0,0,,0,,0,,0,0,0,1
1723722781,194,2,1,8,8,12.857,0,0,0.11 | 0.11 | 0.11,0,1.01 | 2.20 | 3.39,0,1.18 | 1.82 | 3.94,0.583,0.000,0,1,0,0,0,0,-1,0,0,0,,0,,0,,0,0,0,1
1723722781,194,2,1,8,8,12.857,0,0,0.11 | 0.11 | 0.11,0,1.01 | 2.20 | 3.39,0,1.18 | 1.82 | 3.94,0.583,0.000,0,1,0,0,0,0,-1,0,0,0,,0,,0,,0,0,0,1
1723722781,194,2,1,8,8,12.857,0,0,0.11 | 0.11 | 0.11,0,1.01 | 2.20 | 3.39,0,1.18 | 1.82 | 3.94,0.583,0.000,0,1,0,0,0,0,-1,0,0,0,,0,,0,,0,0,0,1
1723722781,194,2,1,8,8,12.857,0,0,0.11 | 0.11 | 0.11,0,1.01 | 2.20 | 3.39,0,1.18 | 1.82 | 3.94,0.583,0.000,0,1,0,0,0,0,-1,0,0,0,,0,,0,,0,0,0,1
1723722781,194,2,1,8,8,12.857,0,0,0.11 | 0.11 | 0.11,0,1.01 | 2.20 | 3.39,0,1.18 | 1.82 | 3.94,0.583,0.000,0,1,0,0,0,0,-1,0,0,0,,0,,0,,0,0,0,1
1723722781,194,2,1,8,8,11.794,0,0,0.11 | 0.11 | 0.11,0,1.01 | 2.20 | 3.39,0,1.18 | 1.82 | 3.94,0.583,0.000,0,1,0,0,0,0,-1,0,0,0,,0,,0,,0,0,0,1
1723722781,194,2,1,8,8,11.794,0,0,0.11 | 0.11 | 0.11,0,1.01 | 2.20 | 3.39,0,1.18 | 1.82 | 3.94,0.583,0.000,0,1,0,0,0,0,-1,0,0,0,,0,,0,,0,0,0,1
1723722781,194,2,1,8,8,11.794,0,0,0.11 | 0.11 | 0.11,0,1.01 | 2.20 | 3.39,0,1.18 | 1.82 | 3.94,0.583,0.000,0,1,0,0,0,0,-1,0,0,0,,0,,0,,0,0,0,1
1723722781,194,2,1,8,8,11.794,0,0,0.11 | 0.11 | 0.11,0,1.01 | 2.20 | 3.39,0,1.18 | 1.82 | 3.94,0.583,0.000,0,1,0,0,0,0,-1,0,0,0,,0,,0,,0,0,0,1
1723722781,194,2,1,8,8,11.794,0,0,0.11 | 0.11 | 0.11,0,1.01 | 2.20 | 3.39,0,1.18 | 1.82 | 3.94,0.583,0.000,0,1,0,0,0,0,-1,0,0,0,,0,,0,,0,0,0,1
1723722782,194,2,1,8,8,11.794,0,0,0.11 | 0.11 | 0.11,0,1.01 | 2.20 | 3.39,0,1.18 | 1.82 | 3.94,0.583,0.000,0,1,0,0,0,0,-1,0,0,0,,0,,0,,0,0,0,1
1723722782,194,2,1,8,8,11.794,0,0,0.11 | 0.11 | 0.11,0,1.01 | 2.20 | 3.39,0,1.18 | 1.82 | 3.94,0.583,0.000,0,1,0,0,0,0,-1,0,0,0,,0,,0,,0,0,0,1
1723722782,194,2,1,8,8,11.794,0,0,0.11 | 0.11 | 0.11,0,1.01 | 2.20 | 3.39,0,1.18 | 1.82 | 3.94,0.583,0.000,0,1,0,0,0,0,-1,0,0,0,,0,,0,,0,0,0,1
1723722782,194,2,1,8,8,11.794,0,0,0.11 | 0.11 | 0.11,0,1.01 | 2.20 | 3.39,0,1.18 | 1.82 | 3.94,0.583,0.000,0,1,0,0,0,0,-1,0,0,0,,0,,0,,0,0,0,1
1723722782,194,2,1,8,8,11.794,0,0,0.11 | 0.11 | 0.11,0,1.01 | 2.20 | 3.39,0,1.18 | 1.82 | 3.94,0.583,0.000,0,1,0,0,0,0,-1,0,0,0,,0,,0,,0,0,0,1
1723722782,194,2,1,8,8,10.997,0,0,0.11 | 0.11 | 0.11,0,1.01 | 2.20 | 3.39,0,1.18 | 1.82 | 3.94,0.583,0.000,0,1,0,0,0,0,-1,0,0,0,,0,,0,,0,0,0,1
1723722782,194,2,1,8,8,10.997,0,0,0.11 | 0.11 | 0.11,0,1.01 | 2.20 | 3.39,0,1.18 | 1.82 | 3.94,0.583,0.000,0,1,0,0,0,0,-1,0,0,0,,0,,0,,0,0,0,1
1723722782,194,2,1,8,8,10.997,0,0,0.11 | 0.11 | 0.11,0,1.01 | 2.20 | 3.39,0,1.18 | 1.82 | 3.94,0.583,0.000,0,1,0,0,0,0,-1,0,0,0,,0,,0,,0,0,0,1
1723722782,194,2,1,8,8,10.997,0,0,0.11 | 0.11 | 0.11,0,1.01 | 2.20 | 3.39,0,1.18 | 1.82 | 3.94,0.583,0.000,0,1,0,0,0,0,-1,0,0,0,,0,,0,,0,0,0,1
1723722782,194,2,1,8,8,10.997,0,0,0.11 | 0.11 | 0.11,0,1.01 | 2.20 | 3.39,0,1.18 | 1.82 | 3.94,0.583,0.000,0,1,0,0,0,0,-1,0,0,0,,0,,0,,0,0,0,1
1723722783,194,2,1,8,8,10.997,0,0,0.11 | 0.11 | 0.11,0,1.01 | 2.20 | 3.39,0,1.18 | 1.82 | 3.94,0.583,0.000,0,1,0,0,0,0,-1,0,0,0,,0,,0,,0,0,0,1
1723722783,194,2,1,8,8,10.997,0,0,0.11 | 0.11 | 0.11,0,1.01 | 2.20 | 3.39,0,1.18 | 1.82 | 3.94,0.583,0.000,0,1,0,0,0,0,-1,0,0,0,,0,,0,,0,0,0,1
1723722783,194,2,1,8,8,10.997,0,0,0.11 | 0.11 | 0.11,0,1.01 | 2.20 | 3.39,0,1.18 | 1.82 | 3.94,0.583,0.000,0,1,0,0,0,0,-1,0,0,0,,0,,0,,0,0,0,1
1723722783,194,2,1,8,8,10.997,0,0,0.11 | 0.11 | 0.11,0,1.01 | 2.20 | 3.39,0,1.18 | 1.82 | 3.94,0.583,0.000,0,1,0,0,0,0,-1,0,0,0,,0,,0,,0,0,0,1
1723722783,194,2,1,8,8,10.997,0,0,0.11 | 0.11 | 0.11,0,1.01 | 2.20 | 3.39,0,1.18 | 1.82 | 3.94,0.583,0.000,0,1,0,0,0,0,-1,0,0,0,,0,,0,,0,0,0,1
1723722783,194,2,1,8,8,9.935,0,0,0.11 | 0.11 | 0.11,0,1.01 | 2.20 | 3.39,0,1.18 | 1.82 | 3.94,0.583,0.000,0,1,0,0,0,0,-1,0,0,0,,0,,0,,0,0,0,1
1723722783,194,2,1,8,8,9.935,0,0,0.11 | 0.11 | 0.11,0,1.01 | 2.20 | 3.39,0,1.18 | 1.82 | 3.94,0.583,0.000,0,1,0,0,0,0,-1,0,0,0,,0,,0,,0,0,0,1
1723722783,194,2,1,8,8,9.935,0,0,0.11 | 0.11 | 0.11,0,1.01 | 2.20 | 3.39,0,1.18 | 1.82 | 3.94,0.583,0.000,0,1,0,0,0,0,-1,0,0,0,,0,,0,,0,0,0,1
1723722783,194,2,1,8,8,9.935,0,0,0.11 | 0.11 | 0.11,0,1.01 | 2.20 | 3.39,0,1.18 | 1.82 | 3.94,0.583,0.000,0,1,0,0,0,0,-1,0,0,0,,0,,0,,0,0,0,1
1723722783,194,2,1,8,8,9.935,0,0,0.11 | 0.11 | 0.11,0,1.01 | 2.20 | 3.39,0,1.18 | 1.82 | 3.94,0.583,0.000,0,1,0,0,0,0,-1,0,0,0,,0,,0,,0,0,0,1
1723722784,194,2,1,8,8,9.935,0,0,0.11 | 0.11 | 0.11,0,1.01 | 2.20 | 3.39,0,1.18 | 1.82 | 3.94,0.583,0.000,0,1,0,0,0,0,-1,0,0,0,,0,,0,,0,0,0,1
1723722784,194,2,1,8,8,9.935,0,0,0.11 | 0.11 | 0.11,0,1.01 | 2.20 | 3.39,0,1.18 | 1.82 | 3.94,0.583,0.000,0,1,0,0,0,0,-1,0,0,0,,0,,0,,0,0,0,1
1723722784,194,2,1,8,8,9.935,0,0,0.11 | 0.11 | 0.11,0,1.01 | 2.20 | 3.39,0,1.18 | 1.82 | 3.94,0.583,0.000,0,1,0,0,0,0,-1,0,0,0,,0,,0,,0,0,0,1
1723722784,194,2,1,8,8,9.935,0,0,0.11 | 0.11 | 0.11,0,1.01 | 2.20 | 3.39,0,1.18 | 1.82 | 3.94,0.583,0.000,0,1,0,0,0,0,-1,0,0,0,,0,,0,,0,0,0,1
1723722784,194,2,1,8,8,9.935,0,0,0.11 | 0.11 | 0.11,0,1.01 | 2.20 | 3.39,0,1.18 | 1.82 | 3.94,0.583,0.000,0,1,0,0,0,0,-1,0,0,0,,0,,0,,0,0,0,1
1723722784,194,2,1,8,8,13.671,0,0,0.11 | 0.11 | 0.11,0,1.01 | 1.76 | 2.84,0,1.41 | 2.28 | 3.94,0.589,0.000,0,1,0,0,0,0,-1,0,0,0,,0,,0,,0,0,0,1
1723722784,194,2,1,8,8,13.671,0,0,0.11 | 0.11 | 0.11,0,1.01 | 1.76 | 2.84,0,1.41 | 2.28 | 3.94,0.589,0.000,0,1,0,0,0,0,-1,0,0,0,,0,,0,,0,0,0,1
1723722784,194,2,1,8,8,13.671,0,0,0.11 | 0.11 | 0.11,0,1.01 | 1.76 | 2.84,0,1.41 | 2.28 | 3.94,0.589,0.000,0,1,0,0,0,0,-1,0,0,0,,0,,0,,0,0,0,1
1723722784,194,2,1,8,8,13.671,0,0,0.11 | 0.11 | 0.11,0,1.01 | 1.76 | 2.84,0,1.41 | 2.28 | 3.94,0.589,0.000,0,1,0,0,0,0,-1,0,0,0,,0,,0,,0,0,0,1
1723722784,194,2,1,8,8,13.671,0,0,0.11 | 0.11 | 0.11,0,1.01 | 1.76 | 2.84,0,1.41 | 2.28 | 3.94,0.589,0.000,0,1,0,0,0,0,-1,0,0,0,,0,,0,,0,0,0,1
1723722785,194,2,1,8,8,13.671,0,0,0.11 | 0.11 | 0.11,0,1.01 | 1.76 | 2.84,0,1.41 | 2.28 | 3.94,0.589,0.000,0,1,0,0,0,0,-1,0,0,0,,0,,0,,0,0,0,1
1723722785,194,2,1,8,8,13.671,0,0,0.11 | 0.11 | 0.11,0,1.01 | 1.76 | 2.84,0,1.41 | 2.28 | 3.94,0.589,0.000,0,1,0,0,0,0,-1,0,0,0,,0,,0,,0,0,0,1
1723722785,194,2,1,8,8,13.671,0,0,0.11 | 0.11 | 0.11,0,1.01 | 1.76 | 2.84,0,1.41 | 2.28 | 3.94,0.589,0.000,0,1,0,0,0,0,-1,0,0,0,,0,,0,,0,0,0,1
1723722785,194,2,1,8,8,13.671,0,0,0.11 | 0.11 | 0.11,0,1.01 | 1.76 | 2.84,0,1.41 | 2.28 | 3.94,0.589,0.000,0,1,0,0,0,0,-1,0,0,0,,0,,0,,0,0,0,1
1723722785,194,2,1,8,8,13.671,0,0,0.11 | 0.11 | 0.11,0,1.01 | 1.76 | 2.84,0,1.41 | 2.28 | 3.94,0.589,0.000,0,1,0,0,0,0,-1,0,0,0,,0,,0,,0,0,0,1
1723722785,194,1,1,8,8,12.61,0,0,0.11 | 0.11 | 0.11,0,1.01 | 1.76 | 2.84,0,1.41 | 2.28 | 3.94,0.589,0.000,0,1,0,0,0,0,-1,0,0,0,,0,,0,,0,0,0,1
1723722785,194,1,1,8,8,12.61,0,0,0.11 | 0.11 | 0.11,0,1.01 | 1.76 | 2.84,0,1.41 | 2.28 | 3.94,0.589,0.000,0,1,0,0,0,0,-1,0,0,0,,0,,0,,0,0,0,1
1723722785,194,1,1,8,8,12.61,0,0,0.11 | 0.11 | 0.11,0,1.01 | 1.76 | 2.84,0,1.41 | 2.28 | 3.94,0.589,0.000,0,1,0,0,0,0,-1,0,0,0,,0,,0,,0,0,0,1
1723722785,194,1,1,8,8,12.61,0,0,0.11 | 0.11 | 0.11,0,1.01 | 1.76 | 2.84,0,1.41 | 2.28 | 3.94,0.589,0.000,0,1,0,0,0,0,-1,0,0,0,,0,,0,,0,0,0,1
1723722785,194,1,1,8,8,12.61,0,0,0.11 | 0.11 | 0.11,0,1.01 | 1.76 | 2.84,0,1.41 | 2.28 | 3.94,0.589,0.000,0,1,0,0,0,0,-1,0,0,0,,0,,0,,0,0,0,1
1723722786,194,1,1,8,8,12.61,0,0,0.11 | 0.11 | 0.11,0,1.01 | 1.76 | 2.84,0,1.41 | 2.28 | 3.94,0.589,0.000,0,1,0,0,0,0,-1,0,0,0,,0,,0,,0,0,0,1
1723722786,194,1,1,8,8,12.61,0,0,0.11 | 0.11 | 0.11,0,1.01 | 1.76 | 2.84,0,1.41 | 2.28 | 3.94,0.589,0.000,0,1,0,0,0,0,-1,0,0,0,,0,,0,,0,0,0,1
1723722786,194,1,1,8,8,12.61,0,0,0.11 | 0.11 | 0.11,0,1.01 | 1.76 | 2.84,0,1.41 | 2.28 | 3.94,0.589,0.000,0,1,0,0,0,0,-1,0,0,0,,0,,0,,0,0,0,1
1723722786,194,1,1,8,8,12.61,0,0,0.11 | 0.11 | 0.11,0,1.01 | 1.76 | 2.84,0,1.41 | 2.28 | 3.94,0.589,0.000,0,1,0,0,0,0,-1,0,0,0,,0,,0,,0,0,0,1
1723722786,194,1,1,8,8,12.61,0,0,0.11 | 0.11 | 0.11,0,1.01 | 1.76 | 2.84,0,1.41 | 2.28 | 3.94,0.589,0.000,0,1,0,0,0,0,-1,0,0,0,,0,,0,,0,0,0,1
1723722786,387,1,2,8,8,11.813,0,0,0.11 | 0.11 | 0.11,0,1.01 | 1.76 | 2.84,0,1.41 | 2.28 | 3.94,0.589,0.000,0,1,0,0,0,0,-1,0,0,0,,0,,0,,0,0,0,1
1723722786,387,1,2,8,8,11.813,0,0,0.11 | 0.11 | 0.11,0,1.01 | 1.76 | 2.84,0,1.41 | 2.28 | 3.94,0.589,0.000,0,1,0,0,0,0,-1,0,0,0,,0,,0,,0,0,0,1
1723722786,387,1,2,8,8,11.813,0,0,0.11 | 0.11 | 0.11,0,1.01 | 1.76 | 2.84,0,1.41 | 2.28 | 3.94,0.589,0.000,0,1,0,0,0,0,-1,0,0,0,,0,,0,,0,0,0,1
1723722786,387,1,2,8,8,11.813,0,0,0.11 | 0.11 | 0.11,0,1.01 | 1.76 | 2.84,0,1.41 | 2.28 | 3.94,0.589,0.000,0,1,0,0,0,0,-1,0,0,0,,0,,0,,0,0,0,1
1723722786,387,1,2,8,8,11.813,0,0,0.11 | 0.11 | 0.11,0,1.01 | 1.76 | 2.84,0,1.41 | 2.28 | 3.94,0.589,0.000,0,1,0,0,0,0,-1,0,0,0,,0,,0,,0,0,0,1
1723722787,387,1,2,8,8,11.813,0,0,0.11 | 0.11 | 0.11,0,1.01 | 1.76 | 2.84,0,1.41 | 2.28 | 3.94,0.589,0.000,0,1,0,0,0,0,-1,0,0,0,,0,,0,,0,0,0,1
1723722787,387,1,2,8,8,11.813,0,0,0.11 | 0.11 | 0.11,0,1.01 | 1.76 | 2.84,0,1.41 | 2.28 | 3.94,0.589,0.000,0,1,0,0,0,0,-1,0,0,0,,0,,0,,0,0,0,1
1723722787,387,1,2,8,8,11.813,0,0,0.11 | 0.11 | 0.11,0,1.01 | 1.76 | 2.84,0,1.41 | 2.28 | 3.94,0.589,0.000,0,1,0,0,0,0,-1,0,0,0,,0,,0,,0,0,0,1
1723722787,387,1,2,8,8,11.813,0,0,0.11 | 0.11 | 0.11,0,1.01 | 1.76 | 2.84,0,1.41 | 2.28 | 3.94,0.589,0.000,0,1,0,0,0,0,-1,0,0,0,,0,,0,,0,0,0,1
1723722787,387,1,2,8,8,11.813,0,0,0.11 | 0.11 | 0.11,0,1.01 | 1.76 | 2.84,0,1.41 | 2.28 | 3.94,0.589,0.000,0,1,0,0,0,0,-1,0,0,0,,0,,0,,0,0,0,1
1723722787,387,1,2,8,8,10.75,0,0,0.11 | 0.11 | 0.11,0,1.01 | 1.76 | 2.84,0,1.41 | 2.28 | 3.94,0.589,0.000,0,1,0,0,0,0,-1,0,0,0,,0,,0,,0,0,0,1
1723722787,387,1,2,8,8,10.75,0,0,0.11 | 0.11 | 0.11,0,1.01 | 1.76 | 2.84,0,1.41 | 2.28 | 3.94,0.589,0.000,0,1,0,0,0,0,-1,0,0,0,,0,,0,,0,0,0,1
1723722787,387,1,2,8,8,10.75,0,0,0.11 | 0.11 | 0.11,0,1.01 | 1.76 | 2.84,0,1.41 | 2.28 | 3.94,0.589,0.000,0,1,0,0,0,0,-1,0,0,0,,0,,0,,0,0,0,1
1723722787,387,1,2,8,8,10.75,0,0,0.11 | 0.11 | 0.11,0,1.01 | 1.76 | 2.84,0,1.41 | 2.28 | 3.94,0.589,0.000,0,1,0,0,0,0,-1,0,0,0,,0,,0,,0,0,0,1
1723722787,387,1,2,8,8,10.75,0,0,0.11 | 0.11 | 0.11,0,1.01 | 1.76 | 2.84,0,1.41 | 2.28 | 3.94,0.589,0.000,0,1,0,0,0,0,-1,0,0,0,,0,,0,,0,0,0,1
1723722788,387,1,2,8,8,10.75,0,0,0.11 | 0.11 | 0.11,0,1.01 | 1.76 | 2.84,0,1.41 | 2.28 | 3.94,0.589,0.000,0,1,0,0,0,0,-1,0,0,0,,0,,0,,0,0,0,1
1723722788,387,1,2,8,8,10.75,0,0,0.11 | 0.11 | 0.11,0,1.01 | 1.76 | 2.84,0,1.41 | 2.28 | 3.94,0.589,0.000,0,1,0,0,0,0,-1,0,0,0,,0,,0,,0,0,0,1
1723722788,387,1,2,8,8,10.75,0,0,0.11 | 0.11 | 0.11,0,1.01 | 1.76 | 2.84,0,1.41 | 2.28 | 3.94,0.589,0.000,0,1,0,0,0,0,-1,0,0,0,,0,,0,,0,0,0,1
1723722788,387,1,2,8,8,10.75,0,0,0.11 | 0.11 | 0.11,0,1.01 | 1.76 | 2.84,0,1.41 | 2.28 | 3.94,0.589,0.000,0,1,0,0,0,0,-1,0,0,0,,0,,0,,0,0,0,1
1723722788,387,1,2,8,8,10.75,0,0,0.11 | 0.11 | 0.11,0,1.01 | 1.76 | 2.84,0,1.41 | 2.28 | 3.94,0.589,0.000,0,1,0,0,0,0,-1,0,0,0,,0,,0,,0,0,0,1
1723722788,387,1,2,8,8,9.688,0,0,0.11 | 0.11 | 0.11,0,1.01 | 1.76 | 2.84,0,1.41 | 2.28 | 3.94,0.589,0.000,0,1,0,0,0,0,-1,0,0,0,,0,,0,,0,0,0,1
1723722788,387,1,2,8,8,9.688,0,0,0.11 | 0.11 | 0.11,0,1.01 | 1.76 | 2.84,0,1.41 | 2.28 | 3.94,0.589,0.000,0,1,0,0,0,0,-1,0,0,0,,0,,0,,0,0,0,1
1723722788,387,1,2,8,8,9.688,0,0,0.11 | 0.11 | 0.11,0,1.01 | 1.76 | 2.84,0,1.41 | 2.28 | 3.94,0.589,0.000,0,1,0,0,0,0,-1,0,0,0,,0,,0,,0,0,0,1
1723722788,387,1,2,8,8,9.688,0,0,0.11 | 0.11 | 0.11,0,1.01 | 1.76 | 2.84,0,1.41 | 2.28 | 3.94,0.589,0.000,0,1,0,0,0,0,-1,0,0,0,,0,,0,,0,0,0,1
1723722788,387,1,2,8,8,9.688,0,0,0.11 | 0.11 | 0.11,0,1.01 | 1.76 | 2.84,0,1.41 | 2.28 | 3.94,0.589,0.000,0,1,0,0,0,0,-1,0,0,0,,0,,0,,0,0,0,1
1723722789,387,1,2,8,8,9.688,0,0,0.11 | 0.11 | 0.11,0,1.01 | 1.76 | 2.84,0,1.41 | 2.28 | 3.94,0.589,0.000,0,1,0,0,0,0,-1,0,0,0,,0,,0,,0,0,0,1
1723722789,387,1,2,8,8,9.688,0,0,0.11 | 0.11 | 0.11,0,1.01 | 1.76 | 2.84,0,1.41 | 2.28 | 3.94,0.589,0.000,0,1,0,0,0,0,-1,0,0,0,,0,,0,,0,0,0,1
1723722789,387,1,2,8,8,9.688,0,0,0.11 | 0.11 | 0.11,0,1.01 | 1.76 | 2.84,0,1.41 | 2.28 | 3.94,0.589,0.000,0,1,0,0,0,0,-1,0,0,0,,0,,0,,0,0,0,1
1723722789,387,1,2,8,8,9.688,0,0,0.11 | 0.11 | 0.11,0,1.01 | 1.76 | 2.84,0,1.41 | 2.28 | 3.94,0.589,0.000,0,1,0,0,0,0,-1,0,0,0,,0,,0,,0,0,0,1
1723722789,387,1,2,8,8,9.688,0,0,0.11 | 0.11 | 0.11,0,1.01 | 1.76 | 2.84,0,1.41 | 2.28 | 3.94,0.589,0.000,0,1,0,0,0,0,-1,0,0,0,,0,,0,,0,0,0,1
1723722789,387,2,2,8,8,8.625,0,0,0.11 | 0.11 | 0.11,0,1.01 | 1.58 | 2.13,0,1.88 | 2.54 | 3.94,0.628,0.000,0,1,0,0,0,0,-1,0,0,0,,0,,0,,0,0,0,1
1723722789,387,2,2,8,8,8.625,0,0,0.11 | 0.11 | 0.11,0,1.01 | 1.58 | 2.13,0,1.88 | 2.54 | 3.94,0.628,0.000,0,1,0,0,0,0,-1,0,0,0,,0,,0,,0,0,0,1
1723722789,387,2,2,8,8,8.625,0,0,0.11 | 0.11 | 0.11,0,1.01 | 1.58 | 2.13,0,1.88 | 2.54 | 3.94,0.628,0.000,0,1,0,0,0,0,-1,0,0,0,,0,,0,,0,0,0,1
1723722789,387,2,2,8,8,8.625,0,0,0.11 | 0.11 | 0.11,0,1.01 | 1.58 | 2.13,0,1.88 | 2.54 | 3.94,0.628,0.000,0,1,0,0,0,0,-1,0,0,0,,0,,0,,0,0,0,1
1723722789,387,2,2,8,8,8.625,0,0,0.11 | 0.11 | 0.11,0,1.01 | 1.58 | 2.13,0,1.88 | 2.54 | 3.94,0.628,0.000,0,1,0,0,0,0,-1,0,0,0,,0,,0,,0,0,0,1
1723722790,387,2,2,8,8,8.625,0,0,0.11 | 0.11 | 0.11,0,1.01 | 1.58 | 2.13,0,1.88 | 2.54 | 3.94,0.628,0.000,0,1,0,0,0,0,-1,0,0,0,,0,,0,,0,0,0,1
1723722790,387,2,2,8,8,8.625,0,0,0.11 | 0.11 | 0.11,0,1.01 | 1.58 | 2.13,0,1.88 | 2.54 | 3.94,0.628,0.000,0,1,0,0,0,0,-1,0,0,0,,0,,0,,0,0,0,1
1723722790,387,2,2,8,8,8.625,0,0,0.11 | 0.11 | 0.11,0,1.01 | 1.58 | 2.13,0,1.88 | 2.54 | 3.94,0.628,0.000,0,1,0,0,0,0,-1,0,0,0,,0,,0,,0,0,0,1
1723722790,387,2,2,8,8,8.625,0,0,0.11 | 0.11 | 0.11,0,1.01 | 1.58 | 2.13,0,1.88 | 2.54 | 3.94,0.628,0.000,0,1,0,0,0,0,-1,0,0,0,,0,,0,,0,0,0,1
1723722790,387,2,2,8,8,8.625,0,0,0.11 | 0.11 | 0.11,0,1.01 | 1.58 | 2.13,0,1.88 | 2.54 | 3.94,0.628,0.000,0,1,0,0,0,0,-1,0,0,0,,0,,0,,0,0,0,1
1723722790,387,2,2,8,8,7.828,0,0,0.11 | 0.11 | 0.11,0,1.01 | 1.58 | 2.13,0,1.88 | 2.54 | 3.94,0.628,0.000,0,1,0,0,0,0,-1,0,0,0,,0,,0,,0,0,0,1
1723722790,387,2,2,8,8,7.828,0,0,0.11 | 0.11 | 0.11,0,1.01 | 1.58 | 2.13,0,1.88 | 2.54 | 3.94,0.628,0.000,0,1,0,0,0,0,-1,0,0,0,,0,,0,,0,0,0,1
1723722790,387,2,2,8,8,7.828,0,0,0.11 | 0.11 | 0.11,0,1.01 | 1.58 | 2.13,0,1.88 | 2.54 | 3.94,0.628,0.000,0,1,0,0,0,0,-1,0,0,0,,0,,0,,0,0,0,1
1723722790,387,2,2,8,8,7.828,0,0,0.11 | 0.11 | 0.11,0,1.01 | 1.58 | 2.13,0,1.88 | 2.54 | 3.94,0.628,0.000,0,1,0,0,0,0,-1,0,0,0,,0,,0,,0,0,0,1
1723722790,387,2,2,8,8,7.828,0,0,0.11 | 0.11 | 0.11,0,1.01 | 1.58 | 2.13,0,1.88 | 2.54 | 3.94,0.628,0.000,0,1,0,0,0,0,-1,0,0,0,,0,,0,,0,0,0,1
1723722791,387,2,2,8,8,7.828,0,0,0.11 | 0.11 | 0.11,0,1.01 | 1.58 | 2.13,0,1.88 | 2.54 | 3.94,0.628,0.000,0,1,0,0,0,0,-1,0,0,0,,0,,0,,0,0,0,1
1723722791,387,2,2,8,8,7.828,0,0,0.11 | 0.11 | 0.11,0,1.01 | 1.58 | 2.13,0,1.88 | 2.54 | 3.94,0.628,0.000,0,1,0,0,0,0,-1,0,0,0,,0,,0,,0,0,0,1
1723722791,387,2,2,8,8,7.828,0,0,0.11 | 0.11 | 0.11,0,1.01 | 1.58 | 2.13,0,1.88 | 2.54 | 3.94,0.628,0.000,0,1,0,0,0,0,-1,0,0,0,,0,,0,,0,0,0,1
1723722791,387,2,2,8,8,7.828,0,0,0.11 | 0.11 | 0.11,0,1.01 | 1.58 | 2.13,0,1.88 | 2.54 | 3.94,0.628,0.000,0,1,0,0,0,0,-1,0,0,0,,0,,0,,0,0,0,1
1723722791,387,2,2,8,8,7.828,0,0,0.11 | 0.11 | 0.11,0,1.01 | 1.58 | 2.13,0,1.88 | 2.54 | 3.94,0.628,0.000,0,1,0,0,0,0,-1,0,0,0,,0,,0,,0,0,0,1
1723722791,387,2,2,8,8,6.766,0,0,0.11 | 0.11 | 0.11,0,1.01 | 1.58 | 2.13,0,1.88 | 2.54 | 3.94,0.628,0.000,0,1,0,0,0,0,-1,0,0,0,,0,,0,,0,0,0,1
1723722791,387,2,2,8,8,6.766,0,0,0.11 | 0.11 | 0.11,0,1.01 | 1.58 | 2.13,0,1.88 | 2.54 | 3.94,0.628,0.000,0,1,0,0,0,0,-1,0,0,0,,0,,0,,0,0,0,1
1723722791,387,2,2,8,8,6.766,0,0,0.11 | 0.11 | 0.11,0,1.01 | 1.58 | 2.13,0,1.88 | 2.54 | 3.94,0.628,0.000,0,1,0,0,0,0,-1,0,0,0,,0,,0,,0,0,0,1
1723722791,387,2,2,8,8,6.766,0,0,0.11 | 0.11 | 0.11,0,1.01 | 1.58 | 2.13,0,1.88 | 2.54 | 3.94,0.628,0.000,0,1,0,0,0,0,-1,0,0,0,,0,,0,,0,0,0,1
1723722791,387,2,2,8,8,6.766,0,0,0.11 | 0.11 | 0.11,0,1.01 | 1.58 | 2.13,0,1.88 | 2.54 | 3.94,0.628,0.000,0,1,0,0,0,0,-1,0,0,0,,0,,0,,0,0,0,1
1723722792,387,2,2,8,8,6.766,0,0,0.11 | 0.11 | 0.11,0,1.01 | 1.58 | 2.13,0,1.88 | 2.54 | 3.94,0.628,0.000,0,1,0,0,0,0,-1,0,0,0,,0,,0,,0,0,0,1
1723722792,387,2,2,8,8,6.766,0,0,0.11 | 0.11 | 0.11,0,1.01 | 1.58 | 2.13,0,1.88 | 2.54 | 3.94,0.628,0.000,0,1,0,0,0,0,-1,0,0,0,,0,,0,,0,0,0,1
1723722792,387,2,2,8,8,6.766,0,0,0.11 | 0.11 | 0.11,0,1.01 | 1.58 | 2.13,0,1.88 | 2.54 | 3.94,0.628,0.000,0,1,0,0,0,0,-1,0,0,0,,0,,0,,0,0,0,1
1723722792,387,2,2,8,8,6.766,0,0,0.11 | 0.11 | 0.11,0,1.01 | 1.58 | 2.13,0,1.88 | 2.54 | 3.94,0.628,0.000,0,1,0,0,0,0,-1,0,0,0,,0,,0,,0,0,0,1
1723722792,387,2,2,8,8,6.766,0,0,0.11 | 0.11 | 0.11,0,1.01 | 1.58 | 2.13,0,1.88 | 2.54 | 3.94,0.628,0.000,0,1,0,0,0,0,-1,0,0,0,,0,,0,,0,0,0,1
1723722792,387,2,2,8,8,5.704,0,0,0.11 | 0.11 | 0.11,0,1.01 | 1.58 | 2.13,0,1.88 | 2.54 | 3.94,0.628,0.000,0,1,0,0,0,0,-1,0,0,0,,0,,0,,0,0,0,1
1723722792,387,2,2,8,8,5.704,0,0,0.11 | 0.11 | 0.11,0,1.01 | 1.58 | 2.13,0,1.88 | 2.54 | 3.94,0.628,0.000,0,1,0,0,0,0,-1,0,0,0,,0,,0,,0,0,0,1
1723722792,194,2,1,8,8,5.704,0,0,0.11 | 0.11 | 0.11,0,1.01 | 1.58 | 2.13,0,1.88 | 2.54 | 3.94,0.628,0.000,0,1,0,0,0,0,-1,0,0,0,,0,,0,,0,0,0,1
1723722792,194,2,1,8,8,5.704,0,0,0.11 | 0.11 | 0.11,0,1.01 | 1.58 | 2.13,0,1.88 | 2.54 | 3.94,0.628,0.000,0,1,0,0,0,0,-1,0,0,0,,0,,0,,0,0,0,1
1723722792,194,2,1,8,8,5.704,0,0,0.11 | 0.11 | 0.11,0,1.01 | 1.58 | 2.13,0,1.88 | 2.54 | 3.94,0.628,0.000,0,1,0,0,0,0,-1,0,0,0,,0,,0,,0,0,0,1
1723722793,194,2,1,8,8,5.704,0,0,0.11 | 0.11 | 0.11,0,1.01 | 1.58 | 2.13,0,1.88 | 2.54 | 3.94,0.628,0.000,0,1,0,0,0,0,-1,0,0,0,,0,,0,,0,0,0,1
1723722793,194,2,1,8,8,5.704,0,0,0.11 | 0.11 | 0.11,0,1.01 | 1.58 | 2.13,0,1.88 | 2.54 | 3.94,0.628,0.000,0,1,0,0,0,0,-1,0,0,0,,0,,0,,0,0,0,1
1723722793,194,2,1,8,8,5.704,0,0,0.11 | 0.11 | 0.11,0,1.01 | 1.58 | 2.13,0,1.88 | 2.54 | 3.94,0.628,0.000,0,1,0,0,0,0,-1,0,0,0,,0,,0,,0,0,0,1
1723722793,194,2,1,8,8,5.704,0,0,0.11 | 0.11 | 0.11,0,1.01 | 1.58 | 2.13,0,1.88 | 2.54 | 3.94,0.628,0.000,0,1,0,0,0,0,-1,0,0,0,,0,,0,,0,0,0,1
1723722793,194,2,1,8,8,5.704,0,0,0.11 | 0.11 | 0.11,0,1.01 | 1.58 | 2.13,0,1.88 | 2.54 | 3.94,0.628,0.000,0,1,0,0,0,0,-1,0,0,0,,0,,0,,0,0,0,1
1723722793,194,2,1,8,8,4.641,0,0,0.11 | 0.11 | 0.11,0,1.01 | 2.12 | 3.71,0,1.08 | 1.89 | 3.94,0.628,0.000,0,1,0,0,0,0,-1,0,0,0,,0,,0,,0,0,0,1
1723722793,194,2,1,8,8,4.641,0,0,0.11 | 0.11 | 0.11,0,1.01 | 2.12 | 3.71,0,1.08 | 1.89 | 3.94,0.628,0.000,0,1,0,0,0,0,-1,0,0,0,,0,,0,,0,0,0,1
1723722793,194,2,1,8,8,4.641,0,0,0.11 | 0.11 | 0.11,0,1.01 | 2.12 | 3.71,0,1.08 | 1.89 | 3.94,0.628,0.000,0,1,0,0,0,0,-1,0,0,0,,0,,0,,0,0,0,1
1723722793,194,2,1,8,8,4.641,0,0,0.11 | 0.11 | 0.11,0,1.01 | 2.12 | 3.71,0,1.08 | 1.89 | 3.94,0.628,0.000,0,1,0,0,0,0,-1,0,0,0,,0,,0,,0,0,0,1
1723722793,194,2,1,8,8,4.641,0,0,0.11 | 0.11 | 0.11,0,1.01 | 2.12 | 3.71,0,1.08 | 1.89 | 3.94,0.628,0.000,0,1,0,0,0,0,-1,0,0,0,,0,,0,,0,0,0,1
1723722794,194,2,1,8,8,4.641,0,0,0.11 | 0.11 | 0.11,0,1.01 | 2.12 | 3.71,0,1.08 | 1.89 | 3.94,0.628,0.000,0,1,0,0,0,0,-1,0,0,0,,0,,0,,0,0,0,1
1723722794,194,2,1,8,8,4.641,0,0,0.11 | 0.11 | 0.11,0,1.01 | 2.12 | 3.71,0,1.08 | 1.89 | 3.94,0.628,0.000,0,1,0,0,0,0,-1,0,0,0,,0,,0,,0,0,0,1
1723722794,194,2,1,8,8,4.641,0,0,0.11 | 0.11 | 0.11,0,1.01 | 2.12 | 3.71,0,1.08 | 1.89 | 3.94,0.628,0.000,0,1,0,0,0,0,-1,0,0,0,,0,,0,,0,0,0,1
1723722794,194,2,1,8,8,4.641,0,0,0.11 | 0.11 | 0.11,0,1.01 | 2.12 | 3.71,0,1.08 | 1.89 | 3.94,0.628,0.000,0,1,0,0,0,0,-1,0,0,0,,0,,0,,0,0,0,1
1723722794,194,2,1,8,8,4.641,0,0,0.11 | 0.11 | 0.11,0,1.01 | 2.12 | 3.71,0,1.08 | 1.89 | 3.94,0.628,0.000,0,1,0,0,0,0,-1,0,0,0,,0,,0,,0,0,0,1
1723722794,194,2,1,8,8,3.844,0,0,0.11 | 0.11 | 0.11,0,1.01 | 2.12 | 3.71,0,1.08 | 1.89 | 3.94,0.628,0.000,0,1,0,0,0,0,-1,0,0,0,,0,,0,,0,0,0,1
1723722794,194,2,1,8,8,3.844,0,0,0.11 | 0.11 | 0.11,0,1.01 | 2.12 | 3.71,0,1.08 | 1.89 | 3.94,0.628,0.000,0,1,0,0,0,0,-1,0,0,0,,0,,0,,0,0,0,1
1723722794,194,2,1,8,8,3.844,0,0,0.11 | 0.11 | 0.11,0,1.01 | 2.12 | 3.71,0,1.08 | 1.89 | 3.94,0.628,0.000,0,1,0,0,0,0,-1,0,0,0,,0,,0,,0,0,0,1
1723722794,194,2,1,8,8,3.844,0,0,0.11 | 0.11 | 0.11,0,1.01 | 2.12 | 3.71,0,1.08 | 1.89 | 3.94,0.628,0.000,0,1,0,0,0,0,-1,0,0,0,,0,,0,,0,0,0,1
1723722794,194,2,1,8,8,3.844,0,0,0.11 | 0.11 | 0.11,0,1.01 | 2.12 | 3.71,0,1.08 | 1.89 | 3.94,0.628,0.000,0,1,0,0,0,0,-1,0,0,0,,0,,0,,0,0,0,1
1723722795,194,2,1,8,8,3.844,0,0,0.11 | 0.11 | 0.11,0,1.01 | 2.12 | 3.71,0,1.08 | 1.89 | 3.94,0.628,0.000,0,1,0,0,0,0,-1,0,0,0,,0,,0,,0,0,0,1
1723722795,194,2,1,8,8,3.844,0,0,0.11 | 0.11 | 0.11,0,1.01 | 2.12 | 3.71,0,1.08 | 1.89 | 3.94,0.628,0.000,0,1,0,0,0,0,-1,0,0,0,,0,,0,,0,0,0,1
1723722795,194,2,1,8,8,3.844,0,0,0.11 | 0.11 | 0.11,0,1.01 | 2.12 | 3.71,0,1.08 | 1.89 | 3.94,0.628,0.000,0,1,0,0,0,0,-1,0,0,0,,0,,0,,0,0,0,1
1723722795,194,2,1,8,8,3.844,0,0,0.11 | 0.11 | 0.11,0,1.01 | 2.12 | 3.71,0,1.08 | 1.89 | 3.94,0.628,0.000,0,1,0,0,0,0,-1,0,0,0,,0,,0,,0,0,0,1
1723722795,194,2,1,8,8,3.844,0,0,0.11 | 0.11 | 0.11,0,1.01 | 2.12 | 3.71,0,1.08 | 1.89 | 3.94,0.628,0.000,0,1,0,0,0,0,-1,0,0,0,,0,,0,,0,0,0,1
1723722795,194,2,1,8,8,2.782,0,0,0.11 | 0.11 | 0.11,0,1.01 | 2.12 | 3.71,0,1.08 | 1.89 | 3.94,0.628,0.000,0,1,0,0,0,0,-1,0,0,0,,0,,0,,0,0,0,1
1723722795,194,2,1,8,8,2.782,0,0,0.11 | 0.11 | 0.11,0,1.01 | 2.12 | 3.71,0,1.08 | 1.89 | 3.94,0.628,0.000,0,1,0,0,0,0,-1,0,0,0,,0,,0,,0,0,0,1
1723722795,194,2,1,8,8,2.782,0,0,0.11 | 0.11 | 0.11,0,1.01 | 2.12 | 3.71,0,1.08 | 1.89 | 3.94,0.628,0.000,0,1,0,0,0,0,-1,0,0,0,,0,,0,,0,0,0,1
1723722795,194,2,1,8,8,2.782,0,0,0.11 | 0.11 | 0.11,0,1.01 | 2.12 | 3.71,0,1.08 | 1.89 | 3.94,0.628,0.000,0,1,0,0,0,0,-1,0,0,0,,0,,0,,0,0,0,1
1723722795,194,2,1,8,8,2.782,0,0,0.11 | 0.11 | 0.11,0,1.01 | 2.12 | 3.71,0,1.08 | 1.89 | 3.94,0.628,0.000,0,1,0,0,0,0,-1,0,0,0,,0,,0,,0,0,0,1
1723722796,194,2,1,8,8,2.782,0,0,0.11 | 0.11 | 0.11,0,1.01 | 2.12 | 3.71,0,1.08 | 1.89 | 3.94,0.628,0.000,0,1,0,0,0,0,-1,0,0,0,,0,,0,,0,0,0,1
1723722796,194,2,1,8,8,2.782,0,0,0.11 | 0.11 | 0.11,0,1.01 | 2.12 | 3.71,0,1.08 | 1.89 | 3.94,0.628,0.000,0,1,0,0,0,0,-1,0,0,0,,0,,0,,0,0,0,1
1723722796,194,2,1,8,8,2.782,0,0,0.11 | 0.11 | 0.11,0,1.01 | 2.12 | 3.71,0,1.08 | 1.89 | 3.94,0.628,0.000,0,1,0,0,0,0,-1,0,0,0,,0,,0,,0,0,0,1
1723722796,194,2,1,8,8,2.782,0,0,0.11 | 0.11 | 0.11,0,1.01 | 2.12 | 3.71,0,1.08 | 1.89 | 3.94,0.628,0.000,0,1,0,0,0,0,-1,0,0,0,,0,,0,,0,0,0,1
1723722796,194,2,1,8,8,2.782,0,0,0.11 | 0.11 | 0.11,0,1.01 | 2.12 | 3.71,0,1.08 | 1.89 | 3.94,0.628,0.000,0,1,0,0,0,0,-1,0,0,0,,0,,0,,0,0,0,1
1723722796,194,2,1,8,8,4.919,0,0,0.11 | 0.11 | 0.12,0,1.61 | 2.60 | 3.71,0,1.08 | 1.54 | 2.48,0.547,0.000,0,1,0,0,0,0,-1,0,0,0,,0,,0,,0,0,0,1
1723722796,194,2,1,8,8,4.919,0,0,0.11 | 0.11 | 0.12,0,1.61 | 2.60 | 3.71,0,1.08 | 1.54 | 2.48,0.547,0.000,0,1,0,0,0,0,-1,0,0,0,,0,,0,,0,0,0,1
1723722796,194,2,1,8,8,4.919,0,0,0.11 | 0.11 | 0.12,0,1.61 | 2.60 | 3.71,0,1.08 | 1.54 | 2.48,0.547,0.000,0,1,0,0,0,0,-1,0,0,0,,0,,0,,0,0,0,1
1723722796,194,2,1,8,8,4.919,0,0,0.11 | 0.11 | 0.12,0,1.61 | 2.60 | 3.71,0,1.08 | 1.54 | 2.48,0.547,0.000,0,1,0,0,0,0,-1,0,0,0,,0,,0,,0,0,0,1
1723722796,194,2,1,8,8,4.919,0,0,0.11 | 0.11 | 0.12,0,1.61 | 2.60 | 3.71,0,1.08 | 1.54 | 2.48,0.547,0.000,0,1,0,0,0,0,-1,0,0,0,,0,,0,,0,0,0,1
1723722797,194,2,1,8,8,4.919,0,0,0.11 | 0.11 | 0.12,0,1.61 | 2.60 | 3.71,0,1.08 | 1.54 | 2.48,0.547,0.000,0,1,0,0,0,0,-1,0,0,0,,0,,0,,0,0,0,1
1723722797,194,2,1,8,8,4.919,0,0,0.11 | 0.11 | 0.12,0,1.61 | 2.60 | 3.71,0,1.08 | 1.54 | 2.48,0.547,0.000,0,1,0,0,0,0,-1,0,0,0,,0,,0,,0,0,0,1
1723722797,194,2,1,8,8,4.919,0,0,0.11 | 0.11 | 0.12,0,1.61 | 2.60 | 3.71,0,1.08 | 1.54 | 2.48,0.547,0.000,0,1,0,0,0,0,-1,0,0,0,,0,,0,,0,0,0,1
1723722797,194,2,1,8,8,4.919,0,0,0.11 | 0.11 | 0.12,0,1.61 | 2.60 | 3.71,0,1.08 | 1.54 | 2.48,0.547,0.000,0,1,0,0,0,0,-1,0,0,0,,0,,0,,0,0,0,1
1723722797,194,1,1,8,8,4.919,0,0,0.11 | 0.11 | 0.12,0,1.61 | 2.60 | 3.71,0,1.08 | 1.54 | 2.48,0.547,0.000,0,1,0,0,0,0,-1,0,0,0,,0,,0,,0,0,0,1
1723722797,194,1,1,8,8,3.857,0,0,0.11 | 0.11 | 0.12,0,1.61 | 2.60 | 3.71,0,1.08 | 1.54 | 2.48,0.547,0.000,0,1,0,0,0,0,-1,0,0,0,,0,,0,,0,0,0,1
1723722797,194,1,1,8,8,3.857,0,0,0.11 | 0.11 | 0.12,0,1.61 | 2.60 | 3.71,0,1.08 | 1.54 | 2.48,0.547,0.000,0,1,0,0,0,0,-1,0,0,0,,0,,0,,0,0,0,1
1723722797,194,1,1,8,8,3.857,0,0,0.11 | 0.11 | 0.12,0,1.61 | 2.60 | 3.71,0,1.08 | 1.54 | 2.48,0.547,0.000,0,1,0,0,0,0,-1,0,0,0,,0,,0,,0,0,0,1
1723722797,194,1,1,8,8,3.857,0,0,0.11 | 0.11 | 0.12,0,1.61 | 2.60 | 3.71,0,1.08 | 1.54 | 2.48,0.547,0.000,0,1,0,0,0,0,-1,0,0,0,,0,,0,,0,0,0,1
1723722797,194,1,1,8,8,3.857,0,0,0.11 | 0.11 | 0.12,0,1.61 | 2.60 | 3.71,0,1.08 | 1.54 | 2.48,0.547,0.000,0,1,0,0,0,0,-1,0,0,0,,0,,0,,0,0,0,1
1723722798,194,1,1,8,8,3.857,0,0,0.11 | 0.11 | 0.12,0,1.61 | 2.60 | 3.71,0,1.08 | 1.54 | 2.48,0.547,0.000,0,1,0,0,0,0,-1,0,0,0,,0,,0,,0,0,0,1
1723722798,194,1,1,8,8,3.857,0,0,0.11 | 0.11 | 0.12,0,1.61 | 2.60 | 3.71,0,1.08 | 1.54 | 2.48,0.547,0.000,0,1,0,0,0,0,-1,0,0,0,,0,,0,,0,0,0,1
1723722798,194,1,1,8,8,3.857,0,0,0.11 | 0.11 | 0.12,0,1.61 | 2.60 | 3.71,0,1.08 | 1.54 | 2.48,0.547,0.000,0,1,0,0,0,0,-1,0,0,0,,0,,0,,0,0,0,1
1723722798,194,1,1,8,8,3.857,0,0,0.11 | 0.11 | 0.12,0,1.61 | 2.60 | 3.71,0,1.08 | 1.54 | 2.48,0.547,0.000,0,1,0,0,0,0,-1,0,0,0,,0,,0,,0,0,0,1
1723722798,194,1,1,8,8,3.857,0,0,0.11 | 0.11 | 0.12,0,1.61 | 2.60 | 3.71,0,1.08 | 1.54 | 2.48,0.547,0.000,0,1,0,0,0,0,-1,0,0,0,,0,,0,,0,0,0,1
1723722798,194,1,1,8,8,7.594,0,0,0.11 | 0.11 | 0.12,0,1.61 | 2.60 | 3.71,0,1.08 | 1.54 | 2.49,0.557,0.000,0,1,0,0,0,0,-1,0,0,0,,0,,0,,0,0,0,1
1723722798,194,1,1,8,8,7.594,0,0,0.11 | 0.11 | 0.12,0,1.61 | 2.60 | 3.71,0,1.08 | 1.54 | 2.49,0.557,0.000,0,1,0,0,0,0,-1,0,0,0,,0,,0,,0,0,0,1
1723722798,194,1,1,8,8,7.594,0,0,0.11 | 0.11 | 0.12,0,1.61 | 2.60 | 3.71,0,1.08 | 1.54 | 2.49,0.557,0.000,0,1,0,0,0,0,-1,0,0,0,,0,,0,,0,0,0,1
1723722798,194,1,1,8,8,7.594,0,0,0.11 | 0.11 | 0.12,0,1.61 | 2.60 | 3.71,0,1.08 | 1.54 | 2.49,0.557,0.000,0,1,0,0,0,0,-1,0,0,0,,0,,0,,0,0,0,1
1723722798,194,1,1,8,8,7.594,0,0,0.11 | 0.11 | 0.12,0,1.61 | 2.60 | 3.71,0,1.08 | 1.54 | 2.49,0.557,0.000,0,1,0,0,0,0,-1,0,0,0,,0,,0,,0,0,0,1
1723722799,194,1,1,8,8,7.594,0,0,0.11 | 0.11 | 0.12,0,1.61 | 2.60 | 3.71,0,1.08 | 1.54 | 2.49,0.557,0.000,0,1,0,0,0,0,-1,0,0,0,,0,,0,,0,0,0,1
1723722799,194,1,1,8,8,7.594,0,0,0.11 | 0.11 | 0.12,0,1.61 | 2.60 | 3.71,0,1.08 | 1.54 | 2.49,0.557,0.000,0,1,0,0,0,0,-1,0,0,0,,0,,0,,0,0,0,1
1723722799,194,1,1,8,8,7.594,0,0,0.11 | 0.11 | 0.12,0,1.61 | 2.60 | 3.71,0,1.08 | 1.54 | 2.49,0.557,0.000,0,1,0,0,0,0,-1,0,0,0,,0,,0,,0,0,0,1
1723722799,194,1,1,8,8,7.594,0,0,0.11 | 0.11 | 0.12,0,1.61 | 2.60 | 3.71,0,1.08 | 1.54 | 2.49,0.557,0.000,0,1,0,0,0,0,-1,0,0,0,,0,,0,,0,0,0,1
1723722799,194,1,1,8,8,7.594,0,0,0.11 | 0.11 | 0.12,0,1.61 | 2.60 | 3.71,0,1.08 | 1.54 | 2.49,0.557,0.000,0,1,0,0,0,0,-1,0,0,0,,0,,0,,0,0,0,1
1723722799,194,1,1,8,8,9.903,0,0,0.11 | 0.11 | 0.12,0,1.18 | 2.37 | 3.71,0,1.08 | 1.69 | 3.39,0.537,0.000,0,1,0,0,0,0,-1,0,0,0,,0,,0,,0,0,0,1
1723722799,194,1,1,8,8,9.903,0,0,0.11 | 0.11 | 0.12,0,1.18 | 2.37 | 3.71,0,1.08 | 1.69 | 3.39,0.537,0.000,0,1,0,0,0,0,-1,0,0,0,,0,,0,,0,0,0,1
1723722799,194,1,1,8,8,9.903,0,0,0.11 | 0.11 | 0.12,0,1.18 | 2.37 | 3.71,0,1.08 | 1.69 | 3.39,0.537,0.000,0,1,0,0,0,0,-1,0,0,0,,0,,0,,0,0,0,1
1723722799,194,1,1,8,8,9.903,0,0,0.11 | 0.11 | 0.12,0,1.18 | 2.37 | 3.71,0,1.08 | 1.69 | 3.39,0.537,0.000,0,1,0,0,0,0,-1,0,0,0,,0,,0,,0,0,0,1
1723722799,194,1,1,8,8,9.903,0,0,0.11 | 0.11 | 0.12,0,1.18 | 2.37 | 3.71,0,1.08 | 1.69 | 3.39,0.537,0.000,0,1,0,0,0,0,-1,0,0,0,,0,,0,,0,0,0,1
1723722800,194,1,1,8,8,9.903,0,0,0.11 | 0.11 | 0.12,0,1.18 | 2.37 | 3.71,0,1.08 | 1.69 | 3.39,0.537,0.000,0,1,0,0,0,0,-1,0,0,0,,0,,0,,0,0,0,1
1723722800,194,1,1,8,8,9.903,0,0,0.11 | 0.11 | 0.12,0,1.18 | 2.37 | 3.71,0,1.08 | 1.69 | 3.39,0.537,0.000,0,1,0,0,0,0,-1,0,0,0,,0,,0,,0,0,0,1
1723722800,194,1,1,8,8,9.903,0,0,0.11 | 0.11 | 0.12,0,1.18 | 2.37 | 3.71,0,1.08 | 1.69 | 3.39,0.537,0.000,0,1,0,0,0,0,-1,0,0,0,,0,,0,,0,0,0,1
1723722800,194,1,1,8,8,9.903,0,0,0.11 | 0.11 | 0.12,0,1.18 | 2.37 | 3.71,0,1.08 | 1.69 | 3.39,0.537,0.000,0,1,0,0,0,0,-1,0,0,0,,0,,0,,0,0,0,1
1723722800,194,1,1,8,8,9.903,0,0,0.11 | 0.11 | 0.12,0,1.18 | 2.37 | 3.71,0,1.08 | 1.69 | 3.39,0.537,0.000,0,1,0,0,0,0,-1,0,0,0,,0,,0,,0,0,0,1
1723722800,194,1,1,8,8,8.935,0,0,0.11 | 0.11 | 0.12,0,1.18 | 2.37 | 3.71,0,1.08 | 1.69 | 3.39,0.537,0.000,0,1,0,0,0,0,-1,0,0,0,,0,,0,,0,0,0,1
1723722800,194,1,1,8,8,8.935,0,0,0.11 | 0.11 | 0.12,0,1.18 | 2.37 | 3.71,0,1.08 | 1.69 | 3.39,0.537,0.000,0,1,0,0,0,0,-1,0,0,0,,0,,0,,0,0,0,1
1723722800,194,1,1,8,8,8.935,0,0,0.11 | 0.11 | 0.12,0,1.18 | 2.37 | 3.71,0,1.08 | 1.69 | 3.39,0.537,0.000,0,1,0,0,0,0,-1,0,0,0,,0,,0,,0,0,0,1
1723722800,194,1,1,8,8,8.935,0,0,0.11 | 0.11 | 0.12,0,1.18 | 2.37 | 3.71,0,1.08 | 1.69 | 3.39,0.537,0.000,0,1,0,0,0,0,-1,0,0,0,,0,,0,,0,0,0,1
1723722800,194,1,1,8,8,8.935,0,0,0.11 | 0.11 | 0.12,0,1.18 | 2.37 | 3.71,0,1.08 | 1.69 | 3.39,0.537,0.000,0,1,0,0,0,0,-1,0,0,0,,0,,0,,0,0,0,1
1723722801,194,1,1,8,8,8.935,0,0,0.11 | 0.11 | 0.12,0,1.18 | 2.37 | 3.71,0,1.08 | 1.69 | 3.39,0.537,0.000,0,1,0,0,0,0,-1,0,0,0,,0,,0,,0,0,0,1
1723722801,194,1,1,8,8,8.935,0,0,0.11 | 0.11 | 0.12,0,1.18 | 2.37 | 3.71,0,1.08 | 1.69 | 3.39,0.537,0.000,0,1,0,0,0,0,-1,0,0,0,,0,,0,,0,0,0,1
1723722801,194,1,1,8,8,8.935,0,0,0.11 | 0.11 | 0.12,0,1.18 | 2.37 | 3.71,0,1.08 | 1.69 | 3.39,0.537,0.000,0,1,0,0,0,0,-1,0,0,0,,0,,0,,0,0,0,1
1723722801,194,1,1,8,8,8.935,0,0,0.11 | 0.11 | 0.12,0,1.18 | 2.37 | 3.71,0,1.08 | 1.69 | 3.39,0.537,0.000,0,1,0,0,0,0,-1,0,0,0,,0,,0,,0,0,0,1
1723722801,194,1,1,8,8,8.935,0,0,0.11 | 0.11 | 0.12,0,1.18 | 2.37 | 3.71,0,1.08 | 1.69 | 3.39,0.537,0.000,0,1,0,0,0,0,-1,0,0,0,,0,,0,,0,0,0,1
1723722801,194,1,1,8,8,12.672,0,0,0.11 | 0.12 | 0.12,0,1.18 | 1.83 | 2.97,0,1.35 | 2.19 | 3.39,0.533,0.000,0,1,0,0,0,0,-1,0,0,0,,0,,0,,0,0,0,1
1723722801,194,1,1,8,8,12.672,0,0,0.11 | 0.12 | 0.12,0,1.18 | 1.83 | 2.97,0,1.35 | 2.19 | 3.39,0.533,0.000,0,1,0,0,0,0,-1,0,0,0,,0,,0,,0,0,0,1
1723722801,194,1,1,8,8,12.672,0,0,0.11 | 0.12 | 0.12,0,1.18 | 1.83 | 2.97,0,1.35 | 2.19 | 3.39,0.533,0.000,0,1,0,0,0,0,-1,0,0,0,,0,,0,,0,0,0,1
1723722801,194,1,1,8,8,12.672,0,0,0.11 | 0.12 | 0.12,0,1.18 | 1.83 | 2.97,0,1.35 | 2.19 | 3.39,0.533,0.000,0,1,0,0,0,0,-1,0,0,0,,0,,0,,0,0,0,1
1723722801,194,1,1,8,8,12.672,0,0,0.11 | 0.12 | 0.12,0,1.18 | 1.83 | 2.97,0,1.35 | 2.19 | 3.39,0.533,0.000,0,1,0,0,0,0,-1,0,0,0,,0,,0,,0,0,0,1
1723722802,194,1,1,8,8,12.672,0,0,0.11 | 0.12 | 0.12,0,1.18 | 1.83 | 2.97,0,1.35 | 2.19 | 3.39,0.533,0.000,0,1,0,0,0,0,-1,0,0,0,,0,,0,,0,0,0,1
1723722802,194,1,1,8,8,12.672,0,0,0.11 | 0.12 | 0.12,0,1.18 | 1.83 | 2.97,0,1.35 | 2.19 | 3.39,0.533,0.000,0,1,0,0,0,0,-1,0,0,0,,0,,0,,0,0,0,1
1723722802,194,1,1,8,8,12.672,0,0,0.11 | 0.12 | 0.12,0,1.18 | 1.83 | 2.97,0,1.35 | 2.19 | 3.39,0.533,0.000,0,1,0,0,0,0,-1,0,0,0,,0,,0,,0,0,0,1
1723722802,194,1,1,8,8,12.672,0,0,0.11 | 0.12 | 0.12,0,1.18 | 1.83 | 2.97,0,1.35 | 2.19 | 3.39,0.533,0.000,0,1,0,0,0,0,-1,0,0,0,,0,,0,,0,0,0,1
1723722802,194,1,1,8,8,12.672,0,0,0.11 | 0.12 | 0.12,0,1.18 | 1.83 | 2.97,0,1.35 | 2.19 | 3.39,0.533,0.000,0,1,0,0,0,0,-1,0,0,0,,0,,0,,0,0,0,1
1723722802,194,1,1,8,8,11.608,0,0,0.11 | 0.12 | 0.12,0,1.18 | 1.83 | 2.97,0,1.35 | 2.19 | 3.39,0.533,0.000,0,1,0,0,0,0,-1,0,0,0,,0,,0,,0,0,0,1
1723722802,194,1,1,8,8,11.608,0,0,0.11 | 0.12 | 0.12,0,1.18 | 1.83 | 2.97,0,1.35 | 2.19 | 3.39,0.533,0.000,0,1,0,0,0,0,-1,0,0,0,,0,,0,,0,0,0,1
1723722802,194,1,1,8,8,11.608,0,0,0.11 | 0.12 | 0.12,0,1.18 | 1.83 | 2.97,0,1.35 | 2.19 | 3.39,0.533,0.000,0,1,0,0,0,0,-1,0,0,0,,0,,0,,0,0,0,1
1723722802,194,1,1,8,8,11.608,0,0,0.11 | 0.12 | 0.12,0,1.18 | 1.83 | 2.97,0,1.35 | 2.19 | 3.39,0.533,0.000,0,1,0,0,0,0,-1,0,0,0,,0,,0,,0,0,0,1
1723722802,194,1,1,8,8,11.608,0,0,0.11 | 0.12 | 0.12,0,1.18 | 1.83 | 2.97,0,1.35 | 2.19 | 3.39,0.533,0.000,0,1,0,0,0,0,-1,0,0,0,,0,,0,,0,0,0,1
1723722803,194,1,1,8,8,11.608,0,0,0.11 | 0.12 | 0.12,0,1.18 | 1.83 | 2.97,0,1.35 | 2.19 | 3.39,0.533,0.000,0,1,0,0,0,0,-1,0,0,0,,0,,0,,0,0,0,1
1723722803,194,1,1,8,8,11.608,0,0,0.11 | 0.12 | 0.12,0,1.18 | 1.83 | 2.97,0,1.35 | 2.19 | 3.39,0.533,0.000,0,1,0,0,0,0,-1,0,0,0,,0,,0,,0,0,0,1
1723722803,194,1,1,8,8,11.608,0,0,0.11 | 0.12 | 0.12,0,1.18 | 1.83 | 2.97,0,1.35 | 2.19 | 3.39,0.533,0.000,0,1,0,0,0,0,-1,0,0,0,,0,,0,,0,0,0,1
1723722803,194,1,1,8,8,11.608,0,0,0.11 | 0.12 | 0.12,0,1.18 | 1.83 | 2.97,0,1.35 | 2.19 | 3.39,0.533,0.000,0,1,0,0,0,0,-1,0,0,0,,0,,0,,0,0,0,1
1723722803,194,1,1,8,8,11.608,0,0,0.11 | 0.12 | 0.12,0,1.18 | 1.83 | 2.97,0,1.35 | 2.19 | 3.39,0.533,0.000,0,1,0,0,0,0,-1,0,0,0,,0,,0,,0,0,0,1
1723722803,194,1,1,8,8,13.853,0,0,0.11 | 0.11 | 0.12,0,0.99 | 1.33 | 1.61,0,2.49 | 3.00 | 4.06,0.598,0.000,0,1,0,0,0,0,-1,0,0,0,,0,,0,,0,0,0,1
1723722803,194,1,1,8,8,13.853,0,0,0.11 | 0.11 | 0.12,0,0.99 | 1.33 | 1.61,0,2.49 | 3.00 | 4.06,0.598,0.000,0,1,0,0,0,0,-1,0,0,0,,0,,0,,0,0,0,1
1723722803,194,1,1,8,8,13.853,0,0,0.11 | 0.11 | 0.12,0,0.99 | 1.33 | 1.61,0,2.49 | 3.00 | 4.06,0.598,0.000,0,1,0,0,0,0,-1,0,0,0,,0,,0,,0,0,0,1
1723722803,194,1,1,8,8,13.853,0,0,0.11 | 0.11 | 0.12,0,0.99 | 1.33 | 1.61,0,2.49 | 3.00 | 4.06,0.598,0.000,0,1,0,0,0,0,-1,0,0,0,,0,,0,,0,0,0,1
1723722803,194,1,1,8,8,13.853,0,0,0.11 | 0.11 | 0.12,0,0.99 | 1.33 | 1.61,0,2.49 | 3.00 | 4.06,0.598,0.000,0,1,0,0,0,0,-1,0,0,0,,0,,0,,0,0,0,1
1723722804,194,1,1,8,8,13.853,0,0,0.11 | 0.11 | 0.12,0,0.99 | 1.33 | 1.61,0,2.49 | 3.00 | 4.06,0.598,0.000,0,1,0,0,0,0,-1,0,0,0,,0,,0,,0,0,0,1
1723722804,194,1,1,8,8,13.853,0,0,0.11 | 0.11 | 0.12,0,0.99 | 1.33 | 1.61,0,2.49 | 3.00 | 4.06,0.598,0.000,0,1,0,0,0,0,-1,0,0,0,,0,,0,,0,0,0,1
1723722804,194,1,1,8,8,13.853,0,0,0.11 | 0.11 | 0.12,0,0.99 | 1.33 | 1.61,0,2.49 | 3.00 | 4.06,0.598,0.000,0,1,0,0,0,0,-1,0,0,0,,0,,0,,0,0,0,1
1723722804,194,1,1,8,8,13.853,0,0,0.11 | 0.11 | 0.12,0,0.99 | 1.33 | 1.61,0,2.49 | 3.00 | 4.06,0.598,0.000,0,1,0,0,0,0,-1,0,0,0,,0,,0,,0,0,0,1
1723722804,194,1,1,8,8,13.853,0,0,0.11 | 0.11 | 0.12,0,0.99 | 1.33 | 1.61,0,2.49 | 3.00 | 4.06,0.598,0.000,0,1,0,0,0,0,-1,0,0,0,,0,,0,,0,0,0,1
1723722804,194,1,1,8,8,12.95,0,0,0.11 | 0.11 | 0.12,0,0.99 | 1.33 | 1.61,0,2.49 | 3.00 | 4.06,0.598,0.000,0,1,0,0,0,0,-1,0,0,0,,0,,0,,0,0,0,1
1723722804,194,1,1,8,8,12.95,0,0,0.11 | 0.11 | 0.12,0,0.99 | 1.33 | 1.61,0,2.49 | 3.00 | 4.06,0.598,0.000,0,1,0,0,0,0,-1,0,0,0,,0,,0,,0,0,0,1
1723722804,194,1,1,8,8,12.95,0,0,0.11 | 0.11 | 0.12,0,0.99 | 1.33 | 1.61,0,2.49 | 3.00 | 4.06,0.598,0.000,0,1,0,0,0,0,-1,0,0,0,,0,,0,,0,0,0,1
1723722804,194,1,1,8,8,12.95,0,0,0.11 | 0.11 | 0.12,0,0.99 | 1.33 | 1.61,0,2.49 | 3.00 | 4.06,0.598,0.000,0,1,0,0,0,0,-1,0,0,0,,0,,0,,0,0,0,1
1723722804,194,1,1,8,8,12.95,0,0,0.11 | 0.11 | 0.12,0,0.99 | 1.33 | 1.61,0,2.49 | 3.00 | 4.06,0.598,0.000,0,1,0,0,0,0,-1,0,0,0,,0,,0,,0,0,0,1
1723722805,194,1,1,8,8,12.95,0,0,0.11 | 0.11 | 0.12,0,0.99 | 1.33 | 1.61,0,2.49 | 3.00 | 4.06,0.598,0.000,0,1,0,0,0,0,-1,0,0,0,,0,,0,,0,0,0,1
1723722805,194,1,1,8,8,12.95,0,0,0.11 | 0.11 | 0.12,0,0.99 | 1.33 | 1.61,0,2.49 | 3.00 | 4.06,0.598,0.000,0,1,0,0,0,0,-1,0,0,0,,0,,0,,0,0,0,1
1723722805,194,1,1,8,8,12.95,0,0,0.11 | 0.11 | 0.12,0,0.99 | 1.33 | 1.61,0,2.49 | 3.00 | 4.06,0.598,0.000,0,1,0,0,0,0,-1,0,0,0,,0,,0,,0,0,0,1
1723722805,194,1,1,8,8,12.95,0,0,0.11 | 0.11 | 0.12,0,0.99 | 1.33 | 1.61,0,2.49 | 3.00 | 4.06,0.598,0.000,0,1,0,0,0,0,-1,0,0,0,,0,,0,,0,0,0,1
1723722805,194,1,1,8,8,12.95,0,0,0.11 | 0.11 | 0.12,0,0.99 | 1.33 | 1.61,0,2.49 | 3.00 | 4.06,0.598,0.000,0,1,0,0,0,0,-1,0,0,0,,0,,0,,0,0,0,1
1723722805,194,1,1,8,8,11.888,0,0,0.11 | 0.11 | 0.12,0,0.99 | 1.33 | 1.61,0,2.49 | 3.00 | 4.06,0.598,0.000,0,1,0,0,0,0,-1,0,0,0,,0,,0,,0,0,0,1
1723722805,194,1,1,8,8,11.888,0,0,0.11 | 0.11 | 0.12,0,0.99 | 1.33 | 1.61,0,2.49 | 3.00 | 4.06,0.598,0.000,0,1,0,0,0,0,-1,0,0,0,,0,,0,,0,0,0,1
1723722805,194,1,1,8,8,11.888,0,0,0.11 | 0.11 | 0.12,0,0.99 | 1.33 | 1.61,0,2.49 | 3.00 | 4.06,0.598,0.000,0,1,0,0,0,0,-1,0,0,0,,0,,0,,0,0,0,1
1723722805,194,1,1,8,8,11.888,0,0,0.11 | 0.11 | 0.12,0,0.99 | 1.33 | 1.61,0,2.49 | 3.00 | 4.06,0.598,0.000,0,1,0,0,0,0,-1,0,0,0,,0,,0,,0,0,0,1
1723722805,194,1,1,8,8,11.888,0,0,0.11 | 0.11 | 0.12,0,0.99 | 1.33 | 1.61,0,2.49 | 3.00 | 4.06,0.598,0.000,0,1,0,0,0,0,-1,0,0,0,,0,,0,,0,0,0,1
1723722806,194,1,1,8,8,11.888,0,0,0.11 | 0.11 | 0.12,0,0.99 | 1.33 | 1.61,0,2.49 | 3.00 | 4.06,0.598,0.000,0,1,0,0,0,0,-1,0,0,0,,0,,0,,0,0,0,1
1723722806,194,1,1,8,8,11.888,0,0,0.11 | 0.11 | 0.12,0,0.99 | 1.33 | 1.61,0,2.49 | 3.00 | 4.06,0.598,0.000,0,1,0,0,0,0,-1,0,0,0,,0,,0,,0,0,0,1
1723722806,194,1,1,8,8,11.888,0,0,0.11 | 0.11 | 0.12,0,0.99 | 1.33 | 1.61,0,2.49 | 3.00 | 4.06,0.598,0.000,0,1,0,0,0,0,-1,0,0,0,,0,,0,,0,0,0,1
1723722806,194,1,1,8,8,11.888,0,0,0.11 | 0.11 | 0.12,0,0.99 | 1.33 | 1.61,0,2.49 | 3.00 | 4.06,0.598,0.000,0,1,0,0,0,0,-1,0,0,0,,0,,0,,0,0,0,1
1723722806,194,1,1,8,8,11.888,0,0,0.11 | 0.11 | 0.12,0,0.99 | 1.33 | 1.61,0,2.49 | 3.00 | 4.06,0.598,0.000,0,1,0,0,0,0,-1,0,0,0,,0,,0,,0,0,0,1
1723722806,194,1,1,8,8,10.825,0,0,0.11 | 0.11 | 0.12,0,0.99 | 1.33 | 1.61,0,2.49 | 3.00 | 4.06,0.598,0.000,0,1,0,0,0,0,-1,0,0,0,,0,,0,,0,0,0,1
1723722806,194,1,1,8,8,10.825,0,0,0.11 | 0.11 | 0.12,0,0.99 | 1.33 | 1.61,0,2.49 | 3.00 | 4.06,0.598,0.000,0,1,0,0,0,0,-1,0,0,0,,0,,0,,0,0,0,1
1723722806,194,1,1,8,8,10.825,0,0,0.11 | 0.11 | 0.12,0,0.99 | 1.33 | 1.61,0,2.49 | 3.00 | 4.06,0.598,0.000,0,1,0,0,0,0,-1,0,0,0,,0,,0,,0,0,0,1
1723722806,194,1,1,8,8,10.825,0,0,0.11 | 0.11 | 0.12,0,0.99 | 1.33 | 1.61,0,2.49 | 3.00 | 4.06,0.598,0.000,0,1,0,0,0,0,-1,0,0,0,,0,,0,,0,0,0,1
1723722806,194,1,1,8,8,10.825,0,0,0.11 | 0.11 | 0.12,0,0.99 | 1.33 | 1.61,0,2.49 | 3.00 | 4.06,0.598,0.000,0,1,0,0,0,0,-1,0,0,0,,0,,0,,0,0,0,1
1723722807,194,1,1,8,8,10.825,0,0,0.11 | 0.11 | 0.12,0,0.99 | 1.33 | 1.61,0,2.49 | 3.00 | 4.06,0.598,0.000,0,1,0,0,0,0,-1,0,0,0,,0,,0,,0,0,0,1
1723722807,194,1,1,8,8,10.825,0,0,0.11 | 0.11 | 0.12,0,0.99 | 1.33 | 1.61,0,2.49 | 3.00 | 4.06,0.598,0.000,0,1,0,0,0,0,-1,0,0,0,,0,,0,,0,0,0,1
1723722807,194,1,1,8,8,10.825,0,0,0.11 | 0.11 | 0.12,0,0.99 | 1.33 | 1.61,0,2.49 | 3.00 | 4.06,0.598,0.000,0,1,0,0,0,0,-1,0,0,0,,0,,0,,0,0,0,1
1723722807,194,1,1,8,8,10.825,0,0,0.11 | 0.11 | 0.12,0,0.99 | 1.33 | 1.61,0,2.49 | 3.00 | 4.06,0.598,0.000,0,1,0,0,0,0,-1,0,0,0,,0,,0,,0,0,0,1
1723722807,194,1,1,8,8,10.825,0,0,0.11 | 0.11 | 0.12,0,0.99 | 1.33 | 1.61,0,2.49 | 3.00 | 4.06,0.598,0.000,0,1,0,0,0,0,-1,0,0,0,,0,,0,,0,0,0,1
1723722807,194,1,1,8,8,14.797,0,0,0.11 | 0.11 | 0.12,0,0.99 | 1.32 | 1.57,0,2.55 | 3.02 | 4.06,0.597,0.000,0,1,0,0,0,0,-1,0,0,0,,0,,0,,0,0,0,1
1723722807,194,1,1,8,8,14.797,0,0,0.11 | 0.11 | 0.12,0,0.99 | 1.32 | 1.57,0,2.55 | 3.02 | 4.06,0.597,0.000,0,1,0,0,0,0,-1,0,0,0,,0,,0,,0,0,0,1
1723722807,194,1,1,8,8,14.797,0,0,0.11 | 0.11 | 0.12,0,0.99 | 1.32 | 1.57,0,2.55 | 3.02 | 4.06,0.597,0.000,0,1,0,0,0,0,-1,0,0,0,,0,,0,,0,0,0,1
1723722807,194,1,1,8,8,14.797,0,0,0.11 | 0.11 | 0.12,0,0.99 | 1.32 | 1.57,0,2.55 | 3.02 | 4.06,0.597,0.000,0,1,0,0,0,0,-1,0,0,0,,0,,0,,0,0,0,1
1723722807,194,1,1,8,8,14.797,0,0,0.11 | 0.11 | 0.12,0,0.99 | 1.32 | 1.57,0,2.55 | 3.02 | 4.06,0.597,0.000,0,1,0,0,0,0,-1,0,0,0,,0,,0,,0,0,0,1
1723722808,194,1,1,8,8,14.797,0,0,0.11 | 0.11 | 0.12,0,0.99 | 1.32 | 1.57,0,2.55 | 3.02 | 4.06,0.597,0.000,0,1,0,0,0,0,-1,0,0,0,,0,,0,,0,0,0,1
1723722808,194,1,1,8,8,14.797,0,0,0.11 | 0.11 | 0.12,0,0.99 | 1.32 | 1.57,0,2.55 | 3.02 | 4.06,0.597,0.000,0,1,0,0,0,0,-1,0,0,0,,0,,0,,0,0,0,1
1723722808,194,1,1,8,8,14.797,0,0,0.11 | 0.11 | 0.12,0,0.99 | 1.32 | 1.57,0,2.55 | 3.02 | 4.06,0.597,0.000,0,1,0,0,0,0,-1,0,0,0,,0,,0,,0,0,0,1
1723722808,194,1,1,8,8,14.797,0,0,0.11 | 0.11 | 0.12,0,0.99 | 1.32 | 1.57,0,2.55 | 3.02 | 4.06,0.597,0.000,0,1,0,0,0,0,-1,0,0,0,,0,,0,,0,0,0,1
1723722808,194,1,1,8,8,14.797,0,0,0.11 | 0.11 | 0.12,0,0.99 | 1.32 | 1.57,0,2.55 | 3.02 | 4.06,0.597,0.000,0,1,0,0,0,0,-1,0,0,0,,0,,0,,0,0,0,1
1723722808,194,1,1,8,8,13.766,0,0,0.11 | 0.11 | 0.12,0,0.99 | 1.32 | 1.57,0,2.55 | 3.02 | 4.06,0.597,0.000,0,1,0,0,0,0,-1,0,0,0,,0,,0,,0,0,0,1
1723722808,194,1,1,8,8,13.766,0,0,0.11 | 0.11 | 0.12,0,0.99 | 1.32 | 1.57,0,2.55 | 3.02 | 4.06,0.597,0.000,0,1,0,0,0,0,-1,0,0,0,,0,,0,,0,0,0,1
1723722808,194,1,1,8,8,13.766,0,0,0.11 | 0.11 | 0.12,0,0.99 | 1.32 | 1.57,0,2.55 | 3.02 | 4.06,0.597,0.000,0,1,0,0,0,0,-1,0,0,0,,0,,0,,0,0,0,1
1723722808,194,1,1,8,8,13.766,0,0,0.11 | 0.11 | 0.12,0,0.99 | 1.32 | 1.57,0,2.55 | 3.02 | 4.06,0.597,0.000,0,1,0,0,0,0,-1,0,0,0,,0,,0,,0,0,0,1
1723722808,194,1,1,8,8,13.766,0,0,0.11 | 0.11 | 0.12,0,0.99 | 1.32 | 1.57,0,2.55 | 3.02 | 4.06,0.597,0.000,0,1,0,0,0,0,-1,0,0,0,,0,,0,,0,0,0,1
1723722809,194,1,1,8,8,13.766,0,0,0.11 | 0.11 | 0.12,0,0.99 | 1.32 | 1.57,0,2.55 | 3.02 | 4.06,0.597,0.000,0,1,0,0,0,0,-1,0,0,0,,0,,0,,0,0,0,1
1723722809,194,1,1,8,8,13.766,0,0,0.11 | 0.11 | 0.12,0,0.99 | 1.32 | 1.57,0,2.55 | 3.02 | 4.06,0.597,0.000,0,1,0,0,0,0,-1,0,0,0,,0,,0,,0,0,0,1
1723722809,194,1,1,8,8,13.766,0,0,0.11 | 0.11 | 0.12,0,0.99 | 1.32 | 1.57,0,2.55 | 3.02 | 4.06,0.597,0.000,0,1,0,0,0,0,-1,0,0,0,,0,,0,,0,0,0,1
1723722809,194,1,1,8,8,13.766,0,0,0.11 | 0.11 | 0.12,0,0.99 | 1.32 | 1.57,0,2.55 | 3.02 | 4.06,0.597,0.000,0,1,0,0,0,0,-1,0,0,0,,0,,0,,0,0,0,1
1723722809,194,1,1,8,8,13.766,0,0,0.11 | 0.11 | 0.12,0,0.99 | 1.32 | 1.57,0,2.55 | 3.02 | 4.06,0.597,0.000,0,1,0,0,0,0,-1,0,0,0,,0,,0,,0,0,0,1
1723722809,194,1,1,8,8,12.704,0,0,0.11 | 0.11 | 0.12,0,0.99 | 1.32 | 1.57,0,2.55 | 3.02 | 4.06,0.597,0.000,0,1,0,0,0,0,-1,0,0,0,,0,,0,,0,0,0,1
1723722809,194,1,1,8,8,12.704,0,0,0.11 | 0.11 | 0.12,0,0.99 | 1.32 | 1.57,0,2.55 | 3.02 | 4.06,0.597,0.000,0,1,0,0,0,0,-1,0,0,0,,0,,0,,0,0,0,1
1723722809,194,1,1,8,8,12.704,0,0,0.11 | 0.11 | 0.12,0,0.99 | 1.32 | 1.57,0,2.55 | 3.02 | 4.06,0.597,0.000,0,1,0,0,0,0,-1,0,0,0,,0,,0,,0,0,0,1
1723722809,194,1,1,8,8,12.704,0,0,0.11 | 0.11 | 0.12,0,0.99 | 1.32 | 1.57,0,2.55 | 3.02 | 4.06,0.597,0.000,0,1,0,0,0,0,-1,0,0,0,,0,,0,,0,0,0,1
1723722809,194,1,1,8,8,12.704,0,0,0.11 | 0.11 | 0.12,0,0.99 | 1.32 | 1.57,0,2.55 | 3.02 | 4.06,0.597,0.000,0,1,0,0,0,0,-1,0,0,0,,0,,0,,0,0,0,1
1723722810,194,1,1,8,8,12.704,0,0,0.11 | 0.11 | 0.12,0,0.99 | 1.32 | 1.57,0,2.55 | 3.02 | 4.06,0.597,0.000,0,1,0,0,0,0,-1,0,0,0,,0,,0,,0,0,0,1
1723722810,194,1,1,8,8,12.704,0,0,0.11 | 0.11 | 0.12,0,0.99 | 1.32 | 1.57,0,2.55 | 3.02 | 4.06,0.597,0.000,0,1,0,0,0,0,-1,0,0,0,,0,,0,,0,0,0,1
1723722810,194,1,1,8,8,12.704,0,0,0.11 | 0.11 | 0.12,0,0.99 | 1.32 | 1.57,0,2.55 | 3.02 | 4.06,0.597,0.000,0,1,0,0,0,0,-1,0,0,0,,0,,0,,0,0,0,1
1723722810,194,1,1,8,8,12.704,0,0,0.11 | 0.11 | 0.12,0,0.99 | 1.32 | 1.57,0,2.55 | 3.02 | 4.06,0.597,0.000,0,1,0,0,0,0,-1,0,0,0,,0,,0,,0,0,0,1
1723722810,194,1,1,8,8,12.704,0,0,0.11 | 0.11 | 0.12,0,0.99 | 1.32 | 1.57,0,2.55 | 3.02 | 4.06,0.597,0.000,0,1,0,0,0,0,-1,0,0,0,,0,,0,,0,0,0,1
1723722810,194,1,1,8,8,11.641,0,0,0.11 | 0.11 | 0.12,0,0.99 | 1.32 | 1.57,0,2.55 | 3.02 | 4.06,0.597,0.000,0,1,0,0,0,0,-1,0,0,0,,0,,0,,0,0,0,1
1723722810,194,1,1,8,8,11.641,0,0,0.11 | 0.11 | 0.12,0,0.99 | 1.32 | 1.57,0,2.55 | 3.02 | 4.06,0.597,0.000,0,1,0,0,0,0,-1,0,0,0,,0,,0,,0,0,0,1
1723722810,194,1,1,8,8,11.641,0,0,0.11 | 0.11 | 0.12,0,0.99 | 1.32 | 1.57,0,2.55 | 3.02 | 4.06,0.597,0.000,0,1,0,0,0,0,-1,0,0,0,,0,,0,,0,0,0,1
1723722810,194,1,1,8,8,11.641,0,0,0.11 | 0.11 | 0.12,0,0.99 | 1.32 | 1.57,0,2.55 | 3.02 | 4.06,0.597,0.000,0,1,0,0,0,0,-1,0,0,0,,0,,0,,0,0,0,1
1723722810,194,1,1,8,8,11.641,0,0,0.11 | 0.11 | 0.12,0,0.99 | 1.32 | 1.57,0,2.55 | 3.02 | 4.06,0.597,0.000,0,1,0,0,0,0,-1,0,0,0,,0,,0,,0,0,0,1
1723722811,194,1,1,8,8,11.641,0,0,0.11 | 0.11 | 0.12,0,0.99 | 1.32 | 1.57,0,2.55 | 3.02 | 4.06,0.597,0.000,0,1,0,0,0,0,-1,0,0,0,,0,,0,,0,0,0,1
1723722811,194,1,1,8,8,11.641,0,0,0.11 | 0.11 | 0.12,0,0.99 | 1.32 | 1.57,0,2.55 | 3.02 | 4.06,0.597,0.000,0,1,0,0,0,0,-1,0,0,0,,0,,0,,0,0,0,1
1723722811,194,1,1,8,8,11.641,0,0,0.11 | 0.11 | 0.12,0,0.99 | 1.32 | 1.57,0,2.55 | 3.02 | 4.06,0.597,0.000,0,1,0,0,0,0,-1,0,0,0,,0,,0,,0,0,0,1
1723722811,194,1,1,8,8,11.641,0,0,0.11 | 0.11 | 0.12,0,0.99 | 1.32 | 1.57,0,2.55 | 3.02 | 4.06,0.597,0.000,0,1,0,0,0,0,-1,0,0,0,,0,,0,,0,0,0,1
1723722811,194,1,1,8,8,11.641,0,0,0.11 | 0.11 | 0.12,0,0.99 | 1.32 | 1.57,0,2.55 | 3.02 | 4.06,0.597,0.000,0,1,0,0,0,0,-1,0,0,0,,0,,0,,0,0,0,1
1723722811,194,1,1,8,8,10.844,0,0,0.11 | 0.11 | 0.12,0,0.99 | 1.32 | 1.57,0,2.55 | 3.02 | 4.06,0.597,0.000,0,1,0,0,0,0,-1,0,0,0,,0,,0,,0,0,0,1
1723722811,194,1,1,8,8,10.844,0,0,0.11 | 0.11 | 0.12,0,0.99 | 1.32 | 1.57,0,2.55 | 3.02 | 4.06,0.597,0.000,0,1,0,0,0,0,-1,0,0,0,,0,,0,,0,0,0,1
1723722811,194,1,1,8,8,10.844,0,0,0.11 | 0.11 | 0.12,0,0.99 | 1.32 | 1.57,0,2.55 | 3.02 | 4.06,0.597,0.000,0,1,0,0,0,0,-1,0,0,0,,0,,0,,0,0,0,1
1723722811,194,1,1,8,8,10.844,0,0,0.11 | 0.11 | 0.12,0,0.99 | 1.32 | 1.57,0,2.55 | 3.02 | 4.06,0.597,0.000,0,1,0,0,0,0,-1,0,0,0,,0,,0,,0,0,0,1
1723722811,194,1,1,8,8,10.844,0,0,0.11 | 0.11 | 0.12,0,0.99 | 1.32 | 1.57,0,2.55 | 3.02 | 4.06,0.597,0.000,0,1,0,0,0,0,-1,0,0,0,,0,,0,,0,0,0,1
1723722812,194,1,1,8,8,10.844,0,0,0.11 | 0.11 | 0.12,0,0.99 | 1.32 | 1.57,0,2.55 | 3.02 | 4.06,0.597,0.000,0,1,0,0,0,0,-1,0,0,0,,0,,0,,0,0,0,1
1723722812,194,1,1,8,8,10.844,0,0,0.11 | 0.11 | 0.12,0,0.99 | 1.32 | 1.57,0,2.55 | 3.02 | 4.06,0.597,0.000,0,1,0,0,0,0,-1,0,0,0,,0,,0,,0,0,0,1
1723722812,194,1,1,8,8,10.844,0,0,0.11 | 0.11 | 0.12,0,0.99 | 1.32 | 1.57,0,2.55 | 3.02 | 4.06,0.597,0.000,0,1,0,0,0,0,-1,0,0,0,,0,,0,,0,0,0,1
1723722812,194,1,1,8,8,10.844,0,0,0.11 | 0.11 | 0.12,0,0.99 | 1.32 | 1.57,0,2.55 | 3.02 | 4.06,0.597,0.000,0,1,0,0,0,0,-1,0,0,0,,0,,0,,0,0,0,1
1723722812,194,1,1,8,8,10.844,0,0,0.11 | 0.11 | 0.12,0,0.99 | 1.32 | 1.57,0,2.55 | 3.02 | 4.06,0.597,0.000,0,1,0,0,0,0,-1,0,0,0,,0,,0,,0,0,0,1
1723722812,194,1,1,8,8,12.966,0,0,0.11 | 0.11 | 0.12,0,0.99 | 1.30 | 1.57,0,2.55 | 3.08 | 4.06,0.618,0.000,0,1,0,0,0,0,-1,0,0,0,,0,,0,,0,0,0,1
1723722812,194,1,1,8,8,12.966,0,0,0.11 | 0.11 | 0.12,0,0.99 | 1.30 | 1.57,0,2.55 | 3.08 | 4.06,0.618,0.000,0,1,0,0,0,0,-1,0,0,0,,0,,0,,0,0,0,1
1723722812,194,1,1,8,8,12.966,0,0,0.11 | 0.11 | 0.12,0,0.99 | 1.30 | 1.57,0,2.55 | 3.08 | 4.06,0.618,0.000,0,1,0,0,0,0,-1,0,0,0,,0,,0,,0,0,0,1
1723722812,194,1,1,8,8,12.966,0,0,0.11 | 0.11 | 0.12,0,0.99 | 1.30 | 1.57,0,2.55 | 3.08 | 4.06,0.618,0.000,0,1,0,0,0,0,-1,0,0,0,,0,,0,,0,0,0,1
1723722812,194,1,1,8,8,12.966,0,0,0.11 | 0.11 | 0.12,0,0.99 | 1.30 | 1.57,0,2.55 | 3.08 | 4.06,0.618,0.000,0,1,0,0,0,0,-1,0,0,0,,0,,0,,0,0,0,1
1723722813,194,1,1,8,8,12.966,0,0,0.11 | 0.11 | 0.12,0,0.99 | 1.30 | 1.57,0,2.55 | 3.08 | 4.06,0.618,0.000,0,1,0,0,0,0,-1,0,0,0,,0,,0,,0,0,0,1
1723722813,194,1,1,8,8,12.966,0,0,0.11 | 0.11 | 0.12,0,0.99 | 1.30 | 1.57,0,2.55 | 3.08 | 4.06,0.618,0.000,0,1,0,0,0,0,-1,0,0,0,,0,,0,,0,0,0,1
1723722813,194,1,1,8,8,12.966,0,0,0.11 | 0.11 | 0.12,0,0.99 | 1.30 | 1.57,0,2.55 | 3.08 | 4.06,0.618,0.000,0,1,0,0,0,0,-1,0,0,0,,0,,0,,0,0,0,1
1723722813,194,1,1,8,8,12.966,0,0,0.11 | 0.11 | 0.12,0,0.99 | 1.30 | 1.57,0,2.55 | 3.08 | 4.06,0.618,0.000,0,1,0,0,0,0,-1,0,0,0,,0,,0,,0,0,0,1
1723722813,194,1,1,8,8,12.966,0,0,0.11 | 0.11 | 0.12,0,0.99 | 1.30 | 1.57,0,2.55 | 3.08 | 4.06,0.618,0.000,0,1,0,0,0,0,-1,0,0,0,,0,,0,,0,0,0,1
1723722813,194,1,1,8,8,11.904,0,0,0.11 | 0.11 | 0.12,0,0.99 | 1.30 | 1.57,0,2.55 | 3.08 | 4.06,0.618,0.000,0,1,0,0,0,0,-1,0,0,0,,0,,0,,0,0,0,1
1723722813,194,1,1,8,8,11.904,0,0,0.11 | 0.11 | 0.12,0,0.99 | 1.30 | 1.57,0,2.55 | 3.08 | 4.06,0.618,0.000,0,1,0,0,0,0,-1,0,0,0,,0,,0,,0,0,0,1
1723722813,194,1,1,8,8,11.904,0,0,0.11 | 0.11 | 0.12,0,0.99 | 1.30 | 1.57,0,2.55 | 3.08 | 4.06,0.618,0.000,0,1,0,0,0,0,-1,0,0,0,,0,,0,,0,0,0,1
1723722813,194,1,1,8,8,11.904,0,0,0.11 | 0.11 | 0.12,0,0.99 | 1.30 | 1.57,0,2.55 | 3.08 | 4.06,0.618,0.000,0,1,0,0,0,0,-1,0,0,0,,0,,0,,0,0,0,1
1723722813,194,1,1,8,8,11.904,0,0,0.11 | 0.11 | 0.12,0,0.99 | 1.30 | 1.57,0,2.55 | 3.08 | 4.06,0.618,0.000,0,1,0,0,0,0,-1,0,0,0,,0,,0,,0,0,0,1
1723722814,194,1,1,8,8,11.904,0,0,0.11 | 0.11 | 0.12,0,0.99 | 1.30 | 1.57,0,2.55 | 3.08 | 4.06,0.618,0.000,0,1,0,0,0,0,-1,0,0,0,,0,,0,,0,0,0,1
1723722814,194,1,1,8,8,11.904,0,0,0.11 | 0.11 | 0.12,0,0.99 | 1.30 | 1.57,0,2.55 | 3.08 | 4.06,0.618,0.000,0,1,0,0,0,0,-1,0,0,0,,0,,0,,0,0,0,1
1723722814,194,1,1,8,8,11.904,0,0,0.11 | 0.11 | 0.12,0,0.99 | 1.30 | 1.57,0,2.55 | 3.08 | 4.06,0.618,0.000,0,1,0,0,0,0,-1,0,0,0,,0,,0,,0,0,0,1
1723722814,194,1,1,8,8,11.904,0,0,0.11 | 0.11 | 0.12,0,0.99 | 1.30 | 1.57,0,2.55 | 3.08 | 4.06,0.618,0.000,0,1,0,0,0,0,-1,0,0,0,,0,,0,,0,0,0,1
1723722814,194,1,1,8,8,11.904,0,0,0.11 | 0.11 | 0.12,0,0.99 | 1.30 | 1.57,0,2.55 | 3.08 | 4.06,0.618,0.000,0,1,0,0,0,0,-1,0,0,0,,0,,0,,0,0,0,1
1723722814,194,1,1,8,8,10.841,0,0,0.11 | 0.11 | 0.12,0,0.99 | 1.30 | 1.57,0,2.55 | 3.08 | 4.06,0.618,0.000,0,1,0,0,0,0,-1,0,0,0,,0,,0,,0,0,0,1
1723722814,194,1,1,8,8,10.841,0,0,0.11 | 0.11 | 0.12,0,0.99 | 1.30 | 1.57,0,2.55 | 3.08 | 4.06,0.618,0.000,0,1,0,0,0,0,-1,0,0,0,,0,,0,,0,0,0,1
1723722814,194,1,1,8,8,10.841,0,0,0.11 | 0.11 | 0.12,0,0.99 | 1.30 | 1.57,0,2.55 | 3.08 | 4.06,0.618,0.000,0,1,0,0,0,0,-1,0,0,0,,0,,0,,0,0,0,1
1723722814,194,1,1,8,8,10.841,0,0,0.11 | 0.11 | 0.12,0,0.99 | 1.30 | 1.57,0,2.55 | 3.08 | 4.06,0.618,0.000,0,1,0,0,0,0,-1,0,0,0,,0,,0,,0,0,0,1
1723722814,194,1,1,8,8,10.841,0,0,0.11 | 0.11 | 0.12,0,0.99 | 1.30 | 1.57,0,2.55 | 3.08 | 4.06,0.618,0.000,0,1,0,0,0,0,-1,0,0,0,,0,,0,,0,0,0,1
1723722815,194,1,1,8,8,10.841,0,0,0.11 | 0.11 | 0.12,0,0.99 | 1.30 | 1.57,0,2.55 | 3.08 | 4.06,0.618,0.000,0,1,0,0,0,0,-1,0,0,0,,0,,0,,0,0,0,1
1723722815,194,1,1,8,8,10.841,0,0,0.11 | 0.11 | 0.12,0,0.99 | 1.30 | 1.57,0,2.55 | 3.08 | 4.06,0.618,0.000,0,1,0,0,0,0,-1,0,0,0,,0,,0,,0,0,0,1
1723722815,194,1,1,8,8,10.841,0,0,0.11 | 0.11 | 0.12,0,0.99 | 1.30 | 1.57,0,2.55 | 3.08 | 4.06,0.618,0.000,0,1,0,0,0,0,-1,0,0,0,,0,,0,,0,0,0,1
1723722815,194,1,1,8,8,10.841,0,0,0.11 | 0.11 | 0.12,0,0.99 | 1.30 | 1.57,0,2.55 | 3.08 | 4.06,0.618,0.000,0,1,0,0,0,0,-1,0,0,0,,0,,0,,0,0,0,1
1723722815,194,1,1,8,8,10.841,0,0,0.11 | 0.11 | 0.12,0,0.99 | 1.30 | 1.57,0,2.55 | 3.08 | 4.06,0.618,0.000,0,1,0,0,0,0,-1,0,0,0,,0,,0,,0,0,0,1
1723722815,194,1,1,8,8,10.044,0,0,0.11 | 0.11 | 0.12,0,0.99 | 1.30 | 1.57,0,2.55 | 3.08 | 4.06,0.618,0.000,0,1,0,0,0,0,-1,0,0,0,,0,,0,,0,0,0,1
1723722815,194,1,1,8,8,10.044,0,0,0.11 | 0.11 | 0.12,0,0.99 | 1.30 | 1.57,0,2.55 | 3.08 | 4.06,0.618,0.000,0,1,0,0,0,0,-1,0,0,0,,0,,0,,0,0,0,1
1723722815,194,1,1,8,8,10.044,0,0,0.11 | 0.11 | 0.12,0,0.99 | 1.30 | 1.57,0,2.55 | 3.08 | 4.06,0.618,0.000,0,1,0,0,0,0,-1,0,0,0,,0,,0,,0,0,0,1
1723722815,194,1,1,8,8,10.044,0,0,0.11 | 0.11 | 0.12,0,0.99 | 1.30 | 1.57,0,2.55 | 3.08 | 4.06,0.618,0.000,0,1,0,0,0,0,-1,0,0,0,,0,,0,,0,0,0,1
1723722815,194,1,1,8,8,10.044,0,0,0.11 | 0.11 | 0.12,0,0.99 | 1.30 | 1.57,0,2.55 | 3.08 | 4.06,0.618,0.000,0,1,0,0,0,0,-1,0,0,0,,0,,0,,0,0,0,1
1723722816,194,1,1,8,8,10.044,0,0,0.11 | 0.11 | 0.12,0,0.99 | 1.30 | 1.57,0,2.55 | 3.08 | 4.06,0.618,0.000,0,1,0,0,0,0,-1,0,0,0,,0,,0,,0,0,0,1
1723722816,194,1,1,8,8,10.044,0,0,0.11 | 0.11 | 0.12,0,0.99 | 1.30 | 1.57,0,2.55 | 3.08 | 4.06,0.618,0.000,0,1,0,0,0,0,-1,0,0,0,,0,,0,,0,0,0,1
1723722816,194,1,1,8,8,10.044,0,0,0.11 | 0.11 | 0.12,0,0.99 | 1.30 | 1.57,0,2.55 | 3.08 | 4.06,0.618,0.000,0,1,0,0,0,0,-1,0,0,0,,0,,0,,0,0,0,1
1723722816,194,1,1,8,8,10.044,0,0,0.11 | 0.11 | 0.12,0,0.99 | 1.30 | 1.57,0,2.55 | 3.08 | 4.06,0.618,0.000,0,1,0,0,0,0,-1,0,0,0,,0,,0,,0,0,0,1
1723722816,194,1,1,8,8,10.044,0,0,0.11 | 0.11 | 0.12,0,0.99 | 1.30 | 1.57,0,2.55 | 3.08 | 4.06,0.618,0.000,0,1,0,0,0,0,-1,0,0,0,,0,,0,,0,0,0,1
1723722816,194,1,1,8,8,13.735,0,0,0.11 | 0.11 | 0.12,0,0.99 | 1.33 | 1.71,0,2.34 | 3.00 | 4.06,0.613,0.000,0,1,0,0,0,0,-1,0,0,0,,0,,0,,0,0,0,1
1723722816,194,1,1,8,8,13.735,0,0,0.11 | 0.11 | 0.12,0,0.99 | 1.33 | 1.71,0,2.34 | 3.00 | 4.06,0.613,0.000,0,1,0,0,0,0,-1,0,0,0,,0,,0,,0,0,0,1
1723722816,194,1,1,8,8,13.735,0,0,0.11 | 0.11 | 0.12,0,0.99 | 1.33 | 1.71,0,2.34 | 3.00 | 4.06,0.613,0.000,0,1,0,0,0,0,-1,0,0,0,,0,,0,,0,0,0,1
1723722816,194,1,1,8,8,13.735,0,0,0.11 | 0.11 | 0.12,0,0.99 | 1.33 | 1.71,0,2.34 | 3.00 | 4.06,0.613,0.000,0,1,0,0,0,0,-1,0,0,0,,0,,0,,0,0,0,1
1723722816,194,1,1,8,8,13.735,0,0,0.11 | 0.11 | 0.12,0,0.99 | 1.33 | 1.71,0,2.34 | 3.00 | 4.06,0.613,0.000,0,1,0,0,0,0,-1,0,0,0,,0,,0,,0,0,0,1
1723722817,194,1,1,8,8,13.735,0,0,0.11 | 0.11 | 0.12,0,0.99 | 1.33 | 1.71,0,2.34 | 3.00 | 4.06,0.613,0.000,0,1,0,0,0,0,-1,0,0,0,,0,,0,,0,0,0,1
1723722817,194,1,1,8,8,13.735,0,0,0.11 | 0.11 | 0.12,0,0.99 | 1.33 | 1.71,0,2.34 | 3.00 | 4.06,0.613,0.000,0,1,0,0,0,0,-1,0,0,0,,0,,0,,0,0,0,1
1723722817,194,1,1,8,8,13.735,0,0,0.11 | 0.11 | 0.12,0,0.99 | 1.33 | 1.71,0,2.34 | 3.00 | 4.06,0.613,0.000,0,1,0,0,0,0,-1,0,0,0,,0,,0,,0,0,0,1
1723722817,194,1,1,8,8,13.735,0,0,0.11 | 0.11 | 0.12,0,0.99 | 1.33 | 1.71,0,2.34 | 3.00 | 4.06,0.613,0.000,0,1,0,0,0,0,-1,0,0,0,,0,,0,,0,0,0,1
1723722817,194,1,1,8,8,13.735,0,0,0.11 | 0.11 | 0.12,0,0.99 | 1.33 | 1.71,0,2.34 | 3.00 | 4.06,0.613,0.000,0,1,0,0,0,0,-1,0,0,0,,0,,0,,0,0,0,1
1723722817,194,1,1,8,8,12.672,0,0,0.11 | 0.11 | 0.12,0,0.99 | 1.33 | 1.71,0,2.34 | 3.00 | 4.06,0.613,0.000,0,1,0,0,0,0,-1,0,0,0,,0,,0,,0,0,0,1
1723722817,194,1,1,8,8,12.672,0,0,0.11 | 0.11 | 0.12,0,0.99 | 1.33 | 1.71,0,2.34 | 3.00 | 4.06,0.613,0.000,0,1,0,0,0,0,-1,0,0,0,,0,,0,,0,0,0,1
1723722817,194,1,1,8,8,12.672,0,0,0.11 | 0.11 | 0.12,0,0.99 | 1.33 | 1.71,0,2.34 | 3.00 | 4.06,0.613,0.000,0,1,0,0,0,0,-1,0,0,0,,0,,0,,0,0,0,1
1723722817,194,1,1,8,8,12.672,0,0,0.11 | 0.11 | 0.12,0,0.99 | 1.33 | 1.71,0,2.34 | 3.00 | 4.06,0.613,0.000,0,1,0,0,0,0,-1,0,0,0,,0,,0,,0,0,0,1
1723722817,194,1,1,8,8,12.672,0,0,0.11 | 0.11 | 0.12,0,0.99 | 1.33 | 1.71,0,2.34 | 3.00 | 4.06,0.613,0.000,0,1,0,0,0,0,-1,0,0,0,,0,,0,,0,0,0,1
1723722818,194,1,1,8,8,12.672,0,0,0.11 | 0.11 | 0.12,0,0.99 | 1.33 | 1.71,0,2.34 | 3.00 | 4.06,0.613,0.000,0,1,0,0,0,0,-1,0,0,0,,0,,0,,0,0,0,1
1723722818,194,1,1,8,8,12.672,0,0,0.11 | 0.11 | 0.12,0,0.99 | 1.33 | 1.71,0,2.34 | 3.00 | 4.06,0.613,0.000,0,1,0,0,0,0,-1,0,0,0,,0,,0,,0,0,0,1
1723722818,194,1,1,8,8,12.672,0,0,0.11 | 0.11 | 0.12,0,0.99 | 1.33 | 1.71,0,2.34 | 3.00 | 4.06,0.613,0.000,0,1,0,0,0,0,-1,0,0,0,,0,,0,,0,0,0,1
1723722818,194,1,1,8,8,12.672,0,0,0.11 | 0.11 | 0.12,0,0.99 | 1.33 | 1.71,0,2.34 | 3.00 | 4.06,0.613,0.000,0,1,0,0,0,0,-1,0,0,0,,0,,0,,0,0,0,1
1723722818,194,1,1,8,8,12.672,0,0,0.11 | 0.11 | 0.12,0,0.99 | 1.33 | 1.71,0,2.34 | 3.00 | 4.06,0.613,0.000,0,1,0,0,0,0,-1,0,0,0,,0,,0,,0,0,0,1
1723722818,194,1,1,8,8,11.61,0,0,0.11 | 0.11 | 0.12,0,0.99 | 1.33 | 1.71,0,2.34 | 3.00 | 4.06,0.613,0.000,0,1,0,0,0,0,-1,0,0,0,,0,,0,,0,0,0,1
1723722818,194,1,1,8,8,11.61,0,0,0.11 | 0.11 | 0.12,0,0.99 | 1.33 | 1.71,0,2.34 | 3.00 | 4.06,0.613,0.000,0,1,0,0,0,0,-1,0,0,0,,0,,0,,0,0,0,1
1723722818,387,1,2,8,8,11.61,0,0,0.11 | 0.11 | 0.12,0,0.99 | 1.33 | 1.71,0,2.34 | 3.00 | 4.06,0.613,0.000,0,1,0,0,0,0,-1,0,0,0,,0,,0,,0,0,0,1
1723722818,387,1,2,8,8,11.61,0,0,0.11 | 0.11 | 0.12,0,0.99 | 1.33 | 1.71,0,2.34 | 3.00 | 4.06,0.613,0.000,0,1,0,0,0,0,-1,0,0,0,,0,,0,,0,0,0,1
1723722818,387,1,2,8,8,11.61,0,0,0.11 | 0.11 | 0.12,0,0.99 | 1.33 | 1.71,0,2.34 | 3.00 | 4.06,0.613,0.000,0,1,0,0,0,0,-1,0,0,0,,0,,0,,0,0,0,1
1723722819,387,1,2,8,8,11.61,0,0,0.11 | 0.11 | 0.12,0,0.99 | 1.33 | 1.71,0,2.34 | 3.00 | 4.06,0.613,0.000,0,1,0,0,0,0,-1,0,0,0,,0,,0,,0,0,0,1
1723722819,387,1,2,8,8,11.61,0,0,0.11 | 0.11 | 0.12,0,0.99 | 1.33 | 1.71,0,2.34 | 3.00 | 4.06,0.613,0.000,0,1,0,0,0,0,-1,0,0,0,,0,,0,,0,0,0,1
1723722819,387,1,2,8,8,11.61,0,0,0.11 | 0.11 | 0.12,0,0.99 | 1.33 | 1.71,0,2.34 | 3.00 | 4.06,0.613,0.000,0,1,0,0,0,0,-1,0,0,0,,0,,0,,0,0,0,1
1723722819,387,1,2,8,8,11.61,0,0,0.11 | 0.11 | 0.12,0,0.99 | 1.33 | 1.71,0,2.34 | 3.00 | 4.06,0.613,0.000,0,1,0,0,0,0,-1,0,0,0,,0,,0,,0,0,0,1
1723722819,387,1,2,8,8,11.61,0,0,0.11 | 0.11 | 0.12,0,0.99 | 1.33 | 1.71,0,2.34 | 3.00 | 4.06,0.613,0.000,0,1,0,0,0,0,-1,0,0,0,,0,,0,,0,0,0,1
1723722819,387,1,2,8,8,10.813,0,0,0.11 | 0.11 | 0.12,0,0.99 | 1.33 | 1.71,0,2.34 | 3.00 | 4.06,0.613,0.000,0,1,0,0,0,0,-1,0,0,0,,0,,0,,0,0,0,1
1723722819,387,1,2,8,8,10.813,0,0,0.11 | 0.11 | 0.12,0,0.99 | 1.33 | 1.71,0,2.34 | 3.00 | 4.06,0.613,0.000,0,1,0,0,0,0,-1,0,0,0,,0,,0,,0,0,0,1
1723722819,387,1,2,8,8,10.813,0,0,0.11 | 0.11 | 0.12,0,0.99 | 1.33 | 1.71,0,2.34 | 3.00 | 4.06,0.613,0.000,0,1,0,0,0,0,-1,0,0,0,,0,,0,,0,0,0,1
1723722819,387,1,2,8,8,10.813,0,0,0.11 | 0.11 | 0.12,0,0.99 | 1.33 | 1.71,0,2.34 | 3.00 | 4.06,0.613,0.000,0,1,0,0,0,0,-1,0,0,0,,0,,0,,0,0,0,1
1723722819,387,1,2,8,8,10.813,0,0,0.11 | 0.11 | 0.12,0,0.99 | 1.33 | 1.71,0,2.34 | 3.00 | 4.06,0.613,0.000,0,1,0,0,0,0,-1,0,0,0,,0,,0,,0,0,0,1
1723722820,387,1,2,8,8,10.813,0,0,0.11 | 0.11 | 0.12,0,0.99 | 1.33 | 1.71,0,2.34 | 3.00 | 4.06,0.613,0.000,0,1,0,0,0,0,-1,0,0,0,,0,,0,,0,0,0,1
1723722820,387,1,2,8,8,10.813,0,0,0.11 | 0.11 | 0.12,0,0.99 | 1.33 | 1.71,0,2.34 | 3.00 | 4.06,0.613,0.000,0,1,0,0,0,0,-1,0,0,0,,0,,0,,0,0,0,1
1723722820,387,1,2,8,8,10.813,0,0,0.11 | 0.11 | 0.12,0,0.99 | 1.33 | 1.71,0,2.34 | 3.00 | 4.06,0.613,0.000,0,1,0,0,0,0,-1,0,0,0,,0,,0,,0,0,0,1
1723722820,387,1,2,8,8,10.813,0,0,0.11 | 0.11 | 0.12,0,0.99 | 1.33 | 1.71,0,2.34 | 3.00 | 4.06,0.613,0.000,0,1,0,0,0,0,-1,0,0,0,,0,,0,,0,0,0,1
1723722820,387,1,2,8,8,10.813,0,0,0.11 | 0.11 | 0.12,0,0.99 | 1.33 | 1.71,0,2.34 | 3.00 | 4.06,0.613,0.000,0,1,0,0,0,0,-1,0,0,0,,0,,0,,0,0,0,1
1723722820,387,1,2,8,8,9.735,0,0,0.11 | 0.11 | 0.12,0,0.99 | 1.33 | 1.71,0,2.34 | 3.00 | 4.06,0.613,0.000,0,1,0,0,0,0,-1,0,0,0,,0,,0,,0,0,0,1
1723722820,387,1,2,8,8,9.735,0,0,0.11 | 0.11 | 0.12,0,0.99 | 1.33 | 1.71,0,2.34 | 3.00 | 4.06,0.613,0.000,0,1,0,0,0,0,-1,0,0,0,,0,,0,,0,0,0,1
1723722820,387,1,2,8,8,9.735,0,0,0.11 | 0.11 | 0.12,0,0.99 | 1.33 | 1.71,0,2.34 | 3.00 | 4.06,0.613,0.000,0,1,0,0,0,0,-1,0,0,0,,0,,0,,0,0,0,1
1723722820,387,1,2,8,8,9.735,0,0,0.11 | 0.11 | 0.12,0,0.99 | 1.33 | 1.71,0,2.34 | 3.00 | 4.06,0.613,0.000,0,1,0,0,0,0,-1,0,0,0,,0,,0,,0,0,0,1
1723722820,387,1,2,8,8,9.735,0,0,0.11 | 0.11 | 0.12,0,0.99 | 1.33 | 1.71,0,2.34 | 3.00 | 4.06,0.613,0.000,0,1,0,0,0,0,-1,0,0,0,,0,,0,,0,0,0,1
1723722821,387,1,2,8,8,9.735,0,0,0.11 | 0.11 | 0.12,0,0.99 | 1.33 | 1.71,0,2.34 | 3.00 | 4.06,0.613,0.000,0,1,0,0,0,0,-1,0,0,0,,0,,0,,0,0,0,1
1723722821,387,1,2,8,8,9.735,0,0,0.11 | 0.11 | 0.12,0,0.99 | 1.33 | 1.71,0,2.34 | 3.00 | 4.06,0.613,0.000,0,1,0,0,0,0,-1,0,0,0,,0,,0,,0,0,0,1
1723722821,387,1,2,8,8,9.735,0,0,0.11 | 0.11 | 0.12,0,0.99 | 1.33 | 1.71,0,2.34 | 3.00 | 4.06,0.613,0.000,0,1,0,0,0,0,-1,0,0,0,,0,,0,,0,0,0,1
1723722821,387,1,2,8,8,9.735,0,0,0.11 | 0.11 | 0.12,0,0.99 | 1.33 | 1.71,0,2.34 | 3.00 | 4.06,0.613,0.000,0,1,0,0,0,0,-1,0,0,0,,0,,0,,0,0,0,1
1723722821,387,1,2,8,8,9.735,0,0,0.11 | 0.11 | 0.12,0,0.99 | 1.33 | 1.71,0,2.34 | 3.00 | 4.06,0.613,0.000,0,1,0,0,0,0,-1,0,0,0,,0,,0,,0,0,0,1
1723722821,387,1,2,8,8,8.672,0,0,0.11 | 0.11 | 0.12,0,0.99 | 1.33 | 1.71,0,2.34 | 3.00 | 4.06,0.613,0.000,0,1,0,0,0,0,-1,0,0,0,,0,,0,,0,0,0,1
1723722821,387,1,2,8,8,8.672,0,0,0.11 | 0.11 | 0.12,0,0.99 | 1.33 | 1.71,0,2.34 | 3.00 | 4.06,0.613,0.000,0,1,0,0,0,0,-1,0,0,0,,0,,0,,0,0,0,1
1723722821,387,2,2,8,8,8.672,0,0,0.11 | 0.11 | 0.12,0,0.99 | 1.33 | 1.71,0,2.34 | 3.00 | 4.06,0.613,0.000,0,1,0,0,0,0,-1,0,0,0,,0,,0,,0,0,0,1
1723722821,387,2,2,8,8,8.672,0,0,0.11 | 0.11 | 0.12,0,0.99 | 1.33 | 1.71,0,2.34 | 3.00 | 4.06,0.613,0.000,0,1,0,0,0,0,-1,0,0,0,,0,,0,,0,0,0,1
1723722821,387,2,2,8,8,8.672,0,0,0.11 | 0.11 | 0.12,0,0.99 | 1.33 | 1.71,0,2.34 | 3.00 | 4.06,0.613,0.000,0,1,0,0,0,0,-1,0,0,0,,0,,0,,0,0,0,1
1723722822,387,2,2,8,8,8.672,0,0,0.11 | 0.11 | 0.12,0,0.99 | 1.33 | 1.71,0,2.34 | 3.00 | 4.06,0.613,0.000,0,1,0,0,0,0,-1,0,0,0,,0,,0,,0,0,0,1
1723722822,387,2,2,8,8,8.672,0,0,0.11 | 0.11 | 0.12,0,0.99 | 1.33 | 1.71,0,2.34 | 3.00 | 4.06,0.613,0.000,0,1,0,0,0,0,-1,0,0,0,,0,,0,,0,0,0,1
1723722822,387,2,2,8,8,8.672,0,0,0.11 | 0.11 | 0.12,0,0.99 | 1.33 | 1.71,0,2.34 | 3.00 | 4.06,0.613,0.000,0,1,0,0,0,0,-1,0,0,0,,0,,0,,0,0,0,1
1723722822,387,2,2,8,8,8.672,0,0,0.11 | 0.11 | 0.12,0,0.99 | 1.33 | 1.71,0,2.34 | 3.00 | 4.06,0.613,0.000,0,1,0,0,0,0,-1,0,0,0,,0,,0,,0,0,0,1
1723722822,387,2,2,8,8,8.672,0,0,0.11 | 0.11 | 0.12,0,0.99 | 1.33 | 1.71,0,2.34 | 3.00 | 4.06,0.613,0.000,0,1,0,0,0,0,-1,0,0,0,,0,,0,,0,0,0,1
1723722822,387,2,2,8,8,7.61,0,0,0.11 | 0.11 | 0.12,0,1.07 | 1.67 | 2.33,0,1.71 | 2.39 | 3.72,0.598,0.000,0,1,0,0,0,0,-1,0,0,0,,0,,0,,0,0,0,1
1723722822,387,2,2,8,8,7.61,0,0,0.11 | 0.11 | 0.12,0,1.07 | 1.67 | 2.33,0,1.71 | 2.39 | 3.72,0.598,0.000,0,1,0,0,0,0,-1,0,0,0,,0,,0,,0,0,0,1
1723722822,387,2,2,8,8,7.61,0,0,0.11 | 0.11 | 0.12,0,1.07 | 1.67 | 2.33,0,1.71 | 2.39 | 3.72,0.598,0.000,0,1,0,0,0,0,-1,0,0,0,,0,,0,,0,0,0,1
1723722822,387,2,2,8,8,7.61,0,0,0.11 | 0.11 | 0.12,0,1.07 | 1.67 | 2.33,0,1.71 | 2.39 | 3.72,0.598,0.000,0,1,0,0,0,0,-1,0,0,0,,0,,0,,0,0,0,1
1723722822,387,2,2,8,8,7.61,0,0,0.11 | 0.11 | 0.12,0,1.07 | 1.67 | 2.33,0,1.71 | 2.39 | 3.72,0.598,0.000,0,1,0,0,0,0,-1,0,0,0,,0,,0,,0,0,0,1
1723722823,387,2,2,8,8,7.61,0,0,0.11 | 0.11 | 0.12,0,1.07 | 1.67 | 2.33,0,1.71 | 2.39 | 3.72,0.598,0.000,0,1,0,0,0,0,-1,0,0,0,,0,,0,,0,0,0,1
1723722823,387,2,2,8,8,7.61,0,0,0.11 | 0.11 | 0.12,0,1.07 | 1.67 | 2.33,0,1.71 | 2.39 | 3.72,0.598,0.000,0,1,0,0,0,0,-1,0,0,0,,0,,0,,0,0,0,1
1723722823,387,2,2,8,8,7.61,0,0,0.11 | 0.11 | 0.12,0,1.07 | 1.67 | 2.33,0,1.71 | 2.39 | 3.72,0.598,0.000,0,1,0,0,0,0,-1,0,0,0,,0,,0,,0,0,0,1
1723722823,387,2,2,8,8,7.61,0,0,0.11 | 0.11 | 0.12,0,1.07 | 1.67 | 2.33,0,1.71 | 2.39 | 3.72,0.598,0.000,0,1,0,0,0,0,-1,0,0,0,,0,,0,,0,0,0,1
1723722823,387,2,2,8,8,7.61,0,0,0.11 | 0.11 | 0.12,0,1.07 | 1.67 | 2.33,0,1.71 | 2.39 | 3.72,0.598,0.000,0,1,0,0,0,0,-1,0,0,0,,0,,0,,0,0,0,1
1723722823,387,2,2,8,8,6.811,0,0,0.11 | 0.11 | 0.12,0,1.07 | 1.67 | 2.33,0,1.71 | 2.39 | 3.72,0.598,0.000,0,1,0,0,0,0,-1,0,0,0,,0,,0,,0,0,0,1
1723722823,387,2,2,8,8,6.811,0,0,0.11 | 0.11 | 0.12,0,1.07 | 1.67 | 2.33,0,1.71 | 2.39 | 3.72,0.598,0.000,0,1,0,0,0,0,-1,0,0,0,,0,,0,,0,0,0,1
1723722823,387,2,2,8,8,6.811,0,0,0.11 | 0.11 | 0.12,0,1.07 | 1.67 | 2.33,0,1.71 | 2.39 | 3.72,0.598,0.000,0,1,0,0,0,0,-1,0,0,0,,0,,0,,0,0,0,1
1723722823,387,2,2,8,8,6.811,0,0,0.11 | 0.11 | 0.12,0,1.07 | 1.67 | 2.33,0,1.71 | 2.39 | 3.72,0.598,0.000,0,1,0,0,0,0,-1,0,0,0,,0,,0,,0,0,0,1
1723722823,387,2,2,8,8,6.811,0,0,0.11 | 0.11 | 0.12,0,1.07 | 1.67 | 2.33,0,1.71 | 2.39 | 3.72,0.598,0.000,0,1,0,0,0,0,-1,0,0,0,,0,,0,,0,0,0,1
1723722824,387,2,2,8,8,6.811,0,0,0.11 | 0.11 | 0.12,0,1.07 | 1.67 | 2.33,0,1.71 | 2.39 | 3.72,0.598,0.000,0,1,0,0,0,0,-1,0,0,0,,0,,0,,0,0,0,1
1723722824,387,2,2,8,8,6.811,0,0,0.11 | 0.11 | 0.12,0,1.07 | 1.67 | 2.33,0,1.71 | 2.39 | 3.72,0.598,0.000,0,1,0,0,0,0,-1,0,0,0,,0,,0,,0,0,0,1
1723722824,387,2,2,8,8,6.811,0,0,0.11 | 0.11 | 0.12,0,1.07 | 1.67 | 2.33,0,1.71 | 2.39 | 3.72,0.598,0.000,0,1,0,0,0,0,-1,0,0,0,,0,,0,,0,0,0,1
1723722824,387,2,2,8,8,6.811,0,0,0.11 | 0.11 | 0.12,0,1.07 | 1.67 | 2.33,0,1.71 | 2.39 | 3.72,0.598,0.000,0,1,0,0,0,0,-1,0,0,0,,0,,0,,0,0,0,1
1723722824,387,2,2,8,8,6.811,0,0,0.11 | 0.11 | 0.12,0,1.07 | 1.67 | 2.33,0,1.71 | 2.39 | 3.72,0.598,0.000,0,1,0,0,0,0,-1,0,0,0,,0,,0,,0,0,0,1
1723722824,387,2,2,8,8,5.75,0,0,0.11 | 0.11 | 0.12,0,1.07 | 1.67 | 2.33,0,1.71 | 2.39 | 3.72,0.598,0.000,0,1,0,0,0,0,-1,0,0,0,,0,,0,,0,0,0,1
1723722824,387,2,2,8,8,5.75,0,0,0.11 | 0.11 | 0.12,0,1.07 | 1.67 | 2.33,0,1.71 | 2.39 | 3.72,0.598,0.000,0,1,0,0,0,0,-1,0,0,0,,0,,0,,0,0,0,1
1723722824,387,2,2,8,8,5.75,0,0,0.11 | 0.11 | 0.12,0,1.07 | 1.67 | 2.33,0,1.71 | 2.39 | 3.72,0.598,0.000,0,1,0,0,0,0,-1,0,0,0,,0,,0,,0,0,0,1
1723722824,387,2,2,8,8,5.75,0,0,0.11 | 0.11 | 0.12,0,1.07 | 1.67 | 2.33,0,1.71 | 2.39 | 3.72,0.598,0.000,0,1,0,0,0,0,-1,0,0,0,,0,,0,,0,0,0,1
1723722824,387,2,2,8,8,5.75,0,0,0.11 | 0.11 | 0.12,0,1.07 | 1.67 | 2.33,0,1.71 | 2.39 | 3.72,0.598,0.000,0,1,0,0,0,0,-1,0,0,0,,0,,0,,0,0,0,1
1723722825,387,2,2,8,8,5.75,0,0,0.11 | 0.11 | 0.12,0,1.07 | 1.67 | 2.33,0,1.71 | 2.39 | 3.72,0.598,0.000,0,1,0,0,0,0,-1,0,0,0,,0,,0,,0,0,0,1
1723722825,387,2,2,8,8,5.75,0,0,0.11 | 0.11 | 0.12,0,1.07 | 1.67 | 2.33,0,1.71 | 2.39 | 3.72,0.598,0.000,0,1,0,0,0,0,-1,0,0,0,,0,,0,,0,0,0,1
1723722825,194,2,1,8,8,5.75,0,0,0.11 | 0.11 | 0.12,0,1.07 | 1.67 | 2.33,0,1.71 | 2.39 | 3.72,0.598,0.000,0,1,0,0,0,0,-1,0,0,0,,0,,0,,0,0,0,1
1723722825,194,2,1,8,8,5.75,0,0,0.11 | 0.11 | 0.12,0,1.07 | 1.67 | 2.33,0,1.71 | 2.39 | 3.72,0.598,0.000,0,1,0,0,0,0,-1,0,0,0,,0,,0,,0,0,0,1
1723722825,194,2,1,8,8,5.75,0,0,0.11 | 0.11 | 0.12,0,1.07 | 1.67 | 2.33,0,1.71 | 2.39 | 3.72,0.598,0.000,0,1,0,0,0,0,-1,0,0,0,,0,,0,,0,0,0,1
1723722825,194,2,1,8,8,4.688,0,0,0.11 | 0.11 | 0.12,0,1.07 | 2.13 | 3.40,0,1.18 | 1.88 | 3.72,0.602,0.000,0,1,0,0,0,0,-1,0,0,0,,0,,0,,0,0,0,1
1723722825,194,2,1,8,8,4.688,0,0,0.11 | 0.11 | 0.12,0,1.07 | 2.13 | 3.40,0,1.18 | 1.88 | 3.72,0.602,0.000,0,1,0,0,0,0,-1,0,0,0,,0,,0,,0,0,0,1
1723722825,194,2,1,8,8,4.688,0,0,0.11 | 0.11 | 0.12,0,1.07 | 2.13 | 3.40,0,1.18 | 1.88 | 3.72,0.602,0.000,0,1,0,0,0,0,-1,0,0,0,,0,,0,,0,0,0,1
1723722825,194,2,1,8,8,4.688,0,0,0.11 | 0.11 | 0.12,0,1.07 | 2.13 | 3.40,0,1.18 | 1.88 | 3.72,0.602,0.000,0,1,0,0,0,0,-1,0,0,0,,0,,0,,0,0,0,1
1723722825,194,2,1,8,8,4.688,0,0,0.11 | 0.11 | 0.12,0,1.07 | 2.13 | 3.40,0,1.18 | 1.88 | 3.72,0.602,0.000,0,1,0,0,0,0,-1,0,0,0,,0,,0,,0,0,0,1
1723722826,194,2,1,8,8,4.688,0,0,0.11 | 0.11 | 0.12,0,1.07 | 2.13 | 3.40,0,1.18 | 1.88 | 3.72,0.602,0.000,0,1,0,0,0,0,-1,0,0,0,,0,,0,,0,0,0,1
1723722826,194,2,1,8,8,4.688,0,0,0.11 | 0.11 | 0.12,0,1.07 | 2.13 | 3.40,0,1.18 | 1.88 | 3.72,0.602,0.000,0,1,0,0,0,0,-1,0,0,0,,0,,0,,0,0,0,1
1723722826,194,2,1,8,8,4.688,0,0,0.11 | 0.11 | 0.12,0,1.07 | 2.13 | 3.40,0,1.18 | 1.88 | 3.72,0.602,0.000,0,1,0,0,0,0,-1,0,0,0,,0,,0,,0,0,0,1
1723722826,194,2,1,8,8,4.688,0,0,0.11 | 0.11 | 0.12,0,1.07 | 2.13 | 3.40,0,1.18 | 1.88 | 3.72,0.602,0.000,0,1,0,0,0,0,-1,0,0,0,,0,,0,,0,0,0,1
1723722826,194,2,1,8,8,4.688,0,0,0.11 | 0.11 | 0.12,0,1.07 | 2.13 | 3.40,0,1.18 | 1.88 | 3.72,0.602,0.000,0,1,0,0,0,0,-1,0,0,0,,0,,0,,0,0,0,1
1723722826,194,2,1,8,8,3.625,0,0,0.11 | 0.11 | 0.12,0,1.07 | 2.13 | 3.40,0,1.18 | 1.88 | 3.72,0.602,0.000,0,1,0,0,0,0,-1,0,0,0,,0,,0,,0,0,0,1
1723722826,194,2,1,8,8,3.625,0,0,0.11 | 0.11 | 0.12,0,1.07 | 2.13 | 3.40,0,1.18 | 1.88 | 3.72,0.602,0.000,0,1,0,0,0,0,-1,0,0,0,,0,,0,,0,0,0,1
1723722826,194,2,1,8,8,3.625,0,0,0.11 | 0.11 | 0.12,0,1.07 | 2.13 | 3.40,0,1.18 | 1.88 | 3.72,0.602,0.000,0,1,0,0,0,0,-1,0,0,0,,0,,0,,0,0,0,1
1723722826,194,2,1,8,8,3.625,0,0,0.11 | 0.11 | 0.12,0,1.07 | 2.13 | 3.40,0,1.18 | 1.88 | 3.72,0.602,0.000,0,1,0,0,0,0,-1,0,0,0,,0,,0,,0,0,0,1
1723722826,194,2,1,8,8,3.625,0,0,0.11 | 0.11 | 0.12,0,1.07 | 2.13 | 3.40,0,1.18 | 1.88 | 3.72,0.602,0.000,0,1,0,0,0,0,-1,0,0,0,,0,,0,,0,0,0,1
1723722827,194,2,1,8,8,3.625,0,0,0.11 | 0.11 | 0.12,0,1.07 | 2.13 | 3.40,0,1.18 | 1.88 | 3.72,0.602,0.000,0,1,0,0,0,0,-1,0,0,0,,0,,0,,0,0,0,1
1723722827,194,2,1,8,8,3.625,0,0,0.11 | 0.11 | 0.12,0,1.07 | 2.13 | 3.40,0,1.18 | 1.88 | 3.72,0.602,0.000,0,1,0,0,0,0,-1,0,0,0,,0,,0,,0,0,0,1
1723722827,194,2,1,8,8,3.625,0,0,0.11 | 0.11 | 0.12,0,1.07 | 2.13 | 3.40,0,1.18 | 1.88 | 3.72,0.602,0.000,0,1,0,0,0,0,-1,0,0,0,,0,,0,,0,0,0,1
1723722827,194,2,1,8,8,3.625,0,0,0.11 | 0.11 | 0.12,0,1.07 | 2.13 | 3.40,0,1.18 | 1.88 | 3.72,0.602,0.000,0,1,0,0,0,0,-1,0,0,0,,0,,0,,0,0,0,1
1723722827,194,2,1,8,8,3.625,0,0,0.11 | 0.11 | 0.12,0,1.07 | 2.13 | 3.40,0,1.18 | 1.88 | 3.72,0.602,0.000,0,1,0,0,0,0,-1,0,0,0,,0,,0,,0,0,0,1
1723722827,194,2,1,8,8,6.029,0,0,0.11 | 0.11 | 0.12,0,1.07 | 2.13 | 3.40,0,1.18 | 1.88 | 3.73,0.591,0.000,0,1,0,0,0,0,-1,0,0,0,,0,,0,,0,0,0,1
1723722827,194,2,1,8,8,6.029,0,0,0.11 | 0.11 | 0.12,0,1.07 | 2.13 | 3.40,0,1.18 | 1.88 | 3.73,0.591,0.000,0,1,0,0,0,0,-1,0,0,0,,0,,0,,0,0,0,1
1723722827,194,2,1,8,8,6.029,0,0,0.11 | 0.11 | 0.12,0,1.07 | 2.13 | 3.40,0,1.18 | 1.88 | 3.73,0.591,0.000,0,1,0,0,0,0,-1,0,0,0,,0,,0,,0,0,0,1
1723722827,194,2,1,8,8,6.029,0,0,0.11 | 0.11 | 0.12,0,1.07 | 2.13 | 3.40,0,1.18 | 1.88 | 3.73,0.591,0.000,0,1,0,0,0,0,-1,0,0,0,,0,,0,,0,0,0,1
1723722827,194,2,1,8,8,6.029,0,0,0.11 | 0.11 | 0.12,0,1.07 | 2.13 | 3.40,0,1.18 | 1.88 | 3.73,0.591,0.000,0,1,0,0,0,0,-1,0,0,0,,0,,0,,0,0,0,1
1723722828,194,2,1,8,8,6.029,0,0,0.11 | 0.11 | 0.12,0,1.07 | 2.13 | 3.40,0,1.18 | 1.88 | 3.73,0.591,0.000,0,1,0,0,0,0,-1,0,0,0,,0,,0,,0,0,0,1
1723722828,194,2,1,8,8,6.029,0,0,0.11 | 0.11 | 0.12,0,1.07 | 2.13 | 3.40,0,1.18 | 1.88 | 3.73,0.591,0.000,0,1,0,0,0,0,-1,0,0,0,,0,,0,,0,0,0,1
1723722828,194,2,1,8,8,6.029,0,0,0.11 | 0.11 | 0.12,0,1.07 | 2.13 | 3.40,0,1.18 | 1.88 | 3.73,0.591,0.000,0,1,0,0,0,0,-1,0,0,0,,0,,0,,0,0,0,1
1723722828,194,2,1,8,8,6.029,0,0,0.11 | 0.11 | 0.12,0,1.07 | 2.13 | 3.40,0,1.18 | 1.88 | 3.73,0.591,0.000,0,1,0,0,0,0,-1,0,0,0,,0,,0,,0,0,0,1
1723722828,194,2,1,8,8,6.029,0,0,0.11 | 0.11 | 0.12,0,1.07 | 2.13 | 3.40,0,1.18 | 1.88 | 3.73,0.591,0.000,0,1,0,0,0,0,-1,0,0,0,,0,,0,,0,0,0,1
1723722828,194,2,1,8,8,9.75,0,0,0.11 | 0.11 | 0.11,0,1.07 | 2.09 | 3.40,0,1.18 | 1.91 | 3.73,0.587,0.000,0,1,0,0,0,0,-1,0,0,0,,0,,0,,0,0,0,1
1723722828,194,2,1,8,8,9.75,0,0,0.11 | 0.11 | 0.11,0,1.07 | 2.09 | 3.40,0,1.18 | 1.91 | 3.73,0.587,0.000,0,1,0,0,0,0,-1,0,0,0,,0,,0,,0,0,0,1
1723722828,194,2,1,8,8,9.75,0,0,0.11 | 0.11 | 0.11,0,1.07 | 2.09 | 3.40,0,1.18 | 1.91 | 3.73,0.587,0.000,0,1,0,0,0,0,-1,0,0,0,,0,,0,,0,0,0,1
1723722828,194,2,1,8,8,9.75,0,0,0.11 | 0.11 | 0.11,0,1.07 | 2.09 | 3.40,0,1.18 | 1.91 | 3.73,0.587,0.000,0,1,0,0,0,0,-1,0,0,0,,0,,0,,0,0,0,1
1723722828,194,2,1,8,8,9.75,0,0,0.11 | 0.11 | 0.11,0,1.07 | 2.09 | 3.40,0,1.18 | 1.91 | 3.73,0.587,0.000,0,1,0,0,0,0,-1,0,0,0,,0,,0,,0,0,0,1
1723722829,194,2,1,8,8,9.75,0,0,0.11 | 0.11 | 0.11,0,1.07 | 2.09 | 3.40,0,1.18 | 1.91 | 3.73,0.587,0.000,0,1,0,0,0,0,-1,0,0,0,,0,,0,,0,0,0,1
1723722829,194,2,1,8,8,9.75,0,0,0.11 | 0.11 | 0.11,0,1.07 | 2.09 | 3.40,0,1.18 | 1.91 | 3.73,0.587,0.000,0,1,0,0,0,0,-1,0,0,0,,0,,0,,0,0,0,1
1723722829,194,2,1,8,8,9.75,0,0,0.11 | 0.11 | 0.11,0,1.07 | 2.09 | 3.40,0,1.18 | 1.91 | 3.73,0.587,0.000,0,1,0,0,0,0,-1,0,0,0,,0,,0,,0,0,0,1
1723722829,194,2,1,8,8,9.75,0,0,0.11 | 0.11 | 0.11,0,1.07 | 2.09 | 3.40,0,1.18 | 1.91 | 3.73,0.587,0.000,0,1,0,0,0,0,-1,0,0,0,,0,,0,,0,0,0,1
1723722829,194,1,1,8,8,9.75,0,0,0.11 | 0.11 | 0.11,0,1.07 | 2.09 | 3.40,0,1.18 | 1.91 | 3.73,0.587,0.000,0,1,0,0,0,0,-1,0,0,0,,0,,0,,0,0,0,1
1723722829,194,1,1,8,8,11.888,0,0,0.11 | 0.11 | 0.11,0,0.93 | 1.74 | 3.40,0,1.18 | 2.30 | 4.29,0.608,0.000,0,1,0,0,0,0,-1,0,0,0,,0,,0,,0,0,0,1
1723722829,194,1,1,8,8,11.888,0,0,0.11 | 0.11 | 0.11,0,0.93 | 1.74 | 3.40,0,1.18 | 2.30 | 4.29,0.608,0.000,0,1,0,0,0,0,-1,0,0,0,,0,,0,,0,0,0,1
1723722829,194,1,1,8,8,11.888,0,0,0.11 | 0.11 | 0.11,0,0.93 | 1.74 | 3.40,0,1.18 | 2.30 | 4.29,0.608,0.000,0,1,0,0,0,0,-1,0,0,0,,0,,0,,0,0,0,1
1723722829,194,1,1,8,8,11.888,0,0,0.11 | 0.11 | 0.11,0,0.93 | 1.74 | 3.40,0,1.18 | 2.30 | 4.29,0.608,0.000,0,1,0,0,0,0,-1,0,0,0,,0,,0,,0,0,0,1
1723722829,194,1,1,8,8,11.888,0,0,0.11 | 0.11 | 0.11,0,0.93 | 1.74 | 3.40,0,1.18 | 2.30 | 4.29,0.608,0.000,0,1,0,0,0,0,-1,0,0,0,,0,,0,,0,0,0,1
1723722830,194,1,1,8,8,11.888,0,0,0.11 | 0.11 | 0.11,0,0.93 | 1.74 | 3.40,0,1.18 | 2.30 | 4.29,0.608,0.000,0,1,0,0,0,0,-1,0,0,0,,0,,0,,0,0,0,1
1723722830,194,1,1,8,8,11.888,0,0,0.11 | 0.11 | 0.11,0,0.93 | 1.74 | 3.40,0,1.18 | 2.30 | 4.29,0.608,0.000,0,1,0,0,0,0,-1,0,0,0,,0,,0,,0,0,0,1
1723722830,194,1,1,8,8,11.888,0,0,0.11 | 0.11 | 0.11,0,0.93 | 1.74 | 3.40,0,1.18 | 2.30 | 4.29,0.608,0.000,0,1,0,0,0,0,-1,0,0,0,,0,,0,,0,0,0,1
1723722830,194,1,1,8,8,11.888,0,0,0.11 | 0.11 | 0.11,0,0.93 | 1.74 | 3.40,0,1.18 | 2.30 | 4.29,0.608,0.000,0,1,0,0,0,0,-1,0,0,0,,0,,0,,0,0,0,1
1723722830,194,1,1,8,8,11.888,0,0,0.11 | 0.11 | 0.11,0,0.93 | 1.74 | 3.40,0,1.18 | 2.30 | 4.29,0.608,0.000,0,1,0,0,0,0,-1,0,0,0,,0,,0,,0,0,0,1
1723722830,194,1,1,8,8,10.825,0,0,0.11 | 0.11 | 0.11,0,0.93 | 1.74 | 3.40,0,1.18 | 2.30 | 4.29,0.608,0.000,0,1,0,0,0,0,-1,0,0,0,,0,,0,,0,0,0,1
1723722830,194,1,1,8,8,10.825,0,0,0.11 | 0.11 | 0.11,0,0.93 | 1.74 | 3.40,0,1.18 | 2.30 | 4.29,0.608,0.000,0,1,0,0,0,0,-1,0,0,0,,0,,0,,0,0,0,1
1723722830,194,1,1,8,8,10.825,0,0,0.11 | 0.11 | 0.11,0,0.93 | 1.74 | 3.40,0,1.18 | 2.30 | 4.29,0.608,0.000,0,1,0,0,0,0,-1,0,0,0,,0,,0,,0,0,0,1
1723722830,194,1,1,8,8,10.825,0,0,0.11 | 0.11 | 0.11,0,0.93 | 1.74 | 3.40,0,1.18 | 2.30 | 4.29,0.608,0.000,0,1,0,0,0,0,-1,0,0,0,,0,,0,,0,0,0,1
1723722830,194,1,1,8,8,10.825,0,0,0.11 | 0.11 | 0.11,0,0.93 | 1.74 | 3.40,0,1.18 | 2.30 | 4.29,0.608,0.000,0,1,0,0,0,0,-1,0,0,0,,0,,0,,0,0,0,1
1723722831,194,1,1,8,8,10.825,0,0,0.11 | 0.11 | 0.11,0,0.93 | 1.74 | 3.40,0,1.18 | 2.30 | 4.29,0.608,0.000,0,1,0,0,0,0,-1,0,0,0,,0,,0,,0,0,0,1
1723722831,194,1,1,8,8,10.825,0,0,0.11 | 0.11 | 0.11,0,0.93 | 1.74 | 3.40,0,1.18 | 2.30 | 4.29,0.608,0.000,0,1,0,0,0,0,-1,0,0,0,,0,,0,,0,0,0,1
1723722831,194,1,1,8,8,10.825,0,0,0.11 | 0.11 | 0.11,0,0.93 | 1.74 | 3.40,0,1.18 | 2.30 | 4.29,0.608,0.000,0,1,0,0,0,0,-1,0,0,0,,0,,0,,0,0,0,1
1723722831,194,1,1,8,8,10.825,0,0,0.11 | 0.11 | 0.11,0,0.93 | 1.74 | 3.40,0,1.18 | 2.30 | 4.29,0.608,0.000,0,1,0,0,0,0,-1,0,0,0,,0,,0,,0,0,0,1
1723722831,194,1,1,8,8,10.825,0,0,0.11 | 0.11 | 0.11,0,0.93 | 1.74 | 3.40,0,1.18 | 2.30 | 4.29,0.608,0.000,0,1,0,0,0,0,-1,0,0,0,,0,,0,,0,0,0,1
1723722831,194,1,1,8,8,10.029,0,0,0.11 | 0.11 | 0.11,0,0.93 | 1.74 | 3.40,0,1.18 | 2.30 | 4.29,0.608,0.000,0,1,0,0,0,0,-1,0,0,0,,0,,0,,0,0,0,1
1723722831,194,1,1,8,8,10.029,0,0,0.11 | 0.11 | 0.11,0,0.93 | 1.74 | 3.40,0,1.18 | 2.30 | 4.29,0.608,0.000,0,1,0,0,0,0,-1,0,0,0,,0,,0,,0,0,0,1
1723722831,194,1,1,8,8,10.029,0,0,0.11 | 0.11 | 0.11,0,0.93 | 1.74 | 3.40,0,1.18 | 2.30 | 4.29,0.608,0.000,0,1,0,0,0,0,-1,0,0,0,,0,,0,,0,0,0,1
1723722831,194,1,1,8,8,10.029,0,0,0.11 | 0.11 | 0.11,0,0.93 | 1.74 | 3.40,0,1.18 | 2.30 | 4.29,0.608,0.000,0,1,0,0,0,0,-1,0,0,0,,0,,0,,0,0,0,1
1723722831,194,1,1,8,8,10.029,0,0,0.11 | 0.11 | 0.11,0,0.93 | 1.74 | 3.40,0,1.18 | 2.30 | 4.29,0.608,0.000,0,1,0,0,0,0,-1,0,0,0,,0,,0,,0,0,0,1
1723722832,194,1,1,8,8,10.029,0,0,0.11 | 0.11 | 0.11,0,0.93 | 1.74 | 3.40,0,1.18 | 2.30 | 4.29,0.608,0.000,0,1,0,0,0,0,-1,0,0,0,,0,,0,,0,0,0,1
1723722832,194,1,1,8,8,10.029,0,0,0.11 | 0.11 | 0.11,0,0.93 | 1.74 | 3.40,0,1.18 | 2.30 | 4.29,0.608,0.000,0,1,0,0,0,0,-1,0,0,0,,0,,0,,0,0,0,1
1723722832,194,1,1,8,8,10.029,0,0,0.11 | 0.11 | 0.11,0,0.93 | 1.74 | 3.40,0,1.18 | 2.30 | 4.29,0.608,0.000,0,1,0,0,0,0,-1,0,0,0,,0,,0,,0,0,0,1
1723722832,194,1,1,8,8,10.029,0,0,0.11 | 0.11 | 0.11,0,0.93 | 1.74 | 3.40,0,1.18 | 2.30 | 4.29,0.608,0.000,0,1,0,0,0,0,-1,0,0,0,,0,,0,,0,0,0,1
1723722832,194,1,1,8,8,10.029,0,0,0.11 | 0.11 | 0.11,0,0.93 | 1.74 | 3.40,0,1.18 | 2.30 | 4.29,0.608,0.000,0,1,0,0,0,0,-1,0,0,0,,0,,0,,0,0,0,1
1723722832,194,1,1,8,8,13.735,0,0,0.11 | 0.11 | 0.11,0,0.93 | 1.32 | 1.71,0,2.34 | 3.03 | 4.29,0.606,0.000,0,1,0,0,0,0,-1,0,0,0,,0,,0,,0,0,0,1
1723722832,194,1,1,8,8,13.735,0,0,0.11 | 0.11 | 0.11,0,0.93 | 1.32 | 1.71,0,2.34 | 3.03 | 4.29,0.606,0.000,0,1,0,0,0,0,-1,0,0,0,,0,,0,,0,0,0,1
1723722832,194,1,1,8,8,13.735,0,0,0.11 | 0.11 | 0.11,0,0.93 | 1.32 | 1.71,0,2.34 | 3.03 | 4.29,0.606,0.000,0,1,0,0,0,0,-1,0,0,0,,0,,0,,0,0,0,1
1723722832,194,1,1,8,8,13.735,0,0,0.11 | 0.11 | 0.11,0,0.93 | 1.32 | 1.71,0,2.34 | 3.03 | 4.29,0.606,0.000,0,1,0,0,0,0,-1,0,0,0,,0,,0,,0,0,0,1
1723722832,194,1,1,8,8,13.735,0,0,0.11 | 0.11 | 0.11,0,0.93 | 1.32 | 1.71,0,2.34 | 3.03 | 4.29,0.606,0.000,0,1,0,0,0,0,-1,0,0,0,,0,,0,,0,0,0,1
1723722833,194,1,1,8,8,13.735,0,0,0.11 | 0.11 | 0.11,0,0.93 | 1.32 | 1.71,0,2.34 | 3.03 | 4.29,0.606,0.000,0,1,0,0,0,0,-1,0,0,0,,0,,0,,0,0,0,1
1723722833,194,1,1,8,8,13.735,0,0,0.11 | 0.11 | 0.11,0,0.93 | 1.32 | 1.71,0,2.34 | 3.03 | 4.29,0.606,0.000,0,1,0,0,0,0,-1,0,0,0,,0,,0,,0,0,0,1
1723722833,194,1,1,8,8,13.735,0,0,0.11 | 0.11 | 0.11,0,0.93 | 1.32 | 1.71,0,2.34 | 3.03 | 4.29,0.606,0.000,0,1,0,0,0,0,-1,0,0,0,,0,,0,,0,0,0,1
1723722833,194,1,1,8,8,13.735,0,0,0.11 | 0.11 | 0.11,0,0.93 | 1.32 | 1.71,0,2.34 | 3.03 | 4.29,0.606,0.000,0,1,0,0,0,0,-1,0,0,0,,0,,0,,0,0,0,1
1723722833,194,1,1,8,8,13.735,0,0,0.11 | 0.11 | 0.11,0,0.93 | 1.32 | 1.71,0,2.34 | 3.03 | 4.29,0.606,0.000,0,1,0,0,0,0,-1,0,0,0,,0,,0,,0,0,0,1
1723722833,194,1,1,8,8,12.672,0,0,0.11 | 0.11 | 0.11,0,0.93 | 1.32 | 1.71,0,2.34 | 3.03 | 4.29,0.606,0.000,0,1,0,0,0,0,-1,0,0,0,,0,,0,,0,0,0,1
1723722833,194,1,1,8,8,12.672,0,0,0.11 | 0.11 | 0.11,0,0.93 | 1.32 | 1.71,0,2.34 | 3.03 | 4.29,0.606,0.000,0,1,0,0,0,0,-1,0,0,0,,0,,0,,0,0,0,1
1723722833,194,1,1,8,8,12.672,0,0,0.11 | 0.11 | 0.11,0,0.93 | 1.32 | 1.71,0,2.34 | 3.03 | 4.29,0.606,0.000,0,1,0,0,0,0,-1,0,0,0,,0,,0,,0,0,0,1
1723722833,194,1,1,8,8,12.672,0,0,0.11 | 0.11 | 0.11,0,0.93 | 1.32 | 1.71,0,2.34 | 3.03 | 4.29,0.606,0.000,0,1,0,0,0,0,-1,0,0,0,,0,,0,,0,0,0,1
1723722833,194,1,1,8,8,12.672,0,0,0.11 | 0.11 | 0.11,0,0.93 | 1.32 | 1.71,0,2.34 | 3.03 | 4.29,0.606,0.000,0,1,0,0,0,0,-1,0,0,0,,0,,0,,0,0,0,1
1723722834,194,1,1,8,8,12.672,0,0,0.11 | 0.11 | 0.11,0,0.93 | 1.32 | 1.71,0,2.34 | 3.03 | 4.29,0.606,0.000,0,1,0,0,0,0,-1,0,0,0,,0,,0,,0,0,0,1
1723722834,194,1,1,8,8,12.672,0,0,0.11 | 0.11 | 0.11,0,0.93 | 1.32 | 1.71,0,2.34 | 3.03 | 4.29,0.606,0.000,0,1,0,0,0,0,-1,0,0,0,,0,,0,,0,0,0,1
1723722834,194,1,1,8,8,12.672,0,0,0.11 | 0.11 | 0.11,0,0.93 | 1.32 | 1.71,0,2.34 | 3.03 | 4.29,0.606,0.000,0,1,0,0,0,0,-1,0,0,0,,0,,0,,0,0,0,1
1723722834,194,1,1,8,8,12.672,0,0,0.11 | 0.11 | 0.11,0,0.93 | 1.32 | 1.71,0,2.34 | 3.03 | 4.29,0.606,0.000,0,1,0,0,0,0,-1,0,0,0,,0,,0,,0,0,0,1
1723722834,194,1,1,8,8,12.672,0,0,0.11 | 0.11 | 0.11,0,0.93 | 1.32 | 1.71,0,2.34 | 3.03 | 4.29,0.606,0.000,0,1,0,0,0,0,-1,0,0,0,,0,,0,,0,0,0,1
1723722834,194,1,1,8,8,11.61,0,0,0.11 | 0.11 | 0.11,0,0.93 | 1.32 | 1.71,0,2.34 | 3.03 | 4.29,0.606,0.000,0,1,0,0,0,0,-1,0,0,0,,0,,0,,0,0,0,1
1723722834,194,1,1,8,8,11.61,0,0,0.11 | 0.11 | 0.11,0,0.93 | 1.32 | 1.71,0,2.34 | 3.03 | 4.29,0.606,0.000,0,1,0,0,0,0,-1,0,0,0,,0,,0,,0,0,0,1
1723722834,194,1,1,8,8,11.61,0,0,0.11 | 0.11 | 0.11,0,0.93 | 1.32 | 1.71,0,2.34 | 3.03 | 4.29,0.606,0.000,0,1,0,0,0,0,-1,0,0,0,,0,,0,,0,0,0,1
1723722834,194,1,1,8,8,11.61,0,0,0.11 | 0.11 | 0.11,0,0.93 | 1.32 | 1.71,0,2.34 | 3.03 | 4.29,0.606,0.000,0,1,0,0,0,0,-1,0,0,0,,0,,0,,0,0,0,1
1723722834,194,1,1,8,8,11.61,0,0,0.11 | 0.11 | 0.11,0,0.93 | 1.32 | 1.71,0,2.34 | 3.03 | 4.29,0.606,0.000,0,1,0,0,0,0,-1,0,0,0,,0,,0,,0,0,0,1
1723722835,194,1,1,8,8,11.61,0,0,0.11 | 0.11 | 0.11,0,0.93 | 1.32 | 1.71,0,2.34 | 3.03 | 4.29,0.606,0.000,0,1,0,0,0,0,-1,0,0,0,,0,,0,,0,0,0,1
1723722835,194,1,1,8,8,11.61,0,0,0.11 | 0.11 | 0.11,0,0.93 | 1.32 | 1.71,0,2.34 | 3.03 | 4.29,0.606,0.000,0,1,0,0,0,0,-1,0,0,0,,0,,0,,0,0,0,1
1723722835,194,1,1,8,8,11.61,0,0,0.11 | 0.11 | 0.11,0,0.93 | 1.32 | 1.71,0,2.34 | 3.03 | 4.29,0.606,0.000,0,1,0,0,0,0,-1,0,0,0,,0,,0,,0,0,0,1
1723722835,194,1,1,8,8,11.61,0,0,0.11 | 0.11 | 0.11,0,0.93 | 1.32 | 1.71,0,2.34 | 3.03 | 4.29,0.606,0.000,0,1,0,0,0,0,-1,0,0,0,,0,,0,,0,0,0,1
1723722835,194,1,1,8,8,11.61,0,0,0.11 | 0.11 | 0.11,0,0.93 | 1.32 | 1.71,0,2.34 | 3.03 | 4.29,0.606,0.000,0,1,0,0,0,0,-1,0,0,0,,0,,0,,0,0,0,1
1723722835,194,1,1,8,8,10.813,0,0,0.11 | 0.11 | 0.11,0,0.93 | 1.32 | 1.71,0,2.34 | 3.03 | 4.29,0.606,0.000,0,1,0,0,0,0,-1,0,0,0,,0,,0,,0,0,0,1
1723722835,194,1,1,8,8,10.813,0,0,0.11 | 0.11 | 0.11,0,0.93 | 1.32 | 1.71,0,2.34 | 3.03 | 4.29,0.606,0.000,0,1,0,0,0,0,-1,0,0,0,,0,,0,,0,0,0,1
1723722835,194,1,1,8,8,10.813,0,0,0.11 | 0.11 | 0.11,0,0.93 | 1.32 | 1.71,0,2.34 | 3.03 | 4.29,0.606,0.000,0,1,0,0,0,0,-1,0,0,0,,0,,0,,0,0,0,1
1723722835,194,1,1,8,8,10.813,0,0,0.11 | 0.11 | 0.11,0,0.93 | 1.32 | 1.71,0,2.34 | 3.03 | 4.29,0.606,0.000,0,1,0,0,0,0,-1,0,0,0,,0,,0,,0,0,0,1
1723722835,194,1,1,8,8,10.813,0,0,0.11 | 0.11 | 0.11,0,0.93 | 1.32 | 1.71,0,2.34 | 3.03 | 4.29,0.606,0.000,0,1,0,0,0,0,-1,0,0,0,,0,,0,,0,0,0,1
1723722836,194,1,1,8,8,10.813,0,0,0.11 | 0.11 | 0.11,0,0.93 | 1.32 | 1.71,0,2.34 | 3.03 | 4.29,0.606,0.000,0,1,0,0,0,0,-1,0,0,0,,0,,0,,0,0,0,1
1723722836,194,1,1,8,8,10.813,0,0,0.11 | 0.11 | 0.11,0,0.93 | 1.32 | 1.71,0,2.34 | 3.03 | 4.29,0.606,0.000,0,1,0,0,0,0,-1,0,0,0,,0,,0,,0,0,0,1
1723722836,194,1,1,8,8,10.813,0,0,0.11 | 0.11 | 0.11,0,0.93 | 1.32 | 1.71,0,2.34 | 3.03 | 4.29,0.606,0.000,0,1,0,0,0,0,-1,0,0,0,,0,,0,,0,0,0,1
1723722836,194,1,1,8,8,10.813,0,0,0.11 | 0.11 | 0.11,0,0.93 | 1.32 | 1.71,0,2.34 | 3.03 | 4.29,0.606,0.000,0,1,0,0,0,0,-1,0,0,0,,0,,0,,0,0,0,1
1723722836,194,1,1,8,8,10.813,0,0,0.11 | 0.11 | 0.11,0,0.93 | 1.32 | 1.71,0,2.34 | 3.03 | 4.29,0.606,0.000,0,1,0,0,0,0,-1,0,0,0,,0,,0,,0,0,0,1
1723722836,194,1,1,8,8,12.95,0,0,0.11 | 0.11 | 0.11,0,0.93 | 1.34 | 1.71,0,2.34 | 2.99 | 4.29,0.607,0.000,0,1,0,0,0,0,-1,0,0,0,,0,,0,,0,0,0,1
1723722836,194,1,1,8,8,12.95,0,0,0.11 | 0.11 | 0.11,0,0.93 | 1.34 | 1.71,0,2.34 | 2.99 | 4.29,0.607,0.000,0,1,0,0,0,0,-1,0,0,0,,0,,0,,0,0,0,1
1723722836,194,1,1,8,8,12.95,0,0,0.11 | 0.11 | 0.11,0,0.93 | 1.34 | 1.71,0,2.34 | 2.99 | 4.29,0.607,0.000,0,1,0,0,0,0,-1,0,0,0,,0,,0,,0,0,0,1
1723722836,194,1,1,8,8,12.95,0,0,0.11 | 0.11 | 0.11,0,0.93 | 1.34 | 1.71,0,2.34 | 2.99 | 4.29,0.607,0.000,0,1,0,0,0,0,-1,0,0,0,,0,,0,,0,0,0,1
1723722836,194,1,1,8,8,12.95,0,0,0.11 | 0.11 | 0.11,0,0.93 | 1.34 | 1.71,0,2.34 | 2.99 | 4.29,0.607,0.000,0,1,0,0,0,0,-1,0,0,0,,0,,0,,0,0,0,1
1723722837,194,1,1,8,8,12.95,0,0,0.11 | 0.11 | 0.11,0,0.93 | 1.34 | 1.71,0,2.34 | 2.99 | 4.29,0.607,0.000,0,1,0,0,0,0,-1,0,0,0,,0,,0,,0,0,0,1
1723722837,194,1,1,8,8,12.95,0,0,0.11 | 0.11 | 0.11,0,0.93 | 1.34 | 1.71,0,2.34 | 2.99 | 4.29,0.607,0.000,0,1,0,0,0,0,-1,0,0,0,,0,,0,,0,0,0,1
1723722837,194,1,1,8,8,12.95,0,0,0.11 | 0.11 | 0.11,0,0.93 | 1.34 | 1.71,0,2.34 | 2.99 | 4.29,0.607,0.000,0,1,0,0,0,0,-1,0,0,0,,0,,0,,0,0,0,1
1723722837,194,1,1,8,8,12.95,0,0,0.11 | 0.11 | 0.11,0,0.93 | 1.34 | 1.71,0,2.34 | 2.99 | 4.29,0.607,0.000,0,1,0,0,0,0,-1,0,0,0,,0,,0,,0,0,0,1
1723722837,194,1,1,8,8,12.95,0,0,0.11 | 0.11 | 0.11,0,0.93 | 1.34 | 1.71,0,2.34 | 2.99 | 4.29,0.607,0.000,0,1,0,0,0,0,-1,0,0,0,,0,,0,,0,0,0,1
1723722837,194,1,1,8,8,11.888,0,0,0.11 | 0.11 | 0.11,0,0.93 | 1.34 | 1.71,0,2.34 | 2.99 | 4.29,0.607,0.000,0,1,0,0,0,0,-1,0,0,0,,0,,0,,0,0,0,1
1723722837,194,1,1,8,8,11.888,0,0,0.11 | 0.11 | 0.11,0,0.93 | 1.34 | 1.71,0,2.34 | 2.99 | 4.29,0.607,0.000,0,1,0,0,0,0,-1,0,0,0,,0,,0,,0,0,0,1
1723722837,194,1,1,8,8,11.888,0,0,0.11 | 0.11 | 0.11,0,0.93 | 1.34 | 1.71,0,2.34 | 2.99 | 4.29,0.607,0.000,0,1,0,0,0,0,-1,0,0,0,,0,,0,,0,0,0,1
1723722837,194,1,1,8,8,11.888,0,0,0.11 | 0.11 | 0.11,0,0.93 | 1.34 | 1.71,0,2.34 | 2.99 | 4.29,0.607,0.000,0,1,0,0,0,0,-1,0,0,0,,0,,0,,0,0,0,1
1723722837,194,1,1,8,8,11.888,0,0,0.11 | 0.11 | 0.11,0,0.93 | 1.34 | 1.71,0,2.34 | 2.99 | 4.29,0.607,0.000,0,1,0,0,0,0,-1,0,0,0,,0,,0,,0,0,0,1
1723722838,194,1,1,8,8,11.888,0,0,0.11 | 0.11 | 0.11,0,0.93 | 1.34 | 1.71,0,2.34 | 2.99 | 4.29,0.607,0.000,0,1,0,0,0,0,-1,0,0,0,,0,,0,,0,0,0,1
1723722838,194,1,1,8,8,11.888,0,0,0.11 | 0.11 | 0.11,0,0.93 | 1.34 | 1.71,0,2.34 | 2.99 | 4.29,0.607,0.000,0,1,0,0,0,0,-1,0,0,0,,0,,0,,0,0,0,1
1723722838,194,1,1,8,8,11.888,0,0,0.11 | 0.11 | 0.11,0,0.93 | 1.34 | 1.71,0,2.34 | 2.99 | 4.29,0.607,0.000,0,1,0,0,0,0,-1,0,0,0,,0,,0,,0,0,0,1
1723722838,194,1,1,8,8,11.888,0,0,0.11 | 0.11 | 0.11,0,0.93 | 1.34 | 1.71,0,2.34 | 2.99 | 4.29,0.607,0.000,0,1,0,0,0,0,-1,0,0,0,,0,,0,,0,0,0,1
1723722838,194,1,1,8,8,11.888,0,0,0.11 | 0.11 | 0.11,0,0.93 | 1.34 | 1.71,0,2.34 | 2.99 | 4.29,0.607,0.000,0,1,0,0,0,0,-1,0,0,0,,0,,0,,0,0,0,1
1723722838,194,1,1,8,8,10.825,0,0,0.11 | 0.11 | 0.11,0,0.93 | 1.34 | 1.71,0,2.34 | 2.99 | 4.29,0.607,0.000,0,1,0,0,0,0,-1,0,0,0,,0,,0,,0,0,0,1
1723722838,194,1,1,8,8,10.825,0,0,0.11 | 0.11 | 0.11,0,0.93 | 1.34 | 1.71,0,2.34 | 2.99 | 4.29,0.607,0.000,0,1,0,0,0,0,-1,0,0,0,,0,,0,,0,0,0,1
1723722838,194,1,1,8,8,10.825,0,0,0.11 | 0.11 | 0.11,0,0.93 | 1.34 | 1.71,0,2.34 | 2.99 | 4.29,0.607,0.000,0,1,0,0,0,0,-1,0,0,0,,0,,0,,0,0,0,1
1723722838,194,1,1,8,8,10.825,0,0,0.11 | 0.11 | 0.11,0,0.93 | 1.34 | 1.71,0,2.34 | 2.99 | 4.29,0.607,0.000,0,1,0,0,0,0,-1,0,0,0,,0,,0,,0,0,0,1
1723722838,194,1,1,8,8,10.825,0,0,0.11 | 0.11 | 0.11,0,0.93 | 1.34 | 1.71,0,2.34 | 2.99 | 4.29,0.607,0.000,0,1,0,0,0,0,-1,0,0,0,,0,,0,,0,0,0,1
1723722839,194,1,1,8,8,10.825,0,0,0.11 | 0.11 | 0.11,0,0.93 | 1.34 | 1.71,0,2.34 | 2.99 | 4.29,0.607,0.000,0,1,0,0,0,0,-1,0,0,0,,0,,0,,0,0,0,1
1723722839,194,1,1,8,8,10.825,0,0,0.11 | 0.11 | 0.11,0,0.93 | 1.34 | 1.71,0,2.34 | 2.99 | 4.29,0.607,0.000,0,1,0,0,0,0,-1,0,0,0,,0,,0,,0,0,0,1
1723722839,194,1,1,8,8,10.825,0,0,0.11 | 0.11 | 0.11,0,0.93 | 1.34 | 1.71,0,2.34 | 2.99 | 4.29,0.607,0.000,0,1,0,0,0,0,-1,0,0,0,,0,,0,,0,0,0,1
1723722839,194,1,1,8,8,10.825,0,0,0.11 | 0.11 | 0.11,0,0.93 | 1.34 | 1.71,0,2.34 | 2.99 | 4.29,0.607,0.000,0,1,0,0,0,0,-1,0,0,0,,0,,0,,0,0,0,1
1723722839,194,1,1,8,8,10.825,0,0,0.11 | 0.11 | 0.11,0,0.93 | 1.34 | 1.71,0,2.34 | 2.99 | 4.29,0.607,0.000,0,1,0,0,0,0,-1,0,0,0,,0,,0,,0,0,0,1
1723722839,194,1,1,8,8,10.029,0,0,0.11 | 0.11 | 0.11,0,0.93 | 1.34 | 1.71,0,2.34 | 2.99 | 4.29,0.607,0.000,0,1,0,0,0,0,-1,0,0,0,,0,,0,,0,0,0,1
1723722839,194,1,1,8,8,10.029,0,0,0.11 | 0.11 | 0.11,0,0.93 | 1.34 | 1.71,0,2.34 | 2.99 | 4.29,0.607,0.000,0,1,0,0,0,0,-1,0,0,0,,0,,0,,0,0,0,1
1723722839,194,1,1,8,8,10.029,0,0,0.11 | 0.11 | 0.11,0,0.93 | 1.34 | 1.71,0,2.34 | 2.99 | 4.29,0.607,0.000,0,1,0,0,0,0,-1,0,0,0,,0,,0,,0,0,0,1
1723722839,194,1,1,8,8,10.029,0,0,0.11 | 0.11 | 0.11,0,0.93 | 1.34 | 1.71,0,2.34 | 2.99 | 4.29,0.607,0.000,0,1,0,0,0,0,-1,0,0,0,,0,,0,,0,0,0,1
1723722839,194,1,1,8,8,10.029,0,0,0.11 | 0.11 | 0.11,0,0.93 | 1.34 | 1.71,0,2.34 | 2.99 | 4.29,0.607,0.000,0,1,0,0,0,0,-1,0,0,0,,0,,0,,0,0,0,1
1723722840,194,1,1,8,8,10.029,0,0,0.11 | 0.11 | 0.11,0,0.93 | 1.34 | 1.71,0,2.34 | 2.99 | 4.29,0.607,0.000,0,1,0,0,0,0,-1,0,0,0,,0,,0,,0,0,0,1
1723722840,194,1,1,8,8,10.029,0,0,0.11 | 0.11 | 0.11,0,0.93 | 1.34 | 1.71,0,2.34 | 2.99 | 4.29,0.607,0.000,0,1,0,0,0,0,-1,0,0,0,,0,,0,,0,0,0,1
1723722840,194,1,1,8,8,10.029,0,0,0.11 | 0.11 | 0.11,0,0.93 | 1.34 | 1.71,0,2.34 | 2.99 | 4.29,0.607,0.000,0,1,0,0,0,0,-1,0,0,0,,0,,0,,0,0,0,1
1723722840,194,1,1,8,8,10.029,0,0,0.11 | 0.11 | 0.11,0,0.93 | 1.34 | 1.71,0,2.34 | 2.99 | 4.29,0.607,0.000,0,1,0,0,0,0,-1,0,0,0,,0,,0,,0,0,0,1
1723722840,194,1,1,8,8,10.029,0,0,0.11 | 0.11 | 0.11,0,0.93 | 1.34 | 1.71,0,2.34 | 2.99 | 4.29,0.607,0.000,0,1,0,0,0,0,-1,0,0,0,,0,,0,,0,0,0,1
1723722840,194,1,1,8,8,13.766,0,0,0.11 | 0.11 | 0.12,0,0.93 | 1.38 | 1.74,0,2.30 | 2.89 | 4.29,0.601,0.000,0,1,0,0,0,0,-1,0,0,0,,0,,0,,0,0,0,1
1723722840,194,1,1,8,8,13.766,0,0,0.11 | 0.11 | 0.12,0,0.93 | 1.38 | 1.74,0,2.30 | 2.89 | 4.29,0.601,0.000,0,1,0,0,0,0,-1,0,0,0,,0,,0,,0,0,0,1
1723722840,194,1,1,8,8,13.766,0,0,0.11 | 0.11 | 0.12,0,0.93 | 1.38 | 1.74,0,2.30 | 2.89 | 4.29,0.601,0.000,0,1,0,0,0,0,-1,0,0,0,,0,,0,,0,0,0,1
1723722840,194,1,1,8,8,13.766,0,0,0.11 | 0.11 | 0.12,0,0.93 | 1.38 | 1.74,0,2.30 | 2.89 | 4.29,0.601,0.000,0,1,0,0,0,0,-1,0,0,0,,0,,0,,0,0,0,1
1723722840,194,1,1,8,8,13.766,0,0,0.11 | 0.11 | 0.12,0,0.93 | 1.38 | 1.74,0,2.30 | 2.89 | 4.29,0.601,0.000,0,1,0,0,0,0,-1,0,0,0,,0,,0,,0,0,0,1
1723722841,194,1,1,8,8,13.766,0,0,0.11 | 0.11 | 0.12,0,0.93 | 1.38 | 1.74,0,2.30 | 2.89 | 4.29,0.601,0.000,0,1,0,0,0,0,-1,0,0,0,,0,,0,,0,0,0,1
1723722841,194,1,1,8,8,13.766,0,0,0.11 | 0.11 | 0.12,0,0.93 | 1.38 | 1.74,0,2.30 | 2.89 | 4.29,0.601,0.000,0,1,0,0,0,0,-1,0,0,0,,0,,0,,0,0,0,1
1723722841,194,1,1,8,8,13.766,0,0,0.11 | 0.11 | 0.12,0,0.93 | 1.38 | 1.74,0,2.30 | 2.89 | 4.29,0.601,0.000,0,1,0,0,0,0,-1,0,0,0,,0,,0,,0,0,0,1
1723722841,194,1,1,8,8,13.766,0,0,0.11 | 0.11 | 0.12,0,0.93 | 1.38 | 1.74,0,2.30 | 2.89 | 4.29,0.601,0.000,0,1,0,0,0,0,-1,0,0,0,,0,,0,,0,0,0,1
1723722841,194,1,1,8,8,13.766,0,0,0.11 | 0.11 | 0.12,0,0.93 | 1.38 | 1.74,0,2.30 | 2.89 | 4.29,0.601,0.000,0,1,0,0,0,0,-1,0,0,0,,0,,0,,0,0,0,1
1723722841,194,1,1,8,8,12.704,0,0,0.11 | 0.11 | 0.12,0,0.93 | 1.38 | 1.74,0,2.30 | 2.89 | 4.29,0.601,0.000,0,1,0,0,0,0,-1,0,0,0,,0,,0,,0,0,0,1
1723722841,194,1,1,8,8,12.704,0,0,0.11 | 0.11 | 0.12,0,0.93 | 1.38 | 1.74,0,2.30 | 2.89 | 4.29,0.601,0.000,0,1,0,0,0,0,-1,0,0,0,,0,,0,,0,0,0,1
1723722841,194,1,1,8,8,12.704,0,0,0.11 | 0.11 | 0.12,0,0.93 | 1.38 | 1.74,0,2.30 | 2.89 | 4.29,0.601,0.000,0,1,0,0,0,0,-1,0,0,0,,0,,0,,0,0,0,1
1723722841,194,1,1,8,8,12.704,0,0,0.11 | 0.11 | 0.12,0,0.93 | 1.38 | 1.74,0,2.30 | 2.89 | 4.29,0.601,0.000,0,1,0,0,0,0,-1,0,0,0,,0,,0,,0,0,0,1
1723722841,194,1,1,8,8,12.704,0,0,0.11 | 0.11 | 0.12,0,0.93 | 1.38 | 1.74,0,2.30 | 2.89 | 4.29,0.601,0.000,0,1,0,0,0,0,-1,0,0,0,,0,,0,,0,0,0,1
1723722842,194,1,1,8,8,12.704,0,0,0.11 | 0.11 | 0.12,0,0.93 | 1.38 | 1.74,0,2.30 | 2.89 | 4.29,0.601,0.000,0,1,0,0,0,0,-1,0,0,0,,0,,0,,0,0,0,1
1723722842,194,1,1,8,8,12.704,0,0,0.11 | 0.11 | 0.12,0,0.93 | 1.38 | 1.74,0,2.30 | 2.89 | 4.29,0.601,0.000,0,1,0,0,0,0,-1,0,0,0,,0,,0,,0,0,0,1
1723722842,194,1,1,8,8,12.704,0,0,0.11 | 0.11 | 0.12,0,0.93 | 1.38 | 1.74,0,2.30 | 2.89 | 4.29,0.601,0.000,0,1,0,0,0,0,-1,0,0,0,,0,,0,,0,0,0,1
1723722842,194,1,1,8,8,12.704,0,0,0.11 | 0.11 | 0.12,0,0.93 | 1.38 | 1.74,0,2.30 | 2.89 | 4.29,0.601,0.000,0,1,0,0,0,0,-1,0,0,0,,0,,0,,0,0,0,1
1723722842,194,1,1,8,8,12.704,0,0,0.11 | 0.11 | 0.12,0,0.93 | 1.38 | 1.74,0,2.30 | 2.89 | 4.29,0.601,0.000,0,1,0,0,0,0,-1,0,0,0,,0,,0,,0,0,0,1
1723722842,194,1,1,8,8,11.641,0,0,0.11 | 0.11 | 0.12,0,0.93 | 1.38 | 1.74,0,2.30 | 2.89 | 4.29,0.601,0.000,0,1,0,0,0,0,-1,0,0,0,,0,,0,,0,0,0,1
1723722842,194,1,1,8,8,11.641,0,0,0.11 | 0.11 | 0.12,0,0.93 | 1.38 | 1.74,0,2.30 | 2.89 | 4.29,0.601,0.000,0,1,0,0,0,0,-1,0,0,0,,0,,0,,0,0,0,1
1723722842,194,1,1,8,8,11.641,0,0,0.11 | 0.11 | 0.12,0,0.93 | 1.38 | 1.74,0,2.30 | 2.89 | 4.29,0.601,0.000,0,1,0,0,0,0,-1,0,0,0,,0,,0,,0,0,0,1
1723722842,194,1,1,8,8,11.641,0,0,0.11 | 0.11 | 0.12,0,0.93 | 1.38 | 1.74,0,2.30 | 2.89 | 4.29,0.601,0.000,0,1,0,0,0,0,-1,0,0,0,,0,,0,,0,0,0,1
1723722842,194,1,1,8,8,11.641,0,0,0.11 | 0.11 | 0.12,0,0.93 | 1.38 | 1.74,0,2.30 | 2.89 | 4.29,0.601,0.000,0,1,0,0,0,0,-1,0,0,0,,0,,0,,0,0,0,1
1723722843,194,1,1,8,8,11.641,0,0,0.11 | 0.11 | 0.12,0,0.93 | 1.38 | 1.74,0,2.30 | 2.89 | 4.29,0.601,0.000,0,1,0,0,0,0,-1,0,0,0,,0,,0,,0,0,0,1
1723722843,194,1,1,8,8,11.641,0,0,0.11 | 0.11 | 0.12,0,0.93 | 1.38 | 1.74,0,2.30 | 2.89 | 4.29,0.601,0.000,0,1,0,0,0,0,-1,0,0,0,,0,,0,,0,0,0,1
1723722843,194,1,1,8,8,11.641,0,0,0.11 | 0.11 | 0.12,0,0.93 | 1.38 | 1.74,0,2.30 | 2.89 | 4.29,0.601,0.000,0,1,0,0,0,0,-1,0,0,0,,0,,0,,0,0,0,1
1723722843,194,1,1,8,8,11.641,0,0,0.11 | 0.11 | 0.12,0,0.93 | 1.38 | 1.74,0,2.30 | 2.89 | 4.29,0.601,0.000,0,1,0,0,0,0,-1,0,0,0,,0,,0,,0,0,0,1
1723722843,194,1,1,8,8,11.641,0,0,0.11 | 0.11 | 0.12,0,0.93 | 1.38 | 1.74,0,2.30 | 2.89 | 4.29,0.601,0.000,0,1,0,0,0,0,-1,0,0,0,,0,,0,,0,0,0,1
1723722843,194,1,1,8,8,10.844,0,0,0.11 | 0.11 | 0.12,0,0.93 | 1.38 | 1.74,0,2.30 | 2.89 | 4.29,0.601,0.000,0,1,0,0,0,0,-1,0,0,0,,0,,0,,0,0,0,1
1723722843,194,1,1,8,8,10.844,0,0,0.11 | 0.11 | 0.12,0,0.93 | 1.38 | 1.74,0,2.30 | 2.89 | 4.29,0.601,0.000,0,1,0,0,0,0,-1,0,0,0,,0,,0,,0,0,0,1
1723722843,194,1,1,8,8,10.844,0,0,0.11 | 0.11 | 0.12,0,0.93 | 1.38 | 1.74,0,2.30 | 2.89 | 4.29,0.601,0.000,0,1,0,0,0,0,-1,0,0,0,,0,,0,,0,0,0,1
1723722843,194,1,1,8,8,10.844,0,0,0.11 | 0.11 | 0.12,0,0.93 | 1.38 | 1.74,0,2.30 | 2.89 | 4.29,0.601,0.000,0,1,0,0,0,0,-1,0,0,0,,0,,0,,0,0,0,1
1723722843,194,1,1,8,8,10.844,0,0,0.11 | 0.11 | 0.12,0,0.93 | 1.38 | 1.74,0,2.30 | 2.89 | 4.29,0.601,0.000,0,1,0,0,0,0,-1,0,0,0,,0,,0,,0,0,0,1
1723722844,194,1,1,8,8,10.844,0,0,0.11 | 0.11 | 0.12,0,0.93 | 1.38 | 1.74,0,2.30 | 2.89 | 4.29,0.601,0.000,0,1,0,0,0,0,-1,0,0,0,,0,,0,,0,0,0,1
1723722844,194,1,1,8,8,10.844,0,0,0.11 | 0.11 | 0.12,0,0.93 | 1.38 | 1.74,0,2.30 | 2.89 | 4.29,0.601,0.000,0,1,0,0,0,0,-1,0,0,0,,0,,0,,0,0,0,1
1723722844,194,1,1,8,8,10.844,0,0,0.11 | 0.11 | 0.12,0,0.93 | 1.38 | 1.74,0,2.30 | 2.89 | 4.29,0.601,0.000,0,1,0,0,0,0,-1,0,0,0,,0,,0,,0,0,0,1
1723722844,194,1,1,8,8,10.844,0,0,0.11 | 0.11 | 0.12,0,0.93 | 1.38 | 1.74,0,2.30 | 2.89 | 4.29,0.601,0.000,0,1,0,0,0,0,-1,0,0,0,,0,,0,,0,0,0,1
1723722844,194,1,1,8,8,10.844,0,0,0.11 | 0.11 | 0.12,0,0.93 | 1.38 | 1.74,0,2.30 | 2.89 | 4.29,0.601,0.000,0,1,0,0,0,0,-1,0,0,0,,0,,0,,0,0,0,1
1723722844,194,1,1,8,8,9.75,0,0,0.11 | 0.11 | 0.12,0,0.93 | 1.38 | 1.74,0,2.30 | 2.89 | 4.29,0.601,0.000,0,1,0,0,0,0,-1,0,0,0,,0,,0,,0,0,0,1
1723722844,194,1,1,8,8,9.75,0,0,0.11 | 0.11 | 0.12,0,0.93 | 1.38 | 1.74,0,2.30 | 2.89 | 4.29,0.601,0.000,0,1,0,0,0,0,-1,0,0,0,,0,,0,,0,0,0,1
1723722844,194,1,1,8,8,9.75,0,0,0.11 | 0.11 | 0.12,0,0.93 | 1.38 | 1.74,0,2.30 | 2.89 | 4.29,0.601,0.000,0,1,0,0,0,0,-1,0,0,0,,0,,0,,0,0,0,1
1723722844,194,1,1,8,8,9.75,0,0,0.11 | 0.11 | 0.12,0,0.93 | 1.38 | 1.74,0,2.30 | 2.89 | 4.29,0.601,0.000,0,1,0,0,0,0,-1,0,0,0,,0,,0,,0,0,0,1
1723722844,194,1,1,8,8,9.75,0,0,0.11 | 0.11 | 0.12,0,0.93 | 1.38 | 1.74,0,2.30 | 2.89 | 4.29,0.601,0.000,0,1,0,0,0,0,-1,0,0,0,,0,,0,,0,0,0,1
1723722845,194,1,1,8,8,9.75,0,0,0.11 | 0.11 | 0.12,0,0.93 | 1.38 | 1.74,0,2.30 | 2.89 | 4.29,0.601,0.000,0,1,0,0,0,0,-1,0,0,0,,0,,0,,0,0,0,1
1723722845,194,1,1,8,8,9.75,0,0,0.11 | 0.11 | 0.12,0,0.93 | 1.38 | 1.74,0,2.30 | 2.89 | 4.29,0.601,0.000,0,1,0,0,0,0,-1,0,0,0,,0,,0,,0,0,0,1
1723722845,194,1,1,8,8,9.75,0,0,0.11 | 0.11 | 0.12,0,0.93 | 1.38 | 1.74,0,2.30 | 2.89 | 4.29,0.601,0.000,0,1,0,0,0,0,-1,0,0,0,,0,,0,,0,0,0,1
1723722845,194,1,1,8,8,9.75,0,0,0.11 | 0.11 | 0.12,0,0.93 | 1.38 | 1.74,0,2.30 | 2.89 | 4.29,0.601,0.000,0,1,0,0,0,0,-1,0,0,0,,0,,0,,0,0,0,1
1723722845,194,1,1,8,8,9.75,0,0,0.11 | 0.11 | 0.12,0,0.93 | 1.38 | 1.74,0,2.30 | 2.89 | 4.29,0.601,0.000,0,1,0,0,0,0,-1,0,0,0,,0,,0,,0,0,0,1
1723722845,194,1,1,8,8,8.688,0,0,0.11 | 0.11 | 0.12,0,0.93 | 1.38 | 1.74,0,2.30 | 2.89 | 4.29,0.601,0.000,0,1,0,0,0,0,-1,0,0,0,,0,,0,,0,0,0,1
1723722845,194,1,1,8,8,8.688,0,0,0.11 | 0.11 | 0.12,0,0.93 | 1.38 | 1.74,0,2.30 | 2.89 | 4.29,0.601,0.000,0,1,0,0,0,0,-1,0,0,0,,0,,0,,0,0,0,1
1723722845,194,1,1,8,8,8.688,0,0,0.11 | 0.11 | 0.12,0,0.93 | 1.38 | 1.74,0,2.30 | 2.89 | 4.29,0.601,0.000,0,1,0,0,0,0,-1,0,0,0,,0,,0,,0,0,0,1
1723722845,194,1,1,8,8,8.688,0,0,0.11 | 0.11 | 0.12,0,0.93 | 1.38 | 1.74,0,2.30 | 2.89 | 4.29,0.601,0.000,0,1,0,0,0,0,-1,0,0,0,,0,,0,,0,0,0,1
1723722845,194,1,1,8,8,8.688,0,0,0.11 | 0.11 | 0.12,0,0.93 | 1.38 | 1.74,0,2.30 | 2.89 | 4.29,0.601,0.000,0,1,0,0,0,0,-1,0,0,0,,0,,0,,0,0,0,1
1723722846,194,1,1,8,8,8.688,0,0,0.11 | 0.11 | 0.12,0,0.93 | 1.38 | 1.74,0,2.30 | 2.89 | 4.29,0.601,0.000,0,1,0,0,0,0,-1,0,0,0,,0,,0,,0,0,0,1
1723722846,194,1,1,8,8,8.688,0,0,0.11 | 0.11 | 0.12,0,0.93 | 1.38 | 1.74,0,2.30 | 2.89 | 4.29,0.601,0.000,0,1,0,0,0,0,-1,0,0,0,,0,,0,,0,0,0,1
1723722846,194,1,1,8,8,8.688,0,0,0.11 | 0.11 | 0.12,0,0.93 | 1.38 | 1.74,0,2.30 | 2.89 | 4.29,0.601,0.000,0,1,0,0,0,0,-1,0,0,0,,0,,0,,0,0,0,1
1723722846,194,1,1,8,8,8.688,0,0,0.11 | 0.11 | 0.12,0,0.93 | 1.38 | 1.74,0,2.30 | 2.89 | 4.29,0.601,0.000,0,1,0,0,0,0,-1,0,0,0,,0,,0,,0,0,0,1
1723722846,194,1,1,8,8,8.688,0,0,0.11 | 0.11 | 0.12,0,0.93 | 1.38 | 1.74,0,2.30 | 2.89 | 4.29,0.601,0.000,0,1,0,0,0,0,-1,0,0,0,,0,,0,,0,0,0,1
1723722846,194,1,1,8,8,10.825,0,0,0.11 | 0.62 | 2.12,0,1.15 | 1.45 | 1.74,0,2.30 | 2.76 | 3.48,0.580,0.000,0,1,0,0,0,0,-1,0,0,0,,0,,0,,0,0,0,1
1723722846,194,1,1,8,8,10.825,0,0,0.11 | 0.62 | 2.12,0,1.15 | 1.45 | 1.74,0,2.30 | 2.76 | 3.48,0.580,0.000,0,1,0,0,0,0,-1,0,0,0,,0,,0,,0,0,0,1
1723722846,194,1,1,8,8,10.825,0,0,0.11 | 0.62 | 2.12,0,1.15 | 1.45 | 1.74,0,2.30 | 2.76 | 3.48,0.580,0.000,0,1,0,0,0,0,-1,0,0,0,,0,,0,,0,0,0,1
1723722846,194,1,1,8,8,10.825,0,0,0.11 | 0.62 | 2.12,0,1.15 | 1.45 | 1.74,0,2.30 | 2.76 | 3.48,0.580,0.000,0,1,0,0,0,0,-1,0,0,0,,0,,0,,0,0,0,1
1723722846,194,1,1,8,8,10.825,0,0,0.11 | 0.62 | 2.12,0,1.15 | 1.45 | 1.74,0,2.30 | 2.76 | 3.48,0.580,0.000,0,1,0,0,0,0,-1,0,0,0,,0,,0,,0,0,0,1
1723722847,194,1,1,8,8,10.825,0,0,0.11 | 0.62 | 2.12,0,1.15 | 1.45 | 1.74,0,2.30 | 2.76 | 3.48,0.580,0.000,0,1,0,0,0,0,-1,0,0,0,,0,,0,,0,0,0,1
1723722847,194,1,1,8,8,10.825,0,0,0.11 | 0.62 | 2.12,0,1.15 | 1.45 | 1.74,0,2.30 | 2.76 | 3.48,0.580,0.000,0,1,0,0,0,0,-1,0,0,0,,0,,0,,0,0,0,1
1723722847,194,1,1,8,8,10.825,0,0,0.11 | 0.62 | 2.12,0,1.15 | 1.45 | 1.74,0,2.30 | 2.76 | 3.48,0.580,0.000,0,1,0,0,0,0,-1,0,0,0,,0,,0,,0,0,0,1
1723722847,194,1,1,8,8,10.825,0,0,0.11 | 0.62 | 2.12,0,1.15 | 1.45 | 1.74,0,2.30 | 2.76 | 3.48,0.580,0.000,0,1,0,0,0,0,-1,0,0,0,,0,,0,,0,0,0,1
1723722847,194,1,1,8,8,10.825,0,0,0.11 | 0.62 | 2.12,0,1.15 | 1.45 | 1.74,0,2.30 | 2.76 | 3.48,0.580,0.000,0,1,0,0,0,0,-1,0,0,0,,0,,0,,0,0,0,1
1723722847,194,1,1,8,8,14.747,0,0,0.11 | 0.61 | 2.12,0,1.15 | 1.44 | 1.74,0,2.30 | 2.78 | 3.48,0.577,0.000,0,1,0,0,0,0,-1,0,0,0,,0,,0,,0,0,0,1
1723722847,194,1,1,8,8,14.747,0,0,0.11 | 0.61 | 2.12,0,1.15 | 1.44 | 1.74,0,2.30 | 2.78 | 3.48,0.577,0.000,0,1,0,0,0,0,-1,0,0,0,,0,,0,,0,0,0,1
1723722847,194,1,1,8,8,14.747,0,0,0.11 | 0.61 | 2.12,0,1.15 | 1.44 | 1.74,0,2.30 | 2.78 | 3.48,0.577,0.000,0,1,0,0,0,0,-1,0,0,0,,0,,0,,0,0,0,1
1723722847,194,1,1,8,8,14.747,0,0,0.11 | 0.61 | 2.12,0,1.15 | 1.44 | 1.74,0,2.30 | 2.78 | 3.48,0.577,0.000,0,1,0,0,0,0,-1,0,0,0,,0,,0,,0,0,0,1
1723722847,194,1,1,8,8,14.747,0,0,0.11 | 0.61 | 2.12,0,1.15 | 1.44 | 1.74,0,2.30 | 2.78 | 3.48,0.577,0.000,0,1,0,0,0,0,-1,0,0,0,,0,,0,,0,0,0,1
1723722848,194,1,1,8,8,14.747,0,0,0.11 | 0.61 | 2.12,0,1.15 | 1.44 | 1.74,0,2.30 | 2.78 | 3.48,0.577,0.000,0,1,0,0,0,0,-1,0,0,0,,0,,0,,0,0,0,1
1723722848,194,1,1,8,8,14.747,0,0,0.11 | 0.61 | 2.12,0,1.15 | 1.44 | 1.74,0,2.30 | 2.78 | 3.48,0.577,0.000,0,1,0,0,0,0,-1,0,0,0,,0,,0,,0,0,0,1
1723722848,194,1,1,8,8,14.747,0,0,0.11 | 0.61 | 2.12,0,1.15 | 1.44 | 1.74,0,2.30 | 2.78 | 3.48,0.577,0.000,0,1,0,0,0,0,-1,0,0,0,,0,,0,,0,0,0,1
1723722848,194,1,1,8,8,14.747,0,0,0.11 | 0.61 | 2.12,0,1.15 | 1.44 | 1.74,0,2.30 | 2.78 | 3.48,0.577,0.000,0,1,0,0,0,0,-1,0,0,0,,0,,0,,0,0,0,1
1723722848,194,1,1,8,8,14.747,0,0,0.11 | 0.61 | 2.12,0,1.15 | 1.44 | 1.74,0,2.30 | 2.78 | 3.48,0.577,0.000,0,1,0,0,0,0,-1,0,0,0,,0,,0,,0,0,0,1
1723722848,194,1,1,8,8,13.75,0,0,0.11 | 0.61 | 2.12,0,1.15 | 1.44 | 1.74,0,2.30 | 2.78 | 3.48,0.577,0.000,0,1,0,0,0,0,-1,0,0,0,,0,,0,,0,0,0,1
1723722848,194,1,1,8,8,13.75,0,0,0.11 | 0.61 | 2.12,0,1.15 | 1.44 | 1.74,0,2.30 | 2.78 | 3.48,0.577,0.000,0,1,0,0,0,0,-1,0,0,0,,0,,0,,0,0,0,1
1723722848,194,1,1,8,8,13.75,0,0,0.11 | 0.61 | 2.12,0,1.15 | 1.44 | 1.74,0,2.30 | 2.78 | 3.48,0.577,0.000,0,1,0,0,0,0,-1,0,0,0,,0,,0,,0,0,0,1
1723722848,194,1,1,8,8,13.75,0,0,0.11 | 0.61 | 2.12,0,1.15 | 1.44 | 1.74,0,2.30 | 2.78 | 3.48,0.577,0.000,0,1,0,0,0,0,-1,0,0,0,,0,,0,,0,0,0,1
1723722848,194,1,1,8,8,13.75,0,0,0.11 | 0.61 | 2.12,0,1.15 | 1.44 | 1.74,0,2.30 | 2.78 | 3.48,0.577,0.000,0,1,0,0,0,0,-1,0,0,0,,0,,0,,0,0,0,1
1723722849,194,1,1,8,8,13.75,0,0,0.11 | 0.61 | 2.12,0,1.15 | 1.44 | 1.74,0,2.30 | 2.78 | 3.48,0.577,0.000,0,1,0,0,0,0,-1,0,0,0,,0,,0,,0,0,0,1
1723722849,194,1,1,8,8,13.75,0,0,0.11 | 0.61 | 2.12,0,1.15 | 1.44 | 1.74,0,2.30 | 2.78 | 3.48,0.577,0.000,0,1,0,0,0,0,-1,0,0,0,,0,,0,,0,0,0,1
1723722849,194,1,1,8,8,13.75,0,0,0.11 | 0.61 | 2.12,0,1.15 | 1.44 | 1.74,0,2.30 | 2.78 | 3.48,0.577,0.000,0,1,0,0,0,0,-1,0,0,0,,0,,0,,0,0,0,1
1723722849,194,1,1,8,8,13.75,0,0,0.11 | 0.61 | 2.12,0,1.15 | 1.44 | 1.74,0,2.30 | 2.78 | 3.48,0.577,0.000,0,1,0,0,0,0,-1,0,0,0,,0,,0,,0,0,0,1
1723722849,194,1,1,8,8,13.75,0,0,0.11 | 0.61 | 2.12,0,1.15 | 1.44 | 1.74,0,2.30 | 2.78 | 3.48,0.577,0.000,0,1,0,0,0,0,-1,0,0,0,,0,,0,,0,0,0,1
1723722849,194,1,1,8,8,12.688,0,0,0.11 | 0.61 | 2.12,0,1.15 | 1.44 | 1.74,0,2.30 | 2.78 | 3.48,0.577,0.000,0,1,0,0,0,0,-1,0,0,0,,0,,0,,0,0,0,1
1723722849,194,1,1,8,8,12.688,0,0,0.11 | 0.61 | 2.12,0,1.15 | 1.44 | 1.74,0,2.30 | 2.78 | 3.48,0.577,0.000,0,1,0,0,0,0,-1,0,0,0,,0,,0,,0,0,0,1
1723722849,194,1,1,8,8,12.688,0,0,0.11 | 0.61 | 2.12,0,1.15 | 1.44 | 1.74,0,2.30 | 2.78 | 3.48,0.577,0.000,0,1,0,0,0,0,-1,0,0,0,,0,,0,,0,0,0,1
1723722849,194,1,1,8,8,12.688,0,0,0.11 | 0.61 | 2.12,0,1.15 | 1.44 | 1.74,0,2.30 | 2.78 | 3.48,0.577,0.000,0,1,0,0,0,0,-1,0,0,0,,0,,0,,0,0,0,1
1723722849,194,1,1,8,8,12.688,0,0,0.11 | 0.61 | 2.12,0,1.15 | 1.44 | 1.74,0,2.30 | 2.78 | 3.48,0.577,0.000,0,1,0,0,0,0,-1,0,0,0,,0,,0,,0,0,0,1
1723722850,194,1,1,8,8,12.688,0,0,0.11 | 0.61 | 2.12,0,1.15 | 1.44 | 1.74,0,2.30 | 2.78 | 3.48,0.577,0.000,0,1,0,0,0,0,-1,0,0,0,,0,,0,,0,0,0,1
1723722850,194,1,1,8,8,12.688,0,0,0.11 | 0.61 | 2.12,0,1.15 | 1.44 | 1.74,0,2.30 | 2.78 | 3.48,0.577,0.000,0,1,0,0,0,0,-1,0,0,0,,0,,0,,0,0,0,1
1723722850,194,1,1,8,8,12.688,0,0,0.11 | 0.61 | 2.12,0,1.15 | 1.44 | 1.74,0,2.30 | 2.78 | 3.48,0.577,0.000,0,1,0,0,0,0,-1,0,0,0,,0,,0,,0,0,0,1
1723722850,387,1,2,8,8,12.688,0,0,0.11 | 0.61 | 2.12,0,1.15 | 1.44 | 1.74,0,2.30 | 2.78 | 3.48,0.577,0.000,0,1,0,0,0,0,-1,0,0,0,,0,,0,,0,0,0,1
1723722850,387,1,2,8,8,12.688,0,0,0.11 | 0.61 | 2.12,0,1.15 | 1.44 | 1.74,0,2.30 | 2.78 | 3.48,0.577,0.000,0,1,0,0,0,0,-1,0,0,0,,0,,0,,0,0,0,1
1723722850,387,1,2,8,8,11.612,0,0,0.11 | 0.61 | 2.12,0,1.15 | 1.44 | 1.74,0,2.30 | 2.78 | 3.48,0.577,0.000,0,1,0,0,0,0,-1,0,0,0,,0,,0,,0,0,0,1
1723722850,387,1,2,8,8,11.612,0,0,0.11 | 0.61 | 2.12,0,1.15 | 1.44 | 1.74,0,2.30 | 2.78 | 3.48,0.577,0.000,0,1,0,0,0,0,-1,0,0,0,,0,,0,,0,0,0,1
1723722850,387,1,2,8,8,11.612,0,0,0.11 | 0.61 | 2.12,0,1.15 | 1.44 | 1.74,0,2.30 | 2.78 | 3.48,0.577,0.000,0,1,0,0,0,0,-1,0,0,0,,0,,0,,0,0,0,1
1723722850,387,1,2,8,8,11.612,0,0,0.11 | 0.61 | 2.12,0,1.15 | 1.44 | 1.74,0,2.30 | 2.78 | 3.48,0.577,0.000,0,1,0,0,0,0,-1,0,0,0,,0,,0,,0,0,0,1
1723722850,387,1,2,8,8,11.612,0,0,0.11 | 0.61 | 2.12,0,1.15 | 1.44 | 1.74,0,2.30 | 2.78 | 3.48,0.577,0.000,0,1,0,0,0,0,-1,0,0,0,,0,,0,,0,0,0,1
1723722851,387,1,2,8,8,11.612,0,0,0.11 | 0.61 | 2.12,0,1.15 | 1.44 | 1.74,0,2.30 | 2.78 | 3.48,0.577,0.000,0,1,0,0,0,0,-1,0,0,0,,0,,0,,0,0,0,1
1723722851,387,1,2,8,8,11.612,0,0,0.11 | 0.61 | 2.12,0,1.15 | 1.44 | 1.74,0,2.30 | 2.78 | 3.48,0.577,0.000,0,1,0,0,0,0,-1,0,0,0,,0,,0,,0,0,0,1
1723722851,387,1,2,8,8,11.612,0,0,0.11 | 0.61 | 2.12,0,1.15 | 1.44 | 1.74,0,2.30 | 2.78 | 3.48,0.577,0.000,0,1,0,0,0,0,-1,0,0,0,,0,,0,,0,0,0,1
1723722851,387,1,2,8,8,11.612,0,0,0.11 | 0.61 | 2.12,0,1.15 | 1.44 | 1.74,0,2.30 | 2.78 | 3.48,0.577,0.000,0,1,0,0,0,0,-1,0,0,0,,0,,0,,0,0,0,1
1723722851,387,1,2,8,8,11.612,0,0,0.11 | 0.61 | 2.12,0,1.15 | 1.44 | 1.74,0,2.30 | 2.78 | 3.48,0.577,0.000,0,1,0,0,0,0,-1,0,0,0,,0,,0,,0,0,0,1
1723722851,387,1,2,8,8,10.828,0,0,0.11 | 0.61 | 2.12,0,1.15 | 1.44 | 1.74,0,2.30 | 2.78 | 3.48,0.577,0.000,0,1,0,0,0,0,-1,0,0,0,,0,,0,,0,0,0,1
1723722851,387,1,2,8,8,10.828,0,0,0.11 | 0.61 | 2.12,0,1.15 | 1.44 | 1.74,0,2.30 | 2.78 | 3.48,0.577,0.000,0,1,0,0,0,0,-1,0,0,0,,0,,0,,0,0,0,1
1723722851,387,1,2,8,8,10.828,0,0,0.11 | 0.61 | 2.12,0,1.15 | 1.44 | 1.74,0,2.30 | 2.78 | 3.48,0.577,0.000,0,1,0,0,0,0,-1,0,0,0,,0,,0,,0,0,0,1
1723722851,387,1,2,8,8,10.828,0,0,0.11 | 0.61 | 2.12,0,1.15 | 1.44 | 1.74,0,2.30 | 2.78 | 3.48,0.577,0.000,0,1,0,0,0,0,-1,0,0,0,,0,,0,,0,0,0,1
1723722851,387,1,2,8,8,10.828,0,0,0.11 | 0.61 | 2.12,0,1.15 | 1.44 | 1.74,0,2.30 | 2.78 | 3.48,0.577,0.000,0,1,0,0,0,0,-1,0,0,0,,0,,0,,0,0,0,1
1723722852,387,1,2,8,8,10.828,0,0,0.11 | 0.61 | 2.12,0,1.15 | 1.44 | 1.74,0,2.30 | 2.78 | 3.48,0.577,0.000,0,1,0,0,0,0,-1,0,0,0,,0,,0,,0,0,0,1
1723722852,387,1,2,8,8,10.828,0,0,0.11 | 0.61 | 2.12,0,1.15 | 1.44 | 1.74,0,2.30 | 2.78 | 3.48,0.577,0.000,0,1,0,0,0,0,-1,0,0,0,,0,,0,,0,0,0,1
1723722852,387,1,2,8,8,10.828,0,0,0.11 | 0.61 | 2.12,0,1.15 | 1.44 | 1.74,0,2.30 | 2.78 | 3.48,0.577,0.000,0,1,0,0,0,0,-1,0,0,0,,0,,0,,0,0,0,1
1723722852,387,1,2,8,8,10.828,0,0,0.11 | 0.61 | 2.12,0,1.15 | 1.44 | 1.74,0,2.30 | 2.78 | 3.48,0.577,0.000,0,1,0,0,0,0,-1,0,0,0,,0,,0,,0,0,0,1
1723722852,387,1,2,8,8,10.828,0,0,0.11 | 0.61 | 2.12,0,1.15 | 1.44 | 1.74,0,2.30 | 2.78 | 3.48,0.577,0.000,0,1,0,0,0,0,-1,0,0,0,,0,,0,,0,0,0,1
1723722852,387,1,2,8,8,9.766,0,0,0.11 | 0.61 | 2.12,0,1.15 | 1.44 | 1.74,0,2.30 | 2.78 | 3.48,0.577,0.000,0,1,0,0,0,0,-1,0,0,0,,0,,0,,0,0,0,1
1723722852,387,1,2,8,8,9.766,0,0,0.11 | 0.61 | 2.12,0,1.15 | 1.44 | 1.74,0,2.30 | 2.78 | 3.48,0.577,0.000,0,1,0,0,0,0,-1,0,0,0,,0,,0,,0,0,0,1
1723722852,387,1,2,8,8,9.766,0,0,0.11 | 0.61 | 2.12,0,1.15 | 1.44 | 1.74,0,2.30 | 2.78 | 3.48,0.577,0.000,0,1,0,0,0,0,-1,0,0,0,,0,,0,,0,0,0,1
1723722852,387,1,2,8,8,9.766,0,0,0.11 | 0.61 | 2.12,0,1.15 | 1.44 | 1.74,0,2.30 | 2.78 | 3.48,0.577,0.000,0,1,0,0,0,0,-1,0,0,0,,0,,0,,0,0,0,1
1723722852,387,1,2,8,8,9.766,0,0,0.11 | 0.61 | 2.12,0,1.15 | 1.44 | 1.74,0,2.30 | 2.78 | 3.48,0.577,0.000,0,1,0,0,0,0,-1,0,0,0,,0,,0,,0,0,0,1
1723722853,387,1,2,8,8,9.766,0,0,0.11 | 0.61 | 2.12,0,1.15 | 1.44 | 1.74,0,2.30 | 2.78 | 3.48,0.577,0.000,0,1,0,0,0,0,-1,0,0,0,,0,,0,,0,0,0,1
1723722853,387,1,2,8,8,9.766,0,0,0.11 | 0.61 | 2.12,0,1.15 | 1.44 | 1.74,0,2.30 | 2.78 | 3.48,0.577,0.000,0,1,0,0,0,0,-1,0,0,0,,0,,0,,0,0,0,1
1723722853,387,1,2,8,8,9.766,0,0,0.11 | 0.61 | 2.12,0,1.15 | 1.44 | 1.74,0,2.30 | 2.78 | 3.48,0.577,0.000,0,1,0,0,0,0,-1,0,0,0,,0,,0,,0,0,0,1
1723722853,387,1,2,8,8,9.766,0,0,0.11 | 0.61 | 2.12,0,1.15 | 1.44 | 1.74,0,2.30 | 2.78 | 3.48,0.577,0.000,0,1,0,0,0,0,-1,0,0,0,,0,,0,,0,0,0,1
1723722853,387,2,2,8,8,9.766,0,0,0.11 | 0.61 | 2.12,0,1.15 | 1.44 | 1.74,0,2.30 | 2.78 | 3.48,0.577,0.000,0,1,0,0,0,0,-1,0,0,0,,0,,0,,0,0,0,1
1723722853,387,2,2,8,8,8.704,0,0,0.11 | 0.61 | 2.12,0,1.21 | 1.72 | 2.28,0,1.75 | 2.32 | 3.30,0.581,0.000,0,1,0,0,0,0,-1,0,0,0,,0,,0,,0,0,0,1
1723722853,387,2,2,8,8,8.704,0,0,0.11 | 0.61 | 2.12,0,1.21 | 1.72 | 2.28,0,1.75 | 2.32 | 3.30,0.581,0.000,0,1,0,0,0,0,-1,0,0,0,,0,,0,,0,0,0,1
1723722853,387,2,2,8,8,8.704,0,0,0.11 | 0.61 | 2.12,0,1.21 | 1.72 | 2.28,0,1.75 | 2.32 | 3.30,0.581,0.000,0,1,0,0,0,0,-1,0,0,0,,0,,0,,0,0,0,1
1723722853,387,2,2,8,8,8.704,0,0,0.11 | 0.61 | 2.12,0,1.21 | 1.72 | 2.28,0,1.75 | 2.32 | 3.30,0.581,0.000,0,1,0,0,0,0,-1,0,0,0,,0,,0,,0,0,0,1
1723722853,387,2,2,8,8,8.704,0,0,0.11 | 0.61 | 2.12,0,1.21 | 1.72 | 2.28,0,1.75 | 2.32 | 3.30,0.581,0.000,0,1,0,0,0,0,-1,0,0,0,,0,,0,,0,0,0,1
1723722854,387,2,2,8,8,8.704,0,0,0.11 | 0.61 | 2.12,0,1.21 | 1.72 | 2.28,0,1.75 | 2.32 | 3.30,0.581,0.000,0,1,0,0,0,0,-1,0,0,0,,0,,0,,0,0,0,1
1723722854,387,2,2,8,8,8.704,0,0,0.11 | 0.61 | 2.12,0,1.21 | 1.72 | 2.28,0,1.75 | 2.32 | 3.30,0.581,0.000,0,1,0,0,0,0,-1,0,0,0,,0,,0,,0,0,0,1
1723722854,387,2,2,8,8,8.704,0,0,0.11 | 0.61 | 2.12,0,1.21 | 1.72 | 2.28,0,1.75 | 2.32 | 3.30,0.581,0.000,0,1,0,0,0,0,-1,0,0,0,,0,,0,,0,0,0,1
1723722854,387,2,2,8,8,8.704,0,0,0.11 | 0.61 | 2.12,0,1.21 | 1.72 | 2.28,0,1.75 | 2.32 | 3.30,0.581,0.000,0,1,0,0,0,0,-1,0,0,0,,0,,0,,0,0,0,1
1723722854,387,2,2,8,8,8.704,0,0,0.11 | 0.61 | 2.12,0,1.21 | 1.72 | 2.28,0,1.75 | 2.32 | 3.30,0.581,0.000,0,1,0,0,0,0,-1,0,0,0,,0,,0,,0,0,0,1
1723722854,387,2,2,8,8,7.641,0,0,0.11 | 0.61 | 2.12,0,1.21 | 1.72 | 2.28,0,1.75 | 2.32 | 3.30,0.581,0.000,0,1,0,0,0,0,-1,0,0,0,,0,,0,,0,0,0,1
1723722854,387,2,2,8,8,7.641,0,0,0.11 | 0.61 | 2.12,0,1.21 | 1.72 | 2.28,0,1.75 | 2.32 | 3.30,0.581,0.000,0,1,0,0,0,0,-1,0,0,0,,0,,0,,0,0,0,1
1723722854,387,2,2,8,8,7.641,0,0,0.11 | 0.61 | 2.12,0,1.21 | 1.72 | 2.28,0,1.75 | 2.32 | 3.30,0.581,0.000,0,1,0,0,0,0,-1,0,0,0,,0,,0,,0,0,0,1
1723722854,387,2,2,8,8,7.641,0,0,0.11 | 0.61 | 2.12,0,1.21 | 1.72 | 2.28,0,1.75 | 2.32 | 3.30,0.581,0.000,0,1,0,0,0,0,-1,0,0,0,,0,,0,,0,0,0,1
1723722854,387,2,2,8,8,7.641,0,0,0.11 | 0.61 | 2.12,0,1.21 | 1.72 | 2.28,0,1.75 | 2.32 | 3.30,0.581,0.000,0,1,0,0,0,0,-1,0,0,0,,0,,0,,0,0,0,1
1723722855,387,2,2,8,8,7.641,0,0,0.11 | 0.61 | 2.12,0,1.21 | 1.72 | 2.28,0,1.75 | 2.32 | 3.30,0.581,0.000,0,1,0,0,0,0,-1,0,0,0,,0,,0,,0,0,0,1
1723722855,387,2,2,8,8,7.641,0,0,0.11 | 0.61 | 2.12,0,1.21 | 1.72 | 2.28,0,1.75 | 2.32 | 3.30,0.581,0.000,0,1,0,0,0,0,-1,0,0,0,,0,,0,,0,0,0,1
1723722855,387,2,2,8,8,7.641,0,0,0.11 | 0.61 | 2.12,0,1.21 | 1.72 | 2.28,0,1.75 | 2.32 | 3.30,0.581,0.000,0,1,0,0,0,0,-1,0,0,0,,0,,0,,0,0,0,1
1723722855,387,2,2,8,8,7.641,0,0,0.11 | 0.61 | 2.12,0,1.21 | 1.72 | 2.28,0,1.75 | 2.32 | 3.30,0.581,0.000,0,1,0,0,0,0,-1,0,0,0,,0,,0,,0,0,0,1
1723722855,387,2,2,8,8,7.641,0,0,0.11 | 0.61 | 2.12,0,1.21 | 1.72 | 2.28,0,1.75 | 2.32 | 3.30,0.581,0.000,0,1,0,0,0,0,-1,0,0,0,,0,,0,,0,0,0,1
1723722855,387,2,2,8,8,6.843,0,0,0.11 | 0.61 | 2.12,0,1.21 | 1.72 | 2.28,0,1.75 | 2.32 | 3.30,0.581,0.000,0,1,0,0,0,0,-1,0,0,0,,0,,0,,0,0,0,1
1723722855,387,2,2,8,8,6.843,0,0,0.11 | 0.61 | 2.12,0,1.21 | 1.72 | 2.28,0,1.75 | 2.32 | 3.30,0.581,0.000,0,1,0,0,0,0,-1,0,0,0,,0,,0,,0,0,0,1
1723722855,387,2,2,8,8,6.843,0,0,0.11 | 0.61 | 2.12,0,1.21 | 1.72 | 2.28,0,1.75 | 2.32 | 3.30,0.581,0.000,0,1,0,0,0,0,-1,0,0,0,,0,,0,,0,0,0,1
1723722855,387,2,2,8,8,6.843,0,0,0.11 | 0.61 | 2.12,0,1.21 | 1.72 | 2.28,0,1.75 | 2.32 | 3.30,0.581,0.000,0,1,0,0,0,0,-1,0,0,0,,0,,0,,0,0,0,1
1723722855,387,2,2,8,8,6.843,0,0,0.11 | 0.61 | 2.12,0,1.21 | 1.72 | 2.28,0,1.75 | 2.32 | 3.30,0.581,0.000,0,1,0,0,0,0,-1,0,0,0,,0,,0,,0,0,0,1
1723722856,387,2,2,8,8,6.843,0,0,0.11 | 0.61 | 2.12,0,1.21 | 1.72 | 2.28,0,1.75 | 2.32 | 3.30,0.581,0.000,0,1,0,0,0,0,-1,0,0,0,,0,,0,,0,0,0,1
1723722856,387,2,2,8,8,6.843,0,0,0.11 | 0.61 | 2.12,0,1.21 | 1.72 | 2.28,0,1.75 | 2.32 | 3.30,0.581,0.000,0,1,0,0,0,0,-1,0,0,0,,0,,0,,0,0,0,1
1723722856,194,2,1,8,8,6.843,0,0,0.11 | 0.61 | 2.12,0,1.21 | 1.72 | 2.28,0,1.75 | 2.32 | 3.30,0.581,0.000,0,1,0,0,0,0,-1,0,0,0,,0,,0,,0,0,0,1
1723722856,194,2,1,8,8,6.843,0,0,0.11 | 0.61 | 2.12,0,1.21 | 1.72 | 2.28,0,1.75 | 2.32 | 3.30,0.581,0.000,0,1,0,0,0,0,-1,0,0,0,,0,,0,,0,0,0,1
1723722856,194,2,1,8,8,6.843,0,0,0.11 | 0.61 | 2.12,0,1.21 | 1.72 | 2.28,0,1.75 | 2.32 | 3.30,0.581,0.000,0,1,0,0,0,0,-1,0,0,0,,0,,0,,0,0,0,1
1723722856,194,2,1,8,8,5.75,0,0,0.11 | 0.61 | 2.12,0,1.21 | 2.09 | 3.22,0,1.24 | 1.91 | 3.30,0.592,0.000,0,1,0,0,0,0,-1,0,0,0,,0,,0,,0,0,0,1
1723722856,194,2,1,8,8,5.75,0,0,0.11 | 0.61 | 2.12,0,1.21 | 2.09 | 3.22,0,1.24 | 1.91 | 3.30,0.592,0.000,0,1,0,0,0,0,-1,0,0,0,,0,,0,,0,0,0,1
1723722856,194,2,1,8,8,5.75,0,0,0.11 | 0.61 | 2.12,0,1.21 | 2.09 | 3.22,0,1.24 | 1.91 | 3.30,0.592,0.000,0,1,0,0,0,0,-1,0,0,0,,0,,0,,0,0,0,1
1723722856,194,2,1,8,8,5.75,0,0,0.11 | 0.61 | 2.12,0,1.21 | 2.09 | 3.22,0,1.24 | 1.91 | 3.30,0.592,0.000,0,1,0,0,0,0,-1,0,0,0,,0,,0,,0,0,0,1
1723722856,194,2,1,8,8,5.75,0,0,0.11 | 0.61 | 2.12,0,1.21 | 2.09 | 3.22,0,1.24 | 1.91 | 3.30,0.592,0.000,0,1,0,0,0,0,-1,0,0,0,,0,,0,,0,0,0,1
1723722857,194,2,1,8,8,5.75,0,0,0.11 | 0.61 | 2.12,0,1.21 | 2.09 | 3.22,0,1.24 | 1.91 | 3.30,0.592,0.000,0,1,0,0,0,0,-1,0,0,0,,0,,0,,0,0,0,1
1723722857,194,2,1,8,8,5.75,0,0,0.11 | 0.61 | 2.12,0,1.21 | 2.09 | 3.22,0,1.24 | 1.91 | 3.30,0.592,0.000,0,1,0,0,0,0,-1,0,0,0,,0,,0,,0,0,0,1
1723722857,194,2,1,8,8,5.75,0,0,0.11 | 0.61 | 2.12,0,1.21 | 2.09 | 3.22,0,1.24 | 1.91 | 3.30,0.592,0.000,0,1,0,0,0,0,-1,0,0,0,,0,,0,,0,0,0,1
1723722857,194,2,1,8,8,5.75,0,0,0.11 | 0.61 | 2.12,0,1.21 | 2.09 | 3.22,0,1.24 | 1.91 | 3.30,0.592,0.000,0,1,0,0,0,0,-1,0,0,0,,0,,0,,0,0,0,1
1723722857,194,2,1,8,8,5.75,0,0,0.11 | 0.61 | 2.12,0,1.21 | 2.09 | 3.22,0,1.24 | 1.91 | 3.30,0.592,0.000,0,1,0,0,0,0,-1,0,0,0,,0,,0,,0,0,0,1
1723722857,194,2,1,8,8,4.688,0,0,0.11 | 0.61 | 2.12,0,1.21 | 2.09 | 3.22,0,1.24 | 1.91 | 3.30,0.592,0.000,0,1,0,0,0,0,-1,0,0,0,,0,,0,,0,0,0,1
1723722857,194,2,1,8,8,4.688,0,0,0.11 | 0.61 | 2.12,0,1.21 | 2.09 | 3.22,0,1.24 | 1.91 | 3.30,0.592,0.000,0,1,0,0,0,0,-1,0,0,0,,0,,0,,0,0,0,1
1723722857,194,2,1,8,8,4.688,0,0,0.11 | 0.61 | 2.12,0,1.21 | 2.09 | 3.22,0,1.24 | 1.91 | 3.30,0.592,0.000,0,1,0,0,0,0,-1,0,0,0,,0,,0,,0,0,0,1
1723722857,194,2,1,8,8,4.688,0,0,0.11 | 0.61 | 2.12,0,1.21 | 2.09 | 3.22,0,1.24 | 1.91 | 3.30,0.592,0.000,0,1,0,0,0,0,-1,0,0,0,,0,,0,,0,0,0,1
1723722857,194,2,1,8,8,4.688,0,0,0.11 | 0.61 | 2.12,0,1.21 | 2.09 | 3.22,0,1.24 | 1.91 | 3.30,0.592,0.000,0,1,0,0,0,0,-1,0,0,0,,0,,0,,0,0,0,1
1723722858,194,2,1,8,8,4.688,0,0,0.11 | 0.61 | 2.12,0,1.21 | 2.09 | 3.22,0,1.24 | 1.91 | 3.30,0.592,0.000,0,1,0,0,0,0,-1,0,0,0,,0,,0,,0,0,0,1
1723722858,194,2,1,8,8,4.688,0,0,0.11 | 0.61 | 2.12,0,1.21 | 2.09 | 3.22,0,1.24 | 1.91 | 3.30,0.592,0.000,0,1,0,0,0,0,-1,0,0,0,,0,,0,,0,0,0,1
1723722858,194,2,1,8,8,4.688,0,0,0.11 | 0.61 | 2.12,0,1.21 | 2.09 | 3.22,0,1.24 | 1.91 | 3.30,0.592,0.000,0,1,0,0,0,0,-1,0,0,0,,0,,0,,0,0,0,1
1723722858,194,2,1,8,8,4.688,0,0,0.11 | 0.61 | 2.12,0,1.21 | 2.09 | 3.22,0,1.24 | 1.91 | 3.30,0.592,0.000,0,1,0,0,0,0,-1,0,0,0,,0,,0,,0,0,0,1
1723722858,194,2,1,8,8,4.688,0,0,0.11 | 0.61 | 2.12,0,1.21 | 2.09 | 3.22,0,1.24 | 1.91 | 3.30,0.592,0.000,0,1,0,0,0,0,-1,0,0,0,,0,,0,,0,0,0,1
1723722858,194,2,1,8,8,6.825,0,0,0.11 | 0.11 | 0.11,0,1.12 | 2.07 | 3.22,0,1.24 | 1.94 | 3.58,0.604,0.000,0,1,0,0,0,0,-1,0,0,0,,0,,0,,0,0,0,1
1723722858,194,2,1,8,8,6.825,0,0,0.11 | 0.11 | 0.11,0,1.12 | 2.07 | 3.22,0,1.24 | 1.94 | 3.58,0.604,0.000,0,1,0,0,0,0,-1,0,0,0,,0,,0,,0,0,0,1
1723722858,194,2,1,8,8,6.825,0,0,0.11 | 0.11 | 0.11,0,1.12 | 2.07 | 3.22,0,1.24 | 1.94 | 3.58,0.604,0.000,0,1,0,0,0,0,-1,0,0,0,,0,,0,,0,0,0,1
1723722858,194,2,1,8,8,6.825,0,0,0.11 | 0.11 | 0.11,0,1.12 | 2.07 | 3.22,0,1.24 | 1.94 | 3.58,0.604,0.000,0,1,0,0,0,0,-1,0,0,0,,0,,0,,0,0,0,1
1723722858,194,2,1,8,8,6.825,0,0,0.11 | 0.11 | 0.11,0,1.12 | 2.07 | 3.22,0,1.24 | 1.94 | 3.58,0.604,0.000,0,1,0,0,0,0,-1,0,0,0,,0,,0,,0,0,0,1
1723722859,194,2,1,8,8,6.825,0,0,0.11 | 0.11 | 0.11,0,1.12 | 2.07 | 3.22,0,1.24 | 1.94 | 3.58,0.604,0.000,0,1,0,0,0,0,-1,0,0,0,,0,,0,,0,0,0,1
1723722859,194,2,1,8,8,6.825,0,0,0.11 | 0.11 | 0.11,0,1.12 | 2.07 | 3.22,0,1.24 | 1.94 | 3.58,0.604,0.000,0,1,0,0,0,0,-1,0,0,0,,0,,0,,0,0,0,1
1723722859,194,2,1,8,8,6.825,0,0,0.11 | 0.11 | 0.11,0,1.12 | 2.07 | 3.22,0,1.24 | 1.94 | 3.58,0.604,0.000,0,1,0,0,0,0,-1,0,0,0,,0,,0,,0,0,0,1
1723722859,194,2,1,8,8,6.825,0,0,0.11 | 0.11 | 0.11,0,1.12 | 2.07 | 3.22,0,1.24 | 1.94 | 3.58,0.604,0.000,0,1,0,0,0,0,-1,0,0,0,,0,,0,,0,0,0,1
1723722859,194,2,1,8,8,6.825,0,0,0.11 | 0.11 | 0.11,0,1.12 | 2.07 | 3.22,0,1.24 | 1.94 | 3.58,0.604,0.000,0,1,0,0,0,0,-1,0,0,0,,0,,0,,0,0,0,1
1723722859,194,2,1,8,8,10.828,0,0,0.11 | 0.11 | 0.11,0,1.12 | 2.03 | 3.22,0,1.24 | 1.97 | 3.58,0.612,0.000,0,1,0,0,0,0,-1,0,0,0,,0,,0,,0,0,0,1
1723722859,194,2,1,8,8,10.828,0,0,0.11 | 0.11 | 0.11,0,1.12 | 2.03 | 3.22,0,1.24 | 1.97 | 3.58,0.612,0.000,0,1,0,0,0,0,-1,0,0,0,,0,,0,,0,0,0,1
1723722859,194,2,1,8,8,10.828,0,0,0.11 | 0.11 | 0.11,0,1.12 | 2.03 | 3.22,0,1.24 | 1.97 | 3.58,0.612,0.000,0,1,0,0,0,0,-1,0,0,0,,0,,0,,0,0,0,1
1723722859,194,2,1,8,8,10.828,0,0,0.11 | 0.11 | 0.11,0,1.12 | 2.03 | 3.22,0,1.24 | 1.97 | 3.58,0.612,0.000,0,1,0,0,0,0,-1,0,0,0,,0,,0,,0,0,0,1
1723722859,194,2,1,8,8,10.828,0,0,0.11 | 0.11 | 0.11,0,1.12 | 2.03 | 3.22,0,1.24 | 1.97 | 3.58,0.612,0.000,0,1,0,0,0,0,-1,0,0,0,,0,,0,,0,0,0,1
1723722860,194,2,1,8,8,10.828,0,0,0.11 | 0.11 | 0.11,0,1.12 | 2.03 | 3.22,0,1.24 | 1.97 | 3.58,0.612,0.000,0,1,0,0,0,0,-1,0,0,0,,0,,0,,0,0,0,1
1723722860,194,2,1,8,8,10.828,0,0,0.11 | 0.11 | 0.11,0,1.12 | 2.03 | 3.22,0,1.24 | 1.97 | 3.58,0.612,0.000,0,1,0,0,0,0,-1,0,0,0,,0,,0,,0,0,0,1
1723722860,194,2,1,8,8,10.828,0,0,0.11 | 0.11 | 0.11,0,1.12 | 2.03 | 3.22,0,1.24 | 1.97 | 3.58,0.612,0.000,0,1,0,0,0,0,-1,0,0,0,,0,,0,,0,0,0,1
1723722860,194,2,1,8,8,10.828,0,0,0.11 | 0.11 | 0.11,0,1.12 | 2.03 | 3.22,0,1.24 | 1.97 | 3.58,0.612,0.000,0,1,0,0,0,0,-1,0,0,0,,0,,0,,0,0,0,1
1723722860,194,2,1,8,8,10.828,0,0,0.11 | 0.11 | 0.11,0,1.12 | 2.03 | 3.22,0,1.24 | 1.97 | 3.58,0.612,0.000,0,1,0,0,0,0,-1,0,0,0,,0,,0,,0,0,0,1
1723722860,194,2,1,8,8,12.966,0,0,0.11 | 0.11 | 0.11,0,0.94 | 1.70 | 3.22,0,1.24 | 2.35 | 4.25,0.603,0.000,0,1,0,0,0,0,-1,0,0,0,,0,,0,,0,0,0,1
1723722860,194,2,1,8,8,12.966,0,0,0.11 | 0.11 | 0.11,0,0.94 | 1.70 | 3.22,0,1.24 | 2.35 | 4.25,0.603,0.000,0,1,0,0,0,0,-1,0,0,0,,0,,0,,0,0,0,1
1723722860,194,2,1,8,8,12.966,0,0,0.11 | 0.11 | 0.11,0,0.94 | 1.70 | 3.22,0,1.24 | 2.35 | 4.25,0.603,0.000,0,1,0,0,0,0,-1,0,0,0,,0,,0,,0,0,0,1
1723722860,194,2,1,8,8,12.966,0,0,0.11 | 0.11 | 0.11,0,0.94 | 1.70 | 3.22,0,1.24 | 2.35 | 4.25,0.603,0.000,0,1,0,0,0,0,-1,0,0,0,,0,,0,,0,0,0,1
1723722860,194,2,1,8,8,12.966,0,0,0.11 | 0.11 | 0.11,0,0.94 | 1.70 | 3.22,0,1.24 | 2.35 | 4.25,0.603,0.000,0,1,0,0,0,0,-1,0,0,0,,0,,0,,0,0,0,1
1723722861,194,2,1,8,8,12.966,0,0,0.11 | 0.11 | 0.11,0,0.94 | 1.70 | 3.22,0,1.24 | 2.35 | 4.25,0.603,0.000,0,1,0,0,0,0,-1,0,0,0,,0,,0,,0,0,0,1
1723722861,194,2,1,8,8,12.966,0,0,0.11 | 0.11 | 0.11,0,0.94 | 1.70 | 3.22,0,1.24 | 2.35 | 4.25,0.603,0.000,0,1,0,0,0,0,-1,0,0,0,,0,,0,,0,0,0,1
1723722861,194,2,1,8,8,12.966,0,0,0.11 | 0.11 | 0.11,0,0.94 | 1.70 | 3.22,0,1.24 | 2.35 | 4.25,0.603,0.000,0,1,0,0,0,0,-1,0,0,0,,0,,0,,0,0,0,1
1723722861,194,2,1,8,8,12.966,0,0,0.11 | 0.11 | 0.11,0,0.94 | 1.70 | 3.22,0,1.24 | 2.35 | 4.25,0.603,0.000,0,1,0,0,0,0,-1,0,0,0,,0,,0,,0,0,0,1
1723722861,194,1,1,8,8,12.966,0,0,0.11 | 0.11 | 0.11,0,0.94 | 1.70 | 3.22,0,1.24 | 2.35 | 4.25,0.603,0.000,0,1,0,0,0,0,-1,0,0,0,,0,,0,,0,0,0,1
1723722861,194,1,1,8,8,11.904,0,0,0.11 | 0.11 | 0.11,0,0.94 | 1.70 | 3.22,0,1.24 | 2.35 | 4.25,0.603,0.000,0,1,0,0,0,0,-1,0,0,0,,0,,0,,0,0,0,1
1723722861,194,1,1,8,8,11.904,0,0,0.11 | 0.11 | 0.11,0,0.94 | 1.70 | 3.22,0,1.24 | 2.35 | 4.25,0.603,0.000,0,1,0,0,0,0,-1,0,0,0,,0,,0,,0,0,0,1
1723722861,194,1,1,8,8,11.904,0,0,0.11 | 0.11 | 0.11,0,0.94 | 1.70 | 3.22,0,1.24 | 2.35 | 4.25,0.603,0.000,0,1,0,0,0,0,-1,0,0,0,,0,,0,,0,0,0,1
1723722861,194,1,1,8,8,11.904,0,0,0.11 | 0.11 | 0.11,0,0.94 | 1.70 | 3.22,0,1.24 | 2.35 | 4.25,0.603,0.000,0,1,0,0,0,0,-1,0,0,0,,0,,0,,0,0,0,1
1723722861,194,1,1,8,8,11.904,0,0,0.11 | 0.11 | 0.11,0,0.94 | 1.70 | 3.22,0,1.24 | 2.35 | 4.25,0.603,0.000,0,1,0,0,0,0,-1,0,0,0,,0,,0,,0,0,0,1
1723722862,194,1,1,8,8,11.904,0,0,0.11 | 0.11 | 0.11,0,0.94 | 1.70 | 3.22,0,1.24 | 2.35 | 4.25,0.603,0.000,0,1,0,0,0,0,-1,0,0,0,,0,,0,,0,0,0,1
1723722862,194,1,1,8,8,11.904,0,0,0.11 | 0.11 | 0.11,0,0.94 | 1.70 | 3.22,0,1.24 | 2.35 | 4.25,0.603,0.000,0,1,0,0,0,0,-1,0,0,0,,0,,0,,0,0,0,1
1723722862,194,1,1,8,8,11.904,0,0,0.11 | 0.11 | 0.11,0,0.94 | 1.70 | 3.22,0,1.24 | 2.35 | 4.25,0.603,0.000,0,1,0,0,0,0,-1,0,0,0,,0,,0,,0,0,0,1
1723722862,194,1,1,8,8,11.904,0,0,0.11 | 0.11 | 0.11,0,0.94 | 1.70 | 3.22,0,1.24 | 2.35 | 4.25,0.603,0.000,0,1,0,0,0,0,-1,0,0,0,,0,,0,,0,0,0,1
1723722862,194,1,1,8,8,11.904,0,0,0.11 | 0.11 | 0.11,0,0.94 | 1.70 | 3.22,0,1.24 | 2.35 | 4.25,0.603,0.000,0,1,0,0,0,0,-1,0,0,0,,0,,0,,0,0,0,1
1723722862,194,1,1,8,8,10.841,0,0,0.11 | 0.11 | 0.11,0,0.94 | 1.70 | 3.22,0,1.24 | 2.35 | 4.25,0.603,0.000,0,1,0,0,0,0,-1,0,0,0,,0,,0,,0,0,0,1
1723722862,194,1,1,8,8,10.841,0,0,0.11 | 0.11 | 0.11,0,0.94 | 1.70 | 3.22,0,1.24 | 2.35 | 4.25,0.603,0.000,0,1,0,0,0,0,-1,0,0,0,,0,,0,,0,0,0,1
1723722862,194,1,1,8,8,10.841,0,0,0.11 | 0.11 | 0.11,0,0.94 | 1.70 | 3.22,0,1.24 | 2.35 | 4.25,0.603,0.000,0,1,0,0,0,0,-1,0,0,0,,0,,0,,0,0,0,1
1723722862,194,1,1,8,8,10.841,0,0,0.11 | 0.11 | 0.11,0,0.94 | 1.70 | 3.22,0,1.24 | 2.35 | 4.25,0.603,0.000,0,1,0,0,0,0,-1,0,0,0,,0,,0,,0,0,0,1
1723722862,194,1,1,8,8,10.841,0,0,0.11 | 0.11 | 0.11,0,0.94 | 1.70 | 3.22,0,1.24 | 2.35 | 4.25,0.603,0.000,0,1,0,0,0,0,-1,0,0,0,,0,,0,,0,0,0,1
1723722863,194,1,1,8,8,10.841,0,0,0.11 | 0.11 | 0.11,0,0.94 | 1.70 | 3.22,0,1.24 | 2.35 | 4.25,0.603,0.000,0,1,0,0,0,0,-1,0,0,0,,0,,0,,0,0,0,1
1723722863,194,1,1,8,8,10.841,0,0,0.11 | 0.11 | 0.11,0,0.94 | 1.70 | 3.22,0,1.24 | 2.35 | 4.25,0.603,0.000,0,1,0,0,0,0,-1,0,0,0,,0,,0,,0,0,0,1
1723722863,194,1,1,8,8,10.841,0,0,0.11 | 0.11 | 0.11,0,0.94 | 1.70 | 3.22,0,1.24 | 2.35 | 4.25,0.603,0.000,0,1,0,0,0,0,-1,0,0,0,,0,,0,,0,0,0,1
1723722863,194,1,1,8,8,10.841,0,0,0.11 | 0.11 | 0.11,0,0.94 | 1.70 | 3.22,0,1.24 | 2.35 | 4.25,0.603,0.000,0,1,0,0,0,0,-1,0,0,0,,0,,0,,0,0,0,1
1723722863,194,1,1,8,8,10.841,0,0,0.11 | 0.11 | 0.11,0,0.94 | 1.70 | 3.22,0,1.24 | 2.35 | 4.25,0.603,0.000,0,1,0,0,0,0,-1,0,0,0,,0,,0,,0,0,0,1
1723722863,194,1,1,8,8,14.61,0,0,0.11 | 0.11 | 0.11,0,0.94 | 1.27 | 1.52,0,2.63 | 3.16 | 4.25,0.609,0.000,0,1,0,0,0,0,-1,0,0,0,,0,,0,,0,0,0,1
1723722863,194,1,1,8,8,14.61,0,0,0.11 | 0.11 | 0.11,0,0.94 | 1.27 | 1.52,0,2.63 | 3.16 | 4.25,0.609,0.000,0,1,0,0,0,0,-1,0,0,0,,0,,0,,0,0,0,1
1723722863,194,1,1,8,8,14.61,0,0,0.11 | 0.11 | 0.11,0,0.94 | 1.27 | 1.52,0,2.63 | 3.16 | 4.25,0.609,0.000,0,1,0,0,0,0,-1,0,0,0,,0,,0,,0,0,0,1
1723722863,194,1,1,8,8,14.61,0,0,0.11 | 0.11 | 0.11,0,0.94 | 1.27 | 1.52,0,2.63 | 3.16 | 4.25,0.609,0.000,0,1,0,0,0,0,-1,0,0,0,,0,,0,,0,0,0,1
1723722863,194,1,1,8,8,14.61,0,0,0.11 | 0.11 | 0.11,0,0.94 | 1.27 | 1.52,0,2.63 | 3.16 | 4.25,0.609,0.000,0,1,0,0,0,0,-1,0,0,0,,0,,0,,0,0,0,1
1723722864,194,1,1,8,8,14.61,0,0,0.11 | 0.11 | 0.11,0,0.94 | 1.27 | 1.52,0,2.63 | 3.16 | 4.25,0.609,0.000,0,1,0,0,0,0,-1,0,0,0,,0,,0,,0,0,0,1
1723722864,194,1,1,8,8,14.61,0,0,0.11 | 0.11 | 0.11,0,0.94 | 1.27 | 1.52,0,2.63 | 3.16 | 4.25,0.609,0.000,0,1,0,0,0,0,-1,0,0,0,,0,,0,,0,0,0,1
1723722864,194,1,1,8,8,14.61,0,0,0.11 | 0.11 | 0.11,0,0.94 | 1.27 | 1.52,0,2.63 | 3.16 | 4.25,0.609,0.000,0,1,0,0,0,0,-1,0,0,0,,0,,0,,0,0,0,1
1723722864,194,1,1,8,8,14.61,0,0,0.11 | 0.11 | 0.11,0,0.94 | 1.27 | 1.52,0,2.63 | 3.16 | 4.25,0.609,0.000,0,1,0,0,0,0,-1,0,0,0,,0,,0,,0,0,0,1
1723722864,194,1,1,8,8,14.61,0,0,0.11 | 0.11 | 0.11,0,0.94 | 1.27 | 1.52,0,2.63 | 3.16 | 4.25,0.609,0.000,0,1,0,0,0,0,-1,0,0,0,,0,,0,,0,0,0,1
1723722864,194,1,1,8,8,13.766,0,0,0.11 | 0.11 | 0.11,0,0.94 | 1.27 | 1.52,0,2.63 | 3.16 | 4.25,0.609,0.000,0,1,0,0,0,0,-1,0,0,0,,0,,0,,0,0,0,1
1723722864,194,1,1,8,8,13.766,0,0,0.11 | 0.11 | 0.11,0,0.94 | 1.27 | 1.52,0,2.63 | 3.16 | 4.25,0.609,0.000,0,1,0,0,0,0,-1,0,0,0,,0,,0,,0,0,0,1
1723722864,194,1,1,8,8,13.766,0,0,0.11 | 0.11 | 0.11,0,0.94 | 1.27 | 1.52,0,2.63 | 3.16 | 4.25,0.609,0.000,0,1,0,0,0,0,-1,0,0,0,,0,,0,,0,0,0,1
1723722864,194,1,1,8,8,13.766,0,0,0.11 | 0.11 | 0.11,0,0.94 | 1.27 | 1.52,0,2.63 | 3.16 | 4.25,0.609,0.000,0,1,0,0,0,0,-1,0,0,0,,0,,0,,0,0,0,1
1723722864,194,1,1,8,8,13.766,0,0,0.11 | 0.11 | 0.11,0,0.94 | 1.27 | 1.52,0,2.63 | 3.16 | 4.25,0.609,0.000,0,1,0,0,0,0,-1,0,0,0,,0,,0,,0,0,0,1
1723722865,194,1,1,8,8,13.766,0,0,0.11 | 0.11 | 0.11,0,0.94 | 1.27 | 1.52,0,2.63 | 3.16 | 4.25,0.609,0.000,0,1,0,0,0,0,-1,0,0,0,,0,,0,,0,0,0,1
1723722865,194,1,1,8,8,13.766,0,0,0.11 | 0.11 | 0.11,0,0.94 | 1.27 | 1.52,0,2.63 | 3.16 | 4.25,0.609,0.000,0,1,0,0,0,0,-1,0,0,0,,0,,0,,0,0,0,1
1723722865,194,1,1,8,8,13.766,0,0,0.11 | 0.11 | 0.11,0,0.94 | 1.27 | 1.52,0,2.63 | 3.16 | 4.25,0.609,0.000,0,1,0,0,0,0,-1,0,0,0,,0,,0,,0,0,0,1
1723722865,194,1,1,8,8,13.766,0,0,0.11 | 0.11 | 0.11,0,0.94 | 1.27 | 1.52,0,2.63 | 3.16 | 4.25,0.609,0.000,0,1,0,0,0,0,-1,0,0,0,,0,,0,,0,0,0,1
1723722865,194,1,1,8,8,13.766,0,0,0.11 | 0.11 | 0.11,0,0.94 | 1.27 | 1.52,0,2.63 | 3.16 | 4.25,0.609,0.000,0,1,0,0,0,0,-1,0,0,0,,0,,0,,0,0,0,1
1723722865,194,1,1,8,8,12.704,0,0,0.11 | 0.11 | 0.11,0,0.94 | 1.27 | 1.52,0,2.63 | 3.16 | 4.25,0.609,0.000,0,1,0,0,0,0,-1,0,0,0,,0,,0,,0,0,0,1
1723722865,194,1,1,8,8,12.704,0,0,0.11 | 0.11 | 0.11,0,0.94 | 1.27 | 1.52,0,2.63 | 3.16 | 4.25,0.609,0.000,0,1,0,0,0,0,-1,0,0,0,,0,,0,,0,0,0,1
1723722865,194,1,1,8,8,12.704,0,0,0.11 | 0.11 | 0.11,0,0.94 | 1.27 | 1.52,0,2.63 | 3.16 | 4.25,0.609,0.000,0,1,0,0,0,0,-1,0,0,0,,0,,0,,0,0,0,1
1723722865,194,1,1,8,8,12.704,0,0,0.11 | 0.11 | 0.11,0,0.94 | 1.27 | 1.52,0,2.63 | 3.16 | 4.25,0.609,0.000,0,1,0,0,0,0,-1,0,0,0,,0,,0,,0,0,0,1
1723722865,194,1,1,8,8,12.704,0,0,0.11 | 0.11 | 0.11,0,0.94 | 1.27 | 1.52,0,2.63 | 3.16 | 4.25,0.609,0.000,0,1,0,0,0,0,-1,0,0,0,,0,,0,,0,0,0,1
1723722866,194,1,1,8,8,12.704,0,0,0.11 | 0.11 | 0.11,0,0.94 | 1.27 | 1.52,0,2.63 | 3.16 | 4.25,0.609,0.000,0,1,0,0,0,0,-1,0,0,0,,0,,0,,0,0,0,1
1723722866,194,1,1,8,8,12.704,0,0,0.11 | 0.11 | 0.11,0,0.94 | 1.27 | 1.52,0,2.63 | 3.16 | 4.25,0.609,0.000,0,1,0,0,0,0,-1,0,0,0,,0,,0,,0,0,0,1
1723722866,194,1,1,8,8,12.704,0,0,0.11 | 0.11 | 0.11,0,0.94 | 1.27 | 1.52,0,2.63 | 3.16 | 4.25,0.609,0.000,0,1,0,0,0,0,-1,0,0,0,,0,,0,,0,0,0,1
1723722866,194,1,1,8,8,12.704,0,0,0.11 | 0.11 | 0.11,0,0.94 | 1.27 | 1.52,0,2.63 | 3.16 | 4.25,0.609,0.000,0,1,0,0,0,0,-1,0,0,0,,0,,0,,0,0,0,1
1723722866,194,1,1,8,8,12.704,0,0,0.11 | 0.11 | 0.11,0,0.94 | 1.27 | 1.52,0,2.63 | 3.16 | 4.25,0.609,0.000,0,1,0,0,0,0,-1,0,0,0,,0,,0,,0,0,0,1
1723722866,194,1,1,8,8,11.641,0,0,0.11 | 0.11 | 0.11,0,0.94 | 1.27 | 1.52,0,2.63 | 3.16 | 4.25,0.609,0.000,0,1,0,0,0,0,-1,0,0,0,,0,,0,,0,0,0,1
1723722866,194,1,1,8,8,11.641,0,0,0.11 | 0.11 | 0.11,0,0.94 | 1.27 | 1.52,0,2.63 | 3.16 | 4.25,0.609,0.000,0,1,0,0,0,0,-1,0,0,0,,0,,0,,0,0,0,1
1723722866,194,1,1,8,8,11.641,0,0,0.11 | 0.11 | 0.11,0,0.94 | 1.27 | 1.52,0,2.63 | 3.16 | 4.25,0.609,0.000,0,1,0,0,0,0,-1,0,0,0,,0,,0,,0,0,0,1
1723722866,194,1,1,8,8,11.641,0,0,0.11 | 0.11 | 0.11,0,0.94 | 1.27 | 1.52,0,2.63 | 3.16 | 4.25,0.609,0.000,0,1,0,0,0,0,-1,0,0,0,,0,,0,,0,0,0,1
1723722866,194,1,1,8,8,11.641,0,0,0.11 | 0.11 | 0.11,0,0.94 | 1.27 | 1.52,0,2.63 | 3.16 | 4.25,0.609,0.000,0,1,0,0,0,0,-1,0,0,0,,0,,0,,0,0,0,1
1723722867,194,1,1,8,8,11.641,0,0,0.11 | 0.11 | 0.11,0,0.94 | 1.27 | 1.52,0,2.63 | 3.16 | 4.25,0.609,0.000,0,1,0,0,0,0,-1,0,0,0,,0,,0,,0,0,0,1
1723722867,194,1,1,8,8,11.641,0,0,0.11 | 0.11 | 0.11,0,0.94 | 1.27 | 1.52,0,2.63 | 3.16 | 4.25,0.609,0.000,0,1,0,0,0,0,-1,0,0,0,,0,,0,,0,0,0,1
1723722867,194,1,1,8,8,11.641,0,0,0.11 | 0.11 | 0.11,0,0.94 | 1.27 | 1.52,0,2.63 | 3.16 | 4.25,0.609,0.000,0,1,0,0,0,0,-1,0,0,0,,0,,0,,0,0,0,1
1723722867,194,1,1,8,8,11.641,0,0,0.11 | 0.11 | 0.11,0,0.94 | 1.27 | 1.52,0,2.63 | 3.16 | 4.25,0.609,0.000,0,1,0,0,0,0,-1,0,0,0,,0,,0,,0,0,0,1
1723722867,194,1,1,8,8,11.641,0,0,0.11 | 0.11 | 0.11,0,0.94 | 1.27 | 1.52,0,2.63 | 3.16 | 4.25,0.609,0.000,0,1,0,0,0,0,-1,0,0,0,,0,,0,,0,0,0,1
1723722867,194,1,1,8,8,10.844,0,0,0.11 | 0.11 | 0.11,0,0.94 | 1.27 | 1.52,0,2.63 | 3.16 | 4.25,0.609,0.000,0,1,0,0,0,0,-1,0,0,0,,0,,0,,0,0,0,1
1723722867,194,1,1,8,8,10.844,0,0,0.11 | 0.11 | 0.11,0,0.94 | 1.27 | 1.52,0,2.63 | 3.16 | 4.25,0.609,0.000,0,1,0,0,0,0,-1,0,0,0,,0,,0,,0,0,0,1
1723722867,194,1,1,8,8,10.844,0,0,0.11 | 0.11 | 0.11,0,0.94 | 1.27 | 1.52,0,2.63 | 3.16 | 4.25,0.609,0.000,0,1,0,0,0,0,-1,0,0,0,,0,,0,,0,0,0,1
1723722867,194,1,1,8,8,10.844,0,0,0.11 | 0.11 | 0.11,0,0.94 | 1.27 | 1.52,0,2.63 | 3.16 | 4.25,0.609,0.000,0,1,0,0,0,0,-1,0,0,0,,0,,0,,0,0,0,1
1723722867,194,1,1,8,8,10.844,0,0,0.11 | 0.11 | 0.11,0,0.94 | 1.27 | 1.52,0,2.63 | 3.16 | 4.25,0.609,0.000,0,1,0,0,0,0,-1,0,0,0,,0,,0,,0,0,0,1
1723722868,194,1,1,8,8,10.844,0,0,0.11 | 0.11 | 0.11,0,0.94 | 1.27 | 1.52,0,2.63 | 3.16 | 4.25,0.609,0.000,0,1,0,0,0,0,-1,0,0,0,,0,,0,,0,0,0,1
1723722868,194,1,1,8,8,10.844,0,0,0.11 | 0.11 | 0.11,0,0.94 | 1.27 | 1.52,0,2.63 | 3.16 | 4.25,0.609,0.000,0,1,0,0,0,0,-1,0,0,0,,0,,0,,0,0,0,1
1723722868,194,1,1,8,8,10.844,0,0,0.11 | 0.11 | 0.11,0,0.94 | 1.27 | 1.52,0,2.63 | 3.16 | 4.25,0.609,0.000,0,1,0,0,0,0,-1,0,0,0,,0,,0,,0,0,0,1
1723722868,194,1,1,8,8,10.844,0,0,0.11 | 0.11 | 0.11,0,0.94 | 1.27 | 1.52,0,2.63 | 3.16 | 4.25,0.609,0.000,0,1,0,0,0,0,-1,0,0,0,,0,,0,,0,0,0,1
1723722868,194,1,1,8,8,10.844,0,0,0.11 | 0.11 | 0.11,0,0.94 | 1.27 | 1.52,0,2.63 | 3.16 | 4.25,0.609,0.000,0,1,0,0,0,0,-1,0,0,0,,0,,0,,0,0,0,1
1723722868,194,1,1,8,8,9.735,0,0,0.11 | 0.11 | 0.11,0,0.94 | 1.27 | 1.52,0,2.63 | 3.16 | 4.25,0.609,0.000,0,1,0,0,0,0,-1,0,0,0,,0,,0,,0,0,0,1
1723722868,194,1,1,8,8,9.735,0,0,0.11 | 0.11 | 0.11,0,0.94 | 1.27 | 1.52,0,2.63 | 3.16 | 4.25,0.609,0.000,0,1,0,0,0,0,-1,0,0,0,,0,,0,,0,0,0,1
1723722868,194,1,1,8,8,9.735,0,0,0.11 | 0.11 | 0.11,0,0.94 | 1.27 | 1.52,0,2.63 | 3.16 | 4.25,0.609,0.000,0,1,0,0,0,0,-1,0,0,0,,0,,0,,0,0,0,1
1723722868,194,1,1,8,8,9.735,0,0,0.11 | 0.11 | 0.11,0,0.94 | 1.27 | 1.52,0,2.63 | 3.16 | 4.25,0.609,0.000,0,1,0,0,0,0,-1,0,0,0,,0,,0,,0,0,0,1
1723722868,194,1,1,8,8,9.735,0,0,0.11 | 0.11 | 0.11,0,0.94 | 1.27 | 1.52,0,2.63 | 3.16 | 4.25,0.609,0.000,0,1,0,0,0,0,-1,0,0,0,,0,,0,,0,0,0,1
1723722869,194,1,1,8,8,9.735,0,0,0.11 | 0.11 | 0.11,0,0.94 | 1.27 | 1.52,0,2.63 | 3.16 | 4.25,0.609,0.000,0,1,0,0,0,0,-1,0,0,0,,0,,0,,0,0,0,1
1723722869,194,1,1,8,8,9.735,0,0,0.11 | 0.11 | 0.11,0,0.94 | 1.27 | 1.52,0,2.63 | 3.16 | 4.25,0.609,0.000,0,1,0,0,0,0,-1,0,0,0,,0,,0,,0,0,0,1
1723722869,194,1,1,8,8,9.735,0,0,0.11 | 0.11 | 0.11,0,0.94 | 1.27 | 1.52,0,2.63 | 3.16 | 4.25,0.609,0.000,0,1,0,0,0,0,-1,0,0,0,,0,,0,,0,0,0,1
1723722869,194,1,1,8,8,9.735,0,0,0.11 | 0.11 | 0.11,0,0.94 | 1.27 | 1.52,0,2.63 | 3.16 | 4.25,0.609,0.000,0,1,0,0,0,0,-1,0,0,0,,0,,0,,0,0,0,1
1723722869,194,1,1,8,8,9.735,0,0,0.11 | 0.11 | 0.11,0,0.94 | 1.27 | 1.52,0,2.63 | 3.16 | 4.25,0.609,0.000,0,1,0,0,0,0,-1,0,0,0,,0,,0,,0,0,0,1
1723722869,194,1,1,8,8,8.672,0,0,0.11 | 0.11 | 0.11,0,0.94 | 1.27 | 1.52,0,2.63 | 3.16 | 4.25,0.609,0.000,0,1,0,0,0,0,-1,0,0,0,,0,,0,,0,0,0,1
1723722869,194,1,1,8,8,8.672,0,0,0.11 | 0.11 | 0.11,0,0.94 | 1.27 | 1.52,0,2.63 | 3.16 | 4.25,0.609,0.000,0,1,0,0,0,0,-1,0,0,0,,0,,0,,0,0,0,1
1723722869,194,1,1,8,8,8.672,0,0,0.11 | 0.11 | 0.11,0,0.94 | 1.27 | 1.52,0,2.63 | 3.16 | 4.25,0.609,0.000,0,1,0,0,0,0,-1,0,0,0,,0,,0,,0,0,0,1
1723722869,194,1,1,8,8,8.672,0,0,0.11 | 0.11 | 0.11,0,0.94 | 1.27 | 1.52,0,2.63 | 3.16 | 4.25,0.609,0.000,0,1,0,0,0,0,-1,0,0,0,,0,,0,,0,0,0,1
1723722869,194,1,1,8,8,8.672,0,0,0.11 | 0.11 | 0.11,0,0.94 | 1.27 | 1.52,0,2.63 | 3.16 | 4.25,0.609,0.000,0,1,0,0,0,0,-1,0,0,0,,0,,0,,0,0,0,1
1723722870,194,1,1,8,8,8.672,0,0,0.11 | 0.11 | 0.11,0,0.94 | 1.27 | 1.52,0,2.63 | 3.16 | 4.25,0.609,0.000,0,1,0,0,0,0,-1,0,0,0,,0,,0,,0,0,0,1
1723722870,194,1,1,8,8,8.672,0,0,0.11 | 0.11 | 0.11,0,0.94 | 1.27 | 1.52,0,2.63 | 3.16 | 4.25,0.609,0.000,0,1,0,0,0,0,-1,0,0,0,,0,,0,,0,0,0,1
1723722870,194,1,1,8,8,8.672,0,0,0.11 | 0.11 | 0.11,0,0.94 | 1.27 | 1.52,0,2.63 | 3.16 | 4.25,0.609,0.000,0,1,0,0,0,0,-1,0,0,0,,0,,0,,0,0,0,1
1723722870,194,1,1,8,8,8.672,0,0,0.11 | 0.11 | 0.11,0,0.94 | 1.27 | 1.52,0,2.63 | 3.16 | 4.25,0.609,0.000,0,1,0,0,0,0,-1,0,0,0,,0,,0,,0,0,0,1
1723722870,194,1,1,8,8,8.672,0,0,0.11 | 0.11 | 0.11,0,0.94 | 1.27 | 1.52,0,2.63 | 3.16 | 4.25,0.609,0.000,0,1,0,0,0,0,-1,0,0,0,,0,,0,,0,0,0,1
1723722870,194,1,1,8,8,10.809,0,0,0.11 | 0.61 | 2.12,0,0.94 | 1.28 | 1.52,0,2.63 | 3.13 | 4.25,0.600,0.000,0,1,0,0,0,0,-1,0,0,0,,0,,0,,0,0,0,1
1723722870,194,1,1,8,8,10.809,0,0,0.11 | 0.61 | 2.12,0,0.94 | 1.28 | 1.52,0,2.63 | 3.13 | 4.25,0.600,0.000,0,1,0,0,0,0,-1,0,0,0,,0,,0,,0,0,0,1
1723722870,194,1,1,8,8,10.809,0,0,0.11 | 0.61 | 2.12,0,0.94 | 1.28 | 1.52,0,2.63 | 3.13 | 4.25,0.600,0.000,0,1,0,0,0,0,-1,0,0,0,,0,,0,,0,0,0,1
1723722870,194,1,1,8,8,10.809,0,0,0.11 | 0.61 | 2.12,0,0.94 | 1.28 | 1.52,0,2.63 | 3.13 | 4.25,0.600,0.000,0,1,0,0,0,0,-1,0,0,0,,0,,0,,0,0,0,1
1723722870,194,1,1,8,8,10.809,0,0,0.11 | 0.61 | 2.12,0,0.94 | 1.28 | 1.52,0,2.63 | 3.13 | 4.25,0.600,0.000,0,1,0,0,0,0,-1,0,0,0,,0,,0,,0,0,0,1
1723722871,194,1,1,8,8,10.809,0,0,0.11 | 0.61 | 2.12,0,0.94 | 1.28 | 1.52,0,2.63 | 3.13 | 4.25,0.600,0.000,0,1,0,0,0,0,-1,0,0,0,,0,,0,,0,0,0,1
1723722871,194,1,1,8,8,10.809,0,0,0.11 | 0.61 | 2.12,0,0.94 | 1.28 | 1.52,0,2.63 | 3.13 | 4.25,0.600,0.000,0,1,0,0,0,0,-1,0,0,0,,0,,0,,0,0,0,1
1723722871,194,1,1,8,8,10.809,0,0,0.11 | 0.61 | 2.12,0,0.94 | 1.28 | 1.52,0,2.63 | 3.13 | 4.25,0.600,0.000,0,1,0,0,0,0,-1,0,0,0,,0,,0,,0,0,0,1
1723722871,194,1,1,8,8,10.809,0,0,0.11 | 0.61 | 2.12,0,0.94 | 1.28 | 1.52,0,2.63 | 3.13 | 4.25,0.600,0.000,0,1,0,0,0,0,-1,0,0,0,,0,,0,,0,0,0,1
1723722871,194,1,1,8,8,10.809,0,0,0.11 | 0.61 | 2.12,0,0.94 | 1.28 | 1.52,0,2.63 | 3.13 | 4.25,0.600,0.000,0,1,0,0,0,0,-1,0,0,0,,0,,0,,0,0,0,1
1723722871,194,1,1,8,8,10.013,0,0,0.11 | 0.61 | 2.12,0,0.94 | 1.28 | 1.52,0,2.63 | 3.13 | 4.25,0.600,0.000,0,1,0,0,0,0,-1,0,0,0,,0,,0,,0,0,0,1
1723722871,194,1,1,8,8,10.013,0,0,0.11 | 0.61 | 2.12,0,0.94 | 1.28 | 1.52,0,2.63 | 3.13 | 4.25,0.600,0.000,0,1,0,0,0,0,-1,0,0,0,,0,,0,,0,0,0,1
1723722871,194,1,1,8,8,10.013,0,0,0.11 | 0.61 | 2.12,0,0.94 | 1.28 | 1.52,0,2.63 | 3.13 | 4.25,0.600,0.000,0,1,0,0,0,0,-1,0,0,0,,0,,0,,0,0,0,1
1723722871,194,1,1,8,8,10.013,0,0,0.11 | 0.61 | 2.12,0,0.94 | 1.28 | 1.52,0,2.63 | 3.13 | 4.25,0.600,0.000,0,1,0,0,0,0,-1,0,0,0,,0,,0,,0,0,0,1
1723722871,194,1,1,8,8,10.013,0,0,0.11 | 0.61 | 2.12,0,0.94 | 1.28 | 1.52,0,2.63 | 3.13 | 4.25,0.600,0.000,0,1,0,0,0,0,-1,0,0,0,,0,,0,,0,0,0,1
1723722872,194,1,1,8,8,10.013,0,0,0.11 | 0.61 | 2.12,0,0.94 | 1.28 | 1.52,0,2.63 | 3.13 | 4.25,0.600,0.000,0,1,0,0,0,0,-1,0,0,0,,0,,0,,0,0,0,1
1723722872,194,1,1,8,8,10.013,0,0,0.11 | 0.61 | 2.12,0,0.94 | 1.28 | 1.52,0,2.63 | 3.13 | 4.25,0.600,0.000,0,1,0,0,0,0,-1,0,0,0,,0,,0,,0,0,0,1
1723722872,194,1,1,8,8,10.013,0,0,0.11 | 0.61 | 2.12,0,0.94 | 1.28 | 1.52,0,2.63 | 3.13 | 4.25,0.600,0.000,0,1,0,0,0,0,-1,0,0,0,,0,,0,,0,0,0,1
1723722872,194,1,1,8,8,10.013,0,0,0.11 | 0.61 | 2.12,0,0.94 | 1.28 | 1.52,0,2.63 | 3.13 | 4.25,0.600,0.000,0,1,0,0,0,0,-1,0,0,0,,0,,0,,0,0,0,1
1723722872,194,1,1,8,8,10.013,0,0,0.11 | 0.61 | 2.12,0,0.94 | 1.28 | 1.52,0,2.63 | 3.13 | 4.25,0.600,0.000,0,1,0,0,0,0,-1,0,0,0,,0,,0,,0,0,0,1
1723722872,194,1,1,8,8,13.75,0,0,0.11 | 0.61 | 2.12,0,0.94 | 1.35 | 1.79,0,2.24 | 2.97 | 4.25,0.595,0.000,0,1,0,0,0,0,-1,0,0,0,,0,,0,,0,0,0,1
1723722872,194,1,1,8,8,13.75,0,0,0.11 | 0.61 | 2.12,0,0.94 | 1.35 | 1.79,0,2.24 | 2.97 | 4.25,0.595,0.000,0,1,0,0,0,0,-1,0,0,0,,0,,0,,0,0,0,1
1723722872,194,1,1,8,8,13.75,0,0,0.11 | 0.61 | 2.12,0,0.94 | 1.35 | 1.79,0,2.24 | 2.97 | 4.25,0.595,0.000,0,1,0,0,0,0,-1,0,0,0,,0,,0,,0,0,0,1
1723722872,194,1,1,8,8,13.75,0,0,0.11 | 0.61 | 2.12,0,0.94 | 1.35 | 1.79,0,2.24 | 2.97 | 4.25,0.595,0.000,0,1,0,0,0,0,-1,0,0,0,,0,,0,,0,0,0,1
1723722872,194,1,1,8,8,13.75,0,0,0.11 | 0.61 | 2.12,0,0.94 | 1.35 | 1.79,0,2.24 | 2.97 | 4.25,0.595,0.000,0,1,0,0,0,0,-1,0,0,0,,0,,0,,0,0,0,1
1723722873,194,1,1,8,8,13.75,0,0,0.11 | 0.61 | 2.12,0,0.94 | 1.35 | 1.79,0,2.24 | 2.97 | 4.25,0.595,0.000,0,1,0,0,0,0,-1,0,0,0,,0,,0,,0,0,0,1
1723722873,194,1,1,8,8,13.75,0,0,0.11 | 0.61 | 2.12,0,0.94 | 1.35 | 1.79,0,2.24 | 2.97 | 4.25,0.595,0.000,0,1,0,0,0,0,-1,0,0,0,,0,,0,,0,0,0,1
1723722873,194,1,1,8,8,13.75,0,0,0.11 | 0.61 | 2.12,0,0.94 | 1.35 | 1.79,0,2.24 | 2.97 | 4.25,0.595,0.000,0,1,0,0,0,0,-1,0,0,0,,0,,0,,0,0,0,1
1723722873,194,1,1,8,8,13.75,0,0,0.11 | 0.61 | 2.12,0,0.94 | 1.35 | 1.79,0,2.24 | 2.97 | 4.25,0.595,0.000,0,1,0,0,0,0,-1,0,0,0,,0,,0,,0,0,0,1
1723722873,194,1,1,8,8,13.75,0,0,0.11 | 0.61 | 2.12,0,0.94 | 1.35 | 1.79,0,2.24 | 2.97 | 4.25,0.595,0.000,0,1,0,0,0,0,-1,0,0,0,,0,,0,,0,0,0,1
1723722873,194,1,1,8,8,12.688,0,0,0.11 | 0.61 | 2.12,0,0.94 | 1.35 | 1.79,0,2.24 | 2.97 | 4.25,0.595,0.000,0,1,0,0,0,0,-1,0,0,0,,0,,0,,0,0,0,1
1723722873,194,1,1,8,8,12.688,0,0,0.11 | 0.61 | 2.12,0,0.94 | 1.35 | 1.79,0,2.24 | 2.97 | 4.25,0.595,0.000,0,1,0,0,0,0,-1,0,0,0,,0,,0,,0,0,0,1
1723722873,194,1,1,8,8,12.688,0,0,0.11 | 0.61 | 2.12,0,0.94 | 1.35 | 1.79,0,2.24 | 2.97 | 4.25,0.595,0.000,0,1,0,0,0,0,-1,0,0,0,,0,,0,,0,0,0,1
1723722873,194,1,1,8,8,12.688,0,0,0.11 | 0.61 | 2.12,0,0.94 | 1.35 | 1.79,0,2.24 | 2.97 | 4.25,0.595,0.000,0,1,0,0,0,0,-1,0,0,0,,0,,0,,0,0,0,1
1723722873,194,1,1,8,8,12.688,0,0,0.11 | 0.61 | 2.12,0,0.94 | 1.35 | 1.79,0,2.24 | 2.97 | 4.25,0.595,0.000,0,1,0,0,0,0,-1,0,0,0,,0,,0,,0,0,0,1
1723722874,194,1,1,8,8,12.688,0,0,0.11 | 0.61 | 2.12,0,0.94 | 1.35 | 1.79,0,2.24 | 2.97 | 4.25,0.595,0.000,0,1,0,0,0,0,-1,0,0,0,,0,,0,,0,0,0,1
1723722874,194,1,1,8,8,12.688,0,0,0.11 | 0.61 | 2.12,0,0.94 | 1.35 | 1.79,0,2.24 | 2.97 | 4.25,0.595,0.000,0,1,0,0,0,0,-1,0,0,0,,0,,0,,0,0,0,1
1723722874,194,1,1,8,8,12.688,0,0,0.11 | 0.61 | 2.12,0,0.94 | 1.35 | 1.79,0,2.24 | 2.97 | 4.25,0.595,0.000,0,1,0,0,0,0,-1,0,0,0,,0,,0,,0,0,0,1
1723722874,194,1,1,8,8,12.688,0,0,0.11 | 0.61 | 2.12,0,0.94 | 1.35 | 1.79,0,2.24 | 2.97 | 4.25,0.595,0.000,0,1,0,0,0,0,-1,0,0,0,,0,,0,,0,0,0,1
1723722874,194,1,1,8,8,12.688,0,0,0.11 | 0.61 | 2.12,0,0.94 | 1.35 | 1.79,0,2.24 | 2.97 | 4.25,0.595,0.000,0,1,0,0,0,0,-1,0,0,0,,0,,0,,0,0,0,1
1723722874,194,1,1,8,8,11.625,0,0,0.11 | 0.61 | 2.12,0,0.94 | 1.35 | 1.79,0,2.24 | 2.97 | 4.25,0.595,0.000,0,1,0,0,0,0,-1,0,0,0,,0,,0,,0,0,0,1
1723722874,194,1,1,8,8,11.625,0,0,0.11 | 0.61 | 2.12,0,0.94 | 1.35 | 1.79,0,2.24 | 2.97 | 4.25,0.595,0.000,0,1,0,0,0,0,-1,0,0,0,,0,,0,,0,0,0,1
1723722874,194,1,1,8,8,11.625,0,0,0.11 | 0.61 | 2.12,0,0.94 | 1.35 | 1.79,0,2.24 | 2.97 | 4.25,0.595,0.000,0,1,0,0,0,0,-1,0,0,0,,0,,0,,0,0,0,1
1723722874,194,1,1,8,8,11.625,0,0,0.11 | 0.61 | 2.12,0,0.94 | 1.35 | 1.79,0,2.24 | 2.97 | 4.25,0.595,0.000,0,1,0,0,0,0,-1,0,0,0,,0,,0,,0,0,0,1
1723722874,194,1,1,8,8,11.625,0,0,0.11 | 0.61 | 2.12,0,0.94 | 1.35 | 1.79,0,2.24 | 2.97 | 4.25,0.595,0.000,0,1,0,0,0,0,-1,0,0,0,,0,,0,,0,0,0,1
1723722875,194,1,1,8,8,11.625,0,0,0.11 | 0.61 | 2.12,0,0.94 | 1.35 | 1.79,0,2.24 | 2.97 | 4.25,0.595,0.000,0,1,0,0,0,0,-1,0,0,0,,0,,0,,0,0,0,1
1723722875,194,1,1,8,8,11.625,0,0,0.11 | 0.61 | 2.12,0,0.94 | 1.35 | 1.79,0,2.24 | 2.97 | 4.25,0.595,0.000,0,1,0,0,0,0,-1,0,0,0,,0,,0,,0,0,0,1
1723722875,194,1,1,8,8,11.625,0,0,0.11 | 0.61 | 2.12,0,0.94 | 1.35 | 1.79,0,2.24 | 2.97 | 4.25,0.595,0.000,0,1,0,0,0,0,-1,0,0,0,,0,,0,,0,0,0,1
1723722875,194,1,1,8,8,11.625,0,0,0.11 | 0.61 | 2.12,0,0.94 | 1.35 | 1.79,0,2.24 | 2.97 | 4.25,0.595,0.000,0,1,0,0,0,0,-1,0,0,0,,0,,0,,0,0,0,1
1723722875,194,1,1,8,8,11.625,0,0,0.11 | 0.61 | 2.12,0,0.94 | 1.35 | 1.79,0,2.24 | 2.97 | 4.25,0.595,0.000,0,1,0,0,0,0,-1,0,0,0,,0,,0,,0,0,0,1
1723722875,194,1,1,8,8,10.826,0,0,0.11 | 0.61 | 2.12,0,0.94 | 1.35 | 1.79,0,2.24 | 2.97 | 4.25,0.595,0.000,0,1,0,0,0,0,-1,0,0,0,,0,,0,,0,0,0,1
1723722875,194,1,1,8,8,10.826,0,0,0.11 | 0.61 | 2.12,0,0.94 | 1.35 | 1.79,0,2.24 | 2.97 | 4.25,0.595,0.000,0,1,0,0,0,0,-1,0,0,0,,0,,0,,0,0,0,1
1723722875,194,1,1,8,8,10.826,0,0,0.11 | 0.61 | 2.12,0,0.94 | 1.35 | 1.79,0,2.24 | 2.97 | 4.25,0.595,0.000,0,1,0,0,0,0,-1,0,0,0,,0,,0,,0,0,0,1
1723722875,194,1,1,8,8,10.826,0,0,0.11 | 0.61 | 2.12,0,0.94 | 1.35 | 1.79,0,2.24 | 2.97 | 4.25,0.595,0.000,0,1,0,0,0,0,-1,0,0,0,,0,,0,,0,0,0,1
1723722875,194,1,1,8,8,10.826,0,0,0.11 | 0.61 | 2.12,0,0.94 | 1.35 | 1.79,0,2.24 | 2.97 | 4.25,0.595,0.000,0,1,0,0,0,0,-1,0,0,0,,0,,0,,0,0,0,1
1723722876,194,1,1,8,8,10.826,0,0,0.11 | 0.61 | 2.12,0,0.94 | 1.35 | 1.79,0,2.24 | 2.97 | 4.25,0.595,0.000,0,1,0,0,0,0,-1,0,0,0,,0,,0,,0,0,0,1
1723722876,194,1,1,8,8,10.826,0,0,0.11 | 0.61 | 2.12,0,0.94 | 1.35 | 1.79,0,2.24 | 2.97 | 4.25,0.595,0.000,0,1,0,0,0,0,-1,0,0,0,,0,,0,,0,0,0,1
1723722876,194,1,1,8,8,10.826,0,0,0.11 | 0.61 | 2.12,0,0.94 | 1.35 | 1.79,0,2.24 | 2.97 | 4.25,0.595,0.000,0,1,0,0,0,0,-1,0,0,0,,0,,0,,0,0,0,1
1723722876,194,1,1,8,8,10.826,0,0,0.11 | 0.61 | 2.12,0,0.94 | 1.35 | 1.79,0,2.24 | 2.97 | 4.25,0.595,0.000,0,1,0,0,0,0,-1,0,0,0,,0,,0,,0,0,0,1
1723722876,194,1,1,8,8,10.826,0,0,0.11 | 0.61 | 2.12,0,0.94 | 1.35 | 1.79,0,2.24 | 2.97 | 4.25,0.595,0.000,0,1,0,0,0,0,-1,0,0,0,,0,,0,,0,0,0,1
1723722876,194,1,1,8,8,12.966,0,0,0.10 | 0.61 | 2.12,0,1.06 | 1.37 | 1.79,0,2.24 | 2.91 | 3.78,0.603,0.000,0,1,0,0,0,0,-1,0,0,0,,0,,0,,0,0,0,1
1723722876,194,1,1,8,8,12.966,0,0,0.10 | 0.61 | 2.12,0,1.06 | 1.37 | 1.79,0,2.24 | 2.91 | 3.78,0.603,0.000,0,1,0,0,0,0,-1,0,0,0,,0,,0,,0,0,0,1
1723722876,194,1,1,8,8,12.966,0,0,0.10 | 0.61 | 2.12,0,1.06 | 1.37 | 1.79,0,2.24 | 2.91 | 3.78,0.603,0.000,0,1,0,0,0,0,-1,0,0,0,,0,,0,,0,0,0,1
1723722876,194,1,1,8,8,12.966,0,0,0.10 | 0.61 | 2.12,0,1.06 | 1.37 | 1.79,0,2.24 | 2.91 | 3.78,0.603,0.000,0,1,0,0,0,0,-1,0,0,0,,0,,0,,0,0,0,1
1723722876,194,1,1,8,8,12.966,0,0,0.10 | 0.61 | 2.12,0,1.06 | 1.37 | 1.79,0,2.24 | 2.91 | 3.78,0.603,0.000,0,1,0,0,0,0,-1,0,0,0,,0,,0,,0,0,0,1
1723722877,194,1,1,8,8,12.966,0,0,0.10 | 0.61 | 2.12,0,1.06 | 1.37 | 1.79,0,2.24 | 2.91 | 3.78,0.603,0.000,0,1,0,0,0,0,-1,0,0,0,,0,,0,,0,0,0,1
1723722877,194,1,1,8,8,12.966,0,0,0.10 | 0.61 | 2.12,0,1.06 | 1.37 | 1.79,0,2.24 | 2.91 | 3.78,0.603,0.000,0,1,0,0,0,0,-1,0,0,0,,0,,0,,0,0,0,1
1723722877,194,1,1,8,8,12.966,0,0,0.10 | 0.61 | 2.12,0,1.06 | 1.37 | 1.79,0,2.24 | 2.91 | 3.78,0.603,0.000,0,1,0,0,0,0,-1,0,0,0,,0,,0,,0,0,0,1
1723722877,194,1,1,8,8,12.966,0,0,0.10 | 0.61 | 2.12,0,1.06 | 1.37 | 1.79,0,2.24 | 2.91 | 3.78,0.603,0.000,0,1,0,0,0,0,-1,0,0,0,,0,,0,,0,0,0,1
1723722877,194,1,1,8,8,12.966,0,0,0.10 | 0.61 | 2.12,0,1.06 | 1.37 | 1.79,0,2.24 | 2.91 | 3.78,0.603,0.000,0,1,0,0,0,0,-1,0,0,0,,0,,0,,0,0,0,1
1723722877,194,1,1,8,8,11.904,0,0,0.10 | 0.61 | 2.12,0,1.06 | 1.37 | 1.79,0,2.24 | 2.91 | 3.78,0.603,0.000,0,1,0,0,0,0,-1,0,0,0,,0,,0,,0,0,0,1
1723722877,194,1,1,8,8,11.904,0,0,0.10 | 0.61 | 2.12,0,1.06 | 1.37 | 1.79,0,2.24 | 2.91 | 3.78,0.603,0.000,0,1,0,0,0,0,-1,0,0,0,,0,,0,,0,0,0,1
1723722877,194,1,1,8,8,11.904,0,0,0.10 | 0.61 | 2.12,0,1.06 | 1.37 | 1.79,0,2.24 | 2.91 | 3.78,0.603,0.000,0,1,0,0,0,0,-1,0,0,0,,0,,0,,0,0,0,1
1723722877,194,1,1,8,8,11.904,0,0,0.10 | 0.61 | 2.12,0,1.06 | 1.37 | 1.79,0,2.24 | 2.91 | 3.78,0.603,0.000,0,1,0,0,0,0,-1,0,0,0,,0,,0,,0,0,0,1
1723722877,194,1,1,8,8,11.904,0,0,0.10 | 0.61 | 2.12,0,1.06 | 1.37 | 1.79,0,2.24 | 2.91 | 3.78,0.603,0.000,0,1,0,0,0,0,-1,0,0,0,,0,,0,,0,0,0,1
1723722878,194,1,1,8,8,11.904,0,0,0.10 | 0.61 | 2.12,0,1.06 | 1.37 | 1.79,0,2.24 | 2.91 | 3.78,0.603,0.000,0,1,0,0,0,0,-1,0,0,0,,0,,0,,0,0,0,1
1723722878,194,1,1,8,8,11.904,0,0,0.10 | 0.61 | 2.12,0,1.06 | 1.37 | 1.79,0,2.24 | 2.91 | 3.78,0.603,0.000,0,1,0,0,0,0,-1,0,0,0,,0,,0,,0,0,0,1
1723722878,194,1,1,8,8,11.904,0,0,0.10 | 0.61 | 2.12,0,1.06 | 1.37 | 1.79,0,2.24 | 2.91 | 3.78,0.603,0.000,0,1,0,0,0,0,-1,0,0,0,,0,,0,,0,0,0,1
1723722878,194,1,1,8,8,11.904,0,0,0.10 | 0.61 | 2.12,0,1.06 | 1.37 | 1.79,0,2.24 | 2.91 | 3.78,0.603,0.000,0,1,0,0,0,0,-1,0,0,0,,0,,0,,0,0,0,1
1723722878,194,1,1,8,8,11.904,0,0,0.10 | 0.61 | 2.12,0,1.06 | 1.37 | 1.79,0,2.24 | 2.91 | 3.78,0.603,0.000,0,1,0,0,0,0,-1,0,0,0,,0,,0,,0,0,0,1
1723722878,194,1,1,8,8,10.841,0,0,0.10 | 0.61 | 2.12,0,1.06 | 1.37 | 1.79,0,2.24 | 2.91 | 3.78,0.603,0.000,0,1,0,0,0,0,-1,0,0,0,,0,,0,,0,0,0,1
1723722878,194,1,1,8,8,10.841,0,0,0.10 | 0.61 | 2.12,0,1.06 | 1.37 | 1.79,0,2.24 | 2.91 | 3.78,0.603,0.000,0,1,0,0,0,0,-1,0,0,0,,0,,0,,0,0,0,1
1723722878,194,1,1,8,8,10.841,0,0,0.10 | 0.61 | 2.12,0,1.06 | 1.37 | 1.79,0,2.24 | 2.91 | 3.78,0.603,0.000,0,1,0,0,0,0,-1,0,0,0,,0,,0,,0,0,0,1
1723722878,194,1,1,8,8,10.841,0,0,0.10 | 0.61 | 2.12,0,1.06 | 1.37 | 1.79,0,2.24 | 2.91 | 3.78,0.603,0.000,0,1,0,0,0,0,-1,0,0,0,,0,,0,,0,0,0,1
1723722878,194,1,1,8,8,10.841,0,0,0.10 | 0.61 | 2.12,0,1.06 | 1.37 | 1.79,0,2.24 | 2.91 | 3.78,0.603,0.000,0,1,0,0,0,0,-1,0,0,0,,0,,0,,0,0,0,1
1723722879,194,1,1,8,8,10.841,0,0,0.10 | 0.61 | 2.12,0,1.06 | 1.37 | 1.79,0,2.24 | 2.91 | 3.78,0.603,0.000,0,1,0,0,0,0,-1,0,0,0,,0,,0,,0,0,0,1
1723722879,194,1,1,8,8,10.841,0,0,0.10 | 0.61 | 2.12,0,1.06 | 1.37 | 1.79,0,2.24 | 2.91 | 3.78,0.603,0.000,0,1,0,0,0,0,-1,0,0,0,,0,,0,,0,0,0,1
1723722879,194,1,1,8,8,10.841,0,0,0.10 | 0.61 | 2.12,0,1.06 | 1.37 | 1.79,0,2.24 | 2.91 | 3.78,0.603,0.000,0,1,0,0,0,0,-1,0,0,0,,0,,0,,0,0,0,1
1723722879,194,1,1,8,8,10.841,0,0,0.10 | 0.61 | 2.12,0,1.06 | 1.37 | 1.79,0,2.24 | 2.91 | 3.78,0.603,0.000,0,1,0,0,0,0,-1,0,0,0,,0,,0,,0,0,0,1
1723722879,194,1,1,8,8,10.841,0,0,0.10 | 0.61 | 2.12,0,1.06 | 1.37 | 1.79,0,2.24 | 2.91 | 3.78,0.603,0.000,0,1,0,0,0,0,-1,0,0,0,,0,,0,,0,0,0,1
1723722879,194,1,1,8,8,14.624,0,0,0.10 | 0.61 | 2.12,0,1.06 | 1.41 | 1.79,0,2.24 | 2.85 | 3.78,0.588,0.000,0,1,0,0,0,0,-1,0,0,0,,0,,0,,0,0,0,1
1723722879,194,1,1,8,8,14.624,0,0,0.10 | 0.61 | 2.12,0,1.06 | 1.41 | 1.79,0,2.24 | 2.85 | 3.78,0.588,0.000,0,1,0,0,0,0,-1,0,0,0,,0,,0,,0,0,0,1
1723722879,194,1,1,8,8,14.624,0,0,0.10 | 0.61 | 2.12,0,1.06 | 1.41 | 1.79,0,2.24 | 2.85 | 3.78,0.588,0.000,0,1,0,0,0,0,-1,0,0,0,,0,,0,,0,0,0,1
1723722879,194,1,1,8,8,14.624,0,0,0.10 | 0.61 | 2.12,0,1.06 | 1.41 | 1.79,0,2.24 | 2.85 | 3.78,0.588,0.000,0,1,0,0,0,0,-1,0,0,0,,0,,0,,0,0,0,1
1723722879,194,1,1,8,8,14.624,0,0,0.10 | 0.61 | 2.12,0,1.06 | 1.41 | 1.79,0,2.24 | 2.85 | 3.78,0.588,0.000,0,1,0,0,0,0,-1,0,0,0,,0,,0,,0,0,0,1
1723722880,194,1,1,8,8,14.624,0,0,0.10 | 0.61 | 2.12,0,1.06 | 1.41 | 1.79,0,2.24 | 2.85 | 3.78,0.588,0.000,0,1,0,0,0,0,-1,0,0,0,,0,,0,,0,0,0,1
1723722880,194,1,1,8,8,14.624,0,0,0.10 | 0.61 | 2.12,0,1.06 | 1.41 | 1.79,0,2.24 | 2.85 | 3.78,0.588,0.000,0,1,0,0,0,0,-1,0,0,0,,0,,0,,0,0,0,1
1723722880,194,1,1,8,8,14.624,0,0,0.10 | 0.61 | 2.12,0,1.06 | 1.41 | 1.79,0,2.24 | 2.85 | 3.78,0.588,0.000,0,1,0,0,0,0,-1,0,0,0,,0,,0,,0,0,0,1
1723722880,194,1,1,8,8,14.624,0,0,0.10 | 0.61 | 2.12,0,1.06 | 1.41 | 1.79,0,2.24 | 2.85 | 3.78,0.588,0.000,0,1,0,0,0,0,-1,0,0,0,,0,,0,,0,0,0,1
1723722880,194,1,1,8,8,14.624,0,0,0.10 | 0.61 | 2.12,0,1.06 | 1.41 | 1.79,0,2.24 | 2.85 | 3.78,0.588,0.000,0,1,0,0,0,0,-1,0,0,0,,0,,0,,0,0,0,1
1723722880,194,1,1,8,8,13.75,0,0,0.10 | 0.61 | 2.12,0,1.06 | 1.41 | 1.79,0,2.24 | 2.85 | 3.78,0.588,0.000,0,1,0,0,0,0,-1,0,0,0,,0,,0,,0,0,0,1
1723722880,194,1,1,8,8,13.75,0,0,0.10 | 0.61 | 2.12,0,1.06 | 1.41 | 1.79,0,2.24 | 2.85 | 3.78,0.588,0.000,0,1,0,0,0,0,-1,0,0,0,,0,,0,,0,0,0,1
1723722880,194,1,1,8,8,13.75,0,0,0.10 | 0.61 | 2.12,0,1.06 | 1.41 | 1.79,0,2.24 | 2.85 | 3.78,0.588,0.000,0,1,0,0,0,0,-1,0,0,0,,0,,0,,0,0,0,1
1723722880,194,1,1,8,8,13.75,0,0,0.10 | 0.61 | 2.12,0,1.06 | 1.41 | 1.79,0,2.24 | 2.85 | 3.78,0.588,0.000,0,1,0,0,0,0,-1,0,0,0,,0,,0,,0,0,0,1
1723722880,194,1,1,8,8,13.75,0,0,0.10 | 0.61 | 2.12,0,1.06 | 1.41 | 1.79,0,2.24 | 2.85 | 3.78,0.588,0.000,0,1,0,0,0,0,-1,0,0,0,,0,,0,,0,0,0,1
1723722881,194,1,1,8,8,13.75,0,0,0.10 | 0.61 | 2.12,0,1.06 | 1.41 | 1.79,0,2.24 | 2.85 | 3.78,0.588,0.000,0,1,0,0,0,0,-1,0,0,0,,0,,0,,0,0,0,1
1723722881,194,1,1,8,8,13.75,0,0,0.10 | 0.61 | 2.12,0,1.06 | 1.41 | 1.79,0,2.24 | 2.85 | 3.78,0.588,0.000,0,1,0,0,0,0,-1,0,0,0,,0,,0,,0,0,0,1
1723722881,194,1,1,8,8,13.75,0,0,0.10 | 0.61 | 2.12,0,1.06 | 1.41 | 1.79,0,2.24 | 2.85 | 3.78,0.588,0.000,0,1,0,0,0,0,-1,0,0,0,,0,,0,,0,0,0,1
1723722881,194,1,1,8,8,13.75,0,0,0.10 | 0.61 | 2.12,0,1.06 | 1.41 | 1.79,0,2.24 | 2.85 | 3.78,0.588,0.000,0,1,0,0,0,0,-1,0,0,0,,0,,0,,0,0,0,1
1723722881,194,1,1,8,8,13.75,0,0,0.10 | 0.61 | 2.12,0,1.06 | 1.41 | 1.79,0,2.24 | 2.85 | 3.78,0.588,0.000,0,1,0,0,0,0,-1,0,0,0,,0,,0,,0,0,0,1
1723722881,194,1,1,8,8,12.688,0,0,0.10 | 0.61 | 2.12,0,1.06 | 1.41 | 1.79,0,2.24 | 2.85 | 3.78,0.588,0.000,0,1,0,0,0,0,-1,0,0,0,,0,,0,,0,0,0,1
1723722881,194,1,1,8,8,12.688,0,0,0.10 | 0.61 | 2.12,0,1.06 | 1.41 | 1.79,0,2.24 | 2.85 | 3.78,0.588,0.000,0,1,0,0,0,0,-1,0,0,0,,0,,0,,0,0,0,1
1723722881,194,1,1,8,8,12.688,0,0,0.10 | 0.61 | 2.12,0,1.06 | 1.41 | 1.79,0,2.24 | 2.85 | 3.78,0.588,0.000,0,1,0,0,0,0,-1,0,0,0,,0,,0,,0,0,0,1
1723722881,194,1,1,8,8,12.688,0,0,0.10 | 0.61 | 2.12,0,1.06 | 1.41 | 1.79,0,2.24 | 2.85 | 3.78,0.588,0.000,0,1,0,0,0,0,-1,0,0,0,,0,,0,,0,0,0,1
1723722881,194,1,1,8,8,12.688,0,0,0.10 | 0.61 | 2.12,0,1.06 | 1.41 | 1.79,0,2.24 | 2.85 | 3.78,0.588,0.000,0,1,0,0,0,0,-1,0,0,0,,0,,0,,0,0,0,1
1723722882,194,1,1,8,8,12.688,0,0,0.10 | 0.61 | 2.12,0,1.06 | 1.41 | 1.79,0,2.24 | 2.85 | 3.78,0.588,0.000,0,1,0,0,0,0,-1,0,0,0,,0,,0,,0,0,0,1
1723722882,194,1,1,8,8,12.688,0,0,0.10 | 0.61 | 2.12,0,1.06 | 1.41 | 1.79,0,2.24 | 2.85 | 3.78,0.588,0.000,0,1,0,0,0,0,-1,0,0,0,,0,,0,,0,0,0,1
1723722882,194,1,1,8,8,12.688,0,0,0.10 | 0.61 | 2.12,0,1.06 | 1.41 | 1.79,0,2.24 | 2.85 | 3.78,0.588,0.000,0,1,0,0,0,0,-1,0,0,0,,0,,0,,0,0,0,1
1723722882,194,1,1,8,8,12.688,0,0,0.10 | 0.61 | 2.12,0,1.06 | 1.41 | 1.79,0,2.24 | 2.85 | 3.78,0.588,0.000,0,1,0,0,0,0,-1,0,0,0,,0,,0,,0,0,0,1
1723722882,194,1,1,8,8,12.688,0,0,0.10 | 0.61 | 2.12,0,1.06 | 1.41 | 1.79,0,2.24 | 2.85 | 3.78,0.588,0.000,0,1,0,0,0,0,-1,0,0,0,,0,,0,,0,0,0,1
1723722882,387,1,2,8,8,11.625,0,0,0.10 | 0.61 | 2.12,0,1.06 | 1.41 | 1.79,0,2.24 | 2.85 | 3.78,0.588,0.000,0,1,0,0,0,0,-1,0,0,0,,0,,0,,0,0,0,1
1723722882,387,1,2,8,8,11.625,0,0,0.10 | 0.61 | 2.12,0,1.06 | 1.41 | 1.79,0,2.24 | 2.85 | 3.78,0.588,0.000,0,1,0,0,0,0,-1,0,0,0,,0,,0,,0,0,0,1
1723722882,387,1,2,8,8,11.625,0,0,0.10 | 0.61 | 2.12,0,1.06 | 1.41 | 1.79,0,2.24 | 2.85 | 3.78,0.588,0.000,0,1,0,0,0,0,-1,0,0,0,,0,,0,,0,0,0,1
1723722882,387,1,2,8,8,11.625,0,0,0.10 | 0.61 | 2.12,0,1.06 | 1.41 | 1.79,0,2.24 | 2.85 | 3.78,0.588,0.000,0,1,0,0,0,0,-1,0,0,0,,0,,0,,0,0,0,1
1723722882,387,1,2,8,8,11.625,0,0,0.10 | 0.61 | 2.12,0,1.06 | 1.41 | 1.79,0,2.24 | 2.85 | 3.78,0.588,0.000,0,1,0,0,0,0,-1,0,0,0,,0,,0,,0,0,0,1
1723722883,387,1,2,8,8,11.625,0,0,0.10 | 0.61 | 2.12,0,1.06 | 1.41 | 1.79,0,2.24 | 2.85 | 3.78,0.588,0.000,0,1,0,0,0,0,-1,0,0,0,,0,,0,,0,0,0,1
1723722883,387,1,2,8,8,11.625,0,0,0.10 | 0.61 | 2.12,0,1.06 | 1.41 | 1.79,0,2.24 | 2.85 | 3.78,0.588,0.000,0,1,0,0,0,0,-1,0,0,0,,0,,0,,0,0,0,1
1723722883,387,1,2,8,8,11.625,0,0,0.10 | 0.61 | 2.12,0,1.06 | 1.41 | 1.79,0,2.24 | 2.85 | 3.78,0.588,0.000,0,1,0,0,0,0,-1,0,0,0,,0,,0,,0,0,0,1
1723722883,387,1,2,8,8,11.625,0,0,0.10 | 0.61 | 2.12,0,1.06 | 1.41 | 1.79,0,2.24 | 2.85 | 3.78,0.588,0.000,0,1,0,0,0,0,-1,0,0,0,,0,,0,,0,0,0,1
1723722883,387,1,2,8,8,11.625,0,0,0.10 | 0.61 | 2.12,0,1.06 | 1.41 | 1.79,0,2.24 | 2.85 | 3.78,0.588,0.000,0,1,0,0,0,0,-1,0,0,0,,0,,0,,0,0,0,1
1723722883,387,1,2,8,8,10.829,0,0,0.10 | 0.61 | 2.12,0,1.06 | 1.41 | 1.79,0,2.24 | 2.85 | 3.78,0.588,0.000,0,1,0,0,0,0,-1,0,0,0,,0,,0,,0,0,0,1
1723722883,387,1,2,8,8,10.829,0,0,0.10 | 0.61 | 2.12,0,1.06 | 1.41 | 1.79,0,2.24 | 2.85 | 3.78,0.588,0.000,0,1,0,0,0,0,-1,0,0,0,,0,,0,,0,0,0,1
1723722883,387,1,2,8,8,10.829,0,0,0.10 | 0.61 | 2.12,0,1.06 | 1.41 | 1.79,0,2.24 | 2.85 | 3.78,0.588,0.000,0,1,0,0,0,0,-1,0,0,0,,0,,0,,0,0,0,1
1723722883,387,1,2,8,8,10.829,0,0,0.10 | 0.61 | 2.12,0,1.06 | 1.41 | 1.79,0,2.24 | 2.85 | 3.78,0.588,0.000,0,1,0,0,0,0,-1,0,0,0,,0,,0,,0,0,0,1
1723722883,387,1,2,8,8,10.829,0,0,0.10 | 0.61 | 2.12,0,1.06 | 1.41 | 1.79,0,2.24 | 2.85 | 3.78,0.588,0.000,0,1,0,0,0,0,-1,0,0,0,,0,,0,,0,0,0,1
1723722884,387,1,2,8,8,10.829,0,0,0.10 | 0.61 | 2.12,0,1.06 | 1.41 | 1.79,0,2.24 | 2.85 | 3.78,0.588,0.000,0,1,0,0,0,0,-1,0,0,0,,0,,0,,0,0,0,1
1723722884,387,1,2,8,8,10.829,0,0,0.10 | 0.61 | 2.12,0,1.06 | 1.41 | 1.79,0,2.24 | 2.85 | 3.78,0.588,0.000,0,1,0,0,0,0,-1,0,0,0,,0,,0,,0,0,0,1
1723722884,387,1,2,8,8,10.829,0,0,0.10 | 0.61 | 2.12,0,1.06 | 1.41 | 1.79,0,2.24 | 2.85 | 3.78,0.588,0.000,0,1,0,0,0,0,-1,0,0,0,,0,,0,,0,0,0,1
1723722884,387,1,2,8,8,10.829,0,0,0.10 | 0.61 | 2.12,0,1.06 | 1.41 | 1.79,0,2.24 | 2.85 | 3.78,0.588,0.000,0,1,0,0,0,0,-1,0,0,0,,0,,0,,0,0,0,1
1723722884,387,1,2,8,8,10.829,0,0,0.10 | 0.61 | 2.12,0,1.06 | 1.41 | 1.79,0,2.24 | 2.85 | 3.78,0.588,0.000,0,1,0,0,0,0,-1,0,0,0,,0,,0,,0,0,0,1
1723722884,387,1,2,8,8,9.75,0,0,0.10 | 0.61 | 2.12,0,1.06 | 1.41 | 1.79,0,2.24 | 2.85 | 3.78,0.588,0.000,0,1,0,0,0,0,-1,0,0,0,,0,,0,,0,0,0,1
1723722884,387,1,2,8,8,9.75,0,0,0.10 | 0.61 | 2.12,0,1.06 | 1.41 | 1.79,0,2.24 | 2.85 | 3.78,0.588,0.000,0,1,0,0,0,0,-1,0,0,0,,0,,0,,0,0,0,1
1723722884,387,1,2,8,8,9.75,0,0,0.10 | 0.61 | 2.12,0,1.06 | 1.41 | 1.79,0,2.24 | 2.85 | 3.78,0.588,0.000,0,1,0,0,0,0,-1,0,0,0,,0,,0,,0,0,0,1
1723722884,387,1,2,8,8,9.75,0,0,0.10 | 0.61 | 2.12,0,1.06 | 1.41 | 1.79,0,2.24 | 2.85 | 3.78,0.588,0.000,0,1,0,0,0,0,-1,0,0,0,,0,,0,,0,0,0,1
1723722884,387,1,2,8,8,9.75,0,0,0.10 | 0.61 | 2.12,0,1.06 | 1.41 | 1.79,0,2.24 | 2.85 | 3.78,0.588,0.000,0,1,0,0,0,0,-1,0,0,0,,0,,0,,0,0,0,1
1723722885,387,1,2,8,8,9.75,0,0,0.10 | 0.61 | 2.12,0,1.06 | 1.41 | 1.79,0,2.24 | 2.85 | 3.78,0.588,0.000,0,1,0,0,0,0,-1,0,0,0,,0,,0,,0,0,0,1
1723722885,387,1,2,8,8,9.75,0,0,0.10 | 0.61 | 2.12,0,1.06 | 1.41 | 1.79,0,2.24 | 2.85 | 3.78,0.588,0.000,0,1,0,0,0,0,-1,0,0,0,,0,,0,,0,0,0,1
1723722885,387,1,2,8,8,9.75,0,0,0.10 | 0.61 | 2.12,0,1.06 | 1.41 | 1.79,0,2.24 | 2.85 | 3.78,0.588,0.000,0,1,0,0,0,0,-1,0,0,0,,0,,0,,0,0,0,1
1723722885,387,1,2,8,8,9.75,0,0,0.10 | 0.61 | 2.12,0,1.06 | 1.41 | 1.79,0,2.24 | 2.85 | 3.78,0.588,0.000,0,1,0,0,0,0,-1,0,0,0,,0,,0,,0,0,0,1
1723722885,387,2,2,8,8,9.75,0,0,0.10 | 0.61 | 2.12,0,1.06 | 1.41 | 1.79,0,2.24 | 2.85 | 3.78,0.588,0.000,0,1,0,0,0,0,-1,0,0,0,,0,,0,,0,0,0,1
1723722885,387,2,2,8,8,8.688,0,0,0.10 | 0.11 | 0.11,0,1.06 | 1.62 | 2.01,0,1.99 | 2.47 | 3.78,0.601,0.000,0,1,0,0,0,0,-1,0,0,0,,0,,0,,0,0,0,1
1723722885,387,2,2,8,8,8.688,0,0,0.10 | 0.11 | 0.11,0,1.06 | 1.62 | 2.01,0,1.99 | 2.47 | 3.78,0.601,0.000,0,1,0,0,0,0,-1,0,0,0,,0,,0,,0,0,0,1
1723722885,387,2,2,8,8,8.688,0,0,0.10 | 0.11 | 0.11,0,1.06 | 1.62 | 2.01,0,1.99 | 2.47 | 3.78,0.601,0.000,0,1,0,0,0,0,-1,0,0,0,,0,,0,,0,0,0,1
1723722885,387,2,2,8,8,8.688,0,0,0.10 | 0.11 | 0.11,0,1.06 | 1.62 | 2.01,0,1.99 | 2.47 | 3.78,0.601,0.000,0,1,0,0,0,0,-1,0,0,0,,0,,0,,0,0,0,1
1723722885,387,2,2,8,8,8.688,0,0,0.10 | 0.11 | 0.11,0,1.06 | 1.62 | 2.01,0,1.99 | 2.47 | 3.78,0.601,0.000,0,1,0,0,0,0,-1,0,0,0,,0,,0,,0,0,0,1
1723722886,387,2,2,8,8,8.688,0,0,0.10 | 0.11 | 0.11,0,1.06 | 1.62 | 2.01,0,1.99 | 2.47 | 3.78,0.601,0.000,0,1,0,0,0,0,-1,0,0,0,,0,,0,,0,0,0,1
1723722886,387,2,2,8,8,8.688,0,0,0.10 | 0.11 | 0.11,0,1.06 | 1.62 | 2.01,0,1.99 | 2.47 | 3.78,0.601,0.000,0,1,0,0,0,0,-1,0,0,0,,0,,0,,0,0,0,1
1723722886,387,2,2,8,8,8.688,0,0,0.10 | 0.11 | 0.11,0,1.06 | 1.62 | 2.01,0,1.99 | 2.47 | 3.78,0.601,0.000,0,1,0,0,0,0,-1,0,0,0,,0,,0,,0,0,0,1
1723722886,387,2,2,8,8,8.688,0,0,0.10 | 0.11 | 0.11,0,1.06 | 1.62 | 2.01,0,1.99 | 2.47 | 3.78,0.601,0.000,0,1,0,0,0,0,-1,0,0,0,,0,,0,,0,0,0,1
1723722886,387,2,2,8,8,8.688,0,0,0.10 | 0.11 | 0.11,0,1.06 | 1.62 | 2.01,0,1.99 | 2.47 | 3.78,0.601,0.000,0,1,0,0,0,0,-1,0,0,0,,0,,0,,0,0,0,1
1723722886,387,2,2,8,8,7.625,0,0,0.10 | 0.11 | 0.11,0,1.06 | 1.62 | 2.01,0,1.99 | 2.47 | 3.78,0.601,0.000,0,1,0,0,0,0,-1,0,0,0,,0,,0,,0,0,0,1
1723722886,387,2,2,8,8,7.625,0,0,0.10 | 0.11 | 0.11,0,1.06 | 1.62 | 2.01,0,1.99 | 2.47 | 3.78,0.601,0.000,0,1,0,0,0,0,-1,0,0,0,,0,,0,,0,0,0,1
1723722886,387,2,2,8,8,7.625,0,0,0.10 | 0.11 | 0.11,0,1.06 | 1.62 | 2.01,0,1.99 | 2.47 | 3.78,0.601,0.000,0,1,0,0,0,0,-1,0,0,0,,0,,0,,0,0,0,1
1723722886,387,2,2,8,8,7.625,0,0,0.10 | 0.11 | 0.11,0,1.06 | 1.62 | 2.01,0,1.99 | 2.47 | 3.78,0.601,0.000,0,1,0,0,0,0,-1,0,0,0,,0,,0,,0,0,0,1
1723722886,387,2,2,8,8,7.625,0,0,0.10 | 0.11 | 0.11,0,1.06 | 1.62 | 2.01,0,1.99 | 2.47 | 3.78,0.601,0.000,0,1,0,0,0,0,-1,0,0,0,,0,,0,,0,0,0,1
1723722887,387,2,2,8,8,7.625,0,0,0.10 | 0.11 | 0.11,0,1.06 | 1.62 | 2.01,0,1.99 | 2.47 | 3.78,0.601,0.000,0,1,0,0,0,0,-1,0,0,0,,0,,0,,0,0,0,1
1723722887,387,2,2,8,8,7.625,0,0,0.10 | 0.11 | 0.11,0,1.06 | 1.62 | 2.01,0,1.99 | 2.47 | 3.78,0.601,0.000,0,1,0,0,0,0,-1,0,0,0,,0,,0,,0,0,0,1
1723722887,387,2,2,8,8,7.625,0,0,0.10 | 0.11 | 0.11,0,1.06 | 1.62 | 2.01,0,1.99 | 2.47 | 3.78,0.601,0.000,0,1,0,0,0,0,-1,0,0,0,,0,,0,,0,0,0,1
1723722887,387,2,2,8,8,7.625,0,0,0.10 | 0.11 | 0.11,0,1.06 | 1.62 | 2.01,0,1.99 | 2.47 | 3.78,0.601,0.000,0,1,0,0,0,0,-1,0,0,0,,0,,0,,0,0,0,1
1723722887,387,2,2,8,8,7.625,0,0,0.10 | 0.11 | 0.11,0,1.06 | 1.62 | 2.01,0,1.99 | 2.47 | 3.78,0.601,0.000,0,1,0,0,0,0,-1,0,0,0,,0,,0,,0,0,0,1
1723722887,387,2,2,8,8,6.829,0,0,0.10 | 0.11 | 0.11,0,1.06 | 1.62 | 2.01,0,1.99 | 2.47 | 3.78,0.601,0.000,0,1,0,0,0,0,-1,0,0,0,,0,,0,,0,0,0,1
1723722887,387,2,2,8,8,6.829,0,0,0.10 | 0.11 | 0.11,0,1.06 | 1.62 | 2.01,0,1.99 | 2.47 | 3.78,0.601,0.000,0,1,0,0,0,0,-1,0,0,0,,0,,0,,0,0,0,1
1723722887,387,2,2,8,8,6.829,0,0,0.10 | 0.11 | 0.11,0,1.06 | 1.62 | 2.01,0,1.99 | 2.47 | 3.78,0.601,0.000,0,1,0,0,0,0,-1,0,0,0,,0,,0,,0,0,0,1
1723722887,387,2,2,8,8,6.829,0,0,0.10 | 0.11 | 0.11,0,1.06 | 1.62 | 2.01,0,1.99 | 2.47 | 3.78,0.601,0.000,0,1,0,0,0,0,-1,0,0,0,,0,,0,,0,0,0,1
1723722887,387,2,2,8,8,6.829,0,0,0.10 | 0.11 | 0.11,0,1.06 | 1.62 | 2.01,0,1.99 | 2.47 | 3.78,0.601,0.000,0,1,0,0,0,0,-1,0,0,0,,0,,0,,0,0,0,1
1723722888,387,2,2,8,8,6.829,0,0,0.10 | 0.11 | 0.11,0,1.06 | 1.62 | 2.01,0,1.99 | 2.47 | 3.78,0.601,0.000,0,1,0,0,0,0,-1,0,0,0,,0,,0,,0,0,0,1
1723722888,387,2,2,8,8,6.829,0,0,0.10 | 0.11 | 0.11,0,1.06 | 1.62 | 2.01,0,1.99 | 2.47 | 3.78,0.601,0.000,0,1,0,0,0,0,-1,0,0,0,,0,,0,,0,0,0,1
1723722888,387,2,2,8,8,6.829,0,0,0.10 | 0.11 | 0.11,0,1.06 | 1.62 | 2.01,0,1.99 | 2.47 | 3.78,0.601,0.000,0,1,0,0,0,0,-1,0,0,0,,0,,0,,0,0,0,1
1723722888,387,2,2,8,8,6.829,0,0,0.10 | 0.11 | 0.11,0,1.06 | 1.62 | 2.01,0,1.99 | 2.47 | 3.78,0.601,0.000,0,1,0,0,0,0,-1,0,0,0,,0,,0,,0,0,0,1
1723722888,387,2,2,8,8,6.829,0,0,0.10 | 0.11 | 0.11,0,1.06 | 1.62 | 2.01,0,1.99 | 2.47 | 3.78,0.601,0.000,0,1,0,0,0,0,-1,0,0,0,,0,,0,,0,0,0,1
1723722888,387,2,2,8,8,5.75,0,0,0.10 | 0.11 | 0.11,0,1.06 | 1.95 | 3.11,0,1.29 | 2.06 | 3.78,0.596,0.000,0,1,0,0,0,0,-1,0,0,0,,0,,0,,0,0,0,1
1723722888,387,2,2,8,8,5.75,0,0,0.10 | 0.11 | 0.11,0,1.06 | 1.95 | 3.11,0,1.29 | 2.06 | 3.78,0.596,0.000,0,1,0,0,0,0,-1,0,0,0,,0,,0,,0,0,0,1
1723722888,387,2,2,8,8,5.75,0,0,0.10 | 0.11 | 0.11,0,1.06 | 1.95 | 3.11,0,1.29 | 2.06 | 3.78,0.596,0.000,0,1,0,0,0,0,-1,0,0,0,,0,,0,,0,0,0,1
1723722888,387,2,2,8,8,5.75,0,0,0.10 | 0.11 | 0.11,0,1.06 | 1.95 | 3.11,0,1.29 | 2.06 | 3.78,0.596,0.000,0,1,0,0,0,0,-1,0,0,0,,0,,0,,0,0,0,1
1723722888,387,2,2,8,8,5.75,0,0,0.10 | 0.11 | 0.11,0,1.06 | 1.95 | 3.11,0,1.29 | 2.06 | 3.78,0.596,0.000,0,1,0,0,0,0,-1,0,0,0,,0,,0,,0,0,0,1
1723722889,387,2,2,8,8,5.75,0,0,0.10 | 0.11 | 0.11,0,1.06 | 1.95 | 3.11,0,1.29 | 2.06 | 3.78,0.596,0.000,0,1,0,0,0,0,-1,0,0,0,,0,,0,,0,0,0,1
1723722889,387,2,2,8,8,5.75,0,0,0.10 | 0.11 | 0.11,0,1.06 | 1.95 | 3.11,0,1.29 | 2.06 | 3.78,0.596,0.000,0,1,0,0,0,0,-1,0,0,0,,0,,0,,0,0,0,1
1723722889,387,2,2,8,8,5.75,0,0,0.10 | 0.11 | 0.11,0,1.06 | 1.95 | 3.11,0,1.29 | 2.06 | 3.78,0.596,0.000,0,1,0,0,0,0,-1,0,0,0,,0,,0,,0,0,0,1
1723722889,387,2,2,8,8,5.75,0,0,0.10 | 0.11 | 0.11,0,1.06 | 1.95 | 3.11,0,1.29 | 2.06 | 3.78,0.596,0.000,0,1,0,0,0,0,-1,0,0,0,,0,,0,,0,0,0,1
1723722889,387,2,2,8,8,5.75,0,0,0.10 | 0.11 | 0.11,0,1.06 | 1.95 | 3.11,0,1.29 | 2.06 | 3.78,0.596,0.000,0,1,0,0,0,0,-1,0,0,0,,0,,0,,0,0,0,1
1723722889,387,2,2,8,8,4.688,0,0,0.10 | 0.11 | 0.11,0,1.06 | 1.95 | 3.11,0,1.29 | 2.06 | 3.78,0.596,0.000,0,1,0,0,0,0,-1,0,0,0,,0,,0,,0,0,0,1
1723722889,387,2,2,8,8,4.688,0,0,0.10 | 0.11 | 0.11,0,1.06 | 1.95 | 3.11,0,1.29 | 2.06 | 3.78,0.596,0.000,0,1,0,0,0,0,-1,0,0,0,,0,,0,,0,0,0,1
1723722889,387,2,2,8,8,4.688,0,0,0.10 | 0.11 | 0.11,0,1.06 | 1.95 | 3.11,0,1.29 | 2.06 | 3.78,0.596,0.000,0,1,0,0,0,0,-1,0,0,0,,0,,0,,0,0,0,1
1723722889,387,2,2,8,8,4.688,0,0,0.10 | 0.11 | 0.11,0,1.06 | 1.95 | 3.11,0,1.29 | 2.06 | 3.78,0.596,0.000,0,1,0,0,0,0,-1,0,0,0,,0,,0,,0,0,0,1
1723722889,387,2,2,8,8,4.688,0,0,0.10 | 0.11 | 0.11,0,1.06 | 1.95 | 3.11,0,1.29 | 2.06 | 3.78,0.596,0.000,0,1,0,0,0,0,-1,0,0,0,,0,,0,,0,0,0,1
1723722890,387,2,2,8,8,4.688,0,0,0.10 | 0.11 | 0.11,0,1.06 | 1.95 | 3.11,0,1.29 | 2.06 | 3.78,0.596,0.000,0,1,0,0,0,0,-1,0,0,0,,0,,0,,0,0,0,1
1723722890,387,2,2,8,8,4.688,0,0,0.10 | 0.11 | 0.11,0,1.06 | 1.95 | 3.11,0,1.29 | 2.06 | 3.78,0.596,0.000,0,1,0,0,0,0,-1,0,0,0,,0,,0,,0,0,0,1
1723722890,387,2,2,8,8,4.688,0,0,0.10 | 0.11 | 0.11,0,1.06 | 1.95 | 3.11,0,1.29 | 2.06 | 3.78,0.596,0.000,0,1,0,0,0,0,-1,0,0,0,,0,,0,,0,0,0,1
1723722890,387,2,2,8,8,4.688,0,0,0.10 | 0.11 | 0.11,0,1.06 | 1.95 | 3.11,0,1.29 | 2.06 | 3.78,0.596,0.000,0,1,0,0,0,0,-1,0,0,0,,0,,0,,0,0,0,1
1723722890,387,2,2,8,8,4.688,0,0,0.10 | 0.11 | 0.11,0,1.06 | 1.95 | 3.11,0,1.29 | 2.06 | 3.78,0.596,0.000,0,1,0,0,0,0,-1,0,0,0,,0,,0,,0,0,0,1
1723722890,387,2,2,8,8,3.625,0,0,0.10 | 0.11 | 0.11,0,1.06 | 1.95 | 3.11,0,1.29 | 2.06 | 3.78,0.596,0.000,0,1,0,0,0,0,-1,0,0,0,,0,,0,,0,0,0,1
1723722890,387,2,2,8,8,3.625,0,0,0.10 | 0.11 | 0.11,0,1.06 | 1.95 | 3.11,0,1.29 | 2.06 | 3.78,0.596,0.000,0,1,0,0,0,0,-1,0,0,0,,0,,0,,0,0,0,1
1723722890,387,2,2,8,8,3.625,0,0,0.10 | 0.11 | 0.11,0,1.06 | 1.95 | 3.11,0,1.29 | 2.06 | 3.78,0.596,0.000,0,1,0,0,0,0,-1,0,0,0,,0,,0,,0,0,0,1
1723722890,387,2,2,8,8,3.625,0,0,0.10 | 0.11 | 0.11,0,1.06 | 1.95 | 3.11,0,1.29 | 2.06 | 3.78,0.596,0.000,0,1,0,0,0,0,-1,0,0,0,,0,,0,,0,0,0,1
1723722890,387,2,2,8,8,3.625,0,0,0.10 | 0.11 | 0.11,0,1.06 | 1.95 | 3.11,0,1.29 | 2.06 | 3.78,0.596,0.000,0,1,0,0,0,0,-1,0,0,0,,0,,0,,0,0,0,1
1723722891,387,2,2,8,8,3.625,0,0,0.10 | 0.11 | 0.11,0,1.06 | 1.95 | 3.11,0,1.29 | 2.06 | 3.78,0.596,0.000,0,1,0,0,0,0,-1,0,0,0,,0,,0,,0,0,0,1
1723722891,387,2,2,8,8,3.625,0,0,0.10 | 0.11 | 0.11,0,1.06 | 1.95 | 3.11,0,1.29 | 2.06 | 3.78,0.596,0.000,0,1,0,0,0,0,-1,0,0,0,,0,,0,,0,0,0,1
1723722891,387,2,2,8,8,3.625,0,0,0.10 | 0.11 | 0.11,0,1.06 | 1.95 | 3.11,0,1.29 | 2.06 | 3.78,0.596,0.000,0,1,0,0,0,0,-1,0,0,0,,0,,0,,0,0,0,1
1723722891,387,2,2,8,8,3.625,0,0,0.10 | 0.11 | 0.11,0,1.06 | 1.95 | 3.11,0,1.29 | 2.06 | 3.78,0.596,0.000,0,1,0,0,0,0,-1,0,0,0,,0,,0,,0,0,0,1
1723722891,387,2,2,8,8,3.625,0,0,0.10 | 0.11 | 0.11,0,1.06 | 1.95 | 3.11,0,1.29 | 2.06 | 3.78,0.596,0.000,0,1,0,0,0,0,-1,0,0,0,,0,,0,,0,0,0,1
1723722891,387,2,2,8,8,2.824,0,0,0.10 | 0.11 | 0.11,0,1.06 | 1.95 | 3.11,0,1.29 | 2.06 | 3.78,0.596,0.000,0,1,0,0,0,0,-1,0,0,0,,0,,0,,0,0,0,1
1723722891,387,2,2,8,8,2.824,0,0,0.10 | 0.11 | 0.11,0,1.06 | 1.95 | 3.11,0,1.29 | 2.06 | 3.78,0.596,0.000,0,1,0,0,0,0,-1,0,0,0,,0,,0,,0,0,0,1
1723722891,387,2,2,8,8,2.824,0,0,0.10 | 0.11 | 0.11,0,1.06 | 1.95 | 3.11,0,1.29 | 2.06 | 3.78,0.596,0.000,0,1,0,0,0,0,-1,0,0,0,,0,,0,,0,0,0,1
1723722891,387,2,2,8,8,2.824,0,0,0.10 | 0.11 | 0.11,0,1.06 | 1.95 | 3.11,0,1.29 | 2.06 | 3.78,0.596,0.000,0,1,0,0,0,0,-1,0,0,0,,0,,0,,0,0,0,1
1723722891,387,2,2,8,8,2.824,0,0,0.10 | 0.11 | 0.11,0,1.06 | 1.95 | 3.11,0,1.29 | 2.06 | 3.78,0.596,0.000,0,1,0,0,0,0,-1,0,0,0,,0,,0,,0,0,0,1
1723722892,387,2,2,8,8,2.824,0,0,0.10 | 0.11 | 0.11,0,1.06 | 1.95 | 3.11,0,1.29 | 2.06 | 3.78,0.596,0.000,0,1,0,0,0,0,-1,0,0,0,,0,,0,,0,0,0,1
1723722892,387,2,2,8,8,2.824,0,0,0.10 | 0.11 | 0.11,0,1.06 | 1.95 | 3.11,0,1.29 | 2.06 | 3.78,0.596,0.000,0,1,0,0,0,0,-1,0,0,0,,0,,0,,0,0,0,1
1723722892,194,2,1,8,8,2.824,0,0,0.10 | 0.11 | 0.11,0,1.06 | 1.95 | 3.11,0,1.29 | 2.06 | 3.78,0.596,0.000,0,1,0,0,0,0,-1,0,0,0,,0,,0,,0,0,0,1
1723722892,194,2,1,8,8,2.824,0,0,0.10 | 0.11 | 0.11,0,1.06 | 1.95 | 3.11,0,1.29 | 2.06 | 3.78,0.596,0.000,0,1,0,0,0,0,-1,0,0,0,,0,,0,,0,0,0,1
1723722892,194,2,1,8,8,2.824,0,0,0.10 | 0.11 | 0.11,0,1.06 | 1.95 | 3.11,0,1.29 | 2.06 | 3.78,0.596,0.000,0,1,0,0,0,0,-1,0,0,0,,0,,0,,0,0,0,1
1723722892,194,2,1,8,8,4.95,0,0,0.11 | 0.11 | 0.11,0,1.61 | 2.70 | 4.08,0,0.98 | 1.48 | 2.49,0.544,0.000,0,1,0,0,0,0,-1,0,0,0,,0,,0,,0,0,0,1
1723722892,194,2,1,8,8,4.95,0,0,0.11 | 0.11 | 0.11,0,1.61 | 2.70 | 4.08,0,0.98 | 1.48 | 2.49,0.544,0.000,0,1,0,0,0,0,-1,0,0,0,,0,,0,,0,0,0,1
1723722892,194,2,1,8,8,4.95,0,0,0.11 | 0.11 | 0.11,0,1.61 | 2.70 | 4.08,0,0.98 | 1.48 | 2.49,0.544,0.000,0,1,0,0,0,0,-1,0,0,0,,0,,0,,0,0,0,1
1723722892,194,2,1,8,8,4.95,0,0,0.11 | 0.11 | 0.11,0,1.61 | 2.70 | 4.08,0,0.98 | 1.48 | 2.49,0.544,0.000,0,1,0,0,0,0,-1,0,0,0,,0,,0,,0,0,0,1
1723722892,194,2,1,8,8,4.95,0,0,0.11 | 0.11 | 0.11,0,1.61 | 2.70 | 4.08,0,0.98 | 1.48 | 2.49,0.544,0.000,0,1,0,0,0,0,-1,0,0,0,,0,,0,,0,0,0,1
1723722893,194,2,1,8,8,4.95,0,0,0.11 | 0.11 | 0.11,0,1.61 | 2.70 | 4.08,0,0.98 | 1.48 | 2.49,0.544,0.000,0,1,0,0,0,0,-1,0,0,0,,0,,0,,0,0,0,1
1723722893,194,2,1,8,8,4.95,0,0,0.11 | 0.11 | 0.11,0,1.61 | 2.70 | 4.08,0,0.98 | 1.48 | 2.49,0.544,0.000,0,1,0,0,0,0,-1,0,0,0,,0,,0,,0,0,0,1
1723722893,194,2,1,8,8,4.95,0,0,0.11 | 0.11 | 0.11,0,1.61 | 2.70 | 4.08,0,0.98 | 1.48 | 2.49,0.544,0.000,0,1,0,0,0,0,-1,0,0,0,,0,,0,,0,0,0,1
1723722893,194,2,1,8,8,4.95,0,0,0.11 | 0.11 | 0.11,0,1.61 | 2.70 | 4.08,0,0.98 | 1.48 | 2.49,0.544,0.000,0,1,0,0,0,0,-1,0,0,0,,0,,0,,0,0,0,1
1723722893,194,2,1,8,8,4.95,0,0,0.11 | 0.11 | 0.11,0,1.61 | 2.70 | 4.08,0,0.98 | 1.48 | 2.49,0.544,0.000,0,1,0,0,0,0,-1,0,0,0,,0,,0,,0,0,0,1
1723722893,194,2,1,8,8,3.888,0,0,0.11 | 0.11 | 0.11,0,1.61 | 2.70 | 4.08,0,0.98 | 1.48 | 2.49,0.544,0.000,0,1,0,0,0,0,-1,0,0,0,,0,,0,,0,0,0,1
1723722893,194,2,1,8,8,3.888,0,0,0.11 | 0.11 | 0.11,0,1.61 | 2.70 | 4.08,0,0.98 | 1.48 | 2.49,0.544,0.000,0,1,0,0,0,0,-1,0,0,0,,0,,0,,0,0,0,1
1723722893,194,2,1,8,8,3.888,0,0,0.11 | 0.11 | 0.11,0,1.61 | 2.70 | 4.08,0,0.98 | 1.48 | 2.49,0.544,0.000,0,1,0,0,0,0,-1,0,0,0,,0,,0,,0,0,0,1
1723722893,194,2,1,8,8,3.888,0,0,0.11 | 0.11 | 0.11,0,1.61 | 2.70 | 4.08,0,0.98 | 1.48 | 2.49,0.544,0.000,0,1,0,0,0,0,-1,0,0,0,,0,,0,,0,0,0,1
1723722893,194,2,1,8,8,3.888,0,0,0.11 | 0.11 | 0.11,0,1.61 | 2.70 | 4.08,0,0.98 | 1.48 | 2.49,0.544,0.000,0,1,0,0,0,0,-1,0,0,0,,0,,0,,0,0,0,1
1723722894,194,2,1,8,8,3.888,0,0,0.11 | 0.11 | 0.11,0,1.61 | 2.70 | 4.08,0,0.98 | 1.48 | 2.49,0.544,0.000,0,1,0,0,0,0,-1,0,0,0,,0,,0,,0,0,0,1
1723722894,194,2,1,8,8,3.888,0,0,0.11 | 0.11 | 0.11,0,1.61 | 2.70 | 4.08,0,0.98 | 1.48 | 2.49,0.544,0.000,0,1,0,0,0,0,-1,0,0,0,,0,,0,,0,0,0,1
1723722894,194,2,1,8,8,3.888,0,0,0.11 | 0.11 | 0.11,0,1.61 | 2.70 | 4.08,0,0.98 | 1.48 | 2.49,0.544,0.000,0,1,0,0,0,0,-1,0,0,0,,0,,0,,0,0,0,1
1723722894,194,2,1,8,8,3.888,0,0,0.11 | 0.11 | 0.11,0,1.61 | 2.70 | 4.08,0,0.98 | 1.48 | 2.49,0.544,0.000,0,1,0,0,0,0,-1,0,0,0,,0,,0,,0,0,0,1
1723722894,194,2,1,8,8,3.888,0,0,0.11 | 0.11 | 0.11,0,1.61 | 2.70 | 4.08,0,0.98 | 1.48 | 2.49,0.544,0.000,0,1,0,0,0,0,-1,0,0,0,,0,,0,,0,0,0,1
1723722894,194,2,1,8,8,7.625,0,0,0.11 | 0.11 | 0.11,0,1.54 | 2.69 | 4.08,0,0.98 | 1.49 | 2.59,0.551,0.000,0,1,0,0,0,0,-1,0,0,0,,0,,0,,0,0,0,1
1723722894,194,2,1,8,8,7.625,0,0,0.11 | 0.11 | 0.11,0,1.54 | 2.69 | 4.08,0,0.98 | 1.49 | 2.59,0.551,0.000,0,1,0,0,0,0,-1,0,0,0,,0,,0,,0,0,0,1
1723722894,194,2,1,8,8,7.625,0,0,0.11 | 0.11 | 0.11,0,1.54 | 2.69 | 4.08,0,0.98 | 1.49 | 2.59,0.551,0.000,0,1,0,0,0,0,-1,0,0,0,,0,,0,,0,0,0,1
1723722894,194,2,1,8,8,7.625,0,0,0.11 | 0.11 | 0.11,0,1.54 | 2.69 | 4.08,0,0.98 | 1.49 | 2.59,0.551,0.000,0,1,0,0,0,0,-1,0,0,0,,0,,0,,0,0,0,1
1723722894,194,2,1,8,8,7.625,0,0,0.11 | 0.11 | 0.11,0,1.54 | 2.69 | 4.08,0,0.98 | 1.49 | 2.59,0.551,0.000,0,1,0,0,0,0,-1,0,0,0,,0,,0,,0,0,0,1
1723722895,194,2,1,8,8,7.625,0,0,0.11 | 0.11 | 0.11,0,1.54 | 2.69 | 4.08,0,0.98 | 1.49 | 2.59,0.551,0.000,0,1,0,0,0,0,-1,0,0,0,,0,,0,,0,0,0,1
1723722895,194,2,1,8,8,7.625,0,0,0.11 | 0.11 | 0.11,0,1.54 | 2.69 | 4.08,0,0.98 | 1.49 | 2.59,0.551,0.000,0,1,0,0,0,0,-1,0,0,0,,0,,0,,0,0,0,1
1723722895,194,2,1,8,8,7.625,0,0,0.11 | 0.11 | 0.11,0,1.54 | 2.69 | 4.08,0,0.98 | 1.49 | 2.59,0.551,0.000,0,1,0,0,0,0,-1,0,0,0,,0,,0,,0,0,0,1
1723722895,194,2,1,8,8,7.625,0,0,0.11 | 0.11 | 0.11,0,1.54 | 2.69 | 4.08,0,0.98 | 1.49 | 2.59,0.551,0.000,0,1,0,0,0,0,-1,0,0,0,,0,,0,,0,0,0,1
1723722895,194,2,1,8,8,7.625,0,0,0.11 | 0.11 | 0.11,0,1.54 | 2.69 | 4.08,0,0.98 | 1.49 | 2.59,0.551,0.000,0,1,0,0,0,0,-1,0,0,0,,0,,0,,0,0,0,1
1723722895,194,2,1,8,8,10.028,0,0,0.11 | 0.11 | 0.11,0,1.03 | 2.44 | 4.08,0,0.98 | 1.64 | 3.86,0.548,0.000,0,1,0,0,0,0,-1,0,0,0,,0,,0,,0,0,0,1
1723722895,194,2,1,8,8,10.028,0,0,0.11 | 0.11 | 0.11,0,1.03 | 2.44 | 4.08,0,0.98 | 1.64 | 3.86,0.548,0.000,0,1,0,0,0,0,-1,0,0,0,,0,,0,,0,0,0,1
1723722895,194,2,1,8,8,10.028,0,0,0.11 | 0.11 | 0.11,0,1.03 | 2.44 | 4.08,0,0.98 | 1.64 | 3.86,0.548,0.000,0,1,0,0,0,0,-1,0,0,0,,0,,0,,0,0,0,1
1723722895,194,2,1,8,8,10.028,0,0,0.11 | 0.11 | 0.11,0,1.03 | 2.44 | 4.08,0,0.98 | 1.64 | 3.86,0.548,0.000,0,1,0,0,0,0,-1,0,0,0,,0,,0,,0,0,0,1
1723722895,194,2,1,8,8,10.028,0,0,0.11 | 0.11 | 0.11,0,1.03 | 2.44 | 4.08,0,0.98 | 1.64 | 3.86,0.548,0.000,0,1,0,0,0,0,-1,0,0,0,,0,,0,,0,0,0,1
1723722896,194,2,1,8,8,10.028,0,0,0.11 | 0.11 | 0.11,0,1.03 | 2.44 | 4.08,0,0.98 | 1.64 | 3.86,0.548,0.000,0,1,0,0,0,0,-1,0,0,0,,0,,0,,0,0,0,1
1723722896,194,2,1,8,8,10.028,0,0,0.11 | 0.11 | 0.11,0,1.03 | 2.44 | 4.08,0,0.98 | 1.64 | 3.86,0.548,0.000,0,1,0,0,0,0,-1,0,0,0,,0,,0,,0,0,0,1
1723722896,194,2,1,8,8,10.028,0,0,0.11 | 0.11 | 0.11,0,1.03 | 2.44 | 4.08,0,0.98 | 1.64 | 3.86,0.548,0.000,0,1,0,0,0,0,-1,0,0,0,,0,,0,,0,0,0,1
1723722896,194,2,1,8,8,10.028,0,0,0.11 | 0.11 | 0.11,0,1.03 | 2.44 | 4.08,0,0.98 | 1.64 | 3.86,0.548,0.000,0,1,0,0,0,0,-1,0,0,0,,0,,0,,0,0,0,1
1723722896,194,2,1,8,8,10.028,0,0,0.11 | 0.11 | 0.11,0,1.03 | 2.44 | 4.08,0,0.98 | 1.64 | 3.86,0.548,0.000,0,1,0,0,0,0,-1,0,0,0,,0,,0,,0,0,0,1
1723722896,194,2,1,8,8,8.966,0,0,0.11 | 0.11 | 0.11,0,1.03 | 2.44 | 4.08,0,0.98 | 1.64 | 3.86,0.548,0.000,0,1,0,0,0,0,-1,0,0,0,,0,,0,,0,0,0,1
1723722896,194,2,1,8,8,8.966,0,0,0.11 | 0.11 | 0.11,0,1.03 | 2.44 | 4.08,0,0.98 | 1.64 | 3.86,0.548,0.000,0,1,0,0,0,0,-1,0,0,0,,0,,0,,0,0,0,1
1723722896,194,2,1,8,8,8.966,0,0,0.11 | 0.11 | 0.11,0,1.03 | 2.44 | 4.08,0,0.98 | 1.64 | 3.86,0.548,0.000,0,1,0,0,0,0,-1,0,0,0,,0,,0,,0,0,0,1
1723722896,194,2,1,8,8,8.966,0,0,0.11 | 0.11 | 0.11,0,1.03 | 2.44 | 4.08,0,0.98 | 1.64 | 3.86,0.548,0.000,0,1,0,0,0,0,-1,0,0,0,,0,,0,,0,0,0,1
1723722896,194,2,1,8,8,8.966,0,0,0.11 | 0.11 | 0.11,0,1.03 | 2.44 | 4.08,0,0.98 | 1.64 | 3.86,0.548,0.000,0,1,0,0,0,0,-1,0,0,0,,0,,0,,0,0,0,1
1723722897,194,2,1,8,8,8.966,0,0,0.11 | 0.11 | 0.11,0,1.03 | 2.44 | 4.08,0,0.98 | 1.64 | 3.86,0.548,0.000,0,1,0,0,0,0,-1,0,0,0,,0,,0,,0,0,0,1
1723722897,194,2,1,8,8,8.966,0,0,0.11 | 0.11 | 0.11,0,1.03 | 2.44 | 4.08,0,0.98 | 1.64 | 3.86,0.548,0.000,0,1,0,0,0,0,-1,0,0,0,,0,,0,,0,0,0,1
1723722897,194,2,1,8,8,8.966,0,0,0.11 | 0.11 | 0.11,0,1.03 | 2.44 | 4.08,0,0.98 | 1.64 | 3.86,0.548,0.000,0,1,0,0,0,0,-1,0,0,0,,0,,0,,0,0,0,1
1723722897,194,2,1,8,8,8.966,0,0,0.11 | 0.11 | 0.11,0,1.03 | 2.44 | 4.08,0,0.98 | 1.64 | 3.86,0.548,0.000,0,1,0,0,0,0,-1,0,0,0,,0,,0,,0,0,0,1
1723722897,194,1,1,8,8,8.966,0,0,0.11 | 0.11 | 0.11,0,1.03 | 2.44 | 4.08,0,0.98 | 1.64 | 3.86,0.548,0.000,0,1,0,0,0,0,-1,0,0,0,,0,,0,,0,0,0,1
1723722897,194,1,1,8,8,12.704,0,0,0.11 | 0.11 | 0.11,0,1.03 | 2.07 | 4.08,0,0.98 | 1.93 | 3.86,0.566,0.000,0,1,0,0,0,0,-1,0,0,0,,0,,0,,0,0,0,1
1723722897,194,1,1,8,8,12.704,0,0,0.11 | 0.11 | 0.11,0,1.03 | 2.07 | 4.08,0,0.98 | 1.93 | 3.86,0.566,0.000,0,1,0,0,0,0,-1,0,0,0,,0,,0,,0,0,0,1
1723722897,194,1,1,8,8,12.704,0,0,0.11 | 0.11 | 0.11,0,1.03 | 2.07 | 4.08,0,0.98 | 1.93 | 3.86,0.566,0.000,0,1,0,0,0,0,-1,0,0,0,,0,,0,,0,0,0,1
1723722897,194,1,1,8,8,12.704,0,0,0.11 | 0.11 | 0.11,0,1.03 | 2.07 | 4.08,0,0.98 | 1.93 | 3.86,0.566,0.000,0,1,0,0,0,0,-1,0,0,0,,0,,0,,0,0,0,1
1723722897,194,1,1,8,8,12.704,0,0,0.11 | 0.11 | 0.11,0,1.03 | 2.07 | 4.08,0,0.98 | 1.93 | 3.86,0.566,0.000,0,1,0,0,0,0,-1,0,0,0,,0,,0,,0,0,0,1
1723722898,194,1,1,8,8,12.704,0,0,0.11 | 0.11 | 0.11,0,1.03 | 2.07 | 4.08,0,0.98 | 1.93 | 3.86,0.566,0.000,0,1,0,0,0,0,-1,0,0,0,,0,,0,,0,0,0,1
1723722898,194,1,1,8,8,12.704,0,0,0.11 | 0.11 | 0.11,0,1.03 | 2.07 | 4.08,0,0.98 | 1.93 | 3.86,0.566,0.000,0,1,0,0,0,0,-1,0,0,0,,0,,0,,0,0,0,1
1723722898,194,1,1,8,8,12.704,0,0,0.11 | 0.11 | 0.11,0,1.03 | 2.07 | 4.08,0,0.98 | 1.93 | 3.86,0.566,0.000,0,1,0,0,0,0,-1,0,0,0,,0,,0,,0,0,0,1
1723722898,194,1,1,8,8,12.704,0,0,0.11 | 0.11 | 0.11,0,1.03 | 2.07 | 4.08,0,0.98 | 1.93 | 3.86,0.566,0.000,0,1,0,0,0,0,-1,0,0,0,,0,,0,,0,0,0,1
1723722898,194,1,1,8,8,12.704,0,0,0.11 | 0.11 | 0.11,0,1.03 | 2.07 | 4.08,0,0.98 | 1.93 | 3.86,0.566,0.000,0,1,0,0,0,0,-1,0,0,0,,0,,0,,0,0,0,1
1723722898,194,1,1,8,8,11.588,0,0,0.11 | 0.11 | 0.11,0,1.03 | 2.07 | 4.08,0,0.98 | 1.93 | 3.86,0.566,0.000,0,1,0,0,0,0,-1,0,0,0,,0,,0,,0,0,0,1
1723722898,194,1,1,8,8,11.588,0,0,0.11 | 0.11 | 0.11,0,1.03 | 2.07 | 4.08,0,0.98 | 1.93 | 3.86,0.566,0.000,0,1,0,0,0,0,-1,0,0,0,,0,,0,,0,0,0,1
1723722898,194,1,1,8,8,11.588,0,0,0.11 | 0.11 | 0.11,0,1.03 | 2.07 | 4.08,0,0.98 | 1.93 | 3.86,0.566,0.000,0,1,0,0,0,0,-1,0,0,0,,0,,0,,0,0,0,1
1723722898,194,1,1,8,8,11.588,0,0,0.11 | 0.11 | 0.11,0,1.03 | 2.07 | 4.08,0,0.98 | 1.93 | 3.86,0.566,0.000,0,1,0,0,0,0,-1,0,0,0,,0,,0,,0,0,0,1
1723722898,194,1,1,8,8,11.588,0,0,0.11 | 0.11 | 0.11,0,1.03 | 2.07 | 4.08,0,0.98 | 1.93 | 3.86,0.566,0.000,0,1,0,0,0,0,-1,0,0,0,,0,,0,,0,0,0,1
1723722899,194,1,1,8,8,11.588,0,0,0.11 | 0.11 | 0.11,0,1.03 | 2.07 | 4.08,0,0.98 | 1.93 | 3.86,0.566,0.000,0,1,0,0,0,0,-1,0,0,0,,0,,0,,0,0,0,1
1723722899,194,1,1,8,8,11.588,0,0,0.11 | 0.11 | 0.11,0,1.03 | 2.07 | 4.08,0,0.98 | 1.93 | 3.86,0.566,0.000,0,1,0,0,0,0,-1,0,0,0,,0,,0,,0,0,0,1
1723722899,194,1,1,8,8,11.588,0,0,0.11 | 0.11 | 0.11,0,1.03 | 2.07 | 4.08,0,0.98 | 1.93 | 3.86,0.566,0.000,0,1,0,0,0,0,-1,0,0,0,,0,,0,,0,0,0,1
1723722899,194,1,1,8,8,11.588,0,0,0.11 | 0.11 | 0.11,0,1.03 | 2.07 | 4.08,0,0.98 | 1.93 | 3.86,0.566,0.000,0,1,0,0,0,0,-1,0,0,0,,0,,0,,0,0,0,1
1723722899,194,1,1,8,8,11.588,0,0,0.11 | 0.11 | 0.11,0,1.03 | 2.07 | 4.08,0,0.98 | 1.93 | 3.86,0.566,0.000,0,1,0,0,0,0,-1,0,0,0,,0,,0,,0,0,0,1
1723722899,194,1,1,8,8,10.844,0,0,0.11 | 0.11 | 0.11,0,1.03 | 2.07 | 4.08,0,0.98 | 1.93 | 3.86,0.566,0.000,0,1,0,0,0,0,-1,0,0,0,,0,,0,,0,0,0,1
1723722899,194,1,1,8,8,10.844,0,0,0.11 | 0.11 | 0.11,0,1.03 | 2.07 | 4.08,0,0.98 | 1.93 | 3.86,0.566,0.000,0,1,0,0,0,0,-1,0,0,0,,0,,0,,0,0,0,1
1723722899,194,1,1,8,8,10.844,0,0,0.11 | 0.11 | 0.11,0,1.03 | 2.07 | 4.08,0,0.98 | 1.93 | 3.86,0.566,0.000,0,1,0,0,0,0,-1,0,0,0,,0,,0,,0,0,0,1
1723722899,194,1,1,8,8,10.844,0,0,0.11 | 0.11 | 0.11,0,1.03 | 2.07 | 4.08,0,0.98 | 1.93 | 3.86,0.566,0.000,0,1,0,0,0,0,-1,0,0,0,,0,,0,,0,0,0,1
1723722899,194,1,1,8,8,10.844,0,0,0.11 | 0.11 | 0.11,0,1.03 | 2.07 | 4.08,0,0.98 | 1.93 | 3.86,0.566,0.000,0,1,0,0,0,0,-1,0,0,0,,0,,0,,0,0,0,1
1723722900,194,1,1,8,8,10.844,0,0,0.11 | 0.11 | 0.11,0,1.03 | 2.07 | 4.08,0,0.98 | 1.93 | 3.86,0.566,0.000,0,1,0,0,0,0,-1,0,0,0,,0,,0,,0,0,0,1
1723722900,194,1,1,8,8,10.844,0,0,0.11 | 0.11 | 0.11,0,1.03 | 2.07 | 4.08,0,0.98 | 1.93 | 3.86,0.566,0.000,0,1,0,0,0,0,-1,0,0,0,,0,,0,,0,0,0,1
1723722900,194,1,1,8,8,10.844,0,0,0.11 | 0.11 | 0.11,0,1.03 | 2.07 | 4.08,0,0.98 | 1.93 | 3.86,0.566,0.000,0,1,0,0,0,0,-1,0,0,0,,0,,0,,0,0,0,1
1723722900,194,1,1,8,8,10.844,0,0,0.11 | 0.11 | 0.11,0,1.03 | 2.07 | 4.08,0,0.98 | 1.93 | 3.86,0.566,0.000,0,1,0,0,0,0,-1,0,0,0,,0,,0,,0,0,0,1
1723722900,194,1,1,8,8,10.844,0,0,0.11 | 0.11 | 0.11,0,1.03 | 2.07 | 4.08,0,0.98 | 1.93 | 3.86,0.566,0.000,0,1,0,0,0,0,-1,0,0,0,,0,,0,,0,0,0,1
1723722900,194,1,1,8,8,12.935,0,0,0.11 | 0.11 | 0.11,0,1.03 | 1.34 | 1.61,0,2.48 | 2.99 | 3.86,0.609,0.000,0,1,0,0,0,0,-1,0,0,0,,0,,0,,0,0,0,1
1723722900,194,1,1,8,8,12.935,0,0,0.11 | 0.11 | 0.11,0,1.03 | 1.34 | 1.61,0,2.48 | 2.99 | 3.86,0.609,0.000,0,1,0,0,0,0,-1,0,0,0,,0,,0,,0,0,0,1
1723722900,194,1,1,8,8,12.935,0,0,0.11 | 0.11 | 0.11,0,1.03 | 1.34 | 1.61,0,2.48 | 2.99 | 3.86,0.609,0.000,0,1,0,0,0,0,-1,0,0,0,,0,,0,,0,0,0,1
1723722900,194,1,1,8,8,12.935,0,0,0.11 | 0.11 | 0.11,0,1.03 | 1.34 | 1.61,0,2.48 | 2.99 | 3.86,0.609,0.000,0,1,0,0,0,0,-1,0,0,0,,0,,0,,0,0,0,1
1723722900,194,1,1,8,8,12.935,0,0,0.11 | 0.11 | 0.11,0,1.03 | 1.34 | 1.61,0,2.48 | 2.99 | 3.86,0.609,0.000,0,1,0,0,0,0,-1,0,0,0,,0,,0,,0,0,0,1
1723722901,194,1,1,8,8,12.935,0,0,0.11 | 0.11 | 0.11,0,1.03 | 1.34 | 1.61,0,2.48 | 2.99 | 3.86,0.609,0.000,0,1,0,0,0,0,-1,0,0,0,,0,,0,,0,0,0,1
1723722901,194,1,1,8,8,12.935,0,0,0.11 | 0.11 | 0.11,0,1.03 | 1.34 | 1.61,0,2.48 | 2.99 | 3.86,0.609,0.000,0,1,0,0,0,0,-1,0,0,0,,0,,0,,0,0,0,1
1723722901,194,1,1,8,8,12.935,0,0,0.11 | 0.11 | 0.11,0,1.03 | 1.34 | 1.61,0,2.48 | 2.99 | 3.86,0.609,0.000,0,1,0,0,0,0,-1,0,0,0,,0,,0,,0,0,0,1
1723722901,194,1,1,8,8,12.935,0,0,0.11 | 0.11 | 0.11,0,1.03 | 1.34 | 1.61,0,2.48 | 2.99 | 3.86,0.609,0.000,0,1,0,0,0,0,-1,0,0,0,,0,,0,,0,0,0,1
1723722901,194,1,1,8,8,12.935,0,0,0.11 | 0.11 | 0.11,0,1.03 | 1.34 | 1.61,0,2.48 | 2.99 | 3.86,0.609,0.000,0,1,0,0,0,0,-1,0,0,0,,0,,0,,0,0,0,1
1723722901,194,1,1,8,8,11.872,0,0,0.11 | 0.11 | 0.11,0,1.03 | 1.34 | 1.61,0,2.48 | 2.99 | 3.86,0.609,0.000,0,1,0,0,0,0,-1,0,0,0,,0,,0,,0,0,0,1
1723722901,194,1,1,8,8,11.872,0,0,0.11 | 0.11 | 0.11,0,1.03 | 1.34 | 1.61,0,2.48 | 2.99 | 3.86,0.609,0.000,0,1,0,0,0,0,-1,0,0,0,,0,,0,,0,0,0,1
1723722901,194,1,1,8,8,11.872,0,0,0.11 | 0.11 | 0.11,0,1.03 | 1.34 | 1.61,0,2.48 | 2.99 | 3.86,0.609,0.000,0,1,0,0,0,0,-1,0,0,0,,0,,0,,0,0,0,1
1723722901,194,1,1,8,8,11.872,0,0,0.11 | 0.11 | 0.11,0,1.03 | 1.34 | 1.61,0,2.48 | 2.99 | 3.86,0.609,0.000,0,1,0,0,0,0,-1,0,0,0,,0,,0,,0,0,0,1
1723722901,194,1,1,8,8,11.872,0,0,0.11 | 0.11 | 0.11,0,1.03 | 1.34 | 1.61,0,2.48 | 2.99 | 3.86,0.609,0.000,0,1,0,0,0,0,-1,0,0,0,,0,,0,,0,0,0,1
1723722902,194,1,1,8,8,11.872,0,0,0.11 | 0.11 | 0.11,0,1.03 | 1.34 | 1.61,0,2.48 | 2.99 | 3.86,0.609,0.000,0,1,0,0,0,0,-1,0,0,0,,0,,0,,0,0,0,1
1723722902,194,1,1,8,8,11.872,0,0,0.11 | 0.11 | 0.11,0,1.03 | 1.34 | 1.61,0,2.48 | 2.99 | 3.86,0.609,0.000,0,1,0,0,0,0,-1,0,0,0,,0,,0,,0,0,0,1
1723722902,194,1,1,8,8,11.872,0,0,0.11 | 0.11 | 0.11,0,1.03 | 1.34 | 1.61,0,2.48 | 2.99 | 3.86,0.609,0.000,0,1,0,0,0,0,-1,0,0,0,,0,,0,,0,0,0,1
1723722902,194,1,1,8,8,11.872,0,0,0.11 | 0.11 | 0.11,0,1.03 | 1.34 | 1.61,0,2.48 | 2.99 | 3.86,0.609,0.000,0,1,0,0,0,0,-1,0,0,0,,0,,0,,0,0,0,1
1723722902,194,1,1,8,8,11.872,0,0,0.11 | 0.11 | 0.11,0,1.03 | 1.34 | 1.61,0,2.48 | 2.99 | 3.86,0.609,0.000,0,1,0,0,0,0,-1,0,0,0,,0,,0,,0,0,0,1
1723722902,194,1,1,8,8,10.81,0,0,0.11 | 0.11 | 0.11,0,1.03 | 1.34 | 1.61,0,2.48 | 2.99 | 3.86,0.609,0.000,0,1,0,0,0,0,-1,0,0,0,,0,,0,,0,0,0,1
1723722902,194,1,1,8,8,10.81,0,0,0.11 | 0.11 | 0.11,0,1.03 | 1.34 | 1.61,0,2.48 | 2.99 | 3.86,0.609,0.000,0,1,0,0,0,0,-1,0,0,0,,0,,0,,0,0,0,1
1723722902,194,1,1,8,8,10.81,0,0,0.11 | 0.11 | 0.11,0,1.03 | 1.34 | 1.61,0,2.48 | 2.99 | 3.86,0.609,0.000,0,1,0,0,0,0,-1,0,0,0,,0,,0,,0,0,0,1
1723722902,194,1,1,8,8,10.81,0,0,0.11 | 0.11 | 0.11,0,1.03 | 1.34 | 1.61,0,2.48 | 2.99 | 3.86,0.609,0.000,0,1,0,0,0,0,-1,0,0,0,,0,,0,,0,0,0,1
1723722902,194,1,1,8,8,10.81,0,0,0.11 | 0.11 | 0.11,0,1.03 | 1.34 | 1.61,0,2.48 | 2.99 | 3.86,0.609,0.000,0,1,0,0,0,0,-1,0,0,0,,0,,0,,0,0,0,1
1723722903,194,1,1,8,8,10.81,0,0,0.11 | 0.11 | 0.11,0,1.03 | 1.34 | 1.61,0,2.48 | 2.99 | 3.86,0.609,0.000,0,1,0,0,0,0,-1,0,0,0,,0,,0,,0,0,0,1
1723722903,194,1,1,8,8,10.81,0,0,0.11 | 0.11 | 0.11,0,1.03 | 1.34 | 1.61,0,2.48 | 2.99 | 3.86,0.609,0.000,0,1,0,0,0,0,-1,0,0,0,,0,,0,,0,0,0,1
1723722903,194,1,1,8,8,10.81,0,0,0.11 | 0.11 | 0.11,0,1.03 | 1.34 | 1.61,0,2.48 | 2.99 | 3.86,0.609,0.000,0,1,0,0,0,0,-1,0,0,0,,0,,0,,0,0,0,1
1723722903,194,1,1,8,8,10.81,0,0,0.11 | 0.11 | 0.11,0,1.03 | 1.34 | 1.61,0,2.48 | 2.99 | 3.86,0.609,0.000,0,1,0,0,0,0,-1,0,0,0,,0,,0,,0,0,0,1
1723722903,194,1,1,8,8,10.81,0,0,0.11 | 0.11 | 0.11,0,1.03 | 1.34 | 1.61,0,2.48 | 2.99 | 3.86,0.609,0.000,0,1,0,0,0,0,-1,0,0,0,,0,,0,,0,0,0,1
1723722903,194,1,1,8,8,14.641,0,0,0.11 | 0.11 | 0.12,0,1.03 | 1.37 | 1.68,0,2.38 | 2.91 | 3.86,0.606,0.000,0,1,0,0,0,0,-1,0,0,0,,0,,0,,0,0,0,1
1723722903,194,1,1,8,8,14.641,0,0,0.11 | 0.11 | 0.12,0,1.03 | 1.37 | 1.68,0,2.38 | 2.91 | 3.86,0.606,0.000,0,1,0,0,0,0,-1,0,0,0,,0,,0,,0,0,0,1
1723722903,194,1,1,8,8,14.641,0,0,0.11 | 0.11 | 0.12,0,1.03 | 1.37 | 1.68,0,2.38 | 2.91 | 3.86,0.606,0.000,0,1,0,0,0,0,-1,0,0,0,,0,,0,,0,0,0,1
1723722903,194,1,1,8,8,14.641,0,0,0.11 | 0.11 | 0.12,0,1.03 | 1.37 | 1.68,0,2.38 | 2.91 | 3.86,0.606,0.000,0,1,0,0,0,0,-1,0,0,0,,0,,0,,0,0,0,1
1723722903,194,1,1,8,8,14.641,0,0,0.11 | 0.11 | 0.12,0,1.03 | 1.37 | 1.68,0,2.38 | 2.91 | 3.86,0.606,0.000,0,1,0,0,0,0,-1,0,0,0,,0,,0,,0,0,0,1
1723722904,194,1,1,8,8,14.641,0,0,0.11 | 0.11 | 0.12,0,1.03 | 1.37 | 1.68,0,2.38 | 2.91 | 3.86,0.606,0.000,0,1,0,0,0,0,-1,0,0,0,,0,,0,,0,0,0,1
1723722904,194,1,1,8,8,14.641,0,0,0.11 | 0.11 | 0.12,0,1.03 | 1.37 | 1.68,0,2.38 | 2.91 | 3.86,0.606,0.000,0,1,0,0,0,0,-1,0,0,0,,0,,0,,0,0,0,1
1723722904,194,1,1,8,8,14.641,0,0,0.11 | 0.11 | 0.12,0,1.03 | 1.37 | 1.68,0,2.38 | 2.91 | 3.86,0.606,0.000,0,1,0,0,0,0,-1,0,0,0,,0,,0,,0,0,0,1
1723722904,194,1,1,8,8,14.641,0,0,0.11 | 0.11 | 0.12,0,1.03 | 1.37 | 1.68,0,2.38 | 2.91 | 3.86,0.606,0.000,0,1,0,0,0,0,-1,0,0,0,,0,,0,,0,0,0,1
1723722904,194,1,1,8,8,14.641,0,0,0.11 | 0.11 | 0.12,0,1.03 | 1.37 | 1.68,0,2.38 | 2.91 | 3.86,0.606,0.000,0,1,0,0,0,0,-1,0,0,0,,0,,0,,0,0,0,1
1723722904,194,1,1,8,8,13.75,0,0,0.11 | 0.11 | 0.12,0,1.03 | 1.37 | 1.68,0,2.38 | 2.91 | 3.86,0.606,0.000,0,1,0,0,0,0,-1,0,0,0,,0,,0,,0,0,0,1
1723722904,194,1,1,8,8,13.75,0,0,0.11 | 0.11 | 0.12,0,1.03 | 1.37 | 1.68,0,2.38 | 2.91 | 3.86,0.606,0.000,0,1,0,0,0,0,-1,0,0,0,,0,,0,,0,0,0,1
1723722904,194,1,1,8,8,13.75,0,0,0.11 | 0.11 | 0.12,0,1.03 | 1.37 | 1.68,0,2.38 | 2.91 | 3.86,0.606,0.000,0,1,0,0,0,0,-1,0,0,0,,0,,0,,0,0,0,1
1723722904,194,1,1,8,8,13.75,0,0,0.11 | 0.11 | 0.12,0,1.03 | 1.37 | 1.68,0,2.38 | 2.91 | 3.86,0.606,0.000,0,1,0,0,0,0,-1,0,0,0,,0,,0,,0,0,0,1
1723722904,194,1,1,8,8,13.75,0,0,0.11 | 0.11 | 0.12,0,1.03 | 1.37 | 1.68,0,2.38 | 2.91 | 3.86,0.606,0.000,0,1,0,0,0,0,-1,0,0,0,,0,,0,,0,0,0,1
1723722905,194,1,1,8,8,13.75,0,0,0.11 | 0.11 | 0.12,0,1.03 | 1.37 | 1.68,0,2.38 | 2.91 | 3.86,0.606,0.000,0,1,0,0,0,0,-1,0,0,0,,0,,0,,0,0,0,1
1723722905,194,1,1,8,8,13.75,0,0,0.11 | 0.11 | 0.12,0,1.03 | 1.37 | 1.68,0,2.38 | 2.91 | 3.86,0.606,0.000,0,1,0,0,0,0,-1,0,0,0,,0,,0,,0,0,0,1
1723722905,194,1,1,8,8,13.75,0,0,0.11 | 0.11 | 0.12,0,1.03 | 1.37 | 1.68,0,2.38 | 2.91 | 3.86,0.606,0.000,0,1,0,0,0,0,-1,0,0,0,,0,,0,,0,0,0,1
1723722905,194,1,1,8,8,13.75,0,0,0.11 | 0.11 | 0.12,0,1.03 | 1.37 | 1.68,0,2.38 | 2.91 | 3.86,0.606,0.000,0,1,0,0,0,0,-1,0,0,0,,0,,0,,0,0,0,1
1723722905,194,1,1,8,8,13.75,0,0,0.11 | 0.11 | 0.12,0,1.03 | 1.37 | 1.68,0,2.38 | 2.91 | 3.86,0.606,0.000,0,1,0,0,0,0,-1,0,0,0,,0,,0,,0,0,0,1
1723722905,194,1,1,8,8,12.688,0,0,0.11 | 0.11 | 0.12,0,1.03 | 1.37 | 1.68,0,2.38 | 2.91 | 3.86,0.606,0.000,0,1,0,0,0,0,-1,0,0,0,,0,,0,,0,0,0,1
1723722905,194,1,1,8,8,12.688,0,0,0.11 | 0.11 | 0.12,0,1.03 | 1.37 | 1.68,0,2.38 | 2.91 | 3.86,0.606,0.000,0,1,0,0,0,0,-1,0,0,0,,0,,0,,0,0,0,1
1723722905,194,1,1,8,8,12.688,0,0,0.11 | 0.11 | 0.12,0,1.03 | 1.37 | 1.68,0,2.38 | 2.91 | 3.86,0.606,0.000,0,1,0,0,0,0,-1,0,0,0,,0,,0,,0,0,0,1
1723722905,194,1,1,8,8,12.688,0,0,0.11 | 0.11 | 0.12,0,1.03 | 1.37 | 1.68,0,2.38 | 2.91 | 3.86,0.606,0.000,0,1,0,0,0,0,-1,0,0,0,,0,,0,,0,0,0,1
1723722905,194,1,1,8,8,12.688,0,0,0.11 | 0.11 | 0.12,0,1.03 | 1.37 | 1.68,0,2.38 | 2.91 | 3.86,0.606,0.000,0,1,0,0,0,0,-1,0,0,0,,0,,0,,0,0,0,1
1723722906,194,1,1,8,8,12.688,0,0,0.11 | 0.11 | 0.12,0,1.03 | 1.37 | 1.68,0,2.38 | 2.91 | 3.86,0.606,0.000,0,1,0,0,0,0,-1,0,0,0,,0,,0,,0,0,0,1
1723722906,194,1,1,8,8,12.688,0,0,0.11 | 0.11 | 0.12,0,1.03 | 1.37 | 1.68,0,2.38 | 2.91 | 3.86,0.606,0.000,0,1,0,0,0,0,-1,0,0,0,,0,,0,,0,0,0,1
1723722906,194,1,1,8,8,12.688,0,0,0.11 | 0.11 | 0.12,0,1.03 | 1.37 | 1.68,0,2.38 | 2.91 | 3.86,0.606,0.000,0,1,0,0,0,0,-1,0,0,0,,0,,0,,0,0,0,1
1723722906,194,1,1,8,8,12.688,0,0,0.11 | 0.11 | 0.12,0,1.03 | 1.37 | 1.68,0,2.38 | 2.91 | 3.86,0.606,0.000,0,1,0,0,0,0,-1,0,0,0,,0,,0,,0,0,0,1
1723722906,194,1,1,8,8,12.688,0,0,0.11 | 0.11 | 0.12,0,1.03 | 1.37 | 1.68,0,2.38 | 2.91 | 3.86,0.606,0.000,0,1,0,0,0,0,-1,0,0,0,,0,,0,,0,0,0,1
1723722906,194,1,1,8,8,11.625,0,0,0.11 | 0.11 | 0.12,0,1.03 | 1.37 | 1.68,0,2.38 | 2.91 | 3.86,0.606,0.000,0,1,0,0,0,0,-1,0,0,0,,0,,0,,0,0,0,1
1723722906,194,1,1,8,8,11.625,0,0,0.11 | 0.11 | 0.12,0,1.03 | 1.37 | 1.68,0,2.38 | 2.91 | 3.86,0.606,0.000,0,1,0,0,0,0,-1,0,0,0,,0,,0,,0,0,0,1
1723722906,194,1,1,8,8,11.625,0,0,0.11 | 0.11 | 0.12,0,1.03 | 1.37 | 1.68,0,2.38 | 2.91 | 3.86,0.606,0.000,0,1,0,0,0,0,-1,0,0,0,,0,,0,,0,0,0,1
1723722906,194,1,1,8,8,11.625,0,0,0.11 | 0.11 | 0.12,0,1.03 | 1.37 | 1.68,0,2.38 | 2.91 | 3.86,0.606,0.000,0,1,0,0,0,0,-1,0,0,0,,0,,0,,0,0,0,1
1723722906,194,1,1,8,8,11.625,0,0,0.11 | 0.11 | 0.12,0,1.03 | 1.37 | 1.68,0,2.38 | 2.91 | 3.86,0.606,0.000,0,1,0,0,0,0,-1,0,0,0,,0,,0,,0,0,0,1
1723722907,194,1,1,8,8,11.625,0,0,0.11 | 0.11 | 0.12,0,1.03 | 1.37 | 1.68,0,2.38 | 2.91 | 3.86,0.606,0.000,0,1,0,0,0,0,-1,0,0,0,,0,,0,,0,0,0,1
1723722907,194,1,1,8,8,11.625,0,0,0.11 | 0.11 | 0.12,0,1.03 | 1.37 | 1.68,0,2.38 | 2.91 | 3.86,0.606,0.000,0,1,0,0,0,0,-1,0,0,0,,0,,0,,0,0,0,1
1723722907,194,1,1,8,8,11.625,0,0,0.11 | 0.11 | 0.12,0,1.03 | 1.37 | 1.68,0,2.38 | 2.91 | 3.86,0.606,0.000,0,1,0,0,0,0,-1,0,0,0,,0,,0,,0,0,0,1
1723722907,194,1,1,8,8,11.625,0,0,0.11 | 0.11 | 0.12,0,1.03 | 1.37 | 1.68,0,2.38 | 2.91 | 3.86,0.606,0.000,0,1,0,0,0,0,-1,0,0,0,,0,,0,,0,0,0,1
1723722907,194,1,1,8,8,11.625,0,0,0.11 | 0.11 | 0.12,0,1.03 | 1.37 | 1.68,0,2.38 | 2.91 | 3.86,0.606,0.000,0,1,0,0,0,0,-1,0,0,0,,0,,0,,0,0,0,1
1723722907,194,1,1,8,8,10.829,0,0,0.11 | 0.11 | 0.12,0,1.03 | 1.37 | 1.68,0,2.38 | 2.91 | 3.86,0.606,0.000,0,1,0,0,0,0,-1,0,0,0,,0,,0,,0,0,0,1
1723722907,194,1,1,8,8,10.829,0,0,0.11 | 0.11 | 0.12,0,1.03 | 1.37 | 1.68,0,2.38 | 2.91 | 3.86,0.606,0.000,0,1,0,0,0,0,-1,0,0,0,,0,,0,,0,0,0,1
1723722907,194,1,1,8,8,10.829,0,0,0.11 | 0.11 | 0.12,0,1.03 | 1.37 | 1.68,0,2.38 | 2.91 | 3.86,0.606,0.000,0,1,0,0,0,0,-1,0,0,0,,0,,0,,0,0,0,1
1723722907,194,1,1,8,8,10.829,0,0,0.11 | 0.11 | 0.12,0,1.03 | 1.37 | 1.68,0,2.38 | 2.91 | 3.86,0.606,0.000,0,1,0,0,0,0,-1,0,0,0,,0,,0,,0,0,0,1
1723722907,194,1,1,8,8,10.829,0,0,0.11 | 0.11 | 0.12,0,1.03 | 1.37 | 1.68,0,2.38 | 2.91 | 3.86,0.606,0.000,0,1,0,0,0,0,-1,0,0,0,,0,,0,,0,0,0,1
1723722908,194,1,1,8,8,10.829,0,0,0.11 | 0.11 | 0.12,0,1.03 | 1.37 | 1.68,0,2.38 | 2.91 | 3.86,0.606,0.000,0,1,0,0,0,0,-1,0,0,0,,0,,0,,0,0,0,1
1723722908,194,1,1,8,8,10.829,0,0,0.11 | 0.11 | 0.12,0,1.03 | 1.37 | 1.68,0,2.38 | 2.91 | 3.86,0.606,0.000,0,1,0,0,0,0,-1,0,0,0,,0,,0,,0,0,0,1
1723722908,194,1,1,8,8,10.829,0,0,0.11 | 0.11 | 0.12,0,1.03 | 1.37 | 1.68,0,2.38 | 2.91 | 3.86,0.606,0.000,0,1,0,0,0,0,-1,0,0,0,,0,,0,,0,0,0,1
1723722908,194,1,1,8,8,10.829,0,0,0.11 | 0.11 | 0.12,0,1.03 | 1.37 | 1.68,0,2.38 | 2.91 | 3.86,0.606,0.000,0,1,0,0,0,0,-1,0,0,0,,0,,0,,0,0,0,1
1723722908,194,1,1,8,8,10.829,0,0,0.11 | 0.11 | 0.12,0,1.03 | 1.37 | 1.68,0,2.38 | 2.91 | 3.86,0.606,0.000,0,1,0,0,0,0,-1,0,0,0,,0,,0,,0,0,0,1
1723722908,194,1,1,8,8,12.788,0,0,0.11 | 0.11 | 0.12,0,1.04 | 1.38 | 1.68,0,2.38 | 2.91 | 3.84,0.618,0.000,0,1,0,0,0,0,-1,0,0,0,,0,,0,,0,0,0,1
1723722908,194,1,1,8,8,12.788,0,0,0.11 | 0.11 | 0.12,0,1.04 | 1.38 | 1.68,0,2.38 | 2.91 | 3.84,0.618,0.000,0,1,0,0,0,0,-1,0,0,0,,0,,0,,0,0,0,1
1723722908,194,1,1,8,8,12.788,0,0,0.11 | 0.11 | 0.12,0,1.04 | 1.38 | 1.68,0,2.38 | 2.91 | 3.84,0.618,0.000,0,1,0,0,0,0,-1,0,0,0,,0,,0,,0,0,0,1
1723722908,194,1,1,8,8,12.788,0,0,0.11 | 0.11 | 0.12,0,1.04 | 1.38 | 1.68,0,2.38 | 2.91 | 3.84,0.618,0.000,0,1,0,0,0,0,-1,0,0,0,,0,,0,,0,0,0,1
1723722908,194,1,1,8,8,12.788,0,0,0.11 | 0.11 | 0.12,0,1.04 | 1.38 | 1.68,0,2.38 | 2.91 | 3.84,0.618,0.000,0,1,0,0,0,0,-1,0,0,0,,0,,0,,0,0,0,1
1723722909,194,1,1,8,8,12.788,0,0,0.11 | 0.11 | 0.12,0,1.04 | 1.38 | 1.68,0,2.38 | 2.91 | 3.84,0.618,0.000,0,1,0,0,0,0,-1,0,0,0,,0,,0,,0,0,0,1
1723722909,194,1,1,8,8,12.788,0,0,0.11 | 0.11 | 0.12,0,1.04 | 1.38 | 1.68,0,2.38 | 2.91 | 3.84,0.618,0.000,0,1,0,0,0,0,-1,0,0,0,,0,,0,,0,0,0,1
1723722909,194,1,1,8,8,12.788,0,0,0.11 | 0.11 | 0.12,0,1.04 | 1.38 | 1.68,0,2.38 | 2.91 | 3.84,0.618,0.000,0,1,0,0,0,0,-1,0,0,0,,0,,0,,0,0,0,1
1723722909,194,1,1,8,8,12.788,0,0,0.11 | 0.11 | 0.12,0,1.04 | 1.38 | 1.68,0,2.38 | 2.91 | 3.84,0.618,0.000,0,1,0,0,0,0,-1,0,0,0,,0,,0,,0,0,0,1
1723722909,194,1,1,8,8,12.788,0,0,0.11 | 0.11 | 0.12,0,1.04 | 1.38 | 1.68,0,2.38 | 2.91 | 3.84,0.618,0.000,0,1,0,0,0,0,-1,0,0,0,,0,,0,,0,0,0,1
1723722909,194,1,1,8,8,11.904,0,0,0.11 | 0.11 | 0.12,0,1.04 | 1.38 | 1.68,0,2.38 | 2.91 | 3.84,0.618,0.000,0,1,0,0,0,0,-1,0,0,0,,0,,0,,0,0,0,1
1723722909,194,1,1,8,8,11.904,0,0,0.11 | 0.11 | 0.12,0,1.04 | 1.38 | 1.68,0,2.38 | 2.91 | 3.84,0.618,0.000,0,1,0,0,0,0,-1,0,0,0,,0,,0,,0,0,0,1
1723722909,194,1,1,8,8,11.904,0,0,0.11 | 0.11 | 0.12,0,1.04 | 1.38 | 1.68,0,2.38 | 2.91 | 3.84,0.618,0.000,0,1,0,0,0,0,-1,0,0,0,,0,,0,,0,0,0,1
1723722909,194,1,1,8,8,11.904,0,0,0.11 | 0.11 | 0.12,0,1.04 | 1.38 | 1.68,0,2.38 | 2.91 | 3.84,0.618,0.000,0,1,0,0,0,0,-1,0,0,0,,0,,0,,0,0,0,1
1723722909,194,1,1,8,8,11.904,0,0,0.11 | 0.11 | 0.12,0,1.04 | 1.38 | 1.68,0,2.38 | 2.91 | 3.84,0.618,0.000,0,1,0,0,0,0,-1,0,0,0,,0,,0,,0,0,0,1
1723722910,194,1,1,8,8,11.904,0,0,0.11 | 0.11 | 0.12,0,1.04 | 1.38 | 1.68,0,2.38 | 2.91 | 3.84,0.618,0.000,0,1,0,0,0,0,-1,0,0,0,,0,,0,,0,0,0,1
1723722910,194,1,1,8,8,11.904,0,0,0.11 | 0.11 | 0.12,0,1.04 | 1.38 | 1.68,0,2.38 | 2.91 | 3.84,0.618,0.000,0,1,0,0,0,0,-1,0,0,0,,0,,0,,0,0,0,1
1723722910,194,1,1,8,8,11.904,0,0,0.11 | 0.11 | 0.12,0,1.04 | 1.38 | 1.68,0,2.38 | 2.91 | 3.84,0.618,0.000,0,1,0,0,0,0,-1,0,0,0,,0,,0,,0,0,0,1
1723722910,194,1,1,8,8,11.904,0,0,0.11 | 0.11 | 0.12,0,1.04 | 1.38 | 1.68,0,2.38 | 2.91 | 3.84,0.618,0.000,0,1,0,0,0,0,-1,0,0,0,,0,,0,,0,0,0,1
1723722910,194,1,1,8,8,11.904,0,0,0.11 | 0.11 | 0.12,0,1.04 | 1.38 | 1.68,0,2.38 | 2.91 | 3.84,0.618,0.000,0,1,0,0,0,0,-1,0,0,0,,0,,0,,0,0,0,1
1723722910,194,1,1,8,8,10.841,0,0,0.11 | 0.11 | 0.12,0,1.04 | 1.38 | 1.68,0,2.38 | 2.91 | 3.84,0.618,0.000,0,1,0,0,0,0,-1,0,0,0,,0,,0,,0,0,0,1
1723722910,194,1,1,8,8,10.841,0,0,0.11 | 0.11 | 0.12,0,1.04 | 1.38 | 1.68,0,2.38 | 2.91 | 3.84,0.618,0.000,0,1,0,0,0,0,-1,0,0,0,,0,,0,,0,0,0,1
1723722910,194,1,1,8,8,10.841,0,0,0.11 | 0.11 | 0.12,0,1.04 | 1.38 | 1.68,0,2.38 | 2.91 | 3.84,0.618,0.000,0,1,0,0,0,0,-1,0,0,0,,0,,0,,0,0,0,1
1723722910,194,1,1,8,8,10.841,0,0,0.11 | 0.11 | 0.12,0,1.04 | 1.38 | 1.68,0,2.38 | 2.91 | 3.84,0.618,0.000,0,1,0,0,0,0,-1,0,0,0,,0,,0,,0,0,0,1
1723722910,194,1,1,8,8,10.841,0,0,0.11 | 0.11 | 0.12,0,1.04 | 1.38 | 1.68,0,2.38 | 2.91 | 3.84,0.618,0.000,0,1,0,0,0,0,-1,0,0,0,,0,,0,,0,0,0,1
1723722911,194,1,1,8,8,10.841,0,0,0.11 | 0.11 | 0.12,0,1.04 | 1.38 | 1.68,0,2.38 | 2.91 | 3.84,0.618,0.000,0,1,0,0,0,0,-1,0,0,0,,0,,0,,0,0,0,1
1723722911,194,1,1,8,8,10.841,0,0,0.11 | 0.11 | 0.12,0,1.04 | 1.38 | 1.68,0,2.38 | 2.91 | 3.84,0.618,0.000,0,1,0,0,0,0,-1,0,0,0,,0,,0,,0,0,0,1
1723722911,194,1,1,8,8,10.841,0,0,0.11 | 0.11 | 0.12,0,1.04 | 1.38 | 1.68,0,2.38 | 2.91 | 3.84,0.618,0.000,0,1,0,0,0,0,-1,0,0,0,,0,,0,,0,0,0,1
1723722911,194,1,1,8,8,10.841,0,0,0.11 | 0.11 | 0.12,0,1.04 | 1.38 | 1.68,0,2.38 | 2.91 | 3.84,0.618,0.000,0,1,0,0,0,0,-1,0,0,0,,0,,0,,0,0,0,1
1723722911,194,1,1,8,8,10.841,0,0,0.11 | 0.11 | 0.12,0,1.04 | 1.38 | 1.68,0,2.38 | 2.91 | 3.84,0.618,0.000,0,1,0,0,0,0,-1,0,0,0,,0,,0,,0,0,0,1
1723722911,194,1,1,8,8,14.718,0,0,0.11 | 0.11 | 0.12,0,1.04 | 1.38 | 1.68,0,2.38 | 2.89 | 3.84,0.596,0.000,0,1,0,0,0,0,-1,0,0,0,,0,,0,,0,0,0,1
1723722911,194,1,1,8,8,14.718,0,0,0.11 | 0.11 | 0.12,0,1.04 | 1.38 | 1.68,0,2.38 | 2.89 | 3.84,0.596,0.000,0,1,0,0,0,0,-1,0,0,0,,0,,0,,0,0,0,1
1723722911,194,1,1,8,8,14.718,0,0,0.11 | 0.11 | 0.12,0,1.04 | 1.38 | 1.68,0,2.38 | 2.89 | 3.84,0.596,0.000,0,1,0,0,0,0,-1,0,0,0,,0,,0,,0,0,0,1
1723722911,194,1,1,8,8,14.718,0,0,0.11 | 0.11 | 0.12,0,1.04 | 1.38 | 1.68,0,2.38 | 2.89 | 3.84,0.596,0.000,0,1,0,0,0,0,-1,0,0,0,,0,,0,,0,0,0,1
1723722911,194,1,1,8,8,14.718,0,0,0.11 | 0.11 | 0.12,0,1.04 | 1.38 | 1.68,0,2.38 | 2.89 | 3.84,0.596,0.000,0,1,0,0,0,0,-1,0,0,0,,0,,0,,0,0,0,1
1723722912,194,1,1,8,8,14.718,0,0,0.11 | 0.11 | 0.12,0,1.04 | 1.38 | 1.68,0,2.38 | 2.89 | 3.84,0.596,0.000,0,1,0,0,0,0,-1,0,0,0,,0,,0,,0,0,0,1
1723722912,194,1,1,8,8,14.718,0,0,0.11 | 0.11 | 0.12,0,1.04 | 1.38 | 1.68,0,2.38 | 2.89 | 3.84,0.596,0.000,0,1,0,0,0,0,-1,0,0,0,,0,,0,,0,0,0,1
1723722912,194,1,1,8,8,14.718,0,0,0.11 | 0.11 | 0.12,0,1.04 | 1.38 | 1.68,0,2.38 | 2.89 | 3.84,0.596,0.000,0,1,0,0,0,0,-1,0,0,0,,0,,0,,0,0,0,1
1723722912,194,1,1,8,8,14.718,0,0,0.11 | 0.11 | 0.12,0,1.04 | 1.38 | 1.68,0,2.38 | 2.89 | 3.84,0.596,0.000,0,1,0,0,0,0,-1,0,0,0,,0,,0,,0,0,0,1
1723722912,194,1,1,8,8,14.718,0,0,0.11 | 0.11 | 0.12,0,1.04 | 1.38 | 1.68,0,2.38 | 2.89 | 3.84,0.596,0.000,0,1,0,0,0,0,-1,0,0,0,,0,,0,,0,0,0,1
1723722912,194,1,1,8,8,13.766,0,0,0.11 | 0.11 | 0.12,0,1.04 | 1.38 | 1.68,0,2.38 | 2.89 | 3.84,0.596,0.000,0,1,0,0,0,0,-1,0,0,0,,0,,0,,0,0,0,1
1723722912,194,1,1,8,8,13.766,0,0,0.11 | 0.11 | 0.12,0,1.04 | 1.38 | 1.68,0,2.38 | 2.89 | 3.84,0.596,0.000,0,1,0,0,0,0,-1,0,0,0,,0,,0,,0,0,0,1
1723722912,194,1,1,8,8,13.766,0,0,0.11 | 0.11 | 0.12,0,1.04 | 1.38 | 1.68,0,2.38 | 2.89 | 3.84,0.596,0.000,0,1,0,0,0,0,-1,0,0,0,,0,,0,,0,0,0,1
1723722912,194,1,1,8,8,13.766,0,0,0.11 | 0.11 | 0.12,0,1.04 | 1.38 | 1.68,0,2.38 | 2.89 | 3.84,0.596,0.000,0,1,0,0,0,0,-1,0,0,0,,0,,0,,0,0,0,1
